record_id,natural_parent_ccd,natural_parent_name,derivative_ccd,derivative_name,modification_type,modified_position,delta_hbd,delta_hba,delta_tpsa,delta_clogp,delta_rotatable_bonds,solubility_direction,solubility_basis,permeability_direction,permeability_basis,stability_direction,stability_basis,direct_experimental_property,overall_evidence_tier,important_boundary
ALA__02K,ALA,丙氨酸,02K,1-aminocyclohexanecarboxylic acid,侧链延长／增大,新增基团连接到母体的碳原子,0,0,0,1.315,0,likely_decrease,structure_rule,uncertain,structure_rule,uncertain,no_property_experiment,activity_or_binding,property_specific_experiment,这是特定线性趋化三肽的活性结果，不是渗透性、稳定性、溶解度或口服吸收实验。
ALA__02O,ALA,丙氨酸,02O,"3-(3-tert-butyl-1,2,4-oxadiazol-5-yl)-L-alanine",羟基化／氧化还原,新增基团连接到母体的碳原子,0,3,38.92,0.903,2,uncertain,structure_rule,uncertain,structure_rule,uncertain,no_property_experiment,none,prediction_only,计算描述符只能提示方向，不能等同于实测溶解度、渗透性、稳定性或口服吸收。
ALA__02Y,ALA,丙氨酸,02Y,6-diazonio-5-oxo-L-norleucine,羟基化／氧化还原,新增基团连接到母体的碳原子,0,2,45.22,0.183,4,uncertain,structure_rule,likely_decrease,structure_rule,uncertain,no_property_experiment,none,prediction_only,计算描述符只能提示方向，不能等同于实测溶解度、渗透性、稳定性或口服吸收。
ALA__0CS,ALA,丙氨酸,0CS,3-[(S)-HYDROPEROXYSULFINYL]-L-ALANINE,羟基化／氧化还原,新增基团连接到母体的碳原子,1,3,46.53,-0.866,3,likely_increase,structure_rule,likely_decrease,structure_rule,uncertain,no_property_experiment,none,prediction_only,计算描述符只能提示方向，不能等同于实测溶解度、渗透性、稳定性或口服吸收。
ALA__0FL,ALA,丙氨酸,0FL,3-amino-N-formyl-L-alanine,N-取代／酰化,新增基团连接到母体的氮原子、碳原子,1,1,29.1,-1.274,3,likely_increase,structure_rule,likely_decrease,structure_rule,likely_increase,structure_rule,none,context_reference,当前记录没有本CCD的单点性质对照；同类论文只用于给出筛选方向。
ALA__1AC,ALA,丙氨酸,1AC,1-AMINOCYCLOPROPANECARBOXYLIC ACID,其他官能团替换,新增基团连接到母体的碳原子,0,0,0,0.144,0,uncertain,structure_rule,uncertain,structure_rule,uncertain,no_property_experiment,conformational_behavior,property_specific_experiment,这是构象性质的直接证据，不等于药代性质或口服性证据。
ALA__1L1,ALA,丙氨酸,1L1,3-cyclohexyl-N-sulfamoyl-D-alanine,N-取代／酰化,新增基团连接到母体的碳原子、氮原子,1,1,46.17,0.785,4,uncertain,structure_rule,uncertain,structure_rule,likely_increase,structure_rule,none,context_reference,当前记录没有本CCD的单点性质对照；同类论文只用于给出筛选方向。
ALA__1PI,ALA,丙氨酸,1PI,(3R)-3-[(2S)-2-amino-3-oxopropyl]piperidine-1-carboximidamide,构象限制型成环,新增6个C、1个H、3个N；母体中少了1个O；新增部分连接到母体原子1（C）,1,1,32.88,0.09,2,likely_increase,structure_rule,likely_decrease,structure_rule,likely_increase,structure_rule,none,prediction_only,计算描述符只能提示方向，不能等同于实测溶解度、渗透性、稳定性或口服吸收。
ALA__23P,ALA,丙氨酸,23P,3-(propanoylamino)-L-alanine,羟基化／氧化还原,新增基团连接到母体的碳原子,1,1,29.1,-0.493,3,likely_increase,structure_rule,likely_decrease,structure_rule,uncertain,no_property_experiment,none,prediction_only,计算描述符只能提示方向，不能等同于实测溶解度、渗透性、稳定性或口服吸收。
ALA__2AG,ALA,丙氨酸,2AG,(2S)-2-aminopent-4-enoic acid,侧链延长／增大,新增基团连接到母体的碳原子,0,0,0,0.556,2,likely_decrease,structure_rule,uncertain,structure_rule,uncertain,no_property_experiment,none,prediction_only,这是一条设计建议，不是性质结论；最终必须用同一肽骨架的母体/衍生物配对实验确认。
ALA__2RA,ALA,丙氨酸,2RA,3-amino-D-alanine,极性或带电基团,新增基团连接到母体的碳原子,1,1,26.02,-1.061,1,likely_increase,structure_rule,likely_decrease,structure_rule,uncertain,no_property_experiment,none,prediction_only,计算描述符只能提示方向，不能等同于实测溶解度、渗透性、稳定性或口服吸收。
ALA__33W,ALA,丙氨酸,33W,3-(5-bromothiophen-2-yl)-L-alanine,卤代,新增基团连接到母体的碳原子,0,1,0,2.047,2,likely_decrease,structure_rule,uncertain,structure_rule,uncertain,no_property_experiment,none,context_reference,论文支持的是同一种改造思路，不是这个CCD残基在当前肽中的单点对照。它只能用于决定先试哪些位置，不能写成该残基已经确定改善性质。
ALA__3GA,ALA,丙氨酸,3GA,(3S)-3-[(2S)-2-amino-3-oxopropyl]piperidine-1-carboximidamide,构象限制型成环,新增6个C、1个H、3个N；母体中少了1个O；新增部分连接到母体原子1（C）,1,1,32.88,0.09,2,likely_increase,structure_rule,likely_decrease,structure_rule,likely_increase,structure_rule,none,prediction_only,计算描述符只能提示方向，不能等同于实测溶解度、渗透性、稳定性或口服吸收。
ALA__3WS,ALA,丙氨酸,3WS,"N,2-dimethyl-L-alanine",N-取代／酰化,新增基团连接到母体的碳原子、氮原子,0,0,-13.99,0.651,1,likely_decrease,structure_rule,likely_increase,structure_rule,likely_increase,structure_rule,none,context_reference,当前记录没有本CCD的单点性质对照；同类论文只用于给出筛选方向。
ALA__4U7,ALA,丙氨酸,4U7,"[(5S)-5-amino-5-carboxy-6,6-difluorohexyl](trihydroxy)borate(1-)",卤代,"官方CCD化学名称“[(5S)-5-amino-5-carboxy-6,6-difluorohexyl](trihydroxy)borate(1-)”确定了改造区域；结构叠合覆盖天然母体100%。新增1个B、4个C、2个F、3个O；新增部分连接到母体原子1（C）、母体原子2（C）",3,3,60.69,-0.298,6,likely_increase,structure_rule,likely_decrease,structure_rule,uncertain,no_property_experiment,none,prediction_only,计算描述符只能提示方向，不能等同于实测溶解度、渗透性、稳定性或口服吸收。
ALA__4WQ,ALA,丙氨酸,4WQ,"(2S)-2-amino-7,7-dimethyloctanoic acid",侧链延长／增大,新增基团连接到母体的碳原子,0,0,0,2.587,4,likely_decrease,structure_rule,uncertain,structure_rule,uncertain,no_property_experiment,none,prediction_only,这是一条设计建议，不是性质结论；最终必须用同一肽骨架的母体/衍生物配对实验确认。
ALA__5AB,ALA,丙氨酸,5AB,[(5S)-5-amino-5-carboxyhexyl](trihydroxy)borate,羟基化／氧化还原,官方CCD化学名称“[(5S)-5-amino-5-carboxyhexyl](trihydroxy)borate”确定了改造区域；结构叠合覆盖天然母体100%。新增1个B、4个C、3个O；新增部分连接到母体原子1（C）、母体原子2（C）,3,3,60.69,-0.543,5,likely_increase,structure_rule,likely_decrease,structure_rule,uncertain,no_property_experiment,none,prediction_only,计算描述符只能提示方向，不能等同于实测溶解度、渗透性、稳定性或口服吸收。
ALA__5FQ,ALA,丙氨酸,5FQ,N-pentyl-L-alaninamide,构象限制型成环,新增5个C、1个N；母体中少了1个O；新增部分连接到母体原子3（C）；检测到1个立体中心方向变化,0,0,-8.2,1.222,4,likely_decrease,structure_rule,uncertain,structure_rule,likely_increase,structure_rule,none,prediction_only,这是一条设计建议，不是性质结论；最终必须用同一肽骨架的母体/衍生物配对实验确认。
ALA__5OH,ALA,丙氨酸,5OH,"(2S)-amino[(4R,6S)-2-amino-6-hydroxy-3,4,5,6-tetrahydropyrimidin-4-yl]ethanoic acid",羟基化／氧化还原,新增基团连接到母体的碳原子,3,4,70.64,-2.025,1,likely_increase,structure_rule,likely_decrease,structure_rule,uncertain,no_property_experiment,none,prediction_only,计算描述符只能提示方向，不能等同于实测溶解度、渗透性、稳定性或口服吸收。
ALA__5XU,ALA,丙氨酸,5XU,(2~{S})-2-azanylpropanal,复杂骨架重构,涉及多个原子和键的整体变化，不能可靠归为肽链上的一个替换原子,-1,0,-20.23,0.115,0,uncertain,structure_rule,uncertain,structure_rule,uncertain,no_property_experiment,none,prediction_only,结构重构分类不等于性质改善；需要完整构件的合成、构象和性质实验。
ALA__6GL,ALA,丙氨酸,6GL,5-(phosphonooxy)-L-norvaline,羟基化／氧化还原,新增基团连接到母体的碳原子,2,2,66.76,-0.13,5,likely_increase,structure_rule,likely_decrease,structure_rule,uncertain,no_property_experiment,none,prediction_only,计算描述符只能提示方向，不能等同于实测溶解度、渗透性、稳定性或口服吸收。
ALA__7O5,ALA,丙氨酸,7O5,(2~{S})-2-azanyl-3-(2-sulfanylethanoylamino)propanoic acid,羟基化／氧化还原,新增基团连接到母体的碳原子,2,2,29.1,-0.974,3,likely_increase,structure_rule,likely_decrease,structure_rule,uncertain,no_property_experiment,none,prediction_only,计算描述符只能提示方向，不能等同于实测溶解度、渗透性、稳定性或口服吸收。
ALA__7OZ,ALA,丙氨酸,7OZ,(S)-2-amino-4-fluorobutanoic acid,卤代,新增基团连接到母体的碳原子,0,0,0,0.34,2,likely_decrease,structure_rule,uncertain,structure_rule,uncertain,no_property_experiment,none,prediction_only,这是一条设计建议，不是性质结论；最终必须用同一肽骨架的母体/衍生物配对实验确认。
ALA__7VN,ALA,丙氨酸,7VN,(2S)-2-cyclopentyl-2-(methylamino)ethanoic acid,N-取代／酰化,新增基团连接到母体的氮原子、碳原子,0,0,-13.99,1.431,2,likely_decrease,structure_rule,likely_increase,structure_rule,likely_increase,structure_rule,none,context_reference,当前记录没有本CCD的单点性质对照；同类论文只用于给出筛选方向。
ALA__8AY,ALA,丙氨酸,8AY,"3-[6-(propan-2-yl)-1,3-benzothiazol-2-yl]-L-alanine",侧链延长／增大,新增基团连接到母体的碳原子,0,2,12.89,2.956,3,uncertain,structure_rule,uncertain,structure_rule,uncertain,no_property_experiment,none,prediction_only,计算描述符只能提示方向，不能等同于实测溶解度、渗透性、稳定性或口服吸收。
ALA__9WV,ALA,丙氨酸,9WV,beta-alanyl-3-amino-L-alanine,N-取代／酰化,新增基团连接到母体的氮原子、碳原子,2,2,55.12,-1.555,4,likely_increase,structure_rule,likely_decrease,structure_rule,likely_increase,structure_rule,none,context_reference,当前记录没有本CCD的单点性质对照；同类论文只用于给出筛选方向。
ALA__A1ALE,ALA,丙氨酸,A1ALE,(2S)-2-amino-7-(dimethylamino)-7-oxoheptanoic acid,羟基化／氧化还原,新增基团连接到母体的碳原子,0,1,20.31,0.629,5,uncertain,structure_rule,uncertain,structure_rule,uncertain,no_property_experiment,none,prediction_only,计算描述符只能提示方向，不能等同于实测溶解度、渗透性、稳定性或口服吸收。
ALA__A1AMB,ALA,丙氨酸,A1AMB,"3-(1H-1,2,3-triazol-1-yl)-L-alanine",侧链延长／增大 | 极性或带电基团,新增基团连接到母体的碳原子,0,2,30.71,-0.728,2,likely_increase,structure_rule,likely_decrease,structure_rule,uncertain,no_property_experiment,none,prediction_only,计算描述符只能提示方向，不能等同于实测溶解度、渗透性、稳定性或口服吸收。
ALA__A1AMC,ALA,丙氨酸,A1AMC,"(2S)-2-(methylamino)pentane-1,1,5-triol",N-取代／酰化,新增基团连接到母体的氮原子、碳原子,1,1,6.24,0.013,4,uncertain,structure_rule,uncertain,structure_rule,likely_increase,structure_rule,none,context_reference,当前记录没有本CCD的单点性质对照；同类论文只用于给出筛选方向。
ALA__A1AT7,ALA,丙氨酸,A1AT7,"(1S)-6-methyl-1,2-dihydroisoquinoline-1-carboxylic acid",复杂骨架重构,涉及多个原子和键的整体变化，不能可靠归为肽链上的一个替换原子,0,0,-13.99,2.277,0,likely_decrease,structure_rule,likely_increase,structure_rule,uncertain,no_property_experiment,none,prediction_only,结构重构分类不等于性质改善；需要完整构件的合成、构象和性质实验。
ALA__A1CM8,ALA,丙氨酸,A1CM8,"(2~{S})-2-azanyl-3-[(~{E})-[4-[oxidanyl(oxidanylidene)-$l^{4}-azanyl]-6~{H}-2,1,3-benzoxadiazol-7-ylidene]amino]propanal",羟基化／氧化还原,新增基团连接到母体的碳原子,1,6,94.09,0.537,4,uncertain,structure_rule,uncertain,structure_rule,uncertain,no_property_experiment,none,prediction_only,计算描述符只能提示方向，不能等同于实测溶解度、渗透性、稳定性或口服吸收。
ALA__A1CM9,ALA,丙氨酸,A1CM9,"3-[(7-nitro-2,1,3-benzoselenadiazol-4-yl)amino]-L-alanine",羟基化／氧化还原,新增基团连接到母体的碳原子,1,5,80.95,0.001,4,likely_increase,structure_rule,likely_decrease,structure_rule,uncertain,no_property_experiment,none,prediction_only,计算描述符只能提示方向，不能等同于实测溶解度、渗透性、稳定性或口服吸收。
ALA__A1CTT,ALA,丙氨酸,A1CTT,2-phenyl-D-alanine,侧链延长／增大,新增基团连接到母体的碳原子,0,0,0,1.527,1,likely_decrease,structure_rule,uncertain,structure_rule,uncertain,no_property_experiment,none,prediction_only,这是一条设计建议，不是性质结论；最终必须用同一肽骨架的母体/衍生物配对实验确认。
ALA__A1EUR,ALA,丙氨酸,A1EUR,(2~{S})-2-azanyl-4-methoxy-butanoic acid,羟基化／氧化还原,新增基团连接到母体的碳原子,0,1,9.23,0.017,3,uncertain,structure_rule,uncertain,structure_rule,uncertain,no_property_experiment,none,prediction_only,计算描述符只能提示方向，不能等同于实测溶解度、渗透性、稳定性或口服吸收。
ALA__A1H5W,ALA,丙氨酸,A1H5W,3-azido-L-alanine,极性或带电基团,新增基团连接到母体的碳原子,1,2,50.31,-0.469,2,likely_increase,structure_rule,likely_decrease,structure_rule,uncertain,no_property_experiment,none,prediction_only,计算描述符只能提示方向，不能等同于实测溶解度、渗透性、稳定性或口服吸收。
ALA__A1JNL,ALA,丙氨酸,A1JNL,"(2~{S})-2-[3-(1~{H}-1,2,3-triazol-4-yl)propylamino]butanoic acid",N-取代／酰化,新增基团连接到母体的碳原子、氮原子,1,2,27.58,0.772,6,uncertain,structure_rule,uncertain,structure_rule,likely_increase,structure_rule,none,context_reference,当前记录没有本CCD的单点性质对照；同类论文只用于给出筛选方向。
ALA__AA4,ALA,丙氨酸,AA4,2-AMINO-5-HYDROXYPENTANOIC ACID,羟基化／氧化还原,新增基团连接到母体的碳原子,1,1,20.23,-0.247,3,likely_increase,structure_rule,likely_decrease,structure_rule,uncertain,no_property_experiment,none,prediction_only,计算描述符只能提示方向，不能等同于实测溶解度、渗透性、稳定性或口服吸收。
ALA__ABA,ALA,丙氨酸,ABA,ALPHA-AMINOBUTYRIC ACID,其他官能团替换,新增基团连接到母体的碳原子,0,0,0,0.39,1,likely_decrease,structure_rule,uncertain,structure_rule,increase,same_scaffold_comparison,proteolytic_stability | oral_absorption | activity_or_binding,property_specific_experiment,完整效果仍与肽序列及其他改造共同相关。
ALA__AHO,ALA,丙氨酸,AHO,N-ACETYL-N-HYDROXY-L-ORNITHINE,羟基化／氧化还原,新增基团连接到母体的碳原子,1,2,40.54,-0.002,4,likely_increase,structure_rule,likely_decrease,structure_rule,uncertain,no_property_experiment,none,prediction_only,计算描述符只能提示方向，不能等同于实测溶解度、渗透性、稳定性或口服吸收。
ALA__AHP,ALA,丙氨酸,AHP,2-AMINO-HEPTANOIC ACID,侧链延长／增大,新增基团连接到母体的碳原子,0,0,0,1.561,4,likely_decrease,structure_rule,uncertain,structure_rule,uncertain,no_property_experiment,none,prediction_only,这是一条设计建议，不是性质结论；最终必须用同一肽骨架的母体/衍生物配对实验确认。
ALA__AIB,ALA,丙氨酸,AIB,ALPHA-AMINOISOBUTYRIC ACID,其他官能团替换,新增基团连接到母体的碳原子,0,0,0,0.39,0,likely_decrease,structure_rule,increase,same_scaffold_comparison,increase,same_scaffold_comparison,passive_permeability | proteolytic_stability | oral_absorption | conformational_behavior | lipophilicity,property_specific_experiment,不能把某一条肽的改善幅度当作Aib的固定数值。
ALA__ALC,ALA,丙氨酸,ALC,2-AMINO-3-CYCLOHEXYL-PROPIONIC ACID,侧链延长／增大,新增基团连接到母体的碳原子,0,0,0,1.951,2,likely_decrease,structure_rule,increase,complete_peptide_context,uncertain,no_property_experiment,none,context_reference,证据属于完整肽、天然产物、临床骨架或专利实例；只能说明该残基与该骨架相容，不能把整分子的性质归因于一个残基。
ALA__ALN,ALA,丙氨酸,ALN,NAPHTHALEN-2-YL-3-ALANINE,侧链延长／增大,新增基团连接到母体的碳原子,0,0,0,2.376,2,likely_decrease,structure_rule,uncertain,structure_rule,uncertain,no_property_experiment,activity_or_binding | lipophilicity,property_specific_experiment,只支持特定结合位点的亲和力方向，不支持通用渗透或稳定性改善。
ALA__ALT,ALA,丙氨酸,ALT,THIOALANINE,复杂骨架重构,涉及多个原子和键的整体变化，不能可靠归为肽链上的一个替换原子,0,0,-17.07,0.801,0,likely_decrease,structure_rule,likely_increase,structure_rule,change_expected,same_scaffold_comparison,proteolytic_stability | conformational_behavior | activity_or_binding,context_reference,直接肽实验针对硫代酰胺修饰家族，不全是CCD ALT本身。
ALA__AN8,ALA,丙氨酸,AN8,(2S)-2-aminononanoic acid,侧链延长／增大,新增基团连接到母体的碳原子,0,0,0,2.341,6,likely_decrease,structure_rule,uncertain,structure_rule,uncertain,no_property_experiment,none,prediction_only,这是一条设计建议，不是性质结论；最终必须用同一肽骨架的母体/衍生物配对实验确认。
ALA__AYA,ALA,丙氨酸,AYA,N-ACETYLALANINE,N-取代／酰化,新增基团连接到母体的氮原子,0,0,3.08,0.178,1,uncertain,structure_rule,uncertain,structure_rule,likely_increase,structure_rule,none,context_reference,当前记录没有本CCD的单点性质对照；同类论文只用于给出筛选方向。
ALA__AZH,ALA,丙氨酸,AZH,AZIDOHOMOALANINE,极性或带电基团,新增基团连接到母体的碳原子,1,2,50.31,-0.079,3,likely_increase,structure_rule,likely_decrease,structure_rule,uncertain,no_property_experiment,none,context_reference,属于生物正交标记证据，不代表渗透性、稳定性或口服吸收得到改善。
ALA__B3A,ALA,丙氨酸,B3A,(3S)-3-AMINOBUTANOIC ACID,复杂骨架重构,涉及多个原子和键的整体变化，不能可靠归为肽链上的一个替换原子,0,0,0,0.39,1,likely_decrease,structure_rule,uncertain,structure_rule,uncertain,no_property_experiment,none,prediction_only,结构重构分类不等于性质改善；需要完整构件的合成、构象和性质实验。
ALA__BP5,ALA,丙氨酸,BP5,"3-(2,2'-BIPYRIDIN-5-YL)-L-ALANINE",侧链延长／增大,新增基团连接到母体的碳原子,0,2,25.78,1.68,3,uncertain,structure_rule,uncertain,structure_rule,uncertain,no_property_experiment,activity_or_binding,property_specific_experiment,支持人工酶功能，不支持渗透、溶解或口服性质。
ALA__C22,ALA,丙氨酸,C22,3-chloro-L-alanine,卤代,新增基团连接到母体的碳原子,0,0,0,0.219,1,uncertain,structure_rule,uncertain,structure_rule,uncertain,no_property_experiment,none,prediction_only,这是一条设计建议，不是性质结论；最终必须用同一肽骨架的母体/衍生物配对实验确认。
ALA__CLV,ALA,丙氨酸,CLV,"{(2S)-2-[(1S)-1-AMINOETHYL]-5-OXO-2,5-DIHYDRO-1H-IMIDAZOL-1-YL}ACETIC ACID",羟基化／氧化还原,新增5个C、3个N、1个O；母体中少了1个C、1个N；新增部分连接到母体原子2（C）,0,2,32.67,-0.761,2,likely_increase,structure_rule,likely_decrease,structure_rule,uncertain,no_property_experiment,none,prediction_only,计算描述符只能提示方向，不能等同于实测溶解度、渗透性、稳定性或口服吸收。
ALA__CRX,ALA,丙氨酸,CRX,[2-(1-AMINOETHYL)-2-HYDROXY-4-METHYLENE-5-OXOIMIDAZOLIDIN-1-YL]ACETIC ACID,羟基化／氧化还原,新增6个C、3个N、2个O；母体中少了1个C、1个N；新增部分连接到母体原子2（C）,2,3,52.57,-1.408,2,likely_increase,structure_rule,likely_decrease,structure_rule,uncertain,no_property_experiment,none,prediction_only,计算描述符只能提示方向，不能等同于实测溶解度、渗透性、稳定性或口服吸收。
ALA__CWD,ALA,丙氨酸,CWD,"3-(5-chloro-2,4-dioxo-3,4-dihydropyrimidin-1(2H)-yl)-L-alanine",卤代 | 羟基化／氧化还原 | 侧链延长／增大 | 极性或带电基团,新增基团连接到母体的碳原子,1,2,54.86,-0.816,2,likely_increase,structure_rule,likely_decrease,structure_rule,uncertain,no_property_experiment,reported_experimental_context,property_specific_experiment,这是游离兴奋性氨基酸受体激动剂，不是肽内Ala替换。
ALA__CZS,ALA,丙氨酸,CZS,"3-(6-chloro-1,3-benzothiazol-2-yl)-L-alanine",卤代,新增基团连接到母体的碳原子,0,2,12.89,2.486,2,uncertain,structure_rule,uncertain,structure_rule,uncertain,no_property_experiment,none,prediction_only,计算描述符只能提示方向，不能等同于实测溶解度、渗透性、稳定性或口服吸收。
ALA__DAB,ALA,丙氨酸,DAB,"2,4-DIAMINOBUTYRIC ACID",极性或带电基团,新增基团连接到母体的碳原子,1,1,26.02,-0.671,2,likely_increase,structure_rule,likely_decrease,structure_rule,no_change,complete_peptide_context,none,context_reference,这是多位点、混合非天然残基的完整肽证据，不是Dab单残基直接对照。
ALA__DBZ,ALA,丙氨酸,DBZ,3-(BENZOYLAMINO)-L-ALANINE,羟基化／氧化还原,新增基团连接到母体的碳原子,1,1,29.1,0.41,3,uncertain,structure_rule,likely_decrease,structure_rule,uncertain,no_property_experiment,none,prediction_only,计算描述符只能提示方向，不能等同于实测溶解度、渗透性、稳定性或口服吸收。
ALA__DDZ,ALA,丙氨酸,DDZ,"3,3-DIHYDROXY L-ALANINE",羟基化／氧化还原,新增基团连接到母体的碳原子,2,2,40.46,-1.709,1,likely_increase,structure_rule,likely_decrease,structure_rule,uncertain,no_property_experiment,none,prediction_only,计算描述符只能提示方向，不能等同于实测溶解度、渗透性、稳定性或口服吸收。
ALA__DNP,ALA,丙氨酸,DNP,3-AMINO-ALANINE,极性或带电基团,新增基团连接到母体的碳原子,1,0,27.64,-1.778,1,likely_increase,structure_rule,likely_decrease,structure_rule,uncertain,no_property_experiment,none,prediction_only,计算描述符只能提示方向，不能等同于实测溶解度、渗透性、稳定性或口服吸收。
ALA__DNW,ALA,丙氨酸,DNW,"3-[(2,4-dinitrophenyl)amino]-L-alanine",羟基化／氧化还原,新增基团连接到母体的碳原子,1,5,98.31,0.909,5,uncertain,structure_rule,uncertain,structure_rule,uncertain,no_property_experiment,none,prediction_only,计算描述符只能提示方向，不能等同于实测溶解度、渗透性、稳定性或口服吸收。
ALA__DPP,ALA,丙氨酸,DPP,DIAMINOPROPANOIC ACID,极性或带电基团,新增基团连接到母体的碳原子,1,1,26.02,-1.061,1,likely_increase,structure_rule,change_expected,complete_peptide_context,increase,complete_peptide_context,none,context_reference,证据属于完整肽、天然产物、临床骨架或专利实例；只能说明该残基与该骨架相容，不能把整分子的性质归因于一个残基。
ALA__FB5,ALA,丙氨酸,FB5,2-(difluoromethyl)-6-(dihydroxyboranyl)-L-norleucine,卤代,亮氨酸支链由支化异丁基改为直链正丁基；名称中的其他取代基另行保留,2,2,40.46,0.259,6,uncertain,structure_rule,likely_decrease,structure_rule,uncertain,no_property_experiment,none,prediction_only,计算描述符只能提示方向，不能等同于实测溶解度、渗透性、稳定性或口服吸收。
ALA__FB6,ALA,丙氨酸,FB6,6-(dihydroxyboranyl)-2-methyl-L-norleucine,羟基化／氧化还原,亮氨酸支链由支化异丁基改为直链正丁基；名称中的其他取代基另行保留,2,2,40.46,0.014,5,likely_increase,structure_rule,likely_decrease,structure_rule,uncertain,no_property_experiment,none,prediction_only,计算描述符只能提示方向，不能等同于实测溶解度、渗透性、稳定性或口服吸收。
ALA__FLA,ALA,丙氨酸,FLA,TRIFLUOROALANINE,卤代,新增基团连接到母体的碳原子,0,0,0,0.543,0,likely_decrease,structure_rule,uncertain,structure_rule,uncertain,no_property_experiment,none,prediction_only,这是一条设计建议，不是性质结论；最终必须用同一肽骨架的母体/衍生物配对实验确认。
ALA__H7V,ALA,丙氨酸,H7V,3-cyclohexyl-N-methyl-L-alanine,N-取代／酰化,新增基团连接到母体的氮原子、碳原子,0,0,-13.99,2.211,3,likely_decrease,structure_rule,likely_increase,structure_rule,likely_increase,structure_rule,none,context_reference,当前记录没有本CCD的单点性质对照；同类论文只用于给出筛选方向。
ALA__HHK,ALA,丙氨酸,HHK,"(2S)-2,8-DIAMINOOCTANOIC ACID",侧链延长／增大,新增5个C、1个N；新增部分连接到母体原子1（C）,1,1,26.02,0.89,6,uncertain,structure_rule,uncertain,structure_rule,uncertain,no_property_experiment,none,prediction_only,计算描述符只能提示方向，不能等同于实测溶解度、渗透性、稳定性或口服吸收。
ALA__HIX,ALA,丙氨酸,HIX,"3-(1H-1,2,3-triazol-5-yl)-L-alanine",侧链延长／增大,新增基团连接到母体的碳原子,1,2,41.57,-0.659,2,likely_increase,structure_rule,likely_decrease,structure_rule,uncertain,no_property_experiment,none,prediction_only,计算描述符只能提示方向，不能等同于实测溶解度、渗透性、稳定性或口服吸收。
ALA__HQA,ALA,丙氨酸,HQA,3-(8-hydroxyquinolin-3-yl)-L-alanine,羟基化／氧化还原,新增基团连接到母体的碳原子,1,2,33.12,1.477,2,uncertain,structure_rule,uncertain,structure_rule,uncertain,no_property_experiment,none,context_reference,属于完整人工金属酶功能，不是药代性质。
ALA__KNB,ALA,丙氨酸,KNB,3-(methylsulfonyl)-L-alanine,羟基化／氧化还原,新增基团连接到母体的碳原子,0,2,34.14,-0.975,2,likely_increase,structure_rule,likely_decrease,structure_rule,uncertain,no_property_experiment,none,prediction_only,计算描述符只能提示方向，不能等同于实测溶解度、渗透性、稳定性或口服吸收。
ALA__LAL,ALA,丙氨酸,LAL,"N,N-DIMETHYL-L-ALANINE",N-取代／酰化,新增基团连接到母体的氮原子,-1,0,-22.78,0.603,1,likely_decrease,structure_rule,likely_increase,structure_rule,likely_increase,structure_rule,none,context_reference,当前记录没有本CCD的单点性质对照；同类论文只用于给出筛选方向。
ALA__MAA,ALA,丙氨酸,MAA,N-methyl-L-alanine,N-取代／酰化,α-氨基的氮原子（进入肽链后对应主链酰胺氮）,0,0,-13.99,0.261,1,likely_decrease,structure_rule,likely_increase,same_scaffold_comparison,likely_increase,structure_rule,passive_permeability,property_specific_experiment,这是一组位置和数量同时变化的环肽对照，不是只比较一处Ala→N-Me-Ala；它证明可行性和位置依赖性，不能给每个具体位点一个固定增幅。
ALA__N9P,ALA,丙氨酸,N9P,3-pyridin-4-yl-L-alanine,侧链延长／增大,新增基团连接到母体的碳原子,0,1,12.89,0.618,2,uncertain,structure_rule,uncertain,structure_rule,uncertain,no_property_experiment,activity_or_binding,property_specific_experiment,必须按具体序列记录方向，不提供稳定性、渗透性或口服结论。
ALA__NA8,ALA,丙氨酸,NA8,(1S)-1-CARBOXY-2-NAPHTHALEN-2-YLETHANAMINIUM,侧链延长／增大,新增基团连接到母体的碳原子,0,-1,1.62,1.659,2,likely_decrease,structure_rule,uncertain,structure_rule,uncertain,no_property_experiment,none,prediction_only,计算描述符只能提示方向，不能等同于实测溶解度、渗透性、稳定性或口服吸收。
ALA__NAL,ALA,丙氨酸,NAL,BETA-(2-NAPHTHYL)-ALANINE,侧链延长／增大,新增基团连接到母体的碳原子,0,0,0,2.376,2,likely_decrease,structure_rule,increase,complete_peptide_context,uncertain,no_property_experiment,none,context_reference,证据属于完整肽、天然产物、临床骨架或专利实例；只能说明该残基与该骨架相容，不能把整分子的性质归因于一个残基。
ALA__NCB,ALA,丙氨酸,NCB,N-CARBAMOYL-ALANINE,N-取代／酰化,新增基团连接到母体的氮原子,1,0,29.1,-0.29,1,likely_increase,structure_rule,likely_decrease,structure_rule,likely_increase,structure_rule,none,context_reference,当前记录没有本CCD的单点性质对照；同类论文只用于给出筛选方向。
ALA__NPI,ALA,丙氨酸,NPI,(2S)-2-aminoheptanedioic acid,羟基化／氧化还原,新增基团连接到母体的碳原子,1,1,37.3,0.625,5,uncertain,structure_rule,uncertain,structure_rule,uncertain,no_property_experiment,none,prediction_only,计算描述符只能提示方向，不能等同于实测溶解度、渗透性、稳定性或口服吸收。
ALA__NWD,ALA,丙氨酸,NWD,"3-(5-nitro-2,4-dioxo-3,4-dihydropyrimidin-1(2H)-yl)-L-alanine",羟基化／氧化还原 | 侧链延长／增大 | 极性或带电基团,新增基团连接到母体的碳原子,1,4,98,-1.561,3,likely_increase,structure_rule,likely_decrease,structure_rule,uncertain,no_property_experiment,reported_experimental_context,property_specific_experiment,这是游离兴奋性氨基酸类似物的受体实验，不是肽内Ala替换。
ALA__ONH,ALA,丙氨酸,ONH,N~5~-hydroxy-L-ornithine,羟基化／氧化还原,新增基团连接到母体的碳原子,2,2,32.26,-0.261,4,likely_increase,structure_rule,likely_decrease,structure_rule,uncertain,no_property_experiment,none,prediction_only,计算描述符只能提示方向，不能等同于实测溶解度、渗透性、稳定性或口服吸收。
ALA__ORN,ALA,丙氨酸,ORN,L-ornithine,侧链延长／增大,新增基团连接到母体的碳原子,1,1,26.02,-0.281,3,likely_increase,structure_rule,increase,complete_peptide_context,uncertain,no_property_experiment,none,context_reference,证据属于完整肽、天然产物、临床骨架或专利实例；只能说明该残基与该骨架相容，不能把整分子的性质归因于一个残基。
ALA__PIA,ALA,丙氨酸,PIA,"[(4Z)-2-[(1S)-1-aminoethyl]-4-(4-hydroxybenzylidene)-5-oxo-4,5-dihydro-1H-imidazol-1-yl]acetic acid",羟基化／氧化还原,新增12个C、3个N、2个O；母体中少了1个C、1个N；新增部分连接到母体原子2（C）,1,3,52.9,0.988,3,uncertain,structure_rule,uncertain,structure_rule,uncertain,no_property_experiment,none,prediction_only,计算描述符只能提示方向，不能等同于实测溶解度、渗透性、稳定性或口服吸收。
ALA__PYA,ALA,丙氨酸,PYA,"3-(1,10-PHENANTHROL-2-YL)-L-ALANINE",侧链延长／增大,新增基团连接到母体的碳原子,0,2,25.78,2.319,2,uncertain,structure_rule,uncertain,structure_rule,uncertain,no_property_experiment,none,prediction_only,计算描述符只能提示方向，不能等同于实测溶解度、渗透性、稳定性或口服吸收。
ALA__QM8,ALA,丙氨酸,QM8,6-Sulfanyl-L-norleucine,侧链延长／增大,新增基团连接到母体的碳原子,1,1,0,1.08,4,likely_decrease,structure_rule,uncertain,structure_rule,uncertain,no_property_experiment,none,prediction_only,计算描述符只能提示方向，不能等同于实测溶解度、渗透性、稳定性或口服吸收。
ALA__QMB,ALA,丙氨酸,QMB,5-Mercapto-norvaline,侧链延长／增大,新增基团连接到母体的碳原子,1,1,0,0.69,3,likely_decrease,structure_rule,uncertain,structure_rule,uncertain,no_property_experiment,none,prediction_only,计算描述符只能提示方向，不能等同于实测溶解度、渗透性、稳定性或口服吸收。
ALA__QX7,ALA,丙氨酸,QX7,N-acetyl-3-{[5-(fluorosulfonyl)-2-methylbenzene-1-carbonyl]amino}-L-alanine,N-取代／酰化,新增基团连接到母体的碳原子、氮原子,1,3,66.32,0.554,5,uncertain,structure_rule,uncertain,structure_rule,likely_increase,structure_rule,none,context_reference,当前记录没有本CCD的单点性质对照；同类论文只用于给出筛选方向。
ALA__RVJ,ALA,丙氨酸,RVJ,3-triazan-1-yl-L-alanine,极性或带电基团,新增基团连接到母体的碳原子,3,3,50.08,-2.052,3,likely_increase,structure_rule,likely_decrease,structure_rule,uncertain,no_property_experiment,none,prediction_only,计算描述符只能提示方向，不能等同于实测溶解度、渗透性、稳定性或口服吸收。
ALA__S2P,ALA,丙氨酸,S2P,"(2S)-2-amino-3-(4-hydroxy-1,2,5-thiadiazol-3-yl)propanoic acid",羟基化／氧化还原,新增基团连接到母体的碳原子,1,4,46.01,-0.22,2,likely_increase,structure_rule,likely_decrease,structure_rule,uncertain,no_property_experiment,none,prediction_only,计算描述符只能提示方向，不能等同于实测溶解度、渗透性、稳定性或口服吸收。
ALA__TIH,ALA,丙氨酸,TIH,BETA(2-THIENYL)ALANINE,侧链延长／增大,新增基团连接到母体的碳原子,0,1,0,1.284,2,likely_decrease,structure_rule,uncertain,structure_rule,no_change,specific_residue_comparison,proteolytic_stability | activity_or_binding,property_specific_experiment,只支持该受体肽骨架的稳定性和选择性，没有口服或膜渗透数据。
ALA__UM1,ALA,丙氨酸,UM1,(2R)-2-[[(2R)-2-(2-aminoethanoylamino)propanoyl]amino]propanoic acid,N-取代／酰化,新增基团连接到母体的氮原子,2,2,58.2,-1.379,4,likely_increase,structure_rule,likely_decrease,structure_rule,likely_increase,structure_rule,none,context_reference,当前记录没有本CCD的单点性质对照；同类论文只用于给出筛选方向。
ALA__UM2,ALA,丙氨酸,UM2,(2S)-2-amino-N-butyl-propanamide,构象限制型成环,新增4个C、1个N；母体中少了1个O；新增部分连接到母体原子3（C）；检测到1个立体中心方向变化,0,0,-8.2,0.832,3,likely_decrease,structure_rule,uncertain,structure_rule,likely_increase,structure_rule,none,prediction_only,这是一条设计建议，不是性质结论；最终必须用同一肽骨架的母体/衍生物配对实验确认。
ALA__UMA,ALA,丙氨酸,UMA,URIDINE-5'-DIPHOSPHATE-N-ACETYLMURAMOYL-L-ALANINE,末端封闭／骨架等排,新增基团连接到母体的氮原子,8,15,297.94,-4.066,14,likely_increase,structure_rule,likely_decrease,structure_rule,uncertain,no_property_experiment,none,context_reference,计算描述符只能提示方向，不能等同于实测溶解度、渗透性、稳定性或口服吸收。
ALA__VVK,ALA,丙氨酸,VVK,N-(2-methoxyphenyl)-2-methyl-L-alanine,N-取代／酰化,新增基团连接到母体的碳原子、氮原子,0,1,-4.76,2.552,3,likely_decrease,structure_rule,uncertain,structure_rule,likely_increase,structure_rule,none,context_reference,当前记录没有本CCD的单点性质对照；同类论文只用于给出筛选方向。
ALA__X9Q,ALA,丙氨酸,X9Q,"{(2S)-2-[(1S)-1-AMINOETHYL]-4-BENZYL-5-OXO-2,5-DIHYDRO-1H-IMIDAZOL-1-YL}ACETIC ACID",羟基化／氧化还原,新增12个C、3个N、1个O；母体中少了1个C、1个N；新增部分连接到母体原子2（C）,0,2,32.67,0.852,4,uncertain,structure_rule,uncertain,structure_rule,uncertain,no_property_experiment,none,prediction_only,计算描述符只能提示方向，不能等同于实测溶解度、渗透性、稳定性或口服吸收。
ALA__XW1,ALA,丙氨酸,XW1,(2S)-2-amino-7-ethoxy-7-oxoheptanoic acid,羟基化／氧化还原,新增基团连接到母体的碳原子,0,2,26.3,1.104,6,uncertain,structure_rule,uncertain,structure_rule,uncertain,no_property_experiment,none,prediction_only,计算描述符只能提示方向，不能等同于实测溶解度、渗透性、稳定性或口服吸收。
ALA__XYC,ALA,丙氨酸,XYC,(2~{S})-2-azanyl-3-cyclopentyl-propanoic acid,侧链延长／增大,新增基团连接到母体的碳原子,0,0,0,1.561,2,likely_decrease,structure_rule,uncertain,structure_rule,uncertain,no_property_experiment,none,prediction_only,这是一条设计建议，不是性质结论；最终必须用同一肽骨架的母体/衍生物配对实验确认。
ALA__YFQ,ALA,丙氨酸,YFQ,beta-N-methylamino-L-alanine,极性或带电基团,新增基团连接到母体的碳原子,1,1,12.03,-0.8,2,likely_increase,structure_rule,uncertain,structure_rule,uncertain,no_property_experiment,none,prediction_only,计算描述符只能提示方向，不能等同于实测溶解度、渗透性、稳定性或口服吸收。
ALA__Z01,ALA,丙氨酸,Z01,"3-[(2,2-dimethylpropanoyl)amino]-L-alanine",羟基化／氧化还原,新增基团连接到母体的碳原子,1,1,29.1,0.143,2,uncertain,structure_rule,likely_decrease,structure_rule,uncertain,no_property_experiment,none,prediction_only,计算描述符只能提示方向，不能等同于实测溶解度、渗透性、稳定性或口服吸收。
ALA__ZRF,ALA,丙氨酸,ZRF,"2-[(4E)-2-[(1S)-1-aminoethyl]-4-(hydroxymethylidene)-5-oxo-4,5-dihydro-1H-imidazol-1-yl]acetic acid",羟基化／氧化还原,新增6个C、3个N、2个O；母体中少了1个C、1个N；新增部分连接到母体原子2（C）,1,3,52.9,-0.36,2,likely_increase,structure_rule,likely_decrease,structure_rule,uncertain,no_property_experiment,none,prediction_only,计算描述符只能提示方向，不能等同于实测溶解度、渗透性、稳定性或口服吸收。
ALA__ZTK,ALA,丙氨酸,ZTK,(2S)-2-amino-3-cyanopropanoic acid,极性或带电基团,新增基团连接到母体的碳原子,0,1,23.79,-0.106,1,likely_increase,structure_rule,likely_decrease,structure_rule,uncertain,no_property_experiment,none,prediction_only,计算描述符只能提示方向，不能等同于实测溶解度、渗透性、稳定性或口服吸收。
ALA__ZZJ,ALA,丙氨酸,ZZJ,N^2^-methyl-L-alaninamide,构象限制型成环,新增1个C、1个N；母体中少了1个O；新增部分连接到母体原子3（C）、母体原子6（N）,0,0,-8.2,-0.338,1,uncertain,structure_rule,uncertain,structure_rule,likely_increase,structure_rule,none,prediction_only,这是一条设计建议，不是性质结论；最终必须用同一肽骨架的母体/衍生物配对实验确认。
ARG__0AR,ARG,精氨酸,0AR,N-[N-[(4S)-4-azanyl-5-hydroxy-5-oxo-pentyl]carbamimidoyl]ethanamide,构象限制型成环,新增2个C、1个H、1个O；新增部分连接到母体原子11（N）、母体原子12（N）,0,2,1.34,1.997,0,likely_decrease,structure_rule,uncertain,structure_rule,likely_increase,structure_rule,none,prediction_only,计算描述符只能提示方向，不能等同于实测溶解度、渗透性、稳定性或口服吸收。
ARG__0X9,ARG,精氨酸,0X9,N~2~-sulfamoyl-L-arginine,构象限制型成环,新增1个H、1个N、2个O、1个S；新增部分连接到母体原子11（N）、母体原子7（N）,1,2,44.43,0.654,2,uncertain,structure_rule,uncertain,structure_rule,likely_increase,structure_rule,none,prediction_only,计算描述符只能提示方向，不能等同于实测溶解度、渗透性、稳定性或口服吸收。
ARG__2MR,ARG,精氨酸,2MR,"N3, N4-DIMETHYLARGININE",构象限制型成环,新增2个C；新增部分连接到母体原子11（N）、母体原子12（N）；检测到2处键级变化,-1,1,-27.22,2.131,0,likely_decrease,structure_rule,likely_increase,structure_rule,likely_increase,structure_rule,none,prediction_only,计算描述符只能提示方向，不能等同于实测溶解度、渗透性、稳定性或口服吸收。
ARG__2OR,ARG,精氨酸,2OR,"amino{[(2R,3R,4S)-4-amino-2,3,5-trihydroxy-5-oxopentyl]amino}methaniminium",羟基化／氧化还原,新增基团连接到母体的碳原子,2,2,40.46,-2.058,0,likely_increase,structure_rule,likely_decrease,structure_rule,uncertain,no_property_experiment,none,prediction_only,计算描述符只能提示方向，不能等同于实测溶解度、渗透性、稳定性或口服吸收。
ARG__4AR,ARG,精氨酸,4AR,"amino({(4S)-4-amino-6-[(2,6-dimethylbenzoyl)oxy]-5-oxohexyl}amino)methaniminium",复杂骨架重构,涉及多个原子和键的整体变化，不能可靠归为肽链上的一个替换原子,-1,2,6.07,1.958,3,uncertain,structure_rule,uncertain,structure_rule,uncertain,no_property_experiment,none,prediction_only,结构重构分类不等于性质改善；需要完整构件的合成、构象和性质实验。
ARG__4D4,ARG,精氨酸,4D4,"(2S,3R)-2-azanyl-5-carbamimidamido-3-oxidanyl-pentanoic acid",构象限制型成环,新增1个H、1个O；新增部分连接到母体原子11（N）、母体原子2（C）,1,2,18.49,0.79,0,uncertain,structure_rule,uncertain,structure_rule,likely_increase,structure_rule,none,prediction_only,计算描述符只能提示方向，不能等同于实测溶解度、渗透性、稳定性或口服吸收。
ARG__4J5,ARG,精氨酸,4J5,amino{[(3S)-3-amino-3-carboxypropyl]amino}methaniminium,构象限制型成环,新增1个N、2个O；母体中少了1个C、1个N、2个O；新增部分连接到母体原子2（C）、母体原子3（C）,0,0,0,-0.39,-1,likely_increase,structure_rule,uncertain,structure_rule,likely_increase,structure_rule,none,prediction_only,这是一条设计建议，不是性质结论；最终必须用同一肽骨架的母体/衍生物配对实验确认。
ARG__73N,ARG,精氨酸,73N,(2~{S})-5-carbamimidamido-2-(carboxyamino)pentanoic acid,构象限制型成环,新增1个C、1个H、2个O；新增部分连接到母体原子11（N）、母体原子7（N）,1,1,21.57,2.128,1,uncertain,structure_rule,uncertain,structure_rule,likely_increase,structure_rule,none,prediction_only,计算描述符只能提示方向，不能等同于实测溶解度、渗透性、稳定性或口服吸收。
ARG__9NR,ARG,精氨酸,9NR,DANSYL-L-ARGININE,构象限制型成环,新增12个C、1个N、2个O、1个S；新增部分连接到母体原子7（N）,0,3,21.65,4.059,4,uncertain,structure_rule,uncertain,structure_rule,likely_increase,structure_rule,activity_or_binding,property_specific_experiment,支持完整小分子的结合位点，不支持通用药代性质。
ARG__A1CCS,ARG,精氨酸,A1CCS,(2S)-5-carbamimidamido-2-hydrazinylpentanoic acid,构象限制型成环,新增1个H、1个N；新增部分连接到母体原子11（N）、母体原子7（N）,1,2,10.29,1.324,1,uncertain,structure_rule,uncertain,structure_rule,likely_increase,structure_rule,none,prediction_only,计算描述符只能提示方向，不能等同于实测溶解度、渗透性、稳定性或口服吸收。
ARG__A1CH8,ARG,精氨酸,A1CH8,"N~5~-[N-(2,2,2-trifluoroethyl)carbamimidoyl]-L-ornithine",构象限制型成环,新增2个C、3个F、1个H；新增部分连接到母体原子11（N）、母体原子12（N）,0,1,-15.73,3.013,1,likely_decrease,structure_rule,likely_increase,structure_rule,likely_increase,structure_rule,none,prediction_only,计算描述符只能提示方向，不能等同于实测溶解度、渗透性、稳定性或口服吸收。
ARG__A1EFT,ARG,精氨酸,A1EFT,"(2~{S})-2-azanyl-5-[[(5~{R})-5-[4-[[9-chloranyl-7-(2-fluoranyl-6-methoxy-phenyl)-5~{H}-pyrimido[5,4-d][2]benzazepin-2-yl]amino]-2-methoxy-phenyl]-4-oxidanylidene-1,5-dihydroimidazol-2-yl]amino]pentanoic acid",构象限制型成环,新增29个C、1个Cl、1个F、6个N、3个O；母体中少了1个C、2个N；新增部分连接到母体原子9（N）,0,9,58.48,7.515,6,uncertain,structure_rule,uncertain,structure_rule,likely_increase,structure_rule,none,prediction_only,计算描述符只能提示方向，不能等同于实测溶解度、渗透性、稳定性或口服吸收。
ARG__A1LTQ,ARG,精氨酸,A1LTQ,ADP-RIBOXANATED ARGININE,立体化学改变 | 羟基化／氧化还原 | 侧链延长／增大 | 极性或带电基团 | 构象限制型成环,新增16个C、1个H、7个N、13个O、2个P；母体中少了1个C、3个N；新增部分连接到母体原子8（C）,4,16,223.74,0.35,9,uncertain,structure_rule,uncertain,structure_rule,uncertain,no_property_experiment,none,prediction_only,计算描述符只能提示方向，不能等同于实测溶解度、渗透性、稳定性或口服吸收。
ARG__AAR,ARG,精氨酸,AAR,ARGININEAMIDE,构象限制型成环,天然氨基酸末端羧基改为酰胺；其他附加变化按官方CCD名称和结构图记录,0,0,5.79,-0.599,0,likely_increase,structure_rule,uncertain,structure_rule,likely_increase,structure_rule,none,prediction_only,计算描述符只能提示方向，不能等同于实测溶解度、渗透性、稳定性或口服吸收。
ARG__AGM,ARG,精氨酸,AGM,5-METHYL-ARGININE,其他官能团替换,新增基团连接到母体的碳原子,0,0,0,0.388,0,likely_decrease,structure_rule,uncertain,structure_rule,uncertain,no_property_experiment,none,prediction_only,这是一条设计建议，不是性质结论；最终必须用同一肽骨架的母体/衍生物配对实验确认。
ARG__AR2,ARG,精氨酸,AR2,ARGINYL-BENZOTHIAZOLE-6-CARBOXYLIC ACID,复杂骨架重构,涉及多个原子和键的整体变化，不能可靠归为肽链上的一个替换原子,0,4,28.22,3.926,2,uncertain,structure_rule,uncertain,structure_rule,uncertain,no_property_experiment,none,prediction_only,结构重构分类不等于性质改善；需要完整构件的合成、构象和性质实验。
ARG__ARM,ARG,精氨酸,ARM,DEOXY-METHYL-ARGININE,复杂骨架重构,涉及多个原子和键的整体变化，不能可靠归为肽链上的一个替换原子,-1,1,-21.97,2.324,0,likely_decrease,structure_rule,likely_increase,structure_rule,uncertain,no_property_experiment,none,prediction_only,结构重构分类不等于性质改善；需要完整构件的合成、构象和性质实验。
ARG__ARO,ARG,精氨酸,ARO,C-GAMMA-HYDROXY ARGININE,羟基化／氧化还原,新增基团连接到母体的碳原子,1,1,20.23,-1.029,0,likely_increase,structure_rule,likely_decrease,structure_rule,uncertain,no_property_experiment,none,prediction_only,计算描述符只能提示方向，不能等同于实测溶解度、渗透性、稳定性或口服吸收。
ARG__BWV,ARG,精氨酸,BWV,N~5~-(N-butylcarbamimidoyl)-L-ornithine,构象限制型成环,新增4个C、1个H；新增部分连接到母体原子11（N）、母体原子12（N）,0,1,-15.73,3.251,3,likely_decrease,structure_rule,likely_increase,structure_rule,likely_increase,structure_rule,none,prediction_only,计算描述符只能提示方向，不能等同于实测溶解度、渗透性、稳定性或口服吸收。
ARG__C1J,ARG,精氨酸,C1J,N~5~-(N-octylcarbamimidoyl)-L-ornithine,构象限制型成环,新增8个C、1个H；新增部分连接到母体原子11（N）、母体原子12（N）,0,1,-15.73,4.811,7,likely_decrease,structure_rule,likely_increase,structure_rule,likely_increase,structure_rule,none,prediction_only,计算描述符只能提示方向，不能等同于实测溶解度、渗透性、稳定性或口服吸收。
ARG__C4G,ARG,精氨酸,C4G,N~5~-[N-(3-aminopropyl)carbamimidoyl]-L-ornithine,构象限制型成环,新增3个C、1个H、1个N；新增部分连接到母体原子11（N）、母体原子12（N）,1,2,10.29,1.799,3,uncertain,structure_rule,uncertain,structure_rule,likely_increase,structure_rule,none,prediction_only,计算描述符只能提示方向，不能等同于实测溶解度、渗透性、稳定性或口服吸收。
ARG__C67,ARG,精氨酸,C67,N~5~-[N-(2-carboxyethyl)carbamimidoyl]-L-ornithine,构象限制型成环,新增3个C、1个H、2个O；新增部分连接到母体原子11（N）、母体原子12（N）,1,2,21.57,1.925,3,uncertain,structure_rule,uncertain,structure_rule,likely_increase,structure_rule,none,prediction_only,计算描述符只能提示方向，不能等同于实测溶解度、渗透性、稳定性或口服吸收。
ARG__C6D,ARG,精氨酸,C6D,N~5~-[N-(3-hydroxypropyl)carbamimidoyl]-L-ornithine,构象限制型成环,新增3个C、1个H、1个O；新增部分连接到母体原子11（N）、母体原子12（N）,1,2,4.5,1.833,3,likely_decrease,structure_rule,uncertain,structure_rule,likely_increase,structure_rule,none,prediction_only,计算描述符只能提示方向，不能等同于实测溶解度、渗透性、稳定性或口服吸收。
ARG__CIR,ARG,精氨酸,CIR,CITRULLINE,构象限制型成环,精氨酸侧链末端胍基发生脱亚胺，末端亚胺氮替换为羰基氧，形成瓜氨酸,-1,1,-8.52,2.005,0,likely_decrease,structure_rule,uncertain,structure_rule,likely_increase,structure_rule,activity_or_binding,property_specific_experiment,这是位置和HLA亚型依赖的结合结果，不是普遍的活性或药代改善。
ARG__DA2,ARG,精氨酸,DA2,"NG,NG-DIMETHYL-L-ARGININE",构象限制型成环,新增2个C、1个H；新增部分连接到母体原子11（N）、母体原子12（N）,-1,1,-24.52,2.422,0,likely_decrease,structure_rule,likely_increase,structure_rule,likely_increase,structure_rule,none,prediction_only,计算描述符只能提示方向，不能等同于实测溶解度、渗透性、稳定性或口服吸收。
ARG__DIR,ARG,精氨酸,DIR,3-{[(E)-AMINO(HYDROXYIMINO)METHYL]AMINO}ALANINE,复杂骨架重构,涉及多个原子和键的整体变化，不能可靠归为肽链上的一个替换原子,0,2,7,0.85,-2,uncertain,structure_rule,uncertain,structure_rule,uncertain,no_property_experiment,none,prediction_only,结构重构分类不等于性质改善；需要完整构件的合成、构象和性质实验。
ARG__EI4,ARG,精氨酸,EI4,Enduracididine,复杂骨架重构,涉及多个原子和键的整体变化，不能可靠归为肽链上的一个替换原子,0,1,-15.73,1.443,-2,likely_decrease,structure_rule,likely_increase,structure_rule,uncertain,no_property_experiment,none,context_reference,属于完整肽、多变量证据。
ARG__FIO,ARG,精氨酸,FIO,N~5~-[(1E)-2-fluoroethanimidoyl]-L-ornithine,构象限制型成环,新增1个C、1个F、1个H；母体中少了1个N；新增部分连接到母体原子10（C）、母体原子11（N）,-1,1,-27.76,2.873,1,likely_decrease,structure_rule,likely_increase,structure_rule,likely_increase,structure_rule,none,prediction_only,计算描述符只能提示方向，不能等同于实测溶解度、渗透性、稳定性或口服吸收。
ARG__G3M,ARG,精氨酸,G3M,(3S)-N~6~-carbamimidoyl-3-hydroxy-L-lysine,构象限制型成环,新增1个C、1个H、1个N、3个O；母体中少了1个N、2个O；新增部分连接到母体原子11（N）、母体原子3（C）、母体原子4（C）,1,2,18.49,1.18,1,uncertain,structure_rule,uncertain,structure_rule,likely_increase,structure_rule,none,prediction_only,计算描述符只能提示方向，不能等同于实测溶解度、渗透性、稳定性或口服吸收。
ARG__HAR,ARG,精氨酸,HAR,N-OMEGA-HYDROXY-L-ARGININE,构象限制型成环,新增1个O；新增部分连接到母体原子12（N）,1,2,4.5,1.84,0,likely_decrease,structure_rule,uncertain,structure_rule,likely_increase,structure_rule,none,prediction_only,计算描述符只能提示方向，不能等同于实测溶解度、渗透性、稳定性或口服吸收。
ARG__HMR,ARG,精氨酸,HMR,BETA-HOMOARGININE,复杂骨架重构,涉及多个原子和键的整体变化，不能可靠归为肽链上的一个替换原子,0,1,-1.74,2.21,1,likely_decrease,structure_rule,uncertain,structure_rule,increase,specific_residue_comparison,proteolytic_stability | activity_or_binding,property_specific_experiment,结论是特定蛋白酶抑制和选择性，不是渗透或口服吸收。
ARG__HR7,ARG,精氨酸,HR7,(3S)-3-amino-6-[(diaminomethylidene)amino]hexanoic acid,复杂骨架重构,涉及多个原子和键的整体变化，不能可靠归为肽链上的一个替换原子,-1,1,0.76,2,1,likely_decrease,structure_rule,uncertain,structure_rule,increase,complete_peptide_context,none,context_reference,一个是多位点β肽，一个是特定蛋白酶序列。
ARG__HRG,ARG,精氨酸,HRG,L-HOMOARGININE,构象限制型成环,新增1个C、1个N、2个O；母体中少了1个N、2个O；新增部分连接到母体原子4（C）,0,1,-1.74,2.21,1,likely_decrease,structure_rule,uncertain,structure_rule,increase,specific_residue_comparison,proteolytic_stability | activity_or_binding,property_specific_experiment,稳定性改善已经直接测定，但限于Apelin骨架和该切点。
ARG__IAR,ARG,精氨酸,IAR,(2E)-5-[(diaminomethylidene)amino]-2-iminopentanoic acid,构象限制型成环,新增2个H；新增部分连接到母体原子11（N）、母体原子7（N）；检测到1处键级变化,0,1,-3.91,2.512,0,likely_decrease,structure_rule,uncertain,structure_rule,likely_increase,structure_rule,none,prediction_only,计算描述符只能提示方向，不能等同于实测溶解度、渗透性、稳定性或口服吸收。
ARG__IOR,ARG,精氨酸,IOR,"N~5~-[(5R)-5-methyl-4-oxo-4,5-dihydro-1H-imidazol-2-yl]-L-ornithine",构象限制型成环,新增4个C、2个N、1个O；母体中少了1个C、2个N；新增部分连接到母体原子9（N）,-1,3,-10.15,1.8,0,likely_decrease,structure_rule,likely_increase,structure_rule,likely_increase,structure_rule,none,prediction_only,计算描述符只能提示方向，不能等同于实测溶解度、渗透性、稳定性或口服吸收。
ARG__J9Y,ARG,精氨酸,J9Y,(2S)-2-amino-5-{[(E)-amino(methylamino)methylidene](hydroxy)azaniumyl}pentanoate,构象限制型成环,新增1个C、1个O；新增部分连接到母体原子11（N）、母体原子9（N）；检测到2处键级变化,-1,2,0.48,-0.062,0,uncertain,structure_rule,uncertain,structure_rule,likely_increase,structure_rule,none,prediction_only,计算描述符只能提示方向，不能等同于实测溶解度、渗透性、稳定性或口服吸收。
ARG__MGG,ARG,精氨酸,MGG,2-(2-CARBOXY-ACETYLAMINO)-5-GUANIDINO-PENTANOIC ACID,N-取代／酰化,新增基团连接到母体的氮原子,1,1,40.38,-0.368,3,likely_increase,structure_rule,likely_decrease,structure_rule,likely_increase,structure_rule,none,context_reference,当前记录没有本CCD的单点性质对照；同类论文只用于给出筛选方向。
ARG__MMO,ARG,精氨酸,MMO,N~2~-methyl-L-arginine,构象限制型成环,新增1个C、1个H；新增部分连接到母体原子11（N）、母体原子7（N）,0,1,-15.73,2.08,1,likely_decrease,structure_rule,likely_increase,structure_rule,likely_increase,structure_rule,none,property_specific_experiment,不是普遍膜渗透规律，论文明确观察到情境依赖。
ARG__MYN,ARG,精氨酸,MYN,"(2S)-amino[(4R)-2-amino-1,4,5,6-tetrahydropyrimidin-4-yl]ethanoic acid",复杂骨架重构,涉及多个原子和键的整体变化，不能可靠归为肽链上的一个替换原子,-1,3,-13.23,1.233,-3,likely_decrease,structure_rule,likely_increase,structure_rule,uncertain,no_property_experiment,none,prediction_only,结构重构分类不等于性质改善；需要完整构件的合成、构象和性质实验。
ARG__NMM,ARG,精氨酸,NMM,(2S)-2-amino-5-[(N-methylcarbamimidoyl)amino]pentanoic acid,构象限制型成环,新增1个C、1个H；新增部分连接到母体原子11（N）、母体原子12（N）,0,1,-15.73,2.08,0,likely_decrease,structure_rule,likely_increase,structure_rule,likely_increase,structure_rule,none,prediction_only,计算描述符只能提示方向，不能等同于实测溶解度、渗透性、稳定性或口服吸收。
ARG__NNH,ARG,精氨酸,NNH,NOR-N-OMEGA-HYDROXY-L-ARGININE,构象限制型成环,新增1个H、1个N、3个O；母体中少了1个C、1个N、2个O；新增部分连接到母体原子11（N）、母体原子12（N）、母体原子2（C）、母体原子3（C）,1,2,4.5,1.45,-1,likely_decrease,structure_rule,uncertain,structure_rule,likely_increase,structure_rule,activity_or_binding,property_specific_experiment,不支持一般肽的渗透、稳定或口服吸收。
ARG__ORQ,ARG,精氨酸,ORQ,N~5~-ACETYL-L-ORNITHINE,构象限制型成环,新增1个C、1个O；母体中少了2个N；新增部分连接到母体原子10（C）,-2,1,-34.54,2.473,0,likely_decrease,structure_rule,likely_increase,structure_rule,likely_increase,structure_rule,none,prediction_only,计算描述符只能提示方向，不能等同于实测溶解度、渗透性、稳定性或口服吸收。
ARG__POK,ARG,精氨酸,POK,2-[[~{N}-[(4~{S})-4-azanyl-5-oxidanylidene-pentyl]carbamimidoyl]amino]ethanoic acid,构象限制型成环,新增2个C、1个H、2个O；新增部分连接到母体原子11（N）、母体原子12（N）,1,2,21.57,1.535,2,uncertain,structure_rule,uncertain,structure_rule,likely_increase,structure_rule,none,prediction_only,计算描述符只能提示方向，不能等同于实测溶解度、渗透性、稳定性或口服吸收。
ARG__RGL,ARG,精氨酸,RGL,ARGINAL,复杂骨架重构,涉及多个原子和键的整体变化，不能可靠归为肽链上的一个替换原子,-1,0,-20.23,0.114,0,uncertain,structure_rule,uncertain,structure_rule,change_expected,complete_peptide_context,none,context_reference,支持靶点抑制，不等于溶解度或口服性改善。
ARG__RPI,ARG,精氨酸,RPI,phospho-arginine,构象限制型成环,新增1个H、3个O、1个P；新增部分连接到母体原子11（N）、母体原子12（N）,2,2,41.8,1.543,1,uncertain,structure_rule,uncertain,structure_rule,change_expected,complete_peptide_context,none,context_reference,多位点完整蛋白结果，不是单个位点的药代性质。
ARG__THZ,ARG,精氨酸,THZ,"1-[(4S)-4-amino-5-(1,3-benzothiazol-2-yl)-5-oxopentyl]guanidine",复杂骨架重构,涉及多个原子和键的整体变化，不能可靠归为肽链上的一个替换原子,-1,3,-9.08,4.228,1,likely_decrease,structure_rule,uncertain,structure_rule,uncertain,no_property_experiment,none,prediction_only,结构重构分类不等于性质改善；需要完整构件的合成、构象和性质实验。
ARG__VR0,ARG,精氨酸,VR0,N~5~-[N-(methylcarbamoyl)carbamimidoyl]-L-ornithine,构象限制型成环,新增2个C、1个H、1个N、1个O；新增部分连接到母体原子11（N）、母体原子12（N）,1,2,13.37,1.79,0,uncertain,structure_rule,uncertain,structure_rule,likely_increase,structure_rule,none,prediction_only,计算描述符只能提示方向，不能等同于实测溶解度、渗透性、稳定性或口服吸收。
ARG__WYK,ARG,精氨酸,WYK,"(2S,4S)-4-hydroxy-L-arginine",构象限制型成环,新增1个H、1个O；新增部分连接到母体原子11（N）、母体原子1（C）,1,2,18.49,0.79,0,uncertain,structure_rule,uncertain,structure_rule,likely_increase,structure_rule,none,prediction_only,计算描述符只能提示方向，不能等同于实测溶解度、渗透性、稳定性或口服吸收。
ASN__02L,ASN,天冬酰胺,02L,"N-(2,2-dimethylpropyl)-L-asparagine",N-取代／酰化,新增基团连接到母体的氮原子,0,0,-13.99,1.677,1,likely_decrease,structure_rule,likely_increase,structure_rule,likely_increase,structure_rule,none,context_reference,当前记录没有本CCD的单点性质对照；同类论文只用于给出筛选方向。
ASN__41Q,ASN,天冬酰胺,41Q,4-imino-L-homoserine,构象限制型成环,新增1个H；新增部分连接到母体原子9（N）；检测到2处键级变化,1,0,0.99,1.05,0,likely_decrease,structure_rule,uncertain,structure_rule,likely_increase,structure_rule,none,prediction_only,计算描述符只能提示方向，不能等同于实测溶解度、渗透性、稳定性或口服吸收。
ASN__5VV,ASN,天冬酰胺,5VV,N-carbamoyl-L-Asparagine,N-取代／酰化,新增基团连接到母体的氮原子,1,0,23.31,0.309,1,uncertain,structure_rule,likely_decrease,structure_rule,likely_increase,structure_rule,none,context_reference,当前记录没有本CCD的单点性质对照；同类论文只用于给出筛选方向。
ASN__823,ASN,天冬酰胺,823,"N,N-bis(3-sulfanylpropyl)-L-asparagine",N-取代／酰化,新增基团连接到母体的氮原子,1,2,-22.78,1.983,6,likely_decrease,structure_rule,likely_increase,structure_rule,likely_increase,structure_rule,none,context_reference,当前记录没有本CCD的单点性质对照；同类论文只用于给出筛选方向。
ASN__9DN,ASN,天冬酰胺,9DN,DANSYL-L-ASPARAGINE,N-取代／酰化,新增基团连接到母体的氮原子,0,2,23.39,2.239,4,uncertain,structure_rule,uncertain,structure_rule,likely_increase,structure_rule,none,context_reference,当前记录没有本CCD的单点性质对照；同类论文只用于给出筛选方向。
ASN__A1LUT,ASN,天冬酰胺,A1LUT,(3R)-3-HYDROXY-ASPARAGINE,羟基化／氧化还原,新增基团连接到母体的碳原子,1,1,20.23,-1.029,0,likely_increase,structure_rule,likely_decrease,structure_rule,uncertain,no_property_experiment,none,prediction_only,计算描述符只能提示方向，不能等同于实测溶解度、渗透性、稳定性或口服吸收。
ASN__A5N,ASN,天冬酰胺,A5N,O-carboxy-4-imino-L-homoserine,构象限制型成环,新增1个C、1个H、2个O；新增部分连接到母体原子8（O）、母体原子9（N）；检测到2处键级变化,1,2,27.29,1.186,0,uncertain,structure_rule,uncertain,structure_rule,likely_increase,structure_rule,none,prediction_only,计算描述符只能提示方向，不能等同于实测溶解度、渗透性、稳定性或口服吸收。
ASN__AFA,ASN,天冬酰胺,AFA,"N-[7-METHYL-OCT-2,4-DIENOYL]ASPARAGINE",N-取代／酰化,新增基团连接到母体的氮原子,0,0,3.08,2.316,5,likely_decrease,structure_rule,uncertain,structure_rule,likely_increase,structure_rule,none,context_reference,当前记录没有本CCD的单点性质对照；同类论文只用于给出筛选方向。
ASN__AHB,ASN,天冬酰胺,AHB,BETA-HYDROXYASPARAGINE,羟基化／氧化还原,新增基团连接到母体的碳原子,1,1,20.23,-1.029,0,likely_increase,structure_rule,likely_decrease,structure_rule,uncertain,no_property_experiment,none,prediction_only,计算描述符只能提示方向，不能等同于实测溶解度、渗透性、稳定性或口服吸收。
ASN__AS7,ASN,天冬酰胺,AS7,N4-(4-cyanobenzyl)-L-asparagine,N-取代／酰化,新增基团连接到母体的氮原子,0,1,9.8,1.702,2,uncertain,structure_rule,uncertain,structure_rule,likely_increase,structure_rule,none,context_reference,当前记录没有本CCD的单点性质对照；同类论文只用于给出筛选方向。
ASN__B3X,ASN,天冬酰胺,B3X,"(3S)-3,5-DIAMINO-5-OXOPENTANOIC ACID",复杂骨架重构,涉及多个原子和键的整体变化，不能可靠归为肽链上的一个替换原子,0,0,0,0.39,1,likely_decrease,structure_rule,uncertain,structure_rule,uncertain,no_property_experiment,none,prediction_only,结构重构分类不等于性质改善；需要完整构件的合成、构象和性质实验。
ASN__CE7,ASN,天冬酰胺,CE7,"(3S)-3-amino-4,4,4-trihydroxybutanamide",构象限制型成环,新增1个O；新增部分连接到母体原子3（C）；检测到1处键级变化,2,2,23.39,-1.454,0,likely_increase,structure_rule,likely_decrease,structure_rule,likely_increase,structure_rule,none,prediction_only,计算描述符只能提示方向，不能等同于实测溶解度、渗透性、稳定性或口服吸收。
ASN__DMH,ASN,天冬酰胺,DMH,"N4,N4-DIMETHYL-ASPARAGINE",N-取代／酰化,新增基团连接到母体的氮原子,-1,0,-22.78,0.603,0,likely_decrease,structure_rule,likely_increase,structure_rule,likely_increase,structure_rule,activity_or_binding,property_specific_experiment,效力和持续时间方向已测定，但没有单独测量该残基对溶解度、膜渗透或口服生物利用度的影响。
ASN__MEN,ASN,天冬酰胺,MEN,N-METHYL ASPARAGINE,N-取代／酰化,新增基团连接到母体的氮原子,0,0,-13.99,0.26,0,likely_decrease,structure_rule,likely_increase,structure_rule,likely_increase,structure_rule,none,context_reference,当前记录没有本CCD的单点性质对照；同类论文只用于给出筛选方向。
ASN__SD4,ASN,天冬酰胺,SD4,N-hydroxy-L-asparagine,N-取代／酰化,新增基团连接到母体的氮原子,1,1,6.24,0.02,0,uncertain,structure_rule,uncertain,structure_rule,likely_increase,structure_rule,none,context_reference,当前记录没有本CCD的单点性质对照；同类论文只用于给出筛选方向。
ASN__SNN,ASN,天冬酰胺,SNN,L-3-AMINOSUCCINIMIDE,复杂骨架重构,涉及多个原子和键的整体变化，不能可靠归为肽链上的一个替换原子,-1,0,-34.22,0.086,-3,uncertain,structure_rule,uncertain,structure_rule,uncertain,no_property_experiment,none,prediction_only,结构重构分类不等于性质改善；需要完整构件的合成、构象和性质实验。
ASN__XSN,ASN,天冬酰胺,XSN,L-alpha-asparagine,复杂骨架重构,涉及多个原子和键的整体变化，不能可靠归为肽链上的一个替换原子,0,0,0,0,0,uncertain,structure_rule,uncertain,structure_rule,uncertain,no_property_experiment,none,prediction_only,结构重构分类不等于性质改善；需要完整构件的合成、构象和性质实验。
ASP__0A0,ASP,天冬氨酸,0A0,2-methyl-L-aspartic acid,其他官能团替换,新增基团连接到母体的碳原子,0,0,0,0.39,0,likely_decrease,structure_rule,uncertain,structure_rule,uncertain,no_property_experiment,none,prediction_only,这是一条设计建议，不是性质结论；最终必须用同一肽骨架的母体/衍生物配对实验确认。
ASP__0AK,ASP,天冬氨酸,0AK,(2S)-2-amino-4-(2-chloroethoxy)-4-oxobutanoic acid,卤代,新增基团连接到母体的氧原子,-1,1,-11,0.697,2,likely_decrease,structure_rule,likely_increase,structure_rule,uncertain,no_property_experiment,none,prediction_only,计算描述符只能提示方向，不能等同于实测溶解度、渗透性、稳定性或口服吸收。
ASP__0TD,ASP,天冬氨酸,0TD,(3S)-3-(methylsulfanyl)-L-aspartic acid,极性或带电基团,新增基团连接到母体的碳原子,0,1,0,0.342,1,likely_decrease,structure_rule,uncertain,structure_rule,uncertain,no_property_experiment,none,prediction_only,计算描述符只能提示方向，不能等同于实测溶解度、渗透性、稳定性或口服吸收。
ASP__7ID,ASP,天冬氨酸,7ID,(2~{S})-4-[[(2~{S})-5-[[azanyl($l^{4}-azanylidene)methyl]amino]-1-$l^{1}-oxidanyl-1-oxidanylidene-pentan-2-yl]amino]-2-$l^{2}-azanyl-4-oxidanylidene-butanoic acid,构象限制型成环,官方CCD化学名称“(2~{S})-4-[[(2~{S})-5-[[azanyl($l^{4}-azanylidene)methyl]amino]-1-$l^{1}-oxidanyl-1-oxidanylidene-pentan-2-yl]amino]-2-$l^{2}-azanyl-4-oxidanylidene-butanoic acid”确定了改造区域；结构叠合覆盖天然母体89%。新增6个C、1个H、4个N、2个O；母体中少了1个O；新增部分连接到母体原子7（C）,4,2,91,-1.252,6,likely_increase,structure_rule,likely_decrease,structure_rule,likely_increase,structure_rule,none,context_reference,这是构象限制这一类改造的参考，不是当前CCD的直接实验。
ASP__7TK,ASP,天冬氨酸,7TK,(3S)-3-azanyl-4-oxidanylidene-4-pyrrolidin-1-yl-butanoic acid,复杂骨架重构,涉及多个原子和键的整体变化，不能可靠归为肽链上的一个替换原子,-1,0,-16.99,0.538,0,likely_decrease,structure_rule,likely_increase,structure_rule,uncertain,no_property_experiment,none,prediction_only,结构重构分类不等于性质改善；需要完整构件的合成、构象和性质实验。
ASP__999,ASP,天冬氨酸,999,(3S)-3-hydroxy-D-aspartic acid,羟基化／氧化还原,新增基团连接到母体的碳原子,1,1,20.23,-1.029,0,likely_increase,structure_rule,likely_decrease,structure_rule,uncertain,no_property_experiment,none,prediction_only,计算描述符只能提示方向，不能等同于实测溶解度、渗透性、稳定性或口服吸收。
ASP__A1ER5,ASP,天冬氨酸,A1ER5,(2~{S})-2-azanyl-4-oxidanylidene-4-[(2~{R})-1-oxidanyl-1-oxidanylidene-3-phenyl-propan-2-yl]oxy-butanoic acid,羟基化／氧化还原,新增基团连接到母体的氧原子,0,2,26.3,1.155,4,uncertain,structure_rule,uncertain,structure_rule,uncertain,no_property_experiment,none,prediction_only,计算描述符只能提示方向，不能等同于实测溶解度、渗透性、稳定性或口服吸收。
ASP__ASA,ASP,天冬氨酸,ASA,ASPARTIC ALDEHYDE,复杂骨架重构,涉及多个原子和键的整体变化，不能可靠归为肽链上的一个替换原子,-1,0,-20.23,0.114,0,uncertain,structure_rule,uncertain,structure_rule,uncertain,no_property_experiment,none,prediction_only,结构重构分类不等于性质改善；需要完整构件的合成、构象和性质实验。
ASP__ASB,ASP,天冬氨酸,ASB,ASPARTIC ACID-4-CARBOXYMETHYL ESTER,羟基化／氧化还原,新增基团连接到母体的氧原子,0,2,26.3,-0.457,2,likely_increase,structure_rule,likely_decrease,structure_rule,uncertain,no_property_experiment,none,prediction_only,计算描述符只能提示方向，不能等同于实测溶解度、渗透性、稳定性或口服吸收。
ASP__ASL,ASP,天冬氨酸,ASL,ASPARTIC ACID-4-CARBOXYETHYL ESTER,羟基化／氧化还原,新增基团连接到母体的氧原子,0,2,26.3,-0.068,2,likely_increase,structure_rule,likely_decrease,structure_rule,uncertain,no_property_experiment,none,prediction_only,计算描述符只能提示方向，不能等同于实测溶解度、渗透性、稳定性或口服吸收。
ASP__B3D,ASP,天冬氨酸,B3D,3-AMINOPENTANEDIOIC ACID,复杂骨架重构,涉及多个原子和键的整体变化，不能可靠归为肽链上的一个替换原子,0,0,0,0.39,1,likely_decrease,structure_rule,uncertain,structure_rule,uncertain,no_property_experiment,none,prediction_only,结构重构分类不等于性质改善；需要完整构件的合成、构象和性质实验。
ASP__BFD,ASP,天冬氨酸,BFD,ASPARTATE BERYLLIUM TRIFLUORIDE,卤代,新增基团连接到母体的氧原子,-1,1,-11,0.803,1,likely_decrease,structure_rule,likely_increase,structure_rule,uncertain,no_property_experiment,none,context_reference,属于配位模拟物和完整蛋白证据，不是独立单体性质。
ASP__BH2,ASP,天冬氨酸,BH2,(3R)-3-hydroxy-L-aspartic acid,羟基化／氧化还原,新增基团连接到母体的碳原子,1,1,20.23,-1.029,0,likely_increase,structure_rule,likely_decrease,structure_rule,uncertain,no_property_experiment,none,prediction_only,计算描述符只能提示方向，不能等同于实测溶解度、渗透性、稳定性或口服吸收。
ASP__BHD,ASP,天冬氨酸,BHD,(3S)-3-hydroxy-L-aspartic acid,羟基化／氧化还原,新增基团连接到母体的碳原子,1,1,20.23,-1.029,0,likely_increase,structure_rule,likely_decrease,structure_rule,uncertain,no_property_experiment,none,prediction_only,计算描述符只能提示方向，不能等同于实测溶解度、渗透性、稳定性或口服吸收。
ASP__D2T,ASP,天冬氨酸,D2T,(3R)-3-(methylsulfanyl)-L-aspartic acid,极性或带电基团,新增基团连接到母体的碳原子,0,1,0,0.342,1,likely_decrease,structure_rule,uncertain,structure_rule,uncertain,no_property_experiment,none,prediction_only,计算描述符只能提示方向，不能等同于实测溶解度、渗透性、稳定性或口服吸收。
ASP__DMK,ASP,天冬氨酸,DMK,"3,3-DIMETHYL ASPARTIC ACID",侧链延长／增大,新增基团连接到母体的碳原子,0,0,0,0.636,0,likely_decrease,structure_rule,uncertain,structure_rule,uncertain,no_property_experiment,none,prediction_only,这是一条设计建议，不是性质结论；最终必须用同一肽骨架的母体/衍生物配对实验确认。
ASP__DYA,ASP,天冬氨酸,DYA,DIDEHYDROASPARTATE,构象限制型成环,检测到1处键级变化,0,0,0,0.125,-1,uncertain,structure_rule,uncertain,structure_rule,likely_increase,structure_rule,none,prediction_only,这是一条设计建议，不是性质结论；最终必须用同一肽骨架的母体/衍生物配对实验确认。
ASP__FL6,ASP,天冬氨酸,FL6,(2S)-2-azanyl-4-methoxy-4-oxidanylidene-butanoic acid,羟基化／氧化还原,新增基团连接到母体的氧原子,-1,1,-11,0.088,0,uncertain,structure_rule,uncertain,structure_rule,uncertain,no_property_experiment,none,prediction_only,计算描述符只能提示方向，不能等同于实测溶解度、渗透性、稳定性或口服吸收。
ASP__KKD,ASP,天冬氨酸,KKD,N-acetyl-L-aspartic acid,N-取代／酰化,新增基团连接到母体的氮原子,0,0,3.08,0.177,1,uncertain,structure_rule,uncertain,structure_rule,likely_increase,structure_rule,none,context_reference,当前记录没有本CCD的单点性质对照；同类论文只用于给出筛选方向。
ASP__OHS,ASP,天冬氨酸,OHS,O-(CARBOXYSULFANYL)-4-OXO-L-HOMOSERINE,羟基化／氧化还原,新增基团连接到母体的氧原子,0,3,26.3,0.785,0,uncertain,structure_rule,uncertain,structure_rule,uncertain,no_property_experiment,none,prediction_only,计算描述符只能提示方向，不能等同于实测溶解度、渗透性、稳定性或口服吸收。
ASP__OXX,ASP,天冬氨酸,OXX,OXALYL-ASPARTYL ANHYDRIDE,羟基化／氧化还原,新增基团连接到母体的氧原子,-1,4,46.2,-2.265,0,likely_increase,structure_rule,likely_decrease,structure_rule,uncertain,no_property_experiment,none,prediction_only,计算描述符只能提示方向，不能等同于实测溶解度、渗透性、稳定性或口服吸收。
ASP__PHD,ASP,天冬氨酸,PHD,ASPARTYL PHOSPHATE,羟基化／氧化还原,新增基团连接到母体的氧原子,1,2,46.53,-0.449,1,likely_increase,structure_rule,likely_decrease,structure_rule,change_expected,complete_peptide_context,none,context_reference,这是特定响应调节蛋白的功能和化学稳定性证据，不是普遍的结合增强。
ASP__SIC,ASP,天冬氨酸,SIC,"(2R)-2-[(3S)-3-amino-2,5-dioxopyrrolidin-1-yl]-3-sulfanylpropanoic acid",复杂骨架重构,涉及多个原子和键的整体变化，不能可靠归为肽链上的一个替换原子,0,2,0.08,-0.417,0,likely_increase,structure_rule,uncertain,structure_rule,uncertain,no_property_experiment,none,prediction_only,结构重构分类不等于性质改善；需要完整构件的合成、构象和性质实验。
ASP__SUI,ASP,天冬氨酸,SUI,"(3-AMINO-2,5-DIOXO-1-PYRROLIDINYL)ACETIC ACID",羟基化／氧化还原,天冬氨酸相关骨架发生分子内缩合，形成琥珀酰亚胺环并保留乙酸侧链,-1,1,0.08,-0.716,-1,likely_increase,structure_rule,uncertain,structure_rule,uncertain,no_property_experiment,none,prediction_only,计算描述符只能提示方向，不能等同于实测溶解度、渗透性、稳定性或口服吸收。
ASP__TAV,ASP,天冬氨酸,TAV,N-METHYL-N-{2-[(2-NAPHTHYLSULFONYL)AMINO]-5-[(2-NAPHTHYLSULFONYL)OXY]BENZOYL}-L-ASPARTIC ACID,N-取代／酰化,新增基团连接到母体的氮原子,0,5,83.83,5.688,8,uncertain,structure_rule,uncertain,structure_rule,likely_increase,structure_rule,none,context_reference,当前记录没有本CCD的单点性质对照；同类论文只用于给出筛选方向。
ASP__XYG,ASP,天冬氨酸,XYG,"[(4Z)-2-[(1Z)-ETHANIMIDOYL]-4-(4-HYDROXYBENZYLIDENE)-5-OXO-4,5-DIHYDRO-1H-IMIDAZOL-1-YL]ACETIC ACID",复杂骨架重构,涉及多个原子和键的整体变化，不能可靠归为肽链上的一个替换原子,0,2,13.43,2.225,1,uncertain,structure_rule,uncertain,structure_rule,uncertain,no_property_experiment,none,prediction_only,结构重构分类不等于性质改善；需要完整构件的合成、构象和性质实验。
ASP__ZJU,ASP,天冬氨酸,ZJU,N-SUCCINYL-ASPARTIC ACID,N-取代／酰化,新增基团连接到母体的氮原子,1,1,40.38,0.022,4,likely_increase,structure_rule,likely_decrease,structure_rule,likely_increase,structure_rule,none,context_reference,当前记录没有本CCD的单点性质对照；同类论文只用于给出筛选方向。
CYS__03Y,CYS,半胱氨酸,03Y,2-methyl-L-cysteine,α位取代／构象限制,α-碳原子（同时连接氨基、羧基和含硫侧链的中心碳）,0,0,0,0.39,0,likely_decrease,structure_rule,uncertain,structure_rule,likely_increase,structure_rule,synthesis_or_reactivity,property_specific_experiment,该证据证明的是C端连接反应性和合成兼容性，不证明该残基能够提高膜渗透性、稳定性或口服生物利用度。
CYS__07O,CYS,半胱氨酸,07O,S-[(2S)-2-phenylpropanoyl]-L-cysteine,羟基化／氧化还原,新增基团连接到母体的硫原子,-1,1,17.07,2.134,3,uncertain,structure_rule,uncertain,structure_rule,uncertain,no_property_experiment,none,prediction_only,计算描述符只能提示方向，不能等同于实测溶解度、渗透性、稳定性或口服吸收。
CYS__0A8,CYS,半胱氨酸,0A8,S-[(2-chloroethyl)carbamoyl]-L-cysteine,卤代,新增基团连接到母体的硫原子,0,1,29.1,0.752,3,uncertain,structure_rule,uncertain,structure_rule,uncertain,no_property_experiment,none,prediction_only,计算描述符只能提示方向，不能等同于实测溶解度、渗透性、稳定性或口服吸收。
CYS__0QL,CYS,半胱氨酸,0QL,3-[(2-aminoethyl)disulfanyl]-L-alanine,侧链延长／增大,新增基团连接到母体的硫原子,0,2,26.02,0.41,4,uncertain,structure_rule,likely_decrease,structure_rule,uncertain,no_property_experiment,none,prediction_only,计算描述符只能提示方向，不能等同于实测溶解度、渗透性、稳定性或口服吸收。
CYS__143,CYS,半胱氨酸,143,"S-2,3-DIHYDRO-5-GLYCIN-2-YL-ISOXAZOL-3-YL-CYSTEINE",羟基化／氧化还原,新增基团连接到母体的硫原子,2,4,84.58,-1.04,4,likely_increase,structure_rule,likely_decrease,structure_rule,uncertain,no_property_experiment,none,prediction_only,计算描述符只能提示方向，不能等同于实测溶解度、渗透性、稳定性或口服吸收。
CYS__2CO,CYS,半胱氨酸,2CO,S-HYDROPEROXYCYSTEINE,羟基化／氧化还原,新增基团连接到母体的硫原子,0,2,29.46,0.208,2,uncertain,structure_rule,likely_decrease,structure_rule,uncertain,no_property_experiment,none,prediction_only,计算描述符只能提示方向，不能等同于实测溶解度、渗透性、稳定性或口服吸收。
CYS__2XA,CYS,半胱氨酸,2XA,(2R)-2-AMINO-3-[(4-CHLOROPHENYL)-DIPHENYL-METHYL]SULFANYL-PROPANOIC ACID,卤代,新增基团连接到母体的硫原子,-1,0,0,5.449,5,likely_decrease,structure_rule,uncertain,structure_rule,uncertain,no_property_experiment,none,prediction_only,这是一条设计建议，不是性质结论；最终必须用同一肽骨架的母体/衍生物配对实验确认。
CYS__30V,CYS,半胱氨酸,30V,S-[(2-carbamoylphenyl)selanyl]-L-cysteine,羟基化／氧化还原,新增基团连接到母体的硫原子,0,1,43.09,-0.153,4,likely_increase,structure_rule,likely_decrease,structure_rule,uncertain,no_property_experiment,none,prediction_only,计算描述符只能提示方向，不能等同于实测溶解度、渗透性、稳定性或口服吸收。
CYS__31Q,CYS,半胱氨酸,31Q,(4-carboxyphenyl)(L-cysteinato-kappaS~3~)mercury,羟基化／氧化还原,新增基团连接到母体的硫原子,0,1,37.3,0.825,4,uncertain,structure_rule,uncertain,structure_rule,uncertain,no_property_experiment,none,prediction_only,计算描述符只能提示方向，不能等同于实测溶解度、渗透性、稳定性或口服吸收。
CYS__3X9,CYS,半胱氨酸,3X9,"3-{[(1-hydroxy-2,2,5,5-tetramethyl-2,5-dihydro-1H-pyrrol-3-yl)methyl]disulfanyl}-L-alanine",羟基化／氧化还原,新增基团连接到母体的硫原子,0,3,23.47,2.64,4,uncertain,structure_rule,uncertain,structure_rule,uncertain,no_property_experiment,none,context_reference,支持结构生物学标记用途，不支持渗透、稳定或口服吸收改善。
CYS__4GJ,CYS,半胱氨酸,4GJ,3-(pyridin-4-yldisulfanyl)-L-alanine,侧链延长／增大,新增基团连接到母体的硫原子,-1,2,12.89,1.906,3,uncertain,structure_rule,uncertain,structure_rule,uncertain,no_property_experiment,none,prediction_only,计算描述符只能提示方向，不能等同于实测溶解度、渗透性、稳定性或口服吸收。
CYS__4J4,CYS,半胱氨酸,4J4,"S-(2-{[(2',4'-difluorobiphenyl-4-yl)methyl]amino}-2-oxoethyl)-L-cysteine",卤代,新增基团连接到母体的硫原子,0,1,29.1,3.065,6,uncertain,structure_rule,uncertain,structure_rule,uncertain,no_property_experiment,none,prediction_only,计算描述符只能提示方向，不能等同于实测溶解度、渗透性、稳定性或口服吸收。
CYS__5CS,CYS,半胱氨酸,5CS,2-AMINO-3-(CYSTEIN-S-YL)-ISOXAZOLIDIN-5-YL-ACETIC ACID,羟基化／氧化还原,新增基团连接到母体的硫原子,2,4,84.58,-1.165,4,likely_increase,structure_rule,likely_decrease,structure_rule,uncertain,no_property_experiment,none,prediction_only,计算描述符只能提示方向，不能等同于实测溶解度、渗透性、稳定性或口服吸收。
CYS__60F,CYS,半胱氨酸,60F,(2~{R})-2-azanyl-3-[(~{E})-3-(4-hydroxyphenyl)prop-2-enoyl]sulfanyl-propanoic acid,羟基化／氧化还原,新增基团连接到母体的硫原子,0,2,37.3,1.749,3,uncertain,structure_rule,uncertain,structure_rule,uncertain,no_property_experiment,none,prediction_only,计算描述符只能提示方向，不能等同于实测溶解度、渗透性、稳定性或口服吸收。
CYS__6M6,CYS,半胱氨酸,6M6,S-[(2-phenylethyl)carbamothioyl]-L-cysteine,侧链延长／增大,新增基团连接到母体的硫原子,0,1,12.03,1.921,4,uncertain,structure_rule,uncertain,structure_rule,uncertain,no_property_experiment,none,prediction_only,计算描述符只能提示方向，不能等同于实测溶解度、渗透性、稳定性或口服吸收。
CYS__6V1,CYS,半胱氨酸,6V1,"(2~{R})-2-azanyl-3-[(3~{R})-1-ethyl-2,5-bis(oxidanylidene)pyrrolidin-3-yl]sulfanyl-propanoic acid",羟基化／氧化还原,新增基团连接到母体的硫原子,-1,2,37.38,-0.049,3,likely_increase,structure_rule,likely_decrease,structure_rule,uncertain,no_property_experiment,none,prediction_only,计算描述符只能提示方向，不能等同于实测溶解度、渗透性、稳定性或口服吸收。
CYS__6WK,CYS,半胱氨酸,6WK,"(2~{R})-2-azanyl-3-[[(2~{S},3~{S})-2,3-bis(oxidanyl)-4-sulfanyl-butyl]disulfanyl]propanoic acid",羟基化／氧化还原,新增基团连接到母体的硫原子,2,4,40.46,0.103,6,uncertain,structure_rule,likely_decrease,structure_rule,uncertain,no_property_experiment,none,prediction_only,计算描述符只能提示方向，不能等同于实测溶解度、渗透性、稳定性或口服吸收。
CYS__85F,CYS,半胱氨酸,85F,(2R)-2-azanyl-3-[(2R)-2-azanyl-3-oxidanyl-3-oxidanylidene-propyl]sulfanyl-propanoic acid,羟基化／氧化还原,新增基团连接到母体的硫原子,1,2,63.32,-0.785,4,likely_increase,structure_rule,likely_decrease,structure_rule,uncertain,no_property_experiment,none,prediction_only,计算描述符只能提示方向，不能等同于实测溶解度、渗透性、稳定性或口服吸收。
CYS__85L,CYS,半胱氨酸,85L,[[(2~{R})-2-azanyl-3-oxidanylidene-propyl]-(chloranylaurio)sulfanuidyl]-chloranyl-gold,卤代,新增基团连接到母体的硫原子,-1,0,0,0.991,2,likely_decrease,structure_rule,uncertain,structure_rule,uncertain,no_property_experiment,none,prediction_only,这是一条设计建议，不是性质结论；最终必须用同一肽骨架的母体/衍生物配对实验确认。
CYS__8JB,CYS,半胱氨酸,8JB,"(2~{R})-2-azanyl-3-[[(5~{S})-5-[(1~{S})-1-azanyl-2-oxidanyl-2-oxidanylidene-ethyl]-4,5-dihydro-1,2-oxazol-3-yl]sulfanyl]propanoic acid",羟基化／氧化还原,新增基团连接到母体的硫原子,1,4,84.91,-0.682,3,likely_increase,structure_rule,likely_decrease,structure_rule,uncertain,no_property_experiment,none,prediction_only,计算描述符只能提示方向，不能等同于实测溶解度、渗透性、稳定性或口服吸收。
CYS__A1A7V,CYS,半胱氨酸,A1A7V,S-lactoyl-L-cysteine,羟基化／氧化还原,新增基团连接到母体的硫原子,0,2,37.3,-0.289,2,likely_increase,structure_rule,likely_decrease,structure_rule,uncertain,no_property_experiment,none,prediction_only,计算描述符只能提示方向，不能等同于实测溶解度、渗透性、稳定性或口服吸收。
CYS__A1BC0,CYS,半胱氨酸,A1BC0,"N,N-dimethyl-L-cysteinamide",构象限制型成环,新增2个C、1个N；母体中少了1个O；新增部分连接到母体原子3（C）；检测到1个立体中心方向变化,-1,0,-16.99,0.004,0,uncertain,structure_rule,uncertain,structure_rule,likely_increase,structure_rule,none,prediction_only,这是一条设计建议，不是性质结论；最终必须用同一肽骨架的母体/衍生物配对实验确认。
CYS__A1CRT,CYS,半胱氨酸,A1CRT,(4S)-4-{[(1R)-1-carboxy-2-sulfanylethyl]amino}-4-hydroxybutanoic acid,N-取代／酰化,新增基团连接到母体的氮原子,2,2,43.54,-0.186,5,likely_increase,structure_rule,likely_decrease,structure_rule,likely_increase,structure_rule,none,context_reference,当前记录没有本CCD的单点性质对照；同类论文只用于给出筛选方向。
CYS__A1D64,CYS,半胱氨酸,A1D64,(2~{R})-3-(4-aminophenyl)sulfanyl-2-azanyl-propanoic acid,侧链延长／增大,新增基团连接到母体的硫原子,0,1,26.02,1.445,2,uncertain,structure_rule,uncertain,structure_rule,uncertain,no_property_experiment,none,prediction_only,计算描述符只能提示方向，不能等同于实测溶解度、渗透性、稳定性或口服吸收。
CYS__A1ECI,CYS,半胱氨酸,A1ECI,5-[(2R)-2-azanyl-3-oxidanyl-3-oxidanylidene-propyl]sulfanyl-5-oxidanylidene-pentanoic acid,羟基化／氧化还原,新增基团连接到母体的硫原子,0,2,54.37,0.585,5,uncertain,structure_rule,uncertain,structure_rule,uncertain,no_property_experiment,none,prediction_only,计算描述符只能提示方向，不能等同于实测溶解度、渗透性、稳定性或口服吸收。
CYS__AEA,CYS,半胱氨酸,AEA,(2-AMINO-2-CARBAMOYL-ETHYLSULFANYL)-ACETIC ACID,复杂骨架重构,涉及多个原子和键的整体变化，不能可靠归为肽链上的一个替换原子,0,1,43.09,-0.711,3,likely_increase,structure_rule,likely_decrease,structure_rule,uncertain,no_property_experiment,none,prediction_only,结构重构分类不等于性质改善；需要完整构件的合成、构象和性质实验。
CYS__AGT,CYS,半胱氨酸,AGT,S-{(S)-AMINO[(4-AMINOBUTYL)AMINO]METHYL}-L-CYSTEINE,侧链延长／增大,新增基团连接到母体的硫原子,2,3,64.07,-0.626,7,likely_increase,structure_rule,likely_decrease,structure_rule,uncertain,no_property_experiment,none,prediction_only,计算描述符只能提示方向，不能等同于实测溶解度、渗透性、稳定性或口服吸收。
CYS__BB6,CYS,半胱氨酸,BB6,(2Z)-2-amino-3-sulfanylbut-2-enoic acid,构象限制型成环,新增1个C；新增部分连接到母体原子1（C）；检测到1处键级变化,0,0,0,0.863,-1,likely_decrease,structure_rule,uncertain,structure_rule,likely_increase,structure_rule,none,prediction_only,这是一条设计建议，不是性质结论；最终必须用同一肽骨架的母体/衍生物配对实验确认。
CYS__BB7,CYS,半胱氨酸,BB7,(2Z)-2-amino-4-methoxy-3-sulfanylbut-2-enoic acid,构象限制型成环,新增2个C、1个O；新增部分连接到母体原子1（C）；检测到1处键级变化,0,1,9.23,0.49,1,uncertain,structure_rule,uncertain,structure_rule,likely_increase,structure_rule,none,prediction_only,计算描述符只能提示方向，不能等同于实测溶解度、渗透性、稳定性或口服吸收。
CYS__BB9,CYS,半胱氨酸,BB9,(2Z)-2-amino-3-sulfanylprop-2-enoic acid,构象限制型成环,检测到1处键级变化,0,0,0,0.473,-1,likely_decrease,structure_rule,uncertain,structure_rule,likely_increase,structure_rule,none,prediction_only,这是一条设计建议，不是性质结论；最终必须用同一肽骨架的母体/衍生物配对实验确认。
CYS__BBC,CYS,半胱氨酸,BBC,3-[(4-AMINOBUTYL)SULFINYL]-2-IMINOPROPAN-1-OL,复杂骨架重构,涉及多个原子和键的整体变化，不能可靠归为肽链上的一个替换原子,0,1,23.85,0.158,5,uncertain,structure_rule,likely_decrease,structure_rule,uncertain,no_property_experiment,none,prediction_only,结构重构分类不等于性质改善；需要完整构件的合成、构象和性质实验。
CYS__BCS,CYS,半胱氨酸,BCS,BENZYLCYSTEINE,侧链延长／增大,新增基团连接到母体的硫原子,-1,0,0,2.004,3,likely_decrease,structure_rule,uncertain,structure_rule,uncertain,no_property_experiment,none,prediction_only,这是一条设计建议，不是性质结论；最终必须用同一肽骨架的母体/衍生物配对实验确认。
CYS__BCX,CYS,半胱氨酸,BCX,(3R)-3-amino-4-sulfanylbutanoic acid,复杂骨架重构,涉及多个原子和键的整体变化，不能可靠归为肽链上的一个替换原子,0,0,0,0.39,1,likely_decrease,structure_rule,uncertain,structure_rule,uncertain,no_property_experiment,none,prediction_only,结构重构分类不等于性质改善；需要完整构件的合成、构象和性质实验。
CYS__BPE,CYS,半胱氨酸,BPE,(2S)-2-AMINO-3-[(3-AMINOPROPYL)SULFANYL]PROPAN-1-OL,复杂骨架重构,涉及多个原子和键的整体变化，不能可靠归为肽链上的一个替换原子,0,1,8.95,0.06,4,uncertain,structure_rule,uncertain,structure_rule,uncertain,no_property_experiment,none,prediction_only,结构重构分类不等于性质改善；需要完整构件的合成、构象和性质实验。
CYS__BUC,CYS,半胱氨酸,BUC,"S,S-BUTYLTHIOCYSTEINE",侧链延长／增大,新增基团连接到母体的硫原子,-1,1,0,2.252,5,likely_decrease,structure_rule,uncertain,structure_rule,uncertain,no_property_experiment,none,prediction_only,计算描述符只能提示方向，不能等同于实测溶解度、渗透性、稳定性或口服吸收。
CYS__C1T,CYS,半胱氨酸,C1T,"S-[(1S,6R)-3,6-dihydroxy-4-methyl-2,5-dioxocyclohex-3-en-1-yl]-L-cysteine",羟基化／氧化还原,新增基团连接到母体的硫原子,1,4,74.6,-0.483,2,likely_increase,structure_rule,likely_decrease,structure_rule,uncertain,no_property_experiment,none,prediction_only,计算描述符只能提示方向，不能等同于实测溶解度、渗透性、稳定性或口服吸收。
CYS__C3Y,CYS,半胱氨酸,C3Y,S-[(1S)-1-HYDROXY-1-(HYDROXYAMINO)ETHYL]-L-CYSTEINE,羟基化／氧化还原,新增基团连接到母体的硫原子,2,3,52.49,-0.552,3,likely_increase,structure_rule,likely_decrease,structure_rule,uncertain,no_property_experiment,none,prediction_only,计算描述符只能提示方向，不能等同于实测溶解度、渗透性、稳定性或口服吸收。
CYS__C4R,CYS,半胱氨酸,C4R,"(R)-2-amino-3-(bicyclo[2.2.1]hepta-2,5-dien-7-ylthio)propanoic acid rhodium",侧链延长／增大,新增基团连接到母体的硫原子,0,-1,0,1.252,1,likely_decrease,structure_rule,uncertain,structure_rule,uncertain,no_property_experiment,none,prediction_only,这是一条设计建议，不是性质结论；最终必须用同一肽骨架的母体/衍生物配对实验确认。
CYS__C5C,CYS,半胱氨酸,C5C,S-CYCLOPENTYL THIOCYSTEINE,侧链延长／增大,新增基团连接到母体的硫原子,-1,1,0,2.394,3,likely_decrease,structure_rule,uncertain,structure_rule,uncertain,no_property_experiment,none,prediction_only,计算描述符只能提示方向，不能等同于实测溶解度、渗透性、稳定性或口服吸收。
CYS__C6C,CYS,半胱氨酸,C6C,S-CYCLOHEXYL THIOCYSTEINE,侧链延长／增大,新增基团连接到母体的硫原子,-1,1,0,2.784,3,likely_decrease,structure_rule,uncertain,structure_rule,uncertain,no_property_experiment,none,prediction_only,计算描述符只能提示方向，不能等同于实测溶解度、渗透性、稳定性或口服吸收。
CYS__CAF,CYS,半胱氨酸,CAF,S-DIMETHYLARSINOYL-CYSTEINE,羟基化／氧化还原,新增基团连接到母体的硫原子,-1,1,17.07,0.936,2,uncertain,structure_rule,uncertain,structure_rule,uncertain,no_property_experiment,none,prediction_only,计算描述符只能提示方向，不能等同于实测溶解度、渗透性、稳定性或口服吸收。
CYS__CAS,CYS,半胱氨酸,CAS,S-(DIMETHYLARSENIC)CYSTEINE,侧链延长／增大,新增基团连接到母体的硫原子,-1,0,0,1.055,2,likely_decrease,structure_rule,uncertain,structure_rule,uncertain,no_property_experiment,none,prediction_only,这是一条设计建议，不是性质结论；最终必须用同一肽骨架的母体/衍生物配对实验确认。
CYS__CCS,CYS,半胱氨酸,CCS,CARBOXYMETHYLATED CYSTEINE,羟基化／氧化还原,新增基团连接到母体的硫原子,0,1,37.3,-0.112,3,likely_increase,structure_rule,likely_decrease,structure_rule,uncertain,no_property_experiment,none,prediction_only,计算描述符只能提示方向，不能等同于实测溶解度、渗透性、稳定性或口服吸收。
CYS__CG6,CYS,半胱氨酸,CG6,beta-Methyl-Cysteine,其他官能团替换,新增基团连接到母体的碳原子,0,0,0,0.389,0,likely_decrease,structure_rule,uncertain,structure_rule,uncertain,no_property_experiment,none,prediction_only,这是一条设计建议，不是性质结论；最终必须用同一肽骨架的母体/衍生物配对实验确认。
CYS__CGV,CYS,半胱氨酸,CGV,S-[(R)-carboxy(hydroxy)methyl]-L-cysteine,羟基化／氧化还原,新增基团连接到母体的硫原子,1,2,57.53,-0.793,3,likely_increase,structure_rule,likely_decrease,structure_rule,uncertain,no_property_experiment,none,prediction_only,计算描述符只能提示方向，不能等同于实测溶解度、渗透性、稳定性或口服吸收。
CYS__CME,CYS,半胱氨酸,CME,"S,S-(2-HYDROXYETHYL)THIOCYSTEINE",羟基化／氧化还原,新增基团连接到母体的硫原子,0,2,20.23,0.444,4,uncertain,structure_rule,likely_decrease,structure_rule,uncertain,no_property_experiment,none,prediction_only,计算描述符只能提示方向，不能等同于实测溶解度、渗透性、稳定性或口服吸收。
CYS__CMH,CYS,半胱氨酸,CMH,S-(METHYLMERCURY)-L-CYSTEINE,极性或带电基团,新增基团连接到母体的硫原子,-1,0,0,0.849,2,likely_decrease,structure_rule,uncertain,structure_rule,uncertain,no_property_experiment,none,prediction_only,这是一条设计建议，不是性质结论；最终必须用同一肽骨架的母体/衍生物配对实验确认。
CYS__CML,CYS,半胱氨酸,CML,(2S)-2-{[(2R)-2-amino-2-carboxyethyl]sulfanyl}butanedioic acid,羟基化／氧化还原,新增基团连接到母体的硫原子,1,2,74.6,-0.269,5,likely_increase,structure_rule,likely_decrease,structure_rule,uncertain,no_property_experiment,none,prediction_only,计算描述符只能提示方向，不能等同于实测溶解度、渗透性、稳定性或口服吸收。
CYS__CMT,CYS,半胱氨酸,CMT,O-METHYLCYSTEINE,复杂骨架重构,涉及多个原子和键的整体变化，不能可靠归为肽链上的一个替换原子,-1,1,-11,0.088,0,uncertain,structure_rule,uncertain,structure_rule,uncertain,no_property_experiment,none,prediction_only,结构重构分类不等于性质改善；需要完整构件的合成、构象和性质实验。
CYS__CS1,CYS,半胱氨酸,CS1,S-(2-ANILINYL-SULFANYL)-CYSTEINE,侧链延长／增大,新增基团连接到母体的硫原子,0,2,26.02,2.093,3,uncertain,structure_rule,uncertain,structure_rule,uncertain,no_property_experiment,none,prediction_only,计算描述符只能提示方向，不能等同于实测溶解度、渗透性、稳定性或口服吸收。
CYS__CS3,CYS,半胱氨酸,CS3,S-[3-OXO-3-(2-THIENYL)PROPYL]-L-CYSTEINE,羟基化／氧化还原,新增基团连接到母体的硫原子,-1,2,17.07,2.138,5,uncertain,structure_rule,uncertain,structure_rule,uncertain,no_property_experiment,none,prediction_only,计算描述符只能提示方向，不能等同于实测溶解度、渗透性、稳定性或口服吸收。
CYS__CS4,CYS,半胱氨酸,CS4,"S-[3-(3,4-DICHLOROPHENYL)-3-OXOPROPYL]-L-CYSTEINE",卤代,新增基团连接到母体的硫原子,-1,1,17.07,3.383,5,uncertain,structure_rule,uncertain,structure_rule,uncertain,no_property_experiment,none,prediction_only,计算描述符只能提示方向，不能等同于实测溶解度、渗透性、稳定性或口服吸收。
CYS__CSA,CYS,半胱氨酸,CSA,S-ACETONYLCYSTEINE,羟基化／氧化还原,新增基团连接到母体的硫原子,-1,1,17.07,0.393,3,uncertain,structure_rule,uncertain,structure_rule,uncertain,no_property_experiment,none,prediction_only,计算描述符只能提示方向，不能等同于实测溶解度、渗透性、稳定性或口服吸收。
CYS__CSB,CYS,半胱氨酸,CSB,CYS BOUND TO LEAD ION,极性或带电基团,新增基团连接到母体的硫原子,-1,0,0,-0.113,1,uncertain,structure_rule,uncertain,structure_rule,uncertain,no_property_experiment,none,prediction_only,这是一条设计建议，不是性质结论；最终必须用同一肽骨架的母体/衍生物配对实验确认。
CYS__CSD,CYS,半胱氨酸,CSD,3-SULFINOALANINE,羟基化／氧化还原,新增基团连接到母体的硫原子,0,0,37.3,-0.708,1,likely_increase,structure_rule,likely_decrease,structure_rule,uncertain,no_property_experiment,none,prediction_only,计算描述符只能提示方向，不能等同于实测溶解度、渗透性、稳定性或口服吸收。
CYS__CSJ,CYS,半胱氨酸,CSJ,S-[(2-aminophenyl)carbonyl]-L-cysteine,羟基化／氧化还原,新增基团连接到母体的硫原子,0,2,43.09,1.226,2,uncertain,structure_rule,uncertain,structure_rule,uncertain,no_property_experiment,none,prediction_only,计算描述符只能提示方向，不能等同于实测溶解度、渗透性、稳定性或口服吸收。
CYS__CSO,CYS,半胱氨酸,CSO,S-HYDROXYCYSTEINE,羟基化／氧化还原,新增基团连接到母体的硫原子,0,1,20.23,0.276,1,uncertain,structure_rule,likely_decrease,structure_rule,uncertain,no_property_experiment,none,prediction_only,计算描述符只能提示方向，不能等同于实测溶解度、渗透性、稳定性或口服吸收。
CYS__CSP,CYS,半胱氨酸,CSP,S-PHOSPHOCYSTEINE,羟基化／氧化还原,新增基团连接到母体的硫原子,1,1,57.53,-0.104,2,likely_increase,structure_rule,likely_decrease,structure_rule,uncertain,no_property_experiment,none,prediction_only,计算描述符只能提示方向，不能等同于实测溶解度、渗透性、稳定性或口服吸收。
CYS__CSR,CYS,半胱氨酸,CSR,S-ARSONOCYSTEINE,羟基化／氧化还原,新增基团连接到母体的硫原子,1,1,57.53,-1.346,2,likely_increase,structure_rule,likely_decrease,structure_rule,uncertain,no_property_experiment,none,prediction_only,计算描述符只能提示方向，不能等同于实测溶解度、渗透性、稳定性或口服吸收。
CYS__CSS,CYS,半胱氨酸,CSS,S-MERCAPTOCYSTEINE,极性或带电基团,新增基团连接到母体的硫原子,0,1,0,0.648,1,likely_decrease,structure_rule,uncertain,structure_rule,uncertain,no_property_experiment,none,prediction_only,计算描述符只能提示方向，不能等同于实测溶解度、渗透性、稳定性或口服吸收。
CYS__CSU,CYS,半胱氨酸,CSU,CYSTEINE-S-SULFONIC ACID,羟基化／氧化还原,新增基团连接到母体的硫原子,0,2,54.37,-0.394,2,likely_increase,structure_rule,likely_decrease,structure_rule,uncertain,no_property_experiment,none,prediction_only,计算描述符只能提示方向，不能等同于实测溶解度、渗透性、稳定性或口服吸收。
CYS__CSX,CYS,半胱氨酸,CSX,S-OXY CYSTEINE,羟基化／氧化还原,新增基团连接到母体的硫原子,0,0,17.07,-0.984,1,likely_increase,structure_rule,uncertain,structure_rule,uncertain,no_property_experiment,none,prediction_only,计算描述符只能提示方向，不能等同于实测溶解度、渗透性、稳定性或口服吸收。
CYS__CSZ,CYS,半胱氨酸,CSZ,S-SELANYL CYSTEINE,极性或带电基团,新增基团连接到母体的硫原子,-1,0,0,-0.381,1,likely_increase,structure_rule,uncertain,structure_rule,uncertain,no_property_experiment,none,prediction_only,这是一条设计建议，不是性质结论；最终必须用同一肽骨架的母体/衍生物配对实验确认。
CYS__CY0,CYS,半胱氨酸,CY0,S-{3-[(4-ANILINOQUINAZOLIN-6-YL)AMINO]-3-OXOPROPYL}-L-CYSTEINE,羟基化／氧化还原,新增基团连接到母体的硫原子,1,4,66.91,3.519,7,uncertain,structure_rule,uncertain,structure_rule,uncertain,no_property_experiment,none,prediction_only,计算描述符只能提示方向，不能等同于实测溶解度、渗透性、稳定性或口服吸收。
CYS__CY1,CYS,半胱氨酸,CY1,ACETAMIDOMETHYLCYSTEINE,羟基化／氧化还原,新增基团连接到母体的硫原子,0,1,29.1,-0.103,3,likely_increase,structure_rule,likely_decrease,structure_rule,uncertain,no_property_experiment,none,prediction_only,计算描述符只能提示方向，不能等同于实测溶解度、渗透性、稳定性或口服吸收。
CYS__CY3,CYS,半胱氨酸,CY3,2-AMINO-3-MERCAPTO-PROPIONAMIDE,构象限制型成环,新增1个N；母体中少了1个O；新增部分连接到母体原子3（C）,0,0,5.79,-0.599,0,likely_increase,structure_rule,uncertain,structure_rule,likely_increase,structure_rule,none,prediction_only,计算描述符只能提示方向，不能等同于实测溶解度、渗透性、稳定性或口服吸收。
CYS__CY4,CYS,半胱氨酸,CY4,S-BUTYRYL-CYSTEIN,羟基化／氧化还原,新增基团连接到母体的硫原子,-1,1,17.07,1.13,3,uncertain,structure_rule,uncertain,structure_rule,uncertain,no_property_experiment,none,prediction_only,计算描述符只能提示方向，不能等同于实测溶解度、渗透性、稳定性或口服吸收。
CYS__CYF,CYS,半胱氨酸,CYF,"5-[2-(2-AMINO-2-CARBAMOYL-ETHYLSULFANYL)-ACETYLAMINO]-2-(3,6-DIHYDROXY-9,9A-DIHYDRO-3H-XANTHEN-9-YL)-BENZOIC ACID",复杂骨架重构,涉及多个原子和键的整体变化，不能可靠归为肽链上的一个替换原子,3,5,121.88,3.238,6,uncertain,structure_rule,uncertain,structure_rule,uncertain,no_property_experiment,none,prediction_only,结构重构分类不等于性质改善；需要完整构件的合成、构象和性质实验。
CYS__CYG,CYS,半胱氨酸,CYG,2-AMINO-4-(AMINO-3-OXO-PROPYLSULFANYLCARBONYL)-BUTYRIC ACID,羟基化／氧化还原,新增基团连接到母体的硫原子,1,3,80.39,-0.478,5,likely_increase,structure_rule,likely_decrease,structure_rule,uncertain,no_property_experiment,none,prediction_only,计算描述符只能提示方向，不能等同于实测溶解度、渗透性、稳定性或口服吸收。
CYS__CYQ,CYS,半胱氨酸,CYQ,2-AMINO-3-PHOSPHONOMETHYLSULFANYL-PROPIONIC ACID,羟基化／氧化还原,新增基团连接到母体的硫原子,1,1,57.53,-0.061,3,likely_increase,structure_rule,likely_decrease,structure_rule,uncertain,no_property_experiment,none,prediction_only,计算描述符只能提示方向，不能等同于实测溶解度、渗透性、稳定性或口服吸收。
CYS__CYR,CYS,半胱氨酸,CYR,N~5~-[{[(2R)-2-AMINO-2-CARBOXYETHYL]SULFANYL}(IMINIO)METHYL]-L-ORNITHINATE,羟基化／氧化还原,新增基团连接到母体的硫原子,3,2,100.94,-2.3,6,likely_increase,structure_rule,likely_decrease,structure_rule,uncertain,no_property_experiment,none,prediction_only,计算描述符只能提示方向，不能等同于实测溶解度、渗透性、稳定性或口服吸收。
CYS__CYW,CYS,半胱氨酸,CYW,S-[(2R)-2-hydroxypropanoyl]-L-cysteine,羟基化／氧化还原,新增基团连接到母体的硫原子,0,2,37.3,-0.289,2,likely_increase,structure_rule,likely_decrease,structure_rule,uncertain,no_property_experiment,none,prediction_only,计算描述符只能提示方向，不能等同于实测溶解度、渗透性、稳定性或口服吸收。
CYS__CZ2,CYS,半胱氨酸,CZ2,S-(DIHYDROXYARSINO)CYSTEINE,羟基化／氧化还原,新增基团连接到母体的硫原子,1,2,40.46,-1.227,2,likely_increase,structure_rule,likely_decrease,structure_rule,uncertain,no_property_experiment,none,prediction_only,计算描述符只能提示方向，不能等同于实测溶解度、渗透性、稳定性或口服吸收。
CYS__CZZ,CYS,半胱氨酸,CZZ,THIARSAHYDROXY-CYSTEINE,羟基化／氧化还原,新增基团连接到母体的硫原子,0,1,20.23,-0.67,2,likely_increase,structure_rule,likely_decrease,structure_rule,uncertain,no_property_experiment,none,prediction_only,计算描述符只能提示方向，不能等同于实测溶解度、渗透性、稳定性或口服吸收。
CYS__DC2,CYS,半胱氨酸,DC2,"N-acetyl-S-[(1S)-1,2-dichloroethyl]-L-cysteine",N-取代／酰化,新增基团连接到母体的氮原子、硫原子,-1,0,3.08,1.785,4,likely_decrease,structure_rule,uncertain,structure_rule,likely_increase,structure_rule,none,context_reference,当前记录没有本CCD的单点性质对照；同类论文只用于给出筛选方向。
CYS__DYS,CYS,半胱氨酸,DYS,"S-[5-(2-aminoethyl)-2,3-dihydroxyphenyl]-L-cysteine",羟基化／氧化还原,新增基团连接到母体的硫原子,2,3,66.48,0.775,4,uncertain,structure_rule,uncertain,structure_rule,uncertain,no_property_experiment,none,prediction_only,计算描述符只能提示方向，不能等同于实测溶解度、渗透性、稳定性或口服吸收。
CYS__ECX,CYS,半胱氨酸,ECX,S-ethyl-L-cysteine,侧链延长／增大,新增基团连接到母体的硫原子,-1,0,0,0.823,2,likely_decrease,structure_rule,uncertain,structure_rule,uncertain,no_property_experiment,none,prediction_only,这是一条设计建议，不是性质结论；最终必须用同一肽骨架的母体/衍生物配对实验确认。
CYS__EFC,CYS,半胱氨酸,EFC,"S,S-(2-FLUOROETHYL)THIOCYSTEINE",卤代,新增基团连接到母体的硫原子,-1,1,0,1.421,4,likely_decrease,structure_rule,uncertain,structure_rule,uncertain,no_property_experiment,none,prediction_only,计算描述符只能提示方向，不能等同于实测溶解度、渗透性、稳定性或口服吸收。
CYS__EJA,CYS,半胱氨酸,EJA,S-[(1Z)-2-carboxy-N-hydroxyethanimidoyl]-L-cysteine,羟基化／氧化还原,新增基团连接到母体的硫原子,1,3,69.89,0.066,3,likely_increase,structure_rule,likely_decrease,structure_rule,uncertain,no_property_experiment,none,prediction_only,计算描述符只能提示方向，不能等同于实测溶解度、渗透性、稳定性或口服吸收。
CYS__F75,CYS,半胱氨酸,F75,"2-(aminomethyl)-1,3-thiazole-4-carboxylic acid",复杂骨架重构,涉及多个原子和键的整体变化，不能可靠归为肽链上的一个替换原子,-1,1,12.89,0.972,0,uncertain,structure_rule,uncertain,structure_rule,uncertain,no_property_experiment,none,prediction_only,结构重构分类不等于性质改善；需要完整构件的合成、构象和性质实验。
CYS__FFM,CYS,半胱氨酸,FFM,"S-[(1R,2R)-2-hydroxy-1-methyl-2-phosphonoethyl]-L-cysteine",羟基化／氧化还原,新增基团连接到母体的硫原子,2,2,77.76,-0.312,4,likely_increase,structure_rule,likely_decrease,structure_rule,uncertain,no_property_experiment,none,prediction_only,计算描述符只能提示方向，不能等同于实测溶解度、渗透性、稳定性或口服吸收。
CYS__FOE,CYS,半胱氨酸,FOE,2-(2-AMINO-3-OXO-PROPYLSULFANYL)-N-(4-FLUORO-PHENYL)-N-ISOPROPYL-ACETAMIDE,卤代,新增基团连接到母体的硫原子,-1,1,20.31,2.384,5,uncertain,structure_rule,uncertain,structure_rule,uncertain,no_property_experiment,none,prediction_only,计算描述符只能提示方向，不能等同于实测溶解度、渗透性、稳定性或口服吸收。
CYS__GQI,CYS,半胱氨酸,GQI,(2R)-2-azanyl-3-[(E)-(2-oxidanyl-2-oxidanylidene-ethylidene)amino]oxysulfanyl-propanoic acid,羟基化／氧化还原,新增基团连接到母体的硫原子,0,3,58.89,-0.194,4,likely_increase,structure_rule,likely_decrease,structure_rule,uncertain,no_property_experiment,none,prediction_only,计算描述符只能提示方向，不能等同于实测溶解度、渗透性、稳定性或口服吸收。
CYS__GT9,CYS,半胱氨酸,GT9,S-NONYL-CYSTEINE,侧链延长／增大,新增基团连接到母体的硫原子,-1,0,0,3.554,9,likely_decrease,structure_rule,uncertain,structure_rule,uncertain,no_property_experiment,none,prediction_only,这是一条设计建议，不是性质结论；最终必须用同一肽骨架的母体/衍生物配对实验确认。
CYS__HCM,CYS,半胱氨酸,HCM,(2S)-2-amino-4-(methyldisulfanyl)butanoic acid,构象限制型成环,新增2个C、2个S；母体中少了1个S；新增部分连接到母体原子1（C）,-1,1,0,1.472,3,likely_decrease,structure_rule,uncertain,structure_rule,likely_increase,structure_rule,none,prediction_only,计算描述符只能提示方向，不能等同于实测溶解度、渗透性、稳定性或口服吸收。
CYS__HNC,CYS,半胱氨酸,HNC,"S-[(1S,2R)-2-hydroxy-1-(2-oxoethyl)heptyl]-L-cysteine",羟基化／氧化还原,新增基团连接到母体的硫原子,0,2,37.3,1.702,9,uncertain,structure_rule,uncertain,structure_rule,uncertain,no_property_experiment,none,prediction_only,计算描述符只能提示方向，不能等同于实测溶解度、渗透性、稳定性或口服吸收。
CYS__HTI,CYS,半胱氨酸,HTI,(4S)-4-{[(2S)-2-AMINO-3-OXOPROPYL]SULFANYL}-L-HOMOSERINE,羟基化／氧化还原,新增基团连接到母体的硫原子,2,3,83.55,-1.076,5,likely_increase,structure_rule,likely_decrease,structure_rule,uncertain,no_property_experiment,none,prediction_only,计算描述符只能提示方向，不能等同于实测溶解度、渗透性、稳定性或口服吸收。
CYS__I3L,CYS,半胱氨酸,I3L,allyl-cysteine,侧链延长／增大,新增基团连接到母体的硫原子,-1,0,0,0.989,3,likely_decrease,structure_rule,uncertain,structure_rule,uncertain,no_property_experiment,none,prediction_only,这是一条设计建议，不是性质结论；最终必须用同一肽骨架的母体/衍生物配对实验确认。
CYS__ICY,CYS,半胱氨酸,ICY,S-(2-iodobenzyl)-L-cysteine,卤代,新增基团连接到母体的硫原子,-1,0,0,2.608,3,likely_decrease,structure_rule,uncertain,structure_rule,uncertain,no_property_experiment,none,prediction_only,这是一条设计建议，不是性质结论；最终必须用同一肽骨架的母体/衍生物配对实验确认。
CYS__J3D,CYS,半胱氨酸,J3D,N-carboxy-L-cysteine,N-取代／酰化,新增基团连接到母体的氮原子,1,0,23.31,0.309,1,uncertain,structure_rule,likely_decrease,structure_rule,likely_increase,structure_rule,none,context_reference,当前记录没有本CCD的单点性质对照；同类论文只用于给出筛选方向。
CYS__JJJ,CYS,半胱氨酸,JJJ,S-(pyridin-3-ylcarbonyl)-L-cysteine,羟基化／氧化还原,新增基团连接到母体的硫原子,-1,2,29.96,1.039,2,uncertain,structure_rule,uncertain,structure_rule,uncertain,no_property_experiment,none,prediction_only,计算描述符只能提示方向，不能等同于实测溶解度、渗透性、稳定性或口服吸收。
CYS__JJK,CYS,半胱氨酸,JJK,S-[(S)-hydroxy(pyridin-3-yl)methyl]-L-cysteine,羟基化／氧化还原,新增基团连接到母体的硫原子,0,2,33.12,0.89,3,uncertain,structure_rule,uncertain,structure_rule,uncertain,no_property_experiment,none,prediction_only,计算描述符只能提示方向，不能等同于实测溶解度、渗透性、稳定性或口服吸收。
CYS__JJL,CYS,半胱氨酸,JJL,S-[(S)-hydroxy(5-methoxypyridin-3-yl)methyl]-L-cysteine,羟基化／氧化还原,新增基团连接到母体的硫原子,0,3,42.35,0.898,4,uncertain,structure_rule,uncertain,structure_rule,uncertain,no_property_experiment,none,prediction_only,计算描述符只能提示方向，不能等同于实测溶解度、渗透性、稳定性或口服吸收。
CYS__K1R,CYS,半胱氨酸,K1R,(2S)-2-AMINO-4-[({[(2R)-2-AMINO-2-CARBOXYETHYL]THIO}AMINO)SULFINYL]BUTANOIC ACID,羟基化／氧化还原,新增基团连接到母体的硫原子,2,3,92.42,-1.226,7,likely_increase,structure_rule,likely_decrease,structure_rule,uncertain,no_property_experiment,none,prediction_only,计算描述符只能提示方向，不能等同于实测溶解度、渗透性、稳定性或口服吸收。
CYS__K5H,CYS,半胱氨酸,K5H,"(2~{R})-2-azanyl-3-[3,3,3-tris(fluoranyl)-2,2-bis(oxidanyl)propyl]sulfanyl-propanoic acid",卤代,新增基团连接到母体的硫原子,1,2,40.46,0.047,3,likely_increase,structure_rule,likely_decrease,structure_rule,uncertain,no_property_experiment,none,prediction_only,计算描述符只能提示方向，不能等同于实测溶解度、渗透性、稳定性或口服吸收。
CYS__M0H,CYS,半胱氨酸,M0H,S-(HYDROXYMETHYL)-L-CYSTEINE,羟基化／氧化还原,新增基团连接到母体的硫原子,0,1,20.23,-0.247,2,likely_increase,structure_rule,likely_decrease,structure_rule,uncertain,no_property_experiment,none,prediction_only,计算描述符只能提示方向，不能等同于实测溶解度、渗透性、稳定性或口服吸收。
CYS__MCS,CYS,半胱氨酸,MCS,MALONYL CYSTEINE,羟基化／氧化还原,新增基团连接到母体的硫原子,0,2,54.37,-0.195,3,likely_increase,structure_rule,likely_decrease,structure_rule,uncertain,no_property_experiment,none,prediction_only,计算描述符只能提示方向，不能等同于实测溶解度、渗透性、稳定性或口服吸收。
CYS__MD3,CYS,半胱氨酸,MD3,N-(carboxycarbonyl)-S-(naphthalen-2-ylmethyl)-L-cysteine,N-取代／酰化,新增基团连接到母体的硫原子、氮原子,0,1,40.38,2.399,4,uncertain,structure_rule,uncertain,structure_rule,likely_increase,structure_rule,none,context_reference,当前记录没有本CCD的单点性质对照；同类论文只用于给出筛选方向。
CYS__MD5,CYS,半胱氨酸,MD5,N-(carboxycarbonyl)-S-(3-nitrobenzyl)-L-cysteine,N-取代／酰化,新增基团连接到母体的硫原子、氮原子,0,3,83.52,1.154,5,uncertain,structure_rule,uncertain,structure_rule,likely_increase,structure_rule,none,context_reference,当前记录没有本CCD的单点性质对照；同类论文只用于给出筛选方向。
CYS__NPH,CYS,半胱氨酸,NPH,"CYSTEINE-METHYLENE-CARBAMOYL-1,10-PHENANTHROLINE",羟基化／氧化还原,新增基团连接到母体的硫原子,0,3,54.88,2.539,4,uncertain,structure_rule,uncertain,structure_rule,uncertain,no_property_experiment,none,prediction_only,计算描述符只能提示方向，不能等同于实测溶解度、渗透性、稳定性或口服吸收。
CYS__NYB,CYS,半胱氨酸,NYB,N-METHYL-S-[(1R)-1-METHYLPROPYL]-L-CYSTEINE,N-取代／酰化,新增基团连接到母体的硫原子、氮原子,-1,0,-13.99,1.863,4,likely_decrease,structure_rule,likely_increase,structure_rule,likely_increase,structure_rule,none,context_reference,当前记录没有本CCD的单点性质对照；同类论文只用于给出筛选方向。
CYS__NYS,CYS,半胱氨酸,NYS,"S-{5-[(1R)-2-amino-1-hydroxyethyl]-2,3-dihydroxyphenyl}-L-cysteine",羟基化／氧化还原,新增基团连接到母体的硫原子,3,4,86.71,0.266,4,uncertain,structure_rule,likely_decrease,structure_rule,uncertain,no_property_experiment,none,prediction_only,计算描述符只能提示方向，不能等同于实测溶解度、渗透性、稳定性或口服吸收。
CYS__OCS,CYS,半胱氨酸,OCS,CYSTEINESULFONIC ACID,羟基化／氧化还原,新增基团连接到母体的硫原子,0,1,54.37,-1.042,1,likely_increase,structure_rule,likely_decrease,structure_rule,uncertain,no_property_experiment,none,prediction_only,计算描述符只能提示方向，不能等同于实测溶解度、渗透性、稳定性或口服吸收。
CYS__OCY,CYS,半胱氨酸,OCY,HYDROXYETHYLCYSTEINE,羟基化／氧化还原,新增基团连接到母体的硫原子,0,1,20.23,-0.204,3,likely_increase,structure_rule,likely_decrease,structure_rule,uncertain,no_property_experiment,none,context_reference,结果属于磷酸化后完整蛋白的功能，不代表游离OCY或普通肽的通用性质。
CYS__OO0,CYS,半胱氨酸,OO0,ALLIIN,羟基化／氧化还原,新增基团连接到母体的硫原子,-1,0,17.07,0.005,3,likely_increase,structure_rule,uncertain,structure_rule,uncertain,no_property_experiment,none,prediction_only,计算描述符只能提示方向，不能等同于实测溶解度、渗透性、稳定性或口服吸收。
CYS__OTZ,CYS,半胱氨酸,OTZ,"2-[2-(aminomethyl)-1,3-oxazol-4-yl]-1,3-thiazole-4-carboxylic acid",复杂骨架重构,涉及多个原子和键的整体变化，不能可靠归为肽链上的一个替换原子,-1,3,38.92,1.627,1,uncertain,structure_rule,uncertain,structure_rule,uncertain,no_property_experiment,none,prediction_only,结构重构分类不等于性质改善；需要完整构件的合成、构象和性质实验。
CYS__P1L,CYS,半胱氨酸,P1L,S-PALMITOYL-L-CYSTEINE,羟基化／氧化还原,新增基团连接到母体的硫原子,-1,1,17.07,5.811,15,uncertain,structure_rule,uncertain,structure_rule,uncertain,no_property_experiment,none,context_reference,支持膜结合和膜融合，不支持口服吸收；长脂链还可能降低水溶性。
CYS__P9S,CYS,半胱氨酸,P9S,dihydroxypropylcysteine,羟基化／氧化还原,新增基团连接到母体的硫原子,1,2,40.46,-0.843,4,likely_increase,structure_rule,likely_decrease,structure_rule,uncertain,no_property_experiment,none,prediction_only,计算描述符只能提示方向，不能等同于实测溶解度、渗透性、稳定性或口服吸收。
CYS__PBB,CYS,半胱氨酸,PBB,S-(4-BROMOBENZYL)CYSTEINE,卤代,新增基团连接到母体的硫原子,-1,0,0,2.766,3,likely_decrease,structure_rule,uncertain,structure_rule,uncertain,no_property_experiment,none,prediction_only,这是一条设计建议，不是性质结论；最终必须用同一肽骨架的母体/衍生物配对实验确认。
CYS__PEC,CYS,半胱氨酸,PEC,"S,S-PENTYLTHIOCYSTEINE",侧链延长／增大,新增基团连接到母体的硫原子,-1,1,0,2.642,6,likely_decrease,structure_rule,uncertain,structure_rule,uncertain,no_property_experiment,none,prediction_only,计算描述符只能提示方向，不能等同于实测溶解度、渗透性、稳定性或口服吸收。
CYS__PR3,CYS,半胱氨酸,PR3,"S,S-PROPYLTHIOCYSTEINE",复杂骨架重构,涉及多个原子和键的整体变化，不能可靠归为肽链上的一个替换原子,-2,1,-20.23,1.976,4,likely_decrease,structure_rule,likely_increase,structure_rule,uncertain,no_property_experiment,none,prediction_only,结构重构分类不等于性质改善；需要完整构件的合成、构象和性质实验。
CYS__PYX,CYS,半胱氨酸,PYX,S-[S-THIOPYRIDOXAMINYL]CYSTEINE,羟基化／氧化还原,新增基团连接到母体的硫原子,1,4,59.14,1.52,5,uncertain,structure_rule,uncertain,structure_rule,uncertain,no_property_experiment,none,prediction_only,计算描述符只能提示方向，不能等同于实测溶解度、渗透性、稳定性或口服吸收。
CYS__Q8X,CYS,半胱氨酸,Q8X,(2~{R})-2-azanyl-3-[(6-pyridin-2-ylpyridin-3-yl)methylsulfanyl]propanal,侧链延长／增大,新增基团连接到母体的硫原子,-1,2,25.78,2.461,4,uncertain,structure_rule,uncertain,structure_rule,uncertain,no_property_experiment,none,prediction_only,计算描述符只能提示方向，不能等同于实测溶解度、渗透性、稳定性或口服吸收。
CYS__QCS,CYS,半胱氨酸,QCS,S-carbamoyl-L-cysteine,羟基化／氧化还原,新增基团连接到母体的硫原子,0,1,43.09,-0.118,1,likely_increase,structure_rule,likely_decrease,structure_rule,uncertain,no_property_experiment,none,prediction_only,计算描述符只能提示方向，不能等同于实测溶解度、渗透性、稳定性或口服吸收。
CYS__QNQ,CYS,半胱氨酸,QNQ,4-methylcatechol cysteine,羟基化／氧化还原,新增基团连接到母体的硫原子,1,2,40.46,1.582,2,uncertain,structure_rule,uncertain,structure_rule,uncertain,no_property_experiment,none,prediction_only,计算描述符只能提示方向，不能等同于实测溶解度、渗透性、稳定性或口服吸收。
CYS__QNT,CYS,半胱氨酸,QNT,"3,6-dimethylcatechol cysteine",羟基化／氧化还原,新增基团连接到母体的硫原子,1,2,40.46,1.891,2,uncertain,structure_rule,uncertain,structure_rule,uncertain,no_property_experiment,none,prediction_only,计算描述符只能提示方向，不能等同于实测溶解度、渗透性、稳定性或口服吸收。
CYS__QNW,CYS,半胱氨酸,QNW,3-methylcatechol cysteine,羟基化／氧化还原,新增基团连接到母体的硫原子,1,2,40.46,1.582,2,uncertain,structure_rule,uncertain,structure_rule,uncertain,no_property_experiment,none,prediction_only,计算描述符只能提示方向，不能等同于实测溶解度、渗透性、稳定性或口服吸收。
CYS__QO2,CYS,半胱氨酸,QO2,"4,5-dimethylcatechol cysteine",羟基化／氧化还原,新增基团连接到母体的硫原子,1,2,40.46,1.891,2,uncertain,structure_rule,uncertain,structure_rule,uncertain,no_property_experiment,none,prediction_only,计算描述符只能提示方向，不能等同于实测溶解度、渗透性、稳定性或口服吸收。
CYS__QO5,CYS,半胱氨酸,QO5,"3,5-dimethylcatechol cysteine",羟基化／氧化还原,新增基团连接到母体的硫原子,1,2,40.46,1.891,2,uncertain,structure_rule,uncertain,structure_rule,uncertain,no_property_experiment,none,prediction_only,计算描述符只能提示方向，不能等同于实测溶解度、渗透性、稳定性或口服吸收。
CYS__QO8,CYS,半胱氨酸,QO8,"3,4-dimethylcatechol cysteine",复杂骨架重构,涉及多个原子和键的整体变化，不能可靠归为肽链上的一个替换原子,2,3,43.62,1.117,2,uncertain,structure_rule,uncertain,structure_rule,uncertain,no_property_experiment,none,prediction_only,结构重构分类不等于性质改善；需要完整构件的合成、构象和性质实验。
CYS__QPA,CYS,半胱氨酸,QPA,S-[(1S)-1-carboxy-1-(phosphonooxy)ethyl]-L-cysteine,羟基化／氧化还原,新增基团连接到母体的硫原子,2,3,104.06,-0.286,5,likely_increase,structure_rule,likely_decrease,structure_rule,uncertain,no_property_experiment,none,prediction_only,计算描述符只能提示方向，不能等同于实测溶解度、渗透性、稳定性或口服吸收。
CYS__QVA,CYS,半胱氨酸,QVA,"(2S,3R)-2-{[(2R)-2-amino-2-carboxyethyl]sulfanyl}-3-hydroxybutanedioic acid",羟基化／氧化还原,新增基团连接到母体的硫原子,2,3,94.83,-1.298,5,likely_increase,structure_rule,likely_decrease,structure_rule,uncertain,no_property_experiment,none,prediction_only,计算描述符只能提示方向，不能等同于实测溶解度、渗透性、稳定性或口服吸收。
CYS__R1A,CYS,半胱氨酸,R1A,"3-{[(2,2,5,5-TETRAMETHYL-1-OXO-2,5-DIHYDRO-1H-PYRROLIUM-3-YL)METHYL]DISULFANYL}-D-ALANINE",羟基化／氧化还原,新增基团连接到母体的硫原子,-1,2,20.08,2.728,4,uncertain,structure_rule,uncertain,structure_rule,uncertain,no_property_experiment,none,prediction_only,计算描述符只能提示方向，不能等同于实测溶解度、渗透性、稳定性或口服吸收。
CYS__S2C,CYS,半胱氨酸,S2C,S-2-(BORONOETHYL)-L-CYSTEINE,羟基化／氧化还原,新增基团连接到母体的硫原子,2,3,60.69,-1.281,4,likely_increase,structure_rule,likely_decrease,structure_rule,uncertain,no_property_experiment,activity_or_binding,property_specific_experiment,不支持一般肽性质改善。
CYS__SCH,CYS,半胱氨酸,SCH,S-METHYL-THIO-CYSTEINE,极性或带电基团,新增基团连接到母体的硫原子,-1,1,0,1.082,2,likely_decrease,structure_rule,uncertain,structure_rule,uncertain,no_property_experiment,none,prediction_only,计算描述符只能提示方向，不能等同于实测溶解度、渗透性、稳定性或口服吸收。
CYS__SCS,CYS,半胱氨酸,SCS,3-(ethyldisulfanyl)-L-alanine,侧链延长／增大,新增基团连接到母体的硫原子,-1,1,0,1.472,3,likely_decrease,structure_rule,uncertain,structure_rule,uncertain,no_property_experiment,none,prediction_only,计算描述符只能提示方向，不能等同于实测溶解度、渗透性、稳定性或口服吸收。
CYS__SCY,CYS,半胱氨酸,SCY,S-ACETYL-CYSTEINE,羟基化／氧化还原,新增基团连接到母体的硫原子,-1,1,17.07,0.35,1,uncertain,structure_rule,uncertain,structure_rule,uncertain,no_property_experiment,none,prediction_only,计算描述符只能提示方向，不能等同于实测溶解度、渗透性、稳定性或口服吸收。
CYS__SHC,CYS,半胱氨酸,SHC,S-HEXYLCYSTEINE,侧链延长／增大,新增基团连接到母体的硫原子,-1,0,0,2.384,6,likely_decrease,structure_rule,uncertain,structure_rule,uncertain,no_property_experiment,none,prediction_only,这是一条设计建议，不是性质结论；最终必须用同一肽骨架的母体/衍生物配对实验确认。
CYS__SIB,CYS,半胱氨酸,SIB,"(2S)-2-AMINO-4-({[(2S,3S,4R,5R)-3,4-DIHYDROXY-5-(6-OXO-1,6-DIHYDRO-9H-PURIN-9-YL)TETRAHYDROFURAN-2-YL]METHYL}THIO)BUTANOIC ACID",立体化学改变 | 羟基化／氧化还原 | 侧链延长／增大 | 极性或带电基团 | 构象限制型成环,新增11个C、4个N、4个O、1个S；母体中少了1个S；新增部分连接到母体原子1（C）,2,6,113.26,-1.054,5,likely_increase,structure_rule,likely_decrease,structure_rule,uncertain,no_property_experiment,none,prediction_only,计算描述符只能提示方向，不能等同于实测溶解度、渗透性、稳定性或口服吸收。
CYS__SMC,CYS,半胱氨酸,SMC,S-METHYLCYSTEINE,极性或带电基团,新增基团连接到母体的硫原子,-1,0,0,0.433,1,likely_decrease,structure_rule,uncertain,structure_rule,uncertain,no_property_experiment,activity_or_binding,property_specific_experiment,这是靶点抑制和金属结合方向，不是通用稳定性或渗透性改善。
CYS__SNC,CYS,半胱氨酸,SNC,S-NITROSO-CYSTEINE,羟基化／氧化还原,新增基团连接到母体的硫原子,-1,2,29.43,0.485,2,uncertain,structure_rule,likely_decrease,structure_rule,uncertain,no_property_experiment,none,prediction_only,计算描述符只能提示方向，不能等同于实测溶解度、渗透性、稳定性或口服吸收。
CYS__TNB,CYS,半胱氨酸,TNB,"S-(2,3,6-TRINITROPHENYL)CYSTEINE",羟基化／氧化还原,新增基团连接到母体的硫原子,-1,6,129.42,1.587,5,uncertain,structure_rule,uncertain,structure_rule,uncertain,no_property_experiment,none,prediction_only,计算描述符只能提示方向，不能等同于实测溶解度、渗透性、稳定性或口服吸收。
CYS__TOZ,CYS,半胱氨酸,TOZ,"2-[2-(aminomethyl)-1,3-thiazol-4-yl]-1,3-oxazole-4-carboxylic acid",复杂骨架重构,涉及多个原子和键的整体变化，不能可靠归为肽链上的一个替换原子,-1,3,38.92,1.627,1,uncertain,structure_rule,uncertain,structure_rule,uncertain,no_property_experiment,none,prediction_only,结构重构分类不等于性质改善；需要完整构件的合成、构象和性质实验。
CYS__TQZ,CYS,半胱氨酸,TQZ,2-AMINO-3-PENTASULFANYLPROPAN-1-OL,极性或带电基团,新增基团连接到母体的硫原子,0,4,0,2.593,4,likely_decrease,structure_rule,uncertain,structure_rule,uncertain,no_property_experiment,none,prediction_only,计算描述符只能提示方向，不能等同于实测溶解度、渗透性、稳定性或口服吸收。
CYS__TSY,CYS,半胱氨酸,TSY,(2S)-2-amino-3-trisulfanylpropanoic acid,极性或带电基团,新增基团连接到母体的硫原子,0,2,0,1.296,2,likely_decrease,structure_rule,uncertain,structure_rule,uncertain,no_property_experiment,none,prediction_only,计算描述符只能提示方向，不能等同于实测溶解度、渗透性、稳定性或口服吸收。
CYS__UJR,CYS,半胱氨酸,UJR,(2~{R})-2-azanyl-3-(5-iodanylpyrimidin-2-yl)sulfanyl-propanal,复杂骨架重构,涉及多个原子和键的整体变化，不能可靠归为肽链上的一个替换原子,-2,2,5.55,1.372,2,uncertain,structure_rule,uncertain,structure_rule,uncertain,no_property_experiment,none,prediction_only,结构重构分类不等于性质改善；需要完整构件的合成、构象和性质实验。
CYS__V44,CYS,半胱氨酸,V44,"S-[2,2-bis(1-methyl-1H-imidazol-2-yl)ethyl]-L-cysteine",侧链延长／增大 | 极性或带电基团,新增基团连接到母体的硫原子,-1,2,35.64,1.103,5,uncertain,structure_rule,uncertain,structure_rule,uncertain,no_property_experiment,none,prediction_only,计算描述符只能提示方向，不能等同于实测溶解度、渗透性、稳定性或口服吸收。
CYS__VI3,CYS,半胱氨酸,VI3,(2~{R})-2-azanyl-3-[bis(oxidanylidene)-$l^{5}-sulfanyl]propanoic acid,羟基化／氧化还原,新增基团连接到母体的硫原子,-1,2,34.14,-0.62,1,likely_increase,structure_rule,likely_decrease,structure_rule,uncertain,no_property_experiment,none,prediction_only,计算描述符只能提示方向，不能等同于实测溶解度、渗透性、稳定性或口服吸收。
CYS__XCN,CYS,半胱氨酸,XCN,S-cyano-L-cysteine,极性或带电基团,新增基团连接到母体的硫原子,-1,1,23.79,0.285,1,uncertain,structure_rule,likely_decrease,structure_rule,uncertain,no_property_experiment,none,prediction_only,计算描述符只能提示方向，不能等同于实测溶解度、渗透性、稳定性或口服吸收。
CYS__YCM,CYS,半胱氨酸,YCM,S-(2-AMINO-2-OXOETHYL)-L-CYSTEINE,羟基化／氧化还原,新增基团连接到母体的硫原子,0,1,43.09,-0.711,3,likely_increase,structure_rule,likely_decrease,structure_rule,uncertain,no_property_experiment,none,prediction_only,计算描述符只能提示方向，不能等同于实测溶解度、渗透性、稳定性或口服吸收。
CYS__YRV,CYS,半胱氨酸,YRV,S-[(3-methylphenyl)methyl]-L-cysteine,侧链延长／增大,新增基团连接到母体的硫原子,-1,0,0,2.312,3,likely_decrease,structure_rule,uncertain,structure_rule,uncertain,no_property_experiment,none,prediction_only,这是一条设计建议，不是性质结论；最终必须用同一肽骨架的母体/衍生物配对实验确认。
CYS__ZBZ,CYS,半胱氨酸,ZBZ,S-(phenylcarbonyl)-L-cysteine,羟基化／氧化还原,新增基团连接到母体的硫原子,-1,1,17.07,1.644,2,uncertain,structure_rule,uncertain,structure_rule,uncertain,no_property_experiment,none,prediction_only,计算描述符只能提示方向，不能等同于实测溶解度、渗透性、稳定性或口服吸收。
CYS__ZLF,CYS,半胱氨酸,ZLF,"S-(1-FLUORO-3,5-DIMETHYLBENZENE)-CYSTEINE",卤代,新增基团连接到母体的硫原子,-1,0,0,2.451,3,likely_decrease,structure_rule,uncertain,structure_rule,uncertain,no_property_experiment,none,prediction_only,这是一条设计建议，不是性质结论；最终必须用同一肽骨架的母体/衍生物配对实验确认。
CYS__ZZD,CYS,半胱氨酸,ZZD,S-TRITYL-L-CYSTEINE,侧链延长／增大,新增基团连接到母体的硫原子,-1,0,0,4.796,5,likely_decrease,structure_rule,uncertain,structure_rule,uncertain,no_property_experiment,activity_or_binding,property_specific_experiment,支持完整小分子靶点作用，不支持一般肽性质。
GLN__A1L4B,GLN,谷氨酰胺,A1L4B,(2S)-2-azanyl-5-nitroso-5-oxidanylidene-pentanoic acid,N-取代／酰化,新增基团连接到母体的氮原子,-1,1,3.41,0.808,0,likely_decrease,structure_rule,uncertain,structure_rule,likely_increase,structure_rule,none,context_reference,当前记录没有本CCD的单点性质对照；同类论文只用于给出筛选方向。
GLN__ECC,GLN,谷氨酰胺,ECC,(4S)-4-amino-5-hydroxypentanamide,构象限制型成环,天然氨基酸末端羧基改为酰胺；其他附加变化按官方CCD名称和结构图记录,0,0,-17.07,-0.092,0,uncertain,structure_rule,uncertain,structure_rule,likely_increase,structure_rule,none,prediction_only,这是一条设计建议，不是性质结论；最终必须用同一肽骨架的母体/衍生物配对实验确认。
GLN__GHG,GLN,谷氨酰胺,GHG,"(2S,4S)-2,5-diamino-4-hydroxy-5-oxopentanoic acid (non-preferred name)",羟基化／氧化还原,新增基团连接到母体的碳原子,1,1,20.23,-1.029,0,likely_increase,structure_rule,likely_decrease,structure_rule,uncertain,no_property_experiment,none,prediction_only,计算描述符只能提示方向，不能等同于实测溶解度、渗透性、稳定性或口服吸收。
GLN__GNC,GLN,谷氨酰胺,GNC,N~2~-methyl-L-glutamine,N-取代／酰化,新增基团连接到母体的氮原子,0,0,-13.99,0.261,1,likely_decrease,structure_rule,likely_increase,structure_rule,likely_increase,structure_rule,none,context_reference,当前记录没有本CCD的单点性质对照；同类论文只用于给出筛选方向。
GLN__LMQ,GLN,谷氨酰胺,LMQ,(3S)-3-methyl-L-glutamine,其他官能团替换,新增基团连接到母体的碳原子,0,0,0,0.246,0,uncertain,structure_rule,uncertain,structure_rule,uncertain,no_property_experiment,none,prediction_only,这是一条设计建议，不是性质结论；最终必须用同一肽骨架的母体/衍生物配对实验确认。
GLN__MEQ,GLN,谷氨酰胺,MEQ,N5-METHYLGLUTAMINE,N-取代／酰化,新增基团连接到母体的氮原子,0,0,-13.99,0.261,0,likely_decrease,structure_rule,likely_increase,structure_rule,likely_increase,structure_rule,none,context_reference,当前记录没有本CCD的单点性质对照；同类论文只用于给出筛选方向。
GLN__MGN,GLN,谷氨酰胺,MGN,2-METHYL-GLUTAMINE,其他官能团替换,新增基团连接到母体的碳原子,0,0,0,0.39,0,likely_decrease,structure_rule,uncertain,structure_rule,uncertain,no_property_experiment,none,prediction_only,这是一条设计建议，不是性质结论；最终必须用同一肽骨架的母体/衍生物配对实验确认。
GLN__NLQ,GLN,谷氨酰胺,NLQ,N~2~-ACETYL-L-GLUTAMINE,N-取代／酰化,新增基团连接到母体的氮原子,0,0,3.08,0.177,1,uncertain,structure_rule,uncertain,structure_rule,likely_increase,structure_rule,none,context_reference,当前记录没有本CCD的单点性质对照；同类论文只用于给出筛选方向。
GLN__PCA,GLN,谷氨酰胺,PCA,PYROGLUTAMIC ACID,构象限制型成环,谷氨酰胺侧链酰胺与α-氨基发生分子内缩合，形成五元焦谷氨酸内酰胺环,-1,-1,-40.01,0.686,-3,likely_decrease,structure_rule,likely_increase,structure_rule,likely_increase,structure_rule,none,prediction_only,这是一条设计建议，不是性质结论；最终必须用同一肽骨架的母体/衍生物配对实验确认。
GLN__QCI,GLN,谷氨酰胺,QCI,L-2-Aminoglutarimide,复杂骨架重构,涉及多个原子和键的整体变化，不能可靠归为肽链上的一个替换原子,-1,0,-34.22,0.086,-4,uncertain,structure_rule,uncertain,structure_rule,uncertain,no_property_experiment,none,prediction_only,结构重构分类不等于性质改善；需要完整构件的合成、构象和性质实验。
GLN__QLG,GLN,谷氨酰胺,QLG,"[(4Z)-2-[(1Z)-4-AMINO-4-OXOBUTANIMIDOYL]-4-(2-METHYLPROPYLIDENE)-5-OXO-4,5-DIHYDRO-1H-IMIDAZOL-1-YL]ACETIC ACID",羟基化／氧化还原,新增9个C、1个H、2个N、3个O；母体中少了1个C、2个O；新增部分连接到母体原子10（N）、母体原子6（C）；检测到1处键级变化,0,2,30.5,1.473,3,uncertain,structure_rule,uncertain,structure_rule,uncertain,no_property_experiment,none,prediction_only,计算描述符只能提示方向，不能等同于实测溶解度、渗透性、稳定性或口服吸收。
GLN__QMM,GLN,谷氨酰胺,QMM,"N,N-dimethyl-L-glutamine",N-取代／酰化,新增基团连接到母体的氮原子,-1,0,-22.78,0.603,0,likely_decrease,structure_rule,likely_increase,structure_rule,likely_increase,structure_rule,none,context_reference,当前记录没有本CCD的单点性质对照；同类论文只用于给出筛选方向。
GLN__QQ8,GLN,谷氨酰胺,QQ8,(4~{S})-4-azanyl-5-formamido-pentanamide,构象限制型成环,新增1个C、1个N、2个O；母体中少了2个O；新增部分连接到母体原子7（C）,1,0,12.03,0.183,1,uncertain,structure_rule,uncertain,structure_rule,likely_increase,structure_rule,none,prediction_only,计算描述符只能提示方向，不能等同于实测溶解度、渗透性、稳定性或口服吸收。
GLN__ZKO,GLN,谷氨酰胺,ZKO,N-SUCCINYL-GLUTAMINE,N-取代／酰化,新增基团连接到母体的氮原子,1,1,40.38,0.022,4,likely_increase,structure_rule,likely_decrease,structure_rule,likely_increase,structure_rule,none,context_reference,当前记录没有本CCD的单点性质对照；同类论文只用于给出筛选方向。
GLU__11W,GLU,谷氨酸,11W,(4R)-4-[(2E)-3-{4-[(E)-phenyldiazenyl]phenyl}prop-2-en-1-yl]-L-glutamic acid,侧链延长／增大,新增基团连接到母体的碳原子,0,2,24.72,4.745,5,uncertain,structure_rule,uncertain,structure_rule,uncertain,no_property_experiment,none,prediction_only,计算描述符只能提示方向，不能等同于实测溶解度、渗透性、稳定性或口服吸收。
GLU__3GL,GLU,谷氨酸,3GL,"(2S,4S)-2-amino-4-hydroxy-pentanedioic acid",羟基化／氧化还原,新增基团连接到母体的碳原子,1,1,20.23,-1.029,0,likely_increase,structure_rule,likely_decrease,structure_rule,uncertain,no_property_experiment,none,prediction_only,计算描述符只能提示方向，不能等同于实测溶解度、渗透性、稳定性或口服吸收。
GLU__3O3,GLU,谷氨酸,3O3,N-[(3S)-3-amino-3-carboxypropyl]-L-glutamic acid,N-取代／酰化,新增基团连接到母体的氮原子,2,2,49.33,-0.567,5,likely_increase,structure_rule,likely_decrease,structure_rule,likely_increase,structure_rule,none,context_reference,当前记录没有本CCD的单点性质对照；同类论文只用于给出筛选方向。
GLU__86N,GLU,谷氨酸,86N,"(2S)-5-[[5-(6-aminopurin-9-yl)-3,4-bis(oxidanyl)furan-2-yl]methoxy-oxidanyl-phosphoryl]oxy-2-azanyl-5-oxidanylidene-pentanoic acid",羟基化／氧化还原 | 侧链延长／增大 | 极性或带电基团,新增基团连接到母体的氧原子,3,10,158.75,0.491,5,uncertain,structure_rule,uncertain,structure_rule,uncertain,no_property_experiment,none,prediction_only,计算描述符只能提示方向，不能等同于实测溶解度、渗透性、稳定性或口服吸收。
GLU__9NE,GLU,谷氨酸,9NE,DANSYL-L-GLUTAMATE,N-取代／酰化,新增基团连接到母体的氮原子,0,2,23.39,2.239,4,uncertain,structure_rule,uncertain,structure_rule,likely_increase,structure_rule,none,context_reference,当前记录没有本CCD的单点性质对照；同类论文只用于给出筛选方向。
GLU__A1J0G,GLU,谷氨酸,A1J0G,dimethyl-glutamic acid,侧链延长／增大,新增基团连接到母体的碳原子,0,0,0,0.636,0,likely_decrease,structure_rule,uncertain,structure_rule,uncertain,no_property_experiment,none,prediction_only,这是一条设计建议，不是性质结论；最终必须用同一肽骨架的母体/衍生物配对实验确认。
GLU__B3E,GLU,谷氨酸,B3E,(3S)-3-AMINOHEXANEDIOIC ACID,复杂骨架重构,涉及多个原子和键的整体变化，不能可靠归为肽链上的一个替换原子,0,0,0,0.39,1,likely_decrease,structure_rule,uncertain,structure_rule,uncertain,no_property_experiment,none,prediction_only,结构重构分类不等于性质改善；需要完整构件的合成、构象和性质实验。
GLU__CGA,GLU,谷氨酸,CGA,CARBOXYMETHYLATED GLUTAMIC ACID,羟基化／氧化还原,新增基团连接到母体的氧原子,0,2,26.3,-0.457,2,likely_increase,structure_rule,likely_decrease,structure_rule,uncertain,no_property_experiment,none,prediction_only,计算描述符只能提示方向，不能等同于实测溶解度、渗透性、稳定性或口服吸收。
GLU__CGU,GLU,谷氨酸,CGU,GAMMA-CARBOXY-GLUTAMIC ACID,羟基化／氧化还原,新增基团连接到母体的碳原子,1,1,37.3,-0.689,1,likely_increase,structure_rule,likely_decrease,structure_rule,uncertain,no_property_experiment,activity_or_binding,property_specific_experiment,方向只适用于金属结合；不能把增强金属结合写成普遍改善药代性质。
GLU__DV9,GLU,谷氨酸,DV9,"(2S)-2-azanyl-6,6-bis(fluoranyl)-5-oxidanylidene-6-phosphono-hexanoic acid",构象限制型成环,"官方CCD化学名称“(2S)-2-azanyl-6,6-bis(fluoranyl)-5-oxidanylidene-6-phosphono-hexanoic acid”确定了改造区域；结构叠合覆盖天然母体90%。新增1个C、2个F、3个O、1个P；母体中少了1个O；新增部分连接到母体原子3（C）",1,1,37.3,0.255,2,uncertain,structure_rule,likely_decrease,structure_rule,likely_increase,structure_rule,none,prediction_only,计算描述符只能提示方向，不能等同于实测溶解度、渗透性、稳定性或口服吸收。
GLU__EME,GLU,谷氨酸,EME,N-methyl-L-glutamic acid,N-取代／酰化,新增基团连接到母体的氮原子,0,0,-13.99,0.261,1,likely_decrease,structure_rule,likely_increase,structure_rule,likely_increase,structure_rule,none,context_reference,当前记录没有本CCD的单点性质对照；同类论文只用于给出筛选方向。
GLU__G8M,GLU,谷氨酸,G8M,"(1S,2R)-2-[(S)-amino(carboxy)methyl]cyclobutanecarboxylic acid",侧链延长／增大,新增基团连接到母体的碳原子,0,0,0,0.246,-1,uncertain,structure_rule,uncertain,structure_rule,uncertain,no_property_experiment,none,prediction_only,这是一条设计建议，不是性质结论；最终必须用同一肽骨架的母体/衍生物配对实验确认。
GLU__GAM,GLU,谷氨酸,GAM,ALPHA-METHYL-L-GLUTAMIC ACID,其他官能团替换,新增基团连接到母体的碳原子,0,0,0,0.39,0,likely_decrease,structure_rule,uncertain,structure_rule,uncertain,no_property_experiment,none,prediction_only,这是一条设计建议，不是性质结论；最终必须用同一肽骨架的母体/衍生物配对实验确认。
GLU__GAU,GLU,谷氨酸,GAU,(4S)-4-AMINO-5-HYDROXYPENTANOIC ACID,复杂骨架重构,涉及多个原子和键的整体变化，不能可靠归为肽链上的一个替换原子,0,0,-17.07,-0.092,0,uncertain,structure_rule,uncertain,structure_rule,uncertain,no_property_experiment,none,prediction_only,结构重构分类不等于性质改善；需要完整构件的合成、构象和性质实验。
GLU__GHC,GLU,谷氨酸,GHC,"N-({4-[(2-amino-6-ethyl-4-oxo-3,4-dihydrothieno[2,3-d]pyrimidin-5-yl)sulfanyl]phenyl}carbonyl)-L-glutamic acid",N-取代／酰化,新增基团连接到母体的氮原子,2,5,74.85,3.065,5,uncertain,structure_rule,uncertain,structure_rule,likely_increase,structure_rule,none,context_reference,当前记录没有本CCD的单点性质对照；同类论文只用于给出筛选方向。
GLU__GHW,GLU,谷氨酸,GHW,"N-({4-[(2-amino-6-methyl-4-oxo-3,4-dihydrothieno[2,3-d]pyrimidin-5-yl)sulfanyl]phenyl}carbonyl)-L-glutamic acid",N-取代／酰化,新增基团连接到母体的氮原子,2,5,74.85,2.811,4,uncertain,structure_rule,uncertain,structure_rule,likely_increase,structure_rule,none,context_reference,当前记录没有本CCD的单点性质对照；同类论文只用于给出筛选方向。
GLU__GLJ,GLU,谷氨酸,GLJ,"5,5-dihydroxy-L-norvaline",构象限制型成环,检测到1处键级变化,1,1,3.16,-0.774,0,likely_increase,structure_rule,uncertain,structure_rule,likely_increase,structure_rule,none,prediction_only,计算描述符只能提示方向，不能等同于实测溶解度、渗透性、稳定性或口服吸收。
GLU__GMA,GLU,谷氨酸,GMA,4-AMIDO-4-CARBAMOYL-BUTYRIC ACID,复杂骨架重构,涉及多个原子和键的整体变化，不能可靠归为肽链上的一个替换原子,0,0,5.79,-0.599,0,likely_increase,structure_rule,uncertain,structure_rule,uncertain,no_property_experiment,none,prediction_only,结构重构分类不等于性质改善；需要完整构件的合成、构象和性质实验。
GLU__GME,GLU,谷氨酸,GME,5-O-methyl-glutamic acid,羟基化／氧化还原,新增基团连接到母体的氧原子,-1,1,-11,0.089,0,uncertain,structure_rule,uncertain,structure_rule,uncertain,no_property_experiment,none,prediction_only,计算描述符只能提示方向，不能等同于实测溶解度、渗透性、稳定性或口服吸收。
GLU__GSU,GLU,谷氨酸,GSU,O5'-(L-GLUTAMYL-SULFAMOYL)-ADENOSINE,标记／加合物／配合物,新增10个C、6个N、6个O、1个S；母体中少了1个O；新增部分连接到母体原子7（C）；检测到1个立体中心方向变化,3,10,154.48,-2.666,5,likely_increase,structure_rule,likely_decrease,structure_rule,uncertain,no_property_experiment,none,prediction_only,计算描述符只能提示方向，不能等同于实测溶解度、渗透性、稳定性或口服吸收。
GLU__LME,GLU,谷氨酸,LME,"(2S,3R)-2-azanyl-3-methyl-pentanedioic acid",其他官能团替换,新增基团连接到母体的碳原子,0,0,0,0.246,0,uncertain,structure_rule,uncertain,structure_rule,uncertain,no_property_experiment,none,prediction_only,这是一条设计建议，不是性质结论；最终必须用同一肽骨架的母体/衍生物配对实验确认。
GLU__MEG,GLU,谷氨酸,MEG,"(2S,3S)-2-azanyl-3-methyl-pentanedioic acid",其他官能团替换,新增基团连接到母体的碳原子,0,0,0,0.246,0,uncertain,structure_rule,uncertain,structure_rule,uncertain,no_property_experiment,none,prediction_only,这是一条设计建议，不是性质结论；最终必须用同一肽骨架的母体/衍生物配对实验确认。
GLU__R0K,GLU,谷氨酸,R0K,(2~{S})-2-[[(4~{S})-4-azanyl-5-oxidanyl-5-oxidanylidene-pentanoyl]amino]hexanedioic acid,构象限制型成环,官方CCD化学名称“(2~{S})-2-[[(4~{S})-4-azanyl-5-oxidanyl-5-oxidanylidene-pentanoyl]amino]hexanedioic acid”确定了改造区域；结构叠合覆盖天然母体90%。新增6个C、1个N、4个O；母体中少了1个O；新增部分连接到母体原子3（C）,2,2,66.4,-0.26,6,likely_increase,structure_rule,likely_decrease,structure_rule,likely_increase,structure_rule,none,prediction_only,计算描述符只能提示方向，不能等同于实测溶解度、渗透性、稳定性或口服吸收。
GLU__RGP,GLU,谷氨酸,RGP,GAMMA-GLUTAMYL PHOSPHATE,羟基化／氧化还原,新增基团连接到母体的氧原子,1,2,46.53,-0.449,1,likely_increase,structure_rule,likely_decrease,structure_rule,uncertain,no_property_experiment,none,prediction_only,计算描述符只能提示方向，不能等同于实测溶解度、渗透性、稳定性或口服吸收。
GLU__VHF,GLU,谷氨酸,VHF,(2~{S})-2-azanyl-5-oxidanylidene-5-phosphonooxy-pentanoic acid,羟基化／氧化还原,新增基团连接到母体的氧原子,1,2,46.53,-0.449,1,likely_increase,structure_rule,likely_decrease,structure_rule,uncertain,no_property_experiment,none,prediction_only,计算描述符只能提示方向，不能等同于实测溶解度、渗透性、稳定性或口服吸收。
GLU__X2W,GLU,谷氨酸,X2W,N-ACETYL-L-GLUTAMYL 5-PHOSPHATE,N-取代／酰化,新增基团连接到母体的氮原子、氧原子,1,2,49.61,-0.271,2,likely_increase,structure_rule,likely_decrease,structure_rule,likely_increase,structure_rule,none,context_reference,当前记录没有本CCD的单点性质对照；同类论文只用于给出筛选方向。
GLY__3XH,GLY,甘氨酸,3XH,3-Hydroxyhippuric acid,N-取代／酰化,新增基团连接到母体的氮原子,1,1,23.31,1.177,2,uncertain,structure_rule,uncertain,structure_rule,likely_increase,structure_rule,none,context_reference,当前记录没有本CCD的单点性质对照；同类论文只用于给出筛选方向。
GLY__5PG,GLY,甘氨酸,5PG,(2S)-(4-hydroxyphenyl)(methylamino)ethanoic acid,N-取代／酰化,新增基团连接到母体的氮原子、碳原子,1,1,6.24,1.707,2,uncertain,structure_rule,uncertain,structure_rule,likely_increase,structure_rule,none,context_reference,当前记录没有本CCD的单点性质对照；同类论文只用于给出筛选方向。
GLY__9DS,GLY,甘氨酸,9DS,DANSYL-L-SARCOSINE,N-取代／酰化,新增基团连接到母体的氮原子,-1,2,14.6,2.581,4,uncertain,structure_rule,uncertain,structure_rule,likely_increase,structure_rule,none,context_reference,当前记录没有本CCD的单点性质对照；同类论文只用于给出筛选方向。
GLY__A1AV8,GLY,甘氨酸,A1AV8,N-(prop-2-en-1-yl)glycine,N-取代／酰化,新增基团连接到母体的氮原子,0,0,-13.99,0.817,3,likely_decrease,structure_rule,likely_increase,structure_rule,likely_increase,structure_rule,none,context_reference,当前记录没有本CCD的单点性质对照；同类论文只用于给出筛选方向。
GLY__A1AZQ,GLY,甘氨酸,A1AZQ,N-(2-phenylethyl)glycine,N-取代／酰化,新增基团连接到母体的氮原子,0,0,-13.99,1.873,4,likely_decrease,structure_rule,likely_increase,structure_rule,likely_increase,structure_rule,none,context_reference,当前记录没有本CCD的单点性质对照；同类论文只用于给出筛选方向。
GLY__A1JJC,GLY,甘氨酸,A1JJC,N-Phenylglycine,N-取代／酰化,新增基团连接到母体的氮原子,0,0,-13.99,2.153,2,likely_decrease,structure_rule,likely_increase,structure_rule,likely_increase,structure_rule,none,context_reference,当前记录没有本CCD的单点性质对照；同类论文只用于给出筛选方向。
GLY__CHP,GLY,甘氨酸,CHP,3-CHLORO-4-HYDROXYPHENYLGLYCINE,卤代,新增基团连接到母体的碳原子,1,1,20.23,2.1,1,uncertain,structure_rule,uncertain,structure_rule,uncertain,no_property_experiment,none,prediction_only,计算描述符只能提示方向，不能等同于实测溶解度、渗透性、稳定性或口服吸收。
GLY__CR0,GLY,甘氨酸,CR0,"[2-(1-AMINO-2-HYDROXYPROPYL)-2-HYDROXY-4-ISOBUTYL-5-OXO-2,5-DIHYDRO-1H-IMIDAZOL-1-YL]ACETALDEHYDE",羟基化／氧化还原,新增10个C、3个N、3个O；母体中少了1个N；新增部分连接到母体原子1（C）,2,4,73.13,-0.275,5,likely_increase,structure_rule,likely_decrease,structure_rule,uncertain,no_property_experiment,none,prediction_only,计算描述符只能提示方向，不能等同于实测溶解度、渗透性、稳定性或口服吸收。
GLY__CR2,GLY,甘氨酸,CR2,"{(4Z)-2-(aminomethyl)-4-[(4-hydroxyphenyl)methylidene]-5-oxo-4,5-dihydro-1H-imidazol-1-yl}acetic acid",羟基化／氧化还原,新增11个C、3个N、2个O；母体中少了1个N；新增部分连接到母体原子1（C）,1,3,52.9,0.987,3,uncertain,structure_rule,uncertain,structure_rule,uncertain,no_property_experiment,none,prediction_only,计算描述符只能提示方向，不能等同于实测溶解度、渗透性、稳定性或口服吸收。
GLY__CR5,GLY,甘氨酸,CR5,"(2R)-2-(AMINOMETHYL)-2,4-DIHYDROXY-5-OXO-3-(2-OXOETHYL)-2,5-DIHYDRO-1H-IMIDAZOL-3-IUM",N-取代／酰化,新增基团连接到母体的氮原子,3,2,72.57,-2.255,2,likely_increase,structure_rule,likely_decrease,structure_rule,likely_increase,structure_rule,none,context_reference,当前记录没有本CCD的单点性质对照；同类论文只用于给出筛选方向。
GLY__CRG,GLY,甘氨酸,CRG,"[2-(1-AMINO-2-HYDROXY-PROPYL)-4-(3H-IMIDAZOL-4-YLMETHYLENE)-5-OXO-4,5-DIHYDRO-IMIDAZOL-1-YL]-ACETIC ACID",羟基化／氧化还原,新增10个C、5个N、2个O；母体中少了1个N；新增部分连接到母体原子1（C）,2,4,81.58,-0.246,4,likely_increase,structure_rule,likely_decrease,structure_rule,uncertain,no_property_experiment,none,prediction_only,计算描述符只能提示方向，不能等同于实测溶解度、渗透性、稳定性或口服吸收。
GLY__CSH,GLY,甘氨酸,CSH,[2-(2-HYDROXY-1-METHYL-ETHYL)-4-(1H-IMIDAZOL-4-YLMETHYL)-5-OXO-IMIDAZOLIDIN-1-YL]-ACETIC ACID,羟基化／氧化还原,新增9个C、5个N、2个O；母体中少了1个N；新增部分连接到母体原子1（C）,3,4,81.25,-1.547,5,likely_increase,structure_rule,likely_decrease,structure_rule,uncertain,no_property_experiment,none,prediction_only,计算描述符只能提示方向，不能等同于实测溶解度、渗透性、稳定性或口服吸收。
GLY__EJJ,GLY,甘氨酸,EJJ,N-CARBAMOYL-GLYCINE,N-取代／酰化,新增基团连接到母体的氮原子,1,0,29.1,-0.291,1,likely_increase,structure_rule,likely_decrease,structure_rule,likely_increase,structure_rule,none,context_reference,当前记录没有本CCD的单点性质对照；同类论文只用于给出筛选方向。
GLY__F6N,GLY,甘氨酸,F6N,"2-(aminomethyl)-1,3-oxazole-4-carboxylic acid",复杂骨架重构,涉及多个原子和键的整体变化，不能可靠归为肽链上的一个替换原子,0,2,26.03,0.801,1,uncertain,structure_rule,uncertain,structure_rule,uncertain,no_property_experiment,none,prediction_only,结构重构分类不等于性质改善；需要完整构件的合成、构象和性质实验。
GLY__FGL,GLY,甘氨酸,FGL,2-AMINOPROPANEDIOIC ACID,羟基化／氧化还原,新增基团连接到母体的碳原子,1,1,37.3,-0.547,1,likely_increase,structure_rule,likely_decrease,structure_rule,uncertain,no_property_experiment,none,prediction_only,计算描述符只能提示方向，不能等同于实测溶解度、渗透性、稳定性或口服吸收。
GLY__GEE,GLY,甘氨酸,GEE,ethyl glycinate,复杂骨架重构,涉及多个原子和键的整体变化，不能可靠归为肽链上的一个替换原子,-1,1,-11,0.478,1,likely_decrease,structure_rule,likely_increase,structure_rule,uncertain,no_property_experiment,none,prediction_only,结构重构分类不等于性质改善；需要完整构件的合成、构象和性质实验。
GLY__GL3,GLY,甘氨酸,GL3,THIOGLYCIN,复杂骨架重构,涉及多个原子和键的整体变化，不能可靠归为肽链上的一个替换原子,0,0,-20.23,0.371,0,likely_decrease,structure_rule,likely_increase,structure_rule,uncertain,no_property_experiment,activity_or_binding,property_specific_experiment,完整蛋白遗传学证据，未给出纯化蛋白单个位点熔解温度。
GLY__GLZ,GLY,甘氨酸,GLZ,AMINO-ACETALDEHYDE,复杂骨架重构,涉及多个原子和键的整体变化，不能可靠归为肽链上的一个替换原子,-1,0,-20.23,0.114,0,uncertain,structure_rule,uncertain,structure_rule,uncertain,no_property_experiment,none,prediction_only,结构重构分类不等于性质改善；需要完整构件的合成、构象和性质实验。
GLY__GSC,GLY,甘氨酸,GSC,2-ETHYLTHIO GLYCINE,侧链延长／增大,新增基团连接到母体的碳原子,0,1,0,1.079,2,likely_decrease,structure_rule,uncertain,structure_rule,uncertain,no_property_experiment,none,prediction_only,计算描述符只能提示方向，不能等同于实测溶解度、渗透性、稳定性或口服吸收。
GLY__HGY,GLY,甘氨酸,HGY,(2S)-amino(hydroxy)ethanoic acid,羟基化／氧化还原,新增基团连接到母体的碳原子,1,1,20.23,-0.682,0,likely_increase,structure_rule,likely_decrease,structure_rule,uncertain,no_property_experiment,none,prediction_only,计算描述符只能提示方向，不能等同于实测溶解度、渗透性、稳定性或口服吸收。
GLY__I4G,GLY,甘氨酸,I4G,N-(2-methylpropyl)glycine,N-取代／酰化,新增基团连接到母体的氮原子,0,0,-13.99,1.287,3,likely_decrease,structure_rule,likely_increase,structure_rule,likely_increase,structure_rule,none,context_reference,当前记录没有本CCD的单点性质对照；同类论文只用于给出筛选方向。
GLY__IC0,GLY,甘氨酸,IC0,Fmoc-(S)-2-(4-pentenyl)-glycine,侧链延长／增大,新增基团连接到母体的碳原子,0,0,0,1.725,4,likely_decrease,structure_rule,uncertain,structure_rule,uncertain,no_property_experiment,none,prediction_only,这是一条设计建议，不是性质结论；最终必须用同一肽骨架的母体/衍生物配对实验确认。
GLY__IGL,GLY,甘氨酸,IGL,ALPHA-AMINO-2-INDANACETIC ACID,侧链延长／增大,新增基团连接到母体的碳原子,0,0,0,1.783,1,likely_decrease,structure_rule,uncertain,structure_rule,uncertain,no_property_experiment,none,prediction_only,这是一条设计建议，不是性质结论；最终必须用同一肽骨架的母体/衍生物配对实验确认。
GLY__IIC,GLY,甘氨酸,IIC,4-IMIDAZOLMETHYLENE-5-IMIDAZOLONE CHROMOPHORE,羟基化／氧化还原,新增9个C、5个N、2个O；母体中少了1个N；新增部分连接到母体原子1（C）,2,4,81.58,-1.064,5,likely_increase,structure_rule,likely_decrease,structure_rule,uncertain,no_property_experiment,none,prediction_only,计算描述符只能提示方向，不能等同于实测溶解度、渗透性、稳定性或口服吸收。
GLY__IO8,GLY,甘氨酸,IO8,2-[2-(aminomethyl)-4-(1H-indol-3-ylmethyl)-5-oxidanylidene-4H-imidazol-1-yl]ethanoic acid,羟基化／氧化还原,新增13个C、4个N、1个O；母体中少了1个N；新增部分连接到母体原子1（C）,1,2,48.46,1.763,3,uncertain,structure_rule,uncertain,structure_rule,uncertain,no_property_experiment,none,prediction_only,计算描述符只能提示方向，不能等同于实测溶解度、渗透性、稳定性或口服吸收。
GLY__IPG,GLY,甘氨酸,IPG,N-ISOPROPYL GLYCINE,N-取代／酰化,新增基团连接到母体的氮原子,0,0,-13.99,1.039,2,likely_decrease,structure_rule,likely_increase,structure_rule,likely_increase,structure_rule,none,context_reference,当前记录没有本CCD的单点性质对照；同类论文只用于给出筛选方向。
GLY__LPG,GLY,甘氨酸,LPG,(2S)-2-aminobut-3-ynoic acid,侧链延长／增大,新增基团连接到母体的碳原子,0,0,0,0.001,0,uncertain,structure_rule,uncertain,structure_rule,uncertain,no_property_experiment,none,prediction_only,这是一条设计建议，不是性质结论；最终必须用同一肽骨架的母体/衍生物配对实验确认。
GLY__LVG,GLY,甘氨酸,LVG,L-VINYLGLYCINE,侧链延长／增大,新增基团连接到母体的碳原子,0,0,0,0.554,1,likely_decrease,structure_rule,uncertain,structure_rule,uncertain,no_property_experiment,none,prediction_only,这是一条设计建议，不是性质结论；最终必须用同一肽骨架的母体/衍生物配对实验确认。
GLY__M30,GLY,甘氨酸,M30,N-cyclohexylglycine,N-取代／酰化,新增基团连接到母体的氮原子,0,0,-13.99,1.963,2,likely_decrease,structure_rule,likely_increase,structure_rule,likely_increase,structure_rule,none,context_reference,当前记录没有本CCD的单点性质对照；同类论文只用于给出筛选方向。
GLY__MD6,GLY,甘氨酸,MD6,N-[(3-hydroxypyridin-2-yl)carbonyl]glycine,N-取代／酰化,新增基团连接到母体的氮原子,1,2,36.2,0.572,2,uncertain,structure_rule,uncertain,structure_rule,likely_increase,structure_rule,none,context_reference,当前记录没有本CCD的单点性质对照；同类论文只用于给出筛选方向。
GLY__MEU,GLY,甘氨酸,MEU,O-METHYL-GLYCINE,复杂骨架重构,涉及多个原子和键的整体变化，不能可靠归为肽链上的一个替换原子,-1,1,-11,0.088,0,uncertain,structure_rule,uncertain,structure_rule,uncertain,no_property_experiment,activity_or_binding,property_specific_experiment,只支持PAT1介导的游离底物转运。
GLY__MPQ,GLY,甘氨酸,MPQ,N-METHYL-ALPHA-PHENYL-GLYCINE,N-取代／酰化,新增基团连接到母体的氮原子、碳原子,0,0,-13.99,2.002,2,likely_decrease,structure_rule,likely_increase,structure_rule,likely_increase,structure_rule,none,context_reference,当前记录没有本CCD的单点性质对照；同类论文只用于给出筛选方向。
GLY__MSA,GLY,甘氨酸,MSA,(2-S-METHYL) SARCOSINE,N-取代／酰化,新增基团连接到母体的氮原子、碳原子,0,1,-13.99,0.949,2,likely_decrease,structure_rule,likely_increase,structure_rule,likely_increase,structure_rule,none,context_reference,当前记录没有本CCD的单点性质对照；同类论文只用于给出筛选方向。
GLY__NLY,GLY,甘氨酸,NLY,N-(4-aminobutyl)glycine,N-取代／酰化,新增基团连接到母体的氮原子,1,1,12.03,0.37,5,uncertain,structure_rule,uncertain,structure_rule,no_change,same_scaffold_comparison,proteolytic_stability | activity_or_binding,property_specific_experiment,该证据支持特定位点的稳定性和活性，不提供膜渗透、溶解度或口服吸收结论。
GLY__NMC,GLY,甘氨酸,NMC,N-CYCLOPROPYLMETHYL GLYCINE,N-取代／酰化,新增基团连接到母体的氮原子,0,0,-13.99,1.041,3,likely_decrease,structure_rule,likely_increase,structure_rule,likely_increase,structure_rule,none,context_reference,当前记录没有本CCD的单点性质对照；同类论文只用于给出筛选方向。
GLY__PRV,GLY,甘氨酸,PRV,(2R)-amino(2-nitrophenyl)ethanoic acid,羟基化／氧化还原,新增基团连接到母体的碳原子,0,2,43.14,1.649,2,uncertain,structure_rule,uncertain,structure_rule,uncertain,no_property_experiment,none,context_reference,属于化学生物学工具证据，不应标成成药性质提升。
GLY__Q2K,GLY,甘氨酸,Q2K,"2-[2-(3-methylsulfanylpropanimidoyl)-4,5-bis(oxidanylidene)imidazol-1-yl]ethanoic acid",羟基化／氧化还原,新增7个C、1个H、3个N、2个O、1个S；母体中少了1个N；新增部分连接到母体原子1（C）,0,3,47.57,0.581,5,uncertain,structure_rule,uncertain,structure_rule,uncertain,no_property_experiment,none,prediction_only,计算描述符只能提示方向，不能等同于实测溶解度、渗透性、稳定性或口服吸收。
GLY__SAR,GLY,甘氨酸,SAR,SARCOSINE,N-取代／酰化,新增基团连接到母体的氮原子,0,0,-13.99,0.26,1,likely_decrease,structure_rule,increase,complete_peptide_context,increase,complete_peptide_context,none,context_reference,只能证明相容性，不能把完整分子的口服性归因于Sar。
GLY__SHP,GLY,甘氨酸,SHP,(4-HYDROXYMALTOSEPHENYL)GLYCINE,羟基化／氧化还原,新增基团连接到母体的碳原子,7,11,178.53,-3.256,7,likely_increase,structure_rule,likely_decrease,structure_rule,uncertain,no_property_experiment,none,prediction_only,计算描述符只能提示方向，不能等同于实测溶解度、渗透性、稳定性或口服吸收。
GLY__UGY,GLY,甘氨酸,UGY,(2S)-amino(carbamoylamino)ethanoic acid,羟基化／氧化还原,官方CCD化学名称“(2S)-amino(carbamoylamino)ethanoic acid”确定了改造区域；结构叠合覆盖天然母体100%。新增1个C、2个N、1个O；新增部分连接到母体原子1（C）,2,1,55.12,-1.006,1,likely_increase,structure_rule,likely_decrease,structure_rule,uncertain,no_property_experiment,none,prediction_only,计算描述符只能提示方向，不能等同于实测溶解度、渗透性、稳定性或口服吸收。
GLY__WCR,GLY,甘氨酸,WCR,"[(2R,4Z)-2-(aminomethyl)-2-hydroxy-4-(4-hydroxybenzylidene)-5-oxoimidazolidin-1-yl]acetic acid",羟基化／氧化还原,新增11个C、3个N、3个O；母体中少了1个N；新增部分连接到母体原子1（C）,3,4,72.8,-0.176,3,likely_increase,structure_rule,likely_decrease,structure_rule,uncertain,no_property_experiment,none,prediction_only,计算描述符只能提示方向，不能等同于实测溶解度、渗透性、稳定性或口服吸收。
GLY__XXY,GLY,甘氨酸,XXY,"2-[(1R,2R)-1-amino-2-hydroxypropyl]-1-(carboxymethyl)-4-(1H-imidazol-5-ylmethyl)-1H-imidazol-5-olate",羟基化／氧化还原 | 侧链延长／增大 | 极性或带电基团,新增10个C、5个N、2个O；母体中少了1个N；新增部分连接到母体原子1（C）,2,4,89.79,-0.294,5,likely_increase,structure_rule,likely_decrease,structure_rule,uncertain,no_property_experiment,none,prediction_only,计算描述符只能提示方向，不能等同于实测溶解度、渗透性、稳定性或口服吸收。
GLY__ZSX,GLY,甘氨酸,ZSX,(2R)-amino(4-methoxyphenyl)acetic acid,羟基化／氧化还原,新增基团连接到母体的碳原子,0,1,9.23,1.75,2,uncertain,structure_rule,uncertain,structure_rule,uncertain,no_property_experiment,none,prediction_only,计算描述符只能提示方向，不能等同于实测溶解度、渗透性、稳定性或口服吸收。
HIS__2HF,HIS,组氨酸,2HF,2-fluoro-L-histidine,卤代,新增基团连接到母体的碳原子,0,0,0,0.139,0,uncertain,structure_rule,uncertain,structure_rule,uncertain,no_property_experiment,none,context_reference,论文支持的是同一种改造思路，不是这个CCD残基在当前肽中的单点对照。它只能用于决定先试哪些位置，不能写成该残基已经确定改善性质。
HIS__2SO,HIS,组氨酸,2SO,"3-{3-[(3R)-3,4-dihydroxybutyl]-1-(8-phenyloctyl)-1H-imidazol-3-ium-5-yl}-L-alanine",立体化学改变 | 羟基化／氧化还原 | 侧链延长／增大 | 极性或带电基团 | 构象限制型成环,新增18个C、2个O；新增部分连接到母体原子3（N）、母体原子5（N）,1,2,19.34,3.274,13,uncertain,structure_rule,uncertain,structure_rule,uncertain,no_property_experiment,none,prediction_only,计算描述符只能提示方向，不能等同于实测溶解度、渗透性、稳定性或口服吸收。
HIS__3AH,HIS,组氨酸,3AH,"[HISTIDIN-1-YL-4H-[1,2,4]TRIAZOL-5-YL]-AMINE",立体化学改变 | 侧链延长／增大 | 极性或带电基团 | 构象限制型成环,新增2个C、4个N；新增部分连接到母体原子5（N）,1,4,55.48,-0.256,1,likely_increase,structure_rule,likely_decrease,structure_rule,uncertain,no_property_experiment,none,prediction_only,计算描述符只能提示方向，不能等同于实测溶解度、渗透性、稳定性或口服吸收。
HIS__3ZH,HIS,组氨酸,3ZH,"11-{4-[(2S)-2-amino-2-carboxyethyl]-3-(8-phenyloctyl)-2,3-dihydro-1H-imidazol-1-yl}undecanoic acid",构象限制型成环,新增25个C、2个O；新增部分连接到母体原子3（N）、母体原子5（N）；检测到5处键级变化,0,3,13.85,7.601,20,uncertain,structure_rule,uncertain,structure_rule,likely_increase,structure_rule,none,prediction_only,计算描述符只能提示方向，不能等同于实测溶解度、渗透性、稳定性或口服吸收。
HIS__56A,HIS,组氨酸,56A,3-(8-phenyloctyl)-L-histidine,立体化学改变 | 侧链延长／增大 | 极性或带电基团 | 构象限制型成环,新增14个C；新增部分连接到母体原子3（N）,-1,1,-12.11,4.638,9,likely_decrease,structure_rule,likely_increase,structure_rule,uncertain,no_property_experiment,none,prediction_only,计算描述符只能提示方向，不能等同于实测溶解度、渗透性、稳定性或口服吸收。
HIS__A1A7R,HIS,组氨酸,A1A7R,"3-[(2S)-2-{[(2R,3S,3aR,5aS,6R,11bR,11cS)-10-hydroxy-3a-methoxy-3,14-dimethyl-2-phenyl-2,3,3a,4,5,6,7,11c-octahydro-1H-6,11b-(epiminoethano)-3,5a-methanonaphtho[2,1-g]indol-1-yl]oxy}-2,3-dihydro-1H-imidazol-4-yl]-L-alanine",构象限制型成环,新增28个C、2个N、3个O；新增部分连接到母体原子4（C）；检测到5处键级变化,2,7,39.3,4.16,4,uncertain,structure_rule,uncertain,structure_rule,likely_increase,structure_rule,none,prediction_only,计算描述符只能提示方向，不能等同于实测溶解度、渗透性、稳定性或口服吸收。
HIS__A1AS0,HIS,组氨酸,A1AS0,5-selanyl-L-histidine,构象限制型成环,新增1个Se；新增部分连接到母体原子1（C）,0,1,-1.25,-0.893,0,likely_increase,structure_rule,uncertain,structure_rule,likely_increase,structure_rule,none,prediction_only,计算描述符只能提示方向，不能等同于实测溶解度、渗透性、稳定性或口服吸收。
HIS__A1ASZ,HIS,组氨酸,A1ASZ,5-sulfanyl-L-histidine,构象限制型成环,新增1个S；新增部分连接到母体原子1（C）,1,2,-1.25,0.87,0,likely_decrease,structure_rule,uncertain,structure_rule,likely_increase,structure_rule,none,prediction_only,计算描述符只能提示方向，不能等同于实测溶解度、渗透性、稳定性或口服吸收。
HIS__A1AZ2,HIS,组氨酸,A1AZ2,3-methyl-D-histidine,立体化学改变 | 极性或带电基团 | 构象限制型成环,新增1个C；新增部分连接到母体原子3（N）；检测到1个立体中心方向变化,-1,1,-12.11,0.592,0,likely_decrease,structure_rule,likely_increase,structure_rule,uncertain,no_property_experiment,none,prediction_only,计算描述符只能提示方向，不能等同于实测溶解度、渗透性、稳定性或口服吸收。
HIS__A1I9G,HIS,组氨酸,A1I9G,3(S)-methyl-histidine,构象限制型成环,新增1个C；新增部分连接到母体原子6（C）,0,1,-1.25,1.142,0,likely_decrease,structure_rule,uncertain,structure_rule,likely_increase,structure_rule,none,prediction_only,计算描述符只能提示方向，不能等同于实测溶解度、渗透性、稳定性或口服吸收。
HIS__A1IQX,HIS,组氨酸,A1IQX,NE2-acetamide-histidine,立体化学改变 | 羟基化／氧化还原 | 侧链延长／增大 | 极性或带电基团 | 构象限制型成环,新增2个C、1个N、1个O；新增部分连接到母体原子5（N）,0,2,30.98,-0.46,2,likely_increase,structure_rule,likely_decrease,structure_rule,uncertain,no_property_experiment,none,prediction_only,计算描述符只能提示方向，不能等同于实测溶解度、渗透性、稳定性或口服吸收。
HIS__A1JCN,HIS,组氨酸,A1JCN,(2~{S})-2-azanyl-3-[3-methyl-1-[(1~{S})-2-methylidene-3-oxidanylidene-cyclohexyl]imidazol-4-yl]propanoic acid,立体化学改变 | 羟基化／氧化还原 | 侧链延长／增大 | 极性或带电基团 | 构象限制型成环,新增8个C、1个O；新增部分连接到母体原子3（N）、母体原子5（N）,-1,1,-4.05,1.334,1,likely_decrease,structure_rule,uncertain,structure_rule,uncertain,no_property_experiment,none,prediction_only,计算描述符只能提示方向，不能等同于实测溶解度、渗透性、稳定性或口服吸收。
HIS__AVJ,HIS,组氨酸,AVJ,"N,N,N-trimethyl-histidine",构象限制型成环,新增3个C；新增部分连接到母体原子11（N）,-1,0,-27.27,1.329,1,likely_decrease,structure_rule,likely_increase,structure_rule,likely_increase,structure_rule,none,prediction_only,这是一条设计建议，不是性质结论；最终必须用同一肽骨架的母体/衍生物配对实验确认。
HIS__B3U,HIS,组氨酸,B3U,2-amino-L-histidine,构象限制型成环,新增1个N；新增部分连接到母体原子4（C）,1,2,24.77,0.163,0,uncertain,structure_rule,likely_decrease,structure_rule,likely_increase,structure_rule,none,prediction_only,计算描述符只能提示方向，不能等同于实测溶解度、渗透性、稳定性或口服吸收。
HIS__DDE,HIS,组氨酸,DDE,{3-[4-(2-AMINO-2-CARBOXY-ETHYL)-1H-IMIDAZOL-2-YL]-1-CARBAMOYL-PROPYL}-TRIMETHYL-AMMONIUM,构象限制型成环,新增7个C、2个N、1个O；新增部分连接到母体原子4（C）,1,2,41.84,0.074,5,likely_increase,structure_rule,likely_decrease,structure_rule,likely_increase,structure_rule,none,prediction_only,计算描述符只能提示方向，不能等同于实测溶解度、渗透性、稳定性或口服吸收。
HIS__E9V,HIS,组氨酸,E9V,N-methyl-L-histidine,构象限制型成环,新增1个C；新增部分连接到母体原子11（N）,0,1,-15.24,0.842,1,likely_decrease,structure_rule,likely_increase,structure_rule,likely_increase,structure_rule,none,prediction_only,计算描述符只能提示方向，不能等同于实测溶解度、渗透性、稳定性或口服吸收。
HIS__HBN,HIS,组氨酸,HBN,N-(2-NAPHTHYL)HISTIDINAMIDE,构象限制型成环,新增10个C、1个N；母体中少了1个O；新增部分连接到母体原子8（C）,0,1,-9.45,3.288,1,likely_decrease,structure_rule,uncertain,structure_rule,likely_increase,structure_rule,activity_or_binding,property_specific_experiment,两项证据均针对游离完整化合物。
HIS__HHI,HIS,组氨酸,HHI,(2Z)-3-(1H-imidazol-5-yl)-2-iminopropanoic acid,构象限制型成环,新增1个H；新增部分连接到母体原子11（N）；检测到1处键级变化,0,1,-3.42,1.274,0,likely_decrease,structure_rule,uncertain,structure_rule,likely_increase,structure_rule,none,prediction_only,计算描述符只能提示方向，不能等同于实测溶解度、渗透性、稳定性或口服吸收。
HIS__HIA,HIS,组氨酸,HIA,L-HISTIDINE AMIDE,构象限制型成环,新增1个N；母体中少了1个O；新增部分连接到母体原子8（C）,0,1,4.54,-0.018,0,uncertain,structure_rule,uncertain,structure_rule,likely_increase,structure_rule,none,prediction_only,计算描述符只能提示方向，不能等同于实测溶解度、渗透性、稳定性或口服吸收。
HIS__HIC,HIS,组氨酸,HIC,4-METHYL-HISTIDINE,立体化学改变 | 极性或带电基团 | 构象限制型成环,新增1个C；新增部分连接到母体原子5（N）,-1,1,-12.11,0.592,0,likely_decrease,structure_rule,likely_increase,structure_rule,uncertain,no_property_experiment,none,prediction_only,计算描述符只能提示方向，不能等同于实测溶解度、渗透性、稳定性或口服吸收。
HIS__HIP,HIS,组氨酸,HIP,ND1-PHOSPHONOHISTIDINE,立体化学改变 | 羟基化／氧化还原 | 极性或带电基团 | 构象限制型成环,新增3个O、1个P；新增部分连接到母体原子3（N）,1,1,46.67,-0.586,1,likely_increase,structure_rule,likely_decrease,structure_rule,uncertain,no_property_experiment,none,prediction_only,计算描述符只能提示方向，不能等同于实测溶解度、渗透性、稳定性或口服吸收。
HIS__HIQ,HIS,组氨酸,HIQ,"1-[1,2-DIHYDROXY-1-(HYDROXYMETHYL)ETHYL]-L-HISTIDINE",立体化学改变 | 羟基化／氧化还原 | 侧链延长／增大 | 极性或带电基团 | 构象限制型成环,新增3个C、3个O；新增部分连接到母体原子5（N）,2,4,48.58,-1.316,3,likely_increase,structure_rule,likely_decrease,structure_rule,uncertain,no_property_experiment,none,prediction_only,计算描述符只能提示方向，不能等同于实测溶解度、渗透性、稳定性或口服吸收。
HIS__HOO,HIS,组氨酸,HOO,"(2~{S})-2-azanyl-3-[2,5-bis(oxidanylidene)imidazol-4-yl]propanoic acid",构象限制型成环,新增2个O；新增部分连接到母体原子1（C）、母体原子4（C）；检测到5处键级变化,0,2,28.6,-0.304,0,likely_increase,structure_rule,likely_decrease,structure_rule,likely_increase,structure_rule,none,prediction_only,计算描述符只能提示方向，不能等同于实测溶解度、渗透性、稳定性或口服吸收。
HIS__HS8,HIS,组氨酸,HS8,3-(1-sulfo-1H-imidazol-3-ium-4-yl)-L-alanine,立体化学改变 | 羟基化／氧化还原 | 极性或带电基团 | 构象限制型成环,新增3个O、1个S；新增部分连接到母体原子5（N）,0,2,43.51,-0.875,1,likely_increase,structure_rule,likely_decrease,structure_rule,uncertain,no_property_experiment,none,prediction_only,计算描述符只能提示方向，不能等同于实测溶解度、渗透性、稳定性或口服吸收。
HIS__HS9,HIS,组氨酸,HS9,N-ALPHA-METHYL-L-HISTIDINAMIDE,构象限制型成环,新增1个C、1个N；母体中少了1个O；新增部分连接到母体原子11（N）、母体原子8（C）,0,1,-9.45,0.243,1,uncertain,structure_rule,uncertain,structure_rule,likely_increase,structure_rule,none,prediction_only,计算描述符只能提示方向，不能等同于实测溶解度、渗透性、稳定性或口服吸收。
HIS__HSK,HIS,组氨酸,HSK,3-hydroxy-L-histidine,立体化学改变 | 羟基化／氧化还原 | 极性或带电基团 | 构象限制型成环,新增1个O；新增部分连接到母体原子3（N）,0,2,8.12,0.292,0,uncertain,structure_rule,uncertain,structure_rule,uncertain,no_property_experiment,none,prediction_only,计算描述符只能提示方向，不能等同于实测溶解度、渗透性、稳定性或口服吸收。
HIS__HSO,HIS,组氨酸,HSO,L-histidinol,构象限制型成环,天然氨基酸末端羧基被还原为羟甲基（氨基醇）,0,0,-17.07,-0.092,0,uncertain,structure_rule,uncertain,structure_rule,likely_increase,structure_rule,none,prediction_only,这是一条设计建议，不是性质结论；最终必须用同一肽骨架的母体/衍生物配对实验确认。
HIS__HSV,HIS,组氨酸,HSV,L-histidinal,复杂骨架重构,涉及多个原子和键的整体变化，不能可靠归为肽链上的一个替换原子,-1,0,-20.23,0.114,0,uncertain,structure_rule,uncertain,structure_rule,uncertain,no_property_experiment,none,prediction_only,结构重构分类不等于性质改善；需要完整构件的合成、构象和性质实验。
HIS__I4O,HIS,组氨酸,I4O,Histidine oxo-vanadium complex,标记／加合物／配合物,新增4个O、1个V；新增部分连接到母体原子5（N）,-1,5,74.14,-3.321,1,likely_increase,structure_rule,likely_decrease,structure_rule,uncertain,no_property_experiment,none,prediction_only,计算描述符只能提示方向，不能等同于实测溶解度、渗透性、稳定性或口服吸收。
HIS__MHS,HIS,组氨酸,MHS,N1-METHYLATED HISTIDINE,立体化学改变 | 极性或带电基团 | 构象限制型成环,新增1个C；新增部分连接到母体原子3（N）,-1,1,-12.11,0.592,0,likely_decrease,structure_rule,likely_increase,structure_rule,uncertain,no_property_experiment,reported_experimental_context,property_specific_experiment,这是含连续His金属结合基序中的结果，不代表所有His位点都会降低活性或稳定性。
HIS__NEP,HIS,组氨酸,NEP,N1-PHOSPHONOHISTIDINE,立体化学改变 | 羟基化／氧化还原 | 极性或带电基团 | 构象限制型成环,新增3个O、1个P；新增部分连接到母体原子5（N）,1,2,45.42,-0.005,1,likely_increase,structure_rule,likely_decrease,structure_rule,uncertain,no_property_experiment,none,prediction_only,计算描述符只能提示方向，不能等同于实测溶解度、渗透性、稳定性或口服吸收。
HIS__NZH,HIS,组氨酸,NZH,(2S)-2-AMINO-3-[1-(1H-TETRAAZOL-5-YL)-1H-IMIDAZOL-4-YL]PROPANAL,复杂骨架重构,涉及多个原子和键的整体变化，不能可靠归为肽链上的一个替换原子,-1,4,22.12,-0.329,1,likely_increase,structure_rule,likely_decrease,structure_rule,uncertain,no_property_experiment,none,prediction_only,计算描述符只能提示方向，不能等同于实测溶解度、渗透性、稳定性或口服吸收。
HIS__OGC,HIS,组氨酸,OGC,gamma-N-methyl-beta-OH-histidine,立体化学改变 | 羟基化／氧化还原 | 极性或带电基团 | 构象限制型成环,新增1个C、1个O；新增部分连接到母体原子3（N）、母体原子6（C）；检测到1个立体中心方向变化,0,2,8.12,0.082,0,uncertain,structure_rule,uncertain,structure_rule,uncertain,no_property_experiment,none,prediction_only,计算描述符只能提示方向，不能等同于实测溶解度、渗透性、稳定性或口服吸收。
HIS__OHI,HIS,组氨酸,OHI,3-(2-OXO-2H-IMIDAZOL-4-YL)-L-ALANINE,构象限制型成环,新增1个O；新增部分连接到母体原子4（C）；检测到5处键级变化,-1,1,11.86,0.651,0,uncertain,structure_rule,uncertain,structure_rule,likely_increase,structure_rule,none,prediction_only,计算描述符只能提示方向，不能等同于实测溶解度、渗透性、稳定性或口服吸收。
HIS__OLD,HIS,组氨酸,OLD,3-[2-(4-bromophenyl)-2-oxoethyl]-L-histidine,立体化学改变 | 卤代 | 羟基化／氧化还原 | 极性或带电基团 | 构象限制型成环,新增1个Br、8个C、1个O；新增部分连接到母体原子3（N）,-1,2,4.96,2.7,3,likely_decrease,structure_rule,uncertain,structure_rule,uncertain,no_property_experiment,none,context_reference,计算描述符只能提示方向，不能等同于实测溶解度、渗透性、稳定性或口服吸收。
HIS__OYL,HIS,组氨酸,OYL,1-ethyl-L-histidine,立体化学改变 | 侧链延长／增大 | 极性或带电基团 | 构象限制型成环,新增2个C；新增部分连接到母体原子5（N）,-1,1,-12.11,1.074,1,likely_decrease,structure_rule,likely_increase,structure_rule,uncertain,no_property_experiment,none,prediction_only,计算描述符只能提示方向，不能等同于实测溶解度、渗透性、稳定性或口服吸收。
HIS__PJ3,HIS,组氨酸,PJ3,"(2~{S})-2-azanyl-3-[1-[[(2~{R},3~{S},4~{R},5~{R})-5-(2-azanyl-7-methyl-6-oxidanylidene-1,8-dihydropurin-9-yl)-3,4-bis(oxidanyl)oxolan-2-yl]methoxy-oxidanyl-phosphoryl]imidazol-4-yl]propanoic acid",立体化学改变 | 羟基化／氧化还原 | 侧链延长／增大 | 极性或带电基团 | 构象限制型成环,新增11个C、5个N、7个O、1个P；新增部分连接到母体原子5（N）,4,11,162.36,-1.954,5,likely_increase,structure_rule,likely_decrease,structure_rule,uncertain,no_property_experiment,none,prediction_only,计算描述符只能提示方向，不能等同于实测溶解度、渗透性、稳定性或口服吸收。
HIS__PSH,HIS,组氨酸,PSH,1-thiophosphono-L-histidine,立体化学改变 | 羟基化／氧化还原 | 极性或带电基团 | 构象限制型成环,新增2个O、1个P、1个S；新增部分连接到母体原子5（N）,1,2,25.19,0.933,1,uncertain,structure_rule,uncertain,structure_rule,uncertain,no_property_experiment,none,prediction_only,计算描述符只能提示方向，不能等同于实测溶解度、渗透性、稳定性或口服吸收。
HIS__PVH,HIS,组氨酸,PVH,HISTIDINE-METHYL-ESTER,复杂骨架重构,涉及多个原子和键的整体变化，不能可靠归为肽链上的一个替换原子,-1,1,-11,0.089,0,uncertain,structure_rule,uncertain,structure_rule,uncertain,no_property_experiment,none,prediction_only,结构重构分类不等于性质改善；需要完整构件的合成、构象和性质实验。
HIS__Q75,HIS,组氨酸,Q75,Thiazole-histidine,构象限制型成环,新增1个S；母体中少了1个N；新增部分连接到母体原子2（C）、母体原子4（C）,-1,2,-17.04,1.314,0,likely_decrease,structure_rule,likely_increase,structure_rule,likely_increase,structure_rule,none,prediction_only,计算描述符只能提示方向，不能等同于实测溶解度、渗透性、稳定性或口服吸收。
HIS__SNK,HIS,组氨酸,SNK,(2~{R})-2-azanyl-3-(4-ethanoylsulfanyl-1~{H}-imidazol-5-yl)propanoic acid,构象限制型成环,新增2个C、1个O、1个S；新增部分连接到母体原子1（C）；检测到1个立体中心方向变化,0,3,15.82,1.22,1,uncertain,structure_rule,uncertain,structure_rule,likely_increase,structure_rule,none,prediction_only,计算描述符只能提示方向，不能等同于实测溶解度、渗透性、稳定性或口服吸收。
HIS__V5N,HIS,组氨酸,V5N,"(2S,3S)-2-azanyl-3-(1H-imidazol-5-yl)-3-oxidanyl-propanoic acid",构象限制型成环,新增1个O；新增部分连接到母体原子6（C）,1,2,18.98,0.072,0,likely_increase,structure_rule,uncertain,structure_rule,likely_increase,structure_rule,none,prediction_only,计算描述符只能提示方向，不能等同于实测溶解度、渗透性、稳定性或口服吸收。
HIS__Z70,HIS,组氨酸,Z70,(2S)-2-amino-4-(2-amino-1H-imidazol-5-yl)butanoic acid,构象限制型成环,新增1个C、2个N、2个O；母体中少了1个N、2个O；新增部分连接到母体原子4（C）、母体原子8（C）,1,2,24.77,0.553,1,uncertain,structure_rule,uncertain,structure_rule,likely_increase,structure_rule,none,prediction_only,计算描述符只能提示方向，不能等同于实测溶解度、渗透性、稳定性或口服吸收。
ILE__5GM,ILE,异亮氨酸,5GM,"(4S)-2,4-dimethyl-L-norleucine",构象限制型成环,亮氨酸支链由支化异丁基改为直链正丁基；名称中的其他取代基另行保留,0,0,0,0.781,1,likely_decrease,structure_rule,uncertain,structure_rule,likely_increase,structure_rule,none,prediction_only,这是一条设计建议，不是性质结论；最终必须用同一肽骨架的母体/衍生物配对实验确认。
ILE__66D,ILE,异亮氨酸,66D,"(4R)-2,4-dimethyl-L-norleucine",构象限制型成环,亮氨酸支链由支化异丁基改为直链正丁基；名称中的其他取代基另行保留,0,0,0,0.781,1,likely_decrease,structure_rule,uncertain,structure_rule,likely_increase,structure_rule,none,prediction_only,这是一条设计建议，不是性质结论；最终必须用同一肽骨架的母体/衍生物配对实验确认。
ILE__7JA,ILE,异亮氨酸,7JA,"N-({(1R,2S)-3-oxo-2-[(2Z)-pent-2-en-1-yl]cyclopentyl}acetyl)-L-isoleucine",N-取代／酰化,新增基团连接到母体的氮原子,0,1,20.15,2.5,6,uncertain,structure_rule,uncertain,structure_rule,likely_increase,structure_rule,none,context_reference,当前记录没有本CCD的单点性质对照；同类论文只用于给出筛选方向。
ILE__BIU,ILE,异亮氨酸,BIU,5-bromo-L-isoleucine,卤代,新增基团连接到母体的碳原子,0,0,0,0.375,1,likely_decrease,structure_rule,uncertain,structure_rule,uncertain,no_property_experiment,none,prediction_only,这是一条设计建议，不是性质结论；最终必须用同一肽骨架的母体/衍生物配对实验确认。
ILE__I2M,ILE,异亮氨酸,I2M,3-methyl-L-alloisoleucine,其他官能团替换,新增基团连接到母体的碳原子,0,0,0,0.391,0,likely_decrease,structure_rule,uncertain,structure_rule,uncertain,no_property_experiment,none,prediction_only,这是一条设计建议，不是性质结论；最终必须用同一肽骨架的母体/衍生物配对实验确认。
ILE__IIL,ILE,异亮氨酸,IIL,ISO-ISOLEUCINE,其他官能团替换,母体与衍生物的对应原子；具体连接位置仍以CCD二维结构图为准,0,0,0,0,0,uncertain,structure_rule,uncertain,structure_rule,uncertain,no_property_experiment,none,prediction_only,这是一条设计建议，不是性质结论；最终必须用同一肽骨架的母体/衍生物配对实验确认。
ILE__ILX,ILE,异亮氨酸,ILX,"4,5-DIHYDROXYISOLEUCINE",羟基化／氧化还原,新增基团连接到母体的碳原子,2,2,40.46,-2.056,1,likely_increase,structure_rule,likely_decrease,structure_rule,uncertain,no_property_experiment,none,prediction_only,计算描述符只能提示方向，不能等同于实测溶解度、渗透性、稳定性或口服吸收。
ILE__IML,ILE,异亮氨酸,IML,N-METHYL-ISOLEUCINE,N-取代／酰化,α-氨基的氮原子（进入肽链后对应主链酰胺氮）,0,0,-13.99,0.261,1,likely_decrease,structure_rule,no_change,same_scaffold_comparison,likely_increase,structure_rule,passive_permeability,property_specific_experiment,这是N-Me-Leu→N-Me-Ile的同骨架侧链替换，不是天然Ile→N-Me-Ile的单点对照，因此能证明IML适用于高渗透环肽骨架，但不能单独算出N-甲基化带来的增量。
ILE__QIL,ILE,异亮氨酸,QIL,N-formyl-L-isoleucine,N-取代／酰化,新增基团连接到母体的氮原子,0,0,3.08,-0.212,2,uncertain,structure_rule,uncertain,structure_rule,likely_increase,structure_rule,none,context_reference,当前记录没有本CCD的单点性质对照；同类论文只用于给出筛选方向。
ILE__RX9,ILE,异亮氨酸,RX9,Dehydroisoleucine,构象限制型成环,检测到1处键级变化,0,0,0,0.27,-1,uncertain,structure_rule,uncertain,structure_rule,likely_increase,structure_rule,none,prediction_only,这是一条设计建议，不是性质结论；最终必须用同一肽骨架的母体/衍生物配对实验确认。
ILE__TS9,ILE,异亮氨酸,TS9,"(2S,3S,4R)-2-amino-3,4-dihydroxy-3-methylpentanoic acid",羟基化／氧化还原,新增基团连接到母体的碳原子,2,2,40.46,-1.914,0,likely_increase,structure_rule,likely_decrease,structure_rule,uncertain,no_property_experiment,none,prediction_only,计算描述符只能提示方向，不能等同于实测溶解度、渗透性、稳定性或口服吸收。
LEU__2ML,LEU,亮氨酸,2ML,2-METHYLLEUCINE,其他官能团替换,新增基团连接到母体的碳原子,0,0,0,0.391,0,likely_decrease,structure_rule,uncertain,structure_rule,uncertain,no_property_experiment,none,context_reference,论文支持的是同一种改造思路，不是这个CCD残基在当前肽中的单点对照。它只能用于决定先试哪些位置，不能写成该残基已经确定改善性质。
LEU__8WY,LEU,亮氨酸,8WY,"5,5-dihydroxy-L-norleucine",构象限制型成环,亮氨酸支链由支化异丁基改为直链正丁基；名称中的其他取代基另行保留,2,2,40.46,-1.565,1,likely_increase,structure_rule,likely_decrease,structure_rule,likely_increase,structure_rule,none,prediction_only,计算描述符只能提示方向，不能等同于实测溶解度、渗透性、稳定性或口服吸收。
LEU__A1A5T,LEU,亮氨酸,A1A5T,(4S)-5-butoxy-N-methyl-L-leucine,N-取代／酰化,新增基团连接到母体的碳原子、氮原子,0,1,-4.76,1.058,6,likely_decrease,structure_rule,uncertain,structure_rule,likely_increase,structure_rule,none,context_reference,当前记录没有本CCD的单点性质对照；同类论文只用于给出筛选方向。
LEU__A1ADO,LEU,亮氨酸,A1ADO,(4R)-5-fluoro-L-leucine,卤代,新增基团连接到母体的碳原子,0,0,0,-0.05,1,uncertain,structure_rule,uncertain,structure_rule,uncertain,no_property_experiment,none,prediction_only,这是一条设计建议，不是性质结论；最终必须用同一肽骨架的母体/衍生物配对实验确认。
LEU__A1MF6,LEU,亮氨酸,A1MF6,(2~{S})-2-(aminomethyl)-4-methyl-pentanoic acid,复杂骨架重构,涉及多个原子和键的整体变化，不能可靠归为肽链上的一个替换原子,0,0,0,0.248,1,uncertain,structure_rule,uncertain,structure_rule,uncertain,no_property_experiment,none,prediction_only,结构重构分类不等于性质改善；需要完整构件的合成、构象和性质实验。
LEU__AN6,LEU,亮氨酸,AN6,5'-{[(3S)-3-amino-3-carboxypropyl](ethyl)amino}-5'-deoxyadenosine,标记／加合物／配合物,新增12个C、6个N、3个O；母体中少了2个C；新增部分连接到母体原子2（C）,3,8,122.55,-2.292,5,likely_increase,structure_rule,likely_decrease,structure_rule,uncertain,no_property_experiment,none,prediction_only,计算描述符只能提示方向，不能等同于实测溶解度、渗透性、稳定性或口服吸收。
LEU__BL2,LEU,亮氨酸,BL2,N-(tert-butoxycarbonyl)-L-leucine,N-取代／酰化,新增基团连接到母体的氮原子,0,1,12.31,1.566,1,uncertain,structure_rule,uncertain,structure_rule,likely_increase,structure_rule,none,context_reference,当前记录没有本CCD的单点性质对照；同类论文只用于给出筛选方向。
LEU__DON,LEU,亮氨酸,DON,6-DIAZENYL-5-OXO-L-NORLEUCINE,构象限制型成环,亮氨酸支链由支化异丁基改为直链正丁基；名称中的其他取代基另行保留,1,3,53.28,-0.665,3,likely_increase,structure_rule,likely_decrease,structure_rule,likely_increase,structure_rule,none,prediction_only,计算描述符只能提示方向，不能等同于实测溶解度、渗透性、稳定性或口服吸收。
LEU__EXY,LEU,亮氨酸,EXY,6-[(2R)-oxiran-2-yl]-L-norleucine,构象限制型成环,亮氨酸支链由支化异丁基改为直链正丁基；名称中的其他取代基另行保留,0,1,12.53,-0.087,3,uncertain,structure_rule,uncertain,structure_rule,likely_increase,structure_rule,none,prediction_only,计算描述符只能提示方向，不能等同于实测溶解度、渗透性、稳定性或口服吸收。
LEU__FFL,LEU,亮氨酸,FFL,"5,5'-difluoroleucines",卤代,新增基团连接到母体的碳原子,0,0,0,-0.1,2,uncertain,structure_rule,uncertain,structure_rule,uncertain,no_property_experiment,none,prediction_only,这是一条设计建议，不是性质结论；最终必须用同一肽骨架的母体/衍生物配对实验确认。
LEU__FLE,LEU,亮氨酸,FLE,FUROYL-LEUCINE,N-取代／酰化,新增基团连接到母体的氮原子,0,1,16.22,1.065,2,uncertain,structure_rule,uncertain,structure_rule,likely_increase,structure_rule,none,context_reference,当前记录没有本CCD的单点性质对照；同类论文只用于给出筛选方向。
LEU__G5G,LEU,亮氨酸,G5G,"(2S,4S)-2-amino-4,5-dihydroxy-4-methylpentanoic acid",羟基化／氧化还原,新增基团连接到母体的碳原子,2,2,40.46,-1.912,1,likely_increase,structure_rule,likely_decrease,structure_rule,uncertain,no_property_experiment,none,prediction_only,计算描述符只能提示方向，不能等同于实测溶解度、渗透性、稳定性或口服吸收。
LEU__HL2,LEU,亮氨酸,HL2,"(2S,3R)-2-amino-3-hydroxy-4-methylpentanoic acid",羟基化／氧化还原,新增基团连接到母体的碳原子,1,1,20.23,-1.029,0,likely_increase,structure_rule,likely_decrease,structure_rule,uncertain,no_property_experiment,none,context_reference,是完整蛋白的多位点掺入结果，不是单残基对照，也不是有利性质。
LEU__HL5,LEU,亮氨酸,HL5,"(2S,4R)-5-hydroxyleucine",羟基化／氧化还原,新增基团连接到母体的碳原子,1,1,20.23,-1.027,1,likely_increase,structure_rule,likely_decrease,structure_rule,uncertain,no_property_experiment,none,prediction_only,计算描述符只能提示方向，不能等同于实测溶解度、渗透性、稳定性或口服吸收。
LEU__HLU,LEU,亮氨酸,HLU,BETA-HYDROXYLEUCINE,羟基化／氧化还原,新增基团连接到母体的碳原子,1,1,20.23,-1.029,0,likely_increase,structure_rule,likely_decrease,structure_rule,uncertain,no_property_experiment,none,context_reference,多位点完整蛋白结果，不能确定由哪一个Leu位点造成。
LEU__L3O,LEU,亮氨酸,L3O,"(2S,3S)-3-amino-2-hydroxy-5-methylhexanoic acid",复杂骨架重构,涉及多个原子和键的整体变化，不能可靠归为肽链上的一个替换原子,1,1,20.23,-0.639,1,likely_increase,structure_rule,likely_decrease,structure_rule,uncertain,no_property_experiment,none,prediction_only,结构重构分类不等于性质改善；需要完整构件的合成、构象和性质实验。
LEU__LAY,LEU,亮氨酸,LAY,N-acetyl-L-leucine,N-取代／酰化,新增基团连接到母体的氮原子,0,0,3.08,0.178,1,uncertain,structure_rule,uncertain,structure_rule,likely_increase,structure_rule,none,context_reference,当前记录没有本CCD的单点性质对照；同类论文只用于给出筛选方向。
LEU__LED,LEU,亮氨酸,LED,(4R)-5-OXO-L-LEUCINE,羟基化／氧化还原,新增基团连接到母体的碳原子,0,1,17.07,-0.821,1,likely_increase,structure_rule,uncertain,structure_rule,uncertain,no_property_experiment,none,prediction_only,计算描述符只能提示方向，不能等同于实测溶解度、渗透性、稳定性或口服吸收。
LEU__LEF,LEU,亮氨酸,LEF,(4S)-5-FLUORO-L-LEUCINE,卤代,新增基团连接到母体的碳原子,0,0,0,-0.05,1,uncertain,structure_rule,uncertain,structure_rule,uncertain,no_property_experiment,none,prediction_only,这是一条设计建议，不是性质结论；最终必须用同一肽骨架的母体/衍生物配对实验确认。
LEU__LEH,LEU,亮氨酸,LEH,N-[12-(1H-imidazol-1-yl)dodecanoyl]-L-leucine,末端封闭／骨架等排,新增基团连接到母体的氮原子,0,1,20.9,3.956,13,uncertain,structure_rule,uncertain,structure_rule,uncertain,no_property_experiment,none,context_reference,计算描述符只能提示方向，不能等同于实测溶解度、渗透性、稳定性或口服吸收。
LEU__LNE,LEU,亮氨酸,LNE,N-ethyl-L-leucinamide,构象限制型成环,新增2个C、1个N；母体中少了1个O；新增部分连接到母体原子6（C）；检测到1个立体中心方向变化,0,0,-8.2,0.052,1,uncertain,structure_rule,uncertain,structure_rule,likely_increase,structure_rule,none,prediction_only,这是一条设计建议，不是性质结论；最终必须用同一肽骨架的母体/衍生物配对实验确认。
LEU__LNM,LEU,亮氨酸,LNM,N-methyl-L-leucinamide,构象限制型成环,新增1个C、1个N；母体中少了1个O；新增部分连接到母体原子6（C）,0,0,-8.2,-0.338,0,uncertain,structure_rule,uncertain,structure_rule,likely_increase,structure_rule,none,prediction_only,这是一条设计建议，不是性质结论；最终必须用同一肽骨架的母体/衍生物配对实验确认。
LEU__MHL,LEU,亮氨酸,MHL,N-METHYL-4-HYDROXY-LEUCINE,N-取代／酰化,新增基团连接到母体的氮原子、碳原子,1,1,6.24,-0.624,1,likely_increase,structure_rule,uncertain,structure_rule,likely_increase,structure_rule,none,context_reference,当前记录没有本CCD的单点性质对照；同类论文只用于给出筛选方向。
LEU__MK8,LEU,亮氨酸,MK8,2-methyl-L-norleucine,构象限制型成环,亮氨酸支链由支化异丁基改为直链正丁基；名称中的其他取代基另行保留,0,0,0,0.535,1,likely_decrease,structure_rule,uncertain,structure_rule,likely_increase,structure_rule,none,prediction_only,这是一条设计建议，不是性质结论；最终必须用同一肽骨架的母体/衍生物配对实验确认。
LEU__MLE,LEU,亮氨酸,MLE,N-METHYLLEUCINE,N-取代／酰化,α-氨基的氮原子（进入肽链后对应主链酰胺氮）,0,0,-13.99,0.261,1,likely_decrease,structure_rule,likely_increase,complete_peptide_context,likely_increase,structure_rule,none,context_reference,该环六肽还含N-Me-D-Leu、N-Me-Tyr、D-Pro等改造，没有只改变Leu→N-Me-Leu的单点母体对照，因此不能把13.0全部归因于这一处N-甲基化。
LEU__MLL,LEU,亮氨酸,MLL,METHYL L-LEUCINATE,羟基化／氧化还原,新增基团连接到母体的氧原子,-1,1,-11,0.089,0,uncertain,structure_rule,uncertain,structure_rule,uncertain,no_property_experiment,none,prediction_only,计算描述符只能提示方向，不能等同于实测溶解度、渗透性、稳定性或口服吸收。
LEU__MNL,LEU,亮氨酸,MNL,"4,N-DIMETHYLNORLEUCINE",N-取代／酰化,新增基团连接到母体的碳原子、氮原子,0,0,-13.99,0.651,2,likely_decrease,structure_rule,likely_increase,structure_rule,likely_increase,structure_rule,none,context_reference,当前记录没有本CCD的单点性质对照；同类论文只用于给出筛选方向。
LEU__NLB,LEU,亮氨酸,NLB,6-(benzyloxy)-L-norleucine,构象限制型成环,亮氨酸支链由支化异丁基改为直链正丁基；名称中的其他取代基另行保留,0,1,9.23,1.341,5,uncertain,structure_rule,uncertain,structure_rule,likely_increase,structure_rule,none,prediction_only,计算描述符只能提示方向，不能等同于实测溶解度、渗透性、稳定性或口服吸收。
LEU__NLE,LEU,亮氨酸,NLE,NORLEUCINE,构象限制型成环,亮氨酸支链由支化异丁基改为直链正丁基；名称中的其他取代基另行保留,0,0,0,0.145,1,uncertain,structure_rule,uncertain,structure_rule,likely_increase,structure_rule,none,property_specific_experiment,Nle常被称为Met的非氧化等排体，但是否提高具体肽的化学稳定性仍需在目标骨架中测量。
LEU__NLN,LEU,亮氨酸,NLN,NORLEUCINE AMIDE,构象限制型成环,亮氨酸支链先改为正亮氨酸直链，同时末端羧基改为酰胺；包含两处明确改变,0,0,5.79,-0.455,1,likely_increase,structure_rule,uncertain,structure_rule,likely_increase,structure_rule,none,prediction_only,计算描述符只能提示方向，不能等同于实测溶解度、渗透性、稳定性或口服吸收。
LEU__NLO,LEU,亮氨酸,NLO,O-METHYL-L-NORLEUCINE,复杂骨架重构,涉及多个原子和键的整体变化，不能可靠归为肽链上的一个替换原子,-1,1,-11,0.233,1,likely_decrease,structure_rule,likely_increase,structure_rule,uncertain,no_property_experiment,none,prediction_only,结构重构分类不等于性质改善；需要完整构件的合成、构象和性质实验。
LEU__NLP,LEU,亮氨酸,NLP,(1-AMINO-PENTYL)-PHOSPHONIC ACID,构象限制型成环,亮氨酸型α-羧酸被膦酸基替代，形成氨基膦酸等排体,1,0,20.23,0.195,1,uncertain,structure_rule,likely_decrease,structure_rule,likely_increase,structure_rule,activity_or_binding,property_specific_experiment,支持靶点结合机制，未提供通用药代优势。
LEU__NLW,LEU,亮氨酸,NLW,L-leucinamide,构象限制型成环,新增1个N；母体中少了1个O；新增部分连接到母体原子6（C）,0,0,5.79,-0.599,0,likely_increase,structure_rule,uncertain,structure_rule,likely_increase,structure_rule,none,prediction_only,计算描述符只能提示方向，不能等同于实测溶解度、渗透性、稳定性或口服吸收。
LEU__S0R,LEU,亮氨酸,S0R,(2S)-2-benzamido-4-methyl-pentanoic acid,N-取代／酰化,新增基团连接到母体的氮原子,0,0,3.08,1.472,2,likely_decrease,structure_rule,uncertain,structure_rule,likely_increase,structure_rule,none,context_reference,当前记录没有本CCD的单点性质对照；同类论文只用于给出筛选方向。
LEU__T3R,LEU,亮氨酸,T3R,"N,5-dimethyl-L-norleucine",构象限制型成环,亮氨酸支链由支化异丁基改为直链正丁基；名称中的其他取代基另行保留,0,0,-13.99,0.651,2,likely_decrease,structure_rule,likely_increase,structure_rule,likely_increase,structure_rule,none,prediction_only,这是一条设计建议，不是性质结论；最终必须用同一肽骨架的母体/衍生物配对实验确认。
LEU__WLU,LEU,亮氨酸,WLU,(4R)-5-hydroxy-N-methyl-L-leucine,N-取代／酰化,新增基团连接到母体的氮原子、碳原子,1,1,6.24,-0.767,2,likely_increase,structure_rule,uncertain,structure_rule,likely_increase,structure_rule,none,context_reference,当前记录没有本CCD的单点性质对照；同类论文只用于给出筛选方向。
LEU__Y1V,LEU,亮氨酸,Y1V,(4R)-5-amino-L-leucine,极性或带电基团,新增基团连接到母体的碳原子,1,1,26.02,-1.061,1,likely_increase,structure_rule,likely_decrease,structure_rule,uncertain,no_property_experiment,none,prediction_only,计算描述符只能提示方向，不能等同于实测溶解度、渗透性、稳定性或口服吸收。
LYS__0A2,LYS,赖氨酸,0A2,"[(1R)-1,5-diaminopentyl][bis(ethanolato)]hydroxyborate(1-)",复杂骨架重构,涉及多个原子和键的整体变化，不能可靠归为肽链上的一个替换原子,0,3,-0.23,1.175,4,likely_decrease,structure_rule,uncertain,structure_rule,uncertain,no_property_experiment,none,prediction_only,结构重构分类不等于性质改善；需要完整构件的合成、构象和性质实验。
LYS__2KK,LYS,赖氨酸,2KK,N~6~-(4-fluorobenzoyl)-L-lysine,构象限制型成环,新增7个C、1个F、1个O；新增部分连接到母体原子4（N）,0,1,1.46,2.327,2,likely_decrease,structure_rule,uncertain,structure_rule,likely_increase,structure_rule,none,prediction_only,计算描述符只能提示方向，不能等同于实测溶解度、渗透性、稳定性或口服吸收。
LYS__2KP,LYS,赖氨酸,2KP,N~6~-(4-bromobenzoyl)-L-lysine,构象限制型成环,新增1个Br、7个C、1个O；新增部分连接到母体原子4（N）,0,1,1.46,2.95,2,likely_decrease,structure_rule,uncertain,structure_rule,likely_increase,structure_rule,none,prediction_only,计算描述符只能提示方向，不能等同于实测溶解度、渗透性、稳定性或口服吸收。
LYS__3QN,LYS,赖氨酸,3QN,(E)-N~6~-{2-hydroxy-3-methyl-6-[(phosphonooxy)methyl]benzylidene}-L-lysine,构象限制型成环,新增9个C、5个O、1个P；新增部分连接到母体原子4（N）,2,4,71.71,2.5,5,uncertain,structure_rule,uncertain,structure_rule,likely_increase,structure_rule,none,prediction_only,计算描述符只能提示方向，不能等同于实测溶解度、渗透性、稳定性或口服吸收。
LYS__4AK,LYS,赖氨酸,4AK,N~6~-sulfo-L-lysine,构象限制型成环,新增3个O、1个S；新增部分连接到母体原子4（N）,1,2,38.76,0.15,2,uncertain,structure_rule,likely_decrease,structure_rule,likely_increase,structure_rule,none,prediction_only,计算描述符只能提示方向，不能等同于实测溶解度、渗透性、稳定性或口服吸收。
LYS__5CT,LYS,赖氨酸,5CT,Hypusine,构象限制型成环,新增4个C、1个N、1个O；新增部分连接到母体原子4（N）,2,3,30.64,0.057,5,likely_increase,structure_rule,likely_decrease,structure_rule,likely_increase,structure_rule,none,prediction_only,计算描述符只能提示方向，不能等同于实测溶解度、渗透性、稳定性或口服吸收。
LYS__5GG,LYS,赖氨酸,5GG,Deoxyhypusine,构象限制型成环,新增4个C、1个N；新增部分连接到母体原子4（N）,1,2,10.41,1.086,5,uncertain,structure_rule,uncertain,structure_rule,likely_increase,structure_rule,none,context_reference,属于完整eIF5A的专一翻译后修饰，不能归纳为一般肽性质改善。
LYS__5MW,LYS,赖氨酸,5MW,"(2~{S})-5-[4-(aminomethyl)-1,2,3-triazol-1-yl]-2-azanyl-pentanoic acid",立体化学改变 | 侧链延长／增大 | 极性或带电基团 | 构象限制型成环,新增3个C、4个N；母体中少了1个C、1个N；新增部分连接到母体原子2（C）,0,3,29.09,0.118,1,likely_increase,structure_rule,likely_decrease,structure_rule,uncertain,no_property_experiment,none,prediction_only,计算描述符只能提示方向，不能等同于实测溶解度、渗透性、稳定性或口服吸收。
LYS__5OW,LYS,赖氨酸,5OW,(2~{S})-2-azanyl-6-[[(~{Z})-~{C}-[2-methyl-3-oxidanyl-5-(phosphonooxymethyl)pyridin-4-yl]-~{N}-[(2~{R})-1-oxidanyl-1-oxidanylidene-3-sulfanyl-propan-2-yl]carbonimidoyl]amino]hexanoic acid,构象限制型成环,新增11个C、2个N、7个O、1个P、1个S；新增部分连接到母体原子4（N）,5,7,133.93,1.195,8,uncertain,structure_rule,uncertain,structure_rule,likely_increase,structure_rule,none,prediction_only,计算描述符只能提示方向，不能等同于实测溶解度、渗透性、稳定性或口服吸收。
LYS__5T3,LYS,赖氨酸,5T3,N~6~-ethyl-N~6~-propan-2-yl-L-lysine,构象限制型成环,新增5个C；新增部分连接到母体原子4（N）,-1,1,-24.4,2.488,3,likely_decrease,structure_rule,likely_increase,structure_rule,likely_increase,structure_rule,none,prediction_only,计算描述符只能提示方向，不能等同于实测溶解度、渗透性、稳定性或口服吸收。
LYS__6CL,LYS,赖氨酸,6CL,6-CARBOXYLYSINE,羟基化／氧化还原,新增基团连接到母体的碳原子,1,1,37.3,-0.547,1,likely_increase,structure_rule,likely_decrease,structure_rule,uncertain,no_property_experiment,none,prediction_only,计算描述符只能提示方向，不能等同于实测溶解度、渗透性、稳定性或口服吸收。
LYS__6G4,LYS,赖氨酸,6G4,4-oxononanoyl lysine,构象限制型成环,新增9个C、2个O；新增部分连接到母体原子4（N）,0,2,18.53,2.803,8,uncertain,structure_rule,uncertain,structure_rule,likely_increase,structure_rule,none,prediction_only,计算描述符只能提示方向，不能等同于实测溶解度、渗透性、稳定性或口服吸收。
LYS__6HN,LYS,赖氨酸,6HN,6-nitro-L-norleucine,构象限制型成环,新增2个O；新增部分连接到母体原子4（N）,-1,2,15.5,1.034,1,uncertain,structure_rule,uncertain,structure_rule,likely_increase,structure_rule,none,prediction_only,计算描述符只能提示方向，不能等同于实测溶解度、渗透性、稳定性或口服吸收。
LYS__73P,LYS,赖氨酸,73P,(2~{S})-6-azanyl-2-(carboxyamino)hexanoic acid,构象限制型成环,新增1个C、2个O；新增部分连接到母体原子10（N）,1,1,21.69,1.025,1,uncertain,structure_rule,uncertain,structure_rule,likely_increase,structure_rule,none,prediction_only,计算描述符只能提示方向，不能等同于实测溶解度、渗透性、稳定性或口服吸收。
LYS__74P,LYS,赖氨酸,74P,(E)-N~6~-(1-carboxy-3-oxobutylidene)-L-lysine,构象限制型成环,新增5个C、3个O；新增部分连接到母体原子4（N）,0,3,39.09,1.262,4,uncertain,structure_rule,uncertain,structure_rule,likely_increase,structure_rule,none,prediction_only,计算描述符只能提示方向，不能等同于实测溶解度、渗透性、稳定性或口服吸收。
LYS__7QK,LYS,赖氨酸,7QK,N~6~-acetyl-N~6~-methyl-L-lysine,构象限制型成环,新增3个C、1个O；新增部分连接到母体原子4（N）,-1,1,-7.33,1.236,1,likely_decrease,structure_rule,uncertain,structure_rule,likely_increase,structure_rule,none,prediction_only,计算描述符只能提示方向，不能等同于实测溶解度、渗透性、稳定性或口服吸收。
LYS__8RE,LYS,赖氨酸,8RE,"3,4-dihydroxylysine",构象限制型成环,新增2个O；新增部分连接到母体原子1（C）、母体原子5（C）,2,3,38.84,-1.342,0,likely_increase,structure_rule,likely_decrease,structure_rule,likely_increase,structure_rule,none,prediction_only,计算描述符只能提示方向，不能等同于实测溶解度、渗透性、稳定性或口服吸收。
LYS__9E7,LYS,赖氨酸,9E7,N~6~-(sulfanylmethyl)-L-lysine,构象限制型成环,新增1个C、1个S；新增部分连接到母体原子4（N）,1,2,-15.61,1.234,2,likely_decrease,structure_rule,likely_increase,structure_rule,likely_increase,structure_rule,none,prediction_only,计算描述符只能提示方向，不能等同于实测溶解度、渗透性、稳定性或口服吸收。
LYS__9KP,LYS,赖氨酸,9KP,(E)-N~6~-[(2E)-1-carboxy-3-(2-carboxyphenyl)prop-2-en-1-ylidene]-L-lysine,构象限制型成环,新增11个C、4个O；新增部分连接到母体原子4（N）,1,3,59.32,2.695,5,uncertain,structure_rule,uncertain,structure_rule,likely_increase,structure_rule,none,prediction_only,计算描述符只能提示方向，不能等同于实测溶解度、渗透性、稳定性或口服吸收。
LYS__9RI,LYS,赖氨酸,9RI,"N~6~-[(1R,2S,4S)-bicyclo[2.2.1]heptan-2-yl]-N~6~-methyl-L-lysine",构象限制型成环,新增8个C；新增部分连接到母体原子4（N）,-1,1,-24.4,2.878,2,likely_decrease,structure_rule,likely_increase,structure_rule,likely_increase,structure_rule,none,prediction_only,计算描述符只能提示方向，不能等同于实测溶解度、渗透性、稳定性或口服吸收。
LYS__9TR,LYS,赖氨酸,9TR,N6-{[(3-azidophenyl)methoxy]carbonyl}-L-lysine,构象限制型成环,新增8个C、3个N、2个O；新增部分连接到母体原子4（N）,0,3,59.45,3.626,4,uncertain,structure_rule,uncertain,structure_rule,likely_increase,structure_rule,none,prediction_only,计算描述符只能提示方向，不能等同于实测溶解度、渗透性、稳定性或口服吸收。
LYS__9TU,LYS,赖氨酸,9TU,N6-[({3-[3-(trifluoromethyl)-3H-diaziren-3-yl]phenyl}methoxy)carbonyl]-L-lysine,构象限制型成环,新增10个C、3个F、2个N、2个O；新增部分连接到母体原子4（N）,0,4,35.41,3.865,4,uncertain,structure_rule,uncertain,structure_rule,likely_increase,structure_rule,none,prediction_only,计算描述符只能提示方向，不能等同于实测溶解度、渗透性、稳定性或口服吸收。
LYS__9TX,LYS,赖氨酸,9TX,N6-{[(3-ethynylphenyl)methoxy]carbonyl}-L-lysine,构象限制型成环,新增10个C、2个O；新增部分连接到母体原子4（N）,0,2,10.69,2.665,3,uncertain,structure_rule,uncertain,structure_rule,likely_increase,structure_rule,none,prediction_only,计算描述符只能提示方向，不能等同于实测溶解度、渗透性、稳定性或口服吸收。
LYS__9U0,LYS,赖氨酸,9U0,"N6-({[(1S,2E)-cyclooct-2-en-1-yl]oxy}carbonyl)-L-lysine",构象限制型成环,新增9个C、2个O；新增部分连接到母体原子4（N）,0,2,10.69,3.373,2,uncertain,structure_rule,uncertain,structure_rule,likely_increase,structure_rule,none,prediction_only,计算描述符只能提示方向，不能等同于实测溶解度、渗透性、稳定性或口服吸收。
LYS__A1BDE,LYS,赖氨酸,A1BDE,N~6~-L-seryl-L-lysine,构象限制型成环,新增3个C、1个N、2个O；新增部分连接到母体原子4（N）,2,3,47.71,-0.807,3,likely_increase,structure_rule,likely_decrease,structure_rule,likely_increase,structure_rule,none,prediction_only,计算描述符只能提示方向，不能等同于实测溶解度、渗透性、稳定性或口服吸收。
LYS__A1BEB,LYS,赖氨酸,A1BEB,2-Methyllysine,构象限制型成环,新增1个C；新增部分连接到母体原子6（C）；检测到1个立体中心方向变化,0,1,-1.62,1.106,0,likely_decrease,structure_rule,uncertain,structure_rule,likely_increase,structure_rule,activity_or_binding,property_specific_experiment,这是明确的活性降低证据，不代表该残基在所有肽中都不适用。
LYS__A1BIE,LYS,赖氨酸,A1BIE,N~6~-(2-methylprop-2-enoyl)-L-lysine,构象限制型成环,新增4个C、1个O；新增部分连接到母体原子4（N）,0,1,1.46,1.45,2,likely_decrease,structure_rule,uncertain,structure_rule,likely_increase,structure_rule,none,prediction_only,计算描述符只能提示方向，不能等同于实测溶解度、渗透性、稳定性或口服吸收。
LYS__A1BX4,LYS,赖氨酸,A1BX4,N~6~-hydroxy-L-lysine,构象限制型成环,新增1个O；新增部分连接到母体原子4（N）,1,2,4.62,0.736,1,likely_decrease,structure_rule,uncertain,structure_rule,likely_increase,structure_rule,none,prediction_only,计算描述符只能提示方向，不能等同于实测溶解度、渗透性、稳定性或口服吸收。
LYS__A1D5B,LYS,赖氨酸,A1D5B,"methyl (2~{S})-2,6-bis(azanyl)hexanoate",构象限制型成环,新增1个C；新增部分连接到母体原子8（O）；检测到2处键级变化；检测到1个立体中心方向变化,-1,2,-12.62,0.805,0,likely_decrease,structure_rule,likely_increase,structure_rule,likely_increase,structure_rule,none,prediction_only,计算描述符只能提示方向，不能等同于实测溶解度、渗透性、稳定性或口服吸收。
LYS__A1EG1,LYS,赖氨酸,A1EG1,(2~{S})-2-azanyl-6-[(1~{S})-3-azanylidene-6-[[4-[4-[(3-cyclopropyl-1~{H}-pyrazol-5-yl)amino]-6-(prop-2-ynylcarbamoyl)pyrimidin-2-yl]piperazin-1-yl]methyl]-1-oxidanyl-1~{H}-isoindol-2-yl]hexanoic acid,构象限制型成环,新增27个C、1个H、10个N、2个O；母体中少了1个N；新增部分连接到母体原子3（C）,4,9,121.75,2.909,9,uncertain,structure_rule,uncertain,structure_rule,likely_increase,structure_rule,none,prediction_only,计算描述符只能提示方向，不能等同于实测溶解度、渗透性、稳定性或口服吸收。
LYS__A1EIU,LYS,赖氨酸,A1EIU,"(2~{S})-2-azanyl-6-[(~{E})-[7-methyl-2,4-bis(oxidanyl)-5-oxidanylidene-cyclohepta-1,3,6-trien-1-yl]methylideneamino]hexanoic acid",构象限制型成环,新增9个C、3个O；新增部分连接到母体原子4（N）,1,4,42.25,1.957,2,uncertain,structure_rule,uncertain,structure_rule,likely_increase,structure_rule,none,prediction_only,计算描述符只能提示方向，不能等同于实测溶解度、渗透性、稳定性或口服吸收。
LYS__A1EJ1,LYS,赖氨酸,A1EJ1,"(2~{S})-6-[(~{E})-[(2~{S},3~{R},4~{S},5~{R})-2-acetamido-3,4,5,6-tetrakis(oxidanyl)hexylidene]amino]-2-azanyl-hexanoic acid",构象限制型成环,新增8个C、1个N、5个O；新增部分连接到母体原子4（N）,4,6,94.74,-1.592,7,likely_increase,structure_rule,likely_decrease,structure_rule,likely_increase,structure_rule,none,prediction_only,计算描述符只能提示方向，不能等同于实测溶解度、渗透性、稳定性或口服吸收。
LYS__A1EJ4,LYS,赖氨酸,A1EJ4,(2~{S})-6-[(~{E})-2-acetamidoethylideneamino]-2-azanyl-hexanoic acid,构象限制型成环,新增4个C、1个N、1个O；新增部分连接到母体原子4（N）,0,2,13.82,0.965,3,uncertain,structure_rule,uncertain,structure_rule,likely_increase,structure_rule,none,prediction_only,计算描述符只能提示方向，不能等同于实测溶解度、渗透性、稳定性或口服吸收。
LYS__A1EJR,LYS,赖氨酸,A1EJR,(2S)-2-azanyl-6-[6-[[(2R)-1-[4-[2-[3-bromanyl-2-(2-hydroxy-2-oxoethyloxy)-5-methyl-phenyl]ethynyl]phenyl]-4-(methylamino)-4-oxidanylidene-butan-2-yl]carbamoyl]-3-oxidanylidene-1H-indazol-2-yl]hexanoic acid,立体化学改变 | 卤代 | 羟基化／氧化还原 | 极性或带电基团 | 构象限制型成环,新增1个Br、30个C、4个N、6个O；母体中少了1个N；新增部分连接到母体原子3（C）,3,5,114.88,4.512,10,uncertain,structure_rule,uncertain,structure_rule,uncertain,no_property_experiment,none,prediction_only,计算描述符只能提示方向，不能等同于实测溶解度、渗透性、稳定性或口服吸收。
LYS__A1EJS,LYS,赖氨酸,A1EJS,"(2S)-2-azanyl-6-[[2-[[4-[(5-fluoranyl-2-methoxycarbonyl-phenyl)amino]-2-[[3-(1-methylimidazol-2-yl)phenyl]methylamino]pyrimidin-5-yl]amino]-3,4-bis(oxidanylidene)cyclobuten-1-yl]amino]hexanoic acid",立体化学改变 | 卤代 | 羟基化／氧化还原 | 侧链延长／增大 | 极性或带电基团 | 构象限制型成环,新增27个C、1个F、7个N、4个O；新增部分连接到母体原子4（N）,3,11,124.52,4.681,11,uncertain,structure_rule,uncertain,structure_rule,uncertain,no_property_experiment,none,prediction_only,计算描述符只能提示方向，不能等同于实测溶解度、渗透性、稳定性或口服吸收。
LYS__A1EJT,LYS,赖氨酸,A1EJT,"(2~{S})-6-[(~{E})-[(2~{S},3~{S},4~{R})-5-[[[(2~{R},3~{S},4~{R},5~{R})-5-(6-aminopurin-9-yl)-3,4-bis(oxidanyl)oxolan-2-yl]methoxy-oxidanyl-phosphoryl]oxy-oxidanyl-phosphoryl]oxy-2,3,4-tris(oxidanyl)pentylidene]amino]-2-azanyl-hexanoic acid",立体化学改变 | 羟基化／氧化还原 | 侧链延长／增大 | 极性或带电基团 | 构象限制型成环,新增15个C、5个N、13个O、2个P；新增部分连接到母体原子4（N）,7,16,267.01,-1.797,13,likely_increase,structure_rule,likely_decrease,structure_rule,uncertain,no_property_experiment,none,prediction_only,计算描述符只能提示方向，不能等同于实测溶解度、渗透性、稳定性或口服吸收。
LYS__A1EJZ,LYS,赖氨酸,A1EJZ,"(2~{S})-6-[(~{E})-[(2~{S},3~{R},4~{R},5~{R})-2-acetamido-3,4,5,6-tetrakis(oxidanyl)hexylidene]amino]-2-azanyl-hexanoic acid",构象限制型成环,新增8个C、1个N、5个O；新增部分连接到母体原子4（N）,4,6,94.74,-1.592,7,likely_increase,structure_rule,likely_decrease,structure_rule,likely_increase,structure_rule,none,prediction_only,计算描述符只能提示方向，不能等同于实测溶解度、渗透性、稳定性或口服吸收。
LYS__A1EMP,LYS,赖氨酸,A1EMP,"(2~{S})-2-azanyl-6-[(1~{S})-7-[6-(3,5-dimethyl-1,2-oxazol-4-yl)-1-[(1~{S})-1-pyridin-2-ylethyl]pyrrolo[3,2-b]pyridin-3-yl]-3-methylidene-1-oxidanyl-1~{H}-isoindol-2-yl]hexanoic acid",立体化学改变 | 羟基化／氧化还原 | 侧链延长／增大 | 极性或带电基团 | 构象限制型成环,新增28个C、5个N、2个O；母体中少了1个N；新增部分连接到母体原子3（C）,0,6,52.57,7.028,5,uncertain,structure_rule,uncertain,structure_rule,uncertain,no_property_experiment,none,prediction_only,计算描述符只能提示方向，不能等同于实测溶解度、渗透性、稳定性或口服吸收。
LYS__A1EYP,LYS,赖氨酸,A1EYP,"(2S)-2-azanyl-6-[[(1S,4R,5S)-4-methyl-5-(nitromethyl)-4-phenyl-cyclohex-2-en-1-yl]amino]hexanoic acid",构象限制型成环,新增14个C、1个N、2个O；新增部分连接到母体原子4（N）,0,3,27.53,3.527,5,uncertain,structure_rule,uncertain,structure_rule,likely_increase,structure_rule,none,prediction_only,计算描述符只能提示方向，不能等同于实测溶解度、渗透性、稳定性或口服吸收。
LYS__A1H5N,LYS,赖氨酸,A1H5N,2-Imino-2-phenylethanol-lysine,构象限制型成环,新增8个C、1个O；新增部分连接到母体原子4（N）,0,2,4.95,2.239,3,likely_decrease,structure_rule,uncertain,structure_rule,likely_increase,structure_rule,none,prediction_only,计算描述符只能提示方向，不能等同于实测溶解度、渗透性、稳定性或口服吸收。
LYS__A1H96,LYS,赖氨酸,A1H96,(2~{S})-2-azanyl-6-(propan-2-ylcarbamothioylamino)hexanoic acid,构象限制型成环,新增4个C、1个N、1个S；新增部分连接到母体原子4（N）,1,1,-3.58,1.63,2,likely_decrease,structure_rule,uncertain,structure_rule,likely_increase,structure_rule,none,prediction_only,计算描述符只能提示方向，不能等同于实测溶解度、渗透性、稳定性或口服吸收。
LYS__A1LUV,LYS,赖氨酸,A1LUV,(5S)-5-HYDROXY-LYSINE,羟基化／氧化还原,新增基团连接到母体的碳原子,1,1,20.23,-1.03,0,likely_increase,structure_rule,likely_decrease,structure_rule,uncertain,no_property_experiment,none,prediction_only,计算描述符只能提示方向，不能等同于实测溶解度、渗透性、稳定性或口服吸收。
LYS__A1LWV,LYS,赖氨酸,A1LWV,(2~{S})-2-azanyl-6-(5-oxidanylidenepentanoylamino)hexanoic acid,构象限制型成环,新增5个C、2个O；新增部分连接到母体原子4（N）,0,2,18.53,1.243,5,uncertain,structure_rule,uncertain,structure_rule,likely_increase,structure_rule,none,prediction_only,计算描述符只能提示方向，不能等同于实测溶解度、渗透性、稳定性或口服吸收。
LYS__A66,LYS,赖氨酸,A66,"N-(3,7-Diaminopurin-6-ylacetyl)-L-lysine",末端封闭／骨架等排,新增9个C、6个N、1个O；新增部分连接到母体原子10（N）；检测到1个立体中心方向变化,1,6,88.31,-0.033,5,likely_increase,structure_rule,likely_decrease,structure_rule,uncertain,no_property_experiment,none,prediction_only,计算描述符只能提示方向，不能等同于实测溶解度、渗透性、稳定性或口服吸收。
LYS__ALY,LYS,赖氨酸,ALY,N(6)-ACETYLLYSINE,构象限制型成环,新增2个C、1个O；新增部分连接到母体原子4（N）,0,1,1.46,0.894,1,likely_decrease,structure_rule,uncertain,structure_rule,likely_increase,structure_rule,activity_or_binding,property_specific_experiment,结论限于靶点识别，不能当作通用药代性质证据。
LYS__API,LYS,赖氨酸,API,"2,6-DIAMINOPIMELIC ACID",构象限制型成环,"官方CCD化学名称“2,6-DIAMINOPIMELIC ACID”确定了改造区域；结构叠合覆盖天然母体100%。新增1个C、2个O；新增部分连接到母体原子3（C）",1,2,35.68,0.17,1,uncertain,structure_rule,likely_decrease,structure_rule,likely_increase,structure_rule,none,prediction_only,计算描述符只能提示方向，不能等同于实测溶解度、渗透性、稳定性或口服吸收。
LYS__APK,LYS,赖氨酸,APK,5'-O-[(S)-{[(5S)-5-AMINO-6-OXOHEXYL]AMINO}(HYDROXY)PHOSPHORYL]ADENOSINE,标记／加合物／配合物,新增10个C、5个N、6个O、1个P；母体中少了1个O；新增部分连接到母体原子4（N）,3,9,130,-0.38,6,likely_increase,structure_rule,likely_decrease,structure_rule,uncertain,no_property_experiment,none,prediction_only,计算描述符只能提示方向，不能等同于实测溶解度、渗透性、稳定性或口服吸收。
LYS__AZK,LYS,赖氨酸,AZK,(S)-2-AMINO-6-AZIDOHEXANOIC ACID,复杂骨架重构,涉及多个原子和键的整体变化，不能可靠归为肽链上的一个替换原子,-1,1,4.05,1.976,1,likely_decrease,structure_rule,uncertain,structure_rule,uncertain,no_property_experiment,none,prediction_only,结构重构分类不等于性质改善；需要完整构件的合成、构象和性质实验。
LYS__B3K,LYS,赖氨酸,B3K,"(3S)-3,7-DIAMINOHEPTANOIC ACID",复杂骨架重构,涉及多个原子和键的整体变化，不能可靠归为肽链上的一个替换原子,0,1,-1.62,1.106,1,likely_decrease,structure_rule,uncertain,structure_rule,uncertain,no_property_experiment,none,prediction_only,结构重构分类不等于性质改善；需要完整构件的合成、构象和性质实验。
LYS__BTK,LYS,赖氨酸,BTK,N~6~-butanoyl-L-lysine,构象限制型成环,新增4个C、1个O；新增部分连接到母体原子4（N）,0,1,1.46,1.674,3,likely_decrease,structure_rule,uncertain,structure_rule,likely_increase,structure_rule,activity_or_binding,property_specific_experiment,方向由具体读取蛋白决定，不是通用性质变化。
LYS__C1X,LYS,赖氨酸,C1X,"(Z)-N~6~-[(4R,5S)-5-(2-CARBOXYETHYL)-4-(CARBOXYMETHYL)DIHYDRO-2H-THIOPYRAN-3(4H)-YLIDENE]-L-LYSINE",构象限制型成环,新增10个C、4个O、1个S；新增部分连接到母体原子4（N）,1,4,59.32,2.517,6,uncertain,structure_rule,uncertain,structure_rule,likely_increase,structure_rule,none,prediction_only,计算描述符只能提示方向，不能等同于实测溶解度、渗透性、稳定性或口服吸收。
LYS__CLG,LYS,赖氨酸,CLG,2-AMINO-6-[2-(2-AMINOOXY-ACETYLAMINO)-ACETYLAMINO]-HEXANOIC ACID,构象限制型成环,新增4个C、2个N、3个O；新增部分连接到母体原子4（N）,2,4,65.81,-1.12,5,likely_increase,structure_rule,likely_decrease,structure_rule,likely_increase,structure_rule,none,prediction_only,计算描述符只能提示方向，不能等同于实测溶解度、渗透性、稳定性或口服吸收。
LYS__CLH,LYS,赖氨酸,CLH,2-AMINO-6-[2-(2-OXO-ACETYLAMINO)-ACETYLAMINO]-HEXANOIC ACID,构象限制型成环,新增4个C、1个N、3个O；新增部分连接到母体原子4（N）,1,3,47.63,-0.811,4,likely_increase,structure_rule,likely_decrease,structure_rule,likely_increase,structure_rule,none,prediction_only,计算描述符只能提示方向，不能等同于实测溶解度、渗透性、稳定性或口服吸收。
LYS__CYJ,LYS,赖氨酸,CYJ,"(Z)-N~6~-[(4R,5S)-5-(2-CARBOXYETHYL)-4-(CARBOXYMETHYL)PIPERIDIN-3-YLIDENE]-L-LYSINE",构象限制型成环,新增10个C、1个N、4个O；新增部分连接到母体原子4（N）,2,4,71.35,1.374,6,uncertain,structure_rule,uncertain,structure_rule,likely_increase,structure_rule,none,prediction_only,计算描述符只能提示方向，不能等同于实测溶解度、渗透性、稳定性或口服吸收。
LYS__D8R,LYS,赖氨酸,D8R,N~6~-[(2R)-2-hydroxypropanoyl]-L-lysine,构象限制型成环,新增3个C、2个O；新增部分连接到母体原子4（N）,1,2,21.69,0.255,2,uncertain,structure_rule,likely_decrease,structure_rule,likely_increase,structure_rule,none,prediction_only,计算描述符只能提示方向，不能等同于实测溶解度、渗透性、稳定性或口服吸收。
LYS__DLS,LYS,赖氨酸,DLS,DI-ACETYL-LYSINE,构象限制型成环,新增4个C、2个O；新增部分连接到母体原子10（N）、母体原子4（N）,0,1,4.54,1.071,2,likely_decrease,structure_rule,uncertain,structure_rule,likely_increase,structure_rule,none,prediction_only,计算描述符只能提示方向，不能等同于实测溶解度、渗透性、稳定性或口服吸收。
LYS__DM0,LYS,赖氨酸,DM0,"N~2~,N~2~,N~6~,N~6~-tetramethyl-L-lysine",构象限制型成环,新增4个C；新增部分连接到母体原子10（N）、母体原子4（N）,-2,1,-47.18,1.922,2,likely_decrease,structure_rule,likely_increase,structure_rule,likely_increase,structure_rule,none,prediction_only,计算描述符只能提示方向，不能等同于实测溶解度、渗透性、稳定性或口服吸收。
LYS__DNL,LYS,赖氨酸,DNL,6-AMINO-HEXANAL,复杂骨架重构,涉及多个原子和键的整体变化，不能可靠归为肽链上的一个替换原子,-2,0,-47.87,1.893,0,likely_decrease,structure_rule,likely_increase,structure_rule,uncertain,no_property_experiment,none,prediction_only,结构重构分类不等于性质改善；需要完整构件的合成、构象和性质实验。
LYS__DNS,LYS,赖氨酸,DNS,N~6~-{[5-(DIMETHYLAMINO)-1-NAPHTHYL]SULFONYL}-L-LYSINE,构象限制型成环,新增12个C、1个N、2个O、1个S；新增部分连接到母体原子4（N）,0,3,21.77,2.955,4,uncertain,structure_rule,uncertain,structure_rule,likely_increase,structure_rule,none,prediction_only,计算描述符只能提示方向，不能等同于实测溶解度、渗透性、稳定性或口服吸收。
LYS__ELY,LYS,赖氨酸,ELY,"N~6~,N~6~-diethyl-L-lysine",构象限制型成环,新增4个C；新增部分连接到母体原子4（N）,-1,1,-24.4,2.099,3,likely_decrease,structure_rule,likely_increase,structure_rule,likely_increase,structure_rule,none,prediction_only,计算描述符只能提示方向，不能等同于实测溶解度、渗透性、稳定性或口服吸收。
LYS__EXA,LYS,赖氨酸,EXA,N~6~-[(R)-[(E)-(1-carboxyethylidene)amino]{3-hydroxy-2-methyl-5-[(phosphonooxy)methyl]pyridin-4-yl}methyl]-L-lysine,构象限制型成环,新增11个C、2个N、7个O、1个P；新增部分连接到母体原子4（N）,4,7,133.93,1.61,8,uncertain,structure_rule,uncertain,structure_rule,likely_increase,structure_rule,none,prediction_only,计算描述符只能提示方向，不能等同于实测溶解度、渗透性、稳定性或口服吸收。
LYS__FAK,LYS,赖氨酸,FAK,N~6~-(trifluoroacetyl)-L-lysine,构象限制型成环,新增2个C、3个F、1个O；新增部分连接到母体原子4（N）,0,1,1.46,1.436,1,likely_decrease,structure_rule,uncertain,structure_rule,likely_increase,structure_rule,activity_or_binding,property_specific_experiment,属于酶抑制用途证据，不等于一般药代性质改善。
LYS__FDL,LYS,赖氨酸,FDL,N~6~-acetyl-N-(4-methyl-2-oxo-2H-chromen-7-yl)-L-lysinamide,构象限制型成环,新增12个C、1个N、3个O；母体中少了1个O；新增部分连接到母体原子4（N）、母体原子7（C）；检测到1个立体中心方向变化,0,3,23.47,2.863,2,uncertain,structure_rule,uncertain,structure_rule,likely_increase,structure_rule,none,prediction_only,计算描述符只能提示方向，不能等同于实测溶解度、渗透性、稳定性或口服吸收。
LYS__FF9,LYS,赖氨酸,FF9,(2S)-2-azanyl-6-[(E)-(1-oxidanyl-1-oxidanylidene-butan-2-ylidene)amino]hexanoic acid,构象限制型成环,新增4个C、2个O；新增部分连接到母体原子4（N）,0,2,22.02,1.693,3,uncertain,structure_rule,uncertain,structure_rule,likely_increase,structure_rule,none,prediction_only,计算描述符只能提示方向，不能等同于实测溶解度、渗透性、稳定性或口服吸收。
LYS__FH7,LYS,赖氨酸,FH7,N^5^-formyl-N^5^-hydroxy-D-ornithine,构象限制型成环,新增1个C、1个N、2个O；母体中少了1个C、1个N；新增部分连接到母体原子2（C）；检测到1个立体中心方向变化,0,2,12.9,0.215,1,uncertain,structure_rule,uncertain,structure_rule,likely_increase,structure_rule,none,prediction_only,计算描述符只能提示方向，不能等同于实测溶解度、渗透性、稳定性或口服吸收。
LYS__FHL,LYS,赖氨酸,FHL,(E)-N~6~-[3-CARBOXY-1-(HYDROXYMETHYL)PROPYLIDENE]-L-LYSINE,构象限制型成环,新增5个C、3个O；新增部分连接到母体原子4（N）,1,3,42.25,1.056,5,uncertain,structure_rule,uncertain,structure_rule,likely_increase,structure_rule,none,prediction_only,计算描述符只能提示方向，不能等同于实测溶解度、渗透性、稳定性或口服吸收。
LYS__FHO,LYS,赖氨酸,FHO,N^5^-FORMYL-N^5^-HYDROXY-L-ORNITHINE,构象限制型成环,新增1个C、1个N、2个O；母体中少了1个C、1个N；新增部分连接到母体原子2（C）,0,2,12.9,0.215,1,uncertain,structure_rule,uncertain,structure_rule,likely_increase,structure_rule,none,prediction_only,计算描述符只能提示方向，不能等同于实测溶解度、渗透性、稳定性或口服吸收。
LYS__FQA,LYS,赖氨酸,FQA,N~6~-benzyl-L-lysine,构象限制型成环,新增7个C；新增部分连接到母体原子4（N）,0,1,-15.61,2.547,3,likely_decrease,structure_rule,likely_increase,structure_rule,likely_increase,structure_rule,none,prediction_only,计算描述符只能提示方向，不能等同于实测溶解度、渗透性、稳定性或口服吸收。
LYS__FZN,LYS,赖氨酸,FZN,"(2S)-2-amino-6-{[(1Z)-1-{[(2R,3R,4S,5R)-5-({[(R)-{[(R)-{[(2R,3S,4R,5R)-5-(6-amino-9H-purin-9-yl)-3,4-dihydroxytetrahydrofuran-2-yl]methoxy}(hydroxy)phosphoryl]oxy}(hydroxy)phosphoryl]oxy}methyl)-3,4-dihydroxytetrahydrofuran-2-yl]sulfanyl}ethylidene]amino}hexanoic acid",立体化学改变 | 羟基化／氧化还原 | 侧链延长／增大 | 极性或带电基团 | 构象限制型成环,新增17个C、5个N、13个O、2个P、1个S；新增部分连接到母体原子4（N）,6,17,256.01,-0.352,11,likely_increase,structure_rule,likely_decrease,structure_rule,uncertain,no_property_experiment,none,prediction_only,计算描述符只能提示方向，不能等同于实测溶解度、渗透性、稳定性或口服吸收。
LYS__GND,LYS,赖氨酸,GND,2-AMINO-5-GUANIDINO-PENTANOIC ACID,构象限制型成环,新增1个C、1个H、3个N；母体中少了1个C、1个N；新增部分连接到母体原子2（C）,2,0,35.88,-0.866,0,likely_increase,structure_rule,likely_decrease,structure_rule,likely_increase,structure_rule,none,prediction_only,计算描述符只能提示方向，不能等同于实测溶解度、渗透性、稳定性或口服吸收。
LYS__GPL,LYS,赖氨酸,GPL,LYSINE GUANOSINE-5'-MONOPHOSPHATE,立体化学改变 | 羟基化／氧化还原 | 侧链延长／增大 | 极性或带电基团 | 构象限制型成环,新增10个C、5个N、7个O、1个P；新增部分连接到母体原子4（N）,5,9,170.2,-1.201,6,likely_increase,structure_rule,likely_decrease,structure_rule,uncertain,no_property_experiment,none,prediction_only,计算描述符只能提示方向，不能等同于实测溶解度、渗透性、稳定性或口服吸收。
LYS__HLY,LYS,赖氨酸,HLY,(3~{R})-5-[[(5~{S})-5-azanyl-6-oxidanyl-6-oxidanylidene-hexyl]amino]-3-methyl-3-oxidanyl-5-oxidanylidene-pentanoic acid,构象限制型成环,新增6个C、4个O；新增部分连接到母体原子4（N）,2,3,58.99,0.49,5,uncertain,structure_rule,likely_decrease,structure_rule,likely_increase,structure_rule,none,prediction_only,计算描述符只能提示方向，不能等同于实测溶解度、渗透性、稳定性或口服吸收。
LYS__I2F,LYS,赖氨酸,I2F,"(2~{S},4~{R},5~{E})-5-[(5~{S})-5-azanyl-6-oxidanyl-hexyl]iminohexane-1,2,4-triol",复杂骨架重构,涉及多个原子和键的整体变化，不能可靠归为肽链上的一个替换原子,3,5,48.57,-0.451,5,likely_increase,structure_rule,likely_decrease,structure_rule,uncertain,no_property_experiment,none,prediction_only,结构重构分类不等于性质改善；需要完整构件的合成、构象和性质实验。
LYS__I58,LYS,赖氨酸,I58,4R-FLUORO-N6-ETHANIMIDOYL-L-LYSINE,构象限制型成环,新增2个C、1个F、1个H、1个N；新增部分连接到母体原子1（C）、母体原子4（N）,1,1,8.24,1.292,1,uncertain,structure_rule,uncertain,structure_rule,likely_increase,structure_rule,none,prediction_only,计算描述符只能提示方向，不能等同于实测溶解度、渗透性、稳定性或口服吸收。
LYS__IEL,LYS,赖氨酸,IEL,N~6~-[(1Z)-ethanimidoyl]-L-lysine,构象限制型成环,新增2个C、1个H、1个N；新增部分连接到母体原子4（N）,1,1,8.24,1.344,1,uncertain,structure_rule,uncertain,structure_rule,likely_increase,structure_rule,none,prediction_only,计算描述符只能提示方向，不能等同于实测溶解度、渗透性、稳定性或口服吸收。
LYS__JGO,LYS,赖氨酸,JGO,"meso-2,6-diaminopimelic acid NH2",构象限制型成环,新增1个C、1个N、1个O；新增部分连接到母体原子3（C）,1,2,41.47,-0.43,1,likely_increase,structure_rule,likely_decrease,structure_rule,likely_increase,structure_rule,none,prediction_only,计算描述符只能提示方向，不能等同于实测溶解度、渗透性、稳定性或口服吸收。
LYS__JLP,LYS,赖氨酸,JLP,(2S)-2-azanyl-6-[E-[5-(hydroxymethyl)-2-methyl-3-oxidanyl-pyridin-4-yl]methylideneamino]hexanoic acid,构象限制型成环,新增8个C、1个N、2个O；新增部分连接到母体原子4（N）,1,4,38.07,1.778,3,uncertain,structure_rule,uncertain,structure_rule,likely_increase,structure_rule,none,prediction_only,计算描述符只能提示方向，不能等同于实测溶解度、渗透性、稳定性或口服吸收。
LYS__KBE,LYS,赖氨酸,KBE,beta-lysine,复杂骨架重构,涉及多个原子和键的整体变化，不能可靠归为肽链上的一个替换原子,0,1,-1.62,0.716,0,likely_decrease,structure_rule,uncertain,structure_rule,uncertain,no_property_experiment,none,prediction_only,结构重构分类不等于性质改善；需要完整构件的合成、构象和性质实验。
LYS__KCR,LYS,赖氨酸,KCR,N-6-crotonyl-L-lysine,构象限制型成环,新增4个C、1个O；新增部分连接到母体原子4（N）,0,1,1.46,1.45,2,likely_decrease,structure_rule,uncertain,structure_rule,likely_increase,structure_rule,activity_or_binding,property_specific_experiment,证据只支持特定表观遗传阅读器结合，不支持通用成药性质改善。
LYS__KCX,LYS,赖氨酸,KCX,LYSINE NZ-CARBOXYLIC ACID,构象限制型成环,新增1个C、2个O；新增部分连接到母体原子4（N）,1,1,21.69,1.025,1,uncertain,structure_rule,uncertain,structure_rule,likely_increase,structure_rule,none,prediction_only,计算描述符只能提示方向，不能等同于实测溶解度、渗透性、稳定性或口服吸收。
LYS__KEO,LYS,赖氨酸,KEO,e(R)-beta-lysyl-hydroxylysine,构象限制型成环,新增6个C、2个N、2个O；新增部分连接到母体原子1（C）、母体原子4（N）,3,4,73.73,-0.699,6,likely_increase,structure_rule,likely_decrease,structure_rule,likely_increase,structure_rule,none,prediction_only,计算描述符只能提示方向，不能等同于实测溶解度、渗透性、稳定性或口服吸收。
LYS__KFP,LYS,赖氨酸,KFP,"N~6~-[(2-amino-4-oxo-3,4-dihydropteridin-6-yl)methyl]-D-lysine",构象限制型成环,新增7个C、5个N、1个O；新增部分连接到母体原子4（N）；检测到1个立体中心方向变化,2,6,81.94,0.156,3,uncertain,structure_rule,likely_decrease,structure_rule,likely_increase,structure_rule,none,prediction_only,计算描述符只能提示方向，不能等同于实测溶解度、渗透性、稳定性或口服吸收。
LYS__KGC,LYS,赖氨酸,KGC,N~6~-[(2R)-2-CARBOXY-5-OXOTETRAHYDROFURAN-2-YL]-L-LYSINE,构象限制型成环,新增5个C、4个O；新增部分连接到母体原子4（N）,1,4,47.99,0.465,3,uncertain,structure_rule,likely_decrease,structure_rule,likely_increase,structure_rule,none,prediction_only,计算描述符只能提示方向，不能等同于实测溶解度、渗透性、稳定性或口服吸收。
LYS__KHB,LYS,赖氨酸,KHB,N~6~-[(3S)-3-hydroxybutanoyl]-L-lysine,构象限制型成环,新增4个C、2个O；新增部分连接到母体原子4（N）,1,2,21.69,0.645,3,uncertain,structure_rule,uncertain,structure_rule,likely_increase,structure_rule,activity_or_binding,property_specific_experiment,结论依赖构型、组蛋白序列和特定去酰化酶。
LYS__KPF,LYS,赖氨酸,KPF,N-(1-carboxy-2-fluoro-ethenyl) lysine,构象限制型成环,新增3个C、1个F、2个O；新增部分连接到母体原子4（N）,0,2,22.02,1.253,3,uncertain,structure_rule,uncertain,structure_rule,likely_increase,structure_rule,none,prediction_only,计算描述符只能提示方向，不能等同于实测溶解度、渗透性、稳定性或口服吸收。
LYS__KPI,LYS,赖氨酸,KPI,(2S)-2-amino-6-[(1-hydroxy-1-oxo-propan-2-ylidene)amino]hexanoic acid,构象限制型成环,新增3个C、2个O；新增部分连接到母体原子4（N）,0,2,22.02,1.303,2,uncertain,structure_rule,uncertain,structure_rule,likely_increase,structure_rule,none,prediction_only,计算描述符只能提示方向，不能等同于实测溶解度、渗透性、稳定性或口服吸收。
LYS__KPY,LYS,赖氨酸,KPY,(2R)-2-AZANYL-3-[2-[(E)-(1-OXIDANYL-1-OXIDANYLIDENE-PROPAN-2-YLIDENE)AMINO]ETHYLSULFANYL]PROPANOIC ACID,复杂骨架重构,涉及多个原子和键的整体变化，不能可靠归为肽链上的一个替换原子,0,3,22.02,0.866,2,uncertain,structure_rule,uncertain,structure_rule,uncertain,no_property_experiment,none,prediction_only,结构重构分类不等于性质改善；需要完整构件的合成、构象和性质实验。
LYS__KR3,LYS,赖氨酸,KR3,N~6~-(ethoxycarbonyl)-L-lysine,构象限制型成环,新增3个C、2个O；新增部分连接到母体原子4（N）,0,2,10.69,1.504,2,uncertain,structure_rule,uncertain,structure_rule,likely_increase,structure_rule,none,prediction_only,计算描述符只能提示方向，不能等同于实测溶解度、渗透性、稳定性或口服吸收。
LYS__KST,LYS,赖氨酸,KST,N~6~-(5-CARBOXY-3-THIENYL)-L-LYSINE,构象限制型成环,新增5个C、2个O、1个S；新增部分连接到母体原子4（N）,1,3,21.69,2.629,3,uncertain,structure_rule,uncertain,structure_rule,likely_increase,structure_rule,none,prediction_only,计算描述符只能提示方向，不能等同于实测溶解度、渗透性、稳定性或口服吸收。
LYS__KYQ,LYS,赖氨酸,KYQ,(E)-N~6~-(1-carboxy-2-hydroxyethylidene)-L-lysine,构象限制型成环,新增3个C、3个O；新增部分连接到母体原子4（N）,1,3,42.25,0.276,3,uncertain,structure_rule,likely_decrease,structure_rule,likely_increase,structure_rule,none,prediction_only,计算描述符只能提示方向，不能等同于实测溶解度、渗透性、稳定性或口服吸收。
LYS__L5P,LYS,赖氨酸,L5P,"(2S)-2-azanyl-6-[[(3R,4R)-3,4-bis(oxidanyl)-2-oxidanylidene-5-phosphonooxy-pentyl]amino]hexanoic acid",构象限制型成环,新增5个C、7个O、1个P；新增部分连接到母体原子4（N）,4,6,108.68,-1.253,8,likely_increase,structure_rule,likely_decrease,structure_rule,likely_increase,structure_rule,none,prediction_only,计算描述符只能提示方向，不能等同于实测溶解度、渗透性、稳定性或口服吸收。
LYS__LA2,LYS,赖氨酸,LA2,"N~6~-[(6R)-6,8-disulfanyloctanoyl]-L-lysine",构象限制型成环,新增8个C、1个O、2个S；新增部分连接到母体原子4（N）,2,3,1.46,3.053,8,likely_decrease,structure_rule,uncertain,structure_rule,likely_increase,structure_rule,activity_or_binding,property_specific_experiment,属于特定代谢酶辅因子功能，不是渗透性、溶解度或口服吸收实验。
LYS__LBY,LYS,赖氨酸,LBY,N~6~-(tert-butoxycarbonyl)-L-lysine,构象限制型成环,新增5个C、2个O；新增部分连接到母体原子4（N）,0,2,10.69,2.282,1,uncertain,structure_rule,uncertain,structure_rule,likely_increase,structure_rule,none,prediction_only,计算描述符只能提示方向，不能等同于实测溶解度、渗透性、稳定性或口服吸收。
LYS__LBZ,LYS,赖氨酸,LBZ,(2~{S})-2-azanyl-6-benzamido-hexanoic acid,构象限制型成环,新增7个C、1个O；新增部分连接到母体原子4（N）,0,1,1.46,2.188,2,likely_decrease,structure_rule,uncertain,structure_rule,likely_increase,structure_rule,activity_or_binding,property_specific_experiment,属于特定组蛋白读取，不是渗透或口服吸收。
LYS__LCK,LYS,赖氨酸,LCK,(Z)-N~6~-(2-carboxy-1-methylethylidene)-L-lysine,构象限制型成环,新增4个C、2个O；新增部分连接到母体原子4（N）,0,2,22.02,1.693,3,uncertain,structure_rule,uncertain,structure_rule,likely_increase,structure_rule,none,prediction_only,计算描述符只能提示方向，不能等同于实测溶解度、渗透性、稳定性或口服吸收。
LYS__LDH,LYS,赖氨酸,LDH,N~6~-ETHYL-L-LYSINE,构象限制型成环,新增2个C；新增部分连接到母体原子4（N）,0,1,-15.61,1.367,2,likely_decrease,structure_rule,likely_increase,structure_rule,likely_increase,structure_rule,none,prediction_only,计算描述符只能提示方向，不能等同于实测溶解度、渗透性、稳定性或口服吸收。
LYS__LET,LYS,赖氨酸,LET,(Z)-N^6-{3-CARBOXY-1-[(4-CARBOXY-2-OXOBUTOXY)METHYL]PROPYLIDENE}-L-LYSINE,构象限制型成环,新增10个C、6个O；新增部分连接到母体原子4（N）,1,5,85.62,1.514,11,uncertain,structure_rule,uncertain,structure_rule,likely_increase,structure_rule,none,prediction_only,计算描述符只能提示方向，不能等同于实测溶解度、渗透性、稳定性或口服吸收。
LYS__LGY,LYS,赖氨酸,LGY,(E)-N~6~-(4-oxobutylidene)-L-lysine,构象限制型成环,新增4个C、1个O；新增部分连接到母体原子4（N）,-1,2,1.79,1.808,4,likely_decrease,structure_rule,uncertain,structure_rule,likely_increase,structure_rule,none,prediction_only,计算描述符只能提示方向，不能等同于实测溶解度、渗透性、稳定性或口服吸收。
LYS__LLO,LYS,赖氨酸,LLO,"N~6~-[(1S)-3-hydroxy-1,3-dimethylbutyl]-L-lysine",构象限制型成环,新增6个C、1个O；新增部分连接到母体原子4（N）,1,2,4.62,1.897,4,likely_decrease,structure_rule,uncertain,structure_rule,likely_increase,structure_rule,none,prediction_only,计算描述符只能提示方向，不能等同于实测溶解度、渗透性、稳定性或口服吸收。
LYS__LLP,LYS,赖氨酸,LLP,(2S)-2-amino-6-[[3-hydroxy-2-methyl-5-(phosphonooxymethyl)pyridin-4-yl]methylideneamino]hexanoic acid,构象限制型成环,新增8个C、1个N、5个O、1个P；新增部分连接到母体原子4（N）,2,5,84.6,1.895,5,uncertain,structure_rule,uncertain,structure_rule,likely_increase,structure_rule,none,prediction_only,计算描述符只能提示方向，不能等同于实测溶解度、渗透性、稳定性或口服吸收。
LYS__LLY,LYS,赖氨酸,LLY,NZ-(DICARBOXYMETHYL)LYSINE,构象限制型成环,新增3个C、4个O；新增部分连接到母体原子4（N）,2,3,58.99,-0.115,4,likely_increase,structure_rule,likely_decrease,structure_rule,likely_increase,structure_rule,none,prediction_only,计算描述符只能提示方向，不能等同于实测溶解度、渗透性、稳定性或口服吸收。
LYS__LLZ,LYS,赖氨酸,LLZ,N~6~-[(1S)-3-(6-methoxynaphthalen-2-yl)-1-methyl-3-oxopropyl]-L-lysine,构象限制型成环,新增15个C、2个O；新增部分连接到母体原子4（N）,0,3,10.69,4.171,6,uncertain,structure_rule,uncertain,structure_rule,likely_increase,structure_rule,none,prediction_only,计算描述符只能提示方向，不能等同于实测溶解度、渗透性、稳定性或口服吸收。
LYS__LMF,LYS,赖氨酸,LMF,NZ(N-METHYL THIOFORMAMIDE) LYSINE,构象限制型成环,新增2个C、1个N、1个S；新增部分连接到母体原子4（N）,1,1,-3.58,0.852,1,likely_decrease,structure_rule,uncertain,structure_rule,likely_increase,structure_rule,none,prediction_only,计算描述符只能提示方向，不能等同于实测溶解度、渗透性、稳定性或口服吸收。
LYS__LOH,LYS,赖氨酸,LOH,"3,4-dihydroxylysine",构象限制型成环,新增2个O；新增部分连接到母体原子1（C）、母体原子5（C）,2,3,38.84,-1.342,0,likely_increase,structure_rule,likely_decrease,structure_rule,likely_increase,structure_rule,none,prediction_only,计算描述符只能提示方向，不能等同于实测溶解度、渗透性、稳定性或口服吸收。
LYS__LP6,LYS,赖氨酸,LP6,6-piperidin-1-yl-L-norleucine,构象限制型成环,新增5个C、1个N；母体中少了1个N；新增部分连接到母体原子3（C）,-1,1,-24.4,2.244,1,likely_decrease,structure_rule,likely_increase,structure_rule,likely_increase,structure_rule,none,prediction_only,计算描述符只能提示方向，不能等同于实测溶解度、渗透性、稳定性或口服吸收。
LYS__LRK,LYS,赖氨酸,LRK,"(2S)-2-azanyl-6-[[(2R,4R)-1,4-bis(oxidanyl)-3-oxidanylidene-5-phosphonooxy-pentan-2-yl]amino]hexanoic acid",构象限制型成环,新增5个C、7个O、1个P；新增部分连接到母体原子4（N）,4,6,108.68,-1.253,8,likely_increase,structure_rule,likely_decrease,structure_rule,likely_increase,structure_rule,none,prediction_only,计算描述符只能提示方向，不能等同于实测溶解度、渗透性、稳定性或口服吸收。
LYS__LSO,LYS,赖氨酸,LSO,(Z)-N~6~-(3-CARBOXY-1-{[(4-CARBOXY-2-OXOBUTYL)SULFONYL]METHYL}PROPYLIDENE)-L-LYSINE,构象限制型成环,新增10个C、7个O、1个S；新增部分连接到母体原子4（N）,1,6,110.53,0.912,11,uncertain,structure_rule,uncertain,structure_rule,likely_increase,structure_rule,none,prediction_only,计算描述符只能提示方向，不能等同于实测溶解度、渗透性、稳定性或口服吸收。
LYS__LYF,LYS,赖氨酸,LYF,"(2E,4S)-2-{[(5S)-5-amino-5-carboxypentyl]imino}-4-hydroxyheptanedioic acid",构象限制型成环,新增7个C、5个O；新增部分连接到母体原子4（N）,2,4,79.55,0.899,7,uncertain,structure_rule,uncertain,structure_rule,likely_increase,structure_rule,none,prediction_only,计算描述符只能提示方向，不能等同于实测溶解度、渗透性、稳定性或口服吸收。
LYS__LYN,LYS,赖氨酸,LYN,"2,6-DIAMINO-HEXANOIC ACID AMIDE",构象限制型成环,新增1个N；母体中少了1个O；新增部分连接到母体原子7（C）,0,0,5.79,-0.6,0,likely_increase,structure_rule,uncertain,structure_rule,likely_increase,structure_rule,none,prediction_only,计算描述符只能提示方向，不能等同于实测溶解度、渗透性、稳定性或口服吸收。
LYS__LYO,LYS,赖氨酸,LYO,4-HYDROXY-LYSINE,构象限制型成环,新增1个O；新增部分连接到母体原子1（C）,1,2,18.61,-0.313,0,likely_increase,structure_rule,uncertain,structure_rule,increase,complete_peptide_context,none,context_reference,多位点完整蛋白负结果，不能拆分到单个Lys位点。
LYS__LYP,LYS,赖氨酸,LYP,N~6~-METHYL-N~6~-PROPYL-L-LYSINE,构象限制型成环,新增4个C；新增部分连接到母体原子4（N）,-1,1,-24.4,2.099,3,likely_decrease,structure_rule,likely_increase,structure_rule,likely_increase,structure_rule,none,prediction_only,计算描述符只能提示方向，不能等同于实测溶解度、渗透性、稳定性或口服吸收。
LYS__LYR,LYS,赖氨酸,LYR,"N~6~-[(2Z,4E,6E,8E)-3,7-DIMETHYL-9-(2,6,6-TRIMETHYLCYCLOHEX-1-EN-1-YL)NONA-2,4,6,8-TETRAENYL]LYSINE",构象限制型成环,新增20个C；新增部分连接到母体原子4（N）,0,1,-15.61,6.879,7,likely_decrease,structure_rule,likely_increase,structure_rule,likely_increase,structure_rule,none,prediction_only,计算描述符只能提示方向，不能等同于实测溶解度、渗透性、稳定性或口服吸收。
LYS__LYU,LYS,赖氨酸,LYU,N~6~-(4-methylpentyl)-L-lysine,构象限制型成环,新增6个C；新增部分连接到母体原子4（N）,0,1,-15.61,2.783,5,likely_decrease,structure_rule,likely_increase,structure_rule,likely_increase,structure_rule,none,prediction_only,计算描述符只能提示方向，不能等同于实测溶解度、渗透性、稳定性或口服吸收。
LYS__LYX,LYS,赖氨酸,LYX,N''-(2-COENZYME A)-PROPANOYL-LYSINE,标记／加合物／配合物,新增24个C、7个N、17个O、3个P、1个S；新增部分连接到母体原子4（N）,9,18,348.02,-0.586,22,likely_increase,structure_rule,likely_decrease,structure_rule,uncertain,no_property_experiment,none,prediction_only,计算描述符只能提示方向，不能等同于实测溶解度、渗透性、稳定性或口服吸收。
LYS__LYZ,LYS,赖氨酸,LYZ,5-HYDROXYLYSINE,构象限制型成环,新增1个O；新增部分连接到母体原子2（C）,1,2,18.61,-0.313,0,likely_increase,structure_rule,uncertain,structure_rule,likely_increase,structure_rule,none,prediction_only,计算描述符只能提示方向，不能等同于实测溶解度、渗透性、稳定性或口服吸收。
LYS__M2L,LYS,赖氨酸,M2L,(2R)-2-amino-3-(2-dimethylaminoethylsulfanyl)propanoic acid,构象限制型成环,新增4个C、1个N、1个S；母体中少了3个C、1个N；新增部分连接到母体原子5（C）,-1,2,-24.4,0.882,1,likely_decrease,structure_rule,likely_increase,structure_rule,likely_increase,structure_rule,none,prediction_only,计算描述符只能提示方向，不能等同于实测溶解度、渗透性、稳定性或口服吸收。
LYS__M3L,LYS,赖氨酸,M3L,N-TRIMETHYLLYSINE,构象限制型成环,新增3个C；新增部分连接到母体原子4（N）,-1,0,-27.64,1.464,1,likely_decrease,structure_rule,likely_increase,structure_rule,likely_increase,structure_rule,activity_or_binding,property_specific_experiment,不同甲基赖氨酸阅读器的选择性相反，不能把这一结果推广到所有靶点。
LYS__ML3,LYS,赖氨酸,ML3,"2-{[(2R)-2-amino-2-carboxyethyl]sulfanyl}-N,N,N-trimethylethanaminium",构象限制型成环,新增5个C、1个N、1个S；母体中少了3个C、1个N；新增部分连接到母体原子5（C）,-1,1,-27.64,1.027,1,likely_decrease,structure_rule,likely_increase,structure_rule,likely_increase,structure_rule,none,prediction_only,计算描述符只能提示方向，不能等同于实测溶解度、渗透性、稳定性或口服吸收。
LYS__MLY,LYS,赖氨酸,MLY,N-DIMETHYL-LYSINE,构象限制型成环,新增2个C；新增部分连接到母体原子4（N）,-1,1,-24.4,1.319,1,likely_decrease,structure_rule,likely_increase,structure_rule,likely_increase,structure_rule,activity_or_binding | lipophilicity,property_specific_experiment,只证明特定阅读器结合，不提供稳定性、渗透性或口服数据。
LYS__MLZ,LYS,赖氨酸,MLZ,N-METHYL-LYSINE,构象限制型成环,新增1个C；新增部分连接到母体原子4（N）,0,1,-15.61,0.977,1,likely_decrease,structure_rule,likely_increase,structure_rule,likely_increase,structure_rule,activity_or_binding,property_specific_experiment,结合方向由阅读器和甲基化位置决定。
LYS__MYK,LYS,赖氨酸,MYK,N~6~-tetradecanoyl-L-lysine,构象限制型成环,新增14个C、1个O；新增部分连接到母体原子4（N）,0,1,1.46,5.575,13,likely_decrease,structure_rule,uncertain,structure_rule,likely_increase,structure_rule,none,prediction_only,计算描述符只能提示方向，不能等同于实测溶解度、渗透性、稳定性或口服吸收。
LYS__N65,LYS,赖氨酸,N65,(2~{S})-2-azanyl-6-[(~{E})-pentan-2-ylideneamino]hexanal,构象限制型成环,新增5个C；新增部分连接到母体原子4（N）,-1,1,-15.28,3.019,3,likely_decrease,structure_rule,likely_increase,structure_rule,likely_increase,structure_rule,none,prediction_only,计算描述符只能提示方向，不能等同于实测溶解度、渗透性、稳定性或口服吸收。
LYS__NOT,LYS,赖氨酸,NOT,6-Azido-L-lysine,构象限制型成环,新增2个N；新增部分连接到母体原子4（N）,-1,1,21.12,2.068,1,uncertain,structure_rule,uncertain,structure_rule,likely_increase,structure_rule,none,context_reference,属于可操作的化学功能证据，不是药代改善证据。
LYS__OBS,LYS,赖氨酸,OBS,"(Z)-N^6-[(4S,5R)-5-(2-CARBOXYETHYL)-4-(CARBOXYMETHYL)-1-HYDROXYDIHYDRO-2H-THIOPYRANIUM-3(4H)-YLIDENE]-L-LYSINE",构象限制型成环,新增10个C、5个O、1个S；新增部分连接到母体原子4（N）,1,4,76.39,1.533,6,uncertain,structure_rule,uncertain,structure_rule,likely_increase,structure_rule,none,prediction_only,计算描述符只能提示方向，不能等同于实测溶解度、渗透性、稳定性或口服吸收。
LYS__PE1,LYS,赖氨酸,PE1,N~2~-({3-HYDROXY-2-METHYL-5-[(PHOSPHONOOXY)METHYL]PYRIDIN-4-YL}METHYL)-L-LYSINE,构象限制型成环,新增8个C、1个N、5个O、1个P；新增部分连接到母体原子10（N）,3,5,84.27,1.566,6,uncertain,structure_rule,uncertain,structure_rule,likely_increase,structure_rule,none,prediction_only,计算描述符只能提示方向，不能等同于实测溶解度、渗透性、稳定性或口服吸收。
LYS__PRK,LYS,赖氨酸,PRK,N~6~-propanoyl-L-lysine,构象限制型成环,新增3个C、1个O；新增部分连接到母体原子4（N）,0,1,1.46,1.284,2,likely_decrease,structure_rule,uncertain,structure_rule,likely_increase,structure_rule,activity_or_binding,property_specific_experiment,属于表观遗传读取实验，不是溶解度、口服吸收或一般稳定性实验。
LYS__Q3P,LYS,赖氨酸,Q3P,N~6~-glycyl-L-lysine,构象限制型成环,新增2个C、1个N、1个O；新增部分连接到母体原子4（N）,1,2,27.48,-0.167,2,likely_increase,structure_rule,likely_decrease,structure_rule,likely_increase,structure_rule,none,prediction_only,计算描述符只能提示方向，不能等同于实测溶解度、渗透性、稳定性或口服吸收。
LYS__SHR,LYS,赖氨酸,SHR,N-(5-AMINO-5-CARBOXYPENTYL)GLUTAMIC ACID,构象限制型成环,新增5个C、4个O；新增部分连接到母体原子4（N）,2,3,58.99,0.665,6,uncertain,structure_rule,uncertain,structure_rule,likely_increase,structure_rule,none,prediction_only,计算描述符只能提示方向，不能等同于实测溶解度、渗透性、稳定性或口服吸收。
LYS__SKH,LYS,赖氨酸,SKH,(3~{S})-5-[[(5~{S})-5-azanyl-6-oxidanyl-6-oxidanylidene-hexyl]amino]-3-methyl-3-oxidanyl-5-oxidanylidene-pentanoic acid,构象限制型成环,新增6个C、4个O；新增部分连接到母体原子4（N）,2,3,58.99,0.49,5,uncertain,structure_rule,likely_decrease,structure_rule,likely_increase,structure_rule,none,prediction_only,计算描述符只能提示方向，不能等同于实测溶解度、渗透性、稳定性或口服吸收。
LYS__SLL,LYS,赖氨酸,SLL,(2S)-2-azanyl-6-[(4-hydroxy-4-oxo-butanoyl)amino]hexanoic acid,构象限制型成环,新增4个C、3个O；新增部分连接到母体原子4（N）,1,2,38.76,0.739,4,uncertain,structure_rule,uncertain,structure_rule,likely_increase,structure_rule,none,prediction_only,计算描述符只能提示方向，不能等同于实测溶解度、渗透性、稳定性或口服吸收。
LYS__SLZ,LYS,赖氨酸,SLZ,L-THIALYSINE,构象限制型成环,新增2个C、1个N、1个S；母体中少了3个C、1个N；新增部分连接到母体原子5（C）,0,2,-1.62,0.279,0,uncertain,structure_rule,uncertain,structure_rule,change_expected,same_scaffold_comparison,proteolytic_stability,property_specific_experiment,证据属于特定订书化学和模型肽，不是SLZ单点替换的通用性质。
LYS__TLY,LYS,赖氨酸,TLY,(2S)-2-azanyl-6-(ethanethioylamino)hexanoic acid,构象限制型成环,新增2个C、1个S；新增部分连接到母体原子4（N）,0,1,-15.61,1.695,1,likely_decrease,structure_rule,likely_increase,structure_rule,likely_increase,structure_rule,none,prediction_only,计算描述符只能提示方向，不能等同于实测溶解度、渗透性、稳定性或口服吸收。
LYS__V7T,LYS,赖氨酸,V7T,(2R)-6-azanyl-2-carbamimidamido-hexanoic acid,构象限制型成环,新增1个C、1个H、2个N；新增部分连接到母体原子10（N）；检测到1个立体中心方向变化,2,1,34.26,0.241,1,uncertain,structure_rule,likely_decrease,structure_rule,likely_increase,structure_rule,none,prediction_only,计算描述符只能提示方向，不能等同于实测溶解度、渗透性、稳定性或口服吸收。
LYS__VB1,LYS,赖氨酸,VB1,N^6^-[(1R)-2-{[(1S)-1-carboxypropyl]amino}-2-oxo-1-(sulfanylmethyl)ethyl]-6-oxo-L-lysine,构象限制型成环,新增7个C、1个N、4个O、1个S；新增部分连接到母体原子3（C）、母体原子4（N）,3,4,67.86,0.152,6,uncertain,structure_rule,likely_decrease,structure_rule,likely_increase,structure_rule,none,prediction_only,计算描述符只能提示方向，不能等同于实测溶解度、渗透性、稳定性或口服吸收。
LYS__VPV,LYS,赖氨酸,VPV,"(2E,4R)-2-{[(5S)-5-amino-5-carboxypentyl]imino}-4-hydroxyheptanedioic acid",构象限制型成环,新增7个C、5个O；新增部分连接到母体原子4（N）,2,4,79.55,0.899,7,uncertain,structure_rule,uncertain,structure_rule,likely_increase,structure_rule,none,prediction_only,计算描述符只能提示方向，不能等同于实测溶解度、渗透性、稳定性或口服吸收。
LYS__XOK,LYS,赖氨酸,XOK,(2~{S})-2-azanyl-6-[[(6~{S})-6-sulfanyloctanoyl]amino]hexanoic acid,构象限制型成环,新增8个C、1个O、1个S；新增部分连接到母体原子4（N）,1,2,1.46,3.143,7,likely_decrease,structure_rule,uncertain,structure_rule,likely_increase,structure_rule,none,prediction_only,计算描述符只能提示方向，不能等同于实测溶解度、渗透性、稳定性或口服吸收。
LYS__XRW,LYS,赖氨酸,XRW,N~6~-[(2S)-2-hydroxypropanoyl]-L-lysine,构象限制型成环,新增3个C、2个O；新增部分连接到母体原子4（N）,1,2,21.69,0.255,2,uncertain,structure_rule,likely_decrease,structure_rule,likely_increase,structure_rule,activity_or_binding,property_specific_experiment,支持修饰读写功能，不支持口服吸收。
LYS__XX1,LYS,赖氨酸,XX1,N~6~-7H-PURIN-6-YL-L-LYSINE,构象限制型成环,新增5个C、4个N；新增部分连接到母体原子4（N）,1,4,38.85,1.536,2,uncertain,structure_rule,uncertain,structure_rule,likely_increase,structure_rule,none,prediction_only,计算描述符只能提示方向，不能等同于实测溶解度、渗透性、稳定性或口服吸收。
LYS__Y57,LYS,赖氨酸,Y57,N~6~-(2-phenylethyl)-N~6~-propan-2-yl-L-lysine,构象限制型成环,新增11个C；新增部分连接到母体原子4（N）,-1,1,-24.4,3.711,5,likely_decrease,structure_rule,likely_increase,structure_rule,likely_increase,structure_rule,none,prediction_only,计算描述符只能提示方向，不能等同于实测溶解度、渗透性、稳定性或口服吸收。
LYS__YHA,LYS,赖氨酸,YHA,Homocitrulline,构象限制型成环,新增1个C、1个N、1个O；新增部分连接到母体原子4（N）,1,1,27.48,0.426,1,uncertain,structure_rule,likely_decrease,structure_rule,likely_increase,structure_rule,none,prediction_only,计算描述符只能提示方向，不能等同于实测溶解度、渗透性、稳定性或口服吸收。
LYS__ZAI,LYS,赖氨酸,ZAI,(2~{S})-2-azanyl-6-[[(~{R})-[2-methyl-3-oxidanyl-5-(phosphonooxymethyl)pyridin-4-yl]-[[(2~{S})-1-oxidanyl-1-oxidanylidene-3-sulfanyl-propan-2-yl]amino]methyl]amino]hexanoic acid,构象限制型成环,新增11个C、2个N、7个O、1个P、1个S；新增部分连接到母体原子4（N）,6,8,133.6,1.037,10,uncertain,structure_rule,uncertain,structure_rule,likely_increase,structure_rule,none,prediction_only,计算描述符只能提示方向，不能等同于实测溶解度、渗透性、稳定性或口服吸收。
LYS__ZT1,LYS,赖氨酸,ZT1,N~6~-[(1-methyl-1H-imidazol-5-yl)methyl]-N~6~-propan-2-yl-L-lysine,立体化学改变 | 侧链延长／增大 | 极性或带电基团 | 构象限制型成环,新增8个C、2个N；新增部分连接到母体原子4（N）,-1,2,-6.58,2.402,4,likely_decrease,structure_rule,uncertain,structure_rule,uncertain,no_property_experiment,none,prediction_only,计算描述符只能提示方向，不能等同于实测溶解度、渗透性、稳定性或口服吸收。
MET__2FM,MET,甲硫氨酸,2FM,S-(DIFLUOROMETHYL)HOMOCYSTEINE,卤代,新增基团连接到母体的碳原子,0,0,0,0.593,1,likely_decrease,structure_rule,uncertain,structure_rule,no_change,specific_residue_comparison,proteolytic_stability | conformational_behavior | activity_or_binding,property_specific_experiment,这是单个金属蛋白位点结果，不等于普遍稳定性提高。
MET__4CY,MET,甲硫氨酸,4CY,nitrilo-L-methionine,极性或带电基团,新增基团连接到母体的碳原子,0,1,23.79,-0.148,0,likely_increase,structure_rule,likely_decrease,structure_rule,uncertain,no_property_experiment,none,prediction_only,计算描述符只能提示方向，不能等同于实测溶解度、渗透性、稳定性或口服吸收。
MET__A1LUD,MET,甲硫氨酸,A1LUD,S-METHYL-METHIONINE,极性或带电基团,新增基团连接到母体的硫原子,0,-1,0,-0.485,0,likely_increase,structure_rule,uncertain,structure_rule,uncertain,no_property_experiment,none,prediction_only,这是一条设计建议，不是性质结论；最终必须用同一肽骨架的母体/衍生物配对实验确认。
MET__CXM,MET,甲硫氨酸,CXM,N-CARBOXYMETHIONINE,N-取代／酰化,新增基团连接到母体的氮原子,1,0,23.31,0.309,1,uncertain,structure_rule,likely_decrease,structure_rule,likely_increase,structure_rule,none,context_reference,当前记录没有本CCD的单点性质对照；同类论文只用于给出筛选方向。
MET__ESC,MET,甲硫氨酸,ESC,2-AMINO-4-ETHYL SULFANYL BUTYRIC ACID,其他官能团替换,新增基团连接到母体的碳原子,0,0,0,0.391,1,likely_decrease,structure_rule,uncertain,structure_rule,uncertain,no_property_experiment,none,prediction_only,这是一条设计建议，不是性质结论；最终必须用同一肽骨架的母体/衍生物配对实验确认。
MET__FME,MET,甲硫氨酸,FME,N-FORMYLMETHIONINE,N-取代／酰化,新增基团连接到母体的氮原子,0,0,3.08,-0.212,2,uncertain,structure_rule,uncertain,structure_rule,likely_increase,structure_rule,none,context_reference,当前记录没有本CCD的单点性质对照；同类论文只用于给出筛选方向。
MET__H1D,MET,甲硫氨酸,H1D,"(2S)-2-AMINO-4-[(2R,3S)-2,3-DIHYDROXY-3-N-HYDROXYCARBAMOYL-PROPYLMERCAPTO]BUTYRIC ACID",羟基化／氧化还原,新增基团连接到母体的碳原子,4,4,89.79,-2.402,4,likely_increase,structure_rule,likely_decrease,structure_rule,uncertain,no_property_experiment,none,prediction_only,计算描述符只能提示方向，不能等同于实测溶解度、渗透性、稳定性或口服吸收。
MET__HYI,MET,甲硫氨酸,HYI,"(2S)-2-AMINO-4-[(2R,3R)-2,3-DIHYDROXY-3-N-HYDROXYCARBAMOYL-PROPYLMERCAPTO]BUTYRIC ACID",羟基化／氧化还原,新增基团连接到母体的碳原子,4,4,89.79,-2.402,4,likely_increase,structure_rule,likely_decrease,structure_rule,uncertain,no_property_experiment,none,prediction_only,计算描述符只能提示方向，不能等同于实测溶解度、渗透性、稳定性或口服吸收。
MET__IZO,MET,甲硫氨酸,IZO,(2S)-2-AMINOHEX-5-YNOIC ACID,构象限制型成环,新增2个C；母体中少了1个C、1个S；新增部分连接到母体原子3（C）,0,-1,0,-0.339,-1,likely_increase,structure_rule,uncertain,structure_rule,likely_increase,structure_rule,none,prediction_only,这是一条设计建议，不是性质结论；最终必须用同一肽骨架的母体/衍生物配对实验确认。
MET__KOR,MET,甲硫氨酸,KOR,L-HOMOCYSTEINE-S-N-S-L-CYSTEINE,构象限制型成环,新增3个C、2个N、3个O、1个S；母体中少了1个C；新增部分连接到母体原子2（S）,3,3,92.42,-2.049,5,likely_increase,structure_rule,likely_decrease,structure_rule,likely_increase,structure_rule,none,prediction_only,计算描述符只能提示方向，不能等同于实测溶解度、渗透性、稳定性或口服吸收。
MET__M2S,MET,甲硫氨酸,M2S,3-{[(R)-methylsulfinyl]methyl}-L-valine,羟基化／氧化还原,新增基团连接到母体的碳原子、硫原子,0,0,17.07,-0.348,0,likely_increase,structure_rule,uncertain,structure_rule,uncertain,no_property_experiment,none,prediction_only,计算描述符只能提示方向，不能等同于实测溶解度、渗透性、稳定性或口服吸收。
MET__ME0,MET,甲硫氨酸,ME0,hydroxy-L-methionine,羟基化／氧化还原,新增基团连接到母体的碳原子,1,1,20.23,-0.68,1,likely_increase,structure_rule,likely_decrease,structure_rule,uncertain,no_property_experiment,none,prediction_only,计算描述符只能提示方向，不能等同于实测溶解度、渗透性、稳定性或口服吸收。
MET__MHO,MET,甲硫氨酸,MHO,S-OXYMETHIONINE,羟基化／氧化还原,新增基团连接到母体的硫原子,0,0,17.07,-0.984,0,likely_increase,structure_rule,uncertain,structure_rule,uncertain,no_property_experiment,none,prediction_only,计算描述符只能提示方向，不能等同于实测溶解度、渗透性、稳定性或口服吸收。
MET__MME,MET,甲硫氨酸,MME,N-METHYL METHIONINE,N-取代／酰化,新增基团连接到母体的氮原子,0,0,-13.99,0.261,1,likely_decrease,structure_rule,likely_increase,structure_rule,likely_increase,structure_rule,none,context_reference,当前记录没有本CCD的单点性质对照；同类论文只用于给出筛选方向。
MET__MS6,MET,甲硫氨酸,MS6,(2S)-2-amino-4-(methylsulfanyl)butane-1-thiol,复杂骨架重构,涉及多个原子和键的整体变化，不能可靠归为肽链上的一个替换原子,0,0,-17.07,0.801,0,likely_decrease,structure_rule,likely_increase,structure_rule,uncertain,no_property_experiment,none,prediction_only,结构重构分类不等于性质改善；需要完整构件的合成、构象和性质实验。
MET__MSE,MET,甲硫氨酸,MSE,SELENOMETHIONINE,构象限制型成环,新增1个C、1个Se；母体中少了1个C、1个S；新增部分连接到母体原子3（C）,0,-1,0,-0.192,0,uncertain,structure_rule,uncertain,structure_rule,increase,specific_residue_comparison,proteolytic_stability,property_specific_experiment,效果依赖蛋白和位点；这里只确认热稳定性方向，不确认肽的药代性质。
MET__MSL,MET,甲硫氨酸,MSL,(2S)-2-AMINO-4-(METHYLSULFONIMIDOYL)BUTANOIC ACID,羟基化／氧化还原,新增基团连接到母体的硫原子,1,1,40.92,-0.686,0,likely_increase,structure_rule,likely_decrease,structure_rule,uncertain,no_property_experiment,none,prediction_only,计算描述符只能提示方向，不能等同于实测溶解度、渗透性、稳定性或口服吸收。
MET__MSO,MET,甲硫氨酸,MSO,SELENOMETHIONINE SELENOXIDE,构象限制型成环,新增1个C、1个O、1个Se；母体中少了1个C、1个S；新增部分连接到母体原子3（C）,0,0,17.07,-0.311,0,likely_increase,structure_rule,uncertain,structure_rule,likely_increase,structure_rule,none,prediction_only,计算描述符只能提示方向，不能等同于实测溶解度、渗透性、稳定性或口服吸收。
MET__MT2,MET,甲硫氨酸,MT2,[(3S)-3-amino-3-carboxypropyl](ethyl)methylsulfonium,侧链延长／增大,官方CCD化学名称“[(3S)-3-amino-3-carboxypropyl](ethyl)methylsulfonium”确定了改造区域；结构叠合覆盖天然母体100%。新增2个C；新增部分连接到母体原子1（C）、母体原子2（S）,0,-1,0,-0.095,1,uncertain,structure_rule,uncertain,structure_rule,uncertain,no_property_experiment,none,context_reference,这是构象限制这一类改造的参考，不是当前CCD的直接实验。
MET__OMT,MET,甲硫氨酸,OMT,S-DIOXYMETHIONINE,羟基化／氧化还原,新增基团连接到母体的硫原子,0,1,34.14,-1.318,0,likely_increase,structure_rule,likely_decrease,structure_rule,uncertain,no_property_experiment,none,prediction_only,计算描述符只能提示方向，不能等同于实测溶解度、渗透性、稳定性或口服吸收。
MET__SME,MET,甲硫氨酸,SME,METHIONINE SULFOXIDE,羟基化／氧化还原,新增基团连接到母体的硫原子,0,0,17.07,-0.984,0,likely_increase,structure_rule,uncertain,structure_rule,uncertain,no_property_experiment,activity_or_binding,property_specific_experiment,这里的‘螺旋增强’与‘功能降低’同时成立，不能只保留其中一个方向。
PHE__0A9,PHE,苯丙氨酸,0A9,methyl L-phenylalaninate,羟基化／氧化还原,新增基团连接到母体的氧原子,-1,1,-11,0.088,0,uncertain,structure_rule,uncertain,structure_rule,uncertain,no_property_experiment,none,prediction_only,计算描述符只能提示方向，不能等同于实测溶解度、渗透性、稳定性或口服吸收。
PHE__0BN,PHE,苯丙氨酸,0BN,4-carbamimidoyl-L-phenylalanine,极性或带电基团,新增基团连接到母体的碳原子,2,1,49.87,-0.716,1,likely_increase,structure_rule,likely_decrease,structure_rule,uncertain,no_property_experiment,none,prediction_only,计算描述符只能提示方向，不能等同于实测溶解度、渗透性、稳定性或口服吸收。
PHE__1PA,PHE,苯丙氨酸,1PA,4-(carboxymethyl)-L-phenylalanine,羟基化／氧化还原,新增基团连接到母体的碳原子,1,1,37.3,-0.373,2,likely_increase,structure_rule,likely_decrease,structure_rule,uncertain,no_property_experiment,none,prediction_only,计算描述符只能提示方向，不能等同于实测溶解度、渗透性、稳定性或口服吸收。
PHE__200,PHE,苯丙氨酸,200,4-CHLORO-L-PHENYLALANINE,卤代,新增基团连接到母体的碳原子,0,0,0,0.653,0,likely_decrease,structure_rule,increase,specific_residue_comparison,no_change,specific_residue_comparison,passive_permeability | proteolytic_stability | lipophilicity,property_specific_experiment,这是具体肽骨架和具体位点的实验，不是通用的单残基固定增益。
PHE__23F,PHE,苯丙氨酸,23F,(2Z)-2-AMINO-3-PHENYLACRYLIC ACID,构象限制型成环,检测到1处键级变化,0,0,0,0.43,-1,likely_decrease,structure_rule,uncertain,structure_rule,no_change,specific_residue_comparison,proteolytic_stability,property_specific_experiment,证据来自材料型短肽；用于药理活性肽仍需单独配对验证。
PHE__2GX,PHE,苯丙氨酸,2GX,beta-phenyl-L-phenylalanine,侧链延长／增大,新增基团连接到母体的碳原子,0,0,0,1.589,1,likely_decrease,structure_rule,uncertain,structure_rule,uncertain,no_property_experiment,none,prediction_only,这是一条设计建议，不是性质结论；最终必须用同一肽骨架的母体/衍生物配对实验确认。
PHE__33S,PHE,苯丙氨酸,33S,3-iodo-L-phenylalanine,卤代,新增基团连接到母体的碳原子,0,0,0,0.605,0,likely_decrease,structure_rule,uncertain,structure_rule,uncertain,no_property_experiment,none,context_reference,论文支持芳香卤代这一类策略，不直接证明当前CCD一定改善目标性质。
PHE__3CF,PHE,苯丙氨酸,3CF,3-cyano-L-phenylalanine,极性或带电基团,新增基团连接到母体的碳原子,0,1,23.79,-0.128,0,likely_increase,structure_rule,likely_decrease,structure_rule,uncertain,no_property_experiment,none,prediction_only,计算描述符只能提示方向，不能等同于实测溶解度、渗透性、稳定性或口服吸收。
PHE__41H,PHE,苯丙氨酸,41H,(betaS)-beta-methyl-L-phenylalanine,其他官能团替换,新增基团连接到母体的碳原子,0,0,0,0.561,0,likely_decrease,structure_rule,uncertain,structure_rule,uncertain,no_property_experiment,none,context_reference,论文支持的是同一种改造思路，不是这个CCD残基在当前肽中的单点对照。它只能用于决定先试哪些位置，不能写成该残基已经确定改善性质。
PHE__4AF,PHE,苯丙氨酸,4AF,4-ACETYL-L-PHENYLALANINE,羟基化／氧化还原,新增基团连接到母体的碳原子,0,1,17.07,0.203,1,uncertain,structure_rule,uncertain,structure_rule,uncertain,no_property_experiment,none,prediction_only,计算描述符只能提示方向，不能等同于实测溶解度、渗透性、稳定性或口服吸收。
PHE__4BF,PHE,苯丙氨酸,4BF,4-BROMO-L-PHENYLALANINE,卤代,苯丙氨酸侧链苯环的4位（对位）,0,0,0,0.762,0,likely_decrease,structure_rule,uncertain,structure_rule,change_expected,specific_residue_comparison,proteolytic_stability | activity_or_binding,property_specific_experiment,稳定性只达到组合证据等级；没有4BrPhe单独改善血浆半衰期、溶解度、渗透性或口服吸收的实验。
PHE__4CF,PHE,苯丙氨酸,4CF,4-cyano-L-phenylalanine,极性或带电基团,新增基团连接到母体的碳原子,0,1,23.79,-0.128,0,likely_increase,structure_rule,likely_decrease,structure_rule,uncertain,no_property_experiment,none,prediction_only,计算描述符只能提示方向，不能等同于实测溶解度、渗透性、稳定性或口服吸收。
PHE__4II,PHE,苯丙氨酸,4II,(2~{S})-2-azanyl-3-(4-azidophenyl)propanoic acid,极性或带电基团,新增基团连接到母体的碳原子,0,1,48.76,0.942,1,uncertain,structure_rule,uncertain,structure_rule,uncertain,no_property_experiment,none,prediction_only,计算描述符只能提示方向，不能等同于实测溶解度、渗透性、稳定性或口服吸收。
PHE__4OU,PHE,苯丙氨酸,4OU,4-(acryloylamino)-L-phenylalanine,羟基化／氧化还原,新增基团连接到母体的碳原子,1,1,29.1,0.124,2,uncertain,structure_rule,likely_decrease,structure_rule,uncertain,no_property_experiment,none,prediction_only,计算描述符只能提示方向，不能等同于实测溶解度、渗透性、稳定性或口服吸收。
PHE__4PH,PHE,苯丙氨酸,4PH,4-methyl-L-phenylalanine,其他官能团替换,新增基团连接到母体的碳原子,0,0,0,0.308,0,likely_decrease,structure_rule,uncertain,structure_rule,uncertain,no_property_experiment,none,prediction_only,这是一条设计建议，不是性质结论；最终必须用同一肽骨架的母体/衍生物配对实验确认。
PHE__4SJ,PHE,苯丙氨酸,4SJ,"N,beta,beta-trimethyl-L-phenylalanine",N-取代／酰化,新增基团连接到母体的碳原子、氮原子,0,0,-13.99,0.996,1,likely_decrease,structure_rule,likely_increase,structure_rule,likely_increase,structure_rule,none,context_reference,当前记录没有本CCD的单点性质对照；同类论文只用于给出筛选方向。
PHE__55I,PHE,苯丙氨酸,55I,4-(trifluoromethyl)-L-phenylalanine,卤代,新增基团连接到母体的碳原子,0,0,0,1.019,0,likely_decrease,structure_rule,uncertain,structure_rule,uncertain,no_property_experiment,none,context_reference,论文支持芳香卤代这一类策略，不直接证明当前CCD一定改善目标性质。
PHE__5CR,PHE,苯丙氨酸,5CR,N-acetyl-L-phenylalanine,N-取代／酰化,新增基团连接到母体的氮原子,0,0,3.08,0.177,1,uncertain,structure_rule,uncertain,structure_rule,likely_increase,structure_rule,none,context_reference,当前记录没有本CCD的单点性质对照；同类论文只用于给出筛选方向。
PHE__6CV,PHE,苯丙氨酸,6CV,3-bromo-L-phenylalanine,卤代,苯丙氨酸侧链苯环的3位（间位）,0,0,0,0.762,0,likely_decrease,structure_rule,uncertain,structure_rule,uncertain,no_property_experiment,none,context_reference,论文支持芳香卤代这一类策略，不直接证明当前CCD一定改善目标性质。
PHE__7N8,PHE,苯丙氨酸,7N8,4-Borono-L-phenylalanine,羟基化／氧化还原,新增基团连接到母体的碳原子,2,2,40.46,-2.32,1,likely_increase,structure_rule,likely_decrease,structure_rule,uncertain,no_property_experiment,none,context_reference,这是传感器功能，不是一般药代性质改善。
PHE__7T2,PHE,苯丙氨酸,7T2,(2S)-3-(4-chlorophenyl)-2-(methylamino)propanoic acid,N-取代／酰化,新增基团连接到母体的氮原子、碳原子,0,0,-13.99,0.914,1,likely_decrease,structure_rule,likely_increase,structure_rule,likely_increase,structure_rule,none,context_reference,当前记录没有本CCD的单点性质对照；同类论文只用于给出筛选方向。
PHE__7VU,PHE,苯丙氨酸,7VU,(2S)-2-(ethylamino)-3-(4-methylphenyl)propanoic acid,N-取代／酰化,新增基团连接到母体的氮原子、碳原子,0,0,-13.99,0.959,2,likely_decrease,structure_rule,likely_increase,structure_rule,likely_increase,structure_rule,none,context_reference,当前记录没有本CCD的单点性质对照；同类论文只用于给出筛选方向。
PHE__7W2,PHE,苯丙氨酸,7W2,"(2S)-2-azanyl-4-[3,5-bis(fluoranyl)-4-(trifluoromethyl)phenyl]butanoic acid",构象限制型成环,新增2个C、5个F、1个N、2个O；母体中少了1个N、2个O；新增部分连接到母体原子1（C）、母体原子2（C）、母体原子6（C）、母体原子9（C）,0,0,0,1.687,1,likely_decrease,structure_rule,uncertain,structure_rule,likely_increase,structure_rule,none,context_reference,论文支持芳香卤代这一类策略，不直接证明当前CCD一定改善目标性质。
PHE__7XC,PHE,苯丙氨酸,7XC,(2R)-2-azanyl-3-(4-carbamimidamidophenyl)propanoic acid,极性或带电基团,新增基团连接到母体的碳原子,3,1,61.9,-0.695,1,likely_increase,structure_rule,likely_decrease,structure_rule,uncertain,no_property_experiment,none,prediction_only,计算描述符只能提示方向，不能等同于实测溶解度、渗透性、稳定性或口服吸收。
PHE__9DT,PHE,苯丙氨酸,9DT,(2~{S})-2-azanyl-3-(2-fluorophenyl)-2-methyl-propanoic acid,卤代,新增基团连接到母体的碳原子,0,0,0,0.529,0,likely_decrease,structure_rule,uncertain,structure_rule,uncertain,no_property_experiment,none,context_reference,论文支持芳香卤代这一类策略，不直接证明当前CCD一定改善目标性质。
PHE__9NF,PHE,苯丙氨酸,9NF,DANSYL-L-PHENYLALANINE,N-取代／酰化,新增基团连接到母体的氮原子,0,2,23.39,2.239,4,uncertain,structure_rule,uncertain,structure_rule,likely_increase,structure_rule,none,context_reference,当前记录没有本CCD的单点性质对照；同类论文只用于给出筛选方向。
PHE__A1APM,PHE,苯丙氨酸,A1APM,alpha-methyl-L-phenylalanine,其他官能团替换,新增基团连接到母体的碳原子,0,0,0,0.39,0,likely_decrease,structure_rule,uncertain,structure_rule,uncertain,no_property_experiment,activity_or_binding,property_specific_experiment,该论文是多处已优化骨架中的定点研究，没有测膜渗透、溶解度或口服吸收。
PHE__A1AT6,PHE,苯丙氨酸,A1AT6,"(2S)-2,3-dihydro-1H-indole-2-carboxylic acid",构象限制型成环,苯丙氨酸的氨基氮与侧链苯环邻位,0,0,-13.99,0.467,-2,likely_decrease,structure_rule,likely_increase,structure_rule,likely_increase,structure_rule,conformational_behavior,property_specific_experiment,构象方向已被实验确认；其他药代和制剂性质仍需在目标肽中单独测定。
PHE__A1C0O,PHE,苯丙氨酸,A1C0O,3-(acetamidomethyl)-L-phenylalanine,羟基化／氧化还原,新增基团连接到母体的碳原子,1,1,29.1,-0.364,2,likely_increase,structure_rule,likely_decrease,structure_rule,uncertain,no_property_experiment,none,prediction_only,计算描述符只能提示方向，不能等同于实测溶解度、渗透性、稳定性或口服吸收。
PHE__A1C3V,PHE,苯丙氨酸,A1C3V,N-(tert-butoxycarbonyl)-L-phenylalanine,N-取代／酰化,新增基团连接到母体的氮原子,0,1,12.31,1.566,1,uncertain,structure_rule,uncertain,structure_rule,likely_increase,structure_rule,none,context_reference,当前记录没有本CCD的单点性质对照；同类论文只用于给出筛选方向。
PHE__A1CCR,PHE,苯丙氨酸,A1CCR,(2S)-2-hydrazinyl-3-phenylpropanoic acid,N-取代／酰化,新增基团连接到母体的氮原子,1,1,12.03,-0.495,1,likely_increase,structure_rule,uncertain,structure_rule,likely_increase,structure_rule,none,context_reference,当前记录没有本CCD的单点性质对照；同类论文只用于给出筛选方向。
PHE__A1CHA,PHE,苯丙氨酸,A1CHA,3-(aminomethyl)-L-phenylalanine,极性或带电基团,新增基团连接到母体的碳原子,1,1,26.02,-0.541,1,likely_increase,structure_rule,likely_decrease,structure_rule,increase,complete_peptide_context,none,context_reference,证据属于完整肽、天然产物、临床骨架或专利实例；只能说明该残基与该骨架相容，不能把整分子的性质归因于一个残基。
PHE__A1ECK,PHE,苯丙氨酸,A1ECK,(2S)-3-(4-fluorophenyl)-2-(methylsulfonylamino)propanoic acid,N-取代／酰化,新增基团连接到母体的氮原子、碳原子,0,1,20.15,-0.27,2,likely_increase,structure_rule,likely_decrease,structure_rule,likely_increase,structure_rule,none,context_reference,当前记录没有本CCD的单点性质对照；同类论文只用于给出筛选方向。
PHE__A1ECL,PHE,苯丙氨酸,A1ECL,"(2S)-3-[3,5-bis(fluoranyl)phenyl]-2-(methylsulfonylamino)propanoic acid",N-取代／酰化,新增基团连接到母体的氮原子、碳原子,0,1,20.15,-0.131,2,likely_increase,structure_rule,likely_decrease,structure_rule,likely_increase,structure_rule,none,context_reference,当前记录没有本CCD的单点性质对照；同类论文只用于给出筛选方向。
PHE__A1H2H,PHE,苯丙氨酸,A1H2H,(2~{S})-2-azanyl-3-(3-fluoranyl-4-nitro-phenyl)propanoic acid,卤代,新增基团连接到母体的碳原子,0,2,43.14,0.047,1,likely_increase,structure_rule,likely_decrease,structure_rule,uncertain,no_property_experiment,none,context_reference,论文支持芳香卤代这一类策略，不直接证明当前CCD一定改善目标性质。
PHE__A1IHG,PHE,苯丙氨酸,A1IHG,(S)-2-amino-3-(9-oxo-9H-thioxanthen-2-yl)propanoic acid,羟基化／氧化还原,新增基团连接到母体的碳原子,0,2,17.07,1.728,0,uncertain,structure_rule,uncertain,structure_rule,uncertain,no_property_experiment,none,prediction_only,计算描述符只能提示方向，不能等同于实测溶解度、渗透性、稳定性或口服吸收。
PHE__A1IID,PHE,苯丙氨酸,A1IID,4-mercaptophenyl-alanine,其他官能团替换,苯丙氨酸侧链苯环的4位（对位）,1,1,0,0.289,0,uncertain,structure_rule,uncertain,structure_rule,uncertain,no_property_experiment,activity_or_binding,property_specific_experiment,这是明确的反应性降低和可修饰性证据，不证明药代性质改善；作为肽内残基使用时还需目标骨架实验。
PHE__A1L4D,PHE,苯丙氨酸,A1L4D,(2~{S})-2-benzamido-3-phenyl-propanoic acid,N-取代／酰化,新增基团连接到母体的氮原子,0,0,3.08,1.471,2,likely_decrease,structure_rule,uncertain,structure_rule,likely_increase,structure_rule,none,context_reference,当前记录没有本CCD的单点性质对照；同类论文只用于给出筛选方向。
PHE__A1MCG,PHE,苯丙氨酸,A1MCG,(2~{S})-2-azanyl-3-[4-(pyrimidin-2-ylamino)phenyl]propanoic acid,侧链延长／增大,新增基团连接到母体的碳原子,1,3,37.81,0.534,2,uncertain,structure_rule,uncertain,structure_rule,uncertain,no_property_experiment,none,prediction_only,计算描述符只能提示方向，不能等同于实测溶解度、渗透性、稳定性或口服吸收。
PHE__A3U,PHE,苯丙氨酸,A3U,4-acetamido-L-phenylalanine,羟基化／氧化还原,新增基团连接到母体的碳原子,1,1,29.1,-0.042,1,likely_increase,structure_rule,likely_decrease,structure_rule,uncertain,no_property_experiment,none,prediction_only,计算描述符只能提示方向，不能等同于实测溶解度、渗透性、稳定性或口服吸收。
PHE__BB8,PHE,苯丙氨酸,BB8,"(2S,3S)-BETA-HYDROXY-PHENYLALANINE",羟基化／氧化还原,新增基团连接到母体的碳原子,1,1,20.23,-0.509,0,likely_increase,structure_rule,likely_decrease,structure_rule,uncertain,no_property_experiment,none,prediction_only,计算描述符只能提示方向，不能等同于实测溶解度、渗透性、稳定性或口服吸收。
PHE__BIF,PHE,苯丙氨酸,BIF,(R)-2-AMINO-3-(4-PHENYLCYCLOHEXYL)PROPANOIC ACID,侧链延长／增大,新增基团连接到母体的碳原子,0,0,0,1.667,1,likely_decrease,structure_rule,uncertain,structure_rule,uncertain,no_property_experiment,none,prediction_only,这是一条设计建议，不是性质结论；最终必须用同一肽骨架的母体/衍生物配对实验确认。
PHE__BNN,PHE,苯丙氨酸,BNN,ACETYL-P-AMIDINOPHENYLALANINE,N-取代／酰化,新增基团连接到母体的碳原子、氮原子,2,1,52.95,-0.539,2,likely_increase,structure_rule,likely_decrease,structure_rule,likely_increase,structure_rule,none,context_reference,当前记录没有本CCD的单点性质对照；同类论文只用于给出筛选方向。
PHE__DJD,PHE,苯丙氨酸,DJD,"4-(6-methyl-1,2,4,5-tetrazin-3-yl)-L-phenylalanine",侧链延长／增大,新增基团连接到母体的碳原子,0,4,51.56,-0.445,1,likely_increase,structure_rule,likely_decrease,structure_rule,uncertain,no_property_experiment,none,prediction_only,计算描述符只能提示方向，不能等同于实测溶解度、渗透性、稳定性或口服吸收。
PHE__F2F,PHE,苯丙氨酸,F2F,"3,4-difluoro-L-phenylalanine",卤代,新增基团连接到母体的碳原子,0,0,0,0.278,0,uncertain,structure_rule,uncertain,structure_rule,uncertain,no_property_experiment,none,context_reference,论文支持芳香卤代这一类策略，不直接证明当前CCD一定改善目标性质。
PHE__FCL,PHE,苯丙氨酸,FCL,3-CHLORO-L-PHENYLALANINE,卤代,新增基团连接到母体的碳原子,0,0,0,0.653,0,likely_decrease,structure_rule,increase,complete_peptide_context,uncertain,no_property_experiment,none,property_specific_experiment,结果属于具体药物骨架，不是所有肽的通用增益。
PHE__FX9,PHE,苯丙氨酸,FX9,(2S)-2-azanyl-3-[3-(trifluoromethyl)phenyl]propanoic acid,卤代,新增基团连接到母体的碳原子,0,0,0,1.019,0,likely_decrease,structure_rule,uncertain,structure_rule,uncertain,no_property_experiment,none,context_reference,论文支持芳香卤代这一类策略，不直接证明当前CCD一定改善目标性质。
PHE__H14,PHE,苯丙氨酸,H14,"(2S,3R)-BETA-HYDROXY-PHENYLALANINE",羟基化／氧化还原,新增基团连接到母体的碳原子,1,1,20.23,-0.509,0,likely_increase,structure_rule,likely_decrease,structure_rule,uncertain,no_property_experiment,none,prediction_only,计算描述符只能提示方向，不能等同于实测溶解度、渗透性、稳定性或口服吸收。
PHE__HOX,PHE,苯丙氨酸,HOX,4-amino-L-phenylalanine,极性或带电基团,新增基团连接到母体的碳原子,1,1,26.02,-0.418,0,likely_increase,structure_rule,likely_decrease,structure_rule,uncertain,no_property_experiment,none,prediction_only,计算描述符只能提示方向，不能等同于实测溶解度、渗透性、稳定性或口服吸收。
PHE__HP9,PHE,苯丙氨酸,HP9,(2S)-2-azanyl-3-(7-fluoranyl-9-oxidanylidene-xanthen-2-yl)propanoic acid,卤代,新增基团连接到母体的碳原子,0,2,30.21,1.399,0,uncertain,structure_rule,uncertain,structure_rule,uncertain,no_property_experiment,none,context_reference,论文支持芳香卤代这一类策略，不直接证明当前CCD一定改善目标性质。
PHE__HPE,PHE,苯丙氨酸,HPE,HOMOPHENYLALANINE,构象限制型成环,新增1个C、1个N、2个O；母体中少了1个N、2个O；新增部分连接到母体原子9（C）,0,0,0,0.39,1,likely_decrease,structure_rule,change_expected,complete_peptide_context,likely_increase,structure_rule,none,context_reference,证据属于完整肽、天然产物、临床骨架或专利实例；只能说明该残基与该骨架相容，不能把整分子的性质归因于一个残基。
PHE__HPQ,PHE,苯丙氨酸,HPQ,HOMOPHENYLALANINYLMETHANE,复杂骨架重构,涉及多个原子和键的整体变化，不能可靠归为肽链上的一个替换原子,-1,0,-20.23,0.894,1,likely_decrease,structure_rule,likely_increase,structure_rule,uncertain,no_property_experiment,none,prediction_only,结构重构分类不等于性质改善；需要完整构件的合成、构象和性质实验。
PHE__IAE,PHE,苯丙氨酸,IAE,(2S)-2-azanyl-4-[4-(trifluoromethyl)phenyl]butanoic acid,构象限制型成环,新增2个C、3个F、1个N、2个O；母体中少了1个N、2个O；新增部分连接到母体原子1（C）、母体原子9（C）,0,0,0,1.409,1,likely_decrease,structure_rule,uncertain,structure_rule,likely_increase,structure_rule,none,context_reference,论文支持芳香卤代这一类策略，不直接证明当前CCD一定改善目标性质。
PHE__IAM,PHE,苯丙氨酸,IAM,4-[(ISOPROPYLAMINO)METHYL]PHENYLALANINE,其他官能团替换,苯丙氨酸侧链苯环的4位（对位）,1,1,12.03,0.498,3,uncertain,structure_rule,uncertain,structure_rule,uncertain,no_property_experiment,activity_or_binding | lipophilicity,property_specific_experiment,能确认的是特定受体上的选择性结合机制；没有通用药代性质数据，也没有Phe→IAmp的严格单变量对照。
PHE__LWI,PHE,苯丙氨酸,LWI,2-(aminomethyl)-L-phenylalanine,极性或带电基团,新增基团连接到母体的碳原子,1,1,26.02,-0.541,1,likely_increase,structure_rule,likely_decrease,structure_rule,uncertain,no_property_experiment,none,context_reference,完整多突变环肽支持，不是单残基直接对照。
PHE__MEA,PHE,苯丙氨酸,MEA,N-METHYLPHENYLALANINE,N-取代／酰化,α-氨基的氮原子（进入肽链后对应主链酰胺氮）,0,0,-13.99,0.261,1,likely_decrease,structure_rule,change_expected,complete_peptide_context,likely_increase,structure_rule,none,context_reference,这是多个N-甲基位点共同变化的完整肽结果，没有只改变Phe→N-Me-Phe的配对实验，不能把约10%的口服暴露归因于MEA一处。
PHE__MHU,PHE,苯丙氨酸,MHU,"4-N,N-(DIMETHYLAMINO)-L-PHENYLALANINE",N-取代／酰化,新增基团连接到母体的氮原子、碳原子,0,1,-10.75,0.327,2,likely_decrease,structure_rule,likely_increase,structure_rule,likely_increase,structure_rule,none,context_reference,当前记录没有本CCD的单点性质对照；同类论文只用于给出筛选方向。
PHE__N0A,PHE,苯丙氨酸,N0A,3-fluoro-L-phenylalanine,卤代,新增基团连接到母体的碳原子,0,0,0,0.139,0,uncertain,structure_rule,uncertain,structure_rule,uncertain,no_property_experiment,none,context_reference,论文支持芳香卤代这一类策略，不直接证明当前CCD一定改善目标性质。
PHE__NFA,PHE,苯丙氨酸,NFA,PHENYLALANINE AMIDE,构象限制型成环,新增1个N；母体中少了1个O；新增部分连接到母体原子9（C）,0,0,5.79,-0.599,0,likely_increase,structure_rule,uncertain,structure_rule,likely_increase,structure_rule,none,prediction_only,计算描述符只能提示方向，不能等同于实测溶解度、渗透性、稳定性或口服吸收。
PHE__O6H,PHE,苯丙氨酸,O6H,"2,4,6-trimethyl-L-phenylalanine",其他官能团替换,苯丙氨酸侧链苯环的2、4、6位,0,0,0,0.925,0,likely_decrease,structure_rule,uncertain,structure_rule,increase,specific_residue_comparison,proteolytic_stability | conformational_behavior | activity_or_binding,property_specific_experiment,稳定性改善只在特定位置成立；没有溶解度、膜渗透性或口服吸收数据。
PHE__OZW,PHE,苯丙氨酸,OZW,phenylhydrazinyl phenylalanine,侧链延长／增大,新增基团连接到母体的碳原子,2,2,24.06,1.439,3,uncertain,structure_rule,uncertain,structure_rule,uncertain,no_property_experiment,none,prediction_only,计算描述符只能提示方向，不能等同于实测溶解度、渗透性、稳定性或口服吸收。
PHE__PBF,PHE,苯丙氨酸,PBF,PARA-(BENZOYL)-PHENYLALANINE,羟基化／氧化还原,新增基团连接到母体的碳原子,0,1,17.07,1.231,2,uncertain,structure_rule,uncertain,structure_rule,uncertain,no_property_experiment,synthesis_or_reactivity,property_specific_experiment,属于工具型光反应证据，不应归为一般药物性质改善。
PHE__PCS,PHE,苯丙氨酸,PCS,PHENYLALANYLMETHYLCHLORIDE,复杂骨架重构,涉及多个原子和键的整体变化，不能可靠归为肽链上的一个替换原子,-1,0,-20.23,0.723,1,likely_decrease,structure_rule,likely_increase,structure_rule,uncertain,no_property_experiment,none,prediction_only,结构重构分类不等于性质改善；需要完整构件的合成、构象和性质实验。
PHE__PF5,PHE,苯丙氨酸,PF5,"2,3,4,5,6-PENTAFLUORO-L-PHENYLALANINE",卤代,新增基团连接到母体的碳原子,0,0,0,0.696,0,likely_decrease,structure_rule,uncertain,structure_rule,uncertain,no_property_experiment,none,context_reference,论文支持芳香卤代这一类策略，不直接证明当前CCD一定改善目标性质。
PHE__PFF,PHE,苯丙氨酸,PFF,4-FLUORO-L-PHENYLALANINE,卤代,新增基团连接到母体的碳原子,0,0,0,0.139,0,uncertain,structure_rule,uncertain,structure_rule,uncertain,no_property_experiment,activity_or_binding,property_specific_experiment,这里直接证明的是该骨架第3位的抑制活性提高；稳定性、渗透性和口服性不能由这条结果外推。
PHE__PHA,PHE,苯丙氨酸,PHA,PHENYLALANINAL,复杂骨架重构,涉及多个原子和键的整体变化，不能可靠归为肽链上的一个替换原子,-1,0,-20.23,0.114,0,uncertain,structure_rule,uncertain,structure_rule,change_expected,complete_peptide_context,none,context_reference,支持靶点抑制，不支持渗透性、溶解度或口服吸收改善。
PHE__PHI,PHE,苯丙氨酸,PHI,IODO-PHENYLALANINE,卤代,新增基团连接到母体的碳原子,0,0,0,0.605,0,likely_decrease,structure_rule,uncertain,structure_rule,uncertain,no_property_experiment,none,context_reference,论文支持芳香卤代这一类策略，不直接证明当前CCD一定改善目标性质。
PHE__PHL,PHE,苯丙氨酸,PHL,L-PHENYLALANINOL,构象限制型成环,天然氨基酸末端羧基被还原为羟甲基（氨基醇）,0,0,-17.07,-0.092,0,uncertain,structure_rule,uncertain,structure_rule,likely_increase,structure_rule,none,prediction_only,这是一条设计建议，不是性质结论；最终必须用同一肽骨架的母体/衍生物配对实验确认。
PHE__PM3,PHE,苯丙氨酸,PM3,2-AMINO-3-(4-PHOSPHONOMETHYL-PHENYL)-PROPIONIC ACID,羟基化／氧化还原,新增基团连接到母体的碳原子,2,1,57.53,-0.322,2,likely_increase,structure_rule,likely_decrease,structure_rule,uncertain,no_property_experiment,activity_or_binding,property_specific_experiment,不能把“抗水解”写成“活性必然增强”。
PHE__PPN,PHE,苯丙氨酸,PPN,PARA-NITROPHENYLALANINE,羟基化／氧化还原,新增基团连接到母体的碳原子,0,2,43.14,-0.092,1,likely_increase,structure_rule,likely_decrease,structure_rule,change_expected,specific_residue_comparison,proteolytic_stability | activity_or_binding,property_specific_experiment,只证明特定酶位点的催化参数变化，没有稳定性、渗透性或口服性结论。
PHE__PSA,PHE,苯丙氨酸,PSA,3-HYDROXY-4-AMINO-5-PHENYLPENTANOIC ACID,复杂骨架重构,涉及多个原子和键的整体变化，不能可靠归为肽链上的一个替换原子,1,1,20.23,-0.249,2,likely_increase,structure_rule,likely_decrease,structure_rule,change_expected,same_scaffold_comparison,proteolytic_stability | activity_or_binding,property_specific_experiment,支持蛋白酶抑制，不支持溶解度、渗透性或口服吸收。
PHE__QPH,PHE,苯丙氨酸,QPH,N-formyl-L-phenylalanine,N-取代／酰化,新增基团连接到母体的氮原子,0,0,3.08,-0.213,2,uncertain,structure_rule,uncertain,structure_rule,likely_increase,structure_rule,none,context_reference,当前记录没有本CCD的单点性质对照；同类论文只用于给出筛选方向。
PHE__SMF,PHE,苯丙氨酸,SMF,4-SULFOMETHYL-L-PHENYLALANINE,羟基化／氧化还原,新增基团连接到母体的碳原子,1,2,54.37,-0.612,2,likely_increase,structure_rule,likely_decrease,structure_rule,uncertain,no_property_experiment,none,prediction_only,计算描述符只能提示方向，不能等同于实测溶解度、渗透性、稳定性或口服吸收。
PHE__T11,PHE,苯丙氨酸,T11,4-[3-(TRIFLUOROMETHYL)DIAZIRIDIN-3-YL]-L-PHENYLALANINE,卤代,新增基团连接到母体的碳原子,2,2,43.88,-0.177,1,likely_increase,structure_rule,likely_decrease,structure_rule,uncertain,no_property_experiment,none,context_reference,论文支持芳香卤代这一类策略，不直接证明当前CCD一定改善目标性质。
PHE__TEF,PHE,苯丙氨酸,TEF,4-(2H-tetrazol-2-yl)-L-phenylalanine,极性或带电基团,新增基团连接到母体的碳原子,0,3,43.6,-1.024,1,likely_increase,structure_rule,likely_decrease,structure_rule,uncertain,no_property_experiment,none,prediction_only,计算描述符只能提示方向，不能等同于实测溶解度、渗透性、稳定性或口服吸收。
PHE__TFQ,PHE,苯丙氨酸,TFQ,"4-(2,2,2-TRIFLUOROETHYL)-L-PHENYLALANINE",卤代,新增基团连接到母体的碳原子,0,0,0,1.105,1,likely_decrease,structure_rule,uncertain,structure_rule,uncertain,no_property_experiment,none,context_reference,论文支持芳香卤代这一类策略，不直接证明当前CCD一定改善目标性质。
PHE__TSQ,PHE,苯丙氨酸,TSQ,4-(trimethylsilyl)-L-phenylalanine,卤代,新增基团连接到母体的碳原子,0,0,0,0.545,1,likely_decrease,structure_rule,uncertain,structure_rule,uncertain,no_property_experiment,none,context_reference,论文支持芳香卤代这一类策略，不直接证明当前CCD一定改善目标性质。
PHE__U3X,PHE,苯丙氨酸,U3X,4-[(cyclohexylmethyl)amino]-L-phenylalanine,侧链延长／增大,新增基团连接到母体的碳原子,1,1,12.03,1.992,3,uncertain,structure_rule,uncertain,structure_rule,uncertain,no_property_experiment,none,prediction_only,计算描述符只能提示方向，不能等同于实测溶解度、渗透性、稳定性或口服吸收。
PHE__UXQ,PHE,苯丙氨酸,UXQ,(2S)-2-azanyl-3-[4-[(2-chloranylethanoylamino)methyl]phenyl]propanoic acid,卤代,新增基团连接到母体的碳原子,1,1,29.1,-0.145,3,likely_increase,structure_rule,likely_decrease,structure_rule,uncertain,no_property_experiment,none,context_reference,论文支持芳香卤代这一类策略，不直接证明当前CCD一定改善目标性质。
PHE__V1C,PHE,苯丙氨酸,V1C,(2S)-2-azanyl-3-[4-[1-(2-methylpropyl)pyrazol-4-yl]phenyl]propanoic acid,侧链延长／增大 | 极性或带电基团,新增基团连接到母体的碳原子,0,1,17.82,1.519,3,uncertain,structure_rule,uncertain,structure_rule,uncertain,no_property_experiment,none,prediction_only,计算描述符只能提示方向，不能等同于实测溶解度、渗透性、稳定性或口服吸收。
PHE__V3E,PHE,苯丙氨酸,V3E,(2~{S})-2-azanyl-3-(2-hydroxyphenyl)propanoic acid,复杂骨架重构,涉及多个原子和键的整体变化，不能可靠归为肽链上的一个替换原子,0,2,9.23,-0.206,0,uncertain,structure_rule,uncertain,structure_rule,uncertain,no_property_experiment,none,prediction_only,结构重构分类不等于性质改善；需要完整构件的合成、构象和性质实验。
PHE__V61,PHE,苯丙氨酸,V61,"2,3,5,6-tetrafluoro-4-iodo-L-phenylalanine",卤代,新增基团连接到母体的碳原子,0,0,0,1.161,0,likely_decrease,structure_rule,uncertain,structure_rule,uncertain,no_property_experiment,none,context_reference,论文支持芳香卤代这一类策略，不直接证明当前CCD一定改善目标性质。
PHE__WFP,PHE,苯丙氨酸,WFP,"3,5-difluoro-L-phenylalanine",卤代,新增基团连接到母体的碳原子,0,0,0,0.278,0,uncertain,structure_rule,uncertain,structure_rule,uncertain,no_property_experiment,none,context_reference,论文支持芳香卤代这一类策略，不直接证明当前CCD一定改善目标性质。
PHE__WPA,PHE,苯丙氨酸,WPA,(betaR)-beta-methoxy-L-phenylalanine,羟基化／氧化还原,新增基团连接到母体的碳原子,0,1,9.23,0.145,1,uncertain,structure_rule,uncertain,structure_rule,uncertain,no_property_experiment,none,prediction_only,计算描述符只能提示方向，不能等同于实测溶解度、渗透性、稳定性或口服吸收。
PHE__X5U,PHE,苯丙氨酸,X5U,(S)-alpha-methyl-4-Iodophenylalanine,卤代,新增基团连接到母体的碳原子,0,0,0,0.995,0,likely_decrease,structure_rule,uncertain,structure_rule,uncertain,no_property_experiment,none,context_reference,论文支持芳香卤代这一类策略，不直接证明当前CCD一定改善目标性质。
PHE__XA6,PHE,苯丙氨酸,XA6,(2S)-3-(4-aminocarbonylphenyl)-2-azanyl-propanoic acid,羟基化／氧化还原,新增基团连接到母体的碳原子,1,1,43.09,-0.901,1,likely_increase,structure_rule,likely_decrease,structure_rule,uncertain,no_property_experiment,none,prediction_only,计算描述符只能提示方向，不能等同于实测溶解度、渗透性、稳定性或口服吸收。
PHE__YC3,PHE,苯丙氨酸,YC3,3-[2-(sulfanylmethyl)phenyl]-L-phenylalanine,侧链延长／增大,新增基团连接到母体的碳原子,1,1,0,2.097,2,likely_decrease,structure_rule,uncertain,structure_rule,uncertain,no_property_experiment,none,prediction_only,计算描述符只能提示方向，不能等同于实测溶解度、渗透性、稳定性或口服吸收。
PHE__ZCL,PHE,苯丙氨酸,ZCL,"3,4-dichloro-L-phenylalanine",卤代,新增基团连接到母体的碳原子,0,0,0,1.307,0,likely_decrease,structure_rule,uncertain,structure_rule,uncertain,no_property_experiment,none,context_reference,论文支持芳香卤代这一类策略，不直接证明当前CCD一定改善目标性质。
PHE__ZV4,PHE,苯丙氨酸,ZV4,(2S)-2-azanyl-3-(4-phosphonophenyl)propanoic acid,羟基化／氧化还原,新增基团连接到母体的碳原子,2,1,57.53,-1.197,1,likely_increase,structure_rule,likely_decrease,structure_rule,uncertain,no_property_experiment,none,prediction_only,计算描述符只能提示方向，不能等同于实测溶解度、渗透性、稳定性或口服吸收。
PRO__037,PRO,脯氨酸,037,"(1S,3aR,6aS)-octahydrocyclopenta[c]pyrrole-1-carboxylic acid",侧链延长／增大,新增基团连接到母体的碳原子,0,0,0,0.636,0,likely_decrease,structure_rule,uncertain,structure_rule,uncertain,no_property_experiment,none,prediction_only,只能提出构象设计方向，不能写成稳定性、渗透性或活性已经改善。
PRO__04U,PRO,脯氨酸,04U,"azanylidene-[(3S,5S)-5-carboxypyrrolidin-3-yl]imino-azanium",极性或带电基团,新增基团连接到母体的碳原子,1,2,50.31,-0.471,1,likely_increase,structure_rule,likely_decrease,structure_rule,uncertain,no_property_experiment,none,prediction_only,只能提出构象设计方向，不能写成稳定性、渗透性或活性已经改善。
PRO__04V,PRO,脯氨酸,04V,(2S)-pyrrolidine-2-carboximidic acid,复杂骨架重构,涉及多个原子和键的整体变化，不能可靠归为肽链上的一个替换原子,1,0,6.78,0.451,0,uncertain,structure_rule,uncertain,structure_rule,uncertain,no_property_experiment,none,prediction_only,结构重构分类不等于性质改善；需要完整构件的合成、构象和性质实验。
PRO__05N,PRO,脯氨酸,05N,"(3R,4R)-4-hydroxy-3-methyl-L-proline",羟基化／氧化还原,新增基团连接到母体的碳原子,1,1,20.23,-0.783,0,likely_increase,structure_rule,likely_decrease,structure_rule,uncertain,no_property_experiment,none,context_reference,论文支持的是同一种改造思路，不是这个CCD残基在当前肽中的单点对照。它只能用于决定先试哪些位置，不能写成该残基已经确定改善性质。
PRO__0LF,PRO,脯氨酸,0LF,(4R)-4-(4-phenylbutoxy)-L-proline,羟基化／氧化还原,新增基团连接到母体的碳原子,0,1,9.23,2.018,6,uncertain,structure_rule,uncertain,structure_rule,uncertain,no_property_experiment,none,context_reference,论文支持的是同一种改造思路，不是这个CCD残基在当前肽中的单点对照。它只能用于决定先试哪些位置，不能写成该残基已经确定改善性质。
PRO__0Y8,PRO,脯氨酸,0Y8,(4R)-4-[(7-bromoisoquinolin-1-yl)oxy]-L-proline,卤代,新增基团连接到母体的碳原子,0,2,22.12,2.368,2,uncertain,structure_rule,uncertain,structure_rule,uncertain,no_property_experiment,none,context_reference,这是同类修饰论文，不是当前CCD残基的单点性质实测。
PRO__11Q,PRO,脯氨酸,11Q,1-(cyclohexylmethyl)-L-proline,N-取代／酰化,新增基团连接到母体的氮原子,-1,0,-8.79,2.293,2,likely_decrease,structure_rule,uncertain,structure_rule,likely_increase,structure_rule,none,context_reference,论文支持的是同一种改造思路，不是这个CCD残基在当前肽中的单点对照。它只能用于决定先试哪些位置，不能写成该残基已经确定改善性质。
PRO__12L,PRO,脯氨酸,12L,"(1R,2S,5S)-6,6-dimethyl-3-azabicyclo[3.1.0]hexane-2-carboxylic acid",侧链延长／增大,新增基团连接到母体的碳原子,0,0,0,0.492,0,likely_decrease,structure_rule,uncertain,structure_rule,uncertain,no_property_experiment,none,prediction_only,只能提出构象设计方向，不能写成稳定性、渗透性或活性已经改善。
PRO__12X,PRO,脯氨酸,12X,"(4R)-4-[(8-bromo-7-methoxy-2-{2-[(2-methylpropanoyl)amino]-1,3-thiazol-4-yl}quinolin-4-yl)oxy]-L-proline",卤代,新增基团连接到母体的碳原子,1,6,73.34,4.095,6,uncertain,structure_rule,uncertain,structure_rule,uncertain,no_property_experiment,none,context_reference,这是同类修饰论文，不是当前CCD残基的单点性质实测。
PRO__12Y,PRO,脯氨酸,12Y,"(4R)-4-[(7-methoxy-2-{2-[(2-methylpropanoyl)amino]-1,3-thiazol-4-yl}quinolin-4-yl)oxy]-L-proline",羟基化／氧化还原,新增基团连接到母体的碳原子,1,6,73.34,3.332,6,uncertain,structure_rule,uncertain,structure_rule,uncertain,no_property_experiment,none,prediction_only,只能提出构象设计方向，不能写成稳定性、渗透性或活性已经改善。
PRO__2MT,PRO,脯氨酸,2MT,"(4R)-2,2-DIMETHYL-1,3-THIAZOLIDINE-4-CARBOXYLIC ACID",构象限制型成环,新增2个C、1个S；母体中少了1个C；新增部分连接到母体原子2（C）、母体原子5（C）；检测到1个立体中心方向变化,0,1,0,0.689,0,likely_decrease,structure_rule,uncertain,structure_rule,likely_increase,structure_rule,none,prediction_only,只能提出构象设计方向，不能写成稳定性、渗透性或活性已经改善。
PRO__2P0,PRO,脯氨酸,2P0,1-({[(S)-hydroxy(phosphonooxy)phosphoryl]oxy}acetyl)-L-proline,N-取代／酰化,新增基团连接到母体的氮原子,2,4,121.57,-0.535,5,likely_increase,structure_rule,likely_decrease,structure_rule,likely_increase,structure_rule,none,context_reference,当前记录没有本CCD的单点性质对照；同类论文只用于给出筛选方向。
PRO__3BY,PRO,脯氨酸,3BY,1-methyl-L-proline,N-取代／酰化,新增基团连接到母体的氮原子,-1,0,-8.79,0.342,0,likely_decrease,structure_rule,uncertain,structure_rule,likely_increase,structure_rule,none,context_reference,论文支持的是同一种改造思路，不是这个CCD残基在当前肽中的单点对照。它只能用于决定先试哪些位置，不能写成该残基已经确定改善性质。
PRO__3PX,PRO,脯氨酸,3PX,(3S)-3-(propan-2-yloxy)-L-proline,羟基化／氧化还原,新增基团连接到母体的碳原子,0,1,9.23,0.403,2,uncertain,structure_rule,uncertain,structure_rule,uncertain,no_property_experiment,none,context_reference,论文支持的是同一种改造思路，不是这个CCD残基在当前肽中的单点对照。它只能用于决定先试哪些位置，不能写成该残基已经确定改善性质。
PRO__3WX,PRO,脯氨酸,3WX,2-methyl-L-proline,其他官能团替换,新增基团连接到母体的碳原子,0,0,0,0.39,0,likely_decrease,structure_rule,uncertain,structure_rule,increase,same_scaffold_comparison,proteolytic_stability | oral_absorption | activity_or_binding,property_specific_experiment,位置依赖，不能推广到所有Pro位点。
PRO__45F,PRO,脯氨酸,45F,(4S)-4-(prop-2-yn-1-yloxy)-L-proline,羟基化／氧化还原,新增基团连接到母体的碳原子,0,1,9.23,-0.372,2,likely_increase,structure_rule,uncertain,structure_rule,uncertain,no_property_experiment,none,prediction_only,只能提出构象设计方向，不能写成稳定性、渗透性或活性已经改善。
PRO__4FB,PRO,脯氨酸,4FB,(4S)-4-FLUORO-L-PROLINE,卤代,新增基团连接到母体的碳原子,0,0,0,-0.052,0,uncertain,structure_rule,change_expected,complete_peptide_context,change_expected,complete_peptide_context,none,context_reference,论文支持的是同一种改造思路，不是这个CCD残基在当前肽中的单点对照。它只能用于决定先试哪些位置，不能写成该残基已经确定改善性质。
PRO__4KY,PRO,脯氨酸,4KY,(4R)-1-acetyl-4-(oct-7-en-1-yloxy)-L-proline,N-取代／酰化,新增基团连接到母体的氮原子、碳原子,-1,1,17.51,2.39,8,uncertain,structure_rule,uncertain,structure_rule,likely_increase,structure_rule,none,context_reference,当前记录没有本CCD的单点性质对照；同类论文只用于给出筛选方向。
PRO__4L0,PRO,脯氨酸,4L0,(4R)-1-acetyl-4-(hexyloxy)-L-proline,N-取代／酰化,新增基团连接到母体的碳原子、氮原子,-1,1,17.51,1.834,6,uncertain,structure_rule,uncertain,structure_rule,likely_increase,structure_rule,none,context_reference,当前记录没有本CCD的单点性质对照；同类论文只用于给出筛选方向。
PRO__6Y9,PRO,脯氨酸,6Y9,"(2~{R})-1,2-dimethylpyrrolidine-2-carboxylic acid",N-取代／酰化,新增基团连接到母体的碳原子、氮原子,-1,0,-8.79,0.732,0,likely_decrease,structure_rule,uncertain,structure_rule,likely_increase,structure_rule,none,context_reference,当前记录没有本CCD的单点性质对照；同类论文只用于给出筛选方向。
PRO__7YO,PRO,脯氨酸,7YO,(2R)-5-oxidanylidenepyrrolidine-2-carboxylic acid,羟基化／氧化还原,新增基团连接到母体的碳原子,0,0,17.07,-0.473,0,likely_increase,structure_rule,uncertain,structure_rule,uncertain,no_property_experiment,none,prediction_only,只能提出构象设计方向，不能写成稳定性、渗透性或活性已经改善。
PRO__8LJ,PRO,脯氨酸,8LJ,"(2S)-2,3-dihydro-1H-pyrrole-2-carboxylic acid",构象限制型成环,检测到1处键级变化,0,0,0,0.124,0,uncertain,structure_rule,uncertain,structure_rule,likely_increase,structure_rule,none,prediction_only,只能提出构象设计方向，不能写成稳定性、渗透性或活性已经改善。
PRO__A1A3M,PRO,脯氨酸,A1A3M,"(5S)-4,5-dihydro-1H-pyrazole-5-carboxylic acid",构象限制型成环,新增1个N；母体中少了1个C；新增部分连接到母体原子1（C）、母体原子4（N）,0,1,12.36,-0.404,0,likely_increase,structure_rule,uncertain,structure_rule,likely_increase,structure_rule,none,prediction_only,只能提出构象设计方向，不能写成稳定性、渗透性或活性已经改善。
PRO__A1CAB,PRO,脯氨酸,A1CAB,"(2S)-3,4-dihydro-2H-pyrrole-2-carboxylic acid",构象限制型成环,检测到1处键级变化,-1,0,0.33,0.481,0,likely_decrease,structure_rule,uncertain,structure_rule,likely_increase,structure_rule,none,prediction_only,只能提出构象设计方向，不能写成稳定性、渗透性或活性已经改善。
PRO__A1D5E,PRO,脯氨酸,A1D5E,"(2~{S},4~{R})-4-(2-azanylethylcarbamoyloxy)pyrrolidine-2-carboxylic acid",羟基化／氧化还原,新增基团连接到母体的碳原子,2,3,64.35,-1.337,3,likely_increase,structure_rule,likely_decrease,structure_rule,uncertain,no_property_experiment,none,prediction_only,只能提出构象设计方向，不能写成稳定性、渗透性或活性已经改善。
PRO__A1D9O,PRO,脯氨酸,A1D9O,"(2~{S},3~{S},4~{S})-3,4-bis(oxidanyl)pyrrolidine-2-carboxylic acid",羟基化／氧化还原,新增基团连接到母体的碳原子,2,2,40.46,-2.058,0,likely_increase,structure_rule,likely_decrease,structure_rule,uncertain,no_property_experiment,none,prediction_only,只能提出构象设计方向，不能写成稳定性、渗透性或活性已经改善。
PRO__A1ICB,PRO,脯氨酸,A1ICB,"(2S,4S)-4-[(2-chloranyl-5-methyl-phenyl)carbonylamino]pyrrolidine-2-carboxylic acid",卤代,新增基团连接到母体的碳原子,1,1,29.1,1.37,2,uncertain,structure_rule,uncertain,structure_rule,uncertain,no_property_experiment,none,context_reference,这是同类修饰论文，不是当前CCD残基的单点性质实测。
PRO__A1ICC,PRO,脯氨酸,A1ICC,"(2S,4S)-4-(isoquinolin-1-ylcarbonylamino)pyrrolidine-2-carboxylic acid",羟基化／氧化还原,新增基团连接到母体的碳原子,1,2,41.99,0.957,2,uncertain,structure_rule,uncertain,structure_rule,uncertain,no_property_experiment,none,prediction_only,只能提出构象设计方向，不能写成稳定性、渗透性或活性已经改善。
PRO__A1IL6,PRO,脯氨酸,A1IL6,"(2~{S},4~{S})-4-hexylsulfanylpyrrolidine-2-carboxylic acid",侧链延长／增大,新增基团连接到母体的碳原子,0,1,0,2.292,6,likely_decrease,structure_rule,uncertain,structure_rule,uncertain,no_property_experiment,none,prediction_only,只能提出构象设计方向，不能写成稳定性、渗透性或活性已经改善。
PRO__A1L2U,PRO,脯氨酸,A1L2U,1-(6-azanylhexanoyl)pyrrolidine-2-carboxylic acid,N-取代／酰化,新增基团连接到母体的氮原子,0,1,34.3,0.758,5,uncertain,structure_rule,uncertain,structure_rule,likely_increase,structure_rule,none,context_reference,当前记录没有本CCD的单点性质对照；同类论文只用于给出筛选方向。
PRO__BG4,PRO,脯氨酸,BG4,5-(HYDROXY-METHYL-AMINO)-3-METHYL-PYRROLIDINE-2-CARBOXYLIC ACID,羟基化／氧化还原,新增基团连接到母体的碳原子,1,2,23.47,-0.107,1,likely_increase,structure_rule,likely_decrease,structure_rule,uncertain,no_property_experiment,none,prediction_only,只能提出构象设计方向，不能写成稳定性、渗透性或活性已经改善。
PRO__BG5,PRO,脯氨酸,BG5,5-HYDROXYAMINO-3-METHYL-PYRROLIDINE-2-CARBOXYLIC ACID,羟基化／氧化还原,新增基团连接到母体的碳原子,2,2,32.26,-0.449,1,likely_increase,structure_rule,likely_decrease,structure_rule,uncertain,no_property_experiment,none,prediction_only,只能提出构象设计方向，不能写成稳定性、渗透性或活性已经改善。
PRO__DPL,PRO,脯氨酸,DPL,4-OXOPROLINE,羟基化／氧化还原,新增基团连接到母体的碳原子,0,1,17.07,-0.821,0,likely_increase,structure_rule,uncertain,structure_rule,uncertain,no_property_experiment,none,prediction_only,只能提出构象设计方向，不能写成稳定性、渗透性或活性已经改善。
PRO__DYJ,PRO,脯氨酸,DYJ,1-[(2E)-4-carboxy-4-oxobut-2-en-2-yl]-L-proline,N-取代／酰化,新增基团连接到母体的氮原子,0,2,45.58,0.27,3,uncertain,structure_rule,likely_decrease,structure_rule,likely_increase,structure_rule,none,context_reference,当前记录没有本CCD的单点性质对照；同类论文只用于给出筛选方向。
PRO__E0Y,PRO,脯氨酸,E0Y,"(3S,5R)-5-[(2R,3R)-1,3-dihydroxybutan-2-yl]-3-({(3R)-1-[(1E)-ethanimidoyl]pyrrolidin-3-yl}sulfanyl)-L-proline",羟基化／氧化还原,新增基团连接到母体的碳原子,3,4,67.55,0.141,5,uncertain,structure_rule,likely_decrease,structure_rule,uncertain,no_property_experiment,none,prediction_only,只能提出构象设计方向，不能写成稳定性、渗透性或活性已经改善。
PRO__FP9,PRO,脯氨酸,FP9,(4R)-4-fluoro-L-proline,卤代,新增基团连接到母体的碳原子,0,0,0,-0.052,0,uncertain,structure_rule,change_expected,complete_peptide_context,uncertain,no_property_experiment,none,context_reference,证据属于完整肽、天然产物、临床骨架或专利实例；只能说明该残基与该骨架相容，不能把整分子的性质归因于一个残基。
PRO__FPK,PRO,脯氨酸,FPK,1-formyl-L-proline,N-取代／酰化,新增基团连接到母体的氮原子,-1,0,8.28,-0.131,1,uncertain,structure_rule,uncertain,structure_rule,likely_increase,structure_rule,none,context_reference,当前记录没有本CCD的单点性质对照；同类论文只用于给出筛选方向。
PRO__G8X,PRO,脯氨酸,G8X,"(2~{S},3~{R})-3-oxidanylpyrrolidine-2-carboxylic acid",羟基化／氧化还原,新增基团连接到母体的碳原子,1,1,20.23,-1.029,0,likely_increase,structure_rule,likely_decrease,structure_rule,uncertain,no_property_experiment,none,prediction_only,只能提出构象设计方向，不能写成稳定性、渗透性或活性已经改善。
PRO__H5M,PRO,脯氨酸,H5M,TRANS-3-HYDROXY-5-METHYLPROLINE,羟基化／氧化还原,新增基团连接到母体的碳原子,1,1,20.23,-0.641,0,likely_increase,structure_rule,likely_decrease,structure_rule,uncertain,no_property_experiment,none,prediction_only,只能提出构象设计方向，不能写成稳定性、渗透性或活性已经改善。
PRO__HY3,PRO,脯氨酸,HY3,3-HYDROXYPROLINE,羟基化／氧化还原,新增基团连接到母体的碳原子,1,1,20.23,-1.029,0,likely_increase,structure_rule,likely_decrease,structure_rule,uncertain,no_property_experiment,none,context_reference,论文支持的是同一种改造思路，不是这个CCD残基在当前肽中的单点对照。它只能用于决定先试哪些位置，不能写成该残基已经确定改善性质。
PRO__HYP,PRO,脯氨酸,HYP,4-HYDROXYPROLINE,羟基化／氧化还原,新增基团连接到母体的碳原子,1,1,20.23,-1.029,0,likely_increase,structure_rule,likely_decrease,structure_rule,uncertain,no_property_experiment,none,context_reference,证据属于完整肽、天然产物、临床骨架或专利实例；只能说明该残基与该骨架相容，不能把整分子的性质归因于一个残基。
PRO__HZP,PRO,脯氨酸,HZP,(4S)-4-hydroxy-L-proline,羟基化／氧化还原,新增基团连接到母体的碳原子,1,1,20.23,-1.029,0,likely_increase,structure_rule,likely_decrease,structure_rule,increase,specific_residue_comparison,proteolytic_stability,property_specific_experiment,这里只确认胶原样构象和热稳定性，不确认蛋白酶、渗透或口服性质。
PRO__JKH,PRO,脯氨酸,JKH,4-amino-Proline,极性或带电基团,新增基团连接到母体的碳原子,1,0,27.64,-1.78,0,likely_increase,structure_rule,likely_decrease,structure_rule,uncertain,no_property_experiment,none,prediction_only,只能提出构象设计方向，不能写成稳定性、渗透性或活性已经改善。
PRO__KLF,PRO,脯氨酸,KLF,"(2~{S},4~{R})-4-oxidanylpyrrolidine-2-carboxamide",构象限制型成环,新增1个N、1个O；母体中少了1个O；新增部分连接到母体原子1（C）、母体原子6（C）,1,1,26.02,-1.628,0,likely_increase,structure_rule,likely_decrease,structure_rule,likely_increase,structure_rule,none,prediction_only,只能提出构象设计方向，不能写成稳定性、渗透性或活性已经改善。
PRO__LPD,PRO,脯氨酸,LPD,L-PROLINAMIDE,构象限制型成环,新增1个N；母体中少了1个O；新增部分连接到母体原子6（C）,0,0,5.79,-0.599,0,likely_increase,structure_rule,uncertain,structure_rule,likely_increase,structure_rule,none,prediction_only,只能提出构象设计方向，不能写成稳定性、渗透性或活性已经改善。
PRO__MP8,PRO,脯氨酸,MP8,(4R)-4-methyl-L-proline,其他官能团替换,新增基团连接到母体的碳原子,0,0,0,0.246,0,uncertain,structure_rule,uncertain,structure_rule,uncertain,no_property_experiment,none,prediction_only,只能提出构象设计方向，不能写成稳定性、渗透性或活性已经改善。
PRO__N7P,PRO,脯氨酸,N7P,1-ACETYL-L-PROLINE,N-取代／酰化,新增基团连接到母体的氮原子,-1,0,8.28,0.259,0,uncertain,structure_rule,uncertain,structure_rule,likely_increase,structure_rule,none,context_reference,当前记录没有本CCD的单点性质对照；同类论文只用于给出筛选方向。
PRO__N80,PRO,脯氨酸,N80,1-ethenyl-L-proline,N-取代／酰化,新增基团连接到母体的氮原子,-1,0,-8.79,0.856,1,likely_decrease,structure_rule,uncertain,structure_rule,likely_increase,structure_rule,none,context_reference,当前记录没有本CCD的单点性质对照；同类论文只用于给出筛选方向。
PRO__P2Y,PRO,脯氨酸,P2Y,(2S)-PYRROLIDIN-2-YLMETHYLAMINE,复杂骨架重构,涉及多个原子和键的整体变化，不能可靠归为肽链上的一个替换原子,0,0,-11.28,-0.126,0,uncertain,structure_rule,uncertain,structure_rule,uncertain,no_property_experiment,none,prediction_only,结构重构分类不等于性质改善；需要完整构件的合成、构象和性质实验。
PRO__PH6,PRO,脯氨酸,PH6,(4S)-4-cyclohexyl-L-proline,侧链延长／增大,新增基团连接到母体的碳原子,0,0,0,1.806,1,likely_decrease,structure_rule,uncertain,structure_rule,uncertain,no_property_experiment,none,prediction_only,只能提出构象设计方向，不能写成稳定性、渗透性或活性已经改善。
PRO__PLJ,PRO,脯氨酸,PLJ,methyl L-prolinate,羟基化／氧化还原,新增基团连接到母体的氧原子,-1,1,-11,0.088,0,uncertain,structure_rule,uncertain,structure_rule,uncertain,no_property_experiment,none,prediction_only,只能提出构象设计方向，不能写成稳定性、渗透性或活性已经改善。
PRO__POM,PRO,脯氨酸,POM,CIS-5-METHYL-4-OXOPROLINE,羟基化／氧化还原,新增基团连接到母体的碳原子,0,1,17.07,-0.432,0,likely_increase,structure_rule,uncertain,structure_rule,uncertain,no_property_experiment,none,prediction_only,只能提出构象设计方向，不能写成稳定性、渗透性或活性已经改善。
PRO__PR4,PRO,脯氨酸,PR4,1-[(2R)-2-carboxy-2-hydroxyethyl]-L-proline,N-取代／酰化,新增基团连接到母体的氮原子,1,2,48.74,-0.842,3,likely_increase,structure_rule,likely_decrease,structure_rule,likely_increase,structure_rule,none,context_reference,当前记录没有本CCD的单点性质对照；同类论文只用于给出筛选方向。
PRO__PR7,PRO,脯氨酸,PR7,1-[(2S)-2-carboxy-2-hydroxyethyl]-L-proline,N-取代／酰化,新增基团连接到母体的氮原子,1,2,48.74,-0.842,3,likely_increase,structure_rule,likely_decrease,structure_rule,likely_increase,structure_rule,none,context_reference,当前记录没有本CCD的单点性质对照；同类论文只用于给出筛选方向。
PRO__PR9,PRO,脯氨酸,PR9,D-PROLINAMIDE,构象限制型成环,新增1个N；母体中少了1个O；新增部分连接到母体原子6（C）；检测到1个立体中心方向变化,0,0,5.79,-0.599,0,likely_increase,structure_rule,uncertain,structure_rule,likely_increase,structure_rule,none,prediction_only,只能提出构象设计方向，不能写成稳定性、渗透性或活性已经改善。
PRO__PRJ,PRO,脯氨酸,PRJ,"(2S,3aS,6R,7aS)-6-hydroxyoctahydro-1H-indole-2-carboxylic acid",羟基化／氧化还原,新增基团连接到母体的碳原子,1,1,20.23,0.139,0,uncertain,structure_rule,likely_decrease,structure_rule,uncertain,no_property_experiment,none,prediction_only,只能提出构象设计方向，不能写成稳定性、渗透性或活性已经改善。
PRO__PRS,PRO,脯氨酸,PRS,THIOPROLINE,构象限制型成环,新增1个S；母体中少了1个C；新增部分连接到母体原子2（C）、母体原子5（C）,0,1,0,-0.09,0,uncertain,structure_rule,uncertain,structure_rule,likely_increase,structure_rule,none,prediction_only,只能提出构象设计方向，不能写成稳定性、渗透性或活性已经改善。
PRO__PXU,PRO,脯氨酸,PXU,2-hydroxy-L-proline,羟基化／氧化还原,新增基团连接到母体的碳原子,1,1,20.23,-0.68,0,likely_increase,structure_rule,likely_decrease,structure_rule,uncertain,no_property_experiment,none,prediction_only,只能提出构象设计方向，不能写成稳定性、渗透性或活性已经改善。
PRO__RT0,PRO,脯氨酸,RT0,"(2S,4S)-4-[4-(4-fluorophenyl)-1,2,3-triazol-1-yl]pyrrolidine-2-carboxylic acid",卤代 | 侧链延长／增大 | 极性或带电基团,新增基团连接到母体的碳原子,0,2,30.71,1.249,2,uncertain,structure_rule,uncertain,structure_rule,uncertain,no_property_experiment,none,context_reference,计算描述符只能提示方向，不能等同于实测溶解度、渗透性、稳定性或口服吸收。
PRO__TPJ,PRO,脯氨酸,TPJ,(5R)-5-tert-butyl-L-proline,侧链延长／增大,新增基团连接到母体的碳原子,0,0,0,1.415,0,likely_decrease,structure_rule,uncertain,structure_rule,uncertain,no_property_experiment,none,prediction_only,只能提出构象设计方向，不能写成稳定性、渗透性或活性已经改善。
PRO__TPK,PRO,脯氨酸,TPK,"(1R)-1-[(2S)-pyrrolidin-2-yl]ethane-1,2-diol",复杂骨架重构,涉及多个原子和键的整体变化，不能可靠归为肽链上的一个替换原子,1,1,3.16,-0.731,1,likely_increase,structure_rule,uncertain,structure_rule,uncertain,no_property_experiment,none,prediction_only,结构重构分类不等于性质改善；需要完整构件的合成、构象和性质实验。
PRO__V3C,PRO,脯氨酸,V3C,Trans-4-athyl-L-proline,侧链延长／增大,新增基团连接到母体的碳原子,0,0,0,0.636,1,likely_decrease,structure_rule,uncertain,structure_rule,uncertain,no_property_experiment,none,prediction_only,只能提出构象设计方向，不能写成稳定性、渗透性或活性已经改善。
PRO__VH0,PRO,脯氨酸,VH0,"(2S,4S)-4-[4-(aminomethyl)-1,2,3-triazol-1-yl]pyrrolidine-2-carboxylic acid",侧链延长／增大 | 极性或带电基团,新增基团连接到母体的碳原子,1,3,56.73,-1.099,2,likely_increase,structure_rule,likely_decrease,structure_rule,uncertain,no_property_experiment,none,prediction_only,计算描述符只能提示方向，不能等同于实测溶解度、渗透性、稳定性或口服吸收。
PRO__XPR,PRO,脯氨酸,XPR,"(2S,3aS,6R,7aS)-6-(sulfooxy)octahydro-1H-indole-2-carboxylic acid",羟基化／氧化还原,新增基团连接到母体的碳原子,1,3,63.6,-0.033,2,likely_increase,structure_rule,likely_decrease,structure_rule,uncertain,no_property_experiment,none,prediction_only,只能提出构象设计方向，不能写成稳定性、渗透性或活性已经改善。
PRO__XRE,PRO,脯氨酸,XRE,5-hydroxyproline,羟基化／氧化还原,新增基团连接到母体的碳原子,1,1,20.23,-0.682,0,likely_increase,structure_rule,likely_decrease,structure_rule,uncertain,no_property_experiment,none,prediction_only,只能提出构象设计方向，不能写成稳定性、渗透性或活性已经改善。
PRO__YPR,PRO,脯氨酸,YPR,(4R)-4-[(7-methoxy-2-phenylquinolin-4-yl)oxy]-L-proline,羟基化／氧化还原,新增基团连接到母体的碳原子,0,3,31.35,3.281,4,uncertain,structure_rule,uncertain,structure_rule,uncertain,no_property_experiment,none,prediction_only,只能提出构象设计方向，不能写成稳定性、渗透性或活性已经改善。
PRO__ZI0,PRO,脯氨酸,ZI0,N-MALONYL-PROLINE,N-取代／酰化,新增基团连接到母体的氮原子,0,1,45.58,-0.286,2,likely_increase,structure_rule,likely_decrease,structure_rule,likely_increase,structure_rule,none,context_reference,当前记录没有本CCD的单点性质对照；同类论文只用于给出筛选方向。
PRO__ZYJ,PRO,脯氨酸,ZYJ,"(4R)-4-({[(1E)-(3,4-dimethoxyphenyl)methylidene]amino}oxy)-L-proline",羟基化／氧化还原,新增基团连接到母体的碳原子,0,4,40.05,1.046,5,uncertain,structure_rule,uncertain,structure_rule,uncertain,no_property_experiment,none,prediction_only,只能提出构象设计方向，不能写成稳定性、渗透性或活性已经改善。
PRO__ZYK,PRO,脯氨酸,ZYK,"(4R)-4-({[(3,4-dimethoxyphenyl)carbonyl]amino}oxy)-L-proline",羟基化／氧化还原,新增基团连接到母体的碳原子,1,4,56.79,0.357,5,uncertain,structure_rule,likely_decrease,structure_rule,uncertain,no_property_experiment,none,prediction_only,只能提出构象设计方向，不能写成稳定性、渗透性或活性已经改善。
PYL__XPL,PYL,吡咯赖氨酸,XPL,"N~6~-[(3R,5R)-5-amino-3-methyl-D-prolyl]-L-lysine",构象限制型成环,新增1个N；新增部分连接到母体原子4（C）；检测到1处键级变化,2,1,25.69,-1.196,0,likely_increase,structure_rule,likely_decrease,structure_rule,likely_increase,structure_rule,none,prediction_only,计算描述符只能提示方向，不能等同于实测溶解度、渗透性、稳定性或口服吸收。
SEC__30F,SEC,硒代半胱氨酸,30F,(2Z)-2-amino-3-selanylprop-2-enoic acid,构象限制型成环,检测到1处键级变化,0,0,0,0.055,-1,uncertain,structure_rule,uncertain,structure_rule,likely_increase,structure_rule,none,prediction_only,这是一条设计建议，不是性质结论；最终必须用同一肽骨架的母体/衍生物配对实验确认。
SEC__PSW,SEC,硒代半胱氨酸,PSW,3-(SULFANYLSELANYL)-L-ALANINE,构象限制型成环,新增1个S；新增部分连接到母体原子7（Se）,1,1,0,0.649,1,likely_decrease,structure_rule,uncertain,structure_rule,likely_increase,structure_rule,none,prediction_only,计算描述符只能提示方向，不能等同于实测溶解度、渗透性、稳定性或口服吸收。
SEC__SE7,SEC,硒代半胱氨酸,SE7,2-AMINO-3-SELENINO-PROPIONIC ACID,构象限制型成环,新增2个O；新增部分连接到母体原子7（Se）,1,1,37.3,-0.408,1,likely_increase,structure_rule,likely_decrease,structure_rule,likely_increase,structure_rule,none,prediction_only,计算描述符只能提示方向，不能等同于实测溶解度、渗透性、稳定性或口服吸收。
SEC__SYS,SEC,硒代半胱氨酸,SYS,3-[(2-amino-2-oxoethyl)selanyl]-L-alanine,构象限制型成环,新增2个C、1个N、1个O；新增部分连接到母体原子7（Se）,1,1,43.09,-0.293,3,likely_increase,structure_rule,likely_decrease,structure_rule,likely_increase,structure_rule,none,prediction_only,计算描述符只能提示方向，不能等同于实测溶解度、渗透性、稳定性或口服吸收。
SEC__UOX,SEC,硒代半胱氨酸,UOX,3-(oxido-lambda~4~-selanyl)-L-alanine,构象限制型成环,新增1个O；新增部分连接到母体原子7（Se）,0,1,17.07,0.149,1,uncertain,structure_rule,uncertain,structure_rule,likely_increase,structure_rule,none,prediction_only,计算描述符只能提示方向，不能等同于实测溶解度、渗透性、稳定性或口服吸收。
SER__0AH,SER,丝氨酸,0AH,O-(bromoacetyl)-L-serine,卤代,新增基团连接到母体的氧原子,-1,1,6.07,0.945,2,uncertain,structure_rule,uncertain,structure_rule,uncertain,no_property_experiment,none,prediction_only,计算描述符只能提示方向，不能等同于实测溶解度、渗透性、稳定性或口服吸收。
SER__1X6,SER,丝氨酸,1X6,O-[(2E)-3-AMINOPROP-2-ENOYL]-L-SERINE,羟基化／氧化还原,新增基团连接到母体的氧原子,0,2,32.09,0.023,2,likely_increase,structure_rule,likely_decrease,structure_rule,uncertain,no_property_experiment,none,prediction_only,计算描述符只能提示方向，不能等同于实测溶解度、渗透性、稳定性或口服吸收。
SER__2JG,SER,丝氨酸,2JG,(2S)-2-amino-3-oxopropyl hexanoate,复杂骨架重构,涉及多个原子和键的整体变化，不能可靠归为肽链上的一个替换原子,-2,1,-14.16,2.245,5,likely_decrease,structure_rule,likely_increase,structure_rule,uncertain,no_property_experiment,none,prediction_only,结构重构分类不等于性质改善；需要完整构件的合成、构象和性质实验。
SER__2RX,SER,丝氨酸,2RX,O-thiophosphono-L-serine,羟基化／氧化还原,新增基团连接到母体的氧原子,1,1,26.3,1.054,2,uncertain,structure_rule,uncertain,structure_rule,uncertain,no_property_experiment,activity_or_binding,property_specific_experiment,不是完全不可水解，也不能推广到所有pSer位点。
SER__2ZC,SER,丝氨酸,2ZC,O-{[4-(2-aminoethyl)phenyl]sulfonyl}-L-serine,羟基化／氧化还原,新增基团连接到母体的氧原子,0,3,49.16,0.914,5,uncertain,structure_rule,uncertain,structure_rule,uncertain,no_property_experiment,none,prediction_only,计算描述符只能提示方向，不能等同于实测溶解度、渗透性、稳定性或口服吸收。
SER__432,SER,丝氨酸,432,O-butanoyl-L-serine,羟基化／氧化还原,新增基团连接到母体的氧原子,-1,1,6.07,1.351,3,uncertain,structure_rule,uncertain,structure_rule,uncertain,no_property_experiment,none,prediction_only,计算描述符只能提示方向，不能等同于实测溶解度、渗透性、稳定性或口服吸收。
SER__4HH,SER,丝氨酸,4HH,4'-phosphopanthetheine-serine,羟基化／氧化还原,新增基团连接到母体的氧原子,4,6,113.96,0.08,12,likely_increase,structure_rule,likely_decrease,structure_rule,uncertain,no_property_experiment,none,prediction_only,计算描述符只能提示方向，不能等同于实测溶解度、渗透性、稳定性或口服吸收。
SER__4HJ,SER,丝氨酸,4HJ,"O-[(R)-hydroxy{[(3R)-3-hydroxy-4-{[3-({2-[(2-hydroxybenzoyl)sulfanyl]ethyl}amino)-3-oxopropyl]amino}-2,2-dimethyl-4-oxobutyl]oxy}phosphoryl]-L-serine",羟基化／氧化还原,新增基团连接到母体的氧原子,4,8,151.26,1.43,14,uncertain,structure_rule,uncertain,structure_rule,uncertain,no_property_experiment,none,prediction_only,计算描述符只能提示方向，不能等同于实测溶解度、渗透性、稳定性或口服吸收。
SER__4OV,SER,丝氨酸,4OV,"(2R)-2-[(1R)-2-[(2S)-2-amino-2-carboxyethoxy]-1-{[(2R)-2-amino-2-phenylacetyl]amino}-2-oxoethyl]-5-methyl-3,6-dihydro-2H-1,3-thiazine-4-carboxylic acid",羟基化／氧化还原,新增基团连接到母体的氧原子,3,6,110.52,0.756,7,uncertain,structure_rule,uncertain,structure_rule,uncertain,no_property_experiment,none,prediction_only,计算描述符只能提示方向，不能等同于实测溶解度、渗透性、稳定性或口服吸收。
SER__5JP,SER,丝氨酸,5JP,N-methyl-L-serine,N-取代／酰化,新增基团连接到母体的氮原子,0,0,-13.99,0.26,1,likely_decrease,structure_rule,likely_increase,same_scaffold_comparison,likely_increase,structure_rule,aqueous_solubility | passive_permeability | lipophilicity,property_specific_experiment,不是Ser与N-Me-Ser的单点母体对照。
SER__5R5,SER,丝氨酸,5R5,methyl L-serinate,羟基化／氧化还原,新增基团连接到母体的氧原子,-1,1,-11,0.088,0,uncertain,structure_rule,uncertain,structure_rule,uncertain,no_property_experiment,none,prediction_only,计算描述符只能提示方向，不能等同于实测溶解度、渗透性、稳定性或口服吸收。
SER__73C,SER,丝氨酸,73C,(2~{S})-2-azanyl-3-butoxy-propanoic acid,羟基化／氧化还原,新增基团连接到母体的氧原子,-1,0,-11,1.824,4,likely_decrease,structure_rule,likely_increase,structure_rule,uncertain,no_property_experiment,none,prediction_only,这是一条设计建议，不是性质结论；最终必须用同一肽骨架的母体/衍生物配对实验确认。
SER__8SP,SER,丝氨酸,8SP,"O-[(R)-{[(2R)-2,3-bis(octanoyloxy)propyl]oxy}(hydroxy)phosphoryl]-L-serine",羟基化／氧化还原,新增基团连接到母体的氧原子,0,6,88.13,5.317,20,uncertain,structure_rule,uncertain,structure_rule,uncertain,no_property_experiment,none,prediction_only,计算描述符只能提示方向，不能等同于实测溶解度、渗透性、稳定性或口服吸收。
SER__A1BC5,SER,丝氨酸,A1BC5,L-seryl-N-[(2S)-2-amino-2-carboxyethyl]glycinamide,构象限制型成环,天然氨基酸末端羧基改为酰胺；其他附加变化按官方CCD名称和结构图记录,3,3,84.22,-2.441,5,likely_increase,structure_rule,likely_decrease,structure_rule,likely_increase,structure_rule,none,prediction_only,计算描述符只能提示方向，不能等同于实测溶解度、渗透性、稳定性或口服吸收。
SER__A1BZO,SER,丝氨酸,A1BZO,O-octanoyl-L-serine,羟基化／氧化还原,新增基团连接到母体的氧原子,-1,1,6.07,2.911,7,uncertain,structure_rule,uncertain,structure_rule,uncertain,no_property_experiment,none,prediction_only,计算描述符只能提示方向，不能等同于实测溶解度、渗透性、稳定性或口服吸收。
SER__A1CZ7,SER,丝氨酸,A1CZ7,"N,O-dimethyl-L-serine",N-取代／酰化,新增基团连接到母体的氮原子、氧原子,-1,0,-24.99,0.914,2,likely_decrease,structure_rule,likely_increase,structure_rule,likely_increase,structure_rule,none,context_reference,当前记录没有本CCD的单点性质对照；同类论文只用于给出筛选方向。
SER__A1EIC,SER,丝氨酸,A1EIC,O-Methylcarbamoyl-L-Serine,羟基化／氧化还原,新增基团连接到母体的氧原子,0,1,18.1,0.363,1,uncertain,structure_rule,uncertain,structure_rule,uncertain,no_property_experiment,none,prediction_only,计算描述符只能提示方向，不能等同于实测溶解度、渗透性、稳定性或口服吸收。
SER__A1IKP,SER,丝氨酸,A1IKP,TRIPHOSPHOSERINE,羟基化／氧化还原,新增基团连接到母体的氧原子,3,5,139.59,0.351,6,uncertain,structure_rule,likely_decrease,structure_rule,uncertain,no_property_experiment,none,prediction_only,计算描述符只能提示方向，不能等同于实测溶解度、渗透性、稳定性或口服吸收。
SER__ALS,SER,丝氨酸,ALS,(3S)-3-(sulfooxy)-L-serine,羟基化／氧化还原,丝氨酸侧链的β碳（3位碳）,1,3,63.6,-0.855,2,likely_increase,structure_rule,likely_decrease,structure_rule,uncertain,no_property_experiment,none,prediction_only,计算描述符只能提示方向，不能等同于实测溶解度、渗透性、稳定性或口服吸收。
SER__AZS,SER,丝氨酸,AZS,O-DIAZOACETYL-L-SERINE,羟基化／氧化还原,新增基团连接到母体的氧原子,-1,1,42.47,-0.149,2,likely_increase,structure_rule,likely_decrease,structure_rule,uncertain,no_property_experiment,none,prediction_only,计算描述符只能提示方向，不能等同于实测溶解度、渗透性、稳定性或口服吸收。
SER__BG1,SER,丝氨酸,BG1,O-[(2S)-2-{methyl[(methylamino)sulfonyl]amino}pentanoyl]-L-serine,羟基化／氧化还原,新增基团连接到母体的氧原子,0,3,55.48,0.115,7,uncertain,structure_rule,likely_decrease,structure_rule,uncertain,no_property_experiment,none,prediction_only,计算描述符只能提示方向，不能等同于实测溶解度、渗透性、稳定性或口服吸收。
SER__BSE,SER,丝氨酸,BSE,BETA-3-SERINE,复杂骨架重构,涉及多个原子和键的整体变化，不能可靠归为肽链上的一个替换原子,0,0,0,0.247,1,uncertain,structure_rule,uncertain,structure_rule,uncertain,no_property_experiment,none,prediction_only,结构重构分类不等于性质改善；需要完整构件的合成、构象和性质实验。
SER__BXT,SER,丝氨酸,BXT,(2~{S})-2-azanyl-3-[ethyl(methyl)carbamoyl]oxy-propanoic acid,羟基化／氧化还原,新增基团连接到母体的氧原子,-1,1,9.31,1.096,2,uncertain,structure_rule,uncertain,structure_rule,uncertain,no_property_experiment,none,prediction_only,计算描述符只能提示方向，不能等同于实测溶解度、渗透性、稳定性或口服吸收。
SER__CWR,SER,丝氨酸,CWR,"(4-methyl-5-oxo-2,5-dihydro-1H-imidazol-1-yl)acetic acid",复杂骨架重构,涉及多个原子和键的整体变化，不能可靠归为肽链上的一个替换原子,-2,0,-13.58,0.941,0,likely_decrease,structure_rule,likely_increase,structure_rule,uncertain,no_property_experiment,none,prediction_only,结构重构分类不等于性质改善；需要完整构件的合成、构象和性质实验。
SER__DBS,SER,丝氨酸,DBS,"2-(2,3-DIHYDROXY-BENZOYLAMINO)-3-HYDROXY-PROPIONIC ACID",N-取代／酰化,新增基团连接到母体的氮原子,2,2,43.54,0.882,2,uncertain,structure_rule,uncertain,structure_rule,likely_increase,structure_rule,none,context_reference,当前记录没有本CCD的单点性质对照；同类论文只用于给出筛选方向。
SER__DHA,SER,丝氨酸,DHA,2-AMINO-ACRYLIC ACID,构象限制型成环,母体中少了1个O；检测到1处键级变化,-1,-1,-20.23,1.152,-1,likely_decrease,structure_rule,likely_increase,structure_rule,likely_increase,structure_rule,activity_or_binding,property_specific_experiment,稳定性与活性必须分开按具体骨架判断，没有通用渗透或口服结论。
SER__DISEP,SER,丝氨酸,DISEP,DIPHOSPHOSERINE,羟基化／氧化还原,新增基团连接到母体的氧原子,2,3,93.06,0.234,4,uncertain,structure_rule,likely_decrease,structure_rule,uncertain,no_property_experiment,none,context_reference,双残基结构域和完整抗菌肽结果，不能归为单点普遍改善。
SER__EW6,SER,丝氨酸,EW6,alpha-methyl-L-serine,其他官能团替换,新增基团连接到母体的碳原子,0,0,0,0.39,0,likely_decrease,structure_rule,uncertain,structure_rule,uncertain,no_property_experiment,none,prediction_only,这是一条设计建议，不是性质结论；最终必须用同一肽骨架的母体/衍生物配对实验确认。
SER__FGP,SER,丝氨酸,FGP,2-AMINO-3-HYDROXY-3-PHOSPHONOOXY-PROPIONIC ACID,羟基化／氧化还原,官方CCD化学名称“2-AMINO-3-HYDROXY-3-PHOSPHONOOXY-PROPIONIC ACID”确定了改造区域；结构叠合覆盖天然母体100%。新增4个O、1个P；新增部分连接到母体原子1（C）,2,2,66.76,-0.565,2,likely_increase,structure_rule,likely_decrease,structure_rule,uncertain,no_property_experiment,none,prediction_only,计算描述符只能提示方向，不能等同于实测溶解度、渗透性、稳定性或口服吸收。
SER__GFT,SER,丝氨酸,GFT,(2S)-2-azanyl-3-[cyclohexyloxy(methyl)phosphoryl]oxy-propanoic acid,羟基化／氧化还原,新增基团连接到母体的氧原子,-1,2,15.3,3.196,4,uncertain,structure_rule,uncertain,structure_rule,uncertain,no_property_experiment,none,prediction_only,计算描述符只能提示方向，不能等同于实测溶解度、渗透性、稳定性或口服吸收。
SER__GVL,SER,丝氨酸,GVL,"O-[(R)-{[(3R)-4-AMINO-3-HYDROXY-2,2-DIMETHYL-4-OXOBUTYL]OXY}(HYDROXY)PHOSPHORYL]-L-SERINE",羟基化／氧化还原,新增基团连接到母体的氧原子,2,4,98.85,0.013,7,likely_increase,structure_rule,likely_decrease,structure_rule,uncertain,no_property_experiment,none,prediction_only,计算描述符只能提示方向，不能等同于实测溶解度、渗透性、稳定性或口服吸收。
SER__HSE,SER,丝氨酸,HSE,L-HOMOSERINE,构象限制型成环,新增1个C、1个O；母体中少了1个O；新增部分连接到母体原子1（C）,0,0,0,0.39,1,likely_decrease,structure_rule,uncertain,structure_rule,likely_increase,structure_rule,none,prediction_only,这是一条设计建议，不是性质结论；最终必须用同一肽骨架的母体/衍生物配对实验确认。
SER__HSL,SER,丝氨酸,HSL,HOMOSERINE LACTONE,复杂骨架重构,涉及多个原子和键的整体变化，不能可靠归为肽链上的一个替换原子,-2,0,-31.23,0.87,-2,likely_decrease,structure_rule,likely_increase,structure_rule,uncertain,no_property_experiment,none,prediction_only,结构重构分类不等于性质改善；需要完整构件的合成、构象和性质实验。
SER__I7F,SER,丝氨酸,I7F,O-hydroxy-L-serine,羟基化／氧化还原,新增基团连接到母体的氧原子,0,1,9.23,0.497,1,uncertain,structure_rule,uncertain,structure_rule,uncertain,no_property_experiment,none,prediction_only,计算描述符只能提示方向，不能等同于实测溶解度、渗透性、稳定性或口服吸收。
SER__J8W,SER,丝氨酸,J8W,(2~{S})-2-azanyl-3-(3-oxidanyl-3-oxidanylidene-propanoyl)oxy-propanoic acid,羟基化／氧化还原,新增基团连接到母体的氧原子,0,2,43.37,0.025,3,likely_increase,structure_rule,likely_decrease,structure_rule,uncertain,no_property_experiment,none,prediction_only,计算描述符只能提示方向，不能等同于实测溶解度、渗透性、稳定性或口服吸收。
SER__K5L,SER,丝氨酸,K5L,(2~{R})-2-azanyl-3-(3-oxidanyl-3-oxidanylidene-propanoyl)oxy-propanoic acid,羟基化／氧化还原,新增基团连接到母体的氧原子,0,2,43.37,0.025,3,likely_increase,structure_rule,likely_decrease,structure_rule,uncertain,no_property_experiment,none,prediction_only,计算描述符只能提示方向，不能等同于实测溶解度、渗透性、稳定性或口服吸收。
SER__K7K,SER,丝氨酸,K7K,2-azanyl-3-[hexyl-[2-(3-oxidanylpyridin-2-yl)pyridin-3-yl]oxy-phosphoryl]oxy-propanal,羟基化／氧化还原,新增基团连接到母体的氧原子,0,5,61.31,5.039,10,uncertain,structure_rule,uncertain,structure_rule,uncertain,no_property_experiment,none,prediction_only,计算描述符只能提示方向，不能等同于实测溶解度、渗透性、稳定性或口服吸收。
SER__LPS,SER,丝氨酸,LPS,O-{HYDROXY[((2R)-2-HYDROXY-3-{[(1S)-1-HYDROXYPENTADECYL]OXY}PROPYL)OXY]PHOSPHORYL}-L-SERINE,羟基化／氧化还原,新增基团连接到母体的氧原子,2,5,85.22,4.928,21,uncertain,structure_rule,uncertain,structure_rule,uncertain,no_property_experiment,none,prediction_only,计算描述符只能提示方向，不能等同于实测溶解度、渗透性、稳定性或口服吸收。
SER__LT0,SER,丝氨酸,LT0,D-tryptophyl-L-serine,羟基化／氧化还原,新增11个C、2个N、1个O；新增部分连接到母体原子6（N）,2,1,44.89,1.208,4,uncertain,structure_rule,uncertain,structure_rule,uncertain,no_property_experiment,none,prediction_only,计算描述符只能提示方向，不能等同于实测溶解度、渗透性、稳定性或口服吸收。
SER__MH6,SER,丝氨酸,MH6,3-hydroxy-2-iminopropanoic acid,构象限制型成环,新增1个H；新增部分连接到母体原子6（N）；检测到1处键级变化,0,0,-2.17,0.692,0,likely_decrease,structure_rule,uncertain,structure_rule,likely_increase,structure_rule,none,prediction_only,这是一条设计建议，不是性质结论；最终必须用同一肽骨架的母体/衍生物配对实验确认。
SER__MIR,SER,丝氨酸,MIR,Monoethylphosphorylserine,羟基化／氧化还原,新增基团连接到母体的氧原子,0,2,35.53,1.161,4,uncertain,structure_rule,uncertain,structure_rule,uncertain,no_property_experiment,none,prediction_only,计算描述符只能提示方向，不能等同于实测溶解度、渗透性、稳定性或口服吸收。
SER__MIS,SER,丝氨酸,MIS,MONOISOPROPYLPHOSPHORYLSERINE,羟基化／氧化还原,新增基团连接到母体的氧原子,0,2,35.53,1.549,4,uncertain,structure_rule,uncertain,structure_rule,uncertain,no_property_experiment,none,prediction_only,计算描述符只能提示方向，不能等同于实测溶解度、渗透性、稳定性或口服吸收。
SER__MKF,SER,丝氨酸,MKF,(2~{S})-2-azanyl-3-(dimethylcarbamoyloxy)propanoic acid,羟基化／氧化还原,新增基团连接到母体的氧原子,-1,1,9.31,0.706,1,uncertain,structure_rule,uncertain,structure_rule,uncertain,no_property_experiment,none,prediction_only,计算描述符只能提示方向，不能等同于实测溶解度、渗透性、稳定性或口服吸收。
SER__N10,SER,丝氨酸,N10,O-[(HEXYLAMINO)CARBONYL]-L-SERINE,羟基化／氧化还原,新增基团连接到母体的氧原子,0,1,18.1,2.314,6,uncertain,structure_rule,uncertain,structure_rule,uncertain,no_property_experiment,none,prediction_only,计算描述符只能提示方向，不能等同于实测溶解度、渗透性、稳定性或口服吸收。
SER__NC1,SER,丝氨酸,NC1,NITROCEFIN ACYL-SERINE,羟基化／氧化还原,新增基团连接到母体的氧原子,0,12,176.44,0.201,11,uncertain,structure_rule,likely_decrease,structure_rule,uncertain,no_property_experiment,none,prediction_only,计算描述符只能提示方向，不能等同于实测溶解度、渗透性、稳定性或口服吸收。
SER__O2E,SER,丝氨酸,O2E,"(2~{S},3~{R})-2-[(2~{S},3~{R})-1-[(2~{R})-2-azanyl-3-oxidanylidene-propoxy]-3-oxidanyl-1-oxidanylidene-butan-2-yl]-4-[(3~{S},5~{S})-5-[(3-carboxyphenyl)carbamoyl]pyrrolidin-3-yl]sulfanyl-3-methyl-3,4-dihydro-2~{H}-pyrrole-5-carboxylic acid",构象限制型成环,新增22个C、3个N、7个O、1个S；母体中少了1个O；新增部分连接到母体原子7（O）；检测到1个立体中心方向变化,3,8,134.16,1.375,10,uncertain,structure_rule,uncertain,structure_rule,likely_increase,structure_rule,none,prediction_only,计算描述符只能提示方向，不能等同于实测溶解度、渗透性、稳定性或口服吸收。
SER__OAS,SER,丝氨酸,OAS,O-ACETYLSERINE,羟基化／氧化还原,新增基团连接到母体的氧原子,-1,1,6.07,0.57,1,uncertain,structure_rule,uncertain,structure_rule,uncertain,no_property_experiment,none,prediction_only,计算描述符只能提示方向，不能等同于实测溶解度、渗透性、稳定性或口服吸收。
SER__OLZ,SER,丝氨酸,OLZ,O-(2-aminoethyl)-L-serine,羟基化／氧化还原,新增基团连接到母体的氧原子,0,1,15.02,-0.017,3,likely_increase,structure_rule,uncertain,structure_rule,uncertain,no_property_experiment,none,prediction_only,计算描述符只能提示方向，不能等同于实测溶解度、渗透性、稳定性或口服吸收。
SER__OMH,SER,丝氨酸,OMH,O-[(S)-hydroxy(methoxy)phosphoryl]-L-serine,羟基化／氧化还原,新增基团连接到母体的氧原子,0,2,35.53,0.771,3,uncertain,structure_rule,uncertain,structure_rule,uncertain,no_property_experiment,none,prediction_only,计算描述符只能提示方向，不能等同于实测溶解度、渗透性、稳定性或口服吸收。
SER__OSE,SER,丝氨酸,OSE,O-SULFO-L-SERINE,羟基化／氧化还原,新增基团连接到母体的氧原子,0,2,43.37,-0.173,2,likely_increase,structure_rule,likely_decrease,structure_rule,uncertain,no_property_experiment,none,prediction_only,计算描述符只能提示方向，不能等同于实测溶解度、渗透性、稳定性或口服吸收。
SER__RVX,SER,丝氨酸,RVX,O-[methyl(2-methylpropoxy)phosphoryl]-L-serine,羟基化／氧化还原,新增基团连接到母体的氧原子,-1,2,15.3,2.519,5,uncertain,structure_rule,uncertain,structure_rule,uncertain,no_property_experiment,none,prediction_only,计算描述符只能提示方向，不能等同于实测溶解度、渗透性、稳定性或口服吸收。
SER__RZ4,SER,丝氨酸,RZ4,O-tert-butyl-L-serine,羟基化／氧化还原,新增基团连接到母体的氧原子,-1,0,-11,1.822,1,likely_decrease,structure_rule,likely_increase,structure_rule,uncertain,no_property_experiment,none,prediction_only,这是一条设计建议，不是性质结论；最终必须用同一肽骨架的母体/衍生物配对实验确认。
SER__S12,SER,丝氨酸,S12,O-[(S)-hydroxy{[(2S)-2-hydroxy-3-(octadec-9-enoyloxy)propyl]oxy}phosphoryl]-L-serine,羟基化／氧化还原,新增基团连接到母体的氧原子,1,5,82.06,6.083,22,uncertain,structure_rule,uncertain,structure_rule,uncertain,no_property_experiment,none,prediction_only,计算描述符只能提示方向，不能等同于实测溶解度、渗透性、稳定性或口服吸收。
SER__S1H,SER,丝氨酸,S1H,1-HEXADECANOSULFONYL-O-L-SERINE,羟基化／氧化还原,新增基团连接到母体的氧原子,-1,2,23.14,5.835,17,uncertain,structure_rule,uncertain,structure_rule,uncertain,no_property_experiment,none,prediction_only,计算描述符只能提示方向，不能等同于实测溶解度、渗透性、稳定性或口服吸收。
SER__SAC,SER,丝氨酸,SAC,N-ACETYL-SERINE,N-取代／酰化,新增基团连接到母体的氮原子,0,0,3.08,0.177,1,uncertain,structure_rule,uncertain,structure_rule,likely_increase,structure_rule,none,context_reference,当前记录没有本CCD的单点性质对照；同类论文只用于给出筛选方向。
SER__SBL,SER,丝氨酸,SBL,L-NAPHTHYL-1-ACETAMIDO BORONIC ACID ALANINE,羟基化／氧化还原,新增基团连接到母体的氧原子,2,3,58.56,1.387,6,uncertain,structure_rule,uncertain,structure_rule,uncertain,no_property_experiment,none,prediction_only,计算描述符只能提示方向，不能等同于实测溶解度、渗透性、稳定性或口服吸收。
SER__SDB,SER,丝氨酸,SDB,"(4S)-2-[(1S)-1-amino-2-hydroxyethyl]-3,4,5,6-tetrahydropyrimidine-4-carboxylic acid",复杂骨架重构,涉及多个原子和键的整体变化，不能可靠归为肽链上的一个替换原子,1,2,24.39,-0.24,1,likely_increase,structure_rule,likely_decrease,structure_rule,uncertain,no_property_experiment,none,prediction_only,结构重构分类不等于性质改善；需要完整构件的合成、构象和性质实验。
SER__SDP,SER,丝氨酸,SDP,2-AMINO-3-(DIETHOXY-PHOSPHORYLOXY)-PROPIONIC ACID,羟基化／氧化还原,新增基团连接到母体的氧原子,-1,3,24.53,2.205,6,uncertain,structure_rule,uncertain,structure_rule,uncertain,no_property_experiment,none,prediction_only,计算描述符只能提示方向，不能等同于实测溶解度、渗透性、稳定性或口服吸收。
SER__SEB,SER,丝氨酸,SEB,O-BENZYLSULFONYL-SERINE,羟基化／氧化还原,新增基团连接到母体的氧原子,-1,2,23.14,1.554,4,uncertain,structure_rule,uncertain,structure_rule,uncertain,no_property_experiment,none,prediction_only,计算描述符只能提示方向，不能等同于实测溶解度、渗透性、稳定性或口服吸收。
SER__SEE,SER,丝氨酸,SEE,trihydroxy(L-serinato-kappaO~3~)borate(1-),羟基化／氧化还原,新增基团连接到母体的氧原子,2,3,49.69,-1.564,2,likely_increase,structure_rule,likely_decrease,structure_rule,uncertain,no_property_experiment,none,prediction_only,计算描述符只能提示方向，不能等同于实测溶解度、渗透性、稳定性或口服吸收。
SER__SEL,SER,丝氨酸,SEL,"2-AMINO-1,3-PROPANEDIOL",复杂骨架重构,涉及多个原子和键的整体变化，不能可靠归为肽链上的一个替换原子,0,0,-17.07,-0.093,0,uncertain,structure_rule,uncertain,structure_rule,uncertain,no_property_experiment,none,prediction_only,结构重构分类不等于性质改善；需要完整构件的合成、构象和性质实验。
SER__SEM,SER,丝氨酸,SEM,O-benzyl-L-serine,羟基化／氧化还原,新增基团连接到母体的氧原子,-1,0,-11,2.224,3,likely_decrease,structure_rule,likely_increase,structure_rule,uncertain,no_property_experiment,none,prediction_only,这是一条设计建议，不是性质结论；最终必须用同一肽骨架的母体/衍生物配对实验确认。
SER__SEN,SER,丝氨酸,SEN,"O-[N,N-dimethylphosphoramidate]-L-serine",羟基化／氧化还原,新增基团连接到母体的氧原子,0,1,29.54,0.686,3,uncertain,structure_rule,uncertain,structure_rule,uncertain,no_property_experiment,none,prediction_only,计算描述符只能提示方向，不能等同于实测溶解度、渗透性、稳定性或口服吸收。
SER__SEP,SER,丝氨酸,SEP,PHOSPHOSERINE,羟基化／氧化还原,新增基团连接到母体的氧原子,1,1,46.53,0.117,2,uncertain,structure_rule,likely_decrease,structure_rule,decrease,specific_residue_comparison,proteolytic_stability | activity_or_binding,property_specific_experiment,构象和识别效果强烈依赖位置与结合对象，不能只凭磷酸化标签统一写成增强。
SER__SET,SER,丝氨酸,SET,AMINOSERINE,复杂骨架重构,涉及多个原子和键的整体变化，不能可靠归为肽链上的一个替换原子,0,0,5.79,-0.6,0,likely_increase,structure_rule,uncertain,structure_rule,uncertain,no_property_experiment,none,prediction_only,结构重构分类不等于性质改善；需要完整构件的合成、构象和性质实验。
SER__SGB,SER,丝氨酸,SGB,O-[(S)-METHYL(1-METHYLETHOXY)PHOSPHORYL]-L-SERINE,羟基化／氧化还原,新增基团连接到母体的氧原子,-1,2,15.3,2.272,4,uncertain,structure_rule,uncertain,structure_rule,uncertain,no_property_experiment,none,prediction_only,计算描述符只能提示方向，不能等同于实测溶解度、渗透性、稳定性或口服吸收。
SER__SRZ,SER,丝氨酸,SRZ,PROPOXY-L-SERINE,羟基化／氧化还原,新增基团连接到母体的氧原子,0,1,9.23,0.406,4,uncertain,structure_rule,uncertain,structure_rule,uncertain,no_property_experiment,none,prediction_only,计算描述符只能提示方向，不能等同于实测溶解度、渗透性、稳定性或口服吸收。
SER__SUN,SER,丝氨酸,SUN,O-[(R)-(DIMETHYLAMINO)(ETHOXY)PHOSPHORYL]-L-SERINE,羟基化／氧化还原,新增基团连接到母体的氧原子,-1,2,18.54,1.73,5,uncertain,structure_rule,uncertain,structure_rule,uncertain,no_property_experiment,none,prediction_only,计算描述符只能提示方向，不能等同于实测溶解度、渗透性、稳定性或口服吸收。
SER__SVA,SER,丝氨酸,SVA,SERINE VANADATE,羟基化／氧化还原,新增基团连接到母体的氧原子,-1,4,81.24,-4.27,2,likely_increase,structure_rule,likely_decrease,structure_rule,uncertain,no_property_experiment,none,prediction_only,计算描述符只能提示方向，不能等同于实测溶解度、渗透性、稳定性或口服吸收。
SER__SVV,SER,丝氨酸,SVV,O-[(S)-AMINO(HYDROXY)PHOSPHORYL]-L-SERINE,羟基化／氧化还原,新增基团连接到母体的氧原子,1,1,52.32,0.083,2,likely_increase,structure_rule,likely_decrease,structure_rule,uncertain,no_property_experiment,none,prediction_only,计算描述符只能提示方向，不能等同于实测溶解度、渗透性、稳定性或口服吸收。
SER__SVW,SER,丝氨酸,SVW,O-[(R)-AMINO(HYDROXY)PHOSPHORYL]-L-SERINE,羟基化／氧化还原,新增基团连接到母体的氧原子,1,1,52.32,0.083,2,likely_increase,structure_rule,likely_decrease,structure_rule,uncertain,no_property_experiment,none,prediction_only,计算描述符只能提示方向，不能等同于实测溶解度、渗透性、稳定性或口服吸收。
SER__SVX,SER,丝氨酸,SVX,O-[(R)-ETHOXY(METHYL)PHOSPHORYL]-L-SERINE,羟基化／氧化还原,新增基团连接到母体的氧原子,-1,2,15.3,1.883,4,uncertain,structure_rule,uncertain,structure_rule,uncertain,no_property_experiment,none,prediction_only,计算描述符只能提示方向，不能等同于实测溶解度、渗透性、稳定性或口服吸收。
SER__SVY,SER,丝氨酸,SVY,O-[BIS(1-METHYLETHOXY)PHOSPHORYL]-L-SERINE,羟基化／氧化还原,新增基团连接到母体的氧原子,-1,3,24.53,2.982,6,uncertain,structure_rule,uncertain,structure_rule,uncertain,no_property_experiment,none,prediction_only,计算描述符只能提示方向，不能等同于实测溶解度、渗透性、稳定性或口服吸收。
SER__SVZ,SER,丝氨酸,SVZ,O-[(S)-HYDROXY(ISOPROPYLAMINO)PHOSPHORYL]-L-SERINE,羟基化／氧化还原,新增基团连接到母体的氧原子,1,1,38.33,1.122,4,uncertain,structure_rule,uncertain,structure_rule,uncertain,no_property_experiment,none,prediction_only,计算描述符只能提示方向，不能等同于实测溶解度、渗透性、稳定性或口服吸收。
SER__SWW,SER,丝氨酸,SWW,(2~{S})-2-azanyl-3-(2-hydroxyethylsulfanyl)propanoic acid,构象限制型成环,新增2个C、1个O、1个S；母体中少了1个O；新增部分连接到母体原子1（C）；检测到1个立体中心方向变化,0,1,0,0.733,3,likely_decrease,structure_rule,uncertain,structure_rule,likely_increase,structure_rule,none,prediction_only,计算描述符只能提示方向，不能等同于实测溶解度、渗透性、稳定性或口服吸收。
SER__SXE,SER,丝氨酸,SXE,O-{(S)-ETHOXY[(1-METHYLETHYL)AMINO]PHOSPHORYL}-L-SERINE,羟基化／氧化还原,新增基团连接到母体的氧原子,0,2,27.33,2.167,6,uncertain,structure_rule,uncertain,structure_rule,uncertain,no_property_experiment,none,prediction_only,计算描述符只能提示方向，不能等同于实测溶解度、渗透性、稳定性或口服吸收。
SER__TIS,SER,丝氨酸,TIS,"O-(1,1-dihydroxyethyl)-L-serine",羟基化／氧化还原,新增基团连接到母体的氧原子,1,2,29.46,-0.318,2,likely_increase,structure_rule,likely_decrease,structure_rule,uncertain,no_property_experiment,none,prediction_only,计算描述符只能提示方向，不能等同于实测溶解度、渗透性、稳定性或口服吸收。
SER__UF0,SER,丝氨酸,UF0,"O-[(R)-hydroxy{[(3R)-3-hydroxy-4-{[3-({2-[(hydroxyacetyl)amino]ethyl}amino)-3-oxopropyl]amino}-2,2-dimethyl-4-oxobutyl]oxy}phosphoryl]-L-serine",羟基化／氧化还原,新增基团连接到母体的氧原子,5,7,163.29,-1.741,14,likely_increase,structure_rule,likely_decrease,structure_rule,uncertain,no_property_experiment,none,prediction_only,计算描述符只能提示方向，不能等同于实测溶解度、渗透性、稳定性或口服吸收。
THR__0E5,THR,苏氨酸,0E5,"(2S,3R)-2-azanyl-3-methyl-3-oxidanyl-pentanoic acid",侧链延长／增大,"官方CCD化学名称“(2S,3R)-2-azanyl-3-methyl-3-oxidanyl-pentanoic acid”确定了改造区域；结构叠合覆盖天然母体100%。新增2个C；新增部分连接到母体原子1（C）、母体原子2（C）",0,0,0,0.78,1,likely_decrease,structure_rule,uncertain,structure_rule,uncertain,no_property_experiment,none,context_reference,这是构象限制这一类改造的参考，不是当前CCD的直接实验。
THR__28X,THR,苏氨酸,28X,"O-[(R)-{[(3R)-3,4-dihydroxybutyl]oxy}(hydroxy)phosphoryl]-L-threonine",羟基化／氧化还原,新增基团连接到母体的氧原子,2,4,75.99,-0.115,7,likely_increase,structure_rule,likely_decrease,structure_rule,uncertain,no_property_experiment,none,prediction_only,计算描述符只能提示方向，不能等同于实测溶解度、渗透性、稳定性或口服吸收。
THR__2QZ,THR,苏氨酸,2QZ,"N,N-dimethyl-L-threonine",N-取代／酰化,新增基团连接到母体的氮原子,-1,0,-22.78,0.603,1,likely_decrease,structure_rule,likely_increase,structure_rule,likely_increase,structure_rule,none,context_reference,论文支持的是同一种改造思路，不是这个CCD残基在当前肽中的单点对照。它只能用于决定先试哪些位置，不能写成该残基已经确定改善性质。
THR__6BR,THR,苏氨酸,6BR,threoninevanadate,羟基化／氧化还原,新增基团连接到母体的氧原子,-1,4,75.25,-3.2,2,likely_increase,structure_rule,likely_decrease,structure_rule,uncertain,no_property_experiment,none,prediction_only,计算描述符只能提示方向，不能等同于实测溶解度、渗透性、稳定性或口服吸收。
THR__A1CHT,THR,苏氨酸,A1CHT,(4S)-4-hydroxy-4-(4-hydroxyphenyl)-L-threonine,羟基化／氧化还原,新增基团连接到母体的碳原子,2,2,40.46,0.419,2,uncertain,structure_rule,likely_decrease,structure_rule,uncertain,no_property_experiment,none,prediction_only,计算描述符只能提示方向，不能等同于实测溶解度、渗透性、稳定性或口服吸收。
THR__AEI,THR,苏氨酸,AEI,THREONINE-ASPARTIC ESTER,羟基化／氧化还原,新增基团连接到母体的氧原子,1,3,69.39,-0.647,4,likely_increase,structure_rule,likely_decrease,structure_rule,uncertain,no_property_experiment,none,prediction_only,计算描述符只能提示方向，不能等同于实测溶解度、渗透性、稳定性或口服吸收。
THR__ALO,THR,苏氨酸,ALO,ALLO-THREONINE,其他官能团替换,母体与衍生物的对应原子；具体连接位置仍以CCD二维结构图为准,0,0,0,0,0,uncertain,structure_rule,uncertain,structure_rule,uncertain,no_property_experiment,conformational_behavior | activity_or_binding,property_specific_experiment,这是明确负向证据；不能写成因构象限制而改善稳定性或活性。
THR__BMT,THR,苏氨酸,BMT,"4-METHYL-4-[(E)-2-BUTENYL]-4,N-METHYL-THREONINE",N-取代／酰化,新增基团连接到母体的碳原子、氮原子,0,0,-13.99,1.843,4,likely_decrease,structure_rule,increase,complete_peptide_context,likely_increase,structure_rule,none,context_reference,没有Thr→BMT单点临床对照，口服性属于整个环孢素。
THR__CTH,THR,苏氨酸,CTH,4-CHLOROTHREONINE,卤代,新增基团连接到母体的碳原子,0,0,0,0.219,1,uncertain,structure_rule,uncertain,structure_rule,uncertain,no_property_experiment,none,prediction_only,这是一条设计建议，不是性质结论；最终必须用同一肽骨架的母体/衍生物配对实验确认。
THR__DBU,THR,苏氨酸,DBU,(2Z)-2-AMINOBUT-2-ENOIC ACID,构象限制型成环,母体中少了1个O；检测到1处键级变化,-1,-1,-20.23,1.155,-1,likely_decrease,structure_rule,likely_increase,structure_rule,likely_increase,structure_rule,activity_or_binding,property_specific_experiment,只证明特定天然产物骨架中的功能贡献，不能推广到任意肽。
THR__EUP,THR,苏氨酸,EUP,4-amino-L-allothreonine,极性或带电基团,新增基团连接到母体的碳原子,1,1,26.02,-1.061,1,likely_increase,structure_rule,likely_decrease,structure_rule,uncertain,no_property_experiment,none,prediction_only,计算描述符只能提示方向，不能等同于实测溶解度、渗透性、稳定性或口服吸收。
THR__NZC,THR,苏氨酸,NZC,N-methylidene-L-threonine,N-取代／酰化,新增基团连接到母体的氮原子,0,0,-13.99,0.261,1,likely_decrease,structure_rule,likely_increase,structure_rule,likely_increase,structure_rule,none,context_reference,当前记录没有本CCD的单点性质对照；同类论文只用于给出筛选方向。
THR__O7A,THR,苏氨酸,O7A,N-methyl-L-allothreonine,N-取代／酰化,新增基团连接到母体的氮原子,0,0,-13.99,0.261,1,likely_decrease,structure_rule,likely_increase,structure_rule,likely_increase,structure_rule,none,context_reference,当前记录没有本CCD的单点性质对照；同类论文只用于给出筛选方向。
THR__OLT,THR,苏氨酸,OLT,O-METHYL-L-THREONINE,羟基化／氧化还原,新增基团连接到母体的氧原子,-1,0,-11,0.654,1,likely_decrease,structure_rule,likely_increase,structure_rule,uncertain,no_property_experiment,none,context_reference,不能据此推断复杂肽的稳定性、渗透性或口服吸收。
THR__OTH,THR,苏氨酸,OTH,"N,O-dimethyl-L-threonine",N-取代／酰化,新增基团连接到母体的氮原子、氧原子,-1,0,-24.99,0.915,2,likely_decrease,structure_rule,likely_increase,structure_rule,likely_increase,structure_rule,none,context_reference,当前记录没有本CCD的单点性质对照；同类论文只用于给出筛选方向。
THR__QNY,THR,苏氨酸,QNY,"O-[(3S)-3-amino-3-carboxy-1,1-dihydroxypropyl]-L-threonine",羟基化／氧化还原,新增基团连接到母体的氧原子,3,4,92.78,-1.535,5,likely_increase,structure_rule,likely_decrease,structure_rule,uncertain,no_property_experiment,none,prediction_only,计算描述符只能提示方向，不能等同于实测溶解度、渗透性、稳定性或口服吸收。
THR__T8L,THR,苏氨酸,T8L,Thio-phosohothreonine,羟基化／氧化还原,新增基团连接到母体的氧原子,1,1,26.3,1.055,2,uncertain,structure_rule,uncertain,structure_rule,uncertain,no_property_experiment,none,prediction_only,计算描述符只能提示方向，不能等同于实测溶解度、渗透性、稳定性或口服吸收。
THR__T9E,THR,苏氨酸,T9E,Selenothreonine,构象限制型成环,新增1个Se；母体中少了1个O；新增部分连接到母体原子2（C）,-1,-1,-20.23,0.328,0,likely_decrease,structure_rule,likely_increase,structure_rule,likely_increase,structure_rule,none,prediction_only,这是一条设计建议，不是性质结论；最终必须用同一肽骨架的母体/衍生物配对实验确认。
THR__TH5,THR,苏氨酸,TH5,O-acetyl-L-threonine,羟基化／氧化还原,新增基团连接到母体的氧原子,-1,1,6.07,0.571,1,uncertain,structure_rule,uncertain,structure_rule,uncertain,no_property_experiment,none,prediction_only,计算描述符只能提示方向，不能等同于实测溶解度、渗透性、稳定性或口服吸收。
THR__TH6,THR,苏氨酸,TH6,4-HYDROXY-L-THREONINE,羟基化／氧化还原,新增基团连接到母体的碳原子,1,1,20.23,-1.027,1,likely_increase,structure_rule,likely_decrease,structure_rule,uncertain,no_property_experiment,none,prediction_only,计算描述符只能提示方向，不能等同于实测溶解度、渗透性、稳定性或口服吸收。
THR__THC,THR,苏氨酸,THC,N-METHYLCARBONYLTHREONINE,N-取代／酰化,新增基团连接到母体的氮原子,0,0,3.08,0.178,1,uncertain,structure_rule,uncertain,structure_rule,likely_increase,structure_rule,none,context_reference,当前记录没有本CCD的单点性质对照；同类论文只用于给出筛选方向。
THR__TMD,THR,苏氨酸,TMD,"(6,7-DIHYDRO)4-[(E)-BUTENYL]-4,N-DIMETHYL-THREONINE",N-取代／酰化,新增基团连接到母体的碳原子、氮原子,0,0,-13.99,2.067,5,likely_decrease,structure_rule,likely_increase,structure_rule,likely_increase,structure_rule,none,context_reference,当前记录没有本CCD的单点性质对照；同类论文只用于给出筛选方向。
THR__TPO,THR,苏氨酸,TPO,PHOSPHOTHREONINE,羟基化／氧化还原,新增基团连接到母体的氧原子,1,1,46.53,0.117,2,uncertain,structure_rule,likely_decrease,structure_rule,uncertain,no_property_experiment,conformational_behavior,property_specific_experiment,只能确认构象限制增强；其他药代性质仍需同骨架实验。
THR__YTH,THR,苏氨酸,YTH,O-phosphono-L-allothreonine,羟基化／氧化还原,新增基团连接到母体的氧原子,1,1,46.53,0.117,2,uncertain,structure_rule,likely_decrease,structure_rule,uncertain,no_property_experiment,none,prediction_only,计算描述符只能提示方向，不能等同于实测溶解度、渗透性、稳定性或口服吸收。
THR__Z3E,THR,苏氨酸,Z3E,O-benzyl-L-threonine,羟基化／氧化还原,新增基团连接到母体的氧原子,-1,0,-11,2.225,3,likely_decrease,structure_rule,likely_increase,structure_rule,uncertain,no_property_experiment,none,prediction_only,这是一条设计建议，不是性质结论；最终必须用同一肽骨架的母体/衍生物配对实验确认。
THR__ZU0,THR,苏氨酸,ZU0,O-tert-butyl-L-threonine,羟基化／氧化还原,新增基团连接到母体的氧原子,-1,0,-11,1.823,1,likely_decrease,structure_rule,likely_increase,structure_rule,uncertain,no_property_experiment,none,prediction_only,这是一条设计建议，不是性质结论；最终必须用同一肽骨架的母体/衍生物配对实验确认。
TRP__0AF,TRP,色氨酸,0AF,7-hydroxy-L-tryptophan,羟基化／氧化还原,新增基团连接到母体的碳原子,1,1,20.23,-0.294,0,likely_increase,structure_rule,likely_decrease,structure_rule,uncertain,no_property_experiment,none,prediction_only,计算描述符只能提示方向，不能等同于实测溶解度、渗透性、稳定性或口服吸收。
TRP__0UO,TRP,色氨酸,0UO,4-methoxy-L-tryptophan,羟基化／氧化还原,新增基团连接到母体的碳原子,0,1,9.23,0.009,1,uncertain,structure_rule,uncertain,structure_rule,uncertain,no_property_experiment,none,prediction_only,计算描述符只能提示方向，不能等同于实测溶解度、渗透性、稳定性或口服吸收。
TRP__1TQ,TRP,色氨酸,1TQ,6-(FORMYLAMINO)-7-HYDROXY-L-TRYPTOPHAN,羟基化／氧化还原,新增基团连接到母体的碳原子,2,2,49.33,-0.726,2,likely_increase,structure_rule,likely_decrease,structure_rule,uncertain,no_property_experiment,none,prediction_only,计算描述符只能提示方向，不能等同于实测溶解度、渗透性、稳定性或口服吸收。
TRP__32S,TRP,色氨酸,32S,6-Seleno-tryptophan,构象限制型成环,新增1个Se；母体中少了2个C；新增部分连接到母体原子2（C）、母体原子5（C）,0,0,0,-0.943,0,likely_increase,structure_rule,uncertain,structure_rule,likely_increase,structure_rule,none,prediction_only,这是一条设计建议，不是性质结论；最终必须用同一肽骨架的母体/衍生物配对实验确认。
TRP__32T,TRP,色氨酸,32T,"(S)-2-AMINO-3-(4H-THIENO[3,2-B]-PYRROL-6-YL)-PROPIONIC ACID",构象限制型成环,新增1个S；母体中少了2个C；新增部分连接到母体原子2（C）、母体原子5（C）,0,1,0,0.062,0,uncertain,structure_rule,uncertain,structure_rule,likely_increase,structure_rule,none,prediction_only,计算描述符只能提示方向，不能等同于实测溶解度、渗透性、稳定性或口服吸收。
TRP__4AW,TRP,色氨酸,4AW,4-AZATRYPTOPHAN,构象限制型成环,新增1个N；母体中少了1个C；新增部分连接到母体原子1（C）、母体原子5（C）,0,1,12.89,-0.605,0,likely_increase,structure_rule,uncertain,structure_rule,likely_increase,structure_rule,conformational_behavior,property_specific_experiment,这是负向折叠结果，不代表所有蛋白都会不溶。
TRP__4DP,TRP,色氨酸,4DP,"3-[5-(DIMETHYLAMINO)-1,3-DIOXO-1,3-DIHYDRO-2H-ISOINDOL-2-YL]-L-ALANINE",构象限制型成环,新增5个C、2个N、4个O；母体中少了3个C、1个N、2个O；新增部分连接到母体原子1（C）、母体原子4（C）、母体原子8（C）、母体原子9（N）；检测到4处键级变化,-1,3,24.83,-1.361,1,likely_increase,structure_rule,likely_decrease,structure_rule,likely_increase,structure_rule,none,prediction_only,计算描述符只能提示方向，不能等同于实测溶解度、渗透性、稳定性或口服吸收。
TRP__4FW,TRP,色氨酸,4FW,4-FLUOROTRYPTOPHANE,卤代,新增基团连接到母体的碳原子,0,0,0,0.139,0,uncertain,structure_rule,uncertain,structure_rule,uncertain,no_property_experiment,none,context_reference,论文支持的是同一种改造思路，不是这个CCD残基在当前肽中的单点对照。它只能用于决定先试哪些位置，不能写成该残基已经确定改善性质。
TRP__4HT,TRP,色氨酸,4HT,4-HYDROXYTRYPTOPHAN,羟基化／氧化还原,新增基团连接到母体的碳原子,1,1,20.23,-0.294,0,likely_increase,structure_rule,likely_decrease,structure_rule,uncertain,no_property_experiment,none,prediction_only,计算描述符只能提示方向，不能等同于实测溶解度、渗透性、稳定性或口服吸收。
TRP__4IN,TRP,色氨酸,4IN,4-AMINO-L-TRYPTOPHAN,极性或带电基团,新增基团连接到母体的碳原子,1,1,26.02,-0.418,0,likely_increase,structure_rule,likely_decrease,structure_rule,uncertain,no_property_experiment,none,prediction_only,计算描述符只能提示方向，不能等同于实测溶解度、渗透性、稳定性或口服吸收。
TRP__4OG,TRP,色氨酸,4OG,3-(1-benzothiophen-3-yl)-L-alanine,构象限制型成环,新增1个S；母体中少了1个N；新增部分连接到母体原子4（C）、母体原子8（C）,-1,1,-15.79,0.734,0,likely_decrease,structure_rule,likely_increase,structure_rule,likely_increase,structure_rule,none,prediction_only,计算描述符只能提示方向，不能等同于实测溶解度、渗透性、稳定性或口服吸收。
TRP__4PQ,TRP,色氨酸,4PQ,5-hydroxy-L-tryptophan,羟基化／氧化还原,新增基团连接到母体的碳原子,1,1,20.23,-0.294,0,likely_increase,structure_rule,likely_decrease,structure_rule,uncertain,no_property_experiment,activity_or_binding,property_specific_experiment,结论只适用于apoA-I Trp72，且不同功能指标方向并不一致。
TRP__54C,TRP,色氨酸,54C,(betaR)-beta-hydroxy-1-{2-[(2R)-oxiran-2-yl]propan-2-yl}-L-tryptophan,立体化学改变 | 羟基化／氧化还原 | 侧链延长／增大 | 极性或带电基团 | 构象限制型成环,新增5个C、2个O；新增部分连接到母体原子10（C）、母体原子9（N）,0,2,21.9,0.098,2,likely_increase,structure_rule,likely_decrease,structure_rule,uncertain,no_property_experiment,none,prediction_only,计算描述符只能提示方向，不能等同于实测溶解度、渗透性、稳定性或口服吸收。
TRP__5CW,TRP,色氨酸,5CW,5-chloro-L-tryptophan,卤代,新增基团连接到母体的碳原子,0,0,0,0.654,0,likely_decrease,structure_rule,uncertain,structure_rule,uncertain,no_property_experiment,none,context_reference,论文支持芳香卤代这一类策略，不直接证明当前CCD一定改善目标性质。
TRP__6CW,TRP,色氨酸,6CW,6-CHLORO-L-TRYPTOPHAN,卤代,新增基团连接到母体的碳原子,0,0,0,0.654,0,likely_decrease,structure_rule,uncertain,structure_rule,uncertain,no_property_experiment,none,context_reference,论文支持芳香卤代这一类策略，不直接证明当前CCD一定改善目标性质。
TRP__A1A2Y,TRP,色氨酸,A1A2Y,5-methoxy-L-tryptophan,羟基化／氧化还原,新增基团连接到母体的碳原子,0,1,9.23,0.009,1,uncertain,structure_rule,uncertain,structure_rule,uncertain,no_property_experiment,none,context_reference,没有与Trp等摩尔对照，也没有肽内替换实验。
TRP__A1A5S,TRP,色氨酸,A1A5S,1-[(3S)-4-chloro-3-hydroxy-2-methylbutan-2-yl]-L-tryptophan,立体化学改变 | 卤代 | 羟基化／氧化还原 | 侧链延长／增大 | 极性或带电基团 | 构象限制型成环,新增5个C、1个Cl、1个O；新增部分连接到母体原子9（N）,0,1,9.37,0.808,3,uncertain,structure_rule,uncertain,structure_rule,uncertain,no_property_experiment,none,context_reference,计算描述符只能提示方向，不能等同于实测溶解度、渗透性、稳定性或口服吸收。
TRP__A1AL8,TRP,色氨酸,A1AL8,1-(2-methylbut-3-en-2-yl)-L-tryptophan,立体化学改变 | 侧链延长／增大 | 极性或带电基团 | 构象限制型成环,新增5个C；新增部分连接到母体原子9（N）,-1,0,-10.86,1.395,2,likely_decrease,structure_rule,likely_increase,structure_rule,uncertain,no_property_experiment,none,prediction_only,计算描述符只能提示方向，不能等同于实测溶解度、渗透性、稳定性或口服吸收。
TRP__A1AWS,TRP,色氨酸,A1AWS,4-cyano-L-tryptophan,极性或带电基团,新增基团连接到母体的碳原子,0,1,23.79,-0.128,0,likely_increase,structure_rule,likely_decrease,structure_rule,uncertain,no_property_experiment,none,context_reference,证据属于完整肽、天然产物、临床骨架或专利实例；只能说明该残基与该骨架相容，不能把整分子的性质归因于一个残基。
TRP__A1B9V,TRP,色氨酸,A1B9V,"3-[(1S,3S)-1-oxo-2,3-dihydro-1H-1lambda~4~-benzothiophen-3-yl]-L-alanine",构象限制型成环,新增1个O、1个S；母体中少了1个N；新增部分连接到母体原子4（C）、母体原子8（C）；检测到2处键级变化,-1,1,1.28,-0.429,0,likely_increase,structure_rule,uncertain,structure_rule,likely_increase,structure_rule,none,prediction_only,计算描述符只能提示方向，不能等同于实测溶解度、渗透性、稳定性或口服吸收。
TRP__A1CLH,TRP,色氨酸,A1CLH,1-benzyl-D-tryptophan,立体化学改变 | 侧链延长／增大 | 极性或带电基团 | 构象限制型成环,新增7个C；新增部分连接到母体原子9（N）；检测到1个立体中心方向变化,-1,0,-10.86,1.522,2,likely_decrease,structure_rule,likely_increase,structure_rule,uncertain,no_property_experiment,none,prediction_only,计算描述符只能提示方向，不能等同于实测溶解度、渗透性、稳定性或口服吸收。
TRP__A1D7R,TRP,色氨酸,A1D7R,(2~{S})-2-azanyl-3-[6-(3-methylbut-2-enyl)-1~{H}-indol-3-yl]propanoic acid,侧链延长／增大,新增基团连接到母体的碳原子,0,0,0,1.509,2,likely_decrease,structure_rule,uncertain,structure_rule,uncertain,no_property_experiment,none,prediction_only,这是一条设计建议，不是性质结论；最终必须用同一肽骨架的母体/衍生物配对实验确认。
TRP__A1H2I,TRP,色氨酸,A1H2I,"(2~{S})-2-azanyl-3-[(3~{S})-5-oxidanyl-2-oxidanylidene-1,3-dihydroindol-3-yl]propanoic acid",构象限制型成环,新增2个O；新增部分连接到母体原子1（C）、母体原子8（C）；检测到4处键级变化,1,2,33.54,-0.892,0,likely_increase,structure_rule,likely_decrease,structure_rule,likely_increase,structure_rule,none,prediction_only,计算描述符只能提示方向，不能等同于实测溶解度、渗透性、稳定性或口服吸收。
TRP__A1H45,TRP,色氨酸,A1H45,"(2~{S})-2-azanyl-3-[(3~{R})-5-oxidanyl-2-oxidanylidene-1,3-dihydroindol-3-yl]propanoic acid",构象限制型成环,新增2个O；新增部分连接到母体原子1（C）、母体原子8（C）；检测到4处键级变化,1,2,33.54,-0.892,0,likely_increase,structure_rule,likely_decrease,structure_rule,likely_increase,structure_rule,none,prediction_only,计算描述符只能提示方向，不能等同于实测溶解度、渗透性、稳定性或口服吸收。
TRP__A1L7E,TRP,色氨酸,A1L7E,(2~{S})-2-azanyl-3-(7-iodanyl-1~{H}-indol-3-yl)propanoic acid,卤代,新增基团连接到母体的碳原子,0,0,0,0.605,0,likely_decrease,structure_rule,uncertain,structure_rule,uncertain,no_property_experiment,none,context_reference,论文支持芳香卤代这一类策略，不直接证明当前CCD一定改善目标性质。
TRP__BTR,TRP,色氨酸,BTR,6-BROMO-TRYPTOPHAN,卤代,新增基团连接到母体的碳原子,0,0,0,0.763,0,likely_decrease,structure_rule,uncertain,structure_rule,uncertain,no_property_experiment,none,context_reference,论文支持芳香卤代这一类策略，不直接证明当前CCD一定改善目标性质。
TRP__CTE,TRP,色氨酸,CTE,7-CHLOROTRYPTOPHAN,卤代,新增基团连接到母体的碳原子,0,0,0,0.654,0,likely_decrease,structure_rule,uncertain,structure_rule,uncertain,no_property_experiment,none,context_reference,论文支持芳香卤代这一类策略，不直接证明当前CCD一定改善目标性质。
TRP__E9M,TRP,色氨酸,E9M,N-methyl-L-tryptophan,N-取代／酰化,新增基团连接到母体的氮原子,0,0,-13.99,0.261,1,likely_decrease,structure_rule,likely_increase,structure_rule,likely_increase,structure_rule,none,context_reference,当前记录没有本CCD的单点性质对照；同类论文只用于给出筛选方向。
TRP__EXL,TRP,色氨酸,EXL,1-Methyl-L-tryptophan,立体化学改变 | 极性或带电基团 | 构象限制型成环,新增1个C；新增部分连接到母体原子9（N）,-1,0,-10.86,0.011,0,uncertain,structure_rule,likely_increase,structure_rule,uncertain,no_property_experiment,none,prediction_only,计算描述符只能提示方向，不能等同于实测溶解度、渗透性、稳定性或口服吸收。
TRP__F7W,TRP,色氨酸,F7W,7-Fluorotryptophan,卤代,新增基团连接到母体的碳原子,0,0,0,0.139,0,uncertain,structure_rule,uncertain,structure_rule,uncertain,no_property_experiment,none,context_reference,论文支持芳香卤代这一类策略，不直接证明当前CCD一定改善目标性质。
TRP__FT6,TRP,色氨酸,FT6,6-FLUORO-L-TRYPTOPHAN,卤代,新增基团连接到母体的碳原子,0,0,0,0.139,0,uncertain,structure_rule,uncertain,structure_rule,uncertain,no_property_experiment,none,context_reference,论文支持芳香卤代这一类策略，不直接证明当前CCD一定改善目标性质。
TRP__FTR,TRP,色氨酸,FTR,FLUOROTRYPTOPHANE,卤代,新增基团连接到母体的碳原子,0,0,0,0.139,0,uncertain,structure_rule,change_expected,complete_peptide_context,uncertain,no_property_experiment,none,context_reference,证据属于完整肽、天然产物、临床骨架或专利实例；只能说明该残基与该骨架相容，不能把整分子的性质归因于一个残基。
TRP__HRP,TRP,色氨酸,HRP,5-HYDROXY-L-TRYPTOPHAN,羟基化／氧化还原,新增基团连接到母体的碳原子,1,1,20.23,-0.294,0,likely_increase,structure_rule,likely_decrease,structure_rule,uncertain,no_property_experiment,activity_or_binding,property_specific_experiment,这是与4PQ等价化学结构的重复CCD映射，不代表所有Trp位点。
TRP__HT7,TRP,色氨酸,HT7,(3S)-3-AMINO-4-(1H-INDOL-3-YL)BUTANOIC ACID,复杂骨架重构,涉及多个原子和键的整体变化，不能可靠归为肽链上的一个替换原子,0,0,0,0.39,1,likely_decrease,structure_rule,uncertain,structure_rule,uncertain,no_property_experiment,none,prediction_only,结构重构分类不等于性质改善；需要完整构件的合成、构象和性质实验。
TRP__HTR,TRP,色氨酸,HTR,BETA-HYDROXYTRYPTOPHANE,羟基化／氧化还原,新增基团连接到母体的碳原子,1,1,20.23,-0.509,0,likely_increase,structure_rule,likely_decrease,structure_rule,uncertain,no_property_experiment,none,prediction_only,计算描述符只能提示方向，不能等同于实测溶解度、渗透性、稳定性或口服吸收。
TRP__I3D,TRP,色氨酸,I3D,"5,6-difluoro-tryptophan",卤代,新增基团连接到母体的碳原子,0,0,0,0.278,0,uncertain,structure_rule,uncertain,structure_rule,uncertain,no_property_experiment,none,context_reference,论文支持芳香卤代这一类策略，不直接证明当前CCD一定改善目标性质。
TRP__KYN,TRP,色氨酸,KYN,(2S)-2-amino-4-(2-aminophenyl)-4-oxobutanoic acid,复杂骨架重构,涉及多个原子和键的整体变化，不能可靠归为肽链上的一个替换原子,0,2,27.3,-0.868,1,likely_increase,structure_rule,likely_decrease,structure_rule,uncertain,no_property_experiment,activity_or_binding,property_specific_experiment,这是特定抗菌环脂肽活性，不是通用药代性质。
TRP__LTU,TRP,色氨酸,LTU,2-Amino-3-hydroxy-3-[1-[2-(oxiran-2-yl)propan-2-yl]indol-3-yl]propanoic acid,立体化学改变 | 羟基化／氧化还原 | 侧链延长／增大 | 极性或带电基团 | 构象限制型成环,新增5个C、2个O；新增部分连接到母体原子10（C）、母体原子9（N）,0,2,21.9,0.098,2,likely_increase,structure_rule,likely_decrease,structure_rule,uncertain,no_property_experiment,none,prediction_only,计算描述符只能提示方向，不能等同于实测溶解度、渗透性、稳定性或口服吸收。
TRP__O7D,TRP,色氨酸,O7D,4-methoxy-N-methyl-L-tryptophan,N-取代／酰化,新增基团连接到母体的氮原子、碳原子,0,1,-4.76,0.27,2,uncertain,structure_rule,uncertain,structure_rule,likely_increase,structure_rule,none,context_reference,当前记录没有本CCD的单点性质对照；同类论文只用于给出筛选方向。
TRP__PAT,TRP,色氨酸,PAT,ALPHA-PHOSPHONO-TRYPTOPHAN,羟基化／氧化还原,新增基团连接到母体的碳原子,2,1,57.53,-0.494,1,likely_increase,structure_rule,likely_decrease,structure_rule,uncertain,no_property_experiment,none,prediction_only,计算描述符只能提示方向，不能等同于实测溶解度、渗透性、稳定性或口服吸收。
TRP__Q2E,TRP,色氨酸,Q2E,(2~{S})-2-azanyl-3-(2-methylsulfanyl-1~{H}-indol-3-yl)propanal,极性或带电基团,新增基团连接到母体的碳原子,0,1,0,0.722,1,likely_decrease,structure_rule,uncertain,structure_rule,uncertain,no_property_experiment,none,prediction_only,计算描述符只能提示方向，不能等同于实测溶解度、渗透性、稳定性或口服吸收。
TRP__R4K,TRP,色氨酸,R4K,"(2S,3R)-2-azanyl-3-hydroxy-3-[(3S)-3-hydroxy-2-oxo-1H-indol-3-yl]propanoic acid",构象限制型成环,新增3个O；新增部分连接到母体原子10（C）、母体原子7（C）、母体原子8（C）；检测到4处键级变化,2,3,53.77,-2.523,0,likely_increase,structure_rule,likely_decrease,structure_rule,likely_increase,structure_rule,none,prediction_only,计算描述符只能提示方向，不能等同于实测溶解度、渗透性、稳定性或口服吸收。
TRP__RE0,TRP,色氨酸,RE0,"3-[(3R)-3-hydroxy-2-oxo-2,3-dihydro-1H-indol-3-yl]-L-alanine",构象限制型成环,新增2个O；新增部分连接到母体原子7（C）、母体原子8（C）；检测到4处键级变化,1,2,33.54,-1.494,0,likely_increase,structure_rule,likely_decrease,structure_rule,likely_increase,structure_rule,none,prediction_only,计算描述符只能提示方向，不能等同于实测溶解度、渗透性、稳定性或口服吸收。
TRP__RE3,TRP,色氨酸,RE3,"3-[(3S)-3-hydroxy-2-oxo-2,3-dihydro-1H-indol-3-yl]-L-alanine",构象限制型成环,新增2个O；新增部分连接到母体原子7（C）、母体原子8（C）；检测到4处键级变化,1,2,33.54,-1.494,0,likely_increase,structure_rule,likely_decrease,structure_rule,likely_increase,structure_rule,none,prediction_only,计算描述符只能提示方向，不能等同于实测溶解度、渗透性、稳定性或口服吸收。
TRP__TCR,TRP,色氨酸,TCR,CYCLOMETHYLTRYPTOPHAN,N-取代／酰化,新增基团连接到母体的碳原子、氮原子,0,0,-13.99,0.145,-2,uncertain,structure_rule,uncertain,structure_rule,likely_increase,structure_rule,none,context_reference,当前记录没有本CCD的单点性质对照；同类论文只用于给出筛选方向。
TRP__TFW,TRP,色氨酸,TFW,"5,6,7-trifluoro-tryptophan",卤代,新增基团连接到母体的碳原子,0,0,0,0.418,0,likely_decrease,structure_rule,uncertain,structure_rule,uncertain,no_property_experiment,none,context_reference,论文支持芳香卤代这一类策略，不直接证明当前CCD一定改善目标性质。
TRP__TGH,TRP,色氨酸,TGH,6-{[(S)-carboxy(hydroxy)methyl]amino}-7-hydroxy-L-tryptophan,羟基化／氧化还原,新增基团连接到母体的碳原子,4,4,89.79,-1.479,3,likely_increase,structure_rule,likely_decrease,structure_rule,uncertain,no_property_experiment,none,prediction_only,计算描述符只能提示方向，不能等同于实测溶解度、渗透性、稳定性或口服吸收。
TRP__TNQ,TRP,色氨酸,TNQ,6-[(carboxymethyl)amino]-7-hydroxy-L-tryptophan,羟基化／氧化还原,新增基团连接到母体的碳原子,3,3,69.56,-0.798,3,likely_increase,structure_rule,likely_decrease,structure_rule,uncertain,no_property_experiment,none,prediction_only,计算描述符只能提示方向，不能等同于实测溶解度、渗透性、稳定性或口服吸收。
TRP__TOQ,TRP,色氨酸,TOQ,"6,7-dihydroxy-L-tryptophan",羟基化／氧化还原,新增基团连接到母体的碳原子,2,2,40.46,-0.588,0,likely_increase,structure_rule,likely_decrease,structure_rule,uncertain,no_property_experiment,none,prediction_only,计算描述符只能提示方向，不能等同于实测溶解度、渗透性、稳定性或口服吸收。
TRP__TOX,TRP,色氨酸,TOX,1-hydroperoxy-L-tryptophan,立体化学改变 | 羟基化／氧化还原 | 极性或带电基团 | 构象限制型成环,新增2个O；新增部分连接到母体原子9（N）,0,2,18.6,-0.625,1,likely_increase,structure_rule,likely_decrease,structure_rule,uncertain,no_property_experiment,none,prediction_only,计算描述符只能提示方向，不能等同于实测溶解度、渗透性、稳定性或口服吸收。
TRP__TPL,TRP,色氨酸,TPL,TRYPTOPHANOL,构象限制型成环,天然氨基酸末端羧基被还原为羟甲基（氨基醇）,0,0,-17.07,-0.092,0,uncertain,structure_rule,uncertain,structure_rule,likely_increase,structure_rule,none,property_specific_experiment,不是肽替换证据。
TRP__TQI,TRP,色氨酸,TQI,N-{[4-CHLORO-3-(TRIFLUOROMETHYL)PHENYL]SULFONYL}-L-TRYPTOPHAN,N-取代／酰化,新增基团连接到母体的氮原子,0,1,20.15,2.692,3,uncertain,structure_rule,uncertain,structure_rule,likely_increase,structure_rule,none,context_reference,当前记录没有本CCD的单点性质对照；同类论文只用于给出筛选方向。
TRP__TQQ,TRP,色氨酸,TQQ,"(S)-2-AMINO-3-(6,7-DIHYDRO-6-IMINO-7-OXO-1H-INDOL-3-YL)PROPANOIC ACID",构象限制型成环,新增1个H、1个N、1个O；新增部分连接到母体原子2（C）、母体原子3（C）；检测到5处键级变化,1,2,40.92,-0.924,0,likely_increase,structure_rule,likely_decrease,structure_rule,likely_increase,structure_rule,none,prediction_only,计算描述符只能提示方向，不能等同于实测溶解度、渗透性、稳定性或口服吸收。
TRP__TRF,TRP,色氨酸,TRF,N1-FORMYL-TRYPTOPHAN,立体化学改变 | 羟基化／氧化还原 | 极性或带电基团 | 构象限制型成环,新增1个C、1个O；新增部分连接到母体原子9（N）,-1,1,6.21,-0.488,1,likely_increase,structure_rule,uncertain,structure_rule,uncertain,no_property_experiment,none,prediction_only,计算描述符只能提示方向，不能等同于实测溶解度、渗透性、稳定性或口服吸收。
TRP__TRN,TRP,色氨酸,TRN,NZ2-TRYPTOPHAN,构象限制型成环,新增1个N；母体中少了1个C；新增部分连接到母体原子2（C）、母体原子4（C）,0,1,12.89,-0.605,0,likely_increase,structure_rule,uncertain,structure_rule,likely_increase,structure_rule,none,prediction_only,计算描述符只能提示方向，不能等同于实测溶解度、渗透性、稳定性或口服吸收。
TRP__TRO,TRP,色氨酸,TRO,2-HYDROXY-TRYPTOPHAN,羟基化／氧化还原,新增基团连接到母体的碳原子,1,1,20.23,-0.294,0,likely_increase,structure_rule,likely_decrease,structure_rule,uncertain,no_property_experiment,none,prediction_only,计算描述符只能提示方向，不能等同于实测溶解度、渗透性、稳定性或口服吸收。
TRP__TRQ,TRP,色氨酸,TRQ,"2-AMINO-3-(6,7-DIOXO-6,7-DIHYDRO-1H-INDOL-3-YL)-PROPIONIC ACID",构象限制型成环,新增2个O；新增部分连接到母体原子2（C）、母体原子3（C）；检测到5处键级变化,0,2,34.14,-1.374,0,likely_increase,structure_rule,likely_decrease,structure_rule,likely_increase,structure_rule,none,prediction_only,计算描述符只能提示方向，不能等同于实测溶解度、渗透性、稳定性或口服吸收。
TRP__TRW,TRP,色氨酸,TRW,TRW3-(2-AMINO-3-HYDROXY-PROPYL)-6-(N'-CYCLOHEXYL-HYDRAZINO)OCTAHYDRO-INDOL-7-OL,复杂骨架重构,涉及多个原子和键的整体变化，不能可靠归为肽链上的一个替换原子,2,3,24.06,1.259,3,uncertain,structure_rule,uncertain,structure_rule,uncertain,no_property_experiment,none,prediction_only,结构重构分类不等于性质改善；需要完整构件的合成、构象和性质实验。
TRP__TRX,TRP,色氨酸,TRX,6-HYDROXYTRYPTOPHAN,羟基化／氧化还原,新增基团连接到母体的碳原子,1,1,20.23,-0.294,0,likely_increase,structure_rule,likely_decrease,structure_rule,uncertain,no_property_experiment,none,prediction_only,计算描述符只能提示方向，不能等同于实测溶解度、渗透性、稳定性或口服吸收。
TRP__TRY,TRP,色氨酸,TRY,(2Z)-2-amino-3-(1H-indol-3-yl)prop-2-enoic acid,构象限制型成环,检测到1处键级变化,0,0,0,0.43,-1,likely_decrease,structure_rule,uncertain,structure_rule,likely_increase,structure_rule,none,prediction_only,这是一条设计建议，不是性质结论；最终必须用同一肽骨架的母体/衍生物配对实验确认。
TRP__TTQ,TRP,色氨酸,TTQ,6-AMINO-7-HYDROXY-L-TRYPTOPHAN,羟基化／氧化还原,新增基团连接到母体的碳原子,2,2,46.25,-0.712,0,likely_increase,structure_rule,likely_decrease,structure_rule,uncertain,no_property_experiment,none,prediction_only,计算描述符只能提示方向，不能等同于实测溶解度、渗透性、稳定性或口服吸收。
TRP__UX8,TRP,色氨酸,UX8,"(2~{S},3~{R})-2-azanyl-3-(1~{H}-indol-3-yl)-3-oxidanyl-propanoic acid",羟基化／氧化还原,新增基团连接到母体的碳原子,1,1,20.23,-0.509,0,likely_increase,structure_rule,likely_decrease,structure_rule,uncertain,no_property_experiment,none,prediction_only,计算描述符只能提示方向，不能等同于实测溶解度、渗透性、稳定性或口服吸收。
TRP__V6W,TRP,色氨酸,V6W,NE-Acetyl-L-tryptophan,立体化学改变 | 羟基化／氧化还原 | 侧链延长／增大 | 极性或带电基团 | 构象限制型成环,新增2个C、2个O；新增部分连接到母体原子9（N）,0,1,26.44,-0.442,2,likely_increase,structure_rule,likely_decrease,structure_rule,uncertain,no_property_experiment,none,prediction_only,计算描述符只能提示方向，不能等同于实测溶解度、渗透性、稳定性或口服吸收。
TRP__WRP,TRP,色氨酸,WRP,(betaR)-beta-hydroxy-1-[(3R)-3-hydroxy-2-methylbutan-2-yl]-L-tryptophan,立体化学改变 | 羟基化／氧化还原 | 侧链延长／增大 | 极性或带电基团 | 构象限制型成环,新增5个C、2个O；新增部分连接到母体原子10（C）、母体原子9（N）,1,2,29.6,0.08,2,likely_increase,structure_rule,likely_decrease,structure_rule,uncertain,no_property_experiment,none,prediction_only,计算描述符只能提示方向，不能等同于实测溶解度、渗透性、稳定性或口服吸收。
TRP__WWB,TRP,色氨酸,WWB,5-(3-methylbut-2-en-1-yl)-L-tryptophan,侧链延长／增大,新增基团连接到母体的碳原子,0,0,0,1.509,2,likely_decrease,structure_rule,uncertain,structure_rule,uncertain,no_property_experiment,none,prediction_only,这是一条设计建议，不是性质结论；最终必须用同一肽骨架的母体/衍生物配对实验确认。
TRP__ZIQ,TRP,色氨酸,ZIQ,alpha-methyl-L-tryptophan,其他官能团替换,新增基团连接到母体的碳原子,0,0,0,0.39,0,likely_decrease,structure_rule,uncertain,structure_rule,uncertain,no_property_experiment,none,prediction_only,这是一条设计建议，不是性质结论；最终必须用同一肽骨架的母体/衍生物配对实验确认。
TYR__0A1,TYR,酪氨酸,0A1,O-methyl-L-tyrosine,羟基化／氧化还原,新增基团连接到母体的氧原子,-1,0,-11,0.303,1,likely_decrease,structure_rule,increase,complete_peptide_context,uncertain,no_property_experiment,none,context_reference,证据属于完整肽、天然产物、临床骨架或专利实例；只能说明该残基与该骨架相容，不能把整分子的性质归因于一个残基。
TYR__0EA,TYR,酪氨酸,0EA,"(betaR)-beta,3-dihydroxy-N-methyl-L-tyrosine",N-取代／酰化,新增基团连接到母体的氮原子、碳原子,2,2,26.47,-0.543,1,likely_increase,structure_rule,likely_decrease,structure_rule,likely_increase,structure_rule,none,context_reference,当前记录没有本CCD的单点性质对照；同类论文只用于给出筛选方向。
TYR__0PR,TYR,酪氨酸,0PR,N-({3-hydroxy-2-methyl-5-[(phosphonooxy)methyl]pyridin-4-yl}methyl)-L-tyrosine,N-取代／酰化,新增基团连接到母体的氮原子,3,4,85.89,0.849,6,uncertain,structure_rule,uncertain,structure_rule,likely_increase,structure_rule,none,context_reference,当前记录没有本CCD的单点性质对照；同类论文只用于给出筛选方向。
TYR__0WZ,TYR,酪氨酸,0WZ,3-(1H-pyrazol-1-yl)-L-tyrosine,侧链延长／增大 | 极性或带电基团,新增基团连接到母体的碳原子,0,1,17.82,0.185,1,uncertain,structure_rule,likely_decrease,structure_rule,uncertain,no_property_experiment,none,prediction_only,计算描述符只能提示方向，不能等同于实测溶解度、渗透性、稳定性或口服吸收。
TYR__1OP,TYR,酪氨酸,1OP,O-(5-hydroxypentyl)-L-tyrosine,羟基化／氧化还原,新增基团连接到母体的氧原子,0,1,9.23,0.835,6,uncertain,structure_rule,uncertain,structure_rule,uncertain,no_property_experiment,none,prediction_only,计算描述符只能提示方向，不能等同于实测溶解度、渗透性、稳定性或口服吸收。
TYR__1TY,TYR,酪氨酸,1TY,"3-{(3E)-4-HYDROXY-6-OXO-3-[(2-PHENYLETHYL)IMINO]CYCLOHEXA-1,4-DIEN-1-YL}ALANINE",构象限制型成环,新增8个C、1个N、1个O；新增部分连接到母体原子2（C）、母体原子5（C）；检测到6处键级变化,0,2,29.43,1.076,3,uncertain,structure_rule,uncertain,structure_rule,likely_increase,structure_rule,none,prediction_only,计算描述符只能提示方向，不能等同于实测溶解度、渗透性、稳定性或口服吸收。
TYR__2LT,TYR,酪氨酸,2LT,"3,5-dichloro-L-tyrosine",卤代,新增基团连接到母体的碳原子,0,0,0,1.306,0,likely_decrease,structure_rule,uncertain,structure_rule,uncertain,no_property_experiment,none,context_reference,论文支持的是同一种改造思路，不是这个CCD残基在当前肽中的单点对照。它只能用于决定先试哪些位置，不能写成该残基已经确定改善性质。
TYR__2R3,TYR,酪氨酸,2R3,(betaR)-beta-hydroxy-O-methyl-L-tyrosine,羟基化／氧化还原,新增基团连接到母体的氧原子、碳原子,0,1,9.23,-0.206,1,uncertain,structure_rule,uncertain,structure_rule,uncertain,no_property_experiment,none,prediction_only,计算描述符只能提示方向，不能等同于实测溶解度、渗透性、稳定性或口服吸收。
TYR__2TY,TYR,酪氨酸,2TY,2-HYDROXY-5-{[(1E)-2-PHENYLETHYLIDENE]AMINO}-L-TYROSINE,羟基化／氧化还原,新增基团连接到母体的碳原子,1,2,32.59,1.65,3,uncertain,structure_rule,uncertain,structure_rule,uncertain,no_property_experiment,none,prediction_only,计算描述符只能提示方向，不能等同于实测溶解度、渗透性、稳定性或口服吸收。
TYR__3CT,TYR,酪氨酸,3CT,3-chloro-L-tyrosine,卤代,新增基团连接到母体的碳原子,0,0,0,0.653,0,likely_decrease,structure_rule,uncertain,structure_rule,uncertain,no_property_experiment,none,context_reference,论文支持的是同一种改造思路，不是这个CCD残基在当前肽中的单点对照。它只能用于决定先试哪些位置，不能写成该残基已经确定改善性质。
TYR__3MY,TYR,酪氨酸,3MY,3-chloro-D-tyrosine,卤代,新增基团连接到母体的碳原子,0,0,0,0.653,0,likely_decrease,structure_rule,uncertain,structure_rule,uncertain,no_property_experiment,none,context_reference,论文支持的是同一种改造思路，不是这个CCD残基在当前肽中的单点对照。它只能用于决定先试哪些位置，不能写成该残基已经确定改善性质。
TYR__3NF,TYR,酪氨酸,3NF,N-acetyl-L-tyrosine,N-取代／酰化,新增基团连接到母体的氮原子,0,0,3.08,0.177,1,uncertain,structure_rule,uncertain,structure_rule,likely_increase,structure_rule,none,context_reference,当前记录没有本CCD的单点性质对照；同类论文只用于给出筛选方向。
TYR__3TY,TYR,酪氨酸,3TY,3-(Phenylhydrazono)-L-tyrosine,构象限制型成环,新增7个C、2个N、1个O；新增部分连接到母体原子2（C）、母体原子5（C）；检测到6处键级变化,1,3,41.46,0.538,3,uncertain,structure_rule,uncertain,structure_rule,likely_increase,structure_rule,none,prediction_only,计算描述符只能提示方向，不能等同于实测溶解度、渗透性、稳定性或口服吸收。
TYR__3YM,TYR,酪氨酸,3YM,3-methoxy-L-tyrosine,羟基化／氧化还原,新增基团连接到母体的碳原子,0,1,9.23,0.008,1,uncertain,structure_rule,uncertain,structure_rule,uncertain,no_property_experiment,none,prediction_only,计算描述符只能提示方向，不能等同于实测溶解度、渗透性、稳定性或口服吸收。
TYR__4HL,TYR,酪氨酸,4HL,"(6E)-4-[(2S)-2-amino-2-carboxyethyl]-6-[2-(4-hydroxybenzyl)hydraziniumylidene]-3-oxocyclohexa-1,4-dien-1-olate",构象限制型成环,新增7个C、2个N、2个O；新增部分连接到母体原子2（C）、母体原子5（C）；检测到6处键级变化,2,3,66.13,-2.873,3,likely_increase,structure_rule,likely_decrease,structure_rule,likely_increase,structure_rule,none,prediction_only,计算描述符只能提示方向，不能等同于实测溶解度、渗透性、稳定性或口服吸收。
TYR__4LZ,TYR,酪氨酸,4LZ,"O-[2-(triaza-1,2-dien-2-ium-1-yl)ethyl]-L-tyrosine",羟基化／氧化还原,新增基团连接到母体的氧原子,0,2,39.31,0.223,4,uncertain,structure_rule,likely_decrease,structure_rule,uncertain,no_property_experiment,none,prediction_only,计算描述符只能提示方向，不能等同于实测溶解度、渗透性、稳定性或口服吸收。
TYR__51T,TYR,酪氨酸,51T,"2,3,6-trifluoro-L-tyrosine",卤代,新增基团连接到母体的碳原子,0,0,0,0.417,0,likely_decrease,structure_rule,uncertain,structure_rule,uncertain,no_property_experiment,none,context_reference,论文支持芳香卤代这一类策略，不直接证明当前CCD一定改善目标性质。
TYR__73O,TYR,酪氨酸,73O,(2~{S})-2-azanyl-4-(4-hydroxyphenyl)butanoic acid,构象限制型成环,新增1个C、1个N、2个O；母体中少了1个N、2个O；新增部分连接到母体原子9（C）,0,0,0,0.39,1,likely_decrease,structure_rule,uncertain,structure_rule,likely_increase,structure_rule,none,prediction_only,这是一条设计建议，不是性质结论；最终必须用同一肽骨架的母体/衍生物配对实验确认。
TYR__A1CCQ,TYR,酪氨酸,A1CCQ,(2S)-2-hydrazinyl-3-(4-hydroxyphenyl)propanoic acid,N-取代／酰化,新增基团连接到母体的氮原子,1,1,12.03,-0.496,1,likely_increase,structure_rule,uncertain,structure_rule,likely_increase,structure_rule,none,context_reference,当前记录没有本CCD的单点性质对照；同类论文只用于给出筛选方向。
TYR__A1D5P,TYR,酪氨酸,A1D5P,"(2~{R},3~{S})-2-azanyl-3-(4-hydroxyphenyl)-3-oxidanyl-propanoic acid",羟基化／氧化还原,新增基团连接到母体的碳原子,1,1,20.23,-0.51,0,likely_increase,structure_rule,likely_decrease,structure_rule,uncertain,no_property_experiment,none,prediction_only,计算描述符只能提示方向，不能等同于实测溶解度、渗透性、稳定性或口服吸收。
TYR__A30,TYR,酪氨酸,A30,O-ethyl-L-tyrosine,羟基化／氧化还原,新增基团连接到母体的氧原子,-1,0,-11,0.693,2,likely_decrease,structure_rule,likely_increase,structure_rule,uncertain,no_property_experiment,none,prediction_only,这是一条设计建议，不是性质结论；最终必须用同一肽骨架的母体/衍生物配对实验确认。
TYR__AGQ,TYR,酪氨酸,AGQ,"3-[(3E)-3-(carbamimidoylhydrazono)-4-hydroxy-6-oxocyclohexa-1,4-dien-1-yl]-L-alanine",构象限制型成环,新增1个C、1个H、4个N、1个O；新增部分连接到母体原子2（C）、母体原子5（C）；检测到6处键级变化,3,3,91.33,-1.769,1,likely_increase,structure_rule,likely_decrease,structure_rule,likely_increase,structure_rule,none,prediction_only,计算描述符只能提示方向，不能等同于实测溶解度、渗透性、稳定性或口服吸收。
TYR__AZY,TYR,酪氨酸,AZY,3-AZIDO-L-TYROSINE,极性或带电基团,新增基团连接到母体的碳原子,0,1,48.76,0.941,1,uncertain,structure_rule,uncertain,structure_rule,uncertain,no_property_experiment,activity_or_binding,property_specific_experiment,支持光探针用途，不支持渗透性、稳定性或口服吸收。
TYR__B3Y,TYR,酪氨酸,B3Y,(3S)-3-AMINO-4-(4-HYDROXYPHENYL)BUTANOIC ACID,复杂骨架重构,涉及多个原子和键的整体变化，不能可靠归为肽链上的一个替换原子,0,0,0,0.39,1,likely_decrease,structure_rule,uncertain,structure_rule,uncertain,no_property_experiment,none,prediction_only,结构重构分类不等于性质改善；需要完整构件的合成、构象和性质实验。
TYR__BYR,TYR,酪氨酸,BYR,3-bromo-L-tyrosine,卤代,新增基团连接到母体的碳原子,0,0,0,0.762,0,likely_decrease,structure_rule,uncertain,structure_rule,uncertain,no_property_experiment,none,context_reference,论文支持芳香卤代这一类策略，不直接证明当前CCD一定改善目标性质。
TYR__DAH,TYR,酪氨酸,DAH,"3,4-DIHYDROXYPHENYLALANINE",羟基化／氧化还原,新增基团连接到母体的碳原子,1,1,20.23,-0.295,0,likely_increase,structure_rule,likely_decrease,structure_rule,uncertain,no_property_experiment,none,property_specific_experiment,结论属于界面黏附，不应改写成普遍的受体亲和力或药代改善。
TYR__DBY,TYR,酪氨酸,DBY,"3,5 DIBROMOTYROSINE",卤代,新增基团连接到母体的碳原子,0,0,0,1.525,0,likely_decrease,structure_rule,uncertain,structure_rule,uncertain,no_property_experiment,none,context_reference,论文支持芳香卤代这一类策略，不直接证明当前CCD一定改善目标性质。
TYR__DI7,TYR,酪氨酸,DI7,"2,6-dimethyl-L-tyrosine",侧链延长／增大,新增基团连接到母体的碳原子,0,0,0,0.616,0,likely_decrease,structure_rule,uncertain,structure_rule,uncertain,no_property_experiment,activity_or_binding,property_specific_experiment,直接支持该骨架中的活性增强，不提供口服吸收、溶解度或单残基稳定性结论。
TYR__DPQ,TYR,酪氨酸,DPQ,"(S)-2-AMINO-3-(4-HYDROXY-3-OXOCYCLOHEXA-1,4-DIENYL)PROPANOIC ACID",构象限制型成环,新增1个O；新增部分连接到母体原子4（C）；检测到6处键级变化,0,1,17.07,-0.217,0,likely_increase,structure_rule,uncertain,structure_rule,likely_increase,structure_rule,none,prediction_only,计算描述符只能提示方向，不能等同于实测溶解度、渗透性、稳定性或口服吸收。
TYR__E9C,TYR,酪氨酸,E9C,"(2S)-2-azanyl-3-[3,4,6-tris(oxidanylidene)cyclohexen-1-yl]propanoic acid",构象限制型成环,新增2个O；新增部分连接到母体原子1（C）、母体原子4（C）；检测到7处键级变化,-1,2,30.98,-1.521,0,likely_increase,structure_rule,likely_decrease,structure_rule,likely_increase,structure_rule,none,prediction_only,计算描述符只能提示方向，不能等同于实测溶解度、渗透性、稳定性或口服吸收。
TYR__ESB,TYR,酪氨酸,ESB,"3-[(3E)-3-(ETHYLIMINO)-4-HYDROXY-6-OXOCYCLOHEXA-1,4-DIEN-1-YL]-L-ALANINE",构象限制型成环,新增2个C、1个N、1个O；新增部分连接到母体原子2（C）、母体原子5（C）；检测到6处键级变化,0,2,29.43,-0.147,1,likely_increase,structure_rule,likely_decrease,structure_rule,likely_increase,structure_rule,none,prediction_only,计算描述符只能提示方向，不能等同于实测溶解度、渗透性、稳定性或口服吸收。
TYR__F2Y,TYR,酪氨酸,F2Y,"3,5-difluoro-L-tyrosine",卤代,新增基团连接到母体的碳原子,0,0,0,0.278,0,uncertain,structure_rule,uncertain,structure_rule,uncertain,no_property_experiment,none,context_reference,论文支持芳香卤代这一类策略，不直接证明当前CCD一定改善目标性质。
TYR__F7Q,TYR,酪氨酸,F7Q,"(2~{S})-2-azanyl-3-[1-(dioxidanyl)-4-oxidanylidene-cyclohexa-2,5-dien-1-yl]propanoic acid",构象限制型成环,新增2个O；新增部分连接到母体原子6（C）；检测到7处键级变化,0,2,26.3,-0.635,1,likely_increase,structure_rule,likely_decrease,structure_rule,likely_increase,structure_rule,none,prediction_only,计算描述符只能提示方向，不能等同于实测溶解度、渗透性、稳定性或口服吸收。
TYR__FLT,TYR,酪氨酸,FLT,FLUOROMALONYL TYROSINE,卤代,新增基团连接到母体的氧原子,1,2,63.6,-0.492,4,likely_increase,structure_rule,likely_decrease,structure_rule,uncertain,no_property_experiment,none,context_reference,论文支持芳香卤代这一类策略，不直接证明当前CCD一定改善目标性质。
TYR__FTY,TYR,酪氨酸,FTY,DEOXY-DIFLUOROMETHELENE-PHOSPHOTYROSINE,构象限制型成环,新增1个C、2个F、3个O、1个P；母体中少了1个O；新增部分连接到母体原子3（C）,1,0,37.3,0.521,2,uncertain,structure_rule,uncertain,structure_rule,likely_increase,structure_rule,none,context_reference,论文支持芳香卤代这一类策略，不直接证明当前CCD一定改善目标性质。
TYR__FY2,TYR,酪氨酸,FY2,"2,3-difluoro-L-tyrosine",卤代,新增基团连接到母体的碳原子,0,0,0,0.278,0,uncertain,structure_rule,uncertain,structure_rule,uncertain,no_property_experiment,none,context_reference,论文支持芳香卤代这一类策略，不直接证明当前CCD一定改善目标性质。
TYR__FY3,TYR,酪氨酸,FY3,"2,3,5-trifluoro-L-tyrosine",卤代,新增基团连接到母体的碳原子,0,0,0,0.417,0,likely_decrease,structure_rule,uncertain,structure_rule,uncertain,no_property_experiment,none,context_reference,论文支持芳香卤代这一类策略，不直接证明当前CCD一定改善目标性质。
TYR__G1X,TYR,酪氨酸,G1X,"(2S)-2-azanyl-3-[3,4-bis(oxidanylidene)cyclohexa-1,5-dien-1-yl]propanoic acid",构象限制型成环,新增1个O；新增部分连接到母体原子4（C）；检测到7处键级变化,-1,1,13.91,-0.924,0,likely_increase,structure_rule,uncertain,structure_rule,likely_increase,structure_rule,none,prediction_only,计算描述符只能提示方向，不能等同于实测溶解度、渗透性、稳定性或口服吸收。
TYR__IB9,TYR,酪氨酸,IB9,Beta-tyrosine,复杂骨架重构,涉及多个原子和键的整体变化，不能可靠归为肽链上的一个替换原子,0,0,0,0.52,0,likely_decrease,structure_rule,uncertain,structure_rule,uncertain,no_property_experiment,none,prediction_only,结构重构分类不等于性质改善；需要完整构件的合成、构象和性质实验。
TYR__IYR,TYR,酪氨酸,IYR,3-IODO-TYROSINE,卤代,新增基团连接到母体的碳原子,0,0,0,0.604,0,likely_decrease,structure_rule,uncertain,structure_rule,uncertain,no_property_experiment,none,context_reference,论文支持芳香卤代这一类策略，不直接证明当前CCD一定改善目标性质。
TYR__J2F,TYR,酪氨酸,J2F,(2~{S})-2-azanyl-3-[4-[(2-nitrophenyl)methoxy]phenyl]propanoic acid,羟基化／氧化还原,新增基团连接到母体的氧原子,-1,2,32.14,1.781,4,uncertain,structure_rule,uncertain,structure_rule,uncertain,no_property_experiment,none,prediction_only,计算描述符只能提示方向，不能等同于实测溶解度、渗透性、稳定性或口服吸收。
TYR__MBQ,TYR,酪氨酸,MBQ,2-HYDROXY-5-({1-[(4-METHYLPHENOXY)METHYL]-3-OXOPROP-1-ENYL}AMINO)-L-TYROSINE,羟基化／氧化还原,新增基团连接到母体的碳原子,2,4,58.56,1.587,6,uncertain,structure_rule,uncertain,structure_rule,uncertain,no_property_experiment,none,prediction_only,计算描述符只能提示方向，不能等同于实测溶解度、渗透性、稳定性或口服吸收。
TYR__MDF,TYR,酪氨酸,MDF,"META, META'-DI-HYDROXY-PHENYLALANINE",复杂骨架重构,涉及多个原子和键的整体变化，不能可靠归为肽链上的一个替换原子,0,2,9.23,-0.076,-1,uncertain,structure_rule,uncertain,structure_rule,uncertain,no_property_experiment,none,prediction_only,结构重构分类不等于性质改善；需要完整构件的合成、构象和性质实验。
TYR__MTY,TYR,酪氨酸,MTY,META-TYROSINE,构象限制型成环,新增1个O；母体中少了1个O；新增部分连接到母体原子4（C）,0,0,0,0,0,uncertain,structure_rule,uncertain,structure_rule,likely_increase,structure_rule,activity_or_binding,property_specific_experiment,这是特定信号肽的功能降低证据，没有药代性质改善结论。
TYR__NBQ,TYR,酪氨酸,NBQ,2-HYDROXY-5-({1-[(2-NAPHTHYLOXY)METHYL]-3-OXOPROP-1-ENYL}AMINO)TYROSINE,羟基化／氧化还原,新增基团连接到母体的碳原子,2,4,58.56,2.432,6,uncertain,structure_rule,uncertain,structure_rule,uncertain,no_property_experiment,none,prediction_only,计算描述符只能提示方向，不能等同于实测溶解度、渗透性、稳定性或口服吸收。
TYR__NIY,TYR,酪氨酸,NIY,META-NITRO-TYROSINE,羟基化／氧化还原,新增基团连接到母体的碳原子,0,2,43.14,-0.092,1,likely_increase,structure_rule,likely_decrease,structure_rule,uncertain,no_property_experiment,activity_or_binding,property_specific_experiment,证据支持分析和表位性质，不支持通用成药性质。
TYR__NTR,TYR,酪氨酸,NTR,META-HYDROXY BETA NOR-TYROSINE,构象限制型成环,新增1个N、3个O；母体中少了1个C、1个N、2个O；新增部分连接到母体原子4（C）、母体原子7（C）、母体原子8（C）,1,1,20.23,-0.165,-1,likely_increase,structure_rule,likely_decrease,structure_rule,likely_increase,structure_rule,none,prediction_only,计算描述符只能提示方向，不能等同于实测溶解度、渗透性、稳定性或口服吸收。
TYR__OMX,TYR,酪氨酸,OMX,(betaR)-beta-hydroxy-L-Tyrosine,羟基化／氧化还原,新增基团连接到母体的碳原子,1,1,20.23,-0.51,0,likely_increase,structure_rule,likely_decrease,structure_rule,uncertain,no_property_experiment,none,prediction_only,计算描述符只能提示方向，不能等同于实测溶解度、渗透性、稳定性或口服吸收。
TYR__OMY,TYR,酪氨酸,OMY,(betaR)-3-chloro-beta-hydroxy-L-tyrosine,卤代,新增基团连接到母体的碳原子,1,1,20.23,0.144,0,uncertain,structure_rule,likely_decrease,structure_rule,uncertain,no_property_experiment,none,context_reference,论文支持芳香卤代这一类策略，不直接证明当前CCD一定改善目标性质。
TYR__P2Q,TYR,酪氨酸,P2Q,"2-hydroxy-5-{[(1S,2E)-1-formyl-4-phenoxybut-2-en-1yl]amino}-L-tyrosine",羟基化／氧化还原,新增基团连接到母体的碳原子,2,4,58.56,1.32,7,uncertain,structure_rule,uncertain,structure_rule,uncertain,no_property_experiment,none,prediction_only,计算描述符只能提示方向，不能等同于实测溶解度、渗透性、稳定性或口服吸收。
TYR__P3Q,TYR,酪氨酸,P3Q,2-hydroxy-5-{[(1E)-1-(2-oxoethylidene)-4-phenylbutyl]amino}-L-tyrosine,羟基化／氧化还原,新增基团连接到母体的碳原子,2,3,49.33,2.223,7,uncertain,structure_rule,uncertain,structure_rule,uncertain,no_property_experiment,none,prediction_only,计算描述符只能提示方向，不能等同于实测溶解度、渗透性、稳定性或口服吸收。
TYR__PAQ,TYR,酪氨酸,PAQ,2-OXY-4-HYDROXY-5-(2-HYDRAZINOPYRIDINE)PHENYLALANINE,构象限制型成环,新增5个C、3个N、1个O；新增部分连接到母体原子2（C）、母体原子5（C）；检测到6处键级变化,2,4,54.02,-0.022,3,likely_increase,structure_rule,likely_decrease,structure_rule,likely_increase,structure_rule,none,prediction_only,计算描述符只能提示方向，不能等同于实测溶解度、渗透性、稳定性或口服吸收。
TYR__PTH,TYR,酪氨酸,PTH,CE1-METHYLENE-HYDROXY-PHOSPHOTYROSINE,羟基化／氧化还原,新增基团连接到母体的碳原子、氧原子,2,2,66.76,-0.742,3,likely_increase,structure_rule,likely_decrease,structure_rule,uncertain,no_property_experiment,none,prediction_only,计算描述符只能提示方向，不能等同于实测溶解度、渗透性、稳定性或口服吸收。
TYR__PTM,TYR,酪氨酸,PTM,ALPHA-METHYL-O-PHOSPHOTYROSINE,羟基化／氧化还原,新增基团连接到母体的碳原子、氧原子,1,1,46.53,0.156,2,uncertain,structure_rule,likely_decrease,structure_rule,uncertain,no_property_experiment,none,prediction_only,计算描述符只能提示方向，不能等同于实测溶解度、渗透性、稳定性或口服吸收。
TYR__PTR,TYR,酪氨酸,PTR,O-PHOSPHOTYROSINE,羟基化／氧化还原,新增基团连接到母体的氧原子,1,1,46.53,-0.235,2,likely_increase,structure_rule,likely_decrease,structure_rule,increase,specific_residue_comparison,proteolytic_stability | activity_or_binding,property_specific_experiment,证据支持特定骨架的结合与抗酶解，不证明普遍改善渗透或口服吸收。
TYR__T0I,TYR,酪氨酸,T0I,"(2S)-2-amino-3-(2,4-dihydroxy-5-imidazol-1-yl-phenyl)propanoic acid",羟基化／氧化还原 | 侧链延长／增大 | 极性或带电基团,新增基团连接到母体的碳原子,1,2,38.05,-0.109,1,likely_increase,structure_rule,likely_decrease,structure_rule,uncertain,no_property_experiment,none,prediction_only,计算描述符只能提示方向，不能等同于实测溶解度、渗透性、稳定性或口服吸收。
TYR__TCQ,TYR,酪氨酸,TCQ,"(1S,2R)-N-{(1E)-5-[(2S)-2-amino-2-carboxyethyl]-2-hydroxy-4-oxocyclohexa-2,5-dien-1-ylidene}-2-phenylcyclopropanaminium",构象限制型成环,新增9个C、1个N、1个O；新增部分连接到母体原子2（C）、母体原子5（C）；检测到6处键级变化,1,1,31.04,-0.53,2,likely_increase,structure_rule,likely_decrease,structure_rule,likely_increase,structure_rule,none,prediction_only,计算描述符只能提示方向，不能等同于实测溶解度、渗透性、稳定性或口服吸收。
TYR__TPQ,TYR,酪氨酸,TPQ,"5-(2-CARBOXY-2-AMINOETHYL)-2-HYDROXY-1,4-BENZOQUINONE",构象限制型成环,新增2个O；新增部分连接到母体原子2（C）、母体原子5（C）；检测到6处键级变化,0,2,34.14,-1.038,0,likely_increase,structure_rule,likely_decrease,structure_rule,likely_increase,structure_rule,activity_or_binding,property_specific_experiment,属于完整酶活性位辅因子，不是药代性质。
TYR__TTS,TYR,酪氨酸,TTS,"3-((3E)-4-HYDROXY-3-{[2-(4-HYDROXYPHENYL)ETHYL]IMINO}-6-OXOCYCLOHEXA-1,4-DIEN-1-YL)ALANINE",构象限制型成环,新增8个C、1个N、2个O；新增部分连接到母体原子2（C）、母体原子5（C）；检测到6处键级变化,1,3,49.66,0.782,3,uncertain,structure_rule,uncertain,structure_rule,likely_increase,structure_rule,none,prediction_only,计算描述符只能提示方向，不能等同于实测溶解度、渗透性、稳定性或口服吸收。
TYR__TXY,TYR,酪氨酸,TXY,"3-[(5S)-4,5-dihydroxycyclohexa-1,3-dien-1-yl]-L-alanine",构象限制型成环,新增1个O；新增部分连接到母体原子2（C）；检测到6处键级变化,1,1,20.23,-0.426,0,likely_increase,structure_rule,likely_decrease,structure_rule,likely_increase,structure_rule,none,prediction_only,计算描述符只能提示方向，不能等同于实测溶解度、渗透性、稳定性或口服吸收。
TYR__TY1,TYR,酪氨酸,TY1,O-tert-butyl-L-tyrosine,羟基化／氧化还原,新增基团连接到母体的氧原子,-1,0,-11,1.471,1,likely_decrease,structure_rule,likely_increase,structure_rule,uncertain,no_property_experiment,none,prediction_only,这是一条设计建议，不是性质结论；最终必须用同一肽骨架的母体/衍生物配对实验确认。
TYR__TY2,TYR,酪氨酸,TY2,3-AMINO-L-TYROSINE,极性或带电基团,新增基团连接到母体的碳原子,1,1,26.02,-0.418,0,likely_increase,structure_rule,likely_decrease,structure_rule,uncertain,no_property_experiment,activity_or_binding,property_specific_experiment,这是完整金属蛋白催化证据，不是药代性质证据。
TYR__TY5,TYR,酪氨酸,TY5,O-benzyl-L-tyrosine,羟基化／氧化还原,新增基团连接到母体的氧原子,-1,0,-11,1.873,3,likely_decrease,structure_rule,likely_increase,structure_rule,uncertain,no_property_experiment,none,prediction_only,这是一条设计建议，不是性质结论；最终必须用同一肽骨架的母体/衍生物配对实验确认。
TYR__TY8,TYR,酪氨酸,TY8,"2,4-bis(hydroperoxy)-5-hydroxy-L-phenylalanine",羟基化／氧化还原,新增基团连接到母体的碳原子、氧原子,2,4,58.92,-0.297,2,likely_increase,structure_rule,likely_decrease,structure_rule,uncertain,no_property_experiment,none,prediction_only,计算描述符只能提示方向，不能等同于实测溶解度、渗透性、稳定性或口服吸收。
TYR__TY9,TYR,酪氨酸,TY9,"3,4-bis(hydroperoxy)-5-hydroxy-L-phenylalanine",羟基化／氧化还原,新增基团连接到母体的碳原子、氧原子,2,4,58.92,-0.297,2,likely_increase,structure_rule,likely_decrease,structure_rule,uncertain,no_property_experiment,none,prediction_only,计算描述符只能提示方向，不能等同于实测溶解度、渗透性、稳定性或口服吸收。
TYR__TYB,TYR,酪氨酸,TYB,TYROSINAL,复杂骨架重构,涉及多个原子和键的整体变化，不能可靠归为肽链上的一个替换原子,-1,0,-20.23,0.114,0,uncertain,structure_rule,uncertain,structure_rule,increase,complete_peptide_context,none,context_reference,属于完整多位点药物骨架证据。
TYR__TYE,TYR,酪氨酸,TYE,4-[(2S)-2-amino-3-hydroxypropyl]phenol,复杂骨架重构,涉及多个原子和键的整体变化，不能可靠归为肽链上的一个替换原子,0,0,-17.07,-0.093,0,uncertain,structure_rule,uncertain,structure_rule,uncertain,no_property_experiment,none,prediction_only,结构重构分类不等于性质改善；需要完整构件的合成、构象和性质实验。
TYR__TYI,TYR,酪氨酸,TYI,"3,5-DIIODOTYROSINE",卤代,新增基团连接到母体的碳原子,0,0,0,1.209,0,likely_decrease,structure_rule,uncertain,structure_rule,uncertain,no_property_experiment,none,context_reference,论文支持芳香卤代这一类策略，不直接证明当前CCD一定改善目标性质。
TYR__TYJ,TYR,酪氨酸,TYJ,"2,5-dihydroxy-N-methyl-L-tyrosine",N-取代／酰化,新增基团连接到母体的氮原子、碳原子,2,2,26.47,-0.329,1,likely_increase,structure_rule,likely_decrease,structure_rule,likely_increase,structure_rule,none,context_reference,当前记录没有本CCD的单点性质对照；同类论文只用于给出筛选方向。
TYR__TYN,TYR,酪氨酸,TYN,AMINOBENZOFURAZAN-O-TYROSINE,羟基化／氧化还原,新增基团连接到母体的氧原子,2,4,48.31,1.352,2,uncertain,structure_rule,uncertain,structure_rule,uncertain,no_property_experiment,none,prediction_only,计算描述符只能提示方向，不能等同于实测溶解度、渗透性、稳定性或口服吸收。
TYR__TYO,TYR,酪氨酸,TYO,"(4Z,6E)-2-AMINO-7-HYDROPEROXY-4-[(E)-2-HYDROXYVINYL]HEPTA-4,6-DIENOIC ACID",复杂骨架重构,涉及多个原子和键的整体变化，不能可靠归为肽链上的一个替换原子,1,2,29.46,0.443,3,uncertain,structure_rule,likely_decrease,structure_rule,uncertain,no_property_experiment,none,prediction_only,结构重构分类不等于性质改善；需要完整构件的合成、构象和性质实验。
TYR__TYQ,TYR,酪氨酸,TYQ,3-AMINO-6-HYDROXY-TYROSINE,羟基化／氧化还原,新增基团连接到母体的碳原子,2,2,46.25,-0.713,0,likely_increase,structure_rule,likely_decrease,structure_rule,uncertain,no_property_experiment,none,prediction_only,计算描述符只能提示方向，不能等同于实测溶解度、渗透性、稳定性或口服吸收。
TYR__TYS,TYR,酪氨酸,TYS,O-SULFO-L-TYROSINE,羟基化／氧化还原,新增基团连接到母体的氧原子,0,2,43.37,-0.524,2,likely_increase,structure_rule,likely_decrease,structure_rule,uncertain,no_property_experiment,activity_or_binding,property_specific_experiment,结合增益由具体位点和靶点决定，没有通用药代改善证据。
TYR__TYT,TYR,酪氨酸,TYT,TYROSINE DERIVATIVE,构象限制型成环,新增9个C、1个N、1个O；新增部分连接到母体原子2（C）、母体原子5（C）；检测到6处键级变化,0,2,29.43,1.469,2,uncertain,structure_rule,uncertain,structure_rule,likely_increase,structure_rule,none,prediction_only,计算描述符只能提示方向，不能等同于实测溶解度、渗透性、稳定性或口服吸收。
TYR__TYY,TYR,酪氨酸,TYY,"3-(4-HYDROXY-3-IMINO-6-OXO-CYCLOHEXA-1,4-DIENYL)-ALANINE",构象限制型成环,新增1个N、1个O；新增部分连接到母体原子2（C）、母体原子5（C）；检测到6处键级变化,1,2,40.92,-0.588,0,likely_increase,structure_rule,likely_decrease,structure_rule,likely_increase,structure_rule,none,prediction_only,计算描述符只能提示方向，不能等同于实测溶解度、渗透性、稳定性或口服吸收。
TYR__U2X,TYR,酪氨酸,U2X,O-(cyclohexylmethyl)-L-tyrosine,羟基化／氧化还原,新增基团连接到母体的氧原子,-1,0,-11,2.253,3,likely_decrease,structure_rule,likely_increase,structure_rule,uncertain,no_property_experiment,activity_or_binding,property_specific_experiment,只支持gp120 Phe43空腔这一明确位点，不能当作通用疏水增益规则。
TYR__YNM,TYR,酪氨酸,YNM,N-METHYL-L-TYROSINE,N-取代／酰化,α-氨基的氮原子（进入肽链后对应主链酰胺氮）,0,0,-13.99,0.26,1,likely_decrease,structure_rule,likely_increase,same_scaffold_comparison,likely_increase,structure_rule,passive_permeability | oral_absorption,property_specific_experiment,RRCK结果是与其他N-甲基侧链的同骨架替换；28%是含多个改造的完整肽结果。两者都不能证明单独把天然Tyr换成N-Me-Tyr就会得到相同改善。
TYR__YOF,TYR,酪氨酸,YOF,3-FLUOROTYROSINE,卤代,新增基团连接到母体的碳原子,0,0,0,0.139,0,uncertain,structure_rule,uncertain,structure_rule,uncertain,no_property_experiment,none,context_reference,论文支持芳香卤代这一类策略，不直接证明当前CCD一定改善目标性质。
TYR__YPZ,TYR,酪氨酸,YPZ,"3-[(3Z)-4-hydroxy-6-oxo-3-(2-phenylhydrazinylidene)cyclohexa-1,4-dien-1-yl]-L-alanine",构象限制型成环,新增6个C、2个N、1个O；新增部分连接到母体原子2（C）、母体原子5（C）；检测到6处键级变化,1,3,41.46,0.86,2,uncertain,structure_rule,uncertain,structure_rule,likely_increase,structure_rule,none,prediction_only,计算描述符只能提示方向，不能等同于实测溶解度、渗透性、稳定性或口服吸收。
TYR__YTL,TYR,酪氨酸,YTL,(2~{S})-2-(2-azanylethanoyloxy)-3-(4-hydroxyphenyl)propanoic acid,复杂骨架重构,涉及多个原子和键的整体变化，不能可靠归为肽链上的一个替换原子,0,2,26.3,-0.457,2,likely_increase,structure_rule,likely_decrease,structure_rule,uncertain,no_property_experiment,none,prediction_only,结构重构分类不等于性质改善；需要完整构件的合成、构象和性质实验。
TYR__ZDJ,TYR,酪氨酸,ZDJ,3-methyl-L-tyrosine,其他官能团替换,新增基团连接到母体的碳原子,0,0,0,0.308,0,likely_decrease,structure_rule,uncertain,structure_rule,uncertain,no_property_experiment,none,prediction_only,这是一条设计建议，不是性质结论；最终必须用同一肽骨架的母体/衍生物配对实验确认。
TYR__ZT6,TYR,酪氨酸,ZT6,(betaR)-3-chloro-beta-{[tri(propan-2-yl)silyl]oxy}-L-tyrosine,卤代,新增基团连接到母体的碳原子,0,1,9.23,4.344,5,uncertain,structure_rule,uncertain,structure_rule,uncertain,no_property_experiment,none,context_reference,论文支持芳香卤代这一类策略，不直接证明当前CCD一定改善目标性质。
VAL__0AB,VAL,缬氨酸,0AB,"(3S,4S)-3-amino-4-methyl-3,4-dihydro-2H-pyran-2-one",复杂骨架重构,涉及多个原子和键的整体变化，不能可靠归为肽链上的一个替换原子,-1,1,-11,-0.034,-2,uncertain,structure_rule,uncertain,structure_rule,uncertain,no_property_experiment,none,prediction_only,结构重构分类不等于性质改善；需要完整构件的合成、构象和性质实验。
VAL__2VA,VAL,缬氨酸,2VA,2'-(L-VALYL)AMINO-2'-DEOXYADENOSINE,标记／加合物／配合物,新增10个C、6个N、3个O；母体中少了1个O；新增部分连接到母体原子5（C）,3,7,111.11,-1.927,3,likely_increase,structure_rule,likely_decrease,structure_rule,uncertain,no_property_experiment,none,prediction_only,计算描述符只能提示方向，不能等同于实测溶解度、渗透性、稳定性或口服吸收。
VAL__34E,VAL,缬氨酸,34E,(3R)-4-[4-(2-methoxyethyl)piperazin-1-yl]-N-methyl-L-valine,N-取代／酰化,新增基团连接到母体的碳原子、氮原子,0,3,1.72,-0.495,6,likely_increase,structure_rule,uncertain,structure_rule,likely_increase,structure_rule,none,context_reference,当前记录没有本CCD的单点性质对照；同类论文只用于给出筛选方向。
VAL__9NV,VAL,缬氨酸,9NV,DANSYL-L-NORVALINE,构象限制型成环,缬氨酸侧链由异丙基改为直链正丙基；名称中的其他取代基另行保留,0,2,23.39,2.383,5,uncertain,structure_rule,uncertain,structure_rule,likely_increase,structure_rule,activity_or_binding,property_specific_experiment,证据属于完整游离小分子。
VAL__A1A8T,VAL,缬氨酸,A1A8T,3-methyl-L-isovaline,其他官能团替换,新增基团连接到母体的碳原子,0,0,0,0.39,0,likely_decrease,structure_rule,uncertain,structure_rule,increase,same_scaffold_comparison,proteolytic_stability | oral_absorption | activity_or_binding,property_specific_experiment,结果只适用于论文中的同一宏环骨架和替换位置。
VAL__A1AVU,VAL,缬氨酸,A1AVU,(3S)-4-fluoro-L-valine,卤代,新增基团连接到母体的碳原子,0,0,0,-0.05,1,uncertain,structure_rule,uncertain,structure_rule,uncertain,no_property_experiment,none,prediction_only,这是一条设计建议，不是性质结论；最终必须用同一肽骨架的母体/衍生物配对实验确认。
VAL__A1ECM,VAL,缬氨酸,A1ECM,"(2S)-3,3-dimethyl-2-(methylsulfonylamino)butanoic acid",N-取代／酰化,新增基团连接到母体的碳原子、氮原子,0,1,20.15,-0.019,1,likely_increase,structure_rule,likely_decrease,structure_rule,likely_increase,structure_rule,none,context_reference,当前记录没有本CCD的单点性质对照；同类论文只用于给出筛选方向。
VAL__A8E,VAL,缬氨酸,A8E,(2S)-2-amino-4-bromopent-4-enoic acid,构象限制型成环,官方CCD化学名称“(2S)-2-amino-4-bromopent-4-enoic acid”确定了改造区域；结构叠合覆盖天然母体88%。新增1个Br、1个C；母体中少了1个C；新增部分连接到母体原子1（C）,0,0,0,0.643,1,likely_decrease,structure_rule,uncertain,structure_rule,likely_increase,structure_rule,none,prediction_only,这是一条设计建议，不是性质结论；最终必须用同一肽骨架的母体/衍生物配对实验确认。
VAL__EU0,VAL,缬氨酸,EU0,1-[(2~{S})-3-methyl-1-oxidanylidene-butan-2-yl]guanidine,N-取代／酰化,新增基团连接到母体的氮原子,2,-1,37.62,-2.295,1,likely_increase,structure_rule,likely_decrease,structure_rule,likely_increase,structure_rule,none,context_reference,当前记录没有本CCD的单点性质对照；同类论文只用于给出筛选方向。
VAL__FVA,VAL,缬氨酸,FVA,N-formyl-L-valine,N-取代／酰化,新增基团连接到母体的氮原子,0,0,3.08,-0.212,2,uncertain,structure_rule,uncertain,structure_rule,likely_increase,structure_rule,none,context_reference,当前记录没有本CCD的单点性质对照；同类论文只用于给出筛选方向。
VAL__HVA,VAL,缬氨酸,HVA,3-hydroxy-L-valine,羟基化／氧化还原,新增基团连接到母体的碳原子,1,1,20.23,-0.885,0,likely_increase,structure_rule,likely_decrease,structure_rule,uncertain,no_property_experiment,none,prediction_only,计算描述符只能提示方向，不能等同于实测溶解度、渗透性、稳定性或口服吸收。
VAL__LE1,VAL,缬氨酸,LE1,3-sulfanyl-L-valine,极性或带电基团,新增基团连接到母体的碳原子,1,1,0,0.053,0,uncertain,structure_rule,uncertain,structure_rule,uncertain,no_property_experiment,none,prediction_only,计算描述符只能提示方向，不能等同于实测溶解度、渗透性、稳定性或口服吸收。
VAL__LVN,VAL,缬氨酸,LVN,(3S)-4-oxo-L-valine,羟基化／氧化还原,新增基团连接到母体的碳原子,0,1,17.07,-0.821,1,likely_increase,structure_rule,uncertain,structure_rule,uncertain,no_property_experiment,none,prediction_only,计算描述符只能提示方向，不能等同于实测溶解度、渗透性、稳定性或口服吸收。
VAL__MVA,VAL,缬氨酸,MVA,N-METHYLVALINE,N-取代／酰化,α-氨基的氮原子（进入肽链后对应主链酰胺氮）,0,0,-13.99,0.261,1,likely_decrease,structure_rule,likely_increase,structure_rule,likely_increase,structure_rule,none,context_reference,没有VAL→MVA单点配对的临床实验。20.8%属于完整环孢素分子，不能作为MVA自身的口服生物利用度。
VAL__NVA,VAL,缬氨酸,NVA,NORVALINE,构象限制型成环,缬氨酸侧链由异丙基改为直链正丙基；名称中的其他取代基另行保留,0,0,0,0.144,1,uncertain,structure_rule,decrease,complete_peptide_context,likely_increase,structure_rule,none,context_reference,证据属于完整肽、天然产物、临床骨架或专利实例；只能说明该残基与该骨架相容，不能把整分子的性质归因于一个残基。
VAL__RXL,VAL,缬氨酸,RXL,Dehydrovaline,构象限制型成环,检测到1处键级变化,0,0,0,0.27,-1,uncertain,structure_rule,uncertain,structure_rule,increase,specific_residue_comparison,proteolytic_stability | conformational_behavior,property_specific_experiment,这是模型β-发夹的构象和蛋白酶稳定性证据，不是通用药代结论。
VAL__TBG,VAL,缬氨酸,TBG,3-methyl-L-valine,其他官能团替换,新增基团连接到母体的碳原子,0,0,0,0.39,-1,likely_decrease,structure_rule,uncertain,structure_rule,increase,complete_peptide_context,none,context_reference,证据属于完整肽、天然产物、临床骨架或专利实例；只能说明该残基与该骨架相容，不能把整分子的性质归因于一个残基。
VAL__VAD,VAL,缬氨酸,VAD,DEAMINOHYDROXYVALINE,复杂骨架重构,涉及多个原子和键的整体变化，不能可靠归为肽链上的一个替换原子,0,0,-5.79,0.034,0,uncertain,structure_rule,uncertain,structure_rule,uncertain,no_property_experiment,none,prediction_only,结构重构分类不等于性质改善；需要完整构件的合成、构象和性质实验。
VAL__VAH,VAL,缬氨酸,VAH,(3R)-3-hydroxy-L-norvaline,构象限制型成环,缬氨酸侧链由异丙基改为直链正丙基；名称中的其他取代基另行保留,1,1,20.23,-0.885,1,likely_increase,structure_rule,likely_decrease,structure_rule,likely_increase,structure_rule,none,prediction_only,计算描述符只能提示方向，不能等同于实测溶解度、渗透性、稳定性或口服吸收。
VAL__WVL,VAL,缬氨酸,WVL,"(2S,3R)-2-amino-3,5-dimethylhex-4-enoic acid",侧链延长／增大,新增基团连接到母体的碳原子,0,0,0,0.947,1,likely_decrease,structure_rule,uncertain,structure_rule,uncertain,no_property_experiment,none,prediction_only,这是一条设计建议，不是性质结论；最终必须用同一肽骨架的母体/衍生物配对实验确认。
VAL__X60,VAL,缬氨酸,X60,2-ethyl-L-norvaline,构象限制型成环,缬氨酸侧链由异丙基改为直链正丙基；名称中的其他取代基另行保留,0,0,0,0.925,2,likely_decrease,structure_rule,uncertain,structure_rule,likely_increase,structure_rule,none,prediction_only,这是一条设计建议，不是性质结论；最终必须用同一肽骨架的母体/衍生物配对实验确认。
VAL__ZQN,VAL,缬氨酸,ZQN,N-(TERT-BUTYLOXYCARBONYL)-VALINE,N-取代／酰化,新增基团连接到母体的氮原子,0,1,12.31,1.566,1,uncertain,structure_rule,uncertain,structure_rule,likely_increase,structure_rule,none,context_reference,当前记录没有本CCD的单点性质对照；同类论文只用于给出筛选方向。
