最终状态,审核优先级,CCD编号,名称,同义词,结构分类,独立单体判断,证据状态,聚合物实体数,≤50残基实体数,示例PDB,最终判断理由,结构风险提示,分子式,分子量,母体CCD,CCD类型,骨架碳距离,立体化学SMILES,CCD链接,结构图链接
优先深审,P0,3WX,2-methyl-L-proline,,构象限制,较可能,网站已有人工证据,8,8,10SB / 6XIB / 6XIC / 6XID / 6XIE,结构筛选通过，且网站已有人工整理的论文/专利证据,,C6 H11 N O2,129.157,PRO,peptide-like,1,C[C@]1(CCCN1)C(=O)O,https://www.rcsb.org/ligand/3WX,https://www.ebi.ac.uk/pdbe/static/files/pdbechem_v2/3WX_500.svg
优先深审,P0,5JP,N-methyl-L-serine,,N-取代,较可能,网站已有人工证据,4,4,5E2A / 6DUB / 7NUS / 7TL8,结构筛选通过，且网站已有人工整理的论文/专利证据,,C4 H9 N O3,119.119,SER,NON-POLYMER,1,CN[C@@H](CO)C(=O)O,https://www.rcsb.org/ligand/5JP,https://www.ebi.ac.uk/pdbe/static/files/pdbechem_v2/5JP_500.svg
优先深审,P0,A1CHA,3-(aminomethyl)-L-phenylalanine,,芳香/疏水侧链,较可能,网站已有人工证据,3,3,10SB / 9P5C / 9R9M,结构筛选通过，且网站已有人工整理的论文/专利证据,,C10 H14 N2 O2,194.23,PHE,non-polymer,1,c1cc(cc(c1)CN)C[C@@H](C(=O)O)N,https://www.rcsb.org/ligand/A1CHA,https://www.ebi.ac.uk/pdbe/static/files/pdbechem_v2/A1CHA_500.svg
优先深审,P0,NMK,N-methyl Lysine,,N-取代,较可能,网站已有人工证据,2,2,6HVC / 7AA4,结构筛选通过，且网站已有人工整理的论文/专利证据,CCD未指定标准氨基酸母体,C7 H17 N2 O2,161.222,,NON-POLYMER,1,CN[C@@H](CCCC[NH3+])C(=O)O,https://www.rcsb.org/ligand/NMK,https://www.ebi.ac.uk/pdbe/static/files/pdbechem_v2/NMK_500.svg
优先深审,P0,SOQ,N-methyl-L-aspartic acid,,N-取代,较可能,网站已有人工证据,7,7,24HR / 24HS / 7AZ6 / 7AZ7 / 7AZG,结构筛选通过，且网站已有人工整理的论文/专利证据,CCD未指定标准氨基酸母体,C5 H9 N O4,147.129,,non-polymer,2,CN[C@@H](CC(=O)O)C(=O)O,https://www.rcsb.org/ligand/SOQ,https://www.ebi.ac.uk/pdbe/static/files/pdbechem_v2/SOQ_500.svg
优先深审,P0,STA,STATINE,,其他候选,较可能,网站已有人工证据,44,44,1FIV / 1GVU / 1IZE / 1LS5 / 1LYB,结构筛选通过，且网站已有人工整理的论文/专利证据,CCD未指定标准氨基酸母体,C8 H17 N O3,175.225,,peptide-like,3,CC(C)C[C@@H]([C@H](CC(=O)O)O)N,https://www.rcsb.org/ligand/STA,https://www.ebi.ac.uk/pdbe/static/files/pdbechem_v2/STA_500.svg
暂缓,P1,033,"N-({4'-[(1-BENZOFURAN-2-YLCARBONYL)AMINO]-1,1'-BIPHENYL-4-YL}SULFONYL)-L-VALINE",WAY033,芳香/疏水侧链,需确认,未进入使用审计,0,0,,结构可能合理，但单体身份、偶联条件或复杂度证据不足，暂不进入研发候选库,分子量超过300 Da，需确认偶联、脱保护和总环肽体积负担；杂原子较多，可能带来较高极性或多重保护需求,C26 H24 N2 O6 S,492.544,VAL,NON-POLYMER,1,CC(C)[C@@H](C(=O)O)NS(=O)(=O)c1ccc(cc1)c2ccc(cc2)NC(=O)c3cc4ccccc4o3,https://www.rcsb.org/ligand/033,https://www.ebi.ac.uk/pdbe/static/files/pdbechem_v2/033_500.svg
优先深审,P1,0UO,4-methoxy-L-tryptophan,,其他候选,较可能,短聚合物序列命中,2,2,4FN5 / 7UG7,结构筛选通过，且在不超过50残基的PDB聚合物序列中实际出现,,C12 H14 N2 O3,234.251,TRP,peptide-like,1,COc1cccc2c1c(c[nH]2)C[C@@H](C(=O)O)N,https://www.rcsb.org/ligand/0UO,https://www.ebi.ac.uk/pdbe/static/files/pdbechem_v2/0UO_500.svg
条件候选,P1,42Y,O-propanoyl-L-serine,,其他候选,较可能,仅长聚合物命中,3,0,4XSA / 5WGC / 6UR0,结构筛选通过，但目前只在较长聚合物中出现；需确认是否适合环肽合成,,C6 H11 N O4,161.156,SER,NON-POLYMER,1,CCC(=O)OC[C@@H](C(=O)O)N,https://www.rcsb.org/ligand/42Y,https://www.ebi.ac.uk/pdbe/static/files/pdbechem_v2/42Y_500.svg
优先深审,P1,45F,(4S)-4-(prop-2-yn-1-yloxy)-L-proline,,构象限制,较可能,短聚合物序列命中,1,1,4Y1C,结构筛选通过，且在不超过50残基的PDB聚合物序列中实际出现,,C8 H11 N O3,169.178,PRO,NON-POLYMER,1,C#CCO[C@H]1C[C@H](NC1)C(=O)O,https://www.rcsb.org/ligand/45F,https://www.ebi.ac.uk/pdbe/static/files/pdbechem_v2/45F_500.svg
条件候选,P1,6DN,(2~{S})-2-azanyl-6-(2-hydroxy-2-oxoethylamino)hexanoic acid,,其他候选,较可能,仅长聚合物命中,1,0,5J2S,结构筛选通过，但目前只在较长聚合物中出现；需确认是否适合环肽合成,,C8 H16 N2 O4,204.224,LYS,NON-POLYMER,1,C(CCNCC(=O)O)C[C@@H](C(=O)O)N,https://www.rcsb.org/ligand/6DN,https://www.ebi.ac.uk/pdbe/static/files/pdbechem_v2/6DN_500.svg
条件候选,P1,8AY,"3-[6-(propan-2-yl)-1,3-benzothiazol-2-yl]-L-alanine",,其他候选,较可能,仅结构候选,0,0,,结构筛选通过，但目前只有结构层面的单体合理性，缺少实际肽使用证据,,C13 H16 N2 O2 S,264.343,ALA,NON-POLYMER,1,CC(C)c1ccc2c(c1)sc(n2)C[C@@H](C(=O)O)N,https://www.rcsb.org/ligand/8AY,https://www.ebi.ac.uk/pdbe/static/files/pdbechem_v2/8AY_500.svg
条件候选,P1,9IJ,2-cyano-L-phenylalanine,,芳香/疏水侧链,较可能,仅长聚合物命中,19,0,7SJJ / 7SPV / 7SPW / 7SPX / 8DZU,结构筛选通过，但目前只在较长聚合物中出现；需确认是否适合环肽合成,,C10 H10 N2 O2,190.199,PHE,non-polymer,1,c1ccc(c(c1)C[C@@H](C(=O)O)N)C#N,https://www.rcsb.org/ligand/9IJ,https://www.ebi.ac.uk/pdbe/static/files/pdbechem_v2/9IJ_500.svg
优先深审,P1,9RI,"N~6~-[(1R,2S,4S)-bicyclo[2.2.1]heptan-2-yl]-N~6~-methyl-L-lysine",,其他候选,较可能,短聚合物序列命中,1,1,8SII,结构筛选通过，且在不超过50残基的PDB聚合物序列中实际出现,,C14 H26 N2 O2,254.368,LYS,non-polymer,1,CN(CCCC[C@@H](C(=O)O)N)[C@H]1C[C@H]2CC[C@@H]1C2,https://www.rcsb.org/ligand/9RI,https://www.ebi.ac.uk/pdbe/static/files/pdbechem_v2/9RI_500.svg
优先深审,P1,A1A2Y,5-methoxy-L-tryptophan,,其他候选,较可能,短聚合物序列命中,2,2,8VJD / 8VJE,结构筛选通过，且在不超过50残基的PDB聚合物序列中实际出现,,C12 H14 N2 O3,234.251,TRP,non-polymer,1,COc1ccc2c(c1)c(c[nH]2)C[C@@H](C(=O)O)N,https://www.rcsb.org/ligand/A1A2Y,https://www.ebi.ac.uk/pdbe/static/files/pdbechem_v2/A1A2Y_500.svg
暂缓,P1,A1A2Z,N-({3-hydroxy-2-methyl-5-[(phosphonooxy)methyl]pyridin-4-yl}methyl)-L-tryptophan,,芳香/疏水侧链,需确认,未进入使用审计,0,0,,结构可能合理，但单体身份、偶联条件或复杂度证据不足，暂不进入研发候选库,分子量超过300 Da，需确认偶联、脱保护和总环肽体积负担；杂原子较多，可能带来较高极性或多重保护需求；含磷酸/膦酸相关结构，通常不利于被动跨膜,C19 H22 N3 O7 P,435.368,TRP,non-polymer,1,Cc1c(c(c(cn1)COP(=O)(O)O)CN[C@@H](Cc2c[nH]c3c2cccc3)C(=O)O)O,https://www.rcsb.org/ligand/A1A2Z,https://www.ebi.ac.uk/pdbe/static/files/pdbechem_v2/A1A2Z_500.svg
优先深审,P1,A1APM,alpha-methyl-L-phenylalanine,,芳香/疏水侧链,较可能,短聚合物序列命中,4,4,9BI3 / 9YM5 / 9YM6 / 9YM7,结构筛选通过，且在不超过50残基的PDB聚合物序列中实际出现,,C10 H13 N O2,179.216,PHE,non-polymer,1,C[C@](Cc1ccccc1)(C(=O)O)N,https://www.rcsb.org/ligand/A1APM,https://www.ebi.ac.uk/pdbe/static/files/pdbechem_v2/A1APM_500.svg
条件候选,P1,A1AV8,N-(prop-2-en-1-yl)glycine,N-allylglycine,其他候选,较可能,仅结构候选,0,0,,结构筛选通过，但目前只有结构层面的单体合理性，缺少实际肽使用证据,,C5 H9 N O2,115.13,GLY,non-polymer,1,C=CCNCC(=O)O,https://www.rcsb.org/ligand/A1AV8,https://www.ebi.ac.uk/pdbe/static/files/pdbechem_v2/A1AV8_500.svg
优先深审,P1,A1BIE,N~6~-(2-methylprop-2-enoyl)-L-lysine,,其他候选,较可能,短聚合物序列命中,1,1,9EHI,结构筛选通过，且在不超过50残基的PDB聚合物序列中实际出现,含预先形成的酰胺键，需确认主链氨基是否仍可偶联,C10 H18 N2 O3,214.262,LYS,non-polymer,1,CC(=C)C(=O)NCCCC[C@@H](C(=O)O)N,https://www.rcsb.org/ligand/A1BIE,https://www.ebi.ac.uk/pdbe/static/files/pdbechem_v2/A1BIE_500.svg
排除,P1,A1CJI,"O-[(R)-hydroxy{(3R)-3-hydroxy-2,2-dimethyl-4-[(3-{[2-(octadecanoylsulfanyl)ethyl]amino}-3-oxopropyl)amino]-4-oxobutoxy}phosphoryl]-3-oxo-L-serine",,其他候选,否,未进入使用审计,0,0,,分子量超过500 Da，优先判断为复杂整分子,分子量超过300 Da，需确认偶联、脱保护和总环肽体积负担；杂原子较多，可能带来较高极性或多重保护需求；含磷酸/膦酸相关结构，通常不利于被动跨膜,C32 H60 N3 O11 P S,725.871,SER,non-polymer,1,CCCCCCCCCCCCCCCCCC(=O)SCCNC(=O)CCNC(=O)[C@@H](C(C)(C)COP(=O)(O)OC(=O)[C@@H](C(=O)O)N)O,https://www.rcsb.org/ligand/A1CJI,https://www.ebi.ac.uk/pdbe/static/files/pdbechem_v2/A1CJI_500.svg
优先深审,P1,A1CZ7,"N,O-dimethyl-L-serine",,其他候选,较可能,短聚合物序列命中,1,1,9YWS,结构筛选通过，且在不超过50残基的PDB聚合物序列中实际出现,,C5 H11 N O3,133.146,SER,non-polymer,1,CN[C@@H](COC)C(=O)O,https://www.rcsb.org/ligand/A1CZ7,https://www.ebi.ac.uk/pdbe/static/files/pdbechem_v2/A1CZ7_500.svg
条件候选,P1,A1DP2,S-[(1R)-1-hydroxy-2-oxopropyl]-L-cysteine,,其他候选,较可能,仅长聚合物命中,6,0,9CFI / 9CFM / 9CFO / 9CFY / 9CFZ,结构筛选通过，但目前只在较长聚合物中出现；需确认是否适合环肽合成,,C6 H11 N O4 S,193.221,CYS,non-polymer,1,CC(=O)[C@H](O)SC[C@@H](C(=O)O)N,https://www.rcsb.org/ligand/A1DP2,https://www.ebi.ac.uk/pdbe/static/files/pdbechem_v2/A1DP2_500.svg
优先深审,P1,A1IL6,"(2~{S},4~{S})-4-hexylsulfanylpyrrolidine-2-carboxylic acid",,其他候选,较可能,短聚合物序列命中,1,1,9GFK,结构筛选通过，且在不超过50残基的PDB聚合物序列中实际出现,,C11 H21 N O2 S,231.355,PRO,non-polymer,1,CCCCCCS[C@H]1C[C@H](NC1)C(=O)O,https://www.rcsb.org/ligand/A1IL6,https://www.ebi.ac.uk/pdbe/static/files/pdbechem_v2/A1IL6_500.svg
排除,P1,A1ITS,S-dimethylarsinoyl-serine,,其他候选,否,未进入使用审计,0,0,,含金属元素，不属于常规肽合成单体,,C5 H13 As N O4,226.083,SER,non-polymer,1,C[AsH](=O)(C)OC[C@@H](C(=O)O)N,https://www.rcsb.org/ligand/A1ITS,https://www.ebi.ac.uk/pdbe/static/files/pdbechem_v2/A1ITS_500.svg
优先深审,P1,A1J0G,dimethyl-glutamic acid,,其他候选,较可能,短聚合物序列命中,1,1,9U2V,结构筛选通过，且在不超过50残基的PDB聚合物序列中实际出现,,C7 H13 N O4,175.182,GLU,non-polymer,3,CC(C)(CC(=O)O)[C@@H](C(=O)O)N,https://www.rcsb.org/ligand/A1J0G,https://www.ebi.ac.uk/pdbe/static/files/pdbechem_v2/A1J0G_500.svg
条件候选,P1,A1JJC,N-Phenylglycine,2-phenylazanylethanoic acid,芳香/疏水侧链,较可能,仅结构候选,0,0,,结构筛选通过，但目前只有结构层面的单体合理性，缺少实际肽使用证据,,C8 H9 N O2,151.163,GLY,non-polymer,1,c1ccc(cc1)NCC(=O)O,https://www.rcsb.org/ligand/A1JJC,https://www.ebi.ac.uk/pdbe/static/files/pdbechem_v2/A1JJC_500.svg
优先深审,P1,AKZ,"(3S)-3-amino-4,4-dihydroxybutanoic acid",,其他候选,较可能,短聚合物序列命中,2,2,4JR0 / 4JR1,结构筛选通过，且在不超过50残基的PDB聚合物序列中实际出现,,C4 H9 N O4,135.119,ASP,peptide-like,2,C([C@@H](C(O)O)N)C(=O)O,https://www.rcsb.org/ligand/AKZ,https://www.ebi.ac.uk/pdbe/static/files/pdbechem_v2/AKZ_500.svg
条件候选,P1,AVJ,"N,N,N-trimethyl-histidine",Hercynine,其他候选,较可能,仅结构候选,0,0,,结构筛选通过，但目前只有结构层面的单体合理性，缺少实际肽使用证据,,C9 H16 N3 O2,198.242,HIS,NON-POLYMER,1,C[N+](C)(C)[C@@H](Cc1cnc[nH]1)C(=O)O,https://www.rcsb.org/ligand/AVJ,https://www.ebi.ac.uk/pdbe/static/files/pdbechem_v2/AVJ_500.svg
优先深审,P1,C1J,N~5~-(N-octylcarbamimidoyl)-L-ornithine,,其他候选,较可能,短聚合物序列命中,1,1,6AXP,结构筛选通过，且在不超过50残基的PDB聚合物序列中实际出现,,C14 H30 N4 O2,286.414,ARG,NON-POLYMER,1,[H]/N=C(/NCCCCCCCC)\NCCC[C@@H](C(=O)O)N,https://www.rcsb.org/ligand/C1J,https://www.ebi.ac.uk/pdbe/static/files/pdbechem_v2/C1J_500.svg
条件候选,P1,C1S,3-(prop-2-en-1-yldisulfanyl)-L-alanine,,其他候选,较可能,仅长聚合物命中,2,0,4MKJ / 4MKK,结构筛选通过，但目前只在较长聚合物中出现；需确认是否适合环肽合成,,C6 H11 N O2 S2,193.287,CYS,NON-POLYMER,1,C=CCSSC[C@@H](C(=O)O)N,https://www.rcsb.org/ligand/C1S,https://www.ebi.ac.uk/pdbe/static/files/pdbechem_v2/C1S_500.svg
优先深审,P1,C4G,N~5~-[N-(3-aminopropyl)carbamimidoyl]-L-ornithine,,其他候选,较可能,短聚合物序列命中,1,1,6AYN,结构筛选通过，且在不超过50残基的PDB聚合物序列中实际出现,杂原子较多，可能带来较高极性或多重保护需求,C9 H21 N5 O2,231.295,ARG,NON-POLYMER,1,[H]/N=C(/NCCC[C@@H](C(=O)O)N)\NCCCN,https://www.rcsb.org/ligand/C4G,https://www.ebi.ac.uk/pdbe/static/files/pdbechem_v2/C4G_500.svg
优先深审,P1,C67,N~5~-[N-(2-carboxyethyl)carbamimidoyl]-L-ornithine,,其他候选,较可能,短聚合物序列命中,1,1,6AZL,结构筛选通过，且在不超过50残基的PDB聚合物序列中实际出现,,C9 H18 N4 O4,246.264,ARG,NON-POLYMER,1,[H]/N=C(\NCCC[C@@H](C(=O)O)N)/NCCC(=O)O,https://www.rcsb.org/ligand/C67,https://www.ebi.ac.uk/pdbe/static/files/pdbechem_v2/C67_500.svg
优先深审,P1,C6D,N~5~-[N-(3-hydroxypropyl)carbamimidoyl]-L-ornithine,,其他候选,较可能,短聚合物序列命中,1,1,6AZK,结构筛选通过，且在不超过50残基的PDB聚合物序列中实际出现,,C9 H20 N4 O3,232.28,ARG,NON-POLYMER,1,[H]/N=C(\NCCC[C@@H](C(=O)O)N)/NCCCO,https://www.rcsb.org/ligand/C6D,https://www.ebi.ac.uk/pdbe/static/files/pdbechem_v2/C6D_500.svg
优先深审,P1,EZY,N-[(2-nitrophenyl)methyl]glycine,2-nitrobenzylglycine,芳香/疏水侧链,较可能,短聚合物序列命中,4,4,6CG3 / 6CG4 / 6CG5 / 9PUG,结构筛选通过，且在不超过50残基的PDB聚合物序列中实际出现,,C9 H10 N2 O4,210.187,GLY,NON-POLYMER,1,c1ccc(c(c1)CNCC(=O)O)N(=O)=O,https://www.rcsb.org/ligand/EZY,https://www.ebi.ac.uk/pdbe/static/files/pdbechem_v2/EZY_500.svg
条件候选,P1,FFL,"5,5'-difluoroleucines",(2S)-2-azanyl-5-fluoranyl-4-(fluoranylmethyl)pentanoic acid,卤代/电子调节,较可能,仅长聚合物命中,3,0,7Q6P / 8VRI,结构筛选通过，但目前只在较长聚合物中出现；需确认是否适合环肽合成,,C6 H11 F2 N O2,167.154,LEU,non-polymer,1,C([C@@H](C(=O)O)N)C(CF)CF,https://www.rcsb.org/ligand/FFL,https://www.ebi.ac.uk/pdbe/static/files/pdbechem_v2/FFL_500.svg
优先深审,P1,GLK,"(4S)-4-amino-5,5-dihydroxypentanoic acid",,其他候选,较可能,短聚合物序列命中,1,1,2HAL,结构筛选通过，且在不超过50残基的PDB聚合物序列中实际出现,,C5 H11 N O4,149.145,GLU,peptide-like,3,C(CC(=O)O)[C@@H](C(O)O)N,https://www.rcsb.org/ligand/GLK,https://www.ebi.ac.uk/pdbe/static/files/pdbechem_v2/GLK_500.svg
条件候选,P1,H1D,"(2S)-2-AMINO-4-[(2R,3S)-2,3-DIHYDROXY-3-N-HYDROXYCARBAMOYL-PROPYLMERCAPTO]BUTYRIC ACID",,其他候选,较可能,仅结构候选,0,0,,结构筛选通过，但目前只有结构层面的单体合理性，缺少实际肽使用证据,杂原子较多，可能带来较高极性或多重保护需求；含预先形成的酰胺键，需确认主链氨基是否仍可偶联,C8 H16 N2 O6 S,268.287,MET,NON-POLYMER,1,C(CSC[C@H]([C@H](C(=O)NO)O)O)[C@@H](C(=O)O)N,https://www.rcsb.org/ligand/H1D,https://www.ebi.ac.uk/pdbe/static/files/pdbechem_v2/H1D_500.svg
条件候选,P1,HYI,"(2S)-2-AMINO-4-[(2R,3R)-2,3-DIHYDROXY-3-N-HYDROXYCARBAMOYL-PROPYLMERCAPTO]BUTYRIC ACID",,其他候选,较可能,仅结构候选,0,0,,结构筛选通过，但目前只有结构层面的单体合理性，缺少实际肽使用证据,杂原子较多，可能带来较高极性或多重保护需求；含预先形成的酰胺键，需确认主链氨基是否仍可偶联,C8 H16 N2 O6 S,268.287,MET,NON-POLYMER,1,C(CSC[C@@H]([C@H](C(=O)NO)O)O)[C@@H](C(=O)O)N,https://www.rcsb.org/ligand/HYI,https://www.ebi.ac.uk/pdbe/static/files/pdbechem_v2/HYI_500.svg
条件候选,P1,I3D,"5,6-difluoro-tryptophan","(2S)-2-azanyl-3-[5,6-bis(fluoranyl)-1H-indol-3-yl]propanoic acid",卤代/电子调节,较可能,仅长聚合物命中,2,0,7QZ8 / 7QZ9,结构筛选通过，但目前只在较长聚合物中出现；需确认是否适合环肽合成,,C11 H10 F2 N2 O2,240.206,TRP,non-polymer,1,c1c2c(cc(c1F)F)[nH]cc2C[C@@H](C(=O)O)N,https://www.rcsb.org/ligand/I3D,https://www.ebi.ac.uk/pdbe/static/files/pdbechem_v2/I3D_500.svg
暂缓,P1,II1,Aspergillomarasmine A,N-[(2S)-2-{[(2S)-2-amino-2-carboxyethyl]amino}-2-carboxyethyl]-L-aspartic acid,其他候选,需确认,未进入使用审计,0,0,,结构可能合理，但单体身份、偶联条件或复杂度证据不足，暂不进入研发候选库,分子量超过300 Da，需确认偶联、脱保护和总环肽体积负担；杂原子较多，可能带来较高极性或多重保护需求,C10 H17 N3 O8,307.257,ASP,non-polymer,1,C([C@@H](C(=O)O)NC[C@@H](C(=O)O)NC[C@@H](C(=O)O)N)C(=O)O,https://www.rcsb.org/ligand/II1,https://www.ebi.ac.uk/pdbe/static/files/pdbechem_v2/II1_500.svg
条件候选,P1,ILY,N~6~-propan-2-yl-L-lysine,,其他候选,较可能,仅长聚合物命中,1,0,4IAG,结构筛选通过，但目前只在较长聚合物中出现；需确认是否适合环肽合成,,C9 H20 N2 O2,188.267,LYS,NON-POLYMER,1,CC(C)NCCCC[C@@H](C(=O)O)N,https://www.rcsb.org/ligand/ILY,https://www.ebi.ac.uk/pdbe/static/files/pdbechem_v2/ILY_500.svg
优先深审,P1,LYP,N~6~-METHYL-N~6~-PROPYL-L-LYSINE,,其他候选,较可能,短聚合物序列命中,1,1,2UXN,结构筛选通过，且在不超过50残基的PDB聚合物序列中实际出现,,C10 H22 N2 O2,202.294,LYS,NON-POLYMER,1,CCCN(C)CCCCC(C(=O)O)N,https://www.rcsb.org/ligand/LYP,https://www.ebi.ac.uk/pdbe/static/files/pdbechem_v2/LYP_500.svg
条件候选,P1,O18,O-palmitoleoyl serine,(2S)-2-azanyl-3-[(Z)-hexadec-9-enoyl]oxy-propanoic acid,其他候选,较可能,仅长聚合物命中,1,0,9PQZ,结构筛选通过，但目前只在较长聚合物中出现；需确认是否适合环肽合成,分子量超过300 Da，需确认偶联、脱保护和总环肽体积负担,C19 H35 N O4,341.486,SER,non-polymer,1,CCCCCC/C=C\CCCCCCCC(=O)OC[C@@H](C(=O)O)N,https://www.rcsb.org/ligand/O18,https://www.ebi.ac.uk/pdbe/static/files/pdbechem_v2/O18_500.svg
条件候选,P1,OO0,ALLIIN,2-azanyl-3-prop-2-enylsulfinyl-propanoic acid,其他候选,较可能,仅结构候选,0,0,,结构筛选通过，但目前只有结构层面的单体合理性，缺少实际肽使用证据,,C6 H11 N O3 S,177.221,CYS,NON-POLYMER,1,C=CCS(=O)CC(C(=O)O)N,https://www.rcsb.org/ligand/OO0,https://www.ebi.ac.uk/pdbe/static/files/pdbechem_v2/OO0_500.svg
条件候选,P1,P5U,O-[(4-cyanophenyl)sulfonyl]-L-serine,,芳香/疏水侧链,较可能,仅长聚合物命中,2,0,6DWQ / 6DWR,结构筛选通过，但目前只在较长聚合物中出现；需确认是否适合环肽合成,,C10 H10 N2 O5 S,270.262,SER,NON-POLYMER,1,c1cc(ccc1C#N)S(=O)(=O)OC[C@@H](C(=O)O)N,https://www.rcsb.org/ligand/P5U,https://www.ebi.ac.uk/pdbe/static/files/pdbechem_v2/P5U_500.svg
优先深审,P1,PSA,3-HYDROXY-4-AMINO-5-PHENYLPENTANOIC ACID,,芳香/疏水侧链,较可能,短聚合物序列命中,16,16,1EPL / 1EPM / 2IFW / 3UQP / 3UQR,结构筛选通过，且在不超过50残基的PDB聚合物序列中实际出现,,C11 H15 N O3,209.242,PHE,PEPTIDE-LIKE,3,c1ccc(cc1)C[C@@H]([C@H](CC(=O)O)O)N,https://www.rcsb.org/ligand/PSA,https://www.ebi.ac.uk/pdbe/static/files/pdbechem_v2/PSA_500.svg
条件候选,P1,SBG,O-[(S)-HYDROXY(METHYL)PHOSPHORYL]-L-SERINE,,其他候选,较可能,仅长聚合物命中,5,0,2JGL / 2WHQ / 4AXB / 4B0O / 4B0P,结构筛选通过，但目前只在较长聚合物中出现；需确认是否适合环肽合成,含磷酸/膦酸相关结构，通常不利于被动跨膜,C4 H10 N O5 P,183.1,SER,NON-POLYMER,1,C[P@](=O)(O)OC[C@@H](C(=O)O)N,https://www.rcsb.org/ligand/SBG,https://www.ebi.ac.uk/pdbe/static/files/pdbechem_v2/SBG_500.svg
条件候选,P1,SDB,"(4S)-2-[(1S)-1-amino-2-hydroxyethyl]-3,4,5,6-tetrahydropyrimidine-4-carboxylic acid",,其他候选,较可能,仅结构候选,0,0,,结构筛选通过，但目前只有结构层面的单体合理性，缺少实际肽使用证据,,C7 H13 N3 O3,187.196,SER,non-polymer,1,C1CN=C(N[C@@H]1C(=O)O)[C@@H](CO)N,https://www.rcsb.org/ligand/SDB,https://www.ebi.ac.uk/pdbe/static/files/pdbechem_v2/SDB_500.svg
条件候选,P1,TFW,"5,6,7-trifluoro-tryptophan","(2S)-2-azanyl-3-[5,6,7-tris(fluoranyl)-1H-indol-3-yl]propanoic acid",卤代/电子调节,较可能,仅长聚合物命中,1,0,7QZ7,结构筛选通过，但目前只在较长聚合物中出现；需确认是否适合环肽合成,,C11 H9 F3 N2 O2,258.197,TRP,non-polymer,1,c1c2c(c[nH]c2c(c(c1F)F)F)C[C@@H](C(=O)O)N,https://www.rcsb.org/ligand/TFW,https://www.ebi.ac.uk/pdbe/static/files/pdbechem_v2/TFW_500.svg
优先深审,P1,V7T,(2R)-6-azanyl-2-carbamimidamido-hexanoic acid,,其他候选,较可能,短聚合物序列命中,12,12,7O55 / 7OBV / 7OC2 / 7PFQ / 7PFY,结构筛选通过，且在不超过50残基的PDB聚合物序列中实际出现,,C7 H16 N4 O2,188.228,LYS,peptide-like,1,[H]/N=C(\N)/N[C@H](CCCCN)C(=O)O,https://www.rcsb.org/ligand/V7T,https://www.ebi.ac.uk/pdbe/static/files/pdbechem_v2/V7T_500.svg
优先深审,P1,ZT1,N~6~-[(1-methyl-1H-imidazol-5-yl)methyl]-N~6~-propan-2-yl-L-lysine,,其他候选,较可能,短聚合物序列命中,1,1,7N27,结构筛选通过，且在不超过50残基的PDB聚合物序列中实际出现,,C14 H26 N4 O2,282.382,LYS,non-polymer,1,CC(C)N(CCCC[C@@H](C(=O)O)N)Cc1cncn1C,https://www.rcsb.org/ligand/ZT1,https://www.ebi.ac.uk/pdbe/static/files/pdbechem_v2/ZT1_500.svg
优先深审,P2,005,"(2S,3S)-3-amino-2-hydroxy-4-phenylbutanoic acid",,芳香/疏水侧链,较可能,短聚合物序列命中,1,1,9IZB,结构筛选通过，且在不超过50残基的PDB聚合物序列中实际出现,CCD未指定标准氨基酸母体,C10 H13 N O3,195.215,,peptide-like,2,c1ccc(cc1)C[C@@H]([C@@H](C(=O)O)O)N,https://www.rcsb.org/ligand/005,https://www.ebi.ac.uk/pdbe/static/files/pdbechem_v2/005_500.svg
条件候选,P2,00M,"(2R,3S)-3-amino-2-hydroxy-4-phenylbutanoic acid",,芳香/疏水侧链,较可能,仅结构候选,0,0,,结构筛选通过，但目前只有结构层面的单体合理性，缺少实际肽使用证据,CCD未指定标准氨基酸母体,C10 H13 N O3,195.215,,peptide-like,2,c1ccc(cc1)C[C@@H]([C@H](C(=O)O)O)N,https://www.rcsb.org/ligand/00M,https://www.ebi.ac.uk/pdbe/static/files/pdbechem_v2/00M_500.svg
条件候选,P2,00U,"(1S,7S)-7-amino-7-benzyl-8-oxohexahydro-1H-pyrazolo[1,2-a]pyridazine-1-carboxylic acid",,芳香/疏水侧链,需确认,仅结构候选,0,0,,结构筛选通过，但目前只有结构层面的单体合理性，缺少实际肽使用证据,CCD未指定标准氨基酸母体,C15 H19 N3 O3,289.33,,peptide-like,3,c1ccc(cc1)C[C@@]2(CC[N@@]3CC[C@H](N3C2=O)C(=O)O)N,https://www.rcsb.org/ligand/00U,https://www.ebi.ac.uk/pdbe/static/files/pdbechem_v2/00U_500.svg
条件候选,P2,00V,"(2S,3S)-3,7-diamino-2-hydroxyheptanoic acid",,其他候选,较可能,仅结构候选,0,0,,结构筛选通过，但目前只有结构层面的单体合理性，缺少实际肽使用证据,CCD未指定标准氨基酸母体,C7 H16 N2 O3,176.214,,peptide-like,2,C(CCN)C[C@@H]([C@@H](C(=O)O)O)N,https://www.rcsb.org/ligand/00V,https://www.ebi.ac.uk/pdbe/static/files/pdbechem_v2/00V_500.svg
条件候选,P2,00W,"3-amino-6-carbamimidamido-3,4,5,6-tetradeoxy-L-erythro-hexonic acid",,其他候选,较可能,仅结构候选,0,0,,结构筛选通过，但目前只有结构层面的单体合理性，缺少实际肽使用证据,CCD未指定标准氨基酸母体,C7 H16 N4 O3,204.227,,peptide-like,2,[H]/N=C(\N)/NCCC[C@@H]([C@@H](C(=O)O)O)N,https://www.rcsb.org/ligand/00W,https://www.ebi.ac.uk/pdbe/static/files/pdbechem_v2/00W_500.svg
优先深审,P2,01B,"(2S,3R)-3-amino-2-hydroxy-4-phenylbutanoic acid",,芳香/疏水侧链,较可能,短聚合物序列命中,4,4,1N51 / 4S2T / 5JR6 / 6A9U,结构筛选通过，且在不超过50残基的PDB聚合物序列中实际出现,CCD未指定标准氨基酸母体,C10 H13 N O3,195.215,,PEPTIDE-LIKE,2,c1ccc(cc1)C[C@H]([C@@H](C(=O)O)O)N,https://www.rcsb.org/ligand/01B,https://www.ebi.ac.uk/pdbe/static/files/pdbechem_v2/01B_500.svg
条件候选,P2,021,N-cyclopentylglycine,,构象限制,较可能,仅结构候选,0,0,,结构筛选通过，但目前只有结构层面的单体合理性，缺少实际肽使用证据,CCD未指定标准氨基酸母体,C7 H13 N O2,143.184,,peptide-like,1,C1CCC(C1)NCC(=O)O,https://www.rcsb.org/ligand/021,https://www.ebi.ac.uk/pdbe/static/files/pdbechem_v2/021_500.svg
优先深审,P2,0JT,(4R)-4-amino-5-methylhexanoic acid,,其他候选,需确认,短聚合物序列命中,1,1,4GK7,结构筛选通过，且在不超过50残基的PDB聚合物序列中实际出现,CCD未指定标准氨基酸母体,C7 H15 N O2,145.2,,PEPTIDE-LIKE,3,CC(C)[C@@H](CCC(=O)O)N,https://www.rcsb.org/ligand/0JT,https://www.ebi.ac.uk/pdbe/static/files/pdbechem_v2/0JT_500.svg
优先深审,P2,0JY,4-methyl-L-leucine,,其他候选,需确认,短聚合物序列命中,7,7,4G4L / 5GTR / 7Z8O / 9GXE / 9GXG,结构筛选通过，且在不超过50残基的PDB聚合物序列中实际出现,CCD未指定标准氨基酸母体,C7 H15 N O2,145.2,,NON-POLYMER,1,CC(C)(C)C[C@@H](C(=O)O)N,https://www.rcsb.org/ligand/0JY,https://www.ebi.ac.uk/pdbe/static/files/pdbechem_v2/0JY_500.svg
条件候选,P2,0TF,N~6~-D-ornithyl-L-lysine,,D-构型,需确认,仅结构候选,0,0,,结构筛选通过，但目前只有结构层面的单体合理性，缺少实际肽使用证据,CCD未指定标准氨基酸母体,C11 H24 N4 O3,260.333,,NON-POLYMER,1,C(CCNC(=O)[C@@H](CCCN)N)C[C@@H](C(=O)O)N,https://www.rcsb.org/ligand/0TF,https://www.ebi.ac.uk/pdbe/static/files/pdbechem_v2/0TF_500.svg
条件候选,P2,0XW,"(2S,4R)-4-hydroxy-1,1-dimethylpyrrolidinium-2-carboxylate",Betonicine; L-4-Hydroxyproline betaine,构象限制,较可能,仅结构候选,0,0,,结构筛选通过，但目前只有结构层面的单体合理性，缺少实际肽使用证据,CCD未指定标准氨基酸母体,C7 H13 N O3,159.183,,NON-POLYMER,1,C[N+]1(C[C@@H](C[C@H]1C(=O)[O-])O)C,https://www.rcsb.org/ligand/0XW,https://www.ebi.ac.uk/pdbe/static/files/pdbechem_v2/0XW_500.svg
条件候选,P2,108,2-(5-CARBAMIMIDOYL-2-HYDROXY-BENZYLAMINO)-PROPIONIC ACID,,其他候选,较可能,仅结构候选,0,0,,结构筛选通过，但目前只有结构层面的单体合理性，缺少实际肽使用证据,CCD未指定标准氨基酸母体,C11 H15 N3 O3,237.255,,NON-POLYMER,1,C[C@@H](C(=O)O)NCc1cc(ccc1O)C(=N)N,https://www.rcsb.org/ligand/108,https://www.ebi.ac.uk/pdbe/static/files/pdbechem_v2/108_500.svg
条件候选,P2,109,2-(4-CARBAMIMIDOYL-2-HYDROXY-BENZYLAMINO)-PROPIONIC ACID,,其他候选,较可能,仅结构候选,0,0,,结构筛选通过，但目前只有结构层面的单体合理性，缺少实际肽使用证据,CCD未指定标准氨基酸母体,C11 H15 N3 O3,237.255,,NON-POLYMER,1,C[C@@H](C(=O)O)NCc1ccc(cc1O)C(=N)N,https://www.rcsb.org/ligand/109,https://www.ebi.ac.uk/pdbe/static/files/pdbechem_v2/109_500.svg
条件候选,P2,11C,(2R)-2-aminohexanedioic acid,D-2-aminoadipate,D-构型,较可能,仅结构候选,0,0,,结构筛选通过，但目前只有结构层面的单体合理性，缺少实际肽使用证据,CCD未指定标准氨基酸母体,C6 H11 N O4,161.156,,NON-POLYMER,1,C(C[C@H](C(=O)O)N)CC(=O)O,https://www.rcsb.org/ligand/11C,https://www.ebi.ac.uk/pdbe/static/files/pdbechem_v2/11C_500.svg
条件候选,P2,12N,"(2R,3S)-3-amino-4-cyclobutyl-2-hydroxybutanoic acid",,构象限制,较可能,仅结构候选,0,0,,结构筛选通过，但目前只有结构层面的单体合理性，缺少实际肽使用证据,CCD未指定标准氨基酸母体,C8 H15 N O3,173.21,,NON-POLYMER,2,C1CC(C1)C[C@@H]([C@H](C(=O)O)O)N,https://www.rcsb.org/ligand/12N,https://www.ebi.ac.uk/pdbe/static/files/pdbechem_v2/12N_500.svg
暂缓,P2,1CH,"N-(3,3-dimethyl-3,4-dihydroisoquinolin-1-yl)-L-phenylalanine",,芳香/疏水侧链,需确认,未进入使用审计,0,0,,结构可能合理，但单体身份、偶联条件或复杂度证据不足，暂不进入研发候选库,分子量超过300 Da，需确认偶联、脱保护和总环肽体积负担；CCD未指定标准氨基酸母体,C20 H22 N2 O2,322.401,,NON-POLYMER,1,CC1(Cc2ccccc2C(=N1)N[C@@H](Cc3ccccc3)C(=O)O)C,https://www.rcsb.org/ligand/1CH,https://www.ebi.ac.uk/pdbe/static/files/pdbechem_v2/1CH_500.svg
暂缓,P2,1IA,(2~{R})-2-[2-(6-aminopurin-9-yl)ethylamino]-3-phosphono-propanoic acid,,其他候选,需确认,未进入使用审计,0,0,,结构可能合理，但单体身份、偶联条件或复杂度证据不足，暂不进入研发候选库,分子量超过300 Da，需确认偶联、脱保护和总环肽体积负担；杂原子较多，可能带来较高极性或多重保护需求；含磷酸/膦酸相关结构，通常不利于被动跨膜；CCD未指定标准氨基酸母体,C10 H15 N6 O5 P,330.237,,non-polymer,1,c1nc(c2c(n1)n(cn2)CCN[C@@H](CP(=O)(O)O)C(=O)O)N,https://www.rcsb.org/ligand/1IA,https://www.ebi.ac.uk/pdbe/static/files/pdbechem_v2/1IA_500.svg
暂缓,P2,1IH,(S)-2-((2-(6-amino-9H-purin-9-yl)ethyl)amino)-3-phosphonopropanoic acid,,其他候选,需确认,未进入使用审计,0,0,,结构可能合理，但单体身份、偶联条件或复杂度证据不足，暂不进入研发候选库,分子量超过300 Da，需确认偶联、脱保护和总环肽体积负担；杂原子较多，可能带来较高极性或多重保护需求；含磷酸/膦酸相关结构，通常不利于被动跨膜；CCD未指定标准氨基酸母体,C10 H15 N6 O5 P,330.237,,non-polymer,1,c1nc(c2c(n1)n(cn2)CCN[C@H](CP(=O)(O)O)C(=O)O)N,https://www.rcsb.org/ligand/1IH,https://www.ebi.ac.uk/pdbe/static/files/pdbechem_v2/1IH_500.svg
暂缓,P2,1IK,(S)-2-((3-(6-amino-9H-purin-9-yl)propyl)amino)-3-phosphonopropanoic acid,,其他候选,需确认,未进入使用审计,0,0,,结构可能合理，但单体身份、偶联条件或复杂度证据不足，暂不进入研发候选库,分子量超过300 Da，需确认偶联、脱保护和总环肽体积负担；杂原子较多，可能带来较高极性或多重保护需求；含磷酸/膦酸相关结构，通常不利于被动跨膜；CCD未指定标准氨基酸母体,C11 H17 N6 O5 P,344.264,,non-polymer,1,c1nc(c2c(n1)n(cn2)CCCN[C@H](CP(=O)(O)O)C(=O)O)N,https://www.rcsb.org/ligand/1IK,https://www.ebi.ac.uk/pdbe/static/files/pdbechem_v2/1IK_500.svg
条件候选,P2,1J1,"N~6~-[(2R)-3,4-dihydro-2H-pyrrol-2-ylcarbonyl]-L-lysine",pyrroline-carboxy-lysine; PCL,其他候选,需确认,仅结构候选,0,0,,结构筛选通过，但目前只有结构层面的单体合理性，缺少实际肽使用证据,含预先形成的酰胺键，需确认主链氨基是否仍可偶联；CCD未指定标准氨基酸母体,C11 H19 N3 O3,241.287,,NON-POLYMER,1,C1C[C@@H](N=C1)C(=O)NCCCC[C@@H](C(=O)O)N,https://www.rcsb.org/ligand/1J1,https://www.ebi.ac.uk/pdbe/static/files/pdbechem_v2/1J1_500.svg
条件候选,P2,1KJ,N~5~-(N-methoxycarbamimidoyl)-L-ornithine,,其他候选,需确认,仅结构候选,0,0,,结构筛选通过，但目前只有结构层面的单体合理性，缺少实际肽使用证据,CCD未指定标准氨基酸母体,C7 H16 N4 O3,204.227,,NON-POLYMER,1,[H]/N=C(\NCCC[C@@H](C(=O)O)N)/NOC,https://www.rcsb.org/ligand/1KJ,https://www.ebi.ac.uk/pdbe/static/files/pdbechem_v2/1KJ_500.svg
条件候选,P2,1N4,(2R)-amino(1-hydroxy-4-propyl-1H-pyrazol-5-yl)ethanoic acid,,其他候选,较可能,仅结构候选,0,0,,结构筛选通过，但目前只有结构层面的单体合理性，缺少实际肽使用证据,CCD未指定标准氨基酸母体,C8 H13 N3 O3,199.207,,NON-POLYMER,1,CCCc1cnn(c1[C@H](C(=O)O)N)O,https://www.rcsb.org/ligand/1N4,https://www.ebi.ac.uk/pdbe/static/files/pdbechem_v2/1N4_500.svg
优先深审,P2,1OL,"(2R,4S,5S)-5-amino-4-hydroxy-2,7-dimethyloctanoic acid",Leu*Ala,其他候选,需确认,短聚合物序列命中,4,4,1FKN / 1M4H / 1XN2 / 2ZHR,结构筛选通过，且在不超过50残基的PDB聚合物序列中实际出现,CCD未指定标准氨基酸母体,C10 H21 N O3,203.279,,peptide-like,4,C[C@H](C[C@@H]([C@H](CC(C)C)N)O)C(=O)O,https://www.rcsb.org/ligand/1OL,https://www.ebi.ac.uk/pdbe/static/files/pdbechem_v2/1OL_500.svg
条件候选,P2,1RT,"4-amino-2-oxo-1,2-dihydropyrimidine-5-carboxylic acid",,其他候选,需确认,仅结构候选,0,0,,结构筛选通过，但目前只有结构层面的单体合理性，缺少实际肽使用证据,含预先形成的酰胺键，需确认主链氨基是否仍可偶联；CCD未指定标准氨基酸母体,C5 H5 N3 O3,155.111,,NON-POLYMER,2,C1=C(C(=NC(=O)N1)N)C(=O)O,https://www.rcsb.org/ligand/1RT,https://www.ebi.ac.uk/pdbe/static/files/pdbechem_v2/1RT_500.svg
条件候选,P2,1X0,(2S)-2-aminooct-7-enoic acid,,其他候选,较可能,仅结构候选,0,0,,结构筛选通过，但目前只有结构层面的单体合理性，缺少实际肽使用证据,CCD未指定标准氨基酸母体,C8 H15 N O2,157.21,,NON-POLYMER,1,C=CCCCC[C@@H](C(=O)O)N,https://www.rcsb.org/ligand/1X0,https://www.ebi.ac.uk/pdbe/static/files/pdbechem_v2/1X0_500.svg
条件候选,P2,1Y2,"(2S)-amino(4,4-difluorocyclohexyl)ethanoic acid",,构象限制,较可能,仅结构候选,0,0,,结构筛选通过，但目前只有结构层面的单体合理性，缺少实际肽使用证据,CCD未指定标准氨基酸母体,C8 H13 F2 N O2,193.191,,NON-POLYMER,1,C1CC(CCC1[C@@H](C(=O)O)N)(F)F,https://www.rcsb.org/ligand/1Y2,https://www.ebi.ac.uk/pdbe/static/files/pdbechem_v2/1Y2_500.svg
暂缓,P2,1ZN,"(2S,3S,4E,6E,8S,9S)-3-amino-9-methoxy-2,6,8-trimethyl-10-phenyldeca-4,6-dienoic acid",,芳香/疏水侧链,需确认,未进入使用审计,0,0,,结构可能合理，但单体身份、偶联条件或复杂度证据不足，暂不进入研发候选库,分子量超过300 Da，需确认偶联、脱保护和总环肽体积负担；CCD未指定标准氨基酸母体,C20 H29 N O3,331.449,,PEPTIDE-LIKE,2,C[C@@H](C=C(C)/C=C/[C@@H]([C@H](C)C(=O)O)N)[C@H](Cc1ccccc1)OC,https://www.rcsb.org/ligand/1ZN,https://www.ebi.ac.uk/pdbe/static/files/pdbechem_v2/1ZN_500.svg
条件候选,P2,22N,"(3R,4S,5S)-4-(acetylamino)-5-amino-3-(pentan-3-yloxy)cyclohex-1-ene-1-carboxylic acid",stereomutated oseltamivir carboxylate,构象限制,需确认,仅结构候选,0,0,,结构筛选通过，但目前只有结构层面的单体合理性，缺少实际肽使用证据,CCD未指定标准氨基酸母体,C14 H24 N2 O4,284.351,,NON-POLYMER,3,CCC(CC)O[C@@H]1C=C(C[C@@H]([C@@H]1NC(=O)C)N)C(=O)O,https://www.rcsb.org/ligand/22N,https://www.ebi.ac.uk/pdbe/static/files/pdbechem_v2/22N_500.svg
条件候选,P2,22P,(2R)-2-(aminomethyl)-2-hydroxy-4-phenylbutanoic acid,,芳香/疏水侧链,较可能,仅结构候选,0,0,,结构筛选通过，但目前只有结构层面的单体合理性，缺少实际肽使用证据,CCD未指定标准氨基酸母体,C11 H15 N O3,209.242,,NON-POLYMER,2,c1ccc(cc1)CC[C@@](CN)(C(=O)O)O,https://www.rcsb.org/ligand/22P,https://www.ebi.ac.uk/pdbe/static/files/pdbechem_v2/22P_500.svg
条件候选,P2,247,"(3R)-3-amino-2,2-difluoro-3-(4-hydroxyphenyl)propanoic acid",,卤代/电子调节,较可能,仅结构候选,0,0,,结构筛选通过，但目前只有结构层面的单体合理性，缺少实际肽使用证据,CCD未指定标准氨基酸母体,C9 H9 F2 N O3,217.169,,NON-POLYMER,2,c1cc(ccc1[C@H](C(C(=O)O)(F)F)N)O,https://www.rcsb.org/ligand/247,https://www.ebi.ac.uk/pdbe/static/files/pdbechem_v2/247_500.svg
优先深审,P2,24M,"(1R,2R)-2-[(1S,2S)-2-amino-1-hydroxy-4-methylpentyl]cyclopentanecarboxylic acid",,构象限制,需确认,短聚合物序列命中,1,1,1YM4,结构筛选通过，且在不超过50残基的PDB聚合物序列中实际出现,CCD未指定标准氨基酸母体,C12 H23 N O3,229.316,,peptide-like,4,CC(C)C[C@@H]([C@H]([C@@H]1CCC[C@H]1C(=O)O)O)N,https://www.rcsb.org/ligand/24M,https://www.ebi.ac.uk/pdbe/static/files/pdbechem_v2/24M_500.svg
优先深审,P2,24O,"(1R,2R)-2-[(1S,2S)-2-amino-1-hydroxy-4-methylpentyl]-4-oxocyclopentanecarboxylic acid",,构象限制,需确认,短聚合物序列命中,1,1,1YM2,结构筛选通过，且在不超过50残基的PDB聚合物序列中实际出现,CCD未指定标准氨基酸母体,C12 H21 N O4,243.299,,peptide-like,4,CC(C)C[C@@H]([C@H]([C@@H]1CC(=O)C[C@H]1C(=O)O)O)N,https://www.rcsb.org/ligand/24O,https://www.ebi.ac.uk/pdbe/static/files/pdbechem_v2/24O_500.svg
条件候选,P2,26P,2-AMINO-6-OXOPIMELIC ACID,,其他候选,较可能,仅结构候选,0,0,,结构筛选通过，但目前只有结构层面的单体合理性，缺少实际肽使用证据,CCD未指定标准氨基酸母体,C7 H11 N O5,189.166,,NON-POLYMER,1,C(C[C@@H](C(=O)O)N)CC(=O)C(=O)O,https://www.rcsb.org/ligand/26P,https://www.ebi.ac.uk/pdbe/static/files/pdbechem_v2/26P_500.svg
暂缓,P2,28P,N-[3-(4-benzylphenoxy)propyl]-N-methyl-beta-alanine,,N-取代,需确认,未进入使用审计,0,0,,结构可能合理，但单体身份、偶联条件或复杂度证据不足，暂不进入研发候选库,分子量超过300 Da，需确认偶联、脱保护和总环肽体积负担；CCD未指定标准氨基酸母体,C20 H25 N O3,327.417,,NON-POLYMER,2,C[N@@](CCCOc1ccc(cc1)Cc2ccccc2)CCC(=O)O,https://www.rcsb.org/ligand/28P,https://www.ebi.ac.uk/pdbe/static/files/pdbechem_v2/28P_500.svg
条件候选,P2,296,"(3R)-3-amino-2,2-difluoro-3-(4-methoxyphenyl)propanoic acid",,卤代/电子调节,较可能,仅结构候选,0,0,,结构筛选通过，但目前只有结构层面的单体合理性，缺少实际肽使用证据,CCD未指定标准氨基酸母体,C10 H11 F2 N O3,231.196,,NON-POLYMER,2,COc1ccc(cc1)[C@H](C(C(=O)O)(F)F)N,https://www.rcsb.org/ligand/296,https://www.ebi.ac.uk/pdbe/static/files/pdbechem_v2/296_500.svg
条件候选,P2,2A0,N-[(2S)-2-aminohexyl]-L-norleucine,,其他候选,较可能,仅结构候选,0,0,,结构筛选通过，但目前只有结构层面的单体合理性，缺少实际肽使用证据,CCD未指定标准氨基酸母体,C12 H26 N2 O2,230.347,,peptide-like,1,CCCC[C@@H](CN[C@@H](CCCC)C(=O)O)N,https://www.rcsb.org/ligand/2A0,https://www.ebi.ac.uk/pdbe/static/files/pdbechem_v2/2A0_500.svg
条件候选,P2,2B8,"(5R)-5-(3-aminopropyl)-1-propyl-4,5,6,7-tetrahydro-1H-benzimidazole-5-carboxylic acid",,其他候选,需确认,仅结构候选,0,0,,结构筛选通过，但目前只有结构层面的单体合理性，缺少实际肽使用证据,CCD未指定标准氨基酸母体,C14 H23 N3 O2,265.351,,NON-POLYMER,4,CCCn1cnc2c1CC[C@@](C2)(CCCN)C(=O)O,https://www.rcsb.org/ligand/2B8,https://www.ebi.ac.uk/pdbe/static/files/pdbechem_v2/2B8_500.svg
条件候选,P2,2BH,"[(1E,5S)-5-AMINO-5-CARBOXYPENT-1-ENYL](TRIHYDROXY)BORATE(1-)",DEHYDRO-2(S)-AMINO-6-BORONOHEXANOIC ACID,其他候选,需确认,仅结构候选,0,0,,结构筛选通过，但目前只有结构层面的单体合理性，缺少实际肽使用证据,CCD未指定标准氨基酸母体,C6 H13 B N O5,189.982,,NON-POLYMER,1,[B-](\C=C\CC[C@@H](C(=O)O)N)(O)(O)O,https://www.rcsb.org/ligand/2BH,https://www.ebi.ac.uk/pdbe/static/files/pdbechem_v2/2BH_500.svg
暂缓,P2,2BL,(3R)-3-ethyl-N-[(4-methylphenyl)sulfonyl]-L-aspartic acid,,芳香/疏水侧链,需确认,未进入使用审计,0,0,,结构可能合理，但单体身份、偶联条件或复杂度证据不足，暂不进入研发候选库,分子量超过300 Da，需确认偶联、脱保护和总环肽体积负担；杂原子较多，可能带来较高极性或多重保护需求；CCD未指定标准氨基酸母体,C13 H17 N O6 S,315.342,,NON-POLYMER,1,CC[C@H]([C@@H](C(=O)O)NS(=O)(=O)c1ccc(cc1)C)C(=O)O,https://www.rcsb.org/ligand/2BL,https://www.ebi.ac.uk/pdbe/static/files/pdbechem_v2/2BL_500.svg
条件候选,P2,2C0,baclofen,(3R)-4-amino-3-(4-chlorophenyl)butanoic acid,卤代/电子调节,需确认,仅结构候选,0,0,,结构筛选通过，但目前只有结构层面的单体合理性，缺少实际肽使用证据,CCD未指定标准氨基酸母体,C10 H12 Cl N O2,213.661,,NON-POLYMER,3,c1cc(ccc1[C@@H](CC(=O)O)CN)Cl,https://www.rcsb.org/ligand/2C0,https://www.ebi.ac.uk/pdbe/static/files/pdbechem_v2/2C0_500.svg
条件候选,P2,2CG,"(1R,2R)-3-[(S)-amino(carboxy)methyl]cyclopropane-1,2-dicarboxylic acid","(2S,2'R,3'R)-2-(2',3'-dicarboxycyclopropyl)glycine; DCG IV",构象限制,需确认,仅结构候选,0,0,,结构筛选通过，但目前只有结构层面的单体合理性，缺少实际肽使用证据,杂原子较多，可能带来较高极性或多重保护需求；CCD未指定标准氨基酸母体,C7 H9 N O6,203.149,,NON-POLYMER,3,C1([C@H]([C@@H]1C(=O)O)C(=O)O)[C@@H](C(=O)O)N,https://www.rcsb.org/ligand/2CG,https://www.ebi.ac.uk/pdbe/static/files/pdbechem_v2/2CG_500.svg
暂缓,P2,2ET,N-[(7-hydroxy-4-methyl-2-oxo-2H-chromen-8-yl)methyl]-L-leucine,,其他候选,需确认,未进入使用审计,0,0,,结构可能合理，但单体身份、偶联条件或复杂度证据不足，暂不进入研发候选库,分子量超过300 Da，需确认偶联、脱保护和总环肽体积负担；CCD未指定标准氨基酸母体,C17 H21 N O5,319.352,,NON-POLYMER,1,CC1=CC(=O)Oc2c1ccc(c2CN[C@@H](CC(C)C)C(=O)O)O,https://www.rcsb.org/ligand/2ET,https://www.ebi.ac.uk/pdbe/static/files/pdbechem_v2/2ET_500.svg
优先深审,P2,2IQ,2-(hexylamino)ethanoic acid,,其他候选,较可能,短聚合物序列命中,1,1,7WMC,结构筛选通过，且在不超过50残基的PDB聚合物序列中实际出现,CCD未指定标准氨基酸母体,C8 H17 N O2,159.226,,non-polymer,1,CCCCCCNCC(=O)O,https://www.rcsb.org/ligand/2IQ,https://www.ebi.ac.uk/pdbe/static/files/pdbechem_v2/2IQ_500.svg
条件候选,P2,2K8,"(6R)-2-amino-4-oxo-3,4,5,6,7,8-hexahydropteridine-6-carboxylic acid","6-carboxy-5,6,7,8-tetrahydropterin",其他候选,需确认,仅结构候选,0,0,,结构筛选通过，但目前只有结构层面的单体合理性，缺少实际肽使用证据,杂原子较多，可能带来较高极性或多重保护需求；CCD未指定标准氨基酸母体,C7 H9 N5 O3,211.178,,NON-POLYMER,1,C1[C@@H](NC2=C(N1)N=C(NC2=O)N)C(=O)O,https://www.rcsb.org/ligand/2K8,https://www.ebi.ac.uk/pdbe/static/files/pdbechem_v2/2K8_500.svg
条件候选,P2,2KJ,N~5~-(N-ethoxycarbamimidoyl)-L-ornithine,,其他候选,需确认,仅结构候选,0,0,,结构筛选通过，但目前只有结构层面的单体合理性，缺少实际肽使用证据,CCD未指定标准氨基酸母体,C8 H18 N4 O3,218.254,,NON-POLYMER,1,[H]/N=C(\NCCC[C@@H](C(=O)O)N)/NOCC,https://www.rcsb.org/ligand/2KJ,https://www.ebi.ac.uk/pdbe/static/files/pdbechem_v2/2KJ_500.svg
暂缓,P2,2L7,4-[(2-bromo-2-methylpropanoyl)amino]-L-phenylalanine,,卤代/电子调节,需确认,未进入使用审计,0,0,,结构可能合理，但单体身份、偶联条件或复杂度证据不足，暂不进入研发候选库,分子量超过300 Da，需确认偶联、脱保护和总环肽体积负担；含预先形成的酰胺键，需确认主链氨基是否仍可偶联；CCD未指定标准氨基酸母体,C13 H17 Br N2 O3,329.19,,NON-POLYMER,1,CC(C)(C(=O)Nc1ccc(cc1)C[C@@H](C(=O)O)N)Br,https://www.rcsb.org/ligand/2L7,https://www.ebi.ac.uk/pdbe/static/files/pdbechem_v2/2L7_500.svg
暂缓,P2,2LQ,"4-{[(1R,4E)-cyclooct-4-en-1-ylcarbonyl]amino}-L-phenylalanine",,芳香/疏水侧链,需确认,未进入使用审计,0,0,,结构可能合理，但单体身份、偶联条件或复杂度证据不足，暂不进入研发候选库,分子量超过300 Da，需确认偶联、脱保护和总环肽体积负担；CCD未指定标准氨基酸母体,C18 H24 N2 O3,316.395,,NON-POLYMER,1,c1cc(ccc1C[C@@H](C(=O)O)N)NC(=O)[C@@H]2CCC/C=C/CC2,https://www.rcsb.org/ligand/2LQ,https://www.ebi.ac.uk/pdbe/static/files/pdbechem_v2/2LQ_500.svg
条件候选,P2,2MM,"N,N-dimethyl-L-methionine",,其他候选,需确认,仅结构候选,0,0,,结构筛选通过，但目前只有结构层面的单体合理性，缺少实际肽使用证据,CCD未指定标准氨基酸母体,C7 H15 N O2 S,177.264,,NON-POLYMER,1,CN(C)[C@@H](CCSC)C(=O)O,https://www.rcsb.org/ligand/2MM,https://www.ebi.ac.uk/pdbe/static/files/pdbechem_v2/2MM_500.svg
条件候选,P2,2NP,L-2-AMINO-6-METHYLENE-PIMELIC ACID,,其他候选,较可能,仅结构候选,0,0,,结构筛选通过，但目前只有结构层面的单体合理性，缺少实际肽使用证据,CCD未指定标准氨基酸母体,C8 H13 N O4,187.193,,NON-POLYMER,1,C=C(CCC[C@@H](C(=O)O)N)C(=O)O,https://www.rcsb.org/ligand/2NP,https://www.ebi.ac.uk/pdbe/static/files/pdbechem_v2/2NP_500.svg
条件候选,P2,2QE,"(2S,4R)-4-(3-Methoxy-3-oxopropyl) glutamic acid",(4R)-4-(3-methoxy-3-oxopropyl)-L-glutamic acid,其他候选,需确认,仅结构候选,0,0,,结构筛选通过，但目前只有结构层面的单体合理性，缺少实际肽使用证据,杂原子较多，可能带来较高极性或多重保护需求；CCD未指定标准氨基酸母体,C9 H15 N O6,233.218,,NON-POLYMER,1,COC(=O)CC[C@H](C[C@@H](C(=O)O)N)C(=O)O,https://www.rcsb.org/ligand/2QE,https://www.ebi.ac.uk/pdbe/static/files/pdbechem_v2/2QE_500.svg
条件候选,P2,2SU,alpha-(fluoromethyl)-D-tryptophan,,D-构型,较可能,仅结构候选,0,0,,结构筛选通过，但目前只有结构层面的单体合理性，缺少实际肽使用证据,CCD未指定标准氨基酸母体,C12 H13 F N2 O2,236.242,,NON-POLYMER,1,c1ccc2c(c1)c(c[nH]2)C[C@](CF)(C(=O)O)N,https://www.rcsb.org/ligand/2SU,https://www.ebi.ac.uk/pdbe/static/files/pdbechem_v2/2SU_500.svg
排除,P2,2UZ,"(2R)-2-[(R)-amino(carboxy)methyl]-3,6-dihydro-2H-1,3-thiazine-4-carboxylic acid","(6R,7R)-7-amino-8-oxo-5-thia-1-azabicyclo[4.2.0]oct-2-ene-2-carboxylic acid, hydrolyzed form",其他候选,否,未进入使用审计,0,0,,名称明确提示药物、抗生素或反应中间体,CCD未指定标准氨基酸母体,C7 H10 N2 O4 S,218.23,,NON-POLYMER,1,C1C=C(NC(S1)C(C(=O)O)N)C(=O)O,https://www.rcsb.org/ligand/2UZ,https://www.ebi.ac.uk/pdbe/static/files/pdbechem_v2/2UZ_500.svg
排除,P2,2V0,"(2R)-2-[(R)-amino(carboxy)methyl]-5-methyl-3,6-dihydro-2H-1,3-thiazine-4-carboxylic acid","7-aminodeacetoxycephalosporanic acid, hydrolyzed form",其他候选,否,未进入使用审计,0,0,,名称明确提示药物、抗生素或反应中间体,CCD未指定标准氨基酸母体,C8 H12 N2 O4 S,232.257,,NON-POLYMER,1,CC1=C(N[C@H](SC1)[C@@H](C(=O)O)N)C(=O)O,https://www.rcsb.org/ligand/2V0,https://www.ebi.ac.uk/pdbe/static/files/pdbechem_v2/2V0_500.svg
暂缓,P2,2W2,N-[(1S)-4-carbamimidamido-1-carboxybutyl]-D-glutamic acid,Nopaline,D-构型,需确认,未进入使用审计,0,0,,结构可能合理，但单体身份、偶联条件或复杂度证据不足，暂不进入研发候选库,分子量超过300 Da，需确认偶联、脱保护和总环肽体积负担；杂原子较多，可能带来较高极性或多重保护需求；CCD未指定标准氨基酸母体,C11 H20 N4 O6,304.3,,NON-POLYMER,1,[H]/N=C(/N)\NCCC[C@@H](C(=O)O)N[C@H](CCC(=O)O)C(=O)O,https://www.rcsb.org/ligand/2W2,https://www.ebi.ac.uk/pdbe/static/files/pdbechem_v2/2W2_500.svg
条件候选,P2,35K,"(2S)-2-amino-4-(2,3-dioxo-1,2,3,4-tetrahydroquinoxalin-6-yl)butanoic acid",,其他候选,需确认,仅结构候选,0,0,,结构筛选通过，但目前只有结构层面的单体合理性，缺少实际肽使用证据,含预先形成的酰胺键，需确认主链氨基是否仍可偶联；CCD未指定标准氨基酸母体,C12 H13 N3 O4,263.249,,NON-POLYMER,1,c1cc2c(cc1CC[C@@H](C(=O)O)N)NC(=O)C(=O)N2,https://www.rcsb.org/ligand/35K,https://www.ebi.ac.uk/pdbe/static/files/pdbechem_v2/35K_500.svg
条件候选,P2,3DJ,(2S)-2-amino-4-(2-amino-3-hydroxyphenyl)-4-oxobutanoic acid,,芳香/疏水侧链,较可能,仅结构候选,0,0,,结构筛选通过，但目前只有结构层面的单体合理性，缺少实际肽使用证据,CCD未指定标准氨基酸母体,C10 H12 N2 O4,224.213,,NON-POLYMER,1,c1cc(c(c(c1)O)N)C(=O)C[C@@H](C(=O)O)N,https://www.rcsb.org/ligand/3DJ,https://www.ebi.ac.uk/pdbe/static/files/pdbechem_v2/3DJ_500.svg
条件候选,P2,3ER,(2S)-(3-chlorophenyl)[(methylsulfonyl)amino]ethanoic acid,,卤代/电子调节,需确认,仅结构候选,0,0,,结构筛选通过，但目前只有结构层面的单体合理性，缺少实际肽使用证据,CCD未指定标准氨基酸母体,C9 H10 Cl N O4 S,263.698,,NON-POLYMER,1,CS(=O)(=O)N[C@@H](c1cccc(c1)Cl)C(=O)O,https://www.rcsb.org/ligand/3ER,https://www.ebi.ac.uk/pdbe/static/files/pdbechem_v2/3ER_500.svg
优先深审,P2,3FB,(3S)-3-AMINO-4-PHENYLBUTANOIC ACID,,芳香/疏水侧链,较可能,短聚合物序列命中,8,8,4A1W / 4WPB / 6J67 / 7JFR / 8DL7,结构筛选通过，且在不超过50残基的PDB聚合物序列中实际出现,CCD未指定标准氨基酸母体,C10 H13 N O2,179.216,,NON-POLYMER,2,c1ccc(cc1)C[C@@H](CC(=O)O)N,https://www.rcsb.org/ligand/3FB,https://www.ebi.ac.uk/pdbe/static/files/pdbechem_v2/3FB_500.svg
条件候选,P2,3FK,"(2R)-(3,5-dichlorophenyl)(dimethylamino)ethanoic acid",,卤代/电子调节,较可能,仅结构候选,0,0,,结构筛选通过，但目前只有结构层面的单体合理性，缺少实际肽使用证据,CCD未指定标准氨基酸母体,C10 H11 Cl2 N O2,248.106,,NON-POLYMER,1,CN(C)[C@H](c1cc(cc(c1)Cl)Cl)C(=O)O,https://www.rcsb.org/ligand/3FK,https://www.ebi.ac.uk/pdbe/static/files/pdbechem_v2/3FK_500.svg
条件候选,P2,3GC,GAMMA-GLUTAMYLCYSTEINE,,延长骨架,需确认,仅结构候选,0,0,,结构筛选通过，但目前只有结构层面的单体合理性，缺少实际肽使用证据,含预先形成的酰胺键，需确认主链氨基是否仍可偶联；CCD未指定标准氨基酸母体,C8 H14 N2 O5 S,250.272,,NON-POLYMER,1,C(CC(=O)N[C@@H](CS)C(=O)O)[C@@H](C(=O)O)N,https://www.rcsb.org/ligand/3GC,https://www.ebi.ac.uk/pdbe/static/files/pdbechem_v2/3GC_500.svg
条件候选,P2,3GE,N-[(1E)-2-formyl-3-hydroxyprop-1-en-1-yl]-3-[(S)-sulfino]-D-valine,,D-构型,需确认,仅结构候选,0,0,,结构筛选通过，但目前只有结构层面的单体合理性，缺少实际肽使用证据,杂原子较多，可能带来较高极性或多重保护需求；CCD未指定标准氨基酸母体,C9 H15 N O6 S,265.284,,NON-POLYMER,1,CC(C)([C@H](C(=O)O)N/C=C(\CO)/C=O)S(=O)O,https://www.rcsb.org/ligand/3GE,https://www.ebi.ac.uk/pdbe/static/files/pdbechem_v2/3GE_500.svg
条件候选,P2,3K0,N-sulfamoyl-L-glutamic acid,,其他候选,需确认,仅结构候选,0,0,,结构筛选通过，但目前只有结构层面的单体合理性，缺少实际肽使用证据,杂原子较多，可能带来较高极性或多重保护需求；CCD未指定标准氨基酸母体,C5 H10 N2 O6 S,226.208,,NON-POLYMER,3,C(CC(=O)O)[C@@H](C(=O)O)NS(=O)(=O)N,https://www.rcsb.org/ligand/3K0,https://www.ebi.ac.uk/pdbe/static/files/pdbechem_v2/3K0_500.svg
条件候选,P2,3KJ,N~5~-(N-hydroxy-N-methylcarbamimidoyl)-L-ornithine,,N-取代,较可能,仅结构候选,0,0,,结构筛选通过，但目前只有结构层面的单体合理性，缺少实际肽使用证据,CCD未指定标准氨基酸母体,C7 H16 N4 O3,204.227,,NON-POLYMER,1,[H]/N=C(/NCCC[C@@H](C(=O)O)N)\N(C)O,https://www.rcsb.org/ligand/3KJ,https://www.ebi.ac.uk/pdbe/static/files/pdbechem_v2/3KJ_500.svg
条件候选,P2,3RG,2-[(carboxymethyl)amino]benzoic acid,,其他候选,较可能,仅结构候选,0,0,,结构筛选通过，但目前只有结构层面的单体合理性，缺少实际肽使用证据,CCD未指定标准氨基酸母体,C9 H9 N O4,195.172,,NON-POLYMER,1,c1ccc(c(c1)C(=O)O)NCC(=O)O,https://www.rcsb.org/ligand/3RG,https://www.ebi.ac.uk/pdbe/static/files/pdbechem_v2/3RG_500.svg
条件候选,P2,3V5,"(3S,5S)-3-({[(aminomethyl)amino]methyl}sulfanyl)-5-[(2S)-1,3-dioxobutan-2-yl]-L-proline","olivanic acid analog, open from",构象限制,需确认,仅结构候选,0,0,,结构筛选通过，但目前只有结构层面的单体合理性，缺少实际肽使用证据,CCD未指定标准氨基酸母体,C11 H19 N3 O4 S,289.351,,NON-POLYMER,1,CC(=O)[C@H](C=O)[C@@H]1C[C@@H]([C@H](N1)C(=O)O)SCNCN,https://www.rcsb.org/ligand/3V5,https://www.ebi.ac.uk/pdbe/static/files/pdbechem_v2/3V5_500.svg
优先深审,P2,3V8,"(4S)-4-[4-(2-carboxyethyl)-1H-1,2,3-triazol-1-yl]-L-proline",,构象限制,需确认,短聚合物序列命中,1,1,4WVU,结构筛选通过，且在不超过50残基的PDB聚合物序列中实际出现,CCD未指定标准氨基酸母体,C10 H14 N4 O4,254.243,,NON-POLYMER,1,c1c(nnn1[C@H]2C[C@H](NC2)C(=O)O)CCC(=O)O,https://www.rcsb.org/ligand/3V8,https://www.ebi.ac.uk/pdbe/static/files/pdbechem_v2/3V8_500.svg
暂缓,P2,3VN,"(2R,5R)-2,5-diamino-2,5-bis(4-aminobutyl)hexanedioic acid",bis-Lysine,其他候选,需确认,未进入使用审计,0,0,,结构可能合理，但单体身份、偶联条件或复杂度证据不足，暂不进入研发候选库,分子量超过300 Da，需确认偶联、脱保护和总环肽体积负担；CCD未指定标准氨基酸母体,C14 H30 N4 O4,318.412,,NON-POLYMER,1,C(CCN)C[C@@](CC[C@](CCCCN)(C(=O)O)N)(C(=O)O)N,https://www.rcsb.org/ligand/3VN,https://www.ebi.ac.uk/pdbe/static/files/pdbechem_v2/3VN_500.svg
优先深审,P2,3WT,"(3R,4S,5S)-3-methoxy-5-methyl-4-(methylamino)heptanoic acid",,其他候选,需确认,短聚合物序列命中,2,2,5J2U / 7JFR,结构筛选通过，且在不超过50残基的PDB聚合物序列中实际出现,CCD未指定标准氨基酸母体,C10 H21 N O3,203.279,,peptide-like,3,CC[C@H](C)[C@@H]([C@@H](CC(=O)O)OC)NC,https://www.rcsb.org/ligand/3WT,https://www.ebi.ac.uk/pdbe/static/files/pdbechem_v2/3WT_500.svg
条件候选,P2,3ZA,(4R)-4-{3-[hydroxy(methyl)amino]-3-oxopropyl}-L-glutamic acid,,其他候选,需确认,仅结构候选,0,0,,结构筛选通过，但目前只有结构层面的单体合理性，缺少实际肽使用证据,杂原子较多，可能带来较高极性或多重保护需求；CCD未指定标准氨基酸母体,C9 H16 N2 O6,248.233,,NON-POLYMER,1,CN(C(=O)CC[C@H](C[C@@H](C(=O)O)N)C(=O)O)O,https://www.rcsb.org/ligand/3ZA,https://www.ebi.ac.uk/pdbe/static/files/pdbechem_v2/3ZA_500.svg
条件候选,P2,40F,"(1S,2S,5R,6S)-2-aminobicyclo[3.1.0]hexane-2,6-dicarboxylic acid",,其他候选,需确认,仅结构候选,0,0,,结构筛选通过，但目前只有结构层面的单体合理性，缺少实际肽使用证据,CCD未指定标准氨基酸母体,C8 H11 N O4,185.177,,NON-POLYMER,3,C1C[C@]([C@H]2[C@@H]1[C@@H]2C(=O)O)(C(=O)O)N,https://www.rcsb.org/ligand/40F,https://www.ebi.ac.uk/pdbe/static/files/pdbechem_v2/40F_500.svg
条件候选,P2,40H,"(1R,4S,5S,6S)-4-aminospiro[bicyclo[3.1.0]hexane-2,1'-cyclopropane]-4,6-dicarboxylic acid",,构象限制,需确认,仅结构候选,0,0,,结构筛选通过，但目前只有结构层面的单体合理性，缺少实际肽使用证据,CCD未指定标准氨基酸母体,C10 H13 N O4,211.215,,NON-POLYMER,3,C1CC12C[C@]([C@H]3[C@@H]2[C@@H]3C(=O)O)(C(=O)O)N,https://www.rcsb.org/ligand/40H,https://www.ebi.ac.uk/pdbe/static/files/pdbechem_v2/40H_500.svg
条件候选,P2,42B,4-AMINO-2-HYDROXYBUTANOIC ACID,,其他候选,需确认,仅结构候选,0,0,,结构筛选通过，但目前只有结构层面的单体合理性，缺少实际肽使用证据,CCD未指定标准氨基酸母体,C4 H9 N O3,119.119,,NON-POLYMER,3,C(CN)[C@H](C(=O)O)O,https://www.rcsb.org/ligand/42B,https://www.ebi.ac.uk/pdbe/static/files/pdbechem_v2/42B_500.svg
优先深审,P2,4BA,4-[(2-CARBOXY-ETHYLAMINO)-METHYL]-BENZOIC ACID,,其他候选,较可能,短聚合物序列命中,1,1,1FAV,结构筛选通过，且在不超过50残基的PDB聚合物序列中实际出现,CCD未指定标准氨基酸母体,C11 H13 N O4,223.225,,NON-POLYMER,2,c1cc(ccc1CNCCC(=O)O)C(=O)O,https://www.rcsb.org/ligand/4BA,https://www.ebi.ac.uk/pdbe/static/files/pdbechem_v2/4BA_500.svg
暂缓,P2,4BO,(3S)-3-amino-4-oxo-4-[(4-phenylmethoxyphenyl)amino]butanoic acid,,芳香/疏水侧链,需确认,未进入使用审计,0,0,,结构可能合理，但单体身份、偶联条件或复杂度证据不足，暂不进入研发候选库,分子量超过300 Da，需确认偶联、脱保护和总环肽体积负担；CCD未指定标准氨基酸母体,C17 H18 N2 O4,314.336,,NON-POLYMER,2,c1ccc(cc1)COc2ccc(cc2)NC(=O)[C@H](CC(=O)O)N,https://www.rcsb.org/ligand/4BO,https://www.ebi.ac.uk/pdbe/static/files/pdbechem_v2/4BO_500.svg
暂缓,P2,4BQ,(2S)-2-amino-5-oxo-5-[(4-phenylmethoxyphenyl)amino]pentanoic acid,N-[4-(phenylmethoxy)phenyl]-L-glutamine,芳香/疏水侧链,需确认,未进入使用审计,0,0,,结构可能合理，但单体身份、偶联条件或复杂度证据不足，暂不进入研发候选库,分子量超过300 Da，需确认偶联、脱保护和总环肽体积负担；CCD未指定标准氨基酸母体,C18 H20 N2 O4,328.362,,NON-POLYMER,1,c1ccc(cc1)COc2ccc(cc2)NC(=O)CC[C@@H](C(=O)O)N,https://www.rcsb.org/ligand/4BQ,https://www.ebi.ac.uk/pdbe/static/files/pdbechem_v2/4BQ_500.svg
条件候选,P2,4E5,(3R)-3-(3-carboxy-5-hydroxyphenyl)-L-proline,,构象限制,需确认,仅结构候选,0,0,,结构筛选通过，但目前只有结构层面的单体合理性，缺少实际肽使用证据,CCD未指定标准氨基酸母体,C12 H13 N O5,251.235,,NON-POLYMER,1,c1c(cc(cc1C(=O)O)O)[C@H]2CCN[C@@H]2C(=O)O,https://www.rcsb.org/ligand/4E5,https://www.ebi.ac.uk/pdbe/static/files/pdbechem_v2/4E5_500.svg
条件候选,P2,4E7,"(3R,4S)-3-(3-carboxyphenyl)-4-propyl-L-proline",,构象限制,需确认,仅结构候选,0,0,,结构筛选通过，但目前只有结构层面的单体合理性，缺少实际肽使用证据,CCD未指定标准氨基酸母体,C15 H19 N O4,277.316,,NON-POLYMER,1,CCC[C@@H]1CN[C@@H]([C@H]1c2cccc(c2)C(=O)O)C(=O)O,https://www.rcsb.org/ligand/4E7,https://www.ebi.ac.uk/pdbe/static/files/pdbechem_v2/4E7_500.svg
优先深审,P2,4H0,"(3S)-3-amino-4-oxo-5-(2,3,5,6-tetrafluorophenoxy)pentanoic acid",,卤代/电子调节,需确认,短聚合物序列命中,1,1,4HVA,结构筛选通过，且在不超过50残基的PDB聚合物序列中实际出现,CCD未指定标准氨基酸母体,C11 H9 F4 N O4,295.187,,peptide-like,2,c1c(c(c(c(c1F)F)OCC(=O)C(CC(=O)O)N)F)F,https://www.rcsb.org/ligand/4H0,https://www.ebi.ac.uk/pdbe/static/files/pdbechem_v2/4H0_500.svg
条件候选,P2,4JK,(S)-2-AMINO-5-(2-HYDROXYACETIMIDAMIDO)PENTANOIC ACID,,其他候选,较可能,仅结构候选,0,0,,结构筛选通过，但目前只有结构层面的单体合理性，缺少实际肽使用证据,CCD未指定标准氨基酸母体,C7 H15 N3 O3,189.212,,non-polymer,1,[H]/N=C(\CO)/NCCC[C@@H](C(=O)O)N,https://www.rcsb.org/ligand/4JK,https://www.ebi.ac.uk/pdbe/static/files/pdbechem_v2/4JK_500.svg
条件候选,P2,4KJ,(5E)-5-[(N-methoxy-N-methylcarbamimidoyl)imino]-L-norvaline,,N-取代,较可能,仅结构候选,0,0,,结构筛选通过，但目前只有结构层面的单体合理性，缺少实际肽使用证据,CCD未指定标准氨基酸母体,C8 H16 N4 O3,216.238,,NON-POLYMER,1,[H]/N=C(/N=C/CC[C@@H](C(=O)O)N)\N(C)OC,https://www.rcsb.org/ligand/4KJ,https://www.ebi.ac.uk/pdbe/static/files/pdbechem_v2/4KJ_500.svg
条件候选,P2,4OO,"4-triaza-1,2-dien-2-ium-1-yl-L-phenylalanine",,芳香/疏水侧链,需确认,仅长聚合物命中,1,0,5XHF,结构筛选通过，但目前只在较长聚合物中出现；需确认是否适合环肽合成,CCD未指定标准氨基酸母体,C9 H11 N4 O2,207.209,,NON-POLYMER,1,c1cc(ccc1C[C@@H](C(=O)O)N)N=[N+]=N,https://www.rcsb.org/ligand/4OO,https://www.ebi.ac.uk/pdbe/static/files/pdbechem_v2/4OO_500.svg
暂缓,P2,4TP,4-HYDROXY-L-THREONINE-5-MONOPHOSPHATE,,其他候选,需确认,未进入使用审计,0,0,,结构可能合理，但单体身份、偶联条件或复杂度证据不足，暂不进入研发候选库,杂原子较多，可能带来较高极性或多重保护需求；含磷酸/膦酸相关结构，通常不利于被动跨膜；CCD未指定标准氨基酸母体,C4 H10 N O7 P,215.098,,NON-POLYMER,1,C([C@H]([C@@H](C(=O)O)N)O)OP(=O)(O)O,https://www.rcsb.org/ligand/4TP,https://www.ebi.ac.uk/pdbe/static/files/pdbechem_v2/4TP_500.svg
条件候选,P2,4V0,3-(3H-azepin-5-yl)-L-alanine,,其他候选,需确认,仅长聚合物命中,1,0,5BTT,结构筛选通过，但目前只在较长聚合物中出现；需确认是否适合环肽合成,CCD未指定标准氨基酸母体,C9 H12 N2 O2,180.204,,NON-POLYMER,1,C1C=C(C=CN=C1)C[C@@H](C(=O)O)N,https://www.rcsb.org/ligand/4V0,https://www.ebi.ac.uk/pdbe/static/files/pdbechem_v2/4V0_500.svg
暂缓,P2,4ZK,"3,4-dichloro-5-(5-hydroxypyridin-3-yl)-L-phenylalanine",,卤代/电子调节,需确认,未进入使用审计,0,0,,结构可能合理，但单体身份、偶联条件或复杂度证据不足，暂不进入研发候选库,分子量超过300 Da，需确认偶联、脱保护和总环肽体积负担；CCD未指定标准氨基酸母体,C14 H12 Cl2 N2 O3,327.163,,NON-POLYMER,1,c1c(cc(c(c1c2cc(cnc2)O)Cl)Cl)C[C@@H](C(=O)O)N,https://www.rcsb.org/ligand/4ZK,https://www.ebi.ac.uk/pdbe/static/files/pdbechem_v2/4ZK_500.svg
条件候选,P2,52A,"(2R,4R)-4-aminopyrrolidine-2,4-dicarboxylic acid","2R,4R-APDC",其他候选,较可能,仅结构候选,0,0,,结构筛选通过，但目前只有结构层面的单体合理性，缺少实际肽使用证据,CCD未指定标准氨基酸母体,C6 H10 N2 O4,174.155,,NON-POLYMER,1,C1[C@@H](NC[C@]1(C(=O)O)N)C(=O)O,https://www.rcsb.org/ligand/52A,https://www.ebi.ac.uk/pdbe/static/files/pdbechem_v2/52A_500.svg
条件候选,P2,52Q,"(1R,2S,4R,5R,6R)-2-amino-4-(1H-1,2,4-triazol-3-ylsulfanyl)bicyclo[3.1.0]hexane-2,6-dicarboxylic acid",,其他候选,需确认,仅结构候选,0,0,,结构筛选通过，但目前只有结构层面的单体合理性，缺少实际肽使用证据,CCD未指定标准氨基酸母体,C10 H12 N4 O4 S,284.292,,NON-POLYMER,3,c1[nH]nc(n1)S[C@@H]2C[C@]([C@H]3[C@@H]2[C@@H]3C(=O)O)(C(=O)O)N,https://www.rcsb.org/ligand/52Q,https://www.ebi.ac.uk/pdbe/static/files/pdbechem_v2/52Q_500.svg
暂缓,P2,554,"(2~{S})-1-[(3~{S})-3-[[(3~{S})-3,4-bis(oxidanyl)-4-oxidanylidene-butyl]amino]-4-oxidanyl-4-oxidanylidene-butyl]azetidine-2-carboxylic acid",,构象限制,需确认,未进入使用审计,0,0,,结构可能合理，但单体身份、偶联条件或复杂度证据不足，暂不进入研发候选库,分子量超过300 Da，需确认偶联、脱保护和总环肽体积负担；杂原子较多，可能带来较高极性或多重保护需求；CCD未指定标准氨基酸母体,C12 H20 N2 O7,304.296,,non-polymer,1,C1CN([C@@H]1C(=O)O)CC[C@@H](C(=O)O)NCC[C@@H](C(=O)O)O,https://www.rcsb.org/ligand/554,https://www.ebi.ac.uk/pdbe/static/files/pdbechem_v2/554_500.svg
条件候选,P2,55P,"(2R,4R)-4-amino-2-methyl-5-phenylpentanoic acid",,芳香/疏水侧链,需确认,仅结构候选,0,0,,结构筛选通过，但目前只有结构层面的单体合理性，缺少实际肽使用证据,CCD未指定标准氨基酸母体,C12 H17 N O2,207.269,,NON-POLYMER,3,C[C@H](C[C@H](Cc1ccccc1)N)C(=O)O,https://www.rcsb.org/ligand/55P,https://www.ebi.ac.uk/pdbe/static/files/pdbechem_v2/55P_500.svg
暂缓,P2,581,"2-[3-(acetylamino)phenyl]-5-hydroxy-6-oxo-1,6-dihydropyrimidine-4-carboxylic acid",,芳香/疏水侧链,需确认,未进入使用审计,0,0,,结构可能合理，但单体身份、偶联条件或复杂度证据不足，暂不进入研发候选库,含预先形成的酰胺键，需确认主链氨基是否仍可偶联；CCD未指定标准氨基酸母体,C13 H11 N3 O5,289.244,,NON-POLYMER,1,CC(=O)Nc1cccc(c1)C2=NC(=C(C(=O)N2)O)C(=O)O,https://www.rcsb.org/ligand/581,https://www.ebi.ac.uk/pdbe/static/files/pdbechem_v2/581_500.svg
条件候选,P2,5AR,"(2S)-2-amino-4-[5-(4-aminobutyl)-1,3,4-oxadiazol-2-yl]butanoic acid",,其他候选,较可能,仅结构候选,0,0,,结构筛选通过，但目前只有结构层面的单体合理性，缺少实际肽使用证据,CCD未指定标准氨基酸母体,C10 H18 N4 O3,242.275,,NON-POLYMER,1,C(CCN)Cc1nnc(o1)CC[C@@H](C(=O)O)N,https://www.rcsb.org/ligand/5AR,https://www.ebi.ac.uk/pdbe/static/files/pdbechem_v2/5AR_500.svg
条件候选,P2,5DM,N-[(2S)-2-amino-3-phenylpropyl]-D-methionine,,D-构型,需确认,仅结构候选,0,0,,结构筛选通过，但目前只有结构层面的单体合理性，缺少实际肽使用证据,CCD未指定标准氨基酸母体,C14 H22 N2 O2 S,282.402,,peptide-like,1,CSCC[C@H](C(=O)O)NC[C@H](Cc1ccccc1)N,https://www.rcsb.org/ligand/5DM,https://www.ebi.ac.uk/pdbe/static/files/pdbechem_v2/5DM_500.svg
暂缓,P2,5DY,5-[(2R)-2-amino-2-carboxyethyl]-1-[4-(3-fluoropropyl)phenyl]-1H-pyrazole-3-carboxylic acid,,卤代/电子调节,需确认,未进入使用审计,0,0,,结构可能合理，但单体身份、偶联条件或复杂度证据不足，暂不进入研发候选库,分子量超过300 Da，需确认偶联、脱保护和总环肽体积负担；CCD未指定标准氨基酸母体,C16 H18 F N3 O4,335.33,,NON-POLYMER,1,c1cc(ccc1CCCF)n2c(cc(n2)C(=O)O)C[C@H](C(=O)O)N,https://www.rcsb.org/ligand/5DY,https://www.ebi.ac.uk/pdbe/static/files/pdbechem_v2/5DY_500.svg
条件候选,P2,5DZ,5-[(2R)-2-amino-2-carboxyethyl]-1-(4-fluorophenyl)-1H-pyrazole-3-carboxylic acid,,卤代/电子调节,需确认,仅结构候选,0,0,,结构筛选通过，但目前只有结构层面的单体合理性，缺少实际肽使用证据,CCD未指定标准氨基酸母体,C13 H12 F N3 O4,293.25,,NON-POLYMER,1,c1cc(ccc1n2c(cc(n2)C(=O)O)C[C@H](C(=O)O)N)F,https://www.rcsb.org/ligand/5DZ,https://www.ebi.ac.uk/pdbe/static/files/pdbechem_v2/5DZ_500.svg
条件候选,P2,5E0,5-[(2R)-2-amino-2-carboxyethyl]-1-phenyl-1H-pyrazole-3-carboxylic acid,,芳香/疏水侧链,需确认,仅结构候选,0,0,,结构筛选通过，但目前只有结构层面的单体合理性，缺少实际肽使用证据,CCD未指定标准氨基酸母体,C13 H13 N3 O4,275.26,,NON-POLYMER,1,c1ccc(cc1)n2c(cc(n2)C(=O)O)C[C@H](C(=O)O)N,https://www.rcsb.org/ligand/5E0,https://www.ebi.ac.uk/pdbe/static/files/pdbechem_v2/5E0_500.svg
条件候选,P2,5KC,"(2S,3S)-2-azanyl-4-(2-hydroxy-2-oxoethylamino)-3-oxidanyl-butanoic acid",,其他候选,较可能,仅结构候选,0,0,,结构筛选通过，但目前只有结构层面的单体合理性，缺少实际肽使用证据,CCD未指定标准氨基酸母体,C6 H12 N2 O5,192.17,,non-polymer,1,C([C@@H]([C@@H](C(=O)O)N)O)NCC(=O)O,https://www.rcsb.org/ligand/5KC,https://www.ebi.ac.uk/pdbe/static/files/pdbechem_v2/5KC_500.svg
条件候选,P2,5KJ,N~5~-(N-hydroxycarbamimidoyl)-N~5~-methyl-L-ornithine,,其他候选,需确认,仅结构候选,0,0,,结构筛选通过，但目前只有结构层面的单体合理性，缺少实际肽使用证据,CCD未指定标准氨基酸母体,C7 H16 N4 O3,204.227,,NON-POLYMER,1,[H]/N=C(\NO)/N(C)CCC[C@@H](C(=O)O)N,https://www.rcsb.org/ligand/5KJ,https://www.ebi.ac.uk/pdbe/static/files/pdbechem_v2/5KJ_500.svg
条件候选,P2,5OY,5-phosphono-L-norvaline,(2~{S})-2-azanyl-5-phosphono-pentanoic acid,其他候选,需确认,仅结构候选,0,0,,结构筛选通过，但目前只有结构层面的单体合理性，缺少实际肽使用证据,含磷酸/膦酸相关结构，通常不利于被动跨膜；CCD未指定标准氨基酸母体,C5 H12 N O5 P,197.126,,NON-POLYMER,1,C(C[C@@H](C(=O)O)N)CP(=O)(O)O,https://www.rcsb.org/ligand/5OY,https://www.ebi.ac.uk/pdbe/static/files/pdbechem_v2/5OY_500.svg
暂缓,P2,5PA,N-[3-HYDROXY-2-METHYL-5-PHOSPHONOOXYMETHYL-PYRIDIN-4-Y-LMETHYL]-1-AMINO-CYCLOPROPANECARBOXYLIC ACID,N-PYRIDOXYL-1-AMINO-CYCLOPROPANECARBOXYLIC ACID-5-MONOPHOSPHATE,构象限制,需确认,未进入使用审计,0,0,,结构可能合理，但单体身份、偶联条件或复杂度证据不足，暂不进入研发候选库,分子量超过300 Da，需确认偶联、脱保护和总环肽体积负担；杂原子较多，可能带来较高极性或多重保护需求；含磷酸/膦酸相关结构，通常不利于被动跨膜；CCD未指定标准氨基酸母体,C12 H17 N2 O7 P,332.246,,NON-POLYMER,1,Cc1c(c(c(cn1)COP(=O)(O)O)CNC2(CC2)C(=O)O)O,https://www.rcsb.org/ligand/5PA,https://www.ebi.ac.uk/pdbe/static/files/pdbechem_v2/5PA_500.svg
暂缓,P2,5XO,(S)-2-Amino-3-(5-(2-(3-methylbenzyl)-2H-tetrazol-5-yl)-3-hydroxyisoxazol-4-yl)propanoic acid,,其他候选,需确认,未进入使用审计,0,0,,结构可能合理，但单体身份、偶联条件或复杂度证据不足，暂不进入研发候选库,分子量超过300 Da，需确认偶联、脱保护和总环肽体积负担；杂原子较多，可能带来较高极性或多重保护需求；含预先形成的酰胺键，需确认主链氨基是否仍可偶联；CCD未指定标准氨基酸母体,C15 H16 N6 O4,344.325,,NON-POLYMER,1,Cc1cccc(c1)Cn2nc(nn2)C3=C(C(=O)NO3)C[C@@H](C(=O)O)N,https://www.rcsb.org/ligand/5XO,https://www.ebi.ac.uk/pdbe/static/files/pdbechem_v2/5XO_500.svg
条件候选,P2,5XR,2-hydroxy-N-[(1S)-1-hydroxy-3-oxopropyl]-L-aspartic acid,,其他候选,需确认,仅结构候选,0,0,,结构筛选通过，但目前只有结构层面的单体合理性，缺少实际肽使用证据,杂原子较多，可能带来较高极性或多重保护需求；CCD未指定标准氨基酸母体,C7 H11 N O7,221.165,,NON-POLYMER,2,C(C=O)[C@@H](N[C@@](CC(=O)O)(C(=O)O)O)O,https://www.rcsb.org/ligand/5XR,https://www.ebi.ac.uk/pdbe/static/files/pdbechem_v2/5XR_500.svg
暂缓,P2,5ZS,"(2~{S})-1-[(3~{S})-3-[[(3~{S})-3,4-bis(oxidanyl)-4-oxidanylidene-butyl]amino]-4-oxidanyl-4-oxidanylidene-butyl]pyrrolidine-2-carboxylic acid",,其他候选,需确认,未进入使用审计,0,0,,结构可能合理，但单体身份、偶联条件或复杂度证据不足，暂不进入研发候选库,分子量超过300 Da，需确认偶联、脱保护和总环肽体积负担；杂原子较多，可能带来较高极性或多重保护需求；CCD未指定标准氨基酸母体,C13 H22 N2 O7,318.323,,non-polymer,1,C1C[C@H](N(C1)CC[C@@H](C(=O)O)NCC[C@@H](C(=O)O)O)C(=O)O,https://www.rcsb.org/ligand/5ZS,https://www.ebi.ac.uk/pdbe/static/files/pdbechem_v2/5ZS_500.svg
暂缓,P2,63U,"(2S)-2-[(1R)-1-{[(2R)-2-amino-2-phenylacetyl]amino}-2-oxoethyl]-5-methyl-3,6-dihydro-2H-1,3-thiazine-4-carboxylic acid",,芳香/疏水侧链,需确认,未进入使用审计,0,0,,结构可能合理，但单体身份、偶联条件或复杂度证据不足，暂不进入研发候选库,分子量超过300 Da，需确认偶联、脱保护和总环肽体积负担；CCD未指定标准氨基酸母体,C16 H19 N3 O4 S,349.405,,NON-POLYMER,1,CC1=C(N[C@@H](SC1)[C@@H](C=O)NC(=O)[C@@H](c2ccccc2)N)C(=O)O,https://www.rcsb.org/ligand/63U,https://www.ebi.ac.uk/pdbe/static/files/pdbechem_v2/63U_500.svg
条件候选,P2,64X,5-bromo-L-tryptophan,,卤代/电子调节,需确认,仅结构候选,0,0,,结构筛选通过，但目前只有结构层面的单体合理性，缺少实际肽使用证据,CCD未指定标准氨基酸母体,C11 H11 Br N2 O2,283.121,,non-polymer,1,c1cc2c(cc1Br)c(c[nH]2)C[C@@H](C(=O)O)N,https://www.rcsb.org/ligand/64X,https://www.ebi.ac.uk/pdbe/static/files/pdbechem_v2/64X_500.svg
优先深审,P2,6A0,(2S)-2-amino-8-(hydroxyamino)-8-oxooctanoic acid,,其他候选,需确认,短聚合物序列命中,1,1,5ICN,结构筛选通过，且在不超过50残基的PDB聚合物序列中实际出现,含预先形成的酰胺键，需确认主链氨基是否仍可偶联；CCD未指定标准氨基酸母体,C8 H16 N2 O4,204.224,,NON-POLYMER,1,C(CC[C@@H](C(=O)O)N)CCC(=O)NO,https://www.rcsb.org/ligand/6A0,https://www.ebi.ac.uk/pdbe/static/files/pdbechem_v2/6A0_500.svg
暂缓,P2,6FY,(2~{S})-2-azanyl-4-[(2~{R})-1-(2-hydroxy-2-oxoethylamino)-1-oxidanylidene-butan-2-yl]oxyphosphonoyl-butanoic acid,,其他候选,需确认,未进入使用审计,0,0,,结构可能合理，但单体身份、偶联条件或复杂度证据不足，暂不进入研发候选库,分子量超过300 Da，需确认偶联、脱保护和总环肽体积负担；杂原子较多，可能带来较高极性或多重保护需求；含磷酸/膦酸相关结构，通常不利于被动跨膜；含预先形成的酰胺键，需确认主链氨基是否仍可偶联；CCD未指定标准氨基酸母体,C10 H19 N2 O7 P,310.241,,NON-POLYMER,1,CC[C@H](C(=O)NCC(=O)O)O[P@H](=O)CC[C@@H](C(=O)O)N,https://www.rcsb.org/ligand/6FY,https://www.ebi.ac.uk/pdbe/static/files/pdbechem_v2/6FY_500.svg
暂缓,P2,6JY,N~2~-(benzenecarbonyl)-L-arginine,,其他候选,需确认,未进入使用审计,0,0,,结构可能合理，但单体身份、偶联条件或复杂度证据不足，暂不进入研发候选库,CCD未指定标准氨基酸母体,C13 H18 N4 O3,278.307,,NON-POLYMER,4,[H]/N=C(/N)\NCCC[C@@H](C(=O)O)NC(=O)c1ccccc1,https://www.rcsb.org/ligand/6JY,https://www.ebi.ac.uk/pdbe/static/files/pdbechem_v2/6JY_500.svg
排除,P2,6K8,N-(benzenecarbonyl)glycyl-L-arginine,,其他候选,否,未进入使用审计,0,0,,名称明确为二肽/寡肽片段，不是单个氨基酸残基,分子量超过300 Da，需确认偶联、脱保护和总环肽体积负担；杂原子较多，可能带来较高极性或多重保护需求；CCD未指定标准氨基酸母体,C15 H21 N5 O4,335.358,,NON-POLYMER,4,[H]/N=C(/N)\NCCC[C@@H](C(=O)O)NC(=O)CNC(=O)c1ccccc1,https://www.rcsb.org/ligand/6K8,https://www.ebi.ac.uk/pdbe/static/files/pdbechem_v2/6K8_500.svg
条件候选,P2,6KJ,(5E)-5-[(N-tert-butoxycarbamimidoyl)imino]-L-norvaline,,其他候选,较可能,仅结构候选,0,0,,结构筛选通过，但目前只有结构层面的单体合理性，缺少实际肽使用证据,CCD未指定标准氨基酸母体,C10 H20 N4 O3,244.291,,NON-POLYMER,1,[H]/N=C(\NOC(C)(C)C)/N=C/CC[C@@H](C(=O)O)N,https://www.rcsb.org/ligand/6KJ,https://www.ebi.ac.uk/pdbe/static/files/pdbechem_v2/6KJ_500.svg
优先深审,P2,6L9,"[(2S)-2,3-diamino-3-oxopropyl]propanedioic acid",,其他候选,需确认,短聚合物序列命中,1,1,5JM4,结构筛选通过，且在不超过50残基的PDB聚合物序列中实际出现,含预先形成的酰胺键，需确认主链氨基是否仍可偶联；CCD未指定标准氨基酸母体,C6 H10 N2 O5,190.154,,NON-POLYMER,3,C([C@@H](C(=O)N)N)C(C(=O)O)C(=O)O,https://www.rcsb.org/ligand/6L9,https://www.ebi.ac.uk/pdbe/static/files/pdbechem_v2/6L9_500.svg
条件候选,P2,720,(2S)-5-AMINO-2-[(1-PROPYL-1H-IMIDAZOL-4-YL)METHYL]PENTANOIC ACID,,其他候选,需确认,仅结构候选,0,0,,结构筛选通过，但目前只有结构层面的单体合理性，缺少实际肽使用证据,CCD未指定标准氨基酸母体,C12 H21 N3 O2,239.314,,NON-POLYMER,4,CCCn1cc(nc1)C[C@H](CCCN)C(=O)O,https://www.rcsb.org/ligand/720,https://www.ebi.ac.uk/pdbe/static/files/pdbechem_v2/720_500.svg
条件候选,P2,76I,(2S)-2-oxidanyl-2-[oxidanyl(propan-2-yl)amino]ethanoic acid,2-hydroxy-2-(hydroxy(isopropyl)amino)acetate; (2S)-2-Hydroxy-2-[hydroxy(propan-2-yl)amino]acetic acid; 87438397,其他候选,较可能,仅结构候选,0,0,,结构筛选通过，但目前只有结构层面的单体合理性，缺少实际肽使用证据,CCD未指定标准氨基酸母体,C5 H11 N O4,149.145,,non-polymer,1,CC(C)N([C@H](C(=O)O)O)O,https://www.rcsb.org/ligand/76I,https://www.ebi.ac.uk/pdbe/static/files/pdbechem_v2/76I_500.svg
暂缓,P2,77E,(4R)-4-amino-6-{3-hydroxy-2-methyl-5-[(phosphonooxy)methyl]pyridin-4-yl}hexanoic acid,,芳香/疏水侧链,需确认,未进入使用审计,0,0,,结构可能合理，但单体身份、偶联条件或复杂度证据不足，暂不进入研发候选库,分子量超过300 Da，需确认偶联、脱保护和总环肽体积负担；杂原子较多，可能带来较高极性或多重保护需求；含磷酸/膦酸相关结构，通常不利于被动跨膜；CCD未指定标准氨基酸母体,C13 H21 N2 O7 P,348.289,,NON-POLYMER,3,Cc1c(c(c(cn1)COP(=O)(O)O)CC[C@H](CCC(=O)O)N)O,https://www.rcsb.org/ligand/77E,https://www.ebi.ac.uk/pdbe/static/files/pdbechem_v2/77E_500.svg
条件候选,P2,78U,(betaS)-beta-methyl-L-tryptophan,,延长骨架,较可能,仅结构候选,0,0,,结构筛选通过，但目前只有结构层面的单体合理性，缺少实际肽使用证据,CCD未指定标准氨基酸母体,C12 H14 N2 O2,218.252,,NON-POLYMER,1,C[C@@H](c1c[nH]c2c1cccc2)[C@@H](C(=O)O)N,https://www.rcsb.org/ligand/78U,https://www.ebi.ac.uk/pdbe/static/files/pdbechem_v2/78U_500.svg
条件候选,P2,7B0,(2~{S})-6-azanyl-2-(sulfamoylamino)hexanoic acid,,其他候选,较可能,仅结构候选,0,0,,结构筛选通过，但目前只有结构层面的单体合理性，缺少实际肽使用证据,CCD未指定标准氨基酸母体,C6 H15 N3 O4 S,225.266,,NON-POLYMER,1,C(CCN)C[C@@H](C(=O)O)NS(=O)(=O)N,https://www.rcsb.org/ligand/7B0,https://www.ebi.ac.uk/pdbe/static/files/pdbechem_v2/7B0_500.svg
暂缓,P2,7QA,"(2R,6S)-2-amino-6-(carboxyamino)-7-{[(1R)-1-carboxyethyl]amino}-7-oxoheptanoic acid",,其他候选,需确认,未进入使用审计,0,0,,结构可能合理，但单体身份、偶联条件或复杂度证据不足，暂不进入研发候选库,分子量超过300 Da，需确认偶联、脱保护和总环肽体积负担；杂原子较多，可能带来较高极性或多重保护需求；CCD未指定标准氨基酸母体,C11 H19 N3 O7,305.284,,NON-POLYMER,1,C[C@H](C(=O)O)NC(=O)[C@H](CCC[C@H](C(=O)O)N)NC(=O)O,https://www.rcsb.org/ligand/7QA,https://www.ebi.ac.uk/pdbe/static/files/pdbechem_v2/7QA_500.svg
条件候选,P2,7UC,(3~{R})-3-(2-hydroxy-2-oxoethylamino)butanoic acid,,其他候选,较可能,仅结构候选,0,0,,结构筛选通过，但目前只有结构层面的单体合理性，缺少实际肽使用证据,CCD未指定标准氨基酸母体,C6 H11 N O4,161.156,,NON-POLYMER,2,C[C@H](CC(=O)O)NCC(=O)O,https://www.rcsb.org/ligand/7UC,https://www.ebi.ac.uk/pdbe/static/files/pdbechem_v2/7UC_500.svg
条件候选,P2,83V,(4S)-4-amino-6-phenylhexanoic acid,,芳香/疏水侧链,需确认,仅结构候选,0,0,,结构筛选通过，但目前只有结构层面的单体合理性，缺少实际肽使用证据,CCD未指定标准氨基酸母体,C12 H17 N O2,207.269,,non-polymer,3,c1ccc(cc1)CC[C@@H](CCC(=O)O)N,https://www.rcsb.org/ligand/83V,https://www.ebi.ac.uk/pdbe/static/files/pdbechem_v2/83V_500.svg
暂缓,P2,885,1-[(2-AMINO-4-CHLORO-5-METHYLPHENYL)SULFONYL]-L-PROLINE,1-(2-AMINO-4-CHLORO-5-METHYLPHENYLSULFONYL)PYRROLIDINE-2-CARBOXYLIC ACID,构象限制,需确认,未进入使用审计,0,0,,结构可能合理，但单体身份、偶联条件或复杂度证据不足，暂不进入研发候选库,分子量超过300 Da，需确认偶联、脱保护和总环肽体积负担；CCD未指定标准氨基酸母体,C12 H15 Cl N2 O4 S,318.777,,NON-POLYMER,1,Cc1cc(c(cc1Cl)N)S(=O)(=O)[N@@]2CCC[C@H]2C(=O)O,https://www.rcsb.org/ligand/885,https://www.ebi.ac.uk/pdbe/static/files/pdbechem_v2/885_500.svg
条件候选,P2,8DX,"(2R,3aR,6S,7aR)-2-[(2S)-2-amino-3-hydroxy-3-oxo-propyl]-6-hydroxy-3,3a,5,6,7,7a-hexahydrofuro[4,5-b]pyran-2-carboxylic acid",,其他候选,需确认,仅结构候选,0,0,,结构筛选通过，但目前只有结构层面的单体合理性，缺少实际肽使用证据,杂原子较多，可能带来较高极性或多重保护需求；CCD未指定标准氨基酸母体,C11 H17 N O7,275.255,,NON-POLYMER,1,C1[C@@H](CO[C@H]2[C@@H]1O[C@@](C2)(C[C@@H](C(=O)O)N)C(=O)O)O,https://www.rcsb.org/ligand/8DX,https://www.ebi.ac.uk/pdbe/static/files/pdbechem_v2/8DX_500.svg
暂缓,P2,8JX,5-[(4-methoxynaphthalen-1-yl)sulfonylamino]pentanoic acid,,芳香/疏水侧链,需确认,未进入使用审计,0,0,,结构可能合理，但单体身份、偶联条件或复杂度证据不足，暂不进入研发候选库,分子量超过300 Da，需确认偶联、脱保护和总环肽体积负担；CCD未指定标准氨基酸母体,C16 H19 N O5 S,337.391,,NON-POLYMER,4,COc1ccc(c2c1cccc2)S(=O)(=O)NCCCCC(=O)O,https://www.rcsb.org/ligand/8JX,https://www.ebi.ac.uk/pdbe/static/files/pdbechem_v2/8JX_500.svg
条件候选,P2,8QA,(2S)-2-azanyl-6-[(5-oxidanyl-5-oxidanylidene-pentanethioyl)amino]hexanoic acid,,其他候选,需确认,仅结构候选,0,0,,结构筛选通过，但目前只有结构层面的单体合理性，缺少实际肽使用证据,CCD未指定标准氨基酸母体,C11 H20 N2 O4 S,276.352,,peptide-like,4,C(CCNC(=S)CCCC(=O)O)C[C@@H](C(=O)O)N,https://www.rcsb.org/ligand/8QA,https://www.ebi.ac.uk/pdbe/static/files/pdbechem_v2/8QA_500.svg
暂缓,P2,8UX,(2~{S})-4-[[(2~{R})-3-(1~{H}-imidazol-4-yl)-1-oxidanyl-1-oxidanylidene-propan-2-yl]amino]-2-[[(2~{S})-1-oxidanyl-1-oxidanylidene-propan-2-yl]amino]butanoic acid,staphylopine,其他候选,需确认,未进入使用审计,0,0,,结构可能合理，但单体身份、偶联条件或复杂度证据不足，暂不进入研发候选库,分子量超过300 Da，需确认偶联、脱保护和总环肽体积负担；杂原子较多，可能带来较高极性或多重保护需求；CCD未指定标准氨基酸母体,C13 H20 N4 O6,328.321,,NON-POLYMER,1,C[C@@H](C(=O)O)N[C@@H](CCN[C@H](Cc1c[nH]cn1)C(=O)O)C(=O)O,https://www.rcsb.org/ligand/8UX,https://www.ebi.ac.uk/pdbe/static/files/pdbechem_v2/8UX_500.svg
条件候选,P2,8X9,"2-[(1R,5S,6S)-6-(aminomethyl)-3-ethyl-6-bicyclo[3.2.0]hept-3-enyl]acetic acid",Mirogabalin,其他候选,需确认,仅结构候选,0,0,,结构筛选通过，但目前只有结构层面的单体合理性，缺少实际肽使用证据,CCD未指定标准氨基酸母体,C12 H19 N O2,209.285,,non-polymer,3,CCC1=C[C@@H]2[C@H](C1)C[C@@]2(CC(=O)O)CN,https://www.rcsb.org/ligand/8X9,https://www.ebi.ac.uk/pdbe/static/files/pdbechem_v2/8X9_500.svg
暂缓,P2,95I,N-(benzylcarbamothioyl)-L-histidine,,其他候选,需确认,未进入使用审计,0,0,,结构可能合理，但单体身份、偶联条件或复杂度证据不足，暂不进入研发候选库,分子量超过300 Da，需确认偶联、脱保护和总环肽体积负担；CCD未指定标准氨基酸母体,C14 H16 N4 O2 S,304.367,,non-polymer,1,c1ccc(cc1)CNC(=S)N[C@@H](Cc2c[nH]cn2)C(=O)O,https://www.rcsb.org/ligand/95I,https://www.ebi.ac.uk/pdbe/static/files/pdbechem_v2/95I_500.svg
条件候选,P2,96Z,beta-(1-azulenyl)-L-alanine,"(2~{S})-2-azanyl-3-(2,6-dihydroazulen-1-yl)propanoic acid",延长骨架,较可能,仅结构候选,0,0,,结构筛选通过，但目前只有结构层面的单体合理性，缺少实际肽使用证据,CCD未指定标准氨基酸母体,C13 H13 N O2,215.248,,NON-POLYMER,1,c1ccc-2ccc(c2cc1)C[C@@H](C(=O)O)N,https://www.rcsb.org/ligand/96Z,https://www.ebi.ac.uk/pdbe/static/files/pdbechem_v2/96Z_500.svg
条件候选,P2,9DX,"(2R,3aR,7R,7aR)-2-[(2S)-2-amino-3-hydroxy-3-oxo-propyl]-7-hydroxy-3,3a,5,6,7,7a-hexahydrofuro[4,5-b]pyran-2-carboxylic acid",,其他候选,需确认,仅结构候选,0,0,,结构筛选通过，但目前只有结构层面的单体合理性，缺少实际肽使用证据,杂原子较多，可能带来较高极性或多重保护需求；CCD未指定标准氨基酸母体,C11 H17 N O7,275.255,,NON-POLYMER,1,C1CO[C@@H]2C[C@](O[C@@H]2[C@@H]1O)(C[C@@H](C(=O)O)N)C(=O)O,https://www.rcsb.org/ligand/9DX,https://www.ebi.ac.uk/pdbe/static/files/pdbechem_v2/9DX_500.svg
条件候选,P2,A0A,(2S)-2-AMINO-4-(FORMYLOXY)-4-OXOBUTANOIC ACID,,其他候选,较可能,仅长聚合物命中,1,0,2VJM,结构筛选通过，但目前只在较长聚合物中出现；需确认是否适合环肽合成,CCD未指定标准氨基酸母体,C5 H7 N O5,161.113,,non-polymer,1,C([C@@H](C(=O)O)N)C(=O)OC=O,https://www.rcsb.org/ligand/A0A,https://www.ebi.ac.uk/pdbe/static/files/pdbechem_v2/A0A_500.svg
条件候选,P2,A1A46,"(2S)-2-{[(2S,3S)-1,3-dihydroxy-4-oxopentan-2-yl]amino}-3-(4-hydroxyphenyl)propanoic acid",,芳香/疏水侧链,需确认,仅结构候选,0,0,,结构筛选通过，但目前只有结构层面的单体合理性，缺少实际肽使用证据,杂原子较多，可能带来较高极性或多重保护需求；CCD未指定标准氨基酸母体,C14 H19 N O6,297.304,,non-polymer,1,CC(=O)[C@H]([C@H](CO)N[C@@H](Cc1ccc(cc1)O)C(=O)O)O,https://www.rcsb.org/ligand/A1A46,https://www.ebi.ac.uk/pdbe/static/files/pdbechem_v2/A1A46_500.svg
暂缓,P2,A1A47,"1-[(1R,6S,8R)-8lambda~4~-thia-7,9-diazatetracyclo[4.3.0.0~1,8~.0~6,8~]nona-2,4-diene-2-sulfonyl]-L-proline",,构象限制,需确认,未进入使用审计,0,0,,结构可能合理，但单体身份、偶联条件或复杂度证据不足，暂不进入研发候选库,分子量超过300 Da，需确认偶联、脱保护和总环肽体积负担；CCD未指定标准氨基酸母体,C11 H13 N3 O4 S2,315.369,,non-polymer,1,c1cc2c(c(c1)S(=O)(=O)N3CCC[C@H]3C(=O)O)NSN2,https://www.rcsb.org/ligand/A1A47,https://www.ebi.ac.uk/pdbe/static/files/pdbechem_v2/A1A47_500.svg
条件候选,P2,A1A8K,"(4S)-4-hydroxy-1-(7H-pyrrolo[2,3-d]pyrimidin-4-yl)-D-proline",,D-构型,较可能,仅结构候选,0,0,,结构筛选通过，但目前只有结构层面的单体合理性，缺少实际肽使用证据,CCD未指定标准氨基酸母体,C11 H12 N4 O3,248.238,,non-polymer,1,c1c[nH]c2c1c(ncn2)N3C[C@H](C[C@@H]3C(=O)O)O,https://www.rcsb.org/ligand/A1A8K,https://www.ebi.ac.uk/pdbe/static/files/pdbechem_v2/A1A8K_500.svg
暂缓,P2,A1AKS,"(2R)-(2,3-dihydro-1,4-benzodioxin-6-yl)[(7H-pyrrolo[2,3-d]pyrimidin-4-yl)amino]acetic acid",,其他候选,需确认,未进入使用审计,0,0,,结构可能合理，但单体身份、偶联条件或复杂度证据不足，暂不进入研发候选库,分子量超过300 Da，需确认偶联、脱保护和总环肽体积负担；CCD未指定标准氨基酸母体,C16 H14 N4 O4,326.307,,non-polymer,1,c1cc2c(cc1[C@@H](C(=O)O)Nc3c4cc[nH]c4ncn3)OCCO2,https://www.rcsb.org/ligand/A1AKS,https://www.ebi.ac.uk/pdbe/static/files/pdbechem_v2/A1AKS_500.svg
条件候选,P2,A1AKT,"N-(7H-pyrrolo[2,3-d]pyrimidin-4-yl)-D-valine",,D-构型,较可能,仅结构候选,0,0,,结构筛选通过，但目前只有结构层面的单体合理性，缺少实际肽使用证据,CCD未指定标准氨基酸母体,C11 H14 N4 O2,234.254,,non-polymer,1,CC(C)[C@H](C(=O)O)Nc1c2cc[nH]c2ncn1,https://www.rcsb.org/ligand/A1AKT,https://www.ebi.ac.uk/pdbe/static/files/pdbechem_v2/A1AKT_500.svg
条件候选,P2,A1AKU,"(4S)-4-hydroxy-1-(7H-pyrrolo[2,3-d]pyrimidin-4-yl)-D-proline",,D-构型,较可能,仅结构候选,0,0,,结构筛选通过，但目前只有结构层面的单体合理性，缺少实际肽使用证据,CCD未指定标准氨基酸母体,C11 H12 N4 O3,248.238,,non-polymer,1,c1c[nH]c2c1c(ncn2)N3C[C@@H](C[C@@H]3C(=O)O)O,https://www.rcsb.org/ligand/A1AKU,https://www.ebi.ac.uk/pdbe/static/files/pdbechem_v2/A1AKU_500.svg
条件候选,P2,A1AKV,"3-cyclopropyl-N-(7H-pyrrolo[2,3-d]pyrimidin-4-yl)-L-alanine",,构象限制,较可能,仅结构候选,0,0,,结构筛选通过，但目前只有结构层面的单体合理性，缺少实际肽使用证据,CCD未指定标准氨基酸母体,C12 H14 N4 O2,246.265,,non-polymer,1,c1c[nH]c2c1c(ncn2)N[C@@H](CC3CC3)C(=O)O,https://www.rcsb.org/ligand/A1AKV,https://www.ebi.ac.uk/pdbe/static/files/pdbechem_v2/A1AKV_500.svg
条件候选,P2,A1AUG,5-oxo-L-norvaline,L-glutamate gamma-aldehyde,延长骨架,较可能,仅结构候选,0,0,,结构筛选通过，但目前只有结构层面的单体合理性，缺少实际肽使用证据,CCD未指定标准氨基酸母体,C5 H9 N O3,131.13,,non-polymer,1,C(C[C@@H](C(=O)O)N)C=O,https://www.rcsb.org/ligand/A1AUG,https://www.ebi.ac.uk/pdbe/static/files/pdbechem_v2/A1AUG_500.svg
条件候选,P2,A1CIL,(2R)-2-amino-3-methylbut-3-enoic acid,,其他候选,较可能,仅结构候选,0,0,,结构筛选通过，但目前只有结构层面的单体合理性，缺少实际肽使用证据,CCD未指定标准氨基酸母体,C5 H9 N O2,115.13,,non-polymer,1,CC(=C)[C@H](C(=O)O)N,https://www.rcsb.org/ligand/A1CIL,https://www.ebi.ac.uk/pdbe/static/files/pdbechem_v2/A1CIL_500.svg
优先深审,P2,A1CK7,3-amino-3-methylbutanoic acid,,其他候选,较可能,短聚合物序列命中,7,7,9PU1 / 9PUN / 9PUQ / 9PUT / 9PUZ,结构筛选通过，且在不超过50残基的PDB聚合物序列中实际出现,CCD未指定标准氨基酸母体,C5 H11 N O2,117.146,,peptide-like,2,CC(C)(CC(=O)O)N,https://www.rcsb.org/ligand/A1CK7,https://www.ebi.ac.uk/pdbe/static/files/pdbechem_v2/A1CK7_500.svg
优先深审,P2,A1G,"(2S)-amino[(3R,5R,7R)-tricyclo[3.3.1.1~3,7~]decan-1-yl]acetic acid",,其他候选,较可能,短聚合物序列命中,1,1,5JM4,结构筛选通过，且在不超过50残基的PDB聚合物序列中实际出现,CCD未指定标准氨基酸母体,C12 H19 N O2,209.285,,NON-POLYMER,1,C1C2CC3CC1CC(C2)(C3)[C@@H](C(=O)O)N,https://www.rcsb.org/ligand/A1G,https://www.ebi.ac.uk/pdbe/static/files/pdbechem_v2/A1G_500.svg
优先深审,P2,A1I8R,N-methyl-beta-alanine,,N-取代,较可能,短聚合物序列命中,2,2,9QBT / 9QDU,结构筛选通过，且在不超过50残基的PDB聚合物序列中实际出现,,C4 H9 N O2,103.12,BAL,peptide-like,2,CNCCC(=O)O,https://www.rcsb.org/ligand/A1I8R,https://www.ebi.ac.uk/pdbe/static/files/pdbechem_v2/A1I8R_500.svg
条件候选,P2,A1IFF,(R)-amino-3-hydroxybutanoic acid,(R)-GABOB,其他候选,需确认,仅结构候选,0,0,,结构筛选通过，但目前只有结构层面的单体合理性，缺少实际肽使用证据,CCD未指定标准氨基酸母体,C4 H9 N O3,119.119,,non-polymer,3,C([C@H](CN)O)C(=O)O,https://www.rcsb.org/ligand/A1IFF,https://www.ebi.ac.uk/pdbe/static/files/pdbechem_v2/A1IFF_500.svg
条件候选,P2,A1IFH,(S)-amino-3-hydroxybutanoic acid,(S)-GABOB,其他候选,需确认,仅结构候选,0,0,,结构筛选通过，但目前只有结构层面的单体合理性，缺少实际肽使用证据,CCD未指定标准氨基酸母体,C4 H9 N O3,119.119,,non-polymer,3,C([C@@H](CN)O)C(=O)O,https://www.rcsb.org/ligand/A1IFH,https://www.ebi.ac.uk/pdbe/static/files/pdbechem_v2/A1IFH_500.svg
暂缓,P2,A1ILO,"(2~{R})-2-azanyl-3-[[3-(5-ethyl-3-methyl-1,2-oxazol-4-yl)-5-fluoranyl-phenyl]carbonylamino]propanoic acid",,芳香/疏水侧链,需确认,未进入使用审计,0,0,,结构可能合理，但单体身份、偶联条件或复杂度证据不足，暂不进入研发候选库,分子量超过300 Da，需确认偶联、脱保护和总环肽体积负担；含预先形成的酰胺键，需确认主链氨基是否仍可偶联；CCD未指定标准氨基酸母体,C16 H18 F N3 O4,335.33,,non-polymer,1,CCc1c(c(no1)C)c2cc(cc(c2)F)C(=O)NC[C@H](C(=O)O)N,https://www.rcsb.org/ligand/A1ILO,https://www.ebi.ac.uk/pdbe/static/files/pdbechem_v2/A1ILO_500.svg
暂缓,P2,A1ILP,"(2~{R})-2-azanyl-3-[[3-(5-ethyl-1,2-oxazol-4-yl)-5-fluoranyl-phenyl]carbonylamino]propanoic acid",,芳香/疏水侧链,需确认,未进入使用审计,0,0,,结构可能合理，但单体身份、偶联条件或复杂度证据不足，暂不进入研发候选库,分子量超过300 Da，需确认偶联、脱保护和总环肽体积负担；含预先形成的酰胺键，需确认主链氨基是否仍可偶联；CCD未指定标准氨基酸母体,C15 H16 F N3 O4,321.304,,non-polymer,1,CCc1c(cno1)c2cc(cc(c2)F)C(=O)NC[C@H](C(=O)O)N,https://www.rcsb.org/ligand/A1ILP,https://www.ebi.ac.uk/pdbe/static/files/pdbechem_v2/A1ILP_500.svg
暂缓,P2,A1ILQ,(2~{R})-2-azanyl-3-[[3-(phenylmethyl)-2~{H}-thiophen-5-yl]carbonylamino]propanoic acid,,芳香/疏水侧链,需确认,未进入使用审计,0,0,,结构可能合理，但单体身份、偶联条件或复杂度证据不足，暂不进入研发候选库,分子量超过300 Da，需确认偶联、脱保护和总环肽体积负担；含预先形成的酰胺键，需确认主链氨基是否仍可偶联；CCD未指定标准氨基酸母体,C15 H18 N2 O3 S,306.38,,non-polymer,1,c1ccc(cc1)CC2=CC(=SC2)C(=O)NC[C@H](C(=O)O)N,https://www.rcsb.org/ligand/A1ILQ,https://www.ebi.ac.uk/pdbe/static/files/pdbechem_v2/A1ILQ_500.svg
条件候选,P2,A1ILR,(2~{R})-2-azanyl-3-(2~{H}-thiophen-5-ylcarbonylamino)propanoic acid,,其他候选,需确认,仅结构候选,0,0,,结构筛选通过，但目前只有结构层面的单体合理性，缺少实际肽使用证据,含预先形成的酰胺键，需确认主链氨基是否仍可偶联；CCD未指定标准氨基酸母体,C8 H12 N2 O3 S,216.257,,non-polymer,1,C1C=CC(=S1)C(=O)NC[C@H](C(=O)O)N,https://www.rcsb.org/ligand/A1ILR,https://www.ebi.ac.uk/pdbe/static/files/pdbechem_v2/A1ILR_500.svg
条件候选,P2,A1IME,"(2~{R})-2-azanyl-3-[(7-methylthieno[3,2-b]pyridin-2-yl)carbonylamino]propanoic acid",,芳香/疏水侧链,需确认,仅结构候选,0,0,,结构筛选通过，但目前只有结构层面的单体合理性，缺少实际肽使用证据,含预先形成的酰胺键，需确认主链氨基是否仍可偶联；CCD未指定标准氨基酸母体,C12 H13 N3 O3 S,279.315,,non-polymer,1,Cc1ccnc2c1sc(c2)C(=O)NC[C@H](C(=O)O)N,https://www.rcsb.org/ligand/A1IME,https://www.ebi.ac.uk/pdbe/static/files/pdbechem_v2/A1IME_500.svg
暂缓,P2,A1IO2,"(2~{S})-3-(1~{H}-indol-3-yl)-2-(7~{H}-pyrrolo[2,3-d]pyrimidin-4-ylamino)propanoic acid",,芳香/疏水侧链,需确认,未进入使用审计,0,0,,结构可能合理，但单体身份、偶联条件或复杂度证据不足，暂不进入研发候选库,分子量超过300 Da，需确认偶联、脱保护和总环肽体积负担；杂原子较多，可能带来较高极性或多重保护需求；CCD未指定标准氨基酸母体,C17 H15 N5 O2,321.333,,non-polymer,1,c1ccc2c(c1)c(c[nH]2)C[C@@H](C(=O)O)Nc3c4cc[nH]c4ncn3,https://www.rcsb.org/ligand/A1IO2,https://www.ebi.ac.uk/pdbe/static/files/pdbechem_v2/A1IO2_500.svg
条件候选,P2,A1IT0,1-(methylsulfonylamino)cyclohexane-1-carboxylic acid,,构象限制,较可能,仅结构候选,0,0,,结构筛选通过，但目前只有结构层面的单体合理性，缺少实际肽使用证据,CCD未指定标准氨基酸母体,C8 H15 N O4 S,221.274,,non-polymer,1,CS(=O)(=O)NC1(CCCCC1)C(=O)O,https://www.rcsb.org/ligand/A1IT0,https://www.ebi.ac.uk/pdbe/static/files/pdbechem_v2/A1IT0_500.svg
暂缓,P2,A1J8S,(2~{S})-2-azanyl-6-[[(~{E})-4-[2-[(azanylidene-$l^{4}-azanylidene)amino]ethanoylamino]but-2-enoyl]amino]hexanoic acid,,其他候选,需确认,未进入使用审计,0,0,,结构可能合理，但单体身份、偶联条件或复杂度证据不足，暂不进入研发候选库,分子量超过300 Da，需确认偶联、脱保护和总环肽体积负担；杂原子较多，可能带来较高极性或多重保护需求；CCD未指定标准氨基酸母体,C12 H21 N6 O4,313.333,,non-polymer,1,C(CCNC(=O)/C=C/CNC(=O)CN=[N]=N)C[C@@H](C(=O)O)N,https://www.rcsb.org/ligand/A1J8S,https://www.ebi.ac.uk/pdbe/static/files/pdbechem_v2/A1J8S_500.svg
条件候选,P2,A1JEV,(2~{S})-1-[(1~{R})-1-(4-chlorophenyl)-2-(methylamino)-2-oxidanylidene-ethyl]pyrrolidine-2-carboxylic acid,,卤代/电子调节,需确认,仅结构候选,0,0,,结构筛选通过，但目前只有结构层面的单体合理性，缺少实际肽使用证据,CCD未指定标准氨基酸母体,C14 H17 Cl N2 O3,296.749,,non-polymer,1,CNC(=O)[C@@H](c1ccc(cc1)Cl)N2CCC[C@H]2C(=O)O,https://www.rcsb.org/ligand/A1JEV,https://www.ebi.ac.uk/pdbe/static/files/pdbechem_v2/A1JEV_500.svg
条件候选,P2,A1JF4,"3-(7~{H}-pyrrolo[2,3-d]pyrimidin-4-ylamino)propanoic acid",,其他候选,较可能,仅结构候选,0,0,,结构筛选通过，但目前只有结构层面的单体合理性，缺少实际肽使用证据,CCD未指定标准氨基酸母体,C9 H10 N4 O2,206.201,,non-polymer,2,c1c[nH]c2c1c(ncn2)NCCC(=O)O,https://www.rcsb.org/ligand/A1JF4,https://www.ebi.ac.uk/pdbe/static/files/pdbechem_v2/A1JF4_500.svg
条件候选,P2,A1JHR,Gly-Ser-epsilon-Lys,(2S)-2-azanyl-6-[[(2S)-2-(2-azanylethanoylamino)-3-oxidanyl-propanoyl]amino]hexanoic acid,其他候选,需确认,仅结构候选,0,0,,结构筛选通过，但目前只有结构层面的单体合理性，缺少实际肽使用证据,CCD未指定标准氨基酸母体,C11 H22 N4 O5,290.316,,non-polymer,1,C(CCNC(=O)[C@H](CO)NC(=O)CN)C[C@@H](C(=O)O)N,https://www.rcsb.org/ligand/A1JHR,https://www.ebi.ac.uk/pdbe/static/files/pdbechem_v2/A1JHR_500.svg
条件候选,P2,A1JSL,3-[(6-methylnaphthalen-2-yl)sulfonylamino]propanoic acid,,芳香/疏水侧链,需确认,仅结构候选,0,0,,结构筛选通过，但目前只有结构层面的单体合理性，缺少实际肽使用证据,CCD未指定标准氨基酸母体,C14 H15 N O4 S,293.338,,non-polymer,2,Cc1ccc2cc(ccc2c1)S(=O)(=O)NCCC(=O)O,https://www.rcsb.org/ligand/A1JSL,https://www.ebi.ac.uk/pdbe/static/files/pdbechem_v2/A1JSL_500.svg
暂缓,P2,A1JVL,"(3~{R},4~{R})-1-[3-cyano-6-(cyclopropylamino)pyridin-2-yl]-4-propan-2-yl-pyrrolidine-3-carboxylic acid",,构象限制,需确认,未进入使用审计,0,0,,结构可能合理，但单体身份、偶联条件或复杂度证据不足，暂不进入研发候选库,分子量超过300 Da，需确认偶联、脱保护和总环肽体积负担；CCD未指定标准氨基酸母体,C17 H22 N4 O2,314.382,,non-polymer,2,CC(C)[C@H]1CN(C[C@@H]1C(=O)O)c2c(ccc(n2)NC3CC3)C#N,https://www.rcsb.org/ligand/A1JVL,https://www.ebi.ac.uk/pdbe/static/files/pdbechem_v2/A1JVL_500.svg
暂缓,P2,A1L7G,(2~{S})-4-(naphthalen-2-ylamino)-4-oxidanylidene-2-(3-oxidanylpropylamino)butanoic acid,,芳香/疏水侧链,需确认,未进入使用审计,0,0,,结构可能合理，但单体身份、偶联条件或复杂度证据不足，暂不进入研发候选库,分子量超过300 Da，需确认偶联、脱保护和总环肽体积负担；CCD未指定标准氨基酸母体,C17 H20 N2 O4,316.352,,non-polymer,1,c1ccc2cc(ccc2c1)NC(=O)C[C@@H](C(=O)O)NCCCO,https://www.rcsb.org/ligand/A1L7G,https://www.ebi.ac.uk/pdbe/static/files/pdbechem_v2/A1L7G_500.svg
条件候选,P2,A1L7T,(2~{R})-3-azanyl-3-methyl-2-oxidanyl-butanoic acid,2-aminoisobutyric acid,其他候选,较可能,仅结构候选,0,0,,结构筛选通过，但目前只有结构层面的单体合理性，缺少实际肽使用证据,CCD未指定标准氨基酸母体,C5 H11 N O3,133.146,,non-polymer,2,CC(C)([C@H](C(=O)O)O)N,https://www.rcsb.org/ligand/A1L7T,https://www.ebi.ac.uk/pdbe/static/files/pdbechem_v2/A1L7T_500.svg
条件候选,P2,A1LWG,(2~{R})-2-[2-(1~{H}-indol-3-yl)ethylamino]propanoic acid,,芳香/疏水侧链,较可能,仅结构候选,0,0,,结构筛选通过，但目前只有结构层面的单体合理性，缺少实际肽使用证据,CCD未指定标准氨基酸母体,C13 H16 N2 O2,232.278,,non-polymer,1,C[C@H](C(=O)O)NCCc1c[nH]c2c1cccc2,https://www.rcsb.org/ligand/A1LWG,https://www.ebi.ac.uk/pdbe/static/files/pdbechem_v2/A1LWG_500.svg
条件候选,P2,A33,2-(carboxymethyl)-D-aspartic acid,,D-构型,需确认,仅结构候选,0,0,,结构筛选通过，但目前只有结构层面的单体合理性，缺少实际肽使用证据,杂原子较多，可能带来较高极性或多重保护需求；CCD未指定标准氨基酸母体,C6 H9 N O6,191.139,,NON-POLYMER,2,C(C(=O)O)C(CC(=O)O)(C(=O)O)N,https://www.rcsb.org/ligand/A33,https://www.ebi.ac.uk/pdbe/static/files/pdbechem_v2/A33_500.svg
条件候选,P2,A3B,D-VINYLGLYCINE,2-AMMONIOBUT-3-ENOATE; 2-AMINO-3-BUTENOATE,D-构型,较可能,仅结构候选,0,0,,结构筛选通过，但目前只有结构层面的单体合理性，缺少实际肽使用证据,CCD未指定标准氨基酸母体,C4 H7 N O2,101.104,,NON-POLYMER,1,C=C[C@H](C(=O)[O-])[NH3+],https://www.rcsb.org/ligand/A3B,https://www.ebi.ac.uk/pdbe/static/files/pdbechem_v2/A3B_500.svg
暂缓,P2,AAG,N-ALPHA-L-ACETYL-ARGININE,,其他候选,需确认,未进入使用审计,0,0,,结构可能合理，但单体身份、偶联条件或复杂度证据不足，暂不进入研发候选库,含预先形成的酰胺键，需确认主链氨基是否仍可偶联；CCD未指定标准氨基酸母体,C8 H16 N4 O3,216.238,,NON-POLYMER,4,CC(=O)N[C@@H](CCCNC(=N)N)C(=O)O,https://www.rcsb.org/ligand/AAG,https://www.ebi.ac.uk/pdbe/static/files/pdbechem_v2/AAG_500.svg
暂缓,P2,AAH,1-[N-4'-NITROBENZYL-N-4'-CARBOXYBUTYLAMINO]METHYLPHOSPHONIC ACID,,其他候选,需确认,未进入使用审计,0,0,,结构可能合理，但单体身份、偶联条件或复杂度证据不足，暂不进入研发候选库,分子量超过300 Da，需确认偶联、脱保护和总环肽体积负担；杂原子较多，可能带来较高极性或多重保护需求；含磷酸/膦酸相关结构，通常不利于被动跨膜；CCD未指定标准氨基酸母体,C13 H19 N2 O7 P,346.273,,NON-POLYMER,4,c1cc(ccc1C[N@@](CCCCC(=O)O)CP(=O)(O)O)[N+](=O)[O-],https://www.rcsb.org/ligand/AAH,https://www.ebi.ac.uk/pdbe/static/files/pdbechem_v2/AAH_500.svg
条件候选,P2,ABH,2(S)-AMINO-6-BORONOHEXANOIC ACID,,其他候选,较可能,仅结构候选,0,0,,结构筛选通过，但目前只有结构层面的单体合理性，缺少实际肽使用证据,CCD未指定标准氨基酸母体,C6 H15 B N O5,191.998,,NON-POLYMER,1,[B-](CCCC[C@@H](C(=O)O)N)(O)(O)O,https://www.rcsb.org/ligand/ABH,https://www.ebi.ac.uk/pdbe/static/files/pdbechem_v2/ABH_500.svg
优先深审,P2,ABU,GAMMA-AMINO-BUTANOIC ACID,GAMMA(AMINO)-BUTYRIC ACID,延长骨架,需确认,短聚合物序列命中,7,5,1QUR / 6DN6 / 7K2O / 7OPM / 8PSR,结构筛选通过，且在不超过50残基的PDB聚合物序列中实际出现,CCD未指定标准氨基酸母体,C4 H9 N O2,103.12,,NON-POLYMER,3,C(CC(=O)O)CN,https://www.rcsb.org/ligand/ABU,https://www.ebi.ac.uk/pdbe/static/files/pdbechem_v2/ABU_500.svg
暂缓,P2,ABX,5-[1-(ACETYLAMINO)-3-METHYLBUTYL]-4-(METHOXYCARBONYL)PROLINE,,构象限制,需确认,未进入使用审计,0,0,,结构可能合理，但单体身份、偶联条件或复杂度证据不足，暂不进入研发候选库,分子量超过300 Da，需确认偶联、脱保护和总环肽体积负担；CCD未指定标准氨基酸母体,C14 H24 N2 O5,300.351,,NON-POLYMER,1,CC(C)C[C@@H]([C@H]1[C@@H](C[C@@H](N1)C(=O)O)C(=O)OC)NC(=O)C,https://www.rcsb.org/ligand/ABX,https://www.ebi.ac.uk/pdbe/static/files/pdbechem_v2/ABX_500.svg
条件候选,P2,ACZ / TZA,CIS-AMICLENOMYCIN；TRANS-AMICLENOMYCIN,"2-AMINO-4-(4-AMINO-CYCLOHEXA-2,5-DIENYL)-BUTYRIC ACID",构象限制,较可能,仅结构候选,0,0,,结构筛选通过，但目前只有结构层面的单体合理性，缺少实际肽使用证据,CCD未指定标准氨基酸母体,C10 H16 N2 O2,196.246,,NON-POLYMER,1,C1=CC(C=CC1CC[C@@H](C(=O)O)N)N,https://www.rcsb.org/ligand/ACZ；https://www.rcsb.org/ligand/TZA,https://www.ebi.ac.uk/pdbe/static/files/pdbechem_v2/ACZ_500.svg；https://www.ebi.ac.uk/pdbe/static/files/pdbechem_v2/TZA_500.svg
暂缓,P2,AE1,2-{[[(1S)-1-AMINO-2-CARBOXYETHYL](DIHYDROXY)PHOSPHORANYL]METHYL}-4-METHYLPENTANOIC ACID,,其他候选,需确认,未进入使用审计,0,0,,结构可能合理，但单体身份、偶联条件或复杂度证据不足，暂不进入研发候选库,杂原子较多，可能带来较高极性或多重保护需求；含磷酸/膦酸相关结构，通常不利于被动跨膜；CCD未指定标准氨基酸母体,C10 H20 N O6 P,281.243,,NON-POLYMER,2,CC(C)C[C@H](C[P@@](=O)([C@H](CC(=O)O)N)O)C(=O)O,https://www.rcsb.org/ligand/AE1,https://www.ebi.ac.uk/pdbe/static/files/pdbechem_v2/AE1_500.svg
暂缓,P2,AEP,3-[(1-AMINO-2-CARBOXY-ETHYL)-HYDROXY-PHOSPHINOYL]-2-METHYL-PROPIONIC ACID,,其他候选,需确认,未进入使用审计,0,0,,结构可能合理，但单体身份、偶联条件或复杂度证据不足，暂不进入研发候选库,杂原子较多，可能带来较高极性或多重保护需求；含磷酸/膦酸相关结构，通常不利于被动跨膜；CCD未指定标准氨基酸母体,C7 H14 N O6 P,239.163,,NON-POLYMER,2,C[C@H](C[P@](=O)([C@H](CC(=O)O)N)O)C(=O)O,https://www.rcsb.org/ligand/AEP,https://www.ebi.ac.uk/pdbe/static/files/pdbechem_v2/AEP_500.svg
优先深审,P2,AFC,"(3R,12R)-3-amino-12-methyltetradecanoic acid",,其他候选,需确认,短聚合物序列命中,1,1,2IGZ,结构筛选通过，且在不超过50残基的PDB聚合物序列中实际出现,CCD未指定标准氨基酸母体,C15 H31 N O2,257.412,,peptide-like,2,CC[C@@H](C)CCCCCCCC[C@H](CC(=O)O)N,https://www.rcsb.org/ligand/AFC,https://www.ebi.ac.uk/pdbe/static/files/pdbechem_v2/AFC_500.svg
排除,P2,AHE,2-AMINO-4-[1-CARBOXYMETHYL-CARBAMOYL)-2-HYDROXYMETHYLSULFANYL-ETHYLCARBAMOYL]-BUTYRIC ACID,S-HYDROXYMETHYL GLUTATHIONE,其他候选,否,未进入使用审计,0,0,,名称提示核苷酸、辅因子或整分子缀合物,分子量超过300 Da，需确认偶联、脱保护和总环肽体积负担；杂原子较多，可能带来较高极性或多重保护需求；含预先形成的酰胺键，需确认主链氨基是否仍可偶联；CCD未指定标准氨基酸母体,C11 H19 N3 O7 S,337.349,,NON-POLYMER,1,C(CC(=O)N[C@@H](CSCO)C(=O)NCC(=O)O)[C@@H](C(=O)O)N,https://www.rcsb.org/ligand/AHE,https://www.ebi.ac.uk/pdbe/static/files/pdbechem_v2/AHE_500.svg
条件候选,P2,AHY,"(2S,3R)-3-AMINO-2-HYDROXYDECANOIC ACID",,其他候选,较可能,仅结构候选,0,0,,结构筛选通过，但目前只有结构层面的单体合理性，缺少实际肽使用证据,CCD未指定标准氨基酸母体,C10 H21 N O3,203.279,,NON-POLYMER,2,CCCCCCC[C@H]([C@@H](C(=O)O)O)N,https://www.rcsb.org/ligand/AHY,https://www.ebi.ac.uk/pdbe/static/files/pdbechem_v2/AHY_500.svg
条件候选,P2,AKB,2-AMINO-3-KETOBUTYRIC ACID,,其他候选,较可能,仅结构候选,0,0,,结构筛选通过，但目前只有结构层面的单体合理性，缺少实际肽使用证据,CCD未指定标准氨基酸母体,C4 H7 N O3,117.103,,NON-POLYMER,1,CC(=O)[C@@H](C(=O)O)N,https://www.rcsb.org/ligand/AKB,https://www.ebi.ac.uk/pdbe/static/files/pdbechem_v2/AKB_500.svg
条件候选,P2,AL0,3-[HYDROXY(NITROSO)AMINO]-L-ALANINE,L-ALANOSINE,其他候选,需确认,仅结构候选,0,0,,结构筛选通过，但目前只有结构层面的单体合理性，缺少实际肽使用证据,CCD未指定标准氨基酸母体,C3 H7 N3 O4,149.105,,NON-POLYMER,1,C([C@@H](C(=O)O)N)N(N=O)O,https://www.rcsb.org/ligand/AL0,https://www.ebi.ac.uk/pdbe/static/files/pdbechem_v2/AL0_500.svg
条件候选,P2,AM1,(S)-2-AMINO-3-(3-CARBOXY-5-METHYLISOXAZOL-4-YL)PROPIONIC ACID,ACPA,其他候选,较可能,仅结构候选,0,0,,结构筛选通过，但目前只有结构层面的单体合理性，缺少实际肽使用证据,CCD未指定标准氨基酸母体,C8 H10 N2 O5,214.175,,NON-POLYMER,1,Cc1c(c(no1)C(=O)O)CC(C(=O)O)N,https://www.rcsb.org/ligand/AM1,https://www.ebi.ac.uk/pdbe/static/files/pdbechem_v2/AM1_500.svg
条件候选,P2,AMB,L-2-AMINO-4-METHOXY-CIS-BUT-3-ENOIC ACID,,其他候选,较可能,仅结构候选,0,0,,结构筛选通过，但目前只有结构层面的单体合理性，缺少实际肽使用证据,CCD未指定标准氨基酸母体,C5 H9 N O3,131.13,,NON-POLYMER,1,CO\C=C/[C@@H](C(=O)O)N,https://www.rcsb.org/ligand/AMB,https://www.ebi.ac.uk/pdbe/static/files/pdbechem_v2/AMB_500.svg
条件候选,P2,AMQ,(S)-ALPHA-AMINO-3-HYDROXY-5-METHYL-4-ISOXAZOLEPROPIONIC ACID,AMPA,其他候选,较可能,仅结构候选,0,0,,结构筛选通过，但目前只有结构层面的单体合理性，缺少实际肽使用证据,CCD未指定标准氨基酸母体,C7 H10 N2 O4,186.165,,NON-POLYMER,1,Cc1c(c(no1)O)C[C@@H](C(=O)O)N,https://www.rcsb.org/ligand/AMQ,https://www.ebi.ac.uk/pdbe/static/files/pdbechem_v2/AMQ_500.svg
暂缓,P2,AOD,"5-bromo-2-{[(1S,3R)-3-carboxycyclohexyl]amino}benzoic acid",,构象限制,需确认,未进入使用审计,0,0,,结构可能合理，但单体身份、偶联条件或复杂度证据不足，暂不进入研发候选库,分子量超过300 Da，需确认偶联、脱保护和总环肽体积负担；CCD未指定标准氨基酸母体,C14 H16 Br N O4,342.185,,NON-POLYMER,3,c1cc(c(cc1Br)C(=O)O)N[C@H]2CCC[C@H](C2)C(=O)O,https://www.rcsb.org/ligand/AOD,https://www.ebi.ac.uk/pdbe/static/files/pdbechem_v2/AOD_500.svg
暂缓,P2,AOR,N~2~-ACETYL-L-ORNITHINE,,其他候选,需确认,未进入使用审计,0,0,,结构可能合理，但单体身份、偶联条件或复杂度证据不足，暂不进入研发候选库,含预先形成的酰胺键，需确认主链氨基是否仍可偶联；CCD未指定标准氨基酸母体,C7 H14 N2 O3,174.198,,NON-POLYMER,4,CC(=O)N[C@@H](CCCN)C(=O)O,https://www.rcsb.org/ligand/AOR,https://www.ebi.ac.uk/pdbe/static/files/pdbechem_v2/AOR_500.svg
优先深审,P2,APD,3-METHYLPHENYLALANINE,,芳香/疏水侧链,需确认,短聚合物序列命中,2,2,6XIE / 6XIF,结构筛选通过，且在不超过50残基的PDB聚合物序列中实际出现,CCD未指定标准氨基酸母体,C10 H13 N O2,179.216,,NON-POLYMER,1,Cc1cccc(c1)C[C@@H](C(=O)O)N,https://www.rcsb.org/ligand/APD,https://www.ebi.ac.uk/pdbe/static/files/pdbechem_v2/APD_500.svg
条件候选,P2,AQK,(2~{S})-5-azanyl-2-(2-hydroxy-2-oxoethylamino)pentanoic acid,,其他候选,较可能,仅结构候选,0,0,,结构筛选通过，但目前只有结构层面的单体合理性，缺少实际肽使用证据,CCD未指定标准氨基酸母体,C7 H14 N2 O4,190.197,,NON-POLYMER,1,C(C[C@@H](C(=O)O)NCC(=O)O)CN,https://www.rcsb.org/ligand/AQK,https://www.ebi.ac.uk/pdbe/static/files/pdbechem_v2/AQK_500.svg
条件候选,P2,AQQ,(2~{S})-5-azanyl-2-[[(2~{R})-1-oxidanyl-1-oxidanylidene-propan-2-yl]amino]pentanoic acid,,其他候选,较可能,仅结构候选,0,0,,结构筛选通过，但目前只有结构层面的单体合理性，缺少实际肽使用证据,CCD未指定标准氨基酸母体,C8 H16 N2 O4,204.224,,NON-POLYMER,1,C[C@H](C(=O)O)N[C@@H](CCCN)C(=O)O,https://www.rcsb.org/ligand/AQQ,https://www.ebi.ac.uk/pdbe/static/files/pdbechem_v2/AQQ_500.svg
排除,P2,AR5,N~2~-(tert-butoxycarbonyl)-L-arginine,,其他候选,否,未进入使用审计,0,0,,记录对应保护体，不能把保护体本身当作最终残基,CCD未指定标准氨基酸母体,C11 H22 N4 O4,274.317,,NON-POLYMER,4,[H]/N=C(/N)\NCCC[C@@H](C(=O)O)NC(=O)OC(C)(C)C,https://www.rcsb.org/ligand/AR5,https://www.ebi.ac.uk/pdbe/static/files/pdbechem_v2/AR5_500.svg
优先深审,P2,ASJ,(3S)-3-amino-4-hydroxybutanoic acid,,其他候选,较可能,短聚合物序列命中,36,36,1F1J / 1IAU / 1PAU / 1PYO / 1QTN,结构筛选通过，且在不超过50残基的PDB聚合物序列中实际出现,CCD未指定标准氨基酸母体,C4 H9 N O3,119.119,,peptide-like,2,C([C@@H](CO)N)C(=O)O,https://www.rcsb.org/ligand/ASJ,https://www.ebi.ac.uk/pdbe/static/files/pdbechem_v2/ASJ_500.svg
暂缓,P2,ASV,DELTA-(L-ALPHA-AMINOADIPOYL)-L-CYSTEINYL-D-VINYLGLYCINE,,D-构型,需确认,未进入使用审计,0,0,,结构可能合理，但单体身份、偶联条件或复杂度证据不足，暂不进入研发候选库,分子量超过300 Da，需确认偶联、脱保护和总环肽体积负担；杂原子较多，可能带来较高极性或多重保护需求；CCD未指定标准氨基酸母体,C13 H21 N3 O6 S,347.387,,NON-POLYMER,1,C=C[C@H](C(=O)O)NC(=O)[C@H](CS)NC(=O)CCC[C@@H](C(=O)O)N,https://www.rcsb.org/ligand/ASV,https://www.ebi.ac.uk/pdbe/static/files/pdbechem_v2/ASV_500.svg
暂缓,P2,AT1,(S)-2-AMINO-3-(5-TERT-BUTYL-3-(PHOSPHONOMETHOXY)-4-ISOXAZOLYL)PROPIONIC ACID,,其他候选,需确认,未进入使用审计,0,0,,结构可能合理，但单体身份、偶联条件或复杂度证据不足，暂不进入研发候选库,分子量超过300 Da，需确认偶联、脱保护和总环肽体积负担；杂原子较多，可能带来较高极性或多重保护需求；含磷酸/膦酸相关结构，通常不利于被动跨膜；CCD未指定标准氨基酸母体,C11 H19 N2 O7 P,322.252,,NON-POLYMER,1,CC(C)(C)c1c(c(no1)OCP(=O)(O)O)C[C@@H](C(=O)O)N,https://www.rcsb.org/ligand/AT1,https://www.ebi.ac.uk/pdbe/static/files/pdbechem_v2/AT1_500.svg
暂缓,P2,AUM,[nitroso(phosphonomethyl)amino]acetic acid,,其他候选,需确认,未进入使用审计,0,0,,结构可能合理，但单体身份、偶联条件或复杂度证据不足，暂不进入研发候选库,杂原子较多，可能带来较高极性或多重保护需求；含磷酸/膦酸相关结构，通常不利于被动跨膜；CCD未指定标准氨基酸母体,C3 H7 N2 O6 P,198.071,,non-polymer,1,C(C(=O)O)N(CP(=O)(O)O)N=O,https://www.rcsb.org/ligand/AUM,https://www.ebi.ac.uk/pdbe/static/files/pdbechem_v2/AUM_500.svg
条件候选,P2,AUU,"(1S,2S,4R)-2-aminobicyclo[2.2.1]heptane-2-carboxylic acid",,其他候选,较可能,仅结构候选,0,0,,结构筛选通过，但目前只有结构层面的单体合理性，缺少实际肽使用证据,CCD未指定标准氨基酸母体,C8 H13 N O2,155.194,,NON-POLYMER,1,C1CC2C[C@H]1[C@@](C2)(C(=O)O)N,https://www.rcsb.org/ligand/AUU,https://www.ebi.ac.uk/pdbe/static/files/pdbechem_v2/AUU_500.svg
条件候选,P2,AVG,2-AMINO-4-(2-AMINO-ETHOXY)-BUTYRIC ACID,,其他候选,较可能,仅结构候选,0,0,,结构筛选通过，但目前只有结构层面的单体合理性，缺少实际肽使用证据,CCD未指定标准氨基酸母体,C6 H14 N2 O3,162.187,,NON-POLYMER,1,C(COCCN)[C@@H](C(=O)O)N,https://www.rcsb.org/ligand/AVG,https://www.ebi.ac.uk/pdbe/static/files/pdbechem_v2/AVG_500.svg
条件候选,P2,AVI,"N,N-dimethyl-L-histidine",,其他候选,需确认,仅结构候选,0,0,,结构筛选通过，但目前只有结构层面的单体合理性，缺少实际肽使用证据,CCD未指定标准氨基酸母体,C8 H13 N3 O2,183.208,,NON-POLYMER,1,CN(C)[C@@H](Cc1c[nH]cn1)C(=O)O,https://www.rcsb.org/ligand/AVI,https://www.ebi.ac.uk/pdbe/static/files/pdbechem_v2/AVI_500.svg
条件候选,P2,AVO,Pyrrolidinohistidine,,其他候选,需确认,仅结构候选,0,0,,结构筛选通过，但目前只有结构层面的单体合理性，缺少实际肽使用证据,CCD未指定标准氨基酸母体,C10 H17 N3 O2,211.261,,NON-POLYMER,1,c1c([nH]c[nH+]1)C[C@@H](C(=O)O)[NH+]2CCCC2,https://www.rcsb.org/ligand/AVO,https://www.ebi.ac.uk/pdbe/static/files/pdbechem_v2/AVO_500.svg
条件候选,P2,AXZ,2-{[dihydroxy(4-aminoethylphenyl)-{4}-sulfanyl]amino}-3-hydroxypropanoic acid,,芳香/疏水侧链,需确认,仅结构候选,0,0,,结构筛选通过，但目前只有结构层面的单体合理性，缺少实际肽使用证据,CCD未指定标准氨基酸母体,C11 H18 N2 O5 S,290.336,,NON-POLYMER,1,c1cc(ccc1CCN)S(N[C@@H](CO)C(=O)O)(O)O,https://www.rcsb.org/ligand/AXZ,https://www.ebi.ac.uk/pdbe/static/files/pdbechem_v2/AXZ_500.svg
条件候选,P2,B56,"2-amino-8-methyl-4-oxo-3,4,7,8-tetrahydropteridine-6-carboxylic acid",,其他候选,需确认,仅结构候选,0,0,,结构筛选通过，但目前只有结构层面的单体合理性，缺少实际肽使用证据,杂原子较多，可能带来较高极性或多重保护需求；CCD未指定标准氨基酸母体,C8 H9 N5 O3,223.189,,NON-POLYMER,2,CN1CC(=NC2=C1N=C(NC2=O)N)C(=O)O,https://www.rcsb.org/ligand/B56,https://www.ebi.ac.uk/pdbe/static/files/pdbechem_v2/B56_500.svg
优先深审,P2,BAL,BETA-ALANINE,,延长骨架,较可能,短聚合物序列命中,67,67,1EFR / 1FGL / 1MCD / 1MCE / 1MCF,结构筛选通过，且在不超过50残基的PDB聚合物序列中实际出现,CCD未指定标准氨基酸母体,C3 H7 N O2,89.093,,peptide-like,2,C(CN)C(=O)O,https://www.rcsb.org/ligand/BAL,https://www.ebi.ac.uk/pdbe/static/files/pdbechem_v2/BAL_500.svg
暂缓,P2,BCZ,3-(1-ACETYLAMINO-2-ETHYL-BUTYL)-4-GUANIDINO-2-HYDROXY-CYCLOPENTANECARBOXYLIC ACID,BCX-1812,构象限制,需确认,未进入使用审计,0,0,,结构可能合理，但单体身份、偶联条件或复杂度证据不足，暂不进入研发候选库,分子量超过300 Da，需确认偶联、脱保护和总环肽体积负担；CCD未指定标准氨基酸母体,C15 H28 N4 O4,328.407,,NON-POLYMER,3,CCC(CC)[C@@H]([C@H]1[C@@H](C[C@@H]([C@H]1O)C(=O)O)NC(=N)N)NC(=O)C,https://www.rcsb.org/ligand/BCZ,https://www.ebi.ac.uk/pdbe/static/files/pdbechem_v2/BCZ_500.svg
条件候选,P2,BDH,L-BETA-ASPARTYLHISTIDINE,,延长骨架,需确认,仅结构候选,0,0,,结构筛选通过，但目前只有结构层面的单体合理性，缺少实际肽使用证据,CCD未指定标准氨基酸母体,C10 H14 N4 O5,270.242,,NON-POLYMER,1,c1c([nH]cn1)C[C@@H](C(=O)O)NC(=O)C[C@@H](C(=O)O)N,https://www.rcsb.org/ligand/BDH,https://www.ebi.ac.uk/pdbe/static/files/pdbechem_v2/BDH_500.svg
暂缓,P2,BDL,N-(biphenyl-4-ylsulfonyl)-D-leucine,(R)-2-(biphenyl-4-ylsulfonamido)-4-methylpentanoic acid,D-构型,需确认,未进入使用审计,0,0,,结构可能合理，但单体身份、偶联条件或复杂度证据不足，暂不进入研发候选库,分子量超过300 Da，需确认偶联、脱保护和总环肽体积负担；CCD未指定标准氨基酸母体,C18 H21 N O4 S,347.429,,NON-POLYMER,1,CC(C)C[C@H](C(=O)O)NS(=O)(=O)c1ccc(cc1)c2ccccc2,https://www.rcsb.org/ligand/BDL,https://www.ebi.ac.uk/pdbe/static/files/pdbechem_v2/BDL_500.svg
条件候选,P2,BET,TRIMETHYL GLYCINE,,其他候选,需确认,仅结构候选,0,0,,结构筛选通过，但目前只有结构层面的单体合理性，缺少实际肽使用证据,CCD未指定标准氨基酸母体,C5 H12 N O2,118.154,,NON-POLYMER,1,C[N+](C)(C)CC(=O)O,https://www.rcsb.org/ligand/BET,https://www.ebi.ac.uk/pdbe/static/files/pdbechem_v2/BET_500.svg
暂缓,P2,BIX,(2S)-2-{[(S)-[(3S)-3-amino-3-carboxypropyl](hydroxy)phosphoryl]methyl}pentanedioic acid,,其他候选,需确认,未进入使用审计,0,0,,结构可能合理，但单体身份、偶联条件或复杂度证据不足，暂不进入研发候选库,分子量超过300 Da，需确认偶联、脱保护和总环肽体积负担；杂原子较多，可能带来较高极性或多重保护需求；含磷酸/膦酸相关结构，通常不利于被动跨膜；CCD未指定标准氨基酸母体,C10 H18 N O8 P,311.226,,NON-POLYMER,1,C(CC(=O)O)[C@H](C[P@](=O)(CC[C@@H](C(=O)O)N)O)C(=O)O,https://www.rcsb.org/ligand/BIX,https://www.ebi.ac.uk/pdbe/static/files/pdbechem_v2/BIX_500.svg
排除,P2,BLJ,(2S)-2-amino-4-[hydroxy(methyl)arsoryl]butanoic acid,,其他候选,否,未进入使用审计,0,0,,含金属元素，不属于常规肽合成单体,CCD未指定标准氨基酸母体,C5 H12 As N O4,225.075,,NON-POLYMER,1,C[As](=O)(CC[C@@H](C(=O)O)N)O,https://www.rcsb.org/ligand/BLJ,https://www.ebi.ac.uk/pdbe/static/files/pdbechem_v2/BLJ_500.svg
条件候选,P2,BN1,(S)-2-AMINO-3-[3-HYDROXY-5-(2-METHYL-2H-TETRAZOL-5-YL)ISOXAZOL-4-YL]PROPIONIC ACID,2-ME-TET-AMPA,其他候选,需确认,仅结构候选,0,0,,结构筛选通过，但目前只有结构层面的单体合理性，缺少实际肽使用证据,杂原子较多，可能带来较高极性或多重保护需求；CCD未指定标准氨基酸母体,C8 H10 N6 O4,254.203,,NON-POLYMER,1,Cn1nc(nn1)c2c(c(no2)O)CC(C(=O)O)N,https://www.rcsb.org/ligand/BN1,https://www.ebi.ac.uk/pdbe/static/files/pdbechem_v2/BN1_500.svg
条件候选,P2,BO8,(D-ALPHA-AMINOPIMELYLAMINO)-D-1-ETHYLBORONIC ACID,,D-构型,需确认,仅结构候选,0,0,,结构筛选通过，但目前只有结构层面的单体合理性，缺少实际肽使用证据,杂原子较多，可能带来较高极性或多重保护需求；CCD未指定标准氨基酸母体,C9 H20 B N2 O6,263.076,,non-polymer,1,[B-]([C@@H](C)NC(=O)CCCC[C@H](C(=O)O)N)(O)(O)O,https://www.rcsb.org/ligand/BO8,https://www.ebi.ac.uk/pdbe/static/files/pdbechem_v2/BO8_500.svg
条件候选,P2,BQ7,"(3S)-3-amino-2,2-difluoro-3-phenylpropanoic acid",,卤代/电子调节,较可能,仅结构候选,0,0,,结构筛选通过，但目前只有结构层面的单体合理性，缺少实际肽使用证据,CCD未指定标准氨基酸母体,C9 H9 F2 N O2,201.17,,NON-POLYMER,2,c1ccc(cc1)[C@@H](C(C(=O)O)(F)F)N,https://www.rcsb.org/ligand/BQ7,https://www.ebi.ac.uk/pdbe/static/files/pdbechem_v2/BQ7_500.svg
条件候选,P2,BRH,(S)-2-AMINO-3-(4-BROMO-3-HYDROXY-ISOXAZOL-5-YL)PROPIONIC ACID,BR-HIBO,卤代/电子调节,需确认,仅结构候选,0,0,,结构筛选通过，但目前只有结构层面的单体合理性，缺少实际肽使用证据,CCD未指定标准氨基酸母体,C6 H7 Br N2 O4,251.035,,NON-POLYMER,1,C(c1c(c(no1)O)Br)C(C(=O)O)N,https://www.rcsb.org/ligand/BRH,https://www.ebi.ac.uk/pdbe/static/files/pdbechem_v2/BRH_500.svg
条件候选,P2,BSC,(2S)-2-amino-4-(S-butylsulfonimidoyl)butanoic acid,"L-BUTHIONINE-[S,R]-SULFOXIMINE",其他候选,较可能,仅结构候选,0,0,,结构筛选通过，但目前只有结构层面的单体合理性，缺少实际肽使用证据,CCD未指定标准氨基酸母体,C8 H18 N2 O3 S,222.305,,NON-POLYMER,1,CCCCS(=N)(=O)CC[C@@H](C(=O)O)N,https://www.rcsb.org/ligand/BSC,https://www.ebi.ac.uk/pdbe/static/files/pdbechem_v2/BSC_500.svg
暂缓,P2,BWD,"2-AMINO-3-(5-BROMO-2,4-DIOXO-3,4-DIHYDRO-2H-PYRIMIDIN-1-YL)-PROPIONIC ACID",BROMO-WILLARDIINE,卤代/电子调节,需确认,未进入使用审计,0,0,,结构可能合理，但单体身份、偶联条件或复杂度证据不足，暂不进入研发候选库,含预先形成的酰胺键，需确认主链氨基是否仍可偶联；CCD未指定标准氨基酸母体,C7 H8 Br N3 O4,278.06,,NON-POLYMER,1,C1=C(C(=O)NC(=O)N1C[C@@H](C(=O)O)N)Br,https://www.rcsb.org/ligand/BWD,https://www.ebi.ac.uk/pdbe/static/files/pdbechem_v2/BWD_500.svg
暂缓,P2,BWS,L-gamma-glutamyl-L-alanylglycine,,延长骨架,需确认,未进入使用审计,0,0,,结构可能合理，但单体身份、偶联条件或复杂度证据不足，暂不进入研发候选库,杂原子较多，可能带来较高极性或多重保护需求；含预先形成的酰胺键，需确认主链氨基是否仍可偶联；CCD未指定标准氨基酸母体,C10 H17 N3 O6,275.258,,NON-POLYMER,1,C[C@@H](C(=O)NCC(=O)O)NC(=O)CC[C@@H](C(=O)O)N,https://www.rcsb.org/ligand/BWS,https://www.ebi.ac.uk/pdbe/static/files/pdbechem_v2/BWS_500.svg
条件候选,P2,C5A,"(1S,3S)-1-aminocyclopentane-1,3-dicarboxylic acid","1S,3S-ACPD",构象限制,需确认,仅结构候选,0,0,,结构筛选通过，但目前只有结构层面的单体合理性，缺少实际肽使用证据,CCD未指定标准氨基酸母体,C7 H11 N O4,173.167,,NON-POLYMER,3,C1C[C@](C[C@H]1C(=O)O)(C(=O)O)N,https://www.rcsb.org/ligand/C5A,https://www.ebi.ac.uk/pdbe/static/files/pdbechem_v2/C5A_500.svg
条件候选,P2,C5B,"(1S,3R)-1-AMINOCYCLOPENTANE-1,3-DICARBOXYLIC ACID","1S,3R-ACPD",构象限制,需确认,仅结构候选,0,0,,结构筛选通过，但目前只有结构层面的单体合理性，缺少实际肽使用证据,CCD未指定标准氨基酸母体,C7 H11 N O4,173.167,,NON-POLYMER,3,C1C[C@](C[C@@H]1C(=O)O)(C(=O)O)N,https://www.rcsb.org/ligand/C5B,https://www.ebi.ac.uk/pdbe/static/files/pdbechem_v2/C5B_500.svg
条件候选,P2,CAL,5-AMINO-6-CYCLOHEXYL-4-HYDROXY-2-ISOBUTYL-HEXANOIC ACID,,构象限制,需确认,仅结构候选,0,0,,结构筛选通过，但目前只有结构层面的单体合理性，缺少实际肽使用证据,CCD未指定标准氨基酸母体,C16 H31 N O3,285.422,,peptide-like,4,CC(C)C[C@H](C[C@@H]([C@H](CC1CCCCC1)N)O)C(=O)O,https://www.rcsb.org/ligand/CAL,https://www.ebi.ac.uk/pdbe/static/files/pdbechem_v2/CAL_500.svg
条件候选,P2,CAV,"5-AMINO-6-CYCLOHEXYL-3,4-DIHYDROXY-2-ISOPROPYL-HEXANOIC ACID",,构象限制,需确认,仅结构候选,0,0,,结构筛选通过，但目前只有结构层面的单体合理性，缺少实际肽使用证据,CCD未指定标准氨基酸母体,C15 H29 N O4,287.395,,peptide-like,4,CC(C)[C@H]([C@H]([C@@H]([C@H](CC1CCCCC1)N)O)O)C(=O)O,https://www.rcsb.org/ligand/CAV,https://www.ebi.ac.uk/pdbe/static/files/pdbechem_v2/CAV_500.svg
条件候选,P2,CBH,S-(D-CARBOXYBUTYL)-L-HOMOCYSTEINE,,D-构型,较可能,仅结构候选,0,0,,结构筛选通过，但目前只有结构层面的单体合理性，缺少实际肽使用证据,CCD未指定标准氨基酸母体,C9 H17 N O4 S,235.301,,NON-POLYMER,1,C(CCSCC[C@@H](C(=O)O)N)CC(=O)O,https://www.rcsb.org/ligand/CBH,https://www.ebi.ac.uk/pdbe/static/files/pdbechem_v2/CBH_500.svg
条件候选,P2,CCW,(S)-2-Amino-5-(2-(methylsulfonyl)acetimidamido)pentanoic acid,,其他候选,需确认,仅结构候选,0,0,,结构筛选通过，但目前只有结构层面的单体合理性，缺少实际肽使用证据,CCD未指定标准氨基酸母体,C8 H17 N3 O4 S,251.303,,non-polymer,1,CS(=O)(=O)C/C(=N\CCC[C@@H](C(=O)O)N)/N,https://www.rcsb.org/ligand/CCW,https://www.ebi.ac.uk/pdbe/static/files/pdbechem_v2/CCW_500.svg
条件候选,P2,CE2,3-(5-TERT-BUTYL-3-OXIDOISOXAZOL-4-YL)-L-ALANINATE,(S)-ATPA; (S)-2-AMINO-3-(3-HYDROXY-5-TERT-BUTYL-ISOXAZOL-4-YL)PROPIONIC ACID,其他候选,需确认,仅结构候选,0,0,,结构筛选通过，但目前只有结构层面的单体合理性，缺少实际肽使用证据,CCD未指定标准氨基酸母体,C10 H15 N2 O4,227.237,,NON-POLYMER,1,CC(C)(C)c1c(c(no1)[O-])C[C@@H](C(=O)[O-])[NH3+],https://www.rcsb.org/ligand/CE2,https://www.ebi.ac.uk/pdbe/static/files/pdbechem_v2/CE2_500.svg
排除,P2,CED,"5-METHYL-2-[2-OXO-1-(2-THIOPHEN-2-YL-ACETYLAMINO)-ETHYL]-3,6-DIHYDRO-2H-[1,3]THIAZINE-4-CARBOXYLIC ACID","DEGRADED CEPHALORIDINE, open form",其他候选,否,未进入使用审计,0,0,,名称明确提示药物、抗生素或反应中间体,分子量超过300 Da，需确认偶联、脱保护和总环肽体积负担；CCD未指定标准氨基酸母体,C14 H16 N2 O4 S2,340.418,,NON-POLYMER,1,CC1=C(N[C@H](SC1)[C@@H](C=O)NC(=O)Cc2cccs2)C(=O)O,https://www.rcsb.org/ligand/CED,https://www.ebi.ac.uk/pdbe/static/files/pdbechem_v2/CED_500.svg
条件候选,P2,CFU,"(2R)-2-[(1R)-1-(acetylamino)-2-oxoethyl]-5-methyl-3,6-dihydro-2H-1,3-thiazine-4-carboxylic acid",,其他候选,需确认,仅结构候选,0,0,,结构筛选通过，但目前只有结构层面的单体合理性，缺少实际肽使用证据,CCD未指定标准氨基酸母体,C10 H14 N2 O4 S,258.294,,NON-POLYMER,1,CC1=C(N[C@H](SC1)[C@@H](C=O)NC(=O)C)C(=O)O,https://www.rcsb.org/ligand/CFU,https://www.ebi.ac.uk/pdbe/static/files/pdbechem_v2/CFU_500.svg
优先深审,P2,CHS,4-AMINO-5-CYCLOHEXYL-3-HYDROXY-PENTANOIC ACID,,构象限制,需确认,短聚合物序列命中,1,1,2ER0,结构筛选通过，且在不超过50残基的PDB聚合物序列中实际出现,CCD未指定标准氨基酸母体,C11 H21 N O3,215.289,,peptide-like,3,C1CCC(CC1)C[C@@H]([C@H](CC(=O)O)O)N,https://www.rcsb.org/ligand/CHS,https://www.ebi.ac.uk/pdbe/static/files/pdbechem_v2/CHS_500.svg
条件候选,P2,CL5,N-(3-OXOPROPYL)GLYCINE,FRAGMENT OF CLAVULANIC ACID,其他候选,需确认,仅结构候选,0,0,,结构筛选通过，但目前只有结构层面的单体合理性，缺少实际肽使用证据,CCD未指定标准氨基酸母体,C5 H9 N O3,131.13,,NON-POLYMER,1,C(CNCC(=O)O)C=O,https://www.rcsb.org/ligand/CL5,https://www.ebi.ac.uk/pdbe/static/files/pdbechem_v2/CL5_500.svg
条件候选,P2,CMA,N2-(CARBOXYETHYL)-L-ARGININE,,其他候选,需确认,仅结构候选,0,0,,结构筛选通过，但目前只有结构层面的单体合理性，缺少实际肽使用证据,CCD未指定标准氨基酸母体,C9 H18 N4 O4,246.264,,NON-POLYMER,1,C(C[C@@H](C(=O)O)NCCC(=O)O)CNC(=N)N,https://www.rcsb.org/ligand/CMA,https://www.ebi.ac.uk/pdbe/static/files/pdbechem_v2/CMA_500.svg
优先深审,P2,CNT,N-METHYL-META-CHLORO-TYROSINE,N-METHYL-3-CHLORO-TYROSINE,N-取代,较可能,短聚合物序列命中,1,1,1OKX,结构筛选通过，且在不超过50残基的PDB聚合物序列中实际出现,CCD未指定标准氨基酸母体,C10 H12 Cl N O3,229.66,,NON-POLYMER,1,CN[C@@H](Cc1ccc(c(c1)Cl)O)C(=O)O,https://www.rcsb.org/ligand/CNT,https://www.ebi.ac.uk/pdbe/static/files/pdbechem_v2/CNT_500.svg
条件候选,P2,CPV,5-AMINO-6-CYCLOHEXYL-4-HYDROXY-2-ISOPROPYL-HEXANOIC ACID,"(2S,4S,5S)-5-amino-6-cyclohexyl-4-hydroxy-2-(1-methylethyl)hexanoic acid",构象限制,需确认,仅结构候选,0,0,,结构筛选通过，但目前只有结构层面的单体合理性，缺少实际肽使用证据,CCD未指定标准氨基酸母体,C15 H29 N O3,271.396,,NON-POLYMER,4,CC(C)[C@H](C[C@@H]([C@H](CC1CCCCC1)N)O)C(=O)O,https://www.rcsb.org/ligand/CPV,https://www.ebi.ac.uk/pdbe/static/files/pdbechem_v2/CPV_500.svg
条件候选,P2,CPW,"(S)-2-AMINO-3-(1,3,5,7-PENTAHYDRO-2,4-DIOXO-CYCLOPENTA[E]PYRIMIDIN-1-YL) PROIONIC ACID",,构象限制,需确认,仅结构候选,0,0,,结构筛选通过，但目前只有结构层面的单体合理性，缺少实际肽使用证据,含预先形成的酰胺键，需确认主链氨基是否仍可偶联；CCD未指定标准氨基酸母体,C10 H13 N3 O4,239.228,,NON-POLYMER,1,C1CC2=C(C1)N(C(=O)NC2=O)C[C@@H](C(=O)O)N,https://www.rcsb.org/ligand/CPW,https://www.ebi.ac.uk/pdbe/static/files/pdbechem_v2/CPW_500.svg
条件候选,P2,CRN,N-[(E)-AMINO(IMINO)METHYL]-N-METHYLGLYCINE,CREATINE,N-取代,较可能,仅结构候选,0,0,,结构筛选通过，但目前只有结构层面的单体合理性，缺少实际肽使用证据,CCD未指定标准氨基酸母体,C4 H9 N3 O2,131.133,,NON-POLYMER,1,CN(CC(=O)O)C(=N)N,https://www.rcsb.org/ligand/CRN,https://www.ebi.ac.uk/pdbe/static/files/pdbechem_v2/CRN_500.svg
优先深审,P2,CSI,AMINO-(2-IMINO-HEXAHYDRO-PYRIMIDIN-4-YL)-ACETIC ACID,,其他候选,较可能,短聚合物序列命中,6,6,1BCS / 1M21 / 1SGC / 1WVM / 6M9D,结构筛选通过，且在不超过50残基的PDB聚合物序列中实际出现,CCD未指定标准氨基酸母体,C7 H12 N4 O4,216.195,,NON-POLYMER,2,[H]/N=C\1/NCC[C@@H](N1)[C@@H](C(=O)O)NC(=O)O,https://www.rcsb.org/ligand/CSI,https://www.ebi.ac.uk/pdbe/static/files/pdbechem_v2/CSI_500.svg
条件候选,P2,CUW,"(2~{S},3~{R})-2,6-bis(azanyl)-3-oxidanyl-hexanoic acid",3-hydroxy-L-lysine,其他候选,较可能,仅结构候选,0,0,,结构筛选通过，但目前只有结构层面的单体合理性，缺少实际肽使用证据,CCD未指定标准氨基酸母体,C6 H14 N2 O3,162.187,,NON-POLYMER,1,C(C[C@H]([C@@H](C(=O)O)N)O)CN,https://www.rcsb.org/ligand/CUW,https://www.ebi.ac.uk/pdbe/static/files/pdbechem_v2/CUW_500.svg
暂缓,P2,CWY,"(1S,2S,4S,5R,6S)-2-amino-4-[(3-methoxybenzene-1-carbonyl)amino]bicyclo[3.1.0]hexane-2,6-dicarboxylic acid",,其他候选,需确认,未进入使用审计,0,0,,结构可能合理，但单体身份、偶联条件或复杂度证据不足，暂不进入研发候选库,分子量超过300 Da，需确认偶联、脱保护和总环肽体积负担；杂原子较多，可能带来较高极性或多重保护需求；含预先形成的酰胺键，需确认主链氨基是否仍可偶联；CCD未指定标准氨基酸母体,C16 H18 N2 O6,334.324,,NON-POLYMER,3,COc1cccc(c1)C(=O)N[C@H]2C[C@]([C@H]3[C@@H]2[C@@H]3C(=O)O)(C(=O)O)N,https://www.rcsb.org/ligand/CWY,https://www.ebi.ac.uk/pdbe/static/files/pdbechem_v2/CWY_500.svg
条件候选,P2,CXA,PHENYLALANINE-N-SULFONAMIDE,,芳香/疏水侧链,需确认,仅结构候选,0,0,,结构筛选通过，但目前只有结构层面的单体合理性，缺少实际肽使用证据,CCD未指定标准氨基酸母体,C9 H12 N2 O4 S,244.268,,NON-POLYMER,1,c1ccc(cc1)C[C@@H](C(=O)O)NS(=O)(=O)N,https://www.rcsb.org/ligand/CXA,https://www.ebi.ac.uk/pdbe/static/files/pdbechem_v2/CXA_500.svg
条件候选,P2,D20,N~5~-{IMINO[(2-METHOXYETHYL)AMINO]METHYL}-L-ORNITHINE,,其他候选,需确认,仅结构候选,0,0,,结构筛选通过，但目前只有结构层面的单体合理性，缺少实际肽使用证据,CCD未指定标准氨基酸母体,C9 H20 N4 O3,232.28,,NON-POLYMER,1,COCCNC(=N)NCCC[C@@H](C(=O)O)N,https://www.rcsb.org/ligand/D20,https://www.ebi.ac.uk/pdbe/static/files/pdbechem_v2/D20_500.svg
条件候选,P2,D8D,1-[(1R)-1-cyclohexyl-2-(methylamino)-2-oxoethyl]-L-proline,,构象限制,需确认,仅结构候选,0,0,,结构筛选通过，但目前只有结构层面的单体合理性，缺少实际肽使用证据,CCD未指定标准氨基酸母体,C14 H24 N2 O3,268.352,,NON-POLYMER,1,CNC(=O)[C@@H](C1CCCCC1)N2CCC[C@H]2C(=O)O,https://www.rcsb.org/ligand/D8D,https://www.ebi.ac.uk/pdbe/static/files/pdbechem_v2/D8D_500.svg
条件候选,P2,DA3,"(2S,5',S)-2-AMINO-3-(3-CARBOXY-2-ISOXAZOLIN-5-YL)PROPANOIC ACID",,其他候选,较可能,仅结构候选,0,0,,结构筛选通过，但目前只有结构层面的单体合理性，缺少实际肽使用证据,CCD未指定标准氨基酸母体,C7 H10 N2 O5,202.165,,NON-POLYMER,1,C1[C@@H](ON=C1C(=O)O)C[C@@H](C(=O)O)N,https://www.rcsb.org/ligand/DA3,https://www.ebi.ac.uk/pdbe/static/files/pdbechem_v2/DA3_500.svg
优先深审,P2,DAV,DELTA-AMINO VALERIC ACID,,其他候选,需确认,短聚合物序列命中,1,1,7K2P,结构筛选通过，且在不超过50残基的PDB聚合物序列中实际出现,CCD未指定标准氨基酸母体,C5 H12 N O2,118.154,,NON-POLYMER,4,C(CC[NH3+])CC(=O)O,https://www.rcsb.org/ligand/DAV,https://www.ebi.ac.uk/pdbe/static/files/pdbechem_v2/DAV_500.svg
优先深审,P2,DC0,N-[(2S)-2-amino-4-methylpentyl]-L-phenylalanine,,芳香/疏水侧链,需确认,短聚合物序列命中,1,1,4GZF,结构筛选通过，且在不超过50残基的PDB聚合物序列中实际出现,CCD未指定标准氨基酸母体,C15 H24 N2 O2,264.363,,peptide-like,1,CC(C)C[C@@H](CN[C@@H](Cc1ccccc1)C(=O)O)N,https://www.rcsb.org/ligand/DC0,https://www.ebi.ac.uk/pdbe/static/files/pdbechem_v2/DC0_500.svg
暂缓,P2,DDD,"(5R,10S)-5-{[(CARBOXYMETHYL)AMINO]CARBONYL}-7-OXO-3-THIA-1,6-DIAZABICYCLO[4.4.1]UNDECANE-10-CARBOXYLIC ACID",,其他候选,需确认,未进入使用审计,0,0,,结构可能合理，但单体身份、偶联条件或复杂度证据不足，暂不进入研发候选库,分子量超过300 Da，需确认偶联、脱保护和总环肽体积负担；杂原子较多，可能带来较高极性或多重保护需求；含预先形成的酰胺键，需确认主链氨基是否仍可偶联；CCD未指定标准氨基酸母体,C12 H17 N3 O6 S,331.345,,NON-POLYMER,1,C1CC(=O)N2C[N@]([C@@H]1C(=O)O)CSC[C@H]2C(=O)NCC(=O)O,https://www.rcsb.org/ligand/DDD,https://www.ebi.ac.uk/pdbe/static/files/pdbechem_v2/DDD_500.svg
条件候选,P2,DDO,6-HYDROXY-D-NORLEUCINE,,D-构型,较可能,仅结构候选,0,0,,结构筛选通过，但目前只有结构层面的单体合理性，缺少实际肽使用证据,CCD未指定标准氨基酸母体,C6 H13 N O3,147.172,,NON-POLYMER,1,C(CCO)C[C@H](C(=O)O)N,https://www.rcsb.org/ligand/DDO,https://www.ebi.ac.uk/pdbe/static/files/pdbechem_v2/DDO_500.svg
暂缓,P2,DFW,"N-(5,6-DIPHENYLFURO[2,3-D]PYRIMIDIN-4-YL)GLYCINE",,芳香/疏水侧链,需确认,未进入使用审计,0,0,,结构可能合理，但单体身份、偶联条件或复杂度证据不足，暂不进入研发候选库,分子量超过300 Da，需确认偶联、脱保护和总环肽体积负担；CCD未指定标准氨基酸母体,C20 H15 N3 O3,345.351,,NON-POLYMER,1,c1ccc(cc1)c2c3c(ncnc3oc2c4ccccc4)NCC(=O)O,https://www.rcsb.org/ligand/DFW,https://www.ebi.ac.uk/pdbe/static/files/pdbechem_v2/DFW_500.svg
暂缓,P2,DH4,"2-[(1R)-1-{[(E)-azepan-1-ylmethylidene]amino}-2-oxoethyl]-5,5-dimethyl-1,3-thiazolidine-4-carboxylic acid","Mecillinam, bound form",其他候选,需确认,未进入使用审计,0,0,,结构可能合理，但单体身份、偶联条件或复杂度证据不足，暂不进入研发候选库,分子量超过300 Da，需确认偶联、脱保护和总环肽体积负担；CCD未指定标准氨基酸母体,C15 H25 N3 O3 S,327.442,,NON-POLYMER,1,CC1(C(NC(S1)[C@H](C=O)/N=C/N2CCCCCC2)C(=O)O)C,https://www.rcsb.org/ligand/DH4,https://www.ebi.ac.uk/pdbe/static/files/pdbechem_v2/DH4_500.svg
条件候选,P2,DHH,"(S)-2-AMINO-7,7-DIHYDROXYHEPTANOIC ACID",,其他候选,较可能,仅结构候选,0,0,,结构筛选通过，但目前只有结构层面的单体合理性，缺少实际肽使用证据,CCD未指定标准氨基酸母体,C7 H15 N O4,177.198,,NON-POLYMER,1,C(CCC(O)O)C[C@@H](C(=O)O)N,https://www.rcsb.org/ligand/DHH,https://www.ebi.ac.uk/pdbe/static/files/pdbechem_v2/DHH_500.svg
优先深审,P2,DMG,"N,N-DIMETHYLGLYCINE",DIMETHYLGLYCINE,其他候选,需确认,短聚合物序列命中,4,1,5CVD,结构筛选通过，且在不超过50残基的PDB聚合物序列中实际出现,CCD未指定标准氨基酸母体,C4 H9 N O2,103.12,,NON-POLYMER,1,CN(C)CC(=O)O,https://www.rcsb.org/ligand/DMG,https://www.ebi.ac.uk/pdbe/static/files/pdbechem_v2/DMG_500.svg
条件候选,P2,DMO,ALPHA-DIFLUOROMETHYLORNITHINE,,卤代/电子调节,较可能,仅结构候选,0,0,,结构筛选通过，但目前只有结构层面的单体合理性，缺少实际肽使用证据,CCD未指定标准氨基酸母体,C6 H12 F2 N2 O2,182.168,,NON-POLYMER,1,C(CC(C(F)F)(C(=O)O)N)CN,https://www.rcsb.org/ligand/DMO,https://www.ebi.ac.uk/pdbe/static/files/pdbechem_v2/DMO_500.svg
条件候选,P2,DTE,7-CL-D-TRYPTOPHAN,,D-构型,较可能,仅结构候选,0,0,,结构筛选通过，但目前只有结构层面的单体合理性，缺少实际肽使用证据,CCD未指定标准氨基酸母体,C11 H11 Cl N2 O2,238.67,,non-polymer,1,c1cc2c(c[nH]c2c(c1)Cl)C[C@H](C(=O)O)N,https://www.rcsb.org/ligand/DTE,https://www.ebi.ac.uk/pdbe/static/files/pdbechem_v2/DTE_500.svg
条件候选,P2,DY8,Morpholinohistidine,,其他候选,需确认,仅结构候选,0,0,,结构筛选通过，但目前只有结构层面的单体合理性，缺少实际肽使用证据,CCD未指定标准氨基酸母体,C10 H17 N3 O3,227.26,,NON-POLYMER,1,c1c([nH]c[nH+]1)C[C@@H](C(=O)O)[NH+]2CCOCC2,https://www.rcsb.org/ligand/DY8,https://www.ebi.ac.uk/pdbe/static/files/pdbechem_v2/DY8_500.svg
暂缓,P2,DYH,"(2R,3aR,6S,7R,7aR)-2-[(2S)-2-amino-2-carboxyethyl]-6-hydroxy-7-(methylamino)hexahydro-2H-furo[3,2-b]pyran-2-carboxylic acid",,其他候选,需确认,未进入使用审计,0,0,,结构可能合理，但单体身份、偶联条件或复杂度证据不足，暂不进入研发候选库,分子量超过300 Da，需确认偶联、脱保护和总环肽体积负担；杂原子较多，可能带来较高极性或多重保护需求；CCD未指定标准氨基酸母体,C12 H20 N2 O7,304.296,,NON-POLYMER,1,CN[C@@H]1[C@@H](CO[C@H]2[C@@H]1O[C@@](C2)(C[C@@H](C(=O)O)N)C(=O)O)O,https://www.rcsb.org/ligand/DYH,https://www.ebi.ac.uk/pdbe/static/files/pdbechem_v2/DYH_500.svg
条件候选,P2,E42,(R)-2-amino-3-(3'-hydroxybiphenyl-3-yl)propanoic acid,,芳香/疏水侧链,需确认,仅结构候选,0,0,,结构筛选通过，但目前只有结构层面的单体合理性，缺少实际肽使用证据,CCD未指定标准氨基酸母体,C15 H15 N O3,257.284,,NON-POLYMER,1,c1cc(cc(c1)c2cccc(c2)O)C[C@H](C(=O)O)N,https://www.rcsb.org/ligand/E42,https://www.ebi.ac.uk/pdbe/static/files/pdbechem_v2/E42_500.svg
条件候选,P2,E79,"(3R)-3-[[(1R)-1,2-bis(oxidanyl)-2-oxidanylidene-ethyl]amino]butanoic acid",,其他候选,较可能,仅结构候选,0,0,,结构筛选通过，但目前只有结构层面的单体合理性，缺少实际肽使用证据,CCD未指定标准氨基酸母体,C6 H11 N O5,177.155,,non-polymer,2,C[C@H](CC(=O)O)N[C@@H](C(=O)O)O,https://www.rcsb.org/ligand/E79,https://www.ebi.ac.uk/pdbe/static/files/pdbechem_v2/E79_500.svg
优先深审,P2,E7P,(2S)-2-amino-4-phosphonobutanoic acid,,其他候选,需确认,短聚合物序列命中,1,1,7S79,结构筛选通过，且在不超过50残基的PDB聚合物序列中实际出现,含磷酸/膦酸相关结构，通常不利于被动跨膜；CCD未指定标准氨基酸母体,C4 H10 N O5 P,183.1,,NON-POLYMER,1,C(CP(=O)(O)O)[C@@H](C(=O)O)N,https://www.rcsb.org/ligand/E7P,https://www.ebi.ac.uk/pdbe/static/files/pdbechem_v2/E7P_500.svg
排除,P2,EAL,1-((2S)-2-{[(1S)-1-CARBOXY-3-PHENYLPROPYL]AMINO}PROPANOYL)-L-PROLINE,ENALAPRILAT INHIBITOR,构象限制,否,未进入使用审计,0,0,,名称明确提示药物、抗生素或反应中间体,分子量超过300 Da，需确认偶联、脱保护和总环肽体积负担；含预先形成的酰胺键，需确认主链氨基是否仍可偶联；CCD未指定标准氨基酸母体,C18 H24 N2 O5,348.394,,NON-POLYMER,1,C[C@@H](C(=O)N1CCC[C@H]1C(=O)O)N[C@@H](CCc2ccccc2)C(=O)O,https://www.rcsb.org/ligand/EAL,https://www.ebi.ac.uk/pdbe/static/files/pdbechem_v2/EAL_500.svg
暂缓,P2,EDT,{[-(BIS-CARBOXYMETHYL-AMINO)-ETHYL]-CARBOXYMETHYL-AMINO}-ACETIC ACID,,其他候选,需确认,未进入使用审计,0,0,,结构可能合理，但单体身份、偶联条件或复杂度证据不足，暂不进入研发候选库,杂原子较多，可能带来较高极性或多重保护需求；CCD未指定标准氨基酸母体,C10 H16 N2 O8,292.243,,NON-POLYMER,1,C(CN(CC(=O)O)CC(=O)O)N(CC(=O)O)CC(=O)O,https://www.rcsb.org/ligand/EDT,https://www.ebi.ac.uk/pdbe/static/files/pdbechem_v2/EDT_500.svg
优先深审,P2,EE3,"(2~{S})-2-azanyl-6-(1,3-oxazol-5-ylcarbonylamino)hexanoic acid",,其他候选,需确认,短聚合物序列命中,1,1,6L5Z,结构筛选通过，且在不超过50残基的PDB聚合物序列中实际出现,含预先形成的酰胺键，需确认主链氨基是否仍可偶联；CCD未指定标准氨基酸母体,C10 H15 N3 O4,241.244,,non-polymer,1,c1c(ocn1)C(=O)NCCCC[C@@H](C(=O)O)N,https://www.rcsb.org/ligand/EE3,https://www.ebi.ac.uk/pdbe/static/files/pdbechem_v2/EE3_500.svg
条件候选,P2,EKN,(2~{S})-2-(2-azanylethylamino)butanedioic acid,,其他候选,较可能,仅结构候选,0,0,,结构筛选通过，但目前只有结构层面的单体合理性，缺少实际肽使用证据,CCD未指定标准氨基酸母体,C6 H12 N2 O4,176.17,,NON-POLYMER,2,C(CN[C@@H](CC(=O)O)C(=O)O)N,https://www.rcsb.org/ligand/EKN,https://www.ebi.ac.uk/pdbe/static/files/pdbechem_v2/EKN_500.svg
暂缓,P2,EKQ,"(2~{S})-2-[2-[[(2~{S})-1,4-bis(oxidanyl)-1,4-bis(oxidanylidene)butan-2-yl]amino]ethylamino]butanedioic acid",,其他候选,需确认,未进入使用审计,0,0,,结构可能合理，但单体身份、偶联条件或复杂度证据不足，暂不进入研发候选库,杂原子较多，可能带来较高极性或多重保护需求；CCD未指定标准氨基酸母体,C10 H16 N2 O8,292.243,,NON-POLYMER,2,C(CN[C@@H](CC(=O)O)C(=O)O)N[C@@H](CC(=O)O)C(=O)O,https://www.rcsb.org/ligand/EKQ,https://www.ebi.ac.uk/pdbe/static/files/pdbechem_v2/EKQ_500.svg
条件候选,P2,EXR,(2R)-2-azanyl-3-(1-benzothiophen-3-yl)propanoic acid,3-(3-Benzothienyl)-D-alanine,D-构型,较可能,仅结构候选,0,0,,结构筛选通过，但目前只有结构层面的单体合理性，缺少实际肽使用证据,CCD未指定标准氨基酸母体,C11 H11 N O2 S,221.276,,non-polymer,1,c1ccc2c(c1)c(cs2)C[C@H](C(=O)O)N,https://www.rcsb.org/ligand/EXR,https://www.ebi.ac.uk/pdbe/static/files/pdbechem_v2/EXR_500.svg
条件候选,P2,FKI,"5,5-DI-FLUORO-2-KETO-3-AMINOPENTANOIC ACID",,卤代/电子调节,较可能,仅结构候选,0,0,,结构筛选通过，但目前只有结构层面的单体合理性，缺少实际肽使用证据,CCD未指定标准氨基酸母体,C5 H7 F2 N O3,167.111,,NON-POLYMER,2,C([C@@H](C(=O)C(=O)O)N)C(F)F,https://www.rcsb.org/ligand/FKI,https://www.ebi.ac.uk/pdbe/static/files/pdbechem_v2/FKI_500.svg
条件候选,P2,FN6,(2S)-2-azanyl-4-[[(2R)-3-(1H-imidazol-4-yl)-1-oxidanyl-1-oxidanylidene-propan-2-yl]amino]butanoic acid,,其他候选,需确认,仅结构候选,0,0,,结构筛选通过，但目前只有结构层面的单体合理性，缺少实际肽使用证据,CCD未指定标准氨基酸母体,C10 H16 N4 O4,256.258,,non-polymer,1,c1c(nc[nH]1)C[C@H](C(=O)O)NCC[C@@H](C(=O)O)N,https://www.rcsb.org/ligand/FN6,https://www.ebi.ac.uk/pdbe/static/files/pdbechem_v2/FN6_500.svg
条件候选,P2,FOG,"(4S,5S)-5-amino-4-hydroxy-6-phenylhexanoic acid",,芳香/疏水侧链,需确认,仅结构候选,0,0,,结构筛选通过，但目前只有结构层面的单体合理性，缺少实际肽使用证据,CCD未指定标准氨基酸母体,C12 H17 N O3,223.268,,peptide-like,4,c1ccc(cc1)C[C@@H]([C@H](CCC(=O)O)O)N,https://www.rcsb.org/ligand/FOG,https://www.ebi.ac.uk/pdbe/static/files/pdbechem_v2/FOG_500.svg
暂缓,P2,FWD,"2-AMINO-3-(5-FLUORO-2,4-DIOXO-3,4-DIHYDRO-2H-PYRIMIDIN-1-YL)-PROPIONIC ACID",FLUORO-WILLARDIINE,卤代/电子调节,需确认,未进入使用审计,0,0,,结构可能合理，但单体身份、偶联条件或复杂度证据不足，暂不进入研发候选库,含预先形成的酰胺键，需确认主链氨基是否仍可偶联；CCD未指定标准氨基酸母体,C7 H8 F N3 O4,217.155,,NON-POLYMER,1,C1=C(C(=O)NC(=O)N1C[C@@H](C(=O)O)N)F,https://www.rcsb.org/ligand/FWD,https://www.ebi.ac.uk/pdbe/static/files/pdbechem_v2/FWD_500.svg
条件候选,P2,FWO,(2S)-2-[[(3S)-3-azanyl-4-oxidanyl-4-oxidanylidene-butanoyl]amino]-4-methyl-pentanoic acid,,其他候选,较可能,仅结构候选,0,0,,结构筛选通过，但目前只有结构层面的单体合理性，缺少实际肽使用证据,CCD未指定标准氨基酸母体,C10 H18 N2 O5,246.26,,non-polymer,1,CC(C)C[C@@H](C(=O)O)NC(=O)C[C@@H](C(=O)O)N,https://www.rcsb.org/ligand/FWO,https://www.ebi.ac.uk/pdbe/static/files/pdbechem_v2/FWO_500.svg
条件候选,P2,FXX,(3R)-3-azanyl-4-oxidanylidene-4-[[3-(trifluoromethyloxy)phenyl]amino]butanoic acid,,卤代/电子调节,需确认,仅结构候选,0,0,,结构筛选通过，但目前只有结构层面的单体合理性，缺少实际肽使用证据,CCD未指定标准氨基酸母体,C11 H11 F3 N2 O4,292.211,,non-polymer,2,c1cc(cc(c1)OC(F)(F)F)NC(=O)[C@@H](CC(=O)O)N,https://www.rcsb.org/ligand/FXX,https://www.ebi.ac.uk/pdbe/static/files/pdbechem_v2/FXX_500.svg
条件候选,P2,G39,"(3R,4R,5S)-4-(acetylamino)-5-amino-3-(pentan-3-yloxy)cyclohex-1-ene-1-carboxylic acid",Oseltamivir carboxylate,构象限制,需确认,仅结构候选,0,0,,结构筛选通过，但目前只有结构层面的单体合理性，缺少实际肽使用证据,CCD未指定标准氨基酸母体,C14 H24 N2 O4,284.351,,NON-POLYMER,3,CCC(CC)O[C@@H]1C=C(C[C@@H]([C@H]1NC(=O)C)N)C(=O)O,https://www.rcsb.org/ligand/G39,https://www.ebi.ac.uk/pdbe/static/files/pdbechem_v2/G39_500.svg
条件候选,P2,GBG,N~6~-[(1E)-2-chloroethanimidoyl]-L-lysine,,卤代/电子调节,较可能,仅结构候选,0,0,,结构筛选通过，但目前只有结构层面的单体合理性，缺少实际肽使用证据,CCD未指定标准氨基酸母体,C8 H16 Cl N3 O2,221.685,,NON-POLYMER,1,[H]/N=C(\CCl)/NCCCC[C@@H](C(=O)O)N,https://www.rcsb.org/ligand/GBG,https://www.ebi.ac.uk/pdbe/static/files/pdbechem_v2/GBG_500.svg
条件候选,P2,GBN,[1-(AMINOMETHYL)CYCLOHEXYL]ACETIC ACID,GABAPENTIN,构象限制,需确认,仅结构候选,0,0,,结构筛选通过，但目前只有结构层面的单体合理性，缺少实际肽使用证据,CCD未指定标准氨基酸母体,C9 H17 N O2,171.237,,NON-POLYMER,3,C1CCC(CC1)(CC(=O)O)CN,https://www.rcsb.org/ligand/GBN,https://www.ebi.ac.uk/pdbe/static/files/pdbechem_v2/GBN_500.svg
条件候选,P2,GKL,"N-[(2S,3S)-3-amino-2-hydroxy-5-methylhexyl]-L-valine",,其他候选,需确认,仅结构候选,0,0,,结构筛选通过，但目前只有结构层面的单体合理性，缺少实际肽使用证据,CCD未指定标准氨基酸母体,C12 H26 N2 O3,246.346,,peptide-like,1,CC(C)C[C@@H]([C@H](CN[C@@H](C(C)C)C(=O)O)O)N,https://www.rcsb.org/ligand/GKL,https://www.ebi.ac.uk/pdbe/static/files/pdbechem_v2/GKL_500.svg
优先深审,P2,GM8,"(2S)-2-[(1S,2S)-2-aminocyclohexyl]butanoic acid",,构象限制,需确认,短聚合物序列命中,1,1,4HJB,结构筛选通过，且在不超过50残基的PDB聚合物序列中实际出现,CCD未指定标准氨基酸母体,C10 H19 N O2,185.263,,NON-POLYMER,3,CC[C@@H]([C@@H]1CCCC[C@@H]1N)C(=O)O,https://www.rcsb.org/ligand/GM8,https://www.ebi.ac.uk/pdbe/static/files/pdbechem_v2/GM8_500.svg
条件候选,P2,GPA,2-AMINO-3-GUANIDINO-PROPIONIC ACID,,其他候选,较可能,仅结构候选,0,0,,结构筛选通过，但目前只有结构层面的单体合理性，缺少实际肽使用证据,CCD未指定标准氨基酸母体,C4 H10 N4 O2,146.148,,NON-POLYMER,1,[H]/N=C(/N)\NC[C@@H](C(=O)O)N,https://www.rcsb.org/ligand/GPA,https://www.ebi.ac.uk/pdbe/static/files/pdbechem_v2/GPA_500.svg
暂缓,P2,GPF,N-(phosphonomethyl)glycine,,其他候选,需确认,未进入使用审计,0,0,,结构可能合理，但单体身份、偶联条件或复杂度证据不足，暂不进入研发候选库,含磷酸/膦酸相关结构，通常不利于被动跨膜；CCD未指定标准氨基酸母体,C3 H8 N O5 P,169.073,,NON-POLYMER,1,C(C(=O)O)NCP(=O)(O)O,https://www.rcsb.org/ligand/GPF,https://www.ebi.ac.uk/pdbe/static/files/pdbechem_v2/GPF_500.svg
优先深审,P2,GRN,2-phenyl-L-alanine,,芳香/疏水侧链,需确认,短聚合物序列命中,1,1,4WJ5,结构筛选通过，且在不超过50残基的PDB聚合物序列中实际出现,CCD未指定标准氨基酸母体,C9 H11 N O2,165.189,,NON-POLYMER,1,C[C@@](c1ccccc1)(C(=O)O)N,https://www.rcsb.org/ligand/GRN,https://www.ebi.ac.uk/pdbe/static/files/pdbechem_v2/GRN_500.svg
暂缓,P2,GSE,L-ALPHA-GLYCEROPHOSPHORYLSERINE,,其他候选,需确认,未进入使用审计,0,0,,结构可能合理，但单体身份、偶联条件或复杂度证据不足，暂不进入研发候选库,杂原子较多，可能带来较高极性或多重保护需求；含磷酸/膦酸相关结构，通常不利于被动跨膜；CCD未指定标准氨基酸母体,C6 H14 N O8 P,259.151,,NON-POLYMER,1,C([C@H](CO[P@](=O)(O)OC[C@@H](C(=O)O)N)O)O,https://www.rcsb.org/ligand/GSE,https://www.ebi.ac.uk/pdbe/static/files/pdbechem_v2/GSE_500.svg
排除,P2,GSF,L-GAMMA-GLUTAMYL-3-SULFINO-L-ALANYLGLYCINE,GLUTATHIONE SULFINATE,延长骨架,否,未进入使用审计,0,0,,名称提示核苷酸、辅因子或整分子缀合物,分子量超过300 Da，需确认偶联、脱保护和总环肽体积负担；杂原子较多，可能带来较高极性或多重保护需求；含预先形成的酰胺键，需确认主链氨基是否仍可偶联；CCD未指定标准氨基酸母体,C10 H17 N3 O8 S,339.322,,NON-POLYMER,1,C(CC(=O)N[C@@H](C[S@@](=O)O)C(=O)NCC(=O)O)[C@@H](C(=O)O)N,https://www.rcsb.org/ligand/GSF,https://www.ebi.ac.uk/pdbe/static/files/pdbechem_v2/GSF_500.svg
排除,P2,GSM,L-GAMMA-GLUTAMYL-S-METHYLCYSTEINYLGLYCINE,S-METHYL-GLUTATHIONE,延长骨架,否,未进入使用审计,0,0,,名称提示核苷酸、辅因子或整分子缀合物,分子量超过300 Da，需确认偶联、脱保护和总环肽体积负担；杂原子较多，可能带来较高极性或多重保护需求；含预先形成的酰胺键，需确认主链氨基是否仍可偶联；CCD未指定标准氨基酸母体,C11 H19 N3 O6 S,321.35,,NON-POLYMER,1,CSC[C@@H](C(=O)NCC(=O)O)NC(=O)CC[C@@H](C(=O)O)N,https://www.rcsb.org/ligand/GSM,https://www.ebi.ac.uk/pdbe/static/files/pdbechem_v2/GSM_500.svg
暂缓,P2,GSN,2-AMINO-5-[1-(CARBOXYLATOMETHYLCARBAMOYL)-2-NITROSOSULFANYL-ETHYL]AMINO-5-OXO-PENTANOATE,S-NITROSOGLUTATHIONE; S-NITROSO GAMMA-GLUTAMYLCYSTEINYLGLYCINE,延长骨架,需确认,未进入使用审计,0,0,,结构可能合理，但单体身份、偶联条件或复杂度证据不足，暂不进入研发候选库,分子量超过300 Da，需确认偶联、脱保护和总环肽体积负担；杂原子较多，可能带来较高极性或多重保护需求；含预先形成的酰胺键，需确认主链氨基是否仍可偶联；CCD未指定标准氨基酸母体,C10 H14 N4 O7 S,334.306,,NON-POLYMER,1,C(CC(=O)N[C@@H](CSN=O)C(=O)NCC(=O)[O-])[C@@H](C(=O)[O-])N,https://www.rcsb.org/ligand/GSN,https://www.ebi.ac.uk/pdbe/static/files/pdbechem_v2/GSN_500.svg
暂缓,P2,GUX,"(1~{R},2~{S},3~{R},4~{S},5~{S},6~{R})-7-[8-[(azanylidene-{4}-azanylidene)amino]octyl]-3,4,5-tris(oxidanyl)-7-azabicyclo[4.1.0]heptane-2-carboxylic acid",,其他候选,需确认,未进入使用审计,0,0,,结构可能合理，但单体身份、偶联条件或复杂度证据不足，暂不进入研发候选库,分子量超过300 Da，需确认偶联、脱保护和总环肽体积负担；CCD未指定标准氨基酸母体,C15 H26 N4 O5,342.391,,NON-POLYMER,2,C(CCCCN1[C@H]2[C@@H]1[C@@H]([C@H]([C@@H]([C@H]2C(=O)O)O)O)O)CCCN=[N+]=[N-],https://www.rcsb.org/ligand/GUX,https://www.ebi.ac.uk/pdbe/static/files/pdbechem_v2/GUX_500.svg
条件候选,P2,GVA,5-{[AMINO(IMINO)METHYL]AMINO}PENTANOIC ACID,5-GUANIDINOVALERIC ACID,其他候选,需确认,仅结构候选,0,0,,结构筛选通过，但目前只有结构层面的单体合理性，缺少实际肽使用证据,CCD未指定标准氨基酸母体,C6 H13 N3 O2,159.186,,NON-POLYMER,4,[H]/N=C(/N)\NCCCCC(=O)O,https://www.rcsb.org/ligand/GVA,https://www.ebi.ac.uk/pdbe/static/files/pdbechem_v2/GVA_500.svg
暂缓,P2,GZS,4-[(4-phenoxyphenyl)sulfonylamino]butanoic acid,,芳香/疏水侧链,需确认,未进入使用审计,0,0,,结构可能合理，但单体身份、偶联条件或复杂度证据不足，暂不进入研发候选库,分子量超过300 Da，需确认偶联、脱保护和总环肽体积负担；CCD未指定标准氨基酸母体,C16 H17 N O5 S,335.375,,non-polymer,3,c1ccc(cc1)Oc2ccc(cc2)S(=O)(=O)NCCCC(=O)O,https://www.rcsb.org/ligand/GZS,https://www.ebi.ac.uk/pdbe/static/files/pdbechem_v2/GZS_500.svg
暂缓,P2,H7D,"(1R,2S)-2-{[(pyrrolidin-1-yl)sulfonyl]amino}cyclooctane-1-carboxylic acid",,其他候选,需确认,未进入使用审计,0,0,,结构可能合理，但单体身份、偶联条件或复杂度证据不足，暂不进入研发候选库,分子量超过300 Da，需确认偶联、脱保护和总环肽体积负担；CCD未指定标准氨基酸母体,C13 H24 N2 O4 S,304.406,,NON-POLYMER,2,C1CCC[C@@H]([C@@H](CC1)C(=O)O)NS(=O)(=O)N2CCCC2,https://www.rcsb.org/ligand/H7D,https://www.ebi.ac.uk/pdbe/static/files/pdbechem_v2/H7D_500.svg
暂缓,P2,H7I,(4~{S})-5-[(2~{S})-2-(2-azanyl-2-oxidanylidene-ethyl)pyrrolidin-1-yl]-4-(methylamino)-5-oxidanylidene-pentanoic acid,,其他候选,需确认,未进入使用审计,0,0,,结构可能合理，但单体身份、偶联条件或复杂度证据不足，暂不进入研发候选库,含预先形成的酰胺键，需确认主链氨基是否仍可偶联；CCD未指定标准氨基酸母体,C12 H21 N3 O4,271.313,,non-polymer,3,CN[C@@H](CCC(=O)O)C(=O)N1CCC[C@H]1CC(=O)N,https://www.rcsb.org/ligand/H7I,https://www.ebi.ac.uk/pdbe/static/files/pdbechem_v2/H7I_500.svg
排除,P2,HCG,DELTA-(L-ALPHA-AMINOADIPOYL)-L-CYSTEINYL-GLYCINE,,其他候选,否,未进入使用审计,0,0,,名称明确为二肽/寡肽片段，不是单个氨基酸残基,分子量超过300 Da，需确认偶联、脱保护和总环肽体积负担；杂原子较多，可能带来较高极性或多重保护需求；含预先形成的酰胺键，需确认主链氨基是否仍可偶联；CCD未指定标准氨基酸母体,C11 H19 N3 O6 S,321.35,,NON-POLYMER,1,C(C[C@@H](C(=O)O)N)CC(=O)N[C@@H](CS)C(=O)NCC(=O)O,https://www.rcsb.org/ligand/HCG,https://www.ebi.ac.uk/pdbe/static/files/pdbechem_v2/HCG_500.svg
条件候选,P2,HGA,GLUTAMINE HYDROXAMATE,,其他候选,需确认,仅结构候选,0,0,,结构筛选通过，但目前只有结构层面的单体合理性，缺少实际肽使用证据,含预先形成的酰胺键，需确认主链氨基是否仍可偶联；CCD未指定标准氨基酸母体,C5 H10 N2 O4,162.144,,NON-POLYMER,1,C(CC(=O)NO)[C@@H](C(=O)O)N,https://www.rcsb.org/ligand/HGA,https://www.ebi.ac.uk/pdbe/static/files/pdbechem_v2/HGA_500.svg
暂缓,P2,HGS,D-gamma-glutamyl-L-cysteinyl-beta-alanine,,D-构型,需确认,未进入使用审计,0,0,,结构可能合理，但单体身份、偶联条件或复杂度证据不足，暂不进入研发候选库,分子量超过300 Da，需确认偶联、脱保护和总环肽体积负担；杂原子较多，可能带来较高极性或多重保护需求；含预先形成的酰胺键，需确认主链氨基是否仍可偶联；CCD未指定标准氨基酸母体,C11 H19 N3 O6 S,321.35,,NON-POLYMER,1,C(CC(=O)N[C@@H](CS)C(=O)NCCC(=O)O)[C@H](C(=O)O)N,https://www.rcsb.org/ligand/HGS,https://www.ebi.ac.uk/pdbe/static/files/pdbechem_v2/HGS_500.svg
排除,P2,HIW,"(2R,4S)-2-[(1S,2R)-1-carboxy-2-hydroxypropyl]-4-[(2-{[(Z)-iminomethyl]amino}ethyl)sulfanyl]-3,4-dihydro-2H-pyrrole-5-ca rboxylic acid",Hydrolyzed Imipenem,其他候选,否,未进入使用审计,0,0,,名称明确提示药物、抗生素或反应中间体,分子量超过300 Da，需确认偶联、脱保护和总环肽体积负担；CCD未指定标准氨基酸母体,C12 H19 N3 O5 S,317.361,,NON-POLYMER,4,[H]/N=C\NCCS[C@H]1C[C@@H](N=C1C(=O)O)[C@@H]([C@@H](C)O)C(=O)O,https://www.rcsb.org/ligand/HIW,https://www.ebi.ac.uk/pdbe/static/files/pdbechem_v2/HIW_500.svg
暂缓,P2,HKS,3-{[(2S)-2-amino-2-carboxyethyl]sulfanyl}-5-hydroxy-L-tyrosine,"5-cysteinyl-3,4-dihydroxyphenylalanine; 5-Cys-DOPA",芳香/疏水侧链,需确认,未进入使用审计,0,0,,结构可能合理，但单体身份、偶联条件或复杂度证据不足，暂不进入研发候选库,分子量超过300 Da，需确认偶联、脱保护和总环肽体积负担；杂原子较多，可能带来较高极性或多重保护需求；CCD未指定标准氨基酸母体,C12 H16 N2 O6 S,316.33,,NON-POLYMER,1,c1c(cc(c(c1O)O)SC[C@H](C(=O)O)N)C[C@@H](C(=O)O)N,https://www.rcsb.org/ligand/HKS,https://www.ebi.ac.uk/pdbe/static/files/pdbechem_v2/HKS_500.svg
条件候选,P2,HOZ,"(4S)-4,5-DIAMINOPENTANOIC ACID",,其他候选,需确认,仅结构候选,0,0,,结构筛选通过，但目前只有结构层面的单体合理性，缺少实际肽使用证据,CCD未指定标准氨基酸母体,C5 H12 N2 O2,132.161,,NON-POLYMER,3,C(CC(=O)O)[C@@H](CN)N,https://www.rcsb.org/ligand/HOZ,https://www.ebi.ac.uk/pdbe/static/files/pdbechem_v2/HOZ_500.svg
暂缓,P2,HP0,"(3S,4aS,8aS)-2-[(2R,3S)-3-amino-2-hydroxy-4-phenylbutyl]decahydroisoquinoline-3-carboxylic acid",,芳香/疏水侧链,需确认,未进入使用审计,0,0,,结构可能合理，但单体身份、偶联条件或复杂度证据不足，暂不进入研发候选库,分子量超过300 Da，需确认偶联、脱保护和总环肽体积负担；CCD未指定标准氨基酸母体,C20 H30 N2 O3,346.464,,peptide-like,1,c1ccc(cc1)C[C@@H]([C@@H](C[N@@]2C[C@H]3CCCC[C@H]3C[C@H]2C(=O)O)O)N,https://www.rcsb.org/ligand/HP0,https://www.ebi.ac.uk/pdbe/static/files/pdbechem_v2/HP0_500.svg
暂缓,P2,HV8,BENZYL-2-AMINO-PARAMETHOXY-BENZYLSTATINE,,其他候选,需确认,未进入使用审计,0,0,,结构可能合理，但单体身份、偶联条件或复杂度证据不足，暂不进入研发候选库,分子量超过300 Da，需确认偶联、脱保护和总环肽体积负担；CCD未指定标准氨基酸母体,C19 H24 N2 O4,344.405,,peptide-like,1,COc1ccc(cc1)CN[C@H]([C@@H]([C@H](Cc2ccccc2)N)O)C(=O)O,https://www.rcsb.org/ligand/HV8,https://www.ebi.ac.uk/pdbe/static/files/pdbechem_v2/HV8_500.svg
条件候选,P2,HVG,"4-[(S)-amino(carboxy)methyl]benzene-1,2-dicarboxylic acid","(S)-3,4-Dicarboxyphenylglycine (DCPG)",芳香/疏水侧链,需确认,仅结构候选,0,0,,结构筛选通过，但目前只有结构层面的单体合理性，缺少实际肽使用证据,杂原子较多，可能带来较高极性或多重保护需求；CCD未指定标准氨基酸母体,C10 H9 N O6,239.182,,NON-POLYMER,1,c1cc(c(cc1[C@@H](C(=O)O)N)C(=O)O)C(=O)O,https://www.rcsb.org/ligand/HVG,https://www.ebi.ac.uk/pdbe/static/files/pdbechem_v2/HVG_500.svg
条件候选,P2,HWD,"2-AMINO-3-(2,4-DIOXO-3,4-DIHYDRO-2H-PYRIMIDIN-1-YL)-PROPIONIC ACID",WILLARDIINE,其他候选,需确认,仅结构候选,0,0,,结构筛选通过，但目前只有结构层面的单体合理性，缺少实际肽使用证据,含预先形成的酰胺键，需确认主链氨基是否仍可偶联；CCD未指定标准氨基酸母体,C7 H9 N3 O4,199.164,,NON-POLYMER,1,C1=CN(C(=O)NC1=O)C[C@@H](C(=O)O)N,https://www.rcsb.org/ligand/HWD,https://www.ebi.ac.uk/pdbe/static/files/pdbechem_v2/HWD_500.svg
暂缓,P2,HWX,2-[[(3S)-3-acetamido-4-[[(2R)-1-(oxidanylamino)-1-oxidanylidene-propan-2-yl]amino]-4-oxidanylidene-butyl]amino]ethanoic acid,,其他候选,需确认,未进入使用审计,0,0,,结构可能合理，但单体身份、偶联条件或复杂度证据不足，暂不进入研发候选库,分子量超过300 Da，需确认偶联、脱保护和总环肽体积负担；杂原子较多，可能带来较高极性或多重保护需求；含预先形成的酰胺键，需确认主链氨基是否仍可偶联；CCD未指定标准氨基酸母体,C11 H20 N4 O6,304.3,,non-polymer,1,C[C@H](C(=O)NO)NC(=O)[C@H](CCNCC(=O)O)NC(=O)C,https://www.rcsb.org/ligand/HWX,https://www.ebi.ac.uk/pdbe/static/files/pdbechem_v2/HWX_500.svg
条件候选,P2,I2V,"(1S,3S,4S)-3-amino-4-(fluoromethyl)cyclopentane-1-carboxylic acid",,构象限制,需确认,仅结构候选,0,0,,结构筛选通过，但目前只有结构层面的单体合理性，缺少实际肽使用证据,CCD未指定标准氨基酸母体,C7 H12 F N O2,161.174,,non-polymer,3,C1[C@@H](C[C@@H]([C@H]1CF)N)C(=O)O,https://www.rcsb.org/ligand/I2V,https://www.ebi.ac.uk/pdbe/static/files/pdbechem_v2/I2V_500.svg
暂缓,P2,I3B,5-[({3-hydroxy-2-methyl-5-[(phosphonooxy)methyl]pyridin-4-yl}methyl)amino]pentanoic acid,,芳香/疏水侧链,需确认,未进入使用审计,0,0,,结构可能合理，但单体身份、偶联条件或复杂度证据不足，暂不进入研发候选库,分子量超过300 Da，需确认偶联、脱保护和总环肽体积负担；杂原子较多，可能带来较高极性或多重保护需求；含磷酸/膦酸相关结构，通常不利于被动跨膜；CCD未指定标准氨基酸母体,C13 H21 N2 O7 P,348.289,,non-polymer,4,Cc1c(c(c(cn1)COP(=O)(O)O)CNCCCCC(=O)O)O,https://www.rcsb.org/ligand/I3B,https://www.ebi.ac.uk/pdbe/static/files/pdbechem_v2/I3B_500.svg
条件候选,P2,I3J,(2S)-3-(4-hydroxyphenyl)-2-isocyanopropanoic acid,tyrosine isonitrile,芳香/疏水侧链,较可能,仅结构候选,0,0,,结构筛选通过，但目前只有结构层面的单体合理性，缺少实际肽使用证据,CCD未指定标准氨基酸母体,C10 H9 N O3,191.183,,non-polymer,1,[C-]#[N+][C@@H](Cc1ccc(cc1)O)C(=O)O,https://www.rcsb.org/ligand/I3J,https://www.ebi.ac.uk/pdbe/static/files/pdbechem_v2/I3J_500.svg
条件候选,P2,IBC,"3-(3-HYDROXY-7,8-DIHYDRO-6H-CYCLOHEPTA[D]ISOXAZOL-4-YL)-L-ALANINE","2-AMINO-3-(3-HYDROXY-7,8-DIHYDRO-6H-CYCLOHEPTA[D]-4-ISOXAZOLYL)PROPIONIC ACID",其他候选,需确认,仅结构候选,0,0,,结构筛选通过，但目前只有结构层面的单体合理性，缺少实际肽使用证据,CCD未指定标准氨基酸母体,C11 H14 N2 O4,238.24,,NON-POLYMER,1,C1CC=C(c2c(onc2O)C1)C[C@@H](C(=O)O)N,https://www.rcsb.org/ligand/IBC,https://www.ebi.ac.uk/pdbe/static/files/pdbechem_v2/IBC_500.svg
条件候选,P2,IKT,3-(1-AMINOETHYL)NONANEDIOIC ACID,,其他候选,需确认,仅结构候选,0,0,,结构筛选通过，但目前只有结构层面的单体合理性，缺少实际肽使用证据,CCD未指定标准氨基酸母体,C11 H21 N O4,231.289,,NON-POLYMER,3,C[C@@H]([C@@H](CCCCCC(=O)O)CC(=O)O)N,https://www.rcsb.org/ligand/IKT,https://www.ebi.ac.uk/pdbe/static/files/pdbechem_v2/IKT_500.svg
条件候选,P2,ILO,N5-IMINOETHYL-L-ORNITHINE,,其他候选,需确认,仅结构候选,0,0,,结构筛选通过，但目前只有结构层面的单体合理性，缺少实际肽使用证据,CCD未指定标准氨基酸母体,C7 H15 N3 O2,173.213,,NON-POLYMER,1,CC(=N)NCCC[C@@H](C(=O)O)N,https://www.rcsb.org/ligand/ILO,https://www.ebi.ac.uk/pdbe/static/files/pdbechem_v2/ILO_500.svg
排除,P2,IM2,"(5R)-5-[(1S,2R)-1-formyl-2-hydroxypropyl]-3-[(2-{[(E)-iminomethyl]amino}ethyl)sulfanyl]-4,5-dihydro-1H-pyrrole-2-carbox ylic acid","IMIPENEM, open form; N-FORMIMIDOYL-THIENAMYCINE, open form",其他候选,否,未进入使用审计,0,0,,名称明确提示药物、抗生素或反应中间体,分子量超过300 Da，需确认偶联、脱保护和总环肽体积负担；CCD未指定标准氨基酸母体,C12 H19 N3 O4 S,301.362,,NON-POLYMER,1,[H]/N=C/NCCSC1=C(N[C@H](C1)[C@H](C=O)[C@@H](C)O)C(=O)O,https://www.rcsb.org/ligand/IM2,https://www.ebi.ac.uk/pdbe/static/files/pdbechem_v2/IM2_500.svg
条件候选,P2,IOM,(DIAMINOMETHYL-METHYL-AMINO)-ACETIC ACID,,其他候选,较可能,仅结构候选,0,0,,结构筛选通过，但目前只有结构层面的单体合理性，缺少实际肽使用证据,CCD未指定标准氨基酸母体,C4 H11 N3 O2,133.149,,NON-POLYMER,1,CN(CC(=O)O)C(N)N,https://www.rcsb.org/ligand/IOM,https://www.ebi.ac.uk/pdbe/static/files/pdbechem_v2/IOM_500.svg
条件候选,P2,IST,ISOSTATINE,,其他候选,需确认,仅结构候选,0,0,,结构筛选通过，但目前只有结构层面的单体合理性，缺少实际肽使用证据,CCD未指定标准氨基酸母体,C8 H17 N O3,175.225,,NON-POLYMER,3,CC[C@H](C)[C@H]([C@H](CC(=O)O)O)N,https://www.rcsb.org/ligand/IST,https://www.ebi.ac.uk/pdbe/static/files/pdbechem_v2/IST_500.svg
暂缓,P2,IWD,"2-AMINO-3-(5-IODO-2,4-DIOXO-3,4-DIHYDRO-2H-PYRIMIDIN-1-YL)-PROPIONIC ACID",IODO-WILLARDIINE,卤代/电子调节,需确认,未进入使用审计,0,0,,结构可能合理，但单体身份、偶联条件或复杂度证据不足，暂不进入研发候选库,分子量超过300 Da，需确认偶联、脱保护和总环肽体积负担；含预先形成的酰胺键，需确认主链氨基是否仍可偶联；CCD未指定标准氨基酸母体,C7 H8 I N3 O4,325.061,,NON-POLYMER,1,C1=C(C(=O)NC(=O)N1C[C@@H](C(=O)O)N)I,https://www.rcsb.org/ligand/IWD,https://www.ebi.ac.uk/pdbe/static/files/pdbechem_v2/IWD_500.svg
暂缓,P2,J1N,"2-[(6-ethyl-5-phenyl-thieno[2,3-d]pyrimidin-4-yl)amino]-3-oxidanyl-propanoic acid",,芳香/疏水侧链,需确认,未进入使用审计,0,0,,结构可能合理，但单体身份、偶联条件或复杂度证据不足，暂不进入研发候选库,分子量超过300 Da，需确认偶联、脱保护和总环肽体积负担；CCD未指定标准氨基酸母体,C17 H17 N3 O3 S,343.4,,NON-POLYMER,1,CCc1c(c2c(ncnc2s1)NC(CO)C(=O)O)c3ccccc3,https://www.rcsb.org/ligand/J1N,https://www.ebi.ac.uk/pdbe/static/files/pdbechem_v2/J1N_500.svg
条件候选,P2,J3R,"3-[methyl-(4-nitro-2,1,3-benzoxadiazol-7-yl)amino]propanoic acid",,其他候选,需确认,仅结构候选,0,0,,结构筛选通过，但目前只有结构层面的单体合理性，缺少实际肽使用证据,CCD未指定标准氨基酸母体,C10 H10 N4 O5,266.21,,non-polymer,2,CN(CCC(=O)O)c1ccc(c2c1non2)[N+](=O)[O-],https://www.rcsb.org/ligand/J3R,https://www.ebi.ac.uk/pdbe/static/files/pdbechem_v2/J3R_500.svg
条件候选,P2,JEG,"trans-1-aminocyclobutane-1,3-dicarboxylic acid",,构象限制,较可能,仅结构候选,0,0,,结构筛选通过，但目前只有结构层面的单体合理性，缺少实际肽使用证据,CCD未指定标准氨基酸母体,C6 H9 N O4,159.14,,NON-POLYMER,1,C1C(CC1(C(=O)O)N)C(=O)O,https://www.rcsb.org/ligand/JEG,https://www.ebi.ac.uk/pdbe/static/files/pdbechem_v2/JEG_500.svg
优先深审,P2,JG3,"1-[(2S,3S)-3-amino-2-hydroxy-4-phenylbutyl]-L-proline",,构象限制,需确认,短聚合物序列命中,4,4,2J9J / 2JE4 / 3GI0 / 7HVP,结构筛选通过，且在不超过50残基的PDB聚合物序列中实际出现,CCD未指定标准氨基酸母体,C15 H22 N2 O3,278.347,,peptide-like,1,c1ccc(cc1)C[C@@H]([C@H](C[N@]2CCC[C@H]2C(=O)O)O)N,https://www.rcsb.org/ligand/JG3,https://www.ebi.ac.uk/pdbe/static/files/pdbechem_v2/JG3_500.svg
条件候选,P2,JIX,"(1S,4R,5R,6S)-4-amino-2-oxabicyclo[3.1.0]hexane-4,6-dicarboxylic acid",,其他候选,需确认,仅结构候选,0,0,,结构筛选通过，但目前只有结构层面的单体合理性，缺少实际肽使用证据,CCD未指定标准氨基酸母体,C7 H9 N O5,187.15,,non-polymer,3,C1[C@]([C@H]2[C@@H]([C@H]2O1)C(=O)O)(C(=O)O)N,https://www.rcsb.org/ligand/JIX,https://www.ebi.ac.uk/pdbe/static/files/pdbechem_v2/JIX_500.svg
条件候选,P2,JM2,N~5~-[2-(methylsulfanyl)ethanimidoyl]-L-ornithine,,其他候选,需确认,仅结构候选,0,0,,结构筛选通过，但目前只有结构层面的单体合理性，缺少实际肽使用证据,CCD未指定标准氨基酸母体,C8 H17 N3 O2 S,219.304,,NON-POLYMER,1,[H]/N=C(\CSC)/NCCC[C@@H](C(=O)O)N,https://www.rcsb.org/ligand/JM2,https://www.ebi.ac.uk/pdbe/static/files/pdbechem_v2/JM2_500.svg
条件候选,P2,JM4,N~5~-{3-[(1-methylethyl)sulfanyl]propanimidoyl}-L-ornithine,,其他候选,需确认,仅结构候选,0,0,,结构筛选通过，但目前只有结构层面的单体合理性，缺少实际肽使用证据,CCD未指定标准氨基酸母体,C11 H23 N3 O2 S,261.384,,NON-POLYMER,1,[H]/N=C(/CCSC(C)C)\NCCC[C@@H](C(=O)O)N,https://www.rcsb.org/ligand/JM4,https://www.ebi.ac.uk/pdbe/static/files/pdbechem_v2/JM4_500.svg
条件候选,P2,JM5,N~5~-[2-(propylsulfanyl)ethanimidoyl]-L-ornithine,,其他候选,需确认,仅结构候选,0,0,,结构筛选通过，但目前只有结构层面的单体合理性，缺少实际肽使用证据,CCD未指定标准氨基酸母体,C10 H21 N3 O2 S,247.358,,NON-POLYMER,1,[H]/N=C(/CSCCC)\NCCC[C@@H](C(=O)O)N,https://www.rcsb.org/ligand/JM5,https://www.ebi.ac.uk/pdbe/static/files/pdbechem_v2/JM5_500.svg
条件候选,P2,JM6,N~5~-[4-(methylsulfanyl)butanimidoyl]-L-ornithine,,其他候选,需确认,仅结构候选,0,0,,结构筛选通过，但目前只有结构层面的单体合理性，缺少实际肽使用证据,CCD未指定标准氨基酸母体,C10 H21 N3 O2 S,247.358,,NON-POLYMER,1,[H]/N=C(/CCCSC)\NCCC[C@@H](C(=O)O)N,https://www.rcsb.org/ligand/JM6,https://www.ebi.ac.uk/pdbe/static/files/pdbechem_v2/JM6_500.svg
条件候选,P2,JM7,N~5~-[2-(ethylsulfanyl)ethanimidoyl]-L-ornithine,,其他候选,需确认,仅结构候选,0,0,,结构筛选通过，但目前只有结构层面的单体合理性，缺少实际肽使用证据,CCD未指定标准氨基酸母体,C9 H19 N3 O2 S,233.331,,NON-POLYMER,1,[H]/N=C(\CSCC)/NCCC[C@@H](C(=O)O)N,https://www.rcsb.org/ligand/JM7,https://www.ebi.ac.uk/pdbe/static/files/pdbechem_v2/JM7_500.svg
条件候选,P2,JM8,N~5~-[(3-(ethylsulfanyl)propanimidoyl]-L-ornithine,,其他候选,需确认,仅结构候选,0,0,,结构筛选通过，但目前只有结构层面的单体合理性，缺少实际肽使用证据,CCD未指定标准氨基酸母体,C10 H21 N3 O2 S,247.358,,NON-POLYMER,1,[H]/N=C(\CCSCC)/NCCC[C@@H](C(=O)O)N,https://www.rcsb.org/ligand/JM8,https://www.ebi.ac.uk/pdbe/static/files/pdbechem_v2/JM8_500.svg
条件候选,P2,K94,4-(difluoromethyl)-L-leucine,,卤代/电子调节,较可能,仅结构候选,0,0,,结构筛选通过，但目前只有结构层面的单体合理性，缺少实际肽使用证据,CCD未指定标准氨基酸母体,C7 H13 F2 N O2,181.18,,NON-POLYMER,1,CC(C)(C[C@@H](C(=O)O)N)C(F)F,https://www.rcsb.org/ligand/K94,https://www.ebi.ac.uk/pdbe/static/files/pdbechem_v2/K94_500.svg
条件候选,P2,KAH,5-AMINO-4-HYDROXYHEXANOIC ACID,4-KETO-5-AMINO-HEXANOIC ACID,其他候选,需确认,仅结构候选,0,0,,结构筛选通过，但目前只有结构层面的单体合理性，缺少实际肽使用证据,CCD未指定标准氨基酸母体,C6 H13 N O3,147.172,,NON-POLYMER,4,C[C@H]([C@@H](CCC(=O)O)O)N,https://www.rcsb.org/ligand/KAH,https://www.ebi.ac.uk/pdbe/static/files/pdbechem_v2/KAH_500.svg
条件候选,P2,KAI,3-(CARBOXYMETHYL)-4-ISOPROPENYLPROLINE,KAINATE,构象限制,需确认,仅结构候选,0,0,,结构筛选通过，但目前只有结构层面的单体合理性，缺少实际肽使用证据,CCD未指定标准氨基酸母体,C10 H15 N O4,213.23,,NON-POLYMER,3,CC(=C)[C@H]1CN[C@@H]([C@H]1CC(=O)O)C(=O)O,https://www.rcsb.org/ligand/KAI,https://www.ebi.ac.uk/pdbe/static/files/pdbechem_v2/KAI_500.svg
优先深审,P2,KFB,5-Aminovaleric Acid,5-aminopentanoic acid,其他候选,需确认,短聚合物序列命中,2,2,6RQS / 7XJO,结构筛选通过，且在不超过50残基的PDB聚合物序列中实际出现,CCD未指定标准氨基酸母体,C5 H11 N O2,117.146,,NON-POLYMER,4,C(CCN)CC(=O)O,https://www.rcsb.org/ligand/KFB,https://www.ebi.ac.uk/pdbe/static/files/pdbechem_v2/KFB_500.svg
条件候选,P2,KFJ,4-(4-nitrophenyl)-L-threonine,,芳香/疏水侧链,需确认,仅结构候选,0,0,,结构筛选通过，但目前只有结构层面的单体合理性，缺少实际肽使用证据,CCD未指定标准氨基酸母体,C10 H12 N2 O5,240.213,,NON-POLYMER,1,c1cc(ccc1C[C@H]([C@@H](C(=O)O)N)O)[N+](=O)[O-],https://www.rcsb.org/ligand/KFJ,https://www.ebi.ac.uk/pdbe/static/files/pdbechem_v2/KFJ_500.svg
条件候选,P2,KKA,(2S)-2-azanyl-6-oxidanylidene-6-[[(2S)-1-oxidanyl-1-oxidanylidene-4-sulfanyl-butan-2-yl]amino]hexanoic acid,,其他候选,需确认,仅结构候选,0,0,,结构筛选通过，但目前只有结构层面的单体合理性，缺少实际肽使用证据,含预先形成的酰胺键，需确认主链氨基是否仍可偶联；CCD未指定标准氨基酸母体,C10 H18 N2 O5 S,278.325,,NON-POLYMER,1,C(C[C@@H](C(=O)O)N)CC(=O)N[C@@H](CCS)C(=O)O,https://www.rcsb.org/ligand/KKA,https://www.ebi.ac.uk/pdbe/static/files/pdbechem_v2/KKA_500.svg
条件候选,P2,KMH,(5S)-5-AMINO-3-OXO-HEXANOIC ACID,,其他候选,需确认,仅结构候选,0,0,,结构筛选通过，但目前只有结构层面的单体合理性，缺少实际肽使用证据,CCD未指定标准氨基酸母体,C6 H11 N O3,145.156,,non-polymer,4,C[C@@H](CC(=O)CC(=O)O)N,https://www.rcsb.org/ligand/KMH,https://www.ebi.ac.uk/pdbe/static/files/pdbechem_v2/KMH_500.svg
条件候选,P2,KRI,"(S)-2-AMINO-4-[(2S,3R)-2,3,5-TRIHYDROXY-4-OXO-PENTYL]MERCAPTO-BUTYRIC ACID",,其他候选,需确认,仅结构候选,0,0,,结构筛选通过，但目前只有结构层面的单体合理性，缺少实际肽使用证据,杂原子较多，可能带来较高极性或多重保护需求；CCD未指定标准氨基酸母体,C9 H17 N O6 S,267.299,,NON-POLYMER,1,C(CSC[C@H]([C@H](C(=O)CO)O)O)[C@@H](C(=O)O)N,https://www.rcsb.org/ligand/KRI,https://www.ebi.ac.uk/pdbe/static/files/pdbechem_v2/KRI_500.svg
暂缓,P2,KSN,(2~{S})-2-[[(4~{S})-4-azanyl-5-oxidanyl-5-oxidanylidene-pentanoyl]amino]pentanedioic acid,,其他候选,需确认,未进入使用审计,0,0,,结构可能合理，但单体身份、偶联条件或复杂度证据不足，暂不进入研发候选库,杂原子较多，可能带来较高极性或多重保护需求；含预先形成的酰胺键，需确认主链氨基是否仍可偶联；CCD未指定标准氨基酸母体,C10 H16 N2 O7,276.243,,NON-POLYMER,1,C(CC(=O)N[C@@H](CCC(=O)O)C(=O)O)[C@@H](C(=O)O)N,https://www.rcsb.org/ligand/KSN,https://www.ebi.ac.uk/pdbe/static/files/pdbechem_v2/KSN_500.svg
优先深审,P2,KV6,(3R)-3-aminoheptadecanoic acid,"N-[(2S,3R,4R,5S,6R)-5-[(2S,3R,4R,5S,6R)-3-acetamido-5-[(2S,3S,4S,5R,6R)-4-[(2S,4S,5S,6R)-4,5-dihydroxy-6-(hydroxymethyl )-3-oxo-oxan-2-yl]oxy-3,5-dihydroxy-6-[[(2S,3S,4S,5S,6R)-3,4,5-trihydroxy-6-(hydroxymethyl)oxan-2-yl]oxymethyl]oxan-2-yl ]oxy-4-hydroxy-6-(hydroxymethyl)oxan-2-yl]oxy-2,4-dihydroxy-6-(hydroxymethyl)oxan-3-yl]ethanamide",其他候选,需确认,短聚合物序列命中,1,1,7TZ3,结构筛选通过，且在不超过50残基的PDB聚合物序列中实际出现,CCD未指定标准氨基酸母体,C17 H35 N O2,285.465,,non-polymer,2,CCCCCCCCCCCCCC[C@H](CC(=O)O)N,https://www.rcsb.org/ligand/KV6,https://www.ebi.ac.uk/pdbe/static/files/pdbechem_v2/KV6_500.svg
条件候选,P2,KZ5,(2~{S})-2-(dimethylamino)-3-(2-sulfo-1~{H}-imidazol-4-yl)propanoic acid,,其他候选,需确认,仅结构候选,0,0,,结构筛选通过，但目前只有结构层面的单体合理性，缺少实际肽使用证据,CCD未指定标准氨基酸母体,C8 H13 N3 O5 S,263.271,,NON-POLYMER,1,CN(C)[C@@H](Cc1c[nH]c(n1)S(=O)(=O)O)C(=O)O,https://www.rcsb.org/ligand/KZ5,https://www.ebi.ac.uk/pdbe/static/files/pdbechem_v2/KZ5_500.svg
条件候选,P2,L06,5-{[AMINO(IMINO)METHYL]AMINO}-2-(SULFANYLMETHYL)PENTANOIC ACID,,其他候选,需确认,仅结构候选,0,0,,结构筛选通过，但目前只有结构层面的单体合理性，缺少实际肽使用证据,CCD未指定标准氨基酸母体,C7 H15 N3 O2 S,205.278,,NON-POLYMER,4,C(C[C@@H](CS)C(=O)O)CNC(=N)N,https://www.rcsb.org/ligand/L06,https://www.ebi.ac.uk/pdbe/static/files/pdbechem_v2/L06_500.svg
优先深审,P2,L2O,"(2S,3R)-3-amino-2-hydroxy-5-methylhexanoic acid",,其他候选,较可能,短聚合物序列命中,9,9,1BLL / 1Y0Y / 4FYT / 4KX8 / 4Q4I,结构筛选通过，且在不超过50残基的PDB聚合物序列中实际出现,CCD未指定标准氨基酸母体,C7 H15 N O3,161.199,,peptide-like,2,CC(C)C[C@H]([C@@H](C(=O)O)O)N,https://www.rcsb.org/ligand/L2O,https://www.ebi.ac.uk/pdbe/static/files/pdbechem_v2/L2O_500.svg
暂缓,P2,L6K,(2~{S})-3-[4-[[5-(aminomethyl)furan-3-yl]methoxy]phenyl]-2-(methylamino)propanoic acid,,芳香/疏水侧链,需确认,未进入使用审计,0,0,,结构可能合理，但单体身份、偶联条件或复杂度证据不足，暂不进入研发候选库,分子量超过300 Da，需确认偶联、脱保护和总环肽体积负担；CCD未指定标准氨基酸母体,C16 H20 N2 O4,304.341,,NON-POLYMER,1,CN[C@@H](Cc1ccc(cc1)OCc2cc(oc2)CN)C(=O)O,https://www.rcsb.org/ligand/L6K,https://www.ebi.ac.uk/pdbe/static/files/pdbechem_v2/L6K_500.svg
排除,P2,L9D,"(1S,2R,3S,4S,5S,6R)-2-amino-3,4,5,6-tetrahydroxycyclohexane-1-carboxylic acid","cyclophellitol-aziridine, open form",构象限制,否,未进入使用审计,0,0,,名称明确提示药物、抗生素或反应中间体,杂原子较多，可能带来较高极性或多重保护需求；CCD未指定标准氨基酸母体,C7 H13 N O6,207.181,,non-polymer,2,[C@H]1([C@H]([C@@H]([C@H](C([C@@H]1N)O)O)O)O)C(=O)O,https://www.rcsb.org/ligand/L9D,https://www.ebi.ac.uk/pdbe/static/files/pdbechem_v2/L9D_500.svg
条件候选,P2,L9Z,"(1~{S},3~{S},4~{S},5~{R})-3-(aminomethyl)-3,4,5-tris(hydroxyl)cyclohexane-1-carboxylic acid",,构象限制,需确认,仅结构候选,0,0,,结构筛选通过，但目前只有结构层面的单体合理性，缺少实际肽使用证据,CCD未指定标准氨基酸母体,C8 H15 N O5,205.208,,NON-POLYMER,4,C1[C@@H](C[C@@]([C@H]([C@@H]1O)O)(CN)O)C(=O)O,https://www.rcsb.org/ligand/L9Z,https://www.ebi.ac.uk/pdbe/static/files/pdbechem_v2/L9Z_500.svg
优先深审,P2,LAV,N-[(2S)-2-amino-4-methylpentyl]-L-valine,,其他候选,需确认,短聚合物序列命中,1,1,4ER4,结构筛选通过，且在不超过50残基的PDB聚合物序列中实际出现,CCD未指定标准氨基酸母体,C11 H24 N2 O2,216.32,,peptide-like,1,CC(C)C[C@@H](CN[C@@H](C(C)C)C(=O)O)N,https://www.rcsb.org/ligand/LAV,https://www.ebi.ac.uk/pdbe/static/files/pdbechem_v2/LAV_500.svg
暂缓,P2,LBP,(2S)-2-amino-4-(S-butyl-N-phosphonosulfonimidoyl)butanoic acid,,其他候选,需确认,未进入使用审计,0,0,,结构可能合理，但单体身份、偶联条件或复杂度证据不足，暂不进入研发候选库,分子量超过300 Da，需确认偶联、脱保护和总环肽体积负担；杂原子较多，可能带来较高极性或多重保护需求；含磷酸/膦酸相关结构，通常不利于被动跨膜；CCD未指定标准氨基酸母体,C8 H19 N2 O6 P S,302.285,,NON-POLYMER,1,CCCC[S@](=NP(=O)(O)O)(=O)CC[C@@H](C(=O)O)N,https://www.rcsb.org/ligand/LBP,https://www.ebi.ac.uk/pdbe/static/files/pdbechem_v2/LBP_500.svg
优先深审,P2,LDO,6-HYDROXY-L-NORLEUCINE,,其他候选,较可能,短聚合物序列命中,2,1,8AQA,结构筛选通过，且在不超过50残基的PDB聚合物序列中实际出现,CCD未指定标准氨基酸母体,C6 H13 N O3,147.172,,NON-POLYMER,1,C(CCO)C[C@@H](C(=O)O)N,https://www.rcsb.org/ligand/LDO,https://www.ebi.ac.uk/pdbe/static/files/pdbechem_v2/LDO_500.svg
条件候选,P2,LH6,"(2~{S})-2-(methylamino)-3-[4-[(1~{E})-3-methylbuta-1,3-dienyl]-1~{H}-indol-3-yl]propanoic acid",,芳香/疏水侧链,需确认,仅结构候选,0,0,,结构筛选通过，但目前只有结构层面的单体合理性，缺少实际肽使用证据,CCD未指定标准氨基酸母体,C17 H20 N2 O2,284.353,,non-polymer,1,CC(=C)/C=C/c1cccc2c1c(c[nH]2)C[C@@H](C(=O)O)NC,https://www.rcsb.org/ligand/LH6,https://www.ebi.ac.uk/pdbe/static/files/pdbechem_v2/LH6_500.svg
优先深审,P2,LHE,"N-[(2R,3S)-3-amino-2-hydroxy-5-methylhexyl]-L-norvaline",,其他候选,较可能,短聚合物序列命中,1,1,4TRW,结构筛选通过，且在不超过50残基的PDB聚合物序列中实际出现,CCD未指定标准氨基酸母体,C12 H26 N2 O3,246.346,,peptide-like,1,CCC[C@@H](C(=O)O)NC[C@H]([C@H](CC(C)C)N)O,https://www.rcsb.org/ligand/LHE,https://www.ebi.ac.uk/pdbe/static/files/pdbechem_v2/LHE_500.svg
暂缓,P2,LHK,"(2~{S})-2-[[(2~{S})-1,4-bis(oxidanyl)-1,4-bis(oxidanylidene)butan-2-yl]sulfamoylamino]pentanedioic acid",,其他候选,需确认,未进入使用审计,0,0,,结构可能合理，但单体身份、偶联条件或复杂度证据不足，暂不进入研发候选库,分子量超过300 Da，需确认偶联、脱保护和总环肽体积负担；杂原子较多，可能带来较高极性或多重保护需求；CCD未指定标准氨基酸母体,C9 H14 N2 O10 S,342.28,,NON-POLYMER,3,C(CC(=O)O)[C@@H](C(=O)O)NS(=O)(=O)N[C@@H](CC(=O)O)C(=O)O,https://www.rcsb.org/ligand/LHK,https://www.ebi.ac.uk/pdbe/static/files/pdbechem_v2/LHK_500.svg
条件候选,P2,LIS,"(2S,4S)-2-AMINO-4,5-EPOXIPENTANOIC ACID",3-OXIRAN-2YLALANINE,其他候选,较可能,仅结构候选,0,0,,结构筛选通过，但目前只有结构层面的单体合理性，缺少实际肽使用证据,CCD未指定标准氨基酸母体,C5 H9 N O3,131.13,,NON-POLYMER,1,C1[C@@H](O1)C[C@@H](C(=O)O)N,https://www.rcsb.org/ligand/LIS,https://www.ebi.ac.uk/pdbe/static/files/pdbechem_v2/LIS_500.svg
条件候选,P2,LN5,N5-(1-iminopropyl)-L-ornithine,(2S)-2-azanyl-5-(propanimidoylamino)pentanoic acid,其他候选,需确认,仅结构候选,0,0,,结构筛选通过，但目前只有结构层面的单体合理性，缺少实际肽使用证据,CCD未指定标准氨基酸母体,C8 H17 N3 O2,187.239,,NON-POLYMER,1,[H]/N=C(/CC)\NCCC[C@@H](C(=O)O)N,https://www.rcsb.org/ligand/LN5,https://www.ebi.ac.uk/pdbe/static/files/pdbechem_v2/LN5_500.svg
条件候选,P2,LN6,N~5~-[(1E)-pentanimidoyl]-L-ornithine,N5-(1-iminopentyl)-L-ornithine,其他候选,需确认,仅结构候选,0,0,,结构筛选通过，但目前只有结构层面的单体合理性，缺少实际肽使用证据,CCD未指定标准氨基酸母体,C10 H21 N3 O2,215.293,,NON-POLYMER,1,[H]/N=C(\CCCC)/NCCC[C@@H](C(=O)O)N,https://www.rcsb.org/ligand/LN6,https://www.ebi.ac.uk/pdbe/static/files/pdbechem_v2/LN6_500.svg
条件候选,P2,LN7,N~5~-[(1S)-1-aminopentyl]-L-ornithine,,其他候选,需确认,仅结构候选,0,0,,结构筛选通过，但目前只有结构层面的单体合理性，缺少实际肽使用证据,CCD未指定标准氨基酸母体,C10 H23 N3 O2,217.309,,NON-POLYMER,1,CCCC[C@@H](N)NCCC[C@@H](C(=O)O)N,https://www.rcsb.org/ligand/LN7,https://www.ebi.ac.uk/pdbe/static/files/pdbechem_v2/LN7_500.svg
优先深审,P2,LNT,"N-[(2S)-2-amino-1,1-dihydroxy-4-methylpentyl]-L-threonine",,其他候选,需确认,短聚合物序列命中,2,2,3B7V / 3B80,结构筛选通过，且在不超过50残基的PDB聚合物序列中实际出现,CCD未指定标准氨基酸母体,C10 H22 N2 O5,250.292,,PEPTIDE-LIKE,1,C[C@H]([C@@H](C(=O)O)NC([C@H](CC(C)C)N)(O)O)O,https://www.rcsb.org/ligand/LNT,https://www.ebi.ac.uk/pdbe/static/files/pdbechem_v2/LNT_500.svg
优先深审,P2,LOV,5-AMINO-4-HYDROXY-2-ISOPROPYL-7-METHYL-OCTANOIC ACID,,其他候选,需确认,短聚合物序列命中,4,4,1GKT / 1OEX / 2ER7 / 8HVP,结构筛选通过，且在不超过50残基的PDB聚合物序列中实际出现,CCD未指定标准氨基酸母体,C12 H25 N O3,231.332,,peptide-like,4,CC(C)C[C@@H]([C@H](C[C@@H](C(C)C)C(=O)O)O)N,https://www.rcsb.org/ligand/LOV,https://www.ebi.ac.uk/pdbe/static/files/pdbechem_v2/LOV_500.svg
条件候选,P2,LU0,Sulphamoil Leucine,,其他候选,需确认,仅结构候选,0,0,,结构筛选通过，但目前只有结构层面的单体合理性，缺少实际肽使用证据,CCD未指定标准氨基酸母体,C6 H14 N2 O4 S,210.251,,NON-POLYMER,1,CC(C)C[C@@H](C(=O)O)NS(=O)(=O)N,https://www.rcsb.org/ligand/LU0,https://www.ebi.ac.uk/pdbe/static/files/pdbechem_v2/LU0_500.svg
优先深审,P2,LXO,4-(pyridin-4-ylamino)butanoic acid,,芳香/疏水侧链,需确认,短聚合物序列命中,1,1,8HOU,结构筛选通过，且在不超过50残基的PDB聚合物序列中实际出现,CCD未指定标准氨基酸母体,C9 H12 N2 O2,180.204,,non-polymer,3,c1cnccc1NCCCC(=O)O,https://www.rcsb.org/ligand/LXO,https://www.ebi.ac.uk/pdbe/static/files/pdbechem_v2/LXO_500.svg
条件候选,P2,M7V,"(1S,2R)-2-[(S)-amino(carboxy)methyl]-1-butylcyclopropane-1-carboxylic acid",,构象限制,较可能,仅结构候选,0,0,,结构筛选通过，但目前只有结构层面的单体合理性，缺少实际肽使用证据,CCD未指定标准氨基酸母体,C10 H17 N O4,215.246,,NON-POLYMER,1,CCCC[C@@]1(C[C@H]1[C@@H](C(=O)O)N)C(=O)O,https://www.rcsb.org/ligand/M7V,https://www.ebi.ac.uk/pdbe/static/files/pdbechem_v2/M7V_500.svg
暂缓,P2,M9W,Enmetazobactam derived trans-enamine adduct,"(2S,3S)-3-methyl-4-(3-methyl-1,2,3-triazol-3-ium-1-yl)-2-[[(E)-3-oxidanylideneprop-1-enyl]amino]-3-sulfino-butanoic acid",其他候选,需确认,未进入使用审计,0,0,,结构可能合理，但单体身份、偶联条件或复杂度证据不足，暂不进入研发候选库,分子量超过300 Da，需确认偶联、脱保护和总环肽体积负担；杂原子较多，可能带来较高极性或多重保护需求；CCD未指定标准氨基酸母体,C11 H17 N4 O6 S,333.341,,non-polymer,1,C[C@](Cn1cc[n+](n1)C)([C@H](C(=O)O)N/C=C/C(=O)O)S(=O)O,https://www.rcsb.org/ligand/M9W,https://www.ebi.ac.uk/pdbe/static/files/pdbechem_v2/M9W_500.svg
暂缓,P2,MFD,"(2S,3S,8S,9S)-3-AMINO-9-METHOXY-2,6,8-TRIMETHYL-10-PHENYLDECA-4,6-DIENOIC ACID",,芳香/疏水侧链,需确认,未进入使用审计,0,0,,结构可能合理，但单体身份、偶联条件或复杂度证据不足，暂不进入研发候选库,分子量超过300 Da，需确认偶联、脱保护和总环肽体积负担；CCD未指定标准氨基酸母体,C20 H29 N O3,331.449,,NON-POLYMER,2,C[C@H](\C=C(/C)\C=C\[C@@H]([C@H](C)C(=O)O)N)[C@@H](Cc1ccccc1)OC,https://www.rcsb.org/ligand/MFD,https://www.ebi.ac.uk/pdbe/static/files/pdbechem_v2/MFD_500.svg
条件候选,P2,MHA,(CARBAMOYLMETHYL-CARBOXYMETHYL-AMINO)-ACETIC ACID,N-(2-ACETAMIDO)IMINODIACETIC ACID,其他候选,需确认,仅结构候选,0,0,,结构筛选通过，但目前只有结构层面的单体合理性，缺少实际肽使用证据,含预先形成的酰胺键，需确认主链氨基是否仍可偶联；CCD未指定标准氨基酸母体,C6 H10 N2 O5,190.154,,NON-POLYMER,1,C(C(=O)N)N(CC(=O)O)CC(=O)O,https://www.rcsb.org/ligand/MHA,https://www.ebi.ac.uk/pdbe/static/files/pdbechem_v2/MHA_500.svg
条件候选,P2,MIK,METHYL ISONICOTINIMIDATE LYSINE,,其他候选,需确认,仅结构候选,0,0,,结构筛选通过，但目前只有结构层面的单体合理性，缺少实际肽使用证据,CCD未指定标准氨基酸母体,C12 H18 N4 O2,250.297,,NON-POLYMER,1,c1cnccc1/C(=N/CCCC[C@@H](C(=O)O)N)/N,https://www.rcsb.org/ligand/MIK,https://www.ebi.ac.uk/pdbe/static/files/pdbechem_v2/MIK_500.svg
优先深审,P2,MKE,(4S)-4-AMINO-5-OXOHEXANOIC ACID,METHYLKETONE GLUTAMATE,其他候选,需确认,短聚合物序列命中,2,2,5IC4 / 5IC6,结构筛选通过，且在不超过50残基的PDB聚合物序列中实际出现,CCD未指定标准氨基酸母体,C6 H11 N O3,145.156,,NON-POLYMER,3,CC(=O)[C@H](CCC(=O)O)N,https://www.rcsb.org/ligand/MKE,https://www.ebi.ac.uk/pdbe/static/files/pdbechem_v2/MKE_500.svg
条件候选,P2,MMS,MIMOSINE,3-HYDROXY-4-OXO-1(4H)-PYRIDINEALANINE,芳香/疏水侧链,需确认,仅结构候选,0,0,,结构筛选通过，但目前只有结构层面的单体合理性，缺少实际肽使用证据,CCD未指定标准氨基酸母体,C8 H10 N2 O4,198.176,,NON-POLYMER,1,C1=CN(C=C(C1=O)O)C[C@@H](C(=O)O)N,https://www.rcsb.org/ligand/MMS,https://www.ebi.ac.uk/pdbe/static/files/pdbechem_v2/MMS_500.svg
暂缓,P2,MP9,2-AMINO-3-[3-HYDROXY-5-(2-BENZYL-2H-5-TETRAZOLYL)-4-ISOXAZOLYL]-PROPIONIC ACID,3-[5-(2-BENZYL-2H-TETRAZOL-5-YL)-3-HYDROXYISOXAZOL-4-YL]-L-ALANINE; 2-BN-TET-AMPA,其他候选,需确认,未进入使用审计,0,0,,结构可能合理，但单体身份、偶联条件或复杂度证据不足，暂不进入研发候选库,分子量超过300 Da，需确认偶联、脱保护和总环肽体积负担；杂原子较多，可能带来较高极性或多重保护需求；CCD未指定标准氨基酸母体,C14 H14 N6 O4,330.299,,NON-POLYMER,1,c1ccc(cc1)Cn2nc(nn2)c3c(c(no3)O)C[C@@H](C(=O)O)N,https://www.rcsb.org/ligand/MP9,https://www.ebi.ac.uk/pdbe/static/files/pdbechem_v2/MP9_500.svg
条件候选,P2,MQ4,"(1S)-3-amino-4-[(2S)-1,1,1-trifluoro-3-oxopropan-2-yl]cyclopent-3-ene-1-carboxylic acid",,构象限制,需确认,仅结构候选,0,0,,结构筛选通过，但目前只有结构层面的单体合理性，缺少实际肽使用证据,CCD未指定标准氨基酸母体,C9 H10 F3 N O3,237.176,,NON-POLYMER,3,C1[C@@H](CC(=C1[C@@H](C=O)C(F)(F)F)N)C(=O)O,https://www.rcsb.org/ligand/MQ4,https://www.ebi.ac.uk/pdbe/static/files/pdbechem_v2/MQ4_500.svg
条件候选,P2,MS8,"(2R,3aR,7aR)-2-[(2S)-2-amino-3-hydroxy-3-oxo-propyl]-3,3a,5,6,7,7a-hexahydrofuro[4,5-b]pyran-2-carboxylic acid",,其他候选,需确认,仅结构候选,0,0,,结构筛选通过，但目前只有结构层面的单体合理性，缺少实际肽使用证据,杂原子较多，可能带来较高极性或多重保护需求；CCD未指定标准氨基酸母体,C11 H17 N O6,259.256,,NON-POLYMER,1,C1C[C@@H]2[C@@H](C[C@](O2)(C[C@@H](C(=O)O)N)C(=O)O)OC1,https://www.rcsb.org/ligand/MS8,https://www.ebi.ac.uk/pdbe/static/files/pdbechem_v2/MS8_500.svg
条件候选,P2,MTJ,"N,O-DIMETHYL-L-TYROSINE",,其他候选,需确认,仅结构候选,0,0,,结构筛选通过，但目前只有结构层面的单体合理性，缺少实际肽使用证据,CCD未指定标准氨基酸母体,C11 H15 N O3,209.242,,NON-POLYMER,1,CN[C@@H](Cc1ccc(cc1)OC)C(=O)O,https://www.rcsb.org/ligand/MTJ,https://www.ebi.ac.uk/pdbe/static/files/pdbechem_v2/MTJ_500.svg
暂缓,P2,N72,"(2~{R})-2-[[(3~{R},4~{R},5~{S})-3,4,5,6-tetrakis(oxidanyl)-2-oxidanylidene-hexyl]amino]pentanedioic acid",,其他候选,需确认,未进入使用审计,0,0,,结构可能合理，但单体身份、偶联条件或复杂度证据不足，暂不进入研发候选库,分子量超过300 Da，需确认偶联、脱保护和总环肽体积负担；杂原子较多，可能带来较高极性或多重保护需求；CCD未指定标准氨基酸母体,C11 H19 N O9,309.27,,non-polymer,3,C(CC(=O)O)[C@H](C(=O)O)NCC(=O)[C@@H]([C@@H]([C@H](CO)O)O)O,https://www.rcsb.org/ligand/N72,https://www.ebi.ac.uk/pdbe/static/files/pdbechem_v2/N72_500.svg
暂缓,P2,N7T,"(2~{S})-2-[[(3~{S},4~{R},5~{R})-3,4,5,6-tetrakis(oxidanyl)-2-oxidanylidene-hexyl]amino]pentanedioic acid",,其他候选,需确认,未进入使用审计,0,0,,结构可能合理，但单体身份、偶联条件或复杂度证据不足，暂不进入研发候选库,分子量超过300 Da，需确认偶联、脱保护和总环肽体积负担；杂原子较多，可能带来较高极性或多重保护需求；CCD未指定标准氨基酸母体,C11 H19 N O9,309.27,,non-polymer,3,C(CC(=O)O)[C@@H](C(=O)O)NCC(=O)[C@H]([C@@H]([C@@H](CO)O)O)O,https://www.rcsb.org/ligand/N7T,https://www.ebi.ac.uk/pdbe/static/files/pdbechem_v2/N7T_500.svg
暂缓,P2,N9A,"(3S,5S)-5-[(2R)-2-amino-2-carboxyethyl]-1-(3-ethylphenyl)pyrazolidine-3-carboxylic acid",,芳香/疏水侧链,需确认,未进入使用审计,0,0,,结构可能合理，但单体身份、偶联条件或复杂度证据不足，暂不进入研发候选库,分子量超过300 Da，需确认偶联、脱保护和总环肽体积负担；CCD未指定标准氨基酸母体,C15 H21 N3 O4,307.345,,NON-POLYMER,1,CCc1cccc(c1)N2[C@H](C[C@H](N2)C(=O)O)C[C@H](C(=O)O)N,https://www.rcsb.org/ligand/N9A,https://www.ebi.ac.uk/pdbe/static/files/pdbechem_v2/N9A_500.svg
暂缓,P2,N9D,"(3R,5S)-5-[(2R)-2-amino-2-carboxyethyl]-1-(4-propylphenyl)pyrazolidine-3-carboxylic acid",,芳香/疏水侧链,需确认,未进入使用审计,0,0,,结构可能合理，但单体身份、偶联条件或复杂度证据不足，暂不进入研发候选库,分子量超过300 Da，需确认偶联、脱保护和总环肽体积负担；CCD未指定标准氨基酸母体,C16 H23 N3 O4,321.372,,NON-POLYMER,1,CCCc1ccc(cc1)N2[C@H](C[C@@H](N2)C(=O)O)C[C@H](C(=O)O)N,https://www.rcsb.org/ligand/N9D,https://www.ebi.ac.uk/pdbe/static/files/pdbechem_v2/N9D_500.svg
排除,P2,NCF,"(2R)-2-{(1R)-2-OXO-1-[(2-THIENYLACETYL)AMINO]ETHYL}-5,6-DIHYDRO-2H-1,3-THIAZINE-4-CARBOXYLIC ACID","NITROCEFIN, open form without dinitrophenyl-ethenyl group; (2R)-2-[(1R)-2-oxo-1-{[(thiophen-2-yl)acetyl]amino}ethyl]-5,6-dihydro-2H-1,3-thiazine-4-carboxylic acid",芳香/疏水侧链,否,未进入使用审计,0,0,,名称明确提示药物、抗生素或反应中间体,分子量超过300 Da，需确认偶联、脱保护和总环肽体积负担；含预先形成的酰胺键，需确认主链氨基是否仍可偶联；CCD未指定标准氨基酸母体,C13 H14 N2 O5 S2,342.391,,NON-POLYMER,2,c1cc(sc1)CC(=O)N[C@@H]([C@@H]2N=C(CCS2)C(=O)O)C(=O)O,https://www.rcsb.org/ligand/NCF,https://www.ebi.ac.uk/pdbe/static/files/pdbechem_v2/NCF_500.svg
暂缓,P2,NDZ,"(2R,3aR,6R,7R,7aR)-2-[(2S)-2-amino-2-carboxyethyl]-6,7-dihydroxyhexahydro-2H-furo[3,2-b]pyran-2-carboxylic acid",,其他候选,需确认,未进入使用审计,0,0,,结构可能合理，但单体身份、偶联条件或复杂度证据不足，暂不进入研发候选库,杂原子较多，可能带来较高极性或多重保护需求；CCD未指定标准氨基酸母体,C11 H17 N O8,291.255,,NON-POLYMER,1,C1[C@@H]2[C@@H]([C@@H]([C@@H](CO2)O)O)O[C@@]1(C[C@@H](C(=O)O)N)C(=O)O,https://www.rcsb.org/ligand/NDZ,https://www.ebi.ac.uk/pdbe/static/files/pdbechem_v2/NDZ_500.svg
条件候选,P2,NFK,N'-Formylkynurenine,(2S)-2-amino-4-[2-(formylamino)phenyl]-4-oxobutanoic acid,芳香/疏水侧链,需确认,仅长聚合物命中,1,0,6GPV,结构筛选通过，但目前只在较长聚合物中出现；需确认是否适合环肽合成,CCD未指定标准氨基酸母体,C11 H12 N2 O4,236.224,,NON-POLYMER,1,c1ccc(c(c1)C(=O)C[C@@H](C(=O)O)N)NC=O,https://www.rcsb.org/ligand/NFK,https://www.ebi.ac.uk/pdbe/static/files/pdbechem_v2/NFK_500.svg
条件候选,P2,NFQ,N-[(E)-iminomethyl]-L-aspartic acid,N-formimino-L-Aspartate,其他候选,较可能,仅结构候选,0,0,,结构筛选通过，但目前只有结构层面的单体合理性，缺少实际肽使用证据,CCD未指定标准氨基酸母体,C5 H8 N2 O4,160.128,,NON-POLYMER,2,[H]/N=C/N[C@@H](CC(=O)O)C(=O)O,https://www.rcsb.org/ligand/NFQ,https://www.ebi.ac.uk/pdbe/static/files/pdbechem_v2/NFQ_500.svg
条件候选,P2,NGQ,N-carbamimidoyl-L-glutamic acid,N-Guanidino-L-Glutamate,其他候选,需确认,仅结构候选,0,0,,结构筛选通过，但目前只有结构层面的单体合理性，缺少实际肽使用证据,CCD未指定标准氨基酸母体,C6 H11 N3 O4,189.169,,NON-POLYMER,3,[H]/N=C(\N)/N[C@@H](CCC(=O)O)C(=O)O,https://www.rcsb.org/ligand/NGQ,https://www.ebi.ac.uk/pdbe/static/files/pdbechem_v2/NGQ_500.svg
条件候选,P2,NIG,N-(IMINOMETHYL)-L-GLUTAMIC ACID,N-FORMIMINO-L-GLUTAMATE,其他候选,需确认,仅结构候选,0,0,,结构筛选通过，但目前只有结构层面的单体合理性，缺少实际肽使用证据,CCD未指定标准氨基酸母体,C6 H10 N2 O4,174.155,,NON-POLYMER,3,[H]/N=C\N[C@@H](CCC(=O)O)C(=O)O,https://www.rcsb.org/ligand/NIG,https://www.ebi.ac.uk/pdbe/static/files/pdbechem_v2/NIG_500.svg
条件候选,P2,NLH,"(2R,5S)-5-amino-2-butyl-4,4-dihydroxynonanoic acid",,其他候选,需确认,仅结构候选,0,0,,结构筛选通过，但目前只有结构层面的单体合理性，缺少实际肽使用证据,CCD未指定标准氨基酸母体,C13 H27 N O4,261.358,,NON-POLYMER,4,CCCC[C@H](CC([C@H](CCCC)N)(O)O)C(=O)O,https://www.rcsb.org/ligand/NLH,https://www.ebi.ac.uk/pdbe/static/files/pdbechem_v2/NLH_500.svg
条件候选,P2,NLK,"(2R,5S)-5-amino-2-butyl-4-oxononanoic acid",,其他候选,需确认,仅结构候选,0,0,,结构筛选通过，但目前只有结构层面的单体合理性，缺少实际肽使用证据,CCD未指定标准氨基酸母体,C13 H25 N O3,243.342,,NON-POLYMER,4,CCCC[C@H](CC(=O)[C@H](CCCC)N)C(=O)O,https://www.rcsb.org/ligand/NLK,https://www.ebi.ac.uk/pdbe/static/files/pdbechem_v2/NLK_500.svg
暂缓,P2,NMA,N-[3-HYDROXY-2-METHYL-5-PHOSPHONOOXYMETHYL-PYRIDIN-4-YLMETHYL]-2-METHYLALANINE,N-PYRIDOXYL-2-METHYLALANINE-5-PHOSPHATE,芳香/疏水侧链,需确认,未进入使用审计,0,0,,结构可能合理，但单体身份、偶联条件或复杂度证据不足，暂不进入研发候选库,分子量超过300 Da，需确认偶联、脱保护和总环肽体积负担；杂原子较多，可能带来较高极性或多重保护需求；含磷酸/膦酸相关结构，通常不利于被动跨膜；CCD未指定标准氨基酸母体,C12 H19 N2 O7 P,334.262,,NON-POLYMER,1,Cc1c(c(c(cn1)COP(=O)(O)O)CNC(C)(C)C(=O)O)O,https://www.rcsb.org/ligand/NMA,https://www.ebi.ac.uk/pdbe/static/files/pdbechem_v2/NMA_500.svg
条件候选,P2,NMG,GUANIDINO ACETATE,N-[AMINO(IMINO)METHYL]GLYCINE,其他候选,需确认,仅结构候选,0,0,,结构筛选通过，但目前只有结构层面的单体合理性，缺少实际肽使用证据,CCD未指定标准氨基酸母体,C3 H7 N3 O2,117.107,,NON-POLYMER,1,[H]/N=C(/N)\NCC(=O)O,https://www.rcsb.org/ligand/NMG,https://www.ebi.ac.uk/pdbe/static/files/pdbechem_v2/NMG_500.svg
条件候选,P2,NO5,(2~{S})-3-methyl-2-(sulfamoylamino)butanoic acid,,其他候选,较可能,仅结构候选,0,0,,结构筛选通过，但目前只有结构层面的单体合理性，缺少实际肽使用证据,CCD未指定标准氨基酸母体,C5 H12 N2 O4 S,196.225,,non-polymer,1,CC(C)[C@@H](C(=O)O)NS(=O)(=O)N,https://www.rcsb.org/ligand/NO5,https://www.ebi.ac.uk/pdbe/static/files/pdbechem_v2/NO5_500.svg
条件候选,P2,NO6,S-[(pyridin-2-yl)methyl]-L-cysteine,,芳香/疏水侧链,需确认,仅结构候选,0,0,,结构筛选通过，但目前只有结构层面的单体合理性，缺少实际肽使用证据,CCD未指定标准氨基酸母体,C9 H12 N2 O2 S,212.269,,non-polymer,1,c1ccnc(c1)CSC[C@@H](C(=O)O)N,https://www.rcsb.org/ligand/NO6,https://www.ebi.ac.uk/pdbe/static/files/pdbechem_v2/NO6_500.svg
条件候选,P2,NOU,(2S)-2-amino-4-[(pyridin-2-yl)amino]butanoic acid,,芳香/疏水侧链,较可能,仅结构候选,0,0,,结构筛选通过，但目前只有结构层面的单体合理性，缺少实际肽使用证据,CCD未指定标准氨基酸母体,C9 H13 N3 O2,195.218,,non-polymer,1,c1ccnc(c1)NCC[C@@H](C(=O)O)N,https://www.rcsb.org/ligand/NOU,https://www.ebi.ac.uk/pdbe/static/files/pdbechem_v2/NOU_500.svg
条件候选,P2,NWG,5-[(diaminomethylidene)amino]-2-oxopentanoic acid,,其他候选,需确认,仅结构候选,0,0,,结构筛选通过，但目前只有结构层面的单体合理性，缺少实际肽使用证据,CCD未指定标准氨基酸母体,C6 H11 N3 O3,173.17,,NON-POLYMER,4,C(CC(=O)C(=O)O)CN=C(N)N,https://www.rcsb.org/ligand/NWG,https://www.ebi.ac.uk/pdbe/static/files/pdbechem_v2/NWG_500.svg
条件候选,P2,NZ2,N-(methylsulfonyl)-N-phenyl-L-alanine,,芳香/疏水侧链,需确认,仅结构候选,0,0,,结构筛选通过，但目前只有结构层面的单体合理性，缺少实际肽使用证据,CCD未指定标准氨基酸母体,C10 H13 N O4 S,243.28,,NON-POLYMER,1,C[C@@H](C(=O)O)N(c1ccccc1)S(=O)(=O)C,https://www.rcsb.org/ligand/NZ2,https://www.ebi.ac.uk/pdbe/static/files/pdbechem_v2/NZ2_500.svg
条件候选,P2,NZ3,N-(methylsulfonyl)-N-phenyl-D-alanine,,D-构型,较可能,仅结构候选,0,0,,结构筛选通过，但目前只有结构层面的单体合理性，缺少实际肽使用证据,CCD未指定标准氨基酸母体,C10 H13 N O4 S,243.28,,NON-POLYMER,1,C[C@H](C(=O)O)N(c1ccccc1)S(=O)(=O)C,https://www.rcsb.org/ligand/NZ3,https://www.ebi.ac.uk/pdbe/static/files/pdbechem_v2/NZ3_500.svg
暂缓,P2,O3Z,(2~{R})-2-[[2-methyl-3-oxidanyl-5-(phosphonooxymethyl)pyridin-4-yl]methylamino]-3-oxidanyl-propanoic acid,,芳香/疏水侧链,需确认,未进入使用审计,0,0,,结构可能合理，但单体身份、偶联条件或复杂度证据不足，暂不进入研发候选库,分子量超过300 Da，需确认偶联、脱保护和总环肽体积负担；杂原子较多，可能带来较高极性或多重保护需求；含磷酸/膦酸相关结构，通常不利于被动跨膜；CCD未指定标准氨基酸母体,C11 H17 N2 O8 P,336.235,,non-polymer,1,Cc1c(c(c(cn1)COP(=O)(O)O)CN[C@H](CO)C(=O)O)O,https://www.rcsb.org/ligand/O3Z,https://www.ebi.ac.uk/pdbe/static/files/pdbechem_v2/O3Z_500.svg
条件候选,P2,O77,N-[(3S)-3-amino-3-carboxypropyl]-L-histidine,,其他候选,需确认,仅结构候选,0,0,,结构筛选通过，但目前只有结构层面的单体合理性，缺少实际肽使用证据,CCD未指定标准氨基酸母体,C10 H16 N4 O4,256.258,,NON-POLYMER,1,c1c([nH]cn1)C[C@@H](C(=O)O)NCC[C@@H](C(=O)O)N,https://www.rcsb.org/ligand/O77,https://www.ebi.ac.uk/pdbe/static/files/pdbechem_v2/O77_500.svg
条件候选,P2,OP1,1-[(1S)-4-carbamimidamido-1-carboxybutyl]-5-oxo-D-proline,Pyronopaline,D-构型,需确认,仅结构候选,0,0,,结构筛选通过，但目前只有结构层面的单体合理性，缺少实际肽使用证据,CCD未指定标准氨基酸母体,C11 H18 N4 O5,286.284,,NON-POLYMER,4,[H]/N=C(\N)/NCCC[C@@H](C(=O)O)N1[C@H](CCC1=O)C(=O)O,https://www.rcsb.org/ligand/OP1,https://www.ebi.ac.uk/pdbe/static/files/pdbechem_v2/OP1_500.svg
优先深审,P2,OPR,(5S)-5-amino-8-carbamimidamido-4-oxooctanoic acid,,其他候选,需确认,短聚合物序列命中,2,2,1IHS / 1UCY,结构筛选通过，且在不超过50残基的PDB聚合物序列中实际出现,CCD未指定标准氨基酸母体,C9 H18 N4 O3,230.264,,peptide-like,4,[H]/N=C(\N)/NCCC[C@@H](C(=O)CCC(=O)O)N,https://www.rcsb.org/ligand/OPR,https://www.ebi.ac.uk/pdbe/static/files/pdbechem_v2/OPR_500.svg
优先深审,P2,OUD,(3~{S})-3-azanyl-4-(carboxyamino)butanoic acid,,其他候选,较可能,短聚合物序列命中,1,1,5N14,结构筛选通过，且在不超过50残基的PDB聚合物序列中实际出现,CCD未指定标准氨基酸母体,C5 H10 N2 O4,162.144,,NON-POLYMER,2,C([C@@H](CNC(=O)O)N)C(=O)O,https://www.rcsb.org/ligand/OUD,https://www.ebi.ac.uk/pdbe/static/files/pdbechem_v2/OUD_500.svg
优先深审,P2,OUE,(4~{S})-4-azanyl-5-(carboxyamino)pentanoic acid,,其他候选,需确认,短聚合物序列命中,1,1,5N14,结构筛选通过，且在不超过50残基的PDB聚合物序列中实际出现,CCD未指定标准氨基酸母体,C6 H12 N2 O4,176.17,,NON-POLYMER,3,C(CC(=O)O)[C@@H](CNC(=O)O)N,https://www.rcsb.org/ligand/OUE,https://www.ebi.ac.uk/pdbe/static/files/pdbechem_v2/OUE_500.svg
暂缓,P2,P1T,2-[({3-HYDROXY-2-METHYL-5-[(PHOSPHONOOXY)METHYL]PYRIDIN-4-YL}METHYL)AMINO]ACRYLIC ACID,,芳香/疏水侧链,需确认,未进入使用审计,0,0,,结构可能合理，但单体身份、偶联条件或复杂度证据不足，暂不进入研发候选库,分子量超过300 Da，需确认偶联、脱保护和总环肽体积负担；杂原子较多，可能带来较高极性或多重保护需求；含磷酸/膦酸相关结构，通常不利于被动跨膜；CCD未指定标准氨基酸母体,C11 H15 N2 O7 P,318.22,,NON-POLYMER,1,Cc1c(c(c(cn1)COP(=O)(O)O)CNC(=C)C(=O)O)O,https://www.rcsb.org/ligand/P1T,https://www.ebi.ac.uk/pdbe/static/files/pdbechem_v2/P1T_500.svg
暂缓,P2,P2S,(2S)-2-AMINO-4-[[(2R)-2-CARBOXYBUTYL](PHOSPHONO)SULFONIMIDOYL]BUTANOIC ACID,N-PHOSPHORYL (2S)-2-AMINO-4-[(2S)-2-CARBOXYBUTYL-(R)-SULFONIMIDOYL]BUTANOIC ACID,其他候选,需确认,未进入使用审计,0,0,,结构可能合理，但单体身份、偶联条件或复杂度证据不足，暂不进入研发候选库,分子量超过300 Da，需确认偶联、脱保护和总环肽体积负担；杂原子较多，可能带来较高极性或多重保护需求；含磷酸/膦酸相关结构，通常不利于被动跨膜；CCD未指定标准氨基酸母体,C9 H19 N2 O8 P S,346.295,,NON-POLYMER,1,CC[C@H](C[S@](=NP(=O)(O)O)(=O)CC[C@@H](C(=O)O)N)C(=O)O,https://www.rcsb.org/ligand/P2S,https://www.ebi.ac.uk/pdbe/static/files/pdbechem_v2/P2S_500.svg
暂缓,P2,P3P,(2S)-2-AMINO-4-[METHYL(PHOSPHONOOXY)PHOSPHORYL]BUTANOIC ACID,PHOSPHINOTHRICIN PHOSPHATE,其他候选,需确认,未进入使用审计,0,0,,结构可能合理，但单体身份、偶联条件或复杂度证据不足，暂不进入研发候选库,杂原子较多，可能带来较高极性或多重保护需求；含磷酸/膦酸相关结构，通常不利于被动跨膜；CCD未指定标准氨基酸母体,C5 H13 N O7 P2,261.107,,NON-POLYMER,1,C[P@](=O)(CC[C@@H](C(=O)O)N)OP(=O)(O)O,https://www.rcsb.org/ligand/P3P,https://www.ebi.ac.uk/pdbe/static/files/pdbechem_v2/P3P_500.svg
暂缓,P2,P3S,L-METHIONINE-S-SULFOXIMINE PHOSPHATE,,其他候选,需确认,未进入使用审计,0,0,,结构可能合理，但单体身份、偶联条件或复杂度证据不足，暂不进入研发候选库,杂原子较多，可能带来较高极性或多重保护需求；含磷酸/膦酸相关结构，通常不利于被动跨膜；CCD未指定标准氨基酸母体,C5 H13 N2 O6 P S,260.205,,NON-POLYMER,1,C[S@](=NP(=O)(O)O)(=O)CC[C@@H](C(=O)O)N,https://www.rcsb.org/ligand/P3S,https://www.ebi.ac.uk/pdbe/static/files/pdbechem_v2/P3S_500.svg
条件候选,P2,P4B,(2~{R})-4-azanyl-2-[[(1~{S})-1-oxidanylethyl]amino]butanoic acid,,其他候选,较可能,仅结构候选,0,0,,结构筛选通过，但目前只有结构层面的单体合理性，缺少实际肽使用证据,CCD未指定标准氨基酸母体,C6 H14 N2 O3,162.187,,non-polymer,1,C[C@@H](N[C@H](CCN)C(=O)O)O,https://www.rcsb.org/ligand/P4B,https://www.ebi.ac.uk/pdbe/static/files/pdbechem_v2/P4B_500.svg
暂缓,P2,PAO,N-(PHOSPHONOACETYL)-L-ORNITHINE,,其他候选,需确认,未进入使用审计,0,0,,结构可能合理，但单体身份、偶联条件或复杂度证据不足，暂不进入研发候选库,杂原子较多，可能带来较高极性或多重保护需求；含磷酸/膦酸相关结构，通常不利于被动跨膜；CCD未指定标准氨基酸母体,C7 H15 N2 O6 P,254.178,,NON-POLYMER,1,C(C[C@@H](C(=O)O)N)CNC(=O)CP(=O)(O)O,https://www.rcsb.org/ligand/PAO,https://www.ebi.ac.uk/pdbe/static/files/pdbechem_v2/PAO_500.svg
条件候选,P2,PB1,3-(2-AMINOETHYL)-4-(AMINOMETHYL)HEPTANEDIOIC ACID,,其他候选,需确认,仅结构候选,0,0,,结构筛选通过，但目前只有结构层面的单体合理性，缺少实际肽使用证据,CCD未指定标准氨基酸母体,C10 H20 N2 O4,232.277,,NON-POLYMER,4,C(CC(=O)O)[C@H](CN)[C@H](CCN)CC(=O)O,https://www.rcsb.org/ligand/PB1,https://www.ebi.ac.uk/pdbe/static/files/pdbechem_v2/PB1_500.svg
优先深审,P2,PBE,"1,1-DIMETHYL-PROLINIUM",PROLINE BETAINE,构象限制,较可能,短聚合物序列命中,1,1,5CVE,结构筛选通过，且在不超过50残基的PDB聚合物序列中实际出现,CCD未指定标准氨基酸母体,C7 H14 N O2,144.192,,NON-POLYMER,1,C[N+]1(CCC[C@H]1C(=O)O)C,https://www.rcsb.org/ligand/PBE,https://www.ebi.ac.uk/pdbe/static/files/pdbechem_v2/PBE_500.svg
条件候选,P2,PCV,5-AMINO-3-HYDROXY-2-(2-OXO-AZETIDIN-1-YL)-PENTANOIC ACID,PROCLAVAMINIC ACID,其他候选,需确认,仅结构候选,0,0,,结构筛选通过，但目前只有结构层面的单体合理性，缺少实际肽使用证据,CCD未指定标准氨基酸母体,C8 H14 N2 O4,202.208,,NON-POLYMER,4,C1CN(C1=O)[C@@H]([C@@H](CCN)O)C(=O)O,https://www.rcsb.org/ligand/PCV,https://www.ebi.ac.uk/pdbe/static/files/pdbechem_v2/PCV_500.svg
暂缓,P2,PDA,2-[(3-HYDROXY-2-METHYL-5-PHOSPHONOOXYMETHYL-PYRIDIN-4-YLMETHYL)-AMINO]-PROPIONIC ACID,PYRIDOXYL-ALANINE-5-PHOSPHATE,芳香/疏水侧链,需确认,未进入使用审计,0,0,,结构可能合理，但单体身份、偶联条件或复杂度证据不足，暂不进入研发候选库,分子量超过300 Da，需确认偶联、脱保护和总环肽体积负担；杂原子较多，可能带来较高极性或多重保护需求；含磷酸/膦酸相关结构，通常不利于被动跨膜；CCD未指定标准氨基酸母体,C11 H17 N2 O7 P,320.236,,NON-POLYMER,1,Cc1c(c(c(cn1)COP(=O)(O)O)CNC(C)C(=O)O)O,https://www.rcsb.org/ligand/PDA,https://www.ebi.ac.uk/pdbe/static/files/pdbechem_v2/PDA_500.svg
优先深审,P2,PDF,"4,4-difluoro-L-proline",,构象限制,较可能,短聚合物序列命中,2,2,4Y84 / 5UU3,结构筛选通过，且在不超过50残基的PDB聚合物序列中实际出现,CCD未指定标准氨基酸母体,C5 H7 F2 N O2,151.111,,NON-POLYMER,1,C1[C@H](NCC1(F)F)C(=O)O,https://www.rcsb.org/ligand/PDF,https://www.ebi.ac.uk/pdbe/static/files/pdbechem_v2/PDF_500.svg
条件候选,P2,PDM,"4-[4-(2,5-DIOXO-PYRROLIDIN-1-YL)-PHENYLAMINO]-4-HYDROXY-BUTYRIC ACID",PARA-PHENYL DIMALEMIDE,芳香/疏水侧链,需确认,仅结构候选,0,0,,结构筛选通过，但目前只有结构层面的单体合理性，缺少实际肽使用证据,CCD未指定标准氨基酸母体,C14 H16 N2 O5,292.287,,NON-POLYMER,3,c1cc(ccc1NC(CCC(=O)O)O)N2C(=O)CCC2=O,https://www.rcsb.org/ligand/PDM,https://www.ebi.ac.uk/pdbe/static/files/pdbechem_v2/PDM_500.svg
条件候选,P2,PHX,"4-{[(Z)-(5-OXO-2-PHENYL-1,3-OXAZOL-4(5H)-YLIDENE)METHYL]AMINO}BUTANOIC ACID",,芳香/疏水侧链,需确认,仅结构候选,0,0,,结构筛选通过，但目前只有结构层面的单体合理性，缺少实际肽使用证据,CCD未指定标准氨基酸母体,C14 H14 N2 O4,274.272,,non-polymer,3,c1ccc(cc1)C2=NC(=CNCCCC(=O)O)C(=O)O2,https://www.rcsb.org/ligand/PHX,https://www.ebi.ac.uk/pdbe/static/files/pdbechem_v2/PHX_500.svg
暂缓,P2,PJJ,"(2R,4S,5S)-5-amino-2-benzyl-4-hydroxy-6-phenylhexanoic acid",,芳香/疏水侧链,需确认,未进入使用审计,0,0,,结构可能合理，但单体身份、偶联条件或复杂度证据不足，暂不进入研发候选库,分子量超过300 Da，需确认偶联、脱保护和总环肽体积负担；CCD未指定标准氨基酸母体,C19 H23 N O3,313.391,,peptide-like,4,c1ccc(cc1)C[C@H](C[C@@H]([C@H](Cc2ccccc2)N)O)C(=O)O,https://www.rcsb.org/ligand/PJJ,https://www.ebi.ac.uk/pdbe/static/files/pdbechem_v2/PJJ_500.svg
暂缓,P2,PLG,N-GLYCINE-[3-HYDROXY-2-METHYL-5-PHOSPHONOOXYMETHYL-PYRIDIN-4-YL-METHANE],N-PYRIDOXYL-GLYCINE-5-MONOPHOSPHATE,芳香/疏水侧链,需确认,未进入使用审计,0,0,,结构可能合理，但单体身份、偶联条件或复杂度证据不足，暂不进入研发候选库,分子量超过300 Da，需确认偶联、脱保护和总环肽体积负担；杂原子较多，可能带来较高极性或多重保护需求；含磷酸/膦酸相关结构，通常不利于被动跨膜；CCD未指定标准氨基酸母体,C10 H15 N2 O7 P,306.209,,NON-POLYMER,1,Cc1c(c(c(cn1)COP(=O)(O)O)CNCC(=O)O)O,https://www.rcsb.org/ligand/PLG,https://www.ebi.ac.uk/pdbe/static/files/pdbechem_v2/PLG_500.svg
暂缓,P2,PLS,[3-HYDROXY-2-METHYL-5-PHOSPHONOOXYMETHYL-PYRIDIN-4-YLMETHYL]-SERINE,PYRIDOXYL-SERINE-5-MONOPHOSPHATE,芳香/疏水侧链,需确认,未进入使用审计,0,0,,结构可能合理，但单体身份、偶联条件或复杂度证据不足，暂不进入研发候选库,分子量超过300 Da，需确认偶联、脱保护和总环肽体积负担；杂原子较多，可能带来较高极性或多重保护需求；含磷酸/膦酸相关结构，通常不利于被动跨膜；CCD未指定标准氨基酸母体,C11 H17 N2 O8 P,336.235,,NON-POLYMER,1,Cc1c(c(c(cn1)COP(=O)(O)O)CN[C@@H](CO)C(=O)O)O,https://www.rcsb.org/ligand/PLS,https://www.ebi.ac.uk/pdbe/static/files/pdbechem_v2/PLS_500.svg
暂缓,P2,PLZ,4-[({3-HYDROXY-2-METHYL-5-[(PHOSPHONOOXY)METHYL]PYRIDIN-4-YL}METHYL)AMINO]BUTANOIC ACID,,芳香/疏水侧链,需确认,未进入使用审计,0,0,,结构可能合理，但单体身份、偶联条件或复杂度证据不足，暂不进入研发候选库,分子量超过300 Da，需确认偶联、脱保护和总环肽体积负担；杂原子较多，可能带来较高极性或多重保护需求；含磷酸/膦酸相关结构，通常不利于被动跨膜；CCD未指定标准氨基酸母体,C12 H19 N2 O7 P,334.262,,NON-POLYMER,3,Cc1c(c(c(cn1)COP(=O)(O)O)CNCCCC(=O)O)O,https://www.rcsb.org/ligand/PLZ,https://www.ebi.ac.uk/pdbe/static/files/pdbechem_v2/PLZ_500.svg
排除,P2,PME,N-L-ALPHA-ASPARTYL L-PHENYLALANINE 1-METHYL ESTER,ASPARTAME,芳香/疏水侧链,否,未进入使用审计,0,0,,名称明确为二肽/寡肽片段，不是单个氨基酸残基；羧基以酯形式封闭，不能直接作为普通肽键偶联单体,CCD未指定标准氨基酸母体,C14 H18 N2 O5,294.303,,NON-POLYMER,2,COC(=O)[C@H](Cc1ccccc1)NC(=O)[C@H](CC(=O)O)N,https://www.rcsb.org/ligand/PME,https://www.ebi.ac.uk/pdbe/static/files/pdbechem_v2/PME_500.svg
暂缓,P2,PP3,ALANYL-PYRIDOXAL-5'-PHOSPHATE,PYRIDOXYL-ALANINE-5-PHOSPHATE; VITAMIN B6 COMPLEXED WITH ALANINE,芳香/疏水侧链,需确认,未进入使用审计,0,0,,结构可能合理，但单体身份、偶联条件或复杂度证据不足，暂不进入研发候选库,分子量超过300 Da，需确认偶联、脱保护和总环肽体积负担；杂原子较多，可能带来较高极性或多重保护需求；含磷酸/膦酸相关结构，通常不利于被动跨膜；CCD未指定标准氨基酸母体,C11 H17 N2 O7 P,320.236,,NON-POLYMER,1,Cc1c(c(c(cn1)COP(=O)(O)O)CN[C@@H](C)C(=O)O)O,https://www.rcsb.org/ligand/PP3,https://www.ebi.ac.uk/pdbe/static/files/pdbechem_v2/PP3_500.svg
暂缓,P2,PPQ,PHOSPHINOTHRICIN,2-AMINO-4-(HYDROXYMETHYL-PHOSPHINYL)BUTANOIC ACID,其他候选,需确认,未进入使用审计,0,0,,结构可能合理，但单体身份、偶联条件或复杂度证据不足，暂不进入研发候选库,含磷酸/膦酸相关结构，通常不利于被动跨膜；CCD未指定标准氨基酸母体,C5 H12 N O4 P,181.127,,NON-POLYMER,1,C[P@](=O)(CC[C@@H](C(=O)O)N)O,https://www.rcsb.org/ligand/PPQ,https://www.ebi.ac.uk/pdbe/static/files/pdbechem_v2/PPQ_500.svg
优先深审,P2,PRW,"(2R,3R)-4-AMINO-2,3-DIHYDROXYBUTANOIC ACID",,其他候选,需确认,短聚合物序列命中,1,1,2X4T,结构筛选通过，且在不超过50残基的PDB聚合物序列中实际出现,CCD未指定标准氨基酸母体,C4 H9 N O4,135.119,,non-polymer,3,C([C@H]([C@H](C(=O)O)O)O)N,https://www.rcsb.org/ligand/PRW,https://www.ebi.ac.uk/pdbe/static/files/pdbechem_v2/PRW_500.svg
暂缓,P2,PSQ,NDELTA-(N'-SULPHODIAMINOPHOSPHINYL)-L-ORNITHINE,,其他候选,需确认,未进入使用审计,0,0,,结构可能合理，但单体身份、偶联条件或复杂度证据不足，暂不进入研发候选库,杂原子较多，可能带来较高极性或多重保护需求；含磷酸/膦酸相关结构，通常不利于被动跨膜；CCD未指定标准氨基酸母体,C5 H15 N4 O6 P S,290.235,,NON-POLYMER,1,C(C[C@@H](C(=O)O)N)CN[P@](=O)(N)NS(=O)(=O)O,https://www.rcsb.org/ligand/PSQ,https://www.ebi.ac.uk/pdbe/static/files/pdbechem_v2/PSQ_500.svg
优先深审,P2,PUK,N-[(2S)-2-amino-3-phenylpropyl]-L-phenylalanine,,芳香/疏水侧链,需确认,短聚合物序列命中,5,5,1GVX / 2ER6 / 3APR / 3URL / 4GYE,结构筛选通过，且在不超过50残基的PDB聚合物序列中实际出现,CCD未指定标准氨基酸母体,C18 H22 N2 O2,298.379,,peptide-like,1,c1ccc(cc1)C[C@@H](CN[C@@H](Cc2ccccc2)C(=O)O)N,https://www.rcsb.org/ligand/PUK,https://www.ebi.ac.uk/pdbe/static/files/pdbechem_v2/PUK_500.svg
暂缓,P2,PY4,2-[O-PHOSPHONOPYRIDOXYL]-AMINO- BUTYRIC ACID,VITAMIN B6 COMPLEXED WITH 2-AMINO-BUTYRIC ACID,芳香/疏水侧链,需确认,未进入使用审计,0,0,,结构可能合理，但单体身份、偶联条件或复杂度证据不足，暂不进入研发候选库,分子量超过300 Da，需确认偶联、脱保护和总环肽体积负担；杂原子较多，可能带来较高极性或多重保护需求；含磷酸/膦酸相关结构，通常不利于被动跨膜；CCD未指定标准氨基酸母体,C12 H19 N2 O7 P,334.262,,NON-POLYMER,1,CC[C@H](C(=O)O)NCc1c(cnc(c1O)C)COP(=O)(O)O,https://www.rcsb.org/ligand/PY4,https://www.ebi.ac.uk/pdbe/static/files/pdbechem_v2/PY4_500.svg
暂缓,P2,PY5,2-[O-PHOSPHONOPYRIDOXYL]-AMINO-PENTANOIC ACID,VITAMIN B6 COMPLEXED WITH 2-AMINO-PENTANOIC ACID,芳香/疏水侧链,需确认,未进入使用审计,0,0,,结构可能合理，但单体身份、偶联条件或复杂度证据不足，暂不进入研发候选库,分子量超过300 Da，需确认偶联、脱保护和总环肽体积负担；杂原子较多，可能带来较高极性或多重保护需求；含磷酸/膦酸相关结构，通常不利于被动跨膜；CCD未指定标准氨基酸母体,C13 H21 N2 O7 P,348.289,,NON-POLYMER,1,CCC[C@@H](C(=O)O)NCc1c(cnc(c1O)C)COP(=O)(O)O,https://www.rcsb.org/ligand/PY5,https://www.ebi.ac.uk/pdbe/static/files/pdbechem_v2/PY5_500.svg
暂缓,P2,Q00,N-[(3S)-3-amino-4-phenylbutyl]-L-phenylalanine,,芳香/疏水侧链,需确认,未进入使用审计,0,0,,结构可能合理，但单体身份、偶联条件或复杂度证据不足，暂不进入研发候选库,分子量超过300 Da，需确认偶联、脱保护和总环肽体积负担；CCD未指定标准氨基酸母体,C19 H24 N2 O2,312.406,,peptide-like,1,c1ccc(cc1)C[C@@H](CCN[C@@H](Cc2ccccc2)C(=O)O)N,https://www.rcsb.org/ligand/Q00,https://www.ebi.ac.uk/pdbe/static/files/pdbechem_v2/Q00_500.svg
优先深审,P2,QF0,(3S)-3-amino-4-(naphthalen-2-yl)butanoic acid,,芳香/疏水侧链,较可能,短聚合物序列命中,1,1,8D52,结构筛选通过，且在不超过50残基的PDB聚合物序列中实际出现,CCD未指定标准氨基酸母体,C14 H15 N O2,229.274,,non-polymer,2,c1ccc2cc(ccc2c1)C[C@@H](CC(=O)O)N,https://www.rcsb.org/ligand/QF0,https://www.ebi.ac.uk/pdbe/static/files/pdbechem_v2/QF0_500.svg
暂缓,P2,QJO,"1-(2-aminopyrimidine-5-sulfonyl)-4,4-difluoro-L-proline",,构象限制,需确认,未进入使用审计,0,0,,结构可能合理，但单体身份、偶联条件或复杂度证据不足，暂不进入研发候选库,分子量超过300 Da，需确认偶联、脱保护和总环肽体积负担；CCD未指定标准氨基酸母体,C9 H10 F2 N4 O4 S,308.262,,non-polymer,1,c1c(cnc(n1)N)S(=O)(=O)N2CC(C[C@H]2C(=O)O)(F)F,https://www.rcsb.org/ligand/QJO,https://www.ebi.ac.uk/pdbe/static/files/pdbechem_v2/QJO_500.svg
条件候选,P2,QJW,(3S)-3-[(2-nitrophenyl)methoxy]-L-aspartic acid,,芳香/疏水侧链,需确认,仅结构候选,0,0,,结构筛选通过，但目前只有结构层面的单体合理性，缺少实际肽使用证据,杂原子较多，可能带来较高极性或多重保护需求；CCD未指定标准氨基酸母体,C11 H12 N2 O7,284.222,,non-polymer,1,c1ccc(c(c1)CO[C@@H]([C@@H](C(=O)O)N)C(=O)O)[N+](=O)[O-],https://www.rcsb.org/ligand/QJW,https://www.ebi.ac.uk/pdbe/static/files/pdbechem_v2/QJW_500.svg
条件候选,P2,QLI,"(5S,6S)-6-amino-5-[(1-carboxyethenyl)oxy]cyclohexa-1,3-diene-1-carboxylic acid",2-amino-2-deoxy-isochorismic acid,构象限制,较可能,仅结构候选,0,0,,结构筛选通过，但目前只有结构层面的单体合理性，缺少实际肽使用证据,CCD未指定标准氨基酸母体,C10 H11 N O5,225.198,,NON-POLYMER,2,C=C(C(=O)O)O[C@H]1C=CC=C([C@@H]1N)C(=O)O,https://www.rcsb.org/ligand/QLI,https://www.ebi.ac.uk/pdbe/static/files/pdbechem_v2/QLI_500.svg
条件候选,P2,QUS,"(S)-2-AMINO-3-(3,5-DIOXO-[1,2,4]OXADIAZOLIDIN-2-YL)-PROPIONIC ACID",QUISQUALATE,其他候选,需确认,仅结构候选,0,0,,结构筛选通过，但目前只有结构层面的单体合理性，缺少实际肽使用证据,含预先形成的酰胺键，需确认主链氨基是否仍可偶联；CCD未指定标准氨基酸母体,C5 H7 N3 O5,189.126,,NON-POLYMER,1,C([C@@H](C(=O)O)N)N1C(=O)NC(=O)O1,https://www.rcsb.org/ligand/QUS,https://www.ebi.ac.uk/pdbe/static/files/pdbechem_v2/QUS_500.svg
暂缓,P2,R00,"N-[(2S,3S)-3-amino-2-hydroxy-4-phenylbutyl]-L-phenylalanine",,芳香/疏水侧链,需确认,未进入使用审计,0,0,,结构可能合理，但单体身份、偶联条件或复杂度证据不足，暂不进入研发候选库,分子量超过300 Da，需确认偶联、脱保护和总环肽体积负担；CCD未指定标准氨基酸母体,C19 H24 N2 O3,328.405,,peptide-like,1,c1ccc(cc1)C[C@@H]([C@H](CN[C@@H](Cc2ccccc2)C(=O)O)O)N,https://www.rcsb.org/ligand/R00,https://www.ebi.ac.uk/pdbe/static/files/pdbechem_v2/R00_500.svg
条件候选,P2,R1V,"N-[(2E)-3,7-dimethylocta-2,6-dien-1-yl]-L-glutamic acid",,其他候选,需确认,仅结构候选,0,0,,结构筛选通过，但目前只有结构层面的单体合理性，缺少实际肽使用证据,CCD未指定标准氨基酸母体,C15 H25 N O4,283.363,,non-polymer,3,CC(=CCC/C(=C/CN[C@@H](CCC(=O)O)C(=O)O)/C)C,https://www.rcsb.org/ligand/R1V,https://www.ebi.ac.uk/pdbe/static/files/pdbechem_v2/R1V_500.svg
暂缓,P2,R40,N~2~-[(benzyloxy)carbonyl]-L-arginine,,其他候选,需确认,未进入使用审计,0,0,,结构可能合理，但单体身份、偶联条件或复杂度证据不足，暂不进入研发候选库,分子量超过300 Da，需确认偶联、脱保护和总环肽体积负担；CCD未指定标准氨基酸母体,C14 H20 N4 O4,308.333,,NON-POLYMER,4,[H]/N=C(\N)/NCCC[C@@H](C(=O)O)NC(=O)OCc1ccccc1,https://www.rcsb.org/ligand/R40,https://www.ebi.ac.uk/pdbe/static/files/pdbechem_v2/R40_500.svg
条件候选,P2,R9J,2-methyl-N-(4-methylphenyl)-L-alanine,,芳香/疏水侧链,需确认,仅结构候选,0,0,,结构筛选通过，但目前只有结构层面的单体合理性，缺少实际肽使用证据,CCD未指定标准氨基酸母体,C11 H15 N O2,193.242,,NON-POLYMER,1,Cc1ccc(cc1)NC(C)(C)C(=O)O,https://www.rcsb.org/ligand/R9J,https://www.ebi.ac.uk/pdbe/static/files/pdbechem_v2/R9J_500.svg
条件候选,P2,REZ,(2R)-2-AMINO-7-{[(1R)-1-CARBOXYETHYL]AMINO}-7-OXOHEPTANOIC ACID,,其他候选,较可能,仅结构候选,0,0,,结构筛选通过，但目前只有结构层面的单体合理性，缺少实际肽使用证据,CCD未指定标准氨基酸母体,C10 H18 N2 O5,246.26,,NON-POLYMER,1,C[C@H](C(=O)O)NC(=O)CCCC[C@H](C(=O)O)N,https://www.rcsb.org/ligand/REZ,https://www.ebi.ac.uk/pdbe/static/files/pdbechem_v2/REZ_500.svg
条件候选,P2,RGE,(2S)-2-AMINO-5-(2-(METHYLSULFINYL)ACETIMIDAMIDO)PENTANOIC ACID,,其他候选,较可能,仅结构候选,0,0,,结构筛选通过，但目前只有结构层面的单体合理性，缺少实际肽使用证据,CCD未指定标准氨基酸母体,C8 H17 N3 O3 S,235.304,,NON-POLYMER,1,[H]/N=C(\CS(=O)C)/NCCC[C@@H](C(=O)O)N,https://www.rcsb.org/ligand/RGE,https://www.ebi.ac.uk/pdbe/static/files/pdbechem_v2/RGE_500.svg
条件候选,P2,RH0,"3-amino-5-S-benzyl-2,3-dideoxy-5-thio-D-erythro-pentonic acid",,D-构型,需确认,仅结构候选,0,0,,结构筛选通过，但目前只有结构层面的单体合理性，缺少实际肽使用证据,CCD未指定标准氨基酸母体,C12 H17 N O3 S,255.333,,peptide-like,2,c1ccc(cc1)CSC[C@H]([C@H](CC(=O)O)N)O,https://www.rcsb.org/ligand/RH0,https://www.ebi.ac.uk/pdbe/static/files/pdbechem_v2/RH0_500.svg
暂缓,P2,RIZ,"(1R,2S)-2-[(7-fluoro-9H-pyrimido[4,5-b]indol-4-yl)amino]cyclohexane-1-carboxylic acid",,构象限制,需确认,未进入使用审计,0,0,,结构可能合理，但单体身份、偶联条件或复杂度证据不足，暂不进入研发候选库,分子量超过300 Da，需确认偶联、脱保护和总环肽体积负担；CCD未指定标准氨基酸母体,C17 H17 F N4 O2,328.341,,non-polymer,2,c1cc2c(cc1F)[nH]c3c2c(ncn3)N[C@H]4CCCC[C@H]4C(=O)O,https://www.rcsb.org/ligand/RIZ,https://www.ebi.ac.uk/pdbe/static/files/pdbechem_v2/RIZ_500.svg
暂缓,P2,RJ9,"(1S,2R)-2-[(7-fluoro-9H-pyrimido[4,5-b]indol-4-yl)amino]cyclohexane-1-carboxylic acid",,构象限制,需确认,未进入使用审计,0,0,,结构可能合理，但单体身份、偶联条件或复杂度证据不足，暂不进入研发候选库,分子量超过300 Da，需确认偶联、脱保护和总环肽体积负担；CCD未指定标准氨基酸母体,C17 H17 F N4 O2,328.341,,non-polymer,2,c1cc2c(cc1F)[nH]c3c2c(ncn3)N[C@@H]4CCCC[C@@H]4C(=O)O,https://www.rcsb.org/ligand/RJ9,https://www.ebi.ac.uk/pdbe/static/files/pdbechem_v2/RJ9_500.svg
条件候选,P2,RQJ,deoxyproclavaminic acid,(2S)-5-amino-2-(2-oxoazetidin-1-yl)pentanoic acid,其他候选,需确认,仅结构候选,0,0,,结构筛选通过，但目前只有结构层面的单体合理性，缺少实际肽使用证据,CCD未指定标准氨基酸母体,C8 H14 N2 O3,186.208,,non-polymer,4,C1CN(C1=O)[C@@H](CCCN)C(=O)O,https://www.rcsb.org/ligand/RQJ,https://www.ebi.ac.uk/pdbe/static/files/pdbechem_v2/RQJ_500.svg
暂缓,P2,S2K,"(2~{S},6~{S})-2-azanyl-6-[[(4~{R})-4-azanyl-5-oxidanyl-5-oxidanylidene-pentanoyl]amino]heptanedioic acid",,其他候选,需确认,未进入使用审计,0,0,,结构可能合理，但单体身份、偶联条件或复杂度证据不足，暂不进入研发候选库,分子量超过300 Da，需确认偶联、脱保护和总环肽体积负担；杂原子较多，可能带来较高极性或多重保护需求；CCD未指定标准氨基酸母体,C12 H21 N3 O7,319.311,,non-polymer,1,C(C[C@@H](C(=O)O)N)C[C@@H](C(=O)O)NC(=O)CC[C@H](C(=O)O)N,https://www.rcsb.org/ligand/S2K,https://www.ebi.ac.uk/pdbe/static/files/pdbechem_v2/S2K_500.svg
条件候选,P2,S4F,3-[(3R)-1-(6-amino-5-chloropyrimidin-4-yl)piperidin-3-yl]propanoic acid,,卤代/电子调节,需确认,仅结构候选,0,0,,结构筛选通过，但目前只有结构层面的单体合理性，缺少实际肽使用证据,CCD未指定标准氨基酸母体,C12 H17 Cl N4 O2,284.742,,non-polymer,4,c1nc(c(c(n1)N2CCC[C@@H](C2)CCC(=O)O)Cl)N,https://www.rcsb.org/ligand/S4F,https://www.ebi.ac.uk/pdbe/static/files/pdbechem_v2/S4F_500.svg
暂缓,P2,S8H,(2~{S})-2-azanyl-5-oxidanylidene-5-[[(2~{S})-1-oxidanylidene-1-[(2-oxidanylidene-2-propan-2-yloxy-ethyl)amino]-3-sulfanyl-propan-2-yl]amino]pentanoic acid,,其他候选,需确认,未进入使用审计,0,0,,结构可能合理，但单体身份、偶联条件或复杂度证据不足，暂不进入研发候选库,分子量超过300 Da，需确认偶联、脱保护和总环肽体积负担；杂原子较多，可能带来较高极性或多重保护需求；CCD未指定标准氨基酸母体,C13 H23 N3 O6 S,349.403,,non-polymer,1,CC(C)OC(=O)CNC(=O)[C@@H](CS)NC(=O)CC[C@@H](C(=O)O)N,https://www.rcsb.org/ligand/S8H,https://www.ebi.ac.uk/pdbe/static/files/pdbechem_v2/S8H_500.svg
条件候选,P2,SDC,S-[2-(AMINOSULFONYL)ETHYL]-D-CYSTEINE,,D-构型,较可能,仅结构候选,0,0,,结构筛选通过，但目前只有结构层面的单体合理性，缺少实际肽使用证据,CCD未指定标准氨基酸母体,C5 H12 N2 O4 S2,228.29,,NON-POLYMER,1,C(CS(=O)(=O)N)SC[C@@H](C(=O)O)N,https://www.rcsb.org/ligand/SDC,https://www.ebi.ac.uk/pdbe/static/files/pdbechem_v2/SDC_500.svg
优先深审,P2,SGK,2-(pyridin-2-ylmethylamino)ethanoic acid,,芳香/疏水侧链,较可能,短聚合物序列命中,1,1,7AZF,结构筛选通过，且在不超过50残基的PDB聚合物序列中实际出现,CCD未指定标准氨基酸母体,C8 H10 N2 O2,166.177,,non-polymer,1,c1ccnc(c1)CNCC(=O)O,https://www.rcsb.org/ligand/SGK,https://www.ebi.ac.uk/pdbe/static/files/pdbechem_v2/SGK_500.svg
暂缓,P2,SGR,O-[(R)-AMINO(METHOXY)PHOSPHORYL]-L-SERINE,,其他候选,需确认,未进入使用审计,0,0,,结构可能合理，但单体身份、偶联条件或复杂度证据不足，暂不进入研发候选库,含磷酸/膦酸相关结构，通常不利于被动跨膜；CCD未指定标准氨基酸母体,C4 H11 N2 O5 P,198.114,,NON-POLYMER,1,CO[P@](=O)(N)OC[C@@H](C(=O)O)N,https://www.rcsb.org/ligand/SGR,https://www.ebi.ac.uk/pdbe/static/files/pdbechem_v2/SGR_500.svg
暂缓,P2,SGX,O-[(S)-AMINO(METHOXY)PHOSPHORYL]-L-SERINE,,其他候选,需确认,未进入使用审计,0,0,,结构可能合理，但单体身份、偶联条件或复杂度证据不足，暂不进入研发候选库,含磷酸/膦酸相关结构，通常不利于被动跨膜；CCD未指定标准氨基酸母体,C4 H11 N2 O5 P,198.114,,NON-POLYMER,1,COP(=O)(N)OC[C@@H](C(=O)O)N,https://www.rcsb.org/ligand/SGX,https://www.ebi.ac.uk/pdbe/static/files/pdbechem_v2/SGX_500.svg
条件候选,P2,SHI,(S)-2-AMINO-3-(3-HYDROXY-ISOXAZOL-4-YL)PROPIONIC ACID,(S)-DES-ME-AMPA,其他候选,较可能,仅结构候选,0,0,,结构筛选通过，但目前只有结构层面的单体合理性，缺少实际肽使用证据,CCD未指定标准氨基酸母体,C6 H8 N2 O4,172.139,,NON-POLYMER,1,c1c(c(no1)O)C[C@@H](C(=O)O)N,https://www.rcsb.org/ligand/SHI,https://www.ebi.ac.uk/pdbe/static/files/pdbechem_v2/SHI_500.svg
条件候选,P2,SMZ,N~5~-[(E)-imino(methylsulfanyl)methyl]-L-ornithine,S-methyl-L-thiocitrulline,其他候选,需确认,仅结构候选,0,0,,结构筛选通过，但目前只有结构层面的单体合理性，缺少实际肽使用证据,CCD未指定标准氨基酸母体,C7 H15 N3 O2 S,205.278,,NON-POLYMER,1,[H]/N=C(/NCCC[C@@H](C(=O)O)N)\SC,https://www.rcsb.org/ligand/SMZ,https://www.ebi.ac.uk/pdbe/static/files/pdbechem_v2/SMZ_500.svg
暂缓,P2,SNW,Deoxyfructosylglutamine,santhopine,其他候选,需确认,未进入使用审计,0,0,,结构可能合理，但单体身份、偶联条件或复杂度证据不足，暂不进入研发候选库,分子量超过300 Da，需确认偶联、脱保护和总环肽体积负担；杂原子较多，可能带来较高极性或多重保护需求；含预先形成的酰胺键，需确认主链氨基是否仍可偶联；CCD未指定标准氨基酸母体,C11 H20 N2 O8,308.285,,NON-POLYMER,1,C1[C@H]([C@H]([C@@H]([C@](O1)(CN[C@@H](CCC(=O)N)C(=O)O)O)O)O)O,https://www.rcsb.org/ligand/SNW,https://www.ebi.ac.uk/pdbe/static/files/pdbechem_v2/SNW_500.svg
优先深审,P2,SOW,[(2-amino-2-oxoethyl)amino]acetic acid,,其他候选,需确认,短聚合物序列命中,1,1,8DL7,结构筛选通过，且在不超过50残基的PDB聚合物序列中实际出现,含预先形成的酰胺键，需确认主链氨基是否仍可偶联；CCD未指定标准氨基酸母体,C4 H8 N2 O3,132.118,,peptide-like,1,C(C(=O)N)NCC(=O)O,https://www.rcsb.org/ligand/SOW,https://www.ebi.ac.uk/pdbe/static/files/pdbechem_v2/SOW_500.svg
暂缓,P2,SR3,"(2S,3R)-4-(2-amino-2-oxoethoxy)-3-(dihydroxy-lambda~4~-sulfanyl)-3-methyl-4-oxo-2-{[(1E)-3-oxoprop-1-en-1-yl]amino}butanoic acid",,其他候选,需确认,未进入使用审计,0,0,,结构可能合理，但单体身份、偶联条件或复杂度证据不足，暂不进入研发候选库,分子量超过300 Da，需确认偶联、脱保护和总环肽体积负担；杂原子较多，可能带来较高极性或多重保护需求；含预先形成的酰胺键，需确认主链氨基是否仍可偶联；CCD未指定标准氨基酸母体,C10 H16 N2 O8 S,324.308,,NON-POLYMER,1,C[C@@]([C@H](C(=O)O)N/C=C/C=O)(C(=O)OCC(=O)N)S(O)O,https://www.rcsb.org/ligand/SR3,https://www.ebi.ac.uk/pdbe/static/files/pdbechem_v2/SR3_500.svg
条件候选,P2,SSC,"(2S,5S)-5-CARBOXYMETHYLPROLINE",,构象限制,较可能,仅结构候选,0,0,,结构筛选通过，但目前只有结构层面的单体合理性，缺少实际肽使用证据,CCD未指定标准氨基酸母体,C7 H11 N O4,173.167,,NON-POLYMER,2,C1C[C@H](N[C@@H]1CC(=O)O)C(=O)O,https://www.rcsb.org/ligand/SSC,https://www.ebi.ac.uk/pdbe/static/files/pdbechem_v2/SSC_500.svg
暂缓,P2,SUG,N~2~-(3-CARBOXYPROPANOYL)-L-ARGININE,N~2~-SUCCINYLARGININE,其他候选,需确认,未进入使用审计,0,0,,结构可能合理，但单体身份、偶联条件或复杂度证据不足，暂不进入研发候选库,CCD未指定标准氨基酸母体,C10 H18 N4 O5,274.274,,NON-POLYMER,4,C(C[C@@H](C(=O)O)NC(=O)CCC(=O)O)CNC(=N)N,https://www.rcsb.org/ligand/SUG,https://www.ebi.ac.uk/pdbe/static/files/pdbechem_v2/SUG_500.svg
条件候选,P2,SUO,N~2~-(3-CARBOXYPROPANOYL)-L-ORNITHINE,N~2~-SUCCINYLORNITHINE,其他候选,需确认,仅结构候选,0,0,,结构筛选通过，但目前只有结构层面的单体合理性，缺少实际肽使用证据,CCD未指定标准氨基酸母体,C9 H16 N2 O5,232.234,,NON-POLYMER,4,C(C[C@@H](C(=O)O)NC(=O)CCC(=O)O)CN,https://www.rcsb.org/ligand/SUO,https://www.ebi.ac.uk/pdbe/static/files/pdbechem_v2/SUO_500.svg
暂缓,P2,SY5,"2-[[[(3~{R},5~{R})-3-azanyl-6-(3-azanylpropylamino)-5-oxidanyl-hexanoyl]amino]-methyl-amino]ethanoic acid",N6-(3-aminopropyl)-negamycin,其他候选,需确认,未进入使用审计,0,0,,结构可能合理，但单体身份、偶联条件或复杂度证据不足，暂不进入研发候选库,分子量超过300 Da，需确认偶联、脱保护和总环肽体积负担；杂原子较多，可能带来较高极性或多重保护需求；CCD未指定标准氨基酸母体,C12 H27 N5 O4,305.374,,non-polymer,1,CN(CC(=O)O)NC(=O)C[C@@H](C[C@H](CNCCCN)O)N,https://www.rcsb.org/ligand/SY5,https://www.ebi.ac.uk/pdbe/static/files/pdbechem_v2/SY5_500.svg
暂缓,P2,SYM,"2S,4R-4-METHYLGLUTAMATE",,其他候选,需确认,未进入使用审计,0,0,,结构可能合理，但单体身份、偶联条件或复杂度证据不足，暂不进入研发候选库,CCD未指定标准氨基酸母体,C6 H10 N O4,160.148,,NON-POLYMER,1,C[C@H](C[C@@H](C(=O)[O-])N)C(=O)O,https://www.rcsb.org/ligand/SYM,https://www.ebi.ac.uk/pdbe/static/files/pdbechem_v2/SYM_500.svg
暂缓,P2,T00,"N-[(2R,3S)-3-amino-2-hydroxy-4-phenylbutyl]-L-phenylalanine",,芳香/疏水侧链,需确认,未进入使用审计,0,0,,结构可能合理，但单体身份、偶联条件或复杂度证据不足，暂不进入研发候选库,分子量超过300 Da，需确认偶联、脱保护和总环肽体积负担；CCD未指定标准氨基酸母体,C19 H24 N2 O3,328.405,,peptide-like,1,c1ccc(cc1)C[C@@H]([C@@H](CN[C@@H](Cc2ccccc2)C(=O)O)O)N,https://www.rcsb.org/ligand/T00,https://www.ebi.ac.uk/pdbe/static/files/pdbechem_v2/T00_500.svg
优先深审,P2,T7H,3-({2-[(carboxymethyl)amino]ethyl}sulfanyl)propanoic acid,,其他候选,较可能,短聚合物序列命中,1,1,8DPY,结构筛选通过，且在不超过50残基的PDB聚合物序列中实际出现,CCD未指定标准氨基酸母体,C7 H13 N O4 S,207.247,,non-polymer,1,C(CSCCNCC(=O)O)C(=O)O,https://www.rcsb.org/ligand/T7H,https://www.ebi.ac.uk/pdbe/static/files/pdbechem_v2/T7H_500.svg
条件候选,P2,TB1,(3S)-3-(BENZYLOXY)-L-ASPARTIC ACID,"D,L-THREO-BENZYLOXYASPARTATE",其他候选,较可能,仅结构候选,0,0,,结构筛选通过，但目前只有结构层面的单体合理性，缺少实际肽使用证据,CCD未指定标准氨基酸母体,C11 H13 N O5,239.225,,NON-POLYMER,1,c1ccc(cc1)CO[C@@H]([C@@H](C(=O)O)N)C(=O)O,https://www.rcsb.org/ligand/TB1,https://www.ebi.ac.uk/pdbe/static/files/pdbechem_v2/TB1_500.svg
条件候选,P2,TBL,N-[(4-methoxyphenyl)sulfonyl]-D-alanine,(R)-2-(4-methoxyphenylsulfonamido)propanoic acid,D-构型,需确认,仅结构候选,0,0,,结构筛选通过，但目前只有结构层面的单体合理性，缺少实际肽使用证据,CCD未指定标准氨基酸母体,C10 H13 N O5 S,259.279,,NON-POLYMER,1,C[C@H](C(=O)O)NS(=O)(=O)c1ccc(cc1)OC,https://www.rcsb.org/ligand/TBL,https://www.ebi.ac.uk/pdbe/static/files/pdbechem_v2/TBL_500.svg
条件候选,P2,TF7,"(3S)-3-(dihydroxy-lambda~4~-sulfanyl)-4-(1H-1,2,3-triazol-1-yl)-D-valine",,D-构型,需确认,仅结构候选,0,0,,结构筛选通过，但目前只有结构层面的单体合理性，缺少实际肽使用证据,CCD未指定标准氨基酸母体,C7 H14 N4 O4 S,250.275,,NON-POLYMER,1,C[C@](Cn1ccnn1)([C@H](C(=O)O)N)S(O)O,https://www.rcsb.org/ligand/TF7,https://www.ebi.ac.uk/pdbe/static/files/pdbechem_v2/TF7_500.svg
优先深审,P2,TIG,N-(2-aminoethyl)-L-tryptophan,,其他候选,需确认,短聚合物序列命中,2,2,3O3D / 3O3E,结构筛选通过，且在不超过50残基的PDB聚合物序列中实际出现,CCD未指定标准氨基酸母体,C13 H17 N3 O2,247.293,,peptide-like,1,c1ccc2c(c1)c(c[nH]2)C[C@@H](C(=O)O)NCCN,https://www.rcsb.org/ligand/TIG,https://www.ebi.ac.uk/pdbe/static/files/pdbechem_v2/TIG_500.svg
条件候选,P2,TKI,"2-[(4,6-diethyl-1,3,5-triazin-2-yl)-methyl-amino]ethanoic acid","2-(N-methyl-N-(4,6-divinyl-1,3,5-triazin-2-yl)amino)acetic acid (precursor)",N-取代,较可能,仅结构候选,0,0,,结构筛选通过，但目前只有结构层面的单体合理性，缺少实际肽使用证据,CCD未指定标准氨基酸母体,C10 H16 N4 O2,224.26,,non-polymer,1,CCc1nc(nc(n1)N(C)CC(=O)O)CC,https://www.rcsb.org/ligand/TKI,https://www.ebi.ac.uk/pdbe/static/files/pdbechem_v2/TKI_500.svg
暂缓,P2,TNA,N-[(3S)-3-{[(3S)-3-amino-3-carboxypropyl]amino}-3-carboxypropyl]-L-glutamic acid,thermonicotianamine,其他候选,需确认,未进入使用审计,0,0,,结构可能合理，但单体身份、偶联条件或复杂度证据不足，暂不进入研发候选库,分子量超过300 Da，需确认偶联、脱保护和总环肽体积负担；杂原子较多，可能带来较高极性或多重保护需求；CCD未指定标准氨基酸母体,C13 H23 N3 O8,349.337,,NON-POLYMER,3,C(CC(=O)O)[C@@H](C(=O)O)NCC[C@@H](C(=O)O)NCC[C@@H](C(=O)O)N,https://www.rcsb.org/ligand/TNA,https://www.ebi.ac.uk/pdbe/static/files/pdbechem_v2/TNA_500.svg
条件候选,P2,TPR,TOSYL-D-PROLINE,,D-构型,需确认,仅结构候选,0,0,,结构筛选通过，但目前只有结构层面的单体合理性，缺少实际肽使用证据,CCD未指定标准氨基酸母体,C12 H15 N O4 S,269.317,,NON-POLYMER,1,Cc1ccc(cc1)S(=O)(=O)[N@]2CCC[C@@H]2C(=O)O,https://www.rcsb.org/ligand/TPR,https://www.ebi.ac.uk/pdbe/static/files/pdbechem_v2/TPR_500.svg
暂缓,P2,TPX,"(2S,3S)-3-FORMYL-2-({[(4-METHYLPHENYL)SULFONYL]AMINO}METHYL)PENTANOIC ACID",,芳香/疏水侧链,需确认,未进入使用审计,0,0,,结构可能合理，但单体身份、偶联条件或复杂度证据不足，暂不进入研发候选库,分子量超过300 Da，需确认偶联、脱保护和总环肽体积负担；CCD未指定标准氨基酸母体,C14 H19 N O5 S,313.369,,NON-POLYMER,2,CC[C@H](C=O)[C@@H](CNS(=O)(=O)c1ccc(cc1)C)C(=O)O,https://www.rcsb.org/ligand/TPX,https://www.ebi.ac.uk/pdbe/static/files/pdbechem_v2/TPX_500.svg
暂缓,P2,TPY,"(2S,3S)-3-FORMYL-2-({[(4-NITROPHENYL)SULFONYL]AMINO}METHYL)PENTANOIC ACID",,芳香/疏水侧链,需确认,未进入使用审计,0,0,,结构可能合理，但单体身份、偶联条件或复杂度证据不足，暂不进入研发候选库,分子量超过300 Da，需确认偶联、脱保护和总环肽体积负担；杂原子较多，可能带来较高极性或多重保护需求；CCD未指定标准氨基酸母体,C13 H16 N2 O7 S,344.34,,NON-POLYMER,2,CC[C@H](C=O)[C@@H](CNS(=O)(=O)c1ccc(cc1)[N+](=O)[O-])C(=O)O,https://www.rcsb.org/ligand/TPY,https://www.ebi.ac.uk/pdbe/static/files/pdbechem_v2/TPY_500.svg
优先深审,P2,TVA,"N-[(2R,3S)-3-amino-2-hydroxy-4-(thiophen-2-yl)butyl]-L-norvaline",,其他候选,需确认,短聚合物序列命中,1,1,4TRZ,结构筛选通过，且在不超过50残基的PDB聚合物序列中实际出现,CCD未指定标准氨基酸母体,C13 H22 N2 O3 S,286.39,,peptide-like,1,CCC[C@@H](C(=O)O)NC[C@H]([C@H](Cc1cccs1)N)O,https://www.rcsb.org/ligand/TVA,https://www.ebi.ac.uk/pdbe/static/files/pdbechem_v2/TVA_500.svg
暂缓,P2,TZG,(S)-2-amino-3-(2-(2-carboxyethyl)-5-chloro-4-nitrophenyl)propionic acid,,卤代/电子调节,需确认,未进入使用审计,0,0,,结构可能合理，但单体身份、偶联条件或复杂度证据不足，暂不进入研发候选库,分子量超过300 Da，需确认偶联、脱保护和总环肽体积负担；杂原子较多，可能带来较高极性或多重保护需求；CCD未指定标准氨基酸母体,C12 H13 Cl N2 O6,316.694,,NON-POLYMER,1,c1c(c(cc(c1[N+](=O)[O-])Cl)C[C@@H](C(=O)O)N)CCC(=O)O,https://www.rcsb.org/ligand/TZG,https://www.ebi.ac.uk/pdbe/static/files/pdbechem_v2/TZG_500.svg
条件候选,P2,U1K,(S)-2-AMINO-3-(3-HYDROXY-5-TERT-BUTYLISOTHIAZOL-4-YL) PROPRIONIC ACID,THIO-ATPA,其他候选,较可能,仅结构候选,0,0,,结构筛选通过，但目前只有结构层面的单体合理性，缺少实际肽使用证据,CCD未指定标准氨基酸母体,C10 H16 N2 O3 S,244.311,,NON-POLYMER,1,CC(C)(C)c1c(c(ns1)[O-])C[C@@H](C(=O)O)[NH3+],https://www.rcsb.org/ligand/U1K,https://www.ebi.ac.uk/pdbe/static/files/pdbechem_v2/U1K_500.svg
条件候选,P2,U8S,"3-[(2S)-2-hydroxy-2,3-dihydro-1H-imidazol-4-yl]-L-alanine",,其他候选,需确认,仅结构候选,0,0,,结构筛选通过，但目前只有结构层面的单体合理性，缺少实际肽使用证据,CCD未指定标准氨基酸母体,C6 H11 N3 O3,173.17,,non-polymer,1,C1=C(N[C@H](N1)O)C[C@@H](C(=O)O)N,https://www.rcsb.org/ligand/U8S,https://www.ebi.ac.uk/pdbe/static/files/pdbechem_v2/U8S_500.svg
暂缓,P2,UBP,"3-[3-(2-carboxyethyl)-2,4-dioxo-3,4-dihydropyrimidin-1(2H)-yl]-L-alanine","(S)-1-(2-amino-2-carboxyethyl)-3-(2-carboxyethyl)pyrimidine-2,4-dione",其他候选,需确认,未进入使用审计,0,0,,结构可能合理，但单体身份、偶联条件或复杂度证据不足，暂不进入研发候选库,杂原子较多，可能带来较高极性或多重保护需求；含预先形成的酰胺键，需确认主链氨基是否仍可偶联；CCD未指定标准氨基酸母体,C10 H13 N3 O6,271.227,,NON-POLYMER,1,C1=CN(C(=O)N(C1=O)CCC(=O)O)C[C@@H](C(=O)O)N,https://www.rcsb.org/ligand/UBP,https://www.ebi.ac.uk/pdbe/static/files/pdbechem_v2/UBP_500.svg
条件候选,P2,UCQ,(2~{S})-2-(dimethylamino)-3-(3-methylimidazol-4-yl)propanoic acid,,其他候选,较可能,仅结构候选,0,0,,结构筛选通过，但目前只有结构层面的单体合理性，缺少实际肽使用证据,CCD未指定标准氨基酸母体,C9 H15 N3 O2,197.234,,non-polymer,1,Cn1cncc1C[C@@H](C(=O)O)N(C)C,https://www.rcsb.org/ligand/UCQ,https://www.ebi.ac.uk/pdbe/static/files/pdbechem_v2/UCQ_500.svg
优先深审,P2,UQ4,"N-(7-nitro-2,1,3-benzoxadiazol-4-yl)-beta-alanine",,延长骨架,需确认,短聚合物序列命中,6,6,6X5I / 7T6E / 8DST / 9NEF / 9NEQ,结构筛选通过，且在不超过50残基的PDB聚合物序列中实际出现,CCD未指定标准氨基酸母体,C9 H8 N4 O5,252.184,,non-polymer,2,c1cc(c2c(c1NCCC(=O)O)non2)N(=O)=O,https://www.rcsb.org/ligand/UQ4,https://www.ebi.ac.uk/pdbe/static/files/pdbechem_v2/UQ4_500.svg
条件候选,P2,UV3,7-bromo-L-tryptophan,,卤代/电子调节,需确认,仅结构候选,0,0,,结构筛选通过，但目前只有结构层面的单体合理性，缺少实际肽使用证据,CCD未指定标准氨基酸母体,C11 H11 Br N2 O2,283.121,,non-polymer,1,c1cc2c(c[nH]c2c(c1)Br)C[C@@H](C(=O)O)N,https://www.rcsb.org/ligand/UV3,https://www.ebi.ac.uk/pdbe/static/files/pdbechem_v2/UV3_500.svg
条件候选,P2,V29,(3R)-3-(benzylamino)oxolane-3-carboxylic acid,,其他候选,较可能,仅结构候选,0,0,,结构筛选通过，但目前只有结构层面的单体合理性，缺少实际肽使用证据,CCD未指定标准氨基酸母体,C12 H15 N O3,221.252,,non-polymer,1,c1ccc(cc1)CN[C@@]2(CCOC2)C(=O)O,https://www.rcsb.org/ligand/V29,https://www.ebi.ac.uk/pdbe/static/files/pdbechem_v2/V29_500.svg
暂缓,P2,VBP,"4-({3-[(2R)-2-amino-2-carboxyethyl]-2,6-dioxo-3,6-dihydropyrimidin-1(2H)-yl}methyl)benzoic acid","(S)-1-(2-amino-2-carboxyethyl)-3-(4-carboxybenzyl)pyrimidine-2,4-dione",其他候选,需确认,未进入使用审计,0,0,,结构可能合理，但单体身份、偶联条件或复杂度证据不足，暂不进入研发候选库,分子量超过300 Da，需确认偶联、脱保护和总环肽体积负担；杂原子较多，可能带来较高极性或多重保护需求；CCD未指定标准氨基酸母体,C15 H15 N3 O6,333.296,,NON-POLYMER,1,c1cc(ccc1CN2C(=O)C=CN(C2=O)C[C@H](C(=O)O)N)C(=O)O,https://www.rcsb.org/ligand/VBP,https://www.ebi.ac.uk/pdbe/static/files/pdbechem_v2/VBP_500.svg
条件候选,P2,VIG,4-AMINO HEXANOIC ACID,,其他候选,需确认,仅结构候选,0,0,,结构筛选通过，但目前只有结构层面的单体合理性，缺少实际肽使用证据,CCD未指定标准氨基酸母体,C6 H13 N O2,131.173,,NON-POLYMER,3,CC[C@H](CCC(=O)O)N,https://www.rcsb.org/ligand/VIG,https://www.ebi.ac.uk/pdbe/static/files/pdbechem_v2/VIG_500.svg
条件候选,P2,VIO,N5-(1-IMINO-3-BUTENYL)-L-ORNITHINE,,其他候选,需确认,仅结构候选,0,0,,结构筛选通过，但目前只有结构层面的单体合理性，缺少实际肽使用证据,CCD未指定标准氨基酸母体,C9 H20 N3 O2,202.274,,NON-POLYMER,1,CCCC(=[NH2+])NCCC[C@@H](C(=O)O)N,https://www.rcsb.org/ligand/VIO,https://www.ebi.ac.uk/pdbe/static/files/pdbechem_v2/VIO_500.svg
条件候选,P2,VLS,"N-[1,3-dihydroxy-2-(hydroxymethyl)propan-2-yl]glycine",,其他候选,需确认,仅结构候选,0,0,,结构筛选通过，但目前只有结构层面的单体合理性，缺少实际肽使用证据,CCD未指定标准氨基酸母体,C6 H13 N O5,179.171,,non-polymer,1,C(C(=O)O)NC(CO)(CO)CO,https://www.rcsb.org/ligand/VLS,https://www.ebi.ac.uk/pdbe/static/files/pdbechem_v2/VLS_500.svg
条件候选,P2,VQ6,"(2R)-(cyclopropylamino)(2,6-difluorophenyl)acetic acid",,构象限制,较可能,仅结构候选,0,0,,结构筛选通过，但目前只有结构层面的单体合理性，缺少实际肽使用证据,CCD未指定标准氨基酸母体,C11 H11 F2 N O2,227.207,,non-polymer,1,c1cc(c(c(c1)F)[C@H](C(=O)O)NC2CC2)F,https://www.rcsb.org/ligand/VQ6,https://www.ebi.ac.uk/pdbe/static/files/pdbechem_v2/VQ6_500.svg
暂缓,P2,VUC,melphalan,(2~{S})-2-azanyl-3-[4-[bis(2-chloroethyl)amino]phenyl]propanoic acid,卤代/电子调节,需确认,未进入使用审计,0,0,,结构可能合理，但单体身份、偶联条件或复杂度证据不足，暂不进入研发候选库,分子量超过300 Da，需确认偶联、脱保护和总环肽体积负担；CCD未指定标准氨基酸母体,C13 H18 Cl2 N2 O2,305.2,,non-polymer,1,c1cc(ccc1C[C@@H](C(=O)O)N)N(CCCl)CCCl,https://www.rcsb.org/ligand/VUC,https://www.ebi.ac.uk/pdbe/static/files/pdbechem_v2/VUC_500.svg
条件候选,P2,VUR,(S)-2-AMINO-5-(2-MERCAPTOACETIMIDAMIDO)PENTANOIC ACID,,其他候选,较可能,仅结构候选,0,0,,结构筛选通过，但目前只有结构层面的单体合理性，缺少实际肽使用证据,CCD未指定标准氨基酸母体,C7 H15 N3 O2 S,205.278,,NON-POLYMER,1,[H]/N=C(\CS)/NCCC[C@@H](C(=O)O)N,https://www.rcsb.org/ligand/VUR,https://www.ebi.ac.uk/pdbe/static/files/pdbechem_v2/VUR_500.svg
条件候选,P2,VY9,(3R)-3-(2-hydroxy-2-oxoethylamino)decanoic acid,,其他候选,较可能,仅结构候选,0,0,,结构筛选通过，但目前只有结构层面的单体合理性，缺少实际肽使用证据,CCD未指定标准氨基酸母体,C12 H23 N O4,245.315,,non-polymer,2,CCCCCCC[C@H](CC(=O)O)NCC(=O)O,https://www.rcsb.org/ligand/VY9,https://www.ebi.ac.uk/pdbe/static/files/pdbechem_v2/VY9_500.svg
排除,P2,W05,DELTA-(L-ALPHA-AMINOADIPOYL)-L-CYSTEINYL-D-ALANINE,,D-构型,否,未进入使用审计,0,0,,名称明确为二肽/寡肽片段，不是单个氨基酸残基,分子量超过300 Da，需确认偶联、脱保护和总环肽体积负担；杂原子较多，可能带来较高极性或多重保护需求；CCD未指定标准氨基酸母体,C12 H21 N3 O6 S,335.377,,NON-POLYMER,1,C[C@H](C(=O)O)NC(=O)[C@H](CS)NC(=O)CCC[C@@H](C(=O)O)N,https://www.rcsb.org/ligand/W05,https://www.ebi.ac.uk/pdbe/static/files/pdbechem_v2/W05_500.svg
条件候选,P2,W1N,(3S)-3-amino-4-(2-fluorophenyl)butanoic acid,,卤代/电子调节,较可能,仅结构候选,0,0,,结构筛选通过，但目前只有结构层面的单体合理性，缺少实际肽使用证据,CCD未指定标准氨基酸母体,C10 H12 F N O2,197.206,,non-polymer,2,c1ccc(c(c1)C[C@@H](CC(=O)O)N)F,https://www.rcsb.org/ligand/W1N,https://www.ebi.ac.uk/pdbe/static/files/pdbechem_v2/W1N_500.svg
条件候选,P2,W5J,"N-methyl-N-7H-pyrrolo[2,3-d]pyrimidin-4-yl-beta-alanine",,N-取代,较可能,仅结构候选,0,0,,结构筛选通过，但目前只有结构层面的单体合理性，缺少实际肽使用证据,CCD未指定标准氨基酸母体,C10 H12 N4 O2,220.228,,non-polymer,2,CN(CCC(=O)O)c1c2cc[nH]c2ncn1,https://www.rcsb.org/ligand/W5J,https://www.ebi.ac.uk/pdbe/static/files/pdbechem_v2/W5J_500.svg
优先深审,P2,WEH,L-Homoglutamine,"(2~{S})-2,6-bis(azanyl)-6-oxidanylidene-hexanoic acid",其他候选,需确认,短聚合物序列命中,2,2,8WM0 / 9U2V,结构筛选通过，且在不超过50残基的PDB聚合物序列中实际出现,含预先形成的酰胺键，需确认主链氨基是否仍可偶联；CCD未指定标准氨基酸母体,C6 H12 N2 O3,160.171,,non-polymer,1,C(C[C@@H](C(=O)O)N)CC(=O)N,https://www.rcsb.org/ligand/WEH,https://www.ebi.ac.uk/pdbe/static/files/pdbechem_v2/WEH_500.svg
优先深审,P2,WGB,N-methyl-4-nitro-L-phenylalanine,,N-取代,较可能,短聚合物序列命中,1,1,8WM0,结构筛选通过，且在不超过50残基的PDB聚合物序列中实际出现,CCD未指定标准氨基酸母体,C10 H12 N2 O4,224.213,,non-polymer,1,CN[C@@H](Cc1ccc(cc1)[N+](=O)[O-])C(=O)O,https://www.rcsb.org/ligand/WGB,https://www.ebi.ac.uk/pdbe/static/files/pdbechem_v2/WGB_500.svg
暂缓,P2,WI2,1-[3-amino-6-(3-methoxyphenyl)pyrazin-2-yl]piperidine-4-carboxylic acid,,芳香/疏水侧链,需确认,未进入使用审计,0,0,,结构可能合理，但单体身份、偶联条件或复杂度证据不足，暂不进入研发候选库,分子量超过300 Da，需确认偶联、脱保护和总环肽体积负担；CCD未指定标准氨基酸母体,C17 H20 N4 O3,328.366,,non-polymer,3,COc1cccc(c1)c2cnc(c(n2)N3CCC(CC3)C(=O)O)N,https://www.rcsb.org/ligand/WI2,https://www.ebi.ac.uk/pdbe/static/files/pdbechem_v2/WI2_500.svg
暂缓,P2,WQF,(2S)-2-[({3-hydroxy-2-methyl-5-[(phosphonooxy)methyl]pyridin-4-yl}methyl)amino]but-3-enoic acid,,芳香/疏水侧链,需确认,未进入使用审计,0,0,,结构可能合理，但单体身份、偶联条件或复杂度证据不足，暂不进入研发候选库,分子量超过300 Da，需确认偶联、脱保护和总环肽体积负担；杂原子较多，可能带来较高极性或多重保护需求；含磷酸/膦酸相关结构，通常不利于被动跨膜；CCD未指定标准氨基酸母体,C12 H17 N2 O7 P,332.246,,non-polymer,1,Cc1c(c(c(cn1)COP(=O)(O)O)CN[C@@H](C=C)C(=O)O)O,https://www.rcsb.org/ligand/WQF,https://www.ebi.ac.uk/pdbe/static/files/pdbechem_v2/WQF_500.svg
条件候选,P2,WT2,(S)-2-AMINO-5-(2-OXOACETIMIDAMIDO)PENTANOIC ACID,,其他候选,较可能,仅结构候选,0,0,,结构筛选通过，但目前只有结构层面的单体合理性，缺少实际肽使用证据,CCD未指定标准氨基酸母体,C7 H13 N3 O3,187.196,,non-polymer,1,C(C[C@@H](C(=O)O)N)CNC(=N)C=O,https://www.rcsb.org/ligand/WT2,https://www.ebi.ac.uk/pdbe/static/files/pdbechem_v2/WT2_500.svg
暂缓,P2,WVM,(8S)-8-fluoro-6-(6-{[(2R)-2-hydroxypropyl]amino}pyrimidin-4-yl)-6-azaspiro[3.4]octane-8-carboxylic acid,,卤代/电子调节,需确认,未进入使用审计,0,0,,结构可能合理，但单体身份、偶联条件或复杂度证据不足，暂不进入研发候选库,分子量超过300 Da，需确认偶联、脱保护和总环肽体积负担；CCD未指定标准氨基酸母体,C15 H21 F N4 O3,324.351,,non-polymer,2,C[C@H](CNc1cc(ncn1)N2C[C@@](C3(C2)CCC3)(C(=O)O)F)O,https://www.rcsb.org/ligand/WVM,https://www.ebi.ac.uk/pdbe/static/files/pdbechem_v2/WVM_500.svg
暂缓,P2,X2O,"(2R)-2-AMINO-3-[(2R)-2-METHYL-1,1-DIPHENYL-BUTYL]SULFANYL-PROPANOIC ACID","S-[(2R)-2-METHYL-1,1-DIPHENYLBUTYL]-L-CYSTEINE",芳香/疏水侧链,需确认,未进入使用审计,0,0,,结构可能合理，但单体身份、偶联条件或复杂度证据不足，暂不进入研发候选库,分子量超过300 Da，需确认偶联、脱保护和总环肽体积负担；CCD未指定标准氨基酸母体,C20 H25 N O2 S,343.483,,non-polymer,1,CC[C@@H](C)C(c1ccccc1)(c2ccccc2)SC[C@@H](C(=O)O)N,https://www.rcsb.org/ligand/X2O,https://www.ebi.ac.uk/pdbe/static/files/pdbechem_v2/X2O_500.svg
条件候选,P2,X7O,5-AMINO-3-METHYL-PYRROLIDINE-2-CARBOXYLIC ACID,,其他候选,较可能,仅结构候选,0,0,,结构筛选通过，但目前只有结构层面的单体合理性，缺少实际肽使用证据,CCD未指定标准氨基酸母体,C6 H12 N2 O2,144.172,,NON-POLYMER,1,C[C@@H]1C[C@@H](N[C@H]1C(=O)O)N,https://www.rcsb.org/ligand/X7O,https://www.ebi.ac.uk/pdbe/static/files/pdbechem_v2/X7O_500.svg
优先深审,P2,XCP,"(1S,2S)-2-aminocyclopentanecarboxylic acid",,构象限制,较可能,短聚合物序列命中,49,45,25NV / 25NX / 3C3H / 3F4Z / 3F50,结构筛选通过，且在不超过50残基的PDB聚合物序列中实际出现,CCD未指定标准氨基酸母体,C6 H11 N O2,129.157,,peptide-like,2,C1C[C@@H]([C@H](C1)N)C(=O)O,https://www.rcsb.org/ligand/XCP,https://www.ebi.ac.uk/pdbe/static/files/pdbechem_v2/XCP_500.svg
条件候选,P2,XD1,"(2R,4S)-2-[(1R)-1-amino-2-oxoethyl]-5,5-dimethyl-1,3-thiazolidine-4-carboxylic acid","6-aminopenicillian, bound form",其他候选,较可能,仅结构候选,0,0,,结构筛选通过，但目前只有结构层面的单体合理性，缺少实际肽使用证据,CCD未指定标准氨基酸母体,C8 H14 N2 O3 S,218.273,,NON-POLYMER,1,CC1([C@@H](N[C@H](S1)[C@@H](C=O)N)C(=O)O)C,https://www.rcsb.org/ligand/XD1,https://www.ebi.ac.uk/pdbe/static/files/pdbechem_v2/XD1_500.svg
条件候选,P2,XDC,Phosphocreatine,N-methyl-N-(N'-phosphonocarbamimidoyl)glycine,N-取代,需确认,仅结构候选,0,0,,结构筛选通过，但目前只有结构层面的单体合理性，缺少实际肽使用证据,含磷酸/膦酸相关结构，通常不利于被动跨膜；CCD未指定标准氨基酸母体,C4 H10 N3 O5 P,211.113,,non-polymer,1,CN(CC(=O)O)C(=NP(=O)(O)O)N,https://www.rcsb.org/ligand/XDC,https://www.ebi.ac.uk/pdbe/static/files/pdbechem_v2/XDC_500.svg
优先深审,P2,XPC,"(3S,4R)-4-aminopyrrolidine-3-carboxylic acid","(3R,4S)-3-Aminopyrrolidine-4-carboxylic acid",其他候选,较可能,短聚合物序列命中,19,19,3C3H / 3F4Z / 3F50 / 3FDM / 3G7A,结构筛选通过，且在不超过50残基的PDB聚合物序列中实际出现,CCD未指定标准氨基酸母体,C5 H10 N2 O2,130.145,,peptide-like,2,C1[C@@H]([C@H](CN1)N)C(=O)O,https://www.rcsb.org/ligand/XPC,https://www.ebi.ac.uk/pdbe/static/files/pdbechem_v2/XPC_500.svg
条件候选,P2,XSA,(2R)-2-[(2-aminoethyl)amino]-4-boronobutanoic acid,,其他候选,较可能,仅结构候选,0,0,,结构筛选通过，但目前只有结构层面的单体合理性，缺少实际肽使用证据,CCD未指定标准氨基酸母体,C6 H15 B N2 O4,190.005,,non-polymer,1,B(CC[C@H](C(=O)O)NCCN)(O)O,https://www.rcsb.org/ligand/XSA,https://www.ebi.ac.uk/pdbe/static/files/pdbechem_v2/XSA_500.svg
条件候选,P2,XSM,(2R)-4-borono-2-{[(1H-imidazol-4-yl)methyl]amino}butanoic acid,,其他候选,较可能,仅结构候选,0,0,,结构筛选通过，但目前只有结构层面的单体合理性，缺少实际肽使用证据,CCD未指定标准氨基酸母体,C8 H14 B N3 O4,227.025,,non-polymer,1,B(CC[C@H](C(=O)O)NCc1c[nH]cn1)(O)O,https://www.rcsb.org/ligand/XSM,https://www.ebi.ac.uk/pdbe/static/files/pdbechem_v2/XSM_500.svg
条件候选,P2,XU7,(2S)-2-amino-4-boronobutanoic acid,,其他候选,较可能,仅结构候选,0,0,,结构筛选通过，但目前只有结构层面的单体合理性，缺少实际肽使用证据,CCD未指定标准氨基酸母体,C4 H10 B N O4,146.937,,non-polymer,1,B(CCC(C(=O)O)N)(O)O,https://www.rcsb.org/ligand/XU7,https://www.ebi.ac.uk/pdbe/static/files/pdbechem_v2/XU7_500.svg
条件候选,P2,XUJ,(2R)-2-amino-4-boronobutanoic acid,,其他候选,较可能,仅结构候选,0,0,,结构筛选通过，但目前只有结构层面的单体合理性，缺少实际肽使用证据,CCD未指定标准氨基酸母体,C4 H10 B N O4,146.937,,non-polymer,1,B(CC[C@H](C(=O)O)N)(O)O,https://www.rcsb.org/ligand/XUJ,https://www.ebi.ac.uk/pdbe/static/files/pdbechem_v2/XUJ_500.svg
优先深审,P2,XZP,"(1R,2R)-2-aminocyclopentane-1-carboxylic acid",,构象限制,较可能,短聚合物序列命中,1,1,5VTI,结构筛选通过，且在不超过50残基的PDB聚合物序列中实际出现,CCD未指定标准氨基酸母体,C6 H11 N O2,129.157,,NON-POLYMER,2,C1C[C@H]([C@@H](C1)N)C(=O)O,https://www.rcsb.org/ligand/XZP,https://www.ebi.ac.uk/pdbe/static/files/pdbechem_v2/XZP_500.svg
优先深审,P2,Y1Y,"3-amino-2,3-dideoxy-5-O-(5-methylthiophene-2-carbonyl)-D-erythro-pentonic acid",,D-构型,需确认,短聚合物序列命中,1,1,6X8H,结构筛选通过，且在不超过50残基的PDB聚合物序列中实际出现,CCD未指定标准氨基酸母体,C11 H15 N O5 S,273.306,,non-polymer,2,Cc1ccc(s1)C(=O)OC[C@H]([C@H](CC(=O)O)N)O,https://www.rcsb.org/ligand/Y1Y,https://www.ebi.ac.uk/pdbe/static/files/pdbechem_v2/Y1Y_500.svg
优先深审,P2,Y2Y,"(3S,4R)-3-amino-4-hydroxyheptanedioic acid",,其他候选,需确认,短聚合物序列命中,4,4,6X8I / 6X8J / 6X8K / 6X8L,结构筛选通过，且在不超过50残基的PDB聚合物序列中实际出现,CCD未指定标准氨基酸母体,C7 H13 N O5,191.182,,non-polymer,4,C(CC(=O)O)[C@H]([C@H](CC(=O)O)N)O,https://www.rcsb.org/ligand/Y2Y,https://www.ebi.ac.uk/pdbe/static/files/pdbechem_v2/Y2Y_500.svg
条件候选,P2,YL0,(4R)-4-chloro-L-lysine,,卤代/电子调节,较可能,仅结构候选,0,0,,结构筛选通过，但目前只有结构层面的单体合理性，缺少实际肽使用证据,CCD未指定标准氨基酸母体,C6 H13 Cl N2 O2,180.633,,non-polymer,1,C(CN)[C@H](C[C@@H](C(=O)O)N)Cl,https://www.rcsb.org/ligand/YL0,https://www.ebi.ac.uk/pdbe/static/files/pdbechem_v2/YL0_500.svg
暂缓,P2,Z98,(2S)-2-amino-4-{[(1Z)-{3-hydroxy-2-methyl-5-[(phosphonooxy)methyl]pyridin-4-yl}methylidene]amino}butanoic acid,,芳香/疏水侧链,需确认,未进入使用审计,0,0,,结构可能合理，但单体身份、偶联条件或复杂度证据不足，暂不进入研发候选库,分子量超过300 Da，需确认偶联、脱保护和总环肽体积负担；杂原子较多，可能带来较高极性或多重保护需求；含磷酸/膦酸相关结构，通常不利于被动跨膜；CCD未指定标准氨基酸母体,C12 H18 N3 O7 P,347.261,,NON-POLYMER,1,Cc1c(c(c(cn1)COP(=O)(O)O)/C=N\CC[C@@H](C(=O)O)N)O,https://www.rcsb.org/ligand/Z98,https://www.ebi.ac.uk/pdbe/static/files/pdbechem_v2/Z98_500.svg
条件候选,P2,ZDP,"(2S,6S)-2,6-DIAMINO-2-METHYLHEPTANEDIOIC ACID",,其他候选,较可能,仅结构候选,0,0,,结构筛选通过，但目前只有结构层面的单体合理性，缺少实际肽使用证据,CCD未指定标准氨基酸母体,C8 H16 N2 O4,204.224,,NON-POLYMER,1,C[C@](CCC[C@@H](C(=O)O)N)(C(=O)O)N,https://www.rcsb.org/ligand/ZDP,https://www.ebi.ac.uk/pdbe/static/files/pdbechem_v2/ZDP_500.svg
条件候选,P2,ZDR,"(2R,6S)-2,6-DIAMINO-2-METHYLHEPTANEDIOIC ACID",,其他候选,较可能,仅结构候选,0,0,,结构筛选通过，但目前只有结构层面的单体合理性，缺少实际肽使用证据,CCD未指定标准氨基酸母体,C8 H16 N2 O4,204.224,,NON-POLYMER,1,C[C@@](CCC[C@@H](C(=O)O)N)(C(=O)O)N,https://www.rcsb.org/ligand/ZDR,https://www.ebi.ac.uk/pdbe/static/files/pdbechem_v2/ZDR_500.svg
优先深审,P2,ZS8,(2S)-2-amino-2-methyldec-8-ynoic acid,,其他候选,较可能,短聚合物序列命中,1,1,5J31,结构筛选通过，且在不超过50残基的PDB聚合物序列中实际出现,CCD未指定标准氨基酸母体,C11 H19 N O2,197.274,,NON-POLYMER,1,CC#CCCCCC[C@@](C)(C(=O)O)N,https://www.rcsb.org/ligand/ZS8,https://www.ebi.ac.uk/pdbe/static/files/pdbechem_v2/ZS8_500.svg
排除,P3,00I,N-[(1R)-1-(4-carbamimidoylbenzyl)-2-oxo-2-piperidin-1-ylethyl]-N~2~-(naphthalen-2-ylsulfonyl)-L-alpha-glutamine,,芳香/疏水侧链,否,未进入使用审计,0,0,,分子量超过500 Da，优先判断为复杂整分子,分子量超过300 Da，需确认偶联、脱保护和总环肽体积负担；杂原子较多，可能带来较高极性或多重保护需求；含预先形成的酰胺键，需确认主链氨基是否仍可偶联；CCD未指定标准氨基酸母体,C30 H35 N5 O6 S,593.694,,peptide-like,3,[H]/N=C(\c1ccc(cc1)C[C@H](C(=O)N2CCCCC2)NC(=O)[C@H](CCC(=O)O)NS(=O)(=O)c3ccc4ccccc4c3)/N,https://www.rcsb.org/ligand/00I,https://www.ebi.ac.uk/pdbe/static/files/pdbechem_v2/00I_500.svg
暂缓,P3,01J,N-[(S)-hydroxy(morpholin-4-yl)methyl]-beta-phenyl-D-phenylalanine,,D-构型,需确认,未进入使用审计,0,0,,结构可能合理，但单体身份、偶联条件或复杂度证据不足，暂不进入研发候选库,分子量超过300 Da，需确认偶联、脱保护和总环肽体积负担；CCD未指定标准氨基酸母体,C20 H24 N2 O4,356.416,,peptide-like,1,c1ccc(cc1)C(c2ccccc2)[C@H](C(=O)O)N[C@@H](N3CCOCC3)O,https://www.rcsb.org/ligand/01J,https://www.ebi.ac.uk/pdbe/static/files/pdbechem_v2/01J_500.svg
暂缓,P3,01M,(3S)-1-carbamimidoylpiperidine-3-carboxylic acid,,其他候选,需确认,未进入使用审计,0,0,,结构可能合理，但单体身份、偶联条件或复杂度证据不足，暂不进入研发候选库,CCD未指定标准氨基酸母体,C7 H13 N3 O2,171.197,,peptide-like,2,[H]/N=C(\N)/N1CCC[C@@H](C1)C(=O)O,https://www.rcsb.org/ligand/01M,https://www.ebi.ac.uk/pdbe/static/files/pdbechem_v2/01M_500.svg
排除,P3,051,"(1R,3R,4S)-4-[({6-[(4-CYANO-2-FLUOROBENZYL)OXY]NAPHTHALEN-2-YL}SULFONYL)AMINO]CYCLOHEXANE-1,3-DICARBOXYLIC ACID",,构象限制,否,未进入使用审计,0,0,,分子量超过500 Da，优先判断为复杂整分子,分子量超过300 Da，需确认偶联、脱保护和总环肽体积负担；杂原子较多，可能带来较高极性或多重保护需求；CCD未指定标准氨基酸母体,C26 H23 F N2 O7 S,526.533,,non-polymer,2,c1cc(c(cc1C#N)F)COc2ccc3cc(ccc3c2)S(=O)(=O)N[C@H]4CC[C@H](C[C@H]4C(=O)O)C(=O)O,https://www.rcsb.org/ligand/051,https://www.ebi.ac.uk/pdbe/static/files/pdbechem_v2/051_500.svg
暂缓,P3,0A4,"(2R)-2-{(R)-carboxy[(thiophen-2-ylacetyl)amino]methyl}-5-methylidene-5,6-dihydro-2H-1,3-thiazine-4-carboxylic acid",,其他候选,需确认,未进入使用审计,0,0,,结构可能合理，但单体身份、偶联条件或复杂度证据不足，暂不进入研发候选库,分子量超过300 Da，需确认偶联、脱保护和总环肽体积负担；CCD未指定标准氨基酸母体,C14 H14 N2 O5 S2,354.401,,NON-POLYMER,2,C=C1CS[C@@H](N=C1C(=O)O)[C@@H](C(=O)O)NC(=O)Cc2cccs2,https://www.rcsb.org/ligand/0A4,https://www.ebi.ac.uk/pdbe/static/files/pdbechem_v2/0A4_500.svg
排除,P3,0GE,"N-{[5-(dimethylamino)naphthalen-1-yl]sulfonyl}-L-alpha-glutamyl-N-[(2S,3S)-6-carbamimidamido-1-chloro-2-hydroxyhexan-3-yl]glycinamide","1,5-DANSYL-GLU-GLY-ARG-CHLOROMETHYL KETONE, bound form",卤代/电子调节,否,未进入使用审计,0,0,,分子量超过500 Da，优先判断为复杂整分子,分子量超过300 Da，需确认偶联、脱保护和总环肽体积负担；杂原子较多，可能带来较高极性或多重保护需求；CCD未指定标准氨基酸母体,C26 H38 Cl N7 O7 S,628.141,,peptide-like,3,[H]/N=C(\\N)/NCCCC(C(CCl)O)NC(=O)CNC(=O)C(CCC(=O)O)NS(=O)(=O)c1cccc2c1cccc2N(C)C,https://www.rcsb.org/ligand/0GE,https://www.ebi.ac.uk/pdbe/static/files/pdbechem_v2/0GE_500.svg
暂缓,P3,0GJ,L-alpha-glutamyl-N-{(1S)-4-{[amino(iminio)methyl]amino}-1-[(1S)-2-chloro-1-hydroxyethyl]butyl}glycinamide,,卤代/电子调节,需确认,未进入使用审计,0,0,,结构可能合理，但单体身份、偶联条件或复杂度证据不足，暂不进入研发候选库,分子量超过300 Da，需确认偶联、脱保护和总环肽体积负担；杂原子较多，可能带来较高极性或多重保护需求；CCD未指定标准氨基酸母体,C14 H28 Cl N6 O5,395.862,,peptide-like,3,C(C[C@@H]([C@@H](CCl)O)NC(=O)CNC(=O)[C@H](CCC(=O)O)N)CNC(=[NH2+])N,https://www.rcsb.org/ligand/0GJ,https://www.ebi.ac.uk/pdbe/static/files/pdbechem_v2/0GJ_500.svg
排除,P3,0HG,N-[(4S)-4-ammonio-4-carboxybutanoyl]-S-(4-bromobenzyl)-L-cysteinylglycine,S-(p-bromobenzyl)-glutathione,卤代/电子调节,否,未进入使用审计,0,0,,名称提示核苷酸、辅因子或整分子缀合物,分子量超过300 Da，需确认偶联、脱保护和总环肽体积负担；杂原子较多，可能带来较高极性或多重保护需求；含预先形成的酰胺键，需确认主链氨基是否仍可偶联；CCD未指定标准氨基酸母体,C17 H23 Br N3 O6 S,477.35,,peptide-like,1,c1cc(ccc1CSC[C@@H](C(=O)NCC(=O)O)NC(=O)CC[C@@H](C(=O)O)[NH3+])Br,https://www.rcsb.org/ligand/0HG,https://www.ebi.ac.uk/pdbe/static/files/pdbechem_v2/0HG_500.svg
暂缓,P3,0HH,L-gamma-glutamyl-S-nonyl-L-cysteinylglycine,,延长骨架,需确认,未进入使用审计,0,0,,结构可能合理，但单体身份、偶联条件或复杂度证据不足，暂不进入研发候选库,分子量超过300 Da，需确认偶联、脱保护和总环肽体积负担；杂原子较多，可能带来较高极性或多重保护需求；含预先形成的酰胺键，需确认主链氨基是否仍可偶联；CCD未指定标准氨基酸母体,C19 H35 N3 O6 S,433.563,,peptide-like,1,CCCCCCCCCSC[C@@H](C(=O)NCC(=O)O)NC(=O)CC[C@@H](C(=O)O)N,https://www.rcsb.org/ligand/0HH,https://www.ebi.ac.uk/pdbe/static/files/pdbechem_v2/0HH_500.svg
暂缓,P3,0IZ,"3-[(2~{S},3~{R},4~{R})-4-[[(2~{S})-2-azanyl-3-methyl-butanoyl]amino]-2-carboxy-pyrrolidin-3-yl]propyl-$l^{3}-oxidanyl-bis(oxidanyl)boron",,其他候选,需确认,未进入使用审计,0,0,,结构可能合理，但单体身份、偶联条件或复杂度证据不足，暂不进入研发候选库,分子量超过300 Da，需确认偶联、脱保护和总环肽体积负担；杂原子较多，可能带来较高极性或多重保护需求；CCD未指定标准氨基酸母体,C13 H27 B N3 O6,332.181,,non-polymer,1,[B-](CCC[C@@H]1[C@H](CN[C@@H]1C(=O)O)NC(=O)[C@H](C(C)C)N)(O)(O)O,https://www.rcsb.org/ligand/0IZ,https://www.ebi.ac.uk/pdbe/static/files/pdbechem_v2/0IZ_500.svg
暂缓,P3,0JM,"(2S,5R,6R,7R)-6-{[(2R)-2-carboxy-2-phenylacetyl]amino}-7-hydroxy-3,3-dimethyl-4-thia-1-azabicyclo[3.2.0]heptane-2-carbo xylic acid",Carbenicillin,芳香/疏水侧链,需确认,未进入使用审计,0,0,,结构可能合理，但单体身份、偶联条件或复杂度证据不足，暂不进入研发候选库,分子量超过300 Da，需确认偶联、脱保护和总环肽体积负担；杂原子较多，可能带来较高极性或多重保护需求；CCD未指定标准氨基酸母体,C17 H20 N2 O6 S,380.416,,NON-POLYMER,1,CC1([C@@H](N2[C@@H]([C@H]([C@H]2S1)NC(=O)[C@@H](c3ccccc3)C(=O)O)O)C(=O)O)C,https://www.rcsb.org/ligand/0JM,https://www.ebi.ac.uk/pdbe/static/files/pdbechem_v2/0JM_500.svg
暂缓,P3,0MG,amino{[(4S)-4-amino-5-carboxy-5-oxopentyl]amino}methaniminium,,其他候选,需确认,未进入使用审计,0,0,,结构可能合理，但单体身份、偶联条件或复杂度证据不足，暂不进入研发候选库,CCD未指定标准氨基酸母体,C7 H15 N4 O3,203.219,,peptide-like,2,C(C[C@@H](C(=O)C(=O)O)N)CNC(=[NH2+])N,https://www.rcsb.org/ligand/0MG,https://www.ebi.ac.uk/pdbe/static/files/pdbechem_v2/0MG_500.svg
暂缓,P3,0N9,"5-hydroxy-2-(1-methyl-1H-imidazol-4-yl)-6-oxo-1,6-dihydropyrimidine-4-carboxylic acid",,其他候选,需确认,未进入使用审计,0,0,,结构可能合理，但单体身份、偶联条件或复杂度证据不足，暂不进入研发候选库,含预先形成的酰胺键，需确认主链氨基是否仍可偶联；CCD未指定标准氨基酸母体,C9 H8 N4 O4,236.184,,NON-POLYMER,1,Cn1cc(nc1)C2=NC(=C(C(=O)N2)O)C(=O)O,https://www.rcsb.org/ligand/0N9,https://www.ebi.ac.uk/pdbe/static/files/pdbechem_v2/0N9_500.svg
暂缓,P3,0RM,"(2R,4S)-2-{(R)-carboxy[(2,6-dimethoxybenzoyl)amino]methyl}-5,5-dimethyl-1,3-thiazolidine-4-carboxylic acid","METHICILLIN, hydroxylated form",其他候选,需确认,未进入使用审计,0,0,,结构可能合理，但单体身份、偶联条件或复杂度证据不足，暂不进入研发候选库,分子量超过300 Da，需确认偶联、脱保护和总环肽体积负担；杂原子较多，可能带来较高极性或多重保护需求；CCD未指定标准氨基酸母体,C17 H22 N2 O7 S,398.431,,NON-POLYMER,2,CC1([C@@H](N[C@H](S1)[C@@H](C(=O)O)NC(=O)c2c(cccc2OC)OC)C(=O)O)C,https://www.rcsb.org/ligand/0RM,https://www.ebi.ac.uk/pdbe/static/files/pdbechem_v2/0RM_500.svg
暂缓,P3,0RV,"(2S)-2-[(1S,2R)-1-carboxy-2-hydroxypropyl]-4-{[(3S,5S)-5-(dimethylcarbamoyl)pyrrolidin-3-yl]sulfanyl}-3-methyl-2H-pyrro le-5-carboxylic acid","Meropenem, hydroxylated form",其他候选,需确认,未进入使用审计,0,0,,结构可能合理，但单体身份、偶联条件或复杂度证据不足，暂不进入研发候选库,分子量超过300 Da，需确认偶联、脱保护和总环肽体积负担；杂原子较多，可能带来较高极性或多重保护需求；含预先形成的酰胺键，需确认主链氨基是否仍可偶联；CCD未指定标准氨基酸母体,C17 H25 N3 O6 S,399.462,,NON-POLYMER,2,CC1=C(C(=N[C@H]1[C@@H]([C@@H](C)O)C(=O)O)C(=O)O)S[C@H]2C[C@H](NC2)C(=O)N(C)C,https://www.rcsb.org/ligand/0RV,https://www.ebi.ac.uk/pdbe/static/files/pdbechem_v2/0RV_500.svg
暂缓,P3,0SL,(3R)-1-(naphthalen-2-ylsulfonyl)piperidine-3-carboxylic acid,,芳香/疏水侧链,需确认,未进入使用审计,0,0,,结构可能合理，但单体身份、偶联条件或复杂度证据不足，暂不进入研发候选库,分子量超过300 Da，需确认偶联、脱保护和总环肽体积负担；CCD未指定标准氨基酸母体,C16 H17 N O4 S,319.375,,NON-POLYMER,2,c1ccc2cc(ccc2c1)S(=O)(=O)N3CCC[C@H](C3)C(=O)O,https://www.rcsb.org/ligand/0SL,https://www.ebi.ac.uk/pdbe/static/files/pdbechem_v2/0SL_500.svg
排除,P3,0UK,"3-[(1R,2R,3R,5R,6S,7R,9Z,12S,13S,14Z,17S,18S,19R)-2,13,18-tris(2-hydroxy-2-oxoethyl)-3,12,17-tris(3-hydroxy-3-oxopropyl)-3,5,8,8,13,15,18,19-octamethyl-1,2,5,6,7,12,17,22-octahydrocorrin-7-yl]propanoic acid",,其他候选,否,未进入使用审计,0,0,,分子量超过500 Da，优先判断为复杂整分子,分子量超过300 Da，需确认偶联、脱保护和总环肽体积负担；杂原子较多，可能带来较高极性或多重保护需求；CCD未指定标准氨基酸母体,C45 H62 N4 O14,882.992,,NON-POLYMER,3,C[C@@H]1[C@@H]2[C@@H](C(/C(=C/C3=N/C(=C(\C4=N[C@@]([C@H]5[C@@H]([C@@](C1=N5)(C)CCC(=O)O)CC(=O)O)([C@@]([C@@H]4CCC(=O)O)(C)CC(=O)O)C)/C)/[C@@]([C@@H]3CCC(=O)O)(C)CC(=O)O)/N2)(C)C)CCC(=O)O,https://www.rcsb.org/ligand/0UK,https://www.ebi.ac.uk/pdbe/static/files/pdbechem_v2/0UK_500.svg
暂缓,P3,0UM,"(2S,5S)-2-amino-6-[(2R,3S,4R,5R)-5-(6-amino-9H-purin-9-yl)-3,4-dihydroxytetrahydrofuran-2-yl]-5-(propylamino)hexanoic acid",,其他候选,需确认,未进入使用审计,0,0,,结构可能合理，但单体身份、偶联条件或复杂度证据不足，暂不进入研发候选库,分子量超过300 Da，需确认偶联、脱保护和总环肽体积负担；杂原子较多，可能带来较高极性或多重保护需求；CCD未指定标准氨基酸母体,C18 H29 N7 O5,423.467,,NON-POLYMER,1,CCCN[C@@H](CC[C@@H](C(=O)O)N)C[C@@H]1[C@H]([C@H]([C@@H](O1)n2cnc3c2ncnc3N)O)O,https://www.rcsb.org/ligand/0UM,https://www.ebi.ac.uk/pdbe/static/files/pdbechem_v2/0UM_500.svg
暂缓,P3,0VS,"L-gamma-glutamyl-S-(3-methyl-1,4-dioxo-1,4-dihydronaphthalen-2-yl)-L-cysteinylglycine",,芳香/疏水侧链,需确认,未进入使用审计,0,0,,结构可能合理，但单体身份、偶联条件或复杂度证据不足，暂不进入研发候选库,分子量超过300 Da，需确认偶联、脱保护和总环肽体积负担；杂原子较多，可能带来较高极性或多重保护需求；含预先形成的酰胺键，需确认主链氨基是否仍可偶联；CCD未指定标准氨基酸母体,C21 H23 N3 O8 S,477.488,,NON-POLYMER,1,CC1=C(C(=O)c2ccccc2C1=O)SC[C@@H](C(=O)NCC(=O)O)NC(=O)CC[C@@H](C(=O)O)N,https://www.rcsb.org/ligand/0VS,https://www.ebi.ac.uk/pdbe/static/files/pdbechem_v2/0VS_500.svg
暂缓,P3,0WO,"(2R,4S)-2-[(R)-carboxy{[(5-methyl-3-phenyl-1,2-oxazol-4-yl)carbonyl]amino}methyl]-5,5-dimethyl-1,3-thiazolidine-4-carbo xylic acid","Oxacillin, hydroxylated form",芳香/疏水侧链,需确认,未进入使用审计,0,0,,结构可能合理，但单体身份、偶联条件或复杂度证据不足，暂不进入研发候选库,分子量超过300 Da，需确认偶联、脱保护和总环肽体积负担；杂原子较多，可能带来较高极性或多重保护需求；含预先形成的酰胺键，需确认主链氨基是否仍可偶联；CCD未指定标准氨基酸母体,C19 H21 N3 O6 S,419.452,,NON-POLYMER,1,Cc1c(c(no1)c2ccccc2)C(=O)N[C@@H]([C@@H]3N[C@H](C(S3)(C)C)C(=O)O)C(=O)O,https://www.rcsb.org/ligand/0WO,https://www.ebi.ac.uk/pdbe/static/files/pdbechem_v2/0WO_500.svg
暂缓,P3,0XU,"(2S,5S,6E)-2,5-diamino-6-[(3S,4R,5R)-5-(6-amino-9H-purin-9-yl)-3,4-dihydroxydihydrofuran-2(3H)-ylidene]hexanoic acid",,其他候选,需确认,未进入使用审计,0,0,,结构可能合理，但单体身份、偶联条件或复杂度证据不足，暂不进入研发候选库,分子量超过300 Da，需确认偶联、脱保护和总环肽体积负担；杂原子较多，可能带来较高极性或多重保护需求；CCD未指定标准氨基酸母体,C15 H21 N7 O5,379.371,,NON-POLYMER,1,c1nc(c2c(n1)n(cn2)[C@H]3[C@@H]([C@@H](/C(=C\[C@H](CC[C@@H](C(=O)O)N)N)/O3)O)O)N,https://www.rcsb.org/ligand/0XU,https://www.ebi.ac.uk/pdbe/static/files/pdbechem_v2/0XU_500.svg
暂缓,P3,0Y0,5'-{[(3S)-3-amino-3-carboxypropyl]amino}-5'-deoxyadenosine,,其他候选,需确认,未进入使用审计,0,0,,结构可能合理，但单体身份、偶联条件或复杂度证据不足，暂不进入研发候选库,分子量超过300 Da，需确认偶联、脱保护和总环肽体积负担；杂原子较多，可能带来较高极性或多重保护需求；CCD未指定标准氨基酸母体,C14 H21 N7 O5,367.36,,NON-POLYMER,1,c1nc(c2c(n1)n(cn2)[C@H]3[C@@H]([C@@H]([C@H](O3)CNCC[C@@H](C(=O)O)N)O)O)N,https://www.rcsb.org/ligand/0Y0,https://www.ebi.ac.uk/pdbe/static/files/pdbechem_v2/0Y0_500.svg
排除,P3,0Y1,5'-{[(3S)-3-amino-3-carboxypropyl][2-(1H-indol-3-yl)ethyl]amino}-5'-deoxyadenosine,,芳香/疏水侧链,否,未进入使用审计,0,0,,分子量超过500 Da，优先判断为复杂整分子,分子量超过300 Da，需确认偶联、脱保护和总环肽体积负担；杂原子较多，可能带来较高极性或多重保护需求；CCD未指定标准氨基酸母体,C24 H30 N8 O5,510.546,,NON-POLYMER,1,c1ccc2c(c1)c(c[nH]2)CCN(CC[C@@H](C(=O)O)N)C[C@@H]3[C@H]([C@H]([C@@H](O3)n4cnc5c4ncnc5N)O)O,https://www.rcsb.org/ligand/0Y1,https://www.ebi.ac.uk/pdbe/static/files/pdbechem_v2/0Y1_500.svg
排除,P3,0Y2,5'-{[(3S)-3-amino-3-carboxypropyl][2-(1-benzothiophen-3-yl)ethyl]amino}-5'-deoxyadenosine,,其他候选,否,未进入使用审计,0,0,,分子量超过500 Da，优先判断为复杂整分子,分子量超过300 Da，需确认偶联、脱保护和总环肽体积负担；杂原子较多，可能带来较高极性或多重保护需求；CCD未指定标准氨基酸母体,C24 H29 N7 O5 S,527.596,,NON-POLYMER,1,c1ccc2c(c1)c(cs2)CCN(CC[C@@H](C(=O)O)N)C[C@@H]3[C@H]([C@H]([C@@H](O3)n4cnc5c4ncnc5N)O)O,https://www.rcsb.org/ligand/0Y2,https://www.ebi.ac.uk/pdbe/static/files/pdbechem_v2/0Y2_500.svg
暂缓,P3,0YQ,"2,2'-[(2-{[2-({[(2S,3S,4R,5R)-5-(2,4-dioxo-3,4-dihydropyrimidin-1(2H)-yl)-3,4-dihydroxytetrahydrofuran-2-yl]carbonyl}amino)ethyl]amino}-2-oxoethyl)imino]diacetic acid (non-preferred name)",,其他候选,需确认,未进入使用审计,0,0,,结构可能合理，但单体身份、偶联条件或复杂度证据不足，暂不进入研发候选库,分子量超过300 Da，需确认偶联、脱保护和总环肽体积负担；杂原子较多，可能带来较高极性或多重保护需求；含预先形成的酰胺键，需确认主链氨基是否仍可偶联；CCD未指定标准氨基酸母体,C17 H23 N5 O11,473.391,,NON-POLYMER,1,C1=CN(C(=O)NC1=O)[C@H]2[C@@H]([C@@H]([C@H](O2)C(=O)NCCNC(=O)CN(CC(=O)O)CC(=O)O)O)O,https://www.rcsb.org/ligand/0YQ,https://www.ebi.ac.uk/pdbe/static/files/pdbechem_v2/0YQ_500.svg
暂缓,P3,0YS,"(5R)-2-[(1S,2R)-2-amino-2-carboxy-1-hydroxyethyl]-5-{(2S)-2-carboxy-2-[(3,5-dichloro-4-hydroxybenzoyl)amino]ethyl}-L-proline",(-)-kaitocephalin,构象限制,需确认,未进入使用审计,0,0,,结构可能合理，但单体身份、偶联条件或复杂度证据不足，暂不进入研发候选库,分子量超过300 Da，需确认偶联、脱保护和总环肽体积负担；杂原子较多，可能带来较高极性或多重保护需求；含预先形成的酰胺键，需确认主链氨基是否仍可偶联；CCD未指定标准氨基酸母体,C18 H21 Cl2 N3 O9,494.28,,NON-POLYMER,1,c1c(cc(c(c1Cl)O)Cl)C(=O)N[C@@H](C[C@H]2CC[C@@](N2)([C@H]([C@H](C(=O)O)N)O)C(=O)O)C(=O)O,https://www.rcsb.org/ligand/0YS,https://www.ebi.ac.uk/pdbe/static/files/pdbechem_v2/0YS_500.svg
排除,P3,0ZD,"N,N'-bis(2-[(biphenyl-4ylsulfonyl)[(2R)-1-hydroxy-3-methyl-1-oxobutan-2-yl]-amino]ethyl)benzene-1,3-dicarboxamide",,芳香/疏水侧链,否,未进入使用审计,0,0,,分子量超过500 Da，优先判断为复杂整分子,分子量超过300 Da，需确认偶联、脱保护和总环肽体积负担；杂原子较多，可能带来较高极性或多重保护需求；含预先形成的酰胺键，需确认主链氨基是否仍可偶联；CCD未指定标准氨基酸母体,C46 H50 N4 O10 S2,883.04,,NON-POLYMER,1,CC(C)[C@H](C(=O)O)N(CCNC(=O)c1cccc(c1)C(=O)NCCN([C@H](C(C)C)C(=O)O)S(=O)(=O)c2ccc(cc2)c3ccccc3)S(=O)(=O)c4ccc(cc4)c5ccccc5,https://www.rcsb.org/ligand/0ZD,https://www.ebi.ac.uk/pdbe/static/files/pdbechem_v2/0ZD_500.svg
排除,P3,0ZN,N-[(1R)-1-carboxy-3-phenylpropyl]-L-leucyl-L-tryptophan,,芳香/疏水侧链,否,未进入使用审计,0,0,,名称明确为二肽/寡肽片段，不是单个氨基酸残基,分子量超过300 Da，需确认偶联、脱保护和总环肽体积负担；含预先形成的酰胺键，需确认主链氨基是否仍可偶联；CCD未指定标准氨基酸母体,C27 H33 N3 O5,479.568,,peptide-like,1,CC(C)C[C@@H](C(=O)N[C@@H](Cc1c[nH]c2c1cccc2)C(=O)O)N[C@@H](CCc3ccccc3)C(=O)O,https://www.rcsb.org/ligand/0ZN,https://www.ebi.ac.uk/pdbe/static/files/pdbechem_v2/0ZN_500.svg
暂缓,P3,142,CARBIDOPA,"KINSON; 3-(3,4-DIHYDROXY-PHENYL)-2-HYDRAZINO-2-METHYL-PROPIONIC ACID",芳香/疏水侧链,需确认,未进入使用审计,0,0,,结构可能合理，但单体身份、偶联条件或复杂度证据不足，暂不进入研发候选库,CCD未指定标准氨基酸母体,C10 H14 N2 O4,226.229,,NON-POLYMER,1,C[C@](Cc1ccc(c(c1)O)O)(C(=O)O)NN,https://www.rcsb.org/ligand/142,https://www.ebi.ac.uk/pdbe/static/files/pdbechem_v2/142_500.svg
暂缓,P3,14M,{(3S)-1-[5-(cyclohexylcarbamoyl)-6-(propylsulfanyl)pyridin-2-yl]piperidin-3-yl}acetic acid,,构象限制,需确认,未进入使用审计,0,0,,结构可能合理，但单体身份、偶联条件或复杂度证据不足，暂不进入研发候选库,分子量超过300 Da，需确认偶联、脱保护和总环肽体积负担；含预先形成的酰胺键，需确认主链氨基是否仍可偶联；CCD未指定标准氨基酸母体,C22 H33 N3 O3 S,419.581,,NON-POLYMER,3,CCCSc1c(ccc(n1)N2CCC[C@H](C2)CC(=O)O)C(=O)NC3CCCCC3,https://www.rcsb.org/ligand/14M,https://www.ebi.ac.uk/pdbe/static/files/pdbechem_v2/14M_500.svg
暂缓,P3,151,"(2S)-3-METHYL-2-((2R,3S)-3-[(METHYLSULFONYL)AMINO]-1-{[2-(PYRROLIDIN-1-YLMETHYL)-1,3-OXAZOL-4-YL]CARBONYL}PYRROLIDIN-2-YL)BUTANOIC ACID",,其他候选,需确认,未进入使用审计,0,0,,结构可能合理，但单体身份、偶联条件或复杂度证据不足，暂不进入研发候选库,分子量超过300 Da，需确认偶联、脱保护和总环肽体积负担；杂原子较多，可能带来较高极性或多重保护需求；CCD未指定标准氨基酸母体,C19 H30 N4 O6 S,442.53,,NON-POLYMER,3,CC(C)[C@@H]([C@H]1[C@@H](CCN1C(=O)c2coc(n2)CN3CCCC3)NS(=O)(=O)C)C(=O)O,https://www.rcsb.org/ligand/151,https://www.ebi.ac.uk/pdbe/static/files/pdbechem_v2/151_500.svg
暂缓,P3,152,CARNITINE,(3-CARBOXY-2-(R)-HYDROXY-PROPYL)-TRIMETHYL-AMMONIUM,其他候选,需确认,未进入使用审计,0,0,,结构可能合理，但单体身份、偶联条件或复杂度证据不足，暂不进入研发候选库,CCD未指定标准氨基酸母体,C7 H16 N O3,162.207,,NON-POLYMER,3,C[N+](C)(C)C[C@@H](CC(=O)O)O,https://www.rcsb.org/ligand/152,https://www.ebi.ac.uk/pdbe/static/files/pdbechem_v2/152_500.svg
排除,P3,160,3-(3-{2-[(5-METHANESULFONYL-THIOPHENE-2-CARBONYL)-AMINO]-ETHYLDISULFANYLMETHYL}- BENZENESULFONYLAMINO)-4-OXO-PENTANOIC ACID,,其他候选,否,未进入使用审计,0,0,,分子量超过500 Da，优先判断为复杂整分子,分子量超过300 Da，需确认偶联、脱保护和总环肽体积负担；杂原子较多，可能带来较高极性或多重保护需求；CCD未指定标准氨基酸母体,C20 H24 N2 O8 S5,580.738,,NON-POLYMER,2,CC(=O)[C@H](CC(=O)O)NS(=O)(=O)c1cccc(c1)CSSCCNC(=O)c2ccc(s2)S(=O)(=O)C,https://www.rcsb.org/ligand/160,https://www.ebi.ac.uk/pdbe/static/files/pdbechem_v2/160_500.svg
暂缓,P3,162,(2-{2-[(5-CARBAMIMIDOYL-1-METHYL-1H-PYRROL-3-YLMETHYL)-CARBAMOYL]-PYRROL-1-YL} -1-CYCLOHEXYLMETHYL-2-OXO-ETHYLAMINO)-ACETIC ACID,,构象限制,需确认,未进入使用审计,0,0,,结构可能合理，但单体身份、偶联条件或复杂度证据不足，暂不进入研发候选库,分子量超过300 Da，需确认偶联、脱保护和总环肽体积负担；杂原子较多，可能带来较高极性或多重保护需求；CCD未指定标准氨基酸母体,C23 H32 N6 O4,456.538,,peptide-like,1,Cn1cc(cc1C(=N)N)CNC(=O)c2cccn2C(=O)[C@@H](CC3CCCCC3)NCC(=O)O,https://www.rcsb.org/ligand/162,https://www.ebi.ac.uk/pdbe/static/files/pdbechem_v2/162_500.svg
暂缓,P3,163,(2-{2-[(5-CARBAMIMIDOYL-1-METHYL-1H-PYRROL-2-YLMETHYL)-CARBAMOYL]-PYRROL-1-YL}- 1-CYCLOHEXYLMETHYL-2-OXO-ETHYLAMINO)-ACETIC ACID,,构象限制,需确认,未进入使用审计,0,0,,结构可能合理，但单体身份、偶联条件或复杂度证据不足，暂不进入研发候选库,分子量超过300 Da，需确认偶联、脱保护和总环肽体积负担；杂原子较多，可能带来较高极性或多重保护需求；CCD未指定标准氨基酸母体,C23 H32 N6 O4,456.538,,peptide-like,1,Cn1c(ccc1C(=N)N)CNC(=O)c2cccn2C(=O)[C@@H](CC3CCCCC3)NCC(=O)O,https://www.rcsb.org/ligand/163,https://www.ebi.ac.uk/pdbe/static/files/pdbechem_v2/163_500.svg
排除,P3,17F,"O-[(S)-({(2R)-2,3-bis[(9Z)-octadec-9-enoyloxy]propyl}oxy)(hydroxy)phosphoryl]-L-serine","1,2-Dioleoyl-sn-glycero-3-phospho-L-serine",其他候选,否,未进入使用审计,0,0,,分子量超过500 Da，优先判断为复杂整分子,分子量超过300 Da，需确认偶联、脱保护和总环肽体积负担；杂原子较多，可能带来较高极性或多重保护需求；含磷酸/膦酸相关结构，通常不利于被动跨膜；CCD未指定标准氨基酸母体,C42 H78 N O10 P,788.043,,NON-POLYMER,1,CCCCCCCC/C=C\CCCCCCCC(=O)OC[C@H](CO[P@@](=O)(O)OC[C@@H](C(=O)O)N)OC(=O)CCCCCCC/C=C\CCCCCCCC,https://www.rcsb.org/ligand/17F,https://www.ebi.ac.uk/pdbe/static/files/pdbechem_v2/17F_500.svg
排除,P3,17K,(3R)-N-(2-formylindolizin-3-yl)-4-[(phenylacetyl)oxy]-3-sulfino-D-valine,"penam sulfone SA1-204, open form",D-构型,否,未进入使用审计,0,0,,名称明确提示药物、抗生素或反应中间体,分子量超过300 Da，需确认偶联、脱保护和总环肽体积负担；杂原子较多，可能带来较高极性或多重保护需求；CCD未指定标准氨基酸母体,C22 H22 N2 O7 S,458.484,,NON-POLYMER,1,C[C@](COC(=O)Cc1ccccc1)([C@H](C(=O)O)Nc2c(cc3n2cccc3)C=O)S(=O)O,https://www.rcsb.org/ligand/17K,https://www.ebi.ac.uk/pdbe/static/files/pdbechem_v2/17K_500.svg
暂缓,P3,17O,"(7R)-6-formyl-7-(4H-pyrazolo[1,5-c][1,3]thiazol-2-yl)-4,7-dihydro-1,4-thiazepine-3-carboxylic acid",,其他候选,需确认,未进入使用审计,0,0,,结构可能合理，但单体身份、偶联条件或复杂度证据不足，暂不进入研发候选库,分子量超过300 Da，需确认偶联、脱保护和总环肽体积负担；CCD未指定标准氨基酸母体,C12 H11 N3 O3 S2,309.364,,NON-POLYMER,1,c1c2n(nc1C3C(=CNC(=CS3)C(=O)O)C=O)CSC2,https://www.rcsb.org/ligand/17O,https://www.ebi.ac.uk/pdbe/static/files/pdbechem_v2/17O_500.svg
排除,P3,180,"2-(S)-[N-(3-PYRIDYLSULFONYL)AMINO]-3-[[2-CARBONYL-5-[2-(PIPERIDIN-4-YL)ETHYL]-THIENO[2,3-B]THIOPHENEYL]AMINO]-PROPIONIC ACID",MERCK L739758,芳香/疏水侧链,否,未进入使用审计,0,0,,分子量超过500 Da，优先判断为复杂整分子,分子量超过300 Da，需确认偶联、脱保护和总环肽体积负担；CCD未指定标准氨基酸母体,C22 H26 N4 O5 S3,522.661,,NON-POLYMER,1,c1cc(cnc1)S(=O)(=O)N[C@H](CNC(=O)c2cc3cc(sc3s2)CCC4CCNCC4)C(=O)O,https://www.rcsb.org/ligand/180,https://www.ebi.ac.uk/pdbe/static/files/pdbechem_v2/180_500.svg
暂缓,P3,1B7,"N-(6-chloro-3,3-dimethyl-3,4-dihydroisoquinolin-1-yl)-3-(4-propylthiophen-3-yl)-L-alanine",,卤代/电子调节,需确认,未进入使用审计,0,0,,结构可能合理，但单体身份、偶联条件或复杂度证据不足，暂不进入研发候选库,分子量超过300 Da，需确认偶联、脱保护和总环肽体积负担；CCD未指定标准氨基酸母体,C21 H25 Cl N2 O2 S,404.953,,NON-POLYMER,1,CCCc1cscc1C[C@@H](C(=O)O)NC2=NC(Cc3c2ccc(c3)Cl)(C)C,https://www.rcsb.org/ligand/1B7,https://www.ebi.ac.uk/pdbe/static/files/pdbechem_v2/1B7_500.svg
排除,P3,1B8,"3-[2-bromo-4-(1H-pyrazol-4-yl)thiophen-3-yl]-N-(6-chloro-3,3-dimethyl-3,4-dihydroisoquinolin-1-yl)-L-alanine",,卤代/电子调节,否,未进入使用审计,0,0,,分子量超过500 Da，优先判断为复杂整分子,分子量超过300 Da，需确认偶联、脱保护和总环肽体积负担；CCD未指定标准氨基酸母体,C21 H20 Br Cl N4 O2 S,507.831,,NON-POLYMER,1,CC1(Cc2cc(ccc2C(=N1)N[C@@H](Cc3c(csc3Br)c4c[nH]nc4)C(=O)O)Cl)C,https://www.rcsb.org/ligand/1B8,https://www.ebi.ac.uk/pdbe/static/files/pdbechem_v2/1B8_500.svg
暂缓,P3,1B9,"3-(4-bromothiophen-3-yl)-N-(6-chloro-3,3-dimethyl-3,4-dihydroisoquinolin-1-yl)-L-alanine",,卤代/电子调节,需确认,未进入使用审计,0,0,,结构可能合理，但单体身份、偶联条件或复杂度证据不足，暂不进入研发候选库,分子量超过300 Da，需确认偶联、脱保护和总环肽体积负担；CCD未指定标准氨基酸母体,C18 H18 Br Cl N2 O2 S,441.77,,NON-POLYMER,1,CC1(Cc2cc(ccc2C(=N1)N[C@@H](Cc3cscc3Br)C(=O)O)Cl)C,https://www.rcsb.org/ligand/1B9,https://www.ebi.ac.uk/pdbe/static/files/pdbechem_v2/1B9_500.svg
暂缓,P3,1BE,"N-(6-chloro-3,3-dimethyl-3,4-dihydroisoquinolin-1-yl)-3-[2-propyl-4-(1H-pyrazol-4-yl)thiophen-3-yl]-L-alanine",,卤代/电子调节,需确认,未进入使用审计,0,0,,结构可能合理，但单体身份、偶联条件或复杂度证据不足，暂不进入研发候选库,分子量超过300 Da，需确认偶联、脱保护和总环肽体积负担；CCD未指定标准氨基酸母体,C24 H27 Cl N4 O2 S,471.015,,NON-POLYMER,1,CCCc1c(c(cs1)c2c[nH]nc2)C[C@@H](C(=O)O)NC3=NC(Cc4c3ccc(c4)Cl)(C)C,https://www.rcsb.org/ligand/1BE,https://www.ebi.ac.uk/pdbe/static/files/pdbechem_v2/1BE_500.svg
暂缓,P3,1BF,"N-(6-chloro-3,3-dimethyl-3,4-dihydroisoquinolin-1-yl)-3-[4-(1H-pyrazol-4-yl)thiophen-3-yl]-L-alanine",,卤代/电子调节,需确认,未进入使用审计,0,0,,结构可能合理，但单体身份、偶联条件或复杂度证据不足，暂不进入研发候选库,分子量超过300 Da，需确认偶联、脱保护和总环肽体积负担；CCD未指定标准氨基酸母体,C21 H21 Cl N4 O2 S,428.935,,NON-POLYMER,1,CC1(Cc2cc(ccc2C(=N1)N[C@@H](Cc3cscc3c4c[nH]nc4)C(=O)O)Cl)C,https://www.rcsb.org/ligand/1BF,https://www.ebi.ac.uk/pdbe/static/files/pdbechem_v2/1BF_500.svg
排除,P3,1DX,4-({(4-carboxybutyl)[2-(5-fluoro-2-{[4'-(trifluoromethyl)biphenyl-4-yl]methoxy}phenyl)ethyl]amino}methyl)benzoic acid,,卤代/电子调节,否,未进入使用审计,0,0,,分子量超过500 Da，优先判断为复杂整分子,分子量超过300 Da，需确认偶联、脱保护和总环肽体积负担；CCD未指定标准氨基酸母体,C35 H33 F4 N O5,623.634,,NON-POLYMER,4,c1cc(ccc1C[N@@](CCCCC(=O)O)CCc2cc(ccc2OCc3ccc(cc3)c4ccc(cc4)C(F)(F)F)F)C(=O)O,https://www.rcsb.org/ligand/1DX,https://www.ebi.ac.uk/pdbe/static/files/pdbechem_v2/1DX_500.svg
暂缓,P3,1EC,[(5R)-5-amino-5-carboxy-8-hydroxyoctyl](trihydroxy)borate(1-),,其他候选,需确认,未进入使用审计,0,0,,结构可能合理，但单体身份、偶联条件或复杂度证据不足，暂不进入研发候选库,杂原子较多，可能带来较高极性或多重保护需求；CCD未指定标准氨基酸母体,C9 H21 B N O6,250.077,,NON-POLYMER,1,[B-](CCCC[C@@](CCCO)(C(=O)O)N)(O)(O)O,https://www.rcsb.org/ligand/1EC,https://www.ebi.ac.uk/pdbe/static/files/pdbechem_v2/1EC_500.svg
暂缓,P3,1EE,[(5R)-5-amino-5-carboxy-7-(4-hydroxypiperidin-1-yl)heptyl](trihydroxy)borate(1-),,其他候选,需确认,未进入使用审计,0,0,,结构可能合理，但单体身份、偶联条件或复杂度证据不足，暂不进入研发候选库,分子量超过300 Da，需确认偶联、脱保护和总环肽体积负担；杂原子较多，可能带来较高极性或多重保护需求；CCD未指定标准氨基酸母体,C13 H28 B N2 O6,319.182,,NON-POLYMER,1,[B-](CCCC[C@@](CCN1CCC(CC1)O)(C(=O)O)N)(O)(O)O,https://www.rcsb.org/ligand/1EE,https://www.ebi.ac.uk/pdbe/static/files/pdbechem_v2/1EE_500.svg
排除,P3,1EG,5'-O-(L-alpha-glutamylsulfamoyl)guanosine,,其他候选,否,未进入使用审计,0,0,,名称提示核苷酸、辅因子或整分子缀合物,分子量超过300 Da，需确认偶联、脱保护和总环肽体积负担；杂原子较多，可能带来较高极性或多重保护需求；CCD未指定标准氨基酸母体,C15 H21 N7 O10 S,491.433,,NON-POLYMER,3,c1nc2c(n1[C@H]3[C@@H]([C@@H]([C@H](O3)COS(=O)(=O)NC(=O)[C@H](CCC(=O)O)N)O)O)NC(=NC2=O)N,https://www.rcsb.org/ligand/1EG,https://www.ebi.ac.uk/pdbe/static/files/pdbechem_v2/1EG_500.svg
暂缓,P3,1EI,5'-O-(L-alpha-glutamylsulfamoyl)inosine,,其他候选,需确认,未进入使用审计,0,0,,结构可能合理，但单体身份、偶联条件或复杂度证据不足，暂不进入研发候选库,分子量超过300 Da，需确认偶联、脱保护和总环肽体积负担；杂原子较多，可能带来较高极性或多重保护需求；CCD未指定标准氨基酸母体,C15 H20 N6 O10 S,476.419,,NON-POLYMER,3,c1nc2c(n1[C@H]3[C@@H]([C@@H]([C@H](O3)COS(=O)(=O)NC(=O)[C@H](CCC(=O)O)N)O)O)N=CNC2=O,https://www.rcsb.org/ligand/1EI,https://www.ebi.ac.uk/pdbe/static/files/pdbechem_v2/1EI_500.svg
排除,P3,1FH,12-PHENYLHEME,,芳香/疏水侧链,否,未进入使用审计,0,0,,含金属元素，不属于常规肽合成单体；分子量超过500 Da，优先判断为复杂整分子,分子量超过300 Da，需确认偶联、脱保护和总环肽体积负担；CCD未指定标准氨基酸母体,C40 H38 Fe N4 O4,694.599,,NON-POLYMER,4,Cc1c2n3c(c1CCC(=O)O)C=C4C(=C(C5=[N]4[Fe+2]36[N]7=C(C(C(C7=C2)C=C)C)C(=C8N6C(=C5)C(=C8C=C)C)c9ccccc9)C)CCC(=O)O,https://www.rcsb.org/ligand/1FH,https://www.ebi.ac.uk/pdbe/static/files/pdbechem_v2/1FH_500.svg
暂缓,P3,1I4,(R)-N-(1-(6-amino-9H-purin-9-yl)propan-2-yl)-N-(2-phosphonoethyl)glycine,,其他候选,需确认,未进入使用审计,0,0,,结构可能合理，但单体身份、偶联条件或复杂度证据不足，暂不进入研发候选库,分子量超过300 Da，需确认偶联、脱保护和总环肽体积负担；杂原子较多，可能带来较高极性或多重保护需求；含磷酸/膦酸相关结构，通常不利于被动跨膜；CCD未指定标准氨基酸母体,C12 H19 N6 O5 P,358.29,,non-polymer,1,C[C@H](Cn1cnc2c1ncnc2N)N(CCP(=O)(O)O)CC(=O)O,https://www.rcsb.org/ligand/1I4,https://www.ebi.ac.uk/pdbe/static/files/pdbechem_v2/1I4_500.svg
暂缓,P3,1JO,D-gamma-glutamyl-S-(4-phenylbutyl)-L-cysteinylglycine,,D-构型,需确认,未进入使用审计,0,0,,结构可能合理，但单体身份、偶联条件或复杂度证据不足，暂不进入研发候选库,分子量超过300 Da，需确认偶联、脱保护和总环肽体积负担；杂原子较多，可能带来较高极性或多重保护需求；含预先形成的酰胺键，需确认主链氨基是否仍可偶联；CCD未指定标准氨基酸母体,C20 H29 N3 O6 S,439.526,,NON-POLYMER,1,c1ccc(cc1)CCCCSC[C@@H](C(=O)NCC(=O)O)NC(=O)CC[C@H](C(=O)O)N,https://www.rcsb.org/ligand/1JO,https://www.ebi.ac.uk/pdbe/static/files/pdbechem_v2/1JO_500.svg
暂缓,P3,1JP,D-gamma-glutamyl-(Z)-N-(carboxymethylidene)-S-[(2R)-2-hydroxy-4-phenylbutyl]-L-cysteinamide,,D-构型,需确认,未进入使用审计,0,0,,结构可能合理，但单体身份、偶联条件或复杂度证据不足，暂不进入研发候选库,分子量超过300 Da，需确认偶联、脱保护和总环肽体积负担；杂原子较多，可能带来较高极性或多重保护需求；CCD未指定标准氨基酸母体,C20 H27 N3 O7 S,453.509,,NON-POLYMER,1,c1ccc(cc1)CC[C@H](CSC[C@@H](C(=O)/N=C\C(=O)O)NC(=O)CC[C@H](C(=O)O)N)O,https://www.rcsb.org/ligand/1JP,https://www.ebi.ac.uk/pdbe/static/files/pdbechem_v2/1JP_500.svg
暂缓,P3,1K5,(9-oxoacridin-10(9H)-yl)acetic acid,,其他候选,需确认,未进入使用审计,0,0,,结构可能合理，但单体身份、偶联条件或复杂度证据不足，暂不进入研发候选库,CCD未指定标准氨基酸母体,C15 H11 N O3,253.253,,NON-POLYMER,1,c1ccc2c(c1)C(=O)c3ccccc3N2CC(=O)O,https://www.rcsb.org/ligand/1K5,https://www.ebi.ac.uk/pdbe/static/files/pdbechem_v2/1K5_500.svg
暂缓,P3,1KM,"(2R)-2-azanyl-3-[(1R,2S)-2-oxidanyl-1-phosphono-propyl]sulfanyl-propanoic acid",,其他候选,需确认,未进入使用审计,0,0,,结构可能合理，但单体身份、偶联条件或复杂度证据不足，暂不进入研发候选库,杂原子较多，可能带来较高极性或多重保护需求；含磷酸/膦酸相关结构，通常不利于被动跨膜；CCD未指定标准氨基酸母体,C6 H14 N O6 P S,259.217,,NON-POLYMER,1,C[C@@H]([C@H](P(=O)(O)O)SC[C@@H](C(=O)O)N)O,https://www.rcsb.org/ligand/1KM,https://www.ebi.ac.uk/pdbe/static/files/pdbechem_v2/1KM_500.svg
排除,P3,1MF,4-{[(4-carboxybutyl)(2-{2-[(4'-phenoxybiphenyl-4-yl)methoxy]phenyl}ethyl)amino]methyl}benzoic acid,,芳香/疏水侧链,否,未进入使用审计,0,0,,分子量超过500 Da，优先判断为复杂整分子,分子量超过300 Da，需确认偶联、脱保护和总环肽体积负担；杂原子较多，可能带来较高极性或多重保护需求；CCD未指定标准氨基酸母体,C40 H39 N O6,629.741,,NON-POLYMER,4,c1ccc(cc1)Oc2ccc(cc2)c3ccc(cc3)COc4ccccc4CCN(CCCCC(=O)O)Cc5ccc(cc5)C(=O)O,https://www.rcsb.org/ligand/1MF,https://www.ebi.ac.uk/pdbe/static/files/pdbechem_v2/1MF_500.svg
暂缓,P3,1QL,"(2R)-5-[(carbamoyloxy)methyl]-2-{(1S)-1-methoxy-2-oxo-1-[(thiophen-2-ylacetyl)amino]ethyl}-3,6-dihydro-2H-1,3-thiazine-4-carboxylic acid","Cefoxitin, bound form",其他候选,需确认,未进入使用审计,0,0,,结构可能合理，但单体身份、偶联条件或复杂度证据不足，暂不进入研发候选库,分子量超过300 Da，需确认偶联、脱保护和总环肽体积负担；杂原子较多，可能带来较高极性或多重保护需求；含预先形成的酰胺键，需确认主链氨基是否仍可偶联；CCD未指定标准氨基酸母体,C16 H19 N3 O7 S2,429.468,,NON-POLYMER,1,CO[C@@](C=O)([C@@H]1NC(=C(CS1)COC(=O)N)C(=O)O)NC(=O)Cc2cccs2,https://www.rcsb.org/ligand/1QL,https://www.ebi.ac.uk/pdbe/static/files/pdbechem_v2/1QL_500.svg
排除,P3,1R4,L-gamma-glutamyl-S-[2-(4-nitrophenyl)-2-oxoethyl]-L-cysteinylglycine,S-(4-nitrophenacyl)glutathione,芳香/疏水侧链,否,未进入使用审计,0,0,,名称提示核苷酸、辅因子或整分子缀合物,分子量超过300 Da，需确认偶联、脱保护和总环肽体积负担；杂原子较多，可能带来较高极性或多重保护需求；含预先形成的酰胺键，需确认主链氨基是否仍可偶联；CCD未指定标准氨基酸母体,C18 H22 N4 O9 S,470.454,,NON-POLYMER,1,c1cc(ccc1C(=O)CSC[C@@H](C(=O)NCC(=O)O)NC(=O)CC[C@@H](C(=O)O)N)[N+](=O)[O-],https://www.rcsb.org/ligand/1R4,https://www.ebi.ac.uk/pdbe/static/files/pdbechem_v2/1R4_500.svg
暂缓,P3,1RG,"(4R,5S)-3-({(3S,5S)-5-[(3-carboxyphenyl)carbamoyl]pyrrolidin-3-yl}sulfanyl)-5-[(1S,2R)-1-formyl-2-hydroxypropyl]-4-methyl-4,5-dihydro-1H-pyrrole-2-carboxylic acid","ERTAPENEM, bound form PRE-ISOMERIZED",芳香/疏水侧链,需确认,未进入使用审计,0,0,,结构可能合理，但单体身份、偶联条件或复杂度证据不足，暂不进入研发候选库,分子量超过300 Da，需确认偶联、脱保护和总环肽体积负担；杂原子较多，可能带来较高极性或多重保护需求；含预先形成的酰胺键，需确认主链氨基是否仍可偶联；CCD未指定标准氨基酸母体,C22 H27 N3 O7 S,477.531,,NON-POLYMER,1,C[C@@H]1[C@@H](NC(=C1S[C@H]2C[C@H](NC2)C(=O)Nc3cccc(c3)C(=O)O)C(=O)O)[C@H](C=O)[C@@H](C)O,https://www.rcsb.org/ligand/1RG,https://www.ebi.ac.uk/pdbe/static/files/pdbechem_v2/1RG_500.svg
暂缓,P3,1S6,"(2R,4S)-5,5-dimethyl-2-[(1R)-1-{[(5-methyl-3-phenyl-1,2-oxazol-4-yl)carbonyl]amino}-2-oxoethyl]-1,3-thiazolidine-4-carb oxylic acid","Oxacillin, bound form",芳香/疏水侧链,需确认,未进入使用审计,0,0,,结构可能合理，但单体身份、偶联条件或复杂度证据不足，暂不进入研发候选库,分子量超过300 Da，需确认偶联、脱保护和总环肽体积负担；含预先形成的酰胺键，需确认主链氨基是否仍可偶联；CCD未指定标准氨基酸母体,C19 H21 N3 O5 S,403.452,,NON-POLYMER,1,Cc1c(c(no1)c2ccccc2)C(=O)N[C@H](C=O)[C@@H]3N[C@H](C(S3)(C)C)C(=O)O,https://www.rcsb.org/ligand/1S6,https://www.ebi.ac.uk/pdbe/static/files/pdbechem_v2/1S6_500.svg
排除,P3,1TP,"1-(2-{(2S,4R,5R)-3-[(4-AMINO-2-METHYLPYRIMIDIN-5-YL)METHYL]-2-[(1S)-1-CARBOXY-1-HYDROXYETHYL]-4-METHYL-1,3-THIAZOLIDIN-5-YL}ETHOXY)-1,1,3,3-TETRAHYDROXY-1LAMBDA~5~-DIPHOSPHOX-1-EN-2-IUM 3-OXIDE",,其他候选,否,未进入使用审计,0,0,,分子量超过500 Da，优先判断为复杂整分子,分子量超过300 Da，需确认偶联、脱保护和总环肽体积负担；杂原子较多，可能带来较高极性或多重保护需求；含磷酸/膦酸相关结构，通常不利于被动跨膜；CCD未指定标准氨基酸母体,C15 H26 N4 O10 P2 S,516.4,,NON-POLYMER,2,Cc1ncc(c(n1)N)C[N@@]2C([C@@H](S[C@@H]2[C@](C)(C(=O)O)O)CCO[P@@](=O)(O)OP(=O)(O)O)C,https://www.rcsb.org/ligand/1TP,https://www.ebi.ac.uk/pdbe/static/files/pdbechem_v2/1TP_500.svg
暂缓,P3,1WR,"(3S)-1-(4,4-diphenylbut-3-enyl)piperidine-3-carboxylic acid",SKF89976A,芳香/疏水侧链,需确认,未进入使用审计,0,0,,结构可能合理，但单体身份、偶联条件或复杂度证据不足，暂不进入研发候选库,分子量超过300 Da，需确认偶联、脱保护和总环肽体积负担；CCD未指定标准氨基酸母体,C22 H25 N O2,335.439,,non-polymer,2,c1ccc(cc1)C(=CCCN2CCC[C@@H](C2)C(=O)O)c3ccccc3,https://www.rcsb.org/ligand/1WR,https://www.ebi.ac.uk/pdbe/static/files/pdbechem_v2/1WR_500.svg
暂缓,P3,1Y3,"(3S,7R,8aR)-7-ethoxyoctahydropyrrolo[1,2-a]pyrazine-3-carboxylic acid",,其他候选,需确认,未进入使用审计,0,0,,结构可能合理，但单体身份、偶联条件或复杂度证据不足，暂不进入研发候选库,CCD未指定标准氨基酸母体,C10 H18 N2 O3,214.262,,NON-POLYMER,1,CCO[C@@H]1C[C@@H]2CN[C@@H](CN2C1)C(=O)O,https://www.rcsb.org/ligand/1Y3,https://www.ebi.ac.uk/pdbe/static/files/pdbechem_v2/1Y3_500.svg
暂缓,P3,1Y4,"(3S,8aR)-octahydropyrrolo[1,2-a]pyrazine-3-carboxylic acid",,其他候选,需确认,未进入使用审计,0,0,,结构可能合理，但单体身份、偶联条件或复杂度证据不足，暂不进入研发候选库,CCD未指定标准氨基酸母体,C8 H14 N2 O2,170.209,,NON-POLYMER,1,C1C[C@@H]2CN[C@@H](CN2C1)C(=O)O,https://www.rcsb.org/ligand/1Y4,https://www.ebi.ac.uk/pdbe/static/files/pdbechem_v2/1Y4_500.svg
暂缓,P3,21G,"(2S,3S)-3-[[5-fluoranyl-2-(5-fluoranyl-1H-pyrrolo[2,3-b]pyridin-3-yl)pyrimidin-4-yl]amino]bicyclo[2.2.2]octane-2-carboxylic acid","3-[[5-fluoro-2-(5-fluoro-1H-pyrrolo[2,3-b]pyridin-3-yl)pyrimidin-4-yl]amino]bicyclo[2.2.2]octane-2-carboxylic acid; VX787; (2S,3S)-3-((5-fluoro-2-(5-fluoro-1H-pyrrolo[2,3-b]pyridin-3-yl)pyrimidin-4-yl)amino)bicyclo[2.2.2]octane-2-carboxylic acid",卤代/电子调节,需确认,未进入使用审计,0,0,,结构可能合理，但单体身份、偶联条件或复杂度证据不足，暂不进入研发候选库,分子量超过300 Da，需确认偶联、脱保护和总环肽体积负担；杂原子较多，可能带来较高极性或多重保护需求；CCD未指定标准氨基酸母体,C20 H19 F2 N5 O2,399.394,,NON-POLYMER,2,c1c(cnc2c1c(c[nH]2)c3ncc(c(n3)N[C@@H]4[C@H](C5CCC4CC5)C(=O)O)F)F,https://www.rcsb.org/ligand/21G,https://www.ebi.ac.uk/pdbe/static/files/pdbechem_v2/21G_500.svg
暂缓,P3,23N,(2R)-2-benzyl-3-nitropropanoic acid,,其他候选,需确认,未进入使用审计,0,0,,结构可能合理，但单体身份、偶联条件或复杂度证据不足，暂不进入研发候选库,CCD未指定标准氨基酸母体,C10 H11 N O4,209.199,,NON-POLYMER,2,c1ccc(cc1)C[C@H](C[N+](=O)[O-])C(=O)O,https://www.rcsb.org/ligand/23N,https://www.ebi.ac.uk/pdbe/static/files/pdbechem_v2/23N_500.svg
排除,P3,24F,(2R)-({[5-(4-ethoxyphenyl)thiophen-2-yl]sulfonyl}amino){1-[(1-methylethoxy)carbonyl]piperidin-4-yl}ethanoic acid,,芳香/疏水侧链,否,未进入使用审计,0,0,,分子量超过500 Da，优先判断为复杂整分子,分子量超过300 Da，需确认偶联、脱保护和总环肽体积负担；杂原子较多，可能带来较高极性或多重保护需求；CCD未指定标准氨基酸母体,C23 H30 N2 O7 S2,510.624,,NON-POLYMER,1,CCOc1ccc(cc1)c2ccc(s2)S(=O)(=O)N[C@H](C3CCN(CC3)C(=O)OC(C)C)C(=O)O,https://www.rcsb.org/ligand/24F,https://www.ebi.ac.uk/pdbe/static/files/pdbechem_v2/24F_500.svg
暂缓,P3,24Z,4-({4-carbamoyl-2-nitro-5-[(pyridin-3-ylmethyl)amino]phenyl}amino)butanoic acid,,芳香/疏水侧链,需确认,未进入使用审计,0,0,,结构可能合理，但单体身份、偶联条件或复杂度证据不足，暂不进入研发候选库,分子量超过300 Da，需确认偶联、脱保护和总环肽体积负担；杂原子较多，可能带来较高极性或多重保护需求；含预先形成的酰胺键，需确认主链氨基是否仍可偶联；CCD未指定标准氨基酸母体,C17 H19 N5 O5,373.363,,NON-POLYMER,3,c1cc(cnc1)CNc2cc(c(cc2C(=O)N)[N+](=O)[O-])NCCCC(=O)O,https://www.rcsb.org/ligand/24Z,https://www.ebi.ac.uk/pdbe/static/files/pdbechem_v2/24Z_500.svg
暂缓,P3,25P,4-[(2S)-2-{[4-(4-chlorophenoxy)phenoxy]methyl}pyrrolidin-1-yl]butanoate,,卤代/电子调节,需确认,未进入使用审计,0,0,,结构可能合理，但单体身份、偶联条件或复杂度证据不足，暂不进入研发候选库,分子量超过300 Da，需确认偶联、脱保护和总环肽体积负担；CCD未指定标准氨基酸母体,C21 H23 Cl N O4,388.865,,NON-POLYMER,3,c1cc(ccc1OC[C@@H]2CCC[N@@]2CCCC(=O)[O-])Oc3ccc(cc3)Cl,https://www.rcsb.org/ligand/25P,https://www.ebi.ac.uk/pdbe/static/files/pdbechem_v2/25P_500.svg
暂缓,P3,29R,"2,9-N,N-DI(4-CARBOXYBUTYL)-7-N-METHYLGUANINE",,N-取代,需确认,未进入使用审计,0,0,,结构可能合理，但单体身份、偶联条件或复杂度证据不足，暂不进入研发候选库,分子量超过300 Da，需确认偶联、脱保护和总环肽体积负担；杂原子较多，可能带来较高极性或多重保护需求；含预先形成的酰胺键，需确认主链氨基是否仍可偶联；CCD未指定标准氨基酸母体,C16 H24 N5 O5,366.392,,non-polymer,4,Cn1c[n+](c2c1C(=O)NC(=N2)NCCCCC(=O)O)CCCCC(=O)O,https://www.rcsb.org/ligand/29R,https://www.ebi.ac.uk/pdbe/static/files/pdbechem_v2/29R_500.svg
暂缓,P3,2AW,"6-({(2R,3S)-3-carboxy-2-methyl-3-[(3-oxopropyl)amino]-2-sulfinopropyl}oxy)-6-oxohexanoic acid",,其他候选,需确认,未进入使用审计,0,0,,结构可能合理，但单体身份、偶联条件或复杂度证据不足，暂不进入研发候选库,分子量超过300 Da，需确认偶联、脱保护和总环肽体积负担；杂原子较多，可能带来较高极性或多重保护需求；CCD未指定标准氨基酸母体,C14 H23 N O9 S,381.399,,NON-POLYMER,1,C[C@](COC(=O)CCCCC(=O)O)([C@H](C(=O)O)NCCC=O)S(=O)O,https://www.rcsb.org/ligand/2AW,https://www.ebi.ac.uk/pdbe/static/files/pdbechem_v2/2AW_500.svg
暂缓,P3,2BK,N-({3-hydroxy-2-methyl-5-[(phosphonooxy)methyl]pyridin-4-yl}methyl)-L-allothreonine,,芳香/疏水侧链,需确认,未进入使用审计,0,0,,结构可能合理，但单体身份、偶联条件或复杂度证据不足，暂不进入研发候选库,分子量超过300 Da，需确认偶联、脱保护和总环肽体积负担；杂原子较多，可能带来较高极性或多重保护需求；含磷酸/膦酸相关结构，通常不利于被动跨膜；CCD未指定标准氨基酸母体,C12 H19 N2 O8 P,350.262,,NON-POLYMER,1,Cc1c(c(c(cn1)COP(=O)(O)O)CN[C@@H]([C@H](C)O)C(=O)O)O,https://www.rcsb.org/ligand/2BK,https://www.ebi.ac.uk/pdbe/static/files/pdbechem_v2/2BK_500.svg
暂缓,P3,2BO,N-({3-hydroxy-2-methyl-5-[(phosphonooxy)methyl]pyridin-4-yl}methyl)-L-threonine,,芳香/疏水侧链,需确认,未进入使用审计,0,0,,结构可能合理，但单体身份、偶联条件或复杂度证据不足，暂不进入研发候选库,分子量超过300 Da，需确认偶联、脱保护和总环肽体积负担；杂原子较多，可能带来较高极性或多重保护需求；含磷酸/膦酸相关结构，通常不利于被动跨膜；CCD未指定标准氨基酸母体,C12 H19 N2 O8 P,350.262,,NON-POLYMER,1,Cc1c(c(c(cn1)COP(=O)(O)O)CN[C@@H]([C@@H](C)O)C(=O)O)O,https://www.rcsb.org/ligand/2BO,https://www.ebi.ac.uk/pdbe/static/files/pdbechem_v2/2BO_500.svg
暂缓,P3,2BX,"[(2S)-5,5-dimethylmorpholin-2-yl]acetic acid",SCH50911,其他候选,需确认,未进入使用审计,0,0,,结构可能合理，但单体身份、偶联条件或复杂度证据不足，暂不进入研发候选库,CCD未指定标准氨基酸母体,C8 H15 N O3,173.21,,NON-POLYMER,3,CC1(CO[C@H](CN1)CC(=O)O)C,https://www.rcsb.org/ligand/2BX,https://www.ebi.ac.uk/pdbe/static/files/pdbechem_v2/2BX_500.svg
排除,P3,2F7,"N-(4-fluorobenzoyl)-L-alloisoleucyl-O-[(S)-{[(1S)-1,3-dicarboxypropyl]amino}(hydroxy)phosphoryl]-L-serine",,卤代/电子调节,否,未进入使用审计,0,0,,分子量超过500 Da，优先判断为复杂整分子,分子量超过300 Da，需确认偶联、脱保护和总环肽体积负担；杂原子较多，可能带来较高极性或多重保护需求；含磷酸/膦酸相关结构，通常不利于被动跨膜；含预先形成的酰胺键，需确认主链氨基是否仍可偶联；CCD未指定标准氨基酸母体,C21 H29 F N3 O11 P,549.441,,NON-POLYMER,3,CC[C@@H](C)[C@@H](C(=O)N[C@@H](COP(=O)(N[C@@H](CCC(=O)O)C(=O)O)O)C(=O)O)NC(=O)c1ccc(cc1)F,https://www.rcsb.org/ligand/2F7,https://www.ebi.ac.uk/pdbe/static/files/pdbechem_v2/2F7_500.svg
排除,P3,2F9,"N-(4-fluorobenzoyl)-L-valyl-O-[(S)-{[(1S)-1,3-dicarboxypropyl]amino}(hydroxy)phosphoryl]-L-serine",,卤代/电子调节,否,未进入使用审计,0,0,,分子量超过500 Da，优先判断为复杂整分子,分子量超过300 Da，需确认偶联、脱保护和总环肽体积负担；杂原子较多，可能带来较高极性或多重保护需求；含磷酸/膦酸相关结构，通常不利于被动跨膜；含预先形成的酰胺键，需确认主链氨基是否仍可偶联；CCD未指定标准氨基酸母体,C20 H27 F N3 O11 P,535.414,,NON-POLYMER,3,CC(C)[C@@H](C(=O)N[C@@H](COP(=O)(N[C@@H](CCC(=O)O)C(=O)O)O)C(=O)O)NC(=O)c1ccc(cc1)F,https://www.rcsb.org/ligand/2F9,https://www.ebi.ac.uk/pdbe/static/files/pdbechem_v2/2F9_500.svg
暂缓,P3,2G2,"L-gamma-glutamyl-O-[(S)-{[(1S)-1,3-dicarboxypropyl]amino}(hydroxy)phosphoryl]-L-serine",,延长骨架,需确认,未进入使用审计,0,0,,结构可能合理，但单体身份、偶联条件或复杂度证据不足，暂不进入研发候选库,分子量超过300 Da，需确认偶联、脱保护和总环肽体积负担；杂原子较多，可能带来较高极性或多重保护需求；含磷酸/膦酸相关结构，通常不利于被动跨膜；含预先形成的酰胺键，需确认主链氨基是否仍可偶联；CCD未指定标准氨基酸母体,C13 H22 N3 O12 P,443.3,,NON-POLYMER,3,C(CC(=O)N[C@@H](COP(=O)(N[C@@H](CCC(=O)O)C(=O)O)O)C(=O)O)[C@@H](C(=O)O)N,https://www.rcsb.org/ligand/2G2,https://www.ebi.ac.uk/pdbe/static/files/pdbechem_v2/2G2_500.svg
暂缓,P3,2G4,N-[(S)-hydroxy(4-phenylbutoxy)phosphoryl]-L-glutamic acid,,芳香/疏水侧链,需确认,未进入使用审计,0,0,,结构可能合理，但单体身份、偶联条件或复杂度证据不足，暂不进入研发候选库,分子量超过300 Da，需确认偶联、脱保护和总环肽体积负担；杂原子较多，可能带来较高极性或多重保护需求；含磷酸/膦酸相关结构，通常不利于被动跨膜；CCD未指定标准氨基酸母体,C15 H22 N O7 P,359.311,,NON-POLYMER,3,c1ccc(cc1)CCCCOP(=O)(N[C@@H](CCC(=O)O)C(=O)O)O,https://www.rcsb.org/ligand/2G4,https://www.ebi.ac.uk/pdbe/static/files/pdbechem_v2/2G4_500.svg
暂缓,P3,2G5,N-[(S)-[(2S)-2-(benzoylamino)-2-carboxyethoxy](hydroxy)phosphoryl]-L-glutamic acid,,其他候选,需确认,未进入使用审计,0,0,,结构可能合理，但单体身份、偶联条件或复杂度证据不足，暂不进入研发候选库,分子量超过300 Da，需确认偶联、脱保护和总环肽体积负担；杂原子较多，可能带来较高极性或多重保护需求；含磷酸/膦酸相关结构，通常不利于被动跨膜；含预先形成的酰胺键，需确认主链氨基是否仍可偶联；CCD未指定标准氨基酸母体,C15 H19 N2 O10 P,418.293,,NON-POLYMER,3,c1ccc(cc1)C(=O)N[C@@H](COP(=O)(N[C@@H](CCC(=O)O)C(=O)O)O)C(=O)O,https://www.rcsb.org/ligand/2G5,https://www.ebi.ac.uk/pdbe/static/files/pdbechem_v2/2G5_500.svg
暂缓,P3,2GB,N-[(S)-(biphenyl-4-ylmethoxy)(hydroxy)phosphoryl]-L-glutamic acid,,芳香/疏水侧链,需确认,未进入使用审计,0,0,,结构可能合理，但单体身份、偶联条件或复杂度证据不足，暂不进入研发候选库,分子量超过300 Da，需确认偶联、脱保护和总环肽体积负担；杂原子较多，可能带来较高极性或多重保护需求；含磷酸/膦酸相关结构，通常不利于被动跨膜；CCD未指定标准氨基酸母体,C18 H20 N O7 P,393.328,,NON-POLYMER,3,c1ccc(cc1)c2ccc(cc2)COP(=O)(N[C@@H](CCC(=O)O)C(=O)O)O,https://www.rcsb.org/ligand/2GB,https://www.ebi.ac.uk/pdbe/static/files/pdbechem_v2/2GB_500.svg
暂缓,P3,2GR,N-[(S)-[2-(benzoylamino)ethoxy](hydroxy)phosphoryl]-L-glutamic acid,,其他候选,需确认,未进入使用审计,0,0,,结构可能合理，但单体身份、偶联条件或复杂度证据不足，暂不进入研发候选库,分子量超过300 Da，需确认偶联、脱保护和总环肽体积负担；杂原子较多，可能带来较高极性或多重保护需求；含磷酸/膦酸相关结构，通常不利于被动跨膜；含预先形成的酰胺键，需确认主链氨基是否仍可偶联；CCD未指定标准氨基酸母体,C14 H19 N2 O8 P,374.283,,NON-POLYMER,3,c1ccc(cc1)C(=O)NCCOP(=O)(N[C@@H](CCC(=O)O)C(=O)O)O,https://www.rcsb.org/ligand/2GR,https://www.ebi.ac.uk/pdbe/static/files/pdbechem_v2/2GR_500.svg
暂缓,P3,2H9,N-[(S)-[(2R)-2-(benzoylamino)-2-carboxyethoxy](hydroxy)phosphoryl]-L-glutamic acid,,其他候选,需确认,未进入使用审计,0,0,,结构可能合理，但单体身份、偶联条件或复杂度证据不足，暂不进入研发候选库,分子量超过300 Da，需确认偶联、脱保护和总环肽体积负担；杂原子较多，可能带来较高极性或多重保护需求；含磷酸/膦酸相关结构，通常不利于被动跨膜；含预先形成的酰胺键，需确认主链氨基是否仍可偶联；CCD未指定标准氨基酸母体,C15 H19 N2 O10 P,418.293,,NON-POLYMER,3,c1ccc(cc1)C(=O)N[C@H](COP(=O)(N[C@@H](CCC(=O)O)C(=O)O)O)C(=O)O,https://www.rcsb.org/ligand/2H9,https://www.ebi.ac.uk/pdbe/static/files/pdbechem_v2/2H9_500.svg
暂缓,P3,2JL,"(2S,3R)-1-(phenanthren-2-ylcarbonyl)piperazine-2,3-dicarboxylic acid",,其他候选,需确认,未进入使用审计,0,0,,结构可能合理，但单体身份、偶联条件或复杂度证据不足，暂不进入研发候选库,分子量超过300 Da，需确认偶联、脱保护和总环肽体积负担；含预先形成的酰胺键，需确认主链氨基是否仍可偶联；CCD未指定标准氨基酸母体,C21 H18 N2 O5,378.378,,NON-POLYMER,2,c1ccc2c(c1)ccc3c2ccc(c3)C(=O)N4CCN[C@H]([C@H]4C(=O)O)C(=O)O,https://www.rcsb.org/ligand/2JL,https://www.ebi.ac.uk/pdbe/static/files/pdbechem_v2/2JL_500.svg
暂缓,P3,2PC,"3,4-DIHYDRO-2H-PYRROLIUM-5-CARBOXYLATE",,其他候选,需确认,未进入使用审计,0,0,,结构可能合理，但单体身份、偶联条件或复杂度证据不足，暂不进入研发候选库,CCD未指定标准氨基酸母体,C5 H7 N O2,113.115,,NON-POLYMER,4,C1CC(=[NH+]C1)C(=O)[O-],https://www.rcsb.org/ligand/2PC,https://www.ebi.ac.uk/pdbe/static/files/pdbechem_v2/2PC_500.svg
暂缓,P3,2RG,"(2S,3R,4S)-4-({(3S,5S)-5-[(3-carboxyphenyl)carbamoyl]pyrrolidin-3-yl}sulfanyl)-2-[(1S,2R)-1-formyl-2-hydroxypropyl]-3-methyl-3,4-dihydro-2H-pyrrole-5-carboxylic acid","ERTAPENEM, bound form POST-ISOMERIZED",芳香/疏水侧链,需确认,未进入使用审计,0,0,,结构可能合理，但单体身份、偶联条件或复杂度证据不足，暂不进入研发候选库,分子量超过300 Da，需确认偶联、脱保护和总环肽体积负担；杂原子较多，可能带来较高极性或多重保护需求；含预先形成的酰胺键，需确认主链氨基是否仍可偶联；CCD未指定标准氨基酸母体,C22 H27 N3 O7 S,477.531,,NON-POLYMER,4,C[C@H]1[C@@H](C(=N[C@H]1[C@H](C=O)[C@@H](C)O)C(=O)O)S[C@H]2C[C@H](NC2)C(=O)Nc3cccc(c3)C(=O)O,https://www.rcsb.org/ligand/2RG,https://www.ebi.ac.uk/pdbe/static/files/pdbechem_v2/2RG_500.svg
排除,P3,2Z0,N-{[5-(dimethylamino)naphthalen-2-yl]sulfonyl}-L-alpha-glutamyl-N-[(1S)-4-{[amino(iminio)methyl]amino}-1-(chloroacetyl) butyl]glycinamide,dansyl-Glu-Gly-Arg-chloromethyl-ketone,卤代/电子调节,否,未进入使用审计,0,0,,分子量超过500 Da，优先判断为复杂整分子,分子量超过300 Da，需确认偶联、脱保护和总环肽体积负担；杂原子较多，可能带来较高极性或多重保护需求；含预先形成的酰胺键，需确认主链氨基是否仍可偶联；CCD未指定标准氨基酸母体,C26 H37 Cl N7 O7 S,627.133,,peptide-like,3,CN(C)c1cccc2c1ccc(c2)S(=O)(=O)N[C@@H](CCC(=O)O)C(=O)NCC(=O)N[C@@H](CCCNC(=[NH2+])N)C(=O)CCl,https://www.rcsb.org/ligand/2Z0,https://www.ebi.ac.uk/pdbe/static/files/pdbechem_v2/2Z0_500.svg
暂缓,P3,30E,"(3R,4R)-1-[3-amino-6-(3,4,5-trimethoxyphenyl)pyrazin-2-yl]-3-ethylpiperidine-4-carboxylic acid",,芳香/疏水侧链,需确认,未进入使用审计,0,0,,结构可能合理，但单体身份、偶联条件或复杂度证据不足，暂不进入研发候选库,分子量超过300 Da，需确认偶联、脱保护和总环肽体积负担；CCD未指定标准氨基酸母体,C21 H28 N4 O5,416.471,,non-polymer,3,CC[C@H]1C[N@@](CC[C@H]1C(=O)O)c2c(ncc(n2)c3cc(c(c(c3)OC)OC)OC)N,https://www.rcsb.org/ligand/30E,https://www.ebi.ac.uk/pdbe/static/files/pdbechem_v2/30E_500.svg
排除,P3,33K,N-benzyl-N-(carboxymethyl)glycyl-L-histidine,,其他候选,否,未进入使用审计,0,0,,名称明确为二肽/寡肽片段，不是单个氨基酸残基,分子量超过300 Da，需确认偶联、脱保护和总环肽体积负担；含预先形成的酰胺键，需确认主链氨基是否仍可偶联；CCD未指定标准氨基酸母体,C17 H20 N4 O5,360.365,,NON-POLYMER,1,c1ccc(cc1)CN(CC(=O)N[C@@H](Cc2cnc[nH]2)C(=O)O)CC(=O)O,https://www.rcsb.org/ligand/33K,https://www.ebi.ac.uk/pdbe/static/files/pdbechem_v2/33K_500.svg
暂缓,P3,33V,"(3R,6R,7S)-7-[(2R,3aR)-hexahydropyrazolo[1,5-c][1,3]thiazin-2-yl]-6-(hydroxymethyl)-1,4-thiazepane-3-carboxylic acid",,其他候选,需确认,未进入使用审计,0,0,,结构可能合理，但单体身份、偶联条件或复杂度证据不足，暂不进入研发候选库,分子量超过300 Da，需确认偶联、脱保护和总环肽体积负担；CCD未指定标准氨基酸母体,C13 H23 N3 O3 S2,333.47,,NON-POLYMER,1,C1CSCN2[C@@H]1C[C@@H](N2)[C@@H]3[C@H](CN[C@@H](CS3)C(=O)O)CO,https://www.rcsb.org/ligand/33V,https://www.ebi.ac.uk/pdbe/static/files/pdbechem_v2/33V_500.svg
暂缓,P3,346,(R)-(4-CARBAMIMIDOYL-PHENYLAMINO)-[5-ETHOXY-2-FLUORO-3-[(R)-TETRAHYDRO-FURAN-3-YLOXY]-PHENYL]-ACETIC ACID,(2R)-({4-[AMINO(IMINO)METHYL]PHENYL}AMINO){5-ETHOXY-2-FLUORO-3-[(3R)-TETRAHYDROFURAN-3-YLOXY]PHENYL}ACETIC ACID,卤代/电子调节,需确认,未进入使用审计,0,0,,结构可能合理，但单体身份、偶联条件或复杂度证据不足，暂不进入研发候选库,分子量超过300 Da，需确认偶联、脱保护和总环肽体积负担；CCD未指定标准氨基酸母体,C21 H24 F N3 O5,417.431,,NON-POLYMER,1,[H]/N=C(\c1ccc(cc1)N[C@H](c2cc(cc(c2F)O[C@@H]3CCOC3)OCC)C(=O)O)/N,https://www.rcsb.org/ligand/346,https://www.ebi.ac.uk/pdbe/static/files/pdbechem_v2/346_500.svg
暂缓,P3,34J,"(2S)-3-(4-amino-3-nitrophenyl)-2-{2-[(4P)-4-(3,4-dichlorophenyl)-1,3-thiazol-2-yl]hydrazin-1-yl}propanoic acid",,卤代/电子调节,需确认,未进入使用审计,0,0,,结构可能合理，但单体身份、偶联条件或复杂度证据不足，暂不进入研发候选库,分子量超过300 Da，需确认偶联、脱保护和总环肽体积负担；杂原子较多，可能带来较高极性或多重保护需求；CCD未指定标准氨基酸母体,C18 H15 Cl2 N5 O4 S,468.314,,NON-POLYMER,1,c1cc(c(cc1C[C@@H](C(=O)O)NNc2nc(cs2)c3ccc(c(c3)Cl)Cl)[N+](=O)[O-])N,https://www.rcsb.org/ligand/34J,https://www.ebi.ac.uk/pdbe/static/files/pdbechem_v2/34J_500.svg
暂缓,P3,34P,"N-(CARBOXYMETHYL)-3-CYCLOHEXYL-D-ALANYL-N-({4-[(E)-AMINO(IMINO)METHYL]-1,3-THIAZOL-2-YL}METHYL)-L-PROLINAMIDE",,D-构型,需确认,未进入使用审计,0,0,,结构可能合理，但单体身份、偶联条件或复杂度证据不足，暂不进入研发候选库,分子量超过300 Da，需确认偶联、脱保护和总环肽体积负担；杂原子较多，可能带来较高极性或多重保护需求；CCD未指定标准氨基酸母体,C21 H32 N6 O4 S,464.582,,peptide-like,1,[H]/N=C(/c1csc(n1)CNC(=O)[C@@H]2CCCN2C(=O)[C@@H](CC3CCCCC3)NCC(=O)O)\N,https://www.rcsb.org/ligand/34P,https://www.ebi.ac.uk/pdbe/static/files/pdbechem_v2/34P_500.svg
暂缓,P3,354,N-[(S)-(4-{[(2-AMINO-4-HYDROXYQUINAZOLIN-6-YL)(DIHYDROXY)-LAMBDA~4~-SULFANYL]AMINO}PHENYL)(HYDROXY)METHYL]-L-GLUTAMIC ACID,,芳香/疏水侧链,需确认,未进入使用审计,0,0,,结构可能合理，但单体身份、偶联条件或复杂度证据不足，暂不进入研发候选库,分子量超过300 Da，需确认偶联、脱保护和总环肽体积负担；杂原子较多，可能带来较高极性或多重保护需求；CCD未指定标准氨基酸母体,C20 H23 N5 O8 S,493.49,,NON-POLYMER,3,c1cc(ccc1C(N[C@@H](CCC(=O)O)C(=O)O)O)NS(c2ccc3c(c2)c(nc(n3)N)O)(O)O,https://www.rcsb.org/ligand/354,https://www.ebi.ac.uk/pdbe/static/files/pdbechem_v2/354_500.svg
排除,P3,35P,"(2R,4S)-5,5-dimethyl-2-{(1R)-2-oxo-1-[(phenoxyacetyl)amino]ethyl}-1,3-thiazolidine-4-carboxylic acid",OPEN FORM - PENICILLIN V,其他候选,否,未进入使用审计,0,0,,名称明确提示药物、抗生素或反应中间体,分子量超过300 Da，需确认偶联、脱保护和总环肽体积负担；CCD未指定标准氨基酸母体,C16 H20 N2 O5 S,352.405,,NON-POLYMER,1,CC1([C@@H](N[C@H](S1)[C@@H](C=O)NC(=O)COc2ccccc2)C(=O)O)C,https://www.rcsb.org/ligand/35P,https://www.ebi.ac.uk/pdbe/static/files/pdbechem_v2/35P_500.svg
排除,P3,36A,"(S)-2-amino-4-(((2S,3S,4R,5R)-5-(6-(3-chlorobenzylamino)-9H-purin-9-yl)-3,4-dihydroxytetrahydrofuran-2-yl)methylthio)butanoic acid",,卤代/电子调节,否,未进入使用审计,0,0,,分子量超过500 Da，优先判断为复杂整分子,分子量超过300 Da，需确认偶联、脱保护和总环肽体积负担；杂原子较多，可能带来较高极性或多重保护需求；CCD未指定标准氨基酸母体,C21 H25 Cl N6 O5 S,508.978,,NON-POLYMER,1,c1cc(cc(c1)Cl)CNc2c3c(ncn2)n(cn3)[C@H]4[C@@H]([C@@H]([C@H](O4)CSCC[C@@H](C(=O)O)N)O)O,https://www.rcsb.org/ligand/36A,https://www.ebi.ac.uk/pdbe/static/files/pdbechem_v2/36A_500.svg
暂缓,P3,37H,"(5S)-5-{[(2R,3S,4R,5R)-5-(6-amino-9H-purin-9-yl)-3,4-dihydroxytetrahydrofuran-2-yl]methyl}-N~6~-carbamimidoyl-L-lysine",,其他候选,需确认,未进入使用审计,0,0,,结构可能合理，但单体身份、偶联条件或复杂度证据不足，暂不进入研发候选库,分子量超过300 Da，需确认偶联、脱保护和总环肽体积负担；杂原子较多，可能带来较高极性或多重保护需求；CCD未指定标准氨基酸母体,C17 H27 N9 O5,437.454,,NON-POLYMER,1,[H]/N=C(/N)\NC[C@@H](CC[C@@H](C(=O)O)N)C[C@@H]1[C@H]([C@H]([C@@H](O1)n2cnc3c2ncnc3N)O)O,https://www.rcsb.org/ligand/37H,https://www.ebi.ac.uk/pdbe/static/files/pdbechem_v2/37H_500.svg
暂缓,P3,383,"[2-AMINO-3-(4-HYDROXY-PHENYL)-PROPIONYLAMINO]- (2,4,5,8-TETRAHYDROXY-7-OXA-2-AZA-BICYCLO[3.2.1]OCT-3-YL)- ACETIC ACID",SB-219383,芳香/疏水侧链,需确认,未进入使用审计,0,0,,结构可能合理，但单体身份、偶联条件或复杂度证据不足，暂不进入研发候选库,分子量超过300 Da，需确认偶联、脱保护和总环肽体积负担；杂原子较多，可能带来较高极性或多重保护需求；含预先形成的酰胺键，需确认主链氨基是否仍可偶联；CCD未指定标准氨基酸母体,C17 H23 N3 O9,413.379,,NON-POLYMER,2,c1cc(ccc1C[C@@H](C(=O)N[C@@H]([C@H]2[C@@H]([C@@]3(CO[C@@H]([C@@H]3O)[N@@]2O)O)O)C(=O)O)N)O,https://www.rcsb.org/ligand/383,https://www.ebi.ac.uk/pdbe/static/files/pdbechem_v2/383_500.svg
暂缓,P3,38I,"{(5R)-5-amino-5-carboxy-5-[(3-endo)-8-(3,4-dichlorobenzyl)-8-azabicyclo[3.2.1]oct-3-yl]pentyl}(trihydroxy)borate(1-)",,卤代/电子调节,需确认,未进入使用审计,0,0,,结构可能合理，但单体身份、偶联条件或复杂度证据不足，暂不进入研发候选库,分子量超过300 Da，需确认偶联、脱保护和总环肽体积负担；CCD未指定标准氨基酸母体,C20 H30 B Cl2 N2 O5,460.18,,NON-POLYMER,1,[B-](CCCC[C@@](C1C[C@H]2CC[C@@H](C1)N2Cc3ccc(c(c3)Cl)Cl)(C(=O)O)N)(O)(O)O,https://www.rcsb.org/ligand/38I,https://www.ebi.ac.uk/pdbe/static/files/pdbechem_v2/38I_500.svg
暂缓,P3,3A0,"(2S,4S)-4-methylpiperidine-2-carboxylic acid",,其他候选,需确认,未进入使用审计,0,0,,结构可能合理，但单体身份、偶联条件或复杂度证据不足，暂不进入研发候选库,CCD未指定标准氨基酸母体,C7 H13 N O2,143.184,,NON-POLYMER,1,C[C@H]1CCN[C@@H](C1)C(=O)O,https://www.rcsb.org/ligand/3A0,https://www.ebi.ac.uk/pdbe/static/files/pdbechem_v2/3A0_500.svg
暂缓,P3,3C7,"(3R,5R,7aS)-5-(sulfanylmethyl)tetrahydro[1,3]thiazolo[4,3-b][1,3]thiazole-3-carboxylic acid",,其他候选,需确认,未进入使用审计,0,0,,结构可能合理，但单体身份、偶联条件或复杂度证据不足，暂不进入研发候选库,CCD未指定标准氨基酸母体,C7 H11 N O2 S3,237.363,,NON-POLYMER,1,C1[C@H](N2[C@@H](S1)CS[C@@H]2CS)C(=O)O,https://www.rcsb.org/ligand/3C7,https://www.ebi.ac.uk/pdbe/static/files/pdbechem_v2/3C7_500.svg
暂缓,P3,3E2,"(3-thioxo-2,3-dihydro-5H-[1,2,4]triazino[5,6-b]indol-5-yl)acetic acid",,芳香/疏水侧链,需确认,未进入使用审计,0,0,,结构可能合理，但单体身份、偶联条件或复杂度证据不足，暂不进入研发候选库,CCD未指定标准氨基酸母体,C11 H8 N4 O2 S,260.272,,NON-POLYMER,1,c1ccc2c(c1)C3=NNC(=S)N=C3N2CC(=O)O,https://www.rcsb.org/ligand/3E2,https://www.ebi.ac.uk/pdbe/static/files/pdbechem_v2/3E2_500.svg
暂缓,P3,3HU,"(S)-1-(2'-AMINO-2'-CARBOXYETHYL)-3-[(2-CARBOXYTHIEN-3-YL)METHYL]THIENO[3,4-D]PYRIMIDIN-2,4-DIONE",,其他候选,需确认,未进入使用审计,0,0,,结构可能合理，但单体身份、偶联条件或复杂度证据不足，暂不进入研发候选库,分子量超过300 Da，需确认偶联、脱保护和总环肽体积负担；杂原子较多，可能带来较高极性或多重保护需求；CCD未指定标准氨基酸母体,C15 H13 N3 O6 S2,395.41,,NON-POLYMER,1,c1csc(c1CN2C(=O)c3cscc3N(C2=O)C[C@@H](C(=O)O)N)C(=O)O,https://www.rcsb.org/ligand/3HU,https://www.ebi.ac.uk/pdbe/static/files/pdbechem_v2/3HU_500.svg
排除,P3,3KS,"N-acetyl-L-alanyl-N-[(1S,5R)-5-amino-1,5-dicarboxypentyl]-D-glutamine",,D-构型,否,未进入使用审计,0,0,,主链氨基已被端基化，不适合作为普通内部残基,分子量超过300 Da，需确认偶联、脱保护和总环肽体积负担；杂原子较多，可能带来较高极性或多重保护需求；含预先形成的酰胺键，需确认主链氨基是否仍可偶联；CCD未指定标准氨基酸母体,C17 H28 N4 O9,432.426,,NON-POLYMER,1,C[C@@H](C(=O)N[C@H](CCC(=O)N[C@@H](CCC[C@H](C(=O)O)N)C(=O)O)C(=O)O)NC(=O)C,https://www.rcsb.org/ligand/3KS,https://www.ebi.ac.uk/pdbe/static/files/pdbechem_v2/3KS_500.svg
排除,P3,3LU,"1-({(2R)-4-carboxy-2-[(R)-carboxy{[(2R)-2-phenyl-2-sulfoacetyl]amino}methyl]-3,6-dihydro-2H-1,3-thiazin-5-yl}methyl)pyridinium","Cefsulodin, bound form",芳香/疏水侧链,否,未进入使用审计,0,0,,分子量超过500 Da，优先判断为复杂整分子,分子量超过300 Da，需确认偶联、脱保护和总环肽体积负担；杂原子较多，可能带来较高极性或多重保护需求；含预先形成的酰胺键，需确认主链氨基是否仍可偶联；CCD未指定标准氨基酸母体,C21 H22 N3 O8 S2,508.545,,NON-POLYMER,1,c1ccc(cc1)[C@H](C(=O)N[C@@H]([C@@H]2NC(=C(CS2)C[n+]3ccccc3)C(=O)O)C(=O)O)S(=O)(=O)O,https://www.rcsb.org/ligand/3LU,https://www.ebi.ac.uk/pdbe/static/files/pdbechem_v2/3LU_500.svg
暂缓,P3,3NP,3-NITROPROPANOIC ACID,,其他候选,需确认,未进入使用审计,0,0,,结构可能合理，但单体身份、偶联条件或复杂度证据不足，暂不进入研发候选库,CCD未指定标准氨基酸母体,C3 H5 N O4,119.076,,NON-POLYMER,2,C(C[N+](=O)[O-])C(=O)O,https://www.rcsb.org/ligand/3NP,https://www.ebi.ac.uk/pdbe/static/files/pdbechem_v2/3NP_500.svg
暂缓,P3,3R9,"(3S,5S,7aR)-5-(sulfanylmethyl)tetrahydro[1,3]thiazolo[4,3-b][1,3]thiazole-3-carboxylic acid",,其他候选,需确认,未进入使用审计,0,0,,结构可能合理，但单体身份、偶联条件或复杂度证据不足，暂不进入研发候选库,CCD未指定标准氨基酸母体,C7 H11 N O2 S3,237.363,,NON-POLYMER,1,C1[C@@H](N2[C@H](S1)CS[C@H]2CS)C(=O)O,https://www.rcsb.org/ligand/3R9,https://www.ebi.ac.uk/pdbe/static/files/pdbechem_v2/3R9_500.svg
暂缓,P3,3S0,"(2R,5S)-5-[(carbamoyloxy)methyl]-2-[(R)-carboxy{[(2Z)-2-(furan-2-yl)-2-(methoxyimino)acetyl]amino}methyl]-5,6-dihydro-2H-1,3-thiazine-4-carboxylic acid",,其他候选,需确认,未进入使用审计,0,0,,结构可能合理，但单体身份、偶联条件或复杂度证据不足，暂不进入研发候选库,分子量超过300 Da，需确认偶联、脱保护和总环肽体积负担；杂原子较多，可能带来较高极性或多重保护需求；含预先形成的酰胺键，需确认主链氨基是否仍可偶联；CCD未指定标准氨基酸母体,C16 H18 N4 O9 S,442.401,,NON-POLYMER,2,CO/N=C(/c1ccco1)\C(=O)N[C@@H]([C@@H]2N=C([C@H](CS2)COC(=O)N)C(=O)O)C(=O)O,https://www.rcsb.org/ligand/3S0,https://www.ebi.ac.uk/pdbe/static/files/pdbechem_v2/3S0_500.svg
暂缓,P3,3S3,"(1R)-2-({(R)-carboxy[(2R,5S)-4-carboxy-5-methyl-5,6-dihydro-2H-1,3-thiazin-2-yl]methyl}amino)-2-oxo-1-phenylethanaminium",,芳香/疏水侧链,需确认,未进入使用审计,0,0,,结构可能合理，但单体身份、偶联条件或复杂度证据不足，暂不进入研发候选库,分子量超过300 Da，需确认偶联、脱保护和总环肽体积负担；CCD未指定标准氨基酸母体,C16 H20 N3 O5 S,366.412,,NON-POLYMER,2,C[C@@H]1CS[C@@H](N=C1C(=O)O)[C@@H](C(=O)O)NC(=O)[C@@H](c2ccccc2)[NH3+],https://www.rcsb.org/ligand/3S3,https://www.ebi.ac.uk/pdbe/static/files/pdbechem_v2/3S3_500.svg
暂缓,P3,3SP,N-(CARBOXYMETHYL)-3-CYCLOHEXYL-D-ALANYL-N-({5-[(E)-AMINO(IMINO)METHYL]THIEN-2-YL}METHYL)-L-PROLINAMIDE,,D-构型,需确认,未进入使用审计,0,0,,结构可能合理，但单体身份、偶联条件或复杂度证据不足，暂不进入研发候选库,分子量超过300 Da，需确认偶联、脱保护和总环肽体积负担；杂原子较多，可能带来较高极性或多重保护需求；CCD未指定标准氨基酸母体,C22 H33 N5 O4 S,463.594,,peptide-like,1,[H]/N=C(/c1ccc(s1)CNC(=O)[C@@H]2CCCN2C(=O)[C@@H](CC3CCCCC3)NCC(=O)O)\N,https://www.rcsb.org/ligand/3SP,https://www.ebi.ac.uk/pdbe/static/files/pdbechem_v2/3SP_500.svg
暂缓,P3,3WU,"(2R,3R)-3-methoxy-2-methyl-3-[(2S)-pyrrolidin-2-yl]propanoic acid",,其他候选,需确认,未进入使用审计,0,0,,结构可能合理，但单体身份、偶联条件或复杂度证据不足，暂不进入研发候选库,CCD未指定标准氨基酸母体,C9 H17 N O3,187.236,,peptide-like,3,C[C@H]([C@H]([C@@H]1CCCN1)OC)C(=O)O,https://www.rcsb.org/ligand/3WU,https://www.ebi.ac.uk/pdbe/static/files/pdbechem_v2/3WU_500.svg
暂缓,P3,3X4,"N~6~-{N-[(1,3-dioxo-1,3-dihydro-2H-isoindol-2-yl)acetyl]-2-methyl-D-alanyl}-D-lysine",,D-构型,需确认,未进入使用审计,0,0,,结构可能合理，但单体身份、偶联条件或复杂度证据不足，暂不进入研发候选库,分子量超过300 Da，需确认偶联、脱保护和总环肽体积负担；杂原子较多，可能带来较高极性或多重保护需求；含预先形成的酰胺键，需确认主链氨基是否仍可偶联；CCD未指定标准氨基酸母体,C20 H26 N4 O6,418.444,,NON-POLYMER,1,CC(C)(C(=O)NCCCC[C@H](C(=O)O)N)NC(=O)CN1C(=O)c2ccccc2C1=O,https://www.rcsb.org/ligand/3X4,https://www.ebi.ac.uk/pdbe/static/files/pdbechem_v2/3X4_500.svg
暂缓,P3,3XR,"(2S,3R,4S,5S)-2-(acetylamino)-5-carboxy-3,4-dihydroxypiperidinium",,其他候选,需确认,未进入使用审计,0,0,,结构可能合理，但单体身份、偶联条件或复杂度证据不足，暂不进入研发候选库,含预先形成的酰胺键，需确认主链氨基是否仍可偶联；CCD未指定标准氨基酸母体,C8 H15 N2 O5,219.215,,NON-POLYMER,2,CC(=O)N[C@@H]1[C@H]([C@H]([C@H](C[NH2+]1)C(=O)O)O)O,https://www.rcsb.org/ligand/3XR,https://www.ebi.ac.uk/pdbe/static/files/pdbechem_v2/3XR_500.svg
排除,P3,3Y8,"3-[(1R,2S,3S,7S,11S,16S,17R,18R,19R)-2,7,12,18-tetrakis(2-hydroxy-2-oxoethyl)-3,13-bis(3-hydroxy-3-oxopropyl)-1,2,5,7,11,17-hexamethyl-17-(3-oxidanyl-3-oxidanylidene-prop-1-enyl)-3,6,8,10,15,16,18,19,21,24-decahydrocorrin-8-yl]propanoic acid",,其他候选,否,未进入使用审计,0,0,,分子量超过500 Da，优先判断为复杂整分子,分子量超过300 Da，需确认偶联、脱保护和总环肽体积负担；杂原子较多，可能带来较高极性或多重保护需求；CCD未指定标准氨基酸母体,C45 H60 N4 O16,912.975,,NON-POLYMER,3,CC1=C2[C@H]([C@]([C@@](N2)([C@H]3[C@@H]([C@@]([C@@H](N3)CC4=N[C@@](CC5=NC1[C@@](C5CCC(=O)O)(C)CC(=O)O)(C(=C4CCC(=O)O)CC(=O)O)C)(C)C=CC(=O)O)CC(=O)O)C)(C)CC(=O)O)CCC(=O)O,https://www.rcsb.org/ligand/3Y8,https://www.ebi.ac.uk/pdbe/static/files/pdbechem_v2/3Y8_500.svg
排除,P3,3ZZ,PROTOPORPHYRIN IX CONTAINING INDIUM,,其他候选,否,未进入使用审计,0,0,,含金属元素，不属于常规肽合成单体；分子量超过500 Da，优先判断为复杂整分子,分子量超过300 Da，需确认偶联、脱保护和总环肽体积负担；CCD未指定标准氨基酸母体,C34 H32 In N4 O4,675.46,,NON-POLYMER,4,Cc1c2n3c(c1C=C)C=C4C(=C(C5=[N]4[In]36[N]7=C(C=C8N6C(=C5)C(=C8CCC(=O)O)C)C(=C(C7=C2)C)CCC(=O)O)C=C)C,https://www.rcsb.org/ligand/3ZZ,https://www.ebi.ac.uk/pdbe/static/files/pdbechem_v2/3ZZ_500.svg
暂缓,P3,41K,"(2R,4R)-2-methyl-1,3-thiazolidine-2,4-dicarboxylic acid",,其他候选,需确认,未进入使用审计,0,0,,结构可能合理，但单体身份、偶联条件或复杂度证据不足，暂不进入研发候选库,CCD未指定标准氨基酸母体,C6 H9 N O4 S,191.205,,NON-POLYMER,1,C[C@]1(N[C@@H](CS1)C(=O)O)C(=O)O,https://www.rcsb.org/ligand/41K,https://www.ebi.ac.uk/pdbe/static/files/pdbechem_v2/41K_500.svg
暂缓,P3,449,"4-carboxy-1,1-dimethylpiperidin-1-ium",,其他候选,需确认,未进入使用审计,0,0,,结构可能合理，但单体身份、偶联条件或复杂度证据不足，暂不进入研发候选库,CCD未指定标准氨基酸母体,C8 H16 N O2,158.218,,NON-POLYMER,3,C[N+]1(CCC(CC1)C(=O)O)C,https://www.rcsb.org/ligand/449,https://www.ebi.ac.uk/pdbe/static/files/pdbechem_v2/449_500.svg
暂缓,P3,488,"(2R,4R)-2-[(4R)-2-(2-hydroxyphenyl)-4,5-dihydro-1,3-thiazol-4-yl]-3-methyl-1,3-thiazolidine-4-carboxylic acid",Pyochelin,芳香/疏水侧链,需确认,未进入使用审计,0,0,,结构可能合理，但单体身份、偶联条件或复杂度证据不足，暂不进入研发候选库,分子量超过300 Da，需确认偶联、脱保护和总环肽体积负担；CCD未指定标准氨基酸母体,C14 H16 N2 O3 S2,324.418,,NON-POLYMER,1,CN1[C@@H](CS[C@@H]1[C@H]2CSC(=N2)c3ccccc3O)C(=O)O,https://www.rcsb.org/ligand/488,https://www.ebi.ac.uk/pdbe/static/files/pdbechem_v2/488_500.svg
排除,P3,48T,L-gamma-glutamyl-S-(2-biphenyl-4-yl-2-oxoethyl)-L-cysteinylglycine,,芳香/疏水侧链,否,未进入使用审计,0,0,,分子量超过500 Da，优先判断为复杂整分子,分子量超过300 Da，需确认偶联、脱保护和总环肽体积负担；杂原子较多，可能带来较高极性或多重保护需求；含预先形成的酰胺键，需确认主链氨基是否仍可偶联；CCD未指定标准氨基酸母体,C24 H27 N3 O7 S,501.552,,non-polymer,1,c1ccc(cc1)c2ccc(cc2)C(=O)CSC[C@@H](C(=O)NCC(=O)O)NC(=O)CC[C@@H](C(=O)O)N,https://www.rcsb.org/ligand/48T,https://www.ebi.ac.uk/pdbe/static/files/pdbechem_v2/48T_500.svg
暂缓,P3,4BU,(2S)-2-amino-5-[[4-[(2S)-2-hydroxy-2-phenyl-ethoxy]phenyl]amino]-5-oxo-pentanoic acid,,芳香/疏水侧链,需确认,未进入使用审计,0,0,,结构可能合理，但单体身份、偶联条件或复杂度证据不足，暂不进入研发候选库,分子量超过300 Da，需确认偶联、脱保护和总环肽体积负担；CCD未指定标准氨基酸母体,C19 H22 N2 O5,358.388,,NON-POLYMER,1,c1ccc(cc1)[C@@H](COc2ccc(cc2)NC(=O)CC[C@@H](C(=O)O)N)O,https://www.rcsb.org/ligand/4BU,https://www.ebi.ac.uk/pdbe/static/files/pdbechem_v2/4BU_500.svg
暂缓,P3,4C5,(2R)-2-azanyl-3-[(4-methoxyphenyl)-diphenyl-methyl]sulfanyl-propanoic acid,,芳香/疏水侧链,需确认,未进入使用审计,0,0,,结构可能合理，但单体身份、偶联条件或复杂度证据不足，暂不进入研发候选库,分子量超过300 Da，需确认偶联、脱保护和总环肽体积负担；CCD未指定标准氨基酸母体,C23 H23 N O3 S,393.499,,NON-POLYMER,1,COc1ccc(cc1)C(c2ccccc2)(c3ccccc3)SC[C@@H](C(=O)O)N,https://www.rcsb.org/ligand/4C5,https://www.ebi.ac.uk/pdbe/static/files/pdbechem_v2/4C5_500.svg
暂缓,P3,4CS,"(4S)-2-METHYL-1,4,5,6-TETRAHYDROPYRIMIDINE-4-CARBOXYLIC ACID",ECTOINE,其他候选,需确认,未进入使用审计,0,0,,结构可能合理，但单体身份、偶联条件或复杂度证据不足，暂不进入研发候选库,CCD未指定标准氨基酸母体,C6 H10 N2 O2,142.156,,NON-POLYMER,1,CC1=N[C@@H](CCN1)C(=O)O,https://www.rcsb.org/ligand/4CS,https://www.ebi.ac.uk/pdbe/static/files/pdbechem_v2/4CS_500.svg
排除,P3,4HE,"(4-chlorophenyl)[3,3'-(7,12-diethenyl-3,8,13,17-tetramethylporphyrin-2,18-diyl-kappa~4~N~21~,N~22~,N~23~,N~24~)di(propanoato)(2-)]iron",,卤代/电子调节,否,未进入使用审计,0,0,,含金属元素，不属于常规肽合成单体；分子量超过500 Da，优先判断为复杂整分子,分子量超过300 Da，需确认偶联、脱保护和总环肽体积负担；CCD未指定标准氨基酸母体,C40 H36 Cl Fe N4 O4,728.036,,NON-POLYMER,4,Cc1c2n3c(c1C=C)C=C4C(=C(C5=[N]4[Fe]36([N]7=C(C=C8N6C(=C5)C(=C8CCC(=O)O)C)C(=C(C7=C2)C)CCC(=O)O)c9ccc(cc9)Cl)C=C)C,https://www.rcsb.org/ligand/4HE,https://www.ebi.ac.uk/pdbe/static/files/pdbechem_v2/4HE_500.svg
排除,P3,4J6,"(4R,5S)-5-[(2S,3R)-3-hydroxy-1-oxobutan-2-yl]-4-methyl-3-({(3S,5S)-5-[(sulfamoylamino)methyl]pyrrolidin-3-yl}sulfanyl)-4,5-dihydro-1H-pyrrole-2-carboxylic acid","Doripenem(open form, pyrroline tautomer form 1, SP2 connection to Thio)",其他候选,否,未进入使用审计,0,0,,名称明确提示药物、抗生素或反应中间体,分子量超过300 Da，需确认偶联、脱保护和总环肽体积负担；杂原子较多，可能带来较高极性或多重保护需求；CCD未指定标准氨基酸母体,C15 H26 N4 O6 S2,422.52,,NON-POLYMER,1,C[C@@H]1[C@@H](NC(=C1S[C@H]2C[C@H](NC2)CNS(=O)(=O)N)C(=O)O)[C@H](C=O)[C@@H](C)O,https://www.rcsb.org/ligand/4J6,https://www.ebi.ac.uk/pdbe/static/files/pdbechem_v2/4J6_500.svg
暂缓,P3,4NI,4-nitrobutanoic acid,,其他候选,需确认,未进入使用审计,0,0,,结构可能合理，但单体身份、偶联条件或复杂度证据不足，暂不进入研发候选库,CCD未指定标准氨基酸母体,C4 H7 N O4,133.103,,NON-POLYMER,3,C(CC(=O)O)C[N+](=O)[O-],https://www.rcsb.org/ligand/4NI,https://www.ebi.ac.uk/pdbe/static/files/pdbechem_v2/4NI_500.svg
暂缓,P3,4NK,(1S)-1-carboxy-4-({(1R)-1-carboxy-2-[(S)-{4-[(2S)-2-carboxy-2-(trimethylammonio)ethyl]-1H-imidazol-2-yl}sulfinyl]ethyl}amino)-4-oxobutan-1-aminium,,其他候选,需确认,未进入使用审计,0,0,,结构可能合理，但单体身份、偶联条件或复杂度证据不足，暂不进入研发候选库,分子量超过300 Da，需确认偶联、脱保护和总环肽体积负担；杂原子较多，可能带来较高极性或多重保护需求；CCD未指定标准氨基酸母体,C17 H29 N5 O8 S,463.506,,NON-POLYMER,1,C[N+](C)(C)[C@@H](Cc1c[nH]c(n1)S(=O)C[C@@H](C(=O)O)NC(=O)CC[C@@H](C(=O)O)[NH3+])C(=O)O,https://www.rcsb.org/ligand/4NK,https://www.ebi.ac.uk/pdbe/static/files/pdbechem_v2/4NK_500.svg
暂缓,P3,4PP,(2S)-(3'-AMIDINO-3-BIPHENYL)-5-(4-PYRIDYLAMINO)PENTANOIC ACID,,芳香/疏水侧链,需确认,未进入使用审计,0,0,,结构可能合理，但单体身份、偶联条件或复杂度证据不足，暂不进入研发候选库,分子量超过300 Da，需确认偶联、脱保护和总环肽体积负担；CCD未指定标准氨基酸母体,C23 H24 N4 O2,388.462,,NON-POLYMER,4,c1cc(cc(c1)[C@H](CCCNc2ccncc2)C(=O)O)c3cccc(c3)C(=N)N,https://www.rcsb.org/ligand/4PP,https://www.ebi.ac.uk/pdbe/static/files/pdbechem_v2/4PP_500.svg
排除,P3,4RL,"N-{[(2S,5S)-1-benzyl-5-(2-{[(2S,3S)-1-(tert-butylamino)-3-methyl-1-oxopentan-2-yl]amino}-2-oxoethyl)-3,6-dioxopiperazin-2-yl]methyl}-L-alpha-asparagine",,其他候选,否,未进入使用审计,0,0,,分子量超过500 Da，优先判断为复杂整分子；含多个酰胺键，更像多残基/整分子片段而非独立单体,分子量超过300 Da，需确认偶联、脱保护和总环肽体积负担；杂原子较多，可能带来较高极性或多重保护需求；含预先形成的酰胺键，需确认主链氨基是否仍可偶联；CCD未指定标准氨基酸母体,C28 H42 N6 O7,574.669,,NON-POLYMER,2,CC[C@H](C)[C@@H](C(=O)NC(C)(C)C)NC(=O)C[C@H]1C(=O)N([C@H](C(=O)N1)CNC(=O)[C@H](CC(=O)O)N)Cc2ccccc2,https://www.rcsb.org/ligand/4RL,https://www.ebi.ac.uk/pdbe/static/files/pdbechem_v2/4RL_500.svg
暂缓,P3,4VL,1-{5-[2-fluoro-5-(hydroxymethyl)phenyl]pyridin-2-yl}piperidine-4-carboxylic acid,,卤代/电子调节,需确认,未进入使用审计,0,0,,结构可能合理，但单体身份、偶联条件或复杂度证据不足，暂不进入研发候选库,分子量超过300 Da，需确认偶联、脱保护和总环肽体积负担；CCD未指定标准氨基酸母体,C18 H19 F N2 O3,330.353,,NON-POLYMER,3,c1cc(c(cc1CO)c2ccc(nc2)N3CCC(CC3)C(=O)O)F,https://www.rcsb.org/ligand/4VL,https://www.ebi.ac.uk/pdbe/static/files/pdbechem_v2/4VL_500.svg
暂缓,P3,4VN,1-{5-[2-chloro-5-(hydroxymethyl)phenyl]pyridin-2-yl}piperidine-4-carboxylic acid,,卤代/电子调节,需确认,未进入使用审计,0,0,,结构可能合理，但单体身份、偶联条件或复杂度证据不足，暂不进入研发候选库,分子量超过300 Da，需确认偶联、脱保护和总环肽体积负担；CCD未指定标准氨基酸母体,C18 H19 Cl N2 O3,346.808,,NON-POLYMER,3,c1cc(c(cc1CO)c2ccc(nc2)N3CCC(CC3)C(=O)O)Cl,https://www.rcsb.org/ligand/4VN,https://www.ebi.ac.uk/pdbe/static/files/pdbechem_v2/4VN_500.svg
暂缓,P3,4ZF,"(5E)-5-(3H-indol-3-ylidene)-2,5-dihydro-1H-pyrazole-3-carboxylic acid",,芳香/疏水侧链,需确认,未进入使用审计,0,0,,结构可能合理，但单体身份、偶联条件或复杂度证据不足，暂不进入研发候选库,CCD未指定标准氨基酸母体,C12 H9 N3 O2,227.219,,NON-POLYMER,1,c1ccc2c(c1)/C(=C\3/C=C(NN3)C(=O)O)/C=N2,https://www.rcsb.org/ligand/4ZF,https://www.ebi.ac.uk/pdbe/static/files/pdbechem_v2/4ZF_500.svg
暂缓,P3,51M,"(3S)-1-(4-{[(2,3,5,6-tetramethylphenyl)sulfonyl]amino}naphthalen-1-yl)pyrrolidine-3-carboxylic acid",,芳香/疏水侧链,需确认,未进入使用审计,0,0,,结构可能合理，但单体身份、偶联条件或复杂度证据不足，暂不进入研发候选库,分子量超过300 Da，需确认偶联、脱保护和总环肽体积负担；CCD未指定标准氨基酸母体,C25 H28 N2 O4 S,452.566,,NON-POLYMER,2,Cc1cc(c(c(c1C)S(=O)(=O)Nc2ccc(c3c2cccc3)N4CC[C@@H](C4)C(=O)O)C)C,https://www.rcsb.org/ligand/51M,https://www.ebi.ac.uk/pdbe/static/files/pdbechem_v2/51M_500.svg
排除,P3,522,Peroxidized Heme,,其他候选,否,未进入使用审计,0,0,,含金属元素，不属于常规肽合成单体；名称提示核苷酸、辅因子或整分子缀合物；分子量超过500 Da，优先判断为复杂整分子,分子量超过300 Da，需确认偶联、脱保护和总环肽体积负担；杂原子较多，可能带来较高极性或多重保护需求；CCD未指定标准氨基酸母体,C34 H34 Fe N4 O6,650.502,,NON-POLYMER,4,Cc1c2n3c(c1C=C)C=C4C(=C(C5=[N]4[Fe]36[N]7=C(C=C8N6C(=C5)C(=C8C)CCC(=O)O)C(=C(C7=C2)[C@H](C)OO)C)CCC(=O)O)C,https://www.rcsb.org/ligand/522,https://www.ebi.ac.uk/pdbe/static/files/pdbechem_v2/522_500.svg
排除,P3,544,2-(1-METHYL-3-OXO-3-PHENYL-PROPYLAMINO)-3-{4-[2-(5-METHYL-2-PHENYL-OXAZOL-4-YL)-ETHOXY]-PHENYL}-PROPIONIC ACID,GW409544,芳香/疏水侧链,否,未进入使用审计,0,0,,分子量超过500 Da，优先判断为复杂整分子,分子量超过300 Da，需确认偶联、脱保护和总环肽体积负担；CCD未指定标准氨基酸母体,C31 H30 N2 O5,510.58,,NON-POLYMER,1,Cc1c(nc(o1)c2ccccc2)CCOc3ccc(cc3)C[C@@H](C(=O)O)N/C(=C\C(=O)c4ccccc4)/C,https://www.rcsb.org/ligand/544,https://www.ebi.ac.uk/pdbe/static/files/pdbechem_v2/544_500.svg
暂缓,P3,55K,"1-({[(1-ethyl-2-oxo-1,2-dihydrobenzo[cd]indol-6-yl)sulfonyl]amino}methyl)cyclopentanecarboxylic acid",,构象限制,需确认,未进入使用审计,0,0,,结构可能合理，但单体身份、偶联条件或复杂度证据不足，暂不进入研发候选库,分子量超过300 Da，需确认偶联、脱保护和总环肽体积负担；CCD未指定标准氨基酸母体,C20 H22 N2 O5 S,402.464,,NON-POLYMER,2,CCN1c2ccc(c3c2c(ccc3)C1=O)S(=O)(=O)NCC4(CCCC4)C(=O)O,https://www.rcsb.org/ligand/55K,https://www.ebi.ac.uk/pdbe/static/files/pdbechem_v2/55K_500.svg
暂缓,P3,56W,"(2R,6R)-2-{[(R)-[(3R)-3-(acetylamino)-3-carboxypropyl](hydroxy)phosphoryl]methyl}-6-aminoheptanedioic acid",,其他候选,需确认,未进入使用审计,0,0,,结构可能合理，但单体身份、偶联条件或复杂度证据不足，暂不进入研发候选库,分子量超过300 Da，需确认偶联、脱保护和总环肽体积负担；杂原子较多，可能带来较高极性或多重保护需求；含磷酸/膦酸相关结构，通常不利于被动跨膜；含预先形成的酰胺键，需确认主链氨基是否仍可偶联；CCD未指定标准氨基酸母体,C14 H25 N2 O9 P,396.33,,non-polymer,1,CC(=O)N[C@H](CCP(=O)(C[C@H](CCC[C@H](C(=O)O)N)C(=O)O)O)C(=O)O,https://www.rcsb.org/ligand/56W,https://www.ebi.ac.uk/pdbe/static/files/pdbechem_v2/56W_500.svg
排除,P3,570,2-(2-BENZOYL-PHENYLAMINO)-3-{4-[2-(5-METHYL-2-PHENYL-OXAZOL-4-YL)-ETHOXY]-PHENYL}-PROPIONIC ACID,GI262570; Farglitazar,芳香/疏水侧链,否,未进入使用审计,0,0,,分子量超过500 Da，优先判断为复杂整分子,分子量超过300 Da，需确认偶联、脱保护和总环肽体积负担；CCD未指定标准氨基酸母体,C34 H30 N2 O5,546.612,,NON-POLYMER,1,Cc1c(nc(o1)c2ccccc2)CCOc3ccc(cc3)C[C@@H](C(=O)O)Nc4ccccc4C(=O)c5ccccc5,https://www.rcsb.org/ligand/570,https://www.ebi.ac.uk/pdbe/static/files/pdbechem_v2/570_500.svg
排除,P3,57M,Muraymycin D2,"N-({(1S)-2-{[(2S)-1-{[3-({(1S,2S)-2-[(5-amino-5-deoxy-beta-D-ribofuranosyl)oxy]-1-carboxy-2-[(2S,3S,4R,5R)-5-(2,4-dioxo -3,4-dihydropyrimidin-1(2H)-yl)-3,4-dihydroxytetrahydrofuran-2-yl]ethyl}amino)propyl]amino}-4-methyl-1-oxopentan-2-yl]am ino}-1-[(4S)-2-amino-3,4,5,6-tetrahydropyrimidin-4-yl]-2-oxoethyl}carbamoyl)-L-valine",D-构型,否,未进入使用审计,0,0,,分子量超过500 Da，优先判断为复杂整分子；含多个酰胺键，更像多残基/整分子片段而非独立单体,分子量超过300 Da，需确认偶联、脱保护和总环肽体积负担；杂原子较多，可能带来较高极性或多重保护需求；含预先形成的酰胺键，需确认主链氨基是否仍可偶联；CCD未指定标准氨基酸母体,C37 H61 N11 O16,915.944,,NON-POLYMER,1,CC(C)C[C@@H](C(=O)NCCCN[C@@H]([C@@H]([C@@H]1[C@H]([C@H]([C@@H](O1)N2C=CC(=O)NC2=O)O)O)O[C@H]3[C@@H]([C@@H]([C@H](O3)CN)O)O)C(=O)O)NC(=O)[C@H]([C@@H]4CCN=C(N4)N)NC(=O)N[C@@H](C(C)C)C(=O)O,https://www.rcsb.org/ligand/57M,https://www.ebi.ac.uk/pdbe/static/files/pdbechem_v2/57M_500.svg
暂缓,P3,58Z,1-[2-(1H-indol-5-yloxy)ethyl]piperidine-4-carboxylic acid,,芳香/疏水侧链,需确认,未进入使用审计,0,0,,结构可能合理，但单体身份、偶联条件或复杂度证据不足，暂不进入研发候选库,CCD未指定标准氨基酸母体,C16 H20 N2 O3,288.342,,NON-POLYMER,3,c1cc2c(cc[nH]2)cc1OCCN3CCC(CC3)C(=O)O,https://www.rcsb.org/ligand/58Z,https://www.ebi.ac.uk/pdbe/static/files/pdbechem_v2/58Z_500.svg
排除,P3,59F,"(2R,4R,5R)-2-[(1R)-1-{[(2R)-2-{[(4-ethyl-2,3-dioxopiperazin-1-yl)carbonyl]amino}-2-(4-hydroxyphenyl)acetyl]amino}-2-oxoethyl]-5-methyl-1,3-thiazinane-4-carboxylic acid",,芳香/疏水侧链,否,未进入使用审计,0,0,,分子量超过500 Da，优先判断为复杂整分子,分子量超过300 Da，需确认偶联、脱保护和总环肽体积负担；杂原子较多，可能带来较高极性或多重保护需求；含预先形成的酰胺键，需确认主链氨基是否仍可偶联；CCD未指定标准氨基酸母体,C23 H29 N5 O8 S,535.57,,NON-POLYMER,1,CCN1CCN(C(=O)C1=O)C(=O)N[C@H](c2ccc(cc2)O)C(=O)N[C@H](C=O)[C@@H]3N[C@H]([C@H](CS3)C)C(=O)O,https://www.rcsb.org/ligand/59F,https://www.ebi.ac.uk/pdbe/static/files/pdbechem_v2/59F_500.svg
暂缓,P3,59H,"(2R,4S)-5,5-dimethyl-2-[(1R)-2-oxo-1-{[(2R)-2-{[(2-oxoimidazolidin-1-yl)carbonyl]amino}-2-phenylacetyl]amino}ethyl]-1,3-thiazolidine-4-carboxylic acid",,芳香/疏水侧链,需确认,未进入使用审计,0,0,,结构可能合理，但单体身份、偶联条件或复杂度证据不足，暂不进入研发候选库,分子量超过300 Da，需确认偶联、脱保护和总环肽体积负担；杂原子较多，可能带来较高极性或多重保护需求；含预先形成的酰胺键，需确认主链氨基是否仍可偶联；CCD未指定标准氨基酸母体,C20 H25 N5 O6 S,463.507,,NON-POLYMER,1,CC1([C@@H](N[C@H](S1)[C@@H](C=O)NC(=O)[C@@H](c2ccccc2)NC(=O)N3CCNC3=O)C(=O)O)C,https://www.rcsb.org/ligand/59H,https://www.ebi.ac.uk/pdbe/static/files/pdbechem_v2/59H_500.svg
暂缓,P3,59I,"(2R,3R)-3-methyl-4-(2-oxidanylidene-2-propan-2-yloxy-ethyl)sulfanyl-2-[(2R)-3-oxidanyl-1-oxidanylidene-butan-2-yl]-2,3-dihydro-1H-pyrrole-5-carboxylic acid",,其他候选,需确认,未进入使用审计,0,0,,结构可能合理，但单体身份、偶联条件或复杂度证据不足，暂不进入研发候选库,分子量超过300 Da，需确认偶联、脱保护和总环肽体积负担；杂原子较多，可能带来较高极性或多重保护需求；CCD未指定标准氨基酸母体,C15 H23 N O6 S,345.411,,non-polymer,1,C[C@@H]1[C@H](NC(=C1SCC(=O)OC(C)C)C(=O)O)[C@@H](C=O)C(C)O,https://www.rcsb.org/ligand/59I,https://www.ebi.ac.uk/pdbe/static/files/pdbechem_v2/59I_500.svg
排除,P3,59J,"(2R,5R)-2-[(R)-carboxy{[(2R)-2-{[(4-ethyl-2,3-dioxopiperazin-1-yl)carbonyl]amino}-2-(4-hydroxyphenyl)acetyl]amino}methyl]-5-methyl-5,6-dihydro-2H-1,3-thiazine-4-carboxylic acid",,芳香/疏水侧链,否,未进入使用审计,0,0,,分子量超过500 Da，优先判断为复杂整分子,分子量超过300 Da，需确认偶联、脱保护和总环肽体积负担；杂原子较多，可能带来较高极性或多重保护需求；含预先形成的酰胺键，需确认主链氨基是否仍可偶联；CCD未指定标准氨基酸母体,C23 H27 N5 O9 S,549.554,,NON-POLYMER,2,CCN1CCN(C(=O)C1=O)C(=O)N[C@H](c2ccc(cc2)O)C(=O)N[C@@H]([C@@H]3N=C([C@H](CS3)C)C(=O)O)C(=O)O,https://www.rcsb.org/ligand/59J,https://www.ebi.ac.uk/pdbe/static/files/pdbechem_v2/59J_500.svg
排除,P3,5AU,Di-glutathione-PhenylArsine,,芳香/疏水侧链,否,未进入使用审计,0,0,,含金属元素，不属于常规肽合成单体；名称提示核苷酸、辅因子或整分子缀合物；分子量超过500 Da，优先判断为复杂整分子,分子量超过300 Da，需确认偶联、脱保护和总环肽体积负担；杂原子较多，可能带来较高极性或多重保护需求；含预先形成的酰胺键，需确认主链氨基是否仍可偶联；CCD未指定标准氨基酸母体,C26 H37 As N6 O12 S2,764.657,,NON-POLYMER,1,c1ccc(cc1)[As](SC[C@@H](C(=O)NCC(=O)O)NC(=O)CC[C@@H](C(=O)O)N)SC[C@@H](C(=O)NCC(=O)O)NC(=O)CC[C@@H](C(=O)O)N,https://www.rcsb.org/ligand/5AU,https://www.ebi.ac.uk/pdbe/static/files/pdbechem_v2/5AU_500.svg
暂缓,P3,5C5,"(2R)-2-azanyl-3-[[2-(4-methoxyphenyl)-2-tricyclo[9.4.0.0^{3,8}]pentadeca-1(11),3,5,7,12,14-hexaenyl]sulfanyl]propanoic acid",,芳香/疏水侧链,需确认,未进入使用审计,0,0,,结构可能合理，但单体身份、偶联条件或复杂度证据不足，暂不进入研发候选库,分子量超过300 Da，需确认偶联、脱保护和总环肽体积负担；CCD未指定标准氨基酸母体,C25 H25 N O3 S,419.536,,NON-POLYMER,1,COc1ccc(cc1)C2(c3ccccc3CCc4c2cccc4)SC[C@@H](C(=O)O)N,https://www.rcsb.org/ligand/5C5,https://www.ebi.ac.uk/pdbe/static/files/pdbechem_v2/5C5_500.svg
暂缓,P3,5DK,(E)-N~2~-({3-hydroxy-2-methyl-5-[(phosphonooxy)methyl]pyridin-4-yl}methylidene)-D-arginine,PLP-DArg,D-构型,需确认,未进入使用审计,0,0,,结构可能合理，但单体身份、偶联条件或复杂度证据不足，暂不进入研发候选库,分子量超过300 Da，需确认偶联、脱保护和总环肽体积负担；杂原子较多，可能带来较高极性或多重保护需求；含磷酸/膦酸相关结构，通常不利于被动跨膜；CCD未指定标准氨基酸母体,C14 H22 N5 O7 P,403.328,,NON-POLYMER,4,[H]/N=C(\N)/NCCC[C@H](C(=O)O)/N=C/c1c(cnc(c1O)C)COP(=O)(O)O,https://www.rcsb.org/ligand/5DK,https://www.ebi.ac.uk/pdbe/static/files/pdbechem_v2/5DK_500.svg
暂缓,P3,5DX,5-[(2R)-2-amino-2-carboxyethyl]-1-(4-bromophenyl)-1H-pyrazole-3-carboxylic acid,,卤代/电子调节,需确认,未进入使用审计,0,0,,结构可能合理，但单体身份、偶联条件或复杂度证据不足，暂不进入研发候选库,分子量超过300 Da，需确认偶联、脱保护和总环肽体积负担；CCD未指定标准氨基酸母体,C13 H12 Br N3 O4,354.156,,NON-POLYMER,1,c1cc(ccc1n2c(cc(n2)C(=O)O)C[C@H](C(=O)O)N)Br,https://www.rcsb.org/ligand/5DX,https://www.ebi.ac.uk/pdbe/static/files/pdbechem_v2/5DX_500.svg
排除,P3,5R7,"(2~{S},3~{R})-3-methyl-2-[(2~{S},3~{R})-3-oxidanyl-1-oxidanylidene-butan-2-yl]-4-[(3~{S},5~{S})-5-[(sulfamoylamino)meth yl]pyrrolidin-3-yl]sulfanyl-3,4-dihydro-2~{H}-pyrrole-5-carboxylic acid","Doripenem(open form, pyrroline tautomer form 3, SP3 connection to Thio as R isomer)",其他候选,否,未进入使用审计,0,0,,名称明确提示药物、抗生素或反应中间体,分子量超过300 Da，需确认偶联、脱保护和总环肽体积负担；杂原子较多，可能带来较高极性或多重保护需求；CCD未指定标准氨基酸母体,C15 H26 N4 O6 S2,422.52,,NON-POLYMER,4,C[C@H]1[C@H](C(=N[C@H]1[C@H](C=O)[C@@H](C)O)C(=O)O)S[C@H]2C[C@H](NC2)CNS(=O)(=O)N,https://www.rcsb.org/ligand/5R7,https://www.ebi.ac.uk/pdbe/static/files/pdbechem_v2/5R7_500.svg
暂缓,P3,5TQ,"4-(8-fluoranyl-6-oxidanylidene-1,3,4,5-tetrahydrobenzo[c][1,6]naphthyridin-2-yl)butanoic acid",,芳香/疏水侧链,需确认,未进入使用审计,0,0,,结构可能合理，但单体身份、偶联条件或复杂度证据不足，暂不进入研发候选库,分子量超过300 Da，需确认偶联、脱保护和总环肽体积负担；含预先形成的酰胺键，需确认主链氨基是否仍可偶联；CCD未指定标准氨基酸母体,C16 H17 F N2 O3,304.316,,NON-POLYMER,3,c1cc2c(cc1F)C(=O)NC3=C2CN(CC3)CCCC(=O)O,https://www.rcsb.org/ligand/5TQ,https://www.ebi.ac.uk/pdbe/static/files/pdbechem_v2/5TQ_500.svg
暂缓,P3,5VI,(2S)-2-azanyl-3-[[(2S)-3-butanoyloxy-2-dec-9-enoyloxy-propoxy]-oxidanyl-phosphoryl]oxy-propanoic acid,,其他候选,需确认,未进入使用审计,0,0,,结构可能合理，但单体身份、偶联条件或复杂度证据不足，暂不进入研发候选库,分子量超过300 Da，需确认偶联、脱保护和总环肽体积负担；杂原子较多，可能带来较高极性或多重保护需求；含磷酸/膦酸相关结构，通常不利于被动跨膜；CCD未指定标准氨基酸母体,C20 H36 N O10 P,481.474,,non-polymer,1,CCCC(=O)OC[C@@H](COP(=O)(O)OC[C@@H](C(=O)O)N)OC(=O)CCCCCCCC=C,https://www.rcsb.org/ligand/5VI,https://www.ebi.ac.uk/pdbe/static/files/pdbechem_v2/5VI_500.svg
暂缓,P3,5XB,"(2~{R},4~{R})-1,3-thiazolidine-2,4-dicarboxylic acid",,其他候选,需确认,未进入使用审计,0,0,,结构可能合理，但单体身份、偶联条件或复杂度证据不足，暂不进入研发候选库,CCD未指定标准氨基酸母体,C5 H7 N O4 S,177.178,,NON-POLYMER,1,C1[C@H](N[C@H](S1)C(=O)O)C(=O)O,https://www.rcsb.org/ligand/5XB,https://www.ebi.ac.uk/pdbe/static/files/pdbechem_v2/5XB_500.svg
暂缓,P3,5XN,"(1S)-1-carboxy-2-(5-{2-[(3-chlorophenyl)methyl]-2H-tetrazol-5-yl}-3-oxo-2,3-dihydro-1,2-oxazol-4-yl)ethan-1-aminium",,卤代/电子调节,需确认,未进入使用审计,0,0,,结构可能合理，但单体身份、偶联条件或复杂度证据不足，暂不进入研发候选库,分子量超过300 Da，需确认偶联、脱保护和总环肽体积负担；杂原子较多，可能带来较高极性或多重保护需求；含预先形成的酰胺键，需确认主链氨基是否仍可偶联；CCD未指定标准氨基酸母体,C14 H14 Cl N6 O4,365.752,,NON-POLYMER,1,c1cc(cc(c1)Cl)Cn2nc(nn2)C3=C(C(=O)NO3)C[C@@H](C(=O)O)[NH3+],https://www.rcsb.org/ligand/5XN,https://www.ebi.ac.uk/pdbe/static/files/pdbechem_v2/5XN_500.svg
暂缓,P3,5XP,"(2~{S})-3-[5-[2-[[3-(aminomethyl)phenyl]methyl]-1,2,3,4-tetrazol-5-yl]-3-oxidanyl-1,2-oxazol-4-yl]-2-azanyl-propanoic acid",,芳香/疏水侧链,需确认,未进入使用审计,0,0,,结构可能合理，但单体身份、偶联条件或复杂度证据不足，暂不进入研发候选库,分子量超过300 Da，需确认偶联、脱保护和总环肽体积负担；杂原子较多，可能带来较高极性或多重保护需求；CCD未指定标准氨基酸母体,C15 H17 N7 O4,359.34,,NON-POLYMER,1,c1cc(cc(c1)Cn2nc(nn2)c3c(c(no3)O)C[C@@H](C(=O)O)N)CN,https://www.rcsb.org/ligand/5XP,https://www.ebi.ac.uk/pdbe/static/files/pdbechem_v2/5XP_500.svg
暂缓,P3,5ZZ,"(2~{R},4~{R})-2,5,5-trimethyl-1,3-thiazolidine-2,4-dicarboxylic acid",,其他候选,需确认,未进入使用审计,0,0,,结构可能合理，但单体身份、偶联条件或复杂度证据不足，暂不进入研发候选库,CCD未指定标准氨基酸母体,C8 H13 N O4 S,219.258,,NON-POLYMER,1,C[C@]1(N[C@@H](C(S1)(C)C)C(=O)O)C(=O)O,https://www.rcsb.org/ligand/5ZZ,https://www.ebi.ac.uk/pdbe/static/files/pdbechem_v2/5ZZ_500.svg
暂缓,P3,629,"[2-AMINO-3-(4-HYDROXY-PHENYL)-PROPIONYLAMINO]-(1,3,4,5-TETRAHYDROXY-4-HYDROXYMETHYL-PIPERIDIN-2-YL)- ACETIC ACID",SB-239629,芳香/疏水侧链,需确认,未进入使用审计,0,0,,结构可能合理，但单体身份、偶联条件或复杂度证据不足，暂不进入研发候选库,分子量超过300 Da，需确认偶联、脱保护和总环肽体积负担；杂原子较多，可能带来较高极性或多重保护需求；含预先形成的酰胺键，需确认主链氨基是否仍可偶联；CCD未指定标准氨基酸母体,C17 H25 N3 O9,415.395,,NON-POLYMER,2,c1cc(ccc1C[C@@H](C(=O)N[C@@H]([C@H]2[C@@H]([C@@]([C@H](C[N@@]2O)O)(CO)O)O)C(=O)O)N)O,https://www.rcsb.org/ligand/629,https://www.ebi.ac.uk/pdbe/static/files/pdbechem_v2/629_500.svg
暂缓,P3,62X,5'-{[(3S)-3-amino-3-carboxypropyl][3-(dimethylamino)propyl]amino}-5'-deoxyadenosine,,其他候选,需确认,未进入使用审计,0,0,,结构可能合理，但单体身份、偶联条件或复杂度证据不足，暂不进入研发候选库,分子量超过300 Da，需确认偶联、脱保护和总环肽体积负担；杂原子较多，可能带来较高极性或多重保护需求；CCD未指定标准氨基酸母体,C19 H32 N8 O5,452.508,,NON-POLYMER,1,CN(C)CCCN(CC[C@@H](C(=O)O)N)C[C@@H]1[C@H]([C@H]([C@@H](O1)n2cnc3c2ncnc3N)O)O,https://www.rcsb.org/ligand/62X,https://www.ebi.ac.uk/pdbe/static/files/pdbechem_v2/62X_500.svg
排除,P3,64V,"2-[[7-[[2-fluoranyl-4-[3-(hydroxymethyl)pyrazol-1-yl]phenyl]amino]-1,6-naphthyridin-2-yl]-(1-methylpiperidin-4-yl)amino]ethanoic acid",,芳香/疏水侧链,否,未进入使用审计,0,0,,分子量超过500 Da，优先判断为复杂整分子,分子量超过300 Da，需确认偶联、脱保护和总环肽体积负担；杂原子较多，可能带来较高极性或多重保护需求；CCD未指定标准氨基酸母体,C26 H28 F N7 O3,505.544,,non-polymer,1,CN1CCC(CC1)N(CC(=O)O)c2ccc3cnc(cc3n2)Nc4ccc(cc4F)n5ccc(n5)CO,https://www.rcsb.org/ligand/64V,https://www.ebi.ac.uk/pdbe/static/files/pdbechem_v2/64V_500.svg
排除,P3,66R,trans-Ned 19,"(1R,3S)-1-(3-{[4-(2-fluorophenyl)piperazin-1-yl]methyl}-4-methoxyphenyl)-2,3,4,9-tetrahydro-1H-beta-carboline-3-carboxy lic acid",卤代/电子调节,否,未进入使用审计,0,0,,分子量超过500 Da，优先判断为复杂整分子,分子量超过300 Da，需确认偶联、脱保护和总环肽体积负担；CCD未指定标准氨基酸母体,C30 H31 F N4 O3,514.591,,NON-POLYMER,1,COc1ccc(cc1CN2CCN(CC2)c3ccccc3F)[C@@H]4c5c(c6ccccc6[nH]5)C[C@H](N4)C(=O)O,https://www.rcsb.org/ligand/66R,https://www.ebi.ac.uk/pdbe/static/files/pdbechem_v2/66R_500.svg
排除,P3,67F,"(2S)-2-{[2-({[(2R,3R,4R,5S,6R)-3-(acetylamino)-4,5-dihydroxy-6-(hydroxymethyl)tetrahydro-2H-pyran-2-yl]carbamothioyl}amino)ethyl](biphenyl-4-ylsulfonyl)amino}-3-methylbutanoic acid (non-preferred name)",,芳香/疏水侧链,否,未进入使用审计,0,0,,分子量超过500 Da，优先判断为复杂整分子,分子量超过300 Da，需确认偶联、脱保护和总环肽体积负担；杂原子较多，可能带来较高极性或多重保护需求；CCD未指定标准氨基酸母体,C28 H38 N4 O9 S2,638.753,,NON-POLYMER,1,CC(C)[C@@H](C(=O)O)N(CCNC(=S)N[C@H]1[C@@H]([C@H]([C@@H]([C@H](O1)CO)O)O)NC(=O)C)S(=O)(=O)c2ccc(cc2)c3ccccc3,https://www.rcsb.org/ligand/67F,https://www.ebi.ac.uk/pdbe/static/files/pdbechem_v2/67F_500.svg
暂缓,P3,67I,"(2S)-2-azanyl-3-[5,7-bis(bromanyl)-1H-indol-3-yl]propanoic acid",,芳香/疏水侧链,需确认,未进入使用审计,0,0,,结构可能合理，但单体身份、偶联条件或复杂度证据不足，暂不进入研发候选库,分子量超过300 Da，需确认偶联、脱保护和总环肽体积负担；CCD未指定标准氨基酸母体,C11 H10 Br2 N2 O2,362.017,,non-polymer,1,c1c(cc(c2c1c(c[nH]2)C[C@@H](C(=O)O)N)Br)Br,https://www.rcsb.org/ligand/67I,https://www.ebi.ac.uk/pdbe/static/files/pdbechem_v2/67I_500.svg
排除,P3,67M,"(2R)-2-[({1-[3-({(2R,3R,4R,5S,6R)-3-(acetylamino)-4,5-bis(acetyloxy)-6-[(acetyloxy)methyl]tetrahydro-2H-pyran-2-yl}oxy)propyl]-1H-1,2,3-triazol-4-yl}methyl)(biphenyl-4-ylsulfonyl)amino]-3-methylbutanoic acid (non-preferred name)",,芳香/疏水侧链,否,未进入使用审计,0,0,,分子量超过500 Da，优先判断为复杂整分子,分子量超过300 Da，需确认偶联、脱保护和总环肽体积负担；杂原子较多，可能带来较高极性或多重保护需求；CCD未指定标准氨基酸母体,C37 H47 N5 O13 S,801.86,,NON-POLYMER,1,CC(C)[C@H](C(=O)O)N(Cc1cn(nn1)CCCO[C@H]2[C@@H]([C@H]([C@@H]([C@H](O2)COC(=O)C)OC(=O)C)OC(=O)C)NC(=O)C)S(=O)(=O)c3ccc(cc3)c4ccccc4,https://www.rcsb.org/ligand/67M,https://www.ebi.ac.uk/pdbe/static/files/pdbechem_v2/67M_500.svg
暂缓,P3,6B7,"(2~{R},3~{R},4~{R})-4-methyl-3-(2-oxidanylidene-2-propoxy-ethyl)sulfanyl-5-[(2~{S},3~{R})-3-oxidanyl-1-oxidanylidene-butan-2-yl]-3,4-dihydro-2~{H}-pyrrole-2-carboxylic acid",,其他候选,需确认,未进入使用审计,0,0,,结构可能合理，但单体身份、偶联条件或复杂度证据不足，暂不进入研发候选库,分子量超过300 Da，需确认偶联、脱保护和总环肽体积负担；杂原子较多，可能带来较高极性或多重保护需求；CCD未指定标准氨基酸母体,C15 H23 N O6 S,345.411,,NON-POLYMER,1,CCCOC(=O)CS[C@@H]1[C@@H](C(=N[C@@H]1C(=O)O)[C@H](C=O)[C@@H](C)O)C,https://www.rcsb.org/ligand/6B7,https://www.ebi.ac.uk/pdbe/static/files/pdbechem_v2/6B7_500.svg
暂缓,P3,6B8,"(2S,3R,4R)-2-[(2S,3R)-3-hydroxy-1-oxobutan-2-yl]-3-methyl-4-(methylsulfanyl)-3,4-dihydro-2H-pyrrole-5-carboxylic acid",,其他候选,需确认,未进入使用审计,0,0,,结构可能合理，但单体身份、偶联条件或复杂度证据不足，暂不进入研发候选库,CCD未指定标准氨基酸母体,C11 H17 N O4 S,259.322,,NON-POLYMER,4,C[C@H]1[C@H](C(=N[C@H]1[C@H](C=O)[C@@H](C)O)C(=O)O)SC,https://www.rcsb.org/ligand/6B8,https://www.ebi.ac.uk/pdbe/static/files/pdbechem_v2/6B8_500.svg
排除,P3,6CO,"[3,3'-(7,12-diethenyl-3,8,13,17-tetramethylporphyrin-2,18-diyl-kappa~4~N~21~,N~22~,N~23~,N~24~)di(propanoato)(2-)](phenyl)iron",,芳香/疏水侧链,否,未进入使用审计,0,0,,含金属元素，不属于常规肽合成单体；分子量超过500 Da，优先判断为复杂整分子,分子量超过300 Da，需确认偶联、脱保护和总环肽体积负担；CCD未指定标准氨基酸母体,C40 H37 Fe N4 O4,693.591,,NON-POLYMER,4,Cc1c2n3c(c1C=C)C=C4C(=C(C5=[N]4[Fe]36([N]7=C(C=C8N6C(=C5)C(=C8CCC(=O)O)C)C(=C(C7=C2)C)CCC(=O)O)c9ccccc9)C=C)C,https://www.rcsb.org/ligand/6CO,https://www.ebi.ac.uk/pdbe/static/files/pdbechem_v2/6CO_500.svg
排除,P3,6CQ,"[3,3'-(7,12-diethenyl-3,8,13,17-tetramethylporphyrin-2,18-diyl-kappa~4~N~21~,N~22~,N~23~,N~24~)di(propanoato)(2-)](3-methylphenyl)iron",,芳香/疏水侧链,否,未进入使用审计,0,0,,含金属元素，不属于常规肽合成单体；分子量超过500 Da，优先判断为复杂整分子,分子量超过300 Da，需确认偶联、脱保护和总环肽体积负担；CCD未指定标准氨基酸母体,C41 H39 Fe N4 O4,707.618,,NON-POLYMER,4,Cc1cccc(c1)[Fe]234n5c6c(c(c5C=C7[N]2=C(C=C8N3C(=CC9=[N]4C(=C6)C(=C9C)C=C)C(=C8CCC(=O)O)C)C(=C7C)CCC(=O)O)C=C)C,https://www.rcsb.org/ligand/6CQ,https://www.ebi.ac.uk/pdbe/static/files/pdbechem_v2/6CQ_500.svg
暂缓,P3,6CS,"(4S,5S)-5-HYDROXY-2-METHYL-1,4,5,6-TETRAHYDROPYRIMIDINE-4-CARBOXYLIC ACID",,其他候选,需确认,未进入使用审计,0,0,,结构可能合理，但单体身份、偶联条件或复杂度证据不足，暂不进入研发候选库,CCD未指定标准氨基酸母体,C6 H10 N2 O3,158.155,,NON-POLYMER,1,CC1=N[C@@H]([C@H](CN1)O)C(=O)O,https://www.rcsb.org/ligand/6CS,https://www.ebi.ac.uk/pdbe/static/files/pdbechem_v2/6CS_500.svg
暂缓,P3,6CX,5'-{[(3S)-3-amino-3-carboxypropyl][(1H-imidazol-4-yl)methyl]amino}-5'-deoxyadenosine,,其他候选,需确认,未进入使用审计,0,0,,结构可能合理，但单体身份、偶联条件或复杂度证据不足，暂不进入研发候选库,分子量超过300 Da，需确认偶联、脱保护和总环肽体积负担；杂原子较多，可能带来较高极性或多重保护需求；CCD未指定标准氨基酸母体,C18 H25 N9 O5,447.448,,NON-POLYMER,1,c1c(nc[nH]1)CN(CC[C@@H](C(=O)O)N)C[C@@H]2[C@H]([C@H]([C@@H](O2)n3cnc4c3ncnc4N)O)O,https://www.rcsb.org/ligand/6CX,https://www.ebi.ac.uk/pdbe/static/files/pdbechem_v2/6CX_500.svg
暂缓,P3,6CZ,"5'-{[(3S)-3-amino-3-carboxypropyl](3-ethoxy-2,3-dioxopropyl)amino}-5'-deoxyadenosine",,其他候选,需确认,未进入使用审计,0,0,,结构可能合理，但单体身份、偶联条件或复杂度证据不足，暂不进入研发候选库,分子量超过300 Da，需确认偶联、脱保护和总环肽体积负担；杂原子较多，可能带来较高极性或多重保护需求；CCD未指定标准氨基酸母体,C19 H27 N7 O8,481.46,,NON-POLYMER,1,CCOC(=O)C(=O)CN(CC[C@@H](C(=O)O)N)C[C@@H]1[C@H]([C@H]([C@@H](O1)n2cnc3c2ncnc3N)O)O,https://www.rcsb.org/ligand/6CZ,https://www.ebi.ac.uk/pdbe/static/files/pdbechem_v2/6CZ_500.svg
排除,P3,6D0,5'-{[(3S)-3-amino-3-carboxypropyl](3-bromo-2-oxopropyl)amino}-5'-deoxyadenosine,,卤代/电子调节,否,未进入使用审计,0,0,,分子量超过500 Da，优先判断为复杂整分子,分子量超过300 Da，需确认偶联、脱保护和总环肽体积负担；杂原子较多，可能带来较高极性或多重保护需求；CCD未指定标准氨基酸母体,C17 H24 Br N7 O6,502.32,,NON-POLYMER,1,c1nc(c2c(n1)n(cn2)[C@H]3[C@@H]([C@@H]([C@H](O3)CN(CC[C@@H](C(=O)O)N)CC(=O)CBr)O)O)N,https://www.rcsb.org/ligand/6D0,https://www.ebi.ac.uk/pdbe/static/files/pdbechem_v2/6D0_500.svg
暂缓,P3,6D1,5'-{[(3S)-3-amino-3-carboxypropyl](2-chloroethyl)amino}-5'-deoxyadenosine,,卤代/电子调节,需确认,未进入使用审计,0,0,,结构可能合理，但单体身份、偶联条件或复杂度证据不足，暂不进入研发候选库,分子量超过300 Da，需确认偶联、脱保护和总环肽体积负担；杂原子较多，可能带来较高极性或多重保护需求；CCD未指定标准氨基酸母体,C16 H24 Cl N7 O5,429.859,,NON-POLYMER,1,c1nc(c2c(n1)n(cn2)[C@H]3[C@@H]([C@@H]([C@H](O3)CN(CC[C@@H](C(=O)O)N)CCCl)O)O)N,https://www.rcsb.org/ligand/6D1,https://www.ebi.ac.uk/pdbe/static/files/pdbechem_v2/6D1_500.svg
暂缓,P3,6D2,5'-{[(3S)-3-amino-3-carboxypropyl](3-carbamimidamidopropyl)amino}-5'-deoxyadenosine,,其他候选,需确认,未进入使用审计,0,0,,结构可能合理，但单体身份、偶联条件或复杂度证据不足，暂不进入研发候选库,分子量超过300 Da，需确认偶联、脱保护和总环肽体积负担；杂原子较多，可能带来较高极性或多重保护需求；CCD未指定标准氨基酸母体,C18 H30 N10 O5,466.495,,NON-POLYMER,1,[H]/N=C(/N)\NCCCN(CC[C@@H](C(=O)O)N)C[C@@H]1[C@H]([C@H]([C@@H](O1)n2cnc3c2ncnc3N)O)O,https://www.rcsb.org/ligand/6D2,https://www.ebi.ac.uk/pdbe/static/files/pdbechem_v2/6D2_500.svg
排除,P3,6D3,"(2S)-2-amino-4-[(3-{4-[(2S)-2-amino-2-carboxyethyl]-1H-1,2,3-triazol-1-yl}propyl){[(2R,3S,4R,5R)-5-(6-amino-9H-purin-9-yl)-3,4-dihydroxytetrahydrofuran-2-yl]methyl}amino]butanoic acid (non-preferred name)",,其他候选,否,未进入使用审计,0,0,,分子量超过500 Da，优先判断为复杂整分子,分子量超过300 Da，需确认偶联、脱保护和总环肽体积负担；杂原子较多，可能带来较高极性或多重保护需求；CCD未指定标准氨基酸母体,C22 H33 N11 O7,563.567,,NON-POLYMER,1,c1c(nnn1CCCN(CC[C@@H](C(=O)O)N)C[C@@H]2[C@H]([C@H]([C@@H](O2)n3cnc4c3ncnc4N)O)O)C[C@@H](C(=O)O)N,https://www.rcsb.org/ligand/6D3,https://www.ebi.ac.uk/pdbe/static/files/pdbechem_v2/6D3_500.svg
暂缓,P3,6D4,5'-{[(3S)-3-amino-3-carboxypropyl][2-(triazan-1-yl)ethyl]amino}-5'-deoxyadenosine,,其他候选,需确认,未进入使用审计,0,0,,结构可能合理，但单体身份、偶联条件或复杂度证据不足，暂不进入研发候选库,分子量超过300 Da，需确认偶联、脱保护和总环肽体积负担；杂原子较多，可能带来较高极性或多重保护需求；CCD未指定标准氨基酸母体,C16 H28 N10 O5,440.458,,NON-POLYMER,1,c1nc(c2c(n1)n(cn2)[C@H]3[C@@H]([C@@H]([C@H](O3)CN(CC[C@@H](C(=O)O)N)CCNNN)O)O)N,https://www.rcsb.org/ligand/6D4,https://www.ebi.ac.uk/pdbe/static/files/pdbechem_v2/6D4_500.svg
暂缓,P3,6D5,"(2~{S})-4-[[(2~{R},3~{S},4~{R},5~{R})-5-(6-aminopurin-9-yl)-3,4-bis(oxidanyl)oxolan-2-yl]methyl-(3-azidopropyl)amino]-2-azanyl-butanoic acid",,其他候选,需确认,未进入使用审计,0,0,,结构可能合理，但单体身份、偶联条件或复杂度证据不足，暂不进入研发候选库,分子量超过300 Da，需确认偶联、脱保护和总环肽体积负担；杂原子较多，可能带来较高极性或多重保护需求；CCD未指定标准氨基酸母体,C17 H26 N10 O5,450.452,,NON-POLYMER,1,c1nc(c2c(n1)n(cn2)[C@H]3[C@@H]([C@@H]([C@H](O3)CN(CCCN=[N+]=[N-])CC[C@@H](C(=O)O)N)O)O)N,https://www.rcsb.org/ligand/6D5,https://www.ebi.ac.uk/pdbe/static/files/pdbechem_v2/6D5_500.svg
暂缓,P3,6D6,5'-{[(3S)-3-amino-3-carboxypropyl](3-aminopropyl)amino}-5'-deoxyadenosine,,其他候选,需确认,未进入使用审计,0,0,,结构可能合理，但单体身份、偶联条件或复杂度证据不足，暂不进入研发候选库,分子量超过300 Da，需确认偶联、脱保护和总环肽体积负担；杂原子较多，可能带来较高极性或多重保护需求；CCD未指定标准氨基酸母体,C17 H28 N8 O5,424.455,,NON-POLYMER,1,c1nc(c2c(n1)n(cn2)[C@H]3[C@@H]([C@@H]([C@H](O3)CN(CCCN)CC[C@@H](C(=O)O)N)O)O)N,https://www.rcsb.org/ligand/6D6,https://www.ebi.ac.uk/pdbe/static/files/pdbechem_v2/6D6_500.svg
暂缓,P3,6DB,octopine,,其他候选,需确认,未进入使用审计,0,0,,结构可能合理，但单体身份、偶联条件或复杂度证据不足，暂不进入研发候选库,CCD未指定标准氨基酸母体,C9 H18 N4 O4,246.264,,NON-POLYMER,1,[H]/N=C(/N)\NCCC[C@@H](C(=O)O)N[C@H](C)C(=O)O,https://www.rcsb.org/ligand/6DB,https://www.ebi.ac.uk/pdbe/static/files/pdbechem_v2/6DB_500.svg
暂缓,P3,6FS,"N-[2-methoxy-5-({[(E)-2-(2,4,6-trimethoxyphenyl)ethenyl]sulfonyl}methyl)phenyl]glycine",,芳香/疏水侧链,需确认,未进入使用审计,0,0,,结构可能合理，但单体身份、偶联条件或复杂度证据不足，暂不进入研发候选库,分子量超过300 Da，需确认偶联、脱保护和总环肽体积负担；杂原子较多，可能带来较高极性或多重保护需求；CCD未指定标准氨基酸母体,C21 H25 N O8 S,451.49,,non-polymer,1,COc1ccc(cc1NCC(=O)O)CS(=O)(=O)/C=C/c2c(cc(cc2OC)OC)OC,https://www.rcsb.org/ligand/6FS,https://www.ebi.ac.uk/pdbe/static/files/pdbechem_v2/6FS_500.svg
暂缓,P3,6GZ,"(2R)-1-({3-bromo-4-[(2-methyl[1,1'-biphenyl]-3-yl)methoxy]phenyl}methyl)piperidine-2-carboxylic acid",,卤代/电子调节,需确认,未进入使用审计,0,0,,结构可能合理，但单体身份、偶联条件或复杂度证据不足，暂不进入研发候选库,分子量超过300 Da，需确认偶联、脱保护和总环肽体积负担；CCD未指定标准氨基酸母体,C27 H28 Br N O3,494.42,,NON-POLYMER,1,Cc1c(cccc1c2ccccc2)COc3ccc(cc3Br)CN4CCCC[C@@H]4C(=O)O,https://www.rcsb.org/ligand/6GZ,https://www.ebi.ac.uk/pdbe/static/files/pdbechem_v2/6GZ_500.svg
排除,P3,6H5,4-[(N-{[2-(3-methoxyphenoxy)-6-(piperidin-1-yl)phenyl]methyl}carbamimidoyl)carbamoyl]-L-phenylalanine,,芳香/疏水侧链,否,未进入使用审计,0,0,,分子量超过500 Da，优先判断为复杂整分子,分子量超过300 Da，需确认偶联、脱保护和总环肽体积负担；杂原子较多，可能带来较高极性或多重保护需求；CCD未指定标准氨基酸母体,C30 H35 N5 O5,545.629,,NON-POLYMER,1,[H]/N=C(/NCc1c(cccc1Oc2cccc(c2)OC)N3CCCCC3)\NC(=O)c4ccc(cc4)C[C@@H](C(=O)O)N,https://www.rcsb.org/ligand/6H5,https://www.ebi.ac.uk/pdbe/static/files/pdbechem_v2/6H5_500.svg
排除,P3,6IH,"4,5-dimethoxy-2-nitro benzyme S-adenosyl-methionine",,其他候选,否,未进入使用审计,0,0,,名称提示核苷酸、辅因子或整分子缀合物；分子量超过500 Da，优先判断为复杂整分子,分子量超过300 Da，需确认偶联、脱保护和总环肽体积负担；杂原子较多，可能带来较高极性或多重保护需求；CCD未指定标准氨基酸母体,C23 H30 N7 O9 S,580.591,,non-polymer,1,COc1cc(c(cc1OC)[N+](=O)[O-])C[S@@+](CC[C@H](C(=O)O)N)C[C@@H]2[C@H]([C@H]([C@@H](O2)n3cnc4c3ncnc4N)O)O,https://www.rcsb.org/ligand/6IH,https://www.ebi.ac.uk/pdbe/static/files/pdbechem_v2/6IH_500.svg
暂缓,P3,6IW,"(2S,4S)-1-methyl-4-oxidanyl-pyrrolidine-2-carboxylic acid",,其他候选,需确认,未进入使用审计,0,0,,结构可能合理，但单体身份、偶联条件或复杂度证据不足，暂不进入研发候选库,CCD未指定标准氨基酸母体,C6 H11 N O3,145.156,,non-polymer,1,CN1C[C@H](C[C@H]1C(=O)O)O,https://www.rcsb.org/ligand/6IW,https://www.ebi.ac.uk/pdbe/static/files/pdbechem_v2/6IW_500.svg
暂缓,P3,6L7,"[(2~{R},3~{S},4~{R},5~{R})-5-(6-aminopurin-9-yl)-3,4-bis(oxidanyl)oxolan-2-yl]methyl-(2-azaniumylethyl)-[(3~{S})-3-azaniumyl-4-oxidanyl-4-oxidanylidene-butyl]azanium",,其他候选,需确认,未进入使用审计,0,0,,结构可能合理，但单体身份、偶联条件或复杂度证据不足，暂不进入研发候选库,分子量超过300 Da，需确认偶联、脱保护和总环肽体积负担；杂原子较多，可能带来较高极性或多重保护需求；CCD未指定标准氨基酸母体,C16 H29 N8 O5,413.452,,NON-POLYMER,1,c1nc(c2c(n1)n(cn2)[C@H]3[C@@H]([C@@H]([C@H](O3)C[NH+](CC[C@@H](C(=O)O)[NH3+])CC[NH3+])O)O)N,https://www.rcsb.org/ligand/6L7,https://www.ebi.ac.uk/pdbe/static/files/pdbechem_v2/6L7_500.svg
排除,P3,6MR,N-[(4'-IODOBIPHENYL-4-YL)SULFONYL]-D-TRYPTOPHAN,,D-构型,否,未进入使用审计,0,0,,分子量超过500 Da，优先判断为复杂整分子,分子量超过300 Da，需确认偶联、脱保护和总环肽体积负担；CCD未指定标准氨基酸母体,C23 H19 I N2 O4 S,546.377,,NON-POLYMER,1,c1ccc2c(c1)c(c[nH]2)C[C@H](C(=O)O)NS(=O)(=O)c3ccc(cc3)c4ccc(cc4)I,https://www.rcsb.org/ligand/6MR,https://www.ebi.ac.uk/pdbe/static/files/pdbechem_v2/6MR_500.svg
暂缓,P3,6MW,"(2S,4S)-2-(pyridin-4-yl)-1,3-thiazolidine-4-carboxylic acid",,芳香/疏水侧链,需确认,未进入使用审计,0,0,,结构可能合理，但单体身份、偶联条件或复杂度证据不足，暂不进入研发候选库,CCD未指定标准氨基酸母体,C9 H10 N2 O2 S,210.253,,NON-POLYMER,1,c1cnccc1[C@H]2N[C@H](CS2)C(=O)O,https://www.rcsb.org/ligand/6MW,https://www.ebi.ac.uk/pdbe/static/files/pdbechem_v2/6MW_500.svg
排除,P3,6MX,"2-[(3~{R})-1-[6-cyclohexylsulfanyl-5-[[(1~{R},3~{S})-5-oxidanyl-2-adamantyl]carbamoyl]pyridin-2-yl]pyrrolidin-3-yl]ethanoic acid",,构象限制,否,未进入使用审计,0,0,,分子量超过500 Da，优先判断为复杂整分子,分子量超过300 Da，需确认偶联、脱保护和总环肽体积负担；含预先形成的酰胺键，需确认主链氨基是否仍可偶联；CCD未指定标准氨基酸母体,C28 H39 N3 O4 S,513.692,,NON-POLYMER,3,c1cc(nc(c1C(=O)NC2[C@@H]3CC4C[C@H]2CC(C3)(C4)O)SC5CCCCC5)N6CC[C@@H](C6)CC(=O)O,https://www.rcsb.org/ligand/6MX,https://www.ebi.ac.uk/pdbe/static/files/pdbechem_v2/6MX_500.svg
暂缓,P3,6N3,"(1~{R},5~{S})-3-[6-(3-methylbutoxy)-5-[[(1~{R},3~{S})-5-oxidanyl-2-adamantyl]carbamoyl]pyridin-2-yl]-3-azabicyclo[3.1.0]hexane-6-carboxylic acid",,芳香/疏水侧链,需确认,未进入使用审计,0,0,,结构可能合理，但单体身份、偶联条件或复杂度证据不足，暂不进入研发候选库,分子量超过300 Da，需确认偶联、脱保护和总环肽体积负担；含预先形成的酰胺键，需确认主链氨基是否仍可偶联；CCD未指定标准氨基酸母体,C27 H37 N3 O5,483.6,,NON-POLYMER,3,CC(C)CCOc1c(ccc(n1)N2C[C@@H]3[C@H](C2)C3C(=O)O)C(=O)NC4[C@@H]5CC6C[C@H]4CC(C5)(C6)O,https://www.rcsb.org/ligand/6N3,https://www.ebi.ac.uk/pdbe/static/files/pdbechem_v2/6N3_500.svg
暂缓,P3,6NR,"(2~{S})-2-azanyl-4-[[(2~{S},3~{S},4~{R},5~{R})-5-(4-azanyl-5-cyano-pyrrolo[2,3-d]pyrimidin-7-yl)-3,4-bis(oxidanyl)oxolan-2-yl]methylsulfanyl]butanoic acid",,其他候选,需确认,未进入使用审计,0,0,,结构可能合理，但单体身份、偶联条件或复杂度证据不足，暂不进入研发候选库,分子量超过300 Da，需确认偶联、脱保护和总环肽体积负担；杂原子较多，可能带来较高极性或多重保护需求；CCD未指定标准氨基酸母体,C16 H20 N6 O5 S,408.432,,NON-POLYMER,1,c1c(c2c(ncnc2n1[C@H]3[C@@H]([C@@H]([C@H](O3)CSCC[C@@H](C(=O)O)N)O)O)N)C#N,https://www.rcsb.org/ligand/6NR,https://www.ebi.ac.uk/pdbe/static/files/pdbechem_v2/6NR_500.svg
暂缓,P3,6NS,"(3~{R})-3-[[5-fluoranyl-2-(5-fluoranyl-1~{H}-pyrrolo[2,3-b]pyridin-3-yl)pyrimidin-4-yl]amino]-4,4-dimethyl-pentanoic acid",,芳香/疏水侧链,需确认,未进入使用审计,0,0,,结构可能合理，但单体身份、偶联条件或复杂度证据不足，暂不进入研发候选库,分子量超过300 Da，需确认偶联、脱保护和总环肽体积负担；杂原子较多，可能带来较高极性或多重保护需求；CCD未指定标准氨基酸母体,C18 H19 F2 N5 O2,375.373,,NON-POLYMER,2,CC(C)(C)[C@@H](CC(=O)O)Nc1c(cnc(n1)c2c[nH]c3c2cc(cn3)F)F,https://www.rcsb.org/ligand/6NS,https://www.ebi.ac.uk/pdbe/static/files/pdbechem_v2/6NS_500.svg
暂缓,P3,6NU,"(3~{R})-3-[[5-fluoranyl-2-(5-fluoranyl-1~{H}-pyrrolo[2,3-b]pyridin-3-yl)pyrimidin-4-yl]amino]-3-(1-methylcyclobutyl)propanoic acid",,构象限制,需确认,未进入使用审计,0,0,,结构可能合理，但单体身份、偶联条件或复杂度证据不足，暂不进入研发候选库,分子量超过300 Da，需确认偶联、脱保护和总环肽体积负担；杂原子较多，可能带来较高极性或多重保护需求；CCD未指定标准氨基酸母体,C19 H19 F2 N5 O2,387.383,,NON-POLYMER,2,CC1(CCC1)[C@@H](CC(=O)O)Nc2c(cnc(n2)c3c[nH]c4c3cc(cn4)F)F,https://www.rcsb.org/ligand/6NU,https://www.ebi.ac.uk/pdbe/static/files/pdbechem_v2/6NU_500.svg
暂缓,P3,6OI,"(2S,5S,6S)-2,6-bis(azanyl)-5-oxidanyl-7-sulfooxy-heptanoic acid",,其他候选,需确认,未进入使用审计,0,0,,结构可能合理，但单体身份、偶联条件或复杂度证据不足，暂不进入研发候选库,杂原子较多，可能带来较高极性或多重保护需求；CCD未指定标准氨基酸母体,C7 H16 N2 O7 S,272.276,,non-polymer,1,C(C[C@@H](C(=O)O)N)[C@@H]([C@H](COS(=O)(=O)O)N)O,https://www.rcsb.org/ligand/6OI,https://www.ebi.ac.uk/pdbe/static/files/pdbechem_v2/6OI_500.svg
暂缓,P3,6QR,"(2~{S},3~{R},4~{R})-4-(1~{H}-indol-3-ylsulfanyl)-3-methyl-2-[(2~{S},3~{S})-3-oxidanyl-1-oxidanylidene-butan-2-yl]-3,4-dihydro-2~{H}-pyrrole-5-carboxylic acid",,芳香/疏水侧链,需确认,未进入使用审计,0,0,,结构可能合理，但单体身份、偶联条件或复杂度证据不足，暂不进入研发候选库,分子量超过300 Da，需确认偶联、脱保护和总环肽体积负担；CCD未指定标准氨基酸母体,C18 H20 N2 O4 S,360.427,,NON-POLYMER,4,C[C@H]1[C@H](C(=N[C@H]1[C@H](C=O)[C@H](C)O)C(=O)O)Sc2c[nH]c3c2cccc3,https://www.rcsb.org/ligand/6QR,https://www.ebi.ac.uk/pdbe/static/files/pdbechem_v2/6QR_500.svg
暂缓,P3,6R8,"(6~{R})-6-azanyl-3-nitro-6-oxidanyl-cyclohexa-1,3-diene-1-carboxylic acid",,构象限制,需确认,未进入使用审计,0,0,,结构可能合理，但单体身份、偶联条件或复杂度证据不足，暂不进入研发候选库,CCD未指定标准氨基酸母体,C7 H8 N2 O5,200.149,,NON-POLYMER,2,C1C=C(C=C([C@]1(N)O)C(=O)O)[N+](=O)[O-],https://www.rcsb.org/ligand/6R8,https://www.ebi.ac.uk/pdbe/static/files/pdbechem_v2/6R8_500.svg
暂缓,P3,6S6,"(1~{S},2~{R},3~{S},4~{S},5~{S},6~{R})-2-(8-azidooctylamino)-3,4,5,6-tetrakis(oxidanyl)cyclohexane-1-carboxylic acid",,构象限制,需确认,未进入使用审计,0,0,,结构可能合理，但单体身份、偶联条件或复杂度证据不足，暂不进入研发候选库,分子量超过300 Da，需确认偶联、脱保护和总环肽体积负担；杂原子较多，可能带来较高极性或多重保护需求；CCD未指定标准氨基酸母体,C15 H28 N4 O6,360.406,,NON-POLYMER,2,C(CCCCN=[N+]=[N-])CCCN[C@@H]1[C@@H]([C@H]([C@@H]([C@H]([C@H]1O)O)O)O)C(=O)O,https://www.rcsb.org/ligand/6S6,https://www.ebi.ac.uk/pdbe/static/files/pdbechem_v2/6S6_500.svg
排除,P3,6SG,S-[N-(ferrocenylmethyl)carbamoylmethyl]-glutathione,,其他候选,否,未进入使用审计,0,0,,含金属元素，不属于常规肽合成单体；名称提示核苷酸、辅因子或整分子缀合物；分子量超过500 Da，优先判断为复杂整分子,分子量超过300 Da，需确认偶联、脱保护和总环肽体积负担；杂原子较多，可能带来较高极性或多重保护需求；含预先形成的酰胺键，需确认主链氨基是否仍可偶联；CCD未指定标准氨基酸母体,C23 H30 Fe N4 O7 S,562.417,,NON-POLYMER,1,C(C[C@@H](N/C(=C\SCC(=O)NCC12[CH]3=[CH]4[Fe]3156789([CH]4=[CH]52)[CH]1=[CH]6C7[CH]8=[CH]91)/C(=O)NCC(=O)O)O)[C@@H](C(=O)O)N,https://www.rcsb.org/ligand/6SG,https://www.ebi.ac.uk/pdbe/static/files/pdbechem_v2/6SG_500.svg
暂缓,P3,6SJ,"2-[(3~{S},3'~{a}~{S},6'~{S},6'~{a}~{S})-6-chloranyl-6'-(3-chlorophenyl)-4'-(cyclopropylmethyl)-2-oxidanylidene-spiro[1~{H}-indole-3,5'-3,3~{a},6,6~{a}-tetrahydro-2~{H}-pyrrolo[3,2-b]pyrrole]-1'-yl]ethanoic acid",,构象限制,需确认,未进入使用审计,0,0,,结构可能合理，但单体身份、偶联条件或复杂度证据不足，暂不进入研发候选库,分子量超过300 Da，需确认偶联、脱保护和总环肽体积负担；CCD未指定标准氨基酸母体,C25 H25 Cl2 N3 O3,486.39,,NON-POLYMER,1,c1cc(cc(c1)Cl)[C@H]2[C@H]3[C@H](CCN3CC(=O)O)N([C@]24c5ccc(cc5NC4=O)Cl)CC6CC6,https://www.rcsb.org/ligand/6SJ,https://www.ebi.ac.uk/pdbe/static/files/pdbechem_v2/6SJ_500.svg
暂缓,P3,6XR,"(4~{R})-2-[2-(2-hydroxyphenyl)-1,3-thiazol-4-yl]-4,5-dihydro-1,3-thiazole-4-carboxylic acid",,芳香/疏水侧链,需确认,未进入使用审计,0,0,,结构可能合理，但单体身份、偶联条件或复杂度证据不足，暂不进入研发候选库,分子量超过300 Da，需确认偶联、脱保护和总环肽体积负担；CCD未指定标准氨基酸母体,C13 H10 N2 O3 S2,306.36,,NON-POLYMER,1,c1ccc(c(c1)c2nc(cs2)C3=N[C@@H](CS3)C(=O)O)O,https://www.rcsb.org/ligand/6XR,https://www.ebi.ac.uk/pdbe/static/files/pdbechem_v2/6XR_500.svg
暂缓,P3,6XU,"(2S)-4,4-difluoro-1-[[(4S)-4-(4-fluorophenyl)-5-methoxycarbonyl-4-methyl-2-(1,3-thiazol-2-yl)-1H-pyrimidin-6-yl]methyl]pyrrolidine-2-carboxylic acid",,卤代/电子调节,需确认,未进入使用审计,0,0,,结构可能合理，但单体身份、偶联条件或复杂度证据不足，暂不进入研发候选库,分子量超过300 Da，需确认偶联、脱保护和总环肽体积负担；CCD未指定标准氨基酸母体,C22 H21 F3 N4 O4 S,494.487,,NON-POLYMER,1,C[C@@]1(C(=C(NC(=N1)c2nccs2)CN3CC(C[C@H]3C(=O)O)(F)F)C(=O)OC)c4ccc(cc4)F,https://www.rcsb.org/ligand/6XU,https://www.ebi.ac.uk/pdbe/static/files/pdbechem_v2/6XU_500.svg
暂缓,P3,6YB,"(2~{S})-4-[[(2~{R},3~{S},4~{R},5~{R})-5-(6-aminopurin-9-yl)-3,4-bis(oxidanyl)oxolan-2-yl]methyl-(2-carbamimidamidoethyl)amino]-2-azanyl-butanoic acid",,其他候选,需确认,未进入使用审计,0,0,,结构可能合理，但单体身份、偶联条件或复杂度证据不足，暂不进入研发候选库,分子量超过300 Da，需确认偶联、脱保护和总环肽体积负担；杂原子较多，可能带来较高极性或多重保护需求；CCD未指定标准氨基酸母体,C17 H28 N10 O5,452.468,,NON-POLYMER,1,[H]/N=C(\N)/NCCN(CC[C@@H](C(=O)O)N)C[C@@H]1[C@H]([C@H]([C@@H](O1)n2cnc3c2ncnc3N)O)O,https://www.rcsb.org/ligand/6YB,https://www.ebi.ac.uk/pdbe/static/files/pdbechem_v2/6YB_500.svg
暂缓,P3,6YS,"(1~{S},2~{R},3~{S},4~{S},5~{R},6~{R})-2-azanyl-3-[[3,4-bis(fluoranyl)phenyl]sulfanylmethyl]-4-oxidanyl-bicyclo[3.1.0]hexane-2,6-dicarboxylic acid",,芳香/疏水侧链,需确认,未进入使用审计,0,0,,结构可能合理，但单体身份、偶联条件或复杂度证据不足，暂不进入研发候选库,分子量超过300 Da，需确认偶联、脱保护和总环肽体积负担；CCD未指定标准氨基酸母体,C15 H15 F2 N O5 S,359.345,,NON-POLYMER,1,c1cc(c(cc1SC[C@@H]2[C@H]([C@H]3[C@@H]([C@H]3[C@@]2(C(=O)O)N)C(=O)O)O)F)F,https://www.rcsb.org/ligand/6YS,https://www.ebi.ac.uk/pdbe/static/files/pdbechem_v2/6YS_500.svg
排除,P3,6Z4,"(3~{S})-8-[2-azanyl-6-[(1~{R})-1-(4-chloranyl-2-phenyl-phenyl)-2,2,2-tris(fluoranyl)ethoxy]pyrimidin-4-yl]-2,8-diazaspiro[4.5]decane-3-carboxylic acid",,芳香/疏水侧链,否,未进入使用审计,0,0,,分子量超过500 Da，优先判断为复杂整分子,分子量超过300 Da，需确认偶联、脱保护和总环肽体积负担；杂原子较多，可能带来较高极性或多重保护需求；CCD未指定标准氨基酸母体,C27 H27 Cl F3 N5 O3,561.983,,NON-POLYMER,1,c1ccc(cc1)c2cc(ccc2[C@H](C(F)(F)F)Oc3cc(nc(n3)N)N4CCC5(CC4)C[C@H](NC5)C(=O)O)Cl,https://www.rcsb.org/ligand/6Z4,https://www.ebi.ac.uk/pdbe/static/files/pdbechem_v2/6Z4_500.svg
暂缓,P3,765,5'-{1-[(3S)-3-amino-3-carboxypropyl]aziridin-1-ium-1-yl}-5'-deoxyadenosine,,其他候选,需确认,未进入使用审计,0,0,,结构可能合理，但单体身份、偶联条件或复杂度证据不足，暂不进入研发候选库,分子量超过300 Da，需确认偶联、脱保护和总环肽体积负担；杂原子较多，可能带来较高极性或多重保护需求；CCD未指定标准氨基酸母体,C16 H24 N7 O5,394.406,,NON-POLYMER,1,c1nc(c2c(n1)n(cn2)[C@H]3[C@@H]([C@@H]([C@H](O3)C[N+]4(CC4)CC[C@@H](C(=O)O)N)O)O)N,https://www.rcsb.org/ligand/765,https://www.ebi.ac.uk/pdbe/static/files/pdbechem_v2/765_500.svg
暂缓,P3,76H,"[(2~{S},5~{R})-1-[(2~{R},3~{S},4~{R},5~{R})-5-(6-aminopurin-9-yl)-3,4-bis(oxidanyl)oxolan-2-yl]-5-azaniumyl-6-oxidanyl-6-oxidanylidene-hexan-2-yl]-propyl-azanium",,其他候选,需确认,未进入使用审计,0,0,,结构可能合理，但单体身份、偶联条件或复杂度证据不足，暂不进入研发候选库,分子量超过300 Da，需确认偶联、脱保护和总环肽体积负担；杂原子较多，可能带来较高极性或多重保护需求；CCD未指定标准氨基酸母体,C18 H31 N7 O5,425.483,,NON-POLYMER,1,CCC[NH2+][C@@H](CC[C@H](C(=O)O)[NH3+])C[C@@H]1[C@H]([C@H]([C@@H](O1)n2cnc3c2ncnc3N)O)O,https://www.rcsb.org/ligand/76H,https://www.ebi.ac.uk/pdbe/static/files/pdbechem_v2/76H_500.svg
暂缓,P3,76J,"[(2~{S},5~{S})-1-[(2~{R},3~{S},4~{R},5~{R})-5-(6-aminopurin-9-yl)-3,4-bis(oxidanyl)oxolan-2-yl]-5-azaniumyl-6-oxidanyl-6-oxidanylidene-hexan-2-yl]-pentyl-azanium",,其他候选,需确认,未进入使用审计,0,0,,结构可能合理，但单体身份、偶联条件或复杂度证据不足，暂不进入研发候选库,分子量超过300 Da，需确认偶联、脱保护和总环肽体积负担；杂原子较多，可能带来较高极性或多重保护需求；CCD未指定标准氨基酸母体,C20 H35 N7 O5,453.536,,NON-POLYMER,1,CCCCC[NH2+][C@@H](CC[C@@H](C(=O)O)[NH3+])C[C@@H]1[C@H]([C@H]([C@@H](O1)n2cnc3c2ncnc3N)O)O,https://www.rcsb.org/ligand/76J,https://www.ebi.ac.uk/pdbe/static/files/pdbechem_v2/76J_500.svg
暂缓,P3,76K,"[(2~{S},5~{R})-1-[(2~{R},3~{S},4~{R},5~{R})-5-(6-aminopurin-9-yl)-3,4-bis(oxidanyl)oxolan-2-yl]-5-azaniumyl-6-oxidanyl-6-oxidanylidene-hexan-2-yl]-(3-oxidanylpropyl)azanium",,其他候选,需确认,未进入使用审计,0,0,,结构可能合理，但单体身份、偶联条件或复杂度证据不足，暂不进入研发候选库,分子量超过300 Da，需确认偶联、脱保护和总环肽体积负担；杂原子较多，可能带来较高极性或多重保护需求；CCD未指定标准氨基酸母体,C18 H31 N7 O6,441.482,,NON-POLYMER,1,c1nc(c2c(n1)n(cn2)[C@H]3[C@@H]([C@@H]([C@H](O3)C[C@H](CC[C@H](C(=O)O)[NH3+])[NH2+]CCCO)O)O)N,https://www.rcsb.org/ligand/76K,https://www.ebi.ac.uk/pdbe/static/files/pdbechem_v2/76K_500.svg
暂缓,P3,76L,"[(2~{S},5~{R})-1-[(2~{R},3~{S},4~{R},5~{R})-5-(6-aminopurin-9-yl)-3,4-bis(oxidanyl)oxolan-2-yl]-5-azaniumyl-6-oxidanyl-6-oxidanylidene-hexan-2-yl]-[(2~{R})-2-oxidanylpropyl]azanium",,其他候选,需确认,未进入使用审计,0,0,,结构可能合理，但单体身份、偶联条件或复杂度证据不足，暂不进入研发候选库,分子量超过300 Da，需确认偶联、脱保护和总环肽体积负担；杂原子较多，可能带来较高极性或多重保护需求；CCD未指定标准氨基酸母体,C18 H31 N7 O6,441.482,,NON-POLYMER,1,C[C@H](C[NH2+][C@@H](CC[C@H](C(=O)O)[NH3+])C[C@@H]1[C@H]([C@H]([C@@H](O1)n2cnc3c2ncnc3N)O)O)O,https://www.rcsb.org/ligand/76L,https://www.ebi.ac.uk/pdbe/static/files/pdbechem_v2/76L_500.svg
暂缓,P3,76M,"[(2~{S},5~{R})-1-[(2~{R},3~{S},4~{R},5~{R})-5-(6-aminopurin-9-yl)-3,4-bis(oxidanyl)oxolan-2-yl]-5-azaniumyl-6-oxidanyl-6-oxidanylidene-hexan-2-yl]-(2-methylpropyl)azanium",,其他候选,需确认,未进入使用审计,0,0,,结构可能合理，但单体身份、偶联条件或复杂度证据不足，暂不进入研发候选库,分子量超过300 Da，需确认偶联、脱保护和总环肽体积负担；杂原子较多，可能带来较高极性或多重保护需求；CCD未指定标准氨基酸母体,C19 H33 N7 O5,439.509,,NON-POLYMER,1,CC(C)C[NH2+][C@@H](CC[C@H](C(=O)O)[NH3+])C[C@@H]1[C@H]([C@H]([C@@H](O1)n2cnc3c2ncnc3N)O)O,https://www.rcsb.org/ligand/76M,https://www.ebi.ac.uk/pdbe/static/files/pdbechem_v2/76M_500.svg
暂缓,P3,76O,"[(2~{R},5~{S})-1-[(2~{R},3~{S},4~{R},5~{R})-5-(6-aminopurin-9-yl)-3,4-bis(oxidanyl)oxolan-2-yl]-5-azaniumyl-6-oxidanyl-6-oxidanylidene-hexan-2-yl]-(phenylmethyl)azanium",,芳香/疏水侧链,需确认,未进入使用审计,0,0,,结构可能合理，但单体身份、偶联条件或复杂度证据不足，暂不进入研发候选库,分子量超过300 Da，需确认偶联、脱保护和总环肽体积负担；杂原子较多，可能带来较高极性或多重保护需求；CCD未指定标准氨基酸母体,C22 H31 N7 O5,473.525,,NON-POLYMER,1,c1ccc(cc1)C[NH2+][C@H](CC[C@@H](C(=O)O)[NH3+])C[C@@H]2[C@H]([C@H]([C@@H](O2)n3cnc4c3ncnc4N)O)O,https://www.rcsb.org/ligand/76O,https://www.ebi.ac.uk/pdbe/static/files/pdbechem_v2/76O_500.svg
排除,P3,76R,"[3,3',3'',3'''-(3,8,13,17-tetramethylporphyrin-2,7,12,18-tetrayl-kappa~4~N~21~,N~22~,N~23~,N~24~)tetra(propanoato)(2-)]manganese",Manganese-Coproporphyrin III,其他候选,否,未进入使用审计,0,0,,含金属元素，不属于常规肽合成单体；分子量超过500 Da，优先判断为复杂整分子,分子量超过300 Da，需确认偶联、脱保护和总环肽体积负担；杂原子较多，可能带来较高极性或多重保护需求；CCD未指定标准氨基酸母体,C36 H36 Mn N4 O8,707.631,,NON-POLYMER,4,Cc1c2n3c(c1CCC(=O)O)C=C4C(=C(C5=[N]4[Mn]36[N]7=C(C=C8N6C(=C5)C(=C8C)CCC(=O)O)C(=C(C7=C2)CCC(=O)O)C)CCC(=O)O)C,https://www.rcsb.org/ligand/76R,https://www.ebi.ac.uk/pdbe/static/files/pdbechem_v2/76R_500.svg
暂缓,P3,76U,(4S)-5-fluoro-4-[({3-hydroxy-2-methyl-5-[(phosphonooxy)methyl]pyridin-4-yl}methyl)amino]pentanoic acid,,卤代/电子调节,需确认,未进入使用审计,0,0,,结构可能合理，但单体身份、偶联条件或复杂度证据不足，暂不进入研发候选库,分子量超过300 Da，需确认偶联、脱保护和总环肽体积负担；杂原子较多，可能带来较高极性或多重保护需求；含磷酸/膦酸相关结构，通常不利于被动跨膜；CCD未指定标准氨基酸母体,C13 H20 F N2 O7 P,366.279,,NON-POLYMER,3,Cc1c(c(c(cn1)COP(=O)(O)O)CN[C@@H](CCC(=O)O)CF)O,https://www.rcsb.org/ligand/76U,https://www.ebi.ac.uk/pdbe/static/files/pdbechem_v2/76U_500.svg
排除,P3,78G,"2-[(2~{R},3~{S},4~{R},5~{R})-5-(6-aminopurin-9-yl)-3,4-bis(oxidanyl)oxolan-2-yl]ethyl-[[4-azanyl-1-(methoxymethyl)-2-oxidanylidene-pyrimidin-5-yl]methyl]-[(3~{S})-3-azanyl-4-oxidanyl-4-oxidanylidene-butyl]azanium",,其他候选,否,未进入使用审计,0,0,,分子量超过500 Da，优先判断为复杂整分子,分子量超过300 Da，需确认偶联、脱保护和总环肽体积负担；杂原子较多，可能带来较高极性或多重保护需求；CCD未指定标准氨基酸母体,C22 H33 N10 O7,549.56,,NON-POLYMER,1,COCN1C=C(C(=NC1=O)N)C[NH+](CC[C@@H]2[C@H]([C@H]([C@@H](O2)n3cnc4c3ncnc4N)O)O)CC[C@@H](C(=O)O)N,https://www.rcsb.org/ligand/78G,https://www.ebi.ac.uk/pdbe/static/files/pdbechem_v2/78G_500.svg
排除,P3,78K,"(2~{R})-4-[[(2~{R},3~{S},4~{R},5~{R})-5-(6-aminopurin-9-yl)-3,4-bis(oxidanyl)oxolan-2-yl]methyl-[[4-azanyl-1-(methoxymethyl)-2-oxidanylidene-pyrimidin-5-yl]methyl]amino]-2-azanyl-butanoic acid",,其他候选,否,未进入使用审计,0,0,,分子量超过500 Da，优先判断为复杂整分子,分子量超过300 Da，需确认偶联、脱保护和总环肽体积负担；杂原子较多，可能带来较高极性或多重保护需求；CCD未指定标准氨基酸母体,C21 H30 N10 O7,534.526,,NON-POLYMER,1,COCN1C=C(C(=NC1=O)N)CN(CC[C@H](C(=O)O)N)C[C@@H]2[C@H]([C@H]([C@@H](O2)n3cnc4c3ncnc4N)O)O,https://www.rcsb.org/ligand/78K,https://www.ebi.ac.uk/pdbe/static/files/pdbechem_v2/78K_500.svg
暂缓,P3,792,N-{[4-(but-2-yn-1-yloxy)phenyl]sulfonyl}-5-methyl-D-tryptophan,,D-构型,需确认,未进入使用审计,0,0,,结构可能合理，但单体身份、偶联条件或复杂度证据不足，暂不进入研发候选库,分子量超过300 Da，需确认偶联、脱保护和总环肽体积负担；CCD未指定标准氨基酸母体,C22 H22 N2 O5 S,426.485,,NON-POLYMER,1,CC#CCOc1ccc(cc1)S(=O)(=O)N[C@H](Cc2c[nH]c3c2cc(cc3)C)C(=O)O,https://www.rcsb.org/ligand/792,https://www.ebi.ac.uk/pdbe/static/files/pdbechem_v2/792_500.svg
暂缓,P3,7BV,"(4S)-2-[6-(azepan-1-yl)-1,3-benzothiazol-2-yl]-4,5-dihydro-1,3-thiazole-4-carboxylic acid",,其他候选,需确认,未进入使用审计,0,0,,结构可能合理，但单体身份、偶联条件或复杂度证据不足，暂不进入研发候选库,分子量超过300 Da，需确认偶联、脱保护和总环肽体积负担；CCD未指定标准氨基酸母体,C17 H19 N3 O2 S2,361.482,,NON-POLYMER,1,c1cc2c(cc1N3CCCCCC3)sc(n2)C4=N[C@H](CS4)C(=O)O,https://www.rcsb.org/ligand/7BV,https://www.ebi.ac.uk/pdbe/static/files/pdbechem_v2/7BV_500.svg
暂缓,P3,7E5,"(2~{S},4~{R})-4-(2-carboxyphenoxy)pyrrolidine-2-carboxylic acid",,其他候选,需确认,未进入使用审计,0,0,,结构可能合理，但单体身份、偶联条件或复杂度证据不足，暂不进入研发候选库,CCD未指定标准氨基酸母体,C12 H13 N O5,251.235,,NON-POLYMER,1,c1ccc(c(c1)C(=O)O)O[C@@H]2C[C@H](NC2)C(=O)O,https://www.rcsb.org/ligand/7E5,https://www.ebi.ac.uk/pdbe/static/files/pdbechem_v2/7E5_500.svg
暂缓,P3,7EP,"(2R,4S)-2-[(1R)-1-{[(2,6-dimethoxyphenyl)carbonyl]amino}-2-oxoethyl]-5,5-dimethyl-1,3-thiazolidine-4-carboxylic acid","methicillin, bound form",芳香/疏水侧链,需确认,未进入使用审计,0,0,,结构可能合理，但单体身份、偶联条件或复杂度证据不足，暂不进入研发候选库,分子量超过300 Da，需确认偶联、脱保护和总环肽体积负担；杂原子较多，可能带来较高极性或多重保护需求；CCD未指定标准氨基酸母体,C17 H22 N2 O6 S,382.431,,NON-POLYMER,1,CC1([C@@H](N[C@H](S1)[C@@H](C=O)NC(=O)c2c(cccc2OC)OC)C(=O)O)C,https://www.rcsb.org/ligand/7EP,https://www.ebi.ac.uk/pdbe/static/files/pdbechem_v2/7EP_500.svg
排除,P3,7H5,"(3S)-8-(2-amino-6-{(1R)-1-[5-chloro-3'-(methylsulfonyl)[1,1'-biphenyl]-2-yl]-2,2,2-trifluoroethoxy}pyrimidin-4-yl)-2,8-diazaspiro[4.5]decane-3-carboxylic acid",,卤代/电子调节,否,未进入使用审计,0,0,,分子量超过500 Da，优先判断为复杂整分子,分子量超过300 Da，需确认偶联、脱保护和总环肽体积负担；杂原子较多，可能带来较高极性或多重保护需求；CCD未指定标准氨基酸母体,C28 H29 Cl F3 N5 O5 S,640.074,,NON-POLYMER,1,CS(=O)(=O)c1cccc(c1)c2cc(ccc2[C@H](C(F)(F)F)Oc3cc(nc(n3)N)N4CCC5(CC4)C[C@H](NC5)C(=O)O)Cl,https://www.rcsb.org/ligand/7H5,https://www.ebi.ac.uk/pdbe/static/files/pdbechem_v2/7H5_500.svg
排除,P3,7HE,7-METHYL-7-DEPROPIONATEHEMIN,,其他候选,否,未进入使用审计,0,0,,含金属元素，不属于常规肽合成单体；分子量超过500 Da，优先判断为复杂整分子,分子量超过300 Da，需确认偶联、脱保护和总环肽体积负担；CCD未指定标准氨基酸母体,C32 H30 Fe N4 O2,558.451,,NON-POLYMER,4,Cc1c(c2n3c1C=C4C(=C(C5=Cc6c(c(c7n6[Fe@]3(N45)N8C(=C7)C(=C(C8=C2)CCC(=O)O)C)C=C)C)C=C)C)C,https://www.rcsb.org/ligand/7HE,https://www.ebi.ac.uk/pdbe/static/files/pdbechem_v2/7HE_500.svg
暂缓,P3,7I4,"1-[[2-fluoranyl-4-[5-[4-(2-methylpropyl)phenyl]-1,2,4-oxadiazol-3-yl]phenyl]methyl]azetidine-3-carboxylic acid",,构象限制,需确认,未进入使用审计,0,0,,结构可能合理，但单体身份、偶联条件或复杂度证据不足，暂不进入研发候选库,分子量超过300 Da，需确认偶联、脱保护和总环肽体积负担；CCD未指定标准氨基酸母体,C23 H24 F N3 O3,409.453,,non-polymer,2,CC(C)Cc1ccc(cc1)c2nc(no2)c3ccc(c(c3)F)CN4CC(C4)C(=O)O,https://www.rcsb.org/ligand/7I4,https://www.ebi.ac.uk/pdbe/static/files/pdbechem_v2/7I4_500.svg
暂缓,P3,7LX,(2~{R})-2-(4-ethoxy-3-methoxy-phenyl)-2-(isoquinolin-6-ylamino)ethanoic acid,2-(4-ethoxy-3-methoxyphenyl)-2-(isoquinolin-6-ylamino)acetic acid,芳香/疏水侧链,需确认,未进入使用审计,0,0,,结构可能合理，但单体身份、偶联条件或复杂度证据不足，暂不进入研发候选库,分子量超过300 Da，需确认偶联、脱保护和总环肽体积负担；CCD未指定标准氨基酸母体,C20 H20 N2 O4,352.384,,NON-POLYMER,1,CCOc1ccc(cc1OC)[C@H](C(=O)O)Nc2ccc3cnccc3c2,https://www.rcsb.org/ligand/7LX,https://www.ebi.ac.uk/pdbe/static/files/pdbechem_v2/7LX_500.svg
排除,P3,7MD,5'-O-[(R)-(3-aminopropoxy)(L-alpha-aspartylamino)phosphoryl]adenosine,,其他候选,否,未进入使用审计,0,0,,名称提示核苷酸、辅因子或整分子缀合物；分子量超过500 Da，优先判断为复杂整分子,分子量超过300 Da，需确认偶联、脱保护和总环肽体积负担；杂原子较多，可能带来较高极性或多重保护需求；含磷酸/膦酸相关结构，通常不利于被动跨膜；CCD未指定标准氨基酸母体,C17 H27 N8 O9 P,518.418,,NON-POLYMER,2,c1nc(c2c(n1)n(cn2)[C@H]3[C@@H]([C@@H]([C@H](O3)CO[P@@](=O)(NC(=O)[C@H](CC(=O)O)N)OCCCN)O)O)N,https://www.rcsb.org/ligand/7MD,https://www.ebi.ac.uk/pdbe/static/files/pdbechem_v2/7MD_500.svg
暂缓,P3,7O9,"(2~{S},3~{S})-2-azanyl-3-[[3-[[4-(trifluoromethyl)phenyl]carbonylamino]phenyl]methoxy]butanedioic acid",,卤代/电子调节,需确认,未进入使用审计,0,0,,结构可能合理，但单体身份、偶联条件或复杂度证据不足，暂不进入研发候选库,分子量超过300 Da，需确认偶联、脱保护和总环肽体积负担；杂原子较多，可能带来较高极性或多重保护需求；CCD未指定标准氨基酸母体,C19 H17 F3 N2 O6,426.343,,NON-POLYMER,1,c1cc(cc(c1)NC(=O)c2ccc(cc2)C(F)(F)F)CO[C@@H]([C@@H](C(=O)O)N)C(=O)O,https://www.rcsb.org/ligand/7O9,https://www.ebi.ac.uk/pdbe/static/files/pdbechem_v2/7O9_500.svg
暂缓,P3,7QP,"(1R,3S,4R)-3-[({3-hydroxy-2-methyl-5-[(phosphonooxy)methyl]pyridin-4-yl}methyl)amino]-4-methylcyclohexane-1-carboxylic acid",,构象限制,需确认,未进入使用审计,0,0,,结构可能合理，但单体身份、偶联条件或复杂度证据不足，暂不进入研发候选库,分子量超过300 Da，需确认偶联、脱保护和总环肽体积负担；杂原子较多，可能带来较高极性或多重保护需求；含磷酸/膦酸相关结构，通常不利于被动跨膜；CCD未指定标准氨基酸母体,C16 H25 N2 O7 P,388.353,,non-polymer,3,Cc1c(c(c(cn1)COP(=O)(O)O)CN[C@H]2C[C@@H](CC[C@H]2C)C(=O)O)O,https://www.rcsb.org/ligand/7QP,https://www.ebi.ac.uk/pdbe/static/files/pdbechem_v2/7QP_500.svg
暂缓,P3,7RC,(2R)-4-(3-phosphonopropyl)piperazine-2-carboxylic acid,,其他候选,需确认,未进入使用审计,0,0,,结构可能合理，但单体身份、偶联条件或复杂度证据不足，暂不进入研发候选库,含磷酸/膦酸相关结构，通常不利于被动跨膜；CCD未指定标准氨基酸母体,C8 H17 N2 O5 P,252.205,,non-polymer,1,C1CN(C[C@@H](N1)C(=O)O)CCCP(=O)(O)O,https://www.rcsb.org/ligand/7RC,https://www.ebi.ac.uk/pdbe/static/files/pdbechem_v2/7RC_500.svg
暂缓,P3,7T6,"(2R)-2-[(1S)-1-methoxy-2-oxidanyl-2-oxidanylidene-ethyl]-5-methylidene-2H-1,3-thiazine-4-carboxylic acid",,其他候选,需确认,未进入使用审计,0,0,,结构可能合理，但单体身份、偶联条件或复杂度证据不足，暂不进入研发候选库,CCD未指定标准氨基酸母体,C9 H11 N O5 S,245.252,,non-polymer,2,CO[C@H]([C@@H]1N=C(C(=C)CS1)C(=O)O)C(=O)O,https://www.rcsb.org/ligand/7T6,https://www.ebi.ac.uk/pdbe/static/files/pdbechem_v2/7T6_500.svg
暂缓,P3,7TC,"(2R,3S)-3-methyl-4-methylidene-2-[(2S,3R)-3-oxidanyl-1-oxidanylidene-butan-2-yl]-2,3-dihydropyrrole-5-carboxylic acid",,其他候选,需确认,未进入使用审计,0,0,,结构可能合理，但单体身份、偶联条件或复杂度证据不足，暂不进入研发候选库,CCD未指定标准氨基酸母体,C11 H15 N O4,225.241,,non-polymer,4,C[C@@H]1[C@@H](N=C(C1=C)C(=O)O)[C@H](C=O)[C@@H](C)O,https://www.rcsb.org/ligand/7TC,https://www.ebi.ac.uk/pdbe/static/files/pdbechem_v2/7TC_500.svg
排除,P3,7TL,"(2S)-1-[[(4R)-4-(2-chloranyl-4-fluoranyl-phenyl)-5-methoxycarbonyl-2-(1,3-thiazol-2-yl)-1,4-dihydropyrimidin-6-yl]methyl]-4,4-bis(fluoranyl)pyrrolidine-2-carboxylic acid",,芳香/疏水侧链,否,未进入使用审计,0,0,,分子量超过500 Da，优先判断为复杂整分子,分子量超过300 Da，需确认偶联、脱保护和总环肽体积负担；CCD未指定标准氨基酸母体,C21 H18 Cl F3 N4 O4 S,514.905,,NON-POLYMER,1,COC(=O)C1=C(NC(=N[C@H]1c2ccc(cc2Cl)F)c3nccs3)CN4CC(C[C@H]4C(=O)O)(F)F,https://www.rcsb.org/ligand/7TL,https://www.ebi.ac.uk/pdbe/static/files/pdbechem_v2/7TL_500.svg
暂缓,P3,7VO,"(2S,3S)-3-methyl-2-[[2-methyl-3-oxidanyl-5-(phosphonooxymethyl)pyridin-4-yl]methylamino]pentanoic acid",,芳香/疏水侧链,需确认,未进入使用审计,0,0,,结构可能合理，但单体身份、偶联条件或复杂度证据不足，暂不进入研发候选库,分子量超过300 Da，需确认偶联、脱保护和总环肽体积负担；杂原子较多，可能带来较高极性或多重保护需求；含磷酸/膦酸相关结构，通常不利于被动跨膜；CCD未指定标准氨基酸母体,C14 H23 N2 O7 P,362.315,,NON-POLYMER,1,CC[C@H](C)[C@@H](C(=O)O)NCc1c(cnc(c1O)C)COP(=O)(O)O,https://www.rcsb.org/ligand/7VO,https://www.ebi.ac.uk/pdbe/static/files/pdbechem_v2/7VO_500.svg
暂缓,P3,7WJ,"(2S)-2-amino-4-[([1~2~,2~2~:2~6~,3~2~-terpyridine]-2~4~-carbonyl)amino]butanoic acid",,芳香/疏水侧链,需确认,未进入使用审计,0,0,,结构可能合理，但单体身份、偶联条件或复杂度证据不足，暂不进入研发候选库,分子量超过300 Da，需确认偶联、脱保护和总环肽体积负担；杂原子较多，可能带来较高极性或多重保护需求；含预先形成的酰胺键，需确认主链氨基是否仍可偶联；CCD未指定标准氨基酸母体,C20 H19 N5 O3,377.397,,NON-POLYMER,1,c1ccnc(c1)c2cc(cc(n2)c3ccccn3)C(=O)NCC[C@@H](C(=O)O)N,https://www.rcsb.org/ligand/7WJ,https://www.ebi.ac.uk/pdbe/static/files/pdbechem_v2/7WJ_500.svg
暂缓,P3,7XF,(2~{S})-2-[[2-methyl-3-oxidanyl-5-(phosphonooxymethyl)pyridin-4-yl]methylamino]-4-sulfanyl-butanoic acid,,芳香/疏水侧链,需确认,未进入使用审计,0,0,,结构可能合理，但单体身份、偶联条件或复杂度证据不足，暂不进入研发候选库,分子量超过300 Da，需确认偶联、脱保护和总环肽体积负担；杂原子较多，可能带来较高极性或多重保护需求；含磷酸/膦酸相关结构，通常不利于被动跨膜；CCD未指定标准氨基酸母体,C12 H19 N2 O7 P S,366.327,,NON-POLYMER,1,Cc1c(c(c(cn1)COP(=O)(O)O)CN[C@@H](CCS)C(=O)O)O,https://www.rcsb.org/ligand/7XF,https://www.ebi.ac.uk/pdbe/static/files/pdbechem_v2/7XF_500.svg
排除,P3,80F,"(2R)-3-[[(4S)-3-aminocarbonyl-1-[(2R,3R,4S,5R)-5-[[[[(2R,3S,4R,5R)-5-(6-aminopurin-9-yl)-3,4-bis(oxidanyl)oxolan-2-yl]methoxy-oxidanyl-phosphoryl]oxy-oxidanyl-phosphoryl]oxymethyl]-3,4-bis(oxidanyl)oxolan-2-yl]-4H-pyridin-4-yl]sulfanyl]-2-azanyl-propanoic acid",,芳香/疏水侧链,否,未进入使用审计,0,0,,分子量超过500 Da，优先判断为复杂整分子,分子量超过300 Da，需确认偶联、脱保护和总环肽体积负担；杂原子较多，可能带来较高极性或多重保护需求；含磷酸/膦酸相关结构，通常不利于被动跨膜；含预先形成的酰胺键，需确认主链氨基是否仍可偶联；CCD未指定标准氨基酸母体,C24 H34 N8 O16 P2 S,784.583,,NON-POLYMER,1,c1nc(c2c(n1)n(cn2)[C@H]3[C@@H]([C@@H]([C@H](O3)COP(=O)(O)OP(=O)(O)OC[C@@H]4[C@H]([C@H]([C@@H](O4)N5C=C[C@@H](C(=C5)C(=O)N)SC[C@@H](C(=O)O)N)O)O)O)O)N,https://www.rcsb.org/ligand/80F,https://www.ebi.ac.uk/pdbe/static/files/pdbechem_v2/80F_500.svg
暂缓,P3,80L,"3-[[4-chloranyl-2-nitro-5-[(2-oxidanylidene-1,3-dihydrobenzimidazol-5-yl)amino]phenyl]amino]propanoic acid","N-(4-chloro-2-nitro-5-((2-oxo-2,3-dihydro-1H-benzimidazol-5-yl)amino)phenyl)-beta-alanine",卤代/电子调节,需确认,未进入使用审计,0,0,,结构可能合理，但单体身份、偶联条件或复杂度证据不足，暂不进入研发候选库,分子量超过300 Da，需确认偶联、脱保护和总环肽体积负担；杂原子较多，可能带来较高极性或多重保护需求；含预先形成的酰胺键，需确认主链氨基是否仍可偶联；CCD未指定标准氨基酸母体,C16 H14 Cl N5 O5,391.766,,NON-POLYMER,2,c1cc2c(cc1Nc3cc(c(cc3Cl)[N+](=O)[O-])NCCC(=O)O)NC(=O)N2,https://www.rcsb.org/ligand/80L,https://www.ebi.ac.uk/pdbe/static/files/pdbechem_v2/80L_500.svg
暂缓,P3,83O,"(2S)-2-azanyl-3-(4H-1,2,4-triazol-3-yl)propanoic acid",,其他候选,需确认,未进入使用审计,0,0,,结构可能合理，但单体身份、偶联条件或复杂度证据不足，暂不进入研发候选库,CCD未指定标准氨基酸母体,C5 H8 N4 O2,156.143,,NON-POLYMER,1,c1[nH]c(nn1)C[C@@H](C(=O)O)N,https://www.rcsb.org/ligand/83O,https://www.ebi.ac.uk/pdbe/static/files/pdbechem_v2/83O_500.svg
排除,P3,85N,"[(2~{S})-2-[[(1~{R})-1,2-bis(13-methyltetradecanoyloxy)ethoxy]methyl]-3-oxidanyl-3-oxidanylidene-propyl]-trimethyl-azanium",,其他候选,否,未进入使用审计,0,0,,分子量超过500 Da，优先判断为复杂整分子,分子量超过300 Da，需确认偶联、脱保护和总环肽体积负担；杂原子较多，可能带来较高极性或多重保护需求；CCD未指定标准氨基酸母体,C39 H76 N O7,671.023,,non-polymer,2,CC(C)CCCCCCCCCCCC(=O)OC[C@H](OC[C@H](C[N+](C)(C)C)C(=O)O)OC(=O)CCCCCCCCCCCC(C)C,https://www.rcsb.org/ligand/85N,https://www.ebi.ac.uk/pdbe/static/files/pdbechem_v2/85N_500.svg
暂缓,P3,87I,"(2R,4R)-1-methyl-4-hydroxyl-pyrrolidine-2-carboxylic acid",,其他候选,需确认,未进入使用审计,0,0,,结构可能合理，但单体身份、偶联条件或复杂度证据不足，暂不进入研发候选库,CCD未指定标准氨基酸母体,C6 H11 N O3,145.156,,non-polymer,1,CN1C[C@@H](C[C@@H]1C(=O)O)O,https://www.rcsb.org/ligand/87I,https://www.ebi.ac.uk/pdbe/static/files/pdbechem_v2/87I_500.svg
排除,P3,886,N-({4'-[(4-isobutyrylphenoxy)methyl]biphenyl-4-yl}sulfonyl)-D-valine,,D-构型,否,未进入使用审计,0,0,,分子量超过500 Da，优先判断为复杂整分子,分子量超过300 Da，需确认偶联、脱保护和总环肽体积负担；杂原子较多，可能带来较高极性或多重保护需求；CCD未指定标准氨基酸母体,C28 H31 N O6 S,509.614,,NON-POLYMER,1,CC(C)[C@H](C(=O)O)NS(=O)(=O)c1ccc(cc1)c2ccc(cc2)COc3ccc(cc3)C(=O)C(C)C,https://www.rcsb.org/ligand/886,https://www.ebi.ac.uk/pdbe/static/files/pdbechem_v2/886_500.svg
排除,P3,89R,fluorinated heme,,其他候选,否,未进入使用审计,0,0,,含金属元素，不属于常规肽合成单体；名称提示核苷酸、辅因子或整分子缀合物；分子量超过500 Da，优先判断为复杂整分子,分子量超过300 Da，需确认偶联、脱保护和总环肽体积负担；CCD未指定标准氨基酸母体,C34 H33 F3 Fe N4 O4,674.49,,NON-POLYMER,4,CCc1c(c2n3c1C=C4C(=C(C5=[N]4[Fe]36[N]7=C(C=C8N6C(=C5)C(=C8CCC(=O)O)C)C(=C(C7=C2)C)CCC(=O)O)CC)C(F)(F)F)C,https://www.rcsb.org/ligand/89R,https://www.ebi.ac.uk/pdbe/static/files/pdbechem_v2/89R_500.svg
暂缓,P3,8AS,3-(morpholin-4-yl)propanoic acid,,其他候选,需确认,未进入使用审计,0,0,,结构可能合理，但单体身份、偶联条件或复杂度证据不足，暂不进入研发候选库,CCD未指定标准氨基酸母体,C7 H13 N O3,159.183,,NON-POLYMER,2,C1COCCN1CCC(=O)O,https://www.rcsb.org/ligand/8AS,https://www.ebi.ac.uk/pdbe/static/files/pdbechem_v2/8AS_500.svg
排除,P3,8CY,"ruthenocenyl-7-aminodesacetoxycephalosporanic acid, bound form",,其他候选,否,未进入使用审计,0,0,,含金属元素，不属于常规肽合成单体；分子量超过500 Da，优先判断为复杂整分子,分子量超过300 Da，需确认偶联、脱保护和总环肽体积负担；杂原子较多，可能带来较高极性或多重保护需求；CCD未指定标准氨基酸母体,C22 H24 N2 O6 Ru S,545.571,,NON-POLYMER,2,CC1=C(N[C@H](SC1)[C@@H](C(=O)O)NC(=O)CCC(=O)C23[CH]4=[CH]5[Ru]4267891([CH]5=[CH]63)[CH]2=[CH]7C8[CH]9=[CH]12)C(=O)O,https://www.rcsb.org/ligand/8CY,https://www.ebi.ac.uk/pdbe/static/files/pdbechem_v2/8CY_500.svg
暂缓,P3,8DR,"(S)-2-(3-(benzo[c][1,2,5]thiadiazole-4-sulfonamido)thiophene-2-carboxamido)-5-guanidinopentanoic acid","(2S)-2-[[3-(2,1,3-benzothiadiazol-4-ylsulfonylamino)thiophen-2-yl]carbonylamino]-5-carbamimidamido-pentanoic acid",其他候选,需确认,未进入使用审计,0,0,,结构可能合理，但单体身份、偶联条件或复杂度证据不足，暂不进入研发候选库,分子量超过300 Da，需确认偶联、脱保护和总环肽体积负担；杂原子较多，可能带来较高极性或多重保护需求；CCD未指定标准氨基酸母体,C17 H19 N7 O5 S3,497.572,,NON-POLYMER,4,[H]/N=C(/N)\NCCC[C@@H](C(=O)O)NC(=O)c1c(ccs1)NS(=O)(=O)c2cccc3c2nsn3,https://www.rcsb.org/ligand/8DR,https://www.ebi.ac.uk/pdbe/static/files/pdbechem_v2/8DR_500.svg
暂缓,P3,8EP,"(2R,3aR,6R,7S,7aR)-2-[(2S)-2-amino-3-hydroxy-3-oxo-propyl]-6,7-dihydroxy-3,3a,5,6,7,7a-hexahydrofuro[4,5-b]pyran-2-carboxylic acid",,其他候选,需确认,未进入使用审计,0,0,,结构可能合理，但单体身份、偶联条件或复杂度证据不足，暂不进入研发候选库,杂原子较多，可能带来较高极性或多重保护需求；CCD未指定标准氨基酸母体,C11 H17 N O8,291.255,,NON-POLYMER,1,C1[C@@H]2[C@@H]([C@H]([C@@H](CO2)O)O)O[C@@]1(C[C@@H](C(=O)O)N)C(=O)O,https://www.rcsb.org/ligand/8EP,https://www.ebi.ac.uk/pdbe/static/files/pdbechem_v2/8EP_500.svg
排除,P3,8F5,"3-[(1~{R},2~{S},3~{S},4~{Z},7~{S},8~{S},9~{Z},15~{R},17~{R},18~{R},19~{R})-2,7,18-tris(2-hydroxy-2-oxoethyl)-3,13,17-tris(3-hydroxy-3-oxopropyl)-1,2,7,12,12,15,17-heptamethyl-5-prop-2-enyl-3,8,15,18,19,21-hexahydrocorrin-8-yl]propanoic acid",,其他候选,否,未进入使用审计,0,0,,分子量超过500 Da，优先判断为复杂整分子,分子量超过300 Da，需确认偶联、脱保护和总环肽体积负担；杂原子较多，可能带来较高极性或多重保护需求；CCD未指定标准氨基酸母体,C47 H62 N4 O14,907.014,,NON-POLYMER,3,C[C@@H]1C2=C(C(C(=N2)/C=C\3/[C@H]([C@](C(=N3)/C(=C\4/[C@H]([C@]([C@@](N4)([C@H]5[C@@H]([C@@](C1=N5)(C)CCC(=O)O)CC(=O)O)C)(C)CC(=O)O)CCC(=O)O)/CC=C)(C)CC(=O)O)CCC(=O)O)(C)C)CCC(=O)O,https://www.rcsb.org/ligand/8F5,https://www.ebi.ac.uk/pdbe/static/files/pdbechem_v2/8F5_500.svg
暂缓,P3,8FB,"(3~{S},4~{R},5~{S})-5-[(2~{S},3~{R})-1,3-bis(oxidanyl)-1-oxidanylidene-butan-2-yl]-3-[(3~{S},5~{S})-5-(dimethylcarbamoyl)pyrrolidin-3-yl]sulfanyl-4-methyl-pyrrolidine-2-carboxylic acid",,其他候选,需确认,未进入使用审计,0,0,,结构可能合理，但单体身份、偶联条件或复杂度证据不足，暂不进入研发候选库,分子量超过300 Da，需确认偶联、脱保护和总环肽体积负担；杂原子较多，可能带来较高极性或多重保护需求；含预先形成的酰胺键，需确认主链氨基是否仍可偶联；CCD未指定标准氨基酸母体,C17 H29 N3 O6 S,403.494,,NON-POLYMER,2,C[C@H]1[C@@H](C(N[C@H]1[C@@H]([C@@H](C)O)C(=O)O)C(=O)O)S[C@H]2C[C@H](NC2)C(=O)N(C)C,https://www.rcsb.org/ligand/8FB,https://www.ebi.ac.uk/pdbe/static/files/pdbechem_v2/8FB_500.svg
暂缓,P3,8GL,(2S)-2-azanyl-2-oxidanyl-pentanedioic acid,,其他候选,需确认,未进入使用审计,0,0,,结构可能合理，但单体身份、偶联条件或复杂度证据不足，暂不进入研发候选库,CCD未指定标准氨基酸母体,C5 H9 N O5,163.129,,NON-POLYMER,1,C(C[C@](C(=O)O)(N)O)C(=O)O,https://www.rcsb.org/ligand/8GL,https://www.ebi.ac.uk/pdbe/static/files/pdbechem_v2/8GL_500.svg
排除,P3,8H7,"(2~{S},3~{S})-2-[[6-[(3-cyanophenyl)methoxy]-2-(2-methyl-3-phenyl-phenyl)-1,3-bis(oxidanylidene)isoindol-5-yl]methylamino]-3-oxidanyl-butanoic acid",,芳香/疏水侧链,否,未进入使用审计,0,0,,分子量超过500 Da，优先判断为复杂整分子,分子量超过300 Da，需确认偶联、脱保护和总环肽体积负担；杂原子较多，可能带来较高极性或多重保护需求；CCD未指定标准氨基酸母体,C34 H29 N3 O6,575.611,,non-polymer,1,Cc1c(cccc1N2C(=O)c3cc(c(cc3C2=O)OCc4cccc(c4)C#N)CN[C@@H]([C@H](C)O)C(=O)O)c5ccccc5,https://www.rcsb.org/ligand/8H7,https://www.ebi.ac.uk/pdbe/static/files/pdbechem_v2/8H7_500.svg
暂缓,P3,8HN,"2-[(2~{S})-1-[3-cyano-7-[(2-oxidanylidene-3,4-dihydro-1~{H}-quinolin-6-yl)amino]pyrazolo[1,5-a]pyrimidin-5-yl]pyrrolidin-2-yl]ethanoic acid",,其他候选,需确认,未进入使用审计,0,0,,结构可能合理，但单体身份、偶联条件或复杂度证据不足，暂不进入研发候选库,分子量超过300 Da，需确认偶联、脱保护和总环肽体积负担；杂原子较多，可能带来较高极性或多重保护需求；含预先形成的酰胺键，需确认主链氨基是否仍可偶联；CCD未指定标准氨基酸母体,C22 H21 N7 O3,431.447,,NON-POLYMER,2,c1cc2c(cc1Nc3cc(nc4n3ncc4C#N)N5CCC[C@H]5CC(=O)O)CCC(=O)N2,https://www.rcsb.org/ligand/8HN,https://www.ebi.ac.uk/pdbe/static/files/pdbechem_v2/8HN_500.svg
暂缓,P3,8HW,"4-[[4-[[3-(2,3-dihydro-1,4-benzodioxin-6-yl)-2-methyl-phenyl]methoxy]-2,5-bis(fluoranyl)phenyl]methylamino]-3-oxidanylidene-butanoic acid",,芳香/疏水侧链,需确认,未进入使用审计,0,0,,结构可能合理，但单体身份、偶联条件或复杂度证据不足，暂不进入研发候选库,分子量超过300 Da，需确认偶联、脱保护和总环肽体积负担；杂原子较多，可能带来较高极性或多重保护需求；CCD未指定标准氨基酸母体,C27 H25 F2 N O6,497.487,,NON-POLYMER,3,Cc1c(cccc1c2ccc3c(c2)OCCO3)COc4cc(c(cc4F)CNCC(=O)CC(=O)O)F,https://www.rcsb.org/ligand/8HW,https://www.ebi.ac.uk/pdbe/static/files/pdbechem_v2/8HW_500.svg
暂缓,P3,8IK,(2S)-2-azanyl-3-(6-methyl-1H-indol-3-yl)propanoic acid,,芳香/疏水侧链,需确认,未进入使用审计,0,0,,结构可能合理，但单体身份、偶联条件或复杂度证据不足，暂不进入研发候选库,CCD未指定标准氨基酸母体,C12 H14 N2 O2,218.252,,non-polymer,1,Cc1ccc2c(c1)[nH]cc2C[C@@H](C(=O)O)N,https://www.rcsb.org/ligand/8IK,https://www.ebi.ac.uk/pdbe/static/files/pdbechem_v2/8IK_500.svg
暂缓,P3,8J9,(2~{S})-2-[[(2~{S})-1-[[(2~{S})-3-(4-hydroxyphenyl)-1-oxidanyl-1-oxidanylidene-propan-2-yl]amino]-1-oxidanylidene-hexan-2-yl]amino]-4-phenyl-butanoic acid,,芳香/疏水侧链,需确认,未进入使用审计,0,0,,结构可能合理，但单体身份、偶联条件或复杂度证据不足，暂不进入研发候选库,分子量超过300 Da，需确认偶联、脱保护和总环肽体积负担；杂原子较多，可能带来较高极性或多重保护需求；含预先形成的酰胺键，需确认主链氨基是否仍可偶联；CCD未指定标准氨基酸母体,C25 H32 N2 O6,456.531,,non-polymer,1,CCCC[C@@H](C(=O)N[C@@H](Cc1ccc(cc1)O)C(=O)O)N[C@@H](CCc2ccccc2)C(=O)O,https://www.rcsb.org/ligand/8J9,https://www.ebi.ac.uk/pdbe/static/files/pdbechem_v2/8J9_500.svg
暂缓,P3,8JV,"(2~{S},5~{R})-5-(4-methylphenyl)-1-[2-[[(2~{S})-1-oxidanyl-1-oxidanylidene-4-phenyl-butan-2-yl]amino]ethanoyl]pyrrolidine-2-carboxylic acid",,芳香/疏水侧链,需确认,未进入使用审计,0,0,,结构可能合理，但单体身份、偶联条件或复杂度证据不足，暂不进入研发候选库,分子量超过300 Da，需确认偶联、脱保护和总环肽体积负担；CCD未指定标准氨基酸母体,C24 H28 N2 O5,424.49,,non-polymer,1,Cc1ccc(cc1)[C@H]2CC[C@H](N2C(=O)CN[C@@H](CCc3ccccc3)C(=O)O)C(=O)O,https://www.rcsb.org/ligand/8JV,https://www.ebi.ac.uk/pdbe/static/files/pdbechem_v2/8JV_500.svg
暂缓,P3,8K0,5-[(4-bromanylnaphthalen-1-yl)sulfonylamino]pentanoic acid,,芳香/疏水侧链,需确认,未进入使用审计,0,0,,结构可能合理，但单体身份、偶联条件或复杂度证据不足，暂不进入研发候选库,分子量超过300 Da，需确认偶联、脱保护和总环肽体积负担；CCD未指定标准氨基酸母体,C15 H16 Br N O4 S,386.261,,NON-POLYMER,4,c1ccc2c(c1)c(ccc2Br)S(=O)(=O)NCCCCC(=O)O,https://www.rcsb.org/ligand/8K0,https://www.ebi.ac.uk/pdbe/static/files/pdbechem_v2/8K0_500.svg
暂缓,P3,8KC,(2~{S})-2-[[(2~{S})-1-[[(2~{S})-3-(1~{H}-indol-3-yl)-1-oxidanyl-1-oxidanylidene-propan-2-yl]amino]-1-oxidanylidene-hexan-2-yl]amino]-4-phenyl-butanoic acid,,芳香/疏水侧链,需确认,未进入使用审计,0,0,,结构可能合理，但单体身份、偶联条件或复杂度证据不足，暂不进入研发候选库,分子量超过300 Da，需确认偶联、脱保护和总环肽体积负担；含预先形成的酰胺键，需确认主链氨基是否仍可偶联；CCD未指定标准氨基酸母体,C27 H33 N3 O5,479.568,,non-polymer,1,CCCC[C@@H](C(=O)N[C@@H](Cc1c[nH]c2c1cccc2)C(=O)O)N[C@@H](CCc3ccccc3)C(=O)O,https://www.rcsb.org/ligand/8KC,https://www.ebi.ac.uk/pdbe/static/files/pdbechem_v2/8KC_500.svg
暂缓,P3,8KN,(2~{S})-5-azanyl-2-[[(2~{S})-4-methyl-2-[[oxidanyl(phenylmethoxycarbonylaminomethyl)phosphoryl]amino]pentanoyl]amino]pentanoic acid,,芳香/疏水侧链,需确认,未进入使用审计,0,0,,结构可能合理，但单体身份、偶联条件或复杂度证据不足，暂不进入研发候选库,分子量超过300 Da，需确认偶联、脱保护和总环肽体积负担；杂原子较多，可能带来较高极性或多重保护需求；含磷酸/膦酸相关结构，通常不利于被动跨膜；含预先形成的酰胺键，需确认主链氨基是否仍可偶联；CCD未指定标准氨基酸母体,C20 H33 N4 O7 P,472.472,,NON-POLYMER,4,CC(C)C[C@@H](C(=O)N[C@@H](CCCN)C(=O)O)NP(=O)(CNC(=O)OCc1ccccc1)O,https://www.rcsb.org/ligand/8KN,https://www.ebi.ac.uk/pdbe/static/files/pdbechem_v2/8KN_500.svg
暂缓,P3,8L2,(2~{S})-3-azanyl-2-[[(2~{S})-4-methyl-2-[[oxidanyl(phenylmethoxycarbonylaminomethyl)phosphoryl]amino]pentanoyl]amino]propanoic acid,,芳香/疏水侧链,需确认,未进入使用审计,0,0,,结构可能合理，但单体身份、偶联条件或复杂度证据不足，暂不进入研发候选库,分子量超过300 Da，需确认偶联、脱保护和总环肽体积负担；杂原子较多，可能带来较高极性或多重保护需求；含磷酸/膦酸相关结构，通常不利于被动跨膜；含预先形成的酰胺键，需确认主链氨基是否仍可偶联；CCD未指定标准氨基酸母体,C18 H29 N4 O7 P,444.419,,NON-POLYMER,2,CC(C)C[C@@H](C(=O)N[C@@H](CN)C(=O)O)NP(=O)(CNC(=O)OCc1ccccc1)O,https://www.rcsb.org/ligand/8L2,https://www.ebi.ac.uk/pdbe/static/files/pdbechem_v2/8L2_500.svg
排除,P3,8MI,N-(R-CARBOXY-ETHYL)-ALPHA-(S)-(2-PHENYLETHYL)GLYCYL-L-ARGININE-N-PHENYLAMIDE,,芳香/疏水侧链,否,未进入使用审计,0,0,,名称明确为二肽/寡肽片段，不是单个氨基酸残基,分子量超过300 Da，需确认偶联、脱保护和总环肽体积负担；杂原子较多，可能带来较高极性或多重保护需求；含预先形成的酰胺键，需确认主链氨基是否仍可偶联；CCD未指定标准氨基酸母体,C25 H35 N6 O4,483.583,,non-polymer,1,C[C@H](C(=O)O)N[C@@H](CCc1ccccc1)C(=O)N[C@@H](CCCNC(=[NH2+])N)C(=O)Nc2ccccc2,https://www.rcsb.org/ligand/8MI,https://www.ebi.ac.uk/pdbe/static/files/pdbechem_v2/8MI_500.svg
排除,P3,8OM,"(S)-3-methyl-2-(4'-(((4-oxo-4,5,6,7-tetrahydro-3H-cyclopenta[d]pyrimidin-2-yl)thio)methyl)-[1,1'-biphenyl]-4-ylsulfonamido)butanoic acid",,构象限制,否,未进入使用审计,0,0,,分子量超过500 Da，优先判断为复杂整分子,分子量超过300 Da，需确认偶联、脱保护和总环肽体积负担；含预先形成的酰胺键，需确认主链氨基是否仍可偶联；CCD未指定标准氨基酸母体,C25 H27 N3 O5 S2,513.629,,NON-POLYMER,1,CC(C)[C@@H](C(=O)O)NS(=O)(=O)c1ccc(cc1)c2ccc(cc2)CSC3=NC4=C(CCC4)C(=O)N3,https://www.rcsb.org/ligand/8OM,https://www.ebi.ac.uk/pdbe/static/files/pdbechem_v2/8OM_500.svg
暂缓,P3,8QJ,"(1S)-1-carboxy-2-[2-(hydroxysulfanyl)-1H-imidazol-4-yl]-N,N,N-trimethylethan-1-aminium",,其他候选,需确认,未进入使用审计,0,0,,结构可能合理，但单体身份、偶联条件或复杂度证据不足，暂不进入研发候选库,CCD未指定标准氨基酸母体,C9 H16 N3 O3 S,246.307,,NON-POLYMER,1,C[N+](C)(C)[C@@H](Cc1c[nH]c(n1)SO)C(=O)O,https://www.rcsb.org/ligand/8QJ,https://www.ebi.ac.uk/pdbe/static/files/pdbechem_v2/8QJ_500.svg
暂缓,P3,8QU,"(3S)-1-(4-nitro-2,1,3-benzoxadiazol-7-yl)piperidine-3-carboxylic acid",,其他候选,需确认,未进入使用审计,0,0,,结构可能合理，但单体身份、偶联条件或复杂度证据不足，暂不进入研发候选库,CCD未指定标准氨基酸母体,C12 H12 N4 O5,292.247,,non-polymer,2,c1cc(c2c(c1N3CCC[C@@H](C3)C(=O)O)non2)[N+](=O)[O-],https://www.rcsb.org/ligand/8QU,https://www.ebi.ac.uk/pdbe/static/files/pdbechem_v2/8QU_500.svg
排除,P3,8R6,(2S)-6-[2-(7-azido-4-methyl-2-oxidanylidene-chromen-3-yl)ethanoylamino]-2-[bis(2-hydroxy-2-oxoethyl)amino]hexanoic acid,,其他候选,否,未进入使用审计,0,0,,分子量超过500 Da，优先判断为复杂整分子,分子量超过300 Da，需确认偶联、脱保护和总环肽体积负担；杂原子较多，可能带来较高极性或多重保护需求；含预先形成的酰胺键，需确认主链氨基是否仍可偶联；CCD未指定标准氨基酸母体,C22 H25 N5 O9,503.462,,NON-POLYMER,1,CC1=C(C(=O)Oc2c1ccc(c2)N=[N+]=[N-])CC(=O)NCCCC[C@@H](C(=O)O)N(CC(=O)O)CC(=O)O,https://www.rcsb.org/ligand/8R6,https://www.ebi.ac.uk/pdbe/static/files/pdbechem_v2/8R6_500.svg
暂缓,P3,8UF,"2-[1-[(3~{S})-6'-azanyl-5'-cyano-7-fluoranyl-2,2,3'-trimethyl-spiro[1~{H}-indene-3,4'-2~{H}-pyrano[2,3-c]pyrazole]-5-yl]piperidin-4-yl]ethanoic acid",,其他候选,需确认,未进入使用审计,0,0,,结构可能合理，但单体身份、偶联条件或复杂度证据不足，暂不进入研发候选库,分子量超过300 Da，需确认偶联、脱保护和总环肽体积负担；杂原子较多，可能带来较高极性或多重保护需求；CCD未指定标准氨基酸母体,C25 H28 F N5 O3,465.52,,NON-POLYMER,4,Cc1c2c(n[nH]1)OC(=C([C@]23c4cc(cc(c4CC3(C)C)F)N5CCC(CC5)CC(=O)O)C#N)N,https://www.rcsb.org/ligand/8UF,https://www.ebi.ac.uk/pdbe/static/files/pdbechem_v2/8UF_500.svg
暂缓,P3,8UL,"1-[3-[(4~{S})-6-azanyl-5-cyano-3-methyl-4-propan-2-yl-2~{H}-pyrano[2,3-c]pyrazol-4-yl]-5-fluoranyl-phenyl]piperidine-4-carboxylic acid",,芳香/疏水侧链,需确认,未进入使用审计,0,0,,结构可能合理，但单体身份、偶联条件或复杂度证据不足，暂不进入研发候选库,分子量超过300 Da，需确认偶联、脱保护和总环肽体积负担；杂原子较多，可能带来较高极性或多重保护需求；CCD未指定标准氨基酸母体,C23 H26 F N5 O3,439.483,,NON-POLYMER,3,Cc1c2c(n[nH]1)OC(=C([C@@]2(c3cc(cc(c3)F)N4CCC(CC4)C(=O)O)C(C)C)C#N)N,https://www.rcsb.org/ligand/8UL,https://www.ebi.ac.uk/pdbe/static/files/pdbechem_v2/8UL_500.svg
暂缓,P3,8UO,"2-[1-[3-[(4~{S})-6-azanyl-5-cyano-3-methyl-4-propan-2-yl-2~{H}-pyrano[2,3-c]pyrazol-4-yl]-5-fluoranyl-phenyl]piperidin-4-yl]ethanoic acid",,芳香/疏水侧链,需确认,未进入使用审计,0,0,,结构可能合理，但单体身份、偶联条件或复杂度证据不足，暂不进入研发候选库,分子量超过300 Da，需确认偶联、脱保护和总环肽体积负担；杂原子较多，可能带来较高极性或多重保护需求；CCD未指定标准氨基酸母体,C24 H28 F N5 O3,453.509,,NON-POLYMER,4,Cc1c2c(n[nH]1)OC(=C([C@@]2(c3cc(cc(c3)F)N4CCC(CC4)CC(=O)O)C(C)C)C#N)N,https://www.rcsb.org/ligand/8UO,https://www.ebi.ac.uk/pdbe/static/files/pdbechem_v2/8UO_500.svg
排除,P3,8UR,"2-[1-[3-[(4~{S})-6-azanyl-5-cyano-3-methyl-4-propan-2-yl-2~{H}-pyrano[2,3-c]pyrazol-4-yl]-5-(trifluoromethyl)phenyl]piperidin-4-yl]ethanoic acid",,卤代/电子调节,否,未进入使用审计,0,0,,分子量超过500 Da，优先判断为复杂整分子,分子量超过300 Da，需确认偶联、脱保护和总环肽体积负担；杂原子较多，可能带来较高极性或多重保护需求；CCD未指定标准氨基酸母体,C25 H28 F3 N5 O3,503.517,,NON-POLYMER,4,Cc1c2c(n[nH]1)OC(=C([C@@]2(c3cc(cc(c3)N4CCC(CC4)CC(=O)O)C(F)(F)F)C(C)C)C#N)N,https://www.rcsb.org/ligand/8UR,https://www.ebi.ac.uk/pdbe/static/files/pdbechem_v2/8UR_500.svg
暂缓,P3,8VE,"(3~{a}~{R},4~{S},6~{a}~{R})-1-methyl-4,5,6,6~{a}-tetrahydro-3~{a}~{H}-pyrrolo[3,4-c]pyrazole-3,4-dicarboxylic acid",,其他候选,需确认,未进入使用审计,0,0,,结构可能合理，但单体身份、偶联条件或复杂度证据不足，暂不进入研发候选库,CCD未指定标准氨基酸母体,C8 H11 N3 O4,213.191,,NON-POLYMER,3,CN1[C@H]2CN[C@@H]([C@H]2C(=N1)C(=O)O)C(=O)O,https://www.rcsb.org/ligand/8VE,https://www.ebi.ac.uk/pdbe/static/files/pdbechem_v2/8VE_500.svg
排除,P3,8VG,"5-[[(5~{S})-6-[[(1~{S})-1-(4-hydroxyphenyl)-2-oxidanylidene-2-(prop-2-ynylamino)ethyl]amino]-6-oxidanylidene-5-[[4-[3-(trifluoromethyl)-1,2-diazirin-3-yl]phenyl]carbonylamino]hexyl]amino]-5-sulfanylidene-pentanoic acid",,卤代/电子调节,否,未进入使用审计,0,0,,分子量超过500 Da，优先判断为复杂整分子,分子量超过300 Da，需确认偶联、脱保护和总环肽体积负担；杂原子较多，可能带来较高极性或多重保护需求；CCD未指定标准氨基酸母体,C31 H33 F3 N6 O6 S,674.691,,peptide-like,4,C#CCNC(=O)[C@H](c1ccc(cc1)O)NC(=O)[C@H](CCCCNC(=S)CCCC(=O)O)NC(=O)c2ccc(cc2)C3(N=N3)C(F)(F)F,https://www.rcsb.org/ligand/8VG,https://www.ebi.ac.uk/pdbe/static/files/pdbechem_v2/8VG_500.svg
暂缓,P3,8VN,"(3~{a}~{S},4~{S},6~{a}~{R})-4,5,6,6~{a}-tetrahydro-3~{a}~{H}-pyrrolo[3,4-d][1,2]oxazole-3,4-dicarboxylic acid",,其他候选,需确认,未进入使用审计,0,0,,结构可能合理，但单体身份、偶联条件或复杂度证据不足，暂不进入研发候选库,CCD未指定标准氨基酸母体,C7 H8 N2 O5,200.149,,NON-POLYMER,1,C1[C@H]2[C@@H]([C@H](N1)C(=O)O)C(=NO2)C(=O)O,https://www.rcsb.org/ligand/8VN,https://www.ebi.ac.uk/pdbe/static/files/pdbechem_v2/8VN_500.svg
暂缓,P3,8VV,"(1S)-2-{2-[(R)-(2R)-2-amino-2-carboxyethanesulfinyl]-1H-imidazol-4-yl}-1-carboxy-N,N,N-trimethylethan-1-aminium",,其他候选,需确认,未进入使用审计,0,0,,结构可能合理，但单体身份、偶联条件或复杂度证据不足，暂不进入研发候选库,分子量超过300 Da，需确认偶联、脱保护和总环肽体积负担；CCD未指定标准氨基酸母体,C12 H21 N4 O5 S,333.384,,NON-POLYMER,1,C[N+](C)(C)[C@@H](Cc1c[nH]c(n1)[S@](=O)C[C@@H](C(=O)O)N)C(=O)O,https://www.rcsb.org/ligand/8VV,https://www.ebi.ac.uk/pdbe/static/files/pdbechem_v2/8VV_500.svg
暂缓,P3,8WQ,"(2~{S},3~{R},4~{R})-3-(carboxycarbonyl)-4-oxidanyl-pyrrolidine-2-carboxylic acid",,其他候选,需确认,未进入使用审计,0,0,,结构可能合理，但单体身份、偶联条件或复杂度证据不足，暂不进入研发候选库,杂原子较多，可能带来较高极性或多重保护需求；CCD未指定标准氨基酸母体,C7 H9 N O6,203.149,,NON-POLYMER,1,C1[C@@H]([C@@H]([C@H](N1)C(=O)O)C(=O)C(=O)O)O,https://www.rcsb.org/ligand/8WQ,https://www.ebi.ac.uk/pdbe/static/files/pdbechem_v2/8WQ_500.svg
排除,P3,8YF,"(2R)-2-[(2S,3R)-1,3-bis(oxidanyl)-1-oxidanylidene-butan-2-yl]-4-(2-methanimidamidoethylsulfanyl)-2,3-dihydro-1H-pyrrole -5-carboxylic acid","Imipenem, hydrolyzed form",其他候选,否,未进入使用审计,0,0,,名称明确提示药物、抗生素或反应中间体,分子量超过300 Da，需确认偶联、脱保护和总环肽体积负担；CCD未指定标准氨基酸母体,C12 H19 N3 O5 S,317.361,,NON-POLYMER,2,[H]/N=C/NCCSC1=C(N[C@H](C1)[C@@H]([C@@H](C)O)C(=O)O)C(=O)O,https://www.rcsb.org/ligand/8YF,https://www.ebi.ac.uk/pdbe/static/files/pdbechem_v2/8YF_500.svg
排除,P3,8YL,"(2S,3R)-2-[(2S,3R)-1,3-bis(oxidanyl)-1-oxidanylidene-butan-2-yl]-4-[(3S,5S)-5-(dimethylcarbamoyl)pyrrolidin-3-yl]sulfan yl-3-methyl-2,3-dihydro-1H-pyrrole-5-carboxylic acid","Meropenem, hydrolyzed form",其他候选,否,未进入使用审计,0,0,,名称明确提示药物、抗生素或反应中间体,分子量超过300 Da，需确认偶联、脱保护和总环肽体积负担；杂原子较多，可能带来较高极性或多重保护需求；含预先形成的酰胺键，需确认主链氨基是否仍可偶联；CCD未指定标准氨基酸母体,C17 H27 N3 O6 S,401.478,,NON-POLYMER,1,C[C@@H]1[C@@H](NC(=C1S[C@H]2C[C@H](NC2)C(=O)N(C)C)C(=O)O)[C@@H]([C@@H](C)O)C(=O)O,https://www.rcsb.org/ligand/8YL,https://www.ebi.ac.uk/pdbe/static/files/pdbechem_v2/8YL_500.svg
排除,P3,8YQ,"(2~{R},3~{R},5~{R})-2-[[2-[[3-(aminomethyl)phenyl]methoxy]-4-[[3-(1,4-benzodioxin-6-yl)-2-methyl-phenyl]methoxy]-5-chloranyl-phenyl]methyl]-5-oxidanyl-pyrrolidine-3-carboxylic acid",,芳香/疏水侧链,否,未进入使用审计,0,0,,分子量超过500 Da，优先判断为复杂整分子,分子量超过300 Da，需确认偶联、脱保护和总环肽体积负担；杂原子较多，可能带来较高极性或多重保护需求；CCD未指定标准氨基酸母体,C36 H35 Cl N2 O7,643.125,,NON-POLYMER,2,Cc1c(cccc1c2ccc3c(c2)OC=CO3)COc4cc(c(cc4Cl)C[C@@H]5[C@@H](C[C@H](N5)O)C(=O)O)OCc6cccc(c6)CN,https://www.rcsb.org/ligand/8YQ,https://www.ebi.ac.uk/pdbe/static/files/pdbechem_v2/8YQ_500.svg
排除,P3,8YZ,"(2~{R})-2-[[2-[(3-cyanophenyl)methoxy]-4-[[3-(2,3-dihydro-1,4-benzodioxin-6-yl)-2-methyl-phenyl]methoxy]-5-methyl-phenyl]methylamino]-3-oxidanyl-propanoic acid",,芳香/疏水侧链,否,未进入使用审计,0,0,,分子量超过500 Da，优先判断为复杂整分子,分子量超过300 Da，需确认偶联、脱保护和总环肽体积负担；杂原子较多，可能带来较高极性或多重保护需求；CCD未指定标准氨基酸母体,C35 H34 N2 O7,594.654,,NON-POLYMER,1,Cc1cc(c(cc1OCc2cccc(c2C)c3ccc4c(c3)OCCO4)OCc5cccc(c5)C#N)CN[C@H](CO)C(=O)O,https://www.rcsb.org/ligand/8YZ,https://www.ebi.ac.uk/pdbe/static/files/pdbechem_v2/8YZ_500.svg
排除,P3,974,"1-[2-[5-[AMINO(IMINO)METHYL]-2-HYDROXYPHENOXY]-6-[3-(4,5-DIHYDRO-1-METHYL-1H-IMIDAZOL-2-YL)PHENOXY] PYRIDIN-4-YL]PIPERIDINE-3-CARBOXYLIC ACID",ZK-806974,芳香/疏水侧链,否,未进入使用审计,0,0,,分子量超过500 Da，优先判断为复杂整分子,分子量超过300 Da，需确认偶联、脱保护和总环肽体积负担；杂原子较多，可能带来较高极性或多重保护需求；CCD未指定标准氨基酸母体,C28 H27 F2 N6 O5,565.548,,NON-POLYMER,2,Cn1ccnc1c2cccc(c2)Oc3c(c(c(c([nH+]3)Oc4cc(ccc4O)C(=N)N)F)N5CCC[C@H](C5)C(=O)O)F,https://www.rcsb.org/ligand/974,https://www.ebi.ac.uk/pdbe/static/files/pdbechem_v2/974_500.svg
排除,P3,99T,L-gamma-glutamyl-S-(2-carboxyethyl)-L-cysteinylglycine,S-(propanoic acid)glutathione,延长骨架,否,未进入使用审计,0,0,,名称提示核苷酸、辅因子或整分子缀合物,分子量超过300 Da，需确认偶联、脱保护和总环肽体积负担；杂原子较多，可能带来较高极性或多重保护需求；含预先形成的酰胺键，需确认主链氨基是否仍可偶联；CCD未指定标准氨基酸母体,C13 H21 N3 O8 S,379.386,,NON-POLYMER,1,C(CC(=O)N[C@@H](CSCCC(=O)O)C(=O)NCC(=O)O)[C@@H](C(=O)O)N,https://www.rcsb.org/ligand/99T,https://www.ebi.ac.uk/pdbe/static/files/pdbechem_v2/99T_500.svg
暂缓,P3,9BC,"1-(2-{[(diphenylmethylidene)amino]oxy}ethyl)-1,2,5,6-tetrahydropyridine-3-carboxylic acid",NO-711,芳香/疏水侧链,需确认,未进入使用审计,0,0,,结构可能合理，但单体身份、偶联条件或复杂度证据不足，暂不进入研发候选库,分子量超过300 Da，需确认偶联、脱保护和总环肽体积负担；CCD未指定标准氨基酸母体,C21 H22 N2 O3,350.411,,non-polymer,2,c1ccc(cc1)C(=NOCCN2CCC=C(C2)C(=O)O)c3ccccc3,https://www.rcsb.org/ligand/9BC,https://www.ebi.ac.uk/pdbe/static/files/pdbechem_v2/9BC_500.svg
暂缓,P3,9BZ,"(3~{R},5~{R},7~{a}~{S})-2,2-dimethyl-5-(sulfanylmethyl)-3,5,7,7~{a}-tetrahydro-[1,3]thiazolo[4,3-b][1,3]thiazole-3-carboxylic acid",L-VC26,其他候选,需确认,未进入使用审计,0,0,,结构可能合理，但单体身份、偶联条件或复杂度证据不足，暂不进入研发候选库,CCD未指定标准氨基酸母体,C9 H15 N O2 S3,265.416,,NON-POLYMER,1,CC1([C@H](N2[C@@H](S1)CS[C@@H]2CS)C(=O)O)C,https://www.rcsb.org/ligand/9BZ,https://www.ebi.ac.uk/pdbe/static/files/pdbechem_v2/9BZ_500.svg
排除,P3,9DP,"(3S)-6-(3-tert-butyl-5-{[(2,3-dichlorophenyl)carbamoyl]amino}-1H-pyrazol-1-yl)-1,2,3,4-tetrahydroisoquinoline-3-carboxylic acid",,卤代/电子调节,否,未进入使用审计,0,0,,分子量超过500 Da，优先判断为复杂整分子,分子量超过300 Da，需确认偶联、脱保护和总环肽体积负担；杂原子较多，可能带来较高极性或多重保护需求；含预先形成的酰胺键，需确认主链氨基是否仍可偶联；CCD未指定标准氨基酸母体,C24 H25 Cl2 N5 O3,502.393,,NON-POLYMER,1,CC(C)(C)c1cc(n(n1)c2ccc3c(c2)C[C@H](NC3)C(=O)O)NC(=O)Nc4cccc(c4Cl)Cl,https://www.rcsb.org/ligand/9DP,https://www.ebi.ac.uk/pdbe/static/files/pdbechem_v2/9DP_500.svg
暂缓,P3,9DQ,"(2~{S})-2-azanyl-3-(1~{H}-1,2,3,4-tetrazol-5-yl)propanoic acid",,其他候选,需确认,未进入使用审计,0,0,,结构可能合理，但单体身份、偶联条件或复杂度证据不足，暂不进入研发候选库,杂原子较多，可能带来较高极性或多重保护需求；CCD未指定标准氨基酸母体,C4 H7 N5 O2,157.131,,NON-POLYMER,1,C(c1[nH]nnn1)[C@@H](C(=O)O)N,https://www.rcsb.org/ligand/9DQ,https://www.ebi.ac.uk/pdbe/static/files/pdbechem_v2/9DQ_500.svg
暂缓,P3,9DW,(2~{S})-2-azanyl-3-[4-(2-ethyl-4-methoxy-phenyl)phenyl]propanoic acid,,芳香/疏水侧链,需确认,未进入使用审计,0,0,,结构可能合理，但单体身份、偶联条件或复杂度证据不足，暂不进入研发候选库,CCD未指定标准氨基酸母体,C18 H21 N O3,299.364,,NON-POLYMER,1,CCc1cc(ccc1c2ccc(cc2)C[C@@H](C(=O)O)N)OC,https://www.rcsb.org/ligand/9DW,https://www.ebi.ac.uk/pdbe/static/files/pdbechem_v2/9DW_500.svg
暂缓,P3,9EP,"(2R)-5-[(acetyloxy)methyl]-2-{(1R)-2-oxo-1-[(thiophen-2-ylacetyl)amino]ethyl}-3,6-dihydro-2H-1,3-thiazine-4-carboxylic acid","Cephalotin, bound form",其他候选,需确认,未进入使用审计,0,0,,结构可能合理，但单体身份、偶联条件或复杂度证据不足，暂不进入研发候选库,分子量超过300 Da，需确认偶联、脱保护和总环肽体积负担；杂原子较多，可能带来较高极性或多重保护需求；CCD未指定标准氨基酸母体,C16 H18 N2 O6 S2,398.454,,NON-POLYMER,1,CC(=O)OCC1=C(N[C@H](SC1)[C@@H](C=O)NC(=O)Cc2cccs2)C(=O)O,https://www.rcsb.org/ligand/9EP,https://www.ebi.ac.uk/pdbe/static/files/pdbechem_v2/9EP_500.svg
暂缓,P3,9FB,"(1~{S},2~{R})-2-azanylcyclopentane-1-carboxylic acid",,构象限制,需确认,未进入使用审计,0,0,,结构可能合理，但单体身份、偶联条件或复杂度证据不足，暂不进入研发候选库,CCD未指定标准氨基酸母体,C6 H11 N O2,129.157,,NON-POLYMER,2,C1C[C@@H]([C@@H](C1)N)C(=O)O,https://www.rcsb.org/ligand/9FB,https://www.ebi.ac.uk/pdbe/static/files/pdbechem_v2/9FB_500.svg
暂缓,P3,9FZ,"(2~{S})-2-azanyl-5-(4-methyl-1,2,3-triazol-1-yl)pentanoic acid",,其他候选,需确认,未进入使用审计,0,0,,结构可能合理，但单体身份、偶联条件或复杂度证据不足，暂不进入研发候选库,CCD未指定标准氨基酸母体,C8 H14 N4 O2,198.222,,NON-POLYMER,1,Cc1cn(nn1)CCC[C@@H](C(=O)O)N,https://www.rcsb.org/ligand/9FZ,https://www.ebi.ac.uk/pdbe/static/files/pdbechem_v2/9FZ_500.svg
暂缓,P3,9G2,"(2~{S})-2-azanyl-5-(4-ethyl-1,2,3-triazol-1-yl)pentanoic acid",,其他候选,需确认,未进入使用审计,0,0,,结构可能合理，但单体身份、偶联条件或复杂度证据不足，暂不进入研发候选库,CCD未指定标准氨基酸母体,C9 H16 N4 O2,212.249,,NON-POLYMER,1,CCc1cn(nn1)CCC[C@@H](C(=O)O)N,https://www.rcsb.org/ligand/9G2,https://www.ebi.ac.uk/pdbe/static/files/pdbechem_v2/9G2_500.svg
暂缓,P3,9KU,"5-hydroxy-2-[(2S)-1-{[(naphthalen-1-yl)oxy]acetyl}pyrrolidin-2-yl]-6-oxo-1,6-dihydropyrimidine-4-carboxylic acid",SRI-29789,芳香/疏水侧链,需确认,未进入使用审计,0,0,,结构可能合理，但单体身份、偶联条件或复杂度证据不足，暂不进入研发候选库,分子量超过300 Da，需确认偶联、脱保护和总环肽体积负担；杂原子较多，可能带来较高极性或多重保护需求；含预先形成的酰胺键，需确认主链氨基是否仍可偶联；CCD未指定标准氨基酸母体,C21 H19 N3 O6,409.392,,NON-POLYMER,1,c1ccc2c(c1)cccc2OCC(=O)N3CCC[C@H]3C4=NC(=C(C(=O)N4)O)C(=O)O,https://www.rcsb.org/ligand/9KU,https://www.ebi.ac.uk/pdbe/static/files/pdbechem_v2/9KU_500.svg
暂缓,P3,9SE,"(2~{R},4~{R})-2-methyl-1,3-selenazolidine-2,4-dicarboxylic acid",,其他候选,需确认,未进入使用审计,0,0,,结构可能合理，但单体身份、偶联条件或复杂度证据不足，暂不进入研发候选库,CCD未指定标准氨基酸母体,C6 H9 N O4 Se,238.1,,NON-POLYMER,1,C[C@]1(N[C@@H](C[Se]1)C(=O)O)C(=O)O,https://www.rcsb.org/ligand/9SE,https://www.ebi.ac.uk/pdbe/static/files/pdbechem_v2/9SE_500.svg
排除,P3,9XL,"(2S)-2-amino-4-([3-(3-carbamoylphenyl)prop-2-yn-1-yl]{[(1R,2R,3S,4R)-4-(4-chloro-7H-pyrrolo[2,3-d]pyrimidin-7-yl)-2,3-dihydroxycyclopentyl]methyl}amino)butanoic acid",,构象限制,否,未进入使用审计,0,0,,分子量超过500 Da，优先判断为复杂整分子,分子量超过300 Da，需确认偶联、脱保护和总环肽体积负担；杂原子较多，可能带来较高极性或多重保护需求；含预先形成的酰胺键，需确认主链氨基是否仍可偶联；CCD未指定标准氨基酸母体,C26 H29 Cl N6 O5,540.999,,non-polymer,1,c1cc(cc(c1)C(=O)N)C#CCN(CC[C@@H](C(=O)O)N)C[C@H]2C[C@H]([C@@H]([C@@H]2O)O)n3ccc4c3ncnc4Cl,https://www.rcsb.org/ligand/9XL,https://www.ebi.ac.uk/pdbe/static/files/pdbechem_v2/9XL_500.svg
暂缓,P3,9XS,"(2~{S},3~{R},4~{S})-2-[(2~{S},3~{R})-1,3-bis(oxidanyl)-1-oxidanylidene-butan-2-yl]-4-[(3~{S},5~{S})-5-[(3-carboxyphenyl)carbamoyl]pyrrolidin-3-yl]sulfanyl-3-methyl-3,4-dihydro-2~{H}-pyrrole-5-carboxylic acid",,芳香/疏水侧链,需确认,未进入使用审计,0,0,,结构可能合理，但单体身份、偶联条件或复杂度证据不足，暂不进入研发候选库,分子量超过300 Da，需确认偶联、脱保护和总环肽体积负担；杂原子较多，可能带来较高极性或多重保护需求；含预先形成的酰胺键，需确认主链氨基是否仍可偶联；CCD未指定标准氨基酸母体,C22 H27 N3 O8 S,493.53,,non-polymer,2,C[C@H]1[C@@H](C(=N[C@H]1[C@@H]([C@@H](C)O)C(=O)O)C(=O)O)S[C@H]2C[C@H](NC2)C(=O)Nc3cccc(c3)C(=O)O,https://www.rcsb.org/ligand/9XS,https://www.ebi.ac.uk/pdbe/static/files/pdbechem_v2/9XS_500.svg
暂缓,P3,9YH,2-[2-[2-hydroxy-2-oxoethyl-[(3-methoxy-2-oxidanyl-phenyl)methyl]amino]ethyl-[(2-methylsulfanylphenyl)methyl]amino]ethanoic acid,,芳香/疏水侧链,需确认,未进入使用审计,0,0,,结构可能合理，但单体身份、偶联条件或复杂度证据不足，暂不进入研发候选库,分子量超过300 Da，需确认偶联、脱保护和总环肽体积负担；杂原子较多，可能带来较高极性或多重保护需求；CCD未指定标准氨基酸母体,C22 H28 N2 O6 S,448.533,,NON-POLYMER,1,COc1cccc(c1O)CN(CCN(Cc2ccccc2SC)CC(=O)O)CC(=O)O,https://www.rcsb.org/ligand/9YH,https://www.ebi.ac.uk/pdbe/static/files/pdbechem_v2/9YH_500.svg
暂缓,P3,9YK,"2-[2-[[2,3-bis(oxidanyl)phenyl]methyl-(2-hydroxy-2-oxoethyl)amino]ethyl-[(2-methylsulfanylphenyl)methyl]amino]ethanoic acid",,芳香/疏水侧链,需确认,未进入使用审计,0,0,,结构可能合理，但单体身份、偶联条件或复杂度证据不足，暂不进入研发候选库,分子量超过300 Da，需确认偶联、脱保护和总环肽体积负担；杂原子较多，可能带来较高极性或多重保护需求；CCD未指定标准氨基酸母体,C21 H26 N2 O6 S,434.506,,NON-POLYMER,1,CSc1ccccc1CN(CCN(Cc2cccc(c2O)O)CC(=O)O)CC(=O)O,https://www.rcsb.org/ligand/9YK,https://www.ebi.ac.uk/pdbe/static/files/pdbechem_v2/9YK_500.svg
暂缓,P3,9YT,(2~{S})-4-acetamido-2-azanyl-butanoic acid,,其他候选,需确认,未进入使用审计,0,0,,结构可能合理，但单体身份、偶联条件或复杂度证据不足，暂不进入研发候选库,含预先形成的酰胺键，需确认主链氨基是否仍可偶联；CCD未指定标准氨基酸母体,C6 H12 N2 O3,160.171,,NON-POLYMER,1,CC(=O)NCC[C@@H](C(=O)O)N,https://www.rcsb.org/ligand/9YT,https://www.ebi.ac.uk/pdbe/static/files/pdbechem_v2/9YT_500.svg
暂缓,P3,9YX,"(2~{S},4~{S})-2-[2-methyl-3-oxidanyl-5-(phosphonooxymethyl)pyridin-4-yl]-1,3-thiazolidine-4-carboxylic acid",,芳香/疏水侧链,需确认,未进入使用审计,0,0,,结构可能合理，但单体身份、偶联条件或复杂度证据不足，暂不进入研发候选库,分子量超过300 Da，需确认偶联、脱保护和总环肽体积负担；杂原子较多，可能带来较高极性或多重保护需求；含磷酸/膦酸相关结构，通常不利于被动跨膜；CCD未指定标准氨基酸母体,C11 H15 N2 O7 P S,350.285,,non-polymer,1,Cc1c(c(c(cn1)COP(=O)(O)O)[C@H]2N[C@H](CS2)C(=O)O)O,https://www.rcsb.org/ligand/9YX,https://www.ebi.ac.uk/pdbe/static/files/pdbechem_v2/9YX_500.svg
排除,P3,9Z6,"(5R,12R,17R)-17-amino-12-carboxy-1,1,5-trihydroxy-4,4-dimethyl-6,10-dioxo-2-oxa-14,15-dithia-7,11-diaza-1-phosphaoctadecan-18-oic acid 1-oxide (non-preferred name)",,其他候选,否,未进入使用审计,0,0,,分子量超过500 Da，优先判断为复杂整分子,分子量超过300 Da，需确认偶联、脱保护和总环肽体积负担；杂原子较多，可能带来较高极性或多重保护需求；含磷酸/膦酸相关结构，通常不利于被动跨膜；含预先形成的酰胺键，需确认主链氨基是否仍可偶联；CCD未指定标准氨基酸母体,C15 H28 N3 O11 P S2,521.5,,NON-POLYMER,1,CC(C)(COP(=O)(O)O)[C@H](C(=O)NCCC(=O)N[C@@H](CSSC[C@@H](C(=O)O)N)C(=O)O)O,https://www.rcsb.org/ligand/9Z6,https://www.ebi.ac.uk/pdbe/static/files/pdbechem_v2/9Z6_500.svg
暂缓,P3,9ZV,"3-(3-benzyl-2-oxo-2H-[1,2,4]triazino[2,3-c]quinazolin-6-yl)propanoic acid",,其他候选,需确认,未进入使用审计,0,0,,结构可能合理，但单体身份、偶联条件或复杂度证据不足，暂不进入研发候选库,分子量超过300 Da，需确认偶联、脱保护和总环肽体积负担；CCD未指定标准氨基酸母体,C20 H16 N4 O3,360.366,,NON-POLYMER,3,c1ccc(cc1)CC2=NN3C(=Nc4ccccc4C3=NC2=O)CCC(=O)O,https://www.rcsb.org/ligand/9ZV,https://www.ebi.ac.uk/pdbe/static/files/pdbechem_v2/9ZV_500.svg
暂缓,P3,A14,"(1S,4S,5S,7R)-7-{[(5S)-5-AMINO-5-CARBOXYPENTANOYL]AMINO}-3,3-DIMETHYL-6-OXO-2-THIABICYCLO[3.2.0]HEPTANE-4-CARBOXYLIC ACID",,其他候选,需确认,未进入使用审计,0,0,,结构可能合理，但单体身份、偶联条件或复杂度证据不足，暂不进入研发候选库,分子量超过300 Da，需确认偶联、脱保护和总环肽体积负担；杂原子较多，可能带来较高极性或多重保护需求；CCD未指定标准氨基酸母体,C15 H22 N2 O6 S,358.41,,NON-POLYMER,1,CC1([C@@H]([C@@H]2[C@H](S1)[C@@H](C2=O)NC(=O)CCC[C@@H](C(=O)O)N)C(=O)O)C,https://www.rcsb.org/ligand/A14,https://www.ebi.ac.uk/pdbe/static/files/pdbechem_v2/A14_500.svg
暂缓,P3,A1A2J,"(2S,4S)-4-amino-1-benzoylpyrrolidine-2-carbaldehyde",,其他候选,需确认,未进入使用审计,0,0,,结构可能合理，但单体身份、偶联条件或复杂度证据不足，暂不进入研发候选库,含预先形成的酰胺键，需确认主链氨基是否仍可偶联；CCD未指定标准氨基酸母体,C12 H14 N2 O3,234.251,,peptide-like,3,c1ccc(cc1)C(=O)N2C[C@H](C[C@H]2C(=O)O)N,https://www.rcsb.org/ligand/A1A2J,https://www.ebi.ac.uk/pdbe/static/files/pdbechem_v2/A1A2J_500.svg
暂缓,P3,A1A30,(3S)-1-(methanesulfonyl)piperidine-3-carboxylic acid,,其他候选,需确认,未进入使用审计,0,0,,结构可能合理，但单体身份、偶联条件或复杂度证据不足，暂不进入研发候选库,CCD未指定标准氨基酸母体,C7 H13 N O4 S,207.247,,non-polymer,2,CS(=O)(=O)N1CCC[C@@H](C1)C(=O)O,https://www.rcsb.org/ligand/A1A30,https://www.ebi.ac.uk/pdbe/static/files/pdbechem_v2/A1A30_500.svg
暂缓,P3,A1A3H,"(2R)-2-amino-3-(4-{[(R)-{[(2R,3R,5R)-5-(6-amino-9H-purin-9-yl)-3-hydroxyoxolan-2-yl]methoxy}(hydroxy)phosphoryl]oxy}phenyl)propanoic acid (non-preferred name)",,芳香/疏水侧链,需确认,未进入使用审计,0,0,,结构可能合理，但单体身份、偶联条件或复杂度证据不足，暂不进入研发候选库,分子量超过300 Da，需确认偶联、脱保护和总环肽体积负担；杂原子较多，可能带来较高极性或多重保护需求；含磷酸/膦酸相关结构，通常不利于被动跨膜；CCD未指定标准氨基酸母体,C19 H23 N6 O8 P,494.395,,non-polymer,1,c1cc(ccc1C[C@@H](C(=O)O)N)OP(=O)(O)OC[C@H]2[C@H](C[C@@H](O2)n3cnc4c3ncnc4N)O,https://www.rcsb.org/ligand/A1A3H,https://www.ebi.ac.uk/pdbe/static/files/pdbechem_v2/A1A3H_500.svg
暂缓,P3,A1A6A,"(2S)-phenyl{(3S)-3-[4-(5,6,7,8-tetrahydro-1,8-naphthyridin-2-yl)butoxy]pyrrolidin-1-yl}acetic acid",,芳香/疏水侧链,需确认,未进入使用审计,0,0,,结构可能合理，但单体身份、偶联条件或复杂度证据不足，暂不进入研发候选库,分子量超过300 Da，需确认偶联、脱保护和总环肽体积负担；CCD未指定标准氨基酸母体,C24 H31 N3 O3,409.521,,non-polymer,1,c1ccc(cc1)[C@@H](C(=O)O)N2CC[C@H](C2)OCCCCc3ccc4c(n3)NCCC4,https://www.rcsb.org/ligand/A1A6A,https://www.ebi.ac.uk/pdbe/static/files/pdbechem_v2/A1A6A_500.svg
暂缓,P3,A1A6B,"(2S)-(2-cyclopropylphenyl){(3R)-3-[4-(5,6,7,8-tetrahydro-1,8-naphthyridin-2-yl)butoxy]pyrrolidin-1-yl}acetic acid",,构象限制,需确认,未进入使用审计,0,0,,结构可能合理，但单体身份、偶联条件或复杂度证据不足，暂不进入研发候选库,分子量超过300 Da，需确认偶联、脱保护和总环肽体积负担；CCD未指定标准氨基酸母体,C27 H35 N3 O3,449.585,,non-polymer,1,c1ccc(c(c1)C2CC2)[C@@H](C(=O)O)N3CC[C@H](C3)OCCCCc4ccc5c(n4)NCCC5,https://www.rcsb.org/ligand/A1A6B,https://www.ebi.ac.uk/pdbe/static/files/pdbechem_v2/A1A6B_500.svg
排除,P3,A1A6H,"(2S)-{5-fluoro-2-[(2S)-oxan-2-yl]phenyl}{(3R)-3-[4-(5,6,7,8-tetrahydro-1,8-naphthyridin-2-yl)butoxy]pyrrolidin-1-yl}acetic acid",,卤代/电子调节,否,未进入使用审计,0,0,,分子量超过500 Da，优先判断为复杂整分子,分子量超过300 Da，需确认偶联、脱保护和总环肽体积负担；CCD未指定标准氨基酸母体,C29 H38 F N3 O4,511.628,,non-polymer,1,c1cc(c(cc1F)[C@@H](C(=O)O)N2CC[C@H](C2)OCCCCc3ccc4c(n3)NCCC4)[C@@H]5CCCCO5,https://www.rcsb.org/ligand/A1A6H,https://www.ebi.ac.uk/pdbe/static/files/pdbechem_v2/A1A6H_500.svg
排除,P3,A1A6I,"(2S)-{5-fluoro-2-[(6S)-5-oxaspiro[2.5]octan-6-yl]phenyl}{(3R)-3-[4-(5,6,7,8-tetrahydro-1,8-naphthyridin-2-yl)butoxy]pyrrolidin-1-yl}acetic acid",MORF-627,卤代/电子调节,否,未进入使用审计,0,0,,分子量超过500 Da，优先判断为复杂整分子,分子量超过300 Da，需确认偶联、脱保护和总环肽体积负担；CCD未指定标准氨基酸母体,C31 H40 F N3 O4,537.665,,non-polymer,1,c1cc(c(cc1F)[C@@H](C(=O)O)N2CC[C@H](C2)OCCCCc3ccc4c(n3)NCCC4)[C@@H]5CCC6(CC6)CO5,https://www.rcsb.org/ligand/A1A6I,https://www.ebi.ac.uk/pdbe/static/files/pdbechem_v2/A1A6I_500.svg
排除,P3,A1AAK,muvalaplin ,"(2S,2'S,2''S)-3,3',3''-[azaniumyltris(methylene-3,1-phenylene)]tris{2-[(3R)-pyrrolidin-1-ium-3-yl]propanoate}",芳香/疏水侧链,否,未进入使用审计,0,0,,分子量超过500 Da，优先判断为复杂整分子,分子量超过300 Da，需确认偶联、脱保护和总环肽体积负担；杂原子较多，可能带来较高极性或多重保护需求；CCD未指定标准氨基酸母体,C42 H54 N4 O6,710.901,,non-polymer,3,c1cc(cc(c1)CN(Cc2cccc(c2)C[C@@H]([C@H]3CCNC3)C(=O)O)Cc4cccc(c4)C[C@@H]([C@H]5CCNC5)C(=O)O)C[C@@H]([C@H]6CCNC6)C(=O)O,https://www.rcsb.org/ligand/A1AAK,https://www.ebi.ac.uk/pdbe/static/files/pdbechem_v2/A1AAK_500.svg
暂缓,P3,A1AAM,"(2S,2'S)-3,3'-[carbonylbis(azanediyl-3,1-phenylene)]bis{2-[(3R)-pyrrolidin-1-ium-3-yl]propanoate}",LY3441732,芳香/疏水侧链,需确认,未进入使用审计,0,0,,结构可能合理，但单体身份、偶联条件或复杂度证据不足，暂不进入研发候选库,分子量超过300 Da，需确认偶联、脱保护和总环肽体积负担；含预先形成的酰胺键，需确认主链氨基是否仍可偶联；CCD未指定标准氨基酸母体,C27 H34 N4 O5,494.583,,non-polymer,3,c1cc(cc(c1)NC(=O)Nc2cccc(c2)C[C@@H]([C@H]3CCNC3)C(=O)O)C[C@@H]([C@H]4CCNC4)C(=O)O,https://www.rcsb.org/ligand/A1AAM,https://www.ebi.ac.uk/pdbe/static/files/pdbechem_v2/A1AAM_500.svg
排除,P3,A1ADP,"(2R,4R)-2-[(1R)-1-{[(2R)-2-[(4-ethyl-2,3-dioxopiperazine-1-carbonyl)amino]-2-(4-hydroxyphenyl)acetyl]amino}-2-oxoethyl]-5-methylidene-1,3-thiazinane-4-carboxylic acid",,芳香/疏水侧链,否,未进入使用审计,0,0,,分子量超过500 Da，优先判断为复杂整分子,分子量超过300 Da，需确认偶联、脱保护和总环肽体积负担；杂原子较多，可能带来较高极性或多重保护需求；含预先形成的酰胺键，需确认主链氨基是否仍可偶联；CCD未指定标准氨基酸母体,C23 H27 N5 O8 S,533.554,,non-polymer,1,CCN1CCN(C(=O)C1=O)C(=O)N[C@H](c2ccc(cc2)O)C(=O)N[C@H](C=O)[C@@H]3N[C@H](C(=C)CS3)C(=O)O,https://www.rcsb.org/ligand/A1ADP,https://www.ebi.ac.uk/pdbe/static/files/pdbechem_v2/A1ADP_500.svg
排除,P3,A1AI1,"(2~{S},3~{S})-3-[(2~{S},3~{R},4~{S},5~{R})-5-(aminomethyl)-3,4-bis(oxidanyl)oxolan-2-yl]oxy-2-[[3-[[[(2~{S})-6-azanyl-2-(hexadecanoylamino)hexanoyl]amino]methyl]phenyl]methylamino]-3-[(2~{S},3~{S},4~{R},5~{R})-5-[2,4-bis(oxidanylidene)pyrimidin-1-yl]-3,4-bis(oxidanyl)oxolan-2-yl]propanoic acid",,芳香/疏水侧链,否,未进入使用审计,0,0,,分子量超过500 Da，优先判断为复杂整分子；含多个酰胺键，更像多残基/整分子片段而非独立单体,分子量超过300 Da，需确认偶联、脱保护和总环肽体积负担；杂原子较多，可能带来较高极性或多重保护需求；含预先形成的酰胺键，需确认主链氨基是否仍可偶联；CCD未指定标准氨基酸母体,C46 H75 N7 O13,934.127,,non-polymer,1,CCCCCCCCCCCCCCCC(=O)N[C@@H](CCCCN)C(=O)NCc1cccc(c1)CN[C@@H]([C@@H]([C@@H]2[C@H]([C@H]([C@@H](O2)N3C=CC(=O)NC3=O)O)O)O[C@H]4[C@@H]([C@@H]([C@H](O4)CN)O)O)C(=O)O,https://www.rcsb.org/ligand/A1AI1,https://www.ebi.ac.uk/pdbe/static/files/pdbechem_v2/A1AI1_500.svg
排除,P3,A1AI2,"(2~{S},3~{S})-3-[(2~{S},3~{R},4~{S},5~{R})-5-(aminomethyl)-3,4-bis(oxidanyl)oxolan-2-yl]oxy-3-[(2~{S},3~{S},4~{R},5~{R})-5-[2,4-bis(oxidanylidene)pyrimidin-1-yl]-3,4-bis(oxidanyl)oxolan-2-yl]-2-[[4-[[[(2~{S})-5-carbamimidamido-2-(hexadecanoylamino)pentanoyl]amino]methyl]phenyl]methylamino]propanoic acid",,芳香/疏水侧链,否,未进入使用审计,0,0,,分子量超过500 Da，优先判断为复杂整分子,分子量超过300 Da，需确认偶联、脱保护和总环肽体积负担；杂原子较多，可能带来较高极性或多重保护需求；含预先形成的酰胺键，需确认主链氨基是否仍可偶联；CCD未指定标准氨基酸母体,C46 H75 N9 O13,962.14,,non-polymer,1,[H]/N=C(\N)/NCCC[C@@H](C(=O)NCc1ccc(cc1)CN[C@@H]([C@@H]([C@@H]2[C@H]([C@H]([C@@H](O2)N3C=CC(=O)NC3=O)O)O)O[C@H]4[C@@H]([C@@H]([C@H](O4)CN)O)O)C(=O)O)NC(=O)CCCCCCCCCCCCCCC,https://www.rcsb.org/ligand/A1AI2,https://www.ebi.ac.uk/pdbe/static/files/pdbechem_v2/A1AI2_500.svg
排除,P3,A1AT4,"(2~{S},5~{R})-5-[10-[(2~{S},3~{S},4~{R})-5-[[[(2~{R},3~{S},4~{R},5~{R})-5-(6-aminopurin-9-yl)-3,4-bis(oxidanyl)oxolan-2-yl]methoxy-oxidanyl-phosphoryl]oxy-oxidanyl-phosphoryl]oxy-2,3,4-tris(oxidanyl)pentyl]-7,8-dimethyl-2,4-bis(oxidanylidene)benzo[g]pteridin-5-yl]pyrrolidine-2-carboxylic acid",,其他候选,否,未进入使用审计,0,0,,分子量超过500 Da，优先判断为复杂整分子,分子量超过300 Da，需确认偶联、脱保护和总环肽体积负担；杂原子较多，可能带来较高极性或多重保护需求；含磷酸/膦酸相关结构，通常不利于被动跨膜；含预先形成的酰胺键，需确认主链氨基是否仍可偶联；CCD未指定标准氨基酸母体,C32 H42 N10 O17 P2,900.68,,non-polymer,1,Cc1cc2c(cc1C)[N+](C3=C(N2C[C@@H]([C@@H]([C@@H](COP(=O)(O)OP(=O)(O)OC[C@@H]4[C@H]([C@H]([C@@H](O4)n5cnc6c5ncnc6N)O)O)O)O)O)[NH-]C(=O)NC3=O)[C@@H]7CC[C@H](N7)C(=O)O,https://www.rcsb.org/ligand/A1AT4,https://www.ebi.ac.uk/pdbe/static/files/pdbechem_v2/A1AT4_500.svg
排除,P3,A1ATZ,"(2S)-{2-[(4-chloro[1,1'-biphenyl]-3-yl)methoxy]phenyl}[(2-oxo-2,3-dihydro-1,3-benzoxazol-5-yl)amino]acetic acid",,卤代/电子调节,否,未进入使用审计,0,0,,分子量超过500 Da，优先判断为复杂整分子,分子量超过300 Da，需确认偶联、脱保护和总环肽体积负担；CCD未指定标准氨基酸母体,C28 H21 Cl N2 O5,500.93,,non-polymer,1,c1ccc(cc1)c2ccc(c(c2)COc3ccccc3[C@@H](C(=O)O)Nc4ccc5c(c4)NC(=O)O5)Cl,https://www.rcsb.org/ligand/A1ATZ,https://www.ebi.ac.uk/pdbe/static/files/pdbechem_v2/A1ATZ_500.svg
暂缓,P3,A1AUX,"(5R,7S,8R)-7-(2-fluorophenyl)-3-[(2-fluorophenyl)carbamoyl]-4,5,6,7-tetrahydropyrazolo[1,5-a]pyrimidine-5-carboxylic acid",,卤代/电子调节,需确认,未进入使用审计,0,0,,结构可能合理，但单体身份、偶联条件或复杂度证据不足，暂不进入研发候选库,分子量超过300 Da，需确认偶联、脱保护和总环肽体积负担；含预先形成的酰胺键，需确认主链氨基是否仍可偶联；CCD未指定标准氨基酸母体,C20 H16 F2 N4 O3,398.363,,non-polymer,1,c1ccc(c(c1)[C@@H]2C[C@@H](Nc3n2ncc3C(=O)Nc4ccccc4F)C(=O)O)F,https://www.rcsb.org/ligand/A1AUX,https://www.ebi.ac.uk/pdbe/static/files/pdbechem_v2/A1AUX_500.svg
排除,P3,A1AWW,"L-gamma-glutamyl-S-[(8R,9S)-1-carboxy-9-nitroheptadecan-8-yl]-L-cysteinylglycine",,延长骨架,否,未进入使用审计,0,0,,分子量超过500 Da，优先判断为复杂整分子,分子量超过300 Da，需确认偶联、脱保护和总环肽体积负担；杂原子较多，可能带来较高极性或多重保护需求；含预先形成的酰胺键，需确认主链氨基是否仍可偶联,C28 H50 N4 O10 S,634.782,GSH,non-polymer,1,CCCCCCCC[C@@H]([C@@H](CCCCCCCC(=O)O)SC[C@@H](C(=O)NCC(=O)O)NC(=O)CC[C@@H](C(=O)O)N)[N+](=O)[O-],https://www.rcsb.org/ligand/A1AWW,https://www.ebi.ac.uk/pdbe/static/files/pdbechem_v2/A1AWW_500.svg
排除,P3,A1AZJ,(3S)-1-{2-[tris(4-methoxyphenyl)methoxy]ethyl}piperidine-3-carboxylic acid,,芳香/疏水侧链,否,未进入使用审计,0,0,,分子量超过500 Da，优先判断为复杂整分子,分子量超过300 Da，需确认偶联、脱保护和总环肽体积负担；杂原子较多，可能带来较高极性或多重保护需求；CCD未指定标准氨基酸母体,C30 H35 N O6,505.602,,non-polymer,2,COc1ccc(cc1)C(c2ccc(cc2)OC)(c3ccc(cc3)OC)OCCN4CCC[C@@H](C4)C(=O)O,https://www.rcsb.org/ligand/A1AZJ,https://www.ebi.ac.uk/pdbe/static/files/pdbechem_v2/A1AZJ_500.svg
暂缓,P3,A1B0L,"9-(5-O-{[(1R,2R)-2-amino-3-carboxy-1-hydroxypropyl]sulfamoyl}-beta-D-lyxofuranosyl)-2-chloro-9H-purin-6-amine",,D-构型,需确认,未进入使用审计,0,0,,结构可能合理，但单体身份、偶联条件或复杂度证据不足，暂不进入研发候选库,分子量超过300 Da，需确认偶联、脱保护和总环肽体积负担；杂原子较多，可能带来较高极性或多重保护需求；CCD未指定标准氨基酸母体,C14 H20 Cl N7 O9 S,497.868,,non-polymer,2,c1nc2c(nc(nc2n1[C@H]3[C@@H]([C@@H]([C@H](O3)COS(=O)(=O)N[C@@H]([C@H](CC(=O)O)N)O)O)O)Cl)N,https://www.rcsb.org/ligand/A1B0L,https://www.ebi.ac.uk/pdbe/static/files/pdbechem_v2/A1B0L_500.svg
暂缓,P3,A1B1P,"(1S,3S)-1-(2-carboxyethyl)-2,3,4,9-tetrahydro-1H-pyrido[3,4-b]indole-3-carboxylic acid",,芳香/疏水侧链,需确认,未进入使用审计,0,0,,结构可能合理，但单体身份、偶联条件或复杂度证据不足，暂不进入研发候选库,CCD未指定标准氨基酸母体,C15 H16 N2 O4,288.299,,non-polymer,1,c1ccc2c(c1)c3c([nH]2)[C@@H](N[C@@H](C3)C(=O)O)CCC(=O)O,https://www.rcsb.org/ligand/A1B1P,https://www.ebi.ac.uk/pdbe/static/files/pdbechem_v2/A1B1P_500.svg
暂缓,P3,A1B93,"(2S,3R,4R)-4-({(3S,5S)-5-[(3-carboxyphenyl)carbamoyl]pyrrolidin-3-yl}sulfanyl)-2-[(2S,3R)-3-hydroxy-1-oxobutan-2-yl]-3-methyl-3,4-dihydro-2H-pyrrole-5-carboxylic acid","Ertapenem, bound form, post-isomerized, delta-1(R) isomer",芳香/疏水侧链,需确认,未进入使用审计,0,0,,结构可能合理，但单体身份、偶联条件或复杂度证据不足，暂不进入研发候选库,分子量超过300 Da，需确认偶联、脱保护和总环肽体积负担；杂原子较多，可能带来较高极性或多重保护需求；含预先形成的酰胺键，需确认主链氨基是否仍可偶联；CCD未指定标准氨基酸母体,C22 H27 N3 O7 S,477.531,,non-polymer,4,C[C@H]1[C@H](C(=N[C@H]1[C@H](C=O)[C@@H](C)O)C(=O)O)S[C@H]2C[C@H](NC2)C(=O)Nc3cccc(c3)C(=O)O,https://www.rcsb.org/ligand/A1B93,https://www.ebi.ac.uk/pdbe/static/files/pdbechem_v2/A1B93_500.svg
排除,P3,A1BA4,"(2S)-2-{[(R)-{[(2R,3S,4R,5R)-5-(6-amino-9H-purin-9-yl)-3,4-dihydroxyoxolan-2-yl]methoxy}(hydroxy)phosphoryl]amino}-3-(1H-imidazol-4-yl)propanoic acid (non-preferred name)",Histidine-5'-O-adenosine phosphoramidate,其他候选,否,未进入使用审计,0,0,,名称提示核苷酸、辅因子或整分子缀合物,分子量超过300 Da，需确认偶联、脱保护和总环肽体积负担；杂原子较多，可能带来较高极性或多重保护需求；含磷酸/膦酸相关结构，通常不利于被动跨膜；CCD未指定标准氨基酸母体,C16 H21 N8 O8 P,484.361,,non-polymer,1,c1c(nc[nH]1)C[C@@H](C(=O)O)NP(=O)(O)OC[C@@H]2[C@H]([C@H]([C@@H](O2)n3cnc4c3ncnc4N)O)O,https://www.rcsb.org/ligand/A1BA4,https://www.ebi.ac.uk/pdbe/static/files/pdbechem_v2/A1BA4_500.svg
排除,P3,A1BC6,"{[(3E)-4-{10-[(2S,3S,4R)-5-{[(R)-{[(R)-{[(2R,3S,4R,5R)-5-(6-amino-9H-purin-9-yl)-3,4-dihydroxyoxolan-2-yl]methoxy}(hydroxy)phosphoryl]oxy}(hydroxy)phosphoryl]oxy}-2,3,4-trihydroxypentyl]-7,8-dimethyl-2,4-dioxo-2,3,4,10-tetrahydrobenzo[g]pteridin-5(1H)-yl}but-3-en-2-ylidene]amino}acetic acid (non-preferred name)",,其他候选,否,未进入使用审计,0,0,,分子量超过500 Da，优先判断为复杂整分子,分子量超过300 Da，需确认偶联、脱保护和总环肽体积负担；杂原子较多，可能带来较高极性或多重保护需求；含磷酸/膦酸相关结构，通常不利于被动跨膜；含预先形成的酰胺键，需确认主链氨基是否仍可偶联；CCD未指定标准氨基酸母体,C33 H42 N10 O17 P2,912.691,,non-polymer,1,Cc1cc2c(cc1C)N(C3=C(N2C[C@@H]([C@@H]([C@@H](COP(=O)(O)OP(=O)(O)OC[C@@H]4[C@H]([C@H]([C@@H](O4)n5cnc6c5ncnc6N)O)O)O)O)O)NC(=O)NC3=O)/C=C/C(=NCC(=O)O)C,https://www.rcsb.org/ligand/A1BC6,https://www.ebi.ac.uk/pdbe/static/files/pdbechem_v2/A1BC6_500.svg
暂缓,P3,A1BCS,PLP-carbidopa,"(2S)-3-(3,4-dihydroxyphenyl)-2-[(2E)-2-({3-hydroxy-2-methyl-5-[(phosphonooxy)methyl]pyridin-4-yl}methylidene)hydrazin-1-yl]-2-methylpropanoic acid",芳香/疏水侧链,需确认,未进入使用审计,0,0,,结构可能合理，但单体身份、偶联条件或复杂度证据不足，暂不进入研发候选库,分子量超过300 Da，需确认偶联、脱保护和总环肽体积负担；杂原子较多，可能带来较高极性或多重保护需求；含磷酸/膦酸相关结构，通常不利于被动跨膜；CCD未指定标准氨基酸母体,C18 H22 N3 O9 P,455.356,,non-polymer,1,Cc1c(c(c(cn1)COP(=O)(O)O)C=NN[C@@](C)(Cc2ccc(c(c2)O)O)C(=O)O)O,https://www.rcsb.org/ligand/A1BCS,https://www.ebi.ac.uk/pdbe/static/files/pdbechem_v2/A1BCS_500.svg
暂缓,P3,A1BD0,(2R)-6-amino-2-[(2E)-2-({3-hydroxy-2-methyl-5-[(phosphonooxy)methyl]pyridin-4-yl}methylidene)hydrazin-1-yl]hexanoic acid,,芳香/疏水侧链,需确认,未进入使用审计,0,0,,结构可能合理，但单体身份、偶联条件或复杂度证据不足，暂不进入研发候选库,分子量超过300 Da，需确认偶联、脱保护和总环肽体积负担；杂原子较多，可能带来较高极性或多重保护需求；含磷酸/膦酸相关结构，通常不利于被动跨膜；CCD未指定标准氨基酸母体,C14 H23 N4 O7 P,390.329,,non-polymer,1,Cc1c(c(c(cn1)COP(=O)(O)O)/C=N/N[C@H](CCCCN)C(=O)O)O,https://www.rcsb.org/ligand/A1BD0,https://www.ebi.ac.uk/pdbe/static/files/pdbechem_v2/A1BD0_500.svg
暂缓,P3,A1BD1,(2R)-6-amino-2-[(2E)-2-({3-hydroxy-2-methyl-5-[(phosphonooxy)methyl]pyridin-4-yl}methylidene)hydrazin-1-yl]hexanoic acid,,芳香/疏水侧链,需确认,未进入使用审计,0,0,,结构可能合理，但单体身份、偶联条件或复杂度证据不足，暂不进入研发候选库,分子量超过300 Da，需确认偶联、脱保护和总环肽体积负担；杂原子较多，可能带来较高极性或多重保护需求；含磷酸/膦酸相关结构，通常不利于被动跨膜；CCD未指定标准氨基酸母体,C14 H23 N4 O7 P,390.329,,non-polymer,1,Cc1c(c(c(cn1)COP(=O)(O)O)/C=N/N[C@@H](CCCCN)C(=O)O)O,https://www.rcsb.org/ligand/A1BD1,https://www.ebi.ac.uk/pdbe/static/files/pdbechem_v2/A1BD1_500.svg
暂缓,P3,A1BDB,(3S)-piperidine-3-carboxylic acid,,其他候选,需确认,未进入使用审计,0,0,,结构可能合理，但单体身份、偶联条件或复杂度证据不足，暂不进入研发候选库,CCD未指定标准氨基酸母体,C6 H11 N O2,129.157,,non-polymer,2,C1C[C@@H](CNC1)C(=O)O,https://www.rcsb.org/ligand/A1BDB,https://www.ebi.ac.uk/pdbe/static/files/pdbechem_v2/A1BDB_500.svg
排除,P3,A1BIG,"L-gamma-glutamyl-S-[(2Z,6E)-3,7,15-trimethyl-11-methylidenehexadeca-2,6,14-trien-1-yl]-L-cysteinylglycine",S-Geranylgeranyl-L-glutathione,延长骨架,否,未进入使用审计,0,0,,名称提示核苷酸、辅因子或整分子缀合物；分子量超过500 Da，优先判断为复杂整分子,分子量超过300 Da，需确认偶联、脱保护和总环肽体积负担；杂原子较多，可能带来较高极性或多重保护需求；含预先形成的酰胺键，需确认主链氨基是否仍可偶联；CCD未指定标准氨基酸母体,C30 H49 N3 O6 S,579.792,,non-polymer,1,CC(=CCC/C(=C/CC/C(=C/CC/C(=C\CSC[C@@H](C(=O)NCC(=O)O)NC(=O)CC[C@@H](C(=O)O)N)/C)/C)/C)C,https://www.rcsb.org/ligand/A1BIG,https://www.ebi.ac.uk/pdbe/static/files/pdbechem_v2/A1BIG_500.svg
暂缓,P3,A1BIK,"1-(5-amino-3,7-anhydro-5-deoxy-2-O-phosphono-D-threo-beta-D-allo-octofuranuronosyl)pyrimidine-2,4(1H,3H)-dione",,D-构型,需确认,未进入使用审计,0,0,,结构可能合理，但单体身份、偶联条件或复杂度证据不足，暂不进入研发候选库,分子量超过300 Da，需确认偶联、脱保护和总环肽体积负担；杂原子较多，可能带来较高极性或多重保护需求；含磷酸/膦酸相关结构，通常不利于被动跨膜；含预先形成的酰胺键，需确认主链氨基是否仍可偶联；CCD未指定标准氨基酸母体,C12 H16 N3 O11 P,409.243,,non-polymer,3,C1=CN(C(=O)NC1=O)[C@H]2[C@@H]([C@H]3[C@H](O2)[C@@H]([C@H]([C@H](O3)C(=O)O)O)N)OP(=O)(O)O,https://www.rcsb.org/ligand/A1BIK,https://www.ebi.ac.uk/pdbe/static/files/pdbechem_v2/A1BIK_500.svg
排除,P3,A1BIM,"(2R)-2-[(R)-{[(2Z)-2-(2-amino-1,3-thiazol-4-yl)-2-{[(2-carboxypropan-2-yl)oxy]imino}acetyl]amino}(carboxy)methyl]-5-methylidene-5,6-dihydro-2H-1,3-thiazine-4-carboxylic acid",hydrolyzed ceftazidime without pyridine ring,芳香/疏水侧链,否,未进入使用审计,0,0,,名称明确提示药物、抗生素或反应中间体,分子量超过300 Da，需确认偶联、脱保护和总环肽体积负担；杂原子较多，可能带来较高极性或多重保护需求；含预先形成的酰胺键，需确认主链氨基是否仍可偶联；CCD未指定标准氨基酸母体,C17 H19 N5 O8 S2,485.491,,non-polymer,2,CC(C)(C(=O)O)O/N=C(/c1csc(n1)N)\C(=O)N[C@@H]([C@@H]2N=C(C(=C)CS2)C(=O)O)C(=O)O,https://www.rcsb.org/ligand/A1BIM,https://www.ebi.ac.uk/pdbe/static/files/pdbechem_v2/A1BIM_500.svg
暂缓,P3,A1BMB,"1-[(4S)-1-(furan-2-sulfonyl)-1,2,3,4-tetrahydroquinolin-4-yl]cyclopropane-1-carboxylic acid",,构象限制,需确认,未进入使用审计,0,0,,结构可能合理，但单体身份、偶联条件或复杂度证据不足，暂不进入研发候选库,分子量超过300 Da，需确认偶联、脱保护和总环肽体积负担；CCD未指定标准氨基酸母体,C17 H17 N O5 S,347.386,,non-polymer,4,c1ccc2c(c1)[C@H](CCN2S(=O)(=O)c3ccco3)C4(CC4)C(=O)O,https://www.rcsb.org/ligand/A1BMB,https://www.ebi.ac.uk/pdbe/static/files/pdbechem_v2/A1BMB_500.svg
排除,P3,A1C21,"4-oxo-4-[(2-{2-[4,7,10-tris(carboxymethyl)-1,4,7,10-tetraazacyclododecan-1-yl]acetamido}ethyl)amino]butanoic acid",,其他候选,否,未进入使用审计,0,0,,分子量超过500 Da，优先判断为复杂整分子,分子量超过300 Da，需确认偶联、脱保护和总环肽体积负担；杂原子较多，可能带来较高极性或多重保护需求；含预先形成的酰胺键，需确认主链氨基是否仍可偶联；CCD未指定标准氨基酸母体,C22 H38 N6 O10,546.571,,non-polymer,1,C1CN(CCN(CCN(CCN1CC(=O)NCCNC(=O)CCC(=O)O)CC(=O)O)CC(=O)O)CC(=O)O,https://www.rcsb.org/ligand/A1C21,https://www.ebi.ac.uk/pdbe/static/files/pdbechem_v2/A1C21_500.svg
暂缓,P3,A1C3I,"(2S)-2-[(1S,2R)-1-carboxy-2-hydroxypropyl]-4-{[(3S)-2,3-dihydroazet-3-yl]sulfanyl}-2-methyl-2H-pyrrole-5-carboxylic acid",,其他候选,需确认,未进入使用审计,0,0,,结构可能合理，但单体身份、偶联条件或复杂度证据不足，暂不进入研发候选库,分子量超过300 Da，需确认偶联、脱保护和总环肽体积负担；CCD未指定标准氨基酸母体,C13 H16 N2 O5 S,312.342,,non-polymer,2,C[C@H]([C@@H](C(=O)O)[C@]1(C=C(C(=N1)C(=O)O)S[C@@H]2CN=C2)C)O,https://www.rcsb.org/ligand/A1C3I,https://www.ebi.ac.uk/pdbe/static/files/pdbechem_v2/A1C3I_500.svg
暂缓,P3,A1C6V,"(1S,4R)-4-(difluoromethyl)-3-[({3-hydroxy-2-methyl-5-[(phosphonooxy)methyl]pyridin-4-yl}methyl)amino]cyclopent-2-ene-1-carboxylic acid",,构象限制,需确认,未进入使用审计,0,0,,结构可能合理，但单体身份、偶联条件或复杂度证据不足，暂不进入研发候选库,分子量超过300 Da，需确认偶联、脱保护和总环肽体积负担；杂原子较多，可能带来较高极性或多重保护需求；含磷酸/膦酸相关结构，通常不利于被动跨膜；CCD未指定标准氨基酸母体,C15 H19 F2 N2 O7 P,408.291,,non-polymer,4,Cc1c(c(c(cn1)COP(=O)(O)O)CNC2=C[C@H](C[C@H]2C(F)F)C(=O)O)O,https://www.rcsb.org/ligand/A1C6V,https://www.ebi.ac.uk/pdbe/static/files/pdbechem_v2/A1C6V_500.svg
暂缓,P3,A1CD7,advantame,methyl N-[3-(3-hydroxy-4-methoxyphenyl)propyl]-L-alpha-aspartyl-L-phenylalaninate,芳香/疏水侧链,需确认,未进入使用审计,0,0,,结构可能合理，但单体身份、偶联条件或复杂度证据不足，暂不进入研发候选库,分子量超过300 Da，需确认偶联、脱保护和总环肽体积负担；杂原子较多，可能带来较高极性或多重保护需求；含预先形成的酰胺键，需确认主链氨基是否仍可偶联；CCD未指定标准氨基酸母体,C24 H30 N2 O7,458.504,,non-polymer,2,COc1ccc(cc1O)CCCN[C@@H](CC(=O)O)C(=O)N[C@@H](Cc2ccccc2)C(=O)OC,https://www.rcsb.org/ligand/A1CD7,https://www.ebi.ac.uk/pdbe/static/files/pdbechem_v2/A1CD7_500.svg
排除,P3,A1CF1,"(2R)-{2-[(4-chloro[1,1'-biphenyl]-3-yl)methoxy]phenyl}[(2-oxo-2,3-dihydro-1,3-benzoxazol-5-yl)amino]acetic acid",,卤代/电子调节,否,未进入使用审计,0,0,,分子量超过500 Da，优先判断为复杂整分子,分子量超过300 Da，需确认偶联、脱保护和总环肽体积负担；CCD未指定标准氨基酸母体,C28 H21 Cl N2 O5,500.93,,non-polymer,1,c1ccc(cc1)c2ccc(c(c2)COc3ccccc3[C@H](C(=O)O)Nc4ccc5c(c4)NC(=O)O5)Cl,https://www.rcsb.org/ligand/A1CF1,https://www.ebi.ac.uk/pdbe/static/files/pdbechem_v2/A1CF1_500.svg
暂缓,P3,A1CGK,"(2S,3R)-1-{5-fluoro-2-[(5P)-1-[(2-fluorophenyl)methyl]-5-(1,2-oxazol-3-yl)-1H-pyrazol-3-yl]pyrimidin-4-yl}-3-methylpiperidine-2-carboxylic acid",,卤代/电子调节,需确认,未进入使用审计,0,0,,结构可能合理，但单体身份、偶联条件或复杂度证据不足，暂不进入研发候选库,分子量超过300 Da，需确认偶联、脱保护和总环肽体积负担；杂原子较多，可能带来较高极性或多重保护需求；CCD未指定标准氨基酸母体,C24 H22 F2 N6 O3,480.467,,non-polymer,1,C[C@@H]1CCCN([C@@H]1C(=O)O)c2c(cnc(n2)c3cc(n(n3)Cc4ccccc4F)c5ccon5)F,https://www.rcsb.org/ligand/A1CGK,https://www.ebi.ac.uk/pdbe/static/files/pdbechem_v2/A1CGK_500.svg
暂缓,P3,A1CI4,"(6M)-3-hydroxy-6-[2-(methylsulfanyl)phenyl]-4-oxo-1,4-dihydropyridine-2-carboxylic acid",,芳香/疏水侧链,需确认,未进入使用审计,0,0,,结构可能合理，但单体身份、偶联条件或复杂度证据不足，暂不进入研发候选库,CCD未指定标准氨基酸母体,C13 H11 N O4 S,277.296,,non-polymer,1,CSc1ccccc1C2=CC(=O)C(=C(N2)C(=O)O)O,https://www.rcsb.org/ligand/A1CI4,https://www.ebi.ac.uk/pdbe/static/files/pdbechem_v2/A1CI4_500.svg
暂缓,P3,A1CI5,"(6M)-3-hydroxy-4-oxo-6-(2-phenoxyphenyl)-1,4-dihydropyridine-2-carboxylic acid",,芳香/疏水侧链,需确认,未进入使用审计,0,0,,结构可能合理，但单体身份、偶联条件或复杂度证据不足，暂不进入研发候选库,分子量超过300 Da，需确认偶联、脱保护和总环肽体积负担；CCD未指定标准氨基酸母体,C18 H13 N O5,323.3,,non-polymer,1,c1ccc(cc1)Oc2ccccc2C3=CC(=O)C(=C(N3)C(=O)O)O,https://www.rcsb.org/ligand/A1CI5,https://www.ebi.ac.uk/pdbe/static/files/pdbechem_v2/A1CI5_500.svg
排除,P3,A1CK5,"L-gamma-glutamyl-S-{6-chloro-5-[(3,5-dimethylphenoxy)carbonyl]-3-fluoropyridin-2-yl}-L-cysteinylglycine",,卤代/电子调节,否,未进入使用审计,0,0,,分子量超过500 Da，优先判断为复杂整分子,分子量超过300 Da，需确认偶联、脱保护和总环肽体积负担；杂原子较多，可能带来较高极性或多重保护需求；含预先形成的酰胺键，需确认主链氨基是否仍可偶联；CCD未指定标准氨基酸母体,C24 H26 Cl F N4 O8 S,585.002,,non-polymer,1,Cc1cc(cc(c1)OC(=O)c2cc(c(nc2Cl)SC[C@@H](C(=O)NCC(=O)O)NC(=O)CC[C@@H](C(=O)O)N)F)C,https://www.rcsb.org/ligand/A1CK5,https://www.ebi.ac.uk/pdbe/static/files/pdbechem_v2/A1CK5_500.svg
暂缓,P3,A1D7P,"(5~{S},6~{R},7~{E},9~{E},11~{Z},14~{Z})-6-[(2~{R})-2-azanyl-3-oxidanyl-3-oxidanylidene-propyl]sulfanyl-5-oxidanyl-icosa-7,9,11,14-tetraenoic acid",leukotriene E4,其他候选,需确认,未进入使用审计,0,0,,结构可能合理，但单体身份、偶联条件或复杂度证据不足，暂不进入研发候选库,分子量超过300 Da，需确认偶联、脱保护和总环肽体积负担；CCD未指定标准氨基酸母体,C23 H37 N O5 S,439.609,,non-polymer,1,CCCCC/C=C\C/C=C\C=C\C=C\[C@H]([C@H](CCCC(=O)O)O)SC[C@@H](C(=O)O)N,https://www.rcsb.org/ligand/A1D7P,https://www.ebi.ac.uk/pdbe/static/files/pdbechem_v2/A1D7P_500.svg
排除,P3,A1D9A,(2~{S})-5-[bis(azanyl)methylideneamino]-2-[[5-[bis(4-chlorophenyl)methyl]-3-methyl-thiophen-2-yl]carbonylamino]pentanoic acid,JR14a,卤代/电子调节,否,未进入使用审计,0,0,,分子量超过500 Da，优先判断为复杂整分子,分子量超过300 Da，需确认偶联、脱保护和总环肽体积负担；含预先形成的酰胺键，需确认主链氨基是否仍可偶联；CCD未指定标准氨基酸母体,C25 H26 Cl2 N4 O3 S,533.47,,non-polymer,4,Cc1cc(sc1C(=O)N[C@@H](CCCN=C(N)N)C(=O)O)C(c2ccc(cc2)Cl)c3ccc(cc3)Cl,https://www.rcsb.org/ligand/A1D9A,https://www.ebi.ac.uk/pdbe/static/files/pdbechem_v2/A1D9A_500.svg
暂缓,P3,A1D9C,"(2S)-2-[2-[[(2S,3S,4R,5R)-5-(6-azanyl-2-chloranyl-purin-9-yl)-3,4-bis(oxidanyl)oxolan-2-yl]methylsulfanyl]ethylamino]-3-(1H-imidazol-4-yl)propanoic acid",,其他候选,需确认,未进入使用审计,0,0,,结构可能合理，但单体身份、偶联条件或复杂度证据不足，暂不进入研发候选库,分子量超过300 Da，需确认偶联、脱保护和总环肽体积负担；杂原子较多，可能带来较高极性或多重保护需求；CCD未指定标准氨基酸母体,C18 H23 Cl N8 O5 S,498.944,,non-polymer,1,c1c(nc[nH]1)C[C@@H](C(=O)O)NCCSC[C@@H]2[C@H]([C@H]([C@@H](O2)n3cnc4c3nc(nc4N)Cl)O)O,https://www.rcsb.org/ligand/A1D9C,https://www.ebi.ac.uk/pdbe/static/files/pdbechem_v2/A1D9C_500.svg
暂缓,P3,A1D9R,(2~{S})-2-[[6-methoxy-2-[(2-methyl-3-phenyl-phenyl)amino]pyrimidin-4-yl]methylamino]-3-oxidanyl-propanoic acid,,芳香/疏水侧链,需确认,未进入使用审计,0,0,,结构可能合理，但单体身份、偶联条件或复杂度证据不足，暂不进入研发候选库,分子量超过300 Da，需确认偶联、脱保护和总环肽体积负担；CCD未指定标准氨基酸母体,C22 H24 N4 O4,408.45,,non-polymer,1,Cc1c(cccc1Nc2nc(cc(n2)OC)CN[C@@H](CO)C(=O)O)c3ccccc3,https://www.rcsb.org/ligand/A1D9R,https://www.ebi.ac.uk/pdbe/static/files/pdbechem_v2/A1D9R_500.svg
暂缓,P3,A1D9S,3-carbamimidamidopropanoic acid,beta-Guanidinopropionic acid; Guanidinopropionic acid; ompenaclid,延长骨架,需确认,未进入使用审计,0,0,,结构可能合理，但单体身份、偶联条件或复杂度证据不足，暂不进入研发候选库,CCD未指定标准氨基酸母体,C4 H9 N3 O2,131.133,,non-polymer,2,[H]/N=C(\N)/NCCC(=O)O,https://www.rcsb.org/ligand/A1D9S,https://www.ebi.ac.uk/pdbe/static/files/pdbechem_v2/A1D9S_500.svg
排除,P3,A1DAO,"(1R,3r)-3-{(3R)-3-[1-(5-chloro-4-{[(1R)-1-(2,4-dichlorophenyl)ethyl]amino}-6-methylpyrimidin-2-yl)azetidin-3-yl]piperidin-1-yl}-1-methylcyclobutane-1-carboxylic acid",,构象限制,否,未进入使用审计,0,0,,分子量超过500 Da，优先判断为复杂整分子,分子量超过300 Da，需确认偶联、脱保护和总环肽体积负担；杂原子较多，可能带来较高极性或多重保护需求；CCD未指定标准氨基酸母体,C27 H34 Cl3 N5 O2,566.95,,non-polymer,3,Cc1c(c(nc(n1)N2CC(C2)[C@H]3CCCN(C3)C4CC(C4)(C)C(=O)O)N[C@H](C)c5ccc(cc5Cl)Cl)Cl,https://www.rcsb.org/ligand/A1DAO,https://www.ebi.ac.uk/pdbe/static/files/pdbechem_v2/A1DAO_500.svg
排除,P3,A1E1Q,(2~{S})-2-azanyl-3-[[(2~{R})-3-octadecanoyloxy-2-oxidanyl-propoxy]-oxidanyl-phosphoryl]oxy-propanoic acid,Lysophosphatidylserine,其他候选,否,未进入使用审计,0,0,,分子量超过500 Da，优先判断为复杂整分子,分子量超过300 Da，需确认偶联、脱保护和总环肽体积负担；杂原子较多，可能带来较高极性或多重保护需求；含磷酸/膦酸相关结构，通常不利于被动跨膜；CCD未指定标准氨基酸母体,C24 H48 N O9 P,525.613,,non-polymer,1,CCCCCCCCCCCCCCCCCC(=O)OC[C@H](COP(=O)(O)OC[C@@H](C(=O)O)N)O,https://www.rcsb.org/ligand/A1E1Q,https://www.ebi.ac.uk/pdbe/static/files/pdbechem_v2/A1E1Q_500.svg
暂缓,P3,A1EAI,"(2~{S},3~{Z})-3-ethylideneazetidine-2-carboxylic acid",3-Ethylidene-L-azetidine-2-carboxylic acid,构象限制,需确认,未进入使用审计,0,0,,结构可能合理，但单体身份、偶联条件或复杂度证据不足，暂不进入研发候选库,CCD未指定标准氨基酸母体,C6 H9 N O2,127.141,,non-polymer,1,C/C=C\1/CN[C@@H]1C(=O)O,https://www.rcsb.org/ligand/A1EAI,https://www.ebi.ac.uk/pdbe/static/files/pdbechem_v2/A1EAI_500.svg
暂缓,P3,A1EAJ,"(~{Z},2~{S})-2-azanyl-3-methyl-pent-3-enoic acid",,其他候选,需确认,未进入使用审计,0,0,,结构可能合理，但单体身份、偶联条件或复杂度证据不足，暂不进入研发候选库,CCD未指定标准氨基酸母体,C6 H11 N O2,129.157,,non-polymer,1,C/C=C(/C)\[C@@H](C(=O)O)N,https://www.rcsb.org/ligand/A1EAJ,https://www.ebi.ac.uk/pdbe/static/files/pdbechem_v2/A1EAJ_500.svg
暂缓,P3,A1ECN,"(3~{S})-1,2-diazinane-3-carboxylic acid",(S)-Hexahydropyridazine-3-carboxylic acid; S-Piperazic acid; (3S)-piperazate; (3S)-Pyridazin-3-carboxylate,芳香/疏水侧链,需确认,未进入使用审计,0,0,,结构可能合理，但单体身份、偶联条件或复杂度证据不足，暂不进入研发候选库,CCD未指定标准氨基酸母体,C5 H10 N2 O2,130.145,,peptide-like,1,C1C[C@H](NNC1)C(=O)O,https://www.rcsb.org/ligand/A1ECN,https://www.ebi.ac.uk/pdbe/static/files/pdbechem_v2/A1ECN_500.svg
排除,P3,A1EL0,"(2~{S})-4-[[(2~{S},3~{S},4~{R},5~{R})-5-(6-aminopurin-9-yl)-3-[[(2~{R},3~{S},4~{R},5~{R})-5-(6-aminopurin-9-yl)-3,4-bis(oxidanyl)oxolan-2-yl]methoxy-oxidanyl-phosphoryl]oxy-4-oxidanyl-oxolan-2-yl]methylsulfanyl]-2-azanyl-butanoic acid",,其他候选,否,未进入使用审计,0,0,,分子量超过500 Da，优先判断为复杂整分子,分子量超过300 Da，需确认偶联、脱保护和总环肽体积负担；杂原子较多，可能带来较高极性或多重保护需求；含磷酸/膦酸相关结构，通常不利于被动跨膜；CCD未指定标准氨基酸母体,C24 H32 N11 O11 P S,713.617,,non-polymer,1,c1nc(c2c(n1)n(cn2)[C@H]3[C@@H]([C@@H]([C@H](O3)COP(=O)(O)O[C@@H]4[C@H](O[C@H]([C@@H]4O)n5cnc6c5ncnc6N)CSCC[C@@H](C(=O)O)N)O)O)N,https://www.rcsb.org/ligand/A1EL0,https://www.ebi.ac.uk/pdbe/static/files/pdbechem_v2/A1EL0_500.svg
排除,P3,A1EL1,"(2~{S},5~{S})-6-[(2~{R},3~{S},4~{R},5~{R})-5-(6-aminopurin-9-yl)-3-[[(2~{R},3~{S},4~{R},5~{R})-5-(6-aminopurin-9-yl)-3,4-bis(oxidanyl)oxolan-2-yl]methoxy-oxidanyl-phosphoryl]oxy-4-oxidanyl-oxolan-2-yl]-2,5-bis(azanyl)hexanoic acid",,其他候选,否,未进入使用审计,0,0,,分子量超过500 Da，优先判断为复杂整分子,分子量超过300 Da，需确认偶联、脱保护和总环肽体积负担；杂原子较多，可能带来较高极性或多重保护需求；含磷酸/膦酸相关结构，通常不利于被动跨膜；CCD未指定标准氨基酸母体,C25 H35 N12 O11 P,710.593,,non-polymer,1,c1nc(c2c(n1)n(cn2)[C@H]3[C@@H]([C@@H]([C@H](O3)COP(=O)(O)O[C@@H]4[C@H](O[C@H]([C@@H]4O)n5cnc6c5ncnc6N)C[C@H](CC[C@@H](C(=O)O)N)N)O)O)N,https://www.rcsb.org/ligand/A1EL1,https://www.ebi.ac.uk/pdbe/static/files/pdbechem_v2/A1EL1_500.svg
排除,P3,A1EL3,"[(2~{S},3~{S},4~{R},5~{R})-5-(6-aminopurin-9-yl)-3-[[(2~{R},3~{S},4~{R},5~{R})-5-(6-aminopurin-9-yl)-3,4-bis(oxidanyl)oxolan-2-yl]methoxy-oxidanyl-phosphoryl]oxy-4-oxidanyl-oxolan-2-yl]methyl-[(3~{S})-3-azanyl-4-oxidanyl-4-oxidanylidene-butyl]-methyl-sulfanium",,其他候选,否,未进入使用审计,0,0,,分子量超过500 Da，优先判断为复杂整分子,分子量超过300 Da，需确认偶联、脱保护和总环肽体积负担；杂原子较多，可能带来较高极性或多重保护需求；含磷酸/膦酸相关结构，通常不利于被动跨膜；CCD未指定标准氨基酸母体,C25 H35 N11 O11 P S,728.651,,non-polymer,1,C[S@+](CC[C@@H](C(=O)O)N)C[C@@H]1[C@H]([C@H]([C@@H](O1)n2cnc3c2ncnc3N)O)OP(=O)(O)OC[C@@H]4[C@H]([C@H]([C@@H](O4)n5cnc6c5ncnc6N)O)O,https://www.rcsb.org/ligand/A1EL3,https://www.ebi.ac.uk/pdbe/static/files/pdbechem_v2/A1EL3_500.svg
暂缓,P3,A1EMK,"2-azanyl-1,4,5,6-tetrahydropyrimidine-5-carboxylic acid",,其他候选,需确认,未进入使用审计,0,0,,结构可能合理，但单体身份、偶联条件或复杂度证据不足，暂不进入研发候选库,CCD未指定标准氨基酸母体,C5 H9 N3 O2,143.144,,non-polymer,2,C1[C@H](CN=C(N1)N)C(=O)O,https://www.rcsb.org/ligand/A1EMK,https://www.ebi.ac.uk/pdbe/static/files/pdbechem_v2/A1EMK_500.svg
暂缓,P3,A1EOR,"(2~{R},4~{S})-2-[(1~{R})-1-[[(2~{R})-2-azanyl-2-(4-hydroxyphenyl)ethanoyl]amino]-2-oxidanyl-2-oxidanylidene-ethyl]-5,5-dimethyl-1,3-thiazolidine-4-carboxylic acid",Amoxicilloic acid,芳香/疏水侧链,需确认,未进入使用审计,0,0,,结构可能合理，但单体身份、偶联条件或复杂度证据不足，暂不进入研发候选库,分子量超过300 Da，需确认偶联、脱保护和总环肽体积负担；杂原子较多，可能带来较高极性或多重保护需求；CCD未指定标准氨基酸母体,C16 H21 N3 O6 S,383.419,,non-polymer,2,CC1([C@@H](N[C@H](S1)[C@@H](C(=O)O)NC(=O)[C@@H](c2ccc(cc2)O)N)C(=O)O)C,https://www.rcsb.org/ligand/A1EOR,https://www.ebi.ac.uk/pdbe/static/files/pdbechem_v2/A1EOR_500.svg
排除,P3,A1EQQ,3-[[(~{E})-1-[3-[[2-(6-ethoxypyridin-3-yl)-5-[[(1~{R})-1-phenylpropyl]carbamoyl]pyrimidin-4-yl]amino]propylamino]-2-nitro-ethenyl]amino]propanoic acid,,芳香/疏水侧链,否,未进入使用审计,0,0,,分子量超过500 Da，优先判断为复杂整分子,分子量超过300 Da，需确认偶联、脱保护和总环肽体积负担；杂原子较多，可能带来较高极性或多重保护需求；CCD未指定标准氨基酸母体,C29 H36 N8 O6,592.646,,non-polymer,2,CC[C@H](c1ccccc1)NC(=O)c2cnc(nc2NCCCN/C(=C\[N+](=O)[O-])/NCCC(=O)O)c3ccc(nc3)OCC,https://www.rcsb.org/ligand/A1EQQ,https://www.ebi.ac.uk/pdbe/static/files/pdbechem_v2/A1EQQ_500.svg
暂缓,P3,A1ESQ,Crisugabalin,,其他候选,需确认,未进入使用审计,0,0,,结构可能合理，但单体身份、偶联条件或复杂度证据不足，暂不进入研发候选库,CCD未指定标准氨基酸母体,C12 H19 N O2,209.285,,non-polymer,3,C1C[C@@H]2[C@@H]3C[C@H]1C[C@@H]3[C@@]2(CC(=O)O)CN,https://www.rcsb.org/ligand/A1ESQ,https://www.ebi.ac.uk/pdbe/static/files/pdbechem_v2/A1ESQ_500.svg
排除,P3,A1EVP,"1-[2-[[3,5-diethoxy-4-(4-fluorophenyl)phenyl]methyl]-5-oxa-2,6-diazaspiro[3.4]oct-6-en-7-yl]piperidine-4-carboxylic acid",SSTR5 antagonist 1,卤代/电子调节,否,未进入使用审计,0,0,,分子量超过500 Da，优先判断为复杂整分子,分子量超过300 Da，需确认偶联、脱保护和总环肽体积负担；CCD未指定标准氨基酸母体,C28 H34 F N3 O5,511.585,,non-polymer,3,CCOc1cc(cc(c1c2ccc(cc2)F)OCC)CN3CC4(C3)CC(=NO4)N5CCC(CC5)C(=O)O,https://www.rcsb.org/ligand/A1EVP,https://www.ebi.ac.uk/pdbe/static/files/pdbechem_v2/A1EVP_500.svg
暂缓,P3,A1EZ0,(2~{S})-2-azanyl-3-[(~{R})-(3-fluorophenyl)-(2-phenylmethoxyphenyl)methoxy]propanoic acid,,卤代/电子调节,需确认,未进入使用审计,0,0,,结构可能合理，但单体身份、偶联条件或复杂度证据不足，暂不进入研发候选库,分子量超过300 Da，需确认偶联、脱保护和总环肽体积负担；CCD未指定标准氨基酸母体,C23 H22 F N O4,395.423,,non-polymer,1,c1ccc(cc1)COc2ccccc2[C@@H](c3cccc(c3)F)OC[C@@H](C(=O)O)N,https://www.rcsb.org/ligand/A1EZ0,https://www.ebi.ac.uk/pdbe/static/files/pdbechem_v2/A1EZ0_500.svg
排除,P3,A1EZJ,(2~{R})-2-azanyl-3-[[(2~{R})-2-hexadecanoyloxy-3-pentadecanoyloxy-propoxy]-oxidanyl-phosphoryl]oxy-propanoic acid,,其他候选,否,未进入使用审计,0,0,,分子量超过500 Da，优先判断为复杂整分子,分子量超过300 Da，需确认偶联、脱保护和总环肽体积负担；杂原子较多，可能带来较高极性或多重保护需求；含磷酸/膦酸相关结构，通常不利于被动跨膜；CCD未指定标准氨基酸母体,C37 H72 N O10 P,721.942,,non-polymer,1,CCCCCCCCCCCCCCCC(=O)O[C@H](COC(=O)CCCCCCCCCCCCCC)COP(=O)(O)OC[C@H](C(=O)O)N,https://www.rcsb.org/ligand/A1EZJ,https://www.ebi.ac.uk/pdbe/static/files/pdbechem_v2/A1EZJ_500.svg
暂缓,P3,A1EZO,"(2~{S},3~{S})-3-[[6-cyclopropyl-5-fluoranyl-2-(5-fluoranyl-1~{H}-pyrazolo[3,4-b]pyridin-3-yl)pyrimidin-4-yl]amino]bicyclo[2.2.2]octane-2-carboxylic acid",Onradivir,构象限制,需确认,未进入使用审计,0,0,,结构可能合理，但单体身份、偶联条件或复杂度证据不足，暂不进入研发候选库,分子量超过300 Da，需确认偶联、脱保护和总环肽体积负担；杂原子较多，可能带来较高极性或多重保护需求；CCD未指定标准氨基酸母体,C22 H22 F2 N6 O2,440.446,,non-polymer,2,c1c(cnc2c1c(n[nH]2)c3nc(c(c(n3)N[C@@H]4[C@H](C5CCC4CC5)C(=O)O)F)C6CC6)F,https://www.rcsb.org/ligand/A1EZO,https://www.ebi.ac.uk/pdbe/static/files/pdbechem_v2/A1EZO_500.svg
暂缓,P3,A1H04,[(5~{S})-5-azanyl-4-[[[(2~{S})-2-azanyl-3-methyl-butanoyl]amino]methyl]-6-oxidanyl-6-oxidanylidene-hexyl]-$l^{3}-oxidanyl-bis(oxidanyl)boron,,其他候选,需确认,未进入使用审计,0,0,,结构可能合理，但单体身份、偶联条件或复杂度证据不足，暂不进入研发候选库,分子量超过300 Da，需确认偶联、脱保护和总环肽体积负担；杂原子较多，可能带来较高极性或多重保护需求；CCD未指定标准氨基酸母体,C12 H27 B N3 O6,320.17,,non-polymer,1,[B-](CCC[C@@H](CNC(=O)[C@H](C(C)C)N)[C@@H](C(=O)O)N)(O)(O)O,https://www.rcsb.org/ligand/A1H04,https://www.ebi.ac.uk/pdbe/static/files/pdbechem_v2/A1H04_500.svg
暂缓,P3,A1H0A,"4-[(2~{R},4~{R})-4-azanyl-2-carboxy-pyrrolidin-2-yl]butyl-tris(oxidanyl)boranuide",,其他候选,需确认,未进入使用审计,0,0,,结构可能合理，但单体身份、偶联条件或复杂度证据不足，暂不进入研发候选库,CCD未指定标准氨基酸母体,C9 H20 B N2 O5,247.076,,non-polymer,1,[B-](CCCC[C@@]1(C[C@H](CN1)N)C(=O)O)(O)(O)O,https://www.rcsb.org/ligand/A1H0A,https://www.ebi.ac.uk/pdbe/static/files/pdbechem_v2/A1H0A_500.svg
暂缓,P3,A1H0B,"(2~{S},3~{R})-3-[3-(dihydroxyboranyl)propyl]pyrrolidine-2-carboxylic acid",,其他候选,需确认,未进入使用审计,0,0,,结构可能合理，但单体身份、偶联条件或复杂度证据不足，暂不进入研发候选库,CCD未指定标准氨基酸母体,C8 H16 B N O4,201.028,,non-polymer,1,B(CCC[C@@H]1CCN[C@@H]1C(=O)O)(O)O,https://www.rcsb.org/ligand/A1H0B,https://www.ebi.ac.uk/pdbe/static/files/pdbechem_v2/A1H0B_500.svg
排除,P3,A1H20,"(2~{S})-4-[[(2~{S},3~{R},4~{S},5~{R})-5-[[[[(2~{R},3~{S},4~{R},5~{R})-5-(6-aminopurin-9-yl)-3,4-bis(oxidanyl)oxolan-2-yl]methoxy-oxidanyl-phosphoryl]oxy-oxidanyl-phosphoryl]oxymethyl]-3,4-bis(oxidanyl)oxolan-2-yl]amino]-2-azanyl-4-oxidanylidene-butanoic acid",,其他候选,否,未进入使用审计,0,0,,分子量超过500 Da，优先判断为复杂整分子,分子量超过300 Da，需确认偶联、脱保护和总环肽体积负担；杂原子较多，可能带来较高极性或多重保护需求；含磷酸/膦酸相关结构，通常不利于被动跨膜；CCD未指定标准氨基酸母体,C19 H29 N7 O16 P2,673.418,,non-polymer,1,c1nc(c2c(n1)n(cn2)[C@H]3[C@@H]([C@@H]([C@H](O3)COP(=O)(O)OP(=O)(O)OC[C@@H]4[C@H]([C@H]([C@H](O4)NC(=O)C[C@@H](C(=O)O)N)O)O)O)O)N,https://www.rcsb.org/ligand/A1H20,https://www.ebi.ac.uk/pdbe/static/files/pdbechem_v2/A1H20_500.svg
暂缓,P3,A1H2D,"(2~{S})-2-azanyl-3-[(3~{S})-2,3-dihydro-1~{H}-indol-3-yl]propanoic acid",,芳香/疏水侧链,需确认,未进入使用审计,0,0,,结构可能合理，但单体身份、偶联条件或复杂度证据不足，暂不进入研发候选库,CCD未指定标准氨基酸母体,C11 H14 N2 O2,206.241,,non-polymer,1,c1ccc2c(c1)[C@@H](CN2)C[C@@H](C(=O)O)N,https://www.rcsb.org/ligand/A1H2D,https://www.ebi.ac.uk/pdbe/static/files/pdbechem_v2/A1H2D_500.svg
排除,P3,A1H3N,"(2~{R},4~{R})-4-(2-methanimidamidoethylsulfanyl)-2-[(2~{S},3~{R})-3-oxidanyl-1-oxidanylidene-butan-2-yl]-3,4-dihydro-2~{H}-pyrrole-5-carboxylic acid",Imipenem,其他候选,否,未进入使用审计,0,0,,名称明确提示药物、抗生素或反应中间体,分子量超过300 Da，需确认偶联、脱保护和总环肽体积负担；CCD未指定标准氨基酸母体,C12 H19 N3 O4 S,301.362,,non-polymer,4,[H]/N=C/NCCS[C@@H]1C[C@@H](N=C1C(=O)O)[C@H](C=O)[C@@H](C)O,https://www.rcsb.org/ligand/A1H3N,https://www.ebi.ac.uk/pdbe/static/files/pdbechem_v2/A1H3N_500.svg
暂缓,P3,A1H3O,"(2~{R},4~{S})-4-(2-methanimidamidoethylsulfanyl)-2-[(2~{S},3~{R})-3-oxidanyl-1-oxidanylidene-butan-2-yl]-3,4-dihydro-2~{H}-pyrrole-5-carboxylic acid",d1_2S_imipenem,其他候选,需确认,未进入使用审计,0,0,,结构可能合理，但单体身份、偶联条件或复杂度证据不足，暂不进入研发候选库,分子量超过300 Da，需确认偶联、脱保护和总环肽体积负担；CCD未指定标准氨基酸母体,C12 H19 N3 O4 S,301.362,,non-polymer,4,[H]/N=C/NCCS[C@H]1C[C@@H](N=C1C(=O)O)[C@H](C=O)[C@@H](C)O,https://www.rcsb.org/ligand/A1H3O,https://www.ebi.ac.uk/pdbe/static/files/pdbechem_v2/A1H3O_500.svg
暂缓,P3,A1H4V,"(2~{R},4~{R})-5,5-dimethyl-2-[2-methyl-3-oxidanyl-5-(phosphonooxymethyl)pyridin-4-yl]-1,3-thiazolidine-4-carboxylic acid",,芳香/疏水侧链,需确认,未进入使用审计,0,0,,结构可能合理，但单体身份、偶联条件或复杂度证据不足，暂不进入研发候选库,分子量超过300 Da，需确认偶联、脱保护和总环肽体积负担；杂原子较多，可能带来较高极性或多重保护需求；含磷酸/膦酸相关结构，通常不利于被动跨膜；CCD未指定标准氨基酸母体,C13 H19 N2 O7 P S,378.338,,non-polymer,1,Cc1c(c(c(cn1)COP(=O)(O)O)[C@@H]2N[C@@H](C(S2)(C)C)C(=O)O)O,https://www.rcsb.org/ligand/A1H4V,https://www.ebi.ac.uk/pdbe/static/files/pdbechem_v2/A1H4V_500.svg
暂缓,P3,A1H6N,2-[[2-[2-[2-[bis(2-hydroxy-2-oxoethyl)amino]phenoxy]ethoxy]phenyl]-(2-hydroxy-2-oxoethyl)amino]ethanoic acid,BAPTA,芳香/疏水侧链,需确认,未进入使用审计,0,0,,结构可能合理，但单体身份、偶联条件或复杂度证据不足，暂不进入研发候选库,分子量超过300 Da，需确认偶联、脱保护和总环肽体积负担；杂原子较多，可能带来较高极性或多重保护需求；CCD未指定标准氨基酸母体,C22 H24 N2 O10,476.433,,non-polymer,1,c1ccc(c(c1)N(CC(=O)O)CC(=O)O)OCCOc2ccccc2N(CC(=O)O)CC(=O)O,https://www.rcsb.org/ligand/A1H6N,https://www.ebi.ac.uk/pdbe/static/files/pdbechem_v2/A1H6N_500.svg
暂缓,P3,A1HZ9,"[(4~{R},5~{S})-4-(aminomethyl)-5-azanyl-6-oxidanyl-6-oxidanylidene-hexyl]-tris(oxidanyl)boron",,其他候选,需确认,未进入使用审计,0,0,,结构可能合理，但单体身份、偶联条件或复杂度证据不足，暂不进入研发候选库,CCD未指定标准氨基酸母体,C7 H18 B N2 O5,221.039,,non-polymer,1,B(CCC[C@H](CN)[C@@H](C(=O)O)N)(O)(O)O,https://www.rcsb.org/ligand/A1HZ9,https://www.ebi.ac.uk/pdbe/static/files/pdbechem_v2/A1HZ9_500.svg
暂缓,P3,A1I06,"(2~{R})-2-[[5-(3-chloranyl-2-methyl-phenyl)-6-ethyl-thieno[2,3-d]pyrimidin-4-yl]amino]-3-(2-methoxyphenyl)propanoic acid",,芳香/疏水侧链,需确认,未进入使用审计,0,0,,结构可能合理，但单体身份、偶联条件或复杂度证据不足，暂不进入研发候选库,分子量超过300 Da，需确认偶联、脱保护和总环肽体积负担；CCD未指定标准氨基酸母体,C25 H24 Cl N3 O3 S,481.994,,non-polymer,1,CCc1c(c2c(ncnc2s1)N[C@H](Cc3ccccc3OC)C(=O)O)c4cccc(c4C)Cl,https://www.rcsb.org/ligand/A1I06,https://www.ebi.ac.uk/pdbe/static/files/pdbechem_v2/A1I06_500.svg
暂缓,P3,A1I2W,"(3~{R},5~{S})-3-ethyl-1,2-oxazolidine-5-carboxylic acid",,其他候选,需确认,未进入使用审计,0,0,,结构可能合理，但单体身份、偶联条件或复杂度证据不足，暂不进入研发候选库,CCD未指定标准氨基酸母体,C6 H11 N O3,145.156,,non-polymer,3,CC[C@@H]1C[C@H](ON1)C(=O)O,https://www.rcsb.org/ligand/A1I2W,https://www.ebi.ac.uk/pdbe/static/files/pdbechem_v2/A1I2W_500.svg
暂缓,P3,A1I4T,Deoxynivalenol-13-cysteine,,其他候选,需确认,未进入使用审计,0,0,,结构可能合理，但单体身份、偶联条件或复杂度证据不足，暂不进入研发候选库,分子量超过300 Da，需确认偶联、脱保护和总环肽体积负担；杂原子较多，可能带来较高极性或多重保护需求；CCD未指定标准氨基酸母体,C18 H27 N O8 S,417.474,,non-polymer,1,CC1=C[C@@H]2[C@@]3(CO[C@]1([C@H]3O)O)[C@]4(C[C@H]([C@H]([C@]4(CSC[C@@H](C(=O)O)N)O)O2)O)C,https://www.rcsb.org/ligand/A1I4T,https://www.ebi.ac.uk/pdbe/static/files/pdbechem_v2/A1I4T_500.svg
排除,P3,A1I4U,Deoxynivalenol-13-glutathione,,其他候选,否,未进入使用审计,0,0,,名称提示核苷酸、辅因子或整分子缀合物；分子量超过500 Da，优先判断为复杂整分子,分子量超过300 Da，需确认偶联、脱保护和总环肽体积负担；杂原子较多，可能带来较高极性或多重保护需求；含预先形成的酰胺键，需确认主链氨基是否仍可偶联；CCD未指定标准氨基酸母体,C25 H37 N3 O12 S,603.639,,non-polymer,1,CC1=C[C@@H]2[C@@]3(CO[C@]1([C@H]3O)O)[C@]4(C[C@H]([C@H]([C@]4(CSC[C@@H](C(=O)NCC(=O)O)NC(=O)CC[C@@H](C(=O)O)N)O)O2)O)C,https://www.rcsb.org/ligand/A1I4U,https://www.ebi.ac.uk/pdbe/static/files/pdbechem_v2/A1I4U_500.svg
暂缓,P3,A1I5A,quinaprilat,"(3S)-2-[(2S)-2-[[(2S)-1-oxidanyl-1-oxidanylidene-4-phenyl-butan-2-yl]amino]propanoyl]-3,4-dihydro-1H-isoquinoline-3-carboxylic acid",芳香/疏水侧链,需确认,未进入使用审计,0,0,,结构可能合理，但单体身份、偶联条件或复杂度证据不足，暂不进入研发候选库,分子量超过300 Da，需确认偶联、脱保护和总环肽体积负担；含预先形成的酰胺键，需确认主链氨基是否仍可偶联；CCD未指定标准氨基酸母体,C23 H26 N2 O5,410.463,,non-polymer,1,C[C@@H](C(=O)N1Cc2ccccc2C[C@H]1C(=O)O)N[C@@H](CCc3ccccc3)C(=O)O,https://www.rcsb.org/ligand/A1I5A,https://www.ebi.ac.uk/pdbe/static/files/pdbechem_v2/A1I5A_500.svg
排除,P3,A1I87,"(2S, 2'R)-2-hydroxy-2-(1-((E)-4,4,4-tris(4-methoxyphenyl)but-2-en-1-yl)pyrrolidin-2'-yl)acetic acid","(2~{S})-2-oxidanyl-2-[(2~{R})-1-[(~{E})-4,4,4-tris(4-methoxyphenyl)but-2-enyl]pyrrolidin-2-yl]ethanoic acid",芳香/疏水侧链,否,未进入使用审计,0,0,,分子量超过500 Da，优先判断为复杂整分子,分子量超过300 Da，需确认偶联、脱保护和总环肽体积负担；杂原子较多，可能带来较高极性或多重保护需求；CCD未指定标准氨基酸母体,C31 H35 N O6,517.613,,non-polymer,2,COc1ccc(cc1)C(/C=C/CN2CCC[C@@H]2[C@@H](C(=O)O)O)(c3ccc(cc3)OC)c4ccc(cc4)OC,https://www.rcsb.org/ligand/A1I87,https://www.ebi.ac.uk/pdbe/static/files/pdbechem_v2/A1I87_500.svg
暂缓,P3,A1IA5,2-(4-chlorophenyl)-5-oxidanyl-6-oxidanylidene-1H-pyrimidine-4-carboxylic acid,,卤代/电子调节,需确认,未进入使用审计,0,0,,结构可能合理，但单体身份、偶联条件或复杂度证据不足，暂不进入研发候选库,含预先形成的酰胺键，需确认主链氨基是否仍可偶联；CCD未指定标准氨基酸母体,C11 H7 Cl N2 O4,266.637,,non-polymer,1,c1cc(ccc1C2=NC(=C(C(=O)N2)O)C(=O)O)Cl,https://www.rcsb.org/ligand/A1IA5,https://www.ebi.ac.uk/pdbe/static/files/pdbechem_v2/A1IA5_500.svg
暂缓,P3,A1IA6,2-naphthalen-2-yl-5-oxidanyl-6-oxidanylidene-1H-pyrimidine-4-carboxylic acid,,芳香/疏水侧链,需确认,未进入使用审计,0,0,,结构可能合理，但单体身份、偶联条件或复杂度证据不足，暂不进入研发候选库,含预先形成的酰胺键，需确认主链氨基是否仍可偶联；CCD未指定标准氨基酸母体,C15 H10 N2 O4,282.251,,non-polymer,1,c1ccc2cc(ccc2c1)C3=NC(=C(C(=O)N3)O)C(=O)O,https://www.rcsb.org/ligand/A1IA6,https://www.ebi.ac.uk/pdbe/static/files/pdbechem_v2/A1IA6_500.svg
暂缓,P3,A1IA7,5-oxidanyl-6-oxidanylidene-2-(4-phenylphenyl)-1H-pyrimidine-4-carboxylic acid,,芳香/疏水侧链,需确认,未进入使用审计,0,0,,结构可能合理，但单体身份、偶联条件或复杂度证据不足，暂不进入研发候选库,分子量超过300 Da，需确认偶联、脱保护和总环肽体积负担；含预先形成的酰胺键，需确认主链氨基是否仍可偶联；CCD未指定标准氨基酸母体,C17 H12 N2 O4,308.288,,non-polymer,1,c1ccc(cc1)c2ccc(cc2)C3=NC(=C(C(=O)N3)O)C(=O)O,https://www.rcsb.org/ligand/A1IA7,https://www.ebi.ac.uk/pdbe/static/files/pdbechem_v2/A1IA7_500.svg
暂缓,P3,A1IA8,2-[2-[4-(cyanomethyl)phenyl]phenyl]-5-oxidanyl-6-oxidanylidene-1H-pyrimidine-4-carboxylic acid,,芳香/疏水侧链,需确认,未进入使用审计,0,0,,结构可能合理，但单体身份、偶联条件或复杂度证据不足，暂不进入研发候选库,分子量超过300 Da，需确认偶联、脱保护和总环肽体积负担；含预先形成的酰胺键，需确认主链氨基是否仍可偶联；CCD未指定标准氨基酸母体,C19 H13 N3 O4,347.324,,non-polymer,1,c1ccc(c(c1)c2ccc(cc2)CC#N)C3=NC(=C(C(=O)N3)O)C(=O)O,https://www.rcsb.org/ligand/A1IA8,https://www.ebi.ac.uk/pdbe/static/files/pdbechem_v2/A1IA8_500.svg
排除,P3,A1IAT,(2~{S})-2-[[3-[[6-[3-(aminomethyl)phenyl]quinolin-8-yl]sulfonylamino]thiophen-2-yl]carbonylamino]-5-carbamimidamido-pentanoic acid,,芳香/疏水侧链,否,未进入使用审计,0,0,,分子量超过500 Da，优先判断为复杂整分子,分子量超过300 Da，需确认偶联、脱保护和总环肽体积负担；杂原子较多，可能带来较高极性或多重保护需求；CCD未指定标准氨基酸母体,C27 H29 N7 O5 S2,595.693,,non-polymer,4,[H]/N=C(/N)\NCCC[C@@H](C(=O)O)NC(=O)c1c(ccs1)NS(=O)(=O)c2cc(cc3c2nccc3)c4cccc(c4)CN,https://www.rcsb.org/ligand/A1IAT,https://www.ebi.ac.uk/pdbe/static/files/pdbechem_v2/A1IAT_500.svg
暂缓,P3,A1IC3,"(2~{S})-4-[[(2~{R},3~{S},4~{R},5~{R})-5-(6-aminopurin-9-yl)-3,4-bis(oxidanyl)oxolan-2-yl]methyl-[(3~{S})-3-azanyl-4-oxidanyl-4-oxidanylidene-butyl]amino]-2-azanyl-butanoic acid",,其他候选,需确认,未进入使用审计,0,0,,结构可能合理，但单体身份、偶联条件或复杂度证据不足，暂不进入研发候选库,分子量超过300 Da，需确认偶联、脱保护和总环肽体积负担；杂原子较多，可能带来较高极性或多重保护需求；CCD未指定标准氨基酸母体,C18 H28 N8 O7,468.464,,non-polymer,1,c1nc(c2c(n1)n(cn2)[C@H]3[C@@H]([C@@H]([C@H](O3)CN(CC[C@@H](C(=O)O)N)CC[C@@H](C(=O)O)N)O)O)N,https://www.rcsb.org/ligand/A1IC3,https://www.ebi.ac.uk/pdbe/static/files/pdbechem_v2/A1IC3_500.svg
暂缓,P3,A1IC5,"(2~{S})-4-[[(2~{R},3~{S},4~{R},5~{R})-5-(6-aminopurin-9-yl)-3,4-bis(oxidanyl)oxolan-2-yl]methyl-[(3~{S})-3-azanylhexyl]amino]-2-azanyl-butanoic acid",,其他候选,需确认,未进入使用审计,0,0,,结构可能合理，但单体身份、偶联条件或复杂度证据不足，暂不进入研发候选库,分子量超过300 Da，需确认偶联、脱保护和总环肽体积负担；杂原子较多，可能带来较高极性或多重保护需求；CCD未指定标准氨基酸母体,C20 H34 N8 O5,466.535,,non-polymer,1,CCC[C@@H](CCN(CC[C@@H](C(=O)O)N)C[C@@H]1[C@H]([C@H]([C@@H](O1)n2cnc3c2ncnc3N)O)O)N,https://www.rcsb.org/ligand/A1IC5,https://www.ebi.ac.uk/pdbe/static/files/pdbechem_v2/A1IC5_500.svg
排除,P3,A1IC6,"(2~{S})-4-[[(2~{R},3~{S},4~{R},5~{R})-5-(6-aminopurin-9-yl)-3,4-bis(oxidanyl)oxolan-2-yl]methyl-[3-(2-phenylethylamino)propyl]amino]-2-azanyl-butanoic acid",,芳香/疏水侧链,否,未进入使用审计,0,0,,分子量超过500 Da，优先判断为复杂整分子,分子量超过300 Da，需确认偶联、脱保护和总环肽体积负担；杂原子较多，可能带来较高极性或多重保护需求；CCD未指定标准氨基酸母体,C25 H36 N8 O5,528.604,,non-polymer,1,c1ccc(cc1)CCNCCCN(CC[C@@H](C(=O)O)N)C[C@@H]2[C@H]([C@H]([C@@H](O2)n3cnc4c3ncnc4N)O)O,https://www.rcsb.org/ligand/A1IC6,https://www.ebi.ac.uk/pdbe/static/files/pdbechem_v2/A1IC6_500.svg
排除,P3,A1IC7,"(2~{S})-4-[[(2~{R},3~{S},4~{R},5~{R})-5-(6-aminopurin-9-yl)-3,4-bis(oxidanyl)oxolan-2-yl]methyl-[(3~{S})-3-azanyl-3-phenyl-propyl]amino]-2-azanyl-butanoic acid",,芳香/疏水侧链,否,未进入使用审计,0,0,,分子量超过500 Da，优先判断为复杂整分子,分子量超过300 Da，需确认偶联、脱保护和总环肽体积负担；杂原子较多，可能带来较高极性或多重保护需求；CCD未指定标准氨基酸母体,C23 H32 N8 O5,500.551,,non-polymer,1,c1ccc(cc1)[C@H](CCN(CC[C@@H](C(=O)O)N)C[C@@H]2[C@H]([C@H]([C@@H](O2)n3cnc4c3ncnc4N)O)O)N,https://www.rcsb.org/ligand/A1IC7,https://www.ebi.ac.uk/pdbe/static/files/pdbechem_v2/A1IC7_500.svg
暂缓,P3,A1IC8,"(2~{S})-4-[[(2~{R},3~{S},4~{R},5~{R})-5-(6-aminopurin-9-yl)-3,4-bis(oxidanyl)oxolan-2-yl]methyl-[(3~{R})-3-azanylbutyl]amino]-2-azanyl-butanoic acid",,其他候选,需确认,未进入使用审计,0,0,,结构可能合理，但单体身份、偶联条件或复杂度证据不足，暂不进入研发候选库,分子量超过300 Da，需确认偶联、脱保护和总环肽体积负担；杂原子较多，可能带来较高极性或多重保护需求；CCD未指定标准氨基酸母体,C18 H30 N8 O5,438.481,,non-polymer,1,C[C@H](CCN(CC[C@@H](C(=O)O)N)C[C@@H]1[C@H]([C@H]([C@@H](O1)n2cnc3c2ncnc3N)O)O)N,https://www.rcsb.org/ligand/A1IC8,https://www.ebi.ac.uk/pdbe/static/files/pdbechem_v2/A1IC8_500.svg
暂缓,P3,A1IDX,(2~{S})-2-[[(2~{S})-3-[3-[(3-chloranyl-5-fluoranyl-phenyl)methyl]imidazol-4-yl]-1-oxidanyl-1-oxidanylidene-propan-2-yl]amino]-4-methyl-pentanoic acid,,芳香/疏水侧链,需确认,未进入使用审计,0,0,,结构可能合理，但单体身份、偶联条件或复杂度证据不足，暂不进入研发候选库,分子量超过300 Da，需确认偶联、脱保护和总环肽体积负担；CCD未指定标准氨基酸母体,C19 H23 Cl F N3 O4,411.855,,non-polymer,1,CC(C)C[C@@H](C(=O)O)N[C@@H](Cc1cncn1Cc2cc(cc(c2)Cl)F)C(=O)O,https://www.rcsb.org/ligand/A1IDX,https://www.ebi.ac.uk/pdbe/static/files/pdbechem_v2/A1IDX_500.svg
暂缓,P3,A1IDY,"(2~{S})-4-[[(2~{R},3~{S},4~{R},5~{R})-5-(6-aminopurin-9-yl)-3,4-bis(oxidanyl)oxolan-2-yl]methyl-[3-(methylamino)propyl]amino]-2-azanyl-butanoic acid",,其他候选,需确认,未进入使用审计,0,0,,结构可能合理，但单体身份、偶联条件或复杂度证据不足，暂不进入研发候选库,分子量超过300 Da，需确认偶联、脱保护和总环肽体积负担；杂原子较多，可能带来较高极性或多重保护需求；CCD未指定标准氨基酸母体,C18 H30 N8 O5,438.481,,non-polymer,1,CNCCCN(CC[C@@H](C(=O)O)N)C[C@@H]1[C@H]([C@H]([C@@H](O1)n2cnc3c2ncnc3N)O)O,https://www.rcsb.org/ligand/A1IDY,https://www.ebi.ac.uk/pdbe/static/files/pdbechem_v2/A1IDY_500.svg
暂缓,P3,A1IFI,"(2~{S})-2-azanyl-3-[1,3-bis(naphthalen-2-ylmethyl)imidazol-4-yl]propanal",,芳香/疏水侧链,需确认,未进入使用审计,0,0,,结构可能合理，但单体身份、偶联条件或复杂度证据不足，暂不进入研发候选库,分子量超过300 Da，需确认偶联、脱保护和总环肽体积负担；CCD未指定标准氨基酸母体,C28 H26 N3 O2,436.525,,non-polymer,1,c1ccc2cc(ccc2c1)Cn3c[n+](cc3C[C@@H](C(=O)O)N)Cc4ccc5ccccc5c4,https://www.rcsb.org/ligand/A1IFI,https://www.ebi.ac.uk/pdbe/static/files/pdbechem_v2/A1IFI_500.svg
排除,P3,A1IFT,"Hydrogenobyrinic acid a,c-diamide","3-[(1~{R},2~{S},3~{S},5~{Z},7~{S},8~{S},9~{Z},13~{S},14~{Z},17~{R},18~{R},19~{R})-2,7-bis(2-azanyl-2-oxidanylidene-ethyl)-18-(2-hydroxy-2-oxoethyl)-3,13,17-tris(3-hydroxy-3-oxopropyl)-1,2,5,7,12,12,15,17-octamethyl-3,8,13,18,19,22-hexahydrocorrin-8-yl]propanoic acid",其他候选,否,未进入使用审计,0,0,,分子量超过500 Da，优先判断为复杂整分子,分子量超过300 Da，需确认偶联、脱保护和总环肽体积负担；杂原子较多，可能带来较高极性或多重保护需求；含预先形成的酰胺键，需确认主链氨基是否仍可偶联；CCD未指定标准氨基酸母体,C45 H62 N6 O12,879.007,,non-polymer,3,C/C/1=C/2\[C@@]([C@@H](/C(=C/C3=N/C(=C(\C4=N[C@H]([C@@H]([C@@]4(C)CCC(=O)O)CC(=O)O)[C@]5([C@@]([C@@H](C1=N5)CCC(=O)O)(C)CC(=O)N)C)/C)/[C@H](C3(C)C)CCC(=O)O)/N2)CCC(=O)O)(C)CC(=O)N,https://www.rcsb.org/ligand/A1IFT,https://www.ebi.ac.uk/pdbe/static/files/pdbechem_v2/A1IFT_500.svg
暂缓,P3,A1IFX,"[(4~{S},5~{S})-4-(aminomethyl)-5-azanyl-6-oxidanyl-6-oxidanylidene-hexyl]-$l^{3}-oxidanyl-bis(oxidanyl)boron",,其他候选,需确认,未进入使用审计,0,0,,结构可能合理，但单体身份、偶联条件或复杂度证据不足，暂不进入研发候选库,CCD未指定标准氨基酸母体,C7 H18 B N2 O5,221.039,,non-polymer,1,B(CCC[C@@H](CN)[C@@H](C(=O)O)N)(O)(O)O,https://www.rcsb.org/ligand/A1IFX,https://www.ebi.ac.uk/pdbe/static/files/pdbechem_v2/A1IFX_500.svg
排除,P3,A1IHM,"(2~{R},4~{R},5~{S},6~{S})-2-[(2~{R},3~{R})-3-[(2~{R},3~{S},4~{S},6~{S})-6-[(2~{S},3~{S},4~{R},5~{S},6~{S})-3-[(2~{R},3~{R},4~{R},5~{S},6~{R})-3-acetamido-6-(hydroxymethyl)-4,5-bis(oxidanyl)oxan-2-yl]oxy-2-(hydroxymethyl)-6-[(2~{R},3~{R},4~{R},5~{R},6~{S})-2-(hydroxymethyl)-6-[2-(octadecanoylamino)-3-oxidanyl-octadec-4-enoxy]-4,5-bis(oxidanyl)oxan-3-yl]oxy-5-oxidanyl-oxan-4-yl]oxy-3-azanyl-6-carboxy-4-oxidanyl-oxan-2-yl]-2,3-bis(oxidanyl)propoxy]-5-azanyl-4-oxidanyl-6-[(1~{R},2~{S})-1,2,3-tris(oxidanyl)propyl]oxane-2-carboxylic acid",,其他候选,否,未进入使用审计,0,0,,分子量超过500 Da，优先判断为复杂整分子,分子量超过300 Da，需确认偶联、脱保护和总环肽体积负担；杂原子较多，可能带来较高极性或多重保护需求；含预先形成的酰胺键，需确认主链氨基是否仍可偶联；CCD未指定标准氨基酸母体,C74 H134 N4 O32,1591.863,,non-polymer,4,CCCCCCCCCCCCCCCCCC(=O)NC(CO[C@@H]1[C@@H]([C@H]([C@H]([C@H](O1)CO)O[C@H]2[C@H]([C@H]([C@H]([C@@H](O2)CO)O[C@@H]3[C@@H]([C@H]([C@@H]([C@H](O3)CO)O)O)NC(=O)C)O[C@@]4(C[C@@H]([C@@H]([C@@H](O4)[C@@H]([C@@H](CO[C@@]5(C[C@H]([C@@H]([C@H](O5)[C@@H]([C@H](CO)O)O)N)O)C(=O)O)O)O)N)O)C(=O)O)O)O)O)C(C=CCCCCCCCCCCCCC)O,https://www.rcsb.org/ligand/A1IHM,https://www.ebi.ac.uk/pdbe/static/files/pdbechem_v2/A1IHM_500.svg
暂缓,P3,A1IIG,(3~{S})-3-azanyl-3-thiophen-2-yl-propanoic acid,,其他候选,需确认,未进入使用审计,0,0,,结构可能合理，但单体身份、偶联条件或复杂度证据不足，暂不进入研发候选库,CCD未指定标准氨基酸母体,C7 H9 N O2 S,171.217,,non-polymer,2,c1cc(sc1)[C@H](CC(=O)O)N,https://www.rcsb.org/ligand/A1IIG,https://www.ebi.ac.uk/pdbe/static/files/pdbechem_v2/A1IIG_500.svg
暂缓,P3,A1IJW,(2S)-1-[(2S)-2-[[(1S)-1-[(2S)-1-(4-aminophenyl)carbonylpyrrolidin-2-yl]-2-oxidanyl-2-oxidanylidene-ethyl]amino]propanoyl]pyrrolidine-2-carboxylic acid,,芳香/疏水侧链,需确认,未进入使用审计,0,0,,结构可能合理，但单体身份、偶联条件或复杂度证据不足，暂不进入研发候选库,分子量超过300 Da，需确认偶联、脱保护和总环肽体积负担；杂原子较多，可能带来较高极性或多重保护需求；含预先形成的酰胺键，需确认主链氨基是否仍可偶联；CCD未指定标准氨基酸母体,C21 H28 N4 O6,432.47,,non-polymer,1,C[C@@H](C(=O)N1CCC[C@H]1C(=O)O)N[C@@H]([C@@H]2CCCN2C(=O)c3ccc(cc3)N)C(=O)O,https://www.rcsb.org/ligand/A1IJW,https://www.ebi.ac.uk/pdbe/static/files/pdbechem_v2/A1IJW_500.svg
暂缓,P3,A1IJX,(2S)-1-[(2S)-2-[[(1S)-1-[(2S)-1-[(2S)-2-azanyl-5-oxidanyl-5-oxidanylidene-pentanoyl]pyrrolidin-2-yl]-2-oxidanyl-2-oxidanylidene-ethyl]amino]propanoyl]pyrrolidine-2-carboxylic acid,"3,4-di-O-acetyl-6-O-sulfamoyl-alpha-D-mannose; 3,4-di-O-acetyl-6-O-sulfamoyl-D-mannose; 3,4-di-O-acetyl-6-O-sulfamoyl-mannose",D-构型,需确认,未进入使用审计,0,0,,结构可能合理，但单体身份、偶联条件或复杂度证据不足，暂不进入研发候选库,分子量超过300 Da，需确认偶联、脱保护和总环肽体积负担；杂原子较多，可能带来较高极性或多重保护需求；含预先形成的酰胺键，需确认主链氨基是否仍可偶联；CCD未指定标准氨基酸母体,C19 H30 N4 O8,442.464,,non-polymer,3,C[C@@H](C(=O)N1CCC[C@H]1C(=O)O)N[C@@H]([C@@H]2CCCN2C(=O)[C@H](CCC(=O)O)N)C(=O)O,https://www.rcsb.org/ligand/A1IJX,https://www.ebi.ac.uk/pdbe/static/files/pdbechem_v2/A1IJX_500.svg
暂缓,P3,A1IJY,(2S)-1-[(2S)-2-[[(1S)-1-[(2S)-1-(4-carboxyphenyl)carbonylpyrrolidin-2-yl]-2-oxidanyl-2-oxidanylidene-ethyl]amino]propanoyl]pyrrolidine-2-carboxylic acid,,芳香/疏水侧链,需确认,未进入使用审计,0,0,,结构可能合理，但单体身份、偶联条件或复杂度证据不足，暂不进入研发候选库,分子量超过300 Da，需确认偶联、脱保护和总环肽体积负担；杂原子较多，可能带来较高极性或多重保护需求；含预先形成的酰胺键，需确认主链氨基是否仍可偶联；CCD未指定标准氨基酸母体,C22 H27 N3 O8,461.465,,non-polymer,1,C[C@@H](C(=O)N1CCC[C@H]1C(=O)O)N[C@@H]([C@@H]2CCCN2C(=O)c3ccc(cc3)C(=O)O)C(=O)O,https://www.rcsb.org/ligand/A1IJY,https://www.ebi.ac.uk/pdbe/static/files/pdbechem_v2/A1IJY_500.svg
暂缓,P3,A1IJZ,(2S)-1-[(2S)-2-[[(1S)-1-[(2S)-1-[(2S)-2-azanyl-3-phenyl-propanoyl]pyrrolidin-2-yl]-2-oxidanyl-2-oxidanylidene-ethyl]amino]propanoyl]pyrrolidine-2-carboxylic acid,,芳香/疏水侧链,需确认,未进入使用审计,0,0,,结构可能合理，但单体身份、偶联条件或复杂度证据不足，暂不进入研发候选库,分子量超过300 Da，需确认偶联、脱保护和总环肽体积负担；杂原子较多，可能带来较高极性或多重保护需求；含预先形成的酰胺键，需确认主链氨基是否仍可偶联；CCD未指定标准氨基酸母体,C23 H32 N4 O6,460.523,,non-polymer,1,C[C@@H](C(=O)N1CCC[C@H]1C(=O)O)N[C@@H]([C@@H]2CCCN2C(=O)[C@H](Cc3ccccc3)N)C(=O)O,https://www.rcsb.org/ligand/A1IJZ,https://www.ebi.ac.uk/pdbe/static/files/pdbechem_v2/A1IJZ_500.svg
暂缓,P3,A1ILS,"(2~{R})-2-azanyl-3-[[4-(2-ethylphenyl)-2,3-dihydro-1~{H}-indol-2-yl]carbonylamino]propanoic acid",,芳香/疏水侧链,需确认,未进入使用审计,0,0,,结构可能合理，但单体身份、偶联条件或复杂度证据不足，暂不进入研发候选库,分子量超过300 Da，需确认偶联、脱保护和总环肽体积负担；含预先形成的酰胺键，需确认主链氨基是否仍可偶联；CCD未指定标准氨基酸母体,C20 H23 N3 O3,353.415,,non-polymer,1,CCc1ccccc1c2cccc3c2CC(N3)C(=O)NC[C@H](C(=O)O)N,https://www.rcsb.org/ligand/A1ILS,https://www.ebi.ac.uk/pdbe/static/files/pdbechem_v2/A1ILS_500.svg
暂缓,P3,A1ILT,(2~{R})-2-azanyl-3-[(7-bromanyl-4-fluoranyl-3~{H}-1-benzothiophen-2-yl)carbonylamino]propanoic acid,,其他候选,需确认,未进入使用审计,0,0,,结构可能合理，但单体身份、偶联条件或复杂度证据不足，暂不进入研发候选库,分子量超过300 Da，需确认偶联、脱保护和总环肽体积负担；含预先形成的酰胺键，需确认主链氨基是否仍可偶联；CCD未指定标准氨基酸母体,C12 H12 Br F N2 O3 S,363.203,,non-polymer,1,c1cc(c2c(c1F)CC(=S2)C(=O)NC[C@H](C(=O)O)N)Br,https://www.rcsb.org/ligand/A1ILT,https://www.ebi.ac.uk/pdbe/static/files/pdbechem_v2/A1ILT_500.svg
暂缓,P3,A1IO1,"(3~{S})-3-azanyl-4-[(3~{R},4~{R},6~{S})-3-[1,3-dimethyl-2,6-bis(oxidanylidene)purin-7-yl]-4-methyl-4,6-bis(oxidanyl)azepan-1-yl]-4-oxidanylidene-butanoic acid",,其他候选,需确认,未进入使用审计,0,0,,结构可能合理，但单体身份、偶联条件或复杂度证据不足，暂不进入研发候选库,分子量超过300 Da，需确认偶联、脱保护和总环肽体积负担；杂原子较多，可能带来较高极性或多重保护需求；含预先形成的酰胺键，需确认主链氨基是否仍可偶联；CCD未指定标准氨基酸母体,C18 H26 N6 O7,438.435,,non-polymer,2,C[C@]1(C[C@@H](CN(C[C@H]1n2cnc3c2C(=O)N(C(=O)N3C)C)C(=O)[C@H](CC(=O)O)N)O)O,https://www.rcsb.org/ligand/A1IO1,https://www.ebi.ac.uk/pdbe/static/files/pdbechem_v2/A1IO1_500.svg
排除,P3,A1IT9,Telotristat,"LP778902; (2~{S})-2-azanyl-3-[4-[2-azanyl-6-[(1~{R})-1-[4-chloranyl-2-(3-methylpyrazol-1-yl)phenyl]-2,2,2-tris(fluoranyl)ethoxy]pyrimidin-4-yl]phenyl]propanoic acid",芳香/疏水侧链,否,未进入使用审计,0,0,,分子量超过500 Da，优先判断为复杂整分子,分子量超过300 Da，需确认偶联、脱保护和总环肽体积负担；杂原子较多，可能带来较高极性或多重保护需求；CCD未指定标准氨基酸母体,C25 H22 Cl F3 N6 O3,546.929,,non-polymer,1,Cc1ccn(n1)c2cc(ccc2[C@H](C(F)(F)F)Oc3cc(nc(n3)N)c4ccc(cc4)C[C@@H](C(=O)O)N)Cl,https://www.rcsb.org/ligand/A1IT9,https://www.ebi.ac.uk/pdbe/static/files/pdbechem_v2/A1IT9_500.svg
暂缓,P3,A1IX2,1-[3-[2-(cyclohexylamino)-2-oxidanylidene-ethoxy]phenyl]piperidine-4-carboxylic acid,,构象限制,需确认,未进入使用审计,0,0,,结构可能合理，但单体身份、偶联条件或复杂度证据不足，暂不进入研发候选库,分子量超过300 Da，需确认偶联、脱保护和总环肽体积负担；含预先形成的酰胺键，需确认主链氨基是否仍可偶联；CCD未指定标准氨基酸母体,C20 H28 N2 O4,360.447,,non-polymer,3,c1cc(cc(c1)OCC(=O)NC2CCCCC2)N3CCC(CC3)C(=O)O,https://www.rcsb.org/ligand/A1IX2,https://www.ebi.ac.uk/pdbe/static/files/pdbechem_v2/A1IX2_500.svg
排除,P3,A1IXH,"(2~{R})-2-[[3-[(~{E})-2-[3-(2,3-dihydro-1,4-benzodioxin-6-yl)-2-methyl-phenyl]ethenyl]-4-(trifluoromethyl)phenyl]methylamino]-2-methyl-3-oxidanyl-propanoic acid",,卤代/电子调节,否,未进入使用审计,0,0,,分子量超过500 Da，优先判断为复杂整分子,分子量超过300 Da，需确认偶联、脱保护和总环肽体积负担；CCD未指定标准氨基酸母体,C29 H28 F3 N O5,527.532,,non-polymer,1,Cc1c(cccc1c2ccc3c(c2)OCCO3)/C=C/c4cc(ccc4C(F)(F)F)CN[C@](C)(CO)C(=O)O,https://www.rcsb.org/ligand/A1IXH,https://www.ebi.ac.uk/pdbe/static/files/pdbechem_v2/A1IXH_500.svg
暂缓,P3,A1IZG,"(2S)-2-azanyl-6-[[(3R,4R)-1-[(2R)-3-methyl-1-oxidanyl-1-oxidanylidene-butan-2-yl]-2-oxidanylidene-4-sulfanyl-azetidin-3-yl]amino]-6-oxidanylidene-hexanoic acid",2-amino-6-{[1-(1-carboxy-2-methylpropyl)-2-oxo-4-sulfanylazetidin-3-yl]amino}-6-oxohexanoic acid,其他候选,需确认,未进入使用审计,0,0,,结构可能合理，但单体身份、偶联条件或复杂度证据不足，暂不进入研发候选库,分子量超过300 Da，需确认偶联、脱保护和总环肽体积负担；杂原子较多，可能带来较高极性或多重保护需求；CCD未指定标准氨基酸母体,C14 H23 N3 O6 S,361.414,,non-polymer,1,CC(C)[C@H](C(=O)O)N1[C@@H]([C@@H](C1=O)NC(=O)CCC[C@@H](C(=O)O)N)S,https://www.rcsb.org/ligand/A1IZG,https://www.ebi.ac.uk/pdbe/static/files/pdbechem_v2/A1IZG_500.svg
排除,P3,A1IZP,"(3~{R})-1-[[7-(iminomethyl)-2-[2-methyl-3-[2-methyl-3-[[3-[[(3~{R})-3-oxidanylpyrrolidin-1-yl]methyl]-1,7-naphthyridin-8-yl]amino]phenyl]phenyl]-1,3-benzoxazol-5-yl]methyl]pyrrolidine-3-carboxylic acid",,芳香/疏水侧链,否,未进入使用审计,0,0,,分子量超过500 Da，优先判断为复杂整分子,分子量超过300 Da，需确认偶联、脱保护和总环肽体积负担；杂原子较多，可能带来较高极性或多重保护需求；CCD未指定标准氨基酸母体,C41 H41 N7 O4,695.809,,non-polymer,2,[H]/N=C/c1cc(cc2c1oc(n2)c3cccc(c3C)c4cccc(c4C)Nc5c6c(ccn5)cc(cn6)CN7CC[C@H](C7)O)CN8CC[C@H](C8)C(=O)O,https://www.rcsb.org/ligand/A1IZP,https://www.ebi.ac.uk/pdbe/static/files/pdbechem_v2/A1IZP_500.svg
排除,P3,A1J0C,"(((S)-1-carboxy-5-((S,E)-5-phenyl-2-(4-((2-(4,7,10-tris(carboxymethyl)-1,4,7,10-tetraazacyclododecan-1-yl)acetamido)methyl)benzamido)pent-4-enamido)pentyl)carbamoyl)-L-glutamic acid",,芳香/疏水侧链,否,未进入使用审计,0,0,,分子量超过500 Da，优先判断为复杂整分子,分子量超过300 Da，需确认偶联、脱保护和总环肽体积负担；杂原子较多，可能带来较高极性或多重保护需求；含预先形成的酰胺键，需确认主链氨基是否仍可偶联；CCD未指定标准氨基酸母体,C47 H65 N9 O16,1012.07,,non-polymer,1,c1ccc(cc1)/C=C/C[C@@H](C(=O)NCCCC[C@@H](C(=O)O)NC(=O)N[C@@H](CCC(=O)O)C(=O)O)NC(=O)c2ccc(cc2)CNC(=O)CN3CCN(CCN(CCN(CC3)CC(=O)O)CC(=O)O)CC(=O)O,https://www.rcsb.org/ligand/A1J0C,https://www.ebi.ac.uk/pdbe/static/files/pdbechem_v2/A1J0C_500.svg
排除,P3,A1JAP,2-Hydroxy-archaetidylinositol,"(2~{S})-2-azanyl-3-[oxidanyl-[(2~{S})-3-[(3~{R},7~{R},11~{R})-3,7,11,15-tetramethylhexadecoxy]-2-[(3~{R},7~{R},11~{R})-3,7,11,15-tetramethyl-3-oxidanyl-hexadecoxy]propoxy]phosphoryl]oxy-propanoic acid",其他候选,否,未进入使用审计,0,0,,分子量超过500 Da，优先判断为复杂整分子,分子量超过300 Da，需确认偶联、脱保护和总环肽体积负担；杂原子较多，可能带来较高极性或多重保护需求；含磷酸/膦酸相关结构，通常不利于被动跨膜；CCD未指定标准氨基酸母体,C46 H94 N O9 P,836.214,,non-polymer,1,C[C@H](CCC[C@H](C)CCCC(C)C)CCC[C@@H](C)CCOC[C@@H](COP(=O)(O)OC[C@@H](C(=O)O)N)OCC[C@@](C)(CCC[C@H](C)CCC[C@H](C)CCCC(C)C)O,https://www.rcsb.org/ligand/A1JAP,https://www.ebi.ac.uk/pdbe/static/files/pdbechem_v2/A1JAP_500.svg
排除,P3,A1JB1,"2-[(4-methoxyphenyl)sulfonyl-[4-[(4-methoxyphenyl)sulfonyl-(1~{H}-1,2,3,4-tetrazol-5-ylmethyl)amino]naphthalen-1-yl]amino]ethanoic acid",,芳香/疏水侧链,否,未进入使用审计,0,0,,分子量超过500 Da，优先判断为复杂整分子,分子量超过300 Da，需确认偶联、脱保护和总环肽体积负担；杂原子较多，可能带来较高极性或多重保护需求；CCD未指定标准氨基酸母体,C28 H26 N6 O8 S2,638.671,,non-polymer,1,COc1ccc(cc1)S(=O)(=O)N(Cc2[nH]nnn2)c3ccc(c4c3cccc4)N(CC(=O)O)S(=O)(=O)c5ccc(cc5)OC,https://www.rcsb.org/ligand/A1JB1,https://www.ebi.ac.uk/pdbe/static/files/pdbechem_v2/A1JB1_500.svg
排除,P3,A1JJF,"(1~{R},2~{R})-1-azanyl-2-ethyl-cyclopropane-1-carboxylic acid",CYTIDINE-5'-DIPHOSPHATE-2-AMINOETHANOL,构象限制,否,未进入使用审计,0,0,,名称提示核苷酸、辅因子或整分子缀合物,CCD未指定标准氨基酸母体,C6 H11 N O2,129.157,,non-polymer,1,CC[C@@H]1C[C@@]1(C(=O)O)N,https://www.rcsb.org/ligand/A1JJF,https://www.ebi.ac.uk/pdbe/static/files/pdbechem_v2/A1JJF_500.svg
暂缓,P3,A1JL7,"3-[[4-cyclobutyl-6-(3,4-dihydro-2~{H}-quinolin-1-yl)pyrimidin-2-yl]amino]propanoic acid",,构象限制,需确认,未进入使用审计,0,0,,结构可能合理，但单体身份、偶联条件或复杂度证据不足，暂不进入研发候选库,分子量超过300 Da，需确认偶联、脱保护和总环肽体积负担；CCD未指定标准氨基酸母体,C20 H24 N4 O2,352.43,,non-polymer,2,c1ccc2c(c1)CCCN2c3cc(nc(n3)NCCC(=O)O)C4CCC4,https://www.rcsb.org/ligand/A1JL7,https://www.ebi.ac.uk/pdbe/static/files/pdbechem_v2/A1JL7_500.svg
暂缓,P3,A1JL8,"3-[[4-(4,4-dimethyl-2,3-dihydroquinolin-1-yl)-6-(trifluoromethyl)pyrimidin-2-yl]amino]propanoic acid",,卤代/电子调节,需确认,未进入使用审计,0,0,,结构可能合理，但单体身份、偶联条件或复杂度证据不足，暂不进入研发候选库,分子量超过300 Da，需确认偶联、脱保护和总环肽体积负担；CCD未指定标准氨基酸母体,C19 H21 F3 N4 O2,394.391,,non-polymer,2,CC1(CCN(c2c1cccc2)c3cc(nc(n3)NCCC(=O)O)C(F)(F)F)C,https://www.rcsb.org/ligand/A1JL8,https://www.ebi.ac.uk/pdbe/static/files/pdbechem_v2/A1JL8_500.svg
暂缓,P3,A1JML,(2~{S})-2-acetamido-5-oxidanylidene-5-[[(2~{S})-1-oxidanyl-1-oxidanylidene-3-[(2-oxidanyl-2-oxidanylidene-ethanethioyl)amino]propan-2-yl]amino]pentanoic acid,,其他候选,需确认,未进入使用审计,0,0,,结构可能合理，但单体身份、偶联条件或复杂度证据不足，暂不进入研发候选库,分子量超过300 Da，需确认偶联、脱保护和总环肽体积负担；杂原子较多，可能带来较高极性或多重保护需求；含预先形成的酰胺键，需确认主链氨基是否仍可偶联；CCD未指定标准氨基酸母体,C12 H17 N3 O8 S,363.344,,non-polymer,1,CC(=O)N[C@@H](CCC(=O)N[C@@H](CNC(=S)C(=O)O)C(=O)O)C(=O)O,https://www.rcsb.org/ligand/A1JML,https://www.ebi.ac.uk/pdbe/static/files/pdbechem_v2/A1JML_500.svg
暂缓,P3,A1JV2,"(3~{R},4~{R})-1-[3-cyano-4-methyl-6-[(4-methyloxan-4-yl)amino]pyridin-2-yl]-4-propan-2-yl-pyrrolidine-3-carboxylic acid",,芳香/疏水侧链,需确认,未进入使用审计,0,0,,结构可能合理，但单体身份、偶联条件或复杂度证据不足，暂不进入研发候选库,分子量超过300 Da，需确认偶联、脱保护和总环肽体积负担；CCD未指定标准氨基酸母体,C21 H30 N4 O3,386.488,,non-polymer,2,Cc1cc(nc(c1C#N)N2C[C@@H]([C@H](C2)C(=O)O)C(C)C)NC3(CCOCC3)C,https://www.rcsb.org/ligand/A1JV2,https://www.ebi.ac.uk/pdbe/static/files/pdbechem_v2/A1JV2_500.svg
暂缓,P3,A1JV9,"(1~{R},2~{S},4~{R},5~{S},6~{S},7~{S})-7-[[5-fluoranyl-2-(5-fluoranyl-1~{H}-pyrazolo[3,4-b]pyridin-3-yl)pyrimidin-4-yl]amino]tricyclo[3.2.2.0^{2,4}]nonane-6-carboxylic acid",CRA_7806,芳香/疏水侧链,需确认,未进入使用审计,0,0,,结构可能合理，但单体身份、偶联条件或复杂度证据不足，暂不进入研发候选库,分子量超过300 Da，需确认偶联、脱保护和总环肽体积负担；杂原子较多，可能带来较高极性或多重保护需求；CCD未指定标准氨基酸母体,C20 H18 F2 N6 O2,412.393,,non-polymer,2,c1c(cnc2c1c(n[nH]2)c3ncc(c(n3)N[C@H]4[C@@H]5CC[C@H]([C@@H]4C(=O)O)[C@H]6[C@@H]5C6)F)F,https://www.rcsb.org/ligand/A1JV9,https://www.ebi.ac.uk/pdbe/static/files/pdbechem_v2/A1JV9_500.svg
暂缓,P3,A1JVB,"(3R,4R)-1-(3-cyano-6-methyl-pyridin-2-yl)-4-propan-2-yl-pyrrolidine-3-carboxylic acid","(3R,4R)-1-(3-cyano-6-methylpyridin-2-yl)-4-(propan-2-yl)pyrrolidine-3-carboxylic acid",芳香/疏水侧链,需确认,未进入使用审计,0,0,,结构可能合理，但单体身份、偶联条件或复杂度证据不足，暂不进入研发候选库,CCD未指定标准氨基酸母体,C15 H19 N3 O2,273.33,,non-polymer,2,Cc1ccc(c(n1)N2C[C@@H]([C@H](C2)C(=O)O)C(C)C)C#N,https://www.rcsb.org/ligand/A1JVB,https://www.ebi.ac.uk/pdbe/static/files/pdbechem_v2/A1JVB_500.svg
暂缓,P3,A1JVC,"(3S,4S)-1-(3-cyano-6-methyl-pyridin-2-yl)-4-propan-2-yl-pyrrolidine-3-carboxylic acid","(3S,4S)-1-(3-cyano-6-methylpyridin-2-yl)-4-(propan-2-yl)pyrrolidine-3-carboxylic acid",芳香/疏水侧链,需确认,未进入使用审计,0,0,,结构可能合理，但单体身份、偶联条件或复杂度证据不足，暂不进入研发候选库,CCD未指定标准氨基酸母体,C15 H19 N3 O2,273.33,,non-polymer,2,Cc1ccc(c(n1)N2C[C@H]([C@@H](C2)C(=O)O)C(C)C)C#N,https://www.rcsb.org/ligand/A1JVC,https://www.ebi.ac.uk/pdbe/static/files/pdbechem_v2/A1JVC_500.svg
排除,P3,A1JYC,(2~{R})-2-[[2-[(5-cyanopyridin-3-yl)methoxy]-4-[[2-methyl-3-(3-methylselanylphenyl)phenyl]methoxy]phenyl]methylamino]-3-oxidanyl-propanoic acid,,芳香/疏水侧链,否,未进入使用审计,0,0,,分子量超过500 Da，优先判断为复杂整分子,分子量超过300 Da，需确认偶联、脱保护和总环肽体积负担；CCD未指定标准氨基酸母体,C32 H31 N3 O5 Se,616.566,,non-polymer,1,Cc1c(cccc1c2cccc(c2)[Se]C)COc3ccc(c(c3)OCc4cc(cnc4)C#N)CN[C@H](CO)C(=O)O,https://www.rcsb.org/ligand/A1JYC,https://www.ebi.ac.uk/pdbe/static/files/pdbechem_v2/A1JYC_500.svg
排除,P3,A1L2O,"(2~{R})-2-[(1~{R})-1-[[(2~{Z})-2-ethoxyimino-2-[5-(phosphonoamino)-1,2,4-thiadiazol-3-yl]ethanoyl]amino]-2-oxidanylidene-ethyl]-5-[[4-(1-methylpyridin-4-yl)-1,3-thiazol-2-yl]sulfanyl]-3,6-dihydro-2~{H}-1,3-thiazine-4-carboxylic acid",,芳香/疏水侧链,否,未进入使用审计,0,0,,分子量超过500 Da，优先判断为复杂整分子,分子量超过300 Da，需确认偶联、脱保护和总环肽体积负担；杂原子较多，可能带来较高极性或多重保护需求；含磷酸/膦酸相关结构，通常不利于被动跨膜；含预先形成的酰胺键，需确认主链氨基是否仍可偶联；CCD未指定标准氨基酸母体,C22 H24 N8 O8 P S4,687.709,,non-polymer,1,CCO/N=C(/c1nc(sn1)NP(=O)(O)O)\C(=O)N[C@H](C=O)[C@@H]2NC(=C(CS2)Sc3nc(cs3)c4cc[n+](cc4)C)C(=O)O,https://www.rcsb.org/ligand/A1L2O,https://www.ebi.ac.uk/pdbe/static/files/pdbechem_v2/A1L2O_500.svg
暂缓,P3,A1L2P,(2~{S})-1-[[4-methoxy-2-[(2-methyl-3-phenyl-phenyl)methoxy]pyrimidin-5-yl]methyl]piperidine-2-carboxylic acid,,芳香/疏水侧链,需确认,未进入使用审计,0,0,,结构可能合理，但单体身份、偶联条件或复杂度证据不足，暂不进入研发候选库,分子量超过300 Da，需确认偶联、脱保护和总环肽体积负担；CCD未指定标准氨基酸母体,C26 H29 N3 O4,447.526,,non-polymer,1,Cc1c(cccc1c2ccccc2)COc3ncc(c(n3)OC)CN4CCCC[C@H]4C(=O)O,https://www.rcsb.org/ligand/A1L2P,https://www.ebi.ac.uk/pdbe/static/files/pdbechem_v2/A1L2P_500.svg
暂缓,P3,A1L3P,5-Carboxymethylaminomethyluridine,"2-[[1-[(2~{R},3~{R},4~{S},5~{R})-3,4-bis(oxidanyl)-5-[[tris(oxidanyl)-$l^{5}-phosphanyl]oxymethyl]oxolan-2-yl]-2,4-bis(oxidanylidene)pyrimidin-5-yl]methylamino]ethanoic acid",其他候选,需确认,未进入使用审计,0,0,,结构可能合理，但单体身份、偶联条件或复杂度证据不足，暂不进入研发候选库,分子量超过300 Da，需确认偶联、脱保护和总环肽体积负担；杂原子较多，可能带来较高极性或多重保护需求；含磷酸/膦酸相关结构，通常不利于被动跨膜；含预先形成的酰胺键，需确认主链氨基是否仍可偶联；CCD未指定标准氨基酸母体,C12 H18 N3 O11 P,411.259,,non-polymer,1,C1=C(C(=O)NC(=O)N1[C@H]2[C@@H]([C@@H]([C@H](O2)COP(=O)(O)O)O)O)CNCC(=O)O,https://www.rcsb.org/ligand/A1L3P,https://www.ebi.ac.uk/pdbe/static/files/pdbechem_v2/A1L3P_500.svg
暂缓,P3,A1L46,"(1~{S},3~{S})-1-(3-hydroxy-3-oxopropyl)-2,3,4,9-tetrahydropyrido[3,4-b]indole-1,3-dicarboxylic acid",,芳香/疏水侧链,需确认,未进入使用审计,0,0,,结构可能合理，但单体身份、偶联条件或复杂度证据不足，暂不进入研发候选库,分子量超过300 Da，需确认偶联、脱保护和总环肽体积负担；杂原子较多，可能带来较高极性或多重保护需求；CCD未指定标准氨基酸母体,C16 H16 N2 O6,332.308,,non-polymer,1,c1ccc2c(c1)c3c([nH]2)[C@@](N[C@@H](C3)C(=O)O)(CCC(=O)O)C(=O)O,https://www.rcsb.org/ligand/A1L46,https://www.ebi.ac.uk/pdbe/static/files/pdbechem_v2/A1L46_500.svg
暂缓,P3,A1L6Y,"(2S)-5-[bis(azanyl)methylideneamino]-2-[2-(2,2-diphenylethoxy)ethanoylamino]pentanoic acid",SB290157,芳香/疏水侧链,需确认,未进入使用审计,0,0,,结构可能合理，但单体身份、偶联条件或复杂度证据不足，暂不进入研发候选库,分子量超过300 Da，需确认偶联、脱保护和总环肽体积负担；含预先形成的酰胺键，需确认主链氨基是否仍可偶联；CCD未指定标准氨基酸母体,C22 H28 N4 O4,412.482,,non-polymer,4,c1ccc(cc1)C(COCC(=O)N[C@@H](CCCN=C(N)N)C(=O)O)c2ccccc2,https://www.rcsb.org/ligand/A1L6Y,https://www.ebi.ac.uk/pdbe/static/files/pdbechem_v2/A1L6Y_500.svg
暂缓,P3,A1L8W,"2-azanyl-6-oxidanylidene-1~{H}-1,3,5-triazine-4-carboxylic acid",,其他候选,需确认,未进入使用审计,0,0,,结构可能合理，但单体身份、偶联条件或复杂度证据不足，暂不进入研发候选库,含预先形成的酰胺键，需确认主链氨基是否仍可偶联；CCD未指定标准氨基酸母体,C4 H4 N4 O3,156.1,,non-polymer,1,C1(=NC(=O)NC(=N1)N)C(=O)O,https://www.rcsb.org/ligand/A1L8W,https://www.ebi.ac.uk/pdbe/static/files/pdbechem_v2/A1L8W_500.svg
排除,P3,A1LV3,"(2~{R})-2-[[2-(2,1,3-benzoxadiazol-5-ylmethoxy)-5-chloranyl-4-[[2-fluoranyl-3-[3-[3-(4-oxidanylpiperidin-1-yl)propoxy]phenyl]phenyl]methoxy]phenyl]methylamino]-3-oxidanyl-propanoic acid",,芳香/疏水侧链,否,未进入使用审计,0,0,,分子量超过500 Da，优先判断为复杂整分子,分子量超过300 Da，需确认偶联、脱保护和总环肽体积负担；杂原子较多，可能带来较高极性或多重保护需求；CCD未指定标准氨基酸母体,C38 H40 Cl F N4 O8,735.198,,non-polymer,1,c1cc(cc(c1)OCCCN2CCC(CC2)O)c3cccc(c3F)COc4cc(c(cc4Cl)CN[C@H](CO)C(=O)O)OCc5ccc6c(c5)non6,https://www.rcsb.org/ligand/A1LV3,https://www.ebi.ac.uk/pdbe/static/files/pdbechem_v2/A1LV3_500.svg
暂缓,P3,A1LXX,4-[dodecyl(dimethyl)-$l^{4}-azanyl]butanoic acid,,其他候选,需确认,未进入使用审计,0,0,,结构可能合理，但单体身份、偶联条件或复杂度证据不足，暂不进入研发候选库,分子量超过300 Da，需确认偶联、脱保护和总环肽体积负担；CCD未指定标准氨基酸母体,C18 H38 N O2,300.5,,non-polymer,3,CCCCCCCCCCCC[N+](C)(C)CCCC(=O)O,https://www.rcsb.org/ligand/A1LXX,https://www.ebi.ac.uk/pdbe/static/files/pdbechem_v2/A1LXX_500.svg
暂缓,P3,A1MCI,"TEBIPENEM, BOUND FORM","(2~{S},3~{R},4~{R})-3-methyl-2-[(2~{S},3~{R})-3-oxidanyl-1-oxidanylidene-butan-2-yl]-4-[1-(1,3-thiazolidin-2-yl)azetidin-3-yl]sulfanyl-3,4-dihydro-2~{H}-pyrrole-5-carboxylic acid",其他候选,需确认,未进入使用审计,0,0,,结构可能合理，但单体身份、偶联条件或复杂度证据不足，暂不进入研发候选库,分子量超过300 Da，需确认偶联、脱保护和总环肽体积负担；CCD未指定标准氨基酸母体,C16 H23 N3 O4 S2,385.502,,non-polymer,4,C[C@H]1[C@H](C(=N[C@H]1[C@H](C=O)[C@@H](C)O)C(=O)O)SC2CN(C2)C3=NCCS3,https://www.rcsb.org/ligand/A1MCI,https://www.ebi.ac.uk/pdbe/static/files/pdbechem_v2/A1MCI_500.svg
排除,P3,A4Y,"(2S,3S)-2,3-dihydroxy-3-[(7S,8R,9aS)-8-(2-{[(R)-hydroxy(phosphonooxy)phosphoryl]oxy}ethyl)-2,7-dimethyl-5,7,8,10-tetrahydro-9aH-pyrimido[4,5-d][1,3]thiazolo[3,2-a]pyrimidin-9a-yl]-2-methylbutanoic acid",,其他候选,否,未进入使用审计,0,0,,分子量超过500 Da，优先判断为复杂整分子,分子量超过300 Da，需确认偶联、脱保护和总环肽体积负担；杂原子较多，可能带来较高极性或多重保护需求；含磷酸/膦酸相关结构，通常不利于被动跨膜；CCD未指定标准氨基酸母体,C17 H28 N4 O11 P2 S,558.437,,NON-POLYMER,3,Cc1ncc2c(n1)N[C@]3(N(C2)[C@H]([C@H](S3)CCOP(=O)(O)OP(=O)(O)O)C)[C@](C)([C@@](C)(C(=O)O)O)O,https://www.rcsb.org/ligand/A4Y,https://www.ebi.ac.uk/pdbe/static/files/pdbechem_v2/A4Y_500.svg
暂缓,P3,AA5,N-[(3-HYDROXY-2-METHYL-5-{[(TRIHYDROXYPHOSPHORANYL)OXY]METHYL}PYRIDIN-4-YL)METHYLENE]METHIONINE,,芳香/疏水侧链,需确认,未进入使用审计,0,0,,结构可能合理，但单体身份、偶联条件或复杂度证据不足，暂不进入研发候选库,分子量超过300 Da，需确认偶联、脱保护和总环肽体积负担；杂原子较多，可能带来较高极性或多重保护需求；含磷酸/膦酸相关结构，通常不利于被动跨膜；CCD未指定标准氨基酸母体,C13 H19 N2 O7 P S,378.338,,NON-POLYMER,1,Cc1c(c(c(cn1)COP(=O)(O)O)C=N[C@@H](CCSC)C(=O)O)O,https://www.rcsb.org/ligand/AA5,https://www.ebi.ac.uk/pdbe/static/files/pdbechem_v2/AA5_500.svg
暂缓,P3,ACC,N-[N-[2-AMINO-6-OXO-HEXANOIC ACID-6-YL]CYSTEINYL]-S-METHYLCYSTEINE,,其他候选,需确认,未进入使用审计,0,0,,结构可能合理，但单体身份、偶联条件或复杂度证据不足，暂不进入研发候选库,分子量超过300 Da，需确认偶联、脱保护和总环肽体积负担；杂原子较多，可能带来较高极性或多重保护需求；CCD未指定标准氨基酸母体,C13 H24 N3 O6 S2,382.476,,NON-POLYMER,1,CSC[C@H](C(=O)O)NC(=O)[C@H](CS)NC(=O)CCC[C@@H](C(=O)O)[NH3+],https://www.rcsb.org/ligand/ACC,https://www.ebi.ac.uk/pdbe/static/files/pdbechem_v2/ACC_500.svg
暂缓,P3,ACS,1-[(1S)-CARBOXY-2-(METHYLSULFINYL)ETHYL]-(3R)-[(5S)-5-AMINO-5-CARBOXYPENTANAMIDO]-(4R)-SULFANYLAZETIDIN-2-ONE,,其他候选,需确认,未进入使用审计,0,0,,结构可能合理，但单体身份、偶联条件或复杂度证据不足，暂不进入研发候选库,分子量超过300 Da，需确认偶联、脱保护和总环肽体积负担；杂原子较多，可能带来较高极性或多重保护需求；CCD未指定标准氨基酸母体,C13 H21 N3 O7 S2,395.452,,NON-POLYMER,1,C[S@](=O)C[C@H](C(=O)O)N1[C@@H]([C@@H](C1=O)NC(=O)CCC[C@@H](C(=O)O)N)S,https://www.rcsb.org/ligand/ACS,https://www.ebi.ac.uk/pdbe/static/files/pdbechem_v2/ACS_500.svg
排除,P3,ACV,L-D-(A-AMINOADIPOYL)-L-CYSTEINYL-D-VALINE,,D-构型,否,未进入使用审计,0,0,,名称明确为二肽/寡肽片段，不是单个氨基酸残基,分子量超过300 Da，需确认偶联、脱保护和总环肽体积负担；杂原子较多，可能带来较高极性或多重保护需求；CCD未指定标准氨基酸母体,C14 H25 N3 O6 S,363.43,,NON-POLYMER,1,CC(C)[C@H](C(=O)O)NC(=O)[C@H](CS)NC(=O)CCC[C@@H](C(=O)O)N,https://www.rcsb.org/ligand/ACV,https://www.ebi.ac.uk/pdbe/static/files/pdbechem_v2/ACV_500.svg
暂缓,P3,ACW,D-(L-A-AMINOADIPOYL)-L-CYSTEINYL-B-METHYL-D-CYCLOPROPYLGLYCINE,,D-构型,需确认,未进入使用审计,0,0,,结构可能合理，但单体身份、偶联条件或复杂度证据不足，暂不进入研发候选库,分子量超过300 Da，需确认偶联、脱保护和总环肽体积负担；杂原子较多，可能带来较高极性或多重保护需求；CCD未指定标准氨基酸母体,C15 H25 N3 O6 S,375.441,,NON-POLYMER,1,CC1(CC1)[C@H](C(=O)O)NC(=O)[C@H](CS)NC(=O)CCC[C@@H](C(=O)O)N,https://www.rcsb.org/ligand/ACW,https://www.ebi.ac.uk/pdbe/static/files/pdbechem_v2/ACW_500.svg
暂缓,P3,AGG,TIROFIBAN,N-(BUTYLSULFONYL)-O-[4-(4-PIPERIDINYL)BUTYL]-L-TYROSINE,其他候选,需确认,未进入使用审计,0,0,,结构可能合理，但单体身份、偶联条件或复杂度证据不足，暂不进入研发候选库,分子量超过300 Da，需确认偶联、脱保护和总环肽体积负担；CCD未指定标准氨基酸母体,C22 H36 N2 O5 S,440.597,,NON-POLYMER,1,CCCCS(=O)(=O)N[C@@H](Cc1ccc(cc1)OCCCCC2CCNCC2)C(=O)O,https://www.rcsb.org/ligand/AGG,https://www.ebi.ac.uk/pdbe/static/files/pdbechem_v2/AGG_500.svg
暂缓,P3,AHQ,"(2S,7R,9R)-4,5-dihydroxy-2,3,6,7,8,9-hexahydro-1H-pyrrolo[2,3-f]quinoline-2,7,9-tricarboxylic acid",,其他候选,需确认,未进入使用审计,0,0,,结构可能合理，但单体身份、偶联条件或复杂度证据不足，暂不进入研发候选库,分子量超过300 Da，需确认偶联、脱保护和总环肽体积负担；杂原子较多，可能带来较高极性或多重保护需求；CCD未指定标准氨基酸母体,C14 H14 N2 O8,338.27,,NON-POLYMER,3,C1c2c(c3c(c(c2O)O)N[C@H](C[C@H]3C(=O)O)C(=O)O)N[C@@H]1C(=O)O,https://www.rcsb.org/ligand/AHQ,https://www.ebi.ac.uk/pdbe/static/files/pdbechem_v2/AHQ_500.svg
排除,P3,AI5,"(2~{S})-4-[2-[(2~{R},3~{S},4~{R},5~{R})-5-(6-aminopurin-9-yl)-3,4-bis(oxidanyl)oxolan-2-yl]ethyl-[2-[(2~{R},3~{R},4~{R},5~{R})-2-(4-azanyl-2-oxidanylidene-pyrimidin-1-yl)-5-[bis(oxidanyl)phosphanyloxymethyl]-4-oxidanyl-oxolan-3-yl]oxyethyl]amino]-2-azanyl-butanoic acid",,其他候选,否,未进入使用审计,0,0,,分子量超过500 Da，优先判断为复杂整分子,分子量超过300 Da，需确认偶联、脱保护和总环肽体积负担；杂原子较多，可能带来较高极性或多重保护需求；含磷酸/膦酸相关结构，通常不利于被动跨膜,C26 H39 N10 O12 P,714.621,C,non-polymer,1,c1nc(c2c(n1)n(cn2)[C@H]3[C@@H]([C@@H]([C@H](O3)CCN(CC[C@@H](C(=O)O)N)CCO[C@@H]4[C@@H]([C@H](O[C@H]4N5C=CC(=NC5=O)N)COP(O)O)O)O)O)N,https://www.rcsb.org/ligand/AI5,https://www.ebi.ac.uk/pdbe/static/files/pdbechem_v2/AI5_500.svg
排除,P3,AI8,"Ceftaroline, bound form",,其他候选,否,未进入使用审计,0,0,,分子量超过500 Da，优先判断为复杂整分子,分子量超过300 Da，需确认偶联、脱保护和总环肽体积负担；杂原子较多，可能带来较高极性或多重保护需求；含预先形成的酰胺键，需确认主链氨基是否仍可偶联；CCD未指定标准氨基酸母体,C22 H23 N8 O5 S4,607.729,,NON-POLYMER,1,CCON=C(c1nc(sn1)N)C(=O)N[C@H](C=O)[C@@H]2NC(=C(CS2)Sc3nc(cs3)c4cc[n+](cc4)C)C(=O)O,https://www.rcsb.org/ligand/AI8,https://www.ebi.ac.uk/pdbe/static/files/pdbechem_v2/AI8_500.svg
排除,P3,AIX,"(2R,4S)-2-[(1R)-1-{[(2R)-2-amino-2-phenylacetyl]amino}-2-oxoethyl]-5,5-dimethyl-1,3-thiazolidine-4-carboxylic acid",AMPICILLIN (open form),芳香/疏水侧链,否,未进入使用审计,0,0,,名称明确提示药物、抗生素或反应中间体,分子量超过300 Da，需确认偶联、脱保护和总环肽体积负担；CCD未指定标准氨基酸母体,C16 H21 N3 O4 S,351.421,,NON-POLYMER,1,CC1([C@@H](N[C@H](S1)[C@@H](C=O)NC(=O)[C@@H](c2ccccc2)N)C(=O)O)C,https://www.rcsb.org/ligand/AIX,https://www.ebi.ac.uk/pdbe/static/files/pdbechem_v2/AIX_500.svg
暂缓,P3,ALG,4-carbamimidamidobutanoic acid,,其他候选,需确认,未进入使用审计,0,0,,结构可能合理，但单体身份、偶联条件或复杂度证据不足，暂不进入研发候选库,CCD未指定标准氨基酸母体,C5 H11 N3 O2,145.16,,peptide-like,3,[H]/N=C(\N)/NCCCC(=O)O,https://www.rcsb.org/ligand/ALG,https://www.ebi.ac.uk/pdbe/static/files/pdbechem_v2/ALG_500.svg
暂缓,P3,ALP,"2-(1-CARBOXY-2-HYDROXY-ETHYL)-5,5-DIMETHYL-THIAZOLIDINE-4-CARBOXYLIC ACID",,其他候选,需确认,未进入使用审计,0,0,,结构可能合理，但单体身份、偶联条件或复杂度证据不足，暂不进入研发候选库,CCD未指定标准氨基酸母体,C9 H15 N O5 S,249.284,,NON-POLYMER,2,CC1([C@@H](N[C@H](S1)[C@@H](CO)C(=O)O)C(=O)O)C,https://www.rcsb.org/ligand/ALP,https://www.ebi.ac.uk/pdbe/static/files/pdbechem_v2/ALP_500.svg
排除,P3,AMD,ASPARTYL-2'-DEOXY-ADENOSINE-5'-MONOPHOSPHATE,,其他候选,否,未进入使用审计,0,0,,名称提示核苷酸、辅因子或整分子缀合物,分子量超过300 Da，需确认偶联、脱保护和总环肽体积负担；杂原子较多，可能带来较高极性或多重保护需求；含磷酸/膦酸相关结构，通常不利于被动跨膜,C14 H19 N6 O9 P,446.309,A,NON-POLYMER,2,c1nc(c2c(n1)n(cn2)[C@H]3C[C@@H]([C@H](O3)CO[P@](=O)(O)OC(=O)[C@H](CC(=O)O)N)O)N,https://www.rcsb.org/ligand/AMD,https://www.ebi.ac.uk/pdbe/static/files/pdbechem_v2/AMD_500.svg
排除,P3,AMO,ASPARTYL-ADENOSINE-5'-MONOPHOSPHATE,,其他候选,否,未进入使用审计,0,0,,名称提示核苷酸、辅因子或整分子缀合物,分子量超过300 Da，需确认偶联、脱保护和总环肽体积负担；杂原子较多，可能带来较高极性或多重保护需求；含磷酸/膦酸相关结构，通常不利于被动跨膜,C14 H19 N6 O10 P,462.309,A,NON-POLYMER,2,c1nc(c2c(n1)n(cn2)[C@H]3[C@@H]([C@@H]([C@H](O3)CO[P@](=O)(O)OC(=O)[C@H](CC(=O)O)N)O)O)N,https://www.rcsb.org/ligand/AMO,https://www.ebi.ac.uk/pdbe/static/files/pdbechem_v2/AMO_500.svg
暂缓,P3,AOZ,Histopine,,其他候选,需确认,未进入使用审计,0,0,,结构可能合理，但单体身份、偶联条件或复杂度证据不足，暂不进入研发候选库,CCD未指定标准氨基酸母体,C9 H13 N3 O4,227.217,,NON-POLYMER,1,CC(C(=O)O)NC(Cc1c[nH]cn1)C(=O)O,https://www.rcsb.org/ligand/AOZ,https://www.ebi.ac.uk/pdbe/static/files/pdbechem_v2/AOZ_500.svg
暂缓,P3,AP3,"2-(1-CARBOXY-2-HYDROXY-2-METHYL-PROPYL)-5,5-DIMETHYL-THIAZOLIDINE-4-CARBOXYLIC ACID",,其他候选,需确认,未进入使用审计,0,0,,结构可能合理，但单体身份、偶联条件或复杂度证据不足，暂不进入研发候选库,CCD未指定标准氨基酸母体,C11 H19 N O5 S,277.337,,NON-POLYMER,2,CC1([C@@H](N[C@H](S1)[C@H](C(=O)O)C(C)(C)O)C(=O)O)C,https://www.rcsb.org/ligand/AP3,https://www.ebi.ac.uk/pdbe/static/files/pdbechem_v2/AP3_500.svg
暂缓,P3,APV,6-(5-AMINO-5-CARBOXY-PENTANOYLAMINO)-3-HYDROXYMETHYL-7-OXO-4-THIA-1-AZA-BICYCLO[3.2.0]HEPTANE-2-CARBOXYLIC ACID,ALPHA-HYDROXYMETHYL-BETA-DEMETHYL-ISOPENICILLIN N,延长骨架,需确认,未进入使用审计,0,0,,结构可能合理，但单体身份、偶联条件或复杂度证据不足，暂不进入研发候选库,分子量超过300 Da，需确认偶联、脱保护和总环肽体积负担；杂原子较多，可能带来较高极性或多重保护需求；含预先形成的酰胺键，需确认主链氨基是否仍可偶联；CCD未指定标准氨基酸母体,C13 H19 N3 O7 S,361.371,,NON-POLYMER,1,C(C[C@@H](C(=O)O)N)CC(=O)N[C@H]1[C@@H]2N(C1=O)[C@H]([C@H](S2)CO)C(=O)O,https://www.rcsb.org/ligand/APV,https://www.ebi.ac.uk/pdbe/static/files/pdbechem_v2/APV_500.svg
暂缓,P3,AQ3,N-({3-hydroxy-2-methyl-5-[(phosphonooxy)methyl]pyridin-4-yl}methyl)-3-[(2-hydroxyphenyl)amino]-D-alanine,,D-构型,需确认,未进入使用审计,0,0,,结构可能合理，但单体身份、偶联条件或复杂度证据不足，暂不进入研发候选库,分子量超过300 Da，需确认偶联、脱保护和总环肽体积负担；杂原子较多，可能带来较高极性或多重保护需求；含磷酸/膦酸相关结构，通常不利于被动跨膜；CCD未指定标准氨基酸母体,C17 H22 N3 O8 P,427.346,,NON-POLYMER,1,Cc1c(c(c(cn1)COP(=O)(O)O)CN[C@H](CNc2ccccc2O)C(=O)O)O,https://www.rcsb.org/ligand/AQ3,https://www.ebi.ac.uk/pdbe/static/files/pdbechem_v2/AQ3_500.svg
暂缓,P3,AS1,ARGININOSUCCINATE,,其他候选,需确认,未进入使用审计,0,0,,结构可能合理，但单体身份、偶联条件或复杂度证据不足，暂不进入研发候选库,杂原子较多，可能带来较高极性或多重保护需求；CCD未指定标准氨基酸母体,C10 H18 N4 O6,290.273,,NON-POLYMER,1,C(C[C@@H](C(=O)O)N)C/N=C(\N)/N[C@@H](CC(=O)O)C(=O)O,https://www.rcsb.org/ligand/AS1,https://www.ebi.ac.uk/pdbe/static/files/pdbechem_v2/AS1_500.svg
排除,P3,ATA,ATRAZINE GLUTATHIONE CONJUGATE,,其他候选,否,未进入使用审计,0,0,,名称提示核苷酸、辅因子或整分子缀合物,分子量超过300 Da，需确认偶联、脱保护和总环肽体积负担；杂原子较多，可能带来较高极性或多重保护需求；含预先形成的酰胺键，需确认主链氨基是否仍可偶联；CCD未指定标准氨基酸母体,C18 H30 N8 O6 S,486.546,,NON-POLYMER,1,CCNc1nc(nc(n1)SC[C@@H](C(=O)NCC(=O)O)NC(=O)CC[C@@H](C(=O)O)N)NC(C)C,https://www.rcsb.org/ligand/ATA,https://www.ebi.ac.uk/pdbe/static/files/pdbechem_v2/ATA_500.svg
排除,P3,AU9,"(2~{S})-2-[[3-[[5-[(2-methyl-3-phenyl-phenoxy)methyl]-1,3,4-oxadiazol-2-yl]sulfanylmethyl]phenyl]methylamino]-3-oxidanyl-propanoic acid",,芳香/疏水侧链,否,未进入使用审计,0,0,,分子量超过500 Da，优先判断为复杂整分子,分子量超过300 Da，需确认偶联、脱保护和总环肽体积负担；CCD未指定标准氨基酸母体,C27 H27 N3 O5 S,505.585,,non-polymer,1,Cc1c(cccc1OCc2nnc(o2)SCc3cccc(c3)CN[C@@H](CO)C(=O)O)c4ccccc4,https://www.rcsb.org/ligand/AU9,https://www.ebi.ac.uk/pdbe/static/files/pdbechem_v2/AU9_500.svg
暂缓,P3,AUX,"4-METHYL-4-[8-QUINOLINIUM-4-ENE]-4,N-METHYL-THREONINE",,N-取代,需确认,未进入使用审计,0,0,,结构可能合理，但单体身份、偶联条件或复杂度证据不足，暂不进入研发候选库,分子量超过300 Da，需确认偶联、脱保护和总环肽体积负担；CCD未指定标准氨基酸母体,C21 H29 N2 O3,357.467,,NON-POLYMER,1,C[C@H](C/C=C/CCC[n+]1cccc2c1cccc2)[C@H]([C@@H](C(=O)O)NC)O,https://www.rcsb.org/ligand/AUX,https://www.ebi.ac.uk/pdbe/static/files/pdbechem_v2/AUX_500.svg
暂缓,P3,AVF,"1-{2-[3-(2-Chloro-4,5-difluoro-benzoyl)-ureido]-4-fluoro-phenyl}-piperidine-4-carboxylic acid","1-[2-({[(2-chloro-4,5-difluorophenyl)carbonyl]carbamoyl}amino)-4-fluorophenyl]piperidine-4-carboxylic acid",卤代/电子调节,需确认,未进入使用审计,0,0,,结构可能合理，但单体身份、偶联条件或复杂度证据不足，暂不进入研发候选库,分子量超过300 Da，需确认偶联、脱保护和总环肽体积负担；含预先形成的酰胺键，需确认主链氨基是否仍可偶联；CCD未指定标准氨基酸母体,C20 H17 Cl F3 N3 O4,455.815,,NON-POLYMER,3,c1cc(c(cc1F)NC(=O)NC(=O)c2cc(c(cc2Cl)F)F)N3CCC(CC3)C(=O)O,https://www.rcsb.org/ligand/AVF,https://www.ebi.ac.uk/pdbe/static/files/pdbechem_v2/AVF_500.svg
暂缓,P3,AW8,"2-[(1~{R})-5-(4-chlorophenyl)-9-fluoranyl-3-methyl-1-oxidanyl-1~{H}-pyrimido[4,5-c]quinolin-2-yl]ethanoic acid",,卤代/电子调节,需确认,未进入使用审计,0,0,,结构可能合理，但单体身份、偶联条件或复杂度证据不足，暂不进入研发候选库,分子量超过300 Da，需确认偶联、脱保护和总环肽体积负担；CCD未指定标准氨基酸母体,C20 H15 Cl F N3 O3,399.803,,NON-POLYMER,1,CC1=Nc2c(c3cc(ccc3nc2c4ccc(cc4)Cl)F)[C@H](N1CC(=O)O)O,https://www.rcsb.org/ligand/AW8,https://www.ebi.ac.uk/pdbe/static/files/pdbechem_v2/AW8_500.svg
暂缓,P3,AXL,"2-{1-[2-AMINO-2-(4-HYDROXY-PHENYL)-ACETYLAMINO]-2-OXO-ETHYL}-5,5-DIMETHYL-THIAZOLIDINE-4-CARBOXYLIC ACID","AMOXICILLIN, bound form",芳香/疏水侧链,需确认,未进入使用审计,0,0,,结构可能合理，但单体身份、偶联条件或复杂度证据不足，暂不进入研发候选库,分子量超过300 Da，需确认偶联、脱保护和总环肽体积负担；CCD未指定标准氨基酸母体,C16 H21 N3 O5 S,367.42,,NON-POLYMER,1,CC1([C@@H](N[C@H](S1)[C@@H](C=O)NC(=O)[C@@H](c2ccc(cc2)O)N)C(=O)O)C,https://www.rcsb.org/ligand/AXL,https://www.ebi.ac.uk/pdbe/static/files/pdbechem_v2/AXL_500.svg
排除,P3,AZV,"N-(4-{[({(2R)-3-[(3R)-3-amino-4-(2,4,5-trifluorophenyl)butanoyl]-1,3-thiazolidin-2-yl}carbonyl)amino]methyl}phenyl)-D-valine",,D-构型,否,未进入使用审计,0,0,,分子量超过500 Da，优先判断为复杂整分子,分子量超过300 Da，需确认偶联、脱保护和总环肽体积负担；CCD未指定标准氨基酸母体,C26 H31 F3 N4 O4 S,552.609,,NON-POLYMER,1,CC(C)[C@H](C(=O)O)Nc1ccc(cc1)CNC(=O)C2N(CCS2)C(=O)C[C@@H](Cc3cc(c(cc3F)F)F)N,https://www.rcsb.org/ligand/AZV,https://www.ebi.ac.uk/pdbe/static/files/pdbechem_v2/AZV_500.svg
暂缓,P3,B2O,"4-[6-(2-naphthalen-1-ylethoxy)-2,3,4,5-tetrahydro-1H-3-benzazepin-3-ium-3-yl]butanoic acid",,芳香/疏水侧链,需确认,未进入使用审计,0,0,,结构可能合理，但单体身份、偶联条件或复杂度证据不足，暂不进入研发候选库,分子量超过300 Da，需确认偶联、脱保护和总环肽体积负担；CCD未指定标准氨基酸母体,C26 H30 N O3,404.521,,non-polymer,3,c1ccc2c(c1)cccc2CCOc3cccc4c3CC[NH+](CC4)CCCC(=O)O,https://www.rcsb.org/ligand/B2O,https://www.ebi.ac.uk/pdbe/static/files/pdbechem_v2/B2O_500.svg
暂缓,P3,BCG,3-(BENZOYLOXY)-8-METHYL-8-AZABICYCLO[3.2.1]OCTANE-2-CARBOXYLIC ACID,BENZOYLECGONINE,其他候选,需确认,未进入使用审计,0,0,,结构可能合理，但单体身份、偶联条件或复杂度证据不足，暂不进入研发候选库,CCD未指定标准氨基酸母体,C16 H19 N O4,289.326,,NON-POLYMER,2,C[N@]1[C@H]2CC[C@@H]1[C@H]([C@H](C2)OC(=O)c3ccccc3)C(=O)O,https://www.rcsb.org/ligand/BCG,https://www.ebi.ac.uk/pdbe/static/files/pdbechem_v2/BCG_500.svg
暂缓,P3,BCN,BICINE,,其他候选,需确认,未进入使用审计,0,0,,结构可能合理，但单体身份、偶联条件或复杂度证据不足，暂不进入研发候选库,CCD未指定标准氨基酸母体,C6 H13 N O4,163.172,,NON-POLYMER,1,C(CO)N(CCO)CC(=O)O,https://www.rcsb.org/ligand/BCN,https://www.ebi.ac.uk/pdbe/static/files/pdbechem_v2/BCN_500.svg
暂缓,P3,BCV,D-(L-A-AMINOADIPOYL)-L-CYSTEINYL-D-CYCLOPROPYLGLYCINE,,D-构型,需确认,未进入使用审计,0,0,,结构可能合理，但单体身份、偶联条件或复杂度证据不足，暂不进入研发候选库,分子量超过300 Da，需确认偶联、脱保护和总环肽体积负担；杂原子较多，可能带来较高极性或多重保护需求；CCD未指定标准氨基酸母体,C14 H23 N3 O6 S,361.414,,NON-POLYMER,1,C1CC1[C@H](C(=O)O)NC(=O)[C@H](CS)NC(=O)CCC[C@@H](C(=O)O)N,https://www.rcsb.org/ligand/BCV,https://www.ebi.ac.uk/pdbe/static/files/pdbechem_v2/BCV_500.svg
暂缓,P3,BEQ,"N-(CARBOXYMETHYL)-N,N-DIMETHYL-3-[(1-OXODODECYL)AMINO]-1-PROPANAMINIUM INNER SALT","N-[3-(DODECANOYLAMINO)PROPYL]-N,N-DIMETHYLGLYCINATE; COCOAMIDOPROPYLBETAINE",延长骨架,需确认,未进入使用审计,0,0,,结构可能合理，但单体身份、偶联条件或复杂度证据不足，暂不进入研发候选库,分子量超过300 Da，需确认偶联、脱保护和总环肽体积负担；含预先形成的酰胺键，需确认主链氨基是否仍可偶联；CCD未指定标准氨基酸母体,C19 H38 N2 O3,342.517,,NON-POLYMER,1,CCCCCCCCCCCC(=O)NCCC[N+](C)(C)CC(=O)[O-],https://www.rcsb.org/ligand/BEQ,https://www.ebi.ac.uk/pdbe/static/files/pdbechem_v2/BEQ_500.svg
暂缓,P3,BG3,3-METHYL-5-SULFO-PYRROLIDINE-2-CARBOXYLIC ACID,,其他候选,需确认,未进入使用审计,0,0,,结构可能合理，但单体身份、偶联条件或复杂度证据不足，暂不进入研发候选库,CCD未指定标准氨基酸母体,C6 H11 N O5 S,209.22,,NON-POLYMER,1,C[C@@H]1C[C@@H](N[C@H]1C(=O)O)S(=O)(=O)O,https://www.rcsb.org/ligand/BG3,https://www.ebi.ac.uk/pdbe/static/files/pdbechem_v2/BG3_500.svg
暂缓,P3,BGW,"1-[[4-(1,3-benzothiazol-2-yloxy)phenyl]methyl]piperidine-4-carboxylic acid",,芳香/疏水侧链,需确认,未进入使用审计,0,0,,结构可能合理，但单体身份、偶联条件或复杂度证据不足，暂不进入研发候选库,分子量超过300 Da，需确认偶联、脱保护和总环肽体积负担；CCD未指定标准氨基酸母体,C20 H20 N2 O3 S,368.449,,NON-POLYMER,3,c1ccc2c(c1)nc(s2)Oc3ccc(cc3)CN4CCC(CC4)C(=O)O,https://www.rcsb.org/ligand/BGW,https://www.ebi.ac.uk/pdbe/static/files/pdbechem_v2/BGW_500.svg
暂缓,P3,BGX,4-METHYL-PYRROLINE-5-CARBOXYLIC ACID,,其他候选,需确认,未进入使用审计,0,0,,结构可能合理，但单体身份、偶联条件或复杂度证据不足，暂不进入研发候选库,CCD未指定标准氨基酸母体,C6 H9 N O2,127.141,,NON-POLYMER,1,C[C@@H]1C=CN[C@H]1C(=O)O,https://www.rcsb.org/ligand/BGX,https://www.ebi.ac.uk/pdbe/static/files/pdbechem_v2/BGX_500.svg
暂缓,P3,BHN,2-[2-[carboxymethyl-[(2-hydroxyphenyl)methyl]amino]ethyl-[(2-hydroxyphenyl)methyl]amino]ethanoic acid,"N,N'-bis(2-hydroxybenzyl)ethylenediamine-N,N'-diacetic acid",芳香/疏水侧链,需确认,未进入使用审计,0,0,,结构可能合理，但单体身份、偶联条件或复杂度证据不足，暂不进入研发候选库,分子量超过300 Da，需确认偶联、脱保护和总环肽体积负担；杂原子较多，可能带来较高极性或多重保护需求；CCD未指定标准氨基酸母体,C20 H24 N2 O6,388.414,,NON-POLYMER,1,c1ccc(c(c1)C[N@@](CC[N@](Cc2ccccc2O)CC(=O)O)CC(=O)O)O,https://www.rcsb.org/ligand/BHN,https://www.ebi.ac.uk/pdbe/static/files/pdbechem_v2/BHN_500.svg
暂缓,P3,BHR,"2-[2-[carboxymethyl-[(2-hydroxyphenyl)methyl]amino]ethyl-[(2,3-dihydroxyphenyl)methyl]amino]ethanoic acid",,芳香/疏水侧链,需确认,未进入使用审计,0,0,,结构可能合理，但单体身份、偶联条件或复杂度证据不足，暂不进入研发候选库,分子量超过300 Da，需确认偶联、脱保护和总环肽体积负担；杂原子较多，可能带来较高极性或多重保护需求；CCD未指定标准氨基酸母体,C20 H24 N2 O7,404.414,,NON-POLYMER,1,c1ccc(c(c1)C[N@@](CC[N@](Cc2cccc(c2O)O)CC(=O)O)CC(=O)O)O,https://www.rcsb.org/ligand/BHR,https://www.ebi.ac.uk/pdbe/static/files/pdbechem_v2/BHR_500.svg
暂缓,P3,BHZ,2-[2-[carboxymethyl(phenylmethyl)amino]ethyl-[(2-hydroxyphenyl)methyl]amino]ethanoic acid,,芳香/疏水侧链,需确认,未进入使用审计,0,0,,结构可能合理，但单体身份、偶联条件或复杂度证据不足，暂不进入研发候选库,分子量超过300 Da，需确认偶联、脱保护和总环肽体积负担；CCD未指定标准氨基酸母体,C20 H24 N2 O5,372.415,,NON-POLYMER,1,c1ccc(cc1)C[N@@](CC[N@](Cc2ccccc2O)CC(=O)O)CC(=O)O,https://www.rcsb.org/ligand/BHZ,https://www.ebi.ac.uk/pdbe/static/files/pdbechem_v2/BHZ_500.svg
暂缓,P3,BIB,BETA-AMINO ISOBUTYRATE,,延长骨架,需确认,未进入使用审计,0,0,,结构可能合理，但单体身份、偶联条件或复杂度证据不足，暂不进入研发候选库,CCD未指定标准氨基酸母体,C4 H8 N O2,102.112,,NON-POLYMER,2,C[C@@H](CN)C(=O)[O-],https://www.rcsb.org/ligand/BIB,https://www.ebi.ac.uk/pdbe/static/files/pdbechem_v2/BIB_500.svg
暂缓,P3,BIY,"(3S)-2,2-dimethyl-3,4-dihydro-2H-1,4-thiazine-3,6-dicarboxylic acid",,其他候选,需确认,未进入使用审计,0,0,,结构可能合理，但单体身份、偶联条件或复杂度证据不足，暂不进入研发候选库,CCD未指定标准氨基酸母体,C8 H11 N O4 S,217.242,,non-polymer,1,CC1([C@@H](NC=C(S1)C(=O)O)C(=O)O)C,https://www.rcsb.org/ligand/BIY,https://www.ebi.ac.uk/pdbe/static/files/pdbechem_v2/BIY_500.svg
暂缓,P3,BJ2,(2~{S})-1-[(2~{S})-2-[[(1~{S})-1-[(2~{S})-1-[(2~{S})-2-azanyl-4-oxidanyl-4-oxidanylidene-butanoyl]pyrrolidin-2-yl]-2-oxidanyl-2-oxidanylidene-ethyl]amino]propanoyl]pyrrolidine-2-carboxylic acid,,其他候选,需确认,未进入使用审计,0,0,,结构可能合理，但单体身份、偶联条件或复杂度证据不足，暂不进入研发候选库,分子量超过300 Da，需确认偶联、脱保护和总环肽体积负担；杂原子较多，可能带来较高极性或多重保护需求；含预先形成的酰胺键，需确认主链氨基是否仍可偶联；CCD未指定标准氨基酸母体,C18 H28 N4 O8,428.437,,NON-POLYMER,2,C[C@@H](C(=O)N1CCC[C@H]1C(=O)O)N[C@@H]([C@@H]2CCCN2C(=O)[C@H](CC(=O)O)N)C(=O)O,https://www.rcsb.org/ligand/BJ2,https://www.ebi.ac.uk/pdbe/static/files/pdbechem_v2/BJ2_500.svg
排除,P3,BJW,"4-[(2~{R},3~{a}~{R},5~{R},6~{R},6~{a}~{R})-5-[[[[(2~{R},3~{S},4~{R},5~{R})-5-(6-aminopurin-9-yl)-3,4-bis(oxidanyl)oxolan-2-yl]methoxy-oxidanyl-phosphoryl]oxy-oxidanyl-phosphoryl]oxymethyl]-2-[[(5~{S})-6-[[(2~{S})-3-(1~{H}-indol-3-yl)-1-oxidanylidene-1-(propan-2-ylamino)propan-2-yl]amino]-6-oxidanylidene-5-(phenylmethoxycarbonylamino)hexyl]amino]-6-oxidanyl-3~{a},5,6,6~{a}-tetrahydrofuro[2,3-d][1,3]oxathiol-2-yl]butanoic acid",,芳香/疏水侧链,否,未进入使用审计,0,0,,分子量超过500 Da，优先判断为复杂整分子,分子量超过300 Da，需确认偶联、脱保护和总环肽体积负担；杂原子较多，可能带来较高极性或多重保护需求；含磷酸/膦酸相关结构，通常不利于被动跨膜；CCD未指定标准氨基酸母体,C48 H64 N10 O19 P2 S,1179.09,,NON-POLYMER,4,CC(C)NC(=O)[C@H](Cc1c[nH]c2c1cccc2)NC(=O)[C@H](CCCCN[C@@]3(O[C@@H]4[C@@H]([C@H](O[C@@H]4S3)COP(=O)(O)OP(=O)(O)OC[C@@H]5[C@H]([C@H]([C@@H](O5)n6cnc7c6ncnc7N)O)O)O)CCCC(=O)O)NC(=O)OCc8ccccc8,https://www.rcsb.org/ligand/BJW,https://www.ebi.ac.uk/pdbe/static/files/pdbechem_v2/BJW_500.svg
暂缓,P3,BMG,"(4R,5S)-3-(6,7-dihydro-5H-pyrazolo[1,2-a][1,2,4]triazol-4-ium-6-ylsulfanyl)-5-[(1S,2R)-1-formyl-2-hydroxypropyl]-4-meth yl-4,5-dihydro-1H-pyrrole-2-carboxylate","(4R,5S)-3-(6,7-dihydro-5H-pyrazolo[1,2-a][1,2,4]triazol-4-ium-6-ylthio)-5-((2S,3R)-3-hydroxy-1-oxobutan-2-yl)-4- methyl-4,5-dihydro-1H-pyrrole-2-carboxylate",其他候选,需确认,未进入使用审计,0,0,,结构可能合理，但单体身份、偶联条件或复杂度证据不足，暂不进入研发候选库,分子量超过300 Da，需确认偶联、脱保护和总环肽体积负担；CCD未指定标准氨基酸母体,C15 H20 N4 O4 S,352.409,,NON-POLYMER,1,C[C@@H]1[C@@H](NC(=C1S[C@@H]2Cn3cnc[n+]3C2)C(=O)[O-])[C@H](C=O)[C@@H](C)O,https://www.rcsb.org/ligand/BMG,https://www.ebi.ac.uk/pdbe/static/files/pdbechem_v2/BMG_500.svg
暂缓,P3,BMH,"5H-PYRAZOLO(1,2-A)(1,2,4)TRIAZOL-4-IUM, 6-((2-CARBOXY-6-(1-HYDROXYETHYL)-4-METHYL-7-OXO-1-AZABICYCLO(3.2.0)HEPT-2-EN-3-YL)THIO)-6,7-DIHYDRO-, HYDROXIDE, INNER SALT, (4R-(4ALPHA,5BETA,6BETA(R*)))-",BIAPENEM (HYDLYZED),延长骨架,需确认,未进入使用审计,0,0,,结构可能合理，但单体身份、偶联条件或复杂度证据不足，暂不进入研发候选库,分子量超过300 Da，需确认偶联、脱保护和总环肽体积负担；CCD未指定标准氨基酸母体,C15 H22 N4 O5 S,370.424,,NON-POLYMER,2,C[C@@H]1[C@@H](NC(=C1S[C@H]2Cn3cnc[n+]3C2)C(O)[O-])[C@@H]([C@@H](C)O)C(=O)O,https://www.rcsb.org/ligand/BMH,https://www.ebi.ac.uk/pdbe/static/files/pdbechem_v2/BMH_500.svg
暂缓,P3,BOB,"(S)-2-amino-5-((R)-1-(carboxymethylamino)-3-((3S,4R)-1,4-dihydroxynonan-3-ylthio)-1-oxopropan-2-ylamino)-5-oxopentanoic acid","L-gamma-glutamyl-S-[(1S,2R)-2-hydroxy-1-(2-hydroxyethyl)heptyl]-L-cysteinylglycine",延长骨架,需确认,未进入使用审计,0,0,,结构可能合理，但单体身份、偶联条件或复杂度证据不足，暂不进入研发候选库,分子量超过300 Da，需确认偶联、脱保护和总环肽体积负担；杂原子较多，可能带来较高极性或多重保护需求；含预先形成的酰胺键，需确认主链氨基是否仍可偶联；CCD未指定标准氨基酸母体,C19 H35 N3 O8 S,465.562,,NON-POLYMER,1,CCCCC[C@H]([C@H](CCO)SC[C@@H](C(=O)NCC(=O)O)NC(=O)CC[C@@H](C(=O)O)N)O,https://www.rcsb.org/ligand/BOB,https://www.ebi.ac.uk/pdbe/static/files/pdbechem_v2/BOB_500.svg
排除,P3,BOU,"(2R,4S)-2-[(1R)-1-{[(2'-carboxybiphenyl-2-yl)carbonyl]amino}-2-oxoethyl]-5,5-dimethyl-1,3-thiazolidine-4-carboxylic acid","CBAP, open form; benzoyl-6-amino penicilloic acid, open form",芳香/疏水侧链,否,未进入使用审计,0,0,,名称明确提示药物、抗生素或反应中间体,分子量超过300 Da，需确认偶联、脱保护和总环肽体积负担；杂原子较多，可能带来较高极性或多重保护需求；CCD未指定标准氨基酸母体,C22 H22 N2 O6 S,442.485,,NON-POLYMER,1,CC1([C@@H](N[C@H](S1)[C@@H](C=O)NC(=O)c2ccccc2c3ccccc3C(=O)O)C(=O)O)C,https://www.rcsb.org/ligand/BOU,https://www.ebi.ac.uk/pdbe/static/files/pdbechem_v2/BOU_500.svg
暂缓,P3,BPX,"(2R)-4,4-dihydroxy-5-nitro-2-(phenylmethyl)pentanoic acid",,芳香/疏水侧链,需确认,未进入使用审计,0,0,,结构可能合理，但单体身份、偶联条件或复杂度证据不足，暂不进入研发候选库,杂原子较多，可能带来较高极性或多重保护需求；CCD未指定标准氨基酸母体,C12 H15 N O6,269.251,,NON-POLYMER,4,c1ccc(cc1)C[C@H](CC(C[N+](=O)[O-])(O)O)C(=O)O,https://www.rcsb.org/ligand/BPX,https://www.ebi.ac.uk/pdbe/static/files/pdbechem_v2/BPX_500.svg
暂缓,P3,BR0,"(3aS,4R,9bR)-9-nitro-3a,4,5,9b-tetrahydro-3H-cyclopenta[c]quinoline-4,6-dicarboxylic acid",,构象限制,需确认,未进入使用审计,0,0,,结构可能合理，但单体身份、偶联条件或复杂度证据不足，暂不进入研发候选库,分子量超过300 Da，需确认偶联、脱保护和总环肽体积负担；杂原子较多，可能带来较高极性或多重保护需求；CCD未指定标准氨基酸母体,C14 H12 N2 O6,304.255,,NON-POLYMER,1,c1cc(c2c(c1C(=O)O)N[C@H]([C@@H]3[C@H]2C=CC3)C(=O)O)[N+](=O)[O-],https://www.rcsb.org/ligand/BR0,https://www.ebi.ac.uk/pdbe/static/files/pdbechem_v2/BR0_500.svg
暂缓,P3,BSI,"2-(BIPHENYL-4-SULFONYL)-1,2,3,4-TETRAHYDRO-ISOQUINOLINE-3-CARBOXYLIC ACID",,芳香/疏水侧链,需确认,未进入使用审计,0,0,,结构可能合理，但单体身份、偶联条件或复杂度证据不足，暂不进入研发候选库,分子量超过300 Da，需确认偶联、脱保护和总环肽体积负担；CCD未指定标准氨基酸母体,C22 H19 N O4 S,393.456,,NON-POLYMER,1,c1ccc(cc1)c2ccc(cc2)S(=O)(=O)[N@@]3Cc4ccccc4C[C@@H]3C(=O)O,https://www.rcsb.org/ligand/BSI,https://www.ebi.ac.uk/pdbe/static/files/pdbechem_v2/BSI_500.svg
暂缓,P3,BUI,(3R)-3-{[(TETRADECYLAMINO)CARBONYL]AMINO}-4-(TRIMETHYLAMMONIO)BUTANOATE,ST1326; (R)-N-TETRADECYLCARBAMOYL-AMINOCARNITINE,其他候选,需确认,未进入使用审计,0,0,,结构可能合理，但单体身份、偶联条件或复杂度证据不足，暂不进入研发候选库,分子量超过300 Da，需确认偶联、脱保护和总环肽体积负担；含预先形成的酰胺键，需确认主链氨基是否仍可偶联；CCD未指定标准氨基酸母体,C22 H45 N3 O3,399.611,,NON-POLYMER,3,CCCCCCCCCCCCCCNC(=O)N[C@H](CC(=O)[O-])C[N+](C)(C)C,https://www.rcsb.org/ligand/BUI,https://www.ebi.ac.uk/pdbe/static/files/pdbechem_v2/BUI_500.svg
暂缓,P3,BUJ,(3R)-3-(hexadecanoylamino)-4-(trimethylammonio)butanoate,(3R)-3-(palmitoylamino)-4-(trimethylammonio)butanoate,其他候选,需确认,未进入使用审计,0,0,,结构可能合理，但单体身份、偶联条件或复杂度证据不足，暂不进入研发候选库,分子量超过300 Da，需确认偶联、脱保护和总环肽体积负担；含预先形成的酰胺键，需确认主链氨基是否仍可偶联；CCD未指定标准氨基酸母体,C23 H46 N2 O3,398.623,,NON-POLYMER,3,CCCCCCCCCCCCCCCC(=O)N[C@H](CC(=O)[O-])C[N+](C)(C)C,https://www.rcsb.org/ligand/BUJ,https://www.ebi.ac.uk/pdbe/static/files/pdbechem_v2/BUJ_500.svg
暂缓,P3,BUU,(2~{S})-2-azanyl-3-[3-[(2-nitrophenyl)methoxy]-4-oxidanyl-phenyl]propanoic acid,,芳香/疏水侧链,需确认,未进入使用审计,0,0,,结构可能合理，但单体身份、偶联条件或复杂度证据不足，暂不进入研发候选库,分子量超过300 Da，需确认偶联、脱保护和总环肽体积负担；杂原子较多，可能带来较高极性或多重保护需求；CCD未指定标准氨基酸母体,C16 H16 N2 O6,332.308,,NON-POLYMER,1,c1ccc(c(c1)COc2cc(ccc2O)C[C@@H](C(=O)O)N)[N+](=O)[O-],https://www.rcsb.org/ligand/BUU,https://www.ebi.ac.uk/pdbe/static/files/pdbechem_v2/BUU_500.svg
排除,P3,BV8,"3-[[(~{Z})-~{C}-[(2~{R},3~{R},4~{S},5~{R})-5-[[[[(2~{R},3~{S},4~{R},5~{R})-5-(6-aminopurin-9-yl)-3,4-bis(oxidanyl)oxolan-2-yl]methoxy-oxidanyl-phosphoryl]oxy-oxidanyl-phosphoryl]oxymethyl]-3,4-bis(oxidanyl)oxolan-2-yl]sulfanyl-~{N}-[(5~{S})-6-[[(2~{S})-3-(1~{H}-indol-3-yl)-1-oxidanylidene-1-(propan-2-ylamino)propan-2-yl]amino]-6-oxidanylidene-5-(phenylmethoxycarbonylamino)hexyl]carbonimidoyl]amino]propanoic acid",,芳香/疏水侧链,否,未进入使用审计,0,0,,分子量超过500 Da，优先判断为复杂整分子,分子量超过300 Da，需确认偶联、脱保护和总环肽体积负担；杂原子较多，可能带来较高极性或多重保护需求；含磷酸/膦酸相关结构，通常不利于被动跨膜；CCD未指定标准氨基酸母体,C47 H63 N11 O19 P2 S,1180.078,,NON-POLYMER,2,CC(C)NC(=O)[C@H](Cc1c[nH]c2c1cccc2)NC(=O)[C@H](CCCC/N=C(/NCCC(=O)O)\S[C@@H]3[C@@H]([C@@H]([C@H](O3)COP(=O)(O)OP(=O)(O)OC[C@@H]4[C@H]([C@H]([C@@H](O4)n5cnc6c5ncnc6N)O)O)O)O)NC(=O)OCc7ccccc7,https://www.rcsb.org/ligand/BV8,https://www.ebi.ac.uk/pdbe/static/files/pdbechem_v2/BV8_500.svg
排除,P3,BVT,"3-[[(2~{S},3~{a}~{R},5~{R},6~{R},6~{a}~{R})-5-[[[[(2~{R},3~{S},4~{R},5~{R})-5-(6-aminopurin-9-yl)-3,4-bis(oxidanyl)oxolan-2-yl]methoxy-oxidanyl-phosphoryl]oxy-oxidanyl-phosphoryl]oxymethyl]-2-[[(5~{S})-6-[[(2~{S})-3-(1~{H}-indol-3-yl)-1-oxidanylidene-1-(propan-2-ylamino)propan-2-yl]amino]-6-oxidanylidene-5-(phenylmethoxycarbonylamino)hexyl]amino]-6-oxidanyl-3~{a},5,6,6~{a}-tetrahydrofuro[2,3-d][1,3]oxathiol-2-yl]amino]propanoic acid",,芳香/疏水侧链,否,未进入使用审计,0,0,,分子量超过500 Da，优先判断为复杂整分子,分子量超过300 Da，需确认偶联、脱保护和总环肽体积负担；杂原子较多，可能带来较高极性或多重保护需求；含磷酸/膦酸相关结构，通常不利于被动跨膜；CCD未指定标准氨基酸母体,C47 H63 N11 O19 P2 S,1180.078,,NON-POLYMER,2,CC(C)NC(=O)[C@H](Cc1c[nH]c2c1cccc2)NC(=O)[C@H](CCCCN[C@@]3(O[C@@H]4[C@@H]([C@H](O[C@@H]4S3)COP(=O)(O)OP(=O)(O)OC[C@@H]5[C@H]([C@H]([C@@H](O5)n6cnc7c6ncnc7N)O)O)O)NCCC(=O)O)NC(=O)OCc8ccccc8,https://www.rcsb.org/ligand/BVT,https://www.ebi.ac.uk/pdbe/static/files/pdbechem_v2/BVT_500.svg
排除,P3,BW9,Chromium Protoporphyrin IX,,其他候选,否,未进入使用审计,0,0,,含金属元素，不属于常规肽合成单体；分子量超过500 Da，优先判断为复杂整分子,分子量超过300 Da，需确认偶联、脱保护和总环肽体积负担；CCD未指定标准氨基酸母体,C34 H32 Cr N4 O4,612.638,,NON-POLYMER,4,Cc1c2n3c(c1C=C)C=C4C(=C(C5=[N]4[Cr]36[N]7=C(C=C8N6C(=C5)C(=C8CCC(=O)O)C)C(=C(C7=C2)C)CCC(=O)O)C=C)C,https://www.rcsb.org/ligand/BW9,https://www.ebi.ac.uk/pdbe/static/files/pdbechem_v2/BW9_500.svg
暂缓,P3,BX1,"1-[3-amino-6-(3,4,5-trimethoxyphenyl)pyrazin-2-yl]piperidine-4-carboxylic acid",,芳香/疏水侧链,需确认,未进入使用审计,0,0,,结构可能合理，但单体身份、偶联条件或复杂度证据不足，暂不进入研发候选库,分子量超过300 Da，需确认偶联、脱保护和总环肽体积负担；CCD未指定标准氨基酸母体,C19 H24 N4 O5,388.418,,non-polymer,3,COc1cc(cc(c1OC)OC)c2cnc(c(n2)N3CCC(CC3)C(=O)O)N,https://www.rcsb.org/ligand/BX1,https://www.ebi.ac.uk/pdbe/static/files/pdbechem_v2/BX1_500.svg
暂缓,P3,BYB,"(2~{S},3~{S})-3-[[5-fluoranyl-2-(5-fluoranyl-1~{H}-pyrazolo[3,4-b]pyridin-3-yl)pyrimidin-4-yl]amino]bicyclo[2.2.2]octane-2-carboxylic acid",,芳香/疏水侧链,需确认,未进入使用审计,0,0,,结构可能合理，但单体身份、偶联条件或复杂度证据不足，暂不进入研发候选库,分子量超过300 Da，需确认偶联、脱保护和总环肽体积负担；杂原子较多，可能带来较高极性或多重保护需求；CCD未指定标准氨基酸母体,C19 H18 F2 N6 O2,400.382,,NON-POLYMER,2,c1c(cnc2c1c(n[nH]2)c3ncc(c(n3)N[C@@H]4[C@H](C5CCC4CC5)C(=O)O)F)F,https://www.rcsb.org/ligand/BYB,https://www.ebi.ac.uk/pdbe/static/files/pdbechem_v2/BYB_500.svg
排除,P3,BYG,"L-gamma-glutamyl-S-{(4R)-4-[(6-hydroxyhexyl)sulfanyl]-7-nitro-4,5-dihydro-2,1,3-benzoxadiazol-4-yl}-L-cysteinylglycine",,延长骨架,否,未进入使用审计,0,0,,分子量超过500 Da，优先判断为复杂整分子,分子量超过300 Da，需确认偶联、脱保护和总环肽体积负担；杂原子较多，可能带来较高极性或多重保护需求；含预先形成的酰胺键，需确认主链氨基是否仍可偶联；CCD未指定标准氨基酸母体,C22 H32 N6 O10 S2,604.654,,NON-POLYMER,1,C1C=C(c2c(non2)[C@]1(SCCCCCCO)SC[C@@H](C(=O)NCC(=O)O)NC(=O)CC[C@@H](C(=O)O)N)[N+](=O)[O-],https://www.rcsb.org/ligand/BYG,https://www.ebi.ac.uk/pdbe/static/files/pdbechem_v2/BYG_500.svg
暂缓,P3,BYT,Biocytin,"N~6~-{5-[(3aS,4S,6aR)-2-oxohexahydro-1H-thieno[3,4-d]imidazol-4-yl]pentanoyl}-L-lysine",其他候选,需确认,未进入使用审计,0,0,,结构可能合理，但单体身份、偶联条件或复杂度证据不足，暂不进入研发候选库,分子量超过300 Da，需确认偶联、脱保护和总环肽体积负担；含预先形成的酰胺键，需确认主链氨基是否仍可偶联；CCD未指定标准氨基酸母体,C16 H28 N4 O4 S,372.483,,NON-POLYMER,1,C1[C@H]2[C@@H]([C@@H](S1)CCCCC(=O)NCCCC[C@@H](C(=O)O)N)NC(=O)N2,https://www.rcsb.org/ligand/BYT,https://www.ebi.ac.uk/pdbe/static/files/pdbechem_v2/BYT_500.svg
暂缓,P3,C0F,"(4~{R})-2-[4-[(2~{S})-2,3-bis(azanyl)-3-oxidanylidene-propyl]pyridin-2-yl]-4,5-dihydro-1,3-thiazole-4-carboxylic acid",,芳香/疏水侧链,需确认,未进入使用审计,0,0,,结构可能合理，但单体身份、偶联条件或复杂度证据不足，暂不进入研发候选库,含预先形成的酰胺键，需确认主链氨基是否仍可偶联；CCD未指定标准氨基酸母体,C12 H14 N4 O3 S,294.33,,NON-POLYMER,1,c1cnc(cc1C[C@@H](C(=O)N)N)C2=N[C@@H](CS2)C(=O)O,https://www.rcsb.org/ligand/C0F,https://www.ebi.ac.uk/pdbe/static/files/pdbechem_v2/C0F_500.svg
暂缓,P3,C2T,"3-(1-Ethyl-1,1-dimethylhydrazin-1-ium-2-yl)propanoic acid",,其他候选,需确认,未进入使用审计,0,0,,结构可能合理，但单体身份、偶联条件或复杂度证据不足，暂不进入研发候选库,CCD未指定标准氨基酸母体,C7 H17 N2 O2,161.222,,non-polymer,2,CC[N+](C)(C)NCCC(=O)O,https://www.rcsb.org/ligand/C2T,https://www.ebi.ac.uk/pdbe/static/files/pdbechem_v2/C2T_500.svg
暂缓,P3,C6P,N-({3-HYDROXY-2-METHYL-5-[(PHOSPHONOOXY)METHYL]PYRIDIN-4-YL}METHYL)-L-CYSTEINE,4-((1-CARBOXY-2-THIOL-ETHYLAMINO)-METHYL)-3-HYDROXY-2-METHYL-5-PHOSPHONOOXYMETHYL-PYRIDINIUM,芳香/疏水侧链,需确认,未进入使用审计,0,0,,结构可能合理，但单体身份、偶联条件或复杂度证据不足，暂不进入研发候选库,分子量超过300 Da，需确认偶联、脱保护和总环肽体积负担；杂原子较多，可能带来较高极性或多重保护需求；含磷酸/膦酸相关结构，通常不利于被动跨膜；CCD未指定标准氨基酸母体,C11 H17 N2 O7 P S,352.301,,NON-POLYMER,1,Cc1c(c(c(cn1)COP(=O)(O)O)CN[C@@H](CS)C(=O)O)O,https://www.rcsb.org/ligand/C6P,https://www.ebi.ac.uk/pdbe/static/files/pdbechem_v2/C6P_500.svg
排除,P3,C8J,"(2~{R})-5-[2-(3-aminocarbonylphenyl)ethyl-[[(2~{R},3~{S},4~{R},5~{R})-5-(6-aminopurin-9-yl)-3,4-bis(oxidanyl)oxolan-2-yl]methyl]amino]-2-azanyl-pentanoic acid",,芳香/疏水侧链,否,未进入使用审计,0,0,,分子量超过500 Da，优先判断为复杂整分子,分子量超过300 Da，需确认偶联、脱保护和总环肽体积负担；杂原子较多，可能带来较高极性或多重保护需求；含预先形成的酰胺键，需确认主链氨基是否仍可偶联；CCD未指定标准氨基酸母体,C24 H32 N8 O6,528.561,,non-polymer,1,c1cc(cc(c1)C(=O)N)CCN(CCC[C@H](C(=O)O)N)C[C@@H]2[C@H]([C@H]([C@@H](O2)n3cnc4c3ncnc4N)O)O,https://www.rcsb.org/ligand/C8J,https://www.ebi.ac.uk/pdbe/static/files/pdbechem_v2/C8J_500.svg
暂缓,P3,CAN,CANALINE,,其他候选,需确认,未进入使用审计,0,0,,结构可能合理，但单体身份、偶联条件或复杂度证据不足，暂不进入研发候选库,CCD未指定标准氨基酸母体,C4 H10 N2 O3,134.134,,NON-POLYMER,1,C(CON)[C@@H](C(=O)O)N,https://www.rcsb.org/ligand/CAN,https://www.ebi.ac.uk/pdbe/static/files/pdbechem_v2/CAN_500.svg
暂缓,P3,CB9,"(2R,4S)-2-[(1R)-1-{[(2S)-2-carboxy-2-phenylacetyl]amino}-2-oxoethyl]-5,5-dimethyl-1,3-thiazolidine-4-carboxylic acid",Bound form of Carbenicillin,芳香/疏水侧链,需确认,未进入使用审计,0,0,,结构可能合理，但单体身份、偶联条件或复杂度证据不足，暂不进入研发候选库,分子量超过300 Da，需确认偶联、脱保护和总环肽体积负担；杂原子较多，可能带来较高极性或多重保护需求；CCD未指定标准氨基酸母体,C17 H20 N2 O6 S,380.416,,NON-POLYMER,1,CC1([C@@H](N[C@H](S1)[C@@H](C=O)NC(=O)[C@H](c2ccccc2)C(=O)O)C(=O)O)C,https://www.rcsb.org/ligand/CB9,https://www.ebi.ac.uk/pdbe/static/files/pdbechem_v2/CB9_500.svg
暂缓,P3,CBA,"N-PYRIDOXYL-2,3-DIHYDROXYASPARTIC ACID-5-MONOPHOSPHATE",,芳香/疏水侧链,需确认,未进入使用审计,0,0,,结构可能合理，但单体身份、偶联条件或复杂度证据不足，暂不进入研发候选库,分子量超过300 Da，需确认偶联、脱保护和总环肽体积负担；杂原子较多，可能带来较高极性或多重保护需求；含磷酸/膦酸相关结构，通常不利于被动跨膜；CCD未指定标准氨基酸母体,C12 H17 N2 O11 P,396.244,,NON-POLYMER,2,Cc1c(c(c(cn1)COP(=O)(O)O)CN[C@@]([C@H](C(=O)O)O)(C(=O)O)O)O,https://www.rcsb.org/ligand/CBA,https://www.ebi.ac.uk/pdbe/static/files/pdbechem_v2/CBA_500.svg
排除,P3,CCH / HFM,"[7-ETHENYL-12-FORMYL-3,8,13,17-TERTRAMETHYL-21H,23H-PORPHINE-2,18-DIPROPANOATO(2)-N21,N22,N23,N24]IRON；2-FORMYL-PROTOPORPHRYN IX",CLOROCRUORO HEM,其他候选,否,未进入使用审计,0,0,,含金属元素，不属于常规肽合成单体；分子量超过500 Da，优先判断为复杂整分子,分子量超过300 Da，需确认偶联、脱保护和总环肽体积负担；CCD未指定标准氨基酸母体,C33 H30 Fe N4 O5,618.46,,NON-POLYMER,4,Cc1c2n3c(c1C=C)C=C4C(=C(C5=[N]4[Fe]36[N]7=C(C=C8N6C(=C5)C(=C8C)CCC(=O)O)C(=C(C7=C2)C=O)C)CCC(=O)O)C,https://www.rcsb.org/ligand/CCH；https://www.rcsb.org/ligand/HFM,https://www.ebi.ac.uk/pdbe/static/files/pdbechem_v2/CCH_500.svg；https://www.ebi.ac.uk/pdbe/static/files/pdbechem_v2/HFM_500.svg
排除,P3,CCR,"[N-[N-(4-METHOXY-2,3,6-TRIMETHYLPHENYLSULFONYL)-L-ASPARTYL]-D-(4-AMIDINO-PHENYLALANYL)]-PIPERIDINE",CRC200 (CHIRON-BEHRING),D-构型,否,未进入使用审计,0,0,,分子量超过500 Da，优先判断为复杂整分子,分子量超过300 Da，需确认偶联、脱保护和总环肽体积负担；杂原子较多，可能带来较高极性或多重保护需求；含预先形成的酰胺键，需确认主链氨基是否仍可偶联；CCD未指定标准氨基酸母体,C29 H39 N5 O7 S,601.714,,peptide-like,2,Cc1cc(c(c(c1S(=O)(=O)N[C@@H](CC(=O)O)C(=O)N[C@H](Cc2ccc(cc2)C(=N)N)C(=O)N3CCCCC3)C)C)OC,https://www.rcsb.org/ligand/CCR,https://www.ebi.ac.uk/pdbe/static/files/pdbechem_v2/CCR_500.svg
暂缓,P3,CDH,D-(L-A-AMINOADIPOYL)-L-CYSTEINYL-D-ISODEHYDROVALINE,,D-构型,需确认,未进入使用审计,0,0,,结构可能合理，但单体身份、偶联条件或复杂度证据不足，暂不进入研发候选库,分子量超过300 Da，需确认偶联、脱保护和总环肽体积负担；杂原子较多，可能带来较高极性或多重保护需求；CCD未指定标准氨基酸母体,C14 H23 N3 O6 S,361.414,,NON-POLYMER,1,CC(=C)[C@H](C(=O)O)NC(=O)[C@H](CS)NC(=O)CCC[C@@H](C(=O)O)N,https://www.rcsb.org/ligand/CDH,https://www.ebi.ac.uk/pdbe/static/files/pdbechem_v2/CDH_500.svg
暂缓,P3,CDO,2-((R)-1-((S)-2-(N-(6-CARBAMIMIDOYLPYRIDIN-3-YL)METHYLCARBAMOYL)-2H-PYRROL-1(5H)-YL)-3-CYCLOHEXYL-1-OXOPROPAN-2-YLAMINO)ACETIC ACID,,构象限制,需确认,未进入使用审计,0,0,,结构可能合理，但单体身份、偶联条件或复杂度证据不足，暂不进入研发候选库,分子量超过300 Da，需确认偶联、脱保护和总环肽体积负担；杂原子较多，可能带来较高极性或多重保护需求；CCD未指定标准氨基酸母体,C23 H32 N6 O4,456.538,,NON-POLYMER,1,[H]/N=C(/c1ccc(cn1)CNC(=O)[C@@H]2C=CCN2C(=O)[C@@H](CC3CCCCC3)NCC(=O)O)\N,https://www.rcsb.org/ligand/CDO,https://www.ebi.ac.uk/pdbe/static/files/pdbechem_v2/CDO_500.svg
排除,P3,CDS,"(2R)-2-[(1R)-1-{[(2Z)-2-(2-AMINO-1,3-THIAZOL-4-YL)-2-(METHOXYIMINO)ACETYL]AMINO}-2-OXOETHYL]-5-[(Z)-2-(4-METHYL-1,3-THIAZOL-5-YL)VINYL]-3,6-DIHYDRO-2H-1,3-THIAZINE-4-CARBOXYLIC ACID",,其他候选,否,未进入使用审计,0,0,,分子量超过500 Da，优先判断为复杂整分子,分子量超过300 Da，需确认偶联、脱保护和总环肽体积负担；杂原子较多，可能带来较高极性或多重保护需求；CCD未指定标准氨基酸母体,C19 H20 N6 O5 S3,508.594,,NON-POLYMER,1,Cc1c(scn1)\C=C/C2=C(N[C@H](SC2)[C@@H](C=O)NC(=O)/C(=N\OC)/c3csc(n3)N)C(=O)O,https://www.rcsb.org/ligand/CDS,https://www.ebi.ac.uk/pdbe/static/files/pdbechem_v2/CDS_500.svg
排除,P3,CE0,"(2R)-2-[(1R)-2-[(2S)-2-amino-2-carboxyethoxy]-1-{[(2R)-2-[(4S)-2-amino-4,5-dihydro-1,3-thiazol-4-yl]-2-(methoxyamino)acetyl]amino}-2-oxoethyl]-5-methyl-3,6-dihydro-2H-1,3-thiazine-4-carboxylic acid",,其他候选,否,未进入使用审计,0,0,,分子量超过500 Da，优先判断为复杂整分子,分子量超过300 Da，需确认偶联、脱保护和总环肽体积负担；杂原子较多，可能带来较高极性或多重保护需求；CCD未指定标准氨基酸母体,C17 H26 N6 O8 S2,506.554,,NON-POLYMER,1,CC1=C(N[C@H](SC1)[C@@H](C(=O)OC[C@@H](C(=O)O)N)NC(=O)C(C2CSC(=N2)N)NOC)C(=O)O,https://www.rcsb.org/ligand/CE0,https://www.ebi.ac.uk/pdbe/static/files/pdbechem_v2/CE0_500.svg
排除,P3,CE4,"(2R)-2-[(R)-{[(2Z)-2-(2-amino-1,3-thiazol-4-yl)-2-(methoxyimino)acetyl]amino}(carboxy)methyl]-5-methylidene-5,6-dihydro -2H-1,3-thiazine-4-carboxylic acid","cefotaxime, hydrolyzed, C3'-cleaved, open, unbound form",其他候选,否,未进入使用审计,0,0,,名称明确提示药物、抗生素或反应中间体,分子量超过300 Da，需确认偶联、脱保护和总环肽体积负担；杂原子较多，可能带来较高极性或多重保护需求；含预先形成的酰胺键，需确认主链氨基是否仍可偶联；CCD未指定标准氨基酸母体,C14 H15 N5 O6 S2,413.429,,NON-POLYMER,2,CO/N=C(/c1csc(n1)N)\C(=O)N[C@@H]([C@@H]2N=C(C(=C)CS2)C(=O)O)C(=O)O,https://www.rcsb.org/ligand/CE4,https://www.ebi.ac.uk/pdbe/static/files/pdbechem_v2/CE4_500.svg
排除,P3,CEH,"5-{3-(S)-(4-(R)-ACETYLAMINO-4-CARBOXY-BUTYRYLAMINO)-3-[1-(R)-(1-(R)-CARBOXY-ETHYLCARBAMOYL)-ETHYLCARBAMOYL]-PROPYL}-2-( CARBOXY-PHENYLACETYLAMINO-METHYL)-3,6-DIHYDRO-2H-[1,3]THIAZINE-4-CARBOXYLIC ACID",CEPHALOSPORIN ANALOG,芳香/疏水侧链,否,未进入使用审计,0,0,,名称明确提示药物、抗生素或反应中间体；分子量超过500 Da，优先判断为复杂整分子,分子量超过300 Da，需确认偶联、脱保护和总环肽体积负担；杂原子较多，可能带来较高极性或多重保护需求；含预先形成的酰胺键，需确认主链氨基是否仍可偶联；CCD未指定标准氨基酸母体,C32 H42 N6 O13 S,750.773,,NON-POLYMER,2,C[C@H](C(=O)N[C@H](C)C(=O)O)NC(=O)[C@H](CCC1=C(N[C@H](SC1)[C@@H](C(=O)O)NC(=O)Cc2ccccc2)C(=O)O)NC(=O)CC[C@H](C(=O)O)NC(=O)C,https://www.rcsb.org/ligand/CEH,https://www.ebi.ac.uk/pdbe/static/files/pdbechem_v2/CEH_500.svg
暂缓,P3,CEM,N-(1-CARBOXY-2-HYDROXY-4-OXO-BUTYL)-N-(3-OXO-CISPROPENYL)AMINE,,其他候选,需确认,未进入使用审计,0,0,,结构可能合理，但单体身份、偶联条件或复杂度证据不足，暂不进入研发候选库,CCD未指定标准氨基酸母体,C8 H11 N O5,201.177,,NON-POLYMER,1,C(C=O)C([C@H](C(=O)O)N\C=C/C=O)O,https://www.rcsb.org/ligand/CEM,https://www.ebi.ac.uk/pdbe/static/files/pdbechem_v2/CEM_500.svg
暂缓,P3,CEP,CEPHALOTHIN GROUP,,其他候选,需确认,未进入使用审计,0,0,,结构可能合理，但单体身份、偶联条件或复杂度证据不足，暂不进入研发候选库,分子量超过300 Da，需确认偶联、脱保护和总环肽体积负担；杂原子较多，可能带来较高极性或多重保护需求；CCD未指定标准氨基酸母体,C16 H18 N2 O6 S2,398.454,,NON-POLYMER,1,COC(=O)CC1=C(N[C@H](SC1)[C@@H](C=O)NC(=O)Cc2cccs2)C(=O)O,https://www.rcsb.org/ligand/CEP,https://www.ebi.ac.uk/pdbe/static/files/pdbechem_v2/CEP_500.svg
暂缓,P3,CES,"2-[CARBOXY-(2-FURAN-2-YL-2-METHOXYIMINO-ACETYLAMINO)-METHYL]-5-METHYL-3,6-DIHYDRO-2H-[1,3]THIAZINE-4-CARBOXYLIC ACID",CEFUROXIME (INHIBITION FORM),其他候选,需确认,未进入使用审计,0,0,,结构可能合理，但单体身份、偶联条件或复杂度证据不足，暂不进入研发候选库,分子量超过300 Da，需确认偶联、脱保护和总环肽体积负担；杂原子较多，可能带来较高极性或多重保护需求；CCD未指定标准氨基酸母体,C15 H17 N3 O7 S,383.376,,NON-POLYMER,2,CC1=C(N[C@H](SC1)[C@@H](C(=O)O)NC(=O)/C(=N\OC)/c2ccco2)C(=O)O,https://www.rcsb.org/ligand/CES,https://www.ebi.ac.uk/pdbe/static/files/pdbechem_v2/CES_500.svg
暂缓,P3,CEW,"(2R)-2-[(1R)-1-({[(2R)-2-amino-2,3-dihydro-1,3-thiazol-4-yl](methoxyimino)acetyl}amino)-2-oxoethyl]-5-methyl-3,6-dihydro-2H-1,3-thiazine-4-carboxylic acid",,其他候选,需确认,未进入使用审计,0,0,,结构可能合理，但单体身份、偶联条件或复杂度证据不足，暂不进入研发候选库,分子量超过300 Da，需确认偶联、脱保护和总环肽体积负担；杂原子较多，可能带来较高极性或多重保护需求；CCD未指定标准氨基酸母体,C14 H19 N5 O5 S2,401.461,,NON-POLYMER,1,CC1=C(N[C@H](SC1)[C@@H](C=O)NC(=O)C(=NOC)C2=CSC(N2)N)C(=O)O,https://www.rcsb.org/ligand/CEW,https://www.ebi.ac.uk/pdbe/static/files/pdbechem_v2/CEW_500.svg
暂缓,P3,CG8,"(2~{S})-2-azanyl-3-[6-methyl-2,4-bis(oxidanylidene)-5,7-dihydropyrrolo[3,4-d]pyrimidin-1-yl]propanoic acid",,其他候选,需确认,未进入使用审计,0,0,,结构可能合理，但单体身份、偶联条件或复杂度证据不足，暂不进入研发候选库,含预先形成的酰胺键，需确认主链氨基是否仍可偶联；CCD未指定标准氨基酸母体,C10 H14 N4 O4,254.243,,NON-POLYMER,1,CN1CC2=C(C1)N(C(=O)NC2=O)C[C@@H](C(=O)O)N,https://www.rcsb.org/ligand/CG8,https://www.ebi.ac.uk/pdbe/static/files/pdbechem_v2/CG8_500.svg
暂缓,P3,CGW,"(2~{S})-2-azanyl-3-[2,4-bis(oxidanylidene)-5,7-dihydrothieno[3,4-d]pyrimidin-1-yl]propanoic acid",,其他候选,需确认,未进入使用审计,0,0,,结构可能合理，但单体身份、偶联条件或复杂度证据不足，暂不进入研发候选库,含预先形成的酰胺键，需确认主链氨基是否仍可偶联；CCD未指定标准氨基酸母体,C9 H11 N3 O4 S,257.266,,NON-POLYMER,1,C1C2=C(CS1)N(C(=O)NC2=O)C[C@@H](C(=O)O)N,https://www.rcsb.org/ligand/CGW,https://www.ebi.ac.uk/pdbe/static/files/pdbechem_v2/CGW_500.svg
暂缓,P3,CHF,CYCLOHEXYLFLUOROSTATONE,,构象限制,需确认,未进入使用审计,0,0,,结构可能合理，但单体身份、偶联条件或复杂度证据不足，暂不进入研发候选库,CCD未指定标准氨基酸母体,C11 H19 F2 N O4,267.27,,peptide-like,3,C1CCC(CC1)C[C@@H](C(C(C(=O)O)(F)F)(O)O)N,https://www.rcsb.org/ligand/CHF,https://www.ebi.ac.uk/pdbe/static/files/pdbechem_v2/CHF_500.svg
暂缓,P3,CIL,CILASTATIN,,其他候选,需确认,未进入使用审计,0,0,,结构可能合理，但单体身份、偶联条件或复杂度证据不足，暂不进入研发候选库,分子量超过300 Da，需确认偶联、脱保护和总环肽体积负担；含预先形成的酰胺键，需确认主链氨基是否仍可偶联；CCD未指定标准氨基酸母体,C16 H26 N2 O5 S,358.453,,NON-POLYMER,1,CC1(C[C@@H]1C(=O)N/C(=C\CCCCSCC(C(=O)O)N)/C(=O)O)C,https://www.rcsb.org/ligand/CIL,https://www.ebi.ac.uk/pdbe/static/files/pdbechem_v2/CIL_500.svg
暂缓,P3,CKA,7-Chlorokynurenic acid,7-CKA,卤代/电子调节,需确认,未进入使用审计,0,0,,结构可能合理，但单体身份、偶联条件或复杂度证据不足，暂不进入研发候选库,CCD未指定标准氨基酸母体,C10 H6 Cl N O3,223.613,,NON-POLYMER,1,c1cc2c(cc1Cl)NC(=CC2=O)C(=O)O,https://www.rcsb.org/ligand/CKA,https://www.ebi.ac.uk/pdbe/static/files/pdbechem_v2/CKA_500.svg
暂缓,P3,CKU,"(3~{S},4~{R},5~{R})-4,5-bis(oxidanyl)-1-propyl-piperidine-3-carboxylic acid",,其他候选,需确认,未进入使用审计,0,0,,结构可能合理，但单体身份、偶联条件或复杂度证据不足，暂不进入研发候选库,CCD未指定标准氨基酸母体,C9 H17 N O4,203.236,,NON-POLYMER,2,CCCN1C[C@@H]([C@H]([C@@H](C1)O)O)C(=O)O,https://www.rcsb.org/ligand/CKU,https://www.ebi.ac.uk/pdbe/static/files/pdbechem_v2/CKU_500.svg
暂缓,P3,CKX,"(2~{S},3~{S},4~{R},5~{R})-4,5-bis(oxidanyl)-2-propyl-piperidine-3-carboxylic acid",,其他候选,需确认,未进入使用审计,0,0,,结构可能合理，但单体身份、偶联条件或复杂度证据不足，暂不进入研发候选库,CCD未指定标准氨基酸母体,C9 H17 N O4,203.236,,NON-POLYMER,2,CCC[C@H]1[C@@H]([C@H]([C@@H](CN1)O)O)C(=O)O,https://www.rcsb.org/ligand/CKX,https://www.ebi.ac.uk/pdbe/static/files/pdbechem_v2/CKX_500.svg
排除,P3,CLN,SULFUR SUBSTITUTED PROTOPORPHYRIN IX,,其他候选,否,未进入使用审计,0,0,,含金属元素，不属于常规肽合成单体；分子量超过500 Da，优先判断为复杂整分子,分子量超过300 Da，需确认偶联、脱保护和总环肽体积负担；CCD未指定标准氨基酸母体,C34 H32 Fe N4 O4 S,648.552,,NON-POLYMER,4,Cc1c2n3c(c1CCC(=O)O)C=C4C(=C(C5=[N]4[Fe]36[N]7=C(C=C8N6C(=C5)C(=C8C=C)C)[C@]9(C(C7=C2)C=CS9)C)C)CCC(=O)O,https://www.rcsb.org/ligand/CLN,https://www.ebi.ac.uk/pdbe/static/files/pdbechem_v2/CLN_500.svg
暂缓,P3,CMV,"(2R,4S)-2-[(1R)-1-({(2R)-2-[(4-ethyl-2,3-dioxopiperazin-1-yl)amino]-2-phenylacetyl}amino)-2-oxoethyl]-5,5-dimethyl-1,3-thiazolidine-4-carboxylic acid",,芳香/疏水侧链,需确认,未进入使用审计,0,0,,结构可能合理，但单体身份、偶联条件或复杂度证据不足，暂不进入研发候选库,分子量超过300 Da，需确认偶联、脱保护和总环肽体积负担；杂原子较多，可能带来较高极性或多重保护需求；含预先形成的酰胺键，需确认主链氨基是否仍可偶联；CCD未指定标准氨基酸母体,C22 H29 N5 O6 S,491.561,,NON-POLYMER,1,CCN1CCN(C(=O)C1=O)N[C@H](c2ccccc2)C(=O)N[C@H](C=O)[C@@H]3N[C@H](C(S3)(C)C)C(=O)O,https://www.rcsb.org/ligand/CMV,https://www.ebi.ac.uk/pdbe/static/files/pdbechem_v2/CMV_500.svg
暂缓,P3,CN0,"(2~{S},3~{R},4~{R},5~{S})-3,4,5-tris(oxidanyl)piperidine-2-carboxylic acid",,其他候选,需确认,未进入使用审计,0,0,,结构可能合理，但单体身份、偶联条件或复杂度证据不足，暂不进入研发候选库,CCD未指定标准氨基酸母体,C6 H11 N O5,177.155,,NON-POLYMER,1,C1[C@@H]([C@H]([C@@H]([C@H](N1)C(=O)O)O)O)O,https://www.rcsb.org/ligand/CN0,https://www.ebi.ac.uk/pdbe/static/files/pdbechem_v2/CN0_500.svg
排除,P3,CNZ,L-gamma-glutamyl-S-(2-biphenyl-4-yl-2-oxoethyl)-L-cysteinylglycine,,芳香/疏水侧链,否,未进入使用审计,0,0,,分子量超过500 Da，优先判断为复杂整分子,分子量超过300 Da，需确认偶联、脱保护和总环肽体积负担；杂原子较多，可能带来较高极性或多重保护需求；含预先形成的酰胺键，需确认主链氨基是否仍可偶联；CCD未指定标准氨基酸母体,C24 H28 N3 O7 S,502.56,,NON-POLYMER,1,c1ccc(cc1)c2ccc(cc2)C(=O)CSC[C@@H](C(=O)NCC(=O)O)NC(=O)CC[C@@H](C(=O)O)[NH3+],https://www.rcsb.org/ligand/CNZ,https://www.ebi.ac.uk/pdbe/static/files/pdbechem_v2/CNZ_500.svg
排除,P3,COH,PROTOPORPHYRIN IX CONTAINING CO,,其他候选,否,未进入使用审计,0,0,,含金属元素，不属于常规肽合成单体；分子量超过500 Da，优先判断为复杂整分子,分子量超过300 Da，需确认偶联、脱保护和总环肽体积负担；CCD未指定标准氨基酸母体,C34 H32 Co N4 O4,619.575,,NON-POLYMER,4,Cc1c2n3c(c1CCC(=O)O)C=C4C(=C(C5=[N]4[Co]36[N]7=C(C=C8N6C(=C5)C(=C8C=C)C)C(=C(C7=C2)C=C)C)C)CCC(=O)O,https://www.rcsb.org/ligand/COH,https://www.ebi.ac.uk/pdbe/static/files/pdbechem_v2/COH_500.svg
排除,P3,COJ,HYDROGENOBYRINIC ACID,,其他候选,否,未进入使用审计,0,0,,分子量超过500 Da，优先判断为复杂整分子,分子量超过300 Da，需确认偶联、脱保护和总环肽体积负担；杂原子较多，可能带来较高极性或多重保护需求；CCD未指定标准氨基酸母体,C45 H60 N4 O14,880.976,,NON-POLYMER,3,C/C/1=C/2\[C@H]([C@]([C@@](N2)([C@H]3[C@@H]([C@@](C(=N3)/C(=C\4/[C@@H](C(C(=N4)\C=C/5\[C@H]([C@](C1=N5)(C)CC(=O)O)CCC(=O)O)(C)C)CCC(=O)O)/C)(C)CCC(=O)O)CC(=O)O)C)(C)CC(=O)O)CCC(=O)O,https://www.rcsb.org/ligand/COJ,https://www.ebi.ac.uk/pdbe/static/files/pdbechem_v2/COJ_500.svg
排除,P3,CSC,4-(3-ACETOXYMETHYL-2-CARBOXY-8-OXO-5-THIA-1-AZA-BICYCLO[4.2.0]OCT-2-EN-7-YLCARBAMOYL)-1-CARBOXY-BUTYL-AMMONIUM,CEPHALOSPORIN C,其他候选,否,未进入使用审计,0,0,,名称明确提示药物、抗生素或反应中间体,分子量超过300 Da，需确认偶联、脱保护和总环肽体积负担；杂原子较多，可能带来较高极性或多重保护需求；CCD未指定标准氨基酸母体,C16 H22 N3 O8 S,416.426,,NON-POLYMER,1,CC(=O)OCC1=C(N2[C@@H]([C@@H](C2=O)NC(=O)CCC[C@H](C(=O)O)[NH3+])SC1)C(=O)O,https://www.rcsb.org/ligand/CSC,https://www.ebi.ac.uk/pdbe/static/files/pdbechem_v2/CSC_500.svg
排除,P3,CTJ,"1-({(2R)-2-[(1R)-1-{[(2Z)-2-(2-amino-1,3-thiazol-4-yl)-2-{[(2-carboxypropan-2-yl)oxy]imino}acetyl]amino}-2-oxoethyl]-4-carboxy-3,6-dihydro-2H-1,3-thiazin-5-yl}methyl)pyridinium",,芳香/疏水侧链,否,未进入使用审计,0,0,,分子量超过500 Da，优先判断为复杂整分子,分子量超过300 Da，需确认偶联、脱保护和总环肽体积负担；杂原子较多，可能带来较高极性或多重保护需求；含预先形成的酰胺键，需确认主链氨基是否仍可偶联；CCD未指定标准氨基酸母体,C22 H25 N6 O7 S2,549.6,,NON-POLYMER,1,CC(C)(C(=O)O)O/N=C(/c1csc(n1)N)\C(=O)N[C@H](C=O)[C@@H]2NC(=C(CS2)C[n+]3ccccc3)C(=O)O,https://www.rcsb.org/ligand/CTJ,https://www.ebi.ac.uk/pdbe/static/files/pdbechem_v2/CTJ_500.svg
排除,P3,CTW,"N-(4-fluorobenzoyl)-L-gamma-glutamyl-5-{[(S)-{[(1S)-1,3-dicarboxypropyl]amino}(hydroxy)phosphoryl]oxy}-L-norvaline",,卤代/电子调节,否,未进入使用审计,0,0,,分子量超过500 Da，优先判断为复杂整分子,分子量超过300 Da，需确认偶联、脱保护和总环肽体积负担；杂原子较多，可能带来较高极性或多重保护需求；含磷酸/膦酸相关结构，通常不利于被动跨膜；含预先形成的酰胺键，需确认主链氨基是否仍可偶联；CCD未指定标准氨基酸母体,C22 H29 F N3 O13 P,593.45,,peptide-like,3,c1cc(ccc1C(=O)N[C@@H](CCC(=O)N[C@@H](CCCOP(=O)(N[C@@H](CCC(=O)O)C(=O)O)O)C(=O)O)C(=O)O)F,https://www.rcsb.org/ligand/CTW,https://www.ebi.ac.uk/pdbe/static/files/pdbechem_v2/CTW_500.svg
暂缓,P3,CUG,"(2R)-2-[(S)-{[(2E)-2-(2-amino-1,3-thiazol-4-yl)-2-(methoxyimino)acetyl]amino}(carboxy)methyl]-5-(hydroxymethyl)-3,6-dihydro-2H-1,3-thiazine-4-carboxylic acid",,其他候选,需确认,未进入使用审计,0,0,,结构可能合理，但单体身份、偶联条件或复杂度证据不足，暂不进入研发候选库,分子量超过300 Da，需确认偶联、脱保护和总环肽体积负担；杂原子较多，可能带来较高极性或多重保护需求；含预先形成的酰胺键，需确认主链氨基是否仍可偶联；CCD未指定标准氨基酸母体,C14 H17 N5 O7 S2,431.444,,NON-POLYMER,1,CO/N=C(\c1csc(n1)N)/C(=O)N[C@H]([C@@H]2NC(=C(CS2)CO)C(=O)O)C(=O)O,https://www.rcsb.org/ligand/CUG,https://www.ebi.ac.uk/pdbe/static/files/pdbechem_v2/CUG_500.svg
排除,P3,CV0,MESOPORPHYRIN IX CONTAINING Rh,,其他候选,否,未进入使用审计,0,0,,含金属元素，不属于常规肽合成单体；分子量超过500 Da，优先判断为复杂整分子,分子量超过300 Da，需确认偶联、脱保护和总环肽体积负担；CCD未指定标准氨基酸母体,C34 H36 N4 O4 Rh,667.58,,NON-POLYMER,4,CCc1c(c2n3c1C=C4C(=C(C5=[N]4[Rh]36[N]7=C(C=C8N6C(=C5)C(=C8CCC(=O)O)C)C(=C(C7=C2)C)CCC(=O)O)CC)C)C,https://www.rcsb.org/ligand/CV0,https://www.ebi.ac.uk/pdbe/static/files/pdbechem_v2/CV0_500.svg
暂缓,P3,CWL,(3R)-3-[(1R)-1-azanylethyl]nonanedioic acid,,其他候选,需确认,未进入使用审计,0,0,,结构可能合理，但单体身份、偶联条件或复杂度证据不足，暂不进入研发候选库,CCD未指定标准氨基酸母体,C11 H21 N O4,231.289,,NON-POLYMER,3,C[C@H]([C@H](CCCCCC(=O)O)CC(=O)O)N,https://www.rcsb.org/ligand/CWL,https://www.ebi.ac.uk/pdbe/static/files/pdbechem_v2/CWL_500.svg
排除,P3,CXU,CLOXACILLIN (OPEN FORM),"(2R,4S)-2-[(1R)-1-({[3-(2-chlorophenyl)-5-methyl-1,2-oxazol-4-yl]carbonyl}amino)-2-oxoethyl]-5,5-dimethyl-1,3-thiazolidine-4-carboxylic acid",卤代/电子调节,否,未进入使用审计,0,0,,名称明确提示药物、抗生素或反应中间体,分子量超过300 Da，需确认偶联、脱保护和总环肽体积负担；含预先形成的酰胺键，需确认主链氨基是否仍可偶联；CCD未指定标准氨基酸母体,C19 H20 Cl N3 O5 S,437.897,,NON-POLYMER,1,Cc1c(c(no1)c2ccccc2Cl)C(=O)N[C@H](C=O)[C@@H]3N[C@H](C(S3)(C)C)C(=O)O,https://www.rcsb.org/ligand/CXU,https://www.ebi.ac.uk/pdbe/static/files/pdbechem_v2/CXU_500.svg
排除,P3,CXV,"(2R,4S)-2-[(1S)-1-({[3-(2-chlorophenyl)-5-methyl-1,2-oxazol-4-yl]carbonyl}amino)-2-oxoethyl]-5,5-dimethyl-1,3-thiazolid ine-4-carboxylic acid",CLOXACILLIN open form (1R form),卤代/电子调节,否,未进入使用审计,0,0,,名称明确提示药物、抗生素或反应中间体,分子量超过300 Da，需确认偶联、脱保护和总环肽体积负担；含预先形成的酰胺键，需确认主链氨基是否仍可偶联；CCD未指定标准氨基酸母体,C19 H20 Cl N3 O5 S,437.897,,NON-POLYMER,1,Cc1c(c(no1)c2ccccc2Cl)C(=O)N[C@@H](C=O)[C@@H]3N[C@H](C(S3)(C)C)C(=O)O,https://www.rcsb.org/ligand/CXV,https://www.ebi.ac.uk/pdbe/static/files/pdbechem_v2/CXV_500.svg
排除,P3,D39,(2~{S})-2-azanyl-3-[[(2~{R})-3-hexadecanoyloxy-2-[(~{Z})-octadec-9-enoyl]oxy-propoxy]-oxidanyl-phosphoryl]oxy-propanoic acid,,其他候选,否,未进入使用审计,0,0,,分子量超过500 Da，优先判断为复杂整分子,分子量超过300 Da，需确认偶联、脱保护和总环肽体积负担；杂原子较多，可能带来较高极性或多重保护需求；含磷酸/膦酸相关结构，通常不利于被动跨膜；CCD未指定标准氨基酸母体,C40 H76 N O10 P,762.006,,NON-POLYMER,1,CCCCCCCCCCCCCCCC(=O)OC[C@H](COP(=O)(O)OC[C@@H](C(=O)O)N)OC(=O)CCCCCCC/C=C\CCCCCCCC,https://www.rcsb.org/ligand/D39,https://www.ebi.ac.uk/pdbe/static/files/pdbechem_v2/D39_500.svg
暂缓,P3,D85,"3-[[5-chloranyl-4-(4-chlorophenyl)-1,3-thiazol-2-yl]-(4-sulfamoylphenyl)amino]propanoic acid",,卤代/电子调节,需确认,未进入使用审计,0,0,,结构可能合理，但单体身份、偶联条件或复杂度证据不足，暂不进入研发候选库,分子量超过300 Da，需确认偶联、脱保护和总环肽体积负担；CCD未指定标准氨基酸母体,C18 H15 Cl2 N3 O4 S2,472.365,,non-polymer,2,c1cc(ccc1c2c(sc(n2)N(CCC(=O)O)c3ccc(cc3)S(=O)(=O)N)Cl)Cl,https://www.rcsb.org/ligand/D85,https://www.ebi.ac.uk/pdbe/static/files/pdbechem_v2/D85_500.svg
暂缓,P3,D9G,"N-DODECYL-N,N-DIMETHYLGLYCINATE",,其他候选,需确认,未进入使用审计,0,0,,结构可能合理，但单体身份、偶联条件或复杂度证据不足，暂不进入研发候选库,CCD未指定标准氨基酸母体,C16 H33 N O2,271.439,,NON-POLYMER,1,CCCCCCCCCCCC[N+](C)(C)CC(=O)[O-],https://www.rcsb.org/ligand/D9G,https://www.ebi.ac.uk/pdbe/static/files/pdbechem_v2/D9G_500.svg
暂缓,P3,D9I,"3-[(5-ethoxycarbonyl-4-methyl-1,3-thiazol-2-yl)-(4-sulfamoylphenyl)amino]propanoic acid",,芳香/疏水侧链,需确认,未进入使用审计,0,0,,结构可能合理，但单体身份、偶联条件或复杂度证据不足，暂不进入研发候选库,分子量超过300 Da，需确认偶联、脱保护和总环肽体积负担；杂原子较多，可能带来较高极性或多重保护需求；CCD未指定标准氨基酸母体,C16 H19 N3 O6 S2,413.469,,non-polymer,2,CCOC(=O)c1c(nc(s1)N(CCC(=O)O)c2ccc(cc2)S(=O)(=O)N)C,https://www.rcsb.org/ligand/D9I,https://www.ebi.ac.uk/pdbe/static/files/pdbechem_v2/D9I_500.svg
暂缓,P3,DCK,"(2S)-3-carboxy-2-hydroxy-N,N,N-trimethylpropan-1-aminium",D-carnitine,D-构型,需确认,未进入使用审计,0,0,,结构可能合理，但单体身份、偶联条件或复杂度证据不足，暂不进入研发候选库,CCD未指定标准氨基酸母体,C7 H16 N O3,162.207,,NON-POLYMER,3,C[N+](C)(C)C[C@H](CC(=O)O)O,https://www.rcsb.org/ligand/DCK,https://www.ebi.ac.uk/pdbe/static/files/pdbechem_v2/DCK_500.svg
排除,P3,DDH,"[7,12-DEACETYL-3,8,13,17-TETRAMETHYL-21H,23H-PORPHINE-2,18-DIPROPANOATO(2-)-N21,N22,N23,N24]-IRON",DIACETYLDEUTEROHEME,其他候选,否,未进入使用审计,0,0,,含金属元素，不属于常规肽合成单体；分子量超过500 Da，优先判断为复杂整分子,分子量超过300 Da，需确认偶联、脱保护和总环肽体积负担；杂原子较多，可能带来较高极性或多重保护需求；CCD未指定标准氨基酸母体,C34 H32 Fe N4 O6,648.486,,NON-POLYMER,4,Cc1c2n3c(c1C(=O)C)C=C4C(=C(C5=[N]4[Fe]36[N]7=C(C=C8N6C(=C5)C(=C8C)CCC(=O)O)C(=C(C7=C2)C(=C)O)C)CCC(=O)O)C,https://www.rcsb.org/ligand/DDH,https://www.ebi.ac.uk/pdbe/static/files/pdbechem_v2/DDH_500.svg
排除,P3,DDT,"N,O-DIDANSYL-L-TYROSINE",,其他候选,否,未进入使用审计,0,0,,分子量超过500 Da，优先判断为复杂整分子,分子量超过300 Da，需确认偶联、脱保护和总环肽体积负担；杂原子较多，可能带来较高极性或多重保护需求；CCD未指定标准氨基酸母体,C33 H33 N3 O7 S2,647.761,,NON-POLYMER,1,CN(C)c1cccc2c1cccc2S(=O)(=O)N[C@@H](Cc3ccc(cc3)OS(=O)(=O)c4cccc5c4cccc5N(C)C)C(=O)O,https://www.rcsb.org/ligand/DDT,https://www.ebi.ac.uk/pdbe/static/files/pdbechem_v2/DDT_500.svg
暂缓,P3,DGE,"(2S,3R,4S)-4-{[1-(4,5-dihydro-1,3-thiazol-2-yl)azetidin-3-yl]sulfanyl}-2-[(2S,3R)-3-hydroxy-1-oxobutan-2-yl]-3-methyl-3,4-dihydro-2H-pyrrole-5-carboxylic acid","TEBIPENEM PRODUCT, BOUND FORM",其他候选,需确认,未进入使用审计,0,0,,结构可能合理，但单体身份、偶联条件或复杂度证据不足，暂不进入研发候选库,分子量超过300 Da，需确认偶联、脱保护和总环肽体积负担；CCD未指定标准氨基酸母体,C16 H23 N3 O4 S2,385.502,,NON-POLYMER,4,C[C@H]1[C@@H](C(=N[C@H]1[C@H](C=O)[C@@H](C)O)C(=O)O)SC2CN(C2)C3=NCCS3,https://www.rcsb.org/ligand/DGE,https://www.ebi.ac.uk/pdbe/static/files/pdbechem_v2/DGE_500.svg
排除,P3,DHE,HEME D,,D-构型,否,未进入使用审计,0,0,,含金属元素，不属于常规肽合成单体；名称提示核苷酸、辅因子或整分子缀合物；分子量超过500 Da，优先判断为复杂整分子,分子量超过300 Da，需确认偶联、脱保护和总环肽体积负担；杂原子较多，可能带来较高极性或多重保护需求；CCD未指定标准氨基酸母体,C34 H32 Fe N4 O10,712.484,,NON-POLYMER,3,Cc1c2n3c(c1CCC(=O)O)C=C4C(=C(C5=CC6=[N]7[Fe]3(N45)[N]8=C(C=C7[C@@](C6=O)(C)CC(=O)O)C(=O)[C@](C8=C2)(C)CC(=O)O)C)CCC(=O)O,https://www.rcsb.org/ligand/DHE,https://www.ebi.ac.uk/pdbe/static/files/pdbechem_v2/DHE_500.svg
暂缓,P3,DIQ,2-METHYL-DECAHYDRO-ISOQUINOLINE-3-CARBOXYLIC ACID,,其他候选,需确认,未进入使用审计,0,0,,结构可能合理，但单体身份、偶联条件或复杂度证据不足，暂不进入研发候选库,CCD未指定标准氨基酸母体,C11 H19 N O2,197.274,,NON-POLYMER,1,C[N@@]1C[C@H]2CCCC[C@H]2C[C@H]1C(=O)O,https://www.rcsb.org/ligand/DIQ,https://www.ebi.ac.uk/pdbe/static/files/pdbechem_v2/DIQ_500.svg
暂缓,P3,DLT,"3-Carboxy-N-(2-fluoroethyl)-N,N-dimethylpropan-1-aminium",,卤代/电子调节,需确认,未进入使用审计,0,0,,结构可能合理，但单体身份、偶联条件或复杂度证据不足，暂不进入研发候选库,CCD未指定标准氨基酸母体,C8 H17 F N O2,178.224,,non-polymer,3,C[N+](C)(CCCC(=O)O)CCF,https://www.rcsb.org/ligand/DLT,https://www.ebi.ac.uk/pdbe/static/files/pdbechem_v2/DLT_500.svg
暂缓,P3,DO3,"10-((2R)-2-HYDROXYPROPYL)-1,4,7,10-TETRAAZACYCLODODECANE 1,4,7-TRIACETIC ACID",,其他候选,需确认,未进入使用审计,0,0,,结构可能合理，但单体身份、偶联条件或复杂度证据不足，暂不进入研发候选库,分子量超过300 Da，需确认偶联、脱保护和总环肽体积负担；杂原子较多，可能带来较高极性或多重保护需求；CCD未指定标准氨基酸母体,C17 H32 N4 O7,404.459,,NON-POLYMER,1,C[C@H](CN1CC[N@](CCN(CC[N@](CC1)CC(=O)O)CC(=O)O)CC(=O)O)O,https://www.rcsb.org/ligand/DO3,https://www.ebi.ac.uk/pdbe/static/files/pdbechem_v2/DO3_500.svg
排除,P3,DOE,"(S)-2-(4-(2-(2-HYDROXYETHYLTHIO)-ACETAMIDO)-BENZYL)-1,4,7,10-TETRAAZACYCLODODECANE-N,N',N'',N'''-TETRAACETATE",,其他候选,否,未进入使用审计,0,0,,分子量超过500 Da，优先判断为复杂整分子,分子量超过300 Da，需确认偶联、脱保护和总环肽体积负担；杂原子较多，可能带来较高极性或多重保护需求；CCD未指定标准氨基酸母体,C27 H41 N5 O10 S,627.707,,NON-POLYMER,1,c1cc(ccc1C[C@H]2C[N@](CC[N@](CC[N@](CC[N@]2CC(=O)O)CC(=O)O)CC(=O)O)CC(=O)O)NC(=O)CSCCO,https://www.rcsb.org/ligand/DOE,https://www.ebi.ac.uk/pdbe/static/files/pdbechem_v2/DOE_500.svg
排除,P3,DOF,"(S)-2-(4-NITROBENZYL)-1,4,7,10-TETRAAZACYCLODODECANE-N,N',N'',N'''-TETRAACETATE",,其他候选,否,未进入使用审计,0,0,,分子量超过500 Da，优先判断为复杂整分子,分子量超过300 Da，需确认偶联、脱保护和总环肽体积负担；杂原子较多，可能带来较高极性或多重保护需求；CCD未指定标准氨基酸母体,C23 H33 N5 O10,539.536,,NON-POLYMER,1,c1cc(ccc1C[C@H]2C[N@](CC[N@](CC[N@](CC[N@]2CC(=O)O)CC(=O)O)CC(=O)O)CC(=O)O)[N+](=O)[O-],https://www.rcsb.org/ligand/DOF,https://www.ebi.ac.uk/pdbe/static/files/pdbechem_v2/DOF_500.svg
暂缓,P3,DOQ,"(2S,3S,4S)-2-CARBOXY-4-[(1Z,3E,5R)-5-CARBOXY-1-METHYL-1,3-HEXADIENYL]-3-PYRROLIDINEACETIC ACID","(2S,3S,4S)-3-CARBOXYMETHYL-4-[(1Z,3E,5R)-5-CARBOXY-1-METHYL-HEXA-1,3-DIENYL]-PYRROLIDINE-2-CARBOXYLIC ACID; DOMOIC ACID",其他候选,需确认,未进入使用审计,0,0,,结构可能合理，但单体身份、偶联条件或复杂度证据不足，暂不进入研发候选库,分子量超过300 Da，需确认偶联、脱保护和总环肽体积负担；杂原子较多，可能带来较高极性或多重保护需求；CCD未指定标准氨基酸母体,C15 H21 N O6,311.33,,NON-POLYMER,3,C[C@H](\C=C\C=C(\C)/[C@H]1CN[C@@H]([C@H]1CC(=O)O)C(=O)O)C(=O)O,https://www.rcsb.org/ligand/DOQ,https://www.ebi.ac.uk/pdbe/static/files/pdbechem_v2/DOQ_500.svg
排除,P3,DPS,3-(1H-INDOL-3-YL)-2-[4-(4-PHENYL-PIPERIDIN-1-YL)-BENZENESULFONYLAMINO]-PROPIONIC ACID,,芳香/疏水侧链,否,未进入使用审计,0,0,,分子量超过500 Da，优先判断为复杂整分子,分子量超过300 Da，需确认偶联、脱保护和总环肽体积负担；CCD未指定标准氨基酸母体,C28 H29 N3 O4 S,503.613,,NON-POLYMER,1,c1ccc(cc1)C2CCN(CC2)c3ccc(cc3)S(=O)(=O)N[C@@H](Cc4c[nH]c5c4cccc5)C(=O)O,https://www.rcsb.org/ligand/DPS,https://www.ebi.ac.uk/pdbe/static/files/pdbechem_v2/DPS_500.svg
暂缓,P3,DQ6,"(2S)-2-AMINO-5-(3-METHYLPHENYL)-5,5-DIPHENYLPROPANOIC ACID",,芳香/疏水侧链,需确认,未进入使用审计,0,0,,结构可能合理，但单体身份、偶联条件或复杂度证据不足，暂不进入研发候选库,分子量超过300 Da，需确认偶联、脱保护和总环肽体积负担；CCD未指定标准氨基酸母体,C24 H25 N O2,359.461,,non-polymer,1,Cc1cccc(c1)C(CC[C@@H](C(=O)O)N)(c2ccccc2)c3ccccc3,https://www.rcsb.org/ligand/DQ6,https://www.ebi.ac.uk/pdbe/static/files/pdbechem_v2/DQ6_500.svg
暂缓,P3,DQ7,"(2R)-2-AMINO-5-(3-METHYLPHENYL)-5,5-DIPHENYLPROPANOIC ACID",,芳香/疏水侧链,需确认,未进入使用审计,0,0,,结构可能合理，但单体身份、偶联条件或复杂度证据不足，暂不进入研发候选库,分子量超过300 Da，需确认偶联、脱保护和总环肽体积负担；CCD未指定标准氨基酸母体,C24 H25 N O2,359.461,,non-polymer,1,Cc1cccc(c1)C(CC[C@H](C(=O)O)N)(c2ccccc2)c3ccccc3,https://www.rcsb.org/ligand/DQ7,https://www.ebi.ac.uk/pdbe/static/files/pdbechem_v2/DQ7_500.svg
排除,P3,DQM,"(2~{S},3~{R},4~{S})-2-[(2~{S},3~{R})-1,3-bis(oxidanyl)-1-oxidanylidene-butan-2-yl]-3-methyl-4-[(3~{S},5~{S})-5-[(sulfamoylamino)methyl]pyrrolidin-3-yl]sulfanyl-3,4-dihydro-2~{H}-pyrrole-5-carboxylic acid",Hydrolyzed Doripenem,其他候选,否,未进入使用审计,0,0,,名称明确提示药物、抗生素或反应中间体,分子量超过300 Da，需确认偶联、脱保护和总环肽体积负担；杂原子较多，可能带来较高极性或多重保护需求；CCD未指定标准氨基酸母体,C15 H26 N4 O7 S2,438.52,,NON-POLYMER,2,C[C@H]1[C@@H](C(=N[C@H]1[C@@H]([C@@H](C)O)C(=O)O)C(=O)O)S[C@H]2C[C@H](NC2)CNS(=O)(=O)N,https://www.rcsb.org/ligand/DQM,https://www.ebi.ac.uk/pdbe/static/files/pdbechem_v2/DQM_500.svg
排除,P3,DRW,"(2S,3R,4S)-2-[(2S,3R)-3-hydroxy-1-oxobutan-2-yl]-3-methyl-4-({(3S,5S)-5-[(sulfamoylamino)methyl]pyrrolidin-3-yl}sulfanyl)-3,4-dihydro-2H-pyrrole-5-carboxylic acid","Doripenem(open form, pyrroline tautomer form 2, SP3 connection to Thio as S isomer)",其他候选,否,未进入使用审计,0,0,,名称明确提示药物、抗生素或反应中间体,分子量超过300 Da，需确认偶联、脱保护和总环肽体积负担；杂原子较多，可能带来较高极性或多重保护需求；CCD未指定标准氨基酸母体,C15 H26 N4 O6 S2,422.52,,NON-POLYMER,4,C[C@H]1[C@@H](C(=N[C@H]1[C@H](C=O)[C@@H](C)O)C(=O)O)S[C@H]2C[C@H](NC2)CNS(=O)(=O)N,https://www.rcsb.org/ligand/DRW,https://www.ebi.ac.uk/pdbe/static/files/pdbechem_v2/DRW_500.svg
暂缓,P3,DSV,"N-(dibenzo[b,d]thiophen-3-ylsulfonyl)-L-valine",,其他候选,需确认,未进入使用审计,0,0,,结构可能合理，但单体身份、偶联条件或复杂度证据不足，暂不进入研发候选库,分子量超过300 Da，需确认偶联、脱保护和总环肽体积负担；CCD未指定标准氨基酸母体,C17 H17 N O4 S2,363.451,,NON-POLYMER,1,CC(C)[C@@H](C(=O)O)NS(=O)(=O)c1ccc2c3ccccc3sc2c1,https://www.rcsb.org/ligand/DSV,https://www.ebi.ac.uk/pdbe/static/files/pdbechem_v2/DSV_500.svg
排除,P3,DSZ,5'-O-(L-alpha-aspartylsulfamoyl)adenosine,,其他候选,否,未进入使用审计,0,0,,名称提示核苷酸、辅因子或整分子缀合物,分子量超过300 Da，需确认偶联、脱保护和总环肽体积负担；杂原子较多，可能带来较高极性或多重保护需求；CCD未指定标准氨基酸母体,C14 H19 N7 O9 S,461.407,,NON-POLYMER,2,c1nc(c2c(n1)n(cn2)[C@H]3[C@@H]([C@@H]([C@H](O3)COS(=O)(=O)NC(=O)[C@H](CC(=O)O)N)O)O)N,https://www.rcsb.org/ligand/DSZ,https://www.ebi.ac.uk/pdbe/static/files/pdbechem_v2/DSZ_500.svg
排除,P3,DUE,(2~{S})-2-[[3-[[5-[4-(aminomethyl)phenyl]-1-benzofuran-7-yl]sulfonylamino]thiophen-2-yl]carbonylamino]-5-carbamimidamido-pentanoic acid,,芳香/疏水侧链,否,未进入使用审计,0,0,,分子量超过500 Da，优先判断为复杂整分子,分子量超过300 Da，需确认偶联、脱保护和总环肽体积负担；杂原子较多，可能带来较高极性或多重保护需求；CCD未指定标准氨基酸母体,C26 H28 N6 O6 S2,584.667,,NON-POLYMER,4,[H]/N=C(/N)\NCCC[C@@H](C(=O)O)NC(=O)c1c(ccs1)NS(=O)(=O)c2cc(cc3c2occ3)c4ccc(cc4)CN,https://www.rcsb.org/ligand/DUE,https://www.ebi.ac.uk/pdbe/static/files/pdbechem_v2/DUE_500.svg
暂缓,P3,DV6,"[(2S)-3-[(2S)-2-(disulfanyl)-2,3-dihydro-1H-imidazol-4-yl]-1-oxidanyl-1-oxidanylidene-propan-2-yl]-trimethyl-azanium",,其他候选,需确认,未进入使用审计,0,0,,结构可能合理，但单体身份、偶联条件或复杂度证据不足，暂不进入研发候选库,CCD未指定标准氨基酸母体,C9 H18 N3 O2 S2,264.388,,NON-POLYMER,1,C[N+](C)(C)[C@@H](CC1=CN[C@@H](N1)SS)C(=O)O,https://www.rcsb.org/ligand/DV6,https://www.ebi.ac.uk/pdbe/static/files/pdbechem_v2/DV6_500.svg
暂缓,P3,DWZ,"(2S,3R,4S)-4-{[(3S,5S)-5-(dimethylcarbamoyl)pyrrolidin-3-yl]sulfanyl}-2-[(2S,3R)-3-hydroxy-1-oxobutan-2-yl]-3-methyl-3,4-dihydro-2H-pyrrole-5-carboxylic acid","Meropenem, bound form",其他候选,需确认,未进入使用审计,0,0,,结构可能合理，但单体身份、偶联条件或复杂度证据不足，暂不进入研发候选库,分子量超过300 Da，需确认偶联、脱保护和总环肽体积负担；含预先形成的酰胺键，需确认主链氨基是否仍可偶联；CCD未指定标准氨基酸母体,C17 H27 N3 O5 S,385.478,,NON-POLYMER,4,C[C@H]1[C@@H](C(=N[C@H]1[C@H](C=O)[C@@H](C)O)C(=O)O)S[C@H]2C[C@H](NC2)C(=O)N(C)C,https://www.rcsb.org/ligand/DWZ,https://www.ebi.ac.uk/pdbe/static/files/pdbechem_v2/DWZ_500.svg
暂缓,P3,DXF,"(2R)-5-[(carbamoyloxy)methyl]-2-[(1R)-1-{[(2Z)-2-(furan-2-yl)-2-(methoxyimino)acetyl]amino}-2-oxoethyl]-3,6-dihydro-2H-1,3-thiazine-4-carboxylic acid","Cefuroxime, bound form",其他候选,需确认,未进入使用审计,0,0,,结构可能合理，但单体身份、偶联条件或复杂度证据不足，暂不进入研发候选库,分子量超过300 Da，需确认偶联、脱保护和总环肽体积负担；杂原子较多，可能带来较高极性或多重保护需求；含预先形成的酰胺键，需确认主链氨基是否仍可偶联；CCD未指定标准氨基酸母体,C16 H18 N4 O8 S,426.401,,NON-POLYMER,1,CO/N=C(/c1ccco1)\C(=O)N[C@H](C=O)[C@@H]2NC(=C(CS2)COC(=O)N)C(=O)O,https://www.rcsb.org/ligand/DXF,https://www.ebi.ac.uk/pdbe/static/files/pdbechem_v2/DXF_500.svg
暂缓,P3,DYW,(2~{S})-1-[(2~{S})-2-azanyl-4-oxidanyl-4-oxidanylidene-butanoyl]pyrrolidine-2-carboxylic acid,,其他候选,需确认,未进入使用审计,0,0,,结构可能合理，但单体身份、偶联条件或复杂度证据不足，暂不进入研发候选库,CCD未指定标准氨基酸母体,C9 H14 N2 O5,230.218,,NON-POLYMER,2,C1C[C@H](N(C1)C(=O)[C@H](CC(=O)O)N)C(=O)O,https://www.rcsb.org/ligand/DYW,https://www.ebi.ac.uk/pdbe/static/files/pdbechem_v2/DYW_500.svg
暂缓,P3,E6F,"(1~{S},2~{S})-2-azanylcyclohexane-1-carboxylic acid",,构象限制,需确认,未进入使用审计,0,0,,结构可能合理，但单体身份、偶联条件或复杂度证据不足，暂不进入研发候选库,CCD未指定标准氨基酸母体,C7 H13 N O2,143.184,,non-polymer,2,C1CC[C@@H]([C@H](C1)C(=O)O)N,https://www.rcsb.org/ligand/E6F,https://www.ebi.ac.uk/pdbe/static/files/pdbechem_v2/E6F_500.svg
暂缓,P3,E6K,"5-[(3,4-dihydroxy-9,10-dioxo-9,10-dihydroanthracene-2-sulfonyl)amino]pentanoic acid",,其他候选,需确认,未进入使用审计,0,0,,结构可能合理，但单体身份、偶联条件或复杂度证据不足，暂不进入研发候选库,分子量超过300 Da，需确认偶联、脱保护和总环肽体积负担；杂原子较多，可能带来较高极性或多重保护需求；CCD未指定标准氨基酸母体,C19 H17 N O8 S,419.405,,non-polymer,4,c1ccc2c(c1)C(=O)c3cc(c(c(c3C2=O)O)O)S(=O)(=O)NCCCCC(=O)O,https://www.rcsb.org/ligand/E6K,https://www.ebi.ac.uk/pdbe/static/files/pdbechem_v2/E6K_500.svg
暂缓,P3,E7W,"(1~{R},2~{S})-2-[[4-[[3-(aminomethyl)phenyl]amino]quinazolin-2-yl]amino]cyclohexane-1-carboxylic acid",,构象限制,需确认,未进入使用审计,0,0,,结构可能合理，但单体身份、偶联条件或复杂度证据不足，暂不进入研发候选库,分子量超过300 Da，需确认偶联、脱保护和总环肽体积负担；杂原子较多，可能带来较高极性或多重保护需求；CCD未指定标准氨基酸母体,C22 H25 N5 O2,391.466,,NON-POLYMER,2,c1ccc2c(c1)c(nc(n2)N[C@H]3CCCC[C@H]3C(=O)O)Nc4cccc(c4)CN,https://www.rcsb.org/ligand/E7W,https://www.ebi.ac.uk/pdbe/static/files/pdbechem_v2/E7W_500.svg
暂缓,P3,E7X,"(2~{S})-4-[[(2~{R},3~{S},4~{R},5~{R})-5-(6-aminopurin-9-yl)-3,4-bis(oxidanyl)oxolan-2-yl]methyl-(2-hydroxyethyl)amino]-2-azaniumyl-butanoate",,其他候选,需确认,未进入使用审计,0,0,,结构可能合理，但单体身份、偶联条件或复杂度证据不足，暂不进入研发候选库,分子量超过300 Da，需确认偶联、脱保护和总环肽体积负担；杂原子较多，可能带来较高极性或多重保护需求；CCD未指定标准氨基酸母体,C16 H25 N7 O6,411.413,,non-polymer,1,c1nc(c2c(n1)n(cn2)[C@H]3[C@@H]([C@@H]([C@H](O3)CN(CC[C@@H](C(=O)[O-])[NH3+])CCO)O)O)N,https://www.rcsb.org/ligand/E7X,https://www.ebi.ac.uk/pdbe/static/files/pdbechem_v2/E7X_500.svg
暂缓,P3,E7Z,1-methyl-5-oxidanyl-4-oxidanylidene-pyridine-2-carboxylic acid,,芳香/疏水侧链,需确认,未进入使用审计,0,0,,结构可能合理，但单体身份、偶联条件或复杂度证据不足，暂不进入研发候选库,CCD未指定标准氨基酸母体,C7 H7 N O4,169.135,,NON-POLYMER,1,CN1C=C(C(=O)C=C1C(=O)O)O,https://www.rcsb.org/ligand/E7Z,https://www.ebi.ac.uk/pdbe/static/files/pdbechem_v2/E7Z_500.svg
暂缓,P3,E88,(2~{S})-2-[[4-[[3-(aminomethyl)phenyl]amino]quinazolin-2-yl]amino]-3-methyl-butanoic acid,,芳香/疏水侧链,需确认,未进入使用审计,0,0,,结构可能合理，但单体身份、偶联条件或复杂度证据不足，暂不进入研发候选库,分子量超过300 Da，需确认偶联、脱保护和总环肽体积负担；杂原子较多，可能带来较高极性或多重保护需求；CCD未指定标准氨基酸母体,C20 H23 N5 O2,365.429,,NON-POLYMER,1,CC(C)[C@@H](C(=O)O)Nc1nc2ccccc2c(n1)Nc3cccc(c3)CN,https://www.rcsb.org/ligand/E88,https://www.ebi.ac.uk/pdbe/static/files/pdbechem_v2/E88_500.svg
暂缓,P3,E8X,"(2~{S},3~{S},4~{R},5~{R})-2-hexyl-4,5-bis(oxidanyl)piperidine-3-carboxylic acid",,其他候选,需确认,未进入使用审计,0,0,,结构可能合理，但单体身份、偶联条件或复杂度证据不足，暂不进入研发候选库,CCD未指定标准氨基酸母体,C12 H23 N O4,245.315,,non-polymer,2,CCCCCC[C@H]1[C@@H]([C@H]([C@@H](CN1)O)O)C(=O)O,https://www.rcsb.org/ligand/E8X,https://www.ebi.ac.uk/pdbe/static/files/pdbechem_v2/E8X_500.svg
暂缓,P3,E9O,"(2~{S},3~{S},4~{R},5~{R})-2-nonyl-4,5-bis(oxidanyl)piperidine-3-carboxylic acid",,其他候选,需确认,未进入使用审计,0,0,,结构可能合理，但单体身份、偶联条件或复杂度证据不足，暂不进入研发候选库,CCD未指定标准氨基酸母体,C15 H29 N O4,287.395,,non-polymer,2,CCCCCCCCC[C@H]1[C@@H]([C@H]([C@@H](CN1)O)O)C(=O)O,https://www.rcsb.org/ligand/E9O,https://www.ebi.ac.uk/pdbe/static/files/pdbechem_v2/E9O_500.svg
暂缓,P3,E9U,(2~{S})-4-[(2~{R})-2-azanyl-3-oxidanyl-3-oxidanylidene-propyl]sulfanyl-2-[(~{E})-[2-methyl-3-oxidanyl-5-(phosphonooxymethyl)pyridin-4-yl]methylideneamino]butanoic acid,,芳香/疏水侧链,需确认,未进入使用审计,0,0,,结构可能合理，但单体身份、偶联条件或复杂度证据不足，暂不进入研发候选库,分子量超过300 Da，需确认偶联、脱保护和总环肽体积负担；杂原子较多，可能带来较高极性或多重保护需求；含磷酸/膦酸相关结构，通常不利于被动跨膜；CCD未指定标准氨基酸母体,C15 H22 N3 O9 P S,451.389,,non-polymer,1,Cc1c(c(c(cn1)COP(=O)(O)O)/C=N/[C@@H](CCSC[C@@H](C(=O)O)N)C(=O)O)O,https://www.rcsb.org/ligand/E9U,https://www.ebi.ac.uk/pdbe/static/files/pdbechem_v2/E9U_500.svg
暂缓,P3,EA5,(4S)-4-AMINO-5-[({3-HYDROXY-2-METHYL-5-[(PHOSPHONOOXY)METHYL]PYRIDIN-4-YL}METHYL)AMINO]PENTANOIC ACID,,芳香/疏水侧链,需确认,未进入使用审计,0,0,,结构可能合理，但单体身份、偶联条件或复杂度证据不足，暂不进入研发候选库,分子量超过300 Da，需确认偶联、脱保护和总环肽体积负担；杂原子较多，可能带来较高极性或多重保护需求；含磷酸/膦酸相关结构，通常不利于被动跨膜；CCD未指定标准氨基酸母体,C13 H22 N3 O7 P,363.303,,NON-POLYMER,3,Cc1c(c(c(cn1)COP(=O)(O)O)CNC[C@H](CCC(=O)O)N)O,https://www.rcsb.org/ligand/EA5,https://www.ebi.ac.uk/pdbe/static/files/pdbechem_v2/EA5_500.svg
暂缓,P3,EBO,(2~{S})-2-azanyl-4-[(3~{S})-3-[(~{E})-[2-methyl-3-oxidanyl-5-(phosphonomethyl)pyridin-4-yl]methylideneamino]-4-oxidanyl-4-oxidanylidene-butyl]sulfanyl-butanoic acid,,芳香/疏水侧链,需确认,未进入使用审计,0,0,,结构可能合理，但单体身份、偶联条件或复杂度证据不足，暂不进入研发候选库,分子量超过300 Da，需确认偶联、脱保护和总环肽体积负担；杂原子较多，可能带来较高极性或多重保护需求；含磷酸/膦酸相关结构，通常不利于被动跨膜；CCD未指定标准氨基酸母体,C16 H24 N3 O8 P S,449.416,,non-polymer,1,Cc1c(c(c(cn1)CP(=O)(O)O)/C=N/[C@@H](CCSCC[C@@H](C(=O)O)N)C(=O)O)O,https://www.rcsb.org/ligand/EBO,https://www.ebi.ac.uk/pdbe/static/files/pdbechem_v2/EBO_500.svg
暂缓,P3,ECD,(4R)-4-(2-carboxyethyl)imidazolidin-2-iminium,,其他候选,需确认,未进入使用审计,0,0,,结构可能合理，但单体身份、偶联条件或复杂度证据不足，暂不进入研发候选库,CCD未指定标准氨基酸母体,C6 H12 N3 O2,158.178,,NON-POLYMER,3,C1[C@H](NC(=[NH2+])N1)CCC(=O)O,https://www.rcsb.org/ligand/ECD,https://www.ebi.ac.uk/pdbe/static/files/pdbechem_v2/ECD_500.svg
暂缓,P3,EDK,(2~{S})-3-[4-[2-[methyl(pyridin-2-yl)amino]ethoxy]phenyl]-2-[[2-(phenylcarbonyl)phenyl]amino]propanoic acid,,芳香/疏水侧链,需确认,未进入使用审计,0,0,,结构可能合理，但单体身份、偶联条件或复杂度证据不足，暂不进入研发候选库,分子量超过300 Da，需确认偶联、脱保护和总环肽体积负担；CCD未指定标准氨基酸母体,C30 H29 N3 O4,495.569,,NON-POLYMER,1,CN(CCOc1ccc(cc1)C[C@@H](C(=O)O)Nc2ccccc2C(=O)c3ccccc3)c4ccccn4,https://www.rcsb.org/ligand/EDK,https://www.ebi.ac.uk/pdbe/static/files/pdbechem_v2/EDK_500.svg
暂缓,P3,EE0,(2~{R})-2-azanylpentanoic acid,,其他候选,需确认,未进入使用审计,0,0,,结构可能合理，但单体身份、偶联条件或复杂度证据不足，暂不进入研发候选库,CCD未指定标准氨基酸母体,C5 H11 N O2,117.146,,non-polymer,1,CCC[C@H](C(=O)O)N,https://www.rcsb.org/ligand/EE0,https://www.ebi.ac.uk/pdbe/static/files/pdbechem_v2/EE0_500.svg
暂缓,P3,EEM,"[(3S)-3-amino-4-hydroxy-4-oxo-butyl]-[[(2S,3S,4R,5R)-5-(6-aminopurin-9-yl)-3,4-dihydroxy-oxolan-2-yl]methyl]-methyl-selanium",Se-ADENOSYLSELENOMETHIONINE,其他候选,需确认,未进入使用审计,0,0,,结构可能合理，但单体身份、偶联条件或复杂度证据不足，暂不进入研发候选库,分子量超过300 Da，需确认偶联、脱保护和总环肽体积负担；杂原子较多，可能带来较高极性或多重保护需求；CCD未指定标准氨基酸母体,C15 H23 N6 O5 Se,446.34,,NON-POLYMER,1,C[Se@@+](CC[C@@H](C(=O)O)N)C[C@@H]1[C@H]([C@H]([C@@H](O1)n2cnc3c2ncnc3N)O)O,https://www.rcsb.org/ligand/EEM,https://www.ebi.ac.uk/pdbe/static/files/pdbechem_v2/EEM_500.svg
排除,P3,EEU,ESTRADIOL-PYRIDINIUM TETRAACETIC ACID,,芳香/疏水侧链,否,未进入使用审计,0,0,,分子量超过500 Da，优先判断为复杂整分子,分子量超过300 Da，需确认偶联、脱保护和总环肽体积负担；杂原子较多，可能带来较高极性或多重保护需求；CCD未指定标准氨基酸母体,C35 H41 N3 O10,663.714,,non-polymer,1,C[C@]12CC[C@@H]3c4ccc(cc4CC[C@H]3[C@@H]1CC[C@]2(C#Cc5cc(nc(c5)CN(CC(=O)O)CC(=O)O)CN(CC(=O)O)CC(=O)O)O)O,https://www.rcsb.org/ligand/EEU,https://www.ebi.ac.uk/pdbe/static/files/pdbechem_v2/EEU_500.svg
暂缓,P3,EG7,"(2R,4R)-1-[(3-chloro-2-fluorophenyl)methyl]-4-({3-fluoro-6-[(5-methyl-1H-pyrazol-3-yl)amino]pyridin-2-yl}methyl)-2-methylpiperidine-4-carboxylic acid",,卤代/电子调节,需确认,未进入使用审计,0,0,,结构可能合理，但单体身份、偶联条件或复杂度证据不足，暂不进入研发候选库,分子量超过300 Da，需确认偶联、脱保护和总环肽体积负担；杂原子较多，可能带来较高极性或多重保护需求；CCD未指定标准氨基酸母体,C24 H26 Cl F2 N5 O2,489.945,,NON-POLYMER,3,Cc1cc(n[nH]1)Nc2ccc(c(n2)C[C@]3(CCN([C@@H](C3)C)Cc4cccc(c4F)Cl)C(=O)O)F,https://www.rcsb.org/ligand/EG7,https://www.ebi.ac.uk/pdbe/static/files/pdbechem_v2/EG7_500.svg
排除,P3,EGJ,"(2S,4R)-1-[(3-chloro-2-fluorophenyl)methyl]-2-methyl-4-({3-[(1,3-thiazol-2-yl)amino]isoquinolin-1-yl}methyl)piperidine-4-carboxylic acid",,卤代/电子调节,否,未进入使用审计,0,0,,分子量超过500 Da，优先判断为复杂整分子,分子量超过300 Da，需确认偶联、脱保护和总环肽体积负担；CCD未指定标准氨基酸母体,C27 H26 Cl F N4 O2 S,525.037,,NON-POLYMER,3,C[C@H]1C[C@](CCN1Cc2cccc(c2F)Cl)(Cc3c4ccccc4cc(n3)Nc5nccs5)C(=O)O,https://www.rcsb.org/ligand/EGJ,https://www.ebi.ac.uk/pdbe/static/files/pdbechem_v2/EGJ_500.svg
暂缓,P3,EGV,(4S)-5-carbamimidamido-4-hydroxy-2-oxopentanoic acid,,其他候选,需确认,未进入使用审计,0,0,,结构可能合理，但单体身份、偶联条件或复杂度证据不足，暂不进入研发候选库,CCD未指定标准氨基酸母体,C6 H11 N3 O4,189.169,,NON-POLYMER,4,[H]/N=C(/N)\NC[C@H](CC(=O)C(=O)O)O,https://www.rcsb.org/ligand/EGV,https://www.ebi.ac.uk/pdbe/static/files/pdbechem_v2/EGV_500.svg
排除,P3,EOT,[(1-[(BIS-CARBOXYMETHYL-AMINO)-METHYL]-2-{4-[3-(2-HYDROXY-ETHYL)-THIOUREIDO]-PHENY}-ETHYL)-CARBOXYMETHYL-AMINO]-ACETIC ACID,,其他候选,否,未进入使用审计,0,0,,分子量超过500 Da，优先判断为复杂整分子,分子量超过300 Da，需确认偶联、脱保护和总环肽体积负担；杂原子较多，可能带来较高极性或多重保护需求；CCD未指定标准氨基酸母体,C20 H28 N4 O9 S,500.523,,NON-POLYMER,1,c1cc(ccc1C[C@@H](CN(CC(=O)O)CC(=O)O)N(CC(=O)O)CC(=O)O)NC(=S)NCCO,https://www.rcsb.org/ligand/EOT,https://www.ebi.ac.uk/pdbe/static/files/pdbechem_v2/EOT_500.svg
排除,P3,EPY,1-HYDROXY-2-S-GLUTATHIONYL-3-PARA-NITROPHENOXY-PROPANE,,其他候选,否,未进入使用审计,0,0,,分子量超过500 Da，优先判断为复杂整分子,分子量超过300 Da，需确认偶联、脱保护和总环肽体积负担；杂原子较多，可能带来较高极性或多重保护需求；含预先形成的酰胺键，需确认主链氨基是否仍可偶联；CCD未指定标准氨基酸母体,C19 H26 N4 O10 S,502.496,,NON-POLYMER,1,c1cc(ccc1[N+](=O)[O-])OC[C@H](CO)SC[C@@H](C(=O)NCC(=O)O)NC(=O)CC[C@@H](C(=O)O)N,https://www.rcsb.org/ligand/EPY,https://www.ebi.ac.uk/pdbe/static/files/pdbechem_v2/EPY_500.svg
暂缓,P3,EQJ,(E)-N~2~-({3-hydroxy-2-methyl-5-[(phosphonooxy)methyl]pyridin-4-yl}methylidene)-L-arginine,,芳香/疏水侧链,需确认,未进入使用审计,0,0,,结构可能合理，但单体身份、偶联条件或复杂度证据不足，暂不进入研发候选库,分子量超过300 Da，需确认偶联、脱保护和总环肽体积负担；杂原子较多，可能带来较高极性或多重保护需求；含磷酸/膦酸相关结构，通常不利于被动跨膜；CCD未指定标准氨基酸母体,C14 H22 N5 O7 P,403.328,,NON-POLYMER,4,[H]/N=C(/N)\NCCC[C@@H](C(=O)O)/N=C/c1c(cnc(c1O)C)COP(=O)(O)O,https://www.rcsb.org/ligand/EQJ,https://www.ebi.ac.uk/pdbe/static/files/pdbechem_v2/EQJ_500.svg
暂缓,P3,EQR,"3-[5-(2-hydroxy-2-oxoethyl)-3-oxidanylidene-[1,2,4]triazino[2,3-a]benzimidazol-2-yl]propanoic acid",,其他候选,需确认,未进入使用审计,0,0,,结构可能合理，但单体身份、偶联条件或复杂度证据不足，暂不进入研发候选库,分子量超过300 Da，需确认偶联、脱保护和总环肽体积负担；CCD未指定标准氨基酸母体,C14 H12 N4 O5,316.269,,non-polymer,1,c1ccc2c(c1)N(C3=NC(=O)C(=NN23)CCC(=O)O)CC(=O)O,https://www.rcsb.org/ligand/EQR,https://www.ebi.ac.uk/pdbe/static/files/pdbechem_v2/EQR_500.svg
暂缓,P3,ER6,"(3R)-1-pyrrolo[1,2-a]quinoxalin-4-ylpiperidine-3-carboxylic acid",,其他候选,需确认,未进入使用审计,0,0,,结构可能合理，但单体身份、偶联条件或复杂度证据不足，暂不进入研发候选库,CCD未指定标准氨基酸母体,C17 H17 N3 O2,295.336,,non-polymer,2,c1ccc2c(c1)nc(c3n2ccc3)N4CCC[C@H](C4)C(=O)O,https://www.rcsb.org/ligand/ER6,https://www.ebi.ac.uk/pdbe/static/files/pdbechem_v2/ER6_500.svg
暂缓,P3,ESG,"L-gamma-glutamyl-S-[(3S)-1-ethyl-2,5-dioxopyrrolidin-3-yl]-L-cysteinylglycine",,延长骨架,需确认,未进入使用审计,0,0,,结构可能合理，但单体身份、偶联条件或复杂度证据不足，暂不进入研发候选库,分子量超过300 Da，需确认偶联、脱保护和总环肽体积负担；杂原子较多，可能带来较高极性或多重保护需求；含预先形成的酰胺键，需确认主链氨基是否仍可偶联；CCD未指定标准氨基酸母体,C16 H24 N4 O8 S,432.449,,NON-POLYMER,1,CCN1C(=O)C[C@@H](C1=O)SC[C@@H](C(=O)NCC(=O)O)NC(=O)CCC(C(=O)O)N,https://www.rcsb.org/ligand/ESG,https://www.ebi.ac.uk/pdbe/static/files/pdbechem_v2/ESG_500.svg
暂缓,P3,ESJ,"(4S)-2-(6-hydroxy-1,3-benzothiazol-2-yl)-4,5-dihydro-1,3-thiazole-4-carboxylic acid",D-LUCIFERIN,D-构型,需确认,未进入使用审计,0,0,,结构可能合理，但单体身份、偶联条件或复杂度证据不足，暂不进入研发候选库,CCD未指定标准氨基酸母体,C11 H8 N2 O3 S2,280.323,,non-polymer,1,c1cc2c(cc1O)sc(n2)C3=N[C@H](CS3)C(=O)O,https://www.rcsb.org/ligand/ESJ,https://www.ebi.ac.uk/pdbe/static/files/pdbechem_v2/ESJ_500.svg
排除,P3,EU9,"[(2S,3S,4R,5R)-5-(6-aminopurin-9-yl)-3,4-bis(oxidanyl)oxolan-2-yl]methyl-[(3R)-3-azanyl-4-oxidanyl-4-oxidanylidene-butyl]-[(2-nitrophenyl)methyl]sulfanium",,芳香/疏水侧链,否,未进入使用审计,0,0,,分子量超过500 Da，优先判断为复杂整分子,分子量超过300 Da，需确认偶联、脱保护和总环肽体积负担；杂原子较多，可能带来较高极性或多重保护需求；CCD未指定标准氨基酸母体,C21 H26 N7 O7 S,520.539,,non-polymer,1,c1ccc(c(c1)C[S+](CC[C@H](C(=O)O)N)C[C@@H]2[C@H]([C@H]([C@@H](O2)n3cnc4c3ncnc4N)O)O)N(=O)=O,https://www.rcsb.org/ligand/EU9,https://www.ebi.ac.uk/pdbe/static/files/pdbechem_v2/EU9_500.svg
暂缓,P3,EX8,"(2~{R},3~{R},4~{S})-3-fluoranyl-4-oxidanyl-pyrrolidine-2-carbaldehyde",,其他候选,需确认,未进入使用审计,0,0,,结构可能合理，但单体身份、偶联条件或复杂度证据不足，暂不进入研发候选库,CCD未指定标准氨基酸母体,C5 H8 F N O3,149.12,,NON-POLYMER,1,C1[C@@H]([C@@H]([C@H](N1)C(=O)O)F)O,https://www.rcsb.org/ligand/EX8,https://www.ebi.ac.uk/pdbe/static/files/pdbechem_v2/EX8_500.svg
暂缓,P3,EYZ,(2~{S})-2-azanyl-6-[[(3~{R})-4-oxidanyl-4-oxidanylidene-3-phenylsulfanyl-butanoyl]amino]hexanoic acid,,芳香/疏水侧链,需确认,未进入使用审计,0,0,,结构可能合理，但单体身份、偶联条件或复杂度证据不足，暂不进入研发候选库,分子量超过300 Da，需确认偶联、脱保护和总环肽体积负担；含预先形成的酰胺键，需确认主链氨基是否仍可偶联；CCD未指定标准氨基酸母体,C16 H22 N2 O5 S,354.421,,NON-POLYMER,1,c1ccc(cc1)S[C@H](CC(=O)NCCCC[C@@H](C(=O)O)N)C(=O)O,https://www.rcsb.org/ligand/EYZ,https://www.ebi.ac.uk/pdbe/static/files/pdbechem_v2/EYZ_500.svg
排除,P3,F0L,nickel-sirohydrochlorin,,其他候选,否,未进入使用审计,0,0,,含金属元素，不属于常规肽合成单体；分子量超过500 Da，优先判断为复杂整分子,分子量超过300 Da，需确认偶联、脱保护和总环肽体积负担；杂原子较多，可能带来较高极性或多重保护需求；CCD未指定标准氨基酸母体,C42 H44 N4 Ni O16,919.509,,non-polymer,4,C[C@@]1([C@@H](C2=[N]3C1=Cc4c(c(c5n4[Ni+2]36[N]7=C(C=C8N6C(=C2)[C@@]([C@@H]8CCC(=O)O)(C)CC(=O)O)C(=C(C7=C5)CCC(=O)O)CC(=O)O)CCC(=O)O)CC(=O)O)CCC(=O)O)CC(=O)O,https://www.rcsb.org/ligand/F0L,https://www.ebi.ac.uk/pdbe/static/files/pdbechem_v2/F0L_500.svg
排除,P3,F0P,"(2~{S})-5-[2-(3-aminocarbonylphenyl)ethyl-[[(2~{R},3~{S},4~{R},5~{R})-5-(6-aminopurin-9-yl)-3,4-bis(oxidanyl)oxolan-2-yl]methyl]amino]-2-azanyl-pentanoic acid",,芳香/疏水侧链,否,未进入使用审计,0,0,,分子量超过500 Da，优先判断为复杂整分子,分子量超过300 Da，需确认偶联、脱保护和总环肽体积负担；杂原子较多，可能带来较高极性或多重保护需求；含预先形成的酰胺键，需确认主链氨基是否仍可偶联；CCD未指定标准氨基酸母体,C24 H32 N8 O6,528.561,,NON-POLYMER,1,c1cc(cc(c1)C(=O)N)CCN(CCC[C@@H](C(=O)O)N)C[C@@H]2[C@H]([C@H]([C@@H](O2)n3cnc4c3ncnc4N)O)O,https://www.rcsb.org/ligand/F0P,https://www.ebi.ac.uk/pdbe/static/files/pdbechem_v2/F0P_500.svg
排除,P3,F0X,cobalt-sirohydrochlorin,,其他候选,否,未进入使用审计,0,0,,含金属元素，不属于常规肽合成单体；分子量超过500 Da，优先判断为复杂整分子,分子量超过300 Da，需确认偶联、脱保护和总环肽体积负担；杂原子较多，可能带来较高极性或多重保护需求；CCD未指定标准氨基酸母体,C42 H44 Co N4 O16,919.749,,non-polymer,4,C[C@@]1([C@@H](C2=[N]3C1=Cc4c(c(c5n4[Co+2]36[N]7=C(C=C8N6C(=C2)[C@@]([C@@H]8CCC(=O)O)(C)CC(=O)O)C(=C(C7=C5)CCC(=O)O)CC(=O)O)CCC(=O)O)CC(=O)O)CCC(=O)O)CC(=O)O,https://www.rcsb.org/ligand/F0X,https://www.ebi.ac.uk/pdbe/static/files/pdbechem_v2/F0X_500.svg
排除,P3,F2R,ADP-ribosyl-L-arginine,,其他候选,否,未进入使用审计,0,0,,名称提示核苷酸、辅因子或整分子缀合物；分子量超过500 Da，优先判断为复杂整分子,分子量超过300 Da，需确认偶联、脱保护和总环肽体积负担；杂原子较多，可能带来较高极性或多重保护需求；含磷酸/膦酸相关结构，通常不利于被动跨膜；CCD未指定标准氨基酸母体,C21 H35 N9 O15 P2,715.501,,NON-POLYMER,1,[H]/N=C(\NCCC[C@@H](C(=O)O)N)/N[C@@H]1[C@@H]([C@@H]([C@H](O1)COP(=O)(O)OP(=O)(O)OC[C@@H]2[C@H]([C@H]([C@@H](O2)n3cnc4c3ncnc4N)O)O)O)O,https://www.rcsb.org/ligand/F2R,https://www.ebi.ac.uk/pdbe/static/files/pdbechem_v2/F2R_500.svg
排除,P3,F43,FACTOR 430,,其他候选,否,未进入使用审计,0,0,,含金属元素，不属于常规肽合成单体；分子量超过500 Da，优先判断为复杂整分子,分子量超过300 Da，需确认偶联、脱保护和总环肽体积负担；杂原子较多，可能带来较高极性或多重保护需求；含预先形成的酰胺键，需确认主链氨基是否仍可偶联；CCD未指定标准氨基酸母体,C42 H51 N6 Ni O13,906.58,,non-polymer,3,C[C@@]12CC(=O)N[C@@]13C[C@H]4[C@H]([C@](C5=[N]4[Ni+]67[N]3=C([C@H]2CCC(=O)O)C=C8N6C(=C9C(=O)CC[C@@H]1C9=[N]7[C@H](C5)[C@H]1CC(=O)O)[C@H]([C@@H]8CC(=O)O)CCC(=O)O)(C)CC(=O)N)CCC(=O)O,https://www.rcsb.org/ligand/F43,https://www.ebi.ac.uk/pdbe/static/files/pdbechem_v2/F43_500.svg
排除,P3,F5O,"4-[[(1R)-2-[5-(2-fluoranyl-3-methoxy-phenyl)-3-[[2-fluoranyl-6-(trifluoromethyl)phenyl]methyl]-4-methyl-2,6-bis(oxidanylidene)pyrimidin-1-yl]-1-phenyl-ethyl]amino]butanoic acid",,卤代/电子调节,否,未进入使用审计,0,0,,分子量超过500 Da，优先判断为复杂整分子,分子量超过300 Da，需确认偶联、脱保护和总环肽体积负担；含预先形成的酰胺键，需确认主链氨基是否仍可偶联；CCD未指定标准氨基酸母体,C32 H30 F5 N3 O5,631.59,,non-polymer,3,CC1=C(C(=O)N(C(=O)N1Cc2c(cccc2F)C(F)(F)F)C[C@@H](c3ccccc3)NCCCC(=O)O)c4cccc(c4F)OC,https://www.rcsb.org/ligand/F5O,https://www.ebi.ac.uk/pdbe/static/files/pdbechem_v2/F5O_500.svg
暂缓,P3,F8F,"(2S,5S)-5-azanyl-3,4,6-tris(oxidanyl)oxane-2-carboxylic acid",,其他候选,需确认,未进入使用审计,0,0,,结构可能合理，但单体身份、偶联条件或复杂度证据不足，暂不进入研发候选库,杂原子较多，可能带来较高极性或多重保护需求；CCD未指定标准氨基酸母体,C6 H11 N O6,193.155,,non-polymer,4,[C@@H]1(C(C([C@H](OC1O)C(=O)O)O)O)N,https://www.rcsb.org/ligand/F8F,https://www.ebi.ac.uk/pdbe/static/files/pdbechem_v2/F8F_500.svg
暂缓,P3,F9X,"(2S,3R)-2-[[2-methyl-3-oxidanyl-5-(phosphonooxymethyl)pyridin-4-yl]methylamino]-3-oxidanyl-pentanoic acid",,芳香/疏水侧链,需确认,未进入使用审计,0,0,,结构可能合理，但单体身份、偶联条件或复杂度证据不足，暂不进入研发候选库,分子量超过300 Da，需确认偶联、脱保护和总环肽体积负担；杂原子较多，可能带来较高极性或多重保护需求；含磷酸/膦酸相关结构，通常不利于被动跨膜；CCD未指定标准氨基酸母体,C13 H21 N2 O8 P,364.288,,non-polymer,1,CC[C@H]([C@@H](C(=O)O)NCc1c(cnc(c1O)C)COP(=O)(O)O)O,https://www.rcsb.org/ligand/F9X,https://www.ebi.ac.uk/pdbe/static/files/pdbechem_v2/F9X_500.svg
排除,P3,FDE,FE(III) DEUTEROPORPHYRIN IX,,其他候选,否,未进入使用审计,0,0,,含金属元素，不属于常规肽合成单体；分子量超过500 Da，优先判断为复杂整分子,分子量超过300 Da，需确认偶联、脱保护和总环肽体积负担；CCD未指定标准氨基酸母体,C30 H28 Fe N4 O4,564.413,,NON-POLYMER,4,Cc1cc2n3c1C=C4C=C(C5=[N]4[Fe]36[N]7=C(C=C8N6C(=C5)C(=C8CCC(=O)O)C)C(=C(C7=C2)C)CCC(=O)O)C,https://www.rcsb.org/ligand/FDE,https://www.ebi.ac.uk/pdbe/static/files/pdbechem_v2/FDE_500.svg
排除,P3,FDT,"(7R)-6-FORMYL-7-(1-METHYL-1H-1,2,3-TRIAZOL-4-YL)-4,7-DIHYDRO-1,4-THIAZEPINE-3-CARBOXYLIC ACID","7-(1-METHYL-1,2,3-TRIAZOL-4-YL)-6-FORMYL-2,7-DIHYDRO-[1,4]THIAZEPINE-3-CARBOXYLIC ACID; BRL42715; C6-(N1-METHYL-1,2,3-TRIAZOLYLMETHYLENE)PENEM",其他候选,否,未进入使用审计,0,0,,名称明确提示药物、抗生素或反应中间体,CCD未指定标准氨基酸母体,C10 H10 N4 O3 S,266.276,,NON-POLYMER,1,Cn1cc(nn1)[C@@H]2C(=CNC(=CS2)C(=O)O)C=O,https://www.rcsb.org/ligand/FDT,https://www.ebi.ac.uk/pdbe/static/files/pdbechem_v2/FDT_500.svg
暂缓,P3,FDX,"(2R,4S)-2-(1,3-dihydroxypropan-2-yl)-4-{[(3R,5R)-5-(dimethylcarbamoyl)pyrrolidin-3-yl]sulfanyl}-3,4-dihydro-2H-pyrrole-5-carboxylic acid",,其他候选,需确认,未进入使用审计,0,0,,结构可能合理，但单体身份、偶联条件或复杂度证据不足，暂不进入研发候选库,分子量超过300 Da，需确认偶联、脱保护和总环肽体积负担；杂原子较多，可能带来较高极性或多重保护需求；CCD未指定标准氨基酸母体,C15 H25 N3 O6 S,375.441,,non-polymer,4,CN(C)C(=O)[C@H]1C[C@H](CN1)S[C@H]2C[C@@H](N=C2C(=O)O)[C@@H](CO)C(O)O,https://www.rcsb.org/ligand/FDX,https://www.ebi.ac.uk/pdbe/static/files/pdbechem_v2/FDX_500.svg
排除,P3,FJ7,"(1S,3R)-1-(3-{[4-(2-fluorophenyl)piperazin-1-yl]methyl}-4-methoxyphenyl)-2,3,4,9-tetrahydro-1H-beta-carboline-3-carboxylic acid",,卤代/电子调节,否,未进入使用审计,0,0,,分子量超过500 Da，优先判断为复杂整分子,分子量超过300 Da，需确认偶联、脱保护和总环肽体积负担；CCD未指定标准氨基酸母体,C30 H31 F N4 O3,514.591,,NON-POLYMER,1,COc1ccc(cc1CN2CCN(CC2)c3ccccc3F)[C@H]4c5c(c6ccccc6[nH]5)C[C@@H](N4)C(=O)O,https://www.rcsb.org/ligand/FJ7,https://www.ebi.ac.uk/pdbe/static/files/pdbechem_v2/FJ7_500.svg
暂缓,P3,FMZ,"(2R,4S)-5,5-dimethyl-2-[(1R)-2-oxo-1-({(2R)-2-[(2-oxoimidazolidin-1-yl)amino]-2-phenylacetyl}amino)ethyl]-1,3-thiazolidine-4-carboxylic acid",,芳香/疏水侧链,需确认,未进入使用审计,0,0,,结构可能合理，但单体身份、偶联条件或复杂度证据不足，暂不进入研发候选库,分子量超过300 Da，需确认偶联、脱保护和总环肽体积负担；杂原子较多，可能带来较高极性或多重保护需求；CCD未指定标准氨基酸母体,C19 H25 N5 O5 S,435.497,,NON-POLYMER,1,CC1([C@@H](N[C@H](S1)[C@@H](C=O)NC(=O)[C@@H](c2ccccc2)NN3CCNC3=O)C(=O)O)C,https://www.rcsb.org/ligand/FMZ,https://www.ebi.ac.uk/pdbe/static/files/pdbechem_v2/FMZ_500.svg
暂缓,P3,FVT,5-azanyl-4-oxidanylidene-pentanoic acid,,其他候选,需确认,未进入使用审计,0,0,,结构可能合理，但单体身份、偶联条件或复杂度证据不足，暂不进入研发候选库,CCD未指定标准氨基酸母体,C5 H9 N O3,131.13,,NON-POLYMER,4,C(CC(=O)O)C(=O)CN,https://www.rcsb.org/ligand/FVT,https://www.ebi.ac.uk/pdbe/static/files/pdbechem_v2/FVT_500.svg
暂缓,P3,G1K,"5-hydroxy-6-oxo-2-[(2S)-1-(phenoxyacetyl)pyrrolidin-2-yl]-1,6-dihydropyrimidine-4-carboxylic acid",SRI-29680,其他候选,需确认,未进入使用审计,0,0,,结构可能合理，但单体身份、偶联条件或复杂度证据不足，暂不进入研发候选库,分子量超过300 Da，需确认偶联、脱保护和总环肽体积负担；杂原子较多，可能带来较高极性或多重保护需求；含预先形成的酰胺键，需确认主链氨基是否仍可偶联；CCD未指定标准氨基酸母体,C17 H17 N3 O6,359.333,,NON-POLYMER,1,c1ccc(cc1)OCC(=O)N2CCC[C@H]2C3=NC(=C(C(=O)N3)O)C(=O)O,https://www.rcsb.org/ligand/G1K,https://www.ebi.ac.uk/pdbe/static/files/pdbechem_v2/G1K_500.svg
暂缓,P3,G21,"5-ACETYLAMINO-4-AMINO-6-(PHENETHYLPROPYLCARBAMOYL)5,6-DIHYDRO-4H-PYRAN-2-CARBOXYLIC ACID",,其他候选,需确认,未进入使用审计,0,0,,结构可能合理，但单体身份、偶联条件或复杂度证据不足，暂不进入研发候选库,分子量超过300 Da，需确认偶联、脱保护和总环肽体积负担；CCD未指定标准氨基酸母体,C20 H29 N3 O5,391.461,,NON-POLYMER,3,CCCN(CCc1ccccc1)C(=O)[C@H]2[C@@H]([C@H](CC(O2)C(=O)O)N)NC(=O)C,https://www.rcsb.org/ligand/G21,https://www.ebi.ac.uk/pdbe/static/files/pdbechem_v2/G21_500.svg
暂缓,P3,G23,"(2R,4S)-2-[(R)-BENZYLCARBAMOYL-PHENYLACETYL-METHYL]-5,5-DIMETHYL-THIAZOLIDINE-4-CARBOXYLIC ACID",GR123976,芳香/疏水侧链,需确认,未进入使用审计,0,0,,结构可能合理，但单体身份、偶联条件或复杂度证据不足，暂不进入研发候选库,分子量超过300 Da，需确认偶联、脱保护和总环肽体积负担；含预先形成的酰胺键，需确认主链氨基是否仍可偶联；CCD未指定标准氨基酸母体,C23 H27 N3 O4 S,441.543,,NON-POLYMER,1,CC1([C@@H](N[C@H](S1)[C@@H](C(=O)NCc2ccccc2)NC(=O)Cc3ccccc3)C(=O)O)C,https://www.rcsb.org/ligand/G23,https://www.ebi.ac.uk/pdbe/static/files/pdbechem_v2/G23_500.svg
暂缓,P3,G3K,"2-{(2R)-1-[2-(4-chlorophenoxy)-2-methylpropanoyl]pyrrolidin-2-yl}-5-hydroxy-6-oxo-1,6-dihydropyrimidine-4-carboxylic acid",SRI-29782,卤代/电子调节,需确认,未进入使用审计,0,0,,结构可能合理，但单体身份、偶联条件或复杂度证据不足，暂不进入研发候选库,分子量超过300 Da，需确认偶联、脱保护和总环肽体积负担；杂原子较多，可能带来较高极性或多重保护需求；含预先形成的酰胺键，需确认主链氨基是否仍可偶联；CCD未指定标准氨基酸母体,C19 H20 Cl N3 O6,421.832,,NON-POLYMER,1,CC(C)(C(=O)N1CCC[C@@H]1C2=NC(=C(C(=O)N2)O)C(=O)O)Oc3ccc(cc3)Cl,https://www.rcsb.org/ligand/G3K,https://www.ebi.ac.uk/pdbe/static/files/pdbechem_v2/G3K_500.svg
排除,P3,G5H,5'-O-(N-(L-aspartyl)-sulfamoyl)uridine,,其他候选,否,未进入使用审计,0,0,,名称提示核苷酸、辅因子或整分子缀合物,分子量超过300 Da，需确认偶联、脱保护和总环肽体积负担；杂原子较多，可能带来较高极性或多重保护需求；含预先形成的酰胺键，需确认主链氨基是否仍可偶联；CCD未指定标准氨基酸母体,C13 H18 N4 O11 S,438.367,,NON-POLYMER,2,C1=CN(C(=O)NC1=O)[C@H]2[C@@H]([C@@H]([C@H](O2)COS(=O)(=O)NC(=O)[C@H](CC(=O)O)N)O)O,https://www.rcsb.org/ligand/G5H,https://www.ebi.ac.uk/pdbe/static/files/pdbechem_v2/G5H_500.svg
排除,P3,G5N,5'-O-(N-(L-aspartyl)-sulfamoyl)cytidine,,其他候选,否,未进入使用审计,0,0,,名称提示核苷酸、辅因子或整分子缀合物,分子量超过300 Da，需确认偶联、脱保护和总环肽体积负担；杂原子较多，可能带来较高极性或多重保护需求；含预先形成的酰胺键，需确认主链氨基是否仍可偶联；CCD未指定标准氨基酸母体,C13 H19 N5 O10 S,437.382,,NON-POLYMER,2,C1=CN(C(=O)N=C1N)[C@H]2[C@@H]([C@@H]([C@H](O2)COS(=O)(=O)NC(=O)[C@H](CC(=O)O)N)O)O,https://www.rcsb.org/ligand/G5N,https://www.ebi.ac.uk/pdbe/static/files/pdbechem_v2/G5N_500.svg
暂缓,P3,G5Q,5'-O-(N-(L-aspartyl)-sulfamoyl)N3-methyluridine,,其他候选,需确认,未进入使用审计,0,0,,结构可能合理，但单体身份、偶联条件或复杂度证据不足，暂不进入研发候选库,分子量超过300 Da，需确认偶联、脱保护和总环肽体积负担；杂原子较多，可能带来较高极性或多重保护需求；CCD未指定标准氨基酸母体,C14 H20 N4 O11 S,452.394,,NON-POLYMER,2,CN1C(=O)C=CN(C1=O)[C@H]2[C@@H]([C@@H]([C@H](O2)COS(=O)(=O)NC(=O)[C@H](CC(=O)O)N)O)O,https://www.rcsb.org/ligand/G5Q,https://www.ebi.ac.uk/pdbe/static/files/pdbechem_v2/G5Q_500.svg
暂缓,P3,GAS,N-(P-CYANOPHENYL)-N'-DIPHENYLMETHYL-GUANIDINE-ACETIC ACID,,芳香/疏水侧链,需确认,未进入使用审计,0,0,,结构可能合理，但单体身份、偶联条件或复杂度证据不足，暂不进入研发候选库,分子量超过300 Da，需确认偶联、脱保护和总环肽体积负担；CCD未指定标准氨基酸母体,C23 H20 N4 O2,384.431,,NON-POLYMER,1,c1ccc(cc1)C(c2ccccc2)NC(=NCC(=O)O)Nc3ccc(cc3)C#N,https://www.rcsb.org/ligand/GAS,https://www.ebi.ac.uk/pdbe/static/files/pdbechem_v2/GAS_500.svg
暂缓,P3,GAZ,"L-gamma-glutamyl-3-{(E)-[2-(3,4-dimethoxyphenyl)-2-oxoethylidene]-lambda~4~-sulfanyl}-L-alanylglycine",,芳香/疏水侧链,需确认,未进入使用审计,0,0,,结构可能合理，但单体身份、偶联条件或复杂度证据不足，暂不进入研发候选库,分子量超过300 Da，需确认偶联、脱保护和总环肽体积负担；杂原子较多，可能带来较高极性或多重保护需求；含预先形成的酰胺键，需确认主链氨基是否仍可偶联；CCD未指定标准氨基酸母体,C20 H27 N3 O9 S,485.508,,NON-POLYMER,1,COc1ccc(cc1OC)C(=O)/C=S/C[C@@H](C(=O)NCC(=O)O)NC(=O)CC[C@@H](C(=O)O)N,https://www.rcsb.org/ligand/GAZ,https://www.ebi.ac.uk/pdbe/static/files/pdbechem_v2/GAZ_500.svg
排除,P3,GBI,S-(3-IODOBENZYL)GLUTATHIONE,,卤代/电子调节,否,未进入使用审计,0,0,,名称提示核苷酸、辅因子或整分子缀合物；分子量超过500 Da，优先判断为复杂整分子,分子量超过300 Da，需确认偶联、脱保护和总环肽体积负担；杂原子较多，可能带来较高极性或多重保护需求；含预先形成的酰胺键，需确认主链氨基是否仍可偶联；CCD未指定标准氨基酸母体,C17 H22 I N3 O6 S,523.343,,NON-POLYMER,1,c1cc(cc(c1)I)CSC[C@@H](C(=O)NCC(=O)O)NC(=O)CC[C@@H](C(=O)O)N,https://www.rcsb.org/ligand/GBI,https://www.ebi.ac.uk/pdbe/static/files/pdbechem_v2/GBI_500.svg
排除,P3,GBP,S-(N-HYDROXY-N-BROMOPHENYLCARBAMOYL)GLUTATHIONE,,卤代/电子调节,否,未进入使用审计,0,0,,名称提示核苷酸、辅因子或整分子缀合物；分子量超过500 Da，优先判断为复杂整分子,分子量超过300 Da，需确认偶联、脱保护和总环肽体积负担；杂原子较多，可能带来较高极性或多重保护需求；含预先形成的酰胺键，需确认主链氨基是否仍可偶联；CCD未指定标准氨基酸母体,C17 H23 Br N4 O8 S,523.356,,NON-POLYMER,1,c1cc(ccc1N(C(O)SC[C@@H](C(=O)NCC(=O)O)NC(=O)CC[C@@H](C(=O)O)N)O)Br,https://www.rcsb.org/ligand/GBP,https://www.ebi.ac.uk/pdbe/static/files/pdbechem_v2/GBP_500.svg
排除,P3,GBX,"2-AMINO-4-[1-(CARBOXYMETHYL-CARBAMOYL)-2-(9-HYDROXY-7,8-DIOXO-7,8,9,10-TETRAHYDRO-BENZO[DEF]CHRYSEN-10-YLSULFANYL)-ETHYLCARBAMOYL]-BUTYRIC ACID",GLUTATHIONE CONJUGATE OF (+)-ANTI-BPDE,其他候选,否,未进入使用审计,0,0,,名称提示核苷酸、辅因子或整分子缀合物；分子量超过500 Da，优先判断为复杂整分子,分子量超过300 Da，需确认偶联、脱保护和总环肽体积负担；杂原子较多，可能带来较高极性或多重保护需求；含预先形成的酰胺键，需确认主链氨基是否仍可偶联；CCD未指定标准氨基酸母体,C30 H27 N3 O9 S,605.615,,NON-POLYMER,1,c1cc2ccc3cc4c(c5c3c2c(c1)cc5)[C@@H]([C@H](C(=O)C4=O)O)SC[C@@H](C(=O)NCC(=O)O)NC(=O)CC[C@@H](C(=O)O)N,https://www.rcsb.org/ligand/GBX,https://www.ebi.ac.uk/pdbe/static/files/pdbechem_v2/GBX_500.svg
排除,P3,GCG,BIS(GAMMA-GLUTAMYL-CYSTEINYL-GLYCINYL)SPERMIDINE,TRYPANOTHIONE,延长骨架,否,未进入使用审计,0,0,,分子量超过500 Da，优先判断为复杂整分子,分子量超过300 Da，需确认偶联、脱保护和总环肽体积负担；杂原子较多，可能带来较高极性或多重保护需求；CCD未指定标准氨基酸母体,C27 H49 N9 O10 S2,723.862,,NON-POLYMER,1,C(CCNC(=O)CNC(=O)[C@H](CS)NC(=O)CC[C@@H](C(=O)O)N)CNCCCNC(=O)CNC(=O)[C@H](CS)NC(=O)CC[C@@H](C(=O)O)N,https://www.rcsb.org/ligand/GCG,https://www.ebi.ac.uk/pdbe/static/files/pdbechem_v2/GCG_500.svg
排除,P3,GDN,"GLUTATHIONE S-(2,4 DINITROBENZENE)",,其他候选,否,未进入使用审计,0,0,,名称提示核苷酸、辅因子或整分子缀合物,分子量超过300 Da，需确认偶联、脱保护和总环肽体积负担；杂原子较多，可能带来较高极性或多重保护需求；含预先形成的酰胺键，需确认主链氨基是否仍可偶联；CCD未指定标准氨基酸母体,C16 H19 N5 O10 S,473.415,,NON-POLYMER,1,c1cc(c(cc1[N+](=O)[O-])[N+](=O)[O-])SC[C@@H](C(=O)NCC(=O)O)NC(=O)CC[C@@H](C(=O)O)N,https://www.rcsb.org/ligand/GDN,https://www.ebi.ac.uk/pdbe/static/files/pdbechem_v2/GDN_500.svg
排除,P3,GDS,OXIDIZED GLUTATHIONE DISULFIDE,,其他候选,否,未进入使用审计,0,0,,名称提示核苷酸、辅因子或整分子缀合物；分子量超过500 Da，优先判断为复杂整分子；含多个酰胺键，更像多残基/整分子片段而非独立单体,分子量超过300 Da，需确认偶联、脱保护和总环肽体积负担；杂原子较多，可能带来较高极性或多重保护需求；含预先形成的酰胺键，需确认主链氨基是否仍可偶联；CCD未指定标准氨基酸母体,C20 H32 N6 O12 S2,612.631,,NON-POLYMER,1,C(CC(=O)N[C@@H](CSSC[C@@H](C(=O)NCC(=O)O)NC(=O)CC[C@@H](C(=O)O)N)C(=O)NCC(=O)O)[C@@H](C(=O)O)N,https://www.rcsb.org/ligand/GDS,https://www.ebi.ac.uk/pdbe/static/files/pdbechem_v2/GDS_500.svg
暂缓,P3,GEK,"(2S)-4-[{[(2S,3S,4R,5R)-5-(6-amino-9H-purin-9-yl)-3,4-dihydroxytetrahydrofuran-2-yl]methyl}(carboxylatomethyl)sulfonio] -2-ammoniobutanoate",CARBOXY-S-ADENOSYLMETHIONINE,其他候选,需确认,未进入使用审计,0,0,,结构可能合理，但单体身份、偶联条件或复杂度证据不足，暂不进入研发候选库,分子量超过300 Da，需确认偶联、脱保护和总环肽体积负担；杂原子较多，可能带来较高极性或多重保护需求；CCD未指定标准氨基酸母体,C16 H22 N6 O7 S,442.447,,NON-POLYMER,1,c1nc(c2c(n1)n(cn2)[C@H]3[C@@H]([C@@H]([C@H](O3)C[S@+](CC[C@@H](C(=O)[O-])[NH3+])CC(=O)[O-])O)O)N,https://www.rcsb.org/ligand/GEK,https://www.ebi.ac.uk/pdbe/static/files/pdbechem_v2/GEK_500.svg
暂缓,P3,GF5,(2S)-2-azanyl-5-[[(2R)-3-(2-fluorosulfonylethylsulfanyl)-1-(2-hydroxy-2-oxoethylamino)-1-oxidanylidene-propan-2-yl]amino]-5-oxidanylidene-pentanoic acid,,卤代/电子调节,需确认,未进入使用审计,0,0,,结构可能合理，但单体身份、偶联条件或复杂度证据不足，暂不进入研发候选库,分子量超过300 Da，需确认偶联、脱保护和总环肽体积负担；杂原子较多，可能带来较高极性或多重保护需求；含预先形成的酰胺键，需确认主链氨基是否仍可偶联；CCD未指定标准氨基酸母体,C12 H20 F N3 O8 S2,417.431,,NON-POLYMER,1,C(CC(=O)N[C@@H](CSCCS(=O)(=O)F)C(=O)NCC(=O)O)[C@@H](C(=O)O)N,https://www.rcsb.org/ligand/GF5,https://www.ebi.ac.uk/pdbe/static/files/pdbechem_v2/GF5_500.svg
排除,P3,GGA,D-GAMMA-GLUTAMYL-N-{[(R)-{4-[(4-AMINOBUTYL)AMINO]BUTYL}(PHOSPHONOOXY)PHOSPHORYL]METHYL}-D-ALANINAMIDE,,D-构型,否,未进入使用审计,0,0,,分子量超过500 Da，优先判断为复杂整分子,分子量超过300 Da，需确认偶联、脱保护和总环肽体积负担；杂原子较多，可能带来较高极性或多重保护需求；含磷酸/膦酸相关结构，通常不利于被动跨膜；含预先形成的酰胺键，需确认主链氨基是否仍可偶联；CCD未指定标准氨基酸母体,C17 H37 N5 O9 P2,517.451,,NON-POLYMER,1,C[C@H](C(=O)NC[P@@](=O)(CCCCNCCCCN)OP(=O)(O)O)NC(=O)CC[C@H](C(=O)O)N,https://www.rcsb.org/ligand/GGA,https://www.ebi.ac.uk/pdbe/static/files/pdbechem_v2/GGA_500.svg
排除,P3,GGC,1-MENAPHTHYL GLUTATHIONE CONJUGATE,,芳香/疏水侧链,否,未进入使用审计,0,0,,名称提示核苷酸、辅因子或整分子缀合物,分子量超过300 Da，需确认偶联、脱保护和总环肽体积负担；杂原子较多，可能带来较高极性或多重保护需求；含预先形成的酰胺键，需确认主链氨基是否仍可偶联；CCD未指定标准氨基酸母体,C21 H25 N3 O6 S,447.505,,NON-POLYMER,1,c1ccc2c(c1)cccc2CSC[C@@H](C(=O)NCC(=O)O)NC(=O)CC[C@@H](C(=O)O)N,https://www.rcsb.org/ligand/GGC,https://www.ebi.ac.uk/pdbe/static/files/pdbechem_v2/GGC_500.svg
暂缓,P3,GH7,"(3S,3aR,6aS)-hexahydrofuro[3,2-d][1,2]oxazole-3-carboxylic acid",,其他候选,需确认,未进入使用审计,0,0,,结构可能合理，但单体身份、偶联条件或复杂度证据不足，暂不进入研发候选库,CCD未指定标准氨基酸母体,C6 H9 N O4,159.14,,NON-POLYMER,1,C1CO[C@@H]2[C@H]1[C@H](NO2)C(=O)O,https://www.rcsb.org/ligand/GH7,https://www.ebi.ac.uk/pdbe/static/files/pdbechem_v2/GH7_500.svg
暂缓,P3,GIH,"(2~{S},3~{S})-3-[[5-dimethoxyphosphoryl-4-(5-fluoranyl-1~{H}-pyrrolo[2,3-b]pyridin-3-yl)pyrimidin-2-yl]amino]bicyclo[2.2.2]octane-2-carboxylic acid",,芳香/疏水侧链,需确认,未进入使用审计,0,0,,结构可能合理，但单体身份、偶联条件或复杂度证据不足，暂不进入研发候选库,分子量超过300 Da，需确认偶联、脱保护和总环肽体积负担；杂原子较多，可能带来较高极性或多重保护需求；含磷酸/膦酸相关结构，通常不利于被动跨膜；CCD未指定标准氨基酸母体,C22 H25 F N5 O5 P,489.437,,non-polymer,2,COP(=O)(c1cnc(nc1c2c[nH]c3c2cc(cn3)F)N[C@@H]4[C@H](C5CCC4CC5)C(=O)O)OC,https://www.rcsb.org/ligand/GIH,https://www.ebi.ac.uk/pdbe/static/files/pdbechem_v2/GIH_500.svg
排除,P3,GIP,S-(N-HYDROXY-N-IODOPHENYLCARBAMOYL)GLUTATHIONE,,卤代/电子调节,否,未进入使用审计,0,0,,名称提示核苷酸、辅因子或整分子缀合物；分子量超过500 Da，优先判断为复杂整分子,分子量超过300 Da，需确认偶联、脱保护和总环肽体积负担；杂原子较多，可能带来较高极性或多重保护需求；含预先形成的酰胺键，需确认主链氨基是否仍可偶联；CCD未指定标准氨基酸母体,C17 H23 I N4 O8 S,570.356,,NON-POLYMER,1,c1cc(ccc1N(C(O)SC[C@@H](C(=O)NCC(=O)O)NC(=O)CC[C@@H](C(=O)O)N)O)I,https://www.rcsb.org/ligand/GIP,https://www.ebi.ac.uk/pdbe/static/files/pdbechem_v2/GIP_500.svg
暂缓,P3,GJ0,"(2S)-2-azanyl-4-[[4-[2-bromanyl-4,5-bis(fluoranyl)phenoxy]phenyl]amino]-4-oxidanylidene-butanoic acid",WAY-213613,芳香/疏水侧链,需确认,未进入使用审计,0,0,,结构可能合理，但单体身份、偶联条件或复杂度证据不足，暂不进入研发候选库,分子量超过300 Da，需确认偶联、脱保护和总环肽体积负担；CCD未指定标准氨基酸母体,C16 H13 Br F2 N2 O4,415.186,,non-polymer,1,c1cc(ccc1NC(=O)C[C@@H](C(=O)O)N)Oc2cc(c(cc2Br)F)F,https://www.rcsb.org/ligand/GJ0,https://www.ebi.ac.uk/pdbe/static/files/pdbechem_v2/GJ0_500.svg
暂缓,P3,GNB,S-P-NITROBENZYLOXYCARBONYLGLUTATHIONE,,其他候选,需确认,未进入使用审计,0,0,,结构可能合理，但单体身份、偶联条件或复杂度证据不足，暂不进入研发候选库,分子量超过300 Da，需确认偶联、脱保护和总环肽体积负担；杂原子较多，可能带来较高极性或多重保护需求；含预先形成的酰胺键，需确认主链氨基是否仍可偶联；CCD未指定标准氨基酸母体,C18 H24 N4 O10 S,488.469,,NON-POLYMER,1,c1cc(ccc1COC(O)SC[C@@H](C(=O)NCC(=O)O)NC(=O)CC[C@@H](C(=O)O)N)[N+](=O)[O-],https://www.rcsb.org/ligand/GNB,https://www.ebi.ac.uk/pdbe/static/files/pdbechem_v2/GNB_500.svg
暂缓,P3,GOP,Glucopine,,其他候选,需确认,未进入使用审计,0,0,,结构可能合理，但单体身份、偶联条件或复杂度证据不足，暂不进入研发候选库,分子量超过300 Da，需确认偶联、脱保护和总环肽体积负担；杂原子较多，可能带来较高极性或多重保护需求；含预先形成的酰胺键，需确认主链氨基是否仍可偶联；CCD未指定标准氨基酸母体,C11 H22 N2 O8,310.301,,NON-POLYMER,1,C(CC(=O)N)[C@@H](C(=O)O)NC[C@@H]([C@H]([C@@H]([C@@H](CO)O)O)O)O,https://www.rcsb.org/ligand/GOP,https://www.ebi.ac.uk/pdbe/static/files/pdbechem_v2/GOP_500.svg
暂缓,P3,GPJ,GLYPHOSATE,,其他候选,需确认,未进入使用审计,0,0,,结构可能合理，但单体身份、偶联条件或复杂度证据不足，暂不进入研发候选库,含磷酸/膦酸相关结构，通常不利于被动跨膜；CCD未指定标准氨基酸母体,C3 H9 N O5 P,170.081,,NON-POLYMER,1,C(C(=O)O)[NH2+]CP(=O)(O)O,https://www.rcsb.org/ligand/GPJ,https://www.ebi.ac.uk/pdbe/static/files/pdbechem_v2/GPJ_500.svg
排除,P3,GPR,"(9R,10R)-9-(S-GLUTATHIONYL)-10-HYDROXY-9,10-DIHYDROPHENANTHRENE",,其他候选,否,未进入使用审计,0,0,,分子量超过500 Da，优先判断为复杂整分子,分子量超过300 Da，需确认偶联、脱保护和总环肽体积负担；杂原子较多，可能带来较高极性或多重保护需求；含预先形成的酰胺键，需确认主链氨基是否仍可偶联；CCD未指定标准氨基酸母体,C24 H27 N3 O7 S,501.552,,NON-POLYMER,1,c1ccc2c(c1)-c3ccccc3[C@H]([C@@H]2O)SC[C@@H](C(=O)NCC(=O)O)NC(=O)CC[C@@H](C(=O)O)N,https://www.rcsb.org/ligand/GPR,https://www.ebi.ac.uk/pdbe/static/files/pdbechem_v2/GPR_500.svg
排除,P3,GPS,"L-gamma-glutamyl-S-[(9S,10S)-10-hydroxy-9,10-dihydrophenanthren-9-yl]-L-cysteinylglycine",,延长骨架,否,未进入使用审计,0,0,,分子量超过500 Da，优先判断为复杂整分子,分子量超过300 Da，需确认偶联、脱保护和总环肽体积负担；杂原子较多，可能带来较高极性或多重保护需求；含预先形成的酰胺键，需确认主链氨基是否仍可偶联；CCD未指定标准氨基酸母体,C24 H27 N3 O7 S,501.552,,NON-POLYMER,1,c1ccc2c(c1)-c3ccccc3[C@@H]([C@H]2O)SC[C@@H](C(=O)NCC(=O)O)NC(=O)CC[C@@H](C(=O)O)N,https://www.rcsb.org/ligand/GPS,https://www.ebi.ac.uk/pdbe/static/files/pdbechem_v2/GPS_500.svg
排除,P3,GS8,S-Hydroxy-Glutathione,,其他候选,否,未进入使用审计,0,0,,名称提示核苷酸、辅因子或整分子缀合物,分子量超过300 Da，需确认偶联、脱保护和总环肽体积负担；杂原子较多，可能带来较高极性或多重保护需求；含预先形成的酰胺键，需确认主链氨基是否仍可偶联；CCD未指定标准氨基酸母体,C10 H17 N3 O7 S,323.323,,non-polymer,1,C(CC(=O)N[C@@H](CSO)C(=O)NCC(=O)O)[C@@H](C(=O)O)N,https://www.rcsb.org/ligand/GS8,https://www.ebi.ac.uk/pdbe/static/files/pdbechem_v2/GS8_500.svg
排除,P3,GSB,S-BENZYL-GLUTATHIONE,,其他候选,否,未进入使用审计,0,0,,名称提示核苷酸、辅因子或整分子缀合物,分子量超过300 Da，需确认偶联、脱保护和总环肽体积负担；杂原子较多，可能带来较高极性或多重保护需求；含预先形成的酰胺键，需确认主链氨基是否仍可偶联；CCD未指定标准氨基酸母体,C17 H23 N3 O6 S,397.446,,NON-POLYMER,1,c1ccc(cc1)CSC[C@@H](C(=O)NCC(=O)O)NC(=O)CC[C@@H](C(=O)O)N,https://www.rcsb.org/ligand/GSB,https://www.ebi.ac.uk/pdbe/static/files/pdbechem_v2/GSB_500.svg
排除,P3,GSH,Glutathione,,其他候选,否,未进入使用审计,0,0,,名称提示核苷酸、辅因子或整分子缀合物,分子量超过300 Da，需确认偶联、脱保护和总环肽体积负担；杂原子较多，可能带来较高极性或多重保护需求；含预先形成的酰胺键，需确认主链氨基是否仍可偶联；CCD未指定标准氨基酸母体,C10 H17 N3 O6 S,307.323,,peptide-like,1,C(CC(=O)N[C@@H](CS)C(=O)NCC(=O)O)[C@@H](C(=O)O)N,https://www.rcsb.org/ligand/GSH,https://www.ebi.ac.uk/pdbe/static/files/pdbechem_v2/GSH_500.svg
暂缓,P3,GSO,L-GAMMA-GLUTAMYL-S-[(2S)-2-HYDROXY-2-PHENYLETHYL]-L-CYSTEINYLGLYCINE,,芳香/疏水侧链,需确认,未进入使用审计,0,0,,结构可能合理，但单体身份、偶联条件或复杂度证据不足，暂不进入研发候选库,分子量超过300 Da，需确认偶联、脱保护和总环肽体积负担；杂原子较多，可能带来较高极性或多重保护需求；含预先形成的酰胺键，需确认主链氨基是否仍可偶联；CCD未指定标准氨基酸母体,C18 H25 N3 O7 S,427.472,,NON-POLYMER,1,c1ccc(cc1)[C@@H](CSC[C@@H](C(=O)NCC(=O)O)NC(=O)CC[C@@H](C(=O)O)N)O,https://www.rcsb.org/ligand/GSO,https://www.ebi.ac.uk/pdbe/static/files/pdbechem_v2/GSO_500.svg
排除,P3,GTB,S-(P-NITROBENZYL)GLUTATHIONE,,其他候选,否,未进入使用审计,0,0,,名称提示核苷酸、辅因子或整分子缀合物,分子量超过300 Da，需确认偶联、脱保护和总环肽体积负担；杂原子较多，可能带来较高极性或多重保护需求；含预先形成的酰胺键，需确认主链氨基是否仍可偶联；CCD未指定标准氨基酸母体,C17 H22 N4 O8 S,442.444,,NON-POLYMER,1,c1cc(ccc1CSC[C@@H](C(=O)NCC(=O)O)NC(=O)CC[C@@H](C(=O)O)N)[N+](=O)[O-],https://www.rcsb.org/ligand/GTB,https://www.ebi.ac.uk/pdbe/static/files/pdbechem_v2/GTB_500.svg
暂缓,P3,GTC,"(1R,2S)-2-(5-thioxo-4,5-dihydro-1H-1,2,4-triazol-3-yl)cyclohexanecarboxylic acid",,构象限制,需确认,未进入使用审计,0,0,,结构可能合理，但单体身份、偶联条件或复杂度证据不足，暂不进入研发候选库,CCD未指定标准氨基酸母体,C9 H13 N3 O2 S,227.283,,NON-POLYMER,3,C1CC[C@H]([C@H](C1)C2=NNC(=S)N2)C(=O)O,https://www.rcsb.org/ligand/GTC,https://www.ebi.ac.uk/pdbe/static/files/pdbechem_v2/GTC_500.svg
排除,P3,GTD,"1-(S-GLUTATHIONYL)-2,4,6-TRINITROCYCLOHEXA-2,5-DIENE","(S)-2-AMINO-5-((R)-1-(CARBOXYMETHYLAMINO)-1-OXO-3-(2,4,6-TRINITROCYCLOHEXA-2,5-DIENYLTHIO)PROPAN-2-YLAMINO)-5-OXOPENTANOIC ACID",构象限制,否,未进入使用审计,0,0,,分子量超过500 Da，优先判断为复杂整分子,分子量超过300 Da，需确认偶联、脱保护和总环肽体积负担；杂原子较多，可能带来较高极性或多重保护需求；含预先形成的酰胺键，需确认主链氨基是否仍可偶联；CCD未指定标准氨基酸母体,C16 H20 N6 O12 S,520.428,,NON-POLYMER,1,C1=C(C(C(=CC1[N+](=O)[O-])[N+](=O)[O-])SC[C@@H](C(=O)NCC(=O)O)NC(=O)CC[C@@H](C(=O)O)N)[N+](=O)[O-],https://www.rcsb.org/ligand/GTD,https://www.ebi.ac.uk/pdbe/static/files/pdbechem_v2/GTD_500.svg
排除,P3,GTS,GLUTATHIONE SULFONIC ACID,,其他候选,否,未进入使用审计,0,0,,名称提示核苷酸、辅因子或整分子缀合物,分子量超过300 Da，需确认偶联、脱保护和总环肽体积负担；杂原子较多，可能带来较高极性或多重保护需求；含预先形成的酰胺键，需确认主链氨基是否仍可偶联；CCD未指定标准氨基酸母体,C10 H17 N3 O9 S,355.322,,NON-POLYMER,1,C(CC(=O)N[C@@H](CS(=O)(=O)O)C(=O)NCC(=O)O)[C@@H](C(=O)O)N,https://www.rcsb.org/ligand/GTS,https://www.ebi.ac.uk/pdbe/static/files/pdbechem_v2/GTS_500.svg
暂缓,P3,GTX,S-HEXYLGLUTATHIONE,,其他候选,需确认,未进入使用审计,0,0,,结构可能合理，但单体身份、偶联条件或复杂度证据不足，暂不进入研发候选库,分子量超过300 Da，需确认偶联、脱保护和总环肽体积负担；杂原子较多，可能带来较高极性或多重保护需求；含预先形成的酰胺键，需确认主链氨基是否仍可偶联；CCD未指定标准氨基酸母体,C16 H30 N3 O6 S,392.491,,NON-POLYMER,1,CCCCCCSC[C@@H](C(=O)NCC(=O)O)NC(=O)CC[C@@H](C(=O)O)[NH3+],https://www.rcsb.org/ligand/GTX,https://www.ebi.ac.uk/pdbe/static/files/pdbechem_v2/GTX_500.svg
暂缓,P3,GTY,L-GAMMA-GLUTAMYL-S-OCTYL-D-CYSTEINYLGLYCINE,S-OCTYLGLUTATHIONE,D-构型,需确认,未进入使用审计,0,0,,结构可能合理，但单体身份、偶联条件或复杂度证据不足，暂不进入研发候选库,分子量超过300 Da，需确认偶联、脱保护和总环肽体积负担；杂原子较多，可能带来较高极性或多重保护需求；含预先形成的酰胺键，需确认主链氨基是否仍可偶联；CCD未指定标准氨基酸母体,C18 H33 N3 O6 S,419.536,,NON-POLYMER,1,CCCCCCCCSC[C@@H](C(=O)NCC(=O)O)NC(=O)CC[C@@H](C(=O)O)N,https://www.rcsb.org/ligand/GTY,https://www.ebi.ac.uk/pdbe/static/files/pdbechem_v2/GTY_500.svg
暂缓,P3,GVX,L-gamma-glutamyl-S-[(2-phenylethyl)carbamothioyl]-L-cysteinylglycine,,芳香/疏水侧链,需确认,未进入使用审计,0,0,,结构可能合理，但单体身份、偶联条件或复杂度证据不足，暂不进入研发候选库,分子量超过300 Da，需确认偶联、脱保护和总环肽体积负担；杂原子较多，可能带来较高极性或多重保护需求；含预先形成的酰胺键，需确认主链氨基是否仍可偶联；CCD未指定标准氨基酸母体,C19 H26 N4 O6 S2,470.563,,peptide-like,1,c1ccc(cc1)CCNC(=S)SC[C@@H](C(=O)NCC(=O)O)NC(=O)CC[C@@H](C(=O)O)N,https://www.rcsb.org/ligand/GVX,https://www.ebi.ac.uk/pdbe/static/files/pdbechem_v2/GVX_500.svg
暂缓,P3,GWO,"(2R,4R,5S)-5-azanyl-4-oxidanyl-6-phenyl-2-(phenylmethyl)hexanoic acid",,芳香/疏水侧链,需确认,未进入使用审计,0,0,,结构可能合理，但单体身份、偶联条件或复杂度证据不足，暂不进入研发候选库,分子量超过300 Da，需确认偶联、脱保护和总环肽体积负担；CCD未指定标准氨基酸母体,C19 H23 N O3,313.391,,peptide-like,4,c1ccc(cc1)C[C@H](C[C@H]([C@H](Cc2ccccc2)N)O)C(=O)O,https://www.rcsb.org/ligand/GWO,https://www.ebi.ac.uk/pdbe/static/files/pdbechem_v2/GWO_500.svg
排除,P3,GX8,2-[[4-[2-hydroxy-2-oxoethyl-(4-methoxyphenyl)sulfonyl-amino]-3-phenylmethoxy-phenyl]-(4-methoxyphenyl)sulfonyl-amino]ethanoic acid,,芳香/疏水侧链,否,未进入使用审计,0,0,,分子量超过500 Da，优先判断为复杂整分子,分子量超过300 Da，需确认偶联、脱保护和总环肽体积负担；杂原子较多，可能带来较高极性或多重保护需求；CCD未指定标准氨基酸母体,C31 H30 N2 O11 S2,670.707,,NON-POLYMER,1,COc1ccc(cc1)S(=O)(=O)N(CC(=O)O)c2ccc(c(c2)OCc3ccccc3)N(CC(=O)O)S(=O)(=O)c4ccc(cc4)OC,https://www.rcsb.org/ligand/GX8,https://www.ebi.ac.uk/pdbe/static/files/pdbechem_v2/GX8_500.svg
暂缓,P3,GY4,"2-{(2S)-1-[(4-chlorophenyl)acetyl]pyrrolidin-2-yl}-5-hydroxy-6-oxo-1,6-dihydropyrimidine-4-carboxylic acid",SRI-29775,卤代/电子调节,需确认,未进入使用审计,0,0,,结构可能合理，但单体身份、偶联条件或复杂度证据不足，暂不进入研发候选库,分子量超过300 Da，需确认偶联、脱保护和总环肽体积负担；含预先形成的酰胺键，需确认主链氨基是否仍可偶联；CCD未指定标准氨基酸母体,C17 H16 Cl N3 O5,377.779,,NON-POLYMER,1,c1cc(ccc1CC(=O)N2CCC[C@H]2C3=NC(=C(C(=O)N3)O)C(=O)O)Cl,https://www.rcsb.org/ligand/GY4,https://www.ebi.ac.uk/pdbe/static/files/pdbechem_v2/GY4_500.svg
暂缓,P3,GZG,"4-{benzyl[2-(7,8-dimethyl-2,4-dioxo-3,4-dihydrobenzo[g]pteridin-10(2H)-yl)ethyl]amino}butanoic acid",,其他候选,需确认,未进入使用审计,0,0,,结构可能合理，但单体身份、偶联条件或复杂度证据不足，暂不进入研发候选库,分子量超过300 Da，需确认偶联、脱保护和总环肽体积负担；杂原子较多，可能带来较高极性或多重保护需求；含预先形成的酰胺键，需确认主链氨基是否仍可偶联；CCD未指定标准氨基酸母体,C25 H27 N5 O4,461.513,,NON-POLYMER,3,Cc1cc2c(cc1C)N(C3=NC(=O)NC(=O)C3=N2)CCN(CCCC(=O)O)Cc4ccccc4,https://www.rcsb.org/ligand/GZG,https://www.ebi.ac.uk/pdbe/static/files/pdbechem_v2/GZG_500.svg
排除,P3,GZI,"(2~{R})-3-[(1~{R},3~{R})-1-[5-fluoranyl-2-[2-(3-fluoranylpropylamino)ethoxy]-3-methyl-pyridin-4-yl]-3-methyl-1,3,4,9-tetrahydropyrido[3,4-b]indol-2-yl]-2-methyl-propanoic acid",,芳香/疏水侧链,否,未进入使用审计,0,0,,分子量超过500 Da，优先判断为复杂整分子,分子量超过300 Da，需确认偶联、脱保护和总环肽体积负担；CCD未指定标准氨基酸母体,C27 H34 F2 N4 O3,500.581,,non-polymer,2,Cc1c(c(cnc1OCCNCCCF)F)[C@@H]2c3c(c4ccccc4[nH]3)C[C@H](N2C[C@@H](C)C(=O)O)C,https://www.rcsb.org/ligand/GZI,https://www.ebi.ac.uk/pdbe/static/files/pdbechem_v2/GZI_500.svg
排除,P3,H02,"N-METHYL PROTOPORPHYRIN IX 2,4-DISULFONIC ACID","3,3'-(7,12-DIETHYL-3,8,13,17,22-PENTAMETHYL-22,24-DIHYDROPORPHYRIN-2,18-DIYL)DIPROPANOIC ACID",N-取代,否,未进入使用审计,0,0,,分子量超过500 Da，优先判断为复杂整分子,分子量超过300 Da，需确认偶联、脱保护和总环肽体积负担；CCD未指定标准氨基酸母体,C35 H42 N4 O4,582.732,,NON-POLYMER,4,CCc1c(c\2[nH]c1C=C3C(=C(C(=Cc4c(c(c([nH]4)C=C5C(=C(/C(=C2)/N5)C)CCC(=O)O)CCC(=O)O)C)N3C)CC)C)C,https://www.rcsb.org/ligand/H02,https://www.ebi.ac.uk/pdbe/static/files/pdbechem_v2/H02_500.svg
排除,P3,H27,"(2R)-2-[{(E)-2-[({(2R,3R,4R,5S,6R)-3-(acetylamino)-4,5-bis(acetyloxy)-6-[(acetyloxy)methyl]tetrahydro-2H-pyran-2-yl}carbamothioyl)amino]ethenyl}(biphenyl-4-ylsulfonyl)amino]-3-methylbutanoic acid",,芳香/疏水侧链,否,未进入使用审计,0,0,,分子量超过500 Da，优先判断为复杂整分子,分子量超过300 Da，需确认偶联、脱保护和总环肽体积负担；杂原子较多，可能带来较高极性或多重保护需求；CCD未指定标准氨基酸母体,C34 H42 N4 O12 S2,762.847,,NON-POLYMER,1,CC(C)[C@H](C(=O)O)N(/C=C/NC(=S)N[C@H]1[C@@H]([C@H]([C@@H]([C@H](O1)COC(=O)C)OC(=O)C)OC(=O)C)NC(=O)C)S(=O)(=O)c2ccc(cc2)c3ccccc3,https://www.rcsb.org/ligand/H27,https://www.ebi.ac.uk/pdbe/static/files/pdbechem_v2/H27_500.svg
排除,P3,H3I,"(2~{S})-4-[[(2~{R},3~{S},4~{R},5~{R})-5-(6-aminopurin-9-yl)-3,4-bis(oxidanyl)oxolan-2-yl]methyl-(7~{H}-purin-6-ylcarbamoyl)amino]-2-azanyl-butanoic acid",,其他候选,否,未进入使用审计,0,0,,分子量超过500 Da，优先判断为复杂整分子,分子量超过300 Da，需确认偶联、脱保护和总环肽体积负担；杂原子较多，可能带来较高极性或多重保护需求；含预先形成的酰胺键，需确认主链氨基是否仍可偶联；CCD未指定标准氨基酸母体,C20 H24 N12 O6,528.481,,non-polymer,1,c1[nH]c2c(n1)ncnc2NC(=O)N(CC[C@@H](C(=O)O)N)C[C@@H]3[C@H]([C@H]([C@@H](O3)n4cnc5c4ncnc5N)O)O,https://www.rcsb.org/ligand/H3I,https://www.ebi.ac.uk/pdbe/static/files/pdbechem_v2/H3I_500.svg
暂缓,P3,H4R,"4-[(1~{R},5~{S})-6-[2-[4-[3-[[2-[(1~{S})-1-oxidanylethyl]imidazol-1-yl]methyl]-1,2-oxazol-5-yl]phenyl]ethynyl]-3-azabicyclo[3.1.0]hexan-3-yl]butanoic acid",,芳香/疏水侧链,需确认,未进入使用审计,0,0,,结构可能合理，但单体身份、偶联条件或复杂度证据不足，暂不进入研发候选库,分子量超过300 Da，需确认偶联、脱保护和总环肽体积负担；CCD未指定标准氨基酸母体,C26 H28 N4 O4,460.525,,non-polymer,3,C[C@@H](c1nccn1Cc2cc(on2)c3ccc(cc3)C#CC4[C@H]5[C@@H]4CN(C5)CCCC(=O)O)O,https://www.rcsb.org/ligand/H4R,https://www.ebi.ac.uk/pdbe/static/files/pdbechem_v2/H4R_500.svg
暂缓,P3,H62,"(1~{R},2~{R},3~{R},4~{S},6~{S})-6-azanyl-2,3,4-tris(oxidanyl)cyclohexane-1-carboxylic acid",,构象限制,需确认,未进入使用审计,0,0,,结构可能合理，但单体身份、偶联条件或复杂度证据不足，暂不进入研发候选库,CCD未指定标准氨基酸母体,C7 H13 N O5,191.182,,NON-POLYMER,2,C1[C@@H]([C@H]([C@H]([C@@H]([C@H]1O)O)O)C(=O)O)N,https://www.rcsb.org/ligand/H62,https://www.ebi.ac.uk/pdbe/static/files/pdbechem_v2/H62_500.svg
暂缓,P3,H6B,"(1~{R},2~{R},3~{R},4~{S},5~{S},6~{R})-7-methyl-3,4,5-tris(oxidanyl)-7-azabicyclo[4.1.0]heptane-2-carboxylic acid",,其他候选,需确认,未进入使用审计,0,0,,结构可能合理，但单体身份、偶联条件或复杂度证据不足，暂不进入研发候选库,CCD未指定标准氨基酸母体,C8 H13 N O5,203.193,,NON-POLYMER,2,CN1[C@H]2[C@@H]1[C@@H]([C@H]([C@@H]([C@@H]2C(=O)O)O)O)O,https://www.rcsb.org/ligand/H6B,https://www.ebi.ac.uk/pdbe/static/files/pdbechem_v2/H6B_500.svg
暂缓,P3,H6G,"N-[6-(4-acryloyl-1,4-diazepan-1-yl)-2-(pyridin-2-yl)pyrimidin-4-yl]-beta-alanine",,芳香/疏水侧链,需确认,未进入使用审计,0,0,,结构可能合理，但单体身份、偶联条件或复杂度证据不足，暂不进入研发候选库,分子量超过300 Da，需确认偶联、脱保护和总环肽体积负担；杂原子较多，可能带来较高极性或多重保护需求；含预先形成的酰胺键，需确认主链氨基是否仍可偶联；CCD未指定标准氨基酸母体,C20 H24 N6 O3,396.443,,NON-POLYMER,2,C=CC(=O)N1CCCN(CC1)c2cc(nc(n2)c3ccccn3)NCCC(=O)O,https://www.rcsb.org/ligand/H6G,https://www.ebi.ac.uk/pdbe/static/files/pdbechem_v2/H6G_500.svg
暂缓,P3,H6J,"N-{6-[4-(ethenylsulfonyl)-1,4-diazepan-1-yl]-2-(pyridin-2-yl)pyrimidin-4-yl}-beta-alanine",,芳香/疏水侧链,需确认,未进入使用审计,0,0,,结构可能合理，但单体身份、偶联条件或复杂度证据不足，暂不进入研发候选库,分子量超过300 Da，需确认偶联、脱保护和总环肽体积负担；杂原子较多，可能带来较高极性或多重保护需求；CCD未指定标准氨基酸母体,C19 H24 N6 O4 S,432.497,,NON-POLYMER,2,C=CS(=O)(=O)N1CCCN(CC1)c2cc(nc(n2)c3ccccn3)NCCC(=O)O,https://www.rcsb.org/ligand/H6J,https://www.ebi.ac.uk/pdbe/static/files/pdbechem_v2/H6J_500.svg
暂缓,P3,H6M,"N-{6-[4-(hydroxyacetyl)-1,4-diazepan-1-yl]-2-(pyridin-2-yl)pyrimidin-4-yl}-beta-alanine","hydrolysis product of 3-((6-(4-(2-cyano-3-methylbut-2-enoyl)-1,4-diazepan-1-yl)-2-(pyridin-2-yl)pyrimidin-4-yl)amino)propanoic acid",芳香/疏水侧链,需确认,未进入使用审计,0,0,,结构可能合理，但单体身份、偶联条件或复杂度证据不足，暂不进入研发候选库,分子量超过300 Da，需确认偶联、脱保护和总环肽体积负担；杂原子较多，可能带来较高极性或多重保护需求；CCD未指定标准氨基酸母体,C19 H24 N6 O4,400.432,,NON-POLYMER,2,c1ccnc(c1)c2nc(cc(n2)N3CCCN(CC3)C(=O)CO)NCCC(=O)O,https://www.rcsb.org/ligand/H6M,https://www.ebi.ac.uk/pdbe/static/files/pdbechem_v2/H6M_500.svg
排除,P3,H73,"5'-S-[(2R,4R)-1-{2-[(2-amino-7,7-dimethyl-4-oxo-3,4,7,8-tetrahydropteridine-6-carbonyl)amino]ethyl}-2-carboxypiperidin-4-yl]-5'-thioadenosine",,其他候选,否,未进入使用审计,0,0,,分子量超过500 Da，优先判断为复杂整分子,分子量超过300 Da，需确认偶联、脱保护和总环肽体积负担；杂原子较多，可能带来较高极性或多重保护需求；含预先形成的酰胺键，需确认主链氨基是否仍可偶联；CCD未指定标准氨基酸母体,C27 H36 N12 O7 S,672.716,,non-polymer,1,CC1(C(=NC2=C(N1)N=C(NC2=O)N)C(=O)NCCN3CC[C@H](C[C@@H]3C(=O)O)SC[C@@H]4[C@H]([C@H]([C@@H](O4)n5cnc6c5ncnc6N)O)O)C,https://www.rcsb.org/ligand/H73,https://www.ebi.ac.uk/pdbe/static/files/pdbechem_v2/H73_500.svg
暂缓,P3,HA5,"(5R)-3-hydroxy-4,5,6,7-tetrahydroisoxazolo[5,4-c]pyridine-5-carboxylic acid",,芳香/疏水侧链,需确认,未进入使用审计,0,0,,结构可能合理，但单体身份、偶联条件或复杂度证据不足，暂不进入研发候选库,CCD未指定标准氨基酸母体,C7 H8 N2 O4,184.149,,NON-POLYMER,1,C1c2c(onc2O)CN[C@H]1C(=O)O,https://www.rcsb.org/ligand/HA5,https://www.ebi.ac.uk/pdbe/static/files/pdbechem_v2/HA5_500.svg
暂缓,P3,HA7,"(7S)-3-hydroxy-4,5,6,7-tetrahydroisoxazolo[5,4-c]pyridine-7-carboxylic acid",,芳香/疏水侧链,需确认,未进入使用审计,0,0,,结构可能合理，但单体身份、偶联条件或复杂度证据不足，暂不进入研发候选库,CCD未指定标准氨基酸母体,C7 H8 N2 O4,184.149,,NON-POLYMER,1,C1CN[C@@H](c2c1c(no2)O)C(=O)O,https://www.rcsb.org/ligand/HA7,https://www.ebi.ac.uk/pdbe/static/files/pdbechem_v2/HA7_500.svg
暂缓,P3,HAG,4-S-GLUTATHIONYL-5-PENTYL-TETRAHYDRO-FURAN-2-OL,GSHNA,其他候选,需确认,未进入使用审计,0,0,,结构可能合理，但单体身份、偶联条件或复杂度证据不足，暂不进入研发候选库,分子量超过300 Da，需确认偶联、脱保护和总环肽体积负担；杂原子较多，可能带来较高极性或多重保护需求；含预先形成的酰胺键，需确认主链氨基是否仍可偶联；CCD未指定标准氨基酸母体,C19 H33 N3 O8 S,463.546,,NON-POLYMER,1,CCCCC[C@@H]1[C@H](C[C@@H](O1)O)SC[C@@H](C(=O)NCC(=O)O)NC(=O)CC[C@@H](C(=O)O)N,https://www.rcsb.org/ligand/HAG,https://www.ebi.ac.uk/pdbe/static/files/pdbechem_v2/HAG_500.svg
排除,P3,HAS,HEME-AS,,其他候选,否,未进入使用审计,0,0,,含金属元素，不属于常规肽合成单体；名称提示核苷酸、辅因子或整分子缀合物；分子量超过500 Da，优先判断为复杂整分子,分子量超过300 Da，需确认偶联、脱保护和总环肽体积负担；杂原子较多，可能带来较高极性或多重保护需求；CCD未指定标准氨基酸母体,C54 H64 Fe N4 O6,920.954,,NON-POLYMER,4,Cc1c2n3c(c1C=C)C=C4C(=C(C5=CC6=[N]7[Fe]3(N45)[N]8=C(C=C7C(=C6CCC(=O)O)C=O)C(=C(C8=C2)[C@H](CC/C=C(\C)/CC/C=C(\C)/CC/C=C(\C)/CCC=C(C)C)O)C)CCC(=O)O)C,https://www.rcsb.org/ligand/HAS,https://www.ebi.ac.uk/pdbe/static/files/pdbechem_v2/HAS_500.svg
暂缓,P3,HC5,"(R)-3-CARBOXY-2-(HEXANOYLOXY)-N,N,N-TRIMETHYLPROPAN-1-AMINIUM",HEXANOYLCARNITINE,其他候选,需确认,未进入使用审计,0,0,,结构可能合理，但单体身份、偶联条件或复杂度证据不足，暂不进入研发候选库,CCD未指定标准氨基酸母体,C13 H26 N O4,260.35,,NON-POLYMER,3,CCCCCC(=O)O[C@H](CC(=O)O)C[N+](C)(C)C,https://www.rcsb.org/ligand/HC5,https://www.ebi.ac.uk/pdbe/static/files/pdbechem_v2/HC5_500.svg
暂缓,P3,HCE,"{(3R,4S)-1-[(4-amino-5H-pyrrolo[3,2-d]pyrimidin-7-yl)methyl]-4-hydroxypyrrolidin-3-yl}-L-methionine",homocysteine-DADMe-Immucillin-A,其他候选,需确认,未进入使用审计,0,0,,结构可能合理，但单体身份、偶联条件或复杂度证据不足，暂不进入研发候选库,分子量超过300 Da，需确认偶联、脱保护和总环肽体积负担；杂原子较多，可能带来较高极性或多重保护需求；CCD未指定标准氨基酸母体,C16 H24 N6 O3 S,380.465,,NON-POLYMER,1,c1c(c2c([nH]1)c(ncn2)N)CN3C[C@@H]([C@H](C3)O)CSCC[C@@H](C(=O)O)N,https://www.rcsb.org/ligand/HCE,https://www.ebi.ac.uk/pdbe/static/files/pdbechem_v2/HCE_500.svg
排除,P3,HCO,2-ACETYL-PROTOPORPHYRIN IX,,其他候选,否,未进入使用审计,0,0,,含金属元素，不属于常规肽合成单体；分子量超过500 Da，优先判断为复杂整分子,分子量超过300 Da，需确认偶联、脱保护和总环肽体积负担；CCD未指定标准氨基酸母体,C34 H32 Fe N4 O5,632.487,,NON-POLYMER,4,Cc1c2n3c(c1CCC(=O)O)C=C4C(=C(C5=[N]4[Fe]36[N]7=C(C=C8N6C(=C5)C(=C8C(=C)O)C)C(=C(C7=C2)C=C)C)C)CCC(=O)O,https://www.rcsb.org/ligand/HCO,https://www.ebi.ac.uk/pdbe/static/files/pdbechem_v2/HCO_500.svg
暂缓,P3,HCV,N-[(5S)-5-amino-5-carboxypentanoyl]-L-homocysteyl-D-valine,Delta-L-alpha-aminoadipoyl-L-homocysteinyl-D-valine,D-构型,需确认,未进入使用审计,0,0,,结构可能合理，但单体身份、偶联条件或复杂度证据不足，暂不进入研发候选库,分子量超过300 Da，需确认偶联、脱保护和总环肽体积负担；杂原子较多，可能带来较高极性或多重保护需求；CCD未指定标准氨基酸母体,C15 H27 N3 O6 S,377.456,,NON-POLYMER,1,CC(C)[C@H](C(=O)O)NC(=O)[C@H](CCS)NC(=O)CCC[C@@H](C(=O)O)N,https://www.rcsb.org/ligand/HCV,https://www.ebi.ac.uk/pdbe/static/files/pdbechem_v2/HCV_500.svg
暂缓,P3,HDQ,"3-[(3~{S},4~{R})-4-azanyl-4-carboxy-1-[[(2~{S})-piperidin-2-yl]methyl]pyrrolidin-3-yl]propyl-tris(oxidanyl)boranuide",,其他候选,需确认,未进入使用审计,0,0,,结构可能合理，但单体身份、偶联条件或复杂度证据不足，暂不进入研发候选库,分子量超过300 Da，需确认偶联、脱保护和总环肽体积负担；CCD未指定标准氨基酸母体,C14 H29 B N3 O5,330.208,,NON-POLYMER,1,[B-](CCC[C@H]1CN(C[C@]1(C(=O)O)N)C[C@@H]2CCCCN2)(O)(O)O,https://www.rcsb.org/ligand/HDQ,https://www.ebi.ac.uk/pdbe/static/files/pdbechem_v2/HDQ_500.svg
排除,P3,HE0,"(2R,4S)-2-[(1R)-1-{[(6S)-6-carboxy-6-(glycylamino)hexanoyl]amino}-2-oxoethyl]-5,5-dimethyl-1,3-thiazolidine-4-carboxylic acid","Penicillin analog, bound/open form",其他候选,否,未进入使用审计,0,0,,名称明确提示药物、抗生素或反应中间体,分子量超过300 Da，需确认偶联、脱保护和总环肽体积负担；杂原子较多，可能带来较高极性或多重保护需求；CCD未指定标准氨基酸母体,C17 H28 N4 O7 S,432.492,,NON-POLYMER,1,CC1([C@@H](N[C@H](S1)[C@@H](C=O)NC(=O)CCCC[C@@H](C(=O)O)NC(=O)CN)C(=O)O)C,https://www.rcsb.org/ligand/HE0,https://www.ebi.ac.uk/pdbe/static/files/pdbechem_v2/HE0_500.svg
排除,P3,HE6,"6,7-DICARBOXYL-1,2,3,4,5,8-HEXAMETHYLHEMIN",,其他候选,否,未进入使用审计,0,0,,含金属元素，不属于常规肽合成单体；分子量超过500 Da，优先判断为复杂整分子,分子量超过300 Da，需确认偶联、脱保护和总环肽体积负担；CCD未指定标准氨基酸母体,C28 H24 Fe N4 O4,536.36,,NON-POLYMER,2,Cc1c(c2n3c1C=C4C(=C(C5=[N]4[Fe]36[N]7=C(C=C8N6C(=C5)C(=C8C(=O)O)C)C(=C(C7=C2)C)C(=O)O)C)C)C,https://www.rcsb.org/ligand/HE6,https://www.ebi.ac.uk/pdbe/static/files/pdbechem_v2/HE6_500.svg
暂缓,P3,HE8,"3-[(3~{S},4~{R})-4-azanyl-4-carboxy-pyrrolidin-3-yl]propyl-tris(oxidanyl)boranuide",,其他候选,需确认,未进入使用审计,0,0,,结构可能合理，但单体身份、偶联条件或复杂度证据不足，暂不进入研发候选库,CCD未指定标准氨基酸母体,C8 H18 B N2 O5,233.05,,NON-POLYMER,1,[B-](CCC[C@H]1CNC[C@]1(C(=O)O)N)(O)(O)O,https://www.rcsb.org/ligand/HE8,https://www.ebi.ac.uk/pdbe/static/files/pdbechem_v2/HE8_500.svg
排除,P3,HEA,HEME-A,,其他候选,否,未进入使用审计,0,0,,含金属元素，不属于常规肽合成单体；名称提示核苷酸、辅因子或整分子缀合物；分子量超过500 Da，优先判断为复杂整分子,分子量超过300 Da，需确认偶联、脱保护和总环肽体积负担；杂原子较多，可能带来较高极性或多重保护需求；CCD未指定标准氨基酸母体,C49 H56 Fe N4 O6,852.837,,NON-POLYMER,4,Cc1c2n3c(c1C=C)C=C4C(=C(C5=[N]4[Fe]36[N]7=C(C=C8N6C(=C5)C(=C8C=O)CCC(=O)O)C(=C(C7=C2)[C@H](CC/C=C(\C)/CC/C=C(\C)/CCC=C(C)C)O)C)CCC(=O)O)C,https://www.rcsb.org/ligand/HEA,https://www.ebi.ac.uk/pdbe/static/files/pdbechem_v2/HEA_500.svg
排除,P3,HEB,HEME B/C,HYBRID BETWEEN B AND C TYPE HEMES (PROTOPORPHYRIN IX CONTAINING FE),其他候选,否,未进入使用审计,0,0,,含金属元素，不属于常规肽合成单体；名称提示核苷酸、辅因子或整分子缀合物；分子量超过500 Da，优先判断为复杂整分子,分子量超过300 Da，需确认偶联、脱保护和总环肽体积负担；CCD未指定标准氨基酸母体,C34 H34 Fe N4 O4,618.503,,NON-POLYMER,4,CCC1=C(C2=[N]3C1=Cc4c(c(c5n4[Fe]36[N]7=C(C=C8N6C(=C2)C(=C8CCC(=O)O)C)C(=C(C7=C5)C)CCC(=O)O)C=C)C)C,https://www.rcsb.org/ligand/HEB,https://www.ebi.ac.uk/pdbe/static/files/pdbechem_v2/HEB_500.svg
排除,P3,HEC / MH0,HEME C；Mesoheme,,其他候选,否,未进入使用审计,0,0,,含金属元素，不属于常规肽合成单体；名称提示核苷酸、辅因子或整分子缀合物；分子量超过500 Da，优先判断为复杂整分子,分子量超过300 Da，需确认偶联、脱保护和总环肽体积负担；CCD未指定标准氨基酸母体,C34 H36 Fe N4 O4,620.519,,NON-POLYMER,4,CCc1c(c2n3c1C=C4C(=C(C5=[N]4[Fe]36[N]7=C(C=C8N6C(=C5)C(=C8C)CCC(=O)O)C(=C(C7=C2)CC)C)CCC(=O)O)C)C,https://www.rcsb.org/ligand/HEC；https://www.rcsb.org/ligand/MH0,https://www.ebi.ac.uk/pdbe/static/files/pdbechem_v2/HEC_500.svg；https://www.ebi.ac.uk/pdbe/static/files/pdbechem_v2/MH0_500.svg
暂缓,P3,HEI,"1-(2-{3-[(2,4-diamino-6-ethylpyrimidin-5-yl)oxy]propoxy}phenyl)piperidine-4-carboxylic acid",,芳香/疏水侧链,需确认,未进入使用审计,0,0,,结构可能合理，但单体身份、偶联条件或复杂度证据不足，暂不进入研发候选库,分子量超过300 Da，需确认偶联、脱保护和总环肽体积负担；杂原子较多，可能带来较高极性或多重保护需求；CCD未指定标准氨基酸母体,C21 H29 N5 O4,415.486,,non-polymer,3,CCc1c(c(nc(n1)N)N)OCCCOc2ccccc2N3CCC(CC3)C(=O)O,https://www.rcsb.org/ligand/HEI,https://www.ebi.ac.uk/pdbe/static/files/pdbechem_v2/HEI_500.svg
排除,P3,HEM,PROTOPORPHYRIN IX CONTAINING FE,HEME,其他候选,否,未进入使用审计,0,0,,含金属元素，不属于常规肽合成单体；名称提示核苷酸、辅因子或整分子缀合物；分子量超过500 Da，优先判断为复杂整分子,分子量超过300 Da，需确认偶联、脱保护和总环肽体积负担；CCD未指定标准氨基酸母体,C34 H32 Fe N4 O4,616.487,,NON-POLYMER,4,Cc1c2n3c(c1CCC(=O)O)C=C4C(=C(C5=[N]4[Fe]36[N]7=C(C=C8N6C(=C5)C(=C8C)C=C)C(=C(C7=C2)C)C=C)C)CCC(=O)O,https://www.rcsb.org/ligand/HEM,https://www.ebi.ac.uk/pdbe/static/files/pdbechem_v2/HEM_500.svg
排除,P3,HES,ZINC SUBSTITUTED HEME C,,其他候选,否,未进入使用审计,0,0,,含金属元素，不属于常规肽合成单体；名称提示核苷酸、辅因子或整分子缀合物；分子量超过500 Da，优先判断为复杂整分子,分子量超过300 Da，需确认偶联、脱保护和总环肽体积负担；CCD未指定标准氨基酸母体,C34 H36 N4 O4 Zn,630.083,,NON-POLYMER,4,CCc1c(c2n3c1C=C4C(=C(C5=[N]4[Zn]36[N]7=C(C=C8N6C(=C5)C(=C8C)CCC(=O)O)C(=C(C7=C2)CC)C)CCC(=O)O)C)C,https://www.rcsb.org/ligand/HES,https://www.ebi.ac.uk/pdbe/static/files/pdbechem_v2/HES_500.svg
排除,P3,HEV,"5,8-DIMETHYL-1,2,3,4-TETRAVINYLPORPHINE-6,7-DIPROPIONIC ACID FERROUS COMPLEX","1,3-DEDIMETHYL-1,3-DIVINYL HEME",其他候选,否,未进入使用审计,0,0,,含金属元素，不属于常规肽合成单体；名称提示核苷酸、辅因子或整分子缀合物；分子量超过500 Da，优先判断为复杂整分子,分子量超过300 Da，需确认偶联、脱保护和总环肽体积负担；CCD未指定标准氨基酸母体,C36 H32 Fe N4 O4,640.509,,NON-POLYMER,4,CC1=C(C2=[N]3C1=Cc4c(c(c5n4[Fe]36[N]7=C(C=C8N6C(=C2)C(=C8C)CCC(=O)O)C(=C(C7=C5)C=C)C=C)C=C)C=C)CCC(=O)O,https://www.rcsb.org/ligand/HEV,https://www.ebi.ac.uk/pdbe/static/files/pdbechem_v2/HEV_500.svg
暂缓,P3,HFV,"DELTA-(L-ALPHA-AMINOADIPOYL)-L-CYSTEINYL-L-3,3,3,3',3',3'-HEXAFLUOROVALINE",,卤代/电子调节,需确认,未进入使用审计,0,0,,结构可能合理，但单体身份、偶联条件或复杂度证据不足，暂不进入研发候选库,分子量超过300 Da，需确认偶联、脱保护和总环肽体积负担；杂原子较多，可能带来较高极性或多重保护需求；含预先形成的酰胺键，需确认主链氨基是否仍可偶联；CCD未指定标准氨基酸母体,C14 H19 F6 N3 O6 S,471.373,,NON-POLYMER,1,C(C[C@@H](C(=O)O)N)CC(=O)N[C@@H](CS)C(=O)N[C@@H](C(C(F)(F)F)C(F)(F)F)C(=O)O,https://www.rcsb.org/ligand/HFV,https://www.ebi.ac.uk/pdbe/static/files/pdbechem_v2/HFV_500.svg
排除,P3,HGD,mercury bis(L-gamma-glutamyl-3-sulfido-L-alanylglycine),S-Mercury glutathione,延长骨架,否,未进入使用审计,0,0,,含金属元素，不属于常规肽合成单体；名称提示核苷酸、辅因子或整分子缀合物；分子量超过500 Da，优先判断为复杂整分子；含多个酰胺键，更像多残基/整分子片段而非独立单体,分子量超过300 Da，需确认偶联、脱保护和总环肽体积负担；杂原子较多，可能带来较高极性或多重保护需求；含预先形成的酰胺键，需确认主链氨基是否仍可偶联；CCD未指定标准氨基酸母体,C20 H32 Hg N6 O12 S2,813.221,,NON-POLYMER,1,C(CC(=O)N[C@@H](CS[Hg]SC[C@@H](C(=O)NCC(=O)O)NC(=O)CC[C@@H](C(=O)O)N)C(=O)NCC(=O)O)[C@@H](C(=O)O)N,https://www.rcsb.org/ligand/HGD,https://www.ebi.ac.uk/pdbe/static/files/pdbechem_v2/HGD_500.svg
暂缓,P3,HHA,"(2S,3S)-TRANS-2,3-DIHYDRO-3-HYDROXYANTHRANILIC ACID",,其他候选,需确认,未进入使用审计,0,0,,结构可能合理，但单体身份、偶联条件或复杂度证据不足，暂不进入研发候选库,CCD未指定标准氨基酸母体,C7 H9 N O3,155.151,,NON-POLYMER,2,C1=C[C@@H]([C@H](C(=C1)C(=O)O)N)O,https://www.rcsb.org/ligand/HHA,https://www.ebi.ac.uk/pdbe/static/files/pdbechem_v2/HHA_500.svg
暂缓,P3,HHC,"~{N}-[(2~{R})-2,3-bis(azanyl)-3-oxidanylidene-propyl]-2-[(4~{R})-4-methanoyl-4,5-dihydro-1,3-thiazol-2-yl]pyridine-4-carboxamide",,芳香/疏水侧链,需确认,未进入使用审计,0,0,,结构可能合理，但单体身份、偶联条件或复杂度证据不足，暂不进入研发候选库,分子量超过300 Da，需确认偶联、脱保护和总环肽体积负担；杂原子较多，可能带来较高极性或多重保护需求；含预先形成的酰胺键，需确认主链氨基是否仍可偶联；CCD未指定标准氨基酸母体,C13 H15 N5 O4 S,337.354,,non-polymer,1,c1cnc(cc1C(=O)NC[C@H](C(=O)N)N)C2=N[C@@H](CS2)C(=O)O,https://www.rcsb.org/ligand/HHC,https://www.ebi.ac.uk/pdbe/static/files/pdbechem_v2/HHC_500.svg
排除,P3,HIF,FE(III)-(4-MESOPORPHYRINONE),"FE-MESOPONE; (8,12-DIETHYL-3,8,13,17-TETRAMETHYL-7-OXO-PORPHYRINATO-2,18-DIPROPIONIC ACID)IRON(III)",其他候选,否,未进入使用审计,0,0,,含金属元素，不属于常规肽合成单体；分子量超过500 Da，优先判断为复杂整分子,分子量超过300 Da，需确认偶联、脱保护和总环肽体积负担；CCD未指定标准氨基酸母体,C34 H36 Fe N4 O5,636.518,,NON-POLYMER,4,CCc1c(c2n3c1C=C4[C@](C(=O)C5=[N]4[Fe]36[N]7=C(C=C8N6C(=C5)C(=C8CCC(=O)O)C)C(=C(C7=C2)C)CCC(=O)O)(C)CC)C,https://www.rcsb.org/ligand/HIF,https://www.ebi.ac.uk/pdbe/static/files/pdbechem_v2/HIF_500.svg
排除,P3,HIR,methyliridium(III) mesoporphyrin,,其他候选,否,未进入使用审计,0,0,,含金属元素，不属于常规肽合成单体；分子量超过500 Da，优先判断为复杂整分子,分子量超过300 Da，需确认偶联、脱保护和总环肽体积负担；CCD未指定标准氨基酸母体,C35 H33 Ir N4 O5,781.877,,non-polymer,4,Cc1c2n3c(c1CCC(=O)O)C=C4C(=C(C5=[N]4[Ir]36([N]7=C(C=C8N6C(=C5)C(=C8C)C=C)C(=C(C7=C2)C)C=C)C=O)C)CCC(=O)O,https://www.rcsb.org/ligand/HIR,https://www.ebi.ac.uk/pdbe/static/files/pdbechem_v2/HIR_500.svg
暂缓,P3,HJ2,"(2R)-2-[(R)-{[(6S)-6-amino-6-carboxyhexanoyl]amino}(carboxy)methyl]-5-methyl-3,6-dihydro-2H-1,3-thiazine-4-carboxylic acid",,其他候选,需确认,未进入使用审计,0,0,,结构可能合理，但单体身份、偶联条件或复杂度证据不足，暂不进入研发候选库,分子量超过300 Da，需确认偶联、脱保护和总环肽体积负担；杂原子较多，可能带来较高极性或多重保护需求；CCD未指定标准氨基酸母体,C15 H23 N3 O7 S,389.424,,NON-POLYMER,2,CC1=C(N[C@H](SC1)[C@@H](C(=O)O)NC(=O)CCCC[C@@H](C(=O)O)N)C(=O)O,https://www.rcsb.org/ligand/HJ2,https://www.ebi.ac.uk/pdbe/static/files/pdbechem_v2/HJ2_500.svg
暂缓,P3,HJ3,"(2R,4S)-2-[(1R)-1-{[(6S)-6-amino-6-carboxyhexanoyl]amino}-2-oxoethyl]-5,5-dimethyl-1,3-thiazolidine-4-carboxylic acid",,其他候选,需确认,未进入使用审计,0,0,,结构可能合理，但单体身份、偶联条件或复杂度证据不足，暂不进入研发候选库,分子量超过300 Da，需确认偶联、脱保护和总环肽体积负担；杂原子较多，可能带来较高极性或多重保护需求；CCD未指定标准氨基酸母体,C15 H25 N3 O6 S,375.441,,NON-POLYMER,1,CC1([C@@H](N[C@H](S1)[C@@H](C=O)NC(=O)CCCC[C@@H](C(=O)O)N)C(=O)O)C,https://www.rcsb.org/ligand/HJ3,https://www.ebi.ac.uk/pdbe/static/files/pdbechem_v2/HJ3_500.svg
暂缓,P3,HJ8,"(2~{S})-2-azanyl-3-(3-ethyl-5-oxidanyl-1,2,3-triazol-4-yl)propanoic acid",,其他候选,需确认,未进入使用审计,0,0,,结构可能合理，但单体身份、偶联条件或复杂度证据不足，暂不进入研发候选库,CCD未指定标准氨基酸母体,C7 H12 N4 O3,200.195,,NON-POLYMER,1,CCn1c(c(nn1)O)C[C@@H](C(=O)O)N,https://www.rcsb.org/ligand/HJ8,https://www.ebi.ac.uk/pdbe/static/files/pdbechem_v2/HJ8_500.svg
暂缓,P3,HJT,(2~{S})-2-azanyl-4-sulfo-butanoic acid,,其他候选,需确认,未进入使用审计,0,0,,结构可能合理，但单体身份、偶联条件或复杂度证据不足，暂不进入研发候选库,CCD未指定标准氨基酸母体,C4 H9 N O5 S,183.183,,NON-POLYMER,1,C(CS(=O)(=O)O)[C@@H](C(=O)O)N,https://www.rcsb.org/ligand/HJT,https://www.ebi.ac.uk/pdbe/static/files/pdbechem_v2/HJT_500.svg
暂缓,P3,HL8,"1-[2,4-bis(chloranyl)-3-[2-(5-chloranylfuran-2-yl)-5-methyl-4-(trifluoromethyl)imidazol-1-yl]phenyl]azetidine-3-carboxylic acid",,构象限制,需确认,未进入使用审计,0,0,,结构可能合理，但单体身份、偶联条件或复杂度证据不足，暂不进入研发候选库,分子量超过300 Da，需确认偶联、脱保护和总环肽体积负担；CCD未指定标准氨基酸母体,C19 H13 Cl3 F3 N3 O3,494.679,,NON-POLYMER,2,Cc1c(nc(n1c2c(ccc(c2Cl)N3CC(C3)C(=O)O)Cl)c4ccc(o4)Cl)C(F)(F)F,https://www.rcsb.org/ligand/HL8,https://www.ebi.ac.uk/pdbe/static/files/pdbechem_v2/HL8_500.svg
排除,P3,HNI,PROTOPORPHYRIN IX CONTAINING NI(II),,其他候选,否,未进入使用审计,0,0,,含金属元素，不属于常规肽合成单体；分子量超过500 Da，优先判断为复杂整分子,分子量超过300 Da，需确认偶联、脱保护和总环肽体积负担；CCD未指定标准氨基酸母体,C34 H32 N4 Ni O4,619.336,,NON-POLYMER,4,Cc1c2n3c(c1CCC(=O)O)C=C4C(=C(C5=[N]4[Ni]36[N]7=C(C=C8N6C(=C5)C(=C8C=C)C)C(=C(C7=C2)C=C)C)C)CCC(=O)O,https://www.rcsb.org/ligand/HNI,https://www.ebi.ac.uk/pdbe/static/files/pdbechem_v2/HNI_500.svg
暂缓,P3,HNS,"3-hydroxy-6-(2-methylphenyl)-4-oxo-1,4-dihydropyridine-2-carboxylic acid",,芳香/疏水侧链,需确认,未进入使用审计,0,0,,结构可能合理，但单体身份、偶联条件或复杂度证据不足，暂不进入研发候选库,CCD未指定标准氨基酸母体,C13 H11 N O4,245.231,,NON-POLYMER,1,Cc1ccccc1C2=CC(=O)C(=C(N2)C(=O)O)O,https://www.rcsb.org/ligand/HNS,https://www.ebi.ac.uk/pdbe/static/files/pdbechem_v2/HNS_500.svg
暂缓,P3,HNX,"(2~{S})-2-azanyl-7-(naphthalen-1-ylmethoxy)-3,4-dihydro-1~{H}-naphthalene-2-carboxylic acid",,芳香/疏水侧链,需确认,未进入使用审计,0,0,,结构可能合理，但单体身份、偶联条件或复杂度证据不足，暂不进入研发候选库,分子量超过300 Da，需确认偶联、脱保护和总环肽体积负担；CCD未指定标准氨基酸母体,C22 H21 N O3,347.407,,non-polymer,1,c1ccc2c(c1)cccc2COc3ccc4c(c3)C[C@@](CC4)(C(=O)O)N,https://www.rcsb.org/ligand/HNX,https://www.ebi.ac.uk/pdbe/static/files/pdbechem_v2/HNX_500.svg
暂缓,P3,HNY,"6-(2-ethylphenyl)-3-hydroxy-4-oxo-1,4-dihydropyridine-2-carboxylic acid",,芳香/疏水侧链,需确认,未进入使用审计,0,0,,结构可能合理，但单体身份、偶联条件或复杂度证据不足，暂不进入研发候选库,CCD未指定标准氨基酸母体,C14 H13 N O4,259.257,,NON-POLYMER,1,CCc1ccccc1C2=CC(=O)C(=C(N2)C(=O)O)O,https://www.rcsb.org/ligand/HNY,https://www.ebi.ac.uk/pdbe/static/files/pdbechem_v2/HNY_500.svg
暂缓,P3,HO0,"(2~{S})-2-azanyl-7-[(2-phenylphenyl)methoxy]-3,4-dihydro-1~{H}-naphthalene-2-carboxylic acid",,芳香/疏水侧链,需确认,未进入使用审计,0,0,,结构可能合理，但单体身份、偶联条件或复杂度证据不足，暂不进入研发候选库,分子量超过300 Da，需确认偶联、脱保护和总环肽体积负担；CCD未指定标准氨基酸母体,C24 H23 N O3,373.444,,non-polymer,1,c1ccc(cc1)c2ccccc2COc3ccc4c(c3)C[C@@](CC4)(C(=O)O)N,https://www.rcsb.org/ligand/HO0,https://www.ebi.ac.uk/pdbe/static/files/pdbechem_v2/HO0_500.svg
暂缓,P3,HO1,"3-hydroxy-4-oxo-6-[3-(1H-tetrazol-5-yl)phenyl]-1,4-dihydropyridine-2-carboxylic acid",,芳香/疏水侧链,需确认,未进入使用审计,0,0,,结构可能合理，但单体身份、偶联条件或复杂度证据不足，暂不进入研发候选库,杂原子较多，可能带来较高极性或多重保护需求；CCD未指定标准氨基酸母体,C13 H9 N5 O4,299.242,,NON-POLYMER,1,c1cc(cc(c1)C2=CC(=O)C(=C(N2)C(=O)O)O)c3[nH]nnn3,https://www.rcsb.org/ligand/HO1,https://www.ebi.ac.uk/pdbe/static/files/pdbechem_v2/HO1_500.svg
暂缓,P3,HO9,"(2~{S})-2-azanyl-7-[[2-(1,3-benzoxazol-2-yl)phenyl]methoxy]-3,4-dihydro-1~{H}-naphthalene-2-carboxylic acid",,芳香/疏水侧链,需确认,未进入使用审计,0,0,,结构可能合理，但单体身份、偶联条件或复杂度证据不足，暂不进入研发候选库,分子量超过300 Da，需确认偶联、脱保护和总环肽体积负担；CCD未指定标准氨基酸母体,C25 H22 N2 O4,414.453,,non-polymer,1,c1ccc(c(c1)COc2ccc3c(c2)C[C@@](CC3)(C(=O)O)N)c4nc5ccccc5o4,https://www.rcsb.org/ligand/HO9,https://www.ebi.ac.uk/pdbe/static/files/pdbechem_v2/HO9_500.svg
暂缓,P3,HOG,"6-(3-carboxyphenyl)-3-hydroxy-4-oxo-1,4-dihydropyridine-2-carboxylic acid",,芳香/疏水侧链,需确认,未进入使用审计,0,0,,结构可能合理，但单体身份、偶联条件或复杂度证据不足，暂不进入研发候选库,杂原子较多，可能带来较高极性或多重保护需求；CCD未指定标准氨基酸母体,C13 H9 N O6,275.214,,NON-POLYMER,1,c1cc(cc(c1)C(=O)O)C2=CC(=O)C(=C(N2)C(=O)O)O,https://www.rcsb.org/ligand/HOG,https://www.ebi.ac.uk/pdbe/static/files/pdbechem_v2/HOG_500.svg
暂缓,P3,HOQ,"(1R)-2-(1-CARBOXY-2-HYDROXY-2-METHYL-PROPYL)-5,5-DIMETHYL-THIAZOLIDINE-4-CARBOXYLIC ACID",,其他候选,需确认,未进入使用审计,0,0,,结构可能合理，但单体身份、偶联条件或复杂度证据不足，暂不进入研发候选库,CCD未指定标准氨基酸母体,C11 H19 N O5 S,277.337,,NON-POLYMER,2,CC1([C@@H](N[C@H](S1)[C@@H](C(=O)O)C(C)(C)O)C(=O)O)C,https://www.rcsb.org/ligand/HOQ,https://www.ebi.ac.uk/pdbe/static/files/pdbechem_v2/HOQ_500.svg
排除,P3,HP5,Peroxidized Heme Form 2,,其他候选,否,未进入使用审计,0,0,,含金属元素，不属于常规肽合成单体；名称提示核苷酸、辅因子或整分子缀合物；分子量超过500 Da，优先判断为复杂整分子,分子量超过300 Da，需确认偶联、脱保护和总环肽体积负担；杂原子较多，可能带来较高极性或多重保护需求；CCD未指定标准氨基酸母体,C34 H32 Fe N4 O6,648.486,,NON-POLYMER,4,Cc1c2n3c(c1C(=C)OO)C=C4C(=C(C5=[N]4[Fe]36[N]7=C(C=C8N6C(=C5)C(=C8CCC(=O)O)C)C(=C(C7=C2)C)CCC(=O)O)C=C)C,https://www.rcsb.org/ligand/HP5,https://www.ebi.ac.uk/pdbe/static/files/pdbechem_v2/HP5_500.svg
暂缓,P3,HPI,N-(1-CARBOXY-3-PHENYLPROPYL)PHENYLALANYL-ALPHA-ASPARAGINE,,芳香/疏水侧链,需确认,未进入使用审计,0,0,,结构可能合理，但单体身份、偶联条件或复杂度证据不足，暂不进入研发候选库,分子量超过300 Da，需确认偶联、脱保护和总环肽体积负担；杂原子较多，可能带来较高极性或多重保护需求；含预先形成的酰胺键，需确认主链氨基是否仍可偶联；CCD未指定标准氨基酸母体,C23 H27 N3 O6,441.477,,NON-POLYMER,1,c1ccc(cc1)CC[C@@H](C(=O)O)N[C@@H](Cc2ccccc2)C(=O)N[C@@H](CC(=O)O)C(=O)N,https://www.rcsb.org/ligand/HPI,https://www.ebi.ac.uk/pdbe/static/files/pdbechem_v2/HPI_500.svg
暂缓,P3,HRJ,"3-hydroxy-6-[2-methyl-4-(5-oxo-4,5-dihydro-1,2,4-oxadiazol-3-yl)phenyl]-4-oxo-1,4-dihydropyridine-2-carboxylic acid",,芳香/疏水侧链,需确认,未进入使用审计,0,0,,结构可能合理，但单体身份、偶联条件或复杂度证据不足，暂不进入研发候选库,分子量超过300 Da，需确认偶联、脱保护和总环肽体积负担；杂原子较多，可能带来较高极性或多重保护需求；含预先形成的酰胺键，需确认主链氨基是否仍可偶联；CCD未指定标准氨基酸母体,C15 H11 N3 O6,329.264,,NON-POLYMER,1,Cc1cc(ccc1C2=CC(=O)C(=C(N2)C(=O)O)O)C3=NOC(=O)N3,https://www.rcsb.org/ligand/HRJ,https://www.ebi.ac.uk/pdbe/static/files/pdbechem_v2/HRJ_500.svg
暂缓,P3,HWA,"3-hydroxy-6-methyl-4-oxo-1,4-dihydropyridine-2-carboxylic acid",,芳香/疏水侧链,需确认,未进入使用审计,0,0,,结构可能合理，但单体身份、偶联条件或复杂度证据不足，暂不进入研发候选库,CCD未指定标准氨基酸母体,C7 H7 N O4,169.135,,NON-POLYMER,1,CC1=CC(=O)C(=C(N1)C(=O)O)O,https://www.rcsb.org/ligand/HWA,https://www.ebi.ac.uk/pdbe/static/files/pdbechem_v2/HWA_500.svg
暂缓,P3,HWF,(2S)-3-phenyl-2-[(3R)-pyrrolidin-3-yl]propanoic acid,LY3353871,芳香/疏水侧链,需确认,未进入使用审计,0,0,,结构可能合理，但单体身份、偶联条件或复杂度证据不足，暂不进入研发候选库,CCD未指定标准氨基酸母体,C13 H17 N O2,219.28,,non-polymer,3,c1ccc(cc1)C[C@@H]([C@H]2CCNC2)C(=O)O,https://www.rcsb.org/ligand/HWF,https://www.ebi.ac.uk/pdbe/static/files/pdbechem_v2/HWF_500.svg
暂缓,P3,HWI,"1-(2-{3-[(2,4-diamino-6-ethylpyrimidin-5-yl)oxy]propoxy}-4-methylphenyl)azetidine-3-carboxylic acid",,构象限制,需确认,未进入使用审计,0,0,,结构可能合理，但单体身份、偶联条件或复杂度证据不足，暂不进入研发候选库,分子量超过300 Da，需确认偶联、脱保护和总环肽体积负担；杂原子较多，可能带来较高极性或多重保护需求；CCD未指定标准氨基酸母体,C20 H27 N5 O4,401.459,,non-polymer,2,CCc1c(c(nc(n1)N)N)OCCCOc2cc(ccc2N3CC(C3)C(=O)O)C,https://www.rcsb.org/ligand/HWI,https://www.ebi.ac.uk/pdbe/static/files/pdbechem_v2/HWI_500.svg
暂缓,P3,HWJ,"3-hydroxy-6-[2-methyl-4-(1H-tetrazol-5-yl)phenyl]-4-oxo-1,4-dihydropyridine-2-carboxylic acid",,芳香/疏水侧链,需确认,未进入使用审计,0,0,,结构可能合理，但单体身份、偶联条件或复杂度证据不足，暂不进入研发候选库,分子量超过300 Da，需确认偶联、脱保护和总环肽体积负担；杂原子较多，可能带来较高极性或多重保护需求；CCD未指定标准氨基酸母体,C14 H11 N5 O4,313.268,,NON-POLYMER,1,Cc1cc(ccc1C2=CC(=O)C(=C(N2)C(=O)O)O)c3[nH]nnn3,https://www.rcsb.org/ligand/HWJ,https://www.ebi.ac.uk/pdbe/static/files/pdbechem_v2/HWJ_500.svg
暂缓,P3,HXF,2-[[(3S)-3-acetamido-4-[[(2R)-1-(oxidanylamino)-1-oxidanylidene-propan-2-yl]amino]-4-oxidanylidene-butyl]-(phenylmethyl)amino]ethanoic acid,,芳香/疏水侧链,需确认,未进入使用审计,0,0,,结构可能合理，但单体身份、偶联条件或复杂度证据不足，暂不进入研发候选库,分子量超过300 Da，需确认偶联、脱保护和总环肽体积负担；杂原子较多，可能带来较高极性或多重保护需求；含预先形成的酰胺键，需确认主链氨基是否仍可偶联；CCD未指定标准氨基酸母体,C18 H26 N4 O6,394.422,,non-polymer,1,C[C@H](C(=O)NO)NC(=O)[C@H](CCN(Cc1ccccc1)CC(=O)O)NC(=O)C,https://www.rcsb.org/ligand/HXF,https://www.ebi.ac.uk/pdbe/static/files/pdbechem_v2/HXF_500.svg
排除,P3,HY8,"(2~{S})-4-[[(2~{S},3~{S},4~{R},5~{R})-5-(6-aminopurin-9-yl)-3,4-bis(oxidanyl)oxolan-2-yl]methyl-[3-[[9-[(2~{S},3~{R},4~{S},5~{S})-5-(hydroxymethyl)-3,4-bis(oxidanyl)oxolan-2-yl]purin-6-yl]amino]propyl]amino]-2-azanyl-butanoic acid",,其他候选,否,未进入使用审计,0,0,,分子量超过500 Da，优先判断为复杂整分子,分子量超过300 Da，需确认偶联、脱保护和总环肽体积负担；杂原子较多，可能带来较高极性或多重保护需求；CCD未指定标准氨基酸母体,C27 H38 N12 O9,674.666,,NON-POLYMER,1,c1nc(c2c(n1)n(cn2)[C@H]3[C@@H]([C@@H]([C@@H](O3)CN(CCCNc4c5c(ncn4)n(cn5)[C@@H]6[C@@H]([C@@H]([C@@H](O6)CO)O)O)CC[C@@H](C(=O)O)N)O)O)N,https://www.rcsb.org/ligand/HY8,https://www.ebi.ac.uk/pdbe/static/files/pdbechem_v2/HY8_500.svg
暂缓,P3,HY9,2-[[(3S)-3-acetamido-4-[[(2R)-1-(oxidanylamino)-1-oxidanylidene-propan-2-yl]amino]-4-oxidanylidene-butyl]-(cyclopentylmethyl)amino]ethanoic acid,,构象限制,需确认,未进入使用审计,0,0,,结构可能合理，但单体身份、偶联条件或复杂度证据不足，暂不进入研发候选库,分子量超过300 Da，需确认偶联、脱保护和总环肽体积负担；杂原子较多，可能带来较高极性或多重保护需求；含预先形成的酰胺键，需确认主链氨基是否仍可偶联；CCD未指定标准氨基酸母体,C17 H30 N4 O6,386.443,,non-polymer,1,C[C@H](C(=O)NO)NC(=O)[C@H](CCN(CC1CCCC1)CC(=O)O)NC(=O)C,https://www.rcsb.org/ligand/HY9,https://www.ebi.ac.uk/pdbe/static/files/pdbechem_v2/HY9_500.svg
排除,P3,HZ2,"(2~{S})-4-[[(2~{R},3~{S},4~{R},5~{R})-5-(6-aminopurin-9-yl)-3,4-bis(oxidanyl)oxolan-2-yl]methyl-[2-[[9-[(2~{R},3~{R},4~{S},5~{R})-5-(hydroxymethyl)-3,4-bis(oxidanyl)oxolan-2-yl]purin-6-yl]amino]ethyl]amino]-2-azanyl-butanoic acid",,其他候选,否,未进入使用审计,0,0,,分子量超过500 Da，优先判断为复杂整分子,分子量超过300 Da，需确认偶联、脱保护和总环肽体积负担；杂原子较多，可能带来较高极性或多重保护需求；CCD未指定标准氨基酸母体,C26 H36 N12 O9,660.639,,NON-POLYMER,1,c1nc(c2c(n1)n(cn2)[C@H]3[C@@H]([C@@H]([C@H](O3)CN(CC[C@@H](C(=O)O)N)CCNc4c5c(ncn4)n(cn5)[C@H]6[C@@H]([C@@H]([C@H](O6)CO)O)O)O)O)N,https://www.rcsb.org/ligand/HZ2,https://www.ebi.ac.uk/pdbe/static/files/pdbechem_v2/HZ2_500.svg
排除,P3,I0C,"(2~{S})-4-[[(2~{R},3~{S},4~{R},5~{R})-5-(6-aminopurin-9-yl)-3,4-bis(oxidanyl)oxolan-2-yl]methyl-[3-[[9-[(2~{R},5~{R})-5-(hydroxymethyl)-3,4-bis(oxidanyl)oxolan-2-yl]-7~{H}-purin-6-yl]amino]propyl]amino]-2-azanyl-butanoic acid",,其他候选,否,未进入使用审计,0,0,,分子量超过500 Da，优先判断为复杂整分子,分子量超过300 Da，需确认偶联、脱保护和总环肽体积负担；杂原子较多，可能带来较高极性或多重保护需求；CCD未指定标准氨基酸母体,C27 H38 N12 O9,674.666,,non-polymer,1,c1nc(c2c(n1)n(cn2)[C@H]3[C@@H]([C@@H]([C@H](O3)CN(CCCNc4c5c(ncn4)n(cn5)[C@H]6[C@@H]([C@@H]([C@H](O6)CO)O)O)CC[C@@H](C(=O)O)N)O)O)N,https://www.rcsb.org/ligand/I0C,https://www.ebi.ac.uk/pdbe/static/files/pdbechem_v2/I0C_500.svg
排除,P3,I0Q,"(2R)-4-[4-[5-[4-[[4-(acetamidomethyl)piperidin-1-ium-1-yl]methyl]-6-[3,5-bis(chloranyl)phenyl]pyridin-2-yl]oxypyrimidin-2-yl]piperazin-1-ium-1-yl]-2-methyl-butanoate",,芳香/疏水侧链,否,未进入使用审计,0,0,,分子量超过500 Da，优先判断为复杂整分子,分子量超过300 Da，需确认偶联、脱保护和总环肽体积负担；杂原子较多，可能带来较高极性或多重保护需求；CCD未指定标准氨基酸母体,C33 H42 Cl2 N7 O4,671.637,,non-polymer,3,C[C@H](CC[NH+]1CCN(CC1)c2ncc(cn2)Oc3cc(cc(n3)c4cc(cc(c4)Cl)Cl)C[NH+]5CCC(CC5)CNC(=O)C)C(=O)[O-],https://www.rcsb.org/ligand/I0Q,https://www.ebi.ac.uk/pdbe/static/files/pdbechem_v2/I0Q_500.svg
排除,P3,I0W,"3-[4-[5-[4-[[4-(acetamidomethyl)piperidin-1-ium-1-yl]methyl]-6-[3,5-bis(chloranyl)phenyl]pyridin-2-yl]oxypyridin-2-yl]piperazin-1-ium-1-yl]propanoate",,芳香/疏水侧链,否,未进入使用审计,0,0,,分子量超过500 Da，优先判断为复杂整分子,分子量超过300 Da，需确认偶联、脱保护和总环肽体积负担；杂原子较多，可能带来较高极性或多重保护需求；含预先形成的酰胺键，需确认主链氨基是否仍可偶联；CCD未指定标准氨基酸母体,C32 H39 Cl2 N6 O4,642.596,,non-polymer,2,CC(=O)NCC1CC[NH+](CC1)Cc2cc(nc(c2)Oc3ccc(nc3)N4CC[NH+](CC4)CCC(=O)[O-])c5cc(cc(c5)Cl)Cl,https://www.rcsb.org/ligand/I0W,https://www.ebi.ac.uk/pdbe/static/files/pdbechem_v2/I0W_500.svg
排除,P3,I1G,"3-[4-[5-[4-[[4-(acetamidomethyl)piperidin-1-ium-1-yl]methyl]-6-[3,5-bis(chloranyl)phenyl]pyridin-2-yl]oxypyrimidin-2-yl]piperazin-1-ium-1-yl]propanoate",,芳香/疏水侧链,否,未进入使用审计,0,0,,分子量超过500 Da，优先判断为复杂整分子,分子量超过300 Da，需确认偶联、脱保护和总环肽体积负担；杂原子较多，可能带来较高极性或多重保护需求；含预先形成的酰胺键，需确认主链氨基是否仍可偶联,C31 H38 Cl2 N7 O4,643.584,I0W,non-polymer,2,CC(=O)NCC1CC[NH+](CC1)Cc2cc(nc(c2)Oc3cnc(nc3)N4CC[NH+](CC4)CCC(=O)[O-])c5cc(cc(c5)Cl)Cl,https://www.rcsb.org/ligand/I1G,https://www.ebi.ac.uk/pdbe/static/files/pdbechem_v2/I1G_500.svg
暂缓,P3,I1T,"(1S,3R,4S)-3-formyl-4-[({3-hydroxy-2-methyl-5-[(phosphonooxy)methyl]pyridin-4-yl}methyl)amino]cyclopentane-1-carboxylic acid",,构象限制,需确认,未进入使用审计,0,0,,结构可能合理，但单体身份、偶联条件或复杂度证据不足，暂不进入研发候选库,分子量超过300 Da，需确认偶联、脱保护和总环肽体积负担；杂原子较多，可能带来较高极性或多重保护需求；含磷酸/膦酸相关结构，通常不利于被动跨膜；CCD未指定标准氨基酸母体,C15 H21 N2 O8 P,388.31,,non-polymer,3,Cc1c(c(c(c[nH+]1)COP(=O)(O)O)C[NH2+][C@H]2C[C@H](C[C@H]2C=O)C(=O)[O-])[O-],https://www.rcsb.org/ligand/I1T,https://www.ebi.ac.uk/pdbe/static/files/pdbechem_v2/I1T_500.svg
暂缓,P3,I25,"(2R)-({4-[AMINO(IMINO)METHYL]PHENYL}AMINO){3-[3-(DIMETHYLAMINO)-2,2-DIMETHYLPROPOXY]-5-ETHYLPHENYL}ACETIC ACID",,芳香/疏水侧链,需确认,未进入使用审计,0,0,,结构可能合理，但单体身份、偶联条件或复杂度证据不足，暂不进入研发候选库,分子量超过300 Da，需确认偶联、脱保护和总环肽体积负担；CCD未指定标准氨基酸母体,C24 H34 N4 O3,426.552,,NON-POLYMER,1,[H]/N=C(/c1ccc(cc1)N[C@H](c2cc(cc(c2)OCC(C)(C)CN(C)C)CC)C(=O)O)\N,https://www.rcsb.org/ligand/I25,https://www.ebi.ac.uk/pdbe/static/files/pdbechem_v2/I25_500.svg
暂缓,P3,I26,"(2R)-[(4-CARBAMIMIDOYLPHENYL)AMINO]{3-[3-(DIMETHYLAMINO)-2,2-DIMETHYLPROPOXY]-5-ETHYL-2-FLUOROPHENYL}ETHANOIC ACID",,卤代/电子调节,需确认,未进入使用审计,0,0,,结构可能合理，但单体身份、偶联条件或复杂度证据不足，暂不进入研发候选库,分子量超过300 Da，需确认偶联、脱保护和总环肽体积负担；CCD未指定标准氨基酸母体,C24 H33 F N4 O3,444.542,,NON-POLYMER,1,[H]/N=C(/c1ccc(cc1)N[C@H](c2cc(cc(c2F)OCC(C)(C)CN(C)C)CC)C(=O)O)\N,https://www.rcsb.org/ligand/I26,https://www.ebi.ac.uk/pdbe/static/files/pdbechem_v2/I26_500.svg
暂缓,P3,I41,2-[[2-[[(2S)-3-(3H-IMIDAZOL-4-YL)-1-METHOXY-1-OXO-PROPAN-2-YL]AMINO]-2-OXO-ETHYL]-(PHENYLMETHYL)AMINO]ETHANOIC ACID,COMPOUND 41367,芳香/疏水侧链,需确认,未进入使用审计,0,0,,结构可能合理，但单体身份、偶联条件或复杂度证据不足，暂不进入研发候选库,分子量超过300 Da，需确认偶联、脱保护和总环肽体积负担；CCD未指定标准氨基酸母体,C18 H22 N4 O5,374.391,,NON-POLYMER,1,COC(=O)[C@H](Cc1cnc[nH]1)NC(=O)C[N@](Cc2ccccc2)CC(=O)O,https://www.rcsb.org/ligand/I41,https://www.ebi.ac.uk/pdbe/static/files/pdbechem_v2/I41_500.svg
暂缓,P3,I7K,"1-(3,4-dihydroxy-9,10-dioxo-9,10-dihydroanthracene-2-sulfonyl)piperidine-4-carboxylic acid",,其他候选,需确认,未进入使用审计,0,0,,结构可能合理，但单体身份、偶联条件或复杂度证据不足，暂不进入研发候选库,分子量超过300 Da，需确认偶联、脱保护和总环肽体积负担；杂原子较多，可能带来较高极性或多重保护需求；CCD未指定标准氨基酸母体,C20 H17 N O8 S,431.416,,non-polymer,3,c1ccc2c(c1)C(=O)c3cc(c(c(c3C2=O)O)O)S(=O)(=O)N4CCC(CC4)C(=O)O,https://www.rcsb.org/ligand/I7K,https://www.ebi.ac.uk/pdbe/static/files/pdbechem_v2/I7K_500.svg
暂缓,P3,I7R,"(4-{[(5S)-3-{4-[(E)-imino(4-methylpiperazin-1-yl)methyl]phenyl}-4,5-dihydro-1,2-oxazol-5-yl]methyl}piperazin-1-yl)acetic acid",,芳香/疏水侧链,需确认,未进入使用审计,0,0,,结构可能合理，但单体身份、偶联条件或复杂度证据不足，暂不进入研发候选库,分子量超过300 Da，需确认偶联、脱保护和总环肽体积负担；杂原子较多，可能带来较高极性或多重保护需求；CCD未指定标准氨基酸母体,C22 H32 N6 O3,428.528,,non-polymer,1,[H]/N=C(\c1ccc(cc1)C2=NO[C@@H](C2)CN3CCN(CC3)CC(=O)O)/N4CCN(CC4)C,https://www.rcsb.org/ligand/I7R,https://www.ebi.ac.uk/pdbe/static/files/pdbechem_v2/I7R_500.svg
暂缓,P3,I7V,"(3R)-1-(3,4-dihydroxy-9,10-dioxo-9,10-dihydroanthracene-2-sulfonyl)piperidine-3-carboxylic acid",,其他候选,需确认,未进入使用审计,0,0,,结构可能合理，但单体身份、偶联条件或复杂度证据不足，暂不进入研发候选库,分子量超过300 Da，需确认偶联、脱保护和总环肽体积负担；杂原子较多，可能带来较高极性或多重保护需求；CCD未指定标准氨基酸母体,C20 H17 N O8 S,431.416,,non-polymer,2,c1ccc2c(c1)C(=O)c3cc(c(c(c3C2=O)O)O)S(=O)(=O)N4CCC[C@H](C4)C(=O)O,https://www.rcsb.org/ligand/I7V,https://www.ebi.ac.uk/pdbe/static/files/pdbechem_v2/I7V_500.svg
排除,P3,I84,"[2,6-DIMETHYL-4-(2-O-TOLYL-ACETYLAMINO)-BENZENESULFONYL]-GLYCINE",INHIBITOR IDD 384,其他候选,否,未进入使用审计,0,0,,名称明确提示药物、抗生素或反应中间体,分子量超过300 Da，需确认偶联、脱保护和总环肽体积负担；含预先形成的酰胺键，需确认主链氨基是否仍可偶联；CCD未指定标准氨基酸母体,C19 H22 N2 O5 S,390.453,,NON-POLYMER,1,Cc1ccccc1CC(=O)Nc2cc(c(c(c2)C)S(=O)(=O)NCC(=O)O)C,https://www.rcsb.org/ligand/I84,https://www.ebi.ac.uk/pdbe/static/files/pdbechem_v2/I84_500.svg
暂缓,P3,I91,"N-(3-hydroxy-9,10-dioxo-9,10-dihydroanthracene-2-sulfonyl)glycine",,其他候选,需确认,未进入使用审计,0,0,,结构可能合理，但单体身份、偶联条件或复杂度证据不足，暂不进入研发候选库,分子量超过300 Da，需确认偶联、脱保护和总环肽体积负担；杂原子较多，可能带来较高极性或多重保护需求；CCD未指定标准氨基酸母体,C16 H11 N O7 S,361.326,,non-polymer,1,c1ccc2c(c1)C(=O)c3cc(c(cc3C2=O)S(=O)(=O)NCC(=O)O)O,https://www.rcsb.org/ligand/I91,https://www.ebi.ac.uk/pdbe/static/files/pdbechem_v2/I91_500.svg
暂缓,P3,I99,"(3R)-1-(3-hydroxy-9,10-dioxo-9,10-dihydroanthracene-2-sulfonyl)piperidine-3-carboxylic acid",,其他候选,需确认,未进入使用审计,0,0,,结构可能合理，但单体身份、偶联条件或复杂度证据不足，暂不进入研发候选库,分子量超过300 Da，需确认偶联、脱保护和总环肽体积负担；杂原子较多，可能带来较高极性或多重保护需求；CCD未指定标准氨基酸母体,C20 H17 N O7 S,415.416,,non-polymer,2,c1ccc2c(c1)C(=O)c3cc(c(cc3C2=O)S(=O)(=O)N4CCC[C@H](C4)C(=O)O)O,https://www.rcsb.org/ligand/I99,https://www.ebi.ac.uk/pdbe/static/files/pdbechem_v2/I99_500.svg
暂缓,P3,I9Q,"N-(3,4-dihydroxy-9,10-dioxo-9,10-dihydroanthracene-2-sulfonyl)-beta-alanine",,延长骨架,需确认,未进入使用审计,0,0,,结构可能合理，但单体身份、偶联条件或复杂度证据不足，暂不进入研发候选库,分子量超过300 Da，需确认偶联、脱保护和总环肽体积负担；杂原子较多，可能带来较高极性或多重保护需求；CCD未指定标准氨基酸母体,C17 H13 N O8 S,391.352,,non-polymer,2,c1ccc2c(c1)C(=O)c3cc(c(c(c3C2=O)O)O)S(=O)(=O)NCCC(=O)O,https://www.rcsb.org/ligand/I9Q,https://www.ebi.ac.uk/pdbe/static/files/pdbechem_v2/I9Q_500.svg
暂缓,P3,I9V,2-[(1-carbamimidamido-4-chloranyl-isoquinolin-7-yl)sulfonylamino]-2-methyl-propanoic acid,UK-371804,其他候选,需确认,未进入使用审计,0,0,,结构可能合理，但单体身份、偶联条件或复杂度证据不足，暂不进入研发候选库,分子量超过300 Da，需确认偶联、脱保护和总环肽体积负担；杂原子较多，可能带来较高极性或多重保护需求；CCD未指定标准氨基酸母体,C14 H16 Cl N5 O4 S,385.826,,non-polymer,1,[H]/N=C(\N)/Nc1c2cc(ccc2c(cn1)Cl)S(=O)(=O)NC(C)(C)C(=O)O,https://www.rcsb.org/ligand/I9V,https://www.ebi.ac.uk/pdbe/static/files/pdbechem_v2/I9V_500.svg
排除,P3,IBG,GAMMA-GLUTAMYL[S-(2-IODOBENZYL)CYSTEINYL]GLYCINE,,卤代/电子调节,否,未进入使用审计,0,0,,分子量超过500 Da，优先判断为复杂整分子,分子量超过300 Da，需确认偶联、脱保护和总环肽体积负担；杂原子较多，可能带来较高极性或多重保护需求；含预先形成的酰胺键，需确认主链氨基是否仍可偶联；CCD未指定标准氨基酸母体,C17 H22 I N3 O6 S,523.343,,NON-POLYMER,1,c1ccc(c(c1)CSC[C@@H](C(=O)NCC(=O)O)NC(=O)CC[C@@H](C(=O)O)N)I,https://www.rcsb.org/ligand/IBG,https://www.ebi.ac.uk/pdbe/static/files/pdbechem_v2/IBG_500.svg
暂缓,P3,ICR,"(4R)-5-IMINO-1-(5-O-PHOSPHONO-BETA-D-RIBOFURANOSYL)-4,5-DIHYDRO-1H-IMIDAZOLE-4-CARBOXYLIC ACID",,D-构型,需确认,未进入使用审计,0,0,,结构可能合理，但单体身份、偶联条件或复杂度证据不足，暂不进入研发候选库,分子量超过300 Da，需确认偶联、脱保护和总环肽体积负担；杂原子较多，可能带来较高极性或多重保护需求；含磷酸/膦酸相关结构，通常不利于被动跨膜；CCD未指定标准氨基酸母体,C9 H14 N3 O9 P,339.196,,NON-POLYMER,1,[H]/N=C\1/[C@@H](N=CN1[C@H]2[C@@H]([C@@H]([C@H](O2)COP(=O)(O)O)O)O)C(=O)O,https://www.rcsb.org/ligand/ICR,https://www.ebi.ac.uk/pdbe/static/files/pdbechem_v2/ICR_500.svg
排除,P3,ID1, Imipenem,,其他候选,否,未进入使用审计,0,0,,名称明确提示药物、抗生素或反应中间体,分子量超过300 Da，需确认偶联、脱保护和总环肽体积负担；CCD未指定标准氨基酸母体,C12 H19 N3 O4 S,301.362,,NON-POLYMER,4,C[C@H]([C@@H](C=O)[C@H]1C[C@H](C(=N1)C(=O)O)SCC/N=C\N)O,https://www.rcsb.org/ligand/ID1,https://www.ebi.ac.uk/pdbe/static/files/pdbechem_v2/ID1_500.svg
暂缓,P3,ID7,(3R)-piperidine-3-carboxylic acid,(R)-nipecotic acid,其他候选,需确认,未进入使用审计,0,0,,结构可能合理，但单体身份、偶联条件或复杂度证据不足，暂不进入研发候选库,CCD未指定标准氨基酸母体,C6 H11 N O2,129.157,,non-polymer,2,C1C[C@H](CNC1)C(=O)O,https://www.rcsb.org/ligand/ID7,https://www.ebi.ac.uk/pdbe/static/files/pdbechem_v2/ID7_500.svg
暂缓,P3,IDJ,"(2R,3R,4R,5S)-3,4,5-trihydroxypiperidine-2-carboxylic acid","[2R,3R,4R,5S]-2-carboxy-3,4,5-trihydroxy-piperidine",其他候选,需确认,未进入使用审计,0,0,,结构可能合理，但单体身份、偶联条件或复杂度证据不足，暂不进入研发候选库,CCD未指定标准氨基酸母体,C6 H11 N O5,177.155,,NON-POLYMER,1,C1[C@@H]([C@H]([C@@H]([C@@H](N1)C(=O)O)O)O)O,https://www.rcsb.org/ligand/IDJ,https://www.ebi.ac.uk/pdbe/static/files/pdbechem_v2/IDJ_500.svg
暂缓,P3,IGN,{[(1R)-2-((2S)-2-{[(3-{[AMINO(IMINO)METHYL]AMINO}PROPYL)AMINO]CARBONYL}PIPERIDINYL)-1-(CYCLOHEXYLMETHYL)-2-OXOETHYL]AMINO}ACETIC ACID,INOGATRAN (ASTRA-ZENECA),构象限制,需确认,未进入使用审计,0,0,,结构可能合理，但单体身份、偶联条件或复杂度证据不足，暂不进入研发候选库,分子量超过300 Da，需确认偶联、脱保护和总环肽体积负担；杂原子较多，可能带来较高极性或多重保护需求；含预先形成的酰胺键，需确认主链氨基是否仍可偶联；CCD未指定标准氨基酸母体,C21 H38 N6 O4,438.564,,NON-POLYMER,1,C1CCC(CC1)C[C@H](C(=O)N2CCCC[C@H]2C(=O)NCCCNC(=N)N)NCC(=O)O,https://www.rcsb.org/ligand/IGN,https://www.ebi.ac.uk/pdbe/static/files/pdbechem_v2/IGN_500.svg
暂缓,P3,IJM,"(6M)-3-hydroxy-4-oxo-6-[(4M)-4-(1H-tetrazol-5-yl)-2-(trifluoromethyl)phenyl]-1,4-dihydropyridine-2-carboxylic acid",,卤代/电子调节,需确认,未进入使用审计,0,0,,结构可能合理，但单体身份、偶联条件或复杂度证据不足，暂不进入研发候选库,分子量超过300 Da，需确认偶联、脱保护和总环肽体积负担；杂原子较多，可能带来较高极性或多重保护需求；CCD未指定标准氨基酸母体,C14 H8 F3 N5 O4,367.24,,non-polymer,1,c1cc(c(cc1c2[nH]nnn2)C(F)(F)F)C3=CC(=O)C(=C(N3)C(=O)O)O,https://www.rcsb.org/ligand/IJM,https://www.ebi.ac.uk/pdbe/static/files/pdbechem_v2/IJM_500.svg
暂缓,P3,IK4,N-({7-[(4-cyanobenzyl)oxy]naphthalen-2-yl}sulfonyl)-D-glutamic acid,,D-构型,需确认,未进入使用审计,0,0,,结构可能合理，但单体身份、偶联条件或复杂度证据不足，暂不进入研发候选库,分子量超过300 Da，需确认偶联、脱保护和总环肽体积负担；杂原子较多，可能带来较高极性或多重保护需求；CCD未指定标准氨基酸母体,C23 H20 N2 O7 S,468.479,,non-polymer,3,c1cc(ccc1COc2ccc3ccc(cc3c2)S(=O)(=O)N[C@H](CCC(=O)O)C(=O)O)C#N,https://www.rcsb.org/ligand/IK4,https://www.ebi.ac.uk/pdbe/static/files/pdbechem_v2/IK4_500.svg
暂缓,P3,IKJ,(2~{S})-2-azanyl-3-[4-(1-boranyl-1$l^{5}-phospholan-1-yl)phenyl]propanoic acid,P3F,芳香/疏水侧链,需确认,未进入使用审计,0,0,,结构可能合理，但单体身份、偶联条件或复杂度证据不足，暂不进入研发候选库,含磷酸/膦酸相关结构，通常不利于被动跨膜；CCD未指定标准氨基酸母体,C13 H21 B N O2 P,265.096,,non-polymer,1,BP1(CCCC1)c2ccc(cc2)C[C@@H](C(=O)O)N,https://www.rcsb.org/ligand/IKJ,https://www.ebi.ac.uk/pdbe/static/files/pdbechem_v2/IKJ_500.svg
暂缓,P3,IKM,"(4aS,5aR,6R,8aS,8bS)-5a-(carboxymethyl)-8-oxo-2,4a,5a,6,7,8,8a,8b-octahydro-1H-pyrrolo[3',4':4,5]furo[3,2-b]pyridine-6-carboxylic acid",IKM-159,芳香/疏水侧链,需确认,未进入使用审计,0,0,,结构可能合理，但单体身份、偶联条件或复杂度证据不足，暂不进入研发候选库,杂原子较多，可能带来较高极性或多重保护需求；含预先形成的酰胺键，需确认主链氨基是否仍可偶联；CCD未指定标准氨基酸母体,C12 H14 N2 O6,282.249,,NON-POLYMER,4,C1C=C[C@H]2[C@@H](N1)[C@@H]3C(=O)N[C@H]([C@@]3(O2)CC(=O)O)C(=O)O,https://www.rcsb.org/ligand/IKM,https://www.ebi.ac.uk/pdbe/static/files/pdbechem_v2/IKM_500.svg
暂缓,P3,ILP,N-[O-PHOSPHONO-PYRIDOXYL]-ISOLEUCINE,,芳香/疏水侧链,需确认,未进入使用审计,0,0,,结构可能合理，但单体身份、偶联条件或复杂度证据不足，暂不进入研发候选库,分子量超过300 Da，需确认偶联、脱保护和总环肽体积负担；杂原子较多，可能带来较高极性或多重保护需求；含磷酸/膦酸相关结构，通常不利于被动跨膜；CCD未指定标准氨基酸母体,C14 H23 N2 O7 P,362.315,,NON-POLYMER,1,CC[C@H](C)[C@H](C(=O)O)NCc1c(cnc(c1O)C)COP(=O)(O)O,https://www.rcsb.org/ligand/ILP,https://www.ebi.ac.uk/pdbe/static/files/pdbechem_v2/ILP_500.svg
暂缓,P3,IN7,[4-(4-PHENYL-PIPERIDIN-1-YL)-BENZENESULFONYLAMINO]-ACETIC ACID,,芳香/疏水侧链,需确认,未进入使用审计,0,0,,结构可能合理，但单体身份、偶联条件或复杂度证据不足，暂不进入研发候选库,分子量超过300 Da，需确认偶联、脱保护和总环肽体积负担；CCD未指定标准氨基酸母体,C19 H22 N2 O4 S,374.454,,NON-POLYMER,1,c1ccc(cc1)C2CCN(CC2)c3ccc(cc3)S(=O)(=O)NCC(=O)O,https://www.rcsb.org/ligand/IN7,https://www.ebi.ac.uk/pdbe/static/files/pdbechem_v2/IN7_500.svg
暂缓,P3,IO0,(2S)-2-azanyl-6-[[(2R)-1-[[(2R)-3-methyl-1-oxidanyl-1-oxidanylidene-butan-2-yl]amino]-1-oxidanylidene-3-sulfanylidene-propan-2-yl]amino]-6-oxidanylidene-hexanoic acid,ACdV thioaldehyde,其他候选,需确认,未进入使用审计,0,0,,结构可能合理，但单体身份、偶联条件或复杂度证据不足，暂不进入研发候选库,分子量超过300 Da，需确认偶联、脱保护和总环肽体积负担；杂原子较多，可能带来较高极性或多重保护需求；CCD未指定标准氨基酸母体,C14 H23 N3 O6 S,361.414,,non-polymer,1,CC(C)[C@H](C(=O)O)NC(=O)[C@H](C=S)NC(=O)CCC[C@@H](C(=O)O)N,https://www.rcsb.org/ligand/IO0,https://www.ebi.ac.uk/pdbe/static/files/pdbechem_v2/IO0_500.svg
排除,P3,IOT,ARGININE-N-METHYLCARBONYL PHOSPHORIC ACID 5'-ADENOSINE ESTER,,N-取代,否,未进入使用审计,0,0,,名称提示核苷酸、辅因子或整分子缀合物；分子量超过500 Da，优先判断为复杂整分子,分子量超过300 Da，需确认偶联、脱保护和总环肽体积负担；杂原子较多，可能带来较高极性或多重保护需求；含磷酸/膦酸相关结构，通常不利于被动跨膜；CCD未指定标准氨基酸母体,C18 H28 N9 O10 P,561.443,,NON-POLYMER,1,c1nc(c2c(n1)n(cn2)[C@H]3[C@@H]([C@@H]([C@H](O3)CO[P@@](=O)(O)OC(=O)CN[C@@H](CCCNC(=N)N)C(=O)O)O)O)N,https://www.rcsb.org/ligand/IOT,https://www.ebi.ac.uk/pdbe/static/files/pdbechem_v2/IOT_500.svg
暂缓,P3,IP1,ISOPENICILLIN N,,其他候选,需确认,未进入使用审计,0,0,,结构可能合理，但单体身份、偶联条件或复杂度证据不足，暂不进入研发候选库,分子量超过300 Da，需确认偶联、脱保护和总环肽体积负担；杂原子较多，可能带来较高极性或多重保护需求；CCD未指定标准氨基酸母体,C14 H21 N3 O6 S,359.398,,NON-POLYMER,1,CC1([C@@H](N2[C@H](S1)[C@@H](C2=O)NC(=O)CCC[C@@H](C(=O)O)N)C(=O)O)C,https://www.rcsb.org/ligand/IP1,https://www.ebi.ac.uk/pdbe/static/files/pdbechem_v2/IP1_500.svg
排除,P3,ISW,"{3,3'-[(9S)-8,13-diethenyl-3,7,12,17-tetramethyl-9,10-dihydroporphyrin-2,18-diyl-kappa~4~N~21~,N~22~,N~23~,N~24~]dipropanoato(2-)}iron",Isoporphyrin containing Fe,其他候选,否,未进入使用审计,0,0,,含金属元素，不属于常规肽合成单体；分子量超过500 Da，优先判断为复杂整分子,分子量超过300 Da，需确认偶联、脱保护和总环肽体积负担；CCD未指定标准氨基酸母体,C34 H34 Fe N4 O4,618.503,,NON-POLYMER,4,Cc1c2n3c(c1C=C)C=C4C(=C(C5=[N]4[Fe@@]36[N]7=C(C=C8N6C(=C5)C(=C8C)CCC(=O)O)C(=C(C7C2)C=C)C)CCC(=O)O)C,https://www.rcsb.org/ligand/ISW,https://www.ebi.ac.uk/pdbe/static/files/pdbechem_v2/ISW_500.svg
排除,P3,ITL,"(3alpha,5alpha,8alpha)-3-[(N,N-bis{2-[bis(carboxymethyl)amino]ethyl}-L-gamma-glutamyl)amino]cholan-24-oic acid",,延长骨架,否,未进入使用审计,0,0,,分子量超过500 Da，优先判断为复杂整分子,分子量超过300 Da，需确认偶联、脱保护和总环肽体积负担；杂原子较多，可能带来较高极性或多重保护需求；CCD未指定标准氨基酸母体,C41 H66 N4 O13,822.982,,NON-POLYMER,1,C[C@H](CCC(=O)O)[C@H]1CC[C@@H]2[C@@]1(CC[C@H]3[C@H]2CC[C@H]4[C@@]3(CC[C@@H](C4)NC(=O)CC[C@@H](C(=O)O)N(CCN(CC(=O)O)CC(=O)O)CCN(CC(=O)O)CC(=O)O)C)C,https://www.rcsb.org/ligand/ITL,https://www.ebi.ac.uk/pdbe/static/files/pdbechem_v2/ITL_500.svg
暂缓,P3,IVL,1-(3-carboxypropyl)-1-methylpyrrolidin-1-ium,,其他候选,需确认,未进入使用审计,0,0,,结构可能合理，但单体身份、偶联条件或复杂度证据不足，暂不进入研发候选库,CCD未指定标准氨基酸母体,C9 H18 N O2,172.245,,non-polymer,3,C[N+]1(CCCC1)CCCC(=O)O,https://www.rcsb.org/ligand/IVL,https://www.ebi.ac.uk/pdbe/static/files/pdbechem_v2/IVL_500.svg
排除,P3,IVN,"(2~{R})-2-azanyl-3-[4-[2-azanyl-6-[(1~{R})-1-[4-chloranyl-2-(3-methylpyrazol-1-yl)phenyl]-2,2,2-tris(fluoranyl)ethoxy]pyrimidin-4-yl]phenyl]propanoic acid",,芳香/疏水侧链,否,未进入使用审计,0,0,,分子量超过500 Da，优先判断为复杂整分子,分子量超过300 Da，需确认偶联、脱保护和总环肽体积负担；杂原子较多，可能带来较高极性或多重保护需求；CCD未指定标准氨基酸母体,C25 H22 Cl F3 N6 O3,546.929,,non-polymer,1,Cc1ccn(n1)c2cc(ccc2[C@H](C(F)(F)F)Oc3cc(nc(n3)N)c4ccc(cc4)C[C@H](C(=O)O)N)Cl,https://www.rcsb.org/ligand/IVN,https://www.ebi.ac.uk/pdbe/static/files/pdbechem_v2/IVN_500.svg
排除,P3,IVZ,"(2~{R})-2-azanyl-5-[[2-[[3-methyl-2,6-bis(oxidanylidene)-7-(phenylmethyl)purin-8-yl]methyl]-1~{H}-benzimidazol-5-yl]amino]-5-oxidanylidene-pentanoic acid",,芳香/疏水侧链,否,未进入使用审计,0,0,,分子量超过500 Da，优先判断为复杂整分子,分子量超过300 Da，需确认偶联、脱保护和总环肽体积负担；杂原子较多，可能带来较高极性或多重保护需求；含预先形成的酰胺键，需确认主链氨基是否仍可偶联；CCD未指定标准氨基酸母体,C26 H26 N8 O5,530.535,,non-polymer,1,CN1c2c(n(c(n2)Cc3[nH]c4ccc(cc4n3)NC(=O)CC[C@H](C(=O)O)N)Cc5ccccc5)C(=O)NC1=O,https://www.rcsb.org/ligand/IVZ,https://www.ebi.ac.uk/pdbe/static/files/pdbechem_v2/IVZ_500.svg
排除,P3,IWA,"(2R)-2-azanyl-5-[[2-[3-methyl-2,6-bis(oxidanylidene)-7-(phenylmethyl)purin-8-yl]sulfanyl-3H-benzimidazol-5-yl]amino]-5-oxidanylidene-pentanoic acid",,芳香/疏水侧链,否,未进入使用审计,0,0,,分子量超过500 Da，优先判断为复杂整分子,分子量超过300 Da，需确认偶联、脱保护和总环肽体积负担；杂原子较多，可能带来较高极性或多重保护需求；含预先形成的酰胺键，需确认主链氨基是否仍可偶联；CCD未指定标准氨基酸母体,C25 H24 N8 O5 S,548.574,,non-polymer,1,CN1c2c(n(c(n2)Sc3[nH]c4cc(ccc4n3)NC(=O)CC[C@H](C(=O)O)N)Cc5ccccc5)C(=O)NC1=O,https://www.rcsb.org/ligand/IWA,https://www.ebi.ac.uk/pdbe/static/files/pdbechem_v2/IWA_500.svg
排除,P3,IXJ,(2~{R})-6-[[(2~{S})-6-azanyl-2-[[(2~{S})-6-azanyl-2-(2-phenylethanoylamino)hexanoyl]amino]hexanoyl]amino]-2-carbamimidamido-hexanoic acid,,芳香/疏水侧链,否,未进入使用审计,0,0,,分子量超过500 Da，优先判断为复杂整分子,分子量超过300 Da，需确认偶联、脱保护和总环肽体积负担；杂原子较多，可能带来较高极性或多重保护需求；CCD未指定标准氨基酸母体,C27 H46 N8 O5,562.705,,non-polymer,1,[H]/N=C(\N)/N[C@H](CCCCNC(=O)[C@H](CCCCN)NC(=O)[C@H](CCCCN)NC(=O)Cc1ccccc1)C(=O)O,https://www.rcsb.org/ligand/IXJ,https://www.ebi.ac.uk/pdbe/static/files/pdbechem_v2/IXJ_500.svg
暂缓,P3,IYY,L-cystine,(2R)-2-azanyl-3-[[(2R)-2-azanyl-3-oxidanyl-3-oxidanylidene-propyl]disulfanyl]propanoic acid,其他候选,需确认,未进入使用审计,0,0,,结构可能合理，但单体身份、偶联条件或复杂度证据不足，暂不进入研发候选库,CCD未指定标准氨基酸母体,C6 H12 N2 O4 S2,240.3,,non-polymer,1,C([C@@H](C(=O)O)N)SSC[C@@H](C(=O)O)N,https://www.rcsb.org/ligand/IYY,https://www.ebi.ac.uk/pdbe/static/files/pdbechem_v2/IYY_500.svg
排除,P3,J0J,"D-alanyl-N-[(2S,6R)-6-amino-6-carboxy-1-{[(1R)-1-carboxyethyl]amino}-1-oxohexan-2-yl]-D-glutamine",,D-构型,否,未进入使用审计,0,0,,含多个酰胺键，更像多残基/整分子片段而非独立单体,分子量超过300 Da，需确认偶联、脱保护和总环肽体积负担；杂原子较多，可能带来较高极性或多重保护需求；含预先形成的酰胺键，需确认主链氨基是否仍可偶联；CCD未指定标准氨基酸母体,C18 H31 N5 O9,461.467,,NON-POLYMER,1,C[C@H](C(=O)N[C@H](CCC(=O)N[C@@H](CCC[C@H](C(=O)O)N)C(=O)N[C@H](C)C(=O)O)C(=O)O)N,https://www.rcsb.org/ligand/J0J,https://www.ebi.ac.uk/pdbe/static/files/pdbechem_v2/J0J_500.svg
排除,P3,J1H,[(3~{R})-3-[[4-[[4-[4-[[2-(4-chlorophenyl)phenyl]methyl]piperazin-1-yl]phenyl]carbonylsulfamoyl]-2-nitro-phenyl]amino]-4-phenylsulfanyl-butyl]-(2-hydroxy-2-oxoethyl)-dimethyl-azanium,,卤代/电子调节,否,未进入使用审计,0,0,,分子量超过500 Da，优先判断为复杂整分子,分子量超过300 Da，需确认偶联、脱保护和总环肽体积负担；杂原子较多，可能带来较高极性或多重保护需求；CCD未指定标准氨基酸母体,C44 H48 Cl N6 O7 S2,872.471,,NON-POLYMER,1,C[N+](C)(CC[C@H](CSc1ccccc1)Nc2ccc(cc2[N+](=O)[O-])S(=O)(=O)NC(=O)c3ccc(cc3)N4CCN(CC4)Cc5ccccc5c6ccc(cc6)Cl)CC(=O)O,https://www.rcsb.org/ligand/J1H,https://www.ebi.ac.uk/pdbe/static/files/pdbechem_v2/J1H_500.svg
排除,P3,J1L,"5'-{[(2R,4R)-1-{2-[(2-amino-7,7-dimethyl-4-oxo-3,4,7,8-tetrahydropteridine-6-carbonyl)amino]ethyl}-2-carboxypiperidin-4-yl]sulfonyl}-5'-deoxyadenosine",,其他候选,否,未进入使用审计,0,0,,分子量超过500 Da，优先判断为复杂整分子,分子量超过300 Da，需确认偶联、脱保护和总环肽体积负担；杂原子较多，可能带来较高极性或多重保护需求；含预先形成的酰胺键，需确认主链氨基是否仍可偶联；CCD未指定标准氨基酸母体,C27 H36 N12 O9 S,704.715,,non-polymer,1,CC1(C(=NC2=C(N1)N=C(NC2=O)N)C(=O)NCCN3CC[C@H](C[C@@H]3C(=O)O)S(=O)(=O)C[C@@H]4[C@H]([C@H]([C@@H](O4)n5cnc6c5ncnc6N)O)O)C,https://www.rcsb.org/ligand/J1L,https://www.ebi.ac.uk/pdbe/static/files/pdbechem_v2/J1L_500.svg
排除,P3,J1R,"(1R,19R) cobalt tetradehydrocorrin",,其他候选,否,未进入使用审计,0,0,,含金属元素，不属于常规肽合成单体；分子量超过500 Da，优先判断为复杂整分子,分子量超过300 Da，需确认偶联、脱保护和总环肽体积负担；CCD未指定标准氨基酸母体,C33 H37 Co N4 O4,612.604,,NON-POLYMER,4,CC1=C([C@@]2([C@]3(C(=C(C4=[N]3[Co+]56[N]2=C1C=C7N5C(=CC8=[N]6C(=C4)C(=C8CCC(=O)O)C)C(=C7C)CCC(=O)O)C)C)C)C)C,https://www.rcsb.org/ligand/J1R,https://www.ebi.ac.uk/pdbe/static/files/pdbechem_v2/J1R_500.svg
排除,P3,J1S,"(1S,19S) cobalt tetradehydrocorrin",,其他候选,否,未进入使用审计,0,0,,含金属元素，不属于常规肽合成单体；分子量超过500 Da，优先判断为复杂整分子,分子量超过300 Da，需确认偶联、脱保护和总环肽体积负担；CCD未指定标准氨基酸母体,C33 H37 Co N4 O4,612.604,,NON-POLYMER,4,CC1=C([C@]2([C@@]3(C(=C(C4=[N]3[Co+]56[N]2=C1C=C7N5C(=CC8=[N]6C(=C4)C(=C8CCC(=O)O)C)C(=C7C)CCC(=O)O)C)C)C)C)C,https://www.rcsb.org/ligand/J1S,https://www.ebi.ac.uk/pdbe/static/files/pdbechem_v2/J1S_500.svg
排除,P3,J4G,3'-deoxy-3'-[(L-alpha-glutamyl)amino]adenosine 5'-(dihydrogen phosphate),,其他候选,否,未进入使用审计,0,0,,名称提示核苷酸、辅因子或整分子缀合物,分子量超过300 Da，需确认偶联、脱保护和总环肽体积负担；杂原子较多，可能带来较高极性或多重保护需求；含磷酸/膦酸相关结构，通常不利于被动跨膜；CCD未指定标准氨基酸母体,C15 H22 N7 O9 P,475.35,,NON-POLYMER,3,c1nc(c2c(n1)n(cn2)[C@H]3[C@@H]([C@@H]([C@H](O3)COP(=O)(O)O)NC(=O)[C@H](CCC(=O)O)N)O)N,https://www.rcsb.org/ligand/J4G,https://www.ebi.ac.uk/pdbe/static/files/pdbechem_v2/J4G_500.svg
排除,P3,J8C,1-[[4-[(~{E})-~{N}-[[4-cyclohexyl-3-(trifluoromethyl)phenyl]methoxy]-~{C}-methyl-carbonimidoyl]-2-ethyl-phenyl]methyl]azetidine-3-carboxylic acid,,构象限制,否,未进入使用审计,0,0,,分子量超过500 Da，优先判断为复杂整分子,分子量超过300 Da，需确认偶联、脱保护和总环肽体积负担；CCD未指定标准氨基酸母体,C29 H35 F3 N2 O3,516.595,,non-polymer,2,CCc1cc(ccc1CN2CC(C2)C(=O)O)/C(=N/OCc3ccc(c(c3)C(F)(F)F)C4CCCCC4)/C,https://www.rcsb.org/ligand/J8C,https://www.ebi.ac.uk/pdbe/static/files/pdbechem_v2/J8C_500.svg
暂缓,P3,J9F,"(4S)-2-(2-hydroxyphenyl)-4,5-dihydro-1,3-thiazole-4-carboxylic acid",,芳香/疏水侧链,需确认,未进入使用审计,0,0,,结构可能合理，但单体身份、偶联条件或复杂度证据不足，暂不进入研发候选库,CCD未指定标准氨基酸母体,C10 H9 N O3 S,223.248,,non-polymer,1,c1ccc(c(c1)C2=N[C@H](CS2)C(=O)O)O,https://www.rcsb.org/ligand/J9F,https://www.ebi.ac.uk/pdbe/static/files/pdbechem_v2/J9F_500.svg
暂缓,P3,JC2,(2~{S})-4-azanyl-2-[[(2~{S})-4-methyl-2-[[oxidanyl(phenylmethoxycarbonylaminomethyl)phosphoryl]amino]pentanoyl]amino]butanoic acid,,芳香/疏水侧链,需确认,未进入使用审计,0,0,,结构可能合理，但单体身份、偶联条件或复杂度证据不足，暂不进入研发候选库,分子量超过300 Da，需确认偶联、脱保护和总环肽体积负担；杂原子较多，可能带来较高极性或多重保护需求；含磷酸/膦酸相关结构，通常不利于被动跨膜；含预先形成的酰胺键，需确认主链氨基是否仍可偶联；CCD未指定标准氨基酸母体,C19 H31 N4 O7 P,458.446,,NON-POLYMER,3,CC(C)C[C@@H](C(=O)N[C@@H](CCN)C(=O)O)NP(=O)(CNC(=O)OCc1ccccc1)O,https://www.rcsb.org/ligand/JC2,https://www.ebi.ac.uk/pdbe/static/files/pdbechem_v2/JC2_500.svg
暂缓,P3,JCX,"(2S,3R)-2-azanyl-3-phenyl-butanoic acid",,芳香/疏水侧链,需确认,未进入使用审计,0,0,,结构可能合理，但单体身份、偶联条件或复杂度证据不足，暂不进入研发候选库,CCD未指定标准氨基酸母体,C10 H13 N O2,179.216,,non-polymer,1,C[C@H](c1ccccc1)[C@@H](C(=O)O)N,https://www.rcsb.org/ligand/JCX,https://www.ebi.ac.uk/pdbe/static/files/pdbechem_v2/JCX_500.svg
暂缓,P3,JD3,"(2S,3R)-2-azanyl-3-(1H-indol-3-yl)butanoic acid",,芳香/疏水侧链,需确认,未进入使用审计,0,0,,结构可能合理，但单体身份、偶联条件或复杂度证据不足，暂不进入研发候选库,CCD未指定标准氨基酸母体,C12 H14 N2 O2,218.252,,non-polymer,1,C[C@H](c1c[nH]c2c1cccc2)[C@@H](C(=O)O)N,https://www.rcsb.org/ligand/JD3,https://www.ebi.ac.uk/pdbe/static/files/pdbechem_v2/JD3_500.svg
暂缓,P3,JKQ,"(2~{R})-2-[[6-ethyl-5-(1~{H}-indol-5-yl)thieno[2,3-d]pyrimidin-4-yl]amino]propanoic acid",,芳香/疏水侧链,需确认,未进入使用审计,0,0,,结构可能合理，但单体身份、偶联条件或复杂度证据不足，暂不进入研发候选库,分子量超过300 Da，需确认偶联、脱保护和总环肽体积负担；CCD未指定标准氨基酸母体,C19 H18 N4 O2 S,366.437,,NON-POLYMER,1,CCc1c(c2c(ncnc2s1)N[C@H](C)C(=O)O)c3ccc4c(c3)cc[nH]4,https://www.rcsb.org/ligand/JKQ,https://www.ebi.ac.uk/pdbe/static/files/pdbechem_v2/JKQ_500.svg
暂缓,P3,JLE,"(2~{R})-2-[[6-ethyl-5-(1~{H}-indol-4-yl)thieno[2,3-d]pyrimidin-4-yl]amino]-3-phenyl-propanoic acid",,芳香/疏水侧链,需确认,未进入使用审计,0,0,,结构可能合理，但单体身份、偶联条件或复杂度证据不足，暂不进入研发候选库,分子量超过300 Da，需确认偶联、脱保护和总环肽体积负担；CCD未指定标准氨基酸母体,C25 H22 N4 O2 S,442.533,,NON-POLYMER,1,CCc1c(c2c(ncnc2s1)N[C@H](Cc3ccccc3)C(=O)O)c4cccc5c4cc[nH]5,https://www.rcsb.org/ligand/JLE,https://www.ebi.ac.uk/pdbe/static/files/pdbechem_v2/JLE_500.svg
暂缓,P3,JLK,"(2~{R})-2-[[6-ethyl-5-(2-methylphenyl)thieno[2,3-d]pyrimidin-4-yl]amino]-3-phenyl-propanoic acid",,芳香/疏水侧链,需确认,未进入使用审计,0,0,,结构可能合理，但单体身份、偶联条件或复杂度证据不足，暂不进入研发候选库,分子量超过300 Da，需确认偶联、脱保护和总环肽体积负担；CCD未指定标准氨基酸母体,C24 H23 N3 O2 S,417.523,,NON-POLYMER,1,CCc1c(c2c(ncnc2s1)N[C@H](Cc3ccccc3)C(=O)O)c4ccccc4C,https://www.rcsb.org/ligand/JLK,https://www.ebi.ac.uk/pdbe/static/files/pdbechem_v2/JLK_500.svg
暂缓,P3,JNQ,"(2S,3R,4S)-2-[(2S,3R)-1,3-bis(oxidanyl)-1-oxidanylidene-butan-2-yl]-4-[1-(4,5-dihydro-1,3-thiazol-2-yl)azetidin-3-yl]sulfanyl-3-methyl-3,4-dihydro-2H-pyrrole-5-carboxylic acid",hydrolysed tebipenem,其他候选,需确认,未进入使用审计,0,0,,结构可能合理，但单体身份、偶联条件或复杂度证据不足，暂不进入研发候选库,分子量超过300 Da，需确认偶联、脱保护和总环肽体积负担；CCD未指定标准氨基酸母体,C16 H23 N3 O5 S2,401.501,,non-polymer,2,C[C@H]1[C@@H](C(=N[C@H]1[C@@H]([C@@H](C)O)C(=O)O)C(=O)O)SC2CN(C2)C3=NCCS3,https://www.rcsb.org/ligand/JNQ,https://www.ebi.ac.uk/pdbe/static/files/pdbechem_v2/JNQ_500.svg
暂缓,P3,JNR,(2~{R})-2-benzamido-5-carbamimidamido-pentanoic acid,,其他候选,需确认,未进入使用审计,0,0,,结构可能合理，但单体身份、偶联条件或复杂度证据不足，暂不进入研发候选库,CCD未指定标准氨基酸母体,C13 H18 N4 O3,278.307,,non-polymer,4,[H]/N=C(\N)/NCCC[C@H](C(=O)O)NC(=O)c1ccccc1,https://www.rcsb.org/ligand/JNR,https://www.ebi.ac.uk/pdbe/static/files/pdbechem_v2/JNR_500.svg
暂缓,P3,JNX,"(2~{R},5~{S})-5-(aminocarbonyloxymethyl)-2-[(1~{S})-1-methoxy-2-oxidanyl-2-oxidanylidene-1-(2-thiophen-2-ylethanoylamino)ethyl]-5,6-dihydro-2~{H}-1,3-thiazine-4-carboxylic acid",hydrolysed cefoxitin,其他候选,需确认,未进入使用审计,0,0,,结构可能合理，但单体身份、偶联条件或复杂度证据不足，暂不进入研发候选库,分子量超过300 Da，需确认偶联、脱保护和总环肽体积负担；杂原子较多，可能带来较高极性或多重保护需求；含预先形成的酰胺键，需确认主链氨基是否仍可偶联；CCD未指定标准氨基酸母体,C16 H19 N3 O8 S2,445.467,,non-polymer,2,CO[C@]([C@@H]1N=C([C@H](CS1)COC(=O)N)C(=O)O)(C(=O)O)NC(=O)Cc2cccs2,https://www.rcsb.org/ligand/JNX,https://www.ebi.ac.uk/pdbe/static/files/pdbechem_v2/JNX_500.svg
暂缓,P3,JO9,"(2~{R},4~{S})-2-[(1~{R})-2-(azepan-1-yl)-1-formamido-2-oxidanylidene-ethyl]-5,5-dimethyl-1,3-thiazolidine-4-carboxylic acid",mecillinam degradation product,其他候选,需确认,未进入使用审计,0,0,,结构可能合理，但单体身份、偶联条件或复杂度证据不足，暂不进入研发候选库,分子量超过300 Da，需确认偶联、脱保护和总环肽体积负担；含预先形成的酰胺键，需确认主链氨基是否仍可偶联；CCD未指定标准氨基酸母体,C15 H25 N3 O4 S,343.442,,non-polymer,1,CC1([C@@H](N[C@H](S1)[C@@H](C(=O)N2CCCCCC2)NC=O)C(=O)O)C,https://www.rcsb.org/ligand/JO9,https://www.ebi.ac.uk/pdbe/static/files/pdbechem_v2/JO9_500.svg
暂缓,P3,JOI,"(2R,4S)-2-[(2S,3R)-1,3-bis(oxidanyl)-1-oxidanylidene-butan-2-yl]-4-[(3S)-1-ethanimidoylpyrrolidin-3-yl]sulfanyl-3,4-dihydro-2H-pyrrole-5-carboxylic acid",hydrolysed panipenem,其他候选,需确认,未进入使用审计,0,0,,结构可能合理，但单体身份、偶联条件或复杂度证据不足，暂不进入研发候选库,分子量超过300 Da，需确认偶联、脱保护和总环肽体积负担；CCD未指定标准氨基酸母体,C15 H23 N3 O5 S,357.425,,non-polymer,4,[H]/N=C(\C)/N1CC[C@@H](C1)S[C@H]2C[C@@H](N=C2C(=O)O)[C@@H]([C@@H](C)O)C(=O)O,https://www.rcsb.org/ligand/JOI,https://www.ebi.ac.uk/pdbe/static/files/pdbechem_v2/JOI_500.svg
暂缓,P3,JOU,"(2R,5R)-2-[(1S)-1-[2-(cyanomethylsulfanyl)ethanoylamino]-1-methoxy-2-oxidanyl-2-oxidanylidene-ethyl]-5-[(1-methyl-1,2,3,4-tetrazol-5-yl)sulfanylmethyl]-5,6-dihydro-2H-1,3-thiazine-4-carboxylic acid",hydrolysed cefmetazole,其他候选,需确认,未进入使用审计,0,0,,结构可能合理，但单体身份、偶联条件或复杂度证据不足，暂不进入研发候选库,分子量超过300 Da，需确认偶联、脱保护和总环肽体积负担；杂原子较多，可能带来较高极性或多重保护需求；CCD未指定标准氨基酸母体,C15 H19 N7 O6 S3,489.55,,non-polymer,2,Cn1c(nnn1)SC[C@H]2CS[C@@H](N=C2C(=O)O)[C@@](C(=O)O)(NC(=O)CSCC#N)OC,https://www.rcsb.org/ligand/JOU,https://www.ebi.ac.uk/pdbe/static/files/pdbechem_v2/JOU_500.svg
排除,P3,JPP,Piperacillin (Open Form),,其他候选,否,未进入使用审计,0,0,,名称明确提示药物、抗生素或反应中间体；分子量超过500 Da，优先判断为复杂整分子,分子量超过300 Da，需确认偶联、脱保护和总环肽体积负担；杂原子较多，可能带来较高极性或多重保护需求；含预先形成的酰胺键，需确认主链氨基是否仍可偶联；CCD未指定标准氨基酸母体,C23 H29 N5 O7 S,519.571,,NON-POLYMER,1,CCN1CCN(C(=O)C1=O)C(=O)N[C@H](c2ccccc2)C(=O)N[C@H](C=O)[C@@H]3N[C@H](C(S3)(C)C)C(=O)O,https://www.rcsb.org/ligand/JPP,https://www.ebi.ac.uk/pdbe/static/files/pdbechem_v2/JPP_500.svg
排除,P3,JQT,"(2~{S},4~{R})-1-[[5-chloranyl-2-[(3-cyanophenyl)methoxy]-4-[[3-(2,3-dihydro-1,4-benzodioxin-6-yl)-2-methyl-phenyl]methoxy]phenyl]methyl]-4-oxidanyl-pyrrolidine-2-carboxylic acid",,芳香/疏水侧链,否,未进入使用审计,0,0,,分子量超过500 Da，优先判断为复杂整分子,分子量超过300 Da，需确认偶联、脱保护和总环肽体积负担；杂原子较多，可能带来较高极性或多重保护需求；CCD未指定标准氨基酸母体,C36 H33 Cl N2 O7,641.109,,NON-POLYMER,1,Cc1c(cccc1c2ccc3c(c2)OCCO3)COc4cc(c(cc4Cl)CN5C[C@@H](C[C@H]5C(=O)O)O)OCc6cccc(c6)C#N,https://www.rcsb.org/ligand/JQT,https://www.ebi.ac.uk/pdbe/static/files/pdbechem_v2/JQT_500.svg
排除,P3,JQZ,prFMN cofactor and phenylpropiolic acid,,芳香/疏水侧链,否,未进入使用审计,0,0,,名称提示核苷酸、辅因子或整分子缀合物；分子量超过500 Da，优先判断为复杂整分子,分子量超过300 Da，需确认偶联、脱保护和总环肽体积负担；杂原子较多，可能带来较高极性或多重保护需求；含磷酸/膦酸相关结构，通常不利于被动跨膜；含预先形成的酰胺键，需确认主链氨基是否仍可偶联；CCD未指定标准氨基酸母体,C31 H36 N4 O11 P,671.612,,NON-POLYMER,2,CC1=CC2=[N](C3=C4(C(=C([C@H]5[N]4=C2C(=C1C)C(C5)(C)C)C(=O)O)c6ccccc6)C(=O)NC(=O)N3)C[C@@H]([C@@H]([C@@H](COP(=O)(O)O)O)O)O,https://www.rcsb.org/ligand/JQZ,https://www.ebi.ac.uk/pdbe/static/files/pdbechem_v2/JQZ_500.svg
排除,P3,JRK,prFMN cofactor and butynoic acid adduct,,其他候选,否,未进入使用审计,0,0,,名称提示核苷酸、辅因子或整分子缀合物；分子量超过500 Da，优先判断为复杂整分子,分子量超过300 Da，需确认偶联、脱保护和总环肽体积负担；杂原子较多，可能带来较高极性或多重保护需求；含磷酸/膦酸相关结构，通常不利于被动跨膜；含预先形成的酰胺键，需确认主链氨基是否仍可偶联；CCD未指定标准氨基酸母体,C26 H33 N4 O11 P,608.534,,NON-POLYMER,2,Cc1cc2c3c(c1C)C(C[C@@H]4[N@]3[C@]5(C(=C4C(=O)O)C)C(=O)NC(=O)N=C5N2C[C@@H]([C@@H]([C@@H](COP(=O)(O)O)O)O)O)(C)C,https://www.rcsb.org/ligand/JRK,https://www.ebi.ac.uk/pdbe/static/files/pdbechem_v2/JRK_500.svg
排除,P3,JSC,"{(1,2,3,4,5-eta)-3-[4-({(R)-carboxy[(2R,4S)-4-carboxy-5,5-dimethyl-1,3-thiazolidin-2-yl]methyl}amino)-4-oxobutanoyl]cyclopentadienyl}[(1,2,3,4,5-eta)-cyclopentadienyl]ruthenium",,构象限制,否,未进入使用审计,0,0,,含金属元素，不属于常规肽合成单体；分子量超过500 Da，优先判断为复杂整分子,分子量超过300 Da，需确认偶联、脱保护和总环肽体积负担；杂原子较多，可能带来较高极性或多重保护需求；CCD未指定标准氨基酸母体,C22 H26 N2 O6 Ru S,547.587,,NON-POLYMER,2,CC1([C@@H](N[C@H](S1)[C@@H](C(=O)O)NC(=O)CCC(=O)C23=[CH]4[Ru]2567891([CH]3=[CH]5C64)[CH]2=[CH]7C8[CH]9=[CH]12)C(=O)O)C,https://www.rcsb.org/ligand/JSC,https://www.ebi.ac.uk/pdbe/static/files/pdbechem_v2/JSC_500.svg
排除,P3,JSD,"{(1,2,3,4,5-eta)-3-[4-({[(2R,4S)-4-carboxy-5,5-dimethyl-1,3-thiazolidin-2-yl]methyl}amino)-4-oxobutanoyl]cyclopentadienyl}[(1,2,3,4,5-eta)-cyclopentadienyl]ruthenium",,构象限制,否,未进入使用审计,0,0,,含金属元素，不属于常规肽合成单体；分子量超过500 Da，优先判断为复杂整分子,分子量超过300 Da，需确认偶联、脱保护和总环肽体积负担；CCD未指定标准氨基酸母体,C21 H26 N2 O4 Ru S,503.577,,NON-POLYMER,1,CC1([C@@H](N[C@H](S1)CNC(=O)CCC(=O)C23=[CH]4[Ru]2567891([CH]3=[CH]5C64)[CH]2=[CH]7C8[CH]9=[CH]12)C(=O)O)C,https://www.rcsb.org/ligand/JSD,https://www.ebi.ac.uk/pdbe/static/files/pdbechem_v2/JSD_500.svg
排除,P3,JSE,"{(1,2,3,4,5-eta)-3-[4-({(R)-carboxy[(2S,4S)-4-carboxy-5,5-dimethyl-1,3-thiazolidin-2-yl]methyl}amino)-4-oxobutanoyl]cyclopentadienyl}[(1,2,3,4,5-eta)-cyclopentadienyl]ruthenium",,构象限制,否,未进入使用审计,0,0,,含金属元素，不属于常规肽合成单体；分子量超过500 Da，优先判断为复杂整分子,分子量超过300 Da，需确认偶联、脱保护和总环肽体积负担；杂原子较多，可能带来较高极性或多重保护需求；CCD未指定标准氨基酸母体,C22 H26 N2 O6 Ru S,547.587,,NON-POLYMER,2,CC1([C@@H](N[C@@H](S1)[C@@H](C(=O)O)NC(=O)CCC(=O)C23=[CH]4[Ru]2567891([CH]3=[CH]5C64)[CH]2=[CH]7C8[CH]9=[CH]12)C(=O)O)C,https://www.rcsb.org/ligand/JSE,https://www.ebi.ac.uk/pdbe/static/files/pdbechem_v2/JSE_500.svg
暂缓,P3,JX7,5-carbamimidamido-2-oxopentanoic acid,,其他候选,需确认,未进入使用审计,0,0,,结构可能合理，但单体身份、偶联条件或复杂度证据不足，暂不进入研发候选库,CCD未指定标准氨基酸母体,C6 H11 N3 O3,173.17,,NON-POLYMER,4,[H]/N=C(/N)\NCCCC(=O)C(=O)O,https://www.rcsb.org/ligand/JX7,https://www.ebi.ac.uk/pdbe/static/files/pdbechem_v2/JX7_500.svg
暂缓,P3,JXF,"(2R,4S)-5,5-dimethyl-2-[(1R)-2-oxidanyl-2-oxidanylidene-1-(2-phenoxyethanoylamino)ethyl]-1,3-thiazolidine-4-carboxylic acid",,其他候选,需确认,未进入使用审计,0,0,,结构可能合理，但单体身份、偶联条件或复杂度证据不足，暂不进入研发候选库,分子量超过300 Da，需确认偶联、脱保护和总环肽体积负担；杂原子较多，可能带来较高极性或多重保护需求；CCD未指定标准氨基酸母体,C16 H20 N2 O6 S,368.405,,non-polymer,2,CC1([C@@H](N[C@H](S1)[C@@H](C(=O)O)NC(=O)COc2ccccc2)C(=O)O)C,https://www.rcsb.org/ligand/JXF,https://www.ebi.ac.uk/pdbe/static/files/pdbechem_v2/JXF_500.svg
暂缓,P3,K0I,"3-[[2-pyridin-2-yl-6-(1,2,4,5-tetrahydro-3-benzazepin-3-yl)pyrimidin-4-yl]amino]propanoic acid","3-((6-(4,5-dihydro-1H-benzo[d]azepin-3(2H)-yl)-2-(pyridin-2-yl)pyrimidin-4-yl)amino)propanoic acid",芳香/疏水侧链,需确认,未进入使用审计,0,0,,结构可能合理，但单体身份、偶联条件或复杂度证据不足，暂不进入研发候选库,分子量超过300 Da，需确认偶联、脱保护和总环肽体积负担；杂原子较多，可能带来较高极性或多重保护需求；CCD未指定标准氨基酸母体,C22 H23 N5 O2,389.45,,non-polymer,2,c1ccc2c(c1)CCN(CC2)c3cc(nc(n3)c4ccccn4)NCCC(=O)O,https://www.rcsb.org/ligand/K0I,https://www.ebi.ac.uk/pdbe/static/files/pdbechem_v2/K0I_500.svg
排除,P3,K0T,(2~{S})-5-carbamimidamido-2-[[(2~{S})-2-[[(2~{S})-1-[5-(dimethylamino)naphthalen-1-yl]sulfonylpiperidin-2-yl]carbonylamino]-4-phenyl-butanoyl]amino]pentanoic acid,,芳香/疏水侧链,否,未进入使用审计,0,0,,分子量超过500 Da，优先判断为复杂整分子,分子量超过300 Da，需确认偶联、脱保护和总环肽体积负担；杂原子较多，可能带来较高极性或多重保护需求；CCD未指定标准氨基酸母体,C34 H45 N7 O6 S,679.829,,NON-POLYMER,4,[H]/N=C(/N)\NCCC[C@@H](C(=O)O)NC(=O)[C@H](CCc1ccccc1)NC(=O)[C@@H]2CCCCN2S(=O)(=O)c3cccc4c3cccc4N(C)C,https://www.rcsb.org/ligand/K0T,https://www.ebi.ac.uk/pdbe/static/files/pdbechem_v2/K0T_500.svg
暂缓,P3,K15,5'-{[(3S)-3-amino-3-carboxypropyl](hexyl)amino}-5'-deoxyadenosine,,其他候选,需确认,未进入使用审计,0,0,,结构可能合理，但单体身份、偶联条件或复杂度证据不足，暂不进入研发候选库,分子量超过300 Da，需确认偶联、脱保护和总环肽体积负担；杂原子较多，可能带来较高极性或多重保护需求；CCD未指定标准氨基酸母体,C20 H33 N7 O5,451.52,,NON-POLYMER,1,CCCCCCN(CC[C@@H](C(=O)O)N)C[C@@H]1[C@H]([C@H]([C@@H](O1)n2cnc3c2ncnc3N)O)O,https://www.rcsb.org/ligand/K15,https://www.ebi.ac.uk/pdbe/static/files/pdbechem_v2/K15_500.svg
暂缓,P3,K63,"N-[3-cyano-2-(2'-ethoxy[1,1'-biphenyl]-4-yl)-6-fluoroquinolin-4-yl]-D-alanine",,D-构型,需确认,未进入使用审计,0,0,,结构可能合理，但单体身份、偶联条件或复杂度证据不足，暂不进入研发候选库,分子量超过300 Da，需确认偶联、脱保护和总环肽体积负担；CCD未指定标准氨基酸母体,C27 H22 F N3 O3,455.48,,non-polymer,1,CCOc1ccccc1c2ccc(cc2)c3c(c(c4cc(ccc4n3)F)N[C@H](C)C(=O)O)C#N,https://www.rcsb.org/ligand/K63,https://www.ebi.ac.uk/pdbe/static/files/pdbechem_v2/K63_500.svg
暂缓,P3,KB1,5'-{[(3S)-3-amino-3-carboxypropyl][(4-fluorophenyl)methyl]amino}-5'-deoxyadenosine,,卤代/电子调节,需确认,未进入使用审计,0,0,,结构可能合理，但单体身份、偶联条件或复杂度证据不足，暂不进入研发候选库,分子量超过300 Da，需确认偶联、脱保护和总环肽体积负担；杂原子较多，可能带来较高极性或多重保护需求；CCD未指定标准氨基酸母体,C21 H26 F N7 O5,475.473,,NON-POLYMER,1,c1cc(ccc1CN(CC[C@@H](C(=O)O)N)C[C@@H]2[C@H]([C@H]([C@@H](O2)n3cnc4c3ncnc4N)O)O)F,https://www.rcsb.org/ligand/KB1,https://www.ebi.ac.uk/pdbe/static/files/pdbechem_v2/KB1_500.svg
排除,P3,KCP,"2-[CARBOXY-(2-THIOPHEN-2-YL-ACETYLAMINO)-METHYL]-5-METHYL-3,6-DIHYDRO-2H-[1,3]THIAZINE-4-CARBOXYLIC ACID",HYDROLYZED CEPHALOTHIN,其他候选,否,未进入使用审计,0,0,,名称明确提示药物、抗生素或反应中间体,分子量超过300 Da，需确认偶联、脱保护和总环肽体积负担；CCD未指定标准氨基酸母体,C14 H16 N2 O5 S2,356.417,,NON-POLYMER,2,CC1=C(N[C@@H](SC1)[C@@H](C(=O)O)NC(=O)Cc2cccs2)C(=O)O,https://www.rcsb.org/ligand/KCP,https://www.ebi.ac.uk/pdbe/static/files/pdbechem_v2/KCP_500.svg
暂缓,P3,KE1,"meropenem, bound form","(4R,5S)-3-{[(3R,5R)-5-(dimethylcarbamoyl)pyrrolidin-3-yl]sulfanyl}-5-[(2S,3R)-3-hydroxy-1-oxobutan-2-yl]-4-methyl-4,5-d ihydro-1H-pyrrole-2-carboxylic acid",D-构型,需确认,未进入使用审计,0,0,,结构可能合理，但单体身份、偶联条件或复杂度证据不足，暂不进入研发候选库,分子量超过300 Da，需确认偶联、脱保护和总环肽体积负担；含预先形成的酰胺键，需确认主链氨基是否仍可偶联；CCD未指定标准氨基酸母体,C17 H27 N3 O5 S,385.478,,NON-POLYMER,1,C[C@@H]1[C@@H](NC(=C1S[C@@H]2C[C@@H](NC2)C(=O)N(C)C)C(=O)O)[C@H](C=O)[C@@H](C)O,https://www.rcsb.org/ligand/KE1,https://www.ebi.ac.uk/pdbe/static/files/pdbechem_v2/KE1_500.svg
暂缓,P3,KE4,(4R)-5-AMINO-4-[({3-HYDROXY-2-METHYL-5-[(PHOSPHONOOXY)METHYL]PYRIDIN-4-YL}METHYL)AMINO]PENTANOIC ACID,,芳香/疏水侧链,需确认,未进入使用审计,0,0,,结构可能合理，但单体身份、偶联条件或复杂度证据不足，暂不进入研发候选库,分子量超过300 Da，需确认偶联、脱保护和总环肽体积负担；杂原子较多，可能带来较高极性或多重保护需求；含磷酸/膦酸相关结构，通常不利于被动跨膜；CCD未指定标准氨基酸母体,C13 H22 N3 O7 P,363.303,,NON-POLYMER,3,Cc1c(c(c(cn1)COP(=O)(O)O)CNC(CCC(=O)O)CN)O,https://www.rcsb.org/ligand/KE4,https://www.ebi.ac.uk/pdbe/static/files/pdbechem_v2/KE4_500.svg
暂缓,P3,KET,2-[(3-HYDROXY-2-METHYL-5-PHOSPHONOOXYMETHYL-PYRIDIN-4-YLMETHYLENE)-AMINO]-SUCCINIC ACID,PYRIDOXYLIDENE-ASPARTIC ACID-5-MONOPHOSPHATE,芳香/疏水侧链,需确认,未进入使用审计,0,0,,结构可能合理，但单体身份、偶联条件或复杂度证据不足，暂不进入研发候选库,分子量超过300 Da，需确认偶联、脱保护和总环肽体积负担；杂原子较多，可能带来较高极性或多重保护需求；含磷酸/膦酸相关结构，通常不利于被动跨膜；CCD未指定标准氨基酸母体,C12 H16 N2 O9 P,363.237,,NON-POLYMER,2,Cc1c(c(c(c[nH+]1)COP(=O)(O)O)C=NC(CC(=O)O)C(=O)O)O,https://www.rcsb.org/ligand/KET,https://www.ebi.ac.uk/pdbe/static/files/pdbechem_v2/KET_500.svg
排除,P3,KGI,"2-[[(2~{R},3~{S},4~{R},5~{R})-5-(6-aminopurin-9-yl)-3,4-bis(oxidanyl)oxolan-2-yl]methyl-[3-[6-azanyl-9-[(2~{R},3~{R},4~{S},5~{R})-5-[(2-azanylethanoylamino)methyl]-3,4-bis(oxidanyl)oxolan-2-yl]purin-8-yl]prop-2-ynyl]amino]ethanoic acid",,其他候选,否,未进入使用审计,0,0,,分子量超过500 Da，优先判断为复杂整分子,分子量超过300 Da，需确认偶联、脱保护和总环肽体积负担；杂原子较多，可能带来较高极性或多重保护需求；CCD未指定标准氨基酸母体,C27 H33 N13 O9,683.633,,non-polymer,1,c1nc(c2c(n1)n(cn2)[C@H]3[C@@H]([C@@H]([C@H](O3)CN(CC#Cc4nc5c(ncnc5n4[C@H]6[C@@H]([C@@H]([C@H](O6)CNC(=O)CN)O)O)N)CC(=O)O)O)O)N,https://www.rcsb.org/ligand/KGI,https://www.ebi.ac.uk/pdbe/static/files/pdbechem_v2/KGI_500.svg
排除,P3,KGX,"2-[[(2~{R},3~{S},4~{R},5~{R})-5-(6-aminopurin-9-yl)-3,4-bis(oxidanyl)oxolan-2-yl]methyl-[3-[6-azanyl-9-[(2~{R},3~{R},4~{S},5~{R})-5-[(2-azanylethylcarbamoylamino)methyl]-3,4-bis(oxidanyl)oxolan-2-yl]purin-8-yl]prop-2-ynyl]amino]ethanoic acid",,其他候选,否,未进入使用审计,0,0,,分子量超过500 Da，优先判断为复杂整分子,分子量超过300 Da，需确认偶联、脱保护和总环肽体积负担；杂原子较多，可能带来较高极性或多重保护需求；含预先形成的酰胺键，需确认主链氨基是否仍可偶联；CCD未指定标准氨基酸母体,C28 H36 N14 O9,712.674,,non-polymer,1,c1nc(c2c(n1)n(cn2)[C@H]3[C@@H]([C@@H]([C@H](O3)CN(CC#Cc4nc5c(ncnc5n4[C@H]6[C@@H]([C@@H]([C@H](O6)CNC(=O)NCCN)O)O)N)CC(=O)O)O)O)N,https://www.rcsb.org/ligand/KGX,https://www.ebi.ac.uk/pdbe/static/files/pdbechem_v2/KGX_500.svg
暂缓,P3,KH3,5'-{[(3S)-3-amino-3-carboxypropyl][2-(hexylamino)ethyl]amino}-5'-deoxyadenosine,,其他候选,需确认,未进入使用审计,0,0,,结构可能合理，但单体身份、偶联条件或复杂度证据不足，暂不进入研发候选库,分子量超过300 Da，需确认偶联、脱保护和总环肽体积负担；杂原子较多，可能带来较高极性或多重保护需求；CCD未指定标准氨基酸母体,C22 H38 N8 O5,494.588,,NON-POLYMER,1,CCCCCCNCCN(CC[C@@H](C(=O)O)N)C[C@@H]1[C@H]([C@H]([C@@H](O1)n2cnc3c2ncnc3N)O)O,https://www.rcsb.org/ligand/KH3,https://www.ebi.ac.uk/pdbe/static/files/pdbechem_v2/KH3_500.svg
排除,P3,KH9,"2-[[(2~{R},3~{S},4~{R},5~{R})-5-(6-aminopurin-9-yl)-3,4-bis(oxidanyl)oxolan-2-yl]methyl-[3-[6-azanyl-9-[(2~{R},3~{R},4~{S},5~{R})-5-[(3-azanylpropylcarbamoylamino)methyl]-3,4-bis(oxidanyl)oxolan-2-yl]purin-8-yl]prop-2-ynyl]amino]ethanoic acid",,其他候选,否,未进入使用审计,0,0,,分子量超过500 Da，优先判断为复杂整分子,分子量超过300 Da，需确认偶联、脱保护和总环肽体积负担；杂原子较多，可能带来较高极性或多重保护需求；含预先形成的酰胺键，需确认主链氨基是否仍可偶联；CCD未指定标准氨基酸母体,C29 H38 N14 O9,726.7,,non-polymer,1,c1nc(c2c(n1)n(cn2)[C@H]3[C@@H]([C@@H]([C@H](O3)CN(CC#Cc4nc5c(ncnc5n4[C@H]6[C@@H]([C@@H]([C@H](O6)CNC(=O)NCCCN)O)O)N)CC(=O)O)O)O)N,https://www.rcsb.org/ligand/KH9,https://www.ebi.ac.uk/pdbe/static/files/pdbechem_v2/KH9_500.svg
排除,P3,KIC,"2-[[(2~{R},3~{S},4~{R},5~{R})-5-(6-aminopurin-9-yl)-3,4-bis(oxidanyl)oxolan-2-yl]methyl-[3-[6-azanyl-9-[(2~{R},3~{R},4~{S},5~{R})-5-[(3-azanylpropanoylamino)methyl]-3,4-bis(oxidanyl)oxolan-2-yl]purin-8-yl]prop-2-ynyl]amino]ethanoic acid",,其他候选,否,未进入使用审计,0,0,,分子量超过500 Da，优先判断为复杂整分子,分子量超过300 Da，需确认偶联、脱保护和总环肽体积负担；杂原子较多，可能带来较高极性或多重保护需求；CCD未指定标准氨基酸母体,C28 H35 N13 O9,697.659,,non-polymer,1,c1nc(c2c(n1)n(cn2)[C@H]3[C@@H]([C@@H]([C@H](O3)CN(CC#Cc4nc5c(ncnc5n4[C@H]6[C@@H]([C@@H]([C@H](O6)CNC(=O)CCN)O)O)N)CC(=O)O)O)O)N,https://www.rcsb.org/ligand/KIC,https://www.ebi.ac.uk/pdbe/static/files/pdbechem_v2/KIC_500.svg
排除,P3,KIG,"2-[[(2~{R},3~{S},4~{R},5~{R})-5-(6-aminopurin-9-yl)-3,4-bis(oxidanyl)oxolan-2-yl]methyl-[3-[6-azanyl-9-[(2~{R},3~{R},4~{S},5~{R})-5-[(2-azanylethylsulfonylamino)methyl]-3,4-bis(oxidanyl)oxolan-2-yl]purin-8-yl]prop-2-ynyl]amino]ethanoic acid",,其他候选,否,未进入使用审计,0,0,,分子量超过500 Da，优先判断为复杂整分子,分子量超过300 Da，需确认偶联、脱保护和总环肽体积负担；杂原子较多，可能带来较高极性或多重保护需求；CCD未指定标准氨基酸母体,C27 H35 N13 O10 S,733.713,,non-polymer,1,c1nc(c2c(n1)n(cn2)[C@H]3[C@@H]([C@@H]([C@H](O3)CN(CC#Cc4nc5c(ncnc5n4[C@H]6[C@@H]([C@@H]([C@H](O6)CNS(=O)(=O)CCN)O)O)N)CC(=O)O)O)O)N,https://www.rcsb.org/ligand/KIG,https://www.ebi.ac.uk/pdbe/static/files/pdbechem_v2/KIG_500.svg
排除,P3,KNW,"(2~{S})-8-[[4-[4-(2-chloranyl-5-fluoranyl-phenyl)butoxy]phenyl]carbonylamino]-4-(4-oxidanyl-4-oxidanylidene-butyl)-2,3- dihydro-1,4-benzoxazine-2-carboxylic acid",ONO-2570366,芳香/疏水侧链,否,未进入使用审计,0,0,,分子量超过500 Da，优先判断为复杂整分子,分子量超过300 Da，需确认偶联、脱保护和总环肽体积负担；杂原子较多，可能带来较高极性或多重保护需求；CCD未指定标准氨基酸母体,C30 H30 Cl F N2 O7,585.02,,NON-POLYMER,2,c1cc(c2c(c1)N(C[C@H](O2)C(=O)O)CCCC(=O)O)NC(=O)c3ccc(cc3)OCCCCc4cc(ccc4Cl)F,https://www.rcsb.org/ligand/KNW,https://www.ebi.ac.uk/pdbe/static/files/pdbechem_v2/KNW_500.svg
排除,P3,KNX,"5'-([(3S)-3-amino-3-carboxypropyl]{4-[(4R)-7,8-dichloro-1,2,3,4-tetrahydroisoquinolin-4-yl]butyl}amino)-5'-deoxyadenosine",,卤代/电子调节,否,未进入使用审计,0,0,,分子量超过500 Da，优先判断为复杂整分子,分子量超过300 Da，需确认偶联、脱保护和总环肽体积负担；杂原子较多，可能带来较高极性或多重保护需求；CCD未指定标准氨基酸母体,C27 H36 Cl2 N8 O5,623.531,,non-polymer,1,c1cc(c(c2c1[C@H](CNC2)CCCCN(CC[C@@H](C(=O)O)N)C[C@@H]3[C@H]([C@H]([C@@H](O3)n4cnc5c4ncnc5N)O)O)Cl)Cl,https://www.rcsb.org/ligand/KNX,https://www.ebi.ac.uk/pdbe/static/files/pdbechem_v2/KNX_500.svg
排除,P3,KNZ,"(2~{S})-8-[[4-[4-[2,3-bis(fluoranyl)phenoxy]butoxy]-2-fluoranyl-phenyl]carbonylamino]-4-(4-oxidanyl-4-oxidanylidene-but yl)-2,3-dihydro-1,4-benzoxazine-2-carboxylic acid",ONO-2080365,芳香/疏水侧链,否,未进入使用审计,0,0,,分子量超过500 Da，优先判断为复杂整分子,分子量超过300 Da，需确认偶联、脱保护和总环肽体积负担；杂原子较多，可能带来较高极性或多重保护需求；CCD未指定标准氨基酸母体,C30 H29 F3 N2 O8,602.555,,NON-POLYMER,2,c1cc(c2c(c1)N(C[C@H](O2)C(=O)O)CCCC(=O)O)NC(=O)c3ccc(cc3F)OCCCCOc4cccc(c4F)F,https://www.rcsb.org/ligand/KNZ,https://www.ebi.ac.uk/pdbe/static/files/pdbechem_v2/KNZ_500.svg
排除,P3,KO5,"(2~{S})-8-[[4-[4-(5-fluoranyl-2-methyl-phenyl)butoxy]phenyl]carbonylamino]-4-(4-oxidanyl-4-oxidanylidene-butyl)-2,3-dih ydro-1,4-benzoxazine-2-carboxylic acid",ONO-2770372,芳香/疏水侧链,否,未进入使用审计,0,0,,分子量超过500 Da，优先判断为复杂整分子,分子量超过300 Da，需确认偶联、脱保护和总环肽体积负担；杂原子较多，可能带来较高极性或多重保护需求；含预先形成的酰胺键，需确认主链氨基是否仍可偶联；CCD未指定标准氨基酸母体,C31 H33 F N2 O7,564.601,,NON-POLYMER,3,Cc1ccc(cc1CCCCOc2ccc(cc2)C(=O)Nc3cccc4c3O[C@@H](CN4CCCC(=O)O)C(=O)O)F,https://www.rcsb.org/ligand/KO5,https://www.ebi.ac.uk/pdbe/static/files/pdbechem_v2/KO5_500.svg
暂缓,P3,KPU,(2~{S})-2-[[2-methyl-3-oxidanyl-5-(phosphonooxymethyl)pyridin-4-yl]methylamino]-4-oxidanyl-butanoic acid,,芳香/疏水侧链,需确认,未进入使用审计,0,0,,结构可能合理，但单体身份、偶联条件或复杂度证据不足，暂不进入研发候选库,分子量超过300 Da，需确认偶联、脱保护和总环肽体积负担；杂原子较多，可能带来较高极性或多重保护需求；含磷酸/膦酸相关结构，通常不利于被动跨膜；CCD未指定标准氨基酸母体,C12 H19 N2 O8 P,350.262,,non-polymer,1,Cc1c(c(c(cn1)COP(=O)(O)O)CN[C@@H](CCO)C(=O)O)O,https://www.rcsb.org/ligand/KPU,https://www.ebi.ac.uk/pdbe/static/files/pdbechem_v2/KPU_500.svg
暂缓,P3,KQ8,"(2~{R},3~{R})-2-[(2~{S},3~{R})-1,3-bis(oxidanyl)-1-oxidanylidene-butan-2-yl]-3-methyl-4-[(3~{S},5~{S})-5-[(sulfamoylamino)methyl]pyrrolidin-3-yl]sulfanyl-2,3-dihydro-1~{H}-pyrrole-5-carboxylic acid",,其他候选,需确认,未进入使用审计,0,0,,结构可能合理，但单体身份、偶联条件或复杂度证据不足，暂不进入研发候选库,分子量超过300 Da，需确认偶联、脱保护和总环肽体积负担；杂原子较多，可能带来较高极性或多重保护需求；CCD未指定标准氨基酸母体,C15 H26 N4 O7 S2,438.52,,NON-POLYMER,1,C[C@@H]1[C@H](NC(=C1S[C@H]2C[C@H](NC2)CNS(=O)(=O)N)C(=O)O)[C@@H]([C@@H](C)O)C(=O)O,https://www.rcsb.org/ligand/KQ8,https://www.ebi.ac.uk/pdbe/static/files/pdbechem_v2/KQ8_500.svg
暂缓,P3,KSD,"N-({2,6-dimethoxy-4-[(2-methyl[1,1'-biphenyl]-3-yl)methoxy]phenyl}methyl)-D-alanine",,D-构型,需确认,未进入使用审计,0,0,,结构可能合理，但单体身份、偶联条件或复杂度证据不足，暂不进入研发候选库,分子量超过300 Da，需确认偶联、脱保护和总环肽体积负担；CCD未指定标准氨基酸母体,C26 H29 N O5,435.512,,NON-POLYMER,1,Cc1c(cccc1c2ccccc2)COc3cc(c(c(c3)OC)CN[C@H](C)C(=O)O)OC,https://www.rcsb.org/ligand/KSD,https://www.ebi.ac.uk/pdbe/static/files/pdbechem_v2/KSD_500.svg
排除,P3,KW0,(2~{S})-2-azanyl-3-[[(2~{R})-1-ethoxy-3-[(~{Z})-octadec-9-enoyl]oxy-propan-2-yl]oxy-oxidanyl-phosphoryl]oxy-propanoic acid,,其他候选,否,未进入使用审计,0,0,,分子量超过500 Da，优先判断为复杂整分子,分子量超过300 Da，需确认偶联、脱保护和总环肽体积负担；杂原子较多，可能带来较高极性或多重保护需求；含磷酸/膦酸相关结构，通常不利于被动跨膜；CCD未指定标准氨基酸母体,C26 H50 N O9 P,551.65,,non-polymer,1,CCCCCCCC/C=C\CCCCCCCC(=O)OC[C@@H](COCC)OP(=O)(O)OC[C@@H](C(=O)O)N,https://www.rcsb.org/ligand/KW0,https://www.ebi.ac.uk/pdbe/static/files/pdbechem_v2/KW0_500.svg
排除,P3,KW3,(2~{S})-2-azanyl-3-[[(2~{R})-1-ethoxy-3-[3-[2-[(3-phenoxyphenyl)methoxy]phenyl]propanoyloxy]propan-2-yl]oxy-oxidanyl-phosphoryl]oxy-propanoic acid,,芳香/疏水侧链,否,未进入使用审计,0,0,,分子量超过500 Da，优先判断为复杂整分子,分子量超过300 Da，需确认偶联、脱保护和总环肽体积负担；杂原子较多，可能带来较高极性或多重保护需求；含磷酸/膦酸相关结构，通常不利于被动跨膜；CCD未指定标准氨基酸母体,C30 H36 N O11 P,617.581,,non-polymer,1,CCOC[C@H](COC(=O)CCc1ccccc1OCc2cccc(c2)Oc3ccccc3)OP(=O)(O)OC[C@@H](C(=O)O)N,https://www.rcsb.org/ligand/KW3,https://www.ebi.ac.uk/pdbe/static/files/pdbechem_v2/KW3_500.svg
暂缓,P3,KWN,"(1~{S},2~{S},3~{S},6~{R})-2-[[2-[5,7-bis(fluoranyl)-1~{H}-indol-3-yl]-5-fluoranyl-pyrimidin-4-yl]amino]-3,6-dimethyl-cyclohexane-1-carboxylic acid",,构象限制,需确认,未进入使用审计,0,0,,结构可能合理，但单体身份、偶联条件或复杂度证据不足，暂不进入研发候选库,分子量超过300 Da，需确认偶联、脱保护和总环肽体积负担；CCD未指定标准氨基酸母体,C21 H21 F3 N4 O2,418.412,,NON-POLYMER,2,C[C@@H]1CC[C@@H]([C@@H]([C@H]1C(=O)O)Nc2c(cnc(n2)c3c[nH]c4c3cc(cc4F)F)F)C,https://www.rcsb.org/ligand/KWN,https://www.ebi.ac.uk/pdbe/static/files/pdbechem_v2/KWN_500.svg
排除,P3,KXW,"(2~{S})-4-[[(2~{R},3~{S},4~{R},5~{R})-5-(6-aminopurin-9-yl)-3,4-bis(oxidanyl)oxolan-2-yl]methyl-[3-(pyridin-2-ylamino)propyl]amino]-2-azanyl-butanoic acid",,芳香/疏水侧链,否,未进入使用审计,0,0,,分子量超过500 Da，优先判断为复杂整分子,分子量超过300 Da，需确认偶联、脱保护和总环肽体积负担；杂原子较多，可能带来较高极性或多重保护需求；CCD未指定标准氨基酸母体,C22 H31 N9 O5,501.539,,NON-POLYMER,1,c1ccnc(c1)NCCCN(CC[C@@H](C(=O)O)N)C[C@@H]2[C@H]([C@H]([C@@H](O2)n3cnc4c3ncnc4N)O)O,https://www.rcsb.org/ligand/KXW,https://www.ebi.ac.uk/pdbe/static/files/pdbechem_v2/KXW_500.svg
暂缓,P3,KYE,"(2~{S})-4-[[(2~{R},3~{S},4~{R},5~{R})-5-(6-aminopurin-9-yl)-3,4-bis(oxidanyl)oxolan-2-yl]methyl-(5-carbamimidamidopentyl)amino]-2-azanyl-butanoic acid",,其他候选,需确认,未进入使用审计,0,0,,结构可能合理，但单体身份、偶联条件或复杂度证据不足，暂不进入研发候选库,分子量超过300 Da，需确认偶联、脱保护和总环肽体积负担；杂原子较多，可能带来较高极性或多重保护需求；CCD未指定标准氨基酸母体,C20 H34 N10 O5,494.548,,NON-POLYMER,1,[H]/N=C(/N)\NCCCCCN(CC[C@@H](C(=O)O)N)C[C@@H]1[C@H]([C@H]([C@@H](O1)n2cnc3c2ncnc3N)O)O,https://www.rcsb.org/ligand/KYE,https://www.ebi.ac.uk/pdbe/static/files/pdbechem_v2/KYE_500.svg
暂缓,P3,L2R,"(2~{S})-2-[bis(1~{H}-imidazol-4-ylmethyl)amino]-5-(3-phenyl-5-sulfanylidene-1~{H}-1,2,4-triazol-4-yl)pentanoic acid",,芳香/疏水侧链,需确认,未进入使用审计,0,0,,结构可能合理，但单体身份、偶联条件或复杂度证据不足，暂不进入研发候选库,分子量超过300 Da，需确认偶联、脱保护和总环肽体积负担；杂原子较多，可能带来较高极性或多重保护需求；CCD未指定标准氨基酸母体,C21 H24 N8 O2 S,452.533,,non-polymer,1,c1ccc(cc1)C2=NNC(=S)N2CCC[C@@H](C(=O)O)N(Cc3c[nH]cn3)Cc4c[nH]cn4,https://www.rcsb.org/ligand/L2R,https://www.ebi.ac.uk/pdbe/static/files/pdbechem_v2/L2R_500.svg
排除,P3,L2U,"(2~{R})-2-[[4-[(4-aminocarbonylphenyl)carbonylamino]phenyl]sulfonylamino]-5-[(2~{S},4~{S})-4-azanyl-2-[[(2~{S})-1-[[(2~{S})-1-[(5-azanyl-5-oxidanylidene-pentyl)amino]-5-oxidanyl-1,5-bis(oxidanylidene)pentan-2-yl]-methyl-amino]-4-methyl-1-oxidanylidene-pentan-2-yl]carbamoyl]pyrrolidin-1-yl]-5-oxidanylidene-pentanoic acid",,芳香/疏水侧链,否,未进入使用审计,0,0,,分子量超过500 Da，优先判断为复杂整分子；含多个酰胺键，更像多残基/整分子片段而非独立单体,分子量超过300 Da，需确认偶联、脱保护和总环肽体积负担；杂原子较多，可能带来较高极性或多重保护需求；含预先形成的酰胺键，需确认主链氨基是否仍可偶联；CCD未指定标准氨基酸母体,C41 H57 N9 O13 S,916.009,,non-polymer,1,CC(C)C[C@@H](C(=O)N(C)[C@@H](CCC(=O)O)C(=O)NCCCCC(=O)N)NC(=O)[C@@H]1C[C@@H](CN1C(=O)CC[C@H](C(=O)O)NS(=O)(=O)c2ccc(cc2)NC(=O)c3ccc(cc3)C(=O)N)N,https://www.rcsb.org/ligand/L2U,https://www.ebi.ac.uk/pdbe/static/files/pdbechem_v2/L2U_500.svg
暂缓,P3,L82,"(2~{S})-2-[bis(pyridin-2-ylmethyl)amino]-5-(3-phenyl-5-sulfanylidene-1~{H}-1,2,4-triazol-4-yl)pentanoic acid",,芳香/疏水侧链,需确认,未进入使用审计,0,0,,结构可能合理，但单体身份、偶联条件或复杂度证据不足，暂不进入研发候选库,分子量超过300 Da，需确认偶联、脱保护和总环肽体积负担；杂原子较多，可能带来较高极性或多重保护需求；CCD未指定标准氨基酸母体,C25 H26 N6 O2 S,474.578,,non-polymer,1,c1ccc(cc1)C2=NNC(=S)N2CCC[C@@H](C(=O)O)N(Cc3ccccn3)Cc4ccccn4,https://www.rcsb.org/ligand/L82,https://www.ebi.ac.uk/pdbe/static/files/pdbechem_v2/L82_500.svg
暂缓,P3,L9X,"L-gamma-glutamyl-S-[(3R)-1-ethyl-2,5-dioxopyrrolidin-3-yl]-L-cysteinylglycine",,延长骨架,需确认,未进入使用审计,0,0,,结构可能合理，但单体身份、偶联条件或复杂度证据不足，暂不进入研发候选库,分子量超过300 Da，需确认偶联、脱保护和总环肽体积负担；杂原子较多，可能带来较高极性或多重保护需求；含预先形成的酰胺键，需确认主链氨基是否仍可偶联；CCD未指定标准氨基酸母体,C16 H24 N4 O8 S,432.449,,NON-POLYMER,1,CCN1C(=O)C[C@H](C1=O)SC[C@@H](C(=O)NCC(=O)O)NC(=O)CCC(C(=O)O)N,https://www.rcsb.org/ligand/L9X,https://www.ebi.ac.uk/pdbe/static/files/pdbechem_v2/L9X_500.svg
暂缓,P3,LD0,"(2R,4S,5R)-2-[(1R)-1-{[(2Z)-2-(2-amino-1,3-thiazol-4-yl)-2-(methoxyimino)acetyl]amino}-2-oxoethyl]-5-(sulfanylmethyl)-1,3-thiazinane-4-carboxylic acid",,其他候选,需确认,未进入使用审计,0,0,,结构可能合理，但单体身份、偶联条件或复杂度证据不足，暂不进入研发候选库,分子量超过300 Da，需确认偶联、脱保护和总环肽体积负担；杂原子较多，可能带来较高极性或多重保护需求；含预先形成的酰胺键，需确认主链氨基是否仍可偶联；CCD未指定标准氨基酸母体,C14 H19 N5 O5 S3,433.526,,non-polymer,1,CO/N=C(/c1csc(n1)N)\C(=O)N[C@H](C=O)[C@@H]2NC([C@@H](CS2)CS)C(=O)O,https://www.rcsb.org/ligand/LD0,https://www.ebi.ac.uk/pdbe/static/files/pdbechem_v2/LD0_500.svg
暂缓,P3,LDK,"(2~{S})-2-[[(2~{S})-1,5-bis(oxidanyl)-1,5-bis(oxidanylidene)pentan-2-yl]sulfamoylamino]pentanedioic acid",,其他候选,需确认,未进入使用审计,0,0,,结构可能合理，但单体身份、偶联条件或复杂度证据不足，暂不进入研发候选库,分子量超过300 Da，需确认偶联、脱保护和总环肽体积负担；杂原子较多，可能带来较高极性或多重保护需求；CCD未指定标准氨基酸母体,C10 H16 N2 O10 S,356.306,,NON-POLYMER,3,C(CC(=O)O)[C@@H](C(=O)O)NS(=O)(=O)N[C@@H](CCC(=O)O)C(=O)O,https://www.rcsb.org/ligand/LDK,https://www.ebi.ac.uk/pdbe/static/files/pdbechem_v2/LDK_500.svg
暂缓,P3,LEE,L-gamma-glutamyl-S-hexyl-L-cysteinylglycine,,延长骨架,需确认,未进入使用审计,0,0,,结构可能合理，但单体身份、偶联条件或复杂度证据不足，暂不进入研发候选库,分子量超过300 Da，需确认偶联、脱保护和总环肽体积负担；杂原子较多，可能带来较高极性或多重保护需求；含预先形成的酰胺键，需确认主链氨基是否仍可偶联；CCD未指定标准氨基酸母体,C16 H29 N3 O6 S,391.483,,peptide-like,1,CCCCCCSC[C@@H](C(=O)NCC(=O)O)NC(=O)CC[C@@H](C(=O)O)N,https://www.rcsb.org/ligand/LEE,https://www.ebi.ac.uk/pdbe/static/files/pdbechem_v2/LEE_500.svg
暂缓,P3,LHT,hydrolysed ertapenem,,其他候选,需确认,未进入使用审计,0,0,,结构可能合理，但单体身份、偶联条件或复杂度证据不足，暂不进入研发候选库,分子量超过300 Da，需确认偶联、脱保护和总环肽体积负担；杂原子较多，可能带来较高极性或多重保护需求；含预先形成的酰胺键，需确认主链氨基是否仍可偶联；CCD未指定标准氨基酸母体,C22 H27 N3 O8 S,493.53,,NON-POLYMER,1,C[C@@H]1[C@@H](NC(=C1S[C@H]2C[C@H](NC2)C(=O)Nc3cccc(c3)C(=O)O)C(=O)O)[C@@H]([C@@H](C)O)C(=O)O,https://www.rcsb.org/ligand/LHT,https://www.ebi.ac.uk/pdbe/static/files/pdbechem_v2/LHT_500.svg
排除,P3,LIZ,"N-{(1S,2S)-2-[bis(carboxymethyl)amino]cyclohexyl}-N-{(2R)-2-[bis(carboxymethyl)amino]-3-[4-({[2-hydroxy-1,1-bis(hydroxymethyl)ethyl]carbamothioyl}amino)phenyl]propyl}glycine",,构象限制,否,未进入使用审计,0,0,,分子量超过500 Da，优先判断为复杂整分子,分子量超过300 Da，需确认偶联、脱保护和总环肽体积负担；杂原子较多，可能带来较高极性或多重保护需求；CCD未指定标准氨基酸母体,C30 H45 N5 O13 S,715.769,,NON-POLYMER,1,c1cc(ccc1C[C@H](C[N@](CC(=O)O)[C@H]2CCCC[C@@H]2N(CC(=O)O)CC(=O)O)N(CC(=O)O)CC(=O)O)NC(=S)NC(CO)(CO)CO,https://www.rcsb.org/ligand/LIZ,https://www.ebi.ac.uk/pdbe/static/files/pdbechem_v2/LIZ_500.svg
暂缓,P3,LK1,N-[(6-BUTOXYNAPHTHALEN-2-YL)SULFONYL]-L-GLUTAMIC ACID,,芳香/疏水侧链,需确认,未进入使用审计,0,0,,结构可能合理，但单体身份、偶联条件或复杂度证据不足，暂不进入研发候选库,分子量超过300 Da，需确认偶联、脱保护和总环肽体积负担；杂原子较多，可能带来较高极性或多重保护需求；CCD未指定标准氨基酸母体,C19 H23 N O7 S,409.453,,NON-POLYMER,3,CCCCOc1ccc2cc(ccc2c1)S(=O)(=O)N[C@@H](CCC(=O)O)C(=O)O,https://www.rcsb.org/ligand/LK1,https://www.ebi.ac.uk/pdbe/static/files/pdbechem_v2/LK1_500.svg
暂缓,P3,LK2,N-[(6-BUTOXYNAPHTHALEN-2-YL)SULFONYL]-D-GLUTAMIC ACID,,D-构型,需确认,未进入使用审计,0,0,,结构可能合理，但单体身份、偶联条件或复杂度证据不足，暂不进入研发候选库,分子量超过300 Da，需确认偶联、脱保护和总环肽体积负担；杂原子较多，可能带来较高极性或多重保护需求；CCD未指定标准氨基酸母体,C19 H23 N O7 S,409.453,,NON-POLYMER,3,CCCCOc1ccc2cc(ccc2c1)S(=O)(=O)N[C@H](CCC(=O)O)C(=O)O,https://www.rcsb.org/ligand/LK2,https://www.ebi.ac.uk/pdbe/static/files/pdbechem_v2/LK2_500.svg
暂缓,P3,LK3,N-{[6-(PENTYLOXY)NAPHTHALEN-2-YL]SULFONYL}-D-GLUTAMIC ACID,,D-构型,需确认,未进入使用审计,0,0,,结构可能合理，但单体身份、偶联条件或复杂度证据不足，暂不进入研发候选库,分子量超过300 Da，需确认偶联、脱保护和总环肽体积负担；杂原子较多，可能带来较高极性或多重保护需求；CCD未指定标准氨基酸母体,C20 H25 N O7 S,423.48,,NON-POLYMER,3,CCCCCOc1ccc2cc(ccc2c1)S(=O)(=O)N[C@H](CCC(=O)O)C(=O)O,https://www.rcsb.org/ligand/LK3,https://www.ebi.ac.uk/pdbe/static/files/pdbechem_v2/LK3_500.svg
暂缓,P3,LK4,N-({6-[(4-CYANOBENZYL)OXY]NAPHTHALEN-2-YL}SULFONYL)-D-GLUTAMIC ACID,,D-构型,需确认,未进入使用审计,0,0,,结构可能合理，但单体身份、偶联条件或复杂度证据不足，暂不进入研发候选库,分子量超过300 Da，需确认偶联、脱保护和总环肽体积负担；杂原子较多，可能带来较高极性或多重保护需求；CCD未指定标准氨基酸母体,C23 H20 N2 O7 S,468.479,,NON-POLYMER,3,c1cc(ccc1COc2ccc3cc(ccc3c2)S(=O)(=O)N[C@H](CCC(=O)O)C(=O)O)C#N,https://www.rcsb.org/ligand/LK4,https://www.ebi.ac.uk/pdbe/static/files/pdbechem_v2/LK4_500.svg
暂缓,P3,LK5,"(1S,4R,7AR)-4-BUTOXY-1-[(1R)-1-FORMYLPROPYL]-2,4,5,6,7,7A-HEXAHYDRO-1H-ISOINDOLE-3-CARBOXYLIC ACID",,芳香/疏水侧链,需确认,未进入使用审计,0,0,,结构可能合理，但单体身份、偶联条件或复杂度证据不足，暂不进入研发候选库,分子量超过300 Da，需确认偶联、脱保护和总环肽体积负担；CCD未指定标准氨基酸母体,C17 H27 N O4,309.401,,NON-POLYMER,1,CCCCO[C@@H]1CCC[C@@H]2C1=C(N[C@@H]2[C@@H](CC)C=O)C(=O)O,https://www.rcsb.org/ligand/LK5,https://www.ebi.ac.uk/pdbe/static/files/pdbechem_v2/LK5_500.svg
暂缓,P3,LK7,"(1R,4S,7AS)-1-(1-FORMYLPROP-1-EN-1-YL)-4-METHOXY-2,4,5,6,7,7A-HEXAHYDRO-1H-ISOINDOLE-3-CARBOXYLIC ACID",,芳香/疏水侧链,需确认,未进入使用审计,0,0,,结构可能合理，但单体身份、偶联条件或复杂度证据不足，暂不进入研发候选库,CCD未指定标准氨基酸母体,C14 H19 N O4,265.305,,NON-POLYMER,1,CC=C(C=O)[C@H]1[C@H]2CCC[C@@H](C2=C(N1)C(=O)O)OC,https://www.rcsb.org/ligand/LK7,https://www.ebi.ac.uk/pdbe/static/files/pdbechem_v2/LK7_500.svg
暂缓,P3,LKM,N-({6-[(4-CYANO-2-FLUOROBENZYL)OXY]NAPHTHALEN-2-YL}SULFONYL)-D-GLUTAMIC ACID,,D-构型,需确认,未进入使用审计,0,0,,结构可能合理，但单体身份、偶联条件或复杂度证据不足，暂不进入研发候选库,分子量超过300 Da，需确认偶联、脱保护和总环肽体积负担；杂原子较多，可能带来较高极性或多重保护需求；CCD未指定标准氨基酸母体,C23 H19 F N2 O7 S,486.47,,non-polymer,3,c1cc(c(cc1C#N)F)COc2ccc3cc(ccc3c2)S(=O)(=O)N[C@H](CCC(=O)O)C(=O)O,https://www.rcsb.org/ligand/LKM,https://www.ebi.ac.uk/pdbe/static/files/pdbechem_v2/LKM_500.svg
排除,P3,LMK,trimethyl-[(2~{R})-1-oxidanyl-1-oxidanylidene-4-[(2~{S})-2-[(1~{S})-1-oxidanyloctadecoxy]-3-[(1~{R})-1-oxidanyloctadecoxy]propoxy]butan-2-yl]azanium,,其他候选,否,未进入使用审计,0,0,,分子量超过500 Da，优先判断为复杂整分子,分子量超过300 Da，需确认偶联、脱保护和总环肽体积负担；杂原子较多，可能带来较高极性或多重保护需求；CCD未指定标准氨基酸母体,C46 H94 N O7,773.241,,NON-POLYMER,1,CCCCCCCCCCCCCCCCC[C@H](O)OC[C@H](COCC[C@H](C(=O)O)[N+](C)(C)C)O[C@@H](CCCCCCCCCCCCCCCCC)O,https://www.rcsb.org/ligand/LMK,https://www.ebi.ac.uk/pdbe/static/files/pdbechem_v2/LMK_500.svg
排除,P3,LMP,"(2~{S},3~{R},4~{S})-2-[(2~{S},3~{R})-1,3-bis(oxidanyl)-1-oxidanylidene-butan-2-yl]-4-[(3~{S},5~{S})-5-(dimethylcarbamoy l)pyrrolidin-3-yl]sulfanyl-3-methyl-3,4-dihydro-2~{H}-pyrrole-5-carboxylic acid",Hydrolyzed Meropenem,其他候选,否,未进入使用审计,0,0,,名称明确提示药物、抗生素或反应中间体,分子量超过300 Da，需确认偶联、脱保护和总环肽体积负担；杂原子较多，可能带来较高极性或多重保护需求；含预先形成的酰胺键，需确认主链氨基是否仍可偶联；CCD未指定标准氨基酸母体,C17 H27 N3 O6 S,401.478,,NON-POLYMER,2,C[C@H]1[C@@H](C(=N[C@H]1[C@@H]([C@@H](C)O)C(=O)O)C(=O)O)S[C@H]2C[C@H](NC2)C(=O)N(C)C,https://www.rcsb.org/ligand/LMP,https://www.ebi.ac.uk/pdbe/static/files/pdbechem_v2/LMP_500.svg
暂缓,P3,LN1,"(3R)-4-{[(3,4-dihydroxyphenyl)acetyl]oxy}-N-(2-formylindolizin-3-yl)-3-sulfino-D-valine",,D-构型,需确认,未进入使用审计,0,0,,结构可能合理，但单体身份、偶联条件或复杂度证据不足，暂不进入研发候选库,分子量超过300 Da，需确认偶联、脱保护和总环肽体积负担；杂原子较多，可能带来较高极性或多重保护需求；CCD未指定标准氨基酸母体,C22 H22 N2 O9 S,490.483,,NON-POLYMER,1,C[C@](COC(=O)Cc1ccc(c(c1)O)O)([C@H](C(=O)O)Nc2c(cc3n2cccc3)C=O)[S@@](=O)O,https://www.rcsb.org/ligand/LN1,https://www.ebi.ac.uk/pdbe/static/files/pdbechem_v2/LN1_500.svg
排除,P3,LOR,LORACABEF (Open form),"(3S,6R)-6-[(1S)-1-{[(2R)-2-amino-2-phenylacetyl]amino}-2-oxoethyl]-3-chloro-3,4,5,6-tetrahydropyridine-2-carboxylic acid",卤代/电子调节,否,未进入使用审计,0,0,,名称明确提示药物、抗生素或反应中间体,分子量超过300 Da，需确认偶联、脱保护和总环肽体积负担；含预先形成的酰胺键，需确认主链氨基是否仍可偶联；CCD未指定标准氨基酸母体,C16 H18 Cl N3 O4,351.785,,NON-POLYMER,1,c1ccc(cc1)[C@H](C(=O)N[C@H](C=O)[C@H]2CCC(=C(N2)C(=O)O)Cl)N,https://www.rcsb.org/ligand/LOR,https://www.ebi.ac.uk/pdbe/static/files/pdbechem_v2/LOR_500.svg
暂缓,P3,LPI,N-({3-hydroxy-2-methyl-5-[(phosphonooxy)methyl]pyridin-4-yl}methyl)-L-methionine,,芳香/疏水侧链,需确认,未进入使用审计,0,0,,结构可能合理，但单体身份、偶联条件或复杂度证据不足，暂不进入研发候选库,分子量超过300 Da，需确认偶联、脱保护和总环肽体积负担；杂原子较多，可能带来较高极性或多重保护需求；含磷酸/膦酸相关结构，通常不利于被动跨膜；CCD未指定标准氨基酸母体,C13 H21 N2 O7 P S,380.354,,NON-POLYMER,1,Cc1c(c(c(cn1)COP(=O)(O)O)CN[C@@H](CCSC)C(=O)O)O,https://www.rcsb.org/ligand/LPI,https://www.ebi.ac.uk/pdbe/static/files/pdbechem_v2/LPI_500.svg
排除,P3,LPR,[N2-[(S)-1-CARBOXY-3-PHENYLPROPYL]-L-LYSYL-L-PROLINE,LISINOPRIL,构象限制,否,未进入使用审计,0,0,,名称明确为二肽/寡肽片段，不是单个氨基酸残基,分子量超过300 Da，需确认偶联、脱保护和总环肽体积负担；含预先形成的酰胺键，需确认主链氨基是否仍可偶联；CCD未指定标准氨基酸母体,C21 H31 N3 O5,405.488,,NON-POLYMER,1,c1ccc(cc1)CC[C@@H](C(=O)O)N[C@@H](CCCCN)C(=O)N2CCC[C@H]2C(=O)O,https://www.rcsb.org/ligand/LPR,https://www.ebi.ac.uk/pdbe/static/files/pdbechem_v2/LPR_500.svg
排除,P3,LSW,N~2~-[(1S)-1-carboxy-3-phenylpropyl]-L-lysyl-L-tryptophan,,芳香/疏水侧链,否,未进入使用审计,0,0,,名称明确为二肽/寡肽片段，不是单个氨基酸残基,分子量超过300 Da，需确认偶联、脱保护和总环肽体积负担；含预先形成的酰胺键，需确认主链氨基是否仍可偶联；CCD未指定标准氨基酸母体,C27 H34 N4 O5,494.583,,NON-POLYMER,1,c1ccc(cc1)CC[C@@H](C(=O)O)N[C@@H](CCCCN)C(=O)N[C@@H](Cc2c[nH]c3c2cccc3)C(=O)O,https://www.rcsb.org/ligand/LSW,https://www.ebi.ac.uk/pdbe/static/files/pdbechem_v2/LSW_500.svg
暂缓,P3,LTE,"1-[3-[(2~{R},3~{S},4~{R},5~{R})-5-(6-aminopurin-9-yl)-3,4-bis(oxidanyl)oxolan-2-yl]propyl]-3-[(4~{S})-4-azanyl-5-oxidanylidene-pentyl]guanidine",,其他候选,需确认,未进入使用审计,0,0,,结构可能合理，但单体身份、偶联条件或复杂度证据不足，暂不进入研发候选库,分子量超过300 Da，需确认偶联、脱保护和总环肽体积负担；杂原子较多，可能带来较高极性或多重保护需求；CCD未指定标准氨基酸母体,C18 H29 N9 O5,451.48,,NON-POLYMER,1,[H]/N=C(/NCCC[C@@H]1[C@H]([C@H]([C@@H](O1)n2cnc3c2ncnc3N)O)O)\NCCC[C@@H](C(=O)O)N,https://www.rcsb.org/ligand/LTE,https://www.ebi.ac.uk/pdbe/static/files/pdbechem_v2/LTE_500.svg
排除,P3,LTX,"(5~{S},6~{R},7~{E},9~{E},11~{Z},14~{Z})-6-[(2~{R})-2-[[(4~{S})-4-azanyl-5-oxidanyl-5-oxidanylidene-pentanoyl]amino]-3-( 2-hydroxy-2-oxoethylamino)-3-oxidanylidene-propyl]sulfanyl-5-oxidanyl-icosa-7,9,11,14-tetraenoic acid",Leukotriene C4,其他候选,否,未进入使用审计,0,0,,分子量超过500 Da，优先判断为复杂整分子,分子量超过300 Da，需确认偶联、脱保护和总环肽体积负担；杂原子较多，可能带来较高极性或多重保护需求；含预先形成的酰胺键，需确认主链氨基是否仍可偶联；CCD未指定标准氨基酸母体,C30 H47 N3 O9 S,625.774,,NON-POLYMER,1,CCCCC/C=C\C/C=C\C=C\C=C\[C@H]([C@H](CCCC(=O)O)O)SC[C@@H](C(=O)NCC(=O)O)NC(=O)CC[C@@H](C(=O)O)N,https://www.rcsb.org/ligand/LTX,https://www.ebi.ac.uk/pdbe/static/files/pdbechem_v2/LTX_500.svg
暂缓,P3,LW8,"trimethyl-[(2S)-1-oxidanyl-1-oxidanylidene-3-(2-sulfanylidene-1,3-dihydroimidazol-4-yl)propan-2-yl]azanium",,其他候选,需确认,未进入使用审计,0,0,,结构可能合理，但单体身份、偶联条件或复杂度证据不足，暂不进入研发候选库,CCD未指定标准氨基酸母体,C9 H16 N3 O2 S,230.307,,NON-POLYMER,1,C[N+](C)(C)[C@@H](CC1=CNC(=S)N1)C(=O)O,https://www.rcsb.org/ligand/LW8,https://www.ebi.ac.uk/pdbe/static/files/pdbechem_v2/LW8_500.svg
暂缓,P3,LX0,"4-(4-amino-6-{[(1R)-1-naphthalen-2-ylethyl]amino}-1,3,5-triazin-2-yl)-L-phenylalanine",,芳香/疏水侧链,需确认,未进入使用审计,0,0,,结构可能合理，但单体身份、偶联条件或复杂度证据不足，暂不进入研发候选库,分子量超过300 Da，需确认偶联、脱保护和总环肽体积负担；杂原子较多，可能带来较高极性或多重保护需求；CCD未指定标准氨基酸母体,C24 H24 N6 O2,428.486,,NON-POLYMER,1,C[C@H](c1ccc2ccccc2c1)Nc3nc(nc(n3)N)c4ccc(cc4)C[C@@H](C(=O)O)N,https://www.rcsb.org/ligand/LX0,https://www.ebi.ac.uk/pdbe/static/files/pdbechem_v2/LX0_500.svg
暂缓,P3,LY5,"(3S,4aR,6S,8aR)-6-{[(2S)-2-carboxy-4,4-difluoropyrrolidin-1-yl]methyl}decahydroisoquinoline-3-carboxylic acid",LY466195,卤代/电子调节,需确认,未进入使用审计,0,0,,结构可能合理，但单体身份、偶联条件或复杂度证据不足，暂不进入研发候选库,分子量超过300 Da，需确认偶联、脱保护和总环肽体积负担；CCD未指定标准氨基酸母体,C16 H24 F2 N2 O4,346.37,,NON-POLYMER,1,C1C[C@H]2CN[C@@H](C[C@H]2C[C@H]1CN3CC(C[C@H]3C(=O)O)(F)F)C(=O)O,https://www.rcsb.org/ligand/LY5,https://www.ebi.ac.uk/pdbe/static/files/pdbechem_v2/LY5_500.svg
排除,P3,LZ6,L-gamma-glutamyl-S-(2-{[4-(3-carboxypropyl)phenyl](2-chloroethyl)amino}ethyl)-L-cysteinylglycine,Chlorambucil-Glutathione Conjugate,卤代/电子调节,否,未进入使用审计,0,0,,名称提示核苷酸、辅因子或整分子缀合物；分子量超过500 Da，优先判断为复杂整分子,分子量超过300 Da，需确认偶联、脱保护和总环肽体积负担；杂原子较多，可能带来较高极性或多重保护需求；含预先形成的酰胺键，需确认主链氨基是否仍可偶联；CCD未指定标准氨基酸母体,C24 H35 Cl N4 O8 S,575.075,,NON-POLYMER,1,c1cc(ccc1CCCC(=O)O)N(CCSC[C@@H](C(=O)NCC(=O)O)NC(=O)CC[C@@H](C(=O)O)N)CCCl,https://www.rcsb.org/ligand/LZ6,https://www.ebi.ac.uk/pdbe/static/files/pdbechem_v2/LZ6_500.svg
暂缓,P3,M11,"N^6^-[(1R,2S)-1-({[(1R)-1-carboxy-2-methylpropyl]oxy}carbonyl)-2-sulfanylpropyl]-6-oxo-L-lysine",,其他候选,需确认,未进入使用审计,0,0,,结构可能合理，但单体身份、偶联条件或复杂度证据不足，暂不进入研发候选库,分子量超过300 Da，需确认偶联、脱保护和总环肽体积负担；杂原子较多，可能带来较高极性或多重保护需求；CCD未指定标准氨基酸母体,C15 H26 N2 O7 S,378.441,,non-polymer,1,CC(C)[C@H](C(=O)O)OC(=O)[C@H]([C@H](C)S)NC(=O)CCC[C@@H](C(=O)O)N,https://www.rcsb.org/ligand/M11,https://www.ebi.ac.uk/pdbe/static/files/pdbechem_v2/M11_500.svg
暂缓,P3,M2W,DELTA-(L-ALPHA-AMINOADIPOYL)-L-CYSTEINYL-O-METHYL-D-THREONINE,,D-构型,需确认,未进入使用审计,0,0,,结构可能合理，但单体身份、偶联条件或复杂度证据不足，暂不进入研发候选库,分子量超过300 Da，需确认偶联、脱保护和总环肽体积负担；杂原子较多，可能带来较高极性或多重保护需求；CCD未指定标准氨基酸母体,C14 H25 N3 O7 S,379.429,,non-polymer,1,C[C@@H]([C@H](C(=O)O)NC(=O)[C@H](CS)NC(=O)CCC[C@@H](C(=O)O)N)OC,https://www.rcsb.org/ligand/M2W,https://www.ebi.ac.uk/pdbe/static/files/pdbechem_v2/M2W_500.svg
排除,P3,M43,(17[2]S)-17[2]-methylthio-coenzyme F43,,其他候选,否,未进入使用审计,0,0,,含金属元素，不属于常规肽合成单体；名称提示核苷酸、辅因子或整分子缀合物；分子量超过500 Da，优先判断为复杂整分子,分子量超过300 Da，需确认偶联、脱保护和总环肽体积负担；杂原子较多，可能带来较高极性或多重保护需求；含预先形成的酰胺键，需确认主链氨基是否仍可偶联；CCD未指定标准氨基酸母体,C43 H53 N6 Ni O13 S,952.672,,NON-POLYMER,3,C[C@@]12CC(=O)N[C@@]13C[C@H]4[C@H]([C@](C5=[N]4[Ni+]67[N]3=C([C@H]2CCC(=O)O)C=C8N6C(=C9C1=[N]7[C@H](C5)[C@H]([C@@H]1C[C@@H](C9=O)SC)CC(=O)O)[C@H]([C@@H]8CC(=O)O)CCC(=O)O)(C)CC(=O)N)CCC(=O)O,https://www.rcsb.org/ligand/M43,https://www.ebi.ac.uk/pdbe/static/files/pdbechem_v2/M43_500.svg
暂缓,P3,M6K,"(4-{[(5S)-3-(4-carbamimidoylphenyl)-4,5-dihydro-1,2-oxazol-5-yl]methyl}piperazin-1-yl)acetic acid",,芳香/疏水侧链,需确认,未进入使用审计,0,0,,结构可能合理，但单体身份、偶联条件或复杂度证据不足，暂不进入研发候选库,分子量超过300 Da，需确认偶联、脱保护和总环肽体积负担；杂原子较多，可能带来较高极性或多重保护需求；CCD未指定标准氨基酸母体,C17 H23 N5 O3,345.396,,non-polymer,1,[H]/N=C(\c1ccc(cc1)C2=NO[C@@H](C2)CN3CCN(CC3)CC(=O)O)/N,https://www.rcsb.org/ligand/M6K,https://www.ebi.ac.uk/pdbe/static/files/pdbechem_v2/M6K_500.svg
排除,P3,M8F,N-[(5S)-5-amino-5-carboxypentanoyl]-L-cysteinyl-D-methionine,L-D-(A-aminoadipoyl)-L-cysteinyl-D-methionine,D-构型,否,未进入使用审计,0,0,,名称明确为二肽/寡肽片段，不是单个氨基酸残基,分子量超过300 Da，需确认偶联、脱保护和总环肽体积负担；杂原子较多，可能带来较高极性或多重保护需求；CCD未指定标准氨基酸母体,C14 H25 N3 O6 S2,395.495,,NON-POLYMER,1,CSCC[C@H](C(=O)O)NC(=O)[C@H](CS)NC(=O)CCC[C@@H](C(=O)O)N,https://www.rcsb.org/ligand/M8F,https://www.ebi.ac.uk/pdbe/static/files/pdbechem_v2/M8F_500.svg
暂缓,P3,M8R,(2~{S})-2-(9~{H}-fluoren-9-ylmethoxycarbonylamino)-3-(4-oxidanylidene-5~{H}-pyrimidin-2-yl)propanoic acid,,其他候选,需确认,未进入使用审计,0,0,,结构可能合理，但单体身份、偶联条件或复杂度证据不足，暂不进入研发候选库,分子量超过300 Da，需确认偶联、脱保护和总环肽体积负担；含预先形成的酰胺键，需确认主链氨基是否仍可偶联；CCD未指定标准氨基酸母体,C22 H19 N3 O5,405.403,,non-polymer,3,c1ccc2c(c1)-c3ccccc3C2COC(=O)N[C@@H](CC4=NC(=O)CC=N4)C(=O)O,https://www.rcsb.org/ligand/M8R,https://www.ebi.ac.uk/pdbe/static/files/pdbechem_v2/M8R_500.svg
暂缓,P3,M9F,(2S)-2-AMINO-6-[[(2R)-1-[[(2S)-1-HYDROXY-3-METHYLSULFANYL-1-OXO-BUTAN-2-YL]AMINO]-1-OXO-3-SULFANYL-PROPAN-2-YL]AMINO]-6-OXO-HEXANOIC ACID,,其他候选,需确认,未进入使用审计,0,0,,结构可能合理，但单体身份、偶联条件或复杂度证据不足，暂不进入研发候选库,分子量超过300 Da，需确认偶联、脱保护和总环肽体积负担；杂原子较多，可能带来较高极性或多重保护需求；CCD未指定标准氨基酸母体,C14 H25 N3 O6 S2,395.495,,NON-POLYMER,1,CC([C@H](C(=O)O)NC(=O)[C@H](CS)NC(=O)CCC[C@@H](C(=O)O)N)SC,https://www.rcsb.org/ligand/M9F,https://www.ebi.ac.uk/pdbe/static/files/pdbechem_v2/M9F_500.svg
暂缓,P3,MBH,(1R)-1-benzyl-1-(carboxymethyl)-1-methyldiazanium,,其他候选,需确认,未进入使用审计,0,0,,结构可能合理，但单体身份、偶联条件或复杂度证据不足，暂不进入研发候选库,CCD未指定标准氨基酸母体,C10 H15 N2 O2,195.238,,NON-POLYMER,1,C[N@@+](Cc1ccccc1)(CC(=O)O)N,https://www.rcsb.org/ligand/MBH,https://www.ebi.ac.uk/pdbe/static/files/pdbechem_v2/MBH_500.svg
暂缓,P3,MBS,"R-2-{[4'-METHOXY-(1,1'-BIPHENYL)-4-YL]-SULFONYL}-AMINO-6-METHOXY-HEX-4-YNOIC ACID",,芳香/疏水侧链,需确认,未进入使用审计,0,0,,结构可能合理，但单体身份、偶联条件或复杂度证据不足，暂不进入研发候选库,分子量超过300 Da，需确认偶联、脱保护和总环肽体积负担；杂原子较多，可能带来较高极性或多重保护需求；CCD未指定标准氨基酸母体,C20 H21 N O6 S,403.449,,NON-POLYMER,1,COCC#CC[C@H](C(=O)O)NS(=O)(=O)c1ccc(cc1)c2ccc(cc2)OC,https://www.rcsb.org/ligand/MBS,https://www.ebi.ac.uk/pdbe/static/files/pdbechem_v2/MBS_500.svg
暂缓,P3,MCP,2-CARBOXY-4-METHYLPIPERIDINE,,其他候选,需确认,未进入使用审计,0,0,,结构可能合理，但单体身份、偶联条件或复杂度证据不足，暂不进入研发候选库,CCD未指定标准氨基酸母体,C7 H13 N O2,143.184,,NON-POLYMER,1,C[C@@H]1CCN[C@H](C1)C(=O)O,https://www.rcsb.org/ligand/MCP,https://www.ebi.ac.uk/pdbe/static/files/pdbechem_v2/MCP_500.svg
排除,P3,MD9,Magnesium deuteroporphyrin IX,,其他候选,否,未进入使用审计,0,0,,含金属元素，不属于常规肽合成单体；分子量超过500 Da，优先判断为复杂整分子,分子量超过300 Da，需确认偶联、脱保护和总环肽体积负担；CCD未指定标准氨基酸母体,C30 H28 Mg N4 O4,532.873,,NON-POLYMER,4,Cc1c2n3c(c1CCC(=O)O)C=C4C(=C(C5=[N]4[Mg]36[N]7=C(C=C8N6C(=C5)C(=C8)C)C(=CC7=C2)C)C)CCC(=O)O,https://www.rcsb.org/ligand/MD9,https://www.ebi.ac.uk/pdbe/static/files/pdbechem_v2/MD9_500.svg
暂缓,P3,MDZ,N~6~-METHYL-6-OXO-L-LYSINE - 2-[(3-MERCAPTOBUTANOYL)OXY]-3-METHYLBUTANOIC ACID,,其他候选,需确认,未进入使用审计,0,0,,结构可能合理，但单体身份、偶联条件或复杂度证据不足，暂不进入研发候选库,分子量超过300 Da，需确认偶联、脱保护和总环肽体积负担；杂原子较多，可能带来较高极性或多重保护需求；CCD未指定标准氨基酸母体,C15 H26 N2 O7 S,378.441,,NON-POLYMER,1,CC(C)[C@H](C(=O)O)OC(=O)[C@H]([C@@H](C)S)NC(=O)CCC[C@@H](C(=O)O)N,https://www.rcsb.org/ligand/MDZ,https://www.ebi.ac.uk/pdbe/static/files/pdbechem_v2/MDZ_500.svg
暂缓,P3,MEL,[((1R)-2-{(2S)-2-[({4-[AMINO(IMINO)METHYL]BENZYL}AMINO)CARBONYL]AZETIDINYL}-1-CYCLOHEXYL-2-OXOETHYL)AMINO]ACETIC ACID,MELAGATRAN (ASTRA-ZENECA),构象限制,需确认,未进入使用审计,0,0,,结构可能合理，但单体身份、偶联条件或复杂度证据不足，暂不进入研发候选库,分子量超过300 Da，需确认偶联、脱保护和总环肽体积负担；杂原子较多，可能带来较高极性或多重保护需求；CCD未指定标准氨基酸母体,C22 H31 N5 O4,429.513,,NON-POLYMER,1,c1cc(ccc1CNC(=O)[C@@H]2CCN2C(=O)[C@@H](C3CCCCC3)NCC(=O)O)C(=N)N,https://www.rcsb.org/ligand/MEL,https://www.ebi.ac.uk/pdbe/static/files/pdbechem_v2/MEL_500.svg
暂缓,P3,MER,"(4R,5S)-3-{[(3S,5S)-5-(dimethylcarbamoyl)pyrrolidin-3-yl]sulfanyl}-5-[(2S,3R)-3-hydroxy-1-oxobutan-2-yl]-4-methyl-4,5-d ihydro-1H-pyrrole-2-carboxylic acid","Meropenem, bound form",D-构型,需确认,未进入使用审计,0,0,,结构可能合理，但单体身份、偶联条件或复杂度证据不足，暂不进入研发候选库,分子量超过300 Da，需确认偶联、脱保护和总环肽体积负担；含预先形成的酰胺键，需确认主链氨基是否仍可偶联；CCD未指定标准氨基酸母体,C17 H27 N3 O5 S,385.478,,NON-POLYMER,1,C[C@@H]1[C@@H](NC(=C1S[C@H]2C[C@H](NC2)C(=O)N(C)C)C(=O)O)[C@H](C=O)[C@@H](C)O,https://www.rcsb.org/ligand/MER,https://www.ebi.ac.uk/pdbe/static/files/pdbechem_v2/MER_500.svg
暂缓,P3,MGJ,N-(carboxymethyl)-N-(3-phenylpropyl)glycyl-N-methyl-L-histidinamide,[{[(S)-2-(1H-Imidazol-4-yl)-1-methylcarbamoyl-ethylcarbamoyl]-methyl}-(3-phenyl-propyl)-amino]-acetic acid,N-取代,需确认,未进入使用审计,0,0,,结构可能合理，但单体身份、偶联条件或复杂度证据不足，暂不进入研发候选库,分子量超过300 Da，需确认偶联、脱保护和总环肽体积负担；杂原子较多，可能带来较高极性或多重保护需求；CCD未指定标准氨基酸母体,C20 H27 N5 O4,401.459,,NON-POLYMER,1,CNC(=O)[C@H](Cc1c[nH]cn1)NC(=O)C[N@](CCCc2ccccc2)CC(=O)O,https://www.rcsb.org/ligand/MGJ,https://www.ebi.ac.uk/pdbe/static/files/pdbechem_v2/MGJ_500.svg
排除,P3,MGK,methyl N-(carboxymethyl)-N-(3-phenylpropyl)glycyl-L-histidinate,((S)-2-{2-[Carboxymethyl-(3-phenyl-propyl)-amino]-acetylamino}-3-(1H-imidazol-4-yl)-propionic acid methyl ester,芳香/疏水侧链,否,未进入使用审计,0,0,,羧基以酯形式封闭，不能直接作为普通肽键偶联单体,分子量超过300 Da，需确认偶联、脱保护和总环肽体积负担；CCD未指定标准氨基酸母体,C20 H26 N4 O5,402.444,,NON-POLYMER,1,COC(=O)[C@H](Cc1cnc[nH]1)NC(=O)C[N@](CCCc2ccccc2)CC(=O)O,https://www.rcsb.org/ligand/MGK,https://www.ebi.ac.uk/pdbe/static/files/pdbechem_v2/MGK_500.svg
排除,P3,MGW,methyl N-(carboxymethyl)-N-(2-phenylethyl)glycyl-L-histidinate,( (S)-2-[2-(Carboxymethyl-phenethyl-amino)-acetylamino]-3-(1H-imidazol-4-yl)-propionic acid methyl ester,芳香/疏水侧链,否,未进入使用审计,0,0,,羧基以酯形式封闭，不能直接作为普通肽键偶联单体,分子量超过300 Da，需确认偶联、脱保护和总环肽体积负担；CCD未指定标准氨基酸母体,C19 H24 N4 O5,388.418,,NON-POLYMER,1,COC(=O)[C@H](Cc1cnc[nH]1)NC(=O)C[N@@](CCc2ccccc2)CC(=O)O,https://www.rcsb.org/ligand/MGW,https://www.ebi.ac.uk/pdbe/static/files/pdbechem_v2/MGW_500.svg
暂缓,P3,MHI,L-ALA-GAMMA-D-GLU-MESO-DIAMINOPIMELIC ACID,,D-构型,需确认,未进入使用审计,0,0,,结构可能合理，但单体身份、偶联条件或复杂度证据不足，暂不进入研发候选库,分子量超过300 Da，需确认偶联、脱保护和总环肽体积负担；杂原子较多，可能带来较高极性或多重保护需求；含预先形成的酰胺键，需确认主链氨基是否仍可偶联；CCD未指定标准氨基酸母体,C15 H26 N4 O8,390.389,,non-polymer,1,C[C@@H](C(=O)N[C@H](CCC(=O)N[C@@H](CCC[C@H](C(=O)O)N)C(=O)O)C(=O)O)N,https://www.rcsb.org/ligand/MHI,https://www.ebi.ac.uk/pdbe/static/files/pdbechem_v2/MHI_500.svg
排除,P3,MI9,Oxomolybdenum Mesoporphyrin IX,,其他候选,否,未进入使用审计,0,0,,含金属元素，不属于常规肽合成单体；分子量超过500 Da，优先判断为复杂整分子,分子量超过300 Da，需确认偶联、脱保护和总环肽体积负担；CCD未指定标准氨基酸母体,C34 H36 Mo N4 O5,676.613,,NON-POLYMER,4,CCc1c(c2n3c1C=C4C(=C(C5=[N]4[Mo]36(=O)[N]7=C(C=C8N6C(=C5)C(=C8C)CCC(=O)O)C(=C(C7=C2)CC)C)CCC(=O)O)C)C,https://www.rcsb.org/ligand/MI9,https://www.ebi.ac.uk/pdbe/static/files/pdbechem_v2/MI9_500.svg
暂缓,P3,MJX,{4-[4-(4-carbamimidoylphenyl)piperazin-1-yl]piperidin-1-yl}acetic acid,,芳香/疏水侧链,需确认,未进入使用审计,0,0,,结构可能合理，但单体身份、偶联条件或复杂度证据不足，暂不进入研发候选库,分子量超过300 Da，需确认偶联、脱保护和总环肽体积负担；杂原子较多，可能带来较高极性或多重保护需求；CCD未指定标准氨基酸母体,C18 H27 N5 O2,345.439,,non-polymer,1,[H]/N=C(\c1ccc(cc1)N2CCN(CC2)C3CCN(CC3)CC(=O)O)/N,https://www.rcsb.org/ligand/MJX,https://www.ebi.ac.uk/pdbe/static/files/pdbechem_v2/MJX_500.svg
排除,P3,MJZ,"(2S,3S,4R,5R,6R)-5-(acetylamino)-4-amino-6-{[(R)-{[(R)-{[(2R,3S,4R,5R)-5-(2,4-dioxo-3,4-dihydropyrimidin-1(2H)-yl)-3,4-dihydroxytetrahydrofuran-2-yl]methoxy}(hydroxy)phosphoryl]oxy}(hydroxy)phosphoryl]oxy}-3-hydroxytetrahydro-2H-pyran-2-carboxylic acid",,其他候选,否,未进入使用审计,0,0,,分子量超过500 Da，优先判断为复杂整分子,分子量超过300 Da，需确认偶联、脱保护和总环肽体积负担；杂原子较多，可能带来较高极性或多重保护需求；含磷酸/膦酸相关结构，通常不利于被动跨膜；含预先形成的酰胺键，需确认主链氨基是否仍可偶联；CCD未指定标准氨基酸母体,C17 H26 N4 O17 P2,620.352,,NON-POLYMER,3,CC(=O)N[C@@H]1[C@H]([C@@H]([C@H](O[C@@H]1O[P@@](=O)(O)O[P@](=O)(O)OC[C@@H]2[C@H]([C@H]([C@@H](O2)N3C=CC(=O)NC3=O)O)O)C(=O)O)O)N,https://www.rcsb.org/ligand/MJZ,https://www.ebi.ac.uk/pdbe/static/files/pdbechem_v2/MJZ_500.svg
排除,P3,ML0,"4-{2-amino-6-[(1R)-2,2,2-trifluoro-1-(3'-fluorobiphenyl-4-yl)ethoxy]pyrimidin-4-yl}-L-phenylalanine",(S)-2-Amino-3-(4-{2-amino-6-[(S)-1-(3'-fluoro-biphenyl-4-yl)-ethoxy]-pyrimidin-4-yl}-phenyl)-propionic acid,卤代/电子调节,否,未进入使用审计,0,0,,分子量超过500 Da，优先判断为复杂整分子,分子量超过300 Da，需确认偶联、脱保护和总环肽体积负担；CCD未指定标准氨基酸母体,C27 H22 F4 N4 O3,526.482,,NON-POLYMER,1,c1cc(cc(c1)F)c2ccc(cc2)[C@H](C(F)(F)F)Oc3cc(nc(n3)N)c4ccc(cc4)C[C@@H](C(=O)O)N,https://www.rcsb.org/ligand/ML0,https://www.ebi.ac.uk/pdbe/static/files/pdbechem_v2/ML0_500.svg
暂缓,P3,ML4,4-(5-{[(2'-methylbiphenyl-2-yl)methyl]amino}pyrazin-2-yl)-L-phenylalanine,(S)-2-Amino-3-(4-{5-[(2'-methyl-biphenyl-2-ylmethyl)-amino]-pyrazin-2-yl}-phenyl)-propionic acid,芳香/疏水侧链,需确认,未进入使用审计,0,0,,结构可能合理，但单体身份、偶联条件或复杂度证据不足，暂不进入研发候选库,分子量超过300 Da，需确认偶联、脱保护和总环肽体积负担；CCD未指定标准氨基酸母体,C27 H26 N4 O2,438.521,,NON-POLYMER,1,Cc1ccccc1c2ccccc2CNc3cnc(cn3)c4ccc(cc4)C[C@@H](C(=O)O)N,https://www.rcsb.org/ligand/ML4,https://www.ebi.ac.uk/pdbe/static/files/pdbechem_v2/ML4_500.svg
排除,P3,MLD,"GLCNAC(BETA1-4)-MURNAC(1,6-ANHYDRO)-L-ALA-GAMMA-D-GLU-MESO-A2PM-D-ALA","2-ACETAMIDO-2-DEOXY-BETA-D-GLUCOPYRANOSE(BETA1-4)-2-ACETAMIDO-1,6-ANHYDRO-3-O-[(R)-1-CARBOXYETHYL]-2-DEOXY-BETA-D-GLUCOPYRANOSE-L-ALANYL-GAMMA-D-GLUTAMYL-MESO-DIAMINOPIMELYL-D-ALANINE",D-构型,否,未进入使用审计,0,0,,分子量超过500 Da，优先判断为复杂整分子；含多个酰胺键，更像多残基/整分子片段而非独立单体,分子量超过300 Da，需确认偶联、脱保护和总环肽体积负担；杂原子较多，可能带来较高极性或多重保护需求；含预先形成的酰胺键，需确认主链氨基是否仍可偶联；CCD未指定标准氨基酸母体,C37 H59 N7 O20,921.899,,NON-POLYMER,1,C[C@@H](C(=O)N[C@H](CCC(=O)N[C@@H](CCC[C@H](C(=O)O)N)C(=O)N[C@H](C)C(=O)O)C(=O)O)NC(=O)[C@@H](C)O[C@@H]1[C@H]([C@@H]2OC[C@H]([C@H]1O[C@H]3[C@@H]([C@H]([C@@H]([C@H](O3)CO)O)O)NC(=O)C)O2)NC(=O)C,https://www.rcsb.org/ligand/MLD,https://www.ebi.ac.uk/pdbe/static/files/pdbechem_v2/MLD_500.svg
暂缓,P3,MN1,4-CARBOXYPIPERIDINE,,其他候选,需确认,未进入使用审计,0,0,,结构可能合理，但单体身份、偶联条件或复杂度证据不足，暂不进入研发候选库,CCD未指定标准氨基酸母体,C6 H11 N O2,129.157,,NON-POLYMER,3,C1CNCCC1C(=O)O,https://www.rcsb.org/ligand/MN1,https://www.ebi.ac.uk/pdbe/static/files/pdbechem_v2/MN1_500.svg
暂缓,P3,MN2,1-CARBOXYETHYLAMINOMETHYL-4-AMINOMETHYLBENZENE,,其他候选,需确认,未进入使用审计,0,0,,结构可能合理，但单体身份、偶联条件或复杂度证据不足，暂不进入研发候选库,CCD未指定标准氨基酸母体,C11 H17 N2 O2,209.265,,NON-POLYMER,2,c1cc(ccc1C[NH3+])CNCCC(=O)O,https://www.rcsb.org/ligand/MN2,https://www.ebi.ac.uk/pdbe/static/files/pdbechem_v2/MN2_500.svg
暂缓,P3,MO0,mannopine,,其他候选,需确认,未进入使用审计,0,0,,结构可能合理，但单体身份、偶联条件或复杂度证据不足，暂不进入研发候选库,分子量超过300 Da，需确认偶联、脱保护和总环肽体积负担；杂原子较多，可能带来较高极性或多重保护需求；含预先形成的酰胺键，需确认主链氨基是否仍可偶联；CCD未指定标准氨基酸母体,C11 H22 N2 O8,310.301,,NON-POLYMER,1,C(CC(=O)N)[C@@H](C(=O)O)NC[C@H]([C@H]([C@@H]([C@@H](CO)O)O)O)O,https://www.rcsb.org/ligand/MO0,https://www.ebi.ac.uk/pdbe/static/files/pdbechem_v2/MO0_500.svg
排除,P3,MP1,N-METHYLMESOPORPHYRIN CONTAINING COPPER,,N-取代,否,未进入使用审计,0,0,,含金属元素，不属于常规肽合成单体；分子量超过500 Da，优先判断为复杂整分子,分子量超过300 Da，需确认偶联、脱保护和总环肽体积负担；CCD未指定标准氨基酸母体,C35 H39 Cu N4 O4,643.255,,NON-POLYMER,4,CCC1=C(C2=CC3=C(C(=C4[N@]3([Cu]56[N]2=C1C=C7N5C(=CC8=[N]6C(=C4)C(=C8CCC(=O)O)C)C(=C7C)CCC(=O)O)C)C)CC)C,https://www.rcsb.org/ligand/MP1,https://www.ebi.ac.uk/pdbe/static/files/pdbechem_v2/MP1_500.svg
暂缓,P3,MPE,(1H-INDOL-3-YL)-(2-MERCAPTO-ETHOXYIMINO)-ACETIC ACID,,芳香/疏水侧链,需确认,未进入使用审计,0,0,,结构可能合理，但单体身份、偶联条件或复杂度证据不足，暂不进入研发候选库,CCD未指定标准氨基酸母体,C12 H14 N2 O3 S,266.316,,NON-POLYMER,1,c1ccc2c(c1)c(c[nH]2)[C@H](C(=O)O)NOCCS,https://www.rcsb.org/ligand/MPE,https://www.ebi.ac.uk/pdbe/static/files/pdbechem_v2/MPE_500.svg
排除,P3,MQW,"(4~{R})-2-[(1~{R})-1-[[(2~{S})-2-[[(2~{S})-3-methyl-2-[[(4~{Z},6~{S},9~{S},12~{S})-2,8,11-tris(oxidanylidene)-6,9-di(propan-2-yl)-1,4,7,10-tetrazabicyclo[10.3.0]pentadec-4-en-5-yl]amino]butanoyl]amino]-3-phenyl-propanoyl]amino]-3-oxidanyl-3-oxidanylidene-propyl]-4,5-dihydro-1,3-thiazole-4-carboxylic acid",,芳香/疏水侧链,否,未进入使用审计,0,0,,分子量超过500 Da，优先判断为复杂整分子；含多个酰胺键，更像多残基/整分子片段而非独立单体,分子量超过300 Da，需确认偶联、脱保护和总环肽体积负担；杂原子较多，可能带来较高极性或多重保护需求；含预先形成的酰胺键，需确认主链氨基是否仍可偶联；CCD未指定标准氨基酸母体,C38 H54 N8 O9 S,798.949,,non-polymer,1,CC(C)[C@H]1C(=O)N[C@H](/C(=N/CC(=O)N2CCC[C@H]2C(=O)N1)/N[C@@H](C(C)C)C(=O)N[C@@H](Cc3ccccc3)C(=O)N[C@H](CC(=O)O)C4=N[C@@H](CS4)C(=O)O)C(C)C,https://www.rcsb.org/ligand/MQW,https://www.ebi.ac.uk/pdbe/static/files/pdbechem_v2/MQW_500.svg
暂缓,P3,MV8,"(4-{[(5R)-3-(4-carbamimidoylphenyl)-2-oxo-1,3-oxazolidin-5-yl]methyl}piperazin-1-yl)acetic acid",,芳香/疏水侧链,需确认,未进入使用审计,0,0,,结构可能合理，但单体身份、偶联条件或复杂度证据不足，暂不进入研发候选库,分子量超过300 Da，需确认偶联、脱保护和总环肽体积负担；杂原子较多，可能带来较高极性或多重保护需求；CCD未指定标准氨基酸母体,C17 H23 N5 O4,361.396,,non-polymer,1,[H]/N=C(\c1ccc(cc1)N2C[C@H](OC2=O)CN3CCN(CC3)CC(=O)O)/N,https://www.rcsb.org/ligand/MV8,https://www.ebi.ac.uk/pdbe/static/files/pdbechem_v2/MV8_500.svg
暂缓,P3,MWI,Lotrafiban,"[(2S)-7-([4,4'-bipiperidine]-1-carbonyl)-4-methyl-3-oxo-2,3,4,5-tetrahydro-1H-1,4-benzodiazepin-2-yl]acetic acid",其他候选,需确认,未进入使用审计,0,0,,结构可能合理，但单体身份、偶联条件或复杂度证据不足，暂不进入研发候选库,分子量超过300 Da，需确认偶联、脱保护和总环肽体积负担；含预先形成的酰胺键，需确认主链氨基是否仍可偶联；CCD未指定标准氨基酸母体,C23 H32 N4 O4,428.525,,non-polymer,2,CN1Cc2cc(ccc2N[C@H](C1=O)CC(=O)O)C(=O)N3CCC(CC3)C4CCNCC4,https://www.rcsb.org/ligand/MWI,https://www.ebi.ac.uk/pdbe/static/files/pdbechem_v2/MWI_500.svg
暂缓,P3,MWO,"(4-{[(5S)-3-(piperidin-4-yl)-4,5-dihydro-1,2-oxazol-5-yl]methyl}piperazin-1-yl)acetic acid",,其他候选,需确认,未进入使用审计,0,0,,结构可能合理，但单体身份、偶联条件或复杂度证据不足，暂不进入研发候选库,分子量超过300 Da，需确认偶联、脱保护和总环肽体积负担；CCD未指定标准氨基酸母体,C15 H26 N4 O3,310.392,,non-polymer,1,C1CNCCC1C2=NO[C@@H](C2)CN3CCN(CC3)CC(=O)O,https://www.rcsb.org/ligand/MWO,https://www.ebi.ac.uk/pdbe/static/files/pdbechem_v2/MWO_500.svg
排除,P3,MX1,"(2R)-2-((R)-CARBOXY{[CARBOXY(4-HYDROXYPHENYL)ACETYL]AMINO}METHOXYMETHYL)-5-METHYLENE-5,6-DIHYDRO-2H-1,3-OXAZINE-4-CARBO XYLIC ACID",MOXALACTAM (HYDROLYZED),芳香/疏水侧链,否,未进入使用审计,0,0,,名称明确提示药物、抗生素或反应中间体,分子量超过300 Da，需确认偶联、脱保护和总环肽体积负担；杂原子较多，可能带来较高极性或多重保护需求；CCD未指定标准氨基酸母体,C18 H18 N2 O10,422.343,,NON-POLYMER,2,CO[C@]([C@@H]1N=C(C(=C)CO1)C(=O)O)(C(=O)O)NC(=O)[C@@H](c2ccc(cc2)O)C(=O)O,https://www.rcsb.org/ligand/MX1,https://www.ebi.ac.uk/pdbe/static/files/pdbechem_v2/MX1_500.svg
暂缓,P3,MXC,"(2S,3R)-2-[(7-aminocarbonyl-2-methanoyl-indolizin-3-yl)amino]-4-aminocarbonyloxy-3-methyl-3-sulfino-butanoic acid",,芳香/疏水侧链,需确认,未进入使用审计,0,0,,结构可能合理，但单体身份、偶联条件或复杂度证据不足，暂不进入研发候选库,分子量超过300 Da，需确认偶联、脱保护和总环肽体积负担；杂原子较多，可能带来较高极性或多重保护需求；含预先形成的酰胺键，需确认主链氨基是否仍可偶联；CCD未指定标准氨基酸母体,C16 H18 N4 O8 S,426.401,,NON-POLYMER,1,C[C@](COC(=O)N)([C@H](C(=O)O)Nc1c(cc2n1ccc(c2)C(=O)N)C=O)[S@](=O)O,https://www.rcsb.org/ligand/MXC,https://www.ebi.ac.uk/pdbe/static/files/pdbechem_v2/MXC_500.svg
排除,P3,MXF,"(2S,3R)-4-(2-aminoethylcarbamoyloxy)-2-[(2-methanoylindolizin-3-yl)amino]-3-methyl-3-sulfino-butanoic acid","penam sulfone SA3-53, open form",芳香/疏水侧链,否,未进入使用审计,0,0,,名称明确提示药物、抗生素或反应中间体,分子量超过300 Da，需确认偶联、脱保护和总环肽体积负担；杂原子较多，可能带来较高极性或多重保护需求；含预先形成的酰胺键，需确认主链氨基是否仍可偶联；CCD未指定标准氨基酸母体,C17 H22 N4 O7 S,426.444,,NON-POLYMER,1,C[C@](COC(=O)NCCN)([C@H](C(=O)O)Nc1c(cc2n1cccc2)C=O)[S@](=O)O,https://www.rcsb.org/ligand/MXF,https://www.ebi.ac.uk/pdbe/static/files/pdbechem_v2/MXF_500.svg
暂缓,P3,MXR,"(2S,3R,4S)-4-{[(3S,5R)-5-(dimethylcarbamoyl)pyrrolidin-3-yl]sulfanyl}-2-[(2S,3R)-3-hydroxy-1-oxobutan-2-yl]-3-methyl-3,4-dihydro-2H-pyrrole-5-carboxylic acid",meropenem bound form (tautomerism),其他候选,需确认,未进入使用审计,0,0,,结构可能合理，但单体身份、偶联条件或复杂度证据不足，暂不进入研发候选库,分子量超过300 Da，需确认偶联、脱保护和总环肽体积负担；含预先形成的酰胺键，需确认主链氨基是否仍可偶联；CCD未指定标准氨基酸母体,C17 H27 N3 O5 S,385.478,,NON-POLYMER,4,C[C@H]1[C@@H](C(=N[C@H]1[C@H](C=O)[C@@H](C)O)C(=O)O)S[C@H]2C[C@@H](NC2)C(=O)N(C)C,https://www.rcsb.org/ligand/MXR,https://www.ebi.ac.uk/pdbe/static/files/pdbechem_v2/MXR_500.svg
暂缓,P3,MXS,(2S)-2-[[2-methanoyl-7-(methoxycarbonylamino)indolizin-3-yl]amino]-3-methyl-3-sulfino-butanoic acid,,芳香/疏水侧链,需确认,未进入使用审计,0,0,,结构可能合理，但单体身份、偶联条件或复杂度证据不足，暂不进入研发候选库,分子量超过300 Da，需确认偶联、脱保护和总环肽体积负担；杂原子较多，可能带来较高极性或多重保护需求；CCD未指定标准氨基酸母体,C16 H19 N3 O7 S,397.403,,NON-POLYMER,1,CC(C)([C@H](C(=O)O)Nc1c(cc2n1ccc(c2)NC(=O)OC)C=O)[S@](=O)O,https://www.rcsb.org/ligand/MXS,https://www.ebi.ac.uk/pdbe/static/files/pdbechem_v2/MXS_500.svg
暂缓,P3,MZT,4-(Trimethylammonio)pentanoic acid,,其他候选,需确认,未进入使用审计,0,0,,结构可能合理，但单体身份、偶联条件或复杂度证据不足，暂不进入研发候选库,CCD未指定标准氨基酸母体,C8 H18 N O2,160.234,,non-polymer,3,C[C@H](CCC(=O)O)[N+](C)(C)C,https://www.rcsb.org/ligand/MZT,https://www.ebi.ac.uk/pdbe/static/files/pdbechem_v2/MZT_500.svg
暂缓,P3,N12,N-[(1R)-2-[(1-{[({6-[AMINO(IMINO)METHYL]PYRIDIN-3-YL}METHYL)AMINO]CARBONYL}CYCLOPENTYL)AMINO]-1-(CYCLOHEXYLMETHYL)-2-OXOETHYL]GLYCINE,,构象限制,需确认,未进入使用审计,0,0,,结构可能合理，但单体身份、偶联条件或复杂度证据不足，暂不进入研发候选库,分子量超过300 Da，需确认偶联、脱保护和总环肽体积负担；杂原子较多，可能带来较高极性或多重保护需求；CCD未指定标准氨基酸母体,C24 H36 N6 O4,472.58,,NON-POLYMER,1,[H]/N=C(\c1ccc(cn1)CNC(=O)C2(CCCC2)NC(=O)[C@@H](CC3CCCCC3)NCC(=O)O)/N,https://www.rcsb.org/ligand/N12,https://www.ebi.ac.uk/pdbe/static/files/pdbechem_v2/N12_500.svg
排除,P3,N21,"(2R)-2-[[4-[[4-[(Z)-(2,4-dioxo-1,3-thiazolidin-5-ylidene)methyl]phenoxy]methyl]phenyl]sulfonylamino]pentanedioic acid",,芳香/疏水侧链,否,未进入使用审计,0,0,,分子量超过500 Da，优先判断为复杂整分子,分子量超过300 Da，需确认偶联、脱保护和总环肽体积负担；杂原子较多，可能带来较高极性或多重保护需求；含预先形成的酰胺键，需确认主链氨基是否仍可偶联；CCD未指定标准氨基酸母体,C22 H20 N2 O9 S2,520.532,,non-polymer,3,c1cc(ccc1COc2ccc(cc2)\C=C/3\C(=O)NC(=O)S3)S(=O)(=O)N[C@H](CCC(=O)O)C(=O)O,https://www.rcsb.org/ligand/N21,https://www.ebi.ac.uk/pdbe/static/files/pdbechem_v2/N21_500.svg
排除,P3,N37,"9-{9-amino-6-[(3-carbamoylphenyl)ethynyl]-5,6,7,8,9-pentadeoxy-D-glycero-alpha-L-talo-decofuranuronosyl}-9H-purin-6-amine",,D-构型,否,未进入使用审计,0,0,,分子量超过500 Da，优先判断为复杂整分子,分子量超过300 Da，需确认偶联、脱保护和总环肽体积负担；杂原子较多，可能带来较高极性或多重保护需求；含预先形成的酰胺键，需确认主链氨基是否仍可偶联；CCD未指定标准氨基酸母体,C24 H27 N7 O6,509.514,,NON-POLYMER,1,c1cc(cc(c1)C(=O)N)C#C[C@@H](CC[C@@H](C(=O)O)N)C[C@@H]2[C@H]([C@H]([C@@H](O2)n3cnc4c3ncnc4N)O)O,https://www.rcsb.org/ligand/N37,https://www.ebi.ac.uk/pdbe/static/files/pdbechem_v2/N37_500.svg
排除,P3,N3E,"1-[3-(4-CARBOXYPIPERIDIN-1-YL)-3-DEOXY-BETA-D-ARABINOFURANOSYL]PYRIMIDINE-2,4(1H,3H)-DIONE",3-N-PIPERIDINE-4-CARBOXYL-3-DEOXY-ARA-URIDINE,D-构型,否,未进入使用审计,0,0,,名称提示核苷酸、辅因子或整分子缀合物,分子量超过300 Da，需确认偶联、脱保护和总环肽体积负担；杂原子较多，可能带来较高极性或多重保护需求；含预先形成的酰胺键，需确认主链氨基是否仍可偶联；CCD未指定标准氨基酸母体,C15 H21 N3 O7,355.343,,NON-POLYMER,3,C1CN(CCC1C(=O)O)[C@@H]2[C@H](O[C@H]([C@H]2O)N3C=CC(=O)NC3=O)CO,https://www.rcsb.org/ligand/N3E,https://www.ebi.ac.uk/pdbe/static/files/pdbechem_v2/N3E_500.svg
暂缓,P3,N5F,(2S)-2-[({3-hydroxy-2-methyl-5-[(phosphonooxy)methyl]pyridin-4-yl}methyl)amino]hexanedioic acid,,芳香/疏水侧链,需确认,未进入使用审计,0,0,,结构可能合理，但单体身份、偶联条件或复杂度证据不足，暂不进入研发候选库,分子量超过300 Da，需确认偶联、脱保护和总环肽体积负担；杂原子较多，可能带来较高极性或多重保护需求；含磷酸/膦酸相关结构，通常不利于被动跨膜；CCD未指定标准氨基酸母体,C14 H21 N2 O9 P,392.298,,NON-POLYMER,4,Cc1c(c(c(cn1)COP(=O)(O)O)CN[C@@H](CCCC(=O)O)C(=O)O)O,https://www.rcsb.org/ligand/N5F,https://www.ebi.ac.uk/pdbe/static/files/pdbechem_v2/N5F_500.svg
暂缓,P3,NA9,N-(CARBOXYMETHYL)-3-CYCLOHEXYL-D-ALANYL-N-({6-[AMINO(IMINO)METHYL]PYRIDIN-3-YL}METHYL)-N~2~-METHYL-L-ALANINAMIDE,2-((R)-1-(((S)-1-((6-CARBAMIMIDOYLPYRIDIN-3-YL)METHYLAMINO)-1-OXOPROPAN-2-YL)(METHYL)AMINO)-3-CYCLOHEXYL-1-OXOPROPAN-2- YLAMINO)ACETIC ACID,D-构型,需确认,未进入使用审计,0,0,,结构可能合理，但单体身份、偶联条件或复杂度证据不足，暂不进入研发候选库,分子量超过300 Da，需确认偶联、脱保护和总环肽体积负担；杂原子较多，可能带来较高极性或多重保护需求；CCD未指定标准氨基酸母体,C22 H34 N6 O4,446.543,,NON-POLYMER,1,[H]/N=C(\c1ccc(cn1)CNC(=O)[C@H](C)N(C)C(=O)[C@@H](CC2CCCCC2)NCC(=O)O)/N,https://www.rcsb.org/ligand/NA9,https://www.ebi.ac.uk/pdbe/static/files/pdbechem_v2/NA9_500.svg
排除,P3,NCG,"[(R)-4-((1,3-DIOXOLANE-2-OXY)-4-(S)-YL)-4-HYDROXY]-(R)-10-(2-METHYLAMINO-5-METHYL-2,6-DIDEOXYGALACTOPYRANOSYL-OXY)-(R)-11-(2-HYDROXY-5-METHYL-7-METHOXY-1-NAPHTHOYL-OXY)-(R)-12-S-GLUTATHIONYL-4,10,11,12-TETRAHYDROINDACENE",NCSI-GLU; NEOCARZINOSTATIN-GLUTATHIONE CHROMOPHORE,芳香/疏水侧链,否,未进入使用审计,0,0,,名称提示核苷酸、辅因子或整分子缀合物；分子量超过500 Da，优先判断为复杂整分子,分子量超过300 Da，需确认偶联、脱保护和总环肽体积负担；杂原子较多，可能带来较高极性或多重保护需求；含预先形成的酰胺键，需确认主链氨基是否仍可偶联；CCD未指定标准氨基酸母体,C45 H52 N4 O18 S,968.975,,NON-POLYMER,1,Cc1cc(cc2c1ccc(c2C(=O)O[C@H]3[C@@H](c4cc5c(cc4[C@@H]3SC[C@@H](C(=O)NCC(=O)O)NC(=O)CC[C@H](C(=O)O)N)[C@](C=C5)([C@H]6COC(=O)O6)O)O[C@@H]7[C@@H]([C@H]([C@H]([C@H](O7)C)O)O)NC)O)OC,https://www.rcsb.org/ligand/NCG,https://www.ebi.ac.uk/pdbe/static/files/pdbechem_v2/NCG_500.svg
暂缓,P3,NDV,"(2S,4S)-2-[(1R)-1-{[(2R)-2-amino-2-phenylacetyl]amino}-2-oxoethyl]-5,5-dimethyl-1,3-thiazolidine-4-carboxylic acid",,芳香/疏水侧链,需确认,未进入使用审计,0,0,,结构可能合理，但单体身份、偶联条件或复杂度证据不足，暂不进入研发候选库,分子量超过300 Da，需确认偶联、脱保护和总环肽体积负担；CCD未指定标准氨基酸母体,C16 H21 N3 O4 S,351.421,,NON-POLYMER,1,CC1([C@@H](N[C@@H](S1)[C@@H](C=O)NC(=O)[C@@H](c2ccccc2)N)C(=O)O)C,https://www.rcsb.org/ligand/NDV,https://www.ebi.ac.uk/pdbe/static/files/pdbechem_v2/NDV_500.svg
排除,P3,NEF,Nitrocefin - open form,"(2R)-5-[(E)-2-(2,4-dinitrophenyl)ethenyl]-2-[(1R)-2-oxidanyl-2-oxidanylidene-1-(2-thiophen-2-ylethanoylamino)ethyl]-3,6-dihydro-2H-1,3-thiazine-4-carboxylic acid",芳香/疏水侧链,否,未进入使用审计,0,0,,名称明确提示药物、抗生素或反应中间体；分子量超过500 Da，优先判断为复杂整分子,分子量超过300 Da，需确认偶联、脱保护和总环肽体积负担；杂原子较多，可能带来较高极性或多重保护需求；含预先形成的酰胺键，需确认主链氨基是否仍可偶联；CCD未指定标准氨基酸母体,C21 H18 N4 O9 S2,534.519,,NON-POLYMER,1,c1cc(sc1)CC(=O)N[C@@H]([C@@H]2NC(=C(CS2)/C=C/c3ccc(cc3[N+](=O)[O-])[N+](=O)[O-])C(=O)O)C(=O)O,https://www.rcsb.org/ligand/NEF,https://www.ebi.ac.uk/pdbe/static/files/pdbechem_v2/NEF_500.svg
暂缓,P3,NEG,NEGAMYCIN,"3,6-DIAMINO-1-[2-(CARBOXYMETHYL)-2-METHYLHYDRAZINO]-2,3,4,6-TETRADEOXY-L-THREO-HEXOSE",其他候选,需确认,未进入使用审计,0,0,,结构可能合理，但单体身份、偶联条件或复杂度证据不足，暂不进入研发候选库,CCD未指定标准氨基酸母体,C9 H20 N4 O4,248.279,,NON-POLYMER,1,C[N@@](CC(=O)O)NC(=O)C[C@@H](C[C@H](CN)O)N,https://www.rcsb.org/ligand/NEG,https://www.ebi.ac.uk/pdbe/static/files/pdbechem_v2/NEG_500.svg
暂缓,P3,NFF,"(2R,4S)-2-[(1R)-1-{[(2-ethoxynaphthalen-1-yl)carbonyl]amino}-2-oxoethyl]-5,5-dimethyl-1,3-thiazolidine-4-carboxylic acid","Nafcillin, bound form",芳香/疏水侧链,需确认,未进入使用审计,0,0,,结构可能合理，但单体身份、偶联条件或复杂度证据不足，暂不进入研发候选库,分子量超过300 Da，需确认偶联、脱保护和总环肽体积负担；含预先形成的酰胺键，需确认主链氨基是否仍可偶联；CCD未指定标准氨基酸母体,C21 H24 N2 O5 S,416.491,,NON-POLYMER,1,CCOc1ccc2ccccc2c1C(=O)N[C@H](C=O)[C@@H]3N[C@H](C(S3)(C)C)C(=O)O,https://www.rcsb.org/ligand/NFF,https://www.ebi.ac.uk/pdbe/static/files/pdbechem_v2/NFF_500.svg
排除,P3,NHO,NICOTINAMIDE-ADENINE-DINUCLEOTIDE-5-HYDROXY-4-OXONORVALINE,,其他候选,否,未进入使用审计,0,0,,分子量超过500 Da，优先判断为复杂整分子,分子量超过300 Da，需确认偶联、脱保护和总环肽体积负担；杂原子较多，可能带来较高极性或多重保护需求；含磷酸/膦酸相关结构，通常不利于被动跨膜；含预先形成的酰胺键，需确认主链氨基是否仍可偶联；CCD未指定标准氨基酸母体,C26 H35 N8 O18 P2,809.546,,NON-POLYMER,1,c1c[n+](cc(c1[C@@H](C(=O)C[C@@H](C(=O)O)N)O)C(=O)N)[C@H]2[C@@H]([C@@H]([C@H](O2)CO[P@](=O)(O)O[P@@](=O)(O)OC[C@@H]3[C@H]([C@H]([C@@H](O3)n4cnc5c4ncnc5N)O)O)O)O,https://www.rcsb.org/ligand/NHO,https://www.ebi.ac.uk/pdbe/static/files/pdbechem_v2/NHO_500.svg
暂缓,P3,NIC,NITROISOCITRIC ACID,,其他候选,需确认,未进入使用审计,0,0,,结构可能合理，但单体身份、偶联条件或复杂度证据不足，暂不进入研发候选库,杂原子较多，可能带来较高极性或多重保护需求；CCD未指定标准氨基酸母体,C5 H7 N O7,193.112,,NON-POLYMER,2,C([C@@H]([C@H](C(=O)O)O)[N+](=O)[O-])C(=O)O,https://www.rcsb.org/ligand/NIC,https://www.ebi.ac.uk/pdbe/static/files/pdbechem_v2/NIC_500.svg
暂缓,P3,NJ9,"3-(4-{[(5S)-3-(4-carbamimidoylphenyl)-2-oxo-1,3-oxazolidin-5-yl]methyl}piperazin-1-yl)propanoic acid",,芳香/疏水侧链,需确认,未进入使用审计,0,0,,结构可能合理，但单体身份、偶联条件或复杂度证据不足，暂不进入研发候选库,分子量超过300 Da，需确认偶联、脱保护和总环肽体积负担；杂原子较多，可能带来较高极性或多重保护需求；CCD未指定标准氨基酸母体,C18 H25 N5 O4,375.422,,non-polymer,2,[H]/N=C(\c1ccc(cc1)N2C[C@@H](OC2=O)CN3CCN(CC3)CCC(=O)O)/N,https://www.rcsb.org/ligand/NJ9,https://www.ebi.ac.uk/pdbe/static/files/pdbechem_v2/NJ9_500.svg
暂缓,P3,NJF,"(1-{[(5S)-3-(4-carbamimidoylphenyl)-4,5-dihydro-1,2-oxazol-5-yl]methyl}piperidin-4-yl)acetic acid",,芳香/疏水侧链,需确认,未进入使用审计,0,0,,结构可能合理，但单体身份、偶联条件或复杂度证据不足，暂不进入研发候选库,分子量超过300 Da，需确认偶联、脱保护和总环肽体积负担；CCD未指定标准氨基酸母体,C18 H24 N4 O3,344.408,,non-polymer,4,[H]/N=C(\c1ccc(cc1)C2=NO[C@@H](C2)CN3CCC(CC3)CC(=O)O)/N,https://www.rcsb.org/ligand/NJF,https://www.ebi.ac.uk/pdbe/static/files/pdbechem_v2/NJF_500.svg
排除,P3,NK4,"(5S)-5'-O-(5-amino-5-deoxy-beta-D-ribofuranosyl)-5'-C-[(2S,5S,6S)-5-carboxy-6-heptadecyl-1,4-dimethyl-3-oxo-1,4-diazepan-2-yl]uridine",,D-构型,否,未进入使用审计,0,0,,名称提示核苷酸、辅因子或整分子缀合物；分子量超过500 Da，优先判断为复杂整分子,分子量超过300 Da，需确认偶联、脱保护和总环肽体积负担；杂原子较多，可能带来较高极性或多重保护需求；含预先形成的酰胺键，需确认主链氨基是否仍可偶联；CCD未指定标准氨基酸母体,C39 H67 N5 O12,797.976,,NON-POLYMER,3,CCCCCCCCCCCCCCCCC[C@H]1CN([C@H](C(=O)N([C@@H]1C(=O)O)C)[C@@H]([C@@H]2[C@H]([C@H]([C@@H](O2)N3C=CC(=O)NC3=O)O)O)O[C@H]4[C@@H]([C@@H]([C@H](O4)CN)O)O)C,https://www.rcsb.org/ligand/NK4,https://www.ebi.ac.uk/pdbe/static/files/pdbechem_v2/NK4_500.svg
暂缓,P3,NM2,"3-CARBOXY-N,N,N-TRIMETHYLPROPAN-1-AMINIUM",,其他候选,需确认,未进入使用审计,0,0,,结构可能合理，但单体身份、偶联条件或复杂度证据不足，暂不进入研发候选库,CCD未指定标准氨基酸母体,C7 H16 N O2,146.207,,non-polymer,3,C[N+](C)(C)CCCC(=O)O,https://www.rcsb.org/ligand/NM2,https://www.ebi.ac.uk/pdbe/static/files/pdbechem_v2/NM2_500.svg
暂缓,P3,NM3,ethyl-dimethyl-(4-oxidanyl-4-oxidanylidene-butyl)azanium,,其他候选,需确认,未进入使用审计,0,0,,结构可能合理，但单体身份、偶联条件或复杂度证据不足，暂不进入研发候选库,CCD未指定标准氨基酸母体,C8 H18 N O2,160.234,,non-polymer,3,CC[N+](C)(C)CCCC(=O)O,https://www.rcsb.org/ligand/NM3,https://www.ebi.ac.uk/pdbe/static/files/pdbechem_v2/NM3_500.svg
暂缓,P3,NNV,"(1R,5aS,6R)-1,2,5,5a,6,7-hexahydrophenazine-1,6-dicarboxylic acid",,其他候选,需确认,未进入使用审计,0,0,,结构可能合理，但单体身份、偶联条件或复杂度证据不足，暂不进入研发候选库,CCD未指定标准氨基酸母体,C14 H14 N2 O4,274.272,,NON-POLYMER,2,C1C=CC2=NC3=C(C=CC[C@H]3C(=O)O)NC2[C@@H]1C(=O)O,https://www.rcsb.org/ligand/NNV,https://www.ebi.ac.uk/pdbe/static/files/pdbechem_v2/NNV_500.svg
暂缓,P3,NQ6,N-(pyridin-2-yl)-L-asparagine,,芳香/疏水侧链,需确认,未进入使用审计,0,0,,结构可能合理，但单体身份、偶联条件或复杂度证据不足，暂不进入研发候选库,CCD未指定标准氨基酸母体,C9 H11 N3 O3,209.202,,non-polymer,1,c1ccnc(c1)NC(=O)C[C@@H](C(=O)O)N,https://www.rcsb.org/ligand/NQ6,https://www.ebi.ac.uk/pdbe/static/files/pdbechem_v2/NQ6_500.svg
暂缓,P3,NSN,N~2~-(2-AMINO-1-METHYL-2-OXOETHYLIDENE)ASPARAGINATE,,其他候选,需确认,未进入使用审计,0,0,,结构可能合理，但单体身份、偶联条件或复杂度证据不足，暂不进入研发候选库,含预先形成的酰胺键，需确认主链氨基是否仍可偶联；CCD未指定标准氨基酸母体,C7 H11 N3 O4,201.18,,NON-POLYMER,2,CC(=[NH+][C@@H](CC(=O)[O-])C(=O)N)C(=O)N,https://www.rcsb.org/ligand/NSN,https://www.ebi.ac.uk/pdbe/static/files/pdbechem_v2/NSN_500.svg
暂缓,P3,NTA,NITRILOTRIACETIC ACID,,其他候选,需确认,未进入使用审计,0,0,,结构可能合理，但单体身份、偶联条件或复杂度证据不足，暂不进入研发候选库,杂原子较多，可能带来较高极性或多重保护需求；CCD未指定标准氨基酸母体,C6 H9 N O6,191.139,,NON-POLYMER,1,C(C(=O)O)N(CC(=O)O)CC(=O)O,https://www.rcsb.org/ligand/NTA,https://www.ebi.ac.uk/pdbe/static/files/pdbechem_v2/NTA_500.svg
暂缓,P3,NTC,2-HYDROXY-2-NITROMETHYL SUCCINIC ACID,,其他候选,需确认,未进入使用审计,0,0,,结构可能合理，但单体身份、偶联条件或复杂度证据不足，暂不进入研发候选库,杂原子较多，可能带来较高极性或多重保护需求；CCD未指定标准氨基酸母体,C5 H7 N O7,193.112,,NON-POLYMER,3,C(C(=O)O)[C@@](C[N+](=O)[O-])(C(=O)O)O,https://www.rcsb.org/ligand/NTC,https://www.ebi.ac.uk/pdbe/static/files/pdbechem_v2/NTC_500.svg
排除,P3,NTE,"[3,3'-{7-ethenyl-3,8,13,17-tetramethyl-12-[(E)-2-nitroethenyl]porphyrin-2,18-diyl-kappa~4~N~21~,N~22~,N~23~,N~24~}dipro panoato(2-)]iron",Nitriheme,其他候选,否,未进入使用审计,0,0,,含金属元素，不属于常规肽合成单体；名称提示核苷酸、辅因子或整分子缀合物；分子量超过500 Da，优先判断为复杂整分子,分子量超过300 Da，需确认偶联、脱保护和总环肽体积负担；杂原子较多，可能带来较高极性或多重保护需求；CCD未指定标准氨基酸母体,C34 H31 Fe N5 O6,661.485,,NON-POLYMER,4,Cc1c2n3c(c1CCC(=O)O)C=C4C(=C(C5=[N]4[Fe]36[N]7=C(C=C8N6C(=C5)C(=C8C)C=C)C(=C(C7=C2)C)/C=C/[N+](=O)[O-])C)CCC(=O)O,https://www.rcsb.org/ligand/NTE,https://www.ebi.ac.uk/pdbe/static/files/pdbechem_v2/NTE_500.svg
暂缓,P3,NW3,"(2S,4S)-2-[(1S)-1-{[(2S)-2-amino-2-phenylacetyl]amino}-2-oxoethyl]-5,5-dimethyl-1,3-thiazolidine-4-carboxylic acid",,芳香/疏水侧链,需确认,未进入使用审计,0,0,,结构可能合理，但单体身份、偶联条件或复杂度证据不足，暂不进入研发候选库,分子量超过300 Da，需确认偶联、脱保护和总环肽体积负担；CCD未指定标准氨基酸母体,C16 H21 N3 O4 S,351.421,,non-polymer,1,CC1([C@@H](N[C@@H](S1)[C@H](C=O)NC(=O)[C@H](c2ccccc2)N)C(=O)O)C,https://www.rcsb.org/ligand/NW3,https://www.ebi.ac.uk/pdbe/static/files/pdbechem_v2/NW3_500.svg
暂缓,P3,NXU,"(2R,4S)-2-[(1R)-2-hydroxy-1-{[(2-hydroxynaphthalen-1-yl)carbonyl]amino}ethyl]-5,5-dimethyl-1,3-thiazolidine-4-carboxylic acid",,芳香/疏水侧链,需确认,未进入使用审计,0,0,,结构可能合理，但单体身份、偶联条件或复杂度证据不足，暂不进入研发候选库,分子量超过300 Da，需确认偶联、脱保护和总环肽体积负担；CCD未指定标准氨基酸母体,C19 H22 N2 O5 S,390.453,,NON-POLYMER,1,CC1([C@@H](N[C@H](S1)[C@@H](CO)NC(=O)c2c3ccccc3ccc2O)C(=O)O)C,https://www.rcsb.org/ligand/NXU,https://www.ebi.ac.uk/pdbe/static/files/pdbechem_v2/NXU_500.svg
暂缓,P3,NZM,"cefixime, bound form",,其他候选,需确认,未进入使用审计,0,0,,结构可能合理，但单体身份、偶联条件或复杂度证据不足，暂不进入研发候选库,分子量超过300 Da，需确认偶联、脱保护和总环肽体积负担；杂原子较多，可能带来较高极性或多重保护需求；CCD未指定标准氨基酸母体,C16 H17 N5 O7 S2,455.465,,NON-POLYMER,1,C=CC1=C(N[C@H](SC1)[C@@H](C=O)NC(=O)/C(=N\OCC(=O)O)/c2csc(n2)N)C(=O)O,https://www.rcsb.org/ligand/NZM,https://www.ebi.ac.uk/pdbe/static/files/pdbechem_v2/NZM_500.svg
排除,P3,NZV,"ceftriaxone, bound form",,其他候选,否,未进入使用审计,0,0,,分子量超过500 Da，优先判断为复杂整分子,分子量超过300 Da，需确认偶联、脱保护和总环肽体积负担；杂原子较多，可能带来较高极性或多重保护需求；含预先形成的酰胺键，需确认主链氨基是否仍可偶联；CCD未指定标准氨基酸母体,C18 H20 N8 O8 S3,572.595,,NON-POLYMER,2,CN1C(=NC(=O)C(=O)N1)SCC2=C(N[C@H](SC2)[C@@H](C(=O)O)NC(=O)/C(=N\OC)/c3csc(n3)N)C(=O)O,https://www.rcsb.org/ligand/NZV,https://www.ebi.ac.uk/pdbe/static/files/pdbechem_v2/NZV_500.svg
暂缓,P3,O0B,"(2~{S},3~{S})-2-azanyl-5,5,5-tris(fluoranyl)-3-methyl-pentanal",,其他候选,需确认,未进入使用审计,0,0,,结构可能合理，但单体身份、偶联条件或复杂度证据不足，暂不进入研发候选库,CCD未指定标准氨基酸母体,C6 H10 F3 N O2,185.144,,non-polymer,1,C[C@@H](CC(F)(F)F)[C@@H](C(=O)O)N,https://www.rcsb.org/ligand/O0B,https://www.ebi.ac.uk/pdbe/static/files/pdbechem_v2/O0B_500.svg
暂缓,P3,O2F,"(2S,3R,4R)-4-[(3S,5S)-5-(dimethylcarbamoyl)pyrrolidin-3-yl]sulfanyl-3-methyl-2-[(2S,3R)-3-oxidanyl-1-oxidanylidene-butan-2-yl]-3,4-dihydro-2H-pyrrole-5-carboxylic acid","Meropenem, bound form",其他候选,需确认,未进入使用审计,0,0,,结构可能合理，但单体身份、偶联条件或复杂度证据不足，暂不进入研发候选库,分子量超过300 Da，需确认偶联、脱保护和总环肽体积负担；含预先形成的酰胺键，需确认主链氨基是否仍可偶联；CCD未指定标准氨基酸母体,C17 H27 N3 O5 S,385.478,,non-polymer,4,C[C@H]1[C@H](C(=N[C@H]1[C@H](C=O)[C@@H](C)O)C(=O)O)S[C@H]2C[C@H](NC2)C(=O)N(C)C,https://www.rcsb.org/ligand/O2F,https://www.ebi.ac.uk/pdbe/static/files/pdbechem_v2/O2F_500.svg
暂缓,P3,O34,yersiniabactin,"(4S)-2-[(1S)-1-hydroxy-1-{(2R,4R)-2-[(4R)-2-(2-hydroxyphenyl)-4,5-dihydro-1,3-thiazol-4-yl]-1,3-thiazolidin-4-yl}-2-met hylpropan-2-yl]-4-methyl-4,5-dihydro-1,3-thiazole-4-carboxylic acid",芳香/疏水侧链,需确认,未进入使用审计,0,0,,结构可能合理，但单体身份、偶联条件或复杂度证据不足，暂不进入研发候选库,分子量超过300 Da，需确认偶联、脱保护和总环肽体积负担；CCD未指定标准氨基酸母体,C21 H27 N3 O4 S3,481.652,,NON-POLYMER,1,C[C@@]1(CSC(=N1)C(C)(C)[C@@H]([C@@H]2CS[C@@H](N2)[C@H]3CSC(=N3)c4ccccc4O)O)C(=O)O,https://www.rcsb.org/ligand/O34,https://www.ebi.ac.uk/pdbe/static/files/pdbechem_v2/O34_500.svg
暂缓,P3,O66,"3-[(4~{R})-5-oxidanylidene-1,4-dihydroimidazol-4-yl]propanoic acid",Imidazol-4-one-5-propionic acid,其他候选,需确认,未进入使用审计,0,0,,结构可能合理，但单体身份、偶联条件或复杂度证据不足，暂不进入研发候选库,含预先形成的酰胺键，需确认主链氨基是否仍可偶联；CCD未指定标准氨基酸母体,C6 H8 N2 O3,156.139,,non-polymer,3,C1=N[C@@H](C(=O)N1)CCC(=O)O,https://www.rcsb.org/ligand/O66,https://www.ebi.ac.uk/pdbe/static/files/pdbechem_v2/O66_500.svg
暂缓,P3,O7J,N-[(1S)-1-carboxy-3-{[(1S)-1-carboxy-2-(1H-imidazol-5-yl)ethyl]amino}propyl]-L-glutamic acid,,其他候选,需确认,未进入使用审计,0,0,,结构可能合理，但单体身份、偶联条件或复杂度证据不足，暂不进入研发候选库,分子量超过300 Da，需确认偶联、脱保护和总环肽体积负担；杂原子较多，可能带来较高极性或多重保护需求；CCD未指定标准氨基酸母体,C15 H22 N4 O8,386.357,,NON-POLYMER,1,c1c([nH]cn1)C[C@@H](C(=O)O)NCC[C@@H](C(=O)O)N[C@@H](CCC(=O)O)C(=O)O,https://www.rcsb.org/ligand/O7J,https://www.ebi.ac.uk/pdbe/static/files/pdbechem_v2/O7J_500.svg
暂缓,P3,O93,"2-[(1~{R},3~{R},4~{S})-3-azanyl-3-carboxy-4-[(dimethylamino)methyl]cyclohexyl]ethyl-$l^{3}-oxidanyl-bis(oxidanyl)boron",,构象限制,需确认,未进入使用审计,0,0,,结构可能合理，但单体身份、偶联条件或复杂度证据不足，暂不进入研发候选库,CCD未指定标准氨基酸母体,C12 H27 B N2 O5,290.164,,non-polymer,1,B(CC[C@@H]1CC[C@H]([C@](C1)(C(=O)O)N)CN(C)C)([OH2+])(O)O,https://www.rcsb.org/ligand/O93,https://www.ebi.ac.uk/pdbe/static/files/pdbechem_v2/O93_500.svg
暂缓,P3,O9B,(2~{R})-1-methylpiperidine-2-carboxylic acid,,其他候选,需确认,未进入使用审计,0,0,,结构可能合理，但单体身份、偶联条件或复杂度证据不足，暂不进入研发候选库,CCD未指定标准氨基酸母体,C7 H13 N O2,143.184,,non-polymer,1,CN1CCCC[C@@H]1C(=O)O,https://www.rcsb.org/ligand/O9B,https://www.ebi.ac.uk/pdbe/static/files/pdbechem_v2/O9B_500.svg
暂缓,P3,OAE,"(2S,4S)-2-[(R)-{[(2R)-2-amino-2-phenylacetyl]amino}(carboxy)methyl]-5,5-dimethyl-1,3-thiazolidine-4-carboxylic acid",,芳香/疏水侧链,需确认,未进入使用审计,0,0,,结构可能合理，但单体身份、偶联条件或复杂度证据不足，暂不进入研发候选库,分子量超过300 Da，需确认偶联、脱保护和总环肽体积负担；CCD未指定标准氨基酸母体,C16 H21 N3 O5 S,367.42,,NON-POLYMER,2,CC1([C@@H](N[C@@H](S1)[C@@H](C(=O)O)NC(=O)[C@@H](c2ccccc2)N)C(=O)O)C,https://www.rcsb.org/ligand/OAE,https://www.ebi.ac.uk/pdbe/static/files/pdbechem_v2/OAE_500.svg
暂缓,P3,OBE,3-(3-HYDROXY-BENZOYLOXY)-8-METHYL-8-AZA-BICYCLO[3.2.1]OCTANE-2-CARBOXYLIC ACID,META-OXYBENZOYLECGONINE,其他候选,需确认,未进入使用审计,0,0,,结构可能合理，但单体身份、偶联条件或复杂度证据不足，暂不进入研发候选库,分子量超过300 Da，需确认偶联、脱保护和总环肽体积负担；CCD未指定标准氨基酸母体,C16 H19 N O5,305.326,,NON-POLYMER,2,C[N@H+]1[C@H]2CC[C@@H]1[C@H]([C@H](C2)OC(=O)c3cccc(c3)O)C(=O)[O-],https://www.rcsb.org/ligand/OBE,https://www.ebi.ac.uk/pdbe/static/files/pdbechem_v2/OBE_500.svg
暂缓,P3,OCB,OCTANOYLCARNITINE,"3-CARBOXY-N,N,N-TRIMETHYL-2-(OCTANOYLOXY)PROPAN-1-AMINIUM",其他候选,需确认,未进入使用审计,0,0,,结构可能合理，但单体身份、偶联条件或复杂度证据不足，暂不进入研发候选库,CCD未指定标准氨基酸母体,C15 H30 N O4,288.403,,NON-POLYMER,3,CCCCCCCC(=O)O[C@H](CC(=O)O)C[N+](C)(C)C,https://www.rcsb.org/ligand/OCB,https://www.ebi.ac.uk/pdbe/static/files/pdbechem_v2/OCB_500.svg
暂缓,P3,OCV,N6-[(1R)-2-{[(1R)-1-CARBOXY-2-METHYLPROPYL]OXY}-1-(MERCAPTOMETHYL)-2-OXOETHYL]-6-OXO-D-LYSINE,L-D-(A-AMINOADIPOYL)-L-CYSTEINE D-A-HYDROXYISOVALERYL ESTER,D-构型,需确认,未进入使用审计,0,0,,结构可能合理，但单体身份、偶联条件或复杂度证据不足，暂不进入研发候选库,分子量超过300 Da，需确认偶联、脱保护和总环肽体积负担；杂原子较多，可能带来较高极性或多重保护需求；CCD未指定标准氨基酸母体,C14 H24 N2 O7 S,364.415,,NON-POLYMER,1,CC(C)[C@H](C(=O)O)OC(=O)[C@H](CS)NC(=O)CCC[C@@H](C(=O)O)N,https://www.rcsb.org/ligand/OCV,https://www.ebi.ac.uk/pdbe/static/files/pdbechem_v2/OCV_500.svg
暂缓,P3,OEN, Biapenem Imine hydrolysis product,,其他候选,需确认,未进入使用审计,0,0,,结构可能合理，但单体身份、偶联条件或复杂度证据不足，暂不进入研发候选库,分子量超过300 Da，需确认偶联、脱保护和总环肽体积负担；CCD未指定标准氨基酸母体,C15 H21 N4 O5 S,369.416,,non-polymer,1,C[C@H]1C(C(N=C1[C@@H]([C@@H](C)O)C(=O)O)C(=O)O)S[C@H]2Cn3cnc[n+]3C2,https://www.rcsb.org/ligand/OEN,https://www.ebi.ac.uk/pdbe/static/files/pdbechem_v2/OEN_500.svg
暂缓,P3,OEQ,Biapenem Enamine hydrolysis product,"(2~{S},3~{R})-2-[(2~{S},3~{R})-1,3-bis(oxidanyl)-1-oxidanylidene-butan-2-yl]-4-[[(6~{R})-6,7-dihydro-5~{H}-pyrazolo[1,2 -a][1,2,4]triazol-4-ium-6-yl]sulfanyl]-3-methyl-2,3-dihydro-1~{H}-pyrrole-5-carboxylic acid",其他候选,需确认,未进入使用审计,0,0,,结构可能合理，但单体身份、偶联条件或复杂度证据不足，暂不进入研发候选库,分子量超过300 Da，需确认偶联、脱保护和总环肽体积负担；CCD未指定标准氨基酸母体,C15 H21 N4 O5 S,369.416,,non-polymer,1,C[C@@H]1[C@@H](NC(=C1S[C@@H]2Cn3cnc[n+]3C2)C(=O)O)[C@@H]([C@@H](C)O)C(=O)O,https://www.rcsb.org/ligand/OEQ,https://www.ebi.ac.uk/pdbe/static/files/pdbechem_v2/OEQ_500.svg
暂缓,P3,OH5,"(2~{S},4~{R})-4-azanyl-2-methyl-5-phenyl-pentanoic acid",,芳香/疏水侧链,需确认,未进入使用审计,0,0,,结构可能合理，但单体身份、偶联条件或复杂度证据不足，暂不进入研发候选库,CCD未指定标准氨基酸母体,C12 H17 N O2,207.269,,non-polymer,3,C[C@@H](C[C@H](Cc1ccccc1)N)C(=O)O,https://www.rcsb.org/ligand/OH5,https://www.ebi.ac.uk/pdbe/static/files/pdbechem_v2/OH5_500.svg
暂缓,P3,OL6,"(2R,4S)-5,5-dimethyl-2-[(1R)-1-(2-naphthalen-1-yloxyethanoylamino)-2-oxidanyl-2-oxidanylidene-ethyl]-1,3-thiazolidine-4-carboxylic acid",,芳香/疏水侧链,需确认,未进入使用审计,0,0,,结构可能合理，但单体身份、偶联条件或复杂度证据不足，暂不进入研发候选库,分子量超过300 Da，需确认偶联、脱保护和总环肽体积负担；杂原子较多，可能带来较高极性或多重保护需求；CCD未指定标准氨基酸母体,C20 H22 N2 O6 S,418.463,,non-polymer,2,CC1([C@@H](N[C@H](S1)[C@@H](C(=O)O)NC(=O)COc2cccc3c2cccc3)C(=O)O)C,https://www.rcsb.org/ligand/OL6,https://www.ebi.ac.uk/pdbe/static/files/pdbechem_v2/OL6_500.svg
排除,P3,OOQ,"(2~{S})-2-[[4-[4-azanyl-5-(4-phenoxyphenyl)pyrrolo[2,3-d]pyrimidin-7-yl]cyclohexyl]azaniumyl]-4-methyl-pentanoate",,构象限制,否,未进入使用审计,0,0,,分子量超过500 Da，优先判断为复杂整分子,分子量超过300 Da，需确认偶联、脱保护和总环肽体积负担；杂原子较多，可能带来较高极性或多重保护需求；CCD未指定标准氨基酸母体,C30 H35 N5 O3,513.631,,NON-POLYMER,1,CC(C)C[C@@H](C(=O)[O-])[NH2+]C1CCC(CC1)n2cc(c3c2ncnc3N)c4ccc(cc4)Oc5ccccc5,https://www.rcsb.org/ligand/OOQ,https://www.ebi.ac.uk/pdbe/static/files/pdbechem_v2/OOQ_500.svg
暂缓,P3,ORT,(4~{S})-4-azanyl-5-oxidanylidene-pentanehydrazide,,其他候选,需确认,未进入使用审计,0,0,,结构可能合理，但单体身份、偶联条件或复杂度证据不足，暂不进入研发候选库,含预先形成的酰胺键，需确认主链氨基是否仍可偶联；CCD未指定标准氨基酸母体,C5 H11 N3 O3,161.159,,non-polymer,1,C(CC(=O)NN)[C@@H](C(=O)O)N,https://www.rcsb.org/ligand/ORT,https://www.ebi.ac.uk/pdbe/static/files/pdbechem_v2/ORT_500.svg
暂缓,P3,ORX,N~2~-({3-HYDROXY-2-METHYL-5-[(PHOSPHONOOXY)METHYL]PYRIDIN-4-YL}METHYL)-D-ORNITHINE,,D-构型,需确认,未进入使用审计,0,0,,结构可能合理，但单体身份、偶联条件或复杂度证据不足，暂不进入研发候选库,分子量超过300 Da，需确认偶联、脱保护和总环肽体积负担；杂原子较多，可能带来较高极性或多重保护需求；含磷酸/膦酸相关结构，通常不利于被动跨膜；CCD未指定标准氨基酸母体,C13 H22 N3 O7 P,363.303,,NON-POLYMER,1,Cc1c(c(c(cn1)COP(=O)(O)O)CN[C@H](CCCN)C(=O)O)O,https://www.rcsb.org/ligand/ORX,https://www.ebi.ac.uk/pdbe/static/files/pdbechem_v2/ORX_500.svg
暂缓,P3,OUB,"(S)-1-(2'-Amino-2'-carboxyethyl)furo[3,4-d]pyrimidin-2,4-dione",,其他候选,需确认,未进入使用审计,0,0,,结构可能合理，但单体身份、偶联条件或复杂度证据不足，暂不进入研发候选库,含预先形成的酰胺键，需确认主链氨基是否仍可偶联；CCD未指定标准氨基酸母体,C9 H9 N3 O5,239.185,,non-polymer,1,c1c2c(co1)N(C(=O)NC2=O)C[C@@H](C(=O)O)N,https://www.rcsb.org/ligand/OUB,https://www.ebi.ac.uk/pdbe/static/files/pdbechem_v2/OUB_500.svg
暂缓,P3,OYZ,"(2~{R})-2-[[3-cyano-2-[4-(2-ethoxyphenyl)phenyl]-5,8-dihydro-1,7-naphthyridin-4-yl]amino]propanoic acid",,芳香/疏水侧链,需确认,未进入使用审计,0,0,,结构可能合理，但单体身份、偶联条件或复杂度证据不足，暂不进入研发候选库,分子量超过300 Da，需确认偶联、脱保护和总环肽体积负担；CCD未指定标准氨基酸母体,C26 H24 N4 O3,440.494,,non-polymer,1,CCOc1ccccc1c2ccc(cc2)c3c(c(c4c(n3)CN=CC4)N[C@H](C)C(=O)O)C#N,https://www.rcsb.org/ligand/OYZ,https://www.ebi.ac.uk/pdbe/static/files/pdbechem_v2/OYZ_500.svg
暂缓,P3,OZ5,"(2~{R})-2-[[3-cyano-2-[4-(2-fluoranyl-3-methyl-phenyl)phenyl]-1,7-naphthyridin-4-yl]amino]butanoic acid",,芳香/疏水侧链,需确认,未进入使用审计,0,0,,结构可能合理，但单体身份、偶联条件或复杂度证据不足，暂不进入研发候选库,分子量超过300 Da，需确认偶联、脱保护和总环肽体积负担；CCD未指定标准氨基酸母体,C26 H21 F N4 O2,440.469,,non-polymer,1,CC[C@H](C(=O)O)Nc1c2ccncc2nc(c1C#N)c3ccc(cc3)c4cccc(c4F)C,https://www.rcsb.org/ligand/OZ5,https://www.ebi.ac.uk/pdbe/static/files/pdbechem_v2/OZ5_500.svg
排除,P3,OZP,9-(5-{[(3S)-3-amino-3-carboxypropyl][3-(3-carbamoylphenyl)propyl]amino}-5-deoxy-alpha-D-ribofuranosyl)-9H-purin-6-amine,,D-构型,否,未进入使用审计,0,0,,分子量超过500 Da，优先判断为复杂整分子,分子量超过300 Da，需确认偶联、脱保护和总环肽体积负担；杂原子较多，可能带来较高极性或多重保护需求；含预先形成的酰胺键，需确认主链氨基是否仍可偶联；CCD未指定标准氨基酸母体,C24 H32 N8 O6,528.561,,NON-POLYMER,1,c1cc(cc(c1)C(=O)N)CCCN(CC[C@@H](C(=O)O)N)C[C@@H]2[C@H]([C@H]([C@H](O2)n3cnc4c3ncnc4N)O)O,https://www.rcsb.org/ligand/OZP,https://www.ebi.ac.uk/pdbe/static/files/pdbechem_v2/OZP_500.svg
暂缓,P3,P00,(2S)-2-azanyl-4-[(E)-[2-methyl-3-oxidanyl-5-(phosphonooxymethyl)pyridin-4-yl]methylideneamino]oxy-butanoic acid,,芳香/疏水侧链,需确认,未进入使用审计,0,0,,结构可能合理，但单体身份、偶联条件或复杂度证据不足，暂不进入研发候选库,分子量超过300 Da，需确认偶联、脱保护和总环肽体积负担；杂原子较多，可能带来较高极性或多重保护需求；含磷酸/膦酸相关结构，通常不利于被动跨膜；CCD未指定标准氨基酸母体,C12 H18 N3 O8 P,363.26,,NON-POLYMER,1,Cc1c(c(c(cn1)COP(=O)(O)O)/C=N/OCC[C@@H](C(=O)O)N)O,https://www.rcsb.org/ligand/P00,https://www.ebi.ac.uk/pdbe/static/files/pdbechem_v2/P00_500.svg
暂缓,P3,P0M,(2~{S})-2-azanyl-3-(7-oxidanyl-2-oxidanylidene-chromen-4-yl)propanoic acid,,其他候选,需确认,未进入使用审计,0,0,,结构可能合理，但单体身份、偶联条件或复杂度证据不足，暂不进入研发候选库,CCD未指定标准氨基酸母体,C12 H11 N O5,249.219,,non-polymer,1,c1cc2c(cc1O)OC(=O)C=C2C[C@@H](C(=O)O)N,https://www.rcsb.org/ligand/P0M,https://www.ebi.ac.uk/pdbe/static/files/pdbechem_v2/P0M_500.svg
排除,P3,P0V,9-(5-{[(3R)-3-amino-3-carboxypropyl][3-(3-carbamoylphenyl)prop-2-yn-1-yl]amino}-5-deoxy-alpha-D-lyxofuranosyl)-9H-purin-6-amine,,D-构型,否,未进入使用审计,0,0,,分子量超过500 Da，优先判断为复杂整分子,分子量超过300 Da，需确认偶联、脱保护和总环肽体积负担；杂原子较多，可能带来较高极性或多重保护需求；含预先形成的酰胺键，需确认主链氨基是否仍可偶联；CCD未指定标准氨基酸母体,C24 H28 N8 O6,524.529,,NON-POLYMER,1,c1cc(cc(c1)C(=O)N)C#CCN(CC[C@H](C(=O)O)N)C[C@@H]2[C@@H]([C@@H]([C@H](O2)n3cnc4c3ncnc4N)O)O,https://www.rcsb.org/ligand/P0V,https://www.ebi.ac.uk/pdbe/static/files/pdbechem_v2/P0V_500.svg
暂缓,P3,P0Y,"(2S,4R)-1-[(2R,3S)-3-amino-2-hydroxy-4-phenylbutyl]-4-[(pyridin-3-ylmethyl)sulfanyl]piperidine-2-carboxylic acid",,芳香/疏水侧链,需确认,未进入使用审计,0,0,,结构可能合理，但单体身份、偶联条件或复杂度证据不足，暂不进入研发候选库,分子量超过300 Da，需确认偶联、脱保护和总环肽体积负担；CCD未指定标准氨基酸母体,C22 H29 N3 O3 S,415.549,,peptide-like,1,c1ccc(cc1)C[C@@H]([C@@H](C[N@@]2CC[C@H](C[C@H]2C(=O)O)SCc3cccnc3)O)N,https://www.rcsb.org/ligand/P0Y,https://www.ebi.ac.uk/pdbe/static/files/pdbechem_v2/P0Y_500.svg
暂缓,P3,P1C,DEACETOXYCEPHALOSPORIN-C,,其他候选,需确认,未进入使用审计,0,0,,结构可能合理，但单体身份、偶联条件或复杂度证据不足，暂不进入研发候选库,分子量超过300 Da，需确认偶联、脱保护和总环肽体积负担；杂原子较多，可能带来较高极性或多重保护需求；CCD未指定标准氨基酸母体,C14 H19 N3 O6 S,357.382,,NON-POLYMER,1,CC1=C(N2[C@@H]([C@@H](C2=O)NC(=O)CCC[C@H](C(=O)O)N)SC1)C(=O)O,https://www.rcsb.org/ligand/P1C,https://www.ebi.ac.uk/pdbe/static/files/pdbechem_v2/P1C_500.svg
暂缓,P3,P1V,"(2~{S})-2-azanyl-6-(5-methyl-1~{H}-1,2,4-triazol-3-yl)hexanoic acid",,其他候选,需确认,未进入使用审计,0,0,,结构可能合理，但单体身份、偶联条件或复杂度证据不足，暂不进入研发候选库,CCD未指定标准氨基酸母体,C9 H16 N4 O2,212.249,,non-polymer,1,Cc1[nH]nc(n1)CCCC[C@@H](C(=O)O)N,https://www.rcsb.org/ligand/P1V,https://www.ebi.ac.uk/pdbe/static/files/pdbechem_v2/P1V_500.svg
暂缓,P3,P2J,9-(5-{[(3S)-3-amino-3-carboxypropyl](pentyl)amino}-5-deoxy-beta-L-arabinofuranosyl)-9H-purin-6-amine,,延长骨架,需确认,未进入使用审计,0,0,,结构可能合理，但单体身份、偶联条件或复杂度证据不足，暂不进入研发候选库,分子量超过300 Da，需确认偶联、脱保护和总环肽体积负担；杂原子较多，可能带来较高极性或多重保护需求；CCD未指定标准氨基酸母体,C19 H31 N7 O5,437.493,,NON-POLYMER,1,CCCCCN(CC[C@@H](C(=O)O)N)C[C@H]1[C@@H]([C@H]([C@H](O1)n2cnc3c2ncnc3N)O)O,https://www.rcsb.org/ligand/P2J,https://www.ebi.ac.uk/pdbe/static/files/pdbechem_v2/P2J_500.svg
排除,P3,P5F,N-propargylglycine-modified flavin adenine dinucleotide,,其他候选,否,未进入使用审计,0,0,,名称提示核苷酸、辅因子或整分子缀合物；分子量超过500 Da，优先判断为复杂整分子,分子量超过300 Da，需确认偶联、脱保护和总环肽体积负担；杂原子较多，可能带来较高极性或多重保护需求；含磷酸/膦酸相关结构，通常不利于被动跨膜；含预先形成的酰胺键，需确认主链氨基是否仍可偶联；CCD未指定标准氨基酸母体,C32 H40 N10 O17 P2,898.664,,NON-POLYMER,1,CC1=CC2=[N](C3=C(C(=O)NC(=O)N3)[N](=C2C=C1C)C=CC=NCC(=O)O)C[C@@H]([C@@H]([C@@H](COP(=O)(O)OP(=O)(O)OC[C@@H]4[C@H]([C@H]([C@@H](O4)n5cnc6c5ncnc6N)O)O)O)O)O,https://www.rcsb.org/ligand/P5F,https://www.ebi.ac.uk/pdbe/static/files/pdbechem_v2/P5F_500.svg
排除,P3,P5L,"(1S,4R,5S,6R,7S,9S,10S,11S,13S,14R)-9-[(2S,3S,4R,5R)-5-(2,4-dioxo-3,4-dihydropyrimidin-1(2H)-yl)-3,4-dihydroxyoxolan-2-yl]-14-(hexadecanoyloxy)-5,6,13-trihydroxy-8,16-dioxa-2,11-diazatricyclo[9.3.1.1~4,7~]hexadecane-10-carboxylic acid",sphaerimicin analogue,其他候选,否,未进入使用审计,0,0,,分子量超过500 Da，优先判断为复杂整分子,分子量超过300 Da，需确认偶联、脱保护和总环肽体积负担；杂原子较多，可能带来较高极性或多重保护需求；含预先形成的酰胺键，需确认主链氨基是否仍可偶联；CCD未指定标准氨基酸母体,C37 H60 N4 O14,784.891,,non-polymer,1,CCCCCCCCCCCCCCCC(=O)O[C@@H]1[C@@H]2C[N@@](C[C@@H]1O)[C@@H]([C@H](O[C@H]3[C@@H]([C@@H]([C@H](O3)CN2)O)O)[C@@H]4[C@H]([C@H]([C@@H](O4)N5C=CC(=O)NC5=O)O)O)C(=O)O,https://www.rcsb.org/ligand/P5L,https://www.ebi.ac.uk/pdbe/static/files/pdbechem_v2/P5L_500.svg
排除,P3,P5S,"O-[(R)-{[(2R)-2,3-bis(octadecanoyloxy)propyl]oxy}(hydroxy)phosphoryl]-L-serine",phosphatidyl serine,其他候选,否,未进入使用审计,0,0,,分子量超过500 Da，优先判断为复杂整分子,分子量超过300 Da，需确认偶联、脱保护和总环肽体积负担；杂原子较多，可能带来较高极性或多重保护需求；含磷酸/膦酸相关结构，通常不利于被动跨膜；CCD未指定标准氨基酸母体,C42 H82 N O10 P,792.075,,NON-POLYMER,1,CCCCCCCCCCCCCCCCCC(=O)OC[C@H](COP(=O)(O)OC[C@@H](C(=O)O)N)OC(=O)CCCCCCCCCCCCCCCCC,https://www.rcsb.org/ligand/P5S,https://www.ebi.ac.uk/pdbe/static/files/pdbechem_v2/P5S_500.svg
排除,P3,P8X,DESMETHYL-HBA,,其他候选,否,未进入使用审计,0,0,,分子量超过500 Da，优先判断为复杂整分子,分子量超过300 Da，需确认偶联、脱保护和总环肽体积负担；杂原子较多，可能带来较高极性或多重保护需求；CCD未指定标准氨基酸母体,C44 H58 N4 O14,866.95,,NON-POLYMER,3,C[C@@H]1C2=C(C(C(=N2)/C=C\3/[C@H]([C@](C(=N3)/C=C\4/[C@H]([C@]([C@@](N4)([C@H]5[C@@H]([C@@](C1=N5)(C)CCC(=O)O)CC(=O)O)C)(C)CC(=O)O)CCC(=O)O)(C)CC(=O)O)CCC(=O)O)(C)C)CCC(=O)O,https://www.rcsb.org/ligand/P8X,https://www.ebi.ac.uk/pdbe/static/files/pdbechem_v2/P8X_500.svg
排除,P3,P9D,"[{2-[({[(3R)-1-{8-[(4-tert-butyl-1,3-thiazol-2-yl)carbamoyl]-4-oxo-3-[(E)-2-(1H-tetrazol-5-yl)ethenyl]-4H-pyrido[1,2-a]pyrimidin-2-yl}piperidin-3-yl]oxy}carbonyl)amino]ethyl}(dimethyl)ammonio]acetate",,芳香/疏水侧链,否,未进入使用审计,0,0,,分子量超过500 Da，优先判断为复杂整分子,分子量超过300 Da，需确认偶联、脱保护和总环肽体积负担；杂原子较多，可能带来较高极性或多重保护需求；含预先形成的酰胺键，需确认主链氨基是否仍可偶联；CCD未指定标准氨基酸母体,C31 H39 N11 O6 S,693.776,,NON-POLYMER,1,CC(C)(C)c1csc(n1)NC(=O)C2=CC3=NC(=C(C(=O)N3C=C2)/C=C/c4[nH]nnn4)N5CCC[C@H](C5)OC(=O)NCC[N+](C)(C)CC(=O)[O-],https://www.rcsb.org/ligand/P9D,https://www.ebi.ac.uk/pdbe/static/files/pdbechem_v2/P9D_500.svg
暂缓,P3,P9H,(2~{S})-2-azanyl-5-[[(2~{R})-1-(2-hydroxy-2-oxoethylamino)-1-oxidanylidene-3-[(1~{R})-3-oxidanylidene-1-phenyl-propyl]sulfanyl-propan-2-yl]amino]-5-oxidanylidene-pentanoic acid,Glutathionyl-cinnamaldehyde,芳香/疏水侧链,需确认,未进入使用审计,0,0,,结构可能合理，但单体身份、偶联条件或复杂度证据不足，暂不进入研发候选库,分子量超过300 Da，需确认偶联、脱保护和总环肽体积负担；杂原子较多，可能带来较高极性或多重保护需求；含预先形成的酰胺键，需确认主链氨基是否仍可偶联；CCD未指定标准氨基酸母体,C19 H25 N3 O7 S,439.483,,non-polymer,1,c1ccc(cc1)[C@@H](CC=O)SC[C@@H](C(=O)NCC(=O)O)NC(=O)CC[C@@H](C(=O)O)N,https://www.rcsb.org/ligand/P9H,https://www.ebi.ac.uk/pdbe/static/files/pdbechem_v2/P9H_500.svg
排除,P3,PC3,COPROPORPHYRIN I CONTAINING CO(III),,其他候选,否,未进入使用审计,0,0,,含金属元素，不属于常规肽合成单体；分子量超过500 Da，优先判断为复杂整分子,分子量超过300 Da，需确认偶联、脱保护和总环肽体积负担；杂原子较多，可能带来较高极性或多重保护需求；CCD未指定标准氨基酸母体,C36 H36 Co N4 O8,711.626,,NON-POLYMER,4,Cc1c2n3c(c1CCC(=O)O)C=C4C(=C(C5=[N]4[Co]36[N]7=C(C=C8N6C(=C5)C(=C8CCC(=O)O)C)C(=C(C7=C2)CCC(=O)O)C)CCC(=O)O)C,https://www.rcsb.org/ligand/PC3,https://www.ebi.ac.uk/pdbe/static/files/pdbechem_v2/PC3_500.svg
暂缓,P3,PCN,"2-{1-[2-(2-AMINO-THIAZOL-4-YL)-2-METHOXYIMINO-ACETYLAMINO]-2-OXO-ETHYL}-5,5-DIMETHYL-THIAZOLIDINE-4-CARBOXYLIC ACID",,其他候选,需确认,未进入使用审计,0,0,,结构可能合理，但单体身份、偶联条件或复杂度证据不足，暂不进入研发候选库,分子量超过300 Da，需确认偶联、脱保护和总环肽体积负担；杂原子较多，可能带来较高极性或多重保护需求；CCD未指定标准氨基酸母体,C14 H19 N5 O5 S2,401.461,,NON-POLYMER,1,CC1([C@@H](N[C@H](S1)[C@@H](C=O)NC(=O)/C(=N\OC)/c2csc(n2)N)C(=O)O)C,https://www.rcsb.org/ligand/PCN,https://www.ebi.ac.uk/pdbe/static/files/pdbechem_v2/PCN_500.svg
暂缓,P3,PCX,DEOXYGUANIDINOPROCLAVAMINIC ACID,,其他候选,需确认,未进入使用审计,0,0,,结构可能合理，但单体身份、偶联条件或复杂度证据不足，暂不进入研发候选库,CCD未指定标准氨基酸母体,C9 H16 N4 O3,228.248,,NON-POLYMER,4,[H]/N=C(/N)\NCCC[C@@H](C(=O)O)N1CCC1=O,https://www.rcsb.org/ligand/PCX,https://www.ebi.ac.uk/pdbe/static/files/pdbechem_v2/PCX_500.svg
暂缓,P3,PDG,N-({3-HYDROXY-2-METHYL-5-[(PHOSPHONOOXY)METHYL]PYRIDIN-4-YL}METHYL)-D-GLUTAMIC ACID,N-PYRIDOXYL-D-GLUTAMIC ACID-5'-MONOPHOSPHATE,D-构型,需确认,未进入使用审计,0,0,,结构可能合理，但单体身份、偶联条件或复杂度证据不足，暂不进入研发候选库,分子量超过300 Da，需确认偶联、脱保护和总环肽体积负担；杂原子较多，可能带来较高极性或多重保护需求；含磷酸/膦酸相关结构，通常不利于被动跨膜；CCD未指定标准氨基酸母体,C13 H19 N2 O9 P,378.272,,NON-POLYMER,3,Cc1c(c(c(cn1)COP(=O)(O)O)CN[C@H](CCC(=O)O)C(=O)O)O,https://www.rcsb.org/ligand/PDG,https://www.ebi.ac.uk/pdbe/static/files/pdbechem_v2/PDG_500.svg
排除,P3,PDK,"(10S,13R)-3-{2-[{2-[bis(carboxymethyl)amino]ethyl}(carboxymethyl)amino]ethyl}-10-hydroxy-5,16-dioxo-13-(tetradecanoyloxy)-9,11,15-trioxa-3,6-diaza-10-phosphanonacosan-1-oic acid 10-oxide",PE-DTPA,其他候选,否,未进入使用审计,0,0,,分子量超过500 Da，优先判断为复杂整分子,分子量超过300 Da，需确认偶联、脱保护和总环肽体积负担；杂原子较多，可能带来较高极性或多重保护需求；含磷酸/膦酸相关结构，通常不利于被动跨膜；CCD未指定标准氨基酸母体,C47 H87 N4 O17 P,1011.184,,NON-POLYMER,1,CCCCCCCCCCCCCC(=O)OC[C@H](CO[P@@](=O)(O)OCCNC(=O)C[N@](CC[N@@](CCN(CC(=O)O)CC(=O)O)CC(=O)O)CC(=O)O)OC(=O)CCCCCCCCCCCCC,https://www.rcsb.org/ligand/PDK,https://www.ebi.ac.uk/pdbe/static/files/pdbechem_v2/PDK_500.svg
暂缓,P3,PFM,1-AMINO-7-(2-METHYL-3-OXIDO-5-((PHOSPHONOXY)METHYL)-4-PYRIDOXAL-5-OXO-6-HEPTENATE,PYRIDOXYLIDENE-PROPEN-1-YL-3-ALANINE-5-PHOSPHATE,芳香/疏水侧链,需确认,未进入使用审计,0,0,,结构可能合理，但单体身份、偶联条件或复杂度证据不足，暂不进入研发候选库,分子量超过300 Da，需确认偶联、脱保护和总环肽体积负担；杂原子较多，可能带来较高极性或多重保护需求；含磷酸/膦酸相关结构，通常不利于被动跨膜；CCD未指定标准氨基酸母体,C14 H19 N2 O8 P,374.283,,NON-POLYMER,1,Cc1c(c(c(cn1)COP(=O)(O)O)\C=C\C(=C\C[C@@H](C(=O)O)N)\O)O,https://www.rcsb.org/ligand/PFM,https://www.ebi.ac.uk/pdbe/static/files/pdbechem_v2/PFM_500.svg
暂缓,P3,PGU,N-({3-hydroxy-2-methyl-5-[(phosphonooxy)methyl]pyridin-4-yl}methyl)-L-glutamic acid,,芳香/疏水侧链,需确认,未进入使用审计,0,0,,结构可能合理，但单体身份、偶联条件或复杂度证据不足，暂不进入研发候选库,分子量超过300 Da，需确认偶联、脱保护和总环肽体积负担；杂原子较多，可能带来较高极性或多重保护需求；含磷酸/膦酸相关结构，通常不利于被动跨膜；CCD未指定标准氨基酸母体,C13 H19 N2 O9 P,378.272,,NON-POLYMER,3,Cc1c(c(c(cn1)COP(=O)(O)O)CN[C@@H](CCC(=O)O)C(=O)O)O,https://www.rcsb.org/ligand/PGU,https://www.ebi.ac.uk/pdbe/static/files/pdbechem_v2/PGU_500.svg
暂缓,P3,PJK,(3~{S})-1-[4-chloranyl-3-(trifluoromethyl)phenyl]pyrrolidine-3-carboxylic acid,,卤代/电子调节,需确认,未进入使用审计,0,0,,结构可能合理，但单体身份、偶联条件或复杂度证据不足，暂不进入研发候选库,CCD未指定标准氨基酸母体,C12 H11 Cl F3 N O2,293.669,,non-polymer,2,c1cc(c(cc1N2CC[C@@H](C2)C(=O)O)C(F)(F)F)Cl,https://www.rcsb.org/ligand/PJK,https://www.ebi.ac.uk/pdbe/static/files/pdbechem_v2/PJK_500.svg
暂缓,P3,PL4,"(2S,6S)-2-amino-6-[({3-hydroxy-2-methyl-5-[(phosphonooxy)methyl]pyridin-4-yl}methyl)amino]heptanedioic acid",,芳香/疏水侧链,需确认,未进入使用审计,0,0,,结构可能合理，但单体身份、偶联条件或复杂度证据不足，暂不进入研发候选库,分子量超过300 Da，需确认偶联、脱保护和总环肽体积负担；杂原子较多，可能带来较高极性或多重保护需求；含磷酸/膦酸相关结构，通常不利于被动跨膜；CCD未指定标准氨基酸母体,C15 H24 N3 O9 P,421.34,,NON-POLYMER,1,Cc1c(c(c(cn1)COP(=O)(O)O)CN[C@@H](CCC[C@@H](C(=O)O)N)C(=O)O)O,https://www.rcsb.org/ligand/PL4,https://www.ebi.ac.uk/pdbe/static/files/pdbechem_v2/PL4_500.svg
暂缓,P3,PL5,"(2S,6S)-2-amino-6-{[(1E)-{3-hydroxy-2-methyl-5-[(phosphonooxy)methyl]pyridin-4-yl}methylidene]amino}heptanedioic acid",,芳香/疏水侧链,需确认,未进入使用审计,0,0,,结构可能合理，但单体身份、偶联条件或复杂度证据不足，暂不进入研发候选库,分子量超过300 Da，需确认偶联、脱保护和总环肽体积负担；杂原子较多，可能带来较高极性或多重保护需求；含磷酸/膦酸相关结构，通常不利于被动跨膜；CCD未指定标准氨基酸母体,C15 H22 N3 O9 P,419.324,,NON-POLYMER,1,Cc1c(c(c(cn1)COP(=O)(O)O)\C=N\[C@@H](CCC[C@@H](C(=O)O)N)C(=O)O)O,https://www.rcsb.org/ligand/PL5,https://www.ebi.ac.uk/pdbe/static/files/pdbechem_v2/PL5_500.svg
暂缓,P3,PLA,2-[(3-HYDROXY-2-METHYL-5-PHOSPHONOOXYMETHYL-PYRIDIN-4-YLMETHYL)-AMINO]-2-METHYL-SUCCINIC ACID,N-PYRIDOXYL-2-METHYLASPARTIC ACID-5-MONOPHOSPHATE,芳香/疏水侧链,需确认,未进入使用审计,0,0,,结构可能合理，但单体身份、偶联条件或复杂度证据不足，暂不进入研发候选库,分子量超过300 Da，需确认偶联、脱保护和总环肽体积负担；杂原子较多，可能带来较高极性或多重保护需求；含磷酸/膦酸相关结构，通常不利于被动跨膜；CCD未指定标准氨基酸母体,C13 H19 N2 O9 P,378.272,,NON-POLYMER,2,Cc1c(c(c(cn1)COP(=O)(O)O)CN[C@@](C)(CC(=O)O)C(=O)O)O,https://www.rcsb.org/ligand/PLA,https://www.ebi.ac.uk/pdbe/static/files/pdbechem_v2/PLA_500.svg
暂缓,P3,PLK,(3R)-3-[({3-HYDROXY-2-METHYL-5-[(PHOSPHONOOXY)METHYL]PYRIDIN-4-YL}METHYL)AMINO]-5-METHYLHEXANOIC ACID,R-3-amino-5-methylhexanoicacid-pyridoxal-5p-phosphate,芳香/疏水侧链,需确认,未进入使用审计,0,0,,结构可能合理，但单体身份、偶联条件或复杂度证据不足，暂不进入研发候选库,分子量超过300 Da，需确认偶联、脱保护和总环肽体积负担；杂原子较多，可能带来较高极性或多重保护需求；含磷酸/膦酸相关结构，通常不利于被动跨膜；CCD未指定标准氨基酸母体,C15 H25 N2 O7 P,376.342,,non-polymer,2,Cc1c(c(c(cn1)COP(=O)(O)O)CN[C@H](CC(C)C)CC(=O)O)O,https://www.rcsb.org/ligand/PLK,https://www.ebi.ac.uk/pdbe/static/files/pdbechem_v2/PLK_500.svg
暂缓,P3,PLV,N-({3-HYDROXY-2-METHYL-5-[(PHOSPHONOOXY)METHYL]PYRIDIN-4-YL}METHYL)-O-METHYL-L-SERINE,PYRIDOXYL-(O-METHYL-SERINE)-5-MONOPHOSPHATE,芳香/疏水侧链,需确认,未进入使用审计,0,0,,结构可能合理，但单体身份、偶联条件或复杂度证据不足，暂不进入研发候选库,分子量超过300 Da，需确认偶联、脱保护和总环肽体积负担；杂原子较多，可能带来较高极性或多重保护需求；含磷酸/膦酸相关结构，通常不利于被动跨膜；CCD未指定标准氨基酸母体,C12 H19 N2 O8 P,350.262,,NON-POLYMER,1,Cc1c(c(c(cn1)COP(=O)(O)O)CN[C@@H](COC)C(=O)O)O,https://www.rcsb.org/ligand/PLV,https://www.ebi.ac.uk/pdbe/static/files/pdbechem_v2/PLV_500.svg
暂缓,P3,PMG,N-({3-HYDROXY-2-METHYL-5-[(PHOSPHONOOXY)METHYL]PYRIDIN-4-YL}METHYL)-2-METHYL-L-GLUTAMIC ACID,N-PYRIDOXYL-2-METHYL-L-GLUTAMIC ACID-5'-MONOPHOSPHATE,芳香/疏水侧链,需确认,未进入使用审计,0,0,,结构可能合理，但单体身份、偶联条件或复杂度证据不足，暂不进入研发候选库,分子量超过300 Da，需确认偶联、脱保护和总环肽体积负担；杂原子较多，可能带来较高极性或多重保护需求；含磷酸/膦酸相关结构，通常不利于被动跨膜；CCD未指定标准氨基酸母体,C14 H21 N2 O9 P,392.298,,NON-POLYMER,3,Cc1c(c(c(cn1)COP(=O)(O)O)CN[C@@](C)(CCC(=O)O)C(=O)O)O,https://www.rcsb.org/ligand/PMG,https://www.ebi.ac.uk/pdbe/static/files/pdbechem_v2/PMG_500.svg
排除,P3,PNK,"(2R,4S)-2-{(R)-carboxy[(phenylacetyl)amino]methyl}-5,5-dimethyl-1,3-thiazolidine-4-carboxylic acid","Penicillin, hydroxylated form",芳香/疏水侧链,否,未进入使用审计,0,0,,名称明确提示药物、抗生素或反应中间体,分子量超过300 Da，需确认偶联、脱保护和总环肽体积负担；CCD未指定标准氨基酸母体,C16 H20 N2 O5 S,352.405,,NON-POLYMER,2,CC1([C@@H](N[C@H](S1)[C@@H](C(=O)O)NC(=O)Cc2ccccc2)C(=O)O)C,https://www.rcsb.org/ligand/PNK,https://www.ebi.ac.uk/pdbe/static/files/pdbechem_v2/PNK_500.svg
排除,P3,PNM,OPEN FORM - PENICILLIN G,,其他候选,否,未进入使用审计,0,0,,名称明确提示药物、抗生素或反应中间体,分子量超过300 Da，需确认偶联、脱保护和总环肽体积负担；CCD未指定标准氨基酸母体,C16 H20 N2 O4 S,336.406,,NON-POLYMER,1,CC1([C@@H](N[C@H](S1)[C@@H](C=O)NC(=O)Cc2ccccc2)C(=O)O)C,https://www.rcsb.org/ligand/PNM,https://www.ebi.ac.uk/pdbe/static/files/pdbechem_v2/PNM_500.svg
暂缓,P3,POI,N~2~-ACETYL-N~5~-({3-HYDROXY-2-METHYL-5-[(PHOSPHONOOXY)METHYL]PYRIDIN-4-YL}METHYL)-L-ORNITHINE,,芳香/疏水侧链,需确认,未进入使用审计,0,0,,结构可能合理，但单体身份、偶联条件或复杂度证据不足，暂不进入研发候选库,分子量超过300 Da，需确认偶联、脱保护和总环肽体积负担；杂原子较多，可能带来较高极性或多重保护需求；含磷酸/膦酸相关结构，通常不利于被动跨膜；CCD未指定标准氨基酸母体,C15 H24 N3 O8 P,405.34,,NON-POLYMER,4,Cc1c(c(c(cn1)COP(=O)(O)O)CNCCC[C@@H](C(=O)O)NC(=O)C)O,https://www.rcsb.org/ligand/POI,https://www.ebi.ac.uk/pdbe/static/files/pdbechem_v2/POI_500.svg
暂缓,P3,PPD,2-[(3-HYDROXY-2-METHYL-5-PHOSPHONOOXYMETHYL-PYRIDIN-4-YLMETHYLENE)-AMINO]-SUCCINIC ACID,PYRIDOXYL-ASPARTIC ACID-5-MONOPHOSPHATE,芳香/疏水侧链,需确认,未进入使用审计,0,0,,结构可能合理，但单体身份、偶联条件或复杂度证据不足，暂不进入研发候选库,分子量超过300 Da，需确认偶联、脱保护和总环肽体积负担；杂原子较多，可能带来较高极性或多重保护需求；含磷酸/膦酸相关结构，通常不利于被动跨膜；CCD未指定标准氨基酸母体,C12 H17 N2 O9 P,364.245,,NON-POLYMER,2,Cc1c(c(c(cn1)COP(=O)(O)O)CN[C@@H](CC(=O)O)C(=O)O)O,https://www.rcsb.org/ligand/PPD,https://www.ebi.ac.uk/pdbe/static/files/pdbechem_v2/PPD_500.svg
暂缓,P3,PPE,"4-[(1,3-DICARBOXY-PROPYLAMINO)-METHYL]-3-HYDROXY-2-METHYL-5-PHOSPHONOOXYMETHYL-PYRIDINIUM",PYRIDOXYL-GLUTAMIC ACID-5'-MONOPHOSPHATE,芳香/疏水侧链,需确认,未进入使用审计,0,0,,结构可能合理，但单体身份、偶联条件或复杂度证据不足，暂不进入研发候选库,分子量超过300 Da，需确认偶联、脱保护和总环肽体积负担；杂原子较多，可能带来较高极性或多重保护需求；含磷酸/膦酸相关结构，通常不利于被动跨膜；CCD未指定标准氨基酸母体,C13 H20 N2 O9 P,379.28,,NON-POLYMER,3,Cc1c(c(c(c[nH+]1)COP(=O)(O)O)CN[C@@H](CCC(=O)O)C(=O)O)O,https://www.rcsb.org/ligand/PPE,https://www.ebi.ac.uk/pdbe/static/files/pdbechem_v2/PPE_500.svg
暂缓,P3,PQT,(3~{R})-1-(2-chlorophenyl)pyrrolidine-3-carboxylic acid,,卤代/电子调节,需确认,未进入使用审计,0,0,,结构可能合理，但单体身份、偶联条件或复杂度证据不足，暂不进入研发候选库,CCD未指定标准氨基酸母体,C11 H12 Cl N O2,225.671,,non-polymer,2,c1ccc(c(c1)N2CC[C@H](C2)C(=O)O)Cl,https://www.rcsb.org/ligand/PQT,https://www.ebi.ac.uk/pdbe/static/files/pdbechem_v2/PQT_500.svg
暂缓,P3,PQX,1-[(1R)-1-naphthalen-1-ylethyl]piperidine-4-carboxylic acid,,芳香/疏水侧链,需确认,未进入使用审计,0,0,,结构可能合理，但单体身份、偶联条件或复杂度证据不足，暂不进入研发候选库,CCD未指定标准氨基酸母体,C18 H21 N O2,283.365,,non-polymer,3,C[C@H](c1cccc2c1cccc2)N3CCC(CC3)C(=O)O,https://www.rcsb.org/ligand/PQX,https://www.ebi.ac.uk/pdbe/static/files/pdbechem_v2/PQX_500.svg
排除,P3,PS1,"1,2-DIDECANOYL-SN-GLYCERO-3-[PHOSPHO-L-SERINE]",,其他候选,否,未进入使用审计,0,0,,分子量超过500 Da，优先判断为复杂整分子,分子量超过300 Da，需确认偶联、脱保护和总环肽体积负担；杂原子较多，可能带来较高极性或多重保护需求；含磷酸/膦酸相关结构，通常不利于被动跨膜；CCD未指定标准氨基酸母体,C26 H49 N O10 P,566.642,,NON-POLYMER,1,CCCCCCCCCC(=O)OC[C@H](CO[P@](=O)([O-])OC[C@@H](C(=O)O)N)OC(=O)CCCCCCCCC,https://www.rcsb.org/ligand/PS1,https://www.ebi.ac.uk/pdbe/static/files/pdbechem_v2/PS1_500.svg
排除,P3,PS2,"O-[{[(2R)-2-{[(9S,10S)-9,10-DIBROMOOCTADECANOYL]OXY}-3-(PALMITOYLOXY)PROPYL]OXY}(HYDROXY)PHOSPHORYL]-L-SERINE","DIBROMINATED PHOSPHATIDYLSERINE; 1-PALMITOYL-2-STEAROYL(9,10-DIBROMO)-SN-GLYCERO-3-[PHOSPHO-L-SERINE](SODIUM SALT)",卤代/电子调节,否,未进入使用审计,0,0,,分子量超过500 Da，优先判断为复杂整分子,分子量超过300 Da，需确认偶联、脱保护和总环肽体积负担；杂原子较多，可能带来较高极性或多重保护需求；含磷酸/膦酸相关结构，通常不利于被动跨膜；CCD未指定标准氨基酸母体,C40 H76 Br2 N O10 P,921.814,,NON-POLYMER,1,CCCCCCCCCCCCCCCC(=O)OC[C@H](CO[P@@](=O)(O)OC[C@@H](C(=O)O)N)OC(=O)CCCCCCC[C@@H]([C@H](CCCCCCCC)Br)Br,https://www.rcsb.org/ligand/PS2,https://www.ebi.ac.uk/pdbe/static/files/pdbechem_v2/PS2_500.svg
排除,P3,PS6,O-[(S)-{[(2S)-2-(hexanoyloxy)-3-(tetradecanoyloxy)propyl]oxy}(hydroxy)phosphoryl]-D-serine,,D-构型,否,未进入使用审计,0,0,,分子量超过500 Da，优先判断为复杂整分子,分子量超过300 Da，需确认偶联、脱保护和总环肽体积负担；杂原子较多，可能带来较高极性或多重保护需求；含磷酸/膦酸相关结构，通常不利于被动跨膜；CCD未指定标准氨基酸母体,C26 H50 N O10 P,567.65,,NON-POLYMER,1,CCCCCCCCCCCCCC(=O)OC[C@@H](CO[P@@](=O)(O)OC[C@H](C(=O)O)N)OC(=O)CCCCC,https://www.rcsb.org/ligand/PS6,https://www.ebi.ac.uk/pdbe/static/files/pdbechem_v2/PS6_500.svg
暂缓,P3,PSF,"1,2-DICAPROYL-SN-PHOSPHATIDYL-L-SERINE",PHOSPHATIDYLSERINE,其他候选,需确认,未进入使用审计,0,0,,结构可能合理，但单体身份、偶联条件或复杂度证据不足，暂不进入研发候选库,分子量超过300 Da，需确认偶联、脱保护和总环肽体积负担；杂原子较多，可能带来较高极性或多重保护需求；含磷酸/膦酸相关结构，通常不利于被动跨膜；CCD未指定标准氨基酸母体,C18 H34 N O10 P,455.437,,NON-POLYMER,1,CCCCCC(=O)OCC(CO[P@@](=O)(O)OC[C@@H](C(=O)O)N)OC(=O)CCCCC,https://www.rcsb.org/ligand/PSF,https://www.ebi.ac.uk/pdbe/static/files/pdbechem_v2/PSF_500.svg
暂缓,P3,PUE,(3~{R})-1-phenylpyrrolidine-3-carboxylic acid,,芳香/疏水侧链,需确认,未进入使用审计,0,0,,结构可能合理，但单体身份、偶联条件或复杂度证据不足，暂不进入研发候选库,CCD未指定标准氨基酸母体,C11 H13 N O2,191.226,,non-polymer,2,c1ccc(cc1)N2CC[C@H](C2)C(=O)O,https://www.rcsb.org/ligand/PUE,https://www.ebi.ac.uk/pdbe/static/files/pdbechem_v2/PUE_500.svg
暂缓,P3,PVE,"(1S)-1-CARBOXY-5-[(3-CARBOXYPROPANOYL)AMINO]-8,9-DIHYDROXY-1,2,3,4-TETRAHYDROPYRIMIDO[1,2-A]QUINOLIN-11-IUM",,其他候选,需确认,未进入使用审计,0,0,,结构可能合理，但单体身份、偶联条件或复杂度证据不足，暂不进入研发候选库,分子量超过300 Da，需确认偶联、脱保护和总环肽体积负担；杂原子较多，可能带来较高极性或多重保护需求；CCD未指定标准氨基酸母体,C17 H18 N3 O7,376.341,,non-polymer,3,c1c2cc(c(cc2[n+]3c(c1NC(=O)CCC(=O)O)NCC[C@H]3C(=O)O)O)O,https://www.rcsb.org/ligand/PVE,https://www.ebi.ac.uk/pdbe/static/files/pdbechem_v2/PVE_500.svg
暂缓,P3,PVK,"(S)-1-(2'-Amino-2'-carboxyethyl)-5,7-dihydrofuro[3,4-d]-pyrimidine-2,4(1H,3H)-dione","(2~{S})-2-azanyl-3-[2,4-bis(oxidanylidene)furo[3,4-d]pyrimidin-1-yl]propanoic acid",其他候选,需确认,未进入使用审计,0,0,,结构可能合理，但单体身份、偶联条件或复杂度证据不足，暂不进入研发候选库,含预先形成的酰胺键，需确认主链氨基是否仍可偶联；CCD未指定标准氨基酸母体,C9 H11 N3 O5,241.201,,non-polymer,1,C1C2=C(CO1)N(C(=O)NC2=O)C[C@@H](C(=O)O)N,https://www.rcsb.org/ligand/PVK,https://www.ebi.ac.uk/pdbe/static/files/pdbechem_v2/PVK_500.svg
暂缓,P3,PVQ,"(S)-1-[2'-Amino-2'-carboxyethyl]-5,7-dihydropyrrolo[3,4-d]pyrimidin-2,4(1H,3H)-dione","(2~{S})-2-azanyl-3-[2,4-bis(oxidanylidene)-6,7-dihydro-5~{H}-pyrrolo[3,4-d]pyrimidin-1-yl]propanoic acid",其他候选,需确认,未进入使用审计,0,0,,结构可能合理，但单体身份、偶联条件或复杂度证据不足，暂不进入研发候选库,含预先形成的酰胺键，需确认主链氨基是否仍可偶联；CCD未指定标准氨基酸母体,C9 H12 N4 O4,240.216,,non-polymer,1,C1C2=C(CN1)N(C(=O)NC2=O)C[C@@H](C(=O)O)N,https://www.rcsb.org/ligand/PVQ,https://www.ebi.ac.uk/pdbe/static/files/pdbechem_v2/PVQ_500.svg
暂缓,P3,PXH,"(2~{R},4~{S})-5,5-dimethyl-2-[(2~{S},3~{R})-3-oxidanyl-1-oxidanylidene-5-thiophen-2-yl-pentan-2-yl]-1,3-thiazolidine-4-carboxylic acid",,其他候选,需确认,未进入使用审计,0,0,,结构可能合理，但单体身份、偶联条件或复杂度证据不足，暂不进入研发候选库,分子量超过300 Da，需确认偶联、脱保护和总环肽体积负担；CCD未指定标准氨基酸母体,C15 H21 N O4 S2,343.462,,NON-POLYMER,1,CC1([C@@H](N[C@H](S1)[C@H](C=O)[C@@H](CCc2cccs2)O)C(=O)O)C,https://www.rcsb.org/ligand/PXH,https://www.ebi.ac.uk/pdbe/static/files/pdbechem_v2/PXH_500.svg
暂缓,P3,PY6,2-[O-PHOSPHONOPYRIDOXYL]-AMINO-HEXANOIC ACID,VITAMIN B6 COMPLEXED WITH 2-AMINO-HEXANOIC ACID,芳香/疏水侧链,需确认,未进入使用审计,0,0,,结构可能合理，但单体身份、偶联条件或复杂度证据不足，暂不进入研发候选库,分子量超过300 Da，需确认偶联、脱保护和总环肽体积负担；杂原子较多，可能带来较高极性或多重保护需求；含磷酸/膦酸相关结构，通常不利于被动跨膜；CCD未指定标准氨基酸母体,C14 H23 N2 O7 P,362.315,,NON-POLYMER,1,CCCC[C@@H](C(=O)O)NCc1c(cnc(c1O)C)COP(=O)(O)O,https://www.rcsb.org/ligand/PY6,https://www.ebi.ac.uk/pdbe/static/files/pdbechem_v2/PY6_500.svg
排除,P3,PZN,3-(2-{5-TERT-BUTYL-3-[(4-METHYL-FURAZAN-3-YLMETHYL)-AMINO]-2-OXO-2H-PYRAZIN-1-YL}-BUTYRYLAMINO)-5-(HEXYL-METHYL-AMINO)-4-OXO-PENTANOIC ACID ANION,,其他候选,否,未进入使用审计,0,0,,分子量超过500 Da，优先判断为复杂整分子,分子量超过300 Da，需确认偶联、脱保护和总环肽体积负担；杂原子较多，可能带来较高极性或多重保护需求；CCD未指定标准氨基酸母体,C28 H44 N7 O6,574.692,,NON-POLYMER,4,CCCCCC[N@](C)CC(=O)[C@H](CC(=O)[O-])NC(=O)[C@H](CC)N1C=C(N=C(C1=O)NCc2c(non2)C)C(C)(C)C,https://www.rcsb.org/ligand/PZN,https://www.ebi.ac.uk/pdbe/static/files/pdbechem_v2/PZN_500.svg
排除,P3,Q2M,5'-{[(3S)-3-amino-3-carboxypropyl]({1-[(thiophen-2-yl)methyl]azetidin-3-yl}methyl)amino}-5'-deoxyadenosine,,其他候选,否,未进入使用审计,0,0,,分子量超过500 Da，优先判断为复杂整分子,分子量超过300 Da，需确认偶联、脱保护和总环肽体积负担；杂原子较多，可能带来较高极性或多重保护需求；CCD未指定标准氨基酸母体,C23 H32 N8 O5 S,532.616,,NON-POLYMER,1,c1cc(sc1)CN2CC(C2)CN(CC[C@@H](C(=O)O)N)C[C@@H]3[C@H]([C@H]([C@@H](O3)n4cnc5c4ncnc5N)O)O,https://www.rcsb.org/ligand/Q2M,https://www.ebi.ac.uk/pdbe/static/files/pdbechem_v2/Q2M_500.svg
排除,P3,Q2P,5'-{[(3S)-3-amino-3-carboxypropyl]({1-[(3-chlorophenyl)methyl]azetidin-3-yl}methyl)amino}-5'-deoxyadenosine,,卤代/电子调节,否,未进入使用审计,0,0,,分子量超过500 Da，优先判断为复杂整分子,分子量超过300 Da，需确认偶联、脱保护和总环肽体积负担；杂原子较多，可能带来较高极性或多重保护需求；CCD未指定标准氨基酸母体,C25 H33 Cl N8 O5,561.033,,NON-POLYMER,1,c1cc(cc(c1)Cl)CN2CC(C2)CN(CC[C@@H](C(=O)O)N)C[C@@H]3[C@H]([C@H]([C@@H](O3)n4cnc5c4ncnc5N)O)O,https://www.rcsb.org/ligand/Q2P,https://www.ebi.ac.uk/pdbe/static/files/pdbechem_v2/Q2P_500.svg
排除,P3,Q2V,"5'-([(3S)-3-amino-3-carboxypropyl]{[1-(3,3-diphenylpropyl)azetidin-3-yl]methyl}amino)-5'-deoxyadenosine",,芳香/疏水侧链,否,未进入使用审计,0,0,,分子量超过500 Da，优先判断为复杂整分子,分子量超过300 Da，需确认偶联、脱保护和总环肽体积负担；杂原子较多，可能带来较高极性或多重保护需求；CCD未指定标准氨基酸母体,C33 H42 N8 O5,630.737,,NON-POLYMER,1,c1ccc(cc1)C(CCN2CC(C2)CN(CC[C@@H](C(=O)O)N)C[C@@H]3[C@H]([C@H]([C@@H](O3)n4cnc5c4ncnc5N)O)O)c6ccccc6,https://www.rcsb.org/ligand/Q2V,https://www.ebi.ac.uk/pdbe/static/files/pdbechem_v2/Q2V_500.svg
排除,P3,Q34,5'-{[(3S)-3-amino-3-carboxypropyl]({1-[(4-chlorophenyl)methyl]azetidin-3-yl}methyl)amino}-5'-deoxyadenosine,,卤代/电子调节,否,未进入使用审计,0,0,,分子量超过500 Da，优先判断为复杂整分子,分子量超过300 Da，需确认偶联、脱保护和总环肽体积负担；杂原子较多，可能带来较高极性或多重保护需求；CCD未指定标准氨基酸母体,C25 H33 Cl N8 O5,561.033,,NON-POLYMER,1,c1cc(ccc1CN2CC(C2)CN(CC[C@@H](C(=O)O)N)C[C@@H]3[C@H]([C@H]([C@@H](O3)n4cnc5c4ncnc5N)O)O)Cl,https://www.rcsb.org/ligand/Q34,https://www.ebi.ac.uk/pdbe/static/files/pdbechem_v2/Q34_500.svg
排除,P3,Q3G,O-[(R)-[(2S)-2-(hexadecanoyloxy)-3-(octadecanoyloxy)propoxy](hydroxy)phosphoryl]-D-serine,,D-构型,否,未进入使用审计,0,0,,分子量超过500 Da，优先判断为复杂整分子,分子量超过300 Da，需确认偶联、脱保护和总环肽体积负担；杂原子较多，可能带来较高极性或多重保护需求；含磷酸/膦酸相关结构，通常不利于被动跨膜；CCD未指定标准氨基酸母体,C40 H78 N O10 P,764.022,,NON-POLYMER,1,CCCCCCCCCCCCCCCCCC(=O)OC[C@@H](COP(=O)(O)OC[C@H](C(=O)O)N)OC(=O)CCCCCCCCCCCCCCC,https://www.rcsb.org/ligand/Q3G,https://www.ebi.ac.uk/pdbe/static/files/pdbechem_v2/Q3G_500.svg
暂缓,P3,Q3L,"(2~{S})-3-[2-[(2~{S},3~{R},4~{S},5~{R},6~{R})-6-[(1~{R},2~{R})-1-azanyl-2-oxidanyl-propyl]-3,4,5-tris(oxidanyl)oxan-2-yl]sulfanyl-1~{H}-imidazol-5-yl]-2-(trimethyl-$l^{4}-azanyl)propanoic acid",,其他候选,需确认,未进入使用审计,0,0,,结构可能合理，但单体身份、偶联条件或复杂度证据不足，暂不进入研发候选库,分子量超过300 Da，需确认偶联、脱保护和总环肽体积负担；杂原子较多，可能带来较高极性或多重保护需求；CCD未指定标准氨基酸母体,C17 H31 N4 O7 S,435.516,,non-polymer,1,C[C@H]([C@H]([C@@H]1[C@@H]([C@@H]([C@H]([C@@H](O1)Sc2[nH]c(cn2)C[C@@H](C(=O)O)[N+](C)(C)C)O)O)O)N)O,https://www.rcsb.org/ligand/Q3L,https://www.ebi.ac.uk/pdbe/static/files/pdbechem_v2/Q3L_500.svg
暂缓,P3,Q3O,"3-hydroxy-4-oxo-1,4-dihydropyridine-2-carboxylic acid",,芳香/疏水侧链,需确认,未进入使用审计,0,0,,结构可能合理，但单体身份、偶联条件或复杂度证据不足，暂不进入研发候选库,CCD未指定标准氨基酸母体,C6 H5 N O4,155.108,,non-polymer,1,C1=CNC(=C(C1=O)O)C(=O)O,https://www.rcsb.org/ligand/Q3O,https://www.ebi.ac.uk/pdbe/static/files/pdbechem_v2/Q3O_500.svg
暂缓,P3,Q3Y,"(3S,4R)-1-[1-(2-chloro-6-cyclopropylbenzene-1-carbonyl)-4-fluoro-1H-indazol-3-yl]-3-hydroxypiperidine-4-carboxylic acid",,构象限制,需确认,未进入使用审计,0,0,,结构可能合理，但单体身份、偶联条件或复杂度证据不足，暂不进入研发候选库,分子量超过300 Da，需确认偶联、脱保护和总环肽体积负担；CCD未指定标准氨基酸母体,C23 H21 Cl F N3 O4,457.882,,NON-POLYMER,3,c1cc(c(c(c1)Cl)C(=O)n2c3cccc(c3c(n2)N4CC[C@H]([C@@H](C4)O)C(=O)O)F)C5CC5,https://www.rcsb.org/ligand/Q3Y,https://www.ebi.ac.uk/pdbe/static/files/pdbechem_v2/Q3Y_500.svg
暂缓,P3,Q42,"(2S,3aR,7aS)-2,3,3a,4,5,6,7,7a-octahydro-1H-indole-2-carboxylic acid",,芳香/疏水侧链,需确认,未进入使用审计,0,0,,结构可能合理，但单体身份、偶联条件或复杂度证据不足，暂不进入研发候选库,CCD未指定标准氨基酸母体,C9 H15 N O2,169.221,,non-polymer,1,C1CC[C@H]2[C@H](C1)C[C@H](N2)C(=O)O,https://www.rcsb.org/ligand/Q42,https://www.ebi.ac.uk/pdbe/static/files/pdbechem_v2/Q42_500.svg
暂缓,P3,Q53," (R)-2-((R)-((R)-2-amino-2-phenylacetamido)(carboxy)methyl)-5-methyl-3,6-dihydro-2H-1,3-thiazine-4-carboxylic acid",cephalexin,芳香/疏水侧链,需确认,未进入使用审计,0,0,,结构可能合理，但单体身份、偶联条件或复杂度证据不足，暂不进入研发候选库,分子量超过300 Da，需确认偶联、脱保护和总环肽体积负担；CCD未指定标准氨基酸母体,C16 H19 N3 O5 S,365.404,,non-polymer,2,CC1=C(N[C@H](SC1)[C@@H](C(=O)O)NC(=O)[C@@H](c2ccccc2)N)C(=O)O,https://www.rcsb.org/ligand/Q53,https://www.ebi.ac.uk/pdbe/static/files/pdbechem_v2/Q53_500.svg
排除,P3,Q5V,"N-[(4-methoxyphenyl)sulfonyl]-N-(4-{[(4-methoxyphenyl)sulfonyl](2,2,2-trifluoroethyl)amino}isoquinolin-1-yl)glycine",,卤代/电子调节,否,未进入使用审计,0,0,,分子量超过500 Da，优先判断为复杂整分子,分子量超过300 Da，需确认偶联、脱保护和总环肽体积负担；杂原子较多，可能带来较高极性或多重保护需求；CCD未指定标准氨基酸母体,C27 H24 F3 N3 O8 S2,639.62,,NON-POLYMER,1,COc1ccc(cc1)S(=O)(=O)N(CC(=O)O)c2c3ccccc3c(cn2)N(CC(F)(F)F)S(=O)(=O)c4ccc(cc4)OC,https://www.rcsb.org/ligand/Q5V,https://www.ebi.ac.uk/pdbe/static/files/pdbechem_v2/Q5V_500.svg
排除,P3,Q5Y,N-[(4-methoxyphenyl)sulfonyl]-N-(4-{[(4-methoxyphenyl)sulfonyl]amino}naphthalen-1-yl)glycine,,芳香/疏水侧链,否,未进入使用审计,0,0,,分子量超过500 Da，优先判断为复杂整分子,分子量超过300 Da，需确认偶联、脱保护和总环肽体积负担；杂原子较多，可能带来较高极性或多重保护需求；CCD未指定标准氨基酸母体,C26 H24 N2 O8 S2,556.607,,NON-POLYMER,1,COc1ccc(cc1)S(=O)(=O)Nc2ccc(c3c2cccc3)N(CC(=O)O)S(=O)(=O)c4ccc(cc4)OC,https://www.rcsb.org/ligand/Q5Y,https://www.ebi.ac.uk/pdbe/static/files/pdbechem_v2/Q5Y_500.svg
暂缓,P3,Q6R,"(R)-2-((R)-((R)-2-amino-2-phenylacetamido)(carboxy)methyl)-5-chloro-3,6-dihydro-2H-1,3-thiazine-4-carboxylic acid",cefaclor,卤代/电子调节,需确认,未进入使用审计,0,0,,结构可能合理，但单体身份、偶联条件或复杂度证据不足，暂不进入研发候选库,分子量超过300 Da，需确认偶联、脱保护和总环肽体积负担；含预先形成的酰胺键，需确认主链氨基是否仍可偶联；CCD未指定标准氨基酸母体,C15 H16 Cl N3 O5 S,385.823,,non-polymer,1,c1ccc(cc1)[C@H](C(=O)N[C@@H]([C@@H]2NC(=C(CS2)Cl)C(=O)O)C(=O)O)N,https://www.rcsb.org/ligand/Q6R,https://www.ebi.ac.uk/pdbe/static/files/pdbechem_v2/Q6R_500.svg
暂缓,P3,Q73,"(3~{S},5~{R},6~{E},8~{Z},10~{R},12~{E},14~{E},16~{S})-3,16-bis(azanyl)-8,10,12-trimethyl-16-[(2~{S},4~{R},5~{S},6~{S})-5-methyl-4-oxidanyl-6-[(~{E})-prop-1-enyl]oxan-2-yl]-5-oxidanyl-hexadeca-6,8,12,14-tetraenoic acid",,其他候选,需确认,未进入使用审计,0,0,,结构可能合理，但单体身份、偶联条件或复杂度证据不足，暂不进入研发候选库,分子量超过300 Da，需确认偶联、脱保护和总环肽体积负担；CCD未指定标准氨基酸母体,C28 H46 N2 O5,490.675,,non-polymer,2,C/C=C/[C@H]1[C@H]([C@@H](C[C@H](O1)[C@H](/C=C/C=C(\C)/C[C@@H](C)/C=C(/C)\C=C\[C@@H](C[C@@H](CC(=O)O)N)O)N)O)C,https://www.rcsb.org/ligand/Q73,https://www.ebi.ac.uk/pdbe/static/files/pdbechem_v2/Q73_500.svg
暂缓,P3,QAT,"5-mercaptopyridine-2,3-dicarboxylic acid",,芳香/疏水侧链,需确认,未进入使用审计,0,0,,结构可能合理，但单体身份、偶联条件或复杂度证据不足，暂不进入研发候选库,CCD未指定标准氨基酸母体,C7 H5 N O4 S,199.184,,NON-POLYMER,1,C1C(=S)C=NC(=C1C(=O)O)C(=O)O,https://www.rcsb.org/ligand/QAT,https://www.ebi.ac.uk/pdbe/static/files/pdbechem_v2/QAT_500.svg
暂缓,P3,QCN,(2~{S})-2-azanyl-3-(3-~{tert}-butyl-4-oxidanyl-phenyl)propanal,,芳香/疏水侧链,需确认,未进入使用审计,0,0,,结构可能合理，但单体身份、偶联条件或复杂度证据不足，暂不进入研发候选库,CCD未指定标准氨基酸母体,C13 H19 N O3,237.295,,non-polymer,1,CC(C)(C)c1cc(ccc1O)C[C@@H](C(=O)O)N,https://www.rcsb.org/ligand/QCN,https://www.ebi.ac.uk/pdbe/static/files/pdbechem_v2/QCN_500.svg
排除,P3,QGD,O-{(R)-hydroxy[(2R)-3-(icosyloxy)-2-(tetradecanoyloxy)propoxy]phosphoryl}-L-serine,,其他候选,否,未进入使用审计,0,0,,分子量超过500 Da，优先判断为复杂整分子,分子量超过300 Da，需确认偶联、脱保护和总环肽体积负担；杂原子较多，可能带来较高极性或多重保护需求；含磷酸/膦酸相关结构，通常不利于被动跨膜；CCD未指定标准氨基酸母体,C40 H80 N O9 P,750.038,,non-polymer,1,CCCCCCCCCCCCCCCCCCCCOC[C@H](COP(=O)(O)OC[C@@H](C(=O)O)N)OC(=O)CCCCCCCCCCCCC,https://www.rcsb.org/ligand/QGD,https://www.ebi.ac.uk/pdbe/static/files/pdbechem_v2/QGD_500.svg
暂缓,P3,QGG,1-({4-CHLORO-1-[(DIAMINOMETHYLIDENE)AMINO]ISOQUINOLIN-7-YL}SULFONYL)-D-PROLINE,,D-构型,需确认,未进入使用审计,0,0,,结构可能合理，但单体身份、偶联条件或复杂度证据不足，暂不进入研发候选库,分子量超过300 Da，需确认偶联、脱保护和总环肽体积负担；杂原子较多，可能带来较高极性或多重保护需求；CCD未指定标准氨基酸母体,C15 H16 Cl N5 O4 S,397.837,,non-polymer,1,c1cc2c(cc1S(=O)(=O)N3CCC[C@@H]3C(=O)O)c(ncc2Cl)N=C(N)N,https://www.rcsb.org/ligand/QGG,https://www.ebi.ac.uk/pdbe/static/files/pdbechem_v2/QGG_500.svg
暂缓,P3,QGM,"(2R,4S)-5,7-dichloro-4-[(phenylcarbamoyl)amino]-1,2,3,4-tetrahydroquinoline-2-carboxylic acid",,卤代/电子调节,需确认,未进入使用审计,0,0,,结构可能合理，但单体身份、偶联条件或复杂度证据不足，暂不进入研发候选库,分子量超过300 Da，需确认偶联、脱保护和总环肽体积负担；含预先形成的酰胺键，需确认主链氨基是否仍可偶联；CCD未指定标准氨基酸母体,C17 H15 Cl2 N3 O3,380.225,,non-polymer,1,c1ccc(cc1)NC(=O)N[C@H]2C[C@@H](Nc3c2c(cc(c3)Cl)Cl)C(=O)O,https://www.rcsb.org/ligand/QGM,https://www.ebi.ac.uk/pdbe/static/files/pdbechem_v2/QGM_500.svg
暂缓,P3,QGP,"(2S)-2-amino-3-[2',4'-dichloro-4-hydroxy-5-(phosphonomethyl)biphenyl-3-yl]propanoic acid",,卤代/电子调节,需确认,未进入使用审计,0,0,,结构可能合理，但单体身份、偶联条件或复杂度证据不足，暂不进入研发候选库,分子量超过300 Da，需确认偶联、脱保护和总环肽体积负担；杂原子较多，可能带来较高极性或多重保护需求；含磷酸/膦酸相关结构，通常不利于被动跨膜；CCD未指定标准氨基酸母体,C16 H16 Cl2 N O6 P,420.181,,non-polymer,1,c1cc(c(cc1Cl)Cl)c2cc(c(c(c2)CP(=O)(O)O)O)C[C@@H](C(=O)O)N,https://www.rcsb.org/ligand/QGP,https://www.ebi.ac.uk/pdbe/static/files/pdbechem_v2/QGP_500.svg
排除,P3,QH2,"1-[3-[2-hydroxy-2-oxoethyl(phenylsulfonyl)amino]phenyl]-5-[(1~{S},2~{S})-2-phenylcyclopropyl]pyrazole-4-carboxylic acid",,构象限制,否,未进入使用审计,0,0,,分子量超过500 Da，优先判断为复杂整分子,分子量超过300 Da，需确认偶联、脱保护和总环肽体积负担；杂原子较多，可能带来较高极性或多重保护需求；CCD未指定标准氨基酸母体,C27 H23 N3 O6 S,517.553,,non-polymer,1,c1ccc(cc1)[C@H]2C[C@@H]2c3c(cnn3c4cccc(c4)N(CC(=O)O)S(=O)(=O)c5ccccc5)C(=O)O,https://www.rcsb.org/ligand/QH2,https://www.ebi.ac.uk/pdbe/static/files/pdbechem_v2/QH2_500.svg
暂缓,P3,QH8,1-[3-[(4-butylphenyl)sulfonyl-(2-hydroxy-2-oxoethyl)amino]phenyl]-5-cyclopropyl-pyrazole-4-carboxylic acid,,构象限制,需确认,未进入使用审计,0,0,,结构可能合理，但单体身份、偶联条件或复杂度证据不足，暂不进入研发候选库,分子量超过300 Da，需确认偶联、脱保护和总环肽体积负担；杂原子较多，可能带来较高极性或多重保护需求；CCD未指定标准氨基酸母体,C25 H27 N3 O6 S,497.563,,non-polymer,1,CCCCc1ccc(cc1)S(=O)(=O)N(CC(=O)O)c2cccc(c2)n3c(c(cn3)C(=O)O)C4CC4,https://www.rcsb.org/ligand/QH8,https://www.ebi.ac.uk/pdbe/static/files/pdbechem_v2/QH8_500.svg
暂缓,P3,QHK,5-cyclopropyl-1-[3-[2-hydroxy-2-oxoethyl(phenylsulfonyl)amino]phenyl]pyrazole-4-carboxylic acid,,构象限制,需确认,未进入使用审计,0,0,,结构可能合理，但单体身份、偶联条件或复杂度证据不足，暂不进入研发候选库,分子量超过300 Da，需确认偶联、脱保护和总环肽体积负担；杂原子较多，可能带来较高极性或多重保护需求；CCD未指定标准氨基酸母体,C21 H19 N3 O6 S,441.457,,non-polymer,1,c1ccc(cc1)S(=O)(=O)N(CC(=O)O)c2cccc(c2)n3c(c(cn3)C(=O)O)C4CC4,https://www.rcsb.org/ligand/QHK,https://www.ebi.ac.uk/pdbe/static/files/pdbechem_v2/QHK_500.svg
暂缓,P3,QHQ,5-cyclopropyl-1-[3-[2-hydroxy-2-oxoethyl-(3-methoxyphenyl)sulfonyl-amino]phenyl]pyrazole-4-carboxylic acid,,构象限制,需确认,未进入使用审计,0,0,,结构可能合理，但单体身份、偶联条件或复杂度证据不足，暂不进入研发候选库,分子量超过300 Da，需确认偶联、脱保护和总环肽体积负担；杂原子较多，可能带来较高极性或多重保护需求；CCD未指定标准氨基酸母体,C22 H21 N3 O7 S,471.483,,non-polymer,1,COc1cccc(c1)S(=O)(=O)N(CC(=O)O)c2cccc(c2)n3c(c(cn3)C(=O)O)C4CC4,https://www.rcsb.org/ligand/QHQ,https://www.ebi.ac.uk/pdbe/static/files/pdbechem_v2/QHQ_500.svg
暂缓,P3,QHW,"5-cyclopropyl-1-[3-[2-hydroxy-2-oxoethyl-(2,3,5,6-tetramethylphenyl)sulfonyl-amino]phenyl]pyrazole-4-carboxylic acid",,构象限制,需确认,未进入使用审计,0,0,,结构可能合理，但单体身份、偶联条件或复杂度证据不足，暂不进入研发候选库,分子量超过300 Da，需确认偶联、脱保护和总环肽体积负担；杂原子较多，可能带来较高极性或多重保护需求；CCD未指定标准氨基酸母体,C25 H27 N3 O6 S,497.563,,non-polymer,1,Cc1cc(c(c(c1C)S(=O)(=O)N(CC(=O)O)c2cccc(c2)n3c(c(cn3)C(=O)O)C4CC4)C)C,https://www.rcsb.org/ligand/QHW,https://www.ebi.ac.uk/pdbe/static/files/pdbechem_v2/QHW_500.svg
暂缓,P3,QHY,"1-{4-[4-(2-ethoxyphenyl)piperazin-1-yl]-1,3,5-triazin-2-yl}piperidine-4-carboxylic acid",,芳香/疏水侧链,需确认,未进入使用审计,0,0,,结构可能合理，但单体身份、偶联条件或复杂度证据不足，暂不进入研发候选库,分子量超过300 Da，需确认偶联、脱保护和总环肽体积负担；杂原子较多，可能带来较高极性或多重保护需求；CCD未指定标准氨基酸母体,C21 H28 N6 O3,412.485,,non-polymer,3,CCOc1ccccc1N2CCN(CC2)c3ncnc(n3)N4CCC(CC4)C(=O)O,https://www.rcsb.org/ligand/QHY,https://www.ebi.ac.uk/pdbe/static/files/pdbechem_v2/QHY_500.svg
排除,P3,QHZ,"1-[3-[2-hydroxy-2-oxoethyl-(3-methoxyphenyl)sulfonyl-amino]phenyl]-5-[(1~{S},2~{S})-2-phenylcyclopropyl]pyrazole-4-carboxylic acid",,构象限制,否,未进入使用审计,0,0,,分子量超过500 Da，优先判断为复杂整分子,分子量超过300 Da，需确认偶联、脱保护和总环肽体积负担；杂原子较多，可能带来较高极性或多重保护需求；CCD未指定标准氨基酸母体,C28 H25 N3 O7 S,547.579,,non-polymer,1,COc1cccc(c1)S(=O)(=O)N(CC(=O)O)c2cccc(c2)n3c(c(cn3)C(=O)O)[C@H]4C[C@@H]4c5ccccc5,https://www.rcsb.org/ligand/QHZ,https://www.ebi.ac.uk/pdbe/static/files/pdbechem_v2/QHZ_500.svg
暂缓,P3,QII,"(2~{S})-4-[[(2~{R},3~{S},4~{R},5~{R})-5-(6-aminopurin-9-yl)-3,4-bis(oxidanyl)oxolan-2-yl]methyl-[2-[(2~{R})-pyrrolidin-2-yl]ethyl]amino]-2-azanyl-butanoic acid",,其他候选,需确认,未进入使用审计,0,0,,结构可能合理，但单体身份、偶联条件或复杂度证据不足，暂不进入研发候选库,分子量超过300 Da，需确认偶联、脱保护和总环肽体积负担；杂原子较多，可能带来较高极性或多重保护需求；CCD未指定标准氨基酸母体,C20 H32 N8 O5,464.519,,non-polymer,1,c1nc(c2c(n1)n(cn2)[C@H]3[C@@H]([C@@H]([C@H](O3)CN(CC[C@H]4CCCN4)CC[C@@H](C(=O)O)N)O)O)N,https://www.rcsb.org/ligand/QII,https://www.ebi.ac.uk/pdbe/static/files/pdbechem_v2/QII_500.svg
暂缓,P3,QIO,"(2R)-[(3R)-1-(7-fluoro-9H-pyrimido[4,5-b]indol-4-yl)piperidin-3-yl](hydroxy)acetic acid",,卤代/电子调节,需确认,未进入使用审计,0,0,,结构可能合理，但单体身份、偶联条件或复杂度证据不足，暂不进入研发候选库,分子量超过300 Da，需确认偶联、脱保护和总环肽体积负担；CCD未指定标准氨基酸母体,C17 H17 F N4 O3,344.34,,non-polymer,3,c1cc2c(cc1F)[nH]c3c2c(ncn3)N4CCC[C@H](C4)[C@H](C(=O)O)O,https://www.rcsb.org/ligand/QIO,https://www.ebi.ac.uk/pdbe/static/files/pdbechem_v2/QIO_500.svg
暂缓,P3,QIR,"(2S)-[(3R)-1-(7-fluoro-9H-pyrimido[4,5-b]indol-4-yl)piperidin-3-yl](hydroxy)acetic acid",,卤代/电子调节,需确认,未进入使用审计,0,0,,结构可能合理，但单体身份、偶联条件或复杂度证据不足，暂不进入研发候选库,分子量超过300 Da，需确认偶联、脱保护和总环肽体积负担；CCD未指定标准氨基酸母体,C17 H17 F N4 O3,344.34,,non-polymer,3,c1cc2c(cc1F)[nH]c3c2c(ncn3)N4CCC[C@H](C4)[C@@H](C(=O)O)O,https://www.rcsb.org/ligand/QIR,https://www.ebi.ac.uk/pdbe/static/files/pdbechem_v2/QIR_500.svg
暂缓,P3,QK6,"[(2R)-4-(7-fluoro-9H-pyrimido[4,5-b]indol-4-yl)morpholin-2-yl]acetic acid",,卤代/电子调节,需确认,未进入使用审计,0,0,,结构可能合理，但单体身份、偶联条件或复杂度证据不足，暂不进入研发候选库,分子量超过300 Da，需确认偶联、脱保护和总环肽体积负担；CCD未指定标准氨基酸母体,C16 H15 F N4 O3,330.314,,non-polymer,3,c1cc2c(cc1F)[nH]c3c2c(ncn3)N4CCO[C@@H](C4)CC(=O)O,https://www.rcsb.org/ligand/QK6,https://www.ebi.ac.uk/pdbe/static/files/pdbechem_v2/QK6_500.svg
暂缓,P3,QLP,N~2~-({3-HYDROXY-2-METHYL-5-[(PHOSPHONOOXY)METHYL]PYRIDIN-4-YL}METHYL)-L-GLUTAMINE,N-({3-HYDROXY-2-METHYL-5-[(PHOSPHONOOXY)METHYL]PYRIDIN-4-YL}METHYL)-L-GLUTAMINE,芳香/疏水侧链,需确认,未进入使用审计,0,0,,结构可能合理，但单体身份、偶联条件或复杂度证据不足，暂不进入研发候选库,分子量超过300 Da，需确认偶联、脱保护和总环肽体积负担；杂原子较多，可能带来较高极性或多重保护需求；含磷酸/膦酸相关结构，通常不利于被动跨膜；含预先形成的酰胺键，需确认主链氨基是否仍可偶联；CCD未指定标准氨基酸母体,C13 H20 N3 O8 P,377.287,,NON-POLYMER,1,Cc1c(c(c(cn1)COP(=O)(O)O)CN[C@@H](CCC(=O)N)C(=O)O)O,https://www.rcsb.org/ligand/QLP,https://www.ebi.ac.uk/pdbe/static/files/pdbechem_v2/QLP_500.svg
暂缓,P3,QM4,"(2S,3R)-1-[7-(2-carboxyethyl)phenanthrene-2-carbonyl]piperazine-2,3-dicarboxylic acid",,其他候选,需确认,未进入使用审计,0,0,,结构可能合理，但单体身份、偶联条件或复杂度证据不足，暂不进入研发候选库,分子量超过300 Da，需确认偶联、脱保护和总环肽体积负担；杂原子较多，可能带来较高极性或多重保护需求；含预先形成的酰胺键，需确认主链氨基是否仍可偶联；CCD未指定标准氨基酸母体,C24 H22 N2 O7,450.441,,non-polymer,2,c1cc2c(ccc3c2ccc(c3)C(=O)N4CCN[C@H]([C@H]4C(=O)O)C(=O)O)cc1CCC(=O)O,https://www.rcsb.org/ligand/QM4,https://www.ebi.ac.uk/pdbe/static/files/pdbechem_v2/QM4_500.svg
暂缓,P3,QM5,"(2~{S},3~{S})-2-azanyl-3-[[4-[2-(4-methoxyphenyl)hydrazinyl]phenyl]methoxy]butanedioic acid",,芳香/疏水侧链,需确认,未进入使用审计,0,0,,结构可能合理，但单体身份、偶联条件或复杂度证据不足，暂不进入研发候选库,分子量超过300 Da，需确认偶联、脱保护和总环肽体积负担；杂原子较多，可能带来较高极性或多重保护需求；CCD未指定标准氨基酸母体,C18 H21 N3 O6,375.376,,non-polymer,1,COc1ccc(cc1)NNc2ccc(cc2)CO[C@@H]([C@@H](C(=O)O)N)C(=O)O,https://www.rcsb.org/ligand/QM5,https://www.ebi.ac.uk/pdbe/static/files/pdbechem_v2/QM5_500.svg
排除,P3,QP2,"(4R,5S)-3-{[(3S,5S)-5-({[amino(dihydroxy)methyl]amino}methyl)pyrrolidin-3-yl]sulfanyl}-5-[(1S,2R)-1-carboxy-2-hydroxypropyl]-4-methyl-4,5-dihydro-1H-pyrrole-2-carboxylic acid",hydrolyzed doripenem,其他候选,否,未进入使用审计,0,0,,名称明确提示药物、抗生素或反应中间体,分子量超过300 Da，需确认偶联、脱保护和总环肽体积负担；杂原子较多，可能带来较高极性或多重保护需求；CCD未指定标准氨基酸母体,C16 H28 N4 O7 S,420.481,,non-polymer,1,C[C@@H]1[C@@H](NC(=C1S[C@H]2C[C@H](NC2)CNC(N)(O)O)C(=O)O)[C@@H]([C@@H](C)O)C(=O)O,https://www.rcsb.org/ligand/QP2,https://www.ebi.ac.uk/pdbe/static/files/pdbechem_v2/QP2_500.svg
暂缓,P3,QR1,"{3-[(3aR,4S,5S,6aR)-5-azaniumyl-5-carboxyoctahydrocyclopenta[c]pyrrol-2-ium-4-yl]propyl}(trihydroxy)borate(1-)",,构象限制,需确认,未进入使用审计,0,0,,结构可能合理，但单体身份、偶联条件或复杂度证据不足，暂不进入研发候选库,CCD未指定标准氨基酸母体,C11 H24 B N2 O5,275.13,,non-polymer,1,[B-](CCC[C@H]1[C@@H]2C[NH2+]C[C@@H]2C[C@]1(C(=O)O)[NH3+])(O)(O)O,https://www.rcsb.org/ligand/QR1,https://www.ebi.ac.uk/pdbe/static/files/pdbechem_v2/QR1_500.svg
暂缓,P3,QR4,"{3-[(3aR,4R,5S,6aR)-4-azaniumyl-4-carboxyoctahydrocyclopenta[b]pyrrol-1-ium-5-yl]propyl}(trihydroxy)borate(1-)",,构象限制,需确认,未进入使用审计,0,0,,结构可能合理，但单体身份、偶联条件或复杂度证据不足，暂不进入研发候选库,CCD未指定标准氨基酸母体,C11 H24 B N2 O5,275.13,,non-polymer,1,[B-](CCC[C@H]1C[C@@H]2[C@H]([C@]1(C(=O)O)[NH3+])CC[NH2+]2)(O)(O)O,https://www.rcsb.org/ligand/QR4,https://www.ebi.ac.uk/pdbe/static/files/pdbechem_v2/QR4_500.svg
暂缓,P3,QRA,"3-[(5~{S},7~{S},8~{S})-8-azanyl-8-carboxy-1-azaspiro[4.4]nonan-7-yl]propyl-$l^{3}-oxidanyl-bis(oxidanyl)boranuide",,其他候选,需确认,未进入使用审计,0,0,,结构可能合理，但单体身份、偶联条件或复杂度证据不足，暂不进入研发候选库,CCD未指定标准氨基酸母体,C12 H24 B N2 O5,287.14,,non-polymer,1,[B-](CCC[C@H]1C[C@@]2(CCCN2)C[C@]1(C(=O)O)N)(O)(O)O,https://www.rcsb.org/ligand/QRA,https://www.ebi.ac.uk/pdbe/static/files/pdbechem_v2/QRA_500.svg
暂缓,P3,QRJ,"{3-[(5R,7S,8S)-8-azaniumyl-8-carboxy-2-azaspiro[4.4]nonan-2-ium-7-yl]propyl}(trihydroxy)borate(1-)",,其他候选,需确认,未进入使用审计,0,0,,结构可能合理，但单体身份、偶联条件或复杂度证据不足，暂不进入研发候选库,CCD未指定标准氨基酸母体,C12 H26 B N2 O5,289.156,,non-polymer,1,[B-](CCC[C@H]1C[C@@]2(CC[NH2+]C2)C[C@]1(C(=O)O)[NH3+])(O)(O)O,https://www.rcsb.org/ligand/QRJ,https://www.ebi.ac.uk/pdbe/static/files/pdbechem_v2/QRJ_500.svg
排除,P3,QSP,"(4~{S})-4-[(2~{R})-3-[(4-azanyl-2-methyl-pyrimidin-5-yl)methyl]-4-methyl-5-[2-[oxidanyl(phosphonooxy)phosphoryl]oxyethyl]-2~{H}-1,3-thiazol-2-yl]-4-oxidanyl-4-phosphono-butanoic acid",,其他候选,否,未进入使用审计,0,0,,分子量超过500 Da，优先判断为复杂整分子,分子量超过300 Da，需确认偶联、脱保护和总环肽体积负担；杂原子较多，可能带来较高极性或多重保护需求；含磷酸/膦酸相关结构，通常不利于被动跨膜；CCD未指定标准氨基酸母体,C16 H27 N4 O13 P3 S,608.391,,NON-POLYMER,4,Cc1ncc(c(n1)N)CN2[C@H](SC(=C2C)CCOP(=O)(O)OP(=O)(O)O)[C@@](CCC(=O)O)(O)P(=O)(O)O,https://www.rcsb.org/ligand/QSP,https://www.ebi.ac.uk/pdbe/static/files/pdbechem_v2/QSP_500.svg
暂缓,P3,QST,"(2~{S},4~{S})-2-ethoxycarbonyl-5,5-dimethyl-2-(sulfanylmethyl)-1,3-thiazolidine-4-carboxylic acid",,其他候选,需确认,未进入使用审计,0,0,,结构可能合理，但单体身份、偶联条件或复杂度证据不足，暂不进入研发候选库,CCD未指定标准氨基酸母体,C10 H17 N O4 S2,279.376,,non-polymer,1,CCOC(=O)[C@@]1(N[C@H](C(S1)(C)C)C(=O)O)CS,https://www.rcsb.org/ligand/QST,https://www.ebi.ac.uk/pdbe/static/files/pdbechem_v2/QST_500.svg
暂缓,P3,QT2,"(2~{S},4~{R})-2-ethoxycarbonyl-5,5-dimethyl-2-(sulfanylmethyl)-1,3-thiazolidine-4-carboxylic acid",,其他候选,需确认,未进入使用审计,0,0,,结构可能合理，但单体身份、偶联条件或复杂度证据不足，暂不进入研发候选库,CCD未指定标准氨基酸母体,C10 H17 N O4 S2,279.376,,non-polymer,1,CCOC(=O)[C@@]1(N[C@@H](C(S1)(C)C)C(=O)O)CS,https://www.rcsb.org/ligand/QT2,https://www.ebi.ac.uk/pdbe/static/files/pdbechem_v2/QT2_500.svg
暂缓,P3,QT6,"3-[(3S)-1-(7-fluoro-9H-pyrimido[4,5-b]indol-4-yl)piperidin-3-yl]propanoic acid",,卤代/电子调节,需确认,未进入使用审计,0,0,,结构可能合理，但单体身份、偶联条件或复杂度证据不足，暂不进入研发候选库,分子量超过300 Da，需确认偶联、脱保护和总环肽体积负担；CCD未指定标准氨基酸母体,C18 H19 F N4 O2,342.367,,non-polymer,4,c1cc2c(cc1F)[nH]c3c2c(ncn3)N4CCC[C@H](C4)CCC(=O)O,https://www.rcsb.org/ligand/QT6,https://www.ebi.ac.uk/pdbe/static/files/pdbechem_v2/QT6_500.svg
暂缓,P3,QTF,"(8R)-8-fluoro-6-(7-fluoro-9H-pyrimido[4,5-b]indol-4-yl)-6-azaspiro[3.4]octane-8-carboxylic acid",,卤代/电子调节,需确认,未进入使用审计,0,0,,结构可能合理，但单体身份、偶联条件或复杂度证据不足，暂不进入研发候选库,分子量超过300 Da，需确认偶联、脱保护和总环肽体积负担；CCD未指定标准氨基酸母体,C18 H16 F2 N4 O2,358.342,,non-polymer,2,c1cc2c(cc1F)[nH]c3c2c(ncn3)N4C[C@](C5(C4)CCC5)(C(=O)O)F,https://www.rcsb.org/ligand/QTF,https://www.ebi.ac.uk/pdbe/static/files/pdbechem_v2/QTF_500.svg
暂缓,P3,QTO,(8S)-6-(6-anilinopyrimidin-4-yl)-8-fluoro-6-azaspiro[3.4]octane-8-carboxylic acid,,卤代/电子调节,需确认,未进入使用审计,0,0,,结构可能合理，但单体身份、偶联条件或复杂度证据不足，暂不进入研发候选库,分子量超过300 Da，需确认偶联、脱保护和总环肽体积负担；CCD未指定标准氨基酸母体,C18 H19 F N4 O2,342.367,,non-polymer,2,c1ccc(cc1)Nc2cc(ncn2)N3C[C@@](C4(C3)CCC4)(C(=O)O)F,https://www.rcsb.org/ligand/QTO,https://www.ebi.ac.uk/pdbe/static/files/pdbechem_v2/QTO_500.svg
暂缓,P3,QTT,"2-[[(1~{S},2~{S})-2-[methyl-[(6-methylpyridin-2-yl)methyl]amino]cyclohexyl]-[(6-methylpyridin-2-yl)methyl]amino]ethanoic acid",,构象限制,需确认,未进入使用审计,0,0,,结构可能合理，但单体身份、偶联条件或复杂度证据不足，暂不进入研发候选库,分子量超过300 Da，需确认偶联、脱保护和总环肽体积负担；CCD未指定标准氨基酸母体,C23 H32 N4 O2,396.526,,non-polymer,1,Cc1cccc(n1)CN(C)[C@H]2CCCC[C@@H]2N(Cc3cccc(n3)C)CC(=O)O,https://www.rcsb.org/ligand/QTT,https://www.ebi.ac.uk/pdbe/static/files/pdbechem_v2/QTT_500.svg
暂缓,P3,QUC,"(2R,3S)-1-(5-chloro-1H-pyrrolo[2,3-b]pyridine-3-sulfonyl)-2-methylpiperidine-3-carboxylic acid",,卤代/电子调节,需确认,未进入使用审计,0,0,,结构可能合理，但单体身份、偶联条件或复杂度证据不足，暂不进入研发候选库,分子量超过300 Da，需确认偶联、脱保护和总环肽体积负担；CCD未指定标准氨基酸母体,C14 H16 Cl N3 O4 S,357.813,,non-polymer,2,C[C@@H]1[C@H](CCCN1S(=O)(=O)c2c[nH]c3c2cc(cn3)Cl)C(=O)O,https://www.rcsb.org/ligand/QUC,https://www.ebi.ac.uk/pdbe/static/files/pdbechem_v2/QUC_500.svg
排除,P3,QWF,"(2~{S})-2-[[(2~{S})-1-oxidanyl-1-oxidanylidene-6-[[(~{E},2~{S})-5-phenyl-2-[[4-[[2-[4,7,10-tris(2-hydroxy-2-oxoethyl)-1,4,7,10-tetrazacyclododec-1-yl]ethanoylamino]methyl]cyclohexyl]carbonylamino]pent-4-enoyl]amino]hexan-2-yl]carbamoylamino]pentanedioic acid",,构象限制,否,未进入使用审计,0,0,,分子量超过500 Da，优先判断为复杂整分子,分子量超过300 Da，需确认偶联、脱保护和总环肽体积负担；杂原子较多，可能带来较高极性或多重保护需求；含预先形成的酰胺键，需确认主链氨基是否仍可偶联；CCD未指定标准氨基酸母体,C47 H71 N9 O16,1018.117,,non-polymer,1,c1ccc(cc1)/C=C/C[C@@H](C(=O)NCCCC[C@@H](C(=O)O)NC(=O)N[C@@H](CCC(=O)O)C(=O)O)NC(=O)C2CCC(CC2)CNC(=O)CN3CCN(CCN(CCN(CC3)CC(=O)O)CC(=O)O)CC(=O)O,https://www.rcsb.org/ligand/QWF,https://www.ebi.ac.uk/pdbe/static/files/pdbechem_v2/QWF_500.svg
排除,P3,QYF,"(2~{S})-2-[[(2~{S})-6-[[(2~{S})-3-naphthalen-2-yl-2-[[4-[[2-[(11~{Z})-4,7,10-tris(2-hydroxy-2-oxoethyl)-1,4,7,10-tetrazacyclododec-11-en-1-yl]ethanoylamino]methyl]cyclohexyl]carbonylamino]propanoyl]amino]-1-oxidanyl-1-oxidanylidene-hexan-2-yl]carbamoylamino]pentanedioic acid",,构象限制,否,未进入使用审计,0,0,,分子量超过500 Da，优先判断为复杂整分子,分子量超过300 Da，需确认偶联、脱保护和总环肽体积负担；杂原子较多，可能带来较高极性或多重保护需求；含预先形成的酰胺键，需确认主链氨基是否仍可偶联；CCD未指定标准氨基酸母体,C49 H69 N9 O16,1040.123,,non-polymer,1,c1ccc2cc(ccc2c1)C[C@@H](C(=O)NCCCC[C@@H](C(=O)O)NC(=O)N[C@@H](CCC(=O)O)C(=O)O)NC(=O)C3CCC(CC3)CNC(=O)CN/4CCN(CCN(CCN(/C=C4)CC(=O)O)CC(=O)O)CC(=O)O,https://www.rcsb.org/ligand/QYF,https://www.ebi.ac.uk/pdbe/static/files/pdbechem_v2/QYF_500.svg
暂缓,P3,QZF,"(8R)-8-fluoro-6-(9H-pyrimido[4,5-b]indol-4-yl)-6-azaspiro[3.4]octane-8-carboxylic acid",,卤代/电子调节,需确认,未进入使用审计,0,0,,结构可能合理，但单体身份、偶联条件或复杂度证据不足，暂不进入研发候选库,分子量超过300 Da，需确认偶联、脱保护和总环肽体积负担；CCD未指定标准氨基酸母体,C18 H17 F N4 O2,340.352,,non-polymer,2,c1ccc2c(c1)c3c([nH]2)ncnc3N4C[C@](C5(C4)CCC5)(C(=O)O)F,https://www.rcsb.org/ligand/QZF,https://www.ebi.ac.uk/pdbe/static/files/pdbechem_v2/QZF_500.svg
暂缓,P3,QZH,"(5~{Z})-2-[1,3-bis(oxidanyl)-1-oxidanylidene-butan-2-yl]-5-(4-oxidanylbutylidene)-2~{H}-1,3-thiazole-4-carboxylic acid",,其他候选,需确认,未进入使用审计,0,0,,结构可能合理，但单体身份、偶联条件或复杂度证据不足，暂不进入研发候选库,分子量超过300 Da，需确认偶联、脱保护和总环肽体积负担；杂原子较多，可能带来较高极性或多重保护需求；CCD未指定标准氨基酸母体,C12 H17 N O6 S,303.331,,non-polymer,2,CC(C(C1N=C(/C(=C/CCCO)/S1)C(=O)O)C(=O)O)O,https://www.rcsb.org/ligand/QZH,https://www.ebi.ac.uk/pdbe/static/files/pdbechem_v2/QZH_500.svg
暂缓,P3,QZO,"(1S,6R,7S)-3-(7-fluoro-9H-pyrimido[4,5-b]indol-4-yl)-3-azabicyclo[4.1.0]heptane-7-carboxylic acid",,卤代/电子调节,需确认,未进入使用审计,0,0,,结构可能合理，但单体身份、偶联条件或复杂度证据不足，暂不进入研发候选库,分子量超过300 Da，需确认偶联、脱保护和总环肽体积负担；CCD未指定标准氨基酸母体,C17 H15 F N4 O2,326.325,,non-polymer,3,c1cc2c(cc1F)[nH]c3c2c(ncn3)N4CC[C@@H]5[C@H](C4)[C@H]5C(=O)O,https://www.rcsb.org/ligand/QZO,https://www.ebi.ac.uk/pdbe/static/files/pdbechem_v2/QZO_500.svg
暂缓,P3,QZX,"(1R,6S,7R)-3-(7-fluoro-9H-pyrimido[4,5-b]indol-4-yl)-3-azabicyclo[4.1.0]heptane-7-carboxylic acid",,卤代/电子调节,需确认,未进入使用审计,0,0,,结构可能合理，但单体身份、偶联条件或复杂度证据不足，暂不进入研发候选库,分子量超过300 Da，需确认偶联、脱保护和总环肽体积负担；CCD未指定标准氨基酸母体,C17 H15 F N4 O2,326.325,,non-polymer,3,c1cc2c(cc1F)[nH]c3c2c(ncn3)N4CC[C@H]5[C@@H](C4)[C@@H]5C(=O)O,https://www.rcsb.org/ligand/QZX,https://www.ebi.ac.uk/pdbe/static/files/pdbechem_v2/QZX_500.svg
暂缓,P3,R0A,"[(6S)-8-(7-fluoro-9H-pyrimido[4,5-b]indol-4-yl)-5-oxa-8-azaspiro[3.5]nonan-6-yl]acetic acid",,卤代/电子调节,需确认,未进入使用审计,0,0,,结构可能合理，但单体身份、偶联条件或复杂度证据不足，暂不进入研发候选库,分子量超过300 Da，需确认偶联、脱保护和总环肽体积负担；CCD未指定标准氨基酸母体,C19 H19 F N4 O3,370.378,,non-polymer,3,c1cc2c(cc1F)[nH]c3c2c(ncn3)N4C[C@@H](OC5(C4)CCC5)CC(=O)O,https://www.rcsb.org/ligand/R0A,https://www.ebi.ac.uk/pdbe/static/files/pdbechem_v2/R0A_500.svg
排除,P3,R0B,"(2~{R})-2-[(2~{S},3~{R})-1,3-bis(oxidanyl)-1-oxidanylidene-butan-2-yl]-5-butyl-2,3-dihydro-1,3-thiazole-4-carboxylic acid",hydrolyzed faropenem (ring-open form),其他候选,否,未进入使用审计,0,0,,名称明确提示药物、抗生素或反应中间体,CCD未指定标准氨基酸母体,C12 H19 N O5 S,289.348,,non-polymer,2,CCCCC1=C(N[C@H](S1)[C@@H]([C@@H](C)O)C(=O)O)C(=O)O,https://www.rcsb.org/ligand/R0B,https://www.ebi.ac.uk/pdbe/static/files/pdbechem_v2/R0B_500.svg
暂缓,P3,R0L,"(2R)-4-(7-fluoro-9H-pyrimido[4,5-b]indol-4-yl)morpholine-2-carboxylic acid",,卤代/电子调节,需确认,未进入使用审计,0,0,,结构可能合理，但单体身份、偶联条件或复杂度证据不足，暂不进入研发候选库,分子量超过300 Da，需确认偶联、脱保护和总环肽体积负担；CCD未指定标准氨基酸母体,C15 H13 F N4 O3,316.287,,non-polymer,2,c1cc2c(cc1F)[nH]c3c2c(ncn3)N4CCO[C@H](C4)C(=O)O,https://www.rcsb.org/ligand/R0L,https://www.ebi.ac.uk/pdbe/static/files/pdbechem_v2/R0L_500.svg
暂缓,P3,R0R,"(8R)-8-fluoro-6-(7-fluoro-9H-pyrimido[4,5-b]indol-4-yl)-2-oxa-6-azaspiro[3.4]octane-8-carboxylic acid",,卤代/电子调节,需确认,未进入使用审计,0,0,,结构可能合理，但单体身份、偶联条件或复杂度证据不足，暂不进入研发候选库,分子量超过300 Da，需确认偶联、脱保护和总环肽体积负担；CCD未指定标准氨基酸母体,C17 H14 F2 N4 O3,360.315,,non-polymer,2,c1cc2c(cc1F)[nH]c3c2c(ncn3)N4C[C@](C5(C4)COC5)(C(=O)O)F,https://www.rcsb.org/ligand/R0R,https://www.ebi.ac.uk/pdbe/static/files/pdbechem_v2/R0R_500.svg
暂缓,P3,R0W,"(8S)-8-fluoro-6-(7-fluoro-9H-pyrimido[4,5-b]indol-4-yl)-2-oxa-6-azaspiro[3.4]octane-8-carboxylic acid",,卤代/电子调节,需确认,未进入使用审计,0,0,,结构可能合理，但单体身份、偶联条件或复杂度证据不足，暂不进入研发候选库,分子量超过300 Da，需确认偶联、脱保护和总环肽体积负担；CCD未指定标准氨基酸母体,C17 H14 F2 N4 O3,360.315,,non-polymer,2,c1cc2c(cc1F)[nH]c3c2c(ncn3)N4C[C@@](C5(C4)COC5)(C(=O)O)F,https://www.rcsb.org/ligand/R0W,https://www.ebi.ac.uk/pdbe/static/files/pdbechem_v2/R0W_500.svg
暂缓,P3,R1O,N~2~-({3-hydroxy-2-methyl-5-[(phosphonooxy)methyl]pyridin-4-yl}methyl)-D-lysine,,D-构型,需确认,未进入使用审计,0,0,,结构可能合理，但单体身份、偶联条件或复杂度证据不足，暂不进入研发候选库,分子量超过300 Da，需确认偶联、脱保护和总环肽体积负担；杂原子较多，可能带来较高极性或多重保护需求；含磷酸/膦酸相关结构，通常不利于被动跨膜；CCD未指定标准氨基酸母体,C14 H24 N3 O7 P,377.33,,non-polymer,1,Cc1c(c(c(cn1)COP(=O)(O)O)CN[C@H](CCCCN)C(=O)O)O,https://www.rcsb.org/ligand/R1O,https://www.ebi.ac.uk/pdbe/static/files/pdbechem_v2/R1O_500.svg
暂缓,P3,R3N,"(2R,5S)-2-[(1S,2R)-1-carboxy-2-hydroxy-propyl]-5-[(2R)-tetrahydrofuran-2-yl]-2,5-dihydrothiazole-4-carboxylic acid","(2~{R},5~{S})-2-[(2~{S},3~{R})-1,3-bis(oxidanyl)-1-oxidanylidene-butan-2-yl]-5-[(2~{R})-oxolan-2-yl]-1,3-thiazolidine-4-carboxylic acid",其他候选,需确认,未进入使用审计,0,0,,结构可能合理，但单体身份、偶联条件或复杂度证据不足，暂不进入研发候选库,分子量超过300 Da，需确认偶联、脱保护和总环肽体积负担；杂原子较多，可能带来较高极性或多重保护需求；CCD未指定标准氨基酸母体,C12 H17 N O6 S,303.331,,non-polymer,2,C[C@H]([C@H]([C@@H]1N=C([C@H](S1)[C@H]2CCCO2)C(=O)O)C(=O)O)O,https://www.rcsb.org/ligand/R3N,https://www.ebi.ac.uk/pdbe/static/files/pdbechem_v2/R3N_500.svg
暂缓,P3,R6X,"6-bromo-3-hydroxy-4-oxo-1,4-dihydropyridine-2-carboxylic acid",,卤代/电子调节,需确认,未进入使用审计,0,0,,结构可能合理，但单体身份、偶联条件或复杂度证据不足，暂不进入研发候选库,CCD未指定标准氨基酸母体,C6 H4 Br N O4,234.004,,non-polymer,1,C1=C(NC(=C(C1=O)O)C(=O)O)Br,https://www.rcsb.org/ligand/R6X,https://www.ebi.ac.uk/pdbe/static/files/pdbechem_v2/R6X_500.svg
排除,P3,R7G,"1-[(2S)-2-{[(2Z)-2-(2-amino-1,3-thiazol-4-yl)-2-{[(2-carboxypropan-2-yl)oxy]imino}acetyl]amino}-3-oxopropyl]-4-{[2-(5,6 -dihydroxy-1,3-dioxo-1,3-dihydro-2H-isoindol-2-yl)ethyl]carbamoyl}-2,5-dihydro-1H-pyrazole-3-carboxylic acid",YU253434,芳香/疏水侧链,否,未进入使用审计,0,0,,分子量超过500 Da，优先判断为复杂整分子,分子量超过300 Da，需确认偶联、脱保护和总环肽体积负担；杂原子较多，可能带来较高极性或多重保护需求；含预先形成的酰胺键，需确认主链氨基是否仍可偶联；CCD未指定标准氨基酸母体,C27 H28 N8 O12 S,688.623,,non-polymer,1,CC(C)(C(=O)O)O/N=C(/c1csc(n1)N)\C(=O)N[C@@H](CN2CC(=C(N2)C(=O)O)C(=O)NCCN3C(=O)c4cc(c(cc4C3=O)O)O)C=O,https://www.rcsb.org/ligand/R7G,https://www.ebi.ac.uk/pdbe/static/files/pdbechem_v2/R7G_500.svg
暂缓,P3,R8R,"(5R)-7-(7-fluoro-9H-pyrimido[4,5-b]indol-4-yl)-7-azaspiro[3.5]nonane-5-carboxylic acid",,卤代/电子调节,需确认,未进入使用审计,0,0,,结构可能合理，但单体身份、偶联条件或复杂度证据不足，暂不进入研发候选库,分子量超过300 Da，需确认偶联、脱保护和总环肽体积负担；CCD未指定标准氨基酸母体,C19 H19 F N4 O2,354.378,,non-polymer,2,c1cc2c(cc1F)[nH]c3c2c(ncn3)N4CCC5(CCC5)[C@H](C4)C(=O)O,https://www.rcsb.org/ligand/R8R,https://www.ebi.ac.uk/pdbe/static/files/pdbechem_v2/R8R_500.svg
暂缓,P3,RA3,"[(2R,6R)-4-(7-fluoro-9H-pyrimido[4,5-b]indol-4-yl)-6-(hydroxymethyl)morpholin-2-yl]acetic acid",,卤代/电子调节,需确认,未进入使用审计,0,0,,结构可能合理，但单体身份、偶联条件或复杂度证据不足，暂不进入研发候选库,分子量超过300 Da，需确认偶联、脱保护和总环肽体积负担；CCD未指定标准氨基酸母体,C17 H17 F N4 O4,360.34,,non-polymer,3,c1cc2c(cc1F)[nH]c3c2c(ncn3)N4C[C@H](O[C@H](C4)CO)CC(=O)O,https://www.rcsb.org/ligand/RA3,https://www.ebi.ac.uk/pdbe/static/files/pdbechem_v2/RA3_500.svg
排除,P3,RB6,"(2R)-2-[(1R)-1-{[(2Z)-2-(5-amino-1,2,4-thiadiazol-3-yl)-2-(hydroxyimino)acetyl]amino}-2-oxoethyl]-5-({2-oxo-1-[(3R)-pyr rolidin-3-yl]-2,5-dihydro-1H-pyrrol-3-yl}methyl)-3,6-dihydro-2H-1,3-thiazine-4-carboxylic acid","BAL 9141, bound form; ceftobiprole, bound form",其他候选,否,未进入使用审计,0,0,,分子量超过500 Da，优先判断为复杂整分子,分子量超过300 Da，需确认偶联、脱保护和总环肽体积负担；杂原子较多，可能带来较高极性或多重保护需求；CCD未指定标准氨基酸母体,C20 H24 N8 O6 S2,536.585,,NON-POLYMER,1,C1CNC[C@@H]1N2CC=C(C2=O)CC3=C(N[C@H](SC3)[C@@H](C=O)NC(=O)/C(=N\O)/c4nc(sn4)N)C(=O)O,https://www.rcsb.org/ligand/RB6,https://www.ebi.ac.uk/pdbe/static/files/pdbechem_v2/RB6_500.svg
暂缓,P3,RBB,"[(2R)-6,6-dimethyl-4-(9H-pyrimido[4,5-b]indol-4-yl)morpholin-2-yl]acetic acid",,芳香/疏水侧链,需确认,未进入使用审计,0,0,,结构可能合理，但单体身份、偶联条件或复杂度证据不足，暂不进入研发候选库,分子量超过300 Da，需确认偶联、脱保护和总环肽体积负担；CCD未指定标准氨基酸母体,C18 H20 N4 O3,340.376,,non-polymer,3,CC1(CN(C[C@H](O1)CC(=O)O)c2c3c4ccccc4[nH]c3ncn2)C,https://www.rcsb.org/ligand/RBB,https://www.ebi.ac.uk/pdbe/static/files/pdbechem_v2/RBB_500.svg
暂缓,P3,RBE,3-(BENZOYLOXY)-8-AZA-BICYCLO[3.2.1]OCTANE-2-CARBOXYLIC ACID,NOR-BENZOYLECGONINE,其他候选,需确认,未进入使用审计,0,0,,结构可能合理，但单体身份、偶联条件或复杂度证据不足，暂不进入研发候选库,CCD未指定标准氨基酸母体,C15 H17 N O4,275.3,,NON-POLYMER,2,c1ccc(cc1)C(=O)O[C@H]2C[C@@H]3CC[C@H]([C@H]2C(=O)[O-])[NH2+]3,https://www.rcsb.org/ligand/RBE,https://www.ebi.ac.uk/pdbe/static/files/pdbechem_v2/RBE_500.svg
暂缓,P3,RBO,"[(2R)-4-(9H-pyrimido[4,5-b]indol-4-yl)morpholin-2-yl]acetic acid",,芳香/疏水侧链,需确认,未进入使用审计,0,0,,结构可能合理，但单体身份、偶联条件或复杂度证据不足，暂不进入研发候选库,分子量超过300 Da，需确认偶联、脱保护和总环肽体积负担；CCD未指定标准氨基酸母体,C16 H16 N4 O3,312.323,,non-polymer,3,c1ccc2c(c1)c3c([nH]2)ncnc3N4CCO[C@@H](C4)CC(=O)O,https://www.rcsb.org/ligand/RBO,https://www.ebi.ac.uk/pdbe/static/files/pdbechem_v2/RBO_500.svg
暂缓,P3,RC3,"[(2S)-4-(9H-pyrimido[4,5-b]indol-4-yl)morpholin-2-yl]acetic acid",,芳香/疏水侧链,需确认,未进入使用审计,0,0,,结构可能合理，但单体身份、偶联条件或复杂度证据不足，暂不进入研发候选库,分子量超过300 Da，需确认偶联、脱保护和总环肽体积负担；CCD未指定标准氨基酸母体,C16 H16 N4 O3,312.323,,non-polymer,3,c1ccc2c(c1)c3c([nH]2)ncnc3N4CCO[C@H](C4)CC(=O)O,https://www.rcsb.org/ligand/RC3,https://www.ebi.ac.uk/pdbe/static/files/pdbechem_v2/RC3_500.svg
暂缓,P3,RCR,"(8R)-6-(7-bromo-9H-pyrimido[4,5-b]indol-4-yl)-8-fluoro-6-azaspiro[3.4]octane-8-carboxylic acid",,卤代/电子调节,需确认,未进入使用审计,0,0,,结构可能合理，但单体身份、偶联条件或复杂度证据不足，暂不进入研发候选库,分子量超过300 Da，需确认偶联、脱保护和总环肽体积负担；CCD未指定标准氨基酸母体,C18 H16 Br F N4 O2,419.248,,non-polymer,2,c1cc2c(cc1Br)[nH]c3c2c(ncn3)N4C[C@](C5(C4)CCC5)(C(=O)O)F,https://www.rcsb.org/ligand/RCR,https://www.ebi.ac.uk/pdbe/static/files/pdbechem_v2/RCR_500.svg
暂缓,P3,RD6,"(8S)-6-(7-bromo-9H-pyrimido[4,5-b]indol-4-yl)-8-fluoro-6-azaspiro[3.4]octane-8-carboxylic acid",,卤代/电子调节,需确认,未进入使用审计,0,0,,结构可能合理，但单体身份、偶联条件或复杂度证据不足，暂不进入研发候选库,分子量超过300 Da，需确认偶联、脱保护和总环肽体积负担；CCD未指定标准氨基酸母体,C18 H16 Br F N4 O2,419.248,,non-polymer,2,c1cc2c(cc1Br)[nH]c3c2c(ncn3)N4C[C@@](C5(C4)CCC5)(C(=O)O)F,https://www.rcsb.org/ligand/RD6,https://www.ebi.ac.uk/pdbe/static/files/pdbechem_v2/RD6_500.svg
暂缓,P3,RDN,"(8R)-6-(9H-pyrimido[4,5-b]indol-4-yl)-6-azaspiro[3.4]octane-8-carboxylic acid",,芳香/疏水侧链,需确认,未进入使用审计,0,0,,结构可能合理，但单体身份、偶联条件或复杂度证据不足，暂不进入研发候选库,分子量超过300 Da，需确认偶联、脱保护和总环肽体积负担；CCD未指定标准氨基酸母体,C18 H18 N4 O2,322.361,,non-polymer,2,c1ccc2c(c1)c3c([nH]2)ncnc3N4C[C@@H](C5(C4)CCC5)C(=O)O,https://www.rcsb.org/ligand/RDN,https://www.ebi.ac.uk/pdbe/static/files/pdbechem_v2/RDN_500.svg
暂缓,P3,RE5,L-Glutamate Tenofovir,(2~{S})-2-[[[(2~{R})-1-(6-aminopurin-9-yl)propan-2-yl]oxymethyl-oxidanyl-phosphoryl]amino]pentanedioic acid,其他候选,需确认,未进入使用审计,0,0,,结构可能合理，但单体身份、偶联条件或复杂度证据不足，暂不进入研发候选库,分子量超过300 Da，需确认偶联、脱保护和总环肽体积负担；杂原子较多，可能带来较高极性或多重保护需求；含磷酸/膦酸相关结构，通常不利于被动跨膜；CCD未指定标准氨基酸母体,C14 H21 N6 O7 P,416.326,,non-polymer,3,C[C@H](Cn1cnc2c1ncnc2N)OCP(=O)(N[C@@H](CCC(=O)O)C(=O)O)O,https://www.rcsb.org/ligand/RE5,https://www.ebi.ac.uk/pdbe/static/files/pdbechem_v2/RE5_500.svg
排除,P3,REC,CEPHALOSPORIN,"(2R)-2-[(R)-{[(6R)-6-amino-6-carboxyhexanoyl]amino}(carboxy)methyl]-5-methylidene-5,6-dihydro-2H-1,3-thiazine-4-carboxy lic acid",其他候选,否,未进入使用审计,0,0,,名称明确提示药物、抗生素或反应中间体,分子量超过300 Da，需确认偶联、脱保护和总环肽体积负担；杂原子较多，可能带来较高极性或多重保护需求；CCD未指定标准氨基酸母体,C15 H21 N3 O7 S,387.408,,non-polymer,2,C=C1CS[C@@H](N=C1C(=O)O)[C@@H](C(=O)O)NC(=O)CCCC[C@H](C(=O)O)N,https://www.rcsb.org/ligand/REC,https://www.ebi.ac.uk/pdbe/static/files/pdbechem_v2/REC_500.svg
暂缓,P3,REE,"2-(2-carboxyethyl)-1,1,1-trimethyldiazanium",,其他候选,需确认,未进入使用审计,0,0,,结构可能合理，但单体身份、偶联条件或复杂度证据不足，暂不进入研发候选库,CCD未指定标准氨基酸母体,C6 H15 N2 O2,147.195,,NON-POLYMER,2,C[N+](C)(C)NCCC(=O)O,https://www.rcsb.org/ligand/REE,https://www.ebi.ac.uk/pdbe/static/files/pdbechem_v2/REE_500.svg
暂缓,P3,REK,D-Aspartate Tenofovir,(2~{R})-2-[[[(2~{R})-1-(6-aminopurin-9-yl)propan-2-yl]oxymethyl-oxidanyl-phosphoryl]amino]butanedioic acid,D-构型,需确认,未进入使用审计,0,0,,结构可能合理，但单体身份、偶联条件或复杂度证据不足，暂不进入研发候选库,分子量超过300 Da，需确认偶联、脱保护和总环肽体积负担；杂原子较多，可能带来较高极性或多重保护需求；含磷酸/膦酸相关结构，通常不利于被动跨膜；CCD未指定标准氨基酸母体,C13 H19 N6 O7 P,402.3,,non-polymer,2,C[C@H](Cn1cnc2c1ncnc2N)OCP(=O)(N[C@H](CC(=O)O)C(=O)O)O,https://www.rcsb.org/ligand/REK,https://www.ebi.ac.uk/pdbe/static/files/pdbechem_v2/REK_500.svg
暂缓,P3,RFE,L-Methionine Tenofovir,(2~{S})-2-[[[(2~{R})-1-(6-aminopurin-9-yl)propan-2-yl]oxymethyl-oxidanyl-phosphoryl]amino]-4-methylsulfanyl-butanoic acid,其他候选,需确认,未进入使用审计,0,0,,结构可能合理，但单体身份、偶联条件或复杂度证据不足，暂不进入研发候选库,分子量超过300 Da，需确认偶联、脱保护和总环肽体积负担；杂原子较多，可能带来较高极性或多重保护需求；含磷酸/膦酸相关结构，通常不利于被动跨膜；CCD未指定标准氨基酸母体,C14 H23 N6 O5 P S,418.408,,non-polymer,1,C[C@H](Cn1cnc2c1ncnc2N)OCP(=O)(N[C@@H](CCSC)C(=O)O)O,https://www.rcsb.org/ligand/RFE,https://www.ebi.ac.uk/pdbe/static/files/pdbechem_v2/RFE_500.svg
暂缓,P3,RGF,"(8S)-6-(7-fluoro-9H-pyrimido[4,5-b]indol-4-yl)-6-azaspiro[3.4]octane-8-carboxylic acid",,卤代/电子调节,需确认,未进入使用审计,0,0,,结构可能合理，但单体身份、偶联条件或复杂度证据不足，暂不进入研发候选库,分子量超过300 Da，需确认偶联、脱保护和总环肽体积负担；CCD未指定标准氨基酸母体,C18 H17 F N4 O2,340.352,,non-polymer,2,c1cc2c(cc1F)[nH]c3c2c(ncn3)N4C[C@H](C5(C4)CCC5)C(=O)O,https://www.rcsb.org/ligand/RGF,https://www.ebi.ac.uk/pdbe/static/files/pdbechem_v2/RGF_500.svg
排除,P3,RGS,"4N-MALONYL-CYSTEINYL-2,4-DIAMINOBUTYRATE DISULFIDE",,其他候选,否,未进入使用审计,0,0,,分子量超过500 Da，优先判断为复杂整分子,分子量超过300 Da，需确认偶联、脱保护和总环肽体积负担；杂原子较多，可能带来较高极性或多重保护需求；含预先形成的酰胺键，需确认主链氨基是否仍可偶联；CCD未指定标准氨基酸母体,C20 H32 N6 O12 S2,612.631,,NON-POLYMER,1,C(CNC(=O)[C@@H](CSSC[C@H](C(=O)NCC[C@@H](C(=O)O)N)NC(=O)CC(=O)O)NC(=O)CC(=O)O)[C@@H](C(=O)O)N,https://www.rcsb.org/ligand/RGS,https://www.ebi.ac.uk/pdbe/static/files/pdbechem_v2/RGS_500.svg
暂缓,P3,RI3,"(3R,4R)-4-cyclopropyl-3-fluoro-1-(7-fluoro-9H-pyrimido[4,5-b]indol-4-yl)pyrrolidine-3-carboxylic acid",,构象限制,需确认,未进入使用审计,0,0,,结构可能合理，但单体身份、偶联条件或复杂度证据不足，暂不进入研发候选库,分子量超过300 Da，需确认偶联、脱保护和总环肽体积负担；CCD未指定标准氨基酸母体,C18 H16 F2 N4 O2,358.342,,non-polymer,2,c1cc2c(cc1F)[nH]c3c2c(ncn3)N4C[C@H]([C@@](C4)(C(=O)O)F)C5CC5,https://www.rcsb.org/ligand/RI3,https://www.ebi.ac.uk/pdbe/static/files/pdbechem_v2/RI3_500.svg
暂缓,P3,RIK,"3-[(2R)-4-(7-fluoro-9H-pyrimido[4,5-b]indol-4-yl)morpholin-2-yl]propanoic acid",,卤代/电子调节,需确认,未进入使用审计,0,0,,结构可能合理，但单体身份、偶联条件或复杂度证据不足，暂不进入研发候选库,分子量超过300 Da，需确认偶联、脱保护和总环肽体积负担；CCD未指定标准氨基酸母体,C17 H17 F N4 O3,344.34,,non-polymer,4,c1cc2c(cc1F)[nH]c3c2c(ncn3)N4CCO[C@@H](C4)CCC(=O)O,https://www.rcsb.org/ligand/RIK,https://www.ebi.ac.uk/pdbe/static/files/pdbechem_v2/RIK_500.svg
暂缓,P3,RLP,3-(7-HYDROXY-8-RIBITYLLUMAZINE-6-YL) PROPIONIC ACID,,其他候选,需确认,未进入使用审计,0,0,,结构可能合理，但单体身份、偶联条件或复杂度证据不足，暂不进入研发候选库,分子量超过300 Da，需确认偶联、脱保护和总环肽体积负担；杂原子较多，可能带来较高极性或多重保护需求；含预先形成的酰胺键，需确认主链氨基是否仍可偶联；CCD未指定标准氨基酸母体,C14 H18 N4 O9,386.314,,NON-POLYMER,3,C(CC(=O)O)C1=C(N(C2=NC(=O)NC(=O)C2=N1)C[C@@H]([C@@H]([C@@H](CO)O)O)O)O,https://www.rcsb.org/ligand/RLP,https://www.ebi.ac.uk/pdbe/static/files/pdbechem_v2/RLP_500.svg
暂缓,P3,RPD,(C8-R)-HYDANTOCIDIN 5'-PHOSPHATE,"[8,9-DIHYDROXY-3-(4-CARBOXY-HYDROXY-HYDROXYMETHYL-AMINO-BUTYL)-2,4-DIOXO-6-OXA-1,3-DIAZA-SPIRO[4.4]NON-7-YLMETHYL] PHOSPHATE",其他候选,需确认,未进入使用审计,0,0,,结构可能合理，但单体身份、偶联条件或复杂度证据不足，暂不进入研发候选库,分子量超过300 Da，需确认偶联、脱保护和总环肽体积负担；杂原子较多，可能带来较高极性或多重保护需求；含磷酸/膦酸相关结构，通常不利于被动跨膜；CCD未指定标准氨基酸母体,C13 H22 N3 O13 P,459.3,,NON-POLYMER,1,C(C[C@H](C(=O)O)[N@](CO)O)CN1C(=O)[C@@]2([C@@H]([C@@H]([C@H](O2)COP(=O)(O)O)O)O)NC1=O,https://www.rcsb.org/ligand/RPD,https://www.ebi.ac.uk/pdbe/static/files/pdbechem_v2/RPD_500.svg
暂缓,P3,RPL,(C8-S)-HYDANTOCIDIN 5'-PHOSPHATE,"[8,9-DIHYDROXY-3-(4-CARBOXY-HYDROXY-HYDROXYMETHYL-AMINO-BUTYL)-2,4-DIOXO-6-OXA-1,3-DIAZA-SPIRO[4.4]NON-7-YLMETHYL] PHOSPHATE",其他候选,需确认,未进入使用审计,0,0,,结构可能合理，但单体身份、偶联条件或复杂度证据不足，暂不进入研发候选库,分子量超过300 Da，需确认偶联、脱保护和总环肽体积负担；杂原子较多，可能带来较高极性或多重保护需求；含磷酸/膦酸相关结构，通常不利于被动跨膜；CCD未指定标准氨基酸母体,C13 H22 N3 O13 P,459.3,,NON-POLYMER,1,C(C[C@@H](C(=O)O)[N@](CO)O)CN1C(=O)[C@@]2([C@@H]([C@@H]([C@H](O2)COP(=O)(O)O)O)O)NC1=O,https://www.rcsb.org/ligand/RPL,https://www.ebi.ac.uk/pdbe/static/files/pdbechem_v2/RPL_500.svg
暂缓,P3,RSN,"(3~{S})-3-azanyl-4-[[(2~{R},3~{S},4~{R},5~{R})-5-[7-azanyl-5-(hydroxymethyl)benzimidazol-1-yl]-3,4-bis(oxidanyl)oxolan-2-yl]methoxysulfonylamino]-4-oxidanylidene-butanoic acid",,其他候选,需确认,未进入使用审计,0,0,,结构可能合理，但单体身份、偶联条件或复杂度证据不足，暂不进入研发候选库,分子量超过300 Da，需确认偶联、脱保护和总环肽体积负担；杂原子较多，可能带来较高极性或多重保护需求；CCD未指定标准氨基酸母体,C17 H23 N5 O10 S,489.457,,non-polymer,2,c1c(cc2c(c1N)n(cn2)[C@H]3[C@@H]([C@@H]([C@H](O3)COS(=O)(=O)NC(=O)[C@H](CC(=O)O)N)O)O)CO,https://www.rcsb.org/ligand/RSN,https://www.ebi.ac.uk/pdbe/static/files/pdbechem_v2/RSN_500.svg
暂缓,P3,RSR,"(8R)-6-(2-amino-7-fluoro-9H-pyrimido[4,5-b]indol-4-yl)-8-fluoro-6-azaspiro[3.4]octane-8-carboxylic acid",,卤代/电子调节,需确认,未进入使用审计,0,0,,结构可能合理，但单体身份、偶联条件或复杂度证据不足，暂不进入研发候选库,分子量超过300 Da，需确认偶联、脱保护和总环肽体积负担；杂原子较多，可能带来较高极性或多重保护需求；CCD未指定标准氨基酸母体,C18 H17 F2 N5 O2,373.357,,non-polymer,2,c1cc2c(cc1F)[nH]c3c2c(nc(n3)N)N4C[C@](C5(C4)CCC5)(C(=O)O)F,https://www.rcsb.org/ligand/RSR,https://www.ebi.ac.uk/pdbe/static/files/pdbechem_v2/RSR_500.svg
暂缓,P3,RT5,"(8S)-6-(2-amino-7-fluoro-9H-pyrimido[4,5-b]indol-4-yl)-8-fluoro-6-azaspiro[3.4]octane-8-carboxylic acid",,卤代/电子调节,需确认,未进入使用审计,0,0,,结构可能合理，但单体身份、偶联条件或复杂度证据不足，暂不进入研发候选库,分子量超过300 Da，需确认偶联、脱保护和总环肽体积负担；杂原子较多，可能带来较高极性或多重保护需求；CCD未指定标准氨基酸母体,C18 H17 F2 N5 O2,373.357,,non-polymer,2,c1cc2c(cc1F)[nH]c3c2c(nc(n3)N)N4C[C@@](C5(C4)CCC5)(C(=O)O)F,https://www.rcsb.org/ligand/RT5,https://www.ebi.ac.uk/pdbe/static/files/pdbechem_v2/RT5_500.svg
暂缓,P3,RUJ,"3-(1,1,1,2-TETRAMETHYLHYDRAZIN-1-IUM-2-YL)PROPANOATE",,其他候选,需确认,未进入使用审计,0,0,,结构可能合理，但单体身份、偶联条件或复杂度证据不足，暂不进入研发候选库,CCD未指定标准氨基酸母体,C7 H17 N2 O2,161.222,,non-polymer,2,CN(CCC(=O)O)[N+](C)(C)C,https://www.rcsb.org/ligand/RUJ,https://www.ebi.ac.uk/pdbe/static/files/pdbechem_v2/RUJ_500.svg
排除,P3,RUR,"[3,3'-(7,12-diethyl-3,8,13,17-tetramethylporphyrin-2,18-diyl-kappa~4~N~21~,N~22~,N~23~,N~24~)dipropanoato(2-)]ruthenium",MESOPORPHYRIN IX CONTAINING RU,其他候选,否,未进入使用审计,0,0,,含金属元素，不属于常规肽合成单体；分子量超过500 Da，优先判断为复杂整分子,分子量超过300 Da，需确认偶联、脱保护和总环肽体积负担；CCD未指定标准氨基酸母体,C34 H36 N4 O4 Ru,665.744,,NON-POLYMER,4,CCc1c(c2n3c1C=C4C(=C(C5=[N]4[Ru@@]36[N]7=C(C=C8N6C(=C5)C(=C8C)CCC(=O)O)C(=C(C7=C2)CC)C)CCC(=O)O)C)C,https://www.rcsb.org/ligand/RUR,https://www.ebi.ac.uk/pdbe/static/files/pdbechem_v2/RUR_500.svg
暂缓,P3,RW2,"(1S)-4-[({3-hydroxy-2-methyl-5-[(phosphonooxy)methyl]pyridin-4-yl}methyl)amino]cyclopent-3-ene-1,3-dicarboxylic acid",,构象限制,需确认,未进入使用审计,0,0,,结构可能合理，但单体身份、偶联条件或复杂度证据不足，暂不进入研发候选库,分子量超过300 Da，需确认偶联、脱保护和总环肽体积负担；杂原子较多，可能带来较高极性或多重保护需求；含磷酸/膦酸相关结构，通常不利于被动跨膜；CCD未指定标准氨基酸母体,C15 H19 N2 O9 P,402.293,,NON-POLYMER,3,Cc1c(c(c(cn1)COP(=O)(O)O)CNC2=C(C[C@@H](C2)C(=O)O)C(=O)O)O,https://www.rcsb.org/ligand/RW2,https://www.ebi.ac.uk/pdbe/static/files/pdbechem_v2/RW2_500.svg
排除,P3,RYE,hydrolyzed ceftazidime,"(2R)-2-[(1R)-1-[[(2Z)-2-(2-azanyl-1,3-thiazol-4-yl)-2-(2-methyl-1-oxidanyl-1-oxidanylidene-propan-2-yl)oxyimino-ethanoyl]amino]-2-oxidanyl-2-oxidanylidene-ethyl]-5-(pyridin-1-ium-1-ylmethyl)-3,6-dihydro-2H-1,3-thiazine-4-carboxylic acid",芳香/疏水侧链,否,未进入使用审计,0,0,,名称明确提示药物、抗生素或反应中间体；分子量超过500 Da，优先判断为复杂整分子,分子量超过300 Da，需确认偶联、脱保护和总环肽体积负担；杂原子较多，可能带来较高极性或多重保护需求；含预先形成的酰胺键，需确认主链氨基是否仍可偶联；CCD未指定标准氨基酸母体,C22 H25 N6 O8 S2,565.599,,non-polymer,1,CC(C)(C(=O)O)O/N=C(/c1csc(n1)N)\C(=O)N[C@@H]([C@@H]2NC(=C(CS2)C[n+]3ccccc3)C(=O)O)C(=O)O,https://www.rcsb.org/ligand/RYE,https://www.ebi.ac.uk/pdbe/static/files/pdbechem_v2/RYE_500.svg
暂缓,P3,RZB,"(3~{R})-3-azanyl-4-[5-[4-(4-chloranylphenoxy)phenyl]-1,2,3,4-tetrazol-2-yl]butanoic acid",,芳香/疏水侧链,需确认,未进入使用审计,0,0,,结构可能合理，但单体身份、偶联条件或复杂度证据不足，暂不进入研发候选库,分子量超过300 Da，需确认偶联、脱保护和总环肽体积负担；杂原子较多，可能带来较高极性或多重保护需求；CCD未指定标准氨基酸母体,C17 H16 Cl N5 O3,373.794,,non-polymer,2,c1cc(ccc1c2nnn(n2)C[C@@H](CC(=O)O)N)Oc3ccc(cc3)Cl,https://www.rcsb.org/ligand/RZB,https://www.ebi.ac.uk/pdbe/static/files/pdbechem_v2/RZB_500.svg
暂缓,P3,RZE,"(3~{S})-3-azanyl-4-[5-[4-(5-chloranyl-3-fluoranyl-pyridin-2-yl)oxyphenyl]-1,2,3,4-tetrazol-2-yl]butanoic acid",,芳香/疏水侧链,需确认,未进入使用审计,0,0,,结构可能合理，但单体身份、偶联条件或复杂度证据不足，暂不进入研发候选库,分子量超过300 Da，需确认偶联、脱保护和总环肽体积负担；杂原子较多，可能带来较高极性或多重保护需求；CCD未指定标准氨基酸母体,C16 H14 Cl F N6 O3,392.772,,non-polymer,2,c1cc(ccc1c2nnn(n2)C[C@H](CC(=O)O)N)Oc3c(cc(cn3)Cl)F,https://www.rcsb.org/ligand/RZE,https://www.ebi.ac.uk/pdbe/static/files/pdbechem_v2/RZE_500.svg
暂缓,P3,S3E,"[(2S)-4-(7H-pyrrolo[2,3-d]pyrimidin-4-yl)morpholin-2-yl]acetic acid",,其他候选,需确认,未进入使用审计,0,0,,结构可能合理，但单体身份、偶联条件或复杂度证据不足，暂不进入研发候选库,CCD未指定标准氨基酸母体,C12 H14 N4 O3,262.265,,non-polymer,3,c1c[nH]c2c1c(ncn2)N3CCO[C@H](C3)CC(=O)O,https://www.rcsb.org/ligand/S3E,https://www.ebi.ac.uk/pdbe/static/files/pdbechem_v2/S3E_500.svg
暂缓,P3,S3J,2-(4-phenylpiperidin-1-yl)ethanoic acid,,芳香/疏水侧链,需确认,未进入使用审计,0,0,,结构可能合理，但单体身份、偶联条件或复杂度证据不足，暂不进入研发候选库,CCD未指定标准氨基酸母体,C13 H17 N O2,219.28,,NON-POLYMER,1,c1ccc(cc1)C2CCN(CC2)CC(=O)O,https://www.rcsb.org/ligand/S3J,https://www.ebi.ac.uk/pdbe/static/files/pdbechem_v2/S3J_500.svg
暂缓,P3,S5O,"(1R,5S,6R)-3-(7H-purin-6-yl)-3-azabicyclo[3.2.2]nonane-6-carboxylic acid",,其他候选,需确认,未进入使用审计,0,0,,结构可能合理，但单体身份、偶联条件或复杂度证据不足，暂不进入研发候选库,杂原子较多，可能带来较高极性或多重保护需求；CCD未指定标准氨基酸母体,C14 H17 N5 O2,287.317,,non-polymer,3,c1[nH]c2c(n1)ncnc2N3C[C@@H]4CC[C@H](C3)[C@@H](C4)C(=O)O,https://www.rcsb.org/ligand/S5O,https://www.ebi.ac.uk/pdbe/static/files/pdbechem_v2/S5O_500.svg
暂缓,P3,S5R,(2~{R})-2-methyl-2-[[2-methyl-3-oxidanyl-5-(phosphonooxymethyl)pyridin-4-yl]methylamino]-3-oxidanyl-propanoic acid,,芳香/疏水侧链,需确认,未进入使用审计,0,0,,结构可能合理，但单体身份、偶联条件或复杂度证据不足，暂不进入研发候选库,分子量超过300 Da，需确认偶联、脱保护和总环肽体积负担；杂原子较多，可能带来较高极性或多重保护需求；含磷酸/膦酸相关结构，通常不利于被动跨膜；CCD未指定标准氨基酸母体,C12 H19 N2 O8 P,350.262,,non-polymer,1,Cc1c(c(c(cn1)COP(=O)(O)O)CN[C@](C)(CO)C(=O)O)O,https://www.rcsb.org/ligand/S5R,https://www.ebi.ac.uk/pdbe/static/files/pdbechem_v2/S5R_500.svg
暂缓,P3,S6C,[(3S)-1-(7H-purin-6-yl)piperidin-3-yl]acetic acid,,其他候选,需确认,未进入使用审计,0,0,,结构可能合理，但单体身份、偶联条件或复杂度证据不足，暂不进入研发候选库,杂原子较多，可能带来较高极性或多重保护需求；CCD未指定标准氨基酸母体,C12 H15 N5 O2,261.28,,non-polymer,3,c1[nH]c2c(n1)ncnc2N3CCC[C@H](C3)CC(=O)O,https://www.rcsb.org/ligand/S6C,https://www.ebi.ac.uk/pdbe/static/files/pdbechem_v2/S6C_500.svg
暂缓,P3,S6D,"2-[(1~{S},5~{R})-3-[2-[(2~{S})-2-methylazetidin-1-yl]-6-(trifluoromethyl)pyrimidin-4-yl]-3-azabicyclo[3.1.0]hexan-6-yl]ethanoic acid",,卤代/电子调节,需确认,未进入使用审计,0,0,,结构可能合理，但单体身份、偶联条件或复杂度证据不足，暂不进入研发候选库,分子量超过300 Da，需确认偶联、脱保护和总环肽体积负担；CCD未指定标准氨基酸母体,C16 H19 F3 N4 O2,356.343,,non-polymer,4,C[C@H]1CCN1c2nc(cc(n2)N3C[C@@H]4[C@H](C3)C4CC(=O)O)C(F)(F)F,https://www.rcsb.org/ligand/S6D,https://www.ebi.ac.uk/pdbe/static/files/pdbechem_v2/S6D_500.svg
暂缓,P3,S6S,"2-[(1~{R},5~{S})-3-[5-cyano-6-[(2~{S},3~{R})-2-methyl-3-oxidanyl-azetidin-1-yl]-4-(trifluoromethyl)pyridin-2-yl]-3-azabicyclo[3.1.0]hexan-6-yl]ethanoic acid",,卤代/电子调节,需确认,未进入使用审计,0,0,,结构可能合理，但单体身份、偶联条件或复杂度证据不足，暂不进入研发候选库,分子量超过300 Da，需确认偶联、脱保护和总环肽体积负担；CCD未指定标准氨基酸母体,C18 H19 F3 N4 O3,396.364,,non-polymer,4,C[C@H]1[C@@H](CN1c2c(c(cc(n2)N3C[C@@H]4[C@H](C3)C4CC(=O)O)C(F)(F)F)C#N)O,https://www.rcsb.org/ligand/S6S,https://www.ebi.ac.uk/pdbe/static/files/pdbechem_v2/S6S_500.svg
排除,P3,S7M,"[(3S)-3-amino-3-carboxypropyl]{[(2S,3S,4R,5R)-5-(6-amino-9H-purin-9-yl)-3,4-dihydroxytetrahydrofuran-2-yl]methyl}ethyls ulfonium",S-ADENOSYL ETHIONINE,其他候选,否,未进入使用审计,0,0,,名称提示核苷酸、辅因子或整分子缀合物,分子量超过300 Da，需确认偶联、脱保护和总环肽体积负担；杂原子较多，可能带来较高极性或多重保护需求；CCD未指定标准氨基酸母体,C16 H25 N6 O5 S,413.472,,NON-POLYMER,1,CC[S+](CC[C@@H](C(=O)O)N)C[C@@H]1[C@H]([C@H]([C@@H](O1)n2cnc3c2ncnc3N)O)O,https://www.rcsb.org/ligand/S7M,https://www.ebi.ac.uk/pdbe/static/files/pdbechem_v2/S7M_500.svg
暂缓,P3,S9X,2-azanyl-2-butyl-hexanal,,其他候选,需确认,未进入使用审计,0,0,,结构可能合理，但单体身份、偶联条件或复杂度证据不足，暂不进入研发候选库,CCD未指定标准氨基酸母体,C10 H21 N O2,187.279,,non-polymer,1,CCCCC(CCCC)(C(=O)O)N,https://www.rcsb.org/ligand/S9X,https://www.ebi.ac.uk/pdbe/static/files/pdbechem_v2/S9X_500.svg
暂缓,P3,SA2,(3R)-4-[(4-CARBOXYBUTANOYL)OXY]-N-[(1E)-3-OXOPROP-1-EN-1-YL]-3-SULFINO-D-VALINE,4-AZA-5-CARBOXY-6-SULFENATE-6-METHYL-8-OXA-9-OXO-TRIS-2-TRANS-DECENEDIOIC ACID,D-构型,需确认,未进入使用审计,0,0,,结构可能合理，但单体身份、偶联条件或复杂度证据不足，暂不进入研发候选库,分子量超过300 Da，需确认偶联、脱保护和总环肽体积负担；杂原子较多，可能带来较高极性或多重保护需求；CCD未指定标准氨基酸母体,C13 H19 N O9 S,365.356,,NON-POLYMER,1,C[C@](COC(=O)CCCC(=O)O)([C@H](C(=O)O)N\C=C\C=O)[S@](=O)O,https://www.rcsb.org/ligand/SA2,https://www.ebi.ac.uk/pdbe/static/files/pdbechem_v2/SA2_500.svg
暂缓,P3,SA8,S-5'-AZAMETHIONINE-5'-DEOXYADENOSINE,5'-[N-[(3S)-3-AMINO-3-CARBOXYPROPYL]-N-METHYLAMINO]-5'-DEOXYADENOSINE,N-取代,需确认,未进入使用审计,0,0,,结构可能合理，但单体身份、偶联条件或复杂度证据不足，暂不进入研发候选库,分子量超过300 Da，需确认偶联、脱保护和总环肽体积负担；杂原子较多，可能带来较高极性或多重保护需求；CCD未指定标准氨基酸母体,C15 H23 N7 O5,381.387,,NON-POLYMER,1,C[N@@](CC[C@@H](C(=O)O)N)C[C@@H]1[C@H]([C@H]([C@@H](O1)n2cnc3c2ncnc3N)O)O,https://www.rcsb.org/ligand/SA8,https://www.ebi.ac.uk/pdbe/static/files/pdbechem_v2/SA8_500.svg
排除,P3,SAH,S-ADENOSYL-L-HOMOCYSTEINE,,其他候选,否,未进入使用审计,0,0,,名称提示核苷酸、辅因子或整分子缀合物,分子量超过300 Da，需确认偶联、脱保护和总环肽体积负担；杂原子较多，可能带来较高极性或多重保护需求；CCD未指定标准氨基酸母体,C14 H20 N6 O5 S,384.411,,non-polymer,1,c1nc(c2c(n1)n(cn2)[C@H]3[C@@H]([C@@H]([C@H](O3)CSCC[C@@H](C(=O)O)N)O)O)N,https://www.rcsb.org/ligand/SAH,https://www.ebi.ac.uk/pdbe/static/files/pdbechem_v2/SAH_500.svg
排除,P3,SAI,S-ADENOSYL-L-HOMOSELENOCYSTEINE,,其他候选,否,未进入使用审计,0,0,,名称提示核苷酸、辅因子或整分子缀合物,分子量超过300 Da，需确认偶联、脱保护和总环肽体积负担；杂原子较多，可能带来较高极性或多重保护需求；CCD未指定标准氨基酸母体,C14 H20 N6 O5 Se,431.306,,NON-POLYMER,1,c1nc(c2c(n1)n(cn2)[C@H]3[C@@H]([C@@H]([C@H](O3)C[Se]CC[C@@H](C(=O)O)N)O)O)N,https://www.rcsb.org/ligand/SAI,https://www.ebi.ac.uk/pdbe/static/files/pdbechem_v2/SAI_500.svg
暂缓,P3,SAM,S-ADENOSYLMETHIONINE,,其他候选,需确认,未进入使用审计,0,0,,结构可能合理，但单体身份、偶联条件或复杂度证据不足，暂不进入研发候选库,分子量超过300 Da，需确认偶联、脱保护和总环肽体积负担；杂原子较多，可能带来较高极性或多重保护需求；CCD未指定标准氨基酸母体,C15 H22 N6 O5 S,398.437,,NON-POLYMER,1,C[S@@+](CC[C@@H](C(=O)[O-])N)C[C@@H]1[C@H]([C@H]([C@@H](O1)n2cnc3c2ncnc3N)O)O,https://www.rcsb.org/ligand/SAM,https://www.ebi.ac.uk/pdbe/static/files/pdbechem_v2/SAM_500.svg
排除,P3,SAO,5'-S-[(3S)-3-azaniumyl-3-carboxypropyl]-5'-thioadenosine,S-ADENOSYL-L-HOMOCYSTEINE,其他候选,否,未进入使用审计,0,0,,名称提示核苷酸、辅因子或整分子缀合物,分子量超过300 Da，需确认偶联、脱保护和总环肽体积负担；杂原子较多，可能带来较高极性或多重保护需求；CCD未指定标准氨基酸母体,C14 H21 N6 O5 S,385.419,,non-polymer,1,c1nc(c2c(n1)n(cn2)[C@H]3[C@@H]([C@@H]([C@H](O3)CSCC[C@@H](C(=O)O)[NH3+])O)O)N,https://www.rcsb.org/ligand/SAO,https://www.ebi.ac.uk/pdbe/static/files/pdbechem_v2/SAO_500.svg
暂缓,P3,SCI,L-THIOCITRULLINE,,其他候选,需确认,未进入使用审计,0,0,,结构可能合理，但单体身份、偶联条件或复杂度证据不足，暂不进入研发候选库,CCD未指定标准氨基酸母体,C6 H13 N3 O2 S,191.251,,NON-POLYMER,1,C(C[C@@H](C(=O)O)N)C/N=C(/N)\S,https://www.rcsb.org/ligand/SCI,https://www.ebi.ac.uk/pdbe/static/files/pdbechem_v2/SCI_500.svg
暂缓,P3,SCV,N6-[(1S)-2-{[(1R)-1-CARBOXY-2-METHYLPROPYL]OXY}-1-(MERCAPTOCARBONYL)-2-OXOETHYL]-6-OXO-L-LYSINE,L-D-(A-AMINOADIPOYL)-L-(B-OXO)-CYSTEINE,D-构型,需确认,未进入使用审计,0,0,,结构可能合理，但单体身份、偶联条件或复杂度证据不足，暂不进入研发候选库,分子量超过300 Da，需确认偶联、脱保护和总环肽体积负担；杂原子较多，可能带来较高极性或多重保护需求；CCD未指定标准氨基酸母体,C14 H22 N2 O8 S,378.398,,NON-POLYMER,1,CC(C)[C@H](C(=O)O)OC(=O)[C@H](C(=O)S)NC(=O)CCC[C@@H](C(=O)O)N,https://www.rcsb.org/ligand/SCV,https://www.ebi.ac.uk/pdbe/static/files/pdbechem_v2/SCV_500.svg
暂缓,P3,SD0,"(S)-5-amino-2-(4-(2-amino-2-carboxyethyl)phenyl)-2-hydroxy-5-(hydroxymethyl)-1,3,2-dioxaborinan-2-uide","(2~{S})-2-azanyl-3-[4-[5-azanyl-5-(hydroxymethyl)-2-$l^{3}-oxidanyl-1,3,2$l^{4}-dioxaborinan-2-yl]phenyl]propanal",芳香/疏水侧链,需确认,未进入使用审计,0,0,,结构可能合理，但单体身份、偶联条件或复杂度证据不足，暂不进入研发候选库,分子量超过300 Da，需确认偶联、脱保护和总环肽体积负担；杂原子较多，可能带来较高极性或多重保护需求；CCD未指定标准氨基酸母体,C13 H20 B N2 O6,311.119,,peptide-like,1,[B-]1(OCC(CO1)(CO)N)(c2ccc(cc2)C[C@@H](C(=O)O)N)O,https://www.rcsb.org/ligand/SD0,https://www.ebi.ac.uk/pdbe/static/files/pdbechem_v2/SD0_500.svg
暂缓,P3,SD3,N-hydroxy-D-asparagine,,D-构型,需确认,未进入使用审计,0,0,,结构可能合理，但单体身份、偶联条件或复杂度证据不足，暂不进入研发候选库,含预先形成的酰胺键，需确认主链氨基是否仍可偶联；CCD未指定标准氨基酸母体,C4 H8 N2 O4,148.117,,NON-POLYMER,1,C([C@H](C(=O)O)N)C(=O)NO,https://www.rcsb.org/ligand/SD3,https://www.ebi.ac.uk/pdbe/static/files/pdbechem_v2/SD3_500.svg
暂缓,P3,SDU,"(2~{S})-4-[[(2~{R},3~{S},4~{R},5~{R})-5-(6-aminopurin-9-yl)-3,4-bis(oxidanyl)oxolan-2-yl]methyl-[(3~{S})-pyrrolidin-3-yl]amino]-2-azanyl-butanoic acid",,其他候选,需确认,未进入使用审计,0,0,,结构可能合理，但单体身份、偶联条件或复杂度证据不足，暂不进入研发候选库,分子量超过300 Da，需确认偶联、脱保护和总环肽体积负担；杂原子较多，可能带来较高极性或多重保护需求；CCD未指定标准氨基酸母体,C18 H28 N8 O5,436.466,,non-polymer,1,c1nc(c2c(n1)n(cn2)[C@H]3[C@@H]([C@@H]([C@H](O3)CN(CC[C@@H](C(=O)O)N)[C@H]4CCNC4)O)O)N,https://www.rcsb.org/ligand/SDU,https://www.ebi.ac.uk/pdbe/static/files/pdbechem_v2/SDU_500.svg
暂缓,P3,SE0,"(2R)-2-[(1R)-2-[(2S)-2-amino-2-carboxyethoxy]-2-oxo-1-{[(2R)-tetrahydrothiophen-2-ylacetyl]amino}ethyl]-5-methylidene-5,6-dihydro-2H-1,3-thiazine-4-carboxylic acid",,其他候选,需确认,未进入使用审计,0,0,,结构可能合理，但单体身份、偶联条件或复杂度证据不足，暂不进入研发候选库,分子量超过300 Da，需确认偶联、脱保护和总环肽体积负担；杂原子较多，可能带来较高极性或多重保护需求；CCD未指定标准氨基酸母体,C17 H23 N3 O7 S2,445.51,,NON-POLYMER,1,C=C1CS[C@@H](N=C1C(=O)O)[C@@H](C(=O)OC[C@@H](C(=O)O)N)NC(=O)CC2CCCS2,https://www.rcsb.org/ligand/SE0,https://www.ebi.ac.uk/pdbe/static/files/pdbechem_v2/SE0_500.svg
暂缓,P3,SE8,"5-[(2-{[(3S)-5-{[(2S)-2-amino-2-carboxyethyl]amino}-3-carboxy-3-hydroxy-5-oxopentanoyl]amino}ethyl)amino]-2,5-dioxopentanoic acid",Staphyloferrin B,其他候选,需确认,未进入使用审计,0,0,,结构可能合理，但单体身份、偶联条件或复杂度证据不足，暂不进入研发候选库,分子量超过300 Da，需确认偶联、脱保护和总环肽体积负担；杂原子较多，可能带来较高极性或多重保护需求；含预先形成的酰胺键，需确认主链氨基是否仍可偶联；CCD未指定标准氨基酸母体,C16 H24 N4 O11,448.382,,NON-POLYMER,1,C(CC(=O)NCCNC(=O)C[C@](CC(=O)NC[C@@H](C(=O)O)N)(C(=O)O)O)C(=O)C(=O)O,https://www.rcsb.org/ligand/SE8,https://www.ebi.ac.uk/pdbe/static/files/pdbechem_v2/SE8_500.svg
排除,P3,SFG,SINEFUNGIN,ADENOSYL-ORNITHINE,其他候选,否,未进入使用审计,0,0,,名称提示核苷酸、辅因子或整分子缀合物,分子量超过300 Da，需确认偶联、脱保护和总环肽体积负担；杂原子较多，可能带来较高极性或多重保护需求；CCD未指定标准氨基酸母体,C15 H23 N7 O5,381.387,,NON-POLYMER,1,c1nc(c2c(n1)n(cn2)[C@H]3[C@@H]([C@@H]([C@H](O3)C[C@H](CC[C@@H](C(=O)O)N)N)O)O)N,https://www.rcsb.org/ligand/SFG,https://www.ebi.ac.uk/pdbe/static/files/pdbechem_v2/SFG_500.svg
排除,P3,SFR,"(2R)-2-[(1S,2R)-1-carboxy-2-hydroxypropyl]-5-[(2R)-oxolan-2-yl]-2,3-dihydro-1,3-thiazole-4-carboxylic acid","FAROPENEM, unbound, hydrolyzed form",其他候选,否,未进入使用审计,0,0,,名称明确提示药物、抗生素或反应中间体,分子量超过300 Da，需确认偶联、脱保护和总环肽体积负担；杂原子较多，可能带来较高极性或多重保护需求；CCD未指定标准氨基酸母体,C12 H17 N O6 S,303.331,,NON-POLYMER,1,C[C@H]([C@H]([C@@H]1NC(=C(S1)[C@H]2CCCO2)C(=O)O)C(=O)O)O,https://www.rcsb.org/ligand/SFR,https://www.ebi.ac.uk/pdbe/static/files/pdbechem_v2/SFR_500.svg
排除,P3,SH0,"3,3',3'',3'''-[(1R,2S,3S,4S,7S,8S,11S,12S,13S,16S,19S)-3,8,13,17-tetrakis(carboxylatomethyl)-8,13-dimethyl-1,2,3,4,7,8,11,12,13,16,19,20,22,24-tetradecahydroporphyrin-2,7,12,18-tetrayl]tetrapropanoate",Sirohydrochlorin,其他候选,否,未进入使用审计,0,0,,分子量超过500 Da，优先判断为复杂整分子,分子量超过300 Da，需确认偶联、脱保护和总环肽体积负担；杂原子较多，可能带来较高极性或多重保护需求；CCD未指定标准氨基酸母体,C42 H52 N4 O16,868.879,,NON-POLYMER,4,C[C@@]\1([C@@H](C2/C=C\3/[C@@]([C@@H](/C(=C/C4=N[C@H](C[C@H]5C(=C(C(=N5)/C=C1\N2)CC(=O)O)CCC(=O)O)[C@H]([C@@H]4CC(=O)O)CCC(=O)O)/N3)CCC(=O)O)(C)CC(=O)O)CCC(=O)O)CC(=O)O,https://www.rcsb.org/ligand/SH0,https://www.ebi.ac.uk/pdbe/static/files/pdbechem_v2/SH0_500.svg
暂缓,P3,SJ5,"(3S,4R,5R)-4,5-dihydroxypiperidine-3-carboxylic acid",,其他候选,需确认,未进入使用审计,0,0,,结构可能合理，但单体身份、偶联条件或复杂度证据不足，暂不进入研发候选库,CCD未指定标准氨基酸母体,C6 H11 N O4,161.156,,NON-POLYMER,2,C1[C@@H]([C@H]([C@@H](CN1)O)O)C(=O)O,https://www.rcsb.org/ligand/SJ5,https://www.ebi.ac.uk/pdbe/static/files/pdbechem_v2/SJ5_500.svg
暂缓,P3,SL5,"(2S,4S,5R)-2-[(2-hydroxyethoxy)methyl]-5-methyl-1,3-oxazolidine-4-carboxylic acid",,其他候选,需确认,未进入使用审计,0,0,,结构可能合理，但单体身份、偶联条件或复杂度证据不足，暂不进入研发候选库,CCD未指定标准氨基酸母体,C8 H15 N O5,205.208,,NON-POLYMER,1,C[C@@H]1[C@H](N[C@@H](O1)COCCO)C(=O)O,https://www.rcsb.org/ligand/SL5,https://www.ebi.ac.uk/pdbe/static/files/pdbechem_v2/SL5_500.svg
排除,P3,SMW,"(2S)-2-amino-3-[[[(2R,3S,4R,5R)-5-(4-amino-2-oxo-pyrimidin-1-yl)-3,4-dihydroxy-tetrahydrofuran-2-yl]methoxy-hydroxy-phosphoryl]oxy-[(2R)-2,3-bis[[(Z)-octadec-9-enoyl]oxy]propoxy]-dihydroxy-lambda^5-phosphanyl]oxy-propanoic acid","(2~{S})-2-azanyl-3-[[[(2~{R},3~{S},4~{R},5~{R})-5-(4-azanyl-2-oxidanylidene-pyrimidin-1-yl)-3,4-bis(oxidanyl)oxolan-2-yl]methoxy-oxidanyl-phosphoryl]oxy-[(2~{R})-2,3-bis[[(~{Z})-octadec-9-enoyl]oxy]propoxy]-bis(oxidanyl)-$l^{5}-phosphanyl]oxy-propanoic acid",其他候选,否,未进入使用审计,0,0,,分子量超过500 Da，优先判断为复杂整分子,分子量超过300 Da，需确认偶联、脱保护和总环肽体积负担；杂原子较多，可能带来较高极性或多重保护需求；含磷酸/膦酸相关结构，通常不利于被动跨膜；CCD未指定标准氨基酸母体,C51 H92 N4 O18 P2,1111.24,,non-polymer,1,CCCCCCCC/C=C\CCCCCCCC(=O)OC[C@H](COP(O)(O)(OC[C@@H](C(=O)O)N)OP(=O)(O)OC[C@@H]1[C@H]([C@H]([C@@H](O1)N2C=CC(=NC2=O)N)O)O)OC(=O)CCCCCCC/C=C\CCCCCCCC,https://www.rcsb.org/ligand/SMW,https://www.ebi.ac.uk/pdbe/static/files/pdbechem_v2/SMW_500.svg
暂缓,P3,SQ6,"2,2'-azanediyldiacetic acid",,其他候选,需确认,未进入使用审计,0,0,,结构可能合理，但单体身份、偶联条件或复杂度证据不足，暂不进入研发候选库,CCD未指定标准氨基酸母体,C4 H7 N O4,133.103,,peptide-like,1,C(C(=O)O)NCC(=O)O,https://www.rcsb.org/ligand/SQ6,https://www.ebi.ac.uk/pdbe/static/files/pdbechem_v2/SQ6_500.svg
排除,P3,SRM,SIROHEME,,其他候选,否,未进入使用审计,0,0,,含金属元素，不属于常规肽合成单体；分子量超过500 Da，优先判断为复杂整分子,分子量超过300 Da，需确认偶联、脱保护和总环肽体积负担；杂原子较多，可能带来较高极性或多重保护需求；CCD未指定标准氨基酸母体,C42 H44 Fe N4 O16,916.661,,NON-POLYMER,3,C[C@@]1(C(C2=[N]3C1=Cc4c(c(c5n4[Fe]36N7C(=C5)C(=C(C7=CC8=[N]6C(=C2)[C@@](C8CCC(=O)O)(C)CC(=O)O)CC(=O)O)CCC(=O)O)CCC(=O)O)CC(=O)O)CCC(=O)O)CC(=O)O,https://www.rcsb.org/ligand/SRM,https://www.ebi.ac.uk/pdbe/static/files/pdbechem_v2/SRM_500.svg
暂缓,P3,SX0,"(2S)-2-amino-4-({[(2S,3S,4R,5R)-5-(4-amino-5-bromo-7H-pyrrolo[2,3-d]pyrimidin-7-yl)-3,4-dihydroxytetrahydrofuran-2-yl]methyl}sulfanyl)butanoic acid (non-preferred name)",,卤代/电子调节,需确认,未进入使用审计,0,0,,结构可能合理，但单体身份、偶联条件或复杂度证据不足，暂不进入研发候选库,分子量超过300 Da，需确认偶联、脱保护和总环肽体积负担；杂原子较多，可能带来较高极性或多重保护需求；CCD未指定标准氨基酸母体,C15 H20 Br N5 O5 S,462.319,,NON-POLYMER,1,c1c(c2c(ncnc2n1[C@H]3[C@@H]([C@@H]([C@H](O3)CSCC[C@@H](C(=O)O)N)O)O)N)Br,https://www.rcsb.org/ligand/SX0,https://www.ebi.ac.uk/pdbe/static/files/pdbechem_v2/SX0_500.svg
暂缓,P3,SXI,"(3S,4aS,6S,8aR)-6-[3-chloro-2-(1H-tetrazol-5-yl)phenoxy]decahydroisoquinoline-3-carboxylic acid",,卤代/电子调节,需确认,未进入使用审计,0,0,,结构可能合理，但单体身份、偶联条件或复杂度证据不足，暂不进入研发候选库,分子量超过300 Da，需确认偶联、脱保护和总环肽体积负担；杂原子较多，可能带来较高极性或多重保护需求；CCD未指定标准氨基酸母体,C17 H20 Cl N5 O3,377.825,,NON-POLYMER,1,c1cc(c(c(c1)Cl)c2[nH]nnn2)O[C@H]3CC[C@H]4CN[C@@H](C[C@H]4C3)C(=O)O,https://www.rcsb.org/ligand/SXI,https://www.ebi.ac.uk/pdbe/static/files/pdbechem_v2/SXI_500.svg
暂缓,P3,SZ0,"(2S,4R)-1-[(2R,3S)-3-amino-2-hydroxy-4-phenylbutyl]-4-(pyridin-4-ylsulfonyl)piperidine-2-carboxylic acid",,芳香/疏水侧链,需确认,未进入使用审计,0,0,,结构可能合理，但单体身份、偶联条件或复杂度证据不足，暂不进入研发候选库,分子量超过300 Da，需确认偶联、脱保护和总环肽体积负担；CCD未指定标准氨基酸母体,C21 H27 N3 O5 S,433.521,,peptide-like,1,c1ccc(cc1)C[C@@H]([C@@H](C[N@@]2CC[C@H](C[C@H]2C(=O)O)S(=O)(=O)c3ccncc3)O)N,https://www.rcsb.org/ligand/SZ0,https://www.ebi.ac.uk/pdbe/static/files/pdbechem_v2/SZ0_500.svg
排除,P3,T01,"N-(4-fluorobenzoyl)-L-gamma-glutamyl-O-[(S)-{[(1S)-1,3-dicarboxypropyl]amino}(hydroxy)phosphoryl]-L-serine",,卤代/电子调节,否,未进入使用审计,0,0,,分子量超过500 Da，优先判断为复杂整分子,分子量超过300 Da，需确认偶联、脱保护和总环肽体积负担；杂原子较多，可能带来较高极性或多重保护需求；含磷酸/膦酸相关结构，通常不利于被动跨膜；含预先形成的酰胺键，需确认主链氨基是否仍可偶联；CCD未指定标准氨基酸母体,C20 H25 F N3 O13 P,565.397,,NON-POLYMER,3,c1cc(ccc1C(=O)N[C@@H](CCC(=O)N[C@@H](COP(=O)(N[C@@H](CCC(=O)O)C(=O)O)O)C(=O)O)C(=O)O)F,https://www.rcsb.org/ligand/T01,https://www.ebi.ac.uk/pdbe/static/files/pdbechem_v2/T01_500.svg
排除,P3,T3,"3,5,3'TRIIODOTHYRONINE",T3; THYROID HORMONE; LIOTHYRONINE,卤代/电子调节,否,未进入使用审计,0,0,,分子量超过500 Da，优先判断为复杂整分子,分子量超过300 Da，需确认偶联、脱保护和总环肽体积负担；CCD未指定标准氨基酸母体,C15 H12 I3 N O4,650.973,,NON-POLYMER,1,c1cc(c(cc1Oc2c(cc(cc2I)C[C@@H](C(=O)O)N)I)I)O,https://www.rcsb.org/ligand/T3,https://www.ebi.ac.uk/pdbe/static/files/pdbechem_v2/T3_500.svg
排除,P3,T33,"3,3'-DEIODO-THYROXINE",,卤代/电子调节,否,未进入使用审计,0,0,,分子量超过500 Da，优先判断为复杂整分子,分子量超过300 Da，需确认偶联、脱保护和总环肽体积负担；CCD未指定标准氨基酸母体,C15 H13 I2 N O4,525.077,,NON-POLYMER,1,c1cc(c(cc1C[C@@H](C(=O)O)N)I)Oc2ccc(c(c2)I)O,https://www.rcsb.org/ligand/T33,https://www.ebi.ac.uk/pdbe/static/files/pdbechem_v2/T33_500.svg
排除,P3,T44,"3,5,3',5'-TETRAIODO-L-THYRONINE",,卤代/电子调节,否,未进入使用审计,0,0,,分子量超过500 Da，优先判断为复杂整分子,分子量超过300 Da，需确认偶联、脱保护和总环肽体积负担；CCD未指定标准氨基酸母体,C15 H11 I4 N O4,776.87,,NON-POLYMER,1,c1c(cc(c(c1I)Oc2cc(c(c(c2)I)O)I)I)C[C@@H](C(=O)O)N,https://www.rcsb.org/ligand/T44,https://www.ebi.ac.uk/pdbe/static/files/pdbechem_v2/T44_500.svg
排除,P3,T4F,"(2~{S})-6-azanyl-2-[[(2~{S})-3-cyclohexyl-1-oxidanylidene-1-[[(1~{R},2~{S},4~{R})-1,7,7-trimethyl-2-bicyclo[2.2.1]hepta nyl]amino]propan-2-yl]sulfamoylamino]hexanoic acid",tafCPB,构象限制,否,未进入使用审计,0,0,,分子量超过500 Da，优先判断为复杂整分子,分子量超过300 Da，需确认偶联、脱保护和总环肽体积负担；CCD未指定标准氨基酸母体,C25 H46 N4 O5 S,514.722,,NON-POLYMER,1,C[C@@]12CC[C@@H](C1(C)C)C[C@@H]2NC(=O)[C@H](CC3CCCCC3)NS(=O)(=O)N[C@@H](CCCCN)C(=O)O,https://www.rcsb.org/ligand/T4F,https://www.ebi.ac.uk/pdbe/static/files/pdbechem_v2/T4F_500.svg
排除,P3,T57,"N-{6-[(4-fluorobenzoyl)amino]hexanoyl}-L-gamma-glutamyl-5-{[(S)-{[(1S)-1,3-dicarboxypropyl]amino}(hydroxy)phosphoryl]oxy}-L-norvaline",,卤代/电子调节,否,未进入使用审计,0,0,,分子量超过500 Da，优先判断为复杂整分子；含多个酰胺键，更像多残基/整分子片段而非独立单体,分子量超过300 Da，需确认偶联、脱保护和总环肽体积负担；杂原子较多，可能带来较高极性或多重保护需求；含磷酸/膦酸相关结构，通常不利于被动跨膜；含预先形成的酰胺键，需确认主链氨基是否仍可偶联；CCD未指定标准氨基酸母体,C28 H40 F N4 O14 P,706.608,,NON-POLYMER,3,c1cc(ccc1C(=O)NCCCCCC(=O)N[C@@H](CCC(=O)N[C@@H](CCCOP(=O)(N[C@@H](CCC(=O)O)C(=O)O)O)C(=O)O)C(=O)O)F,https://www.rcsb.org/ligand/T57,https://www.ebi.ac.uk/pdbe/static/files/pdbechem_v2/T57_500.svg
排除,P3,T5F,(2~{S})-2-[[(2~{S})-1-(1-adamantylamino)-3-cyclohexyl-1-oxidanylidene-propan-2-yl]sulfamoylamino]-6-azanyl-hexanoic acid,tafCPB,构象限制,否,未进入使用审计,0,0,,分子量超过500 Da，优先判断为复杂整分子,分子量超过300 Da，需确认偶联、脱保护和总环肽体积负担；含预先形成的酰胺键，需确认主链氨基是否仍可偶联；CCD未指定标准氨基酸母体,C25 H44 N4 O5 S,512.706,,NON-POLYMER,1,C1CCC(CC1)C[C@@H](C(=O)NC23CC4CC(C2)CC(C4)C3)NS(=O)(=O)N[C@@H](CCCCN)C(=O)O,https://www.rcsb.org/ligand/T5F,https://www.ebi.ac.uk/pdbe/static/files/pdbechem_v2/T5F_500.svg
暂缓,P3,T8G,"(2~{S},3~{R},4~{R})-4-(2-cyclohexyloxy-2-oxidanylidene-ethyl)sulfanyl-3-methyl-2-[(2~{S},3~{R})-3-oxidanyl-1-oxidanylidene-butan-2-yl]-3,4-dihydro-2~{H}-pyrrole-5-carboxylic acid",,构象限制,需确认,未进入使用审计,0,0,,结构可能合理，但单体身份、偶联条件或复杂度证据不足，暂不进入研发候选库,分子量超过300 Da，需确认偶联、脱保护和总环肽体积负担；杂原子较多，可能带来较高极性或多重保护需求；CCD未指定标准氨基酸母体,C18 H27 N O6 S,385.475,,non-polymer,4,C[C@H]1[C@H](C(=N[C@H]1[C@H](C=O)[C@@H](C)O)C(=O)O)SCC(=O)OC2CCCCC2,https://www.rcsb.org/ligand/T8G,https://www.ebi.ac.uk/pdbe/static/files/pdbechem_v2/T8G_500.svg
暂缓,P3,TA2,"(2R,3S)-3-AMINO-3-PHENYLPROPANE-1,2-DIOL",,芳香/疏水侧链,需确认,未进入使用审计,0,0,,结构可能合理，但单体身份、偶联条件或复杂度证据不足，暂不进入研发候选库,CCD未指定标准氨基酸母体,C9 H11 N O3,181.189,,NON-POLYMER,2,c1ccc(cc1)[C@@H]([C@H](C(=O)O)O)N,https://www.rcsb.org/ligand/TA2,https://www.ebi.ac.uk/pdbe/static/files/pdbechem_v2/TA2_500.svg
排除,P3,TBE,TAZOBACTAM INTERMEDIATE,,其他候选,否,未进入使用审计,0,0,,名称明确提示药物、抗生素或反应中间体,分子量超过300 Da，需确认偶联、脱保护和总环肽体积负担；CCD未指定标准氨基酸母体,C10 H14 N4 O5 S,302.307,,NON-POLYMER,1,C[C@](Cn1ccnn1)([C@H](C(=O)O)N\C=C/C=O)S(=O)=O,https://www.rcsb.org/ligand/TBE,https://www.ebi.ac.uk/pdbe/static/files/pdbechem_v2/TBE_500.svg
排除,P3,TBI,TAZOBACTAM TRANS-ENAMINE INTERMEDIATE,,其他候选,否,未进入使用审计,0,0,,名称明确提示药物、抗生素或反应中间体,分子量超过300 Da，需确认偶联、脱保护和总环肽体积负担；CCD未指定标准氨基酸母体,C10 H14 N4 O5 S,302.307,,NON-POLYMER,1,C[C@](Cn1ccnn1)([C@H](C(=O)O)N\C=C\C=O)S(=O)=O,https://www.rcsb.org/ligand/TBI,https://www.ebi.ac.uk/pdbe/static/files/pdbechem_v2/TBI_500.svg
排除,P3,TDJ,"{(1,2,3,4,5-eta)-3-[4-({(R)-carboxy[(2R)-4-carboxy-5-methylidene-5,6-dihydro-2H-1,3-thiazin-2-yl]methyl}amino)-4-oxobutanoyl]cyclopentadienyl}[(1,2,3,4,5-eta)-cyclopentadienyl]ruthenium",,构象限制,否,未进入使用审计,0,0,,含金属元素，不属于常规肽合成单体；分子量超过500 Da，优先判断为复杂整分子,分子量超过300 Da，需确认偶联、脱保护和总环肽体积负担；杂原子较多，可能带来较高极性或多重保护需求；CCD未指定标准氨基酸母体,C22 H22 N2 O6 Ru S,543.555,,non-polymer,2,C=C1CS[C@@H](N=C1C(=O)O)[C@@H](C(=O)O)NC(=O)CCC(=O)C23=[CH]4[Ru]2567891([CH]3=[CH]5C64)[CH]2=[CH]7C8[CH]9=[CH]12,https://www.rcsb.org/ligand/TDJ,https://www.ebi.ac.uk/pdbe/static/files/pdbechem_v2/TDJ_500.svg
暂缓,P3,TE0,1-(ethanesulfonyl)piperidine-4-carboxylic acid,,其他候选,需确认,未进入使用审计,0,0,,结构可能合理，但单体身份、偶联条件或复杂度证据不足，暂不进入研发候选库,CCD未指定标准氨基酸母体,C8 H15 N O4 S,221.274,,non-polymer,3,CCS(=O)(=O)N1CCC(CC1)C(=O)O,https://www.rcsb.org/ligand/TE0,https://www.ebi.ac.uk/pdbe/static/files/pdbechem_v2/TE0_500.svg
排除,P3,TEB,"(4R,5S)-3-(1-(4,5-dihydrothiazol-2-yl)azetidin-3-ylthio)-5-((2S,3R)-3-hydroxy-1-oxobutan-2-yl)-4-methyl-4,5- dihydro-1H-pyrrole-2-carboxylic acid",Tebipenem (open form),其他候选,否,未进入使用审计,0,0,,名称明确提示药物、抗生素或反应中间体,分子量超过300 Da，需确认偶联、脱保护和总环肽体积负担；CCD未指定标准氨基酸母体,C16 H23 N3 O4 S2,385.502,,NON-POLYMER,1,C[C@@H]1[C@@H](NC(=C1SC2CN(C2)C3=NCCS3)C(=O)O)[C@H](C=O)[C@@H](C)O,https://www.rcsb.org/ligand/TEB,https://www.ebi.ac.uk/pdbe/static/files/pdbechem_v2/TEB_500.svg
暂缓,P3,TG2,4-(4-phenylphenyl)carbonyloxypyrrolidine-2-carboxylic acid,,芳香/疏水侧链,需确认,未进入使用审计,0,0,,结构可能合理，但单体身份、偶联条件或复杂度证据不足，暂不进入研发候选库,分子量超过300 Da，需确认偶联、脱保护和总环肽体积负担；CCD未指定标准氨基酸母体,C18 H17 N O4,311.332,,non-polymer,1,c1ccc(cc1)c2ccc(cc2)C(=O)OC3CC(NC3)C(=O)O,https://www.rcsb.org/ligand/TG2,https://www.ebi.ac.uk/pdbe/static/files/pdbechem_v2/TG2_500.svg
暂缓,P3,TGG,"GAMMA-GLUTAMYL-S-(1,2-DICARBOXYETHYL)CYSTEINYLGLYCINE",,延长骨架,需确认,未进入使用审计,0,0,,结构可能合理，但单体身份、偶联条件或复杂度证据不足，暂不进入研发候选库,分子量超过300 Da，需确认偶联、脱保护和总环肽体积负担；杂原子较多，可能带来较高极性或多重保护需求；含预先形成的酰胺键，需确认主链氨基是否仍可偶联；CCD未指定标准氨基酸母体,C14 H21 N3 O10 S,423.396,,NON-POLYMER,1,C(CC(=O)N[C@@H](CS[C@H](CC(=O)O)C(=O)O)C(=O)NCC(=O)O)[C@@H](C(=O)O)N,https://www.rcsb.org/ligand/TGG,https://www.ebi.ac.uk/pdbe/static/files/pdbechem_v2/TGG_500.svg
暂缓,P3,TGI,Tiagabine,"(3R)-1-[4,4-bis(3-methylthiophen-2-yl)but-3-en-1-yl]piperidine-3-carboxylic acid; Gabitril",其他候选,需确认,未进入使用审计,0,0,,结构可能合理，但单体身份、偶联条件或复杂度证据不足，暂不进入研发候选库,分子量超过300 Da，需确认偶联、脱保护和总环肽体积负担；CCD未指定标准氨基酸母体,C20 H25 N O2 S2,375.548,,non-polymer,2,Cc1ccsc1C(=CCCN2CCC[C@H](C2)C(=O)O)c3c(ccs3)C,https://www.rcsb.org/ligand/TGI,https://www.ebi.ac.uk/pdbe/static/files/pdbechem_v2/TGI_500.svg
暂缓,P3,TGT,TAGETITOXIN,"(1R,4R,5R,6R,7S,8R)-6-ACETOXY-7-AMINO-4-CARBAMOYL-4-HYDROXY-8-(PHOSPHONOOXY)-9-OXA-3-THIABICYCLO[3.3.1]NONANE-1-CARBOXY LIC ACID",其他候选,需确认,未进入使用审计,0,0,,结构可能合理，但单体身份、偶联条件或复杂度证据不足，暂不进入研发候选库,分子量超过300 Da，需确认偶联、脱保护和总环肽体积负担；杂原子较多，可能带来较高极性或多重保护需求；含磷酸/膦酸相关结构，通常不利于被动跨膜；含预先形成的酰胺键，需确认主链氨基是否仍可偶联；CCD未指定标准氨基酸母体,C11 H17 N2 O11 P S,416.298,,NON-POLYMER,3,CC(=O)O[C@@H]1[C@@H]([C@H]([C@]2(CS[C@]([C@@H]1O2)(C(=O)N)O)C(=O)O)OP(=O)(O)O)N,https://www.rcsb.org/ligand/TGT,https://www.ebi.ac.uk/pdbe/static/files/pdbechem_v2/TGT_500.svg
排除,P3,THN,"2-[CARBOXY-(2-THIOPHEN-2-YL-ACETYLAMINO)-METHYL]-5-METHYLENE-5,6-DIHYDRO-2H-[1,3]THIAZINE-4-CARBOXYLIC ACID",HYDROLYZED CEPHALOTHIN,其他候选,否,未进入使用审计,0,0,,名称明确提示药物、抗生素或反应中间体,分子量超过300 Da，需确认偶联、脱保护和总环肽体积负担；CCD未指定标准氨基酸母体,C14 H14 N2 O5 S2,354.401,,NON-POLYMER,1,C=C1CSC(=NC1C(=O)O)[C@@H](C(=O)O)NC(=O)Cc2cccs2,https://www.rcsb.org/ligand/THN,https://www.ebi.ac.uk/pdbe/static/files/pdbechem_v2/THN_500.svg
暂缓,P3,TJ5,"(2~{S},4~{S})-4-(4-phenylphenyl)carbonyloxypyrrolidine-2-carboxylic acid",,芳香/疏水侧链,需确认,未进入使用审计,0,0,,结构可能合理，但单体身份、偶联条件或复杂度证据不足，暂不进入研发候选库,分子量超过300 Da，需确认偶联、脱保护和总环肽体积负担；CCD未指定标准氨基酸母体,C18 H17 N O4,311.332,,non-polymer,1,c1ccc(cc1)c2ccc(cc2)C(=O)O[C@H]3C[C@H](NC3)C(=O)O,https://www.rcsb.org/ligand/TJ5,https://www.ebi.ac.uk/pdbe/static/files/pdbechem_v2/TJ5_500.svg
暂缓,P3,TJ7,"(2R,4S)-2-[(1S)-1-{[(2R)-2-carboxy-2-(thiophen-3-yl)acetyl]amino}-1-methoxy-2-oxoethyl]-5,5-dimethyl-1,3-thiazolidine-4 -carboxylic acid",temocillin,其他候选,需确认,未进入使用审计,0,0,,结构可能合理，但单体身份、偶联条件或复杂度证据不足，暂不进入研发候选库,分子量超过300 Da，需确认偶联、脱保护和总环肽体积负担；杂原子较多，可能带来较高极性或多重保护需求；CCD未指定标准氨基酸母体,C16 H20 N2 O7 S2,416.469,,non-polymer,1,CC1([C@@H](N[C@H](S1)[C@@](C=O)(NC(=O)[C@@H](c2ccsc2)C(=O)O)OC)C(=O)O)C,https://www.rcsb.org/ligand/TJ7,https://www.ebi.ac.uk/pdbe/static/files/pdbechem_v2/TJ7_500.svg
排除,P3,TKC,"(2~{R})-5-[[[[(2~{R},3~{S},4~{S},5~{R})-5-(6-aminopurin-9-yl)-3,4-bis(oxidanyl)oxolan-2-yl]methoxy-oxidanyl-phosphoryl]oxy-oxidanyl-phosphoryl]oxy-oxidanyl-phosphoryl]oxy-2-azanyl-5-oxidanylidene-pentanoic acid",,其他候选,否,未进入使用审计,0,0,,分子量超过500 Da，优先判断为复杂整分子,分子量超过300 Da，需确认偶联、脱保护和总环肽体积负担；杂原子较多，可能带来较高极性或多重保护需求；含磷酸/膦酸相关结构，通常不利于被动跨膜；CCD未指定标准氨基酸母体,C15 H23 N6 O16 P3,636.295,,non-polymer,1,c1nc(c2c(n1)n(cn2)[C@H]3[C@H]([C@@H]([C@H](O3)COP(=O)(O)OP(=O)(O)OP(=O)(O)OC(=O)CC[C@H](C(=O)O)N)O)O)N,https://www.rcsb.org/ligand/TKC,https://www.ebi.ac.uk/pdbe/static/files/pdbechem_v2/TKC_500.svg
暂缓,P3,TLP,3-HYDROXY-2-[(3-HYDROXY-2-METHYL-5-PHOSPHONOOXYMETHYL-PYRIDIN-4-YLMETHYL)-AMINO]-BUTYRIC ACID,N-PYRIDOXYL-THREONINE-5-MONOPHOSPHATE,芳香/疏水侧链,需确认,未进入使用审计,0,0,,结构可能合理，但单体身份、偶联条件或复杂度证据不足，暂不进入研发候选库,分子量超过300 Da，需确认偶联、脱保护和总环肽体积负担；杂原子较多，可能带来较高极性或多重保护需求；含磷酸/膦酸相关结构，通常不利于被动跨膜；CCD未指定标准氨基酸母体,C12 H19 N2 O8 P,350.262,,NON-POLYMER,1,Cc1c(c(c(cn1)COP(=O)(O)O)CNC(C(C)O)C(=O)O)O,https://www.rcsb.org/ligand/TLP,https://www.ebi.ac.uk/pdbe/static/files/pdbechem_v2/TLP_500.svg
暂缓,P3,TLV,"(2~{S})-2-azanyl-3-[4-[3,5-bis(chloranyl)-4-oxidanyl-phenoxy]-3,5-bis(chloranyl)phenyl]propanoic acid",,芳香/疏水侧链,需确认,未进入使用审计,0,0,,结构可能合理，但单体身份、偶联条件或复杂度证据不足，暂不进入研发候选库,分子量超过300 Da，需确认偶联、脱保护和总环肽体积负担；CCD未指定标准氨基酸母体,C15 H11 Cl4 N O4,411.064,,NON-POLYMER,1,c1c(cc(c(c1Cl)Oc2cc(c(c(c2)Cl)O)Cl)Cl)C[C@@H](C(=O)O)N,https://www.rcsb.org/ligand/TLV,https://www.ebi.ac.uk/pdbe/static/files/pdbechem_v2/TLV_500.svg
暂缓,P3,TNS,N-(TRANS-4'-NITRO-4-STILBENYL)-N-METHYL-5-AMINO-PENTANOIC ACID,5-[{4-[(E)-2-(4-NITROPHENYL)VINYL]PHENYL}(METHYL)AMINO]PENTANOIC ACID,N-取代,需确认,未进入使用审计,0,0,,结构可能合理，但单体身份、偶联条件或复杂度证据不足，暂不进入研发候选库,分子量超过300 Da，需确认偶联、脱保护和总环肽体积负担；CCD未指定标准氨基酸母体,C20 H22 N2 O4,354.4,,NON-POLYMER,4,CN(CCCCC(=O)O)c1ccc(cc1)\C=C\c2ccc(cc2)[N+](=O)[O-],https://www.rcsb.org/ligand/TNS,https://www.ebi.ac.uk/pdbe/static/files/pdbechem_v2/TNS_500.svg
排除,P3,TOL,TOLRESTAT,,其他候选,否,未进入使用审计,0,0,,名称明确提示药物、抗生素或反应中间体,分子量超过300 Da，需确认偶联、脱保护和总环肽体积负担；CCD未指定标准氨基酸母体,C16 H14 F3 N O3 S,357.347,,NON-POLYMER,1,CN(CC(=O)O)C(=S)c1cccc2c1ccc(c2C(F)(F)F)OC,https://www.rcsb.org/ligand/TOL,https://www.ebi.ac.uk/pdbe/static/files/pdbechem_v2/TOL_500.svg
暂缓,P3,TP3,4-[[GLUTAMIC ACID]-CARBONYL]-BENZENE-SULFONYL-D-PROLINE,SP-722,D-构型,需确认,未进入使用审计,0,0,,结构可能合理，但单体身份、偶联条件或复杂度证据不足，暂不进入研发候选库,分子量超过300 Da，需确认偶联、脱保护和总环肽体积负担；杂原子较多，可能带来较高极性或多重保护需求；含预先形成的酰胺键，需确认主链氨基是否仍可偶联；CCD未指定标准氨基酸母体,C17 H20 N2 O9 S,428.414,,NON-POLYMER,1,c1cc(ccc1C(=O)N[C@@H](CCC(=O)O)C(=O)O)S(=O)(=O)[N@]2CCC[C@@H]2C(=O)O,https://www.rcsb.org/ligand/TP3,https://www.ebi.ac.uk/pdbe/static/files/pdbechem_v2/TP3_500.svg
排除,P3,TS2,"2-AMINO-4-[4-(4-AMINO-4-CARBOXY-BUTYRYLAMINO)-5,8,19,22-TETRAOXO-1,2-DITHIA-6,9,13,18,21-PENTAAZA-CYCLOTETRACOS-23-YLCARBAMOYL]-BUTYRIC ACID",RING WITH GLUTATHIONE AND SPERMIDINE,其他候选,否,未进入使用审计,0,0,,名称提示核苷酸、辅因子或整分子缀合物；分子量超过500 Da，优先判断为复杂整分子,分子量超过300 Da，需确认偶联、脱保护和总环肽体积负担；杂原子较多，可能带来较高极性或多重保护需求；含预先形成的酰胺键，需确认主链氨基是否仍可偶联；CCD未指定标准氨基酸母体,C27 H47 N9 O10 S2,721.846,,NON-POLYMER,1,C1CCNC(=O)CNC(=O)[C@H](CSSC[C@@H](C(=O)NCC(=O)NCCCNC1)NC(=O)CC[C@@H](C(=O)O)N)NC(=O)CC[C@@H](C(=O)O)N,https://www.rcsb.org/ligand/TS2,https://www.ebi.ac.uk/pdbe/static/files/pdbechem_v2/TS2_500.svg
排除,P3,TS4,GLUTATHIONYLSPERMIDINE DISULFIDE,,其他候选,否,未进入使用审计,0,0,,分子量超过500 Da，优先判断为复杂整分子,分子量超过300 Da，需确认偶联、脱保护和总环肽体积负担；杂原子较多，可能带来较高极性或多重保护需求；含预先形成的酰胺键，需确认主链氨基是否仍可偶联；CCD未指定标准氨基酸母体,C34 H66 N12 O10 S2,867.092,,NON-POLYMER,1,C(CCNCCCNC(=O)CNC(=O)[C@H](CSSC[C@@H](C(=O)NCC(=O)NCCCNCCCCN)NC(=O)CC[C@H](C(=O)O)N)NC(=O)CC[C@H](C(=O)O)N)CN,https://www.rcsb.org/ligand/TS4,https://www.ebi.ac.uk/pdbe/static/files/pdbechem_v2/TS4_500.svg
暂缓,P3,TS5,GLUTATHIONYLSPERMIDINE,,其他候选,需确认,未进入使用审计,0,0,,结构可能合理，但单体身份、偶联条件或复杂度证据不足，暂不进入研发候选库,分子量超过300 Da，需确认偶联、脱保护和总环肽体积负担；杂原子较多，可能带来较高极性或多重保护需求；CCD未指定标准氨基酸母体,C17 H34 N6 O5 S,434.554,,NON-POLYMER,1,C(CCNCCCNC(=O)CNC(=O)[C@H](CS)NC(=O)CC[C@@H](C(=O)O)N)CN,https://www.rcsb.org/ligand/TS5,https://www.ebi.ac.uk/pdbe/static/files/pdbechem_v2/TS5_500.svg
排除,P3,TSL,TRANS-ENAMINE INTERMEDIATE OF SULBACTAM,,其他候选,否,未进入使用审计,0,0,,名称明确提示药物、抗生素或反应中间体,CCD未指定标准氨基酸母体,C8 H13 N O5 S,235.258,,NON-POLYMER,1,CC(C)([C@H](C(=O)O)N/C=C/C=O)[S@@](=O)O,https://www.rcsb.org/ligand/TSL,https://www.ebi.ac.uk/pdbe/static/files/pdbechem_v2/TSL_500.svg
暂缓,P3,TT8,"(2S)-2-azanyl-4-[[(2S,3S,4R,5R)-5-[6-(methylamino)purin-9-yl]-3,4-bis(oxidanyl)oxolan-2-yl]methylsulfanyl]butanoic acid",S-(N6-Methyladenosyl)-L-homocysteine,其他候选,需确认,未进入使用审计,0,0,,结构可能合理，但单体身份、偶联条件或复杂度证据不足，暂不进入研发候选库,分子量超过300 Da，需确认偶联、脱保护和总环肽体积负担；杂原子较多，可能带来较高极性或多重保护需求；CCD未指定标准氨基酸母体,C15 H22 N6 O5 S,398.437,,NON-POLYMER,1,CNc1c2c(ncn1)n(cn2)[C@H]3[C@@H]([C@@H]([C@H](O3)CSCC[C@@H](C(=O)O)N)O)O,https://www.rcsb.org/ligand/TT8,https://www.ebi.ac.uk/pdbe/static/files/pdbechem_v2/TT8_500.svg
暂缓,P3,TVE,"(2~{S},3~{R},4~{R})-3-[5-[(3-carboxyphenyl)carbamoyl]pyrrolidin-3-yl]sulfanyl-4-methyl-5-[(2~{S},3~{R})-3-oxidanyl-1-oxidanylidene-butan-2-yl]-3,4-dihydro-2~{H}-pyrrole-2-carboxylic acid",,芳香/疏水侧链,需确认,未进入使用审计,0,0,,结构可能合理，但单体身份、偶联条件或复杂度证据不足，暂不进入研发候选库,分子量超过300 Da，需确认偶联、脱保护和总环肽体积负担；杂原子较多，可能带来较高极性或多重保护需求；含预先形成的酰胺键，需确认主链氨基是否仍可偶联；CCD未指定标准氨基酸母体,C22 H27 N3 O7 S,477.531,,non-polymer,1,C[C@H]1[C@H]([C@@H](N=C1[C@H](C=O)[C@@H](C)O)C(=O)O)SC2C[C@H](NC2)C(=O)Nc3cccc(c3)C(=O)O,https://www.rcsb.org/ligand/TVE,https://www.ebi.ac.uk/pdbe/static/files/pdbechem_v2/TVE_500.svg
暂缓,P3,TWW,"(2~{S},4~{R})-2-ethoxycarbonyl-2-(sulfanylmethyl)-1,3-thiazolidine-4-carboxylic acid",,其他候选,需确认,未进入使用审计,0,0,,结构可能合理，但单体身份、偶联条件或复杂度证据不足，暂不进入研发候选库,CCD未指定标准氨基酸母体,C8 H13 N O4 S2,251.323,,non-polymer,1,CCOC(=O)[C@@]1(N[C@@H](CS1)C(=O)O)CS,https://www.rcsb.org/ligand/TWW,https://www.ebi.ac.uk/pdbe/static/files/pdbechem_v2/TWW_500.svg
暂缓,P3,TZ8,(2~{R})-2-azanyl-5-[[(2~{R})-3-(hexylcarbamothioylsulfanyl)-1-(2-hydroxy-2-oxoethylamino)-1-oxidanylidene-propan-2-yl]amino]-5-oxidanylidene-pentanoic acid,,其他候选,需确认,未进入使用审计,0,0,,结构可能合理，但单体身份、偶联条件或复杂度证据不足，暂不进入研发候选库,分子量超过300 Da，需确认偶联、脱保护和总环肽体积负担；杂原子较多，可能带来较高极性或多重保护需求；含预先形成的酰胺键，需确认主链氨基是否仍可偶联；CCD未指定标准氨基酸母体,C17 H30 N4 O6 S2,450.573,,non-polymer,1,CCCCCCNC(=S)SC[C@@H](C(=O)NCC(=O)O)NC(=O)CC[C@H](C(=O)O)N,https://www.rcsb.org/ligand/TZ8,https://www.ebi.ac.uk/pdbe/static/files/pdbechem_v2/TZ8_500.svg
暂缓,P3,U6N,"(2~{R})-2-[[7-but-2-ynyl-5-(3-chloranyl-2-methyl-phenyl)-6-ethyl-pyrrolo[2,3-d]pyrimidin-4-yl]amino]-3-phenyl-propanoic acid",,芳香/疏水侧链,需确认,未进入使用审计,0,0,,结构可能合理，但单体身份、偶联条件或复杂度证据不足，暂不进入研发候选库,分子量超过300 Da，需确认偶联、脱保护和总环肽体积负担；CCD未指定标准氨基酸母体,C28 H27 Cl N4 O2,486.993,,non-polymer,1,CCc1c(c2c(ncnc2n1CC#CC)N[C@H](Cc3ccccc3)C(=O)O)c4cccc(c4C)Cl,https://www.rcsb.org/ligand/U6N,https://www.ebi.ac.uk/pdbe/static/files/pdbechem_v2/U6N_500.svg
暂缓,P3,U6Q,"(2~{R})-2-[[5-(3-chloranyl-2-methyl-phenyl)-6-ethyl-thieno[2,3-d]pyrimidin-4-yl]amino]-3-phenyl-propanoic acid",,芳香/疏水侧链,需确认,未进入使用审计,0,0,,结构可能合理，但单体身份、偶联条件或复杂度证据不足，暂不进入研发候选库,分子量超过300 Da，需确认偶联、脱保护和总环肽体积负担；CCD未指定标准氨基酸母体,C24 H22 Cl N3 O2 S,451.968,,non-polymer,1,CCc1c(c2c(ncnc2s1)N[C@H](Cc3ccccc3)C(=O)O)c4cccc(c4C)Cl,https://www.rcsb.org/ligand/U6Q,https://www.ebi.ac.uk/pdbe/static/files/pdbechem_v2/U6Q_500.svg
排除,P3,U77,N-(2-{[(furan-2-yl)methyl][2-(4-sulfamoylphenyl)ethyl]amino}-2-oxoethyl)-N-(2-phenylethyl)-beta-alanine,,芳香/疏水侧链,否,未进入使用审计,0,0,,分子量超过500 Da，优先判断为复杂整分子,分子量超过300 Da，需确认偶联、脱保护和总环肽体积负担；杂原子较多，可能带来较高极性或多重保护需求；含预先形成的酰胺键，需确认主链氨基是否仍可偶联；CCD未指定标准氨基酸母体,C26 H31 N3 O6 S,513.606,,non-polymer,2,c1ccc(cc1)CCN(CCC(=O)O)CC(=O)N(CCc2ccc(cc2)S(=O)(=O)N)Cc3ccco3,https://www.rcsb.org/ligand/U77,https://www.ebi.ac.uk/pdbe/static/files/pdbechem_v2/U77_500.svg
排除,P3,U7J,N-(2-{[(naphthalen-2-yl)methyl][2-(4-sulfamoylphenyl)ethyl]amino}-2-oxoethyl)-N-(2-phenylethyl)-beta-alanine,,芳香/疏水侧链,否,未进入使用审计,0,0,,分子量超过500 Da，优先判断为复杂整分子,分子量超过300 Da，需确认偶联、脱保护和总环肽体积负担；含预先形成的酰胺键，需确认主链氨基是否仍可偶联；CCD未指定标准氨基酸母体,C32 H35 N3 O5 S,573.702,,non-polymer,2,c1ccc(cc1)CCN(CCC(=O)O)CC(=O)N(CCc2ccc(cc2)S(=O)(=O)N)Cc3ccc4ccccc4c3,https://www.rcsb.org/ligand/U7J,https://www.ebi.ac.uk/pdbe/static/files/pdbechem_v2/U7J_500.svg
排除,P3,U87,"5'-([(3S)-3-amino-3-carboxypropyl]{3-[(4R)-7,8-dichloro-1,2,3,4-tetrahydroisoquinolin-4-yl]propyl}amino)-5'-deoxyadenosine",,卤代/电子调节,否,未进入使用审计,0,0,,分子量超过500 Da，优先判断为复杂整分子,分子量超过300 Da，需确认偶联、脱保护和总环肽体积负担；杂原子较多，可能带来较高极性或多重保护需求；CCD未指定标准氨基酸母体,C26 H34 Cl2 N8 O5,609.505,,non-polymer,1,c1cc(c(c2c1[C@H](CNC2)CCCN(CC[C@@H](C(=O)O)N)C[C@@H]3[C@H]([C@H]([C@@H](O3)n4cnc5c4ncnc5N)O)O)Cl)Cl,https://www.rcsb.org/ligand/U87,https://www.ebi.ac.uk/pdbe/static/files/pdbechem_v2/U87_500.svg
排除,P3,U8B,"(2~{S})-2-azanyl-5-[[(2~{R})-3-[(2~{R},5~{R})-5-(hydroxymethyl)-3,6-bis(oxidanylidene)-2-(phenylmethyl)-5-sulfanyl-piperazin-2-yl]sulfanyl-1-(2-hydroxy-2-oxoethylamino)-1-oxidanylidene-propan-2-yl]amino]-5-oxidanylidene-pentanoic acid",,芳香/疏水侧链,否,未进入使用审计,0,0,,分子量超过500 Da，优先判断为复杂整分子；含多个酰胺键，更像多残基/整分子片段而非独立单体,分子量超过300 Da，需确认偶联、脱保护和总环肽体积负担；杂原子较多，可能带来较高极性或多重保护需求；含预先形成的酰胺键，需确认主链氨基是否仍可偶联；CCD未指定标准氨基酸母体,C22 H29 N5 O9 S2,571.624,,non-polymer,1,c1ccc(cc1)C[C@]2(C(=O)N[C@](C(=O)N2)(CO)S)SC[C@@H](C(=O)NCC(=O)O)NC(=O)CC[C@@H](C(=O)O)N,https://www.rcsb.org/ligand/U8B,https://www.ebi.ac.uk/pdbe/static/files/pdbechem_v2/U8B_500.svg
排除,P3,U93,(2~{S})-2-[[(~{R})-[[(5~{S})-5-azanyl-6-oxidanylidene-hexyl]amino]-[2-methyl-3-oxidanyl-5-(phosphonooxymethyl)pyridin-4-yl]methyl]amino]-3-phosphonooxy-propanoic acid,,芳香/疏水侧链,否,未进入使用审计,0,0,,分子量超过500 Da，优先判断为复杂整分子,分子量超过300 Da，需确认偶联、脱保护和总环肽体积负担；杂原子较多，可能带来较高极性或多重保护需求；含磷酸/膦酸相关结构，通常不利于被动跨膜；CCD未指定标准氨基酸母体,C17 H30 N4 O12 P2,544.387,,non-polymer,1,Cc1c(c(c(cn1)COP(=O)(O)O)[C@H](NCCCC[C@@H](C=O)N)N[C@@H](COP(=O)(O)O)C(=O)O)O,https://www.rcsb.org/ligand/U93,https://www.ebi.ac.uk/pdbe/static/files/pdbechem_v2/U93_500.svg
暂缓,P3,U9B,"(1R,3S)-3-(4-ammoniobutyl)-1-benzyl-1,4-azaphosphinan-1-ium-3-carboxylate 4,4-dioxide","4-[(1~{R},3~{S})-3-carboxy-4-oxidanyl-4-oxidanylidene-1-(phenylmethyl)-1,4$l^{5}-azaphosphinan-1-ium-3-yl]butylazanium",芳香/疏水侧链,需确认,未进入使用审计,0,0,,结构可能合理，但单体身份、偶联条件或复杂度证据不足，暂不进入研发候选库,分子量超过300 Da，需确认偶联、脱保护和总环肽体积负担；含磷酸/膦酸相关结构，通常不利于被动跨膜；CCD未指定标准氨基酸母体,C16 H27 N2 O4 P,342.37,,non-polymer,2,c1ccc(cc1)C[N@@H+]2CCP(=O)([C@](C2)(CCCC[NH3+])C(=O)O)O,https://www.rcsb.org/ligand/U9B,https://www.ebi.ac.uk/pdbe/static/files/pdbechem_v2/U9B_500.svg
暂缓,P3,U9K,"(1R,3S)-3-(4-ammoniobutyl)-1-(4-fluoro-2-(1-methyl-1H-imidazol-5-yl)benzyl)-1,4-azaphosphinan-1-ium-3-carboxylate 4,4-dioxide","4-[(1~{R},3~{S})-3-carboxy-1-[[4-fluoranyl-2-(3-methylimidazol-4-yl)phenyl]methyl]-4-oxidanyl-4-oxidanylidene-1,4$l^{5}-azaphosphinan-1-ium-3-yl]butylazanium",卤代/电子调节,需确认,未进入使用审计,0,0,,结构可能合理，但单体身份、偶联条件或复杂度证据不足，暂不进入研发候选库,分子量超过300 Da，需确认偶联、脱保护和总环肽体积负担；含磷酸/膦酸相关结构，通常不利于被动跨膜；CCD未指定标准氨基酸母体,C20 H30 F N4 O4 P,440.449,,non-polymer,2,Cn1cncc1c2cc(ccc2C[N@@H+]3CCP(=O)([C@](C3)(CCCC[NH3+])C(=O)O)O)F,https://www.rcsb.org/ligand/U9K,https://www.ebi.ac.uk/pdbe/static/files/pdbechem_v2/U9K_500.svg
排除,P3,UB1,"3-({3-[(2S)-2-amino-2-carboxyethyl]-5-methyl-2,6-dioxo-3,6-dihydropyrimidin-1(2H)-yl}methyl)-4,5-dibromothiophene-2-carboxylic acid",,卤代/电子调节,否,未进入使用审计,0,0,,分子量超过500 Da，优先判断为复杂整分子,分子量超过300 Da，需确认偶联、脱保护和总环肽体积负担；杂原子较多，可能带来较高极性或多重保护需求；含预先形成的酰胺键，需确认主链氨基是否仍可偶联；CCD未指定标准氨基酸母体,C14 H13 Br2 N3 O6 S,511.143,,NON-POLYMER,1,CC1=CN(C(=O)N(C1=O)Cc2c(c(sc2C(=O)O)Br)Br)C[C@@H](C(=O)O)N,https://www.rcsb.org/ligand/UB1,https://www.ebi.ac.uk/pdbe/static/files/pdbechem_v2/UB1_500.svg
暂缓,P3,UBA,"(S)-1-(2-AMINO-2-CARBOXYETHYL)-3(2-CARBOXYTHIOPHENE-3-YL-METHYL)-5-METHYLPYRIMIDINE-2,4-DIONE",,其他候选,需确认,未进入使用审计,0,0,,结构可能合理，但单体身份、偶联条件或复杂度证据不足，暂不进入研发候选库,分子量超过300 Da，需确认偶联、脱保护和总环肽体积负担；杂原子较多，可能带来较高极性或多重保护需求；含预先形成的酰胺键，需确认主链氨基是否仍可偶联；CCD未指定标准氨基酸母体,C14 H15 N3 O6 S,353.35,,NON-POLYMER,1,CC1=CN(C(=O)N(C1=O)Cc2ccsc2C(=O)O)C[C@@H](C(=O)O)N,https://www.rcsb.org/ligand/UBA,https://www.ebi.ac.uk/pdbe/static/files/pdbechem_v2/UBA_500.svg
暂缓,P3,UBC,"(S)-1-(2-AMINO-2-CARBOXYETHYL)-3-(2-CARBOXYBENZYL)PYRIMIDINE-2,4-DIONE",,其他候选,需确认,未进入使用审计,0,0,,结构可能合理，但单体身份、偶联条件或复杂度证据不足，暂不进入研发候选库,分子量超过300 Da，需确认偶联、脱保护和总环肽体积负担；杂原子较多，可能带来较高极性或多重保护需求；CCD未指定标准氨基酸母体,C15 H15 N3 O6,333.296,,NON-POLYMER,1,c1ccc(c(c1)CN2C(=O)C=CN(C2=O)C[C@@H](C(=O)O)N)C(=O)O,https://www.rcsb.org/ligand/UBC,https://www.ebi.ac.uk/pdbe/static/files/pdbechem_v2/UBC_500.svg
暂缓,P3,UBE,"3-({3-[(2S)-2-amino-2-carboxyethyl]-5-methyl-2,6-dioxo-3,6-dihydropyrimidin-1(2H)-yl}methyl)-5-phenylthiophene-2-carboxylic acid",,芳香/疏水侧链,需确认,未进入使用审计,0,0,,结构可能合理，但单体身份、偶联条件或复杂度证据不足，暂不进入研发候选库,分子量超过300 Da，需确认偶联、脱保护和总环肽体积负担；杂原子较多，可能带来较高极性或多重保护需求；含预先形成的酰胺键，需确认主链氨基是否仍可偶联；CCD未指定标准氨基酸母体,C20 H19 N3 O6 S,429.446,,NON-POLYMER,1,CC1=CN(C(=O)N(C1=O)Cc2cc(sc2C(=O)O)c3ccccc3)C[C@@H](C(=O)O)N,https://www.rcsb.org/ligand/UBE,https://www.ebi.ac.uk/pdbe/static/files/pdbechem_v2/UBE_500.svg
暂缓,P3,UBF,"3-({3-[(2S)-2-amino-2-carboxyethyl]-5-bromo-2,6-dioxo-3,6-dihydropyrimidin-1(2H)-yl}methyl)thiophene-2-carboxylic acid",,卤代/电子调节,需确认,未进入使用审计,0,0,,结构可能合理，但单体身份、偶联条件或复杂度证据不足，暂不进入研发候选库,分子量超过300 Da，需确认偶联、脱保护和总环肽体积负担；杂原子较多，可能带来较高极性或多重保护需求；CCD未指定标准氨基酸母体,C13 H12 Br N3 O6 S,418.22,,NON-POLYMER,1,c1csc(c1CN2C(=O)C(=CN(C2=O)C[C@@H](C(=O)O)N)Br)C(=O)O,https://www.rcsb.org/ligand/UBF,https://www.ebi.ac.uk/pdbe/static/files/pdbechem_v2/UBF_500.svg
暂缓,P3,UCH,1-pyridin-4-ylpiperidine-4-carboxylic acid,,芳香/疏水侧链,需确认,未进入使用审计,0,0,,结构可能合理，但单体身份、偶联条件或复杂度证据不足，暂不进入研发候选库,CCD未指定标准氨基酸母体,C11 H14 N2 O2,206.241,,non-polymer,3,c1cnccc1N2CCC(CC2)C(=O)O,https://www.rcsb.org/ligand/UCH,https://www.ebi.ac.uk/pdbe/static/files/pdbechem_v2/UCH_500.svg
排除,P3,UEM,"(2~{S})-2-azanyl-4-[[(2~{S},3~{S},4~{R},5~{R})-5-[4-azanyl-5-(2-naphthalen-1-ylethynyl)pyrrolo[2,3-d]pyrimidin-7-yl]-3,4-bis(oxidanyl)oxolan-2-yl]methylsulfanyl]butanoic acid",,芳香/疏水侧链,否,未进入使用审计,0,0,,分子量超过500 Da，优先判断为复杂整分子,分子量超过300 Da，需确认偶联、脱保护和总环肽体积负担；杂原子较多，可能带来较高极性或多重保护需求；CCD未指定标准氨基酸母体,C27 H27 N5 O5 S,533.599,,non-polymer,1,c1ccc2c(c1)cccc2C#Cc3cn(c4c3c(ncn4)N)[C@H]5[C@@H]([C@@H]([C@H](O5)CSCC[C@@H](C(=O)O)N)O)O,https://www.rcsb.org/ligand/UEM,https://www.ebi.ac.uk/pdbe/static/files/pdbechem_v2/UEM_500.svg
暂缓,P3,UF9,"(2~{S})-2-azanyl-4-[[(2~{S},3~{S},4~{R},5~{R})-5-[4-azanyl-5-(2-phenylethynyl)pyrrolo[2,3-d]pyrimidin-7-yl]-3,4-bis(oxidanyl)oxolan-2-yl]methylsulfanyl]butanoic acid",,芳香/疏水侧链,需确认,未进入使用审计,0,0,,结构可能合理，但单体身份、偶联条件或复杂度证据不足，暂不进入研发候选库,分子量超过300 Da，需确认偶联、脱保护和总环肽体积负担；杂原子较多，可能带来较高极性或多重保护需求；CCD未指定标准氨基酸母体,C23 H25 N5 O5 S,483.54,,non-polymer,1,c1ccc(cc1)C#Cc2cn(c3c2c(ncn3)N)[C@H]4[C@@H]([C@@H]([C@H](O4)CSCC[C@@H](C(=O)O)N)O)O,https://www.rcsb.org/ligand/UF9,https://www.ebi.ac.uk/pdbe/static/files/pdbechem_v2/UF9_500.svg
排除,P3,UFE,Fe(III) Uroporphyrin,,其他候选,否,未进入使用审计,0,0,,含金属元素，不属于常规肽合成单体；分子量超过500 Da，优先判断为复杂整分子,分子量超过300 Da，需确认偶联、脱保护和总环肽体积负担；杂原子较多，可能带来较高极性或多重保护需求；CCD未指定标准氨基酸母体,C40 H36 Fe N4 O16,884.576,,NON-POLYMER,4,C1=C2C(=C(C3=[N]2[Fe]45n6c1c(c(c6C=C7[N]4=C(C=C8N5C(=C3)C(=C8CCC(=O)O)CC(=O)O)C(=C7CC(=O)O)CCC(=O)O)CC(=O)O)CCC(=O)O)CCC(=O)O)CC(=O)O,https://www.rcsb.org/ligand/UFE,https://www.ebi.ac.uk/pdbe/static/files/pdbechem_v2/UFE_500.svg
排除,P3,UG9,"(2~{S})-2-azanyl-4-[[(2~{S},3~{S},4~{R},5~{R})-5-(4-azanyl-5-iodanyl-pyrrolo[2,3-d]pyrimidin-7-yl)-3,4-bis(oxidanyl)oxolan-2-yl]methylsulfanyl]butanoic acid",,其他候选,否,未进入使用审计,0,0,,分子量超过500 Da，优先判断为复杂整分子,分子量超过300 Da，需确认偶联、脱保护和总环肽体积负担；杂原子较多，可能带来较高极性或多重保护需求；CCD未指定标准氨基酸母体,C15 H20 I N5 O5 S,509.319,,non-polymer,1,c1c(c2c(ncnc2n1[C@H]3[C@@H]([C@@H]([C@H](O3)CSCC[C@@H](C(=O)O)N)O)O)N)I,https://www.rcsb.org/ligand/UG9,https://www.ebi.ac.uk/pdbe/static/files/pdbechem_v2/UG9_500.svg
排除,P3,UGR,"(2~{S})-2-azanyl-4-[[(2~{S},3~{S},4~{R},5~{R})-5-[4-azanyl-5-(2-quinolin-3-ylethynyl)pyrrolo[2,3-d]pyrimidin-7-yl]-3,4-bis(oxidanyl)oxolan-2-yl]methylsulfanyl]butanoic acid",,其他候选,否,未进入使用审计,0,0,,分子量超过500 Da，优先判断为复杂整分子,分子量超过300 Da，需确认偶联、脱保护和总环肽体积负担；杂原子较多，可能带来较高极性或多重保护需求；CCD未指定标准氨基酸母体,C26 H26 N6 O5 S,534.587,,non-polymer,1,c1ccc2c(c1)cc(cn2)C#Cc3cn(c4c3c(ncn4)N)[C@H]5[C@@H]([C@@H]([C@H](O5)CSCC[C@@H](C(=O)O)N)O)O,https://www.rcsb.org/ligand/UGR,https://www.ebi.ac.uk/pdbe/static/files/pdbechem_v2/UGR_500.svg
排除,P3,UH2,"(2~{S})-2-azanyl-4-[[(2~{S},3~{S},4~{R},5~{R})-5-[4-azanyl-5-[2-(1~{H}-benzimidazol-2-yl)ethynyl]pyrrolo[2,3-d]pyrimidin-7-yl]-3,4-bis(oxidanyl)oxolan-2-yl]methylsulfanyl]butanoic acid",,其他候选,否,未进入使用审计,0,0,,分子量超过500 Da，优先判断为复杂整分子,分子量超过300 Da，需确认偶联、脱保护和总环肽体积负担；杂原子较多，可能带来较高极性或多重保护需求；CCD未指定标准氨基酸母体,C24 H25 N7 O5 S,523.564,,non-polymer,1,c1ccc2c(c1)[nH]c(n2)C#Cc3cn(c4c3c(ncn4)N)[C@H]5[C@@H]([C@@H]([C@H](O5)CSCC[C@@H](C(=O)O)N)O)O,https://www.rcsb.org/ligand/UH2,https://www.ebi.ac.uk/pdbe/static/files/pdbechem_v2/UH2_500.svg
排除,P3,UHO,2-[[3-[[phenylsulfonyl-[2-(4-sulfamoylphenyl)ethyl]amino]methyl]phenyl]amino]ethanoic acid,,芳香/疏水侧链,否,未进入使用审计,0,0,,分子量超过500 Da，优先判断为复杂整分子,分子量超过300 Da，需确认偶联、脱保护和总环肽体积负担；杂原子较多，可能带来较高极性或多重保护需求；CCD未指定标准氨基酸母体,C23 H25 N3 O6 S2,503.591,,non-polymer,1,c1ccc(cc1)S(=O)(=O)N(CCc2ccc(cc2)S(=O)(=O)N)Cc3cccc(c3)NCC(=O)O,https://www.rcsb.org/ligand/UHO,https://www.ebi.ac.uk/pdbe/static/files/pdbechem_v2/UHO_500.svg
暂缓,P3,UIE,2-[[3-[[phenylsulfonyl-[(4-sulfamoylphenyl)methyl]amino]methyl]phenyl]amino]ethanoic acid,,芳香/疏水侧链,需确认,未进入使用审计,0,0,,结构可能合理，但单体身份、偶联条件或复杂度证据不足，暂不进入研发候选库,分子量超过300 Da，需确认偶联、脱保护和总环肽体积负担；杂原子较多，可能带来较高极性或多重保护需求；CCD未指定标准氨基酸母体,C22 H23 N3 O6 S2,489.565,,non-polymer,1,c1ccc(cc1)S(=O)(=O)N(Cc2ccc(cc2)S(=O)(=O)N)Cc3cccc(c3)NCC(=O)O,https://www.rcsb.org/ligand/UIE,https://www.ebi.ac.uk/pdbe/static/files/pdbechem_v2/UIE_500.svg
暂缓,P3,UII,2-[[3-[[methylsulfonyl-[(4-sulfamoylphenyl)methyl]amino]methyl]phenyl]amino]ethanoic acid,,芳香/疏水侧链,需确认,未进入使用审计,0,0,,结构可能合理，但单体身份、偶联条件或复杂度证据不足，暂不进入研发候选库,分子量超过300 Da，需确认偶联、脱保护和总环肽体积负担；杂原子较多，可能带来较高极性或多重保护需求；CCD未指定标准氨基酸母体,C17 H21 N3 O6 S2,427.495,,non-polymer,1,CS(=O)(=O)N(Cc1ccc(cc1)S(=O)(=O)N)Cc2cccc(c2)NCC(=O)O,https://www.rcsb.org/ligand/UII,https://www.ebi.ac.uk/pdbe/static/files/pdbechem_v2/UII_500.svg
暂缓,P3,UJ9,Cefepime (open),"(2R,5S)-2-[(1R)-1-[[(2Z)-2-(2-azanyl-1,3-thiazol-4-yl)-2-methoxyimino-ethanoyl]amino]-2-oxidanyl-ethyl]-5-[(1-methylpyrrolidin-1-ium-1-yl)methyl]-5,6-dihydro-2H-1,3-thiazine-4-carboxylic acid; Cefepimum (reacted)",其他候选,需确认,未进入使用审计,0,0,,结构可能合理，但单体身份、偶联条件或复杂度证据不足，暂不进入研发候选库,分子量超过300 Da，需确认偶联、脱保护和总环肽体积负担；杂原子较多，可能带来较高极性或多重保护需求；CCD未指定标准氨基酸母体,C19 H29 N6 O5 S2,485.601,,non-polymer,3,C[N+]1(CCCC1)C[C@@H]2CS[C@@H](N=C2C(=O)O)[C@@H](CO)NC(=O)/C(=N\OC)/c3csc(n3)N,https://www.rcsb.org/ligand/UJ9,https://www.ebi.ac.uk/pdbe/static/files/pdbechem_v2/UJ9_500.svg
排除,P3,UKR,"1-{[(3S,4S)-3-({4-[2-(4-fluorobenzene-1-sulfonyl)ethyl]piperidin-1-yl}methyl)-4-(3-fluorophenyl)pyrrolidin-1-yl]methyl}cyclopentane-1-carboxylic acid",,构象限制,否,未进入使用审计,0,0,,分子量超过500 Da，优先判断为复杂整分子,分子量超过300 Da，需确认偶联、脱保护和总环肽体积负担；CCD未指定标准氨基酸母体,C31 H40 F2 N2 O4 S,574.722,,non-polymer,2,c1cc(cc(c1)F)[C@H]2CN(C[C@@H]2CN3CCC(CC3)CCS(=O)(=O)c4ccc(cc4)F)CC5(CCCC5)C(=O)O,https://www.rcsb.org/ligand/UKR,https://www.ebi.ac.uk/pdbe/static/files/pdbechem_v2/UKR_500.svg
排除,P3,UL0,"1-{[(3S,4S)-3-(3-fluorophenyl)-4-{[4-(1,3,4-triethyl-1H-pyrazol-5-yl)piperidin-1-yl]methyl}pyrrolidin-1-yl]methyl}cyclopentane-1-carboxylic acid",,构象限制,否,未进入使用审计,0,0,,分子量超过500 Da，优先判断为复杂整分子,分子量超过300 Da，需确认偶联、脱保护和总环肽体积负担；CCD未指定标准氨基酸母体,C32 H47 F N4 O2,538.74,,non-polymer,2,CCc1c(nn(c1C2CCN(CC2)C[C@H]3CN(C[C@@H]3c4cccc(c4)F)CC5(CCCC5)C(=O)O)CC)CC,https://www.rcsb.org/ligand/UL0,https://www.ebi.ac.uk/pdbe/static/files/pdbechem_v2/UL0_500.svg
暂缓,P3,UR5,"(+)-3-Hydroxy-4,5,6,6a-tetrahydro-3aH-pyrrolo[3,4-d]isoxazole-6-carboxylic acid","(3~{a}~{S},6~{S},6~{a}~{S})-3-oxidanylidene-4,5,6,6~{a}-tetrahydro-3~{a}~{H}-pyrrolo[3,4-d][1,2]oxazole-6-carboxylic acid",其他候选,需确认,未进入使用审计,0,0,,结构可能合理，但单体身份、偶联条件或复杂度证据不足，暂不进入研发候选库,CCD未指定标准氨基酸母体,C6 H8 N2 O4,172.139,,non-polymer,1,C1[C@H]2[C@@H]([C@H](N1)C(=O)O)ONC2=O,https://www.rcsb.org/ligand/UR5,https://www.ebi.ac.uk/pdbe/static/files/pdbechem_v2/UR5_500.svg
暂缓,P3,UR8,"(-)-3-Hydroxy-4,5,6,6a-tetrahydro-3aH-pyrrolo[3,4-d]isoxazole-6-carboxylic acid","(3~{a}~{R},6~{R},6~{a}~{R})-3-oxidanylidene-4,5,6,6~{a}-tetrahydro-3~{a}~{H}-pyrrolo[3,4-d][1,2]oxazole-6-carboxylic acid",其他候选,需确认,未进入使用审计,0,0,,结构可能合理，但单体身份、偶联条件或复杂度证据不足，暂不进入研发候选库,CCD未指定标准氨基酸母体,C6 H8 N2 O4,172.139,,non-polymer,1,C1[C@@H]2[C@H]([C@@H](N1)C(=O)O)ONC2=O,https://www.rcsb.org/ligand/UR8,https://www.ebi.ac.uk/pdbe/static/files/pdbechem_v2/UR8_500.svg
排除,P3,USN,Dimethylated-F430 cofactor,,其他候选,否,未进入使用审计,0,0,,含金属元素，不属于常规肽合成单体；名称提示核苷酸、辅因子或整分子缀合物；分子量超过500 Da，优先判断为复杂整分子,分子量超过300 Da，需确认偶联、脱保护和总环肽体积负担；杂原子较多，可能带来较高极性或多重保护需求；含预先形成的酰胺键，需确认主链氨基是否仍可偶联；CCD未指定标准氨基酸母体,C44 H55 N6 Ni O13,934.633,,non-polymer,4,C[C@H]1C[C@]2(C(C3CC4=[N]5C(CC67[C@@](CC(=O)N6)(C(C8=[N]7[Ni]59[N]3=C2C(=C2N9C(=C8)C(C2CCC(=O)O)CC(=O)O)C1=O)CCC(=O)O)C)C([C@]4(C)CC(=O)N)CCC(=O)O)CC(=O)O)C,https://www.rcsb.org/ligand/USN,https://www.ebi.ac.uk/pdbe/static/files/pdbechem_v2/USN_500.svg
排除,P3,UZ9,"(2S)-2-AMINO-6-({(4R)-4-[(10R,13S)-10,13-DIMETHYL-3-OXOHEXADECAHYDRO-1H-CYCLOPENTA[A]PHENANTHREN-17-YL]PENTANOYL}AMINO)HEXANOIC ACID",,构象限制,否,未进入使用审计,0,0,,分子量超过500 Da，优先判断为复杂整分子,分子量超过300 Da，需确认偶联、脱保护和总环肽体积负担；含预先形成的酰胺键，需确认主链氨基是否仍可偶联；CCD未指定标准氨基酸母体,C30 H50 N2 O4,502.729,,NON-POLYMER,1,C[C@H](CCC(=O)NCCCC[C@@H](C(=O)O)N)[C@H]1CC[C@@H]2[C@@]1(CC[C@H]3[C@H]2CC[C@H]4[C@@]3(CCC(=O)C4)C)C,https://www.rcsb.org/ligand/UZ9,https://www.ebi.ac.uk/pdbe/static/files/pdbechem_v2/UZ9_500.svg
暂缓,P3,V10,N^6^-[(1R)-2-[(1R)-1-carboxy-2-(methylsulfanyl)ethoxy]-2-oxo-1-(sulfanylmethyl)ethyl]-6-oxo-L-lysine,,其他候选,需确认,未进入使用审计,0,0,,结构可能合理，但单体身份、偶联条件或复杂度证据不足，暂不进入研发候选库,分子量超过300 Da，需确认偶联、脱保护和总环肽体积负担；杂原子较多，可能带来较高极性或多重保护需求；CCD未指定标准氨基酸母体,C13 H22 N2 O7 S2,382.453,,non-polymer,1,CSC[C@@H](C(=O)O)OC(=O)[C@H](CS)NC(=O)CCC[C@@H](C(=O)O)N,https://www.rcsb.org/ligand/V10,https://www.ebi.ac.uk/pdbe/static/files/pdbechem_v2/V10_500.svg
暂缓,P3,V20,N6^-[(1R)-2-[(1S)-1-CARBOXY-2-(METHYLSULFANYL)ETHOXY]-2-OXO-1-(SULFANYLMETHYL)ETHYL]-6-OXO-L-LYSINE,,其他候选,需确认,未进入使用审计,0,0,,结构可能合理，但单体身份、偶联条件或复杂度证据不足，暂不进入研发候选库,分子量超过300 Da，需确认偶联、脱保护和总环肽体积负担；杂原子较多，可能带来较高极性或多重保护需求；CCD未指定标准氨基酸母体,C13 H22 N2 O7 S2,382.453,,non-polymer,1,CSC[C@H](C(=O)O)OC(=O)[C@H](CS)NC(=O)CCC[C@@H](C(=O)O)N,https://www.rcsb.org/ligand/V20,https://www.ebi.ac.uk/pdbe/static/files/pdbechem_v2/V20_500.svg
排除,P3,V24,"N-[([1,1'-biphenyl]-4-yl)sulfonyl]-N-({1-[3,4,6-tri-O-acetyl-2-(acetylamino)-2-deoxy-beta-D-glucopyranosyl]-1H-1,2,3-triazol-4-yl}methyl)-D-valine",,D-构型,否,未进入使用审计,0,0,,分子量超过500 Da，优先判断为复杂整分子,分子量超过300 Da，需确认偶联、脱保护和总环肽体积负担；杂原子较多，可能带来较高极性或多重保护需求；CCD未指定标准氨基酸母体,C34 H41 N5 O12 S,743.781,,NON-POLYMER,1,CC(C)[C@H](C(=O)O)N(Cc1cn(nn1)[C@H]2[C@@H]([C@H]([C@@H]([C@H](O2)COC(=O)C)OC(=O)C)OC(=O)C)NC(=O)C)S(=O)(=O)c3ccc(cc3)c4ccccc4,https://www.rcsb.org/ligand/V24,https://www.ebi.ac.uk/pdbe/static/files/pdbechem_v2/V24_500.svg
排除,P3,V28,"N-({1-[2-(acetylamino)-2-deoxy-beta-D-glucopyranosyl]-1H-1,2,3-triazol-4-yl}methyl)-N-[([1,1'-biphenyl]-4-yl)sulfonyl]-D-valine",,D-构型,否,未进入使用审计,0,0,,分子量超过500 Da，优先判断为复杂整分子,分子量超过300 Da，需确认偶联、脱保护和总环肽体积负担；杂原子较多，可能带来较高极性或多重保护需求；CCD未指定标准氨基酸母体,C28 H35 N5 O9 S,617.671,,NON-POLYMER,1,CC(C)[C@H](C(=O)O)N(Cc1cn(nn1)[C@H]2[C@@H]([C@H]([C@@H]([C@H](O2)CO)O)O)NC(=O)C)S(=O)(=O)c3ccc(cc3)c4ccccc4,https://www.rcsb.org/ligand/V28,https://www.ebi.ac.uk/pdbe/static/files/pdbechem_v2/V28_500.svg
暂缓,P3,V2G,"2-[[[(2~{R},3~{S},4~{R},5~{R})-5-(6-aminopurin-9-yl)-3,4-bis(oxidanyl)oxolan-2-yl]methoxy-oxidanyl-phosphoryl]amino]ethanoic acid",,其他候选,需确认,未进入使用审计,0,0,,结构可能合理，但单体身份、偶联条件或复杂度证据不足，暂不进入研发候选库,分子量超过300 Da，需确认偶联、脱保护和总环肽体积负担；杂原子较多，可能带来较高极性或多重保护需求；含磷酸/膦酸相关结构，通常不利于被动跨膜；CCD未指定标准氨基酸母体,C12 H17 N6 O8 P,404.273,,non-polymer,1,c1nc(c2c(n1)n(cn2)[C@H]3[C@@H]([C@@H]([C@H](O3)COP(=O)(NCC(=O)O)O)O)O)N,https://www.rcsb.org/ligand/V2G,https://www.ebi.ac.uk/pdbe/static/files/pdbechem_v2/V2G_500.svg
排除,P3,V2J,5'-O-[(S)-[(3S)-3-carboxypyrrolidin-1-yl](hydroxy)phosphoryl]adenosine,,其他候选,否,未进入使用审计,0,0,,名称提示核苷酸、辅因子或整分子缀合物,分子量超过300 Da，需确认偶联、脱保护和总环肽体积负担；杂原子较多，可能带来较高极性或多重保护需求；含磷酸/膦酸相关结构，通常不利于被动跨膜；CCD未指定标准氨基酸母体,C15 H21 N6 O8 P,444.336,,non-polymer,2,c1nc(c2c(n1)n(cn2)[C@H]3[C@@H]([C@@H]([C@H](O3)COP(=O)(N4CC[C@@H](C4)C(=O)O)O)O)O)N,https://www.rcsb.org/ligand/V2J,https://www.ebi.ac.uk/pdbe/static/files/pdbechem_v2/V2J_500.svg
暂缓,P3,V2P,"(2~{S})-1-[[(2~{R},3~{S},4~{R},5~{R})-5-(6-aminopurin-9-yl)-3,4-bis(oxidanyl)oxolan-2-yl]methoxy-oxidanyl-phosphoryl]pyrrolidine-2-carboxylic acid",,其他候选,需确认,未进入使用审计,0,0,,结构可能合理，但单体身份、偶联条件或复杂度证据不足，暂不进入研发候选库,分子量超过300 Da，需确认偶联、脱保护和总环肽体积负担；杂原子较多，可能带来较高极性或多重保护需求；含磷酸/膦酸相关结构，通常不利于被动跨膜；CCD未指定标准氨基酸母体,C15 H21 N6 O8 P,444.336,,non-polymer,1,c1nc(c2c(n1)n(cn2)[C@H]3[C@@H]([C@@H]([C@H](O3)COP(=O)(N4CCC[C@H]4C(=O)O)O)O)O)N,https://www.rcsb.org/ligand/V2P,https://www.ebi.ac.uk/pdbe/static/files/pdbechem_v2/V2P_500.svg
暂缓,P3,V2S,"(2~{S})-2-[[[(2~{R},3~{S},4~{R},5~{R})-5-(6-aminopurin-9-yl)-3,4-bis(oxidanyl)oxolan-2-yl]methoxy-oxidanyl-phosphoryl]amino]-3-phenyl-propanoic acid",,芳香/疏水侧链,需确认,未进入使用审计,0,0,,结构可能合理，但单体身份、偶联条件或复杂度证据不足，暂不进入研发候选库,分子量超过300 Da，需确认偶联、脱保护和总环肽体积负担；杂原子较多，可能带来较高极性或多重保护需求；含磷酸/膦酸相关结构，通常不利于被动跨膜；CCD未指定标准氨基酸母体,C19 H23 N6 O8 P,494.395,,non-polymer,1,c1ccc(cc1)C[C@@H](C(=O)O)NP(=O)(O)OC[C@@H]2[C@H]([C@H]([C@@H](O2)n3cnc4c3ncnc4N)O)O,https://www.rcsb.org/ligand/V2S,https://www.ebi.ac.uk/pdbe/static/files/pdbechem_v2/V2S_500.svg
排除,P3,V3H,"(2R,4S)-2-[(1R)-2-butoxy-1-[(5-methyl-3-phenyl-1,2-oxazol-4-yl)carbonylamino]-2-oxidanylidene-ethyl]-5,5-dimethyl-1,3-thiazolidin-3-ium-4-carboxylic acid",Hydrolyzed Oxacillin,芳香/疏水侧链,否,未进入使用审计,0,0,,名称明确提示药物、抗生素或反应中间体,分子量超过300 Da，需确认偶联、脱保护和总环肽体积负担；杂原子较多，可能带来较高极性或多重保护需求,C23 H30 N3 O6 S,476.566,0WO,non-polymer,1,CCCCOC(=O)[C@H]([C@@H]1[NH2+][C@H](C(S1)(C)C)C(=O)O)NC(=O)c2c(onc2c3ccccc3)C,https://www.rcsb.org/ligand/V3H,https://www.ebi.ac.uk/pdbe/static/files/pdbechem_v2/V3H_500.svg
暂缓,P3,V7D,"2,2-diamino-4-[(S)-({(2S)-1-[(carboxymethyl)amino]-1-oxobutan-2-yl}oxy)(hydroxy)phosphanyl]butanoic acid",,其他候选,需确认,未进入使用审计,0,0,,结构可能合理，但单体身份、偶联条件或复杂度证据不足，暂不进入研发候选库,分子量超过300 Da，需确认偶联、脱保护和总环肽体积负担；杂原子较多，可能带来较高极性或多重保护需求；含磷酸/膦酸相关结构，通常不利于被动跨膜；含预先形成的酰胺键，需确认主链氨基是否仍可偶联；CCD未指定标准氨基酸母体,C16 H24 N3 O7 P,401.351,,non-polymer,1,CCC(C(=O)NCC(=O)O)O[P@@](CCC(C(=O)O)(N)N)Oc1ccccc1,https://www.rcsb.org/ligand/V7D,https://www.ebi.ac.uk/pdbe/static/files/pdbechem_v2/V7D_500.svg
暂缓,P3,V7K,"(2~{S})-2-azanyl-5-[[(2~{R})-1-(2-hydroxy-2-oxoethylamino)-3-[(7-nitro-2,1,3-benzoxadiazol-4-yl)sulfanyl]-1-oxidanylidene-propan-2-yl]amino]-5-oxidanylidene-pentanoic acid",,其他候选,需确认,未进入使用审计,0,0,,结构可能合理，但单体身份、偶联条件或复杂度证据不足，暂不进入研发候选库,分子量超过300 Da，需确认偶联、脱保护和总环肽体积负担；杂原子较多，可能带来较高极性或多重保护需求；含预先形成的酰胺键，需确认主链氨基是否仍可偶联；CCD未指定标准氨基酸母体,C16 H18 N6 O9 S,470.414,,non-polymer,1,c1cc(c2c(c1[N+](=O)[O-])non2)SC[C@@H](C(=O)NCC(=O)O)NC(=O)CC[C@@H](C(=O)O)N,https://www.rcsb.org/ligand/V7K,https://www.ebi.ac.uk/pdbe/static/files/pdbechem_v2/V7K_500.svg
暂缓,P3,V7P,(2S)-2-amino-3-(6-fluoroquinolin-4-yl)propanal,,卤代/电子调节,需确认,未进入使用审计,0,0,,结构可能合理，但单体身份、偶联条件或复杂度证据不足，暂不进入研发候选库,CCD未指定标准氨基酸母体,C12 H11 F N2 O2,234.226,,non-polymer,1,c1cc2c(cc1F)c(ccn2)C[C@@H](C(=O)O)N,https://www.rcsb.org/ligand/V7P,https://www.ebi.ac.uk/pdbe/static/files/pdbechem_v2/V7P_500.svg
暂缓,P3,V7W,"(2S,4R)-2-(thiophen-2-yl)thiazolidine-4-carboxylic acid",,其他候选,需确认,未进入使用审计,0,0,,结构可能合理，但单体身份、偶联条件或复杂度证据不足，暂不进入研发候选库,CCD未指定标准氨基酸母体,C8 H9 N O2 S2,215.293,,non-polymer,1,c1cc(sc1)[C@H]2N[C@@H](CS2)C(=O)O,https://www.rcsb.org/ligand/V7W,https://www.ebi.ac.uk/pdbe/static/files/pdbechem_v2/V7W_500.svg
暂缓,P3,V8E,(4-butanoylpiperazin-1-yl)acetic acid,,其他候选,需确认,未进入使用审计,0,0,,结构可能合理，但单体身份、偶联条件或复杂度证据不足，暂不进入研发候选库,含预先形成的酰胺键，需确认主链氨基是否仍可偶联；CCD未指定标准氨基酸母体,C10 H18 N2 O3,214.262,,non-polymer,1,CCCC(=O)N1CCN(CC1)CC(=O)O,https://www.rcsb.org/ligand/V8E,https://www.ebi.ac.uk/pdbe/static/files/pdbechem_v2/V8E_500.svg
排除,P3,V96,"7-[5-[(2~{S})-2-azanyl-3-oxidanyl-3-oxidanylidene-propyl]-2-oxidanyl-phenyl]-3,5,6,8-tetrakis(oxidanyl)-9,10-bis(oxidanylidene)anthracene-1,2-dicarboxylic acid",,芳香/疏水侧链,否,未进入使用审计,0,0,,分子量超过500 Da，优先判断为复杂整分子,分子量超过300 Da，需确认偶联、脱保护和总环肽体积负担；杂原子较多，可能带来较高极性或多重保护需求；CCD未指定标准氨基酸母体,C25 H17 N O13,539.401,,non-polymer,1,c1cc(c(cc1C[C@@H](C(=O)O)N)c2c(c3c(c(c2O)O)C(=O)c4cc(c(c(c4C3=O)C(=O)O)C(=O)O)O)O)O,https://www.rcsb.org/ligand/V96,https://www.ebi.ac.uk/pdbe/static/files/pdbechem_v2/V96_500.svg
暂缓,P3,V9M,"(3R)-N-[(1S)-1-carboxy-2-methylpropyl]-N,3,5,5-tetramethylhexan-1-aminium",,其他候选,需确认,未进入使用审计,0,0,,结构可能合理，但单体身份、偶联条件或复杂度证据不足，暂不进入研发候选库,CCD未指定标准氨基酸母体,C15 H32 N O2,258.42,,non-polymer,1,C[C@@H](CC[NH+](C)[C@@H](C(C)C)C(=O)O)CC(C)(C)C,https://www.rcsb.org/ligand/V9M,https://www.ebi.ac.uk/pdbe/static/files/pdbechem_v2/V9M_500.svg
暂缓,P3,VAZ,"N^6^-{(1R)-2-{[(1S,2R)-1-carboxy-2-hydroxy-2-(methylsulfanyl)ethyl]oxy}-1-[(oxidosulfanyl)methyl]-2-oxoethyl}-6-oxo-L-lysine","(S)-2-amino-6-((R)-1-((1S,2S)-1-carboxy-2-hydroxy-2-(methylthio)ethoxy)-3-hydrosulfinyl-1-oxopropan-2-ylamino)-6-oxohexanoic acid",其他候选,需确认,未进入使用审计,0,0,,结构可能合理，但单体身份、偶联条件或复杂度证据不足，暂不进入研发候选库,分子量超过300 Da，需确认偶联、脱保护和总环肽体积负担；杂原子较多，可能带来较高极性或多重保护需求；CCD未指定标准氨基酸母体,C13 H22 N2 O9 S2,414.452,,non-polymer,1,CS[C@@H]([C@H](C(=O)O)OC(=O)[C@H](C[S@H]=O)NC(=O)CCC[C@@H](C(=O)O)N)O,https://www.rcsb.org/ligand/VAZ,https://www.ebi.ac.uk/pdbe/static/files/pdbechem_v2/VAZ_500.svg
暂缓,P3,VC2,"(3S,5S,7aR)-2,2-dimethyl-5-(sulfanylmethyl)tetrahydro[1,3]thiazolo[4,3-b][1,3]thiazole-3-carboxylic acid",,其他候选,需确认,未进入使用审计,0,0,,结构可能合理，但单体身份、偶联条件或复杂度证据不足，暂不进入研发候选库,CCD未指定标准氨基酸母体,C9 H15 N O2 S3,265.416,,NON-POLYMER,1,CC1([C@@H](N2[C@H](S1)CS[C@H]2CS)C(=O)O)C,https://www.rcsb.org/ligand/VC2,https://www.ebi.ac.uk/pdbe/static/files/pdbechem_v2/VC2_500.svg
暂缓,P3,VD6,(2R)-1-benzylpiperidine-2-carboxylic acid,,其他候选,需确认,未进入使用审计,0,0,,结构可能合理，但单体身份、偶联条件或复杂度证据不足，暂不进入研发候选库,CCD未指定标准氨基酸母体,C13 H17 N O2,219.28,,non-polymer,1,c1ccc(cc1)CN2CCCC[C@@H]2C(=O)O,https://www.rcsb.org/ligand/VD6,https://www.ebi.ac.uk/pdbe/static/files/pdbechem_v2/VD6_500.svg
暂缓,P3,VF0,(2R)-2-azanyl-3-[oxidanyl-[(2R)-2-oxidanyl-3-tetradec-9-enoyloxy-propoxy]phosphoryl]oxy-propanoic acid,,其他候选,需确认,未进入使用审计,0,0,,结构可能合理，但单体身份、偶联条件或复杂度证据不足，暂不进入研发候选库,分子量超过300 Da，需确认偶联、脱保护和总环肽体积负担；杂原子较多，可能带来较高极性或多重保护需求；含磷酸/膦酸相关结构，通常不利于被动跨膜；CCD未指定标准氨基酸母体,C20 H38 N O9 P,467.491,,non-polymer,1,CCCCC=CCCCCCCCC(=O)OC[C@H](COP(=O)(O)OC[C@H](C(=O)O)N)O,https://www.rcsb.org/ligand/VF0,https://www.ebi.ac.uk/pdbe/static/files/pdbechem_v2/VF0_500.svg
暂缓,P3,VGO,"(3~{S},4~{S})-4,5,5-tris(oxidanyl)piperidine-3-carboxylic acid",,其他候选,需确认,未进入使用审计,0,0,,结构可能合理，但单体身份、偶联条件或复杂度证据不足，暂不进入研发候选库,CCD未指定标准氨基酸母体,C6 H11 N O5,177.155,,non-polymer,2,C1[C@@H]([C@@H](C(CN1)(O)O)O)C(=O)O,https://www.rcsb.org/ligand/VGO,https://www.ebi.ac.uk/pdbe/static/files/pdbechem_v2/VGO_500.svg
暂缓,P3,VIX,(2R)-(4-chlorophenyl)(morpholin-4-yl)acetic acid,,卤代/电子调节,需确认,未进入使用审计,0,0,,结构可能合理，但单体身份、偶联条件或复杂度证据不足，暂不进入研发候选库,CCD未指定标准氨基酸母体,C12 H14 Cl N O3,255.697,,non-polymer,1,c1cc(ccc1[C@H](C(=O)O)N2CCOCC2)Cl,https://www.rcsb.org/ligand/VIX,https://www.ebi.ac.uk/pdbe/static/files/pdbechem_v2/VIX_500.svg
暂缓,P3,VIZ,"2-[(2~{Z})-2-[2-(naphthalen-2-ylmethylsulfonyl)ethanoylimino]-3-oxidanyl-1,3-thiazol-4-yl]ethanoic acid",,芳香/疏水侧链,需确认,未进入使用审计,0,0,,结构可能合理，但单体身份、偶联条件或复杂度证据不足，暂不进入研发候选库,分子量超过300 Da，需确认偶联、脱保护和总环肽体积负担；杂原子较多，可能带来较高极性或多重保护需求；CCD未指定标准氨基酸母体,C18 H16 N2 O6 S2,420.459,,non-polymer,2,c1ccc2cc(ccc2c1)CS(=O)(=O)CC(=O)/N=C\3/N(C(=CS3)CC(=O)O)O,https://www.rcsb.org/ligand/VIZ,https://www.ebi.ac.uk/pdbe/static/files/pdbechem_v2/VIZ_500.svg
暂缓,P3,VJF,"2-[(2~{Z})-3-oxidanyl-2-[3-(phenylsulfonylamino)propanoylimino]-1,3-thiazol-4-yl]ethanoic acid",,芳香/疏水侧链,需确认,未进入使用审计,0,0,,结构可能合理，但单体身份、偶联条件或复杂度证据不足，暂不进入研发候选库,分子量超过300 Da，需确认偶联、脱保护和总环肽体积负担；杂原子较多，可能带来较高极性或多重保护需求；CCD未指定标准氨基酸母体,C14 H15 N3 O6 S2,385.415,,non-polymer,2,c1ccc(cc1)S(=O)(=O)NCCC(=O)/N=C\2/N(C(=CS2)CC(=O)O)O,https://www.rcsb.org/ligand/VJF,https://www.ebi.ac.uk/pdbe/static/files/pdbechem_v2/VJF_500.svg
暂缓,P3,VK6,"2-[(2~{Z})-3-oxidanyl-2-[(3~{R})-1-(phenylsulfonyl)pyrrolidin-3-yl]carbonylimino-1,3-thiazol-4-yl]ethanoic acid",,芳香/疏水侧链,需确认,未进入使用审计,0,0,,结构可能合理，但单体身份、偶联条件或复杂度证据不足，暂不进入研发候选库,分子量超过300 Da，需确认偶联、脱保护和总环肽体积负担；杂原子较多，可能带来较高极性或多重保护需求；CCD未指定标准氨基酸母体,C16 H17 N3 O6 S2,411.453,,non-polymer,2,c1ccc(cc1)S(=O)(=O)N2CC[C@H](C2)C(=O)/N=C\3/N(C(=CS3)CC(=O)O)O,https://www.rcsb.org/ligand/VK6,https://www.ebi.ac.uk/pdbe/static/files/pdbechem_v2/VK6_500.svg
暂缓,P3,VON,"(3~{S},4~{S},5~{S},6~{R})-4,5,6-tris(oxidanyl)piperidine-3-carboxylic acid",,其他候选,需确认,未进入使用审计,0,0,,结构可能合理，但单体身份、偶联条件或复杂度证据不足，暂不进入研发候选库,CCD未指定标准氨基酸母体,C6 H11 N O5,177.155,,non-polymer,2,C1[C@@H]([C@@H]([C@@H]([C@H](N1)O)O)O)C(=O)O,https://www.rcsb.org/ligand/VON,https://www.ebi.ac.uk/pdbe/static/files/pdbechem_v2/VON_500.svg
排除,P3,VOV,harderoheme (III),,其他候选,否,未进入使用审计,0,0,,含金属元素，不属于常规肽合成单体；分子量超过500 Da，优先判断为复杂整分子,分子量超过300 Da，需确认偶联、脱保护和总环肽体积负担；杂原子较多，可能带来较高极性或多重保护需求；CCD未指定标准氨基酸母体,C35 H34 Fe N4 O6,662.513,,NON-POLYMER,4,Cc1c2n3c(c1CCC(=O)O)C=C4C(=C(C5=[N]4[Fe]36[N]7=C(C=C8N6C(=C5)C(=C8C)CCC(=O)O)C(=C(C7=C2)C)C=C)C)CCC(=O)O,https://www.rcsb.org/ligand/VOV,https://www.ebi.ac.uk/pdbe/static/files/pdbechem_v2/VOV_500.svg
暂缓,P3,VP5,"(3~{S},4~{R})-4,5,5-tris(oxidanyl)piperidine-3-carboxylic acid",,其他候选,需确认,未进入使用审计,0,0,,结构可能合理，但单体身份、偶联条件或复杂度证据不足，暂不进入研发候选库,CCD未指定标准氨基酸母体,C6 H11 N O5,177.155,,non-polymer,2,C1[C@@H]([C@H](C(CN1)(O)O)O)C(=O)O,https://www.rcsb.org/ligand/VP5,https://www.ebi.ac.uk/pdbe/static/files/pdbechem_v2/VP5_500.svg
排除,P3,VPP,"(2S,4S)-2-[(R)-carboxy{[(2R)-2-{[(4-ethyl-2,3-dioxopiperazin-1-yl)carbonyl]amino}-2-phenylacetyl]amino}methyl]-5,5-dimethyl-1,3-thiazolidine-4-carboxylic acid",(5S)-Penicilloic Acid,芳香/疏水侧链,否,未进入使用审计,0,0,,分子量超过500 Da，优先判断为复杂整分子,分子量超过300 Da，需确认偶联、脱保护和总环肽体积负担；杂原子较多，可能带来较高极性或多重保护需求；含预先形成的酰胺键，需确认主链氨基是否仍可偶联；CCD未指定标准氨基酸母体,C23 H29 N5 O8 S,535.57,,NON-POLYMER,1,CCN1CCN(C(=O)C1=O)C(=O)N[C@H](c2ccccc2)C(=O)N[C@@H]([C@H]3N[C@H](C(S3)(C)C)C(=O)O)C(=O)O,https://www.rcsb.org/ligand/VPP,https://www.ebi.ac.uk/pdbe/static/files/pdbechem_v2/VPP_500.svg
暂缓,P3,VQU,"(2R,4S)-2-(pyridin-3-yl)-1,3-thiazolidine-4-carboxylic acid",,芳香/疏水侧链,需确认,未进入使用审计,0,0,,结构可能合理，但单体身份、偶联条件或复杂度证据不足，暂不进入研发候选库,CCD未指定标准氨基酸母体,C9 H10 N2 O2 S,210.253,,non-polymer,1,c1cc(cnc1)C2N[C@H](CS2)C(=O)O,https://www.rcsb.org/ligand/VQU,https://www.ebi.ac.uk/pdbe/static/files/pdbechem_v2/VQU_500.svg
暂缓,P3,VRP,Myriocin,"(2S,3R,4R,6E)-2-amino-3,4-dihydroxy-2-(hydroxymethyl)-14-oxoicos-6-enoic acid",其他候选,需确认,未进入使用审计,0,0,,结构可能合理，但单体身份、偶联条件或复杂度证据不足，暂不进入研发候选库,分子量超过300 Da，需确认偶联、脱保护和总环肽体积负担；杂原子较多，可能带来较高极性或多重保护需求；CCD未指定标准氨基酸母体,C21 H39 N O6,401.537,,non-polymer,1,CCCCCCC(=O)CCCCCC/C=C/C[C@H]([C@@H]([C@@](CO)(C(=O)O)N)O)O,https://www.rcsb.org/ligand/VRP,https://www.ebi.ac.uk/pdbe/static/files/pdbechem_v2/VRP_500.svg
暂缓,P3,VRW,Nanvuranlat,"(2~{S})-2-azanyl-3-[4-[(5-azanyl-2-phenyl-1,3-benzoxazol-7-yl)methoxy]-3,5-bis(chloranyl)phenyl]propanoic acid",芳香/疏水侧链,需确认,未进入使用审计,0,0,,结构可能合理，但单体身份、偶联条件或复杂度证据不足，暂不进入研发候选库,分子量超过300 Da，需确认偶联、脱保护和总环肽体积负担；CCD未指定标准氨基酸母体,C23 H19 Cl2 N3 O4,472.321,,non-polymer,1,c1ccc(cc1)c2nc3cc(cc(c3o2)COc4c(cc(cc4Cl)C[C@@H](C(=O)O)N)Cl)N,https://www.rcsb.org/ligand/VRW,https://www.ebi.ac.uk/pdbe/static/files/pdbechem_v2/VRW_500.svg
暂缓,P3,VRX,"(2S)-({(5Z)-5-[(5-ETHYL-2-FURYL)METHYLENE]-4-OXO-4,5-DIHYDRO-1,3-THIAZOL-2-YL}AMINO)(4-FLUOROPHENYL)ACETIC ACID",,卤代/电子调节,需确认,未进入使用审计,0,0,,结构可能合理，但单体身份、偶联条件或复杂度证据不足，暂不进入研发候选库,分子量超过300 Da，需确认偶联、脱保护和总环肽体积负担；含预先形成的酰胺键，需确认主链氨基是否仍可偶联；CCD未指定标准氨基酸母体,C18 H15 F N2 O4 S,374.386,,NON-POLYMER,1,CCc1ccc(o1)\C=C/2\C(=O)N=C(S2)N[C@@H](c3ccc(cc3)F)C(=O)O,https://www.rcsb.org/ligand/VRX,https://www.ebi.ac.uk/pdbe/static/files/pdbechem_v2/VRX_500.svg
暂缓,P3,VU0,"(1~{S},2~{R},4~{R})-2-azanylbicyclo[2.2.1]heptane-2-carboxylic acid",,其他候选,需确认,未进入使用审计,0,0,,结构可能合理，但单体身份、偶联条件或复杂度证据不足，暂不进入研发候选库,CCD未指定标准氨基酸母体,C8 H13 N O2,155.194,,non-polymer,1,C1C[C@H]2C[C@@H]1C[C@@]2(C(=O)O)N,https://www.rcsb.org/ligand/VU0,https://www.ebi.ac.uk/pdbe/static/files/pdbechem_v2/VU0_500.svg
暂缓,P3,VUS,"3-[(3~{a}~{S},4~{S},6~{a}~{R})-4-carboxy-2,3,4,5,6,6~{a}-hexahydro-1~{H}-pyrrolo[2,3-c]pyrrol-3~{a}-yl]propyl-$l^{3}-oxidanyl-bis(oxidanyl)boranuide",,其他候选,需确认,未进入使用审计,0,0,,结构可能合理，但单体身份、偶联条件或复杂度证据不足，暂不进入研发候选库,CCD未指定标准氨基酸母体,C10 H20 B N2 O5,259.087,,non-polymer,1,[B-](CCC[C@]12CCN[C@H]1CN[C@@H]2C(=O)O)(O)(O)O,https://www.rcsb.org/ligand/VUS,https://www.ebi.ac.uk/pdbe/static/files/pdbechem_v2/VUS_500.svg
暂缓,P3,VUV,"3-[(2~{S},3~{R})-2-carboxypyrrolidin-3-yl]propyl-$l^{3}-oxidanyl-bis(oxidanyl)boranuide",,其他候选,需确认,未进入使用审计,0,0,,结构可能合理，但单体身份、偶联条件或复杂度证据不足，暂不进入研发候选库,CCD未指定标准氨基酸母体,C8 H17 B N O5,218.035,,non-polymer,1,[B-](CCC[C@@H]1CCN[C@@H]1C(=O)O)(O)(O)O,https://www.rcsb.org/ligand/VUV,https://www.ebi.ac.uk/pdbe/static/files/pdbechem_v2/VUV_500.svg
暂缓,P3,VUY,"3-[(1~{S},2~{S},5~{R})-2-carboxy-6-thia-3-azabicyclo[3.2.0]heptan-1-yl]propyl-$l^{3}-oxidanyl-bis(oxidanyl)boranuide",,其他候选,需确认,未进入使用审计,0,0,,结构可能合理，但单体身份、偶联条件或复杂度证据不足，暂不进入研发候选库,CCD未指定标准氨基酸母体,C9 H17 B N O5 S,262.111,,non-polymer,1,[B-](CCC[C@]12CS[C@H]1CN[C@@H]2C(=O)O)(O)(O)O,https://www.rcsb.org/ligand/VUY,https://www.ebi.ac.uk/pdbe/static/files/pdbechem_v2/VUY_500.svg
暂缓,P3,VV1,"3-[(1~{S},2~{S},5~{R})-2-carboxy-3,6-diazabicyclo[3.2.0]heptan-1-yl]propyl-$l^{3}-oxidanyl-bis(oxidanyl)boranuide",,其他候选,需确认,未进入使用审计,0,0,,结构可能合理，但单体身份、偶联条件或复杂度证据不足，暂不进入研发候选库,CCD未指定标准氨基酸母体,C9 H18 B N2 O5,245.061,,non-polymer,1,[B-](CCC[C@]12CN[C@H]1CN[C@@H]2C(=O)O)(O)(O)O,https://www.rcsb.org/ligand/VV1,https://www.ebi.ac.uk/pdbe/static/files/pdbechem_v2/VV1_500.svg
暂缓,P3,VV4,"3-[(1~{R},5~{S},8~{R})-5-carboxy-2,6-diazabicyclo[3.2.1]octan-8-yl]propyl-$l^{3}-oxidanyl-bis(oxidanyl)boranuide",,其他候选,需确认,未进入使用审计,0,0,,结构可能合理，但单体身份、偶联条件或复杂度证据不足，暂不进入研发候选库,CCD未指定标准氨基酸母体,C10 H20 B N2 O5,259.087,,non-polymer,1,[B-](CCC[C@@H]1[C@@H]2CN[C@]1(CCN2)C(=O)O)(O)(O)O,https://www.rcsb.org/ligand/VV4,https://www.ebi.ac.uk/pdbe/static/files/pdbechem_v2/VV4_500.svg
暂缓,P3,VWW,L-gamma-glutamyl-S-benzyl-N-[(S)-carboxy(phenyl)methyl]-L-cysteinamide,,芳香/疏水侧链,需确认,未进入使用审计,0,0,,结构可能合理，但单体身份、偶联条件或复杂度证据不足，暂不进入研发候选库,分子量超过300 Da，需确认偶联、脱保护和总环肽体积负担；杂原子较多，可能带来较高极性或多重保护需求；含预先形成的酰胺键，需确认主链氨基是否仍可偶联；CCD未指定标准氨基酸母体,C23 H27 N3 O6 S,473.542,,peptide-like,1,c1ccc(cc1)CSC[C@@H](C(=O)N[C@H](c2ccccc2)C(=O)O)NC(=O)CC[C@@H](C(=O)O)N,https://www.rcsb.org/ligand/VWW,https://www.ebi.ac.uk/pdbe/static/files/pdbechem_v2/VWW_500.svg
暂缓,P3,VY7,"1-{2-[2-(2,4-diamino-5,7-dihydro-6H-pyrrolo[3,4-d]pyrimidin-6-yl)-2-oxoethoxy]phenyl}piperidine-4-carboxylic acid",,芳香/疏水侧链,需确认,未进入使用审计,0,0,,结构可能合理，但单体身份、偶联条件或复杂度证据不足，暂不进入研发候选库,分子量超过300 Da，需确认偶联、脱保护和总环肽体积负担；杂原子较多，可能带来较高极性或多重保护需求；含预先形成的酰胺键，需确认主链氨基是否仍可偶联；CCD未指定标准氨基酸母体,C20 H24 N6 O4,412.442,,non-polymer,3,c1ccc(c(c1)N2CCC(CC2)C(=O)O)OCC(=O)N3Cc4c(nc(nc4N)N)C3,https://www.rcsb.org/ligand/VY7,https://www.ebi.ac.uk/pdbe/static/files/pdbechem_v2/VY7_500.svg
暂缓,P3,W22,"[(2S)-4-methyl-3-oxo-2,3,4,5-tetrahydro-1H-1,4-benzodiazepin-2-yl]acetic acid",,其他候选,需确认,未进入使用审计,0,0,,结构可能合理，但单体身份、偶联条件或复杂度证据不足，暂不进入研发候选库,CCD未指定标准氨基酸母体,C12 H14 N2 O3,234.251,,non-polymer,2,CN1Cc2ccccc2N[C@H](C1=O)CC(=O)O,https://www.rcsb.org/ligand/W22,https://www.ebi.ac.uk/pdbe/static/files/pdbechem_v2/W22_500.svg
暂缓,P3,W2X,"N~6~-[(1R)-1-({[(1R,2R)-1-CARBOXY-3-HYDROXY-2-METHYLPROPYL]OXY}CARBONYL)-2-MERCAPTOPROP-2-EN-1-YL]-6-OXO-L-LYSINE",,其他候选,需确认,未进入使用审计,0,0,,结构可能合理，但单体身份、偶联条件或复杂度证据不足，暂不进入研发候选库,分子量超过300 Da，需确认偶联、脱保护和总环肽体积负担；杂原子较多，可能带来较高极性或多重保护需求；CCD未指定标准氨基酸母体,C15 H24 N2 O8 S,392.425,,NON-POLYMER,1,C[C@H](CO)[C@H](C(=O)O)OC(=O)[C@H](C(=C)S)NC(=O)CCC[C@@H](C(=O)O)N,https://www.rcsb.org/ligand/W2X,https://www.ebi.ac.uk/pdbe/static/files/pdbechem_v2/W2X_500.svg
暂缓,P3,W5F,ALX5407,2-[[(3~{R})-3-(4-fluorophenyl)-3-(4-phenylphenoxy)propyl]-methyl-amino]ethanoic acid; ALX-5407; (R)-NFPS,卤代/电子调节,需确认,未进入使用审计,0,0,,结构可能合理，但单体身份、偶联条件或复杂度证据不足，暂不进入研发候选库,分子量超过300 Da，需确认偶联、脱保护和总环肽体积负担；CCD未指定标准氨基酸母体,C24 H24 F N O3,393.451,,non-polymer,1,CN(CC[C@H](c1ccc(cc1)F)Oc2ccc(cc2)c3ccccc3)CC(=O)O,https://www.rcsb.org/ligand/W5F,https://www.ebi.ac.uk/pdbe/static/files/pdbechem_v2/W5F_500.svg
暂缓,P3,W81,"(5R,6R)-6-azaniumyl-5-ethoxycyclohexa-1,3-diene-1-carboxylate",,构象限制,需确认,未进入使用审计,0,0,,结构可能合理，但单体身份、偶联条件或复杂度证据不足，暂不进入研发候选库,CCD未指定标准氨基酸母体,C9 H13 N O3,183.204,,NON-POLYMER,2,CCO[C@@H]1C=CC=C([C@H]1[NH3+])C(=O)[O-],https://www.rcsb.org/ligand/W81,https://www.ebi.ac.uk/pdbe/static/files/pdbechem_v2/W81_500.svg
暂缓,P3,W8T,"(2R,3S)-2-(phenoxymethyl)-1-phenylpyrrolidine-3-carboxylic acid",,芳香/疏水侧链,需确认,未进入使用审计,0,0,,结构可能合理，但单体身份、偶联条件或复杂度证据不足，暂不进入研发候选库,CCD未指定标准氨基酸母体,C18 H19 N O3,297.348,,non-polymer,2,c1ccc(cc1)N2CC[C@@H]([C@@H]2COc3ccccc3)C(=O)O,https://www.rcsb.org/ligand/W8T,https://www.ebi.ac.uk/pdbe/static/files/pdbechem_v2/W8T_500.svg
暂缓,P3,W92,"(1R,4R,5S,6R)-4-azanyl-2-oxabicyclo[3.1.0]hexane-4,6-dicarboxylic acid",,其他候选,需确认,未进入使用审计,0,0,,结构可能合理，但单体身份、偶联条件或复杂度证据不足，暂不进入研发候选库,CCD未指定标准氨基酸母体,C7 H9 N O5,187.15,,non-polymer,3,C1[C@]([C@@H]2[C@H]([C@@H]2O1)C(=O)O)(C(=O)O)N,https://www.rcsb.org/ligand/W92,https://www.ebi.ac.uk/pdbe/static/files/pdbechem_v2/W92_500.svg
暂缓,P3,WA6,(2S)-2-azanyl-2-cyclopropyl-2-(4-phosphonophenyl)ethanoic acid,,构象限制,需确认,未进入使用审计,0,0,,结构可能合理，但单体身份、偶联条件或复杂度证据不足，暂不进入研发候选库,含磷酸/膦酸相关结构，通常不利于被动跨膜；CCD未指定标准氨基酸母体,C11 H14 N O5 P,271.206,,non-polymer,1,c1cc(ccc1[C@@](C2CC2)(C(=O)O)N)P(=O)(O)O,https://www.rcsb.org/ligand/WA6,https://www.ebi.ac.uk/pdbe/static/files/pdbechem_v2/WA6_500.svg
暂缓,P3,WAF,"1-hydroxy-6-sulfanylidene-1,6-dihydropyridine-2-carboxylic acid",,芳香/疏水侧链,需确认,未进入使用审计,0,0,,结构可能合理，但单体身份、偶联条件或复杂度证据不足，暂不进入研发候选库,CCD未指定标准氨基酸母体,C6 H5 N O3 S,171.174,,non-polymer,1,C1=CC(=S)N(C(=C1)C(=O)O)O,https://www.rcsb.org/ligand/WAF,https://www.ebi.ac.uk/pdbe/static/files/pdbechem_v2/WAF_500.svg
暂缓,P3,WAG,"(1S,2R)-2-[(2S)-2-azanyl-1-oxidanyl-1-oxidanylidene-3-(9H-xanthen-9-yl)propan-2-yl]cyclopropane-1-carboxylic acid",,构象限制,需确认,未进入使用审计,0,0,,结构可能合理，但单体身份、偶联条件或复杂度证据不足，暂不进入研发候选库,分子量超过300 Da，需确认偶联、脱保护和总环肽体积负担；CCD未指定标准氨基酸母体,C20 H19 N O5,353.369,,non-polymer,3,c1ccc2c(c1)C(c3ccccc3O2)C[C@]([C@@H]4C[C@@H]4C(=O)O)(C(=O)O)N,https://www.rcsb.org/ligand/WAG,https://www.ebi.ac.uk/pdbe/static/files/pdbechem_v2/WAG_500.svg
排除,P3,WC5,PROTOPORPHYRIN(CF3)2 CONTAINING FE,,其他候选,否,未进入使用审计,0,0,,含金属元素，不属于常规肽合成单体；分子量超过500 Da，优先判断为复杂整分子,分子量超过300 Da，需确认偶联、脱保护和总环肽体积负担；CCD未指定标准氨基酸母体,C32 H26 F6 Fe N4 O4,700.409,,non-polymer,4,Cc1c2n3c(c1C(F)(F)F)C=C4C(=C(C5=[N]4[Fe]36[N]7=C(C=C8N6C(=C5)C(=C8C)CCC(=O)O)C(=C(C7=C2)C)C(F)(F)F)CCC(=O)O)C,https://www.rcsb.org/ligand/WC5,https://www.ebi.ac.uk/pdbe/static/files/pdbechem_v2/WC5_500.svg
暂缓,P3,WCW,4-azanyl-1-phenyl-piperidine-4-carboxylic acid,,芳香/疏水侧链,需确认,未进入使用审计,0,0,,结构可能合理，但单体身份、偶联条件或复杂度证据不足，暂不进入研发候选库,CCD未指定标准氨基酸母体,C12 H16 N2 O2,220.268,,non-polymer,1,c1ccc(cc1)N2CCC(CC2)(C(=O)O)N,https://www.rcsb.org/ligand/WCW,https://www.ebi.ac.uk/pdbe/static/files/pdbechem_v2/WCW_500.svg
暂缓,P3,WDG,"1-{2-[(1,3-dimethyl-2,6-dioxo-2,3,6,7-tetrahydro-1H-purin-8-yl)sulfanyl]ethyl}piperidine-4-carboxylic acid",,其他候选,需确认,未进入使用审计,0,0,,结构可能合理，但单体身份、偶联条件或复杂度证据不足，暂不进入研发候选库,分子量超过300 Da，需确认偶联、脱保护和总环肽体积负担；杂原子较多，可能带来较高极性或多重保护需求；含预先形成的酰胺键，需确认主链氨基是否仍可偶联；CCD未指定标准氨基酸母体,C15 H21 N5 O4 S,367.423,,non-polymer,3,CN1c2c([nH]c(n2)SCCN3CCC(CC3)C(=O)O)C(=O)N(C1=O)C,https://www.rcsb.org/ligand/WDG,https://www.ebi.ac.uk/pdbe/static/files/pdbechem_v2/WDG_500.svg
暂缓,P3,WET,"L-7-Hydroxy-1,2,3,4-tetrahydroisoquinoline-3-carboxylic acid","(3~{S})-7-oxidanyl-1,2,3,4-tetrahydroisoquinoline-3-carboxylic acid",其他候选,需确认,未进入使用审计,0,0,,结构可能合理，但单体身份、偶联条件或复杂度证据不足，暂不进入研发候选库,CCD未指定标准氨基酸母体,C10 H11 N O3,193.199,,non-polymer,1,c1cc2c(cc1O)CN[C@@H](C2)C(=O)O,https://www.rcsb.org/ligand/WET,https://www.ebi.ac.uk/pdbe/static/files/pdbechem_v2/WET_500.svg
暂缓,P3,WEZ,N-[(4S)-4-amino-5-oxopentyl]-N'-[(1S)-1-hydroxy-2-oxoethyl]guanidine,,其他候选,需确认,未进入使用审计,0,0,,结构可能合理，但单体身份、偶联条件或复杂度证据不足，暂不进入研发候选库,CCD未指定标准氨基酸母体,C8 H16 N4 O4,232.237,,non-polymer,1,[H]/N=C(\NCCC[C@@H](C(=O)O)N)/N[C@H](C=O)O,https://www.rcsb.org/ligand/WEZ,https://www.ebi.ac.uk/pdbe/static/files/pdbechem_v2/WEZ_500.svg
排除,P3,WF9,"(2S)-2-{[(R)-{[(2R,3S,4R,5R)-5-(6-amino-9H-purin-9-yl)-3,4-dihydroxyoxolan-2-yl]methoxy}(hydroxy)phosphoryl]amino}-5-carbamimidamidopentanoic acid (non-preferred name)",,其他候选,否,未进入使用审计,0,0,,分子量超过500 Da，优先判断为复杂整分子,分子量超过300 Da，需确认偶联、脱保护和总环肽体积负担；杂原子较多，可能带来较高极性或多重保护需求；含磷酸/膦酸相关结构，通常不利于被动跨膜；CCD未指定标准氨基酸母体,C16 H26 N9 O8 P,503.407,,non-polymer,1,[H]/N=C(/N)\NCCC[C@@H](C(=O)O)NP(=O)(O)OC[C@@H]1[C@H]([C@H]([C@@H](O1)n2cnc3c2ncnc3N)O)O,https://www.rcsb.org/ligand/WF9,https://www.ebi.ac.uk/pdbe/static/files/pdbechem_v2/WF9_500.svg
暂缓,P3,WFA,"1-[2-({3-[(2,4-diamino-6-ethylpyrimidin-5-yl)oxy]propyl}amino)phenyl]piperidine-4-carboxylic acid",,芳香/疏水侧链,需确认,未进入使用审计,0,0,,结构可能合理，但单体身份、偶联条件或复杂度证据不足，暂不进入研发候选库,分子量超过300 Da，需确认偶联、脱保护和总环肽体积负担；杂原子较多，可能带来较高极性或多重保护需求；CCD未指定标准氨基酸母体,C21 H30 N6 O3,414.501,,non-polymer,3,CCc1c(c(nc(n1)N)N)OCCCNc2ccccc2N3CCC(CC3)C(=O)O,https://www.rcsb.org/ligand/WFA,https://www.ebi.ac.uk/pdbe/static/files/pdbechem_v2/WFA_500.svg
排除,P3,WFH,"(2S)-2-{[(R)-{[(2R,3S,4R,5R)-5-(6-amino-9H-purin-9-yl)-3,4-dihydroxyoxolan-2-yl]methoxy}(hydroxy)phosphoryl]amino}propanoic acid (non-preferred name)",Alanyl-5'-O-adenosine phosphoramidate,其他候选,否,未进入使用审计,0,0,,名称提示核苷酸、辅因子或整分子缀合物,分子量超过300 Da，需确认偶联、脱保护和总环肽体积负担；杂原子较多，可能带来较高极性或多重保护需求；含磷酸/膦酸相关结构，通常不利于被动跨膜；CCD未指定标准氨基酸母体,C13 H19 N6 O8 P,418.299,,non-polymer,1,C[C@@H](C(=O)O)NP(=O)(O)OC[C@@H]1[C@H]([C@H]([C@@H](O1)n2cnc3c2ncnc3N)O)O,https://www.rcsb.org/ligand/WFH,https://www.ebi.ac.uk/pdbe/static/files/pdbechem_v2/WFH_500.svg
暂缓,P3,WFJ,"1-[2-(3-{[(2,4-diamino-6-ethylpyrimidin-5-yl)oxy]methyl}azetidin-1-yl)phenyl]piperidine-4-carboxylic acid",,芳香/疏水侧链,需确认,未进入使用审计,0,0,,结构可能合理，但单体身份、偶联条件或复杂度证据不足，暂不进入研发候选库,分子量超过300 Da，需确认偶联、脱保护和总环肽体积负担；杂原子较多，可能带来较高极性或多重保护需求；CCD未指定标准氨基酸母体,C22 H30 N6 O3,426.512,,non-polymer,3,CCc1c(c(nc(n1)N)N)OCC2CN(C2)c3ccccc3N4CCC(CC4)C(=O)O,https://www.rcsb.org/ligand/WFJ,https://www.ebi.ac.uk/pdbe/static/files/pdbechem_v2/WFJ_500.svg
排除,P3,WFU,"(2S)-2-{[(S)-{[(2R,3S,4R,5R)-5-(6-amino-9H-purin-9-yl)-3,4-dihydroxyoxolan-2-yl]methoxy}(hydroxy)phosphoryl]amino}pentanedioic acid (non-preferred name)",Glutamyl-5'-O-adenosine phosphoramidate,其他候选,否,未进入使用审计,0,0,,名称提示核苷酸、辅因子或整分子缀合物,分子量超过300 Da，需确认偶联、脱保护和总环肽体积负担；杂原子较多，可能带来较高极性或多重保护需求；含磷酸/膦酸相关结构，通常不利于被动跨膜；CCD未指定标准氨基酸母体,C15 H21 N6 O10 P,476.335,,non-polymer,3,c1nc(c2c(n1)n(cn2)[C@H]3[C@@H]([C@@H]([C@H](O3)COP(=O)(N[C@@H](CCC(=O)O)C(=O)O)O)O)O)N,https://www.rcsb.org/ligand/WFU,https://www.ebi.ac.uk/pdbe/static/files/pdbechem_v2/WFU_500.svg
暂缓,P3,WG0,"[(6S,10P)-4-(4-chlorophenyl)-2,3,9-trimethyl-6H-thieno[3,2-f][1,2,4]triazolo[4,3-a][1,4]diazepin-6-yl]acetic acid",,卤代/电子调节,需确认,未进入使用审计,0,0,,结构可能合理，但单体身份、偶联条件或复杂度证据不足，暂不进入研发候选库,分子量超过300 Da，需确认偶联、脱保护和总环肽体积负担；CCD未指定标准氨基酸母体,C19 H17 Cl N4 O2 S,400.882,,non-polymer,2,Cc1c(sc-2c1C(=N[C@H](c3n2c(nn3)C)CC(=O)O)c4ccc(cc4)Cl)C,https://www.rcsb.org/ligand/WG0,https://www.ebi.ac.uk/pdbe/static/files/pdbechem_v2/WG0_500.svg
暂缓,P3,WG8,"(4S)-2-(8-hydroxyquinolin-2-yl)-4,5-dihydro-1,3-thiazole-4-carboxylic acid",,其他候选,需确认,未进入使用审计,0,0,,结构可能合理，但单体身份、偶联条件或复杂度证据不足，暂不进入研发候选库,CCD未指定标准氨基酸母体,C13 H10 N2 O3 S,274.295,,non-polymer,1,c1cc2ccc(nc2c(c1)O)C3=N[C@H](CS3)C(=O)O,https://www.rcsb.org/ligand/WG8,https://www.ebi.ac.uk/pdbe/static/files/pdbechem_v2/WG8_500.svg
暂缓,P3,WHT,(2~{R})-2-azanyl-3-phosphono-propanoic acid,,其他候选,需确认,未进入使用审计,0,0,,结构可能合理，但单体身份、偶联条件或复杂度证据不足，暂不进入研发候选库,含磷酸/膦酸相关结构，通常不利于被动跨膜；CCD未指定标准氨基酸母体,C3 H8 N O5 P,169.073,,non-polymer,1,C([C@@H](C(=O)O)N)P(=O)(O)O,https://www.rcsb.org/ligand/WHT,https://www.ebi.ac.uk/pdbe/static/files/pdbechem_v2/WHT_500.svg
暂缓,P3,WJS,(2~{S})-2-$l^{4}-azanyl-3-[[(2~{R})-3-octadecanoyloxy-2-oxidanyl-propoxy]-oxidanyl-oxidanylidene-$l^{6}-phosphanyl]oxy-propanoic acid,,其他候选,需确认,未进入使用审计,0,0,,结构可能合理，但单体身份、偶联条件或复杂度证据不足，暂不进入研发候选库,分子量超过300 Da，需确认偶联、脱保护和总环肽体积负担；杂原子较多，可能带来较高极性或多重保护需求；含磷酸/膦酸相关结构，通常不利于被动跨膜；CCD未指定标准氨基酸母体,C24 H20 N O9 P,497.391,,non-polymer,1,[C][C][C][C][C][C][C][C][CH][CH][CH][CH][CH][C][C][C][C]C(=O)OC[C@H](CO[PH](=O)(O)OC[C@@H](C(=O)O)[NH3])O,https://www.rcsb.org/ligand/WJS,https://www.ebi.ac.uk/pdbe/static/files/pdbechem_v2/WJS_500.svg
暂缓,P3,WK0,"(4S,5S)-7-bromo-1-methyl-5-phenyl-2,3,4,5-tetrahydro-1H-1-benzazepine-4-carboxylic acid",,卤代/电子调节,需确认,未进入使用审计,0,0,,结构可能合理，但单体身份、偶联条件或复杂度证据不足，暂不进入研发候选库,分子量超过300 Da，需确认偶联、脱保护和总环肽体积负担；CCD未指定标准氨基酸母体,C18 H18 Br N O2,360.245,,non-polymer,3,CN1CC[C@@H]([C@H](c2c1ccc(c2)Br)c3ccccc3)C(=O)O,https://www.rcsb.org/ligand/WK0,https://www.ebi.ac.uk/pdbe/static/files/pdbechem_v2/WK0_500.svg
暂缓,P3,WK6,L-gamma-glutamyl-S-(benzylcarbamothioyl)-L-cysteinylglycine,,延长骨架,需确认,未进入使用审计,0,0,,结构可能合理，但单体身份、偶联条件或复杂度证据不足，暂不进入研发候选库,分子量超过300 Da，需确认偶联、脱保护和总环肽体积负担；杂原子较多，可能带来较高极性或多重保护需求；含预先形成的酰胺键，需确认主链氨基是否仍可偶联；CCD未指定标准氨基酸母体,C18 H24 N4 O6 S2,456.536,,non-polymer,1,c1ccc(cc1)CNC(=S)SC[C@@H](C(=O)NCC(=O)O)NC(=O)CC[C@@H](C(=O)O)N,https://www.rcsb.org/ligand/WK6,https://www.ebi.ac.uk/pdbe/static/files/pdbechem_v2/WK6_500.svg
暂缓,P3,WT4,N-[(5S)-5-amino-5-carboxypentanoyl]-L-homocysteyl-S-methyl-D-cysteine,,D-构型,需确认,未进入使用审计,0,0,,结构可能合理，但单体身份、偶联条件或复杂度证据不足，暂不进入研发候选库,分子量超过300 Da，需确认偶联、脱保护和总环肽体积负担；杂原子较多，可能带来较高极性或多重保护需求；CCD未指定标准氨基酸母体,C14 H25 N3 O6 S2,395.495,,NON-POLYMER,1,CSC[C@H](C(=O)O)NC(=O)[C@H](CCS)NC(=O)CCC[C@@H](C(=O)O)N,https://www.rcsb.org/ligand/WT4,https://www.ebi.ac.uk/pdbe/static/files/pdbechem_v2/WT4_500.svg
暂缓,P3,WUB,"(1R,10aS)-1,2,10,10a-tetrahydrophenazine-1-carboxylic acid",,其他候选,需确认,未进入使用审计,0,0,,结构可能合理，但单体身份、偶联条件或复杂度证据不足，暂不进入研发候选库,CCD未指定标准氨基酸母体,C13 H12 N2 O2,228.247,,NON-POLYMER,2,c1ccc2c(c1)N[C@H]3[C@@H](CC=CC3=N2)C(=O)O,https://www.rcsb.org/ligand/WUB,https://www.ebi.ac.uk/pdbe/static/files/pdbechem_v2/WUB_500.svg
排除,P3,WUF,"benzyl[3,3'-(7,12-diethenyl-3,8,13,17-tetramethylporphyrin-2,18-diyl-kappa~4~N~21~,N~22~,N~23~,N~24~)di(propanoato)(2-)]iron",,其他候选,否,未进入使用审计,0,0,,含金属元素，不属于常规肽合成单体；分子量超过500 Da，优先判断为复杂整分子,分子量超过300 Da，需确认偶联、脱保护和总环肽体积负担；CCD未指定标准氨基酸母体,C41 H39 Fe N4 O4,707.618,,non-polymer,4,Cc1c2n3c(c1C=C)C=C4C(=C(C5=[N]4[Fe]36([N]7=C(C=C8N6C(=C5)C(=C8CCC(=O)O)C)C(=C(C7=C2)C)CCC(=O)O)Cc9ccccc9)C=C)C,https://www.rcsb.org/ligand/WUF,https://www.ebi.ac.uk/pdbe/static/files/pdbechem_v2/WUF_500.svg
暂缓,P3,WVG,"3-[(3R)-1-(7H-pyrrolo[2,3-d]pyrimidin-4-yl)piperidin-3-yl]propanoic acid",,其他候选,需确认,未进入使用审计,0,0,,结构可能合理，但单体身份、偶联条件或复杂度证据不足，暂不进入研发候选库,CCD未指定标准氨基酸母体,C14 H18 N4 O2,274.318,,non-polymer,4,c1c[nH]c2c1c(ncn2)N3CCC[C@@H](C3)CCC(=O)O,https://www.rcsb.org/ligand/WVG,https://www.ebi.ac.uk/pdbe/static/files/pdbechem_v2/WVG_500.svg
暂缓,P3,WYG,"[(2R)-4-(7H-pyrrolo[2,3-d]pyrimidin-4-yl)morpholin-2-yl]acetic acid",,其他候选,需确认,未进入使用审计,0,0,,结构可能合理，但单体身份、偶联条件或复杂度证据不足，暂不进入研发候选库,CCD未指定标准氨基酸母体,C12 H14 N4 O3,262.265,,non-polymer,3,c1c[nH]c2c1c(ncn2)N3CCO[C@@H](C3)CC(=O)O,https://www.rcsb.org/ligand/WYG,https://www.ebi.ac.uk/pdbe/static/files/pdbechem_v2/WYG_500.svg
暂缓,P3,WYY,"3-[(3S)-1-(7H-pyrrolo[2,3-d]pyrimidin-4-yl)piperidin-3-yl]propanoic acid",,其他候选,需确认,未进入使用审计,0,0,,结构可能合理，但单体身份、偶联条件或复杂度证据不足，暂不进入研发候选库,CCD未指定标准氨基酸母体,C14 H18 N4 O2,274.318,,non-polymer,4,c1c[nH]c2c1c(ncn2)N3CCC[C@H](C3)CCC(=O)O,https://www.rcsb.org/ligand/WYY,https://www.ebi.ac.uk/pdbe/static/files/pdbechem_v2/WYY_500.svg
暂缓,P3,X2R,(2~{S})-2-azanyl-6-[[(2~{R})-1-[[(1~{R})-2-methyl-1-sulfo-propyl]amino]-1-oxidanylidene-3-sulfanyl-propan-2-yl]amino]-6-oxidanylidene-hexanoic acid,,其他候选,需确认,未进入使用审计,0,0,,结构可能合理，但单体身份、偶联条件或复杂度证据不足，暂不进入研发候选库,分子量超过300 Da，需确认偶联、脱保护和总环肽体积负担；杂原子较多，可能带来较高极性或多重保护需求；CCD未指定标准氨基酸母体,C13 H25 N3 O7 S2,399.484,,non-polymer,1,CC(C)[C@H](NC(=O)[C@H](CS)NC(=O)CCC[C@@H](C(=O)O)N)S(=O)(=O)O,https://www.rcsb.org/ligand/X2R,https://www.ebi.ac.uk/pdbe/static/files/pdbechem_v2/X2R_500.svg
暂缓,P3,X5L,(2~{S})-2-azanyl-6-[[(2~{R})-1-[[(1~{S})-2-methyl-1-sulfo-propyl]amino]-1-oxidanylidene-3-sulfanyl-propan-2-yl]amino]-6-oxidanylidene-hexanoic acid,,其他候选,需确认,未进入使用审计,0,0,,结构可能合理，但单体身份、偶联条件或复杂度证据不足，暂不进入研发候选库,分子量超过300 Da，需确认偶联、脱保护和总环肽体积负担；杂原子较多，可能带来较高极性或多重保护需求；CCD未指定标准氨基酸母体,C13 H25 N3 O7 S2,399.484,,non-polymer,1,CC(C)[C@@H](NC(=O)[C@H](CS)NC(=O)CCC[C@@H](C(=O)O)N)S(=O)(=O)O,https://www.rcsb.org/ligand/X5L,https://www.ebi.ac.uk/pdbe/static/files/pdbechem_v2/X5L_500.svg
排除,P3,X5X,"(2R,4S)-2-[(1R)-2-[[(5S)-5-acetamido-6-oxidanyl-6-oxidanylidene-hexyl]amino]-2-oxidanylidene-1-(2-phenylethanoylamino)ethyl]-5,5-dimethyl-1,3-thiazolidine-4-carboxylic acid",PenG-Lys,芳香/疏水侧链,否,未进入使用审计,0,0,,分子量超过500 Da，优先判断为复杂整分子,分子量超过300 Da，需确认偶联、脱保护和总环肽体积负担；杂原子较多，可能带来较高极性或多重保护需求；含预先形成的酰胺键，需确认主链氨基是否仍可偶联；CCD未指定标准氨基酸母体,C24 H34 N4 O7 S,522.614,,non-polymer,1,CC(=O)N[C@@H](CCCCNC(=O)[C@H]([C@@H]1N[C@H](C(S1)(C)C)C(=O)O)NC(=O)Cc2ccccc2)C(=O)O,https://www.rcsb.org/ligand/X5X,https://www.ebi.ac.uk/pdbe/static/files/pdbechem_v2/X5X_500.svg
暂缓,P3,X6I,S-{2-[(E)-({3-hydroxy-2-methyl-5-[(phosphonooxy)methyl]pyridin-4-yl}methylidene)amino]ethyl}-L-cysteine,,芳香/疏水侧链,需确认,未进入使用审计,0,0,,结构可能合理，但单体身份、偶联条件或复杂度证据不足，暂不进入研发候选库,分子量超过300 Da，需确认偶联、脱保护和总环肽体积负担；杂原子较多，可能带来较高极性或多重保护需求；含磷酸/膦酸相关结构，通常不利于被动跨膜；CCD未指定标准氨基酸母体,C13 H20 N3 O7 P S,393.353,,non-polymer,1,Cc1c(c(c(cn1)COP(=O)(O)O)/C=N/CCSC[C@@H](C(=O)O)N)O,https://www.rcsb.org/ligand/X6I,https://www.ebi.ac.uk/pdbe/static/files/pdbechem_v2/X6I_500.svg
暂缓,P3,X7A,[(5R)-5-amino-5-carboxy-7-(piperidin-1-yl)heptyl](trihydroxy)borate(1-),,其他候选,需确认,未进入使用审计,0,0,,结构可能合理，但单体身份、偶联条件或复杂度证据不足，暂不进入研发候选库,分子量超过300 Da，需确认偶联、脱保护和总环肽体积负担；CCD未指定标准氨基酸母体,C13 H28 B N2 O5,303.183,,NON-POLYMER,1,[B-](CCCC[C@@](CCN1CCCCC1)(C(=O)O)N)(O)(O)O,https://www.rcsb.org/ligand/X7A,https://www.ebi.ac.uk/pdbe/static/files/pdbechem_v2/X7A_500.svg
暂缓,P3,X8A,[(5R)-5-carboxy-5-(methylamino)-7-(piperidin-1-yl)heptyl](trihydroxy)borate(1-),,其他候选,需确认,未进入使用审计,0,0,,结构可能合理，但单体身份、偶联条件或复杂度证据不足，暂不进入研发候选库,分子量超过300 Da，需确认偶联、脱保护和总环肽体积负担；CCD未指定标准氨基酸母体,C14 H30 B N2 O5,317.209,,NON-POLYMER,1,[B-](CCCC[C@@](CCN1CCCCC1)(C(=O)O)NC)(O)(O)O,https://www.rcsb.org/ligand/X8A,https://www.ebi.ac.uk/pdbe/static/files/pdbechem_v2/X8A_500.svg
暂缓,P3,X92,Ramiprilat,,其他候选,需确认,未进入使用审计,0,0,,结构可能合理，但单体身份、偶联条件或复杂度证据不足，暂不进入研发候选库,分子量超过300 Da，需确认偶联、脱保护和总环肽体积负担；含预先形成的酰胺键，需确认主链氨基是否仍可偶联；CCD未指定标准氨基酸母体,C21 H28 N2 O5,388.457,,non-polymer,1,C[C@@H](C(=O)N1[C@H]2CCC[C@H]2C[C@H]1C(=O)O)N[C@@H](CCc3ccccc3)C(=O)O,https://www.rcsb.org/ligand/X92,https://www.ebi.ac.uk/pdbe/static/files/pdbechem_v2/X92_500.svg
暂缓,P3,X93,TRANDOLAPRILAT,,其他候选,需确认,未进入使用审计,0,0,,结构可能合理，但单体身份、偶联条件或复杂度证据不足，暂不进入研发候选库,分子量超过300 Da，需确认偶联、脱保护和总环肽体积负担；含预先形成的酰胺键，需确认主链氨基是否仍可偶联；CCD未指定标准氨基酸母体,C22 H30 N2 O5,402.484,,non-polymer,1,C[C@@H](C(=O)N1[C@H]2CCCC[C@@H]2C[C@H]1C(=O)O)N[C@@H](CCc3ccccc3)C(=O)O,https://www.rcsb.org/ligand/X93,https://www.ebi.ac.uk/pdbe/static/files/pdbechem_v2/X93_500.svg
暂缓,P3,X94,PERINDOPRILAT,,其他候选,需确认,未进入使用审计,0,0,,结构可能合理，但单体身份、偶联条件或复杂度证据不足，暂不进入研发候选库,分子量超过300 Da，需确认偶联、脱保护和总环肽体积负担；含预先形成的酰胺键，需确认主链氨基是否仍可偶联；CCD未指定标准氨基酸母体,C17 H28 N2 O5,340.415,,non-polymer,1,CCC[C@@H](C(=O)O)N[C@@H](C)C(=O)N1[C@H]2CCCC[C@H]2C[C@H]1C(=O)O,https://www.rcsb.org/ligand/X94,https://www.ebi.ac.uk/pdbe/static/files/pdbechem_v2/X94_500.svg
排除,P3,X95,(S)-1-N2-(1-CARBOXY-3-PHENYLPROPYL)-L-LYSYL-L-TRYPTOPHAN,,芳香/疏水侧链,否,未进入使用审计,0,0,,名称明确为二肽/寡肽片段，不是单个氨基酸残基,分子量超过300 Da，需确认偶联、脱保护和总环肽体积负担；含预先形成的酰胺键，需确认主链氨基是否仍可偶联；CCD未指定标准氨基酸母体,C27 H34 N4 O5,494.583,,non-polymer,1,c1ccc(cc1)CC[C@@H](C(=O)O)N[C@@H](CCCCN)C(=O)N[C@H](Cc2c[nH]c3c2cccc3)C(=O)O,https://www.rcsb.org/ligand/X95,https://www.ebi.ac.uk/pdbe/static/files/pdbechem_v2/X95_500.svg
暂缓,P3,XA1,{(5R)-5-amino-5-carboxy-5-[1-(4-chlorobenzyl)piperidin-4-yl]pentyl}(trihydroxy)borate(1-),,卤代/电子调节,需确认,未进入使用审计,0,0,,结构可能合理，但单体身份、偶联条件或复杂度证据不足，暂不进入研发候选库,分子量超过300 Da，需确认偶联、脱保护和总环肽体积负担；CCD未指定标准氨基酸母体,C18 H29 B Cl N2 O5,399.697,,NON-POLYMER,1,[B-](CCCC[C@@](C1CCN(CC1)Cc2ccc(cc2)Cl)(C(=O)O)N)(O)(O)O,https://www.rcsb.org/ligand/XA1,https://www.ebi.ac.uk/pdbe/static/files/pdbechem_v2/XA1_500.svg
暂缓,P3,XA2,"(R)-2-amino-6-borono-2-(1-(3,4-dichlorobenzyl)piperidin-4-yl)hexanoic acid",,卤代/电子调节,需确认,未进入使用审计,0,0,,结构可能合理，但单体身份、偶联条件或复杂度证据不足，暂不进入研发候选库,分子量超过300 Da，需确认偶联、脱保护和总环肽体积负担；CCD未指定标准氨基酸母体,C18 H28 B Cl2 N2 O5,434.142,,NON-POLYMER,1,[B-](CCCC[C@@](C1CCN(CC1)Cc2ccc(c(c2)Cl)Cl)(C(=O)O)N)(O)(O)O,https://www.rcsb.org/ligand/XA2,https://www.ebi.ac.uk/pdbe/static/files/pdbechem_v2/XA2_500.svg
暂缓,P3,XBG,"(2S,3AS,6AS)-OCTAHYDROCYCLOPENTA[B]PYRROLE-2-CARBOXYLIC-ACID",,构象限制,需确认,未进入使用审计,0,0,,结构可能合理，但单体身份、偶联条件或复杂度证据不足，暂不进入研发候选库,CCD未指定标准氨基酸母体,C8 H13 N O2,155.194,,non-polymer,1,C1C[C@H]2C[C@H](N[C@H]2C1)C(=O)O,https://www.rcsb.org/ligand/XBG,https://www.ebi.ac.uk/pdbe/static/files/pdbechem_v2/XBG_500.svg
暂缓,P3,XBN,(2~{S})-2-(2-hexylhydrazinyl)-3-oxidanyl-propanoic acid,,其他候选,需确认,未进入使用审计,0,0,,结构可能合理，但单体身份、偶联条件或复杂度证据不足，暂不进入研发候选库,CCD未指定标准氨基酸母体,C9 H20 N2 O3,204.267,,non-polymer,1,CCCCCCNN[C@@H](CO)C(=O)O,https://www.rcsb.org/ligand/XBN,https://www.ebi.ac.uk/pdbe/static/files/pdbechem_v2/XBN_500.svg
暂缓,P3,XBR,"3-(1-(4-Chlorophenyl)-3,4-dihydro-1H-pyrido(3,4-b)indol-2(9H)-yl)propanoic acid",,卤代/电子调节,需确认,未进入使用审计,0,0,,结构可能合理，但单体身份、偶联条件或复杂度证据不足，暂不进入研发候选库,分子量超过300 Da，需确认偶联、脱保护和总环肽体积负担；CCD未指定标准氨基酸母体,C20 H19 Cl N2 O2,354.83,,non-polymer,2,c1ccc2c(c1)c3c([nH]2)[C@H](N(CC3)CCC(=O)O)c4ccc(cc4)Cl,https://www.rcsb.org/ligand/XBR,https://www.ebi.ac.uk/pdbe/static/files/pdbechem_v2/XBR_500.svg
暂缓,P3,XC3,"[(~{E})-3-[(3~{S},4~{R})-4-azanyl-1-[(2~{S})-2-azanylpropanoyl]-4-carboxy-pyrrolidin-3-yl]prop-1-enyl]-tris(oxidanyl)boranium",,其他候选,需确认,未进入使用审计,0,0,,结构可能合理，但单体身份、偶联条件或复杂度证据不足，暂不进入研发候选库,分子量超过300 Da，需确认偶联、脱保护和总环肽体积负担；杂原子较多，可能带来较高极性或多重保护需求；CCD未指定标准氨基酸母体,C11 H21 B N3 O6,302.112,,NON-POLYMER,1,[B+](/C=C/C[C@H]1CN(C[C@]1(C(=O)O)N)C(=O)[C@H](C)N)(O)(O)O,https://www.rcsb.org/ligand/XC3,https://www.ebi.ac.uk/pdbe/static/files/pdbechem_v2/XC3_500.svg
暂缓,P3,XD2,"(2R)-2-[(1R)-1-{[(2R)-2-hydroxy-2-phenylacetyl]amino}-2-oxoethyl]-5-{[(1-methyl-1H-tetrazol-5-yl)sulfanyl]methyl}-3,6-dihydro-2H-1,3-thiazine-4-carboxylic acid","Cefamandole, bound form",芳香/疏水侧链,需确认,未进入使用审计,0,0,,结构可能合理，但单体身份、偶联条件或复杂度证据不足，暂不进入研发候选库,分子量超过300 Da，需确认偶联、脱保护和总环肽体积负担；杂原子较多，可能带来较高极性或多重保护需求；CCD未指定标准氨基酸母体,C18 H20 N6 O5 S2,464.519,,NON-POLYMER,1,Cn1c(nnn1)SCC2=C(N[C@H](SC2)[C@@H](C=O)NC(=O)[C@@H](c3ccccc3)O)C(=O)O,https://www.rcsb.org/ligand/XD2,https://www.ebi.ac.uk/pdbe/static/files/pdbechem_v2/XD2_500.svg
暂缓,P3,XFG,"3-[(2~{S},3~{R},4~{R})-4-azanyl-2-carboxy-pyrrolidin-3-yl]propyl-$l^{3}-oxidanyl-bis(oxidanyl)boron",,其他候选,需确认,未进入使用审计,0,0,,结构可能合理，但单体身份、偶联条件或复杂度证据不足，暂不进入研发候选库,CCD未指定标准氨基酸母体,C8 H18 B N2 O5,233.05,,non-polymer,1,[B-](CCC[C@@H]1[C@H](CN[C@@H]1C(=O)O)N)(O)(O)O,https://www.rcsb.org/ligand/XFG,https://www.ebi.ac.uk/pdbe/static/files/pdbechem_v2/XFG_500.svg
暂缓,P3,XFP,"3-[(2~{S},3~{R})-2-carboxypiperidin-3-yl]propyl-$l^{3}-oxidanyl-bis(oxidanyl)boranuide",,其他候选,需确认,未进入使用审计,0,0,,结构可能合理，但单体身份、偶联条件或复杂度证据不足，暂不进入研发候选库,CCD未指定标准氨基酸母体,C9 H19 B N O5,232.062,,non-polymer,1,[B-](CCC[C@@H]1CCCN[C@@H]1C(=O)O)(O)(O)O,https://www.rcsb.org/ligand/XFP,https://www.ebi.ac.uk/pdbe/static/files/pdbechem_v2/XFP_500.svg
暂缓,P3,XFW,"(2S)-2,5,5-tris(azanyl)pentanoic acid",,其他候选,需确认,未进入使用审计,0,0,,结构可能合理，但单体身份、偶联条件或复杂度证据不足，暂不进入研发候选库,CCD未指定标准氨基酸母体,C5 H13 N3 O2,147.176,,peptide-like,1,C(CC(N)N)[C@@H](C(=O)O)N,https://www.rcsb.org/ligand/XFW,https://www.ebi.ac.uk/pdbe/static/files/pdbechem_v2/XFW_500.svg
排除,P3,XMG,4-[(6-CHLORO-2-NAPHTHALENYL)SULFONYL]-1-[[1-(4-PYRIDINYL)-4-PIPERIDINYL] METHYL]-2-PIPERAZINECARBOXYLIC ACID,,卤代/电子调节,否,未进入使用审计,0,0,,分子量超过500 Da，优先判断为复杂整分子,分子量超过300 Da，需确认偶联、脱保护和总环肽体积负担；CCD未指定标准氨基酸母体,C26 H29 Cl N4 O4 S,529.051,,NON-POLYMER,1,c1cc(cc2c1cc(cc2)Cl)S(=O)(=O)[N@@]3CC[N@]([C@@H](C3)C(=O)O)CC4CCN(CC4)c5ccncc5,https://www.rcsb.org/ligand/XMG,https://www.ebi.ac.uk/pdbe/static/files/pdbechem_v2/XMG_500.svg
排除,P3,XQP,"(2R)-2-[(R)-carboxy{[(2R)-2-carboxy-2-(4-hydroxyphenyl)acetyl]amino}methoxymethyl]-5-{[(1-methyl-1H-tetrazol-5-yl)sulfanyl]methyl}-3,6-dihydro-2H-1,3-oxazine-4-carboxylic acid",,芳香/疏水侧链,否,未进入使用审计,0,0,,分子量超过500 Da，优先判断为复杂整分子,分子量超过300 Da，需确认偶联、脱保护和总环肽体积负担；杂原子较多，可能带来较高极性或多重保护需求；CCD未指定标准氨基酸母体,C20 H22 N6 O10 S,538.488,,non-polymer,2,Cn1c(nnn1)SCC2=C(N[C@H](OC2)[C@@](C(=O)O)(NC(=O)[C@@H](c3ccc(cc3)O)C(=O)O)OC)C(=O)O,https://www.rcsb.org/ligand/XQP,https://www.ebi.ac.uk/pdbe/static/files/pdbechem_v2/XQP_500.svg
暂缓,P3,XT8,"(2R,4S)-2-[(1R)-1-{[(2R)-2-carboxy-2-(thiophen-3-yl)acetyl]amino}-2-oxoethyl]-5,5-dimethyl-1,3-thiazolidine-4-carboxylic acid",ticarcillin,其他候选,需确认,未进入使用审计,0,0,,结构可能合理，但单体身份、偶联条件或复杂度证据不足，暂不进入研发候选库,分子量超过300 Da，需确认偶联、脱保护和总环肽体积负担；杂原子较多，可能带来较高极性或多重保护需求；CCD未指定标准氨基酸母体,C15 H18 N2 O6 S2,386.443,,non-polymer,1,CC1([C@@H](N[C@H](S1)[C@@H](C=O)NC(=O)[C@@H](c2ccsc2)C(=O)O)C(=O)O)C,https://www.rcsb.org/ligand/XT8,https://www.ebi.ac.uk/pdbe/static/files/pdbechem_v2/XT8_500.svg
排除,P3,XTA,"(1-{[2-(3,5-dichlorophenyl)-6-{[2-(4-methylpiperazin-1-yl)pyrimidin-5-yl]oxy}pyridin-4-yl]methyl}piperidin-4-yl)acetic acid",,卤代/电子调节,否,未进入使用审计,0,0,,分子量超过500 Da，优先判断为复杂整分子,分子量超过300 Da，需确认偶联、脱保护和总环肽体积负担；杂原子较多，可能带来较高极性或多重保护需求；CCD未指定标准氨基酸母体,C28 H32 Cl2 N6 O3,571.498,,non-polymer,4,CN1CCN(CC1)c2ncc(cn2)Oc3cc(cc(n3)c4cc(cc(c4)Cl)Cl)CN5CCC(CC5)CC(=O)O,https://www.rcsb.org/ligand/XTA,https://www.ebi.ac.uk/pdbe/static/files/pdbechem_v2/XTA_500.svg
暂缓,P3,XUR,"(2S,4S)-5-carbamimidamido-4-hydroxy-2-[(E)-({3-hydroxy-2-methyl-5-[(phosphonooxy)methyl]pyridin-4-yl}methylidene)amino]pentanoic acid (non-preferred name)",,芳香/疏水侧链,需确认,未进入使用审计,0,0,,结构可能合理，但单体身份、偶联条件或复杂度证据不足，暂不进入研发候选库,分子量超过300 Da，需确认偶联、脱保护和总环肽体积负担；杂原子较多，可能带来较高极性或多重保护需求；含磷酸/膦酸相关结构，通常不利于被动跨膜；CCD未指定标准氨基酸母体,C14 H22 N5 O8 P,419.327,,non-polymer,4,[H]/N=C(\N)/NC[C@H](C[C@@H](C(=O)O)/N=C/c1c(cnc(c1O)C)COP(=O)(O)O)O,https://www.rcsb.org/ligand/XUR,https://www.ebi.ac.uk/pdbe/static/files/pdbechem_v2/XUR_500.svg
排除,P3,XVG,"1-[(2S)-2-{[(2Z)-2-(2-amino-5-chloro-1,3-thiazol-4-yl)-2-{[(2-carboxypropan-2-yl)oxy]imino}acetyl]amino}-3-oxopropyl]-4-{[2-(5,6-dihydroxy-1,3-dioxo-1,3-dihydro-2H-isoindol-2-yl)ethyl]carbamoyl}-2,5-dihydro-1H-pyrazole-3-carboxylic acid",,卤代/电子调节,否,未进入使用审计,0,0,,分子量超过500 Da，优先判断为复杂整分子,分子量超过300 Da，需确认偶联、脱保护和总环肽体积负担；杂原子较多，可能带来较高极性或多重保护需求；含预先形成的酰胺键，需确认主链氨基是否仍可偶联；CCD未指定标准氨基酸母体,C27 H27 Cl N8 O12 S,723.068,,non-polymer,1,CC(C)(C(=O)O)O/N=C(/c1c(sc(n1)N)Cl)\C(=O)N[C@@H](CN2CC(=C(N2)C(=O)O)C(=O)NCCN3C(=O)c4cc(c(cc4C3=O)O)O)C=O,https://www.rcsb.org/ligand/XVG,https://www.ebi.ac.uk/pdbe/static/files/pdbechem_v2/XVG_500.svg
暂缓,P3,XX5,"(S,S)-2-{1-CARBOXY-2-[3-(3,5-DICHLORO-BENZYL)-3H-IMIDAZOL-4-YL]-ETHYLAMINO}-4-METHYL-PENTANOIC ACID",MLN-4760,卤代/电子调节,需确认,未进入使用审计,0,0,,结构可能合理，但单体身份、偶联条件或复杂度证据不足，暂不进入研发候选库,分子量超过300 Da，需确认偶联、脱保护和总环肽体积负担；CCD未指定标准氨基酸母体,C19 H23 Cl2 N3 O4,428.31,,NON-POLYMER,1,CC(C)C[C@@H](C(=O)O)N[C@@H](Cc1cncn1Cc2cc(cc(c2)Cl)Cl)C(=O)O,https://www.rcsb.org/ligand/XX5,https://www.ebi.ac.uk/pdbe/static/files/pdbechem_v2/XX5_500.svg
暂缓,P3,XY5,"2-[[(5~{Z})-8-azanyl-11,12-dihydrobenzo[c][1,2]benzodiazocin-3-yl]amino]ethanal",,其他候选,需确认,未进入使用审计,0,0,,结构可能合理，但单体身份、偶联条件或复杂度证据不足，暂不进入研发候选库,CCD未指定标准氨基酸母体,C16 H16 N4 O2,296.324,,NON-POLYMER,1,c1cc2c(cc1N)/N=N\c3cc(ccc3CC2)NCC(=O)O,https://www.rcsb.org/ligand/XY5,https://www.ebi.ac.uk/pdbe/static/files/pdbechem_v2/XY5_500.svg
暂缓,P3,Y33,"(5R)-3-{[(3S,5S)-5-(dimethylcarbamoyl)pyrrolidin-3-yl]sulfanyl}-5-[(2S,3R)-3-hydroxy-1-oxobutan-2-yl]-5-methyl-4,5-dihydro-1H-pyrrole-2-carboxylic acid",,其他候选,需确认,未进入使用审计,0,0,,结构可能合理，但单体身份、偶联条件或复杂度证据不足，暂不进入研发候选库,分子量超过300 Da，需确认偶联、脱保护和总环肽体积负担；杂原子较多，可能带来较高极性或多重保护需求；含预先形成的酰胺键，需确认主链氨基是否仍可偶联；CCD未指定标准氨基酸母体,C17 H27 N3 O6 S,401.478,,non-polymer,2,C[C@H]([C@@H](C(=O)O)[C@]1(CC(=C(N1)C(=O)O)S[C@H]2C[C@H](NC2)C(=O)N(C)C)C)O,https://www.rcsb.org/ligand/Y33,https://www.ebi.ac.uk/pdbe/static/files/pdbechem_v2/Y33_500.svg
暂缓,P3,Y37,"(1R,4R)-4-fluoro-3-[({3-hydroxy-2-methyl-5-[(phosphonooxy)methyl]pyridin-4-yl}methyl)amino]cyclopent-2-ene-1-carboxylic acid",,构象限制,需确认,未进入使用审计,0,0,,结构可能合理，但单体身份、偶联条件或复杂度证据不足，暂不进入研发候选库,分子量超过300 Da，需确认偶联、脱保护和总环肽体积负担；杂原子较多，可能带来较高极性或多重保护需求；含磷酸/膦酸相关结构，通常不利于被动跨膜；CCD未指定标准氨基酸母体,C14 H18 F N2 O7 P,376.274,,non-polymer,4,Cc1c(c(c(cn1)COP(=O)(O)O)CNC2=C[C@@H](C[C@H]2F)C(=O)O)O,https://www.rcsb.org/ligand/Y37,https://www.ebi.ac.uk/pdbe/static/files/pdbechem_v2/Y37_500.svg
暂缓,P3,Y38,N-[2-(benzoylamino)ethyl]-N-(biphenyl-4-ylsulfonyl)-D-valine,,D-构型,需确认,未进入使用审计,0,0,,结构可能合理，但单体身份、偶联条件或复杂度证据不足，暂不进入研发候选库,分子量超过300 Da，需确认偶联、脱保护和总环肽体积负担；CCD未指定标准氨基酸母体,C26 H28 N2 O5 S,480.576,,NON-POLYMER,1,CC(C)[C@H](C(=O)O)N(CCNC(=O)c1ccccc1)S(=O)(=O)c2ccc(cc2)c3ccccc3,https://www.rcsb.org/ligand/Y38,https://www.ebi.ac.uk/pdbe/static/files/pdbechem_v2/Y38_500.svg
排除,P3,Y65,"(2~{S})-3-[1-[(2~{R},3~{R},4~{S},5~{R})-5-[[[[(2~{R},3~{S},4~{R},5~{R})-5-(6-aminopurin-9-yl)-3,4-bis(oxidanyl)oxolan-2-yl]methoxy-oxidanyl-phosphoryl]oxy-oxidanyl-phosphoryl]oxymethyl]-3,4-bis(oxidanyl)oxolan-2-yl]imidazol-4-yl]-2-azanyl-propanoic acid",,其他候选,否,未进入使用审计,0,0,,分子量超过500 Da，优先判断为复杂整分子,分子量超过300 Da，需确认偶联、脱保护和总环肽体积负担；杂原子较多，可能带来较高极性或多重保护需求；含磷酸/膦酸相关结构，通常不利于被动跨膜；CCD未指定标准氨基酸母体,C21 H30 N8 O15 P2,696.455,,non-polymer,1,c1c(ncn1[C@H]2[C@@H]([C@@H]([C@H](O2)COP(=O)(O)OP(=O)(O)OC[C@@H]3[C@H]([C@H]([C@@H](O3)n4cnc5c4ncnc5N)O)O)O)O)C[C@@H](C(=O)O)N,https://www.rcsb.org/ligand/Y65,https://www.ebi.ac.uk/pdbe/static/files/pdbechem_v2/Y65_500.svg
暂缓,P3,Y7S,"(1~{R},3~{S},4~{R})-3-methyl-4-[[2-methyl-3-oxidanyl-5-(phosphonooxymethyl)pyridin-4-yl]methylamino]cyclopentane-1-carboxylic acid",,构象限制,需确认,未进入使用审计,0,0,,结构可能合理，但单体身份、偶联条件或复杂度证据不足，暂不进入研发候选库,分子量超过300 Da，需确认偶联、脱保护和总环肽体积负担；杂原子较多，可能带来较高极性或多重保护需求；含磷酸/膦酸相关结构，通常不利于被动跨膜；CCD未指定标准氨基酸母体,C15 H21 N2 O7 P,372.31,,non-polymer,4,Cc1c(c(c(cn1)COP(=O)(O)O)CNC2=C[C@@H](C[C@@H]2C)C(=O)O)O,https://www.rcsb.org/ligand/Y7S,https://www.ebi.ac.uk/pdbe/static/files/pdbechem_v2/Y7S_500.svg
暂缓,P3,Y8P,"(3~{S},4~{S})-4-methyl-3-[[2-methyl-3-oxidanyl-5-(phosphonooxymethyl)pyridin-4-yl]methylamino]cyclohexene-1-carboxylic acid",,构象限制,需确认,未进入使用审计,0,0,,结构可能合理，但单体身份、偶联条件或复杂度证据不足，暂不进入研发候选库,分子量超过300 Da，需确认偶联、脱保护和总环肽体积负担；杂原子较多，可能带来较高极性或多重保护需求；含磷酸/膦酸相关结构，通常不利于被动跨膜；CCD未指定标准氨基酸母体,C16 H25 N2 O7 P,388.353,,non-polymer,3,Cc1c(c(c(cn1)COP(=O)(O)O)CN[C@@H]2CC(CC[C@@H]2C)C(=O)O)O,https://www.rcsb.org/ligand/Y8P,https://www.ebi.ac.uk/pdbe/static/files/pdbechem_v2/Y8P_500.svg
排除,P3,YMA,"7,10,13-TRI(CARBOXYMETHYL)-5,15-DIOXO-4,7,10,13,16-PENTAAZA-1,19-DITHIANONADECANE",,其他候选,否,未进入使用审计,0,0,,分子量超过500 Da，优先判断为复杂整分子,分子量超过300 Da，需确认偶联、脱保护和总环肽体积负担；杂原子较多，可能带来较高极性或多重保护需求；含预先形成的酰胺键，需确认主链氨基是否仍可偶联；CCD未指定标准氨基酸母体,C18 H33 N5 O8 S2,511.613,,NON-POLYMER,1,C(CS)NC(=O)CN(CCN(CCN(CC(=O)NCCS)CC(=O)O)CC(=O)O)CC(=O)O,https://www.rcsb.org/ligand/YMA,https://www.ebi.ac.uk/pdbe/static/files/pdbechem_v2/YMA_500.svg
排除,P3,YPP,Hydrolyzed piperacillin,"(2R,4S)-2-[(R)-carboxy{[(2R)-2-{[(4-ethyl-2,3-dioxopiperazin-1-yl)carbonyl]amino}-2-phenylacetyl]amino}methyl]-5,5-dimethyl-1,3-thiazolidine-4-carboxylic acid",芳香/疏水侧链,否,未进入使用审计,0,0,,名称明确提示药物、抗生素或反应中间体；分子量超过500 Da，优先判断为复杂整分子,分子量超过300 Da，需确认偶联、脱保护和总环肽体积负担；杂原子较多，可能带来较高极性或多重保护需求；含预先形成的酰胺键，需确认主链氨基是否仍可偶联；CCD未指定标准氨基酸母体,C23 H29 N5 O8 S,535.57,,NON-POLYMER,1,CCN1CCN(C(=O)C1=O)C(=O)N[C@H](c2ccccc2)C(=O)N[C@@H]([C@@H]3N[C@H](C(S3)(C)C)C(=O)O)C(=O)O,https://www.rcsb.org/ligand/YPP,https://www.ebi.ac.uk/pdbe/static/files/pdbechem_v2/YPP_500.svg
暂缓,P3,YQA,"5-hydroxy,-4,5-dihydroquinolinate",,其他候选,需确认,未进入使用审计,0,0,,结构可能合理，但单体身份、偶联条件或复杂度证据不足，暂不进入研发候选库,CCD未指定标准氨基酸母体,C7 H7 N O5,185.134,,NON-POLYMER,1,C1[C@H](C=NC(=C1C(=O)O)C(=O)O)O,https://www.rcsb.org/ligand/YQA,https://www.ebi.ac.uk/pdbe/static/files/pdbechem_v2/YQA_500.svg
暂缓,P3,YQP,"(2~{S})-2-azanyl-4-[[(2~{S},3~{S},4~{R},5~{R})-5-[2,4-bis(oxidanylidene)pyrimidin-1-yl]-3,4-bis(oxidanyl)oxolan-2-yl]methyl-methyl-$l^{3}-sulfanyl]butanoic acid",,其他候选,需确认,未进入使用审计,0,0,,结构可能合理，但单体身份、偶联条件或复杂度证据不足，暂不进入研发候选库,分子量超过300 Da，需确认偶联、脱保护和总环肽体积负担；杂原子较多，可能带来较高极性或多重保护需求；含预先形成的酰胺键，需确认主链氨基是否仍可偶联；CCD未指定标准氨基酸母体,C14 H21 N3 O7 S,375.397,,non-polymer,1,C=S(CC[C@@H](C(=O)O)N)C[C@@H]1[C@H]([C@H]([C@@H](O1)N2C=CC(=O)NC2=O)O)O,https://www.rcsb.org/ligand/YQP,https://www.ebi.ac.uk/pdbe/static/files/pdbechem_v2/YQP_500.svg
暂缓,P3,Z1L,1-anilinocyclopropane-1-carboxylic acid,,构象限制,需确认,未进入使用审计,0,0,,结构可能合理，但单体身份、偶联条件或复杂度证据不足，暂不进入研发候选库,CCD未指定标准氨基酸母体,C10 H11 N O2,177.2,,non-polymer,1,c1ccc(cc1)NC2(CC2)C(=O)O,https://www.rcsb.org/ligand/Z1L,https://www.ebi.ac.uk/pdbe/static/files/pdbechem_v2/Z1L_500.svg
暂缓,P3,Z24,"(3~{R},5~{R})-1-[2,4-bis(fluoranyl)phenyl]-5-oxidanyl-pyrrolidine-3-carboxylic acid",,芳香/疏水侧链,需确认,未进入使用审计,0,0,,结构可能合理，但单体身份、偶联条件或复杂度证据不足，暂不进入研发候选库,CCD未指定标准氨基酸母体,C11 H11 F2 N O3,243.207,,NON-POLYMER,2,c1cc(c(cc1F)F)N2C[C@@H](C[C@H]2O)C(=O)O,https://www.rcsb.org/ligand/Z24,https://www.ebi.ac.uk/pdbe/static/files/pdbechem_v2/Z24_500.svg
暂缓,P3,Z2O,"{4-[(3S,5R)-3-[(4-chloro-3-fluorophenyl)carbamoyl]-5-(hydroxymethyl)piperidine-1-carbonyl]piperazin-1-yl}acetic acid",,卤代/电子调节,需确认,未进入使用审计,0,0,,结构可能合理，但单体身份、偶联条件或复杂度证据不足，暂不进入研发候选库,分子量超过300 Da，需确认偶联、脱保护和总环肽体积负担；含预先形成的酰胺键，需确认主链氨基是否仍可偶联；CCD未指定标准氨基酸母体,C20 H26 Cl F N4 O5,456.896,,non-polymer,1,c1cc(c(cc1NC(=O)[C@H]2C[C@H](CN(C2)C(=O)N3CCN(CC3)CC(=O)O)CO)F)Cl,https://www.rcsb.org/ligand/Z2O,https://www.ebi.ac.uk/pdbe/static/files/pdbechem_v2/Z2O_500.svg
排除,P3,Z34,"N-[2-[5-[AMINO(IMINO)METHYL]-2-HYDROXYPHENOXY]-3,5-DIFLUORO-6-[3-(4,5-DIHYDRO-1-METHYL-1H-IMIDAZOL-2-YL)PHENOXY]PYRIDIN-4-YL]-N-METHYLGLYCINE",,N-取代,否,未进入使用审计,0,0,,分子量超过500 Da，优先判断为复杂整分子,分子量超过300 Da，需确认偶联、脱保护和总环肽体积负担；杂原子较多，可能带来较高极性或多重保护需求；CCD未指定标准氨基酸母体,C25 H24 F2 N6 O5,526.492,,NON-POLYMER,1,[H]/N=C(\c1ccc(c(c1)Oc2c(c(c(c(n2)Oc3cccc(c3)C4=NCCN4C)F)N(C)CC(=O)O)F)O)/N,https://www.rcsb.org/ligand/Z34,https://www.ebi.ac.uk/pdbe/static/files/pdbechem_v2/Z34_500.svg
排除,P3,Z90,4-({(4-carboxybutyl)[2-(2-{[4-(2-phenylethyl)benzyl]oxy}phenyl)ethyl]amino}methyl)benzoic acid,4-((4-carboxybutyl)(2-((4-phenethylbenzol)oxy) phenethyl) amino)methyl(benzoic) acid),芳香/疏水侧链,否,未进入使用审计,0,0,,分子量超过500 Da，优先判断为复杂整分子,分子量超过300 Da，需确认偶联、脱保护和总环肽体积负担；CCD未指定标准氨基酸母体,C36 H39 N O5,565.699,,NON-POLYMER,4,c1ccc(cc1)CCc2ccc(cc2)COc3ccccc3CC[N@@](CCCCC(=O)O)Cc4ccc(cc4)C(=O)O,https://www.rcsb.org/ligand/Z90,https://www.ebi.ac.uk/pdbe/static/files/pdbechem_v2/Z90_500.svg
暂缓,P3,Z97,(E)-N~5~-({3-hydroxy-2-methyl-5-[(phosphonooxy)methyl]pyridin-4-yl}methylidene)-L-ornithine,,芳香/疏水侧链,需确认,未进入使用审计,0,0,,结构可能合理，但单体身份、偶联条件或复杂度证据不足，暂不进入研发候选库,分子量超过300 Da，需确认偶联、脱保护和总环肽体积负担；杂原子较多，可能带来较高极性或多重保护需求；含磷酸/膦酸相关结构，通常不利于被动跨膜；CCD未指定标准氨基酸母体,C13 H20 N3 O7 P,361.288,,NON-POLYMER,1,Cc1c(c(c(cn1)COP(=O)(O)O)/C=N/CCC[C@@H](C(=O)O)N)O,https://www.rcsb.org/ligand/Z97,https://www.ebi.ac.uk/pdbe/static/files/pdbechem_v2/Z97_500.svg
暂缓,P3,Z99,"2-[(1S,2S)-2-carboxycyclopropyl]-3-(9H-xanthen-9-yl)-D-alanine","(1S,2S)-2-[(2S)-2-amino-1-hydroxy-1-oxo-3-(9H-xanthen-9-yl)propan-2-yl]cyclopropane-1-carboxylic acid",D-构型,需确认,未进入使用审计,0,0,,结构可能合理，但单体身份、偶联条件或复杂度证据不足，暂不进入研发候选库,分子量超过300 Da，需确认偶联、脱保护和总环肽体积负担；CCD未指定标准氨基酸母体,C20 H19 N O5,353.369,,NON-POLYMER,3,c1ccc2c(c1)C(c3ccccc3O2)C[C@]([C@H]4C[C@@H]4C(=O)O)(C(=O)O)N,https://www.rcsb.org/ligand/Z99,https://www.ebi.ac.uk/pdbe/static/files/pdbechem_v2/Z99_500.svg
暂缓,P3,ZBF,L-gamma-glutamyl-N-(3-ethynylphenyl)-N-hydroxy-L-glutaminylglycine,,芳香/疏水侧链,需确认,未进入使用审计,0,0,,结构可能合理，但单体身份、偶联条件或复杂度证据不足，暂不进入研发候选库,分子量超过300 Da，需确认偶联、脱保护和总环肽体积负担；杂原子较多，可能带来较高极性或多重保护需求；含预先形成的酰胺键，需确认主链氨基是否仍可偶联；CCD未指定标准氨基酸母体,C20 H24 N4 O8,448.427,,NON-POLYMER,1,C#Cc1cccc(c1)N(C(=O)CC[C@@H](C(=O)NCC(=O)O)NC(=O)CC[C@@H](C(=O)O)N)O,https://www.rcsb.org/ligand/ZBF,https://www.ebi.ac.uk/pdbe/static/files/pdbechem_v2/ZBF_500.svg
排除,P3,ZEM,20-OXO-PROTOPORPHYRIN IX CONTAINING ZN(II),ZN(II)-(20-OXO-PROTOPORPHYRIN IX),其他候选,否,未进入使用审计,0,0,,含金属元素，不属于常规肽合成单体；分子量超过500 Da，优先判断为复杂整分子,分子量超过300 Da，需确认偶联、脱保护和总环肽体积负担；CCD未指定标准氨基酸母体,C34 H32 N4 O5 Zn,642.051,,NON-POLYMER,4,Cc1c(c2n3c1C(=C4C(=C(C5=[N]4[Zn]36[N]7=C(C=C8N6C(=C5)C(=C8C=C)C)C(=C(C7=C2)CCC(=O)O)C)C=C)C)O)CCC(=O)O,https://www.rcsb.org/ligand/ZEM,https://www.ebi.ac.uk/pdbe/static/files/pdbechem_v2/ZEM_500.svg
排除,P3,ZF7,"(1R,3S,5S)-8-{(1S)-1-[8-(trifluoromethyl)-7-{[(1s,4R)-4-(trifluoromethyl)cyclohexyl]oxy}naphthalen-2-yl]ethyl}-8-azabicyclo[3.2.1]octane-3-carboxylic acid",BIO-32546,构象限制,否,未进入使用审计,0,0,,分子量超过500 Da，优先判断为复杂整分子,分子量超过300 Da，需确认偶联、脱保护和总环肽体积负担；CCD未指定标准氨基酸母体,C28 H31 F6 N O3,543.541,,non-polymer,3,C[C@@H](c1ccc2ccc(c(c2c1)C(F)(F)F)OC3CCC(CC3)C(F)(F)F)N4[C@@H]5CC[C@H]4CC(C5)C(=O)O,https://www.rcsb.org/ligand/ZF7,https://www.ebi.ac.uk/pdbe/static/files/pdbechem_v2/ZF7_500.svg
排除,P3,ZIV,"(2~{S})-4-[[(2~{R},3~{S},4~{R},5~{R})-5-(6-aminopurin-9-yl)-3,4-bis(oxidanyl)oxolan-2-yl]methyl-[2-[2-azanyl-9-[(2~{R},3~{R},4~{R},5~{R})-5-[bis(oxidanyl)phosphanyloxymethyl]-3,4-bis(oxidanyl)oxolan-2-yl]-6-oxidanylidene-3~{H}-purin-7-yl]ethyl]amino]-2-azanyl-butanoic acid",,其他候选,否,未进入使用审计,0,0,,分子量超过500 Da，优先判断为复杂整分子,分子量超过300 Da，需确认偶联、脱保护和总环肽体积负担；杂原子较多，可能带来较高极性或多重保护需求；含磷酸/膦酸相关结构，通常不利于被动跨膜；含预先形成的酰胺键，需确认主链氨基是否仍可偶联；CCD未指定标准氨基酸母体,C26 H39 N12 O12 P,742.635,,non-polymer,1,c1nc(c2c(n1)n(cn2)[C@H]3[C@@H]([C@@H]([C@H](O3)CN(CC[C@@H](C(=O)O)N)CCN4CN(C5=C4C(=O)N=C(N5)N)[C@H]6[C@@H]([C@H]([C@H](O6)COP(=O)[OH-])O)O)O)O)N,https://www.rcsb.org/ligand/ZIV,https://www.ebi.ac.uk/pdbe/static/files/pdbechem_v2/ZIV_500.svg
排除,P3,ZND,Zinc (II) Deuteroporphyrin IX,,其他候选,否,未进入使用审计,0,0,,含金属元素，不属于常规肽合成单体；分子量超过500 Da，优先判断为复杂整分子,分子量超过300 Da，需确认偶联、脱保护和总环肽体积负担；CCD未指定标准氨基酸母体,C30 H28 N4 O4 Zn,573.977,,NON-POLYMER,4,Cc1c2n3c(c1CCC(=O)O)C=C4C(=C(C5=[N]4[Zn]36[N]7=C(C=C(C7=C2)C)C=C8N6C(=C5)C=C8C)C)CCC(=O)O,https://www.rcsb.org/ligand/ZND,https://www.ebi.ac.uk/pdbe/static/files/pdbechem_v2/ZND_500.svg
排除,P3,ZNH,PROTOPORPHYRIN IX CONTAINING ZN,,其他候选,否,未进入使用审计,0,0,,含金属元素，不属于常规肽合成单体；分子量超过500 Da，优先判断为复杂整分子,分子量超过300 Da，需确认偶联、脱保护和总环肽体积负担；CCD未指定标准氨基酸母体,C34 H32 N4 O4 Zn,626.051,,NON-POLYMER,4,Cc1c2n3c(c1C=C)C=C4C(=C(C5=[N]4[Zn]36[N]7=C(C=C8N6C(=C5)C(=C8C)CCC(=O)O)C(=C(C7=C2)C=C)C)CCC(=O)O)C,https://www.rcsb.org/ligand/ZNH,https://www.ebi.ac.uk/pdbe/static/files/pdbechem_v2/ZNH_500.svg
排除,P3,ZP1,"(4~{S})-4-[(2~{R})-3-[(4-azanyl-2-methyl-pyrimidin-5-yl)methyl]-4-methyl-5-[2-[oxidanyl(phosphonooxy)phosphoryl]oxyethyl]-2~{H}-1,3-thiazol-2-yl]-4-[ethoxy(oxidanyl)phosphoryl]-4-oxidanyl-butanoic acid",,其他候选,否,未进入使用审计,0,0,,分子量超过500 Da，优先判断为复杂整分子,分子量超过300 Da，需确认偶联、脱保护和总环肽体积负担；杂原子较多，可能带来较高极性或多重保护需求；含磷酸/膦酸相关结构，通常不利于被动跨膜；CCD未指定标准氨基酸母体,C18 H31 N4 O13 P3 S,636.444,,NON-POLYMER,4,CCOP(=O)([C@@](CCC(=O)O)([C@@H]1N(C(=C(S1)CCOP(=O)(O)OP(=O)(O)O)C)Cc2cnc(nc2N)C)O)O,https://www.rcsb.org/ligand/ZP1,https://www.ebi.ac.uk/pdbe/static/files/pdbechem_v2/ZP1_500.svg
暂缓,P3,ZX0,(3R)-1-[(4S)-azepan-4-ylcarbamoyl]-3-(sulfoamino)-L-proline,,构象限制,需确认,未进入使用审计,0,0,,结构可能合理，但单体身份、偶联条件或复杂度证据不足，暂不进入研发候选库,分子量超过300 Da，需确认偶联、脱保护和总环肽体积负担；杂原子较多，可能带来较高极性或多重保护需求；含预先形成的酰胺键，需确认主链氨基是否仍可偶联；CCD未指定标准氨基酸母体,C12 H22 N4 O6 S,350.391,,non-polymer,2,C1C[C@@H](CCNC1)NC(=O)N2CC[C@H]([C@H]2C(=O)O)NS(=O)(=O)O,https://www.rcsb.org/ligand/ZX0,https://www.ebi.ac.uk/pdbe/static/files/pdbechem_v2/ZX0_500.svg
暂缓,P3,ZX1,(3R)-1-[(4R)-AZEPAN-4-YLCARBAMOYL]-3-(SULFOAMINO)-L-PROLINE,,构象限制,需确认,未进入使用审计,0,0,,结构可能合理，但单体身份、偶联条件或复杂度证据不足，暂不进入研发候选库,分子量超过300 Da，需确认偶联、脱保护和总环肽体积负担；杂原子较多，可能带来较高极性或多重保护需求；含预先形成的酰胺键，需确认主链氨基是否仍可偶联；CCD未指定标准氨基酸母体,C12 H22 N4 O6 S,350.391,,NON-POLYMER,2,C1C[C@H](CCNC1)NC(=O)N2CC[C@H]([C@H]2C(=O)O)NS(=O)(=O)O,https://www.rcsb.org/ligand/ZX1,https://www.ebi.ac.uk/pdbe/static/files/pdbechem_v2/ZX1_500.svg
排除,P3,ZX4,"5'-S-{(2R,4R)-1-[3-(2-amino-4-oxo-4,7-dihydro-3H-pyrrolo[2,3-d]pyrimidin-5-yl)propyl]-2-carboxypiperidin-4-yl}-5'-thioadenosine",,其他候选,否,未进入使用审计,0,0,,分子量超过500 Da，优先判断为复杂整分子,分子量超过300 Da，需确认偶联、脱保护和总环肽体积负担；杂原子较多，可能带来较高极性或多重保护需求；CCD未指定标准氨基酸母体,C25 H32 N10 O6 S,600.65,,non-polymer,1,c1c(c2c([nH]1)N=C(NC2=O)N)CCCN3CC[C@H](C[C@@H]3C(=O)O)SC[C@@H]4[C@H]([C@H]([C@@H](O4)n5cnc6c5ncnc6N)O)O,https://www.rcsb.org/ligand/ZX4,https://www.ebi.ac.uk/pdbe/static/files/pdbechem_v2/ZX4_500.svg
排除,P3,ZXW,5'-O-[(S)-{[(R)-{[(R)-[(2-{[(2S)-2-amino-3-oxopropyl]amino}-2-oxoethyl)sulfanyl](hydroxy)phosphoryl]oxy}(hydroxy)phosphoryl]oxy}(hydroxy)phosphoryl]adenosine,,其他候选,否,未进入使用审计,0,0,,名称提示核苷酸、辅因子或整分子缀合物；分子量超过500 Da，优先判断为复杂整分子,分子量超过300 Da，需确认偶联、脱保护和总环肽体积负担；杂原子较多，可能带来较高极性或多重保护需求；含磷酸/膦酸相关结构，通常不利于被动跨膜；含预先形成的酰胺键，需确认主链氨基是否仍可偶联；CCD未指定标准氨基酸母体,C15 H24 N7 O15 P3 S,667.375,,NON-POLYMER,1,c1nc(c2c(n1)n(cn2)[C@H]3[C@@H]([C@@H]([C@H](O3)COP(=O)(O)OP(=O)(O)OP(=O)(O)SCC(=O)NC[C@@H](C(=O)O)N)O)O)N,https://www.rcsb.org/ligand/ZXW,https://www.ebi.ac.uk/pdbe/static/files/pdbechem_v2/ZXW_500.svg
排除,P3,ZZ7,"(2R,4S)-2-[(R)-{[(2R)-2-amino-2-phenylacetyl]amino}(carboxy)methyl]-5,5-dimethyl-1,3-thiazolidine-4-carboxylic acid",AMPICILLIN (open form),芳香/疏水侧链,否,未进入使用审计,0,0,,名称明确提示药物、抗生素或反应中间体,分子量超过300 Da，需确认偶联、脱保护和总环肽体积负担；CCD未指定标准氨基酸母体,C16 H21 N3 O5 S,367.42,,non-polymer,2,CC1([C@@H](N[C@H](S1)[C@@H](C(=O)O)NC(=O)[C@@H](c2ccccc2)N)C(=O)O)C,https://www.rcsb.org/ligand/ZZ7,https://www.ebi.ac.uk/pdbe/static/files/pdbechem_v2/ZZ7_500.svg
