"ccdId","name","status","statusLabel","priority","reasons","method","reviewBoundary"
"004","(2S)-amino(phenyl)ethanoic acid","likely-independent-monomer","结构上较像可独立偶联的氨基酸单体","synthesis-first","CCD连接类型含 peptide linking；分子量 151.2 Da，处于保守的单残基初筛范围内","基于CCD名称、连接类型、分子式和分子量的保守规则分层","该结果用于安排人工审核顺序，不等同于已确认可购、可用于SPPS/LPPS、进入过环肽或具有口服暴露。"
"00B","(4R)-5,5-dimethyl-1,3-thiazolidine-4-carboxylic acid","likely-independent-monomer","结构上较像可独立偶联的氨基酸单体","synthesis-first","CCD连接类型含 peptide linking；分子量 161.2 Da，处于保守的单残基初筛范围内","基于CCD名称、连接类型、分子式和分子量的保守规则分层","该结果用于安排人工审核顺序，不等同于已确认可购、可用于SPPS/LPPS、进入过环肽或具有口服暴露。"
"00C","3-sulfo-D-alanine","likely-independent-monomer","结构上较像可独立偶联的氨基酸单体","synthesis-first","CCD连接类型含 peptide linking；分子量 169.2 Da，处于保守的单残基初筛范围内","基于CCD名称、连接类型、分子式和分子量的保守规则分层","该结果用于安排人工审核顺序，不等同于已确认可购、可用于SPPS/LPPS、进入过环肽或具有口服暴露。"
"00E","morpholin-4-ylacetic acid","likely-independent-monomer","结构上较像可独立偶联的氨基酸单体","synthesis-first","CCD连接类型含 peptide linking；分子量 145.2 Da，处于保守的单残基初筛范围内","基于CCD名称、连接类型、分子式和分子量的保守规则分层","该结果用于安排人工审核顺序，不等同于已确认可购、可用于SPPS/LPPS、进入过环肽或具有口服暴露。"
"00O","beta-phenyl-D-phenylalanine","likely-independent-monomer","结构上较像可独立偶联的氨基酸单体","synthesis-first","CCD连接类型含 peptide linking；分子量 241.3 Da，处于保守的单残基初筛范围内","基于CCD名称、连接类型、分子式和分子量的保守规则分层","该结果用于安排人工审核顺序，不等同于已确认可购、可用于SPPS/LPPS、进入过环肽或具有口服暴露。"
"01N","N-(carboxymethyl)-3-cyclohexyl-D-alanine","likely-independent-monomer","结构上较像可独立偶联的氨基酸单体","synthesis-first","CCD连接类型含 peptide linking；分子量 229.3 Da，处于保守的单残基初筛范围内","基于CCD名称、连接类型、分子式和分子量的保守规则分层","该结果用于安排人工审核顺序，不等同于已确认可购、可用于SPPS/LPPS、进入过环肽或具有口服暴露。"
"01W","(2S)-2-ammonio-4-[(2,4-dinitrophenyl)amino]butanoate","likely-independent-monomer","结构上较像可独立偶联的氨基酸单体","synthesis-first","CCD连接类型含 peptide linking；分子量 284.2 Da，处于保守的单残基初筛范围内","基于CCD名称、连接类型、分子式和分子量的保守规则分层","该结果用于安排人工审核顺序，不等同于已确认可购、可用于SPPS/LPPS、进入过环肽或具有口服暴露。"
"02L","N-(2,2-dimethylpropyl)-L-asparagine","likely-independent-monomer","结构上较像可独立偶联的氨基酸单体","synthesis-first","CCD连接类型含 peptide linking；分子量 202.3 Da，处于保守的单残基初筛范围内","基于CCD名称、连接类型、分子式和分子量的保守规则分层","该结果用于安排人工审核顺序，不等同于已确认可购、可用于SPPS/LPPS、进入过环肽或具有口服暴露。"
"02O","3-(3-tert-butyl-1,2,4-oxadiazol-5-yl)-L-alanine","likely-independent-monomer","结构上较像可独立偶联的氨基酸单体","synthesis-first","CCD连接类型含 peptide linking；分子量 213.2 Da，处于保守的单残基初筛范围内","基于CCD名称、连接类型、分子式和分子量的保守规则分层","该结果用于安排人工审核顺序，不等同于已确认可购、可用于SPPS/LPPS、进入过环肽或具有口服暴露。"
"02V","(2S)-(3,4-dihydroxyphenyl)(methylamino)ethanoic acid","likely-independent-monomer","结构上较像可独立偶联的氨基酸单体","synthesis-first","CCD连接类型含 peptide linking；分子量 197.2 Da，处于保守的单残基初筛范围内","基于CCD名称、连接类型、分子式和分子量的保守规则分层","该结果用于安排人工审核顺序，不等同于已确认可购、可用于SPPS/LPPS、进入过环肽或具有口服暴露。"
"037","(1S,3aR,6aS)-octahydrocyclopenta[c]pyrrole-1-carboxylic acid","likely-independent-monomer","结构上较像可独立偶联的氨基酸单体","synthesis-first","CCD连接类型含 peptide linking；分子量 155.2 Da，处于保守的单残基初筛范围内","基于CCD名称、连接类型、分子式和分子量的保守规则分层","该结果用于安排人工审核顺序，不等同于已确认可购、可用于SPPS/LPPS、进入过环肽或具有口服暴露。"
"03Y","2-methyl-L-cysteine","likely-independent-monomer","结构上较像可独立偶联的氨基酸单体","synthesis-first","CCD连接类型含 peptide linking；分子量 135.2 Da，处于保守的单残基初筛范围内","基于CCD名称、连接类型、分子式和分子量的保守规则分层","该结果用于安排人工审核顺序，不等同于已确认可购、可用于SPPS/LPPS、进入过环肽或具有口服暴露。"
"04Q","N-benzylglycine","likely-independent-monomer","结构上较像可独立偶联的氨基酸单体","synthesis-first","CCD连接类型含 peptide linking；分子量 165.2 Da，处于保守的单残基初筛范围内","基于CCD名称、连接类型、分子式和分子量的保守规则分层","该结果用于安排人工审核顺序，不等同于已确认可购、可用于SPPS/LPPS、进入过环肽或具有口服暴露。"
"04R","[3-(trifluoromethyl)-4,5,6,7-tetrahydro-1H-indazol-1-yl]acetic acid","likely-independent-monomer","结构上较像可独立偶联的氨基酸单体","synthesis-first","CCD连接类型含 peptide linking；分子量 248.2 Da，处于保守的单残基初筛范围内","基于CCD名称、连接类型、分子式和分子量的保守规则分层","该结果用于安排人工审核顺序，不等同于已确认可购、可用于SPPS/LPPS、进入过环肽或具有口服暴露。"
"04U","azanylidene-[(3S,5S)-5-carboxypyrrolidin-3-yl]imino-azanium","likely-independent-monomer","结构上较像可独立偶联的氨基酸单体","synthesis-first","CCD连接类型含 peptide linking；分子量 157.2 Da，处于保守的单残基初筛范围内","基于CCD名称、连接类型、分子式和分子量的保守规则分层","该结果用于安排人工审核顺序，不等同于已确认可购、可用于SPPS/LPPS、进入过环肽或具有口服暴露。"
"04X","(2S)-5-(morpholin-4-ylmethyl)-1,2,3,6-tetrahydropyridine-2-carboxylic acid","likely-independent-monomer","结构上较像可独立偶联的氨基酸单体","synthesis-first","CCD连接类型含 peptide linking；分子量 226.3 Da，处于保守的单残基初筛范围内","基于CCD名称、连接类型、分子式和分子量的保守规则分层","该结果用于安排人工审核顺序，不等同于已确认可购、可用于SPPS/LPPS、进入过环肽或具有口服暴露。"
"07O","S-[(2S)-2-phenylpropanoyl]-L-cysteine","likely-independent-monomer","结构上较像可独立偶联的氨基酸单体","synthesis-first","CCD连接类型含 peptide linking；分子量 253.3 Da，处于保守的单残基初筛范围内","基于CCD名称、连接类型、分子式和分子量的保守规则分层","该结果用于安排人工审核顺序，不等同于已确认可购、可用于SPPS/LPPS、进入过环肽或具有口服暴露。"
"08M","N~5~-(pyrazin-2-ylcarbonyl)-L-ornithine","likely-independent-monomer","结构上较像可独立偶联的氨基酸单体","synthesis-first","CCD连接类型含 peptide linking；分子量 238.2 Da，处于保守的单残基初筛范围内","基于CCD名称、连接类型、分子式和分子量的保守规则分层","该结果用于安排人工审核顺序，不等同于已确认可购、可用于SPPS/LPPS、进入过环肽或具有口服暴露。"
"0A0","2-methyl-L-aspartic acid","likely-independent-monomer","结构上较像可独立偶联的氨基酸单体","synthesis-first","CCD连接类型含 peptide linking；分子量 147.1 Da，处于保守的单残基初筛范围内","基于CCD名称、连接类型、分子式和分子量的保守规则分层","该结果用于安排人工审核顺序，不等同于已确认可购、可用于SPPS/LPPS、进入过环肽或具有口服暴露。"
"0A8","S-[(2-chloroethyl)carbamoyl]-L-cysteine","likely-independent-monomer","结构上较像可独立偶联的氨基酸单体","synthesis-first","CCD连接类型含 peptide linking；分子量 226.7 Da，处于保守的单残基初筛范围内","基于CCD名称、连接类型、分子式和分子量的保守规则分层","该结果用于安排人工审核顺序，不等同于已确认可购、可用于SPPS/LPPS、进入过环肽或具有口服暴露。"
"0AF","7-hydroxy-L-tryptophan","likely-independent-monomer","结构上较像可独立偶联的氨基酸单体","synthesis-first","CCD连接类型含 peptide linking；分子量 220.2 Da，处于保守的单残基初筛范围内","基于CCD名称、连接类型、分子式和分子量的保守规则分层","该结果用于安排人工审核顺序，不等同于已确认可购、可用于SPPS/LPPS、进入过环肽或具有口服暴露。"
"0AH","O-(bromoacetyl)-L-serine","special-reactive-candidate","带特殊反应基团，需按设计用途核查","use-case-first","名称提示带点击、交联、亲电或其他特殊反应基团；可能有设计价值，但需核对保护策略、化学稳定性与位点选择性","基于CCD名称、连接类型、分子式和分子量的保守规则分层","该结果用于安排人工审核顺序，不等同于已确认可购、可用于SPPS/LPPS、进入过环肽或具有口服暴露。"
"0AK","(2S)-2-amino-4-(2-chloroethoxy)-4-oxobutanoic acid","likely-independent-monomer","结构上较像可独立偶联的氨基酸单体","synthesis-first","CCD连接类型含 peptide linking；分子量 195.6 Da，处于保守的单残基初筛范围内","基于CCD名称、连接类型、分子式和分子量的保守规则分层","该结果用于安排人工审核顺序，不等同于已确认可购、可用于SPPS/LPPS、进入过环肽或具有口服暴露。"
"0AR","N-[N-[(4S)-4-azanyl-5-hydroxy-5-oxo-pentyl]carbamimidoyl]ethanamide","likely-independent-monomer","结构上较像可独立偶联的氨基酸单体","synthesis-first","CCD连接类型含 peptide linking；分子量 216.2 Da，处于保守的单残基初筛范围内","基于CCD名称、连接类型、分子式和分子量的保守规则分层","该结果用于安排人工审核顺序，不等同于已确认可购、可用于SPPS/LPPS、进入过环肽或具有口服暴露。"
"0BN","4-carbamimidoyl-L-phenylalanine","likely-independent-monomer","结构上较像可独立偶联的氨基酸单体","synthesis-first","CCD连接类型含 peptide linking；分子量 207.2 Da，处于保守的单残基初筛范围内","基于CCD名称、连接类型、分子式和分子量的保守规则分层","该结果用于安排人工审核顺序，不等同于已确认可购、可用于SPPS/LPPS、进入过环肽或具有口服暴露。"
"0CS","3-[(S)-HYDROPEROXYSULFINYL]-L-ALANINE","likely-independent-monomer","结构上较像可独立偶联的氨基酸单体","synthesis-first","CCD连接类型含 peptide linking；分子量 169.2 Da，处于保守的单残基初筛范围内","基于CCD名称、连接类型、分子式和分子量的保守规则分层","该结果用于安排人工审核顺序，不等同于已确认可购、可用于SPPS/LPPS、进入过环肽或具有口服暴露。"
"0E5","(2S,3R)-2-azanyl-3-methyl-3-oxidanyl-pentanoic acid","likely-independent-monomer","结构上较像可独立偶联的氨基酸单体","synthesis-first","CCD连接类型含 peptide linking；分子量 147.2 Da，处于保守的单残基初筛范围内","基于CCD名称、连接类型、分子式和分子量的保守规则分层","该结果用于安排人工审核顺序，不等同于已确认可购、可用于SPPS/LPPS、进入过环肽或具有口服暴露。"
"0EA","(betaR)-beta,3-dihydroxy-N-methyl-L-tyrosine","likely-independent-monomer","结构上较像可独立偶联的氨基酸单体","synthesis-first","CCD连接类型含 peptide linking；分子量 227.2 Da，处于保守的单残基初筛范围内","基于CCD名称、连接类型、分子式和分子量的保守规则分层","该结果用于安排人工审核顺序，不等同于已确认可购、可用于SPPS/LPPS、进入过环肽或具有口服暴露。"
"0FL","3-amino-N-formyl-L-alanine","special-reactive-candidate","带特殊反应基团，需按设计用途核查","use-case-first","名称提示带点击、交联、亲电或其他特殊反应基团；可能有设计价值，但需核对保护策略、化学稳定性与位点选择性","基于CCD名称、连接类型、分子式和分子量的保守规则分层","该结果用于安排人工审核顺序，不等同于已确认可购、可用于SPPS/LPPS、进入过环肽或具有口服暴露。"
"0GG","3-{[(4-hydroxy-3-methoxyphenyl)acetyl]amino}-D-alanine","likely-independent-monomer","结构上较像可独立偶联的氨基酸单体","synthesis-first","CCD连接类型含 peptide linking；分子量 268.3 Da，处于保守的单残基初筛范围内","基于CCD名称、连接类型、分子式和分子量的保守规则分层","该结果用于安排人工审核顺序，不等同于已确认可购、可用于SPPS/LPPS、进入过环肽或具有口服暴露。"
"0LF","(4R)-4-(4-phenylbutoxy)-L-proline","likely-independent-monomer","结构上较像可独立偶联的氨基酸单体","synthesis-first","CCD连接类型含 peptide linking；分子量 263.3 Da，处于保守的单残基初筛范围内","基于CCD名称、连接类型、分子式和分子量的保守规则分层","该结果用于安排人工审核顺序，不等同于已确认可购、可用于SPPS/LPPS、进入过环肽或具有口服暴露。"
"0QL","3-[(2-aminoethyl)disulfanyl]-L-alanine","likely-independent-monomer","结构上较像可独立偶联的氨基酸单体","synthesis-first","CCD连接类型含 peptide linking；分子量 196.3 Da，处于保守的单残基初筛范围内","基于CCD名称、连接类型、分子式和分子量的保守规则分层","该结果用于安排人工审核顺序，不等同于已确认可购、可用于SPPS/LPPS、进入过环肽或具有口服暴露。"
"0RJ","3-(formylamino)-L-alanine","special-reactive-candidate","带特殊反应基团，需按设计用途核查","use-case-first","名称提示带点击、交联、亲电或其他特殊反应基团；可能有设计价值，但需核对保护策略、化学稳定性与位点选择性","基于CCD名称、连接类型、分子式和分子量的保守规则分层","该结果用于安排人工审核顺序，不等同于已确认可购、可用于SPPS/LPPS、进入过环肽或具有口服暴露。"
"0TD","(3S)-3-(methylsulfanyl)-L-aspartic acid","likely-independent-monomer","结构上较像可独立偶联的氨基酸单体","synthesis-first","CCD连接类型含 peptide linking；分子量 179.2 Da，处于保守的单残基初筛范围内","基于CCD名称、连接类型、分子式和分子量的保守规则分层","该结果用于安排人工审核顺序，不等同于已确认可购、可用于SPPS/LPPS、进入过环肽或具有口服暴露。"
"0TH","N-(propylsulfonyl)-D-threonine","likely-independent-monomer","结构上较像可独立偶联的氨基酸单体","synthesis-first","CCD连接类型含 peptide linking；分子量 225.3 Da，处于保守的单残基初筛范围内","基于CCD名称、连接类型、分子式和分子量的保守规则分层","该结果用于安排人工审核顺序，不等同于已确认可购、可用于SPPS/LPPS、进入过环肽或具有口服暴露。"
"0W6","(4S)-4-aminopentanoic acid","strong-nonmonomer-signal","存在较强的非普通单体信号","exclude-first","名称含辅因子、核苷／核苷酸、缀合物或其他非普通单体词","基于CCD名称、连接类型、分子式和分子量的保守规则分层","该结果用于安排人工审核顺序，不等同于已确认可购、可用于SPPS/LPPS、进入过环肽或具有口服暴露。"
"0WZ","3-(1H-pyrazol-1-yl)-L-tyrosine","likely-independent-monomer","结构上较像可独立偶联的氨基酸单体","synthesis-first","CCD连接类型含 peptide linking；分子量 247.3 Da，处于保守的单残基初筛范围内","基于CCD名称、连接类型、分子式和分子量的保守规则分层","该结果用于安排人工审核顺序，不等同于已确认可购、可用于SPPS/LPPS、进入过环肽或具有口服暴露。"
"0X9","N~2~-sulfamoyl-L-arginine","likely-independent-monomer","结构上较像可独立偶联的氨基酸单体","synthesis-first","CCD连接类型含 peptide linking；分子量 253.3 Da，处于保守的单残基初筛范围内","基于CCD名称、连接类型、分子式和分子量的保守规则分层","该结果用于安排人工审核顺序，不等同于已确认可购、可用于SPPS/LPPS、进入过环肽或具有口服暴露。"
"0XL","2-amino-2-ethylbutanoic acid","likely-independent-monomer","结构上较像可独立偶联的氨基酸单体","synthesis-first","CCD连接类型含 peptide linking；分子量 131.2 Da，处于保守的单残基初筛范围内","基于CCD名称、连接类型、分子式和分子量的保守规则分层","该结果用于安排人工审核顺序，不等同于已确认可购、可用于SPPS/LPPS、进入过环肽或具有口服暴露。"
"12L","(1R,2S,5S)-6,6-dimethyl-3-azabicyclo[3.1.0]hexane-2-carboxylic acid","likely-independent-monomer","结构上较像可独立偶联的氨基酸单体","synthesis-first","CCD连接类型含 peptide linking；分子量 155.2 Da，处于保守的单残基初筛范围内","基于CCD名称、连接类型、分子式和分子量的保守规则分层","该结果用于安排人工审核顺序，不等同于已确认可购、可用于SPPS/LPPS、进入过环肽或具有口服暴露。"
"13E","N-[(2S)-2-amino-3-phenylpropyl]-L-methionine","likely-independent-monomer","结构上较像可独立偶联的氨基酸单体","synthesis-first","CCD连接类型含 peptide linking；分子量 282.4 Da，处于保守的单残基初筛范围内","基于CCD名称、连接类型、分子式和分子量的保守规则分层","该结果用于安排人工审核顺序，不等同于已确认可购、可用于SPPS/LPPS、进入过环肽或具有口服暴露。"
"143","S-2,3-DIHYDRO-5-GLYCIN-2-YL-ISOXAZOL-3-YL-CYSTEINE","likely-independent-monomer","结构上较像可独立偶联的氨基酸单体","synthesis-first","CCD连接类型含 peptide linking；分子量 263.3 Da，处于保守的单残基初筛范围内","基于CCD名称、连接类型、分子式和分子量的保守规则分层","该结果用于安排人工审核顺序，不等同于已确认可购、可用于SPPS/LPPS、进入过环肽或具有口服暴露。"
"175","3,5-DIHYDRO-5-METHYLIDENE-4H-IMIDAZOL-4-ON","likely-independent-monomer","结构上较像可独立偶联的氨基酸单体","synthesis-first","CCD连接类型含 peptide linking；分子量 216.2 Da，处于保守的单残基初筛范围内","基于CCD名称、连接类型、分子式和分子量的保守规则分层","该结果用于安排人工审核顺序，不等同于已确认可购、可用于SPPS/LPPS、进入过环肽或具有口服暴露。"
"193","(2S)-4-(BETA-ALANYLAMINO)-2-AMINOBUTANOIC ACID","likely-independent-monomer","结构上较像可独立偶联的氨基酸单体","synthesis-first","CCD连接类型含 peptide linking；分子量 189.2 Da，处于保守的单残基初筛范围内","基于CCD名称、连接类型、分子式和分子量的保守规则分层","该结果用于安排人工审核顺序，不等同于已确认可购、可用于SPPS/LPPS、进入过环肽或具有口服暴露。"
"19W","5-(aminooxy)-L-norvaline","special-reactive-candidate","带特殊反应基团，需按设计用途核查","use-case-first","名称提示带点击、交联、亲电或其他特殊反应基团；可能有设计价值，但需核对保护策略、化学稳定性与位点选择性","基于CCD名称、连接类型、分子式和分子量的保守规则分层","该结果用于安排人工审核顺序，不等同于已确认可购、可用于SPPS/LPPS、进入过环肽或具有口服暴露。"
"1C3","1-(3,4,5-trimethoxybenzyl)-L-proline","likely-independent-monomer","结构上较像可独立偶联的氨基酸单体","synthesis-first","CCD连接类型含 peptide linking；分子量 295.3 Da，处于保守的单残基初筛范围内","基于CCD名称、连接类型、分子式和分子量的保守规则分层","该结果用于安排人工审核顺序，不等同于已确认可购、可用于SPPS/LPPS、进入过环肽或具有口服暴露。"
"1E3","(2S)-2,9-diaminononanoic acid","likely-independent-monomer","结构上较像可独立偶联的氨基酸单体","synthesis-first","CCD连接类型含 peptide linking；分子量 188.3 Da，处于保守的单残基初筛范围内","基于CCD名称、连接类型、分子式和分子量的保守规则分层","该结果用于安排人工审核顺序，不等同于已确认可购、可用于SPPS/LPPS、进入过环肽或具有口服暴露。"
"1G2","(2S)-2-azido-3-phenylpropanoic acid","special-reactive-candidate","带特殊反应基团，需按设计用途核查","use-case-first","名称提示带点击、交联、亲电或其他特殊反应基团；可能有设计价值，但需核对保护策略、化学稳定性与位点选择性","基于CCD名称、连接类型、分子式和分子量的保守规则分层","该结果用于安排人工审核顺序，不等同于已确认可购、可用于SPPS/LPPS、进入过环肽或具有口服暴露。"
"1G8","4-(aminomethyl)-D-phenylalanine","likely-independent-monomer","结构上较像可独立偶联的氨基酸单体","synthesis-first","CCD连接类型含 peptide linking；分子量 194.2 Da，处于保守的单残基初筛范围内","基于CCD名称、连接类型、分子式和分子量的保守规则分层","该结果用于安排人工审核顺序，不等同于已确认可购、可用于SPPS/LPPS、进入过环肽或具有口服暴露。"
"1IC","O-octanoyl-D-serine","likely-independent-monomer","结构上较像可独立偶联的氨基酸单体","synthesis-first","CCD连接类型含 peptide linking；分子量 231.3 Da，处于保守的单残基初筛范围内","基于CCD名称、连接类型、分子式和分子量的保守规则分层","该结果用于安排人工审核顺序，不等同于已确认可购、可用于SPPS/LPPS、进入过环肽或具有口服暴露。"
"1L1","3-cyclohexyl-N-sulfamoyl-D-alanine","likely-independent-monomer","结构上较像可独立偶联的氨基酸单体","synthesis-first","CCD连接类型含 peptide linking；分子量 250.3 Da，处于保守的单残基初筛范围内","基于CCD名称、连接类型、分子式和分子量的保守规则分层","该结果用于安排人工审核顺序，不等同于已确认可购、可用于SPPS/LPPS、进入过环肽或具有口服暴露。"
"1ME","(2S)-2-AMINO-3-METHYLSULFANYL-BUTANOIC ACID","likely-independent-monomer","结构上较像可独立偶联的氨基酸单体","synthesis-first","CCD连接类型含 peptide linking；分子量 149.2 Da，处于保守的单残基初筛范围内","基于CCD名称、连接类型、分子式和分子量的保守规则分层","该结果用于安排人工审核顺序，不等同于已确认可购、可用于SPPS/LPPS、进入过环肽或具有口服暴露。"
"1MH","3-pyridin-3-yl-L-alanine","likely-independent-monomer","结构上较像可独立偶联的氨基酸单体","synthesis-first","CCD连接类型含 peptide linking；分子量 166.2 Da，处于保守的单残基初筛范围内","基于CCD名称、连接类型、分子式和分子量的保守规则分层","该结果用于安排人工审核顺序，不等同于已确认可购、可用于SPPS/LPPS、进入过环肽或具有口服暴露。"
"1OP","O-(5-hydroxypentyl)-L-tyrosine","likely-independent-monomer","结构上较像可独立偶联的氨基酸单体","synthesis-first","CCD连接类型含 peptide linking；分子量 267.3 Da，处于保守的单残基初筛范围内","基于CCD名称、连接类型、分子式和分子量的保守规则分层","该结果用于安排人工审核顺序，不等同于已确认可购、可用于SPPS/LPPS、进入过环肽或具有口服暴露。"
"1PA","4-(carboxymethyl)-L-phenylalanine","likely-independent-monomer","结构上较像可独立偶联的氨基酸单体","synthesis-first","CCD连接类型含 peptide linking；分子量 223.2 Da，处于保守的单残基初筛范围内","基于CCD名称、连接类型、分子式和分子量的保守规则分层","该结果用于安排人工审核顺序，不等同于已确认可购、可用于SPPS/LPPS、进入过环肽或具有口服暴露。"
"1QI","(2R,4S,5S)-5-azanyl-6-methyl-4-oxidanyl-2-(phenylmethyl)heptanoic acid","likely-independent-monomer","结构上较像可独立偶联的氨基酸单体","synthesis-first","CCD连接类型含 peptide linking；分子量 265.3 Da，处于保守的单残基初筛范围内","基于CCD名称、连接类型、分子式和分子量的保守规则分层","该结果用于安排人工审核顺序，不等同于已确认可购、可用于SPPS/LPPS、进入过环肽或具有口服暴露。"
"1TQ","6-(FORMYLAMINO)-7-HYDROXY-L-TRYPTOPHAN","special-reactive-candidate","带特殊反应基团，需按设计用途核查","use-case-first","名称提示带点击、交联、亲电或其他特殊反应基团；可能有设计价值，但需核对保护策略、化学稳定性与位点选择性","基于CCD名称、连接类型、分子式和分子量的保守规则分层","该结果用于安排人工审核顺序，不等同于已确认可购、可用于SPPS/LPPS、进入过环肽或具有口服暴露。"
"1TX","(2S)-2-amino-7-methoxy-7-oxoheptanoic acid","likely-independent-monomer","结构上较像可独立偶联的氨基酸单体","synthesis-first","CCD连接类型含 peptide linking；分子量 189.2 Da，处于保守的单残基初筛范围内","基于CCD名称、连接类型、分子式和分子量的保守规则分层","该结果用于安排人工审核顺序，不等同于已确认可购、可用于SPPS/LPPS、进入过环肽或具有口服暴露。"
"1U8","(3S)-3-amino-5-[(2,6-dimethylbenzoyl)oxy]-4-oxopentanoic acid","likely-independent-monomer","结构上较像可独立偶联的氨基酸单体","synthesis-first","CCD连接类型含 peptide linking；分子量 279.3 Da，处于保守的单残基初筛范围内","基于CCD名称、连接类型、分子式和分子量的保守规则分层","该结果用于安排人工审核顺序，不等同于已确认可购、可用于SPPS/LPPS、进入过环肽或具有口服暴露。"
"1VR","(3R)-3-amino-4-methylpentanoic acid","likely-independent-monomer","结构上较像可独立偶联的氨基酸单体","synthesis-first","CCD连接类型含 peptide linking；分子量 131.2 Da，处于保守的单残基初筛范围内","基于CCD名称、连接类型、分子式和分子量的保守规则分层","该结果用于安排人工审核顺序，不等同于已确认可购、可用于SPPS/LPPS、进入过环肽或具有口服暴露。"
"1X6","O-[(2E)-3-AMINOPROP-2-ENOYL]-L-SERINE","likely-independent-monomer","结构上较像可独立偶联的氨基酸单体","synthesis-first","CCD连接类型含 peptide linking；分子量 174.2 Da，处于保守的单残基初筛范围内","基于CCD名称、连接类型、分子式和分子量的保守规则分层","该结果用于安排人工审核顺序，不等同于已确认可购、可用于SPPS/LPPS、进入过环肽或具有口服暴露。"
"1XW","(1aS,4S,6aR,7aS)-octahydro-1H-cyclopropa[4,5]pyrrolo[1,2-a]pyrazine-4-carboxylic acid","likely-independent-monomer","结构上较像可独立偶联的氨基酸单体","synthesis-first","CCD连接类型含 peptide linking；分子量 182.2 Da，处于保守的单残基初筛范围内","基于CCD名称、连接类型、分子式和分子量的保守规则分层","该结果用于安排人工审核顺序，不等同于已确认可购、可用于SPPS/LPPS、进入过环肽或具有口服暴露。"
"200","4-CHLORO-L-PHENYLALANINE","likely-independent-monomer","结构上较像可独立偶联的氨基酸单体","synthesis-first","CCD连接类型含 peptide linking；分子量 199.6 Da，处于保守的单残基初筛范围内","基于CCD名称、连接类型、分子式和分子量的保守规则分层","该结果用于安排人工审核顺序，不等同于已确认可购、可用于SPPS/LPPS、进入过环肽或具有口服暴露。"
"23F","(2Z)-2-AMINO-3-PHENYLACRYLIC ACID","likely-independent-monomer","结构上较像可独立偶联的氨基酸单体","synthesis-first","CCD连接类型含 peptide linking；分子量 163.2 Da，处于保守的单残基初筛范围内","基于CCD名称、连接类型、分子式和分子量的保守规则分层","该结果用于安排人工审核顺序，不等同于已确认可购、可用于SPPS/LPPS、进入过环肽或具有口服暴露。"
"23P","3-(propanoylamino)-L-alanine","likely-independent-monomer","结构上较像可独立偶联的氨基酸单体","synthesis-first","CCD连接类型含 peptide linking；分子量 160.2 Da，处于保守的单残基初筛范围内","基于CCD名称、连接类型、分子式和分子量的保守规则分层","该结果用于安排人工审核顺序，不等同于已确认可购、可用于SPPS/LPPS、进入过环肽或具有口服暴露。"
"23S","(S)-2-AMINO-3-(6H-SELENOLO[2,3-B]-PYRROL-4-YL)-PROPIONIC ACID","likely-independent-monomer","结构上较像可独立偶联的氨基酸单体","synthesis-first","CCD连接类型含 peptide linking；分子量 257.1 Da，处于保守的单残基初筛范围内","基于CCD名称、连接类型、分子式和分子量的保守规则分层","该结果用于安排人工审核顺序，不等同于已确认可购、可用于SPPS/LPPS、进入过环肽或具有口服暴露。"
"2AG","(2S)-2-aminopent-4-enoic acid","special-reactive-candidate","带特殊反应基团，需按设计用途核查","use-case-first","名称提示带点击、交联、亲电或其他特殊反应基团；可能有设计价值，但需核对保护策略、化学稳定性与位点选择性","基于CCD名称、连接类型、分子式和分子量的保守规则分层","该结果用于安排人工审核顺序，不等同于已确认可购、可用于SPPS/LPPS、进入过环肽或具有口服暴露。"
"2AS","(2S,3S)-3-methyl-aspartic acid","likely-independent-monomer","结构上较像可独立偶联的氨基酸单体","synthesis-first","CCD连接类型含 peptide linking；分子量 147.1 Da，处于保守的单残基初筛范围内","基于CCD名称、连接类型、分子式和分子量的保守规则分层","该结果用于安排人工审核顺序，不等同于已确认可购、可用于SPPS/LPPS、进入过环肽或具有口服暴露。"
"2CO","S-HYDROPEROXYCYSTEINE","likely-independent-monomer","结构上较像可独立偶联的氨基酸单体","synthesis-first","CCD连接类型含 peptide linking；分子量 153.2 Da，处于保守的单残基初筛范围内","基于CCD名称、连接类型、分子式和分子量的保守规则分层","该结果用于安排人工审核顺序，不等同于已确认可购、可用于SPPS/LPPS、进入过环肽或具有口服暴露。"
"2FM","S-(DIFLUOROMETHYL)HOMOCYSTEINE","likely-independent-monomer","结构上较像可独立偶联的氨基酸单体","synthesis-first","CCD连接类型含 peptide linking；分子量 185.2 Da，处于保守的单残基初筛范围内","基于CCD名称、连接类型、分子式和分子量的保守规则分层","该结果用于安排人工审核顺序，不等同于已确认可购、可用于SPPS/LPPS、进入过环肽或具有口服暴露。"
"2GX","beta-phenyl-L-phenylalanine","likely-independent-monomer","结构上较像可独立偶联的氨基酸单体","synthesis-first","CCD连接类型含 peptide linking；分子量 241.3 Da，处于保守的单残基初筛范围内","基于CCD名称、连接类型、分子式和分子量的保守规则分层","该结果用于安排人工审核顺序，不等同于已确认可购、可用于SPPS/LPPS、进入过环肽或具有口服暴露。"
"2HF","2-fluoro-L-histidine","likely-independent-monomer","结构上较像可独立偶联的氨基酸单体","synthesis-first","CCD连接类型含 peptide linking；分子量 174.2 Da，处于保守的单残基初筛范围内","基于CCD名称、连接类型、分子式和分子量的保守规则分层","该结果用于安排人工审核顺序，不等同于已确认可购、可用于SPPS/LPPS、进入过环肽或具有口服暴露。"
"2JC","N-ethylglycine","likely-independent-monomer","结构上较像可独立偶联的氨基酸单体","synthesis-first","CCD连接类型含 peptide linking；分子量 103.1 Da，处于保守的单残基初筛范围内","基于CCD名称、连接类型、分子式和分子量的保守规则分层","该结果用于安排人工审核顺序，不等同于已确认可购、可用于SPPS/LPPS、进入过环肽或具有口服暴露。"
"2JF","(2S)-2-amino-3-oxopropyl 4-{[(2S)-2-hydroxy-4-methylpentanoyl]amino}butanoate","likely-independent-monomer","结构上较像可独立偶联的氨基酸单体","synthesis-first","CCD连接类型含 peptide linking；分子量 288.3 Da，处于保守的单残基初筛范围内","基于CCD名称、连接类型、分子式和分子量的保守规则分层","该结果用于安排人工审核顺序，不等同于已确认可购、可用于SPPS/LPPS、进入过环肽或具有口服暴露。"
"2JG","(2S)-2-amino-3-oxopropyl hexanoate","likely-independent-monomer","结构上较像可独立偶联的氨基酸单体","synthesis-first","CCD连接类型含 peptide linking；分子量 187.2 Da，处于保守的单残基初筛范围内","基于CCD名称、连接类型、分子式和分子量的保守规则分层","该结果用于安排人工审核顺序，不等同于已确认可购、可用于SPPS/LPPS、进入过环肽或具有口服暴露。"
"2KK","N~6~-(4-fluorobenzoyl)-L-lysine","likely-independent-monomer","结构上较像可独立偶联的氨基酸单体","synthesis-first","CCD连接类型含 peptide linking；分子量 268.3 Da，处于保守的单残基初筛范围内","基于CCD名称、连接类型、分子式和分子量的保守规则分层","该结果用于安排人工审核顺序，不等同于已确认可购、可用于SPPS/LPPS、进入过环肽或具有口服暴露。"
"2KZ","2-amino maleic acid","likely-independent-monomer","结构上较像可独立偶联的氨基酸单体","synthesis-first","CCD连接类型含 peptide linking；分子量 131.1 Da，处于保守的单残基初筛范围内","基于CCD名称、连接类型、分子式和分子量的保守规则分层","该结果用于安排人工审核顺序，不等同于已确认可购、可用于SPPS/LPPS、进入过环肽或具有口服暴露。"
"2L5","2-chloro-L-phenylalanine","likely-independent-monomer","结构上较像可独立偶联的氨基酸单体","synthesis-first","CCD连接类型含 peptide linking；分子量 199.6 Da，处于保守的单残基初筛范围内","基于CCD名称、连接类型、分子式和分子量的保守规则分层","该结果用于安排人工审核顺序，不等同于已确认可购、可用于SPPS/LPPS、进入过环肽或具有口服暴露。"
"2L9","(3aR,5aS,8S,10aS)-10-oxo-1,2,3,3a,5a,8,10,10a-octahydrodipyrrolo[1,2-a:3',2'-e]azepine-8-carboxylic acid","likely-independent-monomer","结构上较像可独立偶联的氨基酸单体","synthesis-first","CCD连接类型含 peptide linking；分子量 234.3 Da，处于保守的单残基初筛范围内","基于CCD名称、连接类型、分子式和分子量的保守规则分层","该结果用于安排人工审核顺序，不等同于已确认可购、可用于SPPS/LPPS、进入过环肽或具有口服暴露。"
"2LT","3,5-dichloro-L-tyrosine","likely-independent-monomer","结构上较像可独立偶联的氨基酸单体","synthesis-first","CCD连接类型含 peptide linking；分子量 250.1 Da，处于保守的单残基初筛范围内","基于CCD名称、连接类型、分子式和分子量的保守规则分层","该结果用于安排人工审核顺序，不等同于已确认可购、可用于SPPS/LPPS、进入过环肽或具有口服暴露。"
"2ML","2-METHYLLEUCINE","likely-independent-monomer","结构上较像可独立偶联的氨基酸单体","synthesis-first","CCD连接类型含 peptide linking；分子量 145.2 Da，处于保守的单残基初筛范围内","基于CCD名称、连接类型、分子式和分子量的保守规则分层","该结果用于安排人工审核顺序，不等同于已确认可购、可用于SPPS/LPPS、进入过环肽或具有口服暴露。"
"2MR","N3, N4-DIMETHYLARGININE","likely-independent-monomer","结构上较像可独立偶联的氨基酸单体","synthesis-first","CCD连接类型含 peptide linking；分子量 202.3 Da，处于保守的单残基初筛范围内","基于CCD名称、连接类型、分子式和分子量的保守规则分层","该结果用于安排人工审核顺序，不等同于已确认可购、可用于SPPS/LPPS、进入过环肽或具有口服暴露。"
"2MT","(4R)-2,2-DIMETHYL-1,3-THIAZOLIDINE-4-CARBOXYLIC ACID","likely-independent-monomer","结构上较像可独立偶联的氨基酸单体","synthesis-first","CCD连接类型含 peptide linking；分子量 161.2 Da，处于保守的单残基初筛范围内","基于CCD名称、连接类型、分子式和分子量的保守规则分层","该结果用于安排人工审核顺序，不等同于已确认可购、可用于SPPS/LPPS、进入过环肽或具有口服暴露。"
"2OR","amino{[(2R,3R,4S)-4-amino-2,3,5-trihydroxy-5-oxopentyl]amino}methaniminium","likely-independent-monomer","结构上较像可独立偶联的氨基酸单体","synthesis-first","CCD连接类型含 peptide linking；分子量 207.2 Da，处于保守的单残基初筛范围内","基于CCD名称、连接类型、分子式和分子量的保守规则分层","该结果用于安排人工审核顺序，不等同于已确认可购、可用于SPPS/LPPS、进入过环肽或具有口服暴露。"
"2QD","(4R)-4-[3-(methylamino)-3-oxopropyl]-L-glutamic acid","likely-independent-monomer","结构上较像可独立偶联的氨基酸单体","synthesis-first","CCD连接类型含 peptide linking；分子量 232.2 Da，处于保守的单残基初筛范围内","基于CCD名称、连接类型、分子式和分子量的保守规则分层","该结果用于安排人工审核顺序，不等同于已确认可购、可用于SPPS/LPPS、进入过环肽或具有口服暴露。"
"2QY","(2Z)-3-(4-hydroxyphenyl)-2-(methylamino)prop-2-enoic acid","likely-independent-monomer","结构上较像可独立偶联的氨基酸单体","synthesis-first","CCD连接类型含 peptide linking；分子量 193.2 Da，处于保守的单残基初筛范围内","基于CCD名称、连接类型、分子式和分子量的保守规则分层","该结果用于安排人工审核顺序，不等同于已确认可购、可用于SPPS/LPPS、进入过环肽或具有口服暴露。"
"2QZ","N,N-dimethyl-L-threonine","likely-independent-monomer","结构上较像可独立偶联的氨基酸单体","synthesis-first","CCD连接类型含 peptide linking；分子量 147.2 Da，处于保守的单残基初筛范围内","基于CCD名称、连接类型、分子式和分子量的保守规则分层","该结果用于安排人工审核顺序，不等同于已确认可购、可用于SPPS/LPPS、进入过环肽或具有口服暴露。"
"2R1","(2E)-2-amino-4-hydroxy-3-[(2R)-oxiran-2-yl]but-2-enoic acid","likely-independent-monomer","结构上较像可独立偶联的氨基酸单体","synthesis-first","CCD连接类型含 peptide linking；分子量 159.1 Da，处于保守的单残基初筛范围内","基于CCD名称、连接类型、分子式和分子量的保守规则分层","该结果用于安排人工审核顺序，不等同于已确认可购、可用于SPPS/LPPS、进入过环肽或具有口服暴露。"
"2R3","(betaR)-beta-hydroxy-O-methyl-L-tyrosine","likely-independent-monomer","结构上较像可独立偶联的氨基酸单体","synthesis-first","CCD连接类型含 peptide linking；分子量 211.2 Da，处于保守的单残基初筛范围内","基于CCD名称、连接类型、分子式和分子量的保守规则分层","该结果用于安排人工审核顺序，不等同于已确认可购、可用于SPPS/LPPS、进入过环肽或具有口服暴露。"
"2YC","N~6~-{[(2S,3S)-3-methyl-3,4-dihydro-2H-pyrrol-2-yl]carbonyl}-L-lysine","likely-independent-monomer","结构上较像可独立偶联的氨基酸单体","synthesis-first","CCD连接类型含 peptide linking；分子量 255.3 Da，处于保守的单残基初筛范围内","基于CCD名称、连接类型、分子式和分子量的保守规则分层","该结果用于安排人工审核顺序，不等同于已确认可购、可用于SPPS/LPPS、进入过环肽或具有口服暴露。"
"2YF","N~6~-[(2R)-2,3,4,5-tetrahydropyridin-2-ylcarbonyl]-L-lysine","likely-independent-monomer","结构上较像可独立偶联的氨基酸单体","synthesis-first","CCD连接类型含 peptide linking；分子量 255.3 Da，处于保守的单残基初筛范围内","基于CCD名称、连接类型、分子式和分子量的保守规则分层","该结果用于安排人工审核顺序，不等同于已确认可购、可用于SPPS/LPPS、进入过环肽或具有口服暴露。"
"2YG","N~6~-L-lysyl-L-lysine","likely-independent-monomer","结构上较像可独立偶联的氨基酸单体","synthesis-first","CCD连接类型含 peptide linking；分子量 274.4 Da，处于保守的单残基初筛范围内","基于CCD名称、连接类型、分子式和分子量的保守规则分层","该结果用于安排人工审核顺序，不等同于已确认可购、可用于SPPS/LPPS、进入过环肽或具有口服暴露。"
"2YH","N~5~-D-ornithyl-L-ornithine","likely-independent-monomer","结构上较像可独立偶联的氨基酸单体","synthesis-first","CCD连接类型含 peptide linking；分子量 246.3 Da，处于保守的单残基初筛范围内","基于CCD名称、连接类型、分子式和分子量的保守规则分层","该结果用于安排人工审核顺序，不等同于已确认可购、可用于SPPS/LPPS、进入过环肽或具有口服暴露。"
"2YJ","N~5~-D-lysyl-L-ornithine","likely-independent-monomer","结构上较像可独立偶联的氨基酸单体","synthesis-first","CCD连接类型含 peptide linking；分子量 260.3 Da，处于保守的单残基初筛范围内","基于CCD名称、连接类型、分子式和分子量的保守规则分层","该结果用于安排人工审核顺序，不等同于已确认可购、可用于SPPS/LPPS、进入过环肽或具有口服暴露。"
"2ZC","O-{[4-(2-aminoethyl)phenyl]sulfonyl}-L-serine","likely-independent-monomer","结构上较像可独立偶联的氨基酸单体","synthesis-first","CCD连接类型含 peptide linking；分子量 288.3 Da，处于保守的单残基初筛范围内","基于CCD名称、连接类型、分子式和分子量的保守规则分层","该结果用于安排人工审核顺序，不等同于已确认可购、可用于SPPS/LPPS、进入过环肽或具有口服暴露。"
"30F","(2Z)-2-amino-3-selanylprop-2-enoic acid","likely-independent-monomer","结构上较像可独立偶联的氨基酸单体","synthesis-first","CCD连接类型含 peptide linking；分子量 166.0 Da，处于保守的单残基初筛范围内","基于CCD名称、连接类型、分子式和分子量的保守规则分层","该结果用于安排人工审核顺序，不等同于已确认可购、可用于SPPS/LPPS、进入过环肽或具有口服暴露。"
"32S","6-Seleno-tryptophan","likely-independent-monomer","结构上较像可独立偶联的氨基酸单体","synthesis-first","CCD连接类型含 peptide linking；分子量 257.1 Da，处于保守的单残基初筛范围内","基于CCD名称、连接类型、分子式和分子量的保守规则分层","该结果用于安排人工审核顺序，不等同于已确认可购、可用于SPPS/LPPS、进入过环肽或具有口服暴露。"
"32T","(S)-2-AMINO-3-(4H-THIENO[3,2-B]-PYRROL-6-YL)-PROPIONIC ACID","likely-independent-monomer","结构上较像可独立偶联的氨基酸单体","synthesis-first","CCD连接类型含 peptide linking；分子量 210.3 Da，处于保守的单残基初筛范围内","基于CCD名称、连接类型、分子式和分子量的保守规则分层","该结果用于安排人工审核顺序，不等同于已确认可购、可用于SPPS/LPPS、进入过环肽或具有口服暴露。"
"33S","3-iodo-L-phenylalanine","likely-independent-monomer","结构上较像可独立偶联的氨基酸单体","synthesis-first","CCD连接类型含 peptide linking；分子量 291.1 Da，处于保守的单残基初筛范围内","基于CCD名称、连接类型、分子式和分子量的保守规则分层","该结果用于安排人工审核顺序，不等同于已确认可购、可用于SPPS/LPPS、进入过环肽或具有口服暴露。"
"33W","3-(5-bromothiophen-2-yl)-L-alanine","likely-independent-monomer","结构上较像可独立偶联的氨基酸单体","synthesis-first","CCD连接类型含 peptide linking；分子量 250.1 Da，处于保守的单残基初筛范围内","基于CCD名称、连接类型、分子式和分子量的保守规则分层","该结果用于安排人工审核顺序，不等同于已确认可购、可用于SPPS/LPPS、进入过环肽或具有口服暴露。"
"34E","(3R)-4-[4-(2-methoxyethyl)piperazin-1-yl]-N-methyl-L-valine","likely-independent-monomer","结构上较像可独立偶联的氨基酸单体","synthesis-first","CCD连接类型含 peptide linking；分子量 273.4 Da，处于保守的单残基初筛范围内","基于CCD名称、连接类型、分子式和分子量的保守规则分层","该结果用于安排人工审核顺序，不等同于已确认可购、可用于SPPS/LPPS、进入过环肽或具有口服暴露。"
"3A5","(2Z,4S)-3-AZA-5-CARBOXYL-2-METHYL-4(METHYLCARBOXY)PENT-2-ENOYL","likely-independent-monomer","结构上较像可独立偶联的氨基酸单体","synthesis-first","CCD连接类型含 peptide linking；分子量 217.2 Da，处于保守的单残基初筛范围内","基于CCD名称、连接类型、分子式和分子量的保守规则分层","该结果用于安排人工审核顺序，不等同于已确认可购、可用于SPPS/LPPS、进入过环肽或具有口服暴露。"
"3AR","N-OMEGA-PROPYL-L-ARGININE","likely-independent-monomer","结构上较像可独立偶联的氨基酸单体","synthesis-first","CCD连接类型含 peptide linking；分子量 217.3 Da，处于保守的单残基初筛范围内","基于CCD名称、连接类型、分子式和分子量的保守规则分层","该结果用于安排人工审核顺序，不等同于已确认可购、可用于SPPS/LPPS、进入过环肽或具有口服暴露。"
"3CF","3-cyano-L-phenylalanine","likely-independent-monomer","结构上较像可独立偶联的氨基酸单体","synthesis-first","CCD连接类型含 peptide linking；分子量 190.2 Da，处于保守的单残基初筛范围内","基于CCD名称、连接类型、分子式和分子量的保守规则分层","该结果用于安排人工审核顺序，不等同于已确认可购、可用于SPPS/LPPS、进入过环肽或具有口服暴露。"
"3CT","3-chloro-L-tyrosine","likely-independent-monomer","结构上较像可独立偶联的氨基酸单体","synthesis-first","CCD连接类型含 peptide linking；分子量 215.6 Da，处于保守的单残基初筛范围内","基于CCD名称、连接类型、分子式和分子量的保守规则分层","该结果用于安排人工审核顺序，不等同于已确认可购、可用于SPPS/LPPS、进入过环肽或具有口服暴露。"
"3EG","(2S)-2-amino-4,4,4-trifluorobutanoic acid","likely-independent-monomer","结构上较像可独立偶联的氨基酸单体","synthesis-first","CCD连接类型含 peptide linking；分子量 157.1 Da，处于保守的单残基初筛范围内","基于CCD名称、连接类型、分子式和分子量的保守规则分层","该结果用于安排人工审核顺序，不等同于已确认可购、可用于SPPS/LPPS、进入过环肽或具有口服暴露。"
"3FG","(2S)-amino(3,5-dihydroxyphenyl)ethanoic acid","likely-independent-monomer","结构上较像可独立偶联的氨基酸单体","synthesis-first","CCD连接类型含 peptide linking；分子量 183.2 Da，处于保守的单残基初筛范围内","基于CCD名称、连接类型、分子式和分子量的保守规则分层","该结果用于安排人工审核顺序，不等同于已确认可购、可用于SPPS/LPPS、进入过环肽或具有口服暴露。"
"3GL","(2S,4S)-2-amino-4-hydroxy-pentanedioic acid","likely-independent-monomer","结构上较像可独立偶联的氨基酸单体","synthesis-first","CCD连接类型含 peptide linking；分子量 163.1 Da，处于保守的单残基初筛范围内","基于CCD名称、连接类型、分子式和分子量的保守规则分层","该结果用于安排人工审核顺序，不等同于已确认可购、可用于SPPS/LPPS、进入过环肽或具有口服暴露。"
"3K4","(2S,3S)-3-methylaziridine-2-carboxylic acid","likely-independent-monomer","结构上较像可独立偶联的氨基酸单体","synthesis-first","CCD连接类型含 peptide linking；分子量 101.1 Da，处于保守的单残基初筛范围内","基于CCD名称、连接类型、分子式和分子量的保守规则分层","该结果用于安排人工审核顺序，不等同于已确认可购、可用于SPPS/LPPS、进入过环肽或具有口服暴露。"
"3O3","N-[(3S)-3-amino-3-carboxypropyl]-L-glutamic acid","likely-independent-monomer","结构上较像可独立偶联的氨基酸单体","synthesis-first","CCD连接类型含 peptide linking；分子量 248.2 Da，处于保守的单残基初筛范围内","基于CCD名称、连接类型、分子式和分子量的保守规则分层","该结果用于安排人工审核顺序，不等同于已确认可购、可用于SPPS/LPPS、进入过环肽或具有口服暴露。"
"3PM","O-tert-butyl-D-serine","likely-independent-monomer","结构上较像可独立偶联的氨基酸单体","synthesis-first","CCD连接类型含 peptide linking；分子量 161.2 Da，处于保守的单残基初筛范围内","基于CCD名称、连接类型、分子式和分子量的保守规则分层","该结果用于安排人工审核顺序，不等同于已确认可购、可用于SPPS/LPPS、进入过环肽或具有口服暴露。"
"3WS","N,2-dimethyl-L-alanine","likely-independent-monomer","结构上较像可独立偶联的氨基酸单体","synthesis-first","CCD连接类型含 peptide linking；分子量 117.1 Da，处于保守的单残基初筛范围内","基于CCD名称、连接类型、分子式和分子量的保守规则分层","该结果用于安排人工审核顺序，不等同于已确认可购、可用于SPPS/LPPS、进入过环肽或具有口服暴露。"
"3XH","3-Hydroxyhippuric acid","likely-independent-monomer","结构上较像可独立偶联的氨基酸单体","synthesis-first","CCD连接类型含 peptide linking；分子量 195.2 Da，处于保守的单残基初筛范围内","基于CCD名称、连接类型、分子式和分子量的保守规则分层","该结果用于安排人工审核顺序，不等同于已确认可购、可用于SPPS/LPPS、进入过环肽或具有口服暴露。"
"3YM","3-methoxy-L-tyrosine","likely-independent-monomer","结构上较像可独立偶联的氨基酸单体","synthesis-first","CCD连接类型含 peptide linking；分子量 211.2 Da，处于保守的单残基初筛范围内","基于CCD名称、连接类型、分子式和分子量的保守规则分层","该结果用于安排人工审核顺序，不等同于已确认可购、可用于SPPS/LPPS、进入过环肽或具有口服暴露。"
"3ZL","N~6~-[(1Z)-4-amino-3-oxopenta-1,4-dien-1-yl]-L-lysine","likely-independent-monomer","结构上较像可独立偶联的氨基酸单体","synthesis-first","CCD连接类型含 peptide linking；分子量 241.3 Da，处于保守的单残基初筛范围内","基于CCD名称、连接类型、分子式和分子量的保守规则分层","该结果用于安排人工审核顺序，不等同于已确认可购、可用于SPPS/LPPS、进入过环肽或具有口服暴露。"
"41H","(betaS)-beta-methyl-L-phenylalanine","likely-independent-monomer","结构上较像可独立偶联的氨基酸单体","synthesis-first","CCD连接类型含 peptide linking；分子量 179.2 Da，处于保守的单残基初筛范围内","基于CCD名称、连接类型、分子式和分子量的保守规则分层","该结果用于安排人工审核顺序，不等同于已确认可购、可用于SPPS/LPPS、进入过环肽或具有口服暴露。"
"41Q","4-imino-L-homoserine","likely-independent-monomer","结构上较像可独立偶联的氨基酸单体","synthesis-first","CCD连接类型含 peptide linking；分子量 132.1 Da，处于保守的单残基初筛范围内","基于CCD名称、连接类型、分子式和分子量的保守规则分层","该结果用于安排人工审核顺序，不等同于已确认可购、可用于SPPS/LPPS、进入过环肽或具有口服暴露。"
"432","O-butanoyl-L-serine","likely-independent-monomer","结构上较像可独立偶联的氨基酸单体","synthesis-first","CCD连接类型含 peptide linking；分子量 175.2 Da，处于保守的单残基初筛范围内","基于CCD名称、连接类型、分子式和分子量的保守规则分层","该结果用于安排人工审核顺序，不等同于已确认可购、可用于SPPS/LPPS、进入过环肽或具有口服暴露。"
"4AF","4-ACETYL-L-PHENYLALANINE","likely-independent-monomer","结构上较像可独立偶联的氨基酸单体","synthesis-first","CCD连接类型含 peptide linking；分子量 207.2 Da，处于保守的单残基初筛范围内","基于CCD名称、连接类型、分子式和分子量的保守规则分层","该结果用于安排人工审核顺序，不等同于已确认可购、可用于SPPS/LPPS、进入过环肽或具有口服暴露。"
"4AK","N~6~-sulfo-L-lysine","likely-independent-monomer","结构上较像可独立偶联的氨基酸单体","synthesis-first","CCD连接类型含 peptide linking；分子量 226.3 Da，处于保守的单残基初筛范围内","基于CCD名称、连接类型、分子式和分子量的保守规则分层","该结果用于安排人工审核顺序，不等同于已确认可购、可用于SPPS/LPPS、进入过环肽或具有口服暴露。"
"4AW","4-AZATRYPTOPHAN","likely-independent-monomer","结构上较像可独立偶联的氨基酸单体","synthesis-first","CCD连接类型含 peptide linking；分子量 205.2 Da，处于保守的单残基初筛范围内","基于CCD名称、连接类型、分子式和分子量的保守规则分层","该结果用于安排人工审核顺序，不等同于已确认可购、可用于SPPS/LPPS、进入过环肽或具有口服暴露。"
"4BF","4-BROMO-L-PHENYLALANINE","likely-independent-monomer","结构上较像可独立偶联的氨基酸单体","synthesis-first","CCD连接类型含 peptide linking；分子量 244.1 Da，处于保守的单残基初筛范围内","基于CCD名称、连接类型、分子式和分子量的保守规则分层","该结果用于安排人工审核顺序，不等同于已确认可购、可用于SPPS/LPPS、进入过环肽或具有口服暴露。"
"4CF","4-cyano-L-phenylalanine","likely-independent-monomer","结构上较像可独立偶联的氨基酸单体","synthesis-first","CCD连接类型含 peptide linking；分子量 190.2 Da，处于保守的单残基初筛范围内","基于CCD名称、连接类型、分子式和分子量的保守规则分层","该结果用于安排人工审核顺序，不等同于已确认可购、可用于SPPS/LPPS、进入过环肽或具有口服暴露。"
"4CY","nitrilo-L-methionine","likely-independent-monomer","结构上较像可独立偶联的氨基酸单体","synthesis-first","CCD连接类型含 peptide linking；分子量 160.2 Da，处于保守的单残基初筛范围内","基于CCD名称、连接类型、分子式和分子量的保守规则分层","该结果用于安排人工审核顺序，不等同于已确认可购、可用于SPPS/LPPS、进入过环肽或具有口服暴露。"
"4D4","(2S,3R)-2-azanyl-5-carbamimidamido-3-oxidanyl-pentanoic acid","likely-independent-monomer","结构上较像可独立偶联的氨基酸单体","synthesis-first","CCD连接类型含 peptide linking；分子量 190.2 Da，处于保守的单残基初筛范围内","基于CCD名称、连接类型、分子式和分子量的保守规则分层","该结果用于安排人工审核顺序，不等同于已确认可购、可用于SPPS/LPPS、进入过环肽或具有口服暴露。"
"4DB","(2S)-2-amino-4-[5-(dimethylamino)-1,3-dioxo-1,3-dihydro-2H-isoindol-2-yl]butanoic acid","likely-independent-monomer","结构上较像可独立偶联的氨基酸单体","synthesis-first","CCD连接类型含 peptide linking；分子量 291.3 Da，处于保守的单残基初筛范围内","基于CCD名称、连接类型、分子式和分子量的保守规则分层","该结果用于安排人工审核顺序，不等同于已确认可购、可用于SPPS/LPPS、进入过环肽或具有口服暴露。"
"4DP","3-[5-(DIMETHYLAMINO)-1,3-DIOXO-1,3-DIHYDRO-2H-ISOINDOL-2-YL]-L-ALANINE","likely-independent-monomer","结构上较像可独立偶联的氨基酸单体","synthesis-first","CCD连接类型含 peptide linking；分子量 277.3 Da，处于保守的单残基初筛范围内","基于CCD名称、连接类型、分子式和分子量的保守规则分层","该结果用于安排人工审核顺序，不等同于已确认可购、可用于SPPS/LPPS、进入过环肽或具有口服暴露。"
"4FW","4-FLUOROTRYPTOPHANE","likely-independent-monomer","结构上较像可独立偶联的氨基酸单体","synthesis-first","CCD连接类型含 peptide linking；分子量 222.2 Da，处于保守的单残基初筛范围内","基于CCD名称、连接类型、分子式和分子量的保守规则分层","该结果用于安排人工审核顺序，不等同于已确认可购、可用于SPPS/LPPS、进入过环肽或具有口服暴露。"
"4GJ","3-(pyridin-4-yldisulfanyl)-L-alanine","likely-independent-monomer","结构上较像可独立偶联的氨基酸单体","synthesis-first","CCD连接类型含 peptide linking；分子量 230.3 Da，处于保守的单残基初筛范围内","基于CCD名称、连接类型、分子式和分子量的保守规则分层","该结果用于安排人工审核顺序，不等同于已确认可购、可用于SPPS/LPPS、进入过环肽或具有口服暴露。"
"4HT","4-HYDROXYTRYPTOPHAN","likely-independent-monomer","结构上较像可独立偶联的氨基酸单体","synthesis-first","CCD连接类型含 peptide linking；分子量 220.2 Da，处于保守的单残基初筛范围内","基于CCD名称、连接类型、分子式和分子量的保守规则分层","该结果用于安排人工审核顺序，不等同于已确认可购、可用于SPPS/LPPS、进入过环肽或具有口服暴露。"
"4II","(2~{S})-2-azanyl-3-(4-azidophenyl)propanoic acid","special-reactive-candidate","带特殊反应基团，需按设计用途核查","use-case-first","名称提示带点击、交联、亲电或其他特殊反应基团；可能有设计价值，但需核对保护策略、化学稳定性与位点选择性","基于CCD名称、连接类型、分子式和分子量的保守规则分层","该结果用于安排人工审核顺序，不等同于已确认可购、可用于SPPS/LPPS、进入过环肽或具有口服暴露。"
"4IN","4-AMINO-L-TRYPTOPHAN","likely-independent-monomer","结构上较像可独立偶联的氨基酸单体","synthesis-first","CCD连接类型含 peptide linking；分子量 219.2 Da，处于保守的单残基初筛范围内","基于CCD名称、连接类型、分子式和分子量的保守规则分层","该结果用于安排人工审核顺序，不等同于已确认可购、可用于SPPS/LPPS、进入过环肽或具有口服暴露。"
"4J5","amino{[(3S)-3-amino-3-carboxypropyl]amino}methaniminium","likely-independent-monomer","结构上较像可独立偶联的氨基酸单体","synthesis-first","CCD连接类型含 peptide linking；分子量 161.2 Da，处于保守的单残基初筛范围内","基于CCD名称、连接类型、分子式和分子量的保守规则分层","该结果用于安排人工审核顺序，不等同于已确认可购、可用于SPPS/LPPS、进入过环肽或具有口服暴露。"
"4KY","(4R)-1-acetyl-4-(oct-7-en-1-yloxy)-L-proline","likely-independent-monomer","结构上较像可独立偶联的氨基酸单体","synthesis-first","CCD连接类型含 peptide linking；分子量 283.4 Da，处于保守的单残基初筛范围内","基于CCD名称、连接类型、分子式和分子量的保守规则分层","该结果用于安排人工审核顺序，不等同于已确认可购、可用于SPPS/LPPS、进入过环肽或具有口服暴露。"
"4L0","(4R)-1-acetyl-4-(hexyloxy)-L-proline","strong-nonmonomer-signal","存在较强的非普通单体信号","exclude-first","名称含辅因子、核苷／核苷酸、缀合物或其他非普通单体词","基于CCD名称、连接类型、分子式和分子量的保守规则分层","该结果用于安排人工审核顺序，不等同于已确认可购、可用于SPPS/LPPS、进入过环肽或具有口服暴露。"
"4L8","(2R)-2-(aminomethyl)-4-methylpentanoic acid","likely-independent-monomer","结构上较像可独立偶联的氨基酸单体","synthesis-first","CCD连接类型含 peptide linking；分子量 145.2 Da，处于保守的单残基初筛范围内","基于CCD名称、连接类型、分子式和分子量的保守规则分层","该结果用于安排人工审核顺序，不等同于已确认可购、可用于SPPS/LPPS、进入过环肽或具有口服暴露。"
"4LZ","O-[2-(triaza-1,2-dien-2-ium-1-yl)ethyl]-L-tyrosine","likely-independent-monomer","结构上较像可独立偶联的氨基酸单体","synthesis-first","CCD连接类型含 peptide linking；分子量 251.3 Da，处于保守的单残基初筛范围内","基于CCD名称、连接类型、分子式和分子量的保守规则分层","该结果用于安排人工审核顺序，不等同于已确认可购、可用于SPPS/LPPS、进入过环肽或具有口服暴露。"
"4OG","3-(1-benzothiophen-3-yl)-L-alanine","likely-independent-monomer","结构上较像可独立偶联的氨基酸单体","synthesis-first","CCD连接类型含 peptide linking；分子量 221.3 Da，处于保守的单残基初筛范围内","基于CCD名称、连接类型、分子式和分子量的保守规则分层","该结果用于安排人工审核顺序，不等同于已确认可购、可用于SPPS/LPPS、进入过环肽或具有口服暴露。"
"4OP","(2S,4S)-2-carboxy-4-hydroxy-1,1-dimethylpyrrolidinium","likely-independent-monomer","结构上较像可独立偶联的氨基酸单体","synthesis-first","CCD连接类型含 peptide linking；分子量 160.2 Da，处于保守的单残基初筛范围内","基于CCD名称、连接类型、分子式和分子量的保守规则分层","该结果用于安排人工审核顺序，不等同于已确认可购、可用于SPPS/LPPS、进入过环肽或具有口服暴露。"
"4OU","4-(acryloylamino)-L-phenylalanine","likely-independent-monomer","结构上较像可独立偶联的氨基酸单体","synthesis-first","CCD连接类型含 peptide linking；分子量 234.3 Da，处于保守的单残基初筛范围内","基于CCD名称、连接类型、分子式和分子量的保守规则分层","该结果用于安排人工审核顺序，不等同于已确认可购、可用于SPPS/LPPS、进入过环肽或具有口服暴露。"
"4PH","4-methyl-L-phenylalanine","likely-independent-monomer","结构上较像可独立偶联的氨基酸单体","synthesis-first","CCD连接类型含 peptide linking；分子量 179.2 Da，处于保守的单残基初筛范围内","基于CCD名称、连接类型、分子式和分子量的保守规则分层","该结果用于安排人工审核顺序，不等同于已确认可购、可用于SPPS/LPPS、进入过环肽或具有口服暴露。"
"4PQ","5-hydroxy-L-tryptophan","likely-independent-monomer","结构上较像可独立偶联的氨基酸单体","synthesis-first","CCD连接类型含 peptide linking；分子量 220.2 Da，处于保守的单残基初筛范围内","基于CCD名称、连接类型、分子式和分子量的保守规则分层","该结果用于安排人工审核顺序，不等同于已确认可购、可用于SPPS/LPPS、进入过环肽或具有口服暴露。"
"4QK","6-[4-(2-aminoethyl)-1H-1,2,3-triazol-1-yl]-L-norleucine","likely-independent-monomer","结构上较像可独立偶联的氨基酸单体","synthesis-first","CCD连接类型含 peptide linking；分子量 241.3 Da，处于保守的单残基初筛范围内","基于CCD名称、连接类型、分子式和分子量的保守规则分层","该结果用于安排人工审核顺序，不等同于已确认可购、可用于SPPS/LPPS、进入过环肽或具有口服暴露。"
"4SJ","N,beta,beta-trimethyl-L-phenylalanine","likely-independent-monomer","结构上较像可独立偶联的氨基酸单体","synthesis-first","CCD连接类型含 peptide linking；分子量 207.3 Da，处于保守的单残基初筛范围内","基于CCD名称、连接类型、分子式和分子量的保守规则分层","该结果用于安排人工审核顺序，不等同于已确认可购、可用于SPPS/LPPS、进入过环肽或具有口服暴露。"
"4U7","[(5S)-5-amino-5-carboxy-6,6-difluorohexyl](trihydroxy)borate(1-)","likely-independent-monomer","结构上较像可独立偶联的氨基酸单体","synthesis-first","CCD连接类型含 peptide linking；分子量 242.0 Da，处于保守的单残基初筛范围内","基于CCD名称、连接类型、分子式和分子量的保守规则分层","该结果用于安排人工审核顺序，不等同于已确认可购、可用于SPPS/LPPS、进入过环肽或具有口服暴露。"
"4UD","(2S)-amino[(5S)-4,5-dihydro-1,2-oxazol-5-yl]acetic acid","likely-independent-monomer","结构上较像可独立偶联的氨基酸单体","synthesis-first","CCD连接类型含 peptide linking；分子量 144.1 Da，处于保守的单残基初筛范围内","基于CCD名称、连接类型、分子式和分子量的保守规则分层","该结果用于安排人工审核顺序，不等同于已确认可购、可用于SPPS/LPPS、进入过环肽或具有口服暴露。"
"4WQ","(2S)-2-amino-7,7-dimethyloctanoic acid","likely-independent-monomer","结构上较像可独立偶联的氨基酸单体","synthesis-first","CCD连接类型含 peptide linking；分子量 187.3 Da，处于保守的单残基初筛范围内","基于CCD名称、连接类型、分子式和分子量的保守规则分层","该结果用于安排人工审核顺序，不等同于已确认可购、可用于SPPS/LPPS、进入过环肽或具有口服暴露。"
"51T","2,3,6-trifluoro-L-tyrosine","likely-independent-monomer","结构上较像可独立偶联的氨基酸单体","synthesis-first","CCD连接类型含 peptide linking；分子量 235.2 Da，处于保守的单残基初筛范围内","基于CCD名称、连接类型、分子式和分子量的保守规则分层","该结果用于安排人工审核顺序，不等同于已确认可购、可用于SPPS/LPPS、进入过环肽或具有口服暴露。"
"55I","4-(trifluoromethyl)-L-phenylalanine","likely-independent-monomer","结构上较像可独立偶联的氨基酸单体","synthesis-first","CCD连接类型含 peptide linking；分子量 233.2 Da，处于保守的单残基初筛范围内","基于CCD名称、连接类型、分子式和分子量的保守规则分层","该结果用于安排人工审核顺序，不等同于已确认可购、可用于SPPS/LPPS、进入过环肽或具有口服暴露。"
"55N","(2R,4R)-2-(acetyloxy)-5-methyl-4-(methylamino)hexanoic acid","likely-independent-monomer","结构上较像可独立偶联的氨基酸单体","synthesis-first","CCD连接类型含 peptide linking；分子量 217.3 Da，处于保守的单残基初筛范围内","基于CCD名称、连接类型、分子式和分子量的保守规则分层","该结果用于安排人工审核顺序，不等同于已确认可购、可用于SPPS/LPPS、进入过环肽或具有口服暴露。"
"5A6","(2S)-2-amino-4-[5-(5-aminopentyl)-1,3,4-oxadiazol-2-yl]butanoic acid","likely-independent-monomer","结构上较像可独立偶联的氨基酸单体","synthesis-first","CCD连接类型含 peptide linking；分子量 256.3 Da，处于保守的单残基初筛范围内","基于CCD名称、连接类型、分子式和分子量的保守规则分层","该结果用于安排人工审核顺序，不等同于已确认可购、可用于SPPS/LPPS、进入过环肽或具有口服暴露。"
"5AB","[(5S)-5-amino-5-carboxyhexyl](trihydroxy)borate","likely-independent-monomer","结构上较像可独立偶联的氨基酸单体","synthesis-first","CCD连接类型含 peptide linking；分子量 206.0 Da，处于保守的单残基初筛范围内","基于CCD名称、连接类型、分子式和分子量的保守规则分层","该结果用于安排人工审核顺序，不等同于已确认可购、可用于SPPS/LPPS、进入过环肽或具有口服暴露。"
"5CS","2-AMINO-3-(CYSTEIN-S-YL)-ISOXAZOLIDIN-5-YL-ACETIC ACID","likely-independent-monomer","结构上较像可独立偶联的氨基酸单体","synthesis-first","CCD连接类型含 peptide linking；分子量 265.3 Da，处于保守的单残基初筛范围内","基于CCD名称、连接类型、分子式和分子量的保守规则分层","该结果用于安排人工审核顺序，不等同于已确认可购、可用于SPPS/LPPS、进入过环肽或具有口服暴露。"
"5CT","Hypusine","likely-independent-monomer","结构上较像可独立偶联的氨基酸单体","synthesis-first","CCD连接类型含 peptide linking；分子量 233.3 Da，处于保守的单残基初筛范围内","基于CCD名称、连接类型、分子式和分子量的保守规则分层","该结果用于安排人工审核顺序，不等同于已确认可购、可用于SPPS/LPPS、进入过环肽或具有口服暴露。"
"5CW","5-chloro-L-tryptophan","likely-independent-monomer","结构上较像可独立偶联的氨基酸单体","synthesis-first","CCD连接类型含 peptide linking；分子量 238.7 Da，处于保守的单残基初筛范围内","基于CCD名称、连接类型、分子式和分子量的保守规则分层","该结果用于安排人工审核顺序，不等同于已确认可购、可用于SPPS/LPPS、进入过环肽或具有口服暴露。"
"5DW","4-ethynyl-L-phenylalanine","special-reactive-candidate","带特殊反应基团，需按设计用途核查","use-case-first","名称提示带点击、交联、亲电或其他特殊反应基团；可能有设计价值，但需核对保护策略、化学稳定性与位点选择性","基于CCD名称、连接类型、分子式和分子量的保守规则分层","该结果用于安排人工审核顺序，不等同于已确认可购、可用于SPPS/LPPS、进入过环肽或具有口服暴露。"
"5F0","(3~{S})-3-azanyl-4-methoxy-4-oxidanylidene-butanoic acid","likely-independent-monomer","结构上较像可独立偶联的氨基酸单体","synthesis-first","CCD连接类型含 peptide linking；分子量 147.1 Da，处于保守的单残基初筛范围内","基于CCD名称、连接类型、分子式和分子量的保守规则分层","该结果用于安排人工审核顺序，不等同于已确认可购、可用于SPPS/LPPS、进入过环肽或具有口服暴露。"
"5GG","Deoxyhypusine","likely-independent-monomer","结构上较像可独立偶联的氨基酸单体","synthesis-first","CCD连接类型含 peptide linking；分子量 217.3 Da，处于保守的单残基初筛范围内","基于CCD名称、连接类型、分子式和分子量的保守规则分层","该结果用于安排人工审核顺序，不等同于已确认可购、可用于SPPS/LPPS、进入过环肽或具有口服暴露。"
"5GM","(4S)-2,4-dimethyl-L-norleucine","likely-independent-monomer","结构上较像可独立偶联的氨基酸单体","synthesis-first","CCD连接类型含 peptide linking；分子量 159.2 Da，处于保守的单残基初筛范围内","基于CCD名称、连接类型、分子式和分子量的保守规则分层","该结果用于安排人工审核顺序，不等同于已确认可购、可用于SPPS/LPPS、进入过环肽或具有口服暴露。"
"5LB","(2~{S})-2-azanyl-3-[1-(2-azanylethyl)-1,2,3-triazol-4-yl]propanoic acid","likely-independent-monomer","结构上较像可独立偶联的氨基酸单体","synthesis-first","CCD连接类型含 peptide linking；分子量 199.2 Da，处于保守的单残基初筛范围内","基于CCD名称、连接类型、分子式和分子量的保守规则分层","该结果用于安排人工审核顺序，不等同于已确认可购、可用于SPPS/LPPS、进入过环肽或具有口服暴露。"
"5LE","(2~{S})-2-azanyl-3-[1-(3-azanylpropyl)-1,2,3-triazol-4-yl]propanoic acid","likely-independent-monomer","结构上较像可独立偶联的氨基酸单体","synthesis-first","CCD连接类型含 peptide linking；分子量 213.2 Da，处于保守的单残基初筛范围内","基于CCD名称、连接类型、分子式和分子量的保守规则分层","该结果用于安排人工审核顺序，不等同于已确认可购、可用于SPPS/LPPS、进入过环肽或具有口服暴露。"
"5LF","(2~{S})-2-azanyl-3-[1-(6-azanylhexyl)-1,2,3-triazol-4-yl]propanoic acid","likely-independent-monomer","结构上较像可独立偶联的氨基酸单体","synthesis-first","CCD连接类型含 peptide linking；分子量 255.3 Da，处于保守的单残基初筛范围内","基于CCD名称、连接类型、分子式和分子量的保守规则分层","该结果用于安排人工审核顺序，不等同于已确认可购、可用于SPPS/LPPS、进入过环肽或具有口服暴露。"
"5MW","(2~{S})-5-[4-(aminomethyl)-1,2,3-triazol-1-yl]-2-azanyl-pentanoic acid","likely-independent-monomer","结构上较像可独立偶联的氨基酸单体","synthesis-first","CCD连接类型含 peptide linking；分子量 213.2 Da，处于保守的单残基初筛范围内","基于CCD名称、连接类型、分子式和分子量的保守规则分层","该结果用于安排人工审核顺序，不等同于已确认可购、可用于SPPS/LPPS、进入过环肽或具有口服暴露。"
"5OH","(2S)-amino[(4R,6S)-2-amino-6-hydroxy-3,4,5,6-tetrahydropyrimidin-4-yl]ethanoic acid","likely-independent-monomer","结构上较像可独立偶联的氨基酸单体","synthesis-first","CCD连接类型含 peptide linking；分子量 188.2 Da，处于保守的单残基初筛范围内","基于CCD名称、连接类型、分子式和分子量的保守规则分层","该结果用于安排人工审核顺序，不等同于已确认可购、可用于SPPS/LPPS、进入过环肽或具有口服暴露。"
"5OL","N~6~-(1,1-dihydroxyethyl)-L-lysine","likely-independent-monomer","结构上较像可独立偶联的氨基酸单体","synthesis-first","CCD连接类型含 peptide linking；分子量 206.2 Da，处于保守的单残基初筛范围内","基于CCD名称、连接类型、分子式和分子量的保守规则分层","该结果用于安排人工审核顺序，不等同于已确认可购、可用于SPPS/LPPS、进入过环肽或具有口服暴露。"
"5OM","(2S)-2-amino-8,8-dihydroxy-8-[(2S)-oxiran-2-yl]octanoic acid","likely-independent-monomer","结构上较像可独立偶联的氨基酸单体","synthesis-first","CCD连接类型含 peptide linking；分子量 233.3 Da，处于保守的单残基初筛范围内","基于CCD名称、连接类型、分子式和分子量的保守规则分层","该结果用于安排人工审核顺序，不等同于已确认可购、可用于SPPS/LPPS、进入过环肽或具有口服暴露。"
"5T3","N~6~-ethyl-N~6~-propan-2-yl-L-lysine","likely-independent-monomer","结构上较像可独立偶联的氨基酸单体","synthesis-first","CCD连接类型含 peptide linking；分子量 216.3 Da，处于保守的单残基初筛范围内","基于CCD名称、连接类型、分子式和分子量的保守规则分层","该结果用于安排人工审核顺序，不等同于已确认可购、可用于SPPS/LPPS、进入过环肽或具有口服暴露。"
"60F","(2~{R})-2-azanyl-3-[(~{E})-3-(4-hydroxyphenyl)prop-2-enoyl]sulfanyl-propanoic acid","likely-independent-monomer","结构上较像可独立偶联的氨基酸单体","synthesis-first","CCD连接类型含 peptide linking；分子量 267.3 Da，处于保守的单残基初筛范围内","基于CCD名称、连接类型、分子式和分子量的保守规则分层","该结果用于安排人工审核顺序，不等同于已确认可购、可用于SPPS/LPPS、进入过环肽或具有口服暴露。"
"62H","(2S)-3-amino-2-methylpropanoic acid","likely-independent-monomer","结构上较像可独立偶联的氨基酸单体","synthesis-first","CCD连接类型含 peptide linking；分子量 103.1 Da，处于保守的单残基初筛范围内","基于CCD名称、连接类型、分子式和分子量的保守规则分层","该结果用于安排人工审核顺序，不等同于已确认可购、可用于SPPS/LPPS、进入过环肽或具有口服暴露。"
"66D","(4R)-2,4-dimethyl-L-norleucine","likely-independent-monomer","结构上较像可独立偶联的氨基酸单体","synthesis-first","CCD连接类型含 peptide linking；分子量 159.2 Da，处于保守的单残基初筛范围内","基于CCD名称、连接类型、分子式和分子量的保守规则分层","该结果用于安排人工审核顺序，不等同于已确认可购、可用于SPPS/LPPS、进入过环肽或具有口服暴露。"
"6CL","6-CARBOXYLYSINE","likely-independent-monomer","结构上较像可独立偶联的氨基酸单体","synthesis-first","CCD连接类型含 peptide linking；分子量 191.2 Da，处于保守的单残基初筛范围内","基于CCD名称、连接类型、分子式和分子量的保守规则分层","该结果用于安排人工审核顺序，不等同于已确认可购、可用于SPPS/LPPS、进入过环肽或具有口服暴露。"
"6CV","3-bromo-L-phenylalanine","likely-independent-monomer","结构上较像可独立偶联的氨基酸单体","synthesis-first","CCD连接类型含 peptide linking；分子量 244.1 Da，处于保守的单残基初筛范围内","基于CCD名称、连接类型、分子式和分子量的保守规则分层","该结果用于安排人工审核顺序，不等同于已确认可购、可用于SPPS/LPPS、进入过环肽或具有口服暴露。"
"6CW","6-CHLORO-L-TRYPTOPHAN","likely-independent-monomer","结构上较像可独立偶联的氨基酸单体","synthesis-first","CCD连接类型含 peptide linking；分子量 238.7 Da，处于保守的单残基初筛范围内","基于CCD名称、连接类型、分子式和分子量的保守规则分层","该结果用于安排人工审核顺序，不等同于已确认可购、可用于SPPS/LPPS、进入过环肽或具有口服暴露。"
"6DU","2-bromo-L-phenylalanine","likely-independent-monomer","结构上较像可独立偶联的氨基酸单体","synthesis-first","CCD连接类型含 peptide linking；分子量 244.1 Da，处于保守的单残基初筛范围内","基于CCD名称、连接类型、分子式和分子量的保守规则分层","该结果用于安排人工审核顺序，不等同于已确认可购、可用于SPPS/LPPS、进入过环肽或具有口服暴露。"
"6FL","5,5,5,5',5',5'-hexafluoro-L-leucine","likely-independent-monomer","结构上较像可独立偶联的氨基酸单体","synthesis-first","CCD连接类型含 peptide linking；分子量 239.1 Da，处于保守的单残基初筛范围内","基于CCD名称、连接类型、分子式和分子量的保守规则分层","该结果用于安排人工审核顺序，不等同于已确认可购、可用于SPPS/LPPS、进入过环肽或具有口服暴露。"
"6G5","4-chloro-L-tryptophan","likely-independent-monomer","结构上较像可独立偶联的氨基酸单体","synthesis-first","CCD连接类型含 peptide linking；分子量 238.7 Da，处于保守的单残基初筛范围内","基于CCD名称、连接类型、分子式和分子量的保守规则分层","该结果用于安排人工审核顺序，不等同于已确认可购、可用于SPPS/LPPS、进入过环肽或具有口服暴露。"
"6HN","6-nitro-L-norleucine","likely-independent-monomer","结构上较像可独立偶联的氨基酸单体","synthesis-first","CCD连接类型含 peptide linking；分子量 176.2 Da，处于保守的单残基初筛范围内","基于CCD名称、连接类型、分子式和分子量的保守规则分层","该结果用于安排人工审核顺序，不等同于已确认可购、可用于SPPS/LPPS、进入过环肽或具有口服暴露。"
"6KM","S-propanoyl-L-cysteine","likely-independent-monomer","结构上较像可独立偶联的氨基酸单体","synthesis-first","CCD连接类型含 peptide linking；分子量 177.2 Da，处于保守的单残基初筛范围内","基于CCD名称、连接类型、分子式和分子量的保守规则分层","该结果用于安排人工审核顺序，不等同于已确认可购、可用于SPPS/LPPS、进入过环肽或具有口服暴露。"
"6KY","(2S)-2-(dimethylamino)-4-(methylselanyl)butanoic acid","likely-independent-monomer","结构上较像可独立偶联的氨基酸单体","synthesis-first","CCD连接类型含 peptide linking；分子量 224.2 Da，处于保守的单残基初筛范围内","基于CCD名称、连接类型、分子式和分子量的保守规则分层","该结果用于安排人工审核顺序，不等同于已确认可购、可用于SPPS/LPPS、进入过环肽或具有口服暴露。"
"6M6","S-[(2-phenylethyl)carbamothioyl]-L-cysteine","likely-independent-monomer","结构上较像可独立偶联的氨基酸单体","synthesis-first","CCD连接类型含 peptide linking；分子量 284.4 Da，处于保守的单残基初筛范围内","基于CCD名称、连接类型、分子式和分子量的保守规则分层","该结果用于安排人工审核顺序，不等同于已确认可购、可用于SPPS/LPPS、进入过环肽或具有口服暴露。"
"6V1","(2~{R})-2-azanyl-3-[(3~{R})-1-ethyl-2,5-bis(oxidanylidene)pyrrolidin-3-yl]sulfanyl-propanoic acid","likely-independent-monomer","结构上较像可独立偶联的氨基酸单体","synthesis-first","CCD连接类型含 peptide linking；分子量 246.3 Da，处于保守的单残基初筛范围内","基于CCD名称、连接类型、分子式和分子量的保守规则分层","该结果用于安排人工审核顺序，不等同于已确认可购、可用于SPPS/LPPS、进入过环肽或具有口服暴露。"
"6V9","2-methyl-1,3-thiazole-5-carboxylic acid","likely-independent-monomer","结构上较像可独立偶联的氨基酸单体","synthesis-first","CCD连接类型含 peptide linking；分子量 143.2 Da，处于保守的单残基初筛范围内","基于CCD名称、连接类型、分子式和分子量的保守规则分层","该结果用于安排人工审核顺序，不等同于已确认可购、可用于SPPS/LPPS、进入过环肽或具有口服暴露。"
"6WK","(2~{R})-2-azanyl-3-[[(2~{S},3~{S})-2,3-bis(oxidanyl)-4-sulfanyl-butyl]disulfanyl]propanoic acid","likely-independent-monomer","结构上较像可独立偶联的氨基酸单体","synthesis-first","CCD连接类型含 peptide linking；分子量 273.4 Da，处于保守的单残基初筛范围内","基于CCD名称、连接类型、分子式和分子量的保守规则分层","该结果用于安排人工审核顺序，不等同于已确认可购、可用于SPPS/LPPS、进入过环肽或具有口服暴露。"
"6Y9","(2~{R})-1,2-dimethylpyrrolidine-2-carboxylic acid","likely-independent-monomer","结构上较像可独立偶联的氨基酸单体","synthesis-first","CCD连接类型含 peptide linking；分子量 143.2 Da，处于保守的单残基初筛范围内","基于CCD名称、连接类型、分子式和分子量的保守规则分层","该结果用于安排人工审核顺序，不等同于已确认可购、可用于SPPS/LPPS、进入过环肽或具有口服暴露。"
"6YJ","(2~{S},4~{R})-5-(4-aminophenyl)-4-azanyl-2-methyl-pentanoic acid","likely-independent-monomer","结构上较像可独立偶联的氨基酸单体","synthesis-first","CCD连接类型含 peptide linking；分子量 222.3 Da，处于保守的单残基初筛范围内","基于CCD名称、连接类型、分子式和分子量的保守规则分层","该结果用于安排人工审核顺序，不等同于已确认可购、可用于SPPS/LPPS、进入过环肽或具有口服暴露。"
"6ZS","L-isovaline","likely-independent-monomer","结构上较像可独立偶联的氨基酸单体","synthesis-first","CCD连接类型含 peptide linking；分子量 117.1 Da，处于保守的单残基初筛范围内","基于CCD名称、连接类型、分子式和分子量的保守规则分层","该结果用于安排人工审核顺序，不等同于已确认可购、可用于SPPS/LPPS、进入过环肽或具有口服暴露。"
"73C","(2~{S})-2-azanyl-3-butoxy-propanoic acid","likely-independent-monomer","结构上较像可独立偶联的氨基酸单体","synthesis-first","CCD连接类型含 peptide linking；分子量 161.2 Da，处于保守的单残基初筛范围内","基于CCD名称、连接类型、分子式和分子量的保守规则分层","该结果用于安排人工审核顺序，不等同于已确认可购、可用于SPPS/LPPS、进入过环肽或具有口服暴露。"
"73N","(2~{S})-5-carbamimidamido-2-(carboxyamino)pentanoic acid","likely-independent-monomer","结构上较像可独立偶联的氨基酸单体","synthesis-first","CCD连接类型含 peptide linking；分子量 218.2 Da，处于保守的单残基初筛范围内","基于CCD名称、连接类型、分子式和分子量的保守规则分层","该结果用于安排人工审核顺序，不等同于已确认可购、可用于SPPS/LPPS、进入过环肽或具有口服暴露。"
"73O","(2~{S})-2-azanyl-4-(4-hydroxyphenyl)butanoic acid","likely-independent-monomer","结构上较像可独立偶联的氨基酸单体","synthesis-first","CCD连接类型含 peptide linking；分子量 195.2 Da，处于保守的单残基初筛范围内","基于CCD名称、连接类型、分子式和分子量的保守规则分层","该结果用于安排人工审核顺序，不等同于已确认可购、可用于SPPS/LPPS、进入过环肽或具有口服暴露。"
"73P","(2~{S})-6-azanyl-2-(carboxyamino)hexanoic acid","likely-independent-monomer","结构上较像可独立偶联的氨基酸单体","synthesis-first","CCD连接类型含 peptide linking；分子量 190.2 Da，处于保守的单残基初筛范围内","基于CCD名称、连接类型、分子式和分子量的保守规则分层","该结果用于安排人工审核顺序，不等同于已确认可购、可用于SPPS/LPPS、进入过环肽或具有口服暴露。"
"74P","(E)-N~6~-(1-carboxy-3-oxobutylidene)-L-lysine","likely-independent-monomer","结构上较像可独立偶联的氨基酸单体","synthesis-first","CCD连接类型含 peptide linking；分子量 258.3 Da，处于保守的单残基初筛范围内","基于CCD名称、连接类型、分子式和分子量的保守规则分层","该结果用于安排人工审核顺序，不等同于已确认可购、可用于SPPS/LPPS、进入过环肽或具有口服暴露。"
"7C9","O-methyl-L-serine","likely-independent-monomer","结构上较像可独立偶联的氨基酸单体","synthesis-first","CCD连接类型含 peptide linking；分子量 119.1 Da，处于保守的单残基初筛范围内","基于CCD名称、连接类型、分子式和分子量的保守规则分层","该结果用于安排人工审核顺序，不等同于已确认可购、可用于SPPS/LPPS、进入过环肽或具有口服暴露。"
"7CC","N,N-diethyl-L-asparagine","likely-independent-monomer","结构上较像可独立偶联的氨基酸单体","synthesis-first","CCD连接类型含 peptide linking；分子量 188.2 Da，处于保守的单残基初筛范围内","基于CCD名称、连接类型、分子式和分子量的保守规则分层","该结果用于安排人工审核顺序，不等同于已确认可购、可用于SPPS/LPPS、进入过环肽或具有口服暴露。"
"7ID","(2~{S})-4-[[(2~{S})-5-[[azanyl($l^{4}-azanylidene)methyl]amino]-1-$l^{1}-oxidanyl-1-oxidanylidene-pentan-2-yl]amino]-2-$l^{2}-azanyl-4-oxidanylidene-butanoic acid","likely-independent-monomer","结构上较像可独立偶联的氨基酸单体","synthesis-first","CCD连接类型含 peptide linking；分子量 289.3 Da，处于保守的单残基初筛范围内","基于CCD名称、连接类型、分子式和分子量的保守规则分层","该结果用于安排人工审核顺序，不等同于已确认可购、可用于SPPS/LPPS、进入过环肽或具有口服暴露。"
"7J3","(2S)-2-amino-4-oxo-4-(piperidin-1-yl)butanoic acid","likely-independent-monomer","结构上较像可独立偶联的氨基酸单体","synthesis-first","CCD连接类型含 peptide linking；分子量 200.2 Da，处于保守的单残基初筛范围内","基于CCD名称、连接类型、分子式和分子量的保守规则分层","该结果用于安排人工审核顺序，不等同于已确认可购、可用于SPPS/LPPS、进入过环肽或具有口服暴露。"
"7J4","N-tert-butoxy-L-asparagine","likely-independent-monomer","结构上较像可独立偶联的氨基酸单体","synthesis-first","CCD连接类型含 peptide linking；分子量 204.2 Da，处于保守的单残基初筛范围内","基于CCD名称、连接类型、分子式和分子量的保守规则分层","该结果用于安排人工审核顺序，不等同于已确认可购、可用于SPPS/LPPS、进入过环肽或具有口服暴露。"
"7N8","4-Borono-L-phenylalanine","special-reactive-candidate","带特殊反应基团，需按设计用途核查","use-case-first","名称提示带点击、交联、亲电或其他特殊反应基团；可能有设计价值，但需核对保护策略、化学稳定性与位点选择性","基于CCD名称、连接类型、分子式和分子量的保守规则分层","该结果用于安排人工审核顺序，不等同于已确认可购、可用于SPPS/LPPS、进入过环肽或具有口服暴露。"
"7O5","(2~{S})-2-azanyl-3-(2-sulfanylethanoylamino)propanoic acid","likely-independent-monomer","结构上较像可独立偶联的氨基酸单体","synthesis-first","CCD连接类型含 peptide linking；分子量 178.2 Da，处于保守的单残基初筛范围内","基于CCD名称、连接类型、分子式和分子量的保守规则分层","该结果用于安排人工审核顺序，不等同于已确认可购、可用于SPPS/LPPS、进入过环肽或具有口服暴露。"
"7OZ","(S)-2-amino-4-fluorobutanoic acid","likely-independent-monomer","结构上较像可独立偶联的氨基酸单体","synthesis-first","CCD连接类型含 peptide linking；分子量 121.1 Da，处于保守的单残基初筛范围内","基于CCD名称、连接类型、分子式和分子量的保守规则分层","该结果用于安排人工审核顺序，不等同于已确认可购、可用于SPPS/LPPS、进入过环肽或具有口服暴露。"
"7QK","N~6~-acetyl-N~6~-methyl-L-lysine","likely-independent-monomer","结构上较像可独立偶联的氨基酸单体","synthesis-first","CCD连接类型含 peptide linking；分子量 202.3 Da，处于保守的单残基初筛范围内","基于CCD名称、连接类型、分子式和分子量的保守规则分层","该结果用于安排人工审核顺序，不等同于已确认可购、可用于SPPS/LPPS、进入过环肽或具有口服暴露。"
"7RX","(R)-homoproline","likely-independent-monomer","结构上较像可独立偶联的氨基酸单体","synthesis-first","CCD连接类型含 peptide linking；分子量 129.2 Da，处于保守的单残基初筛范围内","基于CCD名称、连接类型、分子式和分子量的保守规则分层","该结果用于安排人工审核顺序，不等同于已确认可购、可用于SPPS/LPPS、进入过环肽或具有口服暴露。"
"7T2","(2S)-3-(4-chlorophenyl)-2-(methylamino)propanoic acid","likely-independent-monomer","结构上较像可独立偶联的氨基酸单体","synthesis-first","CCD连接类型含 peptide linking；分子量 213.7 Da，处于保守的单残基初筛范围内","基于CCD名称、连接类型、分子式和分子量的保守规则分层","该结果用于安排人工审核顺序，不等同于已确认可购、可用于SPPS/LPPS、进入过环肽或具有口服暴露。"
"7TK","(3S)-3-azanyl-4-oxidanylidene-4-pyrrolidin-1-yl-butanoic acid","likely-independent-monomer","结构上较像可独立偶联的氨基酸单体","synthesis-first","CCD连接类型含 peptide linking；分子量 186.2 Da，处于保守的单残基初筛范围内","基于CCD名称、连接类型、分子式和分子量的保守规则分层","该结果用于安排人工审核顺序，不等同于已确认可购、可用于SPPS/LPPS、进入过环肽或具有口服暴露。"
"7VU","(2S)-2-(ethylamino)-3-(4-methylphenyl)propanoic acid","likely-independent-monomer","结构上较像可独立偶联的氨基酸单体","synthesis-first","CCD连接类型含 peptide linking；分子量 207.3 Da，处于保守的单残基初筛范围内","基于CCD名称、连接类型、分子式和分子量的保守规则分层","该结果用于安排人工审核顺序，不等同于已确认可购、可用于SPPS/LPPS、进入过环肽或具有口服暴露。"
"7W2","(2S)-2-azanyl-4-[3,5-bis(fluoranyl)-4-(trifluoromethyl)phenyl]butanoic acid","likely-independent-monomer","结构上较像可独立偶联的氨基酸单体","synthesis-first","CCD连接类型含 peptide linking；分子量 283.2 Da，处于保守的单残基初筛范围内","基于CCD名称、连接类型、分子式和分子量的保守规则分层","该结果用于安排人工审核顺序，不等同于已确认可购、可用于SPPS/LPPS、进入过环肽或具有口服暴露。"
"7XC","(2R)-2-azanyl-3-(4-carbamimidamidophenyl)propanoic acid","likely-independent-monomer","结构上较像可独立偶联的氨基酸单体","synthesis-first","CCD连接类型含 peptide linking；分子量 222.2 Da，处于保守的单残基初筛范围内","基于CCD名称、连接类型、分子式和分子量的保守规则分层","该结果用于安排人工审核顺序，不等同于已确认可购、可用于SPPS/LPPS、进入过环肽或具有口服暴露。"
"7YO","(2R)-5-oxidanylidenepyrrolidine-2-carboxylic acid","likely-independent-monomer","结构上较像可独立偶联的氨基酸单体","synthesis-first","CCD连接类型含 peptide linking；分子量 129.1 Da，处于保守的单残基初筛范围内","基于CCD名称、连接类型、分子式和分子量的保守规则分层","该结果用于安排人工审核顺序，不等同于已确认可购、可用于SPPS/LPPS、进入过环肽或具有口服暴露。"
"81R","(4R)-4,5-disulfanyl-L-norvaline","likely-independent-monomer","结构上较像可独立偶联的氨基酸单体","synthesis-first","CCD连接类型含 peptide linking；分子量 181.3 Da，处于保守的单残基初筛范围内","基于CCD名称、连接类型、分子式和分子量的保守规则分层","该结果用于安排人工审核顺序，不等同于已确认可购、可用于SPPS/LPPS、进入过环肽或具有口服暴露。"
"81S","(4S)-4,5-disulfanyl-L-norvaline","likely-independent-monomer","结构上较像可独立偶联的氨基酸单体","synthesis-first","CCD连接类型含 peptide linking；分子量 181.3 Da，处于保守的单残基初筛范围内","基于CCD名称、连接类型、分子式和分子量的保守规则分层","该结果用于安排人工审核顺序，不等同于已确认可购、可用于SPPS/LPPS、进入过环肽或具有口服暴露。"
"823","N,N-bis(3-sulfanylpropyl)-L-asparagine","likely-independent-monomer","结构上较像可独立偶联的氨基酸单体","synthesis-first","CCD连接类型含 peptide linking；分子量 280.4 Da，处于保守的单残基初筛范围内","基于CCD名称、连接类型、分子式和分子量的保守规则分层","该结果用于安排人工审核顺序，不等同于已确认可购、可用于SPPS/LPPS、进入过环肽或具有口服暴露。"
"85F","(2R)-2-azanyl-3-[(2R)-2-azanyl-3-oxidanyl-3-oxidanylidene-propyl]sulfanyl-propanoic acid","likely-independent-monomer","结构上较像可独立偶联的氨基酸单体","synthesis-first","CCD连接类型含 peptide linking；分子量 208.2 Da，处于保守的单残基初筛范围内","基于CCD名称、连接类型、分子式和分子量的保守规则分层","该结果用于安排人工审核顺序，不等同于已确认可购、可用于SPPS/LPPS、进入过环肽或具有口服暴露。"
"85J","N-propyl-L-glutamine","likely-independent-monomer","结构上较像可独立偶联的氨基酸单体","synthesis-first","CCD连接类型含 peptide linking；分子量 188.2 Da，处于保守的单残基初筛范围内","基于CCD名称、连接类型、分子式和分子量的保守规则分层","该结果用于安排人工审核顺序，不等同于已确认可购、可用于SPPS/LPPS、进入过环肽或具有口服暴露。"
"8JB","(2~{R})-2-azanyl-3-[[(5~{S})-5-[(1~{S})-1-azanyl-2-oxidanyl-2-oxidanylidene-ethyl]-4,5-dihydro-1,2-oxazol-3-yl]sulfanyl]propanoic acid","likely-independent-monomer","结构上较像可独立偶联的氨基酸单体","synthesis-first","CCD连接类型含 peptide linking；分子量 263.3 Da，处于保守的单残基初筛范围内","基于CCD名称、连接类型、分子式和分子量的保守规则分层","该结果用于安排人工审核顺序，不等同于已确认可购、可用于SPPS/LPPS、进入过环肽或具有口服暴露。"
"8LJ","(2S)-2,3-dihydro-1H-pyrrole-2-carboxylic acid","likely-independent-monomer","结构上较像可独立偶联的氨基酸单体","synthesis-first","CCD连接类型含 peptide linking；分子量 113.1 Da，处于保守的单残基初筛范围内","基于CCD名称、连接类型、分子式和分子量的保守规则分层","该结果用于安排人工审核顺序，不等同于已确认可购、可用于SPPS/LPPS、进入过环肽或具有口服暴露。"
"8RE","3,4-dihydroxylysine","likely-independent-monomer","结构上较像可独立偶联的氨基酸单体","synthesis-first","CCD连接类型含 peptide linking；分子量 178.2 Da，处于保守的单残基初筛范围内","基于CCD名称、连接类型、分子式和分子量的保守规则分层","该结果用于安排人工审核顺序，不等同于已确认可购、可用于SPPS/LPPS、进入过环肽或具有口服暴露。"
"8WY","5,5-dihydroxy-L-norleucine","likely-independent-monomer","结构上较像可独立偶联的氨基酸单体","synthesis-first","CCD连接类型含 peptide linking；分子量 163.2 Da，处于保守的单残基初筛范围内","基于CCD名称、连接类型、分子式和分子量的保守规则分层","该结果用于安排人工审核顺序，不等同于已确认可购、可用于SPPS/LPPS、进入过环肽或具有口服暴露。"
"8YR","(2S)-2-azanyl-2-[(3R)-oxolan-3-yl]ethanoic acid","likely-independent-monomer","结构上较像可独立偶联的氨基酸单体","synthesis-first","CCD连接类型含 peptide linking；分子量 145.2 Da，处于保守的单残基初筛范围内","基于CCD名称、连接类型、分子式和分子量的保守规则分层","该结果用于安排人工审核顺序，不等同于已确认可购、可用于SPPS/LPPS、进入过环肽或具有口服暴露。"
"999","(3S)-3-hydroxy-D-aspartic acid","likely-independent-monomer","结构上较像可独立偶联的氨基酸单体","synthesis-first","CCD连接类型含 peptide linking；分子量 149.1 Da，处于保守的单残基初筛范围内","基于CCD名称、连接类型、分子式和分子量的保守规则分层","该结果用于安排人工审核顺序，不等同于已确认可购、可用于SPPS/LPPS、进入过环肽或具有口服暴露。"
"9BP","4-amino-N-(2-methylpropanoyl)-D-isovaline","likely-independent-monomer","结构上较像可独立偶联的氨基酸单体","synthesis-first","CCD连接类型含 peptide linking；分子量 202.3 Da，处于保守的单残基初筛范围内","基于CCD名称、连接类型、分子式和分子量的保守规则分层","该结果用于安排人工审核顺序，不等同于已确认可购、可用于SPPS/LPPS、进入过环肽或具有口服暴露。"
"9DT","(2~{S})-2-azanyl-3-(2-fluorophenyl)-2-methyl-propanoic acid","likely-independent-monomer","结构上较像可独立偶联的氨基酸单体","synthesis-first","CCD连接类型含 peptide linking；分子量 197.2 Da，处于保守的单残基初筛范围内","基于CCD名称、连接类型、分子式和分子量的保守规则分层","该结果用于安排人工审核顺序，不等同于已确认可购、可用于SPPS/LPPS、进入过环肽或具有口服暴露。"
"9E7","N~6~-(sulfanylmethyl)-L-lysine","likely-independent-monomer","结构上较像可独立偶联的氨基酸单体","synthesis-first","CCD连接类型含 peptide linking；分子量 192.3 Da，处于保守的单残基初筛范围内","基于CCD名称、连接类型、分子式和分子量的保守规则分层","该结果用于安排人工审核顺序，不等同于已确认可购、可用于SPPS/LPPS、进入过环肽或具有口服暴露。"
"9JC","4-(aminomethyl)-8-azanyl-quinoline-2-carbaldehyde","likely-independent-monomer","结构上较像可独立偶联的氨基酸单体","synthesis-first","CCD连接类型含 peptide linking；分子量 217.2 Da，处于保守的单残基初筛范围内","基于CCD名称、连接类型、分子式和分子量的保守规则分层","该结果用于安排人工审核顺序，不等同于已确认可购、可用于SPPS/LPPS、进入过环肽或具有口服暴露。"
"9JV","8-azanyl-4-methoxy-quinoline-2-carboxylic acid","likely-independent-monomer","结构上较像可独立偶联的氨基酸单体","synthesis-first","CCD连接类型含 peptide linking；分子量 218.2 Da，处于保守的单残基初筛范围内","基于CCD名称、连接类型、分子式和分子量的保守规则分层","该结果用于安排人工审核顺序，不等同于已确认可购、可用于SPPS/LPPS、进入过环肽或具有口服暴露。"
"9R1","(2S)-2-aminooctanedioic acid","likely-independent-monomer","结构上较像可独立偶联的氨基酸单体","synthesis-first","CCD连接类型含 peptide linking；分子量 189.2 Da，处于保守的单残基初筛范围内","基于CCD名称、连接类型、分子式和分子量的保守规则分层","该结果用于安排人工审核顺序，不等同于已确认可购、可用于SPPS/LPPS、进入过环肽或具有口服暴露。"
"9R4","D-gamma-glutamyl-2-methyl-L-alanine","likely-independent-monomer","结构上较像可独立偶联的氨基酸单体","synthesis-first","CCD连接类型含 peptide linking；分子量 232.2 Da，处于保守的单残基初筛范围内","基于CCD名称、连接类型、分子式和分子量的保守规则分层","该结果用于安排人工审核顺序，不等同于已确认可购、可用于SPPS/LPPS、进入过环肽或具有口服暴露。"
"9R7","L-gamma-glutamylglycine","likely-independent-monomer","结构上较像可独立偶联的氨基酸单体","synthesis-first","CCD连接类型含 peptide linking；分子量 204.2 Da，处于保守的单残基初筛范围内","基于CCD名称、连接类型、分子式和分子量的保守规则分层","该结果用于安排人工审核顺序，不等同于已确认可购、可用于SPPS/LPPS、进入过环肽或具有口服暴露。"
"9U0","N6-({[(1S,2E)-cyclooct-2-en-1-yl]oxy}carbonyl)-L-lysine","likely-independent-monomer","结构上较像可独立偶联的氨基酸单体","synthesis-first","CCD连接类型含 peptide linking；分子量 298.4 Da，处于保守的单残基初筛范围内","基于CCD名称、连接类型、分子式和分子量的保守规则分层","该结果用于安排人工审核顺序，不等同于已确认可购、可用于SPPS/LPPS、进入过环肽或具有口服暴露。"
"9UF","N6-{[(6-aminopyridin-3-yl)methoxy]carbonyl}-L-lysine","likely-independent-monomer","结构上较像可独立偶联的氨基酸单体","synthesis-first","CCD连接类型含 peptide linking；分子量 296.3 Da，处于保守的单残基初筛范围内","基于CCD名称、连接类型、分子式和分子量的保守规则分层","该结果用于安排人工审核顺序，不等同于已确认可购、可用于SPPS/LPPS、进入过环肽或具有口服暴露。"
"9VC","(2S)-2-azanyl-6-(phenylmethoxycarbonylamino)hexanoic acid","likely-independent-monomer","结构上较像可独立偶联的氨基酸单体","synthesis-first","CCD连接类型含 peptide linking；分子量 280.3 Da，处于保守的单残基初筛范围内","基于CCD名称、连接类型、分子式和分子量的保守规则分层","该结果用于安排人工审核顺序，不等同于已确认可购、可用于SPPS/LPPS、进入过环肽或具有口服暴露。"
"9WV","beta-alanyl-3-amino-L-alanine","likely-independent-monomer","结构上较像可独立偶联的氨基酸单体","synthesis-first","CCD连接类型含 peptide linking；分子量 175.2 Da，处于保守的单残基初筛范围内","基于CCD名称、连接类型、分子式和分子量的保守规则分层","该结果用于安排人工审核顺序，不等同于已确认可购、可用于SPPS/LPPS、进入过环肽或具有口服暴露。"
"A0G","(2Z)-2-amino-3-hydroxyprop-2-enoic acid","likely-independent-monomer","结构上较像可独立偶联的氨基酸单体","synthesis-first","CCD连接类型含 peptide linking；分子量 103.1 Da，处于保守的单残基初筛范围内","基于CCD名称、连接类型、分子式和分子量的保守规则分层","该结果用于安排人工审核顺序，不等同于已确认可购、可用于SPPS/LPPS、进入过环肽或具有口服暴露。"
"A1A2I","(2S)-2-(aminomethyl)-3-methylbutanoic acid","likely-independent-monomer","结构上较像可独立偶联的氨基酸单体","synthesis-first","CCD连接类型含 peptide linking；分子量 131.2 Da，处于保守的单残基初筛范围内","基于CCD名称、连接类型、分子式和分子量的保守规则分层","该结果用于安排人工审核顺序，不等同于已确认可购、可用于SPPS/LPPS、进入过环肽或具有口服暴露。"
"A1A2K","3-[1-(carboxymethyl)-1H-1,2,3-triazol-4-yl]-D-alanine","likely-independent-monomer","结构上较像可独立偶联的氨基酸单体","synthesis-first","CCD连接类型含 peptide linking；分子量 214.2 Da，处于保守的单残基初筛范围内","基于CCD名称、连接类型、分子式和分子量的保守规则分层","该结果用于安排人工审核顺序，不等同于已确认可购、可用于SPPS/LPPS、进入过环肽或具有口服暴露。"
"A1A3M","(5S)-4,5-dihydro-1H-pyrazole-5-carboxylic acid","likely-independent-monomer","结构上较像可独立偶联的氨基酸单体","synthesis-first","CCD连接类型含 peptide linking；分子量 114.1 Da，处于保守的单残基初筛范围内","基于CCD名称、连接类型、分子式和分子量的保守规则分层","该结果用于安排人工审核顺序，不等同于已确认可购、可用于SPPS/LPPS、进入过环肽或具有口服暴露。"
"A1A7V","S-lactoyl-L-cysteine","likely-independent-monomer","结构上较像可独立偶联的氨基酸单体","synthesis-first","CCD连接类型含 peptide linking；分子量 193.2 Da，处于保守的单残基初筛范围内","基于CCD名称、连接类型、分子式和分子量的保守规则分层","该结果用于安排人工审核顺序，不等同于已确认可购、可用于SPPS/LPPS、进入过环肽或具有口服暴露。"
"A1A8T","3-methyl-L-isovaline","likely-independent-monomer","结构上较像可独立偶联的氨基酸单体","synthesis-first","CCD连接类型含 peptide linking；分子量 131.2 Da，处于保守的单残基初筛范围内","基于CCD名称、连接类型、分子式和分子量的保守规则分层","该结果用于安排人工审核顺序，不等同于已确认可购、可用于SPPS/LPPS、进入过环肽或具有口服暴露。"
"A1ADO","(4R)-5-fluoro-L-leucine","likely-independent-monomer","结构上较像可独立偶联的氨基酸单体","synthesis-first","CCD连接类型含 peptide linking；分子量 149.2 Da，处于保守的单残基初筛范围内","基于CCD名称、连接类型、分子式和分子量的保守规则分层","该结果用于安排人工审核顺序，不等同于已确认可购、可用于SPPS/LPPS、进入过环肽或具有口服暴露。"
"A1ADW","(2S)-2-amino-3-(2-methylphenyl)propane-1,1-diol","likely-independent-monomer","结构上较像可独立偶联的氨基酸单体","synthesis-first","CCD连接类型含 peptide linking；分子量 179.2 Da，处于保守的单残基初筛范围内","基于CCD名称、连接类型、分子式和分子量的保守规则分层","该结果用于安排人工审核顺序，不等同于已确认可购、可用于SPPS/LPPS、进入过环肽或具有口服暴露。"
"A1ADY","(2~{S})-2-azanyl-3-[2-[oxidanyl(oxidanylidene)-$l^{4}-azanyl]phenyl]propan-1-ol","likely-independent-monomer","结构上较像可独立偶联的氨基酸单体","synthesis-first","CCD连接类型含 peptide linking；分子量 210.2 Da，处于保守的单残基初筛范围内","基于CCD名称、连接类型、分子式和分子量的保守规则分层","该结果用于安排人工审核顺序，不等同于已确认可购、可用于SPPS/LPPS、进入过环肽或具有口服暴露。"
"A1ADZ","(2S)-2-amino-3-(2-methoxyphenyl)propan-1-ol","likely-independent-monomer","结构上较像可独立偶联的氨基酸单体","synthesis-first","CCD连接类型含 peptide linking；分子量 195.2 Da，处于保守的单残基初筛范围内","基于CCD名称、连接类型、分子式和分子量的保守规则分层","该结果用于安排人工审核顺序，不等同于已确认可购、可用于SPPS/LPPS、进入过环肽或具有口服暴露。"
"A1AL8","1-(2-methylbut-3-en-2-yl)-L-tryptophan","likely-independent-monomer","结构上较像可独立偶联的氨基酸单体","synthesis-first","CCD连接类型含 peptide linking；分子量 272.3 Da，处于保守的单残基初筛范围内","基于CCD名称、连接类型、分子式和分子量的保守规则分层","该结果用于安排人工审核顺序，不等同于已确认可购、可用于SPPS/LPPS、进入过环肽或具有口服暴露。"
"A1ALE","(2S)-2-amino-7-(dimethylamino)-7-oxoheptanoic acid","likely-independent-monomer","结构上较像可独立偶联的氨基酸单体","synthesis-first","CCD连接类型含 peptide linking；分子量 202.3 Da，处于保守的单残基初筛范围内","基于CCD名称、连接类型、分子式和分子量的保守规则分层","该结果用于安排人工审核顺序，不等同于已确认可购、可用于SPPS/LPPS、进入过环肽或具有口服暴露。"
"A1AMB","3-(1H-1,2,3-triazol-1-yl)-L-alanine","likely-independent-monomer","结构上较像可独立偶联的氨基酸单体","synthesis-first","CCD连接类型含 peptide linking；分子量 156.1 Da，处于保守的单残基初筛范围内","基于CCD名称、连接类型、分子式和分子量的保守规则分层","该结果用于安排人工审核顺序，不等同于已确认可购、可用于SPPS/LPPS、进入过环肽或具有口服暴露。"
"A1AMC","(2S)-2-(methylamino)pentane-1,1,5-triol","likely-independent-monomer","结构上较像可独立偶联的氨基酸单体","synthesis-first","CCD连接类型含 peptide linking；分子量 147.2 Da，处于保守的单残基初筛范围内","基于CCD名称、连接类型、分子式和分子量的保守规则分层","该结果用于安排人工审核顺序，不等同于已确认可购、可用于SPPS/LPPS、进入过环肽或具有口服暴露。"
"A1AMM","4-benzyl-L-phenylalanine","likely-independent-monomer","结构上较像可独立偶联的氨基酸单体","synthesis-first","CCD连接类型含 peptide linking；分子量 255.3 Da，处于保守的单残基初筛范围内","基于CCD名称、连接类型、分子式和分子量的保守规则分层","该结果用于安排人工审核顺序，不等同于已确认可购、可用于SPPS/LPPS、进入过环肽或具有口服暴露。"
"A1AS0","5-selanyl-L-histidine","likely-independent-monomer","结构上较像可独立偶联的氨基酸单体","synthesis-first","CCD连接类型含 peptide linking；分子量 234.1 Da，处于保守的单残基初筛范围内","基于CCD名称、连接类型、分子式和分子量的保守规则分层","该结果用于安排人工审核顺序，不等同于已确认可购、可用于SPPS/LPPS、进入过环肽或具有口服暴露。"
"A1ASZ","5-sulfanyl-L-histidine","likely-independent-monomer","结构上较像可独立偶联的氨基酸单体","synthesis-first","CCD连接类型含 peptide linking；分子量 187.2 Da，处于保守的单残基初筛范围内","基于CCD名称、连接类型、分子式和分子量的保守规则分层","该结果用于安排人工审核顺序，不等同于已确认可购、可用于SPPS/LPPS、进入过环肽或具有口服暴露。"
"A1AT6","(2S)-2,3-dihydro-1H-indole-2-carboxylic acid","likely-independent-monomer","结构上较像可独立偶联的氨基酸单体","synthesis-first","CCD连接类型含 peptide linking；分子量 163.2 Da，处于保守的单残基初筛范围内","基于CCD名称、连接类型、分子式和分子量的保守规则分层","该结果用于安排人工审核顺序，不等同于已确认可购、可用于SPPS/LPPS、进入过环肽或具有口服暴露。"
"A1AT7","(1S)-6-methyl-1,2-dihydroisoquinoline-1-carboxylic acid","likely-independent-monomer","结构上较像可独立偶联的氨基酸单体","synthesis-first","CCD连接类型含 peptide linking；分子量 189.2 Da，处于保守的单残基初筛范围内","基于CCD名称、连接类型、分子式和分子量的保守规则分层","该结果用于安排人工审核顺序，不等同于已确认可购、可用于SPPS/LPPS、进入过环肽或具有口服暴露。"
"A1AVU","(3S)-4-fluoro-L-valine","likely-independent-monomer","结构上较像可独立偶联的氨基酸单体","synthesis-first","CCD连接类型含 peptide linking；分子量 135.1 Da，处于保守的单残基初筛范围内","基于CCD名称、连接类型、分子式和分子量的保守规则分层","该结果用于安排人工审核顺序，不等同于已确认可购、可用于SPPS/LPPS、进入过环肽或具有口服暴露。"
"A1AWS","4-cyano-L-tryptophan","likely-independent-monomer","结构上较像可独立偶联的氨基酸单体","synthesis-first","CCD连接类型含 peptide linking；分子量 229.2 Da，处于保守的单残基初筛范围内","基于CCD名称、连接类型、分子式和分子量的保守规则分层","该结果用于安排人工审核顺序，不等同于已确认可购、可用于SPPS/LPPS、进入过环肽或具有口服暴露。"
"A1AZQ","N-(2-phenylethyl)glycine","likely-independent-monomer","结构上较像可独立偶联的氨基酸单体","synthesis-first","CCD连接类型含 peptide linking；分子量 179.2 Da，处于保守的单残基初筛范围内","基于CCD名称、连接类型、分子式和分子量的保守规则分层","该结果用于安排人工审核顺序，不等同于已确认可购、可用于SPPS/LPPS、进入过环肽或具有口服暴露。"
"A1B9V","3-[(1S,3S)-1-oxo-2,3-dihydro-1H-1lambda~4~-benzothiophen-3-yl]-L-alanine","likely-independent-monomer","结构上较像可独立偶联的氨基酸单体","synthesis-first","CCD连接类型含 peptide linking；分子量 239.3 Da，处于保守的单残基初筛范围内","基于CCD名称、连接类型、分子式和分子量的保守规则分层","该结果用于安排人工审核顺序，不等同于已确认可购、可用于SPPS/LPPS、进入过环肽或具有口服暴露。"
"A1BC5","L-seryl-N-[(2S)-2-amino-2-carboxyethyl]glycinamide","likely-independent-monomer","结构上较像可独立偶联的氨基酸单体","synthesis-first","CCD连接类型含 peptide linking；分子量 248.2 Da，处于保守的单残基初筛范围内","基于CCD名称、连接类型、分子式和分子量的保守规则分层","该结果用于安排人工审核顺序，不等同于已确认可购、可用于SPPS/LPPS、进入过环肽或具有口服暴露。"
"A1BDE","N~6~-L-seryl-L-lysine","likely-independent-monomer","结构上较像可独立偶联的氨基酸单体","synthesis-first","CCD连接类型含 peptide linking；分子量 233.3 Da，处于保守的单残基初筛范围内","基于CCD名称、连接类型、分子式和分子量的保守规则分层","该结果用于安排人工审核顺序，不等同于已确认可购、可用于SPPS/LPPS、进入过环肽或具有口服暴露。"
"A1BE5","{(4E)-2-[(1S)-1-aminoethyl]-4-[(4-hydroxyphenyl)methylidene]-5-oxo-4,5-dihydro-1H-imidazol-1-yl}acetic acid","likely-independent-monomer","结构上较像可独立偶联的氨基酸单体","synthesis-first","CCD连接类型含 peptide linking；分子量 289.3 Da，处于保守的单残基初筛范围内","基于CCD名称、连接类型、分子式和分子量的保守规则分层","该结果用于安排人工审核顺序，不等同于已确认可购、可用于SPPS/LPPS、进入过环肽或具有口服暴露。"
"A1BEB","2-Methyllysine","likely-independent-monomer","结构上较像可独立偶联的氨基酸单体","synthesis-first","CCD连接类型含 peptide linking；分子量 160.2 Da，处于保守的单残基初筛范围内","基于CCD名称、连接类型、分子式和分子量的保守规则分层","该结果用于安排人工审核顺序，不等同于已确认可购、可用于SPPS/LPPS、进入过环肽或具有口服暴露。"
"A1BIU","(2S)-amino(4-chlorophenyl)acetic acid","likely-independent-monomer","结构上较像可独立偶联的氨基酸单体","synthesis-first","CCD连接类型含 peptide linking；分子量 185.6 Da，处于保守的单残基初筛范围内","基于CCD名称、连接类型、分子式和分子量的保守规则分层","该结果用于安排人工审核顺序，不等同于已确认可购、可用于SPPS/LPPS、进入过环肽或具有口服暴露。"
"A1BX4","N~6~-hydroxy-L-lysine","likely-independent-monomer","结构上较像可独立偶联的氨基酸单体","synthesis-first","CCD连接类型含 peptide linking；分子量 162.2 Da，处于保守的单残基初筛范围内","基于CCD名称、连接类型、分子式和分子量的保守规则分层","该结果用于安排人工审核顺序，不等同于已确认可购、可用于SPPS/LPPS、进入过环肽或具有口服暴露。"
"A1BZO","O-octanoyl-L-serine","likely-independent-monomer","结构上较像可独立偶联的氨基酸单体","synthesis-first","CCD连接类型含 peptide linking；分子量 231.3 Da，处于保守的单残基初筛范围内","基于CCD名称、连接类型、分子式和分子量的保守规则分层","该结果用于安排人工审核顺序，不等同于已确认可购、可用于SPPS/LPPS、进入过环肽或具有口服暴露。"
"A1C0O","3-(acetamidomethyl)-L-phenylalanine","likely-independent-monomer","结构上较像可独立偶联的氨基酸单体","synthesis-first","CCD连接类型含 peptide linking；分子量 236.3 Da，处于保守的单残基初筛范围内","基于CCD名称、连接类型、分子式和分子量的保守规则分层","该结果用于安排人工审核顺序，不等同于已确认可购、可用于SPPS/LPPS、进入过环肽或具有口服暴露。"
"A1CAB","(2S)-3,4-dihydro-2H-pyrrole-2-carboxylic acid","likely-independent-monomer","结构上较像可独立偶联的氨基酸单体","synthesis-first","CCD连接类型含 peptide linking；分子量 113.1 Da，处于保守的单残基初筛范围内","基于CCD名称、连接类型、分子式和分子量的保守规则分层","该结果用于安排人工审核顺序，不等同于已确认可购、可用于SPPS/LPPS、进入过环肽或具有口服暴露。"
"A1CCQ","(2S)-2-hydrazinyl-3-(4-hydroxyphenyl)propanoic acid","special-reactive-candidate","带特殊反应基团，需按设计用途核查","use-case-first","名称提示带点击、交联、亲电或其他特殊反应基团；可能有设计价值，但需核对保护策略、化学稳定性与位点选择性","基于CCD名称、连接类型、分子式和分子量的保守规则分层","该结果用于安排人工审核顺序，不等同于已确认可购、可用于SPPS/LPPS、进入过环肽或具有口服暴露。"
"A1CCR","(2S)-2-hydrazinyl-3-phenylpropanoic acid","special-reactive-candidate","带特殊反应基团，需按设计用途核查","use-case-first","名称提示带点击、交联、亲电或其他特殊反应基团；可能有设计价值，但需核对保护策略、化学稳定性与位点选择性","基于CCD名称、连接类型、分子式和分子量的保守规则分层","该结果用于安排人工审核顺序，不等同于已确认可购、可用于SPPS/LPPS、进入过环肽或具有口服暴露。"
"A1CCS","(2S)-5-carbamimidamido-2-hydrazinylpentanoic acid","special-reactive-candidate","带特殊反应基团，需按设计用途核查","use-case-first","名称提示带点击、交联、亲电或其他特殊反应基团；可能有设计价值，但需核对保护策略、化学稳定性与位点选择性","基于CCD名称、连接类型、分子式和分子量的保守规则分层","该结果用于安排人工审核顺序，不等同于已确认可购、可用于SPPS/LPPS、进入过环肽或具有口服暴露。"
"A1CH8","N~5~-[N-(2,2,2-trifluoroethyl)carbamimidoyl]-L-ornithine","likely-independent-monomer","结构上较像可独立偶联的氨基酸单体","synthesis-first","CCD连接类型含 peptide linking；分子量 256.2 Da，处于保守的单残基初筛范围内","基于CCD名称、连接类型、分子式和分子量的保守规则分层","该结果用于安排人工审核顺序，不等同于已确认可购、可用于SPPS/LPPS、进入过环肽或具有口服暴露。"
"A1CHS","(4R,5R)-5-amino-N~5~-(2-aminoethyl)-4-hydroxy-L-ornithine","likely-independent-monomer","结构上较像可独立偶联的氨基酸单体","synthesis-first","CCD连接类型含 peptide linking；分子量 206.2 Da，处于保守的单残基初筛范围内","基于CCD名称、连接类型、分子式和分子量的保守规则分层","该结果用于安排人工审核顺序，不等同于已确认可购、可用于SPPS/LPPS、进入过环肽或具有口服暴露。"
"A1CHT","(4S)-4-hydroxy-4-(4-hydroxyphenyl)-L-threonine","likely-independent-monomer","结构上较像可独立偶联的氨基酸单体","synthesis-first","CCD连接类型含 peptide linking；分子量 227.2 Da，处于保守的单残基初筛范围内","基于CCD名称、连接类型、分子式和分子量的保守规则分层","该结果用于安排人工审核顺序，不等同于已确认可购、可用于SPPS/LPPS、进入过环肽或具有口服暴露。"
"A1CHU","(3R)-3-hydroxy-L-ornithine","likely-independent-monomer","结构上较像可独立偶联的氨基酸单体","synthesis-first","CCD连接类型含 peptide linking；分子量 148.2 Da，处于保守的单残基初筛范围内","基于CCD名称、连接类型、分子式和分子量的保守规则分层","该结果用于安排人工审核顺序，不等同于已确认可购、可用于SPPS/LPPS、进入过环肽或具有口服暴露。"
"A1CLH","1-benzyl-D-tryptophan","likely-independent-monomer","结构上较像可独立偶联的氨基酸单体","synthesis-first","CCD连接类型含 peptide linking；分子量 294.3 Da，处于保守的单残基初筛范围内","基于CCD名称、连接类型、分子式和分子量的保守规则分层","该结果用于安排人工审核顺序，不等同于已确认可购、可用于SPPS/LPPS、进入过环肽或具有口服暴露。"
"A1CRT","(4S)-4-{[(1R)-1-carboxy-2-sulfanylethyl]amino}-4-hydroxybutanoic acid","likely-independent-monomer","结构上较像可独立偶联的氨基酸单体","synthesis-first","CCD连接类型含 peptide linking；分子量 223.2 Da，处于保守的单残基初筛范围内","基于CCD名称、连接类型、分子式和分子量的保守规则分层","该结果用于安排人工审核顺序，不等同于已确认可购、可用于SPPS/LPPS、进入过环肽或具有口服暴露。"
"A1D64","(2~{R})-3-(4-aminophenyl)sulfanyl-2-azanyl-propanoic acid","likely-independent-monomer","结构上较像可独立偶联的氨基酸单体","synthesis-first","CCD连接类型含 peptide linking；分子量 212.3 Da，处于保守的单残基初筛范围内","基于CCD名称、连接类型、分子式和分子量的保守规则分层","该结果用于安排人工审核顺序，不等同于已确认可购、可用于SPPS/LPPS、进入过环肽或具有口服暴露。"
"A1D7R","(2~{S})-2-azanyl-3-[6-(3-methylbut-2-enyl)-1~{H}-indol-3-yl]propanoic acid","likely-independent-monomer","结构上较像可独立偶联的氨基酸单体","synthesis-first","CCD连接类型含 peptide linking；分子量 272.3 Da，处于保守的单残基初筛范围内","基于CCD名称、连接类型、分子式和分子量的保守规则分层","该结果用于安排人工审核顺序，不等同于已确认可购、可用于SPPS/LPPS、进入过环肽或具有口服暴露。"
"A1D8R","(2~{S})-2,4-bis(azanyl)-3,3-dimethyl-butanoic acid","likely-independent-monomer","结构上较像可独立偶联的氨基酸单体","synthesis-first","CCD连接类型含 peptide linking；分子量 146.2 Da，处于保守的单残基初筛范围内","基于CCD名称、连接类型、分子式和分子量的保守规则分层","该结果用于安排人工审核顺序，不等同于已确认可购、可用于SPPS/LPPS、进入过环肽或具有口服暴露。"
"A1D9O","(2~{S},3~{S},4~{S})-3,4-bis(oxidanyl)pyrrolidine-2-carboxylic acid","likely-independent-monomer","结构上较像可独立偶联的氨基酸单体","synthesis-first","CCD连接类型含 peptide linking；分子量 147.1 Da，处于保守的单残基初筛范围内","基于CCD名称、连接类型、分子式和分子量的保守规则分层","该结果用于安排人工审核顺序，不等同于已确认可购、可用于SPPS/LPPS、进入过环肽或具有口服暴露。"
"A1E3Y","(3R)-3-azanyl-3-phenyl-propanoic acid","likely-independent-monomer","结构上较像可独立偶联的氨基酸单体","synthesis-first","CCD连接类型含 peptide linking；分子量 165.2 Da，处于保守的单残基初筛范围内","基于CCD名称、连接类型、分子式和分子量的保守规则分层","该结果用于安排人工审核顺序，不等同于已确认可购、可用于SPPS/LPPS、进入过环肽或具有口服暴露。"
"A1E9U","2-chloranyl-5-(methylamino)benzoic acid","likely-independent-monomer","结构上较像可独立偶联的氨基酸单体","synthesis-first","CCD连接类型含 peptide linking；分子量 185.6 Da，处于保守的单残基初筛范围内","基于CCD名称、连接类型、分子式和分子量的保守规则分层","该结果用于安排人工审核顺序，不等同于已确认可购、可用于SPPS/LPPS、进入过环肽或具有口服暴露。"
"A1ECI","5-[(2R)-2-azanyl-3-oxidanyl-3-oxidanylidene-propyl]sulfanyl-5-oxidanylidene-pentanoic acid","likely-independent-monomer","结构上较像可独立偶联的氨基酸单体","synthesis-first","CCD连接类型含 peptide linking；分子量 235.3 Da，处于保守的单残基初筛范围内","基于CCD名称、连接类型、分子式和分子量的保守规则分层","该结果用于安排人工审核顺序，不等同于已确认可购、可用于SPPS/LPPS、进入过环肽或具有口服暴露。"
"A1ECK","(2S)-3-(4-fluorophenyl)-2-(methylsulfonylamino)propanoic acid","likely-independent-monomer","结构上较像可独立偶联的氨基酸单体","synthesis-first","CCD连接类型含 peptide linking；分子量 261.3 Da，处于保守的单残基初筛范围内","基于CCD名称、连接类型、分子式和分子量的保守规则分层","该结果用于安排人工审核顺序，不等同于已确认可购、可用于SPPS/LPPS、进入过环肽或具有口服暴露。"
"A1ECL","(2S)-3-[3,5-bis(fluoranyl)phenyl]-2-(methylsulfonylamino)propanoic acid","likely-independent-monomer","结构上较像可独立偶联的氨基酸单体","synthesis-first","CCD连接类型含 peptide linking；分子量 279.3 Da，处于保守的单残基初筛范围内","基于CCD名称、连接类型、分子式和分子量的保守规则分层","该结果用于安排人工审核顺序，不等同于已确认可购、可用于SPPS/LPPS、进入过环肽或具有口服暴露。"
"A1ECM","(2S)-3,3-dimethyl-2-(methylsulfonylamino)butanoic acid","likely-independent-monomer","结构上较像可独立偶联的氨基酸单体","synthesis-first","CCD连接类型含 peptide linking；分子量 209.3 Da，处于保守的单残基初筛范围内","基于CCD名称、连接类型、分子式和分子量的保守规则分层","该结果用于安排人工审核顺序，不等同于已确认可购、可用于SPPS/LPPS、进入过环肽或具有口服暴露。"
"A1EIC","O-Methylcarbamoyl-L-Serine","likely-independent-monomer","结构上较像可独立偶联的氨基酸单体","synthesis-first","CCD连接类型含 peptide linking；分子量 162.1 Da，处于保守的单残基初筛范围内","基于CCD名称、连接类型、分子式和分子量的保守规则分层","该结果用于安排人工审核顺序，不等同于已确认可购、可用于SPPS/LPPS、进入过环肽或具有口服暴露。"
"A1EJ4","(2~{S})-6-[(~{E})-2-acetamidoethylideneamino]-2-azanyl-hexanoic acid","likely-independent-monomer","结构上较像可独立偶联的氨基酸单体","synthesis-first","CCD连接类型含 peptide linking；分子量 229.3 Da，处于保守的单残基初筛范围内","基于CCD名称、连接类型、分子式和分子量的保守规则分层","该结果用于安排人工审核顺序，不等同于已确认可购、可用于SPPS/LPPS、进入过环肽或具有口服暴露。"
"A1ER5","(2~{S})-2-azanyl-4-oxidanylidene-4-[(2~{R})-1-oxidanyl-1-oxidanylidene-3-phenyl-propan-2-yl]oxy-butanoic acid","likely-independent-monomer","结构上较像可独立偶联的氨基酸单体","synthesis-first","CCD连接类型含 peptide linking；分子量 281.3 Da，处于保守的单残基初筛范围内","基于CCD名称、连接类型、分子式和分子量的保守规则分层","该结果用于安排人工审核顺序，不等同于已确认可购、可用于SPPS/LPPS、进入过环肽或具有口服暴露。"
"A1EUR","(2~{S})-2-azanyl-4-methoxy-butanoic acid","likely-independent-monomer","结构上较像可独立偶联的氨基酸单体","synthesis-first","CCD连接类型含 peptide linking；分子量 133.1 Da，处于保守的单残基初筛范围内","基于CCD名称、连接类型、分子式和分子量的保守规则分层","该结果用于安排人工审核顺序，不等同于已确认可购、可用于SPPS/LPPS、进入过环肽或具有口服暴露。"
"A1H2H","(2~{S})-2-azanyl-3-(3-fluoranyl-4-nitro-phenyl)propanoic acid","likely-independent-monomer","结构上较像可独立偶联的氨基酸单体","synthesis-first","CCD连接类型含 peptide linking；分子量 228.2 Da，处于保守的单残基初筛范围内","基于CCD名称、连接类型、分子式和分子量的保守规则分层","该结果用于安排人工审核顺序，不等同于已确认可购、可用于SPPS/LPPS、进入过环肽或具有口服暴露。"
"A1H2I","(2~{S})-2-azanyl-3-[(3~{S})-5-oxidanyl-2-oxidanylidene-1,3-dihydroindol-3-yl]propanoic acid","likely-independent-monomer","结构上较像可独立偶联的氨基酸单体","synthesis-first","CCD连接类型含 peptide linking；分子量 236.2 Da，处于保守的单残基初筛范围内","基于CCD名称、连接类型、分子式和分子量的保守规则分层","该结果用于安排人工审核顺序，不等同于已确认可购、可用于SPPS/LPPS、进入过环肽或具有口服暴露。"
"A1H45","(2~{S})-2-azanyl-3-[(3~{R})-5-oxidanyl-2-oxidanylidene-1,3-dihydroindol-3-yl]propanoic acid","likely-independent-monomer","结构上较像可独立偶联的氨基酸单体","synthesis-first","CCD连接类型含 peptide linking；分子量 236.2 Da，处于保守的单残基初筛范围内","基于CCD名称、连接类型、分子式和分子量的保守规则分层","该结果用于安排人工审核顺序，不等同于已确认可购、可用于SPPS/LPPS、进入过环肽或具有口服暴露。"
"A1H5N","2-Imino-2-phenylethanol-lysine","likely-independent-monomer","结构上较像可独立偶联的氨基酸单体","synthesis-first","CCD连接类型含 peptide linking；分子量 264.3 Da，处于保守的单残基初筛范围内","基于CCD名称、连接类型、分子式和分子量的保守规则分层","该结果用于安排人工审核顺序，不等同于已确认可购、可用于SPPS/LPPS、进入过环肽或具有口服暴露。"
"A1H5W","3-azido-L-alanine","special-reactive-candidate","带特殊反应基团，需按设计用途核查","use-case-first","名称提示带点击、交联、亲电或其他特殊反应基团；可能有设计价值，但需核对保护策略、化学稳定性与位点选择性","基于CCD名称、连接类型、分子式和分子量的保守规则分层","该结果用于安排人工审核顺序，不等同于已确认可购、可用于SPPS/LPPS、进入过环肽或具有口服暴露。"
"A1H96","(2~{S})-2-azanyl-6-(propan-2-ylcarbamothioylamino)hexanoic acid","likely-independent-monomer","结构上较像可独立偶联的氨基酸单体","synthesis-first","CCD连接类型含 peptide linking；分子量 247.4 Da，处于保守的单残基初筛范围内","基于CCD名称、连接类型、分子式和分子量的保守规则分层","该结果用于安排人工审核顺序，不等同于已确认可购、可用于SPPS/LPPS、进入过环肽或具有口服暴露。"
"A1I48","(2~{S},3~{R})-2-azanyl-3-[(1~{R},2~{S})-2-azanyl-4-methyl-1-oxidanyl-pentoxy]butanal","likely-independent-monomer","结构上较像可独立偶联的氨基酸单体","synthesis-first","CCD连接类型含 peptide linking；分子量 234.3 Da，处于保守的单残基初筛范围内","基于CCD名称、连接类型、分子式和分子量的保守规则分层","该结果用于安排人工审核顺序，不等同于已确认可购、可用于SPPS/LPPS、进入过环肽或具有口服暴露。"
"A1I4F","(2S)-4-(3-chlorophenyl)carbonylpiperazine-2-carboxylic acid","likely-independent-monomer","结构上较像可独立偶联的氨基酸单体","synthesis-first","CCD连接类型含 peptide linking；分子量 268.7 Da，处于保守的单残基初筛范围内","基于CCD名称、连接类型、分子式和分子量的保守规则分层","该结果用于安排人工审核顺序，不等同于已确认可购、可用于SPPS/LPPS、进入过环肽或具有口服暴露。"
"A1I67","(2~{R},3~{S},6~{R},7~{S})-7-[(1~{S})-1-azanyl-3-methyl-butyl]-2,6-dimethyl-6,7-bis(oxidanyl)-1,4-oxazepane-3-carbaldehyde","likely-independent-monomer","结构上较像可独立偶联的氨基酸单体","synthesis-first","CCD连接类型含 peptide linking；分子量 290.4 Da，处于保守的单残基初筛范围内","基于CCD名称、连接类型、分子式和分子量的保守规则分层","该结果用于安排人工审核顺序，不等同于已确认可购、可用于SPPS/LPPS、进入过环肽或具有口服暴露。"
"A1I9G","3(S)-methyl-histidine","likely-independent-monomer","结构上较像可独立偶联的氨基酸单体","synthesis-first","CCD连接类型含 peptide linking；分子量 169.2 Da，处于保守的单残基初筛范围内","基于CCD名称、连接类型、分子式和分子量的保守规则分层","该结果用于安排人工审核顺序，不等同于已确认可购、可用于SPPS/LPPS、进入过环肽或具有口服暴露。"
"A1I9S","7-azanyl-4-(3-azanylpropoxy)-8-methoxy-quinoline-2-carboxylic acid","likely-independent-monomer","结构上较像可独立偶联的氨基酸单体","synthesis-first","CCD连接类型含 peptide linking；分子量 291.3 Da，处于保守的单残基初筛范围内","基于CCD名称、连接类型、分子式和分子量的保守规则分层","该结果用于安排人工审核顺序，不等同于已确认可购、可用于SPPS/LPPS、进入过环肽或具有口服暴露。"
"A1ICB","(2S,4S)-4-[(2-chloranyl-5-methyl-phenyl)carbonylamino]pyrrolidine-2-carboxylic acid","likely-independent-monomer","结构上较像可独立偶联的氨基酸单体","synthesis-first","CCD连接类型含 peptide linking；分子量 282.7 Da，处于保守的单残基初筛范围内","基于CCD名称、连接类型、分子式和分子量的保守规则分层","该结果用于安排人工审核顺序，不等同于已确认可购、可用于SPPS/LPPS、进入过环肽或具有口服暴露。"
"A1ICC","(2S,4S)-4-(isoquinolin-1-ylcarbonylamino)pyrrolidine-2-carboxylic acid","likely-independent-monomer","结构上较像可独立偶联的氨基酸单体","synthesis-first","CCD连接类型含 peptide linking；分子量 285.3 Da，处于保守的单残基初筛范围内","基于CCD名称、连接类型、分子式和分子量的保守规则分层","该结果用于安排人工审核顺序，不等同于已确认可购、可用于SPPS/LPPS、进入过环肽或具有口服暴露。"
"A1IHG","(S)-2-amino-3-(9-oxo-9H-thioxanthen-2-yl)propanoic acid","likely-independent-monomer","结构上较像可独立偶联的氨基酸单体","synthesis-first","CCD连接类型含 peptide linking；分子量 299.3 Da，处于保守的单残基初筛范围内","基于CCD名称、连接类型、分子式和分子量的保守规则分层","该结果用于安排人工审核顺序，不等同于已确认可购、可用于SPPS/LPPS、进入过环肽或具有口服暴露。"
"A1IID","4-mercaptophenyl-alanine","special-reactive-candidate","带特殊反应基团，需按设计用途核查","use-case-first","名称提示带点击、交联、亲电或其他特殊反应基团；可能有设计价值，但需核对保护策略、化学稳定性与位点选择性","基于CCD名称、连接类型、分子式和分子量的保守规则分层","该结果用于安排人工审核顺序，不等同于已确认可购、可用于SPPS/LPPS、进入过环肽或具有口服暴露。"
"A1IJ4","4-[3-(aminomethyl)phenoxy]butylcarbamic acid","likely-independent-monomer","结构上较像可独立偶联的氨基酸单体","synthesis-first","CCD连接类型含 peptide linking；分子量 238.3 Da，处于保守的单残基初筛范围内","基于CCD名称、连接类型、分子式和分子量的保守规则分层","该结果用于安排人工审核顺序，不等同于已确认可购、可用于SPPS/LPPS、进入过环肽或具有口服暴露。"
"A1IJF","2-[(4Z)-2-(aminomethyl)-4-[(3-azanyl-4-oxidanyl-phenyl)methylidene]-5-oxidanylidene-imidazol-1-yl]ethanoic acid","likely-independent-monomer","结构上较像可独立偶联的氨基酸单体","synthesis-first","CCD连接类型含 peptide linking；分子量 290.3 Da，处于保守的单残基初筛范围内","基于CCD名称、连接类型、分子式和分子量的保守规则分层","该结果用于安排人工审核顺序，不等同于已确认可购、可用于SPPS/LPPS、进入过环肽或具有口服暴露。"
"A1IJP","8-azanyl-5-(2-phenylethyl)quinoline-2-carbaldehyde","likely-independent-monomer","结构上较像可独立偶联的氨基酸单体","synthesis-first","CCD连接类型含 peptide linking；分子量 292.3 Da，处于保守的单残基初筛范围内","基于CCD名称、连接类型、分子式和分子量的保守规则分层","该结果用于安排人工审核顺序，不等同于已确认可购、可用于SPPS/LPPS、进入过环肽或具有口服暴露。"
"A1IJQ","8-azanylquinoline-2-carboxylic acid","likely-independent-monomer","结构上较像可独立偶联的氨基酸单体","synthesis-first","CCD连接类型含 peptide linking；分子量 188.2 Da，处于保守的单残基初筛范围内","基于CCD名称、连接类型、分子式和分子量的保守规则分层","该结果用于安排人工审核顺序，不等同于已确认可购、可用于SPPS/LPPS、进入过环肽或具有口服暴露。"
"A1IKE","(2~{S})-2-(2-azanylphenoxy)propanoic acid","likely-independent-monomer","结构上较像可独立偶联的氨基酸单体","synthesis-first","CCD连接类型含 peptide linking；分子量 181.2 Da，处于保守的单残基初筛范围内","基于CCD名称、连接类型、分子式和分子量的保守规则分层","该结果用于安排人工审核顺序，不等同于已确认可购、可用于SPPS/LPPS、进入过环肽或具有口服暴露。"
"A1IPL","para-boronophenylalanine","special-reactive-candidate","带特殊反应基团，需按设计用途核查","use-case-first","名称提示带点击、交联、亲电或其他特殊反应基团；可能有设计价值，但需核对保护策略、化学稳定性与位点选择性","基于CCD名称、连接类型、分子式和分子量的保守规则分层","该结果用于安排人工审核顺序，不等同于已确认可购、可用于SPPS/LPPS、进入过环肽或具有口服暴露。"
"A1IQX","NE2-acetamide-histidine","likely-independent-monomer","结构上较像可独立偶联的氨基酸单体","synthesis-first","CCD连接类型含 peptide linking；分子量 212.2 Da，处于保守的单残基初筛范围内","基于CCD名称、连接类型、分子式和分子量的保守规则分层","该结果用于安排人工审核顺序，不等同于已确认可购、可用于SPPS/LPPS、进入过环肽或具有口服暴露。"
"A1IU4","8-(carboxyamino)-4-oxidanyl-quinoline-2-carboxylic acid","likely-independent-monomer","结构上较像可独立偶联的氨基酸单体","synthesis-first","CCD连接类型含 peptide linking；分子量 248.2 Da，处于保守的单残基初筛范围内","基于CCD名称、连接类型、分子式和分子量的保守规则分层","该结果用于安排人工审核顺序，不等同于已确认可购、可用于SPPS/LPPS、进入过环肽或具有口服暴露。"
"A1IUO","(2~{S})-2-[2-azanyl-4-(2,3-dihydro-1~{H}-inden-2-yl)phenoxy]propanoic acid","likely-independent-monomer","结构上较像可独立偶联的氨基酸单体","synthesis-first","CCD连接类型含 peptide linking；分子量 297.3 Da，处于保守的单残基初筛范围内","基于CCD名称、连接类型、分子式和分子量的保守规则分层","该结果用于安排人工审核顺序，不等同于已确认可购、可用于SPPS/LPPS、进入过环肽或具有口服暴露。"
"A1JCN","(2~{S})-2-azanyl-3-[3-methyl-1-[(1~{S})-2-methylidene-3-oxidanylidene-cyclohexyl]imidazol-4-yl]propanoic acid","likely-independent-monomer","结构上较像可独立偶联的氨基酸单体","synthesis-first","CCD连接类型含 peptide linking；分子量 278.3 Da，处于保守的单残基初筛范围内","基于CCD名称、连接类型、分子式和分子量的保守规则分层","该结果用于安排人工审核顺序，不等同于已确认可购、可用于SPPS/LPPS、进入过环肽或具有口服暴露。"
"A1JND","2-[4-(1H-1,2,3-triazol-4-yl)butylamino]ethanoic acid","likely-independent-monomer","结构上较像可独立偶联的氨基酸单体","synthesis-first","CCD连接类型含 peptide linking；分子量 198.2 Da，处于保守的单残基初筛范围内","基于CCD名称、连接类型、分子式和分子量的保守规则分层","该结果用于安排人工审核顺序，不等同于已确认可购、可用于SPPS/LPPS、进入过环肽或具有口服暴露。"
"A1JNL","(2~{S})-2-[3-(1~{H}-1,2,3-triazol-4-yl)propylamino]butanoic acid","likely-independent-monomer","结构上较像可独立偶联的氨基酸单体","synthesis-first","CCD连接类型含 peptide linking；分子量 212.2 Da，处于保守的单残基初筛范围内","基于CCD名称、连接类型、分子式和分子量的保守规则分层","该结果用于安排人工审核顺序，不等同于已确认可购、可用于SPPS/LPPS、进入过环肽或具有口服暴露。"
"A1JNX","2-[2-(1~{H}-1,2,3-triazol-4-yl)ethylamino]ethanoic acid","likely-independent-monomer","结构上较像可独立偶联的氨基酸单体","synthesis-first","CCD连接类型含 peptide linking；分子量 170.2 Da，处于保守的单残基初筛范围内","基于CCD名称、连接类型、分子式和分子量的保守规则分层","该结果用于安排人工审核顺序，不等同于已确认可购、可用于SPPS/LPPS、进入过环肽或具有口服暴露。"
"A1JPL","(3R)-4-amino-3-thiobutyric acid","likely-independent-monomer","结构上较像可独立偶联的氨基酸单体","synthesis-first","CCD连接类型含 peptide linking；分子量 135.2 Da，处于保守的单残基初筛范围内","基于CCD名称、连接类型、分子式和分子量的保守规则分层","该结果用于安排人工审核顺序，不等同于已确认可购、可用于SPPS/LPPS、进入过环肽或具有口服暴露。"
"A1JPT","(3S)-4-amino-3-thiobutyric acid","likely-independent-monomer","结构上较像可独立偶联的氨基酸单体","synthesis-first","CCD连接类型含 peptide linking；分子量 135.2 Da，处于保守的单残基初筛范围内","基于CCD名称、连接类型、分子式和分子量的保守规则分层","该结果用于安排人工审核顺序，不等同于已确认可购、可用于SPPS/LPPS、进入过环肽或具有口服暴露。"
"A1JWF","2-Tellurophenealanine","likely-independent-monomer","结构上较像可独立偶联的氨基酸单体","synthesis-first","CCD连接类型含 peptide linking；分子量 266.8 Da，处于保守的单残基初筛范围内","基于CCD名称、连接类型、分子式和分子量的保守规则分层","该结果用于安排人工审核顺序，不等同于已确认可购、可用于SPPS/LPPS、进入过环肽或具有口服暴露。"
"A1L2U","1-(6-azanylhexanoyl)pyrrolidine-2-carboxylic acid","likely-independent-monomer","结构上较像可独立偶联的氨基酸单体","synthesis-first","CCD连接类型含 peptide linking；分子量 228.3 Da，处于保守的单残基初筛范围内","基于CCD名称、连接类型、分子式和分子量的保守规则分层","该结果用于安排人工审核顺序，不等同于已确认可购、可用于SPPS/LPPS、进入过环肽或具有口服暴露。"
"A1L3I","(2~{S})-3-methyl-2-(methylamino)-3-oxidanyl-butanoic acid","likely-independent-monomer","结构上较像可独立偶联的氨基酸单体","synthesis-first","CCD连接类型含 peptide linking；分子量 147.2 Da，处于保守的单残基初筛范围内","基于CCD名称、连接类型、分子式和分子量的保守规则分层","该结果用于安排人工审核顺序，不等同于已确认可购、可用于SPPS/LPPS、进入过环肽或具有口服暴露。"
"A1L4B","(2S)-2-azanyl-5-nitroso-5-oxidanylidene-pentanoic acid","likely-independent-monomer","结构上较像可独立偶联的氨基酸单体","synthesis-first","CCD连接类型含 peptide linking；分子量 160.1 Da，处于保守的单残基初筛范围内","基于CCD名称、连接类型、分子式和分子量的保守规则分层","该结果用于安排人工审核顺序，不等同于已确认可购、可用于SPPS/LPPS、进入过环肽或具有口服暴露。"
"A1L4D","(2~{S})-2-benzamido-3-phenyl-propanoic acid","likely-independent-monomer","结构上较像可独立偶联的氨基酸单体","synthesis-first","CCD连接类型含 peptide linking；分子量 269.3 Da，处于保守的单残基初筛范围内","基于CCD名称、连接类型、分子式和分子量的保守规则分层","该结果用于安排人工审核顺序，不等同于已确认可购、可用于SPPS/LPPS、进入过环肽或具有口服暴露。"
"A1L7K","(2~{S})-2-azanyl-3-[(3~{S})-2-oxidanylidenepiperidin-3-yl]propanoic acid","likely-independent-monomer","结构上较像可独立偶联的氨基酸单体","synthesis-first","CCD连接类型含 peptide linking；分子量 186.2 Da，处于保守的单残基初筛范围内","基于CCD名称、连接类型、分子式和分子量的保守规则分层","该结果用于安排人工审核顺序，不等同于已确认可购、可用于SPPS/LPPS、进入过环肽或具有口服暴露。"
"A1LUD","S-METHYL-METHIONINE","likely-independent-monomer","结构上较像可独立偶联的氨基酸单体","synthesis-first","CCD连接类型含 peptide linking；分子量 164.2 Da，处于保守的单残基初筛范围内","基于CCD名称、连接类型、分子式和分子量的保守规则分层","该结果用于安排人工审核顺序，不等同于已确认可购、可用于SPPS/LPPS、进入过环肽或具有口服暴露。"
"A1LUT","(3R)-3-HYDROXY-ASPARAGINE","likely-independent-monomer","结构上较像可独立偶联的氨基酸单体","synthesis-first","CCD连接类型含 peptide linking；分子量 148.1 Da，处于保守的单残基初筛范围内","基于CCD名称、连接类型、分子式和分子量的保守规则分层","该结果用于安排人工审核顺序，不等同于已确认可购、可用于SPPS/LPPS、进入过环肽或具有口服暴露。"
"A1LUV","(5S)-5-HYDROXY-LYSINE","likely-independent-monomer","结构上较像可独立偶联的氨基酸单体","synthesis-first","CCD连接类型含 peptide linking；分子量 163.2 Da，处于保守的单残基初筛范围内","基于CCD名称、连接类型、分子式和分子量的保守规则分层","该结果用于安排人工审核顺序，不等同于已确认可购、可用于SPPS/LPPS、进入过环肽或具有口服暴露。"
"A1LWV","(2~{S})-2-azanyl-6-(5-oxidanylidenepentanoylamino)hexanoic acid","likely-independent-monomer","结构上较像可独立偶联的氨基酸单体","synthesis-first","CCD连接类型含 peptide linking；分子量 244.3 Da，处于保守的单残基初筛范围内","基于CCD名称、连接类型、分子式和分子量的保守规则分层","该结果用于安排人工审核顺序，不等同于已确认可购、可用于SPPS/LPPS、进入过环肽或具有口服暴露。"
"A1MCG","(2~{S})-2-azanyl-3-[4-(pyrimidin-2-ylamino)phenyl]propanoic acid","likely-independent-monomer","结构上较像可独立偶联的氨基酸单体","synthesis-first","CCD连接类型含 peptide linking；分子量 258.3 Da，处于保守的单残基初筛范围内","基于CCD名称、连接类型、分子式和分子量的保守规则分层","该结果用于安排人工审核顺序，不等同于已确认可购、可用于SPPS/LPPS、进入过环肽或具有口服暴露。"
"A1MDN","(~{Z},2~{S})-2-azanyl-2-methyl-oct-6-enoic acid","likely-independent-monomer","结构上较像可独立偶联的氨基酸单体","synthesis-first","CCD连接类型含 peptide linking；分子量 171.2 Da，处于保守的单残基初筛范围内","基于CCD名称、连接类型、分子式和分子量的保守规则分层","该结果用于安排人工审核顺序，不等同于已确认可购、可用于SPPS/LPPS、进入过环肽或具有口服暴露。"
"A1MF6","(2~{S})-2-(aminomethyl)-4-methyl-pentanoic acid","likely-independent-monomer","结构上较像可独立偶联的氨基酸单体","synthesis-first","CCD连接类型含 peptide linking；分子量 145.2 Da，处于保守的单残基初筛范围内","基于CCD名称、连接类型、分子式和分子量的保守规则分层","该结果用于安排人工审核顺序，不等同于已确认可购、可用于SPPS/LPPS、进入过环肽或具有口服暴露。"
"A1MFG","(2~{S})-2-azanyl-4-[3-fluoranyl-4-(trifluoromethyl)phenyl]butanoic acid","likely-independent-monomer","结构上较像可独立偶联的氨基酸单体","synthesis-first","CCD连接类型含 peptide linking；分子量 265.2 Da，处于保守的单残基初筛范围内","基于CCD名称、连接类型、分子式和分子量的保守规则分层","该结果用于安排人工审核顺序，不等同于已确认可购、可用于SPPS/LPPS、进入过环肽或具有口服暴露。"
"A1MFI","(3~{R})-3-azanylbutanoic acid","likely-independent-monomer","结构上较像可独立偶联的氨基酸单体","synthesis-first","CCD连接类型含 peptide linking；分子量 103.1 Da，处于保守的单残基初筛范围内","基于CCD名称、连接类型、分子式和分子量的保守规则分层","该结果用于安排人工审核顺序，不等同于已确认可购、可用于SPPS/LPPS、进入过环肽或具有口服暴露。"
"A30","O-ethyl-L-tyrosine","likely-independent-monomer","结构上较像可独立偶联的氨基酸单体","synthesis-first","CCD连接类型含 peptide linking；分子量 209.2 Da，处于保守的单残基初筛范围内","基于CCD名称、连接类型、分子式和分子量的保守规则分层","该结果用于安排人工审核顺序，不等同于已确认可购、可用于SPPS/LPPS、进入过环肽或具有口服暴露。"
"A3U","4-acetamido-L-phenylalanine","likely-independent-monomer","结构上较像可独立偶联的氨基酸单体","synthesis-first","CCD连接类型含 peptide linking；分子量 222.2 Da，处于保守的单残基初筛范围内","基于CCD名称、连接类型、分子式和分子量的保守规则分层","该结果用于安排人工审核顺序，不等同于已确认可购、可用于SPPS/LPPS、进入过环肽或具有口服暴露。"
"A5N","O-carboxy-4-imino-L-homoserine","likely-independent-monomer","结构上较像可独立偶联的氨基酸单体","synthesis-first","CCD连接类型含 peptide linking；分子量 176.1 Da，处于保守的单残基初筛范围内","基于CCD名称、连接类型、分子式和分子量的保守规则分层","该结果用于安排人工审核顺序，不等同于已确认可购、可用于SPPS/LPPS、进入过环肽或具有口服暴露。"
"A8E","(2S)-2-amino-4-bromopent-4-enoic acid","likely-independent-monomer","结构上较像可独立偶联的氨基酸单体","synthesis-first","CCD连接类型含 peptide linking；分子量 194.0 Da，处于保守的单残基初筛范围内","基于CCD名称、连接类型、分子式和分子量的保守规则分层","该结果用于安排人工审核顺序，不等同于已确认可购、可用于SPPS/LPPS、进入过环肽或具有口服暴露。"
"AA4","2-AMINO-5-HYDROXYPENTANOIC ACID","likely-independent-monomer","结构上较像可独立偶联的氨基酸单体","synthesis-first","CCD连接类型含 peptide linking；分子量 133.1 Da，处于保守的单残基初筛范围内","基于CCD名称、连接类型、分子式和分子量的保守规则分层","该结果用于安排人工审核顺序，不等同于已确认可购、可用于SPPS/LPPS、进入过环肽或具有口服暴露。"
"AA6","3-[4,5-DIHYDROXY-2-2-(2-HYDROXYETHYLAMINO)-PHENYL]-2-METHYLAMINO-PROPIONIC ACID","likely-independent-monomer","结构上较像可独立偶联的氨基酸单体","synthesis-first","CCD连接类型含 peptide linking；分子量 256.3 Da，处于保守的单残基初筛范围内","基于CCD名称、连接类型、分子式和分子量的保守规则分层","该结果用于安排人工审核顺序，不等同于已确认可购、可用于SPPS/LPPS、进入过环肽或具有口服暴露。"
"ACA","6-AMINOHEXANOIC ACID","likely-independent-monomer","结构上较像可独立偶联的氨基酸单体","synthesis-first","CCD连接类型含 peptide linking；分子量 131.2 Da，处于保守的单残基初筛范围内","基于CCD名称、连接类型、分子式和分子量的保守规则分层","该结果用于安排人工审核顺序，不等同于已确认可购、可用于SPPS/LPPS、进入过环肽或具有口服暴露。"
"ACB","3-METHYL-BETA-D-ASPARTIC ACID","unresolved","现有结构字段不足以进一步判断","identity-first","CCD未给出明确 peptide linking 类型","基于CCD名称、连接类型、分子式和分子量的保守规则分层","该结果用于安排人工审核顺序，不等同于已确认可购、可用于SPPS/LPPS、进入过环肽或具有口服暴露。"
"AE5","N-[(2S)-2-amino-2-carboxyethyl]-L-glutamic acid","likely-independent-monomer","结构上较像可独立偶联的氨基酸单体","synthesis-first","CCD连接类型含 peptide linking；分子量 234.2 Da，处于保守的单残基初筛范围内","基于CCD名称、连接类型、分子式和分子量的保守规则分层","该结果用于安排人工审核顺序，不等同于已确认可购、可用于SPPS/LPPS、进入过环肽或具有口服暴露。"
"AEA","(2-AMINO-2-CARBAMOYL-ETHYLSULFANYL)-ACETIC ACID","likely-independent-monomer","结构上较像可独立偶联的氨基酸单体","synthesis-first","CCD连接类型含 peptide linking；分子量 178.2 Da，处于保守的单残基初筛范围内","基于CCD名称、连接类型、分子式和分子量的保守规则分层","该结果用于安排人工审核顺序，不等同于已确认可购、可用于SPPS/LPPS、进入过环肽或具有口服暴露。"
"AEI","THREONINE-ASPARTIC ESTER","likely-independent-monomer","结构上较像可独立偶联的氨基酸单体","synthesis-first","CCD连接类型含 peptide linking；分子量 234.2 Da，处于保守的单残基初筛范围内","基于CCD名称、连接类型、分子式和分子量的保守规则分层","该结果用于安排人工审核顺序，不等同于已确认可购、可用于SPPS/LPPS、进入过环肽或具有口服暴露。"
"AFA","N-[7-METHYL-OCT-2,4-DIENOYL]ASPARAGINE","likely-independent-monomer","结构上较像可独立偶联的氨基酸单体","synthesis-first","CCD连接类型含 peptide linking；分子量 268.3 Da，处于保守的单残基初筛范围内","基于CCD名称、连接类型、分子式和分子量的保守规则分层","该结果用于安排人工审核顺序，不等同于已确认可购、可用于SPPS/LPPS、进入过环肽或具有口服暴露。"
"AGM","5-METHYL-ARGININE","likely-independent-monomer","结构上较像可独立偶联的氨基酸单体","synthesis-first","CCD连接类型含 peptide linking；分子量 189.2 Da，处于保守的单残基初筛范围内","基于CCD名称、连接类型、分子式和分子量的保守规则分层","该结果用于安排人工审核顺序，不等同于已确认可购、可用于SPPS/LPPS、进入过环肽或具有口服暴露。"
"AGQ","3-[(3E)-3-(carbamimidoylhydrazono)-4-hydroxy-6-oxocyclohexa-1,4-dien-1-yl]-L-alanine","likely-independent-monomer","结构上较像可独立偶联的氨基酸单体","synthesis-first","CCD连接类型含 peptide linking；分子量 267.2 Da，处于保守的单残基初筛范围内","基于CCD名称、连接类型、分子式和分子量的保守规则分层","该结果用于安排人工审核顺序，不等同于已确认可购、可用于SPPS/LPPS、进入过环肽或具有口服暴露。"
"AGT","S-{(S)-AMINO[(4-AMINOBUTYL)AMINO]METHYL}-L-CYSTEINE","likely-independent-monomer","结构上较像可独立偶联的氨基酸单体","synthesis-first","CCD连接类型含 peptide linking；分子量 236.3 Da，处于保守的单残基初筛范围内","基于CCD名称、连接类型、分子式和分子量的保守规则分层","该结果用于安排人工审核顺序，不等同于已确认可购、可用于SPPS/LPPS、进入过环肽或具有口服暴露。"
"AHB","BETA-HYDROXYASPARAGINE","likely-independent-monomer","结构上较像可独立偶联的氨基酸单体","synthesis-first","CCD连接类型含 peptide linking；分子量 148.1 Da，处于保守的单残基初筛范围内","基于CCD名称、连接类型、分子式和分子量的保守规则分层","该结果用于安排人工审核顺序，不等同于已确认可购、可用于SPPS/LPPS、进入过环肽或具有口服暴露。"
"AHH","AMINO-HYDROXYHEPTANOIC ACID","likely-independent-monomer","结构上较像可独立偶联的氨基酸单体","synthesis-first","CCD连接类型含 peptide linking；分子量 161.2 Da，处于保守的单残基初筛范围内","基于CCD名称、连接类型、分子式和分子量的保守规则分层","该结果用于安排人工审核顺序，不等同于已确认可购、可用于SPPS/LPPS、进入过环肽或具有口服暴露。"
"AHP","2-AMINO-HEPTANOIC ACID","likely-independent-monomer","结构上较像可独立偶联的氨基酸单体","synthesis-first","CCD连接类型含 peptide linking；分子量 145.2 Da，处于保守的单残基初筛范围内","基于CCD名称、连接类型、分子式和分子量的保守规则分层","该结果用于安排人工审核顺序，不等同于已确认可购、可用于SPPS/LPPS、进入过环肽或具有口服暴露。"
"AJE","(3S,4R)-4-amino-1-(3-carboxypropanoyl)pyrrolidine-3-carboxylic acid","likely-independent-monomer","结构上较像可独立偶联的氨基酸单体","synthesis-first","CCD连接类型含 peptide linking；分子量 230.2 Da，处于保守的单残基初筛范围内","基于CCD名称、连接类型、分子式和分子量的保守规则分层","该结果用于安排人工审核顺序，不等同于已确认可购、可用于SPPS/LPPS、进入过环肽或具有口服暴露。"
"ALN","NAPHTHALEN-2-YL-3-ALANINE","likely-independent-monomer","结构上较像可独立偶联的氨基酸单体","synthesis-first","CCD连接类型含 peptide linking；分子量 215.2 Da，处于保守的单残基初筛范围内","基于CCD名称、连接类型、分子式和分子量的保守规则分层","该结果用于安排人工审核顺序，不等同于已确认可购、可用于SPPS/LPPS、进入过环肽或具有口服暴露。"
"ALO","ALLO-THREONINE","likely-independent-monomer","结构上较像可独立偶联的氨基酸单体","synthesis-first","CCD连接类型含 peptide linking；分子量 119.1 Da，处于保守的单残基初筛范围内","基于CCD名称、连接类型、分子式和分子量的保守规则分层","该结果用于安排人工审核顺序，不等同于已确认可购、可用于SPPS/LPPS、进入过环肽或具有口服暴露。"
"ALY","N(6)-ACETYLLYSINE","likely-independent-monomer","结构上较像可独立偶联的氨基酸单体","synthesis-first","CCD连接类型含 peptide linking；分子量 188.2 Da，处于保守的单残基初筛范围内","基于CCD名称、连接类型、分子式和分子量的保守规则分层","该结果用于安排人工审核顺序，不等同于已确认可购、可用于SPPS/LPPS、进入过环肽或具有口服暴露。"
"AN8","(2S)-2-aminononanoic acid","likely-independent-monomer","结构上较像可独立偶联的氨基酸单体","synthesis-first","CCD连接类型含 peptide linking；分子量 173.3 Da，处于保守的单残基初筛范围内","基于CCD名称、连接类型、分子式和分子量的保守规则分层","该结果用于安排人工审核顺序，不等同于已确认可购、可用于SPPS/LPPS、进入过环肽或具有口服暴露。"
"APH","P-AMIDINOPHENYL-3-ALANINE","likely-independent-monomer","结构上较像可独立偶联的氨基酸单体","synthesis-first","CCD连接类型含 peptide linking；分子量 207.2 Da，处于保守的单残基初筛范围内","基于CCD名称、连接类型、分子式和分子量的保守规则分层","该结果用于安排人工审核顺序，不等同于已确认可购、可用于SPPS/LPPS、进入过环肽或具有口服暴露。"
"API","2,6-DIAMINOPIMELIC ACID","likely-independent-monomer","结构上较像可独立偶联的氨基酸单体","synthesis-first","CCD连接类型含 peptide linking；分子量 190.2 Da，处于保守的单残基初筛范围内","基于CCD名称、连接类型、分子式和分子量的保守规则分层","该结果用于安排人工审核顺序，不等同于已确认可购、可用于SPPS/LPPS、进入过环肽或具有口服暴露。"
"APM","M-AMIDINOPHENYL-3-ALANINE","likely-independent-monomer","结构上较像可独立偶联的氨基酸单体","synthesis-first","CCD连接类型含 peptide linking；分子量 207.2 Da，处于保守的单残基初筛范围内","基于CCD名称、连接类型、分子式和分子量的保守规则分层","该结果用于安排人工审核顺序，不等同于已确认可购、可用于SPPS/LPPS、进入过环肽或具有口服暴露。"
"APP","1-ACETYL-2-CARBOXYPIPERIDINE","likely-independent-monomer","结构上较像可独立偶联的氨基酸单体","synthesis-first","CCD连接类型含 peptide linking；分子量 171.2 Da，处于保守的单残基初筛范围内","基于CCD名称、连接类型、分子式和分子量的保守规则分层","该结果用于安排人工审核顺序，不等同于已确认可购、可用于SPPS/LPPS、进入过环肽或具有口服暴露。"
"ARO","C-GAMMA-HYDROXY ARGININE","likely-independent-monomer","结构上较像可独立偶联的氨基酸单体","synthesis-first","CCD连接类型含 peptide linking；分子量 191.2 Da，处于保守的单残基初筛范围内","基于CCD名称、连接类型、分子式和分子量的保守规则分层","该结果用于安排人工审核顺序，不等同于已确认可购、可用于SPPS/LPPS、进入过环肽或具有口服暴露。"
"ARV","5-N-ALLYL-ARGININE","special-reactive-candidate","带特殊反应基团，需按设计用途核查","use-case-first","名称提示带点击、交联、亲电或其他特殊反应基团；可能有设计价值，但需核对保护策略、化学稳定性与位点选择性","基于CCD名称、连接类型、分子式和分子量的保守规则分层","该结果用于安排人工审核顺序，不等同于已确认可购、可用于SPPS/LPPS、进入过环肽或具有口服暴露。"
"AS2","(2R)-2-AMINO-4-OXOBUTANOIC ACID","likely-independent-monomer","结构上较像可独立偶联的氨基酸单体","synthesis-first","CCD连接类型含 peptide linking；分子量 117.1 Da，处于保守的单残基初筛范围内","基于CCD名称、连接类型、分子式和分子量的保守规则分层","该结果用于安排人工审核顺序，不等同于已确认可购、可用于SPPS/LPPS、进入过环肽或具有口服暴露。"
"AS7","N4-(4-cyanobenzyl)-L-asparagine","likely-independent-monomer","结构上较像可独立偶联的氨基酸单体","synthesis-first","CCD连接类型含 peptide linking；分子量 247.3 Da，处于保守的单残基初筛范围内","基于CCD名称、连接类型、分子式和分子量的保守规则分层","该结果用于安排人工审核顺序，不等同于已确认可购、可用于SPPS/LPPS、进入过环肽或具有口服暴露。"
"ASB","ASPARTIC ACID-4-CARBOXYMETHYL ESTER","likely-independent-monomer","结构上较像可独立偶联的氨基酸单体","synthesis-first","CCD连接类型含 peptide linking；分子量 191.1 Da，处于保守的单残基初筛范围内","基于CCD名称、连接类型、分子式和分子量的保守规则分层","该结果用于安排人工审核顺序，不等同于已确认可购、可用于SPPS/LPPS、进入过环肽或具有口服暴露。"
"ASL","ASPARTIC ACID-4-CARBOXYETHYL ESTER","likely-independent-monomer","结构上较像可独立偶联的氨基酸单体","synthesis-first","CCD连接类型含 peptide linking；分子量 205.2 Da，处于保守的单残基初筛范围内","基于CCD名称、连接类型、分子式和分子量的保守规则分层","该结果用于安排人工审核顺序，不等同于已确认可购、可用于SPPS/LPPS、进入过环肽或具有口服暴露。"
"ASM","2-AMINO-4-OXO-4(1H-PYRROL-1-YL)BUTANOIC ACID","likely-independent-monomer","结构上较像可独立偶联的氨基酸单体","synthesis-first","CCD连接类型含 peptide linking；分子量 182.2 Da，处于保守的单残基初筛范围内","基于CCD名称、连接类型、分子式和分子量的保守规则分层","该结果用于安排人工审核顺序，不等同于已确认可购、可用于SPPS/LPPS、进入过环肽或具有口服暴露。"
"AVN","(2S)-AMINO[(5S)-3-CHLORO-4,5-DIHYDROISOXAZOL-5-YL]ACETIC ACID","likely-independent-monomer","结构上较像可独立偶联的氨基酸单体","synthesis-first","CCD连接类型含 peptide linking；分子量 178.6 Da，处于保守的单残基初筛范围内","基于CCD名称、连接类型、分子式和分子量的保守规则分层","该结果用于安排人工审核顺序，不等同于已确认可购、可用于SPPS/LPPS、进入过环肽或具有口服暴露。"
"AZH","AZIDOHOMOALANINE","special-reactive-candidate","带特殊反应基团，需按设计用途核查","use-case-first","名称提示带点击、交联、亲电或其他特殊反应基团；可能有设计价值，但需核对保护策略、化学稳定性与位点选择性","基于CCD名称、连接类型、分子式和分子量的保守规则分层","该结果用于安排人工审核顺序，不等同于已确认可购、可用于SPPS/LPPS、进入过环肽或具有口服暴露。"
"AZS","O-DIAZOACETYL-L-SERINE","likely-independent-monomer","结构上较像可独立偶联的氨基酸单体","synthesis-first","CCD连接类型含 peptide linking；分子量 173.1 Da，处于保守的单残基初筛范围内","基于CCD名称、连接类型、分子式和分子量的保守规则分层","该结果用于安排人工审核顺序，不等同于已确认可购、可用于SPPS/LPPS、进入过环肽或具有口服暴露。"
"AZY","3-AZIDO-L-TYROSINE","special-reactive-candidate","带特殊反应基团，需按设计用途核查","use-case-first","名称提示带点击、交联、亲电或其他特殊反应基团；可能有设计价值，但需核对保护策略、化学稳定性与位点选择性","基于CCD名称、连接类型、分子式和分子量的保守规则分层","该结果用于安排人工审核顺序，不等同于已确认可购、可用于SPPS/LPPS、进入过环肽或具有口服暴露。"
"B2N","(2S)-4-amino-2-(aminomethyl)-4-oxobutanoic acid","likely-independent-monomer","结构上较像可独立偶联的氨基酸单体","synthesis-first","CCD连接类型含 peptide linking；分子量 146.1 Da，处于保守的单残基初筛范围内","基于CCD名称、连接类型、分子式和分子量的保守规则分层","该结果用于安排人工审核顺序，不等同于已确认可购、可用于SPPS/LPPS、进入过环肽或具有口服暴露。"
"B3A","(3S)-3-AMINOBUTANOIC ACID","likely-independent-monomer","结构上较像可独立偶联的氨基酸单体","synthesis-first","CCD连接类型含 peptide linking；分子量 103.1 Da，处于保守的单残基初筛范围内","基于CCD名称、连接类型、分子式和分子量的保守规则分层","该结果用于安排人工审核顺序，不等同于已确认可购、可用于SPPS/LPPS、进入过环肽或具有口服暴露。"
"B3D","3-AMINOPENTANEDIOIC ACID","likely-independent-monomer","结构上较像可独立偶联的氨基酸单体","synthesis-first","CCD连接类型含 peptide linking；分子量 147.1 Da，处于保守的单残基初筛范围内","基于CCD名称、连接类型、分子式和分子量的保守规则分层","该结果用于安排人工审核顺序，不等同于已确认可购、可用于SPPS/LPPS、进入过环肽或具有口服暴露。"
"B3E","(3S)-3-AMINOHEXANEDIOIC ACID","likely-independent-monomer","结构上较像可独立偶联的氨基酸单体","synthesis-first","CCD连接类型含 peptide linking；分子量 161.2 Da，处于保守的单残基初筛范围内","基于CCD名称、连接类型、分子式和分子量的保守规则分层","该结果用于安排人工审核顺序，不等同于已确认可购、可用于SPPS/LPPS、进入过环肽或具有口服暴露。"
"B3K","(3S)-3,7-DIAMINOHEPTANOIC ACID","likely-independent-monomer","结构上较像可独立偶联的氨基酸单体","synthesis-first","CCD连接类型含 peptide linking；分子量 160.2 Da，处于保守的单残基初筛范围内","基于CCD名称、连接类型、分子式和分子量的保守规则分层","该结果用于安排人工审核顺序，不等同于已确认可购、可用于SPPS/LPPS、进入过环肽或具有口服暴露。"
"B3L","(3S)-3-amino-5-methylhexanoic acid","likely-independent-monomer","结构上较像可独立偶联的氨基酸单体","synthesis-first","CCD连接类型含 peptide linking；分子量 145.2 Da，处于保守的单残基初筛范围内","基于CCD名称、连接类型、分子式和分子量的保守规则分层","该结果用于安排人工审核顺序，不等同于已确认可购、可用于SPPS/LPPS、进入过环肽或具有口服暴露。"
"B3M","(3R)-3-amino-5-(methylsulfanyl)pentanoic acid","likely-independent-monomer","结构上较像可独立偶联的氨基酸单体","synthesis-first","CCD连接类型含 peptide linking；分子量 163.2 Da，处于保守的单残基初筛范围内","基于CCD名称、连接类型、分子式和分子量的保守规则分层","该结果用于安排人工审核顺序，不等同于已确认可购、可用于SPPS/LPPS、进入过环肽或具有口服暴露。"
"B3Q","(3S)-3,6-diamino-6-oxohexanoic acid","likely-independent-monomer","结构上较像可独立偶联的氨基酸单体","synthesis-first","CCD连接类型含 peptide linking；分子量 160.2 Da，处于保守的单残基初筛范围内","基于CCD名称、连接类型、分子式和分子量的保守规则分层","该结果用于安排人工审核顺序，不等同于已确认可购、可用于SPPS/LPPS、进入过环肽或具有口服暴露。"
"B3T","3-amino-2,3,5-trideoxy-D-threo-pentonic acid","likely-independent-monomer","结构上较像可独立偶联的氨基酸单体","synthesis-first","CCD连接类型含 peptide linking；分子量 133.1 Da，处于保守的单残基初筛范围内","基于CCD名称、连接类型、分子式和分子量的保守规则分层","该结果用于安排人工审核顺序，不等同于已确认可购、可用于SPPS/LPPS、进入过环肽或具有口服暴露。"
"B3U","2-amino-L-histidine","likely-independent-monomer","结构上较像可独立偶联的氨基酸单体","synthesis-first","CCD连接类型含 peptide linking；分子量 170.2 Da，处于保守的单残基初筛范围内","基于CCD名称、连接类型、分子式和分子量的保守规则分层","该结果用于安排人工审核顺序，不等同于已确认可购、可用于SPPS/LPPS、进入过环肽或具有口服暴露。"
"B3X","(3S)-3,5-DIAMINO-5-OXOPENTANOIC ACID","likely-independent-monomer","结构上较像可独立偶联的氨基酸单体","synthesis-first","CCD连接类型含 peptide linking；分子量 146.1 Da，处于保守的单残基初筛范围内","基于CCD名称、连接类型、分子式和分子量的保守规则分层","该结果用于安排人工审核顺序，不等同于已确认可购、可用于SPPS/LPPS、进入过环肽或具有口服暴露。"
"B3Y","(3S)-3-AMINO-4-(4-HYDROXYPHENYL)BUTANOIC ACID","likely-independent-monomer","结构上较像可独立偶联的氨基酸单体","synthesis-first","CCD连接类型含 peptide linking；分子量 195.2 Da，处于保守的单残基初筛范围内","基于CCD名称、连接类型、分子式和分子量的保守规则分层","该结果用于安排人工审核顺序，不等同于已确认可购、可用于SPPS/LPPS、进入过环肽或具有口服暴露。"
"B5I","2-propyl-L-norvaline","likely-independent-monomer","结构上较像可独立偶联的氨基酸单体","synthesis-first","CCD连接类型含 peptide linking；分子量 159.2 Da，处于保守的单残基初筛范围内","基于CCD名称、连接类型、分子式和分子量的保守规则分层","该结果用于安排人工审核顺序，不等同于已确认可购、可用于SPPS/LPPS、进入过环肽或具有口服暴露。"
"B8R","(2S,10R)-2,10-diamino-11-(dimethylamino)-11-oxoundecanoic acid","likely-independent-monomer","结构上较像可独立偶联的氨基酸单体","synthesis-first","CCD连接类型含 peptide linking；分子量 273.4 Da，处于保守的单残基初筛范围内","基于CCD名称、连接类型、分子式和分子量的保守规则分层","该结果用于安排人工审核顺序，不等同于已确认可购、可用于SPPS/LPPS、进入过环肽或具有口服暴露。"
"BB6","(2Z)-2-amino-3-sulfanylbut-2-enoic acid","likely-independent-monomer","结构上较像可独立偶联的氨基酸单体","synthesis-first","CCD连接类型含 peptide linking；分子量 133.2 Da，处于保守的单残基初筛范围内","基于CCD名称、连接类型、分子式和分子量的保守规则分层","该结果用于安排人工审核顺序，不等同于已确认可购、可用于SPPS/LPPS、进入过环肽或具有口服暴露。"
"BB7","(2Z)-2-amino-4-methoxy-3-sulfanylbut-2-enoic acid","likely-independent-monomer","结构上较像可独立偶联的氨基酸单体","synthesis-first","CCD连接类型含 peptide linking；分子量 163.2 Da，处于保守的单残基初筛范围内","基于CCD名称、连接类型、分子式和分子量的保守规则分层","该结果用于安排人工审核顺序，不等同于已确认可购、可用于SPPS/LPPS、进入过环肽或具有口服暴露。"
"BB8","(2S,3S)-BETA-HYDROXY-PHENYLALANINE","likely-independent-monomer","结构上较像可独立偶联的氨基酸单体","synthesis-first","CCD连接类型含 peptide linking；分子量 181.2 Da，处于保守的单残基初筛范围内","基于CCD名称、连接类型、分子式和分子量的保守规则分层","该结果用于安排人工审核顺序，不等同于已确认可购、可用于SPPS/LPPS、进入过环肽或具有口服暴露。"
"BB9","(2Z)-2-amino-3-sulfanylprop-2-enoic acid","likely-independent-monomer","结构上较像可独立偶联的氨基酸单体","synthesis-first","CCD连接类型含 peptide linking；分子量 119.1 Da，处于保守的单残基初筛范围内","基于CCD名称、连接类型、分子式和分子量的保守规则分层","该结果用于安排人工审核顺序，不等同于已确认可购、可用于SPPS/LPPS、进入过环肽或具有口服暴露。"
"BCS","BENZYLCYSTEINE","likely-independent-monomer","结构上较像可独立偶联的氨基酸单体","synthesis-first","CCD连接类型含 peptide linking；分子量 211.3 Da，处于保守的单残基初筛范围内","基于CCD名称、连接类型、分子式和分子量的保守规则分层","该结果用于安排人工审核顺序，不等同于已确认可购、可用于SPPS/LPPS、进入过环肽或具有口服暴露。"
"BCX","(3R)-3-amino-4-sulfanylbutanoic acid","likely-independent-monomer","结构上较像可独立偶联的氨基酸单体","synthesis-first","CCD连接类型含 peptide linking；分子量 135.2 Da，处于保守的单残基初筛范围内","基于CCD名称、连接类型、分子式和分子量的保守规则分层","该结果用于安排人工审核顺序，不等同于已确认可购、可用于SPPS/LPPS、进入过环肽或具有口服暴露。"
"BE2","2-AMINOBENZOIC ACID","likely-independent-monomer","结构上较像可独立偶联的氨基酸单体","synthesis-first","CCD连接类型含 peptide linking；分子量 137.1 Da，处于保守的单残基初筛范围内","基于CCD名称、连接类型、分子式和分子量的保守规则分层","该结果用于安排人工审核顺序，不等同于已确认可购、可用于SPPS/LPPS、进入过环肽或具有口服暴露。"
"BFD","ASPARTATE BERYLLIUM TRIFLUORIDE","likely-independent-monomer","结构上较像可独立偶联的氨基酸单体","synthesis-first","CCD连接类型含 peptide linking；分子量 198.1 Da，处于保守的单残基初筛范围内","基于CCD名称、连接类型、分子式和分子量的保守规则分层","该结果用于安排人工审核顺序，不等同于已确认可购、可用于SPPS/LPPS、进入过环肽或具有口服暴露。"
"BG4","5-(HYDROXY-METHYL-AMINO)-3-METHYL-PYRROLIDINE-2-CARBOXYLIC ACID","likely-independent-monomer","结构上较像可独立偶联的氨基酸单体","synthesis-first","CCD连接类型含 peptide linking；分子量 174.2 Da，处于保守的单残基初筛范围内","基于CCD名称、连接类型、分子式和分子量的保守规则分层","该结果用于安排人工审核顺序，不等同于已确认可购、可用于SPPS/LPPS、进入过环肽或具有口服暴露。"
"BG5","5-HYDROXYAMINO-3-METHYL-PYRROLIDINE-2-CARBOXYLIC ACID","likely-independent-monomer","结构上较像可独立偶联的氨基酸单体","synthesis-first","CCD连接类型含 peptide linking；分子量 160.2 Da，处于保守的单残基初筛范围内","基于CCD名称、连接类型、分子式和分子量的保守规则分层","该结果用于安排人工审核顺序，不等同于已确认可购、可用于SPPS/LPPS、进入过环肽或具有口服暴露。"
"BH2","(3R)-3-hydroxy-L-aspartic acid","likely-independent-monomer","结构上较像可独立偶联的氨基酸单体","synthesis-first","CCD连接类型含 peptide linking；分子量 149.1 Da，处于保守的单残基初筛范围内","基于CCD名称、连接类型、分子式和分子量的保守规则分层","该结果用于安排人工审核顺序，不等同于已确认可购、可用于SPPS/LPPS、进入过环肽或具有口服暴露。"
"BHD","(3S)-3-hydroxy-L-aspartic acid","likely-independent-monomer","结构上较像可独立偶联的氨基酸单体","synthesis-first","CCD连接类型含 peptide linking；分子量 149.1 Da，处于保守的单残基初筛范围内","基于CCD名称、连接类型、分子式和分子量的保守规则分层","该结果用于安排人工审核顺序，不等同于已确认可购、可用于SPPS/LPPS、进入过环肽或具有口服暴露。"
"BIL","(3R,4S)-3-amino-4-methylhexanoic acid","likely-independent-monomer","结构上较像可独立偶联的氨基酸单体","synthesis-first","CCD连接类型含 peptide linking；分子量 145.2 Da，处于保守的单残基初筛范围内","基于CCD名称、连接类型、分子式和分子量的保守规则分层","该结果用于安排人工审核顺序，不等同于已确认可购、可用于SPPS/LPPS、进入过环肽或具有口服暴露。"
"BIU","5-bromo-L-isoleucine","likely-independent-monomer","结构上较像可独立偶联的氨基酸单体","synthesis-first","CCD连接类型含 peptide linking；分子量 210.1 Da，处于保守的单残基初筛范围内","基于CCD名称、连接类型、分子式和分子量的保守规则分层","该结果用于安排人工审核顺序，不等同于已确认可购、可用于SPPS/LPPS、进入过环肽或具有口服暴露。"
"BJH","1(R)-1-ACETAMIDO-2-(3-CARBOXY-2-HYDROXYPHENYL)ETHYL BORONIC ACID","special-reactive-candidate","带特殊反应基团，需按设计用途核查","use-case-first","名称提示带点击、交联、亲电或其他特殊反应基团；可能有设计价值，但需核对保护策略、化学稳定性与位点选择性","基于CCD名称、连接类型、分子式和分子量的保守规则分层","该结果用于安排人工审核顺序，不等同于已确认可购、可用于SPPS/LPPS、进入过环肽或具有口服暴露。"
"BNN","ACETYL-P-AMIDINOPHENYLALANINE","likely-independent-monomer","结构上较像可独立偶联的氨基酸单体","synthesis-first","CCD连接类型含 peptide linking；分子量 249.3 Da，处于保守的单残基初筛范围内","基于CCD名称、连接类型、分子式和分子量的保守规则分层","该结果用于安排人工审核顺序，不等同于已确认可购、可用于SPPS/LPPS、进入过环肽或具有口服暴露。"
"BP5","3-(2,2'-BIPYRIDIN-5-YL)-L-ALANINE","likely-independent-monomer","结构上较像可独立偶联的氨基酸单体","synthesis-first","CCD连接类型含 peptide linking；分子量 243.3 Da，处于保守的单残基初筛范围内","基于CCD名称、连接类型、分子式和分子量的保守规则分层","该结果用于安排人工审核顺序，不等同于已确认可购、可用于SPPS/LPPS、进入过环肽或具有口服暴露。"
"BSE","BETA-3-SERINE","likely-independent-monomer","结构上较像可独立偶联的氨基酸单体","synthesis-first","CCD连接类型含 peptide linking；分子量 119.1 Da，处于保守的单残基初筛范围内","基于CCD名称、连接类型、分子式和分子量的保守规则分层","该结果用于安排人工审核顺序，不等同于已确认可购、可用于SPPS/LPPS、进入过环肽或具有口服暴露。"
"BTK","N~6~-butanoyl-L-lysine","likely-independent-monomer","结构上较像可独立偶联的氨基酸单体","synthesis-first","CCD连接类型含 peptide linking；分子量 216.3 Da，处于保守的单残基初筛范围内","基于CCD名称、连接类型、分子式和分子量的保守规则分层","该结果用于安排人工审核顺序，不等同于已确认可购、可用于SPPS/LPPS、进入过环肽或具有口服暴露。"
"BTR","6-BROMO-TRYPTOPHAN","likely-independent-monomer","结构上较像可独立偶联的氨基酸单体","synthesis-first","CCD连接类型含 peptide linking；分子量 283.1 Da，处于保守的单残基初筛范围内","基于CCD名称、连接类型、分子式和分子量的保守规则分层","该结果用于安排人工审核顺序，不等同于已确认可购、可用于SPPS/LPPS、进入过环肽或具有口服暴露。"
"BUC","S,S-BUTYLTHIOCYSTEINE","likely-independent-monomer","结构上较像可独立偶联的氨基酸单体","synthesis-first","CCD连接类型含 peptide linking；分子量 209.3 Da，处于保守的单残基初筛范围内","基于CCD名称、连接类型、分子式和分子量的保守规则分层","该结果用于安排人工审核顺序，不等同于已确认可购、可用于SPPS/LPPS、进入过环肽或具有口服暴露。"
"BW5","(2~{S})-3-(1-adamantyl)-2-azanyl-propanoic acid","likely-independent-monomer","结构上较像可独立偶联的氨基酸单体","synthesis-first","CCD连接类型含 peptide linking；分子量 223.3 Da，处于保守的单残基初筛范围内","基于CCD名称、连接类型、分子式和分子量的保守规则分层","该结果用于安排人工审核顺序，不等同于已确认可购、可用于SPPS/LPPS、进入过环肽或具有口服暴露。"
"BWV","N~5~-(N-butylcarbamimidoyl)-L-ornithine","likely-independent-monomer","结构上较像可独立偶联的氨基酸单体","synthesis-first","CCD连接类型含 peptide linking；分子量 230.3 Da，处于保守的单残基初筛范围内","基于CCD名称、连接类型、分子式和分子量的保守规则分层","该结果用于安排人工审核顺序，不等同于已确认可购、可用于SPPS/LPPS、进入过环肽或具有口服暴露。"
"BXT","(2~{S})-2-azanyl-3-[ethyl(methyl)carbamoyl]oxy-propanoic acid","likely-independent-monomer","结构上较像可独立偶联的氨基酸单体","synthesis-first","CCD连接类型含 peptide linking；分子量 190.2 Da，处于保守的单残基初筛范围内","基于CCD名称、连接类型、分子式和分子量的保守规则分层","该结果用于安排人工审核顺序，不等同于已确认可购、可用于SPPS/LPPS、进入过环肽或具有口服暴露。"
"BYR","3-bromo-L-tyrosine","likely-independent-monomer","结构上较像可独立偶联的氨基酸单体","synthesis-first","CCD连接类型含 peptide linking；分子量 260.1 Da，处于保守的单残基初筛范围内","基于CCD名称、连接类型、分子式和分子量的保守规则分层","该结果用于安排人工审核顺序，不等同于已确认可购、可用于SPPS/LPPS、进入过环肽或具有口服暴露。"
"BZK","(2S, 4S, 6S)-2-amino-6-hydroxy-4-methyl-8-oxodecanoic acid","likely-independent-monomer","结构上较像可独立偶联的氨基酸单体","synthesis-first","CCD连接类型含 peptide linking；分子量 231.3 Da，处于保守的单残基初筛范围内","基于CCD名称、连接类型、分子式和分子量的保守规则分层","该结果用于安排人工审核顺序，不等同于已确认可购、可用于SPPS/LPPS、进入过环肽或具有口服暴露。"
"C0O","(~{Z},2~{R},6~{S})-2,6-bis(azanyl)hept-3-enedioic acid","likely-independent-monomer","结构上较像可独立偶联的氨基酸单体","synthesis-first","CCD连接类型含 peptide linking；分子量 188.2 Da，处于保守的单残基初筛范围内","基于CCD名称、连接类型、分子式和分子量的保守规则分层","该结果用于安排人工审核顺序，不等同于已确认可购、可用于SPPS/LPPS、进入过环肽或具有口服暴露。"
"C1T","S-[(1S,6R)-3,6-dihydroxy-4-methyl-2,5-dioxocyclohex-3-en-1-yl]-L-cysteine","likely-independent-monomer","结构上较像可独立偶联的氨基酸单体","synthesis-first","CCD连接类型含 peptide linking；分子量 275.3 Da，处于保守的单残基初筛范围内","基于CCD名称、连接类型、分子式和分子量的保守规则分层","该结果用于安排人工审核顺序，不等同于已确认可购、可用于SPPS/LPPS、进入过环肽或具有口服暴露。"
"C22","3-chloro-L-alanine","likely-independent-monomer","结构上较像可独立偶联的氨基酸单体","synthesis-first","CCD连接类型含 peptide linking；分子量 123.5 Da，处于保守的单残基初筛范围内","基于CCD名称、连接类型、分子式和分子量的保守规则分层","该结果用于安排人工审核顺序，不等同于已确认可购、可用于SPPS/LPPS、进入过环肽或具有口服暴露。"
"C2N","3-chloro-D-alanine","likely-independent-monomer","结构上较像可独立偶联的氨基酸单体","synthesis-first","CCD连接类型含 peptide linking；分子量 123.5 Da，处于保守的单残基初筛范围内","基于CCD名称、连接类型、分子式和分子量的保守规则分层","该结果用于安排人工审核顺序，不等同于已确认可购、可用于SPPS/LPPS、进入过环肽或具有口服暴露。"
"C3Y","S-[(1S)-1-HYDROXY-1-(HYDROXYAMINO)ETHYL]-L-CYSTEINE","likely-independent-monomer","结构上较像可独立偶联的氨基酸单体","synthesis-first","CCD连接类型含 peptide linking；分子量 196.2 Da，处于保守的单残基初筛范围内","基于CCD名称、连接类型、分子式和分子量的保守规则分层","该结果用于安排人工审核顺序，不等同于已确认可购、可用于SPPS/LPPS、进入过环肽或具有口服暴露。"
"C99","{(2R)-2-[(1S,2R)-1-AMINO-2-HYDROXYPROPYL]-2-HYDROXY-4,5-DIOXOIMIDAZOLIDIN-1-YL}ACETIC ACID","likely-independent-monomer","结构上较像可独立偶联的氨基酸单体","synthesis-first","CCD连接类型含 peptide linking；分子量 247.2 Da，处于保守的单残基初筛范围内","基于CCD名称、连接类型、分子式和分子量的保守规则分层","该结果用于安排人工审核顺序，不等同于已确认可购、可用于SPPS/LPPS、进入过环肽或具有口服暴露。"
"CAB","4,4-dihydroxy-5-oxo-L-norvaline","likely-independent-monomer","结构上较像可独立偶联的氨基酸单体","synthesis-first","CCD连接类型含 peptide linking；分子量 163.1 Da，处于保守的单残基初筛范围内","基于CCD名称、连接类型、分子式和分子量的保守规则分层","该结果用于安排人工审核顺序，不等同于已确认可购、可用于SPPS/LPPS、进入过环肽或具有口服暴露。"
"CCJ","Carboxymthylated D- Cysteine","likely-independent-monomer","结构上较像可独立偶联的氨基酸单体","synthesis-first","CCD连接类型含 peptide linking；分子量 179.2 Da，处于保守的单残基初筛范围内","基于CCD名称、连接类型、分子式和分子量的保守规则分层","该结果用于安排人工审核顺序，不等同于已确认可购、可用于SPPS/LPPS、进入过环肽或具有口服暴露。"
"CCL","N~6~-[(CYCLOPENTYLOXY)CARBONYL]-D-LYSINE","likely-independent-monomer","结构上较像可独立偶联的氨基酸单体","synthesis-first","CCD连接类型含 peptide linking；分子量 258.3 Da，处于保守的单残基初筛范围内","基于CCD名称、连接类型、分子式和分子量的保守规则分层","该结果用于安排人工审核顺序，不等同于已确认可购、可用于SPPS/LPPS、进入过环肽或具有口服暴露。"
"CCS","CARBOXYMETHYLATED CYSTEINE","likely-independent-monomer","结构上较像可独立偶联的氨基酸单体","synthesis-first","CCD连接类型含 peptide linking；分子量 179.2 Da，处于保守的单残基初筛范围内","基于CCD名称、连接类型、分子式和分子量的保守规则分层","该结果用于安排人工审核顺序，不等同于已确认可购、可用于SPPS/LPPS、进入过环肽或具有口服暴露。"
"CDV","3-METHYL-2-UREIDO-BUTYRIC ACID","likely-independent-monomer","结构上较像可独立偶联的氨基酸单体","synthesis-first","CCD连接类型含 peptide linking；分子量 160.2 Da，处于保守的单残基初筛范围内","基于CCD名称、连接类型、分子式和分子量的保守规则分层","该结果用于安排人工审核顺序，不等同于已确认可购、可用于SPPS/LPPS、进入过环肽或具有口服暴露。"
"CG6","beta-Methyl-Cysteine","likely-independent-monomer","结构上较像可独立偶联的氨基酸单体","synthesis-first","CCD连接类型含 peptide linking；分子量 135.2 Da，处于保守的单残基初筛范围内","基于CCD名称、连接类型、分子式和分子量的保守规则分层","该结果用于安排人工审核顺序，不等同于已确认可购、可用于SPPS/LPPS、进入过环肽或具有口服暴露。"
"CGA","CARBOXYMETHYLATED GLUTAMIC ACID","likely-independent-monomer","结构上较像可独立偶联的氨基酸单体","synthesis-first","CCD连接类型含 peptide linking；分子量 205.2 Da，处于保守的单残基初筛范围内","基于CCD名称、连接类型、分子式和分子量的保守规则分层","该结果用于安排人工审核顺序，不等同于已确认可购、可用于SPPS/LPPS、进入过环肽或具有口服暴露。"
"CGH","N-cycloheptylglycine","likely-independent-monomer","结构上较像可独立偶联的氨基酸单体","synthesis-first","CCD连接类型含 peptide linking；分子量 171.2 Da，处于保守的单残基初筛范围内","基于CCD名称、连接类型、分子式和分子量的保守规则分层","该结果用于安排人工审核顺序，不等同于已确认可购、可用于SPPS/LPPS、进入过环肽或具有口服暴露。"
"CGU","GAMMA-CARBOXY-GLUTAMIC ACID","likely-independent-monomer","结构上较像可独立偶联的氨基酸单体","synthesis-first","CCD连接类型含 peptide linking；分子量 191.1 Da，处于保守的单残基初筛范围内","基于CCD名称、连接类型、分子式和分子量的保守规则分层","该结果用于安排人工审核顺序，不等同于已确认可购、可用于SPPS/LPPS、进入过环肽或具有口服暴露。"
"CGV","S-[(R)-carboxy(hydroxy)methyl]-L-cysteine","likely-independent-monomer","结构上较像可独立偶联的氨基酸单体","synthesis-first","CCD连接类型含 peptide linking；分子量 195.2 Da，处于保守的单残基初筛范围内","基于CCD名称、连接类型、分子式和分子量的保守规则分层","该结果用于安排人工审核顺序，不等同于已确认可购、可用于SPPS/LPPS、进入过环肽或具有口服暴露。"
"CHP","3-CHLORO-4-HYDROXYPHENYLGLYCINE","likely-independent-monomer","结构上较像可独立偶联的氨基酸单体","synthesis-first","CCD连接类型含 peptide linking；分子量 201.6 Da，处于保守的单残基初筛范围内","基于CCD名称、连接类型、分子式和分子量的保守规则分层","该结果用于安排人工审核顺序，不等同于已确认可购、可用于SPPS/LPPS、进入过环肽或具有口服暴露。"
"CIR","CITRULLINE","likely-independent-monomer","结构上较像可独立偶联的氨基酸单体","synthesis-first","CCD连接类型含 peptide linking；分子量 175.2 Da，处于保守的单残基初筛范围内","基于CCD名称、连接类型、分子式和分子量的保守规则分层","该结果用于安排人工审核顺序，不等同于已确认可购、可用于SPPS/LPPS、进入过环肽或具有口服暴露。"
"CLG","2-AMINO-6-[2-(2-AMINOOXY-ACETYLAMINO)-ACETYLAMINO]-HEXANOIC ACID","special-reactive-candidate","带特殊反应基团，需按设计用途核查","use-case-first","名称提示带点击、交联、亲电或其他特殊反应基团；可能有设计价值，但需核对保护策略、化学稳定性与位点选择性","基于CCD名称、连接类型、分子式和分子量的保守规则分层","该结果用于安排人工审核顺序，不等同于已确认可购、可用于SPPS/LPPS、进入过环肽或具有口服暴露。"
"CLH","2-AMINO-6-[2-(2-OXO-ACETYLAMINO)-ACETYLAMINO]-HEXANOIC ACID","likely-independent-monomer","结构上较像可独立偶联的氨基酸单体","synthesis-first","CCD连接类型含 peptide linking；分子量 259.3 Da，处于保守的单残基初筛范围内","基于CCD名称、连接类型、分子式和分子量的保守规则分层","该结果用于安排人工审核顺序，不等同于已确认可购、可用于SPPS/LPPS、进入过环肽或具有口服暴露。"
"CLV","{(2S)-2-[(1S)-1-AMINOETHYL]-5-OXO-2,5-DIHYDRO-1H-IMIDAZOL-1-YL}ACETIC ACID","likely-independent-monomer","结构上较像可独立偶联的氨基酸单体","synthesis-first","CCD连接类型含 peptide linking；分子量 185.2 Da，处于保守的单残基初筛范围内","基于CCD名称、连接类型、分子式和分子量的保守规则分层","该结果用于安排人工审核顺序，不等同于已确认可购、可用于SPPS/LPPS、进入过环肽或具有口服暴露。"
"CME","S,S-(2-HYDROXYETHYL)THIOCYSTEINE","likely-independent-monomer","结构上较像可独立偶联的氨基酸单体","synthesis-first","CCD连接类型含 peptide linking；分子量 197.3 Da，处于保守的单残基初筛范围内","基于CCD名称、连接类型、分子式和分子量的保守规则分层","该结果用于安排人工审核顺序，不等同于已确认可购、可用于SPPS/LPPS、进入过环肽或具有口服暴露。"
"CML","(2S)-2-{[(2R)-2-amino-2-carboxyethyl]sulfanyl}butanedioic acid","likely-independent-monomer","结构上较像可独立偶联的氨基酸单体","synthesis-first","CCD连接类型含 peptide linking；分子量 237.2 Da，处于保守的单残基初筛范围内","基于CCD名称、连接类型、分子式和分子量的保守规则分层","该结果用于安排人工审核顺序，不等同于已确认可购、可用于SPPS/LPPS、进入过环肽或具有口服暴露。"
"CNG","N-cyclooctylglycine","likely-independent-monomer","结构上较像可独立偶联的氨基酸单体","synthesis-first","CCD连接类型含 peptide linking；分子量 185.3 Da，处于保守的单残基初筛范围内","基于CCD名称、连接类型、分子式和分子量的保守规则分层","该结果用于安排人工审核顺序，不等同于已确认可购、可用于SPPS/LPPS、进入过环肽或具有口服暴露。"
"CR0","[2-(1-AMINO-2-HYDROXYPROPYL)-2-HYDROXY-4-ISOBUTYL-5-OXO-2,5-DIHYDRO-1H-IMIDAZOL-1-YL]ACETALDEHYDE","likely-independent-monomer","结构上较像可独立偶联的氨基酸单体","synthesis-first","CCD连接类型含 peptide linking；分子量 287.3 Da，处于保守的单残基初筛范围内","基于CCD名称、连接类型、分子式和分子量的保守规则分层","该结果用于安排人工审核顺序，不等同于已确认可购、可用于SPPS/LPPS、进入过环肽或具有口服暴露。"
"CR2","{(4Z)-2-(aminomethyl)-4-[(4-hydroxyphenyl)methylidene]-5-oxo-4,5-dihydro-1H-imidazol-1-yl}acetic acid","likely-independent-monomer","结构上较像可独立偶联的氨基酸单体","synthesis-first","CCD连接类型含 peptide linking；分子量 275.3 Da，处于保守的单残基初筛范围内","基于CCD名称、连接类型、分子式和分子量的保守规则分层","该结果用于安排人工审核顺序，不等同于已确认可购、可用于SPPS/LPPS、进入过环肽或具有口服暴露。"
"CR5","(2R)-2-(AMINOMETHYL)-2,4-DIHYDROXY-5-OXO-3-(2-OXOETHYL)-2,5-DIHYDRO-1H-IMIDAZOL-3-IUM","likely-independent-monomer","结构上较像可独立偶联的氨基酸单体","synthesis-first","CCD连接类型含 peptide linking；分子量 204.2 Da，处于保守的单残基初筛范围内","基于CCD名称、连接类型、分子式和分子量的保守规则分层","该结果用于安排人工审核顺序，不等同于已确认可购、可用于SPPS/LPPS、进入过环肽或具有口服暴露。"
"CRG","[2-(1-AMINO-2-HYDROXY-PROPYL)-4-(3H-IMIDAZOL-4-YLMETHYLENE)-5-OXO-4,5-DIHYDRO-IMIDAZOL-1-YL]-ACETIC ACID","likely-independent-monomer","结构上较像可独立偶联的氨基酸单体","synthesis-first","CCD连接类型含 peptide linking；分子量 293.3 Da，处于保守的单残基初筛范围内","基于CCD名称、连接类型、分子式和分子量的保守规则分层","该结果用于安排人工审核顺序，不等同于已确认可购、可用于SPPS/LPPS、进入过环肽或具有口服暴露。"
"CRX","[2-(1-AMINOETHYL)-2-HYDROXY-4-METHYLENE-5-OXOIMIDAZOLIDIN-1-YL]ACETIC ACID","likely-independent-monomer","结构上较像可独立偶联的氨基酸单体","synthesis-first","CCD连接类型含 peptide linking；分子量 215.2 Da，处于保守的单残基初筛范围内","基于CCD名称、连接类型、分子式和分子量的保守规则分层","该结果用于安排人工审核顺序，不等同于已确认可购、可用于SPPS/LPPS、进入过环肽或具有口服暴露。"
"CS1","S-(2-ANILINYL-SULFANYL)-CYSTEINE","likely-independent-monomer","结构上较像可独立偶联的氨基酸单体","synthesis-first","CCD连接类型含 peptide linking；分子量 244.3 Da，处于保守的单残基初筛范围内","基于CCD名称、连接类型、分子式和分子量的保守规则分层","该结果用于安排人工审核顺序，不等同于已确认可购、可用于SPPS/LPPS、进入过环肽或具有口服暴露。"
"CS3","S-[3-OXO-3-(2-THIENYL)PROPYL]-L-CYSTEINE","likely-independent-monomer","结构上较像可独立偶联的氨基酸单体","synthesis-first","CCD连接类型含 peptide linking；分子量 259.3 Da，处于保守的单残基初筛范围内","基于CCD名称、连接类型、分子式和分子量的保守规则分层","该结果用于安排人工审核顺序，不等同于已确认可购、可用于SPPS/LPPS、进入过环肽或具有口服暴露。"
"CSA","S-ACETONYLCYSTEINE","likely-independent-monomer","结构上较像可独立偶联的氨基酸单体","synthesis-first","CCD连接类型含 peptide linking；分子量 177.2 Da，处于保守的单残基初筛范围内","基于CCD名称、连接类型、分子式和分子量的保守规则分层","该结果用于安排人工审核顺序，不等同于已确认可购、可用于SPPS/LPPS、进入过环肽或具有口服暴露。"
"CSD","3-SULFINOALANINE","likely-independent-monomer","结构上较像可独立偶联的氨基酸单体","synthesis-first","CCD连接类型含 peptide linking；分子量 153.2 Da，处于保守的单残基初筛范围内","基于CCD名称、连接类型、分子式和分子量的保守规则分层","该结果用于安排人工审核顺序，不等同于已确认可购、可用于SPPS/LPPS、进入过环肽或具有口服暴露。"
"CSH","[2-(2-HYDROXY-1-METHYL-ETHYL)-4-(1H-IMIDAZOL-4-YLMETHYL)-5-OXO-IMIDAZOLIDIN-1-YL]-ACETIC ACID","likely-independent-monomer","结构上较像可独立偶联的氨基酸单体","synthesis-first","CCD连接类型含 peptide linking；分子量 283.3 Da，处于保守的单残基初筛范围内","基于CCD名称、连接类型、分子式和分子量的保守规则分层","该结果用于安排人工审核顺序，不等同于已确认可购、可用于SPPS/LPPS、进入过环肽或具有口服暴露。"
"CSJ","S-[(2-aminophenyl)carbonyl]-L-cysteine","likely-independent-monomer","结构上较像可独立偶联的氨基酸单体","synthesis-first","CCD连接类型含 peptide linking；分子量 240.3 Da，处于保守的单残基初筛范围内","基于CCD名称、连接类型、分子式和分子量的保守规则分层","该结果用于安排人工审核顺序，不等同于已确认可购、可用于SPPS/LPPS、进入过环肽或具有口服暴露。"
"CSK","S-(methylselanyl)-L-cysteine","likely-independent-monomer","结构上较像可独立偶联的氨基酸单体","synthesis-first","CCD连接类型含 peptide linking；分子量 214.1 Da，处于保守的单残基初筛范围内","基于CCD名称、连接类型、分子式和分子量的保守规则分层","该结果用于安排人工审核顺序，不等同于已确认可购、可用于SPPS/LPPS、进入过环肽或具有口服暴露。"
"CSO","S-HYDROXYCYSTEINE","likely-independent-monomer","结构上较像可独立偶联的氨基酸单体","synthesis-first","CCD连接类型含 peptide linking；分子量 137.2 Da，处于保守的单残基初筛范围内","基于CCD名称、连接类型、分子式和分子量的保守规则分层","该结果用于安排人工审核顺序，不等同于已确认可购、可用于SPPS/LPPS、进入过环肽或具有口服暴露。"
"CSS","S-MERCAPTOCYSTEINE","special-reactive-candidate","带特殊反应基团，需按设计用途核查","use-case-first","名称提示带点击、交联、亲电或其他特殊反应基团；可能有设计价值，但需核对保护策略、化学稳定性与位点选择性","基于CCD名称、连接类型、分子式和分子量的保守规则分层","该结果用于安排人工审核顺序，不等同于已确认可购、可用于SPPS/LPPS、进入过环肽或具有口服暴露。"
"CSU","CYSTEINE-S-SULFONIC ACID","likely-independent-monomer","结构上较像可独立偶联的氨基酸单体","synthesis-first","CCD连接类型含 peptide linking；分子量 201.2 Da，处于保守的单残基初筛范围内","基于CCD名称、连接类型、分子式和分子量的保守规则分层","该结果用于安排人工审核顺序，不等同于已确认可购、可用于SPPS/LPPS、进入过环肽或具有口服暴露。"
"CSX","S-OXY CYSTEINE","likely-independent-monomer","结构上较像可独立偶联的氨基酸单体","synthesis-first","CCD连接类型含 peptide linking；分子量 137.2 Da，处于保守的单残基初筛范围内","基于CCD名称、连接类型、分子式和分子量的保守规则分层","该结果用于安排人工审核顺序，不等同于已确认可购、可用于SPPS/LPPS、进入过环肽或具有口服暴露。"
"CSZ","S-SELANYL CYSTEINE","likely-independent-monomer","结构上较像可独立偶联的氨基酸单体","synthesis-first","CCD连接类型含 peptide linking；分子量 200.1 Da，处于保守的单残基初筛范围内","基于CCD名称、连接类型、分子式和分子量的保守规则分层","该结果用于安排人工审核顺序，不等同于已确认可购、可用于SPPS/LPPS、进入过环肽或具有口服暴露。"
"CTE","7-CHLOROTRYPTOPHAN","likely-independent-monomer","结构上较像可独立偶联的氨基酸单体","synthesis-first","CCD连接类型含 peptide linking；分子量 238.7 Da，处于保守的单残基初筛范围内","基于CCD名称、连接类型、分子式和分子量的保守规则分层","该结果用于安排人工审核顺序，不等同于已确认可购、可用于SPPS/LPPS、进入过环肽或具有口服暴露。"
"CTH","4-CHLOROTHREONINE","likely-independent-monomer","结构上较像可独立偶联的氨基酸单体","synthesis-first","CCD连接类型含 peptide linking；分子量 153.6 Da，处于保守的单残基初筛范围内","基于CCD名称、连接类型、分子式和分子量的保守规则分层","该结果用于安排人工审核顺序，不等同于已确认可购、可用于SPPS/LPPS、进入过环肽或具有口服暴露。"
"CUD","3-(4-amino-2-oxopyrimidin-1(2H)-yl)-D-alanine","likely-independent-monomer","结构上较像可独立偶联的氨基酸单体","synthesis-first","CCD连接类型含 peptide linking；分子量 198.2 Da，处于保守的单残基初筛范围内","基于CCD名称、连接类型、分子式和分子量的保守规则分层","该结果用于安排人工审核顺序，不等同于已确认可购、可用于SPPS/LPPS、进入过环肽或具有口服暴露。"
"CWD","3-(5-chloro-2,4-dioxo-3,4-dihydropyrimidin-1(2H)-yl)-L-alanine","likely-independent-monomer","结构上较像可独立偶联的氨基酸单体","synthesis-first","CCD连接类型含 peptide linking；分子量 233.6 Da，处于保守的单残基初筛范围内","基于CCD名称、连接类型、分子式和分子量的保守规则分层","该结果用于安排人工审核顺序，不等同于已确认可购、可用于SPPS/LPPS、进入过环肽或具有口服暴露。"
"CWR","(4-methyl-5-oxo-2,5-dihydro-1H-imidazol-1-yl)acetic acid","likely-independent-monomer","结构上较像可独立偶联的氨基酸单体","synthesis-first","CCD连接类型含 peptide linking；分子量 156.1 Da，处于保守的单残基初筛范围内","基于CCD名称、连接类型、分子式和分子量的保守规则分层","该结果用于安排人工审核顺序，不等同于已确认可购、可用于SPPS/LPPS、进入过环肽或具有口服暴露。"
"CXM","N-CARBOXYMETHIONINE","likely-independent-monomer","结构上较像可独立偶联的氨基酸单体","synthesis-first","CCD连接类型含 peptide linking；分子量 193.2 Da，处于保守的单残基初筛范围内","基于CCD名称、连接类型、分子式和分子量的保守规则分层","该结果用于安排人工审核顺序，不等同于已确认可购、可用于SPPS/LPPS、进入过环肽或具有口服暴露。"
"CY1","ACETAMIDOMETHYLCYSTEINE","likely-independent-monomer","结构上较像可独立偶联的氨基酸单体","synthesis-first","CCD连接类型含 peptide linking；分子量 192.2 Da，处于保守的单残基初筛范围内","基于CCD名称、连接类型、分子式和分子量的保守规则分层","该结果用于安排人工审核顺序，不等同于已确认可购、可用于SPPS/LPPS、进入过环肽或具有口服暴露。"
"CY4","S-BUTYRYL-CYSTEIN","likely-independent-monomer","结构上较像可独立偶联的氨基酸单体","synthesis-first","CCD连接类型含 peptide linking；分子量 191.2 Da，处于保守的单残基初筛范围内","基于CCD名称、连接类型、分子式和分子量的保守规则分层","该结果用于安排人工审核顺序，不等同于已确认可购、可用于SPPS/LPPS、进入过环肽或具有口服暴露。"
"CYG","2-AMINO-4-(AMINO-3-OXO-PROPYLSULFANYLCARBONYL)-BUTYRIC ACID","likely-independent-monomer","结构上较像可独立偶联的氨基酸单体","synthesis-first","CCD连接类型含 peptide linking；分子量 250.3 Da，处于保守的单残基初筛范围内","基于CCD名称、连接类型、分子式和分子量的保守规则分层","该结果用于安排人工审核顺序，不等同于已确认可购、可用于SPPS/LPPS、进入过环肽或具有口服暴露。"
"CYR","N~5~-[{[(2R)-2-AMINO-2-CARBOXYETHYL]SULFANYL}(IMINIO)METHYL]-L-ORNITHINATE","likely-independent-monomer","结构上较像可独立偶联的氨基酸单体","synthesis-first","CCD连接类型含 peptide linking；分子量 279.3 Da，处于保守的单残基初筛范围内","基于CCD名称、连接类型、分子式和分子量的保守规则分层","该结果用于安排人工审核顺序，不等同于已确认可购、可用于SPPS/LPPS、进入过环肽或具有口服暴露。"
"CYW","S-[(2R)-2-hydroxypropanoyl]-L-cysteine","likely-independent-monomer","结构上较像可独立偶联的氨基酸单体","synthesis-first","CCD连接类型含 peptide linking；分子量 193.2 Da，处于保守的单残基初筛范围内","基于CCD名称、连接类型、分子式和分子量的保守规则分层","该结果用于安排人工审核顺序，不等同于已确认可购、可用于SPPS/LPPS、进入过环肽或具有口服暴露。"
"CZS","3-(6-chloro-1,3-benzothiazol-2-yl)-L-alanine","likely-independent-monomer","结构上较像可独立偶联的氨基酸单体","synthesis-first","CCD连接类型含 peptide linking；分子量 256.7 Da，处于保守的单残基初筛范围内","基于CCD名称、连接类型、分子式和分子量的保守规则分层","该结果用于安排人工审核顺序，不等同于已确认可购、可用于SPPS/LPPS、进入过环肽或具有口服暴露。"
"D0Q","5-methyl-L-tryptophan","likely-independent-monomer","结构上较像可独立偶联的氨基酸单体","synthesis-first","CCD连接类型含 peptide linking；分子量 218.3 Da，处于保守的单残基初筛范围内","基于CCD名称、连接类型、分子式和分子量的保守规则分层","该结果用于安排人工审核顺序，不等同于已确认可购、可用于SPPS/LPPS、进入过环肽或具有口服暴露。"
"D2T","(3R)-3-(methylsulfanyl)-L-aspartic acid","likely-independent-monomer","结构上较像可独立偶联的氨基酸单体","synthesis-first","CCD连接类型含 peptide linking；分子量 179.2 Da，处于保守的单残基初筛范围内","基于CCD名称、连接类型、分子式和分子量的保守规则分层","该结果用于安排人工审核顺序，不等同于已确认可购、可用于SPPS/LPPS、进入过环肽或具有口服暴露。"
"D4P","(2S)-AMINO(4-HYDROXYPHENYL)ACETIC ACID","likely-independent-monomer","结构上较像可独立偶联的氨基酸单体","synthesis-first","CCD连接类型含 peptide linking；分子量 167.2 Da，处于保守的单残基初筛范围内","基于CCD名称、连接类型、分子式和分子量的保守规则分层","该结果用于安排人工审核顺序，不等同于已确认可购、可用于SPPS/LPPS、进入过环肽或具有口服暴露。"
"D8R","N~6~-[(2R)-2-hydroxypropanoyl]-L-lysine","likely-independent-monomer","结构上较像可独立偶联的氨基酸单体","synthesis-first","CCD连接类型含 peptide linking；分子量 218.3 Da，处于保守的单残基初筛范围内","基于CCD名称、连接类型、分子式和分子量的保守规则分层","该结果用于安排人工审核顺序，不等同于已确认可购、可用于SPPS/LPPS、进入过环肽或具有口服暴露。"
"DA2","NG,NG-DIMETHYL-L-ARGININE","likely-independent-monomer","结构上较像可独立偶联的氨基酸单体","synthesis-first","CCD连接类型含 peptide linking；分子量 202.3 Da，处于保守的单残基初筛范围内","基于CCD名称、连接类型、分子式和分子量的保守规则分层","该结果用于安排人工审核顺序，不等同于已确认可购、可用于SPPS/LPPS、进入过环肽或具有口服暴露。"
"DAB","2,4-DIAMINOBUTYRIC ACID","likely-independent-monomer","结构上较像可独立偶联的氨基酸单体","synthesis-first","CCD连接类型含 peptide linking；分子量 118.1 Da，处于保守的单残基初筛范围内","基于CCD名称、连接类型、分子式和分子量的保守规则分层","该结果用于安排人工审核顺序，不等同于已确认可购、可用于SPPS/LPPS、进入过环肽或具有口服暴露。"
"DAH","3,4-DIHYDROXYPHENYLALANINE","likely-independent-monomer","结构上较像可独立偶联的氨基酸单体","synthesis-first","CCD连接类型含 peptide linking；分子量 197.2 Da，处于保守的单残基初筛范围内","基于CCD名称、连接类型、分子式和分子量的保守规则分层","该结果用于安排人工审核顺序，不等同于已确认可购、可用于SPPS/LPPS、进入过环肽或具有口服暴露。"
"DAR","D-ARGININE","likely-independent-monomer","结构上较像可独立偶联的氨基酸单体","synthesis-first","CCD连接类型含 peptide linking；分子量 175.2 Da，处于保守的单残基初筛范围内","基于CCD名称、连接类型、分子式和分子量的保守规则分层","该结果用于安排人工审核顺序，不等同于已确认可购、可用于SPPS/LPPS、进入过环肽或具有口服暴露。"
"DAS","D-ASPARTIC ACID","likely-independent-monomer","结构上较像可独立偶联的氨基酸单体","synthesis-first","CCD连接类型含 peptide linking；分子量 133.1 Da，处于保守的单残基初筛范围内","基于CCD名称、连接类型、分子式和分子量的保守规则分层","该结果用于安排人工审核顺序，不等同于已确认可购、可用于SPPS/LPPS、进入过环肽或具有口服暴露。"
"DBS","2-(2,3-DIHYDROXY-BENZOYLAMINO)-3-HYDROXY-PROPIONIC ACID","likely-independent-monomer","结构上较像可独立偶联的氨基酸单体","synthesis-first","CCD连接类型含 peptide linking；分子量 241.2 Da，处于保守的单残基初筛范围内","基于CCD名称、连接类型、分子式和分子量的保守规则分层","该结果用于安排人工审核顺序，不等同于已确认可购、可用于SPPS/LPPS、进入过环肽或具有口服暴露。"
"DBU","(2Z)-2-AMINOBUT-2-ENOIC ACID","likely-independent-monomer","结构上较像可独立偶联的氨基酸单体","synthesis-first","CCD连接类型含 peptide linking；分子量 101.1 Da，处于保守的单残基初筛范围内","基于CCD名称、连接类型、分子式和分子量的保守规则分层","该结果用于安排人工审核顺序，不等同于已确认可购、可用于SPPS/LPPS、进入过环肽或具有口服暴露。"
"DBZ","3-(BENZOYLAMINO)-L-ALANINE","likely-independent-monomer","结构上较像可独立偶联的氨基酸单体","synthesis-first","CCD连接类型含 peptide linking；分子量 208.2 Da，处于保守的单残基初筛范围内","基于CCD名称、连接类型、分子式和分子量的保守规则分层","该结果用于安排人工审核顺序，不等同于已确认可购、可用于SPPS/LPPS、进入过环肽或具有口服暴露。"
"DDE","{3-[4-(2-AMINO-2-CARBOXY-ETHYL)-1H-IMIDAZOL-2-YL]-1-CARBAMOYL-PROPYL}-TRIMETHYL-AMMONIUM","likely-independent-monomer","结构上较像可独立偶联的氨基酸单体","synthesis-first","CCD连接类型含 peptide linking；分子量 298.4 Da，处于保守的单残基初筛范围内","基于CCD名称、连接类型、分子式和分子量的保守规则分层","该结果用于安排人工审核顺序，不等同于已确认可购、可用于SPPS/LPPS、进入过环肽或具有口服暴露。"
"DDZ","3,3-DIHYDROXY L-ALANINE","likely-independent-monomer","结构上较像可独立偶联的氨基酸单体","synthesis-first","CCD连接类型含 peptide linking；分子量 121.1 Da，处于保守的单残基初筛范围内","基于CCD名称、连接类型、分子式和分子量的保守规则分层","该结果用于安排人工审核顺序，不等同于已确认可购、可用于SPPS/LPPS、进入过环肽或具有口服暴露。"
"DFF","4-benzoyl-D-phenylalanine","likely-independent-monomer","结构上较像可独立偶联的氨基酸单体","synthesis-first","CCD连接类型含 peptide linking；分子量 269.3 Da，处于保守的单残基初筛范围内","基于CCD名称、连接类型、分子式和分子量的保守规则分层","该结果用于安排人工审核顺序，不等同于已确认可购、可用于SPPS/LPPS、进入过环肽或具有口服暴露。"
"DFI","2,2-DIFLUOROSTATINE","likely-independent-monomer","结构上较像可独立偶联的氨基酸单体","synthesis-first","CCD连接类型含 peptide linking；分子量 211.2 Da，处于保守的单残基初筛范围内","基于CCD名称、连接类型、分子式和分子量的保守规则分层","该结果用于安排人工审核顺序，不等同于已确认可购、可用于SPPS/LPPS、进入过环肽或具有口服暴露。"
"DFO","2,2-DIFLUORO-3-HYDROSTATINE","likely-independent-monomer","结构上较像可独立偶联的氨基酸单体","synthesis-first","CCD连接类型含 peptide linking；分子量 227.2 Da，处于保守的单残基初筛范围内","基于CCD名称、连接类型、分子式和分子量的保守规则分层","该结果用于安排人工审核顺序，不等同于已确认可购、可用于SPPS/LPPS、进入过环肽或具有口服暴露。"
"DGL","D-GLUTAMIC ACID","likely-independent-monomer","结构上较像可独立偶联的氨基酸单体","synthesis-first","CCD连接类型含 peptide linking；分子量 147.1 Da，处于保守的单残基初筛范围内","基于CCD名称、连接类型、分子式和分子量的保守规则分层","该结果用于安排人工审核顺序，不等同于已确认可购、可用于SPPS/LPPS、进入过环肽或具有口服暴露。"
"DHA","2-AMINO-ACRYLIC ACID","likely-independent-monomer","结构上较像可独立偶联的氨基酸单体","synthesis-first","CCD连接类型含 peptide linking；分子量 87.1 Da，处于保守的单残基初筛范围内","基于CCD名称、连接类型、分子式和分子量的保守规则分层","该结果用于安排人工审核顺序，不等同于已确认可购、可用于SPPS/LPPS、进入过环肽或具有口服暴露。"
"DI7","2,6-dimethyl-L-tyrosine","likely-independent-monomer","结构上较像可独立偶联的氨基酸单体","synthesis-first","CCD连接类型含 peptide linking；分子量 209.2 Da，处于保守的单残基初筛范围内","基于CCD名称、连接类型、分子式和分子量的保守规则分层","该结果用于安排人工审核顺序，不等同于已确认可购、可用于SPPS/LPPS、进入过环肽或具有口服暴露。"
"DI8","(3S)-1,2,3,4-tetrahydroisoquinoline-3-carboxylic acid","likely-independent-monomer","结构上较像可独立偶联的氨基酸单体","synthesis-first","CCD连接类型含 peptide linking；分子量 177.2 Da，处于保守的单残基初筛范围内","基于CCD名称、连接类型、分子式和分子量的保守规则分层","该结果用于安排人工审核顺序，不等同于已确认可购、可用于SPPS/LPPS、进入过环肽或具有口服暴露。"
"DIR","3-{[(E)-AMINO(HYDROXYIMINO)METHYL]AMINO}ALANINE","likely-independent-monomer","结构上较像可独立偶联的氨基酸单体","synthesis-first","CCD连接类型含 peptide linking；分子量 162.1 Da，处于保守的单残基初筛范围内","基于CCD名称、连接类型、分子式和分子量的保守规则分层","该结果用于安排人工审核顺序，不等同于已确认可购、可用于SPPS/LPPS、进入过环肽或具有口服暴露。"
"DJD","4-(6-methyl-1,2,4,5-tetrazin-3-yl)-L-phenylalanine","likely-independent-monomer","结构上较像可独立偶联的氨基酸单体","synthesis-first","CCD连接类型含 peptide linking；分子量 259.3 Da，处于保守的单残基初筛范围内","基于CCD名称、连接类型、分子式和分子量的保守规则分层","该结果用于安排人工审核顺序，不等同于已确认可购、可用于SPPS/LPPS、进入过环肽或具有口服暴露。"
"DLS","DI-ACETYL-LYSINE","likely-independent-monomer","结构上较像可独立偶联的氨基酸单体","synthesis-first","CCD连接类型含 peptide linking；分子量 230.3 Da，处于保守的单残基初筛范围内","基于CCD名称、连接类型、分子式和分子量的保守规则分层","该结果用于安排人工审核顺序，不等同于已确认可购、可用于SPPS/LPPS、进入过环肽或具有口服暴露。"
"DM0","N~2~,N~2~,N~6~,N~6~-tetramethyl-L-lysine","likely-independent-monomer","结构上较像可独立偶联的氨基酸单体","synthesis-first","CCD连接类型含 peptide linking；分子量 202.3 Da，处于保守的单残基初筛范围内","基于CCD名称、连接类型、分子式和分子量的保守规则分层","该结果用于安排人工审核顺序，不等同于已确认可购、可用于SPPS/LPPS、进入过环肽或具有口服暴露。"
"DMH","N4,N4-DIMETHYL-ASPARAGINE","likely-independent-monomer","结构上较像可独立偶联的氨基酸单体","synthesis-first","CCD连接类型含 peptide linking；分子量 160.2 Da，处于保守的单残基初筛范围内","基于CCD名称、连接类型、分子式和分子量的保守规则分层","该结果用于安排人工审核顺序，不等同于已确认可购、可用于SPPS/LPPS、进入过环肽或具有口服暴露。"
"DMK","3,3-DIMETHYL ASPARTIC ACID","likely-independent-monomer","结构上较像可独立偶联的氨基酸单体","synthesis-first","CCD连接类型含 peptide linking；分子量 161.2 Da，处于保守的单残基初筛范围内","基于CCD名称、连接类型、分子式和分子量的保守规则分层","该结果用于安排人工审核顺序，不等同于已确认可购、可用于SPPS/LPPS、进入过环肽或具有口服暴露。"
"DMT","3-HYDROXY-4,4-DIMETHYL-2-(METHYLAMINO)-6-OCTENOIC ACID","likely-independent-monomer","结构上较像可独立偶联的氨基酸单体","synthesis-first","CCD连接类型含 peptide linking；分子量 215.3 Da，处于保守的单残基初筛范围内","基于CCD名称、连接类型、分子式和分子量的保守规则分层","该结果用于安排人工审核顺序，不等同于已确认可购、可用于SPPS/LPPS、进入过环肽或具有口服暴露。"
"DNP","3-AMINO-ALANINE","likely-independent-monomer","结构上较像可独立偶联的氨基酸单体","synthesis-first","CCD连接类型含 peptide linking；分子量 105.1 Da，处于保守的单残基初筛范围内","基于CCD名称、连接类型、分子式和分子量的保守规则分层","该结果用于安排人工审核顺序，不等同于已确认可购、可用于SPPS/LPPS、进入过环肽或具有口服暴露。"
"DNW","3-[(2,4-dinitrophenyl)amino]-L-alanine","likely-independent-monomer","结构上较像可独立偶联的氨基酸单体","synthesis-first","CCD连接类型含 peptide linking；分子量 270.2 Da，处于保守的单残基初筛范围内","基于CCD名称、连接类型、分子式和分子量的保守规则分层","该结果用于安排人工审核顺序，不等同于已确认可购、可用于SPPS/LPPS、进入过环肽或具有口服暴露。"
"DO2","5,5-dihydroxy-6-oxo-L-norleucine","likely-independent-monomer","结构上较像可独立偶联的氨基酸单体","synthesis-first","CCD连接类型含 peptide linking；分子量 177.2 Da，处于保守的单残基初筛范围内","基于CCD名称、连接类型、分子式和分子量的保守规则分层","该结果用于安排人工审核顺序，不等同于已确认可购、可用于SPPS/LPPS、进入过环肽或具有口服暴露。"
"DOA","12-AMINO-DODECANOIC ACID","likely-independent-monomer","结构上较像可独立偶联的氨基酸单体","synthesis-first","CCD连接类型含 peptide linking；分子量 215.3 Da，处于保守的单残基初筛范围内","基于CCD名称、连接类型、分子式和分子量的保守规则分层","该结果用于安排人工审核顺序，不等同于已确认可购、可用于SPPS/LPPS、进入过环肽或具有口服暴露。"
"DON","6-DIAZENYL-5-OXO-L-NORLEUCINE","likely-independent-monomer","结构上较像可独立偶联的氨基酸单体","synthesis-first","CCD连接类型含 peptide linking；分子量 173.2 Da，处于保守的单残基初筛范围内","基于CCD名称、连接类型、分子式和分子量的保守规则分层","该结果用于安排人工审核顺序，不等同于已确认可购、可用于SPPS/LPPS、进入过环肽或具有口服暴露。"
"DPP","DIAMINOPROPANOIC ACID","likely-independent-monomer","结构上较像可独立偶联的氨基酸单体","synthesis-first","CCD连接类型含 peptide linking；分子量 104.1 Da，处于保守的单残基初筛范围内","基于CCD名称、连接类型、分子式和分子量的保守规则分层","该结果用于安排人工审核顺序，不等同于已确认可购、可用于SPPS/LPPS、进入过环肽或具有口服暴露。"
"DV7","L-(7-hydroxycoumarin-4-yl)ethylglycine","likely-independent-monomer","结构上较像可独立偶联的氨基酸单体","synthesis-first","CCD连接类型含 peptide linking；分子量 263.2 Da，处于保守的单残基初筛范围内","基于CCD名称、连接类型、分子式和分子量的保守规则分层","该结果用于安排人工审核顺序，不等同于已确认可购、可用于SPPS/LPPS、进入过环肽或具有口服暴露。"
"DYA","DIDEHYDROASPARTATE","likely-independent-monomer","结构上较像可独立偶联的氨基酸单体","synthesis-first","CCD连接类型含 peptide linking；分子量 131.1 Da，处于保守的单残基初筛范围内","基于CCD名称、连接类型、分子式和分子量的保守规则分层","该结果用于安排人工审核顺序，不等同于已确认可购、可用于SPPS/LPPS、进入过环肽或具有口服暴露。"
"DYJ","1-[(2E)-4-carboxy-4-oxobut-2-en-2-yl]-L-proline","likely-independent-monomer","结构上较像可独立偶联的氨基酸单体","synthesis-first","CCD连接类型含 peptide linking；分子量 227.2 Da，处于保守的单残基初筛范围内","基于CCD名称、连接类型、分子式和分子量的保守规则分层","该结果用于安排人工审核顺序，不等同于已确认可购、可用于SPPS/LPPS、进入过环肽或具有口服暴露。"
"DYS","S-[5-(2-aminoethyl)-2,3-dihydroxyphenyl]-L-cysteine","likely-independent-monomer","结构上较像可独立偶联的氨基酸单体","synthesis-first","CCD连接类型含 peptide linking；分子量 272.3 Da，处于保守的单残基初筛范围内","基于CCD名称、连接类型、分子式和分子量的保守规则分层","该结果用于安排人工审核顺序，不等同于已确认可购、可用于SPPS/LPPS、进入过环肽或具有口服暴露。"
"E95","7-Methyl-L-Tryptophan","likely-independent-monomer","结构上较像可独立偶联的氨基酸单体","synthesis-first","CCD连接类型含 peptide linking；分子量 218.3 Da，处于保守的单残基初筛范围内","基于CCD名称、连接类型、分子式和分子量的保守规则分层","该结果用于安排人工审核顺序，不等同于已确认可购、可用于SPPS/LPPS、进入过环肽或具有口服暴露。"
"E9C","(2S)-2-azanyl-3-[3,4,6-tris(oxidanylidene)cyclohexen-1-yl]propanoic acid","likely-independent-monomer","结构上较像可独立偶联的氨基酸单体","synthesis-first","CCD连接类型含 peptide linking；分子量 211.2 Da，处于保守的单残基初筛范围内","基于CCD名称、连接类型、分子式和分子量的保守规则分层","该结果用于安排人工审核顺序，不等同于已确认可购、可用于SPPS/LPPS、进入过环肽或具有口服暴露。"
"ECX","S-ethyl-L-cysteine","likely-independent-monomer","结构上较像可独立偶联的氨基酸单体","synthesis-first","CCD连接类型含 peptide linking；分子量 149.2 Da，处于保守的单残基初筛范围内","基于CCD名称、连接类型、分子式和分子量的保守规则分层","该结果用于安排人工审核顺序，不等同于已确认可购、可用于SPPS/LPPS、进入过环肽或具有口服暴露。"
"EEP","(2S,4R)-2-amino-4,5-dihydroxy-4-methylpentanoic acid","likely-independent-monomer","结构上较像可独立偶联的氨基酸单体","synthesis-first","CCD连接类型含 peptide linking；分子量 163.2 Da，处于保守的单残基初筛范围内","基于CCD名称、连接类型、分子式和分子量的保守规则分层","该结果用于安排人工审核顺序，不等同于已确认可购、可用于SPPS/LPPS、进入过环肽或具有口服暴露。"
"EFC","S,S-(2-FLUOROETHYL)THIOCYSTEINE","likely-independent-monomer","结构上较像可独立偶联的氨基酸单体","synthesis-first","CCD连接类型含 peptide linking；分子量 199.3 Da，处于保守的单残基初筛范围内","基于CCD名称、连接类型、分子式和分子量的保守规则分层","该结果用于安排人工审核顺序，不等同于已确认可购、可用于SPPS/LPPS、进入过环肽或具有口服暴露。"
"EI4","Enduracididine","likely-independent-monomer","结构上较像可独立偶联的氨基酸单体","synthesis-first","CCD连接类型含 peptide linking；分子量 172.2 Da，处于保守的单残基初筛范围内","基于CCD名称、连接类型、分子式和分子量的保守规则分层","该结果用于安排人工审核顺序，不等同于已确认可购、可用于SPPS/LPPS、进入过环肽或具有口服暴露。"
"EJA","S-[(1Z)-2-carboxy-N-hydroxyethanimidoyl]-L-cysteine","likely-independent-monomer","结构上较像可独立偶联的氨基酸单体","synthesis-first","CCD连接类型含 peptide linking；分子量 222.2 Da，处于保守的单残基初筛范围内","基于CCD名称、连接类型、分子式和分子量的保守规则分层","该结果用于安排人工审核顺序，不等同于已确认可购、可用于SPPS/LPPS、进入过环肽或具有口服暴露。"
"ELY","N~6~,N~6~-diethyl-L-lysine","likely-independent-monomer","结构上较像可独立偶联的氨基酸单体","synthesis-first","CCD连接类型含 peptide linking；分子量 202.3 Da，处于保守的单残基初筛范围内","基于CCD名称、连接类型、分子式和分子量的保守规则分层","该结果用于安排人工审核顺序，不等同于已确认可购、可用于SPPS/LPPS、进入过环肽或具有口服暴露。"
"EO2","4,5-Dehydro-L-leucine","likely-independent-monomer","结构上较像可独立偶联的氨基酸单体","synthesis-first","CCD连接类型含 peptide linking；分子量 129.2 Da，处于保守的单残基初筛范围内","基于CCD名称、连接类型、分子式和分子量的保守规则分层","该结果用于安排人工审核顺序，不等同于已确认可购、可用于SPPS/LPPS、进入过环肽或具有口服暴露。"
"ESC","2-AMINO-4-ETHYL SULFANYL BUTYRIC ACID","likely-independent-monomer","结构上较像可独立偶联的氨基酸单体","synthesis-first","CCD连接类型含 peptide linking；分子量 163.2 Da，处于保守的单残基初筛范围内","基于CCD名称、连接类型、分子式和分子量的保守规则分层","该结果用于安排人工审核顺序，不等同于已确认可购、可用于SPPS/LPPS、进入过环肽或具有口服暴露。"
"EU0","1-[(2~{S})-3-methyl-1-oxidanylidene-butan-2-yl]guanidine","likely-independent-monomer","结构上较像可独立偶联的氨基酸单体","synthesis-first","CCD连接类型含 peptide linking；分子量 160.2 Da，处于保守的单残基初筛范围内","基于CCD名称、连接类型、分子式和分子量的保守规则分层","该结果用于安排人工审核顺序，不等同于已确认可购、可用于SPPS/LPPS、进入过环肽或具有口服暴露。"
"EUP","4-amino-L-allothreonine","likely-independent-monomer","结构上较像可独立偶联的氨基酸单体","synthesis-first","CCD连接类型含 peptide linking；分子量 134.1 Da，处于保守的单残基初筛范围内","基于CCD名称、连接类型、分子式和分子量的保守规则分层","该结果用于安排人工审核顺序，不等同于已确认可购、可用于SPPS/LPPS、进入过环肽或具有口服暴露。"
"EXL","1-Methyl-L-tryptophan","likely-independent-monomer","结构上较像可独立偶联的氨基酸单体","synthesis-first","CCD连接类型含 peptide linking；分子量 218.3 Da，处于保守的单残基初筛范围内","基于CCD名称、连接类型、分子式和分子量的保守规则分层","该结果用于安排人工审核顺序，不等同于已确认可购、可用于SPPS/LPPS、进入过环肽或具有口服暴露。"
"EXY","6-[(2R)-oxiran-2-yl]-L-norleucine","likely-independent-monomer","结构上较像可独立偶联的氨基酸单体","synthesis-first","CCD连接类型含 peptide linking；分子量 173.2 Da，处于保守的单残基初筛范围内","基于CCD名称、连接类型、分子式和分子量的保守规则分层","该结果用于安排人工审核顺序，不等同于已确认可购、可用于SPPS/LPPS、进入过环肽或具有口服暴露。"
"F2F","3,4-difluoro-L-phenylalanine","likely-independent-monomer","结构上较像可独立偶联的氨基酸单体","synthesis-first","CCD连接类型含 peptide linking；分子量 201.2 Da，处于保守的单残基初筛范围内","基于CCD名称、连接类型、分子式和分子量的保守规则分层","该结果用于安排人工审核顺序，不等同于已确认可购、可用于SPPS/LPPS、进入过环肽或具有口服暴露。"
"F2Y","3,5-difluoro-L-tyrosine","likely-independent-monomer","结构上较像可独立偶联的氨基酸单体","synthesis-first","CCD连接类型含 peptide linking；分子量 217.2 Da，处于保守的单残基初筛范围内","基于CCD名称、连接类型、分子式和分子量的保守规则分层","该结果用于安排人工审核顺序，不等同于已确认可购、可用于SPPS/LPPS、进入过环肽或具有口服暴露。"
"F3T","4-amino-2,4,5-trideoxy-5,5,5-trifluoro-L-threo-pentonic acid","likely-independent-monomer","结构上较像可独立偶联的氨基酸单体","synthesis-first","CCD连接类型含 peptide linking；分子量 187.1 Da，处于保守的单残基初筛范围内","基于CCD名称、连接类型、分子式和分子量的保守规则分层","该结果用于安排人工审核顺序，不等同于已确认可购、可用于SPPS/LPPS、进入过环肽或具有口服暴露。"
"F6N","2-(aminomethyl)-1,3-oxazole-4-carboxylic acid","likely-independent-monomer","结构上较像可独立偶联的氨基酸单体","synthesis-first","CCD连接类型含 peptide linking；分子量 142.1 Da，处于保守的单残基初筛范围内","基于CCD名称、连接类型、分子式和分子量的保守规则分层","该结果用于安排人工审核顺序，不等同于已确认可购、可用于SPPS/LPPS、进入过环肽或具有口服暴露。"
"F75","2-(aminomethyl)-1,3-thiazole-4-carboxylic acid","likely-independent-monomer","结构上较像可独立偶联的氨基酸单体","synthesis-first","CCD连接类型含 peptide linking；分子量 158.2 Da，处于保守的单残基初筛范围内","基于CCD名称、连接类型、分子式和分子量的保守规则分层","该结果用于安排人工审核顺序，不等同于已确认可购、可用于SPPS/LPPS、进入过环肽或具有口服暴露。"
"F7P","1-[(3R)-3-hydroxy-2-methylbutan-2-yl]-L-tryptophan","likely-independent-monomer","结构上较像可独立偶联的氨基酸单体","synthesis-first","CCD连接类型含 peptide linking；分子量 290.4 Da，处于保守的单残基初筛范围内","基于CCD名称、连接类型、分子式和分子量的保守规则分层","该结果用于安排人工审核顺序，不等同于已确认可购、可用于SPPS/LPPS、进入过环肽或具有口服暴露。"
"F7Q","(2~{S})-2-azanyl-3-[1-(dioxidanyl)-4-oxidanylidene-cyclohexa-2,5-dien-1-yl]propanoic acid","likely-independent-monomer","结构上较像可独立偶联的氨基酸单体","synthesis-first","CCD连接类型含 peptide linking；分子量 213.2 Da，处于保守的单残基初筛范围内","基于CCD名称、连接类型、分子式和分子量的保守规则分层","该结果用于安排人工审核顺序，不等同于已确认可购、可用于SPPS/LPPS、进入过环肽或具有口服暴露。"
"F7V","(2S,4E)-2-aminohex-4-enoic acid","likely-independent-monomer","结构上较像可独立偶联的氨基酸单体","synthesis-first","CCD连接类型含 peptide linking；分子量 129.2 Da，处于保守的单残基初筛范围内","基于CCD名称、连接类型、分子式和分子量的保守规则分层","该结果用于安排人工审核顺序，不等同于已确认可购、可用于SPPS/LPPS、进入过环肽或具有口服暴露。"
"F7W","7-Fluorotryptophan","likely-independent-monomer","结构上较像可独立偶联的氨基酸单体","synthesis-first","CCD连接类型含 peptide linking；分子量 222.2 Da，处于保守的单残基初筛范围内","基于CCD名称、连接类型、分子式和分子量的保守规则分层","该结果用于安排人工审核顺序，不等同于已确认可购、可用于SPPS/LPPS、进入过环肽或具有口服暴露。"
"F93","(2R,3S)-2-azanyl-3-(3-chloranyl-4-oxidanyl-phenyl)-3-oxidanyl-propanoic acid","likely-independent-monomer","结构上较像可独立偶联的氨基酸单体","synthesis-first","CCD连接类型含 peptide linking；分子量 231.6 Da，处于保守的单残基初筛范围内","基于CCD名称、连接类型、分子式和分子量的保守规则分层","该结果用于安排人工审核顺序，不等同于已确认可购、可用于SPPS/LPPS、进入过环肽或具有口服暴露。"
"FAK","N~6~-(trifluoroacetyl)-L-lysine","likely-independent-monomer","结构上较像可独立偶联的氨基酸单体","synthesis-first","CCD连接类型含 peptide linking；分子量 242.2 Da，处于保守的单残基初筛范围内","基于CCD名称、连接类型、分子式和分子量的保守规则分层","该结果用于安排人工审核顺序，不等同于已确认可购、可用于SPPS/LPPS、进入过环肽或具有口服暴露。"
"FB5","2-(difluoromethyl)-6-(dihydroxyboranyl)-L-norleucine","likely-independent-monomer","结构上较像可独立偶联的氨基酸单体","synthesis-first","CCD连接类型含 peptide linking；分子量 225.0 Da，处于保守的单残基初筛范围内","基于CCD名称、连接类型、分子式和分子量的保守规则分层","该结果用于安排人工审核顺序，不等同于已确认可购、可用于SPPS/LPPS、进入过环肽或具有口服暴露。"
"FB6","6-(dihydroxyboranyl)-2-methyl-L-norleucine","likely-independent-monomer","结构上较像可独立偶联的氨基酸单体","synthesis-first","CCD连接类型含 peptide linking；分子量 189.0 Da，处于保守的单残基初筛范围内","基于CCD名称、连接类型、分子式和分子量的保守规则分层","该结果用于安排人工审核顺序，不等同于已确认可购、可用于SPPS/LPPS、进入过环肽或具有口服暴露。"
"FF9","(2S)-2-azanyl-6-[(E)-(1-oxidanyl-1-oxidanylidene-butan-2-ylidene)amino]hexanoic acid","likely-independent-monomer","结构上较像可独立偶联的氨基酸单体","synthesis-first","CCD连接类型含 peptide linking；分子量 230.3 Da，处于保守的单残基初筛范围内","基于CCD名称、连接类型、分子式和分子量的保守规则分层","该结果用于安排人工审核顺序，不等同于已确认可购、可用于SPPS/LPPS、进入过环肽或具有口服暴露。"
"FGL","2-AMINOPROPANEDIOIC ACID","likely-independent-monomer","结构上较像可独立偶联的氨基酸单体","synthesis-first","CCD连接类型含 peptide linking；分子量 119.1 Da，处于保守的单残基初筛范围内","基于CCD名称、连接类型、分子式和分子量的保守规则分层","该结果用于安排人工审核顺序，不等同于已确认可购、可用于SPPS/LPPS、进入过环肽或具有口服暴露。"
"FH7","N^5^-formyl-N^5^-hydroxy-D-ornithine","special-reactive-candidate","带特殊反应基团，需按设计用途核查","use-case-first","名称提示带点击、交联、亲电或其他特殊反应基团；可能有设计价值，但需核对保护策略、化学稳定性与位点选择性","基于CCD名称、连接类型、分子式和分子量的保守规则分层","该结果用于安排人工审核顺序，不等同于已确认可购、可用于SPPS/LPPS、进入过环肽或具有口服暴露。"
"FHL","(E)-N~6~-[3-CARBOXY-1-(HYDROXYMETHYL)PROPYLIDENE]-L-LYSINE","likely-independent-monomer","结构上较像可独立偶联的氨基酸单体","synthesis-first","CCD连接类型含 peptide linking；分子量 260.3 Da，处于保守的单残基初筛范围内","基于CCD名称、连接类型、分子式和分子量的保守规则分层","该结果用于安排人工审核顺序，不等同于已确认可购、可用于SPPS/LPPS、进入过环肽或具有口服暴露。"
"FHO","N^5^-FORMYL-N^5^-HYDROXY-L-ORNITHINE","special-reactive-candidate","带特殊反应基团，需按设计用途核查","use-case-first","名称提示带点击、交联、亲电或其他特殊反应基团；可能有设计价值，但需核对保护策略、化学稳定性与位点选择性","基于CCD名称、连接类型、分子式和分子量的保守规则分层","该结果用于安排人工审核顺序，不等同于已确认可购、可用于SPPS/LPPS、进入过环肽或具有口服暴露。"
"FIO","N~5~-[(1E)-2-fluoroethanimidoyl]-L-ornithine","likely-independent-monomer","结构上较像可独立偶联的氨基酸单体","synthesis-first","CCD连接类型含 peptide linking；分子量 191.2 Da，处于保守的单残基初筛范围内","基于CCD名称、连接类型、分子式和分子量的保守规则分层","该结果用于安排人工审核顺序，不等同于已确认可购、可用于SPPS/LPPS、进入过环肽或具有口服暴露。"
"FL6","(2S)-2-azanyl-4-methoxy-4-oxidanylidene-butanoic acid","likely-independent-monomer","结构上较像可独立偶联的氨基酸单体","synthesis-first","CCD连接类型含 peptide linking；分子量 147.1 Da，处于保守的单残基初筛范围内","基于CCD名称、连接类型、分子式和分子量的保守规则分层","该结果用于安排人工审核顺序，不等同于已确认可购、可用于SPPS/LPPS、进入过环肽或具有口服暴露。"
"FLA","TRIFLUOROALANINE","likely-independent-monomer","结构上较像可独立偶联的氨基酸单体","synthesis-first","CCD连接类型含 peptide linking；分子量 143.1 Da，处于保守的单残基初筛范围内","基于CCD名称、连接类型、分子式和分子量的保守规则分层","该结果用于安排人工审核顺序，不等同于已确认可购、可用于SPPS/LPPS、进入过环肽或具有口服暴露。"
"FLE","FUROYL-LEUCINE","likely-independent-monomer","结构上较像可独立偶联的氨基酸单体","synthesis-first","CCD连接类型含 peptide linking；分子量 225.2 Da，处于保守的单残基初筛范围内","基于CCD名称、连接类型、分子式和分子量的保守规则分层","该结果用于安排人工审核顺序，不等同于已确认可购、可用于SPPS/LPPS、进入过环肽或具有口服暴露。"
"FOD","(2S)-2-amino-4-[1-(trans-4-hydroxycyclohexyl)-1H-1,2,3-triazol-4-yl]butanoic acid","likely-independent-monomer","结构上较像可独立偶联的氨基酸单体","synthesis-first","CCD连接类型含 peptide linking；分子量 268.3 Da，处于保守的单残基初筛范围内","基于CCD名称、连接类型、分子式和分子量的保守规则分层","该结果用于安排人工审核顺序，不等同于已确认可购、可用于SPPS/LPPS、进入过环肽或具有口服暴露。"
"FPK","1-formyl-L-proline","special-reactive-candidate","带特殊反应基团，需按设计用途核查","use-case-first","名称提示带点击、交联、亲电或其他特殊反应基团；可能有设计价值，但需核对保护策略、化学稳定性与位点选择性","基于CCD名称、连接类型、分子式和分子量的保守规则分层","该结果用于安排人工审核顺序，不等同于已确认可购、可用于SPPS/LPPS、进入过环肽或具有口服暴露。"
"FPR","(3S)-3-amino-4-oxo-7-phenylheptanoic acid","likely-independent-monomer","结构上较像可独立偶联的氨基酸单体","synthesis-first","CCD连接类型含 peptide linking；分子量 235.3 Da，处于保守的单残基初筛范围内","基于CCD名称、连接类型、分子式和分子量的保守规则分层","该结果用于安排人工审核顺序，不等同于已确认可购、可用于SPPS/LPPS、进入过环肽或具有口服暴露。"
"FQA","N~6~-benzyl-L-lysine","likely-independent-monomer","结构上较像可独立偶联的氨基酸单体","synthesis-first","CCD连接类型含 peptide linking；分子量 236.3 Da，处于保守的单残基初筛范围内","基于CCD名称、连接类型、分子式和分子量的保守规则分层","该结果用于安排人工审核顺序，不等同于已确认可购、可用于SPPS/LPPS、进入过环肽或具有口服暴露。"
"FT6","6-FLUORO-L-TRYPTOPHAN","likely-independent-monomer","结构上较像可独立偶联的氨基酸单体","synthesis-first","CCD连接类型含 peptide linking；分子量 222.2 Da，处于保守的单残基初筛范围内","基于CCD名称、连接类型、分子式和分子量的保守规则分层","该结果用于安排人工审核顺序，不等同于已确认可购、可用于SPPS/LPPS、进入过环肽或具有口服暴露。"
"FTR","FLUOROTRYPTOPHANE","likely-independent-monomer","结构上较像可独立偶联的氨基酸单体","synthesis-first","CCD连接类型含 peptide linking；分子量 222.2 Da，处于保守的单残基初筛范围内","基于CCD名称、连接类型、分子式和分子量的保守规则分层","该结果用于安排人工审核顺序，不等同于已确认可购、可用于SPPS/LPPS、进入过环肽或具有口服暴露。"
"FX9","(2S)-2-azanyl-3-[3-(trifluoromethyl)phenyl]propanoic acid","likely-independent-monomer","结构上较像可独立偶联的氨基酸单体","synthesis-first","CCD连接类型含 peptide linking；分子量 233.2 Da，处于保守的单残基初筛范围内","基于CCD名称、连接类型、分子式和分子量的保守规则分层","该结果用于安排人工审核顺序，不等同于已确认可购、可用于SPPS/LPPS、进入过环肽或具有口服暴露。"
"FXC","(2R)-2-azanyl-3-[3-(trifluoromethyl)phenyl]propanoic acid","likely-independent-monomer","结构上较像可独立偶联的氨基酸单体","synthesis-first","CCD连接类型含 peptide linking；分子量 233.2 Da，处于保守的单残基初筛范围内","基于CCD名称、连接类型、分子式和分子量的保守规则分层","该结果用于安排人工审核顺序，不等同于已确认可购、可用于SPPS/LPPS、进入过环肽或具有口服暴露。"
"FXF","(2R)-2-azanyl-3-(3-bromophenyl)propanoic acid","likely-independent-monomer","结构上较像可独立偶联的氨基酸单体","synthesis-first","CCD连接类型含 peptide linking；分子量 244.1 Da，处于保守的单残基初筛范围内","基于CCD名称、连接类型、分子式和分子量的保守规则分层","该结果用于安排人工审核顺序，不等同于已确认可购、可用于SPPS/LPPS、进入过环肽或具有口服暴露。"
"FXL","(2R)-2-azanyl-3-(3-chlorophenyl)propanoic acid","likely-independent-monomer","结构上较像可独立偶联的氨基酸单体","synthesis-first","CCD连接类型含 peptide linking；分子量 199.6 Da，处于保守的单残基初筛范围内","基于CCD名称、连接类型、分子式和分子量的保守规则分层","该结果用于安排人工审核顺序，不等同于已确认可购、可用于SPPS/LPPS、进入过环肽或具有口服暴露。"
"FY2","2,3-difluoro-L-tyrosine","likely-independent-monomer","结构上较像可独立偶联的氨基酸单体","synthesis-first","CCD连接类型含 peptide linking；分子量 217.2 Da，处于保守的单残基初筛范围内","基于CCD名称、连接类型、分子式和分子量的保守规则分层","该结果用于安排人工审核顺序，不等同于已确认可购、可用于SPPS/LPPS、进入过环肽或具有口服暴露。"
"FY3","2,3,5-trifluoro-L-tyrosine","likely-independent-monomer","结构上较像可独立偶联的氨基酸单体","synthesis-first","CCD连接类型含 peptide linking；分子量 235.2 Da，处于保守的单残基初筛范围内","基于CCD名称、连接类型、分子式和分子量的保守规则分层","该结果用于安排人工审核顺序，不等同于已确认可购、可用于SPPS/LPPS、进入过环肽或具有口服暴露。"
"G3M","(3S)-N~6~-carbamimidoyl-3-hydroxy-L-lysine","likely-independent-monomer","结构上较像可独立偶联的氨基酸单体","synthesis-first","CCD连接类型含 peptide linking；分子量 204.2 Da，处于保守的单残基初筛范围内","基于CCD名称、连接类型、分子式和分子量的保守规则分层","该结果用于安排人工审核顺序，不等同于已确认可购、可用于SPPS/LPPS、进入过环肽或具有口服暴露。"
"G5G","(2S,4S)-2-amino-4,5-dihydroxy-4-methylpentanoic acid","likely-independent-monomer","结构上较像可独立偶联的氨基酸单体","synthesis-first","CCD连接类型含 peptide linking；分子量 163.2 Da，处于保守的单残基初筛范围内","基于CCD名称、连接类型、分子式和分子量的保守规则分层","该结果用于安排人工审核顺序，不等同于已确认可购、可用于SPPS/LPPS、进入过环肽或具有口服暴露。"
"G8M","(1S,2R)-2-[(S)-amino(carboxy)methyl]cyclobutanecarboxylic acid","likely-independent-monomer","结构上较像可独立偶联的氨基酸单体","synthesis-first","CCD连接类型含 peptide linking；分子量 173.2 Da，处于保守的单残基初筛范围内","基于CCD名称、连接类型、分子式和分子量的保守规则分层","该结果用于安排人工审核顺序，不等同于已确认可购、可用于SPPS/LPPS、进入过环肽或具有口服暴露。"
"G8X","(2~{S},3~{R})-3-oxidanylpyrrolidine-2-carboxylic acid","likely-independent-monomer","结构上较像可独立偶联的氨基酸单体","synthesis-first","CCD连接类型含 peptide linking；分子量 131.1 Da，处于保守的单残基初筛范围内","基于CCD名称、连接类型、分子式和分子量的保守规则分层","该结果用于安排人工审核顺序，不等同于已确认可购、可用于SPPS/LPPS、进入过环肽或具有口服暴露。"
"GAU","(4S)-4-AMINO-5-HYDROXYPENTANOIC ACID","likely-independent-monomer","结构上较像可独立偶联的氨基酸单体","synthesis-first","CCD连接类型含 peptide linking；分子量 133.1 Da，处于保守的单残基初筛范围内","基于CCD名称、连接类型、分子式和分子量的保守规则分层","该结果用于安排人工审核顺序，不等同于已确认可购、可用于SPPS/LPPS、进入过环肽或具有口服暴露。"
"GGB","L-CANAVANINE","likely-independent-monomer","结构上较像可独立偶联的氨基酸单体","synthesis-first","CCD连接类型含 peptide linking；分子量 176.2 Da，处于保守的单残基初筛范围内","基于CCD名称、连接类型、分子式和分子量的保守规则分层","该结果用于安排人工审核顺序，不等同于已确认可购、可用于SPPS/LPPS、进入过环肽或具有口服暴露。"
"GHG","(2S,4S)-2,5-diamino-4-hydroxy-5-oxopentanoic acid (non-preferred name)","likely-independent-monomer","结构上较像可独立偶联的氨基酸单体","synthesis-first","CCD连接类型含 peptide linking；分子量 162.1 Da，处于保守的单残基初筛范围内","基于CCD名称、连接类型、分子式和分子量的保守规则分层","该结果用于安排人工审核顺序，不等同于已确认可购、可用于SPPS/LPPS、进入过环肽或具有口服暴露。"
"GLJ","5,5-dihydroxy-L-norvaline","likely-independent-monomer","结构上较像可独立偶联的氨基酸单体","synthesis-first","CCD连接类型含 peptide linking；分子量 149.1 Da，处于保守的单残基初筛范围内","基于CCD名称、连接类型、分子式和分子量的保守规则分层","该结果用于安排人工审核顺序，不等同于已确认可购、可用于SPPS/LPPS、进入过环肽或具有口服暴露。"
"GMA","4-AMIDO-4-CARBAMOYL-BUTYRIC ACID","likely-independent-monomer","结构上较像可独立偶联的氨基酸单体","synthesis-first","CCD连接类型含 peptide linking；分子量 146.1 Da，处于保守的单残基初筛范围内","基于CCD名称、连接类型、分子式和分子量的保守规则分层","该结果用于安排人工审核顺序，不等同于已确认可购、可用于SPPS/LPPS、进入过环肽或具有口服暴露。"
"GME","5-O-methyl-glutamic acid","likely-independent-monomer","结构上较像可独立偶联的氨基酸单体","synthesis-first","CCD连接类型含 peptide linking；分子量 161.2 Da，处于保守的单残基初筛范围内","基于CCD名称、连接类型、分子式和分子量的保守规则分层","该结果用于安排人工审核顺序，不等同于已确认可购、可用于SPPS/LPPS、进入过环肽或具有口服暴露。"
"GNC","N~2~-methyl-L-glutamine","likely-independent-monomer","结构上较像可独立偶联的氨基酸单体","synthesis-first","CCD连接类型含 peptide linking；分子量 160.2 Da，处于保守的单残基初筛范围内","基于CCD名称、连接类型、分子式和分子量的保守规则分层","该结果用于安排人工审核顺序，不等同于已确认可购、可用于SPPS/LPPS、进入过环肽或具有口服暴露。"
"GND","2-AMINO-5-GUANIDINO-PENTANOIC ACID","likely-independent-monomer","结构上较像可独立偶联的氨基酸单体","synthesis-first","CCD连接类型含 peptide linking；分子量 175.2 Da，处于保守的单残基初筛范围内","基于CCD名称、连接类型、分子式和分子量的保守规则分层","该结果用于安排人工审核顺序，不等同于已确认可购、可用于SPPS/LPPS、进入过环肽或具有口服暴露。"
"GQI","(2R)-2-azanyl-3-[(E)-(2-oxidanyl-2-oxidanylidene-ethylidene)amino]oxysulfanyl-propanoic acid","likely-independent-monomer","结构上较像可独立偶联的氨基酸单体","synthesis-first","CCD连接类型含 peptide linking；分子量 208.2 Da，处于保守的单残基初筛范围内","基于CCD名称、连接类型、分子式和分子量的保守规则分层","该结果用于安排人工审核顺序，不等同于已确认可购、可用于SPPS/LPPS、进入过环肽或具有口服暴露。"
"GSC","2-ETHYLTHIO GLYCINE","likely-independent-monomer","结构上较像可独立偶联的氨基酸单体","synthesis-first","CCD连接类型含 peptide linking；分子量 135.2 Da，处于保守的单残基初筛范围内","基于CCD名称、连接类型、分子式和分子量的保守规则分层","该结果用于安排人工审核顺序，不等同于已确认可购、可用于SPPS/LPPS、进入过环肽或具有口服暴露。"
"GT9","S-NONYL-CYSTEINE","likely-independent-monomer","结构上较像可独立偶联的氨基酸单体","synthesis-first","CCD连接类型含 peptide linking；分子量 247.4 Da，处于保守的单残基初筛范围内","基于CCD名称、连接类型、分子式和分子量的保守规则分层","该结果用于安排人工审核顺序，不等同于已确认可购、可用于SPPS/LPPS、进入过环肽或具有口服暴露。"
"GZJ","(2S)-2-(acetylamino)butanoic acid","likely-independent-monomer","结构上较像可独立偶联的氨基酸单体","synthesis-first","CCD连接类型含 peptide linking；分子量 145.2 Da，处于保守的单残基初筛范围内","基于CCD名称、连接类型、分子式和分子量的保守规则分层","该结果用于安排人工审核顺序，不等同于已确认可购、可用于SPPS/LPPS、进入过环肽或具有口服暴露。"
"H14","(2S,3R)-BETA-HYDROXY-PHENYLALANINE","likely-independent-monomer","结构上较像可独立偶联的氨基酸单体","synthesis-first","CCD连接类型含 peptide linking；分子量 181.2 Da，处于保守的单残基初筛范围内","基于CCD名称、连接类型、分子式和分子量的保守规则分层","该结果用于安排人工审核顺序，不等同于已确认可购、可用于SPPS/LPPS、进入过环肽或具有口服暴露。"
"HAR","N-OMEGA-HYDROXY-L-ARGININE","likely-independent-monomer","结构上较像可独立偶联的氨基酸单体","synthesis-first","CCD连接类型含 peptide linking；分子量 190.2 Da，处于保守的单残基初筛范围内","基于CCD名称、连接类型、分子式和分子量的保守规则分层","该结果用于安排人工审核顺序，不等同于已确认可购、可用于SPPS/LPPS、进入过环肽或具有口服暴露。"
"HCL","(2S)-2-azanyl-2-[2-chloranyl-3,5-bis(oxidanyl)phenyl]ethanoic acid","likely-independent-monomer","结构上较像可独立偶联的氨基酸单体","synthesis-first","CCD连接类型含 peptide linking；分子量 217.6 Da，处于保守的单残基初筛范围内","基于CCD名称、连接类型、分子式和分子量的保守规则分层","该结果用于安排人工审核顺序，不等同于已确认可购、可用于SPPS/LPPS、进入过环肽或具有口服暴露。"
"HCM","(2S)-2-amino-4-(methyldisulfanyl)butanoic acid","likely-independent-monomer","结构上较像可独立偶联的氨基酸单体","synthesis-first","CCD连接类型含 peptide linking；分子量 181.3 Da，处于保守的单残基初筛范围内","基于CCD名称、连接类型、分子式和分子量的保守规则分层","该结果用于安排人工审核顺序，不等同于已确认可购、可用于SPPS/LPPS、进入过环肽或具有口服暴露。"
"HCS","2-AMINO-4-MERCAPTO-BUTYRIC ACID","special-reactive-candidate","带特殊反应基团，需按设计用途核查","use-case-first","名称提示带点击、交联、亲电或其他特殊反应基团；可能有设计价值，但需核对保护策略、化学稳定性与位点选择性","基于CCD名称、连接类型、分子式和分子量的保守规则分层","该结果用于安排人工审核顺序，不等同于已确认可购、可用于SPPS/LPPS、进入过环肽或具有口服暴露。"
"HFA","ALPHA-HYDROXY-BETA-PHENYL-PROPIONIC ACID","likely-independent-monomer","结构上较像可独立偶联的氨基酸单体","synthesis-first","CCD连接类型含 peptide linking；分子量 166.2 Da，处于保守的单残基初筛范围内","基于CCD名称、连接类型、分子式和分子量的保守规则分层","该结果用于安排人工审核顺序，不等同于已确认可购、可用于SPPS/LPPS、进入过环肽或具有口服暴露。"
"HGY","(2S)-amino(hydroxy)ethanoic acid","likely-independent-monomer","结构上较像可独立偶联的氨基酸单体","synthesis-first","CCD连接类型含 peptide linking；分子量 91.1 Da，处于保守的单残基初筛范围内","基于CCD名称、连接类型、分子式和分子量的保守规则分层","该结果用于安排人工审核顺序，不等同于已确认可购、可用于SPPS/LPPS、进入过环肽或具有口服暴露。"
"HHI","(2Z)-3-(1H-imidazol-5-yl)-2-iminopropanoic acid","likely-independent-monomer","结构上较像可独立偶联的氨基酸单体","synthesis-first","CCD连接类型含 peptide linking；分子量 153.1 Da，处于保守的单残基初筛范围内","基于CCD名称、连接类型、分子式和分子量的保守规则分层","该结果用于安排人工审核顺序，不等同于已确认可购、可用于SPPS/LPPS、进入过环肽或具有口服暴露。"
"HHK","(2S)-2,8-DIAMINOOCTANOIC ACID","likely-independent-monomer","结构上较像可独立偶联的氨基酸单体","synthesis-first","CCD连接类型含 peptide linking；分子量 174.2 Da，处于保守的单残基初筛范围内","基于CCD名称、连接类型、分子式和分子量的保守规则分层","该结果用于安排人工审核顺序，不等同于已确认可购、可用于SPPS/LPPS、进入过环肽或具有口服暴露。"
"HIC","4-METHYL-HISTIDINE","likely-independent-monomer","结构上较像可独立偶联的氨基酸单体","synthesis-first","CCD连接类型含 peptide linking；分子量 169.2 Da，处于保守的单残基初筛范围内","基于CCD名称、连接类型、分子式和分子量的保守规则分层","该结果用于安排人工审核顺序，不等同于已确认可购、可用于SPPS/LPPS、进入过环肽或具有口服暴露。"
"HIQ","1-[1,2-DIHYDROXY-1-(HYDROXYMETHYL)ETHYL]-L-HISTIDINE","likely-independent-monomer","结构上较像可独立偶联的氨基酸单体","synthesis-first","CCD连接类型含 peptide linking；分子量 245.2 Da，处于保守的单残基初筛范围内","基于CCD名称、连接类型、分子式和分子量的保守规则分层","该结果用于安排人工审核顺序，不等同于已确认可购、可用于SPPS/LPPS、进入过环肽或具有口服暴露。"
"HIX","3-(1H-1,2,3-triazol-5-yl)-L-alanine","likely-independent-monomer","结构上较像可独立偶联的氨基酸单体","synthesis-first","CCD连接类型含 peptide linking；分子量 156.1 Da，处于保守的单残基初筛范围内","基于CCD名称、连接类型、分子式和分子量的保守规则分层","该结果用于安排人工审核顺序，不等同于已确认可购、可用于SPPS/LPPS、进入过环肽或具有口服暴露。"
"HJH","(2~{S})-2-azanyl-3-(2-methyl-5-oxidanyl-1,2,3-triazol-4-yl)propanoic acid","likely-independent-monomer","结构上较像可独立偶联的氨基酸单体","synthesis-first","CCD连接类型含 peptide linking；分子量 186.2 Da，处于保守的单残基初筛范围内","基于CCD名称、连接类型、分子式和分子量的保守规则分层","该结果用于安排人工审核顺序，不等同于已确认可购、可用于SPPS/LPPS、进入过环肽或具有口服暴露。"
"HL2","(2S,3R)-2-amino-3-hydroxy-4-methylpentanoic acid","likely-independent-monomer","结构上较像可独立偶联的氨基酸单体","synthesis-first","CCD连接类型含 peptide linking；分子量 147.2 Da，处于保守的单残基初筛范围内","基于CCD名称、连接类型、分子式和分子量的保守规则分层","该结果用于安排人工审核顺序，不等同于已确认可购、可用于SPPS/LPPS、进入过环肽或具有口服暴露。"
"HL5","(2S,4R)-5-hydroxyleucine","likely-independent-monomer","结构上较像可独立偶联的氨基酸单体","synthesis-first","CCD连接类型含 peptide linking；分子量 147.2 Da，处于保守的单残基初筛范围内","基于CCD名称、连接类型、分子式和分子量的保守规则分层","该结果用于安排人工审核顺序，不等同于已确认可购、可用于SPPS/LPPS、进入过环肽或具有口服暴露。"
"HLU","BETA-HYDROXYLEUCINE","likely-independent-monomer","结构上较像可独立偶联的氨基酸单体","synthesis-first","CCD连接类型含 peptide linking；分子量 147.2 Da，处于保守的单残基初筛范围内","基于CCD名称、连接类型、分子式和分子量的保守规则分层","该结果用于安排人工审核顺序，不等同于已确认可购、可用于SPPS/LPPS、进入过环肽或具有口服暴露。"
"HLX","5-methyl-L-norleucine","likely-independent-monomer","结构上较像可独立偶联的氨基酸单体","synthesis-first","CCD连接类型含 peptide linking；分子量 145.2 Da，处于保守的单残基初筛范围内","基于CCD名称、连接类型、分子式和分子量的保守规则分层","该结果用于安排人工审核顺序，不等同于已确认可购、可用于SPPS/LPPS、进入过环肽或具有口服暴露。"
"HLY","(3~{R})-5-[[(5~{S})-5-azanyl-6-oxidanyl-6-oxidanylidene-hexyl]amino]-3-methyl-3-oxidanyl-5-oxidanylidene-pentanoic acid","likely-independent-monomer","结构上较像可独立偶联的氨基酸单体","synthesis-first","CCD连接类型含 peptide linking；分子量 290.3 Da，处于保守的单残基初筛范围内","基于CCD名称、连接类型、分子式和分子量的保守规则分层","该结果用于安排人工审核顺序，不等同于已确认可购、可用于SPPS/LPPS、进入过环肽或具有口服暴露。"
"HMR","BETA-HOMOARGININE","likely-independent-monomer","结构上较像可独立偶联的氨基酸单体","synthesis-first","CCD连接类型含 peptide linking；分子量 188.2 Da，处于保守的单残基初筛范围内","基于CCD名称、连接类型、分子式和分子量的保守规则分层","该结果用于安排人工审核顺序，不等同于已确认可购、可用于SPPS/LPPS、进入过环肽或具有口服暴露。"
"HNC","S-[(1S,2R)-2-hydroxy-1-(2-oxoethyl)heptyl]-L-cysteine","likely-independent-monomer","结构上较像可独立偶联的氨基酸单体","synthesis-first","CCD连接类型含 peptide linking；分子量 277.4 Da，处于保守的单残基初筛范围内","基于CCD名称、连接类型、分子式和分子量的保守规则分层","该结果用于安排人工审核顺序，不等同于已确认可购、可用于SPPS/LPPS、进入过环肽或具有口服暴露。"
"HOO","(2~{S})-2-azanyl-3-[2,5-bis(oxidanylidene)imidazol-4-yl]propanoic acid","likely-independent-monomer","结构上较像可独立偶联的氨基酸单体","synthesis-first","CCD连接类型含 peptide linking；分子量 185.1 Da，处于保守的单残基初筛范围内","基于CCD名称、连接类型、分子式和分子量的保守规则分层","该结果用于安排人工审核顺序，不等同于已确认可购、可用于SPPS/LPPS、进入过环肽或具有口服暴露。"
"HOX","4-amino-L-phenylalanine","likely-independent-monomer","结构上较像可独立偶联的氨基酸单体","synthesis-first","CCD连接类型含 peptide linking；分子量 180.2 Da，处于保守的单残基初筛范围内","基于CCD名称、连接类型、分子式和分子量的保守规则分层","该结果用于安排人工审核顺序，不等同于已确认可购、可用于SPPS/LPPS、进入过环肽或具有口服暴露。"
"HPE","HOMOPHENYLALANINE","likely-independent-monomer","结构上较像可独立偶联的氨基酸单体","synthesis-first","CCD连接类型含 peptide linking；分子量 179.2 Da，处于保守的单残基初筛范围内","基于CCD名称、连接类型、分子式和分子量的保守规则分层","该结果用于安排人工审核顺序，不等同于已确认可购、可用于SPPS/LPPS、进入过环肽或具有口服暴露。"
"HQA","3-(8-hydroxyquinolin-3-yl)-L-alanine","likely-independent-monomer","结构上较像可独立偶联的氨基酸单体","synthesis-first","CCD连接类型含 peptide linking；分子量 232.2 Da，处于保守的单残基初筛范围内","基于CCD名称、连接类型、分子式和分子量的保守规则分层","该结果用于安排人工审核顺序，不等同于已确认可购、可用于SPPS/LPPS、进入过环肽或具有口服暴露。"
"HR7","(3S)-3-amino-6-[(diaminomethylidene)amino]hexanoic acid","likely-independent-monomer","结构上较像可独立偶联的氨基酸单体","synthesis-first","CCD连接类型含 peptide linking；分子量 188.2 Da，处于保守的单残基初筛范围内","基于CCD名称、连接类型、分子式和分子量的保守规则分层","该结果用于安排人工审核顺序，不等同于已确认可购、可用于SPPS/LPPS、进入过环肽或具有口服暴露。"
"HRG","L-HOMOARGININE","likely-independent-monomer","结构上较像可独立偶联的氨基酸单体","synthesis-first","CCD连接类型含 peptide linking；分子量 188.2 Da，处于保守的单残基初筛范围内","基于CCD名称、连接类型、分子式和分子量的保守规则分层","该结果用于安排人工审核顺序，不等同于已确认可购、可用于SPPS/LPPS、进入过环肽或具有口服暴露。"
"HRP","5-HYDROXY-L-TRYPTOPHAN","likely-independent-monomer","结构上较像可独立偶联的氨基酸单体","synthesis-first","CCD连接类型含 peptide linking；分子量 220.2 Da，处于保守的单残基初筛范围内","基于CCD名称、连接类型、分子式和分子量的保守规则分层","该结果用于安排人工审核顺序，不等同于已确认可购、可用于SPPS/LPPS、进入过环肽或具有口服暴露。"
"HS8","3-(1-sulfo-1H-imidazol-3-ium-4-yl)-L-alanine","likely-independent-monomer","结构上较像可独立偶联的氨基酸单体","synthesis-first","CCD连接类型含 peptide linking；分子量 236.2 Da，处于保守的单残基初筛范围内","基于CCD名称、连接类型、分子式和分子量的保守规则分层","该结果用于安排人工审核顺序，不等同于已确认可购、可用于SPPS/LPPS、进入过环肽或具有口服暴露。"
"HSE","L-HOMOSERINE","likely-independent-monomer","结构上较像可独立偶联的氨基酸单体","synthesis-first","CCD连接类型含 peptide linking；分子量 119.1 Da，处于保守的单残基初筛范围内","基于CCD名称、连接类型、分子式和分子量的保守规则分层","该结果用于安排人工审核顺序，不等同于已确认可购、可用于SPPS/LPPS、进入过环肽或具有口服暴露。"
"HSK","3-hydroxy-L-histidine","likely-independent-monomer","结构上较像可独立偶联的氨基酸单体","synthesis-first","CCD连接类型含 peptide linking；分子量 171.2 Da，处于保守的单残基初筛范围内","基于CCD名称、连接类型、分子式和分子量的保守规则分层","该结果用于安排人工审核顺序，不等同于已确认可购、可用于SPPS/LPPS、进入过环肽或具有口服暴露。"
"HT7","(3S)-3-AMINO-4-(1H-INDOL-3-YL)BUTANOIC ACID","likely-independent-monomer","结构上较像可独立偶联的氨基酸单体","synthesis-first","CCD连接类型含 peptide linking；分子量 218.3 Da，处于保守的单残基初筛范围内","基于CCD名称、连接类型、分子式和分子量的保守规则分层","该结果用于安排人工审核顺序，不等同于已确认可购、可用于SPPS/LPPS、进入过环肽或具有口服暴露。"
"HTI","(4S)-4-{[(2S)-2-AMINO-3-OXOPROPYL]SULFANYL}-L-HOMOSERINE","likely-independent-monomer","结构上较像可独立偶联的氨基酸单体","synthesis-first","CCD连接类型含 peptide linking；分子量 238.3 Da，处于保守的单残基初筛范围内","基于CCD名称、连接类型、分子式和分子量的保守规则分层","该结果用于安排人工审核顺序，不等同于已确认可购、可用于SPPS/LPPS、进入过环肽或具有口服暴露。"
"HTR","BETA-HYDROXYTRYPTOPHANE","likely-independent-monomer","结构上较像可独立偶联的氨基酸单体","synthesis-first","CCD连接类型含 peptide linking；分子量 220.2 Da，处于保守的单残基初筛范围内","基于CCD名称、连接类型、分子式和分子量的保守规则分层","该结果用于安排人工审核顺序，不等同于已确认可购、可用于SPPS/LPPS、进入过环肽或具有口服暴露。"
"HVA","3-hydroxy-L-valine","likely-independent-monomer","结构上较像可独立偶联的氨基酸单体","synthesis-first","CCD连接类型含 peptide linking；分子量 133.1 Da，处于保守的单残基初筛范围内","基于CCD名称、连接类型、分子式和分子量的保守规则分层","该结果用于安排人工审核顺序，不等同于已确认可购、可用于SPPS/LPPS、进入过环肽或具有口服暴露。"
"I2M","3-methyl-L-alloisoleucine","likely-independent-monomer","结构上较像可独立偶联的氨基酸单体","synthesis-first","CCD连接类型含 peptide linking；分子量 145.2 Da，处于保守的单残基初筛范围内","基于CCD名称、连接类型、分子式和分子量的保守规则分层","该结果用于安排人工审核顺序，不等同于已确认可购、可用于SPPS/LPPS、进入过环肽或具有口服暴露。"
"I3L","allyl-cysteine","special-reactive-candidate","带特殊反应基团，需按设计用途核查","use-case-first","名称提示带点击、交联、亲电或其他特殊反应基团；可能有设计价值，但需核对保护策略、化学稳定性与位点选择性","基于CCD名称、连接类型、分子式和分子量的保守规则分层","该结果用于安排人工审核顺序，不等同于已确认可购、可用于SPPS/LPPS、进入过环肽或具有口服暴露。"
"I4G","N-(2-methylpropyl)glycine","likely-independent-monomer","结构上较像可独立偶联的氨基酸单体","synthesis-first","CCD连接类型含 peptide linking；分子量 131.2 Da，处于保守的单残基初筛范围内","基于CCD名称、连接类型、分子式和分子量的保守规则分层","该结果用于安排人工审核顺序，不等同于已确认可购、可用于SPPS/LPPS、进入过环肽或具有口服暴露。"
"I58","4R-FLUORO-N6-ETHANIMIDOYL-L-LYSINE","likely-independent-monomer","结构上较像可独立偶联的氨基酸单体","synthesis-first","CCD连接类型含 peptide linking；分子量 205.2 Da，处于保守的单残基初筛范围内","基于CCD名称、连接类型、分子式和分子量的保守规则分层","该结果用于安排人工审核顺序，不等同于已确认可购、可用于SPPS/LPPS、进入过环肽或具有口服暴露。"
"I7F","O-hydroxy-L-serine","likely-independent-monomer","结构上较像可独立偶联的氨基酸单体","synthesis-first","CCD连接类型含 peptide linking；分子量 121.1 Da，处于保守的单残基初筛范围内","基于CCD名称、连接类型、分子式和分子量的保守规则分层","该结果用于安排人工审核顺序，不等同于已确认可购、可用于SPPS/LPPS、进入过环肽或具有口服暴露。"
"IAE","(2S)-2-azanyl-4-[4-(trifluoromethyl)phenyl]butanoic acid","likely-independent-monomer","结构上较像可独立偶联的氨基酸单体","synthesis-first","CCD连接类型含 peptide linking；分子量 247.2 Da，处于保守的单残基初筛范围内","基于CCD名称、连接类型、分子式和分子量的保守规则分层","该结果用于安排人工审核顺序，不等同于已确认可购、可用于SPPS/LPPS、进入过环肽或具有口服暴露。"
"IAM","4-[(ISOPROPYLAMINO)METHYL]PHENYLALANINE","likely-independent-monomer","结构上较像可独立偶联的氨基酸单体","synthesis-first","CCD连接类型含 peptide linking；分子量 236.3 Da，处于保守的单残基初筛范围内","基于CCD名称、连接类型、分子式和分子量的保守规则分层","该结果用于安排人工审核顺序，不等同于已确认可购、可用于SPPS/LPPS、进入过环肽或具有口服暴露。"
"IAR","(2E)-5-[(diaminomethylidene)amino]-2-iminopentanoic acid","likely-independent-monomer","结构上较像可独立偶联的氨基酸单体","synthesis-first","CCD连接类型含 peptide linking；分子量 172.2 Da，处于保守的单残基初筛范围内","基于CCD名称、连接类型、分子式和分子量的保守规则分层","该结果用于安排人工审核顺序，不等同于已确认可购、可用于SPPS/LPPS、进入过环肽或具有口服暴露。"
"IB9","Beta-tyrosine","likely-independent-monomer","结构上较像可独立偶联的氨基酸单体","synthesis-first","CCD连接类型含 peptide linking；分子量 181.2 Da，处于保守的单残基初筛范围内","基于CCD名称、连接类型、分子式和分子量的保守规则分层","该结果用于安排人工审核顺序，不等同于已确认可购、可用于SPPS/LPPS、进入过环肽或具有口服暴露。"
"IEL","N~6~-[(1Z)-ethanimidoyl]-L-lysine","likely-independent-monomer","结构上较像可独立偶联的氨基酸单体","synthesis-first","CCD连接类型含 peptide linking；分子量 187.2 Da，处于保守的单残基初筛范围内","基于CCD名称、连接类型、分子式和分子量的保守规则分层","该结果用于安排人工审核顺序，不等同于已确认可购、可用于SPPS/LPPS、进入过环肽或具有口服暴露。"
"IGL","ALPHA-AMINO-2-INDANACETIC ACID","likely-independent-monomer","结构上较像可独立偶联的氨基酸单体","synthesis-first","CCD连接类型含 peptide linking；分子量 191.2 Da，处于保守的单残基初筛范围内","基于CCD名称、连接类型、分子式和分子量的保守规则分层","该结果用于安排人工审核顺序，不等同于已确认可购、可用于SPPS/LPPS、进入过环肽或具有口服暴露。"
"IIC","4-IMIDAZOLMETHYLENE-5-IMIDAZOLONE CHROMOPHORE","likely-independent-monomer","结构上较像可独立偶联的氨基酸单体","synthesis-first","CCD连接类型含 peptide linking；分子量 281.3 Da，处于保守的单残基初筛范围内","基于CCD名称、连接类型、分子式和分子量的保守规则分层","该结果用于安排人工审核顺序，不等同于已确认可购、可用于SPPS/LPPS、进入过环肽或具有口服暴露。"
"IIL","ISO-ISOLEUCINE","likely-independent-monomer","结构上较像可独立偶联的氨基酸单体","synthesis-first","CCD连接类型含 peptide linking；分子量 131.2 Da，处于保守的单残基初筛范围内","基于CCD名称、连接类型、分子式和分子量的保守规则分层","该结果用于安排人工审核顺序，不等同于已确认可购、可用于SPPS/LPPS、进入过环肽或具有口服暴露。"
"ILX","4,5-DIHYDROXYISOLEUCINE","likely-independent-monomer","结构上较像可独立偶联的氨基酸单体","synthesis-first","CCD连接类型含 peptide linking；分子量 163.2 Da，处于保守的单残基初筛范围内","基于CCD名称、连接类型、分子式和分子量的保守规则分层","该结果用于安排人工审核顺序，不等同于已确认可购、可用于SPPS/LPPS、进入过环肽或具有口服暴露。"
"IO8","2-[2-(aminomethyl)-4-(1H-indol-3-ylmethyl)-5-oxidanylidene-4H-imidazol-1-yl]ethanoic acid","likely-independent-monomer","结构上较像可独立偶联的氨基酸单体","synthesis-first","CCD连接类型含 peptide linking；分子量 298.3 Da，处于保守的单残基初筛范围内","基于CCD名称、连接类型、分子式和分子量的保守规则分层","该结果用于安排人工审核顺序，不等同于已确认可购、可用于SPPS/LPPS、进入过环肽或具有口服暴露。"
"IOR","N~5~-[(5R)-5-methyl-4-oxo-4,5-dihydro-1H-imidazol-2-yl]-L-ornithine","likely-independent-monomer","结构上较像可独立偶联的氨基酸单体","synthesis-first","CCD连接类型含 peptide linking；分子量 228.2 Da，处于保守的单残基初筛范围内","基于CCD名称、连接类型、分子式和分子量的保守规则分层","该结果用于安排人工审核顺序，不等同于已确认可购、可用于SPPS/LPPS、进入过环肽或具有口服暴露。"
"IOY","P-IODO-D-PHENYLALANINE","likely-independent-monomer","结构上较像可独立偶联的氨基酸单体","synthesis-first","CCD连接类型含 peptide linking；分子量 291.1 Da，处于保守的单残基初筛范围内","基于CCD名称、连接类型、分子式和分子量的保守规则分层","该结果用于安排人工审核顺序，不等同于已确认可购、可用于SPPS/LPPS、进入过环肽或具有口服暴露。"
"IPG","N-ISOPROPYL GLYCINE","likely-independent-monomer","结构上较像可独立偶联的氨基酸单体","synthesis-first","CCD连接类型含 peptide linking；分子量 117.1 Da，处于保守的单残基初筛范围内","基于CCD名称、连接类型、分子式和分子量的保守规则分层","该结果用于安排人工审核顺序，不等同于已确认可购、可用于SPPS/LPPS、进入过环肽或具有口服暴露。"
"IZO","(2S)-2-AMINOHEX-5-YNOIC ACID","likely-independent-monomer","结构上较像可独立偶联的氨基酸单体","synthesis-first","CCD连接类型含 peptide linking；分子量 127.1 Da，处于保守的单残基初筛范围内","基于CCD名称、连接类型、分子式和分子量的保守规则分层","该结果用于安排人工审核顺序，不等同于已确认可购、可用于SPPS/LPPS、进入过环肽或具有口服暴露。"
"J3D","N-carboxy-L-cysteine","likely-independent-monomer","结构上较像可独立偶联的氨基酸单体","synthesis-first","CCD连接类型含 peptide linking；分子量 165.2 Da，处于保守的单残基初筛范围内","基于CCD名称、连接类型、分子式和分子量的保守规则分层","该结果用于安排人工审核顺序，不等同于已确认可购、可用于SPPS/LPPS、进入过环肽或具有口服暴露。"
"J7H","(2~{R})-2-azanyl-2-methyl-heptanoic acid","likely-independent-monomer","结构上较像可独立偶联的氨基酸单体","synthesis-first","CCD连接类型含 peptide linking；分子量 159.2 Da，处于保守的单残基初筛范围内","基于CCD名称、连接类型、分子式和分子量的保守规则分层","该结果用于安排人工审核顺序，不等同于已确认可购、可用于SPPS/LPPS、进入过环肽或具有口服暴露。"
"J8W","(2~{S})-2-azanyl-3-(3-oxidanyl-3-oxidanylidene-propanoyl)oxy-propanoic acid","likely-independent-monomer","结构上较像可独立偶联的氨基酸单体","synthesis-first","CCD连接类型含 peptide linking；分子量 191.1 Da，处于保守的单残基初筛范围内","基于CCD名称、连接类型、分子式和分子量的保守规则分层","该结果用于安排人工审核顺序，不等同于已确认可购、可用于SPPS/LPPS、进入过环肽或具有口服暴露。"
"J9A","N-[(2S)-2-amino-2-carboxyethyl]-L-alpha-glutamine","likely-independent-monomer","结构上较像可独立偶联的氨基酸单体","synthesis-first","CCD连接类型含 peptide linking；分子量 233.2 Da，处于保守的单残基初筛范围内","基于CCD名称、连接类型、分子式和分子量的保守规则分层","该结果用于安排人工审核顺序，不等同于已确认可购、可用于SPPS/LPPS、进入过环肽或具有口服暴露。"
"J9Y","(2S)-2-amino-5-{[(E)-amino(methylamino)methylidene](hydroxy)azaniumyl}pentanoate","likely-independent-monomer","结构上较像可独立偶联的氨基酸单体","synthesis-first","CCD连接类型含 peptide linking；分子量 204.2 Da，处于保守的单残基初筛范围内","基于CCD名称、连接类型、分子式和分子量的保守规则分层","该结果用于安排人工审核顺序，不等同于已确认可购、可用于SPPS/LPPS、进入过环肽或具有口服暴露。"
"JBY","(2S)-2-{(4Z)-2-(aminomethyl)-4-[(4-hydroxyphenyl)methylidene]-5-oxo-4,5-dihydro-1H-imidazol-1-yl}propanoic acid","likely-independent-monomer","结构上较像可独立偶联的氨基酸单体","synthesis-first","CCD连接类型含 peptide linking；分子量 289.3 Da，处于保守的单残基初筛范围内","基于CCD名称、连接类型、分子式和分子量的保守规则分层","该结果用于安排人工审核顺序，不等同于已确认可购、可用于SPPS/LPPS、进入过环肽或具有口服暴露。"
"JGO","meso-2,6-diaminopimelic acid NH2","likely-independent-monomer","结构上较像可独立偶联的氨基酸单体","synthesis-first","CCD连接类型含 peptide linking；分子量 189.2 Da，处于保守的单残基初筛范围内","基于CCD名称、连接类型、分子式和分子量的保守规则分层","该结果用于安排人工审核顺序，不等同于已确认可购、可用于SPPS/LPPS、进入过环肽或具有口服暴露。"
"JJJ","S-(pyridin-3-ylcarbonyl)-L-cysteine","likely-independent-monomer","结构上较像可独立偶联的氨基酸单体","synthesis-first","CCD连接类型含 peptide linking；分子量 226.3 Da，处于保守的单残基初筛范围内","基于CCD名称、连接类型、分子式和分子量的保守规则分层","该结果用于安排人工审核顺序，不等同于已确认可购、可用于SPPS/LPPS、进入过环肽或具有口服暴露。"
"JJK","S-[(S)-hydroxy(pyridin-3-yl)methyl]-L-cysteine","likely-independent-monomer","结构上较像可独立偶联的氨基酸单体","synthesis-first","CCD连接类型含 peptide linking；分子量 228.3 Da，处于保守的单残基初筛范围内","基于CCD名称、连接类型、分子式和分子量的保守规则分层","该结果用于安排人工审核顺序，不等同于已确认可购、可用于SPPS/LPPS、进入过环肽或具有口服暴露。"
"JJL","S-[(S)-hydroxy(5-methoxypyridin-3-yl)methyl]-L-cysteine","likely-independent-monomer","结构上较像可独立偶联的氨基酸单体","synthesis-first","CCD连接类型含 peptide linking；分子量 258.3 Da，处于保守的单残基初筛范围内","基于CCD名称、连接类型、分子式和分子量的保守规则分层","该结果用于安排人工审核顺序，不等同于已确认可购、可用于SPPS/LPPS、进入过环肽或具有口服暴露。"
"JKC","(2S)-2-azanyl-5-(phenylmethoxycarbonylamino)pentanoic acid","likely-independent-monomer","结构上较像可独立偶联的氨基酸单体","synthesis-first","CCD连接类型含 peptide linking；分子量 266.3 Da，处于保守的单残基初筛范围内","基于CCD名称、连接类型、分子式和分子量的保守规则分层","该结果用于安排人工审核顺序，不等同于已确认可购、可用于SPPS/LPPS、进入过环肽或具有口服暴露。"
"JLP","(2S)-2-azanyl-6-[E-[5-(hydroxymethyl)-2-methyl-3-oxidanyl-pyridin-4-yl]methylideneamino]hexanoic acid","likely-independent-monomer","结构上较像可独立偶联的氨基酸单体","synthesis-first","CCD连接类型含 peptide linking；分子量 295.3 Da，处于保守的单残基初筛范围内","基于CCD名称、连接类型、分子式和分子量的保守规则分层","该结果用于安排人工审核顺序，不等同于已确认可购、可用于SPPS/LPPS、进入过环肽或具有口服暴露。"
"JXR","2,2-bis(4-pentenyl)glycine","likely-independent-monomer","结构上较像可独立偶联的氨基酸单体","synthesis-first","CCD连接类型含 peptide linking；分子量 211.3 Da，处于保守的单残基初筛范围内","基于CCD名称、连接类型、分子式和分子量的保守规则分层","该结果用于安排人工审核顺序，不等同于已确认可购、可用于SPPS/LPPS、进入过环肽或具有口服暴露。"
"JYC","(S)-2-(7'-octenyl) alanine","likely-independent-monomer","结构上较像可独立偶联的氨基酸单体","synthesis-first","CCD连接类型含 peptide linking；分子量 199.3 Da，处于保守的单残基初筛范围内","基于CCD名称、连接类型、分子式和分子量的保守规则分层","该结果用于安排人工审核顺序，不等同于已确认可购、可用于SPPS/LPPS、进入过环肽或具有口服暴露。"
"K1R","(2S)-2-AMINO-4-[({[(2R)-2-AMINO-2-CARBOXYETHYL]THIO}AMINO)SULFINYL]BUTANOIC ACID","likely-independent-monomer","结构上较像可独立偶联的氨基酸单体","synthesis-first","CCD连接类型含 peptide linking；分子量 285.3 Da，处于保守的单残基初筛范围内","基于CCD名称、连接类型、分子式和分子量的保守规则分层","该结果用于安排人工审核顺序，不等同于已确认可购、可用于SPPS/LPPS、进入过环肽或具有口服暴露。"
"K5H","(2~{R})-2-azanyl-3-[3,3,3-tris(fluoranyl)-2,2-bis(oxidanyl)propyl]sulfanyl-propanoic acid","likely-independent-monomer","结构上较像可独立偶联的氨基酸单体","synthesis-first","CCD连接类型含 peptide linking；分子量 249.2 Da，处于保守的单残基初筛范围内","基于CCD名称、连接类型、分子式和分子量的保守规则分层","该结果用于安排人工审核顺序，不等同于已确认可购、可用于SPPS/LPPS、进入过环肽或具有口服暴露。"
"K5L","(2~{R})-2-azanyl-3-(3-oxidanyl-3-oxidanylidene-propanoyl)oxy-propanoic acid","likely-independent-monomer","结构上较像可独立偶联的氨基酸单体","synthesis-first","CCD连接类型含 peptide linking；分子量 191.1 Da，处于保守的单残基初筛范围内","基于CCD名称、连接类型、分子式和分子量的保守规则分层","该结果用于安排人工审核顺序，不等同于已确认可购、可用于SPPS/LPPS、进入过环肽或具有口服暴露。"
"KBE","beta-lysine","likely-independent-monomer","结构上较像可独立偶联的氨基酸单体","synthesis-first","CCD连接类型含 peptide linking；分子量 146.2 Da，处于保守的单残基初筛范围内","基于CCD名称、连接类型、分子式和分子量的保守规则分层","该结果用于安排人工审核顺序，不等同于已确认可购、可用于SPPS/LPPS、进入过环肽或具有口服暴露。"
"KBV","(3R)-3-amino-4-(4-tert-butylphenyl)butanoic acid","likely-independent-monomer","结构上较像可独立偶联的氨基酸单体","synthesis-first","CCD连接类型含 peptide linking；分子量 235.3 Da，处于保守的单残基初筛范围内","基于CCD名称、连接类型、分子式和分子量的保守规则分层","该结果用于安排人工审核顺序，不等同于已确认可购、可用于SPPS/LPPS、进入过环肽或具有口服暴露。"
"KCJ","3-(1,3-thiazol-4-yl)-L-alanine","likely-independent-monomer","结构上较像可独立偶联的氨基酸单体","synthesis-first","CCD连接类型含 peptide linking；分子量 172.2 Da，处于保守的单残基初筛范围内","基于CCD名称、连接类型、分子式和分子量的保守规则分层","该结果用于安排人工审核顺序，不等同于已确认可购、可用于SPPS/LPPS、进入过环肽或具有口服暴露。"
"KCR","N-6-crotonyl-L-lysine","likely-independent-monomer","结构上较像可独立偶联的氨基酸单体","synthesis-first","CCD连接类型含 peptide linking；分子量 214.3 Da，处于保守的单残基初筛范围内","基于CCD名称、连接类型、分子式和分子量的保守规则分层","该结果用于安排人工审核顺序，不等同于已确认可购、可用于SPPS/LPPS、进入过环肽或具有口服暴露。"
"KCX","LYSINE NZ-CARBOXYLIC ACID","likely-independent-monomer","结构上较像可独立偶联的氨基酸单体","synthesis-first","CCD连接类型含 peptide linking；分子量 190.2 Da，处于保守的单残基初筛范围内","基于CCD名称、连接类型、分子式和分子量的保守规则分层","该结果用于安排人工审核顺序，不等同于已确认可购、可用于SPPS/LPPS、进入过环肽或具有口服暴露。"
"KEO","e(R)-beta-lysyl-hydroxylysine","likely-independent-monomer","结构上较像可独立偶联的氨基酸单体","synthesis-first","CCD连接类型含 peptide linking；分子量 290.4 Da，处于保守的单残基初筛范围内","基于CCD名称、连接类型、分子式和分子量的保守规则分层","该结果用于安排人工审核顺序，不等同于已确认可购、可用于SPPS/LPPS、进入过环肽或具有口服暴露。"
"KGC","N~6~-[(2R)-2-CARBOXY-5-OXOTETRAHYDROFURAN-2-YL]-L-LYSINE","likely-independent-monomer","结构上较像可独立偶联的氨基酸单体","synthesis-first","CCD连接类型含 peptide linking；分子量 274.3 Da，处于保守的单残基初筛范围内","基于CCD名称、连接类型、分子式和分子量的保守规则分层","该结果用于安排人工审核顺序，不等同于已确认可购、可用于SPPS/LPPS、进入过环肽或具有口服暴露。"
"KHB","N~6~-[(3S)-3-hydroxybutanoyl]-L-lysine","likely-independent-monomer","结构上较像可独立偶联的氨基酸单体","synthesis-first","CCD连接类型含 peptide linking；分子量 232.3 Da，处于保守的单残基初筛范围内","基于CCD名称、连接类型、分子式和分子量的保守规则分层","该结果用于安排人工审核顺序，不等同于已确认可购、可用于SPPS/LPPS、进入过环肽或具有口服暴露。"
"KNB","3-(methylsulfonyl)-L-alanine","likely-independent-monomer","结构上较像可独立偶联的氨基酸单体","synthesis-first","CCD连接类型含 peptide linking；分子量 167.2 Da，处于保守的单残基初筛范围内","基于CCD名称、连接类型、分子式和分子量的保守规则分层","该结果用于安排人工审核顺序，不等同于已确认可购、可用于SPPS/LPPS、进入过环肽或具有口服暴露。"
"KOR","L-HOMOCYSTEINE-S-N-S-L-CYSTEINE","likely-independent-monomer","结构上较像可独立偶联的氨基酸单体","synthesis-first","CCD连接类型含 peptide linking；分子量 285.3 Da，处于保守的单残基初筛范围内","基于CCD名称、连接类型、分子式和分子量的保守规则分层","该结果用于安排人工审核顺序，不等同于已确认可购、可用于SPPS/LPPS、进入过环肽或具有口服暴露。"
"KPF","N-(1-carboxy-2-fluoro-ethenyl) lysine","likely-independent-monomer","结构上较像可独立偶联的氨基酸单体","synthesis-first","CCD连接类型含 peptide linking；分子量 234.2 Da，处于保守的单残基初筛范围内","基于CCD名称、连接类型、分子式和分子量的保守规则分层","该结果用于安排人工审核顺序，不等同于已确认可购、可用于SPPS/LPPS、进入过环肽或具有口服暴露。"
"KPI","(2S)-2-amino-6-[(1-hydroxy-1-oxo-propan-2-ylidene)amino]hexanoic acid","likely-independent-monomer","结构上较像可独立偶联的氨基酸单体","synthesis-first","CCD连接类型含 peptide linking；分子量 216.2 Da，处于保守的单残基初筛范围内","基于CCD名称、连接类型、分子式和分子量的保守规则分层","该结果用于安排人工审核顺序，不等同于已确认可购、可用于SPPS/LPPS、进入过环肽或具有口服暴露。"
"KPY","(2R)-2-AZANYL-3-[2-[(E)-(1-OXIDANYL-1-OXIDANYLIDENE-PROPAN-2-YLIDENE)AMINO]ETHYLSULFANYL]PROPANOIC ACID","likely-independent-monomer","结构上较像可独立偶联的氨基酸单体","synthesis-first","CCD连接类型含 peptide linking；分子量 234.3 Da，处于保守的单残基初筛范围内","基于CCD名称、连接类型、分子式和分子量的保守规则分层","该结果用于安排人工审核顺序，不等同于已确认可购、可用于SPPS/LPPS、进入过环肽或具有口服暴露。"
"KR3","N~6~-(ethoxycarbonyl)-L-lysine","likely-independent-monomer","结构上较像可独立偶联的氨基酸单体","synthesis-first","CCD连接类型含 peptide linking；分子量 218.3 Da，处于保守的单残基初筛范围内","基于CCD名称、连接类型、分子式和分子量的保守规则分层","该结果用于安排人工审核顺序，不等同于已确认可购、可用于SPPS/LPPS、进入过环肽或具有口服暴露。"
"KST","N~6~-(5-CARBOXY-3-THIENYL)-L-LYSINE","likely-independent-monomer","结构上较像可独立偶联的氨基酸单体","synthesis-first","CCD连接类型含 peptide linking；分子量 272.3 Da，处于保守的单残基初筛范围内","基于CCD名称、连接类型、分子式和分子量的保守规则分层","该结果用于安排人工审核顺序，不等同于已确认可购、可用于SPPS/LPPS、进入过环肽或具有口服暴露。"
"KYN","(2S)-2-amino-4-(2-aminophenyl)-4-oxobutanoic acid","likely-independent-monomer","结构上较像可独立偶联的氨基酸单体","synthesis-first","CCD连接类型含 peptide linking；分子量 208.2 Da，处于保守的单残基初筛范围内","基于CCD名称、连接类型、分子式和分子量的保守规则分层","该结果用于安排人工审核顺序，不等同于已确认可购、可用于SPPS/LPPS、进入过环肽或具有口服暴露。"
"KYQ","(E)-N~6~-(1-carboxy-2-hydroxyethylidene)-L-lysine","likely-independent-monomer","结构上较像可独立偶联的氨基酸单体","synthesis-first","CCD连接类型含 peptide linking；分子量 232.2 Da，处于保守的单残基初筛范围内","基于CCD名称、连接类型、分子式和分子量的保守规则分层","该结果用于安排人工审核顺序，不等同于已确认可购、可用于SPPS/LPPS、进入过环肽或具有口服暴露。"
"L3O","(2S,3S)-3-amino-2-hydroxy-5-methylhexanoic acid","likely-independent-monomer","结构上较像可独立偶联的氨基酸单体","synthesis-first","CCD连接类型含 peptide linking；分子量 161.2 Da，处于保守的单残基初筛范围内","基于CCD名称、连接类型、分子式和分子量的保守规则分层","该结果用于安排人工审核顺序，不等同于已确认可购、可用于SPPS/LPPS、进入过环肽或具有口服暴露。"
"LAL","N,N-DIMETHYL-L-ALANINE","likely-independent-monomer","结构上较像可独立偶联的氨基酸单体","synthesis-first","CCD连接类型含 peptide linking；分子量 117.1 Da，处于保守的单残基初筛范围内","基于CCD名称、连接类型、分子式和分子量的保守规则分层","该结果用于安排人工审核顺序，不等同于已确认可购、可用于SPPS/LPPS、进入过环肽或具有口服暴露。"
"LBZ","(2~{S})-2-azanyl-6-benzamido-hexanoic acid","likely-independent-monomer","结构上较像可独立偶联的氨基酸单体","synthesis-first","CCD连接类型含 peptide linking；分子量 250.3 Da，处于保守的单残基初筛范围内","基于CCD名称、连接类型、分子式和分子量的保守规则分层","该结果用于安排人工审核顺序，不等同于已确认可购、可用于SPPS/LPPS、进入过环肽或具有口服暴露。"
"LCK","(Z)-N~6~-(2-carboxy-1-methylethylidene)-L-lysine","likely-independent-monomer","结构上较像可独立偶联的氨基酸单体","synthesis-first","CCD连接类型含 peptide linking；分子量 230.3 Da，处于保守的单残基初筛范围内","基于CCD名称、连接类型、分子式和分子量的保守规则分层","该结果用于安排人工审核顺序，不等同于已确认可购、可用于SPPS/LPPS、进入过环肽或具有口服暴露。"
"LDH","N~6~-ETHYL-L-LYSINE","likely-independent-monomer","结构上较像可独立偶联的氨基酸单体","synthesis-first","CCD连接类型含 peptide linking；分子量 174.2 Da，处于保守的单残基初筛范围内","基于CCD名称、连接类型、分子式和分子量的保守规则分层","该结果用于安排人工审核顺序，不等同于已确认可购、可用于SPPS/LPPS、进入过环肽或具有口服暴露。"
"LE1","3-sulfanyl-L-valine","likely-independent-monomer","结构上较像可独立偶联的氨基酸单体","synthesis-first","CCD连接类型含 peptide linking；分子量 149.2 Da，处于保守的单残基初筛范围内","基于CCD名称、连接类型、分子式和分子量的保守规则分层","该结果用于安排人工审核顺序，不等同于已确认可购、可用于SPPS/LPPS、进入过环肽或具有口服暴露。"
"LED","(4R)-5-OXO-L-LEUCINE","likely-independent-monomer","结构上较像可独立偶联的氨基酸单体","synthesis-first","CCD连接类型含 peptide linking；分子量 145.2 Da，处于保守的单残基初筛范围内","基于CCD名称、连接类型、分子式和分子量的保守规则分层","该结果用于安排人工审核顺序，不等同于已确认可购、可用于SPPS/LPPS、进入过环肽或具有口服暴露。"
"LEF","(4S)-5-FLUORO-L-LEUCINE","likely-independent-monomer","结构上较像可独立偶联的氨基酸单体","synthesis-first","CCD连接类型含 peptide linking；分子量 149.2 Da，处于保守的单残基初筛范围内","基于CCD名称、连接类型、分子式和分子量的保守规则分层","该结果用于安排人工审核顺序，不等同于已确认可购、可用于SPPS/LPPS、进入过环肽或具有口服暴露。"
"LGY","(E)-N~6~-(4-oxobutylidene)-L-lysine","likely-independent-monomer","结构上较像可独立偶联的氨基酸单体","synthesis-first","CCD连接类型含 peptide linking；分子量 214.3 Da，处于保守的单残基初筛范围内","基于CCD名称、连接类型、分子式和分子量的保守规则分层","该结果用于安排人工审核顺序，不等同于已确认可购、可用于SPPS/LPPS、进入过环肽或具有口服暴露。"
"LHC","(2S)-2-amino-4-(4-amino-2-oxopyrimidin-1(2H)-yl)butanoic acid","likely-independent-monomer","结构上较像可独立偶联的氨基酸单体","synthesis-first","CCD连接类型含 peptide linking；分子量 212.2 Da，处于保守的单残基初筛范围内","基于CCD名称、连接类型、分子式和分子量的保守规则分层","该结果用于安排人工审核顺序，不等同于已确认可购、可用于SPPS/LPPS、进入过环肽或具有口服暴露。"
"LLO","N~6~-[(1S)-3-hydroxy-1,3-dimethylbutyl]-L-lysine","likely-independent-monomer","结构上较像可独立偶联的氨基酸单体","synthesis-first","CCD连接类型含 peptide linking；分子量 246.3 Da，处于保守的单残基初筛范围内","基于CCD名称、连接类型、分子式和分子量的保守规则分层","该结果用于安排人工审核顺序，不等同于已确认可购、可用于SPPS/LPPS、进入过环肽或具有口服暴露。"
"LLY","NZ-(DICARBOXYMETHYL)LYSINE","likely-independent-monomer","结构上较像可独立偶联的氨基酸单体","synthesis-first","CCD连接类型含 peptide linking；分子量 248.2 Da，处于保守的单残基初筛范围内","基于CCD名称、连接类型、分子式和分子量的保守规则分层","该结果用于安排人工审核顺序，不等同于已确认可购、可用于SPPS/LPPS、进入过环肽或具有口服暴露。"
"LME","(2S,3R)-2-azanyl-3-methyl-pentanedioic acid","likely-independent-monomer","结构上较像可独立偶联的氨基酸单体","synthesis-first","CCD连接类型含 peptide linking；分子量 161.2 Da，处于保守的单残基初筛范围内","基于CCD名称、连接类型、分子式和分子量的保守规则分层","该结果用于安排人工审核顺序，不等同于已确认可购、可用于SPPS/LPPS、进入过环肽或具有口服暴露。"
"LMF","NZ(N-METHYL THIOFORMAMIDE) LYSINE","likely-independent-monomer","结构上较像可独立偶联的氨基酸单体","synthesis-first","CCD连接类型含 peptide linking；分子量 219.3 Da，处于保守的单残基初筛范围内","基于CCD名称、连接类型、分子式和分子量的保守规则分层","该结果用于安排人工审核顺序，不等同于已确认可购、可用于SPPS/LPPS、进入过环肽或具有口服暴露。"
"LMQ","(3S)-3-methyl-L-glutamine","likely-independent-monomer","结构上较像可独立偶联的氨基酸单体","synthesis-first","CCD连接类型含 peptide linking；分子量 160.2 Da，处于保守的单残基初筛范围内","基于CCD名称、连接类型、分子式和分子量的保守规则分层","该结果用于安排人工审核顺序，不等同于已确认可购、可用于SPPS/LPPS、进入过环肽或具有口服暴露。"
"LOH","3,4-dihydroxylysine","likely-independent-monomer","结构上较像可独立偶联的氨基酸单体","synthesis-first","CCD连接类型含 peptide linking；分子量 178.2 Da，处于保守的单残基初筛范围内","基于CCD名称、连接类型、分子式和分子量的保守规则分层","该结果用于安排人工审核顺序，不等同于已确认可购、可用于SPPS/LPPS、进入过环肽或具有口服暴露。"
"LP6","6-piperidin-1-yl-L-norleucine","likely-independent-monomer","结构上较像可独立偶联的氨基酸单体","synthesis-first","CCD连接类型含 peptide linking；分子量 214.3 Da，处于保守的单残基初筛范围内","基于CCD名称、连接类型、分子式和分子量的保守规则分层","该结果用于安排人工审核顺序，不等同于已确认可购、可用于SPPS/LPPS、进入过环肽或具有口服暴露。"
"LPG","(2S)-2-aminobut-3-ynoic acid","likely-independent-monomer","结构上较像可独立偶联的氨基酸单体","synthesis-first","CCD连接类型含 peptide linking；分子量 99.1 Da，处于保守的单残基初筛范围内","基于CCD名称、连接类型、分子式和分子量的保守规则分层","该结果用于安排人工审核顺序，不等同于已确认可购、可用于SPPS/LPPS、进入过环肽或具有口服暴露。"
"LPH","L-Propargylglycine","special-reactive-candidate","带特殊反应基团，需按设计用途核查","use-case-first","名称提示带点击、交联、亲电或其他特殊反应基团；可能有设计价值，但需核对保护策略、化学稳定性与位点选择性","基于CCD名称、连接类型、分子式和分子量的保守规则分层","该结果用于安排人工审核顺序，不等同于已确认可购、可用于SPPS/LPPS、进入过环肽或具有口服暴露。"
"LPL","LEU-HYDROXYETHYLENE-LEU","likely-independent-monomer","结构上较像可独立偶联的氨基酸单体","synthesis-first","CCD连接类型含 peptide linking；分子量 245.4 Da，处于保守的单残基初筛范围内","基于CCD名称、连接类型、分子式和分子量的保守规则分层","该结果用于安排人工审核顺序，不等同于已确认可购、可用于SPPS/LPPS、进入过环肽或具有口服暴露。"
"LT0","D-tryptophyl-L-serine","strong-nonmonomer-signal","存在较强的非普通单体信号","exclude-first","名称提示其本身可能是完整肽或多残基结构","基于CCD名称、连接类型、分子式和分子量的保守规则分层","该结果用于安排人工审核顺序，不等同于已确认可购、可用于SPPS/LPPS、进入过环肽或具有口服暴露。"
"LV8","(2~{S})-3-acetamido-2-azanyl-propanoic acid","likely-independent-monomer","结构上较像可独立偶联的氨基酸单体","synthesis-first","CCD连接类型含 peptide linking；分子量 146.1 Da，处于保守的单残基初筛范围内","基于CCD名称、连接类型、分子式和分子量的保守规则分层","该结果用于安排人工审核顺序，不等同于已确认可购、可用于SPPS/LPPS、进入过环肽或具有口服暴露。"
"LVG","L-VINYLGLYCINE","special-reactive-candidate","带特殊反应基团，需按设计用途核查","use-case-first","名称提示带点击、交联、亲电或其他特殊反应基团；可能有设计价值，但需核对保护策略、化学稳定性与位点选择性","基于CCD名称、连接类型、分子式和分子量的保守规则分层","该结果用于安排人工审核顺序，不等同于已确认可购、可用于SPPS/LPPS、进入过环肽或具有口服暴露。"
"LVN","(3S)-4-oxo-L-valine","likely-independent-monomer","结构上较像可独立偶联的氨基酸单体","synthesis-first","CCD连接类型含 peptide linking；分子量 131.1 Da，处于保守的单残基初筛范围内","基于CCD名称、连接类型、分子式和分子量的保守规则分层","该结果用于安排人工审核顺序，不等同于已确认可购、可用于SPPS/LPPS、进入过环肽或具有口服暴露。"
"LWI","2-(aminomethyl)-L-phenylalanine","likely-independent-monomer","结构上较像可独立偶联的氨基酸单体","synthesis-first","CCD连接类型含 peptide linking；分子量 194.2 Da，处于保守的单残基初筛范围内","基于CCD名称、连接类型、分子式和分子量的保守规则分层","该结果用于安排人工审核顺序，不等同于已确认可购、可用于SPPS/LPPS、进入过环肽或具有口服暴露。"
"LYH","3,4 ENE-LYSINE","likely-independent-monomer","结构上较像可独立偶联的氨基酸单体","synthesis-first","CCD连接类型含 peptide linking；分子量 144.2 Da，处于保守的单残基初筛范围内","基于CCD名称、连接类型、分子式和分子量的保守规则分层","该结果用于安排人工审核顺序，不等同于已确认可购、可用于SPPS/LPPS、进入过环肽或具有口服暴露。"
"LYO","4-HYDROXY-LYSINE","likely-independent-monomer","结构上较像可独立偶联的氨基酸单体","synthesis-first","CCD连接类型含 peptide linking；分子量 162.2 Da，处于保守的单残基初筛范围内","基于CCD名称、连接类型、分子式和分子量的保守规则分层","该结果用于安排人工审核顺序，不等同于已确认可购、可用于SPPS/LPPS、进入过环肽或具有口服暴露。"
"LYU","N~6~-(4-methylpentyl)-L-lysine","likely-independent-monomer","结构上较像可独立偶联的氨基酸单体","synthesis-first","CCD连接类型含 peptide linking；分子量 230.3 Da，处于保守的单残基初筛范围内","基于CCD名称、连接类型、分子式和分子量的保守规则分层","该结果用于安排人工审核顺序，不等同于已确认可购、可用于SPPS/LPPS、进入过环肽或具有口服暴露。"
"LYZ","5-HYDROXYLYSINE","likely-independent-monomer","结构上较像可独立偶联的氨基酸单体","synthesis-first","CCD连接类型含 peptide linking；分子量 162.2 Da，处于保守的单残基初筛范围内","基于CCD名称、连接类型、分子式和分子量的保守规则分层","该结果用于安排人工审核顺序，不等同于已确认可购、可用于SPPS/LPPS、进入过环肽或具有口服暴露。"
"M0H","S-(HYDROXYMETHYL)-L-CYSTEINE","likely-independent-monomer","结构上较像可独立偶联的氨基酸单体","synthesis-first","CCD连接类型含 peptide linking；分子量 151.2 Da，处于保守的单残基初筛范围内","基于CCD名称、连接类型、分子式和分子量的保守规则分层","该结果用于安排人工审核顺序，不等同于已确认可购、可用于SPPS/LPPS、进入过环肽或具有口服暴露。"
"M2L","(2R)-2-amino-3-(2-dimethylaminoethylsulfanyl)propanoic acid","likely-independent-monomer","结构上较像可独立偶联的氨基酸单体","synthesis-first","CCD连接类型含 peptide linking；分子量 192.3 Da，处于保守的单残基初筛范围内","基于CCD名称、连接类型、分子式和分子量的保守规则分层","该结果用于安排人工审核顺序，不等同于已确认可购、可用于SPPS/LPPS、进入过环肽或具有口服暴露。"
"M2S","3-{[(R)-methylsulfinyl]methyl}-L-valine","likely-independent-monomer","结构上较像可独立偶联的氨基酸单体","synthesis-first","CCD连接类型含 peptide linking；分子量 193.3 Da，处于保守的单残基初筛范围内","基于CCD名称、连接类型、分子式和分子量的保守规则分层","该结果用于安排人工审核顺序，不等同于已确认可购、可用于SPPS/LPPS、进入过环肽或具有口服暴露。"
"M30","N-cyclohexylglycine","likely-independent-monomer","结构上较像可独立偶联的氨基酸单体","synthesis-first","CCD连接类型含 peptide linking；分子量 157.2 Da，处于保守的单残基初筛范围内","基于CCD名称、连接类型、分子式和分子量的保守规则分层","该结果用于安排人工审核顺序，不等同于已确认可购、可用于SPPS/LPPS、进入过环肽或具有口服暴露。"
"M3L","N-TRIMETHYLLYSINE","likely-independent-monomer","结构上较像可独立偶联的氨基酸单体","synthesis-first","CCD连接类型含 peptide linking；分子量 189.3 Da，处于保守的单残基初筛范围内","基于CCD名称、连接类型、分子式和分子量的保守规则分层","该结果用于安排人工审核顺序，不等同于已确认可购、可用于SPPS/LPPS、进入过环肽或具有口服暴露。"
"M64","(2S)-2-amino-4-[(2S)-2-methylpiperidin-1-yl]-4-oxobutanoic acid","likely-independent-monomer","结构上较像可独立偶联的氨基酸单体","synthesis-first","CCD连接类型含 peptide linking；分子量 214.3 Da，处于保守的单残基初筛范围内","基于CCD名称、连接类型、分子式和分子量的保守规则分层","该结果用于安排人工审核顺序，不等同于已确认可购、可用于SPPS/LPPS、进入过环肽或具有口服暴露。"
"M6J","(2S)-2-amino-4-oxo-4-[(2R)-2-phenylpyrrolidin-1-yl]butanoic acid","likely-independent-monomer","结构上较像可独立偶联的氨基酸单体","synthesis-first","CCD连接类型含 peptide linking；分子量 262.3 Da，处于保守的单残基初筛范围内","基于CCD名称、连接类型、分子式和分子量的保守规则分层","该结果用于安排人工审核顺序，不等同于已确认可购、可用于SPPS/LPPS、进入过环肽或具有口服暴露。"
"M70","(2S)-2-azanyl-3-(1-carbamimidoylpiperidin-4-yl)propanoic acid","likely-independent-monomer","结构上较像可独立偶联的氨基酸单体","synthesis-first","CCD连接类型含 peptide linking；分子量 214.3 Da，处于保守的单残基初筛范围内","基于CCD名称、连接类型、分子式和分子量的保守规则分层","该结果用于安排人工审核顺序，不等同于已确认可购、可用于SPPS/LPPS、进入过环肽或具有口服暴露。"
"MCG","(S)-(ALPHA)-METHYL-4-CARBOXYPHENYLGLYCINE","likely-independent-monomer","结构上较像可独立偶联的氨基酸单体","synthesis-first","CCD连接类型含 peptide linking；分子量 209.2 Da，处于保守的单残基初筛范围内","基于CCD名称、连接类型、分子式和分子量的保守规则分层","该结果用于安排人工审核顺序，不等同于已确认可购、可用于SPPS/LPPS、进入过环肽或具有口服暴露。"
"MCS","MALONYL CYSTEINE","likely-independent-monomer","结构上较像可独立偶联的氨基酸单体","synthesis-first","CCD连接类型含 peptide linking；分子量 207.2 Da，处于保守的单残基初筛范围内","基于CCD名称、连接类型、分子式和分子量的保守规则分层","该结果用于安排人工审核顺序，不等同于已确认可购、可用于SPPS/LPPS、进入过环肽或具有口服暴露。"
"MD0","5-amino-D-isoleucine","likely-independent-monomer","结构上较像可独立偶联的氨基酸单体","synthesis-first","CCD连接类型含 peptide linking；分子量 146.2 Da，处于保守的单残基初筛范围内","基于CCD名称、连接类型、分子式和分子量的保守规则分层","该结果用于安排人工审核顺序，不等同于已确认可购、可用于SPPS/LPPS、进入过环肽或具有口服暴露。"
"MD6","N-[(3-hydroxypyridin-2-yl)carbonyl]glycine","likely-independent-monomer","结构上较像可独立偶联的氨基酸单体","synthesis-first","CCD连接类型含 peptide linking；分子量 196.2 Da，处于保守的单残基初筛范围内","基于CCD名称、连接类型、分子式和分子量的保守规则分层","该结果用于安排人工审核顺序，不等同于已确认可购、可用于SPPS/LPPS、进入过环肽或具有口服暴露。"
"ME0","hydroxy-L-methionine","likely-independent-monomer","结构上较像可独立偶联的氨基酸单体","synthesis-first","CCD连接类型含 peptide linking；分子量 165.2 Da，处于保守的单残基初筛范围内","基于CCD名称、连接类型、分子式和分子量的保守规则分层","该结果用于安排人工审核顺序，不等同于已确认可购、可用于SPPS/LPPS、进入过环肽或具有口服暴露。"
"MEG","(2S,3S)-2-azanyl-3-methyl-pentanedioic acid","likely-independent-monomer","结构上较像可独立偶联的氨基酸单体","synthesis-first","CCD连接类型含 peptide linking；分子量 161.2 Da，处于保守的单残基初筛范围内","基于CCD名称、连接类型、分子式和分子量的保守规则分层","该结果用于安排人工审核顺序，不等同于已确认可购、可用于SPPS/LPPS、进入过环肽或具有口服暴露。"
"MEQ","N5-METHYLGLUTAMINE","likely-independent-monomer","结构上较像可独立偶联的氨基酸单体","synthesis-first","CCD连接类型含 peptide linking；分子量 160.2 Da，处于保守的单残基初筛范围内","基于CCD名称、连接类型、分子式和分子量的保守规则分层","该结果用于安排人工审核顺序，不等同于已确认可购、可用于SPPS/LPPS、进入过环肽或具有口服暴露。"
"MF3","2-AMINO-4-TRIFLUOROMETHYLSULFANYL-BUTYRIC ACID","likely-independent-monomer","结构上较像可独立偶联的氨基酸单体","synthesis-first","CCD连接类型含 peptide linking；分子量 203.2 Da，处于保守的单残基初筛范围内","基于CCD名称、连接类型、分子式和分子量的保守规则分层","该结果用于安排人工审核顺序，不等同于已确认可购、可用于SPPS/LPPS、进入过环肽或具有口服暴露。"
"MFH","[(2~{S})-2-azanyl-3-(4-hydroxyphenyl)propyl]carbamic acid","likely-independent-monomer","结构上较像可独立偶联的氨基酸单体","synthesis-first","CCD连接类型含 peptide linking；分子量 210.2 Da，处于保守的单残基初筛范围内","基于CCD名称、连接类型、分子式和分子量的保守规则分层","该结果用于安排人工审核顺序，不等同于已确认可购、可用于SPPS/LPPS、进入过环肽或具有口服暴露。"
"MGG","2-(2-CARBOXY-ACETYLAMINO)-5-GUANIDINO-PENTANOIC ACID","likely-independent-monomer","结构上较像可独立偶联的氨基酸单体","synthesis-first","CCD连接类型含 peptide linking；分子量 261.3 Da，处于保守的单残基初筛范围内","基于CCD名称、连接类型、分子式和分子量的保守规则分层","该结果用于安排人工审核顺序，不等同于已确认可购、可用于SPPS/LPPS、进入过环肽或具有口服暴露。"
"MGN","2-METHYL-GLUTAMINE","likely-independent-monomer","结构上较像可独立偶联的氨基酸单体","synthesis-first","CCD连接类型含 peptide linking；分子量 160.2 Da，处于保守的单残基初筛范围内","基于CCD名称、连接类型、分子式和分子量的保守规则分层","该结果用于安排人工审核顺序，不等同于已确认可购、可用于SPPS/LPPS、进入过环肽或具有口服暴露。"
"MH6","3-hydroxy-2-iminopropanoic acid","likely-independent-monomer","结构上较像可独立偶联的氨基酸单体","synthesis-first","CCD连接类型含 peptide linking；分子量 103.1 Da，处于保守的单残基初筛范围内","基于CCD名称、连接类型、分子式和分子量的保守规则分层","该结果用于安排人工审核顺序，不等同于已确认可购、可用于SPPS/LPPS、进入过环肽或具有口服暴露。"
"MH8","(2S)-2-amino-2-methylhept-6-enoic acid","likely-independent-monomer","结构上较像可独立偶联的氨基酸单体","synthesis-first","CCD连接类型含 peptide linking；分子量 157.2 Da，处于保守的单残基初筛范围内","基于CCD名称、连接类型、分子式和分子量的保守规则分层","该结果用于安排人工审核顺序，不等同于已确认可购、可用于SPPS/LPPS、进入过环肽或具有口服暴露。"
"MHO","S-OXYMETHIONINE","likely-independent-monomer","结构上较像可独立偶联的氨基酸单体","synthesis-first","CCD连接类型含 peptide linking；分子量 165.2 Da，处于保守的单残基初筛范围内","基于CCD名称、连接类型、分子式和分子量的保守规则分层","该结果用于安排人工审核顺序，不等同于已确认可购、可用于SPPS/LPPS、进入过环肽或具有口服暴露。"
"MHS","N1-METHYLATED HISTIDINE","likely-independent-monomer","结构上较像可独立偶联的氨基酸单体","synthesis-first","CCD连接类型含 peptide linking；分子量 169.2 Da，处于保守的单残基初筛范围内","基于CCD名称、连接类型、分子式和分子量的保守规则分层","该结果用于安排人工审核顺序，不等同于已确认可购、可用于SPPS/LPPS、进入过环肽或具有口服暴露。"
"MHU","4-N,N-(DIMETHYLAMINO)-L-PHENYLALANINE","likely-independent-monomer","结构上较像可独立偶联的氨基酸单体","synthesis-first","CCD连接类型含 peptide linking；分子量 222.3 Da，处于保守的单残基初筛范围内","基于CCD名称、连接类型、分子式和分子量的保守规则分层","该结果用于安排人工审核顺序，不等同于已确认可购、可用于SPPS/LPPS、进入过环肽或具有口服暴露。"
"MHV","4-OXO-L-PIPECOLIC ACID","likely-independent-monomer","结构上较像可独立偶联的氨基酸单体","synthesis-first","CCD连接类型含 peptide linking；分子量 143.1 Da，处于保守的单残基初筛范围内","基于CCD名称、连接类型、分子式和分子量的保守规则分层","该结果用于安排人工审核顺序，不等同于已确认可购、可用于SPPS/LPPS、进入过环肽或具有口服暴露。"
"MHW","3-HYDROXYPICOLINIC ACID","likely-independent-monomer","结构上较像可独立偶联的氨基酸单体","synthesis-first","CCD连接类型含 peptide linking；分子量 139.1 Da，处于保守的单残基初筛范围内","基于CCD名称、连接类型、分子式和分子量的保守规则分层","该结果用于安排人工审核顺序，不等同于已确认可购、可用于SPPS/LPPS、进入过环肽或具有口服暴露。"
"MK8","2-methyl-L-norleucine","likely-independent-monomer","结构上较像可独立偶联的氨基酸单体","synthesis-first","CCD连接类型含 peptide linking；分子量 145.2 Da，处于保守的单残基初筛范围内","基于CCD名称、连接类型、分子式和分子量的保守规则分层","该结果用于安排人工审核顺序，不等同于已确认可购、可用于SPPS/LPPS、进入过环肽或具有口服暴露。"
"MKD","(2S)-2-amino-2-methyloctanoic acid","likely-independent-monomer","结构上较像可独立偶联的氨基酸单体","synthesis-first","CCD连接类型含 peptide linking；分子量 173.3 Da，处于保守的单残基初筛范围内","基于CCD名称、连接类型、分子式和分子量的保守规则分层","该结果用于安排人工审核顺序，不等同于已确认可购、可用于SPPS/LPPS、进入过环肽或具有口服暴露。"
"MKF","(2~{S})-2-azanyl-3-(dimethylcarbamoyloxy)propanoic acid","likely-independent-monomer","结构上较像可独立偶联的氨基酸单体","synthesis-first","CCD连接类型含 peptide linking；分子量 176.2 Da，处于保守的单残基初筛范围内","基于CCD名称、连接类型、分子式和分子量的保守规则分层","该结果用于安排人工审核顺序，不等同于已确认可购、可用于SPPS/LPPS、进入过环肽或具有口服暴露。"
"ML3","2-{[(2R)-2-amino-2-carboxyethyl]sulfanyl}-N,N,N-trimethylethanaminium","likely-independent-monomer","结构上较像可独立偶联的氨基酸单体","synthesis-first","CCD连接类型含 peptide linking；分子量 207.3 Da，处于保守的单残基初筛范围内","基于CCD名称、连接类型、分子式和分子量的保守规则分层","该结果用于安排人工审核顺序，不等同于已确认可购、可用于SPPS/LPPS、进入过环肽或具有口服暴露。"
"MLL","METHYL L-LEUCINATE","likely-independent-monomer","结构上较像可独立偶联的氨基酸单体","synthesis-first","CCD连接类型含 peptide linking；分子量 145.2 Da，处于保守的单残基初筛范围内","基于CCD名称、连接类型、分子式和分子量的保守规则分层","该结果用于安排人工审核顺序，不等同于已确认可购、可用于SPPS/LPPS、进入过环肽或具有口服暴露。"
"MLY","N-DIMETHYL-LYSINE","likely-independent-monomer","结构上较像可独立偶联的氨基酸单体","synthesis-first","CCD连接类型含 peptide linking；分子量 174.2 Da，处于保守的单残基初筛范围内","基于CCD名称、连接类型、分子式和分子量的保守规则分层","该结果用于安排人工审核顺序，不等同于已确认可购、可用于SPPS/LPPS、进入过环肽或具有口服暴露。"
"MMO","N~2~-methyl-L-arginine","likely-independent-monomer","结构上较像可独立偶联的氨基酸单体","synthesis-first","CCD连接类型含 peptide linking；分子量 188.2 Da，处于保守的单残基初筛范围内","基于CCD名称、连接类型、分子式和分子量的保守规则分层","该结果用于安排人工审核顺序，不等同于已确认可购、可用于SPPS/LPPS、进入过环肽或具有口服暴露。"
"MNL","4,N-DIMETHYLNORLEUCINE","likely-independent-monomer","结构上较像可独立偶联的氨基酸单体","synthesis-first","CCD连接类型含 peptide linking；分子量 159.2 Da，处于保守的单残基初筛范围内","基于CCD名称、连接类型、分子式和分子量的保守规则分层","该结果用于安排人工审核顺序，不等同于已确认可购、可用于SPPS/LPPS、进入过环肽或具有口服暴露。"
"MOZ","(2Z)-2-amino-3-hydroxybut-2-enoic acid","likely-independent-monomer","结构上较像可独立偶联的氨基酸单体","synthesis-first","CCD连接类型含 peptide linking；分子量 117.1 Da，处于保守的单残基初筛范围内","基于CCD名称、连接类型、分子式和分子量的保守规则分层","该结果用于安排人工审核顺序，不等同于已确认可购、可用于SPPS/LPPS、进入过环肽或具有口服暴露。"
"MP4","(2S)-amino(3,5-dihydroxy-4-methylphenyl)ethanoic acid","likely-independent-monomer","结构上较像可独立偶联的氨基酸单体","synthesis-first","CCD连接类型含 peptide linking；分子量 197.2 Da，处于保守的单残基初筛范围内","基于CCD名称、连接类型、分子式和分子量的保守规则分层","该结果用于安排人工审核顺序，不等同于已确认可购、可用于SPPS/LPPS、进入过环肽或具有口服暴露。"
"MSE","SELENOMETHIONINE","likely-independent-monomer","结构上较像可独立偶联的氨基酸单体","synthesis-first","CCD连接类型含 peptide linking；分子量 196.1 Da，处于保守的单残基初筛范围内","基于CCD名称、连接类型、分子式和分子量的保守规则分层","该结果用于安排人工审核顺序，不等同于已确认可购、可用于SPPS/LPPS、进入过环肽或具有口服暴露。"
"MSL","(2S)-2-AMINO-4-(METHYLSULFONIMIDOYL)BUTANOIC ACID","likely-independent-monomer","结构上较像可独立偶联的氨基酸单体","synthesis-first","CCD连接类型含 peptide linking；分子量 180.2 Da，处于保守的单残基初筛范围内","基于CCD名称、连接类型、分子式和分子量的保守规则分层","该结果用于安排人工审核顺序，不等同于已确认可购、可用于SPPS/LPPS、进入过环肽或具有口服暴露。"
"MSO","SELENOMETHIONINE SELENOXIDE","likely-independent-monomer","结构上较像可独立偶联的氨基酸单体","synthesis-first","CCD连接类型含 peptide linking；分子量 212.1 Da，处于保守的单残基初筛范围内","基于CCD名称、连接类型、分子式和分子量的保守规则分层","该结果用于安排人工审核顺序，不等同于已确认可购、可用于SPPS/LPPS、进入过环肽或具有口服暴露。"
"MT2","[(3S)-3-amino-3-carboxypropyl](ethyl)methylsulfonium","likely-independent-monomer","结构上较像可独立偶联的氨基酸单体","synthesis-first","CCD连接类型含 peptide linking；分子量 178.3 Da，处于保守的单残基初筛范围内","基于CCD名称、连接类型、分子式和分子量的保守规则分层","该结果用于安排人工审核顺序，不等同于已确认可购、可用于SPPS/LPPS、进入过环肽或具有口服暴露。"
"MTY","META-TYROSINE","likely-independent-monomer","结构上较像可独立偶联的氨基酸单体","synthesis-first","CCD连接类型含 peptide linking；分子量 181.2 Da，处于保守的单残基初筛范围内","基于CCD名称、连接类型、分子式和分子量的保守规则分层","该结果用于安排人工审核顺序，不等同于已确认可购、可用于SPPS/LPPS、进入过环肽或具有口服暴露。"
"MYN","(2S)-amino[(4R)-2-amino-1,4,5,6-tetrahydropyrimidin-4-yl]ethanoic acid","likely-independent-monomer","结构上较像可独立偶联的氨基酸单体","synthesis-first","CCD连接类型含 peptide linking；分子量 172.2 Da，处于保守的单残基初筛范围内","基于CCD名称、连接类型、分子式和分子量的保守规则分层","该结果用于安排人工审核顺序，不等同于已确认可购、可用于SPPS/LPPS、进入过环肽或具有口服暴露。"
"N0A","3-fluoro-L-phenylalanine","likely-independent-monomer","结构上较像可独立偶联的氨基酸单体","synthesis-first","CCD连接类型含 peptide linking；分子量 183.2 Da，处于保守的单残基初筛范围内","基于CCD名称、连接类型、分子式和分子量的保守规则分层","该结果用于安排人工审核顺序，不等同于已确认可购、可用于SPPS/LPPS、进入过环肽或具有口服暴露。"
"N10","O-[(HEXYLAMINO)CARBONYL]-L-SERINE","likely-independent-monomer","结构上较像可独立偶联的氨基酸单体","synthesis-first","CCD连接类型含 peptide linking；分子量 232.3 Da，处于保守的单残基初筛范围内","基于CCD名称、连接类型、分子式和分子量的保守规则分层","该结果用于安排人工审核顺序，不等同于已确认可购、可用于SPPS/LPPS、进入过环肽或具有口服暴露。"
"N2C","N,S-DIMETHYLCYSTEINE","likely-independent-monomer","结构上较像可独立偶联的氨基酸单体","synthesis-first","CCD连接类型含 peptide linking；分子量 149.2 Da，处于保守的单残基初筛范围内","基于CCD名称、连接类型、分子式和分子量的保守规则分层","该结果用于安排人工审核顺序，不等同于已确认可购、可用于SPPS/LPPS、进入过环肽或具有口服暴露。"
"N65","(2~{S})-2-azanyl-6-[(~{E})-pentan-2-ylideneamino]hexanal","likely-independent-monomer","结构上较像可独立偶联的氨基酸单体","synthesis-first","CCD连接类型含 peptide linking；分子量 214.3 Da，处于保守的单残基初筛范围内","基于CCD名称、连接类型、分子式和分子量的保守规则分层","该结果用于安排人工审核顺序，不等同于已确认可购、可用于SPPS/LPPS、进入过环肽或具有口服暴露。"
"N9P","3-pyridin-4-yl-L-alanine","likely-independent-monomer","结构上较像可独立偶联的氨基酸单体","synthesis-first","CCD连接类型含 peptide linking；分子量 166.2 Da，处于保守的单残基初筛范围内","基于CCD名称、连接类型、分子式和分子量的保守规则分层","该结果用于安排人工审核顺序，不等同于已确认可购、可用于SPPS/LPPS、进入过环肽或具有口服暴露。"
"NA8","(1S)-1-CARBOXY-2-NAPHTHALEN-2-YLETHANAMINIUM","likely-independent-monomer","结构上较像可独立偶联的氨基酸单体","synthesis-first","CCD连接类型含 peptide linking；分子量 216.3 Da，处于保守的单残基初筛范围内","基于CCD名称、连接类型、分子式和分子量的保守规则分层","该结果用于安排人工审核顺序，不等同于已确认可购、可用于SPPS/LPPS、进入过环肽或具有口服暴露。"
"NAL","BETA-(2-NAPHTHYL)-ALANINE","likely-independent-monomer","结构上较像可独立偶联的氨基酸单体","synthesis-first","CCD连接类型含 peptide linking；分子量 215.2 Da，处于保守的单残基初筛范围内","基于CCD名称、连接类型、分子式和分子量的保守规则分层","该结果用于安排人工审核顺序，不等同于已确认可购、可用于SPPS/LPPS、进入过环肽或具有口服暴露。"
"NHL","(4S)-4-(2-NAPHTHYLMETHYL)-D-GLUTAMIC ACID","likely-independent-monomer","结构上较像可独立偶联的氨基酸单体","synthesis-first","CCD连接类型含 peptide linking；分子量 287.3 Da，处于保守的单残基初筛范围内","基于CCD名称、连接类型、分子式和分子量的保守规则分层","该结果用于安排人工审核顺序，不等同于已确认可购、可用于SPPS/LPPS、进入过环肽或具有口服暴露。"
"NIY","META-NITRO-TYROSINE","likely-independent-monomer","结构上较像可独立偶联的氨基酸单体","synthesis-first","CCD连接类型含 peptide linking；分子量 226.2 Da，处于保守的单残基初筛范围内","基于CCD名称、连接类型、分子式和分子量的保守规则分层","该结果用于安排人工审核顺序，不等同于已确认可购、可用于SPPS/LPPS、进入过环肽或具有口服暴露。"
"NLB","6-(benzyloxy)-L-norleucine","likely-independent-monomer","结构上较像可独立偶联的氨基酸单体","synthesis-first","CCD连接类型含 peptide linking；分子量 237.3 Da，处于保守的单残基初筛范围内","基于CCD名称、连接类型、分子式和分子量的保守规则分层","该结果用于安排人工审核顺序，不等同于已确认可购、可用于SPPS/LPPS、进入过环肽或具有口服暴露。"
"NLE","NORLEUCINE","likely-independent-monomer","结构上较像可独立偶联的氨基酸单体","synthesis-first","CCD连接类型含 peptide linking；分子量 131.2 Da，处于保守的单残基初筛范围内","基于CCD名称、连接类型、分子式和分子量的保守规则分层","该结果用于安排人工审核顺序，不等同于已确认可购、可用于SPPS/LPPS、进入过环肽或具有口服暴露。"
"NLO","O-METHYL-L-NORLEUCINE","likely-independent-monomer","结构上较像可独立偶联的氨基酸单体","synthesis-first","CCD连接类型含 peptide linking；分子量 145.2 Da，处于保守的单残基初筛范围内","基于CCD名称、连接类型、分子式和分子量的保守规则分层","该结果用于安排人工审核顺序，不等同于已确认可购、可用于SPPS/LPPS、进入过环肽或具有口服暴露。"
"NLQ","N~2~-ACETYL-L-GLUTAMINE","likely-independent-monomer","结构上较像可独立偶联的氨基酸单体","synthesis-first","CCD连接类型含 peptide linking；分子量 188.2 Da，处于保守的单残基初筛范围内","基于CCD名称、连接类型、分子式和分子量的保守规则分层","该结果用于安排人工审核顺序，不等同于已确认可购、可用于SPPS/LPPS、进入过环肽或具有口服暴露。"
"NLY","N-(4-aminobutyl)glycine","likely-independent-monomer","结构上较像可独立偶联的氨基酸单体","synthesis-first","CCD连接类型含 peptide linking；分子量 146.2 Da，处于保守的单残基初筛范围内","基于CCD名称、连接类型、分子式和分子量的保守规则分层","该结果用于安排人工审核顺序，不等同于已确认可购、可用于SPPS/LPPS、进入过环肽或具有口服暴露。"
"NNH","NOR-N-OMEGA-HYDROXY-L-ARGININE","likely-independent-monomer","结构上较像可独立偶联的氨基酸单体","synthesis-first","CCD连接类型含 peptide linking；分子量 176.2 Da，处于保守的单残基初筛范围内","基于CCD名称、连接类型、分子式和分子量的保守规则分层","该结果用于安排人工审核顺序，不等同于已确认可购、可用于SPPS/LPPS、进入过环肽或具有口服暴露。"
"NOT","6-Azido-L-lysine","special-reactive-candidate","带特殊反应基团，需按设计用途核查","use-case-first","名称提示带点击、交联、亲电或其他特殊反应基团；可能有设计价值，但需核对保护策略、化学稳定性与位点选择性","基于CCD名称、连接类型、分子式和分子量的保守规则分层","该结果用于安排人工审核顺序，不等同于已确认可购、可用于SPPS/LPPS、进入过环肽或具有口服暴露。"
"NPI","(2S)-2-aminoheptanedioic acid","likely-independent-monomer","结构上较像可独立偶联的氨基酸单体","synthesis-first","CCD连接类型含 peptide linking；分子量 175.2 Da，处于保守的单残基初筛范围内","基于CCD名称、连接类型、分子式和分子量的保守规则分层","该结果用于安排人工审核顺序，不等同于已确认可购、可用于SPPS/LPPS、进入过环肽或具有口服暴露。"
"NRG","N-OMEGA-NITRO-L-ARGININE","likely-independent-monomer","结构上较像可独立偶联的氨基酸单体","synthesis-first","CCD连接类型含 peptide linking；分子量 219.2 Da，处于保守的单残基初筛范围内","基于CCD名称、连接类型、分子式和分子量的保守规则分层","该结果用于安排人工审核顺序，不等同于已确认可购、可用于SPPS/LPPS、进入过环肽或具有口服暴露。"
"NTR","META-HYDROXY BETA NOR-TYROSINE","likely-independent-monomer","结构上较像可独立偶联的氨基酸单体","synthesis-first","CCD连接类型含 peptide linking；分子量 183.2 Da，处于保守的单残基初筛范围内","基于CCD名称、连接类型、分子式和分子量的保守规则分层","该结果用于安排人工审核顺序，不等同于已确认可购、可用于SPPS/LPPS、进入过环肽或具有口服暴露。"
"NVA","NORVALINE","likely-independent-monomer","结构上较像可独立偶联的氨基酸单体","synthesis-first","CCD连接类型含 peptide linking；分子量 117.1 Da，处于保守的单残基初筛范围内","基于CCD名称、连接类型、分子式和分子量的保守规则分层","该结果用于安排人工审核顺序，不等同于已确认可购、可用于SPPS/LPPS、进入过环肽或具有口服暴露。"
"NWD","3-(5-nitro-2,4-dioxo-3,4-dihydropyrimidin-1(2H)-yl)-L-alanine","likely-independent-monomer","结构上较像可独立偶联的氨基酸单体","synthesis-first","CCD连接类型含 peptide linking；分子量 244.2 Da，处于保守的单残基初筛范围内","基于CCD名称、连接类型、分子式和分子量的保守规则分层","该结果用于安排人工审核顺序，不等同于已确认可购、可用于SPPS/LPPS、进入过环肽或具有口服暴露。"
"NYS","S-{5-[(1R)-2-amino-1-hydroxyethyl]-2,3-dihydroxyphenyl}-L-cysteine","likely-independent-monomer","结构上较像可独立偶联的氨基酸单体","synthesis-first","CCD连接类型含 peptide linking；分子量 288.3 Da，处于保守的单残基初筛范围内","基于CCD名称、连接类型、分子式和分子量的保守规则分层","该结果用于安排人工审核顺序，不等同于已确认可购、可用于SPPS/LPPS、进入过环肽或具有口服暴露。"
"O7A","N-methyl-L-allothreonine","likely-independent-monomer","结构上较像可独立偶联的氨基酸单体","synthesis-first","CCD连接类型含 peptide linking；分子量 133.1 Da，处于保守的单残基初筛范围内","基于CCD名称、连接类型、分子式和分子量的保守规则分层","该结果用于安排人工审核顺序，不等同于已确认可购、可用于SPPS/LPPS、进入过环肽或具有口服暴露。"
"OAS","O-ACETYLSERINE","likely-independent-monomer","结构上较像可独立偶联的氨基酸单体","synthesis-first","CCD连接类型含 peptide linking；分子量 147.1 Da，处于保守的单残基初筛范围内","基于CCD名称、连接类型、分子式和分子量的保守规则分层","该结果用于安排人工审核顺序，不等同于已确认可购、可用于SPPS/LPPS、进入过环肽或具有口服暴露。"
"OBF","(2S)-2-amino-4,4-difluorobutanoic acid","likely-independent-monomer","结构上较像可独立偶联的氨基酸单体","synthesis-first","CCD连接类型含 peptide linking；分子量 139.1 Da，处于保守的单残基初筛范围内","基于CCD名称、连接类型、分子式和分子量的保守规则分层","该结果用于安排人工审核顺序，不等同于已确认可购、可用于SPPS/LPPS、进入过环肽或具有口服暴露。"
"OCS","CYSTEINESULFONIC ACID","likely-independent-monomer","结构上较像可独立偶联的氨基酸单体","synthesis-first","CCD连接类型含 peptide linking；分子量 169.2 Da，处于保守的单残基初筛范围内","基于CCD名称、连接类型、分子式和分子量的保守规则分层","该结果用于安排人工审核顺序，不等同于已确认可购、可用于SPPS/LPPS、进入过环肽或具有口服暴露。"
"OCY","HYDROXYETHYLCYSTEINE","likely-independent-monomer","结构上较像可独立偶联的氨基酸单体","synthesis-first","CCD连接类型含 peptide linking；分子量 165.2 Da，处于保守的单残基初筛范围内","基于CCD名称、连接类型、分子式和分子量的保守规则分层","该结果用于安排人工审核顺序，不等同于已确认可购、可用于SPPS/LPPS、进入过环肽或具有口服暴露。"
"OHI","3-(2-OXO-2H-IMIDAZOL-4-YL)-L-ALANINE","likely-independent-monomer","结构上较像可独立偶联的氨基酸单体","synthesis-first","CCD连接类型含 peptide linking；分子量 169.1 Da，处于保守的单残基初筛范围内","基于CCD名称、连接类型、分子式和分子量的保守规则分层","该结果用于安排人工审核顺序，不等同于已确认可购、可用于SPPS/LPPS、进入过环肽或具有口服暴露。"
"OHS","O-(CARBOXYSULFANYL)-4-OXO-L-HOMOSERINE","likely-independent-monomer","结构上较像可独立偶联的氨基酸单体","synthesis-first","CCD连接类型含 peptide linking；分子量 209.2 Da，处于保守的单残基初筛范围内","基于CCD名称、连接类型、分子式和分子量的保守规则分层","该结果用于安排人工审核顺序，不等同于已确认可购、可用于SPPS/LPPS、进入过环肽或具有口服暴露。"
"OIB","hydroxylated gamma-amino valeroyl moiety","unresolved","现有结构字段不足以进一步判断","identity-first","CCD未给出明确 peptide linking 类型","基于CCD名称、连接类型、分子式和分子量的保守规则分层","该结果用于安排人工审核顺序，不等同于已确认可购、可用于SPPS/LPPS、进入过环肽或具有口服暴露。"
"OIC","OCTAHYDROINDOLE-2-CARBOXYLIC ACID","likely-independent-monomer","结构上较像可独立偶联的氨基酸单体","synthesis-first","CCD连接类型含 peptide linking；分子量 169.2 Da，处于保守的单残基初筛范围内","基于CCD名称、连接类型、分子式和分子量的保守规则分层","该结果用于安排人工审核顺序，不等同于已确认可购、可用于SPPS/LPPS、进入过环肽或具有口服暴露。"
"OJY","5-[5-(hydroxymethyl)-1H-imidazol-2-yl]-L-norvaline","likely-independent-monomer","结构上较像可独立偶联的氨基酸单体","synthesis-first","CCD连接类型含 peptide linking；分子量 213.2 Da，处于保守的单残基初筛范围内","基于CCD名称、连接类型、分子式和分子量的保守规则分层","该结果用于安排人工审核顺序，不等同于已确认可购、可用于SPPS/LPPS、进入过环肽或具有口服暴露。"
"OLT","O-METHYL-L-THREONINE","likely-independent-monomer","结构上较像可独立偶联的氨基酸单体","synthesis-first","CCD连接类型含 peptide linking；分子量 133.1 Da，处于保守的单残基初筛范围内","基于CCD名称、连接类型、分子式和分子量的保守规则分层","该结果用于安排人工审核顺序，不等同于已确认可购、可用于SPPS/LPPS、进入过环肽或具有口服暴露。"
"OLZ","O-(2-aminoethyl)-L-serine","likely-independent-monomer","结构上较像可独立偶联的氨基酸单体","synthesis-first","CCD连接类型含 peptide linking；分子量 148.2 Da，处于保守的单残基初筛范围内","基于CCD名称、连接类型、分子式和分子量的保守规则分层","该结果用于安排人工审核顺序，不等同于已确认可购、可用于SPPS/LPPS、进入过环肽或具有口服暴露。"
"OMT","S-DIOXYMETHIONINE","likely-independent-monomer","结构上较像可独立偶联的氨基酸单体","synthesis-first","CCD连接类型含 peptide linking；分子量 181.2 Da，处于保守的单残基初筛范围内","基于CCD名称、连接类型、分子式和分子量的保守规则分层","该结果用于安排人工审核顺序，不等同于已确认可购、可用于SPPS/LPPS、进入过环肽或具有口服暴露。"
"OMX","(betaR)-beta-hydroxy-L-Tyrosine","likely-independent-monomer","结构上较像可独立偶联的氨基酸单体","synthesis-first","CCD连接类型含 peptide linking；分子量 197.2 Da，处于保守的单残基初筛范围内","基于CCD名称、连接类型、分子式和分子量的保守规则分层","该结果用于安排人工审核顺序，不等同于已确认可购、可用于SPPS/LPPS、进入过环肽或具有口服暴露。"
"OMY","(betaR)-3-chloro-beta-hydroxy-L-tyrosine","likely-independent-monomer","结构上较像可独立偶联的氨基酸单体","synthesis-first","CCD连接类型含 peptide linking；分子量 231.6 Da，处于保守的单残基初筛范围内","基于CCD名称、连接类型、分子式和分子量的保守规则分层","该结果用于安排人工审核顺序，不等同于已确认可购、可用于SPPS/LPPS、进入过环肽或具有口服暴露。"
"ONH","N~5~-hydroxy-L-ornithine","likely-independent-monomer","结构上较像可独立偶联的氨基酸单体","synthesis-first","CCD连接类型含 peptide linking；分子量 148.2 Da，处于保守的单残基初筛范围内","基于CCD名称、连接类型、分子式和分子量的保守规则分层","该结果用于安排人工审核顺序，不等同于已确认可购、可用于SPPS/LPPS、进入过环肽或具有口服暴露。"
"ONL","5-OXO-L-NORLEUCINE","likely-independent-monomer","结构上较像可独立偶联的氨基酸单体","synthesis-first","CCD连接类型含 peptide linking；分子量 145.2 Da，处于保守的单残基初筛范围内","基于CCD名称、连接类型、分子式和分子量的保守规则分层","该结果用于安排人工审核顺序，不等同于已确认可购、可用于SPPS/LPPS、进入过环肽或具有口服暴露。"
"ORN","L-ornithine","likely-independent-monomer","结构上较像可独立偶联的氨基酸单体","synthesis-first","CCD连接类型含 peptide linking；分子量 132.2 Da，处于保守的单残基初筛范围内","基于CCD名称、连接类型、分子式和分子量的保守规则分层","该结果用于安排人工审核顺序，不等同于已确认可购、可用于SPPS/LPPS、进入过环肽或具有口服暴露。"
"ORQ","N~5~-ACETYL-L-ORNITHINE","likely-independent-monomer","结构上较像可独立偶联的氨基酸单体","synthesis-first","CCD连接类型含 peptide linking；分子量 174.2 Da，处于保守的单残基初筛范围内","基于CCD名称、连接类型、分子式和分子量的保守规则分层","该结果用于安排人工审核顺序，不等同于已确认可购、可用于SPPS/LPPS、进入过环肽或具有口服暴露。"
"OSE","O-SULFO-L-SERINE","likely-independent-monomer","结构上较像可独立偶联的氨基酸单体","synthesis-first","CCD连接类型含 peptide linking；分子量 185.2 Da，处于保守的单残基初筛范围内","基于CCD名称、连接类型、分子式和分子量的保守规则分层","该结果用于安排人工审核顺序，不等同于已确认可购、可用于SPPS/LPPS、进入过环肽或具有口服暴露。"
"OTH","N,O-dimethyl-L-threonine","likely-independent-monomer","结构上较像可独立偶联的氨基酸单体","synthesis-first","CCD连接类型含 peptide linking；分子量 147.2 Da，处于保守的单残基初筛范围内","基于CCD名称、连接类型、分子式和分子量的保守规则分层","该结果用于安排人工审核顺序，不等同于已确认可购、可用于SPPS/LPPS、进入过环肽或具有口服暴露。"
"OTY","2-hydroxy-L-tyrosine","likely-independent-monomer","结构上较像可独立偶联的氨基酸单体","synthesis-first","CCD连接类型含 peptide linking；分子量 197.2 Da，处于保守的单残基初筛范围内","基于CCD名称、连接类型、分子式和分子量的保守规则分层","该结果用于安排人工审核顺序，不等同于已确认可购、可用于SPPS/LPPS、进入过环肽或具有口服暴露。"
"OTZ","2-[2-(aminomethyl)-1,3-oxazol-4-yl]-1,3-thiazole-4-carboxylic acid","likely-independent-monomer","结构上较像可独立偶联的氨基酸单体","synthesis-first","CCD连接类型含 peptide linking；分子量 225.2 Da，处于保守的单残基初筛范围内","基于CCD名称、连接类型、分子式和分子量的保守规则分层","该结果用于安排人工审核顺序，不等同于已确认可购、可用于SPPS/LPPS、进入过环肽或具有口服暴露。"
"OV7","(2R)-amino[(carboxymethyl)sulfanyl]acetic acid","likely-independent-monomer","结构上较像可独立偶联的氨基酸单体","synthesis-first","CCD连接类型含 peptide linking；分子量 165.2 Da，处于保守的单残基初筛范围内","基于CCD名称、连接类型、分子式和分子量的保守规则分层","该结果用于安排人工审核顺序，不等同于已确认可购、可用于SPPS/LPPS、进入过环肽或具有口服暴露。"
"OWF","(3S)-3-hydroxy-D-asparagine","likely-independent-monomer","结构上较像可独立偶联的氨基酸单体","synthesis-first","CCD连接类型含 peptide linking；分子量 148.1 Da，处于保守的单残基初筛范围内","基于CCD名称、连接类型、分子式和分子量的保守规则分层","该结果用于安排人工审核顺序，不等同于已确认可购、可用于SPPS/LPPS、进入过环肽或具有口服暴露。"
"OYL","1-ethyl-L-histidine","likely-independent-monomer","结构上较像可独立偶联的氨基酸单体","synthesis-first","CCD连接类型含 peptide linking；分子量 183.2 Da，处于保守的单残基初筛范围内","基于CCD名称、连接类型、分子式和分子量的保守规则分层","该结果用于安排人工审核顺序，不等同于已确认可购、可用于SPPS/LPPS、进入过环肽或具有口服暴露。"
"OZW","phenylhydrazinyl phenylalanine","likely-independent-monomer","结构上较像可独立偶联的氨基酸单体","synthesis-first","CCD连接类型含 peptide linking；分子量 271.3 Da，处于保守的单残基初筛范围内","基于CCD名称、连接类型、分子式和分子量的保守规则分层","该结果用于安排人工审核顺序，不等同于已确认可购、可用于SPPS/LPPS、进入过环肽或具有口服暴露。"
"P0A","(2R)-2-aminoheptanedioic acid","likely-independent-monomer","结构上较像可独立偶联的氨基酸单体","synthesis-first","CCD连接类型含 peptide linking；分子量 175.2 Da，处于保守的单残基初筛范围内","基于CCD名称、连接类型、分子式和分子量的保守规则分层","该结果用于安排人工审核顺序，不等同于已确认可购、可用于SPPS/LPPS、进入过环肽或具有口服暴露。"
"P4E","(2S,4E)-2-amino-5-phenylpent-4-enoic acid","likely-independent-monomer","结构上较像可独立偶联的氨基酸单体","synthesis-first","CCD连接类型含 peptide linking；分子量 191.2 Da，处于保守的单残基初筛范围内","基于CCD名称、连接类型、分子式和分子量的保守规则分层","该结果用于安排人工审核顺序，不等同于已确认可购、可用于SPPS/LPPS、进入过环肽或具有口服暴露。"
"P9S","dihydroxypropylcysteine","likely-independent-monomer","结构上较像可独立偶联的氨基酸单体","synthesis-first","CCD连接类型含 peptide linking；分子量 195.2 Da，处于保守的单残基初筛范围内","基于CCD名称、连接类型、分子式和分子量的保守规则分层","该结果用于安排人工审核顺序，不等同于已确认可购、可用于SPPS/LPPS、进入过环肽或具有口服暴露。"
"PBB","S-(4-BROMOBENZYL)CYSTEINE","likely-independent-monomer","结构上较像可独立偶联的氨基酸单体","synthesis-first","CCD连接类型含 peptide linking；分子量 290.2 Da，处于保守的单残基初筛范围内","基于CCD名称、连接类型、分子式和分子量的保守规则分层","该结果用于安排人工审核顺序，不等同于已确认可购、可用于SPPS/LPPS、进入过环肽或具有口服暴露。"
"PBF","PARA-(BENZOYL)-PHENYLALANINE","likely-independent-monomer","结构上较像可独立偶联的氨基酸单体","synthesis-first","CCD连接类型含 peptide linking；分子量 269.3 Da，处于保守的单残基初筛范围内","基于CCD名称、连接类型、分子式和分子量的保守规则分层","该结果用于安排人工审核顺序，不等同于已确认可购、可用于SPPS/LPPS、进入过环肽或具有口服暴露。"
"PCA","PYROGLUTAMIC ACID","likely-independent-monomer","结构上较像可独立偶联的氨基酸单体","synthesis-first","CCD连接类型含 peptide linking；分子量 129.1 Da，处于保守的单残基初筛范围内","基于CCD名称、连接类型、分子式和分子量的保守规则分层","该结果用于安排人工审核顺序，不等同于已确认可购、可用于SPPS/LPPS、进入过环肽或具有口服暴露。"
"PCE","2-(3-AMINO-4-CYCLOHEXYL-2-HYDROXY-BUTYL)-PENT-4-YNOIC ACID","likely-independent-monomer","结构上较像可独立偶联的氨基酸单体","synthesis-first","CCD连接类型含 peptide linking；分子量 267.4 Da，处于保守的单残基初筛范围内","基于CCD名称、连接类型、分子式和分子量的保守规则分层","该结果用于安排人工审核顺序，不等同于已确认可购、可用于SPPS/LPPS、进入过环肽或具有口服暴露。"
"PEC","S,S-PENTYLTHIOCYSTEINE","likely-independent-monomer","结构上较像可独立偶联的氨基酸单体","synthesis-first","CCD连接类型含 peptide linking；分子量 223.4 Da，处于保守的单残基初筛范围内","基于CCD名称、连接类型、分子式和分子量的保守规则分层","该结果用于安排人工审核顺序，不等同于已确认可购、可用于SPPS/LPPS、进入过环肽或具有口服暴露。"
"PF5","2,3,4,5,6-PENTAFLUORO-L-PHENYLALANINE","likely-independent-monomer","结构上较像可独立偶联的氨基酸单体","synthesis-first","CCD连接类型含 peptide linking；分子量 255.1 Da，处于保守的单残基初筛范围内","基于CCD名称、连接类型、分子式和分子量的保守规则分层","该结果用于安排人工审核顺序，不等同于已确认可购、可用于SPPS/LPPS、进入过环肽或具有口服暴露。"
"PFF","4-FLUORO-L-PHENYLALANINE","likely-independent-monomer","结构上较像可独立偶联的氨基酸单体","synthesis-first","CCD连接类型含 peptide linking；分子量 183.2 Da，处于保守的单残基初筛范围内","基于CCD名称、连接类型、分子式和分子量的保守规则分层","该结果用于安排人工审核顺序，不等同于已确认可购、可用于SPPS/LPPS、进入过环肽或具有口服暴露。"
"PH8","5-phenyl-L-norvaline","likely-independent-monomer","结构上较像可独立偶联的氨基酸单体","synthesis-first","CCD连接类型含 peptide linking；分子量 193.2 Da，处于保守的单残基初筛范围内","基于CCD名称、连接类型、分子式和分子量的保守规则分层","该结果用于安排人工审核顺序，不等同于已确认可购、可用于SPPS/LPPS、进入过环肽或具有口服暴露。"
"PHI","IODO-PHENYLALANINE","likely-independent-monomer","结构上较像可独立偶联的氨基酸单体","synthesis-first","CCD连接类型含 peptide linking；分子量 291.1 Da，处于保守的单残基初筛范围内","基于CCD名称、连接类型、分子式和分子量的保守规则分层","该结果用于安排人工审核顺序，不等同于已确认可购、可用于SPPS/LPPS、进入过环肽或具有口服暴露。"
"PIA","[(4Z)-2-[(1S)-1-aminoethyl]-4-(4-hydroxybenzylidene)-5-oxo-4,5-dihydro-1H-imidazol-1-yl]acetic acid","likely-independent-monomer","结构上较像可独立偶联的氨基酸单体","synthesis-first","CCD连接类型含 peptide linking；分子量 289.3 Da，处于保守的单残基初筛范围内","基于CCD名称、连接类型、分子式和分子量的保守规则分层","该结果用于安排人工审核顺序，不等同于已确认可购、可用于SPPS/LPPS、进入过环肽或具有口服暴露。"
"PIV","PIVALIC ACID","likely-independent-monomer","结构上较像可独立偶联的氨基酸单体","synthesis-first","CCD连接类型含 peptide linking；分子量 102.1 Da，处于保守的单残基初筛范围内","基于CCD名称、连接类型、分子式和分子量的保守规则分层","该结果用于安排人工审核顺序，不等同于已确认可购、可用于SPPS/LPPS、进入过环肽或具有口服暴露。"
"POK","2-[[~{N}-[(4~{S})-4-azanyl-5-oxidanylidene-pentyl]carbamimidoyl]amino]ethanoic acid","likely-independent-monomer","结构上较像可独立偶联的氨基酸单体","synthesis-first","CCD连接类型含 peptide linking；分子量 232.2 Da，处于保守的单残基初筛范围内","基于CCD名称、连接类型、分子式和分子量的保守规则分层","该结果用于安排人工审核顺序，不等同于已确认可购、可用于SPPS/LPPS、进入过环肽或具有口服暴露。"
"PPN","PARA-NITROPHENYLALANINE","likely-independent-monomer","结构上较像可独立偶联的氨基酸单体","synthesis-first","CCD连接类型含 peptide linking；分子量 210.2 Da，处于保守的单残基初筛范围内","基于CCD名称、连接类型、分子式和分子量的保守规则分层","该结果用于安排人工审核顺序，不等同于已确认可购、可用于SPPS/LPPS、进入过环肽或具有口服暴露。"
"PQ4","(2Z)-2-amino-3-(4-hydroxyphenyl)prop-2-enoic acid","likely-independent-monomer","结构上较像可独立偶联的氨基酸单体","synthesis-first","CCD连接类型含 peptide linking；分子量 179.2 Da，处于保守的单残基初筛范围内","基于CCD名称、连接类型、分子式和分子量的保守规则分层","该结果用于安排人工审核顺序，不等同于已确认可购、可用于SPPS/LPPS、进入过环肽或具有口服暴露。"
"PR4","1-[(2R)-2-carboxy-2-hydroxyethyl]-L-proline","likely-independent-monomer","结构上较像可独立偶联的氨基酸单体","synthesis-first","CCD连接类型含 peptide linking；分子量 203.2 Da，处于保守的单残基初筛范围内","基于CCD名称、连接类型、分子式和分子量的保守规则分层","该结果用于安排人工审核顺序，不等同于已确认可购、可用于SPPS/LPPS、进入过环肽或具有口服暴露。"
"PR7","1-[(2S)-2-carboxy-2-hydroxyethyl]-L-proline","likely-independent-monomer","结构上较像可独立偶联的氨基酸单体","synthesis-first","CCD连接类型含 peptide linking；分子量 203.2 Da，处于保守的单残基初筛范围内","基于CCD名称、连接类型、分子式和分子量的保守规则分层","该结果用于安排人工审核顺序，不等同于已确认可购、可用于SPPS/LPPS、进入过环肽或具有口服暴露。"
"PRJ","(2S,3aS,6R,7aS)-6-hydroxyoctahydro-1H-indole-2-carboxylic acid","likely-independent-monomer","结构上较像可独立偶联的氨基酸单体","synthesis-first","CCD连接类型含 peptide linking；分子量 185.2 Da，处于保守的单残基初筛范围内","基于CCD名称、连接类型、分子式和分子量的保守规则分层","该结果用于安排人工审核顺序，不等同于已确认可购、可用于SPPS/LPPS、进入过环肽或具有口服暴露。"
"PRK","N~6~-propanoyl-L-lysine","likely-independent-monomer","结构上较像可独立偶联的氨基酸单体","synthesis-first","CCD连接类型含 peptide linking；分子量 202.3 Da，处于保守的单残基初筛范围内","基于CCD名称、连接类型、分子式和分子量的保守规则分层","该结果用于安排人工审核顺序，不等同于已确认可购、可用于SPPS/LPPS、进入过环肽或具有口服暴露。"
"PRQ","(3S)-3-amino-3-(2-nitrophenyl)propanoic acid","likely-independent-monomer","结构上较像可独立偶联的氨基酸单体","synthesis-first","CCD连接类型含 peptide linking；分子量 210.2 Da，处于保守的单残基初筛范围内","基于CCD名称、连接类型、分子式和分子量的保守规则分层","该结果用于安排人工审核顺序，不等同于已确认可购、可用于SPPS/LPPS、进入过环肽或具有口服暴露。"
"PRR","3-(METHYL-PYRIDINIUM)ALANINE","likely-independent-monomer","结构上较像可独立偶联的氨基酸单体","synthesis-first","CCD连接类型含 peptide linking；分子量 181.2 Da，处于保守的单残基初筛范围内","基于CCD名称、连接类型、分子式和分子量的保守规则分层","该结果用于安排人工审核顺序，不等同于已确认可购、可用于SPPS/LPPS、进入过环肽或具有口服暴露。"
"PRV","(2R)-amino(2-nitrophenyl)ethanoic acid","likely-independent-monomer","结构上较像可独立偶联的氨基酸单体","synthesis-first","CCD连接类型含 peptide linking；分子量 196.2 Da，处于保守的单残基初筛范围内","基于CCD名称、连接类型、分子式和分子量的保守规则分层","该结果用于安排人工审核顺序，不等同于已确认可购、可用于SPPS/LPPS、进入过环肽或具有口服暴露。"
"PSW","3-(SULFANYLSELANYL)-L-ALANINE","likely-independent-monomer","结构上较像可独立偶联的氨基酸单体","synthesis-first","CCD连接类型含 peptide linking；分子量 200.1 Da，处于保守的单残基初筛范围内","基于CCD名称、连接类型、分子式和分子量的保守规则分层","该结果用于安排人工审核顺序，不等同于已确认可购、可用于SPPS/LPPS、进入过环肽或具有口服暴露。"
"PVO","2,2-bis(oxidanyl)propanoic acid","likely-independent-monomer","结构上较像可独立偶联的氨基酸单体","synthesis-first","CCD连接类型含 peptide linking；分子量 106.1 Da，处于保守的单残基初筛范围内","基于CCD名称、连接类型、分子式和分子量的保守规则分层","该结果用于安排人工审核顺序，不等同于已确认可购、可用于SPPS/LPPS、进入过环肽或具有口服暴露。"
"PYA","3-(1,10-PHENANTHROL-2-YL)-L-ALANINE","likely-independent-monomer","结构上较像可独立偶联的氨基酸单体","synthesis-first","CCD连接类型含 peptide linking；分子量 267.3 Da，处于保守的单残基初筛范围内","基于CCD名称、连接类型、分子式和分子量的保守规则分层","该结果用于安排人工审核顺序，不等同于已确认可购、可用于SPPS/LPPS、进入过环肽或具有口服暴露。"
"Q2K","2-[2-(3-methylsulfanylpropanimidoyl)-4,5-bis(oxidanylidene)imidazol-1-yl]ethanoic acid","likely-independent-monomer","结构上较像可独立偶联的氨基酸单体","synthesis-first","CCD连接类型含 peptide linking；分子量 257.3 Da，处于保守的单残基初筛范围内","基于CCD名称、连接类型、分子式和分子量的保守规则分层","该结果用于安排人工审核顺序，不等同于已确认可购、可用于SPPS/LPPS、进入过环肽或具有口服暴露。"
"Q3P","N~6~-glycyl-L-lysine","likely-independent-monomer","结构上较像可独立偶联的氨基酸单体","synthesis-first","CCD连接类型含 peptide linking；分子量 203.2 Da，处于保守的单残基初筛范围内","基于CCD名称、连接类型、分子式和分子量的保守规则分层","该结果用于安排人工审核顺序，不等同于已确认可购、可用于SPPS/LPPS、进入过环肽或具有口服暴露。"
"Q3S","(2R,3S)-2,3-diaminobutanoic acid","likely-independent-monomer","结构上较像可独立偶联的氨基酸单体","synthesis-first","CCD连接类型含 peptide linking；分子量 118.1 Da，处于保守的单残基初筛范围内","基于CCD名称、连接类型、分子式和分子量的保守规则分层","该结果用于安排人工审核顺序，不等同于已确认可购、可用于SPPS/LPPS、进入过环肽或具有口服暴露。"
"Q75","Thiazole-histidine","likely-independent-monomer","结构上较像可独立偶联的氨基酸单体","synthesis-first","CCD连接类型含 peptide linking；分子量 172.2 Da，处于保守的单残基初筛范围内","基于CCD名称、连接类型、分子式和分子量的保守规则分层","该结果用于安排人工审核顺序，不等同于已确认可购、可用于SPPS/LPPS、进入过环肽或具有口服暴露。"
"Q78","L-3-Thienylalanine","likely-independent-monomer","结构上较像可独立偶联的氨基酸单体","synthesis-first","CCD连接类型含 peptide linking；分子量 171.2 Da，处于保守的单残基初筛范围内","基于CCD名称、连接类型、分子式和分子量的保守规则分层","该结果用于安排人工审核顺序，不等同于已确认可购、可用于SPPS/LPPS、进入过环肽或具有口服暴露。"
"QAC","N-[4-(hydroxymethyl)benzoyl]-beta-alanine","likely-independent-monomer","结构上较像可独立偶联的氨基酸单体","synthesis-first","CCD连接类型含 peptide linking；分子量 223.2 Da，处于保守的单残基初筛范围内","基于CCD名称、连接类型、分子式和分子量的保守规则分层","该结果用于安排人工审核顺序，不等同于已确认可购、可用于SPPS/LPPS、进入过环肽或具有口服暴露。"
"QCS","S-carbamoyl-L-cysteine","likely-independent-monomer","结构上较像可独立偶联的氨基酸单体","synthesis-first","CCD连接类型含 peptide linking；分子量 164.2 Da，处于保守的单残基初筛范围内","基于CCD名称、连接类型、分子式和分子量的保守规则分层","该结果用于安排人工审核顺序，不等同于已确认可购、可用于SPPS/LPPS、进入过环肽或具有口服暴露。"
"QDD","2-(8-azanyl-2-methanoyl-quinolin-4-yl)ethanoic acid","likely-independent-monomer","结构上较像可独立偶联的氨基酸单体","synthesis-first","CCD连接类型含 peptide linking；分子量 246.2 Da，处于保守的单残基初筛范围内","基于CCD名称、连接类型、分子式和分子量的保守规则分层","该结果用于安排人工审核顺序，不等同于已确认可购、可用于SPPS/LPPS、进入过环肽或具有口服暴露。"
"QDS","N-(quinoxalin-2-ylcarbonyl)-D-serine","likely-independent-monomer","结构上较像可独立偶联的氨基酸单体","synthesis-first","CCD连接类型含 peptide linking；分子量 261.2 Da，处于保守的单残基初筛范围内","基于CCD名称、连接类型、分子式和分子量的保守规则分层","该结果用于安排人工审核顺序，不等同于已确认可购、可用于SPPS/LPPS、进入过环肽或具有口服暴露。"
"QLG","[(4Z)-2-[(1Z)-4-AMINO-4-OXOBUTANIMIDOYL]-4-(2-METHYLPROPYLIDENE)-5-OXO-4,5-DIHYDRO-1H-IMIDAZOL-1-YL]ACETIC ACID","likely-independent-monomer","结构上较像可独立偶联的氨基酸单体","synthesis-first","CCD连接类型含 peptide linking；分子量 294.3 Da，处于保守的单残基初筛范围内","基于CCD名称、连接类型、分子式和分子量的保守规则分层","该结果用于安排人工审核顺序，不等同于已确认可购、可用于SPPS/LPPS、进入过环肽或具有口服暴露。"
"QM8","6-Sulfanyl-L-norleucine","special-reactive-candidate","带特殊反应基团，需按设计用途核查","use-case-first","名称提示带点击、交联、亲电或其他特殊反应基团；可能有设计价值，但需核对保护策略、化学稳定性与位点选择性","基于CCD名称、连接类型、分子式和分子量的保守规则分层","该结果用于安排人工审核顺序，不等同于已确认可购、可用于SPPS/LPPS、进入过环肽或具有口服暴露。"
"QMB","5-Mercapto-norvaline","special-reactive-candidate","带特殊反应基团，需按设计用途核查","use-case-first","名称提示带点击、交联、亲电或其他特殊反应基团；可能有设计价值，但需核对保护策略、化学稳定性与位点选择性","基于CCD名称、连接类型、分子式和分子量的保守规则分层","该结果用于安排人工审核顺序，不等同于已确认可购、可用于SPPS/LPPS、进入过环肽或具有口服暴露。"
"QMM","N,N-dimethyl-L-glutamine","likely-independent-monomer","结构上较像可独立偶联的氨基酸单体","synthesis-first","CCD连接类型含 peptide linking；分子量 174.2 Da，处于保守的单残基初筛范围内","基于CCD名称、连接类型、分子式和分子量的保守规则分层","该结果用于安排人工审核顺序，不等同于已确认可购、可用于SPPS/LPPS、进入过环肽或具有口服暴露。"
"QNQ","4-methylcatechol cysteine","likely-independent-monomer","结构上较像可独立偶联的氨基酸单体","synthesis-first","CCD连接类型含 peptide linking；分子量 243.3 Da，处于保守的单残基初筛范围内","基于CCD名称、连接类型、分子式和分子量的保守规则分层","该结果用于安排人工审核顺序，不等同于已确认可购、可用于SPPS/LPPS、进入过环肽或具有口服暴露。"
"QNT","3,6-dimethylcatechol cysteine","likely-independent-monomer","结构上较像可独立偶联的氨基酸单体","synthesis-first","CCD连接类型含 peptide linking；分子量 257.3 Da，处于保守的单残基初筛范围内","基于CCD名称、连接类型、分子式和分子量的保守规则分层","该结果用于安排人工审核顺序，不等同于已确认可购、可用于SPPS/LPPS、进入过环肽或具有口服暴露。"
"QNW","3-methylcatechol cysteine","likely-independent-monomer","结构上较像可独立偶联的氨基酸单体","synthesis-first","CCD连接类型含 peptide linking；分子量 243.3 Da，处于保守的单残基初筛范围内","基于CCD名称、连接类型、分子式和分子量的保守规则分层","该结果用于安排人工审核顺序，不等同于已确认可购、可用于SPPS/LPPS、进入过环肽或具有口服暴露。"
"QO2","4,5-dimethylcatechol cysteine","likely-independent-monomer","结构上较像可独立偶联的氨基酸单体","synthesis-first","CCD连接类型含 peptide linking；分子量 257.3 Da，处于保守的单残基初筛范围内","基于CCD名称、连接类型、分子式和分子量的保守规则分层","该结果用于安排人工审核顺序，不等同于已确认可购、可用于SPPS/LPPS、进入过环肽或具有口服暴露。"
"QO5","3,5-dimethylcatechol cysteine","likely-independent-monomer","结构上较像可独立偶联的氨基酸单体","synthesis-first","CCD连接类型含 peptide linking；分子量 257.3 Da，处于保守的单残基初筛范围内","基于CCD名称、连接类型、分子式和分子量的保守规则分层","该结果用于安排人工审核顺序，不等同于已确认可购、可用于SPPS/LPPS、进入过环肽或具有口服暴露。"
"QOL","8-azanyl-4-[2-(hydroxymethyl)-3-oxidanyl-propoxy]quinoline-2-carbaldehyde","likely-independent-monomer","结构上较像可独立偶联的氨基酸单体","synthesis-first","CCD连接类型含 peptide linking；分子量 292.3 Da，处于保守的单残基初筛范围内","基于CCD名称、连接类型、分子式和分子量的保守规则分层","该结果用于安排人工审核顺序，不等同于已确认可购、可用于SPPS/LPPS、进入过环肽或具有口服暴露。"
"QQ8","(4~{S})-4-azanyl-5-formamido-pentanamide","likely-independent-monomer","结构上较像可独立偶联的氨基酸单体","synthesis-first","CCD连接类型含 peptide linking；分子量 175.2 Da，处于保守的单残基初筛范围内","基于CCD名称、连接类型、分子式和分子量的保守规则分层","该结果用于安排人工审核顺序，不等同于已确认可购、可用于SPPS/LPPS、进入过环肽或具有口服暴露。"
"QQB","~{N}-[(2~{S})-2-azanyl-3-naphthalen-1-yl-propyl]methanamide","likely-independent-monomer","结构上较像可独立偶联的氨基酸单体","synthesis-first","CCD连接类型含 peptide linking；分子量 244.3 Da，处于保守的单残基初筛范围内","基于CCD名称、连接类型、分子式和分子量的保守规则分层","该结果用于安排人工审核顺序，不等同于已确认可购、可用于SPPS/LPPS、进入过环肽或具有口服暴露。"
"QUJ","8-azanyl-4-(2-methylpropoxy)quinoline-2-carboxylic acid","likely-independent-monomer","结构上较像可独立偶联的氨基酸单体","synthesis-first","CCD连接类型含 peptide linking；分子量 260.3 Da，处于保守的单残基初筛范围内","基于CCD名称、连接类型、分子式和分子量的保守规则分层","该结果用于安排人工审核顺序，不等同于已确认可购、可用于SPPS/LPPS、进入过环肽或具有口服暴露。"
"QUK","8-azanyl-4-(3-azanylpropoxy)quinoline-2-carboxylic acid","likely-independent-monomer","结构上较像可独立偶联的氨基酸单体","synthesis-first","CCD连接类型含 peptide linking；分子量 261.3 Da，处于保守的单残基初筛范围内","基于CCD名称、连接类型、分子式和分子量的保守规则分层","该结果用于安排人工审核顺序，不等同于已确认可购、可用于SPPS/LPPS、进入过环肽或具有口服暴露。"
"QVE","8-azanyl-4-(2-hydroxy-2-oxoethyloxy)quinoline-2-carboxylic acid","likely-independent-monomer","结构上较像可独立偶联的氨基酸单体","synthesis-first","CCD连接类型含 peptide linking；分子量 262.2 Da，处于保守的单残基初筛范围内","基于CCD名称、连接类型、分子式和分子量的保守规则分层","该结果用于安排人工审核顺序，不等同于已确认可购、可用于SPPS/LPPS、进入过环肽或具有口服暴露。"
"QVS","8-azanyl-4-oxidanyl-quinoline-2-carboxylic acid","likely-independent-monomer","结构上较像可独立偶联的氨基酸单体","synthesis-first","CCD连接类型含 peptide linking；分子量 204.2 Da，处于保守的单残基初筛范围内","基于CCD名称、连接类型、分子式和分子量的保守规则分层","该结果用于安排人工审核顺序，不等同于已确认可购、可用于SPPS/LPPS、进入过环肽或具有口服暴露。"
"R0E","ProM-17","likely-independent-monomer","结构上较像可独立偶联的氨基酸单体","synthesis-first","CCD连接类型含 peptide linking；分子量 266.3 Da，处于保守的单残基初筛范围内","基于CCD名称、连接类型、分子式和分子量的保守规则分层","该结果用于安排人工审核顺序，不等同于已确认可购、可用于SPPS/LPPS、进入过环肽或具有口服暴露。"
"R2P","(2R)-2-amino-3-(4-hydroxy-1,2,5-thiadiazol-3-yl)propanoic acid","likely-independent-monomer","结构上较像可独立偶联的氨基酸单体","synthesis-first","CCD连接类型含 peptide linking；分子量 189.2 Da，处于保守的单残基初筛范围内","基于CCD名称、连接类型、分子式和分子量的保守规则分层","该结果用于安排人工审核顺序，不等同于已确认可购、可用于SPPS/LPPS、进入过环肽或具有口服暴露。"
"R2T","beta,gamma-dihydroxyglutamine","likely-independent-monomer","结构上较像可独立偶联的氨基酸单体","synthesis-first","CCD连接类型含 peptide linking；分子量 178.1 Da，处于保守的单残基初筛范围内","基于CCD名称、连接类型、分子式和分子量的保守规则分层","该结果用于安排人工审核顺序，不等同于已确认可购、可用于SPPS/LPPS、进入过环肽或具有口服暴露。"
"R4K","(2S,3R)-2-azanyl-3-hydroxy-3-[(3S)-3-hydroxy-2-oxo-1H-indol-3-yl]propanoic acid","likely-independent-monomer","结构上较像可独立偶联的氨基酸单体","synthesis-first","CCD连接类型含 peptide linking；分子量 252.2 Da，处于保守的单残基初筛范围内","基于CCD名称、连接类型、分子式和分子量的保守规则分层","该结果用于安排人工审核顺序，不等同于已确认可购、可用于SPPS/LPPS、进入过环肽或具有口服暴露。"
"RE0","3-[(3R)-3-hydroxy-2-oxo-2,3-dihydro-1H-indol-3-yl]-L-alanine","likely-independent-monomer","结构上较像可独立偶联的氨基酸单体","synthesis-first","CCD连接类型含 peptide linking；分子量 236.2 Da，处于保守的单残基初筛范围内","基于CCD名称、连接类型、分子式和分子量的保守规则分层","该结果用于安排人工审核顺序，不等同于已确认可购、可用于SPPS/LPPS、进入过环肽或具有口服暴露。"
"RE3","3-[(3S)-3-hydroxy-2-oxo-2,3-dihydro-1H-indol-3-yl]-L-alanine","likely-independent-monomer","结构上较像可独立偶联的氨基酸单体","synthesis-first","CCD连接类型含 peptide linking；分子量 236.2 Da，处于保守的单残基初筛范围内","基于CCD名称、连接类型、分子式和分子量的保守规则分层","该结果用于安排人工审核顺序，不等同于已确认可购、可用于SPPS/LPPS、进入过环肽或具有口服暴露。"
"RF9","N~6~-[(1R)-1-carboxyethyl]-L-lysine","likely-independent-monomer","结构上较像可独立偶联的氨基酸单体","synthesis-first","CCD连接类型含 peptide linking；分子量 218.3 Da，处于保守的单残基初筛范围内","基于CCD名称、连接类型、分子式和分子量的保守规则分层","该结果用于安排人工审核顺序，不等同于已确认可购、可用于SPPS/LPPS、进入过环肽或具有口服暴露。"
"RT0","(2S,4S)-4-[4-(4-fluorophenyl)-1,2,3-triazol-1-yl]pyrrolidine-2-carboxylic acid","likely-independent-monomer","结构上较像可独立偶联的氨基酸单体","synthesis-first","CCD连接类型含 peptide linking；分子量 276.3 Da，处于保守的单残基初筛范围内","基于CCD名称、连接类型、分子式和分子量的保守规则分层","该结果用于安排人工审核顺序，不等同于已确认可购、可用于SPPS/LPPS、进入过环肽或具有口服暴露。"
"RVJ","3-triazan-1-yl-L-alanine","likely-independent-monomer","结构上较像可独立偶联的氨基酸单体","synthesis-first","CCD连接类型含 peptide linking；分子量 134.1 Da，处于保守的单残基初筛范围内","基于CCD名称、连接类型、分子式和分子量的保守规则分层","该结果用于安排人工审核顺序，不等同于已确认可购、可用于SPPS/LPPS、进入过环肽或具有口服暴露。"
"RX9","Dehydroisoleucine","likely-independent-monomer","结构上较像可独立偶联的氨基酸单体","synthesis-first","CCD连接类型含 peptide linking；分子量 129.2 Da，处于保守的单残基初筛范围内","基于CCD名称、连接类型、分子式和分子量的保守规则分层","该结果用于安排人工审核顺序，不等同于已确认可购、可用于SPPS/LPPS、进入过环肽或具有口服暴露。"
"RXL","Dehydrovaline","likely-independent-monomer","结构上较像可独立偶联的氨基酸单体","synthesis-first","CCD连接类型含 peptide linking；分子量 115.1 Da，处于保守的单残基初筛范围内","基于CCD名称、连接类型、分子式和分子量的保守规则分层","该结果用于安排人工审核顺序，不等同于已确认可购、可用于SPPS/LPPS、进入过环肽或具有口服暴露。"
"RZ4","O-tert-butyl-L-serine","likely-independent-monomer","结构上较像可独立偶联的氨基酸单体","synthesis-first","CCD连接类型含 peptide linking；分子量 161.2 Da，处于保守的单残基初筛范围内","基于CCD名称、连接类型、分子式和分子量的保守规则分层","该结果用于安排人工审核顺序，不等同于已确认可购、可用于SPPS/LPPS、进入过环肽或具有口服暴露。"
"S0R","(2S)-2-benzamido-4-methyl-pentanoic acid","likely-independent-monomer","结构上较像可独立偶联的氨基酸单体","synthesis-first","CCD连接类型含 peptide linking；分子量 235.3 Da，处于保守的单残基初筛范围内","基于CCD名称、连接类型、分子式和分子量的保守规则分层","该结果用于安排人工审核顺序，不等同于已确认可购、可用于SPPS/LPPS、进入过环肽或具有口服暴露。"
"S2C","S-2-(BORONOETHYL)-L-CYSTEINE","special-reactive-candidate","带特殊反应基团，需按设计用途核查","use-case-first","名称提示带点击、交联、亲电或其他特殊反应基团；可能有设计价值，但需核对保护策略、化学稳定性与位点选择性","基于CCD名称、连接类型、分子式和分子量的保守规则分层","该结果用于安排人工审核顺序，不等同于已确认可购、可用于SPPS/LPPS、进入过环肽或具有口服暴露。"
"S2D","N-BENZOYL-D-ALANINE","likely-independent-monomer","结构上较像可独立偶联的氨基酸单体","synthesis-first","CCD连接类型含 peptide linking；分子量 193.2 Da，处于保守的单残基初筛范围内","基于CCD名称、连接类型、分子式和分子量的保守规则分层","该结果用于安排人工审核顺序，不等同于已确认可购、可用于SPPS/LPPS、进入过环肽或具有口服暴露。"
"S2P","(2S)-2-amino-3-(4-hydroxy-1,2,5-thiadiazol-3-yl)propanoic acid","likely-independent-monomer","结构上较像可独立偶联的氨基酸单体","synthesis-first","CCD连接类型含 peptide linking；分子量 189.2 Da，处于保守的单残基初筛范围内","基于CCD名称、连接类型、分子式和分子量的保守规则分层","该结果用于安排人工审核顺序，不等同于已确认可购、可用于SPPS/LPPS、进入过环肽或具有口服暴露。"
"SCH","S-METHYL-THIO-CYSTEINE","likely-independent-monomer","结构上较像可独立偶联的氨基酸单体","synthesis-first","CCD连接类型含 peptide linking；分子量 167.3 Da，处于保守的单残基初筛范围内","基于CCD名称、连接类型、分子式和分子量的保守规则分层","该结果用于安排人工审核顺序，不等同于已确认可购、可用于SPPS/LPPS、进入过环肽或具有口服暴露。"
"SCS","3-(ethyldisulfanyl)-L-alanine","likely-independent-monomer","结构上较像可独立偶联的氨基酸单体","synthesis-first","CCD连接类型含 peptide linking；分子量 181.3 Da，处于保守的单残基初筛范围内","基于CCD名称、连接类型、分子式和分子量的保守规则分层","该结果用于安排人工审核顺序，不等同于已确认可购、可用于SPPS/LPPS、进入过环肽或具有口服暴露。"
"SCY","S-ACETYL-CYSTEINE","likely-independent-monomer","结构上较像可独立偶联的氨基酸单体","synthesis-first","CCD连接类型含 peptide linking；分子量 163.2 Da，处于保守的单残基初筛范围内","基于CCD名称、连接类型、分子式和分子量的保守规则分层","该结果用于安排人工审核顺序，不等同于已确认可购、可用于SPPS/LPPS、进入过环肽或具有口服暴露。"
"SD4","N-hydroxy-L-asparagine","likely-independent-monomer","结构上较像可独立偶联的氨基酸单体","synthesis-first","CCD连接类型含 peptide linking；分子量 148.1 Da，处于保守的单残基初筛范围内","基于CCD名称、连接类型、分子式和分子量的保守规则分层","该结果用于安排人工审核顺序，不等同于已确认可购、可用于SPPS/LPPS、进入过环肽或具有口服暴露。"
"SE7","2-AMINO-3-SELENINO-PROPIONIC ACID","likely-independent-monomer","结构上较像可独立偶联的氨基酸单体","synthesis-first","CCD连接类型含 peptide linking；分子量 200.1 Da，处于保守的单残基初筛范围内","基于CCD名称、连接类型、分子式和分子量的保守规则分层","该结果用于安排人工审核顺序，不等同于已确认可购、可用于SPPS/LPPS、进入过环肽或具有口服暴露。"
"SEB","O-BENZYLSULFONYL-SERINE","likely-independent-monomer","结构上较像可独立偶联的氨基酸单体","synthesis-first","CCD连接类型含 peptide linking；分子量 259.3 Da，处于保守的单残基初筛范围内","基于CCD名称、连接类型、分子式和分子量的保守规则分层","该结果用于安排人工审核顺序，不等同于已确认可购、可用于SPPS/LPPS、进入过环肽或具有口服暴露。"
"SEE","trihydroxy(L-serinato-kappaO~3~)borate(1-)","likely-independent-monomer","结构上较像可独立偶联的氨基酸单体","synthesis-first","CCD连接类型含 peptide linking；分子量 165.9 Da，处于保守的单残基初筛范围内","基于CCD名称、连接类型、分子式和分子量的保守规则分层","该结果用于安排人工审核顺序，不等同于已确认可购、可用于SPPS/LPPS、进入过环肽或具有口服暴露。"
"SEM","O-benzyl-L-serine","likely-independent-monomer","结构上较像可独立偶联的氨基酸单体","synthesis-first","CCD连接类型含 peptide linking；分子量 195.2 Da，处于保守的单残基初筛范围内","基于CCD名称、连接类型、分子式和分子量的保守规则分层","该结果用于安排人工审核顺序，不等同于已确认可购、可用于SPPS/LPPS、进入过环肽或具有口服暴露。"
"SFE","(3S)-3-amino-3-phenylpropanoic acid","likely-independent-monomer","结构上较像可独立偶联的氨基酸单体","synthesis-first","CCD连接类型含 peptide linking；分子量 165.2 Da，处于保守的单残基初筛范围内","基于CCD名称、连接类型、分子式和分子量的保守规则分层","该结果用于安排人工审核顺序，不等同于已确认可购、可用于SPPS/LPPS、进入过环肽或具有口服暴露。"
"SHC","S-HEXYLCYSTEINE","likely-independent-monomer","结构上较像可独立偶联的氨基酸单体","synthesis-first","CCD连接类型含 peptide linking；分子量 205.3 Da，处于保守的单残基初筛范围内","基于CCD名称、连接类型、分子式和分子量的保守规则分层","该结果用于安排人工审核顺序，不等同于已确认可购、可用于SPPS/LPPS、进入过环肽或具有口服暴露。"
"SHR","N-(5-AMINO-5-CARBOXYPENTYL)GLUTAMIC ACID","likely-independent-monomer","结构上较像可独立偶联的氨基酸单体","synthesis-first","CCD连接类型含 peptide linking；分子量 276.3 Da，处于保守的单残基初筛范围内","基于CCD名称、连接类型、分子式和分子量的保守规则分层","该结果用于安排人工审核顺序，不等同于已确认可购、可用于SPPS/LPPS、进入过环肽或具有口服暴露。"
"SIC","(2R)-2-[(3S)-3-amino-2,5-dioxopyrrolidin-1-yl]-3-sulfanylpropanoic acid","likely-independent-monomer","结构上较像可独立偶联的氨基酸单体","synthesis-first","CCD连接类型含 peptide linking；分子量 218.2 Da，处于保守的单残基初筛范围内","基于CCD名称、连接类型、分子式和分子量的保守规则分层","该结果用于安排人工审核顺序，不等同于已确认可购、可用于SPPS/LPPS、进入过环肽或具有口服暴露。"
"SKG"," 4-methylisoleucine","likely-independent-monomer","结构上较像可独立偶联的氨基酸单体","synthesis-first","CCD连接类型含 peptide linking；分子量 145.2 Da，处于保守的单残基初筛范围内","基于CCD名称、连接类型、分子式和分子量的保守规则分层","该结果用于安排人工审核顺序，不等同于已确认可购、可用于SPPS/LPPS、进入过环肽或具有口服暴露。"
"SKH","(3~{S})-5-[[(5~{S})-5-azanyl-6-oxidanyl-6-oxidanylidene-hexyl]amino]-3-methyl-3-oxidanyl-5-oxidanylidene-pentanoic acid","likely-independent-monomer","结构上较像可独立偶联的氨基酸单体","synthesis-first","CCD连接类型含 peptide linking；分子量 290.3 Da，处于保守的单残基初筛范围内","基于CCD名称、连接类型、分子式和分子量的保守规则分层","该结果用于安排人工审核顺序，不等同于已确认可购、可用于SPPS/LPPS、进入过环肽或具有口服暴露。"
"SKJ","beta-methylnorleucine","likely-independent-monomer","结构上较像可独立偶联的氨基酸单体","synthesis-first","CCD连接类型含 peptide linking；分子量 145.2 Da，处于保守的单残基初筛范围内","基于CCD名称、连接类型、分子式和分子量的保守规则分层","该结果用于安排人工审核顺序，不等同于已确认可购、可用于SPPS/LPPS、进入过环肽或具有口服暴露。"
"SLL","(2S)-2-azanyl-6-[(4-hydroxy-4-oxo-butanoyl)amino]hexanoic acid","likely-independent-monomer","结构上较像可独立偶联的氨基酸单体","synthesis-first","CCD连接类型含 peptide linking；分子量 246.3 Da，处于保守的单残基初筛范围内","基于CCD名称、连接类型、分子式和分子量的保守规则分层","该结果用于安排人工审核顺序，不等同于已确认可购、可用于SPPS/LPPS、进入过环肽或具有口服暴露。"
"SLR","(3R,4R)-3-hydroxy-2-[(1S)-1-hydroxy-2-methylpropyl]-4-methyl-5-oxo-D-proline","likely-independent-monomer","结构上较像可独立偶联的氨基酸单体","synthesis-first","CCD连接类型含 peptide linking；分子量 231.2 Da，处于保守的单残基初筛范围内","基于CCD名称、连接类型、分子式和分子量的保守规则分层","该结果用于安排人工审核顺序，不等同于已确认可购、可用于SPPS/LPPS、进入过环肽或具有口服暴露。"
"SLZ","L-THIALYSINE","likely-independent-monomer","结构上较像可独立偶联的氨基酸单体","synthesis-first","CCD连接类型含 peptide linking；分子量 164.2 Da，处于保守的单残基初筛范围内","基于CCD名称、连接类型、分子式和分子量的保守规则分层","该结果用于安排人工审核顺序，不等同于已确认可购、可用于SPPS/LPPS、进入过环肽或具有口服暴露。"
"SMC","S-METHYLCYSTEINE","likely-independent-monomer","结构上较像可独立偶联的氨基酸单体","synthesis-first","CCD连接类型含 peptide linking；分子量 135.2 Da，处于保守的单残基初筛范围内","基于CCD名称、连接类型、分子式和分子量的保守规则分层","该结果用于安排人工审核顺序，不等同于已确认可购、可用于SPPS/LPPS、进入过环肽或具有口服暴露。"
"SME","METHIONINE SULFOXIDE","likely-independent-monomer","结构上较像可独立偶联的氨基酸单体","synthesis-first","CCD连接类型含 peptide linking；分子量 165.2 Da，处于保守的单残基初筛范围内","基于CCD名称、连接类型、分子式和分子量的保守规则分层","该结果用于安排人工审核顺序，不等同于已确认可购、可用于SPPS/LPPS、进入过环肽或具有口服暴露。"
"SMF","4-SULFOMETHYL-L-PHENYLALANINE","likely-independent-monomer","结构上较像可独立偶联的氨基酸单体","synthesis-first","CCD连接类型含 peptide linking；分子量 259.3 Da，处于保守的单残基初筛范围内","基于CCD名称、连接类型、分子式和分子量的保守规则分层","该结果用于安排人工审核顺序，不等同于已确认可购、可用于SPPS/LPPS、进入过环肽或具有口服暴露。"
"SNC","S-NITROSO-CYSTEINE","likely-independent-monomer","结构上较像可独立偶联的氨基酸单体","synthesis-first","CCD连接类型含 peptide linking；分子量 150.2 Da，处于保守的单残基初筛范围内","基于CCD名称、连接类型、分子式和分子量的保守规则分层","该结果用于安排人工审核顺序，不等同于已确认可购、可用于SPPS/LPPS、进入过环肽或具有口服暴露。"
"SNK","(2~{R})-2-azanyl-3-(4-ethanoylsulfanyl-1~{H}-imidazol-5-yl)propanoic acid","likely-independent-monomer","结构上较像可独立偶联的氨基酸单体","synthesis-first","CCD连接类型含 peptide linking；分子量 229.3 Da，处于保守的单残基初筛范围内","基于CCD名称、连接类型、分子式和分子量的保守规则分层","该结果用于安排人工审核顺序，不等同于已确认可购、可用于SPPS/LPPS、进入过环肽或具有口服暴露。"
"SRZ","PROPOXY-L-SERINE","likely-independent-monomer","结构上较像可独立偶联的氨基酸单体","synthesis-first","CCD连接类型含 peptide linking；分子量 163.2 Da，处于保守的单残基初筛范围内","基于CCD名称、连接类型、分子式和分子量的保守规则分层","该结果用于安排人工审核顺序，不等同于已确认可购、可用于SPPS/LPPS、进入过环肽或具有口服暴露。"
"SUI","(3-AMINO-2,5-DIOXO-1-PYRROLIDINYL)ACETIC ACID","likely-independent-monomer","结构上较像可独立偶联的氨基酸单体","synthesis-first","CCD连接类型含 peptide linking；分子量 172.1 Da，处于保守的单残基初筛范围内","基于CCD名称、连接类型、分子式和分子量的保守规则分层","该结果用于安排人工审核顺序，不等同于已确认可购、可用于SPPS/LPPS、进入过环肽或具有口服暴露。"
"SWW","(2~{S})-2-azanyl-3-(2-hydroxyethylsulfanyl)propanoic acid","likely-independent-monomer","结构上较像可独立偶联的氨基酸单体","synthesis-first","CCD连接类型含 peptide linking；分子量 165.2 Da，处于保守的单残基初筛范围内","基于CCD名称、连接类型、分子式和分子量的保守规则分层","该结果用于安排人工审核顺序，不等同于已确认可购、可用于SPPS/LPPS、进入过环肽或具有口服暴露。"
"SYS","3-[(2-amino-2-oxoethyl)selanyl]-L-alanine","likely-independent-monomer","结构上较像可独立偶联的氨基酸单体","synthesis-first","CCD连接类型含 peptide linking；分子量 225.1 Da，处于保守的单残基初筛范围内","基于CCD名称、连接类型、分子式和分子量的保守规则分层","该结果用于安排人工审核顺序，不等同于已确认可购、可用于SPPS/LPPS、进入过环肽或具有口服暴露。"
"T09","(2S,4R)-2-amino-4-methyloctanoic acid","likely-independent-monomer","结构上较像可独立偶联的氨基酸单体","synthesis-first","CCD连接类型含 peptide linking；分子量 173.3 Da，处于保守的单残基初筛范围内","基于CCD名称、连接类型、分子式和分子量的保守规则分层","该结果用于安排人工审核顺序，不等同于已确认可购、可用于SPPS/LPPS、进入过环肽或具有口服暴露。"
"T0I","(2S)-2-amino-3-(2,4-dihydroxy-5-imidazol-1-yl-phenyl)propanoic acid","likely-independent-monomer","结构上较像可独立偶联的氨基酸单体","synthesis-first","CCD连接类型含 peptide linking；分子量 263.2 Da，处于保守的单残基初筛范围内","基于CCD名称、连接类型、分子式和分子量的保守规则分层","该结果用于安排人工审核顺序，不等同于已确认可购、可用于SPPS/LPPS、进入过环肽或具有口服暴露。"
"T11","4-[3-(TRIFLUOROMETHYL)DIAZIRIDIN-3-YL]-L-PHENYLALANINE","likely-independent-monomer","结构上较像可独立偶联的氨基酸单体","synthesis-first","CCD连接类型含 peptide linking；分子量 275.2 Da，处于保守的单残基初筛范围内","基于CCD名称、连接类型、分子式和分子量的保守规则分层","该结果用于安排人工审核顺序，不等同于已确认可购、可用于SPPS/LPPS、进入过环肽或具有口服暴露。"
"T2C","(2S)-1,3-thiazolidine-2-carboxylic acid","likely-independent-monomer","结构上较像可独立偶联的氨基酸单体","synthesis-first","CCD连接类型含 peptide linking；分子量 133.2 Da，处于保守的单残基初筛范围内","基于CCD名称、连接类型、分子式和分子量的保守规则分层","该结果用于安排人工审核顺序，不等同于已确认可购、可用于SPPS/LPPS、进入过环肽或具有口服暴露。"
"T3R","N,5-dimethyl-L-norleucine","likely-independent-monomer","结构上较像可独立偶联的氨基酸单体","synthesis-first","CCD连接类型含 peptide linking；分子量 159.2 Da，处于保守的单残基初筛范围内","基于CCD名称、连接类型、分子式和分子量的保守规则分层","该结果用于安排人工审核顺序，不等同于已确认可购、可用于SPPS/LPPS、进入过环肽或具有口服暴露。"
"T7Q","(2~{S})-2-azanyl-3-(9-oxidanylidene-10~{H}-acridin-2-yl)propanoic acid","likely-independent-monomer","结构上较像可独立偶联的氨基酸单体","synthesis-first","CCD连接类型含 peptide linking；分子量 283.3 Da，处于保守的单残基初筛范围内","基于CCD名称、连接类型、分子式和分子量的保守规则分层","该结果用于安排人工审核顺序，不等同于已确认可购、可用于SPPS/LPPS、进入过环肽或具有口服暴露。"
"T9E","Selenothreonine","likely-independent-monomer","结构上较像可独立偶联的氨基酸单体","synthesis-first","CCD连接类型含 peptide linking；分子量 182.1 Da，处于保守的单残基初筛范围内","基于CCD名称、连接类型、分子式和分子量的保守规则分层","该结果用于安排人工审核顺序，不等同于已确认可购、可用于SPPS/LPPS、进入过环肽或具有口服暴露。"
"TA4","(S)-2-[4-(AMINOMETHYL)-1H-1,2,3-TRIAZOL-1-YL]-4-METHYLPENTANOIC ACID","likely-independent-monomer","结构上较像可独立偶联的氨基酸单体","synthesis-first","CCD连接类型含 peptide linking；分子量 212.2 Da，处于保守的单残基初筛范围内","基于CCD名称、连接类型、分子式和分子量的保守规则分层","该结果用于安排人工审核顺序，不等同于已确认可购、可用于SPPS/LPPS、进入过环肽或具有口服暴露。"
"TBG","3-methyl-L-valine","likely-independent-monomer","结构上较像可独立偶联的氨基酸单体","synthesis-first","CCD连接类型含 peptide linking；分子量 131.2 Da，处于保守的单残基初筛范围内","基于CCD名称、连接类型、分子式和分子量的保守规则分层","该结果用于安排人工审核顺序，不等同于已确认可购、可用于SPPS/LPPS、进入过环肽或具有口服暴露。"
"TCR","CYCLOMETHYLTRYPTOPHAN","likely-independent-monomer","结构上较像可独立偶联的氨基酸单体","synthesis-first","CCD连接类型含 peptide linking；分子量 216.2 Da，处于保守的单残基初筛范围内","基于CCD名称、连接类型、分子式和分子量的保守规则分层","该结果用于安排人工审核顺序，不等同于已确认可购、可用于SPPS/LPPS、进入过环肽或具有口服暴露。"
"TEF","4-(2H-tetrazol-2-yl)-L-phenylalanine","special-reactive-candidate","带特殊反应基团，需按设计用途核查","use-case-first","名称提示带点击、交联、亲电或其他特殊反应基团；可能有设计价值，但需核对保护策略、化学稳定性与位点选择性","基于CCD名称、连接类型、分子式和分子量的保守规则分层","该结果用于安排人工审核顺序，不等同于已确认可购、可用于SPPS/LPPS、进入过环肽或具有口服暴露。"
"TFQ","4-(2,2,2-TRIFLUOROETHYL)-L-PHENYLALANINE","likely-independent-monomer","结构上较像可独立偶联的氨基酸单体","synthesis-first","CCD连接类型含 peptide linking；分子量 247.2 Da，处于保守的单残基初筛范围内","基于CCD名称、连接类型、分子式和分子量的保守规则分层","该结果用于安排人工审核顺序，不等同于已确认可购、可用于SPPS/LPPS、进入过环肽或具有口服暴露。"
"TH5","O-acetyl-L-threonine","likely-independent-monomer","结构上较像可独立偶联的氨基酸单体","synthesis-first","CCD连接类型含 peptide linking；分子量 161.2 Da，处于保守的单残基初筛范围内","基于CCD名称、连接类型、分子式和分子量的保守规则分层","该结果用于安排人工审核顺序，不等同于已确认可购、可用于SPPS/LPPS、进入过环肽或具有口服暴露。"
"TH6","4-HYDROXY-L-THREONINE","likely-independent-monomer","结构上较像可独立偶联的氨基酸单体","synthesis-first","CCD连接类型含 peptide linking；分子量 135.1 Da，处于保守的单残基初筛范围内","基于CCD名称、连接类型、分子式和分子量的保守规则分层","该结果用于安排人工审核顺序，不等同于已确认可购、可用于SPPS/LPPS、进入过环肽或具有口服暴露。"
"TIH","BETA(2-THIENYL)ALANINE","likely-independent-monomer","结构上较像可独立偶联的氨基酸单体","synthesis-first","CCD连接类型含 peptide linking；分子量 171.2 Da，处于保守的单残基初筛范围内","基于CCD名称、连接类型、分子式和分子量的保守规则分层","该结果用于安排人工审核顺序，不等同于已确认可购、可用于SPPS/LPPS、进入过环肽或具有口服暴露。"
"TIS","O-(1,1-dihydroxyethyl)-L-serine","likely-independent-monomer","结构上较像可独立偶联的氨基酸单体","synthesis-first","CCD连接类型含 peptide linking；分子量 165.1 Da，处于保守的单残基初筛范围内","基于CCD名称、连接类型、分子式和分子量的保守规则分层","该结果用于安排人工审核顺序，不等同于已确认可购、可用于SPPS/LPPS、进入过环肽或具有口服暴露。"
"TLY","(2S)-2-azanyl-6-(ethanethioylamino)hexanoic acid","special-reactive-candidate","带特殊反应基团，需按设计用途核查","use-case-first","名称提示带点击、交联、亲电或其他特殊反应基团；可能有设计价值，但需核对保护策略、化学稳定性与位点选择性","基于CCD名称、连接类型、分子式和分子量的保守规则分层","该结果用于安排人工审核顺序，不等同于已确认可购、可用于SPPS/LPPS、进入过环肽或具有口服暴露。"
"TMD","(6,7-DIHYDRO)4-[(E)-BUTENYL]-4,N-DIMETHYL-THREONINE","likely-independent-monomer","结构上较像可独立偶联的氨基酸单体","synthesis-first","CCD连接类型含 peptide linking；分子量 203.3 Da，处于保守的单残基初筛范围内","基于CCD名称、连接类型、分子式和分子量的保守规则分层","该结果用于安排人工审核顺序，不等同于已确认可购、可用于SPPS/LPPS、进入过环肽或具有口服暴露。"
"TNQ","6-[(carboxymethyl)amino]-7-hydroxy-L-tryptophan","likely-independent-monomer","结构上较像可独立偶联的氨基酸单体","synthesis-first","CCD连接类型含 peptide linking；分子量 293.3 Da，处于保守的单残基初筛范围内","基于CCD名称、连接类型、分子式和分子量的保守规则分层","该结果用于安排人工审核顺序，不等同于已确认可购、可用于SPPS/LPPS、进入过环肽或具有口服暴露。"
"TOQ","6,7-dihydroxy-L-tryptophan","likely-independent-monomer","结构上较像可独立偶联的氨基酸单体","synthesis-first","CCD连接类型含 peptide linking；分子量 236.2 Da，处于保守的单残基初筛范围内","基于CCD名称、连接类型、分子式和分子量的保守规则分层","该结果用于安排人工审核顺序，不等同于已确认可购、可用于SPPS/LPPS、进入过环肽或具有口服暴露。"
"TOX","1-hydroperoxy-L-tryptophan","likely-independent-monomer","结构上较像可独立偶联的氨基酸单体","synthesis-first","CCD连接类型含 peptide linking；分子量 236.2 Da，处于保守的单残基初筛范围内","基于CCD名称、连接类型、分子式和分子量的保守规则分层","该结果用于安排人工审核顺序，不等同于已确认可购、可用于SPPS/LPPS、进入过环肽或具有口服暴露。"
"TOZ","2-[2-(aminomethyl)-1,3-thiazol-4-yl]-1,3-oxazole-4-carboxylic acid","likely-independent-monomer","结构上较像可独立偶联的氨基酸单体","synthesis-first","CCD连接类型含 peptide linking；分子量 225.2 Da，处于保守的单残基初筛范围内","基于CCD名称、连接类型、分子式和分子量的保守规则分层","该结果用于安排人工审核顺序，不等同于已确认可购、可用于SPPS/LPPS、进入过环肽或具有口服暴露。"
"TPJ","(5R)-5-tert-butyl-L-proline","likely-independent-monomer","结构上较像可独立偶联的氨基酸单体","synthesis-first","CCD连接类型含 peptide linking；分子量 171.2 Da，处于保守的单残基初筛范围内","基于CCD名称、连接类型、分子式和分子量的保守规则分层","该结果用于安排人工审核顺序，不等同于已确认可购、可用于SPPS/LPPS、进入过环肽或具有口服暴露。"
"TPQ","5-(2-CARBOXY-2-AMINOETHYL)-2-HYDROXY-1,4-BENZOQUINONE","likely-independent-monomer","结构上较像可独立偶联的氨基酸单体","synthesis-first","CCD连接类型含 peptide linking；分子量 211.2 Da，处于保守的单残基初筛范围内","基于CCD名称、连接类型、分子式和分子量的保守规则分层","该结果用于安排人工审核顺序，不等同于已确认可购、可用于SPPS/LPPS、进入过环肽或具有口服暴露。"
"TQQ","(S)-2-AMINO-3-(6,7-DIHYDRO-6-IMINO-7-OXO-1H-INDOL-3-YL)PROPANOIC ACID","likely-independent-monomer","结构上较像可独立偶联的氨基酸单体","synthesis-first","CCD连接类型含 peptide linking；分子量 233.2 Da，处于保守的单残基初筛范围内","基于CCD名称、连接类型、分子式和分子量的保守规则分层","该结果用于安排人工审核顺序，不等同于已确认可购、可用于SPPS/LPPS、进入过环肽或具有口服暴露。"
"TQZ","2-AMINO-3-PENTASULFANYLPROPAN-1-OL","likely-independent-monomer","结构上较像可独立偶联的氨基酸单体","synthesis-first","CCD连接类型含 peptide linking；分子量 249.4 Da，处于保守的单残基初筛范围内","基于CCD名称、连接类型、分子式和分子量的保守规则分层","该结果用于安排人工审核顺序，不等同于已确认可购、可用于SPPS/LPPS、进入过环肽或具有口服暴露。"
"TRF","N1-FORMYL-TRYPTOPHAN","special-reactive-candidate","带特殊反应基团，需按设计用途核查","use-case-first","名称提示带点击、交联、亲电或其他特殊反应基团；可能有设计价值，但需核对保护策略、化学稳定性与位点选择性","基于CCD名称、连接类型、分子式和分子量的保守规则分层","该结果用于安排人工审核顺序，不等同于已确认可购、可用于SPPS/LPPS、进入过环肽或具有口服暴露。"
"TRN","NZ2-TRYPTOPHAN","likely-independent-monomer","结构上较像可独立偶联的氨基酸单体","synthesis-first","CCD连接类型含 peptide linking；分子量 205.2 Da，处于保守的单残基初筛范围内","基于CCD名称、连接类型、分子式和分子量的保守规则分层","该结果用于安排人工审核顺序，不等同于已确认可购、可用于SPPS/LPPS、进入过环肽或具有口服暴露。"
"TRO","2-HYDROXY-TRYPTOPHAN","likely-independent-monomer","结构上较像可独立偶联的氨基酸单体","synthesis-first","CCD连接类型含 peptide linking；分子量 220.2 Da，处于保守的单残基初筛范围内","基于CCD名称、连接类型、分子式和分子量的保守规则分层","该结果用于安排人工审核顺序，不等同于已确认可购、可用于SPPS/LPPS、进入过环肽或具有口服暴露。"
"TRQ","2-AMINO-3-(6,7-DIOXO-6,7-DIHYDRO-1H-INDOL-3-YL)-PROPIONIC ACID","likely-independent-monomer","结构上较像可独立偶联的氨基酸单体","synthesis-first","CCD连接类型含 peptide linking；分子量 234.2 Da，处于保守的单残基初筛范围内","基于CCD名称、连接类型、分子式和分子量的保守规则分层","该结果用于安排人工审核顺序，不等同于已确认可购、可用于SPPS/LPPS、进入过环肽或具有口服暴露。"
"TRX","6-HYDROXYTRYPTOPHAN","likely-independent-monomer","结构上较像可独立偶联的氨基酸单体","synthesis-first","CCD连接类型含 peptide linking；分子量 220.2 Da，处于保守的单残基初筛范围内","基于CCD名称、连接类型、分子式和分子量的保守规则分层","该结果用于安排人工审核顺序，不等同于已确认可购、可用于SPPS/LPPS、进入过环肽或具有口服暴露。"
"TRY","(2Z)-2-amino-3-(1H-indol-3-yl)prop-2-enoic acid","likely-independent-monomer","结构上较像可独立偶联的氨基酸单体","synthesis-first","CCD连接类型含 peptide linking；分子量 202.2 Da，处于保守的单残基初筛范围内","基于CCD名称、连接类型、分子式和分子量的保守规则分层","该结果用于安排人工审核顺序，不等同于已确认可购、可用于SPPS/LPPS、进入过环肽或具有口服暴露。"
"TS9","(2S,3S,4R)-2-amino-3,4-dihydroxy-3-methylpentanoic acid","likely-independent-monomer","结构上较像可独立偶联的氨基酸单体","synthesis-first","CCD连接类型含 peptide linking；分子量 163.2 Da，处于保守的单残基初筛范围内","基于CCD名称、连接类型、分子式和分子量的保守规则分层","该结果用于安排人工审核顺序，不等同于已确认可购、可用于SPPS/LPPS、进入过环肽或具有口服暴露。"
"TSY","(2S)-2-amino-3-trisulfanylpropanoic acid","likely-independent-monomer","结构上较像可独立偶联的氨基酸单体","synthesis-first","CCD连接类型含 peptide linking；分子量 185.3 Da，处于保守的单残基初筛范围内","基于CCD名称、连接类型、分子式和分子量的保守规则分层","该结果用于安排人工审核顺序，不等同于已确认可购、可用于SPPS/LPPS、进入过环肽或具有口服暴露。"
"TTQ","6-AMINO-7-HYDROXY-L-TRYPTOPHAN","likely-independent-monomer","结构上较像可独立偶联的氨基酸单体","synthesis-first","CCD连接类型含 peptide linking；分子量 235.2 Da，处于保守的单残基初筛范围内","基于CCD名称、连接类型、分子式和分子量的保守规则分层","该结果用于安排人工审核顺序，不等同于已确认可购、可用于SPPS/LPPS、进入过环肽或具有口服暴露。"
"TY1","O-tert-butyl-L-tyrosine","likely-independent-monomer","结构上较像可独立偶联的氨基酸单体","synthesis-first","CCD连接类型含 peptide linking；分子量 237.3 Da，处于保守的单残基初筛范围内","基于CCD名称、连接类型、分子式和分子量的保守规则分层","该结果用于安排人工审核顺序，不等同于已确认可购、可用于SPPS/LPPS、进入过环肽或具有口服暴露。"
"TY2","3-AMINO-L-TYROSINE","likely-independent-monomer","结构上较像可独立偶联的氨基酸单体","synthesis-first","CCD连接类型含 peptide linking；分子量 196.2 Da，处于保守的单残基初筛范围内","基于CCD名称、连接类型、分子式和分子量的保守规则分层","该结果用于安排人工审核顺序，不等同于已确认可购、可用于SPPS/LPPS、进入过环肽或具有口服暴露。"
"TY5","O-benzyl-L-tyrosine","likely-independent-monomer","结构上较像可独立偶联的氨基酸单体","synthesis-first","CCD连接类型含 peptide linking；分子量 271.3 Da，处于保守的单残基初筛范围内","基于CCD名称、连接类型、分子式和分子量的保守规则分层","该结果用于安排人工审核顺序，不等同于已确认可购、可用于SPPS/LPPS、进入过环肽或具有口服暴露。"
"TYJ","2,5-dihydroxy-N-methyl-L-tyrosine","likely-independent-monomer","结构上较像可独立偶联的氨基酸单体","synthesis-first","CCD连接类型含 peptide linking；分子量 227.2 Da，处于保守的单残基初筛范围内","基于CCD名称、连接类型、分子式和分子量的保守规则分层","该结果用于安排人工审核顺序，不等同于已确认可购、可用于SPPS/LPPS、进入过环肽或具有口服暴露。"
"TYO","(4Z,6E)-2-AMINO-7-HYDROPEROXY-4-[(E)-2-HYDROXYVINYL]HEPTA-4,6-DIENOIC ACID","likely-independent-monomer","结构上较像可独立偶联的氨基酸单体","synthesis-first","CCD连接类型含 peptide linking；分子量 215.2 Da，处于保守的单残基初筛范围内","基于CCD名称、连接类型、分子式和分子量的保守规则分层","该结果用于安排人工审核顺序，不等同于已确认可购、可用于SPPS/LPPS、进入过环肽或具有口服暴露。"
"TYQ","3-AMINO-6-HYDROXY-TYROSINE","likely-independent-monomer","结构上较像可独立偶联的氨基酸单体","synthesis-first","CCD连接类型含 peptide linking；分子量 212.2 Da，处于保守的单残基初筛范围内","基于CCD名称、连接类型、分子式和分子量的保守规则分层","该结果用于安排人工审核顺序，不等同于已确认可购、可用于SPPS/LPPS、进入过环肽或具有口服暴露。"
"TYS","O-SULFO-L-TYROSINE","likely-independent-monomer","结构上较像可独立偶联的氨基酸单体","synthesis-first","CCD连接类型含 peptide linking；分子量 261.3 Da，处于保守的单残基初筛范围内","基于CCD名称、连接类型、分子式和分子量的保守规则分层","该结果用于安排人工审核顺序，不等同于已确认可购、可用于SPPS/LPPS、进入过环肽或具有口服暴露。"
"TYX","S-(2-ANILINO-2-OXOETHYL)-L-CYSTEINE","likely-independent-monomer","结构上较像可独立偶联的氨基酸单体","synthesis-first","CCD连接类型含 peptide linking；分子量 254.3 Da，处于保守的单残基初筛范围内","基于CCD名称、连接类型、分子式和分子量的保守规则分层","该结果用于安排人工审核顺序，不等同于已确认可购、可用于SPPS/LPPS、进入过环肽或具有口服暴露。"
"TZB","(4S)-2-[(1E)-1-AMINOPROP-1-ENYL]-4,5-DIHYDRO-1,3-THIAZOLE-4-CARBOXYLIC ACID","likely-independent-monomer","结构上较像可独立偶联的氨基酸单体","synthesis-first","CCD连接类型含 peptide linking；分子量 186.2 Da，处于保守的单残基初筛范围内","基于CCD名称、连接类型、分子式和分子量的保守规则分层","该结果用于安排人工审核顺序，不等同于已确认可购、可用于SPPS/LPPS、进入过环肽或具有口服暴露。"
"U2M","(2S)-2-amino-7-sulfanylheptanoic acid","likely-independent-monomer","结构上较像可独立偶联的氨基酸单体","synthesis-first","CCD连接类型含 peptide linking；分子量 177.3 Da，处于保守的单残基初筛范围内","基于CCD名称、连接类型、分子式和分子量的保守规则分层","该结果用于安排人工审核顺序，不等同于已确认可购、可用于SPPS/LPPS、进入过环肽或具有口服暴露。"
"U2X","O-(cyclohexylmethyl)-L-tyrosine","likely-independent-monomer","结构上较像可独立偶联的氨基酸单体","synthesis-first","CCD连接类型含 peptide linking；分子量 277.4 Da，处于保守的单残基初筛范围内","基于CCD名称、连接类型、分子式和分子量的保守规则分层","该结果用于安排人工审核顺序，不等同于已确认可购、可用于SPPS/LPPS、进入过环肽或具有口服暴露。"
"U3X","4-[(cyclohexylmethyl)amino]-L-phenylalanine","likely-independent-monomer","结构上较像可独立偶联的氨基酸单体","synthesis-first","CCD连接类型含 peptide linking；分子量 276.4 Da，处于保守的单残基初筛范围内","基于CCD名称、连接类型、分子式和分子量的保守规则分层","该结果用于安排人工审核顺序，不等同于已确认可购、可用于SPPS/LPPS、进入过环肽或具有口服暴露。"
"UAL","(2Z)-2-amino-3-(carbamoylamino)prop-2-enoic acid","likely-independent-monomer","结构上较像可独立偶联的氨基酸单体","synthesis-first","CCD连接类型含 peptide linking；分子量 145.1 Da，处于保守的单残基初筛范围内","基于CCD名称、连接类型、分子式和分子量的保守规则分层","该结果用于安排人工审核顺序，不等同于已确认可购、可用于SPPS/LPPS、进入过环肽或具有口服暴露。"
"UB4","(2S)-2-amino-4-(1,3-benzothiazol-2-yl)butanoic acid","likely-independent-monomer","结构上较像可独立偶联的氨基酸单体","synthesis-first","CCD连接类型含 peptide linking；分子量 236.3 Da，处于保守的单残基初筛范围内","基于CCD名称、连接类型、分子式和分子量的保守规则分层","该结果用于安排人工审核顺序，不等同于已确认可购、可用于SPPS/LPPS、进入过环肽或具有口服暴露。"
"UDS","N-[(3-HYDROXYQUINOLIN-2-YL)CARBONYL]-D-SERINE","likely-independent-monomer","结构上较像可独立偶联的氨基酸单体","synthesis-first","CCD连接类型含 peptide linking；分子量 276.2 Da，处于保守的单残基初筛范围内","基于CCD名称、连接类型、分子式和分子量的保守规则分层","该结果用于安排人工审核顺序，不等同于已确认可购、可用于SPPS/LPPS、进入过环肽或具有口服暴露。"
"UGY","(2S)-amino(carbamoylamino)ethanoic acid","likely-independent-monomer","结构上较像可独立偶联的氨基酸单体","synthesis-first","CCD连接类型含 peptide linking；分子量 133.1 Da，处于保守的单残基初筛范围内","基于CCD名称、连接类型、分子式和分子量的保守规则分层","该结果用于安排人工审核顺序，不等同于已确认可购、可用于SPPS/LPPS、进入过环肽或具有口服暴露。"
"UIA","[(2~{R})-1-azanylpropan-2-yl]carbamic acid","likely-independent-monomer","结构上较像可独立偶联的氨基酸单体","synthesis-first","CCD连接类型含 peptide linking；分子量 118.1 Da，处于保守的单残基初筛范围内","基于CCD名称、连接类型、分子式和分子量的保守规则分层","该结果用于安排人工审核顺序，不等同于已确认可购、可用于SPPS/LPPS、进入过环肽或具有口服暴露。"
"UM1","(2R)-2-[[(2R)-2-(2-aminoethanoylamino)propanoyl]amino]propanoic acid","likely-independent-monomer","结构上较像可独立偶联的氨基酸单体","synthesis-first","CCD连接类型含 peptide linking；分子量 217.2 Da，处于保守的单残基初筛范围内","基于CCD名称、连接类型、分子式和分子量的保守规则分层","该结果用于安排人工审核顺序，不等同于已确认可购、可用于SPPS/LPPS、进入过环肽或具有口服暴露。"
"UN1","2-AMINOHEXANEDIOIC ACID","likely-independent-monomer","结构上较像可独立偶联的氨基酸单体","synthesis-first","CCD连接类型含 peptide linking；分子量 161.2 Da，处于保守的单残基初筛范围内","基于CCD名称、连接类型、分子式和分子量的保守规则分层","该结果用于安排人工审核顺序，不等同于已确认可购、可用于SPPS/LPPS、进入过环肽或具有口服暴露。"
"UN2","2-AMINO-4,4-DIHYDROXYBUTANOIC ACID","likely-independent-monomer","结构上较像可独立偶联的氨基酸单体","synthesis-first","CCD连接类型含 peptide linking；分子量 135.1 Da，处于保守的单残基初筛范围内","基于CCD名称、连接类型、分子式和分子量的保守规则分层","该结果用于安排人工审核顺序，不等同于已确认可购、可用于SPPS/LPPS、进入过环肽或具有口服暴露。"
"UOX","3-(oxido-lambda~4~-selanyl)-L-alanine","likely-independent-monomer","结构上较像可独立偶联的氨基酸单体","synthesis-first","CCD连接类型含 peptide linking；分子量 183.0 Da，处于保守的单残基初筛范围内","基于CCD名称、连接类型、分子式和分子量的保守规则分层","该结果用于安排人工审核顺序，不等同于已确认可购、可用于SPPS/LPPS、进入过环肽或具有口服暴露。"
"URV","[(2~{S})-2-azanyl-3-methyl-butyl]carbamic acid","likely-independent-monomer","结构上较像可独立偶联的氨基酸单体","synthesis-first","CCD连接类型含 peptide linking；分子量 146.2 Da，处于保守的单残基初筛范围内","基于CCD名称、连接类型、分子式和分子量的保守规则分层","该结果用于安排人工审核顺序，不等同于已确认可购、可用于SPPS/LPPS、进入过环肽或具有口服暴露。"
"UU4","(2S)-2-amino-4-(L-serylamino)butanoic acid","likely-independent-monomer","结构上较像可独立偶联的氨基酸单体","synthesis-first","CCD连接类型含 peptide linking；分子量 205.2 Da，处于保守的单残基初筛范围内","基于CCD名称、连接类型、分子式和分子量的保守规则分层","该结果用于安排人工审核顺序，不等同于已确认可购、可用于SPPS/LPPS、进入过环肽或具有口服暴露。"
"UU5","(2S)-2-amino-4-[(oxoacetyl)amino]butanoic acid","likely-independent-monomer","结构上较像可独立偶联的氨基酸单体","synthesis-first","CCD连接类型含 peptide linking；分子量 174.2 Da，处于保守的单残基初筛范围内","基于CCD名称、连接类型、分子式和分子量的保守规则分层","该结果用于安排人工审核顺序，不等同于已确认可购、可用于SPPS/LPPS、进入过环肽或具有口服暴露。"
"UX8","(2~{S},3~{R})-2-azanyl-3-(1~{H}-indol-3-yl)-3-oxidanyl-propanoic acid","likely-independent-monomer","结构上较像可独立偶联的氨基酸单体","synthesis-first","CCD连接类型含 peptide linking；分子量 220.2 Da，处于保守的单残基初筛范围内","基于CCD名称、连接类型、分子式和分子量的保守规则分层","该结果用于安排人工审核顺序，不等同于已确认可购、可用于SPPS/LPPS、进入过环肽或具有口服暴露。"
"UXQ","(2S)-2-azanyl-3-[4-[(2-chloranylethanoylamino)methyl]phenyl]propanoic acid","likely-independent-monomer","结构上较像可独立偶联的氨基酸单体","synthesis-first","CCD连接类型含 peptide linking；分子量 270.7 Da，处于保守的单残基初筛范围内","基于CCD名称、连接类型、分子式和分子量的保守规则分层","该结果用于安排人工审核顺序，不等同于已确认可购、可用于SPPS/LPPS、进入过环肽或具有口服暴露。"
"UXY","(4R)-4-hydroxy-L-lysine","likely-independent-monomer","结构上较像可独立偶联的氨基酸单体","synthesis-first","CCD连接类型含 peptide linking；分子量 162.2 Da，处于保守的单残基初筛范围内","基于CCD名称、连接类型、分子式和分子量的保守规则分层","该结果用于安排人工审核顺序，不等同于已确认可购、可用于SPPS/LPPS、进入过环肽或具有口服暴露。"
"UY7","(4S)-4-hydroxy-D-proline","likely-independent-monomer","结构上较像可独立偶联的氨基酸单体","synthesis-first","CCD连接类型含 peptide linking；分子量 131.1 Da，处于保守的单残基初筛范围内","基于CCD名称、连接类型、分子式和分子量的保守规则分层","该结果用于安排人工审核顺序，不等同于已确认可购、可用于SPPS/LPPS、进入过环肽或具有口服暴露。"
"UZ4","(2R,3S)-3-amino-2-hydroxy-4-[(3S)-2-oxopyrrolidin-3-yl]butanoic acid","likely-independent-monomer","结构上较像可独立偶联的氨基酸单体","synthesis-first","CCD连接类型含 peptide linking；分子量 202.2 Da，处于保守的单残基初筛范围内","基于CCD名称、连接类型、分子式和分子量的保守规则分层","该结果用于安排人工审核顺序，不等同于已确认可购、可用于SPPS/LPPS、进入过环肽或具有口服暴露。"
"UZA","(2S,6E)-2-amino-2-methylnon-6-enoic acid","likely-independent-monomer","结构上较像可独立偶联的氨基酸单体","synthesis-first","CCD连接类型含 peptide linking；分子量 185.3 Da，处于保守的单残基初筛范围内","基于CCD名称、连接类型、分子式和分子量的保守规则分层","该结果用于安排人工审核顺序，不等同于已确认可购、可用于SPPS/LPPS、进入过环肽或具有口服暴露。"
"UZN","[(2~{S})-2-azanylhexyl]carbamic acid","likely-independent-monomer","结构上较像可独立偶联的氨基酸单体","synthesis-first","CCD连接类型含 peptide linking；分子量 160.2 Da，处于保守的单残基初筛范围内","基于CCD名称、连接类型、分子式和分子量的保守规则分层","该结果用于安排人工审核顺序，不等同于已确认可购、可用于SPPS/LPPS、进入过环肽或具有口服暴露。"
"V1C","(2S)-2-azanyl-3-[4-[1-(2-methylpropyl)pyrazol-4-yl]phenyl]propanoic acid","unresolved","现有结构字段不足以进一步判断","identity-first","CCD未给出明确 peptide linking 类型","基于CCD名称、连接类型、分子式和分子量的保守规则分层","该结果用于安排人工审核顺序，不等同于已确认可购、可用于SPPS/LPPS、进入过环肽或具有口服暴露。"
"V1V","(2S,3S)-3-amino-2-hydroxyhexanoic acid","likely-independent-monomer","结构上较像可独立偶联的氨基酸单体","synthesis-first","CCD连接类型含 peptide linking；分子量 147.2 Da，处于保守的单残基初筛范围内","基于CCD名称、连接类型、分子式和分子量的保守规则分层","该结果用于安排人工审核顺序，不等同于已确认可购、可用于SPPS/LPPS、进入过环肽或具有口服暴露。"
"V5F","(2R)-2-(2-azanylphenoxy)propanoic acid","likely-independent-monomer","结构上较像可独立偶联的氨基酸单体","synthesis-first","CCD连接类型含 peptide linking；分子量 181.2 Da，处于保守的单残基初筛范围内","基于CCD名称、连接类型、分子式和分子量的保守规则分层","该结果用于安排人工审核顺序，不等同于已确认可购、可用于SPPS/LPPS、进入过环肽或具有口服暴露。"
"V5N","(2S,3S)-2-azanyl-3-(1H-imidazol-5-yl)-3-oxidanyl-propanoic acid","likely-independent-monomer","结构上较像可独立偶联的氨基酸单体","synthesis-first","CCD连接类型含 peptide linking；分子量 171.2 Da，处于保守的单残基初筛范围内","基于CCD名称、连接类型、分子式和分子量的保守规则分层","该结果用于安排人工审核顺序，不等同于已确认可购、可用于SPPS/LPPS、进入过环肽或具有口服暴露。"
"V6W","NE-Acetyl-L-tryptophan","likely-independent-monomer","结构上较像可独立偶联的氨基酸单体","synthesis-first","CCD连接类型含 peptide linking；分子量 262.3 Da，处于保守的单残基初筛范围内","基于CCD名称、连接类型、分子式和分子量的保守规则分层","该结果用于安排人工审核顺序，不等同于已确认可购、可用于SPPS/LPPS、进入过环肽或具有口服暴露。"
"VAD","DEAMINOHYDROXYVALINE","likely-independent-monomer","结构上较像可独立偶联的氨基酸单体","synthesis-first","CCD连接类型含 peptide linking；分子量 118.1 Da，处于保守的单残基初筛范围内","基于CCD名称、连接类型、分子式和分子量的保守规则分层","该结果用于安排人工审核顺序，不等同于已确认可购、可用于SPPS/LPPS、进入过环肽或具有口服暴露。"
"VAH","(3R)-3-hydroxy-L-norvaline","likely-independent-monomer","结构上较像可独立偶联的氨基酸单体","synthesis-first","CCD连接类型含 peptide linking；分子量 133.1 Da，处于保守的单残基初筛范围内","基于CCD名称、连接类型、分子式和分子量的保守规则分层","该结果用于安排人工审核顺序，不等同于已确认可购、可用于SPPS/LPPS、进入过环肽或具有口服暴露。"
"VEF","(3S)-3-azanyl-2,2-bis(oxidanyl)butanoic acid","likely-independent-monomer","结构上较像可独立偶联的氨基酸单体","synthesis-first","CCD连接类型含 peptide linking；分子量 135.1 Da，处于保守的单残基初筛范围内","基于CCD名称、连接类型、分子式和分子量的保守规则分层","该结果用于安排人工审核顺序，不等同于已确认可购、可用于SPPS/LPPS、进入过环肽或具有口服暴露。"
"VH0","(2S,4S)-4-[4-(aminomethyl)-1,2,3-triazol-1-yl]pyrrolidine-2-carboxylic acid","likely-independent-monomer","结构上较像可独立偶联的氨基酸单体","synthesis-first","CCD连接类型含 peptide linking；分子量 211.2 Da，处于保守的单残基初筛范围内","基于CCD名称、连接类型、分子式和分子量的保守规则分层","该结果用于安排人工审核顺序，不等同于已确认可购、可用于SPPS/LPPS、进入过环肽或具有口服暴露。"
"VI3","(2~{R})-2-azanyl-3-[bis(oxidanylidene)-$l^{5}-sulfanyl]propanoic acid","likely-independent-monomer","结构上较像可独立偶联的氨基酸单体","synthesis-first","CCD连接类型含 peptide linking；分子量 152.1 Da，处于保守的单残基初筛范围内","基于CCD名称、连接类型、分子式和分子量的保守规则分层","该结果用于安排人工审核顺序，不等同于已确认可购、可用于SPPS/LPPS、进入过环肽或具有口服暴露。"
"VLL","(2S)-2,3-DIAMINOBUTANOIC ACID","likely-independent-monomer","结构上较像可独立偶联的氨基酸单体","synthesis-first","CCD连接类型含 peptide linking；分子量 118.1 Da，处于保守的单残基初筛范围内","基于CCD名称、连接类型、分子式和分子量的保守规则分层","该结果用于安排人工审核顺序，不等同于已确认可购、可用于SPPS/LPPS、进入过环肽或具有口服暴露。"
"VNW","8-azanyl-4-methylselanyl-quinoline-2-carboxylic acid","likely-independent-monomer","结构上较像可独立偶联的氨基酸单体","synthesis-first","CCD连接类型含 peptide linking；分子量 281.2 Da，处于保守的单残基初筛范围内","基于CCD名称、连接类型、分子式和分子量的保守规则分层","该结果用于安排人工审核顺序，不等同于已确认可购、可用于SPPS/LPPS、进入过环肽或具有口服暴露。"
"VR0","N~5~-[N-(methylcarbamoyl)carbamimidoyl]-L-ornithine","likely-independent-monomer","结构上较像可独立偶联的氨基酸单体","synthesis-first","CCD连接类型含 peptide linking；分子量 231.3 Da，处于保守的单残基初筛范围内","基于CCD名称、连接类型、分子式和分子量的保守规则分层","该结果用于安排人工审核顺序，不等同于已确认可购、可用于SPPS/LPPS、进入过环肽或具有口服暴露。"
"VVK","N-(2-methoxyphenyl)-2-methyl-L-alanine","likely-independent-monomer","结构上较像可独立偶联的氨基酸单体","synthesis-first","CCD连接类型含 peptide linking；分子量 209.2 Da，处于保守的单残基初筛范围内","基于CCD名称、连接类型、分子式和分子量的保守规则分层","该结果用于安排人工审核顺序，不等同于已确认可购、可用于SPPS/LPPS、进入过环肽或具有口服暴露。"
"W4T","3-bromo-S-beta-phenylalanine","likely-independent-monomer","结构上较像可独立偶联的氨基酸单体","synthesis-first","CCD连接类型含 peptide linking；分子量 244.1 Da，处于保守的单残基初筛范围内","基于CCD名称、连接类型、分子式和分子量的保守规则分层","该结果用于安排人工审核顺序，不等同于已确认可购、可用于SPPS/LPPS、进入过环肽或具有口服暴露。"
"WCR","[(2R,4Z)-2-(aminomethyl)-2-hydroxy-4-(4-hydroxybenzylidene)-5-oxoimidazolidin-1-yl]acetic acid","likely-independent-monomer","结构上较像可独立偶联的氨基酸单体","synthesis-first","CCD连接类型含 peptide linking；分子量 293.3 Da，处于保守的单残基初筛范围内","基于CCD名称、连接类型、分子式和分子量的保守规则分层","该结果用于安排人工审核顺序，不等同于已确认可购、可用于SPPS/LPPS、进入过环肽或具有口服暴露。"
"WFP","3,5-difluoro-L-phenylalanine","likely-independent-monomer","结构上较像可独立偶联的氨基酸单体","synthesis-first","CCD连接类型含 peptide linking；分子量 201.2 Da，处于保守的单残基初筛范围内","基于CCD名称、连接类型、分子式和分子量的保守规则分层","该结果用于安排人工审核顺序，不等同于已确认可购、可用于SPPS/LPPS、进入过环肽或具有口服暴露。"
"WPA","(betaR)-beta-methoxy-L-phenylalanine","likely-independent-monomer","结构上较像可独立偶联的氨基酸单体","synthesis-first","CCD连接类型含 peptide linking；分子量 195.2 Da，处于保守的单残基初筛范围内","基于CCD名称、连接类型、分子式和分子量的保守规则分层","该结果用于安排人工审核顺序，不等同于已确认可购、可用于SPPS/LPPS、进入过环肽或具有口服暴露。"
"WVL","(2S,3R)-2-amino-3,5-dimethylhex-4-enoic acid","likely-independent-monomer","结构上较像可独立偶联的氨基酸单体","synthesis-first","CCD连接类型含 peptide linking；分子量 157.2 Da，处于保守的单残基初筛范围内","基于CCD名称、连接类型、分子式和分子量的保守规则分层","该结果用于安排人工审核顺序，不等同于已确认可购、可用于SPPS/LPPS、进入过环肽或具有口服暴露。"
"WWB","5-(3-methylbut-2-en-1-yl)-L-tryptophan","likely-independent-monomer","结构上较像可独立偶联的氨基酸单体","synthesis-first","CCD连接类型含 peptide linking；分子量 272.3 Da，处于保守的单残基初筛范围内","基于CCD名称、连接类型、分子式和分子量的保守规则分层","该结果用于安排人工审核顺序，不等同于已确认可购、可用于SPPS/LPPS、进入过环肽或具有口服暴露。"
"WYK","(2S,4S)-4-hydroxy-L-arginine","likely-independent-monomer","结构上较像可独立偶联的氨基酸单体","synthesis-first","CCD连接类型含 peptide linking；分子量 190.2 Da，处于保守的单残基初筛范围内","基于CCD名称、连接类型、分子式和分子量的保守规则分层","该结果用于安排人工审核顺序，不等同于已确认可购、可用于SPPS/LPPS、进入过环肽或具有口服暴露。"
"X5H","(~{E})-6-(2-hydroxy-2-oxoethylamino)hex-4-enoic acid","likely-independent-monomer","结构上较像可独立偶联的氨基酸单体","synthesis-first","CCD连接类型含 peptide linking；分子量 187.2 Da，处于保守的单残基初筛范围内","基于CCD名称、连接类型、分子式和分子量的保守规则分层","该结果用于安排人工审核顺序，不等同于已确认可购、可用于SPPS/LPPS、进入过环肽或具有口服暴露。"
"X60","2-ethyl-L-norvaline","likely-independent-monomer","结构上较像可独立偶联的氨基酸单体","synthesis-first","CCD连接类型含 peptide linking；分子量 145.2 Da，处于保守的单残基初筛范围内","基于CCD名称、连接类型、分子式和分子量的保守规则分层","该结果用于安排人工审核顺序，不等同于已确认可购、可用于SPPS/LPPS、进入过环肽或具有口服暴露。"
"X9Q","{(2S)-2-[(1S)-1-AMINOETHYL]-4-BENZYL-5-OXO-2,5-DIHYDRO-1H-IMIDAZOL-1-YL}ACETIC ACID","likely-independent-monomer","结构上较像可独立偶联的氨基酸单体","synthesis-first","CCD连接类型含 peptide linking；分子量 275.3 Da，处于保守的单残基初筛范围内","基于CCD名称、连接类型、分子式和分子量的保守规则分层","该结果用于安排人工审核顺序，不等同于已确认可购、可用于SPPS/LPPS、进入过环肽或具有口服暴露。"
"XA6","(2S)-3-(4-aminocarbonylphenyl)-2-azanyl-propanoic acid","likely-independent-monomer","结构上较像可独立偶联的氨基酸单体","synthesis-first","CCD连接类型含 peptide linking；分子量 208.2 Da，处于保守的单残基初筛范围内","基于CCD名称、连接类型、分子式和分子量的保守规则分层","该结果用于安排人工审核顺序，不等同于已确认可购、可用于SPPS/LPPS、进入过环肽或具有口服暴露。"
"XC0","(2S)-2-aminooctanoic acid","likely-independent-monomer","结构上较像可独立偶联的氨基酸单体","synthesis-first","CCD连接类型含 peptide linking；分子量 159.2 Da，处于保守的单残基初筛范围内","基于CCD名称、连接类型、分子式和分子量的保守规则分层","该结果用于安排人工审核顺序，不等同于已确认可购、可用于SPPS/LPPS、进入过环肽或具有口服暴露。"
"XCN","S-cyano-L-cysteine","likely-independent-monomer","结构上较像可独立偶联的氨基酸单体","synthesis-first","CCD连接类型含 peptide linking；分子量 146.2 Da，处于保守的单残基初筛范围内","基于CCD名称、连接类型、分子式和分子量的保守规则分层","该结果用于安排人工审核顺序，不等同于已确认可购、可用于SPPS/LPPS、进入过环肽或具有口服暴露。"
"XDT","O-methyl-D-allothreonine","likely-independent-monomer","结构上较像可独立偶联的氨基酸单体","synthesis-first","CCD连接类型含 peptide linking；分子量 133.1 Da，处于保守的单残基初筛范围内","基于CCD名称、连接类型、分子式和分子量的保守规则分层","该结果用于安排人工审核顺序，不等同于已确认可购、可用于SPPS/LPPS、进入过环肽或具有口服暴露。"
"XPL","N~6~-[(3R,5R)-5-amino-3-methyl-D-prolyl]-L-lysine","likely-independent-monomer","结构上较像可独立偶联的氨基酸单体","synthesis-first","CCD连接类型含 peptide linking；分子量 272.3 Da，处于保守的单残基初筛范围内","基于CCD名称、连接类型、分子式和分子量的保守规则分层","该结果用于安排人工审核顺序，不等同于已确认可购、可用于SPPS/LPPS、进入过环肽或具有口服暴露。"
"XPR","(2S,3aS,6R,7aS)-6-(sulfooxy)octahydro-1H-indole-2-carboxylic acid","likely-independent-monomer","结构上较像可独立偶联的氨基酸单体","synthesis-first","CCD连接类型含 peptide linking；分子量 265.3 Da，处于保守的单残基初筛范围内","基于CCD名称、连接类型、分子式和分子量的保守规则分层","该结果用于安排人工审核顺序，不等同于已确认可购、可用于SPPS/LPPS、进入过环肽或具有口服暴露。"
"XRW","N~6~-[(2S)-2-hydroxypropanoyl]-L-lysine","likely-independent-monomer","结构上较像可独立偶联的氨基酸单体","synthesis-first","CCD连接类型含 peptide linking；分子量 218.3 Da，处于保守的单残基初筛范围内","基于CCD名称、连接类型、分子式和分子量的保守规则分层","该结果用于安排人工审核顺序，不等同于已确认可购、可用于SPPS/LPPS、进入过环肽或具有口服暴露。"
"XSN","L-alpha-asparagine","likely-independent-monomer","结构上较像可独立偶联的氨基酸单体","synthesis-first","CCD连接类型含 peptide linking；分子量 132.1 Da，处于保守的单残基初筛范围内","基于CCD名称、连接类型、分子式和分子量的保守规则分层","该结果用于安排人工审核顺序，不等同于已确认可购、可用于SPPS/LPPS、进入过环肽或具有口服暴露。"
"XW1","(2S)-2-amino-7-ethoxy-7-oxoheptanoic acid","likely-independent-monomer","结构上较像可独立偶联的氨基酸单体","synthesis-first","CCD连接类型含 peptide linking；分子量 203.2 Da，处于保守的单残基初筛范围内","基于CCD名称、连接类型、分子式和分子量的保守规则分层","该结果用于安排人工审核顺序，不等同于已确认可购、可用于SPPS/LPPS、进入过环肽或具有口服暴露。"
"XXA","2,4,5-trideoxy-2-(methylamino)-4-[(2E)-penta-2,4-dien-1-yl]-L-xylonic acid","likely-independent-monomer","结构上较像可独立偶联的氨基酸单体","synthesis-first","CCD连接类型含 peptide linking；分子量 213.3 Da，处于保守的单残基初筛范围内","基于CCD名称、连接类型、分子式和分子量的保守规则分层","该结果用于安排人工审核顺序，不等同于已确认可购、可用于SPPS/LPPS、进入过环肽或具有口服暴露。"
"XXY","2-[(1R,2R)-1-amino-2-hydroxypropyl]-1-(carboxymethyl)-4-(1H-imidazol-5-ylmethyl)-1H-imidazol-5-olate","likely-independent-monomer","结构上较像可独立偶联的氨基酸单体","synthesis-first","CCD连接类型含 peptide linking；分子量 294.3 Da，处于保守的单残基初筛范围内","基于CCD名称、连接类型、分子式和分子量的保守规则分层","该结果用于安排人工审核顺序，不等同于已确认可购、可用于SPPS/LPPS、进入过环肽或具有口服暴露。"
"XYG","[(4Z)-2-[(1Z)-ETHANIMIDOYL]-4-(4-HYDROXYBENZYLIDENE)-5-OXO-4,5-DIHYDRO-1H-IMIDAZOL-1-YL]ACETIC ACID","likely-independent-monomer","结构上较像可独立偶联的氨基酸单体","synthesis-first","CCD连接类型含 peptide linking；分子量 287.3 Da，处于保守的单残基初筛范围内","基于CCD名称、连接类型、分子式和分子量的保守规则分层","该结果用于安排人工审核顺序，不等同于已确认可购、可用于SPPS/LPPS、进入过环肽或具有口服暴露。"
"Y1V","(4R)-5-amino-L-leucine","likely-independent-monomer","结构上较像可独立偶联的氨基酸单体","synthesis-first","CCD连接类型含 peptide linking；分子量 146.2 Da，处于保守的单残基初筛范围内","基于CCD名称、连接类型、分子式和分子量的保守规则分层","该结果用于安排人工审核顺序，不等同于已确认可购、可用于SPPS/LPPS、进入过环肽或具有口服暴露。"
"Y57","N~6~-(2-phenylethyl)-N~6~-propan-2-yl-L-lysine","likely-independent-monomer","结构上较像可独立偶联的氨基酸单体","synthesis-first","CCD连接类型含 peptide linking；分子量 292.4 Da，处于保守的单残基初筛范围内","基于CCD名称、连接类型、分子式和分子量的保守规则分层","该结果用于安排人工审核顺序，不等同于已确认可购、可用于SPPS/LPPS、进入过环肽或具有口服暴露。"
"YC3","3-[2-(sulfanylmethyl)phenyl]-L-phenylalanine","likely-independent-monomer","结构上较像可独立偶联的氨基酸单体","synthesis-first","CCD连接类型含 peptide linking；分子量 287.4 Da，处于保守的单残基初筛范围内","基于CCD名称、连接类型、分子式和分子量的保守规则分层","该结果用于安排人工审核顺序，不等同于已确认可购、可用于SPPS/LPPS、进入过环肽或具有口服暴露。"
"YCM","S-(2-AMINO-2-OXOETHYL)-L-CYSTEINE","likely-independent-monomer","结构上较像可独立偶联的氨基酸单体","synthesis-first","CCD连接类型含 peptide linking；分子量 178.2 Da，处于保守的单残基初筛范围内","基于CCD名称、连接类型、分子式和分子量的保守规则分层","该结果用于安排人工审核顺序，不等同于已确认可购、可用于SPPS/LPPS、进入过环肽或具有口服暴露。"
"YD5","N-(2-carboxyethyl)-L-alanine","likely-independent-monomer","结构上较像可独立偶联的氨基酸单体","synthesis-first","CCD连接类型含 peptide linking；分子量 161.2 Da，处于保守的单残基初筛范围内","基于CCD名称、连接类型、分子式和分子量的保守规则分层","该结果用于安排人工审核顺序，不等同于已确认可购、可用于SPPS/LPPS、进入过环肽或具有口服暴露。"
"YF5","Agmatinamic acid","likely-independent-monomer","结构上较像可独立偶联的氨基酸单体","synthesis-first","CCD连接类型含 peptide linking；分子量 278.3 Da，处于保守的单残基初筛范围内","基于CCD名称、连接类型、分子式和分子量的保守规则分层","该结果用于安排人工审核顺序，不等同于已确认可购、可用于SPPS/LPPS、进入过环肽或具有口服暴露。"
"YFZ","(-)-Galantinic acid","likely-independent-monomer","结构上较像可独立偶联的氨基酸单体","synthesis-first","CCD连接类型含 peptide linking；分子量 193.2 Da，处于保守的单残基初筛范围内","基于CCD名称、连接类型、分子式和分子量的保守规则分层","该结果用于安排人工审核顺序，不等同于已确认可购、可用于SPPS/LPPS、进入过环肽或具有口服暴露。"
"YHA","Homocitrulline","likely-independent-monomer","结构上较像可独立偶联的氨基酸单体","synthesis-first","CCD连接类型含 peptide linking；分子量 189.2 Da，处于保守的单残基初筛范围内","基于CCD名称、连接类型、分子式和分子量的保守规则分层","该结果用于安排人工审核顺序，不等同于已确认可购、可用于SPPS/LPPS、进入过环肽或具有口服暴露。"
"YOF","3-FLUOROTYROSINE","likely-independent-monomer","结构上较像可独立偶联的氨基酸单体","synthesis-first","CCD连接类型含 peptide linking；分子量 199.2 Da，处于保守的单残基初筛范围内","基于CCD名称、连接类型、分子式和分子量的保守规则分层","该结果用于安排人工审核顺序，不等同于已确认可购、可用于SPPS/LPPS、进入过环肽或具有口服暴露。"
"YRV","S-[(3-methylphenyl)methyl]-L-cysteine","likely-independent-monomer","结构上较像可独立偶联的氨基酸单体","synthesis-first","CCD连接类型含 peptide linking；分子量 225.3 Da，处于保守的单残基初筛范围内","基于CCD名称、连接类型、分子式和分子量的保守规则分层","该结果用于安排人工审核顺序，不等同于已确认可购、可用于SPPS/LPPS、进入过环肽或具有口服暴露。"
"YTL","(2~{S})-2-(2-azanylethanoyloxy)-3-(4-hydroxyphenyl)propanoic acid","likely-independent-monomer","结构上较像可独立偶联的氨基酸单体","synthesis-first","CCD连接类型含 peptide linking；分子量 239.2 Da，处于保守的单残基初筛范围内","基于CCD名称、连接类型、分子式和分子量的保守规则分层","该结果用于安排人工审核顺序，不等同于已确认可购、可用于SPPS/LPPS、进入过环肽或具有口服暴露。"
"YWF","gamma-aminobutenoic acid","likely-independent-monomer","结构上较像可独立偶联的氨基酸单体","synthesis-first","CCD连接类型含 peptide linking；分子量 101.1 Da，处于保守的单残基初筛范围内","基于CCD名称、连接类型、分子式和分子量的保守规则分层","该结果用于安排人工审核顺序，不等同于已确认可购、可用于SPPS/LPPS、进入过环肽或具有口服暴露。"
"YYA","2,4,5-trideoxy-2-(methylamino)-4-[(2Z)-penta-2,4-dien-1-yl]-L-xylonic acid","likely-independent-monomer","结构上较像可独立偶联的氨基酸单体","synthesis-first","CCD连接类型含 peptide linking；分子量 213.3 Da，处于保守的单残基初筛范围内","基于CCD名称、连接类型、分子式和分子量的保守规则分层","该结果用于安排人工审核顺序，不等同于已确认可购、可用于SPPS/LPPS、进入过环肽或具有口服暴露。"
"Z01","3-[(2,2-dimethylpropanoyl)amino]-L-alanine","likely-independent-monomer","结构上较像可独立偶联的氨基酸单体","synthesis-first","CCD连接类型含 peptide linking；分子量 188.2 Da，处于保守的单残基初筛范围内","基于CCD名称、连接类型、分子式和分子量的保守规则分层","该结果用于安排人工审核顺序，不等同于已确认可购、可用于SPPS/LPPS、进入过环肽或具有口服暴露。"
"Z3E","O-benzyl-L-threonine","likely-independent-monomer","结构上较像可独立偶联的氨基酸单体","synthesis-first","CCD连接类型含 peptide linking；分子量 209.2 Da，处于保守的单残基初筛范围内","基于CCD名称、连接类型、分子式和分子量的保守规则分层","该结果用于安排人工审核顺序，不等同于已确认可购、可用于SPPS/LPPS、进入过环肽或具有口服暴露。"
"Z70","(2S)-2-amino-4-(2-amino-1H-imidazol-5-yl)butanoic acid","likely-independent-monomer","结构上较像可独立偶联的氨基酸单体","synthesis-first","CCD连接类型含 peptide linking；分子量 184.2 Da，处于保守的单残基初筛范围内","基于CCD名称、连接类型、分子式和分子量的保守规则分层","该结果用于安排人工审核顺序，不等同于已确认可购、可用于SPPS/LPPS、进入过环肽或具有口服暴露。"
"Z9J","3-{[(3-{[(2-aminoethyl)sulfanyl]methyl}phenyl)methyl]sulfanyl}propanoic acid","likely-independent-monomer","结构上较像可独立偶联的氨基酸单体","synthesis-first","CCD连接类型含 peptide linking；分子量 285.4 Da，处于保守的单残基初筛范围内","基于CCD名称、连接类型、分子式和分子量的保守规则分层","该结果用于安排人工审核顺序，不等同于已确认可购、可用于SPPS/LPPS、进入过环肽或具有口服暴露。"
"ZBZ","S-(phenylcarbonyl)-L-cysteine","likely-independent-monomer","结构上较像可独立偶联的氨基酸单体","synthesis-first","CCD连接类型含 peptide linking；分子量 225.3 Da，处于保守的单残基初筛范围内","基于CCD名称、连接类型、分子式和分子量的保守规则分层","该结果用于安排人工审核顺序，不等同于已确认可购、可用于SPPS/LPPS、进入过环肽或具有口服暴露。"
"ZCL","3,4-dichloro-L-phenylalanine","likely-independent-monomer","结构上较像可独立偶联的氨基酸单体","synthesis-first","CCD连接类型含 peptide linking；分子量 234.1 Da，处于保守的单残基初筛范围内","基于CCD名称、连接类型、分子式和分子量的保守规则分层","该结果用于安排人工审核顺序，不等同于已确认可购、可用于SPPS/LPPS、进入过环肽或具有口服暴露。"
"ZDJ","3-methyl-L-tyrosine","likely-independent-monomer","结构上较像可独立偶联的氨基酸单体","synthesis-first","CCD连接类型含 peptide linking；分子量 195.2 Da，处于保守的单残基初筛范围内","基于CCD名称、连接类型、分子式和分子量的保守规则分层","该结果用于安排人工审核顺序，不等同于已确认可购、可用于SPPS/LPPS、进入过环肽或具有口服暴露。"
"ZIQ","alpha-methyl-L-tryptophan","likely-independent-monomer","结构上较像可独立偶联的氨基酸单体","synthesis-first","CCD连接类型含 peptide linking；分子量 218.3 Da，处于保守的单残基初筛范围内","基于CCD名称、连接类型、分子式和分子量的保守规则分层","该结果用于安排人工审核顺序，不等同于已确认可购、可用于SPPS/LPPS、进入过环肽或具有口服暴露。"
"ZLF","S-(1-FLUORO-3,5-DIMETHYLBENZENE)-CYSTEINE","likely-independent-monomer","结构上较像可独立偶联的氨基酸单体","synthesis-first","CCD连接类型含 peptide linking；分子量 243.3 Da，处于保守的单残基初筛范围内","基于CCD名称、连接类型、分子式和分子量的保守规则分层","该结果用于安排人工审核顺序，不等同于已确认可购、可用于SPPS/LPPS、进入过环肽或具有口服暴露。"
"ZRF","2-[(4E)-2-[(1S)-1-aminoethyl]-4-(hydroxymethylidene)-5-oxo-4,5-dihydro-1H-imidazol-1-yl]acetic acid","likely-independent-monomer","结构上较像可独立偶联的氨基酸单体","synthesis-first","CCD连接类型含 peptide linking；分子量 213.2 Da，处于保守的单残基初筛范围内","基于CCD名称、连接类型、分子式和分子量的保守规则分层","该结果用于安排人工审核顺序，不等同于已确认可购、可用于SPPS/LPPS、进入过环肽或具有口服暴露。"
"ZTC","(2S)-amino(3,5-dimethoxyphenyl)acetic acid","likely-independent-monomer","结构上较像可独立偶联的氨基酸单体","synthesis-first","CCD连接类型含 peptide linking；分子量 211.2 Da，处于保守的单残基初筛范围内","基于CCD名称、连接类型、分子式和分子量的保守规则分层","该结果用于安排人工审核顺序，不等同于已确认可购、可用于SPPS/LPPS、进入过环肽或具有口服暴露。"
"ZTK","(2S)-2-amino-3-cyanopropanoic acid","likely-independent-monomer","结构上较像可独立偶联的氨基酸单体","synthesis-first","CCD连接类型含 peptide linking；分子量 114.1 Da，处于保守的单残基初筛范围内","基于CCD名称、连接类型、分子式和分子量的保守规则分层","该结果用于安排人工审核顺序，不等同于已确认可购、可用于SPPS/LPPS、进入过环肽或具有口服暴露。"
"ZU0","O-tert-butyl-L-threonine","likely-independent-monomer","结构上较像可独立偶联的氨基酸单体","synthesis-first","CCD连接类型含 peptide linking；分子量 175.2 Da，处于保守的单残基初筛范围内","基于CCD名称、连接类型、分子式和分子量的保守规则分层","该结果用于安排人工审核顺序，不等同于已确认可购、可用于SPPS/LPPS、进入过环肽或具有口服暴露。"
"ZY9","6-(aminomethyl)pyridine-2-carboxylic acid","likely-independent-monomer","结构上较像可独立偶联的氨基酸单体","synthesis-first","CCD连接类型含 peptide linking；分子量 152.2 Da，处于保守的单残基初筛范围内","基于CCD名称、连接类型、分子式和分子量的保守规则分层","该结果用于安排人工审核顺序，不等同于已确认可购、可用于SPPS/LPPS、进入过环肽或具有口服暴露。"
"ZYJ","(4R)-4-({[(1E)-(3,4-dimethoxyphenyl)methylidene]amino}oxy)-L-proline","likely-independent-monomer","结构上较像可独立偶联的氨基酸单体","synthesis-first","CCD连接类型含 peptide linking；分子量 294.3 Da，处于保守的单残基初筛范围内","基于CCD名称、连接类型、分子式和分子量的保守规则分层","该结果用于安排人工审核顺序，不等同于已确认可购、可用于SPPS/LPPS、进入过环肽或具有口服暴露。"
"ZZU","(2S,3S)-3-HYDROXYARGININE","likely-independent-monomer","结构上较像可独立偶联的氨基酸单体","synthesis-first","CCD连接类型含 peptide linking；分子量 190.2 Da，处于保守的单残基初筛范围内","基于CCD名称、连接类型、分子式和分子量的保守规则分层","该结果用于安排人工审核顺序，不等同于已确认可购、可用于SPPS/LPPS、进入过环肽或具有口服暴露。"
"8AY","3-[6-(propan-2-yl)-1,3-benzothiazol-2-yl]-L-alanine","unresolved","现有结构字段不足以进一步判断","identity-first","CCD未给出明确 peptide linking 类型","基于CCD名称、连接类型、分子式和分子量的保守规则分层","该结果用于安排人工审核顺序，不等同于已确认可购、可用于SPPS/LPPS、进入过环肽或具有口服暴露。"
"A1AV8","N-(prop-2-en-1-yl)glycine","special-reactive-candidate","带特殊反应基团，需按设计用途核查","use-case-first","名称提示带点击、交联、亲电或其他特殊反应基团；可能有设计价值，但需核对保护策略、化学稳定性与位点选择性","基于CCD名称、连接类型、分子式和分子量的保守规则分层","该结果用于安排人工审核顺序，不等同于已确认可购、可用于SPPS/LPPS、进入过环肽或具有口服暴露。"
"A1JJC","N-Phenylglycine","unresolved","现有结构字段不足以进一步判断","identity-first","CCD未给出明确 peptide linking 类型","基于CCD名称、连接类型、分子式和分子量的保守规则分层","该结果用于安排人工审核顺序，不等同于已确认可购、可用于SPPS/LPPS、进入过环肽或具有口服暴露。"
"AVJ","N,N,N-trimethyl-histidine","unresolved","现有结构字段不足以进一步判断","identity-first","CCD未给出明确 peptide linking 类型","基于CCD名称、连接类型、分子式和分子量的保守规则分层","该结果用于安排人工审核顺序，不等同于已确认可购、可用于SPPS/LPPS、进入过环肽或具有口服暴露。"
"H1D","(2S)-2-AMINO-4-[(2R,3S)-2,3-DIHYDROXY-3-N-HYDROXYCARBAMOYL-PROPYLMERCAPTO]BUTYRIC ACID","unresolved","现有结构字段不足以进一步判断","identity-first","CCD未给出明确 peptide linking 类型","基于CCD名称、连接类型、分子式和分子量的保守规则分层","该结果用于安排人工审核顺序，不等同于已确认可购、可用于SPPS/LPPS、进入过环肽或具有口服暴露。"
"HYI","(2S)-2-AMINO-4-[(2R,3R)-2,3-DIHYDROXY-3-N-HYDROXYCARBAMOYL-PROPYLMERCAPTO]BUTYRIC ACID","unresolved","现有结构字段不足以进一步判断","identity-first","CCD未给出明确 peptide linking 类型","基于CCD名称、连接类型、分子式和分子量的保守规则分层","该结果用于安排人工审核顺序，不等同于已确认可购、可用于SPPS/LPPS、进入过环肽或具有口服暴露。"
"OO0","ALLIIN","unresolved","现有结构字段不足以进一步判断","identity-first","CCD未给出明确 peptide linking 类型","基于CCD名称、连接类型、分子式和分子量的保守规则分层","该结果用于安排人工审核顺序，不等同于已确认可购、可用于SPPS/LPPS、进入过环肽或具有口服暴露。"
"SDB","(4S)-2-[(1S)-1-amino-2-hydroxyethyl]-3,4,5,6-tetrahydropyrimidine-4-carboxylic acid","unresolved","现有结构字段不足以进一步判断","identity-first","CCD未给出明确 peptide linking 类型","基于CCD名称、连接类型、分子式和分子量的保守规则分层","该结果用于安排人工审核顺序，不等同于已确认可购、可用于SPPS/LPPS、进入过环肽或具有口服暴露。"
"00M","(2R,3S)-3-amino-2-hydroxy-4-phenylbutanoic acid","unresolved","现有结构字段不足以进一步判断","identity-first","CCD未给出明确 peptide linking 类型","基于CCD名称、连接类型、分子式和分子量的保守规则分层","该结果用于安排人工审核顺序，不等同于已确认可购、可用于SPPS/LPPS、进入过环肽或具有口服暴露。"
"00U","(1S,7S)-7-amino-7-benzyl-8-oxohexahydro-1H-pyrazolo[1,2-a]pyridazine-1-carboxylic acid","unresolved","现有结构字段不足以进一步判断","identity-first","CCD未给出明确 peptide linking 类型","基于CCD名称、连接类型、分子式和分子量的保守规则分层","该结果用于安排人工审核顺序，不等同于已确认可购、可用于SPPS/LPPS、进入过环肽或具有口服暴露。"
"00V","(2S,3S)-3,7-diamino-2-hydroxyheptanoic acid","unresolved","现有结构字段不足以进一步判断","identity-first","CCD未给出明确 peptide linking 类型","基于CCD名称、连接类型、分子式和分子量的保守规则分层","该结果用于安排人工审核顺序，不等同于已确认可购、可用于SPPS/LPPS、进入过环肽或具有口服暴露。"
"00W","3-amino-6-carbamimidamido-3,4,5,6-tetradeoxy-L-erythro-hexonic acid","unresolved","现有结构字段不足以进一步判断","identity-first","CCD未给出明确 peptide linking 类型","基于CCD名称、连接类型、分子式和分子量的保守规则分层","该结果用于安排人工审核顺序，不等同于已确认可购、可用于SPPS/LPPS、进入过环肽或具有口服暴露。"
"021","N-cyclopentylglycine","unresolved","现有结构字段不足以进一步判断","identity-first","CCD未给出明确 peptide linking 类型","基于CCD名称、连接类型、分子式和分子量的保守规则分层","该结果用于安排人工审核顺序，不等同于已确认可购、可用于SPPS/LPPS、进入过环肽或具有口服暴露。"
"0TF","N~6~-D-ornithyl-L-lysine","unresolved","现有结构字段不足以进一步判断","identity-first","CCD未给出明确 peptide linking 类型","基于CCD名称、连接类型、分子式和分子量的保守规则分层","该结果用于安排人工审核顺序，不等同于已确认可购、可用于SPPS/LPPS、进入过环肽或具有口服暴露。"
"0XW","(2S,4R)-4-hydroxy-1,1-dimethylpyrrolidinium-2-carboxylate","unresolved","现有结构字段不足以进一步判断","identity-first","CCD未给出明确 peptide linking 类型","基于CCD名称、连接类型、分子式和分子量的保守规则分层","该结果用于安排人工审核顺序，不等同于已确认可购、可用于SPPS/LPPS、进入过环肽或具有口服暴露。"
"108","2-(5-CARBAMIMIDOYL-2-HYDROXY-BENZYLAMINO)-PROPIONIC ACID","unresolved","现有结构字段不足以进一步判断","identity-first","CCD未给出明确 peptide linking 类型","基于CCD名称、连接类型、分子式和分子量的保守规则分层","该结果用于安排人工审核顺序，不等同于已确认可购、可用于SPPS/LPPS、进入过环肽或具有口服暴露。"
"109","2-(4-CARBAMIMIDOYL-2-HYDROXY-BENZYLAMINO)-PROPIONIC ACID","unresolved","现有结构字段不足以进一步判断","identity-first","CCD未给出明确 peptide linking 类型","基于CCD名称、连接类型、分子式和分子量的保守规则分层","该结果用于安排人工审核顺序，不等同于已确认可购、可用于SPPS/LPPS、进入过环肽或具有口服暴露。"
"11C","(2R)-2-aminohexanedioic acid","unresolved","现有结构字段不足以进一步判断","identity-first","CCD未给出明确 peptide linking 类型","基于CCD名称、连接类型、分子式和分子量的保守规则分层","该结果用于安排人工审核顺序，不等同于已确认可购、可用于SPPS/LPPS、进入过环肽或具有口服暴露。"
"12N","(2R,3S)-3-amino-4-cyclobutyl-2-hydroxybutanoic acid","unresolved","现有结构字段不足以进一步判断","identity-first","CCD未给出明确 peptide linking 类型","基于CCD名称、连接类型、分子式和分子量的保守规则分层","该结果用于安排人工审核顺序，不等同于已确认可购、可用于SPPS/LPPS、进入过环肽或具有口服暴露。"
"1J1","N~6~-[(2R)-3,4-dihydro-2H-pyrrol-2-ylcarbonyl]-L-lysine","unresolved","现有结构字段不足以进一步判断","identity-first","CCD未给出明确 peptide linking 类型","基于CCD名称、连接类型、分子式和分子量的保守规则分层","该结果用于安排人工审核顺序，不等同于已确认可购、可用于SPPS/LPPS、进入过环肽或具有口服暴露。"
"1KJ","N~5~-(N-methoxycarbamimidoyl)-L-ornithine","unresolved","现有结构字段不足以进一步判断","identity-first","CCD未给出明确 peptide linking 类型","基于CCD名称、连接类型、分子式和分子量的保守规则分层","该结果用于安排人工审核顺序，不等同于已确认可购、可用于SPPS/LPPS、进入过环肽或具有口服暴露。"
"1N4","(2R)-amino(1-hydroxy-4-propyl-1H-pyrazol-5-yl)ethanoic acid","unresolved","现有结构字段不足以进一步判断","identity-first","CCD未给出明确 peptide linking 类型","基于CCD名称、连接类型、分子式和分子量的保守规则分层","该结果用于安排人工审核顺序，不等同于已确认可购、可用于SPPS/LPPS、进入过环肽或具有口服暴露。"
"1RT","4-amino-2-oxo-1,2-dihydropyrimidine-5-carboxylic acid","unresolved","现有结构字段不足以进一步判断","identity-first","CCD未给出明确 peptide linking 类型","基于CCD名称、连接类型、分子式和分子量的保守规则分层","该结果用于安排人工审核顺序，不等同于已确认可购、可用于SPPS/LPPS、进入过环肽或具有口服暴露。"
"1X0","(2S)-2-aminooct-7-enoic acid","unresolved","现有结构字段不足以进一步判断","identity-first","CCD未给出明确 peptide linking 类型","基于CCD名称、连接类型、分子式和分子量的保守规则分层","该结果用于安排人工审核顺序，不等同于已确认可购、可用于SPPS/LPPS、进入过环肽或具有口服暴露。"
"1Y2","(2S)-amino(4,4-difluorocyclohexyl)ethanoic acid","unresolved","现有结构字段不足以进一步判断","identity-first","CCD未给出明确 peptide linking 类型","基于CCD名称、连接类型、分子式和分子量的保守规则分层","该结果用于安排人工审核顺序，不等同于已确认可购、可用于SPPS/LPPS、进入过环肽或具有口服暴露。"
"22N","(3R,4S,5S)-4-(acetylamino)-5-amino-3-(pentan-3-yloxy)cyclohex-1-ene-1-carboxylic acid","unresolved","现有结构字段不足以进一步判断","identity-first","CCD未给出明确 peptide linking 类型","基于CCD名称、连接类型、分子式和分子量的保守规则分层","该结果用于安排人工审核顺序，不等同于已确认可购、可用于SPPS/LPPS、进入过环肽或具有口服暴露。"
"22P","(2R)-2-(aminomethyl)-2-hydroxy-4-phenylbutanoic acid","unresolved","现有结构字段不足以进一步判断","identity-first","CCD未给出明确 peptide linking 类型","基于CCD名称、连接类型、分子式和分子量的保守规则分层","该结果用于安排人工审核顺序，不等同于已确认可购、可用于SPPS/LPPS、进入过环肽或具有口服暴露。"
"247","(3R)-3-amino-2,2-difluoro-3-(4-hydroxyphenyl)propanoic acid","unresolved","现有结构字段不足以进一步判断","identity-first","CCD未给出明确 peptide linking 类型","基于CCD名称、连接类型、分子式和分子量的保守规则分层","该结果用于安排人工审核顺序，不等同于已确认可购、可用于SPPS/LPPS、进入过环肽或具有口服暴露。"
"26P","2-AMINO-6-OXOPIMELIC ACID","unresolved","现有结构字段不足以进一步判断","identity-first","CCD未给出明确 peptide linking 类型","基于CCD名称、连接类型、分子式和分子量的保守规则分层","该结果用于安排人工审核顺序，不等同于已确认可购、可用于SPPS/LPPS、进入过环肽或具有口服暴露。"
"296","(3R)-3-amino-2,2-difluoro-3-(4-methoxyphenyl)propanoic acid","unresolved","现有结构字段不足以进一步判断","identity-first","CCD未给出明确 peptide linking 类型","基于CCD名称、连接类型、分子式和分子量的保守规则分层","该结果用于安排人工审核顺序，不等同于已确认可购、可用于SPPS/LPPS、进入过环肽或具有口服暴露。"
"2A0","N-[(2S)-2-aminohexyl]-L-norleucine","unresolved","现有结构字段不足以进一步判断","identity-first","CCD未给出明确 peptide linking 类型","基于CCD名称、连接类型、分子式和分子量的保守规则分层","该结果用于安排人工审核顺序，不等同于已确认可购、可用于SPPS/LPPS、进入过环肽或具有口服暴露。"
"2B8","(5R)-5-(3-aminopropyl)-1-propyl-4,5,6,7-tetrahydro-1H-benzimidazole-5-carboxylic acid","unresolved","现有结构字段不足以进一步判断","identity-first","CCD未给出明确 peptide linking 类型","基于CCD名称、连接类型、分子式和分子量的保守规则分层","该结果用于安排人工审核顺序，不等同于已确认可购、可用于SPPS/LPPS、进入过环肽或具有口服暴露。"
"2BH","[(1E,5S)-5-AMINO-5-CARBOXYPENT-1-ENYL](TRIHYDROXY)BORATE(1-)","special-reactive-candidate","带特殊反应基团，需按设计用途核查","use-case-first","名称提示带点击、交联、亲电或其他特殊反应基团；可能有设计价值，但需核对保护策略、化学稳定性与位点选择性","基于CCD名称、连接类型、分子式和分子量的保守规则分层","该结果用于安排人工审核顺序，不等同于已确认可购、可用于SPPS/LPPS、进入过环肽或具有口服暴露。"
"2C0","baclofen","unresolved","现有结构字段不足以进一步判断","identity-first","CCD未给出明确 peptide linking 类型","基于CCD名称、连接类型、分子式和分子量的保守规则分层","该结果用于安排人工审核顺序，不等同于已确认可购、可用于SPPS/LPPS、进入过环肽或具有口服暴露。"
"2CG","(1R,2R)-3-[(S)-amino(carboxy)methyl]cyclopropane-1,2-dicarboxylic acid","unresolved","现有结构字段不足以进一步判断","identity-first","CCD未给出明确 peptide linking 类型","基于CCD名称、连接类型、分子式和分子量的保守规则分层","该结果用于安排人工审核顺序，不等同于已确认可购、可用于SPPS/LPPS、进入过环肽或具有口服暴露。"
"2K8","(6R)-2-amino-4-oxo-3,4,5,6,7,8-hexahydropteridine-6-carboxylic acid","unresolved","现有结构字段不足以进一步判断","identity-first","CCD未给出明确 peptide linking 类型","基于CCD名称、连接类型、分子式和分子量的保守规则分层","该结果用于安排人工审核顺序，不等同于已确认可购、可用于SPPS/LPPS、进入过环肽或具有口服暴露。"
"2KJ","N~5~-(N-ethoxycarbamimidoyl)-L-ornithine","unresolved","现有结构字段不足以进一步判断","identity-first","CCD未给出明确 peptide linking 类型","基于CCD名称、连接类型、分子式和分子量的保守规则分层","该结果用于安排人工审核顺序，不等同于已确认可购、可用于SPPS/LPPS、进入过环肽或具有口服暴露。"
"2MM","N,N-dimethyl-L-methionine","unresolved","现有结构字段不足以进一步判断","identity-first","CCD未给出明确 peptide linking 类型","基于CCD名称、连接类型、分子式和分子量的保守规则分层","该结果用于安排人工审核顺序，不等同于已确认可购、可用于SPPS/LPPS、进入过环肽或具有口服暴露。"
"2NP","L-2-AMINO-6-METHYLENE-PIMELIC ACID","unresolved","现有结构字段不足以进一步判断","identity-first","CCD未给出明确 peptide linking 类型","基于CCD名称、连接类型、分子式和分子量的保守规则分层","该结果用于安排人工审核顺序，不等同于已确认可购、可用于SPPS/LPPS、进入过环肽或具有口服暴露。"
"2QE","(2S,4R)-4-(3-Methoxy-3-oxopropyl) glutamic acid","unresolved","现有结构字段不足以进一步判断","identity-first","CCD未给出明确 peptide linking 类型","基于CCD名称、连接类型、分子式和分子量的保守规则分层","该结果用于安排人工审核顺序，不等同于已确认可购、可用于SPPS/LPPS、进入过环肽或具有口服暴露。"
"2SU","alpha-(fluoromethyl)-D-tryptophan","unresolved","现有结构字段不足以进一步判断","identity-first","CCD未给出明确 peptide linking 类型","基于CCD名称、连接类型、分子式和分子量的保守规则分层","该结果用于安排人工审核顺序，不等同于已确认可购、可用于SPPS/LPPS、进入过环肽或具有口服暴露。"
"35K","(2S)-2-amino-4-(2,3-dioxo-1,2,3,4-tetrahydroquinoxalin-6-yl)butanoic acid","unresolved","现有结构字段不足以进一步判断","identity-first","CCD未给出明确 peptide linking 类型","基于CCD名称、连接类型、分子式和分子量的保守规则分层","该结果用于安排人工审核顺序，不等同于已确认可购、可用于SPPS/LPPS、进入过环肽或具有口服暴露。"
"3DJ","(2S)-2-amino-4-(2-amino-3-hydroxyphenyl)-4-oxobutanoic acid","unresolved","现有结构字段不足以进一步判断","identity-first","CCD未给出明确 peptide linking 类型","基于CCD名称、连接类型、分子式和分子量的保守规则分层","该结果用于安排人工审核顺序，不等同于已确认可购、可用于SPPS/LPPS、进入过环肽或具有口服暴露。"
"3ER","(2S)-(3-chlorophenyl)[(methylsulfonyl)amino]ethanoic acid","unresolved","现有结构字段不足以进一步判断","identity-first","CCD未给出明确 peptide linking 类型","基于CCD名称、连接类型、分子式和分子量的保守规则分层","该结果用于安排人工审核顺序，不等同于已确认可购、可用于SPPS/LPPS、进入过环肽或具有口服暴露。"
"3FK","(2R)-(3,5-dichlorophenyl)(dimethylamino)ethanoic acid","unresolved","现有结构字段不足以进一步判断","identity-first","CCD未给出明确 peptide linking 类型","基于CCD名称、连接类型、分子式和分子量的保守规则分层","该结果用于安排人工审核顺序，不等同于已确认可购、可用于SPPS/LPPS、进入过环肽或具有口服暴露。"
"3GC","GAMMA-GLUTAMYLCYSTEINE","unresolved","现有结构字段不足以进一步判断","identity-first","CCD未给出明确 peptide linking 类型","基于CCD名称、连接类型、分子式和分子量的保守规则分层","该结果用于安排人工审核顺序，不等同于已确认可购、可用于SPPS/LPPS、进入过环肽或具有口服暴露。"
"3GE","N-[(1E)-2-formyl-3-hydroxyprop-1-en-1-yl]-3-[(S)-sulfino]-D-valine","special-reactive-candidate","带特殊反应基团，需按设计用途核查","use-case-first","名称提示带点击、交联、亲电或其他特殊反应基团；可能有设计价值，但需核对保护策略、化学稳定性与位点选择性","基于CCD名称、连接类型、分子式和分子量的保守规则分层","该结果用于安排人工审核顺序，不等同于已确认可购、可用于SPPS/LPPS、进入过环肽或具有口服暴露。"
"3K0","N-sulfamoyl-L-glutamic acid","unresolved","现有结构字段不足以进一步判断","identity-first","CCD未给出明确 peptide linking 类型","基于CCD名称、连接类型、分子式和分子量的保守规则分层","该结果用于安排人工审核顺序，不等同于已确认可购、可用于SPPS/LPPS、进入过环肽或具有口服暴露。"
"3KJ","N~5~-(N-hydroxy-N-methylcarbamimidoyl)-L-ornithine","unresolved","现有结构字段不足以进一步判断","identity-first","CCD未给出明确 peptide linking 类型","基于CCD名称、连接类型、分子式和分子量的保守规则分层","该结果用于安排人工审核顺序，不等同于已确认可购、可用于SPPS/LPPS、进入过环肽或具有口服暴露。"
"3RG","2-[(carboxymethyl)amino]benzoic acid","unresolved","现有结构字段不足以进一步判断","identity-first","CCD未给出明确 peptide linking 类型","基于CCD名称、连接类型、分子式和分子量的保守规则分层","该结果用于安排人工审核顺序，不等同于已确认可购、可用于SPPS/LPPS、进入过环肽或具有口服暴露。"
"3V5","(3S,5S)-3-({[(aminomethyl)amino]methyl}sulfanyl)-5-[(2S)-1,3-dioxobutan-2-yl]-L-proline","unresolved","现有结构字段不足以进一步判断","identity-first","CCD未给出明确 peptide linking 类型","基于CCD名称、连接类型、分子式和分子量的保守规则分层","该结果用于安排人工审核顺序，不等同于已确认可购、可用于SPPS/LPPS、进入过环肽或具有口服暴露。"
"3ZA","(4R)-4-{3-[hydroxy(methyl)amino]-3-oxopropyl}-L-glutamic acid","unresolved","现有结构字段不足以进一步判断","identity-first","CCD未给出明确 peptide linking 类型","基于CCD名称、连接类型、分子式和分子量的保守规则分层","该结果用于安排人工审核顺序，不等同于已确认可购、可用于SPPS/LPPS、进入过环肽或具有口服暴露。"
"40F","(1S,2S,5R,6S)-2-aminobicyclo[3.1.0]hexane-2,6-dicarboxylic acid","unresolved","现有结构字段不足以进一步判断","identity-first","CCD未给出明确 peptide linking 类型","基于CCD名称、连接类型、分子式和分子量的保守规则分层","该结果用于安排人工审核顺序，不等同于已确认可购、可用于SPPS/LPPS、进入过环肽或具有口服暴露。"
"40H","(1R,4S,5S,6S)-4-aminospiro[bicyclo[3.1.0]hexane-2,1'-cyclopropane]-4,6-dicarboxylic acid","unresolved","现有结构字段不足以进一步判断","identity-first","CCD未给出明确 peptide linking 类型","基于CCD名称、连接类型、分子式和分子量的保守规则分层","该结果用于安排人工审核顺序，不等同于已确认可购、可用于SPPS/LPPS、进入过环肽或具有口服暴露。"
"42B","4-AMINO-2-HYDROXYBUTANOIC ACID","unresolved","现有结构字段不足以进一步判断","identity-first","CCD未给出明确 peptide linking 类型","基于CCD名称、连接类型、分子式和分子量的保守规则分层","该结果用于安排人工审核顺序，不等同于已确认可购、可用于SPPS/LPPS、进入过环肽或具有口服暴露。"
"4E5","(3R)-3-(3-carboxy-5-hydroxyphenyl)-L-proline","unresolved","现有结构字段不足以进一步判断","identity-first","CCD未给出明确 peptide linking 类型","基于CCD名称、连接类型、分子式和分子量的保守规则分层","该结果用于安排人工审核顺序，不等同于已确认可购、可用于SPPS/LPPS、进入过环肽或具有口服暴露。"
"4E7","(3R,4S)-3-(3-carboxyphenyl)-4-propyl-L-proline","unresolved","现有结构字段不足以进一步判断","identity-first","CCD未给出明确 peptide linking 类型","基于CCD名称、连接类型、分子式和分子量的保守规则分层","该结果用于安排人工审核顺序，不等同于已确认可购、可用于SPPS/LPPS、进入过环肽或具有口服暴露。"
"4JK","(S)-2-AMINO-5-(2-HYDROXYACETIMIDAMIDO)PENTANOIC ACID","unresolved","现有结构字段不足以进一步判断","identity-first","CCD未给出明确 peptide linking 类型","基于CCD名称、连接类型、分子式和分子量的保守规则分层","该结果用于安排人工审核顺序，不等同于已确认可购、可用于SPPS/LPPS、进入过环肽或具有口服暴露。"
"4KJ","(5E)-5-[(N-methoxy-N-methylcarbamimidoyl)imino]-L-norvaline","unresolved","现有结构字段不足以进一步判断","identity-first","CCD未给出明确 peptide linking 类型","基于CCD名称、连接类型、分子式和分子量的保守规则分层","该结果用于安排人工审核顺序，不等同于已确认可购、可用于SPPS/LPPS、进入过环肽或具有口服暴露。"
"52A","(2R,4R)-4-aminopyrrolidine-2,4-dicarboxylic acid","unresolved","现有结构字段不足以进一步判断","identity-first","CCD未给出明确 peptide linking 类型","基于CCD名称、连接类型、分子式和分子量的保守规则分层","该结果用于安排人工审核顺序，不等同于已确认可购、可用于SPPS/LPPS、进入过环肽或具有口服暴露。"
"52Q","(1R,2S,4R,5R,6R)-2-amino-4-(1H-1,2,4-triazol-3-ylsulfanyl)bicyclo[3.1.0]hexane-2,6-dicarboxylic acid","unresolved","现有结构字段不足以进一步判断","identity-first","CCD未给出明确 peptide linking 类型","基于CCD名称、连接类型、分子式和分子量的保守规则分层","该结果用于安排人工审核顺序，不等同于已确认可购、可用于SPPS/LPPS、进入过环肽或具有口服暴露。"
"55P","(2R,4R)-4-amino-2-methyl-5-phenylpentanoic acid","unresolved","现有结构字段不足以进一步判断","identity-first","CCD未给出明确 peptide linking 类型","基于CCD名称、连接类型、分子式和分子量的保守规则分层","该结果用于安排人工审核顺序，不等同于已确认可购、可用于SPPS/LPPS、进入过环肽或具有口服暴露。"
"5AR","(2S)-2-amino-4-[5-(4-aminobutyl)-1,3,4-oxadiazol-2-yl]butanoic acid","unresolved","现有结构字段不足以进一步判断","identity-first","CCD未给出明确 peptide linking 类型","基于CCD名称、连接类型、分子式和分子量的保守规则分层","该结果用于安排人工审核顺序，不等同于已确认可购、可用于SPPS/LPPS、进入过环肽或具有口服暴露。"
"5DM","N-[(2S)-2-amino-3-phenylpropyl]-D-methionine","unresolved","现有结构字段不足以进一步判断","identity-first","CCD未给出明确 peptide linking 类型","基于CCD名称、连接类型、分子式和分子量的保守规则分层","该结果用于安排人工审核顺序，不等同于已确认可购、可用于SPPS/LPPS、进入过环肽或具有口服暴露。"
"5DZ","5-[(2R)-2-amino-2-carboxyethyl]-1-(4-fluorophenyl)-1H-pyrazole-3-carboxylic acid","unresolved","现有结构字段不足以进一步判断","identity-first","CCD未给出明确 peptide linking 类型","基于CCD名称、连接类型、分子式和分子量的保守规则分层","该结果用于安排人工审核顺序，不等同于已确认可购、可用于SPPS/LPPS、进入过环肽或具有口服暴露。"
"5E0","5-[(2R)-2-amino-2-carboxyethyl]-1-phenyl-1H-pyrazole-3-carboxylic acid","unresolved","现有结构字段不足以进一步判断","identity-first","CCD未给出明确 peptide linking 类型","基于CCD名称、连接类型、分子式和分子量的保守规则分层","该结果用于安排人工审核顺序，不等同于已确认可购、可用于SPPS/LPPS、进入过环肽或具有口服暴露。"
"5KC","(2S,3S)-2-azanyl-4-(2-hydroxy-2-oxoethylamino)-3-oxidanyl-butanoic acid","unresolved","现有结构字段不足以进一步判断","identity-first","CCD未给出明确 peptide linking 类型","基于CCD名称、连接类型、分子式和分子量的保守规则分层","该结果用于安排人工审核顺序，不等同于已确认可购、可用于SPPS/LPPS、进入过环肽或具有口服暴露。"
"5KJ","N~5~-(N-hydroxycarbamimidoyl)-N~5~-methyl-L-ornithine","unresolved","现有结构字段不足以进一步判断","identity-first","CCD未给出明确 peptide linking 类型","基于CCD名称、连接类型、分子式和分子量的保守规则分层","该结果用于安排人工审核顺序，不等同于已确认可购、可用于SPPS/LPPS、进入过环肽或具有口服暴露。"
"5OY","5-phosphono-L-norvaline","special-reactive-candidate","带特殊反应基团，需按设计用途核查","use-case-first","名称提示带点击、交联、亲电或其他特殊反应基团；可能有设计价值，但需核对保护策略、化学稳定性与位点选择性","基于CCD名称、连接类型、分子式和分子量的保守规则分层","该结果用于安排人工审核顺序，不等同于已确认可购、可用于SPPS/LPPS、进入过环肽或具有口服暴露。"
"5XR","2-hydroxy-N-[(1S)-1-hydroxy-3-oxopropyl]-L-aspartic acid","unresolved","现有结构字段不足以进一步判断","identity-first","CCD未给出明确 peptide linking 类型","基于CCD名称、连接类型、分子式和分子量的保守规则分层","该结果用于安排人工审核顺序，不等同于已确认可购、可用于SPPS/LPPS、进入过环肽或具有口服暴露。"
"64X","5-bromo-L-tryptophan","unresolved","现有结构字段不足以进一步判断","identity-first","CCD未给出明确 peptide linking 类型","基于CCD名称、连接类型、分子式和分子量的保守规则分层","该结果用于安排人工审核顺序，不等同于已确认可购、可用于SPPS/LPPS、进入过环肽或具有口服暴露。"
"6KJ","(5E)-5-[(N-tert-butoxycarbamimidoyl)imino]-L-norvaline","unresolved","现有结构字段不足以进一步判断","identity-first","CCD未给出明确 peptide linking 类型","基于CCD名称、连接类型、分子式和分子量的保守规则分层","该结果用于安排人工审核顺序，不等同于已确认可购、可用于SPPS/LPPS、进入过环肽或具有口服暴露。"
"720","(2S)-5-AMINO-2-[(1-PROPYL-1H-IMIDAZOL-4-YL)METHYL]PENTANOIC ACID","unresolved","现有结构字段不足以进一步判断","identity-first","CCD未给出明确 peptide linking 类型","基于CCD名称、连接类型、分子式和分子量的保守规则分层","该结果用于安排人工审核顺序，不等同于已确认可购、可用于SPPS/LPPS、进入过环肽或具有口服暴露。"
"76I","(2S)-2-oxidanyl-2-[oxidanyl(propan-2-yl)amino]ethanoic acid","unresolved","现有结构字段不足以进一步判断","identity-first","CCD未给出明确 peptide linking 类型","基于CCD名称、连接类型、分子式和分子量的保守规则分层","该结果用于安排人工审核顺序，不等同于已确认可购、可用于SPPS/LPPS、进入过环肽或具有口服暴露。"
"78U","(betaS)-beta-methyl-L-tryptophan","unresolved","现有结构字段不足以进一步判断","identity-first","CCD未给出明确 peptide linking 类型","基于CCD名称、连接类型、分子式和分子量的保守规则分层","该结果用于安排人工审核顺序，不等同于已确认可购、可用于SPPS/LPPS、进入过环肽或具有口服暴露。"
"7B0","(2~{S})-6-azanyl-2-(sulfamoylamino)hexanoic acid","unresolved","现有结构字段不足以进一步判断","identity-first","CCD未给出明确 peptide linking 类型","基于CCD名称、连接类型、分子式和分子量的保守规则分层","该结果用于安排人工审核顺序，不等同于已确认可购、可用于SPPS/LPPS、进入过环肽或具有口服暴露。"
"7UC","(3~{R})-3-(2-hydroxy-2-oxoethylamino)butanoic acid","unresolved","现有结构字段不足以进一步判断","identity-first","CCD未给出明确 peptide linking 类型","基于CCD名称、连接类型、分子式和分子量的保守规则分层","该结果用于安排人工审核顺序，不等同于已确认可购、可用于SPPS/LPPS、进入过环肽或具有口服暴露。"
"83V","(4S)-4-amino-6-phenylhexanoic acid","unresolved","现有结构字段不足以进一步判断","identity-first","CCD未给出明确 peptide linking 类型","基于CCD名称、连接类型、分子式和分子量的保守规则分层","该结果用于安排人工审核顺序，不等同于已确认可购、可用于SPPS/LPPS、进入过环肽或具有口服暴露。"
"8DX","(2R,3aR,6S,7aR)-2-[(2S)-2-amino-3-hydroxy-3-oxo-propyl]-6-hydroxy-3,3a,5,6,7,7a-hexahydrofuro[4,5-b]pyran-2-carboxylic acid","unresolved","现有结构字段不足以进一步判断","identity-first","CCD未给出明确 peptide linking 类型","基于CCD名称、连接类型、分子式和分子量的保守规则分层","该结果用于安排人工审核顺序，不等同于已确认可购、可用于SPPS/LPPS、进入过环肽或具有口服暴露。"
"8QA","(2S)-2-azanyl-6-[(5-oxidanyl-5-oxidanylidene-pentanethioyl)amino]hexanoic acid","unresolved","现有结构字段不足以进一步判断","identity-first","CCD未给出明确 peptide linking 类型","基于CCD名称、连接类型、分子式和分子量的保守规则分层","该结果用于安排人工审核顺序，不等同于已确认可购、可用于SPPS/LPPS、进入过环肽或具有口服暴露。"
"8X9","2-[(1R,5S,6S)-6-(aminomethyl)-3-ethyl-6-bicyclo[3.2.0]hept-3-enyl]acetic acid","unresolved","现有结构字段不足以进一步判断","identity-first","CCD未给出明确 peptide linking 类型","基于CCD名称、连接类型、分子式和分子量的保守规则分层","该结果用于安排人工审核顺序，不等同于已确认可购、可用于SPPS/LPPS、进入过环肽或具有口服暴露。"
"96Z","beta-(1-azulenyl)-L-alanine","unresolved","现有结构字段不足以进一步判断","identity-first","CCD未给出明确 peptide linking 类型","基于CCD名称、连接类型、分子式和分子量的保守规则分层","该结果用于安排人工审核顺序，不等同于已确认可购、可用于SPPS/LPPS、进入过环肽或具有口服暴露。"
"9DX","(2R,3aR,7R,7aR)-2-[(2S)-2-amino-3-hydroxy-3-oxo-propyl]-7-hydroxy-3,3a,5,6,7,7a-hexahydrofuro[4,5-b]pyran-2-carboxylic acid","unresolved","现有结构字段不足以进一步判断","identity-first","CCD未给出明确 peptide linking 类型","基于CCD名称、连接类型、分子式和分子量的保守规则分层","该结果用于安排人工审核顺序，不等同于已确认可购、可用于SPPS/LPPS、进入过环肽或具有口服暴露。"
"A1A46","(2S)-2-{[(2S,3S)-1,3-dihydroxy-4-oxopentan-2-yl]amino}-3-(4-hydroxyphenyl)propanoic acid","unresolved","现有结构字段不足以进一步判断","identity-first","CCD未给出明确 peptide linking 类型","基于CCD名称、连接类型、分子式和分子量的保守规则分层","该结果用于安排人工审核顺序，不等同于已确认可购、可用于SPPS/LPPS、进入过环肽或具有口服暴露。"
"A1A8K","(4S)-4-hydroxy-1-(7H-pyrrolo[2,3-d]pyrimidin-4-yl)-D-proline","unresolved","现有结构字段不足以进一步判断","identity-first","CCD未给出明确 peptide linking 类型","基于CCD名称、连接类型、分子式和分子量的保守规则分层","该结果用于安排人工审核顺序，不等同于已确认可购、可用于SPPS/LPPS、进入过环肽或具有口服暴露。"
"A1AKT","N-(7H-pyrrolo[2,3-d]pyrimidin-4-yl)-D-valine","unresolved","现有结构字段不足以进一步判断","identity-first","CCD未给出明确 peptide linking 类型","基于CCD名称、连接类型、分子式和分子量的保守规则分层","该结果用于安排人工审核顺序，不等同于已确认可购、可用于SPPS/LPPS、进入过环肽或具有口服暴露。"
"A1AKU","(4S)-4-hydroxy-1-(7H-pyrrolo[2,3-d]pyrimidin-4-yl)-D-proline","unresolved","现有结构字段不足以进一步判断","identity-first","CCD未给出明确 peptide linking 类型","基于CCD名称、连接类型、分子式和分子量的保守规则分层","该结果用于安排人工审核顺序，不等同于已确认可购、可用于SPPS/LPPS、进入过环肽或具有口服暴露。"
"A1AKV","3-cyclopropyl-N-(7H-pyrrolo[2,3-d]pyrimidin-4-yl)-L-alanine","unresolved","现有结构字段不足以进一步判断","identity-first","CCD未给出明确 peptide linking 类型","基于CCD名称、连接类型、分子式和分子量的保守规则分层","该结果用于安排人工审核顺序，不等同于已确认可购、可用于SPPS/LPPS、进入过环肽或具有口服暴露。"
"A1AUG","5-oxo-L-norvaline","special-reactive-candidate","带特殊反应基团，需按设计用途核查","use-case-first","名称提示带点击、交联、亲电或其他特殊反应基团；可能有设计价值，但需核对保护策略、化学稳定性与位点选择性","基于CCD名称、连接类型、分子式和分子量的保守规则分层","该结果用于安排人工审核顺序，不等同于已确认可购、可用于SPPS/LPPS、进入过环肽或具有口服暴露。"
"A1CIL","(2R)-2-amino-3-methylbut-3-enoic acid","unresolved","现有结构字段不足以进一步判断","identity-first","CCD未给出明确 peptide linking 类型","基于CCD名称、连接类型、分子式和分子量的保守规则分层","该结果用于安排人工审核顺序，不等同于已确认可购、可用于SPPS/LPPS、进入过环肽或具有口服暴露。"
"A1IFF","(R)-amino-3-hydroxybutanoic acid","unresolved","现有结构字段不足以进一步判断","identity-first","CCD未给出明确 peptide linking 类型","基于CCD名称、连接类型、分子式和分子量的保守规则分层","该结果用于安排人工审核顺序，不等同于已确认可购、可用于SPPS/LPPS、进入过环肽或具有口服暴露。"
"A1IFH","(S)-amino-3-hydroxybutanoic acid","unresolved","现有结构字段不足以进一步判断","identity-first","CCD未给出明确 peptide linking 类型","基于CCD名称、连接类型、分子式和分子量的保守规则分层","该结果用于安排人工审核顺序，不等同于已确认可购、可用于SPPS/LPPS、进入过环肽或具有口服暴露。"
"A1ILR","(2~{R})-2-azanyl-3-(2~{H}-thiophen-5-ylcarbonylamino)propanoic acid","unresolved","现有结构字段不足以进一步判断","identity-first","CCD未给出明确 peptide linking 类型","基于CCD名称、连接类型、分子式和分子量的保守规则分层","该结果用于安排人工审核顺序，不等同于已确认可购、可用于SPPS/LPPS、进入过环肽或具有口服暴露。"
"A1IME","(2~{R})-2-azanyl-3-[(7-methylthieno[3,2-b]pyridin-2-yl)carbonylamino]propanoic acid","unresolved","现有结构字段不足以进一步判断","identity-first","CCD未给出明确 peptide linking 类型","基于CCD名称、连接类型、分子式和分子量的保守规则分层","该结果用于安排人工审核顺序，不等同于已确认可购、可用于SPPS/LPPS、进入过环肽或具有口服暴露。"
"A1IT0","1-(methylsulfonylamino)cyclohexane-1-carboxylic acid","unresolved","现有结构字段不足以进一步判断","identity-first","CCD未给出明确 peptide linking 类型","基于CCD名称、连接类型、分子式和分子量的保守规则分层","该结果用于安排人工审核顺序，不等同于已确认可购、可用于SPPS/LPPS、进入过环肽或具有口服暴露。"
"A1JEV","(2~{S})-1-[(1~{R})-1-(4-chlorophenyl)-2-(methylamino)-2-oxidanylidene-ethyl]pyrrolidine-2-carboxylic acid","unresolved","现有结构字段不足以进一步判断","identity-first","CCD未给出明确 peptide linking 类型","基于CCD名称、连接类型、分子式和分子量的保守规则分层","该结果用于安排人工审核顺序，不等同于已确认可购、可用于SPPS/LPPS、进入过环肽或具有口服暴露。"
"A1JF4","3-(7~{H}-pyrrolo[2,3-d]pyrimidin-4-ylamino)propanoic acid","unresolved","现有结构字段不足以进一步判断","identity-first","CCD未给出明确 peptide linking 类型","基于CCD名称、连接类型、分子式和分子量的保守规则分层","该结果用于安排人工审核顺序，不等同于已确认可购、可用于SPPS/LPPS、进入过环肽或具有口服暴露。"
"A1JHR","Gly-Ser-epsilon-Lys","unresolved","现有结构字段不足以进一步判断","identity-first","CCD未给出明确 peptide linking 类型","基于CCD名称、连接类型、分子式和分子量的保守规则分层","该结果用于安排人工审核顺序，不等同于已确认可购、可用于SPPS/LPPS、进入过环肽或具有口服暴露。"
"A1JSL","3-[(6-methylnaphthalen-2-yl)sulfonylamino]propanoic acid","unresolved","现有结构字段不足以进一步判断","identity-first","CCD未给出明确 peptide linking 类型","基于CCD名称、连接类型、分子式和分子量的保守规则分层","该结果用于安排人工审核顺序，不等同于已确认可购、可用于SPPS/LPPS、进入过环肽或具有口服暴露。"
"A1L7T","(2~{R})-3-azanyl-3-methyl-2-oxidanyl-butanoic acid","unresolved","现有结构字段不足以进一步判断","identity-first","CCD未给出明确 peptide linking 类型","基于CCD名称、连接类型、分子式和分子量的保守规则分层","该结果用于安排人工审核顺序，不等同于已确认可购、可用于SPPS/LPPS、进入过环肽或具有口服暴露。"
"A1LWG","(2~{R})-2-[2-(1~{H}-indol-3-yl)ethylamino]propanoic acid","unresolved","现有结构字段不足以进一步判断","identity-first","CCD未给出明确 peptide linking 类型","基于CCD名称、连接类型、分子式和分子量的保守规则分层","该结果用于安排人工审核顺序，不等同于已确认可购、可用于SPPS/LPPS、进入过环肽或具有口服暴露。"
"A33","2-(carboxymethyl)-D-aspartic acid","unresolved","现有结构字段不足以进一步判断","identity-first","CCD未给出明确 peptide linking 类型","基于CCD名称、连接类型、分子式和分子量的保守规则分层","该结果用于安排人工审核顺序，不等同于已确认可购、可用于SPPS/LPPS、进入过环肽或具有口服暴露。"
"A3B","D-VINYLGLYCINE","special-reactive-candidate","带特殊反应基团，需按设计用途核查","use-case-first","名称提示带点击、交联、亲电或其他特殊反应基团；可能有设计价值，但需核对保护策略、化学稳定性与位点选择性","基于CCD名称、连接类型、分子式和分子量的保守规则分层","该结果用于安排人工审核顺序，不等同于已确认可购、可用于SPPS/LPPS、进入过环肽或具有口服暴露。"
"ABH","2(S)-AMINO-6-BORONOHEXANOIC ACID","special-reactive-candidate","带特殊反应基团，需按设计用途核查","use-case-first","名称提示带点击、交联、亲电或其他特殊反应基团；可能有设计价值，但需核对保护策略、化学稳定性与位点选择性","基于CCD名称、连接类型、分子式和分子量的保守规则分层","该结果用于安排人工审核顺序，不等同于已确认可购、可用于SPPS/LPPS、进入过环肽或具有口服暴露。"
"ACZ","CIS-AMICLENOMYCIN；TRANS-AMICLENOMYCIN","unresolved","现有结构字段不足以进一步判断","identity-first","CCD未给出明确 peptide linking 类型","基于CCD名称、连接类型、分子式和分子量的保守规则分层","该结果用于安排人工审核顺序，不等同于已确认可购、可用于SPPS/LPPS、进入过环肽或具有口服暴露。"
"AHY","(2S,3R)-3-AMINO-2-HYDROXYDECANOIC ACID","unresolved","现有结构字段不足以进一步判断","identity-first","CCD未给出明确 peptide linking 类型","基于CCD名称、连接类型、分子式和分子量的保守规则分层","该结果用于安排人工审核顺序，不等同于已确认可购、可用于SPPS/LPPS、进入过环肽或具有口服暴露。"
"AKB","2-AMINO-3-KETOBUTYRIC ACID","special-reactive-candidate","带特殊反应基团，需按设计用途核查","use-case-first","名称提示带点击、交联、亲电或其他特殊反应基团；可能有设计价值，但需核对保护策略、化学稳定性与位点选择性","基于CCD名称、连接类型、分子式和分子量的保守规则分层","该结果用于安排人工审核顺序，不等同于已确认可购、可用于SPPS/LPPS、进入过环肽或具有口服暴露。"
"AL0","3-[HYDROXY(NITROSO)AMINO]-L-ALANINE","unresolved","现有结构字段不足以进一步判断","identity-first","CCD未给出明确 peptide linking 类型","基于CCD名称、连接类型、分子式和分子量的保守规则分层","该结果用于安排人工审核顺序，不等同于已确认可购、可用于SPPS/LPPS、进入过环肽或具有口服暴露。"
"AM1","(S)-2-AMINO-3-(3-CARBOXY-5-METHYLISOXAZOL-4-YL)PROPIONIC ACID","unresolved","现有结构字段不足以进一步判断","identity-first","CCD未给出明确 peptide linking 类型","基于CCD名称、连接类型、分子式和分子量的保守规则分层","该结果用于安排人工审核顺序，不等同于已确认可购、可用于SPPS/LPPS、进入过环肽或具有口服暴露。"
"AMB","L-2-AMINO-4-METHOXY-CIS-BUT-3-ENOIC ACID","unresolved","现有结构字段不足以进一步判断","identity-first","CCD未给出明确 peptide linking 类型","基于CCD名称、连接类型、分子式和分子量的保守规则分层","该结果用于安排人工审核顺序，不等同于已确认可购、可用于SPPS/LPPS、进入过环肽或具有口服暴露。"
"AMQ","(S)-ALPHA-AMINO-3-HYDROXY-5-METHYL-4-ISOXAZOLEPROPIONIC ACID","unresolved","现有结构字段不足以进一步判断","identity-first","CCD未给出明确 peptide linking 类型","基于CCD名称、连接类型、分子式和分子量的保守规则分层","该结果用于安排人工审核顺序，不等同于已确认可购、可用于SPPS/LPPS、进入过环肽或具有口服暴露。"
"AQK","(2~{S})-5-azanyl-2-(2-hydroxy-2-oxoethylamino)pentanoic acid","unresolved","现有结构字段不足以进一步判断","identity-first","CCD未给出明确 peptide linking 类型","基于CCD名称、连接类型、分子式和分子量的保守规则分层","该结果用于安排人工审核顺序，不等同于已确认可购、可用于SPPS/LPPS、进入过环肽或具有口服暴露。"
"AQQ","(2~{S})-5-azanyl-2-[[(2~{R})-1-oxidanyl-1-oxidanylidene-propan-2-yl]amino]pentanoic acid","unresolved","现有结构字段不足以进一步判断","identity-first","CCD未给出明确 peptide linking 类型","基于CCD名称、连接类型、分子式和分子量的保守规则分层","该结果用于安排人工审核顺序，不等同于已确认可购、可用于SPPS/LPPS、进入过环肽或具有口服暴露。"
"AUU","(1S,2S,4R)-2-aminobicyclo[2.2.1]heptane-2-carboxylic acid","unresolved","现有结构字段不足以进一步判断","identity-first","CCD未给出明确 peptide linking 类型","基于CCD名称、连接类型、分子式和分子量的保守规则分层","该结果用于安排人工审核顺序，不等同于已确认可购、可用于SPPS/LPPS、进入过环肽或具有口服暴露。"
"AVG","2-AMINO-4-(2-AMINO-ETHOXY)-BUTYRIC ACID","unresolved","现有结构字段不足以进一步判断","identity-first","CCD未给出明确 peptide linking 类型","基于CCD名称、连接类型、分子式和分子量的保守规则分层","该结果用于安排人工审核顺序，不等同于已确认可购、可用于SPPS/LPPS、进入过环肽或具有口服暴露。"
"AVI","N,N-dimethyl-L-histidine","unresolved","现有结构字段不足以进一步判断","identity-first","CCD未给出明确 peptide linking 类型","基于CCD名称、连接类型、分子式和分子量的保守规则分层","该结果用于安排人工审核顺序，不等同于已确认可购、可用于SPPS/LPPS、进入过环肽或具有口服暴露。"
"AVO","Pyrrolidinohistidine","unresolved","现有结构字段不足以进一步判断","identity-first","CCD未给出明确 peptide linking 类型","基于CCD名称、连接类型、分子式和分子量的保守规则分层","该结果用于安排人工审核顺序，不等同于已确认可购、可用于SPPS/LPPS、进入过环肽或具有口服暴露。"
"AXZ","2-{[dihydroxy(4-aminoethylphenyl)-{4}-sulfanyl]amino}-3-hydroxypropanoic acid","unresolved","现有结构字段不足以进一步判断","identity-first","CCD未给出明确 peptide linking 类型","基于CCD名称、连接类型、分子式和分子量的保守规则分层","该结果用于安排人工审核顺序，不等同于已确认可购、可用于SPPS/LPPS、进入过环肽或具有口服暴露。"
"B56","2-amino-8-methyl-4-oxo-3,4,7,8-tetrahydropteridine-6-carboxylic acid","unresolved","现有结构字段不足以进一步判断","identity-first","CCD未给出明确 peptide linking 类型","基于CCD名称、连接类型、分子式和分子量的保守规则分层","该结果用于安排人工审核顺序，不等同于已确认可购、可用于SPPS/LPPS、进入过环肽或具有口服暴露。"
"BDH","L-BETA-ASPARTYLHISTIDINE","unresolved","现有结构字段不足以进一步判断","identity-first","CCD未给出明确 peptide linking 类型","基于CCD名称、连接类型、分子式和分子量的保守规则分层","该结果用于安排人工审核顺序，不等同于已确认可购、可用于SPPS/LPPS、进入过环肽或具有口服暴露。"
"BET","TRIMETHYL GLYCINE","unresolved","现有结构字段不足以进一步判断","identity-first","CCD未给出明确 peptide linking 类型","基于CCD名称、连接类型、分子式和分子量的保守规则分层","该结果用于安排人工审核顺序，不等同于已确认可购、可用于SPPS/LPPS、进入过环肽或具有口服暴露。"
"BN1","(S)-2-AMINO-3-[3-HYDROXY-5-(2-METHYL-2H-TETRAZOL-5-YL)ISOXAZOL-4-YL]PROPIONIC ACID","special-reactive-candidate","带特殊反应基团，需按设计用途核查","use-case-first","名称提示带点击、交联、亲电或其他特殊反应基团；可能有设计价值，但需核对保护策略、化学稳定性与位点选择性","基于CCD名称、连接类型、分子式和分子量的保守规则分层","该结果用于安排人工审核顺序，不等同于已确认可购、可用于SPPS/LPPS、进入过环肽或具有口服暴露。"
"BO8","(D-ALPHA-AMINOPIMELYLAMINO)-D-1-ETHYLBORONIC ACID","unresolved","现有结构字段不足以进一步判断","identity-first","CCD未给出明确 peptide linking 类型","基于CCD名称、连接类型、分子式和分子量的保守规则分层","该结果用于安排人工审核顺序，不等同于已确认可购、可用于SPPS/LPPS、进入过环肽或具有口服暴露。"
"BQ7","(3S)-3-amino-2,2-difluoro-3-phenylpropanoic acid","unresolved","现有结构字段不足以进一步判断","identity-first","CCD未给出明确 peptide linking 类型","基于CCD名称、连接类型、分子式和分子量的保守规则分层","该结果用于安排人工审核顺序，不等同于已确认可购、可用于SPPS/LPPS、进入过环肽或具有口服暴露。"
"BRH","(S)-2-AMINO-3-(4-BROMO-3-HYDROXY-ISOXAZOL-5-YL)PROPIONIC ACID","unresolved","现有结构字段不足以进一步判断","identity-first","CCD未给出明确 peptide linking 类型","基于CCD名称、连接类型、分子式和分子量的保守规则分层","该结果用于安排人工审核顺序，不等同于已确认可购、可用于SPPS/LPPS、进入过环肽或具有口服暴露。"
"BSC","(2S)-2-amino-4-(S-butylsulfonimidoyl)butanoic acid","unresolved","现有结构字段不足以进一步判断","identity-first","CCD未给出明确 peptide linking 类型","基于CCD名称、连接类型、分子式和分子量的保守规则分层","该结果用于安排人工审核顺序，不等同于已确认可购、可用于SPPS/LPPS、进入过环肽或具有口服暴露。"
"C5A","(1S,3S)-1-aminocyclopentane-1,3-dicarboxylic acid","unresolved","现有结构字段不足以进一步判断","identity-first","CCD未给出明确 peptide linking 类型","基于CCD名称、连接类型、分子式和分子量的保守规则分层","该结果用于安排人工审核顺序，不等同于已确认可购、可用于SPPS/LPPS、进入过环肽或具有口服暴露。"
"C5B","(1S,3R)-1-AMINOCYCLOPENTANE-1,3-DICARBOXYLIC ACID","unresolved","现有结构字段不足以进一步判断","identity-first","CCD未给出明确 peptide linking 类型","基于CCD名称、连接类型、分子式和分子量的保守规则分层","该结果用于安排人工审核顺序，不等同于已确认可购、可用于SPPS/LPPS、进入过环肽或具有口服暴露。"
"CAL","5-AMINO-6-CYCLOHEXYL-4-HYDROXY-2-ISOBUTYL-HEXANOIC ACID","unresolved","现有结构字段不足以进一步判断","identity-first","CCD未给出明确 peptide linking 类型","基于CCD名称、连接类型、分子式和分子量的保守规则分层","该结果用于安排人工审核顺序，不等同于已确认可购、可用于SPPS/LPPS、进入过环肽或具有口服暴露。"
"CAV","5-AMINO-6-CYCLOHEXYL-3,4-DIHYDROXY-2-ISOPROPYL-HEXANOIC ACID","unresolved","现有结构字段不足以进一步判断","identity-first","CCD未给出明确 peptide linking 类型","基于CCD名称、连接类型、分子式和分子量的保守规则分层","该结果用于安排人工审核顺序，不等同于已确认可购、可用于SPPS/LPPS、进入过环肽或具有口服暴露。"
"CBH","S-(D-CARBOXYBUTYL)-L-HOMOCYSTEINE","unresolved","现有结构字段不足以进一步判断","identity-first","CCD未给出明确 peptide linking 类型","基于CCD名称、连接类型、分子式和分子量的保守规则分层","该结果用于安排人工审核顺序，不等同于已确认可购、可用于SPPS/LPPS、进入过环肽或具有口服暴露。"
"CCW","(S)-2-Amino-5-(2-(methylsulfonyl)acetimidamido)pentanoic acid","unresolved","现有结构字段不足以进一步判断","identity-first","CCD未给出明确 peptide linking 类型","基于CCD名称、连接类型、分子式和分子量的保守规则分层","该结果用于安排人工审核顺序，不等同于已确认可购、可用于SPPS/LPPS、进入过环肽或具有口服暴露。"
"CE2","3-(5-TERT-BUTYL-3-OXIDOISOXAZOL-4-YL)-L-ALANINATE","unresolved","现有结构字段不足以进一步判断","identity-first","CCD未给出明确 peptide linking 类型","基于CCD名称、连接类型、分子式和分子量的保守规则分层","该结果用于安排人工审核顺序，不等同于已确认可购、可用于SPPS/LPPS、进入过环肽或具有口服暴露。"
"CFU","(2R)-2-[(1R)-1-(acetylamino)-2-oxoethyl]-5-methyl-3,6-dihydro-2H-1,3-thiazine-4-carboxylic acid","unresolved","现有结构字段不足以进一步判断","identity-first","CCD未给出明确 peptide linking 类型","基于CCD名称、连接类型、分子式和分子量的保守规则分层","该结果用于安排人工审核顺序，不等同于已确认可购、可用于SPPS/LPPS、进入过环肽或具有口服暴露。"
"CL5","N-(3-OXOPROPYL)GLYCINE","unresolved","现有结构字段不足以进一步判断","identity-first","CCD未给出明确 peptide linking 类型","基于CCD名称、连接类型、分子式和分子量的保守规则分层","该结果用于安排人工审核顺序，不等同于已确认可购、可用于SPPS/LPPS、进入过环肽或具有口服暴露。"
"CMA","N2-(CARBOXYETHYL)-L-ARGININE","unresolved","现有结构字段不足以进一步判断","identity-first","CCD未给出明确 peptide linking 类型","基于CCD名称、连接类型、分子式和分子量的保守规则分层","该结果用于安排人工审核顺序，不等同于已确认可购、可用于SPPS/LPPS、进入过环肽或具有口服暴露。"
"CPV","5-AMINO-6-CYCLOHEXYL-4-HYDROXY-2-ISOPROPYL-HEXANOIC ACID","unresolved","现有结构字段不足以进一步判断","identity-first","CCD未给出明确 peptide linking 类型","基于CCD名称、连接类型、分子式和分子量的保守规则分层","该结果用于安排人工审核顺序，不等同于已确认可购、可用于SPPS/LPPS、进入过环肽或具有口服暴露。"
"CPW","(S)-2-AMINO-3-(1,3,5,7-PENTAHYDRO-2,4-DIOXO-CYCLOPENTA[E]PYRIMIDIN-1-YL) PROIONIC ACID","unresolved","现有结构字段不足以进一步判断","identity-first","CCD未给出明确 peptide linking 类型","基于CCD名称、连接类型、分子式和分子量的保守规则分层","该结果用于安排人工审核顺序，不等同于已确认可购、可用于SPPS/LPPS、进入过环肽或具有口服暴露。"
"CRN","N-[(E)-AMINO(IMINO)METHYL]-N-METHYLGLYCINE","unresolved","现有结构字段不足以进一步判断","identity-first","CCD未给出明确 peptide linking 类型","基于CCD名称、连接类型、分子式和分子量的保守规则分层","该结果用于安排人工审核顺序，不等同于已确认可购、可用于SPPS/LPPS、进入过环肽或具有口服暴露。"
"CUW","(2~{S},3~{R})-2,6-bis(azanyl)-3-oxidanyl-hexanoic acid","unresolved","现有结构字段不足以进一步判断","identity-first","CCD未给出明确 peptide linking 类型","基于CCD名称、连接类型、分子式和分子量的保守规则分层","该结果用于安排人工审核顺序，不等同于已确认可购、可用于SPPS/LPPS、进入过环肽或具有口服暴露。"
"CXA","PHENYLALANINE-N-SULFONAMIDE","unresolved","现有结构字段不足以进一步判断","identity-first","CCD未给出明确 peptide linking 类型","基于CCD名称、连接类型、分子式和分子量的保守规则分层","该结果用于安排人工审核顺序，不等同于已确认可购、可用于SPPS/LPPS、进入过环肽或具有口服暴露。"
"D20","N~5~-{IMINO[(2-METHOXYETHYL)AMINO]METHYL}-L-ORNITHINE","unresolved","现有结构字段不足以进一步判断","identity-first","CCD未给出明确 peptide linking 类型","基于CCD名称、连接类型、分子式和分子量的保守规则分层","该结果用于安排人工审核顺序，不等同于已确认可购、可用于SPPS/LPPS、进入过环肽或具有口服暴露。"
"D8D","1-[(1R)-1-cyclohexyl-2-(methylamino)-2-oxoethyl]-L-proline","unresolved","现有结构字段不足以进一步判断","identity-first","CCD未给出明确 peptide linking 类型","基于CCD名称、连接类型、分子式和分子量的保守规则分层","该结果用于安排人工审核顺序，不等同于已确认可购、可用于SPPS/LPPS、进入过环肽或具有口服暴露。"
"DA3","(2S,5',S)-2-AMINO-3-(3-CARBOXY-2-ISOXAZOLIN-5-YL)PROPANOIC ACID","unresolved","现有结构字段不足以进一步判断","identity-first","CCD未给出明确 peptide linking 类型","基于CCD名称、连接类型、分子式和分子量的保守规则分层","该结果用于安排人工审核顺序，不等同于已确认可购、可用于SPPS/LPPS、进入过环肽或具有口服暴露。"
"DDO","6-HYDROXY-D-NORLEUCINE","unresolved","现有结构字段不足以进一步判断","identity-first","CCD未给出明确 peptide linking 类型","基于CCD名称、连接类型、分子式和分子量的保守规则分层","该结果用于安排人工审核顺序，不等同于已确认可购、可用于SPPS/LPPS、进入过环肽或具有口服暴露。"
"DHH","(S)-2-AMINO-7,7-DIHYDROXYHEPTANOIC ACID","unresolved","现有结构字段不足以进一步判断","identity-first","CCD未给出明确 peptide linking 类型","基于CCD名称、连接类型、分子式和分子量的保守规则分层","该结果用于安排人工审核顺序，不等同于已确认可购、可用于SPPS/LPPS、进入过环肽或具有口服暴露。"
"DMO","ALPHA-DIFLUOROMETHYLORNITHINE","unresolved","现有结构字段不足以进一步判断","identity-first","CCD未给出明确 peptide linking 类型","基于CCD名称、连接类型、分子式和分子量的保守规则分层","该结果用于安排人工审核顺序，不等同于已确认可购、可用于SPPS/LPPS、进入过环肽或具有口服暴露。"
"DTE","7-CL-D-TRYPTOPHAN","unresolved","现有结构字段不足以进一步判断","identity-first","CCD未给出明确 peptide linking 类型","基于CCD名称、连接类型、分子式和分子量的保守规则分层","该结果用于安排人工审核顺序，不等同于已确认可购、可用于SPPS/LPPS、进入过环肽或具有口服暴露。"
"DY8","Morpholinohistidine","unresolved","现有结构字段不足以进一步判断","identity-first","CCD未给出明确 peptide linking 类型","基于CCD名称、连接类型、分子式和分子量的保守规则分层","该结果用于安排人工审核顺序，不等同于已确认可购、可用于SPPS/LPPS、进入过环肽或具有口服暴露。"
"E42","(R)-2-amino-3-(3'-hydroxybiphenyl-3-yl)propanoic acid","unresolved","现有结构字段不足以进一步判断","identity-first","CCD未给出明确 peptide linking 类型","基于CCD名称、连接类型、分子式和分子量的保守规则分层","该结果用于安排人工审核顺序，不等同于已确认可购、可用于SPPS/LPPS、进入过环肽或具有口服暴露。"
"E79","(3R)-3-[[(1R)-1,2-bis(oxidanyl)-2-oxidanylidene-ethyl]amino]butanoic acid","unresolved","现有结构字段不足以进一步判断","identity-first","CCD未给出明确 peptide linking 类型","基于CCD名称、连接类型、分子式和分子量的保守规则分层","该结果用于安排人工审核顺序，不等同于已确认可购、可用于SPPS/LPPS、进入过环肽或具有口服暴露。"
"EKN","(2~{S})-2-(2-azanylethylamino)butanedioic acid","unresolved","现有结构字段不足以进一步判断","identity-first","CCD未给出明确 peptide linking 类型","基于CCD名称、连接类型、分子式和分子量的保守规则分层","该结果用于安排人工审核顺序，不等同于已确认可购、可用于SPPS/LPPS、进入过环肽或具有口服暴露。"
"EXR","(2R)-2-azanyl-3-(1-benzothiophen-3-yl)propanoic acid","unresolved","现有结构字段不足以进一步判断","identity-first","CCD未给出明确 peptide linking 类型","基于CCD名称、连接类型、分子式和分子量的保守规则分层","该结果用于安排人工审核顺序，不等同于已确认可购、可用于SPPS/LPPS、进入过环肽或具有口服暴露。"
"FKI","5,5-DI-FLUORO-2-KETO-3-AMINOPENTANOIC ACID","special-reactive-candidate","带特殊反应基团，需按设计用途核查","use-case-first","名称提示带点击、交联、亲电或其他特殊反应基团；可能有设计价值，但需核对保护策略、化学稳定性与位点选择性","基于CCD名称、连接类型、分子式和分子量的保守规则分层","该结果用于安排人工审核顺序，不等同于已确认可购、可用于SPPS/LPPS、进入过环肽或具有口服暴露。"
"FN6","(2S)-2-azanyl-4-[[(2R)-3-(1H-imidazol-4-yl)-1-oxidanyl-1-oxidanylidene-propan-2-yl]amino]butanoic acid","unresolved","现有结构字段不足以进一步判断","identity-first","CCD未给出明确 peptide linking 类型","基于CCD名称、连接类型、分子式和分子量的保守规则分层","该结果用于安排人工审核顺序，不等同于已确认可购、可用于SPPS/LPPS、进入过环肽或具有口服暴露。"
"FOG","(4S,5S)-5-amino-4-hydroxy-6-phenylhexanoic acid","unresolved","现有结构字段不足以进一步判断","identity-first","CCD未给出明确 peptide linking 类型","基于CCD名称、连接类型、分子式和分子量的保守规则分层","该结果用于安排人工审核顺序，不等同于已确认可购、可用于SPPS/LPPS、进入过环肽或具有口服暴露。"
"FWO","(2S)-2-[[(3S)-3-azanyl-4-oxidanyl-4-oxidanylidene-butanoyl]amino]-4-methyl-pentanoic acid","unresolved","现有结构字段不足以进一步判断","identity-first","CCD未给出明确 peptide linking 类型","基于CCD名称、连接类型、分子式和分子量的保守规则分层","该结果用于安排人工审核顺序，不等同于已确认可购、可用于SPPS/LPPS、进入过环肽或具有口服暴露。"
"FXX","(3R)-3-azanyl-4-oxidanylidene-4-[[3-(trifluoromethyloxy)phenyl]amino]butanoic acid","unresolved","现有结构字段不足以进一步判断","identity-first","CCD未给出明确 peptide linking 类型","基于CCD名称、连接类型、分子式和分子量的保守规则分层","该结果用于安排人工审核顺序，不等同于已确认可购、可用于SPPS/LPPS、进入过环肽或具有口服暴露。"
"G39","(3R,4R,5S)-4-(acetylamino)-5-amino-3-(pentan-3-yloxy)cyclohex-1-ene-1-carboxylic acid","unresolved","现有结构字段不足以进一步判断","identity-first","CCD未给出明确 peptide linking 类型","基于CCD名称、连接类型、分子式和分子量的保守规则分层","该结果用于安排人工审核顺序，不等同于已确认可购、可用于SPPS/LPPS、进入过环肽或具有口服暴露。"
"GBG","N~6~-[(1E)-2-chloroethanimidoyl]-L-lysine","unresolved","现有结构字段不足以进一步判断","identity-first","CCD未给出明确 peptide linking 类型","基于CCD名称、连接类型、分子式和分子量的保守规则分层","该结果用于安排人工审核顺序，不等同于已确认可购、可用于SPPS/LPPS、进入过环肽或具有口服暴露。"
"GBN","[1-(AMINOMETHYL)CYCLOHEXYL]ACETIC ACID","unresolved","现有结构字段不足以进一步判断","identity-first","CCD未给出明确 peptide linking 类型","基于CCD名称、连接类型、分子式和分子量的保守规则分层","该结果用于安排人工审核顺序，不等同于已确认可购、可用于SPPS/LPPS、进入过环肽或具有口服暴露。"
"GKL","N-[(2S,3S)-3-amino-2-hydroxy-5-methylhexyl]-L-valine","unresolved","现有结构字段不足以进一步判断","identity-first","CCD未给出明确 peptide linking 类型","基于CCD名称、连接类型、分子式和分子量的保守规则分层","该结果用于安排人工审核顺序，不等同于已确认可购、可用于SPPS/LPPS、进入过环肽或具有口服暴露。"
"GPA","2-AMINO-3-GUANIDINO-PROPIONIC ACID","unresolved","现有结构字段不足以进一步判断","identity-first","CCD未给出明确 peptide linking 类型","基于CCD名称、连接类型、分子式和分子量的保守规则分层","该结果用于安排人工审核顺序，不等同于已确认可购、可用于SPPS/LPPS、进入过环肽或具有口服暴露。"
"GVA","5-{[AMINO(IMINO)METHYL]AMINO}PENTANOIC ACID","unresolved","现有结构字段不足以进一步判断","identity-first","CCD未给出明确 peptide linking 类型","基于CCD名称、连接类型、分子式和分子量的保守规则分层","该结果用于安排人工审核顺序，不等同于已确认可购、可用于SPPS/LPPS、进入过环肽或具有口服暴露。"
"HGA","GLUTAMINE HYDROXAMATE","unresolved","现有结构字段不足以进一步判断","identity-first","CCD未给出明确 peptide linking 类型","基于CCD名称、连接类型、分子式和分子量的保守规则分层","该结果用于安排人工审核顺序，不等同于已确认可购、可用于SPPS/LPPS、进入过环肽或具有口服暴露。"
"HOZ","(4S)-4,5-DIAMINOPENTANOIC ACID","unresolved","现有结构字段不足以进一步判断","identity-first","CCD未给出明确 peptide linking 类型","基于CCD名称、连接类型、分子式和分子量的保守规则分层","该结果用于安排人工审核顺序，不等同于已确认可购、可用于SPPS/LPPS、进入过环肽或具有口服暴露。"
"HVG","4-[(S)-amino(carboxy)methyl]benzene-1,2-dicarboxylic acid","unresolved","现有结构字段不足以进一步判断","identity-first","CCD未给出明确 peptide linking 类型","基于CCD名称、连接类型、分子式和分子量的保守规则分层","该结果用于安排人工审核顺序，不等同于已确认可购、可用于SPPS/LPPS、进入过环肽或具有口服暴露。"
"HWD","2-AMINO-3-(2,4-DIOXO-3,4-DIHYDRO-2H-PYRIMIDIN-1-YL)-PROPIONIC ACID","unresolved","现有结构字段不足以进一步判断","identity-first","CCD未给出明确 peptide linking 类型","基于CCD名称、连接类型、分子式和分子量的保守规则分层","该结果用于安排人工审核顺序，不等同于已确认可购、可用于SPPS/LPPS、进入过环肽或具有口服暴露。"
"I2V","(1S,3S,4S)-3-amino-4-(fluoromethyl)cyclopentane-1-carboxylic acid","unresolved","现有结构字段不足以进一步判断","identity-first","CCD未给出明确 peptide linking 类型","基于CCD名称、连接类型、分子式和分子量的保守规则分层","该结果用于安排人工审核顺序，不等同于已确认可购、可用于SPPS/LPPS、进入过环肽或具有口服暴露。"
"I3J","(2S)-3-(4-hydroxyphenyl)-2-isocyanopropanoic acid","unresolved","现有结构字段不足以进一步判断","identity-first","CCD未给出明确 peptide linking 类型","基于CCD名称、连接类型、分子式和分子量的保守规则分层","该结果用于安排人工审核顺序，不等同于已确认可购、可用于SPPS/LPPS、进入过环肽或具有口服暴露。"
"IBC","3-(3-HYDROXY-7,8-DIHYDRO-6H-CYCLOHEPTA[D]ISOXAZOL-4-YL)-L-ALANINE","unresolved","现有结构字段不足以进一步判断","identity-first","CCD未给出明确 peptide linking 类型","基于CCD名称、连接类型、分子式和分子量的保守规则分层","该结果用于安排人工审核顺序，不等同于已确认可购、可用于SPPS/LPPS、进入过环肽或具有口服暴露。"
"IKT","3-(1-AMINOETHYL)NONANEDIOIC ACID","unresolved","现有结构字段不足以进一步判断","identity-first","CCD未给出明确 peptide linking 类型","基于CCD名称、连接类型、分子式和分子量的保守规则分层","该结果用于安排人工审核顺序，不等同于已确认可购、可用于SPPS/LPPS、进入过环肽或具有口服暴露。"
"ILO","N5-IMINOETHYL-L-ORNITHINE","unresolved","现有结构字段不足以进一步判断","identity-first","CCD未给出明确 peptide linking 类型","基于CCD名称、连接类型、分子式和分子量的保守规则分层","该结果用于安排人工审核顺序，不等同于已确认可购、可用于SPPS/LPPS、进入过环肽或具有口服暴露。"
"IOM","(DIAMINOMETHYL-METHYL-AMINO)-ACETIC ACID","unresolved","现有结构字段不足以进一步判断","identity-first","CCD未给出明确 peptide linking 类型","基于CCD名称、连接类型、分子式和分子量的保守规则分层","该结果用于安排人工审核顺序，不等同于已确认可购、可用于SPPS/LPPS、进入过环肽或具有口服暴露。"
"IST","ISOSTATINE","unresolved","现有结构字段不足以进一步判断","identity-first","CCD未给出明确 peptide linking 类型","基于CCD名称、连接类型、分子式和分子量的保守规则分层","该结果用于安排人工审核顺序，不等同于已确认可购、可用于SPPS/LPPS、进入过环肽或具有口服暴露。"
"J3R","3-[methyl-(4-nitro-2,1,3-benzoxadiazol-7-yl)amino]propanoic acid","unresolved","现有结构字段不足以进一步判断","identity-first","CCD未给出明确 peptide linking 类型","基于CCD名称、连接类型、分子式和分子量的保守规则分层","该结果用于安排人工审核顺序，不等同于已确认可购、可用于SPPS/LPPS、进入过环肽或具有口服暴露。"
"JEG","trans-1-aminocyclobutane-1,3-dicarboxylic acid","unresolved","现有结构字段不足以进一步判断","identity-first","CCD未给出明确 peptide linking 类型","基于CCD名称、连接类型、分子式和分子量的保守规则分层","该结果用于安排人工审核顺序，不等同于已确认可购、可用于SPPS/LPPS、进入过环肽或具有口服暴露。"
"JIX","(1S,4R,5R,6S)-4-amino-2-oxabicyclo[3.1.0]hexane-4,6-dicarboxylic acid","unresolved","现有结构字段不足以进一步判断","identity-first","CCD未给出明确 peptide linking 类型","基于CCD名称、连接类型、分子式和分子量的保守规则分层","该结果用于安排人工审核顺序，不等同于已确认可购、可用于SPPS/LPPS、进入过环肽或具有口服暴露。"
"JM2","N~5~-[2-(methylsulfanyl)ethanimidoyl]-L-ornithine","unresolved","现有结构字段不足以进一步判断","identity-first","CCD未给出明确 peptide linking 类型","基于CCD名称、连接类型、分子式和分子量的保守规则分层","该结果用于安排人工审核顺序，不等同于已确认可购、可用于SPPS/LPPS、进入过环肽或具有口服暴露。"
"JM4","N~5~-{3-[(1-methylethyl)sulfanyl]propanimidoyl}-L-ornithine","unresolved","现有结构字段不足以进一步判断","identity-first","CCD未给出明确 peptide linking 类型","基于CCD名称、连接类型、分子式和分子量的保守规则分层","该结果用于安排人工审核顺序，不等同于已确认可购、可用于SPPS/LPPS、进入过环肽或具有口服暴露。"
"JM5","N~5~-[2-(propylsulfanyl)ethanimidoyl]-L-ornithine","unresolved","现有结构字段不足以进一步判断","identity-first","CCD未给出明确 peptide linking 类型","基于CCD名称、连接类型、分子式和分子量的保守规则分层","该结果用于安排人工审核顺序，不等同于已确认可购、可用于SPPS/LPPS、进入过环肽或具有口服暴露。"
"JM6","N~5~-[4-(methylsulfanyl)butanimidoyl]-L-ornithine","unresolved","现有结构字段不足以进一步判断","identity-first","CCD未给出明确 peptide linking 类型","基于CCD名称、连接类型、分子式和分子量的保守规则分层","该结果用于安排人工审核顺序，不等同于已确认可购、可用于SPPS/LPPS、进入过环肽或具有口服暴露。"
"JM7","N~5~-[2-(ethylsulfanyl)ethanimidoyl]-L-ornithine","unresolved","现有结构字段不足以进一步判断","identity-first","CCD未给出明确 peptide linking 类型","基于CCD名称、连接类型、分子式和分子量的保守规则分层","该结果用于安排人工审核顺序，不等同于已确认可购、可用于SPPS/LPPS、进入过环肽或具有口服暴露。"
"JM8","N~5~-[(3-(ethylsulfanyl)propanimidoyl]-L-ornithine","unresolved","现有结构字段不足以进一步判断","identity-first","CCD未给出明确 peptide linking 类型","基于CCD名称、连接类型、分子式和分子量的保守规则分层","该结果用于安排人工审核顺序，不等同于已确认可购、可用于SPPS/LPPS、进入过环肽或具有口服暴露。"
"K94","4-(difluoromethyl)-L-leucine","unresolved","现有结构字段不足以进一步判断","identity-first","CCD未给出明确 peptide linking 类型","基于CCD名称、连接类型、分子式和分子量的保守规则分层","该结果用于安排人工审核顺序，不等同于已确认可购、可用于SPPS/LPPS、进入过环肽或具有口服暴露。"
"KAH","5-AMINO-4-HYDROXYHEXANOIC ACID","special-reactive-candidate","带特殊反应基团，需按设计用途核查","use-case-first","名称提示带点击、交联、亲电或其他特殊反应基团；可能有设计价值，但需核对保护策略、化学稳定性与位点选择性","基于CCD名称、连接类型、分子式和分子量的保守规则分层","该结果用于安排人工审核顺序，不等同于已确认可购、可用于SPPS/LPPS、进入过环肽或具有口服暴露。"
"KAI","3-(CARBOXYMETHYL)-4-ISOPROPENYLPROLINE","unresolved","现有结构字段不足以进一步判断","identity-first","CCD未给出明确 peptide linking 类型","基于CCD名称、连接类型、分子式和分子量的保守规则分层","该结果用于安排人工审核顺序，不等同于已确认可购、可用于SPPS/LPPS、进入过环肽或具有口服暴露。"
"KFJ","4-(4-nitrophenyl)-L-threonine","unresolved","现有结构字段不足以进一步判断","identity-first","CCD未给出明确 peptide linking 类型","基于CCD名称、连接类型、分子式和分子量的保守规则分层","该结果用于安排人工审核顺序，不等同于已确认可购、可用于SPPS/LPPS、进入过环肽或具有口服暴露。"
"KKA","(2S)-2-azanyl-6-oxidanylidene-6-[[(2S)-1-oxidanyl-1-oxidanylidene-4-sulfanyl-butan-2-yl]amino]hexanoic acid","unresolved","现有结构字段不足以进一步判断","identity-first","CCD未给出明确 peptide linking 类型","基于CCD名称、连接类型、分子式和分子量的保守规则分层","该结果用于安排人工审核顺序，不等同于已确认可购、可用于SPPS/LPPS、进入过环肽或具有口服暴露。"
"KMH","(5S)-5-AMINO-3-OXO-HEXANOIC ACID","unresolved","现有结构字段不足以进一步判断","identity-first","CCD未给出明确 peptide linking 类型","基于CCD名称、连接类型、分子式和分子量的保守规则分层","该结果用于安排人工审核顺序，不等同于已确认可购、可用于SPPS/LPPS、进入过环肽或具有口服暴露。"
"KRI","(S)-2-AMINO-4-[(2S,3R)-2,3,5-TRIHYDROXY-4-OXO-PENTYL]MERCAPTO-BUTYRIC ACID","special-reactive-candidate","带特殊反应基团，需按设计用途核查","use-case-first","名称提示带点击、交联、亲电或其他特殊反应基团；可能有设计价值，但需核对保护策略、化学稳定性与位点选择性","基于CCD名称、连接类型、分子式和分子量的保守规则分层","该结果用于安排人工审核顺序，不等同于已确认可购、可用于SPPS/LPPS、进入过环肽或具有口服暴露。"
"KZ5","(2~{S})-2-(dimethylamino)-3-(2-sulfo-1~{H}-imidazol-4-yl)propanoic acid","unresolved","现有结构字段不足以进一步判断","identity-first","CCD未给出明确 peptide linking 类型","基于CCD名称、连接类型、分子式和分子量的保守规则分层","该结果用于安排人工审核顺序，不等同于已确认可购、可用于SPPS/LPPS、进入过环肽或具有口服暴露。"
"L06","5-{[AMINO(IMINO)METHYL]AMINO}-2-(SULFANYLMETHYL)PENTANOIC ACID","unresolved","现有结构字段不足以进一步判断","identity-first","CCD未给出明确 peptide linking 类型","基于CCD名称、连接类型、分子式和分子量的保守规则分层","该结果用于安排人工审核顺序，不等同于已确认可购、可用于SPPS/LPPS、进入过环肽或具有口服暴露。"
"L9Z","(1~{S},3~{S},4~{S},5~{R})-3-(aminomethyl)-3,4,5-tris(hydroxyl)cyclohexane-1-carboxylic acid","unresolved","现有结构字段不足以进一步判断","identity-first","CCD未给出明确 peptide linking 类型","基于CCD名称、连接类型、分子式和分子量的保守规则分层","该结果用于安排人工审核顺序，不等同于已确认可购、可用于SPPS/LPPS、进入过环肽或具有口服暴露。"
"LH6","(2~{S})-2-(methylamino)-3-[4-[(1~{E})-3-methylbuta-1,3-dienyl]-1~{H}-indol-3-yl]propanoic acid","unresolved","现有结构字段不足以进一步判断","identity-first","CCD未给出明确 peptide linking 类型","基于CCD名称、连接类型、分子式和分子量的保守规则分层","该结果用于安排人工审核顺序，不等同于已确认可购、可用于SPPS/LPPS、进入过环肽或具有口服暴露。"
"LIS","(2S,4S)-2-AMINO-4,5-EPOXIPENTANOIC ACID","unresolved","现有结构字段不足以进一步判断","identity-first","CCD未给出明确 peptide linking 类型","基于CCD名称、连接类型、分子式和分子量的保守规则分层","该结果用于安排人工审核顺序，不等同于已确认可购、可用于SPPS/LPPS、进入过环肽或具有口服暴露。"
"LN5","N5-(1-iminopropyl)-L-ornithine","unresolved","现有结构字段不足以进一步判断","identity-first","CCD未给出明确 peptide linking 类型","基于CCD名称、连接类型、分子式和分子量的保守规则分层","该结果用于安排人工审核顺序，不等同于已确认可购、可用于SPPS/LPPS、进入过环肽或具有口服暴露。"
"LN6","N~5~-[(1E)-pentanimidoyl]-L-ornithine","unresolved","现有结构字段不足以进一步判断","identity-first","CCD未给出明确 peptide linking 类型","基于CCD名称、连接类型、分子式和分子量的保守规则分层","该结果用于安排人工审核顺序，不等同于已确认可购、可用于SPPS/LPPS、进入过环肽或具有口服暴露。"
"LN7","N~5~-[(1S)-1-aminopentyl]-L-ornithine","unresolved","现有结构字段不足以进一步判断","identity-first","CCD未给出明确 peptide linking 类型","基于CCD名称、连接类型、分子式和分子量的保守规则分层","该结果用于安排人工审核顺序，不等同于已确认可购、可用于SPPS/LPPS、进入过环肽或具有口服暴露。"
"LU0","Sulphamoil Leucine","unresolved","现有结构字段不足以进一步判断","identity-first","CCD未给出明确 peptide linking 类型","基于CCD名称、连接类型、分子式和分子量的保守规则分层","该结果用于安排人工审核顺序，不等同于已确认可购、可用于SPPS/LPPS、进入过环肽或具有口服暴露。"
"M7V","(1S,2R)-2-[(S)-amino(carboxy)methyl]-1-butylcyclopropane-1-carboxylic acid","unresolved","现有结构字段不足以进一步判断","identity-first","CCD未给出明确 peptide linking 类型","基于CCD名称、连接类型、分子式和分子量的保守规则分层","该结果用于安排人工审核顺序，不等同于已确认可购、可用于SPPS/LPPS、进入过环肽或具有口服暴露。"
"MHA","(CARBAMOYLMETHYL-CARBOXYMETHYL-AMINO)-ACETIC ACID","unresolved","现有结构字段不足以进一步判断","identity-first","CCD未给出明确 peptide linking 类型","基于CCD名称、连接类型、分子式和分子量的保守规则分层","该结果用于安排人工审核顺序，不等同于已确认可购、可用于SPPS/LPPS、进入过环肽或具有口服暴露。"
"MIK","METHYL ISONICOTINIMIDATE LYSINE","unresolved","现有结构字段不足以进一步判断","identity-first","CCD未给出明确 peptide linking 类型","基于CCD名称、连接类型、分子式和分子量的保守规则分层","该结果用于安排人工审核顺序，不等同于已确认可购、可用于SPPS/LPPS、进入过环肽或具有口服暴露。"
"MMS","MIMOSINE","unresolved","现有结构字段不足以进一步判断","identity-first","CCD未给出明确 peptide linking 类型","基于CCD名称、连接类型、分子式和分子量的保守规则分层","该结果用于安排人工审核顺序，不等同于已确认可购、可用于SPPS/LPPS、进入过环肽或具有口服暴露。"
"MQ4","(1S)-3-amino-4-[(2S)-1,1,1-trifluoro-3-oxopropan-2-yl]cyclopent-3-ene-1-carboxylic acid","unresolved","现有结构字段不足以进一步判断","identity-first","CCD未给出明确 peptide linking 类型","基于CCD名称、连接类型、分子式和分子量的保守规则分层","该结果用于安排人工审核顺序，不等同于已确认可购、可用于SPPS/LPPS、进入过环肽或具有口服暴露。"
"MS8","(2R,3aR,7aR)-2-[(2S)-2-amino-3-hydroxy-3-oxo-propyl]-3,3a,5,6,7,7a-hexahydrofuro[4,5-b]pyran-2-carboxylic acid","unresolved","现有结构字段不足以进一步判断","identity-first","CCD未给出明确 peptide linking 类型","基于CCD名称、连接类型、分子式和分子量的保守规则分层","该结果用于安排人工审核顺序，不等同于已确认可购、可用于SPPS/LPPS、进入过环肽或具有口服暴露。"
"MTJ","N,O-DIMETHYL-L-TYROSINE","unresolved","现有结构字段不足以进一步判断","identity-first","CCD未给出明确 peptide linking 类型","基于CCD名称、连接类型、分子式和分子量的保守规则分层","该结果用于安排人工审核顺序，不等同于已确认可购、可用于SPPS/LPPS、进入过环肽或具有口服暴露。"
"NFQ","N-[(E)-iminomethyl]-L-aspartic acid","unresolved","现有结构字段不足以进一步判断","identity-first","CCD未给出明确 peptide linking 类型","基于CCD名称、连接类型、分子式和分子量的保守规则分层","该结果用于安排人工审核顺序，不等同于已确认可购、可用于SPPS/LPPS、进入过环肽或具有口服暴露。"
"NGQ","N-carbamimidoyl-L-glutamic acid","unresolved","现有结构字段不足以进一步判断","identity-first","CCD未给出明确 peptide linking 类型","基于CCD名称、连接类型、分子式和分子量的保守规则分层","该结果用于安排人工审核顺序，不等同于已确认可购、可用于SPPS/LPPS、进入过环肽或具有口服暴露。"
"NIG","N-(IMINOMETHYL)-L-GLUTAMIC ACID","unresolved","现有结构字段不足以进一步判断","identity-first","CCD未给出明确 peptide linking 类型","基于CCD名称、连接类型、分子式和分子量的保守规则分层","该结果用于安排人工审核顺序，不等同于已确认可购、可用于SPPS/LPPS、进入过环肽或具有口服暴露。"
"NLH","(2R,5S)-5-amino-2-butyl-4,4-dihydroxynonanoic acid","unresolved","现有结构字段不足以进一步判断","identity-first","CCD未给出明确 peptide linking 类型","基于CCD名称、连接类型、分子式和分子量的保守规则分层","该结果用于安排人工审核顺序，不等同于已确认可购、可用于SPPS/LPPS、进入过环肽或具有口服暴露。"
"NLK","(2R,5S)-5-amino-2-butyl-4-oxononanoic acid","unresolved","现有结构字段不足以进一步判断","identity-first","CCD未给出明确 peptide linking 类型","基于CCD名称、连接类型、分子式和分子量的保守规则分层","该结果用于安排人工审核顺序，不等同于已确认可购、可用于SPPS/LPPS、进入过环肽或具有口服暴露。"
"NMG","GUANIDINO ACETATE","unresolved","现有结构字段不足以进一步判断","identity-first","CCD未给出明确 peptide linking 类型","基于CCD名称、连接类型、分子式和分子量的保守规则分层","该结果用于安排人工审核顺序，不等同于已确认可购、可用于SPPS/LPPS、进入过环肽或具有口服暴露。"
"NO5","(2~{S})-3-methyl-2-(sulfamoylamino)butanoic acid","unresolved","现有结构字段不足以进一步判断","identity-first","CCD未给出明确 peptide linking 类型","基于CCD名称、连接类型、分子式和分子量的保守规则分层","该结果用于安排人工审核顺序，不等同于已确认可购、可用于SPPS/LPPS、进入过环肽或具有口服暴露。"
"NO6","S-[(pyridin-2-yl)methyl]-L-cysteine","unresolved","现有结构字段不足以进一步判断","identity-first","CCD未给出明确 peptide linking 类型","基于CCD名称、连接类型、分子式和分子量的保守规则分层","该结果用于安排人工审核顺序，不等同于已确认可购、可用于SPPS/LPPS、进入过环肽或具有口服暴露。"
"NOU","(2S)-2-amino-4-[(pyridin-2-yl)amino]butanoic acid","unresolved","现有结构字段不足以进一步判断","identity-first","CCD未给出明确 peptide linking 类型","基于CCD名称、连接类型、分子式和分子量的保守规则分层","该结果用于安排人工审核顺序，不等同于已确认可购、可用于SPPS/LPPS、进入过环肽或具有口服暴露。"
"NWG","5-[(diaminomethylidene)amino]-2-oxopentanoic acid","unresolved","现有结构字段不足以进一步判断","identity-first","CCD未给出明确 peptide linking 类型","基于CCD名称、连接类型、分子式和分子量的保守规则分层","该结果用于安排人工审核顺序，不等同于已确认可购、可用于SPPS/LPPS、进入过环肽或具有口服暴露。"
"NZ2","N-(methylsulfonyl)-N-phenyl-L-alanine","unresolved","现有结构字段不足以进一步判断","identity-first","CCD未给出明确 peptide linking 类型","基于CCD名称、连接类型、分子式和分子量的保守规则分层","该结果用于安排人工审核顺序，不等同于已确认可购、可用于SPPS/LPPS、进入过环肽或具有口服暴露。"
"NZ3","N-(methylsulfonyl)-N-phenyl-D-alanine","unresolved","现有结构字段不足以进一步判断","identity-first","CCD未给出明确 peptide linking 类型","基于CCD名称、连接类型、分子式和分子量的保守规则分层","该结果用于安排人工审核顺序，不等同于已确认可购、可用于SPPS/LPPS、进入过环肽或具有口服暴露。"
"O77","N-[(3S)-3-amino-3-carboxypropyl]-L-histidine","unresolved","现有结构字段不足以进一步判断","identity-first","CCD未给出明确 peptide linking 类型","基于CCD名称、连接类型、分子式和分子量的保守规则分层","该结果用于安排人工审核顺序，不等同于已确认可购、可用于SPPS/LPPS、进入过环肽或具有口服暴露。"
"OP1","1-[(1S)-4-carbamimidamido-1-carboxybutyl]-5-oxo-D-proline","unresolved","现有结构字段不足以进一步判断","identity-first","CCD未给出明确 peptide linking 类型","基于CCD名称、连接类型、分子式和分子量的保守规则分层","该结果用于安排人工审核顺序，不等同于已确认可购、可用于SPPS/LPPS、进入过环肽或具有口服暴露。"
"P4B","(2~{R})-4-azanyl-2-[[(1~{S})-1-oxidanylethyl]amino]butanoic acid","unresolved","现有结构字段不足以进一步判断","identity-first","CCD未给出明确 peptide linking 类型","基于CCD名称、连接类型、分子式和分子量的保守规则分层","该结果用于安排人工审核顺序，不等同于已确认可购、可用于SPPS/LPPS、进入过环肽或具有口服暴露。"
"PB1","3-(2-AMINOETHYL)-4-(AMINOMETHYL)HEPTANEDIOIC ACID","unresolved","现有结构字段不足以进一步判断","identity-first","CCD未给出明确 peptide linking 类型","基于CCD名称、连接类型、分子式和分子量的保守规则分层","该结果用于安排人工审核顺序，不等同于已确认可购、可用于SPPS/LPPS、进入过环肽或具有口服暴露。"
"PCV","5-AMINO-3-HYDROXY-2-(2-OXO-AZETIDIN-1-YL)-PENTANOIC ACID","unresolved","现有结构字段不足以进一步判断","identity-first","CCD未给出明确 peptide linking 类型","基于CCD名称、连接类型、分子式和分子量的保守规则分层","该结果用于安排人工审核顺序，不等同于已确认可购、可用于SPPS/LPPS、进入过环肽或具有口服暴露。"
"PDM","4-[4-(2,5-DIOXO-PYRROLIDIN-1-YL)-PHENYLAMINO]-4-HYDROXY-BUTYRIC ACID","unresolved","现有结构字段不足以进一步判断","identity-first","CCD未给出明确 peptide linking 类型","基于CCD名称、连接类型、分子式和分子量的保守规则分层","该结果用于安排人工审核顺序，不等同于已确认可购、可用于SPPS/LPPS、进入过环肽或具有口服暴露。"
"PHX","4-{[(Z)-(5-OXO-2-PHENYL-1,3-OXAZOL-4(5H)-YLIDENE)METHYL]AMINO}BUTANOIC ACID","unresolved","现有结构字段不足以进一步判断","identity-first","CCD未给出明确 peptide linking 类型","基于CCD名称、连接类型、分子式和分子量的保守规则分层","该结果用于安排人工审核顺序，不等同于已确认可购、可用于SPPS/LPPS、进入过环肽或具有口服暴露。"
"QJW","(3S)-3-[(2-nitrophenyl)methoxy]-L-aspartic acid","unresolved","现有结构字段不足以进一步判断","identity-first","CCD未给出明确 peptide linking 类型","基于CCD名称、连接类型、分子式和分子量的保守规则分层","该结果用于安排人工审核顺序，不等同于已确认可购、可用于SPPS/LPPS、进入过环肽或具有口服暴露。"
"QLI","(5S,6S)-6-amino-5-[(1-carboxyethenyl)oxy]cyclohexa-1,3-diene-1-carboxylic acid","unresolved","现有结构字段不足以进一步判断","identity-first","CCD未给出明确 peptide linking 类型","基于CCD名称、连接类型、分子式和分子量的保守规则分层","该结果用于安排人工审核顺序，不等同于已确认可购、可用于SPPS/LPPS、进入过环肽或具有口服暴露。"
"QUS","(S)-2-AMINO-3-(3,5-DIOXO-[1,2,4]OXADIAZOLIDIN-2-YL)-PROPIONIC ACID","unresolved","现有结构字段不足以进一步判断","identity-first","CCD未给出明确 peptide linking 类型","基于CCD名称、连接类型、分子式和分子量的保守规则分层","该结果用于安排人工审核顺序，不等同于已确认可购、可用于SPPS/LPPS、进入过环肽或具有口服暴露。"
"R1V","N-[(2E)-3,7-dimethylocta-2,6-dien-1-yl]-L-glutamic acid","unresolved","现有结构字段不足以进一步判断","identity-first","CCD未给出明确 peptide linking 类型","基于CCD名称、连接类型、分子式和分子量的保守规则分层","该结果用于安排人工审核顺序，不等同于已确认可购、可用于SPPS/LPPS、进入过环肽或具有口服暴露。"
"R9J","2-methyl-N-(4-methylphenyl)-L-alanine","unresolved","现有结构字段不足以进一步判断","identity-first","CCD未给出明确 peptide linking 类型","基于CCD名称、连接类型、分子式和分子量的保守规则分层","该结果用于安排人工审核顺序，不等同于已确认可购、可用于SPPS/LPPS、进入过环肽或具有口服暴露。"
"REZ","(2R)-2-AMINO-7-{[(1R)-1-CARBOXYETHYL]AMINO}-7-OXOHEPTANOIC ACID","unresolved","现有结构字段不足以进一步判断","identity-first","CCD未给出明确 peptide linking 类型","基于CCD名称、连接类型、分子式和分子量的保守规则分层","该结果用于安排人工审核顺序，不等同于已确认可购、可用于SPPS/LPPS、进入过环肽或具有口服暴露。"
"RGE","(2S)-2-AMINO-5-(2-(METHYLSULFINYL)ACETIMIDAMIDO)PENTANOIC ACID","unresolved","现有结构字段不足以进一步判断","identity-first","CCD未给出明确 peptide linking 类型","基于CCD名称、连接类型、分子式和分子量的保守规则分层","该结果用于安排人工审核顺序，不等同于已确认可购、可用于SPPS/LPPS、进入过环肽或具有口服暴露。"
"RH0","3-amino-5-S-benzyl-2,3-dideoxy-5-thio-D-erythro-pentonic acid","unresolved","现有结构字段不足以进一步判断","identity-first","CCD未给出明确 peptide linking 类型","基于CCD名称、连接类型、分子式和分子量的保守规则分层","该结果用于安排人工审核顺序，不等同于已确认可购、可用于SPPS/LPPS、进入过环肽或具有口服暴露。"
"RQJ","deoxyproclavaminic acid","unresolved","现有结构字段不足以进一步判断","identity-first","CCD未给出明确 peptide linking 类型","基于CCD名称、连接类型、分子式和分子量的保守规则分层","该结果用于安排人工审核顺序，不等同于已确认可购、可用于SPPS/LPPS、进入过环肽或具有口服暴露。"
"S4F","3-[(3R)-1-(6-amino-5-chloropyrimidin-4-yl)piperidin-3-yl]propanoic acid","unresolved","现有结构字段不足以进一步判断","identity-first","CCD未给出明确 peptide linking 类型","基于CCD名称、连接类型、分子式和分子量的保守规则分层","该结果用于安排人工审核顺序，不等同于已确认可购、可用于SPPS/LPPS、进入过环肽或具有口服暴露。"
"SDC","S-[2-(AMINOSULFONYL)ETHYL]-D-CYSTEINE","unresolved","现有结构字段不足以进一步判断","identity-first","CCD未给出明确 peptide linking 类型","基于CCD名称、连接类型、分子式和分子量的保守规则分层","该结果用于安排人工审核顺序，不等同于已确认可购、可用于SPPS/LPPS、进入过环肽或具有口服暴露。"
"SHI","(S)-2-AMINO-3-(3-HYDROXY-ISOXAZOL-4-YL)PROPIONIC ACID","unresolved","现有结构字段不足以进一步判断","identity-first","CCD未给出明确 peptide linking 类型","基于CCD名称、连接类型、分子式和分子量的保守规则分层","该结果用于安排人工审核顺序，不等同于已确认可购、可用于SPPS/LPPS、进入过环肽或具有口服暴露。"
"SMZ","N~5~-[(E)-imino(methylsulfanyl)methyl]-L-ornithine","unresolved","现有结构字段不足以进一步判断","identity-first","CCD未给出明确 peptide linking 类型","基于CCD名称、连接类型、分子式和分子量的保守规则分层","该结果用于安排人工审核顺序，不等同于已确认可购、可用于SPPS/LPPS、进入过环肽或具有口服暴露。"
"SSC","(2S,5S)-5-CARBOXYMETHYLPROLINE","unresolved","现有结构字段不足以进一步判断","identity-first","CCD未给出明确 peptide linking 类型","基于CCD名称、连接类型、分子式和分子量的保守规则分层","该结果用于安排人工审核顺序，不等同于已确认可购、可用于SPPS/LPPS、进入过环肽或具有口服暴露。"
"SUO","N~2~-(3-CARBOXYPROPANOYL)-L-ORNITHINE","unresolved","现有结构字段不足以进一步判断","identity-first","CCD未给出明确 peptide linking 类型","基于CCD名称、连接类型、分子式和分子量的保守规则分层","该结果用于安排人工审核顺序，不等同于已确认可购、可用于SPPS/LPPS、进入过环肽或具有口服暴露。"
"TB1","(3S)-3-(BENZYLOXY)-L-ASPARTIC ACID","unresolved","现有结构字段不足以进一步判断","identity-first","CCD未给出明确 peptide linking 类型","基于CCD名称、连接类型、分子式和分子量的保守规则分层","该结果用于安排人工审核顺序，不等同于已确认可购、可用于SPPS/LPPS、进入过环肽或具有口服暴露。"
"TBL","N-[(4-methoxyphenyl)sulfonyl]-D-alanine","unresolved","现有结构字段不足以进一步判断","identity-first","CCD未给出明确 peptide linking 类型","基于CCD名称、连接类型、分子式和分子量的保守规则分层","该结果用于安排人工审核顺序，不等同于已确认可购、可用于SPPS/LPPS、进入过环肽或具有口服暴露。"
"TF7","(3S)-3-(dihydroxy-lambda~4~-sulfanyl)-4-(1H-1,2,3-triazol-1-yl)-D-valine","unresolved","现有结构字段不足以进一步判断","identity-first","CCD未给出明确 peptide linking 类型","基于CCD名称、连接类型、分子式和分子量的保守规则分层","该结果用于安排人工审核顺序，不等同于已确认可购、可用于SPPS/LPPS、进入过环肽或具有口服暴露。"
"TKI","2-[(4,6-diethyl-1,3,5-triazin-2-yl)-methyl-amino]ethanoic acid","unresolved","现有结构字段不足以进一步判断","identity-first","CCD未给出明确 peptide linking 类型","基于CCD名称、连接类型、分子式和分子量的保守规则分层","该结果用于安排人工审核顺序，不等同于已确认可购、可用于SPPS/LPPS、进入过环肽或具有口服暴露。"
"TPR","TOSYL-D-PROLINE","unresolved","现有结构字段不足以进一步判断","identity-first","CCD未给出明确 peptide linking 类型","基于CCD名称、连接类型、分子式和分子量的保守规则分层","该结果用于安排人工审核顺序，不等同于已确认可购、可用于SPPS/LPPS、进入过环肽或具有口服暴露。"
"U1K","(S)-2-AMINO-3-(3-HYDROXY-5-TERT-BUTYLISOTHIAZOL-4-YL) PROPRIONIC ACID","unresolved","现有结构字段不足以进一步判断","identity-first","CCD未给出明确 peptide linking 类型","基于CCD名称、连接类型、分子式和分子量的保守规则分层","该结果用于安排人工审核顺序，不等同于已确认可购、可用于SPPS/LPPS、进入过环肽或具有口服暴露。"
"U8S","3-[(2S)-2-hydroxy-2,3-dihydro-1H-imidazol-4-yl]-L-alanine","unresolved","现有结构字段不足以进一步判断","identity-first","CCD未给出明确 peptide linking 类型","基于CCD名称、连接类型、分子式和分子量的保守规则分层","该结果用于安排人工审核顺序，不等同于已确认可购、可用于SPPS/LPPS、进入过环肽或具有口服暴露。"
"UCQ","(2~{S})-2-(dimethylamino)-3-(3-methylimidazol-4-yl)propanoic acid","unresolved","现有结构字段不足以进一步判断","identity-first","CCD未给出明确 peptide linking 类型","基于CCD名称、连接类型、分子式和分子量的保守规则分层","该结果用于安排人工审核顺序，不等同于已确认可购、可用于SPPS/LPPS、进入过环肽或具有口服暴露。"
"UV3","7-bromo-L-tryptophan","unresolved","现有结构字段不足以进一步判断","identity-first","CCD未给出明确 peptide linking 类型","基于CCD名称、连接类型、分子式和分子量的保守规则分层","该结果用于安排人工审核顺序，不等同于已确认可购、可用于SPPS/LPPS、进入过环肽或具有口服暴露。"
"V29","(3R)-3-(benzylamino)oxolane-3-carboxylic acid","unresolved","现有结构字段不足以进一步判断","identity-first","CCD未给出明确 peptide linking 类型","基于CCD名称、连接类型、分子式和分子量的保守规则分层","该结果用于安排人工审核顺序，不等同于已确认可购、可用于SPPS/LPPS、进入过环肽或具有口服暴露。"
"VIG","4-AMINO HEXANOIC ACID","unresolved","现有结构字段不足以进一步判断","identity-first","CCD未给出明确 peptide linking 类型","基于CCD名称、连接类型、分子式和分子量的保守规则分层","该结果用于安排人工审核顺序，不等同于已确认可购、可用于SPPS/LPPS、进入过环肽或具有口服暴露。"
"VIO","N5-(1-IMINO-3-BUTENYL)-L-ORNITHINE","unresolved","现有结构字段不足以进一步判断","identity-first","CCD未给出明确 peptide linking 类型","基于CCD名称、连接类型、分子式和分子量的保守规则分层","该结果用于安排人工审核顺序，不等同于已确认可购、可用于SPPS/LPPS、进入过环肽或具有口服暴露。"
"VLS","N-[1,3-dihydroxy-2-(hydroxymethyl)propan-2-yl]glycine","unresolved","现有结构字段不足以进一步判断","identity-first","CCD未给出明确 peptide linking 类型","基于CCD名称、连接类型、分子式和分子量的保守规则分层","该结果用于安排人工审核顺序，不等同于已确认可购、可用于SPPS/LPPS、进入过环肽或具有口服暴露。"
"VQ6","(2R)-(cyclopropylamino)(2,6-difluorophenyl)acetic acid","unresolved","现有结构字段不足以进一步判断","identity-first","CCD未给出明确 peptide linking 类型","基于CCD名称、连接类型、分子式和分子量的保守规则分层","该结果用于安排人工审核顺序，不等同于已确认可购、可用于SPPS/LPPS、进入过环肽或具有口服暴露。"
"VUR","(S)-2-AMINO-5-(2-MERCAPTOACETIMIDAMIDO)PENTANOIC ACID","special-reactive-candidate","带特殊反应基团，需按设计用途核查","use-case-first","名称提示带点击、交联、亲电或其他特殊反应基团；可能有设计价值，但需核对保护策略、化学稳定性与位点选择性","基于CCD名称、连接类型、分子式和分子量的保守规则分层","该结果用于安排人工审核顺序，不等同于已确认可购、可用于SPPS/LPPS、进入过环肽或具有口服暴露。"
"VY9","(3R)-3-(2-hydroxy-2-oxoethylamino)decanoic acid","unresolved","现有结构字段不足以进一步判断","identity-first","CCD未给出明确 peptide linking 类型","基于CCD名称、连接类型、分子式和分子量的保守规则分层","该结果用于安排人工审核顺序，不等同于已确认可购、可用于SPPS/LPPS、进入过环肽或具有口服暴露。"
"W1N","(3S)-3-amino-4-(2-fluorophenyl)butanoic acid","unresolved","现有结构字段不足以进一步判断","identity-first","CCD未给出明确 peptide linking 类型","基于CCD名称、连接类型、分子式和分子量的保守规则分层","该结果用于安排人工审核顺序，不等同于已确认可购、可用于SPPS/LPPS、进入过环肽或具有口服暴露。"
"W5J","N-methyl-N-7H-pyrrolo[2,3-d]pyrimidin-4-yl-beta-alanine","unresolved","现有结构字段不足以进一步判断","identity-first","CCD未给出明确 peptide linking 类型","基于CCD名称、连接类型、分子式和分子量的保守规则分层","该结果用于安排人工审核顺序，不等同于已确认可购、可用于SPPS/LPPS、进入过环肽或具有口服暴露。"
"WT2","(S)-2-AMINO-5-(2-OXOACETIMIDAMIDO)PENTANOIC ACID","unresolved","现有结构字段不足以进一步判断","identity-first","CCD未给出明确 peptide linking 类型","基于CCD名称、连接类型、分子式和分子量的保守规则分层","该结果用于安排人工审核顺序，不等同于已确认可购、可用于SPPS/LPPS、进入过环肽或具有口服暴露。"
"X7O","5-AMINO-3-METHYL-PYRROLIDINE-2-CARBOXYLIC ACID","unresolved","现有结构字段不足以进一步判断","identity-first","CCD未给出明确 peptide linking 类型","基于CCD名称、连接类型、分子式和分子量的保守规则分层","该结果用于安排人工审核顺序，不等同于已确认可购、可用于SPPS/LPPS、进入过环肽或具有口服暴露。"
"XD1","(2R,4S)-2-[(1R)-1-amino-2-oxoethyl]-5,5-dimethyl-1,3-thiazolidine-4-carboxylic acid","strong-nonmonomer-signal","存在较强的非普通单体信号","exclude-first","名称含辅因子、核苷／核苷酸、缀合物或其他非普通单体词","基于CCD名称、连接类型、分子式和分子量的保守规则分层","该结果用于安排人工审核顺序，不等同于已确认可购、可用于SPPS/LPPS、进入过环肽或具有口服暴露。"
"XDC","Phosphocreatine","strong-nonmonomer-signal","存在较强的非普通单体信号","exclude-first","名称含辅因子、核苷／核苷酸、缀合物或其他非普通单体词","基于CCD名称、连接类型、分子式和分子量的保守规则分层","该结果用于安排人工审核顺序，不等同于已确认可购、可用于SPPS/LPPS、进入过环肽或具有口服暴露。"
"XSA","(2R)-2-[(2-aminoethyl)amino]-4-boronobutanoic acid","special-reactive-candidate","带特殊反应基团，需按设计用途核查","use-case-first","名称提示带点击、交联、亲电或其他特殊反应基团；可能有设计价值，但需核对保护策略、化学稳定性与位点选择性","基于CCD名称、连接类型、分子式和分子量的保守规则分层","该结果用于安排人工审核顺序，不等同于已确认可购、可用于SPPS/LPPS、进入过环肽或具有口服暴露。"
"XSM","(2R)-4-borono-2-{[(1H-imidazol-4-yl)methyl]amino}butanoic acid","special-reactive-candidate","带特殊反应基团，需按设计用途核查","use-case-first","名称提示带点击、交联、亲电或其他特殊反应基团；可能有设计价值，但需核对保护策略、化学稳定性与位点选择性","基于CCD名称、连接类型、分子式和分子量的保守规则分层","该结果用于安排人工审核顺序，不等同于已确认可购、可用于SPPS/LPPS、进入过环肽或具有口服暴露。"
"XU7","(2S)-2-amino-4-boronobutanoic acid","special-reactive-candidate","带特殊反应基团，需按设计用途核查","use-case-first","名称提示带点击、交联、亲电或其他特殊反应基团；可能有设计价值，但需核对保护策略、化学稳定性与位点选择性","基于CCD名称、连接类型、分子式和分子量的保守规则分层","该结果用于安排人工审核顺序，不等同于已确认可购、可用于SPPS/LPPS、进入过环肽或具有口服暴露。"
"XUJ","(2R)-2-amino-4-boronobutanoic acid","special-reactive-candidate","带特殊反应基团，需按设计用途核查","use-case-first","名称提示带点击、交联、亲电或其他特殊反应基团；可能有设计价值，但需核对保护策略、化学稳定性与位点选择性","基于CCD名称、连接类型、分子式和分子量的保守规则分层","该结果用于安排人工审核顺序，不等同于已确认可购、可用于SPPS/LPPS、进入过环肽或具有口服暴露。"
"YL0","(4R)-4-chloro-L-lysine","unresolved","现有结构字段不足以进一步判断","identity-first","CCD未给出明确 peptide linking 类型","基于CCD名称、连接类型、分子式和分子量的保守规则分层","该结果用于安排人工审核顺序，不等同于已确认可购、可用于SPPS/LPPS、进入过环肽或具有口服暴露。"
"ZDP","(2S,6S)-2,6-DIAMINO-2-METHYLHEPTANEDIOIC ACID","unresolved","现有结构字段不足以进一步判断","identity-first","CCD未给出明确 peptide linking 类型","基于CCD名称、连接类型、分子式和分子量的保守规则分层","该结果用于安排人工审核顺序，不等同于已确认可购、可用于SPPS/LPPS、进入过环肽或具有口服暴露。"
"ZDR","(2R,6S)-2,6-DIAMINO-2-METHYLHEPTANEDIOIC ACID","unresolved","现有结构字段不足以进一步判断","identity-first","CCD未给出明确 peptide linking 类型","基于CCD名称、连接类型、分子式和分子量的保守规则分层","该结果用于安排人工审核顺序，不等同于已确认可购、可用于SPPS/LPPS、进入过环肽或具有口服暴露。"
