CCD编号,名称,同义词,CCD连接类型,分类,结构标签,分子式,分子量,母体CCD,立体化学SMILES,结构层面可能影响,证据边界,CCD链接
004,(2S)-amino(phenyl)ethanoic acid,L-Phenylglycine,l-peptide linking,芳香／疏水侧链,芳香／疏水侧链,C8 H9 N O2,151.163,,c1ccc(cc1)[C@@H](C(=O)O)N,疏水表面积可能↑；膜分配可能↑；水溶性可能↓,仅为结构/类别推断；不代表已证实提高环肽渗透性或口服暴露,https://www.rcsb.org/ligand/004
00B,"(4R)-5,5-dimethyl-1,3-thiazolidine-4-carboxylic acid",,l-peptide linking,其他CCD肽链核心,,C6 H11 N O2 S,161.222,,CC1([C@H](NCS1)C(=O)O)C,尚无可靠的定向性质判断；需在具体环肽骨架中验证,仅为结构/类别推断；不代表已证实提高环肽渗透性或口服暴露,https://www.rcsb.org/ligand/00B
00C,3-sulfo-D-alanine,D-Cysteine sulfinic acid,d-peptide linking,D-构型,D-构型；极性／带电侧链,C3 H7 N O5 S,169.156,,C([C@H](C(=O)O)N)S(=O)(=O)O,蛋白酶稳定性可能↑；局部构象可能改变；渗透性取决于骨架；水溶性可能↑；被动渗透性可能↓,仅为结构/类别推断；不代表已证实提高环肽渗透性或口服暴露,https://www.rcsb.org/ligand/00C
00E,morpholin-4-ylacetic acid,,peptide linking,极性／带电侧链,极性／带电侧链,C6 H11 N O3,145.156,,C1COCCN1CC(=O)O,水溶性可能↑；被动渗透性可能↓；可提供结合或偶联位点,仅为结构/类别推断；不代表已证实提高环肽渗透性或口服暴露,https://www.rcsb.org/ligand/00E
00O,beta-phenyl-D-phenylalanine,,d-peptide linking,D-构型,D-构型；芳香／疏水侧链,C15 H15 N O2,241.285,,c1ccc(cc1)C(c2ccccc2)[C@H](C(=O)O)N,蛋白酶稳定性可能↑；局部构象可能改变；渗透性取决于骨架；疏水表面积可能↑；膜分配可能↑,仅为结构/类别推断；不代表已证实提高环肽渗透性或口服暴露,https://www.rcsb.org/ligand/00O
01N,N-(carboxymethyl)-3-cyclohexyl-D-alanine,,d-peptide linking,D-构型,D-构型；构象限制；极性／带电侧链,C11 H19 N O4,229.273,,C1CCC(CC1)C[C@H](C(=O)O)NCC(=O)O,蛋白酶稳定性可能↑；局部构象可能改变；渗透性取决于骨架；构象刚性可能↑；渗透性取决于极性遮蔽,仅为结构/类别推断；不代表已证实提高环肽渗透性或口服暴露,https://www.rcsb.org/ligand/01N
01W,"(2S)-2-ammonio-4-[(2,4-dinitrophenyl)amino]butanoate",,l-peptide linking,芳香／疏水侧链,芳香／疏水侧链；极性／带电侧链,C10 H12 N4 O6,284.225,,c1cc(c(cc1[N+](=O)[O-])[N+](=O)[O-])NCC[C@@H](C(=O)O)N,疏水表面积可能↑；膜分配可能↑；水溶性可能↓；水溶性可能↑；被动渗透性可能↓,仅为结构/类别推断；不代表已证实提高环肽渗透性或口服暴露,https://www.rcsb.org/ligand/01W
02A,(2S)-azetidine-2-carboxylic acid,,l-peptide linking,构象限制,构象限制,C4 H7 N O2,101.104,,C1CN[C@@H]1C(=O)O,构象刚性可能↑；蛋白酶稳定性可能↑；渗透性取决于极性遮蔽,仅为结构/类别推断；不代表已证实提高环肽渗透性或口服暴露,https://www.rcsb.org/ligand/02A
02K,1-aminocyclohexanecarboxylic acid,,peptide linking,α位取代,α位取代；构象限制,C7 H13 N O2,143.184,ALA,C1CCC(CC1)(C(=O)O)N,构象刚性可能↑；蛋白酶稳定性可能↑；渗透性受整体折叠影响；渗透性取决于极性遮蔽,仅为结构/类别推断；不代表已证实提高环肽渗透性或口服暴露,https://www.rcsb.org/ligand/02K
02L,"N-(2,2-dimethylpropyl)-L-asparagine",N-beta-neopentyl asparagine,l-peptide linking,极性／带电侧链,极性／带电侧链,C9 H18 N2 O3,202.251,ASN,CC(C)(C)CNC(=O)C[C@@H](C(=O)O)N,水溶性可能↑；被动渗透性可能↓；可提供结合或偶联位点,仅为结构/类别推断；不代表已证实提高环肽渗透性或口服暴露,https://www.rcsb.org/ligand/02L
02O,"3-(3-tert-butyl-1,2,4-oxadiazol-5-yl)-L-alanine",,l-peptide linking,芳香／疏水侧链,芳香／疏水侧链；极性／带电侧链,C9 H15 N3 O3,213.234,ALA,CC(C)(C)c1nc(on1)C[C@@H](C(=O)O)N,疏水表面积可能↑；膜分配可能↑；水溶性可能↓；水溶性可能↑；被动渗透性可能↓,仅为结构/类别推断；不代表已证实提高环肽渗透性或口服暴露,https://www.rcsb.org/ligand/02O
02V,"(2S)-(3,4-dihydroxyphenyl)(methylamino)ethanoic acid",,l-peptide linking,芳香／疏水侧链,芳香／疏水侧链；极性／带电侧链,C9 H11 N O4,197.188,,CN[C@@H](c1ccc(c(c1)O)O)C(=O)O,疏水表面积可能↑；膜分配可能↑；水溶性可能↓；水溶性可能↑；被动渗透性可能↓,仅为结构/类别推断；不代表已证实提高环肽渗透性或口服暴露,https://www.rcsb.org/ligand/02V
02Y,6-diazonio-5-oxo-L-norleucine,,l-peptide linking,极性／带电侧链,极性／带电侧链,C6 H10 N3 O3,172.162,ALA,C(CC(=O)C[N+]#N)[C@@H](C(=O)O)N,水溶性可能↑；被动渗透性可能↓；可提供结合或偶联位点,仅为结构/类别推断；不代表已证实提高环肽渗透性或口服暴露,https://www.rcsb.org/ligand/02Y
037,"(1S,3aR,6aS)-octahydrocyclopenta[c]pyrrole-1-carboxylic acid",,l-peptide linking,构象限制,构象限制,C8 H13 N O2,155.194,PRO,C1C[C@H]2CN[C@@H]([C@H]2C1)C(=O)O,构象刚性可能↑；蛋白酶稳定性可能↑；渗透性取决于极性遮蔽,仅为结构/类别推断；不代表已证实提高环肽渗透性或口服暴露,https://www.rcsb.org/ligand/037
03E,1-aminocycloheptanecarboxylic acid,,peptide linking,α位取代,α位取代；构象限制,C8 H15 N O2,157.21,,C1CCCC(CC1)(C(=O)O)N,构象刚性可能↑；蛋白酶稳定性可能↑；渗透性受整体折叠影响；渗透性取决于极性遮蔽,仅为结构/类别推断；不代表已证实提高环肽渗透性或口服暴露,https://www.rcsb.org/ligand/03E
03Y,2-methyl-L-cysteine,,l-peptide linking,其他CCD肽链核心,,C4 H9 N O2 S,135.185,CYS,C[C@](CS)(C(=O)O)N,尚无可靠的定向性质判断；需在具体环肽骨架中验证,仅为结构/类别推断；不代表已证实提高环肽渗透性或口服暴露,https://www.rcsb.org/ligand/03Y
04Q,N-benzylglycine,,peptide linking,芳香／疏水侧链,芳香／疏水侧链,C9 H11 N O2,165.189,,c1ccc(cc1)CNCC(=O)O,疏水表面积可能↑；膜分配可能↑；水溶性可能↓,仅为结构/类别推断；不代表已证实提高环肽渗透性或口服暴露,https://www.rcsb.org/ligand/04Q
04R,"[3-(trifluoromethyl)-4,5,6,7-tetrahydro-1H-indazol-1-yl]acetic acid",,peptide linking,卤代／电子调节,卤代／电子调节；极性／带电侧链,C10 H11 F3 N2 O2,248.202,,C1CCc2c(c(nn2CC(=O)O)C(F)(F)F)C1,疏水性可能↑；代谢稳定性可能↑；水溶性可能↓；水溶性可能↑；被动渗透性可能↓,仅为结构/类别推断；不代表已证实提高环肽渗透性或口服暴露,https://www.rcsb.org/ligand/04R
04U,"azanylidene-[(3S,5S)-5-carboxypyrrolidin-3-yl]imino-azanium",,l-peptide linking,极性／带电侧链,极性／带电侧链,C5 H9 N4 O2,157.151,PRO,C1[C@@H](CN[C@@H]1C(=O)O)N=[N+]=N,水溶性可能↑；被动渗透性可能↓；可提供结合或偶联位点,仅为结构/类别推断；不代表已证实提高环肽渗透性或口服暴露,https://www.rcsb.org/ligand/04U
04V,(2S)-pyrrolidine-2-carboximidic acid,,l-peptide linking,极性／带电侧链,极性／带电侧链,C5 H10 N2 O,114.146,PRO,[H]/N=C(/[C@@H]1CCCN1)\O,水溶性可能↑；被动渗透性可能↓；可提供结合或偶联位点,仅为结构/类别推断；不代表已证实提高环肽渗透性或口服暴露,https://www.rcsb.org/ligand/04V
04X,"(2S)-5-(morpholin-4-ylmethyl)-1,2,3,6-tetrahydropyridine-2-carboxylic acid",,l-peptide linking,芳香／疏水侧链,芳香／疏水侧链；极性／带电侧链,C11 H18 N2 O3,226.272,,C1COCCN1CC2=CC[C@H](NC2)C(=O)O,疏水表面积可能↑；膜分配可能↑；水溶性可能↓；水溶性可能↑；被动渗透性可能↓,仅为结构/类别推断；不代表已证实提高环肽渗透性或口服暴露,https://www.rcsb.org/ligand/04X
05N,"(3R,4R)-4-hydroxy-3-methyl-L-proline",,l-peptide linking,构象限制,构象限制；极性／带电侧链,C6 H11 N O3,145.156,PRO,C[C@H]1[C@H](CN[C@@H]1C(=O)O)O,构象刚性可能↑；蛋白酶稳定性可能↑；渗透性取决于极性遮蔽；水溶性可能↑；被动渗透性可能↓,仅为结构/类别推断；不代表已证实提高环肽渗透性或口服暴露,https://www.rcsb.org/ligand/05N
05O,(2S)-2-amino-3-[4-(trifluoromethoxy)phenyl]propanal,,l-peptide linking,卤代／电子调节,卤代／电子调节；芳香／疏水侧链；极性／带电侧链,C10 H10 F3 N O3,249.187,,c1cc(ccc1C[C@@H](C(=O)O)N)OC(F)(F)F,疏水性可能↑；代谢稳定性可能↑；水溶性可能↓；疏水表面积可能↑；膜分配可能↑,仅为结构/类别推断；不代表已证实提高环肽渗透性或口服暴露,https://www.rcsb.org/ligand/05O
060,S-methyl-D-cysteine,,d-peptide linking,D-构型,D-构型,C4 H9 N O2 S,135.185,,CSC[C@H](C(=O)O)N,蛋白酶稳定性可能↑；局部构象可能改变；渗透性取决于骨架,仅为结构/类别推断；不代表已证实提高环肽渗透性或口服暴露,https://www.rcsb.org/ligand/060
07O,S-[(2S)-2-phenylpropanoyl]-L-cysteine,,l-peptide linking,芳香／疏水侧链,芳香／疏水侧链；极性／带电侧链,C12 H15 N O3 S,253.317,CYS,C[C@@H](c1ccccc1)C(=O)SC[C@@H](C(=O)O)N,疏水表面积可能↑；膜分配可能↑；水溶性可能↓；水溶性可能↑；被动渗透性可能↓,仅为结构/类别推断；不代表已证实提高环肽渗透性或口服暴露,https://www.rcsb.org/ligand/07O
08M,N~5~-(pyrazin-2-ylcarbonyl)-L-ornithine,,l-peptide linking,芳香／疏水侧链,芳香／疏水侧链；极性／带电侧链,C10 H14 N4 O3,238.243,,c1cnc(cn1)C(=O)NCCC[C@@H](C(=O)O)N,疏水表面积可能↑；膜分配可能↑；水溶性可能↓；水溶性可能↑；被动渗透性可能↓,仅为结构/类别推断；不代表已证实提高环肽渗透性或口服暴露,https://www.rcsb.org/ligand/08M
08P,N-(carboxycarbonyl)-D-cysteine,N-oxalyl-D-cysteine,d-peptide linking,D-构型,D-构型；极性／带电侧链,C5 H7 N O5 S,193.178,DCY,C([C@H](C(=O)O)NC(=O)C(=O)O)S,蛋白酶稳定性可能↑；局部构象可能改变；渗透性取决于骨架；水溶性可能↑；被动渗透性可能↓,仅为结构/类别推断；不代表已证实提高环肽渗透性或口服暴露,https://www.rcsb.org/ligand/08P
0A0,2-methyl-L-aspartic acid,,l-peptide linking,极性／带电侧链,极性／带电侧链,C5 H9 N O4,147.129,ASP,C[C@](CC(=O)O)(C(=O)O)N,水溶性可能↑；被动渗透性可能↓；可提供结合或偶联位点,仅为结构/类别推断；不代表已证实提高环肽渗透性或口服暴露,https://www.rcsb.org/ligand/0A0
0A1,O-methyl-L-tyrosine,,l-peptide linking,芳香／疏水侧链,芳香／疏水侧链；极性／带电侧链,C10 H13 N O3,195.215,TYR,COc1ccc(cc1)C[C@@H](C(=O)O)N,疏水表面积可能↑；膜分配可能↑；水溶性可能↓；水溶性可能↑；被动渗透性可能↓,仅为结构/类别推断；不代表已证实提高环肽渗透性或口服暴露,https://www.rcsb.org/ligand/0A1
0A2,"[(1R)-1,5-diaminopentyl][bis(ethanolato)]hydroxyborate(1-)",,l-peptide linking,极性／带电侧链,极性／带电侧链,C9 H24 B N2 O3,219.109,LYS,[B-]([C@H](CCCCN)N)(O)(OCC)OCC,水溶性可能↑；被动渗透性可能↓；可提供结合或偶联位点,仅为结构/类别推断；不代表已证实提高环肽渗透性或口服暴露,https://www.rcsb.org/ligand/0A2
0A8,S-[(2-chloroethyl)carbamoyl]-L-cysteine,,l-peptide linking,卤代／电子调节,卤代／电子调节；极性／带电侧链,C6 H11 Cl N2 O3 S,226.681,CYS,C(CCl)NC(=O)SC[C@@H](C(=O)O)N,疏水性可能↑；代谢稳定性可能↑；水溶性可能↓；水溶性可能↑；被动渗透性可能↓,仅为结构/类别推断；不代表已证实提高环肽渗透性或口服暴露,https://www.rcsb.org/ligand/0A8
0A9,methyl L-phenylalaninate,,l-peptide linking,芳香／疏水侧链,芳香／疏水侧链,C10 H13 N O2,179.216,PHE,COC(=O)[C@H](Cc1ccccc1)N,疏水表面积可能↑；膜分配可能↑；水溶性可能↓,仅为结构/类别推断；不代表已证实提高环肽渗透性或口服暴露,https://www.rcsb.org/ligand/0A9
0AB,"(3S,4S)-3-amino-4-methyl-3,4-dihydro-2H-pyran-2-one",,l-peptide linking,其他CCD肽链核心,,C6 H9 N O2,127.141,VAL,C[C@H]1C=COC(=O)[C@H]1N,尚无可靠的定向性质判断；需在具体环肽骨架中验证,仅为结构/类别推断；不代表已证实提高环肽渗透性或口服暴露,https://www.rcsb.org/ligand/0AB
0AF,7-hydroxy-L-tryptophan,,l-peptide linking,芳香／疏水侧链,芳香／疏水侧链；极性／带电侧链,C11 H12 N2 O3,220.225,TRP,c1cc2c(c[nH]c2c(c1)O)C[C@@H](C(=O)O)N,疏水表面积可能↑；膜分配可能↑；水溶性可能↓；水溶性可能↑；被动渗透性可能↓,仅为结构/类别推断；不代表已证实提高环肽渗透性或口服暴露,https://www.rcsb.org/ligand/0AF
0AH,O-(bromoacetyl)-L-serine,,l-peptide linking,卤代／电子调节,卤代／电子调节；极性／带电侧链,C5 H8 Br N O4,226.025,SER,C([C@@H](C(=O)O)N)OC(=O)CBr,疏水性可能↑；代谢稳定性可能↑；水溶性可能↓；水溶性可能↑；被动渗透性可能↓,仅为结构/类别推断；不代表已证实提高环肽渗透性或口服暴露,https://www.rcsb.org/ligand/0AH
0AK,(2S)-2-amino-4-(2-chloroethoxy)-4-oxobutanoic acid,,l-peptide linking,卤代／电子调节,卤代／电子调节；极性／带电侧链,C6 H10 Cl N O4,195.601,ASP,C(CCl)OC(=O)C[C@@H](C(=O)O)N,疏水性可能↑；代谢稳定性可能↑；水溶性可能↓；水溶性可能↑；被动渗透性可能↓,仅为结构/类别推断；不代表已证实提高环肽渗透性或口服暴露,https://www.rcsb.org/ligand/0AK
0AR,N-[N-[(4S)-4-azanyl-5-hydroxy-5-oxo-pentyl]carbamimidoyl]ethanamide,,l-peptide linking,极性／带电侧链,极性／带电侧链,C8 H16 N4 O3,216.238,ARG,[H]/N=C(/NCCC[C@@H](C(=O)O)N)\NC(=O)C,水溶性可能↑；被动渗透性可能↓；可提供结合或偶联位点,仅为结构/类别推断；不代表已证实提高环肽渗透性或口服暴露,https://www.rcsb.org/ligand/0AR
0BN,4-carbamimidoyl-L-phenylalanine,,l-peptide linking,芳香／疏水侧链,芳香／疏水侧链；极性／带电侧链,C10 H13 N3 O2,207.229,PHE,[H]/N=C(\c1ccc(cc1)C[C@@H](C(=O)O)N)/N,疏水表面积可能↑；膜分配可能↑；水溶性可能↓；水溶性可能↑；被动渗透性可能↓,仅为结构/类别推断；不代表已证实提高环肽渗透性或口服暴露,https://www.rcsb.org/ligand/0BN
0CS,3-[(S)-HYDROPEROXYSULFINYL]-L-ALANINE,,l-peptide linking,极性／带电侧链,极性／带电侧链,C3 H7 N O5 S,169.156,ALA,C([C@@H](C(=O)O)N)[S@@](=O)OO,水溶性可能↑；被动渗透性可能↓；可提供结合或偶联位点,仅为结构/类别推断；不代表已证实提高环肽渗透性或口服暴露,https://www.rcsb.org/ligand/0CS
0E5,"(2S,3R)-2-azanyl-3-methyl-3-oxidanyl-pentanoic acid",,l-peptide linking,极性／带电侧链,极性／带电侧链,C6 H13 N O3,147.172,THR,CC[C@](C)([C@@H](C(=O)O)N)O,水溶性可能↑；被动渗透性可能↓；可提供结合或偶联位点,仅为结构/类别推断；不代表已证实提高环肽渗透性或口服暴露,https://www.rcsb.org/ligand/0E5
0EA,"(betaR)-beta,3-dihydroxy-N-methyl-L-tyrosine",,l-peptide linking,N-取代,N-取代；芳香／疏水侧链；极性／带电侧链,C10 H13 N O5,227.214,TYR,CN[C@@H]([C@@H](c1ccc(c(c1)O)O)O)C(=O)O,主链氢键供体可能↓；暴露极性可能↓；被动渗透性可能↑；疏水表面积可能↑；膜分配可能↑,仅为结构/类别推断；不代表已证实提高环肽渗透性或口服暴露,https://www.rcsb.org/ligand/0EA
0EH,(2R)-2-amino-2-methylnonanoic acid,,d-peptide linking,D-构型,D-构型,C10 H21 N O2,187.279,,CCCCCCC[C@](C)(C(=O)O)N,蛋白酶稳定性可能↑；局部构象可能改变；渗透性取决于骨架,仅为结构/类别推断；不代表已证实提高环肽渗透性或口服暴露,https://www.rcsb.org/ligand/0EH
0FL,3-amino-N-formyl-L-alanine,,l-peptide linking,极性／带电侧链,极性／带电侧链,C4 H8 N2 O3,132.118,ALA,C([C@@H](C(=O)O)NC=O)N,水溶性可能↑；被动渗透性可能↓；可提供结合或偶联位点,仅为结构/类别推断；不代表已证实提高环肽渗透性或口服暴露,https://www.rcsb.org/ligand/0FL
0G5,N~5~-(3-iodobenzoyl)-L-ornithine,,l-peptide linking,卤代／电子调节,卤代／电子调节；芳香／疏水侧链；极性／带电侧链,C12 H15 I N2 O3,362.164,,c1cc(cc(c1)I)C(=O)NCCC[C@@H](C(=O)O)N,疏水性可能↑；代谢稳定性可能↑；水溶性可能↓；疏水表面积可能↑；膜分配可能↑,仅为结构/类别推断；不代表已证实提高环肽渗透性或口服暴露,https://www.rcsb.org/ligand/0G5
0GG,3-{[(4-hydroxy-3-methoxyphenyl)acetyl]amino}-D-alanine,,d-peptide linking,D-构型,D-构型；芳香／疏水侧链；极性／带电侧链,C12 H16 N2 O5,268.266,,COc1cc(ccc1O)CC(=O)NC[C@H](C(=O)O)N,蛋白酶稳定性可能↑；局部构象可能改变；渗透性取决于骨架；疏水表面积可能↑；膜分配可能↑,仅为结构/类别推断；不代表已证实提高环肽渗透性或口服暴露,https://www.rcsb.org/ligand/0GG
0LF,(4R)-4-(4-phenylbutoxy)-L-proline,,l-peptide linking,构象限制,构象限制；芳香／疏水侧链；极性／带电侧链,C15 H21 N O3,263.332,PRO,c1ccc(cc1)CCCCO[C@@H]2C[C@H](NC2)C(=O)O,构象刚性可能↑；蛋白酶稳定性可能↑；渗透性取决于极性遮蔽；疏水表面积可能↑；膜分配可能↑,仅为结构/类别推断；不代表已证实提高环肽渗透性或口服暴露,https://www.rcsb.org/ligand/0LF
0MU,"(2R)-5-(acetyloxymethyl)-2-[(1R)-1-[[(5R)-5-azanyl-6-oxidanyl-6-oxidanylidene-hexanoyl]amino]-2-oxidanylidene-ethyl]-5,6-dihydro-2H-1,3-thiazine-4-carboxylic acid","CEPHALOSPORIN C, bound form",d-peptide linking,D-构型,D-构型；极性／带电侧链,C16 H23 N3 O8 S,417.434,,CC(=O)OCC1CS[C@@H](N=C1C(=O)O)[C@@H](C=O)NC(=O)CCC[C@H](C(=O)O)N,蛋白酶稳定性可能↑；局部构象可能改变；渗透性取决于骨架；水溶性可能↑；被动渗透性可能↓,仅为结构/类别推断；不代表已证实提高环肽渗透性或口服暴露,https://www.rcsb.org/ligand/0MU
0PR,N-({3-hydroxy-2-methyl-5-[(phosphonooxy)methyl]pyridin-4-yl}methyl)-L-tyrosine,PHOSPHO-5'-PYRIDOXYL TYROSINE,l-peptide linking,芳香／疏水侧链,芳香／疏水侧链；极性／带电侧链,C17 H21 N2 O8 P,412.331,TYR,Cc1c(c(c(cn1)COP(=O)(O)O)CN[C@@H](Cc2ccc(cc2)O)C(=O)O)O,疏水表面积可能↑；膜分配可能↑；水溶性可能↓；水溶性可能↑；被动渗透性可能↓,仅为结构/类别推断；不代表已证实提高环肽渗透性或口服暴露,https://www.rcsb.org/ligand/0PR
0QL,3-[(2-aminoethyl)disulfanyl]-L-alanine,CYS-MTSEA,l-peptide linking,极性／带电侧链,极性／带电侧链,C5 H12 N2 O2 S2,196.291,CYS,C(CSSC[C@@H](C(=O)O)N)N,水溶性可能↑；被动渗透性可能↓；可提供结合或偶联位点,仅为结构/类别推断；不代表已证实提高环肽渗透性或口服暴露,https://www.rcsb.org/ligand/0QL
0QZ,D-Isoserine,(2R)-3-amino-2-hydroxypropanoic acid,d-peptide linking,D-构型,D-构型；极性／带电侧链,C3 H7 N O3,105.093,,C([C@H](C(=O)O)O)N,蛋白酶稳定性可能↑；局部构象可能改变；渗透性取决于骨架；水溶性可能↑；被动渗透性可能↓,仅为结构/类别推断；不代表已证实提高环肽渗透性或口服暴露,https://www.rcsb.org/ligand/0QZ
0RJ,3-(formylamino)-L-alanine,,l-peptide linking,极性／带电侧链,极性／带电侧链,C4 H8 N2 O3,132.118,,C([C@@H](C(=O)O)N)NC=O,水溶性可能↑；被动渗透性可能↓；可提供结合或偶联位点,仅为结构/类别推断；不代表已证实提高环肽渗透性或口服暴露,https://www.rcsb.org/ligand/0RJ
0TD,(3S)-3-(methylsulfanyl)-L-aspartic acid,,l-peptide linking,极性／带电侧链,极性／带电侧链,C5 H9 N O4 S,179.194,ASP,CS[C@@H]([C@@H](C(=O)O)N)C(=O)O,水溶性可能↑；被动渗透性可能↓；可提供结合或偶联位点,仅为结构/类别推断；不代表已证实提高环肽渗透性或口服暴露,https://www.rcsb.org/ligand/0TD
0TH,N-(propylsulfonyl)-D-threonine,,d-peptide linking,D-构型,D-构型；极性／带电侧链,C7 H15 N O5 S,225.263,,CCCS(=O)(=O)N[C@H]([C@H](C)O)C(=O)O,蛋白酶稳定性可能↑；局部构象可能改变；渗透性取决于骨架；水溶性可能↑；被动渗透性可能↓,仅为结构/类别推断；不代表已证实提高环肽渗透性或口服暴露,https://www.rcsb.org/ligand/0TH
0UZ,(2R)-amino(3-chloro-4-hydroxyphenyl)ethanoic acid,,d-peptide linking,D-构型,D-构型；卤代／电子调节；芳香／疏水侧链；极性／带电侧链,C8 H8 Cl N O3,201.607,,c1cc(c(cc1[C@H](C(=O)O)N)Cl)O,蛋白酶稳定性可能↑；局部构象可能改变；渗透性取决于骨架；疏水性可能↑；代谢稳定性可能↑,仅为结构/类别推断；不代表已证实提高环肽渗透性或口服暴露,https://www.rcsb.org/ligand/0UZ
0W6,(4S)-4-aminopentanoic acid,"(2E,4S)-4-aminopent-2-enoic acid, Bound form",l-peptide linking,其他CCD肽链核心,,C5 H11 N O2,117.146,,C[C@@H](CCC(=O)O)N,尚无可靠的定向性质判断；需在具体环肽骨架中验证,仅为结构/类别推断；不代表已证实提高环肽渗透性或口服暴露,https://www.rcsb.org/ligand/0W6
0WZ,3-(1H-pyrazol-1-yl)-L-tyrosine,,l-peptide linking,芳香／疏水侧链,芳香／疏水侧链；极性／带电侧链,C12 H13 N3 O3,247.25,TYR,c1cnn(c1)c2cc(ccc2O)C[C@@H](C(=O)O)N,疏水表面积可能↑；膜分配可能↑；水溶性可能↓；水溶性可能↑；被动渗透性可能↓,仅为结构/类别推断；不代表已证实提高环肽渗透性或口服暴露,https://www.rcsb.org/ligand/0WZ
0X9,N~2~-sulfamoyl-L-arginine,,l-peptide linking,极性／带电侧链,极性／带电侧链,C6 H15 N5 O4 S,253.279,ARG,[H]/N=C(\N)/NCCC[C@@H](C(=O)O)NS(=O)(=O)N,水溶性可能↑；被动渗透性可能↓；可提供结合或偶联位点,仅为结构/类别推断；不代表已证实提高环肽渗透性或口服暴露,https://www.rcsb.org/ligand/0X9
0XL,2-amino-2-ethylbutanoic acid,,peptide linking,其他CCD肽链核心,,C6 H13 N O2,131.173,,CCC(CC)(C(=O)O)N,尚无可靠的定向性质判断；需在具体环肽骨架中验证,仅为结构/类别推断；不代表已证实提高环肽渗透性或口服暴露,https://www.rcsb.org/ligand/0XL
0XO,2-methyl-D-lysine,,d-peptide linking,D-构型,D-构型；极性／带电侧链,C7 H16 N2 O2,160.214,,C[C@@](CCCCN)(C(=O)O)N,蛋白酶稳定性可能↑；局部构象可能改变；渗透性取决于骨架；水溶性可能↑；被动渗透性可能↓,仅为结构/类别推断；不代表已证实提高环肽渗透性或口服暴露,https://www.rcsb.org/ligand/0XO
0XQ,"(2R)-2,8-diamino-2-methyloctanoic acid",,d-peptide linking,D-构型,D-构型；极性／带电侧链,C9 H20 N2 O2,188.267,,C[C@@](CCCCCCN)(C(=O)O)N,蛋白酶稳定性可能↑；局部构象可能改变；渗透性取决于骨架；水溶性可能↑；被动渗透性可能↓,仅为结构/类别推断；不代表已证实提高环肽渗透性或口服暴露,https://www.rcsb.org/ligand/0XQ
0Y8,(4R)-4-[(7-bromoisoquinolin-1-yl)oxy]-L-proline,,l-peptide linking,构象限制,卤代／电子调节；构象限制；芳香／疏水侧链；极性／带电侧链,C14 H13 Br N2 O3,337.169,PRO,c1cc(cc2c1ccnc2O[C@@H]3C[C@H](NC3)C(=O)O)Br,疏水性可能↑；代谢稳定性可能↑；水溶性可能↓；构象刚性可能↑；蛋白酶稳定性可能↑,仅为结构/类别推断；不代表已证实提高环肽渗透性或口服暴露,https://www.rcsb.org/ligand/0Y8
0Y9,"(1R,2S)-1-amino-2-ethenylcyclopropanecarboxylic acid",,peptide linking,构象限制,构象限制,C6 H9 N O2,127.141,,C=C[C@@H]1C[C@@]1(C(=O)O)N,构象刚性可能↑；蛋白酶稳定性可能↑；渗透性取决于极性遮蔽,仅为结构/类别推断；不代表已证实提高环肽渗透性或口服暴露,https://www.rcsb.org/ligand/0Y9
11Q,1-(cyclohexylmethyl)-L-proline,,l-peptide linking,构象限制,构象限制,C12 H21 N O2,211.301,PRO,C1CCC(CC1)CN2CCC[C@H]2C(=O)O,构象刚性可能↑；蛋白酶稳定性可能↑；渗透性取决于极性遮蔽,仅为结构/类别推断；不代表已证实提高环肽渗透性或口服暴露,https://www.rcsb.org/ligand/11Q
11W,(4R)-4-[(2E)-3-{4-[(E)-phenyldiazenyl]phenyl}prop-2-en-1-yl]-L-glutamic acid,trans-GluAzo,l-peptide linking,芳香／疏水侧链,芳香／疏水侧链；极性／带电侧链,C20 H21 N3 O4,367.398,GLU,c1ccc(cc1)/N=N/c2ccc(cc2)/C=C/C[C@H](C[C@@H](C(=O)O)N)C(=O)O,疏水表面积可能↑；膜分配可能↑；水溶性可能↓；水溶性可能↑；被动渗透性可能↓,仅为结构/类别推断；不代表已证实提高环肽渗透性或口服暴露,https://www.rcsb.org/ligand/11W
12L,"(1R,2S,5S)-6,6-dimethyl-3-azabicyclo[3.1.0]hexane-2-carboxylic acid",,l-peptide linking,构象限制,构象限制,C8 H13 N O2,155.194,PRO,CC1([C@@H]2[C@H]1[C@H](NC2)C(=O)O)C,构象刚性可能↑；蛋白酶稳定性可能↑；渗透性取决于极性遮蔽,仅为结构/类别推断；不代表已证实提高环肽渗透性或口服暴露,https://www.rcsb.org/ligand/12L
12X,"(4R)-4-[(8-bromo-7-methoxy-2-{2-[(2-methylpropanoyl)amino]-1,3-thiazol-4-yl}quinolin-4-yl)oxy]-L-proline",,l-peptide linking,构象限制,卤代／电子调节；构象限制；芳香／疏水侧链；极性／带电侧链,C22 H23 Br N4 O5 S,535.411,PRO,CC(C)C(=O)Nc1nc(cs1)c2cc(c3ccc(c(c3n2)Br)OC)O[C@@H]4C[C@H](NC4)C(=O)O,疏水性可能↑；代谢稳定性可能↑；水溶性可能↓；构象刚性可能↑；蛋白酶稳定性可能↑,仅为结构/类别推断；不代表已证实提高环肽渗透性或口服暴露,https://www.rcsb.org/ligand/12X
12Y,"(4R)-4-[(7-methoxy-2-{2-[(2-methylpropanoyl)amino]-1,3-thiazol-4-yl}quinolin-4-yl)oxy]-L-proline",,l-peptide linking,构象限制,构象限制；芳香／疏水侧链；极性／带电侧链,C22 H24 N4 O5 S,456.515,PRO,CC(C)C(=O)Nc1nc(cs1)c2cc(c3ccc(cc3n2)OC)O[C@@H]4C[C@H](NC4)C(=O)O,构象刚性可能↑；蛋白酶稳定性可能↑；渗透性取决于极性遮蔽；疏水表面积可能↑；膜分配可能↑,仅为结构/类别推断；不代表已证实提高环肽渗透性或口服暴露,https://www.rcsb.org/ligand/12Y
13E,N-[(2S)-2-amino-3-phenylpropyl]-L-methionine,,l-peptide linking,芳香／疏水侧链,芳香／疏水侧链；极性／带电侧链,C14 H22 N2 O2 S,282.402,,CSCC[C@@H](C(=O)O)NC[C@H](Cc1ccccc1)N,疏水表面积可能↑；膜分配可能↑；水溶性可能↓；水溶性可能↑；被动渗透性可能↓,仅为结构/类别推断；不代表已证实提高环肽渗透性或口服暴露,https://www.rcsb.org/ligand/13E
143,"S-2,3-DIHYDRO-5-GLYCIN-2-YL-ISOXAZOL-3-YL-CYSTEINE","2-AMINO-3-[5-(AMINO-CARBOXY-METHYL)-2,3-DIHYDRO-ISOXAZOL-3-YLSULFANYL]-PROPIONIC ACID",l-peptide linking,极性／带电侧链,极性／带电侧链,C8 H13 N3 O5 S,263.271,CYS,C1=C(ON[C@@H]1SC[C@@H](C(=O)O)N)[C@@H](C(=O)O)N,水溶性可能↑；被动渗透性可能↓；可提供结合或偶联位点,仅为结构/类别推断；不代表已证实提高环肽渗透性或口服暴露,https://www.rcsb.org/ligand/143
175,"3,5-DIHYDRO-5-METHYLIDENE-4H-IMIDAZOL-4-ON",,l-peptide linking,极性／带电侧链,极性／带电侧链,C8 H16 N4 O3,216.238,ALA / GLY / SER,C[C@@H](C1NC(C(=O)N1CC(=O)O)CN)N,水溶性可能↑；被动渗透性可能↓；可提供结合或偶联位点,仅为结构/类别推断；不代表已证实提高环肽渗透性或口服暴露,https://www.rcsb.org/ligand/175
192,1-AMINOCYCLOBUTANECARBOXLIC ACID,,peptide linking,α位取代,α位取代；构象限制,C5 H9 N O2,115.13,,C1CC(C1)(C(=O)O)N,构象刚性可能↑；蛋白酶稳定性可能↑；渗透性受整体折叠影响；渗透性取决于极性遮蔽,仅为结构/类别推断；不代表已证实提高环肽渗透性或口服暴露,https://www.rcsb.org/ligand/192
193,(2S)-4-(BETA-ALANYLAMINO)-2-AMINOBUTANOIC ACID,,l-peptide linking,极性／带电侧链,极性／带电侧链,C7 H15 N3 O3,189.212,,C(CNC(=O)CCN)[C@@H](C(=O)O)N,水溶性可能↑；被动渗透性可能↓；可提供结合或偶联位点,仅为结构/类别推断；不代表已证实提高环肽渗透性或口服暴露,https://www.rcsb.org/ligand/193
19W,5-(aminooxy)-L-norvaline,,l-peptide linking,极性／带电侧链,极性／带电侧链,C5 H12 N2 O3,148.16,,C(C[C@@H](C(=O)O)N)CON,水溶性可能↑；被动渗透性可能↓；可提供结合或偶联位点,仅为结构/类别推断；不代表已证实提高环肽渗透性或口服暴露,https://www.rcsb.org/ligand/19W
1AC,1-AMINOCYCLOPROPANECARBOXYLIC ACID,,peptide linking,α位取代,α位取代；构象限制,C4 H7 N O2,101.104,ALA,C1CC1(C(=O)O)N,构象刚性可能↑；蛋白酶稳定性可能↑；渗透性受整体折叠影响；渗透性取决于极性遮蔽,仅为结构/类别推断；不代表已证实提高环肽渗透性或口服暴露,https://www.rcsb.org/ligand/1AC
1C3,"1-(3,4,5-trimethoxybenzyl)-L-proline",,l-peptide linking,构象限制,构象限制；芳香／疏水侧链；极性／带电侧链,C15 H21 N O5,295.331,,COc1cc(cc(c1OC)OC)CN2CCC[C@H]2C(=O)O,构象刚性可能↑；蛋白酶稳定性可能↑；渗透性取决于极性遮蔽；疏水表面积可能↑；膜分配可能↑,仅为结构/类别推断；不代表已证实提高环肽渗透性或口服暴露,https://www.rcsb.org/ligand/1C3
1E3,"(2S)-2,9-diaminononanoic acid",,l-peptide linking,极性／带电侧链,极性／带电侧链,C9 H20 N2 O2,188.267,,C(CCC[C@@H](C(=O)O)N)CCCN,水溶性可能↑；被动渗透性可能↓；可提供结合或偶联位点,仅为结构/类别推断；不代表已证实提高环肽渗透性或口服暴露,https://www.rcsb.org/ligand/1E3
1G2,(2S)-2-azido-3-phenylpropanoic acid,,l-peptide linking,芳香／疏水侧链,芳香／疏水侧链；极性／带电侧链,C9 H9 N3 O2,191.187,,c1ccc(cc1)C[C@@H](C(=O)O)N=[N+]=[N-],疏水表面积可能↑；膜分配可能↑；水溶性可能↓；水溶性可能↑；被动渗透性可能↓,仅为结构/类别推断；不代表已证实提高环肽渗透性或口服暴露,https://www.rcsb.org/ligand/1G2
1G3,(2S)-1-[4-(aminomethyl)phenyl]-4-(methylsulfonyl)butan-2-amine,,l-peptide linking,芳香／疏水侧链,芳香／疏水侧链；极性／带电侧链,C12 H20 N2 O2 S,256.364,,CS(=O)(=O)CC[C@H](Cc1ccc(cc1)CN)N,疏水表面积可能↑；膜分配可能↑；水溶性可能↓；水溶性可能↑；被动渗透性可能↓,仅为结构/类别推断；不代表已证实提高环肽渗透性或口服暴露,https://www.rcsb.org/ligand/1G3
1G8,4-(aminomethyl)-D-phenylalanine,,d-peptide linking,D-构型,D-构型；芳香／疏水侧链；极性／带电侧链,C10 H14 N2 O2,194.23,,c1cc(ccc1C[C@H](C(=O)O)N)CN,蛋白酶稳定性可能↑；局部构象可能改变；渗透性取决于骨架；疏水表面积可能↑；膜分配可能↑,仅为结构/类别推断；不代表已证实提高环肽渗透性或口服暴露,https://www.rcsb.org/ligand/1G8
1IC,O-octanoyl-D-serine,,d-peptide linking,D-构型,D-构型；极性／带电侧链,C11 H21 N O4,231.289,,CCCCCCCC(=O)OC[C@H](C(=O)O)N,蛋白酶稳定性可能↑；局部构象可能改变；渗透性取决于骨架；水溶性可能↑；被动渗透性可能↓,仅为结构/类别推断；不代表已证实提高环肽渗透性或口服暴露,https://www.rcsb.org/ligand/1IC
1IP,N~2~-(PHOSPHONOACETYL)-L-ASPARAGINE,,l-peptide linking,极性／带电侧链,极性／带电侧链,C6 H11 N2 O7 P,254.135,,C([C@@H](C(=O)O)NC(=O)CP(=O)(O)O)C(=O)N,水溶性可能↑；被动渗透性可能↓；可提供结合或偶联位点,仅为结构/类别推断；不代表已证实提高环肽渗透性或口服暴露,https://www.rcsb.org/ligand/1IP
1JM,4-carboxy-N-methyl-D-phenylalanine,,d-peptide linking,N-取代,D-构型；N-取代；芳香／疏水侧链；极性／带电侧链,C11 H13 N O4,223.225,,CN[C@H](Cc1ccc(cc1)C(=O)O)C(=O)O,蛋白酶稳定性可能↑；局部构象可能改变；渗透性取决于骨架；主链氢键供体可能↓；暴露极性可能↓,仅为结构/类别推断；不代表已证实提高环肽渗透性或口服暴露,https://www.rcsb.org/ligand/1JM
1L1,3-cyclohexyl-N-sulfamoyl-D-alanine,,d-peptide linking,D-构型,D-构型；构象限制；极性／带电侧链,C9 H18 N2 O4 S,250.315,ALA,C1CCC(CC1)C[C@H](C(=O)O)NS(=O)(=O)N,蛋白酶稳定性可能↑；局部构象可能改变；渗透性取决于骨架；构象刚性可能↑；渗透性取决于极性遮蔽,仅为结构/类别推断；不代表已证实提高环肽渗透性或口服暴露,https://www.rcsb.org/ligand/1L1
1ME,(2S)-2-AMINO-3-METHYLSULFANYL-BUTANOIC ACID,,l-peptide linking,其他CCD肽链核心,,C5 H11 N O2 S,149.211,,CC([C@H](C(=O)O)N)SC,尚无可靠的定向性质判断；需在具体环肽骨架中验证,仅为结构/类别推断；不代表已证实提高环肽渗透性或口服暴露,https://www.rcsb.org/ligand/1ME
1MH,3-pyridin-3-yl-L-alanine,,l-peptide linking,芳香／疏水侧链,芳香／疏水侧链；极性／带电侧链,C8 H10 N2 O2,166.177,,c1cc(cnc1)C[C@@H](C(=O)O)N,疏水表面积可能↑；膜分配可能↑；水溶性可能↓；水溶性可能↑；被动渗透性可能↓,仅为结构/类别推断；不代表已证实提高环肽渗透性或口服暴露,https://www.rcsb.org/ligand/1MH
1OP,O-(5-hydroxypentyl)-L-tyrosine,,l-peptide linking,芳香／疏水侧链,芳香／疏水侧链；极性／带电侧链,C14 H21 N O4,267.321,TYR,c1cc(ccc1C[C@@H](C(=O)O)N)OCCCCCO,疏水表面积可能↑；膜分配可能↑；水溶性可能↓；水溶性可能↑；被动渗透性可能↓,仅为结构/类别推断；不代表已证实提高环肽渗透性或口服暴露,https://www.rcsb.org/ligand/1OP
1PA,4-(carboxymethyl)-L-phenylalanine,p-(carboxymethyl)phenylalanine,l-peptide linking,芳香／疏水侧链,芳香／疏水侧链；极性／带电侧链,C11 H13 N O4,223.225,PHE,c1cc(ccc1C[C@@H](C(=O)O)N)CC(=O)O,疏水表面积可能↑；膜分配可能↑；水溶性可能↓；水溶性可能↑；被动渗透性可能↓,仅为结构/类别推断；不代表已证实提高环肽渗透性或口服暴露,https://www.rcsb.org/ligand/1PA
1PI,(3R)-3-[(2S)-2-amino-3-oxopropyl]piperidine-1-carboximidamide,,l-peptide linking,构象限制,构象限制；极性／带电侧链,C9 H18 N4 O,198.265,ALA,[H]/N=C(/N)\N1CCC[C@@H](C1)C[C@@H](C=O)N,构象刚性可能↑；蛋白酶稳定性可能↑；渗透性取决于极性遮蔽；水溶性可能↑；被动渗透性可能↓,仅为结构/类别推断；不代表已证实提高环肽渗透性或口服暴露,https://www.rcsb.org/ligand/1PI
1QI,"(2R,4S,5S)-5-azanyl-6-methyl-4-oxidanyl-2-(phenylmethyl)heptanoic acid",,peptide linking,芳香／疏水侧链,芳香／疏水侧链；极性／带电侧链,C15 H23 N O3,265.348,,CC(C)[C@@H]([C@H](C[C@@H](Cc1ccccc1)C(=O)O)O)N,疏水表面积可能↑；膜分配可能↑；水溶性可能↓；水溶性可能↑；被动渗透性可能↓,仅为结构/类别推断；不代表已证实提高环肽渗透性或口服暴露,https://www.rcsb.org/ligand/1QI
1TQ,6-(FORMYLAMINO)-7-HYDROXY-L-TRYPTOPHAN,,l-peptide linking,芳香／疏水侧链,芳香／疏水侧链；极性／带电侧链,C12 H13 N3 O4,263.249,TRP,c1cc(c(c2c1c(c[nH]2)C[C@@H](C(=O)O)N)O)NC=O,疏水表面积可能↑；膜分配可能↑；水溶性可能↓；水溶性可能↑；被动渗透性可能↓,仅为结构/类别推断；不代表已证实提高环肽渗透性或口服暴露,https://www.rcsb.org/ligand/1TQ
1TX,(2S)-2-amino-7-methoxy-7-oxoheptanoic acid,,l-peptide linking,极性／带电侧链,极性／带电侧链,C8 H15 N O4,189.209,,COC(=O)CCCC[C@@H](C(=O)O)N,水溶性可能↑；被动渗透性可能↓；可提供结合或偶联位点,仅为结构/类别推断；不代表已证实提高环肽渗透性或口服暴露,https://www.rcsb.org/ligand/1TX
1TY,"3-{(3E)-4-HYDROXY-6-OXO-3-[(2-PHENYLETHYL)IMINO]CYCLOHEXA-1,4-DIEN-1-YL}ALANINE",,l-peptide linking,构象限制,构象限制；芳香／疏水侧链；极性／带电侧链,C17 H18 N2 O4,314.336,TYR,c1ccc(cc1)CC/N=C/2\C=C(C(=O)C=C2O)C[C@@H](C(=O)O)N,构象刚性可能↑；蛋白酶稳定性可能↑；渗透性取决于极性遮蔽；疏水表面积可能↑；膜分配可能↑,仅为结构/类别推断；不代表已证实提高环肽渗透性或口服暴露,https://www.rcsb.org/ligand/1TY
1U8,"(3S)-3-amino-5-[(2,6-dimethylbenzoyl)oxy]-4-oxopentanoic acid",,l-peptide linking,芳香／疏水侧链,芳香／疏水侧链；极性／带电侧链,C14 H17 N O5,279.288,,Cc1cccc(c1C(=O)OCC(=O)[C@H](CC(=O)O)N)C,疏水表面积可能↑；膜分配可能↑；水溶性可能↓；水溶性可能↑；被动渗透性可能↓,仅为结构/类别推断；不代表已证实提高环肽渗透性或口服暴露,https://www.rcsb.org/ligand/1U8
1VR,(3R)-3-amino-4-methylpentanoic acid,beta-3-homovaline,l-peptide linking,其他CCD肽链核心,,C6 H13 N O2,131.173,,CC(C)[C@@H](CC(=O)O)N,尚无可靠的定向性质判断；需在具体环肽骨架中验证,仅为结构/类别推断；不代表已证实提高环肽渗透性或口服暴露,https://www.rcsb.org/ligand/1VR
1X6,O-[(2E)-3-AMINOPROP-2-ENOYL]-L-SERINE,,l-peptide linking,极性／带电侧链,极性／带电侧链,C6 H10 N2 O4,174.155,SER,C([C@@H](C(=O)O)N)OC(=O)/C=C/N,水溶性可能↑；被动渗透性可能↓；可提供结合或偶联位点,仅为结构/类别推断；不代表已证实提高环肽渗透性或口服暴露,https://www.rcsb.org/ligand/1X6
1XW,"(1aS,4S,6aR,7aS)-octahydro-1H-cyclopropa[4,5]pyrrolo[1,2-a]pyrazine-4-carboxylic acid",,l-peptide linking,构象限制,构象限制；极性／带电侧链,C9 H14 N2 O2,182.22,,C1[C@@H]2C[C@@H]2N3[C@H]1CN[C@@H](C3)C(=O)O,构象刚性可能↑；蛋白酶稳定性可能↑；渗透性取决于极性遮蔽；水溶性可能↑；被动渗透性可能↓,仅为结构/类别推断；不代表已证实提高环肽渗透性或口服暴露,https://www.rcsb.org/ligand/1XW
200,4-CHLORO-L-PHENYLALANINE,,l-peptide linking,卤代／电子调节,卤代／电子调节；芳香／疏水侧链,C9 H10 Cl N O2,199.634,PHE,c1cc(ccc1C[C@@H](C(=O)O)N)Cl,疏水性可能↑；代谢稳定性可能↑；水溶性可能↓；疏水表面积可能↑；膜分配可能↑,仅为结构/类别推断；不代表已证实提高环肽渗透性或口服暴露,https://www.rcsb.org/ligand/200
22G,N-[(2S)-2-amino-3-phenylpropyl]-L-tyrosine,,l-peptide linking,芳香／疏水侧链,芳香／疏水侧链；极性／带电侧链,C18 H22 N2 O3,314.379,,c1ccc(cc1)C[C@@H](CN[C@@H](Cc2ccc(cc2)O)C(=O)O)N,疏水表面积可能↑；膜分配可能↑；水溶性可能↓；水溶性可能↑；被动渗透性可能↓,仅为结构/类别推断；不代表已证实提高环肽渗透性或口服暴露,https://www.rcsb.org/ligand/22G
23F,(2Z)-2-AMINO-3-PHENYLACRYLIC ACID,DEHYDROPHENYLALANINE,peptide linking,芳香／疏水侧链,芳香／疏水侧链,C9 H9 N O2,163.173,PHE,c1ccc(cc1)\C=C(\C(=O)O)/N,疏水表面积可能↑；膜分配可能↑；水溶性可能↓,仅为结构/类别推断；不代表已证实提高环肽渗透性或口服暴露,https://www.rcsb.org/ligand/23F
23P,3-(propanoylamino)-L-alanine,,l-peptide linking,极性／带电侧链,极性／带电侧链,C6 H12 N2 O3,160.171,ALA,CCC(=O)NC[C@@H](C(=O)O)N,水溶性可能↑；被动渗透性可能↓；可提供结合或偶联位点,仅为结构/类别推断；不代表已证实提高环肽渗透性或口服暴露,https://www.rcsb.org/ligand/23P
23S,"(S)-2-AMINO-3-(6H-SELENOLO[2,3-B]-PYRROL-4-YL)-PROPIONIC ACID",,l-peptide linking,芳香／疏水侧链,芳香／疏水侧链；极性／带电侧链,C9 H10 N2 O2 Se,257.148,,c1c[se]c2c1c(c[nH]2)C[C@@H](C(=O)O)N,疏水表面积可能↑；膜分配可能↑；水溶性可能↓；水溶性可能↑；被动渗透性可能↓,仅为结构/类别推断；不代表已证实提高环肽渗透性或口服暴露,https://www.rcsb.org/ligand/23S
28J,D-alloisoleucine,,d-peptide linking,D-构型,D-构型,C6 H13 N O2,131.173,,CC[C@H](C)[C@H](C(=O)O)N,蛋白酶稳定性可能↑；局部构象可能改变；渗透性取决于骨架,仅为结构/类别推断；不代表已证实提高环肽渗透性或口服暴露,https://www.rcsb.org/ligand/28J
28X,"O-[(R)-{[(3R)-3,4-dihydroxybutyl]oxy}(hydroxy)phosphoryl]-L-threonine",,l-peptide linking,极性／带电侧链,极性／带电侧链,C8 H18 N O8 P,287.204,THR,C[C@H]([C@@H](C(=O)O)N)OP(=O)(O)OCC[C@H](CO)O,水溶性可能↑；被动渗透性可能↓；可提供结合或偶联位点,仅为结构/类别推断；不代表已证实提高环肽渗透性或口服暴露,https://www.rcsb.org/ligand/28X
2AD,2'-AMINO-2'-DEOXYADENOSINE,,l-peptide linking,芳香／疏水侧链,芳香／疏水侧链；极性／带电侧链,C10 H14 N6 O3,266.257,,c1nc(c2c(n1)n(cn2)[C@H]3[C@@H]([C@@H]([C@H](O3)CO)O)N)N,疏水表面积可能↑；膜分配可能↑；水溶性可能↓；水溶性可能↑；被动渗透性可能↓,仅为结构/类别推断；不代表已证实提高环肽渗透性或口服暴露,https://www.rcsb.org/ligand/2AD
2AG,(2S)-2-aminopent-4-enoic acid,L-allylglycine,l-peptide linking,其他CCD肽链核心,,C5 H9 N O2,115.13,ALA,C=CC[C@@H](C(=O)O)N,尚无可靠的定向性质判断；需在具体环肽骨架中验证,仅为结构/类别推断；不代表已证实提高环肽渗透性或口服暴露,https://www.rcsb.org/ligand/2AG
2AS,"(2S,3S)-3-methyl-aspartic acid",,l-peptide linking,极性／带电侧链,极性／带电侧链,C5 H9 N O4,147.129,,C[C@H]([C]O)[C@@H](C(=O)(=O)O)N,水溶性可能↑；被动渗透性可能↓；可提供结合或偶联位点,仅为结构/类别推断；不代表已证实提高环肽渗透性或口服暴露,https://www.rcsb.org/ligand/2AS
2CO,S-HYDROPEROXYCYSTEINE,,l-peptide linking,极性／带电侧链,极性／带电侧链,C3 H7 N O4 S,153.157,CYS,C([C@@H](C(=O)O)N)SOO,水溶性可能↑；被动渗透性可能↓；可提供结合或偶联位点,仅为结构/类别推断；不代表已证实提高环肽渗透性或口服暴露,https://www.rcsb.org/ligand/2CO
2DO,"(2S)-2-AMINOHEXANE-1,1-DIOL",,l-peptide linking,其他CCD肽链核心,,C6 H15 N O2,133.189,,CCCC[C@@H](C(O)O)N,尚无可靠的定向性质判断；需在具体环肽骨架中验证,仅为结构/类别推断；不代表已证实提高环肽渗透性或口服暴露,https://www.rcsb.org/ligand/2DO
2FM,S-(DIFLUOROMETHYL)HOMOCYSTEINE,DIFLUOROMETHIONINE,l-peptide linking,卤代／电子调节,卤代／电子调节,C5 H9 F2 N O2 S,185.192,MET,C(CSC(F)F)[C@@H](C(=O)O)N,疏水性可能↑；代谢稳定性可能↑；水溶性可能↓,仅为结构/类别推断；不代表已证实提高环肽渗透性或口服暴露,https://www.rcsb.org/ligand/2FM
2GX,beta-phenyl-L-phenylalanine,,l-peptide linking,芳香／疏水侧链,芳香／疏水侧链,C15 H15 N O2,241.285,PHE,c1ccc(cc1)C(c2ccccc2)[C@@H](C(=O)O)N,疏水表面积可能↑；膜分配可能↑；水溶性可能↓,仅为结构/类别推断；不代表已证实提高环肽渗透性或口服暴露,https://www.rcsb.org/ligand/2GX
2HF,2-fluoro-L-histidine,,l-peptide linking,卤代／电子调节,卤代／电子调节；芳香／疏水侧链；极性／带电侧链,C6 H9 F N3 O2,174.153,HIS,c1c([nH+]c([nH]1)F)C[C@@H](C(=O)O)N,疏水性可能↑；代谢稳定性可能↑；水溶性可能↓；疏水表面积可能↑；膜分配可能↑,仅为结构/类别推断；不代表已证实提高环肽渗透性或口服暴露,https://www.rcsb.org/ligand/2HF
2JC,N-ethylglycine,,l-peptide linking,N-取代,N-取代,C4 H9 N O2,103.12,,CCNCC(=O)O,主链氢键供体可能↓；暴露极性可能↓；被动渗透性可能↑,仅为结构/类别推断；不代表已证实提高环肽渗透性或口服暴露,https://www.rcsb.org/ligand/2JC
2JF,(2S)-2-amino-3-oxopropyl 4-{[(2S)-2-hydroxy-4-methylpentanoyl]amino}butanoate,,l-peptide linking,极性／带电侧链,极性／带电侧链,C13 H24 N2 O5,288.34,,CC(C)C[C@@H](C(=O)NCCCC(=O)OC[C@@H](C=O)N)O,水溶性可能↑；被动渗透性可能↓；可提供结合或偶联位点,仅为结构/类别推断；不代表已证实提高环肽渗透性或口服暴露,https://www.rcsb.org/ligand/2JF
2JG,(2S)-2-amino-3-oxopropyl hexanoate,,l-peptide linking,极性／带电侧链,极性／带电侧链,C9 H17 N O3,187.236,SER,CCCCCC(=O)OC[C@@H](C=O)N,水溶性可能↑；被动渗透性可能↓；可提供结合或偶联位点,仅为结构/类别推断；不代表已证实提高环肽渗透性或口服暴露,https://www.rcsb.org/ligand/2JG
2JH,3-cyclobutyl-L-alanine,,l-peptide linking,构象限制,构象限制,C7 H13 N O2,143.184,,C1CC(C1)C[C@@H](C(=O)O)N,构象刚性可能↑；蛋白酶稳定性可能↑；渗透性取决于极性遮蔽,仅为结构/类别推断；不代表已证实提高环肽渗透性或口服暴露,https://www.rcsb.org/ligand/2JH
2JJ,5-phosphono-D-norvaline,,d-peptide linking,D-构型,D-构型；极性／带电侧链,C5 H12 N O5 P,197.126,,C(C[C@H](C(=O)O)N)CP(=O)(O)O,蛋白酶稳定性可能↑；局部构象可能改变；渗透性取决于骨架；水溶性可能↑；被动渗透性可能↓,仅为结构/类别推断；不代表已证实提高环肽渗透性或口服暴露,https://www.rcsb.org/ligand/2JJ
2JN,2-methyl-D-norleucine,,d-peptide linking,D-构型,D-构型,C7 H15 N O2,145.199,,CCCC[C@](C)(C(=O)O)N,蛋白酶稳定性可能↑；局部构象可能改变；渗透性取决于骨架,仅为结构/类别推断；不代表已证实提高环肽渗透性或口服暴露,https://www.rcsb.org/ligand/2JN
2KK,N~6~-(4-fluorobenzoyl)-L-lysine,,l-peptide linking,卤代／电子调节,卤代／电子调节；芳香／疏水侧链；极性／带电侧链,C13 H17 F N2 O3,268.284,LYS,c1cc(ccc1C(=O)NCCCC[C@@H](C(=O)O)N)F,疏水性可能↑；代谢稳定性可能↑；水溶性可能↓；疏水表面积可能↑；膜分配可能↑,仅为结构/类别推断；不代表已证实提高环肽渗透性或口服暴露,https://www.rcsb.org/ligand/2KK
2KP,N~6~-(4-bromobenzoyl)-L-lysine,,l-peptide linking,卤代／电子调节,卤代／电子调节；芳香／疏水侧链；极性／带电侧链,C13 H17 Br N2 O3,329.19,LYS,c1cc(ccc1C(=O)NCCCC[C@@H](C(=O)O)N)Br,疏水性可能↑；代谢稳定性可能↑；水溶性可能↓；疏水表面积可能↑；膜分配可能↑,仅为结构/类别推断；不代表已证实提高环肽渗透性或口服暴露,https://www.rcsb.org/ligand/2KP
2KY,(2S)-amino(cyclopentyl)ethanoic acid,,l-peptide linking,构象限制,构象限制,C7 H13 N O2,143.184,,C1CCC(C1)[C@@H](C(=O)O)N,构象刚性可能↑；蛋白酶稳定性可能↑；渗透性取决于极性遮蔽,仅为结构/类别推断；不代表已证实提高环肽渗透性或口服暴露,https://www.rcsb.org/ligand/2KY
2KZ,2-amino maleic acid,(2E)-2-aminobut-2-enedioic acid,d-peptide linking,D-构型,D-构型；极性／带电侧链,C4 H5 N O4,131.087,,C(=C(\C(=O)O)/N)\C(=O)O,蛋白酶稳定性可能↑；局部构象可能改变；渗透性取决于骨架；水溶性可能↑；被动渗透性可能↓,仅为结构/类别推断；不代表已证实提高环肽渗透性或口服暴露,https://www.rcsb.org/ligand/2KZ
2L5,2-chloro-L-phenylalanine,,l-peptide linking,卤代／电子调节,卤代／电子调节；芳香／疏水侧链,C9 H10 Cl N O2,199.634,,c1ccc(c(c1)C[C@@H](C(=O)O)N)Cl,疏水性可能↑；代谢稳定性可能↑；水溶性可能↓；疏水表面积可能↑；膜分配可能↑,仅为结构/类别推断；不代表已证实提高环肽渗透性或口服暴露,https://www.rcsb.org/ligand/2L5
2L6,"(3S,6R,8aS)-5-oxo-1,2,3,8a-tetrahydrospiro[indolizine-6,2'-pyrrolidine]-3-carboxylic acid",,l-peptide linking,构象限制,构象限制；极性／带电侧链,C12 H16 N2 O3,236.267,,C1C[C@]2(C=C[C@@H]3CC[C@H](N3C2=O)C(=O)O)NC1,构象刚性可能↑；蛋白酶稳定性可能↑；渗透性取决于极性遮蔽；水溶性可能↑；被动渗透性可能↓,仅为结构/类别推断；不代表已证实提高环肽渗透性或口服暴露,https://www.rcsb.org/ligand/2L6
2L9,"(3aR,5aS,8S,10aS)-10-oxo-1,2,3,3a,5a,8,10,10a-octahydrodipyrrolo[1,2-a:3',2'-e]azepine-8-carboxylic acid",,l-peptide linking,极性／带电侧链,极性／带电侧链,C12 H14 N2 O3,234.251,,C1CN[C@H]2[C@H]1C=C[C@H]3C=C[C@H](N3C2=O)C(=O)O,水溶性可能↑；被动渗透性可能↓；可提供结合或偶联位点,仅为结构/类别推断；不代表已证实提高环肽渗透性或口服暴露,https://www.rcsb.org/ligand/2L9
2LT,"3,5-dichloro-L-tyrosine",,l-peptide linking,卤代／电子调节,卤代／电子调节；芳香／疏水侧链；极性／带电侧链,C9 H9 Cl2 N O3,250.079,TYR,c1c(cc(c(c1Cl)O)Cl)C[C@@H](C(=O)O)N,疏水性可能↑；代谢稳定性可能↑；水溶性可能↓；疏水表面积可能↑；膜分配可能↑,仅为结构/类别推断；不代表已证实提高环肽渗透性或口服暴露,https://www.rcsb.org/ligand/2LT
2ML,2-METHYLLEUCINE,,l-peptide linking,其他CCD肽链核心,,C7 H15 N O2,145.199,LEU,CC(C)C[C@@](C)(C(=O)O)N,尚无可靠的定向性质判断；需在具体环肽骨架中验证,仅为结构/类别推断；不代表已证实提高环肽渗透性或口服暴露,https://www.rcsb.org/ligand/2ML
2MR,"N3, N4-DIMETHYLARGININE",,l-peptide linking,极性／带电侧链,极性／带电侧链,C8 H18 N4 O2,202.254,ARG,CN/C(=N/C)/NCCC[C@@H](C(=O)O)N,水溶性可能↑；被动渗透性可能↓；可提供结合或偶联位点,仅为结构/类别推断；不代表已证实提高环肽渗透性或口服暴露,https://www.rcsb.org/ligand/2MR
2MT,"(4R)-2,2-DIMETHYL-1,3-THIAZOLIDINE-4-CARBOXYLIC ACID","2,2-DIMETHYLTHIAZOLIDINE-4-CARBOXYLIC ACID; (DMT)THIAZOLIDINE",l-peptide linking,其他CCD肽链核心,,C6 H11 N O2 S,161.222,PRO,CC1(N[C@@H](CS1)C(=O)O)C,尚无可靠的定向性质判断；需在具体环肽骨架中验证,仅为结构/类别推断；不代表已证实提高环肽渗透性或口服暴露,https://www.rcsb.org/ligand/2MT
2OR,"amino{[(2R,3R,4S)-4-amino-2,3,5-trihydroxy-5-oxopentyl]amino}methaniminium",,l-peptide linking,极性／带电侧链,极性／带电侧链,C6 H15 N4 O4,207.208,ARG,C([C@H]([C@@H]([C@@H](C(=O)O)N)O)O)NC(=[NH2+])N,水溶性可能↑；被动渗透性可能↓；可提供结合或偶联位点,仅为结构/类别推断；不代表已证实提高环肽渗透性或口服暴露,https://www.rcsb.org/ligand/2OR
2P0,1-({[(S)-hydroxy(phosphonooxy)phosphoryl]oxy}acetyl)-L-proline,diphosphoglycolylproline,l-peptide linking,构象限制,构象限制；极性／带电侧链,C7 H13 N O10 P2,333.126,PRO,C1C[C@H](N(C1)C(=O)CO[P@](=O)(O)OP(=O)(O)O)C(=O)O,构象刚性可能↑；蛋白酶稳定性可能↑；渗透性取决于极性遮蔽；水溶性可能↑；被动渗透性可能↓,仅为结构/类别推断；不代表已证实提高环肽渗透性或口服暴露,https://www.rcsb.org/ligand/2P0
2QD,(4R)-4-[3-(methylamino)-3-oxopropyl]-L-glutamic acid,,l-peptide linking,极性／带电侧链,极性／带电侧链,C9 H16 N2 O5,232.234,,CNC(=O)CC[C@H](C[C@@H](C(=O)O)N)C(=O)O,水溶性可能↑；被动渗透性可能↓；可提供结合或偶联位点,仅为结构/类别推断；不代表已证实提高环肽渗透性或口服暴露,https://www.rcsb.org/ligand/2QD
2QY,(2Z)-3-(4-hydroxyphenyl)-2-(methylamino)prop-2-enoic acid,,peptide linking,芳香／疏水侧链,芳香／疏水侧链；极性／带电侧链,C10 H11 N O3,193.199,,CN/C(=C\c1ccc(cc1)O)/C(=O)O,疏水表面积可能↑；膜分配可能↑；水溶性可能↓；水溶性可能↑；被动渗透性可能↓,仅为结构/类别推断；不代表已证实提高环肽渗透性或口服暴露,https://www.rcsb.org/ligand/2QY
2QZ,"N,N-dimethyl-L-threonine",,l-peptide linking,极性／带电侧链,极性／带电侧链,C6 H13 N O3,147.172,THR,C[C@H]([C@@H](C(=O)O)N(C)C)O,水溶性可能↑；被动渗透性可能↓；可提供结合或偶联位点,仅为结构/类别推断；不代表已证实提高环肽渗透性或口服暴露,https://www.rcsb.org/ligand/2QZ
2R1,(2E)-2-amino-4-hydroxy-3-[(2R)-oxiran-2-yl]but-2-enoic acid,,peptide linking,极性／带电侧链,极性／带电侧链,C6 H9 N O4,159.14,,C1[C@H](O1)/C(=C(\C(=O)O)/N)/CO,水溶性可能↑；被动渗透性可能↓；可提供结合或偶联位点,仅为结构/类别推断；不代表已证实提高环肽渗透性或口服暴露,https://www.rcsb.org/ligand/2R1
2R3,(betaR)-beta-hydroxy-O-methyl-L-tyrosine,,l-peptide linking,芳香／疏水侧链,芳香／疏水侧链；极性／带电侧链,C10 H13 N O4,211.215,TYR,COc1ccc(cc1)[C@H]([C@@H](C(=O)O)N)O,疏水表面积可能↑；膜分配可能↑；水溶性可能↓；水溶性可能↑；被动渗透性可能↓,仅为结构/类别推断；不代表已证实提高环肽渗透性或口服暴露,https://www.rcsb.org/ligand/2R3
2RA,3-amino-D-alanine,diaminopropanoic acid,d-peptide linking,D-构型,D-构型；极性／带电侧链,C3 H8 N2 O2,104.108,ALA,C([C@H](C(=O)O)N)N,蛋白酶稳定性可能↑；局部构象可能改变；渗透性取决于骨架；水溶性可能↑；被动渗透性可能↓,仅为结构/类别推断；不代表已证实提高环肽渗透性或口服暴露,https://www.rcsb.org/ligand/2RA
2RX,O-thiophosphono-L-serine,,l-peptide linking,极性／带电侧链,极性／带电侧链,C3 H8 N O5 P S,201.138,SER,C([C@@H](C(=O)O)N)OP(=O)(O)S,水溶性可能↑；被动渗透性可能↓；可提供结合或偶联位点,仅为结构/类别推断；不代表已证实提高环肽渗透性或口服暴露,https://www.rcsb.org/ligand/2RX
2SO,"3-{3-[(3R)-3,4-dihydroxybutyl]-1-(8-phenyloctyl)-1H-imidazol-3-ium-5-yl}-L-alanine",,l-peptide linking,芳香／疏水侧链,芳香／疏水侧链；极性／带电侧链,C24 H38 N3 O4,432.576,HIS,c1ccc(cc1)CCCCCCCCn2c[n+](cc2C[C@@H](C(=O)O)N)CC[C@H](CO)O,疏水表面积可能↑；膜分配可能↑；水溶性可能↓；水溶性可能↑；被动渗透性可能↓,仅为结构/类别推断；不代表已证实提高环肽渗透性或口服暴露,https://www.rcsb.org/ligand/2SO
2TL,D-allothreonine,,d-peptide linking,D-构型,D-构型；极性／带电侧链,C4 H9 N O3,119.119,,C[C@H]([C@H](C(=O)O)N)O,蛋白酶稳定性可能↑；局部构象可能改变；渗透性取决于骨架；水溶性可能↑；被动渗透性可能↓,仅为结构/类别推断；不代表已证实提高环肽渗透性或口服暴露,https://www.rcsb.org/ligand/2TL
2TY,2-HYDROXY-5-{[(1E)-2-PHENYLETHYLIDENE]AMINO}-L-TYROSINE,,l-peptide linking,芳香／疏水侧链,芳香／疏水侧链；极性／带电侧链,C17 H18 N2 O4,314.336,TYR,c1ccc(cc1)C\C=N\c2cc(c(cc2O)O)C[C@@H](C(=O)O)N,疏水表面积可能↑；膜分配可能↑；水溶性可能↓；水溶性可能↑；被动渗透性可能↓,仅为结构/类别推断；不代表已证实提高环肽渗透性或口服暴露,https://www.rcsb.org/ligand/2TY
2VA,2'-(L-VALYL)AMINO-2'-DEOXYADENOSINE,,l-peptide linking,极性／带电侧链,极性／带电侧链,C15 H23 N7 O4,365.388,VAL,CC(C)[C@@H](C(=O)N[C@@H]1[C@@H]([C@H](O[C@H]1n2cnc3c2ncnc3N)CO)O)N,水溶性可能↑；被动渗透性可能↓；可提供结合或偶联位点,仅为结构/类别推断；不代表已证实提高环肽渗透性或口服暴露,https://www.rcsb.org/ligand/2VA
2XA,(2R)-2-AMINO-3-[(4-CHLOROPHENYL)-DIPHENYL-METHYL]SULFANYL-PROPANOIC ACID,,l-peptide linking,卤代／电子调节,卤代／电子调节；芳香／疏水侧链,C22 H20 Cl N O2 S,397.918,CYS,c1ccc(cc1)C(c2ccccc2)(c3ccc(cc3)Cl)SC[C@@H](C(=O)O)N,疏水性可能↑；代谢稳定性可能↑；水溶性可能↓；疏水表面积可能↑；膜分配可能↑,仅为结构/类别推断；不代表已证实提高环肽渗透性或口服暴露,https://www.rcsb.org/ligand/2XA
2YC,"N~6~-{[(2S,3S)-3-methyl-3,4-dihydro-2H-pyrrol-2-yl]carbonyl}-L-lysine",,l-peptide linking,极性／带电侧链,极性／带电侧链,C12 H21 N3 O3,255.313,,C[C@H]1CC=N[C@@H]1C(=O)NCCCC[C@@H](C(=O)O)N,水溶性可能↑；被动渗透性可能↓；可提供结合或偶联位点,仅为结构/类别推断；不代表已证实提高环肽渗透性或口服暴露,https://www.rcsb.org/ligand/2YC
2YF,"N~6~-[(2R)-2,3,4,5-tetrahydropyridin-2-ylcarbonyl]-L-lysine",,l-peptide linking,芳香／疏水侧链,芳香／疏水侧链；极性／带电侧链,C12 H21 N3 O3,255.313,,C1CC=N[C@H](C1)C(=O)NCCCC[C@@H](C(=O)O)N,疏水表面积可能↑；膜分配可能↑；水溶性可能↓；水溶性可能↑；被动渗透性可能↓,仅为结构/类别推断；不代表已证实提高环肽渗透性或口服暴露,https://www.rcsb.org/ligand/2YF
2YG,N~6~-L-lysyl-L-lysine,,l-peptide linking,极性／带电侧链,极性／带电侧链,C12 H26 N4 O3,274.36,,C(CCN)C[C@@H](C(=O)NCCCC[C@@H](C(=O)O)N)N,水溶性可能↑；被动渗透性可能↓；可提供结合或偶联位点,仅为结构/类别推断；不代表已证实提高环肽渗透性或口服暴露,https://www.rcsb.org/ligand/2YG
2YH,N~5~-D-ornithyl-L-ornithine,,l-peptide linking,极性／带电侧链,极性／带电侧链,C10 H22 N4 O3,246.307,,C(C[C@H](C(=O)NCCC[C@@H](C(=O)O)N)N)CN,水溶性可能↑；被动渗透性可能↓；可提供结合或偶联位点,仅为结构/类别推断；不代表已证实提高环肽渗透性或口服暴露,https://www.rcsb.org/ligand/2YH
2YJ,N~5~-D-lysyl-L-ornithine,,l-peptide linking,极性／带电侧链,极性／带电侧链,C11 H24 N4 O3,260.333,,C(CCN)C[C@H](C(=O)NCCC[C@@H](C(=O)O)N)N,水溶性可能↑；被动渗透性可能↓；可提供结合或偶联位点,仅为结构/类别推断；不代表已证实提高环肽渗透性或口服暴露,https://www.rcsb.org/ligand/2YJ
2ZC,O-{[4-(2-aminoethyl)phenyl]sulfonyl}-L-serine,,l-peptide linking,芳香／疏水侧链,芳香／疏水侧链；极性／带电侧链,C11 H16 N2 O5 S,288.32,SER,c1cc(ccc1CCN)S(=O)(=O)OC[C@@H](C(=O)O)N,疏水表面积可能↑；膜分配可能↑；水溶性可能↓；水溶性可能↑；被动渗透性可能↓,仅为结构/类别推断；不代表已证实提高环肽渗透性或口服暴露,https://www.rcsb.org/ligand/2ZC
30F,(2Z)-2-amino-3-selanylprop-2-enoic acid,,peptide linking,其他CCD肽链核心,,C3 H5 N O2 Se,166.037,SEC,C(=C(/C(=O)O)\N)\[SeH],尚无可靠的定向性质判断；需在具体环肽骨架中验证,仅为结构/类别推断；不代表已证实提高环肽渗透性或口服暴露,https://www.rcsb.org/ligand/30F
30V,S-[(2-carbamoylphenyl)selanyl]-L-cysteine,,l-peptide linking,芳香／疏水侧链,芳香／疏水侧链；极性／带电侧链,C10 H12 N2 O3 S Se,319.239,CYS,c1ccc(c(c1)C(=O)N)[Se]SC[C@@H](C(=O)O)N,疏水表面积可能↑；膜分配可能↑；水溶性可能↓；水溶性可能↑；被动渗透性可能↓,仅为结构/类别推断；不代表已证实提高环肽渗透性或口服暴露,https://www.rcsb.org/ligand/30V
31Q,(4-carboxyphenyl)(L-cysteinato-kappaS~3~)mercury,,l-peptide linking,芳香／疏水侧链,芳香／疏水侧链；极性／带电侧链,C10 H11 Hg N O4 S,441.854,CYS,c1cc(ccc1C(=O)O)[Hg]SC[C@@H](C(=O)O)N,疏水表面积可能↑；膜分配可能↑；水溶性可能↓；水溶性可能↑；被动渗透性可能↓,仅为结构/类别推断；不代表已证实提高环肽渗透性或口服暴露,https://www.rcsb.org/ligand/31Q
32L,"ethyl (3S,4S)-4-amino-3-hydroxy-6-methylheptanoate",,l-peptide linking,极性／带电侧链,极性／带电侧链,C10 H21 N O3,203.279,,CCOC(=O)C[C@@H]([C@H](CC(C)C)N)O,水溶性可能↑；被动渗透性可能↓；可提供结合或偶联位点,仅为结构/类别推断；不代表已证实提高环肽渗透性或口服暴露,https://www.rcsb.org/ligand/32L
32S,6-Seleno-tryptophan,"(S)-2-AMINO-3-(4H-SELENOLO[3,2-B]-PYRROL-6-YL)-PROPIONIC ACID",l-peptide linking,芳香／疏水侧链,芳香／疏水侧链；极性／带电侧链,C9 H10 N2 O2 Se,257.148,TRP,c1c[se]c2c1[nH]cc2C[C@@H](C(=O)O)N,疏水表面积可能↑；膜分配可能↑；水溶性可能↓；水溶性可能↑；被动渗透性可能↓,仅为结构/类别推断；不代表已证实提高环肽渗透性或口服暴露,https://www.rcsb.org/ligand/32S
32T,"(S)-2-AMINO-3-(4H-THIENO[3,2-B]-PYRROL-6-YL)-PROPIONIC ACID",,l-peptide linking,芳香／疏水侧链,芳香／疏水侧链；极性／带电侧链,C9 H10 N2 O2 S,210.253,TRP,c1csc2c1[nH]cc2C[C@@H](C(=O)O)N,疏水表面积可能↑；膜分配可能↑；水溶性可能↓；水溶性可能↑；被动渗透性可能↓,仅为结构/类别推断；不代表已证实提高环肽渗透性或口服暴露,https://www.rcsb.org/ligand/32T
33S,3-iodo-L-phenylalanine,,l-peptide linking,卤代／电子调节,卤代／电子调节；芳香／疏水侧链,C9 H10 I N O2,291.086,PHE,c1cc(cc(c1)I)C[C@@H](C(=O)O)N,疏水性可能↑；代谢稳定性可能↑；水溶性可能↓；疏水表面积可能↑；膜分配可能↑,仅为结构/类别推断；不代表已证实提高环肽渗透性或口服暴露,https://www.rcsb.org/ligand/33S
33W,3-(5-bromothiophen-2-yl)-L-alanine,,l-peptide linking,卤代／电子调节,卤代／电子调节；芳香／疏水侧链,C7 H8 Br N O2 S,250.113,ALA,c1cc(sc1C[C@@H](C(=O)O)N)Br,疏水性可能↑；代谢稳定性可能↑；水溶性可能↓；疏水表面积可能↑；膜分配可能↑,仅为结构/类别推断；不代表已证实提高环肽渗透性或口服暴露,https://www.rcsb.org/ligand/33W
33X,N-methyl-D-alanine,,d-peptide linking,N-取代,D-构型；N-取代,C4 H9 N O2,103.12,,C[C@H](C(=O)O)NC,蛋白酶稳定性可能↑；局部构象可能改变；渗透性取决于骨架；主链氢键供体可能↓；暴露极性可能↓,仅为结构/类别推断；不代表已证实提高环肽渗透性或口服暴露,https://www.rcsb.org/ligand/33X
34E,(3R)-4-[4-(2-methoxyethyl)piperazin-1-yl]-N-methyl-L-valine,,l-peptide linking,N-取代,N-取代；极性／带电侧链,C13 H27 N3 O3,273.372,VAL,C[C@H](CN1CCN(CC1)CCOC)[C@@H](C(=O)O)NC,主链氢键供体可能↓；暴露极性可能↓；被动渗透性可能↑；水溶性可能↑；被动渗透性可能↓,仅为结构/类别推断；不代表已证实提高环肽渗透性或口服暴露,https://www.rcsb.org/ligand/34E
35Y,3-[(1H-tetrazol-5-ylcarbonyl)amino]-L-alanine,,l-peptide linking,芳香／疏水侧链,芳香／疏水侧链；极性／带电侧链,C5 H8 N6 O3,200.155,,C([C@@H](C(=O)O)N)NC(=O)c1[nH]nnn1,疏水表面积可能↑；膜分配可能↑；水溶性可能↓；水溶性可能↑；被动渗透性可能↓,仅为结构/类别推断；不代表已证实提高环肽渗透性或口服暴露,https://www.rcsb.org/ligand/35Y
3A5,"(2Z,4S)-3-AZA-5-CARBOXYL-2-METHYL-4(METHYLCARBOXY)PENT-2-ENOYL",,l-peptide linking,极性／带电侧链,极性／带电侧链,C8 H11 N O6,217.176,,C/C(=N\[C@@H](CC(=O)O)C(=O)OC)/C(=O)O,水溶性可能↑；被动渗透性可能↓；可提供结合或偶联位点,仅为结构/类别推断；不代表已证实提高环肽渗透性或口服暴露,https://www.rcsb.org/ligand/3A5
3AH,"[HISTIDIN-1-YL-4H-[1,2,4]TRIAZOL-5-YL]-AMINE",,l-peptide linking,芳香／疏水侧链,芳香／疏水侧链；极性／带电侧链,C8 H11 N7 O2,237.219,HIS,c1c(ncn1c2[nH]nc(n2)N)C[C@@H](C(=O)O)N,疏水表面积可能↑；膜分配可能↑；水溶性可能↓；水溶性可能↑；被动渗透性可能↓,仅为结构/类别推断；不代表已证实提高环肽渗透性或口服暴露,https://www.rcsb.org/ligand/3AH
3AR,N-OMEGA-PROPYL-L-ARGININE,,l-peptide linking,极性／带电侧链,极性／带电侧链,C9 H21 N4 O2,217.289,,CCCNC(=[NH2+])NCCC[C@@H](C(=O)O)N,水溶性可能↑；被动渗透性可能↓；可提供结合或偶联位点,仅为结构/类别推断；不代表已证实提高环肽渗透性或口服暴露,https://www.rcsb.org/ligand/3AR
3BY,1-methyl-L-proline,,l-peptide linking,构象限制,构象限制,C6 H11 N O2,129.157,PRO,CN1CCC[C@H]1C(=O)O,构象刚性可能↑；蛋白酶稳定性可能↑；渗透性取决于极性遮蔽,仅为结构/类别推断；不代表已证实提高环肽渗透性或口服暴露,https://www.rcsb.org/ligand/3BY
3CF,3-cyano-L-phenylalanine,,l-peptide linking,卤代／电子调节,卤代／电子调节；芳香／疏水侧链；极性／带电侧链,C10 H10 N2 O2,190.199,PHE,c1cc(cc(c1)C#N)C[C@@H](C(=O)O)N,疏水性可能↑；代谢稳定性可能↑；水溶性可能↓；疏水表面积可能↑；膜分配可能↑,仅为结构/类别推断；不代表已证实提高环肽渗透性或口服暴露,https://www.rcsb.org/ligand/3CF
3CT,3-chloro-L-tyrosine,,l-peptide linking,卤代／电子调节,卤代／电子调节；芳香／疏水侧链；极性／带电侧链,C9 H10 Cl N O3,215.634,TYR,c1cc(c(cc1C[C@@H](C(=O)O)N)Cl)O,疏水性可能↑；代谢稳定性可能↑；水溶性可能↓；疏水表面积可能↑；膜分配可能↑,仅为结构/类别推断；不代表已证实提高环肽渗透性或口服暴露,https://www.rcsb.org/ligand/3CT
3EG,"(2S)-2-amino-4,4,4-trifluorobutanoic acid",,l-peptide linking,卤代／电子调节,卤代／电子调节,C4 H6 F3 N O2,157.091,,C([C@@H](C(=O)O)N)C(F)(F)F,疏水性可能↑；代谢稳定性可能↑；水溶性可能↓,仅为结构/类别推断；不代表已证实提高环肽渗透性或口服暴露,https://www.rcsb.org/ligand/3EG
3FG,"(2S)-amino(3,5-dihydroxyphenyl)ethanoic acid",,l-peptide linking,芳香／疏水侧链,芳香／疏水侧链；极性／带电侧链,C8 H9 N O4,183.161,,c1c(cc(cc1O)O)[C@@H](C(=O)O)N,疏水表面积可能↑；膜分配可能↑；水溶性可能↓；水溶性可能↑；被动渗透性可能↓,仅为结构/类别推断；不代表已证实提高环肽渗透性或口服暴露,https://www.rcsb.org/ligand/3FG
3GA,(3S)-3-[(2S)-2-amino-3-oxopropyl]piperidine-1-carboximidamide,,l-peptide linking,构象限制,构象限制；极性／带电侧链,C9 H18 N4 O,198.265,ALA,[H]/N=C(\N)/N1CCC[C@H](C1)C[C@@H](C=O)N,构象刚性可能↑；蛋白酶稳定性可能↑；渗透性取决于极性遮蔽；水溶性可能↑；被动渗透性可能↓,仅为结构/类别推断；不代表已证实提高环肽渗透性或口服暴露,https://www.rcsb.org/ligand/3GA
3GL,"(2S,4S)-2-amino-4-hydroxy-pentanedioic acid",4-HYDROXY-GLUTAMIC-ACID,l-peptide linking,极性／带电侧链,极性／带电侧链,C5 H9 N O5,163.129,GLU,C([C@@H](C(=O)O)N)[C@@H](C(=O)O)O,水溶性可能↑；被动渗透性可能↓；可提供结合或偶联位点,仅为结构/类别推断；不代表已证实提高环肽渗透性或口服暴露,https://www.rcsb.org/ligand/3GL
3K4,"(2S,3S)-3-methylaziridine-2-carboxylic acid",,l-peptide linking,其他CCD肽链核心,,C4 H7 N O2,101.104,,C[C@H]1[C@H](N1)C(=O)O,尚无可靠的定向性质判断；需在具体环肽骨架中验证,仅为结构/类别推断；不代表已证实提高环肽渗透性或口服暴露,https://www.rcsb.org/ligand/3K4
3MY,3-chloro-D-tyrosine,,d-peptide linking,D-构型,D-构型；卤代／电子调节；芳香／疏水侧链；极性／带电侧链,C9 H10 Cl N O3,215.634,TYR,c1cc(c(cc1C[C@H](C(=O)O)N)Cl)O,蛋白酶稳定性可能↑；局部构象可能改变；渗透性取决于骨架；疏水性可能↑；代谢稳定性可能↑,仅为结构/类别推断；不代表已证实提高环肽渗透性或口服暴露,https://www.rcsb.org/ligand/3MY
3NF,N-acetyl-L-tyrosine,,l-peptide linking,芳香／疏水侧链,芳香／疏水侧链；极性／带电侧链,C11 H13 N O4,223.225,TYR,CC(=O)N[C@@H](Cc1ccc(cc1)O)C(=O)O,疏水表面积可能↑；膜分配可能↑；水溶性可能↓；水溶性可能↑；被动渗透性可能↓,仅为结构/类别推断；不代表已证实提高环肽渗透性或口服暴露,https://www.rcsb.org/ligand/3NF
3O3,N-[(3S)-3-amino-3-carboxypropyl]-L-glutamic acid,,l-peptide linking,极性／带电侧链,极性／带电侧链,C9 H16 N2 O6,248.233,GLU,C(CC(=O)O)[C@@H](C(=O)O)NCC[C@@H](C(=O)O)N,水溶性可能↑；被动渗透性可能↓；可提供结合或偶联位点,仅为结构/类别推断；不代表已证实提高环肽渗透性或口服暴露,https://www.rcsb.org/ligand/3O3
3PM,O-tert-butyl-D-serine,,l-peptide linking,极性／带电侧链,极性／带电侧链,C7 H15 N O3,161.199,,CC(C)(C)OC[C@H](C(=O)O)N,水溶性可能↑；被动渗透性可能↓；可提供结合或偶联位点,仅为结构/类别推断；不代表已证实提高环肽渗透性或口服暴露,https://www.rcsb.org/ligand/3PM
3PX,(3S)-3-(propan-2-yloxy)-L-proline,,l-peptide linking,构象限制,构象限制；极性／带电侧链,C8 H15 N O3,173.21,PRO,CC(C)O[C@H]1CCN[C@@H]1C(=O)O,构象刚性可能↑；蛋白酶稳定性可能↑；渗透性取决于极性遮蔽；水溶性可能↑；被动渗透性可能↓,仅为结构/类别推断；不代表已证实提高环肽渗透性或口服暴露,https://www.rcsb.org/ligand/3PX
3QN,(E)-N~6~-{2-hydroxy-3-methyl-6-[(phosphonooxy)methyl]benzylidene}-L-lysine,,l-peptide linking,芳香／疏水侧链,芳香／疏水侧链；极性／带电侧链,C15 H23 N2 O7 P,374.326,LYS,Cc1ccc(c(c1O)/C=N/CCCC[C@@H](C(=O)O)N)COP(=O)(O)O,疏水表面积可能↑；膜分配可能↑；水溶性可能↓；水溶性可能↑；被动渗透性可能↓,仅为结构/类别推断；不代表已证实提高环肽渗透性或口服暴露,https://www.rcsb.org/ligand/3QN
3TY,3-(Phenylhydrazono)-L-tyrosine,"3-[(3E)-3-(BENZYLHYDRAZONO)-4-HYDROXY-6-OXOCYCLOHEXA-1,4-DIEN-1-YL]-L-ALANINE",l-peptide linking,构象限制,构象限制；芳香／疏水侧链；极性／带电侧链,C16 H17 N3 O4,315.324,TYR,c1ccc(cc1)CN/N=C/2\C=C(C(=O)C=C2O)C[C@@H](C(=O)O)N,构象刚性可能↑；蛋白酶稳定性可能↑；渗透性取决于极性遮蔽；疏水表面积可能↑；膜分配可能↑,仅为结构/类别推断；不代表已证实提高环肽渗透性或口服暴露,https://www.rcsb.org/ligand/3TY
3WS,"N,2-dimethyl-L-alanine",,l-peptide linking,其他CCD肽链核心,,C5 H11 N O2,117.146,ALA,CC(C)(C(=O)O)NC,尚无可靠的定向性质判断；需在具体环肽骨架中验证,仅为结构/类别推断；不代表已证实提高环肽渗透性或口服暴露,https://www.rcsb.org/ligand/3WS
3X9,"3-{[(1-hydroxy-2,2,5,5-tetramethyl-2,5-dihydro-1H-pyrrol-3-yl)methyl]disulfanyl}-L-alanine",CYS with MTSL,l-peptide linking,极性／带电侧链,极性／带电侧链,C12 H22 N2 O3 S2,306.445,CYS,CC1(C=C(C(N1O)(C)C)CSSC[C@@H](C(=O)O)N)C,水溶性可能↑；被动渗透性可能↓；可提供结合或偶联位点,仅为结构/类别推断；不代表已证实提高环肽渗透性或口服暴露,https://www.rcsb.org/ligand/3X9
3XH,3-Hydroxyhippuric acid,N-[(3-hydroxyphenyl)carbonyl]glycine,l-peptide linking,芳香／疏水侧链,芳香／疏水侧链；极性／带电侧链,C9 H9 N O4,195.172,GLY,c1cc(cc(c1)O)C(=O)NCC(=O)O,疏水表面积可能↑；膜分配可能↑；水溶性可能↓；水溶性可能↑；被动渗透性可能↓,仅为结构/类别推断；不代表已证实提高环肽渗透性或口服暴露,https://www.rcsb.org/ligand/3XH
3YM,3-methoxy-L-tyrosine,,l-peptide linking,芳香／疏水侧链,芳香／疏水侧链；极性／带电侧链,C10 H13 N O4,211.215,TYR,COc1cc(ccc1O)C[C@@H](C(=O)O)N,疏水表面积可能↑；膜分配可能↑；水溶性可能↓；水溶性可能↑；被动渗透性可能↓,仅为结构/类别推断；不代表已证实提高环肽渗透性或口服暴露,https://www.rcsb.org/ligand/3YM
3ZH,"11-{4-[(2S)-2-amino-2-carboxyethyl]-3-(8-phenyloctyl)-2,3-dihydro-1H-imidazol-1-yl}undecanoic acid",,l-peptide linking,芳香／疏水侧链,芳香／疏水侧链；极性／带电侧链,C31 H51 N3 O4,529.754,HIS,c1ccc(cc1)CCCCCCCCN2CN(C=C2C[C@@H](C(=O)O)N)CCCCCCCCCCC(=O)O,疏水表面积可能↑；膜分配可能↑；水溶性可能↓；水溶性可能↑；被动渗透性可能↓,仅为结构/类别推断；不代表已证实提高环肽渗透性或口服暴露,https://www.rcsb.org/ligand/3ZH
3ZL,"N~6~-[(1Z)-4-amino-3-oxopenta-1,4-dien-1-yl]-L-lysine",,l-peptide linking,极性／带电侧链,极性／带电侧链,C11 H19 N3 O3,241.287,,C=C(C(=O)/C=C\NCCCC[C@@H](C(=O)O)N)N,水溶性可能↑；被动渗透性可能↓；可提供结合或偶联位点,仅为结构/类别推断；不代表已证实提高环肽渗透性或口服暴露,https://www.rcsb.org/ligand/3ZL
41H,(betaS)-beta-methyl-L-phenylalanine,,l-peptide linking,芳香／疏水侧链,芳香／疏水侧链,C10 H13 N O2,179.216,PHE,C[C@@H](c1ccccc1)[C@@H](C(=O)O)N,疏水表面积可能↑；膜分配可能↑；水溶性可能↓,仅为结构/类别推断；不代表已证实提高环肽渗透性或口服暴露,https://www.rcsb.org/ligand/41H
41Q,4-imino-L-homoserine,,l-peptide linking,极性／带电侧链,极性／带电侧链,C4 H8 N2 O3,132.118,ASN,[H]/N=C(/C[C@@H](C(=O)O)N)\O,水溶性可能↑；被动渗透性可能↓；可提供结合或偶联位点,仅为结构/类别推断；不代表已证实提高环肽渗透性或口服暴露,https://www.rcsb.org/ligand/41Q
432,O-butanoyl-L-serine,,l-peptide linking,极性／带电侧链,极性／带电侧链,C7 H13 N O4,175.182,SER,CCCC(=O)OC[C@@H](C(=O)O)N,水溶性可能↑；被动渗透性可能↓；可提供结合或偶联位点,仅为结构/类别推断；不代表已证实提高环肽渗透性或口服暴露,https://www.rcsb.org/ligand/432
45W,(4S)-4-(ethynyloxy)-D-proline,,d-peptide linking,D-构型,D-构型；构象限制；极性／带电侧链,C7 H9 N O3,155.151,,C#CO[C@H]1C[C@@H](NC1)C(=O)O,蛋白酶稳定性可能↑；局部构象可能改变；渗透性取决于骨架；构象刚性可能↑；渗透性取决于极性遮蔽,仅为结构/类别推断；不代表已证实提高环肽渗透性或口服暴露,https://www.rcsb.org/ligand/45W
4AF,4-ACETYL-L-PHENYLALANINE,P-ACETYLPHENYLALANINE,l-peptide linking,芳香／疏水侧链,芳香／疏水侧链；极性／带电侧链,C11 H13 N O3,207.226,PHE,CC(=O)c1ccc(cc1)C[C@@H](C(=O)O)N,疏水表面积可能↑；膜分配可能↑；水溶性可能↓；水溶性可能↑；被动渗透性可能↓,仅为结构/类别推断；不代表已证实提高环肽渗透性或口服暴露,https://www.rcsb.org/ligand/4AF
4AK,N~6~-sulfo-L-lysine,,l-peptide linking,极性／带电侧链,极性／带电侧链,C6 H14 N2 O5 S,226.251,LYS,C(CCNS(=O)(=O)O)C[C@@H](C(=O)O)N,水溶性可能↑；被动渗透性可能↓；可提供结合或偶联位点,仅为结构/类别推断；不代表已证实提高环肽渗透性或口服暴露,https://www.rcsb.org/ligand/4AK
4AR,"amino({(4S)-4-amino-6-[(2,6-dimethylbenzoyl)oxy]-5-oxohexyl}amino)methaniminium",,l-peptide linking,芳香／疏水侧链,芳香／疏水侧链；极性／带电侧链,C16 H25 N4 O3,321.395,ARG,Cc1cccc(c1C(=O)OCC(=O)[C@H](CCCNC(=[NH2+])N)N)C,疏水表面积可能↑；膜分配可能↑；水溶性可能↓；水溶性可能↑；被动渗透性可能↓,仅为结构/类别推断；不代表已证实提高环肽渗透性或口服暴露,https://www.rcsb.org/ligand/4AR
4AW,4-AZATRYPTOPHAN,,l-peptide linking,芳香／疏水侧链,芳香／疏水侧链；极性／带电侧链,C10 H11 N3 O2,205.213,TRP,c1cc2c(c(c[nH]2)C[C@@H](C(=O)O)N)nc1,疏水表面积可能↑；膜分配可能↑；水溶性可能↓；水溶性可能↑；被动渗透性可能↓,仅为结构/类别推断；不代表已证实提高环肽渗透性或口服暴露,https://www.rcsb.org/ligand/4AW
4BF,4-BROMO-L-PHENYLALANINE,P-BROMO-L-PHENYLALANINE,l-peptide linking,卤代／电子调节,卤代／电子调节；芳香／疏水侧链,C9 H10 Br N O2,244.085,TYR,c1cc(ccc1C[C@@H](C(=O)O)N)Br,疏水性可能↑；代谢稳定性可能↑；水溶性可能↓；疏水表面积可能↑；膜分配可能↑,仅为结构/类别推断；不代表已证实提高环肽渗透性或口服暴露,https://www.rcsb.org/ligand/4BF
4CF,4-cyano-L-phenylalanine,,l-peptide linking,卤代／电子调节,卤代／电子调节；芳香／疏水侧链；极性／带电侧链,C10 H10 N2 O2,190.199,PHE,c1cc(ccc1C[C@@H](C(=O)O)N)C#N,疏水性可能↑；代谢稳定性可能↑；水溶性可能↓；疏水表面积可能↑；膜分配可能↑,仅为结构/类别推断；不代表已证实提高环肽渗透性或口服暴露,https://www.rcsb.org/ligand/4CF
4CG,"(1R,2Z)-2-[(2R)-2-amino-3-(phosphonooxy)propylidene]cyclopentanecarboxylic acid",,peptide linking,构象限制,构象限制；极性／带电侧链,C9 H16 N O6 P,265.2,,C1C[C@H](/C(=C\[C@H](COP(=O)(O)O)N)/C1)C(=O)O,构象刚性可能↑；蛋白酶稳定性可能↑；渗透性取决于极性遮蔽；水溶性可能↑；被动渗透性可能↓,仅为结构/类别推断；不代表已证实提高环肽渗透性或口服暴露,https://www.rcsb.org/ligand/4CG
4CY,nitrilo-L-methionine,,l-peptide linking,极性／带电侧链,极性／带电侧链,C5 H8 N2 O2 S,160.194,MET,C(CSC#N)[C@@H](C(=O)O)N,水溶性可能↑；被动渗透性可能↓；可提供结合或偶联位点,仅为结构/类别推断；不代表已证实提高环肽渗透性或口服暴露,https://www.rcsb.org/ligand/4CY
4D4,"(2S,3R)-2-azanyl-5-carbamimidamido-3-oxidanyl-pentanoic acid",,l-peptide linking,极性／带电侧链,极性／带电侧链,C6 H14 N4 O3,190.2,ARG,[H]/N=C(/N)\NCC[C@H]([C@@H](C(=O)O)N)O,水溶性可能↑；被动渗透性可能↓；可提供结合或偶联位点,仅为结构/类别推断；不代表已证实提高环肽渗透性或口服暴露,https://www.rcsb.org/ligand/4D4
4DB,"(2S)-2-amino-4-[5-(dimethylamino)-1,3-dioxo-1,3-dihydro-2H-isoindol-2-yl]butanoic acid",,l-peptide linking,芳香／疏水侧链,芳香／疏水侧链；极性／带电侧链,C14 H17 N3 O4,291.302,,CN(C)c1ccc2c(c1)C(=O)N(C2=O)CC[C@@H](C(=O)O)N,疏水表面积可能↑；膜分配可能↑；水溶性可能↓；水溶性可能↑；被动渗透性可能↓,仅为结构/类别推断；不代表已证实提高环肽渗透性或口服暴露,https://www.rcsb.org/ligand/4DB
4DP,"3-[5-(DIMETHYLAMINO)-1,3-DIOXO-1,3-DIHYDRO-2H-ISOINDOL-2-YL]-L-ALANINE","4-(N,N-DIMETHYLAMINO)PHTHALIMIDOALANYL; DAPA",l-peptide linking,芳香／疏水侧链,芳香／疏水侧链；极性／带电侧链,C13 H15 N3 O4,277.276,TRP,CN(C)c1ccc2c(c1)C(=O)N(C2=O)C[C@@H](C(=O)O)N,疏水表面积可能↑；膜分配可能↑；水溶性可能↓；水溶性可能↑；被动渗透性可能↓,仅为结构/类别推断；不代表已证实提高环肽渗透性或口服暴露,https://www.rcsb.org/ligand/4DP
4F3,[2-(1-AMINO-2-HYDROXY-PROPYL)-4-(4-FLUORO-1H-INDOL-3-YLMETHYL)-5-HYDROXY-IMIDAZOL-1-YL]-ACETIC ACID,,l-peptide linking,卤代／电子调节,卤代／电子调节；芳香／疏水侧链；极性／带电侧链,C17 H19 F N4 O4,362.356,GLY / TYR,C[C@@H]([C@@H](c1nc(c(n1CC(=O)O)O)Cc2c[nH]c3c2c(ccc3)F)N)O,疏水性可能↑；代谢稳定性可能↑；水溶性可能↓；疏水表面积可能↑；膜分配可能↑,仅为结构/类别推断；不代表已证实提高环肽渗透性或口服暴露,https://www.rcsb.org/ligand/4F3
4FB,(4S)-4-FLUORO-L-PROLINE,,l-peptide linking,构象限制,卤代／电子调节；构象限制,C5 H8 F N O2,133.121,PRO,C1[C@@H](CN[C@@H]1C(=O)O)F,疏水性可能↑；代谢稳定性可能↑；水溶性可能↓；构象刚性可能↑；蛋白酶稳定性可能↑,仅为结构/类别推断；不代表已证实提高环肽渗透性或口服暴露,https://www.rcsb.org/ligand/4FB
4FO,"(2R)-2,4-diaminobutanoic acid",,d-peptide linking,D-构型,D-构型；极性／带电侧链,C4 H10 N2 O2,118.134,,C(CN)[C@H](C(=O)O)N,蛋白酶稳定性可能↑；局部构象可能改变；渗透性取决于骨架；水溶性可能↑；被动渗透性可能↓,仅为结构/类别推断；不代表已证实提高环肽渗透性或口服暴露,https://www.rcsb.org/ligand/4FO
4FW,4-FLUOROTRYPTOPHANE,,l-peptide linking,卤代／电子调节,卤代／电子调节；芳香／疏水侧链；极性／带电侧链,C11 H11 F N2 O2,222.216,TRP,c1cc2c(c(c1)F)c(c[nH]2)C[C@@H](C(=O)O)N,疏水性可能↑；代谢稳定性可能↑；水溶性可能↓；疏水表面积可能↑；膜分配可能↑,仅为结构/类别推断；不代表已证实提高环肽渗透性或口服暴露,https://www.rcsb.org/ligand/4FW
4GJ,3-(pyridin-4-yldisulfanyl)-L-alanine,,l-peptide linking,芳香／疏水侧链,芳香／疏水侧链；极性／带电侧链,C8 H10 N2 O2 S2,230.307,CYS,c1cnccc1SSC[C@@H](C(=O)O)N,疏水表面积可能↑；膜分配可能↑；水溶性可能↓；水溶性可能↑；被动渗透性可能↓,仅为结构/类别推断；不代表已证实提高环肽渗透性或口服暴露,https://www.rcsb.org/ligand/4GJ
4HH,4'-phosphopanthetheine-serine,"O-[(S)-hydroxy{[(3R)-3-hydroxy-2,2-dimethyl-4-oxo-4-({3-oxo-3-[(2-sulfanylethyl)amino]propyl}amino)butyl]oxy}phosphoryl]-L-serine",l-peptide linking,极性／带电侧链,极性／带电侧链,C14 H28 N3 O9 P S,445.426,SER,CC(C)(COP(=O)(O)OC[C@@H](C(=O)O)N)[C@H](C(=O)NCCC(=O)NCCS)O,水溶性可能↑；被动渗透性可能↓；可提供结合或偶联位点,仅为结构/类别推断；不代表已证实提高环肽渗透性或口服暴露,https://www.rcsb.org/ligand/4HH
4HJ,"O-[(R)-hydroxy{[(3R)-3-hydroxy-4-{[3-({2-[(2-hydroxybenzoyl)sulfanyl]ethyl}amino)-3-oxopropyl]amino}-2,2-dimethyl-4-oxobutyl]oxy}phosphoryl]-L-serine",,l-peptide linking,芳香／疏水侧链,芳香／疏水侧链；极性／带电侧链,C21 H32 N3 O11 P S,565.531,SER,CC(C)(COP(=O)(O)OC[C@@H](C(=O)O)N)[C@H](C(=O)NCCC(=O)NCCSC(=O)c1ccccc1O)O,疏水表面积可能↑；膜分配可能↑；水溶性可能↓；水溶性可能↑；被动渗透性可能↓,仅为结构/类别推断；不代表已证实提高环肽渗透性或口服暴露,https://www.rcsb.org/ligand/4HJ
4HL,"(6E)-4-[(2S)-2-amino-2-carboxyethyl]-6-[2-(4-hydroxybenzyl)hydraziniumylidene]-3-oxocyclohexa-1,4-dien-1-olate",,l-peptide linking,构象限制,构象限制；芳香／疏水侧链；极性／带电侧链,C16 H17 N3 O5,331.323,TYR,c1cc(ccc1CN/[NH+]=C/2\C=C(C(=O)C=C2[O-])C[C@@H](C(=O)O)N)O,构象刚性可能↑；蛋白酶稳定性可能↑；渗透性取决于极性遮蔽；疏水表面积可能↑；膜分配可能↑,仅为结构/类别推断；不代表已证实提高环肽渗透性或口服暴露,https://www.rcsb.org/ligand/4HL
4HT,4-HYDROXYTRYPTOPHAN,,l-peptide linking,芳香／疏水侧链,芳香／疏水侧链；极性／带电侧链,C11 H12 N2 O3,220.225,TRP,c1cc2c(c(c1)O)c(c[nH]2)C[C@@H](C(=O)O)N,疏水表面积可能↑；膜分配可能↑；水溶性可能↓；水溶性可能↑；被动渗透性可能↓,仅为结构/类别推断；不代表已证实提高环肽渗透性或口服暴露,https://www.rcsb.org/ligand/4HT
4II,(2~{S})-2-azanyl-3-(4-azidophenyl)propanoic acid,,l-peptide linking,芳香／疏水侧链,芳香／疏水侧链；极性／带电侧链,C9 H10 N4 O2,206.201,PHE,c1cc(ccc1C[C@@H](C(=O)O)N)N=[N+]=[N-],疏水表面积可能↑；膜分配可能↑；水溶性可能↓；水溶性可能↑；被动渗透性可能↓,仅为结构/类别推断；不代表已证实提高环肽渗透性或口服暴露,https://www.rcsb.org/ligand/4II
4IK,"(2S,5S)-2,6-diamino-5-{[(2R,3S,4R,5R)-5-(6-amino-9H-purin-9-yl)-3,4-dihydroxytetrahydrofuran-2-yl]methyl}hexanoic acid",,l-peptide linking,芳香／疏水侧链,芳香／疏水侧链；极性／带电侧链,C16 H25 N7 O5,395.414,,c1nc(c2c(n1)n(cn2)[C@H]3[C@@H]([C@@H]([C@H](O3)C[C@H](CC[C@@H](C(=O)O)N)CN)O)O)N,疏水表面积可能↑；膜分配可能↑；水溶性可能↓；水溶性可能↑；被动渗透性可能↓,仅为结构/类别推断；不代表已证实提高环肽渗透性或口服暴露,https://www.rcsb.org/ligand/4IK
4IN,4-AMINO-L-TRYPTOPHAN,2-AMINO-3-(4-AMINO-1H-INDOL-3-YL)PROPANOIC ACID,l-peptide linking,芳香／疏水侧链,芳香／疏水侧链；极性／带电侧链,C11 H13 N3 O2,219.24,TRP,c1cc(c2c(c1)[nH]cc2C[C@@H](C(=O)O)N)N,疏水表面积可能↑；膜分配可能↑；水溶性可能↓；水溶性可能↑；被动渗透性可能↓,仅为结构/类别推断；不代表已证实提高环肽渗透性或口服暴露,https://www.rcsb.org/ligand/4IN
4J2,(2R)-2-amino-3-(naphthalen-2-yl)propanoic acid,,d-peptide linking,D-构型,D-构型；芳香／疏水侧链,C13 H13 N O2,215.248,,c1ccc2cc(ccc2c1)C[C@H](C(=O)O)N,蛋白酶稳定性可能↑；局部构象可能改变；渗透性取决于骨架；疏水表面积可能↑；膜分配可能↑,仅为结构/类别推断；不代表已证实提高环肽渗透性或口服暴露,https://www.rcsb.org/ligand/4J2
4J4,"S-(2-{[(2',4'-difluorobiphenyl-4-yl)methyl]amino}-2-oxoethyl)-L-cysteine",,l-peptide linking,卤代／电子调节,卤代／电子调节；芳香／疏水侧链；极性／带电侧链,C18 H18 F2 N2 O3 S,380.409,CYS,c1cc(ccc1CNC(=O)CSC[C@@H](C(=O)O)N)c2ccc(cc2F)F,疏水性可能↑；代谢稳定性可能↑；水溶性可能↓；疏水表面积可能↑；膜分配可能↑,仅为结构/类别推断；不代表已证实提高环肽渗透性或口服暴露,https://www.rcsb.org/ligand/4J4
4J5,amino{[(3S)-3-amino-3-carboxypropyl]amino}methaniminium,,l-peptide linking,极性／带电侧链,极性／带电侧链,C5 H13 N4 O2,161.182,ARG,C(CNC(=[NH2+])N)[C@@H](C(=O)O)N,水溶性可能↑；被动渗透性可能↓；可提供结合或偶联位点,仅为结构/类别推断；不代表已证实提高环肽渗透性或口服暴露,https://www.rcsb.org/ligand/4J5
4KY,(4R)-1-acetyl-4-(oct-7-en-1-yloxy)-L-proline,,peptide linking,构象限制,构象限制；极性／带电侧链,C15 H25 N O4,283.363,PRO,CC(=O)N1C[C@@H](C[C@H]1C(=O)O)OCCCCCCC=C,构象刚性可能↑；蛋白酶稳定性可能↑；渗透性取决于极性遮蔽；水溶性可能↑；被动渗透性可能↓,仅为结构/类别推断；不代表已证实提高环肽渗透性或口服暴露,https://www.rcsb.org/ligand/4KY
4L0,(4R)-1-acetyl-4-(hexyloxy)-L-proline,(4R)-1-acetyl-4-(hex-5-en-1-yloxy)-L-proline (bound form),l-peptide linking,构象限制,构象限制；极性／带电侧链,C13 H23 N O4,257.326,PRO,CCCCCCO[C@@H]1C[C@H](N(C1)C(=O)C)C(=O)O,构象刚性可能↑；蛋白酶稳定性可能↑；渗透性取决于极性遮蔽；水溶性可能↑；被动渗透性可能↓,仅为结构/类别推断；不代表已证实提高环肽渗透性或口服暴露,https://www.rcsb.org/ligand/4L0
4L8,(2R)-2-(aminomethyl)-4-methylpentanoic acid,,l-peptide linking,其他CCD肽链核心,,C7 H15 N O2,145.2,,CC(C)C[C@H](CN)C(=O)O,尚无可靠的定向性质判断；需在具体环肽骨架中验证,仅为结构/类别推断；不代表已证实提高环肽渗透性或口服暴露,https://www.rcsb.org/ligand/4L8
4LZ,"O-[2-(triaza-1,2-dien-2-ium-1-yl)ethyl]-L-tyrosine",,l-peptide linking,芳香／疏水侧链,芳香／疏水侧链；极性／带电侧链,C11 H15 N4 O3,251.262,TYR,c1cc(ccc1C[C@@H](C(=O)O)N)OCCN=[N+]=N,疏水表面积可能↑；膜分配可能↑；水溶性可能↓；水溶性可能↑；被动渗透性可能↓,仅为结构/类别推断；不代表已证实提高环肽渗透性或口服暴露,https://www.rcsb.org/ligand/4LZ
4M8,(2S)-2-amino-4-[(S)-hydroxy(methoxy)phosphoryl]butanoic acid,,l-peptide linking,极性／带电侧链,极性／带电侧链,C5 H12 N O5 P,197.126,,CO[P@](=O)(CC[C@@H](C(=O)O)N)O,水溶性可能↑；被动渗透性可能↓；可提供结合或偶联位点,仅为结构/类别推断；不代表已证实提高环肽渗透性或口服暴露,https://www.rcsb.org/ligand/4M8
4M9,"(4Z)-4-imino-4-[(4Z)-4-(1H-indol-3-ylmethylidene)-5-oxo-1-(2-oxoethyl)-4,5-dihydro-1H-imidazol-2-yl]butanamide",CHROMOPHORE (GLN-TRP-GLY),l-peptide linking,极性／带电侧链,极性／带电侧链,C18 H17 N5 O4,367.359,GLN / GLY / TRP,[H]/N=C(\CCC(=O)N)/C1=N/C(=C\c2c[nH]c3c2cccc3)/C(=O)N1CC(=O)O,水溶性可能↑；被动渗透性可能↓；可提供结合或偶联位点,仅为结构/类别推断；不代表已证实提高环肽渗透性或口服暴露,https://www.rcsb.org/ligand/4M9
4N3,N-octanoyl-D-valine,,d-peptide linking,D-构型,D-构型；极性／带电侧链,C13 H25 N O3,243.342,,CCCCCCCC(=O)N[C@H](C(C)C)C(=O)O,蛋白酶稳定性可能↑；局部构象可能改变；渗透性取决于骨架；水溶性可能↑；被动渗透性可能↓,仅为结构/类别推断；不代表已证实提高环肽渗透性或口服暴露,https://www.rcsb.org/ligand/4N3
4NT,"[(4Z)-2-[(1R,2R)-1-amino-2-hydroxypropyl]-4-(3-chloro-4-hydroxybenzylidene)-5-oxo-4,5-dihydro-1H-imidazol-1-yl]acetic acid",PEPTIDE DERIVED CHROMOPHORE,l-peptide linking,卤代／电子调节,卤代／电子调节；芳香／疏水侧链；极性／带电侧链,C15 H16 Cl N3 O5,353.758,GLY / THR / TYR,C[C@H]([C@@H](C1=N/C(=C\c2ccc(c(c2)Cl)O)/C(=O)N1CC(=O)O)N)O,疏水性可能↑；代谢稳定性可能↑；水溶性可能↓；疏水表面积可能↑；膜分配可能↑,仅为结构/类别推断；不代表已证实提高环肽渗透性或口服暴露,https://www.rcsb.org/ligand/4NT
4NU,"{(4Z)-2-[(1R,2R)-1-amino-2-hydroxypropyl]-4-[(3,5-dichloro-4-oxocyclohexa-2,5-dien-1-yl)methylidene]-5-oxo-4,5-dihydro-1H-imidazol-1-yl}acetic acid",PEPTIDE DERIVED CHROMOPHORE,l-peptide linking,构象限制,卤代／电子调节；构象限制；极性／带电侧链,C15 H15 Cl2 N3 O5,388.203,GLY / THR / TYR,C[C@H]([C@@H](C1=N/C(=C\C2C=C(C(=O)C(=C2)Cl)Cl)/C(=O)N1CC(=O)O)N)O,疏水性可能↑；代谢稳定性可能↑；水溶性可能↓；构象刚性可能↑；蛋白酶稳定性可能↑,仅为结构/类别推断；不代表已证实提高环肽渗透性或口服暴露,https://www.rcsb.org/ligand/4NU
4OG,3-(1-benzothiophen-3-yl)-L-alanine,,l-peptide linking,芳香／疏水侧链,芳香／疏水侧链,C11 H11 N O2 S,221.276,TRP,c1ccc2c(c1)c(cs2)C[C@@H](C(=O)O)N,疏水表面积可能↑；膜分配可能↑；水溶性可能↓,仅为结构/类别推断；不代表已证实提高环肽渗透性或口服暴露,https://www.rcsb.org/ligand/4OG
4OP,"(2S,4S)-2-carboxy-4-hydroxy-1,1-dimethylpyrrolidinium",CIS-4OH-D-PROLINE BETAINE,d-peptide linking,D-构型,D-构型；构象限制；极性／带电侧链,C7 H14 N O3,160.191,,C[N+]1(C[C@@H](C[C@@H]1C(=O)O)O)C,蛋白酶稳定性可能↑；局部构象可能改变；渗透性取决于骨架；构象刚性可能↑；渗透性取决于极性遮蔽,仅为结构/类别推断；不代表已证实提高环肽渗透性或口服暴露,https://www.rcsb.org/ligand/4OP
4OU,4-(acryloylamino)-L-phenylalanine,,l-peptide linking,芳香／疏水侧链,芳香／疏水侧链；极性／带电侧链,C12 H14 N2 O3,234.251,PHE,C=CC(=O)Nc1ccc(cc1)C[C@@H](C(=O)O)N,疏水表面积可能↑；膜分配可能↑；水溶性可能↓；水溶性可能↑；被动渗透性可能↓,仅为结构/类别推断；不代表已证实提高环肽渗透性或口服暴露,https://www.rcsb.org/ligand/4OU
4OV,"(2R)-2-[(1R)-2-[(2S)-2-amino-2-carboxyethoxy]-1-{[(2R)-2-amino-2-phenylacetyl]amino}-2-oxoethyl]-5-methyl-3,6-dihydro-2H-1,3-thiazine-4-carboxylic acid",,l-peptide linking,芳香／疏水侧链,芳香／疏水侧链；极性／带电侧链,C19 H24 N4 O7 S,452.481,SER,CC1=C(N[C@H](SC1)[C@@H](C(=O)OC[C@@H](C(=O)O)N)NC(=O)[C@@H](c2ccccc2)N)C(=O)O,疏水表面积可能↑；膜分配可能↑；水溶性可能↓；水溶性可能↑；被动渗透性可能↓,仅为结构/类别推断；不代表已证实提高环肽渗透性或口服暴露,https://www.rcsb.org/ligand/4OV
4PH,4-methyl-L-phenylalanine,,l-peptide linking,芳香／疏水侧链,芳香／疏水侧链,C10 H13 N O2,179.216,PHE,Cc1ccc(cc1)C[C@@H](C(=O)O)N,疏水表面积可能↑；膜分配可能↑；水溶性可能↓,仅为结构/类别推断；不代表已证实提高环肽渗透性或口服暴露,https://www.rcsb.org/ligand/4PH
4PQ,5-hydroxy-L-tryptophan,Oxitriptan,l-peptide linking,芳香／疏水侧链,芳香／疏水侧链；极性／带电侧链,C11 H12 N2 O3,220.225,TRP,c1cc2c(cc1O)c(c[nH]2)C[C@@H](C(=O)O)N,疏水表面积可能↑；膜分配可能↑；水溶性可能↓；水溶性可能↑；被动渗透性可能↓,仅为结构/类别推断；不代表已证实提高环肽渗透性或口服暴露,https://www.rcsb.org/ligand/4PQ
4QK,"6-[4-(2-aminoethyl)-1H-1,2,3-triazol-1-yl]-L-norleucine",,l-peptide linking,芳香／疏水侧链,芳香／疏水侧链；极性／带电侧链,C10 H19 N5 O2,241.29,,c1c(nnn1CCCC[C@@H](C(=O)O)N)CCN,疏水表面积可能↑；膜分配可能↑；水溶性可能↓；水溶性可能↑；被动渗透性可能↓,仅为结构/类别推断；不代表已证实提高环肽渗透性或口服暴露,https://www.rcsb.org/ligand/4QK
4SJ,"N,beta,beta-trimethyl-L-phenylalanine",,l-peptide linking,芳香／疏水侧链,芳香／疏水侧链,C12 H17 N O2,207.269,PHE,CC(C)(c1ccccc1)[C@@H](C(=O)O)NC,疏水表面积可能↑；膜分配可能↑；水溶性可能↓,仅为结构/类别推断；不代表已证实提高环肽渗透性或口服暴露,https://www.rcsb.org/ligand/4SJ
4U7,"[(5S)-5-amino-5-carboxy-6,6-difluorohexyl](trihydroxy)borate(1-)",,l-peptide linking,卤代／电子调节,卤代／电子调节；极性／带电侧链,C7 H15 B F2 N O5,242.006,ALA,[B-](CCCC[C@@](C(F)F)(C(=O)O)N)(O)(O)O,疏水性可能↑；代谢稳定性可能↑；水溶性可能↓；水溶性可能↑；被动渗透性可能↓,仅为结构/类别推断；不代表已证实提高环肽渗透性或口服暴露,https://www.rcsb.org/ligand/4U7
4UD,"(2S)-amino[(5S)-4,5-dihydro-1,2-oxazol-5-yl]acetic acid",,l-peptide linking,极性／带电侧链,极性／带电侧链,C5 H8 N2 O3,144.129,,C1C=NO[C@@H]1[C@@H](C(=O)O)N,水溶性可能↑；被动渗透性可能↓；可提供结合或偶联位点,仅为结构/类别推断；不代表已证实提高环肽渗透性或口服暴露,https://www.rcsb.org/ligand/4UD
4WQ,"(2S)-2-amino-7,7-dimethyloctanoic acid",,l-peptide linking,其他CCD肽链核心,,C10 H21 N O2,187.279,ALA,CC(C)(C)CCCC[C@@H](C(=O)O)N,尚无可靠的定向性质判断；需在具体环肽骨架中验证,仅为结构/类别推断；不代表已证实提高环肽渗透性或口服暴露,https://www.rcsb.org/ligand/4WQ
51T,"2,3,6-trifluoro-L-tyrosine",,l-peptide linking,卤代／电子调节,卤代／电子调节；芳香／疏水侧链；极性／带电侧链,C9 H8 F3 N O3,235.16,TYR,c1c(c(c(c(c1F)C[C@@H](C(=O)O)N)F)F)O,疏水性可能↑；代谢稳定性可能↑；水溶性可能↓；疏水表面积可能↑；膜分配可能↑,仅为结构/类别推断；不代表已证实提高环肽渗透性或口服暴露,https://www.rcsb.org/ligand/51T
54C,(betaR)-beta-hydroxy-1-{2-[(2R)-oxiran-2-yl]propan-2-yl}-L-tryptophan,,l-peptide linking,芳香／疏水侧链,芳香／疏水侧链；极性／带电侧链,C16 H20 N2 O4,304.341,TRP,CC(C)([C@@H]1CO1)n2cc(c3c2cccc3)[C@H]([C@@H](C(=O)O)N)O,疏水表面积可能↑；膜分配可能↑；水溶性可能↓；水溶性可能↑；被动渗透性可能↓,仅为结构/类别推断；不代表已证实提高环肽渗透性或口服暴露,https://www.rcsb.org/ligand/54C
55I,4-(trifluoromethyl)-L-phenylalanine,,l-peptide linking,卤代／电子调节,卤代／电子调节；芳香／疏水侧链,C10 H10 F3 N O2,233.187,PHE,c1cc(ccc1C[C@@H](C(=O)O)N)C(F)(F)F,疏水性可能↑；代谢稳定性可能↑；水溶性可能↓；疏水表面积可能↑；膜分配可能↑,仅为结构/类别推断；不代表已证实提高环肽渗透性或口服暴露,https://www.rcsb.org/ligand/55I
55N,"(2R,4R)-2-(acetyloxy)-5-methyl-4-(methylamino)hexanoic acid",,peptide linking,极性／带电侧链,极性／带电侧链,C10 H19 N O4,217.262,,CC(C)[C@@H](C[C@H](C(=O)O)OC(=O)C)NC,水溶性可能↑；被动渗透性可能↓；可提供结合或偶联位点,仅为结构/类别推断；不代表已证实提高环肽渗透性或口服暴露,https://www.rcsb.org/ligand/55N
562,"N~5~-[N-(2-{2-[2-(triaza-1,2-dien-2-ium-1-yl)ethoxy]ethoxy}ethyl)carbamimidoyl]-L-ornithine",,l-peptide linking,极性／带电侧链,极性／带电侧链,C12 H26 N7 O4,332.379,,[H]/N=C(/NCCC[C@@H](C(=O)O)N)\NCCOCCOCCN=[N+]=N,水溶性可能↑；被动渗透性可能↓；可提供结合或偶联位点,仅为结构/类别推断；不代表已证实提高环肽渗透性或口服暴露,https://www.rcsb.org/ligand/562
56A,3-(8-phenyloctyl)-L-histidine,,l-peptide linking,芳香／疏水侧链,芳香／疏水侧链；极性／带电侧链,C20 H29 N3 O2,343.463,HIS,c1ccc(cc1)CCCCCCCCn2cncc2C[C@@H](C(=O)O)N,疏水表面积可能↑；膜分配可能↑；水溶性可能↓；水溶性可能↑；被动渗透性可能↓,仅为结构/类别推断；不代表已证实提高环肽渗透性或口服暴露,https://www.rcsb.org/ligand/56A
56C,"N~5~-{N-[2-(2-{2-[2-(triaza-1,2-dien-2-ium-1-yl)ethoxy]ethoxy}ethoxy)ethyl]carbamimidoyl}-L-ornithine",,l-peptide linking,极性／带电侧链,极性／带电侧链,C14 H30 N7 O5,376.432,,[H]/N=C(\NCCC[C@@H](C(=O)O)N)/NCCOCCOCCOCCN=[N+]=N,水溶性可能↑；被动渗透性可能↓；可提供结合或偶联位点,仅为结构/类别推断；不代表已证实提高环肽渗透性或口服暴露,https://www.rcsb.org/ligand/56C
5A6,"(2S)-2-amino-4-[5-(5-aminopentyl)-1,3,4-oxadiazol-2-yl]butanoic acid",,peptide linking,芳香／疏水侧链,芳香／疏水侧链；极性／带电侧链,C11 H20 N4 O3,256.301,,C(CCc1nnc(o1)CC[C@@H](C(=O)O)N)CCN,疏水表面积可能↑；膜分配可能↑；水溶性可能↓；水溶性可能↑；被动渗透性可能↓,仅为结构/类别推断；不代表已证实提高环肽渗透性或口服暴露,https://www.rcsb.org/ligand/5A6
5AB,[(5S)-5-amino-5-carboxyhexyl](trihydroxy)borate,,l-peptide linking,极性／带电侧链,极性／带电侧链,C7 H17 B N O5,206.025,ALA,[B-](CCCC[C@@](C)(C(=O)O)N)(O)(O)O,水溶性可能↑；被动渗透性可能↓；可提供结合或偶联位点,仅为结构/类别推断；不代表已证实提高环肽渗透性或口服暴露,https://www.rcsb.org/ligand/5AB
5CR,N-acetyl-L-phenylalanine,,l-peptide linking,芳香／疏水侧链,芳香／疏水侧链；极性／带电侧链,C11 H13 N O3,207.226,PHE,CC(=O)N[C@@H](Cc1ccccc1)C(=O)O,疏水表面积可能↑；膜分配可能↑；水溶性可能↓；水溶性可能↑；被动渗透性可能↓,仅为结构/类别推断；不代表已证实提高环肽渗透性或口服暴露,https://www.rcsb.org/ligand/5CR
5CS,2-AMINO-3-(CYSTEIN-S-YL)-ISOXAZOLIDIN-5-YL-ACETIC ACID,,l-peptide linking,极性／带电侧链,极性／带电侧链,C8 H15 N3 O5 S,265.287,CYS,C1C(ON[C@@H]1SC[C@@H](C(=O)O)N)[C@@H](C(=O)O)N,水溶性可能↑；被动渗透性可能↓；可提供结合或偶联位点,仅为结构/类别推断；不代表已证实提高环肽渗透性或口服暴露,https://www.rcsb.org/ligand/5CS
5CT,Hypusine,N~6~-[(2S)-4-amino-2-hydroxybutyl]-L-lysine,peptide linking,极性／带电侧链,极性／带电侧链,C10 H23 N3 O3,233.308,LYS,C(CCNC[C@H](CCN)O)C[C@@H](C(=O)O)N,水溶性可能↑；被动渗透性可能↓；可提供结合或偶联位点,仅为结构/类别推断；不代表已证实提高环肽渗透性或口服暴露,https://www.rcsb.org/ligand/5CT
5CW,5-chloro-L-tryptophan,,l-peptide linking,卤代／电子调节,卤代／电子调节；芳香／疏水侧链；极性／带电侧链,C11 H11 Cl N2 O2,238.67,TRP,c1cc2c(cc1Cl)c(c[nH]2)C[C@@H](C(=O)O)N,疏水性可能↑；代谢稳定性可能↑；水溶性可能↓；疏水表面积可能↑；膜分配可能↑,仅为结构/类别推断；不代表已证实提高环肽渗透性或口服暴露,https://www.rcsb.org/ligand/5CW
5DW,4-ethynyl-L-phenylalanine,,l-peptide linking,芳香／疏水侧链,芳香／疏水侧链,C11 H11 N O2,189.211,,C#Cc1ccc(cc1)C[C@@H](C(=O)O)N,疏水表面积可能↑；膜分配可能↑；水溶性可能↓,仅为结构/类别推断；不代表已证实提高环肽渗透性或口服暴露,https://www.rcsb.org/ligand/5DW
5F0,(3~{S})-3-azanyl-4-methoxy-4-oxidanylidene-butanoic acid,1-methyl isoaspartic acid,l-peptide linking,极性／带电侧链,极性／带电侧链,C5 H9 N O4,147.129,,COC(=O)[C@H](CC(=O)O)N,水溶性可能↑；被动渗透性可能↓；可提供结合或偶联位点,仅为结构/类别推断；不代表已证实提高环肽渗透性或口服暴露,https://www.rcsb.org/ligand/5F0
5FQ,N-pentyl-L-alaninamide,,l-peptide linking,极性／带电侧链,极性／带电侧链,C8 H18 N2 O,158.241,ALA,CCCCCNC(=O)[C@H](C)N,水溶性可能↑；被动渗透性可能↓；可提供结合或偶联位点,仅为结构/类别推断；不代表已证实提高环肽渗透性或口服暴露,https://www.rcsb.org/ligand/5FQ
5GG,Deoxyhypusine,,l-peptide linking,极性／带电侧链,极性／带电侧链,C10 H23 N3 O2,217.309,Lys,C(CCNCCCCN)C[C@@H](C(=O)O)N,水溶性可能↑；被动渗透性可能↓；可提供结合或偶联位点,仅为结构/类别推断；不代表已证实提高环肽渗透性或口服暴露,https://www.rcsb.org/ligand/5GG
5GM,"(4S)-2,4-dimethyl-L-norleucine",,l-peptide linking,其他CCD肽链核心,,C8 H17 N O2,159.226,ILE,CC[C@H](C)C[C@@](C)(C(=O)O)N,尚无可靠的定向性质判断；需在具体环肽骨架中验证,仅为结构/类别推断；不代表已证实提高环肽渗透性或口服暴露,https://www.rcsb.org/ligand/5GM
5LB,"(2~{S})-2-azanyl-3-[1-(2-azanylethyl)-1,2,3-triazol-4-yl]propanoic acid",,peptide linking,芳香／疏水侧链,芳香／疏水侧链；极性／带电侧链,C7 H13 N5 O2,199.21,,c1c(nnn1CCN)C[C@@H](C(=O)O)N,疏水表面积可能↑；膜分配可能↑；水溶性可能↓；水溶性可能↑；被动渗透性可能↓,仅为结构/类别推断；不代表已证实提高环肽渗透性或口服暴露,https://www.rcsb.org/ligand/5LB
5LE,"(2~{S})-2-azanyl-3-[1-(3-azanylpropyl)-1,2,3-triazol-4-yl]propanoic acid",,peptide linking,芳香／疏水侧链,芳香／疏水侧链；极性／带电侧链,C8 H15 N5 O2,213.237,,c1c(nnn1CCCN)C[C@@H](C(=O)O)N,疏水表面积可能↑；膜分配可能↑；水溶性可能↓；水溶性可能↑；被动渗透性可能↓,仅为结构/类别推断；不代表已证实提高环肽渗透性或口服暴露,https://www.rcsb.org/ligand/5LE
5LF,"(2~{S})-2-azanyl-3-[1-(6-azanylhexyl)-1,2,3-triazol-4-yl]propanoic acid",,peptide linking,芳香／疏水侧链,芳香／疏水侧链；极性／带电侧链,C11 H21 N5 O2,255.317,,c1c(nnn1CCCCCCN)C[C@@H](C(=O)O)N,疏水表面积可能↑；膜分配可能↑；水溶性可能↓；水溶性可能↑；被动渗透性可能↓,仅为结构/类别推断；不代表已证实提高环肽渗透性或口服暴露,https://www.rcsb.org/ligand/5LF
5MW,"(2~{S})-5-[4-(aminomethyl)-1,2,3-triazol-1-yl]-2-azanyl-pentanoic acid",,l-peptide linking,芳香／疏水侧链,芳香／疏水侧链；极性／带电侧链,C8 H15 N5 O2,213.237,LYS,c1c(nnn1CCC[C@@H](C(=O)O)N)CN,疏水表面积可能↑；膜分配可能↑；水溶性可能↓；水溶性可能↑；被动渗透性可能↓,仅为结构/类别推断；不代表已证实提高环肽渗透性或口服暴露,https://www.rcsb.org/ligand/5MW
5OH,"(2S)-amino[(4R,6S)-2-amino-6-hydroxy-3,4,5,6-tetrahydropyrimidin-4-yl]ethanoic acid",,l-peptide linking,极性／带电侧链,极性／带电侧链,C6 H12 N4 O3,188.184,ALA,C1[C@@H](NC(=N[C@H]1O)N)[C@@H](C(=O)O)N,水溶性可能↑；被动渗透性可能↓；可提供结合或偶联位点,仅为结构/类别推断；不代表已证实提高环肽渗透性或口服暴露,https://www.rcsb.org/ligand/5OH
5OL,"N~6~-(1,1-dihydroxyethyl)-L-lysine",,l-peptide linking,极性／带电侧链,极性／带电侧链,C8 H18 N2 O4,206.24,,CC(NCCCC[C@@H](C(=O)O)N)(O)O,水溶性可能↑；被动渗透性可能↓；可提供结合或偶联位点,仅为结构/类别推断；不代表已证实提高环肽渗透性或口服暴露,https://www.rcsb.org/ligand/5OL
5OM,"(2S)-2-amino-8,8-dihydroxy-8-[(2S)-oxiran-2-yl]octanoic acid",,l-peptide linking,极性／带电侧链,极性／带电侧链,C10 H19 N O5,233.262,,C1[C@H](O1)C(CCCCC[C@@H](C(=O)O)N)(O)O,水溶性可能↑；被动渗透性可能↓；可提供结合或偶联位点,仅为结构/类别推断；不代表已证实提高环肽渗透性或口服暴露,https://www.rcsb.org/ligand/5OM
5OW,(2~{S})-2-azanyl-6-[[(~{Z})-~{C}-[2-methyl-3-oxidanyl-5-(phosphonooxymethyl)pyridin-4-yl]-~{N}-[(2~{R})-1-oxidanyl-1-oxidanylidene-3-sulfanyl-propan-2-yl]carbonimidoyl]amino]hexanoic acid,,l-peptide linking,芳香／疏水侧链,芳香／疏水侧链；极性／带电侧链,C17 H27 N4 O9 P S,494.456,LYS,Cc1c(c(c(cn1)COP(=O)(O)O)/C(=N/[C@@H](CS)C(=O)O)/NCCCC[C@@H](C(=O)O)N)O,疏水表面积可能↑；膜分配可能↑；水溶性可能↓；水溶性可能↑；被动渗透性可能↓,仅为结构/类别推断；不代表已证实提高环肽渗透性或口服暴露,https://www.rcsb.org/ligand/5OW
5PG,(2S)-(4-hydroxyphenyl)(methylamino)ethanoic acid,N-METHYL-4-HYDROXY-PHENYLGLYCINE,l-peptide linking,N-取代,N-取代；芳香／疏水侧链；极性／带电侧链,C9 H11 N O3,181.189,GLY,CN[C@@H](c1ccc(cc1)O)C(=O)O,主链氢键供体可能↓；暴露极性可能↓；被动渗透性可能↑；疏水表面积可能↑；膜分配可能↑,仅为结构/类别推断；不代表已证实提高环肽渗透性或口服暴露,https://www.rcsb.org/ligand/5PG
5R5,methyl L-serinate,methyl (2~{S})-2-azanyl-3-oxidanyl-propanoate,l-peptide linking,极性／带电侧链,极性／带电侧链,C4 H9 N O3,119.119,SER,COC(=O)[C@H](CO)N,水溶性可能↑；被动渗透性可能↓；可提供结合或偶联位点,仅为结构/类别推断；不代表已证实提高环肽渗透性或口服暴露,https://www.rcsb.org/ligand/5R5
5SQ,2-[2-[(1S)-1-azanyl-2-(1H-imidazol-4-yl)ethyl]-4-[(4-hydroxyphenyl)methylidene]-5-oxidanylidene-imidazol-1-yl]ethanoic acid,GREEN CHROMOPHORE (HIS-TYR-GLY),l-peptide linking,芳香／疏水侧链,芳香／疏水侧链；极性／带电侧链,C17 H17 N5 O4,355.348,GLY / HIS / TYR,c1cc(ccc1C=C2C(=O)N(C(=N2)[C@H](Cc3c[nH]cn3)N)CC(=O)O)O,疏水表面积可能↑；膜分配可能↑；水溶性可能↓；水溶性可能↑；被动渗透性可能↓,仅为结构/类别推断；不代表已证实提高环肽渗透性或口服暴露,https://www.rcsb.org/ligand/5SQ
5T3,N~6~-ethyl-N~6~-propan-2-yl-L-lysine,,l-peptide linking,极性／带电侧链,极性／带电侧链,C11 H24 N2 O2,216.32,LYS,CCN(CCCC[C@@H](C(=O)O)N)C(C)C,水溶性可能↑；被动渗透性可能↓；可提供结合或偶联位点,仅为结构/类别推断；不代表已证实提高环肽渗透性或口服暴露,https://www.rcsb.org/ligand/5T3
5VV,N-carbamoyl-L-Asparagine,,l-peptide linking,极性／带电侧链,极性／带电侧链,C5 H8 N2 O5,176.127,ASN,C([C@@H](C(=O)O)NC(=O)O)C(=O)N,水溶性可能↑；被动渗透性可能↓；可提供结合或偶联位点,仅为结构/类别推断；不代表已证实提高环肽渗透性或口服暴露,https://www.rcsb.org/ligand/5VV
5X8,S-adenosyl-L-cysteine,,l-peptide linking,芳香／疏水侧链,芳香／疏水侧链；极性／带电侧链,C13 H18 N6 O5 S,370.384,,c1nc(c2c(n1)n(cn2)[C@H]3[C@@H]([C@@H]([C@H](O3)CSC[C@@H](C(=O)O)N)O)O)N,疏水表面积可能↑；膜分配可能↑；水溶性可能↓；水溶性可能↑；被动渗透性可能↓,仅为结构/类别推断；不代表已证实提高环肽渗透性或口服暴露,https://www.rcsb.org/ligand/5X8
5XU,(2~{S})-2-azanylpropanal,Ala-aldehyde,l-peptide linking,其他CCD肽链核心,,C3 H7 N O,73.094,ALA,C[C@@H](C=O)N,尚无可靠的定向性质判断；需在具体环肽骨架中验证,仅为结构/类别推断；不代表已证实提高环肽渗透性或口服暴露,https://www.rcsb.org/ligand/5XU
5ZA,"(5Z)-2-[(1S,2R)-1-AMINO-2-HYDROXYPROPYL]-5-[(4-AMINO-1H-INDOL-3-YL)METHYLENE]-3-(2-HYDROXYETHYL)-3,5-DIHYDRO-4H-IMIDAZOL-4-ONE",,l-peptide linking,极性／带电侧链,极性／带电侧链,C17 H19 N5 O4,357.364,GLY / THR / TRP,C[C@H]([C@@H](C1=N/C(=C\c2c[nH]c3c2c(ccc3)N)/C(=O)N1CC(=O)O)N)O,水溶性可能↑；被动渗透性可能↓；可提供结合或偶联位点,仅为结构/类别推断；不代表已证实提高环肽渗透性或口服暴露,https://www.rcsb.org/ligand/5ZA
60F,(2~{R})-2-azanyl-3-[(~{E})-3-(4-hydroxyphenyl)prop-2-enoyl]sulfanyl-propanoic acid,,l-peptide linking,芳香／疏水侧链,芳香／疏水侧链；极性／带电侧链,C12 H13 N O4 S,267.301,CYS,c1cc(ccc1/C=C/C(=O)SC[C@@H](C(=O)O)N)O,疏水表面积可能↑；膜分配可能↑；水溶性可能↓；水溶性可能↑；被动渗透性可能↓,仅为结构/类别推断；不代表已证实提高环肽渗透性或口服暴露,https://www.rcsb.org/ligand/60F
62H,(2S)-3-amino-2-methylpropanoic acid,,l-peptide linking,其他CCD肽链核心,,C4 H9 N O2,103.12,,C[C@@H](CN)C(=O)O,尚无可靠的定向性质判断；需在具体环肽骨架中验证,仅为结构/类别推断；不代表已证实提高环肽渗透性或口服暴露,https://www.rcsb.org/ligand/62H
66C,"4-[8-(beta-alanyl)-8,9-dihydro-1H-dibenzo[b,f][1,2,3]triazolo[4,5-d]azocin-1-yl]-L-phenylalanine",,l-peptide linking,芳香／疏水侧链,芳香／疏水侧链；极性／带电侧链,C27 H26 N6 O3,482.534,,c1ccc-2c(c1)CN(c3ccccc3-c4c2n(nn4)c5ccc(cc5)C[C@@H](C(=O)O)N)C(=O)CCN,疏水表面积可能↑；膜分配可能↑；水溶性可能↓；水溶性可能↑；被动渗透性可能↓,仅为结构/类别推断；不代表已证实提高环肽渗透性或口服暴露,https://www.rcsb.org/ligand/66C
66D,"(4R)-2,4-dimethyl-L-norleucine",,l-peptide linking,其他CCD肽链核心,,C8 H17 N O2,159.226,ILE,CC[C@@H](C)C[C@@](C)(C(=O)O)N,尚无可靠的定向性质判断；需在具体环肽骨架中验证,仅为结构/类别推断；不代表已证实提高环肽渗透性或口服暴露,https://www.rcsb.org/ligand/66D
66E,N-ethyl-L-valine,,l-peptide linking,N-取代,N-取代,C7 H15 N O2,145.2,,CCN[C@@H](C(C)C)C(=O)O,主链氢键供体可能↓；暴露极性可能↓；被动渗透性可能↑,仅为结构/类别推断；不代表已证实提高环肽渗透性或口服暴露,https://www.rcsb.org/ligand/66E
6BR,threoninevanadate,,l-peptide linking,极性／带电侧链,极性／带电侧链,C4 H8 N O7 V,233.05,THR,C[C@H]([C@@H](C(=O)O)N)O[V](=O)([O-])([O-])[O-],水溶性可能↑；被动渗透性可能↓；可提供结合或偶联位点,仅为结构/类别推断；不代表已证实提高环肽渗透性或口服暴露,https://www.rcsb.org/ligand/6BR
6CL,6-CARBOXYLYSINE,,l-peptide linking,极性／带电侧链,极性／带电侧链,C7 H15 N2 O4,191.205,LYS,C(C[C@H](C(=O)O)[NH3+])C[C@@H](C(=O)O)N,水溶性可能↑；被动渗透性可能↓；可提供结合或偶联位点,仅为结构/类别推断；不代表已证实提高环肽渗透性或口服暴露,https://www.rcsb.org/ligand/6CL
6CV,3-bromo-L-phenylalanine,,l-peptide linking,卤代／电子调节,卤代／电子调节；芳香／疏水侧链,C9 H10 Br N O2,244.085,ALA,c1cc(cc(c1)Br)C[C@@H](C(=O)O)N,疏水性可能↑；代谢稳定性可能↑；水溶性可能↓；疏水表面积可能↑；膜分配可能↑,仅为结构/类别推断；不代表已证实提高环肽渗透性或口服暴露,https://www.rcsb.org/ligand/6CV
6CW,6-CHLORO-L-TRYPTOPHAN,,l-peptide linking,卤代／电子调节,卤代／电子调节；芳香／疏水侧链；极性／带电侧链,C11 H11 Cl N2 O2,238.67,TRP,c1cc2c(cc1Cl)[nH]cc2C[C@@H](C(=O)O)N,疏水性可能↑；代谢稳定性可能↑；水溶性可能↓；疏水表面积可能↑；膜分配可能↑,仅为结构/类别推断；不代表已证实提高环肽渗透性或口服暴露,https://www.rcsb.org/ligand/6CW
6DU,2-bromo-L-phenylalanine,,l-peptide linking,卤代／电子调节,卤代／电子调节；芳香／疏水侧链,C9 H10 Br N O2,244.085,,c1ccc(c(c1)C[C@@H](C(=O)O)N)Br,疏水性可能↑；代谢稳定性可能↑；水溶性可能↓；疏水表面积可能↑；膜分配可能↑,仅为结构/类别推断；不代表已证实提高环肽渗透性或口服暴露,https://www.rcsb.org/ligand/6DU
6E4,L-glutamamide,,l-peptide linking,极性／带电侧链,极性／带电侧链,C5 H11 N3 O2,145.16,,C(CC(=O)N)[C@@H](C(=O)N)N,水溶性可能↑；被动渗透性可能↓；可提供结合或偶联位点,仅为结构/类别推断；不代表已证实提高环肽渗透性或口服暴露,https://www.rcsb.org/ligand/6E4
6FL,"5,5,5,5',5',5'-hexafluoro-L-leucine",,l-peptide linking,卤代／电子调节,卤代／电子调节,C6 H7 F6 N O2,239.116,,C([C@@H](C(=O)O)N)C(C(F)(F)F)C(F)(F)F,疏水性可能↑；代谢稳定性可能↑；水溶性可能↓,仅为结构/类别推断；不代表已证实提高环肽渗透性或口服暴露,https://www.rcsb.org/ligand/6FL
6G4,4-oxononanoyl lysine,Nepsilon,peptide linking,极性／带电侧链,极性／带电侧链,C15 H28 N2 O4,300.394,Lys,CCCCCC(=O)CCC(=O)NCCCC[C@@H](C(=O)O)N,水溶性可能↑；被动渗透性可能↓；可提供结合或偶联位点,仅为结构/类别推断；不代表已证实提高环肽渗透性或口服暴露,https://www.rcsb.org/ligand/6G4
6G5,4-chloro-L-tryptophan,,l-peptide linking,卤代／电子调节,卤代／电子调节；芳香／疏水侧链；极性／带电侧链,C11 H11 Cl N2 O2,238.67,,c1cc2c(c(c1)Cl)c(c[nH]2)C[C@@H](C(=O)O)N,疏水性可能↑；代谢稳定性可能↑；水溶性可能↓；疏水表面积可能↑；膜分配可能↑,仅为结构/类别推断；不代表已证实提高环肽渗透性或口服暴露,https://www.rcsb.org/ligand/6G5
6GL,5-(phosphonooxy)-L-norvaline,,l-peptide linking,极性／带电侧链,极性／带电侧链,C5 H12 N O6 P,213.126,ALA,C(C[C@@H](C(=O)O)N)COP(=O)(O)O,水溶性可能↑；被动渗透性可能↓；可提供结合或偶联位点,仅为结构/类别推断；不代表已证实提高环肽渗透性或口服暴露,https://www.rcsb.org/ligand/6GL
6HN,6-nitro-L-norleucine,,l-peptide linking,极性／带电侧链,极性／带电侧链,C6 H12 N2 O4,176.17,LYS,C(CC[N+](=O)[O-])C[C@@H](C(=O)O)N,水溶性可能↑；被动渗透性可能↓；可提供结合或偶联位点,仅为结构/类别推断；不代表已证实提高环肽渗透性或口服暴露,https://www.rcsb.org/ligand/6HN
6KM,S-propanoyl-L-cysteine,,l-peptide linking,极性／带电侧链,极性／带电侧链,C6 H11 N O3 S,177.221,,CCC(=O)SC[C@@H](C(=O)O)N,水溶性可能↑；被动渗透性可能↓；可提供结合或偶联位点,仅为结构/类别推断；不代表已证实提高环肽渗透性或口服暴露,https://www.rcsb.org/ligand/6KM
6KY,(2S)-2-(dimethylamino)-4-(methylselanyl)butanoic acid,,l-peptide linking,其他CCD肽链核心,,C7 H15 N O2 Se,224.159,,CN(C)[C@@H](CC[Se]C)C(=O)O,尚无可靠的定向性质判断；需在具体环肽骨架中验证,仅为结构/类别推断；不代表已证实提高环肽渗透性或口服暴露,https://www.rcsb.org/ligand/6KY
6M6,S-[(2-phenylethyl)carbamothioyl]-L-cysteine,,l-peptide linking,芳香／疏水侧链,芳香／疏水侧链；极性／带电侧链,C12 H16 N2 O2 S2,284.398,CYS,c1ccc(cc1)CCNC(=S)SC[C@@H](C(=O)O)N,疏水表面积可能↑；膜分配可能↑；水溶性可能↓；水溶性可能↑；被动渗透性可能↓,仅为结构/类别推断；不代表已证实提高环肽渗透性或口服暴露,https://www.rcsb.org/ligand/6M6
6RK,4-azanylcyclohexane-1-carboxylic acid,,l-peptide linking,构象限制,构象限制,C7 H13 N O2,143.184,,C1CC(CCC1C(=O)O)N,构象刚性可能↑；蛋白酶稳定性可能↑；渗透性取决于极性遮蔽,仅为结构/类别推断；不代表已证实提高环肽渗透性或口服暴露,https://www.rcsb.org/ligand/6RK
6V1,"(2~{R})-2-azanyl-3-[(3~{R})-1-ethyl-2,5-bis(oxidanylidene)pyrrolidin-3-yl]sulfanyl-propanoic acid",,l-peptide linking,极性／带电侧链,极性／带电侧链,C9 H14 N2 O4 S,246.283,CYS,CCN1C(=O)C[C@H](C1=O)SC[C@@H](C(=O)O)N,水溶性可能↑；被动渗透性可能↓；可提供结合或偶联位点,仅为结构/类别推断；不代表已证实提高环肽渗透性或口服暴露,https://www.rcsb.org/ligand/6V1
6V9,"2-methyl-1,3-thiazole-5-carboxylic acid",,peptide linking,芳香／疏水侧链,芳香／疏水侧链,C5 H5 N O2 S,143.164,,Cc1ncc(s1)C(=O)O,疏水表面积可能↑；膜分配可能↑；水溶性可能↓,仅为结构/类别推断；不代表已证实提高环肽渗透性或口服暴露,https://www.rcsb.org/ligand/6V9
6WK,"(2~{R})-2-azanyl-3-[[(2~{S},3~{S})-2,3-bis(oxidanyl)-4-sulfanyl-butyl]disulfanyl]propanoic acid",,l-peptide linking,极性／带电侧链,极性／带电侧链,C7 H15 N O4 S3,273.393,CYS,C([C@H]([C@@H](CSSC[C@@H](C(=O)O)N)O)O)S,水溶性可能↑；被动渗透性可能↓；可提供结合或偶联位点,仅为结构/类别推断；不代表已证实提高环肽渗透性或口服暴露,https://www.rcsb.org/ligand/6WK
6Y9,"(2~{R})-1,2-dimethylpyrrolidine-2-carboxylic acid",,d-peptide linking,D-构型,D-构型,C7 H13 N O2,143.184,PRO,C[C@@]1(CCCN1C)C(=O)O,蛋白酶稳定性可能↑；局部构象可能改变；渗透性取决于骨架,仅为结构/类别推断；不代表已证实提高环肽渗透性或口服暴露,https://www.rcsb.org/ligand/6Y9
6YJ,"(2~{S},4~{R})-5-(4-aminophenyl)-4-azanyl-2-methyl-pentanoic acid",,peptide linking,芳香／疏水侧链,芳香／疏水侧链；极性／带电侧链,C12 H18 N2 O2,222.284,,C[C@@H](C[C@H](Cc1ccc(cc1)N)N)C(=O)O,疏水表面积可能↑；膜分配可能↑；水溶性可能↓；水溶性可能↑；被动渗透性可能↓,仅为结构/类别推断；不代表已证实提高环肽渗透性或口服暴露,https://www.rcsb.org/ligand/6YJ
6ZS,L-isovaline,,l-peptide linking,其他CCD肽链核心,,C5 H11 N O2,117.146,,CC[C@@](C)(C(=O)O)N,尚无可靠的定向性质判断；需在具体环肽骨架中验证,仅为结构/类别推断；不代表已证实提高环肽渗透性或口服暴露,https://www.rcsb.org/ligand/6ZS
73C,(2~{S})-2-azanyl-3-butoxy-propanoic acid,,l-peptide linking,极性／带电侧链,极性／带电侧链,C7 H15 N O3,161.199,SER,CCCCOC[C@@H](C(=O)O)N,水溶性可能↑；被动渗透性可能↓；可提供结合或偶联位点,仅为结构/类别推断；不代表已证实提高环肽渗透性或口服暴露,https://www.rcsb.org/ligand/73C
73N,(2~{S})-5-carbamimidamido-2-(carboxyamino)pentanoic acid,,l-peptide linking,极性／带电侧链,极性／带电侧链,C7 H14 N4 O4,218.21,ARG,[H]/N=C(\N)/NCCC[C@@H](C(=O)O)NC(=O)O,水溶性可能↑；被动渗透性可能↓；可提供结合或偶联位点,仅为结构/类别推断；不代表已证实提高环肽渗透性或口服暴露,https://www.rcsb.org/ligand/73N
73O,(2~{S})-2-azanyl-4-(4-hydroxyphenyl)butanoic acid,,l-peptide linking,芳香／疏水侧链,芳香／疏水侧链；极性／带电侧链,C10 H13 N O3,195.215,TYR,c1cc(ccc1CC[C@@H](C(=O)O)N)O,疏水表面积可能↑；膜分配可能↑；水溶性可能↓；水溶性可能↑；被动渗透性可能↓,仅为结构/类别推断；不代表已证实提高环肽渗透性或口服暴露,https://www.rcsb.org/ligand/73O
73P,(2~{S})-6-azanyl-2-(carboxyamino)hexanoic acid,,l-peptide linking,极性／带电侧链,极性／带电侧链,C7 H14 N2 O4,190.197,LYS,C(CCN)C[C@@H](C(=O)O)NC(=O)O,水溶性可能↑；被动渗透性可能↓；可提供结合或偶联位点,仅为结构/类别推断；不代表已证实提高环肽渗透性或口服暴露,https://www.rcsb.org/ligand/73P
74P,(E)-N~6~-(1-carboxy-3-oxobutylidene)-L-lysine,,l-peptide linking,极性／带电侧链,极性／带电侧链,C11 H18 N2 O5,258.271,LYS,CC(=O)C/C(=N\CCCC[C@@H](C(=O)O)N)/C(=O)O,水溶性可能↑；被动渗透性可能↓；可提供结合或偶联位点,仅为结构/类别推断；不代表已证实提高环肽渗透性或口服暴露,https://www.rcsb.org/ligand/74P
7C9,O-methyl-L-serine,,l-peptide linking,极性／带电侧链,极性／带电侧链,C4 H9 N O3,119.119,,COC[C@@H](C(=O)O)N,水溶性可能↑；被动渗透性可能↓；可提供结合或偶联位点,仅为结构/类别推断；不代表已证实提高环肽渗透性或口服暴露,https://www.rcsb.org/ligand/7C9
7CC,"N,N-diethyl-L-asparagine",,l-peptide linking,极性／带电侧链,极性／带电侧链,C8 H16 N2 O3,188.224,,CCN(CC)C(=O)C[C@@H](C(=O)O)N,水溶性可能↑；被动渗透性可能↓；可提供结合或偶联位点,仅为结构/类别推断；不代表已证实提高环肽渗透性或口服暴露,https://www.rcsb.org/ligand/7CC
7HA,"N-(3-{[2-(4-chlorophenyl)-5-methyl-1,3-oxazol-4-yl]methoxy}benzyl)-N-(methoxycarbonyl)glycine",,l-peptide linking,卤代／电子调节,卤代／电子调节；芳香／疏水侧链；极性／带电侧链,C22 H21 Cl N2 O6,444.865,,Cc1c(nc(o1)c2ccc(cc2)Cl)COc3cccc(c3)CN(CC(=O)O)C(=O)OC,疏水性可能↑；代谢稳定性可能↑；水溶性可能↓；疏水表面积可能↑；膜分配可能↑,仅为结构/类别推断；不代表已证实提高环肽渗透性或口服暴露,https://www.rcsb.org/ligand/7HA
7ID,(2~{S})-4-[[(2~{S})-5-[[azanyl($l^{4}-azanylidene)methyl]amino]-1-$l^{1}-oxidanyl-1-oxidanylidene-pentan-2-yl]amino]-2-$l^{2}-azanyl-4-oxidanylidene-butanoic acid,,l-peptide linking,极性／带电侧链,极性／带电侧链,C10 H19 N5 O5,289.288,ASP,[H]/N=C(/N)\NCCC[C@@H](C(=O)O)NC(=O)C[C@@H](C(=O)O)N,水溶性可能↑；被动渗透性可能↓；可提供结合或偶联位点,仅为结构/类别推断；不代表已证实提高环肽渗透性或口服暴露,https://www.rcsb.org/ligand/7ID
7J3,(2S)-2-amino-4-oxo-4-(piperidin-1-yl)butanoic acid,,peptide linking,极性／带电侧链,极性／带电侧链,C9 H16 N2 O3,200.235,,C1CCN(CC1)C(=O)C[C@@H](C(=O)O)N,水溶性可能↑；被动渗透性可能↓；可提供结合或偶联位点,仅为结构/类别推断；不代表已证实提高环肽渗透性或口服暴露,https://www.rcsb.org/ligand/7J3
7J4,N-tert-butoxy-L-asparagine,,peptide linking,极性／带电侧链,极性／带电侧链,C8 H16 N2 O4,204.224,,CC(C)(C)ONC(=O)C[C@@H](C(=O)O)N,水溶性可能↑；被动渗透性可能↓；可提供结合或偶联位点,仅为结构/类别推断；不代表已证实提高环肽渗透性或口服暴露,https://www.rcsb.org/ligand/7J4
7JA,"N-({(1R,2S)-3-oxo-2-[(2Z)-pent-2-en-1-yl]cyclopentyl}acetyl)-L-isoleucine",,l-peptide linking,构象限制,构象限制；极性／带电侧链,C18 H29 N O4,323.427,ILE,CC/C=C\C[C@H]1[C@H](CCC1=O)CC(=O)N[C@@H]([C@@H](C)CC)C(=O)O,构象刚性可能↑；蛋白酶稳定性可能↑；渗透性取决于极性遮蔽；水溶性可能↑；被动渗透性可能↓,仅为结构/类别推断；不代表已证实提高环肽渗透性或口服暴露,https://www.rcsb.org/ligand/7JA
7MN,"(Z)-N-[(1E)-1-carboxy-2-(2,3-dihydro-1H-indol-1-yl)ethylidene]{3-hydroxy-2-methyl-5-[(phosphonooxy)methyl]pyridin-4(1H)-ylidene}methanaminium",,peptide linking,芳香／疏水侧链,芳香／疏水侧链；极性／带电侧链,C19 H23 N3 O7 P,436.376,,CC1=C(/C(=C\[NH+]=C(/C[N@@]2CCc3c2cccc3)\C(=O)O)/C(=CN1)COP(=O)(O)O)O,疏水表面积可能↑；膜分配可能↑；水溶性可能↓；水溶性可能↑；被动渗透性可能↓,仅为结构/类别推断；不代表已证实提高环肽渗透性或口服暴露,https://www.rcsb.org/ligand/7MN
7N8,4-Borono-L-phenylalanine,,l-peptide linking,芳香／疏水侧链,芳香／疏水侧链；极性／带电侧链,C9 H12 B N O4,209.007,PHE,B(c1ccc(cc1)C[C@@H](C(=O)O)N)(O)O,疏水表面积可能↑；膜分配可能↑；水溶性可能↓；水溶性可能↑；被动渗透性可能↓,仅为结构/类别推断；不代表已证实提高环肽渗透性或口服暴露,https://www.rcsb.org/ligand/7N8
7O5,(2~{S})-2-azanyl-3-(2-sulfanylethanoylamino)propanoic acid,,l-peptide linking,极性／带电侧链,极性／带电侧链,C5 H10 N2 O3 S,178.209,ALA,C([C@@H](C(=O)O)N)NC(=O)CS,水溶性可能↑；被动渗透性可能↓；可提供结合或偶联位点,仅为结构/类别推断；不代表已证实提高环肽渗透性或口服暴露,https://www.rcsb.org/ligand/7O5
7OZ,(S)-2-amino-4-fluorobutanoic acid,(2S)-2-azanyl-4-fluoranyl-butanoic acid; (2S)-2-amino-4-fluoro-butanoic Acid,l-peptide linking,卤代／电子调节,卤代／电子调节,C4 H8 F N O2,121.11,ALA,C(CF)[C@@H](C(=O)O)N,疏水性可能↑；代谢稳定性可能↑；水溶性可能↓,仅为结构/类别推断；不代表已证实提高环肽渗透性或口服暴露,https://www.rcsb.org/ligand/7OZ
7QK,N~6~-acetyl-N~6~-methyl-L-lysine,,l-peptide linking,极性／带电侧链,极性／带电侧链,C9 H18 N2 O3,202.251,LYS,CC(=O)N(C)CCCC[C@@H](C(=O)O)N,水溶性可能↑；被动渗透性可能↓；可提供结合或偶联位点,仅为结构/类别推断；不代表已证实提高环肽渗透性或口服暴露,https://www.rcsb.org/ligand/7QK
7R0,2-[(4E)-2-[(1S)-1-azanyl-2-(1H-imidazol-4-yl)ethyl]-4-[(4-hydroxyphenyl)methylidene]-5-oxidanylidene-imidazol-1-yl]ethanoic acid,CHROMOPHORE (HIS-TYR-GLY),l-peptide linking,芳香／疏水侧链,芳香／疏水侧链；极性／带电侧链,C17 H17 N5 O4,355.348,GLY / HIS / TYR,c1cc(ccc1/C=C/2\C(=O)N(C(=N2)[C@H](Cc3c[nH]cn3)N)CC(=O)O)O,疏水表面积可能↑；膜分配可能↑；水溶性可能↓；水溶性可能↑；被动渗透性可能↓,仅为结构/类别推断；不代表已证实提高环肽渗透性或口服暴露,https://www.rcsb.org/ligand/7R0
7RX,(R)-homoproline,2-[(2R)-pyrrolidin-2-yl]ethanoic acid,d-peptide linking,D-构型,D-构型；构象限制,C6 H11 N O2,129.157,,C1C[C@@H](NC1)CC(=O)O,蛋白酶稳定性可能↑；局部构象可能改变；渗透性取决于骨架；构象刚性可能↑；渗透性取决于极性遮蔽,仅为结构/类别推断；不代表已证实提高环肽渗透性或口服暴露,https://www.rcsb.org/ligand/7RX
7T2,(2S)-3-(4-chlorophenyl)-2-(methylamino)propanoic acid,,l-peptide linking,卤代／电子调节,卤代／电子调节；芳香／疏水侧链,C10 H12 Cl N O2,213.661,PHE,CN[C@@H](Cc1ccc(cc1)Cl)C(=O)O,疏水性可能↑；代谢稳定性可能↑；水溶性可能↓；疏水表面积可能↑；膜分配可能↑,仅为结构/类别推断；不代表已证实提高环肽渗透性或口服暴露,https://www.rcsb.org/ligand/7T2
7TK,(3S)-3-azanyl-4-oxidanylidene-4-pyrrolidin-1-yl-butanoic acid,,l-peptide linking,极性／带电侧链,极性／带电侧链,C8 H14 N2 O3,186.208,ASP,C1CCN(C1)C(=O)[C@H](CC(=O)O)N,水溶性可能↑；被动渗透性可能↓；可提供结合或偶联位点,仅为结构/类别推断；不代表已证实提高环肽渗透性或口服暴露,https://www.rcsb.org/ligand/7TK
7VN,(2S)-2-cyclopentyl-2-(methylamino)ethanoic acid,,l-peptide linking,构象限制,构象限制,C8 H15 N O2,157.21,ALA,CN[C@@H](C1CCCC1)C(=O)O,构象刚性可能↑；蛋白酶稳定性可能↑；渗透性取决于极性遮蔽,仅为结构/类别推断；不代表已证实提高环肽渗透性或口服暴露,https://www.rcsb.org/ligand/7VN
7VU,(2S)-2-(ethylamino)-3-(4-methylphenyl)propanoic acid,,l-peptide linking,芳香／疏水侧链,芳香／疏水侧链,C12 H17 N O2,207.269,PHE,CCN[C@@H](Cc1ccc(cc1)C)C(=O)O,疏水表面积可能↑；膜分配可能↑；水溶性可能↓,仅为结构/类别推断；不代表已证实提高环肽渗透性或口服暴露,https://www.rcsb.org/ligand/7VU
7W2,"(2S)-2-azanyl-4-[3,5-bis(fluoranyl)-4-(trifluoromethyl)phenyl]butanoic acid",,l-peptide linking,卤代／电子调节,卤代／电子调节；芳香／疏水侧链,C11 H10 F5 N O2,283.195,PHE,c1c(cc(c(c1F)C(F)(F)F)F)CC[C@@H](C(=O)O)N,疏水性可能↑；代谢稳定性可能↑；水溶性可能↓；疏水表面积可能↑；膜分配可能↑,仅为结构/类别推断；不代表已证实提高环肽渗透性或口服暴露,https://www.rcsb.org/ligand/7W2
7WC,(3S)-4-(dimethylamino)-3-(methylamino)-4-oxidanylidene-butanoic acid,,"l-gamma-peptide, c-delta linking",延长骨架,延长骨架；极性／带电侧链,C7 H14 N2 O3,174.198,,CN[C@@H](CC(=O)O)C(=O)N(C)C,骨架间距改变；构象分布可能改变；抗酶解性可能↑；水溶性可能↑；被动渗透性可能↓,仅为结构/类别推断；不代表已证实提高环肽渗透性或口服暴露,https://www.rcsb.org/ligand/7WC
7XC,(2R)-2-azanyl-3-(4-carbamimidamidophenyl)propanoic acid,,d-peptide linking,D-构型,D-构型；芳香／疏水侧链；极性／带电侧链,C10 H14 N4 O2,222.244,PHE,[H]/N=C(\N)/Nc1ccc(cc1)C[C@H](C(=O)O)N,蛋白酶稳定性可能↑；局部构象可能改变；渗透性取决于骨架；疏水表面积可能↑；膜分配可能↑,仅为结构/类别推断；不代表已证实提高环肽渗透性或口服暴露,https://www.rcsb.org/ligand/7XC
7YO,(2R)-5-oxidanylidenepyrrolidine-2-carboxylic acid,,peptide linking,极性／带电侧链,极性／带电侧链,C5 H7 N O3,129.114,PRO,C1CC(=O)N[C@H]1C(=O)O,水溶性可能↑；被动渗透性可能↓；可提供结合或偶联位点,仅为结构/类别推断；不代表已证实提高环肽渗透性或口服暴露,https://www.rcsb.org/ligand/7YO
81R,"(4R)-4,5-disulfanyl-L-norvaline",,l-peptide linking,其他CCD肽链核心,,C5 H11 N O2 S2,181.276,,C([C@H](CS)S)[C@@H](C(=O)O)N,尚无可靠的定向性质判断；需在具体环肽骨架中验证,仅为结构/类别推断；不代表已证实提高环肽渗透性或口服暴露,https://www.rcsb.org/ligand/81R
81S,"(4S)-4,5-disulfanyl-L-norvaline",,l-peptide linking,其他CCD肽链核心,,C5 H11 N O2 S2,181.276,,C([C@@H](CS)S)[C@@H](C(=O)O)N,尚无可靠的定向性质判断；需在具体环肽骨架中验证,仅为结构/类别推断；不代表已证实提高环肽渗透性或口服暴露,https://www.rcsb.org/ligand/81S
823,"N,N-bis(3-sulfanylpropyl)-L-asparagine",,l-peptide linking,极性／带电侧链,极性／带电侧链,C10 H20 N2 O3 S2,280.407,ASN,C(CN(CCCS)C(=O)C[C@@H](C(=O)O)N)CS,水溶性可能↑；被动渗透性可能↓；可提供结合或偶联位点,仅为结构/类别推断；不代表已证实提高环肽渗透性或口服暴露,https://www.rcsb.org/ligand/823
85F,(2R)-2-azanyl-3-[(2R)-2-azanyl-3-oxidanyl-3-oxidanylidene-propyl]sulfanyl-propanoic acid,L-Lanthionine,l-peptide linking,极性／带电侧链,极性／带电侧链,C6 H12 N2 O4 S,208.235,CYS,C([C@@H](C(=O)O)N)SC[C@@H](C(=O)O)N,水溶性可能↑；被动渗透性可能↓；可提供结合或偶联位点,仅为结构/类别推断；不代表已证实提高环肽渗透性或口服暴露,https://www.rcsb.org/ligand/85F
85G,N-ethyl-L-glutamine,,l-peptide linking,N-取代,N-取代；极性／带电侧链,C7 H14 N2 O3,174.198,,CCNC(=O)CC[C@@H](C(=O)O)N,主链氢键供体可能↓；暴露极性可能↓；被动渗透性可能↑；水溶性可能↑；被动渗透性可能↓,仅为结构/类别推断；不代表已证实提高环肽渗透性或口服暴露,https://www.rcsb.org/ligand/85G
85J,N-propyl-L-glutamine,,l-peptide linking,极性／带电侧链,极性／带电侧链,C8 H16 N2 O3,188.224,,CCCNC(=O)CC[C@@H](C(=O)O)N,水溶性可能↑；被动渗透性可能↓；可提供结合或偶联位点,仅为结构/类别推断；不代表已证实提高环肽渗透性或口服暴露,https://www.rcsb.org/ligand/85J
85L,[[(2~{R})-2-azanyl-3-oxidanylidene-propyl]-(chloranylaurio)sulfanuidyl]-chloranyl-gold,,l-peptide linking,其他CCD肽链核心,,C3 H6 Au2 Cl2 N O2 S,584.989,CYS,C([C@@H](C(=O)O)N)[S-]([Au]Cl)[Au]Cl,尚无可靠的定向性质判断；需在具体环肽骨架中验证,仅为结构/类别推断；不代表已证实提高环肽渗透性或口服暴露,https://www.rcsb.org/ligand/85L
86N,"(2S)-5-[[5-(6-aminopurin-9-yl)-3,4-bis(oxidanyl)furan-2-yl]methoxy-oxidanyl-phosphoryl]oxy-2-azanyl-5-oxidanylidene-pentanoic acid",,l-peptide linking,芳香／疏水侧链,芳香／疏水侧链；极性／带电侧链,C15 H17 N6 O10 P,472.303,GLU,c1nc(c2c(n1)n(cn2)c3c(c(c(o3)COP(=O)(O)OC(=O)CC[C@@H](C(=O)O)N)O)O)N,疏水表面积可能↑；膜分配可能↑；水溶性可能↓；水溶性可能↑；被动渗透性可能↓,仅为结构/类别推断；不代表已证实提高环肽渗透性或口服暴露,https://www.rcsb.org/ligand/86N
8JB,"(2~{R})-2-azanyl-3-[[(5~{S})-5-[(1~{S})-1-azanyl-2-oxidanyl-2-oxidanylidene-ethyl]-4,5-dihydro-1,2-oxazol-3-yl]sulfanyl]propanoic acid",,l-peptide linking,极性／带电侧链,极性／带电侧链,C8 H13 N3 O5 S,263.271,CYS,C1[C@H](ON=C1SC[C@@H](C(=O)O)N)[C@@H](C(=O)O)N,水溶性可能↑；被动渗透性可能↓；可提供结合或偶联位点,仅为结构/类别推断；不代表已证实提高环肽渗透性或口服暴露,https://www.rcsb.org/ligand/8JB
8LJ,"(2S)-2,3-dihydro-1H-pyrrole-2-carboxylic acid",,l-peptide linking,其他CCD肽链核心,,C5 H7 N O2,113.115,PRO,C1C=CN[C@@H]1C(=O)O,尚无可靠的定向性质判断；需在具体环肽骨架中验证,仅为结构/类别推断；不代表已证实提高环肽渗透性或口服暴露,https://www.rcsb.org/ligand/8LJ
8RE,"3,4-dihydroxylysine",,l-peptide linking,极性／带电侧链,极性／带电侧链,C6 H14 N2 O4,178.186,LYS,C(CN)[C@@H]([C@@H]([C@@H](C(=O)O)N)O)O,水溶性可能↑；被动渗透性可能↓；可提供结合或偶联位点,仅为结构/类别推断；不代表已证实提高环肽渗透性或口服暴露,https://www.rcsb.org/ligand/8RE
8SP,"O-[(R)-{[(2R)-2,3-bis(octanoyloxy)propyl]oxy}(hydroxy)phosphoryl]-L-serine",,l-peptide linking,极性／带电侧链,极性／带电侧链,C22 H42 N O10 P,511.543,SER,CCCCCCCC(=O)OC[C@H](COP(=O)(O)OC[C@@H](C(=O)O)N)OC(=O)CCCCCCC,水溶性可能↑；被动渗透性可能↓；可提供结合或偶联位点,仅为结构/类别推断；不代表已证实提高环肽渗透性或口服暴露,https://www.rcsb.org/ligand/8SP
8WY,"5,5-dihydroxy-L-norleucine",,l-peptide linking,极性／带电侧链,极性／带电侧链,C6 H13 N O4,163.172,LEU,CC(CC[C@@H](C(=O)O)N)(O)O,水溶性可能↑；被动渗透性可能↓；可提供结合或偶联位点,仅为结构/类别推断；不代表已证实提高环肽渗透性或口服暴露,https://www.rcsb.org/ligand/8WY
8YR,(2S)-2-azanyl-2-[(3R)-oxolan-3-yl]ethanoic acid,,l-peptide linking,极性／带电侧链,极性／带电侧链,C6 H11 N O3,145.156,,C1COC[C@H]1[C@@H](C(=O)O)N,水溶性可能↑；被动渗透性可能↓；可提供结合或偶联位点,仅为结构/类别推断；不代表已证实提高环肽渗透性或口服暴露,https://www.rcsb.org/ligand/8YR
999,(3S)-3-hydroxy-D-aspartic acid,,d-peptide linking,D-构型,D-构型；极性／带电侧链,C4 H7 N O5,149.102,ASP,[C@@H]([C@@H](C(=O)O)O)(C(=O)O)N,蛋白酶稳定性可能↑；局部构象可能改变；渗透性取决于骨架；水溶性可能↑；被动渗透性可能↓,仅为结构/类别推断；不代表已证实提高环肽渗透性或口服暴露,https://www.rcsb.org/ligand/999
99Y,4-carboxy-D-phenylalanine,,d-peptide linking,D-构型,D-构型；芳香／疏水侧链；极性／带电侧链,C10 H11 N O4,209.199,,c1cc(ccc1C[C@H](C(=O)O)N)C(=O)O,蛋白酶稳定性可能↑；局部构象可能改变；渗透性取决于骨架；疏水表面积可能↑；膜分配可能↑,仅为结构/类别推断；不代表已证实提高环肽渗透性或口服暴露,https://www.rcsb.org/ligand/99Y
9AT,"(2S,3R)-2-amino-3-hydroxy-butanamide",AMIDATED THREONINE,l-peptide linking,极性／带电侧链,极性／带电侧链,C4 H10 N2 O2,118.134,,C[C@H]([C@@H](C(=O)N)N)O,水溶性可能↑；被动渗透性可能↓；可提供结合或偶联位点,仅为结构/类别推断；不代表已证实提高环肽渗透性或口服暴露,https://www.rcsb.org/ligand/9AT
9BP,4-amino-N-(2-methylpropanoyl)-D-isovaline,,d-peptide linking,D-构型,D-构型；极性／带电侧链,C9 H18 N2 O3,202.251,,CC(C)C(=O)N[C@](C)(CCN)C(=O)O,蛋白酶稳定性可能↑；局部构象可能改变；渗透性取决于骨架；水溶性可能↑；被动渗透性可能↓,仅为结构/类别推断；不代表已证实提高环肽渗透性或口服暴露,https://www.rcsb.org/ligand/9BP
9DN,DANSYL-L-ASPARAGINE,,l-peptide linking,芳香／疏水侧链,芳香／疏水侧链；极性／带电侧链,C16 H19 N3 O5 S,365.404,ASN,CN(C)c1cccc2c1cccc2S(=O)(=O)N[C@@H](CC(=O)N)C(=O)O,疏水表面积可能↑；膜分配可能↑；水溶性可能↓；水溶性可能↑；被动渗透性可能↓,仅为结构/类别推断；不代表已证实提高环肽渗透性或口服暴露,https://www.rcsb.org/ligand/9DN
9DS,DANSYL-L-SARCOSINE,,l-peptide linking,N-取代,N-取代；芳香／疏水侧链；极性／带电侧链,C15 H18 N2 O4 S,322.379,GLY,CN(C)c1cccc2c1cccc2S(=O)(=O)[N@@](C)CC(=O)O,主链氢键供体可能↓；暴露极性可能↓；被动渗透性可能↑；疏水表面积可能↑；膜分配可能↑,仅为结构/类别推断；不代表已证实提高环肽渗透性或口服暴露,https://www.rcsb.org/ligand/9DS
9DT,(2~{S})-2-azanyl-3-(2-fluorophenyl)-2-methyl-propanoic acid,,l-peptide linking,卤代／电子调节,卤代／电子调节；芳香／疏水侧链,C10 H12 F N O2,197.206,PHE,C[C@](Cc1ccccc1F)(C(=O)O)N,疏水性可能↑；代谢稳定性可能↑；水溶性可能↓；疏水表面积可能↑；膜分配可能↑,仅为结构/类别推断；不代表已证实提高环肽渗透性或口服暴露,https://www.rcsb.org/ligand/9DT
9E7,N~6~-(sulfanylmethyl)-L-lysine,,l-peptide linking,极性／带电侧链,极性／带电侧链,C7 H16 N2 O2 S,192.279,LYS,C(CCNCS)C[C@@H](C(=O)O)N,水溶性可能↑；被动渗透性可能↓；可提供结合或偶联位点,仅为结构/类别推断；不代表已证实提高环肽渗透性或口服暴露,https://www.rcsb.org/ligand/9E7
9EV,"6-[(2R)-2-{3-hydroxy-2-methyl-5-[(phosphonooxy)methyl]pyridin-4-yl}-5-oxo-1,3-oxazolidin-3-yl]-L-norleucine",,l-peptide linking,芳香／疏水侧链,芳香／疏水侧链；极性／带电侧链,C16 H24 N3 O9 P,433.35,,Cc1c(c(c(cn1)COP(=O)(O)O)[C@@H]2N(CC(=O)O2)CCCC[C@@H](C(=O)O)N)O,疏水表面积可能↑；膜分配可能↑；水溶性可能↓；水溶性可能↑；被动渗透性可能↓,仅为结构/类别推断；不代表已证实提高环肽渗透性或口服暴露,https://www.rcsb.org/ligand/9EV
9JC,4-(aminomethyl)-8-azanyl-quinoline-2-carbaldehyde,,l-peptide linking,芳香／疏水侧链,芳香／疏水侧链；极性／带电侧链,C11 H11 N3 O2,217.224,,c1cc2c(cc(nc2c(c1)N)C(=O)O)CN,疏水表面积可能↑；膜分配可能↑；水溶性可能↓；水溶性可能↑；被动渗透性可能↓,仅为结构/类别推断；不代表已证实提高环肽渗透性或口服暴露,https://www.rcsb.org/ligand/9JC
9JV,8-azanyl-4-methoxy-quinoline-2-carboxylic acid,,l-peptide linking,芳香／疏水侧链,芳香／疏水侧链；极性／带电侧链,C11 H10 N2 O3,218.209,,COc1cc(nc2c1cccc2N)C(=O)O,疏水表面积可能↑；膜分配可能↑；水溶性可能↓；水溶性可能↑；被动渗透性可能↓,仅为结构/类别推断；不代表已证实提高环肽渗透性或口服暴露,https://www.rcsb.org/ligand/9JV
9KK,N-methyl norleucine,,l-peptide linking,N-取代,N-取代,C7 H15 N O2,145.199,,CCCC[C@@H](C(=O)O)NC,主链氢键供体可能↓；暴露极性可能↓；被动渗透性可能↑,仅为结构/类别推断；不代表已证实提高环肽渗透性或口服暴露,https://www.rcsb.org/ligand/9KK
9KP,(E)-N~6~-[(2E)-1-carboxy-3-(2-carboxyphenyl)prop-2-en-1-ylidene]-L-lysine,,l-peptide linking,芳香／疏水侧链,芳香／疏水侧链；极性／带电侧链,C17 H20 N2 O6,348.351,LYS,c1ccc(c(c1)/C=C/C(=N\CCCC[C@@H](C(=O)O)N)/C(=O)O)C(=O)O,疏水表面积可能↑；膜分配可能↑；水溶性可能↓；水溶性可能↑；被动渗透性可能↓,仅为结构/类别推断；不代表已证实提高环肽渗透性或口服暴露,https://www.rcsb.org/ligand/9KP
9MN,(2~{S})-2-azanyl-6-(6-bromanylhexanoylamino)hexanoic acid,,l-peptide linking,极性／带电侧链,极性／带电侧链,C12 H23 Br N2 O3,323.227,,C(CCC(=O)NCCCC[C@@H](C(=O)O)N)CCBr,水溶性可能↑；被动渗透性可能↓；可提供结合或偶联位点,仅为结构/类别推断；不代表已证实提高环肽渗透性或口服暴露,https://www.rcsb.org/ligand/9MN
9NE,DANSYL-L-GLUTAMATE,,l-peptide linking,芳香／疏水侧链,芳香／疏水侧链；极性／带电侧链,C17 H20 N2 O6 S,380.416,GLU,CN(C)c1cccc2c1cccc2S(=O)(=O)N[C@@H](CCC(=O)O)C(=O)O,疏水表面积可能↑；膜分配可能↑；水溶性可能↓；水溶性可能↑；被动渗透性可能↓,仅为结构/类别推断；不代表已证实提高环肽渗透性或口服暴露,https://www.rcsb.org/ligand/9NE
9NF,DANSYL-L-PHENYLALANINE,,l-peptide linking,芳香／疏水侧链,芳香／疏水侧链；极性／带电侧链,C21 H22 N2 O4 S,398.475,PHE,CN(C)c1cccc2c1cccc2S(=O)(=O)N[C@@H](Cc3ccccc3)C(=O)O,疏水表面积可能↑；膜分配可能↑；水溶性可能↓；水溶性可能↑；被动渗透性可能↓,仅为结构/类别推断；不代表已证实提高环肽渗透性或口服暴露,https://www.rcsb.org/ligand/9NF
9NR,DANSYL-L-ARGININE,,l-peptide linking,芳香／疏水侧链,芳香／疏水侧链；极性／带电侧链,C18 H25 N5 O4 S,407.487,ARG,CN(C)c1cccc2c1cccc2S(=O)(=O)N[C@@H](CCCNC(=N)N)C(=O)O,疏水表面积可能↑；膜分配可能↑；水溶性可能↓；水溶性可能↑；被动渗透性可能↓,仅为结构/类别推断；不代表已证实提高环肽渗透性或口服暴露,https://www.rcsb.org/ligand/9NR
9NV,DANSYL-L-NORVALINE,,l-peptide linking,芳香／疏水侧链,芳香／疏水侧链；极性／带电侧链,C17 H22 N2 O4 S,350.433,VAL,CCC[C@@H](C(=O)O)NS(=O)(=O)c1cccc2c1cccc2N(C)C,疏水表面积可能↑；膜分配可能↑；水溶性可能↓；水溶性可能↑；被动渗透性可能↓,仅为结构/类别推断；不代表已证实提高环肽渗透性或口服暴露,https://www.rcsb.org/ligand/9NV
9OW,3-selanyl-L-alaninamide,,l-peptide linking,极性／带电侧链,极性／带电侧链,C3 H8 N2 O Se,167.068,,C([C@@H](C(=O)N)N)[SeH],水溶性可能↑；被动渗透性可能↓；可提供结合或偶联位点,仅为结构/类别推断；不代表已证实提高环肽渗透性或口服暴露,https://www.rcsb.org/ligand/9OW
9R1,(2S)-2-aminooctanedioic acid,,l-peptide linking,极性／带电侧链,极性／带电侧链,C8 H15 N O4,189.209,,C(CC[C@@H](C(=O)O)N)CCC(=O)O,水溶性可能↑；被动渗透性可能↓；可提供结合或偶联位点,仅为结构/类别推断；不代表已证实提高环肽渗透性或口服暴露,https://www.rcsb.org/ligand/9R1
9R4,D-gamma-glutamyl-2-methyl-L-alanine,,l-peptide linking,极性／带电侧链,极性／带电侧链,C9 H16 N2 O5,232.234,,CC(C)(C(=O)O)NC(=O)CC[C@H](C(=O)O)N,水溶性可能↑；被动渗透性可能↓；可提供结合或偶联位点,仅为结构/类别推断；不代表已证实提高环肽渗透性或口服暴露,https://www.rcsb.org/ligand/9R4
9R7,L-gamma-glutamylglycine,,l-peptide linking,极性／带电侧链,极性／带电侧链,C7 H12 N2 O5,204.181,,C(CC(=O)NCC(=O)O)[C@@H](C(=O)O)N,水溶性可能↑；被动渗透性可能↓；可提供结合或偶联位点,仅为结构/类别推断；不代表已证实提高环肽渗透性或口服暴露,https://www.rcsb.org/ligand/9R7
9TR,N6-{[(3-azidophenyl)methoxy]carbonyl}-L-lysine,,peptide linking,芳香／疏水侧链,芳香／疏水侧链；极性／带电侧链,C14 H19 N5 O4,321.332,LYS,c1cc(cc(c1)N=[N+]=[N-])COC(=O)NCCCC[C@@H](C(=O)O)N,疏水表面积可能↑；膜分配可能↑；水溶性可能↓；水溶性可能↑；被动渗透性可能↓,仅为结构/类别推断；不代表已证实提高环肽渗透性或口服暴露,https://www.rcsb.org/ligand/9TR
9TU,N6-[({3-[3-(trifluoromethyl)-3H-diaziren-3-yl]phenyl}methoxy)carbonyl]-L-lysine,,peptide linking,卤代／电子调节,卤代／电子调节；芳香／疏水侧链；极性／带电侧链,C16 H19 F3 N4 O4,388.342,LYS,c1cc(cc(c1)C2(N=N2)C(F)(F)F)COC(=O)NCCCC[C@@H](C(=O)O)N,疏水性可能↑；代谢稳定性可能↑；水溶性可能↓；疏水表面积可能↑；膜分配可能↑,仅为结构/类别推断；不代表已证实提高环肽渗透性或口服暴露,https://www.rcsb.org/ligand/9TU
9TX,N6-{[(3-ethynylphenyl)methoxy]carbonyl}-L-lysine,,peptide linking,芳香／疏水侧链,芳香／疏水侧链；极性／带电侧链,C16 H20 N2 O4,304.341,LYS,C#Cc1cccc(c1)COC(=O)NCCCC[C@@H](C(=O)O)N,疏水表面积可能↑；膜分配可能↑；水溶性可能↓；水溶性可能↑；被动渗透性可能↓,仅为结构/类别推断；不代表已证实提高环肽渗透性或口服暴露,https://www.rcsb.org/ligand/9TX
9U0,"N6-({[(1S,2E)-cyclooct-2-en-1-yl]oxy}carbonyl)-L-lysine",,peptide linking,构象限制,构象限制；极性／带电侧链,C15 H26 N2 O4,298.378,LYS,C1CCC=CC(CC1)OC(=O)NCCCC[C@@H](C(=O)O)N,构象刚性可能↑；蛋白酶稳定性可能↑；渗透性取决于极性遮蔽；水溶性可能↑；被动渗透性可能↓,仅为结构/类别推断；不代表已证实提高环肽渗透性或口服暴露,https://www.rcsb.org/ligand/9U0
9U6,3-[(2-{[(benzyloxy)carbonyl]amino}ethyl)selanyl]-L-alanine,,peptide linking,芳香／疏水侧链,芳香／疏水侧链；极性／带电侧链,C13 H18 N2 O4 Se,345.253,,c1ccc(cc1)COC(=O)NCC[Se]C[C@@H](C(=O)O)N,疏水表面积可能↑；膜分配可能↑；水溶性可能↓；水溶性可能↑；被动渗透性可能↓,仅为结构/类别推断；不代表已证实提高环肽渗透性或口服暴露,https://www.rcsb.org/ligand/9U6
9U9,"N6-({[(1R,8S,9s)-bicyclo[6.1.0]non-4-yn-9-yl]methoxy}carbonyl)-L-lysine",,peptide linking,构象限制,构象限制；极性／带电侧链,C17 H26 N2 O4,322.399,,C1C[C@@H]2[C@@H](C2COC(=O)NCCCC[C@@H](C(=O)O)N)CCC#C1,构象刚性可能↑；蛋白酶稳定性可能↑；渗透性取决于极性遮蔽；水溶性可能↑；被动渗透性可能↓,仅为结构/类别推断；不代表已证实提高环肽渗透性或口服暴露,https://www.rcsb.org/ligand/9U9
9UC,N6-{[(4-nitrophenyl)methoxy]carbonyl}-L-lysine,,peptide linking,芳香／疏水侧链,芳香／疏水侧链；极性／带电侧链,C14 H19 N3 O6,325.317,,c1cc(ccc1COC(=O)NCCCC[C@@H](C(=O)O)N)[N+](=O)[O-],疏水表面积可能↑；膜分配可能↑；水溶性可能↓；水溶性可能↑；被动渗透性可能↓,仅为结构/类别推断；不代表已证实提高环肽渗透性或口服暴露,https://www.rcsb.org/ligand/9UC
9UF,N6-{[(6-aminopyridin-3-yl)methoxy]carbonyl}-L-lysine,,peptide linking,芳香／疏水侧链,芳香／疏水侧链；极性／带电侧链,C13 H20 N4 O4,296.322,,c1cc(ncc1COC(=O)NCCCC[C@@H](C(=O)O)N)N,疏水表面积可能↑；膜分配可能↑；水溶性可能↓；水溶性可能↑；被动渗透性可能↓,仅为结构/类别推断；不代表已证实提高环肽渗透性或口服暴露,https://www.rcsb.org/ligand/9UF
9V0,(2S)-2-azanyl-6-[(2-azidophenyl)methoxycarbonylamino]hexanoic acid,,peptide linking,芳香／疏水侧链,芳香／疏水侧链；极性／带电侧链,C14 H19 N5 O4,321.332,,c1ccc(c(c1)COC(=O)NCCCC[C@@H](C(=O)O)N)N=[N+]=[N-],疏水表面积可能↑；膜分配可能↑；水溶性可能↓；水溶性可能↑；被动渗透性可能↓,仅为结构/类别推断；不代表已证实提高环肽渗透性或口服暴露,https://www.rcsb.org/ligand/9V0
9V6,(2S)-2-azanyl-6-[(2-chlorophenyl)methoxycarbonylamino]hexanoic acid,,peptide linking,卤代／电子调节,卤代／电子调节；芳香／疏水侧链；极性／带电侧链,C14 H19 Cl N2 O4,314.765,,c1ccc(c(c1)COC(=O)NCCCC[C@@H](C(=O)O)N)Cl,疏水性可能↑；代谢稳定性可能↑；水溶性可能↓；疏水表面积可能↑；膜分配可能↑,仅为结构/类别推断；不代表已证实提高环肽渗透性或口服暴露,https://www.rcsb.org/ligand/9V6
9VC,(2S)-2-azanyl-6-(phenylmethoxycarbonylamino)hexanoic acid,,peptide linking,芳香／疏水侧链,芳香／疏水侧链；极性／带电侧链,C14 H20 N2 O4,280.32,,c1ccc(cc1)COC(=O)NCCCC[C@@H](C(=O)O)N,疏水表面积可能↑；膜分配可能↑；水溶性可能↓；水溶性可能↑；被动渗透性可能↓,仅为结构/类别推断；不代表已证实提高环肽渗透性或口服暴露,https://www.rcsb.org/ligand/9VC
9VF,(2S)-2-azanyl-6-(trimethylsilylmethoxycarbonylamino)hexanoic acid,,peptide linking,极性／带电侧链,极性／带电侧链,C11 H24 N2 O4 Si,276.405,,C[Si](C)(C)COC(=O)NCCCC[C@@H](C(=O)O)N,水溶性可能↑；被动渗透性可能↓；可提供结合或偶联位点,仅为结构/类别推断；不代表已证实提高环肽渗透性或口服暴露,https://www.rcsb.org/ligand/9VF
9VL,(2S)-2-azanyl-6-[(2-bromophenyl)methoxycarbonylamino]hexanoic acid,,peptide linking,卤代／电子调节,卤代／电子调节；芳香／疏水侧链；极性／带电侧链,C14 H19 Br N2 O4,359.216,,c1ccc(c(c1)COC(=O)NCCCC[C@@H](C(=O)O)N)Br,疏水性可能↑；代谢稳定性可能↑；水溶性可能↓；疏水表面积可能↑；膜分配可能↑,仅为结构/类别推断；不代表已证实提高环肽渗透性或口服暴露,https://www.rcsb.org/ligand/9VL
9VR,"(2S)-2-azanyl-6-[[4-[3-(trifluoromethyl)-1,2-diazirin-3-yl]phenyl]methoxycarbonylamino]hexanoic acid",,peptide linking,卤代／电子调节,卤代／电子调节；芳香／疏水侧链；极性／带电侧链,C16 H19 F3 N4 O4,388.342,,c1cc(ccc1COC(=O)NCCCC[C@@H](C(=O)O)N)C2(N=N2)C(F)(F)F,疏水性可能↑；代谢稳定性可能↑；水溶性可能↓；疏水表面积可能↑；膜分配可能↑,仅为结构/类别推断；不代表已证实提高环肽渗透性或口服暴露,https://www.rcsb.org/ligand/9VR
9WV,beta-alanyl-3-amino-L-alanine,,l-peptide linking,极性／带电侧链,极性／带电侧链,C6 H13 N3 O3,175.186,ALA,C(CN)C(=O)N[C@@H](CN)C(=O)O,水溶性可能↑；被动渗透性可能↓；可提供结合或偶联位点,仅为结构/类别推断；不代表已证实提高环肽渗透性或口服暴露,https://www.rcsb.org/ligand/9WV
A0G,(2Z)-2-amino-3-hydroxyprop-2-enoic acid,,l-peptide linking,极性／带电侧链,极性／带电侧链,C3 H5 N O3,103.077,,C(=C(/C(=O)O)\N)\O,水溶性可能↑；被动渗透性可能↓；可提供结合或偶联位点,仅为结构/类别推断；不代表已证实提高环肽渗透性或口服暴露,https://www.rcsb.org/ligand/A0G
A1A2I,(2S)-2-(aminomethyl)-3-methylbutanoic acid,,peptide linking,其他CCD肽链核心,,C6 H13 N O2,131.173,,CC(C)[C@@H](CN)C(=O)O,尚无可靠的定向性质判断；需在具体环肽骨架中验证,仅为结构/类别推断；不代表已证实提高环肽渗透性或口服暴露,https://www.rcsb.org/ligand/A1A2I
A1A2K,"3-[1-(carboxymethyl)-1H-1,2,3-triazol-4-yl]-D-alanine",,d-peptide linking,D-构型,D-构型；芳香／疏水侧链；极性／带电侧链,C7 H10 N4 O4,214.179,,c1c(nnn1CC(=O)O)C[C@H](C(=O)O)N,蛋白酶稳定性可能↑；局部构象可能改变；渗透性取决于骨架；疏水表面积可能↑；膜分配可能↑,仅为结构/类别推断；不代表已证实提高环肽渗透性或口服暴露,https://www.rcsb.org/ligand/A1A2K
A1A3M,"(5S)-4,5-dihydro-1H-pyrazole-5-carboxylic acid",,l-peptide linking,极性／带电侧链,极性／带电侧链,C4 H6 N2 O2,114.103,PRO,C1C=NN[C@@H]1C(=O)O,水溶性可能↑；被动渗透性可能↓；可提供结合或偶联位点,仅为结构/类别推断；不代表已证实提高环肽渗透性或口服暴露,https://www.rcsb.org/ligand/A1A3M
A1A48,"(4Z)-4-{(4Z)-1-(carboxymethyl)-4-[(1H-indol-3-yl)methylidene]-5-oxo-4,5-dihydro-1H-imidazol-2-yl}-4-iminobutanoic acid",,l-peptide linking,极性／带电侧链,极性／带电侧链,C18 H16 N4 O5,368.343,,[H]/N=C(/CCC(=O)O)\C1=N/C(=C\c2c[nH]c3c2cccc3)/C(=O)N1CC(=O)O,水溶性可能↑；被动渗透性可能↓；可提供结合或偶联位点,仅为结构/类别推断；不代表已证实提高环肽渗透性或口服暴露,https://www.rcsb.org/ligand/A1A48
A1A5S,1-[(3S)-4-chloro-3-hydroxy-2-methylbutan-2-yl]-L-tryptophan,,l-peptide linking,卤代／电子调节,卤代／电子调节；芳香／疏水侧链；极性／带电侧链,C16 H21 Cl N2 O3,324.803,TRP,CC(C)([C@@H](CCl)O)n1cc(c2c1cccc2)C[C@@H](C(=O)O)N,疏水性可能↑；代谢稳定性可能↑；水溶性可能↓；疏水表面积可能↑；膜分配可能↑,仅为结构/类别推断；不代表已证实提高环肽渗透性或口服暴露,https://www.rcsb.org/ligand/A1A5S
A1A5T,(4S)-5-butoxy-N-methyl-L-leucine,,l-peptide linking,N-取代,N-取代；极性／带电侧链,C11 H23 N O3,217.305,LEU,CCCCOC[C@@H](C)C[C@@H](C(=O)O)NC,主链氢键供体可能↓；暴露极性可能↓；被动渗透性可能↑；水溶性可能↑；被动渗透性可能↓,仅为结构/类别推断；不代表已证实提高环肽渗透性或口服暴露,https://www.rcsb.org/ligand/A1A5T
A1A7R,"3-[(2S)-2-{[(2R,3S,3aR,5aS,6R,11bR,11cS)-10-hydroxy-3a-methoxy-3,14-dimethyl-2-phenyl-2,3,3a,4,5,6,7,11c-octahydro-1H-6,11b-(epiminoethano)-3,5a-methanonaphtho[2,1-g]indol-1-yl]oxy}-2,3-dihydro-1H-imidazol-4-yl]-L-alanine",,l-peptide linking,芳香／疏水侧链,芳香／疏水侧链；极性／带电侧链,C34 H43 N5 O5,601.736,HIS,C[C@@]12C[C@@]34CC[C@@]1([C@H]([C@@]35CCN([C@@H]4Cc6c5cc(cc6)O)C)N([C@@H]2c7ccccc7)O[C@H]8NC=C(N8)C[C@@H](C(=O)O)N)OC,疏水表面积可能↑；膜分配可能↑；水溶性可能↓；水溶性可能↑；被动渗透性可能↓,仅为结构/类别推断；不代表已证实提高环肽渗透性或口服暴露,https://www.rcsb.org/ligand/A1A7R
A1A7V,S-lactoyl-L-cysteine,S-[(2S)-2-hydroxypropanoyl]-L-cysteine,l-peptide linking,极性／带电侧链,极性／带电侧链,C6 H11 N O4 S,193.221,CYS,C[C@@H](C(=O)SC[C@@H](C(=O)O)N)O,水溶性可能↑；被动渗透性可能↓；可提供结合或偶联位点,仅为结构/类别推断；不代表已证实提高环肽渗透性或口服暴露,https://www.rcsb.org/ligand/A1A7V
A1A8T,3-methyl-L-isovaline,,l-peptide linking,其他CCD肽链核心,,C6 H13 N O2,131.173,VAL,CC(C)[C@@](C)(C(=O)O)N,尚无可靠的定向性质判断；需在具体环肽骨架中验证,仅为结构/类别推断；不代表已证实提高环肽渗透性或口服暴露,https://www.rcsb.org/ligand/A1A8T
A1ADO,(4R)-5-fluoro-L-leucine,,l-peptide linking,卤代／电子调节,卤代／电子调节,C6 H12 F N O2,149.163,LEU,C[C@H](C[C@@H](C(=O)O)N)CF,疏水性可能↑；代谢稳定性可能↑；水溶性可能↓,仅为结构/类别推断；不代表已证实提高环肽渗透性或口服暴露,https://www.rcsb.org/ligand/A1ADO
A1ADW,"(2S)-2-amino-3-(2-methylphenyl)propane-1,1-diol",,l-peptide linking,芳香／疏水侧链,芳香／疏水侧链,C10 H13 N O2,179.216,,Cc1ccccc1C[C@@H](C(=O)O)N,疏水表面积可能↑；膜分配可能↑；水溶性可能↓,仅为结构/类别推断；不代表已证实提高环肽渗透性或口服暴露,https://www.rcsb.org/ligand/A1ADW
A1ADY,(2~{S})-2-azanyl-3-[2-[oxidanyl(oxidanylidene)-$l^{4}-azanyl]phenyl]propan-1-ol,,l-peptide linking,芳香／疏水侧链,芳香／疏水侧链；极性／带电侧链,C9 H10 N2 O4,210.187,,c1ccc(c(c1)C[C@@H](C(=O)O)N)[N+](=O)[O-],疏水表面积可能↑；膜分配可能↑；水溶性可能↓；水溶性可能↑；被动渗透性可能↓,仅为结构/类别推断；不代表已证实提高环肽渗透性或口服暴露,https://www.rcsb.org/ligand/A1ADY
A1ADZ,(2S)-2-amino-3-(2-methoxyphenyl)propan-1-ol,,l-peptide linking,芳香／疏水侧链,芳香／疏水侧链；极性／带电侧链,C10 H13 N O3,195.215,,COc1ccccc1C[C@@H](C(=O)O)N,疏水表面积可能↑；膜分配可能↑；水溶性可能↓；水溶性可能↑；被动渗透性可能↓,仅为结构/类别推断；不代表已证实提高环肽渗透性或口服暴露,https://www.rcsb.org/ligand/A1ADZ
A1AL8,1-(2-methylbut-3-en-2-yl)-L-tryptophan,,l-peptide linking,芳香／疏水侧链,芳香／疏水侧链；极性／带电侧链,C16 H20 N2 O2,272.342,TRP,CC(C)(C=C)n1cc(c2c1cccc2)C[C@@H](C(=O)O)N,疏水表面积可能↑；膜分配可能↑；水溶性可能↓；水溶性可能↑；被动渗透性可能↓,仅为结构/类别推断；不代表已证实提高环肽渗透性或口服暴露,https://www.rcsb.org/ligand/A1AL8
A1ALE,(2S)-2-amino-7-(dimethylamino)-7-oxoheptanoic acid,,l-peptide linking,极性／带电侧链,极性／带电侧链,C9 H18 N2 O3,202.251,ALA,CN(C)C(=O)CCCC[C@@H](C(=O)O)N,水溶性可能↑；被动渗透性可能↓；可提供结合或偶联位点,仅为结构/类别推断；不代表已证实提高环肽渗透性或口服暴露,https://www.rcsb.org/ligand/A1ALE
A1AMB,"3-(1H-1,2,3-triazol-1-yl)-L-alanine",,l-peptide linking,芳香／疏水侧链,芳香／疏水侧链；极性／带电侧链,C5 H8 N4 O2,156.143,ALA,c1cn(nn1)C[C@@H](C(=O)O)N,疏水表面积可能↑；膜分配可能↑；水溶性可能↓；水溶性可能↑；被动渗透性可能↓,仅为结构/类别推断；不代表已证实提高环肽渗透性或口服暴露,https://www.rcsb.org/ligand/A1AMB
A1AMC,"(2S)-2-(methylamino)pentane-1,1,5-triol",,l-peptide linking,极性／带电侧链,极性／带电侧链,C6 H13 N O3,147.172,ALA,CN[C@@H](CCCO)C(=O)O,水溶性可能↑；被动渗透性可能↓；可提供结合或偶联位点,仅为结构/类别推断；不代表已证实提高环肽渗透性或口服暴露,https://www.rcsb.org/ligand/A1AMC
A1AMM,4-benzyl-L-phenylalanine,,l-peptide linking,芳香／疏水侧链,芳香／疏水侧链,C16 H17 N O2,255.312,,c1ccc(cc1)Cc2ccc(cc2)C[C@@H](C(=O)O)N,疏水表面积可能↑；膜分配可能↑；水溶性可能↓,仅为结构/类别推断；不代表已证实提高环肽渗透性或口服暴露,https://www.rcsb.org/ligand/A1AMM
A1AP1,O-phosphono-D-tyrosine,,d-peptide linking,D-构型,D-构型；芳香／疏水侧链；极性／带电侧链,C9 H12 N O6 P,261.168,,c1cc(ccc1C[C@H](C(=O)O)N)OP(=O)(O)O,蛋白酶稳定性可能↑；局部构象可能改变；渗透性取决于骨架；疏水表面积可能↑；膜分配可能↑,仅为结构/类别推断；不代表已证实提高环肽渗透性或口服暴露,https://www.rcsb.org/ligand/A1AP1
A1AQ4,4-phenyl-D-phenylalanine,,d-peptide linking,D-构型,D-构型；芳香／疏水侧链,C15 H15 N O2,241.285,,c1ccc(cc1)c2ccc(cc2)C[C@H](C(=O)O)N,蛋白酶稳定性可能↑；局部构象可能改变；渗透性取决于骨架；疏水表面积可能↑；膜分配可能↑,仅为结构/类别推断；不代表已证实提高环肽渗透性或口服暴露,https://www.rcsb.org/ligand/A1AQ4
A1AS0,5-selanyl-L-histidine,,l-peptide linking,芳香／疏水侧链,芳香／疏水侧链；极性／带电侧链,C6 H9 N3 O2 Se,234.115,HIS,c1[nH]c(c(n1)[SeH])C[C@@H](C(=O)O)N,疏水表面积可能↑；膜分配可能↑；水溶性可能↓；水溶性可能↑；被动渗透性可能↓,仅为结构/类别推断；不代表已证实提高环肽渗透性或口服暴露,https://www.rcsb.org/ligand/A1AS0
A1ASZ,5-sulfanyl-L-histidine,,l-peptide linking,芳香／疏水侧链,芳香／疏水侧链；极性／带电侧链,C6 H9 N3 O2 S,187.22,HIS,c1[nH]c(c(n1)C[C@@H](C(=O)O)N)S,疏水表面积可能↑；膜分配可能↑；水溶性可能↓；水溶性可能↑；被动渗透性可能↓,仅为结构/类别推断；不代表已证实提高环肽渗透性或口服暴露,https://www.rcsb.org/ligand/A1ASZ
A1AT6,"(2S)-2,3-dihydro-1H-indole-2-carboxylic acid",,l-peptide linking,芳香／疏水侧链,芳香／疏水侧链,C9 H9 N O2,163.173,ALA,c1ccc2c(c1)C[C@H](N2)C(=O)O,疏水表面积可能↑；膜分配可能↑；水溶性可能↓,仅为结构/类别推断；不代表已证实提高环肽渗透性或口服暴露,https://www.rcsb.org/ligand/A1AT6
A1AT7,"(1S)-6-methyl-1,2-dihydroisoquinoline-1-carboxylic acid",,l-peptide linking,芳香／疏水侧链,芳香／疏水侧链,C11 H11 N O2,189.211,ALA,Cc1ccc2c(c1)C=CN[C@@H]2C(=O)O,疏水表面积可能↑；膜分配可能↑；水溶性可能↓,仅为结构/类别推断；不代表已证实提高环肽渗透性或口服暴露,https://www.rcsb.org/ligand/A1AT7
A1AVU,(3S)-4-fluoro-L-valine,,l-peptide linking,卤代／电子调节,卤代／电子调节,C5 H10 F N O2,135.137,VAL,C[C@H](CF)[C@@H](C(=O)O)N,疏水性可能↑；代谢稳定性可能↑；水溶性可能↓,仅为结构/类别推断；不代表已证实提高环肽渗透性或口服暴露,https://www.rcsb.org/ligand/A1AVU
A1AWS,4-cyano-L-tryptophan,,l-peptide linking,卤代／电子调节,卤代／电子调节；芳香／疏水侧链；极性／带电侧链,C12 H11 N3 O2,229.235,TRP,c1cc(c2c(c1)[nH]cc2C[C@@H](C(=O)O)N)C#N,疏水性可能↑；代谢稳定性可能↑；水溶性可能↓；疏水表面积可能↑；膜分配可能↑,仅为结构/类别推断；不代表已证实提高环肽渗透性或口服暴露,https://www.rcsb.org/ligand/A1AWS
A1AZ2,3-methyl-D-histidine,,d-peptide linking,D-构型,D-构型；芳香／疏水侧链；极性／带电侧链,C7 H11 N3 O2,169.181,HIS,Cn1cncc1C[C@H](C(=O)O)N,蛋白酶稳定性可能↑；局部构象可能改变；渗透性取决于骨架；疏水表面积可能↑；膜分配可能↑,仅为结构/类别推断；不代表已证实提高环肽渗透性或口服暴露,https://www.rcsb.org/ligand/A1AZ2
A1AZQ,N-(2-phenylethyl)glycine,,peptide linking,芳香／疏水侧链,芳香／疏水侧链,C10 H13 N O2,179.216,GLY,c1ccc(cc1)CCNCC(=O)O,疏水表面积可能↑；膜分配可能↑；水溶性可能↓,仅为结构/类别推断；不代表已证实提高环肽渗透性或口服暴露,https://www.rcsb.org/ligand/A1AZQ
A1B9V,"3-[(1S,3S)-1-oxo-2,3-dihydro-1H-1lambda~4~-benzothiophen-3-yl]-L-alanine",,l-peptide linking,芳香／疏水侧链,芳香／疏水侧链；极性／带电侧链,C11 H13 N O3 S,239.291,TRP,c1ccc2c(c1)C(CS2=O)C[C@@H](C(=O)O)N,疏水表面积可能↑；膜分配可能↑；水溶性可能↓；水溶性可能↑；被动渗透性可能↓,仅为结构/类别推断；不代表已证实提高环肽渗透性或口服暴露,https://www.rcsb.org/ligand/A1B9V
A1BC0,"N,N-dimethyl-L-cysteinamide",,l-peptide linking,极性／带电侧链,极性／带电侧链,C5 H12 N2 O S,148.227,CYS,CN(C)C(=O)[C@H](CS)N,水溶性可能↑；被动渗透性可能↓；可提供结合或偶联位点,仅为结构/类别推断；不代表已证实提高环肽渗透性或口服暴露,https://www.rcsb.org/ligand/A1BC0
A1BC5,L-seryl-N-[(2S)-2-amino-2-carboxyethyl]glycinamide,,l-peptide linking,极性／带电侧链,极性／带电侧链,C8 H16 N4 O5,248.236,SER,C([C@@H](C(=O)O)N)NC(=O)CNC(=O)[C@H](CO)N,水溶性可能↑；被动渗透性可能↓；可提供结合或偶联位点,仅为结构/类别推断；不代表已证实提高环肽渗透性或口服暴露,https://www.rcsb.org/ligand/A1BC5
A1BDE,N~6~-L-seryl-L-lysine,,l-peptide linking,极性／带电侧链,极性／带电侧链,C9 H19 N3 O4,233.265,LYS,C(CCNC(=O)[C@H](CO)N)C[C@@H](C(=O)O)N,水溶性可能↑；被动渗透性可能↓；可提供结合或偶联位点,仅为结构/类别推断；不代表已证实提高环肽渗透性或口服暴露,https://www.rcsb.org/ligand/A1BDE
A1BE5,"{(4E)-2-[(1S)-1-aminoethyl]-4-[(4-hydroxyphenyl)methylidene]-5-oxo-4,5-dihydro-1H-imidazol-1-yl}acetic acid",,l-peptide linking,芳香／疏水侧链,芳香／疏水侧链；极性／带电侧链,C14 H15 N3 O4,289.287,ALA / GLY / TYR,C[C@@H](C1=N/C(=C/c2ccc(cc2)O)/C(=O)N1CC(=O)O)N,疏水表面积可能↑；膜分配可能↑；水溶性可能↓；水溶性可能↑；被动渗透性可能↓,仅为结构/类别推断；不代表已证实提高环肽渗透性或口服暴露,https://www.rcsb.org/ligand/A1BE5
A1BEB,2-Methyllysine,,l-peptide linking,极性／带电侧链,极性／带电侧链,C7 H16 N2 O2,160.214,LYS,C[C@](CCCCN)(C(=O)O)N,水溶性可能↑；被动渗透性可能↓；可提供结合或偶联位点,仅为结构/类别推断；不代表已证实提高环肽渗透性或口服暴露,https://www.rcsb.org/ligand/A1BEB
A1BIT,"(2R,3S)-3-(propan-2-yl)piperidine-2-carboxylic acid",,d-peptide linking,D-构型,D-构型；构象限制,C9 H17 N O2,171.237,,CC(C)[C@@H]1CCCN[C@H]1C(=O)O,蛋白酶稳定性可能↑；局部构象可能改变；渗透性取决于骨架；构象刚性可能↑；渗透性取决于极性遮蔽,仅为结构/类别推断；不代表已证实提高环肽渗透性或口服暴露,https://www.rcsb.org/ligand/A1BIT
A1BIU,(2S)-amino(4-chlorophenyl)acetic acid,,l-peptide linking,卤代／电子调节,卤代／电子调节；芳香／疏水侧链,C8 H8 Cl N O2,185.608,,c1cc(ccc1[C@@H](C(=O)O)N)Cl,疏水性可能↑；代谢稳定性可能↑；水溶性可能↓；疏水表面积可能↑；膜分配可能↑,仅为结构/类别推断；不代表已证实提高环肽渗透性或口服暴露,https://www.rcsb.org/ligand/A1BIU
A1BX4,N~6~-hydroxy-L-lysine,,l-peptide linking,极性／带电侧链,极性／带电侧链,C6 H14 N2 O3,162.187,LYS,C(CCNO)C[C@@H](C(=O)O)N,水溶性可能↑；被动渗透性可能↓；可提供结合或偶联位点,仅为结构/类别推断；不代表已证实提高环肽渗透性或口服暴露,https://www.rcsb.org/ligand/A1BX4
A1BZO,O-octanoyl-L-serine,,l-peptide linking,极性／带电侧链,极性／带电侧链,C11 H21 N O4,231.289,SER,CCCCCCCC(=O)OC[C@@H](C(=O)O)N,水溶性可能↑；被动渗透性可能↓；可提供结合或偶联位点,仅为结构/类别推断；不代表已证实提高环肽渗透性或口服暴露,https://www.rcsb.org/ligand/A1BZO
A1C0O,3-(acetamidomethyl)-L-phenylalanine,,l-peptide linking,芳香／疏水侧链,芳香／疏水侧链；极性／带电侧链,C12 H16 N2 O3,236.267,PHE,CC(=O)NCc1cccc(c1)C[C@@H](C(=O)O)N,疏水表面积可能↑；膜分配可能↑；水溶性可能↓；水溶性可能↑；被动渗透性可能↓,仅为结构/类别推断；不代表已证实提高环肽渗透性或口服暴露,https://www.rcsb.org/ligand/A1C0O
A1C3V,N-(tert-butoxycarbonyl)-L-phenylalanine,,l-peptide linking,芳香／疏水侧链,芳香／疏水侧链；极性／带电侧链,C14 H19 N O4,265.305,PHE,CC(C)(C)OC(=O)N[C@@H](Cc1ccccc1)C(=O)O,疏水表面积可能↑；膜分配可能↑；水溶性可能↓；水溶性可能↑；被动渗透性可能↓,仅为结构/类别推断；不代表已证实提高环肽渗透性或口服暴露,https://www.rcsb.org/ligand/A1C3V
A1CAB,"(2S)-3,4-dihydro-2H-pyrrole-2-carboxylic acid",,l-peptide linking,其他CCD肽链核心,,C5 H7 N O2,113.115,PRO,C1C[C@H](N=C1)C(=O)O,尚无可靠的定向性质判断；需在具体环肽骨架中验证,仅为结构/类别推断；不代表已证实提高环肽渗透性或口服暴露,https://www.rcsb.org/ligand/A1CAB
A1CCQ,(2S)-2-hydrazinyl-3-(4-hydroxyphenyl)propanoic acid,,l-peptide linking,芳香／疏水侧链,芳香／疏水侧链；极性／带电侧链,C9 H12 N2 O3,196.203,TYR,c1cc(ccc1C[C@@H](C(=O)O)NN)O,疏水表面积可能↑；膜分配可能↑；水溶性可能↓；水溶性可能↑；被动渗透性可能↓,仅为结构/类别推断；不代表已证实提高环肽渗透性或口服暴露,https://www.rcsb.org/ligand/A1CCQ
A1CCR,(2S)-2-hydrazinyl-3-phenylpropanoic acid,,l-peptide linking,芳香／疏水侧链,芳香／疏水侧链；极性／带电侧链,C9 H12 N2 O2,180.204,PHE,c1ccc(cc1)C[C@@H](C(=O)O)NN,疏水表面积可能↑；膜分配可能↑；水溶性可能↓；水溶性可能↑；被动渗透性可能↓,仅为结构/类别推断；不代表已证实提高环肽渗透性或口服暴露,https://www.rcsb.org/ligand/A1CCR
A1CCS,(2S)-5-carbamimidamido-2-hydrazinylpentanoic acid,,l-peptide linking,极性／带电侧链,极性／带电侧链,C6 H15 N5 O2,189.216,ARG,[H]/N=C(\N)/NCCC[C@@H](C(=O)O)NN,水溶性可能↑；被动渗透性可能↓；可提供结合或偶联位点,仅为结构/类别推断；不代表已证实提高环肽渗透性或口服暴露,https://www.rcsb.org/ligand/A1CCS
A1CH8,"N~5~-[N-(2,2,2-trifluoroethyl)carbamimidoyl]-L-ornithine",,l-peptide linking,卤代／电子调节,卤代／电子调节；极性／带电侧链,C8 H15 F3 N4 O2,256.226,ARG,[H]/N=C(/NCCC[C@@H](C(=O)O)N)\NCC(F)(F)F,疏水性可能↑；代谢稳定性可能↑；水溶性可能↓；水溶性可能↑；被动渗透性可能↓,仅为结构/类别推断；不代表已证实提高环肽渗透性或口服暴露,https://www.rcsb.org/ligand/A1CH8
A1CHS,"(4R,5R)-5-amino-N~5~-(2-aminoethyl)-4-hydroxy-L-ornithine",,l-peptide linking,极性／带电侧链,极性／带电侧链,C7 H18 N4 O3,206.243,,C(CN[C@H]([C@@H](C[C@@H](C(=O)O)N)O)N)N,水溶性可能↑；被动渗透性可能↓；可提供结合或偶联位点,仅为结构/类别推断；不代表已证实提高环肽渗透性或口服暴露,https://www.rcsb.org/ligand/A1CHS
A1CHT,(4S)-4-hydroxy-4-(4-hydroxyphenyl)-L-threonine,,l-peptide linking,芳香／疏水侧链,芳香／疏水侧链；极性／带电侧链,C10 H13 N O5,227.214,THR,c1cc(ccc1[C@@H]([C@H]([C@@H](C(=O)O)N)O)O)O,疏水表面积可能↑；膜分配可能↑；水溶性可能↓；水溶性可能↑；被动渗透性可能↓,仅为结构/类别推断；不代表已证实提高环肽渗透性或口服暴露,https://www.rcsb.org/ligand/A1CHT
A1CHU,(3R)-3-hydroxy-L-ornithine,,l-peptide linking,极性／带电侧链,极性／带电侧链,C5 H12 N2 O3,148.16,,C(CN)[C@H]([C@@H](C(=O)O)N)O,水溶性可能↑；被动渗透性可能↓；可提供结合或偶联位点,仅为结构/类别推断；不代表已证实提高环肽渗透性或口服暴露,https://www.rcsb.org/ligand/A1CHU
A1CLH,1-benzyl-D-tryptophan,,d-peptide linking,D-构型,D-构型；芳香／疏水侧链；极性／带电侧链,C18 H18 N2 O2,294.348,TRP,c1ccc(cc1)Cn2cc(c3c2cccc3)C[C@H](C(=O)O)N,蛋白酶稳定性可能↑；局部构象可能改变；渗透性取决于骨架；疏水表面积可能↑；膜分配可能↑,仅为结构/类别推断；不代表已证实提高环肽渗透性或口服暴露,https://www.rcsb.org/ligand/A1CLH
A1CM8,"(2~{S})-2-azanyl-3-[(~{E})-[4-[oxidanyl(oxidanylidene)-$l^{4}-azanyl]-6~{H}-2,1,3-benzoxadiazol-7-ylidene]amino]propanal",,l-peptide linking,芳香／疏水侧链,芳香／疏水侧链；极性／带电侧链,C9 H9 N5 O5,267.198,ALA,c1cc(c2c(c1NC[C@@H](C(=O)O)N)non2)[N+](=O)[O-],疏水表面积可能↑；膜分配可能↑；水溶性可能↓；水溶性可能↑；被动渗透性可能↓,仅为结构/类别推断；不代表已证实提高环肽渗透性或口服暴露,https://www.rcsb.org/ligand/A1CM8
A1CM9,"3-[(7-nitro-2,1,3-benzoselenadiazol-4-yl)amino]-L-alanine",,l-peptide linking,芳香／疏水侧链,芳香／疏水侧链；极性／带电侧链,C9 H9 N5 O4 Se,330.159,ALA,c1cc(c2c(c1NC[C@@H](C(=O)O)N)n[se]n2)[N+](=O)[O-],疏水表面积可能↑；膜分配可能↑；水溶性可能↓；水溶性可能↑；被动渗透性可能↓,仅为结构/类别推断；不代表已证实提高环肽渗透性或口服暴露,https://www.rcsb.org/ligand/A1CM9
A1CNA,"[(4Z)-2-[(1R,2R)-1-amino-2-hydroxypropyl]-4-{[(7-nitro-2,1,3-benzoselenadiazol-4-yl)amino]methylidene}-5-oxo-4,5-dihydro-1H-imidazol-1-yl]acetic acid",,l-peptide linking,极性／带电侧链,极性／带电侧链,C15 H15 N7 O6 Se,468.283,ALA / GLY / THR,C[C@H]([C@@H](C1=N/C(=C\Nc2ccc(c3c2n[se]n3)[N+](=O)[O-])/C(=O)N1CC(=O)O)N)O,水溶性可能↑；被动渗透性可能↓；可提供结合或偶联位点,仅为结构/类别推断；不代表已证实提高环肽渗透性或口服暴露,https://www.rcsb.org/ligand/A1CNA
A1CRN,"[(4Z)-2-[(1R,2R)-1-amino-2-hydroxypropyl]-4-{[(7-nitro-1,3-dihydro-2,1,3-benzoxadiazol-4-yl)amino]methylidene}-5-oxo-4,5-dihydro-1H-imidazol-1-yl]acetic acid",,l-peptide linking,极性／带电侧链,极性／带电侧链,C15 H17 N7 O7,407.338,ALA / GLY / THR,C[C@H]([C@@H](C1=N/C(=C\Nc2ccc(c3c2NON3)[N+](=O)[O-])/C(=O)N1CC(=O)O)N)O,水溶性可能↑；被动渗透性可能↓；可提供结合或偶联位点,仅为结构/类别推断；不代表已证实提高环肽渗透性或口服暴露,https://www.rcsb.org/ligand/A1CRN
A1CRT,(4S)-4-{[(1R)-1-carboxy-2-sulfanylethyl]amino}-4-hydroxybutanoic acid,,l-peptide linking,极性／带电侧链,极性／带电侧链,C7 H13 N O5 S,223.247,CYS,C(CC(=O)O)[C@@H](N[C@@H](CS)C(=O)O)O,水溶性可能↑；被动渗透性可能↓；可提供结合或偶联位点,仅为结构/类别推断；不代表已证实提高环肽渗透性或口服暴露,https://www.rcsb.org/ligand/A1CRT
A1CTT,2-phenyl-D-alanine,,d-peptide linking,D-构型,D-构型；芳香／疏水侧链,C9 H11 N O2,165.189,ALA,C[C@](c1ccccc1)(C(=O)O)N,蛋白酶稳定性可能↑；局部构象可能改变；渗透性取决于骨架；疏水表面积可能↑；膜分配可能↑,仅为结构/类别推断；不代表已证实提高环肽渗透性或口服暴露,https://www.rcsb.org/ligand/A1CTT
A1D5B,"methyl (2~{S})-2,6-bis(azanyl)hexanoate",Methyl lysinate,l-peptide linking,极性／带电侧链,极性／带电侧链,C7 H16 N2 O2,160.214,LYS,COC(=O)[C@H](CCCCN)N,水溶性可能↑；被动渗透性可能↓；可提供结合或偶联位点,仅为结构/类别推断；不代表已证实提高环肽渗透性或口服暴露,https://www.rcsb.org/ligand/A1D5B
A1D5E,"(2~{S},4~{R})-4-(2-azanylethylcarbamoyloxy)pyrrolidine-2-carboxylic acid","4-((((2-AMINOETHYL)AMINO)CARBONYL)OXY)-L-PROLINE, (4R)-",l-peptide linking,构象限制,构象限制；极性／带电侧链,C8 H15 N3 O4,217.222,PRO,C1[C@H](CN[C@@H]1C(=O)O)OC(=O)NCCN,构象刚性可能↑；蛋白酶稳定性可能↑；渗透性取决于极性遮蔽；水溶性可能↑；被动渗透性可能↓,仅为结构/类别推断；不代表已证实提高环肽渗透性或口服暴露,https://www.rcsb.org/ligand/A1D5E
A1D5P,"(2~{R},3~{S})-2-azanyl-3-(4-hydroxyphenyl)-3-oxidanyl-propanoic acid",(betaS)-beta-hydroxy-D-tyrosine,d-peptide linking,D-构型,D-构型；芳香／疏水侧链；极性／带电侧链,C9 H11 N O4,197.188,TYR,c1cc(ccc1[C@@H]([C@H](C(=O)O)N)O)O,蛋白酶稳定性可能↑；局部构象可能改变；渗透性取决于骨架；疏水表面积可能↑；膜分配可能↑,仅为结构/类别推断；不代表已证实提高环肽渗透性或口服暴露,https://www.rcsb.org/ligand/A1D5P
A1D64,(2~{R})-3-(4-aminophenyl)sulfanyl-2-azanyl-propanoic acid,S-(4-aminophenyl)cysteine,l-peptide linking,芳香／疏水侧链,芳香／疏水侧链；极性／带电侧链,C9 H12 N2 O2 S,212.269,CYS,c1cc(ccc1N)SC[C@@H](C(=O)O)N,疏水表面积可能↑；膜分配可能↑；水溶性可能↓；水溶性可能↑；被动渗透性可能↓,仅为结构/类别推断；不代表已证实提高环肽渗透性或口服暴露,https://www.rcsb.org/ligand/A1D64
A1D7R,(2~{S})-2-azanyl-3-[6-(3-methylbut-2-enyl)-1~{H}-indol-3-yl]propanoic acid,6-dimethylallyl-L-tryptophan,l-peptide linking,芳香／疏水侧链,芳香／疏水侧链；极性／带电侧链,C16 H20 N2 O2,272.342,TRP,CC(=CCc1ccc2c(c1)[nH]cc2C[C@@H](C(=O)O)N)C,疏水表面积可能↑；膜分配可能↑；水溶性可能↓；水溶性可能↑；被动渗透性可能↓,仅为结构/类别推断；不代表已证实提高环肽渗透性或口服暴露,https://www.rcsb.org/ligand/A1D7R
A1D8R,"(2~{S})-2,4-bis(azanyl)-3,3-dimethyl-butanoic acid",,l-peptide linking,极性／带电侧链,极性／带电侧链,C6 H14 N2 O2,146.188,,CC(C)(CN)[C@@H](C(=O)O)N,水溶性可能↑；被动渗透性可能↓；可提供结合或偶联位点,仅为结构/类别推断；不代表已证实提高环肽渗透性或口服暴露,https://www.rcsb.org/ligand/A1D8R
A1D9O,"(2~{S},3~{S},4~{S})-3,4-bis(oxidanyl)pyrrolidine-2-carboxylic acid",,l-peptide linking,极性／带电侧链,极性／带电侧链,C5 H9 N O4,147.129,PRO,C1[C@@H]([C@H]([C@H](N1)C(=O)O)O)O,水溶性可能↑；被动渗透性可能↓；可提供结合或偶联位点,仅为结构/类别推断；不代表已证实提高环肽渗透性或口服暴露,https://www.rcsb.org/ligand/A1D9O
A1E3Y,(3R)-3-azanyl-3-phenyl-propanoic acid,,peptide linking,芳香／疏水侧链,芳香／疏水侧链,C9 H11 N O2,165.189,,c1ccc(cc1)[C@@H](CC(=O)O)N,疏水表面积可能↑；膜分配可能↑；水溶性可能↓,仅为结构/类别推断；不代表已证实提高环肽渗透性或口服暴露,https://www.rcsb.org/ligand/A1E3Y
A1E9U,2-chloranyl-5-(methylamino)benzoic acid,,peptide linking,芳香／疏水侧链,芳香／疏水侧链,C8 H8 Cl N O2,185.608,,CNc1ccc(c(c1)C(=O)O)Cl,疏水表面积可能↑；膜分配可能↑；水溶性可能↓,仅为结构/类别推断；不代表已证实提高环肽渗透性或口服暴露,https://www.rcsb.org/ligand/A1E9U
A1EAK,(2~{R})-2-azanyl-2-cyclopentyl-ethanoic acid,D-Cyclopentylglycine,d-peptide linking,D-构型,D-构型；构象限制,C7 H13 N O2,143.184,,C1CCC(C1)[C@H](C(=O)O)N,蛋白酶稳定性可能↑；局部构象可能改变；渗透性取决于骨架；构象刚性可能↑；渗透性取决于极性遮蔽,仅为结构/类别推断；不代表已证实提高环肽渗透性或口服暴露,https://www.rcsb.org/ligand/A1EAK
A1ECH,(2~{R})-2-azanyl-~{N}-methyl-5-phenyl-pentanamide,,d-peptide linking,D-构型,D-构型；芳香／疏水侧链；极性／带电侧链,C12 H18 N2 O,206.284,,CNC(=O)[C@@H](CCCc1ccccc1)N,蛋白酶稳定性可能↑；局部构象可能改变；渗透性取决于骨架；疏水表面积可能↑；膜分配可能↑,仅为结构/类别推断；不代表已证实提高环肽渗透性或口服暴露,https://www.rcsb.org/ligand/A1ECH
A1ECI,5-[(2R)-2-azanyl-3-oxidanyl-3-oxidanylidene-propyl]sulfanyl-5-oxidanylidene-pentanoic acid,,l-peptide linking,极性／带电侧链,极性／带电侧链,C8 H13 N O5 S,235.258,CYS,C(CC(=O)O)CC(=O)SC[C@@H](C(=O)O)N,水溶性可能↑；被动渗透性可能↓；可提供结合或偶联位点,仅为结构/类别推断；不代表已证实提高环肽渗透性或口服暴露,https://www.rcsb.org/ligand/A1ECI
A1ECK,(2S)-3-(4-fluorophenyl)-2-(methylsulfonylamino)propanoic acid,,l-peptide linking,卤代／电子调节,卤代／电子调节；芳香／疏水侧链；极性／带电侧链,C10 H12 F N O4 S,261.27,PHE,CS(=O)(=O)N[C@@H](Cc1ccc(cc1)F)C(=O)O,疏水性可能↑；代谢稳定性可能↑；水溶性可能↓；疏水表面积可能↑；膜分配可能↑,仅为结构/类别推断；不代表已证实提高环肽渗透性或口服暴露,https://www.rcsb.org/ligand/A1ECK
A1ECL,"(2S)-3-[3,5-bis(fluoranyl)phenyl]-2-(methylsulfonylamino)propanoic acid",,l-peptide linking,芳香／疏水侧链,芳香／疏水侧链；极性／带电侧链,C10 H11 F2 N O4 S,279.26,PHE,CS(=O)(=O)N[C@@H](Cc1cc(cc(c1)F)F)C(=O)O,疏水表面积可能↑；膜分配可能↑；水溶性可能↓；水溶性可能↑；被动渗透性可能↓,仅为结构/类别推断；不代表已证实提高环肽渗透性或口服暴露,https://www.rcsb.org/ligand/A1ECL
A1ECM,"(2S)-3,3-dimethyl-2-(methylsulfonylamino)butanoic acid",,l-peptide linking,极性／带电侧链,极性／带电侧链,C7 H15 N O4 S,209.263,VAL,CC(C)(C)[C@@H](C(=O)O)NS(=O)(=O)C,水溶性可能↑；被动渗透性可能↓；可提供结合或偶联位点,仅为结构/类别推断；不代表已证实提高环肽渗透性或口服暴露,https://www.rcsb.org/ligand/A1ECM
A1EDD,N-METHYLSULFONYL-D-LYSINE,,d-peptide linking,N-取代,D-构型；N-取代；极性／带电侧链,C7 H16 N2 O4 S,224.278,DLY,CS(=O)(=O)N[C@H](CCCCN)C(=O)O,蛋白酶稳定性可能↑；局部构象可能改变；渗透性取决于骨架；主链氢键供体可能↓；暴露极性可能↓,仅为结构/类别推断；不代表已证实提高环肽渗透性或口服暴露,https://www.rcsb.org/ligand/A1EDD
A1EFT,"(2~{S})-2-azanyl-5-[[(5~{R})-5-[4-[[9-chloranyl-7-(2-fluoranyl-6-methoxy-phenyl)-5~{H}-pyrimido[5,4-d][2]benzazepin-2-yl]amino]-2-methoxy-phenyl]-4-oxidanylidene-1,5-dihydroimidazol-2-yl]amino]pentanoic acid",,l-peptide linking,芳香／疏水侧链,芳香／疏水侧链；极性／带电侧链,C34 H32 Cl F N8 O5,687.12,ARG,COc1cccc(c1C2=NCc3cnc(nc3-c4c2cc(cc4)Cl)Nc5ccc(c(c5)OC)[C@@H]6C(=O)N=C(N6)NCCC[C@@H](C(=O)O)N)F,疏水表面积可能↑；膜分配可能↑；水溶性可能↓；水溶性可能↑；被动渗透性可能↓,仅为结构/类别推断；不代表已证实提高环肽渗透性或口服暴露,https://www.rcsb.org/ligand/A1EFT
A1EG1,(2~{S})-2-azanyl-6-[(1~{S})-3-azanylidene-6-[[4-[4-[(3-cyclopropyl-1~{H}-pyrazol-5-yl)amino]-6-(prop-2-ynylcarbamoyl)pyrimidin-2-yl]piperazin-1-yl]methyl]-1-oxidanyl-1~{H}-isoindol-2-yl]hexanoic acid,,l-peptide linking,构象限制,构象限制；极性／带电侧链,C33 H41 N11 O4,655.75,LYS,[H]/N=C\1/c2ccc(cc2[C@@H](N1CCCC[C@@H](C(=O)O)N)O)CN3CCN(CC3)c4nc(cc(n4)Nc5cc(n[nH]5)C6CC6)C(=O)NCC#C,构象刚性可能↑；蛋白酶稳定性可能↑；渗透性取决于极性遮蔽；水溶性可能↑；被动渗透性可能↓,仅为结构/类别推断；不代表已证实提高环肽渗透性或口服暴露,https://www.rcsb.org/ligand/A1EG1
A1EIC,O-Methylcarbamoyl-L-Serine,,l-peptide linking,极性／带电侧链,极性／带电侧链,C5 H10 N2 O4,162.144,SER,CNC(=O)OC[C@@H](C(=O)O)N,水溶性可能↑；被动渗透性可能↓；可提供结合或偶联位点,仅为结构/类别推断；不代表已证实提高环肽渗透性或口服暴露,https://www.rcsb.org/ligand/A1EIC
A1EIU,"(2~{S})-2-azanyl-6-[(~{E})-[7-methyl-2,4-bis(oxidanyl)-5-oxidanylidene-cyclohepta-1,3,6-trien-1-yl]methylideneamino]hexanoic acid",,l-peptide linking,构象限制,构象限制；极性／带电侧链,C15 H20 N2 O5,308.33,LYS,CC1=CC(=O)C(=CC(=C1/C=N/CCCC[C@@H](C(=O)O)N)O)O,构象刚性可能↑；蛋白酶稳定性可能↑；渗透性取决于极性遮蔽；水溶性可能↑；被动渗透性可能↓,仅为结构/类别推断；不代表已证实提高环肽渗透性或口服暴露,https://www.rcsb.org/ligand/A1EIU
A1EJ1,"(2~{S})-6-[(~{E})-[(2~{S},3~{R},4~{S},5~{R})-2-acetamido-3,4,5,6-tetrakis(oxidanyl)hexylidene]amino]-2-azanyl-hexanoic acid",,l-peptide linking,极性／带电侧链,极性／带电侧链,C14 H27 N3 O7,349.38,LYS,CC(=O)N[C@@H](/C=N/CCCC[C@@H](C(=O)O)N)[C@H]([C@@H]([C@@H](CO)O)O)O,水溶性可能↑；被动渗透性可能↓；可提供结合或偶联位点,仅为结构/类别推断；不代表已证实提高环肽渗透性或口服暴露,https://www.rcsb.org/ligand/A1EJ1
A1EJ4,(2~{S})-6-[(~{E})-2-acetamidoethylideneamino]-2-azanyl-hexanoic acid,,l-peptide linking,极性／带电侧链,极性／带电侧链,C10 H19 N3 O3,229.276,LYS,CC(=O)NC/C=N/CCCC[C@@H](C(=O)O)N,水溶性可能↑；被动渗透性可能↓；可提供结合或偶联位点,仅为结构/类别推断；不代表已证实提高环肽渗透性或口服暴露,https://www.rcsb.org/ligand/A1EJ4
A1EJL,"(3R)-1,2,3,4-tetrahydroisoquinoline-3-carboxylic acid",,d-peptide linking,D-构型,D-构型；芳香／疏水侧链,C10 H11 N O2,177.2,,c1ccc2c(c1)C[C@@H](NC2)C(=O)O,蛋白酶稳定性可能↑；局部构象可能改变；渗透性取决于骨架；疏水表面积可能↑；膜分配可能↑,仅为结构/类别推断；不代表已证实提高环肽渗透性或口服暴露,https://www.rcsb.org/ligand/A1EJL
A1EJR,(2S)-2-azanyl-6-[6-[[(2R)-1-[4-[2-[3-bromanyl-2-(2-hydroxy-2-oxoethyloxy)-5-methyl-phenyl]ethynyl]phenyl]-4-(methylamino)-4-oxidanylidene-butan-2-yl]carbamoyl]-3-oxidanylidene-1H-indazol-2-yl]hexanoic acid,,l-peptide linking,芳香／疏水侧链,芳香／疏水侧链；极性／带电侧链,C36 H38 Br N5 O8,748.62,LYS,Cc1cc(c(c(c1)Br)OCC(=O)O)C#Cc2ccc(cc2)C[C@H](CC(=O)NC)NC(=O)c3ccc4c(c3)NN(C4=O)CCCC[C@@H](C(=O)O)N,疏水表面积可能↑；膜分配可能↑；水溶性可能↓；水溶性可能↑；被动渗透性可能↓,仅为结构/类别推断；不代表已证实提高环肽渗透性或口服暴露,https://www.rcsb.org/ligand/A1EJR
A1EJS,"(2S)-2-azanyl-6-[[2-[[4-[(5-fluoranyl-2-methoxycarbonyl-phenyl)amino]-2-[[3-(1-methylimidazol-2-yl)phenyl]methylamino]pyrimidin-5-yl]amino]-3,4-bis(oxidanylidene)cyclobuten-1-yl]amino]hexanoic acid",,l-peptide linking,构象限制,构象限制；芳香／疏水侧链；极性／带电侧链,C33 H34 F N9 O6,671.678,LYS,Cn1ccnc1c2cccc(c2)CNc3ncc(c(n3)Nc4cc(ccc4C(=O)OC)F)NC5=C(C(=O)C5=O)NCCCC[C@@H](C(=O)O)N,构象刚性可能↑；蛋白酶稳定性可能↑；渗透性取决于极性遮蔽；疏水表面积可能↑；膜分配可能↑,仅为结构/类别推断；不代表已证实提高环肽渗透性或口服暴露,https://www.rcsb.org/ligand/A1EJS
A1EJT,"(2~{S})-6-[(~{E})-[(2~{S},3~{S},4~{R})-5-[[[(2~{R},3~{S},4~{R},5~{R})-5-(6-aminopurin-9-yl)-3,4-bis(oxidanyl)oxolan-2-yl]methoxy-oxidanyl-phosphoryl]oxy-oxidanyl-phosphoryl]oxy-2,3,4-tris(oxidanyl)pentylidene]amino]-2-azanyl-hexanoic acid",,l-peptide linking,芳香／疏水侧链,芳香／疏水侧链；极性／带电侧链,C21 H35 N7 O15 P2,687.488,LYS,c1nc(c2c(n1)n(cn2)[C@H]3[C@@H]([C@@H]([C@H](O3)COP(=O)(O)OP(=O)(O)OC[C@H]([C@H]([C@H](/C=N/CCCC[C@@H](C(=O)O)N)O)O)O)O)O)N,疏水表面积可能↑；膜分配可能↑；水溶性可能↓；水溶性可能↑；被动渗透性可能↓,仅为结构/类别推断；不代表已证实提高环肽渗透性或口服暴露,https://www.rcsb.org/ligand/A1EJT
A1EJZ,"(2~{S})-6-[(~{E})-[(2~{S},3~{R},4~{R},5~{R})-2-acetamido-3,4,5,6-tetrakis(oxidanyl)hexylidene]amino]-2-azanyl-hexanoic acid",,l-peptide linking,极性／带电侧链,极性／带电侧链,C14 H27 N3 O7,349.38,LYS,CC(=O)N[C@@H](/C=N/CCCC[C@@H](C(=O)O)N)[C@H]([C@H]([C@@H](CO)O)O)O,水溶性可能↑；被动渗透性可能↓；可提供结合或偶联位点,仅为结构/类别推断；不代表已证实提高环肽渗透性或口服暴露,https://www.rcsb.org/ligand/A1EJZ
A1EMP,"(2~{S})-2-azanyl-6-[(1~{S})-7-[6-(3,5-dimethyl-1,2-oxazol-4-yl)-1-[(1~{S})-1-pyridin-2-ylethyl]pyrrolo[3,2-b]pyridin-3-yl]-3-methylidene-1-oxidanyl-1~{H}-isoindol-2-yl]hexanoic acid",,l-peptide linking,芳香／疏水侧链,芳香／疏水侧链；极性／带电侧链,C34 H36 N6 O4,592.687,LYS,Cc1c(c(on1)C)c2cc3c(c(cn3[C@@H](C)c4ccccn4)c5cccc6c5[C@@H](N(C6=C)CCCC[C@@H](C(=O)O)N)O)nc2,疏水表面积可能↑；膜分配可能↑；水溶性可能↓；水溶性可能↑；被动渗透性可能↓,仅为结构/类别推断；不代表已证实提高环肽渗透性或口服暴露,https://www.rcsb.org/ligand/A1EMP
A1EQM,O-Ethyl-D-tyrosine,,d-peptide linking,D-构型,D-构型；芳香／疏水侧链；极性／带电侧链,C11 H15 N O3,209.242,DTY,CCOc1ccc(cc1)C[C@H](C(=O)O)N,蛋白酶稳定性可能↑；局部构象可能改变；渗透性取决于骨架；疏水表面积可能↑；膜分配可能↑,仅为结构/类别推断；不代表已证实提高环肽渗透性或口服暴露,https://www.rcsb.org/ligand/A1EQM
A1ER5,(2~{S})-2-azanyl-4-oxidanylidene-4-[(2~{R})-1-oxidanyl-1-oxidanylidene-3-phenyl-propan-2-yl]oxy-butanoic acid,,l-peptide linking,芳香／疏水侧链,芳香／疏水侧链；极性／带电侧链,C13 H15 N O6,281.261,ASP,c1ccc(cc1)C[C@H](C(=O)O)OC(=O)C[C@@H](C(=O)O)N,疏水表面积可能↑；膜分配可能↑；水溶性可能↓；水溶性可能↑；被动渗透性可能↓,仅为结构/类别推断；不代表已证实提高环肽渗透性或口服暴露,https://www.rcsb.org/ligand/A1ER5
A1EUR,(2~{S})-2-azanyl-4-methoxy-butanoic acid,,l-peptide linking,极性／带电侧链,极性／带电侧链,C5 H11 N O3,133.146,ALA,COCC[C@@H](C(=O)O)N,水溶性可能↑；被动渗透性可能↓；可提供结合或偶联位点,仅为结构/类别推断；不代表已证实提高环肽渗透性或口服暴露,https://www.rcsb.org/ligand/A1EUR
A1EYP,"(2S)-2-azanyl-6-[[(1S,4R,5S)-4-methyl-5-(nitromethyl)-4-phenyl-cyclohex-2-en-1-yl]amino]hexanoic acid",,l-peptide linking,构象限制,构象限制；芳香／疏水侧链；极性／带电侧链,C20 H29 N3 O4,375.462,LYS,C[C@]1(C=C[C@H](C[C@@H]1C[N+](=O)[O-])NCCCC[C@@H](C(=O)O)N)c2ccccc2,构象刚性可能↑；蛋白酶稳定性可能↑；渗透性取决于极性遮蔽；疏水表面积可能↑；膜分配可能↑,仅为结构/类别推断；不代表已证实提高环肽渗透性或口服暴露,https://www.rcsb.org/ligand/A1EYP
A1H2H,(2~{S})-2-azanyl-3-(3-fluoranyl-4-nitro-phenyl)propanoic acid,,l-peptide linking,芳香／疏水侧链,芳香／疏水侧链；极性／带电侧链,C9 H9 F N2 O4,228.177,PHE,c1cc(c(cc1C[C@@H](C(=O)O)N)F)[N+](=O)[O-],疏水表面积可能↑；膜分配可能↑；水溶性可能↓；水溶性可能↑；被动渗透性可能↓,仅为结构/类别推断；不代表已证实提高环肽渗透性或口服暴露,https://www.rcsb.org/ligand/A1H2H
A1H2I,"(2~{S})-2-azanyl-3-[(3~{S})-5-oxidanyl-2-oxidanylidene-1,3-dihydroindol-3-yl]propanoic acid",,l-peptide linking,芳香／疏水侧链,芳香／疏水侧链；极性／带电侧链,C11 H12 N2 O4,236.224,TRP,c1cc2c(cc1O)[C@@H](C(=O)N2)C[C@@H](C(=O)O)N,疏水表面积可能↑；膜分配可能↑；水溶性可能↓；水溶性可能↑；被动渗透性可能↓,仅为结构/类别推断；不代表已证实提高环肽渗透性或口服暴露,https://www.rcsb.org/ligand/A1H2I
A1H45,"(2~{S})-2-azanyl-3-[(3~{R})-5-oxidanyl-2-oxidanylidene-1,3-dihydroindol-3-yl]propanoic acid",,l-peptide linking,芳香／疏水侧链,芳香／疏水侧链；极性／带电侧链,C11 H12 N2 O4,236.224,TRP,c1cc2c(cc1O)[C@H](C(=O)N2)C[C@@H](C(=O)O)N,疏水表面积可能↑；膜分配可能↑；水溶性可能↓；水溶性可能↑；被动渗透性可能↓,仅为结构/类别推断；不代表已证实提高环肽渗透性或口服暴露,https://www.rcsb.org/ligand/A1H45
A1H5N,2-Imino-2-phenylethanol-lysine,(2S)-2-azanyl-6-[(E)-(2-oxidanyl-1-phenyl-ethylidene)amino]hexanoic acid,l-peptide linking,芳香／疏水侧链,芳香／疏水侧链；极性／带电侧链,C14 H20 N2 O3,264.32,LYS,c1ccc(cc1)/C(=N\CCCC[C@@H](C(=O)O)N)/CO,疏水表面积可能↑；膜分配可能↑；水溶性可能↓；水溶性可能↑；被动渗透性可能↓,仅为结构/类别推断；不代表已证实提高环肽渗透性或口服暴露,https://www.rcsb.org/ligand/A1H5N
A1H5W,3-azido-L-alanine,,l-peptide linking,极性／带电侧链,极性／带电侧链,C3 H7 N4 O2,131.113,ALA,C([C@@H](C(=O)O)N)N=[N+]=N,水溶性可能↑；被动渗透性可能↓；可提供结合或偶联位点,仅为结构/类别推断；不代表已证实提高环肽渗透性或口服暴露,https://www.rcsb.org/ligand/A1H5W
A1H6Z,(2~{S})-2-azanyl-3-(6-azanylpyridin-3-yl)propanal,,l-peptide linking,芳香／疏水侧链,芳香／疏水侧链；极性／带电侧链,C8 H11 N3 O2,181.192,,c1cc(ncc1C[C@@H](C(=O)O)N)N,疏水表面积可能↑；膜分配可能↑；水溶性可能↓；水溶性可能↑；被动渗透性可能↓,仅为结构/类别推断；不代表已证实提高环肽渗透性或口服暴露,https://www.rcsb.org/ligand/A1H6Z
A1H96,(2~{S})-2-azanyl-6-(propan-2-ylcarbamothioylamino)hexanoic acid,,l-peptide linking,极性／带电侧链,极性／带电侧链,C10 H21 N3 O2 S,247.358,LYS,CC(C)NC(=S)NCCCC[C@@H](C(=O)O)N,水溶性可能↑；被动渗透性可能↓；可提供结合或偶联位点,仅为结构/类别推断；不代表已证实提高环肽渗透性或口服暴露,https://www.rcsb.org/ligand/A1H96
A1I48,"(2~{S},3~{R})-2-azanyl-3-[(1~{R},2~{S})-2-azanyl-4-methyl-1-oxidanyl-pentoxy]butanal",,l-peptide linking,极性／带电侧链,极性／带电侧链,C10 H22 N2 O4,234.293,,C[C@H]([C@@H](C(=O)O)N)O[C@H]([C@H](CC(C)C)N)O,水溶性可能↑；被动渗透性可能↓；可提供结合或偶联位点,仅为结构/类别推断；不代表已证实提高环肽渗透性或口服暴露,https://www.rcsb.org/ligand/A1I48
A1I4F,(2S)-4-(3-chlorophenyl)carbonylpiperazine-2-carboxylic acid,,l-peptide linking,卤代／电子调节,卤代／电子调节；芳香／疏水侧链；极性／带电侧链,C12 H13 Cl N2 O3,268.696,,c1cc(cc(c1)Cl)C(=O)N2CCN[C@@H](C2)C(=O)O,疏水性可能↑；代谢稳定性可能↑；水溶性可能↓；疏水表面积可能↑；膜分配可能↑,仅为结构/类别推断；不代表已证实提高环肽渗透性或口服暴露,https://www.rcsb.org/ligand/A1I4F
A1I67,"(2~{R},3~{S},6~{R},7~{S})-7-[(1~{S})-1-azanyl-3-methyl-butyl]-2,6-dimethyl-6,7-bis(oxidanyl)-1,4-oxazepane-3-carbaldehyde",,l-peptide linking,极性／带电侧链,极性／带电侧链,C13 H26 N2 O5,290.356,,C[C@@H]1[C@H](NC[C@@]([C@@](O1)([C@H](CC(C)C)N)O)(C)O)C(=O)O,水溶性可能↑；被动渗透性可能↓；可提供结合或偶联位点,仅为结构/类别推断；不代表已证实提高环肽渗透性或口服暴露,https://www.rcsb.org/ligand/A1I67
A1I8Q,2-[3-[2-[3-(methylamino)propylsulfanylmethyl]prop-2-enylsulfanylmethyl]phenyl]ethanoic acid,,l-peptide linking,芳香／疏水侧链,芳香／疏水侧链,C17 H25 N O2 S2,339.516,,CNCCCSCC(=C)CSCc1cccc(c1)CC(=O)O,疏水表面积可能↑；膜分配可能↑；水溶性可能↓,仅为结构/类别推断；不代表已证实提高环肽渗透性或口服暴露,https://www.rcsb.org/ligand/A1I8Q
A1I9G,3(S)-methyl-histidine,"(2~{S},3~{R})-2-azanyl-3-(1~{H}-imidazol-5-yl)butanoic acid",l-peptide linking,芳香／疏水侧链,芳香／疏水侧链；极性／带电侧链,C7 H11 N3 O2,169.181,HIS,C[C@@H](c1cnc[nH]1)[C@@H](C(=O)O)N,疏水表面积可能↑；膜分配可能↑；水溶性可能↓；水溶性可能↑；被动渗透性可能↓,仅为结构/类别推断；不代表已证实提高环肽渗透性或口服暴露,https://www.rcsb.org/ligand/A1I9G
A1I9P,8-azanyl-4-[2-(2-methoxyethoxy)ethylsulfanyl]quinoline-2-carbaldehyde,,l-peptide linking,芳香／疏水侧链,芳香／疏水侧链；极性／带电侧链,C15 H18 N2 O4 S,322.379,,COCCOCCSc1cc(nc2c1cccc2N)C(=O)O,疏水表面积可能↑；膜分配可能↑；水溶性可能↓；水溶性可能↑；被动渗透性可能↓,仅为结构/类别推断；不代表已证实提高环肽渗透性或口服暴露,https://www.rcsb.org/ligand/A1I9P
A1I9S,7-azanyl-4-(3-azanylpropoxy)-8-methoxy-quinoline-2-carboxylic acid,,l-peptide linking,芳香／疏水侧链,芳香／疏水侧链；极性／带电侧链,C14 H17 N3 O4,291.302,,COc1c(ccc2c1nc(cc2OCCCN)C(=O)O)N,疏水表面积可能↑；膜分配可能↑；水溶性可能↓；水溶性可能↑；被动渗透性可能↓,仅为结构/类别推断；不代表已证实提高环肽渗透性或口服暴露,https://www.rcsb.org/ligand/A1I9S
A1ICB,"(2S,4S)-4-[(2-chloranyl-5-methyl-phenyl)carbonylamino]pyrrolidine-2-carboxylic acid",,l-peptide linking,芳香／疏水侧链,芳香／疏水侧链；极性／带电侧链,C13 H15 Cl N2 O3,282.723,PRO,Cc1ccc(c(c1)C(=O)N[C@H]2C[C@H](NC2)C(=O)O)Cl,疏水表面积可能↑；膜分配可能↑；水溶性可能↓；水溶性可能↑；被动渗透性可能↓,仅为结构/类别推断；不代表已证实提高环肽渗透性或口服暴露,https://www.rcsb.org/ligand/A1ICB
A1ICC,"(2S,4S)-4-(isoquinolin-1-ylcarbonylamino)pyrrolidine-2-carboxylic acid",,l-peptide linking,芳香／疏水侧链,芳香／疏水侧链；极性／带电侧链,C15 H15 N3 O3,285.298,PRO,c1ccc2c(c1)ccnc2C(=O)N[C@H]3C[C@H](NC3)C(=O)O,疏水表面积可能↑；膜分配可能↑；水溶性可能↓；水溶性可能↑；被动渗透性可能↓,仅为结构/类别推断；不代表已证实提高环肽渗透性或口服暴露,https://www.rcsb.org/ligand/A1ICC
A1IHG,(S)-2-amino-3-(9-oxo-9H-thioxanthen-2-yl)propanoic acid,(2S)-2-azanyl-3-(9-oxidanylidenethioxanthen-2-yl)propanoic acid,l-peptide linking,芳香／疏水侧链,芳香／疏水侧链；极性／带电侧链,C16 H13 N O3 S,299.344,PHE,c1ccc2c(c1)C(=O)c3cc(ccc3S2)C[C@@H](C(=O)O)N,疏水表面积可能↑；膜分配可能↑；水溶性可能↓；水溶性可能↑；被动渗透性可能↓,仅为结构/类别推断；不代表已证实提高环肽渗透性或口服暴露,https://www.rcsb.org/ligand/A1IHG
A1IID,4-mercaptophenyl-alanine,(2~{S})-2-azanyl-3-(4-sulfanylphenyl)propanoic acid; 4-mercaptophenylalanine,l-peptide linking,芳香／疏水侧链,芳香／疏水侧链,C9 H11 N O2 S,197.254,ALA,c1cc(ccc1C[C@@H](C(=O)O)N)S,疏水表面积可能↑；膜分配可能↑；水溶性可能↓,仅为结构/类别推断；不代表已证实提高环肽渗透性或口服暴露,https://www.rcsb.org/ligand/A1IID
A1IJ4,4-[3-(aminomethyl)phenoxy]butylcarbamic acid,,l-peptide linking,芳香／疏水侧链,芳香／疏水侧链；极性／带电侧链,C12 H18 N2 O3,238.283,,c1cc(cc(c1)OCCCCNC(=O)O)CN,疏水表面积可能↑；膜分配可能↑；水溶性可能↓；水溶性可能↑；被动渗透性可能↓,仅为结构/类别推断；不代表已证实提高环肽渗透性或口服暴露,https://www.rcsb.org/ligand/A1IJ4
A1IJE,"(4~{S})-4-azanyl-4-[1-(2-hydroxy-2-oxoethyl)-5-oxidanylidene-4-[(4-oxidanylidenecyclohexa-2,5-dien-1-ylidene)methyl]-4~{H}-imidazol-2-yl]butanoic acid",,l-peptide linking,构象限制,构象限制；极性／带电侧链,C16 H17 N3 O6,347.323,,C1=CC(=O)C=CC1=CC2C(=O)N(C(=N2)[C@H](CCC(=O)O)N)CC(=O)O,构象刚性可能↑；蛋白酶稳定性可能↑；渗透性取决于极性遮蔽；水溶性可能↑；被动渗透性可能↓,仅为结构/类别推断；不代表已证实提高环肽渗透性或口服暴露,https://www.rcsb.org/ligand/A1IJE
A1IJF,2-[(4Z)-2-(aminomethyl)-4-[(3-azanyl-4-oxidanyl-phenyl)methylidene]-5-oxidanylidene-imidazol-1-yl]ethanoic acid,GLYCEROL,l-peptide linking,芳香／疏水侧链,芳香／疏水侧链；极性／带电侧链,C13 H14 N4 O4,290.275,GLY / TY2,c1cc(c(cc1/C=C\2/C(=O)N(C(=N2)CN)CC(=O)O)N)O,疏水表面积可能↑；膜分配可能↑；水溶性可能↓；水溶性可能↑；被动渗透性可能↓,仅为结构/类别推断；不代表已证实提高环肽渗透性或口服暴露,https://www.rcsb.org/ligand/A1IJF
A1IJP,8-azanyl-5-(2-phenylethyl)quinoline-2-carbaldehyde,,l-peptide linking,芳香／疏水侧链,芳香／疏水侧链；极性／带电侧链,C18 H16 N2 O2,292.332,,c1ccc(cc1)CCc2ccc(c3c2ccc(n3)C(=O)O)N,疏水表面积可能↑；膜分配可能↑；水溶性可能↓；水溶性可能↑；被动渗透性可能↓,仅为结构/类别推断；不代表已证实提高环肽渗透性或口服暴露,https://www.rcsb.org/ligand/A1IJP
A1IJQ,8-azanylquinoline-2-carboxylic acid,,l-peptide linking,芳香／疏水侧链,芳香／疏水侧链；极性／带电侧链,C10 H8 N2 O2,188.183,,c1cc2ccc(nc2c(c1)N)C(=O)O,疏水表面积可能↑；膜分配可能↑；水溶性可能↓；水溶性可能↑；被动渗透性可能↓,仅为结构/类别推断；不代表已证实提高环肽渗透性或口服暴露,https://www.rcsb.org/ligand/A1IJQ
A1IKE,(2~{S})-2-(2-azanylphenoxy)propanoic acid,,l-peptide linking,芳香／疏水侧链,芳香／疏水侧链；极性／带电侧链,C9 H11 N O3,181.189,,C[C@@H](C(=O)O)Oc1ccccc1N,疏水表面积可能↑；膜分配可能↑；水溶性可能↓；水溶性可能↑；被动渗透性可能↓,仅为结构/类别推断；不代表已证实提高环肽渗透性或口服暴露,https://www.rcsb.org/ligand/A1IKE
A1IKP,TRIPHOSPHOSERINE,"(7R,13aS)-2,3,9,10-tetramethoxy-5,8,13,13a-tetrahydro-6H-isoquinolino[3,2-a]isoquinoline; tetrahydropalmatine",l-peptide linking,极性／带电侧链,极性／带电侧链,C3 H10 N O12 P3,345.032,SER,C([C@@H](C(=O)O)N)OP(=O)(O)OP(=O)(O)OP(=O)(O)O,水溶性可能↑；被动渗透性可能↓；可提供结合或偶联位点,仅为结构/类别推断；不代表已证实提高环肽渗透性或口服暴露,https://www.rcsb.org/ligand/A1IKP
A1IM3,(3~{R})-3-azanyl-4-(1~{H}-indol-3-yl)butanal,,d-peptide linking,D-构型,D-构型；芳香／疏水侧链；极性／带电侧链,C12 H14 N2 O2,218.252,,c1ccc2c(c1)c(c[nH]2)C[C@H](CC(=O)O)N,蛋白酶稳定性可能↑；局部构象可能改变；渗透性取决于骨架；疏水表面积可能↑；膜分配可能↑,仅为结构/类别推断；不代表已证实提高环肽渗透性或口服暴露,https://www.rcsb.org/ligand/A1IM3
A1IM8,(2~{R})-2-azanyl-~{N}-methyl-3-pyridin-4-yl-propanamide,,d-peptide linking,D-构型,D-构型；芳香／疏水侧链；极性／带电侧链,C9 H13 N3 O,179.219,,CNC(=O)[C@@H](Cc1ccncc1)N,蛋白酶稳定性可能↑；局部构象可能改变；渗透性取决于骨架；疏水表面积可能↑；膜分配可能↑,仅为结构/类别推断；不代表已证实提高环肽渗透性或口服暴露,https://www.rcsb.org/ligand/A1IM8
A1IMX,"4-[2-[1-[3-[3-(aminomethyl)phenoxy]propyl]-1,2,3-triazol-4-yl]ethoxy]-8-azanyl-quinoline-2-carboxylic acid",,l-peptide linking,芳香／疏水侧链,芳香／疏水侧链；极性／带电侧链,C24 H26 N6 O4,462.501,,c1cc(cc(c1)OCCCn2cc(nn2)CCOc3cc(nc4c3cccc4N)C(=O)O)CN,疏水表面积可能↑；膜分配可能↑；水溶性可能↓；水溶性可能↑；被动渗透性可能↓,仅为结构/类别推断；不代表已证实提高环肽渗透性或口服暴露,https://www.rcsb.org/ligand/A1IMX
A1IPL,para-boronophenylalanine,[4-[(2~{S})-2-azanyl-3-oxidanyl-3-oxidanylidene-propyl]phenyl]-$l^{3}-oxidanyl-bis(oxidanyl)boron,l-peptide linking,芳香／疏水侧链,芳香／疏水侧链；极性／带电侧链,C9 H13 B N O5,226.014,PHE,B(c1ccc(cc1)C[C@@H](C(=O)O)N)(O)(O)O,疏水表面积可能↑；膜分配可能↑；水溶性可能↓；水溶性可能↑；被动渗透性可能↓,仅为结构/类别推断；不代表已证实提高环肽渗透性或口服暴露,https://www.rcsb.org/ligand/A1IPL
A1IQX,NE2-acetamide-histidine,(2~{S})-2-azanyl-3-[1-(2-azanyl-2-oxidanylidene-ethyl)imidazol-4-yl]propanoic acid; NE2-ethanamide-histidine,l-peptide linking,芳香／疏水侧链,芳香／疏水侧链；极性／带电侧链,C8 H12 N4 O3,212.206,HIS,c1c(ncn1CC(=O)N)C[C@@H](C(=O)O)N,疏水表面积可能↑；膜分配可能↑；水溶性可能↓；水溶性可能↑；被动渗透性可能↓,仅为结构/类别推断；不代表已证实提高环肽渗透性或口服暴露,https://www.rcsb.org/ligand/A1IQX
A1IU4,8-(carboxyamino)-4-oxidanyl-quinoline-2-carboxylic acid,,peptide linking,芳香／疏水侧链,芳香／疏水侧链；极性／带电侧链,C11 H8 N2 O5,248.192,,c1cc2c(cc(nc2c(c1)NC(=O)O)C(=O)O)O,疏水表面积可能↑；膜分配可能↑；水溶性可能↓；水溶性可能↑；被动渗透性可能↓,仅为结构/类别推断；不代表已证实提高环肽渗透性或口服暴露,https://www.rcsb.org/ligand/A1IU4
A1IUO,"(2~{S})-2-[2-azanyl-4-(2,3-dihydro-1~{H}-inden-2-yl)phenoxy]propanoic acid",,l-peptide linking,芳香／疏水侧链,芳香／疏水侧链；极性／带电侧链,C18 H19 N O3,297.348,,C[C@@H](C(=O)O)Oc1ccc(cc1N)C2Cc3ccccc3C2,疏水表面积可能↑；膜分配可能↑；水溶性可能↓；水溶性可能↑；被动渗透性可能↓,仅为结构/类别推断；不代表已证实提高环肽渗透性或口服暴露,https://www.rcsb.org/ligand/A1IUO
A1JAK,2-[3-[[2-oxidanylidene-3-(piperidin-4-ylmethylsulfanyl)propyl]sulfanylmethyl]phenyl]ethanoic acid,,l-peptide linking,芳香／疏水侧链,芳香／疏水侧链；极性／带电侧链,C18 H25 N O3 S2,367.526,,c1cc(cc(c1)CSCC(=O)CSCC2CCNCC2)CC(=O)O,疏水表面积可能↑；膜分配可能↑；水溶性可能↓；水溶性可能↑；被动渗透性可能↓,仅为结构/类别推断；不代表已证实提高环肽渗透性或口服暴露,https://www.rcsb.org/ligand/A1JAK
A1JAL,(2S)-4-cyclohexylcarbonylpiperazine-2-carboxylic acid,,l-peptide linking,构象限制,构象限制；极性／带电侧链,C12 H20 N2 O3,240.299,,C1CCC(CC1)C(=O)N2CCN[C@@H](C2)C(=O)O,构象刚性可能↑；蛋白酶稳定性可能↑；渗透性取决于极性遮蔽；水溶性可能↑；被动渗透性可能↓,仅为结构/类别推断；不代表已证实提高环肽渗透性或口服暴露,https://www.rcsb.org/ligand/A1JAL
A1JCN,(2~{S})-2-azanyl-3-[3-methyl-1-[(1~{S})-2-methylidene-3-oxidanylidene-cyclohexyl]imidazol-4-yl]propanoic acid,,l-peptide linking,构象限制,构象限制；芳香／疏水侧链；极性／带电侧链,C14 H20 N3 O3,278.327,HIS,Cn1c[n+](cc1C[C@@H](C(=O)O)N)[C@H]2CCCC(=O)C2=C,构象刚性可能↑；蛋白酶稳定性可能↑；渗透性取决于极性遮蔽；疏水表面积可能↑；膜分配可能↑,仅为结构/类别推断；不代表已证实提高环肽渗透性或口服暴露,https://www.rcsb.org/ligand/A1JCN
A1JND,"2-[4-(1H-1,2,3-triazol-4-yl)butylamino]ethanoic acid",,l-peptide linking,芳香／疏水侧链,芳香／疏水侧链；极性／带电侧链,C8 H14 N4 O2,198.222,,c1c(nn[nH]1)CCCCNCC(=O)O,疏水表面积可能↑；膜分配可能↑；水溶性可能↓；水溶性可能↑；被动渗透性可能↓,仅为结构/类别推断；不代表已证实提高环肽渗透性或口服暴露,https://www.rcsb.org/ligand/A1JND
A1JNL,"(2~{S})-2-[3-(1~{H}-1,2,3-triazol-4-yl)propylamino]butanoic acid",,l-peptide linking,芳香／疏水侧链,芳香／疏水侧链；极性／带电侧链,C9 H16 N4 O2,212.249,ALA,CC[C@@H](C(=O)O)NCCCc1c[nH]nn1,疏水表面积可能↑；膜分配可能↑；水溶性可能↓；水溶性可能↑；被动渗透性可能↓,仅为结构/类别推断；不代表已证实提高环肽渗透性或口服暴露,https://www.rcsb.org/ligand/A1JNL
A1JNX,"2-[2-(1~{H}-1,2,3-triazol-4-yl)ethylamino]ethanoic acid",,l-peptide linking,芳香／疏水侧链,芳香／疏水侧链；极性／带电侧链,C6 H10 N4 O2,170.169,,c1c(nn[nH]1)CCNCC(=O)O,疏水表面积可能↑；膜分配可能↑；水溶性可能↓；水溶性可能↑；被动渗透性可能↓,仅为结构/类别推断；不代表已证实提高环肽渗透性或口服暴露,https://www.rcsb.org/ligand/A1JNX
A1JPL,(3R)-4-amino-3-thiobutyric acid,(3~{R})-4-azanyl-3-sulfanyl-butanoic acid,l-peptide linking,其他CCD肽链核心,,C4 H9 N O2 S,135.185,,C([C@H](CN)S)C(=O)O,尚无可靠的定向性质判断；需在具体环肽骨架中验证,仅为结构/类别推断；不代表已证实提高环肽渗透性或口服暴露,https://www.rcsb.org/ligand/A1JPL
A1JPT,(3S)-4-amino-3-thiobutyric acid,(3~{S})-4-azanyl-3-sulfanyl-butanoic acid,l-peptide linking,其他CCD肽链核心,,C4 H9 N O2 S,135.185,,C([C@@H](CN)S)C(=O)O,尚无可靠的定向性质判断；需在具体环肽骨架中验证,仅为结构/类别推断；不代表已证实提高环肽渗透性或口服暴露,https://www.rcsb.org/ligand/A1JPT
A1JWF,2-Tellurophenealanine,(2S)-2-azanyl-3-tellurophen-2-yl-propanoic acid,l-peptide linking,其他CCD肽链核心,,C7 H9 N O2 Te,266.752,,C1=C[Te]C(=C1)C[C@@H](C(=O)O)N,尚无可靠的定向性质判断；需在具体环肽骨架中验证,仅为结构/类别推断；不代表已证实提高环肽渗透性或口服暴露,https://www.rcsb.org/ligand/A1JWF
A1L2U,1-(6-azanylhexanoyl)pyrrolidine-2-carboxylic acid,,l-peptide linking,极性／带电侧链,极性／带电侧链,C11 H20 N2 O3,228.288,PRO,C1CC(N(C1)C(=O)CCCCCN)C(=O)O,水溶性可能↑；被动渗透性可能↓；可提供结合或偶联位点,仅为结构/类别推断；不代表已证实提高环肽渗透性或口服暴露,https://www.rcsb.org/ligand/A1L2U
A1L3I,(2~{S})-3-methyl-2-(methylamino)-3-oxidanyl-butanoic acid,"5-METHYL-4-METHYLAMINO-TETRAHYDRO-PYRAN-2,3,5-TRIOL; 3-deoxy-4-C-methyl-3-(methylamino)-beta-L-arabinose; 3-deoxy-4-C-methyl-3-(methylamino)-L-arabinose; 3-deoxy-4-C-methyl-3-(methylamino)-arabinose",l-peptide linking,极性／带电侧链,极性／带电侧链,C6 H13 N O3,147.172,,CC(C)([C@@H](C(=O)O)NC)O,水溶性可能↑；被动渗透性可能↓；可提供结合或偶联位点,仅为结构/类别推断；不代表已证实提高环肽渗透性或口服暴露,https://www.rcsb.org/ligand/A1L3I
A1L4B,(2S)-2-azanyl-5-nitroso-5-oxidanylidene-pentanoic acid,,l-peptide linking,极性／带电侧链,极性／带电侧链,C5 H8 N2 O4,160.128,GLN,C(CC(=O)N=O)[C@@H](C(=O)O)N,水溶性可能↑；被动渗透性可能↓；可提供结合或偶联位点,仅为结构/类别推断；不代表已证实提高环肽渗透性或口服暴露,https://www.rcsb.org/ligand/A1L4B
A1L4D,(2~{S})-2-benzamido-3-phenyl-propanoic acid,,l-peptide linking,芳香／疏水侧链,芳香／疏水侧链；极性／带电侧链,C16 H15 N O3,269.295,PHE,c1ccc(cc1)C[C@@H](C(=O)O)NC(=O)c2ccccc2,疏水表面积可能↑；膜分配可能↑；水溶性可能↓；水溶性可能↑；被动渗透性可能↓,仅为结构/类别推断；不代表已证实提高环肽渗透性或口服暴露,https://www.rcsb.org/ligand/A1L4D
A1L7E,(2~{S})-2-azanyl-3-(7-iodanyl-1~{H}-indol-3-yl)propanoic acid,,l-peptide linking,芳香／疏水侧链,芳香／疏水侧链；极性／带电侧链,C11 H11 I N2 O2,330.122,TRP,c1cc2c(c[nH]c2c(c1)I)C[C@@H](C(=O)O)N,疏水表面积可能↑；膜分配可能↑；水溶性可能↓；水溶性可能↑；被动渗透性可能↓,仅为结构/类别推断；不代表已证实提高环肽渗透性或口服暴露,https://www.rcsb.org/ligand/A1L7E
A1L7K,(2~{S})-2-azanyl-3-[(3~{S})-2-oxidanylidenepiperidin-3-yl]propanoic acid, (S)-2-amino-3-((S)-2-oxopiperidin-3-yl)propanoic acid,l-peptide linking,极性／带电侧链,极性／带电侧链,C8 H14 N2 O3,186.208,,C1C[C@H](C(=O)NC1)C[C@@H](C(=O)O)N,水溶性可能↑；被动渗透性可能↓；可提供结合或偶联位点,仅为结构/类别推断；不代表已证实提高环肽渗透性或口服暴露,https://www.rcsb.org/ligand/A1L7K
A1L7L,(2~{S})-3-cyclobutyl-2-(methylamino)propanoic acid, N-methyl-L-cyclobutylalanine,l-peptide linking,N-取代,N-取代；构象限制,C8 H15 N O2,157.21,,CN[C@@H](CC1CCC1)C(=O)O,主链氢键供体可能↓；暴露极性可能↓；被动渗透性可能↑；构象刚性可能↑；蛋白酶稳定性可能↑,仅为结构/类别推断；不代表已证实提高环肽渗透性或口服暴露,https://www.rcsb.org/ligand/A1L7L
A1L7N,N-Methyl-L-norvaline,(2~{S})-2-(methylamino)pentanoic acid,l-peptide linking,N-取代,N-取代,C6 H13 N O2,131.173,,CCC[C@@H](C(=O)O)NC,主链氢键供体可能↓；暴露极性可能↓；被动渗透性可能↑,仅为结构/类别推断；不代表已证实提高环肽渗透性或口服暴露,https://www.rcsb.org/ligand/A1L7N
A1L97,"(2~{S})-2-azanyl-3-[4-(4-pyridin-2-yl-1,2,3-triazol-1-yl)phenyl]propanoic acid",,l-peptide linking,芳香／疏水侧链,芳香／疏水侧链；极性／带电侧链,C16 H15 N5 O2,309.323,,c1ccnc(c1)c2cn(nn2)c3ccc(cc3)C[C@@H](C(=O)O)N,疏水表面积可能↑；膜分配可能↑；水溶性可能↓；水溶性可能↑；被动渗透性可能↓,仅为结构/类别推断；不代表已证实提高环肽渗透性或口服暴露,https://www.rcsb.org/ligand/A1L97
A1L9X,4-azanylpiperidine-4-carboxylic acid,4-Aminopiperidine-4-carboxylic acid,l-peptide linking,构象限制,构象限制；极性／带电侧链,C6 H12 N2 O2,144.172,,C1CNCCC1(C(=O)O)N,构象刚性可能↑；蛋白酶稳定性可能↑；渗透性取决于极性遮蔽；水溶性可能↑；被动渗透性可能↓,仅为结构/类别推断；不代表已证实提高环肽渗透性或口服暴露,https://www.rcsb.org/ligand/A1L9X
A1LTQ,ADP-RIBOXANATED ARGININE,"5-[5-[[[[5-(6-aminopurin-9-yl)-3,4-bis(oxidanyl)oxolan-2-yl]methoxy-oxidanyl-phosphoryl]oxy-oxidanyl-phosphoryl]oxymethyl]-2-azanylidene-6-oxidanyl-3~{a},5,6,6~{a}-tetrahydrofuro[2,3-d][1,3]oxazol-3-yl]-2-azanyl-pentanoic acid",l-peptide linking,极性／带电侧链,极性／带电侧链,C21 H32 N8 O15 P2,698.471,ARG,[H]/N=C/1\N(C2C(O1)C(C(O2)COP(=O)(O)OP(=O)(O)OCC3C(C(C(O3)n4cnc5c4ncnc5N)O)O)O)CCCC(C(=O)O)N,水溶性可能↑；被动渗透性可能↓；可提供结合或偶联位点,仅为结构/类别推断；不代表已证实提高环肽渗透性或口服暴露,https://www.rcsb.org/ligand/A1LTQ
A1LUD,S-METHYL-METHIONINE,(3-azanyl-4-oxidanyl-4-oxidanylidene-butyl)-dimethyl-sulfanium,l-peptide linking,极性／带电侧链,极性／带电侧链,C6 H14 N O2 S,164.246,MET,C[S+](C)CCC(C(=O)O)N,水溶性可能↑；被动渗透性可能↓；可提供结合或偶联位点,仅为结构/类别推断；不代表已证实提高环肽渗透性或口服暴露,https://www.rcsb.org/ligand/A1LUD
A1LUT,(3R)-3-HYDROXY-ASPARAGINE,"2,4-bis(azanyl)-3-oxidanyl-4-oxidanylidene-butanoic acid",l-peptide linking,极性／带电侧链,极性／带电侧链,C4 H8 N2 O4,148.117,ASN,C(C(C(=O)N)O)(C(=O)O)N,水溶性可能↑；被动渗透性可能↓；可提供结合或偶联位点,仅为结构/类别推断；不代表已证实提高环肽渗透性或口服暴露,https://www.rcsb.org/ligand/A1LUT
A1LUV,(5S)-5-HYDROXY-LYSINE,"[5-azanyl-2,6-bis(oxidanyl)-6-oxidanylidene-hexyl]azanium",l-peptide linking,极性／带电侧链,极性／带电侧链,C6 H15 N2 O3,163.195,LYS,C(CC(C(=O)O)N)C(C[NH3+])O,水溶性可能↑；被动渗透性可能↓；可提供结合或偶联位点,仅为结构/类别推断；不代表已证实提高环肽渗透性或口服暴露,https://www.rcsb.org/ligand/A1LUV
A1LWV,(2~{S})-2-azanyl-6-(5-oxidanylidenepentanoylamino)hexanoic acid,,l-peptide linking,极性／带电侧链,极性／带电侧链,C11 H20 N2 O4,244.287,LYS,C(CCNC(=O)CCCC=O)C[C@@H](C(=O)O)N,水溶性可能↑；被动渗透性可能↓；可提供结合或偶联位点,仅为结构/类别推断；不代表已证实提高环肽渗透性或口服暴露,https://www.rcsb.org/ligand/A1LWV
A1MB8,(2~{R})-2-[[2-methyl-3-oxidanyl-5-(phosphonooxymethyl)pyridin-4-yl]methylamino]-3-phenyl-propanoic acid,,d-peptide linking,D-构型,D-构型；芳香／疏水侧链；极性／带电侧链,C17 H21 N2 O7 P,396.332,DPN,Cc1c(c(c(cn1)COP(=O)(O)O)CN[C@H](Cc2ccccc2)C(=O)O)O,蛋白酶稳定性可能↑；局部构象可能改变；渗透性取决于骨架；疏水表面积可能↑；膜分配可能↑,仅为结构/类别推断；不代表已证实提高环肽渗透性或口服暴露,https://www.rcsb.org/ligand/A1MB8
A1MCG,(2~{S})-2-azanyl-3-[4-(pyrimidin-2-ylamino)phenyl]propanoic acid,,l-peptide linking,芳香／疏水侧链,芳香／疏水侧链；极性／带电侧链,C13 H14 N4 O2,258.276,PHE,c1cnc(nc1)Nc2ccc(cc2)C[C@@H](C(=O)O)N,疏水表面积可能↑；膜分配可能↑；水溶性可能↓；水溶性可能↑；被动渗透性可能↓,仅为结构/类别推断；不代表已证实提高环肽渗透性或口服暴露,https://www.rcsb.org/ligand/A1MCG
A1MDN,"(~{Z},2~{S})-2-azanyl-2-methyl-oct-6-enoic acid",,l-peptide linking,其他CCD肽链核心,,C9 H17 N O2,171.237,,C/C=C\CCC[C@@](C)(C(=O)O)N,尚无可靠的定向性质判断；需在具体环肽骨架中验证,仅为结构/类别推断；不代表已证实提高环肽渗透性或口服暴露,https://www.rcsb.org/ligand/A1MDN
A1MF6,(2~{S})-2-(aminomethyl)-4-methyl-pentanoic acid,,l-peptide linking,其他CCD肽链核心,,C7 H15 N O2,145.199,LEU,CC(C)C[C@@H](CN)C(=O)O,尚无可靠的定向性质判断；需在具体环肽骨架中验证,仅为结构/类别推断；不代表已证实提高环肽渗透性或口服暴露,https://www.rcsb.org/ligand/A1MF6
A1MFG,(2~{S})-2-azanyl-4-[3-fluoranyl-4-(trifluoromethyl)phenyl]butanoic acid,,l-peptide linking,卤代／电子调节,卤代／电子调节；芳香／疏水侧链,C11 H11 F4 N O2,265.204,,c1cc(c(cc1CC[C@@H](C(=O)O)N)F)C(F)(F)F,疏水性可能↑；代谢稳定性可能↑；水溶性可能↓；疏水表面积可能↑；膜分配可能↑,仅为结构/类别推断；不代表已证实提高环肽渗透性或口服暴露,https://www.rcsb.org/ligand/A1MFG
A1MFI,(3~{R})-3-azanylbutanoic acid,(3R)-3-aminobutanoic acid,peptide linking,其他CCD肽链核心,,C4 H9 N O2,103.12,,C[C@H](CC(=O)O)N,尚无可靠的定向性质判断；需在具体环肽骨架中验证,仅为结构/类别推断；不代表已证实提高环肽渗透性或口服暴露,https://www.rcsb.org/ligand/A1MFI
A30,O-ethyl-L-tyrosine,,l-peptide linking,芳香／疏水侧链,芳香／疏水侧链；极性／带电侧链,C11 H15 N O3,209.242,TYR,CCOc1ccc(cc1)C[C@@H](C(=O)O)N,疏水表面积可能↑；膜分配可能↑；水溶性可能↓；水溶性可能↑；被动渗透性可能↓,仅为结构/类别推断；不代表已证实提高环肽渗透性或口服暴露,https://www.rcsb.org/ligand/A30
A3U,4-acetamido-L-phenylalanine,,l-peptide linking,芳香／疏水侧链,芳香／疏水侧链；极性／带电侧链,C11 H14 N2 O3,222.24,PHE,CC(=O)Nc1ccc(cc1)C[C@@H](C(=O)O)N,疏水表面积可能↑；膜分配可能↑；水溶性可能↓；水溶性可能↑；被动渗透性可能↓,仅为结构/类别推断；不代表已证实提高环肽渗透性或口服暴露,https://www.rcsb.org/ligand/A3U
A5N,O-carboxy-4-imino-L-homoserine,,l-peptide linking,极性／带电侧链,极性／带电侧链,C5 H8 N2 O5,176.127,ASN,[H]/N=C(\C[C@@H](C(=O)O)N)/OC(=O)O,水溶性可能↑；被动渗透性可能↓；可提供结合或偶联位点,仅为结构/类别推断；不代表已证实提高环肽渗透性或口服暴露,https://www.rcsb.org/ligand/A5N
A66,"N-(3,7-Diaminopurin-6-ylacetyl)-L-lysine",2-AMINOETHYLLYSINE-CARBONYLMETHYLENE-ADENINE,l-peptide linking,芳香／疏水侧链,芳香／疏水侧链；极性／带电侧链,C15 H24 N8 O3,364.403,LYS,c1nc(c2c(n1)n(cn2)CC(=O)N(CCN)[C@H](CCCCN)C(=O)O)N,疏水表面积可能↑；膜分配可能↑；水溶性可能↓；水溶性可能↑；被动渗透性可能↓,仅为结构/类别推断；不代表已证实提高环肽渗透性或口服暴露,https://www.rcsb.org/ligand/A66
A8E,(2S)-2-amino-4-bromopent-4-enoic acid,,l-peptide linking,卤代／电子调节,卤代／电子调节,C5 H8 Br N O2,194.027,VAL,C=C(C[C@@H](C(=O)O)N)Br,疏水性可能↑；代谢稳定性可能↑；水溶性可能↓,仅为结构/类别推断；不代表已证实提高环肽渗透性或口服暴露,https://www.rcsb.org/ligand/A8E
AA4,2-AMINO-5-HYDROXYPENTANOIC ACID,,l-peptide linking,极性／带电侧链,极性／带电侧链,C5 H11 N O3,133.146,ALA,C(C[C@@H](C(=O)O)N)CO,水溶性可能↑；被动渗透性可能↓；可提供结合或偶联位点,仅为结构/类别推断；不代表已证实提高环肽渗透性或口服暴露,https://www.rcsb.org/ligand/AA4
AA6,"3-[4,5-DIHYDROXY-2-2-(2-HYDROXYETHYLAMINO)-PHENYL]-2-METHYLAMINO-PROPIONIC ACID",,l-peptide linking,芳香／疏水侧链,芳香／疏水侧链；极性／带电侧链,C11 H16 N2 O5,256.255,,CN[C@@H](Cc1cc(c(cc1NCO)O)O)C(=O)O,疏水表面积可能↑；膜分配可能↑；水溶性可能↓；水溶性可能↑；被动渗透性可能↓,仅为结构/类别推断；不代表已证实提高环肽渗透性或口服暴露,https://www.rcsb.org/ligand/AA6
AAR,ARGININEAMIDE,,l-peptide linking,极性／带电侧链,极性／带电侧链,C6 H16 N5 O,174.224,ARG,C(C[C@@H](C(=O)N)N)CNC(=[NH2+])N,水溶性可能↑；被动渗透性可能↓；可提供结合或偶联位点,仅为结构/类别推断；不代表已证实提高环肽渗透性或口服暴露,https://www.rcsb.org/ligand/AAR
ABA,ALPHA-AMINOBUTYRIC ACID,,l-peptide linking,其他CCD肽链核心,,C4 H9 N O2,103.12,ALA,CC[C@@H](C(=O)O)N,尚无可靠的定向性质判断；需在具体环肽骨架中验证,仅为结构/类别推断；不代表已证实提高环肽渗透性或口服暴露,https://www.rcsb.org/ligand/ABA
AC5,1-AMINOCYCLOPENTANECARBOXYLIC ACID,CYCLO-LEUCINE,peptide linking,α位取代,α位取代；构象限制,C6 H11 N O2,129.157,,C1CCC(C1)(C(=O)O)N,构象刚性可能↑；蛋白酶稳定性可能↑；渗透性受整体折叠影响；渗透性取决于极性遮蔽,仅为结构/类别推断；不代表已证实提高环肽渗透性或口服暴露,https://www.rcsb.org/ligand/AC5
ACA,6-AMINOHEXANOIC ACID,AMINOCAPROIC ACID,peptide linking,其他CCD肽链核心,,C6 H13 N O2,131.173,,C(CCC(=O)O)CCN,尚无可靠的定向性质判断；需在具体环肽骨架中验证,仅为结构/类别推断；不代表已证实提高环肽渗透性或口服暴露,https://www.rcsb.org/ligand/ACA
ACB,3-METHYL-BETA-D-ASPARTIC ACID,(3S)-3-methyl-D-aspartic acid; D-METHYL ASPARTIC ACID,"d-beta-peptide, c-gamma linking",D-构型,D-构型；延长骨架；极性／带电侧链,C5 H9 N O4,147.129,,C[C@@H]([C@H](C(=O)O)N)C(=O)O,蛋白酶稳定性可能↑；局部构象可能改变；渗透性取决于骨架；骨架间距改变；构象分布可能改变,仅为结构/类别推断；不代表已证实提高环肽渗透性或口服暴露,https://www.rcsb.org/ligand/ACB
ADD,"2,6,8-TRIMETHYL-3-AMINO-9-BENZYL-9-METHOXYNONANOIC ACID",,l-peptide linking,芳香／疏水侧链,芳香／疏水侧链；极性／带电侧链,C20 H33 N O3,335.481,,CC(CC[C@@H]([C@H](C)C(=O)O)N)C[C@H](C)[C@H](Cc1ccccc1)OC,疏水表面积可能↑；膜分配可能↑；水溶性可能↓；水溶性可能↑；被动渗透性可能↓,仅为结构/类别推断；不代表已证实提高环肽渗透性或口服暴露,https://www.rcsb.org/ligand/ADD
AE5,N-[(2S)-2-amino-2-carboxyethyl]-L-glutamic acid,,l-peptide linking,极性／带电侧链,极性／带电侧链,C8 H14 N2 O6,234.207,,C(CC(=O)O)[C@@H](C(=O)O)NC[C@@H](C(=O)O)N,水溶性可能↑；被动渗透性可能↓；可提供结合或偶联位点,仅为结构/类别推断；不代表已证实提高环肽渗透性或口服暴露,https://www.rcsb.org/ligand/AE5
AEA,(2-AMINO-2-CARBAMOYL-ETHYLSULFANYL)-ACETIC ACID,,l-peptide linking,极性／带电侧链,极性／带电侧链,C5 H10 N2 O3 S,178.209,CYS,C([C@H](C(=O)N)N)SCC(=O)O,水溶性可能↑；被动渗透性可能↓；可提供结合或偶联位点,仅为结构/类别推断；不代表已证实提高环肽渗透性或口服暴露,https://www.rcsb.org/ligand/AEA
AEI,THREONINE-ASPARTIC ESTER,,l-peptide linking,极性／带电侧链,极性／带电侧链,C8 H14 N2 O6,234.207,THR,C[C@H]([C@@H](C(=O)O)N)OC(=O)C[C@@H](C(=O)O)N,水溶性可能↑；被动渗透性可能↓；可提供结合或偶联位点,仅为结构/类别推断；不代表已证实提高环肽渗透性或口服暴露,https://www.rcsb.org/ligand/AEI
AFA,"N-[7-METHYL-OCT-2,4-DIENOYL]ASPARAGINE",,l-peptide linking,极性／带电侧链,极性／带电侧链,C13 H20 N2 O4,268.309,ASN,CC(C)C\C=C\C=C/C(=O)N[C@@H](CC(=O)N)C(=O)O,水溶性可能↑；被动渗透性可能↓；可提供结合或偶联位点,仅为结构/类别推断；不代表已证实提高环肽渗透性或口服暴露,https://www.rcsb.org/ligand/AFA
AGD,"3-(2-amino-6-oxo-1,6-dihydro-9H-purin-9-yl)-D-alanine",,d-peptide linking,D-构型,D-构型；芳香／疏水侧链；极性／带电侧链,C8 H10 N6 O3,238.203,,c1nc2c(n1C[C@H](C(=O)O)N)N=C(NC2=O)N,蛋白酶稳定性可能↑；局部构象可能改变；渗透性取决于骨架；疏水表面积可能↑；膜分配可能↑,仅为结构/类别推断；不代表已证实提高环肽渗透性或口服暴露,https://www.rcsb.org/ligand/AGD
AGM,5-METHYL-ARGININE,,l-peptide linking,极性／带电侧链,极性／带电侧链,C7 H17 N4 O2,189.235,ARG,C[C@@H](CC[C@@H](C(=O)O)N)NC(=[NH2+])N,水溶性可能↑；被动渗透性可能↓；可提供结合或偶联位点,仅为结构/类别推断；不代表已证实提高环肽渗透性或口服暴露,https://www.rcsb.org/ligand/AGM
AGQ,"3-[(3E)-3-(carbamimidoylhydrazono)-4-hydroxy-6-oxocyclohexa-1,4-dien-1-yl]-L-alanine",,l-peptide linking,构象限制,构象限制；极性／带电侧链,C10 H13 N5 O4,267.241,TYR,[H]/N=C(\N)/N/N=C/1\C=C(C(=O)C=C1O)C[C@@H](C(=O)O)N,构象刚性可能↑；蛋白酶稳定性可能↑；渗透性取决于极性遮蔽；水溶性可能↑；被动渗透性可能↓,仅为结构/类别推断；不代表已证实提高环肽渗透性或口服暴露,https://www.rcsb.org/ligand/AGQ
AGT,S-{(S)-AMINO[(4-AMINOBUTYL)AMINO]METHYL}-L-CYSTEINE,,l-peptide linking,极性／带电侧链,极性／带电侧链,C8 H20 N4 O2 S,236.335,CYS,C(CCN[C@H](N)SC[C@@H](C(=O)O)N)CN,水溶性可能↑；被动渗透性可能↓；可提供结合或偶联位点,仅为结构/类别推断；不代表已证实提高环肽渗透性或口服暴露,https://www.rcsb.org/ligand/AGT
AHB,BETA-HYDROXYASPARAGINE,,l-peptide linking,极性／带电侧链,极性／带电侧链,C4 H8 N2 O4,148.117,ASN,[C@H]([C@@H](C(=O)N)O)(C(=O)O)N,水溶性可能↑；被动渗透性可能↓；可提供结合或偶联位点,仅为结构/类别推断；不代表已证实提高环肽渗透性或口服暴露,https://www.rcsb.org/ligand/AHB
AHH,AMINO-HYDROXYHEPTANOIC ACID,,l-peptide linking,极性／带电侧链,极性／带电侧链,C7 H15 N O3,161.199,,CCCC[C@H]([C@@H](C(=O)O)O)N,水溶性可能↑；被动渗透性可能↓；可提供结合或偶联位点,仅为结构/类别推断；不代表已证实提高环肽渗透性或口服暴露,https://www.rcsb.org/ligand/AHH
AHO,N-ACETYL-N-HYDROXY-L-ORNITHINE,5-(ACETYL-HYDROXY-AMINO)-2-AMINO-PENTANOIC ACID,l-peptide linking,极性／带电侧链,极性／带电侧链,C7 H14 N2 O4,190.197,ALA,CC(=O)N(CCC[C@@H](C(=O)O)N)O,水溶性可能↑；被动渗透性可能↓；可提供结合或偶联位点,仅为结构/类别推断；不代表已证实提高环肽渗透性或口服暴露,https://www.rcsb.org/ligand/AHO
AHP,2-AMINO-HEPTANOIC ACID,,l-peptide linking,其他CCD肽链核心,,C7 H15 N O2,145.199,ALA,CCCCC[C@@H](C(=O)O)N,尚无可靠的定向性质判断；需在具体环肽骨架中验证,仅为结构/类别推断；不代表已证实提高环肽渗透性或口服暴露,https://www.rcsb.org/ligand/AHP
AIB,ALPHA-AMINOISOBUTYRIC ACID,,l-peptide linking,α位取代,α位取代,C4 H9 N O2,103.12,ALA,CC(C)(C(=O)O)N,构象刚性可能↑；蛋白酶稳定性可能↑；渗透性受整体折叠影响,仅为结构/类别推断；不代表已证实提高环肽渗透性或口服暴露,https://www.rcsb.org/ligand/AIB
AJE,"(3S,4R)-4-amino-1-(3-carboxypropanoyl)pyrrolidine-3-carboxylic acid",,l-peptide linking,极性／带电侧链,极性／带电侧链,C9 H14 N2 O5,230.218,,C1[C@@H]([C@H](CN1C(=O)CCC(=O)O)N)C(=O)O,水溶性可能↑；被动渗透性可能↓；可提供结合或偶联位点,仅为结构/类别推断；不代表已证实提高环肽渗透性或口服暴露,https://www.rcsb.org/ligand/AJE
ALC,2-AMINO-3-CYCLOHEXYL-PROPIONIC ACID,,l-peptide linking,构象限制,构象限制,C9 H17 N O2,171.237,ALA,C1CCC(CC1)C[C@@H](C(=O)O)N,构象刚性可能↑；蛋白酶稳定性可能↑；渗透性取决于极性遮蔽,仅为结构/类别推断；不代表已证实提高环肽渗透性或口服暴露,https://www.rcsb.org/ligand/ALC
ALN,NAPHTHALEN-2-YL-3-ALANINE,,l-peptide linking,芳香／疏水侧链,芳香／疏水侧链,C13 H13 N O2,215.248,ALA,c1ccc2c(c1)cccc2C[C@@H](C(=O)O)N,疏水表面积可能↑；膜分配可能↑；水溶性可能↓,仅为结构/类别推断；不代表已证实提高环肽渗透性或口服暴露,https://www.rcsb.org/ligand/ALN
ALO,ALLO-THREONINE,,l-peptide linking,极性／带电侧链,极性／带电侧链,C4 H9 N O3,119.119,THR,C[C@@H]([C@@H](C(=O)O)N)O,水溶性可能↑；被动渗透性可能↓；可提供结合或偶联位点,仅为结构/类别推断；不代表已证实提高环肽渗透性或口服暴露,https://www.rcsb.org/ligand/ALO
ALS,(3S)-3-(sulfooxy)-L-serine,,l-peptide linking,极性／带电侧链,极性／带电侧链,C3 H7 N O7 S,201.155,ALA,[C@H]([C@@H](O)OS(=O)(=O)O)(C(=O)O)N,水溶性可能↑；被动渗透性可能↓；可提供结合或偶联位点,仅为结构/类别推断；不代表已证实提高环肽渗透性或口服暴露,https://www.rcsb.org/ligand/ALS
ALT,THIOALANINE,,l-peptide linking,其他CCD肽链核心,,C3 H7 N O S,105.159,ALA,C[C@@H](C(=S)O)N,尚无可靠的定向性质判断；需在具体环肽骨架中验证,仅为结构/类别推断；不代表已证实提高环肽渗透性或口服暴露,https://www.rcsb.org/ligand/ALT
ALY,N(6)-ACETYLLYSINE,,l-peptide linking,极性／带电侧链,极性／带电侧链,C8 H16 N2 O3,188.224,LYS,CC(=O)NCCCC[C@@H](C(=O)O)N,水溶性可能↑；被动渗透性可能↓；可提供结合或偶联位点,仅为结构/类别推断；不代表已证实提高环肽渗透性或口服暴露,https://www.rcsb.org/ligand/ALY
AN6,5'-{[(3S)-3-amino-3-carboxypropyl](ethyl)amino}-5'-deoxyadenosine,,l-peptide linking,极性／带电侧链,极性／带电侧链,C16 H25 N7 O5,395.414,LEU,CC[N@@](CC[C@@H](C(=O)O)N)C[C@@H]1[C@H]([C@H]([C@@H](O1)n2cnc3c2ncnc3N)O)O,水溶性可能↑；被动渗透性可能↓；可提供结合或偶联位点,仅为结构/类别推断；不代表已证实提高环肽渗透性或口服暴露,https://www.rcsb.org/ligand/AN6
AN8,(2S)-2-aminononanoic acid,,l-peptide linking,其他CCD肽链核心,,C9 H19 N O2,173.253,ALA,CCCCCCC[C@@H](C(=O)O)N,尚无可靠的定向性质判断；需在具体环肽骨架中验证,仅为结构/类别推断；不代表已证实提高环肽渗透性或口服暴露,https://www.rcsb.org/ligand/AN8
APH,P-AMIDINOPHENYL-3-ALANINE,D-BETA(4-AMIDINOPHENYL)-ALANINE,d-peptide linking,D-构型,D-构型；芳香／疏水侧链；极性／带电侧链,C10 H13 N3 O2,207.229,,c1cc(ccc1C[C@H](C(=O)O)N)C(=N)N,蛋白酶稳定性可能↑；局部构象可能改变；渗透性取决于骨架；疏水表面积可能↑；膜分配可能↑,仅为结构/类别推断；不代表已证实提高环肽渗透性或口服暴露,https://www.rcsb.org/ligand/APH
API,"2,6-DIAMINOPIMELIC ACID",,l-peptide linking,极性／带电侧链,极性／带电侧链,C7 H14 N2 O4,190.197,LYS,C(C[C@H](C(=O)O)N)C[C@@H](C(=O)O)N,水溶性可能↑；被动渗透性可能↓；可提供结合或偶联位点,仅为结构/类别推断；不代表已证实提高环肽渗透性或口服暴露,https://www.rcsb.org/ligand/API
APK,5'-O-[(S)-{[(5S)-5-AMINO-6-OXOHEXYL]AMINO}(HYDROXY)PHOSPHORYL]ADENOSINE,,l-peptide linking,芳香／疏水侧链,芳香／疏水侧链；极性／带电侧链,C16 H26 N7 O7 P,459.394,LYS,c1nc(c2c(n1)n(cn2)[C@H]3[C@@H]([C@@H]([C@H](O3)CO[P@](=O)(NCCCC[C@@H](C=O)N)O)O)O)N,疏水表面积可能↑；膜分配可能↑；水溶性可能↓；水溶性可能↑；被动渗透性可能↓,仅为结构/类别推断；不代表已证实提高环肽渗透性或口服暴露,https://www.rcsb.org/ligand/APK
APM,M-AMIDINOPHENYL-3-ALANINE,,l-peptide linking,芳香／疏水侧链,芳香／疏水侧链；极性／带电侧链,C10 H13 N3 O2,207.229,,c1cc(cc(c1)C(=N)N)C[C@@H](C(=O)O)N,疏水表面积可能↑；膜分配可能↑；水溶性可能↓；水溶性可能↑；被动渗透性可能↓,仅为结构/类别推断；不代表已证实提高环肽渗透性或口服暴露,https://www.rcsb.org/ligand/APM
APO,D-2-AMINO-3-PHOSPHONO-PROPIONIC ACID,,d-peptide linking,D-构型,D-构型；极性／带电侧链,C3 H8 N O5 P,169.073,,C([C@H](C(=O)O)N)P(=O)(O)O,蛋白酶稳定性可能↑；局部构象可能改变；渗透性取决于骨架；水溶性可能↑；被动渗透性可能↓,仅为结构/类别推断；不代表已证实提高环肽渗透性或口服暴露,https://www.rcsb.org/ligand/APO
APP,1-ACETYL-2-CARBOXYPIPERIDINE,,l-peptide linking,构象限制,构象限制；极性／带电侧链,C8 H13 N O3,171.194,,CC(=O)N1CCCC[C@H]1C(=O)O,构象刚性可能↑；蛋白酶稳定性可能↑；渗透性取决于极性遮蔽；水溶性可能↑；被动渗透性可能↓,仅为结构/类别推断；不代表已证实提高环肽渗透性或口服暴露,https://www.rcsb.org/ligand/APP
AR2,ARGINYL-BENZOTHIAZOLE-6-CARBOXYLIC ACID,,l-peptide linking,芳香／疏水侧链,芳香／疏水侧链；极性／带电侧链,C14 H17 N5 O3 S,335.381,ARG,[H]/N=C(\N)/NCCC[C@@H](C(=O)c1nc2ccc(cc2s1)C(=O)O)N,疏水表面积可能↑；膜分配可能↑；水溶性可能↓；水溶性可能↑；被动渗透性可能↓,仅为结构/类别推断；不代表已证实提高环肽渗透性或口服暴露,https://www.rcsb.org/ligand/AR2
ARM,DEOXY-METHYL-ARGININE,,l-peptide linking,极性／带电侧链,极性／带电侧链,C7 H16 N4 O,172.228,ARG,CC(=O)[C@H](CCCNC(=N)N)N,水溶性可能↑；被动渗透性可能↓；可提供结合或偶联位点,仅为结构/类别推断；不代表已证实提高环肽渗透性或口服暴露,https://www.rcsb.org/ligand/ARM
ARO,C-GAMMA-HYDROXY ARGININE,,l-peptide linking,极性／带电侧链,极性／带电侧链,C6 H15 N4 O3,191.208,ARG,C([C@H](CNC(=[NH2+])N)O)[C@@H](C(=O)O)N,水溶性可能↑；被动渗透性可能↓；可提供结合或偶联位点,仅为结构/类别推断；不代表已证实提高环肽渗透性或口服暴露,https://www.rcsb.org/ligand/ARO
ARV,5-N-ALLYL-ARGININE,,l-peptide linking,极性／带电侧链,极性／带电侧链,C9 H19 N4 O2,215.273,,C=CC\[NH+]=C(\N)/NCCC[C@@H](C(=O)O)N,水溶性可能↑；被动渗透性可能↓；可提供结合或偶联位点,仅为结构/类别推断；不代表已证实提高环肽渗透性或口服暴露,https://www.rcsb.org/ligand/ARV
AS2,(2R)-2-AMINO-4-OXOBUTANOIC ACID,ASPARTATE SEMIALDEHYDE,d-peptide linking,D-构型,D-构型；极性／带电侧链,C4 H7 N O3,117.103,,C(C=O)[C@H](C(=O)O)N,蛋白酶稳定性可能↑；局部构象可能改变；渗透性取决于骨架；水溶性可能↑；被动渗透性可能↓,仅为结构/类别推断；不代表已证实提高环肽渗透性或口服暴露,https://www.rcsb.org/ligand/AS2
AS7,N4-(4-cyanobenzyl)-L-asparagine,,l-peptide linking,卤代／电子调节,卤代／电子调节；芳香／疏水侧链；极性／带电侧链,C12 H13 N3 O3,247.25,ASN,c1cc(ccc1CNC(=O)C[C@@H](C(=O)O)N)C#N,疏水性可能↑；代谢稳定性可能↑；水溶性可能↓；疏水表面积可能↑；膜分配可能↑,仅为结构/类别推断；不代表已证实提高环肽渗透性或口服暴露,https://www.rcsb.org/ligand/AS7
AS9,N-[HYDROXY(METHYL)PHOSPHORYL]-L-ASPARTIC ACID,N-PHOSPHONOMETHYL-L-ASPARTIC ACID; (2S)-2-(HYDROPEROXY(METHOXY)PHOSPHORYLAMINO)SUCCINIC ACID,l-peptide linking,极性／带电侧链,极性／带电侧链,C5 H10 N O6 P,211.11,,C[P@](=O)(N[C@@H](CC(=O)O)C(=O)O)O,水溶性可能↑；被动渗透性可能↓；可提供结合或偶联位点,仅为结构/类别推断；不代表已证实提高环肽渗透性或口服暴露,https://www.rcsb.org/ligand/AS9
ASA,ASPARTIC ALDEHYDE,,l-peptide linking,极性／带电侧链,极性／带电侧链,C4 H7 N O3,117.103,ASP,C([C@@H](C=O)N)C(=O)O,水溶性可能↑；被动渗透性可能↓；可提供结合或偶联位点,仅为结构/类别推断；不代表已证实提高环肽渗透性或口服暴露,https://www.rcsb.org/ligand/ASA
ASB,ASPARTIC ACID-4-CARBOXYMETHYL ESTER,,l-peptide linking,极性／带电侧链,极性／带电侧链,C6 H9 N O6,191.139,ASP,C([C@@H](C(=O)O)N)C(=O)OCC(=O)O,水溶性可能↑；被动渗透性可能↓；可提供结合或偶联位点,仅为结构/类别推断；不代表已证实提高环肽渗透性或口服暴露,https://www.rcsb.org/ligand/ASB
ASL,ASPARTIC ACID-4-CARBOXYETHYL ESTER,,l-peptide linking,极性／带电侧链,极性／带电侧链,C7 H11 N O6,205.165,ASP,CC(C(=O)O)OC(=O)CC(C(=O)O)N,水溶性可能↑；被动渗透性可能↓；可提供结合或偶联位点,仅为结构/类别推断；不代表已证实提高环肽渗透性或口服暴露,https://www.rcsb.org/ligand/ASL
ASM,2-AMINO-4-OXO-4(1H-PYRROL-1-YL)BUTANOIC ACID,,l-peptide linking,芳香／疏水侧链,芳香／疏水侧链；极性／带电侧链,C8 H10 N2 O3,182.177,,c1ccn(c1)C(=O)C[C@@H](C(=O)O)N,疏水表面积可能↑；膜分配可能↑；水溶性可能↓；水溶性可能↑；被动渗透性可能↓,仅为结构/类别推断；不代表已证实提高环肽渗透性或口服暴露,https://www.rcsb.org/ligand/ASM
AVN,"(2S)-AMINO[(5S)-3-CHLORO-4,5-DIHYDROISOXAZOL-5-YL]ACETIC ACID",ACIVICIN,l-peptide linking,卤代／电子调节,卤代／电子调节；极性／带电侧链,C5 H7 Cl N2 O3,178.574,,C1[C@H](ON=C1Cl)[C@@H](C(=O)O)N,疏水性可能↑；代谢稳定性可能↑；水溶性可能↓；水溶性可能↑；被动渗透性可能↓,仅为结构/类别推断；不代表已证实提高环肽渗透性或口服暴露,https://www.rcsb.org/ligand/AVN
AYA,N-ACETYLALANINE,,l-peptide linking,极性／带电侧链,极性／带电侧链,C5 H9 N O3,131.13,ALA,C[C@@H](C(=O)O)NC(=O)C,水溶性可能↑；被动渗透性可能↓；可提供结合或偶联位点,仅为结构/类别推断；不代表已证实提高环肽渗透性或口服暴露,https://www.rcsb.org/ligand/AYA
AZH,AZIDOHOMOALANINE,,l-peptide linking,极性／带电侧链,极性／带电侧链,C4 H9 N4 O2,145.14,ALA,C(CN=[N+]=N)[C@@H](C(=O)O)N,水溶性可能↑；被动渗透性可能↓；可提供结合或偶联位点,仅为结构/类别推断；不代表已证实提高环肽渗透性或口服暴露,https://www.rcsb.org/ligand/AZH
AZK,(S)-2-AMINO-6-AZIDOHEXANOIC ACID,EPSILON-AZIDO-LYSINE,l-peptide linking,极性／带电侧链,极性／带电侧链,C6 H14 N4 O,158.202,LYS,C(CCN=[N+]=[N-])C[C@@H](CO)N,水溶性可能↑；被动渗透性可能↓；可提供结合或偶联位点,仅为结构/类别推断；不代表已证实提高环肽渗透性或口服暴露,https://www.rcsb.org/ligand/AZK
AZS,O-DIAZOACETYL-L-SERINE,ASASERINE,l-peptide linking,极性／带电侧链,极性／带电侧链,C5 H7 N3 O4,173.127,SER,C([C@@H](C(=O)O)N)OC(=O)C=[N+]=[N-],水溶性可能↑；被动渗透性可能↓；可提供结合或偶联位点,仅为结构/类别推断；不代表已证实提高环肽渗透性或口服暴露,https://www.rcsb.org/ligand/AZS
AZY,3-AZIDO-L-TYROSINE,,l-peptide linking,芳香／疏水侧链,芳香／疏水侧链；极性／带电侧链,C9 H10 N4 O3,222.201,TYR,c1cc(c(cc1C[C@@H](C(=O)O)N)N=[N+]=[N-])O,疏水表面积可能↑；膜分配可能↑；水溶性可能↓；水溶性可能↑；被动渗透性可能↓,仅为结构/类别推断；不代表已证实提高环肽渗透性或口服暴露,https://www.rcsb.org/ligand/AZY
B2C,"{(4Z)-2-[(1R,2R)-1-amino-2-hydroxypropyl]-4-[(3-bromo-4-hydroxyphenyl)methylidene]-5-oxo-4,5-dihydro-1H-imidazol-1-yl}acetic acid",,l-peptide linking,卤代／电子调节,卤代／电子调节；芳香／疏水侧链；极性／带电侧链,C15 H16 Br N3 O5,398.209,Gly / Thr / Tyr,C[C@H]([C@@H](C1=N/C(=C\c2ccc(c(c2)Br)O)/C(=O)N1CC(=O)O)N)O,疏水性可能↑；代谢稳定性可能↑；水溶性可能↓；疏水表面积可能↑；膜分配可能↑,仅为结构/类别推断；不代表已证实提高环肽渗透性或口服暴露,https://www.rcsb.org/ligand/B2C
B2H,"Chromophore (Thr, Trp, Gly)",,l-peptide linking,芳香／疏水侧链,芳香／疏水侧链；极性／带电侧链,C17 H20 N4 O4,344.365,GLY / THR / TRP,C[C@H]([C@@H](c1nc(c(n1CC(=O)O)O)Cc2c[nH]c3c2cccc3)N)O,疏水表面积可能↑；膜分配可能↑；水溶性可能↓；水溶性可能↑；被动渗透性可能↓,仅为结构/类别推断；不代表已证实提高环肽渗透性或口服暴露,https://www.rcsb.org/ligand/B2H
B2N,(2S)-4-amino-2-(aminomethyl)-4-oxobutanoic acid,,l-peptide linking,极性／带电侧链,极性／带电侧链,C5 H10 N2 O3,146.145,,C([C@@H](CN)C(=O)O)C(=O)N,水溶性可能↑；被动渗透性可能↓；可提供结合或偶联位点,仅为结构/类别推断；不代表已证实提高环肽渗透性或口服暴露,https://www.rcsb.org/ligand/B2N
B3A,(3S)-3-AMINOBUTANOIC ACID,,l-peptide linking,其他CCD肽链核心,,C4 H9 N O2,103.12,ALA,C[C@@H](CC(=O)O)N,尚无可靠的定向性质判断；需在具体环肽骨架中验证,仅为结构/类别推断；不代表已证实提高环肽渗透性或口服暴露,https://www.rcsb.org/ligand/B3A
B3D,3-AMINOPENTANEDIOIC ACID,BETA-HOMOASPARTATE,l-peptide linking,极性／带电侧链,极性／带电侧链,C5 H9 N O4,147.129,ASP,C(C(CC(=O)O)N)C(=O)O,水溶性可能↑；被动渗透性可能↓；可提供结合或偶联位点,仅为结构/类别推断；不代表已证实提高环肽渗透性或口服暴露,https://www.rcsb.org/ligand/B3D
B3E,(3S)-3-AMINOHEXANEDIOIC ACID,,l-peptide linking,极性／带电侧链,极性／带电侧链,C6 H11 N O4,161.156,GLU,C(CC(=O)O)[C@@H](CC(=O)O)N,水溶性可能↑；被动渗透性可能↓；可提供结合或偶联位点,仅为结构/类别推断；不代表已证实提高环肽渗透性或口服暴露,https://www.rcsb.org/ligand/B3E
B3K,"(3S)-3,7-DIAMINOHEPTANOIC ACID",,l-peptide linking,极性／带电侧链,极性／带电侧链,C7 H16 N2 O2,160.214,LYS,C(CCN)C[C@@H](CC(=O)O)N,水溶性可能↑；被动渗透性可能↓；可提供结合或偶联位点,仅为结构/类别推断；不代表已证实提高环肽渗透性或口服暴露,https://www.rcsb.org/ligand/B3K
B3L,(3S)-3-amino-5-methylhexanoic acid,(S)-beta-3-homoleucine,l-peptide linking,其他CCD肽链核心,,C7 H15 N O2,145.2,,CC(C)C[C@@H](CC(=O)O)N,尚无可靠的定向性质判断；需在具体环肽骨架中验证,仅为结构/类别推断；不代表已证实提高环肽渗透性或口服暴露,https://www.rcsb.org/ligand/B3L
B3M,(3R)-3-amino-5-(methylsulfanyl)pentanoic acid,,l-peptide linking,其他CCD肽链核心,,C6 H13 N O2 S,163.238,,CSCC[C@@H](CC(=O)O)N,尚无可靠的定向性质判断；需在具体环肽骨架中验证,仅为结构/类别推断；不代表已证实提高环肽渗透性或口服暴露,https://www.rcsb.org/ligand/B3M
B3Q,"(3S)-3,6-diamino-6-oxohexanoic acid",(S)-beta-3-homoglutamine,l-peptide linking,极性／带电侧链,极性／带电侧链,C6 H12 N2 O3,160.171,,C(CC(=O)N)[C@@H](CC(=O)O)N,水溶性可能↑；被动渗透性可能↓；可提供结合或偶联位点,仅为结构/类别推断；不代表已证实提高环肽渗透性或口服暴露,https://www.rcsb.org/ligand/B3Q
B3S,(3R)-3-AMINO-4-HYDROXYBUTANOIC ACID,,d-peptide linking,D-构型,D-构型；极性／带电侧链,C4 H9 N O3,119.119,,C([C@H](CO)N)C(=O)O,蛋白酶稳定性可能↑；局部构象可能改变；渗透性取决于骨架；水溶性可能↑；被动渗透性可能↓,仅为结构/类别推断；不代表已证实提高环肽渗透性或口服暴露,https://www.rcsb.org/ligand/B3S
B3T,"3-amino-2,3,5-trideoxy-D-threo-pentonic acid",,l-peptide linking,极性／带电侧链,极性／带电侧链,C5 H11 N O3,133.146,,C[C@H]([C@@H](CC(=O)O)N)O,水溶性可能↑；被动渗透性可能↓；可提供结合或偶联位点,仅为结构/类别推断；不代表已证实提高环肽渗透性或口服暴露,https://www.rcsb.org/ligand/B3T
B3U,2-amino-L-histidine,,l-peptide linking,芳香／疏水侧链,芳香／疏水侧链；极性／带电侧链,C6 H10 N4 O2,170.169,HIS,c1c([nH]c(n1)N)C[C@@H](C(=O)O)N,疏水表面积可能↑；膜分配可能↑；水溶性可能↓；水溶性可能↑；被动渗透性可能↓,仅为结构/类别推断；不代表已证实提高环肽渗透性或口服暴露,https://www.rcsb.org/ligand/B3U
B3X,"(3S)-3,5-DIAMINO-5-OXOPENTANOIC ACID",,l-peptide linking,极性／带电侧链,极性／带电侧链,C5 H10 N2 O3,146.144,ASN,C([C@@H](CC(=O)O)N)C(=O)N,水溶性可能↑；被动渗透性可能↓；可提供结合或偶联位点,仅为结构/类别推断；不代表已证实提高环肽渗透性或口服暴露,https://www.rcsb.org/ligand/B3X
B3Y,(3S)-3-AMINO-4-(4-HYDROXYPHENYL)BUTANOIC ACID,,l-peptide linking,芳香／疏水侧链,芳香／疏水侧链；极性／带电侧链,C10 H13 N O3,195.215,TYR,c1cc(ccc1C[C@@H](CC(=O)O)N)O,疏水表面积可能↑；膜分配可能↑；水溶性可能↓；水溶性可能↑；被动渗透性可能↓,仅为结构/类别推断；不代表已证实提高环肽渗透性或口服暴露,https://www.rcsb.org/ligand/B3Y
B5I,2-propyl-L-norvaline,,peptide linking,其他CCD肽链核心,,C8 H17 N O2,159.226,,CCCC(CCC)(C(=O)O)N,尚无可靠的定向性质判断；需在具体环肽骨架中验证,仅为结构/类别推断；不代表已证实提高环肽渗透性或口服暴露,https://www.rcsb.org/ligand/B5I
B8R,"(2S,10R)-2,10-diamino-11-(dimethylamino)-11-oxoundecanoic acid",,l-peptide linking,极性／带电侧链,极性／带电侧链,C13 H27 N3 O3,273.372,,CN(C)C(=O)[C@@H](CCCCCCC[C@@H](C(=O)O)N)N,水溶性可能↑；被动渗透性可能↓；可提供结合或偶联位点,仅为结构/类别推断；不代表已证实提高环肽渗透性或口服暴露,https://www.rcsb.org/ligand/B8R
BB6,(2Z)-2-amino-3-sulfanylbut-2-enoic acid,,peptide linking,其他CCD肽链核心,,C4 H7 N O2 S,133.169,CYS,C/C(=C(\C(=O)O)/N)/S,尚无可靠的定向性质判断；需在具体环肽骨架中验证,仅为结构/类别推断；不代表已证实提高环肽渗透性或口服暴露,https://www.rcsb.org/ligand/BB6
BB7,(2Z)-2-amino-4-methoxy-3-sulfanylbut-2-enoic acid,,peptide linking,极性／带电侧链,极性／带电侧链,C5 H9 N O3 S,163.195,CYS,COC/C(=C(\C(=O)O)/N)/S,水溶性可能↑；被动渗透性可能↓；可提供结合或偶联位点,仅为结构/类别推断；不代表已证实提高环肽渗透性或口服暴露,https://www.rcsb.org/ligand/BB7
BB8,"(2S,3S)-BETA-HYDROXY-PHENYLALANINE",BETA-HYDROXY-PHENYLALANINE; THREO-BETA-HYDROXY-L-PHENYLALANINE; (BETAS)-BETA-HYDROXY-L-PHENYLALANINE; L-THREO-3-PHENYLSERINE; L-THREO-BETA-PHENYLSERINE; 3-HYDROXY-L-PHENYLALANINE,l-peptide linking,芳香／疏水侧链,芳香／疏水侧链；极性／带电侧链,C9 H11 N O3,181.189,PHE,c1ccc(cc1)[C@@H]([C@@H](C(=O)O)N)O,疏水表面积可能↑；膜分配可能↑；水溶性可能↓；水溶性可能↑；被动渗透性可能↓,仅为结构/类别推断；不代表已证实提高环肽渗透性或口服暴露,https://www.rcsb.org/ligand/BB8
BB9,(2Z)-2-amino-3-sulfanylprop-2-enoic acid,,peptide linking,其他CCD肽链核心,,C3 H5 N O2 S,119.142,CYS,C(=C(\C(=O)O)/N)/S,尚无可靠的定向性质判断；需在具体环肽骨架中验证,仅为结构/类别推断；不代表已证实提高环肽渗透性或口服暴露,https://www.rcsb.org/ligand/BB9
BBC,3-[(4-AMINOBUTYL)SULFINYL]-2-IMINOPROPAN-1-OL,,l-peptide linking,极性／带电侧链,极性／带电侧链,C7 H16 N2 O2 S,192.279,CYS,[H]/N=C(\CO)/C[S@@](=O)CCCCN,水溶性可能↑；被动渗透性可能↓；可提供结合或偶联位点,仅为结构/类别推断；不代表已证实提高环肽渗透性或口服暴露,https://www.rcsb.org/ligand/BBC
BCS,BENZYLCYSTEINE,,l-peptide linking,芳香／疏水侧链,芳香／疏水侧链,C10 H13 N O2 S,211.281,CYS,c1ccc(cc1)CSC[C@@H](C(=O)O)N,疏水表面积可能↑；膜分配可能↑；水溶性可能↓,仅为结构/类别推断；不代表已证实提高环肽渗透性或口服暴露,https://www.rcsb.org/ligand/BCS
BCX,(3R)-3-amino-4-sulfanylbutanoic acid,,l-peptide linking,其他CCD肽链核心,,C4 H9 N O2 S,135.185,CYS,C([C@H](CS)N)C(=O)O,尚无可靠的定向性质判断；需在具体环肽骨架中验证,仅为结构/类别推断；不代表已证实提高环肽渗透性或口服暴露,https://www.rcsb.org/ligand/BCX
BE2,2-AMINOBENZOIC ACID,,l-peptide linking,芳香／疏水侧链,芳香／疏水侧链,C7 H7 N O2,137.136,,c1ccc(c(c1)C(=O)O)N,疏水表面积可能↑；膜分配可能↑；水溶性可能↓,仅为结构/类别推断；不代表已证实提高环肽渗透性或口服暴露,https://www.rcsb.org/ligand/BE2
BF6,"[(4Z)-2-(aminomethyl)-4-{[4-(benzenecarbonyl)phenyl]methylidene}-5-oxo-4,5-dihydro-1H-imidazol-1-yl]acetic acid",PEPTIDE DERIVED CHROMOPHORE,l-peptide linking,芳香／疏水侧链,芳香／疏水侧链；极性／带电侧链,C20 H17 N3 O4,363.367,GLY / TYR,c1ccc(cc1)C(=O)c2ccc(cc2)/C=C\3/C(=O)N(C(=N3)CN)CC(=O)O,疏水表面积可能↑；膜分配可能↑；水溶性可能↓；水溶性可能↑；被动渗透性可能↓,仅为结构/类别推断；不代表已证实提高环肽渗透性或口服暴露,https://www.rcsb.org/ligand/BF6
BF7,4-bromo-D-phenylalanine,,d-peptide linking,D-构型,D-构型；卤代／电子调节；芳香／疏水侧链,C9 H10 Br N O2,244.085,,c1cc(ccc1C[C@H](C(=O)O)N)Br,蛋白酶稳定性可能↑；局部构象可能改变；渗透性取决于骨架；疏水性可能↑；代谢稳定性可能↑,仅为结构/类别推断；不代表已证实提高环肽渗透性或口服暴露,https://www.rcsb.org/ligand/BF7
BF9,"[(4Z)-2-[(1R,2S)-1-amino-2-hydroxypropyl]-4-{[4-(benzenecarbonyl)phenyl]methylidene}-5-oxo-4,5-dihydro-1H-imidazol-1-yl]acetic acid",PEPTIDE DERIVED CHROMOPHORE,l-peptide linking,芳香／疏水侧链,芳香／疏水侧链；极性／带电侧链,C22 H21 N3 O5,407.419,GLY / PHE / THR,C[C@@H]([C@@H](C1=N/C(=C\c2ccc(cc2)C(=O)c3ccccc3)/C(=O)N1CC(=O)O)N)O,疏水表面积可能↑；膜分配可能↑；水溶性可能↓；水溶性可能↑；被动渗透性可能↓,仅为结构/类别推断；不代表已证实提高环肽渗透性或口服暴露,https://www.rcsb.org/ligand/BF9
BFD,ASPARTATE BERYLLIUM TRIFLUORIDE,,l-peptide linking,极性／带电侧链,极性／带电侧链,C4 H6 Be F3 N O4,198.102,ASP,[Be-2](OC(=O)C[C@@H](C(=O)O)N)(F)(F)F,水溶性可能↑；被动渗透性可能↓；可提供结合或偶联位点,仅为结构/类别推断；不代表已证实提高环肽渗透性或口服暴露,https://www.rcsb.org/ligand/BFD
BG1,O-[(2S)-2-{methyl[(methylamino)sulfonyl]amino}pentanoyl]-L-serine,,l-peptide linking,极性／带电侧链,极性／带电侧链,C10 H21 N3 O6 S,311.355,SER,CCC[C@@H](C(=O)OC[C@@H](C(=O)O)N)[N@](C)S(=O)(=O)NC,水溶性可能↑；被动渗透性可能↓；可提供结合或偶联位点,仅为结构/类别推断；不代表已证实提高环肽渗透性或口服暴露,https://www.rcsb.org/ligand/BG1
BG4,5-(HYDROXY-METHYL-AMINO)-3-METHYL-PYRROLIDINE-2-CARBOXYLIC ACID,,l-peptide linking,极性／带电侧链,极性／带电侧链,C7 H14 N2 O3,174.198,PRO,C[C@@H]1C[C@H](N[C@H]1C(=O)O)[N@](C)O,水溶性可能↑；被动渗透性可能↓；可提供结合或偶联位点,仅为结构/类别推断；不代表已证实提高环肽渗透性或口服暴露,https://www.rcsb.org/ligand/BG4
BG5,5-HYDROXYAMINO-3-METHYL-PYRROLIDINE-2-CARBOXYLIC ACID,,l-peptide linking,极性／带电侧链,极性／带电侧链,C6 H12 N2 O3,160.171,PRO,C[C@@H]1C[C@H](N[C@H]1C(=O)O)NO,水溶性可能↑；被动渗透性可能↓；可提供结合或偶联位点,仅为结构/类别推断；不代表已证实提高环肽渗透性或口服暴露,https://www.rcsb.org/ligand/BG5
BH2,(3R)-3-hydroxy-L-aspartic acid,,l-peptide linking,极性／带电侧链,极性／带电侧链,C4 H7 N O5,149.102,ASP,[C@H]([C@H](C(=O)O)O)(C(=O)O)N,水溶性可能↑；被动渗透性可能↓；可提供结合或偶联位点,仅为结构/类别推断；不代表已证实提高环肽渗透性或口服暴露,https://www.rcsb.org/ligand/BH2
BHD,(3S)-3-hydroxy-L-aspartic acid,BETA-HYDROXYASPARTIC ACID,l-peptide linking,极性／带电侧链,极性／带电侧链,C4 H7 N O5,149.102,ASP,[C@H]([C@@H](C(=O)O)O)(C(=O)O)N,水溶性可能↑；被动渗透性可能↓；可提供结合或偶联位点,仅为结构/类别推断；不代表已证实提高环肽渗透性或口服暴露,https://www.rcsb.org/ligand/BHD
BIF,(R)-2-AMINO-3-(4-PHENYLCYCLOHEXYL)PROPANOIC ACID,BIPHENYLALANINE,l-peptide linking,构象限制,构象限制；芳香／疏水侧链,C15 H15 N O2,241.285,PHE,c1ccc(cc1)c2ccc(cc2)C[C@@H](C(=O)O)N,构象刚性可能↑；蛋白酶稳定性可能↑；渗透性取决于极性遮蔽；疏水表面积可能↑；膜分配可能↑,仅为结构/类别推断；不代表已证实提高环肽渗透性或口服暴露,https://www.rcsb.org/ligand/BIF
BIL,"(3R,4S)-3-amino-4-methylhexanoic acid","(R,S)-beta-3-homoisoleucine",l-peptide linking,其他CCD肽链核心,,C7 H15 N O2,145.2,,CC[C@H](C)[C@@H](CC(=O)O)N,尚无可靠的定向性质判断；需在具体环肽骨架中验证,仅为结构/类别推断；不代表已证实提高环肽渗透性或口服暴露,https://www.rcsb.org/ligand/BIL
BIU,5-bromo-L-isoleucine,,l-peptide linking,卤代／电子调节,卤代／电子调节,C6 H12 Br N O2,210.069,ILE,C[C@@H](CCBr)[C@@H](C(=O)O)N,疏水性可能↑；代谢稳定性可能↑；水溶性可能↓,仅为结构/类别推断；不代表已证实提高环肽渗透性或口服暴露,https://www.rcsb.org/ligand/BIU
BJH,1(R)-1-ACETAMIDO-2-(3-CARBOXY-2-HYDROXYPHENYL)ETHYL BORONIC ACID,,l-peptide linking,芳香／疏水侧链,芳香／疏水侧链；极性／带电侧链,C11 H14 B N O6,267.043,,B([C@H](Cc1cccc(c1O)C(=O)O)NC(=O)C)(O)O,疏水表面积可能↑；膜分配可能↑；水溶性可能↓；水溶性可能↑；被动渗透性可能↓,仅为结构/类别推断；不代表已证实提高环肽渗透性或口服暴露,https://www.rcsb.org/ligand/BJH
BJO,"(4Z)-4-amino-4-{1-(carboxymethyl)-5-oxo-4-[(4-oxocyclohexa-2,5-dien-1-ylidene)methyl]-1,5-dihydro-2H-imidazol-2-ylidene}butanoic acid",CHROMOPHORE (GLU-TYR-GLY),l-peptide linking,构象限制,构象限制；极性／带电侧链,C16 H15 N3 O6,345.307,GLY / LEU,C1=CC(=O)C=CC1=CC2=N/C(=C(\CCC(=O)O)/N)/N(C2=O)CC(=O)O,构象刚性可能↑；蛋白酶稳定性可能↑；渗透性取决于极性遮蔽；水溶性可能↑；被动渗透性可能↓,仅为结构/类别推断；不代表已证实提高环肽渗透性或口服暴露,https://www.rcsb.org/ligand/BJO
BL2,N-(tert-butoxycarbonyl)-L-leucine,,l-peptide linking,极性／带电侧链,极性／带电侧链,C11 H21 N O4,231.289,LEU,CC(C)C[C@@H](C(=O)O)NC(=O)OC(C)(C)C,水溶性可能↑；被动渗透性可能↓；可提供结合或偶联位点,仅为结构/类别推断；不代表已证实提高环肽渗透性或口服暴露,https://www.rcsb.org/ligand/BL2
BMT,"4-METHYL-4-[(E)-2-BUTENYL]-4,N-METHYL-THREONINE",,l-peptide linking,N-取代,N-取代；极性／带电侧链,C10 H19 N O3,201.263,THR,C/C=C/C[C@@H](C)[C@H]([C@@H](C(=O)O)NC)O,主链氢键供体可能↓；暴露极性可能↓；被动渗透性可能↑；水溶性可能↑；被动渗透性可能↓,仅为结构/类别推断；不代表已证实提高环肽渗透性或口服暴露,https://www.rcsb.org/ligand/BMT
BNN,ACETYL-P-AMIDINOPHENYLALANINE,,l-peptide linking,芳香／疏水侧链,芳香／疏水侧链；极性／带电侧链,C12 H15 N3 O3,249.266,PHE,[H]/N=C(\c1ccc(cc1)C[C@@H](C(=O)O)NC(=O)C)/N,疏水表面积可能↑；膜分配可能↑；水溶性可能↓；水溶性可能↑；被动渗透性可能↓,仅为结构/类别推断；不代表已证实提高环肽渗透性或口服暴露,https://www.rcsb.org/ligand/BNN
BP5,"3-(2,2'-BIPYRIDIN-5-YL)-L-ALANINE",,l-peptide linking,芳香／疏水侧链,芳香／疏水侧链；极性／带电侧链,C13 H13 N3 O2,243.261,ALA,c1ccnc(c1)c2ccc(cn2)C[C@@H](C(=O)O)N,疏水表面积可能↑；膜分配可能↑；水溶性可能↓；水溶性可能↑；被动渗透性可能↓,仅为结构/类别推断；不代表已证实提高环肽渗透性或口服暴露,https://www.rcsb.org/ligand/BP5
BPE,(2S)-2-AMINO-3-[(3-AMINOPROPYL)SULFANYL]PROPAN-1-OL,S-PROPYLAMINE-L-CYSTEINE,l-peptide linking,极性／带电侧链,极性／带电侧链,C6 H16 N2 O S,164.269,CYS,C(CN)CSC[C@@H](CO)N,水溶性可能↑；被动渗透性可能↓；可提供结合或偶联位点,仅为结构/类别推断；不代表已证实提高环肽渗透性或口服暴露,https://www.rcsb.org/ligand/BPE
BSE,BETA-3-SERINE,,l-peptide linking,极性／带电侧链,极性／带电侧链,C4 H9 N O3,119.119,SER,C([C@@H](CO)C(=O)O)N,水溶性可能↑；被动渗透性可能↓；可提供结合或偶联位点,仅为结构/类别推断；不代表已证实提高环肽渗透性或口服暴露,https://www.rcsb.org/ligand/BSE
BTK,N~6~-butanoyl-L-lysine,,l-peptide linking,极性／带电侧链,极性／带电侧链,C10 H20 N2 O3,216.277,LYS,CCCC(=O)NCCCC[C@@H](C(=O)O)N,水溶性可能↑；被动渗透性可能↓；可提供结合或偶联位点,仅为结构/类别推断；不代表已证实提高环肽渗透性或口服暴露,https://www.rcsb.org/ligand/BTK
BTR,6-BROMO-TRYPTOPHAN,,l-peptide linking,卤代／电子调节,卤代／电子调节；芳香／疏水侧链；极性／带电侧链,C11 H11 Br N2 O2,283.121,TRP,c1cc2c(cc1Br)[nH]cc2C[C@@H](C(=O)O)N,疏水性可能↑；代谢稳定性可能↑；水溶性可能↓；疏水表面积可能↑；膜分配可能↑,仅为结构/类别推断；不代表已证实提高环肽渗透性或口服暴露,https://www.rcsb.org/ligand/BTR
BUC,"S,S-BUTYLTHIOCYSTEINE",,l-peptide linking,其他CCD肽链核心,,C7 H15 N O2 S2,209.329,CYS,CCCCSSC[C@@H](C(=O)O)N,尚无可靠的定向性质判断；需在具体环肽骨架中验证,仅为结构/类别推断；不代表已证实提高环肽渗透性或口服暴露,https://www.rcsb.org/ligand/BUC
BW5,(2~{S})-3-(1-adamantyl)-2-azanyl-propanoic acid,,l-peptide linking,其他CCD肽链核心,,C13 H21 N O2,223.311,,C1C2CC3CC1CC(C2)(C3)C[C@@H](C(=O)O)N,尚无可靠的定向性质判断；需在具体环肽骨架中验证,仅为结构/类别推断；不代表已证实提高环肽渗透性或口服暴露,https://www.rcsb.org/ligand/BW5
BWV,N~5~-(N-butylcarbamimidoyl)-L-ornithine,,l-peptide linking,极性／带电侧链,极性／带电侧链,C10 H22 N4 O2,230.307,ARG,[H]/N=C(/NCCCC)\NCCC[C@@H](C(=O)O)N,水溶性可能↑；被动渗透性可能↓；可提供结合或偶联位点,仅为结构/类别推断；不代表已证实提高环肽渗透性或口服暴露,https://www.rcsb.org/ligand/BWV
BXT,(2~{S})-2-azanyl-3-[ethyl(methyl)carbamoyl]oxy-propanoic acid,,l-peptide linking,极性／带电侧链,极性／带电侧链,C7 H14 N2 O4,190.197,SER,CCN(C)C(=O)OC[C@@H](C(=O)O)N,水溶性可能↑；被动渗透性可能↓；可提供结合或偶联位点,仅为结构/类别推断；不代表已证实提高环肽渗透性或口服暴露,https://www.rcsb.org/ligand/BXT
BYR,3-bromo-L-tyrosine,,l-peptide linking,卤代／电子调节,卤代／电子调节；芳香／疏水侧链；极性／带电侧链,C9 H10 Br N O3,260.085,TYR,c1cc(c(cc1C[C@@H](C(=O)O)N)Br)O,疏水性可能↑；代谢稳定性可能↑；水溶性可能↓；疏水表面积可能↑；膜分配可能↑,仅为结构/类别推断；不代表已证实提高环肽渗透性或口服暴露,https://www.rcsb.org/ligand/BYR
BZK,"(2S, 4S, 6S)-2-amino-6-hydroxy-4-methyl-8-oxodecanoic acid",,l-peptide linking,极性／带电侧链,极性／带电侧链,C11 H21 N O4,231.289,,CCC(=O)C[C@H](C[C@@H](C)C[C@@H](C(=O)O)N)O,水溶性可能↑；被动渗透性可能↓；可提供结合或偶联位点,仅为结构/类别推断；不代表已证实提高环肽渗透性或口服暴露,https://www.rcsb.org/ligand/BZK
C0O,"(~{Z},2~{R},6~{S})-2,6-bis(azanyl)hept-3-enedioic acid",,l-peptide linking,极性／带电侧链,极性／带电侧链,C7 H12 N2 O4,188.181,,C(/C=C\[C@H](C(=O)O)N)[C@@H](C(=O)O)N,水溶性可能↑；被动渗透性可能↓；可提供结合或偶联位点,仅为结构/类别推断；不代表已证实提高环肽渗透性或口服暴露,https://www.rcsb.org/ligand/C0O
C12,2-(1-AMINO-2-HYDROXYPROPYL)-4-(4-HYDROXYBENZYL)-1-(2-OXOETHYL)-1H-IMIDAZOL-5-OLATE,PEPTIDE DERIVED CHROMOPHORE,l-peptide linking,芳香／疏水侧链,芳香／疏水侧链；极性／带电侧链,C15 H18 N3 O5,320.321,GLY / THR / TYR,C[C@H]([C@@H](c1nc(c(n1CC(=O)O)[O-])Cc2ccc(cc2)O)N)O,疏水表面积可能↑；膜分配可能↑；水溶性可能↓；水溶性可能↑；被动渗透性可能↓,仅为结构/类别推断；不代表已证实提高环肽渗透性或口服暴露,https://www.rcsb.org/ligand/C12
C1T,"S-[(1S,6R)-3,6-dihydroxy-4-methyl-2,5-dioxocyclohex-3-en-1-yl]-L-cysteine",,l-peptide linking,构象限制,构象限制；极性／带电侧链,C10 H13 N O6 S,275.278,CYS,CC1=C(C(=O)[C@H]([C@@H](C1=O)O)SC[C@@H](C(=O)O)N)O,构象刚性可能↑；蛋白酶稳定性可能↑；渗透性取决于极性遮蔽；水溶性可能↑；被动渗透性可能↓,仅为结构/类别推断；不代表已证实提高环肽渗透性或口服暴露,https://www.rcsb.org/ligand/C1T
C1X,"(Z)-N~6~-[(4R,5S)-5-(2-CARBOXYETHYL)-4-(CARBOXYMETHYL)DIHYDRO-2H-THIOPYRAN-3(4H)-YLIDENE]-L-LYSINE",2-AMINO-6-[5-(2-CARBOXY-ETHYL)-4-CARBOXYMETHYL-DIHYDRO-THIOPYRAN-3-YLIDENEAMINO]-HEXANOIC ACID,l-peptide linking,极性／带电侧链,极性／带电侧链,C16 H26 N2 O6 S,374.452,LYS,C1[C@H]([C@H](/C(=N\CCCC[C@@H](C(=O)O)N)/CS1)CC(=O)O)CCC(=O)O,水溶性可能↑；被动渗透性可能↓；可提供结合或偶联位点,仅为结构/类别推断；不代表已证实提高环肽渗透性或口服暴露,https://www.rcsb.org/ligand/C1X
C22,3-chloro-L-alanine,,l-peptide linking,卤代／电子调节,卤代／电子调节,C3 H6 Cl N O2,123.538,ALA,C([C@@H](C(=O)O)N)Cl,疏水性可能↑；代谢稳定性可能↑；水溶性可能↓,仅为结构/类别推断；不代表已证实提高环肽渗透性或口服暴露,https://www.rcsb.org/ligand/C22
C2N,3-chloro-D-alanine,3-CHLOROALANINATE,d-peptide linking,D-构型,D-构型；卤代／电子调节,C3 H6 Cl N O2,123.538,,C([C@H](C(=O)O)N)Cl,蛋白酶稳定性可能↑；局部构象可能改变；渗透性取决于骨架；疏水性可能↑；代谢稳定性可能↑,仅为结构/类别推断；不代表已证实提高环肽渗透性或口服暴露,https://www.rcsb.org/ligand/C2N
C3Y,S-[(1S)-1-HYDROXY-1-(HYDROXYAMINO)ETHYL]-L-CYSTEINE,,l-peptide linking,极性／带电侧链,极性／带电侧链,C5 H12 N2 O4 S,196.225,CYS,C[C@](NO)(O)SC[C@@H](C(=O)O)N,水溶性可能↑；被动渗透性可能↓；可提供结合或偶联位点,仅为结构/类别推断；不代表已证实提高环肽渗透性或口服暴露,https://www.rcsb.org/ligand/C3Y
C4R,"(R)-2-amino-3-(bicyclo[2.2.1]hepta-2,5-dien-7-ylthio)propanoic acid rhodium",(bicyclo [2.2.1] hepta-2-ene)-cystein rhodium,l-peptide linking,构象限制,构象限制,C10 H14 N O2 Rh S,315.194,CYS,C1C[C@H]2C3[C@@H]1C4=C2[Rh+]4S3C[C@@H](C(=O)O)N,构象刚性可能↑；蛋白酶稳定性可能↑；渗透性取决于极性遮蔽,仅为结构/类别推断；不代表已证实提高环肽渗透性或口服暴露,https://www.rcsb.org/ligand/C4R
C5C,S-CYCLOPENTYL THIOCYSTEINE,,l-peptide linking,构象限制,构象限制,C8 H15 N O2 S2,221.34,CYS,C1CCC(C1)SSC[C@@H](C(=O)O)N,构象刚性可能↑；蛋白酶稳定性可能↑；渗透性取决于极性遮蔽,仅为结构/类别推断；不代表已证实提高环肽渗透性或口服暴露,https://www.rcsb.org/ligand/C5C
C66,2-AMINOETHYLLYSINE-CARBONYLMETHYLENE-CYTOSINE,,l-peptide linking,极性／带电侧链,极性／带电侧链,C14 H24 N6 O4,340.378,,C1=CN(C(=O)N=C1N)CC(=O)N(CCN)[C@H](CCCCN)C(=O)O,水溶性可能↑；被动渗透性可能↓；可提供结合或偶联位点,仅为结构/类别推断；不代表已证实提高环肽渗透性或口服暴露,https://www.rcsb.org/ligand/C66
C6C,S-CYCLOHEXYL THIOCYSTEINE,,l-peptide linking,构象限制,构象限制,C9 H17 N O2 S2,235.367,CYS,C1CCC(CC1)SSC[C@@H](C(=O)O)N,构象刚性可能↑；蛋白酶稳定性可能↑；渗透性取决于极性遮蔽,仅为结构/类别推断；不代表已证实提高环肽渗透性或口服暴露,https://www.rcsb.org/ligand/C6C
C99,"{(2R)-2-[(1S,2R)-1-AMINO-2-HYDROXYPROPYL]-2-HYDROXY-4,5-DIOXOIMIDAZOLIDIN-1-YL}ACETIC ACID",CHROMOPHORE (THR-PHE-GLY),l-peptide linking,极性／带电侧链,极性／带电侧链,C8 H13 N3 O6,247.205,GLY / PHE / THR,C[C@H]([C@@H]([C@]1(NC(=O)C(=O)N1CC(=O)O)O)N)O,水溶性可能↑；被动渗透性可能↓；可提供结合或偶联位点,仅为结构/类别推断；不代表已证实提高环肽渗透性或口服暴露,https://www.rcsb.org/ligand/C99
CAB,"4,4-dihydroxy-5-oxo-L-norvaline",,l-peptide linking,极性／带电侧链,极性／带电侧链,C5 H9 N O5,163.129,,C([C@@H](C(=O)O)N)C(C=O)(O)O,水溶性可能↑；被动渗透性可能↓；可提供结合或偶联位点,仅为结构/类别推断；不代表已证实提高环肽渗透性或口服暴露,https://www.rcsb.org/ligand/CAB
CAF,S-DIMETHYLARSINOYL-CYSTEINE,CYSTEIN-S-YL CACODYLATE,l-peptide linking,极性／带电侧链,极性／带电侧链,C5 H12 As N O3 S,241.14,CYS,C[As](=O)(C)SC[C@@H](C(=O)O)N,水溶性可能↑；被动渗透性可能↓；可提供结合或偶联位点,仅为结构/类别推断；不代表已证实提高环肽渗透性或口服暴露,https://www.rcsb.org/ligand/CAF
CAS,S-(DIMETHYLARSENIC)CYSTEINE,,l-peptide linking,其他CCD肽链核心,,C5 H12 As N O2 S,225.141,CYS,C[As](C)SC[C@@H](C(=O)O)N,尚无可靠的定向性质判断；需在具体环肽骨架中验证,仅为结构/类别推断；不代表已证实提高环肽渗透性或口服暴露,https://www.rcsb.org/ligand/CAS
CCJ,Carboxymthylated D- Cysteine,,d-peptide linking,D-构型,D-构型；极性／带电侧链,C5 H9 N O4 S,179.194,,C([C@H](C(=O)O)N)SCC(=O)O,蛋白酶稳定性可能↑；局部构象可能改变；渗透性取决于骨架；水溶性可能↑；被动渗透性可能↓,仅为结构/类别推断；不代表已证实提高环肽渗透性或口服暴露,https://www.rcsb.org/ligand/CCJ
CCL,N~6~-[(CYCLOPENTYLOXY)CARBONYL]-D-LYSINE,,d-peptide linking,D-构型,D-构型；构象限制；极性／带电侧链,C12 H22 N2 O4,258.314,,C1CCC(C1)OC(=O)NCCCC[C@H](C(=O)O)N,蛋白酶稳定性可能↑；局部构象可能改变；渗透性取决于骨架；构象刚性可能↑；渗透性取决于极性遮蔽,仅为结构/类别推断；不代表已证实提高环肽渗透性或口服暴露,https://www.rcsb.org/ligand/CCL
CCS,CARBOXYMETHYLATED CYSTEINE,,l-peptide linking,极性／带电侧链,极性／带电侧链,C5 H9 N O4 S,179.194,CYS,C([C@@H](C(=O)O)N)SCC(=O)O,水溶性可能↑；被动渗透性可能↓；可提供结合或偶联位点,仅为结构/类别推断；不代表已证实提高环肽渗透性或口服暴露,https://www.rcsb.org/ligand/CCS
CCY,"2-(1-AMINO-2-MERCAPTO-ETHYL)-5-(4-HYDROXY-BENZYL)-3-(ETHANOYL)-3,5-DIHYDRO-IMIDAZOL-4-ONE",,l-peptide linking,芳香／疏水侧链,芳香／疏水侧链；极性／带电侧链,C14 H19 N3 O4 S,325.383,CYS / GLY / TYR,c1cc(ccc1CC2C(=O)N(C(N2)[C@H](CS)N)CC(=O)O)O,疏水表面积可能↑；膜分配可能↑；水溶性可能↓；水溶性可能↑；被动渗透性可能↓,仅为结构/类别推断；不代表已证实提高环肽渗透性或口服暴露,https://www.rcsb.org/ligand/CCY
CDE,"1,2-DIMETHYL-PROPYLAMINE",,l-peptide linking,其他CCD肽链核心,,C5 H13 N,87.163,,CC(C)[C@@H](C)N,尚无可靠的定向性质判断；需在具体环肽骨架中验证,仅为结构/类别推断；不代表已证实提高环肽渗透性或口服暴露,https://www.rcsb.org/ligand/CDE
CDV,3-METHYL-2-UREIDO-BUTYRIC ACID,N-CARBAMYL-D-VALINE,l-peptide linking,极性／带电侧链,极性／带电侧链,C6 H12 N2 O3,160.171,,CC(C)[C@H](C(=O)O)NC(=O)N,水溶性可能↑；被动渗透性可能↓；可提供结合或偶联位点,仅为结构/类别推断；不代表已证实提高环肽渗透性或口服暴露,https://www.rcsb.org/ligand/CDV
CE7,"(3S)-3-amino-4,4,4-trihydroxybutanamide",,l-peptide linking,极性／带电侧链,极性／带电侧链,C4 H10 N2 O4,150.133,ASN,C([C@@H](C(O)(O)O)N)C(=O)N,水溶性可能↑；被动渗透性可能↓；可提供结合或偶联位点,仅为结构/类别推断；不代表已证实提高环肽渗透性或口服暴露,https://www.rcsb.org/ligand/CE7
CFY,"[(4Z)-2-{(2R)-2-[(1S)-1-amino-2-phenylethyl]-2-hydroxy-2,5-dihydro-1,3-thiazol-4-yl}-4-(4-hydroxybenzylidene)-5-oxo-4,5-dihydro-1H-imidazol-1-yl]acetic acid",CHROMOPHORE (PHE-CYS-TYR-GLY),l-peptide linking,芳香／疏水侧链,芳香／疏水侧链；极性／带电侧链,C23 H22 N4 O5 S,466.51,CYS / GLY / PHE / TYR,c1ccc(cc1)C[C@@H]([C@@]2(N=C(CS2)C3=N/C(=C\c4ccc(cc4)O)/C(=O)N3CC(=O)O)O)N,疏水表面积可能↑；膜分配可能↑；水溶性可能↓；水溶性可能↑；被动渗透性可能↓,仅为结构/类别推断；不代表已证实提高环肽渗透性或口服暴露,https://www.rcsb.org/ligand/CFY
CG6,beta-Methyl-Cysteine,,l-peptide linking,其他CCD肽链核心,,C4 H9 N O2 S,135.185,CYS,C[C@H]([C@@H](C(=O)O)N)S,尚无可靠的定向性质判断；需在具体环肽骨架中验证,仅为结构/类别推断；不代表已证实提高环肽渗透性或口服暴露,https://www.rcsb.org/ligand/CG6
CGA,CARBOXYMETHYLATED GLUTAMIC ACID,,l-peptide linking,极性／带电侧链,极性／带电侧链,C7 H11 N O6,205.165,GLU,C(CC(=O)OCC(=O)O)C(C(=O)O)N,水溶性可能↑；被动渗透性可能↓；可提供结合或偶联位点,仅为结构/类别推断；不代表已证实提高环肽渗透性或口服暴露,https://www.rcsb.org/ligand/CGA
CGH,N-cycloheptylglycine,,peptide linking,构象限制,构象限制,C9 H17 N O2,171.237,,C1CCCC(CC1)NCC(=O)O,构象刚性可能↑；蛋白酶稳定性可能↑；渗透性取决于极性遮蔽,仅为结构/类别推断；不代表已证实提高环肽渗透性或口服暴露,https://www.rcsb.org/ligand/CGH
CGU,GAMMA-CARBOXY-GLUTAMIC ACID,,l-peptide linking,极性／带电侧链,极性／带电侧链,C6 H9 N O6,191.139,GLU,C(C(C(=O)O)C(=O)O)[C@@H](C(=O)O)N,水溶性可能↑；被动渗透性可能↓；可提供结合或偶联位点,仅为结构/类别推断；不代表已证实提高环肽渗透性或口服暴露,https://www.rcsb.org/ligand/CGU
CGV,S-[(R)-carboxy(hydroxy)methyl]-L-cysteine,,l-peptide linking,极性／带电侧链,极性／带电侧链,C5 H9 N O5 S,195.194,CYS,C([C@@H](C(=O)O)N)S[C@H](C(=O)O)O,水溶性可能↑；被动渗透性可能↓；可提供结合或偶联位点,仅为结构/类别推断；不代表已证实提高环肽渗透性或口服暴露,https://www.rcsb.org/ligand/CGV
CH6,"{(4Z)-2-[(1S)-1-amino-3-(methylsulfanyl)propyl]-4-[(4-hydroxyphenyl)methylidene]-5-oxo-4,5-dihydro-1H-imidazol-1-yl}acetic acid",CHROMOPHORE (MET-TYR-GLY),l-peptide linking,芳香／疏水侧链,芳香／疏水侧链；极性／带电侧链,C16 H19 N3 O4 S,349.405,GLY / MET / TYR,CSCC[C@@H](C1=N/C(=C\c2ccc(cc2)O)/C(=O)N1CC(=O)O)N,疏水表面积可能↑；膜分配可能↑；水溶性可能↓；水溶性可能↑；被动渗透性可能↓,仅为结构/类别推断；不代表已证实提高环肽渗透性或口服暴露,https://www.rcsb.org/ligand/CH6
CH7,"[(4Z)-4-(4-HYDROXYBENZYLIDENE)-5-OXO-2-(3,4,5,6-TETRAHYDROPYRIDIN-2-YL)-4,5-DIHYDRO-1H-IMIDAZOL-1-YL]ACETIC ACID",CHROMOPHORE (LYS-TYR-GLY),l-peptide linking,芳香／疏水侧链,芳香／疏水侧链；极性／带电侧链,C17 H17 N3 O4,327.335,GLY / LYS / TYR,c1cc(ccc1\C=C/2\C(=O)N(C(=N2)C3=NCCCC3)CC(=O)O)O,疏水表面积可能↑；膜分配可能↑；水溶性可能↓；水溶性可能↑；被动渗透性可能↓,仅为结构/类别推断；不代表已证实提高环肽渗透性或口服暴露,https://www.rcsb.org/ligand/CH7
CHG,CYCLOHEXYL-GLYCINE,,l-peptide linking,构象限制,构象限制,C8 H15 N O2,157.21,,C1CCC(CC1)[C@@H](C(=O)O)N,构象刚性可能↑；蛋白酶稳定性可能↑；渗透性取决于极性遮蔽,仅为结构/类别推断；不代表已证实提高环肽渗透性或口服暴露,https://www.rcsb.org/ligand/CHG
CHP,3-CHLORO-4-HYDROXYPHENYLGLYCINE,,l-peptide linking,卤代／电子调节,卤代／电子调节；芳香／疏水侧链；极性／带电侧链,C8 H8 Cl N O3,201.607,GLY,c1cc(c(cc1[C@@H](C(=O)O)N)Cl)O,疏水性可能↑；代谢稳定性可能↑；水溶性可能↓；疏水表面积可能↑；膜分配可能↑,仅为结构/类别推断；不代表已证实提高环肽渗透性或口服暴露,https://www.rcsb.org/ligand/CHP
CIR,CITRULLINE,,l-peptide linking,极性／带电侧链,极性／带电侧链,C6 H13 N3 O3,175.186,ARG,C(C[C@@H](C(=O)O)N)CNC(=O)N,水溶性可能↑；被动渗透性可能↓；可提供结合或偶联位点,仅为结构/类别推断；不代表已证实提高环肽渗透性或口服暴露,https://www.rcsb.org/ligand/CIR
CIV,"2-[2-[(1~{S})-1,5-bis(azanyl)pentyl]-4-[(4-hydroxyphenyl)methyl]-5-oxidanylidene-imidazol-1-yl]ethanamide",CHROMOPHORE (LYS-TYR-GLY),l-peptide linking,芳香／疏水侧链,芳香／疏水侧链；极性／带电侧链,C17 H23 N4 O4,347.389,GLY / LYS / TYR,c1cc(ccc1CC2=NC(=[N+](C2=O)CC(=O)O)[C@H](CCCCN)N)O,疏水表面积可能↑；膜分配可能↑；水溶性可能↓；水溶性可能↑；被动渗透性可能↓,仅为结构/类别推断；不代表已证实提高环肽渗透性或口服暴露,https://www.rcsb.org/ligand/CIV
CJO,"[(2R,4R)-2-[(1R,2R)-1-amino-2-hydroxypropyl]-4-(4-hydroxybenzyl)-5-oxoimidazolidin-1-yl]acetic acid",,l-peptide linking,芳香／疏水侧链,芳香／疏水侧链；极性／带电侧链,C15 H21 N3 O5,323.344,GLY / TYR,C[C@H]([C@@H](C1N[C@@H](C(=O)N1CC(=O)O)Cc2ccc(cc2)O)N)O,疏水表面积可能↑；膜分配可能↑；水溶性可能↓；水溶性可能↑；被动渗透性可能↓,仅为结构/类别推断；不代表已证实提高环肽渗透性或口服暴露,https://www.rcsb.org/ligand/CJO
CLB,D-PARA-CHLOROPHENYL-1-ACETAMIDOBORONIC ACID ALANINE,,d-peptide linking,D-构型,D-构型；卤代／电子调节；芳香／疏水侧链；极性／带电侧链,C13 H19 B Cl N2 O6,345.564,,[B-]([C@H](Cc1ccc(cc1)Cl)NC(=O)C)(O)(O)OC[C@@H](C(=O)O)N,蛋白酶稳定性可能↑；局部构象可能改变；渗透性取决于骨架；疏水性可能↑；代谢稳定性可能↑,仅为结构/类别推断；不代表已证实提高环肽渗透性或口服暴露,https://www.rcsb.org/ligand/CLB
CLD,D-PARA-CHLOROPHENYL-1-ACTEAMIDOBORONIC ACID ALANINE,,d-peptide linking,D-构型,D-构型；卤代／电子调节；芳香／疏水侧链；极性／带电侧链,C13 H19 B Cl N2 O6,345.564,,[B-]([C@@H](Cc1ccc(cc1)Cl)NC(=O)C)(O)(O)OC[C@@H](C(=O)O)N,蛋白酶稳定性可能↑；局部构象可能改变；渗透性取决于骨架；疏水性可能↑；代谢稳定性可能↑,仅为结构/类别推断；不代表已证实提高环肽渗透性或口服暴露,https://www.rcsb.org/ligand/CLD
CLG,2-AMINO-6-[2-(2-AMINOOXY-ACETYLAMINO)-ACETYLAMINO]-HEXANOIC ACID,,l-peptide linking,极性／带电侧链,极性／带电侧链,C10 H20 N4 O5,276.29,LYS,C(CCNC(=O)CNC(=O)CON)C[C@@H](C(=O)O)N,水溶性可能↑；被动渗透性可能↓；可提供结合或偶联位点,仅为结构/类别推断；不代表已证实提高环肽渗透性或口服暴露,https://www.rcsb.org/ligand/CLG
CLH,2-AMINO-6-[2-(2-OXO-ACETYLAMINO)-ACETYLAMINO]-HEXANOIC ACID,,l-peptide linking,极性／带电侧链,极性／带电侧链,C10 H17 N3 O5,259.259,LYS,C(CCNC(=O)CNC(=O)C=O)C[C@@H](C(=O)O)N,水溶性可能↑；被动渗透性可能↓；可提供结合或偶联位点,仅为结构/类别推断；不代表已证实提高环肽渗透性或口服暴露,https://www.rcsb.org/ligand/CLH
CLV,"{(2S)-2-[(1S)-1-AMINOETHYL]-5-OXO-2,5-DIHYDRO-1H-IMIDAZOL-1-YL}ACETIC ACID",CHROMOPHORE (ALA-PHE-GLY),l-peptide linking,极性／带电侧链,极性／带电侧链,C7 H11 N3 O3,185.181,ALA / GLY / PHE,C[C@@H](C1N=CC(=O)N1CC(=O)O)N,水溶性可能↑；被动渗透性可能↓；可提供结合或偶联位点,仅为结构/类别推断；不代表已证实提高环肽渗透性或口服暴露,https://www.rcsb.org/ligand/CLV
CME,"S,S-(2-HYDROXYETHYL)THIOCYSTEINE",,l-peptide linking,极性／带电侧链,极性／带电侧链,C5 H11 N O3 S2,197.276,CYS,C(CSSC[C@@H](C(=O)O)N)O,水溶性可能↑；被动渗透性可能↓；可提供结合或偶联位点,仅为结构/类别推断；不代表已证实提高环肽渗透性或口服暴露,https://www.rcsb.org/ligand/CME
CMH,S-(METHYLMERCURY)-L-CYSTEINE,,l-peptide linking,其他CCD肽链核心,,C4 H9 Hg N O2 S,335.775,CYS,C[Hg]SC[C@@H](C(=O)O)N,尚无可靠的定向性质判断；需在具体环肽骨架中验证,仅为结构/类别推断；不代表已证实提高环肽渗透性或口服暴露,https://www.rcsb.org/ligand/CMH
CML,(2S)-2-{[(2R)-2-amino-2-carboxyethyl]sulfanyl}butanedioic acid,,l-peptide linking,极性／带电侧链,极性／带电侧链,C7 H11 N O6 S,237.23,CYS,C([C@@H](C(=O)O)SC[C@@H](C(=O)O)N)C(=O)O,水溶性可能↑；被动渗透性可能↓；可提供结合或偶联位点,仅为结构/类别推断；不代表已证实提高环肽渗透性或口服暴露,https://www.rcsb.org/ligand/CML
CMT,O-METHYLCYSTEINE,,l-peptide linking,其他CCD肽链核心,,C4 H9 N O2 S,135.185,CYS,COC(=O)[C@H](CS)N,尚无可靠的定向性质判断；需在具体环肽骨架中验证,仅为结构/类别推断；不代表已证实提高环肽渗透性或口服暴露,https://www.rcsb.org/ligand/CMT
CNG,N-cyclooctylglycine,,peptide linking,构象限制,构象限制,C10 H19 N O2,185.263,,C1CCCC(CCC1)NCC(=O)O,构象刚性可能↑；蛋白酶稳定性可能↑；渗透性取决于极性遮蔽,仅为结构/类别推断；不代表已证实提高环肽渗透性或口服暴露,https://www.rcsb.org/ligand/CNG
CPC,2-METHYL-1-METHYLAMINO-CYCLOPROPANE CARBOXYLIC ACID,,l-peptide linking,构象限制,构象限制,C6 H11 N O2,129.157,,C[C@H]1C[C@]1(C(=O)O)NC,构象刚性可能↑；蛋白酶稳定性可能↑；渗透性取决于极性遮蔽,仅为结构/类别推断；不代表已证实提高环肽渗透性或口服暴露,https://www.rcsb.org/ligand/CPC
CPI,6-CARBOXYPIPERIDINE,,d-peptide linking,D-构型,D-构型；构象限制,C6 H11 N O2,129.157,,C1CCN[C@H](C1)C(=O)O,蛋白酶稳定性可能↑；局部构象可能改变；渗透性取决于骨架；构象刚性可能↑；渗透性取决于极性遮蔽,仅为结构/类别推断；不代表已证实提高环肽渗透性或口服暴露,https://www.rcsb.org/ligand/CPI
CQ1,"[(4Z)-2-[(1R,2R)-1-amino-2-hydroxypropyl]-4-(4-azidobenzylidene)-5-oxo-4,5-dihydro-1H-imidazol-1-yl]acetic acid",PEPTIDE DERIVED CHROMOPHORE,peptide linking,芳香／疏水侧链,芳香／疏水侧链；极性／带电侧链,C15 H16 N6 O4,344.325,GLY / THR / TYR,C[C@H]([C@@H](C1=N/C(=C\c2ccc(cc2)N=[N+]=[N-])/C(=O)N1CC(=O)O)N)O,疏水表面积可能↑；膜分配可能↑；水溶性可能↓；水溶性可能↑；被动渗透性可能↓,仅为结构/类别推断；不代表已证实提高环肽渗透性或口服暴露,https://www.rcsb.org/ligand/CQ1
CQ2,"{(4Z)-4-(4-aminobenzylidene)-2-[(1R,2R)-1-amino-2-hydroxypropyl]-5-oxo-4,5-dihydro-1H-imidazol-1-yl}acetic acid",PEPTIDE DERIVED CHROMOPHORE,l-peptide linking,芳香／疏水侧链,芳香／疏水侧链；极性／带电侧链,C15 H18 N4 O4,318.328,GLY / TYR,C[C@H]([C@@H](C1=N/C(=C\c2ccc(cc2)N)/C(=O)N1CC(=O)O)N)O,疏水表面积可能↑；膜分配可能↑；水溶性可能↓；水溶性可能↑；被动渗透性可能↓,仅为结构/类别推断；不代表已证实提高环肽渗透性或口服暴露,https://www.rcsb.org/ligand/CQ2
CR0,"[2-(1-AMINO-2-HYDROXYPROPYL)-2-HYDROXY-4-ISOBUTYL-5-OXO-2,5-DIHYDRO-1H-IMIDAZOL-1-YL]ACETALDEHYDE",1-(2-ETHANONE)-2-HYDROXY-2-(1-AMINO-2-METHYL-2-ETHANOL)-4-(2-DIMETHYL)ETHANE-IMIDAZOLINE-5-ONE; CHROMOPHORE (THR-LEU-GLY),l-peptide linking,极性／带电侧链,极性／带电侧链,C12 H21 N3 O5,287.312,GLY / LEU / THR,C[C@H]([C@@H]([C@]1(N=C(C(=O)N1CC(=O)O)CC(C)C)O)N)O,水溶性可能↑；被动渗透性可能↓；可提供结合或偶联位点,仅为结构/类别推断；不代表已证实提高环肽渗透性或口服暴露,https://www.rcsb.org/ligand/CR0
CR2,"{(4Z)-2-(aminomethyl)-4-[(4-hydroxyphenyl)methylidene]-5-oxo-4,5-dihydro-1H-imidazol-1-yl}acetic acid",CHROMOPHORE (GLY-TYR-GLY),l-peptide linking,芳香／疏水侧链,芳香／疏水侧链；极性／带电侧链,C13 H13 N3 O4,275.26,GLY / TYR,c1cc(ccc1\C=C/2\C(=O)N(C(=N2)CN)CC(=O)O)O,疏水表面积可能↑；膜分配可能↑；水溶性可能↓；水溶性可能↑；被动渗透性可能↓,仅为结构/类别推断；不代表已证实提高环肽渗透性或口服暴露,https://www.rcsb.org/ligand/CR2
CR5,"(2R)-2-(AMINOMETHYL)-2,4-DIHYDROXY-5-OXO-3-(2-OXOETHYL)-2,5-DIHYDRO-1H-IMIDAZOL-3-IUM",,l-peptide linking,极性／带电侧链,极性／带电侧链,C6 H10 N3 O5,204.161,GLY,C(C(=O)O)[N+]1=C(C(=O)N[C@@]1(CN)O)O,水溶性可能↑；被动渗透性可能↓；可提供结合或偶联位点,仅为结构/类别推断；不代表已证实提高环肽渗透性或口服暴露,https://www.rcsb.org/ligand/CR5
CR7,"[(4Z)-2-[(1S)-1,5-DIAMINOPENTYL]-4-(4-HYDROXYBENZYLIDENE)-5-OXO-4,5-DIHYDRO-1H-IMIDAZOL-1-YL]ACETIC ACID",CHROMOPHORE (LYS-TYR-GLY),l-peptide linking,芳香／疏水侧链,芳香／疏水侧链；极性／带电侧链,C17 H22 N4 O4,346.381,GLY / LYS / TYR,c1cc(ccc1\C=C/2\C(=O)N(C(=N2)[C@H](CCCCN)N)CC(=O)O)O,疏水表面积可能↑；膜分配可能↑；水溶性可能↓；水溶性可能↑；被动渗透性可能↓,仅为结构/类别推断；不代表已证实提高环肽渗透性或口服暴露,https://www.rcsb.org/ligand/CR7
CR8,"2-[1-AMINO-2-(1H-IMIDAZOL-5-YL)ETHYL]-1-(CARBOXYMETHYL)-4-[(4-OXOCYCLOHEXA-2,5-DIEN-1-YLIDENE)METHYL]-1H-IMIDAZOL-5-OLATE",CHROMOPHORE (HIS-TYR-GLY),l-peptide linking,构象限制,构象限制；芳香／疏水侧链；极性／带电侧链,C17 H16 N5 O4,354.34,GLY / HIS / TYR,c1c([nH]cn1)C[C@@H](c2nc(c(n2CC(=O)O)[O-])C=C3C=CC(=O)C=C3)N,构象刚性可能↑；蛋白酶稳定性可能↑；渗透性取决于极性遮蔽；疏水表面积可能↑；膜分配可能↑,仅为结构/类别推断；不代表已证实提高环肽渗透性或口服暴露,https://www.rcsb.org/ligand/CR8
CRF,"[(4Z)-2-[(1R,2R)-1-amino-2-hydroxypropyl]-4-(1H-indol-3-ylmethylidene)-5-oxo-4,5-dihydro-1H-imidazol-1-yl]acetic acid",,l-peptide linking,极性／带电侧链,极性／带电侧链,C17 H18 N4 O4,342.349,GLY / THR / TRP,C[C@H]([C@@H](C1=NC(=Cc2c[nH]c3c2cccc3)C(=O)N1CC(=O)O)N)O,水溶性可能↑；被动渗透性可能↓；可提供结合或偶联位点,仅为结构/类别推断；不代表已证实提高环肽渗透性或口服暴露,https://www.rcsb.org/ligand/CRF
CRG,"[2-(1-AMINO-2-HYDROXY-PROPYL)-4-(3H-IMIDAZOL-4-YLMETHYLENE)-5-OXO-4,5-DIHYDRO-IMIDAZOL-1-YL]-ACETIC ACID",,l-peptide linking,极性／带电侧链,极性／带电侧链,C12 H15 N5 O4,293.279,GLY / HIS / THR,C[C@H]([C@@H](C1=N/C(=C\c2c[nH]cn2)/C(=O)N1CC(=O)O)N)O,水溶性可能↑；被动渗透性可能↓；可提供结合或偶联位点,仅为结构/类别推断；不代表已证实提高环肽渗透性或口服暴露,https://www.rcsb.org/ligand/CRG
CRK,"4-{(Z)-[2-[3-(METHYLSULFANYL)PROPANOYL]-5-OXO-1-(2-OXOETHYL)-1,5-DIHYDRO-4H-IMIDAZOL-4-YLIDENE]METHYL}BENZENOLATE",,l-peptide linking,极性／带电侧链,极性／带电侧链,C16 H15 N2 O5 S,347.366,GLY / MET / TYR,CSCCC(=O)C1=N/C(=C/c2ccc(cc2)[O-])/C(=O)N1CC(=O)O,水溶性可能↑；被动渗透性可能↓；可提供结合或偶联位点,仅为结构/类别推断；不代表已证实提高环肽渗透性或口服暴露,https://www.rcsb.org/ligand/CRK
CRO,"{2-[(1R,2R)-1-amino-2-hydroxypropyl]-4-(4-hydroxybenzylidene)-5-oxo-4,5-dihydro-1H-imidazol-1-yl}acetic acid",PEPTIDE DERIVED CHROMOPHORE,l-peptide linking,芳香／疏水侧链,芳香／疏水侧链；极性／带电侧链,C15 H17 N3 O5,319.313,GLY / THR / TYR,C[C@H]([C@@H](C1=N/C(=C\c2ccc(cc2)O)/C(=O)N1CC(=O)O)N)O,疏水表面积可能↑；膜分配可能↑；水溶性可能↓；水溶性可能↑；被动渗透性可能↓,仅为结构/类别推断；不代表已证实提高环肽渗透性或口服暴露,https://www.rcsb.org/ligand/CRO
CRQ,"[2-(3-CARBAMOYL-1-IMINO-PROPYL)-4-(4-HYDROXY-BENZYLIDENE)-5-OXO-4,5-DIHYDRO-IMIDAZOL-1-YL]-ACETIC ACID",CHROMOPHORE (GLN-TYR-GLY),l-peptide linking,芳香／疏水侧链,芳香／疏水侧链；极性／带电侧链,C16 H16 N4 O5,344.322,GLN / GLY / TYR,c1cc(ccc1/C=C\2/C(=O)N(C(=N2)C(=N)CCC(=O)N)CC(=O)O)O,疏水表面积可能↑；膜分配可能↑；水溶性可能↓；水溶性可能↑；被动渗透性可能↓,仅为结构/类别推断；不代表已证实提高环肽渗透性或口服暴露,https://www.rcsb.org/ligand/CRQ
CRU,"4-[(4Z)-1-(CARBOXYMETHYL)-4-(4-HYDROXYBENZYLIDENE)-5-OXO-4,5-DIHYDRO-1H-IMIDAZOL-2-YL]-4-IMINOBUTANOIC ACID",CHROMOPHORE (GLU-TYR-GLY),l-peptide linking,芳香／疏水侧链,芳香／疏水侧链；极性／带电侧链,C16 H15 N3 O6,345.307,GLU / GLY / TYR,[H]/N=C(/CCC(=O)O)\C1=N/C(=C/c2ccc(cc2)O)/C(=O)N1CC(=O)O,疏水表面积可能↑；膜分配可能↑；水溶性可能↓；水溶性可能↑；被动渗透性可能↓,仅为结构/类别推断；不代表已证实提高环肽渗透性或口服暴露,https://www.rcsb.org/ligand/CRU
CRX,[2-(1-AMINOETHYL)-2-HYDROXY-4-METHYLENE-5-OXOIMIDAZOLIDIN-1-YL]ACETIC ACID,CHROMOPHORE (ALA-SER-GLY),l-peptide linking,极性／带电侧链,极性／带电侧链,C8 H13 N3 O4,215.207,ALA / GLY / SER,C[C@@H]([C@]1(NC(=C)C(=O)N1CC(=O)O)O)N,水溶性可能↑；被动渗透性可能↓；可提供结合或偶联位点,仅为结构/类别推断；不代表已证实提高环肽渗透性或口服暴露,https://www.rcsb.org/ligand/CRX
CS1,S-(2-ANILINYL-SULFANYL)-CYSTEINE,3-[(2-AMINOPHENYL)DITHIO]-L-ALANINE,l-peptide linking,芳香／疏水侧链,芳香／疏水侧链；极性／带电侧链,C9 H12 N2 O2 S2,244.334,CYS,c1ccc(c(c1)N)SSC[C@@H](C(=O)O)N,疏水表面积可能↑；膜分配可能↑；水溶性可能↓；水溶性可能↑；被动渗透性可能↓,仅为结构/类别推断；不代表已证实提高环肽渗透性或口服暴露,https://www.rcsb.org/ligand/CS1
CS3,S-[3-OXO-3-(2-THIENYL)PROPYL]-L-CYSTEINE,(R)-2-AMINO-3-(3-OXO-3-(THIOPHEN-2-YL)PROPYLTHIO)PROPANOIC ACID,l-peptide linking,芳香／疏水侧链,芳香／疏水侧链；极性／带电侧链,C10 H13 N O3 S2,259.345,CYS,c1cc(sc1)C(=O)CCSC[C@@H](C(=O)O)N,疏水表面积可能↑；膜分配可能↑；水溶性可能↓；水溶性可能↑；被动渗透性可能↓,仅为结构/类别推断；不代表已证实提高环肽渗透性或口服暴露,https://www.rcsb.org/ligand/CS3
CS4,"S-[3-(3,4-DICHLOROPHENYL)-3-OXOPROPYL]-L-CYSTEINE","(R)-2-AMINO-3-(3-(3,4-DICHLOROPHENYL)-3-OXOPROPYLTHIO)PROPANOIC ACID",l-peptide linking,卤代／电子调节,卤代／电子调节；芳香／疏水侧链；极性／带电侧链,C12 H13 Cl2 N O3 S,322.208,CYS,c1cc(c(cc1C(=O)CCSC[C@@H](C(=O)O)N)Cl)Cl,疏水性可能↑；代谢稳定性可能↑；水溶性可能↓；疏水表面积可能↑；膜分配可能↑,仅为结构/类别推断；不代表已证实提高环肽渗透性或口服暴露,https://www.rcsb.org/ligand/CS4
CSA,S-ACETONYLCYSTEINE,,l-peptide linking,极性／带电侧链,极性／带电侧链,C6 H11 N O3 S,177.221,CYS,CC(=O)CSC[C@@H](C(=O)O)N,水溶性可能↑；被动渗透性可能↓；可提供结合或偶联位点,仅为结构/类别推断；不代表已证实提高环肽渗透性或口服暴露,https://www.rcsb.org/ligand/CSA
CSB,CYS BOUND TO LEAD ION,,l-peptide linking,其他CCD肽链核心,,C3 H6 N O2 Pb S,327.35,CYS,C([C@@H](C(=O)O)N)S[Pb+],尚无可靠的定向性质判断；需在具体环肽骨架中验证,仅为结构/类别推断；不代表已证实提高环肽渗透性或口服暴露,https://www.rcsb.org/ligand/CSB
CSD,3-SULFINOALANINE,S-CYSTEINESULFINIC ACID; S-SULFINOCYSTEINE,l-peptide linking,极性／带电侧链,极性／带电侧链,C3 H7 N O4 S,153.157,CYS,C([C@@H](C(=O)O)N)[S@@](=O)O,水溶性可能↑；被动渗透性可能↓；可提供结合或偶联位点,仅为结构/类别推断；不代表已证实提高环肽渗透性或口服暴露,https://www.rcsb.org/ligand/CSD
CSH,[2-(2-HYDROXY-1-METHYL-ETHYL)-4-(1H-IMIDAZOL-4-YLMETHYL)-5-OXO-IMIDAZOLIDIN-1-YL]-ACETIC ACID,,l-peptide linking,芳香／疏水侧链,芳香／疏水侧链；极性／带电侧链,C11 H17 N5 O4,283.284,GLY / HIS / SER,c1c(nc[nH]1)CC2C(=O)N(C(N2)[C@H](CO)N)CC(=O)O,疏水表面积可能↑；膜分配可能↑；水溶性可能↓；水溶性可能↑；被动渗透性可能↓,仅为结构/类别推断；不代表已证实提高环肽渗透性或口服暴露,https://www.rcsb.org/ligand/CSH
CSJ,S-[(2-aminophenyl)carbonyl]-L-cysteine,,l-peptide linking,芳香／疏水侧链,芳香／疏水侧链；极性／带电侧链,C10 H12 N2 O3 S,240.279,CYS,c1ccc(c(c1)C(=O)SC[C@@H](C(=O)O)N)N,疏水表面积可能↑；膜分配可能↑；水溶性可能↓；水溶性可能↑；被动渗透性可能↓,仅为结构/类别推断；不代表已证实提高环肽渗透性或口服暴露,https://www.rcsb.org/ligand/CSJ
CSK,S-(methylselanyl)-L-cysteine,,l-peptide linking,其他CCD肽链核心,,C4 H9 N O2 S Se,214.145,,C[Se]SC[C@@H](C(=O)O)N,尚无可靠的定向性质判断；需在具体环肽骨架中验证,仅为结构/类别推断；不代表已证实提高环肽渗透性或口服暴露,https://www.rcsb.org/ligand/CSK
CSO,S-HYDROXYCYSTEINE,,l-peptide linking,极性／带电侧链,极性／带电侧链,C3 H7 N O3 S,137.158,CYS,C([C@@H](C(=O)O)N)SO,水溶性可能↑；被动渗透性可能↓；可提供结合或偶联位点,仅为结构/类别推断；不代表已证实提高环肽渗透性或口服暴露,https://www.rcsb.org/ligand/CSO
CSP,S-PHOSPHOCYSTEINE,,l-peptide linking,极性／带电侧链,极性／带电侧链,C3 H8 N O5 P S,201.138,CYS,C([C@@H](C(=O)O)N)SP(=O)(O)O,水溶性可能↑；被动渗透性可能↓；可提供结合或偶联位点,仅为结构/类别推断；不代表已证实提高环肽渗透性或口服暴露,https://www.rcsb.org/ligand/CSP
CSR,S-ARSONOCYSTEINE,,l-peptide linking,极性／带电侧链,极性／带电侧链,C3 H8 As N O5 S,245.086,CYS,C([C@@H](C(=O)O)N)S[As](=O)(O)O,水溶性可能↑；被动渗透性可能↓；可提供结合或偶联位点,仅为结构/类别推断；不代表已证实提高环肽渗透性或口服暴露,https://www.rcsb.org/ligand/CSR
CSS,S-MERCAPTOCYSTEINE,,l-peptide linking,其他CCD肽链核心,,C3 H7 N O2 S2,153.223,CYS,C([C@@H](C(=O)O)N)SS,尚无可靠的定向性质判断；需在具体环肽骨架中验证,仅为结构/类别推断；不代表已证实提高环肽渗透性或口服暴露,https://www.rcsb.org/ligand/CSS
CSU,CYSTEINE-S-SULFONIC ACID,,l-peptide linking,极性／带电侧链,极性／带电侧链,C3 H7 N O5 S2,201.221,CYS,C([C@@H](C(=O)O)N)SS(=O)(=O)O,水溶性可能↑；被动渗透性可能↓；可提供结合或偶联位点,仅为结构/类别推断；不代表已证实提高环肽渗透性或口服暴露,https://www.rcsb.org/ligand/CSU
CSX,S-OXY CYSTEINE,,l-peptide linking,极性／带电侧链,极性／带电侧链,C3 H7 N O3 S,137.158,CYS,C([C@@H](C(=O)O)N)[S@H]=O,水溶性可能↑；被动渗透性可能↓；可提供结合或偶联位点,仅为结构/类别推断；不代表已证实提高环肽渗透性或口服暴露,https://www.rcsb.org/ligand/CSX
CSZ,S-SELANYL CYSTEINE,,l-peptide linking,其他CCD肽链核心,,C3 H7 N O2 S Se,200.118,CYS,C([C@@H](C(=O)O)N)S[SeH],尚无可靠的定向性质判断；需在具体环肽骨架中验证,仅为结构/类别推断；不代表已证实提高环肽渗透性或口服暴露,https://www.rcsb.org/ligand/CSZ
CTE,7-CHLOROTRYPTOPHAN,,l-peptide linking,卤代／电子调节,卤代／电子调节；芳香／疏水侧链；极性／带电侧链,C11 H11 Cl N2 O2,238.67,TRP,c1cc2c(c[nH]c2c(c1)Cl)C[C@@H](C(=O)O)N,疏水性可能↑；代谢稳定性可能↑；水溶性可能↓；疏水表面积可能↑；膜分配可能↑,仅为结构/类别推断；不代表已证实提高环肽渗透性或口服暴露,https://www.rcsb.org/ligand/CTE
CTH,4-CHLOROTHREONINE,,l-peptide linking,卤代／电子调节,卤代／电子调节；极性／带电侧链,C4 H8 Cl N O3,153.564,THR,C([C@H]([C@@H](C(=O)O)N)O)Cl,疏水性可能↑；代谢稳定性可能↑；水溶性可能↓；水溶性可能↑；被动渗透性可能↓,仅为结构/类别推断；不代表已证实提高环肽渗透性或口服暴露,https://www.rcsb.org/ligand/CTH
CUD,3-(4-amino-2-oxopyrimidin-1(2H)-yl)-D-alanine,,d-peptide linking,D-构型,D-构型；极性／带电侧链,C7 H10 N4 O3,198.179,,C1=CN(C(=O)N=C1N)C[C@H](C(=O)O)N,蛋白酶稳定性可能↑；局部构象可能改变；渗透性取决于骨架；水溶性可能↑；被动渗透性可能↓,仅为结构/类别推断；不代表已证实提高环肽渗透性或口服暴露,https://www.rcsb.org/ligand/CUD
CWD,"3-(5-chloro-2,4-dioxo-3,4-dihydropyrimidin-1(2H)-yl)-L-alanine",chlorowillardiine,l-peptide linking,卤代／电子调节,卤代／电子调节；极性／带电侧链,C7 H8 Cl N3 O4,233.609,ALA,C1=C(C(=O)NC(=O)N1C[C@@H](C(=O)O)N)Cl,疏水性可能↑；代谢稳定性可能↑；水溶性可能↓；水溶性可能↑；被动渗透性可能↓,仅为结构/类别推断；不代表已证实提高环肽渗透性或口服暴露,https://www.rcsb.org/ligand/CWD
CWR,"(4-methyl-5-oxo-2,5-dihydro-1H-imidazol-1-yl)acetic acid",(ALA-SER-GLY) CHROMOPHORE,l-peptide linking,极性／带电侧链,极性／带电侧链,C6 H8 N2 O3,156.139,SER,CC1=NCN(C1=O)CC(=O)O,水溶性可能↑；被动渗透性可能↓；可提供结合或偶联位点,仅为结构/类别推断；不代表已证实提高环肽渗透性或口服暴露,https://www.rcsb.org/ligand/CWR
CXM,N-CARBOXYMETHIONINE,,l-peptide linking,极性／带电侧链,极性／带电侧链,C6 H11 N O4 S,193.221,MET,CSCC[C@@H](C(=O)O)NC(=O)O,水溶性可能↑；被动渗透性可能↓；可提供结合或偶联位点,仅为结构/类别推断；不代表已证实提高环肽渗透性或口服暴露,https://www.rcsb.org/ligand/CXM
CY0,S-{3-[(4-ANILINOQUINAZOLIN-6-YL)AMINO]-3-OXOPROPYL}-L-CYSTEINE,,l-peptide linking,芳香／疏水侧链,芳香／疏水侧链；极性／带电侧链,C20 H21 N5 O3 S,411.477,CYS,c1ccc(cc1)Nc2c3cc(ccc3ncn2)NC(=O)CCSC[C@@H](C(=O)O)N,疏水表面积可能↑；膜分配可能↑；水溶性可能↓；水溶性可能↑；被动渗透性可能↓,仅为结构/类别推断；不代表已证实提高环肽渗透性或口服暴露,https://www.rcsb.org/ligand/CY0
CY1,ACETAMIDOMETHYLCYSTEINE,,l-peptide linking,极性／带电侧链,极性／带电侧链,C6 H12 N2 O3 S,192.236,CYS,CC(=O)NCSC[C@@H](C(=O)O)N,水溶性可能↑；被动渗透性可能↓；可提供结合或偶联位点,仅为结构/类别推断；不代表已证实提高环肽渗透性或口服暴露,https://www.rcsb.org/ligand/CY1
CY3,2-AMINO-3-MERCAPTO-PROPIONAMIDE,,l-peptide linking,极性／带电侧链,极性／带电侧链,C3 H8 N2 O S,120.173,CYS,C([C@@H](C(=O)N)N)S,水溶性可能↑；被动渗透性可能↓；可提供结合或偶联位点,仅为结构/类别推断；不代表已证实提高环肽渗透性或口服暴露,https://www.rcsb.org/ligand/CY3
CY4,S-BUTYRYL-CYSTEIN,,l-peptide linking,极性／带电侧链,极性／带电侧链,C7 H13 N O3 S,191.248,CYS,CCCC(=O)SC[C@@H](C(=O)O)N,水溶性可能↑；被动渗透性可能↓；可提供结合或偶联位点,仅为结构/类别推断；不代表已证实提高环肽渗透性或口服暴露,https://www.rcsb.org/ligand/CY4
CY5,"[(2S)-2-[(1R)-1-AMINO-2-MERCAPTOETHYL]-4-(4-HYDROXYBENZYL)-5-OXO-2,5-DIHYDRO-1H-IMIDAZOL-1-YL]ACETIC ACID",,d-peptide linking,D-构型,D-构型；芳香／疏水侧链；极性／带电侧链,C14 H17 N3 O4 S,323.367,,c1cc(ccc1CC2=NC(N(C2=O)CC(=O)O)[C@H](CS)N)O,蛋白酶稳定性可能↑；局部构象可能改变；渗透性取决于骨架；疏水表面积可能↑；膜分配可能↑,仅为结构/类别推断；不代表已证实提高环肽渗透性或口服暴露,https://www.rcsb.org/ligand/CY5
CYF,"5-[2-(2-AMINO-2-CARBAMOYL-ETHYLSULFANYL)-ACETYLAMINO]-2-(3,6-DIHYDROXY-9,9A-DIHYDRO-3H-XANTHEN-9-YL)-BENZOIC ACID",,l-peptide linking,芳香／疏水侧链,芳香／疏水侧链；极性／带电侧链,C25 H23 N3 O7 S,509.531,CYS,c1cc(c(cc1NC(=O)CSC[C@@H](C(=O)N)N)C(=O)O)C2c3ccc(cc3Oc4c2ccc(c4)O)O,疏水表面积可能↑；膜分配可能↑；水溶性可能↓；水溶性可能↑；被动渗透性可能↓,仅为结构/类别推断；不代表已证实提高环肽渗透性或口服暴露,https://www.rcsb.org/ligand/CYF
CYG,2-AMINO-4-(AMINO-3-OXO-PROPYLSULFANYLCARBONYL)-BUTYRIC ACID,,l-peptide linking,极性／带电侧链,极性／带电侧链,C8 H14 N2 O5 S,250.272,CYS,C(CC(=O)SC[C@@H](C(=O)O)N)[C@@H](C(=O)O)N,水溶性可能↑；被动渗透性可能↓；可提供结合或偶联位点,仅为结构/类别推断；不代表已证实提高环肽渗透性或口服暴露,https://www.rcsb.org/ligand/CYG
CYJ,"(Z)-N~6~-[(4R,5S)-5-(2-CARBOXYETHYL)-4-(CARBOXYMETHYL)PIPERIDIN-3-YLIDENE]-L-LYSINE",2-AMINO-6-(3-CARBOXY-1-[(4-CARBOXY-2-OXO-BUTYLAMINO)-METHYL]-PROPYLIDENEAMINO)-HEXANOIC ACID,l-peptide linking,极性／带电侧链,极性／带电侧链,C16 H27 N3 O6,357.402,LYS,C1[C@H]([C@H](/C(=N\CCCC[C@@H](C(=O)O)N)/CN1)CC(=O)O)CCC(=O)O,水溶性可能↑；被动渗透性可能↓；可提供结合或偶联位点,仅为结构/类别推断；不代表已证实提高环肽渗透性或口服暴露,https://www.rcsb.org/ligand/CYJ
CYQ,2-AMINO-3-PHOSPHONOMETHYLSULFANYL-PROPIONIC ACID,S-METHYL PHOSPHOCYSTEINE,l-peptide linking,极性／带电侧链,极性／带电侧链,C4 H10 N O5 P S,215.165,CYS,C([C@@H](C(=O)O)N)SCP(=O)(O)O,水溶性可能↑；被动渗透性可能↓；可提供结合或偶联位点,仅为结构/类别推断；不代表已证实提高环肽渗透性或口服暴露,https://www.rcsb.org/ligand/CYQ
CYR,N~5~-[{[(2R)-2-AMINO-2-CARBOXYETHYL]SULFANYL}(IMINIO)METHYL]-L-ORNITHINATE,L-CYSTEIN-S-1-(IMINOMETHYL)-L-ORNITHINE,l-peptide linking,极性／带电侧链,极性／带电侧链,C9 H19 N4 O4 S,279.337,CYS,C(C[C@@H](C(=O)O)N)CNC(=[NH2+])SC[C@@H](C(=O)O)N,水溶性可能↑；被动渗透性可能↓；可提供结合或偶联位点,仅为结构/类别推断；不代表已证实提高环肽渗透性或口服暴露,https://www.rcsb.org/ligand/CYR
CYW,S-[(2R)-2-hydroxypropanoyl]-L-cysteine,lactoylglutathione,l-peptide linking,极性／带电侧链,极性／带电侧链,C6 H11 N O4 S,193.221,CYS,C[C@H](C(=O)SC[C@@H](C(=O)O)N)O,水溶性可能↑；被动渗透性可能↓；可提供结合或偶联位点,仅为结构/类别推断；不代表已证实提高环肽渗透性或口服暴露,https://www.rcsb.org/ligand/CYW
CZ2,S-(DIHYDROXYARSINO)CYSTEINE,THIARSA DIHYDROXY CYSTEINE,l-peptide linking,极性／带电侧链,极性／带电侧链,C3 H8 As N O4 S,229.087,CYS,C([C@@H](C(=O)O)N)S[As](O)O,水溶性可能↑；被动渗透性可能↓；可提供结合或偶联位点,仅为结构/类别推断；不代表已证实提高环肽渗透性或口服暴露,https://www.rcsb.org/ligand/CZ2
CZO,"[(2R,4S)-2-[(1S,2R)-1-amino-2-hydroxypropyl]-2-hydroxy-4-(4-hydroxybenzyl)-5-oxoimidazolidin-1-yl]acetic acid",,l-peptide linking,芳香／疏水侧链,芳香／疏水侧链；极性／带电侧链,C15 H21 N3 O6,339.344,GLY / TYR,C[C@H]([C@@H]([C@]1(N[C@H](C(=O)N1CC(=O)O)Cc2ccc(cc2)O)O)N)O,疏水表面积可能↑；膜分配可能↑；水溶性可能↓；水溶性可能↑；被动渗透性可能↓,仅为结构/类别推断；不代表已证实提高环肽渗透性或口服暴露,https://www.rcsb.org/ligand/CZO
CZS,"3-(6-chloro-1,3-benzothiazol-2-yl)-L-alanine",,peptide linking,卤代／电子调节,卤代／电子调节；芳香／疏水侧链；极性／带电侧链,C10 H9 Cl N2 O2 S,256.709,ALA,c1cc2c(cc1Cl)sc(n2)C[C@@H](C(=O)O)N,疏水性可能↑；代谢稳定性可能↑；水溶性可能↓；疏水表面积可能↑；膜分配可能↑,仅为结构/类别推断；不代表已证实提高环肽渗透性或口服暴露,https://www.rcsb.org/ligand/CZS
CZZ,THIARSAHYDROXY-CYSTEINE,,l-peptide linking,极性／带电侧链,极性／带电侧链,C3 H7 As N O3 S,212.079,CYS,C([C@@H](C(=O)O)N)S[As]O,水溶性可能↑；被动渗透性可能↓；可提供结合或偶联位点,仅为结构/类别推断；不代表已证实提高环肽渗透性或口服暴露,https://www.rcsb.org/ligand/CZZ
D0C,4-chloro-D-phenylalanine,,d-peptide linking,D-构型,D-构型；卤代／电子调节；芳香／疏水侧链,C9 H10 Cl N O2,199.634,,c1cc(ccc1C[C@H](C(=O)O)N)Cl,蛋白酶稳定性可能↑；局部构象可能改变；渗透性取决于骨架；疏水性可能↑；代谢稳定性可能↑,仅为结构/类别推断；不代表已证实提高环肽渗透性或口服暴露,https://www.rcsb.org/ligand/D0C
D0Q,5-methyl-L-tryptophan,,l-peptide linking,芳香／疏水侧链,芳香／疏水侧链；极性／带电侧链,C12 H14 N2 O2,218.252,,Cc1ccc2c(c1)c(c[nH]2)C[C@@H](C(=O)O)N,疏水表面积可能↑；膜分配可能↑；水溶性可能↓；水溶性可能↑；被动渗透性可能↓,仅为结构/类别推断；不代表已证实提高环肽渗透性或口服暴露,https://www.rcsb.org/ligand/D0Q
D11,D-PHOSPHOTHREONINE,O-PHOSPHONO-D-THREONINE,d-peptide linking,D-构型,D-构型；极性／带电侧链,C4 H10 N O6 P,199.099,,C[C@@H]([C@H](C(=O)O)N)OP(=O)(O)O,蛋白酶稳定性可能↑；局部构象可能改变；渗透性取决于骨架；水溶性可能↑；被动渗透性可能↓,仅为结构/类别推断；不代表已证实提高环肽渗透性或口服暴露,https://www.rcsb.org/ligand/D11
D2T,(3R)-3-(methylsulfanyl)-L-aspartic acid,,l-peptide linking,极性／带电侧链,极性／带电侧链,C5 H9 N O4 S,179.194,ASP,CS[C@H]([C@@H](C(=O)O)N)C(=O)O,水溶性可能↑；被动渗透性可能↓；可提供结合或偶联位点,仅为结构/类别推断；不代表已证实提高环肽渗透性或口服暴露,https://www.rcsb.org/ligand/D2T
D3P,"(2R)-AMINO(3,5-DIHYDROXYPHENYL)ACETIC ACID",,d-peptide linking,D-构型,D-构型；芳香／疏水侧链；极性／带电侧链,C8 H9 N O4,183.161,,c1c(cc(cc1O)O)[C@H](C(=O)O)N,蛋白酶稳定性可能↑；局部构象可能改变；渗透性取决于骨架；疏水表面积可能↑；膜分配可能↑,仅为结构/类别推断；不代表已证实提高环肽渗透性或口服暴露,https://www.rcsb.org/ligand/D3P
D4P,(2S)-AMINO(4-HYDROXYPHENYL)ACETIC ACID,,l-peptide linking,芳香／疏水侧链,芳香／疏水侧链；极性／带电侧链,C8 H9 N O3,167.162,,c1cc(ccc1[C@@H](C(=O)O)N)O,疏水表面积可能↑；膜分配可能↑；水溶性可能↓；水溶性可能↑；被动渗透性可能↓,仅为结构/类别推断；不代表已证实提高环肽渗透性或口服暴露,https://www.rcsb.org/ligand/D4P
D8R,N~6~-[(2R)-2-hydroxypropanoyl]-L-lysine,,l-peptide linking,极性／带电侧链,极性／带电侧链,C9 H18 N2 O4,218.25,LYS,C[C@H](C(=O)NCCCC[C@@H](C(=O)O)N)O,水溶性可能↑；被动渗透性可能↓；可提供结合或偶联位点,仅为结构/类别推断；不代表已证实提高环肽渗透性或口服暴露,https://www.rcsb.org/ligand/D8R
DA2,"NG,NG-DIMETHYL-L-ARGININE",ADMA,l-peptide linking,极性／带电侧链,极性／带电侧链,C8 H18 N4 O2,202.254,ARG,[H]/N=C(/NCCC[C@@H](C(=O)O)N)\N(C)C,水溶性可能↑；被动渗透性可能↓；可提供结合或偶联位点,仅为结构/类别推断；不代表已证实提高环肽渗透性或口服暴露,https://www.rcsb.org/ligand/DA2
DAB,"2,4-DIAMINOBUTYRIC ACID",,l-peptide linking,极性／带电侧链,极性／带电侧链,C4 H10 N2 O2,118.134,ALA,C(CN)[C@@H](C(=O)O)N,水溶性可能↑；被动渗透性可能↓；可提供结合或偶联位点,仅为结构/类别推断；不代表已证实提高环肽渗透性或口服暴露,https://www.rcsb.org/ligand/DAB
DAH,"3,4-DIHYDROXYPHENYLALANINE",L-DOPA,l-peptide linking,芳香／疏水侧链,芳香／疏水侧链；极性／带电侧链,C9 H11 N O4,197.188,TYR,c1cc(c(cc1C[C@@H](C(=O)O)N)O)O,疏水表面积可能↑；膜分配可能↑；水溶性可能↓；水溶性可能↑；被动渗透性可能↓,仅为结构/类别推断；不代表已证实提高环肽渗透性或口服暴露,https://www.rcsb.org/ligand/DAH
DAL,D-ALANINE,,d-peptide linking,D-构型,D-构型,C3 H7 N O2,89.093,,C[C@H](C(=O)O)N,蛋白酶稳定性可能↑；局部构象可能改变；渗透性取决于骨架,仅为结构/类别推断；不代表已证实提高环肽渗透性或口服暴露,https://www.rcsb.org/ligand/DAL
DAM,N-METHYL-ALPHA-BETA-DEHYDROALANINE,,peptide linking,N-取代,N-取代,C4 H7 N O2,101.104,,CNC(=C)C(=O)O,主链氢键供体可能↓；暴露极性可能↓；被动渗透性可能↑,仅为结构/类别推断；不代表已证实提高环肽渗透性或口服暴露,https://www.rcsb.org/ligand/DAM
DAR,D-ARGININE,,d-peptide linking,D-构型,D-构型；极性／带电侧链,C6 H15 N4 O2,175.209,,C(C[C@H](C(=O)O)N)CNC(=[NH2+])N,蛋白酶稳定性可能↑；局部构象可能改变；渗透性取决于骨架；水溶性可能↑；被动渗透性可能↓,仅为结构/类别推断；不代表已证实提高环肽渗透性或口服暴露,https://www.rcsb.org/ligand/DAR
DAS,D-ASPARTIC ACID,,d-peptide linking,D-构型,D-构型；极性／带电侧链,C4 H7 N O4,133.103,,C([C@H](C(=O)O)N)C(=O)O,蛋白酶稳定性可能↑；局部构象可能改变；渗透性取决于骨架；水溶性可能↑；被动渗透性可能↓,仅为结构/类别推断；不代表已证实提高环肽渗透性或口服暴露,https://www.rcsb.org/ligand/DAS
DBB,D-ALPHA-AMINOBUTYRIC ACID,,d-peptide linking,D-构型,D-构型,C4 H9 N O2,103.12,,CC[C@H](C(=O)O)N,蛋白酶稳定性可能↑；局部构象可能改变；渗透性取决于骨架,仅为结构/类别推断；不代表已证实提高环肽渗透性或口服暴露,https://www.rcsb.org/ligand/DBB
DBS,"2-(2,3-DIHYDROXY-BENZOYLAMINO)-3-HYDROXY-PROPIONIC ACID","2,3,-DIHYDROXYBENZOYLSERINE",l-peptide linking,芳香／疏水侧链,芳香／疏水侧链；极性／带电侧链,C10 H11 N O6,241.197,SER,c1cc(c(c(c1)O)O)C(=O)N[C@@H](CO)C(=O)O,疏水表面积可能↑；膜分配可能↑；水溶性可能↓；水溶性可能↑；被动渗透性可能↓,仅为结构/类别推断；不代表已证实提高环肽渗透性或口服暴露,https://www.rcsb.org/ligand/DBS
DBU,(2Z)-2-AMINOBUT-2-ENOIC ACID,Z-DEHYDROBUTYRINE,peptide linking,其他CCD肽链核心,,C4 H7 N O2,101.104,THR,C\C=C(\C(=O)O)/N,尚无可靠的定向性质判断；需在具体环肽骨架中验证,仅为结构/类别推断；不代表已证实提高环肽渗透性或口服暴露,https://www.rcsb.org/ligand/DBU
DBY,"3,5 DIBROMOTYROSINE",,l-peptide linking,卤代／电子调节,卤代／电子调节；芳香／疏水侧链；极性／带电侧链,C9 H9 Br2 N O3,338.981,TYR,c1c(cc(c(c1Br)O)Br)C[C@@H](C(=O)O)N,疏水性可能↑；代谢稳定性可能↑；水溶性可能↓；疏水表面积可能↑；膜分配可能↑,仅为结构/类别推断；不代表已证实提高环肽渗透性或口服暴露,https://www.rcsb.org/ligand/DBY
DBZ,3-(BENZOYLAMINO)-L-ALANINE,,l-peptide linking,芳香／疏水侧链,芳香／疏水侧链；极性／带电侧链,C10 H12 N2 O3,208.214,ALA,c1ccc(cc1)C(=O)NC[C@@H](C(=O)O)N,疏水表面积可能↑；膜分配可能↑；水溶性可能↓；水溶性可能↑；被动渗透性可能↓,仅为结构/类别推断；不代表已证实提高环肽渗透性或口服暴露,https://www.rcsb.org/ligand/DBZ
DC2,"N-acetyl-S-[(1S)-1,2-dichloroethyl]-L-cysteine",,l-peptide linking,卤代／电子调节,卤代／电子调节；极性／带电侧链,C7 H11 Cl2 N O3 S,260.138,CYS,CC(=O)N[C@@H](CS[C@H](CCl)Cl)C(=O)O,疏水性可能↑；代谢稳定性可能↑；水溶性可能↓；水溶性可能↑；被动渗透性可能↓,仅为结构/类别推断；不代表已证实提高环肽渗透性或口服暴露,https://www.rcsb.org/ligand/DC2
DCY,D-CYSTEINE,,d-peptide linking,D-构型,D-构型,C3 H7 N O2 S,121.158,,C([C@H](C(=O)O)N)S,蛋白酶稳定性可能↑；局部构象可能改变；渗透性取决于骨架,仅为结构/类别推断；不代表已证实提高环肽渗透性或口服暴露,https://www.rcsb.org/ligand/DCY
DDE,{3-[4-(2-AMINO-2-CARBOXY-ETHYL)-1H-IMIDAZOL-2-YL]-1-CARBAMOYL-PROPYL}-TRIMETHYL-AMMONIUM,DIPHTHAMIDE; 2-(3-CARBOXYAMIDO-3-(TRIMETHYLAMMONIO)PROPYL)HISTIDINE,l-peptide linking,芳香／疏水侧链,芳香／疏水侧链；极性／带电侧链,C13 H24 N5 O3,298.361,HIS,C[N+](C)(C)[C@H](CCc1[nH]cc(n1)C[C@@H](C(=O)O)N)C(=O)N,疏水表面积可能↑；膜分配可能↑；水溶性可能↓；水溶性可能↑；被动渗透性可能↓,仅为结构/类别推断；不代表已证实提高环肽渗透性或口服暴露,https://www.rcsb.org/ligand/DDE
DDZ,"3,3-DIHYDROXY L-ALANINE",3-HYDROXY-L-SERINE,l-peptide linking,极性／带电侧链,极性／带电侧链,C3 H7 N O4,121.092,ALA,[C@H](C(O)O)(C(=O)O)N,水溶性可能↑；被动渗透性可能↓；可提供结合或偶联位点,仅为结构/类别推断；不代表已证实提高环肽渗透性或口服暴露,https://www.rcsb.org/ligand/DDZ
DFF,4-benzoyl-D-phenylalanine,,d-peptide linking,D-构型,D-构型；芳香／疏水侧链；极性／带电侧链,C16 H15 N O3,269.295,,c1ccc(cc1)C(=O)c2ccc(cc2)C[C@H](C(=O)O)N,蛋白酶稳定性可能↑；局部构象可能改变；渗透性取决于骨架；疏水表面积可能↑；膜分配可能↑,仅为结构/类别推断；不代表已证实提高环肽渗透性或口服暴露,https://www.rcsb.org/ligand/DFF
DFI,"2,2-DIFLUOROSTATINE",,l-peptide linking,卤代／电子调节,卤代／电子调节；极性／带电侧链,C8 H15 F2 N O3,211.206,,CC(C)C[C@@H]([C@H](C(C(=O)O)(F)F)O)N,疏水性可能↑；代谢稳定性可能↑；水溶性可能↓；水溶性可能↑；被动渗透性可能↓,仅为结构/类别推断；不代表已证实提高环肽渗透性或口服暴露,https://www.rcsb.org/ligand/DFI
DFO,"2,2-DIFLUORO-3-HYDROSTATINE",,l-peptide linking,卤代／电子调节,卤代／电子调节；极性／带电侧链,C8 H15 F2 N O4,227.206,,CC(C)C[C@@H](C(C(C(=O)O)(F)F)(O)O)N,疏水性可能↑；代谢稳定性可能↑；水溶性可能↓；水溶性可能↑；被动渗透性可能↓,仅为结构/类别推断；不代表已证实提高环肽渗透性或口服暴露,https://www.rcsb.org/ligand/DFO
DGL / FGA,D-GLUTAMIC ACID,D-GLUTAMIC ACID,"d-peptide linking；d-gamma-peptide, c-delta linking",D-构型,D-构型；延长骨架；极性／带电侧链,C5 H9 N O4,147.129,,C(CC(=O)O)[C@H](C(=O)O)N,蛋白酶稳定性可能↑；局部构象可能改变；渗透性取决于骨架；骨架间距改变；构象分布可能改变,仅为结构/类别推断；不代表已证实提高环肽渗透性或口服暴露,https://www.rcsb.org/ligand/DGL
DGN,D-GLUTAMINE,,d-peptide linking,D-构型,D-构型；极性／带电侧链,C5 H10 N2 O3,146.144,,C(CC(=O)N)[C@H](C(=O)O)N,蛋白酶稳定性可能↑；局部构象可能改变；渗透性取决于骨架；水溶性可能↑；被动渗透性可能↓,仅为结构/类别推断；不代表已证实提高环肽渗透性或口服暴露,https://www.rcsb.org/ligand/DGN
DHA,2-AMINO-ACRYLIC ACID,"2,3-DIDEHYDROALANINE",peptide linking,其他CCD肽链核心,,C3 H5 N O2,87.077,SER,C=C(C(=O)O)N,尚无可靠的定向性质判断；需在具体环肽骨架中验证,仅为结构/类别推断；不代表已证实提高环肽渗透性或口服暴露,https://www.rcsb.org/ligand/DHA
DHI,D-HISTIDINE,,d-peptide linking,D-构型,D-构型；芳香／疏水侧链；极性／带电侧链,C6 H10 N3 O2,156.162,,c1c([nH+]c[nH]1)C[C@H](C(=O)O)N,蛋白酶稳定性可能↑；局部构象可能改变；渗透性取决于骨架；疏水表面积可能↑；膜分配可能↑,仅为结构/类别推断；不代表已证实提高环肽渗透性或口服暴露,https://www.rcsb.org/ligand/DHI
DHL,2-AMINO-ETHANETHIOL,"2,3-DESHYDROLANTHIONINE",l-peptide linking,其他CCD肽链核心,,C2 H7 N S,77.149,,C(CS)N,尚无可靠的定向性质判断；需在具体环肽骨架中验证,仅为结构/类别推断；不代表已证实提高环肽渗透性或口服暴露,https://www.rcsb.org/ligand/DHL
DHP,"3-DECYL-2,5-DIOXO-4-HYDROXY-3-PYRROLINE",,l-peptide linking,极性／带电侧链,极性／带电侧链,C14 H23 N O3,253.337,,CCCCCCCCCCC1=C(C(=O)NC1=O)O,水溶性可能↑；被动渗透性可能↓；可提供结合或偶联位点,仅为结构/类别推断；不代表已证实提高环肽渗透性或口服暴露,https://www.rcsb.org/ligand/DHP
DHV,3-hydroxy-D-valine,D-beta-hydroxyvaline,d-peptide linking,D-构型,D-构型；极性／带电侧链,C5 H11 N O3,133.146,,CC(C)([C@H](C(=O)O)N)O,蛋白酶稳定性可能↑；局部构象可能改变；渗透性取决于骨架；水溶性可能↑；被动渗透性可能↓,仅为结构/类别推断；不代表已证实提高环肽渗透性或口服暴露,https://www.rcsb.org/ligand/DHV
DI7,"2,6-dimethyl-L-tyrosine",,l-peptide linking,芳香／疏水侧链,芳香／疏水侧链；极性／带电侧链,C11 H15 N O3,209.242,TYR,Cc1cc(cc(c1C[C@@H](C(=O)O)N)C)O,疏水表面积可能↑；膜分配可能↑；水溶性可能↓；水溶性可能↑；被动渗透性可能↓,仅为结构/类别推断；不代表已证实提高环肽渗透性或口服暴露,https://www.rcsb.org/ligand/DI7
DI8,"(3S)-1,2,3,4-tetrahydroisoquinoline-3-carboxylic acid",,l-peptide linking,芳香／疏水侧链,芳香／疏水侧链,C10 H11 N O2,177.2,,c1ccc2c(c1)C[C@H](NC2)C(=O)O,疏水表面积可能↑；膜分配可能↑；水溶性可能↓,仅为结构/类别推断；不代表已证实提高环肽渗透性或口服暴露,https://www.rcsb.org/ligand/DI8
DIL,D-ISOLEUCINE,,d-peptide linking,D-构型,D-构型,C6 H13 N O2,131.173,,CC[C@@H](C)[C@H](C(=O)O)N,蛋白酶稳定性可能↑；局部构象可能改变；渗透性取决于骨架,仅为结构/类别推断；不代表已证实提高环肽渗透性或口服暴露,https://www.rcsb.org/ligand/DIL
DIR,3-{[(E)-AMINO(HYDROXYIMINO)METHYL]AMINO}ALANINE,DINOR-N(OMEGA)-HYDROXY-L-ARGININE,l-peptide linking,极性／带电侧链,极性／带电侧链,C4 H10 N4 O3,162.147,ARG,C([C@@H](C(=O)O)N)N/C(=N/O)/N,水溶性可能↑；被动渗透性可能↓；可提供结合或偶联位点,仅为结构/类别推断；不代表已证实提高环肽渗透性或口服暴露,https://www.rcsb.org/ligand/DIR
DISEP,DIPHOSPHOSERINE,2-azanyl-3-[oxidanyl(phosphonooxy)phosphoryl]oxy-propanoic acid,l-peptide linking,极性／带电侧链,极性／带电侧链,C3 H9 N O9 P2,265.052,SER,C(C(C(=O)O)N)OP(=O)(O)OP(=O)(O)O,水溶性可能↑；被动渗透性可能↓；可提供结合或偶联位点,仅为结构/类别推断；不代表已证实提高环肽渗透性或口服暴露,https://www.rcsb.org/ligand/DISEP
DIV,D-ISOVALINE,,d-peptide linking,D-构型,D-构型,C5 H11 N O2,117.146,,CC[C@](C)(C(=O)O)N,蛋白酶稳定性可能↑；局部构象可能改变；渗透性取决于骨架,仅为结构/类别推断；不代表已证实提高环肽渗透性或口服暴露,https://www.rcsb.org/ligand/DIV
DJD,"4-(6-methyl-1,2,4,5-tetrazin-3-yl)-L-phenylalanine",,l-peptide linking,芳香／疏水侧链,芳香／疏水侧链；极性／带电侧链,C12 H13 N5 O2,259.264,PHE,Cc1nnc(nn1)c2ccc(cc2)C[C@@H](C(=O)O)N,疏水表面积可能↑；膜分配可能↑；水溶性可能↓；水溶性可能↑；被动渗透性可能↓,仅为结构/类别推断；不代表已证实提高环肽渗透性或口服暴露,https://www.rcsb.org/ligand/DJD
DLE,D-LEUCINE,,d-peptide linking,D-构型,D-构型,C6 H13 N O2,131.173,,CC(C)C[C@H](C(=O)O)N,蛋白酶稳定性可能↑；局部构象可能改变；渗透性取决于骨架,仅为结构/类别推断；不代表已证实提高环肽渗透性或口服暴露,https://www.rcsb.org/ligand/DLE
DLS,DI-ACETYL-LYSINE,,l-peptide linking,极性／带电侧链,极性／带电侧链,C10 H18 N2 O4,230.261,LYS,CC(=O)NCCCC[C@@H](C(=O)O)NC(=O)C,水溶性可能↑；被动渗透性可能↓；可提供结合或偶联位点,仅为结构/类别推断；不代表已证实提高环肽渗透性或口服暴露,https://www.rcsb.org/ligand/DLS
DLY,D-LYSINE,,d-peptide linking,D-构型,D-构型；极性／带电侧链,C6 H14 N2 O2,146.188,,C(CCN)C[C@H](C(=O)O)N,蛋白酶稳定性可能↑；局部构象可能改变；渗透性取决于骨架；水溶性可能↑；被动渗透性可能↓,仅为结构/类别推断；不代表已证实提高环肽渗透性或口服暴露,https://www.rcsb.org/ligand/DLY
DM0,"N~2~,N~2~,N~6~,N~6~-tetramethyl-L-lysine",,l-peptide linking,极性／带电侧链,极性／带电侧链,C10 H22 N2 O2,202.294,LYS,CN(C)CCCC[C@@H](C(=O)O)N(C)C,水溶性可能↑；被动渗透性可能↓；可提供结合或偶联位点,仅为结构/类别推断；不代表已证实提高环肽渗透性或口服暴露,https://www.rcsb.org/ligand/DM0
DMH,"N4,N4-DIMETHYL-ASPARAGINE",,l-peptide linking,极性／带电侧链,极性／带电侧链,C6 H12 N2 O3,160.171,ASN,CN(C)C(=O)C[C@@H](C(=O)O)N,水溶性可能↑；被动渗透性可能↓；可提供结合或偶联位点,仅为结构/类别推断；不代表已证实提高环肽渗透性或口服暴露,https://www.rcsb.org/ligand/DMH
DMK,"3,3-DIMETHYL ASPARTIC ACID",,l-peptide linking,极性／带电侧链,极性／带电侧链,C6 H11 N O4,161.156,ASP,CC(C)([C@@H](C(=O)O)N)C(=O)O,水溶性可能↑；被动渗透性可能↓；可提供结合或偶联位点,仅为结构/类别推断；不代表已证实提高环肽渗透性或口服暴露,https://www.rcsb.org/ligand/DMK
DMT,"3-HYDROXY-4,4-DIMETHYL-2-(METHYLAMINO)-6-OCTENOIC ACID",,l-peptide linking,极性／带电侧链,极性／带电侧链,C11 H21 N O3,215.289,,C\C=C\CC(C)(C)[C@H]([C@@H](C(=O)O)NC)O,水溶性可能↑；被动渗透性可能↓；可提供结合或偶联位点,仅为结构/类别推断；不代表已证实提高环肽渗透性或口服暴露,https://www.rcsb.org/ligand/DMT
DNE,D-NORLEUCINE,,d-peptide linking,D-构型,D-构型,C6 H13 N O2,131.173,,CCCC[C@H](C(=O)O)N,蛋白酶稳定性可能↑；局部构象可能改变；渗透性取决于骨架,仅为结构/类别推断；不代表已证实提高环肽渗透性或口服暴露,https://www.rcsb.org/ligand/DNE
DNG,N-FORMYL-D-NORLEUCINE,,d-peptide linking,D-构型,D-构型；极性／带电侧链,C7 H13 N O3,159.183,,CCCC[C@H](C(=O)O)NC=O,蛋白酶稳定性可能↑；局部构象可能改变；渗透性取决于骨架；水溶性可能↑；被动渗透性可能↓,仅为结构/类别推断；不代表已证实提高环肽渗透性或口服暴露,https://www.rcsb.org/ligand/DNG
DNL,6-AMINO-HEXANAL,ALPHA-DEAMINO-LYSINAL,l-peptide linking,其他CCD肽链核心,,C6 H13 N O,115.174,LYS,C(CCC=O)CCN,尚无可靠的定向性质判断；需在具体环肽骨架中验证,仅为结构/类别推断；不代表已证实提高环肽渗透性或口服暴露,https://www.rcsb.org/ligand/DNL
DNM,N-methyl-D-norleucine,,d-peptide linking,N-取代,D-构型；N-取代,C7 H15 N O2,145.199,,CCCC[C@H](C(=O)O)NC,蛋白酶稳定性可能↑；局部构象可能改变；渗透性取决于骨架；主链氢键供体可能↓；暴露极性可能↓,仅为结构/类别推断；不代表已证实提高环肽渗透性或口服暴露,https://www.rcsb.org/ligand/DNM
DNP,3-AMINO-ALANINE,,l-peptide linking,极性／带电侧链,极性／带电侧链,C3 H9 N2 O2,105.116,ALA,C([C@@H](C(=O)O)N)[NH3+],水溶性可能↑；被动渗透性可能↓；可提供结合或偶联位点,仅为结构/类别推断；不代表已证实提高环肽渗透性或口服暴露,https://www.rcsb.org/ligand/DNP
DNS,N~6~-{[5-(DIMETHYLAMINO)-1-NAPHTHYL]SULFONYL}-L-LYSINE,DANSYLLYSINE; DNS-LYSINE; N(EPSILON)-DANSYL-L-LYSINE,l-peptide linking,芳香／疏水侧链,芳香／疏水侧链；极性／带电侧链,C18 H25 N3 O4 S,379.474,LYS,CN(C)c1cccc2c1cccc2S(=O)(=O)NCCCC[C@@H](C(=O)O)N,疏水表面积可能↑；膜分配可能↑；水溶性可能↓；水溶性可能↑；被动渗透性可能↓,仅为结构/类别推断；不代表已证实提高环肽渗透性或口服暴露,https://www.rcsb.org/ligand/DNS
DNW,"3-[(2,4-dinitrophenyl)amino]-L-alanine",,l-peptide linking,芳香／疏水侧链,芳香／疏水侧链；极性／带电侧链,C9 H10 N4 O6,270.199,ALA,c1cc(c(cc1[N+](=O)[O-])[N+](=O)[O-])NC[C@@H](C(=O)O)N,疏水表面积可能↑；膜分配可能↑；水溶性可能↓；水溶性可能↑；被动渗透性可能↓,仅为结构/类别推断；不代表已证实提高环肽渗透性或口服暴露,https://www.rcsb.org/ligand/DNW
DO2,"5,5-dihydroxy-6-oxo-L-norleucine",,l-peptide linking,极性／带电侧链,极性／带电侧链,C6 H11 N O5,177.155,,C(CC(C=O)(O)O)[C@@H](C(=O)O)N,水溶性可能↑；被动渗透性可能↓；可提供结合或偶联位点,仅为结构/类别推断；不代表已证实提高环肽渗透性或口服暴露,https://www.rcsb.org/ligand/DO2
DOA,12-AMINO-DODECANOIC ACID,,l-peptide linking,其他CCD肽链核心,,C12 H25 N O2,215.332,,C(CCCCCC(=O)O)CCCCCN,尚无可靠的定向性质判断；需在具体环肽骨架中验证,仅为结构/类别推断；不代表已证实提高环肽渗透性或口服暴露,https://www.rcsb.org/ligand/DOA
DON,6-DIAZENYL-5-OXO-L-NORLEUCINE,(S)-2-AMINO-6-DIAZENYL-5-OXOHEXANOIC ACID,l-peptide linking,极性／带电侧链,极性／带电侧链,C6 H11 N3 O3,173.17,LEU,C(CC(=O)CN=N)[C@@H](C(=O)O)N,水溶性可能↑；被动渗透性可能↓；可提供结合或偶联位点,仅为结构/类别推断；不代表已证实提高环肽渗透性或口服暴露,https://www.rcsb.org/ligand/DON
DPL,4-OXOPROLINE,,l-peptide linking,构象限制,构象限制；极性／带电侧链,C5 H7 N O3,129.114,PRO,C1[C@H](NCC1=O)C(=O)O,构象刚性可能↑；蛋白酶稳定性可能↑；渗透性取决于极性遮蔽；水溶性可能↑；被动渗透性可能↓,仅为结构/类别推断；不代表已证实提高环肽渗透性或口服暴露,https://www.rcsb.org/ligand/DPL
DPN,D-PHENYLALANINE,,d-peptide linking,D-构型,D-构型；芳香／疏水侧链,C9 H11 N O2,165.189,,c1ccc(cc1)C[C@H](C(=O)O)N,蛋白酶稳定性可能↑；局部构象可能改变；渗透性取决于骨架；疏水表面积可能↑；膜分配可能↑,仅为结构/类别推断；不代表已证实提高环肽渗透性或口服暴露,https://www.rcsb.org/ligand/DPN
DPP,DIAMINOPROPANOIC ACID,,l-peptide linking,极性／带电侧链,极性／带电侧链,C3 H8 N2 O2,104.108,ALA,C([C@@H](C(=O)O)N)N,水溶性可能↑；被动渗透性可能↓；可提供结合或偶联位点,仅为结构/类别推断；不代表已证实提高环肽渗透性或口服暴露,https://www.rcsb.org/ligand/DPP
DPQ,"(S)-2-AMINO-3-(4-HYDROXY-3-OXOCYCLOHEXA-1,4-DIENYL)PROPANOIC ACID",,l-peptide linking,构象限制,构象限制；极性／带电侧链,C9 H11 N O4,197.188,TYR,C1C=C(C(=O)C=C1C[C@@H](C(=O)O)N)O,构象刚性可能↑；蛋白酶稳定性可能↑；渗透性取决于极性遮蔽；水溶性可能↑；被动渗透性可能↓,仅为结构/类别推断；不代表已证实提高环肽渗透性或口服暴露,https://www.rcsb.org/ligand/DPQ
DPR,D-PROLINE,,d-peptide linking,D-构型,D-构型；构象限制,C5 H9 N O2,115.13,,C1C[C@@H](NC1)C(=O)O,蛋白酶稳定性可能↑；局部构象可能改变；渗透性取决于骨架；构象刚性可能↑；渗透性取决于极性遮蔽,仅为结构/类别推断；不代表已证实提高环肽渗透性或口服暴露,https://www.rcsb.org/ligand/DPR
DSE,N-METHYL-D-SERINE,,d-peptide linking,N-取代,D-构型；N-取代；极性／带电侧链,C4 H9 N O3,119.119,,CN[C@H](CO)C(=O)O,蛋白酶稳定性可能↑；局部构象可能改变；渗透性取决于骨架；主链氢键供体可能↓；暴露极性可能↓,仅为结构/类别推断；不代表已证实提高环肽渗透性或口服暴露,https://www.rcsb.org/ligand/DSE
DSG,D-ASPARAGINE,,d-peptide linking,D-构型,D-构型；极性／带电侧链,C4 H8 N2 O3,132.118,,C([C@H](C(=O)O)N)C(=O)N,蛋白酶稳定性可能↑；局部构象可能改变；渗透性取决于骨架；水溶性可能↑；被动渗透性可能↓,仅为结构/类别推断；不代表已证实提高环肽渗透性或口服暴露,https://www.rcsb.org/ligand/DSG
DSN,D-SERINE,,d-peptide linking,D-构型,D-构型；极性／带电侧链,C3 H7 N O3,105.093,,C([C@H](C(=O)O)N)O,蛋白酶稳定性可能↑；局部构象可能改变；渗透性取决于骨架；水溶性可能↑；被动渗透性可能↓,仅为结构/类别推断；不代表已证实提高环肽渗透性或口服暴露,https://www.rcsb.org/ligand/DSN
DTH,D-THREONINE,,d-peptide linking,D-构型,D-构型；极性／带电侧链,C4 H9 N O3,119.119,,C[C@@H]([C@H](C(=O)O)N)O,蛋白酶稳定性可能↑；局部构象可能改变；渗透性取决于骨架；水溶性可能↑；被动渗透性可能↓,仅为结构/类别推断；不代表已证实提高环肽渗透性或口服暴露,https://www.rcsb.org/ligand/DTH
DTR,D-TRYPTOPHAN,,d-peptide linking,D-构型,D-构型；芳香／疏水侧链；极性／带电侧链,C11 H12 N2 O2,204.225,,c1ccc2c(c1)c(c[nH]2)C[C@H](C(=O)O)N,蛋白酶稳定性可能↑；局部构象可能改变；渗透性取决于骨架；疏水表面积可能↑；膜分配可能↑,仅为结构/类别推断；不代表已证实提高环肽渗透性或口服暴露,https://www.rcsb.org/ligand/DTR
DTY,D-TYROSINE,,d-peptide linking,D-构型,D-构型；芳香／疏水侧链；极性／带电侧链,C9 H11 N O3,181.189,,c1cc(ccc1C[C@H](C(=O)O)N)O,蛋白酶稳定性可能↑；局部构象可能改变；渗透性取决于骨架；疏水表面积可能↑；膜分配可能↑,仅为结构/类别推断；不代表已证实提高环肽渗透性或口服暴露,https://www.rcsb.org/ligand/DTY
DV7,L-(7-hydroxycoumarin-4-yl)ethylglycine,(2S)-2-amino-4-(7-hydroxy-2-oxo-2H-1-benzopyran-4-yl)butanoic acid,l-peptide linking,芳香／疏水侧链,芳香／疏水侧链；极性／带电侧链,C13 H13 N O5,263.246,,c1cc2c(cc1O)OC(=O)C=C2CC[C@@H](C(=O)O)N,疏水表面积可能↑；膜分配可能↑；水溶性可能↓；水溶性可能↑；被动渗透性可能↓,仅为结构/类别推断；不代表已证实提高环肽渗透性或口服暴露,https://www.rcsb.org/ligand/DV7
DV9,"(2S)-2-azanyl-6,6-bis(fluoranyl)-5-oxidanylidene-6-phosphono-hexanoic acid",,l-peptide linking,极性／带电侧链,极性／带电侧链,C6 H10 F2 N O6 P,261.117,GLU,C(CC(=O)C(F)(F)P(=O)(O)O)[C@@H](C(=O)O)N,水溶性可能↑；被动渗透性可能↓；可提供结合或偶联位点,仅为结构/类别推断；不代表已证实提高环肽渗透性或口服暴露,https://www.rcsb.org/ligand/DV9
DVA,D-VALINE,,d-peptide linking,D-构型,D-构型,C5 H11 N O2,117.146,,CC(C)[C@H](C(=O)O)N,蛋白酶稳定性可能↑；局部构象可能改变；渗透性取决于骨架,仅为结构/类别推断；不代表已证实提高环肽渗透性或口服暴露,https://www.rcsb.org/ligand/DVA
DYA,DIDEHYDROASPARTATE,,l-peptide linking,极性／带电侧链,极性／带电侧链,C4 H5 N O4,131.087,ASP,C(=C(/C(=O)O)\N)\C(=O)O,水溶性可能↑；被动渗透性可能↓；可提供结合或偶联位点,仅为结构/类别推断；不代表已证实提高环肽渗透性或口服暴露,https://www.rcsb.org/ligand/DYA
DYG,(3S)-3-amino-3-[(4Z)-1-(carboxymethyl)-4-[(4-hydroxyphenyl)methylidene]-5-oxo-imidazol-2-yl]propanoic acid,CHROMOPHORE (ASP-TYR-GLY),l-peptide linking,芳香／疏水侧链,芳香／疏水侧链；极性／带电侧链,C15 H15 N3 O6,333.296,ASP / GLY / TYR,c1cc(ccc1\C=C/2\C(=O)N(C(=N2)[C@H](CC(=O)O)N)CC(=O)O)O,疏水表面积可能↑；膜分配可能↑；水溶性可能↓；水溶性可能↑；被动渗透性可能↓,仅为结构/类别推断；不代表已证实提高环肽渗透性或口服暴露,https://www.rcsb.org/ligand/DYG
DYJ,1-[(2E)-4-carboxy-4-oxobut-2-en-2-yl]-L-proline,,l-peptide linking,构象限制,构象限制；极性／带电侧链,C10 H13 N O5,227.214,PRO,C/C(=C\C(=O)C(=O)O)/N1CCC[C@H]1C(=O)O,构象刚性可能↑；蛋白酶稳定性可能↑；渗透性取决于极性遮蔽；水溶性可能↑；被动渗透性可能↓,仅为结构/类别推断；不代表已证实提高环肽渗透性或口服暴露,https://www.rcsb.org/ligand/DYJ
DYL,(2R)-2-aminopent-4-enoic acid,,d-peptide linking,D-构型,D-构型,C5 H9 N O2,115.13,,C=CC[C@H](C(=O)O)N,蛋白酶稳定性可能↑；局部构象可能改变；渗透性取决于骨架,仅为结构/类别推断；不代表已证实提高环肽渗透性或口服暴露,https://www.rcsb.org/ligand/DYL
DYS,"S-[5-(2-aminoethyl)-2,3-dihydroxyphenyl]-L-cysteine",,l-peptide linking,芳香／疏水侧链,芳香／疏水侧链；极性／带电侧链,C11 H16 N2 O4 S,272.321,CYS,c1c(cc(c(c1O)O)SC[C@@H](C(=O)O)N)CCN,疏水表面积可能↑；膜分配可能↑；水溶性可能↓；水溶性可能↑；被动渗透性可能↓,仅为结构/类别推断；不代表已证实提高环肽渗透性或口服暴露,https://www.rcsb.org/ligand/DYS
E03,6-FLUORO-D-TRYPTOPHAN,(2R)-2-azanyl-3-(6-fluoranyl-1H-indol-3-yl)propanoic acid,d-peptide linking,D-构型,D-构型；卤代／电子调节；芳香／疏水侧链；极性／带电侧链,C11 H11 F N2 O2,222.216,,c1cc2c(cc1F)[nH]cc2C[C@H](C(=O)O)N,蛋白酶稳定性可能↑；局部构象可能改变；渗透性取决于骨架；疏水性可能↑；代谢稳定性可能↑,仅为结构/类别推断；不代表已证实提高环肽渗透性或口服暴露,https://www.rcsb.org/ligand/E03
E0Y,"(3S,5R)-5-[(2R,3R)-1,3-dihydroxybutan-2-yl]-3-({(3R)-1-[(1E)-ethanimidoyl]pyrrolidin-3-yl}sulfanyl)-L-proline",,l-peptide linking,构象限制,构象限制；极性／带电侧链,C15 H27 N3 O4 S,345.458,PRO,[H]/N=C(\C)/N1CC[C@H](C1)SC2C[C@@H](NC2C(=O)O)[C@H](CO)[C@@H](C)O,构象刚性可能↑；蛋白酶稳定性可能↑；渗透性取决于极性遮蔽；水溶性可能↑；被动渗透性可能↓,仅为结构/类别推断；不代表已证实提高环肽渗透性或口服暴露,https://www.rcsb.org/ligand/E0Y
E95,7-Methyl-L-Tryptophan,,l-peptide linking,芳香／疏水侧链,芳香／疏水侧链；极性／带电侧链,C12 H14 N2 O2,218.252,,Cc1cccc2c1[nH]cc2C[C@@H](C(=O)O)N,疏水表面积可能↑；膜分配可能↑；水溶性可能↓；水溶性可能↑；被动渗透性可能↓,仅为结构/类别推断；不代表已证实提高环肽渗透性或口服暴露,https://www.rcsb.org/ligand/E95
E9C,"(2S)-2-azanyl-3-[3,4,6-tris(oxidanylidene)cyclohexen-1-yl]propanoic acid",,l-peptide linking,构象限制,构象限制；极性／带电侧链,C9 H9 N O5,211.171,TYR,C1C(=O)C(=CC(=O)C1=O)C[C@@H](C(=O)O)N,构象刚性可能↑；蛋白酶稳定性可能↑；渗透性取决于极性遮蔽；水溶性可能↑；被动渗透性可能↓,仅为结构/类别推断；不代表已证实提高环肽渗透性或口服暴露,https://www.rcsb.org/ligand/E9C
E9M,N-methyl-L-tryptophan,,l-peptide linking,N-取代,N-取代；芳香／疏水侧链；极性／带电侧链,C12 H14 N2 O2,218.252,TRP,CN[C@@H](Cc1c[nH]c2c1cccc2)C(=O)O,主链氢键供体可能↓；暴露极性可能↓；被动渗透性可能↑；疏水表面积可能↑；膜分配可能↑,仅为结构/类别推断；不代表已证实提高环肽渗透性或口服暴露,https://www.rcsb.org/ligand/E9M
E9V,N-methyl-L-histidine,,l-peptide linking,N-取代,N-取代；芳香／疏水侧链；极性／带电侧链,C7 H11 N3 O2,169.181,HIS,CN[C@@H](Cc1cnc[nH]1)C(=O)O,主链氢键供体可能↓；暴露极性可能↓；被动渗透性可能↑；疏水表面积可能↑；膜分配可能↑,仅为结构/类别推断；不代表已证实提高环肽渗透性或口服暴露,https://www.rcsb.org/ligand/E9V
ECC,(4S)-4-amino-5-hydroxypentanamide,,l-peptide linking,极性／带电侧链,极性／带电侧链,C5 H12 N2 O2,132.161,GLN,C(CC(=O)N)[C@@H](CO)N,水溶性可能↑；被动渗透性可能↓；可提供结合或偶联位点,仅为结构/类别推断；不代表已证实提高环肽渗透性或口服暴露,https://www.rcsb.org/ligand/ECC
ECX,S-ethyl-L-cysteine,,l-peptide linking,其他CCD肽链核心,,C5 H11 N O2 S,149.211,CYS,CCSC[C@@H](C(=O)O)N,尚无可靠的定向性质判断；需在具体环肽骨架中验证,仅为结构/类别推断；不代表已证实提高环肽渗透性或口服暴露,https://www.rcsb.org/ligand/ECX
EEP,"(2S,4R)-2-amino-4,5-dihydroxy-4-methylpentanoic acid",,l-peptide linking,极性／带电侧链,极性／带电侧链,C6 H13 N O4,163.172,,C[C@@](C[C@@H](C(=O)O)N)(CO)O,水溶性可能↑；被动渗透性可能↓；可提供结合或偶联位点,仅为结构/类别推断；不代表已证实提高环肽渗透性或口服暴露,https://www.rcsb.org/ligand/EEP
EFC,"S,S-(2-FLUOROETHYL)THIOCYSTEINE",,l-peptide linking,卤代／电子调节,卤代／电子调节,C5 H10 F N O2 S2,199.267,CYS,C(CSSC[C@@H](C(=O)O)N)F,疏水性可能↑；代谢稳定性可能↑；水溶性可能↓,仅为结构/类别推断；不代表已证实提高环肽渗透性或口服暴露,https://www.rcsb.org/ligand/EFC
EI4,Enduracididine,,l-peptide linking,极性／带电侧链,极性／带电侧链,C6 H12 N4 O2,172.185,ARG,[H]/N=C\1/NC[C@@H](N1)C[C@@H](C(=O)O)N,水溶性可能↑；被动渗透性可能↓；可提供结合或偶联位点,仅为结构/类别推断；不代表已证实提高环肽渗透性或口服暴露,https://www.rcsb.org/ligand/EI4
EJA,S-[(1Z)-2-carboxy-N-hydroxyethanimidoyl]-L-cysteine,,l-peptide linking,极性／带电侧链,极性／带电侧链,C6 H10 N2 O5 S,222.219,CYS,C([C@@H](C(=O)O)N)S/C(=N\O)/CC(=O)O,水溶性可能↑；被动渗透性可能↓；可提供结合或偶联位点,仅为结构/类别推断；不代表已证实提高环肽渗透性或口服暴露,https://www.rcsb.org/ligand/EJA
EJJ,N-CARBAMOYL-GLYCINE,2-(aminocarbonylamino)ethanoic acid,peptide linking,极性／带电侧链,极性／带电侧链,C3 H6 N2 O3,118.091,GLY,C(C(=O)O)NC(=O)N,水溶性可能↑；被动渗透性可能↓；可提供结合或偶联位点,仅为结构/类别推断；不代表已证实提高环肽渗透性或口服暴露,https://www.rcsb.org/ligand/EJJ
EJM,L-norleucine aldehyde,(2S)-2-azanylhexanal; nleu-al,l-peptide linking,其他CCD肽链核心,,C6 H13 N O,115.174,,CCCC[C@@H](C=O)N,尚无可靠的定向性质判断；需在具体环肽骨架中验证,仅为结构/类别推断；不代表已证实提高环肽渗透性或口服暴露,https://www.rcsb.org/ligand/EJM
ELY,"N~6~,N~6~-diethyl-L-lysine",(2S)-2-azanyl-6-(diethylamino)hexanoic acid,l-peptide linking,极性／带电侧链,极性／带电侧链,C10 H22 N2 O2,202.294,LYS,CCN(CC)CCCC[C@@H](C(=O)O)N,水溶性可能↑；被动渗透性可能↓；可提供结合或偶联位点,仅为结构/类别推断；不代表已证实提高环肽渗透性或口服暴露,https://www.rcsb.org/ligand/ELY
EME,N-methyl-L-glutamic acid,,l-peptide linking,N-取代,N-取代；极性／带电侧链,C6 H11 N O4,161.156,GLU,CN[C@@H](CCC(=O)O)C(=O)O,主链氢键供体可能↓；暴露极性可能↓；被动渗透性可能↑；水溶性可能↑；被动渗透性可能↓,仅为结构/类别推断；不代表已证实提高环肽渗透性或口服暴露,https://www.rcsb.org/ligand/EME
EO2,"4,5-Dehydro-L-leucine",,l-peptide linking,其他CCD肽链核心,,C6 H11 N O2,129.157,,CC(=C)C[C@@H](C(=O)O)N,尚无可靠的定向性质判断；需在具体环肽骨架中验证,仅为结构/类别推断；不代表已证实提高环肽渗透性或口服暴露,https://www.rcsb.org/ligand/EO2
EOE,beta3-proline,,l-peptide linking,构象限制,构象限制,C6 H11 N O2,129.157,,C1C[C@H](NC1)CC(=O)O,构象刚性可能↑；蛋白酶稳定性可能↑；渗透性取决于极性遮蔽,仅为结构/类别推断；不代表已证实提高环肽渗透性或口服暴露,https://www.rcsb.org/ligand/EOE
ERL,"(1S,2S)-2-azanyl-1-oxidanyl-hexane-1-sulfonic acid",(2R)-2-acetamido-3-sulfanyl-propanoic acid,l-peptide linking,极性／带电侧链,极性／带电侧链,C6 H15 N O4 S,197.253,,CCCC[C@@H]([C@H](O)S(=O)(=O)O)N,水溶性可能↑；被动渗透性可能↓；可提供结合或偶联位点,仅为结构/类别推断；不代表已证实提高环肽渗透性或口服暴露,https://www.rcsb.org/ligand/ERL
ESB,"3-[(3E)-3-(ETHYLIMINO)-4-HYDROXY-6-OXOCYCLOHEXA-1,4-DIEN-1-YL]-L-ALANINE",,l-peptide linking,构象限制,构象限制；极性／带电侧链,C11 H14 N2 O4,238.24,TYR,CC/N=C/1\C=C(C(=O)C=C1O)C[C@@H](C(=O)O)N,构象刚性可能↑；蛋白酶稳定性可能↑；渗透性取决于极性遮蔽；水溶性可能↑；被动渗透性可能↓,仅为结构/类别推断；不代表已证实提高环肽渗透性或口服暴露,https://www.rcsb.org/ligand/ESB
ESC,2-AMINO-4-ETHYL SULFANYL BUTYRIC ACID,,l-peptide linking,其他CCD肽链核心,,C6 H13 N O2 S,163.238,MET,CCSCC[C@@H](C(=O)O)N,尚无可靠的定向性质判断；需在具体环肽骨架中验证,仅为结构/类别推断；不代表已证实提高环肽渗透性或口服暴露,https://www.rcsb.org/ligand/ESC
EU0,1-[(2~{S})-3-methyl-1-oxidanylidene-butan-2-yl]guanidine,,l-peptide linking,极性／带电侧链,极性／带电侧链,C6 H14 N3 O2,160.194,VAL,CC(C)[C@@H](C(=O)O)NC(=[NH2+])N,水溶性可能↑；被动渗透性可能↓；可提供结合或偶联位点,仅为结构/类别推断；不代表已证实提高环肽渗透性或口服暴露,https://www.rcsb.org/ligand/EU0
EUP,4-amino-L-allothreonine,,l-peptide linking,极性／带电侧链,极性／带电侧链,C4 H10 N2 O3,134.134,THR,C([C@@H]([C@@H](C(=O)O)N)O)N,水溶性可能↑；被动渗透性可能↓；可提供结合或偶联位点,仅为结构/类别推断；不代表已证实提高环肽渗透性或口服暴露,https://www.rcsb.org/ligand/EUP
EW6,alpha-methyl-L-serine,(2S)-2-azanyl-2-methyl-3-oxidanyl-propanoic acid,l-peptide linking,α位取代,α位取代；极性／带电侧链,C4 H9 N O3,119.119,SER,C[C@](CO)(C(=O)O)N,构象刚性可能↑；蛋白酶稳定性可能↑；渗透性受整体折叠影响；水溶性可能↑；被动渗透性可能↓,仅为结构/类别推断；不代表已证实提高环肽渗透性或口服暴露,https://www.rcsb.org/ligand/EW6
EXA,N~6~-[(R)-[(E)-(1-carboxyethylidene)amino]{3-hydroxy-2-methyl-5-[(phosphonooxy)methyl]pyridin-4-yl}methyl]-L-lysine,,peptide linking,芳香／疏水侧链,芳香／疏水侧链；极性／带电侧链,C17 H27 N4 O9 P,462.391,LYS,Cc1c(c(c(cn1)COP(=O)(O)O)[C@H](NCCCC[C@@H](C(=O)O)N)/N=C(\C)/C(=O)O)O,疏水表面积可能↑；膜分配可能↑；水溶性可能↓；水溶性可能↑；被动渗透性可能↓,仅为结构/类别推断；不代表已证实提高环肽渗透性或口服暴露,https://www.rcsb.org/ligand/EXA
EXL,1-Methyl-L-tryptophan,(2S)-2-azanyl-3-(1-methylindol-3-yl)propanoic acid,l-peptide linking,芳香／疏水侧链,芳香／疏水侧链；极性／带电侧链,C12 H14 N2 O2,218.252,TRP,Cn1cc(c2c1cccc2)C[C@@H](C(=O)O)N,疏水表面积可能↑；膜分配可能↑；水溶性可能↓；水溶性可能↑；被动渗透性可能↓,仅为结构/类别推断；不代表已证实提高环肽渗透性或口服暴露,https://www.rcsb.org/ligand/EXL
EXY,6-[(2R)-oxiran-2-yl]-L-norleucine,"(2S)-2-amino-7,8-epoxy octanoic acid",l-peptide linking,极性／带电侧链,极性／带电侧链,C8 H15 N O3,173.21,LEU,C1[C@H](O1)CCCC[C@@H](C(=O)O)N,水溶性可能↑；被动渗透性可能↓；可提供结合或偶联位点,仅为结构/类别推断；不代表已证实提高环肽渗透性或口服暴露,https://www.rcsb.org/ligand/EXY
EYG,"{(2R,4Z)-2-[(1R)-1-amino-3-(methylsulfanyl)propyl]-2-hydroxy-4-[(4-hydroxyphenyl)methylidene]-5-oxoimidazolidin-1-yl}acetic acid",CHROMOPHORE (MET-TYR-GLY),l-peptide linking,芳香／疏水侧链,芳香／疏水侧链；极性／带电侧链,C16 H21 N3 O5 S,367.42,GLY / MET / TYR,CSCCC([C@]1(N/C(=C\c2ccc(cc2)O)/C(=O)N1CC(=O)O)O)N,疏水表面积可能↑；膜分配可能↑；水溶性可能↓；水溶性可能↑；被动渗透性可能↓,仅为结构/类别推断；不代表已证实提高环肽渗透性或口服暴露,https://www.rcsb.org/ligand/EYG
F0G,(E)-N-({3-hydroxy-2-methyl-5-[(phosphonooxy)methyl]pyridin-4-yl}methylidene)-L-alanine,PLP-Ala,l-peptide linking,芳香／疏水侧链,芳香／疏水侧链；极性／带电侧链,C11 H15 N2 O7 P,318.22,,Cc1c(c(c(cn1)COP(=O)(O)O)/C=N/[C@@H](C)C(=O)O)O,疏水表面积可能↑；膜分配可能↑；水溶性可能↓；水溶性可能↑；被动渗透性可能↓,仅为结构/类别推断；不代表已证实提高环肽渗透性或口服暴露,https://www.rcsb.org/ligand/F0G
F2F,"3,4-difluoro-L-phenylalanine",,l-peptide linking,卤代／电子调节,卤代／电子调节；芳香／疏水侧链,C9 H9 F2 N O2,201.17,PHE,c1cc(c(cc1C[C@@H](C(=O)O)N)F)F,疏水性可能↑；代谢稳定性可能↑；水溶性可能↓；疏水表面积可能↑；膜分配可能↑,仅为结构/类别推断；不代表已证实提高环肽渗透性或口服暴露,https://www.rcsb.org/ligand/F2F
F2Y,"3,5-difluoro-L-tyrosine",,l-peptide linking,卤代／电子调节,卤代／电子调节；芳香／疏水侧链；极性／带电侧链,C9 H9 F2 N O3,217.169,TYR,c1c(cc(c(c1F)O)F)C[C@@H](C(=O)O)N,疏水性可能↑；代谢稳定性可能↑；水溶性可能↓；疏水表面积可能↑；膜分配可能↑,仅为结构/类别推断；不代表已证实提高环肽渗透性或口服暴露,https://www.rcsb.org/ligand/F2Y
F3M,"methyl 4-amino-2,4,5-trideoxy-5,5,5-trifluoro-L-threo-pentonate",,l-peptide linking,卤代／电子调节,卤代／电子调节；极性／带电侧链,C6 H10 F3 N O3,201.144,,COC(=O)C[C@@H]([C@H](C(F)(F)F)N)O,疏水性可能↑；代谢稳定性可能↑；水溶性可能↓；水溶性可能↑；被动渗透性可能↓,仅为结构/类别推断；不代表已证实提高环肽渗透性或口服暴露,https://www.rcsb.org/ligand/F3M
F3T,"4-amino-2,4,5-trideoxy-5,5,5-trifluoro-L-threo-pentonic acid",,l-peptide linking,卤代／电子调节,卤代／电子调节；极性／带电侧链,C5 H8 F3 N O3,187.117,,C([C@@H]([C@H](C(F)(F)F)N)O)C(=O)O,疏水性可能↑；代谢稳定性可能↑；水溶性可能↓；水溶性可能↑；被动渗透性可能↓,仅为结构/类别推断；不代表已证实提高环肽渗透性或口服暴露,https://www.rcsb.org/ligand/F3T
F6N,"2-(aminomethyl)-1,3-oxazole-4-carboxylic acid",,peptide linking,芳香／疏水侧链,芳香／疏水侧链；极性／带电侧链,C5 H6 N2 O3,142.113,GLY / SER,c1c(nc(o1)CN)C(=O)O,疏水表面积可能↑；膜分配可能↑；水溶性可能↓；水溶性可能↑；被动渗透性可能↓,仅为结构/类别推断；不代表已证实提高环肽渗透性或口服暴露,https://www.rcsb.org/ligand/F6N
F75,"2-(aminomethyl)-1,3-thiazole-4-carboxylic acid",,peptide linking,芳香／疏水侧链,芳香／疏水侧链；极性／带电侧链,C5 H6 N2 O2 S,158.178,CYS / GLY,c1c(nc(s1)CN)C(=O)O,疏水表面积可能↑；膜分配可能↑；水溶性可能↓；水溶性可能↑；被动渗透性可能↓,仅为结构/类别推断；不代表已证实提高环肽渗透性或口服暴露,https://www.rcsb.org/ligand/F75
F7P,1-[(3R)-3-hydroxy-2-methylbutan-2-yl]-L-tryptophan,,l-peptide linking,芳香／疏水侧链,芳香／疏水侧链；极性／带电侧链,C16 H22 N2 O3,290.357,,C[C@H](C(C)(C)n1cc(c2c1cccc2)C[C@@H](C(=O)O)N)O,疏水表面积可能↑；膜分配可能↑；水溶性可能↓；水溶性可能↑；被动渗透性可能↓,仅为结构/类别推断；不代表已证实提高环肽渗透性或口服暴露,https://www.rcsb.org/ligand/F7P
F7Q,"(2~{S})-2-azanyl-3-[1-(dioxidanyl)-4-oxidanylidene-cyclohexa-2,5-dien-1-yl]propanoic acid",,l-peptide linking,构象限制,构象限制；极性／带电侧链,C9 H11 N O5,213.187,TYR,C1=CC(C=CC1=O)(C[C@@H](C(=O)O)N)OO,构象刚性可能↑；蛋白酶稳定性可能↑；渗透性取决于极性遮蔽；水溶性可能↑；被动渗透性可能↓,仅为结构/类别推断；不代表已证实提高环肽渗透性或口服暴露,https://www.rcsb.org/ligand/F7Q
F7S,(4S)-5-hydroxy-N-methyl-L-leucine,,l-peptide linking,N-取代,N-取代；极性／带电侧链,C7 H15 N O3,161.199,,C[C@@H](C[C@@H](C(=O)O)NC)CO,主链氢键供体可能↓；暴露极性可能↓；被动渗透性可能↑；水溶性可能↑；被动渗透性可能↓,仅为结构/类别推断；不代表已证实提高环肽渗透性或口服暴露,https://www.rcsb.org/ligand/F7S
F7V,"(2S,4E)-2-aminohex-4-enoic acid",,l-peptide linking,其他CCD肽链核心,,C6 H11 N O2,129.157,,C/C=C/C[C@@H](C(=O)O)N,尚无可靠的定向性质判断；需在具体环肽骨架中验证,仅为结构/类别推断；不代表已证实提高环肽渗透性或口服暴露,https://www.rcsb.org/ligand/F7V
F7W,7-Fluorotryptophan,,l-peptide linking,卤代／电子调节,卤代／电子调节；芳香／疏水侧链；极性／带电侧链,C11 H11 F N2 O2,222.216,TRP,c1cc2c(c[nH]c2c(c1)F)C[C@@H](C(=O)O)N,疏水性可能↑；代谢稳定性可能↑；水溶性可能↓；疏水表面积可能↑；膜分配可能↑,仅为结构/类别推断；不代表已证实提高环肽渗透性或口服暴露,https://www.rcsb.org/ligand/F7W
F93,"(2R,3S)-2-azanyl-3-(3-chloranyl-4-oxidanyl-phenyl)-3-oxidanyl-propanoic acid",,peptide linking,芳香／疏水侧链,芳香／疏水侧链；极性／带电侧链,C9 H10 Cl N O4,231.633,,c1cc(c(cc1[C@@H]([C@H](C(=O)O)N)O)Cl)O,疏水表面积可能↑；膜分配可能↑；水溶性可能↓；水溶性可能↑；被动渗透性可能↓,仅为结构/类别推断；不代表已证实提高环肽渗透性或口服暴露,https://www.rcsb.org/ligand/F93
F9D,(2R)-2-aminopent-4-ynoic acid,,d-peptide linking,D-构型,D-构型,C5 H7 N O2,113.115,,C#CC[C@H](C(=O)O)N,蛋白酶稳定性可能↑；局部构象可能改变；渗透性取决于骨架,仅为结构/类别推断；不代表已证实提高环肽渗透性或口服暴露,https://www.rcsb.org/ligand/F9D
FAK,N~6~-(trifluoroacetyl)-L-lysine,,l-peptide linking,卤代／电子调节,卤代／电子调节；极性／带电侧链,C8 H13 F3 N2 O3,242.196,LYS,C(CCNC(=O)C(F)(F)F)C[C@@H](C(=O)O)N,疏水性可能↑；代谢稳定性可能↑；水溶性可能↓；水溶性可能↑；被动渗透性可能↓,仅为结构/类别推断；不代表已证实提高环肽渗透性或口服暴露,https://www.rcsb.org/ligand/FAK
FB5,2-(difluoromethyl)-6-(dihydroxyboranyl)-L-norleucine,,l-peptide linking,卤代／电子调节,卤代／电子调节；极性／带电侧链,C7 H14 B F2 N O4,224.998,ALA,B(CCCC[C@@](C(F)F)(C(=O)O)N)(O)O,疏水性可能↑；代谢稳定性可能↑；水溶性可能↓；水溶性可能↑；被动渗透性可能↓,仅为结构/类别推断；不代表已证实提高环肽渗透性或口服暴露,https://www.rcsb.org/ligand/FB5
FB6,6-(dihydroxyboranyl)-2-methyl-L-norleucine,,l-peptide linking,极性／带电侧链,极性／带电侧链,C7 H16 B N O4,189.017,ALA,B(CCCCC(C)(C(=O)O)N)(O)O,水溶性可能↑；被动渗透性可能↓；可提供结合或偶联位点,仅为结构/类别推断；不代表已证实提高环肽渗透性或口服暴露,https://www.rcsb.org/ligand/FB6
FCL,3-CHLORO-L-PHENYLALANINE,,l-peptide linking,卤代／电子调节,卤代／电子调节；芳香／疏水侧链,C9 H10 Cl N O2,199.634,PHE,c1cc(cc(c1)Cl)C[C@@H](C(=O)O)N,疏水性可能↑；代谢稳定性可能↑；水溶性可能↓；疏水表面积可能↑；膜分配可能↑,仅为结构/类别推断；不代表已证实提高环肽渗透性或口服暴露,https://www.rcsb.org/ligand/FCL
FDL,N~6~-acetyl-N-(4-methyl-2-oxo-2H-chromen-7-yl)-L-lysinamide,,l-peptide linking,芳香／疏水侧链,芳香／疏水侧链；极性／带电侧链,C18 H23 N3 O4,345.393,LYS,CC1=CC(=O)Oc2c1ccc(c2)NC(=O)[C@H](CCCCNC(=O)C)N,疏水表面积可能↑；膜分配可能↑；水溶性可能↓；水溶性可能↑；被动渗透性可能↓,仅为结构/类别推断；不代表已证实提高环肽渗透性或口服暴露,https://www.rcsb.org/ligand/FDL
FF9,(2S)-2-azanyl-6-[(E)-(1-oxidanyl-1-oxidanylidene-butan-2-ylidene)amino]hexanoic acid,,l-peptide linking,极性／带电侧链,极性／带电侧链,C10 H18 N2 O4,230.261,LYS,CC/C(=N\CCCC[C@@H](C(=O)O)N)/C(=O)O,水溶性可能↑；被动渗透性可能↓；可提供结合或偶联位点,仅为结构/类别推断；不代表已证实提高环肽渗透性或口服暴露,https://www.rcsb.org/ligand/FF9
FFM,"S-[(1R,2R)-2-hydroxy-1-methyl-2-phosphonoethyl]-L-cysteine",,l-peptide linking,极性／带电侧链,极性／带电侧链,C6 H14 N O6 P S,259.217,CYS,C[C@H]([C@H](O)P(=O)(O)O)SC[C@@H](C(=O)O)N,水溶性可能↑；被动渗透性可能↓；可提供结合或偶联位点,仅为结构/类别推断；不代表已证实提高环肽渗透性或口服暴露,https://www.rcsb.org/ligand/FFM
FGL,2-AMINOPROPANEDIOIC ACID,,l-peptide linking,极性／带电侧链,极性／带电侧链,C3 H5 N O4,119.076,GLY,C(C(=O)O)(C(=O)O)N,水溶性可能↑；被动渗透性可能↓；可提供结合或偶联位点,仅为结构/类别推断；不代表已证实提高环肽渗透性或口服暴露,https://www.rcsb.org/ligand/FGL
FGP,2-AMINO-3-HYDROXY-3-PHOSPHONOOXY-PROPIONIC ACID,,l-peptide linking,极性／带电侧链,极性／带电侧链,C3 H8 N O7 P,201.072,SER,[C@H]([C@@H](O)OP(=O)(O)O)(C(=O)O)N,水溶性可能↑；被动渗透性可能↓；可提供结合或偶联位点,仅为结构/类别推断；不代表已证实提高环肽渗透性或口服暴露,https://www.rcsb.org/ligand/FGP
FH7,N^5^-formyl-N^5^-hydroxy-D-ornithine,,peptide linking,极性／带电侧链,极性／带电侧链,C6 H12 N2 O4,176.17,LYS,C(C[C@H](C(=O)O)N)CN(C=O)O,水溶性可能↑；被动渗透性可能↓；可提供结合或偶联位点,仅为结构/类别推断；不代表已证实提高环肽渗透性或口服暴露,https://www.rcsb.org/ligand/FH7
FHE,2-[(4~{Z})-2-[(1~{R})-1-azanyl-2-oxidanylidene-propyl]-4-[[4-[(2-nitrophenyl)methoxy]phenyl]methylidene]-5-oxidanylidene-imidazol-1-yl]ethanoic acid,,l-peptide linking,芳香／疏水侧链,芳香／疏水侧链；极性／带电侧链,C22 H20 N4 O7,452.417,GLY / THR / TYR,CC(=O)[C@@H](C1=N/C(=C\c2ccc(cc2)OCc3ccccc3[N+](=O)[O-])/C(=O)N1CC(=O)O)N,疏水表面积可能↑；膜分配可能↑；水溶性可能↓；水溶性可能↑；被动渗透性可能↓,仅为结构/类别推断；不代表已证实提高环肽渗透性或口服暴露,https://www.rcsb.org/ligand/FHE
FHL,(E)-N~6~-[3-CARBOXY-1-(HYDROXYMETHYL)PROPYLIDENE]-L-LYSINE,2-AMINO-6-(3-CARBOXY-1-HYDROXYMETHYL-PROPYLIDENEAMINO)-HEXANOIC ACID,l-peptide linking,极性／带电侧链,极性／带电侧链,C11 H20 N2 O5,260.287,LYS,C(CC/N=C(\CCC(=O)O)/CO)C[C@@H](C(=O)O)N,水溶性可能↑；被动渗透性可能↓；可提供结合或偶联位点,仅为结构/类别推断；不代表已证实提高环肽渗透性或口服暴露,https://www.rcsb.org/ligand/FHL
FHO,N^5^-FORMYL-N^5^-HYDROXY-L-ORNITHINE,,l-peptide linking,极性／带电侧链,极性／带电侧链,C6 H12 N2 O4,176.17,LYS,C(C[C@@H](C(=O)O)N)CN(C=O)O,水溶性可能↑；被动渗透性可能↓；可提供结合或偶联位点,仅为结构/类别推断；不代表已证实提高环肽渗透性或口服暴露,https://www.rcsb.org/ligand/FHO
FIO,N~5~-[(1E)-2-fluoroethanimidoyl]-L-ornithine,,l-peptide linking,卤代／电子调节,卤代／电子调节；极性／带电侧链,C7 H14 F N3 O2,191.203,ARG,[H]/N=C(\CF)/NCCC[C@@H](C(=O)O)N,疏水性可能↑；代谢稳定性可能↑；水溶性可能↓；水溶性可能↑；被动渗透性可能↓,仅为结构/类别推断；不代表已证实提高环肽渗透性或口服暴露,https://www.rcsb.org/ligand/FIO
FL6,(2S)-2-azanyl-4-methoxy-4-oxidanylidene-butanoic acid,,l-peptide linking,极性／带电侧链,极性／带电侧链,C5 H9 N O4,147.129,ASP,COC(=O)C[C@@H](C(=O)O)N,水溶性可能↑；被动渗透性可能↓；可提供结合或偶联位点,仅为结构/类别推断；不代表已证实提高环肽渗透性或口服暴露,https://www.rcsb.org/ligand/FL6
FLA,TRIFLUOROALANINE,,l-peptide linking,卤代／电子调节,卤代／电子调节,C3 H4 F3 N O2,143.065,ALA,[C@H](C(=O)O)(C(F)(F)F)N,疏水性可能↑；代谢稳定性可能↑；水溶性可能↓,仅为结构/类别推断；不代表已证实提高环肽渗透性或口服暴露,https://www.rcsb.org/ligand/FLA
FLE,FUROYL-LEUCINE,,l-peptide linking,芳香／疏水侧链,芳香／疏水侧链；极性／带电侧链,C11 H15 N O4,225.241,LEU,CC(C)C[C@@H](C(=O)O)NC(=O)c1ccco1,疏水表面积可能↑；膜分配可能↑；水溶性可能↓；水溶性可能↑；被动渗透性可能↓,仅为结构/类别推断；不代表已证实提高环肽渗透性或口服暴露,https://www.rcsb.org/ligand/FLE
FLT,FLUOROMALONYL TYROSINE,,l-peptide linking,卤代／电子调节,卤代／电子调节；芳香／疏水侧链；极性／带电侧链,C12 H12 F N O7,301.225,TYR,c1cc(ccc1C[C@@H](C(=O)O)N)OC(C(=O)O)(C(=O)O)F,疏水性可能↑；代谢稳定性可能↑；水溶性可能↓；疏水表面积可能↑；膜分配可能↑,仅为结构/类别推断；不代表已证实提高环肽渗透性或口服暴露,https://www.rcsb.org/ligand/FLT
FME,N-FORMYLMETHIONINE,,l-peptide linking,极性／带电侧链,极性／带电侧链,C6 H11 N O3 S,177.221,MET,CSCC[C@@H](C(=O)O)NC=O,水溶性可能↑；被动渗透性可能↓；可提供结合或偶联位点,仅为结构/类别推断；不代表已证实提高环肽渗透性或口服暴露,https://www.rcsb.org/ligand/FME
FOD,"(2S)-2-amino-4-[1-(trans-4-hydroxycyclohexyl)-1H-1,2,3-triazol-4-yl]butanoic acid",,l-peptide linking,构象限制,构象限制；芳香／疏水侧链；极性／带电侧链,C12 H20 N4 O3,268.312,,c1c(nnn1C2CCC(CC2)O)CC[C@@H](C(=O)O)N,构象刚性可能↑；蛋白酶稳定性可能↑；渗透性取决于极性遮蔽；疏水表面积可能↑；膜分配可能↑,仅为结构/类别推断；不代表已证实提高环肽渗透性或口服暴露,https://www.rcsb.org/ligand/FOD
FOE,2-(2-AMINO-3-OXO-PROPYLSULFANYL)-N-(4-FLUORO-PHENYL)-N-ISOPROPYL-ACETAMIDE,,l-peptide linking,卤代／电子调节,卤代／电子调节；芳香／疏水侧链；极性／带电侧链,C14 H19 F N2 O3 S,314.376,CYS,CC(C)N(c1ccc(cc1)F)C(=O)CSC[C@@H](C(=O)O)N,疏水性可能↑；代谢稳定性可能↑；水溶性可能↓；疏水表面积可能↑；膜分配可能↑,仅为结构/类别推断；不代表已证实提高环肽渗透性或口服暴露,https://www.rcsb.org/ligand/FOE
FP9,(4R)-4-fluoro-L-proline,,l-peptide linking,构象限制,卤代／电子调节；构象限制,C5 H8 F N O2,133.121,PRO,C1[C@H](CN[C@@H]1C(=O)O)F,疏水性可能↑；代谢稳定性可能↑；水溶性可能↓；构象刚性可能↑；蛋白酶稳定性可能↑,仅为结构/类别推断；不代表已证实提高环肽渗透性或口服暴露,https://www.rcsb.org/ligand/FP9
FPK,1-formyl-L-proline,,l-peptide linking,构象限制,构象限制；极性／带电侧链,C6 H9 N O3,143.141,PRO,C1C[C@H](N(C1)C=O)C(=O)O,构象刚性可能↑；蛋白酶稳定性可能↑；渗透性取决于极性遮蔽；水溶性可能↑；被动渗透性可能↓,仅为结构/类别推断；不代表已证实提高环肽渗透性或口服暴露,https://www.rcsb.org/ligand/FPK
FPR,(3S)-3-amino-4-oxo-7-phenylheptanoic acid,,l-peptide linking,芳香／疏水侧链,芳香／疏水侧链；极性／带电侧链,C13 H17 N O3,235.279,,c1ccc(cc1)CCCC(=O)[C@H](CC(=O)O)N,疏水表面积可能↑；膜分配可能↑；水溶性可能↓；水溶性可能↑；被动渗透性可能↓,仅为结构/类别推断；不代表已证实提高环肽渗透性或口服暴露,https://www.rcsb.org/ligand/FPR
FQA,N~6~-benzyl-L-lysine,,l-peptide linking,芳香／疏水侧链,芳香／疏水侧链；极性／带电侧链,C13 H20 N2 O2,236.31,LYS,c1ccc(cc1)CNCCCC[C@@H](C(=O)O)N,疏水表面积可能↑；膜分配可能↑；水溶性可能↓；水溶性可能↑；被动渗透性可能↓,仅为结构/类别推断；不代表已证实提高环肽渗透性或口服暴露,https://www.rcsb.org/ligand/FQA
FRD,1-PHENYL-2-AMINOPROPANE,,l-peptide linking,芳香／疏水侧链,芳香／疏水侧链,C9 H13 N,135.206,,C[C@H](Cc1ccccc1)N,疏水表面积可能↑；膜分配可能↑；水溶性可能↓,仅为结构/类别推断；不代表已证实提高环肽渗透性或口服暴露,https://www.rcsb.org/ligand/FRD
FT6,6-FLUORO-L-TRYPTOPHAN,(S)-2-AMINO-3-(6-FLUORO-1H-INDOL-3-YL)PROPANOIC ACID,l-peptide linking,卤代／电子调节,卤代／电子调节；芳香／疏水侧链；极性／带电侧链,C11 H11 F N2 O2,222.216,TRP,c1cc2c(cc1F)[nH]cc2C[C@@H](C(=O)O)N,疏水性可能↑；代谢稳定性可能↑；水溶性可能↓；疏水表面积可能↑；膜分配可能↑,仅为结构/类别推断；不代表已证实提高环肽渗透性或口服暴露,https://www.rcsb.org/ligand/FT6
FTR,FLUOROTRYPTOPHANE,,l-peptide linking,卤代／电子调节,卤代／电子调节；芳香／疏水侧链；极性／带电侧链,C11 H11 F N2 O2,222.216,TRP,c1cc2c(cc1F)c(c[nH]2)C[C@@H](C(=O)O)N,疏水性可能↑；代谢稳定性可能↑；水溶性可能↓；疏水表面积可能↑；膜分配可能↑,仅为结构/类别推断；不代表已证实提高环肽渗透性或口服暴露,https://www.rcsb.org/ligand/FTR
FTY,DEOXY-DIFLUOROMETHELENE-PHOSPHOTYROSINE,,l-peptide linking,卤代／电子调节,卤代／电子调节；芳香／疏水侧链；极性／带电侧链,C10 H12 F2 N O5 P,295.177,TYR,c1cc(ccc1C[C@@H](C(=O)O)N)C(F)(F)P(=O)(O)O,疏水性可能↑；代谢稳定性可能↑；水溶性可能↓；疏水表面积可能↑；膜分配可能↑,仅为结构/类别推断；不代表已证实提高环肽渗透性或口服暴露,https://www.rcsb.org/ligand/FTY
FVA,N-formyl-L-valine,,l-peptide linking,极性／带电侧链,极性／带电侧链,C6 H11 N O3,145.156,VAL,CC(C)[C@@H](C(=O)O)NC=O,水溶性可能↑；被动渗透性可能↓；可提供结合或偶联位点,仅为结构/类别推断；不代表已证实提高环肽渗透性或口服暴露,https://www.rcsb.org/ligand/FVA
FX9,(2S)-2-azanyl-3-[3-(trifluoromethyl)phenyl]propanoic acid,,l-peptide linking,卤代／电子调节,卤代／电子调节；芳香／疏水侧链,C10 H10 F3 N O2,233.187,PHE,c1cc(cc(c1)C(F)(F)F)C[C@@H](C(=O)O)N,疏水性可能↑；代谢稳定性可能↑；水溶性可能↓；疏水表面积可能↑；膜分配可能↑,仅为结构/类别推断；不代表已证实提高环肽渗透性或口服暴露,https://www.rcsb.org/ligand/FX9
FXC,(2R)-2-azanyl-3-[3-(trifluoromethyl)phenyl]propanoic acid,,d-peptide linking,D-构型,D-构型；卤代／电子调节；芳香／疏水侧链,C10 H10 F3 N O2,233.187,,c1cc(cc(c1)C(F)(F)F)C[C@H](C(=O)O)N,蛋白酶稳定性可能↑；局部构象可能改变；渗透性取决于骨架；疏水性可能↑；代谢稳定性可能↑,仅为结构/类别推断；不代表已证实提高环肽渗透性或口服暴露,https://www.rcsb.org/ligand/FXC
FXF,(2R)-2-azanyl-3-(3-bromophenyl)propanoic acid,,d-peptide linking,D-构型,D-构型；卤代／电子调节；芳香／疏水侧链,C9 H10 Br N O2,244.085,,c1cc(cc(c1)Br)C[C@H](C(=O)O)N,蛋白酶稳定性可能↑；局部构象可能改变；渗透性取决于骨架；疏水性可能↑；代谢稳定性可能↑,仅为结构/类别推断；不代表已证实提高环肽渗透性或口服暴露,https://www.rcsb.org/ligand/FXF
FXL,(2R)-2-azanyl-3-(3-chlorophenyl)propanoic acid,,d-peptide linking,D-构型,D-构型；卤代／电子调节；芳香／疏水侧链,C9 H10 Cl N O2,199.634,,c1cc(cc(c1)Cl)C[C@H](C(=O)O)N,蛋白酶稳定性可能↑；局部构象可能改变；渗透性取决于骨架；疏水性可能↑；代谢稳定性可能↑,仅为结构/类别推断；不代表已证实提高环肽渗透性或口服暴露,https://www.rcsb.org/ligand/FXL
FY2,"2,3-difluoro-L-tyrosine",,l-peptide linking,卤代／电子调节,卤代／电子调节；芳香／疏水侧链；极性／带电侧链,C9 H9 F2 N O3,217.169,TYR,c1cc(c(c(c1C[C@@H](C(=O)O)N)F)F)O,疏水性可能↑；代谢稳定性可能↑；水溶性可能↓；疏水表面积可能↑；膜分配可能↑,仅为结构/类别推断；不代表已证实提高环肽渗透性或口服暴露,https://www.rcsb.org/ligand/FY2
FY3,"2,3,5-trifluoro-L-tyrosine",,l-peptide linking,卤代／电子调节,卤代／电子调节；芳香／疏水侧链；极性／带电侧链,C9 H8 F3 N O3,235.16,TYR,c1c(c(c(c(c1F)O)F)F)C[C@@H](C(=O)O)N,疏水性可能↑；代谢稳定性可能↑；水溶性可能↓；疏水表面积可能↑；膜分配可能↑,仅为结构/类别推断；不代表已证实提高环肽渗透性或口服暴露,https://www.rcsb.org/ligand/FY3
FZN,"(2S)-2-amino-6-{[(1Z)-1-{[(2R,3R,4S,5R)-5-({[(R)-{[(R)-{[(2R,3S,4R,5R)-5-(6-amino-9H-purin-9-yl)-3,4-dihydroxytetrahydrofuran-2-yl]methoxy}(hydroxy)phosphoryl]oxy}(hydroxy)phosphoryl]oxy}methyl)-3,4-dihydroxytetrahydrofuran-2-yl]sulfanyl}ethylidene]amino}hexanoic acid",,l-peptide linking,极性／带电侧链,极性／带电侧链,C23 H37 N7 O15 P2 S,745.59,LYS,C/C(=N/CCCC[C@@H](C(=O)O)N)/S[C@@H]1[C@@H]([C@@H]([C@H](O1)CO[P@@](=O)(O)O[P@](=O)(O)OC[C@@H]2[C@H]([C@H]([C@@H](O2)n3cnc4c3ncnc4N)O)O)O)O,水溶性可能↑；被动渗透性可能↓；可提供结合或偶联位点,仅为结构/类别推断；不代表已证实提高环肽渗透性或口服暴露,https://www.rcsb.org/ligand/FZN
G1X,"(2S)-2-azanyl-3-[3,4-bis(oxidanylidene)cyclohexa-1,5-dien-1-yl]propanoic acid",L-dopaquinone,l-peptide linking,构象限制,构象限制；极性／带电侧链,C9 H9 N O4,195.172,TYR,C1=CC(=O)C(=O)C=C1C[C@@H](C(=O)O)N,构象刚性可能↑；蛋白酶稳定性可能↑；渗透性取决于极性遮蔽；水溶性可能↑；被动渗透性可能↓,仅为结构/类别推断；不代表已证实提高环肽渗透性或口服暴露,https://www.rcsb.org/ligand/G1X
G3M,(3S)-N~6~-carbamimidoyl-3-hydroxy-L-lysine,,l-peptide linking,极性／带电侧链,极性／带电侧链,C7 H16 N4 O3,204.227,ARG,[H]/N=C(/N)\NCCC[C@@H]([C@@H](C(=O)O)N)O,水溶性可能↑；被动渗透性可能↓；可提供结合或偶联位点,仅为结构/类别推断；不代表已证实提高环肽渗透性或口服暴露,https://www.rcsb.org/ligand/G3M
G5G,"(2S,4S)-2-amino-4,5-dihydroxy-4-methylpentanoic acid",,l-peptide linking,极性／带电侧链,极性／带电侧链,C6 H13 N O4,163.172,LEU,C[C@](C[C@@H](C(=O)O)N)(CO)O,水溶性可能↑；被动渗透性可能↓；可提供结合或偶联位点,仅为结构/类别推断；不代表已证实提高环肽渗透性或口服暴露,https://www.rcsb.org/ligand/G5G
G8M,"(1S,2R)-2-[(S)-amino(carboxy)methyl]cyclobutanecarboxylic acid","(2S,1'R,2'S)-2-(2'-carboxycyclobutyl)glycine",l-peptide linking,构象限制,构象限制；极性／带电侧链,C7 H11 N O4,173.167,GLU,C1C[C@@H]([C@@H]1[C@@H](C(=O)O)N)C(=O)O,构象刚性可能↑；蛋白酶稳定性可能↑；渗透性取决于极性遮蔽；水溶性可能↑；被动渗透性可能↓,仅为结构/类别推断；不代表已证实提高环肽渗透性或口服暴露,https://www.rcsb.org/ligand/G8M
G8X,"(2~{S},3~{R})-3-oxidanylpyrrolidine-2-carboxylic acid",,l-peptide linking,极性／带电侧链,极性／带电侧链,C5 H9 N O3,131.13,PRO,C1CN[C@@H]([C@@H]1O)C(=O)O,水溶性可能↑；被动渗透性可能↓；可提供结合或偶联位点,仅为结构/类别推断；不代表已证实提高环肽渗透性或口服暴露,https://www.rcsb.org/ligand/G8X
GAM,ALPHA-METHYL-L-GLUTAMIC ACID,,l-peptide linking,α位取代,α位取代；极性／带电侧链,C6 H11 N O4,161.156,GLU,C[C@](CCC(=O)O)(C(=O)O)N,构象刚性可能↑；蛋白酶稳定性可能↑；渗透性受整体折叠影响；水溶性可能↑；被动渗透性可能↓,仅为结构/类别推断；不代表已证实提高环肽渗透性或口服暴露,https://www.rcsb.org/ligand/GAM
GAU,(4S)-4-AMINO-5-HYDROXYPENTANOIC ACID,L-GLUTAMOL,l-peptide linking,极性／带电侧链,极性／带电侧链,C5 H11 N O3,133.146,GLU,C(CC(=O)O)[C@@H](CO)N,水溶性可能↑；被动渗透性可能↓；可提供结合或偶联位点,仅为结构/类别推断；不代表已证实提高环肽渗透性或口服暴露,https://www.rcsb.org/ligand/GAU
GEE,ethyl glycinate,,l-peptide linking,其他CCD肽链核心,,C4 H9 N O2,103.12,GLY,CCOC(=O)CN,尚无可靠的定向性质判断；需在具体环肽骨架中验证,仅为结构/类别推断；不代表已证实提高环肽渗透性或口服暴露,https://www.rcsb.org/ligand/GEE
GFT,(2S)-2-azanyl-3-[cyclohexyloxy(methyl)phosphoryl]oxy-propanoic acid,Cyclosarin bound Serine,l-peptide linking,构象限制,构象限制；极性／带电侧链,C10 H20 N O5 P,265.243,SER,C[P@](=O)(OC[C@@H](C(=O)O)N)OC1CCCCC1,构象刚性可能↑；蛋白酶稳定性可能↑；渗透性取决于极性遮蔽；水溶性可能↑；被动渗透性可能↓,仅为结构/类别推断；不代表已证实提高环肽渗透性或口服暴露,https://www.rcsb.org/ligand/GFT
GGB,L-CANAVANINE,L-2-AMINO-4-(GUANIDINOOXY)BUTYRIC ACID,l-peptide linking,极性／带电侧链,极性／带电侧链,C5 H12 N4 O3,176.174,,[H]/N=C(\N)/NOCC[C@@H](C(=O)O)N,水溶性可能↑；被动渗透性可能↓；可提供结合或偶联位点,仅为结构/类别推断；不代表已证实提高环肽渗透性或口服暴露,https://www.rcsb.org/ligand/GGB
GGL,GAMMA-L-GLUTAMIC ACID,L-GLUTAMIC ACID,"l-gamma-peptide, c-delta linking",延长骨架,延长骨架；极性／带电侧链,C5 H9 N O4,147.129,,C(CC(=O)O)[C@@H](C(=O)O)N,骨架间距改变；构象分布可能改变；抗酶解性可能↑；水溶性可能↑；被动渗透性可能↓,仅为结构/类别推断；不代表已证实提高环肽渗透性或口服暴露,https://www.rcsb.org/ligand/GGL
GHC,"N-({4-[(2-amino-6-ethyl-4-oxo-3,4-dihydrothieno[2,3-d]pyrimidin-5-yl)sulfanyl]phenyl}carbonyl)-L-glutamic acid",,l-peptide linking,芳香／疏水侧链,芳香／疏水侧链；极性／带电侧链,C20 H20 N4 O6 S2,476.526,GLU,CCc1c(c2c(s1)N=C(NC2=O)N)Sc3ccc(cc3)C(=O)N[C@@H](CCC(=O)O)C(=O)O,疏水表面积可能↑；膜分配可能↑；水溶性可能↓；水溶性可能↑；被动渗透性可能↓,仅为结构/类别推断；不代表已证实提高环肽渗透性或口服暴露,https://www.rcsb.org/ligand/GHC
GHG,"(2S,4S)-2,5-diamino-4-hydroxy-5-oxopentanoic acid (non-preferred name)",,l-peptide linking,极性／带电侧链,极性／带电侧链,C5 H10 N2 O4,162.144,GLN,C([C@@H](C(=O)O)N)[C@@H](C(=O)N)O,水溶性可能↑；被动渗透性可能↓；可提供结合或偶联位点,仅为结构/类别推断；不代表已证实提高环肽渗透性或口服暴露,https://www.rcsb.org/ligand/GHG
GHP,(2R)-amino(4-hydroxyphenyl)ethanoic acid,,d-peptide linking,D-构型,D-构型；芳香／疏水侧链；极性／带电侧链,C8 H9 N O3,167.162,,c1cc(ccc1[C@H](C(=O)O)N)O,蛋白酶稳定性可能↑；局部构象可能改变；渗透性取决于骨架；疏水表面积可能↑；膜分配可能↑,仅为结构/类别推断；不代表已证实提高环肽渗透性或口服暴露,https://www.rcsb.org/ligand/GHP
GHW,"N-({4-[(2-amino-6-methyl-4-oxo-3,4-dihydrothieno[2,3-d]pyrimidin-5-yl)sulfanyl]phenyl}carbonyl)-L-glutamic acid",,l-peptide linking,芳香／疏水侧链,芳香／疏水侧链；极性／带电侧链,C19 H18 N4 O6 S2,462.499,GLU,Cc1c(c2c(s1)N=C(NC2=O)N)Sc3ccc(cc3)C(=O)N[C@@H](CCC(=O)O)C(=O)O,疏水表面积可能↑；膜分配可能↑；水溶性可能↓；水溶性可能↑；被动渗透性可能↓,仅为结构/类别推断；不代表已证实提高环肽渗透性或口服暴露,https://www.rcsb.org/ligand/GHW
GL3,THIOGLYCIN,,l-peptide linking,其他CCD肽链核心,,C2 H5 N O S,91.132,GLY,C(C(=O)S)N,尚无可靠的定向性质判断；需在具体环肽骨架中验证,仅为结构/类别推断；不代表已证实提高环肽渗透性或口服暴露,https://www.rcsb.org/ligand/GL3
GLJ,"5,5-dihydroxy-L-norvaline",,l-peptide linking,极性／带电侧链,极性／带电侧链,C5 H11 N O4,149.145,GLU,C(CC(O)O)[C@@H](C(=O)O)N,水溶性可能↑；被动渗透性可能↓；可提供结合或偶联位点,仅为结构/类别推断；不代表已证实提高环肽渗透性或口服暴露,https://www.rcsb.org/ligand/GLJ
GLZ,AMINO-ACETALDEHYDE,,l-peptide linking,其他CCD肽链核心,,C2 H5 N O,59.067,GLY,C(C=O)N,尚无可靠的定向性质判断；需在具体环肽骨架中验证,仅为结构/类别推断；不代表已证实提高环肽渗透性或口服暴露,https://www.rcsb.org/ligand/GLZ
GMA,4-AMIDO-4-CARBAMOYL-BUTYRIC ACID,,l-peptide linking,极性／带电侧链,极性／带电侧链,C5 H10 N2 O3,146.144,GLU,C(CC(=O)O)[C@@H](C(=O)N)N,水溶性可能↑；被动渗透性可能↓；可提供结合或偶联位点,仅为结构/类别推断；不代表已证实提高环肽渗透性或口服暴露,https://www.rcsb.org/ligand/GMA
GME,5-O-methyl-glutamic acid,(2S)-2-amino-5-methoxy-5-oxopentanoic acid,l-peptide linking,极性／带电侧链,极性／带电侧链,C6 H11 N O4,161.156,GLU,COC(=O)CC[C@@H](C(=O)O)N,水溶性可能↑；被动渗透性可能↓；可提供结合或偶联位点,仅为结构/类别推断；不代表已证实提高环肽渗透性或口服暴露,https://www.rcsb.org/ligand/GME
GMO,"{(4Z)-2-[(1R,2R)-1-amino-2-hydroxypropyl]-4-[(4-nitrophenyl)methylidene]-5-oxo-4,5-dihydro-1H-imidazol-1-yl}acetic acid",PEPTIDE DERIVED CHROMOPHORE,l-peptide linking,芳香／疏水侧链,芳香／疏水侧链；极性／带电侧链,C15 H16 N4 O6,348.311,GLY / THR / TYR,C[C@H]([C@@H](C1=N/C(=C\c2ccc(cc2)[N+](=O)[O-])/C(=O)N1CC(=O)O)N)O,疏水表面积可能↑；膜分配可能↑；水溶性可能↓；水溶性可能↑；被动渗透性可能↓,仅为结构/类别推断；不代表已证实提高环肽渗透性或口服暴露,https://www.rcsb.org/ligand/GMO
GNC,N~2~-methyl-L-glutamine,,l-peptide linking,极性／带电侧链,极性／带电侧链,C6 H12 N2 O3,160.171,GLN,CN[C@@H](CCC(=O)N)C(=O)O,水溶性可能↑；被动渗透性可能↓；可提供结合或偶联位点,仅为结构/类别推断；不代表已证实提高环肽渗透性或口服暴露,https://www.rcsb.org/ligand/GNC
GND,2-AMINO-5-GUANIDINO-PENTANOIC ACID,L-argininium(2+); L-argininediium,l-peptide linking,极性／带电侧链,极性／带电侧链,C6 H15 N4 O2,175.209,LYS,[H]/N=C(/N)\NCCC[C@@H](C(=O)O)[NH3+],水溶性可能↑；被动渗透性可能↓；可提供结合或偶联位点,仅为结构/类别推断；不代表已证实提高环肽渗透性或口服暴露,https://www.rcsb.org/ligand/GND
GPL,LYSINE GUANOSINE-5'-MONOPHOSPHATE,,l-peptide linking,芳香／疏水侧链,芳香／疏水侧链；极性／带电侧链,C16 H26 N7 O9 P,491.393,LYS,c1nc2c(n1[C@H]3[C@@H]([C@@H]([C@H](O3)CO[P@](=O)(NCCCC[C@@H](C(=O)O)N)O)O)O)N=C(NC2=O)N,疏水表面积可能↑；膜分配可能↑；水溶性可能↓；水溶性可能↑；被动渗透性可能↓,仅为结构/类别推断；不代表已证实提高环肽渗透性或口服暴露,https://www.rcsb.org/ligand/GPL
GQI,(2R)-2-azanyl-3-[(E)-(2-oxidanyl-2-oxidanylidene-ethylidene)amino]oxysulfanyl-propanoic acid,,l-peptide linking,极性／带电侧链,极性／带电侧链,C5 H8 N2 O5 S,208.192,CYS,C([C@@H](C(=O)O)N)SO/N=C/C(=O)O,水溶性可能↑；被动渗透性可能↓；可提供结合或偶联位点,仅为结构/类别推断；不代表已证实提高环肽渗透性或口服暴露,https://www.rcsb.org/ligand/GQI
GSC,2-ETHYLTHIO GLYCINE,,l-peptide linking,其他CCD肽链核心,,C4 H9 N O2 S,135.185,GLY,CCS[C@@H](C(=O)O)N,尚无可靠的定向性质判断；需在具体环肽骨架中验证,仅为结构/类别推断；不代表已证实提高环肽渗透性或口服暴露,https://www.rcsb.org/ligand/GSC
GSU,O5'-(L-GLUTAMYL-SULFAMOYL)-ADENOSINE,,l-peptide linking,芳香／疏水侧链,芳香／疏水侧链；极性／带电侧链,C15 H21 N7 O9 S,475.434,GLU,c1nc(c2c(n1)n(cn2)[C@H]3[C@@H]([C@@H]([C@H](O3)COS(=O)(=O)NC(=O)[C@H](CCC(=O)O)N)O)O)N,疏水表面积可能↑；膜分配可能↑；水溶性可能↓；水溶性可能↑；被动渗透性可能↓,仅为结构/类别推断；不代表已证实提高环肽渗透性或口服暴露,https://www.rcsb.org/ligand/GSU
GT9,S-NONYL-CYSTEINE,,l-peptide linking,其他CCD肽链核心,,C12 H25 N O2 S,247.397,CYS,CCCCCCCCCSC[C@@H](C(=O)O)N,尚无可靠的定向性质判断；需在具体环肽骨架中验证,仅为结构/类别推断；不代表已证实提高环肽渗透性或口服暴露,https://www.rcsb.org/ligand/GT9
GVL,"O-[(R)-{[(3R)-4-AMINO-3-HYDROXY-2,2-DIMETHYL-4-OXOBUTYL]OXY}(HYDROXY)PHOSPHORYL]-L-SERINE",,l-peptide linking,极性／带电侧链,极性／带电侧链,C9 H19 N2 O8 P,314.23,SER,CC(C)(CO[P@@](=O)(O)OC[C@@H](C(=O)O)N)[C@H](C(=O)N)O,水溶性可能↑；被动渗透性可能↓；可提供结合或偶联位点,仅为结构/类别推断；不代表已证实提高环肽渗透性或口服暴露,https://www.rcsb.org/ligand/GVL
GYC,"[(4Z)-2-[(1R)-1-AMINO-2-MERCAPTOETHYL]-4-(4-HYDROXYBENZYLIDENE)-5-OXO-4,5-DIHYDRO-1H-IMIDAZOL-1-YL]ACETIC ACID",CHROMOPHORE (CYS-TYR-GLY),l-peptide linking,芳香／疏水侧链,芳香／疏水侧链；极性／带电侧链,C14 H15 N3 O4 S,321.352,CYS / GLY / TYR,c1cc(ccc1/C=C\2/C(=O)N(C(=N2)[C@H](CS)N)CC(=O)O)O,疏水表面积可能↑；膜分配可能↑；水溶性可能↓；水溶性可能↑；被动渗透性可能↓,仅为结构/类别推断；不代表已证实提高环肽渗透性或口服暴露,https://www.rcsb.org/ligand/GYC
GYS,"[(4Z)-2-(1-AMINO-2-HYDROXYETHYL)-4-(4-HYDROXYBENZYLIDENE)-5-OXO-4,5-DIHYDRO-1H-IMIDAZOL-1-YL]ACETIC ACID",CHROMOPHORE (SER-TYR-GLY),l-peptide linking,芳香／疏水侧链,芳香／疏水侧链；极性／带电侧链,C14 H15 N3 O5,305.286,GLY / SER / TYR,c1cc(ccc1/C=C\2/C(=O)N(C(=N2)[C@H](CO)N)CC(=O)O)O,疏水表面积可能↑；膜分配可能↑；水溶性可能↓；水溶性可能↑；被动渗透性可能↓,仅为结构/类别推断；不代表已证实提高环肽渗透性或口服暴露,https://www.rcsb.org/ligand/GYS
GZJ,(2S)-2-(acetylamino)butanoic acid,,l-peptide linking,极性／带电侧链,极性／带电侧链,C6 H11 N O3,145.156,,CC[C@@H](C(=O)O)NC(=O)C,水溶性可能↑；被动渗透性可能↓；可提供结合或偶联位点,仅为结构/类别推断；不代表已证实提高环肽渗透性或口服暴露,https://www.rcsb.org/ligand/GZJ
H14,"(2S,3R)-BETA-HYDROXY-PHENYLALANINE",BETA-HYDROXY-PHENYLALANINE; THREO-BETA-HYDROXY-L-PHENYLALANINE; (BETAS)-BETA-HYDROXY-L-PHENYLALANINE; L-THREO-3-PHENYLSERINE; L-THREO-BETA-PHENYLSERINE; 3-HYDROXY-L-PHENYLALANINE,l-peptide linking,芳香／疏水侧链,芳香／疏水侧链；极性／带电侧链,C9 H11 N O3,181.189,PHE,c1ccc(cc1)[C@H]([C@@H](C(=O)O)N)O,疏水表面积可能↑；膜分配可能↑；水溶性可能↓；水溶性可能↑；被动渗透性可能↓,仅为结构/类别推断；不代表已证实提高环肽渗透性或口服暴露,https://www.rcsb.org/ligand/H14
H5M,TRANS-3-HYDROXY-5-METHYLPROLINE,,l-peptide linking,构象限制,构象限制；极性／带电侧链,C6 H11 N O3,145.156,PRO,C[C@H]1C[C@@H]([C@H](N1)C(=O)O)O,构象刚性可能↑；蛋白酶稳定性可能↑；渗透性取决于极性遮蔽；水溶性可能↑；被动渗透性可能↓,仅为结构/类别推断；不代表已证实提高环肽渗透性或口服暴露,https://www.rcsb.org/ligand/H5M
H7V,3-cyclohexyl-N-methyl-L-alanine,,l-peptide linking,N-取代,N-取代；构象限制,C10 H19 N O2,185.263,ALA,CN[C@@H](CC1CCCCC1)C(=O)O,主链氢键供体可能↓；暴露极性可能↓；被动渗透性可能↑；构象刚性可能↑；蛋白酶稳定性可能↑,仅为结构/类别推断；不代表已证实提高环肽渗透性或口服暴露,https://www.rcsb.org/ligand/H7V
HAR,N-OMEGA-HYDROXY-L-ARGININE,,l-peptide linking,极性／带电侧链,极性／带电侧链,C6 H14 N4 O3,190.2,ARG,C(C[C@@H](C(=O)O)N)CNC(=N)NO,水溶性可能↑；被动渗透性可能↓；可提供结合或偶联位点,仅为结构/类别推断；不代表已证实提高环肽渗透性或口服暴露,https://www.rcsb.org/ligand/HAR
HBN,N-(2-NAPHTHYL)HISTIDINAMIDE,L-HISTIDINE BETA NAPHTHYLAMIDE,l-peptide linking,芳香／疏水侧链,芳香／疏水侧链；极性／带电侧链,C16 H16 N4 O,280.324,HIS,c1ccc2cc(ccc2c1)NC(=O)C(Cc3cnc[nH]3)N,疏水表面积可能↑；膜分配可能↑；水溶性可能↓；水溶性可能↑；被动渗透性可能↓,仅为结构/类别推断；不代表已证实提高环肽渗透性或口服暴露,https://www.rcsb.org/ligand/HBN
HCL,"(2S)-2-azanyl-2-[2-chloranyl-3,5-bis(oxidanyl)phenyl]ethanoic acid",,l-peptide linking,芳香／疏水侧链,芳香／疏水侧链；极性／带电侧链,C8 H8 Cl N O4,217.606,,c1c(cc(c(c1[C@@H](C(=O)O)N)Cl)O)O,疏水表面积可能↑；膜分配可能↑；水溶性可能↓；水溶性可能↑；被动渗透性可能↓,仅为结构/类别推断；不代表已证实提高环肽渗透性或口服暴露,https://www.rcsb.org/ligand/HCL
HCM,(2S)-2-amino-4-(methyldisulfanyl)butanoic acid,S-methylsulfanyl-homocystein,l-peptide linking,其他CCD肽链核心,,C5 H11 N O2 S2,181.276,CYS,CSSCC[C@@H](C(=O)O)N,尚无可靠的定向性质判断；需在具体环肽骨架中验证,仅为结构/类别推断；不代表已证实提高环肽渗透性或口服暴露,https://www.rcsb.org/ligand/HCM
HCS,2-AMINO-4-MERCAPTO-BUTYRIC ACID,L-Homocysteine,l-peptide linking,其他CCD肽链核心,,C4 H9 N O2 S,135.185,,C(CS)[C@@H](C(=O)O)N,尚无可靠的定向性质判断；需在具体环肽骨架中验证,仅为结构/类别推断；不代表已证实提高环肽渗透性或口服暴露,https://www.rcsb.org/ligand/HCS
HFA,ALPHA-HYDROXY-BETA-PHENYL-PROPIONIC ACID,,l-peptide linking,芳香／疏水侧链,芳香／疏水侧链；极性／带电侧链,C9 H10 O3,166.174,,c1ccc(cc1)C[C@@H](C(=O)O)O,疏水表面积可能↑；膜分配可能↑；水溶性可能↓；水溶性可能↑；被动渗透性可能↓,仅为结构/类别推断；不代表已证实提高环肽渗透性或口服暴露,https://www.rcsb.org/ligand/HFA
HG7,(2S)-2-azanyl-N-[3-(dimethylamino)propyl]-2-(3-hydroxyphenyl)ethanamide,,l-peptide linking,芳香／疏水侧链,芳香／疏水侧链；极性／带电侧链,C13 H21 N3 O2,251.325,,CN(C)CCCNC(=O)[C@H](c1cccc(c1)O)N,疏水表面积可能↑；膜分配可能↑；水溶性可能↓；水溶性可能↑；被动渗透性可能↓,仅为结构/类别推断；不代表已证实提高环肽渗透性或口服暴露,https://www.rcsb.org/ligand/HG7
HGL,"(2S)-2-amino-4-(2-amino-6-oxo-1,6-dihydro-9H-purin-9-yl)butanoic acid",,l-peptide linking,芳香／疏水侧链,芳香／疏水侧链；极性／带电侧链,C9 H12 N6 O3,252.23,,c1nc2c(n1CC[C@@H](C(=O)O)N)N=C(NC2=O)N,疏水表面积可能↑；膜分配可能↑；水溶性可能↓；水溶性可能↑；被动渗透性可能↓,仅为结构/类别推断；不代表已证实提高环肽渗透性或口服暴露,https://www.rcsb.org/ligand/HGL
HGM,(2R)-2-(4-hydroxyphenyl)-2-(methylamino)ethanoic acid,,d-peptide linking,D-构型,D-构型；芳香／疏水侧链；极性／带电侧链,C9 H11 N O3,181.189,,CN[C@H](c1ccc(cc1)O)C(=O)O,蛋白酶稳定性可能↑；局部构象可能改变；渗透性取决于骨架；疏水表面积可能↑；膜分配可能↑,仅为结构/类别推断；不代表已证实提高环肽渗透性或口服暴露,https://www.rcsb.org/ligand/HGM
HGY,(2S)-amino(hydroxy)ethanoic acid,2-hydroxyglycine,peptide linking,极性／带电侧链,极性／带电侧链,C2 H5 N O3,91.066,GLY,[C@H](C(=O)O)(N)O,水溶性可能↑；被动渗透性可能↓；可提供结合或偶联位点,仅为结构/类别推断；不代表已证实提高环肽渗透性或口服暴露,https://www.rcsb.org/ligand/HGY
HHI,(2Z)-3-(1H-imidazol-5-yl)-2-iminopropanoic acid,,peptide linking,芳香／疏水侧链,芳香／疏水侧链；极性／带电侧链,C6 H7 N3 O2,153.139,HIS,[H]/N=C(/Cc1cnc[nH]1)\C(=O)O,疏水表面积可能↑；膜分配可能↑；水溶性可能↓；水溶性可能↑；被动渗透性可能↓,仅为结构/类别推断；不代表已证实提高环肽渗透性或口服暴露,https://www.rcsb.org/ligand/HHI
HHK,"(2S)-2,8-DIAMINOOCTANOIC ACID",,l-peptide linking,极性／带电侧链,极性／带电侧链,C8 H18 N2 O2,174.241,ALA / LYS,C(CCCN)CC[C@@H](C(=O)O)N,水溶性可能↑；被动渗透性可能↓；可提供结合或偶联位点,仅为结构/类别推断；不代表已证实提高环肽渗透性或口服暴露,https://www.rcsb.org/ligand/HHK
HIA,L-HISTIDINE AMIDE,L-HISTIDINAMIDE,l-peptide linking,芳香／疏水侧链,芳香／疏水侧链；极性／带电侧链,C6 H10 N4 O,154.17,HIS,c1c([nH]cn1)C[C@@H](C(=O)N)N,疏水表面积可能↑；膜分配可能↑；水溶性可能↓；水溶性可能↑；被动渗透性可能↓,仅为结构/类别推断；不代表已证实提高环肽渗透性或口服暴露,https://www.rcsb.org/ligand/HIA
HIC,4-METHYL-HISTIDINE,,l-peptide linking,芳香／疏水侧链,芳香／疏水侧链；极性／带电侧链,C7 H11 N3 O2,169.181,HIS,Cn1cc(nc1)C[C@@H](C(=O)O)N,疏水表面积可能↑；膜分配可能↑；水溶性可能↓；水溶性可能↑；被动渗透性可能↓,仅为结构/类别推断；不代表已证实提高环肽渗透性或口服暴露,https://www.rcsb.org/ligand/HIC
HIP,ND1-PHOSPHONOHISTIDINE,,l-peptide linking,芳香／疏水侧链,芳香／疏水侧链；极性／带电侧链,C6 H11 N3 O5 P,236.142,HIS,c1c(n(c[nH+]1)P(=O)(O)O)C[C@@H](C(=O)O)N,疏水表面积可能↑；膜分配可能↑；水溶性可能↓；水溶性可能↑；被动渗透性可能↓,仅为结构/类别推断；不代表已证实提高环肽渗透性或口服暴露,https://www.rcsb.org/ligand/HIP
HIQ,"1-[1,2-DIHYDROXY-1-(HYDROXYMETHYL)ETHYL]-L-HISTIDINE",,l-peptide linking,芳香／疏水侧链,芳香／疏水侧链；极性／带电侧链,C9 H15 N3 O5,245.232,HIS,c1c(ncn1C(CO)(CO)O)C[C@@H](C(=O)O)N,疏水表面积可能↑；膜分配可能↑；水溶性可能↓；水溶性可能↑；被动渗透性可能↓,仅为结构/类别推断；不代表已证实提高环肽渗透性或口服暴露,https://www.rcsb.org/ligand/HIQ
HIX,"3-(1H-1,2,3-triazol-5-yl)-L-alanine",,l-peptide linking,芳香／疏水侧链,芳香／疏水侧链；极性／带电侧链,C5 H8 N4 O2,156.143,ALA,c1c([nH]nn1)C[C@@H](C(=O)O)N,疏水表面积可能↑；膜分配可能↑；水溶性可能↓；水溶性可能↑；被动渗透性可能↓,仅为结构/类别推断；不代表已证实提高环肽渗透性或口服暴露,https://www.rcsb.org/ligand/HIX
HJH,"(2~{S})-2-azanyl-3-(2-methyl-5-oxidanyl-1,2,3-triazol-4-yl)propanoic acid",,l-peptide linking,极性／带电侧链,极性／带电侧链,C6 H10 N4 O3,186.169,,Cn1nc(c(n1)O)C[C@@H](C(=O)O)N,水溶性可能↑；被动渗透性可能↓；可提供结合或偶联位点,仅为结构/类别推断；不代表已证实提高环肽渗透性或口服暴露,https://www.rcsb.org/ligand/HJH
HJV,N~2~-methyl-D-glutamine,,d-peptide linking,D-构型,D-构型；极性／带电侧链,C6 H12 N2 O3,160.171,,CN[C@H](CCC(=O)N)C(=O)O,蛋白酶稳定性可能↑；局部构象可能改变；渗透性取决于骨架；水溶性可能↑；被动渗透性可能↓,仅为结构/类别推断；不代表已证实提高环肽渗透性或口服暴露,https://www.rcsb.org/ligand/HJV
HJY,4-iodo-N-methyl-D-phenylalanine,,d-peptide linking,N-取代,D-构型；卤代／电子调节；N-取代；芳香／疏水侧链,C10 H12 I N O2,305.112,,CN[C@H](Cc1ccc(cc1)I)C(=O)O,蛋白酶稳定性可能↑；局部构象可能改变；渗透性取决于骨架；疏水性可能↑；代谢稳定性可能↑,仅为结构/类别推断；不代表已证实提高环肽渗透性或口服暴露,https://www.rcsb.org/ligand/HJY
HL2,"(2S,3R)-2-amino-3-hydroxy-4-methylpentanoic acid",BETA-HYDROXYLEUCINE,l-peptide linking,极性／带电侧链,极性／带电侧链,C6 H13 N O3,147.172,LEU,CC(C)[C@H]([C@@H](C(=O)O)N)O,水溶性可能↑；被动渗透性可能↓；可提供结合或偶联位点,仅为结构/类别推断；不代表已证实提高环肽渗透性或口服暴露,https://www.rcsb.org/ligand/HL2
HL5,"(2S,4R)-5-hydroxyleucine",,l-peptide linking,极性／带电侧链,极性／带电侧链,C6 H13 N O3,147.172,Leu,C[C@H](C[C@@H](C(=O)O)N)CO,水溶性可能↑；被动渗透性可能↓；可提供结合或偶联位点,仅为结构/类别推断；不代表已证实提高环肽渗透性或口服暴露,https://www.rcsb.org/ligand/HL5
HLU,BETA-HYDROXYLEUCINE,,l-peptide linking,极性／带电侧链,极性／带电侧链,C6 H13 N O3,147.172,LEU,CC(C)[C@@H]([C@@H](C(=O)O)N)O,水溶性可能↑；被动渗透性可能↓；可提供结合或偶联位点,仅为结构/类别推断；不代表已证实提高环肽渗透性或口服暴露,https://www.rcsb.org/ligand/HLU
HLX,5-methyl-L-norleucine,,l-peptide linking,其他CCD肽链核心,,C7 H15 N O2,145.199,,CC(C)CC[C@@H](C(=O)O)N,尚无可靠的定向性质判断；需在具体环肽骨架中验证,仅为结构/类别推断；不代表已证实提高环肽渗透性或口服暴露,https://www.rcsb.org/ligand/HLX
HLY,(3~{R})-5-[[(5~{S})-5-azanyl-6-oxidanyl-6-oxidanylidene-hexyl]amino]-3-methyl-3-oxidanyl-5-oxidanylidene-pentanoic acid,,l-peptide linking,极性／带电侧链,极性／带电侧链,C12 H22 N2 O6,290.313,LYS,C[C@@](CC(=O)NCCCC[C@@H](C(=O)O)N)(CC(=O)O)O,水溶性可能↑；被动渗透性可能↓；可提供结合或偶联位点,仅为结构/类别推断；不代表已证实提高环肽渗透性或口服暴露,https://www.rcsb.org/ligand/HLY
HM8,"2-[(1S,2R)-1-amino-2-(sulfooxy)propyl]-5-hydroxy-1,3-oxazole-4-carbothioic O-acid",,l-peptide linking,芳香／疏水侧链,芳香／疏水侧链；极性／带电侧链,C7 H10 N2 O7 S2,298.294,,C[C@H]([C@@H](c1nc(c(o1)O)C(=S)O)N)OS(=O)(=O)O,疏水表面积可能↑；膜分配可能↑；水溶性可能↓；水溶性可能↑；被动渗透性可能↓,仅为结构/类别推断；不代表已证实提高环肽渗透性或口服暴露,https://www.rcsb.org/ligand/HM8
HM9,"6-(3-CARBAMIMIDAMIDOPROPYL)-3,5-DIHYDROXYPYRAZINE-2-CARBOTHIOIC S-ACID",,l-peptide linking,芳香／疏水侧链,芳香／疏水侧链；极性／带电侧链,C9 H13 N5 O3 S,271.296,,C(Cc1c(nc(c(n1)C(=O)S)O)O)CNC(=N)N,疏水表面积可能↑；膜分配可能↑；水溶性可能↓；水溶性可能↑；被动渗透性可能↓,仅为结构/类别推断；不代表已证实提高环肽渗透性或口服暴露,https://www.rcsb.org/ligand/HM9
HMF,2-AMINO-4-PHENYL-BUTYRIC ACID,D-BETA-HOMOPHENYLALANINE,d-peptide linking,D-构型,D-构型；芳香／疏水侧链,C10 H13 N O2,179.216,,c1ccc(cc1)CC[C@H](C(=O)O)N,蛋白酶稳定性可能↑；局部构象可能改变；渗透性取决于骨架；疏水表面积可能↑；膜分配可能↑,仅为结构/类别推断；不代表已证实提高环肽渗透性或口服暴露,https://www.rcsb.org/ligand/HMF
HMR,BETA-HOMOARGININE,,l-peptide linking,极性／带电侧链,极性／带电侧链,C7 H16 N4 O2,188.228,ARG,C(C[C@@H](CC(=O)O)N)CNC(=N)N,水溶性可能↑；被动渗透性可能↓；可提供结合或偶联位点,仅为结构/类别推断；不代表已证实提高环肽渗透性或口服暴露,https://www.rcsb.org/ligand/HMR
HNC,"S-[(1S,2R)-2-hydroxy-1-(2-oxoethyl)heptyl]-L-cysteine",Cysteine covalently modified with 4-hydroxy-2-nonenal,l-peptide linking,极性／带电侧链,极性／带电侧链,C12 H23 N O4 S,277.38,CYS,CCCCC[C@H]([C@H](CC=O)SC[C@@H](C(=O)O)N)O,水溶性可能↑；被动渗透性可能↓；可提供结合或偶联位点,仅为结构/类别推断；不代表已证实提高环肽渗透性或口服暴露,https://www.rcsb.org/ligand/HNC
HOO,"(2~{S})-2-azanyl-3-[2,5-bis(oxidanylidene)imidazol-4-yl]propanoic acid",,l-peptide linking,极性／带电侧链,极性／带电侧链,C6 H7 N3 O4,185.137,HIS,C(C1=NC(=O)NC1=O)[C@@H](C(=O)O)N,水溶性可能↑；被动渗透性可能↓；可提供结合或偶联位点,仅为结构/类别推断；不代表已证实提高环肽渗透性或口服暴露,https://www.rcsb.org/ligand/HOO
HOX,4-amino-L-phenylalanine,,l-peptide linking,芳香／疏水侧链,芳香／疏水侧链；极性／带电侧链,C9 H12 N2 O2,180.204,PHE,c1cc(ccc1C[C@@H](C(=O)O)N)N,疏水表面积可能↑；膜分配可能↑；水溶性可能↓；水溶性可能↑；被动渗透性可能↓,仅为结构/类别推断；不代表已证实提高环肽渗透性或口服暴露,https://www.rcsb.org/ligand/HOX
HP9,(2S)-2-azanyl-3-(7-fluoranyl-9-oxidanylidene-xanthen-2-yl)propanoic acid,,l-peptide linking,芳香／疏水侧链,芳香／疏水侧链；极性／带电侧链,C16 H12 F N O4,301.269,PHE,c1cc2c(cc1C[C@@H](C(=O)O)N)C(=O)c3cc(ccc3O2)F,疏水表面积可能↑；膜分配可能↑；水溶性可能↓；水溶性可能↑；被动渗透性可能↓,仅为结构/类别推断；不代表已证实提高环肽渗透性或口服暴露,https://www.rcsb.org/ligand/HP9
HPE,HOMOPHENYLALANINE,,l-peptide linking,芳香／疏水侧链,芳香／疏水侧链,C10 H13 N O2,179.216,PHE,c1ccc(cc1)CC[C@@H](C(=O)O)N,疏水表面积可能↑；膜分配可能↑；水溶性可能↓,仅为结构/类别推断；不代表已证实提高环肽渗透性或口服暴露,https://www.rcsb.org/ligand/HPE
HPQ,HOMOPHENYLALANINYLMETHANE,,l-peptide linking,芳香／疏水侧链,芳香／疏水侧链,C11 H15 N O,177.243,PHE,CC(=O)[C@H](CCc1ccccc1)N,疏水表面积可能↑；膜分配可能↑；水溶性可能↓,仅为结构/类别推断；不代表已证实提高环肽渗透性或口服暴露,https://www.rcsb.org/ligand/HPQ
HQA,3-(8-hydroxyquinolin-3-yl)-L-alanine,,l-peptide linking,芳香／疏水侧链,芳香／疏水侧链；极性／带电侧链,C12 H12 N2 O3,232.235,ALA,c1cc2cc(cnc2c(c1)O)C[C@@H](C(=O)O)N,疏水表面积可能↑；膜分配可能↑；水溶性可能↓；水溶性可能↑；被动渗透性可能↓,仅为结构/类别推断；不代表已证实提高环肽渗透性或口服暴露,https://www.rcsb.org/ligand/HQA
HR7,(3S)-3-amino-6-[(diaminomethylidene)amino]hexanoic acid,BETA-HOMOARGININE,l-peptide linking,极性／带电侧链,极性／带电侧链,C7 H16 N4 O2,188.228,ARG,C(C[C@@H](CC(=O)O)N)CN=C(N)N,水溶性可能↑；被动渗透性可能↓；可提供结合或偶联位点,仅为结构/类别推断；不代表已证实提高环肽渗透性或口服暴露,https://www.rcsb.org/ligand/HR7
HRG,L-HOMOARGININE,,l-peptide linking,极性／带电侧链,极性／带电侧链,C7 H16 N4 O2,188.228,ARG,C(CCNC(=N)N)C[C@@H](C(=O)O)N,水溶性可能↑；被动渗透性可能↓；可提供结合或偶联位点,仅为结构/类别推断；不代表已证实提高环肽渗透性或口服暴露,https://www.rcsb.org/ligand/HRG
HRP,5-HYDROXY-L-TRYPTOPHAN,,l-peptide linking,芳香／疏水侧链,芳香／疏水侧链；极性／带电侧链,C11 H12 N2 O3,220.225,TRP,c1cc2c(cc1O)c(c[nH]2)C[C@H](C(=O)O)N,疏水表面积可能↑；膜分配可能↑；水溶性可能↓；水溶性可能↑；被动渗透性可能↓,仅为结构/类别推断；不代表已证实提高环肽渗透性或口服暴露,https://www.rcsb.org/ligand/HRP
HS8,3-(1-sulfo-1H-imidazol-3-ium-4-yl)-L-alanine,,l-peptide linking,芳香／疏水侧链,芳香／疏水侧链；极性／带电侧链,C6 H10 N3 O5 S,236.226,HIS,c1c([nH+]cn1S(=O)(=O)O)C[C@@H](C(=O)O)N,疏水表面积可能↑；膜分配可能↑；水溶性可能↓；水溶性可能↑；被动渗透性可能↓,仅为结构/类别推断；不代表已证实提高环肽渗透性或口服暴露,https://www.rcsb.org/ligand/HS8
HS9,N-ALPHA-METHYL-L-HISTIDINAMIDE,N-METHYL-L-HISTIDINAMIDE,l-peptide linking,N-取代,α位取代；N-取代；芳香／疏水侧链；极性／带电侧链,C7 H12 N4 O,168.196,HIS,CN[C@@H](Cc1c[nH]cn1)C(=O)N,构象刚性可能↑；蛋白酶稳定性可能↑；渗透性受整体折叠影响；主链氢键供体可能↓；暴露极性可能↓,仅为结构/类别推断；不代表已证实提高环肽渗透性或口服暴露,https://www.rcsb.org/ligand/HS9
HSE,L-HOMOSERINE,,l-peptide linking,极性／带电侧链,极性／带电侧链,C4 H9 N O3,119.119,SER,C(CO)[C@@H](C(=O)O)N,水溶性可能↑；被动渗透性可能↓；可提供结合或偶联位点,仅为结构/类别推断；不代表已证实提高环肽渗透性或口服暴露,https://www.rcsb.org/ligand/HSE
HSK,3-hydroxy-L-histidine,,l-peptide linking,芳香／疏水侧链,芳香／疏水侧链；极性／带电侧链,C6 H9 N3 O3,171.154,HIS,c1c(n(cn1)O)C[C@@H](C(=O)O)N,疏水表面积可能↑；膜分配可能↑；水溶性可能↓；水溶性可能↑；被动渗透性可能↓,仅为结构/类别推断；不代表已证实提高环肽渗透性或口服暴露,https://www.rcsb.org/ligand/HSK
HSL,HOMOSERINE LACTONE,,l-peptide linking,其他CCD肽链核心,,C4 H7 N O2,101.104,SER,C1COC(=O)[C@H]1N,尚无可靠的定向性质判断；需在具体环肽骨架中验证,仅为结构/类别推断；不代表已证实提高环肽渗透性或口服暴露,https://www.rcsb.org/ligand/HSL
HSO,L-histidinol,,l-peptide linking,芳香／疏水侧链,芳香／疏水侧链；极性／带电侧链,C6 H12 N3 O,142.179,HIS,c1c([nH+]c[nH]1)C[C@@H](CO)N,疏水表面积可能↑；膜分配可能↑；水溶性可能↓；水溶性可能↑；被动渗透性可能↓,仅为结构/类别推断；不代表已证实提高环肽渗透性或口服暴露,https://www.rcsb.org/ligand/HSO
HSV,L-histidinal,,l-peptide linking,芳香／疏水侧链,芳香／疏水侧链；极性／带电侧链,C6 H10 N3 O,140.163,HIS,c1c([nH+]c[nH]1)C[C@@H](C=O)N,疏水表面积可能↑；膜分配可能↑；水溶性可能↓；水溶性可能↑；被动渗透性可能↓,仅为结构/类别推断；不代表已证实提高环肽渗透性或口服暴露,https://www.rcsb.org/ligand/HSV
HT7,(3S)-3-AMINO-4-(1H-INDOL-3-YL)BUTANOIC ACID,BETA-HOMOTRYPTOPHAN,l-peptide linking,芳香／疏水侧链,芳香／疏水侧链；极性／带电侧链,C12 H14 N2 O2,218.252,TRP,c1ccc2c(c1)c(c[nH]2)C[C@@H](CC(=O)O)N,疏水表面积可能↑；膜分配可能↑；水溶性可能↓；水溶性可能↑；被动渗透性可能↓,仅为结构/类别推断；不代表已证实提高环肽渗透性或口服暴露,https://www.rcsb.org/ligand/HT7
HTI,(4S)-4-{[(2S)-2-AMINO-3-OXOPROPYL]SULFANYL}-L-HOMOSERINE,,l-peptide linking,极性／带电侧链,极性／带电侧链,C7 H14 N2 O5 S,238.261,CYS,C([C@@H](C(=O)O)N)[C@H](O)SC[C@@H](C(=O)O)N,水溶性可能↑；被动渗透性可能↓；可提供结合或偶联位点,仅为结构/类别推断；不代表已证实提高环肽渗透性或口服暴露,https://www.rcsb.org/ligand/HTI
HTN,(3R)-3-hydroxy-N-methyl-D-asparagine,,d-peptide linking,N-取代,D-构型；N-取代；极性／带电侧链,C5 H10 N2 O4,162.144,,CNC(=O)[C@@H]([C@H](C(=O)O)N)O,蛋白酶稳定性可能↑；局部构象可能改变；渗透性取决于骨架；主链氢键供体可能↓；暴露极性可能↓,仅为结构/类别推断；不代表已证实提高环肽渗透性或口服暴露,https://www.rcsb.org/ligand/HTN
HTR,BETA-HYDROXYTRYPTOPHANE,,l-peptide linking,芳香／疏水侧链,芳香／疏水侧链；极性／带电侧链,C11 H12 N2 O3,220.225,TRP,c1ccc2c(c1)c(c[nH]2)[C@@H]([C@@H](C(=O)O)N)O,疏水表面积可能↑；膜分配可能↑；水溶性可能↓；水溶性可能↑；被动渗透性可能↓,仅为结构/类别推断；不代表已证实提高环肽渗透性或口服暴露,https://www.rcsb.org/ligand/HTR
HTY,(betaR)-beta-hydroxy-D-tyrosine,,d-peptide linking,D-构型,D-构型；芳香／疏水侧链；极性／带电侧链,C9 H11 N O4,197.188,,c1cc(ccc1[C@H]([C@H](C(=O)O)N)O)O,蛋白酶稳定性可能↑；局部构象可能改变；渗透性取决于骨架；疏水表面积可能↑；膜分配可能↑,仅为结构/类别推断；不代表已证实提高环肽渗透性或口服暴露,https://www.rcsb.org/ligand/HTY
HVA,3-hydroxy-L-valine,L-beta-hydroxyvaline,l-peptide linking,极性／带电侧链,极性／带电侧链,C5 H11 N O3,133.146,VAL,CC(C)([C@@H](C(=O)O)N)O,水溶性可能↑；被动渗透性可能↓；可提供结合或偶联位点,仅为结构/类别推断；不代表已证实提高环肽渗透性或口服暴露,https://www.rcsb.org/ligand/HVA
HY3,3-HYDROXYPROLINE,"(2S,3S)-3-hydroxypyrrolidine-2-carboxylic acid",l-peptide linking,构象限制,构象限制；极性／带电侧链,C5 H9 N O3,131.13,PRO,C1CN[C@@H]([C@H]1O)C(=O)O,构象刚性可能↑；蛋白酶稳定性可能↑；渗透性取决于极性遮蔽；水溶性可能↑；被动渗透性可能↓,仅为结构/类别推断；不代表已证实提高环肽渗透性或口服暴露,https://www.rcsb.org/ligand/HY3
HYP,4-HYDROXYPROLINE,HYDROXYPROLINE,l-peptide linking,构象限制,构象限制；极性／带电侧链,C5 H9 N O3,131.13,PRO,C1[C@H](CN[C@@H]1C(=O)O)O,构象刚性可能↑；蛋白酶稳定性可能↑；渗透性取决于极性遮蔽；水溶性可能↑；被动渗透性可能↓,仅为结构/类别推断；不代表已证实提高环肽渗透性或口服暴露,https://www.rcsb.org/ligand/HYP
HZP,(4S)-4-hydroxy-L-proline,,l-peptide linking,构象限制,构象限制；极性／带电侧链,C5 H9 N O3,131.13,PRO,C1[C@@H](CN[C@@H]1C(=O)O)O,构象刚性可能↑；蛋白酶稳定性可能↑；渗透性取决于极性遮蔽；水溶性可能↑；被动渗透性可能↓,仅为结构/类别推断；不代表已证实提高环肽渗透性或口服暴露,https://www.rcsb.org/ligand/HZP
I1C,"{(4Z)-2-[(1R,2R)-1-amino-2-hydroxypropyl]-4-[(4-hydroxy-3-iodophenyl)methylidene]-5-oxo-4,5-dihydro-1H-imidazol-1-yl}acetic acid",,l-peptide linking,卤代／电子调节,卤代／电子调节；芳香／疏水侧链；极性／带电侧链,C15 H16 I N3 O5,445.209,Gly / Thr / Tyr,C[C@H]([C@@H](C1=N/C(=C\c2ccc(c(c2)I)O)/C(=O)N1CC(=O)O)N)O,疏水性可能↑；代谢稳定性可能↑；水溶性可能↓；疏水表面积可能↑；膜分配可能↑,仅为结构/类别推断；不代表已证实提高环肽渗透性或口服暴露,https://www.rcsb.org/ligand/I1C
I2F,"(2~{S},4~{R},5~{E})-5-[(5~{S})-5-azanyl-6-oxidanyl-hexyl]iminohexane-1,2,4-triol",,l-peptide linking,极性／带电侧链,极性／带电侧链,C12 H26 N2 O5,278.345,LYS,C/C(=N\CCCC[C@@H](C(O)O)N)/[C@@H](C[C@@H](CO)O)O,水溶性可能↑；被动渗透性可能↓；可提供结合或偶联位点,仅为结构/类别推断；不代表已证实提高环肽渗透性或口服暴露,https://www.rcsb.org/ligand/I2F
I2M,3-methyl-L-alloisoleucine,beta-methylisoleucine,l-peptide linking,其他CCD肽链核心,,C7 H15 N O2,145.199,ILE,CCC(C)(C)[C@@H](C(=O)O)N,尚无可靠的定向性质判断；需在具体环肽骨架中验证,仅为结构/类别推断；不代表已证实提高环肽渗透性或口服暴露,https://www.rcsb.org/ligand/I2M
I3L,allyl-cysteine,,l-peptide linking,其他CCD肽链核心,,C6 H11 N O2 S,161.222,CYS,C=CCSC[C@@H](C(=O)O)N,尚无可靠的定向性质判断；需在具体环肽骨架中验证,仅为结构/类别推断；不代表已证实提高环肽渗透性或口服暴露,https://www.rcsb.org/ligand/I3L
I4G,N-(2-methylpropyl)glycine,,l-peptide linking,其他CCD肽链核心,,C6 H13 N O2,131.173,GLY,CC(C)CNCC(=O)O,尚无可靠的定向性质判断；需在具体环肽骨架中验证,仅为结构/类别推断；不代表已证实提高环肽渗透性或口服暴露,https://www.rcsb.org/ligand/I4G
I4O,Histidine oxo-vanadium complex,[4-[(2S)-2-azanyl-3-oxidanyl-3-oxidanylidene-propyl]imidazol-1-yl]-tris(oxidanidyl)-oxidanylidene-vanadium,l-peptide linking,芳香／疏水侧链,芳香／疏水侧链；极性／带电侧链,C6 H8 N3 O6 V,269.086,HIS,c1c(ncn1[V](=O)([O-])([O-])[O-])C[C@@H](C(=O)O)N,疏水表面积可能↑；膜分配可能↑；水溶性可能↓；水溶性可能↑；被动渗透性可能↓,仅为结构/类别推断；不代表已证实提高环肽渗透性或口服暴露,https://www.rcsb.org/ligand/I4O
I58,4R-FLUORO-N6-ETHANIMIDOYL-L-LYSINE,,l-peptide linking,卤代／电子调节,卤代／电子调节；极性／带电侧链,C8 H16 F N3 O2,205.23,LYS,[H]/N=C(/C)\NCC[C@H](C[C@@H](C(=O)O)N)F,疏水性可能↑；代谢稳定性可能↑；水溶性可能↓；水溶性可能↑；被动渗透性可能↓,仅为结构/类别推断；不代表已证实提高环肽渗透性或口服暴露,https://www.rcsb.org/ligand/I58
I7F,O-hydroxy-L-serine,(2S)-2-amino-3-hydroperoxypropanoic acid,l-peptide linking,极性／带电侧链,极性／带电侧链,C3 H7 N O4,121.092,SER,C([C@@H](C(=O)O)N)OO,水溶性可能↑；被动渗透性可能↓；可提供结合或偶联位点,仅为结构/类别推断；不代表已证实提高环肽渗透性或口服暴露,https://www.rcsb.org/ligand/I7F
IAE,(2S)-2-azanyl-4-[4-(trifluoromethyl)phenyl]butanoic acid,,l-peptide linking,卤代／电子调节,卤代／电子调节；芳香／疏水侧链,C11 H12 F3 N O2,247.214,PHE,c1cc(ccc1CC[C@@H](C(=O)O)N)C(F)(F)F,疏水性可能↑；代谢稳定性可能↑；水溶性可能↓；疏水表面积可能↑；膜分配可能↑,仅为结构/类别推断；不代表已证实提高环肽渗透性或口服暴露,https://www.rcsb.org/ligand/IAE
IAM,4-[(ISOPROPYLAMINO)METHYL]PHENYLALANINE,,l-peptide linking,芳香／疏水侧链,芳香／疏水侧链；极性／带电侧链,C13 H20 N2 O2,236.31,ALA,CC(C)NCc1ccc(cc1)C[C@@H](C(=O)O)N,疏水表面积可能↑；膜分配可能↑；水溶性可能↓；水溶性可能↑；被动渗透性可能↓,仅为结构/类别推断；不代表已证实提高环肽渗透性或口服暴露,https://www.rcsb.org/ligand/IAM
IAR,(2E)-5-[(diaminomethylidene)amino]-2-iminopentanoic acid,,peptide linking,极性／带电侧链,极性／带电侧链,C6 H12 N4 O2,172.185,ARG,[H]/N=C(\CCCN/C(=N/[H])/N)/C(=O)O,水溶性可能↑；被动渗透性可能↓；可提供结合或偶联位点,仅为结构/类别推断；不代表已证实提高环肽渗透性或口服暴露,https://www.rcsb.org/ligand/IAR
IAS,BETA-L-ASPARTIC ACID,L-aspartic acid,"l-beta-peptide, c-gamma linking",延长骨架,延长骨架；极性／带电侧链,C4 H7 N O4,133.103,,C([C@@H](C(=O)O)N)C(=O)O,骨架间距改变；构象分布可能改变；抗酶解性可能↑；水溶性可能↑；被动渗透性可能↓,仅为结构/类别推断；不代表已证实提高环肽渗透性或口服暴露,https://www.rcsb.org/ligand/IAS
IB9,Beta-tyrosine,(3S)-3-azanyl-3-(4-hydroxyphenyl)propanoic acid; Betatyrosine,l-peptide linking,芳香／疏水侧链,芳香／疏水侧链；极性／带电侧链,C9 H11 N O3,181.189,TYR,c1cc(ccc1[C@H](CC(=O)O)N)O,疏水表面积可能↑；膜分配可能↑；水溶性可能↓；水溶性可能↑；被动渗透性可能↓,仅为结构/类别推断；不代表已证实提高环肽渗透性或口服暴露,https://www.rcsb.org/ligand/IB9
IC0,Fmoc-(S)-2-(4-pentenyl)-glycine,(2S)-2-azanylhept-6-enoic acid,l-peptide linking,其他CCD肽链核心,,C7 H13 N O2,143.184,GLY,C=CCCC[C@@H](C(=O)O)N,尚无可靠的定向性质判断；需在具体环肽骨架中验证,仅为结构/类别推断；不代表已证实提高环肽渗透性或口服暴露,https://www.rcsb.org/ligand/IC0
ICY,S-(2-iodobenzyl)-L-cysteine,,l-peptide linking,卤代／电子调节,卤代／电子调节；芳香／疏水侧链,C10 H12 I N O2 S,337.177,CYS,c1ccc(c(c1)CSC[C@@H](C(=O)O)N)I,疏水性可能↑；代谢稳定性可能↑；水溶性可能↓；疏水表面积可能↑；膜分配可能↑,仅为结构/类别推断；不代表已证实提高环肽渗透性或口服暴露,https://www.rcsb.org/ligand/ICY
IEL,N~6~-[(1Z)-ethanimidoyl]-L-lysine,,l-peptide linking,极性／带电侧链,极性／带电侧链,C8 H17 N3 O2,187.239,LYS,[H]/N=C(/C)\NCCCC[C@@H](C(=O)O)N,水溶性可能↑；被动渗透性可能↓；可提供结合或偶联位点,仅为结构/类别推断；不代表已证实提高环肽渗透性或口服暴露,https://www.rcsb.org/ligand/IEL
IGL,ALPHA-AMINO-2-INDANACETIC ACID,,l-peptide linking,芳香／疏水侧链,芳香／疏水侧链,C11 H13 N O2,191.226,GLY,c1ccc2c(c1)CC(C2)[C@H](C(=O)O)N,疏水表面积可能↑；膜分配可能↑；水溶性可能↓,仅为结构/类别推断；不代表已证实提高环肽渗透性或口服暴露,https://www.rcsb.org/ligand/IGL
II7,cis-3-aminocyclobutane carboxylic acid,3-azanylcyclobutane-1-carboxylic acid,l-peptide linking,构象限制,构象限制,C5 H9 N O2,115.13,,C1C(CC1N)C(=O)O,构象刚性可能↑；蛋白酶稳定性可能↑；渗透性取决于极性遮蔽,仅为结构/类别推断；不代表已证实提高环肽渗透性或口服暴露,https://www.rcsb.org/ligand/II7
IIC,4-IMIDAZOLMETHYLENE-5-IMIDAZOLONE CHROMOPHORE,,l-peptide linking,芳香／疏水侧链,芳香／疏水侧链；极性／带电侧链,C11 H15 N5 O4,281.268,GLY / HIS / SER,c1c([nH]cn1)CC2=NC(N(C2=O)CC(=O)O)[C@H](CO)N,疏水表面积可能↑；膜分配可能↑；水溶性可能↓；水溶性可能↑；被动渗透性可能↓,仅为结构/类别推断；不代表已证实提高环肽渗透性或口服暴露,https://www.rcsb.org/ligand/IIC
IIL,ISO-ISOLEUCINE,ALLO-ISOLEUCINE,l-peptide linking,其他CCD肽链核心,,C6 H13 N O2,131.173,ILE,CC[C@@H](C)[C@@H](C(=O)O)N,尚无可靠的定向性质判断；需在具体环肽骨架中验证,仅为结构/类别推断；不代表已证实提高环肽渗透性或口服暴露,https://www.rcsb.org/ligand/IIL
ILX,"4,5-DIHYDROXYISOLEUCINE",,l-peptide linking,极性／带电侧链,极性／带电侧链,C6 H13 N O4,163.172,ILE,C[C@@H]([C@H](CO)O)[C@@H](C(=O)O)N,水溶性可能↑；被动渗透性可能↓；可提供结合或偶联位点,仅为结构/类别推断；不代表已证实提高环肽渗透性或口服暴露,https://www.rcsb.org/ligand/ILX
IML,N-METHYL-ISOLEUCINE,,l-peptide linking,N-取代,N-取代,C7 H15 N O2,145.199,ILE,CC[C@H](C)[C@@H](C(=O)O)NC,主链氢键供体可能↓；暴露极性可能↓；被动渗透性可能↑,仅为结构/类别推断；不代表已证实提高环肽渗透性或口服暴露,https://www.rcsb.org/ligand/IML
IO8,2-[2-(aminomethyl)-4-(1H-indol-3-ylmethyl)-5-oxidanylidene-4H-imidazol-1-yl]ethanoic acid,CHROMOPHORE (GLY-TRP-GLY),l-peptide linking,芳香／疏水侧链,芳香／疏水侧链；极性／带电侧链,C15 H14 N4 O3,298.297,GLY / TRP,c1ccc2c(c1)c(c[nH]2)/C=C\3/C(=O)N(C(=N3)CN)CC(=O)O,疏水表面积可能↑；膜分配可能↑；水溶性可能↓；水溶性可能↑；被动渗透性可能↓,仅为结构/类别推断；不代表已证实提高环肽渗透性或口服暴露,https://www.rcsb.org/ligand/IO8
IOR,"N~5~-[(5R)-5-methyl-4-oxo-4,5-dihydro-1H-imidazol-2-yl]-L-ornithine",,l-peptide linking,极性／带电侧链,极性／带电侧链,C9 H16 N4 O3,228.248,ARG,C[C@@H]1C(=O)N=C(N1)NCCC[C@@H](C(=O)O)N,水溶性可能↑；被动渗透性可能↓；可提供结合或偶联位点,仅为结构/类别推断；不代表已证实提高环肽渗透性或口服暴露,https://www.rcsb.org/ligand/IOR
IOY,P-IODO-D-PHENYLALANINE,4-IODOPHENYLALANINE,d-peptide linking,D-构型,D-构型；卤代／电子调节；芳香／疏水侧链,C9 H10 I N O2,291.086,,c1cc(ccc1C[C@H](C(=O)O)N)I,蛋白酶稳定性可能↑；局部构象可能改变；渗透性取决于骨架；疏水性可能↑；代谢稳定性可能↑,仅为结构/类别推断；不代表已证实提高环肽渗透性或口服暴露,https://www.rcsb.org/ligand/IOY
IPG,N-ISOPROPYL GLYCINE,,l-peptide linking,其他CCD肽链核心,,C5 H11 N O2,117.146,GLY,CC(C)NCC(=O)O,尚无可靠的定向性质判断；需在具体环肽骨架中验证,仅为结构/类别推断；不代表已证实提高环肽渗透性或口服暴露,https://www.rcsb.org/ligand/IPG
IYR,3-IODO-TYROSINE,,l-peptide linking,卤代／电子调节,卤代／电子调节；芳香／疏水侧链；极性／带电侧链,C9 H10 I N O3,307.085,TYR,c1cc(c(cc1C[C@@H](C(=O)O)N)I)O,疏水性可能↑；代谢稳定性可能↑；水溶性可能↓；疏水表面积可能↑；膜分配可能↑,仅为结构/类别推断；不代表已证实提高环肽渗透性或口服暴露,https://www.rcsb.org/ligand/IYR
IYT,"N-ALPHA-ACETYL-3,5-DIIODOTYROSYL-D-THREONINE",THREONINE DERIVATIVE,d-peptide linking,D-构型,D-构型；卤代／电子调节；芳香／疏水侧链；极性／带电侧链,C15 H18 I2 N2 O6,576.122,,C[C@H]([C@H](C(=O)O)NC(=O)[C@H](Cc1cc(c(c(c1)I)O)I)NC(=O)C)O,蛋白酶稳定性可能↑；局部构象可能改变；渗透性取决于骨架；疏水性可能↑；代谢稳定性可能↑,仅为结构/类别推断；不代表已证实提高环肽渗透性或口服暴露,https://www.rcsb.org/ligand/IYT
IZO,(2S)-2-AMINOHEX-5-YNOIC ACID,,l-peptide linking,其他CCD肽链核心,,C6 H9 N O2,127.141,MET,C#CCC[C@@H](C(=O)O)N,尚无可靠的定向性质判断；需在具体环肽骨架中验证,仅为结构/类别推断；不代表已证实提高环肽渗透性或口服暴露,https://www.rcsb.org/ligand/IZO
J2F,(2~{S})-2-azanyl-3-[4-[(2-nitrophenyl)methoxy]phenyl]propanoic acid,,l-peptide linking,芳香／疏水侧链,芳香／疏水侧链；极性／带电侧链,C16 H16 N2 O5,316.309,TYR,c1ccc(c(c1)COc2ccc(cc2)C[C@@H](C(=O)O)N)[N+](=O)[O-],疏水表面积可能↑；膜分配可能↑；水溶性可能↓；水溶性可能↑；被动渗透性可能↓,仅为结构/类别推断；不代表已证实提高环肽渗透性或口服暴露,https://www.rcsb.org/ligand/J2F
J3D,N-carboxy-L-cysteine,,l-peptide linking,极性／带电侧链,极性／带电侧链,C4 H7 N O4 S,165.168,CYS,C([C@@H](C(=O)O)NC(=O)O)S,水溶性可能↑；被动渗透性可能↓；可提供结合或偶联位点,仅为结构/类别推断；不代表已证实提高环肽渗透性或口服暴露,https://www.rcsb.org/ligand/J3D
J7H,(2~{R})-2-azanyl-2-methyl-heptanoic acid,,d-peptide linking,D-构型,D-构型,C8 H17 N O2,159.226,,CCCCC[C@](C)(C(=O)O)N,蛋白酶稳定性可能↑；局部构象可能改变；渗透性取决于骨架,仅为结构/类别推断；不代表已证实提高环肽渗透性或口服暴露,https://www.rcsb.org/ligand/J7H
J8W,(2~{S})-2-azanyl-3-(3-oxidanyl-3-oxidanylidene-propanoyl)oxy-propanoic acid,,l-peptide linking,极性／带电侧链,极性／带电侧链,C6 H9 N O6,191.139,SER,C([C@@H](C(=O)O)N)OC(=O)CC(=O)O,水溶性可能↑；被动渗透性可能↓；可提供结合或偶联位点,仅为结构/类别推断；不代表已证实提高环肽渗透性或口服暴露,https://www.rcsb.org/ligand/J8W
J9A,N-[(2S)-2-amino-2-carboxyethyl]-L-alpha-glutamine,,l-peptide linking,极性／带电侧链,极性／带电侧链,C8 H15 N3 O5,233.222,,C(CC(=O)O)[C@@H](C(=O)NC[C@@H](C(=O)O)N)N,水溶性可能↑；被动渗透性可能↓；可提供结合或偶联位点,仅为结构/类别推断；不代表已证实提高环肽渗透性或口服暴露,https://www.rcsb.org/ligand/J9A
J9Y,(2S)-2-amino-5-{[(E)-amino(methylamino)methylidene](hydroxy)azaniumyl}pentanoate,,l-peptide linking,极性／带电侧链,极性／带电侧链,C7 H16 N4 O3,204.227,ARG,CN/C(=[N+](\CCC[C@@H](C(=O)[O-])N)/O)/N,水溶性可能↑；被动渗透性可能↓；可提供结合或偶联位点,仅为结构/类别推断；不代表已证实提高环肽渗透性或口服暴露,https://www.rcsb.org/ligand/J9Y
JBY,"(2S)-2-{(4Z)-2-(aminomethyl)-4-[(4-hydroxyphenyl)methylidene]-5-oxo-4,5-dihydro-1H-imidazol-1-yl}propanoic acid",Gly-Ala-Try Chromophore,l-peptide linking,芳香／疏水侧链,芳香／疏水侧链；极性／带电侧链,C14 H15 N3 O4,289.287,,C[C@@H](C(=O)O)N1C(=N/C(=C\c2ccc(cc2)O)/C1=O)CN,疏水表面积可能↑；膜分配可能↑；水溶性可能↓；水溶性可能↑；被动渗透性可能↓,仅为结构/类别推断；不代表已证实提高环肽渗透性或口服暴露,https://www.rcsb.org/ligand/JBY
JGO,"meso-2,6-diaminopimelic acid NH2","(2S,6R)-2,6,7-tris(azanyl)-7-oxidanylidene-heptanoic acid; (2S,6R)-2,6,7-triamino-7-oxoheptanoic acid",l-peptide linking,极性／带电侧链,极性／带电侧链,C7 H15 N3 O3,189.212,LYS,C(C[C@H](C(=O)N)N)C[C@@H](C(=O)O)N,水溶性可能↑；被动渗透性可能↓；可提供结合或偶联位点,仅为结构/类别推断；不代表已证实提高环肽渗透性或口服暴露,https://www.rcsb.org/ligand/JGO
JJJ,S-(pyridin-3-ylcarbonyl)-L-cysteine,,l-peptide linking,芳香／疏水侧链,芳香／疏水侧链；极性／带电侧链,C9 H10 N2 O3 S,226.252,CYS,c1cc(cnc1)C(=O)SC[C@@H](C(=O)O)N,疏水表面积可能↑；膜分配可能↑；水溶性可能↓；水溶性可能↑；被动渗透性可能↓,仅为结构/类别推断；不代表已证实提高环肽渗透性或口服暴露,https://www.rcsb.org/ligand/JJJ
JJK,S-[(S)-hydroxy(pyridin-3-yl)methyl]-L-cysteine,,l-peptide linking,芳香／疏水侧链,芳香／疏水侧链；极性／带电侧链,C9 H12 N2 O3 S,228.268,CYS,c1cc(cnc1)[C@@H](O)SC[C@@H](C(=O)O)N,疏水表面积可能↑；膜分配可能↑；水溶性可能↓；水溶性可能↑；被动渗透性可能↓,仅为结构/类别推断；不代表已证实提高环肽渗透性或口服暴露,https://www.rcsb.org/ligand/JJK
JJL,S-[(S)-hydroxy(5-methoxypyridin-3-yl)methyl]-L-cysteine,,l-peptide linking,芳香／疏水侧链,芳香／疏水侧链；极性／带电侧链,C10 H14 N2 O4 S,258.294,CYS,COc1cc(cnc1)[C@@H](O)SC[C@@H](C(=O)O)N,疏水表面积可能↑；膜分配可能↑；水溶性可能↓；水溶性可能↑；被动渗透性可能↓,仅为结构/类别推断；不代表已证实提高环肽渗透性或口服暴露,https://www.rcsb.org/ligand/JJL
JKC,(2S)-2-azanyl-5-(phenylmethoxycarbonylamino)pentanoic acid,,l-peptide linking,芳香／疏水侧链,芳香／疏水侧链；极性／带电侧链,C13 H18 N2 O4,266.293,,c1ccc(cc1)COC(=O)NCCC[C@@H](C(=O)O)N,疏水表面积可能↑；膜分配可能↑；水溶性可能↓；水溶性可能↑；被动渗透性可能↓,仅为结构/类别推断；不代表已证实提高环肽渗透性或口服暴露,https://www.rcsb.org/ligand/JKC
JKH,4-amino-Proline,,l-peptide linking,构象限制,构象限制；极性／带电侧链,C5 H11 N2 O2,131.153,PRO,C1[C@@H](CN[C@@H]1C(=O)O)[NH3+],构象刚性可能↑；蛋白酶稳定性可能↑；渗透性取决于极性遮蔽；水溶性可能↑；被动渗透性可能↓,仅为结构/类别推断；不代表已证实提高环肽渗透性或口服暴露,https://www.rcsb.org/ligand/JKH
JLP,(2S)-2-azanyl-6-[E-[5-(hydroxymethyl)-2-methyl-3-oxidanyl-pyridin-4-yl]methylideneamino]hexanoic acid,,l-peptide linking,芳香／疏水侧链,芳香／疏水侧链；极性／带电侧链,C14 H21 N3 O4,295.334,LYS,Cc1c(c(c(cn1)CO)/C=N/CCCC[C@@H](C(=O)O)N)O,疏水表面积可能↑；膜分配可能↑；水溶性可能↓；水溶性可能↑；被动渗透性可能↓,仅为结构/类别推断；不代表已证实提高环肽渗透性或口服暴露,https://www.rcsb.org/ligand/JLP
JMX,(2S)-3-[1-[(4-bromophenyl)methyl]indol-3-yl]-2-(methylamino)propanoic acid,SC45647,l-peptide linking,卤代／电子调节,卤代／电子调节；芳香／疏水侧链；极性／带电侧链,C19 H19 Br N2 O2,387.27,,CN[C@@H](Cc1cn(c2c1cccc2)Cc3ccc(cc3)Br)C(=O)O,疏水性可能↑；代谢稳定性可能↑；水溶性可能↓；疏水表面积可能↑；膜分配可能↑,仅为结构/类别推断；不代表已证实提高环肽渗透性或口服暴露,https://www.rcsb.org/ligand/JMX
JXR,"2,2-bis(4-pentenyl)glycine",2-azanyl-2-pent-4-enyl-hept-6-enoic acid,l-peptide linking,其他CCD肽链核心,,C12 H21 N O2,211.301,,C=CCCCC(CCCC=C)(C(=O)O)N,尚无可靠的定向性质判断；需在具体环肽骨架中验证,仅为结构/类别推断；不代表已证实提高环肽渗透性或口服暴露,https://www.rcsb.org/ligand/JXR
JYC,(S)-2-(7'-octenyl) alanine,(S)-2-amino-2-methyldec-9-enoic acid; (2S)-2-azanyl-2-methyl-dec-9-enoic acid,l-peptide linking,其他CCD肽链核心,,C11 H21 N O2,199.29,,C[C@](CCCCCCC=C)(C(=O)O)N,尚无可靠的定向性质判断；需在具体环肽骨架中验证,仅为结构/类别推断；不代表已证实提高环肽渗透性或口服暴露,https://www.rcsb.org/ligand/JYC
K1R,(2S)-2-AMINO-4-[({[(2R)-2-AMINO-2-CARBOXYETHYL]THIO}AMINO)SULFINYL]BUTANOIC ACID,N-THIOSULFOXIMIDE,l-peptide linking,极性／带电侧链,极性／带电侧链,C7 H15 N3 O5 S2,285.341,CYS,C(C[S@@](=O)NSC[C@@H](C(=O)O)N)[C@@H](C(=O)O)N,水溶性可能↑；被动渗透性可能↓；可提供结合或偶联位点,仅为结构/类别推断；不代表已证实提高环肽渗透性或口服暴露,https://www.rcsb.org/ligand/K1R
K5H,"(2~{R})-2-azanyl-3-[3,3,3-tris(fluoranyl)-2,2-bis(oxidanyl)propyl]sulfanyl-propanoic acid",,l-peptide linking,极性／带电侧链,极性／带电侧链,C6 H10 F3 N O4 S,249.208,CYS,C([C@@H](C(=O)O)N)SCC(C(F)(F)F)(O)O,水溶性可能↑；被动渗透性可能↓；可提供结合或偶联位点,仅为结构/类别推断；不代表已证实提高环肽渗透性或口服暴露,https://www.rcsb.org/ligand/K5H
K5L,(2~{R})-2-azanyl-3-(3-oxidanyl-3-oxidanylidene-propanoyl)oxy-propanoic acid,,l-peptide linking,极性／带电侧链,极性／带电侧链,C6 H9 N O6,191.139,SER,C([C@H](C(=O)O)N)OC(=O)CC(=O)O,水溶性可能↑；被动渗透性可能↓；可提供结合或偶联位点,仅为结构/类别推断；不代表已证实提高环肽渗透性或口服暴露,https://www.rcsb.org/ligand/K5L
K7K,2-azanyl-3-[hexyl-[2-(3-oxidanylpyridin-2-yl)pyridin-3-yl]oxy-phosphoryl]oxy-propanal,,l-peptide linking,芳香／疏水侧链,芳香／疏水侧链；极性／带电侧链,C19 H26 N3 O6 P,423.4,SER,CCCCCC[P@](=O)(OC[C@@H](C(=O)O)N)Oc1cccnc1c2c(cccn2)O,疏水表面积可能↑；膜分配可能↑；水溶性可能↓；水溶性可能↑；被动渗透性可能↓,仅为结构/类别推断；不代表已证实提高环肽渗透性或口服暴露,https://www.rcsb.org/ligand/K7K
KBE,beta-lysine,"(3S)-3,6-diaminohexanoic acid",l-peptide linking,极性／带电侧链,极性／带电侧链,C6 H14 N2 O2,146.188,LYS,C(C[C@@H](CC(=O)O)N)CN,水溶性可能↑；被动渗透性可能↓；可提供结合或偶联位点,仅为结构/类别推断；不代表已证实提高环肽渗透性或口服暴露,https://www.rcsb.org/ligand/KBE
KBS,2-[(4-methoxyphenyl)sulfanyl]-5-[methyl(propan-2-yl)sulfamoyl]benzoic acid,,peptide linking,芳香／疏水侧链,芳香／疏水侧链；极性／带电侧链,C18 H21 N O5 S2,395.493,,CC(C)N(C)S(=O)(=O)c1ccc(c(c1)C(=O)O)Sc2ccc(cc2)OC,疏水表面积可能↑；膜分配可能↑；水溶性可能↓；水溶性可能↑；被动渗透性可能↓,仅为结构/类别推断；不代表已证实提高环肽渗透性或口服暴露,https://www.rcsb.org/ligand/KBS
KBV,(3R)-3-amino-4-(4-tert-butylphenyl)butanoic acid,,peptide linking,芳香／疏水侧链,芳香／疏水侧链,C14 H21 N O2,235.322,,CC(C)(C)c1ccc(cc1)C[C@H](CC(=O)O)N,疏水表面积可能↑；膜分配可能↑；水溶性可能↓,仅为结构/类别推断；不代表已证实提高环肽渗透性或口服暴露,https://www.rcsb.org/ligand/KBV
KCJ,"3-(1,3-thiazol-4-yl)-L-alanine",,l-peptide linking,芳香／疏水侧链,芳香／疏水侧链；极性／带电侧链,C6 H8 N2 O2 S,172.205,,c1c(ncs1)C[C@@H](C(=O)O)N,疏水表面积可能↑；膜分配可能↑；水溶性可能↓；水溶性可能↑；被动渗透性可能↓,仅为结构/类别推断；不代表已证实提高环肽渗透性或口服暴露,https://www.rcsb.org/ligand/KCJ
KCR,N-6-crotonyl-L-lysine,,l-peptide linking,极性／带电侧链,极性／带电侧链,C10 H18 N2 O3,214.262,LYS,C/C=C/C(=O)NCCCC[C@@H](C(=O)O)N,水溶性可能↑；被动渗透性可能↓；可提供结合或偶联位点,仅为结构/类别推断；不代表已证实提高环肽渗透性或口服暴露,https://www.rcsb.org/ligand/KCR
KCX,LYSINE NZ-CARBOXYLIC ACID,,l-peptide linking,极性／带电侧链,极性／带电侧链,C7 H14 N2 O4,190.197,LYS,C(CCNC(=O)O)C[C@@H](C(=O)O)N,水溶性可能↑；被动渗透性可能↓；可提供结合或偶联位点,仅为结构/类别推断；不代表已证实提高环肽渗透性或口服暴露,https://www.rcsb.org/ligand/KCX
KCY,D-homocysteine,,d-peptide linking,D-构型,D-构型,C4 H9 N O2 S,135.185,,C(CS)[C@H](C(=O)O)N,蛋白酶稳定性可能↑；局部构象可能改变；渗透性取决于骨架,仅为结构/类别推断；不代表已证实提高环肽渗透性或口服暴露,https://www.rcsb.org/ligand/KCY
KEO,e(R)-beta-lysyl-hydroxylysine,,l-peptide linking,极性／带电侧链,极性／带电侧链,C12 H26 N4 O4,290.359,LYS,C(C[C@@H](CC(=O)NCC[C@@H](C[C@@H](C(=O)O)N)O)N)CN,水溶性可能↑；被动渗透性可能↓；可提供结合或偶联位点,仅为结构/类别推断；不代表已证实提高环肽渗透性或口服暴露,https://www.rcsb.org/ligand/KEO
KFP,"N~6~-[(2-amino-4-oxo-3,4-dihydropteridin-6-yl)methyl]-D-lysine",,d-peptide linking,D-构型,D-构型；芳香／疏水侧链；极性／带电侧链,C13 H19 N7 O3,321.335,LYS,c1c(nc2c(n1)N=C(NC2=O)N)CNCCCC[C@H](C(=O)O)N,蛋白酶稳定性可能↑；局部构象可能改变；渗透性取决于骨架；疏水表面积可能↑；膜分配可能↑,仅为结构/类别推断；不代表已证实提高环肽渗透性或口服暴露,https://www.rcsb.org/ligand/KFP
KGC,N~6~-[(2R)-2-CARBOXY-5-OXOTETRAHYDROFURAN-2-YL]-L-LYSINE,,l-peptide linking,极性／带电侧链,极性／带电侧链,C11 H18 N2 O6,274.27,LYS,C1C[C@@](OC1=O)(C(=O)O)NCCCC[C@@H](C(=O)O)N,水溶性可能↑；被动渗透性可能↓；可提供结合或偶联位点,仅为结构/类别推断；不代表已证实提高环肽渗透性或口服暴露,https://www.rcsb.org/ligand/KGC
KHB,N~6~-[(3S)-3-hydroxybutanoyl]-L-lysine,,l-peptide linking,极性／带电侧链,极性／带电侧链,C10 H20 N2 O4,232.277,LYS,C[C@@H](CC(=O)NCCCC[C@@H](C(=O)O)N)O,水溶性可能↑；被动渗透性可能↓；可提供结合或偶联位点,仅为结构/类别推断；不代表已证实提高环肽渗透性或口服暴露,https://www.rcsb.org/ligand/KHB
KJW,(d)3-hydroxy-Leucine,,d-peptide linking,D-构型,D-构型；极性／带电侧链,C6 H13 N O3,147.172,,CC(C)[C@@H]([C@H](C(=O)O)N)O,蛋白酶稳定性可能↑；局部构象可能改变；渗透性取决于骨架；水溶性可能↑；被动渗透性可能↓,仅为结构/类别推断；不代表已证实提高环肽渗透性或口服暴露,https://www.rcsb.org/ligand/KJW
KKD,N-acetyl-L-aspartic acid,,l-peptide linking,极性／带电侧链,极性／带电侧链,C6 H9 N O5,175.139,ASP,CC(=O)N[C@@H](CC(=O)O)C(=O)O,水溶性可能↑；被动渗透性可能↓；可提供结合或偶联位点,仅为结构/类别推断；不代表已证实提高环肽渗透性或口服暴露,https://www.rcsb.org/ligand/KKD
KLF,"(2~{S},4~{R})-4-oxidanylpyrrolidine-2-carboxamide",,l-peptide linking,极性／带电侧链,极性／带电侧链,C5 H10 N2 O2,130.145,PRO,C1[C@H](CN[C@@H]1C(=O)N)O,水溶性可能↑；被动渗透性可能↓；可提供结合或偶联位点,仅为结构/类别推断；不代表已证实提高环肽渗透性或口服暴露,https://www.rcsb.org/ligand/KLF
KNB,3-(methylsulfonyl)-L-alanine,,l-peptide linking,极性／带电侧链,极性／带电侧链,C4 H9 N O4 S,167.184,ALA,CS(=O)(=O)C[C@@H](C(=O)O)N,水溶性可能↑；被动渗透性可能↓；可提供结合或偶联位点,仅为结构/类别推断；不代表已证实提高环肽渗透性或口服暴露,https://www.rcsb.org/ligand/KNB
KOR,L-HOMOCYSTEINE-S-N-S-L-CYSTEINE,N-THIOSULFOXIMIDE,l-peptide linking,极性／带电侧链,极性／带电侧链,C7 H15 N3 O5 S2,285.341,MET,C(CSN[S@](=O)C[C@@H](C(=O)O)N)[C@@H](C(=O)O)N,水溶性可能↑；被动渗透性可能↓；可提供结合或偶联位点,仅为结构/类别推断；不代表已证实提高环肽渗透性或口服暴露,https://www.rcsb.org/ligand/KOR
KPF,N-(1-carboxy-2-fluoro-ethenyl) lysine,,l-peptide linking,卤代／电子调节,卤代／电子调节；极性／带电侧链,C9 H15 F N2 O4,234.225,LYS,C(CC/N=C(\CF)/C(=O)O)C[C@@H](C(=O)O)N,疏水性可能↑；代谢稳定性可能↑；水溶性可能↓；水溶性可能↑；被动渗透性可能↓,仅为结构/类别推断；不代表已证实提高环肽渗透性或口服暴露,https://www.rcsb.org/ligand/KPF
KPI,(2S)-2-amino-6-[(1-hydroxy-1-oxo-propan-2-ylidene)amino]hexanoic acid,,l-peptide linking,极性／带电侧链,极性／带电侧链,C9 H16 N2 O4,216.234,LYS,C/C(=N\CCCC[C@@H](C(=O)O)N)/C(=O)O,水溶性可能↑；被动渗透性可能↓；可提供结合或偶联位点,仅为结构/类别推断；不代表已证实提高环肽渗透性或口服暴露,https://www.rcsb.org/ligand/KPI
KPY,(2R)-2-AZANYL-3-[2-[(E)-(1-OXIDANYL-1-OXIDANYLIDENE-PROPAN-2-YLIDENE)AMINO]ETHYLSULFANYL]PROPANOIC ACID,PYRUVOYL-L-THIALYSINE,l-peptide linking,极性／带电侧链,极性／带电侧链,C8 H14 N2 O4 S,234.273,LYS,C/C(=N\CCSC[C@@H](C(=O)O)N)/C(=O)O,水溶性可能↑；被动渗透性可能↓；可提供结合或偶联位点,仅为结构/类别推断；不代表已证实提高环肽渗透性或口服暴露,https://www.rcsb.org/ligand/KPY
KR3,N~6~-(ethoxycarbonyl)-L-lysine,,l-peptide linking,极性／带电侧链,极性／带电侧链,C9 H18 N2 O4,218.25,LYS,CCOC(=O)NCCCC[C@@H](C(=O)O)N,水溶性可能↑；被动渗透性可能↓；可提供结合或偶联位点,仅为结构/类别推断；不代表已证实提高环肽渗透性或口服暴露,https://www.rcsb.org/ligand/KR3
KSB,lambda-[Ru(tap2-dppz-CN)]2+,Cyano-derivative of Ruthenium-dipyridophenazine,"d-beta-peptide, c-gamma linking",D-构型,D-构型；延长骨架；卤代／电子调节；芳香／疏水侧链；极性／带电侧链,C39 H21 N13 Ru,772.741,,c1cc2c3c(c4ccc[n+]5c4c2[n+](c1)[Ru]567([n+]8ccnc9c8c1[n+]6ccnc1cc9)[n+]1ccnc2c1c1[n+]7ccnc1cc2)nc1cc(ccc1n3)C#N,蛋白酶稳定性可能↑；局部构象可能改变；渗透性取决于骨架；骨架间距改变；构象分布可能改变,仅为结构/类别推断；不代表已证实提高环肽渗透性或口服暴露,https://www.rcsb.org/ligand/KSB
KST,N~6~-(5-CARBOXY-3-THIENYL)-L-LYSINE,,l-peptide linking,芳香／疏水侧链,芳香／疏水侧链；极性／带电侧链,C11 H16 N2 O4 S,272.321,LYS,c1c(csc1C(=O)O)NCCCC[C@@H](C(=O)O)N,疏水表面积可能↑；膜分配可能↑；水溶性可能↓；水溶性可能↑；被动渗透性可能↓,仅为结构/类别推断；不代表已证实提高环肽渗透性或口服暴露,https://www.rcsb.org/ligand/KST
KW4,5-methyl-D-norleucine,,d-peptide linking,D-构型,D-构型,C7 H15 N O2,145.199,DLE,CC(C)CC[C@H](C(=O)O)N,蛋白酶稳定性可能↑；局部构象可能改变；渗透性取决于骨架,仅为结构/类别推断；不代表已证实提高环肽渗透性或口服暴露,https://www.rcsb.org/ligand/KW4
KWS,"{2-[(1R,2R)-1-amino-2-hydroxypropyl]-4-methylidene-5-oxo-4,5-dihydro-1H-imidazol-1-yl}acetic acid",PEPTIDE DERIVED CHROMOPHORE,l-peptide linking,极性／带电侧链,极性／带电侧链,C9 H13 N3 O4,227.217,GLY / SER / THR,C[C@H]([C@@H](C1=NC(=C)C(=O)N1CC(=O)O)N)O,水溶性可能↑；被动渗透性可能↓；可提供结合或偶联位点,仅为结构/类别推断；不代表已证实提高环肽渗透性或口服暴露,https://www.rcsb.org/ligand/KWS
KXV,"{(4Z)-2-[(1R)-1-amino-2-sulfanylethyl]-4-[(4-hydroxy-3-methoxyphenyl)methylidene]-5-oxo-4,5-dihydro-1H-imidazol-1-yl}ac etic acid",CHROMOPHORE (CYS-TYR-GLY)-3-OMeY,l-peptide linking,芳香／疏水侧链,芳香／疏水侧链；极性／带电侧链,C15 H17 N3 O5 S,351.378,,COc1cc(ccc1O)/C=C\2/C(=O)N(C(=N2)[C@H](CS)N)CC(=O)O,疏水表面积可能↑；膜分配可能↑；水溶性可能↓；水溶性可能↑；被动渗透性可能↓,仅为结构/类别推断；不代表已证实提高环肽渗透性或口服暴露,https://www.rcsb.org/ligand/KXV
KY4,"{(4Z)-2-[(1R)-1-amino-2-sulfanylethyl]-4-[(2,3-difluoro-4-hydroxyphenyl)methylidene]-5-oxo-4,5-dihydro-1H-imidazol-1-yl}acetic acid","CHROMOPHORE (CYS-TYR-GLY)-2,3-F",l-peptide linking,卤代／电子调节,卤代／电子调节；芳香／疏水侧链；极性／带电侧链,C14 H13 F2 N3 O4 S,357.333,,c1cc(c(c(c1/C=C\2/C(=O)N(C(=N2)[C@H](CS)N)CC(=O)O)F)F)O,疏水性可能↑；代谢稳定性可能↑；水溶性可能↓；疏水表面积可能↑；膜分配可能↑,仅为结构/类别推断；不代表已证实提高环肽渗透性或口服暴露,https://www.rcsb.org/ligand/KY4
KY7,"{(4Z)-2-[(1S)-1-amino-2-sulfanylethyl]-4-[(4-hydroxy-3-nitrophenyl)methylidene]-5-oxo-4,5-dihydro-1H-imidazol-1-yl}acetic acid",CHROMOPHORE (CYS-TYR-GLY)-3-NO2,l-peptide linking,芳香／疏水侧链,芳香／疏水侧链；极性／带电侧链,C14 H14 N4 O6 S,366.349,,c1cc(c(cc1/C=C\2/C(=O)N(C(=N2)[C@@H](CS)N)CC(=O)O)[N+](=O)[O-])O,疏水表面积可能↑；膜分配可能↑；水溶性可能↓；水溶性可能↑；被动渗透性可能↓,仅为结构/类别推断；不代表已证实提高环肽渗透性或口服暴露,https://www.rcsb.org/ligand/KY7
KYN,(2S)-2-amino-4-(2-aminophenyl)-4-oxobutanoic acid,L-KYNURENINE,l-peptide linking,芳香／疏水侧链,芳香／疏水侧链；极性／带电侧链,C10 H12 N2 O3,208.214,TRP,c1ccc(c(c1)C(=O)C[C@@H](C(=O)O)N)N,疏水表面积可能↑；膜分配可能↑；水溶性可能↓；水溶性可能↑；被动渗透性可能↓,仅为结构/类别推断；不代表已证实提高环肽渗透性或口服暴露,https://www.rcsb.org/ligand/KYN
KYQ,(E)-N~6~-(1-carboxy-2-hydroxyethylidene)-L-lysine,,l-peptide linking,极性／带电侧链,极性／带电侧链,C9 H16 N2 O5,232.234,LYS,C(CC/N=C(\CO)/C(=O)O)C[C@@H](C(=O)O)N,水溶性可能↑；被动渗透性可能↓；可提供结合或偶联位点,仅为结构/类别推断；不代表已证实提高环肽渗透性或口服暴露,https://www.rcsb.org/ligand/KYQ
KZ1,"{(4Z)-2-[(1R)-1-amino-2-sulfanylethyl]-5-oxo-4-[(2,3,5-trifluoro-4-hydroxyphenyl)methylidene]-4,5-dihydro-1H-imidazol-1-yl}acetic acid","CHROMOPHORE (CYS-TYR-GLY)-(2,3,5-F3Y)",l-peptide linking,卤代／电子调节,卤代／电子调节；芳香／疏水侧链；极性／带电侧链,C14 H12 F3 N3 O4 S,375.323,CYS / GLY / TYR,c1c(c(c(c(c1F)O)F)F)/C=C\2/C(=O)N(C(=N2)[C@H](CS)N)CC(=O)O,疏水性可能↑；代谢稳定性可能↑；水溶性可能↓；疏水表面积可能↑；膜分配可能↑,仅为结构/类别推断；不代表已证实提高环肽渗透性或口服暴露,https://www.rcsb.org/ligand/KZ1
KZ4,"{(4Z)-2-[(1R)-1-amino-2-sulfanylethyl]-4-[(3-bromo-4-hydroxyphenyl)methylidene]-5-oxo-4,5-dihydro-1H-imidazol-1-yl}acetic acid",CHROMOPHORE (CYS-TYR-GLY)3-Br,l-peptide linking,卤代／电子调节,卤代／电子调节；芳香／疏水侧链；极性／带电侧链,C14 H14 Br N3 O4 S,400.248,CYS / GLY / TYR,c1cc(c(cc1/C=C\2/C(=O)N(C(=N2)[C@H](CS)N)CC(=O)O)Br)O,疏水性可能↑；代谢稳定性可能↑；水溶性可能↓；疏水表面积可能↑；膜分配可能↑,仅为结构/类别推断；不代表已证实提高环肽渗透性或口服暴露,https://www.rcsb.org/ligand/KZ4
KZ7,"{(4Z)-2-[(1R)-1-amino-2-sulfanylethyl]-4-[(3-chloro-4-hydroxyphenyl)methylidene]-5-oxo-4,5-dihydro-1H-imidazol-1-yl}acetic acid",CHROMOPHORE (CYS-TYR-GLY)3-Cl,l-peptide linking,卤代／电子调节,卤代／电子调节；芳香／疏水侧链；极性／带电侧链,C14 H14 Cl N3 O4 S,355.797,CYS / GLY / TYR,c1cc(c(cc1/C=C\2/C(=O)N(C(=N2)[C@H](CS)N)CC(=O)O)Cl)O,疏水性可能↑；代谢稳定性可能↑；水溶性可能↓；疏水表面积可能↑；膜分配可能↑,仅为结构/类别推断；不代表已证实提高环肽渗透性或口服暴露,https://www.rcsb.org/ligand/KZ7
KZG,"{(4Z)-2-[(1R)-1-amino-2-sulfanylethyl]-4-[(4-hydroxy-3-iodophenyl)methylidene]-5-oxo-4,5-dihydro-1H-imidazol-1-yl}aceti c acid",CHROMOPHORE (CYS-TYR-GLY)3-I,l-peptide linking,卤代／电子调节,卤代／电子调节；芳香／疏水侧链；极性／带电侧链,C14 H14 I N3 O4 S,447.248,CYS / GLY / TYR,c1cc(c(cc1/C=C\2/C(=O)N(C(=N2)[C@H](CS)N)CC(=O)O)I)O,疏水性可能↑；代谢稳定性可能↑；水溶性可能↓；疏水表面积可能↑；膜分配可能↑,仅为结构/类别推断；不代表已证实提高环肽渗透性或口服暴露,https://www.rcsb.org/ligand/KZG
KZV,"{(4Z)-2-[(1R)-1-amino-2-sulfanylethyl]-4-[(3-fluoro-4-hydroxyphenyl)methylidene]-5-oxo-4,5-dihydro-1H-imidazol-1-yl}ace tic acid",CHROMOPHORE (CYS-TYR-GLY)-3F,l-peptide linking,卤代／电子调节,卤代／电子调节；芳香／疏水侧链；极性／带电侧链,C14 H14 F N3 O4 S,339.342,CYS / GLY / TYR,c1cc(c(cc1/C=C\2/C(=O)N(C(=N2)[C@H](CS)N)CC(=O)O)F)O,疏水性可能↑；代谢稳定性可能↑；水溶性可能↓；疏水表面积可能↑；膜分配可能↑,仅为结构/类别推断；不代表已证实提高环肽渗透性或口服暴露,https://www.rcsb.org/ligand/KZV
KZY,"{(4Z)-2-[(1R)-1-amino-2-sulfanylethyl]-4-[(4-hydroxy-3-methylphenyl)methylidene]-5-oxo-4,5-dihydro-1H-imidazol-1-yl}acetic acid",CHROMOPHORE (CYS-TYR-GLY)3-CH3,l-peptide linking,芳香／疏水侧链,芳香／疏水侧链；极性／带电侧链,C15 H17 N3 O4 S,335.378,CYS / GLY / TYR,Cc1cc(ccc1O)/C=C\2/C(=O)N(C(=N2)[C@H](CS)N)CC(=O)O,疏水表面积可能↑；膜分配可能↑；水溶性可能↓；水溶性可能↑；被动渗透性可能↓,仅为结构/类别推断；不代表已证实提高环肽渗透性或口服暴露,https://www.rcsb.org/ligand/KZY
L2A,"(2S,5S,8S,11S,15E,20S)-20-amino-2-(carboxymethyl)-11,20-dimethyl-5,8-bis(2-methylpropyl)-3,6,9,21-tetraoxo-1,4,7,10-tetraazacyclohenicos-15-ene-11-carboxylic acid",,l-peptide linking,构象限制,构象限制；极性／带电侧链,C30 H51 N5 O8,609.755,,CC(C)C[C@H]1C(=O)N[C@](CCC\C=C\CCC[C@](C(=O)N[C@H](C(=O)N[C@H](C(=O)N1)CC(C)C)CC(=O)O)(C)N)(C)C(=O)O,构象刚性可能↑；蛋白酶稳定性可能↑；渗透性取决于极性遮蔽；水溶性可能↑；被动渗透性可能↓,仅为结构/类别推断；不代表已证实提高环肽渗透性或口服暴露,https://www.rcsb.org/ligand/L2A
L3O,"(2S,3S)-3-amino-2-hydroxy-5-methylhexanoic acid",,l-peptide linking,极性／带电侧链,极性／带电侧链,C7 H15 N O3,161.199,LEU,CC(C)C[C@@H]([C@@H](C(=O)O)O)N,水溶性可能↑；被动渗透性可能↓；可提供结合或偶联位点,仅为结构/类别推断；不代表已证实提高环肽渗透性或口服暴露,https://www.rcsb.org/ligand/L3O
L4R,Fmoc-(R)-2-(7-octenyl)alanine,,l-peptide linking,其他CCD肽链核心,,C11 H21 N O2,199.29,,C[C@@](CCCCCCC=C)(C(=O)O)N,尚无可靠的定向性质判断；需在具体环肽骨架中验证,仅为结构/类别推断；不代表已证实提高环肽渗透性或口服暴露,https://www.rcsb.org/ligand/L4R
L5P,"(2S)-2-azanyl-6-[[(3R,4R)-3,4-bis(oxidanyl)-2-oxidanylidene-5-phosphonooxy-pentyl]amino]hexanoic acid",,l-peptide linking,极性／带电侧链,极性／带电侧链,C11 H23 N2 O9 P,358.282,LYS,C(CCNCC(=O)[C@@H]([C@@H](COP(=O)(O)O)O)O)C[C@@H](C(=O)O)N,水溶性可能↑；被动渗透性可能↓；可提供结合或偶联位点,仅为结构/类别推断；不代表已证实提高环肽渗透性或口服暴露,https://www.rcsb.org/ligand/L5P
LA2,"N~6~-[(6R)-6,8-disulfanyloctanoyl]-L-lysine",lipoyllysine,l-peptide linking,极性／带电侧链,极性／带电侧链,C14 H28 N2 O3 S2,336.514,LYS,C(CCC(=O)NCCCC[C@@H](C(=O)O)N)C[C@H](CCS)S,水溶性可能↑；被动渗透性可能↓；可提供结合或偶联位点,仅为结构/类别推断；不代表已证实提高环肽渗透性或口服暴露,https://www.rcsb.org/ligand/LA2
LAL,"N,N-DIMETHYL-L-ALANINE",,l-peptide linking,其他CCD肽链核心,,C5 H11 N O2,117.146,ALA,C[C@@H](C(=O)O)N(C)C,尚无可靠的定向性质判断；需在具体环肽骨架中验证,仅为结构/类别推断；不代表已证实提高环肽渗透性或口服暴露,https://www.rcsb.org/ligand/LAL
LAY,N-acetyl-L-leucine,,l-peptide linking,极性／带电侧链,极性／带电侧链,C8 H15 N O3,173.21,LEU,CC(C)C[C@@H](C(=O)O)NC(=O)C,水溶性可能↑；被动渗透性可能↓；可提供结合或偶联位点,仅为结构/类别推断；不代表已证实提高环肽渗透性或口服暴露,https://www.rcsb.org/ligand/LAY
LBY,N~6~-(tert-butoxycarbonyl)-L-lysine,,l-peptide linking,极性／带电侧链,极性／带电侧链,C11 H22 N2 O4,246.303,LYS,CC(C)(C)OC(=O)NCCCC[C@@H](C(=O)O)N,水溶性可能↑；被动渗透性可能↓；可提供结合或偶联位点,仅为结构/类别推断；不代表已证实提高环肽渗透性或口服暴露,https://www.rcsb.org/ligand/LBY
LBZ,(2~{S})-2-azanyl-6-benzamido-hexanoic acid,,l-peptide linking,芳香／疏水侧链,芳香／疏水侧链；极性／带电侧链,C13 H18 N2 O3,250.294,LYS,c1ccc(cc1)C(=O)NCCCC[C@@H](C(=O)O)N,疏水表面积可能↑；膜分配可能↑；水溶性可能↓；水溶性可能↑；被动渗透性可能↓,仅为结构/类别推断；不代表已证实提高环肽渗透性或口服暴露,https://www.rcsb.org/ligand/LBZ
LCK,(Z)-N~6~-(2-carboxy-1-methylethylidene)-L-lysine,,l-peptide linking,极性／带电侧链,极性／带电侧链,C10 H18 N2 O4,230.261,LYS,C/C(=N/CCCC[C@@H](C(=O)O)N)/CC(=O)O,水溶性可能↑；被动渗透性可能↓；可提供结合或偶联位点,仅为结构/类别推断；不代表已证实提高环肽渗透性或口服暴露,https://www.rcsb.org/ligand/LCK
LDH,N~6~-ETHYL-L-LYSINE,,l-peptide linking,极性／带电侧链,极性／带电侧链,C8 H18 N2 O2,174.241,LYS,CCNCCCC[C@@H](C(=O)O)N,水溶性可能↑；被动渗透性可能↓；可提供结合或偶联位点,仅为结构/类别推断；不代表已证实提高环肽渗透性或口服暴露,https://www.rcsb.org/ligand/LDH
LE1,3-sulfanyl-L-valine,L-LE1ICILLAMINE; L-Penicillamine,l-peptide linking,其他CCD肽链核心,,C5 H11 N O2 S,149.211,VAL,CC(C)([C@@H](C(=O)O)N)S,尚无可靠的定向性质判断；需在具体环肽骨架中验证,仅为结构/类别推断；不代表已证实提高环肽渗透性或口服暴露,https://www.rcsb.org/ligand/LE1
LED,(4R)-5-OXO-L-LEUCINE,,l-peptide linking,极性／带电侧链,极性／带电侧链,C6 H11 N O3,145.156,LEU,C[C@H](C[C@@H](C(=O)O)N)C=O,水溶性可能↑；被动渗透性可能↓；可提供结合或偶联位点,仅为结构/类别推断；不代表已证实提高环肽渗透性或口服暴露,https://www.rcsb.org/ligand/LED
LEF,(4S)-5-FLUORO-L-LEUCINE,,l-peptide linking,卤代／电子调节,卤代／电子调节,C6 H12 F N O2,149.163,LEU,C[C@@H](C[C@@H](C(=O)O)N)CF,疏水性可能↑；代谢稳定性可能↑；水溶性可能↓,仅为结构/类别推断；不代表已证实提高环肽渗透性或口服暴露,https://www.rcsb.org/ligand/LEF
LEH,N-[12-(1H-imidazol-1-yl)dodecanoyl]-L-leucine,,l-peptide linking,芳香／疏水侧链,芳香／疏水侧链；极性／带电侧链,C21 H37 N3 O3,379.537,LEU,CC(C)C[C@@H](C(=O)O)NC(=O)CCCCCCCCCCCn1ccnc1,疏水表面积可能↑；膜分配可能↑；水溶性可能↓；水溶性可能↑；被动渗透性可能↓,仅为结构/类别推断；不代表已证实提高环肽渗透性或口服暴露,https://www.rcsb.org/ligand/LEH
LEI,3-sulfanyl-D-valine,D-PENICILLAMINE,d-peptide linking,D-构型,D-构型,C5 H11 N O2 S,149.211,,CC(C)([C@H](C(=O)O)N)S,蛋白酶稳定性可能↑；局部构象可能改变；渗透性取决于骨架,仅为结构/类别推断；不代表已证实提高环肽渗透性或口服暴露,https://www.rcsb.org/ligand/LEI
LET,(Z)-N^6-{3-CARBOXY-1-[(4-CARBOXY-2-OXOBUTOXY)METHYL]PROPYLIDENE}-L-LYSINE,2-AMINO-6-[3-CARBOXY-1-(4-CARBOXY-2-OXO-BUTOXYMETHYL)-PROPYLIDENEAMINO]-HEXANOIC ACID,l-peptide linking,极性／带电侧链,极性／带电侧链,C16 H26 N2 O8,374.386,LYS,C(CC/N=C(\CCC(=O)O)/COCC(=O)CCC(=O)O)C[C@@H](C(=O)O)N,水溶性可能↑；被动渗透性可能↓；可提供结合或偶联位点,仅为结构/类别推断；不代表已证实提高环肽渗透性或口服暴露,https://www.rcsb.org/ligand/LET
LGY,(E)-N~6~-(4-oxobutylidene)-L-lysine,,l-peptide linking,极性／带电侧链,极性／带电侧链,C10 H18 N2 O3,214.262,LYS,C(CC/N=C/CCC=O)C[C@@H](C(=O)O)N,水溶性可能↑；被动渗透性可能↓；可提供结合或偶联位点,仅为结构/类别推断；不代表已证实提高环肽渗透性或口服暴露,https://www.rcsb.org/ligand/LGY
LHC,(2S)-2-amino-4-(4-amino-2-oxopyrimidin-1(2H)-yl)butanoic acid,,l-peptide linking,极性／带电侧链,极性／带电侧链,C8 H12 N4 O3,212.206,,C1=CN(C(=O)N=C1N)CC[C@@H](C(=O)O)N,水溶性可能↑；被动渗透性可能↓；可提供结合或偶联位点,仅为结构/类别推断；不代表已证实提高环肽渗透性或口服暴露,https://www.rcsb.org/ligand/LHC
LKE,2-[(4~{Z})-2-(aminomethyl)-4-[(4-azidophenyl)methylidene]-5-oxidanylidene-imidazol-1-yl]ethanoic acid,,l-peptide linking,芳香／疏水侧链,芳香／疏水侧链；极性／带电侧链,C13 H12 N6 O3,300.273,,c1cc(ccc1/C=C\2/C(=O)N(C(=N2)CN)CC(=O)O)N=[N+]=[N-],疏水表面积可能↑；膜分配可能↑；水溶性可能↓；水溶性可能↑；被动渗透性可能↓,仅为结构/类别推断；不代表已证实提高环肽渗透性或口服暴露,https://www.rcsb.org/ligand/LKE
LLO,"N~6~-[(1S)-3-hydroxy-1,3-dimethylbutyl]-L-lysine",4-Hydroxy-4-Methyl-2-Pentanone,l-peptide linking,极性／带电侧链,极性／带电侧链,C12 H26 N2 O3,246.346,LYS,C[C@@H](CC(C)(C)O)NCCCC[C@@H](C(=O)O)N,水溶性可能↑；被动渗透性可能↓；可提供结合或偶联位点,仅为结构/类别推断；不代表已证实提高环肽渗透性或口服暴露,https://www.rcsb.org/ligand/LLO
LLP,(2S)-2-amino-6-[[3-hydroxy-2-methyl-5-(phosphonooxymethyl)pyridin-4-yl]methylideneamino]hexanoic acid,N'-PYRIDOXYL-LYSINE-5'-MONOPHOSPHATE,l-peptide linking,芳香／疏水侧链,芳香／疏水侧链；极性／带电侧链,C14 H22 N3 O7 P,375.314,LYS,Cc1c(c(c(cn1)COP(=O)(O)O)/C=N/CCCCC(C(=O)O)N)O,疏水表面积可能↑；膜分配可能↑；水溶性可能↓；水溶性可能↑；被动渗透性可能↓,仅为结构/类别推断；不代表已证实提高环肽渗透性或口服暴露,https://www.rcsb.org/ligand/LLP
LLY,NZ-(DICARBOXYMETHYL)LYSINE,,l-peptide linking,极性／带电侧链,极性／带电侧链,C9 H16 N2 O6,248.233,LYS,C(CCNC(C(=O)O)C(=O)O)C[C@@H](C(=O)O)N,水溶性可能↑；被动渗透性可能↓；可提供结合或偶联位点,仅为结构/类别推断；不代表已证实提高环肽渗透性或口服暴露,https://www.rcsb.org/ligand/LLY
LLZ,N~6~-[(1S)-3-(6-methoxynaphthalen-2-yl)-1-methyl-3-oxopropyl]-L-lysine,,l-peptide linking,芳香／疏水侧链,芳香／疏水侧链；极性／带电侧链,C21 H28 N2 O4,372.458,LYS,C[C@@H](CC(=O)c1ccc2cc(ccc2c1)OC)NCCCC[C@@H](C(=O)O)N,疏水表面积可能↑；膜分配可能↑；水溶性可能↓；水溶性可能↑；被动渗透性可能↓,仅为结构/类别推断；不代表已证实提高环肽渗透性或口服暴露,https://www.rcsb.org/ligand/LLZ
LME,"(2S,3R)-2-azanyl-3-methyl-pentanedioic acid",(3R)-3-methyl-L-glutamic acid,l-peptide linking,极性／带电侧链,极性／带电侧链,C6 H11 N O4,161.156,GLU,C[C@H](CC(=O)O)[C@@H](C(=O)O)N,水溶性可能↑；被动渗透性可能↓；可提供结合或偶联位点,仅为结构/类别推断；不代表已证实提高环肽渗透性或口服暴露,https://www.rcsb.org/ligand/LME
LMF,NZ(N-METHYL THIOFORMAMIDE) LYSINE,,l-peptide linking,N-取代,N-取代；极性／带电侧链,C8 H17 N3 O2 S,219.304,LYS,CNC(=S)NCCCC[C@@H](C(=O)O)N,主链氢键供体可能↓；暴露极性可能↓；被动渗透性可能↑；水溶性可能↑；被动渗透性可能↓,仅为结构/类别推断；不代表已证实提高环肽渗透性或口服暴露,https://www.rcsb.org/ligand/LMF
LMQ,(3S)-3-methyl-L-glutamine,beta-methylglutamine,l-peptide linking,极性／带电侧链,极性／带电侧链,C6 H12 N2 O3,160.171,GLN,C[C@@H](CC(=O)N)[C@@H](C(=O)O)N,水溶性可能↑；被动渗透性可能↓；可提供结合或偶联位点,仅为结构/类别推断；不代表已证实提高环肽渗透性或口服暴露,https://www.rcsb.org/ligand/LMQ
LNE,N-ethyl-L-leucinamide,,l-peptide linking,N-取代,N-取代；极性／带电侧链,C8 H18 N2 O,158.241,LEU,CCNC(=O)[C@H](CC(C)C)N,主链氢键供体可能↓；暴露极性可能↓；被动渗透性可能↑；水溶性可能↑；被动渗透性可能↓,仅为结构/类别推断；不代表已证实提高环肽渗透性或口服暴露,https://www.rcsb.org/ligand/LNE
LNM,N-methyl-L-leucinamide,,l-peptide linking,N-取代,N-取代；极性／带电侧链,C7 H16 N2 O,144.215,LEU,CC(C)C[C@@H](C(=O)NC)N,主链氢键供体可能↓；暴露极性可能↓；被动渗透性可能↑；水溶性可能↑；被动渗透性可能↓,仅为结构/类别推断；不代表已证实提高环肽渗透性或口服暴露,https://www.rcsb.org/ligand/LNM
LOH,"3,4-dihydroxylysine",,l-peptide linking,极性／带电侧链,极性／带电侧链,C6 H14 N2 O4,178.186,LYS,C(CN)[C@@H]([C@H]([C@@H](C(=O)O)N)O)O,水溶性可能↑；被动渗透性可能↓；可提供结合或偶联位点,仅为结构/类别推断；不代表已证实提高环肽渗透性或口服暴露,https://www.rcsb.org/ligand/LOH
LOU,"3-[(3aR,4S,7S,7aS)-2-(carboxymethyl)-1,3-dioxooctahydro-4H-4,7-epoxyisoindol-4-yl]-L-alanine",,l-peptide linking,极性／带电侧链,极性／带电侧链,C13 H16 N2 O7,312.275,,C1C[C@@]2([C@H]3[C@@H]([C@H]1O2)C(=O)N(C3=O)CC(=O)O)C[C@@H](C(=O)O)N,水溶性可能↑；被动渗透性可能↓；可提供结合或偶联位点,仅为结构/类别推断；不代表已证实提高环肽渗透性或口服暴露,https://www.rcsb.org/ligand/LOU
LP6,6-piperidin-1-yl-L-norleucine,,l-peptide linking,极性／带电侧链,极性／带电侧链,C11 H22 N2 O2,214.305,LYS,C1CCN(CC1)CCCC[C@@H](C(=O)O)N,水溶性可能↑；被动渗透性可能↓；可提供结合或偶联位点,仅为结构/类别推断；不代表已证实提高环肽渗透性或口服暴露,https://www.rcsb.org/ligand/LP6
LPD,L-PROLINAMIDE,,l-peptide linking,极性／带电侧链,极性／带电侧链,C5 H10 N2 O,114.146,PRO,C1C[C@H](NC1)C(=O)N,水溶性可能↑；被动渗透性可能↓；可提供结合或偶联位点,仅为结构/类别推断；不代表已证实提高环肽渗透性或口服暴露,https://www.rcsb.org/ligand/LPD
LPG,(2S)-2-aminobut-3-ynoic acid,2-AMINO-BUT-3-YNOIC ACID; 2-amino-3-butynoic acid,l-peptide linking,其他CCD肽链核心,,C4 H5 N O2,99.088,GLY,C#C[C@@H](C(=O)O)N,尚无可靠的定向性质判断；需在具体环肽骨架中验证,仅为结构/类别推断；不代表已证实提高环肽渗透性或口服暴露,https://www.rcsb.org/ligand/LPG
LPH,L-Propargylglycine,(2S)-2-aminopent-4-ynoic acid,l-peptide linking,其他CCD肽链核心,,C5 H7 N O2,113.115,,C#CC[C@@H](C(=O)O)N,尚无可靠的定向性质判断；需在具体环肽骨架中验证,仅为结构/类别推断；不代表已证实提高环肽渗透性或口服暴露,https://www.rcsb.org/ligand/LPH
LPL,LEU-HYDROXYETHYLENE-LEU,,l-peptide linking,极性／带电侧链,极性／带电侧链,C13 H27 N O3,245.358,,CC(C)C[C@H](C[C@@H]([C@H](CC(C)C)N)O)C(=O)O,水溶性可能↑；被动渗透性可能↓；可提供结合或偶联位点,仅为结构/类别推断；不代表已证实提高环肽渗透性或口服暴露,https://www.rcsb.org/ligand/LPL
LPS,O-{HYDROXY[((2R)-2-HYDROXY-3-{[(1S)-1-HYDROXYPENTADECYL]OXY}PROPYL)OXY]PHOSPHORYL}-L-SERINE,LYSOPHOSPHOTIDYLSERINE,l-peptide linking,极性／带电侧链,极性／带电侧链,C21 H44 N O9 P,485.549,SER,CCCCCCCCCCCCCCC(O)OC[C@H](CO[P@](=O)(O)OC[C@@H](C(=O)O)N)O,水溶性可能↑；被动渗透性可能↓；可提供结合或偶联位点,仅为结构/类别推断；不代表已证实提高环肽渗透性或口服暴露,https://www.rcsb.org/ligand/LPS
LRK,"(2S)-2-azanyl-6-[[(2R,4R)-1,4-bis(oxidanyl)-3-oxidanylidene-5-phosphonooxy-pentan-2-yl]amino]hexanoic acid",,l-peptide linking,极性／带电侧链,极性／带电侧链,C11 H23 N2 O9 P,358.282,LYS,C(CCN[C@H](CO)C(=O)[C@@H](COP(=O)(O)O)O)C[C@@H](C(=O)O)N,水溶性可能↑；被动渗透性可能↓；可提供结合或偶联位点,仅为结构/类别推断；不代表已证实提高环肽渗透性或口服暴露,https://www.rcsb.org/ligand/LRK
LSO,(Z)-N~6~-(3-CARBOXY-1-{[(4-CARBOXY-2-OXOBUTYL)SULFONYL]METHYL}PROPYLIDENE)-L-LYSINE,2-AMINO-6-[3-CARBOXY-2-OXO-BUTANE-1-SULFONYLMETHYL-PROPYLIDENEAMINO]-HEXANOIC ACID,l-peptide linking,极性／带电侧链,极性／带电侧链,C16 H26 N2 O9 S,422.451,LYS,C(CC/N=C(\CCC(=O)O)/CS(=O)(=O)CC(=O)CCC(=O)O)C[C@@H](C(=O)O)N,水溶性可能↑；被动渗透性可能↓；可提供结合或偶联位点,仅为结构/类别推断；不代表已证实提高环肽渗透性或口服暴露,https://www.rcsb.org/ligand/LSO
LT0,D-tryptophyl-L-serine,(2~{S})-2-[[(2~{R})-2-azanyl-3-(1~{H}-indol-3-yl)propanoyl]amino]-3-oxidanyl-propanoic acid; D-Trp-Ser dipeptide,peptide linking,芳香／疏水侧链,芳香／疏水侧链；极性／带电侧链,C14 H17 N3 O4,291.302,SER / TRP,c1ccc2c(c1)c(c[nH]2)C[C@H](C(=O)N[C@@H](CO)C(=O)O)N,疏水表面积可能↑；膜分配可能↑；水溶性可能↓；水溶性可能↑；被动渗透性可能↓,仅为结构/类别推断；不代表已证实提高环肽渗透性或口服暴露,https://www.rcsb.org/ligand/LT0
LTA,"4,8-DIAMINO-3-HYDROXY-OCTANOIC ACID ETHYL ESTER",STATINE ANALOGUE,l-peptide linking,极性／带电侧链,极性／带电侧链,C10 H22 N2 O3,218.293,,CCOC(=O)C[C@@H]([C@H](CCCCN)N)O,水溶性可能↑；被动渗透性可能↓；可提供结合或偶联位点,仅为结构/类别推断；不代表已证实提高环肽渗透性或口服暴露,https://www.rcsb.org/ligand/LTA
LTU,2-Amino-3-hydroxy-3-[1-[2-(oxiran-2-yl)propan-2-yl]indol-3-yl]propanoic acid,"(2~{S},3~{R})-2-azanyl-3-oxidanyl-3-[1-[2-[(2~{S})-oxiran-2-yl]propan-2-yl]indol-3-yl]propanoic acid",l-peptide linking,极性／带电侧链,极性／带电侧链,C16 H20 N2 O4,304.341,TRP,CC(C)([C@H]1CO1)n2cc(c3c2cccc3)[C@H]([C@@H](C(=O)O)N)O,水溶性可能↑；被动渗透性可能↓；可提供结合或偶联位点,仅为结构/类别推断；不代表已证实提高环肽渗透性或口服暴露,https://www.rcsb.org/ligand/LTU
LV8,(2~{S})-3-acetamido-2-azanyl-propanoic acid,,l-peptide linking,极性／带电侧链,极性／带电侧链,C5 H10 N2 O3,146.144,,CC(=O)NC[C@@H](C(=O)O)N,水溶性可能↑；被动渗透性可能↓；可提供结合或偶联位点,仅为结构/类别推断；不代表已证实提高环肽渗透性或口服暴露,https://www.rcsb.org/ligand/LV8
LVG,L-VINYLGLYCINE,(2S)-2-AMINO-3-BUTENOIC ACID; (2S)-2-AMINOBUT-3-ENOIC ACID,l-peptide linking,其他CCD肽链核心,,C4 H7 N O2,101.104,GLY,C=C[C@@H](C(=O)O)N,尚无可靠的定向性质判断；需在具体环肽骨架中验证,仅为结构/类别推断；不代表已证实提高环肽渗透性或口服暴露,https://www.rcsb.org/ligand/LVG
LVN,(3S)-4-oxo-L-valine,"(2S,3S)-2-amino-3-methyl-4-oxo-butanoic acid",l-peptide linking,极性／带电侧链,极性／带电侧链,C5 H9 N O3,131.13,VAL,C[C@H](C=O)[C@@H](C(=O)O)N,水溶性可能↑；被动渗透性可能↓；可提供结合或偶联位点,仅为结构/类别推断；不代表已证实提高环肽渗透性或口服暴露,https://www.rcsb.org/ligand/LVN
LWI,2-(aminomethyl)-L-phenylalanine,,l-peptide linking,芳香／疏水侧链,芳香／疏水侧链；极性／带电侧链,C10 H14 N2 O2,194.23,PHE,c1ccc(c(c1)C[C@@H](C(=O)O)N)CN,疏水表面积可能↑；膜分配可能↑；水溶性可能↓；水溶性可能↑；被动渗透性可能↓,仅为结构/类别推断；不代表已证实提高环肽渗透性或口服暴露,https://www.rcsb.org/ligand/LWI
LYF,"(2E,4S)-2-{[(5S)-5-amino-5-carboxypentyl]imino}-4-hydroxyheptanedioic acid",,l-peptide linking,极性／带电侧链,极性／带电侧链,C13 H22 N2 O7,318.323,LYS,C(CC/N=C(\C[C@H](CCC(=O)O)O)/C(=O)O)C[C@@H](C(=O)O)N,水溶性可能↑；被动渗透性可能↓；可提供结合或偶联位点,仅为结构/类别推断；不代表已证实提高环肽渗透性或口服暴露,https://www.rcsb.org/ligand/LYF
LYH,"3,4 ENE-LYSINE","(2S,3E)-2,6-DIAMINOHEX-3-ENOIC ACID",l-peptide linking,极性／带电侧链,极性／带电侧链,C6 H12 N2 O2,144.172,,C(CN)/C=C/[C@@H](C(=O)O)N,水溶性可能↑；被动渗透性可能↓；可提供结合或偶联位点,仅为结构/类别推断；不代表已证实提高环肽渗透性或口服暴露,https://www.rcsb.org/ligand/LYH
LYN,"2,6-DIAMINO-HEXANOIC ACID AMIDE",,l-peptide linking,极性／带电侧链,极性／带电侧链,C6 H16 N3 O,146.211,LYS,C(CC[NH3+])C[C@@H](C(=O)N)N,水溶性可能↑；被动渗透性可能↓；可提供结合或偶联位点,仅为结构/类别推断；不代表已证实提高环肽渗透性或口服暴露,https://www.rcsb.org/ligand/LYN
LYO,4-HYDROXY-LYSINE,,l-peptide linking,极性／带电侧链,极性／带电侧链,C6 H14 N2 O3,162.187,LYS,C(CN)C(C[C@@H](C(=O)O)N)O,水溶性可能↑；被动渗透性可能↓；可提供结合或偶联位点,仅为结构/类别推断；不代表已证实提高环肽渗透性或口服暴露,https://www.rcsb.org/ligand/LYO
LYR,"N~6~-[(2Z,4E,6E,8E)-3,7-DIMETHYL-9-(2,6,6-TRIMETHYLCYCLOHEX-1-EN-1-YL)NONA-2,4,6,8-TETRAENYL]LYSINE",,l-peptide linking,构象限制,构象限制；极性／带电侧链,C26 H42 N2 O2,414.624,LYS,CC1=C(C(CCC1)(C)C)C=C/C(=C/C=C\C(=C\CNCCCC[C@@H](C(=O)O)N)\C)/C,构象刚性可能↑；蛋白酶稳定性可能↑；渗透性取决于极性遮蔽；水溶性可能↑；被动渗透性可能↓,仅为结构/类别推断；不代表已证实提高环肽渗透性或口服暴露,https://www.rcsb.org/ligand/LYR
LYU,N~6~-(4-methylpentyl)-L-lysine,,l-peptide linking,极性／带电侧链,极性／带电侧链,C12 H26 N2 O2,230.347,LYS,CC(C)CCCNCCCC[C@@H](C(=O)O)N,水溶性可能↑；被动渗透性可能↓；可提供结合或偶联位点,仅为结构/类别推断；不代表已证实提高环肽渗透性或口服暴露,https://www.rcsb.org/ligand/LYU
LYV,O-phosphono-L-seryl-N-[(3S)-3-amino-3-carboxypropyl]glycinamide,,l-peptide linking,极性／带电侧链,极性／带电侧链,C9 H19 N4 O8 P,342.243,,C(CNC(=O)CNC(=O)[C@H](COP(=O)(O)O)N)[C@@H](C(=O)O)N,水溶性可能↑；被动渗透性可能↓；可提供结合或偶联位点,仅为结构/类别推断；不代表已证实提高环肽渗透性或口服暴露,https://www.rcsb.org/ligand/LYV
LYX,N''-(2-COENZYME A)-PROPANOYL-LYSINE,,l-peptide linking,极性／带电侧链,极性／带电侧链,C30 H52 N9 O19 P3 S,967.769,LYS,C[C@@H](C(=O)NCCCC[C@@H](C(=O)O)N)SCCNC(=O)CCNC(=O)[C@@H](C(C)(C)CO[P@@](=O)(O)O[P@@](=O)(O)OC[C@@H]1[C@H]([C@H]([C@@H](O1)n2cnc3c2ncnc3N)O)OP(=O)(O)O)O,水溶性可能↑；被动渗透性可能↓；可提供结合或偶联位点,仅为结构/类别推断；不代表已证实提高环肽渗透性或口服暴露,https://www.rcsb.org/ligand/LYX
LYZ,5-HYDROXYLYSINE,,l-peptide linking,极性／带电侧链,极性／带电侧链,C6 H14 N2 O3,162.187,LYS,C(C[C@@H](C(=O)O)N)[C@H](CN)O,水溶性可能↑；被动渗透性可能↓；可提供结合或偶联位点,仅为结构/类别推断；不代表已证实提高环肽渗透性或口服暴露,https://www.rcsb.org/ligand/LYZ
M0H,S-(HYDROXYMETHYL)-L-CYSTEINE,,l-peptide linking,极性／带电侧链,极性／带电侧链,C4 H9 N O3 S,151.184,CYS,C([C@@H](C(=O)O)N)SCO,水溶性可能↑；被动渗透性可能↓；可提供结合或偶联位点,仅为结构/类别推断；不代表已证实提高环肽渗透性或口服暴露,https://www.rcsb.org/ligand/M0H
M2L,(2R)-2-amino-3-(2-dimethylaminoethylsulfanyl)propanoic acid,,l-peptide linking,极性／带电侧链,极性／带电侧链,C7 H16 N2 O2 S,192.279,LYS,CN(C)CCSC[C@@H](C(=O)O)N,水溶性可能↑；被动渗透性可能↓；可提供结合或偶联位点,仅为结构/类别推断；不代表已证实提高环肽渗透性或口服暴露,https://www.rcsb.org/ligand/M2L
M2S,3-{[(R)-methylsulfinyl]methyl}-L-valine,"3,3-dimethyl-methionine sulfoxide",l-peptide linking,极性／带电侧链,极性／带电侧链,C7 H15 N O3 S,193.264,MET,CC(C)(C[S@](=O)C)[C@@H](C(=O)O)N,水溶性可能↑；被动渗透性可能↓；可提供结合或偶联位点,仅为结构/类别推断；不代表已证实提高环肽渗透性或口服暴露,https://www.rcsb.org/ligand/M2S
M30,N-cyclohexylglycine,(2S)-1-[cyclohexylamino)acetyl-N-{4-[amino(imino)methyl]benzyl}pyrrolidine-2-carboxamide,peptide linking,构象限制,构象限制；芳香／疏水侧链,C8 H15 N O2,157.21,GLY,C1CCC(CC1)NCC(=O)O,构象刚性可能↑；蛋白酶稳定性可能↑；渗透性取决于极性遮蔽；疏水表面积可能↑；膜分配可能↑,仅为结构/类别推断；不代表已证实提高环肽渗透性或口服暴露,https://www.rcsb.org/ligand/M30
M3L,N-TRIMETHYLLYSINE,,l-peptide linking,极性／带电侧链,极性／带电侧链,C9 H21 N2 O2,189.275,LYS,C[N+](C)(C)CCCC[C@@H](C(=O)O)N,水溶性可能↑；被动渗透性可能↓；可提供结合或偶联位点,仅为结构/类别推断；不代表已证实提高环肽渗透性或口服暴露,https://www.rcsb.org/ligand/M3L
M3V,"{(4Z)-2-[(1R,2R)-1-amino-2-hydroxypropyl]-4-[(4-cyanophenyl)methylidene]-5-oxo-4,5-dihydro-1H-imidazol-1-yl}acetic acid",,l-peptide linking,卤代／电子调节,卤代／电子调节；芳香／疏水侧链；极性／带电侧链,C16 H16 N4 O4,328.323,GLY / THR / TYR,C[C@H]([C@@H](C1=N/C(=C\c2ccc(cc2)C#N)/C(=O)N1CC(=O)O)N)O,疏水性可能↑；代谢稳定性可能↑；水溶性可能↓；疏水表面积可能↑；膜分配可能↑,仅为结构/类别推断；不代表已证实提高环肽渗透性或口服暴露,https://www.rcsb.org/ligand/M3V
M64,(2S)-2-amino-4-[(2S)-2-methylpiperidin-1-yl]-4-oxobutanoic acid,,l-peptide linking,极性／带电侧链,极性／带电侧链,C10 H18 N2 O3,214.262,,C[C@H]1CCCCN1C(=O)C[C@@H](C(=O)O)N,水溶性可能↑；被动渗透性可能↓；可提供结合或偶联位点,仅为结构/类别推断；不代表已证实提高环肽渗透性或口服暴露,https://www.rcsb.org/ligand/M64
M6J,(2S)-2-amino-4-oxo-4-[(2R)-2-phenylpyrrolidin-1-yl]butanoic acid,,l-peptide linking,芳香／疏水侧链,芳香／疏水侧链；极性／带电侧链,C14 H18 N2 O3,262.304,,c1ccc(cc1)[C@H]2CCCN2C(=O)C[C@@H](C(=O)O)N,疏水表面积可能↑；膜分配可能↑；水溶性可能↓；水溶性可能↑；被动渗透性可能↓,仅为结构/类别推断；不代表已证实提高环肽渗透性或口服暴露,https://www.rcsb.org/ligand/M6J
M70,(2S)-2-azanyl-3-(1-carbamimidoylpiperidin-4-yl)propanoic acid,,l-peptide linking,极性／带电侧链,极性／带电侧链,C9 H18 N4 O2,214.265,,[H]/N=C(/N)\N1CCC(CC1)C[C@@H](C(=O)O)N,水溶性可能↑；被动渗透性可能↓；可提供结合或偶联位点,仅为结构/类别推断；不代表已证实提高环肽渗透性或口服暴露,https://www.rcsb.org/ligand/M70
MAA,N-methyl-L-alanine,,l-peptide linking,N-取代,N-取代,C4 H9 N O2,103.12,ALA,C[C@@H](C(=O)O)NC,主链氢键供体可能↓；暴露极性可能↓；被动渗透性可能↑,仅为结构/类别推断；不代表已证实提高环肽渗透性或口服暴露,https://www.rcsb.org/ligand/MAA
MBQ,2-HYDROXY-5-({1-[(4-METHYLPHENOXY)METHYL]-3-OXOPROP-1-ENYL}AMINO)-L-TYROSINE,,l-peptide linking,芳香／疏水侧链,芳香／疏水侧链；极性／带电侧链,C20 H22 N2 O6,386.398,TYR,Cc1ccc(cc1)OC/C(=C\C=O)/Nc2cc(c(cc2O)O)C[C@@H](C(=O)O)N,疏水表面积可能↑；膜分配可能↑；水溶性可能↓；水溶性可能↑；被动渗透性可能↓,仅为结构/类别推断；不代表已证实提高环肽渗透性或口服暴露,https://www.rcsb.org/ligand/MBQ
MCG,(S)-(ALPHA)-METHYL-4-CARBOXYPHENYLGLYCINE,4-(1-AMINO-1-CARBOXY-ETHYL)-BENZOIC ACID,l-peptide linking,芳香／疏水侧链,芳香／疏水侧链；极性／带电侧链,C10 H11 N O4,209.199,,C[C@](c1ccc(cc1)C(=O)O)(C(=O)O)N,疏水表面积可能↑；膜分配可能↑；水溶性可能↓；水溶性可能↑；被动渗透性可能↓,仅为结构/类别推断；不代表已证实提高环肽渗透性或口服暴露,https://www.rcsb.org/ligand/MCG
MCS,MALONYL CYSTEINE,,l-peptide linking,极性／带电侧链,极性／带电侧链,C6 H9 N O5 S,207.204,CYS,C([C@@H](C(=O)O)N)SC(=O)CC(=O)O,水溶性可能↑；被动渗透性可能↓；可提供结合或偶联位点,仅为结构/类别推断；不代表已证实提高环肽渗透性或口服暴露,https://www.rcsb.org/ligand/MCS
MD0,5-amino-D-isoleucine,,d-peptide linking,D-构型,D-构型；极性／带电侧链,C6 H14 N2 O2,146.188,,C[C@H](CCN)[C@H](C(=O)O)N,蛋白酶稳定性可能↑；局部构象可能改变；渗透性取决于骨架；水溶性可能↑；被动渗透性可能↓,仅为结构/类别推断；不代表已证实提高环肽渗透性或口服暴露,https://www.rcsb.org/ligand/MD0
MD3,N-(carboxycarbonyl)-S-(naphthalen-2-ylmethyl)-L-cysteine,,l-peptide linking,芳香／疏水侧链,芳香／疏水侧链；极性／带电侧链,C16 H15 N O5 S,333.359,CYS,c1ccc2cc(ccc2c1)CSC[C@@H](C(=O)O)NC(=O)C(=O)O,疏水表面积可能↑；膜分配可能↑；水溶性可能↓；水溶性可能↑；被动渗透性可能↓,仅为结构/类别推断；不代表已证实提高环肽渗透性或口服暴露,https://www.rcsb.org/ligand/MD3
MD5,N-(carboxycarbonyl)-S-(3-nitrobenzyl)-L-cysteine,,l-peptide linking,芳香／疏水侧链,芳香／疏水侧链；极性／带电侧链,C12 H12 N2 O7 S,328.298,CYS,c1cc(cc(c1)[N+](=O)[O-])CSC[C@@H](C(=O)O)NC(=O)C(=O)O,疏水表面积可能↑；膜分配可能↑；水溶性可能↓；水溶性可能↑；被动渗透性可能↓,仅为结构/类别推断；不代表已证实提高环肽渗透性或口服暴露,https://www.rcsb.org/ligand/MD5
MD6,N-[(3-hydroxypyridin-2-yl)carbonyl]glycine,,peptide linking,芳香／疏水侧链,芳香／疏水侧链；极性／带电侧链,C8 H8 N2 O4,196.16,GLY,c1cc(c(nc1)C(=O)NCC(=O)O)O,疏水表面积可能↑；膜分配可能↑；水溶性可能↓；水溶性可能↑；被动渗透性可能↓,仅为结构/类别推断；不代表已证实提高环肽渗透性或口服暴露,https://www.rcsb.org/ligand/MD6
MDF,"META, META'-DI-HYDROXY-PHENYLALANINE",,l-peptide linking,芳香／疏水侧链,芳香／疏水侧链；极性／带电侧链,C9 H11 N O4,197.188,TYR,COC(=O)[C@H](c1cc(cc(c1)O)O)N,疏水表面积可能↑；膜分配可能↑；水溶性可能↓；水溶性可能↑；被动渗透性可能↓,仅为结构/类别推断；不代表已证实提高环肽渗透性或口服暴露,https://www.rcsb.org/ligand/MDF
MDH,N-METHYLDEHYDROBUTYRINE,,peptide linking,N-取代,N-取代,C5 H9 N O2,115.13,,C\C=C(\C(=O)O)/NC,主链氢键供体可能↓；暴露极性可能↓；被动渗透性可能↑,仅为结构/类别推断；不代表已证实提高环肽渗透性或口服暴露,https://www.rcsb.org/ligand/MDH
MDO,"{2-[(1S)-1-aminoethyl]-4-methylidene-5-oxo-4,5-dihydro-1H-imidazol-1-yl}acetic acid",4-METHYLIDENE-5-ONE; PEPTIDE DERIVED CHROMOPHORE,l-peptide linking,极性／带电侧链,极性／带电侧链,C8 H11 N3 O3,197.191,ALA / GLY / SER,C[C@@H](C1=NC(=C)C(=O)N1CC(=O)O)N,水溶性可能↑；被动渗透性可能↓；可提供结合或偶联位点,仅为结构/类别推断；不代表已证实提高环肽渗透性或口服暴露,https://www.rcsb.org/ligand/MDO
ME0,hydroxy-L-methionine,,l-peptide linking,极性／带电侧链,极性／带电侧链,C5 H11 N O3 S,165.211,MET,C(CSCO)[C@@H](C(=O)O)N,水溶性可能↑；被动渗透性可能↓；可提供结合或偶联位点,仅为结构/类别推断；不代表已证实提高环肽渗透性或口服暴露,https://www.rcsb.org/ligand/ME0
MEA,N-METHYLPHENYLALANINE,,l-peptide linking,N-取代,N-取代；芳香／疏水侧链,C10 H13 N O2,179.216,PHE,CN[C@@H](Cc1ccccc1)C(=O)O,主链氢键供体可能↓；暴露极性可能↓；被动渗透性可能↑；疏水表面积可能↑；膜分配可能↑,仅为结构/类别推断；不代表已证实提高环肽渗透性或口服暴露,https://www.rcsb.org/ligand/MEA
MED,D-METHIONINE,,d-peptide linking,D-构型,D-构型,C5 H11 N O2 S,149.211,,CSCC[C@H](C(=O)O)N,蛋白酶稳定性可能↑；局部构象可能改变；渗透性取决于骨架,仅为结构/类别推断；不代表已证实提高环肽渗透性或口服暴露,https://www.rcsb.org/ligand/MED
MEG,"(2S,3S)-2-azanyl-3-methyl-pentanedioic acid",(3S)-3-methyl-L-glutamic acid,l-peptide linking,极性／带电侧链,极性／带电侧链,C6 H11 N O4,161.156,GLU,C[C@@H](CC(=O)O)[C@@H](C(=O)O)N,水溶性可能↑；被动渗透性可能↓；可提供结合或偶联位点,仅为结构/类别推断；不代表已证实提高环肽渗透性或口服暴露,https://www.rcsb.org/ligand/MEG
MEN,N-METHYL ASPARAGINE,,l-peptide linking,N-取代,N-取代；极性／带电侧链,C5 H10 N2 O3,146.144,ASN,CNC(=O)C[C@@H](C(=O)O)N,主链氢键供体可能↓；暴露极性可能↓；被动渗透性可能↑；水溶性可能↑；被动渗透性可能↓,仅为结构/类别推断；不代表已证实提高环肽渗透性或口服暴露,https://www.rcsb.org/ligand/MEN
MEQ,N5-METHYLGLUTAMINE,,l-peptide linking,极性／带电侧链,极性／带电侧链,C6 H12 N2 O3,160.171,GLN,CNC(=O)CC[C@@H](C(=O)O)N,水溶性可能↑；被动渗透性可能↓；可提供结合或偶联位点,仅为结构/类别推断；不代表已证实提高环肽渗透性或口服暴露,https://www.rcsb.org/ligand/MEQ
MEU,O-METHYL-GLYCINE,,peptide linking,其他CCD肽链核心,,C3 H7 N O2,89.093,GLY,COC(=O)CN,尚无可靠的定向性质判断；需在具体环肽骨架中验证,仅为结构/类别推断；不代表已证实提高环肽渗透性或口服暴露,https://www.rcsb.org/ligand/MEU
MF3,2-AMINO-4-TRIFLUOROMETHYLSULFANYL-BUTYRIC ACID,TRIFLUOROMETHIONINE,l-peptide linking,卤代／电子调节,卤代／电子调节,C5 H8 F3 N O2 S,203.183,,C(CSC(F)(F)F)[C@@H](C(=O)O)N,疏水性可能↑；代谢稳定性可能↑；水溶性可能↓,仅为结构/类别推断；不代表已证实提高环肽渗透性或口服暴露,https://www.rcsb.org/ligand/MF3
MFC,"5-[1-(3-FLUORO-4-HYDROXY-PHENYL)-METH-(Z)-YLIDENE]-3,5-DIHYDRO-IMIDAZOL-4-ONE",,l-peptide linking,卤代／电子调节,卤代／电子调节；芳香／疏水侧链；极性／带电侧链,C15 H16 F N3 O5,337.303,GLY / TYR,C[C@H]([C@@H](C1=N/C(=C\c2ccc(c(c2)F)O)/C(=O)N1CC(=O)O)N)O,疏水性可能↑；代谢稳定性可能↑；水溶性可能↓；疏水表面积可能↑；膜分配可能↑,仅为结构/类别推断；不代表已证实提高环肽渗透性或口服暴露,https://www.rcsb.org/ligand/MFC
MFH,[(2~{S})-2-azanyl-3-(4-hydroxyphenyl)propyl]carbamic acid,,l-peptide linking,芳香／疏水侧链,芳香／疏水侧链；极性／带电侧链,C10 H14 N2 O3,210.23,,c1cc(ccc1C[C@@H](CNC(=O)O)N)O,疏水表面积可能↑；膜分配可能↑；水溶性可能↓；水溶性可能↑；被动渗透性可能↓,仅为结构/类别推断；不代表已证实提高环肽渗透性或口服暴露,https://www.rcsb.org/ligand/MFH
MFV,"{(4Z)-2-[(1R,2R)-1-amino-2-hydroxypropyl]-4-[(4-hydroxy-3-methylphenyl)methylidene]-5-oxo-4,5-dihydro-1H-imidazol-1-yl}acetic acid",PEPTIDE DERIVED CHROMOPHORE,l-peptide linking,芳香／疏水侧链,芳香／疏水侧链；极性／带电侧链,C16 H19 N3 O5,333.339,GLY / THR / TYR,Cc1cc(ccc1O)/C=C\2/C(=O)N(C(=N2)[C@H]([C@@H](C)O)N)CC(=O)O,疏水表面积可能↑；膜分配可能↑；水溶性可能↓；水溶性可能↑；被动渗透性可能↓,仅为结构/类别推断；不代表已证实提高环肽渗透性或口服暴露,https://www.rcsb.org/ligand/MFV
MGG,2-(2-CARBOXY-ACETYLAMINO)-5-GUANIDINO-PENTANOIC ACID,D-ARGININE WITH 3-OXO-PROPIONIC ACID MODIFICATION,l-peptide linking,极性／带电侧链,极性／带电侧链,C9 H17 N4 O5,261.255,ARG,C(C[C@H](C(=O)O)NC(=O)CC(=O)O)CNC(=[NH2+])N,水溶性可能↑；被动渗透性可能↓；可提供结合或偶联位点,仅为结构/类别推断；不代表已证实提高环肽渗透性或口服暴露,https://www.rcsb.org/ligand/MGG
MGN,2-METHYL-GLUTAMINE,,l-peptide linking,极性／带电侧链,极性／带电侧链,C6 H12 N2 O3,160.171,GLN,C[C@](CCC(=O)N)(C(=O)O)N,水溶性可能↑；被动渗透性可能↓；可提供结合或偶联位点,仅为结构/类别推断；不代表已证实提高环肽渗透性或口服暴露,https://www.rcsb.org/ligand/MGN
MH6,3-hydroxy-2-iminopropanoic acid,,peptide linking,极性／带电侧链,极性／带电侧链,C3 H5 N O3,103.077,SER,[H]/N=C(\CO)/C(=O)O,水溶性可能↑；被动渗透性可能↓；可提供结合或偶联位点,仅为结构/类别推断；不代表已证实提高环肽渗透性或口服暴露,https://www.rcsb.org/ligand/MH6
MH8,(2S)-2-amino-2-methylhept-6-enoic acid,,l-peptide linking,其他CCD肽链核心,,C8 H15 N O2,157.21,,C[C@](CCCC=C)(C(=O)O)N,尚无可靠的定向性质判断；需在具体环肽骨架中验证,仅为结构/类别推断；不代表已证实提高环肽渗透性或口服暴露,https://www.rcsb.org/ligand/MH8
MHL,N-METHYL-4-HYDROXY-LEUCINE,,l-peptide linking,N-取代,N-取代；极性／带电侧链,C7 H15 N O3,161.199,LEU,CC(C)(C[C@@H](C(=O)O)NC)O,主链氢键供体可能↓；暴露极性可能↓；被动渗透性可能↑；水溶性可能↑；被动渗透性可能↓,仅为结构/类别推断；不代表已证实提高环肽渗透性或口服暴露,https://www.rcsb.org/ligand/MHL
MHO,S-OXYMETHIONINE,,l-peptide linking,极性／带电侧链,极性／带电侧链,C5 H11 N O3 S,165.211,MET,C[S@](=O)CC[C@@H](C(=O)O)N,水溶性可能↑；被动渗透性可能↓；可提供结合或偶联位点,仅为结构/类别推断；不代表已证实提高环肽渗透性或口服暴露,https://www.rcsb.org/ligand/MHO
MHS,N1-METHYLATED HISTIDINE,,l-peptide linking,芳香／疏水侧链,芳香／疏水侧链；极性／带电侧链,C7 H11 N3 O2,169.181,HIS,Cn1cncc1C[C@@H](C(=O)O)N,疏水表面积可能↑；膜分配可能↑；水溶性可能↓；水溶性可能↑；被动渗透性可能↓,仅为结构/类别推断；不代表已证实提高环肽渗透性或口服暴露,https://www.rcsb.org/ligand/MHS
MHU,"4-N,N-(DIMETHYLAMINO)-L-PHENYLALANINE",,l-peptide linking,芳香／疏水侧链,芳香／疏水侧链；极性／带电侧链,C12 H18 N2 O2,222.284,PHE,CN[C@@H](Cc1ccc(cc1)N(C)C)C(=O)O,疏水表面积可能↑；膜分配可能↑；水溶性可能↓；水溶性可能↑；被动渗透性可能↓,仅为结构/类别推断；不代表已证实提高环肽渗透性或口服暴露,https://www.rcsb.org/ligand/MHU
MHV,4-OXO-L-PIPECOLIC ACID,,l-peptide linking,极性／带电侧链,极性／带电侧链,C6 H9 N O3,143.141,,C1CN[C@@H](CC1=O)C(=O)O,水溶性可能↑；被动渗透性可能↓；可提供结合或偶联位点,仅为结构/类别推断；不代表已证实提高环肽渗透性或口服暴露,https://www.rcsb.org/ligand/MHV
MHW,3-HYDROXYPICOLINIC ACID,,peptide linking,芳香／疏水侧链,芳香／疏水侧链；极性／带电侧链,C6 H5 N O3,139.109,,c1cc(c(nc1)C(=O)O)O,疏水表面积可能↑；膜分配可能↑；水溶性可能↓；水溶性可能↑；被动渗透性可能↓,仅为结构/类别推断；不代表已证实提高环肽渗透性或口服暴露,https://www.rcsb.org/ligand/MHW
MHY,"{(4Z)-2-[(1R,2R)-1-amino-2-hydroxypropyl]-4-[(3,5-difluoro-4-hydroxyphenyl)methylidene]-5-oxo-4,5-dihydro-1H-imidazol-1-yl}acetic acid",,l-peptide linking,卤代／电子调节,卤代／电子调节；芳香／疏水侧链；极性／带电侧链,C15 H15 F2 N3 O5,355.294,Gly / Thr / Tyr,C[C@H]([C@@H](C1=N/C(=C\c2cc(c(c(c2)F)O)F)/C(=O)N1CC(=O)O)N)O,疏水性可能↑；代谢稳定性可能↑；水溶性可能↓；疏水表面积可能↑；膜分配可能↑,仅为结构/类别推断；不代表已证实提高环肽渗透性或口服暴露,https://www.rcsb.org/ligand/MHY
MIR,Monoethylphosphorylserine,O-[(S)-ethoxy(hydroxy)phosphoryl]-L-serine,l-peptide linking,极性／带电侧链,极性／带电侧链,C5 H12 N O6 P,213.126,SER,CCO[P@](=O)(O)OC[C@@H](C(=O)O)N,水溶性可能↑；被动渗透性可能↓；可提供结合或偶联位点,仅为结构/类别推断；不代表已证实提高环肽渗透性或口服暴露,https://www.rcsb.org/ligand/MIR
MIS,MONOISOPROPYLPHOSPHORYLSERINE,,l-peptide linking,极性／带电侧链,极性／带电侧链,C6 H14 N O6 P,227.152,SER,CC(C)O[P@](=O)(O)OC[C@@H](C(=O)O)N,水溶性可能↑；被动渗透性可能↓；可提供结合或偶联位点,仅为结构/类别推断；不代表已证实提高环肽渗透性或口服暴露,https://www.rcsb.org/ligand/MIS
MJ1,"{(4Z)-2-[(1R,2R)-1-amino-2-hydroxypropyl]-4-[(2,3-difluoro-4-hydroxyphenyl)methylidene]-5-oxo-4,5-dihydro-1H-imidazol-1-yl}acetic acid",,l-peptide linking,卤代／电子调节,卤代／电子调节；芳香／疏水侧链；极性／带电侧链,C15 H15 F2 N3 O5,355.294,Gly / Thr / Tyr,C[C@H]([C@@H](C1=N/C(=C\c2ccc(c(c2F)F)O)/C(=O)N1CC(=O)O)N)O,疏水性可能↑；代谢稳定性可能↑；水溶性可能↓；疏水表面积可能↑；膜分配可能↑,仅为结构/类别推断；不代表已证实提高环肽渗透性或口服暴露,https://www.rcsb.org/ligand/MJ1
MK8,2-methyl-L-norleucine,,l-peptide linking,其他CCD肽链核心,,C7 H15 N O2,145.199,LEU,CCCC[C@@](C)(C(=O)O)N,尚无可靠的定向性质判断；需在具体环肽骨架中验证,仅为结构/类别推断；不代表已证实提高环肽渗透性或口服暴露,https://www.rcsb.org/ligand/MK8
MKD,(2S)-2-amino-2-methyloctanoic acid,,l-peptide linking,其他CCD肽链核心,,C9 H19 N O2,173.253,,CCCCCC[C@@](C)(C(=O)O)N,尚无可靠的定向性质判断；需在具体环肽骨架中验证,仅为结构/类别推断；不代表已证实提高环肽渗透性或口服暴露,https://www.rcsb.org/ligand/MKD
MKF,(2~{S})-2-azanyl-3-(dimethylcarbamoyloxy)propanoic acid,,l-peptide linking,极性／带电侧链,极性／带电侧链,C6 H12 N2 O4,176.17,SER,CN(C)C(=O)OC[C@@H](C(=O)O)N,水溶性可能↑；被动渗透性可能↓；可提供结合或偶联位点,仅为结构/类别推断；不代表已证实提高环肽渗透性或口服暴露,https://www.rcsb.org/ligand/MKF
ML3,"2-{[(2R)-2-amino-2-carboxyethyl]sulfanyl}-N,N,N-trimethylethanaminium",,l-peptide linking,极性／带电侧链,极性／带电侧链,C8 H19 N2 O2 S,207.314,LYS,C[N+](C)(C)CCSC[C@@H](C(=O)O)N,水溶性可能↑；被动渗透性可能↓；可提供结合或偶联位点,仅为结构/类别推断；不代表已证实提高环肽渗透性或口服暴露,https://www.rcsb.org/ligand/ML3
MLE,N-METHYLLEUCINE,,l-peptide linking,N-取代,N-取代,C7 H15 N O2,145.199,LEU,CC(C)C[C@@H](C(=O)O)NC,主链氢键供体可能↓；暴露极性可能↓；被动渗透性可能↑,仅为结构/类别推断；不代表已证实提高环肽渗透性或口服暴露,https://www.rcsb.org/ligand/MLE
MLL,METHYL L-LEUCINATE,,l-peptide linking,其他CCD肽链核心,,C7 H15 N O2,145.199,LEU,CC(C)C[C@@H](C(=O)OC)N,尚无可靠的定向性质判断；需在具体环肽骨架中验证,仅为结构/类别推断；不代表已证实提高环肽渗透性或口服暴露,https://www.rcsb.org/ligand/MLL
MLU,N-methyl-D-leucine,,d-peptide linking,N-取代,D-构型；N-取代,C7 H15 N O2,145.199,,CC(C)C[C@H](C(=O)O)NC,蛋白酶稳定性可能↑；局部构象可能改变；渗透性取决于骨架；主链氢键供体可能↓；暴露极性可能↓,仅为结构/类别推断；不代表已证实提高环肽渗透性或口服暴露,https://www.rcsb.org/ligand/MLU
MLY,N-DIMETHYL-LYSINE,,l-peptide linking,极性／带电侧链,极性／带电侧链,C8 H18 N2 O2,174.241,LYS,CN(C)CCCC[C@@H](C(=O)O)N,水溶性可能↑；被动渗透性可能↓；可提供结合或偶联位点,仅为结构/类别推断；不代表已证实提高环肽渗透性或口服暴露,https://www.rcsb.org/ligand/MLY
MLZ,N-METHYL-LYSINE,,l-peptide linking,N-取代,N-取代；极性／带电侧链,C7 H16 N2 O2,160.214,LYS,CNCCCC[C@@H](C(=O)O)N,主链氢键供体可能↓；暴露极性可能↓；被动渗透性可能↑；水溶性可能↑；被动渗透性可能↓,仅为结构/类别推断；不代表已证实提高环肽渗透性或口服暴露,https://www.rcsb.org/ligand/MLZ
MME,N-METHYL METHIONINE,,l-peptide linking,N-取代,N-取代,C6 H13 N O2 S,163.238,MET,CN[C@@H](CCSC)C(=O)O,主链氢键供体可能↓；暴露极性可能↓；被动渗透性可能↑,仅为结构/类别推断；不代表已证实提高环肽渗透性或口服暴露,https://www.rcsb.org/ligand/MME
MMO,N~2~-methyl-L-arginine,,l-peptide linking,极性／带电侧链,极性／带电侧链,C7 H16 N4 O2,188.228,ARG,[H]/N=C(\N)/NCCC[C@@H](C(=O)O)NC,水溶性可能↑；被动渗透性可能↓；可提供结合或偶联位点,仅为结构/类别推断；不代表已证实提高环肽渗透性或口服暴露,https://www.rcsb.org/ligand/MMO
MND,N-methyl-D-asparagine,,d-peptide linking,N-取代,D-构型；N-取代；极性／带电侧链,C5 H10 N2 O3,146.144,,CNC(=O)C[C@H](C(=O)O)N,蛋白酶稳定性可能↑；局部构象可能改变；渗透性取决于骨架；主链氢键供体可能↓；暴露极性可能↓,仅为结构/类别推断；不代表已证实提高环肽渗透性或口服暴露,https://www.rcsb.org/ligand/MND
MNL,"4,N-DIMETHYLNORLEUCINE",,l-peptide linking,其他CCD肽链核心,,C8 H17 N O2,159.226,LEU,CC[C@@H](C)C[C@@H](C(=O)O)NC,尚无可靠的定向性质判断；需在具体环肽骨架中验证,仅为结构/类别推断；不代表已证实提高环肽渗透性或口服暴露,https://www.rcsb.org/ligand/MNL
MOD,L-METHIONYL ADENYLATE,,l-peptide linking,极性／带电侧链,极性／带电侧链,C15 H27 N6 O7 P S,466.45,,CSCC[C@@H](CO[P@](=O)(O)OC[C@@H]1[C@H]([C@H]([C@@H](O1)N2C=NC3=C(NC=NC32)N)O)O)N,水溶性可能↑；被动渗透性可能↓；可提供结合或偶联位点,仅为结构/类别推断；不代表已证实提高环肽渗透性或口服暴露,https://www.rcsb.org/ligand/MOD
MOZ,(2Z)-2-amino-3-hydroxybut-2-enoic acid,,peptide linking,极性／带电侧链,极性／带电侧链,C4 H7 N O3,117.103,,C/C(=C(\C(=O)O)/N)/O,水溶性可能↑；被动渗透性可能↓；可提供结合或偶联位点,仅为结构/类别推断；不代表已证实提高环肽渗透性或口服暴露,https://www.rcsb.org/ligand/MOZ
MP4,"(2S)-amino(3,5-dihydroxy-4-methylphenyl)ethanoic acid",,l-peptide linking,芳香／疏水侧链,芳香／疏水侧链；极性／带电侧链,C9 H11 N O4,197.188,,Cc1c(cc(cc1O)[C@@H](C(=O)O)N)O,疏水表面积可能↑；膜分配可能↑；水溶性可能↓；水溶性可能↑；被动渗透性可能↓,仅为结构/类别推断；不代表已证实提高环肽渗透性或口服暴露,https://www.rcsb.org/ligand/MP4
MP8,(4R)-4-methyl-L-proline,,l-peptide linking,构象限制,构象限制,C6 H11 N O2,129.157,PRO,C[C@@H]1C[C@H](NC1)C(=O)O,构象刚性可能↑；蛋白酶稳定性可能↑；渗透性取决于极性遮蔽,仅为结构/类别推断；不代表已证实提高环肽渗透性或口服暴露,https://www.rcsb.org/ligand/MP8
MPH,(1-AMINO-3-METHYLSULFANYL-PROPYL)-PHOSPHONIC ACID,METHIONINE PHOSPHONATE,l-peptide linking,极性／带电侧链,极性／带电侧链,C4 H12 N O3 P S,185.182,,CSCC[C@H](N)P(=O)(O)O,水溶性可能↑；被动渗透性可能↓；可提供结合或偶联位点,仅为结构/类别推断；不代表已证实提高环肽渗透性或口服暴露,https://www.rcsb.org/ligand/MPH
MPJ,(1-AMINO-3-METHYLSULFANYL-PROPYL)-PHOSPHINIC ACID,METHIONINE PHOSPHINATE,l-peptide linking,其他CCD肽链核心,,C4 H12 N O2 P S,169.182,,CSCC[C@H](N)[P@H](=O)O,尚无可靠的定向性质判断；需在具体环肽骨架中验证,仅为结构/类别推断；不代表已证实提高环肽渗透性或口服暴露,https://www.rcsb.org/ligand/MPJ
MPQ,N-METHYL-ALPHA-PHENYL-GLYCINE,METHYLAMINO-PHENYL-ACETIC ACID,l-peptide linking,N-取代,N-取代；芳香／疏水侧链,C9 H11 N O2,165.189,GLY,CN[C@@H](c1ccccc1)C(=O)O,主链氢键供体可能↓；暴露极性可能↓；被动渗透性可能↑；疏水表面积可能↑；膜分配可能↑,仅为结构/类别推断；不代表已证实提高环肽渗透性或口服暴露,https://www.rcsb.org/ligand/MPQ
MS6,(2S)-2-amino-4-(methylsulfanyl)butane-1-thiol,(2S)-2-amino-4-(methylsulfanyl)butanethioic O-acid,l-peptide linking,其他CCD肽链核心,,C5 H11 N O S2,165.277,MET,CSCC[C@@H](C(=S)O)N,尚无可靠的定向性质判断；需在具体环肽骨架中验证,仅为结构/类别推断；不代表已证实提高环肽渗透性或口服暴露,https://www.rcsb.org/ligand/MS6
MSA,(2-S-METHYL) SARCOSINE,,l-peptide linking,N-取代,N-取代,C4 H9 N O2 S,135.185,GLY,CN[C@@H](C(=O)O)SC,主链氢键供体可能↓；暴露极性可能↓；被动渗透性可能↑,仅为结构/类别推断；不代表已证实提高环肽渗透性或口服暴露,https://www.rcsb.org/ligand/MSA
MSE,SELENOMETHIONINE,,l-peptide linking,其他CCD肽链核心,,C5 H11 N O2 Se,196.106,MET,C[Se]CC[C@@H](C(=O)O)N,尚无可靠的定向性质判断；需在具体环肽骨架中验证,仅为结构/类别推断；不代表已证实提高环肽渗透性或口服暴露,https://www.rcsb.org/ligand/MSE
MSL,(2S)-2-AMINO-4-(METHYLSULFONIMIDOYL)BUTANOIC ACID,METHIONINE SULFOXIMINE,l-peptide linking,极性／带电侧链,极性／带电侧链,C5 H12 N2 O3 S,180.225,MET,C[S@](=N)(=O)CC[C@@H](C(=O)O)N,水溶性可能↑；被动渗透性可能↓；可提供结合或偶联位点,仅为结构/类别推断；不代表已证实提高环肽渗透性或口服暴露,https://www.rcsb.org/ligand/MSL
MSO,SELENOMETHIONINE SELENOXIDE,,l-peptide linking,极性／带电侧链,极性／带电侧链,C5 H11 N O3 Se,212.106,MET,C[Se@@](=O)CC[C@@H](C(=O)O)N,水溶性可能↑；被动渗透性可能↓；可提供结合或偶联位点,仅为结构/类别推断；不代表已证实提高环肽渗透性或口服暴露,https://www.rcsb.org/ligand/MSO
MSP,5'-O-[(L-METHIONYL)-SULPHAMOYL]ADENOSINE,,l-peptide linking,极性／带电侧链,极性／带电侧链,C15 H25 N7 O7 S2,479.532,,CSCC[C@@H](C(=O)NS(=O)(=O)OC[C@@H]1[C@H]([C@H]([C@@H](O1)N2C=NC3=C(NC=NC32)N)O)O)N,水溶性可能↑；被动渗透性可能↓；可提供结合或偶联位点,仅为结构/类别推断；不代表已证实提高环肽渗透性或口服暴露,https://www.rcsb.org/ligand/MSP
MT2,[(3S)-3-amino-3-carboxypropyl](ethyl)methylsulfonium,S-ethyl-L-Methionine,l-peptide linking,极性／带电侧链,极性／带电侧链,C7 H16 N O2 S,178.272,MET,CC[S@@+](C)CC[C@@H](C(=O)O)N,水溶性可能↑；被动渗透性可能↓；可提供结合或偶联位点,仅为结构/类别推断；不代表已证实提高环肽渗透性或口服暴露,https://www.rcsb.org/ligand/MT2
MTY,META-TYROSINE,,l-peptide linking,芳香／疏水侧链,芳香／疏水侧链；极性／带电侧链,C9 H11 N O3,181.189,TYR,c1cc(cc(c1)O)C[C@@H](C(=O)O)N,疏水表面积可能↑；膜分配可能↑；水溶性可能↓；水溶性可能↑；被动渗透性可能↓,仅为结构/类别推断；不代表已证实提高环肽渗透性或口服暴露,https://www.rcsb.org/ligand/MTY
MV9,(2~{R})-3-methyl-2-(methylamino)butanoic acid,N-Methyl-D-valine,d-peptide linking,N-取代,D-构型；N-取代,C6 H13 N O2,131.173,,CC(C)[C@H](C(=O)O)NC,蛋白酶稳定性可能↑；局部构象可能改变；渗透性取决于骨架；主链氢键供体可能↓；暴露极性可能↓,仅为结构/类别推断；不代表已证实提高环肽渗透性或口服暴露,https://www.rcsb.org/ligand/MV9
MVA,N-METHYLVALINE,,l-peptide linking,N-取代,N-取代,C6 H13 N O2,131.173,VAL,CC(C)[C@@H](C(=O)O)NC,主链氢键供体可能↓；暴露极性可能↓；被动渗透性可能↑,仅为结构/类别推断；不代表已证实提高环肽渗透性或口服暴露,https://www.rcsb.org/ligand/MVA
MYK,N~6~-tetradecanoyl-L-lysine,N6-myristoyl lysine,l-peptide linking,极性／带电侧链,极性／带电侧链,C20 H40 N2 O3,356.543,LYS,CCCCCCCCCCCCCC(=O)NCCCC[C@@H](C(=O)O)N,水溶性可能↑；被动渗透性可能↓；可提供结合或偶联位点,仅为结构/类别推断；不代表已证实提高环肽渗透性或口服暴露,https://www.rcsb.org/ligand/MYK
MYN,"(2S)-amino[(4R)-2-amino-1,4,5,6-tetrahydropyrimidin-4-yl]ethanoic acid",,l-peptide linking,极性／带电侧链,极性／带电侧链,C6 H12 N4 O2,172.185,ARG,C1CNC(=N[C@H]1[C@@H](C(=O)O)N)N,水溶性可能↑；被动渗透性可能↓；可提供结合或偶联位点,仅为结构/类别推断；不代表已证实提高环肽渗透性或口服暴露,https://www.rcsb.org/ligand/MYN
N0A,3-fluoro-L-phenylalanine,,l-peptide linking,卤代／电子调节,卤代／电子调节；芳香／疏水侧链,C9 H10 F N O2,183.18,PHE,c1cc(cc(c1)F)C[C@@H](C(=O)O)N,疏水性可能↑；代谢稳定性可能↑；水溶性可能↓；疏水表面积可能↑；膜分配可能↑,仅为结构/类别推断；不代表已证实提高环肽渗透性或口服暴露,https://www.rcsb.org/ligand/N0A
N10,O-[(HEXYLAMINO)CARBONYL]-L-SERINE,,l-peptide linking,极性／带电侧链,极性／带电侧链,C10 H20 N2 O4,232.277,SER,CCCCCCNC(=O)OC[C@@H](C(=O)O)N,水溶性可能↑；被动渗透性可能↓；可提供结合或偶联位点,仅为结构/类别推断；不代表已证实提高环肽渗透性或口服暴露,https://www.rcsb.org/ligand/N10
N2C,"N,S-DIMETHYLCYSTEINE",,l-peptide linking,其他CCD肽链核心,,C5 H11 N O2 S,149.211,,CN[C@@H](CSC)C(=O)O,尚无可靠的定向性质判断；需在具体环肽骨架中验证,仅为结构/类别推断；不代表已证实提高环肽渗透性或口服暴露,https://www.rcsb.org/ligand/N2C
N65,(2~{S})-2-azanyl-6-[(~{E})-pentan-2-ylideneamino]hexanal,,l-peptide linking,极性／带电侧链,极性／带电侧链,C11 H22 N2 O2,214.305,LYS,CCC/C(=N/CCCC[C@@H](C(=O)O)N)/C,水溶性可能↑；被动渗透性可能↓；可提供结合或偶联位点,仅为结构/类别推断；不代表已证实提高环肽渗透性或口服暴露,https://www.rcsb.org/ligand/N65
N7P,1-ACETYL-L-PROLINE,N-ACETYLPROLINE,l-peptide linking,构象限制,构象限制；极性／带电侧链,C7 H11 N O3,157.167,PRO,CC(=O)N1CCC[C@H]1C(=O)O,构象刚性可能↑；蛋白酶稳定性可能↑；渗透性取决于极性遮蔽；水溶性可能↑；被动渗透性可能↓,仅为结构/类别推断；不代表已证实提高环肽渗透性或口服暴露,https://www.rcsb.org/ligand/N7P
N80,1-ethenyl-L-proline,,l-peptide linking,构象限制,构象限制,C7 H11 N O2,141.168,PRO,C=CN1CCC[C@H]1C(=O)O,构象刚性可能↑；蛋白酶稳定性可能↑；渗透性取决于极性遮蔽,仅为结构/类别推断；不代表已证实提高环肽渗透性或口服暴露,https://www.rcsb.org/ligand/N80
N8P,N-ACETYL-D-PROLINE,,d-peptide linking,D-构型,D-构型；构象限制；极性／带电侧链,C7 H11 N O3,157.167,,CC(=O)N1CCC[C@@H]1C(=O)O,蛋白酶稳定性可能↑；局部构象可能改变；渗透性取决于骨架；构象刚性可能↑；渗透性取决于极性遮蔽,仅为结构/类别推断；不代表已证实提高环肽渗透性或口服暴露,https://www.rcsb.org/ligand/N8P
N9P,3-pyridin-4-yl-L-alanine,,l-peptide linking,芳香／疏水侧链,芳香／疏水侧链；极性／带电侧链,C8 H10 N2 O2,166.177,ALA,c1cnccc1C[C@@H](C(=O)O)N,疏水表面积可能↑；膜分配可能↑；水溶性可能↓；水溶性可能↑；被动渗透性可能↓,仅为结构/类别推断；不代表已证实提高环肽渗透性或口服暴露,https://www.rcsb.org/ligand/N9P
NA8,(1S)-1-CARBOXY-2-NAPHTHALEN-2-YLETHANAMINIUM,,l-peptide linking,芳香／疏水侧链,芳香／疏水侧链；极性／带电侧链,C13 H14 N O2,216.256,ALA,c1ccc2cc(ccc2c1)C[C@@H](C(=O)O)[NH3+],疏水表面积可能↑；膜分配可能↑；水溶性可能↓；水溶性可能↑；被动渗透性可能↓,仅为结构/类别推断；不代表已证实提高环肽渗透性或口服暴露,https://www.rcsb.org/ligand/NA8
NAL,BETA-(2-NAPHTHYL)-ALANINE,,l-peptide linking,芳香／疏水侧链,芳香／疏水侧链,C13 H13 N O2,215.248,ALA,c1ccc2cc(ccc2c1)C[C@@H](C(=O)O)N,疏水表面积可能↑；膜分配可能↑；水溶性可能↓,仅为结构/类别推断；不代表已证实提高环肽渗透性或口服暴露,https://www.rcsb.org/ligand/NAL
NB8,5'-O-[(R)-{[(2S)-2-amino-4-(hydroxyamino)-4-oxobutanoyl]oxy}(hydroxy)phosphoryl]adenosine,,l-peptide linking,芳香／疏水侧链,芳香／疏水侧链；极性／带电侧链,C14 H20 N7 O10 P,477.323,,c1nc(c2c(n1)n(cn2)[C@H]3[C@@H]([C@@H]([C@H](O3)CO[P@@](=O)(O)OC(=O)[C@H](CC(=O)NO)N)O)O)N,疏水表面积可能↑；膜分配可能↑；水溶性可能↓；水溶性可能↑；被动渗透性可能↓,仅为结构/类别推断；不代表已证实提高环肽渗透性或口服暴露,https://www.rcsb.org/ligand/NB8
NBQ,2-HYDROXY-5-({1-[(2-NAPHTHYLOXY)METHYL]-3-OXOPROP-1-ENYL}AMINO)TYROSINE,,l-peptide linking,芳香／疏水侧链,芳香／疏水侧链；极性／带电侧链,C23 H22 N2 O6,422.431,TYR,c1ccc2cc(ccc2c1)OC/C(=C\C=O)/Nc3cc(c(cc3O)O)C[C@@H](C(=O)O)N,疏水表面积可能↑；膜分配可能↑；水溶性可能↓；水溶性可能↑；被动渗透性可能↓,仅为结构/类别推断；不代表已证实提高环肽渗透性或口服暴露,https://www.rcsb.org/ligand/NBQ
NC1,NITROCEFIN ACYL-SERINE,,l-peptide linking,芳香／疏水侧链,芳香／疏水侧链；极性／带电侧链,C24 H21 N5 O11 S2,619.58,SER,c1cc(sc1)CC(=O)N[C@@H]([C@@H]2NC(=C(CS2)\C=C\c3ccc(cc3[N+](=O)[O-])[N+](=O)[O-])C(=O)[O-])C(=O)OC[C@@H](C(=O)[O-])N,疏水表面积可能↑；膜分配可能↑；水溶性可能↓；水溶性可能↑；被动渗透性可能↓,仅为结构/类别推断；不代表已证实提高环肽渗透性或口服暴露,https://www.rcsb.org/ligand/NC1
NCB,N-CARBAMOYL-ALANINE,,l-peptide linking,极性／带电侧链,极性／带电侧链,C4 H8 N2 O3,132.118,ALA,C[C@H](C(=O)O)NC(=O)N,水溶性可能↑；被动渗透性可能↓；可提供结合或偶联位点,仅为结构/类别推断；不代表已证实提高环肽渗透性或口服暴露,https://www.rcsb.org/ligand/NCB
NCY,N-METHYLCYSTEINE,,l-peptide linking,N-取代,N-取代,C4 H9 N O2 S,135.185,,CN[C@@H](CS)C(=O)O,主链氢键供体可能↓；暴露极性可能↓；被动渗透性可能↑,仅为结构/类别推断；不代表已证实提高环肽渗透性或口服暴露,https://www.rcsb.org/ligand/NCY
NDF,N-(CARBOXYCARBONYL)-D-PHENYLALANINE,,d-peptide linking,D-构型,D-构型；芳香／疏水侧链；极性／带电侧链,C11 H11 N O5,237.209,,c1ccc(cc1)C[C@H](C(=O)O)NC(=O)C(=O)O,蛋白酶稳定性可能↑；局部构象可能改变；渗透性取决于骨架；疏水表面积可能↑；膜分配可能↑,仅为结构/类别推断；不代表已证实提高环肽渗透性或口服暴露,https://www.rcsb.org/ligand/NDF
NEP,N1-PHOSPHONOHISTIDINE,,l-peptide linking,芳香／疏水侧链,芳香／疏水侧链；极性／带电侧链,C6 H10 N3 O5 P,235.134,HIS,c1c(ncn1P(=O)(O)O)C[C@@H](C(=O)O)N,疏水表面积可能↑；膜分配可能↑；水溶性可能↓；水溶性可能↑；被动渗透性可能↓,仅为结构/类别推断；不代表已证实提高环肽渗透性或口服暴露,https://www.rcsb.org/ligand/NEP
NFA,PHENYLALANINE AMIDE,,l-peptide linking,芳香／疏水侧链,芳香／疏水侧链；极性／带电侧链,C9 H12 N2 O,164.204,PHE,c1ccc(cc1)C[C@@H](C(=O)N)N,疏水表面积可能↑；膜分配可能↑；水溶性可能↓；水溶性可能↑；被动渗透性可能↓,仅为结构/类别推断；不代表已证实提高环肽渗透性或口服暴露,https://www.rcsb.org/ligand/NFA
NHL,(4S)-4-(2-NAPHTHYLMETHYL)-D-GLUTAMIC ACID,GAMMA-2-NAPHTHYLMETHYL-D-GLUTAMIC ACID,d-peptide linking,D-构型,D-构型；芳香／疏水侧链；极性／带电侧链,C16 H17 N O4,287.31,,c1ccc2cc(ccc2c1)C[C@@H](C[C@H](C(=O)O)N)C(=O)O,蛋白酶稳定性可能↑；局部构象可能改变；渗透性取决于骨架；疏水表面积可能↑；膜分配可能↑,仅为结构/类别推断；不代表已证实提高环肽渗透性或口服暴露,https://www.rcsb.org/ligand/NHL
NIY,META-NITRO-TYROSINE,,l-peptide linking,芳香／疏水侧链,芳香／疏水侧链；极性／带电侧链,C9 H10 N2 O5,226.186,TYR,c1cc(c(cc1C[C@@H](C(=O)O)N)[N+](=O)[O-])O,疏水表面积可能↑；膜分配可能↑；水溶性可能↓；水溶性可能↑；被动渗透性可能↓,仅为结构/类别推断；不代表已证实提高环肽渗透性或口服暴露,https://www.rcsb.org/ligand/NIY
NKS,"N-(3-{[2-(4-chlorophenyl)-5-methyl-1,3-oxazol-4-yl]methoxy}benzyl)-N-[(4-methylphenoxy)carbonyl]glycine",,l-peptide linking,卤代／电子调节,卤代／电子调节；芳香／疏水侧链；极性／带电侧链,C28 H25 Cl N2 O6,520.961,,Cc1ccc(cc1)OC(=O)N(Cc2cccc(c2)OCc3c(oc(n3)c4ccc(cc4)Cl)C)CC(=O)O,疏水性可能↑；代谢稳定性可能↑；水溶性可能↓；疏水表面积可能↑；膜分配可能↑,仅为结构/类别推断；不代表已证实提高环肽渗透性或口服暴露,https://www.rcsb.org/ligand/NKS
NLB,6-(benzyloxy)-L-norleucine,,l-peptide linking,芳香／疏水侧链,芳香／疏水侧链；极性／带电侧链,C13 H19 N O3,237.295,LEU,c1ccc(cc1)COCCCC[C@@H](C(=O)O)N,疏水表面积可能↑；膜分配可能↑；水溶性可能↓；水溶性可能↑；被动渗透性可能↓,仅为结构/类别推断；不代表已证实提高环肽渗透性或口服暴露,https://www.rcsb.org/ligand/NLB
NLE,NORLEUCINE,,l-peptide linking,其他CCD肽链核心,,C6 H13 N O2,131.173,LEU,CCCC[C@@H](C(=O)O)N,尚无可靠的定向性质判断；需在具体环肽骨架中验证,仅为结构/类别推断；不代表已证实提高环肽渗透性或口服暴露,https://www.rcsb.org/ligand/NLE
NLN,NORLEUCINE AMIDE,2-AMINO-HEXANOIC ACID AMIDE,l-peptide linking,极性／带电侧链,极性／带电侧链,C6 H14 N2 O,130.188,LEU,CCCC[C@@H](C(=O)N)N,水溶性可能↑；被动渗透性可能↓；可提供结合或偶联位点,仅为结构/类别推断；不代表已证实提高环肽渗透性或口服暴露,https://www.rcsb.org/ligand/NLN
NLO,O-METHYL-L-NORLEUCINE,,l-peptide linking,其他CCD肽链核心,,C7 H15 N O2,145.199,LEU,CCCC[C@@H](C(=O)OC)N,尚无可靠的定向性质判断；需在具体环肽骨架中验证,仅为结构/类别推断；不代表已证实提高环肽渗透性或口服暴露,https://www.rcsb.org/ligand/NLO
NLP,(1-AMINO-PENTYL)-PHOSPHONIC ACID,NORLEUCINE PHOSPHONATE,l-peptide linking,极性／带电侧链,极性／带电侧链,C5 H14 N O3 P,167.143,LEU,CCCC[C@H](N)P(=O)(O)O,水溶性可能↑；被动渗透性可能↓；可提供结合或偶联位点,仅为结构/类别推断；不代表已证实提高环肽渗透性或口服暴露,https://www.rcsb.org/ligand/NLP
NLQ,N~2~-ACETYL-L-GLUTAMINE,N-ACETYL-L-GLUTAMINE,l-peptide linking,极性／带电侧链,极性／带电侧链,C7 H12 N2 O4,188.181,GLN,CC(=O)N[C@@H](CCC(=O)N)C(=O)O,水溶性可能↑；被动渗透性可能↓；可提供结合或偶联位点,仅为结构/类别推断；不代表已证实提高环肽渗透性或口服暴露,https://www.rcsb.org/ligand/NLQ
NLW,L-leucinamide,,l-peptide linking,极性／带电侧链,极性／带电侧链,C6 H14 N2 O,130.188,LEU,CC(C)C[C@@H](C(=O)N)N,水溶性可能↑；被动渗透性可能↓；可提供结合或偶联位点,仅为结构/类别推断；不代表已证实提高环肽渗透性或口服暴露,https://www.rcsb.org/ligand/NLW
NLY,N-(4-aminobutyl)glycine,,peptide linking,极性／带电侧链,极性／带电侧链,C6 H14 N2 O2,146.188,GLY,C(CCNCC(=O)O)CN,水溶性可能↑；被动渗透性可能↓；可提供结合或偶联位点,仅为结构/类别推断；不代表已证实提高环肽渗透性或口服暴露,https://www.rcsb.org/ligand/NLY
NMC,N-CYCLOPROPYLMETHYL GLYCINE,,l-peptide linking,构象限制,构象限制,C6 H11 N O2,129.157,GLY,C1CC1CNCC(=O)O,构象刚性可能↑；蛋白酶稳定性可能↑；渗透性取决于极性遮蔽,仅为结构/类别推断；不代表已证实提高环肽渗透性或口服暴露,https://www.rcsb.org/ligand/NMC
NMM,(2S)-2-amino-5-[(N-methylcarbamimidoyl)amino]pentanoic acid,L-NMMA,l-peptide linking,N-取代,N-取代；极性／带电侧链,C7 H16 N4 O2,188.228,ARG,[H]/N=C(/NC)\NCCC[C@@H](C(=O)O)N,主链氢键供体可能↓；暴露极性可能↓；被动渗透性可能↑；水溶性可能↑；被动渗透性可能↓,仅为结构/类别推断；不代表已证实提高环肽渗透性或口服暴露,https://www.rcsb.org/ligand/NMM
NNH,NOR-N-OMEGA-HYDROXY-L-ARGININE,,l-peptide linking,极性／带电侧链,极性／带电侧链,C5 H12 N4 O3,176.174,ARG,[H]/N=C(/NCC[C@@H](C(=O)O)N)\NO,水溶性可能↑；被动渗透性可能↓；可提供结合或偶联位点,仅为结构/类别推断；不代表已证实提高环肽渗透性或口服暴露,https://www.rcsb.org/ligand/NNH
NOT,6-Azido-L-lysine,(S)-2-Amino-6-azidohexanoic acid; (2S)-2-amino-6-azidohexanoic acid; 6-Azido-norleucine,l-peptide linking,极性／带电侧链,极性／带电侧链,C6 H12 N4 O2,172.185,LYS,C(CCN=[N+]=[N-])C[C@@H](C(=O)O)N,水溶性可能↑；被动渗透性可能↓；可提供结合或偶联位点,仅为结构/类别推断；不代表已证实提高环肽渗透性或口服暴露,https://www.rcsb.org/ligand/NOT
NPH,"CYSTEINE-METHYLENE-CARBAMOYL-1,10-PHENANTHROLINE",,l-peptide linking,芳香／疏水侧链,芳香／疏水侧链；极性／带电侧链,C17 H16 N4 O3 S,356.399,CYS,c1cc2cc(c3cccnc3c2nc1)NC(=O)CSC[C@@H](C(=O)O)N,疏水表面积可能↑；膜分配可能↑；水溶性可能↓；水溶性可能↑；被动渗透性可能↓,仅为结构/类别推断；不代表已证实提高环肽渗透性或口服暴露,https://www.rcsb.org/ligand/NPH
NPI,(2S)-2-aminoheptanedioic acid,L-2-AMINOPIMELIC ACID,l-peptide linking,极性／带电侧链,极性／带电侧链,C7 H13 N O4,175.182,ALA,C(CCC(=O)O)C[C@@H](C(=O)O)N,水溶性可能↑；被动渗透性可能↓；可提供结合或偶联位点,仅为结构/类别推断；不代表已证实提高环肽渗透性或口服暴露,https://www.rcsb.org/ligand/NPI
NRG,N-OMEGA-NITRO-L-ARGININE,NNA,l-peptide linking,极性／带电侧链,极性／带电侧链,C6 H13 N5 O4,219.199,,[H]/N=C(\NCCC[C@@H](C(=O)O)N)/N[N+](=O)[O-],水溶性可能↑；被动渗透性可能↓；可提供结合或偶联位点,仅为结构/类别推断；不代表已证实提高环肽渗透性或口服暴露,https://www.rcsb.org/ligand/NRG
NRP,"{4-[(4-hydroxyphenyl)methylidene]-2-[(1E)-3-methylbutanimidoyl]-5-oxo-4,5-dihydro-1H-imidazol-1-yl}acetic acid",CHROMOPHORE (LEU-TYR-GLY),l-peptide linking,芳香／疏水侧链,芳香／疏水侧链；极性／带电侧链,C17 H19 N3 O4,329.35,GLY / LEU / TYR,[H]/N=C(\CC(C)C)/C1=NC(=Cc2ccc(cc2)O)C(=O)N1CC(=O)O,疏水表面积可能↑；膜分配可能↑；水溶性可能↓；水溶性可能↑；被动渗透性可能↓,仅为结构/类别推断；不代表已证实提高环肽渗透性或口服暴露,https://www.rcsb.org/ligand/NRP
NRQ,"{(4Z)-4-(4-hydroxybenzylidene)-2-[3-(methylthio)propanimidoyl]-5-oxo-4,5-dihydro-1H-imidazol-1-yl}acetic acid",CHROMOPHORE (MET-TYR-GLY),l-peptide linking,芳香／疏水侧链,芳香／疏水侧链；极性／带电侧链,C16 H17 N3 O4 S,347.389,GLY / MET / TYR,[H]/N=C(/CCSC)\C1=N/C(=C\c2ccc(cc2)O)/C(=O)N1CC(=O)O,疏水表面积可能↑；膜分配可能↑；水溶性可能↓；水溶性可能↑；被动渗透性可能↓,仅为结构/类别推断；不代表已证实提高环肽渗透性或口服暴露,https://www.rcsb.org/ligand/NRQ
NSK,N-SUCCINYL LYSINE,N~2~-(3-CARBOXYPROPANOYL)-L-LYSINE,l-peptide linking,极性／带电侧链,极性／带电侧链,C10 H18 N2 O5,246.26,,C(CCN)C[C@@H](C(=O)O)NC(=O)CCC(=O)O,水溶性可能↑；被动渗透性可能↓；可提供结合或偶联位点,仅为结构/类别推断；不代表已证实提高环肽渗透性或口服暴露,https://www.rcsb.org/ligand/NSK
NTR,META-HYDROXY BETA NOR-TYROSINE,,l-peptide linking,芳香／疏水侧链,芳香／疏水侧链；极性／带电侧链,C8 H9 N O4,183.161,TYR,c1cc(c(cc1[C@H](C(=O)O)N)O)O,疏水表面积可能↑；膜分配可能↑；水溶性可能↓；水溶性可能↑；被动渗透性可能↓,仅为结构/类别推断；不代表已证实提高环肽渗透性或口服暴露,https://www.rcsb.org/ligand/NTR
NVA,NORVALINE,,l-peptide linking,其他CCD肽链核心,,C5 H11 N O2,117.146,VAL,CCC[C@@H](C(=O)O)N,尚无可靠的定向性质判断；需在具体环肽骨架中验证,仅为结构/类别推断；不代表已证实提高环肽渗透性或口服暴露,https://www.rcsb.org/ligand/NVA
NWD,"3-(5-nitro-2,4-dioxo-3,4-dihydropyrimidin-1(2H)-yl)-L-alanine",nitrowillardiine,l-peptide linking,极性／带电侧链,极性／带电侧链,C7 H8 N4 O6,244.162,ALA,C1=C(C(=O)NC(=O)N1C[C@@H](C(=O)O)N)[N+](=O)[O-],水溶性可能↑；被动渗透性可能↓；可提供结合或偶联位点,仅为结构/类别推断；不代表已证实提高环肽渗透性或口服暴露,https://www.rcsb.org/ligand/NWD
NYB,N-METHYL-S-[(1R)-1-METHYLPROPYL]-L-CYSTEINE,,l-peptide linking,N-取代,N-取代,C8 H17 N O2 S,191.291,CYS,CC[C@@H](C)SC[C@@H](C(=O)O)NC,主链氢键供体可能↓；暴露极性可能↓；被动渗透性可能↑,仅为结构/类别推断；不代表已证实提高环肽渗透性或口服暴露,https://www.rcsb.org/ligand/NYB
NYG,"[(4Z)-2-[(1S)-1,3-DIAMINO-3-OXOPROPYL]-4-(4-HYDROXYBENZYLIDENE)-5-OXO-4,5-DIHYDRO-1H-IMIDAZOL-1-YL]ACETIC ACID",CHROMOPHORE (ASN-TYR-GLY),l-peptide linking,芳香／疏水侧链,芳香／疏水侧链；极性／带电侧链,C15 H16 N4 O5,332.311,ASN / GLY / TYR,c1cc(ccc1\C=C/2\C(=O)N(C(=N2)[C@H](CC(=O)N)N)CC(=O)O)O,疏水表面积可能↑；膜分配可能↑；水溶性可能↓；水溶性可能↑；被动渗透性可能↓,仅为结构/类别推断；不代表已证实提高环肽渗透性或口服暴露,https://www.rcsb.org/ligand/NYG
NYS,"S-{5-[(1R)-2-amino-1-hydroxyethyl]-2,3-dihydroxyphenyl}-L-cysteine",,l-peptide linking,芳香／疏水侧链,芳香／疏水侧链；极性／带电侧链,C11 H16 N2 O5 S,288.32,CYS,c1c(cc(c(c1O)O)SC[C@@H](C(=O)O)N)[C@H](CN)O,疏水表面积可能↑；膜分配可能↑；水溶性可能↓；水溶性可能↑；被动渗透性可能↓,仅为结构/类别推断；不代表已证实提高环肽渗透性或口服暴露,https://www.rcsb.org/ligand/NYS
NZC,N-methylidene-L-threonine,,l-peptide linking,N-取代,N-取代；极性／带电侧链,C5 H11 N O3,133.146,THR,C[C@H]([C@@H](C(=O)O)NC)O,主链氢键供体可能↓；暴露极性可能↓；被动渗透性可能↑；水溶性可能↑；被动渗透性可能↓,仅为结构/类别推断；不代表已证实提高环肽渗透性或口服暴露,https://www.rcsb.org/ligand/NZC
NZH,(2S)-2-AMINO-3-[1-(1H-TETRAAZOL-5-YL)-1H-IMIDAZOL-4-YL]PROPANAL,TETRAZOLYL HISTIDINE,l-peptide linking,芳香／疏水侧链,芳香／疏水侧链；极性／带电侧链,C7 H9 N7 O,207.193,HIS,c1c(ncn1c2[nH]nnn2)C[C@@H](C=O)N,疏水表面积可能↑；膜分配可能↑；水溶性可能↓；水溶性可能↑；被动渗透性可能↓,仅为结构/类别推断；不代表已证实提高环肽渗透性或口服暴露,https://www.rcsb.org/ligand/NZH
O12,N~5~-dodecanoyl-L-ornithine,,l-peptide linking,极性／带电侧链,极性／带电侧链,C17 H34 N2 O3,314.463,,CCCCCCCCCCCC(=O)NCCC[C@@H](C(=O)O)N,水溶性可能↑；被动渗透性可能↓；可提供结合或偶联位点,仅为结构/类别推断；不代表已证实提高环肽渗透性或口服暴露,https://www.rcsb.org/ligand/O12
O2E,"(2~{S},3~{R})-2-[(2~{S},3~{R})-1-[(2~{R})-2-azanyl-3-oxidanylidene-propoxy]-3-oxidanyl-1-oxidanylidene-butan-2-yl]-4-[(3~{S},5~{S})-5-[(3-carboxyphenyl)carbamoyl]pyrrolidin-3-yl]sulfanyl-3-methyl-3,4-dihydro-2~{H}-pyrrole-5-carboxylic acid",,l-peptide linking,芳香／疏水侧链,芳香／疏水侧链；极性／带电侧链,C25 H32 N4 O9 S,564.608,SER,C[C@@H]1[C@@H](N=C(C1S[C@H]2C[C@H](NC2)C(=O)Nc3cccc(c3)C(=O)O)C(=O)O)[C@@H]([C@@H](C)O)C(=O)OC[C@H](C=O)N,疏水表面积可能↑；膜分配可能↑；水溶性可能↓；水溶性可能↑；被动渗透性可能↓,仅为结构/类别推断；不代表已证实提高环肽渗透性或口服暴露,https://www.rcsb.org/ligand/O2E
O6H,"2,4,6-trimethyl-L-phenylalanine","(2~{S})-2-azanyl-3-(2,4,6-trimethylphenyl)propanal",l-peptide linking,芳香／疏水侧链,芳香／疏水侧链,C12 H17 N O2,207.269,TRP,Cc1cc(c(c(c1)C)C[C@@H](C(=O)O)N)C,疏水表面积可能↑；膜分配可能↑；水溶性可能↓,仅为结构/类别推断；不代表已证实提高环肽渗透性或口服暴露,https://www.rcsb.org/ligand/O6H
O7A,N-methyl-L-allothreonine,,l-peptide linking,N-取代,N-取代；极性／带电侧链,C5 H11 N O3,133.146,THR,C[C@@H]([C@@H](C(=O)O)NC)O,主链氢键供体可能↓；暴露极性可能↓；被动渗透性可能↑；水溶性可能↑；被动渗透性可能↓,仅为结构/类别推断；不代表已证实提高环肽渗透性或口服暴露,https://www.rcsb.org/ligand/O7A
O7D,4-methoxy-N-methyl-L-tryptophan,,l-peptide linking,N-取代,N-取代；芳香／疏水侧链；极性／带电侧链,C13 H16 N2 O3,248.278,TRP,CN[C@@H](Cc1c[nH]c2c1c(ccc2)OC)C(=O)O,主链氢键供体可能↓；暴露极性可能↓；被动渗透性可能↑；疏水表面积可能↑；膜分配可能↑,仅为结构/类别推断；不代表已证实提高环肽渗透性或口服暴露,https://www.rcsb.org/ligand/O7D
OAS,O-ACETYLSERINE,,l-peptide linking,极性／带电侧链,极性／带电侧链,C5 H9 N O4,147.129,SER,CC(=O)OC[C@@H](C(=O)O)N,水溶性可能↑；被动渗透性可能↓；可提供结合或偶联位点,仅为结构/类别推断；不代表已证实提高环肽渗透性或口服暴露,https://www.rcsb.org/ligand/OAS
OBF,"(2S)-2-amino-4,4-difluorobutanoic acid",,l-peptide linking,卤代／电子调节,卤代／电子调节,C4 H7 F2 N O2,139.101,,C([C@@H](C(=O)O)N)C(F)F,疏水性可能↑；代谢稳定性可能↑；水溶性可能↓,仅为结构/类别推断；不代表已证实提高环肽渗透性或口服暴露,https://www.rcsb.org/ligand/OBF
OBS,"(Z)-N^6-[(4S,5R)-5-(2-CARBOXYETHYL)-4-(CARBOXYMETHYL)-1-HYDROXYDIHYDRO-2H-THIOPYRANIUM-3(4H)-YLIDENE]-L-LYSINE",2-AMINO-6-[5-(2-CARBOXY-ETHYL)-4-CARBOXYMETHYL-1-OXO-TETRAHYDRO-1LAMBDA4-THIOPYRAN-3-YLIDENEAMINO]-HEXANOIC ACID,l-peptide linking,极性／带电侧链,极性／带电侧链,C16 H26 N2 O7 S,390.452,LYS,C1[C@H]([C@H](/C(=N\CCCC[C@@H](C(=O)O)N)/C[S@]1=O)CC(=O)O)CCC(=O)O,水溶性可能↑；被动渗透性可能↓；可提供结合或偶联位点,仅为结构/类别推断；不代表已证实提高环肽渗透性或口服暴露,https://www.rcsb.org/ligand/OBS
OCS,CYSTEINESULFONIC ACID,,l-peptide linking,极性／带电侧链,极性／带电侧链,C3 H7 N O5 S,169.156,CYS,C([C@@H](C(=O)O)N)S(=O)(=O)O,水溶性可能↑；被动渗透性可能↓；可提供结合或偶联位点,仅为结构/类别推断；不代表已证实提高环肽渗透性或口服暴露,https://www.rcsb.org/ligand/OCS
OCY,HYDROXYETHYLCYSTEINE,,l-peptide linking,极性／带电侧链,极性／带电侧链,C5 H11 N O3 S,165.211,CYS,C(CSC[C@@H](C(=O)O)N)O,水溶性可能↑；被动渗透性可能↓；可提供结合或偶联位点,仅为结构/类别推断；不代表已证实提高环肽渗透性或口服暴露,https://www.rcsb.org/ligand/OCY
OEM,N-methyl-D-aspartic acid,,d-peptide linking,N-取代,D-构型；N-取代；极性／带电侧链,C5 H9 N O4,147.129,,CN[C@H](CC(=O)O)C(=O)O,蛋白酶稳定性可能↑；局部构象可能改变；渗透性取决于骨架；主链氢键供体可能↓；暴露极性可能↓,仅为结构/类别推断；不代表已证实提高环肽渗透性或口服暴露,https://www.rcsb.org/ligand/OEM
OFM,"[(4Z)-2-{(2R,5R)-2-[(1S)-1-amino-2-phenylethyl]-2-hydroxy-5-methyl-2,5-dihydro-1,3-oxazol-4-yl}-4-(4-hydroxybenzylidene )-5-oxo-4,5-dihydro-1H-imidazol-1-yl]acetic acid",PEPTIDE DERIVED CHROMOPHORE,l-peptide linking,芳香／疏水侧链,芳香／疏水侧链；极性／带电侧链,C24 H24 N4 O6,464.471,GLY / PHE / TYR,C[C@@H]1C(=N[C@](O1)([C@H](Cc2ccccc2)N)O)C3=N/C(=C\c4ccc(cc4)O)/C(=O)N3CC(=O)O,疏水表面积可能↑；膜分配可能↑；水溶性可能↓；水溶性可能↑；被动渗透性可能↓,仅为结构/类别推断；不代表已证实提高环肽渗透性或口服暴露,https://www.rcsb.org/ligand/OFM
OGC,gamma-N-methyl-beta-OH-histidine,"(2~{R},3~{S})-2-azanyl-3-(3-methylimidazol-4-yl)-3-oxidanyl-propanoic acid; 3-(1H-imidazol-3-ium-4-yl)-L-alanine",l-peptide linking,N-取代,N-取代；芳香／疏水侧链；极性／带电侧链,C7 H11 N3 O3,185.181,HIS,Cn1cncc1[C@H]([C@H](C(=O)O)N)O,主链氢键供体可能↓；暴露极性可能↓；被动渗透性可能↑；疏水表面积可能↑；膜分配可能↑,仅为结构/类别推断；不代表已证实提高环肽渗透性或口服暴露,https://www.rcsb.org/ligand/OGC
OGZ,[3-(trifluoromethyl)phenyl]methanamine,,l-peptide linking,卤代／电子调节,卤代／电子调节；芳香／疏水侧链,C8 H8 F3 N,175.151,,c1cc(cc(c1)C(F)(F)F)CN,疏水性可能↑；代谢稳定性可能↑；水溶性可能↓；疏水表面积可能↑；膜分配可能↑,仅为结构/类别推断；不代表已证实提高环肽渗透性或口服暴露,https://www.rcsb.org/ligand/OGZ
OHD,"{(4Z)-2-[(1S)-1-aminoethyl]-4-[(3-chloro-4-hydroxyphenyl)methylidene]-5-oxo-4,5-dihydro-1H-imidazol-1-yl}acetic acid",PEPTIDE DERIVED CHROMOPHORE,l-peptide linking,卤代／电子调节,卤代／电子调节；芳香／疏水侧链；极性／带电侧链,C14 H14 Cl N3 O4,323.732,ALA / GLY / TYR,C[C@@H](C1=N/C(=C\c2ccc(c(c2)Cl)O)/C(=O)N1CC(=O)O)N,疏水性可能↑；代谢稳定性可能↑；水溶性可能↓；疏水表面积可能↑；膜分配可能↑,仅为结构/类别推断；不代表已证实提高环肽渗透性或口服暴露,https://www.rcsb.org/ligand/OHD
OHI,3-(2-OXO-2H-IMIDAZOL-4-YL)-L-ALANINE,,l-peptide linking,极性／带电侧链,极性／带电侧链,C6 H7 N3 O3,169.138,HIS,C1=NC(=O)N=C1C[C@@H](C(=O)O)N,水溶性可能↑；被动渗透性可能↓；可提供结合或偶联位点,仅为结构/类别推断；不代表已证实提高环肽渗透性或口服暴露,https://www.rcsb.org/ligand/OHI
OHS,O-(CARBOXYSULFANYL)-4-OXO-L-HOMOSERINE,,l-peptide linking,极性／带电侧链,极性／带电侧链,C5 H7 N O6 S,209.177,ASP,C([C@H](C(=O)O)N)C(=O)OSC(=O)O,水溶性可能↑；被动渗透性可能↓；可提供结合或偶联位点,仅为结构/类别推断；不代表已证实提高环肽渗透性或口服暴露,https://www.rcsb.org/ligand/OHS
OIB,hydroxylated gamma-amino valeroyl moiety,"(2~{S},3~{R},4~{S})-5-azanyl-4-methoxy-2,3-bis(oxidanyl)pentanoic acid; (2S,3R,4S)-5-azanyl-4-methoxy-2,3-bis(oxidanyl)pentanoic acid","l-beta-peptide, c-gamma linking",延长骨架,延长骨架；极性／带电侧链,C6 H13 N O5,179.171,,CO[C@@H](CN)[C@@H]([C@@H](C(=O)O)O)O,骨架间距改变；构象分布可能改变；抗酶解性可能↑；水溶性可能↑；被动渗透性可能↓,仅为结构/类别推断；不代表已证实提高环肽渗透性或口服暴露,https://www.rcsb.org/ligand/OIB
OIC,OCTAHYDROINDOLE-2-CARBOXYLIC ACID,,l-peptide linking,其他CCD肽链核心,,C9 H15 N O2,169.221,,C1CC[C@H]2[C@@H](C1)C[C@H](N2)C(=O)O,尚无可靠的定向性质判断；需在具体环肽骨架中验证,仅为结构/类别推断；不代表已证实提高环肽渗透性或口服暴露,https://www.rcsb.org/ligand/OIC
OIM,"[(4Z)-2-{(2R,5R)-2-[(1S,2S)-1-amino-2-methylbutyl]-2-hydroxy-5-methyl-2,5-dihydro-1,3-oxazol-4-yl}-4-(4-hydroxybenzylidene)-5-oxo-4,5-dihydro-1H-imidazol-1-yl]acetic acid",PEPTIDE DERIVED CHROMOPHORE,l-peptide linking,芳香／疏水侧链,芳香／疏水侧链；极性／带电侧链,C21 H26 N4 O6,430.454,GLY / ILE / TYR,CC[C@H](C)[C@@H]([C@@]1(N=C([C@H](O1)C)C2=N/C(=C\c3ccc(cc3)O)/C(=O)N2CC(=O)O)O)N,疏水表面积可能↑；膜分配可能↑；水溶性可能↓；水溶性可能↑；被动渗透性可能↓,仅为结构/类别推断；不代表已证实提高环肽渗透性或口服暴露,https://www.rcsb.org/ligand/OIM
OJY,5-[5-(hydroxymethyl)-1H-imidazol-2-yl]-L-norvaline,,l-peptide linking,芳香／疏水侧链,芳香／疏水侧链；极性／带电侧链,C9 H15 N3 O3,213.234,,c1c([nH]c(n1)CCC[C@@H](C(=O)O)N)CO,疏水表面积可能↑；膜分配可能↑；水溶性可能↓；水溶性可能↑；被动渗透性可能↓,仅为结构/类别推断；不代表已证实提高环肽渗透性或口服暴露,https://www.rcsb.org/ligand/OJY
OLD,3-[2-(4-bromophenyl)-2-oxoethyl]-L-histidine,,l-peptide linking,卤代／电子调节,卤代／电子调节；芳香／疏水侧链；极性／带电侧链,C14 H14 Br N3 O3,352.183,HIS,c1cc(ccc1C(=O)Cn2cncc2C[C@@H](C(=O)O)N)Br,疏水性可能↑；代谢稳定性可能↑；水溶性可能↓；疏水表面积可能↑；膜分配可能↑,仅为结构/类别推断；不代表已证实提高环肽渗透性或口服暴露,https://www.rcsb.org/ligand/OLD
OLT,O-METHYL-L-THREONINE,,l-peptide linking,极性／带电侧链,极性／带电侧链,C5 H11 N O3,133.146,THR,C[C@H]([C@@H](C(=O)O)N)OC,水溶性可能↑；被动渗透性可能↓；可提供结合或偶联位点,仅为结构/类别推断；不代表已证实提高环肽渗透性或口服暴露,https://www.rcsb.org/ligand/OLT
OLZ,O-(2-aminoethyl)-L-serine,,l-peptide linking,极性／带电侧链,极性／带电侧链,C5 H12 N2 O3,148.16,SER,C(COC[C@@H](C(=O)O)N)N,水溶性可能↑；被动渗透性可能↓；可提供结合或偶联位点,仅为结构/类别推断；不代表已证实提高环肽渗透性或口服暴露,https://www.rcsb.org/ligand/OLZ
OMH,O-[(S)-hydroxy(methoxy)phosphoryl]-L-serine,,l-peptide linking,极性／带电侧链,极性／带电侧链,C4 H10 N O6 P,199.099,SER,CO[P@](=O)(O)OC[C@@H](C(=O)O)N,水溶性可能↑；被动渗透性可能↓；可提供结合或偶联位点,仅为结构/类别推断；不代表已证实提高环肽渗透性或口服暴露,https://www.rcsb.org/ligand/OMH
OMT,S-DIOXYMETHIONINE,,l-peptide linking,极性／带电侧链,极性／带电侧链,C5 H11 N O4 S,181.21,MET,CS(=O)(=O)CC[C@@H](C(=O)O)N,水溶性可能↑；被动渗透性可能↓；可提供结合或偶联位点,仅为结构/类别推断；不代表已证实提高环肽渗透性或口服暴露,https://www.rcsb.org/ligand/OMT
OMX,(betaR)-beta-hydroxy-L-Tyrosine,,l-peptide linking,芳香／疏水侧链,芳香／疏水侧链；极性／带电侧链,C9 H11 N O4,197.188,TYR,c1cc(ccc1[C@H]([C@@H](C(=O)O)N)O)O,疏水表面积可能↑；膜分配可能↑；水溶性可能↓；水溶性可能↑；被动渗透性可能↓,仅为结构/类别推断；不代表已证实提高环肽渗透性或口服暴露,https://www.rcsb.org/ligand/OMX
OMY,(betaR)-3-chloro-beta-hydroxy-L-tyrosine,,l-peptide linking,卤代／电子调节,卤代／电子调节；芳香／疏水侧链；极性／带电侧链,C9 H10 Cl N O4,231.633,TYR,c1cc(c(cc1[C@H]([C@@H](C(=O)O)N)O)Cl)O,疏水性可能↑；代谢稳定性可能↑；水溶性可能↓；疏水表面积可能↑；膜分配可能↑,仅为结构/类别推断；不代表已证实提高环肽渗透性或口服暴露,https://www.rcsb.org/ligand/OMY
OMZ,(betaR)-3-CHLORO-BETA-HYDROXY-D-TYROSINE,,d-peptide linking,D-构型,D-构型；卤代／电子调节；芳香／疏水侧链；极性／带电侧链,C9 H10 Cl N O4,231.633,,c1cc(c(cc1[C@H]([C@H](C(=O)O)N)O)Cl)O,蛋白酶稳定性可能↑；局部构象可能改变；渗透性取决于骨架；疏水性可能↑；代谢稳定性可能↑,仅为结构/类别推断；不代表已证实提高环肽渗透性或口服暴露,https://www.rcsb.org/ligand/OMZ
ONH,N~5~-hydroxy-L-ornithine,,l-peptide linking,极性／带电侧链,极性／带电侧链,C5 H12 N2 O3,148.16,ALA,C(C[C@@H](C(=O)O)N)CNO,水溶性可能↑；被动渗透性可能↓；可提供结合或偶联位点,仅为结构/类别推断；不代表已证实提高环肽渗透性或口服暴露,https://www.rcsb.org/ligand/ONH
ONL,5-OXO-L-NORLEUCINE,,l-peptide linking,极性／带电侧链,极性／带电侧链,C6 H11 N O3,145.156,,CC(=O)CC[C@@H](C(=O)O)N,水溶性可能↑；被动渗透性可能↓；可提供结合或偶联位点,仅为结构/类别推断；不代表已证实提高环肽渗透性或口服暴露,https://www.rcsb.org/ligand/ONL
ORD,D-ORNITHINE,,d-peptide linking,D-构型,D-构型；极性／带电侧链,C5 H12 N2 O2,132.161,,C(C[C@H](C(=O)O)N)CN,蛋白酶稳定性可能↑；局部构象可能改变；渗透性取决于骨架；水溶性可能↑；被动渗透性可能↓,仅为结构/类别推断；不代表已证实提高环肽渗透性或口服暴露,https://www.rcsb.org/ligand/ORD
ORN,L-ornithine,,l-peptide linking,极性／带电侧链,极性／带电侧链,C5 H12 N2 O2,132.161,ALA,C(C[C@@H](C(=O)O)N)CN,水溶性可能↑；被动渗透性可能↓；可提供结合或偶联位点,仅为结构/类别推断；不代表已证实提高环肽渗透性或口服暴露,https://www.rcsb.org/ligand/ORN
ORQ,N~5~-ACETYL-L-ORNITHINE,,l-peptide linking,极性／带电侧链,极性／带电侧链,C7 H14 N2 O3,174.198,ARG,CC(=O)NCCC[C@@H](C(=O)O)N,水溶性可能↑；被动渗透性可能↓；可提供结合或偶联位点,仅为结构/类别推断；不代表已证实提高环肽渗透性或口服暴露,https://www.rcsb.org/ligand/ORQ
OSE,O-SULFO-L-SERINE,,l-peptide linking,极性／带电侧链,极性／带电侧链,C3 H7 N O6 S,185.156,SER,C([C@@H](C(=O)O)N)OS(=O)(=O)O,水溶性可能↑；被动渗透性可能↓；可提供结合或偶联位点,仅为结构/类别推断；不代表已证实提高环肽渗透性或口服暴露,https://www.rcsb.org/ligand/OSE
OTH,"N,O-dimethyl-L-threonine",,l-peptide linking,极性／带电侧链,极性／带电侧链,C6 H13 N O3,147.172,THR,C[C@H]([C@@H](C(=O)O)NC)OC,水溶性可能↑；被动渗透性可能↓；可提供结合或偶联位点,仅为结构/类别推断；不代表已证实提高环肽渗透性或口服暴露,https://www.rcsb.org/ligand/OTH
OTY,2-hydroxy-L-tyrosine,,l-peptide linking,芳香／疏水侧链,芳香／疏水侧链；极性／带电侧链,C9 H11 N O4,197.188,,c1cc(c(cc1O)O)C[C@@H](C(=O)O)N,疏水表面积可能↑；膜分配可能↑；水溶性可能↓；水溶性可能↑；被动渗透性可能↓,仅为结构/类别推断；不代表已证实提高环肽渗透性或口服暴露,https://www.rcsb.org/ligand/OTY
OTZ,"2-[2-(aminomethyl)-1,3-oxazol-4-yl]-1,3-thiazole-4-carboxylic acid",,peptide linking,芳香／疏水侧链,芳香／疏水侧链；极性／带电侧链,C8 H7 N3 O3 S,225.224,CYS / GLY / SER,c1c(nc(o1)CN)c2nc(cs2)C(=O)O,疏水表面积可能↑；膜分配可能↑；水溶性可能↓；水溶性可能↑；被动渗透性可能↓,仅为结构/类别推断；不代表已证实提高环肽渗透性或口服暴露,https://www.rcsb.org/ligand/OTZ
OV7,(2R)-amino[(carboxymethyl)sulfanyl]acetic acid,,d-peptide linking,D-构型,D-构型；极性／带电侧链,C4 H7 N O4 S,165.168,,C(C(=O)O)S[C@H](C(=O)O)N,蛋白酶稳定性可能↑；局部构象可能改变；渗透性取决于骨架；水溶性可能↑；被动渗透性可能↓,仅为结构/类别推断；不代表已证实提高环肽渗透性或口服暴露,https://www.rcsb.org/ligand/OV7
OWF,(3S)-3-hydroxy-D-asparagine,,d-peptide linking,D-构型,D-构型；极性／带电侧链,C4 H8 N2 O4,148.117,,[C@@H]([C@@H](C(=O)N)O)(C(=O)O)N,蛋白酶稳定性可能↑；局部构象可能改变；渗透性取决于骨架；水溶性可能↑；被动渗透性可能↓,仅为结构/类别推断；不代表已证实提高环肽渗透性或口服暴露,https://www.rcsb.org/ligand/OWF
OXX,OXALYL-ASPARTYL ANHYDRIDE,,l-peptide linking,极性／带电侧链,极性／带电侧链,C6 H6 N O7,204.114,ASP,C([C@@H](C(=O)O)N)C(=O)OC(=O)C(=O)[O-],水溶性可能↑；被动渗透性可能↓；可提供结合或偶联位点,仅为结构/类别推断；不代表已证实提高环肽渗透性或口服暴露,https://www.rcsb.org/ligand/OXX
OYL,1-ethyl-L-histidine,,l-peptide linking,芳香／疏水侧链,芳香／疏水侧链；极性／带电侧链,C8 H13 N3 O2,183.208,HIS,CCn1cc(nc1)C[C@@H](C(=O)O)N,疏水表面积可能↑；膜分配可能↑；水溶性可能↓；水溶性可能↑；被动渗透性可能↓,仅为结构/类别推断；不代表已证实提高环肽渗透性或口服暴露,https://www.rcsb.org/ligand/OYL
OZW,phenylhydrazinyl phenylalanine,,l-peptide linking,芳香／疏水侧链,芳香／疏水侧链；极性／带电侧链,C15 H17 N3 O2,271.314,PHE,c1ccc(cc1)NNc2ccc(cc2)C[C@@H](C(=O)O)N,疏水表面积可能↑；膜分配可能↑；水溶性可能↓；水溶性可能↑；被动渗透性可能↓,仅为结构/类别推断；不代表已证实提高环肽渗透性或口服暴露,https://www.rcsb.org/ligand/OZW
P0A,(2R)-2-aminoheptanedioic acid,,d-peptide linking,D-构型,D-构型；极性／带电侧链,C7 H13 N O4,175.182,,C(CCC(=O)O)C[C@H](C(=O)O)N,蛋白酶稳定性可能↑；局部构象可能改变；渗透性取决于骨架；水溶性可能↑；被动渗透性可能↓,仅为结构/类别推断；不代表已证实提高环肽渗透性或口服暴露,https://www.rcsb.org/ligand/P0A
P1L,S-PALMITOYL-L-CYSTEINE,,l-peptide linking,极性／带电侧链,极性／带电侧链,C19 H37 N O3 S,359.567,CYS,CCCCCCCCCCCCCCCC(=O)SC[C@@H](C(=O)O)N,水溶性可能↑；被动渗透性可能↓；可提供结合或偶联位点,仅为结构/类别推断；不代表已证实提高环肽渗透性或口服暴露,https://www.rcsb.org/ligand/P1L
P2Q,"2-hydroxy-5-{[(1S,2E)-1-formyl-4-phenoxybut-2-en-1yl]amino}-L-tyrosine","3-{[(1S,2E)-1-formyl-4-phenoxybut-2-en-1-yl]amino}-6-hydroxy-L-tyrosine",l-peptide linking,芳香／疏水侧链,芳香／疏水侧链；极性／带电侧链,C20 H22 N2 O6,386.398,TYR,c1ccc(cc1)OC/C=C/[C@@H](C=O)Nc2cc(c(cc2O)O)C[C@@H](C(=O)O)N,疏水表面积可能↑；膜分配可能↑；水溶性可能↓；水溶性可能↑；被动渗透性可能↓,仅为结构/类别推断；不代表已证实提高环肽渗透性或口服暴露,https://www.rcsb.org/ligand/P2Q
P2Y,(2S)-PYRROLIDIN-2-YLMETHYLAMINE,,l-peptide linking,极性／带电侧链,极性／带电侧链,C5 H12 N2,100.162,PRO,C1C[C@H](NC1)CN,水溶性可能↑；被动渗透性可能↓；可提供结合或偶联位点,仅为结构/类别推断；不代表已证实提高环肽渗透性或口服暴露,https://www.rcsb.org/ligand/P2Y
P3Q,2-hydroxy-5-{[(1E)-1-(2-oxoethylidene)-4-phenylbutyl]amino}-L-tyrosine,,l-peptide linking,芳香／疏水侧链,芳香／疏水侧链；极性／带电侧链,C21 H24 N2 O5,384.426,TYR,c1ccc(cc1)CCC/C(=C\C=O)/Nc2cc(c(cc2O)O)C[C@@H](C(=O)O)N,疏水表面积可能↑；膜分配可能↑；水溶性可能↓；水溶性可能↑；被动渗透性可能↓,仅为结构/类别推断；不代表已证实提高环肽渗透性或口服暴露,https://www.rcsb.org/ligand/P3Q
P4E,"(2S,4E)-2-amino-5-phenylpent-4-enoic acid",,l-peptide linking,芳香／疏水侧链,芳香／疏水侧链,C11 H13 N O2,191.226,,c1ccc(cc1)C=CC[C@@H](C(=O)O)N,疏水表面积可能↑；膜分配可能↑；水溶性可能↓,仅为结构/类别推断；不代表已证实提高环肽渗透性或口服暴露,https://www.rcsb.org/ligand/P4E
P4F,"5,5-difluoro-4-oxo-5-phosphono-D-norvaline",,d-peptide linking,D-构型,D-构型；卤代／电子调节；极性／带电侧链,C5 H8 F2 N O6 P,247.091,,C([C@H](C(=O)O)N)C(=O)C(F)(F)P(=O)(O)O,蛋白酶稳定性可能↑；局部构象可能改变；渗透性取决于骨架；疏水性可能↑；代谢稳定性可能↑,仅为结构/类别推断；不代表已证实提高环肽渗透性或口服暴露,https://www.rcsb.org/ligand/P4F
P9S,dihydroxypropylcysteine,,l-peptide linking,极性／带电侧链,极性／带电侧链,C6 H13 N O4 S,195.237,CYS,C([C@H](CSC[C@@H](C(=O)O)N)O)O,水溶性可能↑；被动渗透性可能↓；可提供结合或偶联位点,仅为结构/类别推断；不代表已证实提高环肽渗透性或口服暴露,https://www.rcsb.org/ligand/P9S
PAQ,2-OXY-4-HYDROXY-5-(2-HYDRAZINOPYRIDINE)PHENYLALANINE,,l-peptide linking,芳香／疏水侧链,芳香／疏水侧链；极性／带电侧链,C14 H16 N4 O4,304.301,TYR,c1ccnc(c1)NNC2=CC(C(=O)C=C2O)C[C@@H](C(=O)O)N,疏水表面积可能↑；膜分配可能↑；水溶性可能↓；水溶性可能↑；被动渗透性可能↓,仅为结构/类别推断；不代表已证实提高环肽渗透性或口服暴露,https://www.rcsb.org/ligand/PAQ
PAT,ALPHA-PHOSPHONO-TRYPTOPHAN,,l-peptide linking,芳香／疏水侧链,芳香／疏水侧链；极性／带电侧链,C11 H13 N2 O5 P,284.205,TRP,c1ccc2c(c1)c(c[nH]2)C[C@@](C(=O)O)(N)P(=O)(O)O,疏水表面积可能↑；膜分配可能↑；水溶性可能↓；水溶性可能↑；被动渗透性可能↓,仅为结构/类别推断；不代表已证实提高环肽渗透性或口服暴露,https://www.rcsb.org/ligand/PAT
PBB,S-(4-BROMOBENZYL)CYSTEINE,,l-peptide linking,卤代／电子调节,卤代／电子调节；芳香／疏水侧链,C10 H12 Br N O2 S,290.177,CYS,c1cc(ccc1CSC[C@@H](C(=O)O)N)Br,疏水性可能↑；代谢稳定性可能↑；水溶性可能↓；疏水表面积可能↑；膜分配可能↑,仅为结构/类别推断；不代表已证实提高环肽渗透性或口服暴露,https://www.rcsb.org/ligand/PBB
PBF,PARA-(BENZOYL)-PHENYLALANINE,,l-peptide linking,芳香／疏水侧链,芳香／疏水侧链；极性／带电侧链,C16 H15 N O3,269.295,PHE,c1ccc(cc1)C(=O)c2ccc(cc2)C[C@@H](C(=O)O)N,疏水表面积可能↑；膜分配可能↑；水溶性可能↓；水溶性可能↑；被动渗透性可能↓,仅为结构/类别推断；不代表已证实提高环肽渗透性或口服暴露,https://www.rcsb.org/ligand/PBF
PCA,PYROGLUTAMIC ACID,,l-peptide linking,极性／带电侧链,极性／带电侧链,C5 H7 N O3,129.114,GLN,C1CC(=O)N[C@@H]1C(=O)O,水溶性可能↑；被动渗透性可能↓；可提供结合或偶联位点,仅为结构/类别推断；不代表已证实提高环肽渗透性或口服暴露,https://www.rcsb.org/ligand/PCA
PCE,2-(3-AMINO-4-CYCLOHEXYL-2-HYDROXY-BUTYL)-PENT-4-YNOIC ACID,,l-peptide linking,构象限制,构象限制；极性／带电侧链,C15 H25 N O3,267.364,,C#CCC(C[C@H]([C@H](CC1CCCCC1)N)O)C(=O)O,构象刚性可能↑；蛋白酶稳定性可能↑；渗透性取决于极性遮蔽；水溶性可能↑；被动渗透性可能↓,仅为结构/类别推断；不代表已证实提高环肽渗透性或口服暴露,https://www.rcsb.org/ligand/PCE
PCS,PHENYLALANYLMETHYLCHLORIDE,,l-peptide linking,芳香／疏水侧链,芳香／疏水侧链,C10 H12 Cl N O,197.661,PHE,c1ccc(cc1)C[C@@H](C(=O)CCl)N,疏水表面积可能↑；膜分配可能↑；水溶性可能↓,仅为结构/类别推断；不代表已证实提高环肽渗透性或口服暴露,https://www.rcsb.org/ligand/PCS
PDD,N-(5'-PHOSPHOPYRIDOXYL)-D-ALANINE,,d-peptide linking,D-构型,D-构型；芳香／疏水侧链；极性／带电侧链,C11 H17 N2 O7 P,320.236,,Cc1c(c(c(cn1)COP(=O)(O)O)CN[C@H](C)C(=O)O)O,蛋白酶稳定性可能↑；局部构象可能改变；渗透性取决于骨架；疏水表面积可能↑；膜分配可能↑,仅为结构/类别推断；不代表已证实提高环肽渗透性或口服暴露,https://www.rcsb.org/ligand/PDD
PDW,methyl D-prolinate,,d-peptide linking,D-构型,D-构型,C6 H11 N O2,129.157,,COC(=O)[C@H]1CCCN1,蛋白酶稳定性可能↑；局部构象可能改变；渗透性取决于骨架,仅为结构/类别推断；不代表已证实提高环肽渗透性或口服暴露,https://www.rcsb.org/ligand/PDW
PE1,N~2~-({3-HYDROXY-2-METHYL-5-[(PHOSPHONOOXY)METHYL]PYRIDIN-4-YL}METHYL)-L-LYSINE,PYRIDOXYL-GLUTAMIC ACID-5'-MONOPHOSPHATE,l-peptide linking,芳香／疏水侧链,芳香／疏水侧链；极性／带电侧链,C14 H24 N3 O7 P,377.33,LYS,Cc1c(c(c(cn1)COP(=O)(O)O)CN[C@@H](CCCCN)C(=O)O)O,疏水表面积可能↑；膜分配可能↑；水溶性可能↓；水溶性可能↑；被动渗透性可能↓,仅为结构/类别推断；不代表已证实提高环肽渗透性或口服暴露,https://www.rcsb.org/ligand/PE1
PEC,"S,S-PENTYLTHIOCYSTEINE",,l-peptide linking,其他CCD肽链核心,,C8 H17 N O2 S2,223.356,CYS,CCCCCSSC[C@@H](C(=O)O)N,尚无可靠的定向性质判断；需在具体环肽骨架中验证,仅为结构/类别推断；不代表已证实提高环肽渗透性或口服暴露,https://www.rcsb.org/ligand/PEC
PF5,"2,3,4,5,6-PENTAFLUORO-L-PHENYLALANINE",FLUORINATED PHENYLALANINE,l-peptide linking,卤代／电子调节,卤代／电子调节；芳香／疏水侧链,C9 H6 F5 N O2,255.141,PHE,C(c1c(c(c(c(c1F)F)F)F)F)[C@@H](C(=O)O)N,疏水性可能↑；代谢稳定性可能↑；水溶性可能↓；疏水表面积可能↑；膜分配可能↑,仅为结构/类别推断；不代表已证实提高环肽渗透性或口服暴露,https://www.rcsb.org/ligand/PF5
PFF,4-FLUORO-L-PHENYLALANINE,,l-peptide linking,卤代／电子调节,卤代／电子调节；芳香／疏水侧链,C9 H10 F N O2,183.18,PHE,c1cc(ccc1C[C@@H](C(=O)O)N)F,疏水性可能↑；代谢稳定性可能↑；水溶性可能↓；疏水表面积可能↑；膜分配可能↑,仅为结构/类别推断；不代表已证实提高环肽渗透性或口服暴露,https://www.rcsb.org/ligand/PFF
PG9,D-PHENYLGLYCINE,,d-peptide linking,D-构型,D-构型；芳香／疏水侧链,C8 H9 N O2,151.163,,c1ccc(cc1)[C@H](C(=O)O)N,蛋白酶稳定性可能↑；局部构象可能改变；渗透性取决于骨架；疏水表面积可能↑；膜分配可能↑,仅为结构/类别推断；不代表已证实提高环肽渗透性或口服暴露,https://www.rcsb.org/ligand/PG9
PH6,(4S)-4-cyclohexyl-L-proline,,l-peptide linking,构象限制,构象限制,C11 H19 N O2,197.274,PRO,C1CCC(CC1)[C@@H]2C[C@H](NC2)C(=O)O,构象刚性可能↑；蛋白酶稳定性可能↑；渗透性取决于极性遮蔽,仅为结构/类别推断；不代表已证实提高环肽渗透性或口服暴露,https://www.rcsb.org/ligand/PH6
PH8,5-phenyl-L-norvaline,,l-peptide linking,芳香／疏水侧链,芳香／疏水侧链,C11 H15 N O2,193.242,,c1ccc(cc1)CCC[C@@H](C(=O)O)N,疏水表面积可能↑；膜分配可能↑；水溶性可能↓,仅为结构/类别推断；不代表已证实提高环肽渗透性或口服暴露,https://www.rcsb.org/ligand/PH8
PHA,PHENYLALANINAL,,l-peptide linking,芳香／疏水侧链,芳香／疏水侧链,C9 H11 N O,149.19,PHE,c1ccc(cc1)C[C@@H](C=O)N,疏水表面积可能↑；膜分配可能↑；水溶性可能↓,仅为结构/类别推断；不代表已证实提高环肽渗透性或口服暴露,https://www.rcsb.org/ligand/PHA
PHD,ASPARTYL PHOSPHATE,,l-peptide linking,极性／带电侧链,极性／带电侧链,C4 H8 N O7 P,213.083,ASP,C([C@@H](C(=O)O)N)C(=O)OP(=O)(O)O,水溶性可能↑；被动渗透性可能↓；可提供结合或偶联位点,仅为结构/类别推断；不代表已证实提高环肽渗透性或口服暴露,https://www.rcsb.org/ligand/PHD
PHI,IODO-PHENYLALANINE,,l-peptide linking,卤代／电子调节,卤代／电子调节；芳香／疏水侧链,C9 H10 I N O2,291.086,PHE,c1cc(ccc1C[C@@H](C(=O)O)N)I,疏水性可能↑；代谢稳定性可能↑；水溶性可能↓；疏水表面积可能↑；膜分配可能↑,仅为结构/类别推断；不代表已证实提高环肽渗透性或口服暴露,https://www.rcsb.org/ligand/PHI
PHL,L-PHENYLALANINOL,bound form of Phenylalaninal,l-peptide linking,芳香／疏水侧链,芳香／疏水侧链,C9 H13 N O,151.206,PHE,c1ccc(cc1)C[C@@H](CO)N,疏水表面积可能↑；膜分配可能↑；水溶性可能↓,仅为结构/类别推断；不代表已证实提高环肽渗透性或口服暴露,https://www.rcsb.org/ligand/PHL
PIA,"[(4Z)-2-[(1S)-1-aminoethyl]-4-(4-hydroxybenzylidene)-5-oxo-4,5-dihydro-1H-imidazol-1-yl]acetic acid",,l-peptide linking,芳香／疏水侧链,芳香／疏水侧链；极性／带电侧链,C14 H15 N3 O4,289.287,ALA / GLY / TYR,C[C@@H](C1=N/C(=C\c2ccc(cc2)O)/C(=O)N1CC(=O)O)N,疏水表面积可能↑；膜分配可能↑；水溶性可能↓；水溶性可能↑；被动渗透性可能↓,仅为结构/类别推断；不代表已证实提高环肽渗透性或口服暴露,https://www.rcsb.org/ligand/PIA
PIV,PIVALIC ACID,,l-peptide linking,其他CCD肽链核心,,C5 H10 O2,102.132,,CC(C)(C)C(=O)O,尚无可靠的定向性质判断；需在具体环肽骨架中验证,仅为结构/类别推断；不代表已证实提高环肽渗透性或口服暴露,https://www.rcsb.org/ligand/PIV
PJ3,"(2~{S})-2-azanyl-3-[1-[[(2~{R},3~{S},4~{R},5~{R})-5-(2-azanyl-7-methyl-6-oxidanylidene-1,8-dihydropurin-9-yl)-3,4-bis(oxidanyl)oxolan-2-yl]methoxy-oxidanyl-phosphoryl]imidazol-4-yl]propanoic acid",7GMP capped histidine,l-peptide linking,极性／带电侧链,极性／带电侧链,C17 H25 N8 O9 P,516.402,HIS,CN1CN(C2=C1C(=O)NC(=N2)N)[C@H]3[C@@H]([C@@H]([C@H](O3)COP(=O)(n4cc(nc4)C[C@@H](C(=O)O)N)O)O)O,水溶性可能↑；被动渗透性可能↓；可提供结合或偶联位点,仅为结构/类别推断；不代表已证实提高环肽渗透性或口服暴露,https://www.rcsb.org/ligand/PJ3
PLJ,methyl L-prolinate,,l-peptide linking,其他CCD肽链核心,,C6 H11 N O2,129.157,PRO,COC(=O)[C@@H]1CCCN1,尚无可靠的定向性质判断；需在具体环肽骨架中验证,仅为结构/类别推断；不代表已证实提高环肽渗透性或口服暴露,https://www.rcsb.org/ligand/PLJ
PM3,2-AMINO-3-(4-PHOSPHONOMETHYL-PHENYL)-PROPIONIC ACID,,l-peptide linking,芳香／疏水侧链,芳香／疏水侧链；极性／带电侧链,C10 H14 N O5 P,259.196,PHE,c1cc(ccc1C[C@@H](C(=O)O)N)CP(=O)(O)O,疏水表面积可能↑；膜分配可能↑；水溶性可能↓；水溶性可能↑；被动渗透性可能↓,仅为结构/类别推断；不代表已证实提高环肽渗透性或口服暴露,https://www.rcsb.org/ligand/PM3
POK,2-[[~{N}-[(4~{S})-4-azanyl-5-oxidanylidene-pentyl]carbamimidoyl]amino]ethanoic acid,,l-peptide linking,极性／带电侧链,极性／带电侧链,C8 H16 N4 O4,232.237,ARG,[H]/N=C(\NCCC[C@@H](C(=O)O)N)/NCC(=O)O,水溶性可能↑；被动渗透性可能↓；可提供结合或偶联位点,仅为结构/类别推断；不代表已证实提高环肽渗透性或口服暴露,https://www.rcsb.org/ligand/POK
POM,CIS-5-METHYL-4-OXOPROLINE,,l-peptide linking,构象限制,构象限制；极性／带电侧链,C6 H9 N O3,143.141,PRO,C[C@H]1C(=O)C[C@H](N1)C(=O)O,构象刚性可能↑；蛋白酶稳定性可能↑；渗透性取决于极性遮蔽；水溶性可能↑；被动渗透性可能↓,仅为结构/类别推断；不代表已证实提高环肽渗透性或口服暴露,https://www.rcsb.org/ligand/POM
PPN,PARA-NITROPHENYLALANINE,,l-peptide linking,芳香／疏水侧链,芳香／疏水侧链；极性／带电侧链,C9 H10 N2 O4,210.187,PHE,c1cc(ccc1C[C@@H](C(=O)O)N)[N+](=O)[O-],疏水表面积可能↑；膜分配可能↑；水溶性可能↓；水溶性可能↑；被动渗透性可能↓,仅为结构/类别推断；不代表已证实提高环肽渗透性或口服暴露,https://www.rcsb.org/ligand/PPN
PQ4,(2Z)-2-amino-3-(4-hydroxyphenyl)prop-2-enoic acid,,peptide linking,芳香／疏水侧链,芳香／疏水侧链；极性／带电侧链,C9 H9 N O3,179.173,,c1cc(ccc1/C=C(/C(=O)O)\N)O,疏水表面积可能↑；膜分配可能↑；水溶性可能↓；水溶性可能↑；被动渗透性可能↓,仅为结构/类别推断；不代表已证实提高环肽渗透性或口服暴露,https://www.rcsb.org/ligand/PQ4
PQG,cis-1-amino-4-phenylcyclohexane-1-carboxylic acid,,peptide linking,构象限制,构象限制；芳香／疏水侧链,C13 H17 N O2,219.28,,c1ccc(cc1)C2CCC(CC2)(C(=O)O)N,构象刚性可能↑；蛋白酶稳定性可能↑；渗透性取决于极性遮蔽；疏水表面积可能↑；膜分配可能↑,仅为结构/类别推断；不代表已证实提高环肽渗透性或口服暴露,https://www.rcsb.org/ligand/PQG
PR3,"S,S-PROPYLTHIOCYSTEINE",,l-peptide linking,其他CCD肽链核心,,C6 H13 N O S2,179.304,CYS,CCCSSC[C@@H](C=O)N,尚无可靠的定向性质判断；需在具体环肽骨架中验证,仅为结构/类别推断；不代表已证实提高环肽渗透性或口服暴露,https://www.rcsb.org/ligand/PR3
PR4,1-[(2R)-2-carboxy-2-hydroxyethyl]-L-proline,,l-peptide linking,构象限制,构象限制；极性／带电侧链,C8 H13 N O5,203.193,PRO,C1C[C@H]([N@@](C1)C[C@H](C(=O)O)O)C(=O)O,构象刚性可能↑；蛋白酶稳定性可能↑；渗透性取决于极性遮蔽；水溶性可能↑；被动渗透性可能↓,仅为结构/类别推断；不代表已证实提高环肽渗透性或口服暴露,https://www.rcsb.org/ligand/PR4
PR7,1-[(2S)-2-carboxy-2-hydroxyethyl]-L-proline,,l-peptide linking,构象限制,构象限制；极性／带电侧链,C8 H13 N O5,203.193,PRO,C1C[C@H]([N@@](C1)C[C@@H](C(=O)O)O)C(=O)O,构象刚性可能↑；蛋白酶稳定性可能↑；渗透性取决于极性遮蔽；水溶性可能↑；被动渗透性可能↓,仅为结构/类别推断；不代表已证实提高环肽渗透性或口服暴露,https://www.rcsb.org/ligand/PR7
PR9,D-PROLINAMIDE,,d-peptide linking,D-构型,D-构型；极性／带电侧链,C5 H10 N2 O,114.146,PRO,C1C[C@@H](NC1)C(=O)N,蛋白酶稳定性可能↑；局部构象可能改变；渗透性取决于骨架；水溶性可能↑；被动渗透性可能↓,仅为结构/类别推断；不代表已证实提高环肽渗透性或口服暴露,https://www.rcsb.org/ligand/PR9
PRJ,"(2S,3aS,6R,7aS)-6-hydroxyoctahydro-1H-indole-2-carboxylic acid",,l-peptide linking,极性／带电侧链,极性／带电侧链,C9 H15 N O3,185.22,PRO,C1C[C@H](C[C@H]2[C@@H]1C[C@H](N2)C(=O)O)O,水溶性可能↑；被动渗透性可能↓；可提供结合或偶联位点,仅为结构/类别推断；不代表已证实提高环肽渗透性或口服暴露,https://www.rcsb.org/ligand/PRJ
PRK,N~6~-propanoyl-L-lysine,N(6)-Propionyllysine,l-peptide linking,极性／带电侧链,极性／带电侧链,C9 H18 N2 O3,202.251,LYS,CCC(=O)NCCCC[C@@H](C(=O)O)N,水溶性可能↑；被动渗透性可能↓；可提供结合或偶联位点,仅为结构/类别推断；不代表已证实提高环肽渗透性或口服暴露,https://www.rcsb.org/ligand/PRK
PRQ,(3S)-3-amino-3-(2-nitrophenyl)propanoic acid,,l-peptide linking,芳香／疏水侧链,芳香／疏水侧链；极性／带电侧链,C9 H10 N2 O4,210.187,,c1ccc(c(c1)[C@H](CC(=O)O)N)[N+](=O)[O-],疏水表面积可能↑；膜分配可能↑；水溶性可能↓；水溶性可能↑；被动渗透性可能↓,仅为结构/类别推断；不代表已证实提高环肽渗透性或口服暴露,https://www.rcsb.org/ligand/PRQ
PRR,3-(METHYL-PYRIDINIUM)ALANINE,,l-peptide linking,芳香／疏水侧链,芳香／疏水侧链；极性／带电侧链,C9 H13 N2 O2,181.212,,C[n+]1cccc(c1)C[C@@H](C(=O)O)N,疏水表面积可能↑；膜分配可能↑；水溶性可能↓；水溶性可能↑；被动渗透性可能↓,仅为结构/类别推断；不代表已证实提高环肽渗透性或口服暴露,https://www.rcsb.org/ligand/PRR
PRS,THIOPROLINE,,l-peptide linking,构象限制,构象限制,C4 H7 N O2 S,133.169,PRO,C1[C@H](NCS1)C(=O)O,构象刚性可能↑；蛋白酶稳定性可能↑；渗透性取决于极性遮蔽,仅为结构/类别推断；不代表已证实提高环肽渗透性或口服暴露,https://www.rcsb.org/ligand/PRS
PRV,(2R)-amino(2-nitrophenyl)ethanoic acid,2-(NITRO)PHENYLGLYCINE,l-peptide linking,芳香／疏水侧链,芳香／疏水侧链；极性／带电侧链,C8 H8 N2 O4,196.16,GLY,c1ccc(c(c1)[C@H](C(=O)O)N)[N+](=O)[O-],疏水表面积可能↑；膜分配可能↑；水溶性可能↓；水溶性可能↑；被动渗透性可能↓,仅为结构/类别推断；不代表已证实提高环肽渗透性或口服暴露,https://www.rcsb.org/ligand/PRV
PSH,1-thiophosphono-L-histidine,,l-peptide linking,芳香／疏水侧链,芳香／疏水侧链；极性／带电侧链,C6 H10 N3 O4 P S,251.2,HIS,c1c(ncn1[P@@](=O)(O)S)C[C@@H](C(=O)O)N,疏水表面积可能↑；膜分配可能↑；水溶性可能↓；水溶性可能↑；被动渗透性可能↓,仅为结构/类别推断；不代表已证实提高环肽渗透性或口服暴露,https://www.rcsb.org/ligand/PSH
PSW,3-(SULFANYLSELANYL)-L-ALANINE,,l-peptide linking,其他CCD肽链核心,,C3 H7 N O2 S Se,200.118,SEC,C([C@@H](C(=O)O)N)[Se]S,尚无可靠的定向性质判断；需在具体环肽骨架中验证,仅为结构/类别推断；不代表已证实提高环肽渗透性或口服暴露,https://www.rcsb.org/ligand/PSW
PTH,CE1-METHYLENE-HYDROXY-PHOSPHOTYROSINE,,l-peptide linking,芳香／疏水侧链,芳香／疏水侧链；极性／带电侧链,C10 H14 N O7 P,291.194,TYR,c1cc(c(cc1C[C@@H](C(=O)O)N)CO)OP(=O)(O)O,疏水表面积可能↑；膜分配可能↑；水溶性可能↓；水溶性可能↑；被动渗透性可能↓,仅为结构/类别推断；不代表已证实提高环肽渗透性或口服暴露,https://www.rcsb.org/ligand/PTH
PTM,ALPHA-METHYL-O-PHOSPHOTYROSINE,,l-peptide linking,α位取代,α位取代；芳香／疏水侧链；极性／带电侧链,C10 H14 N O6 P,275.195,TYR,C[C@](Cc1ccc(cc1)OP(=O)(O)O)(C(=O)O)N,构象刚性可能↑；蛋白酶稳定性可能↑；渗透性受整体折叠影响；疏水表面积可能↑；膜分配可能↑,仅为结构/类别推断；不代表已证实提高环肽渗透性或口服暴露,https://www.rcsb.org/ligand/PTM
PTR,O-PHOSPHOTYROSINE,PHOSPHONOTYROSINE,l-peptide linking,芳香／疏水侧链,芳香／疏水侧链；极性／带电侧链,C9 H12 N O6 P,261.168,TYR,c1cc(ccc1C[C@@H](C(=O)O)N)OP(=O)(O)O,疏水表面积可能↑；膜分配可能↑；水溶性可能↓；水溶性可能↑；被动渗透性可能↓,仅为结构/类别推断；不代表已证实提高环肽渗透性或口服暴露,https://www.rcsb.org/ligand/PTR
PVH,HISTIDINE-METHYL-ESTER,,l-peptide linking,芳香／疏水侧链,芳香／疏水侧链；极性／带电侧链,C7 H12 N3 O2,170.189,HIS,COC(=O)[C@H](Cc1c[nH]c[nH+]1)N,疏水表面积可能↑；膜分配可能↑；水溶性可能↓；水溶性可能↑；被动渗透性可能↓,仅为结构/类别推断；不代表已证实提高环肽渗透性或口服暴露,https://www.rcsb.org/ligand/PVH
PVO,"2,2-bis(oxidanyl)propanoic acid",,l-peptide linking,极性／带电侧链,极性／带电侧链,C3 H6 O4,106.077,,CC(C(=O)O)(O)O,水溶性可能↑；被动渗透性可能↓；可提供结合或偶联位点,仅为结构/类别推断；不代表已证实提高环肽渗透性或口服暴露,https://www.rcsb.org/ligand/PVO
PXU,2-hydroxy-L-proline,,l-peptide linking,构象限制,构象限制；极性／带电侧链,C5 H9 N O3,131.13,PRO,C1C[C@](NC1)(C(=O)O)O,构象刚性可能↑；蛋白酶稳定性可能↑；渗透性取决于极性遮蔽；水溶性可能↑；被动渗透性可能↓,仅为结构/类别推断；不代表已证实提高环肽渗透性或口服暴露,https://www.rcsb.org/ligand/PXU
PYA,"3-(1,10-PHENANTHROL-2-YL)-L-ALANINE",,l-peptide linking,芳香／疏水侧链,芳香／疏水侧链；极性／带电侧链,C15 H13 N3 O2,267.283,ALA,c1cc2ccc3ccc(nc3c2nc1)C[C@@H](C(=O)O)N,疏水表面积可能↑；膜分配可能↑；水溶性可能↓；水溶性可能↑；被动渗透性可能↓,仅为结构/类别推断；不代表已证实提高环肽渗透性或口服暴露,https://www.rcsb.org/ligand/PYA
PYX,S-[S-THIOPYRIDOXAMINYL]CYSTEINE,,l-peptide linking,芳香／疏水侧链,芳香／疏水侧链；极性／带电侧链,C11 H17 N3 O3 S2,303.401,CYS,Cc1c(c(c(cn1)CSSC[C@@H](C(=O)O)N)CN)O,疏水表面积可能↑；膜分配可能↑；水溶性可能↓；水溶性可能↑；被动渗透性可能↓,仅为结构/类别推断；不代表已证实提高环肽渗透性或口服暴露,https://www.rcsb.org/ligand/PYX
Q2E,(2~{S})-2-azanyl-3-(2-methylsulfanyl-1~{H}-indol-3-yl)propanal,,l-peptide linking,芳香／疏水侧链,芳香／疏水侧链；极性／带电侧链,C12 H14 N2 O2 S,250.317,TRP,CSc1c(c2ccccc2[nH]1)C[C@@H](C(=O)O)N,疏水表面积可能↑；膜分配可能↑；水溶性可能↓；水溶性可能↑；被动渗透性可能↓,仅为结构/类别推断；不代表已证实提高环肽渗透性或口服暴露,https://www.rcsb.org/ligand/Q2E
Q2K,"2-[2-(3-methylsulfanylpropanimidoyl)-4,5-bis(oxidanylidene)imidazol-1-yl]ethanoic acid",CHROMOPHORE (MET-TYR-GLY),l-peptide linking,极性／带电侧链,极性／带电侧链,C9 H11 N3 O4 S,257.266,GLY / MET / TYR,[H]/N=C(/CCSC)\C1=NC(=O)C(=O)N1CC(=O)O,水溶性可能↑；被动渗透性可能↓；可提供结合或偶联位点,仅为结构/类别推断；不代表已证实提高环肽渗透性或口服暴露,https://www.rcsb.org/ligand/Q2K
Q3P,N~6~-glycyl-L-lysine,,l-peptide linking,极性／带电侧链,极性／带电侧链,C8 H17 N3 O3,203.239,LYS,C(CCNC(=O)CN)C[C@@H](C(=O)O)N,水溶性可能↑；被动渗透性可能↓；可提供结合或偶联位点,仅为结构/类别推断；不代表已证实提高环肽渗透性或口服暴露,https://www.rcsb.org/ligand/Q3P
Q3S,"(2R,3S)-2,3-diaminobutanoic acid",,l-peptide linking,极性／带电侧链,极性／带电侧链,C4 H10 N2 O2,118.134,,C[C@@H]([C@H](C(=O)O)N)N,水溶性可能↑；被动渗透性可能↓；可提供结合或偶联位点,仅为结构/类别推断；不代表已证实提高环肽渗透性或口服暴露,https://www.rcsb.org/ligand/Q3S
Q75,Thiazole-histidine,"(2S)-2-azanyl-3-(1,3-thiazol-5-yl)propanoic acid; (S)-2-Amino-3-(thiazol-5-yl)propanoic acid; (2S)-2-amino-3-(1,3-thiazol-5-yl)propanoic acid; 3-(1,3-Thiazol-5-yl)-L-alanine",l-peptide linking,芳香／疏水侧链,芳香／疏水侧链；极性／带电侧链,C6 H8 N2 O2 S,172.205,HIS,c1c(scn1)C[C@@H](C(=O)O)N,疏水表面积可能↑；膜分配可能↑；水溶性可能↓；水溶性可能↑；被动渗透性可能↓,仅为结构/类别推断；不代表已证实提高环肽渗透性或口服暴露,https://www.rcsb.org/ligand/Q75
Q78,L-3-Thienylalanine,(2S)-2-azanyl-3-thiophen-3-yl-propanoic acid; 3-(3-Thienyl)-l-alanine,l-peptide linking,芳香／疏水侧链,芳香／疏水侧链,C7 H9 N O2 S,171.217,,c1cscc1C[C@@H](C(=O)O)N,疏水表面积可能↑；膜分配可能↑；水溶性可能↓,仅为结构/类别推断；不代表已证实提高环肽渗透性或口服暴露,https://www.rcsb.org/ligand/Q78
Q8X,(2~{R})-2-azanyl-3-[(6-pyridin-2-ylpyridin-3-yl)methylsulfanyl]propanal,,l-peptide linking,芳香／疏水侧链,芳香／疏水侧链；极性／带电侧链,C14 H15 N3 O2 S,289.353,CYS,c1ccnc(c1)c2ccc(cn2)CSC[C@@H](C(=O)O)N,疏水表面积可能↑；膜分配可能↑；水溶性可能↓；水溶性可能↑；被动渗透性可能↓,仅为结构/类别推断；不代表已证实提高环肽渗透性或口服暴露,https://www.rcsb.org/ligand/Q8X
QAC,N-[4-(hydroxymethyl)benzoyl]-beta-alanine,,l-peptide linking,芳香／疏水侧链,芳香／疏水侧链；极性／带电侧链,C11 H13 N O4,223.225,,c1cc(ccc1CO)C(=O)NCCC(=O)O,疏水表面积可能↑；膜分配可能↑；水溶性可能↓；水溶性可能↑；被动渗透性可能↓,仅为结构/类别推断；不代表已证实提高环肽渗透性或口服暴露,https://www.rcsb.org/ligand/QAC
QC4,"{(4Z)-2-[(1R,2R)-1-amino-2-hydroxypropyl]-5-oxo-4-[(2,3,5-trifluoro-4-hydroxyphenyl)methylidene]-4,5-dihydro-1H-imidazol-1-yl}acetic acid",PEPTIDE DERIVED CHROMOPHORE,l-peptide linking,卤代／电子调节,卤代／电子调节；芳香／疏水侧链；极性／带电侧链,C15 H14 F3 N3 O5,373.284,GLY / THR / TYR,C[C@H]([C@@H](C1=N/C(=C\c2cc(c(c(c2F)F)O)F)/C(=O)N1CC(=O)O)N)O,疏水性可能↑；代谢稳定性可能↑；水溶性可能↓；疏水表面积可能↑；膜分配可能↑,仅为结构/类别推断；不代表已证实提高环肽渗透性或口服暴露,https://www.rcsb.org/ligand/QC4
QCA,"{(4Z)-2-[(1R,2R)-1-amino-2-hydroxypropyl]-4-[(4-hydroxy-3-nitrophenyl)methylidene]-5-oxo-4,5-dihydro-1H-imidazol-1-yl}acetic acid",PEPTIDE DERIVED CHROMOPHORE,l-peptide linking,芳香／疏水侧链,芳香／疏水侧链；极性／带电侧链,C15 H16 N4 O7,364.31,GLY / THR / TYR,C[C@H]([C@@H](C1=N/C(=C\c2ccc(c(c2)N(=O)=O)O)/C(=O)N1CC(=O)O)N)O,疏水表面积可能↑；膜分配可能↑；水溶性可能↓；水溶性可能↑；被动渗透性可能↓,仅为结构/类别推断；不代表已证实提高环肽渗透性或口服暴露,https://www.rcsb.org/ligand/QCA
QCD,"{(4Z)-2-[(1R,2R)-1-amino-2-hydroxypropyl]-4-[(4-hydroxy-3-methoxyphenyl)methylidene]-5-oxo-4,5-dihydro-1H-imidazol-1-yl }acetic acid",PEPTIDE DERIVED CHROMOPHORE,l-peptide linking,芳香／疏水侧链,芳香／疏水侧链；极性／带电侧链,C16 H19 N3 O6,349.339,GLY / THR / TYR,C[C@H]([C@@H](C1=N/C(=C\c2ccc(c(c2)OC)O)/C(=O)N1CC(=O)O)N)O,疏水表面积可能↑；膜分配可能↑；水溶性可能↓；水溶性可能↑；被动渗透性可能↓,仅为结构/类别推断；不代表已证实提高环肽渗透性或口服暴露,https://www.rcsb.org/ligand/QCD
QCI,L-2-Aminoglutarimide,"(3S)-3-azanylpiperidine-2,6-dione; (S)-2-Aminoglutarimide",l-peptide linking,构象限制,构象限制；极性／带电侧链,C5 H8 N2 O2,128.129,GLN,C1CC(=O)NC(=O)[C@H]1N,构象刚性可能↑；蛋白酶稳定性可能↑；渗透性取决于极性遮蔽；水溶性可能↑；被动渗透性可能↓,仅为结构/类别推断；不代表已证实提高环肽渗透性或口服暴露,https://www.rcsb.org/ligand/QCI
QCS,S-carbamoyl-L-cysteine,,l-peptide linking,极性／带电侧链,极性／带电侧链,C4 H8 N2 O3 S,164.183,CYS,C([C@@H](C(=O)O)N)SC(=O)N,水溶性可能↑；被动渗透性可能↓；可提供结合或偶联位点,仅为结构/类别推断；不代表已证实提高环肽渗透性或口服暴露,https://www.rcsb.org/ligand/QCS
QDD,2-(8-azanyl-2-methanoyl-quinolin-4-yl)ethanoic acid,,l-peptide linking,芳香／疏水侧链,芳香／疏水侧链；极性／带电侧链,C12 H10 N2 O4,246.219,,c1cc2c(cc(nc2c(c1)N)C(=O)O)CC(=O)O,疏水表面积可能↑；膜分配可能↑；水溶性可能↓；水溶性可能↑；被动渗透性可能↓,仅为结构/类别推断；不代表已证实提高环肽渗透性或口服暴露,https://www.rcsb.org/ligand/QDD
QDS,N-(quinoxalin-2-ylcarbonyl)-D-serine,,d-peptide linking,D-构型,D-构型；芳香／疏水侧链；极性／带电侧链,C12 H11 N3 O4,261.233,DSN,c1ccc2c(c1)ncc(n2)C(=O)N[C@H](CO)C(=O)O,蛋白酶稳定性可能↑；局部构象可能改变；渗透性取决于骨架；疏水表面积可能↑；膜分配可能↑,仅为结构/类别推断；不代表已证实提高环肽渗透性或口服暴露,https://www.rcsb.org/ligand/QDS
QFG,"{(4E)-2-[(1E)-4-amino-4-oxobutanimidoyl]-4-benzylidene-5-oxo-4,5-dihydro-1H-imidazol-1-yl}acetic acid",CHROMOPHORE (GLN-PHE-GLY),l-peptide linking,芳香／疏水侧链,芳香／疏水侧链；极性／带电侧链,C16 H16 N4 O4,328.323,GLN / GLY / PHE,[H]/N=C(\CCC(=O)N)/C1=N/C(=C/c2ccccc2)/C(=O)N1CC(=O)O,疏水表面积可能↑；膜分配可能↑；水溶性可能↓；水溶性可能↑；被动渗透性可能↓,仅为结构/类别推断；不代表已证实提高环肽渗透性或口服暴露,https://www.rcsb.org/ligand/QFG
QIL,N-formyl-L-isoleucine,,l-peptide linking,极性／带电侧链,极性／带电侧链,C7 H13 N O3,159.183,ILE,CC[C@H](C)[C@@H](C(=O)O)NC=O,水溶性可能↑；被动渗透性可能↓；可提供结合或偶联位点,仅为结构/类别推断；不代表已证实提高环肽渗透性或口服暴露,https://www.rcsb.org/ligand/QIL
QIP,2-[(2~{S})-2-(3-methylsulfanylpropanimidoyl)-2-oxidanyl-4-oxidanylidene-imidazolidin-1-yl]-2-oxidanylidene-ethanamide,CHROMOPHORE (MET-TYR-GLY),l-peptide linking,极性／带电侧链,极性／带电侧链,C9 H14 N4 O4 S,274.297,GLY / MET / TYR,[H]/N=C(/CCSC)\[C@@]1(NC(=O)CN1C(=O)C(=O)N)O,水溶性可能↑；被动渗透性可能↓；可提供结合或偶联位点,仅为结构/类别推断；不代表已证实提高环肽渗透性或口服暴露,https://www.rcsb.org/ligand/QIP
QLG,"[(4Z)-2-[(1Z)-4-AMINO-4-OXOBUTANIMIDOYL]-4-(2-METHYLPROPYLIDENE)-5-OXO-4,5-DIHYDRO-1H-IMIDAZOL-1-YL]ACETIC ACID",CHROMOPHORE (GLN-LEU-GLY),l-peptide linking,极性／带电侧链,极性／带电侧链,C13 H18 N4 O4,294.306,GLN / GLY / LEU,[H]/N=C(/CCC(=O)N)\C1=NC(=CC(C)C)C(=O)N1CC(=O)O,水溶性可能↑；被动渗透性可能↓；可提供结合或偶联位点,仅为结构/类别推断；不代表已证实提高环肽渗透性或口服暴露,https://www.rcsb.org/ligand/QLG
QM8,6-Sulfanyl-L-norleucine,(2S)-2-azanyl-6-sulfanyl-hexanoic acid; 6-mercaptonorleucine,l-peptide linking,其他CCD肽链核心,,C6 H13 N O2 S,163.238,ALA,C(CCS)C[C@@H](C(=O)O)N,尚无可靠的定向性质判断；需在具体环肽骨架中验证,仅为结构/类别推断；不代表已证实提高环肽渗透性或口服暴露,https://www.rcsb.org/ligand/QM8
QMB,5-Mercapto-norvaline,(2S)-2-azanyl-5-sulfanyl-pentanoic acid,l-peptide linking,其他CCD肽链核心,,C5 H11 N O2 S,149.211,ALA,C(C[C@@H](C(=O)O)N)CS,尚无可靠的定向性质判断；需在具体环肽骨架中验证,仅为结构/类别推断；不代表已证实提高环肽渗透性或口服暴露,https://www.rcsb.org/ligand/QMB
QMM,"N,N-dimethyl-L-glutamine",,l-peptide linking,极性／带电侧链,极性／带电侧链,C7 H14 N2 O3,174.198,GLN,CN(C)C(=O)CC[C@@H](C(=O)O)N,水溶性可能↑；被动渗透性可能↓；可提供结合或偶联位点,仅为结构/类别推断；不代表已证实提高环肽渗透性或口服暴露,https://www.rcsb.org/ligand/QMM
QNQ,4-methylcatechol cysteine,,l-peptide linking,芳香／疏水侧链,芳香／疏水侧链；极性／带电侧链,C10 H13 N O4 S,243.28,CYS,Cc1ccc(c(c1SC[C@@H](C(=O)O)N)O)O,疏水表面积可能↑；膜分配可能↑；水溶性可能↓；水溶性可能↑；被动渗透性可能↓,仅为结构/类别推断；不代表已证实提高环肽渗透性或口服暴露,https://www.rcsb.org/ligand/QNQ
QNT,"3,6-dimethylcatechol cysteine",,l-peptide linking,芳香／疏水侧链,芳香／疏水侧链；极性／带电侧链,C11 H15 N O4 S,257.306,CYS,Cc1cc(c(c(c1O)O)C)SC[C@@H](C(=O)O)N,疏水表面积可能↑；膜分配可能↑；水溶性可能↓；水溶性可能↑；被动渗透性可能↓,仅为结构/类别推断；不代表已证实提高环肽渗透性或口服暴露,https://www.rcsb.org/ligand/QNT
QNW,3-methylcatechol cysteine,,l-peptide linking,芳香／疏水侧链,芳香／疏水侧链；极性／带电侧链,C10 H13 N O4 S,243.28,CYS,Cc1ccc(c(c1O)O)SC[C@@H](C(=O)O)N,疏水表面积可能↑；膜分配可能↑；水溶性可能↓；水溶性可能↑；被动渗透性可能↓,仅为结构/类别推断；不代表已证实提高环肽渗透性或口服暴露,https://www.rcsb.org/ligand/QNW
QNY,"O-[(3S)-3-amino-3-carboxy-1,1-dihydroxypropyl]-L-threonine",,l-peptide linking,极性／带电侧链,极性／带电侧链,C8 H16 N2 O7,252.222,Thr,C[C@H]([C@@H](C(=O)O)N)OC(C[C@@H](C(=O)O)N)(O)O,水溶性可能↑；被动渗透性可能↓；可提供结合或偶联位点,仅为结构/类别推断；不代表已证实提高环肽渗透性或口服暴露,https://www.rcsb.org/ligand/QNY
QO2,"4,5-dimethylcatechol cysteine",,l-peptide linking,芳香／疏水侧链,芳香／疏水侧链；极性／带电侧链,C11 H15 N O4 S,257.306,CYS,Cc1cc(c(c(c1C)SC[C@@H](C(=O)O)N)O)O,疏水表面积可能↑；膜分配可能↑；水溶性可能↓；水溶性可能↑；被动渗透性可能↓,仅为结构/类别推断；不代表已证实提高环肽渗透性或口服暴露,https://www.rcsb.org/ligand/QO2
QO5,"3,5-dimethylcatechol cysteine",,l-peptide linking,芳香／疏水侧链,芳香／疏水侧链；极性／带电侧链,C11 H15 N O4 S,257.306,CYS,Cc1cc(c(c(c1O)O)SC[C@@H](C(=O)O)N)C,疏水表面积可能↑；膜分配可能↑；水溶性可能↓；水溶性可能↑；被动渗透性可能↓,仅为结构/类别推断；不代表已证实提高环肽渗透性或口服暴露,https://www.rcsb.org/ligand/QO5
QO8,"3,4-dimethylcatechol cysteine",,l-peptide linking,芳香／疏水侧链,芳香／疏水侧链；极性／带电侧链,C11 H17 N O4 S,259.322,CYS,Cc1cc(c(c(c1C)O)O)SC[C@@H](C(O)O)N,疏水表面积可能↑；膜分配可能↑；水溶性可能↓；水溶性可能↑；被动渗透性可能↓,仅为结构/类别推断；不代表已证实提高环肽渗透性或口服暴露,https://www.rcsb.org/ligand/QO8
QOL,8-azanyl-4-[2-(hydroxymethyl)-3-oxidanyl-propoxy]quinoline-2-carbaldehyde,,l-peptide linking,芳香／疏水侧链,芳香／疏水侧链；极性／带电侧链,C14 H16 N2 O5,292.287,,c1cc2c(cc(nc2c(c1)N)C(=O)O)OCC(CO)CO,疏水表面积可能↑；膜分配可能↑；水溶性可能↓；水溶性可能↑；被动渗透性可能↓,仅为结构/类别推断；不代表已证实提高环肽渗透性或口服暴露,https://www.rcsb.org/ligand/QOL
QPA,S-[(1S)-1-carboxy-1-(phosphonooxy)ethyl]-L-cysteine,,l-peptide linking,极性／带电侧链,极性／带电侧链,C6 H12 N O8 P S,289.2,CYS,C[C@](C(=O)O)(OP(=O)(O)O)SC[C@@H](C(=O)O)N,水溶性可能↑；被动渗透性可能↓；可提供结合或偶联位点,仅为结构/类别推断；不代表已证实提高环肽渗透性或口服暴露,https://www.rcsb.org/ligand/QPA
QPH,N-formyl-L-phenylalanine,,l-peptide linking,芳香／疏水侧链,芳香／疏水侧链；极性／带电侧链,C10 H11 N O3,193.199,PHE,c1ccc(cc1)C[C@@H](C(=O)O)NC=O,疏水表面积可能↑；膜分配可能↑；水溶性可能↓；水溶性可能↑；被动渗透性可能↓,仅为结构/类别推断；不代表已证实提高环肽渗透性或口服暴露,https://www.rcsb.org/ligand/QPH
QQ8,(4~{S})-4-azanyl-5-formamido-pentanamide,,l-peptide linking,极性／带电侧链,极性／带电侧链,C6 H13 N3 O3,175.186,GLN,C(CC(=O)N)[C@@H](CNC(=O)O)N,水溶性可能↑；被动渗透性可能↓；可提供结合或偶联位点,仅为结构/类别推断；不代表已证实提高环肽渗透性或口服暴露,https://www.rcsb.org/ligand/QQ8
QQB,~{N}-[(2~{S})-2-azanyl-3-naphthalen-1-yl-propyl]methanamide,,l-peptide linking,芳香／疏水侧链,芳香／疏水侧链；极性／带电侧链,C14 H16 N2 O2,244.289,,c1ccc2c(c1)cccc2C[C@@H](CNC(=O)O)N,疏水表面积可能↑；膜分配可能↑；水溶性可能↓；水溶性可能↑；被动渗透性可能↓,仅为结构/类别推断；不代表已证实提高环肽渗透性或口服暴露,https://www.rcsb.org/ligand/QQB
QUJ,8-azanyl-4-(2-methylpropoxy)quinoline-2-carboxylic acid,,l-peptide linking,芳香／疏水侧链,芳香／疏水侧链；极性／带电侧链,C14 H16 N2 O3,260.288,,CC(C)COc1cc(nc2c1cccc2N)C(=O)O,疏水表面积可能↑；膜分配可能↑；水溶性可能↓；水溶性可能↑；被动渗透性可能↓,仅为结构/类别推断；不代表已证实提高环肽渗透性或口服暴露,https://www.rcsb.org/ligand/QUJ
QUK,8-azanyl-4-(3-azanylpropoxy)quinoline-2-carboxylic acid,,l-peptide linking,芳香／疏水侧链,芳香／疏水侧链；极性／带电侧链,C13 H15 N3 O3,261.276,,c1cc2c(cc(nc2c(c1)N)C(=O)O)OCCCN,疏水表面积可能↑；膜分配可能↑；水溶性可能↓；水溶性可能↑；被动渗透性可能↓,仅为结构/类别推断；不代表已证实提高环肽渗透性或口服暴露,https://www.rcsb.org/ligand/QUK
QVA,"(2S,3R)-2-{[(2R)-2-amino-2-carboxyethyl]sulfanyl}-3-hydroxybutanedioic acid",,l-peptide linking,极性／带电侧链,极性／带电侧链,C7 H11 N O7 S,253.23,CYS,C([C@@H](C(=O)O)N)S[C@@H]([C@@H](C(=O)O)O)C(=O)O,水溶性可能↑；被动渗透性可能↓；可提供结合或偶联位点,仅为结构/类别推断；不代表已证实提高环肽渗透性或口服暴露,https://www.rcsb.org/ligand/QVA
QVE,8-azanyl-4-(2-hydroxy-2-oxoethyloxy)quinoline-2-carboxylic acid,,l-peptide linking,芳香／疏水侧链,芳香／疏水侧链；极性／带电侧链,C12 H10 N2 O5,262.218,,c1cc2c(cc(nc2c(c1)N)C(=O)O)OCC(=O)O,疏水表面积可能↑；膜分配可能↑；水溶性可能↓；水溶性可能↑；被动渗透性可能↓,仅为结构/类别推断；不代表已证实提高环肽渗透性或口服暴露,https://www.rcsb.org/ligand/QVE
QVS,8-azanyl-4-oxidanyl-quinoline-2-carboxylic acid,,l-peptide linking,芳香／疏水侧链,芳香／疏水侧链；极性／带电侧链,C10 H8 N2 O3,204.182,,c1cc2c(cc(nc2c(c1)N)C(=O)O)O,疏水表面积可能↑；膜分配可能↑；水溶性可能↓；水溶性可能↑；被动渗透性可能↓,仅为结构/类别推断；不代表已证实提高环肽渗透性或口服暴露,https://www.rcsb.org/ligand/QVS
QX7,N-acetyl-3-{[5-(fluorosulfonyl)-2-methylbenzene-1-carbonyl]amino}-L-alanine,,l-peptide linking,卤代／电子调节,卤代／电子调节；芳香／疏水侧链；极性／带电侧链,C13 H15 F N2 O6 S,346.331,ALA,Cc1ccc(cc1C(=O)NC[C@@H](C(=O)O)NC(=O)C)S(=O)(=O)F,疏水性可能↑；代谢稳定性可能↑；水溶性可能↓；疏水表面积可能↑；膜分配可能↑,仅为结构/类别推断；不代表已证实提高环肽渗透性或口服暴露,https://www.rcsb.org/ligand/QX7
QXV,D-methioninamide,,d-peptide linking,D-构型,D-构型；极性／带电侧链,C5 H12 N2 O S,148.227,,CSCC[C@H](C(=O)N)N,蛋白酶稳定性可能↑；局部构象可能改变；渗透性取决于骨架；水溶性可能↑；被动渗透性可能↓,仅为结构/类别推断；不代表已证实提高环肽渗透性或口服暴露,https://www.rcsb.org/ligand/QXV
QYG,"{(4E)-2-[(1S)-1,4-diamino-4-oxobutyl]-4-[(4-hydroxyphenyl)methylidene]-5-oxo-4,5-dihydro-1H-imidazol-1-yl}acetic acid",,l-peptide linking,芳香／疏水侧链,芳香／疏水侧链；极性／带电侧链,C16 H18 N4 O5,346.338,GLN / GLY / TYR,c1cc(ccc1/C=C/2\C(=O)N(C(=N2)[C@H](CCC(=O)N)N)CC(=O)O)O,疏水表面积可能↑；膜分配可能↑；水溶性可能↓；水溶性可能↑；被动渗透性可能↓,仅为结构/类别推断；不代表已证实提高环肽渗透性或口服暴露,https://www.rcsb.org/ligand/QYG
QYX,2-[4-[(4-hydroxyphenyl)methyl]-2-(3-methylsulfanylpropanimidoyl)-5-oxidanylidene-imidazol-1-ium-1-yl]ethanoic acid,CHROMOPHORE (MET-TYR-GLY),l-peptide linking,芳香／疏水侧链,芳香／疏水侧链；极性／带电侧链,C16 H18 N3 O4 S,348.397,GLY / MET / TYR,[H]/N=C(/CCSC)\C1=[N+](C(=O)C(=N1)Cc2ccc(cc2)O)CC(=O)O,疏水表面积可能↑；膜分配可能↑；水溶性可能↓；水溶性可能↑；被动渗透性可能↓,仅为结构/类别推断；不代表已证实提高环肽渗透性或口服暴露,https://www.rcsb.org/ligand/QYX
R0E,ProM-17,"2-[(3~{a}~{R},6~{R},8~{a}~{S})-6-(2-methylpropyl)-8-oxidanylidene-1,2,3,3~{a},6,8~{a}-hexahydropyrrolo[2,3-c]azepin-7-yl]ethanoic acid",l-peptide linking,极性／带电侧链,极性／带电侧链,C14 H22 N2 O3,266.336,,CC(C)C[C@@H]1C=C[C@H]2CCN[C@@H]2C(=O)N1CC(=O)O,水溶性可能↑；被动渗透性可能↓；可提供结合或偶联位点,仅为结构/类别推断；不代表已证实提高环肽渗透性或口服暴露,https://www.rcsb.org/ligand/R0E
R0K,(2~{S})-2-[[(4~{S})-4-azanyl-5-oxidanyl-5-oxidanylidene-pentanoyl]amino]hexanedioic acid,,l-peptide linking,极性／带电侧链,极性／带电侧链,C11 H18 N2 O7,290.27,GLU,C(C[C@@H](C(=O)O)NC(=O)CC[C@@H](C(=O)O)N)CC(=O)O,水溶性可能↑；被动渗透性可能↓；可提供结合或偶联位点,仅为结构/类别推断；不代表已证实提高环肽渗透性或口服暴露,https://www.rcsb.org/ligand/R0K
R1A,"3-{[(2,2,5,5-TETRAMETHYL-1-OXO-2,5-DIHYDRO-1H-PYRROLIUM-3-YL)METHYL]DISULFANYL}-D-ALANINE","S-(THIOMETHYL-3-[2,2,5,5-TETRAMETHYL PYRROLINE-1-OXYL]) CYSTEINE",l-peptide linking,极性／带电侧链,极性／带电侧链,C12 H21 N2 O3 S2,305.437,CYS,CC1(C=C(C([N+]1=O)(C)C)CSSC[C@@H](C(=O)O)N)C,水溶性可能↑；被动渗透性可能↓；可提供结合或偶联位点,仅为结构/类别推断；不代表已证实提高环肽渗透性或口服暴露,https://www.rcsb.org/ligand/R1A
R2P,"(2R)-2-amino-3-(4-hydroxy-1,2,5-thiadiazol-3-yl)propanoic acid",,d-peptide linking,D-构型,D-构型；芳香／疏水侧链；极性／带电侧链,C5 H7 N3 O3 S,189.192,,C(c1c(nsn1)O)[C@H](C(=O)O)N,蛋白酶稳定性可能↑；局部构象可能改变；渗透性取决于骨架；疏水表面积可能↑；膜分配可能↑,仅为结构/类别推断；不代表已证实提高环肽渗透性或口服暴露,https://www.rcsb.org/ligand/R2P
R2T,"beta,gamma-dihydroxyglutamine",,l-peptide linking,极性／带电侧链,极性／带电侧链,C5 H10 N2 O5,178.143,,[C@@H]([C@@H](C(=O)O)N)([C@@H](C(=O)N)O)O,水溶性可能↑；被动渗透性可能↓；可提供结合或偶联位点,仅为结构/类别推断；不代表已证实提高环肽渗透性或口服暴露,https://www.rcsb.org/ligand/R2T
R4K,"(2S,3R)-2-azanyl-3-hydroxy-3-[(3S)-3-hydroxy-2-oxo-1H-indol-3-yl]propanoic acid",,l-peptide linking,芳香／疏水侧链,芳香／疏水侧链；极性／带电侧链,C11 H12 N2 O5,252.223,TRP,c1ccc2c(c1)[C@@](C(=O)N2)([C@@H]([C@@H](C(=O)O)N)O)O,疏水表面积可能↑；膜分配可能↑；水溶性可能↓；水溶性可能↑；被动渗透性可能↓,仅为结构/类别推断；不代表已证实提高环肽渗透性或口服暴露,https://www.rcsb.org/ligand/R4K
R6E,(2~{R})-2-azanyl-2-ethyl-octanoic acid,,d-peptide linking,D-构型,D-构型,C10 H21 N O2,187.279,,CCCCCC[C@](CC)(C(=O)O)N,蛋白酶稳定性可能↑；局部构象可能改变；渗透性取决于骨架,仅为结构/类别推断；不代表已证实提高环肽渗透性或口服暴露,https://www.rcsb.org/ligand/R6E
RE0,"3-[(3R)-3-hydroxy-2-oxo-2,3-dihydro-1H-indol-3-yl]-L-alanine",,l-peptide linking,芳香／疏水侧链,芳香／疏水侧链；极性／带电侧链,C11 H12 N2 O4,236.224,TRP,c1ccc2c(c1)[C@@](C(=O)N2)(C[C@@H](C(=O)O)N)O,疏水表面积可能↑；膜分配可能↑；水溶性可能↓；水溶性可能↑；被动渗透性可能↓,仅为结构/类别推断；不代表已证实提高环肽渗透性或口服暴露,https://www.rcsb.org/ligand/RE0
RE3,"3-[(3S)-3-hydroxy-2-oxo-2,3-dihydro-1H-indol-3-yl]-L-alanine",,l-peptide linking,芳香／疏水侧链,芳香／疏水侧链；极性／带电侧链,C11 H12 N2 O4,236.224,TRP,c1ccc2c(c1)[C@](C(=O)N2)(C[C@@H](C(=O)O)N)O,疏水表面积可能↑；膜分配可能↑；水溶性可能↓；水溶性可能↑；被动渗透性可能↓,仅为结构/类别推断；不代表已证实提高环肽渗透性或口服暴露,https://www.rcsb.org/ligand/RE3
RF9,N~6~-[(1R)-1-carboxyethyl]-L-lysine,,l-peptide linking,极性／带电侧链,极性／带电侧链,C9 H18 N2 O4,218.25,,C[C@H](C(=O)O)NCCCC[C@@H](C(=O)O)N,水溶性可能↑；被动渗透性可能↓；可提供结合或偶联位点,仅为结构/类别推断；不代表已证实提高环肽渗透性或口服暴露,https://www.rcsb.org/ligand/RF9
RGL,ARGINAL,,l-peptide linking,极性／带电侧链,极性／带电侧链,C6 H15 N4 O,159.209,ARG,C(C[C@@H](C=O)N)CNC(=[NH2+])N,水溶性可能↑；被动渗透性可能↓；可提供结合或偶联位点,仅为结构/类别推断；不代表已证实提高环肽渗透性或口服暴露,https://www.rcsb.org/ligand/RGL
RGP,GAMMA-GLUTAMYL PHOSPHATE,5-OXO-5-(PHOSPHONOOXY)-D-NORVALINE,l-peptide linking,极性／带电侧链,极性／带电侧链,C5 H10 N O7 P,227.109,GLU,C(CC(=O)OP(=O)(O)O)[C@H](C(=O)O)N,水溶性可能↑；被动渗透性可能↓；可提供结合或偶联位点,仅为结构/类别推断；不代表已证实提高环肽渗透性或口服暴露,https://www.rcsb.org/ligand/RGP
RPI,phospho-arginine,,l-peptide linking,极性／带电侧链,极性／带电侧链,C6 H15 N4 O5 P,254.181,ARG,[H]/N=C(/NCCC[C@@H](C(=O)O)N)\NP(=O)(O)O,水溶性可能↑；被动渗透性可能↓；可提供结合或偶联位点,仅为结构/类别推断；不代表已证实提高环肽渗透性或口服暴露,https://www.rcsb.org/ligand/RPI
RT0,"(2S,4S)-4-[4-(4-fluorophenyl)-1,2,3-triazol-1-yl]pyrrolidine-2-carboxylic acid",,l-peptide linking,卤代／电子调节,卤代／电子调节；芳香／疏水侧链；极性／带电侧链,C13 H13 F N4 O2,276.266,PRO,c1cc(ccc1c2cn(nn2)[C@H]3C[C@H](NC3)C(=O)O)F,疏水性可能↑；代谢稳定性可能↑；水溶性可能↓；疏水表面积可能↑；膜分配可能↑,仅为结构/类别推断；不代表已证实提高环肽渗透性或口服暴露,https://www.rcsb.org/ligand/RT0
RVJ,3-triazan-1-yl-L-alanine,,l-peptide linking,极性／带电侧链,极性／带电侧链,C3 H10 N4 O2,134.137,ALA,C([C@@H](C(=O)O)N)NNN,水溶性可能↑；被动渗透性可能↓；可提供结合或偶联位点,仅为结构/类别推断；不代表已证实提高环肽渗透性或口服暴露,https://www.rcsb.org/ligand/RVJ
RVX,O-[methyl(2-methylpropoxy)phosphoryl]-L-serine,,l-peptide linking,极性／带电侧链,极性／带电侧链,C8 H18 N O5 P,239.206,SER,CC(C)CO[P@](=O)(C)OC[C@@H](C(=O)O)N,水溶性可能↑；被动渗透性可能↓；可提供结合或偶联位点,仅为结构/类别推断；不代表已证实提高环肽渗透性或口服暴露,https://www.rcsb.org/ligand/RVX
RX9,Dehydroisoleucine,(E)-2-azanyl-3-methyl-pent-2-enoic acid,l-peptide linking,其他CCD肽链核心,,C6 H11 N O2,129.157,ILE,CC/C(=C(\C(=O)O)/N)/C,尚无可靠的定向性质判断；需在具体环肽骨架中验证,仅为结构/类别推断；不代表已证实提高环肽渗透性或口服暴露,https://www.rcsb.org/ligand/RX9
RXL,Dehydrovaline,2-azanyl-3-methyl-but-2-enoic acid,l-peptide linking,其他CCD肽链核心,,C5 H9 N O2,115.13,VAL,CC(=C(C(=O)O)N)C,尚无可靠的定向性质判断；需在具体环肽骨架中验证,仅为结构/类别推断；不代表已证实提高环肽渗透性或口服暴露,https://www.rcsb.org/ligand/RXL
RZ4,O-tert-butyl-L-serine,,l-peptide linking,极性／带电侧链,极性／带电侧链,C7 H15 N O3,161.199,SER,CC(C)(C)OC[C@@H](C(=O)O)N,水溶性可能↑；被动渗透性可能↓；可提供结合或偶联位点,仅为结构/类别推断；不代表已证实提高环肽渗透性或口服暴露,https://www.rcsb.org/ligand/RZ4
S0R,(2S)-2-benzamido-4-methyl-pentanoic acid,,l-peptide linking,芳香／疏水侧链,芳香／疏水侧链；极性／带电侧链,C13 H17 N O3,235.279,LEU,CC(C)C[C@@H](C(=O)O)NC(=O)c1ccccc1,疏水表面积可能↑；膜分配可能↑；水溶性可能↓；水溶性可能↑；被动渗透性可能↓,仅为结构/类别推断；不代表已证实提高环肽渗透性或口服暴露,https://www.rcsb.org/ligand/S0R
S12,O-[(S)-hydroxy{[(2S)-2-hydroxy-3-(octadec-9-enoyloxy)propyl]oxy}phosphoryl]-L-serine,1-oleoyl-2-hydroxy-sn-glycero-3-phospho-L-serine,l-peptide linking,极性／带电侧链,极性／带电侧链,C24 H46 N O9 P,523.597,SER,CCCCCCCCC=CCCCCCCCC(=O)OC[C@@H](CO[P@@](=O)(O)OC[C@@H](C(=O)O)N)O,水溶性可能↑；被动渗透性可能↓；可提供结合或偶联位点,仅为结构/类别推断；不代表已证实提高环肽渗透性或口服暴露,https://www.rcsb.org/ligand/S12
S1H,1-HEXADECANOSULFONYL-O-L-SERINE,,l-peptide linking,极性／带电侧链,极性／带电侧链,C19 H39 N O5 S,393.582,SER,CCCCCCCCCCCCCCCCS(=O)(=O)OC[C@@H](C(=O)O)N,水溶性可能↑；被动渗透性可能↓；可提供结合或偶联位点,仅为结构/类别推断；不代表已证实提高环肽渗透性或口服暴露,https://www.rcsb.org/ligand/S1H
S2C,S-2-(BORONOETHYL)-L-CYSTEINE,,l-peptide linking,极性／带电侧链,极性／带电侧链,C5 H13 B N O5 S,210.036,CYS,[B-](CCSC[C@@H](C(=O)O)N)(O)(O)O,水溶性可能↑；被动渗透性可能↓；可提供结合或偶联位点,仅为结构/类别推断；不代表已证实提高环肽渗透性或口服暴露,https://www.rcsb.org/ligand/S2C
S2D,N-BENZOYL-D-ALANINE,,d-peptide linking,D-构型,D-构型；芳香／疏水侧链；极性／带电侧链,C10 H11 N O3,193.199,,C[C@H](C(=O)O)NC(=O)c1ccccc1,蛋白酶稳定性可能↑；局部构象可能改变；渗透性取决于骨架；疏水表面积可能↑；膜分配可能↑,仅为结构/类别推断；不代表已证实提高环肽渗透性或口服暴露,https://www.rcsb.org/ligand/S2D
S2P,"(2S)-2-amino-3-(4-hydroxy-1,2,5-thiadiazol-3-yl)propanoic acid",,l-peptide linking,芳香／疏水侧链,芳香／疏水侧链；极性／带电侧链,C5 H7 N3 O3 S,189.192,ALA,C(c1c(nsn1)O)[C@@H](C(=O)O)N,疏水表面积可能↑；膜分配可能↑；水溶性可能↓；水溶性可能↑；被动渗透性可能↓,仅为结构/类别推断；不代表已证实提高环肽渗透性或口服暴露,https://www.rcsb.org/ligand/S2P
SAC,N-ACETYL-SERINE,,l-peptide linking,极性／带电侧链,极性／带电侧链,C5 H9 N O4,147.129,SER,CC(=O)N[C@@H](CO)C(=O)O,水溶性可能↑；被动渗透性可能↓；可提供结合或偶联位点,仅为结构/类别推断；不代表已证实提高环肽渗透性或口服暴露,https://www.rcsb.org/ligand/SAC
SAR,SARCOSINE,,peptide linking,N-取代,N-取代,C3 H7 N O2,89.093,GLY,CNCC(=O)O,主链氢键供体可能↓；暴露极性可能↓；被动渗透性可能↑,仅为结构/类别推断；不代表已证实提高环肽渗透性或口服暴露,https://www.rcsb.org/ligand/SAR
SBD,D-NAPHTHYL-1-ACETAMIDO BORONIC ACID ALANINE,,d-peptide linking,D-构型,D-构型；芳香／疏水侧链；极性／带电侧链,C17 H22 B N2 O6,361.177,,[B-]([C@@H](Cc1cccc2c1cccc2)NC(=O)C)(O)(O)OC[C@@H](C(=O)O)N,蛋白酶稳定性可能↑；局部构象可能改变；渗透性取决于骨架；疏水表面积可能↑；膜分配可能↑,仅为结构/类别推断；不代表已证实提高环肽渗透性或口服暴露,https://www.rcsb.org/ligand/SBD
SBL,L-NAPHTHYL-1-ACETAMIDO BORONIC ACID ALANINE,,l-peptide linking,芳香／疏水侧链,芳香／疏水侧链；极性／带电侧链,C17 H22 B N2 O6,361.177,SER,[B-]([C@H](Cc1cccc2c1cccc2)NC(=O)C)(O)(O)OC[C@@H](C(=O)O)N,疏水表面积可能↑；膜分配可能↑；水溶性可能↓；水溶性可能↑；被动渗透性可能↓,仅为结构/类别推断；不代表已证实提高环肽渗透性或口服暴露,https://www.rcsb.org/ligand/SBL
SCH,S-METHYL-THIO-CYSTEINE,,l-peptide linking,其他CCD肽链核心,,C4 H9 N O2 S2,167.25,CYS,CSSC[C@@H](C(=O)O)N,尚无可靠的定向性质判断；需在具体环肽骨架中验证,仅为结构/类别推断；不代表已证实提高环肽渗透性或口服暴露,https://www.rcsb.org/ligand/SCH
SCS,3-(ethyldisulfanyl)-L-alanine,,l-peptide linking,其他CCD肽链核心,,C5 H11 N O2 S2,181.276,CYS,CCSSC[C@@H](C(=O)O)N,尚无可靠的定向性质判断；需在具体环肽骨架中验证,仅为结构/类别推断；不代表已证实提高环肽渗透性或口服暴露,https://www.rcsb.org/ligand/SCS
SCY,S-ACETYL-CYSTEINE,,l-peptide linking,极性／带电侧链,极性／带电侧链,C5 H9 N O3 S,163.195,CYS,CC(=O)SC[C@@H](C(=O)O)N,水溶性可能↑；被动渗透性可能↓；可提供结合或偶联位点,仅为结构/类别推断；不代表已证实提高环肽渗透性或口服暴露,https://www.rcsb.org/ligand/SCY
SD2,N-(SULFANYLACETYL)TYROSYLPROLYLMETHIONINAMIDE,,l-peptide linking,极性／带电侧链,极性／带电侧链,C21 H30 N4 O5 S2,482.617,,CSCC[C@@H](C(=O)N)NC(=O)[C@@H]1CCCN1C(=O)[C@H](Cc2ccc(cc2)O)NC(=O)CS,水溶性可能↑；被动渗透性可能↓；可提供结合或偶联位点,仅为结构/类别推断；不代表已证实提高环肽渗透性或口服暴露,https://www.rcsb.org/ligand/SD2
SD4,N-hydroxy-L-asparagine,,l-peptide linking,极性／带电侧链,极性／带电侧链,C4 H8 N2 O4,148.117,ASN,C([C@@H](C(=O)O)N)C(=O)NO,水溶性可能↑；被动渗透性可能↓；可提供结合或偶联位点,仅为结构/类别推断；不代表已证实提高环肽渗透性或口服暴露,https://www.rcsb.org/ligand/SD4
SDP,2-AMINO-3-(DIETHOXY-PHOSPHORYLOXY)-PROPIONIC ACID,,l-peptide linking,极性／带电侧链,极性／带电侧链,C7 H16 N O6 P,241.179,SER,CCOP(=O)(OCC)OC[C@@H](C(=O)O)N,水溶性可能↑；被动渗透性可能↓；可提供结合或偶联位点,仅为结构/类别推断；不代表已证实提高环肽渗透性或口服暴露,https://www.rcsb.org/ligand/SDP
SE7,2-AMINO-3-SELENINO-PROPIONIC ACID,,l-peptide linking,极性／带电侧链,极性／带电侧链,C3 H7 N O4 Se,200.052,SEC,C([C@@H](C(=O)O)N)[Se](=O)O,水溶性可能↑；被动渗透性可能↓；可提供结合或偶联位点,仅为结构/类别推断；不代表已证实提高环肽渗透性或口服暴露,https://www.rcsb.org/ligand/SE7
SEB,O-BENZYLSULFONYL-SERINE,,l-peptide linking,芳香／疏水侧链,芳香／疏水侧链；极性／带电侧链,C10 H13 N O5 S,259.279,SER,c1ccc(cc1)CS(=O)(=O)OC[C@@H](C(=O)O)N,疏水表面积可能↑；膜分配可能↑；水溶性可能↓；水溶性可能↑；被动渗透性可能↓,仅为结构/类别推断；不代表已证实提高环肽渗透性或口服暴露,https://www.rcsb.org/ligand/SEB
SEE,trihydroxy(L-serinato-kappaO~3~)borate(1-),,l-peptide linking,极性／带电侧链,极性／带电侧链,C3 H9 B N O6,165.918,SER,[B-](O)(O)(O)OC[C@@H](C(=O)O)N,水溶性可能↑；被动渗透性可能↓；可提供结合或偶联位点,仅为结构/类别推断；不代表已证实提高环肽渗透性或口服暴露,https://www.rcsb.org/ligand/SEE
SEL,"2-AMINO-1,3-PROPANEDIOL",SERINOL,l-peptide linking,其他CCD肽链核心,,C3 H9 N O2,91.109,SER,C(C(CO)N)O,尚无可靠的定向性质判断；需在具体环肽骨架中验证,仅为结构/类别推断；不代表已证实提高环肽渗透性或口服暴露,https://www.rcsb.org/ligand/SEL
SEM,O-benzyl-L-serine,(2S)-2-azanyl-3-phenylmethoxy-propanoic acid,l-peptide linking,芳香／疏水侧链,芳香／疏水侧链；极性／带电侧链,C10 H13 N O3,195.215,SER,c1ccc(cc1)COC[C@@H](C(=O)O)N,疏水表面积可能↑；膜分配可能↑；水溶性可能↓；水溶性可能↑；被动渗透性可能↓,仅为结构/类别推断；不代表已证实提高环肽渗透性或口服暴露,https://www.rcsb.org/ligand/SEM
SEN,"O-[N,N-dimethylphosphoramidate]-L-serine",,l-peptide linking,极性／带电侧链,极性／带电侧链,C5 H13 N2 O5 P,212.141,SER,CN(C)[P@](=O)(O)OC[C@@H](C(=O)O)N,水溶性可能↑；被动渗透性可能↓；可提供结合或偶联位点,仅为结构/类别推断；不代表已证实提高环肽渗透性或口服暴露,https://www.rcsb.org/ligand/SEN
SEP,PHOSPHOSERINE,PHOSPHONOSERINE,l-peptide linking,极性／带电侧链,极性／带电侧链,C3 H8 N O6 P,185.072,SER,C([C@@H](C(=O)O)N)OP(=O)(O)O,水溶性可能↑；被动渗透性可能↓；可提供结合或偶联位点,仅为结构/类别推断；不代表已证实提高环肽渗透性或口服暴露,https://www.rcsb.org/ligand/SEP
SET,AMINOSERINE,,l-peptide linking,极性／带电侧链,极性／带电侧链,C3 H8 N2 O2,104.108,SER,C([C@@H](C(=O)N)N)O,水溶性可能↑；被动渗透性可能↓；可提供结合或偶联位点,仅为结构/类别推断；不代表已证实提高环肽渗透性或口服暴露,https://www.rcsb.org/ligand/SET
SFE,(3S)-3-amino-3-phenylpropanoic acid,S-BETA-PHENYLALANINE,peptide linking,芳香／疏水侧链,芳香／疏水侧链,C9 H11 N O2,165.189,,c1ccc(cc1)C(CC(=O)O)N,疏水表面积可能↑；膜分配可能↑；水溶性可能↓,仅为结构/类别推断；不代表已证实提高环肽渗透性或口服暴露,https://www.rcsb.org/ligand/SFE
SGB,O-[(S)-METHYL(1-METHYLETHOXY)PHOSPHORYL]-L-SERINE,,l-peptide linking,极性／带电侧链,极性／带电侧链,C7 H16 N O5 P,225.179,SER,CC(C)O[P@](=O)(C)OC[C@@H](C(=O)O)N,水溶性可能↑；被动渗透性可能↓；可提供结合或偶联位点,仅为结构/类别推断；不代表已证实提高环肽渗透性或口服暴露,https://www.rcsb.org/ligand/SGB
SHC,S-HEXYLCYSTEINE,,l-peptide linking,其他CCD肽链核心,,C9 H19 N O2 S,205.318,CYS,CCCCCCSC[C@@H](C(=O)O)N,尚无可靠的定向性质判断；需在具体环肽骨架中验证,仅为结构/类别推断；不代表已证实提高环肽渗透性或口服暴露,https://www.rcsb.org/ligand/SHC
SHP,(4-HYDROXYMALTOSEPHENYL)GLYCINE,,l-peptide linking,芳香／疏水侧链,芳香／疏水侧链；极性／带电侧链,C20 H29 N O13,491.443,GLY,c1cc(ccc1[C@@H](C(=O)O)N)O[C@@H]2[C@H]([C@H]([C@@H]([C@H](O2)CO)O)O)O[C@@H]3[C@H]([C@H]([C@@H]([C@H](O3)CO)O)O)O,疏水表面积可能↑；膜分配可能↑；水溶性可能↓；水溶性可能↑；被动渗透性可能↓,仅为结构/类别推断；不代表已证实提高环肽渗透性或口服暴露,https://www.rcsb.org/ligand/SHP
SHR,N-(5-AMINO-5-CARBOXYPENTYL)GLUTAMIC ACID,,l-peptide linking,极性／带电侧链,极性／带电侧链,C11 H20 N2 O6,276.286,LYS,C(CCN[C@@H](CCC(=O)O)C(=O)O)C[C@@H](C(=O)O)N,水溶性可能↑；被动渗透性可能↓；可提供结合或偶联位点,仅为结构/类别推断；不代表已证实提高环肽渗透性或口服暴露,https://www.rcsb.org/ligand/SHR
SIB,"(2S)-2-AMINO-4-({[(2S,3S,4R,5R)-3,4-DIHYDROXY-5-(6-OXO-1,6-DIHYDRO-9H-PURIN-9-YL)TETRAHYDROFURAN-2-YL]METHYL}THIO)BUTANOIC ACID",,l-peptide linking,芳香／疏水侧链,芳香／疏水侧链；极性／带电侧链,C14 H19 N5 O6 S,385.396,CYS,c1nc2c(n1[C@H]3[C@@H]([C@@H]([C@H](O3)CSCC[C@@H](C(=O)O)N)O)O)N=CNC2=O,疏水表面积可能↑；膜分配可能↑；水溶性可能↓；水溶性可能↑；被动渗透性可能↓,仅为结构/类别推断；不代表已证实提高环肽渗透性或口服暴露,https://www.rcsb.org/ligand/SIB
SIC,"(2R)-2-[(3S)-3-amino-2,5-dioxopyrrolidin-1-yl]-3-sulfanylpropanoic acid",,l-peptide linking,极性／带电侧链,极性／带电侧链,C7 H10 N2 O4 S,218.23,ASP / CYS,C1[C@@H](C(=O)N(C1=O)[C@@H](CS)C(=O)O)N,水溶性可能↑；被动渗透性可能↓；可提供结合或偶联位点,仅为结构/类别推断；不代表已证实提高环肽渗透性或口服暴露,https://www.rcsb.org/ligand/SIC
SKG, 4-methylisoleucine,"2~{S},3~{S})-2-azanyl-3,4-dimethyl-pentanoic acid",l-peptide linking,其他CCD肽链核心,,C7 H15 N O2,145.199,,C[C@H]([C@@H](C(=O)O)N)C(C)C,尚无可靠的定向性质判断；需在具体环肽骨架中验证,仅为结构/类别推断；不代表已证实提高环肽渗透性或口服暴露,https://www.rcsb.org/ligand/SKG
SKH,(3~{S})-5-[[(5~{S})-5-azanyl-6-oxidanyl-6-oxidanylidene-hexyl]amino]-3-methyl-3-oxidanyl-5-oxidanylidene-pentanoic acid,,l-peptide linking,极性／带电侧链,极性／带电侧链,C12 H22 N2 O6,290.313,LYS,C[C@](CC(=O)NCCCC[C@@H](C(=O)O)N)(CC(=O)O)O,水溶性可能↑；被动渗透性可能↓；可提供结合或偶联位点,仅为结构/类别推断；不代表已证实提高环肽渗透性或口服暴露,https://www.rcsb.org/ligand/SKH
SKJ,beta-methylnorleucine,"(2~{S},3~{R})-2-azanyl-3-methyl-hexanoic acid",l-peptide linking,其他CCD肽链核心,,C7 H15 N O2,145.199,,CCC[C@@H](C)[C@@H](C(=O)O)N,尚无可靠的定向性质判断；需在具体环肽骨架中验证,仅为结构/类别推断；不代表已证实提高环肽渗透性或口服暴露,https://www.rcsb.org/ligand/SKJ
SLL,(2S)-2-azanyl-6-[(4-hydroxy-4-oxo-butanoyl)amino]hexanoic acid,6-N-succinyl-L-lysine,l-peptide linking,极性／带电侧链,极性／带电侧链,C10 H18 N2 O5,246.26,LYS,C(CCNC(=O)CCC(=O)O)C[C@@H](C(=O)O)N,水溶性可能↑；被动渗透性可能↓；可提供结合或偶联位点,仅为结构/类别推断；不代表已证实提高环肽渗透性或口服暴露,https://www.rcsb.org/ligand/SLL
SLR,"(3R,4R)-3-hydroxy-2-[(1S)-1-hydroxy-2-methylpropyl]-4-methyl-5-oxo-D-proline",,d-peptide linking,D-构型,D-构型；构象限制；极性／带电侧链,C10 H17 N O5,231.246,,C[C@@H]1[C@H]([C@](NC1=O)([C@H](C(C)C)O)C(=O)O)O,蛋白酶稳定性可能↑；局部构象可能改变；渗透性取决于骨架；构象刚性可能↑；渗透性取决于极性遮蔽,仅为结构/类别推断；不代表已证实提高环肽渗透性或口服暴露,https://www.rcsb.org/ligand/SLR
SLZ,L-THIALYSINE,,l-peptide linking,极性／带电侧链,极性／带电侧链,C5 H12 N2 O2 S,164.226,LYS,C(CSC[C@@H](C(=O)O)N)N,水溶性可能↑；被动渗透性可能↓；可提供结合或偶联位点,仅为结构/类别推断；不代表已证实提高环肽渗透性或口服暴露,https://www.rcsb.org/ligand/SLZ
SMC,S-METHYLCYSTEINE,,l-peptide linking,其他CCD肽链核心,,C4 H9 N O2 S,135.185,CYS,CSC[C@@H](C(=O)O)N,尚无可靠的定向性质判断；需在具体环肽骨架中验证,仅为结构/类别推断；不代表已证实提高环肽渗透性或口服暴露,https://www.rcsb.org/ligand/SMC
SME,METHIONINE SULFOXIDE,,l-peptide linking,极性／带电侧链,极性／带电侧链,C5 H11 N O3 S,165.211,MET,C[S@@](=O)CC[C@@H](C(=O)O)N,水溶性可能↑；被动渗透性可能↓；可提供结合或偶联位点,仅为结构/类别推断；不代表已证实提高环肽渗透性或口服暴露,https://www.rcsb.org/ligand/SME
SMF,4-SULFOMETHYL-L-PHENYLALANINE,,l-peptide linking,芳香／疏水侧链,芳香／疏水侧链；极性／带电侧链,C10 H13 N O5 S,259.279,PHE,c1cc(ccc1C[C@@H](C(=O)O)N)CS(=O)(=O)O,疏水表面积可能↑；膜分配可能↑；水溶性可能↓；水溶性可能↑；被动渗透性可能↓,仅为结构/类别推断；不代表已证实提高环肽渗透性或口服暴露,https://www.rcsb.org/ligand/SMF
SNC,S-NITROSO-CYSTEINE,,l-peptide linking,极性／带电侧链,极性／带电侧链,C3 H6 N2 O3 S,150.156,CYS,C([C@@H](C(=O)O)N)SN=O,水溶性可能↑；被动渗透性可能↓；可提供结合或偶联位点,仅为结构/类别推断；不代表已证实提高环肽渗透性或口服暴露,https://www.rcsb.org/ligand/SNC
SNK,(2~{R})-2-azanyl-3-(4-ethanoylsulfanyl-1~{H}-imidazol-5-yl)propanoic acid,,l-peptide linking,芳香／疏水侧链,芳香／疏水侧链；极性／带电侧链,C8 H11 N3 O3 S,229.256,HIS,CC(=O)Sc1c([nH]cn1)C[C@H](C(=O)O)N,疏水表面积可能↑；膜分配可能↑；水溶性可能↓；水溶性可能↑；被动渗透性可能↓,仅为结构/类别推断；不代表已证实提高环肽渗透性或口服暴露,https://www.rcsb.org/ligand/SNK
SNN,L-3-AMINOSUCCINIMIDE,,l-peptide linking,极性／带电侧链,极性／带电侧链,C4 H6 N2 O2,114.103,ASN,C1[C@@H](C(=O)NC1=O)N,水溶性可能↑；被动渗透性可能↓；可提供结合或偶联位点,仅为结构/类别推断；不代表已证实提高环肽渗透性或口服暴露,https://www.rcsb.org/ligand/SNN
SRZ,PROPOXY-L-SERINE,,l-peptide linking,极性／带电侧链,极性／带电侧链,C6 H13 N O4,163.172,SER,C(CO)COC[C@@H](C(=O)O)N,水溶性可能↑；被动渗透性可能↓；可提供结合或偶联位点,仅为结构/类别推断；不代表已证实提高环肽渗透性或口服暴露,https://www.rcsb.org/ligand/SRZ
SUB,3-PHENYL-2-{[4-(TOLUENE-4-SULFONYL)-THIOMORPHOLINE-3-CARBONYL]-AMINO}-PROPIONIC ACID ETHYL ESTER,"(3R)-4-(P-TOLUENESULFONYL)-1,4-THIAZANE-3-CARBOXYLIC ACID-L-PHENYLALANINE ETHYL ESTER",l-peptide linking,芳香／疏水侧链,芳香／疏水侧链；极性／带电侧链,C23 H28 N2 O5 S2,476.609,,CCOC(=O)C(Cc1ccccc1)NC(=O)[C@@H]2CSCC[N@]2S(=O)(=O)c3ccc(cc3)C,疏水表面积可能↑；膜分配可能↑；水溶性可能↓；水溶性可能↑；被动渗透性可能↓,仅为结构/类别推断；不代表已证实提高环肽渗透性或口服暴露,https://www.rcsb.org/ligand/SUB
SUI,"(3-AMINO-2,5-DIOXO-1-PYRROLIDINYL)ACETIC ACID",,l-peptide linking,极性／带电侧链,极性／带电侧链,C6 H8 N2 O4,172.139,ASP / GLY,C1[C@@H](C(=O)N(C1=O)CC(=O)O)N,水溶性可能↑；被动渗透性可能↓；可提供结合或偶联位点,仅为结构/类别推断；不代表已证实提高环肽渗透性或口服暴露,https://www.rcsb.org/ligand/SUI
SUN,O-[(R)-(DIMETHYLAMINO)(ETHOXY)PHOSPHORYL]-L-SERINE,TABUN CONJUGATED SERINE,l-peptide linking,极性／带电侧链,极性／带电侧链,C7 H17 N2 O5 P,240.194,SER,CCO[P@](=O)(N(C)C)OC[C@@H](C(=O)O)N,水溶性可能↑；被动渗透性可能↓；可提供结合或偶联位点,仅为结构/类别推断；不代表已证实提高环肽渗透性或口服暴露,https://www.rcsb.org/ligand/SUN
SVA,SERINE VANADATE,,l-peptide linking,极性／带电侧链,极性／带电侧链,C3 H6 N O7 V,219.024,SER,C([C@@H](C(=O)O)N)O[V]([O-])([O-])([O-])[O-],水溶性可能↑；被动渗透性可能↓；可提供结合或偶联位点,仅为结构/类别推断；不代表已证实提高环肽渗透性或口服暴露,https://www.rcsb.org/ligand/SVA
SVV,O-[(S)-AMINO(HYDROXY)PHOSPHORYL]-L-SERINE,,l-peptide linking,极性／带电侧链,极性／带电侧链,C3 H9 N2 O5 P,184.088,SER,C([C@@H](C(=O)O)N)O[P@](=O)(N)O,水溶性可能↑；被动渗透性可能↓；可提供结合或偶联位点,仅为结构/类别推断；不代表已证实提高环肽渗透性或口服暴露,https://www.rcsb.org/ligand/SVV
SVW,O-[(R)-AMINO(HYDROXY)PHOSPHORYL]-L-SERINE,,l-peptide linking,极性／带电侧链,极性／带电侧链,C3 H9 N2 O5 P,184.088,SER,C([C@@H](C(=O)O)N)O[P@@](=O)(N)O,水溶性可能↑；被动渗透性可能↓；可提供结合或偶联位点,仅为结构/类别推断；不代表已证实提高环肽渗透性或口服暴露,https://www.rcsb.org/ligand/SVW
SVX,O-[(R)-ETHOXY(METHYL)PHOSPHORYL]-L-SERINE,,l-peptide linking,极性／带电侧链,极性／带电侧链,C6 H14 N O5 P,211.153,SER,CCO[P@](=O)(C)OC[C@@H](C(=O)O)N,水溶性可能↑；被动渗透性可能↓；可提供结合或偶联位点,仅为结构/类别推断；不代表已证实提高环肽渗透性或口服暴露,https://www.rcsb.org/ligand/SVX
SVY,O-[BIS(1-METHYLETHOXY)PHOSPHORYL]-L-SERINE,,l-peptide linking,极性／带电侧链,极性／带电侧链,C9 H20 N O6 P,269.232,SER,CC(C)OP(=O)(OC[C@@H](C(=O)O)N)OC(C)C,水溶性可能↑；被动渗透性可能↓；可提供结合或偶联位点,仅为结构/类别推断；不代表已证实提高环肽渗透性或口服暴露,https://www.rcsb.org/ligand/SVY
SVZ,O-[(S)-HYDROXY(ISOPROPYLAMINO)PHOSPHORYL]-L-SERINE,,l-peptide linking,极性／带电侧链,极性／带电侧链,C6 H15 N2 O5 P,226.167,SER,CC(C)N[P@@](=O)(O)OC[C@@H](C(=O)O)N,水溶性可能↑；被动渗透性可能↓；可提供结合或偶联位点,仅为结构/类别推断；不代表已证实提高环肽渗透性或口服暴露,https://www.rcsb.org/ligand/SVZ
SWG,2-[(4Z)-2-[(1R)-1-amino-2-hydroxy-ethyl]-4-(1H-indol-3-ylmethylidene)-5-oxo-imidazol-1-yl]ethanoic acid,,l-peptide linking,芳香／疏水侧链,芳香／疏水侧链；极性／带电侧链,C16 H16 N4 O4,328.323,GLY / SER / TRP,c1ccc2c(c1)c(c[nH]2)\\C=C/3\\C(=O)N(C(=N3)[C@H](CO)N)CC(=O)O,疏水表面积可能↑；膜分配可能↑；水溶性可能↓；水溶性可能↑；被动渗透性可能↓,仅为结构/类别推断；不代表已证实提高环肽渗透性或口服暴露,https://www.rcsb.org/ligand/SWG
SWW,(2~{S})-2-azanyl-3-(2-hydroxyethylsulfanyl)propanoic acid,S-(2-hydroxyethyl)-D-cysteine,l-peptide linking,极性／带电侧链,极性／带电侧链,C5 H11 N O3 S,165.211,SER,C(CSC[C@H](C(=O)O)N)O,水溶性可能↑；被动渗透性可能↓；可提供结合或偶联位点,仅为结构/类别推断；不代表已证实提高环肽渗透性或口服暴露,https://www.rcsb.org/ligand/SWW
SXE,O-{(S)-ETHOXY[(1-METHYLETHYL)AMINO]PHOSPHORYL}-L-SERINE,,l-peptide linking,极性／带电侧链,极性／带电侧链,C8 H19 N2 O5 P,254.221,SER,CCO[P@@](=O)(NC(C)C)OC[C@@H](C(=O)O)N,水溶性可能↑；被动渗透性可能↓；可提供结合或偶联位点,仅为结构/类别推断；不代表已证实提高环肽渗透性或口服暴露,https://www.rcsb.org/ligand/SXE
SYS,3-[(2-amino-2-oxoethyl)selanyl]-L-alanine,L-(Se-carboxamidomethyl)selenocysteine,l-peptide linking,极性／带电侧链,极性／带电侧链,C5 H10 N2 O3 Se,225.104,SEC,C([C@@H](C(=O)O)N)[Se]CC(=O)N,水溶性可能↑；被动渗透性可能↓；可提供结合或偶联位点,仅为结构/类别推断；不代表已证实提高环肽渗透性或口服暴露,https://www.rcsb.org/ligand/SYS
SZF,1-methoxy-N-methyl-L-tryptophan,,l-peptide linking,N-取代,N-取代；芳香／疏水侧链；极性／带电侧链,C13 H16 N2 O3,248.278,,CN[C@@H](Cc1cn(c2c1cccc2)OC)C(=O)O,主链氢键供体可能↓；暴露极性可能↓；被动渗透性可能↑；疏水表面积可能↑；膜分配可能↑,仅为结构/类别推断；不代表已证实提高环肽渗透性或口服暴露,https://www.rcsb.org/ligand/SZF
T09,"(2S,4R)-2-amino-4-methyloctanoic acid",,l-peptide linking,其他CCD肽链核心,,C9 H19 N O2,173.253,,CCCC[C@@H](C)C[C@@H](C(=O)O)N,尚无可靠的定向性质判断；需在具体环肽骨架中验证,仅为结构/类别推断；不代表已证实提高环肽渗透性或口服暴露,https://www.rcsb.org/ligand/T09
T0I,"(2S)-2-amino-3-(2,4-dihydroxy-5-imidazol-1-yl-phenyl)propanoic acid",,l-peptide linking,芳香／疏水侧链,芳香／疏水侧链；极性／带电侧链,C12 H13 N3 O4,263.249,TYR,c1cn(cn1)c2cc(c(cc2O)O)C[C@@H](C(=O)O)N,疏水表面积可能↑；膜分配可能↑；水溶性可能↓；水溶性可能↑；被动渗透性可能↓,仅为结构/类别推断；不代表已证实提高环肽渗透性或口服暴露,https://www.rcsb.org/ligand/T0I
T11,4-[3-(TRIFLUOROMETHYL)DIAZIRIDIN-3-YL]-L-PHENYLALANINE,,l-peptide linking,卤代／电子调节,卤代／电子调节；芳香／疏水侧链；极性／带电侧链,C11 H12 F3 N3 O2,275.227,PHE,c1cc(ccc1C[C@@H](C(=O)O)N)C2(NN2)C(F)(F)F,疏水性可能↑；代谢稳定性可能↑；水溶性可能↓；疏水表面积可能↑；膜分配可能↑,仅为结构/类别推断；不代表已证实提高环肽渗透性或口服暴露,https://www.rcsb.org/ligand/T11
T2C,"(2S)-1,3-thiazolidine-2-carboxylic acid",,l-peptide linking,其他CCD肽链核心,,C4 H7 N O2 S,133.169,,C1CS[C@H](N1)C(=O)O,尚无可靠的定向性质判断；需在具体环肽骨架中验证,仅为结构/类别推断；不代表已证实提高环肽渗透性或口服暴露,https://www.rcsb.org/ligand/T2C
T3R,"N,5-dimethyl-L-norleucine",,l-peptide linking,其他CCD肽链核心,,C8 H17 N O2,159.226,LEU,CC(C)CC[C@@H](C(=O)O)NC,尚无可靠的定向性质判断；需在具体环肽骨架中验证,仅为结构/类别推断；不代表已证实提高环肽渗透性或口服暴露,https://www.rcsb.org/ligand/T3R
T66,2-AMINOETHYLLYSINE-CARBONYLMETHYLENE-THYMINE,,l-peptide linking,极性／带电侧链,极性／带电侧链,C15 H25 N5 O5,355.39,,CC1=CN(C(=O)NC1=O)CC(=O)N(CCN)[C@H](CCCCN)C(=O)O,水溶性可能↑；被动渗透性可能↓；可提供结合或偶联位点,仅为结构/类别推断；不代表已证实提高环肽渗透性或口服暴露,https://www.rcsb.org/ligand/T66
T79,(2S)-2-azanylhex-4-ynoic acid,(S)-2-Aminohex-4-ynoic acid; peptide staple,l-peptide linking,其他CCD肽链核心,,C6 H9 N O2,127.141,,CC#CC[C@@H](C(=O)O)N,尚无可靠的定向性质判断；需在具体环肽骨架中验证,仅为结构/类别推断；不代表已证实提高环肽渗透性或口服暴露,https://www.rcsb.org/ligand/T79
T7Q,(2~{S})-2-azanyl-3-(9-oxidanylidene-10~{H}-acridin-2-yl)propanoic acid,acridone amino acid (RS1),peptide linking,芳香／疏水侧链,芳香／疏水侧链；极性／带电侧链,C16 H15 N2 O3,283.302,,c1ccc2c(c1)C(=O)c3cc(ccc3N2)C[C@@H](C(=O)O)[NH3+],疏水表面积可能↑；膜分配可能↑；水溶性可能↓；水溶性可能↑；被动渗透性可能↓,仅为结构/类别推断；不代表已证实提高环肽渗透性或口服暴露,https://www.rcsb.org/ligand/T7Q
T8L,Thio-phosohothreonine,,l-peptide linking,极性／带电侧链,极性／带电侧链,C4 H10 N O5 P S,215.165,THR,C[C@H]([C@@H](C(=O)O)N)OP(=O)(O)S,水溶性可能↑；被动渗透性可能↓；可提供结合或偶联位点,仅为结构/类别推断；不代表已证实提高环肽渗透性或口服暴露,https://www.rcsb.org/ligand/T8L
T9E,Selenothreonine,,l-peptide linking,其他CCD肽链核心,,C4 H9 N O2 Se,182.08,THR,C[C@H]([C@@H](C(=O)O)N)[SeH],尚无可靠的定向性质判断；需在具体环肽骨架中验证,仅为结构/类别推断；不代表已证实提高环肽渗透性或口服暴露,https://www.rcsb.org/ligand/T9E
TA4,"(S)-2-[4-(AMINOMETHYL)-1H-1,2,3-TRIAZOL-1-YL]-4-METHYLPENTANOIC ACID",,l-peptide linking,极性／带电侧链,极性／带电侧链,C9 H16 N4 O2,212.249,,CC(C)C[C@@H](C(=O)O)n1cc(nn1)CN,水溶性可能↑；被动渗透性可能↓；可提供结合或偶联位点,仅为结构/类别推断；不代表已证实提高环肽渗透性或口服暴露,https://www.rcsb.org/ligand/TA4
TAV,N-METHYL-N-{2-[(2-NAPHTHYLSULFONYL)AMINO]-5-[(2-NAPHTHYLSULFONYL)OXY]BENZOYL}-L-ASPARTIC ACID,(S)-2-{METHYL-[2-(NAPHTHALENE-2-SULFONYLAMINO)-5-(NAPHTHALENE-2-SULFONYLOXY)-BENZOYL]-AMINO}-SUCCINIC ACID,l-peptide linking,N-取代,N-取代；芳香／疏水侧链；极性／带电侧链,C32 H26 N2 O10 S2,662.686,ASP,CN([C@@H](CC(=O)O)C(=O)O)C(=O)c1cc(ccc1NS(=O)(=O)c2ccc3ccccc3c2)OS(=O)(=O)c4ccc5ccccc5c4,主链氢键供体可能↓；暴露极性可能↓；被动渗透性可能↑；疏水表面积可能↑；膜分配可能↑,仅为结构/类别推断；不代表已证实提高环肽渗透性或口服暴露,https://www.rcsb.org/ligand/TAV
TBG,3-methyl-L-valine,,l-peptide linking,其他CCD肽链核心,,C6 H13 N O2,131.173,VAL,CC(C)(C)[C@@H](C(=O)O)N,尚无可靠的定向性质判断；需在具体环肽骨架中验证,仅为结构/类别推断；不代表已证实提高环肽渗透性或口服暴露,https://www.rcsb.org/ligand/TBG
TCQ,"(1S,2R)-N-{(1E)-5-[(2S)-2-amino-2-carboxyethyl]-2-hydroxy-4-oxocyclohexa-2,5-dien-1-ylidene}-2-phenylcyclopropanaminium",,l-peptide linking,构象限制,构象限制；芳香／疏水侧链；极性／带电侧链,C18 H19 N2 O4,327.354,TYR,c1ccc(cc1)[C@H]2C[C@@H]2/[NH+]=C/3\C=C(C(=O)C=C3O)C[C@@H](C(=O)O)N,构象刚性可能↑；蛋白酶稳定性可能↑；渗透性取决于极性遮蔽；疏水表面积可能↑；膜分配可能↑,仅为结构/类别推断；不代表已证实提高环肽渗透性或口服暴露,https://www.rcsb.org/ligand/TCQ
TCR,CYCLOMETHYLTRYPTOPHAN,,l-peptide linking,构象限制,构象限制；芳香／疏水侧链；极性／带电侧链,C12 H12 N2 O2,216.236,TRP,c1ccc2c(c1)c3c([nH]2)CN[C@@H](C3)C(=O)O,构象刚性可能↑；蛋白酶稳定性可能↑；渗透性取决于极性遮蔽；疏水表面积可能↑；膜分配可能↑,仅为结构/类别推断；不代表已证实提高环肽渗透性或口服暴露,https://www.rcsb.org/ligand/TCR
TDD,"(2R)-2-amino-3,3-dimethyl-butanoic acid",D-tert-leucine,d-peptide linking,D-构型,D-构型,C6 H13 N O2,131.173,,CC(C)(C)[C@H](C(=O)O)N,蛋白酶稳定性可能↑；局部构象可能改变；渗透性取决于骨架,仅为结构/类别推断；不代表已证实提高环肽渗透性或口服暴露,https://www.rcsb.org/ligand/TDD
TDF,4-(trifluoromethyl)-D-phenylalanine,,d-peptide linking,D-构型,D-构型；卤代／电子调节；芳香／疏水侧链,C10 H10 F3 N O2,233.187,,c1cc(ccc1C[C@H](C(=O)O)N)C(F)(F)F,蛋白酶稳定性可能↑；局部构象可能改变；渗透性取决于骨架；疏水性可能↑；代谢稳定性可能↑,仅为结构/类别推断；不代表已证实提高环肽渗透性或口服暴露,https://www.rcsb.org/ligand/TDF
TEF,4-(2H-tetrazol-2-yl)-L-phenylalanine,p-(2-tetrazolyl)-phenylalanine,l-peptide linking,芳香／疏水侧链,芳香／疏水侧链；极性／带电侧链,C10 H11 N5 O2,233.227,PHE,c1cc(ccc1C[C@@H](C(=O)O)N)n2ncnn2,疏水表面积可能↑；膜分配可能↑；水溶性可能↓；水溶性可能↑；被动渗透性可能↓,仅为结构/类别推断；不代表已证实提高环肽渗透性或口服暴露,https://www.rcsb.org/ligand/TEF
TFQ,"4-(2,2,2-TRIFLUOROETHYL)-L-PHENYLALANINE",,l-peptide linking,卤代／电子调节,卤代／电子调节；芳香／疏水侧链,C11 H12 F3 N O2,247.214,PHE,c1cc(ccc1C[C@@H](C(=O)O)N)CC(F)(F)F,疏水性可能↑；代谢稳定性可能↑；水溶性可能↓；疏水表面积可能↑；膜分配可能↑,仅为结构/类别推断；不代表已证实提高环肽渗透性或口服暴露,https://www.rcsb.org/ligand/TFQ
TFR,"(2R)-2-amino-7-oxo-7-{[(2R,3S)-4,4,4-trifluoro-3-hydroxybutan-2-yl]amino}heptanoic acid",,d-peptide linking,D-构型,D-构型；卤代／电子调节；极性／带电侧链,C11 H19 F3 N2 O4,300.275,,C[C@H]([C@@H](C(F)(F)F)O)NC(=O)CCCC[C@H](C(=O)O)N,蛋白酶稳定性可能↑；局部构象可能改变；渗透性取决于骨架；疏水性可能↑；代谢稳定性可能↑,仅为结构/类别推断；不代表已证实提高环肽渗透性或口服暴露,https://www.rcsb.org/ligand/TFR
TGH,6-{[(S)-carboxy(hydroxy)methyl]amino}-7-hydroxy-L-tryptophan,,l-peptide linking,芳香／疏水侧链,芳香／疏水侧链；极性／带电侧链,C13 H15 N3 O6,309.275,TRP,c1cc(c(c2c1c(c[nH]2)C[C@@H](C(=O)O)N)O)N[C@H](C(=O)O)O,疏水表面积可能↑；膜分配可能↑；水溶性可能↓；水溶性可能↑；被动渗透性可能↓,仅为结构/类别推断；不代表已证实提高环肽渗透性或口服暴露,https://www.rcsb.org/ligand/TGH
TH5,O-acetyl-L-threonine,,l-peptide linking,极性／带电侧链,极性／带电侧链,C6 H11 N O4,161.156,THR,C[C@H]([C@@H](C(=O)O)N)OC(=O)C,水溶性可能↑；被动渗透性可能↓；可提供结合或偶联位点,仅为结构/类别推断；不代表已证实提高环肽渗透性或口服暴露,https://www.rcsb.org/ligand/TH5
TH6,4-HYDROXY-L-THREONINE,,l-peptide linking,极性／带电侧链,极性／带电侧链,C4 H9 N O4,135.119,THR,C([C@H]([C@@H](C(=O)O)N)O)O,水溶性可能↑；被动渗透性可能↓；可提供结合或偶联位点,仅为结构/类别推断；不代表已证实提高环肽渗透性或口服暴露,https://www.rcsb.org/ligand/TH6
THC,N-METHYLCARBONYLTHREONINE,,l-peptide linking,N-取代,N-取代；极性／带电侧链,C6 H11 N O4,161.156,THR,C[C@H]([C@@H](C(=O)O)NC(=O)C)O,主链氢键供体可能↓；暴露极性可能↓；被动渗透性可能↑；水溶性可能↑；被动渗透性可能↓,仅为结构/类别推断；不代表已证实提高环肽渗透性或口服暴露,https://www.rcsb.org/ligand/THC
THO,REDUCED THREONINE,,l-peptide linking,其他CCD肽链核心,,C4 H11 N O2,105.136,,C[C@H]([C@@H](CO)N)O,尚无可靠的定向性质判断；需在具体环肽骨架中验证,仅为结构/类别推断；不代表已证实提高环肽渗透性或口服暴露,https://www.rcsb.org/ligand/THO
THZ,"1-[(4S)-4-amino-5-(1,3-benzothiazol-2-yl)-5-oxopentyl]guanidine",,l-peptide linking,芳香／疏水侧链,芳香／疏水侧链；极性／带电侧链,C13 H17 N5 O S,291.372,ARG,[H]/N=C(/N)\NCCC[C@@H](C(=O)c1nc2ccccc2s1)N,疏水表面积可能↑；膜分配可能↑；水溶性可能↓；水溶性可能↑；被动渗透性可能↓,仅为结构/类别推断；不代表已证实提高环肽渗透性或口服暴露,https://www.rcsb.org/ligand/THZ
TIH,BETA(2-THIENYL)ALANINE,,l-peptide linking,芳香／疏水侧链,芳香／疏水侧链,C7 H9 N O2 S,171.217,ALA,c1cc(sc1)C[C@@H](C(=O)O)N,疏水表面积可能↑；膜分配可能↑；水溶性可能↓,仅为结构/类别推断；不代表已证实提高环肽渗透性或口服暴露,https://www.rcsb.org/ligand/TIH
TIS,"O-(1,1-dihydroxyethyl)-L-serine",,l-peptide linking,极性／带电侧链,极性／带电侧链,C5 H11 N O5,165.145,SER,CC(O)(O)OC[C@@H](C(=O)O)N,水溶性可能↑；被动渗透性可能↓；可提供结合或偶联位点,仅为结构/类别推断；不代表已证实提高环肽渗透性或口服暴露,https://www.rcsb.org/ligand/TIS
TJI,ethyl 3-bromanyl-2-methyl-propanoate,Ethyl 2-(bromomethyl)acrylate (precursor),peptide linking,卤代／电子调节,卤代／电子调节,C6 H11 Br O2,195.054,,CCOC(=O)C(C)CBr,疏水性可能↑；代谢稳定性可能↑；水溶性可能↓,仅为结构/类别推断；不代表已证实提高环肽渗透性或口服暴露,https://www.rcsb.org/ligand/TJI
TLY,(2S)-2-azanyl-6-(ethanethioylamino)hexanoic acid,6-N-thiolacetyl-L-lysine,l-peptide linking,极性／带电侧链,极性／带电侧链,C8 H16 N2 O2 S,204.29,LYS,CC(=S)NCCCC[C@@H](C(=O)O)N,水溶性可能↑；被动渗透性可能↓；可提供结合或偶联位点,仅为结构/类别推断；不代表已证实提高环肽渗透性或口服暴露,https://www.rcsb.org/ligand/TLY
TMD,"(6,7-DIHYDRO)4-[(E)-BUTENYL]-4,N-DIMETHYL-THREONINE",,l-peptide linking,极性／带电侧链,极性／带电侧链,C10 H21 N O3,203.279,THR,CCCC[C@@H](C)[C@H]([C@@H](C(=O)O)NC)O,水溶性可能↑；被动渗透性可能↓；可提供结合或偶联位点,仅为结构/类别推断；不代表已证实提高环肽渗透性或口服暴露,https://www.rcsb.org/ligand/TMD
TNB,"S-(2,3,6-TRINITROPHENYL)CYSTEINE",,l-peptide linking,芳香／疏水侧链,芳香／疏水侧链；极性／带电侧链,C9 H8 N4 O8 S,332.247,CYS,c1c(cc(c(c1[N+](=O)[O-])SC[C@@H](C(=O)O)N)[N+](=O)[O-])[N+](=O)[O-],疏水表面积可能↑；膜分配可能↑；水溶性可能↓；水溶性可能↑；被动渗透性可能↓,仅为结构/类别推断；不代表已证实提高环肽渗透性或口服暴露,https://www.rcsb.org/ligand/TNB
TNQ,6-[(carboxymethyl)amino]-7-hydroxy-L-tryptophan,,l-peptide linking,芳香／疏水侧链,芳香／疏水侧链；极性／带电侧链,C13 H15 N3 O5,293.275,TRP,c1cc(c(c2c1c(c[nH]2)C[C@@H](C(=O)O)N)O)NCC(=O)O,疏水表面积可能↑；膜分配可能↑；水溶性可能↓；水溶性可能↑；被动渗透性可能↓,仅为结构/类别推断；不代表已证实提高环肽渗透性或口服暴露,https://www.rcsb.org/ligand/TNQ
TOQ,"6,7-dihydroxy-L-tryptophan",,l-peptide linking,芳香／疏水侧链,芳香／疏水侧链；极性／带电侧链,C11 H12 N2 O4,236.224,TRP,c1cc(c(c2c1c(c[nH]2)C[C@@H](C(=O)O)N)O)O,疏水表面积可能↑；膜分配可能↑；水溶性可能↓；水溶性可能↑；被动渗透性可能↓,仅为结构/类别推断；不代表已证实提高环肽渗透性或口服暴露,https://www.rcsb.org/ligand/TOQ
TOX,1-hydroperoxy-L-tryptophan,,l-peptide linking,芳香／疏水侧链,芳香／疏水侧链；极性／带电侧链,C11 H12 N2 O4,236.224,TRP,c1ccc2c(c1)c(cn2OO)C[C@@H](C(=O)O)N,疏水表面积可能↑；膜分配可能↑；水溶性可能↓；水溶性可能↑；被动渗透性可能↓,仅为结构/类别推断；不代表已证实提高环肽渗透性或口服暴露,https://www.rcsb.org/ligand/TOX
TOZ,"2-[2-(aminomethyl)-1,3-thiazol-4-yl]-1,3-oxazole-4-carboxylic acid",,peptide linking,芳香／疏水侧链,芳香／疏水侧链；极性／带电侧链,C8 H7 N3 O3 S,225.224,CYS / GLY / SER,c1c(nc(o1)c2csc(n2)CN)C(=O)O,疏水表面积可能↑；膜分配可能↑；水溶性可能↓；水溶性可能↑；被动渗透性可能↓,仅为结构/类别推断；不代表已证实提高环肽渗透性或口服暴露,https://www.rcsb.org/ligand/TOZ
TPJ,(5R)-5-tert-butyl-L-proline,,l-peptide linking,构象限制,构象限制,C9 H17 N O2,171.237,PRO,CC(C)(C)[C@H]1CC[C@H](N1)C(=O)O,构象刚性可能↑；蛋白酶稳定性可能↑；渗透性取决于极性遮蔽,仅为结构/类别推断；不代表已证实提高环肽渗透性或口服暴露,https://www.rcsb.org/ligand/TPJ
TPK,"(1R)-1-[(2S)-pyrrolidin-2-yl]ethane-1,2-diol",,l-peptide linking,其他CCD肽链核心,,C6 H13 N O2,131.173,PRO,C1C[C@H](NC1)[C@H](CO)O,尚无可靠的定向性质判断；需在具体环肽骨架中验证,仅为结构/类别推断；不代表已证实提高环肽渗透性或口服暴露,https://www.rcsb.org/ligand/TPK
TPL,TRYPTOPHANOL,2-AMINO-3-(1H-INDOL-3-YL)-PROPAN-1-OL,l-peptide linking,芳香／疏水侧链,芳香／疏水侧链；极性／带电侧链,C11 H14 N2 O,190.242,TRP,c1ccc2c(c1)c(c[nH]2)C[C@@H](CO)N,疏水表面积可能↑；膜分配可能↑；水溶性可能↓；水溶性可能↑；被动渗透性可能↓,仅为结构/类别推断；不代表已证实提高环肽渗透性或口服暴露,https://www.rcsb.org/ligand/TPL
TPO,PHOSPHOTHREONINE,PHOSPHONOTHREONINE,l-peptide linking,极性／带电侧链,极性／带电侧链,C4 H10 N O6 P,199.099,THR,C[C@H]([C@@H](C(=O)O)N)OP(=O)(O)O,水溶性可能↑；被动渗透性可能↓；可提供结合或偶联位点,仅为结构/类别推断；不代表已证实提高环肽渗透性或口服暴露,https://www.rcsb.org/ligand/TPO
TPQ,"5-(2-CARBOXY-2-AMINOETHYL)-2-HYDROXY-1,4-BENZOQUINONE","5-(2-CARBOXY-2-AMINOETHYL)-4-HYDROXY-1,2-BENZOQUINONE; 2,4,5-TRIHYDROXYPHENYLALANINE QUINONE; TOPA QUINONE",l-peptide linking,芳香／疏水侧链,芳香／疏水侧链；极性／带电侧链,C9 H9 N O5,211.171,TYR,C1=C(C(=O)C=C(C1=O)O)C[C@@H](C(=O)O)N,疏水表面积可能↑；膜分配可能↑；水溶性可能↓；水溶性可能↑；被动渗透性可能↓,仅为结构/类别推断；不代表已证实提高环肽渗透性或口服暴露,https://www.rcsb.org/ligand/TPQ
TQI,N-{[4-CHLORO-3-(TRIFLUOROMETHYL)PHENYL]SULFONYL}-L-TRYPTOPHAN,,l-peptide linking,卤代／电子调节,卤代／电子调节；芳香／疏水侧链；极性／带电侧链,C18 H14 Cl F3 N2 O4 S,446.828,TRP,c1ccc2c(c1)c(c[nH]2)C[C@@H](C(=O)O)NS(=O)(=O)c3ccc(c(c3)C(F)(F)F)Cl,疏水性可能↑；代谢稳定性可能↑；水溶性可能↓；疏水表面积可能↑；膜分配可能↑,仅为结构/类别推断；不代表已证实提高环肽渗透性或口服暴露,https://www.rcsb.org/ligand/TQI
TQQ,"(S)-2-AMINO-3-(6,7-DIHYDRO-6-IMINO-7-OXO-1H-INDOL-3-YL)PROPANOIC ACID","3-[(6E)-6-IMINO-7-OXO-6,7-DIHYDRO-1H-INDOL-3-YL]-L-ALANINE",l-peptide linking,极性／带电侧链,极性／带电侧链,C11 H11 N3 O3,233.223,TRP,[H]/N=C\1/C=Cc2c(c[nH]c2C1=O)C[C@@H](C(=O)O)N,水溶性可能↑；被动渗透性可能↓；可提供结合或偶联位点,仅为结构/类别推断；不代表已证实提高环肽渗透性或口服暴露,https://www.rcsb.org/ligand/TQQ
TQZ,2-AMINO-3-PENTASULFANYLPROPAN-1-OL,,l-peptide linking,其他CCD肽链核心,,C3 H7 N O2 S5,249.418,CYS,C([C@@H](C(=O)O)N)SSSSS,尚无可靠的定向性质判断；需在具体环肽骨架中验证,仅为结构/类别推断；不代表已证实提高环肽渗透性或口服暴露,https://www.rcsb.org/ligand/TQZ
TRF,N1-FORMYL-TRYPTOPHAN,,l-peptide linking,芳香／疏水侧链,芳香／疏水侧链；极性／带电侧链,C12 H12 N2 O3,232.235,TRP,c1ccc2c(c1)c(cn2C=O)C[C@@H](C(=O)O)N,疏水表面积可能↑；膜分配可能↑；水溶性可能↓；水溶性可能↑；被动渗透性可能↓,仅为结构/类别推断；不代表已证实提高环肽渗透性或口服暴露,https://www.rcsb.org/ligand/TRF
TRN,NZ2-TRYPTOPHAN,,l-peptide linking,芳香／疏水侧链,芳香／疏水侧链；极性／带电侧链,C10 H11 N3 O2,205.213,TRP,c1cc2c(c[nH]c2nc1)C[C@@H](C(=O)O)N,疏水表面积可能↑；膜分配可能↑；水溶性可能↓；水溶性可能↑；被动渗透性可能↓,仅为结构/类别推断；不代表已证实提高环肽渗透性或口服暴露,https://www.rcsb.org/ligand/TRN
TRO,2-HYDROXY-TRYPTOPHAN,,l-peptide linking,芳香／疏水侧链,芳香／疏水侧链；极性／带电侧链,C11 H12 N2 O3,220.225,TRP,c1ccc2c(c1)c(c([nH]2)O)C[C@@H](C(=O)O)N,疏水表面积可能↑；膜分配可能↑；水溶性可能↓；水溶性可能↑；被动渗透性可能↓,仅为结构/类别推断；不代表已证实提高环肽渗透性或口服暴露,https://www.rcsb.org/ligand/TRO
TRQ,"2-AMINO-3-(6,7-DIOXO-6,7-DIHYDRO-1H-INDOL-3-YL)-PROPIONIC ACID",,l-peptide linking,芳香／疏水侧链,芳香／疏水侧链；极性／带电侧链,C11 H10 N2 O4,234.208,TRP,c1c(c2c([nH]1)C(=O)C(=O)C=C2)C[C@@H](C(=O)O)N,疏水表面积可能↑；膜分配可能↑；水溶性可能↓；水溶性可能↑；被动渗透性可能↓,仅为结构/类别推断；不代表已证实提高环肽渗透性或口服暴露,https://www.rcsb.org/ligand/TRQ
TRW,TRW3-(2-AMINO-3-HYDROXY-PROPYL)-6-(N'-CYCLOHEXYL-HYDRAZINO)OCTAHYDRO-INDOL-7-OL,PHENYLHYDRAZINE ADDUCT,l-peptide linking,构象限制,构象限制；芳香／疏水侧链；极性／带电侧链,C17 H18 N4 O2,310.35,TRP,c1ccc(cc1)NNc2ccc3c(c[nH]c3c2O)C[C@@H](C=O)N,构象刚性可能↑；蛋白酶稳定性可能↑；渗透性取决于极性遮蔽；疏水表面积可能↑；膜分配可能↑,仅为结构/类别推断；不代表已证实提高环肽渗透性或口服暴露,https://www.rcsb.org/ligand/TRW
TRX,6-HYDROXYTRYPTOPHAN,,l-peptide linking,芳香／疏水侧链,芳香／疏水侧链；极性／带电侧链,C11 H12 N2 O3,220.225,TRP,c1cc2c(cc1O)[nH]cc2C[C@@H](C(=O)O)N,疏水表面积可能↑；膜分配可能↑；水溶性可能↓；水溶性可能↑；被动渗透性可能↓,仅为结构/类别推断；不代表已证实提高环肽渗透性或口服暴露,https://www.rcsb.org/ligand/TRX
TRY,(2Z)-2-amino-3-(1H-indol-3-yl)prop-2-enoic acid,,l-peptide linking,芳香／疏水侧链,芳香／疏水侧链；极性／带电侧链,C11 H10 N2 O2,202.209,TRP,c1ccc2c(c1)c(c[nH]2)/C=C(/C(=O)O)\N,疏水表面积可能↑；膜分配可能↑；水溶性可能↓；水溶性可能↑；被动渗透性可能↓,仅为结构/类别推断；不代表已证实提高环肽渗透性或口服暴露,https://www.rcsb.org/ligand/TRY
TS9,"(2S,3S,4R)-2-amino-3,4-dihydroxy-3-methylpentanoic acid",,l-peptide linking,极性／带电侧链,极性／带电侧链,C6 H13 N O4,163.172,ILE,C[C@H]([C@](C)([C@@H](C(=O)O)N)O)O,水溶性可能↑；被动渗透性可能↓；可提供结合或偶联位点,仅为结构/类别推断；不代表已证实提高环肽渗透性或口服暴露,https://www.rcsb.org/ligand/TS9
TSQ,4-(trimethylsilyl)-L-phenylalanine,,l-peptide linking,芳香／疏水侧链,芳香／疏水侧链,C12 H19 N O2 Si,237.37,PHE,C[Si](C)(C)c1ccc(cc1)C[C@@H](C(=O)O)N,疏水表面积可能↑；膜分配可能↑；水溶性可能↓,仅为结构/类别推断；不代表已证实提高环肽渗透性或口服暴露,https://www.rcsb.org/ligand/TSQ
TST,4-METHYL-2-{[4-(TOLUENE-4-SULFONYL)-THIOMORPHOLINE-3-CARBONYL]-AMINO}-PENTANOIC ACID,"(3R)-4-(P-TOLUENESULFONYL)-1,4-THIAZANE-3-CARBOXYLIC ACID-L-LEUCINE",l-peptide linking,芳香／疏水侧链,芳香／疏水侧链；极性／带电侧链,C18 H26 N2 O5 S2,414.539,,Cc1ccc(cc1)S(=O)(=O)N2CCSC[C@H]2C(=O)N[C@@H](CC(C)C)C(=O)O,疏水表面积可能↑；膜分配可能↑；水溶性可能↓；水溶性可能↑；被动渗透性可能↓,仅为结构/类别推断；不代表已证实提高环肽渗透性或口服暴露,https://www.rcsb.org/ligand/TST
TSY,(2S)-2-amino-3-trisulfanylpropanoic acid,,l-peptide linking,其他CCD肽链核心,,C3 H7 N O2 S3,185.288,CYS,C([C@@H](C(=O)O)N)SSS,尚无可靠的定向性质判断；需在具体环肽骨架中验证,仅为结构/类别推断；不代表已证实提高环肽渗透性或口服暴露,https://www.rcsb.org/ligand/TSY
TTQ,6-AMINO-7-HYDROXY-L-TRYPTOPHAN,,l-peptide linking,芳香／疏水侧链,芳香／疏水侧链；极性／带电侧链,C11 H13 N3 O3,235.239,TRP,c1cc(c(c2c1c(c[nH]2)C[C@@H](C(=O)O)N)O)N,疏水表面积可能↑；膜分配可能↑；水溶性可能↓；水溶性可能↑；被动渗透性可能↓,仅为结构/类别推断；不代表已证实提高环肽渗透性或口服暴露,https://www.rcsb.org/ligand/TTQ
TTS,"3-((3E)-4-HYDROXY-3-{[2-(4-HYDROXYPHENYL)ETHYL]IMINO}-6-OXOCYCLOHEXA-1,4-DIEN-1-YL)ALANINE",,l-peptide linking,构象限制,构象限制；芳香／疏水侧链；极性／带电侧链,C17 H18 N2 O5,330.335,TYR,c1cc(ccc1CC/N=C/2\C=C(C(=O)C=C2O)C[C@@H](C(=O)O)N)O,构象刚性可能↑；蛋白酶稳定性可能↑；渗透性取决于极性遮蔽；疏水表面积可能↑；膜分配可能↑,仅为结构/类别推断；不代表已证实提高环肽渗透性或口服暴露,https://www.rcsb.org/ligand/TTS
TXY,"3-[(5S)-4,5-dihydroxycyclohexa-1,3-dien-1-yl]-L-alanine",,l-peptide linking,构象限制,构象限制；极性／带电侧链,C9 H13 N O4,199.204,TYR,C1[C@@H](C(=CC=C1C[C@@H](C(=O)O)N)O)O,构象刚性可能↑；蛋白酶稳定性可能↑；渗透性取决于极性遮蔽；水溶性可能↑；被动渗透性可能↓,仅为结构/类别推断；不代表已证实提高环肽渗透性或口服暴露,https://www.rcsb.org/ligand/TXY
TY1,O-tert-butyl-L-tyrosine,,l-peptide linking,芳香／疏水侧链,芳香／疏水侧链；极性／带电侧链,C13 H19 N O3,237.295,TYR,CC(C)(C)Oc1ccc(cc1)C[C@@H](C(=O)O)N,疏水表面积可能↑；膜分配可能↑；水溶性可能↓；水溶性可能↑；被动渗透性可能↓,仅为结构/类别推断；不代表已证实提高环肽渗透性或口服暴露,https://www.rcsb.org/ligand/TY1
TY2,3-AMINO-L-TYROSINE,,l-peptide linking,芳香／疏水侧链,芳香／疏水侧链；极性／带电侧链,C9 H12 N2 O3,196.203,TYR,c1cc(c(cc1C[C@@H](C(=O)O)N)N)O,疏水表面积可能↑；膜分配可能↑；水溶性可能↓；水溶性可能↑；被动渗透性可能↓,仅为结构/类别推断；不代表已证实提高环肽渗透性或口服暴露,https://www.rcsb.org/ligand/TY2
TY5,O-benzyl-L-tyrosine,,l-peptide linking,芳香／疏水侧链,芳香／疏水侧链；极性／带电侧链,C16 H17 N O3,271.311,TYR,c1ccc(cc1)COc2ccc(cc2)C[C@@H](C(=O)O)N,疏水表面积可能↑；膜分配可能↑；水溶性可能↓；水溶性可能↑；被动渗透性可能↓,仅为结构/类别推断；不代表已证实提高环肽渗透性或口服暴露,https://www.rcsb.org/ligand/TY5
TY8,"2,4-bis(hydroperoxy)-5-hydroxy-L-phenylalanine",,l-peptide linking,芳香／疏水侧链,芳香／疏水侧链；极性／带电侧链,C9 H11 N O7,245.186,TYR,c1c(c(cc(c1O)OO)OO)C[C@@H](C(=O)O)N,疏水表面积可能↑；膜分配可能↑；水溶性可能↓；水溶性可能↑；被动渗透性可能↓,仅为结构/类别推断；不代表已证实提高环肽渗透性或口服暴露,https://www.rcsb.org/ligand/TY8
TY9,"3,4-bis(hydroperoxy)-5-hydroxy-L-phenylalanine",,l-peptide linking,芳香／疏水侧链,芳香／疏水侧链；极性／带电侧链,C9 H11 N O7,245.186,TYR,c1c(cc(c(c1O)OO)OO)C[C@@H](C(=O)O)N,疏水表面积可能↑；膜分配可能↑；水溶性可能↓；水溶性可能↑；被动渗透性可能↓,仅为结构/类别推断；不代表已证实提高环肽渗透性或口服暴露,https://www.rcsb.org/ligand/TY9
TYB,TYROSINAL,,l-peptide linking,芳香／疏水侧链,芳香／疏水侧链,C9 H11 N O2,165.189,TYR,c1cc(ccc1C[C@@H](C=O)N)O,疏水表面积可能↑；膜分配可能↑；水溶性可能↓,仅为结构/类别推断；不代表已证实提高环肽渗透性或口服暴露,https://www.rcsb.org/ligand/TYB
TYE,4-[(2S)-2-amino-3-hydroxypropyl]phenol,tyrosinol; bound form of TYROSINAL,l-peptide linking,芳香／疏水侧链,芳香／疏水侧链,C9 H13 N O2,167.205,TYR,c1cc(ccc1C[C@@H](CO)N)O,疏水表面积可能↑；膜分配可能↑；水溶性可能↓,仅为结构/类别推断；不代表已证实提高环肽渗透性或口服暴露,https://www.rcsb.org/ligand/TYE
TYI,"3,5-DIIODOTYROSINE",,l-peptide linking,卤代／电子调节,卤代／电子调节；芳香／疏水侧链；极性／带电侧链,C9 H9 I2 N O3,432.982,TYR,c1c(cc(c(c1I)O)I)C[C@@H](C(=O)O)N,疏水性可能↑；代谢稳定性可能↑；水溶性可能↓；疏水表面积可能↑；膜分配可能↑,仅为结构/类别推断；不代表已证实提高环肽渗透性或口服暴露,https://www.rcsb.org/ligand/TYI
TYJ,"2,5-dihydroxy-N-methyl-L-tyrosine",,l-peptide linking,N-取代,N-取代；芳香／疏水侧链；极性／带电侧链,C10 H13 N O5,227.214,TYR,CN[C@@H](Cc1cc(c(cc1O)O)O)C(=O)O,主链氢键供体可能↓；暴露极性可能↓；被动渗透性可能↑；疏水表面积可能↑；膜分配可能↑,仅为结构/类别推断；不代表已证实提高环肽渗透性或口服暴露,https://www.rcsb.org/ligand/TYJ
TYN,AMINOBENZOFURAZAN-O-TYROSINE,,l-peptide linking,芳香／疏水侧链,芳香／疏水侧链；极性／带电侧链,C15 H16 N4 O4,316.312,TYR,c1cc(ccc1C[C@@H](C(=O)O)N)Oc2ccc(c3c2NON3)N,疏水表面积可能↑；膜分配可能↑；水溶性可能↓；水溶性可能↑；被动渗透性可能↓,仅为结构/类别推断；不代表已证实提高环肽渗透性或口服暴露,https://www.rcsb.org/ligand/TYN
TYO,"(4Z,6E)-2-AMINO-7-HYDROPEROXY-4-[(E)-2-HYDROXYVINYL]HEPTA-4,6-DIENOIC ACID",,l-peptide linking,极性／带电侧链,极性／带电侧链,C9 H13 N O5,215.203,TYR,C([C@@H](C(=O)O)N)C(=C\C=C\OO)C=CO,水溶性可能↑；被动渗透性可能↓；可提供结合或偶联位点,仅为结构/类别推断；不代表已证实提高环肽渗透性或口服暴露,https://www.rcsb.org/ligand/TYO
TYQ,3-AMINO-6-HYDROXY-TYROSINE,,l-peptide linking,芳香／疏水侧链,芳香／疏水侧链；极性／带电侧链,C9 H12 N2 O4,212.203,TYR,c1c(c(cc(c1N)O)O)C[C@@H](C(=O)O)N,疏水表面积可能↑；膜分配可能↑；水溶性可能↓；水溶性可能↑；被动渗透性可能↓,仅为结构/类别推断；不代表已证实提高环肽渗透性或口服暴露,https://www.rcsb.org/ligand/TYQ
TYS,O-SULFO-L-TYROSINE,,l-peptide linking,芳香／疏水侧链,芳香／疏水侧链；极性／带电侧链,C9 H11 N O6 S,261.252,TYR,c1cc(ccc1C[C@@H](C(=O)O)N)OS(=O)(=O)O,疏水表面积可能↑；膜分配可能↑；水溶性可能↓；水溶性可能↑；被动渗透性可能↓,仅为结构/类别推断；不代表已证实提高环肽渗透性或口服暴露,https://www.rcsb.org/ligand/TYS
TYT,TYROSINE DERIVATIVE,"2-AMINO-3-[4-HYDROXY-6-OXO-3-(2-PHENYL-CYCLOPROPYLIMINO)-CYCLOHEXA-1,4-DIENYL]-PROPIONIC ACID",l-peptide linking,构象限制,构象限制；芳香／疏水侧链；极性／带电侧链,C18 H20 N2 O4,328.362,TYR,c1ccc(cc1)C2CC2/N=C/3\CC(C(=O)C=C3O)C[C@@H](C(=O)O)N,构象刚性可能↑；蛋白酶稳定性可能↑；渗透性取决于极性遮蔽；疏水表面积可能↑；膜分配可能↑,仅为结构/类别推断；不代表已证实提高环肽渗透性或口服暴露,https://www.rcsb.org/ligand/TYT
TYX,S-(2-ANILINO-2-OXOETHYL)-L-CYSTEINE,,l-peptide linking,芳香／疏水侧链,芳香／疏水侧链；极性／带电侧链,C11 H14 N2 O3 S,254.305,,c1ccc(cc1)NC(=O)CSC[C@@H](C(=O)O)N,疏水表面积可能↑；膜分配可能↑；水溶性可能↓；水溶性可能↑；被动渗透性可能↓,仅为结构/类别推断；不代表已证实提高环肽渗透性或口服暴露,https://www.rcsb.org/ligand/TYX
TYY,"3-(4-HYDROXY-3-IMINO-6-OXO-CYCLOHEXA-1,4-DIENYL)-ALANINE",,l-peptide linking,构象限制,构象限制；极性／带电侧链,C9 H10 N2 O4,210.187,TYR,C1=C(C(=O)C=C(C1=N)O)C[C@@H](C(=O)O)N,构象刚性可能↑；蛋白酶稳定性可能↑；渗透性取决于极性遮蔽；水溶性可能↑；被动渗透性可能↓,仅为结构/类别推断；不代表已证实提高环肽渗透性或口服暴露,https://www.rcsb.org/ligand/TYY
TZB,"(4S)-2-[(1E)-1-AMINOPROP-1-ENYL]-4,5-DIHYDRO-1,3-THIAZOLE-4-CARBOXYLIC ACID",,l-peptide linking,极性／带电侧链,极性／带电侧链,C7 H10 N2 O2 S,186.231,,C\C=C(\C1=N[C@H](CS1)C(=O)O)/N,水溶性可能↑；被动渗透性可能↓；可提供结合或偶联位点,仅为结构/类别推断；不代表已证实提高环肽渗透性或口服暴露,https://www.rcsb.org/ligand/TZB
U2M,(2S)-2-amino-7-sulfanylheptanoic acid,,l-peptide linking,其他CCD肽链核心,,C7 H15 N O2 S,177.264,,C(CC[C@@H](C(=O)O)N)CCS,尚无可靠的定向性质判断；需在具体环肽骨架中验证,仅为结构/类别推断；不代表已证实提高环肽渗透性或口服暴露,https://www.rcsb.org/ligand/U2M
U2X,O-(cyclohexylmethyl)-L-tyrosine,,l-peptide linking,构象限制,构象限制；芳香／疏水侧链；极性／带电侧链,C16 H23 N O3,277.359,TYR,c1cc(ccc1C[C@@H](C(=O)O)N)OCC2CCCCC2,构象刚性可能↑；蛋白酶稳定性可能↑；渗透性取决于极性遮蔽；疏水表面积可能↑；膜分配可能↑,仅为结构/类别推断；不代表已证实提高环肽渗透性或口服暴露,https://www.rcsb.org/ligand/U2X
U3X,4-[(cyclohexylmethyl)amino]-L-phenylalanine,,l-peptide linking,构象限制,构象限制；芳香／疏水侧链；极性／带电侧链,C16 H24 N2 O2,276.374,PHE,c1cc(ccc1C[C@@H](C(=O)O)N)NCC2CCCCC2,构象刚性可能↑；蛋白酶稳定性可能↑；渗透性取决于极性遮蔽；疏水表面积可能↑；膜分配可能↑,仅为结构/类别推断；不代表已证实提高环肽渗透性或口服暴露,https://www.rcsb.org/ligand/U3X
UAL,(2Z)-2-amino-3-(carbamoylamino)prop-2-enoic acid,,peptide linking,极性／带电侧链,极性／带电侧链,C4 H7 N3 O3,145.117,,C(=C(/C(=O)O)\N)\NC(=O)N,水溶性可能↑；被动渗透性可能↓；可提供结合或偶联位点,仅为结构/类别推断；不代表已证实提高环肽渗透性或口服暴露,https://www.rcsb.org/ligand/UAL
UB4,"(2S)-2-amino-4-(1,3-benzothiazol-2-yl)butanoic acid",,l-peptide linking,芳香／疏水侧链,芳香／疏水侧链；极性／带电侧链,C11 H12 N2 O2 S,236.29,,c1ccc2c(c1)nc(s2)CC[C@@H](C(=O)O)N,疏水表面积可能↑；膜分配可能↑；水溶性可能↓；水溶性可能↑；被动渗透性可能↓,仅为结构/类别推断；不代表已证实提高环肽渗透性或口服暴露,https://www.rcsb.org/ligand/UB4
UDS,N-[(3-HYDROXYQUINOLIN-2-YL)CARBONYL]-D-SERINE,,d-peptide linking,D-构型,D-构型；芳香／疏水侧链；极性／带电侧链,C13 H12 N2 O5,276.245,DSN,c1ccc2c(c1)cc(c(n2)C(=O)N[C@H](CO)C(=O)O)O,蛋白酶稳定性可能↑；局部构象可能改变；渗透性取决于骨架；疏水表面积可能↑；膜分配可能↑,仅为结构/类别推断；不代表已证实提高环肽渗透性或口服暴露,https://www.rcsb.org/ligand/UDS
UF0,"O-[(R)-hydroxy{[(3R)-3-hydroxy-4-{[3-({2-[(hydroxyacetyl)amino]ethyl}amino)-3-oxopropyl]amino}-2,2-dimethyl-4-oxobutyl]oxy}phosphoryl]-L-serine",,l-peptide linking,极性／带电侧链,极性／带电侧链,C16 H31 N4 O11 P,486.411,SER,CC(C)(CO[P@@](=O)(O)OC[C@@H](C(=O)O)N)[C@H](C(=O)NCCC(=O)NCCNC(=O)CO)O,水溶性可能↑；被动渗透性可能↓；可提供结合或偶联位点,仅为结构/类别推断；不代表已证实提高环肽渗透性或口服暴露,https://www.rcsb.org/ligand/UF0
UGY,(2S)-amino(carbamoylamino)ethanoic acid,(S)-2-ureidoglycine,peptide linking,极性／带电侧链,极性／带电侧链,C3 H7 N3 O3,133.106,GLY,[C@H](C(=O)O)(N)NC(=O)N,水溶性可能↑；被动渗透性可能↓；可提供结合或偶联位点,仅为结构/类别推断；不代表已证实提高环肽渗透性或口服暴露,https://www.rcsb.org/ligand/UGY
UIA,[(2~{R})-1-azanylpropan-2-yl]carbamic acid,,l-peptide linking,极性／带电侧链,极性／带电侧链,C4 H10 N2 O2,118.134,,C[C@H](CN)NC(=O)O,水溶性可能↑；被动渗透性可能↓；可提供结合或偶联位点,仅为结构/类别推断；不代表已证实提高环肽渗透性或口服暴露,https://www.rcsb.org/ligand/UIA
UJR,(2~{R})-2-azanyl-3-(5-iodanylpyrimidin-2-yl)sulfanyl-propanal,arylated cysteine,l-peptide linking,芳香／疏水侧链,芳香／疏水侧链；极性／带电侧链,C7 H8 I N3 O S,309.127,CYS,c1c(cnc(n1)SC[C@@H](C=O)N)I,疏水表面积可能↑；膜分配可能↑；水溶性可能↓；水溶性可能↑；被动渗透性可能↓,仅为结构/类别推断；不代表已证实提高环肽渗透性或口服暴露,https://www.rcsb.org/ligand/UJR
UKD,"3-(4-phosphono-1H-1,2,3-triazol-1-yl)-L-alanine",pHis,l-peptide linking,芳香／疏水侧链,芳香／疏水侧链；极性／带电侧链,C5 H9 N4 O5 P,236.123,,c1c(nnn1C[C@@H](C(=O)O)N)P(=O)(O)O,疏水表面积可能↑；膜分配可能↑；水溶性可能↓；水溶性可能↑；被动渗透性可能↓,仅为结构/类别推断；不代表已证实提高环肽渗透性或口服暴露,https://www.rcsb.org/ligand/UKD
UKY,"3-(5-phosphono-1H-1,2,3-triazol-1-yl)-L-alanine",,l-peptide linking,芳香／疏水侧链,芳香／疏水侧链；极性／带电侧链,C5 H9 N4 O5 P,236.123,,c1c(n(nn1)C[C@@H](C(=O)O)N)P(=O)(O)O,疏水表面积可能↑；膜分配可能↑；水溶性可能↓；水溶性可能↑；被动渗透性可能↓,仅为结构/类别推断；不代表已证实提高环肽渗透性或口服暴露,https://www.rcsb.org/ligand/UKY
UM1,(2R)-2-[[(2R)-2-(2-aminoethanoylamino)propanoyl]amino]propanoic acid,glycyl-D-alanyl-D-alanine,d-peptide linking,D-构型,D-构型；极性／带电侧链,C8 H15 N3 O4,217.222,ALA,C[C@H](C(=O)N[C@H](C)C(=O)O)NC(=O)CN,蛋白酶稳定性可能↑；局部构象可能改变；渗透性取决于骨架；水溶性可能↑；被动渗透性可能↓,仅为结构/类别推断；不代表已证实提高环肽渗透性或口服暴露,https://www.rcsb.org/ligand/UM1
UM2,(2S)-2-amino-N-butyl-propanamide,N-butyl-L-alaninamide,l-peptide linking,极性／带电侧链,极性／带电侧链,C7 H16 N2 O,144.215,ALA,CCCCNC(=O)[C@H](C)N,水溶性可能↑；被动渗透性可能↓；可提供结合或偶联位点,仅为结构/类别推断；不代表已证实提高环肽渗透性或口服暴露,https://www.rcsb.org/ligand/UM2
UMA,URIDINE-5'-DIPHOSPHATE-N-ACETYLMURAMOYL-L-ALANINE,,l-peptide linking,极性／带电侧链,极性／带电侧链,C23 H36 N4 O20 P2,750.494,ALA,C[C@@H](C(=O)O)NC(=O)[C@@H](C)O[C@@H]1[C@H]([C@H](O[C@@H]([C@H]1O)CO)O[P@@](=O)(O)O[P@](=O)(O)OC[C@@H]2[C@H]([C@H]([C@@H](O2)N3C=CC(=O)NC3=O)O)O)NC(=O)C,水溶性可能↑；被动渗透性可能↓；可提供结合或偶联位点,仅为结构/类别推断；不代表已证实提高环肽渗透性或口服暴露,https://www.rcsb.org/ligand/UMA
UN1,2-AMINOHEXANEDIOIC ACID,,l-peptide linking,极性／带电侧链,极性／带电侧链,C6 H11 N O4,161.156,,C(C[C@@H](C(=O)O)N)CC(=O)O,水溶性可能↑；被动渗透性可能↓；可提供结合或偶联位点,仅为结构/类别推断；不代表已证实提高环肽渗透性或口服暴露,https://www.rcsb.org/ligand/UN1
UN2,"2-AMINO-4,4-DIHYDROXYBUTANOIC ACID",,l-peptide linking,极性／带电侧链,极性／带电侧链,C4 H9 N O4,135.119,,C([C@@H](C(=O)O)N)C(O)O,水溶性可能↑；被动渗透性可能↓；可提供结合或偶联位点,仅为结构/类别推断；不代表已证实提高环肽渗透性或口服暴露,https://www.rcsb.org/ligand/UN2
UOX,3-(oxido-lambda~4~-selanyl)-L-alanine,,l-peptide linking,极性／带电侧链,极性／带电侧链,C3 H6 N O3 Se,183.045,SEC,C([C@@H](C(=O)O)N)[Se-]=O,水溶性可能↑；被动渗透性可能↓；可提供结合或偶联位点,仅为结构/类别推断；不代表已证实提高环肽渗透性或口服暴露,https://www.rcsb.org/ligand/UOX
URV,[(2~{S})-2-azanyl-3-methyl-butyl]carbamic acid,,l-peptide linking,极性／带电侧链,极性／带电侧链,C6 H14 N2 O2,146.188,,CC(C)[C@@H](CNC(=O)O)N,水溶性可能↑；被动渗透性可能↓；可提供结合或偶联位点,仅为结构/类别推断；不代表已证实提高环肽渗透性或口服暴露,https://www.rcsb.org/ligand/URV
UU4,(2S)-2-amino-4-(L-serylamino)butanoic acid,,l-peptide linking,极性／带电侧链,极性／带电侧链,C7 H15 N3 O4,205.212,,C(CNC(=O)[C@H](CO)N)[C@@H](C(=O)O)N,水溶性可能↑；被动渗透性可能↓；可提供结合或偶联位点,仅为结构/类别推断；不代表已证实提高环肽渗透性或口服暴露,https://www.rcsb.org/ligand/UU4
UU5,(2S)-2-amino-4-[(oxoacetyl)amino]butanoic acid,,l-peptide linking,极性／带电侧链,极性／带电侧链,C6 H10 N2 O4,174.155,,C(CNC(=O)C=O)[C@@H](C(=O)O)N,水溶性可能↑；被动渗透性可能↓；可提供结合或偶联位点,仅为结构/类别推断；不代表已证实提高环肽渗透性或口服暴露,https://www.rcsb.org/ligand/UU5
UX8,"(2~{S},3~{R})-2-azanyl-3-(1~{H}-indol-3-yl)-3-oxidanyl-propanoic acid",,l-peptide linking,芳香／疏水侧链,芳香／疏水侧链；极性／带电侧链,C11 H12 N2 O3,220.225,TRP,c1ccc2c(c1)c(c[nH]2)[C@H]([C@@H](C(=O)O)N)O,疏水表面积可能↑；膜分配可能↑；水溶性可能↓；水溶性可能↑；被动渗透性可能↓,仅为结构/类别推断；不代表已证实提高环肽渗透性或口服暴露,https://www.rcsb.org/ligand/UX8
UXQ,(2S)-2-azanyl-3-[4-[(2-chloranylethanoylamino)methyl]phenyl]propanoic acid,,peptide linking,芳香／疏水侧链,芳香／疏水侧链；极性／带电侧链,C12 H15 Cl N2 O3,270.712,PHE,c1cc(ccc1C[C@@H](C(=O)O)N)CNC(=O)CCl,疏水表面积可能↑；膜分配可能↑；水溶性可能↓；水溶性可能↑；被动渗透性可能↓,仅为结构/类别推断；不代表已证实提高环肽渗透性或口服暴露,https://www.rcsb.org/ligand/UXQ
UXY,(4R)-4-hydroxy-L-lysine,,l-peptide linking,极性／带电侧链,极性／带电侧链,C6 H14 N2 O3,162.187,,C(CN)[C@H](C[C@@H](C(=O)O)N)O,水溶性可能↑；被动渗透性可能↓；可提供结合或偶联位点,仅为结构/类别推断；不代表已证实提高环肽渗透性或口服暴露,https://www.rcsb.org/ligand/UXY
UY7,(4S)-4-hydroxy-D-proline,,d-peptide linking,D-构型,D-构型；构象限制；极性／带电侧链,C5 H9 N O3,131.13,,C1[C@@H](CN[C@H]1C(=O)O)O,蛋白酶稳定性可能↑；局部构象可能改变；渗透性取决于骨架；构象刚性可能↑；渗透性取决于极性遮蔽,仅为结构/类别推断；不代表已证实提高环肽渗透性或口服暴露,https://www.rcsb.org/ligand/UY7
UYA,(4R)-4-hydroxy-D-proline,,d-peptide linking,D-构型,D-构型；构象限制；极性／带电侧链,C5 H9 N O3,131.13,,C1[C@H](CN[C@H]1C(=O)O)O,蛋白酶稳定性可能↑；局部构象可能改变；渗透性取决于骨架；构象刚性可能↑；渗透性取决于极性遮蔽,仅为结构/类别推断；不代表已证实提高环肽渗透性或口服暴露,https://www.rcsb.org/ligand/UYA
UZ4,"(2R,3S)-3-amino-2-hydroxy-4-[(3S)-2-oxopyrrolidin-3-yl]butanoic acid",,l-peptide linking,极性／带电侧链,极性／带电侧链,C8 H14 N2 O4,202.208,,C1CNC(=O)[C@@H]1C[C@@H]([C@H](C(=O)O)O)N,水溶性可能↑；被动渗透性可能↓；可提供结合或偶联位点,仅为结构/类别推断；不代表已证实提高环肽渗透性或口服暴露,https://www.rcsb.org/ligand/UZ4
UZA,"(2S,6E)-2-amino-2-methylnon-6-enoic acid",,l-peptide linking,其他CCD肽链核心,,C10 H19 N O2,185.263,,CC/C=C/CCC[C@@](C)(C(=O)O)N,尚无可靠的定向性质判断；需在具体环肽骨架中验证,仅为结构/类别推断；不代表已证实提高环肽渗透性或口服暴露,https://www.rcsb.org/ligand/UZA
UZN,[(2~{S})-2-azanylhexyl]carbamic acid,,l-peptide linking,极性／带电侧链,极性／带电侧链,C7 H16 N2 O2,160.214,,CCCC[C@@H](CNC(=O)O)N,水溶性可能↑；被动渗透性可能↓；可提供结合或偶联位点,仅为结构/类别推断；不代表已证实提高环肽渗透性或口服暴露,https://www.rcsb.org/ligand/UZN
V1C,(2S)-2-azanyl-3-[4-[1-(2-methylpropyl)pyrazol-4-yl]phenyl]propanoic acid,,"l-beta-peptide, c-gamma linking",延长骨架,延长骨架；芳香／疏水侧链；极性／带电侧链,C16 H21 N3 O2,287.357,PHE,CC(C)Cn1cc(cn1)c2ccc(cc2)C[C@@H](C(=O)O)N,骨架间距改变；构象分布可能改变；抗酶解性可能↑；疏水表面积可能↑；膜分配可能↑,仅为结构/类别推断；不代表已证实提高环肽渗透性或口服暴露,https://www.rcsb.org/ligand/V1C
V1V,"(2S,3S)-3-amino-2-hydroxyhexanoic acid",,l-peptide linking,极性／带电侧链,极性／带电侧链,C6 H13 N O3,147.172,,CCC[C@@H]([C@@H](C(=O)O)O)N,水溶性可能↑；被动渗透性可能↓；可提供结合或偶联位点,仅为结构/类别推断；不代表已证实提高环肽渗透性或口服暴露,https://www.rcsb.org/ligand/V1V
V3C,Trans-4-athyl-L-proline,"(2S,4R)-4-ethylpyrrolidine-2-carboxylic acid; ethyl-L-proline",l-peptide linking,构象限制,构象限制,C7 H13 N O2,143.184,PRO,CC[C@@H]1C[C@H](NC1)C(=O)O,构象刚性可能↑；蛋白酶稳定性可能↑；渗透性取决于极性遮蔽,仅为结构/类别推断；不代表已证实提高环肽渗透性或口服暴露,https://www.rcsb.org/ligand/V3C
V3E,(2~{S})-2-azanyl-3-(2-hydroxyphenyl)propanoic acid,,l-peptide linking,芳香／疏水侧链,芳香／疏水侧链；极性／带电侧链,C10 H13 N O3,195.215,PHE,COC(=O)[C@H](Cc1ccccc1O)N,疏水表面积可能↑；膜分配可能↑；水溶性可能↓；水溶性可能↑；被动渗透性可能↓,仅为结构/类别推断；不代表已证实提高环肽渗透性或口服暴露,https://www.rcsb.org/ligand/V3E
V44,"S-[2,2-bis(1-methyl-1H-imidazol-2-yl)ethyl]-L-cysteine",,l-peptide linking,芳香／疏水侧链,芳香／疏水侧链；极性／带电侧链,C13 H19 N5 O2 S,309.387,CYS,Cn1ccnc1C(CSC[C@@H](C(=O)O)N)c2nccn2C,疏水表面积可能↑；膜分配可能↑；水溶性可能↓；水溶性可能↑；被动渗透性可能↓,仅为结构/类别推断；不代表已证实提高环肽渗透性或口服暴露,https://www.rcsb.org/ligand/V44
V4F,8-(aminomethyl)-4-(phosphonomethoxy)quinoline-2-carboxylic acid,,peptide linking,芳香／疏水侧链,芳香／疏水侧链；极性／带电侧链,C12 H13 N2 O6 P,312.215,V4F,c1cc(c2c(c1)c(cc(n2)C(=O)O)OCP(=O)(O)O)CN,疏水表面积可能↑；膜分配可能↑；水溶性可能↓；水溶性可能↑；被动渗透性可能↓,仅为结构/类别推断；不代表已证实提高环肽渗透性或口服暴露,https://www.rcsb.org/ligand/V4F
V53,8-azanyl-4-(phosphonomethoxy)quinoline-2-carboxylic acid,,peptide linking,芳香／疏水侧链,芳香／疏水侧链；极性／带电侧链,C11 H11 N2 O6 P,298.189,ES1,c1cc2c(cc(nc2c(c1)N)C(=O)O)OCP(=O)(O)O,疏水表面积可能↑；膜分配可能↑；水溶性可能↓；水溶性可能↑；被动渗透性可能↓,仅为结构/类别推断；不代表已证实提高环肽渗透性或口服暴露,https://www.rcsb.org/ligand/V53
V5F,(2R)-2-(2-azanylphenoxy)propanoic acid,,peptide linking,芳香／疏水侧链,芳香／疏水侧链；极性／带电侧链,C9 H11 N O3,181.189,,C[C@H](C(=O)O)Oc1ccccc1N,疏水表面积可能↑；膜分配可能↑；水溶性可能↓；水溶性可能↑；被动渗透性可能↓,仅为结构/类别推断；不代表已证实提高环肽渗透性或口服暴露,https://www.rcsb.org/ligand/V5F
V5N,"(2S,3S)-2-azanyl-3-(1H-imidazol-5-yl)-3-oxidanyl-propanoic acid",,l-peptide linking,芳香／疏水侧链,芳香／疏水侧链；极性／带电侧链,C6 H9 N3 O3,171.154,HIS,c1c([nH]cn1)[C@H]([C@@H](C(=O)O)N)O,疏水表面积可能↑；膜分配可能↑；水溶性可能↓；水溶性可能↑；被动渗透性可能↓,仅为结构/类别推断；不代表已证实提高环肽渗透性或口服暴露,https://www.rcsb.org/ligand/V5N
V61,"2,3,5,6-tetrafluoro-4-iodo-L-phenylalanine",,l-peptide linking,卤代／电子调节,卤代／电子调节；芳香／疏水侧链,C9 H6 F4 I N O2,363.048,PHE,C(c1c(c(c(c(c1F)F)I)F)F)[C@@H](C(=O)O)N,疏水性可能↑；代谢稳定性可能↑；水溶性可能↓；疏水表面积可能↑；膜分配可能↑,仅为结构/类别推断；不代表已证实提高环肽渗透性或口服暴露,https://www.rcsb.org/ligand/V61
V6W,NE-Acetyl-L-tryptophan,,l-peptide linking,芳香／疏水侧链,芳香／疏水侧链；极性／带电侧链,C13 H14 N2 O4,262.261,TRP,c1ccc2c(c1)c(cn2CC(=O)O)C[C@@H](C(=O)O)N,疏水表面积可能↑；膜分配可能↑；水溶性可能↓；水溶性可能↑；被动渗透性可能↓,仅为结构/类别推断；不代表已证实提高环肽渗透性或口服暴露,https://www.rcsb.org/ligand/V6W
VAD,DEAMINOHYDROXYVALINE,,l-peptide linking,极性／带电侧链,极性／带电侧链,C5 H10 O3,118.131,VAL,CC(C)[C@H](C(=O)O)O,水溶性可能↑；被动渗透性可能↓；可提供结合或偶联位点,仅为结构/类别推断；不代表已证实提高环肽渗透性或口服暴露,https://www.rcsb.org/ligand/VAD
VAH,(3R)-3-hydroxy-L-norvaline,L-3-Hydroxynorvaline,l-peptide linking,极性／带电侧链,极性／带电侧链,C5 H11 N O3,133.146,VAL,CC[C@H]([C@@H](C(=O)O)N)O,水溶性可能↑；被动渗透性可能↓；可提供结合或偶联位点,仅为结构/类别推断；不代表已证实提高环肽渗透性或口服暴露,https://www.rcsb.org/ligand/VAH
VB1,N^6^-[(1R)-2-{[(1S)-1-carboxypropyl]amino}-2-oxo-1-(sulfanylmethyl)ethyl]-6-oxo-L-lysine,,l-peptide linking,极性／带电侧链,极性／带电侧链,C13 H23 N3 O6 S,349.403,LYS,CC[C@@H](C(=O)O)NC(=O)[C@H](CS)NC(=O)CCC[C@@H](C(=O)O)N,水溶性可能↑；被动渗透性可能↓；可提供结合或偶联位点,仅为结构/类别推断；不代表已证实提高环肽渗透性或口服暴露,https://www.rcsb.org/ligand/VB1
VDE,"(2S)-2-azanyl-6-[4-[(2S)-2,3-bis(azanyl)-3-oxidanylidene-propyl]-1,2,3-triazol-1-yl]hexanoic acid",,peptide linking,芳香／疏水侧链,芳香／疏水侧链；极性／带电侧链,C11 H20 N6 O3,284.315,,c1c(nnn1CCCC[C@@H](C(=O)O)N)C[C@@H](C(=O)N)N,疏水表面积可能↑；膜分配可能↑；水溶性可能↓；水溶性可能↑；被动渗透性可能↓,仅为结构/类别推断；不代表已证实提高环肽渗透性或口服暴露,https://www.rcsb.org/ligand/VDE
VDK,"[(1S,3S)-3-carboxycyclohexyl]azanium",,peptide linking,构象限制,构象限制；极性／带电侧链,C7 H14 N O2,144.192,,C1C[C@@H](C[C@H](C1)[NH3+])C(=O)O,构象刚性可能↑；蛋白酶稳定性可能↑；渗透性取决于极性遮蔽；水溶性可能↑；被动渗透性可能↓,仅为结构/类别推断；不代表已证实提高环肽渗透性或口服暴露,https://www.rcsb.org/ligand/VDK
VDL,"(2R,3R)-2,3-DIAMINOBUTANOIC ACID","D-ERITHRO-2,3-DIAMINO-BUTYRIC ACID",d-peptide linking,D-构型,D-构型；极性／带电侧链,C4 H10 N2 O2,118.134,,C[C@H]([C@H](C(=O)O)N)N,蛋白酶稳定性可能↑；局部构象可能改变；渗透性取决于骨架；水溶性可能↑；被动渗透性可能↓,仅为结构/类别推断；不代表已证实提高环肽渗透性或口服暴露,https://www.rcsb.org/ligand/VDL
VEF,"(3S)-3-azanyl-2,2-bis(oxidanyl)butanoic acid","(3S)-3-azanyl-2-oxidanylidene-butanoic acid (precursor); (3S)-3-amino-2-oxobutanoic acid (precursor); (2R,3S)-3-azanyl-2-oxidanyl-butanoic acid (reacted)",l-peptide linking,极性／带电侧链,极性／带电侧链,C4 H9 N O4,135.119,,C[C@@H](C(C(=O)O)(O)O)N,水溶性可能↑；被动渗透性可能↓；可提供结合或偶联位点,仅为结构/类别推断；不代表已证实提高环肽渗透性或口服暴露,https://www.rcsb.org/ligand/VEF
VH0,"(2S,4S)-4-[4-(aminomethyl)-1,2,3-triazol-1-yl]pyrrolidine-2-carboxylic acid",,l-peptide linking,芳香／疏水侧链,芳香／疏水侧链；极性／带电侧链,C8 H13 N5 O2,211.221,PRO,c1c(nnn1[C@H]2C[C@H](NC2)C(=O)O)CN,疏水表面积可能↑；膜分配可能↑；水溶性可能↓；水溶性可能↑；被动渗透性可能↓,仅为结构/类别推断；不代表已证实提高环肽渗透性或口服暴露,https://www.rcsb.org/ligand/VH0
VHF,(2~{S})-2-azanyl-5-oxidanylidene-5-phosphonooxy-pentanoic acid,,l-peptide linking,极性／带电侧链,极性／带电侧链,C5 H10 N O7 P,227.109,GLU,C(CC(=O)OP(=O)(O)O)[C@@H](C(=O)O)N,水溶性可能↑；被动渗透性可能↓；可提供结合或偶联位点,仅为结构/类别推断；不代表已证实提高环肽渗透性或口服暴露,https://www.rcsb.org/ligand/VHF
VI3,(2~{R})-2-azanyl-3-[bis(oxidanylidene)-$l^{5}-sulfanyl]propanoic acid,,l-peptide linking,极性／带电侧链,极性／带电侧链,C3 H6 N O4 S,152.149,CYS,C([C@@H](C(=O)O)N)[S-](=O)=O,水溶性可能↑；被动渗透性可能↓；可提供结合或偶联位点,仅为结构/类别推断；不代表已证实提高环肽渗透性或口服暴露,https://www.rcsb.org/ligand/VI3
VLL,"(2S)-2,3-DIAMINOBUTANOIC ACID","L-THREO-2,3-DIAMINO-BUTYRIC ACID",l-peptide linking,极性／带电侧链,极性／带电侧链,C4 H10 N2 O2,118.134,,C[C@H]([C@@H](C(=O)O)N)N,水溶性可能↑；被动渗透性可能↓；可提供结合或偶联位点,仅为结构/类别推断；不代表已证实提高环肽渗透性或口服暴露,https://www.rcsb.org/ligand/VLL
VLM,VALINYLAMINE,,l-peptide linking,极性／带电侧链,极性／带电侧链,C5 H12 N2 O,116.162,,CC(C)[C@@H](C(=O)N)N,水溶性可能↑；被动渗透性可能↓；可提供结合或偶联位点,仅为结构/类别推断；不代表已证实提高环肽渗透性或口服暴露,https://www.rcsb.org/ligand/VLM
VMS,5'O-[N-(L-VALYL)SULPHAMOYL]ADENOSINE,,l-peptide linking,极性／带电侧链,极性／带电侧链,C15 H23 N7 O7 S,445.451,,CC(C)[C@@H](C(=O)NS(=O)(=O)OC[C@@H]1[C@H]([C@H]([C@@H](O1)n2cnc3c2ncnc3N)O)O)N,水溶性可能↑；被动渗透性可能↓；可提供结合或偶联位点,仅为结构/类别推断；不代表已证实提高环肽渗透性或口服暴露,https://www.rcsb.org/ligand/VMS
VNW,8-azanyl-4-methylselanyl-quinoline-2-carboxylic acid,,peptide linking,芳香／疏水侧链,芳香／疏水侧链；极性／带电侧链,C11 H10 N2 O2 Se,281.169,,C[Se]c1cc(nc2c1cccc2N)C(=O)O,疏水表面积可能↑；膜分配可能↑；水溶性可能↓；水溶性可能↑；被动渗透性可能↓,仅为结构/类别推断；不代表已证实提高环肽渗透性或口服暴露,https://www.rcsb.org/ligand/VNW
VOL,L-VALINOL,,l-peptide linking,其他CCD肽链核心,,C5 H13 N O,103.163,,CC(C)[C@@H](CO)N,尚无可靠的定向性质判断；需在具体环肽骨架中验证,仅为结构/类别推断；不代表已证实提高环肽渗透性或口服暴露,https://www.rcsb.org/ligand/VOL
VPV,"(2E,4R)-2-{[(5S)-5-amino-5-carboxypentyl]imino}-4-hydroxyheptanedioic acid",,l-peptide linking,极性／带电侧链,极性／带电侧链,C13 H22 N2 O7,318.323,LYS,C(CC/N=C(\C[C@@H](CCC(=O)O)O)/C(=O)O)C[C@@H](C(=O)O)N,水溶性可能↑；被动渗透性可能↓；可提供结合或偶联位点,仅为结构/类别推断；不代表已证实提高环肽渗透性或口服暴露,https://www.rcsb.org/ligand/VPV
VR0,N~5~-[N-(methylcarbamoyl)carbamimidoyl]-L-ornithine,,l-peptide linking,极性／带电侧链,极性／带电侧链,C8 H17 N5 O3,231.252,ARG,[H]/N=C(/NCCC[C@@H](C(=O)O)N)\NC(=O)NC,水溶性可能↑；被动渗透性可能↓；可提供结合或偶联位点,仅为结构/类别推断；不代表已证实提高环肽渗透性或口服暴露,https://www.rcsb.org/ligand/VR0
VUB,2-[4-[(4-hydroxyphenyl)methyl]-2-(3-methylbutanimidoyl)-5-oxidanyl-imidazol-1-yl]ethanoic acid,,l-peptide linking,芳香／疏水侧链,芳香／疏水侧链；极性／带电侧链,C17 H21 N3 O4,331.366,GLY / LEU / TYR,[H]/N=C(/CC(C)C)\c1nc(c(n1CC(=O)O)O)Cc2ccc(cc2)O,疏水表面积可能↑；膜分配可能↑；水溶性可能↓；水溶性可能↑；被动渗透性可能↓,仅为结构/类别推断；不代表已证实提高环肽渗透性或口服暴露,https://www.rcsb.org/ligand/VUB
VVK,N-(2-methoxyphenyl)-2-methyl-L-alanine,,l-peptide linking,芳香／疏水侧链,芳香／疏水侧链；极性／带电侧链,C11 H15 N O3,209.242,ALA,CC(C)(C(=O)O)Nc1ccccc1OC,疏水表面积可能↑；膜分配可能↑；水溶性可能↓；水溶性可能↑；被动渗透性可能↓,仅为结构/类别推断；不代表已证实提高环肽渗透性或口服暴露,https://www.rcsb.org/ligand/VVK
VYA,2-[(4~{Z})-2-[(1~{S})-1-azanyl-3-methyl-butyl]-4-[(4-hydroxyphenyl)methylidene]-5-oxidanylidene-imidazol-1-yl]ethanoic acid,PEPTIDE DERIVED CHROMOPHORE,l-peptide linking,芳香／疏水侧链,芳香／疏水侧链；极性／带电侧链,C17 H21 N3 O4,331.366,GLY / LEU / TYR,CC(C)C[C@@H](C1=N/C(=C\c2ccc(cc2)O)/C(=O)N1CC(=O)O)N,疏水表面积可能↑；膜分配可能↑；水溶性可能↓；水溶性可能↑；被动渗透性可能↓,仅为结构/类别推断；不代表已证实提高环肽渗透性或口服暴露,https://www.rcsb.org/ligand/VYA
W4T,3-bromo-S-beta-phenylalanine,(3S)-3-azanyl-3-(3-bromophenyl)propanoic acid,peptide linking,卤代／电子调节,卤代／电子调节；芳香／疏水侧链,C9 H10 Br N O2,244.085,SFE,c1cc(cc(c1)Br)[C@H](CC(=O)O)N,疏水性可能↑；代谢稳定性可能↑；水溶性可能↓；疏水表面积可能↑；膜分配可能↑,仅为结构/类别推断；不代表已证实提高环肽渗透性或口服暴露,https://www.rcsb.org/ligand/W4T
WCM,(2S)-2-amino-3-(biphenyl-4-yl)-N-methyl-N-[(2S)-1-oxopropan-2-yl]propanamide (non-preferred name),,peptide linking,N-取代,N-取代；芳香／疏水侧链；极性／带电侧链,C19 H22 N2 O3,326.39,,C[C@@H](C(=O)O)N(C)C(=O)[C@H](Cc1ccc(cc1)c2ccccc2)N,主链氢键供体可能↓；暴露极性可能↓；被动渗透性可能↑；疏水表面积可能↑；膜分配可能↑,仅为结构/类别推断；不代表已证实提高环肽渗透性或口服暴露,https://www.rcsb.org/ligand/WCM
WCR,"[(2R,4Z)-2-(aminomethyl)-2-hydroxy-4-(4-hydroxybenzylidene)-5-oxoimidazolidin-1-yl]acetic acid",,l-peptide linking,芳香／疏水侧链,芳香／疏水侧链；极性／带电侧链,C13 H15 N3 O5,293.275,GLY / TYR,c1cc(ccc1/C=C\2/C(=O)N([C@](N2)(CN)O)CC(=O)O)O,疏水表面积可能↑；膜分配可能↑；水溶性可能↓；水溶性可能↑；被动渗透性可能↓,仅为结构/类别推断；不代表已证实提高环肽渗透性或口服暴露,https://www.rcsb.org/ligand/WCR
WFP,"3,5-difluoro-L-phenylalanine",,l-peptide linking,卤代／电子调节,卤代／电子调节；芳香／疏水侧链,C9 H9 F2 N O2,201.17,PHE,c1c(cc(cc1F)F)C[C@@H](C(=O)O)N,疏水性可能↑；代谢稳定性可能↑；水溶性可能↓；疏水表面积可能↑；膜分配可能↑,仅为结构/类别推断；不代表已证实提高环肽渗透性或口服暴露,https://www.rcsb.org/ligand/WFP
WLU,(4R)-5-hydroxy-N-methyl-L-leucine,,l-peptide linking,N-取代,N-取代；极性／带电侧链,C7 H15 N O3,161.199,LEU,C[C@H](C[C@@H](C(=O)O)NC)CO,主链氢键供体可能↓；暴露极性可能↓；被动渗透性可能↑；水溶性可能↑；被动渗透性可能↓,仅为结构/类别推断；不代表已证实提高环肽渗透性或口服暴露,https://www.rcsb.org/ligand/WLU
WPA,(betaR)-beta-methoxy-L-phenylalanine,,l-peptide linking,芳香／疏水侧链,芳香／疏水侧链；极性／带电侧链,C10 H13 N O3,195.215,PHE,CO[C@H](c1ccccc1)[C@@H](C(=O)O)N,疏水表面积可能↑；膜分配可能↑；水溶性可能↓；水溶性可能↑；被动渗透性可能↓,仅为结构/类别推断；不代表已证实提高环肽渗透性或口服暴露,https://www.rcsb.org/ligand/WPA
WRP,(betaR)-beta-hydroxy-1-[(3R)-3-hydroxy-2-methylbutan-2-yl]-L-tryptophan,,l-peptide linking,芳香／疏水侧链,芳香／疏水侧链；极性／带电侧链,C16 H22 N2 O4,306.357,TRP,C[C@H](C(C)(C)n1cc(c2c1cccc2)[C@H]([C@@H](C(=O)O)N)O)O,疏水表面积可能↑；膜分配可能↑；水溶性可能↓；水溶性可能↑；被动渗透性可能↓,仅为结构/类别推断；不代表已证实提高环肽渗透性或口服暴露,https://www.rcsb.org/ligand/WRP
WVL,"(2S,3R)-2-amino-3,5-dimethylhex-4-enoic acid",,l-peptide linking,其他CCD肽链核心,,C8 H15 N O2,157.21,VAL,C[C@H](C=C(C)C)[C@@H](C(=O)O)N,尚无可靠的定向性质判断；需在具体环肽骨架中验证,仅为结构/类别推断；不代表已证实提高环肽渗透性或口服暴露,https://www.rcsb.org/ligand/WVL
WWB,5-(3-methylbut-2-en-1-yl)-L-tryptophan,,l-peptide linking,芳香／疏水侧链,芳香／疏水侧链；极性／带电侧链,C16 H20 N2 O2,272.342,TRP,CC(=CCc1ccc2c(c1)c(c[nH]2)C[C@@H](C(=O)O)N)C,疏水表面积可能↑；膜分配可能↑；水溶性可能↓；水溶性可能↑；被动渗透性可能↓,仅为结构/类别推断；不代表已证实提高环肽渗透性或口服暴露,https://www.rcsb.org/ligand/WWB
WYK,"(2S,4S)-4-hydroxy-L-arginine","(2S,4S)-2-azanyl-5-carbamimidamido-4-oxidanyl-pentanoic acid",l-peptide linking,极性／带电侧链,极性／带电侧链,C6 H14 N4 O3,190.2,ARG,[H]/N=C(/N)\NC[C@H](C[C@@H](C(=O)O)N)O,水溶性可能↑；被动渗透性可能↓；可提供结合或偶联位点,仅为结构/类别推断；不代表已证实提高环肽渗透性或口服暴露,https://www.rcsb.org/ligand/WYK
WZJ,N-methyl-L-alloisoleucine,,l-peptide linking,N-取代,N-取代,C7 H15 N O2,145.199,,CC[C@@H](C)[C@@H](C(=O)O)NC,主链氢键供体可能↓；暴露极性可能↓；被动渗透性可能↑,仅为结构/类别推断；不代表已证实提高环肽渗透性或口服暴露,https://www.rcsb.org/ligand/WZJ
X1B,"{(4Z)-2-[(1S)-1-amino-2-(1-methyl-1H-imidazol-5-yl)ethyl]-4-[(4-hydroxyphenyl)methylidene]-5-oxo-4,5-dihydro-1H-imidazol-1-yl}acetaldehyde",CHROMOPHORE (N1-METHYLATED HIS-TYR-GLY),l-peptide linking,芳香／疏水侧链,芳香／疏水侧链；极性／带电侧链,C18 H19 N5 O4,369.375,GLY / HIS / TYR,Cn1cncc1C[C@@H](C2=N/C(=C\c3ccc(cc3)O)/C(=O)N2CC(=O)O)N,疏水表面积可能↑；膜分配可能↑；水溶性可能↓；水溶性可能↑；被动渗透性可能↓,仅为结构/类别推断；不代表已证实提高环肽渗透性或口服暴露,https://www.rcsb.org/ligand/X1B
X2W,N-ACETYL-L-GLUTAMYL 5-PHOSPHATE,N-ACETYL-5-OXO-5-(PHOSPHONOOXY)-L-NORVALINE,l-peptide linking,极性／带电侧链,极性／带电侧链,C7 H12 N O8 P,269.146,GLU,CC(=O)N[C@@H](CCC(=O)OP(=O)(O)O)C(=O)O,水溶性可能↑；被动渗透性可能↓；可提供结合或偶联位点,仅为结构/类别推断；不代表已证实提高环肽渗透性或口服暴露,https://www.rcsb.org/ligand/X2W
X5H,(~{E})-6-(2-hydroxy-2-oxoethylamino)hex-4-enoic acid,,peptide linking,极性／带电侧链,极性／带电侧链,C8 H13 N O4,187.193,,C(CC(=O)O)/C=C/CNCC(=O)O,水溶性可能↑；被动渗透性可能↓；可提供结合或偶联位点,仅为结构/类别推断；不代表已证实提高环肽渗透性或口服暴露,https://www.rcsb.org/ligand/X5H
X5U,(S)-alpha-methyl-4-Iodophenylalanine,(2S)-2-azanyl-3-(4-iodophenyl)-2-methyl-propanoic acid; 4-Iodo-alpha-methyl-L-phenylalanine,l-peptide linking,α位取代,α位取代；卤代／电子调节；芳香／疏水侧链,C10 H12 I N O2,305.112,PHE,C[C@](Cc1ccc(cc1)I)(C(=O)O)N,构象刚性可能↑；蛋白酶稳定性可能↑；渗透性受整体折叠影响；疏水性可能↑；代谢稳定性可能↑,仅为结构/类别推断；不代表已证实提高环肽渗透性或口服暴露,https://www.rcsb.org/ligand/X5U
X60,2-ethyl-L-norvaline,,l-peptide linking,其他CCD肽链核心,,C7 H15 N O2,145.199,VAL,CCC[C@@](CC)(C(=O)O)N,尚无可靠的定向性质判断；需在具体环肽骨架中验证,仅为结构/类别推断；不代表已证实提高环肽渗透性或口服暴露,https://www.rcsb.org/ligand/X60
X6E,2-ethyl-D-norvaline,,d-peptide linking,D-构型,D-构型,C7 H15 N O2,145.199,,CCC[C@](CC)(C(=O)O)N,蛋白酶稳定性可能↑；局部构象可能改变；渗透性取决于骨架,仅为结构/类别推断；不代表已证实提高环肽渗透性或口服暴露,https://www.rcsb.org/ligand/X6E
X9Q,"{(2S)-2-[(1S)-1-AMINOETHYL]-4-BENZYL-5-OXO-2,5-DIHYDRO-1H-IMIDAZOL-1-YL}ACETIC ACID","CHROMOPHORE (ALA, PHE, GLY)",l-peptide linking,芳香／疏水侧链,芳香／疏水侧链；极性／带电侧链,C14 H17 N3 O3,275.303,ALA / GLY / PHE,C[C@@H](C1N=C(C(=O)N1CC(=O)O)Cc2ccccc2)N,疏水表面积可能↑；膜分配可能↑；水溶性可能↓；水溶性可能↑；被动渗透性可能↓,仅为结构/类别推断；不代表已证实提高环肽渗透性或口服暴露,https://www.rcsb.org/ligand/X9Q
XA6,(2S)-3-(4-aminocarbonylphenyl)-2-azanyl-propanoic acid,,l-peptide linking,芳香／疏水侧链,芳香／疏水侧链；极性／带电侧链,C10 H12 N2 O3,208.214,PHE,c1cc(ccc1C[C@@H](C(=O)O)N)C(=O)N,疏水表面积可能↑；膜分配可能↑；水溶性可能↓；水溶性可能↑；被动渗透性可能↓,仅为结构/类别推断；不代表已证实提高环肽渗透性或口服暴露,https://www.rcsb.org/ligand/XA6
XC0,(2S)-2-aminooctanoic acid,,l-peptide linking,其他CCD肽链核心,,C8 H17 N O2,159.226,,CCCCCC[C@@H](C(=O)O)N,尚无可靠的定向性质判断；需在具体环肽骨架中验证,仅为结构/类别推断；不代表已证实提高环肽渗透性或口服暴露,https://www.rcsb.org/ligand/XC0
XCN,S-cyano-L-cysteine,,l-peptide linking,卤代／电子调节,卤代／电子调节；极性／带电侧链,C4 H6 N2 O2 S,146.168,CYS,C([C@@H](C(=O)O)N)SC#N,疏水性可能↑；代谢稳定性可能↑；水溶性可能↓；水溶性可能↑；被动渗透性可能↓,仅为结构/类别推断；不代表已证实提高环肽渗透性或口服暴露,https://www.rcsb.org/ligand/XCN
XDT,O-methyl-D-allothreonine,,d-peptide linking,D-构型,D-构型；极性／带电侧链,C5 H11 N O3,133.146,DTH,CC([C@H](C(=O)O)N)OC,蛋白酶稳定性可能↑；局部构象可能改变；渗透性取决于骨架；水溶性可能↑；被动渗透性可能↓,仅为结构/类别推断；不代表已证实提高环肽渗透性或口服暴露,https://www.rcsb.org/ligand/XDT
XOK,(2~{S})-2-azanyl-6-[[(6~{S})-6-sulfanyloctanoyl]amino]hexanoic acid,,l-peptide linking,极性／带电侧链,极性／带电侧链,C14 H28 N2 O3 S,304.449,lys,CC[C@@H](CCCCC(=O)NCCCC[C@@H](C(=O)O)N)S,水溶性可能↑；被动渗透性可能↓；可提供结合或偶联位点,仅为结构/类别推断；不代表已证实提高环肽渗透性或口服暴露,https://www.rcsb.org/ligand/XOK
XPL,"N~6~-[(3R,5R)-5-amino-3-methyl-D-prolyl]-L-lysine",4-amino reduced pyrrolysine,l-peptide linking,极性／带电侧链,极性／带电侧链,C12 H24 N4 O3,272.344,PYL,C[C@@H]1C[C@@H](N[C@H]1C(=O)NCCCC[C@@H](C(=O)O)N)N,水溶性可能↑；被动渗透性可能↓；可提供结合或偶联位点,仅为结构/类别推断；不代表已证实提高环肽渗透性或口服暴露,https://www.rcsb.org/ligand/XPL
XPR,"(2S,3aS,6R,7aS)-6-(sulfooxy)octahydro-1H-indole-2-carboxylic acid",,l-peptide linking,极性／带电侧链,极性／带电侧链,C9 H15 N O6 S,265.283,PRO,C1C[C@H](C[C@H]2[C@@H]1C[C@H](N2)C(=O)O)OS(=O)(=O)O,水溶性可能↑；被动渗透性可能↓；可提供结合或偶联位点,仅为结构/类别推断；不代表已证实提高环肽渗透性或口服暴露,https://www.rcsb.org/ligand/XPR
XRE,5-hydroxyproline,"(2~{S},5~{S})-5-oxidanylpyrrolidine-2-carboxylic acid",l-peptide linking,构象限制,构象限制；极性／带电侧链,C5 H9 N O3,131.13,PRO,C1C[C@@H](N[C@@H]1C(=O)O)O,构象刚性可能↑；蛋白酶稳定性可能↑；渗透性取决于极性遮蔽；水溶性可能↑；被动渗透性可能↓,仅为结构/类别推断；不代表已证实提高环肽渗透性或口服暴露,https://www.rcsb.org/ligand/XRE
XRW,N~6~-[(2S)-2-hydroxypropanoyl]-L-lysine,,l-peptide linking,极性／带电侧链,极性／带电侧链,C9 H18 N2 O4,218.25,LYS,C[C@@H](C(=O)NCCCC[C@@H](C(=O)O)N)O,水溶性可能↑；被动渗透性可能↓；可提供结合或偶联位点,仅为结构/类别推断；不代表已证实提高环肽渗透性或口服暴露,https://www.rcsb.org/ligand/XRW
XSN,L-alpha-asparagine,,l-peptide linking,极性／带电侧链,极性／带电侧链,C4 H8 N2 O3,132.118,ASN,C([C@@H](C(=O)N)N)C(=O)O,水溶性可能↑；被动渗透性可能↓；可提供结合或偶联位点,仅为结构/类别推断；不代表已证实提高环肽渗透性或口服暴露,https://www.rcsb.org/ligand/XSN
XW1,(2S)-2-amino-7-ethoxy-7-oxoheptanoic acid,,l-peptide linking,极性／带电侧链,极性／带电侧链,C9 H17 N O4,203.236,ALA,CCOC(=O)CCCC[C@@H](C(=O)O)N,水溶性可能↑；被动渗透性可能↓；可提供结合或偶联位点,仅为结构/类别推断；不代表已证实提高环肽渗透性或口服暴露,https://www.rcsb.org/ligand/XW1
XX1,N~6~-7H-PURIN-6-YL-L-LYSINE,,l-peptide linking,芳香／疏水侧链,芳香／疏水侧链；极性／带电侧链,C11 H16 N6 O2,264.284,LYS,c1[nH]c2c(n1)ncnc2NCCCC[C@@H](C(=O)O)N,疏水表面积可能↑；膜分配可能↑；水溶性可能↓；水溶性可能↑；被动渗透性可能↓,仅为结构/类别推断；不代表已证实提高环肽渗透性或口服暴露,https://www.rcsb.org/ligand/XX1
XXA,"2,4,5-trideoxy-2-(methylamino)-4-[(2E)-penta-2,4-dien-1-yl]-L-xylonic acid",,l-peptide linking,极性／带电侧链,极性／带电侧链,C11 H19 N O3,213.273,,C[C@H](C/C=C/C=C)[C@H]([C@@H](C(=O)O)NC)O,水溶性可能↑；被动渗透性可能↓；可提供结合或偶联位点,仅为结构/类别推断；不代表已证实提高环肽渗透性或口服暴露,https://www.rcsb.org/ligand/XXA
XXY,"2-[(1R,2R)-1-amino-2-hydroxypropyl]-1-(carboxymethyl)-4-(1H-imidazol-5-ylmethyl)-1H-imidazol-5-olate",CHROMOPHORE THR-HIS-GLY,l-peptide linking,芳香／疏水侧链,芳香／疏水侧链；极性／带电侧链,C12 H16 N5 O4,294.287,GLY / HIS / THR,C[C@H]([C@@H](c1nc(c(n1CC(=O)O)[O-])Cc2cnc[nH]2)N)O,疏水表面积可能↑；膜分配可能↑；水溶性可能↓；水溶性可能↑；被动渗透性可能↓,仅为结构/类别推断；不代表已证实提高环肽渗透性或口服暴露,https://www.rcsb.org/ligand/XXY
XYC,(2~{S})-2-azanyl-3-cyclopentyl-propanoic acid,,l-peptide linking,构象限制,构象限制,C8 H15 N O2,157.21,ALA,C1CCC(C1)C[C@@H](C(=O)O)N,构象刚性可能↑；蛋白酶稳定性可能↑；渗透性取决于极性遮蔽,仅为结构/类别推断；不代表已证实提高环肽渗透性或口服暴露,https://www.rcsb.org/ligand/XYC
XYG,"[(4Z)-2-[(1Z)-ETHANIMIDOYL]-4-(4-HYDROXYBENZYLIDENE)-5-OXO-4,5-DIHYDRO-1H-IMIDAZOL-1-YL]ACETIC ACID",CHROMOPHORE (DECARBOXYLATED ASP-TYR-GLY),l-peptide linking,芳香／疏水侧链,芳香／疏水侧链；极性／带电侧链,C14 H13 N3 O4,287.271,ASP / GLY / TYR,[H]/N=C(\C)/C1=N/C(=C\c2ccc(cc2)O)/C(=O)N1CC(=O)O,疏水表面积可能↑；膜分配可能↑；水溶性可能↓；水溶性可能↑；被动渗透性可能↓,仅为结构/类别推断；不代表已证实提高环肽渗透性或口服暴露,https://www.rcsb.org/ligand/XYG
Y1V,(4R)-5-amino-L-leucine,,l-peptide linking,极性／带电侧链,极性／带电侧链,C6 H14 N2 O2,146.188,LEU,C[C@H](C[C@@H](C(=O)O)N)CN,水溶性可能↑；被动渗透性可能↓；可提供结合或偶联位点,仅为结构/类别推断；不代表已证实提高环肽渗透性或口服暴露,https://www.rcsb.org/ligand/Y1V
Y28,O-benzyl-N-(carboxycarbonyl)-D-tyrosine,(2R)-2-(carboxycarbonylamino)-3-(4-phenylmethoxyphenyl)propanoic acid,d-peptide linking,D-构型,D-构型；芳香／疏水侧链；极性／带电侧链,C18 H17 N O6,343.331,,c1ccc(cc1)COc2ccc(cc2)C[C@H](C(=O)O)NC(=O)C(=O)O,蛋白酶稳定性可能↑；局部构象可能改变；渗透性取决于骨架；疏水表面积可能↑；膜分配可能↑,仅为结构/类别推断；不代表已证实提高环肽渗透性或口服暴露,https://www.rcsb.org/ligand/Y28
Y57,N~6~-(2-phenylethyl)-N~6~-propan-2-yl-L-lysine,,l-peptide linking,芳香／疏水侧链,芳香／疏水侧链；极性／带电侧链,C17 H28 N2 O2,292.416,LYS,CC(C)N(CCCC[C@@H](C(=O)O)N)CCc1ccccc1,疏水表面积可能↑；膜分配可能↑；水溶性可能↓；水溶性可能↑；被动渗透性可能↓,仅为结构/类别推断；不代表已证实提高环肽渗透性或口服暴露,https://www.rcsb.org/ligand/Y57
YBR,N-methyl-D-glutamic acid,,d-peptide linking,N-取代,D-构型；N-取代；极性／带电侧链,C6 H11 N O4,161.156,,CN[C@H](CCC(=O)O)C(=O)O,蛋白酶稳定性可能↑；局部构象可能改变；渗透性取决于骨架；主链氢键供体可能↓；暴露极性可能↓,仅为结构/类别推断；不代表已证实提高环肽渗透性或口服暴露,https://www.rcsb.org/ligand/YBR
YC3,3-[2-(sulfanylmethyl)phenyl]-L-phenylalanine,,l-peptide linking,芳香／疏水侧链,芳香／疏水侧链,C16 H17 N O2 S,287.377,PHE,c1ccc(c(c1)CS)c2cccc(c2)C[C@@H](C(=O)O)N,疏水表面积可能↑；膜分配可能↑；水溶性可能↓,仅为结构/类别推断；不代表已证实提高环肽渗透性或口服暴露,https://www.rcsb.org/ligand/YC3
YCM,S-(2-AMINO-2-OXOETHYL)-L-CYSTEINE,CYSTEINE-S-ACETAMIDE,l-peptide linking,极性／带电侧链,极性／带电侧链,C5 H10 N2 O3 S,178.209,CYS,C([C@@H](C(=O)O)N)SCC(=O)N,水溶性可能↑；被动渗透性可能↓；可提供结合或偶联位点,仅为结构/类别推断；不代表已证实提高环肽渗透性或口服暴露,https://www.rcsb.org/ligand/YCM
YCP,(2S)-piperidine-2-carboxylic acid,,l-peptide linking,构象限制,构象限制,C6 H11 N O2,129.157,,C1CCN[C@@H](C1)C(=O)O,构象刚性可能↑；蛋白酶稳定性可能↑；渗透性取决于极性遮蔽,仅为结构/类别推断；不代表已证实提高环肽渗透性或口服暴露,https://www.rcsb.org/ligand/YCP
YD5,N-(2-carboxyethyl)-L-alanine,,l-peptide linking,极性／带电侧链,极性／带电侧链,C6 H11 N O4,161.156,,C[C@@H](C(=O)O)NCCC(=O)O,水溶性可能↑；被动渗透性可能↓；可提供结合或偶联位点,仅为结构/类别推断；不代表已证实提高环肽渗透性或口服暴露,https://www.rcsb.org/ligand/YD5
YF5,Agmatinamic acid,"(2R,3S,5S,6R)-6-azanyl-9-carbamimidamido-2,3,5-tris(oxidanyl)nonanoic acid; AGA",peptide linking,极性／带电侧链,极性／带电侧链,C10 H22 N4 O5,278.305,YFZ,[H]/N=C(\N)/NCCC[C@H]([C@H](C[C@@H]([C@H](C(=O)O)O)O)O)N,水溶性可能↑；被动渗透性可能↓；可提供结合或偶联位点,仅为结构/类别推断；不代表已证实提高环肽渗透性或口服暴露,https://www.rcsb.org/ligand/YF5
YFQ,beta-N-methylamino-L-alanine,(2S)-2-azanyl-3-(methylamino)propanoic acid; L-Bmaa; 3-(methylamino)-L-alanine,l-peptide linking,N-取代,N-取代；极性／带电侧链,C4 H10 N2 O2,118.134,ALA,CNC[C@@H](C(=O)O)N,主链氢键供体可能↓；暴露极性可能↓；被动渗透性可能↑；水溶性可能↑；被动渗透性可能↓,仅为结构/类别推断；不代表已证实提高环肽渗透性或口服暴露,https://www.rcsb.org/ligand/YFQ
YFZ,(-)-Galantinic acid,"(3S,5S,6S)-6-azanyl-3,5,7-tris(oxidanyl)heptanoic acid; Galantinic acid",peptide linking,极性／带电侧链,极性／带电侧链,C7 H15 N O5,193.198,,C([C@@H](CC(=O)O)O)[C@@H]([C@H](CO)N)O,水溶性可能↑；被动渗透性可能↓；可提供结合或偶联位点,仅为结构/类别推断；不代表已证实提高环肽渗透性或口服暴露,https://www.rcsb.org/ligand/YFZ
YHA,Homocitrulline,N~6~-carbamoyl-L-lysine,l-peptide linking,极性／带电侧链,极性／带电侧链,C7 H15 N3 O3,189.212,LYS,C(CCNC(=O)N)C[C@@H](C(=O)O)N,水溶性可能↑；被动渗透性可能↓；可提供结合或偶联位点,仅为结构/类别推断；不代表已证实提高环肽渗透性或口服暴露,https://www.rcsb.org/ligand/YHA
YNM,N-METHYL-L-TYROSINE,,l-peptide linking,N-取代,N-取代；芳香／疏水侧链；极性／带电侧链,C10 H13 N O3,195.215,TYR,CN[C@@H](Cc1ccc(cc1)O)C(=O)O,主链氢键供体可能↓；暴露极性可能↓；被动渗透性可能↑；疏水表面积可能↑；膜分配可能↑,仅为结构/类别推断；不代表已证实提高环肽渗透性或口服暴露,https://www.rcsb.org/ligand/YNM
YOF,3-FLUOROTYROSINE,,l-peptide linking,卤代／电子调节,卤代／电子调节；芳香／疏水侧链；极性／带电侧链,C9 H10 F N O3,199.179,TYR,c1cc(c(cc1C[C@@H](C(=O)O)N)F)O,疏水性可能↑；代谢稳定性可能↑；水溶性可能↓；疏水表面积可能↑；膜分配可能↑,仅为结构/类别推断；不代表已证实提高环肽渗透性或口服暴露,https://www.rcsb.org/ligand/YOF
YPR,(4R)-4-[(7-methoxy-2-phenylquinolin-4-yl)oxy]-L-proline,,l-peptide linking,构象限制,构象限制；芳香／疏水侧链；极性／带电侧链,C21 H20 N2 O4,364.395,PRO,COc1ccc2c(c1)nc(cc2O[C@@H]3C[C@H](NC3)C(=O)O)c4ccccc4,构象刚性可能↑；蛋白酶稳定性可能↑；渗透性取决于极性遮蔽；疏水表面积可能↑；膜分配可能↑,仅为结构/类别推断；不代表已证实提高环肽渗透性或口服暴露,https://www.rcsb.org/ligand/YPR
YPZ,"3-[(3Z)-4-hydroxy-6-oxo-3-(2-phenylhydrazinylidene)cyclohexa-1,4-dien-1-yl]-L-alanine",,l-peptide linking,构象限制,构象限制；芳香／疏水侧链；极性／带电侧链,C15 H15 N3 O4,301.297,TYR,c1ccc(cc1)N/N=C\2/C=C(C(=O)C=C2O)C[C@@H](C(=O)O)N,构象刚性可能↑；蛋白酶稳定性可能↑；渗透性取决于极性遮蔽；疏水表面积可能↑；膜分配可能↑,仅为结构/类别推断；不代表已证实提高环肽渗透性或口服暴露,https://www.rcsb.org/ligand/YPZ
YRV,S-[(3-methylphenyl)methyl]-L-cysteine,,l-peptide linking,芳香／疏水侧链,芳香／疏水侧链,C11 H15 N O2 S,225.307,CYS,Cc1cccc(c1)CSC[C@@H](C(=O)O)N,疏水表面积可能↑；膜分配可能↑；水溶性可能↓,仅为结构/类别推断；不代表已证实提高环肽渗透性或口服暴露,https://www.rcsb.org/ligand/YRV
YTH,O-phosphono-L-allothreonine,,l-peptide linking,极性／带电侧链,极性／带电侧链,C4 H10 N O6 P,199.099,THR,C[C@@H]([C@@H](C(=O)O)N)OP(=O)(O)O,水溶性可能↑；被动渗透性可能↓；可提供结合或偶联位点,仅为结构/类别推断；不代表已证实提高环肽渗透性或口服暴露,https://www.rcsb.org/ligand/YTH
YTL,(2~{S})-2-(2-azanylethanoyloxy)-3-(4-hydroxyphenyl)propanoic acid,,l-peptide linking,芳香／疏水侧链,芳香／疏水侧链；极性／带电侧链,C11 H13 N O5,239.225,TYR,c1cc(ccc1C[C@@H](C(=O)O)OC(=O)CN)O,疏水表面积可能↑；膜分配可能↑；水溶性可能↓；水溶性可能↑；被动渗透性可能↓,仅为结构/类别推断；不代表已证实提高环肽渗透性或口服暴露,https://www.rcsb.org/ligand/YTL
YWF,gamma-aminobutenoic acid,(E)-4-azanylbut-2-enoic acid,peptide linking,其他CCD肽链核心,,C4 H7 N O2,101.104,ABU,C(/C=C/C(=O)O)N,尚无可靠的定向性质判断；需在具体环肽骨架中验证,仅为结构/类别推断；不代表已证实提高环肽渗透性或口服暴露,https://www.rcsb.org/ligand/YWF
YYA,"2,4,5-trideoxy-2-(methylamino)-4-[(2Z)-penta-2,4-dien-1-yl]-L-xylonic acid",,l-peptide linking,极性／带电侧链,极性／带电侧链,C11 H19 N O3,213.273,,C[C@H](C/C=C\C=C)[C@H]([C@@H](C(=O)O)NC)O,水溶性可能↑；被动渗透性可能↓；可提供结合或偶联位点,仅为结构/类别推断；不代表已证实提高环肽渗透性或口服暴露,https://www.rcsb.org/ligand/YYA
Z01,"3-[(2,2-dimethylpropanoyl)amino]-L-alanine",,l-peptide linking,极性／带电侧链,极性／带电侧链,C8 H16 N2 O3,188.224,ALA,CC(C)(C)C(=O)NC[C@@H](C(=O)O)N,水溶性可能↑；被动渗透性可能↓；可提供结合或偶联位点,仅为结构/类别推断；不代表已证实提高环肽渗透性或口服暴露,https://www.rcsb.org/ligand/Z01
Z3E,O-benzyl-L-threonine,,l-peptide linking,芳香／疏水侧链,芳香／疏水侧链；极性／带电侧链,C11 H15 N O3,209.242,THR,C[C@H]([C@@H](C(=O)O)N)OCc1ccccc1,疏水表面积可能↑；膜分配可能↑；水溶性可能↓；水溶性可能↑；被动渗透性可能↓,仅为结构/类别推断；不代表已证实提高环肽渗透性或口服暴露,https://www.rcsb.org/ligand/Z3E
Z50,"3-{[(3-{[(2-aminoethyl)sulfanyl]methyl}-5-(4-methyl-1H-1,2,3-triazol-1-yl)phenyl)methyl]sulfanyl}propanoic acid","3-[[3-(2-azanylethylsulfanylmethyl)-5-(4-methyl-1,2,3-triazol-1-yl)phenyl]methylsulfanyl]propanoic acid",peptide linking,芳香／疏水侧链,芳香／疏水侧链；极性／带电侧链,C16 H22 N4 O2 S2,366.501,,Cc1cn(nn1)c2cc(cc(c2)CSCCN)CSCCC(=O)O,疏水表面积可能↑；膜分配可能↑；水溶性可能↓；水溶性可能↑；被动渗透性可能↓,仅为结构/类别推断；不代表已证实提高环肽渗透性或口服暴露,https://www.rcsb.org/ligand/Z50
Z70,(2S)-2-amino-4-(2-amino-1H-imidazol-5-yl)butanoic acid,2-aminohomohistidine,l-peptide linking,芳香／疏水侧链,芳香／疏水侧链；极性／带电侧链,C7 H12 N4 O2,184.196,HIS,c1c([nH]c(n1)N)CC[C@@H](C(=O)O)N,疏水表面积可能↑；膜分配可能↑；水溶性可能↓；水溶性可能↑；被动渗透性可能↓,仅为结构/类别推断；不代表已证实提高环肽渗透性或口服暴露,https://www.rcsb.org/ligand/Z70
Z9J,3-{[(3-{[(2-aminoethyl)sulfanyl]methyl}phenyl)methyl]sulfanyl}propanoic acid,3-[[3-(2-azanylethylsulfanylmethyl)phenyl]methylsulfanyl]propanoic acid,peptide linking,芳香／疏水侧链,芳香／疏水侧链,C13 H19 N O2 S2,285.425,,c1cc(cc(c1)CSCCN)CSCCC(=O)O,疏水表面积可能↑；膜分配可能↑；水溶性可能↓,仅为结构/类别推断；不代表已证实提高环肽渗透性或口服暴露,https://www.rcsb.org/ligand/Z9J
ZAE,N-methyl-D-phenylalanine,,d-peptide linking,N-取代,D-构型；N-取代；芳香／疏水侧链,C10 H13 N O2,179.216,,CN[C@H](Cc1ccccc1)C(=O)O,蛋白酶稳定性可能↑；局部构象可能改变；渗透性取决于骨架；主链氢键供体可能↓；暴露极性可能↓,仅为结构/类别推断；不代表已证实提高环肽渗透性或口服暴露,https://www.rcsb.org/ligand/ZAE
ZAI,(2~{S})-2-azanyl-6-[[(~{R})-[2-methyl-3-oxidanyl-5-(phosphonooxymethyl)pyridin-4-yl]-[[(2~{S})-1-oxidanyl-1-oxidanylidene-3-sulfanyl-propan-2-yl]amino]methyl]amino]hexanoic acid,,peptide linking,芳香／疏水侧链,芳香／疏水侧链；极性／带电侧链,C17 H29 N4 O9 P S,496.472,LYS,Cc1c(c(c(cn1)COP(=O)(O)O)[C@H](NCCCC[C@@H](C(=O)O)N)N[C@H](CS)C(=O)O)O,疏水表面积可能↑；膜分配可能↑；水溶性可能↓；水溶性可能↑；被动渗透性可能↓,仅为结构/类别推断；不代表已证实提高环肽渗透性或口服暴露,https://www.rcsb.org/ligand/ZAI
ZAL,3-cyclohexyl-D-alanine,,d-peptide linking,D-构型,D-构型；构象限制,C9 H17 N O2,171.237,,C1CCC(CC1)C[C@H](C(=O)O)N,蛋白酶稳定性可能↑；局部构象可能改变；渗透性取决于骨架；构象刚性可能↑；渗透性取决于极性遮蔽,仅为结构/类别推断；不代表已证实提高环肽渗透性或口服暴露,https://www.rcsb.org/ligand/ZAL
ZBZ,S-(phenylcarbonyl)-L-cysteine,,l-peptide linking,芳香／疏水侧链,芳香／疏水侧链；极性／带电侧链,C10 H11 N O3 S,225.264,CYS,c1ccc(cc1)C(=O)SC[C@@H](C(=O)O)N,疏水表面积可能↑；膜分配可能↑；水溶性可能↓；水溶性可能↑；被动渗透性可能↓,仅为结构/类别推断；不代表已证实提高环肽渗透性或口服暴露,https://www.rcsb.org/ligand/ZBZ
ZCL,"3,4-dichloro-L-phenylalanine",,l-peptide linking,卤代／电子调节,卤代／电子调节；芳香／疏水侧链,C9 H9 Cl2 N O2,234.079,PHE,c1cc(c(cc1C[C@@H](C(=O)O)N)Cl)Cl,疏水性可能↑；代谢稳定性可能↑；水溶性可能↓；疏水表面积可能↑；膜分配可能↑,仅为结构/类别推断；不代表已证实提高环肽渗透性或口服暴露,https://www.rcsb.org/ligand/ZCL
ZDJ,3-methyl-L-tyrosine,,l-peptide linking,芳香／疏水侧链,芳香／疏水侧链；极性／带电侧链,C10 H13 N O3,195.215,TYR,Cc1cc(ccc1O)C[C@@H](C(=O)O)N,疏水表面积可能↑；膜分配可能↑；水溶性可能↓；水溶性可能↑；被动渗透性可能↓,仅为结构/类别推断；不代表已证实提高环肽渗透性或口服暴露,https://www.rcsb.org/ligand/ZDJ
ZFB,(3R)-3-{[(BENZYLOXY)CARBONYL]AMINO}-2-OXO-4-PHENYLBUTANE-1-DIAZONIUM,,l-peptide linking,芳香／疏水侧链,芳香／疏水侧链；极性／带电侧链,C18 H18 N3 O3,324.354,,c1ccc(cc1)C[C@H](C(=O)C[N+]#N)NC(=O)OCc2ccccc2,疏水表面积可能↑；膜分配可能↑；水溶性可能↓；水溶性可能↑；被动渗透性可能↓,仅为结构/类别推断；不代表已证实提高环肽渗透性或口服暴露,https://www.rcsb.org/ligand/ZFB
ZGL,D-alpha-glutamine,Iso-D-glutamine,d-peptide linking,D-构型,D-构型；极性／带电侧链,C5 H10 N2 O3,146.144,,C(CC(=O)O)[C@H](C(=O)N)N,蛋白酶稳定性可能↑；局部构象可能改变；渗透性取决于骨架；水溶性可能↑；被动渗透性可能↓,仅为结构/类别推断；不代表已证实提高环肽渗透性或口服暴露,https://www.rcsb.org/ligand/ZGL
ZI0,N-MALONYL-PROLINE,1-(3-oxidanyl-3-oxidanylidene-propanoyl)pyrrolidine-2-carboxylic acid,l-peptide linking,构象限制,构象限制；极性／带电侧链,C8 H11 N O5,201.177,PRO,C1CC(N(C1)C(=O)CC(=O)O)C(=O)O,构象刚性可能↑；蛋白酶稳定性可能↑；渗透性取决于极性遮蔽；水溶性可能↑；被动渗透性可能↓,仅为结构/类别推断；不代表已证实提高环肽渗透性或口服暴露,https://www.rcsb.org/ligand/ZI0
ZIQ,alpha-methyl-L-tryptophan,,l-peptide linking,α位取代,α位取代；芳香／疏水侧链；极性／带电侧链,C12 H14 N2 O2,218.252,TRP,C[C@](Cc1c[nH]c2c1cccc2)(C(=O)O)N,构象刚性可能↑；蛋白酶稳定性可能↑；渗透性受整体折叠影响；疏水表面积可能↑；膜分配可能↑,仅为结构/类别推断；不代表已证实提高环肽渗透性或口服暴露,https://www.rcsb.org/ligand/ZIQ
ZJU,N-SUCCINYL-ASPARTIC ACID,2-[(4-oxidanyl-4-oxidanylidene-butanoyl)amino]butanedioic acid,l-peptide linking,极性／带电侧链,极性／带电侧链,C8 H11 N O7,233.175,ASP,C(CC(=O)O)C(=O)NC(CC(=O)O)C(=O)O,水溶性可能↑；被动渗透性可能↓；可提供结合或偶联位点,仅为结构/类别推断；不代表已证实提高环肽渗透性或口服暴露,https://www.rcsb.org/ligand/ZJU
ZKO,N-SUCCINYL-GLUTAMINE,5-azanyl-5-oxidanylidene-2-[(4-oxidanyl-4-oxidanylidene-butanoyl)amino]pentanoic acid,l-peptide linking,极性／带电侧链,极性／带电侧链,C9 H14 N2 O6,246.217,GLN,C(CC(=O)N)C(C(=O)O)NC(=O)CCC(=O)O,水溶性可能↑；被动渗透性可能↓；可提供结合或偶联位点,仅为结构/类别推断；不代表已证实提高环肽渗透性或口服暴露,https://www.rcsb.org/ligand/ZKO
ZLF,"S-(1-FLUORO-3,5-DIMETHYLBENZENE)-CYSTEINE",2-azanyl-3-[(3-fluoranyl-5-methyl-phenyl)methylsulfanyl]propanoic acid,l-peptide linking,卤代／电子调节,卤代／电子调节；芳香／疏水侧链,C11 H14 F N O2 S,243.298,CYS,Cc1cc(cc(c1)F)CSCC(C(=O)O)N,疏水性可能↑；代谢稳定性可能↑；水溶性可能↓；疏水表面积可能↑；膜分配可能↑,仅为结构/类别推断；不代表已证实提高环肽渗透性或口服暴露,https://www.rcsb.org/ligand/ZLF
ZNY,(4R)-4-ethoxy-L-proline,,l-peptide linking,构象限制,构象限制；极性／带电侧链,C7 H13 N O3,159.183,,CCO[C@@H]1C[C@H](NC1)C(=O)O,构象刚性可能↑；蛋白酶稳定性可能↑；渗透性取决于极性遮蔽；水溶性可能↑；被动渗透性可能↓,仅为结构/类别推断；不代表已证实提高环肽渗透性或口服暴露,https://www.rcsb.org/ligand/ZNY
ZQN,N-(TERT-BUTYLOXYCARBONYL)-VALINE,N-BOC-VALINE,l-peptide linking,极性／带电侧链,极性／带电侧链,C10 H19 N O4,217.262,VAL,CC(C)C(C(=O)O)NC(=O)OC(C)(C)C,水溶性可能↑；被动渗透性可能↓；可提供结合或偶联位点,仅为结构/类别推断；不代表已证实提高环肽渗透性或口服暴露,https://www.rcsb.org/ligand/ZQN
ZRF,"2-[(4E)-2-[(1S)-1-aminoethyl]-4-(hydroxymethylidene)-5-oxo-4,5-dihydro-1H-imidazol-1-yl]acetic acid",2-[(4~{E})-2-(1-azanylethyl)-5-oxidanylidene-4-(oxidanylmethylidene)imidazol-1-yl]ethanoic acid,l-peptide linking,极性／带电侧链,极性／带电侧链,C8 H11 N3 O4,213.191,ALA / GLY / SER,CC(C1=N/C(=C/O)/C(=O)N1CC(=O)O)N,水溶性可能↑；被动渗透性可能↓；可提供结合或偶联位点,仅为结构/类别推断；不代表已证实提高环肽渗透性或口服暴露,https://www.rcsb.org/ligand/ZRF
ZRJ,"tert-butyl (2S)-2-amino-2-(3,5-dimethoxyphenyl)acetate","~{tert}-butyl 2-azanyl-2-(3,5-dimethoxyphenyl)ethanoate",l-peptide linking,芳香／疏水侧链,芳香／疏水侧链；极性／带电侧链,C14 H21 N O4,267.321,,CC(C)(C)OC(=O)C(c1cc(cc(c1)OC)OC)N,疏水表面积可能↑；膜分配可能↑；水溶性可能↓；水溶性可能↑；被动渗透性可能↓,仅为结构/类别推断；不代表已证实提高环肽渗透性或口服暴露,https://www.rcsb.org/ligand/ZRJ
ZSX,(2R)-amino(4-methoxyphenyl)acetic acid,,d-peptide linking,D-构型,D-构型；芳香／疏水侧链；极性／带电侧链,C9 H11 N O3,181.189,GLY,COc1ccc(cc1)[C@H](C(=O)O)N,蛋白酶稳定性可能↑；局部构象可能改变；渗透性取决于骨架；疏水表面积可能↑；膜分配可能↑,仅为结构/类别推断；不代表已证实提高环肽渗透性或口服暴露,https://www.rcsb.org/ligand/ZSX
ZT6,(betaR)-3-chloro-beta-{[tri(propan-2-yl)silyl]oxy}-L-tyrosine,,l-peptide linking,卤代／电子调节,卤代／电子调节；芳香／疏水侧链；极性／带电侧链,C18 H30 Cl N O4 Si,387.974,TYR,CC(C)[Si](C(C)C)(C(C)C)O[C@H](c1ccc(c(c1)Cl)O)[C@@H](C(=O)O)N,疏水性可能↑；代谢稳定性可能↑；水溶性可能↓；疏水表面积可能↑；膜分配可能↑,仅为结构/类别推断；不代表已证实提高环肽渗透性或口服暴露,https://www.rcsb.org/ligand/ZT6
ZT9,(2R)-amino(4-methoxyphenyl)ethanethioic O-acid,,d-peptide linking,D-构型,D-构型；芳香／疏水侧链,C9 H11 N O2 S,197.254,,COc1ccc(cc1)[C@H](C(=S)O)N,蛋白酶稳定性可能↑；局部构象可能改变；渗透性取决于骨架；疏水表面积可能↑；膜分配可能↑,仅为结构/类别推断；不代表已证实提高环肽渗透性或口服暴露,https://www.rcsb.org/ligand/ZT9
ZTC,"(2S)-amino(3,5-dimethoxyphenyl)acetic acid",,d-peptide linking,D-构型,D-构型；芳香／疏水侧链；极性／带电侧链,C10 H13 N O4,211.215,,COc1cc(cc(c1)OC)[C@@H](C(=O)O)N,蛋白酶稳定性可能↑；局部构象可能改变；渗透性取决于骨架；疏水表面积可能↑；膜分配可能↑,仅为结构/类别推断；不代表已证实提高环肽渗透性或口服暴露,https://www.rcsb.org/ligand/ZTC
ZTG,(betaR)-3-chloro-beta-{[tri(propan-2-yl)silyl]oxy}-D-tyrosine,,d-peptide linking,D-构型,D-构型；卤代／电子调节；芳香／疏水侧链；极性／带电侧链,C18 H30 Cl N O4 Si,387.974,,CC(C)[Si](C(C)C)(C(C)C)O[C@H](c1ccc(c(c1)Cl)O)[C@H](C(=O)O)N,蛋白酶稳定性可能↑；局部构象可能改变；渗透性取决于骨架；疏水性可能↑；代谢稳定性可能↑,仅为结构/类别推断；不代表已证实提高环肽渗透性或口服暴露,https://www.rcsb.org/ligand/ZTG
ZTK,(2S)-2-amino-3-cyanopropanoic acid,,l-peptide linking,卤代／电子调节,卤代／电子调节；极性／带电侧链,C4 H6 N2 O2,114.103,ALA,C(C#N)[C@@H](C(=O)O)N,疏水性可能↑；代谢稳定性可能↑；水溶性可能↓；水溶性可能↑；被动渗透性可能↓,仅为结构/类别推断；不代表已证实提高环肽渗透性或口服暴露,https://www.rcsb.org/ligand/ZTK
ZU0,O-tert-butyl-L-threonine,,l-peptide linking,极性／带电侧链,极性／带电侧链,C8 H17 N O3,175.225,THR,C[C@H]([C@@H](C(=O)O)N)OC(C)(C)C,水溶性可能↑；被动渗透性可能↓；可提供结合或偶联位点,仅为结构/类别推断；不代表已证实提高环肽渗透性或口服暴露,https://www.rcsb.org/ligand/ZU0
ZUK,5-pyrimidin-2-yl-D-norvaline,,d-peptide linking,D-构型,D-构型；芳香／疏水侧链；极性／带电侧链,C9 H13 N3 O2,195.218,,c1cnc(nc1)CCC[C@H](C(=O)O)N,蛋白酶稳定性可能↑；局部构象可能改变；渗透性取决于骨架；疏水表面积可能↑；膜分配可能↑,仅为结构/类别推断；不代表已证实提高环肽渗透性或口服暴露,https://www.rcsb.org/ligand/ZUK
ZV4,(2S)-2-azanyl-3-(4-phosphonophenyl)propanoic acid,phosphophenylalanine,l-peptide linking,芳香／疏水侧链,芳香／疏水侧链；极性／带电侧链,C9 H12 N O5 P,245.169,PHE,c1cc(ccc1C[C@@H](C(=O)O)N)P(=O)(O)O,疏水表面积可能↑；膜分配可能↑；水溶性可能↓；水溶性可能↑；被动渗透性可能↓,仅为结构/类别推断；不代表已证实提高环肽渗透性或口服暴露,https://www.rcsb.org/ligand/ZV4
ZY9,6-(aminomethyl)pyridine-2-carboxylic acid,,l-peptide linking,芳香／疏水侧链,芳香／疏水侧链；极性／带电侧链,C7 H8 N2 O2,152.151,,c1cc(nc(c1)C(=O)O)CN,疏水表面积可能↑；膜分配可能↑；水溶性可能↓；水溶性可能↑；被动渗透性可能↓,仅为结构/类别推断；不代表已证实提高环肽渗透性或口服暴露,https://www.rcsb.org/ligand/ZY9
ZYJ,"(4R)-4-({[(1E)-(3,4-dimethoxyphenyl)methylidene]amino}oxy)-L-proline",,l-peptide linking,构象限制,构象限制；芳香／疏水侧链；极性／带电侧链,C14 H18 N2 O5,294.303,PRO,COc1ccc(cc1OC)/C=N/O[C@@H]2C[C@H](NC2)C(=O)O,构象刚性可能↑；蛋白酶稳定性可能↑；渗透性取决于极性遮蔽；疏水表面积可能↑；膜分配可能↑,仅为结构/类别推断；不代表已证实提高环肽渗透性或口服暴露,https://www.rcsb.org/ligand/ZYJ
ZYK,"(4R)-4-({[(3,4-dimethoxyphenyl)carbonyl]amino}oxy)-L-proline","3,4-dimethoxybenzamidoxy proline",l-peptide linking,构象限制,构象限制；芳香／疏水侧链；极性／带电侧链,C14 H18 N2 O6,310.303,PRO,COc1ccc(cc1OC)C(=O)NO[C@@H]2C[C@H](NC2)C(=O)O,构象刚性可能↑；蛋白酶稳定性可能↑；渗透性取决于极性遮蔽；疏水表面积可能↑；膜分配可能↑,仅为结构/类别推断；不代表已证实提高环肽渗透性或口服暴露,https://www.rcsb.org/ligand/ZYK
ZZD,S-TRITYL-L-CYSTEINE,,l-peptide linking,芳香／疏水侧链,芳香／疏水侧链,C22 H21 N O2 S,363.473,CYS,c1ccc(cc1)C(c2ccccc2)(c3ccccc3)SC[C@@H](C(=O)O)N,疏水表面积可能↑；膜分配可能↑；水溶性可能↓,仅为结构/类别推断；不代表已证实提高环肽渗透性或口服暴露,https://www.rcsb.org/ligand/ZZD
ZZJ,N^2^-methyl-L-alaninamide,,l-peptide linking,极性／带电侧链,极性／带电侧链,C4 H10 N2 O,102.135,ALA,C[C@@H](C(=O)N)NC,水溶性可能↑；被动渗透性可能↓；可提供结合或偶联位点,仅为结构/类别推断；不代表已证实提高环肽渗透性或口服暴露,https://www.rcsb.org/ligand/ZZJ
ZZU,"(2S,3S)-3-HYDROXYARGININE",,l-peptide linking,极性／带电侧链,极性／带电侧链,C6 H14 N4 O3,190.2,,C(CNC(=N)N)[C@@H]([C@@H](C(=O)O)N)O,水溶性可能↑；被动渗透性可能↓；可提供结合或偶联位点,仅为结构/类别推断；不代表已证实提高环肽渗透性或口服暴露,https://www.rcsb.org/ligand/ZZU
