筛选等级,CCD编号,名称,分子式,分子量,CCD类型,母体CCD,结构类别,筛选理由,风险提示,需要人工复核,立体化学SMILES,CCD链接
条件候选,004,(2S)-amino(phenyl)ethanoic acid,C8 H9 N O2,151.163,l-peptide linking,,芳香／疏水侧链,保留为条件候选；是否有价值取决于具体位点、保护策略和整环性质,CCD未指定标准氨基酸母体，需确认它是独立残基而非氨基酸样片段,是,c1ccc(cc1)[C@@H](C(=O)O)N,https://www.rcsb.org/ligand/004
条件候选,00B,"(4R)-5,5-dimethyl-1,3-thiazolidine-4-carboxylic acid",C6 H11 N O2 S,161.222,l-peptide linking,,其他CCD肽链核心,保留为条件候选；是否有价值取决于具体位点、保护策略和整环性质,CCD未指定标准氨基酸母体，需确认它是独立残基而非氨基酸样片段,是,CC1([C@H](NCS1)C(=O)O)C,https://www.rcsb.org/ligand/00B
条件候选,00C,3-sulfo-D-alanine,C3 H7 N O5 S,169.156,d-peptide linking,,D-构型,保留为条件候选；是否有价值取决于具体位点、保护策略和整环性质,CCD未指定标准氨基酸母体，需确认它是独立残基而非氨基酸样片段,是,C([C@H](C(=O)O)N)S(=O)(=O)O,https://www.rcsb.org/ligand/00C
条件候选,00E,morpholin-4-ylacetic acid,C6 H11 N O3,145.156,peptide linking,,极性／带电侧链,保留为条件候选；是否有价值取决于具体位点、保护策略和整环性质,CCD仅标为通用peptide linking，需确认真实主链连接几何；CCD未指定标准氨基酸母体，需确认它是独立残基而非氨基酸样片段；以极性/带电特征为主，不宜默认用于提高被动渗透性,是,C1COCCN1CC(=O)O,https://www.rcsb.org/ligand/00E
优先研发候选,00O,beta-phenyl-D-phenylalanine,C15 H15 N O2,241.285,d-peptide linking,,D-构型,属于D-构型方向，可用于口服环肽的构象/稳定性/主链极性扫描,CCD未指定标准氨基酸母体，需确认它是独立残基而非氨基酸样片段,是,c1ccc(cc1)C(c2ccccc2)[C@H](C(=O)O)N,https://www.rcsb.org/ligand/00O
条件候选,01N,N-(carboxymethyl)-3-cyclohexyl-D-alanine,C11 H19 N O4,229.273,d-peptide linking,,D-构型,保留为条件候选；是否有价值取决于具体位点、保护策略和整环性质,CCD未指定标准氨基酸母体，需确认它是独立残基而非氨基酸样片段,是,C1CCC(CC1)C[C@H](C(=O)O)NCC(=O)O,https://www.rcsb.org/ligand/01N
条件候选,01W,"(2S)-2-ammonio-4-[(2,4-dinitrophenyl)amino]butanoate",C10 H12 N4 O6,284.225,l-peptide linking,,芳香／疏水侧链,保留为条件候选；是否有价值取决于具体位点、保护策略和整环性质,分子量超过250 Da，需关注偶联效率、溶解度和总环肽体积；CCD未指定标准氨基酸母体，需确认它是独立残基而非氨基酸样片段,是,c1cc(c(cc1[N+](=O)[O-])[N+](=O)[O-])NCC[C@@H](C(=O)O)N,https://www.rcsb.org/ligand/01W
优先研发候选,02A,(2S)-azetidine-2-carboxylic acid,C4 H7 N O2,101.104,l-peptide linking,,构象限制,属于构象限制方向，可用于口服环肽的构象/稳定性/主链极性扫描,CCD未指定标准氨基酸母体，需确认它是独立残基而非氨基酸样片段,是,C1CN[C@@H]1C(=O)O,https://www.rcsb.org/ligand/02A
优先研发候选,02K,1-aminocyclohexanecarboxylic acid,C7 H13 N O2,143.184,peptide linking,ALA,α位取代,属于α位取代方向，可用于口服环肽的构象/稳定性/主链极性扫描；CCD给出标准母体残基，便于设计成对替换实验,CCD仅标为通用peptide linking，需确认真实主链连接几何,是,C1CCC(CC1)(C(=O)O)N,https://www.rcsb.org/ligand/02K
条件候选,02L,"N-(2,2-dimethylpropyl)-L-asparagine",C9 H18 N2 O3,202.251,l-peptide linking,ASN,极性／带电侧链,保留为条件候选；是否有价值取决于具体位点、保护策略和整环性质,以极性/带电特征为主，不宜默认用于提高被动渗透性,是,CC(C)(C)CNC(=O)C[C@@H](C(=O)O)N,https://www.rcsb.org/ligand/02L
条件候选,02O,"3-(3-tert-butyl-1,2,4-oxadiazol-5-yl)-L-alanine",C9 H15 N3 O3,213.234,l-peptide linking,ALA,芳香／疏水侧链,保留为条件候选；是否有价值取决于具体位点、保护策略和整环性质,,是,CC(C)(C)c1nc(on1)C[C@@H](C(=O)O)N,https://www.rcsb.org/ligand/02O
条件候选,02V,"(2S)-(3,4-dihydroxyphenyl)(methylamino)ethanoic acid",C9 H11 N O4,197.188,l-peptide linking,,芳香／疏水侧链,保留为条件候选；是否有价值取决于具体位点、保护策略和整环性质,CCD未指定标准氨基酸母体，需确认它是独立残基而非氨基酸样片段,是,CN[C@@H](c1ccc(c(c1)O)O)C(=O)O,https://www.rcsb.org/ligand/02V
仅结构参考,02Y,6-diazonio-5-oxo-L-norleucine,C6 H10 N3 O3,172.162,l-peptide linking,ALA,极性／带电侧链,结构身份可保留，但复杂度、反应性或极性风险不适合进入默认研发库,名称提示反应性官能团或中间体，需要确认能否承受偶联和脱保护条件；以极性/带电特征为主，不宜默认用于提高被动渗透性,是,C(CC(=O)C[N+]#N)[C@@H](C(=O)O)N,https://www.rcsb.org/ligand/02Y
优先研发候选,037,"(1S,3aR,6aS)-octahydrocyclopenta[c]pyrrole-1-carboxylic acid",C8 H13 N O2,155.194,l-peptide linking,PRO,构象限制,属于构象限制方向，可用于口服环肽的构象/稳定性/主链极性扫描；CCD给出标准母体残基，便于设计成对替换实验,,是,C1C[C@H]2CN[C@@H]([C@H]2C1)C(=O)O,https://www.rcsb.org/ligand/037
优先研发候选,03E,1-aminocycloheptanecarboxylic acid,C8 H15 N O2,157.21,peptide linking,,α位取代,属于α位取代方向，可用于口服环肽的构象/稳定性/主链极性扫描,CCD仅标为通用peptide linking，需确认真实主链连接几何；CCD未指定标准氨基酸母体，需确认它是独立残基而非氨基酸样片段,是,C1CCCC(CC1)(C(=O)O)N,https://www.rcsb.org/ligand/03E
条件候选,03Y,2-methyl-L-cysteine,C4 H9 N O2 S,135.185,l-peptide linking,CYS,其他CCD肽链核心,保留为条件候选；是否有价值取决于具体位点、保护策略和整环性质,,是,C[C@](CS)(C(=O)O)N,https://www.rcsb.org/ligand/03Y
条件候选,04Q,N-benzylglycine,C9 H11 N O2,165.189,peptide linking,,芳香／疏水侧链,保留为条件候选；是否有价值取决于具体位点、保护策略和整环性质,CCD仅标为通用peptide linking，需确认真实主链连接几何；CCD未指定标准氨基酸母体，需确认它是独立残基而非氨基酸样片段,是,c1ccc(cc1)CNCC(=O)O,https://www.rcsb.org/ligand/04Q
条件候选,04R,"[3-(trifluoromethyl)-4,5,6,7-tetrahydro-1H-indazol-1-yl]acetic acid",C10 H11 F3 N2 O2,248.202,peptide linking,,卤代／电子调节,保留为条件候选；是否有价值取决于具体位点、保护策略和整环性质,CCD仅标为通用peptide linking，需确认真实主链连接几何；CCD未指定标准氨基酸母体，需确认它是独立残基而非氨基酸样片段,是,C1CCc2c(c(nn2CC(=O)O)C(F)(F)F)C1,https://www.rcsb.org/ligand/04R
条件候选,04U,"azanylidene-[(3S,5S)-5-carboxypyrrolidin-3-yl]imino-azanium",C5 H9 N4 O2,157.151,l-peptide linking,PRO,极性／带电侧链,保留为条件候选；是否有价值取决于具体位点、保护策略和整环性质,以极性/带电特征为主，不宜默认用于提高被动渗透性,是,C1[C@@H](CN[C@@H]1C(=O)O)N=[N+]=N,https://www.rcsb.org/ligand/04U
明确排除,04V,(2S)-pyrrolidine-2-carboximidic acid,C5 H10 N2 O,114.146,l-peptide linking,PRO,极性／带电侧链,结构中未识别到可用于常规肽键形成的游离羧基,,否,[H]/N=C(/[C@@H]1CCCN1)\O,https://www.rcsb.org/ligand/04V
条件候选,04X,"(2S)-5-(morpholin-4-ylmethyl)-1,2,3,6-tetrahydropyridine-2-carboxylic acid",C11 H18 N2 O3,226.272,l-peptide linking,,芳香／疏水侧链,保留为条件候选；是否有价值取决于具体位点、保护策略和整环性质,CCD未指定标准氨基酸母体，需确认它是独立残基而非氨基酸样片段,是,C1COCCN1CC2=CC[C@H](NC2)C(=O)O,https://www.rcsb.org/ligand/04X
优先研发候选,05N,"(3R,4R)-4-hydroxy-3-methyl-L-proline",C6 H11 N O3,145.156,l-peptide linking,PRO,构象限制,属于构象限制方向，可用于口服环肽的构象/稳定性/主链极性扫描；CCD给出标准母体残基，便于设计成对替换实验,,是,C[C@H]1[C@H](CN[C@@H]1C(=O)O)O,https://www.rcsb.org/ligand/05N
仅结构参考,05O,(2S)-2-amino-3-[4-(trifluoromethoxy)phenyl]propanal,C10 H10 F3 N O3,249.187,l-peptide linking,,卤代／电子调节,结构身份可保留，但复杂度、反应性或极性风险不适合进入默认研发库,名称提示反应性官能团或中间体，需要确认能否承受偶联和脱保护条件；CCD未指定标准氨基酸母体，需确认它是独立残基而非氨基酸样片段,是,c1cc(ccc1C[C@@H](C(=O)O)N)OC(F)(F)F,https://www.rcsb.org/ligand/05O
优先研发候选,060,S-methyl-D-cysteine,C4 H9 N O2 S,135.185,d-peptide linking,,D-构型,属于D-构型方向，可用于口服环肽的构象/稳定性/主链极性扫描,CCD未指定标准氨基酸母体，需确认它是独立残基而非氨基酸样片段,是,CSC[C@H](C(=O)O)N,https://www.rcsb.org/ligand/060
条件候选,07O,S-[(2S)-2-phenylpropanoyl]-L-cysteine,C12 H15 N O3 S,253.317,l-peptide linking,CYS,芳香／疏水侧链,保留为条件候选；是否有价值取决于具体位点、保护策略和整环性质,分子量超过250 Da，需关注偶联效率、溶解度和总环肽体积,是,C[C@@H](c1ccccc1)C(=O)SC[C@@H](C(=O)O)N,https://www.rcsb.org/ligand/07O
条件候选,08M,N~5~-(pyrazin-2-ylcarbonyl)-L-ornithine,C10 H14 N4 O3,238.243,l-peptide linking,,芳香／疏水侧链,保留为条件候选；是否有价值取决于具体位点、保护策略和整环性质,CCD未指定标准氨基酸母体，需确认它是独立残基而非氨基酸样片段,是,c1cnc(cn1)C(=O)NCCC[C@@H](C(=O)O)N,https://www.rcsb.org/ligand/08M
明确排除,08P,N-(carboxycarbonyl)-D-cysteine,C5 H7 N O5 S,193.178,d-peptide linking,DCY,D-构型,主链氨基被端基化，不能按普通内部残基直接偶联,,否,C([C@H](C(=O)O)NC(=O)C(=O)O)S,https://www.rcsb.org/ligand/08P
条件候选,0A0,2-methyl-L-aspartic acid,C5 H9 N O4,147.129,l-peptide linking,ASP,极性／带电侧链,保留为条件候选；是否有价值取决于具体位点、保护策略和整环性质,以极性/带电特征为主，不宜默认用于提高被动渗透性,是,C[C@](CC(=O)O)(C(=O)O)N,https://www.rcsb.org/ligand/0A0
条件候选,0A1,O-methyl-L-tyrosine,C10 H13 N O3,195.215,l-peptide linking,TYR,芳香／疏水侧链,保留为条件候选；是否有价值取决于具体位点、保护策略和整环性质,,是,COc1ccc(cc1)C[C@@H](C(=O)O)N,https://www.rcsb.org/ligand/0A1
明确排除,0A2,"[(1R)-1,5-diaminopentyl][bis(ethanolato)]hydroxyborate(1-)",C9 H24 B N2 O3,219.109,l-peptide linking,LYS,极性／带电侧链,结构中未识别到可用于常规肽键形成的游离羧基,,否,[B-]([C@H](CCCCN)N)(O)(OCC)OCC,https://www.rcsb.org/ligand/0A2
条件候选,0A8,S-[(2-chloroethyl)carbamoyl]-L-cysteine,C6 H11 Cl N2 O3 S,226.681,l-peptide linking,CYS,卤代／电子调节,保留为条件候选；是否有价值取决于具体位点、保护策略和整环性质,,是,C(CCl)NC(=O)SC[C@@H](C(=O)O)N,https://www.rcsb.org/ligand/0A8
明确排除,0A9,methyl L-phenylalaninate,C10 H13 N O2,179.216,l-peptide linking,PHE,芳香／疏水侧链,结构中未识别到可用于常规肽键形成的游离羧基,,否,COC(=O)[C@H](Cc1ccccc1)N,https://www.rcsb.org/ligand/0A9
明确排除,0AB,"(3S,4S)-3-amino-4-methyl-3,4-dihydro-2H-pyran-2-one",C6 H9 N O2,127.141,l-peptide linking,VAL,其他CCD肽链核心,结构中未识别到可用于常规肽键形成的游离羧基,,否,C[C@H]1C=COC(=O)[C@H]1N,https://www.rcsb.org/ligand/0AB
条件候选,0AF,7-hydroxy-L-tryptophan,C11 H12 N2 O3,220.225,l-peptide linking,TRP,芳香／疏水侧链,保留为条件候选；是否有价值取决于具体位点、保护策略和整环性质,,是,c1cc2c(c[nH]c2c(c1)O)C[C@@H](C(=O)O)N,https://www.rcsb.org/ligand/0AF
条件候选,0AH,O-(bromoacetyl)-L-serine,C5 H8 Br N O4,226.025,l-peptide linking,SER,卤代／电子调节,保留为条件候选；是否有价值取决于具体位点、保护策略和整环性质,,是,C([C@@H](C(=O)O)N)OC(=O)CBr,https://www.rcsb.org/ligand/0AH
条件候选,0AK,(2S)-2-amino-4-(2-chloroethoxy)-4-oxobutanoic acid,C6 H10 Cl N O4,195.601,l-peptide linking,ASP,卤代／电子调节,保留为条件候选；是否有价值取决于具体位点、保护策略和整环性质,,是,C(CCl)OC(=O)C[C@@H](C(=O)O)N,https://www.rcsb.org/ligand/0AK
条件候选,0AR,N-[N-[(4S)-4-azanyl-5-hydroxy-5-oxo-pentyl]carbamimidoyl]ethanamide,C8 H16 N4 O3,216.238,l-peptide linking,ARG,极性／带电侧链,保留为条件候选；是否有价值取决于具体位点、保护策略和整环性质,以极性/带电特征为主，不宜默认用于提高被动渗透性,是,[H]/N=C(/NCCC[C@@H](C(=O)O)N)\NC(=O)C,https://www.rcsb.org/ligand/0AR
条件候选,0BN,4-carbamimidoyl-L-phenylalanine,C10 H13 N3 O2,207.229,l-peptide linking,PHE,芳香／疏水侧链,保留为条件候选；是否有价值取决于具体位点、保护策略和整环性质,,是,[H]/N=C(\c1ccc(cc1)C[C@@H](C(=O)O)N)/N,https://www.rcsb.org/ligand/0BN
条件候选,0CS,3-[(S)-HYDROPEROXYSULFINYL]-L-ALANINE,C3 H7 N O5 S,169.156,l-peptide linking,ALA,极性／带电侧链,保留为条件候选；是否有价值取决于具体位点、保护策略和整环性质,以极性/带电特征为主，不宜默认用于提高被动渗透性,是,C([C@@H](C(=O)O)N)[S@@](=O)OO,https://www.rcsb.org/ligand/0CS
条件候选,0E5,"(2S,3R)-2-azanyl-3-methyl-3-oxidanyl-pentanoic acid",C6 H13 N O3,147.172,l-peptide linking,THR,极性／带电侧链,保留为条件候选；是否有价值取决于具体位点、保护策略和整环性质,以极性/带电特征为主，不宜默认用于提高被动渗透性,是,CC[C@](C)([C@@H](C(=O)O)N)O,https://www.rcsb.org/ligand/0E5
条件候选,0EA,"(betaR)-beta,3-dihydroxy-N-methyl-L-tyrosine",C10 H13 N O5,227.214,l-peptide linking,TYR,N-取代,保留为条件候选；是否有价值取决于具体位点、保护策略和整环性质,,是,CN[C@@H]([C@@H](c1ccc(c(c1)O)O)O)C(=O)O,https://www.rcsb.org/ligand/0EA
优先研发候选,0EH,(2R)-2-amino-2-methylnonanoic acid,C10 H21 N O2,187.279,d-peptide linking,,D-构型,属于D-构型方向，可用于口服环肽的构象/稳定性/主链极性扫描,CCD未指定标准氨基酸母体，需确认它是独立残基而非氨基酸样片段,是,CCCCCCC[C@](C)(C(=O)O)N,https://www.rcsb.org/ligand/0EH
条件候选,0FL,3-amino-N-formyl-L-alanine,C4 H8 N2 O3,132.118,l-peptide linking,ALA,极性／带电侧链,保留为条件候选；是否有价值取决于具体位点、保护策略和整环性质,以极性/带电特征为主，不宜默认用于提高被动渗透性,是,C([C@@H](C(=O)O)NC=O)N,https://www.rcsb.org/ligand/0FL
仅结构参考,0G5,N~5~-(3-iodobenzoyl)-L-ornithine,C12 H15 I N2 O3,362.164,l-peptide linking,,卤代／电子调节,结构身份可保留，但复杂度、反应性或极性风险不适合进入默认研发库,分子量超过300 Da，单体复杂度和环肽总分子量负担较高；CCD未指定标准氨基酸母体，需确认它是独立残基而非氨基酸样片段,是,c1cc(cc(c1)I)C(=O)NCCC[C@@H](C(=O)O)N,https://www.rcsb.org/ligand/0G5
条件候选,0GG,3-{[(4-hydroxy-3-methoxyphenyl)acetyl]amino}-D-alanine,C12 H16 N2 O5,268.266,d-peptide linking,,D-构型,保留为条件候选；是否有价值取决于具体位点、保护策略和整环性质,分子量超过250 Da，需关注偶联效率、溶解度和总环肽体积；CCD未指定标准氨基酸母体，需确认它是独立残基而非氨基酸样片段,是,COc1cc(ccc1O)CC(=O)NC[C@H](C(=O)O)N,https://www.rcsb.org/ligand/0GG
条件候选,0LF,(4R)-4-(4-phenylbutoxy)-L-proline,C15 H21 N O3,263.332,l-peptide linking,PRO,构象限制,保留为条件候选；是否有价值取决于具体位点、保护策略和整环性质,分子量超过250 Da，需关注偶联效率、溶解度和总环肽体积,是,c1ccc(cc1)CCCCO[C@@H]2C[C@H](NC2)C(=O)O,https://www.rcsb.org/ligand/0LF
仅结构参考,0MU,"(2R)-5-(acetyloxymethyl)-2-[(1R)-1-[[(5R)-5-azanyl-6-oxidanyl-6-oxidanylidene-hexanoyl]amino]-2-oxidanylidene-ethyl]-5,6-dihydro-2H-1,3-thiazine-4-carboxylic acid",C16 H23 N3 O8 S,417.434,d-peptide linking,,D-构型,结构身份可保留，但复杂度、反应性或极性风险不适合进入默认研发库,分子量超过300 Da，单体复杂度和环肽总分子量负担较高；杂原子较多，可能增加暴露极性和去溶剂化代价；CCD未指定标准氨基酸母体，需确认它是独立残基而非氨基酸样片段,是,CC(=O)OCC1CS[C@@H](N=C1C(=O)O)[C@@H](C=O)NC(=O)CCC[C@H](C(=O)O)N,https://www.rcsb.org/ligand/0MU
仅结构参考,0PR,N-({3-hydroxy-2-methyl-5-[(phosphonooxy)methyl]pyridin-4-yl}methyl)-L-tyrosine,C17 H21 N2 O8 P,412.331,l-peptide linking,TYR,芳香／疏水侧链,结构身份可保留，但复杂度、反应性或极性风险不适合进入默认研发库,分子量超过300 Da，单体复杂度和环肽总分子量负担较高；杂原子较多，可能增加暴露极性和去溶剂化代价；含磷酸/膦酸相关结构，通常不利于被动跨膜，除非有专门遮蔽设计,是,Cc1c(c(c(cn1)COP(=O)(O)O)CN[C@@H](Cc2ccc(cc2)O)C(=O)O)O,https://www.rcsb.org/ligand/0PR
条件候选,0QL,3-[(2-aminoethyl)disulfanyl]-L-alanine,C5 H12 N2 O2 S2,196.291,l-peptide linking,CYS,极性／带电侧链,保留为条件候选；是否有价值取决于具体位点、保护策略和整环性质,以极性/带电特征为主，不宜默认用于提高被动渗透性,是,C(CSSC[C@@H](C(=O)O)N)N,https://www.rcsb.org/ligand/0QL
优先研发候选,0QZ,D-Isoserine,C3 H7 N O3,105.093,d-peptide linking,,D-构型,属于D-构型方向，可用于口服环肽的构象/稳定性/主链极性扫描,CCD未指定标准氨基酸母体，需确认它是独立残基而非氨基酸样片段,是,C([C@H](C(=O)O)O)N,https://www.rcsb.org/ligand/0QZ
条件候选,0RJ,3-(formylamino)-L-alanine,C4 H8 N2 O3,132.118,l-peptide linking,,极性／带电侧链,保留为条件候选；是否有价值取决于具体位点、保护策略和整环性质,CCD未指定标准氨基酸母体，需确认它是独立残基而非氨基酸样片段；以极性/带电特征为主，不宜默认用于提高被动渗透性,是,C([C@@H](C(=O)O)N)NC=O,https://www.rcsb.org/ligand/0RJ
条件候选,0TD,(3S)-3-(methylsulfanyl)-L-aspartic acid,C5 H9 N O4 S,179.194,l-peptide linking,ASP,极性／带电侧链,保留为条件候选；是否有价值取决于具体位点、保护策略和整环性质,以极性/带电特征为主，不宜默认用于提高被动渗透性,是,CS[C@@H]([C@@H](C(=O)O)N)C(=O)O,https://www.rcsb.org/ligand/0TD
条件候选,0TH,N-(propylsulfonyl)-D-threonine,C7 H15 N O5 S,225.263,d-peptide linking,,D-构型,保留为条件候选；是否有价值取决于具体位点、保护策略和整环性质,CCD未指定标准氨基酸母体，需确认它是独立残基而非氨基酸样片段,是,CCCS(=O)(=O)N[C@H]([C@H](C)O)C(=O)O,https://www.rcsb.org/ligand/0TH
优先研发候选,0UZ,(2R)-amino(3-chloro-4-hydroxyphenyl)ethanoic acid,C8 H8 Cl N O3,201.607,d-peptide linking,,D-构型,属于D-构型方向，可用于口服环肽的构象/稳定性/主链极性扫描,CCD未指定标准氨基酸母体，需确认它是独立残基而非氨基酸样片段,是,c1cc(c(cc1[C@H](C(=O)O)N)Cl)O,https://www.rcsb.org/ligand/0UZ
条件候选,0W6,(4S)-4-aminopentanoic acid,C5 H11 N O2,117.146,l-peptide linking,,其他CCD肽链核心,保留为条件候选；是否有价值取决于具体位点、保护策略和整环性质,CCD未指定标准氨基酸母体，需确认它是独立残基而非氨基酸样片段,是,C[C@@H](CCC(=O)O)N,https://www.rcsb.org/ligand/0W6
条件候选,0WZ,3-(1H-pyrazol-1-yl)-L-tyrosine,C12 H13 N3 O3,247.25,l-peptide linking,TYR,芳香／疏水侧链,保留为条件候选；是否有价值取决于具体位点、保护策略和整环性质,,是,c1cnn(c1)c2cc(ccc2O)C[C@@H](C(=O)O)N,https://www.rcsb.org/ligand/0WZ
条件候选,0X9,N~2~-sulfamoyl-L-arginine,C6 H15 N5 O4 S,253.279,l-peptide linking,ARG,极性／带电侧链,保留为条件候选；是否有价值取决于具体位点、保护策略和整环性质,分子量超过250 Da，需关注偶联效率、溶解度和总环肽体积；以极性/带电特征为主，不宜默认用于提高被动渗透性,是,[H]/N=C(\N)/NCCC[C@@H](C(=O)O)NS(=O)(=O)N,https://www.rcsb.org/ligand/0X9
条件候选,0XL,2-amino-2-ethylbutanoic acid,C6 H13 N O2,131.173,peptide linking,,其他CCD肽链核心,保留为条件候选；是否有价值取决于具体位点、保护策略和整环性质,CCD仅标为通用peptide linking，需确认真实主链连接几何；CCD未指定标准氨基酸母体，需确认它是独立残基而非氨基酸样片段,是,CCC(CC)(C(=O)O)N,https://www.rcsb.org/ligand/0XL
优先研发候选,0XO,2-methyl-D-lysine,C7 H16 N2 O2,160.214,d-peptide linking,,D-构型,属于D-构型方向，可用于口服环肽的构象/稳定性/主链极性扫描,CCD未指定标准氨基酸母体，需确认它是独立残基而非氨基酸样片段,是,C[C@@](CCCCN)(C(=O)O)N,https://www.rcsb.org/ligand/0XO
优先研发候选,0XQ,"(2R)-2,8-diamino-2-methyloctanoic acid",C9 H20 N2 O2,188.267,d-peptide linking,,D-构型,属于D-构型方向，可用于口服环肽的构象/稳定性/主链极性扫描,CCD未指定标准氨基酸母体，需确认它是独立残基而非氨基酸样片段,是,C[C@@](CCCCCCN)(C(=O)O)N,https://www.rcsb.org/ligand/0XQ
仅结构参考,0Y8,(4R)-4-[(7-bromoisoquinolin-1-yl)oxy]-L-proline,C14 H13 Br N2 O3,337.169,l-peptide linking,PRO,构象限制,结构身份可保留，但复杂度、反应性或极性风险不适合进入默认研发库,分子量超过300 Da，单体复杂度和环肽总分子量负担较高,是,c1cc(cc2c1ccnc2O[C@@H]3C[C@H](NC3)C(=O)O)Br,https://www.rcsb.org/ligand/0Y8
优先研发候选,0Y9,"(1R,2S)-1-amino-2-ethenylcyclopropanecarboxylic acid",C6 H9 N O2,127.141,peptide linking,,构象限制,属于构象限制方向，可用于口服环肽的构象/稳定性/主链极性扫描,CCD仅标为通用peptide linking，需确认真实主链连接几何；CCD未指定标准氨基酸母体，需确认它是独立残基而非氨基酸样片段,是,C=C[C@@H]1C[C@@]1(C(=O)O)N,https://www.rcsb.org/ligand/0Y9
优先研发候选,11Q,1-(cyclohexylmethyl)-L-proline,C12 H21 N O2,211.301,l-peptide linking,PRO,构象限制,属于构象限制方向，可用于口服环肽的构象/稳定性/主链极性扫描；CCD给出标准母体残基，便于设计成对替换实验,,是,C1CCC(CC1)CN2CCC[C@H]2C(=O)O,https://www.rcsb.org/ligand/11Q
仅结构参考,11W,(4R)-4-[(2E)-3-{4-[(E)-phenyldiazenyl]phenyl}prop-2-en-1-yl]-L-glutamic acid,C20 H21 N3 O4,367.398,l-peptide linking,GLU,芳香／疏水侧链,结构身份可保留，但复杂度、反应性或极性风险不适合进入默认研发库,分子量超过300 Da，单体复杂度和环肽总分子量负担较高,是,c1ccc(cc1)/N=N/c2ccc(cc2)/C=C/C[C@H](C[C@@H](C(=O)O)N)C(=O)O,https://www.rcsb.org/ligand/11W
优先研发候选,12L,"(1R,2S,5S)-6,6-dimethyl-3-azabicyclo[3.1.0]hexane-2-carboxylic acid",C8 H13 N O2,155.194,l-peptide linking,PRO,构象限制,属于构象限制方向，可用于口服环肽的构象/稳定性/主链极性扫描；CCD给出标准母体残基，便于设计成对替换实验,,是,CC1([C@@H]2[C@H]1[C@H](NC2)C(=O)O)C,https://www.rcsb.org/ligand/12L
明确排除,12X,"(4R)-4-[(8-bromo-7-methoxy-2-{2-[(2-methylpropanoyl)amino]-1,3-thiazol-4-yl}quinolin-4-yl)oxy]-L-proline",C22 H23 Br N4 O5 S,535.411,l-peptide linking,PRO,构象限制,分子量超过450 Da，优先视为复杂整分子而非通用残基,,否,CC(C)C(=O)Nc1nc(cs1)c2cc(c3ccc(c(c3n2)Br)OC)O[C@@H]4C[C@H](NC4)C(=O)O,https://www.rcsb.org/ligand/12X
明确排除,12Y,"(4R)-4-[(7-methoxy-2-{2-[(2-methylpropanoyl)amino]-1,3-thiazol-4-yl}quinolin-4-yl)oxy]-L-proline",C22 H24 N4 O5 S,456.515,l-peptide linking,PRO,构象限制,分子量超过450 Da，优先视为复杂整分子而非通用残基,,否,CC(C)C(=O)Nc1nc(cs1)c2cc(c3ccc(cc3n2)OC)O[C@@H]4C[C@H](NC4)C(=O)O,https://www.rcsb.org/ligand/12Y
条件候选,13E,N-[(2S)-2-amino-3-phenylpropyl]-L-methionine,C14 H22 N2 O2 S,282.402,l-peptide linking,,芳香／疏水侧链,保留为条件候选；是否有价值取决于具体位点、保护策略和整环性质,分子量超过250 Da，需关注偶联效率、溶解度和总环肽体积；CCD未指定标准氨基酸母体，需确认它是独立残基而非氨基酸样片段,是,CSCC[C@@H](C(=O)O)NC[C@H](Cc1ccccc1)N,https://www.rcsb.org/ligand/13E
条件候选,143,"S-2,3-DIHYDRO-5-GLYCIN-2-YL-ISOXAZOL-3-YL-CYSTEINE",C8 H13 N3 O5 S,263.271,l-peptide linking,CYS,极性／带电侧链,保留为条件候选；是否有价值取决于具体位点、保护策略和整环性质,分子量超过250 Da，需关注偶联效率、溶解度和总环肽体积；以极性/带电特征为主，不宜默认用于提高被动渗透性,是,C1=C(ON[C@@H]1SC[C@@H](C(=O)O)N)[C@@H](C(=O)O)N,https://www.rcsb.org/ligand/143
条件候选,175,"3,5-DIHYDRO-5-METHYLIDENE-4H-IMIDAZOL-4-ON",C8 H16 N4 O3,216.238,l-peptide linking,ALA / GLY / SER,极性／带电侧链,保留为条件候选；是否有价值取决于具体位点、保护策略和整环性质,以极性/带电特征为主，不宜默认用于提高被动渗透性,是,C[C@@H](C1NC(C(=O)N1CC(=O)O)CN)N,https://www.rcsb.org/ligand/175
优先研发候选,192,1-AMINOCYCLOBUTANECARBOXLIC ACID,C5 H9 N O2,115.13,peptide linking,,α位取代,属于α位取代方向，可用于口服环肽的构象/稳定性/主链极性扫描,CCD仅标为通用peptide linking，需确认真实主链连接几何；CCD未指定标准氨基酸母体，需确认它是独立残基而非氨基酸样片段,是,C1CC(C1)(C(=O)O)N,https://www.rcsb.org/ligand/192
条件候选,193,(2S)-4-(BETA-ALANYLAMINO)-2-AMINOBUTANOIC ACID,C7 H15 N3 O3,189.212,l-peptide linking,,极性／带电侧链,保留为条件候选；是否有价值取决于具体位点、保护策略和整环性质,CCD未指定标准氨基酸母体，需确认它是独立残基而非氨基酸样片段；以极性/带电特征为主，不宜默认用于提高被动渗透性,是,C(CNC(=O)CCN)[C@@H](C(=O)O)N,https://www.rcsb.org/ligand/193
条件候选,19W,5-(aminooxy)-L-norvaline,C5 H12 N2 O3,148.16,l-peptide linking,,极性／带电侧链,保留为条件候选；是否有价值取决于具体位点、保护策略和整环性质,CCD未指定标准氨基酸母体，需确认它是独立残基而非氨基酸样片段；以极性/带电特征为主，不宜默认用于提高被动渗透性,是,C(C[C@@H](C(=O)O)N)CON,https://www.rcsb.org/ligand/19W
优先研发候选,1AC,1-AMINOCYCLOPROPANECARBOXYLIC ACID,C4 H7 N O2,101.104,peptide linking,ALA,α位取代,属于α位取代方向，可用于口服环肽的构象/稳定性/主链极性扫描；CCD给出标准母体残基，便于设计成对替换实验,CCD仅标为通用peptide linking，需确认真实主链连接几何,是,C1CC1(C(=O)O)N,https://www.rcsb.org/ligand/1AC
条件候选,1C3,"1-(3,4,5-trimethoxybenzyl)-L-proline",C15 H21 N O5,295.331,l-peptide linking,,构象限制,保留为条件候选；是否有价值取决于具体位点、保护策略和整环性质,分子量超过250 Da，需关注偶联效率、溶解度和总环肽体积；CCD未指定标准氨基酸母体，需确认它是独立残基而非氨基酸样片段,是,COc1cc(cc(c1OC)OC)CN2CCC[C@H]2C(=O)O,https://www.rcsb.org/ligand/1C3
条件候选,1E3,"(2S)-2,9-diaminononanoic acid",C9 H20 N2 O2,188.267,l-peptide linking,,极性／带电侧链,保留为条件候选；是否有价值取决于具体位点、保护策略和整环性质,CCD未指定标准氨基酸母体，需确认它是独立残基而非氨基酸样片段；以极性/带电特征为主，不宜默认用于提高被动渗透性,是,C(CCC[C@@H](C(=O)O)N)CCCN,https://www.rcsb.org/ligand/1E3
条件候选,1G2,(2S)-2-azido-3-phenylpropanoic acid,C9 H9 N3 O2,191.187,l-peptide linking,,芳香／疏水侧链,保留为条件候选；是否有价值取决于具体位点、保护策略和整环性质,CCD未指定标准氨基酸母体，需确认它是独立残基而非氨基酸样片段,是,c1ccc(cc1)C[C@@H](C(=O)O)N=[N+]=[N-],https://www.rcsb.org/ligand/1G2
明确排除,1G3,(2S)-1-[4-(aminomethyl)phenyl]-4-(methylsulfonyl)butan-2-amine,C12 H20 N2 O2 S,256.364,l-peptide linking,,芳香／疏水侧链,结构中未识别到可用于常规肽键形成的游离羧基,,否,CS(=O)(=O)CC[C@H](Cc1ccc(cc1)CN)N,https://www.rcsb.org/ligand/1G3
优先研发候选,1G8,4-(aminomethyl)-D-phenylalanine,C10 H14 N2 O2,194.23,d-peptide linking,,D-构型,属于D-构型方向，可用于口服环肽的构象/稳定性/主链极性扫描,CCD未指定标准氨基酸母体，需确认它是独立残基而非氨基酸样片段,是,c1cc(ccc1C[C@H](C(=O)O)N)CN,https://www.rcsb.org/ligand/1G8
条件候选,1IC,O-octanoyl-D-serine,C11 H21 N O4,231.289,d-peptide linking,,D-构型,保留为条件候选；是否有价值取决于具体位点、保护策略和整环性质,CCD未指定标准氨基酸母体，需确认它是独立残基而非氨基酸样片段,是,CCCCCCCC(=O)OC[C@H](C(=O)O)N,https://www.rcsb.org/ligand/1IC
仅结构参考,1IP,N~2~-(PHOSPHONOACETYL)-L-ASPARAGINE,C6 H11 N2 O7 P,254.135,l-peptide linking,,极性／带电侧链,结构身份可保留，但复杂度、反应性或极性风险不适合进入默认研发库,分子量超过250 Da，需关注偶联效率、溶解度和总环肽体积；杂原子较多，可能增加暴露极性和去溶剂化代价；含磷酸/膦酸相关结构，通常不利于被动跨膜，除非有专门遮蔽设计；CCD未指定标准氨基酸母体，需确认它是独立残基而非氨基酸样片段；以极性/带电特征为主，不宜默认用于提高被动渗透性,是,C([C@@H](C(=O)O)NC(=O)CP(=O)(O)O)C(=O)N,https://www.rcsb.org/ligand/1IP
优先研发候选,1JM,4-carboxy-N-methyl-D-phenylalanine,C11 H13 N O4,223.225,d-peptide linking,,N-取代,属于N-取代方向，可用于口服环肽的构象/稳定性/主链极性扫描,CCD未指定标准氨基酸母体，需确认它是独立残基而非氨基酸样片段,是,CN[C@H](Cc1ccc(cc1)C(=O)O)C(=O)O,https://www.rcsb.org/ligand/1JM
条件候选,1L1,3-cyclohexyl-N-sulfamoyl-D-alanine,C9 H18 N2 O4 S,250.315,d-peptide linking,ALA,D-构型,保留为条件候选；是否有价值取决于具体位点、保护策略和整环性质,分子量超过250 Da，需关注偶联效率、溶解度和总环肽体积,是,C1CCC(CC1)C[C@H](C(=O)O)NS(=O)(=O)N,https://www.rcsb.org/ligand/1L1
条件候选,1ME,(2S)-2-AMINO-3-METHYLSULFANYL-BUTANOIC ACID,C5 H11 N O2 S,149.211,l-peptide linking,,其他CCD肽链核心,保留为条件候选；是否有价值取决于具体位点、保护策略和整环性质,CCD未指定标准氨基酸母体，需确认它是独立残基而非氨基酸样片段,是,CC([C@H](C(=O)O)N)SC,https://www.rcsb.org/ligand/1ME
条件候选,1MH,3-pyridin-3-yl-L-alanine,C8 H10 N2 O2,166.177,l-peptide linking,,芳香／疏水侧链,保留为条件候选；是否有价值取决于具体位点、保护策略和整环性质,CCD未指定标准氨基酸母体，需确认它是独立残基而非氨基酸样片段,是,c1cc(cnc1)C[C@@H](C(=O)O)N,https://www.rcsb.org/ligand/1MH
条件候选,1OP,O-(5-hydroxypentyl)-L-tyrosine,C14 H21 N O4,267.321,l-peptide linking,TYR,芳香／疏水侧链,保留为条件候选；是否有价值取决于具体位点、保护策略和整环性质,分子量超过250 Da，需关注偶联效率、溶解度和总环肽体积,是,c1cc(ccc1C[C@@H](C(=O)O)N)OCCCCCO,https://www.rcsb.org/ligand/1OP
条件候选,1PA,4-(carboxymethyl)-L-phenylalanine,C11 H13 N O4,223.225,l-peptide linking,PHE,芳香／疏水侧链,保留为条件候选；是否有价值取决于具体位点、保护策略和整环性质,,是,c1cc(ccc1C[C@@H](C(=O)O)N)CC(=O)O,https://www.rcsb.org/ligand/1PA
明确排除,1PI,(3R)-3-[(2S)-2-amino-3-oxopropyl]piperidine-1-carboximidamide,C9 H18 N4 O,198.265,l-peptide linking,ALA,构象限制,结构中未识别到可用于常规肽键形成的游离羧基,,否,[H]/N=C(/N)\N1CCC[C@@H](C1)C[C@@H](C=O)N,https://www.rcsb.org/ligand/1PI
条件候选,1QI,"(2R,4S,5S)-5-azanyl-6-methyl-4-oxidanyl-2-(phenylmethyl)heptanoic acid",C15 H23 N O3,265.348,peptide linking,,芳香／疏水侧链,保留为条件候选；是否有价值取决于具体位点、保护策略和整环性质,分子量超过250 Da，需关注偶联效率、溶解度和总环肽体积；CCD仅标为通用peptide linking，需确认真实主链连接几何；CCD未指定标准氨基酸母体，需确认它是独立残基而非氨基酸样片段,是,CC(C)[C@@H]([C@H](C[C@@H](Cc1ccccc1)C(=O)O)O)N,https://www.rcsb.org/ligand/1QI
条件候选,1TQ,6-(FORMYLAMINO)-7-HYDROXY-L-TRYPTOPHAN,C12 H13 N3 O4,263.249,l-peptide linking,TRP,芳香／疏水侧链,保留为条件候选；是否有价值取决于具体位点、保护策略和整环性质,分子量超过250 Da，需关注偶联效率、溶解度和总环肽体积,是,c1cc(c(c2c1c(c[nH]2)C[C@@H](C(=O)O)N)O)NC=O,https://www.rcsb.org/ligand/1TQ
条件候选,1TX,(2S)-2-amino-7-methoxy-7-oxoheptanoic acid,C8 H15 N O4,189.209,l-peptide linking,,极性／带电侧链,保留为条件候选；是否有价值取决于具体位点、保护策略和整环性质,CCD未指定标准氨基酸母体，需确认它是独立残基而非氨基酸样片段；以极性/带电特征为主，不宜默认用于提高被动渗透性,是,COC(=O)CCCC[C@@H](C(=O)O)N,https://www.rcsb.org/ligand/1TX
仅结构参考,1TY,"3-{(3E)-4-HYDROXY-6-OXO-3-[(2-PHENYLETHYL)IMINO]CYCLOHEXA-1,4-DIEN-1-YL}ALANINE",C17 H18 N2 O4,314.336,l-peptide linking,TYR,构象限制,结构身份可保留，但复杂度、反应性或极性风险不适合进入默认研发库,分子量超过300 Da，单体复杂度和环肽总分子量负担较高,是,c1ccc(cc1)CC/N=C/2\C=C(C(=O)C=C2O)C[C@@H](C(=O)O)N,https://www.rcsb.org/ligand/1TY
条件候选,1U8,"(3S)-3-amino-5-[(2,6-dimethylbenzoyl)oxy]-4-oxopentanoic acid",C14 H17 N O5,279.288,l-peptide linking,,芳香／疏水侧链,保留为条件候选；是否有价值取决于具体位点、保护策略和整环性质,分子量超过250 Da，需关注偶联效率、溶解度和总环肽体积；CCD未指定标准氨基酸母体，需确认它是独立残基而非氨基酸样片段,是,Cc1cccc(c1C(=O)OCC(=O)[C@H](CC(=O)O)N)C,https://www.rcsb.org/ligand/1U8
条件候选,1VR,(3R)-3-amino-4-methylpentanoic acid,C6 H13 N O2,131.173,l-peptide linking,,其他CCD肽链核心,保留为条件候选；是否有价值取决于具体位点、保护策略和整环性质,CCD未指定标准氨基酸母体，需确认它是独立残基而非氨基酸样片段,是,CC(C)[C@@H](CC(=O)O)N,https://www.rcsb.org/ligand/1VR
条件候选,1X6,O-[(2E)-3-AMINOPROP-2-ENOYL]-L-SERINE,C6 H10 N2 O4,174.155,l-peptide linking,SER,极性／带电侧链,保留为条件候选；是否有价值取决于具体位点、保护策略和整环性质,以极性/带电特征为主，不宜默认用于提高被动渗透性,是,C([C@@H](C(=O)O)N)OC(=O)/C=C/N,https://www.rcsb.org/ligand/1X6
优先研发候选,1XW,"(1aS,4S,6aR,7aS)-octahydro-1H-cyclopropa[4,5]pyrrolo[1,2-a]pyrazine-4-carboxylic acid",C9 H14 N2 O2,182.22,l-peptide linking,,构象限制,属于构象限制方向，可用于口服环肽的构象/稳定性/主链极性扫描,CCD未指定标准氨基酸母体，需确认它是独立残基而非氨基酸样片段,是,C1[C@@H]2C[C@@H]2N3[C@H]1CN[C@@H](C3)C(=O)O,https://www.rcsb.org/ligand/1XW
条件候选,200,4-CHLORO-L-PHENYLALANINE,C9 H10 Cl N O2,199.634,l-peptide linking,PHE,卤代／电子调节,保留为条件候选；是否有价值取决于具体位点、保护策略和整环性质,,是,c1cc(ccc1C[C@@H](C(=O)O)N)Cl,https://www.rcsb.org/ligand/200
仅结构参考,22G,N-[(2S)-2-amino-3-phenylpropyl]-L-tyrosine,C18 H22 N2 O3,314.379,l-peptide linking,,芳香／疏水侧链,结构身份可保留，但复杂度、反应性或极性风险不适合进入默认研发库,分子量超过300 Da，单体复杂度和环肽总分子量负担较高；CCD未指定标准氨基酸母体，需确认它是独立残基而非氨基酸样片段,是,c1ccc(cc1)C[C@@H](CN[C@@H](Cc2ccc(cc2)O)C(=O)O)N,https://www.rcsb.org/ligand/22G
条件候选,23F,(2Z)-2-AMINO-3-PHENYLACRYLIC ACID,C9 H9 N O2,163.173,peptide linking,PHE,芳香／疏水侧链,保留为条件候选；是否有价值取决于具体位点、保护策略和整环性质,CCD仅标为通用peptide linking，需确认真实主链连接几何,是,c1ccc(cc1)\C=C(\C(=O)O)/N,https://www.rcsb.org/ligand/23F
条件候选,23P,3-(propanoylamino)-L-alanine,C6 H12 N2 O3,160.171,l-peptide linking,ALA,极性／带电侧链,保留为条件候选；是否有价值取决于具体位点、保护策略和整环性质,以极性/带电特征为主，不宜默认用于提高被动渗透性,是,CCC(=O)NC[C@@H](C(=O)O)N,https://www.rcsb.org/ligand/23P
条件候选,23S,"(S)-2-AMINO-3-(6H-SELENOLO[2,3-B]-PYRROL-4-YL)-PROPIONIC ACID",C9 H10 N2 O2 Se,257.148,l-peptide linking,,芳香／疏水侧链,保留为条件候选；是否有价值取决于具体位点、保护策略和整环性质,分子量超过250 Da，需关注偶联效率、溶解度和总环肽体积；CCD未指定标准氨基酸母体，需确认它是独立残基而非氨基酸样片段,是,c1c[se]c2c1c(c[nH]2)C[C@@H](C(=O)O)N,https://www.rcsb.org/ligand/23S
优先研发候选,28J,D-alloisoleucine,C6 H13 N O2,131.173,d-peptide linking,,D-构型,属于D-构型方向，可用于口服环肽的构象/稳定性/主链极性扫描,CCD未指定标准氨基酸母体，需确认它是独立残基而非氨基酸样片段,是,CC[C@H](C)[C@H](C(=O)O)N,https://www.rcsb.org/ligand/28J
仅结构参考,28X,"O-[(R)-{[(3R)-3,4-dihydroxybutyl]oxy}(hydroxy)phosphoryl]-L-threonine",C8 H18 N O8 P,287.204,l-peptide linking,THR,极性／带电侧链,结构身份可保留，但复杂度、反应性或极性风险不适合进入默认研发库,分子量超过250 Da，需关注偶联效率、溶解度和总环肽体积；杂原子较多，可能增加暴露极性和去溶剂化代价；含磷酸/膦酸相关结构，通常不利于被动跨膜，除非有专门遮蔽设计；以极性/带电特征为主，不宜默认用于提高被动渗透性,是,C[C@H]([C@@H](C(=O)O)N)OP(=O)(O)OCC[C@H](CO)O,https://www.rcsb.org/ligand/28X
明确排除,2AD,2'-AMINO-2'-DEOXYADENOSINE,C10 H14 N6 O3,266.257,l-peptide linking,,芳香／疏水侧链,结构中未识别到可用于常规肽键形成的游离羧基,,否,c1nc(c2c(n1)n(cn2)[C@H]3[C@@H]([C@@H]([C@H](O3)CO)O)N)N,https://www.rcsb.org/ligand/2AD
条件候选,2AG,(2S)-2-aminopent-4-enoic acid,C5 H9 N O2,115.13,l-peptide linking,ALA,其他CCD肽链核心,保留为条件候选；是否有价值取决于具体位点、保护策略和整环性质,,是,C=CC[C@@H](C(=O)O)N,https://www.rcsb.org/ligand/2AG
条件候选,2AS,"(2S,3S)-3-methyl-aspartic acid",C5 H9 N O4,147.129,l-peptide linking,,极性／带电侧链,保留为条件候选；是否有价值取决于具体位点、保护策略和整环性质,CCD未指定标准氨基酸母体，需确认它是独立残基而非氨基酸样片段；以极性/带电特征为主，不宜默认用于提高被动渗透性,是,C[C@H]([C]O)[C@@H](C(=O)(=O)O)N,https://www.rcsb.org/ligand/2AS
条件候选,2CO,S-HYDROPEROXYCYSTEINE,C3 H7 N O4 S,153.157,l-peptide linking,CYS,极性／带电侧链,保留为条件候选；是否有价值取决于具体位点、保护策略和整环性质,以极性/带电特征为主，不宜默认用于提高被动渗透性,是,C([C@@H](C(=O)O)N)SOO,https://www.rcsb.org/ligand/2CO
明确排除,2DO,"(2S)-2-AMINOHEXANE-1,1-DIOL",C6 H15 N O2,133.189,l-peptide linking,,其他CCD肽链核心,结构中未识别到可用于常规肽键形成的游离羧基,,否,CCCC[C@@H](C(O)O)N,https://www.rcsb.org/ligand/2DO
条件候选,2FM,S-(DIFLUOROMETHYL)HOMOCYSTEINE,C5 H9 F2 N O2 S,185.192,l-peptide linking,MET,卤代／电子调节,保留为条件候选；是否有价值取决于具体位点、保护策略和整环性质,,是,C(CSC(F)F)[C@@H](C(=O)O)N,https://www.rcsb.org/ligand/2FM
条件候选,2GX,beta-phenyl-L-phenylalanine,C15 H15 N O2,241.285,l-peptide linking,PHE,芳香／疏水侧链,保留为条件候选；是否有价值取决于具体位点、保护策略和整环性质,,是,c1ccc(cc1)C(c2ccccc2)[C@@H](C(=O)O)N,https://www.rcsb.org/ligand/2GX
条件候选,2HF,2-fluoro-L-histidine,C6 H9 F N3 O2,174.153,l-peptide linking,HIS,卤代／电子调节,保留为条件候选；是否有价值取决于具体位点、保护策略和整环性质,,是,c1c([nH+]c([nH]1)F)C[C@@H](C(=O)O)N,https://www.rcsb.org/ligand/2HF
优先研发候选,2JC,N-ethylglycine,C4 H9 N O2,103.12,l-peptide linking,,N-取代,属于N-取代方向，可用于口服环肽的构象/稳定性/主链极性扫描,CCD未指定标准氨基酸母体，需确认它是独立残基而非氨基酸样片段,是,CCNCC(=O)O,https://www.rcsb.org/ligand/2JC
条件候选,2JF,(2S)-2-amino-3-oxopropyl 4-{[(2S)-2-hydroxy-4-methylpentanoyl]amino}butanoate,C13 H24 N2 O5,288.34,l-peptide linking,,极性／带电侧链,保留为条件候选；是否有价值取决于具体位点、保护策略和整环性质,分子量超过250 Da，需关注偶联效率、溶解度和总环肽体积；CCD未指定标准氨基酸母体，需确认它是独立残基而非氨基酸样片段；以极性/带电特征为主，不宜默认用于提高被动渗透性,是,CC(C)C[C@@H](C(=O)NCCCC(=O)OC[C@@H](C=O)N)O,https://www.rcsb.org/ligand/2JF
条件候选,2JG,(2S)-2-amino-3-oxopropyl hexanoate,C9 H17 N O3,187.236,l-peptide linking,SER,极性／带电侧链,保留为条件候选；是否有价值取决于具体位点、保护策略和整环性质,以极性/带电特征为主，不宜默认用于提高被动渗透性,是,CCCCCC(=O)OC[C@@H](C=O)N,https://www.rcsb.org/ligand/2JG
优先研发候选,2JH,3-cyclobutyl-L-alanine,C7 H13 N O2,143.184,l-peptide linking,,构象限制,属于构象限制方向，可用于口服环肽的构象/稳定性/主链极性扫描,CCD未指定标准氨基酸母体，需确认它是独立残基而非氨基酸样片段,是,C1CC(C1)C[C@@H](C(=O)O)N,https://www.rcsb.org/ligand/2JH
仅结构参考,2JJ,5-phosphono-D-norvaline,C5 H12 N O5 P,197.126,d-peptide linking,,D-构型,结构身份可保留，但复杂度、反应性或极性风险不适合进入默认研发库,含磷酸/膦酸相关结构，通常不利于被动跨膜，除非有专门遮蔽设计；CCD未指定标准氨基酸母体，需确认它是独立残基而非氨基酸样片段,是,C(C[C@H](C(=O)O)N)CP(=O)(O)O,https://www.rcsb.org/ligand/2JJ
优先研发候选,2JN,2-methyl-D-norleucine,C7 H15 N O2,145.199,d-peptide linking,,D-构型,属于D-构型方向，可用于口服环肽的构象/稳定性/主链极性扫描,CCD未指定标准氨基酸母体，需确认它是独立残基而非氨基酸样片段,是,CCCC[C@](C)(C(=O)O)N,https://www.rcsb.org/ligand/2JN
条件候选,2KK,N~6~-(4-fluorobenzoyl)-L-lysine,C13 H17 F N2 O3,268.284,l-peptide linking,LYS,卤代／电子调节,保留为条件候选；是否有价值取决于具体位点、保护策略和整环性质,分子量超过250 Da，需关注偶联效率、溶解度和总环肽体积,是,c1cc(ccc1C(=O)NCCCC[C@@H](C(=O)O)N)F,https://www.rcsb.org/ligand/2KK
仅结构参考,2KP,N~6~-(4-bromobenzoyl)-L-lysine,C13 H17 Br N2 O3,329.19,l-peptide linking,LYS,卤代／电子调节,结构身份可保留，但复杂度、反应性或极性风险不适合进入默认研发库,分子量超过300 Da，单体复杂度和环肽总分子量负担较高,是,c1cc(ccc1C(=O)NCCCC[C@@H](C(=O)O)N)Br,https://www.rcsb.org/ligand/2KP
优先研发候选,2KY,(2S)-amino(cyclopentyl)ethanoic acid,C7 H13 N O2,143.184,l-peptide linking,,构象限制,属于构象限制方向，可用于口服环肽的构象/稳定性/主链极性扫描,CCD未指定标准氨基酸母体，需确认它是独立残基而非氨基酸样片段,是,C1CCC(C1)[C@@H](C(=O)O)N,https://www.rcsb.org/ligand/2KY
条件候选,2KZ,2-amino maleic acid,C4 H5 N O4,131.087,d-peptide linking,,D-构型,保留为条件候选；是否有价值取决于具体位点、保护策略和整环性质,CCD未指定标准氨基酸母体，需确认它是独立残基而非氨基酸样片段,是,C(=C(\C(=O)O)/N)\C(=O)O,https://www.rcsb.org/ligand/2KZ
条件候选,2L5,2-chloro-L-phenylalanine,C9 H10 Cl N O2,199.634,l-peptide linking,,卤代／电子调节,保留为条件候选；是否有价值取决于具体位点、保护策略和整环性质,CCD未指定标准氨基酸母体，需确认它是独立残基而非氨基酸样片段,是,c1ccc(c(c1)C[C@@H](C(=O)O)N)Cl,https://www.rcsb.org/ligand/2L5
优先研发候选,2L6,"(3S,6R,8aS)-5-oxo-1,2,3,8a-tetrahydrospiro[indolizine-6,2'-pyrrolidine]-3-carboxylic acid",C12 H16 N2 O3,236.267,l-peptide linking,,构象限制,属于构象限制方向，可用于口服环肽的构象/稳定性/主链极性扫描,CCD未指定标准氨基酸母体，需确认它是独立残基而非氨基酸样片段,是,C1C[C@]2(C=C[C@@H]3CC[C@H](N3C2=O)C(=O)O)NC1,https://www.rcsb.org/ligand/2L6
条件候选,2L9,"(3aR,5aS,8S,10aS)-10-oxo-1,2,3,3a,5a,8,10,10a-octahydrodipyrrolo[1,2-a:3',2'-e]azepine-8-carboxylic acid",C12 H14 N2 O3,234.251,l-peptide linking,,极性／带电侧链,保留为条件候选；是否有价值取决于具体位点、保护策略和整环性质,CCD未指定标准氨基酸母体，需确认它是独立残基而非氨基酸样片段；以极性/带电特征为主，不宜默认用于提高被动渗透性,是,C1CN[C@H]2[C@H]1C=C[C@H]3C=C[C@H](N3C2=O)C(=O)O,https://www.rcsb.org/ligand/2L9
条件候选,2LT,"3,5-dichloro-L-tyrosine",C9 H9 Cl2 N O3,250.079,l-peptide linking,TYR,卤代／电子调节,保留为条件候选；是否有价值取决于具体位点、保护策略和整环性质,分子量超过250 Da，需关注偶联效率、溶解度和总环肽体积,是,c1c(cc(c(c1Cl)O)Cl)C[C@@H](C(=O)O)N,https://www.rcsb.org/ligand/2LT
条件候选,2ML,2-METHYLLEUCINE,C7 H15 N O2,145.199,l-peptide linking,LEU,其他CCD肽链核心,保留为条件候选；是否有价值取决于具体位点、保护策略和整环性质,,是,CC(C)C[C@@](C)(C(=O)O)N,https://www.rcsb.org/ligand/2ML
条件候选,2MR,"N3, N4-DIMETHYLARGININE",C8 H18 N4 O2,202.254,l-peptide linking,ARG,极性／带电侧链,保留为条件候选；是否有价值取决于具体位点、保护策略和整环性质,以极性/带电特征为主，不宜默认用于提高被动渗透性,是,CN/C(=N/C)/NCCC[C@@H](C(=O)O)N,https://www.rcsb.org/ligand/2MR
条件候选,2MT,"(4R)-2,2-DIMETHYL-1,3-THIAZOLIDINE-4-CARBOXYLIC ACID",C6 H11 N O2 S,161.222,l-peptide linking,PRO,其他CCD肽链核心,保留为条件候选；是否有价值取决于具体位点、保护策略和整环性质,,是,CC1(N[C@@H](CS1)C(=O)O)C,https://www.rcsb.org/ligand/2MT
条件候选,2OR,"amino{[(2R,3R,4S)-4-amino-2,3,5-trihydroxy-5-oxopentyl]amino}methaniminium",C6 H15 N4 O4,207.208,l-peptide linking,ARG,极性／带电侧链,保留为条件候选；是否有价值取决于具体位点、保护策略和整环性质,以极性/带电特征为主，不宜默认用于提高被动渗透性,是,C([C@H]([C@@H]([C@@H](C(=O)O)N)O)O)NC(=[NH2+])N,https://www.rcsb.org/ligand/2OR
仅结构参考,2P0,1-({[(S)-hydroxy(phosphonooxy)phosphoryl]oxy}acetyl)-L-proline,C7 H13 N O10 P2,333.126,l-peptide linking,PRO,构象限制,结构身份可保留，但复杂度、反应性或极性风险不适合进入默认研发库,分子量超过300 Da，单体复杂度和环肽总分子量负担较高；杂原子较多，可能增加暴露极性和去溶剂化代价；含磷酸/膦酸相关结构，通常不利于被动跨膜，除非有专门遮蔽设计,是,C1C[C@H](N(C1)C(=O)CO[P@](=O)(O)OP(=O)(O)O)C(=O)O,https://www.rcsb.org/ligand/2P0
条件候选,2QD,(4R)-4-[3-(methylamino)-3-oxopropyl]-L-glutamic acid,C9 H16 N2 O5,232.234,l-peptide linking,,极性／带电侧链,保留为条件候选；是否有价值取决于具体位点、保护策略和整环性质,CCD未指定标准氨基酸母体，需确认它是独立残基而非氨基酸样片段；以极性/带电特征为主，不宜默认用于提高被动渗透性,是,CNC(=O)CC[C@H](C[C@@H](C(=O)O)N)C(=O)O,https://www.rcsb.org/ligand/2QD
条件候选,2QY,(2Z)-3-(4-hydroxyphenyl)-2-(methylamino)prop-2-enoic acid,C10 H11 N O3,193.199,peptide linking,,芳香／疏水侧链,保留为条件候选；是否有价值取决于具体位点、保护策略和整环性质,CCD仅标为通用peptide linking，需确认真实主链连接几何；CCD未指定标准氨基酸母体，需确认它是独立残基而非氨基酸样片段,是,CN/C(=C\c1ccc(cc1)O)/C(=O)O,https://www.rcsb.org/ligand/2QY
条件候选,2QZ,"N,N-dimethyl-L-threonine",C6 H13 N O3,147.172,l-peptide linking,THR,极性／带电侧链,保留为条件候选；是否有价值取决于具体位点、保护策略和整环性质,以极性/带电特征为主，不宜默认用于提高被动渗透性,是,C[C@H]([C@@H](C(=O)O)N(C)C)O,https://www.rcsb.org/ligand/2QZ
条件候选,2R1,(2E)-2-amino-4-hydroxy-3-[(2R)-oxiran-2-yl]but-2-enoic acid,C6 H9 N O4,159.14,peptide linking,,极性／带电侧链,保留为条件候选；是否有价值取决于具体位点、保护策略和整环性质,CCD仅标为通用peptide linking，需确认真实主链连接几何；CCD未指定标准氨基酸母体，需确认它是独立残基而非氨基酸样片段；以极性/带电特征为主，不宜默认用于提高被动渗透性,是,C1[C@H](O1)/C(=C(\C(=O)O)/N)/CO,https://www.rcsb.org/ligand/2R1
条件候选,2R3,(betaR)-beta-hydroxy-O-methyl-L-tyrosine,C10 H13 N O4,211.215,l-peptide linking,TYR,芳香／疏水侧链,保留为条件候选；是否有价值取决于具体位点、保护策略和整环性质,,是,COc1ccc(cc1)[C@H]([C@@H](C(=O)O)N)O,https://www.rcsb.org/ligand/2R3
优先研发候选,2RA,3-amino-D-alanine,C3 H8 N2 O2,104.108,d-peptide linking,ALA,D-构型,属于D-构型方向，可用于口服环肽的构象/稳定性/主链极性扫描；CCD给出标准母体残基，便于设计成对替换实验,,是,C([C@H](C(=O)O)N)N,https://www.rcsb.org/ligand/2RA
仅结构参考,2RX,O-thiophosphono-L-serine,C3 H8 N O5 P S,201.138,l-peptide linking,SER,极性／带电侧链,结构身份可保留，但复杂度、反应性或极性风险不适合进入默认研发库,含磷酸/膦酸相关结构，通常不利于被动跨膜，除非有专门遮蔽设计；以极性/带电特征为主，不宜默认用于提高被动渗透性,是,C([C@@H](C(=O)O)N)OP(=O)(O)S,https://www.rcsb.org/ligand/2RX
仅结构参考,2SO,"3-{3-[(3R)-3,4-dihydroxybutyl]-1-(8-phenyloctyl)-1H-imidazol-3-ium-5-yl}-L-alanine",C24 H38 N3 O4,432.576,l-peptide linking,HIS,芳香／疏水侧链,结构身份可保留，但复杂度、反应性或极性风险不适合进入默认研发库,分子量超过300 Da，单体复杂度和环肽总分子量负担较高,是,c1ccc(cc1)CCCCCCCCn2c[n+](cc2C[C@@H](C(=O)O)N)CC[C@H](CO)O,https://www.rcsb.org/ligand/2SO
优先研发候选,2TL,D-allothreonine,C4 H9 N O3,119.119,d-peptide linking,,D-构型,属于D-构型方向，可用于口服环肽的构象/稳定性/主链极性扫描,CCD未指定标准氨基酸母体，需确认它是独立残基而非氨基酸样片段,是,C[C@H]([C@H](C(=O)O)N)O,https://www.rcsb.org/ligand/2TL
仅结构参考,2TY,2-HYDROXY-5-{[(1E)-2-PHENYLETHYLIDENE]AMINO}-L-TYROSINE,C17 H18 N2 O4,314.336,l-peptide linking,TYR,芳香／疏水侧链,结构身份可保留，但复杂度、反应性或极性风险不适合进入默认研发库,分子量超过300 Da，单体复杂度和环肽总分子量负担较高,是,c1ccc(cc1)C\C=N\c2cc(c(cc2O)O)C[C@@H](C(=O)O)N,https://www.rcsb.org/ligand/2TY
明确排除,2VA,2'-(L-VALYL)AMINO-2'-DEOXYADENOSINE,C15 H23 N7 O4,365.388,l-peptide linking,VAL,极性／带电侧链,结构中未识别到可用于常规肽键形成的游离羧基,,否,CC(C)[C@@H](C(=O)N[C@@H]1[C@@H]([C@H](O[C@H]1n2cnc3c2ncnc3N)CO)O)N,https://www.rcsb.org/ligand/2VA
仅结构参考,2XA,(2R)-2-AMINO-3-[(4-CHLOROPHENYL)-DIPHENYL-METHYL]SULFANYL-PROPANOIC ACID,C22 H20 Cl N O2 S,397.918,l-peptide linking,CYS,卤代／电子调节,结构身份可保留，但复杂度、反应性或极性风险不适合进入默认研发库,分子量超过300 Da，单体复杂度和环肽总分子量负担较高,是,c1ccc(cc1)C(c2ccccc2)(c3ccc(cc3)Cl)SC[C@@H](C(=O)O)N,https://www.rcsb.org/ligand/2XA
条件候选,2YC,"N~6~-{[(2S,3S)-3-methyl-3,4-dihydro-2H-pyrrol-2-yl]carbonyl}-L-lysine",C12 H21 N3 O3,255.313,l-peptide linking,,极性／带电侧链,保留为条件候选；是否有价值取决于具体位点、保护策略和整环性质,分子量超过250 Da，需关注偶联效率、溶解度和总环肽体积；CCD未指定标准氨基酸母体，需确认它是独立残基而非氨基酸样片段；以极性/带电特征为主，不宜默认用于提高被动渗透性,是,C[C@H]1CC=N[C@@H]1C(=O)NCCCC[C@@H](C(=O)O)N,https://www.rcsb.org/ligand/2YC
条件候选,2YF,"N~6~-[(2R)-2,3,4,5-tetrahydropyridin-2-ylcarbonyl]-L-lysine",C12 H21 N3 O3,255.313,l-peptide linking,,芳香／疏水侧链,保留为条件候选；是否有价值取决于具体位点、保护策略和整环性质,分子量超过250 Da，需关注偶联效率、溶解度和总环肽体积；CCD未指定标准氨基酸母体，需确认它是独立残基而非氨基酸样片段,是,C1CC=N[C@H](C1)C(=O)NCCCC[C@@H](C(=O)O)N,https://www.rcsb.org/ligand/2YF
条件候选,2YG,N~6~-L-lysyl-L-lysine,C12 H26 N4 O3,274.36,l-peptide linking,,极性／带电侧链,保留为条件候选；是否有价值取决于具体位点、保护策略和整环性质,分子量超过250 Da，需关注偶联效率、溶解度和总环肽体积；CCD未指定标准氨基酸母体，需确认它是独立残基而非氨基酸样片段；以极性/带电特征为主，不宜默认用于提高被动渗透性,是,C(CCN)C[C@@H](C(=O)NCCCC[C@@H](C(=O)O)N)N,https://www.rcsb.org/ligand/2YG
条件候选,2YH,N~5~-D-ornithyl-L-ornithine,C10 H22 N4 O3,246.307,l-peptide linking,,极性／带电侧链,保留为条件候选；是否有价值取决于具体位点、保护策略和整环性质,CCD未指定标准氨基酸母体，需确认它是独立残基而非氨基酸样片段；以极性/带电特征为主，不宜默认用于提高被动渗透性,是,C(C[C@H](C(=O)NCCC[C@@H](C(=O)O)N)N)CN,https://www.rcsb.org/ligand/2YH
条件候选,2YJ,N~5~-D-lysyl-L-ornithine,C11 H24 N4 O3,260.333,l-peptide linking,,极性／带电侧链,保留为条件候选；是否有价值取决于具体位点、保护策略和整环性质,分子量超过250 Da，需关注偶联效率、溶解度和总环肽体积；CCD未指定标准氨基酸母体，需确认它是独立残基而非氨基酸样片段；以极性/带电特征为主，不宜默认用于提高被动渗透性,是,C(CCN)C[C@H](C(=O)NCCC[C@@H](C(=O)O)N)N,https://www.rcsb.org/ligand/2YJ
条件候选,2ZC,O-{[4-(2-aminoethyl)phenyl]sulfonyl}-L-serine,C11 H16 N2 O5 S,288.32,l-peptide linking,SER,芳香／疏水侧链,保留为条件候选；是否有价值取决于具体位点、保护策略和整环性质,分子量超过250 Da，需关注偶联效率、溶解度和总环肽体积,是,c1cc(ccc1CCN)S(=O)(=O)OC[C@@H](C(=O)O)N,https://www.rcsb.org/ligand/2ZC
条件候选,30F,(2Z)-2-amino-3-selanylprop-2-enoic acid,C3 H5 N O2 Se,166.037,peptide linking,SEC,其他CCD肽链核心,保留为条件候选；是否有价值取决于具体位点、保护策略和整环性质,CCD仅标为通用peptide linking，需确认真实主链连接几何,是,C(=C(/C(=O)O)\N)\[SeH],https://www.rcsb.org/ligand/30F
仅结构参考,30V,S-[(2-carbamoylphenyl)selanyl]-L-cysteine,C10 H12 N2 O3 S Se,319.239,l-peptide linking,CYS,芳香／疏水侧链,结构身份可保留，但复杂度、反应性或极性风险不适合进入默认研发库,分子量超过300 Da，单体复杂度和环肽总分子量负担较高,是,c1ccc(c(c1)C(=O)N)[Se]SC[C@@H](C(=O)O)N,https://www.rcsb.org/ligand/30V
明确排除,31Q,(4-carboxyphenyl)(L-cysteinato-kappaS~3~)mercury,C10 H11 Hg N O4 S,441.854,l-peptide linking,CYS,芳香／疏水侧链,含金属元素，不是常规氨基酸合成单体,,否,c1cc(ccc1C(=O)O)[Hg]SC[C@@H](C(=O)O)N,https://www.rcsb.org/ligand/31Q
明确排除,32L,"ethyl (3S,4S)-4-amino-3-hydroxy-6-methylheptanoate",C10 H21 N O3,203.279,l-peptide linking,,极性／带电侧链,结构中未识别到可用于常规肽键形成的游离羧基,,否,CCOC(=O)C[C@@H]([C@H](CC(C)C)N)O,https://www.rcsb.org/ligand/32L
条件候选,32S,6-Seleno-tryptophan,C9 H10 N2 O2 Se,257.148,l-peptide linking,TRP,芳香／疏水侧链,保留为条件候选；是否有价值取决于具体位点、保护策略和整环性质,分子量超过250 Da，需关注偶联效率、溶解度和总环肽体积,是,c1c[se]c2c1[nH]cc2C[C@@H](C(=O)O)N,https://www.rcsb.org/ligand/32S
条件候选,32T,"(S)-2-AMINO-3-(4H-THIENO[3,2-B]-PYRROL-6-YL)-PROPIONIC ACID",C9 H10 N2 O2 S,210.253,l-peptide linking,TRP,芳香／疏水侧链,保留为条件候选；是否有价值取决于具体位点、保护策略和整环性质,,是,c1csc2c1[nH]cc2C[C@@H](C(=O)O)N,https://www.rcsb.org/ligand/32T
条件候选,33S,3-iodo-L-phenylalanine,C9 H10 I N O2,291.086,l-peptide linking,PHE,卤代／电子调节,保留为条件候选；是否有价值取决于具体位点、保护策略和整环性质,分子量超过250 Da，需关注偶联效率、溶解度和总环肽体积,是,c1cc(cc(c1)I)C[C@@H](C(=O)O)N,https://www.rcsb.org/ligand/33S
条件候选,33W,3-(5-bromothiophen-2-yl)-L-alanine,C7 H8 Br N O2 S,250.113,l-peptide linking,ALA,卤代／电子调节,保留为条件候选；是否有价值取决于具体位点、保护策略和整环性质,分子量超过250 Da，需关注偶联效率、溶解度和总环肽体积,是,c1cc(sc1C[C@@H](C(=O)O)N)Br,https://www.rcsb.org/ligand/33W
优先研发候选,33X,N-methyl-D-alanine,C4 H9 N O2,103.12,d-peptide linking,,N-取代,属于N-取代方向，可用于口服环肽的构象/稳定性/主链极性扫描,CCD未指定标准氨基酸母体，需确认它是独立残基而非氨基酸样片段,是,C[C@H](C(=O)O)NC,https://www.rcsb.org/ligand/33X
条件候选,34E,(3R)-4-[4-(2-methoxyethyl)piperazin-1-yl]-N-methyl-L-valine,C13 H27 N3 O3,273.372,l-peptide linking,VAL,N-取代,保留为条件候选；是否有价值取决于具体位点、保护策略和整环性质,分子量超过250 Da，需关注偶联效率、溶解度和总环肽体积,是,C[C@H](CN1CCN(CC1)CCOC)[C@@H](C(=O)O)NC,https://www.rcsb.org/ligand/34E
仅结构参考,35Y,3-[(1H-tetrazol-5-ylcarbonyl)amino]-L-alanine,C5 H8 N6 O3,200.155,l-peptide linking,,芳香／疏水侧链,结构身份可保留，但复杂度、反应性或极性风险不适合进入默认研发库,杂原子较多，可能增加暴露极性和去溶剂化代价；CCD未指定标准氨基酸母体，需确认它是独立残基而非氨基酸样片段,是,C([C@@H](C(=O)O)N)NC(=O)c1[nH]nnn1,https://www.rcsb.org/ligand/35Y
条件候选,3A5,"(2Z,4S)-3-AZA-5-CARBOXYL-2-METHYL-4(METHYLCARBOXY)PENT-2-ENOYL",C8 H11 N O6,217.176,l-peptide linking,,极性／带电侧链,保留为条件候选；是否有价值取决于具体位点、保护策略和整环性质,CCD未指定标准氨基酸母体，需确认它是独立残基而非氨基酸样片段；以极性/带电特征为主，不宜默认用于提高被动渗透性,是,C/C(=N\[C@@H](CC(=O)O)C(=O)OC)/C(=O)O,https://www.rcsb.org/ligand/3A5
仅结构参考,3AH,"[HISTIDIN-1-YL-4H-[1,2,4]TRIAZOL-5-YL]-AMINE",C8 H11 N7 O2,237.219,l-peptide linking,HIS,芳香／疏水侧链,结构身份可保留，但复杂度、反应性或极性风险不适合进入默认研发库,杂原子较多，可能增加暴露极性和去溶剂化代价,是,c1c(ncn1c2[nH]nc(n2)N)C[C@@H](C(=O)O)N,https://www.rcsb.org/ligand/3AH
条件候选,3AR,N-OMEGA-PROPYL-L-ARGININE,C9 H21 N4 O2,217.289,l-peptide linking,,极性／带电侧链,保留为条件候选；是否有价值取决于具体位点、保护策略和整环性质,CCD未指定标准氨基酸母体，需确认它是独立残基而非氨基酸样片段；以极性/带电特征为主，不宜默认用于提高被动渗透性,是,CCCNC(=[NH2+])NCCC[C@@H](C(=O)O)N,https://www.rcsb.org/ligand/3AR
优先研发候选,3BY,1-methyl-L-proline,C6 H11 N O2,129.157,l-peptide linking,PRO,构象限制,属于构象限制方向，可用于口服环肽的构象/稳定性/主链极性扫描；CCD给出标准母体残基，便于设计成对替换实验,,是,CN1CCC[C@H]1C(=O)O,https://www.rcsb.org/ligand/3BY
条件候选,3CF,3-cyano-L-phenylalanine,C10 H10 N2 O2,190.199,l-peptide linking,PHE,卤代／电子调节,保留为条件候选；是否有价值取决于具体位点、保护策略和整环性质,,是,c1cc(cc(c1)C#N)C[C@@H](C(=O)O)N,https://www.rcsb.org/ligand/3CF
条件候选,3CT,3-chloro-L-tyrosine,C9 H10 Cl N O3,215.634,l-peptide linking,TYR,卤代／电子调节,保留为条件候选；是否有价值取决于具体位点、保护策略和整环性质,,是,c1cc(c(cc1C[C@@H](C(=O)O)N)Cl)O,https://www.rcsb.org/ligand/3CT
条件候选,3EG,"(2S)-2-amino-4,4,4-trifluorobutanoic acid",C4 H6 F3 N O2,157.091,l-peptide linking,,卤代／电子调节,保留为条件候选；是否有价值取决于具体位点、保护策略和整环性质,CCD未指定标准氨基酸母体，需确认它是独立残基而非氨基酸样片段,是,C([C@@H](C(=O)O)N)C(F)(F)F,https://www.rcsb.org/ligand/3EG
条件候选,3FG,"(2S)-amino(3,5-dihydroxyphenyl)ethanoic acid",C8 H9 N O4,183.161,l-peptide linking,,芳香／疏水侧链,保留为条件候选；是否有价值取决于具体位点、保护策略和整环性质,CCD未指定标准氨基酸母体，需确认它是独立残基而非氨基酸样片段,是,c1c(cc(cc1O)O)[C@@H](C(=O)O)N,https://www.rcsb.org/ligand/3FG
明确排除,3GA,(3S)-3-[(2S)-2-amino-3-oxopropyl]piperidine-1-carboximidamide,C9 H18 N4 O,198.265,l-peptide linking,ALA,构象限制,结构中未识别到可用于常规肽键形成的游离羧基,,否,[H]/N=C(\N)/N1CCC[C@H](C1)C[C@@H](C=O)N,https://www.rcsb.org/ligand/3GA
条件候选,3GL,"(2S,4S)-2-amino-4-hydroxy-pentanedioic acid",C5 H9 N O5,163.129,l-peptide linking,GLU,极性／带电侧链,保留为条件候选；是否有价值取决于具体位点、保护策略和整环性质,以极性/带电特征为主，不宜默认用于提高被动渗透性,是,C([C@@H](C(=O)O)N)[C@@H](C(=O)O)O,https://www.rcsb.org/ligand/3GL
条件候选,3K4,"(2S,3S)-3-methylaziridine-2-carboxylic acid",C4 H7 N O2,101.104,l-peptide linking,,其他CCD肽链核心,保留为条件候选；是否有价值取决于具体位点、保护策略和整环性质,CCD未指定标准氨基酸母体，需确认它是独立残基而非氨基酸样片段,是,C[C@H]1[C@H](N1)C(=O)O,https://www.rcsb.org/ligand/3K4
优先研发候选,3MY,3-chloro-D-tyrosine,C9 H10 Cl N O3,215.634,d-peptide linking,TYR,D-构型,属于D-构型方向，可用于口服环肽的构象/稳定性/主链极性扫描；CCD给出标准母体残基，便于设计成对替换实验,,是,c1cc(c(cc1C[C@H](C(=O)O)N)Cl)O,https://www.rcsb.org/ligand/3MY
明确排除,3NF,N-acetyl-L-tyrosine,C11 H13 N O4,223.225,l-peptide linking,TYR,芳香／疏水侧链,主链氨基被端基化，不能按普通内部残基直接偶联,,否,CC(=O)N[C@@H](Cc1ccc(cc1)O)C(=O)O,https://www.rcsb.org/ligand/3NF
条件候选,3O3,N-[(3S)-3-amino-3-carboxypropyl]-L-glutamic acid,C9 H16 N2 O6,248.233,l-peptide linking,GLU,极性／带电侧链,保留为条件候选；是否有价值取决于具体位点、保护策略和整环性质,以极性/带电特征为主，不宜默认用于提高被动渗透性,是,C(CC(=O)O)[C@@H](C(=O)O)NCC[C@@H](C(=O)O)N,https://www.rcsb.org/ligand/3O3
条件候选,3PM,O-tert-butyl-D-serine,C7 H15 N O3,161.199,l-peptide linking,,极性／带电侧链,保留为条件候选；是否有价值取决于具体位点、保护策略和整环性质,CCD未指定标准氨基酸母体，需确认它是独立残基而非氨基酸样片段；以极性/带电特征为主，不宜默认用于提高被动渗透性,是,CC(C)(C)OC[C@H](C(=O)O)N,https://www.rcsb.org/ligand/3PM
优先研发候选,3PX,(3S)-3-(propan-2-yloxy)-L-proline,C8 H15 N O3,173.21,l-peptide linking,PRO,构象限制,属于构象限制方向，可用于口服环肽的构象/稳定性/主链极性扫描；CCD给出标准母体残基，便于设计成对替换实验,,是,CC(C)O[C@H]1CCN[C@@H]1C(=O)O,https://www.rcsb.org/ligand/3PX
仅结构参考,3QN,(E)-N~6~-{2-hydroxy-3-methyl-6-[(phosphonooxy)methyl]benzylidene}-L-lysine,C15 H23 N2 O7 P,374.326,l-peptide linking,LYS,芳香／疏水侧链,结构身份可保留，但复杂度、反应性或极性风险不适合进入默认研发库,分子量超过300 Da，单体复杂度和环肽总分子量负担较高；杂原子较多，可能增加暴露极性和去溶剂化代价；含磷酸/膦酸相关结构，通常不利于被动跨膜，除非有专门遮蔽设计,是,Cc1ccc(c(c1O)/C=N/CCCC[C@@H](C(=O)O)N)COP(=O)(O)O,https://www.rcsb.org/ligand/3QN
仅结构参考,3TY,3-(Phenylhydrazono)-L-tyrosine,C16 H17 N3 O4,315.324,l-peptide linking,TYR,构象限制,结构身份可保留，但复杂度、反应性或极性风险不适合进入默认研发库,分子量超过300 Da，单体复杂度和环肽总分子量负担较高,是,c1ccc(cc1)CN/N=C/2\C=C(C(=O)C=C2O)C[C@@H](C(=O)O)N,https://www.rcsb.org/ligand/3TY
条件候选,3WS,"N,2-dimethyl-L-alanine",C5 H11 N O2,117.146,l-peptide linking,ALA,其他CCD肽链核心,保留为条件候选；是否有价值取决于具体位点、保护策略和整环性质,,是,CC(C)(C(=O)O)NC,https://www.rcsb.org/ligand/3WS
仅结构参考,3X9,"3-{[(1-hydroxy-2,2,5,5-tetramethyl-2,5-dihydro-1H-pyrrol-3-yl)methyl]disulfanyl}-L-alanine",C12 H22 N2 O3 S2,306.445,l-peptide linking,CYS,极性／带电侧链,结构身份可保留，但复杂度、反应性或极性风险不适合进入默认研发库,分子量超过300 Da，单体复杂度和环肽总分子量负担较高；以极性/带电特征为主，不宜默认用于提高被动渗透性,是,CC1(C=C(C(N1O)(C)C)CSSC[C@@H](C(=O)O)N)C,https://www.rcsb.org/ligand/3X9
条件候选,3XH,3-Hydroxyhippuric acid,C9 H9 N O4,195.172,l-peptide linking,GLY,芳香／疏水侧链,保留为条件候选；是否有价值取决于具体位点、保护策略和整环性质,,是,c1cc(cc(c1)O)C(=O)NCC(=O)O,https://www.rcsb.org/ligand/3XH
条件候选,3YM,3-methoxy-L-tyrosine,C10 H13 N O4,211.215,l-peptide linking,TYR,芳香／疏水侧链,保留为条件候选；是否有价值取决于具体位点、保护策略和整环性质,,是,COc1cc(ccc1O)C[C@@H](C(=O)O)N,https://www.rcsb.org/ligand/3YM
明确排除,3ZH,"11-{4-[(2S)-2-amino-2-carboxyethyl]-3-(8-phenyloctyl)-2,3-dihydro-1H-imidazol-1-yl}undecanoic acid",C31 H51 N3 O4,529.754,l-peptide linking,HIS,芳香／疏水侧链,分子量超过450 Da，优先视为复杂整分子而非通用残基,,否,c1ccc(cc1)CCCCCCCCN2CN(C=C2C[C@@H](C(=O)O)N)CCCCCCCCCCC(=O)O,https://www.rcsb.org/ligand/3ZH
条件候选,3ZL,"N~6~-[(1Z)-4-amino-3-oxopenta-1,4-dien-1-yl]-L-lysine",C11 H19 N3 O3,241.287,l-peptide linking,,极性／带电侧链,保留为条件候选；是否有价值取决于具体位点、保护策略和整环性质,CCD未指定标准氨基酸母体，需确认它是独立残基而非氨基酸样片段；以极性/带电特征为主，不宜默认用于提高被动渗透性,是,C=C(C(=O)/C=C\NCCCC[C@@H](C(=O)O)N)N,https://www.rcsb.org/ligand/3ZL
条件候选,41H,(betaS)-beta-methyl-L-phenylalanine,C10 H13 N O2,179.216,l-peptide linking,PHE,芳香／疏水侧链,保留为条件候选；是否有价值取决于具体位点、保护策略和整环性质,,是,C[C@@H](c1ccccc1)[C@@H](C(=O)O)N,https://www.rcsb.org/ligand/41H
条件候选,41Q,4-imino-L-homoserine,C4 H8 N2 O3,132.118,l-peptide linking,ASN,极性／带电侧链,保留为条件候选；是否有价值取决于具体位点、保护策略和整环性质,以极性/带电特征为主，不宜默认用于提高被动渗透性,是,[H]/N=C(/C[C@@H](C(=O)O)N)\O,https://www.rcsb.org/ligand/41Q
条件候选,432,O-butanoyl-L-serine,C7 H13 N O4,175.182,l-peptide linking,SER,极性／带电侧链,保留为条件候选；是否有价值取决于具体位点、保护策略和整环性质,以极性/带电特征为主，不宜默认用于提高被动渗透性,是,CCCC(=O)OC[C@@H](C(=O)O)N,https://www.rcsb.org/ligand/432
优先研发候选,45W,(4S)-4-(ethynyloxy)-D-proline,C7 H9 N O3,155.151,d-peptide linking,,D-构型,属于D-构型方向，可用于口服环肽的构象/稳定性/主链极性扫描,CCD未指定标准氨基酸母体，需确认它是独立残基而非氨基酸样片段,是,C#CO[C@H]1C[C@@H](NC1)C(=O)O,https://www.rcsb.org/ligand/45W
条件候选,4AF,4-ACETYL-L-PHENYLALANINE,C11 H13 N O3,207.226,l-peptide linking,PHE,芳香／疏水侧链,保留为条件候选；是否有价值取决于具体位点、保护策略和整环性质,,是,CC(=O)c1ccc(cc1)C[C@@H](C(=O)O)N,https://www.rcsb.org/ligand/4AF
条件候选,4AK,N~6~-sulfo-L-lysine,C6 H14 N2 O5 S,226.251,l-peptide linking,LYS,极性／带电侧链,保留为条件候选；是否有价值取决于具体位点、保护策略和整环性质,以极性/带电特征为主，不宜默认用于提高被动渗透性,是,C(CCNS(=O)(=O)O)C[C@@H](C(=O)O)N,https://www.rcsb.org/ligand/4AK
仅结构参考,4AR,"amino({(4S)-4-amino-6-[(2,6-dimethylbenzoyl)oxy]-5-oxohexyl}amino)methaniminium",C16 H25 N4 O3,321.395,l-peptide linking,ARG,芳香／疏水侧链,结构身份可保留，但复杂度、反应性或极性风险不适合进入默认研发库,分子量超过300 Da，单体复杂度和环肽总分子量负担较高,是,Cc1cccc(c1C(=O)OCC(=O)[C@H](CCCNC(=[NH2+])N)N)C,https://www.rcsb.org/ligand/4AR
条件候选,4AW,4-AZATRYPTOPHAN,C10 H11 N3 O2,205.213,l-peptide linking,TRP,芳香／疏水侧链,保留为条件候选；是否有价值取决于具体位点、保护策略和整环性质,,是,c1cc2c(c(c[nH]2)C[C@@H](C(=O)O)N)nc1,https://www.rcsb.org/ligand/4AW
条件候选,4BF,4-BROMO-L-PHENYLALANINE,C9 H10 Br N O2,244.085,l-peptide linking,TYR,卤代／电子调节,保留为条件候选；是否有价值取决于具体位点、保护策略和整环性质,,是,c1cc(ccc1C[C@@H](C(=O)O)N)Br,https://www.rcsb.org/ligand/4BF
条件候选,4CF,4-cyano-L-phenylalanine,C10 H10 N2 O2,190.199,l-peptide linking,PHE,卤代／电子调节,保留为条件候选；是否有价值取决于具体位点、保护策略和整环性质,,是,c1cc(ccc1C[C@@H](C(=O)O)N)C#N,https://www.rcsb.org/ligand/4CF
仅结构参考,4CG,"(1R,2Z)-2-[(2R)-2-amino-3-(phosphonooxy)propylidene]cyclopentanecarboxylic acid",C9 H16 N O6 P,265.2,peptide linking,,构象限制,结构身份可保留，但复杂度、反应性或极性风险不适合进入默认研发库,分子量超过250 Da，需关注偶联效率、溶解度和总环肽体积；含磷酸/膦酸相关结构，通常不利于被动跨膜，除非有专门遮蔽设计；CCD仅标为通用peptide linking，需确认真实主链连接几何；CCD未指定标准氨基酸母体，需确认它是独立残基而非氨基酸样片段,是,C1C[C@H](/C(=C\[C@H](COP(=O)(O)O)N)/C1)C(=O)O,https://www.rcsb.org/ligand/4CG
条件候选,4CY,nitrilo-L-methionine,C5 H8 N2 O2 S,160.194,l-peptide linking,MET,极性／带电侧链,保留为条件候选；是否有价值取决于具体位点、保护策略和整环性质,以极性/带电特征为主，不宜默认用于提高被动渗透性,是,C(CSC#N)[C@@H](C(=O)O)N,https://www.rcsb.org/ligand/4CY
条件候选,4D4,"(2S,3R)-2-azanyl-5-carbamimidamido-3-oxidanyl-pentanoic acid",C6 H14 N4 O3,190.2,l-peptide linking,ARG,极性／带电侧链,保留为条件候选；是否有价值取决于具体位点、保护策略和整环性质,以极性/带电特征为主，不宜默认用于提高被动渗透性,是,[H]/N=C(/N)\NCC[C@H]([C@@H](C(=O)O)N)O,https://www.rcsb.org/ligand/4D4
条件候选,4DB,"(2S)-2-amino-4-[5-(dimethylamino)-1,3-dioxo-1,3-dihydro-2H-isoindol-2-yl]butanoic acid",C14 H17 N3 O4,291.302,l-peptide linking,,芳香／疏水侧链,保留为条件候选；是否有价值取决于具体位点、保护策略和整环性质,分子量超过250 Da，需关注偶联效率、溶解度和总环肽体积；CCD未指定标准氨基酸母体，需确认它是独立残基而非氨基酸样片段,是,CN(C)c1ccc2c(c1)C(=O)N(C2=O)CC[C@@H](C(=O)O)N,https://www.rcsb.org/ligand/4DB
条件候选,4DP,"3-[5-(DIMETHYLAMINO)-1,3-DIOXO-1,3-DIHYDRO-2H-ISOINDOL-2-YL]-L-ALANINE",C13 H15 N3 O4,277.276,l-peptide linking,TRP,芳香／疏水侧链,保留为条件候选；是否有价值取决于具体位点、保护策略和整环性质,分子量超过250 Da，需关注偶联效率、溶解度和总环肽体积,是,CN(C)c1ccc2c(c1)C(=O)N(C2=O)C[C@@H](C(=O)O)N,https://www.rcsb.org/ligand/4DP
仅结构参考,4F3,[2-(1-AMINO-2-HYDROXY-PROPYL)-4-(4-FLUORO-1H-INDOL-3-YLMETHYL)-5-HYDROXY-IMIDAZOL-1-YL]-ACETIC ACID,C17 H19 F N4 O4,362.356,l-peptide linking,GLY / TYR,卤代／电子调节,结构身份可保留，但复杂度、反应性或极性风险不适合进入默认研发库,分子量超过300 Da，单体复杂度和环肽总分子量负担较高,是,C[C@@H]([C@@H](c1nc(c(n1CC(=O)O)O)Cc2c[nH]c3c2c(ccc3)F)N)O,https://www.rcsb.org/ligand/4F3
优先研发候选,4FB,(4S)-4-FLUORO-L-PROLINE,C5 H8 F N O2,133.121,l-peptide linking,PRO,构象限制,属于构象限制方向，可用于口服环肽的构象/稳定性/主链极性扫描；CCD给出标准母体残基，便于设计成对替换实验,,是,C1[C@@H](CN[C@@H]1C(=O)O)F,https://www.rcsb.org/ligand/4FB
优先研发候选,4FO,"(2R)-2,4-diaminobutanoic acid",C4 H10 N2 O2,118.134,d-peptide linking,,D-构型,属于D-构型方向，可用于口服环肽的构象/稳定性/主链极性扫描,CCD未指定标准氨基酸母体，需确认它是独立残基而非氨基酸样片段,是,C(CN)[C@H](C(=O)O)N,https://www.rcsb.org/ligand/4FO
条件候选,4FW,4-FLUOROTRYPTOPHANE,C11 H11 F N2 O2,222.216,l-peptide linking,TRP,卤代／电子调节,保留为条件候选；是否有价值取决于具体位点、保护策略和整环性质,,是,c1cc2c(c(c1)F)c(c[nH]2)C[C@@H](C(=O)O)N,https://www.rcsb.org/ligand/4FW
条件候选,4GJ,3-(pyridin-4-yldisulfanyl)-L-alanine,C8 H10 N2 O2 S2,230.307,l-peptide linking,CYS,芳香／疏水侧链,保留为条件候选；是否有价值取决于具体位点、保护策略和整环性质,,是,c1cnccc1SSC[C@@H](C(=O)O)N,https://www.rcsb.org/ligand/4GJ
仅结构参考,4HH,4'-phosphopanthetheine-serine,C14 H28 N3 O9 P S,445.426,l-peptide linking,SER,极性／带电侧链,结构身份可保留，但复杂度、反应性或极性风险不适合进入默认研发库,分子量超过300 Da，单体复杂度和环肽总分子量负担较高；杂原子较多，可能增加暴露极性和去溶剂化代价；含磷酸/膦酸相关结构，通常不利于被动跨膜，除非有专门遮蔽设计；以极性/带电特征为主，不宜默认用于提高被动渗透性,是,CC(C)(COP(=O)(O)OC[C@@H](C(=O)O)N)[C@H](C(=O)NCCC(=O)NCCS)O,https://www.rcsb.org/ligand/4HH
明确排除,4HJ,"O-[(R)-hydroxy{[(3R)-3-hydroxy-4-{[3-({2-[(2-hydroxybenzoyl)sulfanyl]ethyl}amino)-3-oxopropyl]amino}-2,2-dimethyl-4-oxobutyl]oxy}phosphoryl]-L-serine",C21 H32 N3 O11 P S,565.531,l-peptide linking,SER,芳香／疏水侧链,分子量超过450 Da，优先视为复杂整分子而非通用残基,,否,CC(C)(COP(=O)(O)OC[C@@H](C(=O)O)N)[C@H](C(=O)NCCC(=O)NCCSC(=O)c1ccccc1O)O,https://www.rcsb.org/ligand/4HJ
仅结构参考,4HL,"(6E)-4-[(2S)-2-amino-2-carboxyethyl]-6-[2-(4-hydroxybenzyl)hydraziniumylidene]-3-oxocyclohexa-1,4-dien-1-olate",C16 H17 N3 O5,331.323,l-peptide linking,TYR,构象限制,结构身份可保留，但复杂度、反应性或极性风险不适合进入默认研发库,分子量超过300 Da，单体复杂度和环肽总分子量负担较高,是,c1cc(ccc1CN/[NH+]=C/2\C=C(C(=O)C=C2[O-])C[C@@H](C(=O)O)N)O,https://www.rcsb.org/ligand/4HL
条件候选,4HT,4-HYDROXYTRYPTOPHAN,C11 H12 N2 O3,220.225,l-peptide linking,TRP,芳香／疏水侧链,保留为条件候选；是否有价值取决于具体位点、保护策略和整环性质,,是,c1cc2c(c(c1)O)c(c[nH]2)C[C@@H](C(=O)O)N,https://www.rcsb.org/ligand/4HT
条件候选,4II,(2~{S})-2-azanyl-3-(4-azidophenyl)propanoic acid,C9 H10 N4 O2,206.201,l-peptide linking,PHE,芳香／疏水侧链,保留为条件候选；是否有价值取决于具体位点、保护策略和整环性质,,是,c1cc(ccc1C[C@@H](C(=O)O)N)N=[N+]=[N-],https://www.rcsb.org/ligand/4II
仅结构参考,4IK,"(2S,5S)-2,6-diamino-5-{[(2R,3S,4R,5R)-5-(6-amino-9H-purin-9-yl)-3,4-dihydroxytetrahydrofuran-2-yl]methyl}hexanoic acid",C16 H25 N7 O5,395.414,l-peptide linking,,芳香／疏水侧链,结构身份可保留，但复杂度、反应性或极性风险不适合进入默认研发库,分子量超过300 Da，单体复杂度和环肽总分子量负担较高；杂原子较多，可能增加暴露极性和去溶剂化代价；CCD未指定标准氨基酸母体，需确认它是独立残基而非氨基酸样片段,是,c1nc(c2c(n1)n(cn2)[C@H]3[C@@H]([C@@H]([C@H](O3)C[C@H](CC[C@@H](C(=O)O)N)CN)O)O)N,https://www.rcsb.org/ligand/4IK
条件候选,4IN,4-AMINO-L-TRYPTOPHAN,C11 H13 N3 O2,219.24,l-peptide linking,TRP,芳香／疏水侧链,保留为条件候选；是否有价值取决于具体位点、保护策略和整环性质,,是,c1cc(c2c(c1)[nH]cc2C[C@@H](C(=O)O)N)N,https://www.rcsb.org/ligand/4IN
优先研发候选,4J2,(2R)-2-amino-3-(naphthalen-2-yl)propanoic acid,C13 H13 N O2,215.248,d-peptide linking,,D-构型,属于D-构型方向，可用于口服环肽的构象/稳定性/主链极性扫描,CCD未指定标准氨基酸母体，需确认它是独立残基而非氨基酸样片段,是,c1ccc2cc(ccc2c1)C[C@H](C(=O)O)N,https://www.rcsb.org/ligand/4J2
仅结构参考,4J4,"S-(2-{[(2',4'-difluorobiphenyl-4-yl)methyl]amino}-2-oxoethyl)-L-cysteine",C18 H18 F2 N2 O3 S,380.409,l-peptide linking,CYS,卤代／电子调节,结构身份可保留，但复杂度、反应性或极性风险不适合进入默认研发库,分子量超过300 Da，单体复杂度和环肽总分子量负担较高,是,c1cc(ccc1CNC(=O)CSC[C@@H](C(=O)O)N)c2ccc(cc2F)F,https://www.rcsb.org/ligand/4J4
条件候选,4J5,amino{[(3S)-3-amino-3-carboxypropyl]amino}methaniminium,C5 H13 N4 O2,161.182,l-peptide linking,ARG,极性／带电侧链,保留为条件候选；是否有价值取决于具体位点、保护策略和整环性质,以极性/带电特征为主，不宜默认用于提高被动渗透性,是,C(CNC(=[NH2+])N)[C@@H](C(=O)O)N,https://www.rcsb.org/ligand/4J5
条件候选,4KY,(4R)-1-acetyl-4-(oct-7-en-1-yloxy)-L-proline,C15 H25 N O4,283.363,peptide linking,PRO,构象限制,保留为条件候选；是否有价值取决于具体位点、保护策略和整环性质,分子量超过250 Da，需关注偶联效率、溶解度和总环肽体积；CCD仅标为通用peptide linking，需确认真实主链连接几何,是,CC(=O)N1C[C@@H](C[C@H]1C(=O)O)OCCCCCCC=C,https://www.rcsb.org/ligand/4KY
条件候选,4L0,(4R)-1-acetyl-4-(hexyloxy)-L-proline,C13 H23 N O4,257.326,l-peptide linking,PRO,构象限制,保留为条件候选；是否有价值取决于具体位点、保护策略和整环性质,分子量超过250 Da，需关注偶联效率、溶解度和总环肽体积,是,CCCCCCO[C@@H]1C[C@H](N(C1)C(=O)C)C(=O)O,https://www.rcsb.org/ligand/4L0
条件候选,4L8,(2R)-2-(aminomethyl)-4-methylpentanoic acid,C7 H15 N O2,145.2,l-peptide linking,,其他CCD肽链核心,保留为条件候选；是否有价值取决于具体位点、保护策略和整环性质,CCD未指定标准氨基酸母体，需确认它是独立残基而非氨基酸样片段,是,CC(C)C[C@H](CN)C(=O)O,https://www.rcsb.org/ligand/4L8
条件候选,4LZ,"O-[2-(triaza-1,2-dien-2-ium-1-yl)ethyl]-L-tyrosine",C11 H15 N4 O3,251.262,l-peptide linking,TYR,芳香／疏水侧链,保留为条件候选；是否有价值取决于具体位点、保护策略和整环性质,分子量超过250 Da，需关注偶联效率、溶解度和总环肽体积,是,c1cc(ccc1C[C@@H](C(=O)O)N)OCCN=[N+]=N,https://www.rcsb.org/ligand/4LZ
仅结构参考,4M8,(2S)-2-amino-4-[(S)-hydroxy(methoxy)phosphoryl]butanoic acid,C5 H12 N O5 P,197.126,l-peptide linking,,极性／带电侧链,结构身份可保留，但复杂度、反应性或极性风险不适合进入默认研发库,含磷酸/膦酸相关结构，通常不利于被动跨膜，除非有专门遮蔽设计；CCD未指定标准氨基酸母体，需确认它是独立残基而非氨基酸样片段；以极性/带电特征为主，不宜默认用于提高被动渗透性,是,CO[P@](=O)(CC[C@@H](C(=O)O)N)O,https://www.rcsb.org/ligand/4M8
仅结构参考,4M9,"(4Z)-4-imino-4-[(4Z)-4-(1H-indol-3-ylmethylidene)-5-oxo-1-(2-oxoethyl)-4,5-dihydro-1H-imidazol-2-yl]butanamide",C18 H17 N5 O4,367.359,l-peptide linking,GLN / GLY / TRP,极性／带电侧链,结构身份可保留，但复杂度、反应性或极性风险不适合进入默认研发库,分子量超过300 Da，单体复杂度和环肽总分子量负担较高；以极性/带电特征为主，不宜默认用于提高被动渗透性,是,[H]/N=C(\CCC(=O)N)/C1=N/C(=C\c2c[nH]c3c2cccc3)/C(=O)N1CC(=O)O,https://www.rcsb.org/ligand/4M9
优先研发候选,4N3,N-octanoyl-D-valine,C13 H25 N O3,243.342,d-peptide linking,,D-构型,属于D-构型方向，可用于口服环肽的构象/稳定性/主链极性扫描,CCD未指定标准氨基酸母体，需确认它是独立残基而非氨基酸样片段,是,CCCCCCCC(=O)N[C@H](C(C)C)C(=O)O,https://www.rcsb.org/ligand/4N3
明确排除,4NT,"[(4Z)-2-[(1R,2R)-1-amino-2-hydroxypropyl]-4-(3-chloro-4-hydroxybenzylidene)-5-oxo-4,5-dihydro-1H-imidazol-1-yl]acetic acid",C15 H16 Cl N3 O5,353.758,l-peptide linking,GLY / THR / TYR,卤代／电子调节,名称提示核苷酸、辅因子、脂质、完整肽或整分子缀合物,,否,C[C@H]([C@@H](C1=N/C(=C\c2ccc(c(c2)Cl)O)/C(=O)N1CC(=O)O)N)O,https://www.rcsb.org/ligand/4NT
明确排除,4NU,"{(4Z)-2-[(1R,2R)-1-amino-2-hydroxypropyl]-4-[(3,5-dichloro-4-oxocyclohexa-2,5-dien-1-yl)methylidene]-5-oxo-4,5-dihydro-1H-imidazol-1-yl}acetic acid",C15 H15 Cl2 N3 O5,388.203,l-peptide linking,GLY / THR / TYR,构象限制,名称提示核苷酸、辅因子、脂质、完整肽或整分子缀合物,,否,C[C@H]([C@@H](C1=N/C(=C\C2C=C(C(=O)C(=C2)Cl)Cl)/C(=O)N1CC(=O)O)N)O,https://www.rcsb.org/ligand/4NU
条件候选,4OG,3-(1-benzothiophen-3-yl)-L-alanine,C11 H11 N O2 S,221.276,l-peptide linking,TRP,芳香／疏水侧链,保留为条件候选；是否有价值取决于具体位点、保护策略和整环性质,,是,c1ccc2c(c1)c(cs2)C[C@@H](C(=O)O)N,https://www.rcsb.org/ligand/4OG
优先研发候选,4OP,"(2S,4S)-2-carboxy-4-hydroxy-1,1-dimethylpyrrolidinium",C7 H14 N O3,160.191,d-peptide linking,,D-构型,属于D-构型方向，可用于口服环肽的构象/稳定性/主链极性扫描,CCD未指定标准氨基酸母体，需确认它是独立残基而非氨基酸样片段,是,C[N+]1(C[C@@H](C[C@@H]1C(=O)O)O)C,https://www.rcsb.org/ligand/4OP
条件候选,4OU,4-(acryloylamino)-L-phenylalanine,C12 H14 N2 O3,234.251,l-peptide linking,PHE,芳香／疏水侧链,保留为条件候选；是否有价值取决于具体位点、保护策略和整环性质,,是,C=CC(=O)Nc1ccc(cc1)C[C@@H](C(=O)O)N,https://www.rcsb.org/ligand/4OU
明确排除,4OV,"(2R)-2-[(1R)-2-[(2S)-2-amino-2-carboxyethoxy]-1-{[(2R)-2-amino-2-phenylacetyl]amino}-2-oxoethyl]-5-methyl-3,6-dihydro-2H-1,3-thiazine-4-carboxylic acid",C19 H24 N4 O7 S,452.481,l-peptide linking,SER,芳香／疏水侧链,分子量超过450 Da，优先视为复杂整分子而非通用残基,,否,CC1=C(N[C@H](SC1)[C@@H](C(=O)OC[C@@H](C(=O)O)N)NC(=O)[C@@H](c2ccccc2)N)C(=O)O,https://www.rcsb.org/ligand/4OV
条件候选,4PH,4-methyl-L-phenylalanine,C10 H13 N O2,179.216,l-peptide linking,PHE,芳香／疏水侧链,保留为条件候选；是否有价值取决于具体位点、保护策略和整环性质,,是,Cc1ccc(cc1)C[C@@H](C(=O)O)N,https://www.rcsb.org/ligand/4PH
条件候选,4PQ,5-hydroxy-L-tryptophan,C11 H12 N2 O3,220.225,l-peptide linking,TRP,芳香／疏水侧链,保留为条件候选；是否有价值取决于具体位点、保护策略和整环性质,,是,c1cc2c(cc1O)c(c[nH]2)C[C@@H](C(=O)O)N,https://www.rcsb.org/ligand/4PQ
条件候选,4QK,"6-[4-(2-aminoethyl)-1H-1,2,3-triazol-1-yl]-L-norleucine",C10 H19 N5 O2,241.29,l-peptide linking,,芳香／疏水侧链,保留为条件候选；是否有价值取决于具体位点、保护策略和整环性质,CCD未指定标准氨基酸母体，需确认它是独立残基而非氨基酸样片段,是,c1c(nnn1CCCC[C@@H](C(=O)O)N)CCN,https://www.rcsb.org/ligand/4QK
条件候选,4SJ,"N,beta,beta-trimethyl-L-phenylalanine",C12 H17 N O2,207.269,l-peptide linking,PHE,芳香／疏水侧链,保留为条件候选；是否有价值取决于具体位点、保护策略和整环性质,,是,CC(C)(c1ccccc1)[C@@H](C(=O)O)NC,https://www.rcsb.org/ligand/4SJ
条件候选,4U7,"[(5S)-5-amino-5-carboxy-6,6-difluorohexyl](trihydroxy)borate(1-)",C7 H15 B F2 N O5,242.006,l-peptide linking,ALA,卤代／电子调节,保留为条件候选；是否有价值取决于具体位点、保护策略和整环性质,,是,[B-](CCCC[C@@](C(F)F)(C(=O)O)N)(O)(O)O,https://www.rcsb.org/ligand/4U7
条件候选,4UD,"(2S)-amino[(5S)-4,5-dihydro-1,2-oxazol-5-yl]acetic acid",C5 H8 N2 O3,144.129,l-peptide linking,,极性／带电侧链,保留为条件候选；是否有价值取决于具体位点、保护策略和整环性质,CCD未指定标准氨基酸母体，需确认它是独立残基而非氨基酸样片段；以极性/带电特征为主，不宜默认用于提高被动渗透性,是,C1C=NO[C@@H]1[C@@H](C(=O)O)N,https://www.rcsb.org/ligand/4UD
条件候选,4WQ,"(2S)-2-amino-7,7-dimethyloctanoic acid",C10 H21 N O2,187.279,l-peptide linking,ALA,其他CCD肽链核心,保留为条件候选；是否有价值取决于具体位点、保护策略和整环性质,,是,CC(C)(C)CCCC[C@@H](C(=O)O)N,https://www.rcsb.org/ligand/4WQ
条件候选,51T,"2,3,6-trifluoro-L-tyrosine",C9 H8 F3 N O3,235.16,l-peptide linking,TYR,卤代／电子调节,保留为条件候选；是否有价值取决于具体位点、保护策略和整环性质,,是,c1c(c(c(c(c1F)C[C@@H](C(=O)O)N)F)F)O,https://www.rcsb.org/ligand/51T
仅结构参考,54C,(betaR)-beta-hydroxy-1-{2-[(2R)-oxiran-2-yl]propan-2-yl}-L-tryptophan,C16 H20 N2 O4,304.341,l-peptide linking,TRP,芳香／疏水侧链,结构身份可保留，但复杂度、反应性或极性风险不适合进入默认研发库,分子量超过300 Da，单体复杂度和环肽总分子量负担较高,是,CC(C)([C@@H]1CO1)n2cc(c3c2cccc3)[C@H]([C@@H](C(=O)O)N)O,https://www.rcsb.org/ligand/54C
条件候选,55I,4-(trifluoromethyl)-L-phenylalanine,C10 H10 F3 N O2,233.187,l-peptide linking,PHE,卤代／电子调节,保留为条件候选；是否有价值取决于具体位点、保护策略和整环性质,,是,c1cc(ccc1C[C@@H](C(=O)O)N)C(F)(F)F,https://www.rcsb.org/ligand/55I
条件候选,55N,"(2R,4R)-2-(acetyloxy)-5-methyl-4-(methylamino)hexanoic acid",C10 H19 N O4,217.262,peptide linking,,极性／带电侧链,保留为条件候选；是否有价值取决于具体位点、保护策略和整环性质,CCD仅标为通用peptide linking，需确认真实主链连接几何；CCD未指定标准氨基酸母体，需确认它是独立残基而非氨基酸样片段；以极性/带电特征为主，不宜默认用于提高被动渗透性,是,CC(C)[C@@H](C[C@H](C(=O)O)OC(=O)C)NC,https://www.rcsb.org/ligand/55N
仅结构参考,562,"N~5~-[N-(2-{2-[2-(triaza-1,2-dien-2-ium-1-yl)ethoxy]ethoxy}ethyl)carbamimidoyl]-L-ornithine",C12 H26 N7 O4,332.379,l-peptide linking,,极性／带电侧链,结构身份可保留，但复杂度、反应性或极性风险不适合进入默认研发库,分子量超过300 Da，单体复杂度和环肽总分子量负担较高；杂原子较多，可能增加暴露极性和去溶剂化代价；CCD未指定标准氨基酸母体，需确认它是独立残基而非氨基酸样片段；以极性/带电特征为主，不宜默认用于提高被动渗透性,是,[H]/N=C(/NCCC[C@@H](C(=O)O)N)\NCCOCCOCCN=[N+]=N,https://www.rcsb.org/ligand/562
仅结构参考,56A,3-(8-phenyloctyl)-L-histidine,C20 H29 N3 O2,343.463,l-peptide linking,HIS,芳香／疏水侧链,结构身份可保留，但复杂度、反应性或极性风险不适合进入默认研发库,分子量超过300 Da，单体复杂度和环肽总分子量负担较高,是,c1ccc(cc1)CCCCCCCCn2cncc2C[C@@H](C(=O)O)N,https://www.rcsb.org/ligand/56A
仅结构参考,56C,"N~5~-{N-[2-(2-{2-[2-(triaza-1,2-dien-2-ium-1-yl)ethoxy]ethoxy}ethoxy)ethyl]carbamimidoyl}-L-ornithine",C14 H30 N7 O5,376.432,l-peptide linking,,极性／带电侧链,结构身份可保留，但复杂度、反应性或极性风险不适合进入默认研发库,分子量超过300 Da，单体复杂度和环肽总分子量负担较高；杂原子较多，可能增加暴露极性和去溶剂化代价；CCD未指定标准氨基酸母体，需确认它是独立残基而非氨基酸样片段；以极性/带电特征为主，不宜默认用于提高被动渗透性,是,[H]/N=C(\NCCC[C@@H](C(=O)O)N)/NCCOCCOCCOCCN=[N+]=N,https://www.rcsb.org/ligand/56C
条件候选,5A6,"(2S)-2-amino-4-[5-(5-aminopentyl)-1,3,4-oxadiazol-2-yl]butanoic acid",C11 H20 N4 O3,256.301,peptide linking,,芳香／疏水侧链,保留为条件候选；是否有价值取决于具体位点、保护策略和整环性质,分子量超过250 Da，需关注偶联效率、溶解度和总环肽体积；CCD仅标为通用peptide linking，需确认真实主链连接几何；CCD未指定标准氨基酸母体，需确认它是独立残基而非氨基酸样片段,是,C(CCc1nnc(o1)CC[C@@H](C(=O)O)N)CCN,https://www.rcsb.org/ligand/5A6
条件候选,5AB,[(5S)-5-amino-5-carboxyhexyl](trihydroxy)borate,C7 H17 B N O5,206.025,l-peptide linking,ALA,极性／带电侧链,保留为条件候选；是否有价值取决于具体位点、保护策略和整环性质,以极性/带电特征为主，不宜默认用于提高被动渗透性,是,[B-](CCCC[C@@](C)(C(=O)O)N)(O)(O)O,https://www.rcsb.org/ligand/5AB
明确排除,5CR,N-acetyl-L-phenylalanine,C11 H13 N O3,207.226,l-peptide linking,PHE,芳香／疏水侧链,主链氨基被端基化，不能按普通内部残基直接偶联,,否,CC(=O)N[C@@H](Cc1ccccc1)C(=O)O,https://www.rcsb.org/ligand/5CR
条件候选,5CS,2-AMINO-3-(CYSTEIN-S-YL)-ISOXAZOLIDIN-5-YL-ACETIC ACID,C8 H15 N3 O5 S,265.287,l-peptide linking,CYS,极性／带电侧链,保留为条件候选；是否有价值取决于具体位点、保护策略和整环性质,分子量超过250 Da，需关注偶联效率、溶解度和总环肽体积；以极性/带电特征为主，不宜默认用于提高被动渗透性,是,C1C(ON[C@@H]1SC[C@@H](C(=O)O)N)[C@@H](C(=O)O)N,https://www.rcsb.org/ligand/5CS
条件候选,5CT,Hypusine,C10 H23 N3 O3,233.308,peptide linking,LYS,极性／带电侧链,保留为条件候选；是否有价值取决于具体位点、保护策略和整环性质,CCD仅标为通用peptide linking，需确认真实主链连接几何；以极性/带电特征为主，不宜默认用于提高被动渗透性,是,C(CCNC[C@H](CCN)O)C[C@@H](C(=O)O)N,https://www.rcsb.org/ligand/5CT
条件候选,5CW,5-chloro-L-tryptophan,C11 H11 Cl N2 O2,238.67,l-peptide linking,TRP,卤代／电子调节,保留为条件候选；是否有价值取决于具体位点、保护策略和整环性质,,是,c1cc2c(cc1Cl)c(c[nH]2)C[C@@H](C(=O)O)N,https://www.rcsb.org/ligand/5CW
条件候选,5DW,4-ethynyl-L-phenylalanine,C11 H11 N O2,189.211,l-peptide linking,,芳香／疏水侧链,保留为条件候选；是否有价值取决于具体位点、保护策略和整环性质,CCD未指定标准氨基酸母体，需确认它是独立残基而非氨基酸样片段,是,C#Cc1ccc(cc1)C[C@@H](C(=O)O)N,https://www.rcsb.org/ligand/5DW
条件候选,5F0,(3~{S})-3-azanyl-4-methoxy-4-oxidanylidene-butanoic acid,C5 H9 N O4,147.129,l-peptide linking,,极性／带电侧链,保留为条件候选；是否有价值取决于具体位点、保护策略和整环性质,CCD未指定标准氨基酸母体，需确认它是独立残基而非氨基酸样片段；以极性/带电特征为主，不宜默认用于提高被动渗透性,是,COC(=O)[C@H](CC(=O)O)N,https://www.rcsb.org/ligand/5F0
明确排除,5FQ,N-pentyl-L-alaninamide,C8 H18 N2 O,158.241,l-peptide linking,ALA,极性／带电侧链,结构中未识别到可用于常规肽键形成的游离羧基,,否,CCCCCNC(=O)[C@H](C)N,https://www.rcsb.org/ligand/5FQ
条件候选,5GG,Deoxyhypusine,C10 H23 N3 O2,217.309,l-peptide linking,Lys,极性／带电侧链,保留为条件候选；是否有价值取决于具体位点、保护策略和整环性质,以极性/带电特征为主，不宜默认用于提高被动渗透性,是,C(CCNCCCCN)C[C@@H](C(=O)O)N,https://www.rcsb.org/ligand/5GG
条件候选,5GM,"(4S)-2,4-dimethyl-L-norleucine",C8 H17 N O2,159.226,l-peptide linking,ILE,其他CCD肽链核心,保留为条件候选；是否有价值取决于具体位点、保护策略和整环性质,,是,CC[C@H](C)C[C@@](C)(C(=O)O)N,https://www.rcsb.org/ligand/5GM
条件候选,5LB,"(2~{S})-2-azanyl-3-[1-(2-azanylethyl)-1,2,3-triazol-4-yl]propanoic acid",C7 H13 N5 O2,199.21,peptide linking,,芳香／疏水侧链,保留为条件候选；是否有价值取决于具体位点、保护策略和整环性质,CCD仅标为通用peptide linking，需确认真实主链连接几何；CCD未指定标准氨基酸母体，需确认它是独立残基而非氨基酸样片段,是,c1c(nnn1CCN)C[C@@H](C(=O)O)N,https://www.rcsb.org/ligand/5LB
条件候选,5LE,"(2~{S})-2-azanyl-3-[1-(3-azanylpropyl)-1,2,3-triazol-4-yl]propanoic acid",C8 H15 N5 O2,213.237,peptide linking,,芳香／疏水侧链,保留为条件候选；是否有价值取决于具体位点、保护策略和整环性质,CCD仅标为通用peptide linking，需确认真实主链连接几何；CCD未指定标准氨基酸母体，需确认它是独立残基而非氨基酸样片段,是,c1c(nnn1CCCN)C[C@@H](C(=O)O)N,https://www.rcsb.org/ligand/5LE
条件候选,5LF,"(2~{S})-2-azanyl-3-[1-(6-azanylhexyl)-1,2,3-triazol-4-yl]propanoic acid",C11 H21 N5 O2,255.317,peptide linking,,芳香／疏水侧链,保留为条件候选；是否有价值取决于具体位点、保护策略和整环性质,分子量超过250 Da，需关注偶联效率、溶解度和总环肽体积；CCD仅标为通用peptide linking，需确认真实主链连接几何；CCD未指定标准氨基酸母体，需确认它是独立残基而非氨基酸样片段,是,c1c(nnn1CCCCCCN)C[C@@H](C(=O)O)N,https://www.rcsb.org/ligand/5LF
条件候选,5MW,"(2~{S})-5-[4-(aminomethyl)-1,2,3-triazol-1-yl]-2-azanyl-pentanoic acid",C8 H15 N5 O2,213.237,l-peptide linking,LYS,芳香／疏水侧链,保留为条件候选；是否有价值取决于具体位点、保护策略和整环性质,,是,c1c(nnn1CCC[C@@H](C(=O)O)N)CN,https://www.rcsb.org/ligand/5MW
条件候选,5OH,"(2S)-amino[(4R,6S)-2-amino-6-hydroxy-3,4,5,6-tetrahydropyrimidin-4-yl]ethanoic acid",C6 H12 N4 O3,188.184,l-peptide linking,ALA,极性／带电侧链,保留为条件候选；是否有价值取决于具体位点、保护策略和整环性质,以极性/带电特征为主，不宜默认用于提高被动渗透性,是,C1[C@@H](NC(=N[C@H]1O)N)[C@@H](C(=O)O)N,https://www.rcsb.org/ligand/5OH
条件候选,5OL,"N~6~-(1,1-dihydroxyethyl)-L-lysine",C8 H18 N2 O4,206.24,l-peptide linking,,极性／带电侧链,保留为条件候选；是否有价值取决于具体位点、保护策略和整环性质,CCD未指定标准氨基酸母体，需确认它是独立残基而非氨基酸样片段；以极性/带电特征为主，不宜默认用于提高被动渗透性,是,CC(NCCCC[C@@H](C(=O)O)N)(O)O,https://www.rcsb.org/ligand/5OL
条件候选,5OM,"(2S)-2-amino-8,8-dihydroxy-8-[(2S)-oxiran-2-yl]octanoic acid",C10 H19 N O5,233.262,l-peptide linking,,极性／带电侧链,保留为条件候选；是否有价值取决于具体位点、保护策略和整环性质,CCD未指定标准氨基酸母体，需确认它是独立残基而非氨基酸样片段；以极性/带电特征为主，不宜默认用于提高被动渗透性,是,C1[C@H](O1)C(CCCCC[C@@H](C(=O)O)N)(O)O,https://www.rcsb.org/ligand/5OM
明确排除,5OW,(2~{S})-2-azanyl-6-[[(~{Z})-~{C}-[2-methyl-3-oxidanyl-5-(phosphonooxymethyl)pyridin-4-yl]-~{N}-[(2~{R})-1-oxidanyl-1-oxidanylidene-3-sulfanyl-propan-2-yl]carbonimidoyl]amino]hexanoic acid,C17 H27 N4 O9 P S,494.456,l-peptide linking,LYS,芳香／疏水侧链,分子量超过450 Da，优先视为复杂整分子而非通用残基,,否,Cc1c(c(c(cn1)COP(=O)(O)O)/C(=N/[C@@H](CS)C(=O)O)/NCCCC[C@@H](C(=O)O)N)O,https://www.rcsb.org/ligand/5OW
优先研发候选,5PG,(2S)-(4-hydroxyphenyl)(methylamino)ethanoic acid,C9 H11 N O3,181.189,l-peptide linking,GLY,N-取代,属于N-取代方向，可用于口服环肽的构象/稳定性/主链极性扫描；CCD给出标准母体残基，便于设计成对替换实验,,是,CN[C@@H](c1ccc(cc1)O)C(=O)O,https://www.rcsb.org/ligand/5PG
明确排除,5R5,methyl L-serinate,C4 H9 N O3,119.119,l-peptide linking,SER,极性／带电侧链,结构中未识别到可用于常规肽键形成的游离羧基,,否,COC(=O)[C@H](CO)N,https://www.rcsb.org/ligand/5R5
仅结构参考,5SQ,2-[2-[(1S)-1-azanyl-2-(1H-imidazol-4-yl)ethyl]-4-[(4-hydroxyphenyl)methylidene]-5-oxidanylidene-imidazol-1-yl]ethanoic acid,C17 H17 N5 O4,355.348,l-peptide linking,GLY / HIS / TYR,芳香／疏水侧链,结构身份可保留，但复杂度、反应性或极性风险不适合进入默认研发库,分子量超过300 Da，单体复杂度和环肽总分子量负担较高,是,c1cc(ccc1C=C2C(=O)N(C(=N2)[C@H](Cc3c[nH]cn3)N)CC(=O)O)O,https://www.rcsb.org/ligand/5SQ
条件候选,5T3,N~6~-ethyl-N~6~-propan-2-yl-L-lysine,C11 H24 N2 O2,216.32,l-peptide linking,LYS,极性／带电侧链,保留为条件候选；是否有价值取决于具体位点、保护策略和整环性质,以极性/带电特征为主，不宜默认用于提高被动渗透性,是,CCN(CCCC[C@@H](C(=O)O)N)C(C)C,https://www.rcsb.org/ligand/5T3
明确排除,5VV,N-carbamoyl-L-Asparagine,C5 H8 N2 O5,176.127,l-peptide linking,ASN,极性／带电侧链,主链氨基被端基化，不能按普通内部残基直接偶联,,否,C([C@@H](C(=O)O)NC(=O)O)C(=O)N,https://www.rcsb.org/ligand/5VV
明确排除,5X8,S-adenosyl-L-cysteine,C13 H18 N6 O5 S,370.384,l-peptide linking,,芳香／疏水侧链,名称提示核苷酸、辅因子、脂质、完整肽或整分子缀合物,,否,c1nc(c2c(n1)n(cn2)[C@H]3[C@@H]([C@@H]([C@H](O3)CSC[C@@H](C(=O)O)N)O)O)N,https://www.rcsb.org/ligand/5X8
明确排除,5XU,(2~{S})-2-azanylpropanal,C3 H7 N O,73.094,l-peptide linking,ALA,其他CCD肽链核心,结构中未识别到可用于常规肽键形成的游离羧基,,否,C[C@@H](C=O)N,https://www.rcsb.org/ligand/5XU
仅结构参考,5ZA,"(5Z)-2-[(1S,2R)-1-AMINO-2-HYDROXYPROPYL]-5-[(4-AMINO-1H-INDOL-3-YL)METHYLENE]-3-(2-HYDROXYETHYL)-3,5-DIHYDRO-4H-IMIDAZOL-4-ONE",C17 H19 N5 O4,357.364,l-peptide linking,GLY / THR / TRP,极性／带电侧链,结构身份可保留，但复杂度、反应性或极性风险不适合进入默认研发库,分子量超过300 Da，单体复杂度和环肽总分子量负担较高；以极性/带电特征为主，不宜默认用于提高被动渗透性,是,C[C@H]([C@@H](C1=N/C(=C\c2c[nH]c3c2c(ccc3)N)/C(=O)N1CC(=O)O)N)O,https://www.rcsb.org/ligand/5ZA
条件候选,60F,(2~{R})-2-azanyl-3-[(~{E})-3-(4-hydroxyphenyl)prop-2-enoyl]sulfanyl-propanoic acid,C12 H13 N O4 S,267.301,l-peptide linking,CYS,芳香／疏水侧链,保留为条件候选；是否有价值取决于具体位点、保护策略和整环性质,分子量超过250 Da，需关注偶联效率、溶解度和总环肽体积,是,c1cc(ccc1/C=C/C(=O)SC[C@@H](C(=O)O)N)O,https://www.rcsb.org/ligand/60F
条件候选,62H,(2S)-3-amino-2-methylpropanoic acid,C4 H9 N O2,103.12,l-peptide linking,,其他CCD肽链核心,保留为条件候选；是否有价值取决于具体位点、保护策略和整环性质,CCD未指定标准氨基酸母体，需确认它是独立残基而非氨基酸样片段,是,C[C@@H](CN)C(=O)O,https://www.rcsb.org/ligand/62H
明确排除,66C,"4-[8-(beta-alanyl)-8,9-dihydro-1H-dibenzo[b,f][1,2,3]triazolo[4,5-d]azocin-1-yl]-L-phenylalanine",C27 H26 N6 O3,482.534,l-peptide linking,,芳香／疏水侧链,分子量超过450 Da，优先视为复杂整分子而非通用残基,,否,c1ccc-2c(c1)CN(c3ccccc3-c4c2n(nn4)c5ccc(cc5)C[C@@H](C(=O)O)N)C(=O)CCN,https://www.rcsb.org/ligand/66C
条件候选,66D,"(4R)-2,4-dimethyl-L-norleucine",C8 H17 N O2,159.226,l-peptide linking,ILE,其他CCD肽链核心,保留为条件候选；是否有价值取决于具体位点、保护策略和整环性质,,是,CC[C@@H](C)C[C@@](C)(C(=O)O)N,https://www.rcsb.org/ligand/66D
优先研发候选,66E,N-ethyl-L-valine,C7 H15 N O2,145.2,l-peptide linking,,N-取代,属于N-取代方向，可用于口服环肽的构象/稳定性/主链极性扫描,CCD未指定标准氨基酸母体，需确认它是独立残基而非氨基酸样片段,是,CCN[C@@H](C(C)C)C(=O)O,https://www.rcsb.org/ligand/66E
明确排除,6BR,threoninevanadate,C4 H8 N O7 V,233.05,l-peptide linking,THR,极性／带电侧链,含金属元素，不是常规氨基酸合成单体,,否,C[C@H]([C@@H](C(=O)O)N)O[V](=O)([O-])([O-])[O-],https://www.rcsb.org/ligand/6BR
条件候选,6CL,6-CARBOXYLYSINE,C7 H15 N2 O4,191.205,l-peptide linking,LYS,极性／带电侧链,保留为条件候选；是否有价值取决于具体位点、保护策略和整环性质,以极性/带电特征为主，不宜默认用于提高被动渗透性,是,C(C[C@H](C(=O)O)[NH3+])C[C@@H](C(=O)O)N,https://www.rcsb.org/ligand/6CL
条件候选,6CV,3-bromo-L-phenylalanine,C9 H10 Br N O2,244.085,l-peptide linking,ALA,卤代／电子调节,保留为条件候选；是否有价值取决于具体位点、保护策略和整环性质,,是,c1cc(cc(c1)Br)C[C@@H](C(=O)O)N,https://www.rcsb.org/ligand/6CV
条件候选,6CW,6-CHLORO-L-TRYPTOPHAN,C11 H11 Cl N2 O2,238.67,l-peptide linking,TRP,卤代／电子调节,保留为条件候选；是否有价值取决于具体位点、保护策略和整环性质,,是,c1cc2c(cc1Cl)[nH]cc2C[C@@H](C(=O)O)N,https://www.rcsb.org/ligand/6CW
条件候选,6DU,2-bromo-L-phenylalanine,C9 H10 Br N O2,244.085,l-peptide linking,,卤代／电子调节,保留为条件候选；是否有价值取决于具体位点、保护策略和整环性质,CCD未指定标准氨基酸母体，需确认它是独立残基而非氨基酸样片段,是,c1ccc(c(c1)C[C@@H](C(=O)O)N)Br,https://www.rcsb.org/ligand/6DU
明确排除,6E4,L-glutamamide,C5 H11 N3 O2,145.16,l-peptide linking,,极性／带电侧链,结构中未识别到可用于常规肽键形成的游离羧基,,否,C(CC(=O)N)[C@@H](C(=O)N)N,https://www.rcsb.org/ligand/6E4
条件候选,6FL,"5,5,5,5',5',5'-hexafluoro-L-leucine",C6 H7 F6 N O2,239.116,l-peptide linking,,卤代／电子调节,保留为条件候选；是否有价值取决于具体位点、保护策略和整环性质,CCD未指定标准氨基酸母体，需确认它是独立残基而非氨基酸样片段,是,C([C@@H](C(=O)O)N)C(C(F)(F)F)C(F)(F)F,https://www.rcsb.org/ligand/6FL
仅结构参考,6G4,4-oxononanoyl lysine,C15 H28 N2 O4,300.394,peptide linking,Lys,极性／带电侧链,结构身份可保留，但复杂度、反应性或极性风险不适合进入默认研发库,分子量超过300 Da，单体复杂度和环肽总分子量负担较高；CCD仅标为通用peptide linking，需确认真实主链连接几何；以极性/带电特征为主，不宜默认用于提高被动渗透性,是,CCCCCC(=O)CCC(=O)NCCCC[C@@H](C(=O)O)N,https://www.rcsb.org/ligand/6G4
条件候选,6G5,4-chloro-L-tryptophan,C11 H11 Cl N2 O2,238.67,l-peptide linking,,卤代／电子调节,保留为条件候选；是否有价值取决于具体位点、保护策略和整环性质,CCD未指定标准氨基酸母体，需确认它是独立残基而非氨基酸样片段,是,c1cc2c(c(c1)Cl)c(c[nH]2)C[C@@H](C(=O)O)N,https://www.rcsb.org/ligand/6G5
仅结构参考,6GL,5-(phosphonooxy)-L-norvaline,C5 H12 N O6 P,213.126,l-peptide linking,ALA,极性／带电侧链,结构身份可保留，但复杂度、反应性或极性风险不适合进入默认研发库,含磷酸/膦酸相关结构，通常不利于被动跨膜，除非有专门遮蔽设计；以极性/带电特征为主，不宜默认用于提高被动渗透性,是,C(C[C@@H](C(=O)O)N)COP(=O)(O)O,https://www.rcsb.org/ligand/6GL
条件候选,6HN,6-nitro-L-norleucine,C6 H12 N2 O4,176.17,l-peptide linking,LYS,极性／带电侧链,保留为条件候选；是否有价值取决于具体位点、保护策略和整环性质,以极性/带电特征为主，不宜默认用于提高被动渗透性,是,C(CC[N+](=O)[O-])C[C@@H](C(=O)O)N,https://www.rcsb.org/ligand/6HN
条件候选,6KM,S-propanoyl-L-cysteine,C6 H11 N O3 S,177.221,l-peptide linking,,极性／带电侧链,保留为条件候选；是否有价值取决于具体位点、保护策略和整环性质,CCD未指定标准氨基酸母体，需确认它是独立残基而非氨基酸样片段；以极性/带电特征为主，不宜默认用于提高被动渗透性,是,CCC(=O)SC[C@@H](C(=O)O)N,https://www.rcsb.org/ligand/6KM
条件候选,6KY,(2S)-2-(dimethylamino)-4-(methylselanyl)butanoic acid,C7 H15 N O2 Se,224.159,l-peptide linking,,其他CCD肽链核心,保留为条件候选；是否有价值取决于具体位点、保护策略和整环性质,CCD未指定标准氨基酸母体，需确认它是独立残基而非氨基酸样片段,是,CN(C)[C@@H](CC[Se]C)C(=O)O,https://www.rcsb.org/ligand/6KY
条件候选,6M6,S-[(2-phenylethyl)carbamothioyl]-L-cysteine,C12 H16 N2 O2 S2,284.398,l-peptide linking,CYS,芳香／疏水侧链,保留为条件候选；是否有价值取决于具体位点、保护策略和整环性质,分子量超过250 Da，需关注偶联效率、溶解度和总环肽体积,是,c1ccc(cc1)CCNC(=S)SC[C@@H](C(=O)O)N,https://www.rcsb.org/ligand/6M6
优先研发候选,6RK,4-azanylcyclohexane-1-carboxylic acid,C7 H13 N O2,143.184,l-peptide linking,,构象限制,属于构象限制方向，可用于口服环肽的构象/稳定性/主链极性扫描,CCD未指定标准氨基酸母体，需确认它是独立残基而非氨基酸样片段,是,C1CC(CCC1C(=O)O)N,https://www.rcsb.org/ligand/6RK
条件候选,6V1,"(2~{R})-2-azanyl-3-[(3~{R})-1-ethyl-2,5-bis(oxidanylidene)pyrrolidin-3-yl]sulfanyl-propanoic acid",C9 H14 N2 O4 S,246.283,l-peptide linking,CYS,极性／带电侧链,保留为条件候选；是否有价值取决于具体位点、保护策略和整环性质,以极性/带电特征为主，不宜默认用于提高被动渗透性,是,CCN1C(=O)C[C@H](C1=O)SC[C@@H](C(=O)O)N,https://www.rcsb.org/ligand/6V1
条件候选,6V9,"2-methyl-1,3-thiazole-5-carboxylic acid",C5 H5 N O2 S,143.164,peptide linking,,芳香／疏水侧链,保留为条件候选；是否有价值取决于具体位点、保护策略和整环性质,CCD仅标为通用peptide linking，需确认真实主链连接几何；CCD未指定标准氨基酸母体，需确认它是独立残基而非氨基酸样片段,是,Cc1ncc(s1)C(=O)O,https://www.rcsb.org/ligand/6V9
条件候选,6WK,"(2~{R})-2-azanyl-3-[[(2~{S},3~{S})-2,3-bis(oxidanyl)-4-sulfanyl-butyl]disulfanyl]propanoic acid",C7 H15 N O4 S3,273.393,l-peptide linking,CYS,极性／带电侧链,保留为条件候选；是否有价值取决于具体位点、保护策略和整环性质,分子量超过250 Da，需关注偶联效率、溶解度和总环肽体积；以极性/带电特征为主，不宜默认用于提高被动渗透性,是,C([C@H]([C@@H](CSSC[C@@H](C(=O)O)N)O)O)S,https://www.rcsb.org/ligand/6WK
优先研发候选,6Y9,"(2~{R})-1,2-dimethylpyrrolidine-2-carboxylic acid",C7 H13 N O2,143.184,d-peptide linking,PRO,D-构型,属于D-构型方向，可用于口服环肽的构象/稳定性/主链极性扫描；CCD给出标准母体残基，便于设计成对替换实验,,是,C[C@@]1(CCCN1C)C(=O)O,https://www.rcsb.org/ligand/6Y9
条件候选,6YJ,"(2~{S},4~{R})-5-(4-aminophenyl)-4-azanyl-2-methyl-pentanoic acid",C12 H18 N2 O2,222.284,peptide linking,,芳香／疏水侧链,保留为条件候选；是否有价值取决于具体位点、保护策略和整环性质,CCD仅标为通用peptide linking，需确认真实主链连接几何；CCD未指定标准氨基酸母体，需确认它是独立残基而非氨基酸样片段,是,C[C@@H](C[C@H](Cc1ccc(cc1)N)N)C(=O)O,https://www.rcsb.org/ligand/6YJ
条件候选,6ZS,L-isovaline,C5 H11 N O2,117.146,l-peptide linking,,其他CCD肽链核心,保留为条件候选；是否有价值取决于具体位点、保护策略和整环性质,CCD未指定标准氨基酸母体，需确认它是独立残基而非氨基酸样片段,是,CC[C@@](C)(C(=O)O)N,https://www.rcsb.org/ligand/6ZS
条件候选,73C,(2~{S})-2-azanyl-3-butoxy-propanoic acid,C7 H15 N O3,161.199,l-peptide linking,SER,极性／带电侧链,保留为条件候选；是否有价值取决于具体位点、保护策略和整环性质,以极性/带电特征为主，不宜默认用于提高被动渗透性,是,CCCCOC[C@@H](C(=O)O)N,https://www.rcsb.org/ligand/73C
条件候选,73N,(2~{S})-5-carbamimidamido-2-(carboxyamino)pentanoic acid,C7 H14 N4 O4,218.21,l-peptide linking,ARG,极性／带电侧链,保留为条件候选；是否有价值取决于具体位点、保护策略和整环性质,以极性/带电特征为主，不宜默认用于提高被动渗透性,是,[H]/N=C(\N)/NCCC[C@@H](C(=O)O)NC(=O)O,https://www.rcsb.org/ligand/73N
条件候选,73O,(2~{S})-2-azanyl-4-(4-hydroxyphenyl)butanoic acid,C10 H13 N O3,195.215,l-peptide linking,TYR,芳香／疏水侧链,保留为条件候选；是否有价值取决于具体位点、保护策略和整环性质,,是,c1cc(ccc1CC[C@@H](C(=O)O)N)O,https://www.rcsb.org/ligand/73O
条件候选,73P,(2~{S})-6-azanyl-2-(carboxyamino)hexanoic acid,C7 H14 N2 O4,190.197,l-peptide linking,LYS,极性／带电侧链,保留为条件候选；是否有价值取决于具体位点、保护策略和整环性质,以极性/带电特征为主，不宜默认用于提高被动渗透性,是,C(CCN)C[C@@H](C(=O)O)NC(=O)O,https://www.rcsb.org/ligand/73P
条件候选,74P,(E)-N~6~-(1-carboxy-3-oxobutylidene)-L-lysine,C11 H18 N2 O5,258.271,l-peptide linking,LYS,极性／带电侧链,保留为条件候选；是否有价值取决于具体位点、保护策略和整环性质,分子量超过250 Da，需关注偶联效率、溶解度和总环肽体积；以极性/带电特征为主，不宜默认用于提高被动渗透性,是,CC(=O)C/C(=N\CCCC[C@@H](C(=O)O)N)/C(=O)O,https://www.rcsb.org/ligand/74P
条件候选,7C9,O-methyl-L-serine,C4 H9 N O3,119.119,l-peptide linking,,极性／带电侧链,保留为条件候选；是否有价值取决于具体位点、保护策略和整环性质,CCD未指定标准氨基酸母体，需确认它是独立残基而非氨基酸样片段；以极性/带电特征为主，不宜默认用于提高被动渗透性,是,COC[C@@H](C(=O)O)N,https://www.rcsb.org/ligand/7C9
条件候选,7CC,"N,N-diethyl-L-asparagine",C8 H16 N2 O3,188.224,l-peptide linking,,极性／带电侧链,保留为条件候选；是否有价值取决于具体位点、保护策略和整环性质,CCD未指定标准氨基酸母体，需确认它是独立残基而非氨基酸样片段；以极性/带电特征为主，不宜默认用于提高被动渗透性,是,CCN(CC)C(=O)C[C@@H](C(=O)O)N,https://www.rcsb.org/ligand/7CC
仅结构参考,7HA,"N-(3-{[2-(4-chlorophenyl)-5-methyl-1,3-oxazol-4-yl]methoxy}benzyl)-N-(methoxycarbonyl)glycine",C22 H21 Cl N2 O6,444.865,l-peptide linking,,卤代／电子调节,结构身份可保留，但复杂度、反应性或极性风险不适合进入默认研发库,分子量超过300 Da，单体复杂度和环肽总分子量负担较高；CCD未指定标准氨基酸母体，需确认它是独立残基而非氨基酸样片段,是,Cc1c(nc(o1)c2ccc(cc2)Cl)COc3cccc(c3)CN(CC(=O)O)C(=O)OC,https://www.rcsb.org/ligand/7HA
条件候选,7ID,(2~{S})-4-[[(2~{S})-5-[[azanyl($l^{4}-azanylidene)methyl]amino]-1-$l^{1}-oxidanyl-1-oxidanylidene-pentan-2-yl]amino]-2-$l^{2}-azanyl-4-oxidanylidene-butanoic acid,C10 H19 N5 O5,289.288,l-peptide linking,ASP,极性／带电侧链,保留为条件候选；是否有价值取决于具体位点、保护策略和整环性质,分子量超过250 Da，需关注偶联效率、溶解度和总环肽体积；以极性/带电特征为主，不宜默认用于提高被动渗透性,是,[H]/N=C(/N)\NCCC[C@@H](C(=O)O)NC(=O)C[C@@H](C(=O)O)N,https://www.rcsb.org/ligand/7ID
条件候选,7J3,(2S)-2-amino-4-oxo-4-(piperidin-1-yl)butanoic acid,C9 H16 N2 O3,200.235,peptide linking,,极性／带电侧链,保留为条件候选；是否有价值取决于具体位点、保护策略和整环性质,CCD仅标为通用peptide linking，需确认真实主链连接几何；CCD未指定标准氨基酸母体，需确认它是独立残基而非氨基酸样片段；以极性/带电特征为主，不宜默认用于提高被动渗透性,是,C1CCN(CC1)C(=O)C[C@@H](C(=O)O)N,https://www.rcsb.org/ligand/7J3
条件候选,7J4,N-tert-butoxy-L-asparagine,C8 H16 N2 O4,204.224,peptide linking,,极性／带电侧链,保留为条件候选；是否有价值取决于具体位点、保护策略和整环性质,CCD仅标为通用peptide linking，需确认真实主链连接几何；CCD未指定标准氨基酸母体，需确认它是独立残基而非氨基酸样片段；以极性/带电特征为主，不宜默认用于提高被动渗透性,是,CC(C)(C)ONC(=O)C[C@@H](C(=O)O)N,https://www.rcsb.org/ligand/7J4
仅结构参考,7JA,"N-({(1R,2S)-3-oxo-2-[(2Z)-pent-2-en-1-yl]cyclopentyl}acetyl)-L-isoleucine",C18 H29 N O4,323.427,l-peptide linking,ILE,构象限制,结构身份可保留，但复杂度、反应性或极性风险不适合进入默认研发库,分子量超过300 Da，单体复杂度和环肽总分子量负担较高,是,CC/C=C\C[C@H]1[C@H](CCC1=O)CC(=O)N[C@@H]([C@@H](C)CC)C(=O)O,https://www.rcsb.org/ligand/7JA
仅结构参考,7MN,"(Z)-N-[(1E)-1-carboxy-2-(2,3-dihydro-1H-indol-1-yl)ethylidene]{3-hydroxy-2-methyl-5-[(phosphonooxy)methyl]pyridin-4(1H)-ylidene}methanaminium",C19 H23 N3 O7 P,436.376,peptide linking,,芳香／疏水侧链,结构身份可保留，但复杂度、反应性或极性风险不适合进入默认研发库,分子量超过300 Da，单体复杂度和环肽总分子量负担较高；杂原子较多，可能增加暴露极性和去溶剂化代价；含磷酸/膦酸相关结构，通常不利于被动跨膜，除非有专门遮蔽设计；CCD仅标为通用peptide linking，需确认真实主链连接几何；CCD未指定标准氨基酸母体，需确认它是独立残基而非氨基酸样片段,是,CC1=C(/C(=C\[NH+]=C(/C[N@@]2CCc3c2cccc3)\C(=O)O)/C(=CN1)COP(=O)(O)O)O,https://www.rcsb.org/ligand/7MN
条件候选,7N8,4-Borono-L-phenylalanine,C9 H12 B N O4,209.007,l-peptide linking,PHE,芳香／疏水侧链,保留为条件候选；是否有价值取决于具体位点、保护策略和整环性质,,是,B(c1ccc(cc1)C[C@@H](C(=O)O)N)(O)O,https://www.rcsb.org/ligand/7N8
条件候选,7O5,(2~{S})-2-azanyl-3-(2-sulfanylethanoylamino)propanoic acid,C5 H10 N2 O3 S,178.209,l-peptide linking,ALA,极性／带电侧链,保留为条件候选；是否有价值取决于具体位点、保护策略和整环性质,以极性/带电特征为主，不宜默认用于提高被动渗透性,是,C([C@@H](C(=O)O)N)NC(=O)CS,https://www.rcsb.org/ligand/7O5
条件候选,7OZ,(S)-2-amino-4-fluorobutanoic acid,C4 H8 F N O2,121.11,l-peptide linking,ALA,卤代／电子调节,保留为条件候选；是否有价值取决于具体位点、保护策略和整环性质,,是,C(CF)[C@@H](C(=O)O)N,https://www.rcsb.org/ligand/7OZ
条件候选,7QK,N~6~-acetyl-N~6~-methyl-L-lysine,C9 H18 N2 O3,202.251,l-peptide linking,LYS,极性／带电侧链,保留为条件候选；是否有价值取决于具体位点、保护策略和整环性质,以极性/带电特征为主，不宜默认用于提高被动渗透性,是,CC(=O)N(C)CCCC[C@@H](C(=O)O)N,https://www.rcsb.org/ligand/7QK
仅结构参考,7R0,2-[(4E)-2-[(1S)-1-azanyl-2-(1H-imidazol-4-yl)ethyl]-4-[(4-hydroxyphenyl)methylidene]-5-oxidanylidene-imidazol-1-yl]ethanoic acid,C17 H17 N5 O4,355.348,l-peptide linking,GLY / HIS / TYR,芳香／疏水侧链,结构身份可保留，但复杂度、反应性或极性风险不适合进入默认研发库,分子量超过300 Da，单体复杂度和环肽总分子量负担较高,是,c1cc(ccc1/C=C/2\C(=O)N(C(=N2)[C@H](Cc3c[nH]cn3)N)CC(=O)O)O,https://www.rcsb.org/ligand/7R0
优先研发候选,7RX,(R)-homoproline,C6 H11 N O2,129.157,d-peptide linking,,D-构型,属于D-构型方向，可用于口服环肽的构象/稳定性/主链极性扫描,CCD未指定标准氨基酸母体，需确认它是独立残基而非氨基酸样片段,是,C1C[C@@H](NC1)CC(=O)O,https://www.rcsb.org/ligand/7RX
条件候选,7T2,(2S)-3-(4-chlorophenyl)-2-(methylamino)propanoic acid,C10 H12 Cl N O2,213.661,l-peptide linking,PHE,卤代／电子调节,保留为条件候选；是否有价值取决于具体位点、保护策略和整环性质,,是,CN[C@@H](Cc1ccc(cc1)Cl)C(=O)O,https://www.rcsb.org/ligand/7T2
条件候选,7TK,(3S)-3-azanyl-4-oxidanylidene-4-pyrrolidin-1-yl-butanoic acid,C8 H14 N2 O3,186.208,l-peptide linking,ASP,极性／带电侧链,保留为条件候选；是否有价值取决于具体位点、保护策略和整环性质,以极性/带电特征为主，不宜默认用于提高被动渗透性,是,C1CCN(C1)C(=O)[C@H](CC(=O)O)N,https://www.rcsb.org/ligand/7TK
优先研发候选,7VN,(2S)-2-cyclopentyl-2-(methylamino)ethanoic acid,C8 H15 N O2,157.21,l-peptide linking,ALA,构象限制,属于构象限制方向，可用于口服环肽的构象/稳定性/主链极性扫描；CCD给出标准母体残基，便于设计成对替换实验,,是,CN[C@@H](C1CCCC1)C(=O)O,https://www.rcsb.org/ligand/7VN
条件候选,7VU,(2S)-2-(ethylamino)-3-(4-methylphenyl)propanoic acid,C12 H17 N O2,207.269,l-peptide linking,PHE,芳香／疏水侧链,保留为条件候选；是否有价值取决于具体位点、保护策略和整环性质,,是,CCN[C@@H](Cc1ccc(cc1)C)C(=O)O,https://www.rcsb.org/ligand/7VU
条件候选,7W2,"(2S)-2-azanyl-4-[3,5-bis(fluoranyl)-4-(trifluoromethyl)phenyl]butanoic acid",C11 H10 F5 N O2,283.195,l-peptide linking,PHE,卤代／电子调节,保留为条件候选；是否有价值取决于具体位点、保护策略和整环性质,分子量超过250 Da，需关注偶联效率、溶解度和总环肽体积,是,c1c(cc(c(c1F)C(F)(F)F)F)CC[C@@H](C(=O)O)N,https://www.rcsb.org/ligand/7W2
优先研发候选,7WC,(3S)-4-(dimethylamino)-3-(methylamino)-4-oxidanylidene-butanoic acid,C7 H14 N2 O3,174.198,"l-gamma-peptide, c-delta linking",,延长骨架,属于延长骨架方向，可用于口服环肽的构象/稳定性/主链极性扫描,CCD未指定标准氨基酸母体，需确认它是独立残基而非氨基酸样片段,是,CN[C@@H](CC(=O)O)C(=O)N(C)C,https://www.rcsb.org/ligand/7WC
条件候选,7XC,(2R)-2-azanyl-3-(4-carbamimidamidophenyl)propanoic acid,C10 H14 N4 O2,222.244,d-peptide linking,PHE,D-构型,保留为条件候选；是否有价值取决于具体位点、保护策略和整环性质,,是,[H]/N=C(\N)/Nc1ccc(cc1)C[C@H](C(=O)O)N,https://www.rcsb.org/ligand/7XC
条件候选,7YO,(2R)-5-oxidanylidenepyrrolidine-2-carboxylic acid,C5 H7 N O3,129.114,peptide linking,PRO,极性／带电侧链,保留为条件候选；是否有价值取决于具体位点、保护策略和整环性质,CCD仅标为通用peptide linking，需确认真实主链连接几何；以极性/带电特征为主，不宜默认用于提高被动渗透性,是,C1CC(=O)N[C@H]1C(=O)O,https://www.rcsb.org/ligand/7YO
条件候选,81R,"(4R)-4,5-disulfanyl-L-norvaline",C5 H11 N O2 S2,181.276,l-peptide linking,,其他CCD肽链核心,保留为条件候选；是否有价值取决于具体位点、保护策略和整环性质,CCD未指定标准氨基酸母体，需确认它是独立残基而非氨基酸样片段,是,C([C@H](CS)S)[C@@H](C(=O)O)N,https://www.rcsb.org/ligand/81R
条件候选,81S,"(4S)-4,5-disulfanyl-L-norvaline",C5 H11 N O2 S2,181.276,l-peptide linking,,其他CCD肽链核心,保留为条件候选；是否有价值取决于具体位点、保护策略和整环性质,CCD未指定标准氨基酸母体，需确认它是独立残基而非氨基酸样片段,是,C([C@@H](CS)S)[C@@H](C(=O)O)N,https://www.rcsb.org/ligand/81S
条件候选,823,"N,N-bis(3-sulfanylpropyl)-L-asparagine",C10 H20 N2 O3 S2,280.407,l-peptide linking,ASN,极性／带电侧链,保留为条件候选；是否有价值取决于具体位点、保护策略和整环性质,分子量超过250 Da，需关注偶联效率、溶解度和总环肽体积；以极性/带电特征为主，不宜默认用于提高被动渗透性,是,C(CN(CCCS)C(=O)C[C@@H](C(=O)O)N)CS,https://www.rcsb.org/ligand/823
条件候选,85F,(2R)-2-azanyl-3-[(2R)-2-azanyl-3-oxidanyl-3-oxidanylidene-propyl]sulfanyl-propanoic acid,C6 H12 N2 O4 S,208.235,l-peptide linking,CYS,极性／带电侧链,保留为条件候选；是否有价值取决于具体位点、保护策略和整环性质,以极性/带电特征为主，不宜默认用于提高被动渗透性,是,C([C@@H](C(=O)O)N)SC[C@@H](C(=O)O)N,https://www.rcsb.org/ligand/85F
优先研发候选,85G,N-ethyl-L-glutamine,C7 H14 N2 O3,174.198,l-peptide linking,,N-取代,属于N-取代方向，可用于口服环肽的构象/稳定性/主链极性扫描,CCD未指定标准氨基酸母体，需确认它是独立残基而非氨基酸样片段,是,CCNC(=O)CC[C@@H](C(=O)O)N,https://www.rcsb.org/ligand/85G
条件候选,85J,N-propyl-L-glutamine,C8 H16 N2 O3,188.224,l-peptide linking,,极性／带电侧链,保留为条件候选；是否有价值取决于具体位点、保护策略和整环性质,CCD未指定标准氨基酸母体，需确认它是独立残基而非氨基酸样片段；以极性/带电特征为主，不宜默认用于提高被动渗透性,是,CCCNC(=O)CC[C@@H](C(=O)O)N,https://www.rcsb.org/ligand/85J
明确排除,85L,[[(2~{R})-2-azanyl-3-oxidanylidene-propyl]-(chloranylaurio)sulfanuidyl]-chloranyl-gold,C3 H6 Au2 Cl2 N O2 S,584.989,l-peptide linking,CYS,其他CCD肽链核心,含金属元素，不是常规氨基酸合成单体；分子量超过450 Da，优先视为复杂整分子而非通用残基,,否,C([C@@H](C(=O)O)N)[S-]([Au]Cl)[Au]Cl,https://www.rcsb.org/ligand/85L
明确排除,86N,"(2S)-5-[[5-(6-aminopurin-9-yl)-3,4-bis(oxidanyl)furan-2-yl]methoxy-oxidanyl-phosphoryl]oxy-2-azanyl-5-oxidanylidene-pentanoic acid",C15 H17 N6 O10 P,472.303,l-peptide linking,GLU,芳香／疏水侧链,分子量超过450 Da，优先视为复杂整分子而非通用残基,,否,c1nc(c2c(n1)n(cn2)c3c(c(c(o3)COP(=O)(O)OC(=O)CC[C@@H](C(=O)O)N)O)O)N,https://www.rcsb.org/ligand/86N
条件候选,8JB,"(2~{R})-2-azanyl-3-[[(5~{S})-5-[(1~{S})-1-azanyl-2-oxidanyl-2-oxidanylidene-ethyl]-4,5-dihydro-1,2-oxazol-3-yl]sulfanyl]propanoic acid",C8 H13 N3 O5 S,263.271,l-peptide linking,CYS,极性／带电侧链,保留为条件候选；是否有价值取决于具体位点、保护策略和整环性质,分子量超过250 Da，需关注偶联效率、溶解度和总环肽体积；以极性/带电特征为主，不宜默认用于提高被动渗透性,是,C1[C@H](ON=C1SC[C@@H](C(=O)O)N)[C@@H](C(=O)O)N,https://www.rcsb.org/ligand/8JB
条件候选,8LJ,"(2S)-2,3-dihydro-1H-pyrrole-2-carboxylic acid",C5 H7 N O2,113.115,l-peptide linking,PRO,其他CCD肽链核心,保留为条件候选；是否有价值取决于具体位点、保护策略和整环性质,,是,C1C=CN[C@@H]1C(=O)O,https://www.rcsb.org/ligand/8LJ
条件候选,8RE,"3,4-dihydroxylysine",C6 H14 N2 O4,178.186,l-peptide linking,LYS,极性／带电侧链,保留为条件候选；是否有价值取决于具体位点、保护策略和整环性质,以极性/带电特征为主，不宜默认用于提高被动渗透性,是,C(CN)[C@@H]([C@@H]([C@@H](C(=O)O)N)O)O,https://www.rcsb.org/ligand/8RE
明确排除,8SP,"O-[(R)-{[(2R)-2,3-bis(octanoyloxy)propyl]oxy}(hydroxy)phosphoryl]-L-serine",C22 H42 N O10 P,511.543,l-peptide linking,SER,极性／带电侧链,分子量超过450 Da，优先视为复杂整分子而非通用残基,,否,CCCCCCCC(=O)OC[C@H](COP(=O)(O)OC[C@@H](C(=O)O)N)OC(=O)CCCCCCC,https://www.rcsb.org/ligand/8SP
条件候选,8WY,"5,5-dihydroxy-L-norleucine",C6 H13 N O4,163.172,l-peptide linking,LEU,极性／带电侧链,保留为条件候选；是否有价值取决于具体位点、保护策略和整环性质,以极性/带电特征为主，不宜默认用于提高被动渗透性,是,CC(CC[C@@H](C(=O)O)N)(O)O,https://www.rcsb.org/ligand/8WY
条件候选,8YR,(2S)-2-azanyl-2-[(3R)-oxolan-3-yl]ethanoic acid,C6 H11 N O3,145.156,l-peptide linking,,极性／带电侧链,保留为条件候选；是否有价值取决于具体位点、保护策略和整环性质,CCD未指定标准氨基酸母体，需确认它是独立残基而非氨基酸样片段；以极性/带电特征为主，不宜默认用于提高被动渗透性,是,C1COC[C@H]1[C@@H](C(=O)O)N,https://www.rcsb.org/ligand/8YR
条件候选,999,(3S)-3-hydroxy-D-aspartic acid,C4 H7 N O5,149.102,d-peptide linking,ASP,D-构型,保留为条件候选；是否有价值取决于具体位点、保护策略和整环性质,,是,[C@@H]([C@@H](C(=O)O)O)(C(=O)O)N,https://www.rcsb.org/ligand/999
优先研发候选,99Y,4-carboxy-D-phenylalanine,C10 H11 N O4,209.199,d-peptide linking,,D-构型,属于D-构型方向，可用于口服环肽的构象/稳定性/主链极性扫描,CCD未指定标准氨基酸母体，需确认它是独立残基而非氨基酸样片段,是,c1cc(ccc1C[C@H](C(=O)O)N)C(=O)O,https://www.rcsb.org/ligand/99Y
明确排除,9AT,"(2S,3R)-2-amino-3-hydroxy-butanamide",C4 H10 N2 O2,118.134,l-peptide linking,,极性／带电侧链,结构中未识别到可用于常规肽键形成的游离羧基,,否,C[C@H]([C@@H](C(=O)N)N)O,https://www.rcsb.org/ligand/9AT
优先研发候选,9BP,4-amino-N-(2-methylpropanoyl)-D-isovaline,C9 H18 N2 O3,202.251,d-peptide linking,,D-构型,属于D-构型方向，可用于口服环肽的构象/稳定性/主链极性扫描,CCD未指定标准氨基酸母体，需确认它是独立残基而非氨基酸样片段,是,CC(C)C(=O)N[C@](C)(CCN)C(=O)O,https://www.rcsb.org/ligand/9BP
仅结构参考,9DN,DANSYL-L-ASPARAGINE,C16 H19 N3 O5 S,365.404,l-peptide linking,ASN,芳香／疏水侧链,结构身份可保留，但复杂度、反应性或极性风险不适合进入默认研发库,分子量超过300 Da，单体复杂度和环肽总分子量负担较高,是,CN(C)c1cccc2c1cccc2S(=O)(=O)N[C@@H](CC(=O)N)C(=O)O,https://www.rcsb.org/ligand/9DN
仅结构参考,9DS,DANSYL-L-SARCOSINE,C15 H18 N2 O4 S,322.379,l-peptide linking,GLY,N-取代,结构身份可保留，但复杂度、反应性或极性风险不适合进入默认研发库,分子量超过300 Da，单体复杂度和环肽总分子量负担较高,是,CN(C)c1cccc2c1cccc2S(=O)(=O)[N@@](C)CC(=O)O,https://www.rcsb.org/ligand/9DS
条件候选,9DT,(2~{S})-2-azanyl-3-(2-fluorophenyl)-2-methyl-propanoic acid,C10 H12 F N O2,197.206,l-peptide linking,PHE,卤代／电子调节,保留为条件候选；是否有价值取决于具体位点、保护策略和整环性质,,是,C[C@](Cc1ccccc1F)(C(=O)O)N,https://www.rcsb.org/ligand/9DT
条件候选,9E7,N~6~-(sulfanylmethyl)-L-lysine,C7 H16 N2 O2 S,192.279,l-peptide linking,LYS,极性／带电侧链,保留为条件候选；是否有价值取决于具体位点、保护策略和整环性质,以极性/带电特征为主，不宜默认用于提高被动渗透性,是,C(CCNCS)C[C@@H](C(=O)O)N,https://www.rcsb.org/ligand/9E7
仅结构参考,9EV,"6-[(2R)-2-{3-hydroxy-2-methyl-5-[(phosphonooxy)methyl]pyridin-4-yl}-5-oxo-1,3-oxazolidin-3-yl]-L-norleucine",C16 H24 N3 O9 P,433.35,l-peptide linking,,芳香／疏水侧链,结构身份可保留，但复杂度、反应性或极性风险不适合进入默认研发库,分子量超过300 Da，单体复杂度和环肽总分子量负担较高；杂原子较多，可能增加暴露极性和去溶剂化代价；含磷酸/膦酸相关结构，通常不利于被动跨膜，除非有专门遮蔽设计；CCD未指定标准氨基酸母体，需确认它是独立残基而非氨基酸样片段,是,Cc1c(c(c(cn1)COP(=O)(O)O)[C@@H]2N(CC(=O)O2)CCCC[C@@H](C(=O)O)N)O,https://www.rcsb.org/ligand/9EV
条件候选,9JC,4-(aminomethyl)-8-azanyl-quinoline-2-carbaldehyde,C11 H11 N3 O2,217.224,l-peptide linking,,芳香／疏水侧链,保留为条件候选；是否有价值取决于具体位点、保护策略和整环性质,CCD未指定标准氨基酸母体，需确认它是独立残基而非氨基酸样片段,是,c1cc2c(cc(nc2c(c1)N)C(=O)O)CN,https://www.rcsb.org/ligand/9JC
条件候选,9JV,8-azanyl-4-methoxy-quinoline-2-carboxylic acid,C11 H10 N2 O3,218.209,l-peptide linking,,芳香／疏水侧链,保留为条件候选；是否有价值取决于具体位点、保护策略和整环性质,CCD未指定标准氨基酸母体，需确认它是独立残基而非氨基酸样片段,是,COc1cc(nc2c1cccc2N)C(=O)O,https://www.rcsb.org/ligand/9JV
优先研发候选,9KK,N-methyl norleucine,C7 H15 N O2,145.199,l-peptide linking,,N-取代,属于N-取代方向，可用于口服环肽的构象/稳定性/主链极性扫描,CCD未指定标准氨基酸母体，需确认它是独立残基而非氨基酸样片段,是,CCCC[C@@H](C(=O)O)NC,https://www.rcsb.org/ligand/9KK
仅结构参考,9KP,(E)-N~6~-[(2E)-1-carboxy-3-(2-carboxyphenyl)prop-2-en-1-ylidene]-L-lysine,C17 H20 N2 O6,348.351,l-peptide linking,LYS,芳香／疏水侧链,结构身份可保留，但复杂度、反应性或极性风险不适合进入默认研发库,分子量超过300 Da，单体复杂度和环肽总分子量负担较高,是,c1ccc(c(c1)/C=C/C(=N\CCCC[C@@H](C(=O)O)N)/C(=O)O)C(=O)O,https://www.rcsb.org/ligand/9KP
仅结构参考,9MN,(2~{S})-2-azanyl-6-(6-bromanylhexanoylamino)hexanoic acid,C12 H23 Br N2 O3,323.227,l-peptide linking,,极性／带电侧链,结构身份可保留，但复杂度、反应性或极性风险不适合进入默认研发库,分子量超过300 Da，单体复杂度和环肽总分子量负担较高；CCD未指定标准氨基酸母体，需确认它是独立残基而非氨基酸样片段；以极性/带电特征为主，不宜默认用于提高被动渗透性,是,C(CCC(=O)NCCCC[C@@H](C(=O)O)N)CCBr,https://www.rcsb.org/ligand/9MN
仅结构参考,9NE,DANSYL-L-GLUTAMATE,C17 H20 N2 O6 S,380.416,l-peptide linking,GLU,芳香／疏水侧链,结构身份可保留，但复杂度、反应性或极性风险不适合进入默认研发库,分子量超过300 Da，单体复杂度和环肽总分子量负担较高,是,CN(C)c1cccc2c1cccc2S(=O)(=O)N[C@@H](CCC(=O)O)C(=O)O,https://www.rcsb.org/ligand/9NE
仅结构参考,9NF,DANSYL-L-PHENYLALANINE,C21 H22 N2 O4 S,398.475,l-peptide linking,PHE,芳香／疏水侧链,结构身份可保留，但复杂度、反应性或极性风险不适合进入默认研发库,分子量超过300 Da，单体复杂度和环肽总分子量负担较高,是,CN(C)c1cccc2c1cccc2S(=O)(=O)N[C@@H](Cc3ccccc3)C(=O)O,https://www.rcsb.org/ligand/9NF
仅结构参考,9NR,DANSYL-L-ARGININE,C18 H25 N5 O4 S,407.487,l-peptide linking,ARG,芳香／疏水侧链,结构身份可保留，但复杂度、反应性或极性风险不适合进入默认研发库,分子量超过300 Da，单体复杂度和环肽总分子量负担较高,是,CN(C)c1cccc2c1cccc2S(=O)(=O)N[C@@H](CCCNC(=N)N)C(=O)O,https://www.rcsb.org/ligand/9NR
仅结构参考,9NV,DANSYL-L-NORVALINE,C17 H22 N2 O4 S,350.433,l-peptide linking,VAL,芳香／疏水侧链,结构身份可保留，但复杂度、反应性或极性风险不适合进入默认研发库,分子量超过300 Da，单体复杂度和环肽总分子量负担较高,是,CCC[C@@H](C(=O)O)NS(=O)(=O)c1cccc2c1cccc2N(C)C,https://www.rcsb.org/ligand/9NV
明确排除,9OW,3-selanyl-L-alaninamide,C3 H8 N2 O Se,167.068,l-peptide linking,,极性／带电侧链,结构中未识别到可用于常规肽键形成的游离羧基,,否,C([C@@H](C(=O)N)N)[SeH],https://www.rcsb.org/ligand/9OW
条件候选,9R1,(2S)-2-aminooctanedioic acid,C8 H15 N O4,189.209,l-peptide linking,,极性／带电侧链,保留为条件候选；是否有价值取决于具体位点、保护策略和整环性质,CCD未指定标准氨基酸母体，需确认它是独立残基而非氨基酸样片段；以极性/带电特征为主，不宜默认用于提高被动渗透性,是,C(CC[C@@H](C(=O)O)N)CCC(=O)O,https://www.rcsb.org/ligand/9R1
条件候选,9R4,D-gamma-glutamyl-2-methyl-L-alanine,C9 H16 N2 O5,232.234,l-peptide linking,,极性／带电侧链,保留为条件候选；是否有价值取决于具体位点、保护策略和整环性质,CCD未指定标准氨基酸母体，需确认它是独立残基而非氨基酸样片段；以极性/带电特征为主，不宜默认用于提高被动渗透性,是,CC(C)(C(=O)O)NC(=O)CC[C@H](C(=O)O)N,https://www.rcsb.org/ligand/9R4
条件候选,9R7,L-gamma-glutamylglycine,C7 H12 N2 O5,204.181,l-peptide linking,,极性／带电侧链,保留为条件候选；是否有价值取决于具体位点、保护策略和整环性质,CCD未指定标准氨基酸母体，需确认它是独立残基而非氨基酸样片段；以极性/带电特征为主，不宜默认用于提高被动渗透性,是,C(CC(=O)NCC(=O)O)[C@@H](C(=O)O)N,https://www.rcsb.org/ligand/9R7
仅结构参考,9TR,N6-{[(3-azidophenyl)methoxy]carbonyl}-L-lysine,C14 H19 N5 O4,321.332,peptide linking,LYS,芳香／疏水侧链,结构身份可保留，但复杂度、反应性或极性风险不适合进入默认研发库,分子量超过300 Da，单体复杂度和环肽总分子量负担较高；CCD仅标为通用peptide linking，需确认真实主链连接几何,是,c1cc(cc(c1)N=[N+]=[N-])COC(=O)NCCCC[C@@H](C(=O)O)N,https://www.rcsb.org/ligand/9TR
仅结构参考,9TU,N6-[({3-[3-(trifluoromethyl)-3H-diaziren-3-yl]phenyl}methoxy)carbonyl]-L-lysine,C16 H19 F3 N4 O4,388.342,peptide linking,LYS,卤代／电子调节,结构身份可保留，但复杂度、反应性或极性风险不适合进入默认研发库,分子量超过300 Da，单体复杂度和环肽总分子量负担较高；CCD仅标为通用peptide linking，需确认真实主链连接几何,是,c1cc(cc(c1)C2(N=N2)C(F)(F)F)COC(=O)NCCCC[C@@H](C(=O)O)N,https://www.rcsb.org/ligand/9TU
仅结构参考,9TX,N6-{[(3-ethynylphenyl)methoxy]carbonyl}-L-lysine,C16 H20 N2 O4,304.341,peptide linking,LYS,芳香／疏水侧链,结构身份可保留，但复杂度、反应性或极性风险不适合进入默认研发库,分子量超过300 Da，单体复杂度和环肽总分子量负担较高；CCD仅标为通用peptide linking，需确认真实主链连接几何,是,C#Cc1cccc(c1)COC(=O)NCCCC[C@@H](C(=O)O)N,https://www.rcsb.org/ligand/9TX
条件候选,9U0,"N6-({[(1S,2E)-cyclooct-2-en-1-yl]oxy}carbonyl)-L-lysine",C15 H26 N2 O4,298.378,peptide linking,LYS,构象限制,保留为条件候选；是否有价值取决于具体位点、保护策略和整环性质,分子量超过250 Da，需关注偶联效率、溶解度和总环肽体积；CCD仅标为通用peptide linking，需确认真实主链连接几何,是,C1CCC=CC(CC1)OC(=O)NCCCC[C@@H](C(=O)O)N,https://www.rcsb.org/ligand/9U0
仅结构参考,9U6,3-[(2-{[(benzyloxy)carbonyl]amino}ethyl)selanyl]-L-alanine,C13 H18 N2 O4 Se,345.253,peptide linking,,芳香／疏水侧链,结构身份可保留，但复杂度、反应性或极性风险不适合进入默认研发库,分子量超过300 Da，单体复杂度和环肽总分子量负担较高；CCD仅标为通用peptide linking，需确认真实主链连接几何；CCD未指定标准氨基酸母体，需确认它是独立残基而非氨基酸样片段,是,c1ccc(cc1)COC(=O)NCC[Se]C[C@@H](C(=O)O)N,https://www.rcsb.org/ligand/9U6
仅结构参考,9U9,"N6-({[(1R,8S,9s)-bicyclo[6.1.0]non-4-yn-9-yl]methoxy}carbonyl)-L-lysine",C17 H26 N2 O4,322.399,peptide linking,,构象限制,结构身份可保留，但复杂度、反应性或极性风险不适合进入默认研发库,分子量超过300 Da，单体复杂度和环肽总分子量负担较高；CCD仅标为通用peptide linking，需确认真实主链连接几何；CCD未指定标准氨基酸母体，需确认它是独立残基而非氨基酸样片段,是,C1C[C@@H]2[C@@H](C2COC(=O)NCCCC[C@@H](C(=O)O)N)CCC#C1,https://www.rcsb.org/ligand/9U9
仅结构参考,9UC,N6-{[(4-nitrophenyl)methoxy]carbonyl}-L-lysine,C14 H19 N3 O6,325.317,peptide linking,,芳香／疏水侧链,结构身份可保留，但复杂度、反应性或极性风险不适合进入默认研发库,分子量超过300 Da，单体复杂度和环肽总分子量负担较高；CCD仅标为通用peptide linking，需确认真实主链连接几何；CCD未指定标准氨基酸母体，需确认它是独立残基而非氨基酸样片段,是,c1cc(ccc1COC(=O)NCCCC[C@@H](C(=O)O)N)[N+](=O)[O-],https://www.rcsb.org/ligand/9UC
条件候选,9UF,N6-{[(6-aminopyridin-3-yl)methoxy]carbonyl}-L-lysine,C13 H20 N4 O4,296.322,peptide linking,,芳香／疏水侧链,保留为条件候选；是否有价值取决于具体位点、保护策略和整环性质,分子量超过250 Da，需关注偶联效率、溶解度和总环肽体积；CCD仅标为通用peptide linking，需确认真实主链连接几何；CCD未指定标准氨基酸母体，需确认它是独立残基而非氨基酸样片段,是,c1cc(ncc1COC(=O)NCCCC[C@@H](C(=O)O)N)N,https://www.rcsb.org/ligand/9UF
仅结构参考,9V0,(2S)-2-azanyl-6-[(2-azidophenyl)methoxycarbonylamino]hexanoic acid,C14 H19 N5 O4,321.332,peptide linking,,芳香／疏水侧链,结构身份可保留，但复杂度、反应性或极性风险不适合进入默认研发库,分子量超过300 Da，单体复杂度和环肽总分子量负担较高；CCD仅标为通用peptide linking，需确认真实主链连接几何；CCD未指定标准氨基酸母体，需确认它是独立残基而非氨基酸样片段,是,c1ccc(c(c1)COC(=O)NCCCC[C@@H](C(=O)O)N)N=[N+]=[N-],https://www.rcsb.org/ligand/9V0
仅结构参考,9V6,(2S)-2-azanyl-6-[(2-chlorophenyl)methoxycarbonylamino]hexanoic acid,C14 H19 Cl N2 O4,314.765,peptide linking,,卤代／电子调节,结构身份可保留，但复杂度、反应性或极性风险不适合进入默认研发库,分子量超过300 Da，单体复杂度和环肽总分子量负担较高；CCD仅标为通用peptide linking，需确认真实主链连接几何；CCD未指定标准氨基酸母体，需确认它是独立残基而非氨基酸样片段,是,c1ccc(c(c1)COC(=O)NCCCC[C@@H](C(=O)O)N)Cl,https://www.rcsb.org/ligand/9V6
条件候选,9VC,(2S)-2-azanyl-6-(phenylmethoxycarbonylamino)hexanoic acid,C14 H20 N2 O4,280.32,peptide linking,,芳香／疏水侧链,保留为条件候选；是否有价值取决于具体位点、保护策略和整环性质,分子量超过250 Da，需关注偶联效率、溶解度和总环肽体积；CCD仅标为通用peptide linking，需确认真实主链连接几何；CCD未指定标准氨基酸母体，需确认它是独立残基而非氨基酸样片段,是,c1ccc(cc1)COC(=O)NCCCC[C@@H](C(=O)O)N,https://www.rcsb.org/ligand/9VC
仅结构参考,9VF,(2S)-2-azanyl-6-(trimethylsilylmethoxycarbonylamino)hexanoic acid,C11 H24 N2 O4 Si,276.405,peptide linking,,极性／带电侧链,结构身份可保留，但复杂度、反应性或极性风险不适合进入默认研发库,分子量超过250 Da，需关注偶联效率、溶解度和总环肽体积；含硅结构常见于保护或特殊合成中间体，需要人工确认最终残基形态；CCD仅标为通用peptide linking，需确认真实主链连接几何；CCD未指定标准氨基酸母体，需确认它是独立残基而非氨基酸样片段；以极性/带电特征为主，不宜默认用于提高被动渗透性,是,C[Si](C)(C)COC(=O)NCCCC[C@@H](C(=O)O)N,https://www.rcsb.org/ligand/9VF
仅结构参考,9VL,(2S)-2-azanyl-6-[(2-bromophenyl)methoxycarbonylamino]hexanoic acid,C14 H19 Br N2 O4,359.216,peptide linking,,卤代／电子调节,结构身份可保留，但复杂度、反应性或极性风险不适合进入默认研发库,分子量超过300 Da，单体复杂度和环肽总分子量负担较高；CCD仅标为通用peptide linking，需确认真实主链连接几何；CCD未指定标准氨基酸母体，需确认它是独立残基而非氨基酸样片段,是,c1ccc(c(c1)COC(=O)NCCCC[C@@H](C(=O)O)N)Br,https://www.rcsb.org/ligand/9VL
仅结构参考,9VR,"(2S)-2-azanyl-6-[[4-[3-(trifluoromethyl)-1,2-diazirin-3-yl]phenyl]methoxycarbonylamino]hexanoic acid",C16 H19 F3 N4 O4,388.342,peptide linking,,卤代／电子调节,结构身份可保留，但复杂度、反应性或极性风险不适合进入默认研发库,分子量超过300 Da，单体复杂度和环肽总分子量负担较高；CCD仅标为通用peptide linking，需确认真实主链连接几何；CCD未指定标准氨基酸母体，需确认它是独立残基而非氨基酸样片段,是,c1cc(ccc1COC(=O)NCCCC[C@@H](C(=O)O)N)C2(N=N2)C(F)(F)F,https://www.rcsb.org/ligand/9VR
条件候选,9WV,beta-alanyl-3-amino-L-alanine,C6 H13 N3 O3,175.186,l-peptide linking,ALA,极性／带电侧链,保留为条件候选；是否有价值取决于具体位点、保护策略和整环性质,以极性/带电特征为主，不宜默认用于提高被动渗透性,是,C(CN)C(=O)N[C@@H](CN)C(=O)O,https://www.rcsb.org/ligand/9WV
条件候选,A0G,(2Z)-2-amino-3-hydroxyprop-2-enoic acid,C3 H5 N O3,103.077,l-peptide linking,,极性／带电侧链,保留为条件候选；是否有价值取决于具体位点、保护策略和整环性质,CCD未指定标准氨基酸母体，需确认它是独立残基而非氨基酸样片段；以极性/带电特征为主，不宜默认用于提高被动渗透性,是,C(=C(/C(=O)O)\N)\O,https://www.rcsb.org/ligand/A0G
条件候选,A1A2I,(2S)-2-(aminomethyl)-3-methylbutanoic acid,C6 H13 N O2,131.173,peptide linking,,其他CCD肽链核心,保留为条件候选；是否有价值取决于具体位点、保护策略和整环性质,CCD仅标为通用peptide linking，需确认真实主链连接几何；CCD未指定标准氨基酸母体，需确认它是独立残基而非氨基酸样片段,是,CC(C)[C@@H](CN)C(=O)O,https://www.rcsb.org/ligand/A1A2I
条件候选,A1A2K,"3-[1-(carboxymethyl)-1H-1,2,3-triazol-4-yl]-D-alanine",C7 H10 N4 O4,214.179,d-peptide linking,,D-构型,保留为条件候选；是否有价值取决于具体位点、保护策略和整环性质,CCD未指定标准氨基酸母体，需确认它是独立残基而非氨基酸样片段,是,c1c(nnn1CC(=O)O)C[C@H](C(=O)O)N,https://www.rcsb.org/ligand/A1A2K
条件候选,A1A3M,"(5S)-4,5-dihydro-1H-pyrazole-5-carboxylic acid",C4 H6 N2 O2,114.103,l-peptide linking,PRO,极性／带电侧链,保留为条件候选；是否有价值取决于具体位点、保护策略和整环性质,以极性/带电特征为主，不宜默认用于提高被动渗透性,是,C1C=NN[C@@H]1C(=O)O,https://www.rcsb.org/ligand/A1A3M
仅结构参考,A1A48,"(4Z)-4-{(4Z)-1-(carboxymethyl)-4-[(1H-indol-3-yl)methylidene]-5-oxo-4,5-dihydro-1H-imidazol-2-yl}-4-iminobutanoic acid",C18 H16 N4 O5,368.343,l-peptide linking,,极性／带电侧链,结构身份可保留，但复杂度、反应性或极性风险不适合进入默认研发库,分子量超过300 Da，单体复杂度和环肽总分子量负担较高；CCD未指定标准氨基酸母体，需确认它是独立残基而非氨基酸样片段；以极性/带电特征为主，不宜默认用于提高被动渗透性,是,[H]/N=C(/CCC(=O)O)\C1=N/C(=C\c2c[nH]c3c2cccc3)/C(=O)N1CC(=O)O,https://www.rcsb.org/ligand/A1A48
仅结构参考,A1A5S,1-[(3S)-4-chloro-3-hydroxy-2-methylbutan-2-yl]-L-tryptophan,C16 H21 Cl N2 O3,324.803,l-peptide linking,TRP,卤代／电子调节,结构身份可保留，但复杂度、反应性或极性风险不适合进入默认研发库,分子量超过300 Da，单体复杂度和环肽总分子量负担较高,是,CC(C)([C@@H](CCl)O)n1cc(c2c1cccc2)C[C@@H](C(=O)O)N,https://www.rcsb.org/ligand/A1A5S
优先研发候选,A1A5T,(4S)-5-butoxy-N-methyl-L-leucine,C11 H23 N O3,217.305,l-peptide linking,LEU,N-取代,属于N-取代方向，可用于口服环肽的构象/稳定性/主链极性扫描；CCD给出标准母体残基，便于设计成对替换实验,,是,CCCCOC[C@@H](C)C[C@@H](C(=O)O)NC,https://www.rcsb.org/ligand/A1A5T
明确排除,A1A7R,"3-[(2S)-2-{[(2R,3S,3aR,5aS,6R,11bR,11cS)-10-hydroxy-3a-methoxy-3,14-dimethyl-2-phenyl-2,3,3a,4,5,6,7,11c-octahydro-1H-6,11b-(epiminoethano)-3,5a-methanonaphtho[2,1-g]indol-1-yl]oxy}-2,3-dihydro-1H-imidazol-4-yl]-L-alanine",C34 H43 N5 O5,601.736,l-peptide linking,HIS,芳香／疏水侧链,分子量超过450 Da，优先视为复杂整分子而非通用残基,,否,C[C@@]12C[C@@]34CC[C@@]1([C@H]([C@@]35CCN([C@@H]4Cc6c5cc(cc6)O)C)N([C@@H]2c7ccccc7)O[C@H]8NC=C(N8)C[C@@H](C(=O)O)N)OC,https://www.rcsb.org/ligand/A1A7R
条件候选,A1A7V,S-lactoyl-L-cysteine,C6 H11 N O4 S,193.221,l-peptide linking,CYS,极性／带电侧链,保留为条件候选；是否有价值取决于具体位点、保护策略和整环性质,以极性/带电特征为主，不宜默认用于提高被动渗透性,是,C[C@@H](C(=O)SC[C@@H](C(=O)O)N)O,https://www.rcsb.org/ligand/A1A7V
条件候选,A1A8T,3-methyl-L-isovaline,C6 H13 N O2,131.173,l-peptide linking,VAL,其他CCD肽链核心,保留为条件候选；是否有价值取决于具体位点、保护策略和整环性质,,是,CC(C)[C@@](C)(C(=O)O)N,https://www.rcsb.org/ligand/A1A8T
条件候选,A1ADO,(4R)-5-fluoro-L-leucine,C6 H12 F N O2,149.163,l-peptide linking,LEU,卤代／电子调节,保留为条件候选；是否有价值取决于具体位点、保护策略和整环性质,,是,C[C@H](C[C@@H](C(=O)O)N)CF,https://www.rcsb.org/ligand/A1ADO
条件候选,A1ADW,"(2S)-2-amino-3-(2-methylphenyl)propane-1,1-diol",C10 H13 N O2,179.216,l-peptide linking,,芳香／疏水侧链,保留为条件候选；是否有价值取决于具体位点、保护策略和整环性质,CCD未指定标准氨基酸母体，需确认它是独立残基而非氨基酸样片段,是,Cc1ccccc1C[C@@H](C(=O)O)N,https://www.rcsb.org/ligand/A1ADW
条件候选,A1ADY,(2~{S})-2-azanyl-3-[2-[oxidanyl(oxidanylidene)-$l^{4}-azanyl]phenyl]propan-1-ol,C9 H10 N2 O4,210.187,l-peptide linking,,芳香／疏水侧链,保留为条件候选；是否有价值取决于具体位点、保护策略和整环性质,CCD未指定标准氨基酸母体，需确认它是独立残基而非氨基酸样片段,是,c1ccc(c(c1)C[C@@H](C(=O)O)N)[N+](=O)[O-],https://www.rcsb.org/ligand/A1ADY
条件候选,A1ADZ,(2S)-2-amino-3-(2-methoxyphenyl)propan-1-ol,C10 H13 N O3,195.215,l-peptide linking,,芳香／疏水侧链,保留为条件候选；是否有价值取决于具体位点、保护策略和整环性质,CCD未指定标准氨基酸母体，需确认它是独立残基而非氨基酸样片段,是,COc1ccccc1C[C@@H](C(=O)O)N,https://www.rcsb.org/ligand/A1ADZ
条件候选,A1AL8,1-(2-methylbut-3-en-2-yl)-L-tryptophan,C16 H20 N2 O2,272.342,l-peptide linking,TRP,芳香／疏水侧链,保留为条件候选；是否有价值取决于具体位点、保护策略和整环性质,分子量超过250 Da，需关注偶联效率、溶解度和总环肽体积,是,CC(C)(C=C)n1cc(c2c1cccc2)C[C@@H](C(=O)O)N,https://www.rcsb.org/ligand/A1AL8
条件候选,A1ALE,(2S)-2-amino-7-(dimethylamino)-7-oxoheptanoic acid,C9 H18 N2 O3,202.251,l-peptide linking,ALA,极性／带电侧链,保留为条件候选；是否有价值取决于具体位点、保护策略和整环性质,以极性/带电特征为主，不宜默认用于提高被动渗透性,是,CN(C)C(=O)CCCC[C@@H](C(=O)O)N,https://www.rcsb.org/ligand/A1ALE
条件候选,A1AMB,"3-(1H-1,2,3-triazol-1-yl)-L-alanine",C5 H8 N4 O2,156.143,l-peptide linking,ALA,芳香／疏水侧链,保留为条件候选；是否有价值取决于具体位点、保护策略和整环性质,,是,c1cn(nn1)C[C@@H](C(=O)O)N,https://www.rcsb.org/ligand/A1AMB
条件候选,A1AMC,"(2S)-2-(methylamino)pentane-1,1,5-triol",C6 H13 N O3,147.172,l-peptide linking,ALA,极性／带电侧链,保留为条件候选；是否有价值取决于具体位点、保护策略和整环性质,以极性/带电特征为主，不宜默认用于提高被动渗透性,是,CN[C@@H](CCCO)C(=O)O,https://www.rcsb.org/ligand/A1AMC
条件候选,A1AMM,4-benzyl-L-phenylalanine,C16 H17 N O2,255.312,l-peptide linking,,芳香／疏水侧链,保留为条件候选；是否有价值取决于具体位点、保护策略和整环性质,分子量超过250 Da，需关注偶联效率、溶解度和总环肽体积；CCD未指定标准氨基酸母体，需确认它是独立残基而非氨基酸样片段,是,c1ccc(cc1)Cc2ccc(cc2)C[C@@H](C(=O)O)N,https://www.rcsb.org/ligand/A1AMM
仅结构参考,A1AP1,O-phosphono-D-tyrosine,C9 H12 N O6 P,261.168,d-peptide linking,,D-构型,结构身份可保留，但复杂度、反应性或极性风险不适合进入默认研发库,分子量超过250 Da，需关注偶联效率、溶解度和总环肽体积；含磷酸/膦酸相关结构，通常不利于被动跨膜，除非有专门遮蔽设计；CCD未指定标准氨基酸母体，需确认它是独立残基而非氨基酸样片段,是,c1cc(ccc1C[C@H](C(=O)O)N)OP(=O)(O)O,https://www.rcsb.org/ligand/A1AP1
优先研发候选,A1AQ4,4-phenyl-D-phenylalanine,C15 H15 N O2,241.285,d-peptide linking,,D-构型,属于D-构型方向，可用于口服环肽的构象/稳定性/主链极性扫描,CCD未指定标准氨基酸母体，需确认它是独立残基而非氨基酸样片段,是,c1ccc(cc1)c2ccc(cc2)C[C@H](C(=O)O)N,https://www.rcsb.org/ligand/A1AQ4
条件候选,A1AS0,5-selanyl-L-histidine,C6 H9 N3 O2 Se,234.115,l-peptide linking,HIS,芳香／疏水侧链,保留为条件候选；是否有价值取决于具体位点、保护策略和整环性质,,是,c1[nH]c(c(n1)[SeH])C[C@@H](C(=O)O)N,https://www.rcsb.org/ligand/A1AS0
条件候选,A1ASZ,5-sulfanyl-L-histidine,C6 H9 N3 O2 S,187.22,l-peptide linking,HIS,芳香／疏水侧链,保留为条件候选；是否有价值取决于具体位点、保护策略和整环性质,,是,c1[nH]c(c(n1)C[C@@H](C(=O)O)N)S,https://www.rcsb.org/ligand/A1ASZ
条件候选,A1AT6,"(2S)-2,3-dihydro-1H-indole-2-carboxylic acid",C9 H9 N O2,163.173,l-peptide linking,ALA,芳香／疏水侧链,保留为条件候选；是否有价值取决于具体位点、保护策略和整环性质,,是,c1ccc2c(c1)C[C@H](N2)C(=O)O,https://www.rcsb.org/ligand/A1AT6
条件候选,A1AT7,"(1S)-6-methyl-1,2-dihydroisoquinoline-1-carboxylic acid",C11 H11 N O2,189.211,l-peptide linking,ALA,芳香／疏水侧链,保留为条件候选；是否有价值取决于具体位点、保护策略和整环性质,,是,Cc1ccc2c(c1)C=CN[C@@H]2C(=O)O,https://www.rcsb.org/ligand/A1AT7
条件候选,A1AVU,(3S)-4-fluoro-L-valine,C5 H10 F N O2,135.137,l-peptide linking,VAL,卤代／电子调节,保留为条件候选；是否有价值取决于具体位点、保护策略和整环性质,,是,C[C@H](CF)[C@@H](C(=O)O)N,https://www.rcsb.org/ligand/A1AVU
条件候选,A1AWS,4-cyano-L-tryptophan,C12 H11 N3 O2,229.235,l-peptide linking,TRP,卤代／电子调节,保留为条件候选；是否有价值取决于具体位点、保护策略和整环性质,,是,c1cc(c2c(c1)[nH]cc2C[C@@H](C(=O)O)N)C#N,https://www.rcsb.org/ligand/A1AWS
优先研发候选,A1AZ2,3-methyl-D-histidine,C7 H11 N3 O2,169.181,d-peptide linking,HIS,D-构型,属于D-构型方向，可用于口服环肽的构象/稳定性/主链极性扫描；CCD给出标准母体残基，便于设计成对替换实验,,是,Cn1cncc1C[C@H](C(=O)O)N,https://www.rcsb.org/ligand/A1AZ2
条件候选,A1AZQ,N-(2-phenylethyl)glycine,C10 H13 N O2,179.216,peptide linking,GLY,芳香／疏水侧链,保留为条件候选；是否有价值取决于具体位点、保护策略和整环性质,CCD仅标为通用peptide linking，需确认真实主链连接几何,是,c1ccc(cc1)CCNCC(=O)O,https://www.rcsb.org/ligand/A1AZQ
条件候选,A1B9V,"3-[(1S,3S)-1-oxo-2,3-dihydro-1H-1lambda~4~-benzothiophen-3-yl]-L-alanine",C11 H13 N O3 S,239.291,l-peptide linking,TRP,芳香／疏水侧链,保留为条件候选；是否有价值取决于具体位点、保护策略和整环性质,,是,c1ccc2c(c1)C(CS2=O)C[C@@H](C(=O)O)N,https://www.rcsb.org/ligand/A1B9V
明确排除,A1BC0,"N,N-dimethyl-L-cysteinamide",C5 H12 N2 O S,148.227,l-peptide linking,CYS,极性／带电侧链,结构中未识别到可用于常规肽键形成的游离羧基,,否,CN(C)C(=O)[C@H](CS)N,https://www.rcsb.org/ligand/A1BC0
条件候选,A1BC5,L-seryl-N-[(2S)-2-amino-2-carboxyethyl]glycinamide,C8 H16 N4 O5,248.236,l-peptide linking,SER,极性／带电侧链,保留为条件候选；是否有价值取决于具体位点、保护策略和整环性质,以极性/带电特征为主，不宜默认用于提高被动渗透性,是,C([C@@H](C(=O)O)N)NC(=O)CNC(=O)[C@H](CO)N,https://www.rcsb.org/ligand/A1BC5
条件候选,A1BDE,N~6~-L-seryl-L-lysine,C9 H19 N3 O4,233.265,l-peptide linking,LYS,极性／带电侧链,保留为条件候选；是否有价值取决于具体位点、保护策略和整环性质,以极性/带电特征为主，不宜默认用于提高被动渗透性,是,C(CCNC(=O)[C@H](CO)N)C[C@@H](C(=O)O)N,https://www.rcsb.org/ligand/A1BDE
条件候选,A1BE5,"{(4E)-2-[(1S)-1-aminoethyl]-4-[(4-hydroxyphenyl)methylidene]-5-oxo-4,5-dihydro-1H-imidazol-1-yl}acetic acid",C14 H15 N3 O4,289.287,l-peptide linking,ALA / GLY / TYR,芳香／疏水侧链,保留为条件候选；是否有价值取决于具体位点、保护策略和整环性质,分子量超过250 Da，需关注偶联效率、溶解度和总环肽体积,是,C[C@@H](C1=N/C(=C/c2ccc(cc2)O)/C(=O)N1CC(=O)O)N,https://www.rcsb.org/ligand/A1BE5
条件候选,A1BEB,2-Methyllysine,C7 H16 N2 O2,160.214,l-peptide linking,LYS,极性／带电侧链,保留为条件候选；是否有价值取决于具体位点、保护策略和整环性质,以极性/带电特征为主，不宜默认用于提高被动渗透性,是,C[C@](CCCCN)(C(=O)O)N,https://www.rcsb.org/ligand/A1BEB
优先研发候选,A1BIT,"(2R,3S)-3-(propan-2-yl)piperidine-2-carboxylic acid",C9 H17 N O2,171.237,d-peptide linking,,D-构型,属于D-构型方向，可用于口服环肽的构象/稳定性/主链极性扫描,CCD未指定标准氨基酸母体，需确认它是独立残基而非氨基酸样片段,是,CC(C)[C@@H]1CCCN[C@H]1C(=O)O,https://www.rcsb.org/ligand/A1BIT
条件候选,A1BIU,(2S)-amino(4-chlorophenyl)acetic acid,C8 H8 Cl N O2,185.608,l-peptide linking,,卤代／电子调节,保留为条件候选；是否有价值取决于具体位点、保护策略和整环性质,CCD未指定标准氨基酸母体，需确认它是独立残基而非氨基酸样片段,是,c1cc(ccc1[C@@H](C(=O)O)N)Cl,https://www.rcsb.org/ligand/A1BIU
条件候选,A1BX4,N~6~-hydroxy-L-lysine,C6 H14 N2 O3,162.187,l-peptide linking,LYS,极性／带电侧链,保留为条件候选；是否有价值取决于具体位点、保护策略和整环性质,以极性/带电特征为主，不宜默认用于提高被动渗透性,是,C(CCNO)C[C@@H](C(=O)O)N,https://www.rcsb.org/ligand/A1BX4
条件候选,A1BZO,O-octanoyl-L-serine,C11 H21 N O4,231.289,l-peptide linking,SER,极性／带电侧链,保留为条件候选；是否有价值取决于具体位点、保护策略和整环性质,以极性/带电特征为主，不宜默认用于提高被动渗透性,是,CCCCCCCC(=O)OC[C@@H](C(=O)O)N,https://www.rcsb.org/ligand/A1BZO
条件候选,A1C0O,3-(acetamidomethyl)-L-phenylalanine,C12 H16 N2 O3,236.267,l-peptide linking,PHE,芳香／疏水侧链,保留为条件候选；是否有价值取决于具体位点、保护策略和整环性质,,是,CC(=O)NCc1cccc(c1)C[C@@H](C(=O)O)N,https://www.rcsb.org/ligand/A1C0O
明确排除,A1C3V,N-(tert-butoxycarbonyl)-L-phenylalanine,C14 H19 N O4,265.305,l-peptide linking,PHE,芳香／疏水侧链,CCD记录对应明显保护体，不能把保护体本身当作最终残基,,否,CC(C)(C)OC(=O)N[C@@H](Cc1ccccc1)C(=O)O,https://www.rcsb.org/ligand/A1C3V
条件候选,A1CAB,"(2S)-3,4-dihydro-2H-pyrrole-2-carboxylic acid",C5 H7 N O2,113.115,l-peptide linking,PRO,其他CCD肽链核心,保留为条件候选；是否有价值取决于具体位点、保护策略和整环性质,,是,C1C[C@H](N=C1)C(=O)O,https://www.rcsb.org/ligand/A1CAB
条件候选,A1CCQ,(2S)-2-hydrazinyl-3-(4-hydroxyphenyl)propanoic acid,C9 H12 N2 O3,196.203,l-peptide linking,TYR,芳香／疏水侧链,保留为条件候选；是否有价值取决于具体位点、保护策略和整环性质,,是,c1cc(ccc1C[C@@H](C(=O)O)NN)O,https://www.rcsb.org/ligand/A1CCQ
条件候选,A1CCR,(2S)-2-hydrazinyl-3-phenylpropanoic acid,C9 H12 N2 O2,180.204,l-peptide linking,PHE,芳香／疏水侧链,保留为条件候选；是否有价值取决于具体位点、保护策略和整环性质,,是,c1ccc(cc1)C[C@@H](C(=O)O)NN,https://www.rcsb.org/ligand/A1CCR
条件候选,A1CCS,(2S)-5-carbamimidamido-2-hydrazinylpentanoic acid,C6 H15 N5 O2,189.216,l-peptide linking,ARG,极性／带电侧链,保留为条件候选；是否有价值取决于具体位点、保护策略和整环性质,以极性/带电特征为主，不宜默认用于提高被动渗透性,是,[H]/N=C(\N)/NCCC[C@@H](C(=O)O)NN,https://www.rcsb.org/ligand/A1CCS
条件候选,A1CH8,"N~5~-[N-(2,2,2-trifluoroethyl)carbamimidoyl]-L-ornithine",C8 H15 F3 N4 O2,256.226,l-peptide linking,ARG,卤代／电子调节,保留为条件候选；是否有价值取决于具体位点、保护策略和整环性质,分子量超过250 Da，需关注偶联效率、溶解度和总环肽体积,是,[H]/N=C(/NCCC[C@@H](C(=O)O)N)\NCC(F)(F)F,https://www.rcsb.org/ligand/A1CH8
条件候选,A1CHS,"(4R,5R)-5-amino-N~5~-(2-aminoethyl)-4-hydroxy-L-ornithine",C7 H18 N4 O3,206.243,l-peptide linking,,极性／带电侧链,保留为条件候选；是否有价值取决于具体位点、保护策略和整环性质,CCD未指定标准氨基酸母体，需确认它是独立残基而非氨基酸样片段；以极性/带电特征为主，不宜默认用于提高被动渗透性,是,C(CN[C@H]([C@@H](C[C@@H](C(=O)O)N)O)N)N,https://www.rcsb.org/ligand/A1CHS
条件候选,A1CHT,(4S)-4-hydroxy-4-(4-hydroxyphenyl)-L-threonine,C10 H13 N O5,227.214,l-peptide linking,THR,芳香／疏水侧链,保留为条件候选；是否有价值取决于具体位点、保护策略和整环性质,,是,c1cc(ccc1[C@@H]([C@H]([C@@H](C(=O)O)N)O)O)O,https://www.rcsb.org/ligand/A1CHT
条件候选,A1CHU,(3R)-3-hydroxy-L-ornithine,C5 H12 N2 O3,148.16,l-peptide linking,,极性／带电侧链,保留为条件候选；是否有价值取决于具体位点、保护策略和整环性质,CCD未指定标准氨基酸母体，需确认它是独立残基而非氨基酸样片段；以极性/带电特征为主，不宜默认用于提高被动渗透性,是,C(CN)[C@H]([C@@H](C(=O)O)N)O,https://www.rcsb.org/ligand/A1CHU
条件候选,A1CLH,1-benzyl-D-tryptophan,C18 H18 N2 O2,294.348,d-peptide linking,TRP,D-构型,保留为条件候选；是否有价值取决于具体位点、保护策略和整环性质,分子量超过250 Da，需关注偶联效率、溶解度和总环肽体积,是,c1ccc(cc1)Cn2cc(c3c2cccc3)C[C@H](C(=O)O)N,https://www.rcsb.org/ligand/A1CLH
仅结构参考,A1CM8,"(2~{S})-2-azanyl-3-[(~{E})-[4-[oxidanyl(oxidanylidene)-$l^{4}-azanyl]-6~{H}-2,1,3-benzoxadiazol-7-ylidene]amino]propanal",C9 H9 N5 O5,267.198,l-peptide linking,ALA,芳香／疏水侧链,结构身份可保留，但复杂度、反应性或极性风险不适合进入默认研发库,分子量超过250 Da，需关注偶联效率、溶解度和总环肽体积；名称提示反应性官能团或中间体，需要确认能否承受偶联和脱保护条件,是,c1cc(c2c(c1NC[C@@H](C(=O)O)N)non2)[N+](=O)[O-],https://www.rcsb.org/ligand/A1CM8
仅结构参考,A1CM9,"3-[(7-nitro-2,1,3-benzoselenadiazol-4-yl)amino]-L-alanine",C9 H9 N5 O4 Se,330.159,l-peptide linking,ALA,芳香／疏水侧链,结构身份可保留，但复杂度、反应性或极性风险不适合进入默认研发库,分子量超过300 Da，单体复杂度和环肽总分子量负担较高,是,c1cc(c2c(c1NC[C@@H](C(=O)O)N)n[se]n2)[N+](=O)[O-],https://www.rcsb.org/ligand/A1CM9
明确排除,A1CNA,"[(4Z)-2-[(1R,2R)-1-amino-2-hydroxypropyl]-4-{[(7-nitro-2,1,3-benzoselenadiazol-4-yl)amino]methylidene}-5-oxo-4,5-dihydro-1H-imidazol-1-yl]acetic acid",C15 H15 N7 O6 Se,468.283,l-peptide linking,ALA / GLY / THR,极性／带电侧链,分子量超过450 Da，优先视为复杂整分子而非通用残基,,否,C[C@H]([C@@H](C1=N/C(=C\Nc2ccc(c3c2n[se]n3)[N+](=O)[O-])/C(=O)N1CC(=O)O)N)O,https://www.rcsb.org/ligand/A1CNA
仅结构参考,A1CRN,"[(4Z)-2-[(1R,2R)-1-amino-2-hydroxypropyl]-4-{[(7-nitro-1,3-dihydro-2,1,3-benzoxadiazol-4-yl)amino]methylidene}-5-oxo-4,5-dihydro-1H-imidazol-1-yl]acetic acid",C15 H17 N7 O7,407.338,l-peptide linking,ALA / GLY / THR,极性／带电侧链,结构身份可保留，但复杂度、反应性或极性风险不适合进入默认研发库,分子量超过300 Da，单体复杂度和环肽总分子量负担较高；杂原子较多，可能增加暴露极性和去溶剂化代价；以极性/带电特征为主，不宜默认用于提高被动渗透性,是,C[C@H]([C@@H](C1=N/C(=C\Nc2ccc(c3c2NON3)[N+](=O)[O-])/C(=O)N1CC(=O)O)N)O,https://www.rcsb.org/ligand/A1CRN
条件候选,A1CRT,(4S)-4-{[(1R)-1-carboxy-2-sulfanylethyl]amino}-4-hydroxybutanoic acid,C7 H13 N O5 S,223.247,l-peptide linking,CYS,极性／带电侧链,保留为条件候选；是否有价值取决于具体位点、保护策略和整环性质,以极性/带电特征为主，不宜默认用于提高被动渗透性,是,C(CC(=O)O)[C@@H](N[C@@H](CS)C(=O)O)O,https://www.rcsb.org/ligand/A1CRT
优先研发候选,A1CTT,2-phenyl-D-alanine,C9 H11 N O2,165.189,d-peptide linking,ALA,D-构型,属于D-构型方向，可用于口服环肽的构象/稳定性/主链极性扫描；CCD给出标准母体残基，便于设计成对替换实验,,是,C[C@](c1ccccc1)(C(=O)O)N,https://www.rcsb.org/ligand/A1CTT
明确排除,A1D5B,"methyl (2~{S})-2,6-bis(azanyl)hexanoate",C7 H16 N2 O2,160.214,l-peptide linking,LYS,极性／带电侧链,结构中未识别到可用于常规肽键形成的游离羧基,,否,COC(=O)[C@H](CCCCN)N,https://www.rcsb.org/ligand/A1D5B
优先研发候选,A1D5E,"(2~{S},4~{R})-4-(2-azanylethylcarbamoyloxy)pyrrolidine-2-carboxylic acid",C8 H15 N3 O4,217.222,l-peptide linking,PRO,构象限制,属于构象限制方向，可用于口服环肽的构象/稳定性/主链极性扫描；CCD给出标准母体残基，便于设计成对替换实验,,是,C1[C@H](CN[C@@H]1C(=O)O)OC(=O)NCCN,https://www.rcsb.org/ligand/A1D5E
优先研发候选,A1D5P,"(2~{R},3~{S})-2-azanyl-3-(4-hydroxyphenyl)-3-oxidanyl-propanoic acid",C9 H11 N O4,197.188,d-peptide linking,TYR,D-构型,属于D-构型方向，可用于口服环肽的构象/稳定性/主链极性扫描；CCD给出标准母体残基，便于设计成对替换实验,,是,c1cc(ccc1[C@@H]([C@H](C(=O)O)N)O)O,https://www.rcsb.org/ligand/A1D5P
条件候选,A1D64,(2~{R})-3-(4-aminophenyl)sulfanyl-2-azanyl-propanoic acid,C9 H12 N2 O2 S,212.269,l-peptide linking,CYS,芳香／疏水侧链,保留为条件候选；是否有价值取决于具体位点、保护策略和整环性质,,是,c1cc(ccc1N)SC[C@@H](C(=O)O)N,https://www.rcsb.org/ligand/A1D64
条件候选,A1D7R,(2~{S})-2-azanyl-3-[6-(3-methylbut-2-enyl)-1~{H}-indol-3-yl]propanoic acid,C16 H20 N2 O2,272.342,l-peptide linking,TRP,芳香／疏水侧链,保留为条件候选；是否有价值取决于具体位点、保护策略和整环性质,分子量超过250 Da，需关注偶联效率、溶解度和总环肽体积,是,CC(=CCc1ccc2c(c1)[nH]cc2C[C@@H](C(=O)O)N)C,https://www.rcsb.org/ligand/A1D7R
条件候选,A1D8R,"(2~{S})-2,4-bis(azanyl)-3,3-dimethyl-butanoic acid",C6 H14 N2 O2,146.188,l-peptide linking,,极性／带电侧链,保留为条件候选；是否有价值取决于具体位点、保护策略和整环性质,CCD未指定标准氨基酸母体，需确认它是独立残基而非氨基酸样片段；以极性/带电特征为主，不宜默认用于提高被动渗透性,是,CC(C)(CN)[C@@H](C(=O)O)N,https://www.rcsb.org/ligand/A1D8R
条件候选,A1D9O,"(2~{S},3~{S},4~{S})-3,4-bis(oxidanyl)pyrrolidine-2-carboxylic acid",C5 H9 N O4,147.129,l-peptide linking,PRO,极性／带电侧链,保留为条件候选；是否有价值取决于具体位点、保护策略和整环性质,以极性/带电特征为主，不宜默认用于提高被动渗透性,是,C1[C@@H]([C@H]([C@H](N1)C(=O)O)O)O,https://www.rcsb.org/ligand/A1D9O
条件候选,A1E3Y,(3R)-3-azanyl-3-phenyl-propanoic acid,C9 H11 N O2,165.189,peptide linking,,芳香／疏水侧链,保留为条件候选；是否有价值取决于具体位点、保护策略和整环性质,CCD仅标为通用peptide linking，需确认真实主链连接几何；CCD未指定标准氨基酸母体，需确认它是独立残基而非氨基酸样片段,是,c1ccc(cc1)[C@@H](CC(=O)O)N,https://www.rcsb.org/ligand/A1E3Y
条件候选,A1E9U,2-chloranyl-5-(methylamino)benzoic acid,C8 H8 Cl N O2,185.608,peptide linking,,芳香／疏水侧链,保留为条件候选；是否有价值取决于具体位点、保护策略和整环性质,CCD仅标为通用peptide linking，需确认真实主链连接几何；CCD未指定标准氨基酸母体，需确认它是独立残基而非氨基酸样片段,是,CNc1ccc(c(c1)C(=O)O)Cl,https://www.rcsb.org/ligand/A1E9U
优先研发候选,A1EAK,(2~{R})-2-azanyl-2-cyclopentyl-ethanoic acid,C7 H13 N O2,143.184,d-peptide linking,,D-构型,属于D-构型方向，可用于口服环肽的构象/稳定性/主链极性扫描,CCD未指定标准氨基酸母体，需确认它是独立残基而非氨基酸样片段,是,C1CCC(C1)[C@H](C(=O)O)N,https://www.rcsb.org/ligand/A1EAK
明确排除,A1ECH,(2~{R})-2-azanyl-~{N}-methyl-5-phenyl-pentanamide,C12 H18 N2 O,206.284,d-peptide linking,,D-构型,结构中未识别到可用于常规肽键形成的游离羧基,,否,CNC(=O)[C@@H](CCCc1ccccc1)N,https://www.rcsb.org/ligand/A1ECH
条件候选,A1ECI,5-[(2R)-2-azanyl-3-oxidanyl-3-oxidanylidene-propyl]sulfanyl-5-oxidanylidene-pentanoic acid,C8 H13 N O5 S,235.258,l-peptide linking,CYS,极性／带电侧链,保留为条件候选；是否有价值取决于具体位点、保护策略和整环性质,以极性/带电特征为主，不宜默认用于提高被动渗透性,是,C(CC(=O)O)CC(=O)SC[C@@H](C(=O)O)N,https://www.rcsb.org/ligand/A1ECI
条件候选,A1ECK,(2S)-3-(4-fluorophenyl)-2-(methylsulfonylamino)propanoic acid,C10 H12 F N O4 S,261.27,l-peptide linking,PHE,卤代／电子调节,保留为条件候选；是否有价值取决于具体位点、保护策略和整环性质,分子量超过250 Da，需关注偶联效率、溶解度和总环肽体积,是,CS(=O)(=O)N[C@@H](Cc1ccc(cc1)F)C(=O)O,https://www.rcsb.org/ligand/A1ECK
条件候选,A1ECL,"(2S)-3-[3,5-bis(fluoranyl)phenyl]-2-(methylsulfonylamino)propanoic acid",C10 H11 F2 N O4 S,279.26,l-peptide linking,PHE,芳香／疏水侧链,保留为条件候选；是否有价值取决于具体位点、保护策略和整环性质,分子量超过250 Da，需关注偶联效率、溶解度和总环肽体积,是,CS(=O)(=O)N[C@@H](Cc1cc(cc(c1)F)F)C(=O)O,https://www.rcsb.org/ligand/A1ECL
条件候选,A1ECM,"(2S)-3,3-dimethyl-2-(methylsulfonylamino)butanoic acid",C7 H15 N O4 S,209.263,l-peptide linking,VAL,极性／带电侧链,保留为条件候选；是否有价值取决于具体位点、保护策略和整环性质,以极性/带电特征为主，不宜默认用于提高被动渗透性,是,CC(C)(C)[C@@H](C(=O)O)NS(=O)(=O)C,https://www.rcsb.org/ligand/A1ECM
优先研发候选,A1EDD,N-METHYLSULFONYL-D-LYSINE,C7 H16 N2 O4 S,224.278,d-peptide linking,DLY,N-取代,属于N-取代方向，可用于口服环肽的构象/稳定性/主链极性扫描；CCD给出标准母体残基，便于设计成对替换实验,,是,CS(=O)(=O)N[C@H](CCCCN)C(=O)O,https://www.rcsb.org/ligand/A1EDD
明确排除,A1EFT,"(2~{S})-2-azanyl-5-[[(5~{R})-5-[4-[[9-chloranyl-7-(2-fluoranyl-6-methoxy-phenyl)-5~{H}-pyrimido[5,4-d][2]benzazepin-2-yl]amino]-2-methoxy-phenyl]-4-oxidanylidene-1,5-dihydroimidazol-2-yl]amino]pentanoic acid",C34 H32 Cl F N8 O5,687.12,l-peptide linking,ARG,芳香／疏水侧链,分子量超过450 Da，优先视为复杂整分子而非通用残基,,否,COc1cccc(c1C2=NCc3cnc(nc3-c4c2cc(cc4)Cl)Nc5ccc(c(c5)OC)[C@@H]6C(=O)N=C(N6)NCCC[C@@H](C(=O)O)N)F,https://www.rcsb.org/ligand/A1EFT
明确排除,A1EG1,(2~{S})-2-azanyl-6-[(1~{S})-3-azanylidene-6-[[4-[4-[(3-cyclopropyl-1~{H}-pyrazol-5-yl)amino]-6-(prop-2-ynylcarbamoyl)pyrimidin-2-yl]piperazin-1-yl]methyl]-1-oxidanyl-1~{H}-isoindol-2-yl]hexanoic acid,C33 H41 N11 O4,655.75,l-peptide linking,LYS,构象限制,分子量超过450 Da，优先视为复杂整分子而非通用残基,,否,[H]/N=C\1/c2ccc(cc2[C@@H](N1CCCC[C@@H](C(=O)O)N)O)CN3CCN(CC3)c4nc(cc(n4)Nc5cc(n[nH]5)C6CC6)C(=O)NCC#C,https://www.rcsb.org/ligand/A1EG1
条件候选,A1EIC,O-Methylcarbamoyl-L-Serine,C5 H10 N2 O4,162.144,l-peptide linking,SER,极性／带电侧链,保留为条件候选；是否有价值取决于具体位点、保护策略和整环性质,以极性/带电特征为主，不宜默认用于提高被动渗透性,是,CNC(=O)OC[C@@H](C(=O)O)N,https://www.rcsb.org/ligand/A1EIC
仅结构参考,A1EIU,"(2~{S})-2-azanyl-6-[(~{E})-[7-methyl-2,4-bis(oxidanyl)-5-oxidanylidene-cyclohepta-1,3,6-trien-1-yl]methylideneamino]hexanoic acid",C15 H20 N2 O5,308.33,l-peptide linking,LYS,构象限制,结构身份可保留，但复杂度、反应性或极性风险不适合进入默认研发库,分子量超过300 Da，单体复杂度和环肽总分子量负担较高,是,CC1=CC(=O)C(=CC(=C1/C=N/CCCC[C@@H](C(=O)O)N)O)O,https://www.rcsb.org/ligand/A1EIU
仅结构参考,A1EJ1,"(2~{S})-6-[(~{E})-[(2~{S},3~{R},4~{S},5~{R})-2-acetamido-3,4,5,6-tetrakis(oxidanyl)hexylidene]amino]-2-azanyl-hexanoic acid",C14 H27 N3 O7,349.38,l-peptide linking,LYS,极性／带电侧链,结构身份可保留，但复杂度、反应性或极性风险不适合进入默认研发库,分子量超过300 Da，单体复杂度和环肽总分子量负担较高；杂原子较多，可能增加暴露极性和去溶剂化代价；以极性/带电特征为主，不宜默认用于提高被动渗透性,是,CC(=O)N[C@@H](/C=N/CCCC[C@@H](C(=O)O)N)[C@H]([C@@H]([C@@H](CO)O)O)O,https://www.rcsb.org/ligand/A1EJ1
条件候选,A1EJ4,(2~{S})-6-[(~{E})-2-acetamidoethylideneamino]-2-azanyl-hexanoic acid,C10 H19 N3 O3,229.276,l-peptide linking,LYS,极性／带电侧链,保留为条件候选；是否有价值取决于具体位点、保护策略和整环性质,以极性/带电特征为主，不宜默认用于提高被动渗透性,是,CC(=O)NC/C=N/CCCC[C@@H](C(=O)O)N,https://www.rcsb.org/ligand/A1EJ4
优先研发候选,A1EJL,"(3R)-1,2,3,4-tetrahydroisoquinoline-3-carboxylic acid",C10 H11 N O2,177.2,d-peptide linking,,D-构型,属于D-构型方向，可用于口服环肽的构象/稳定性/主链极性扫描,CCD未指定标准氨基酸母体，需确认它是独立残基而非氨基酸样片段,是,c1ccc2c(c1)C[C@@H](NC2)C(=O)O,https://www.rcsb.org/ligand/A1EJL
明确排除,A1EJR,(2S)-2-azanyl-6-[6-[[(2R)-1-[4-[2-[3-bromanyl-2-(2-hydroxy-2-oxoethyloxy)-5-methyl-phenyl]ethynyl]phenyl]-4-(methylamino)-4-oxidanylidene-butan-2-yl]carbamoyl]-3-oxidanylidene-1H-indazol-2-yl]hexanoic acid,C36 H38 Br N5 O8,748.62,l-peptide linking,LYS,芳香／疏水侧链,分子量超过450 Da，优先视为复杂整分子而非通用残基,,否,Cc1cc(c(c(c1)Br)OCC(=O)O)C#Cc2ccc(cc2)C[C@H](CC(=O)NC)NC(=O)c3ccc4c(c3)NN(C4=O)CCCC[C@@H](C(=O)O)N,https://www.rcsb.org/ligand/A1EJR
明确排除,A1EJS,"(2S)-2-azanyl-6-[[2-[[4-[(5-fluoranyl-2-methoxycarbonyl-phenyl)amino]-2-[[3-(1-methylimidazol-2-yl)phenyl]methylamino]pyrimidin-5-yl]amino]-3,4-bis(oxidanylidene)cyclobuten-1-yl]amino]hexanoic acid",C33 H34 F N9 O6,671.678,l-peptide linking,LYS,构象限制,分子量超过450 Da，优先视为复杂整分子而非通用残基,,否,Cn1ccnc1c2cccc(c2)CNc3ncc(c(n3)Nc4cc(ccc4C(=O)OC)F)NC5=C(C(=O)C5=O)NCCCC[C@@H](C(=O)O)N,https://www.rcsb.org/ligand/A1EJS
明确排除,A1EJT,"(2~{S})-6-[(~{E})-[(2~{S},3~{S},4~{R})-5-[[[(2~{R},3~{S},4~{R},5~{R})-5-(6-aminopurin-9-yl)-3,4-bis(oxidanyl)oxolan-2-yl]methoxy-oxidanyl-phosphoryl]oxy-oxidanyl-phosphoryl]oxy-2,3,4-tris(oxidanyl)pentylidene]amino]-2-azanyl-hexanoic acid",C21 H35 N7 O15 P2,687.488,l-peptide linking,LYS,芳香／疏水侧链,分子量超过450 Da，优先视为复杂整分子而非通用残基,,否,c1nc(c2c(n1)n(cn2)[C@H]3[C@@H]([C@@H]([C@H](O3)COP(=O)(O)OP(=O)(O)OC[C@H]([C@H]([C@H](/C=N/CCCC[C@@H](C(=O)O)N)O)O)O)O)O)N,https://www.rcsb.org/ligand/A1EJT
仅结构参考,A1EJZ,"(2~{S})-6-[(~{E})-[(2~{S},3~{R},4~{R},5~{R})-2-acetamido-3,4,5,6-tetrakis(oxidanyl)hexylidene]amino]-2-azanyl-hexanoic acid",C14 H27 N3 O7,349.38,l-peptide linking,LYS,极性／带电侧链,结构身份可保留，但复杂度、反应性或极性风险不适合进入默认研发库,分子量超过300 Da，单体复杂度和环肽总分子量负担较高；杂原子较多，可能增加暴露极性和去溶剂化代价；以极性/带电特征为主，不宜默认用于提高被动渗透性,是,CC(=O)N[C@@H](/C=N/CCCC[C@@H](C(=O)O)N)[C@H]([C@H]([C@@H](CO)O)O)O,https://www.rcsb.org/ligand/A1EJZ
明确排除,A1EMP,"(2~{S})-2-azanyl-6-[(1~{S})-7-[6-(3,5-dimethyl-1,2-oxazol-4-yl)-1-[(1~{S})-1-pyridin-2-ylethyl]pyrrolo[3,2-b]pyridin-3-yl]-3-methylidene-1-oxidanyl-1~{H}-isoindol-2-yl]hexanoic acid",C34 H36 N6 O4,592.687,l-peptide linking,LYS,芳香／疏水侧链,分子量超过450 Da，优先视为复杂整分子而非通用残基,,否,Cc1c(c(on1)C)c2cc3c(c(cn3[C@@H](C)c4ccccn4)c5cccc6c5[C@@H](N(C6=C)CCCC[C@@H](C(=O)O)N)O)nc2,https://www.rcsb.org/ligand/A1EMP
优先研发候选,A1EQM,O-Ethyl-D-tyrosine,C11 H15 N O3,209.242,d-peptide linking,DTY,D-构型,属于D-构型方向，可用于口服环肽的构象/稳定性/主链极性扫描；CCD给出标准母体残基，便于设计成对替换实验,,是,CCOc1ccc(cc1)C[C@H](C(=O)O)N,https://www.rcsb.org/ligand/A1EQM
条件候选,A1ER5,(2~{S})-2-azanyl-4-oxidanylidene-4-[(2~{R})-1-oxidanyl-1-oxidanylidene-3-phenyl-propan-2-yl]oxy-butanoic acid,C13 H15 N O6,281.261,l-peptide linking,ASP,芳香／疏水侧链,保留为条件候选；是否有价值取决于具体位点、保护策略和整环性质,分子量超过250 Da，需关注偶联效率、溶解度和总环肽体积,是,c1ccc(cc1)C[C@H](C(=O)O)OC(=O)C[C@@H](C(=O)O)N,https://www.rcsb.org/ligand/A1ER5
条件候选,A1EUR,(2~{S})-2-azanyl-4-methoxy-butanoic acid,C5 H11 N O3,133.146,l-peptide linking,ALA,极性／带电侧链,保留为条件候选；是否有价值取决于具体位点、保护策略和整环性质,以极性/带电特征为主，不宜默认用于提高被动渗透性,是,COCC[C@@H](C(=O)O)N,https://www.rcsb.org/ligand/A1EUR
仅结构参考,A1EYP,"(2S)-2-azanyl-6-[[(1S,4R,5S)-4-methyl-5-(nitromethyl)-4-phenyl-cyclohex-2-en-1-yl]amino]hexanoic acid",C20 H29 N3 O4,375.462,l-peptide linking,LYS,构象限制,结构身份可保留，但复杂度、反应性或极性风险不适合进入默认研发库,分子量超过300 Da，单体复杂度和环肽总分子量负担较高,是,C[C@]1(C=C[C@H](C[C@@H]1C[N+](=O)[O-])NCCCC[C@@H](C(=O)O)N)c2ccccc2,https://www.rcsb.org/ligand/A1EYP
条件候选,A1H2H,(2~{S})-2-azanyl-3-(3-fluoranyl-4-nitro-phenyl)propanoic acid,C9 H9 F N2 O4,228.177,l-peptide linking,PHE,芳香／疏水侧链,保留为条件候选；是否有价值取决于具体位点、保护策略和整环性质,,是,c1cc(c(cc1C[C@@H](C(=O)O)N)F)[N+](=O)[O-],https://www.rcsb.org/ligand/A1H2H
条件候选,A1H2I,"(2~{S})-2-azanyl-3-[(3~{S})-5-oxidanyl-2-oxidanylidene-1,3-dihydroindol-3-yl]propanoic acid",C11 H12 N2 O4,236.224,l-peptide linking,TRP,芳香／疏水侧链,保留为条件候选；是否有价值取决于具体位点、保护策略和整环性质,,是,c1cc2c(cc1O)[C@@H](C(=O)N2)C[C@@H](C(=O)O)N,https://www.rcsb.org/ligand/A1H2I
条件候选,A1H45,"(2~{S})-2-azanyl-3-[(3~{R})-5-oxidanyl-2-oxidanylidene-1,3-dihydroindol-3-yl]propanoic acid",C11 H12 N2 O4,236.224,l-peptide linking,TRP,芳香／疏水侧链,保留为条件候选；是否有价值取决于具体位点、保护策略和整环性质,,是,c1cc2c(cc1O)[C@H](C(=O)N2)C[C@@H](C(=O)O)N,https://www.rcsb.org/ligand/A1H45
条件候选,A1H5N,2-Imino-2-phenylethanol-lysine,C14 H20 N2 O3,264.32,l-peptide linking,LYS,芳香／疏水侧链,保留为条件候选；是否有价值取决于具体位点、保护策略和整环性质,分子量超过250 Da，需关注偶联效率、溶解度和总环肽体积,是,c1ccc(cc1)/C(=N\CCCC[C@@H](C(=O)O)N)/CO,https://www.rcsb.org/ligand/A1H5N
条件候选,A1H5W,3-azido-L-alanine,C3 H7 N4 O2,131.113,l-peptide linking,ALA,极性／带电侧链,保留为条件候选；是否有价值取决于具体位点、保护策略和整环性质,以极性/带电特征为主，不宜默认用于提高被动渗透性,是,C([C@@H](C(=O)O)N)N=[N+]=N,https://www.rcsb.org/ligand/A1H5W
仅结构参考,A1H6Z,(2~{S})-2-azanyl-3-(6-azanylpyridin-3-yl)propanal,C8 H11 N3 O2,181.192,l-peptide linking,,芳香／疏水侧链,结构身份可保留，但复杂度、反应性或极性风险不适合进入默认研发库,名称提示反应性官能团或中间体，需要确认能否承受偶联和脱保护条件；CCD未指定标准氨基酸母体，需确认它是独立残基而非氨基酸样片段,是,c1cc(ncc1C[C@@H](C(=O)O)N)N,https://www.rcsb.org/ligand/A1H6Z
条件候选,A1H96,(2~{S})-2-azanyl-6-(propan-2-ylcarbamothioylamino)hexanoic acid,C10 H21 N3 O2 S,247.358,l-peptide linking,LYS,极性／带电侧链,保留为条件候选；是否有价值取决于具体位点、保护策略和整环性质,以极性/带电特征为主，不宜默认用于提高被动渗透性,是,CC(C)NC(=S)NCCCC[C@@H](C(=O)O)N,https://www.rcsb.org/ligand/A1H96
条件候选,A1I48,"(2~{S},3~{R})-2-azanyl-3-[(1~{R},2~{S})-2-azanyl-4-methyl-1-oxidanyl-pentoxy]butanal",C10 H22 N2 O4,234.293,l-peptide linking,,极性／带电侧链,保留为条件候选；是否有价值取决于具体位点、保护策略和整环性质,CCD未指定标准氨基酸母体，需确认它是独立残基而非氨基酸样片段；以极性/带电特征为主，不宜默认用于提高被动渗透性,是,C[C@H]([C@@H](C(=O)O)N)O[C@H]([C@H](CC(C)C)N)O,https://www.rcsb.org/ligand/A1I48
条件候选,A1I4F,(2S)-4-(3-chlorophenyl)carbonylpiperazine-2-carboxylic acid,C12 H13 Cl N2 O3,268.696,l-peptide linking,,卤代／电子调节,保留为条件候选；是否有价值取决于具体位点、保护策略和整环性质,分子量超过250 Da，需关注偶联效率、溶解度和总环肽体积；CCD未指定标准氨基酸母体，需确认它是独立残基而非氨基酸样片段,是,c1cc(cc(c1)Cl)C(=O)N2CCN[C@@H](C2)C(=O)O,https://www.rcsb.org/ligand/A1I4F
条件候选,A1I67,"(2~{R},3~{S},6~{R},7~{S})-7-[(1~{S})-1-azanyl-3-methyl-butyl]-2,6-dimethyl-6,7-bis(oxidanyl)-1,4-oxazepane-3-carbaldehyde",C13 H26 N2 O5,290.356,l-peptide linking,,极性／带电侧链,保留为条件候选；是否有价值取决于具体位点、保护策略和整环性质,分子量超过250 Da，需关注偶联效率、溶解度和总环肽体积；CCD未指定标准氨基酸母体，需确认它是独立残基而非氨基酸样片段；以极性/带电特征为主，不宜默认用于提高被动渗透性,是,C[C@@H]1[C@H](NC[C@@]([C@@](O1)([C@H](CC(C)C)N)O)(C)O)C(=O)O,https://www.rcsb.org/ligand/A1I67
仅结构参考,A1I8Q,2-[3-[2-[3-(methylamino)propylsulfanylmethyl]prop-2-enylsulfanylmethyl]phenyl]ethanoic acid,C17 H25 N O2 S2,339.516,l-peptide linking,,芳香／疏水侧链,结构身份可保留，但复杂度、反应性或极性风险不适合进入默认研发库,分子量超过300 Da，单体复杂度和环肽总分子量负担较高；CCD未指定标准氨基酸母体，需确认它是独立残基而非氨基酸样片段,是,CNCCCSCC(=C)CSCc1cccc(c1)CC(=O)O,https://www.rcsb.org/ligand/A1I8Q
条件候选,A1I9G,3(S)-methyl-histidine,C7 H11 N3 O2,169.181,l-peptide linking,HIS,芳香／疏水侧链,保留为条件候选；是否有价值取决于具体位点、保护策略和整环性质,,是,C[C@@H](c1cnc[nH]1)[C@@H](C(=O)O)N,https://www.rcsb.org/ligand/A1I9G
仅结构参考,A1I9P,8-azanyl-4-[2-(2-methoxyethoxy)ethylsulfanyl]quinoline-2-carbaldehyde,C15 H18 N2 O4 S,322.379,l-peptide linking,,芳香／疏水侧链,结构身份可保留，但复杂度、反应性或极性风险不适合进入默认研发库,分子量超过300 Da，单体复杂度和环肽总分子量负担较高；CCD未指定标准氨基酸母体，需确认它是独立残基而非氨基酸样片段,是,COCCOCCSc1cc(nc2c1cccc2N)C(=O)O,https://www.rcsb.org/ligand/A1I9P
条件候选,A1I9S,7-azanyl-4-(3-azanylpropoxy)-8-methoxy-quinoline-2-carboxylic acid,C14 H17 N3 O4,291.302,l-peptide linking,,芳香／疏水侧链,保留为条件候选；是否有价值取决于具体位点、保护策略和整环性质,分子量超过250 Da，需关注偶联效率、溶解度和总环肽体积；CCD未指定标准氨基酸母体，需确认它是独立残基而非氨基酸样片段,是,COc1c(ccc2c1nc(cc2OCCCN)C(=O)O)N,https://www.rcsb.org/ligand/A1I9S
条件候选,A1ICB,"(2S,4S)-4-[(2-chloranyl-5-methyl-phenyl)carbonylamino]pyrrolidine-2-carboxylic acid",C13 H15 Cl N2 O3,282.723,l-peptide linking,PRO,芳香／疏水侧链,保留为条件候选；是否有价值取决于具体位点、保护策略和整环性质,分子量超过250 Da，需关注偶联效率、溶解度和总环肽体积,是,Cc1ccc(c(c1)C(=O)N[C@H]2C[C@H](NC2)C(=O)O)Cl,https://www.rcsb.org/ligand/A1ICB
条件候选,A1ICC,"(2S,4S)-4-(isoquinolin-1-ylcarbonylamino)pyrrolidine-2-carboxylic acid",C15 H15 N3 O3,285.298,l-peptide linking,PRO,芳香／疏水侧链,保留为条件候选；是否有价值取决于具体位点、保护策略和整环性质,分子量超过250 Da，需关注偶联效率、溶解度和总环肽体积,是,c1ccc2c(c1)ccnc2C(=O)N[C@H]3C[C@H](NC3)C(=O)O,https://www.rcsb.org/ligand/A1ICC
条件候选,A1IHG,(S)-2-amino-3-(9-oxo-9H-thioxanthen-2-yl)propanoic acid,C16 H13 N O3 S,299.344,l-peptide linking,PHE,芳香／疏水侧链,保留为条件候选；是否有价值取决于具体位点、保护策略和整环性质,分子量超过250 Da，需关注偶联效率、溶解度和总环肽体积,是,c1ccc2c(c1)C(=O)c3cc(ccc3S2)C[C@@H](C(=O)O)N,https://www.rcsb.org/ligand/A1IHG
条件候选,A1IID,4-mercaptophenyl-alanine,C9 H11 N O2 S,197.254,l-peptide linking,ALA,芳香／疏水侧链,保留为条件候选；是否有价值取决于具体位点、保护策略和整环性质,,是,c1cc(ccc1C[C@@H](C(=O)O)N)S,https://www.rcsb.org/ligand/A1IID
条件候选,A1IJ4,4-[3-(aminomethyl)phenoxy]butylcarbamic acid,C12 H18 N2 O3,238.283,l-peptide linking,,芳香／疏水侧链,保留为条件候选；是否有价值取决于具体位点、保护策略和整环性质,CCD未指定标准氨基酸母体，需确认它是独立残基而非氨基酸样片段,是,c1cc(cc(c1)OCCCCNC(=O)O)CN,https://www.rcsb.org/ligand/A1IJ4
仅结构参考,A1IJE,"(4~{S})-4-azanyl-4-[1-(2-hydroxy-2-oxoethyl)-5-oxidanylidene-4-[(4-oxidanylidenecyclohexa-2,5-dien-1-ylidene)methyl]-4~{H}-imidazol-2-yl]butanoic acid",C16 H17 N3 O6,347.323,l-peptide linking,,构象限制,结构身份可保留，但复杂度、反应性或极性风险不适合进入默认研发库,分子量超过300 Da，单体复杂度和环肽总分子量负担较高；CCD未指定标准氨基酸母体，需确认它是独立残基而非氨基酸样片段,是,C1=CC(=O)C=CC1=CC2C(=O)N(C(=N2)[C@H](CCC(=O)O)N)CC(=O)O,https://www.rcsb.org/ligand/A1IJE
条件候选,A1IJF,2-[(4Z)-2-(aminomethyl)-4-[(3-azanyl-4-oxidanyl-phenyl)methylidene]-5-oxidanylidene-imidazol-1-yl]ethanoic acid,C13 H14 N4 O4,290.275,l-peptide linking,GLY / TY2,芳香／疏水侧链,保留为条件候选；是否有价值取决于具体位点、保护策略和整环性质,分子量超过250 Da，需关注偶联效率、溶解度和总环肽体积,是,c1cc(c(cc1/C=C\2/C(=O)N(C(=N2)CN)CC(=O)O)N)O,https://www.rcsb.org/ligand/A1IJF
条件候选,A1IJP,8-azanyl-5-(2-phenylethyl)quinoline-2-carbaldehyde,C18 H16 N2 O2,292.332,l-peptide linking,,芳香／疏水侧链,保留为条件候选；是否有价值取决于具体位点、保护策略和整环性质,分子量超过250 Da，需关注偶联效率、溶解度和总环肽体积；CCD未指定标准氨基酸母体，需确认它是独立残基而非氨基酸样片段,是,c1ccc(cc1)CCc2ccc(c3c2ccc(n3)C(=O)O)N,https://www.rcsb.org/ligand/A1IJP
条件候选,A1IJQ,8-azanylquinoline-2-carboxylic acid,C10 H8 N2 O2,188.183,l-peptide linking,,芳香／疏水侧链,保留为条件候选；是否有价值取决于具体位点、保护策略和整环性质,CCD未指定标准氨基酸母体，需确认它是独立残基而非氨基酸样片段,是,c1cc2ccc(nc2c(c1)N)C(=O)O,https://www.rcsb.org/ligand/A1IJQ
条件候选,A1IKE,(2~{S})-2-(2-azanylphenoxy)propanoic acid,C9 H11 N O3,181.189,l-peptide linking,,芳香／疏水侧链,保留为条件候选；是否有价值取决于具体位点、保护策略和整环性质,CCD未指定标准氨基酸母体，需确认它是独立残基而非氨基酸样片段,是,C[C@@H](C(=O)O)Oc1ccccc1N,https://www.rcsb.org/ligand/A1IKE
仅结构参考,A1IKP,TRIPHOSPHOSERINE,C3 H10 N O12 P3,345.032,l-peptide linking,SER,极性／带电侧链,结构身份可保留，但复杂度、反应性或极性风险不适合进入默认研发库,分子量超过300 Da，单体复杂度和环肽总分子量负担较高；杂原子较多，可能增加暴露极性和去溶剂化代价；含磷酸/膦酸相关结构，通常不利于被动跨膜，除非有专门遮蔽设计；以极性/带电特征为主，不宜默认用于提高被动渗透性,是,C([C@@H](C(=O)O)N)OP(=O)(O)OP(=O)(O)OP(=O)(O)O,https://www.rcsb.org/ligand/A1IKP
优先研发候选,A1IM3,(3~{R})-3-azanyl-4-(1~{H}-indol-3-yl)butanal,C12 H14 N2 O2,218.252,d-peptide linking,,D-构型,属于D-构型方向，可用于口服环肽的构象/稳定性/主链极性扫描,CCD未指定标准氨基酸母体，需确认它是独立残基而非氨基酸样片段,是,c1ccc2c(c1)c(c[nH]2)C[C@H](CC(=O)O)N,https://www.rcsb.org/ligand/A1IM3
明确排除,A1IM8,(2~{R})-2-azanyl-~{N}-methyl-3-pyridin-4-yl-propanamide,C9 H13 N3 O,179.219,d-peptide linking,,D-构型,结构中未识别到可用于常规肽键形成的游离羧基,,否,CNC(=O)[C@@H](Cc1ccncc1)N,https://www.rcsb.org/ligand/A1IM8
明确排除,A1IMX,"4-[2-[1-[3-[3-(aminomethyl)phenoxy]propyl]-1,2,3-triazol-4-yl]ethoxy]-8-azanyl-quinoline-2-carboxylic acid",C24 H26 N6 O4,462.501,l-peptide linking,,芳香／疏水侧链,分子量超过450 Da，优先视为复杂整分子而非通用残基,,否,c1cc(cc(c1)OCCCn2cc(nn2)CCOc3cc(nc4c3cccc4N)C(=O)O)CN,https://www.rcsb.org/ligand/A1IMX
条件候选,A1IPL,para-boronophenylalanine,C9 H13 B N O5,226.014,l-peptide linking,PHE,芳香／疏水侧链,保留为条件候选；是否有价值取决于具体位点、保护策略和整环性质,,是,B(c1ccc(cc1)C[C@@H](C(=O)O)N)(O)(O)O,https://www.rcsb.org/ligand/A1IPL
条件候选,A1IQX,NE2-acetamide-histidine,C8 H12 N4 O3,212.206,l-peptide linking,HIS,芳香／疏水侧链,保留为条件候选；是否有价值取决于具体位点、保护策略和整环性质,,是,c1c(ncn1CC(=O)N)C[C@@H](C(=O)O)N,https://www.rcsb.org/ligand/A1IQX
条件候选,A1IU4,8-(carboxyamino)-4-oxidanyl-quinoline-2-carboxylic acid,C11 H8 N2 O5,248.192,peptide linking,,芳香／疏水侧链,保留为条件候选；是否有价值取决于具体位点、保护策略和整环性质,CCD仅标为通用peptide linking，需确认真实主链连接几何；CCD未指定标准氨基酸母体，需确认它是独立残基而非氨基酸样片段,是,c1cc2c(cc(nc2c(c1)NC(=O)O)C(=O)O)O,https://www.rcsb.org/ligand/A1IU4
条件候选,A1IUO,"(2~{S})-2-[2-azanyl-4-(2,3-dihydro-1~{H}-inden-2-yl)phenoxy]propanoic acid",C18 H19 N O3,297.348,l-peptide linking,,芳香／疏水侧链,保留为条件候选；是否有价值取决于具体位点、保护策略和整环性质,分子量超过250 Da，需关注偶联效率、溶解度和总环肽体积；CCD未指定标准氨基酸母体，需确认它是独立残基而非氨基酸样片段,是,C[C@@H](C(=O)O)Oc1ccc(cc1N)C2Cc3ccccc3C2,https://www.rcsb.org/ligand/A1IUO
仅结构参考,A1JAK,2-[3-[[2-oxidanylidene-3-(piperidin-4-ylmethylsulfanyl)propyl]sulfanylmethyl]phenyl]ethanoic acid,C18 H25 N O3 S2,367.526,l-peptide linking,,芳香／疏水侧链,结构身份可保留，但复杂度、反应性或极性风险不适合进入默认研发库,分子量超过300 Da，单体复杂度和环肽总分子量负担较高；CCD未指定标准氨基酸母体，需确认它是独立残基而非氨基酸样片段,是,c1cc(cc(c1)CSCC(=O)CSCC2CCNCC2)CC(=O)O,https://www.rcsb.org/ligand/A1JAK
优先研发候选,A1JAL,(2S)-4-cyclohexylcarbonylpiperazine-2-carboxylic acid,C12 H20 N2 O3,240.299,l-peptide linking,,构象限制,属于构象限制方向，可用于口服环肽的构象/稳定性/主链极性扫描,CCD未指定标准氨基酸母体，需确认它是独立残基而非氨基酸样片段,是,C1CCC(CC1)C(=O)N2CCN[C@@H](C2)C(=O)O,https://www.rcsb.org/ligand/A1JAL
条件候选,A1JCN,(2~{S})-2-azanyl-3-[3-methyl-1-[(1~{S})-2-methylidene-3-oxidanylidene-cyclohexyl]imidazol-4-yl]propanoic acid,C14 H20 N3 O3,278.327,l-peptide linking,HIS,构象限制,保留为条件候选；是否有价值取决于具体位点、保护策略和整环性质,分子量超过250 Da，需关注偶联效率、溶解度和总环肽体积,是,Cn1c[n+](cc1C[C@@H](C(=O)O)N)[C@H]2CCCC(=O)C2=C,https://www.rcsb.org/ligand/A1JCN
条件候选,A1JND,"2-[4-(1H-1,2,3-triazol-4-yl)butylamino]ethanoic acid",C8 H14 N4 O2,198.222,l-peptide linking,,芳香／疏水侧链,保留为条件候选；是否有价值取决于具体位点、保护策略和整环性质,CCD未指定标准氨基酸母体，需确认它是独立残基而非氨基酸样片段,是,c1c(nn[nH]1)CCCCNCC(=O)O,https://www.rcsb.org/ligand/A1JND
条件候选,A1JNL,"(2~{S})-2-[3-(1~{H}-1,2,3-triazol-4-yl)propylamino]butanoic acid",C9 H16 N4 O2,212.249,l-peptide linking,ALA,芳香／疏水侧链,保留为条件候选；是否有价值取决于具体位点、保护策略和整环性质,,是,CC[C@@H](C(=O)O)NCCCc1c[nH]nn1,https://www.rcsb.org/ligand/A1JNL
条件候选,A1JNX,"2-[2-(1~{H}-1,2,3-triazol-4-yl)ethylamino]ethanoic acid",C6 H10 N4 O2,170.169,l-peptide linking,,芳香／疏水侧链,保留为条件候选；是否有价值取决于具体位点、保护策略和整环性质,CCD未指定标准氨基酸母体，需确认它是独立残基而非氨基酸样片段,是,c1c(nn[nH]1)CCNCC(=O)O,https://www.rcsb.org/ligand/A1JNX
条件候选,A1JPL,(3R)-4-amino-3-thiobutyric acid,C4 H9 N O2 S,135.185,l-peptide linking,,其他CCD肽链核心,保留为条件候选；是否有价值取决于具体位点、保护策略和整环性质,CCD未指定标准氨基酸母体，需确认它是独立残基而非氨基酸样片段,是,C([C@H](CN)S)C(=O)O,https://www.rcsb.org/ligand/A1JPL
条件候选,A1JPT,(3S)-4-amino-3-thiobutyric acid,C4 H9 N O2 S,135.185,l-peptide linking,,其他CCD肽链核心,保留为条件候选；是否有价值取决于具体位点、保护策略和整环性质,CCD未指定标准氨基酸母体，需确认它是独立残基而非氨基酸样片段,是,C([C@@H](CN)S)C(=O)O,https://www.rcsb.org/ligand/A1JPT
条件候选,A1JWF,2-Tellurophenealanine,C7 H9 N O2 Te,266.752,l-peptide linking,,其他CCD肽链核心,保留为条件候选；是否有价值取决于具体位点、保护策略和整环性质,分子量超过250 Da，需关注偶联效率、溶解度和总环肽体积；CCD未指定标准氨基酸母体，需确认它是独立残基而非氨基酸样片段,是,C1=C[Te]C(=C1)C[C@@H](C(=O)O)N,https://www.rcsb.org/ligand/A1JWF
条件候选,A1L2U,1-(6-azanylhexanoyl)pyrrolidine-2-carboxylic acid,C11 H20 N2 O3,228.288,l-peptide linking,PRO,极性／带电侧链,保留为条件候选；是否有价值取决于具体位点、保护策略和整环性质,以极性/带电特征为主，不宜默认用于提高被动渗透性,是,C1CC(N(C1)C(=O)CCCCCN)C(=O)O,https://www.rcsb.org/ligand/A1L2U
条件候选,A1L3I,(2~{S})-3-methyl-2-(methylamino)-3-oxidanyl-butanoic acid,C6 H13 N O3,147.172,l-peptide linking,,极性／带电侧链,保留为条件候选；是否有价值取决于具体位点、保护策略和整环性质,CCD未指定标准氨基酸母体，需确认它是独立残基而非氨基酸样片段；以极性/带电特征为主，不宜默认用于提高被动渗透性,是,CC(C)([C@@H](C(=O)O)NC)O,https://www.rcsb.org/ligand/A1L3I
条件候选,A1L4B,(2S)-2-azanyl-5-nitroso-5-oxidanylidene-pentanoic acid,C5 H8 N2 O4,160.128,l-peptide linking,GLN,极性／带电侧链,保留为条件候选；是否有价值取决于具体位点、保护策略和整环性质,以极性/带电特征为主，不宜默认用于提高被动渗透性,是,C(CC(=O)N=O)[C@@H](C(=O)O)N,https://www.rcsb.org/ligand/A1L4B
条件候选,A1L4D,(2~{S})-2-benzamido-3-phenyl-propanoic acid,C16 H15 N O3,269.295,l-peptide linking,PHE,芳香／疏水侧链,保留为条件候选；是否有价值取决于具体位点、保护策略和整环性质,分子量超过250 Da，需关注偶联效率、溶解度和总环肽体积,是,c1ccc(cc1)C[C@@H](C(=O)O)NC(=O)c2ccccc2,https://www.rcsb.org/ligand/A1L4D
仅结构参考,A1L7E,(2~{S})-2-azanyl-3-(7-iodanyl-1~{H}-indol-3-yl)propanoic acid,C11 H11 I N2 O2,330.122,l-peptide linking,TRP,芳香／疏水侧链,结构身份可保留，但复杂度、反应性或极性风险不适合进入默认研发库,分子量超过300 Da，单体复杂度和环肽总分子量负担较高,是,c1cc2c(c[nH]c2c(c1)I)C[C@@H](C(=O)O)N,https://www.rcsb.org/ligand/A1L7E
条件候选,A1L7K,(2~{S})-2-azanyl-3-[(3~{S})-2-oxidanylidenepiperidin-3-yl]propanoic acid,C8 H14 N2 O3,186.208,l-peptide linking,,极性／带电侧链,保留为条件候选；是否有价值取决于具体位点、保护策略和整环性质,CCD未指定标准氨基酸母体，需确认它是独立残基而非氨基酸样片段；以极性/带电特征为主，不宜默认用于提高被动渗透性,是,C1C[C@H](C(=O)NC1)C[C@@H](C(=O)O)N,https://www.rcsb.org/ligand/A1L7K
优先研发候选,A1L7L,(2~{S})-3-cyclobutyl-2-(methylamino)propanoic acid,C8 H15 N O2,157.21,l-peptide linking,,N-取代,属于N-取代方向，可用于口服环肽的构象/稳定性/主链极性扫描,CCD未指定标准氨基酸母体，需确认它是独立残基而非氨基酸样片段,是,CN[C@@H](CC1CCC1)C(=O)O,https://www.rcsb.org/ligand/A1L7L
优先研发候选,A1L7N,N-Methyl-L-norvaline,C6 H13 N O2,131.173,l-peptide linking,,N-取代,属于N-取代方向，可用于口服环肽的构象/稳定性/主链极性扫描,CCD未指定标准氨基酸母体，需确认它是独立残基而非氨基酸样片段,是,CCC[C@@H](C(=O)O)NC,https://www.rcsb.org/ligand/A1L7N
仅结构参考,A1L97,"(2~{S})-2-azanyl-3-[4-(4-pyridin-2-yl-1,2,3-triazol-1-yl)phenyl]propanoic acid",C16 H15 N5 O2,309.323,l-peptide linking,,芳香／疏水侧链,结构身份可保留，但复杂度、反应性或极性风险不适合进入默认研发库,分子量超过300 Da，单体复杂度和环肽总分子量负担较高；CCD未指定标准氨基酸母体，需确认它是独立残基而非氨基酸样片段,是,c1ccnc(c1)c2cn(nn2)c3ccc(cc3)C[C@@H](C(=O)O)N,https://www.rcsb.org/ligand/A1L97
优先研发候选,A1L9X,4-azanylpiperidine-4-carboxylic acid,C6 H12 N2 O2,144.172,l-peptide linking,,构象限制,属于构象限制方向，可用于口服环肽的构象/稳定性/主链极性扫描,CCD未指定标准氨基酸母体，需确认它是独立残基而非氨基酸样片段,是,C1CNCCC1(C(=O)O)N,https://www.rcsb.org/ligand/A1L9X
明确排除,A1LTQ,ADP-RIBOXANATED ARGININE,C21 H32 N8 O15 P2,698.471,l-peptide linking,ARG,极性／带电侧链,名称提示核苷酸、辅因子、脂质、完整肽或整分子缀合物；分子量超过450 Da，优先视为复杂整分子而非通用残基,,否,[H]/N=C/1\N(C2C(O1)C(C(O2)COP(=O)(O)OP(=O)(O)OCC3C(C(C(O3)n4cnc5c4ncnc5N)O)O)O)CCCC(C(=O)O)N,https://www.rcsb.org/ligand/A1LTQ
条件候选,A1LUD,S-METHYL-METHIONINE,C6 H14 N O2 S,164.246,l-peptide linking,MET,极性／带电侧链,保留为条件候选；是否有价值取决于具体位点、保护策略和整环性质,以极性/带电特征为主，不宜默认用于提高被动渗透性,是,C[S+](C)CCC(C(=O)O)N,https://www.rcsb.org/ligand/A1LUD
条件候选,A1LUT,(3R)-3-HYDROXY-ASPARAGINE,C4 H8 N2 O4,148.117,l-peptide linking,ASN,极性／带电侧链,保留为条件候选；是否有价值取决于具体位点、保护策略和整环性质,以极性/带电特征为主，不宜默认用于提高被动渗透性,是,C(C(C(=O)N)O)(C(=O)O)N,https://www.rcsb.org/ligand/A1LUT
条件候选,A1LUV,(5S)-5-HYDROXY-LYSINE,C6 H15 N2 O3,163.195,l-peptide linking,LYS,极性／带电侧链,保留为条件候选；是否有价值取决于具体位点、保护策略和整环性质,以极性/带电特征为主，不宜默认用于提高被动渗透性,是,C(CC(C(=O)O)N)C(C[NH3+])O,https://www.rcsb.org/ligand/A1LUV
条件候选,A1LWV,(2~{S})-2-azanyl-6-(5-oxidanylidenepentanoylamino)hexanoic acid,C11 H20 N2 O4,244.287,l-peptide linking,LYS,极性／带电侧链,保留为条件候选；是否有价值取决于具体位点、保护策略和整环性质,以极性/带电特征为主，不宜默认用于提高被动渗透性,是,C(CCNC(=O)CCCC=O)C[C@@H](C(=O)O)N,https://www.rcsb.org/ligand/A1LWV
仅结构参考,A1MB8,(2~{R})-2-[[2-methyl-3-oxidanyl-5-(phosphonooxymethyl)pyridin-4-yl]methylamino]-3-phenyl-propanoic acid,C17 H21 N2 O7 P,396.332,d-peptide linking,DPN,D-构型,结构身份可保留，但复杂度、反应性或极性风险不适合进入默认研发库,分子量超过300 Da，单体复杂度和环肽总分子量负担较高；杂原子较多，可能增加暴露极性和去溶剂化代价；含磷酸/膦酸相关结构，通常不利于被动跨膜，除非有专门遮蔽设计,是,Cc1c(c(c(cn1)COP(=O)(O)O)CN[C@H](Cc2ccccc2)C(=O)O)O,https://www.rcsb.org/ligand/A1MB8
条件候选,A1MCG,(2~{S})-2-azanyl-3-[4-(pyrimidin-2-ylamino)phenyl]propanoic acid,C13 H14 N4 O2,258.276,l-peptide linking,PHE,芳香／疏水侧链,保留为条件候选；是否有价值取决于具体位点、保护策略和整环性质,分子量超过250 Da，需关注偶联效率、溶解度和总环肽体积,是,c1cnc(nc1)Nc2ccc(cc2)C[C@@H](C(=O)O)N,https://www.rcsb.org/ligand/A1MCG
条件候选,A1MDN,"(~{Z},2~{S})-2-azanyl-2-methyl-oct-6-enoic acid",C9 H17 N O2,171.237,l-peptide linking,,其他CCD肽链核心,保留为条件候选；是否有价值取决于具体位点、保护策略和整环性质,CCD未指定标准氨基酸母体，需确认它是独立残基而非氨基酸样片段,是,C/C=C\CCC[C@@](C)(C(=O)O)N,https://www.rcsb.org/ligand/A1MDN
条件候选,A1MF6,(2~{S})-2-(aminomethyl)-4-methyl-pentanoic acid,C7 H15 N O2,145.199,l-peptide linking,LEU,其他CCD肽链核心,保留为条件候选；是否有价值取决于具体位点、保护策略和整环性质,,是,CC(C)C[C@@H](CN)C(=O)O,https://www.rcsb.org/ligand/A1MF6
条件候选,A1MFG,(2~{S})-2-azanyl-4-[3-fluoranyl-4-(trifluoromethyl)phenyl]butanoic acid,C11 H11 F4 N O2,265.204,l-peptide linking,,卤代／电子调节,保留为条件候选；是否有价值取决于具体位点、保护策略和整环性质,分子量超过250 Da，需关注偶联效率、溶解度和总环肽体积；CCD未指定标准氨基酸母体，需确认它是独立残基而非氨基酸样片段,是,c1cc(c(cc1CC[C@@H](C(=O)O)N)F)C(F)(F)F,https://www.rcsb.org/ligand/A1MFG
条件候选,A1MFI,(3~{R})-3-azanylbutanoic acid,C4 H9 N O2,103.12,peptide linking,,其他CCD肽链核心,保留为条件候选；是否有价值取决于具体位点、保护策略和整环性质,CCD仅标为通用peptide linking，需确认真实主链连接几何；CCD未指定标准氨基酸母体，需确认它是独立残基而非氨基酸样片段,是,C[C@H](CC(=O)O)N,https://www.rcsb.org/ligand/A1MFI
条件候选,A30,O-ethyl-L-tyrosine,C11 H15 N O3,209.242,l-peptide linking,TYR,芳香／疏水侧链,保留为条件候选；是否有价值取决于具体位点、保护策略和整环性质,,是,CCOc1ccc(cc1)C[C@@H](C(=O)O)N,https://www.rcsb.org/ligand/A30
条件候选,A3U,4-acetamido-L-phenylalanine,C11 H14 N2 O3,222.24,l-peptide linking,PHE,芳香／疏水侧链,保留为条件候选；是否有价值取决于具体位点、保护策略和整环性质,,是,CC(=O)Nc1ccc(cc1)C[C@@H](C(=O)O)N,https://www.rcsb.org/ligand/A3U
条件候选,A5N,O-carboxy-4-imino-L-homoserine,C5 H8 N2 O5,176.127,l-peptide linking,ASN,极性／带电侧链,保留为条件候选；是否有价值取决于具体位点、保护策略和整环性质,以极性/带电特征为主，不宜默认用于提高被动渗透性,是,[H]/N=C(\C[C@@H](C(=O)O)N)/OC(=O)O,https://www.rcsb.org/ligand/A5N
仅结构参考,A66,"N-(3,7-Diaminopurin-6-ylacetyl)-L-lysine",C15 H24 N8 O3,364.403,l-peptide linking,LYS,芳香／疏水侧链,结构身份可保留，但复杂度、反应性或极性风险不适合进入默认研发库,分子量超过300 Da，单体复杂度和环肽总分子量负担较高；杂原子较多，可能增加暴露极性和去溶剂化代价,是,c1nc(c2c(n1)n(cn2)CC(=O)N(CCN)[C@H](CCCCN)C(=O)O)N,https://www.rcsb.org/ligand/A66
条件候选,A8E,(2S)-2-amino-4-bromopent-4-enoic acid,C5 H8 Br N O2,194.027,l-peptide linking,VAL,卤代／电子调节,保留为条件候选；是否有价值取决于具体位点、保护策略和整环性质,,是,C=C(C[C@@H](C(=O)O)N)Br,https://www.rcsb.org/ligand/A8E
条件候选,AA4,2-AMINO-5-HYDROXYPENTANOIC ACID,C5 H11 N O3,133.146,l-peptide linking,ALA,极性／带电侧链,保留为条件候选；是否有价值取决于具体位点、保护策略和整环性质,以极性/带电特征为主，不宜默认用于提高被动渗透性,是,C(C[C@@H](C(=O)O)N)CO,https://www.rcsb.org/ligand/AA4
条件候选,AA6,"3-[4,5-DIHYDROXY-2-2-(2-HYDROXYETHYLAMINO)-PHENYL]-2-METHYLAMINO-PROPIONIC ACID",C11 H16 N2 O5,256.255,l-peptide linking,,芳香／疏水侧链,保留为条件候选；是否有价值取决于具体位点、保护策略和整环性质,分子量超过250 Da，需关注偶联效率、溶解度和总环肽体积；CCD未指定标准氨基酸母体，需确认它是独立残基而非氨基酸样片段,是,CN[C@@H](Cc1cc(c(cc1NCO)O)O)C(=O)O,https://www.rcsb.org/ligand/AA6
明确排除,AAR,ARGININEAMIDE,C6 H16 N5 O,174.224,l-peptide linking,ARG,极性／带电侧链,结构中未识别到可用于常规肽键形成的游离羧基,,否,C(C[C@@H](C(=O)N)N)CNC(=[NH2+])N,https://www.rcsb.org/ligand/AAR
条件候选,ABA,ALPHA-AMINOBUTYRIC ACID,C4 H9 N O2,103.12,l-peptide linking,ALA,其他CCD肽链核心,保留为条件候选；是否有价值取决于具体位点、保护策略和整环性质,,是,CC[C@@H](C(=O)O)N,https://www.rcsb.org/ligand/ABA
优先研发候选,AC5,1-AMINOCYCLOPENTANECARBOXYLIC ACID,C6 H11 N O2,129.157,peptide linking,,α位取代,属于α位取代方向，可用于口服环肽的构象/稳定性/主链极性扫描,CCD仅标为通用peptide linking，需确认真实主链连接几何；CCD未指定标准氨基酸母体，需确认它是独立残基而非氨基酸样片段,是,C1CCC(C1)(C(=O)O)N,https://www.rcsb.org/ligand/AC5
条件候选,ACA,6-AMINOHEXANOIC ACID,C6 H13 N O2,131.173,peptide linking,,其他CCD肽链核心,保留为条件候选；是否有价值取决于具体位点、保护策略和整环性质,CCD仅标为通用peptide linking，需确认真实主链连接几何；CCD未指定标准氨基酸母体，需确认它是独立残基而非氨基酸样片段,是,C(CCC(=O)O)CCN,https://www.rcsb.org/ligand/ACA
条件候选,ACB,3-METHYL-BETA-D-ASPARTIC ACID,C5 H9 N O4,147.129,"d-beta-peptide, c-gamma linking",,D-构型,保留为条件候选；是否有价值取决于具体位点、保护策略和整环性质,CCD未指定标准氨基酸母体，需确认它是独立残基而非氨基酸样片段,是,C[C@@H]([C@H](C(=O)O)N)C(=O)O,https://www.rcsb.org/ligand/ACB
仅结构参考,ADD,"2,6,8-TRIMETHYL-3-AMINO-9-BENZYL-9-METHOXYNONANOIC ACID",C20 H33 N O3,335.481,l-peptide linking,,芳香／疏水侧链,结构身份可保留，但复杂度、反应性或极性风险不适合进入默认研发库,分子量超过300 Da，单体复杂度和环肽总分子量负担较高；CCD未指定标准氨基酸母体，需确认它是独立残基而非氨基酸样片段,是,CC(CC[C@@H]([C@H](C)C(=O)O)N)C[C@H](C)[C@H](Cc1ccccc1)OC,https://www.rcsb.org/ligand/ADD
条件候选,AE5,N-[(2S)-2-amino-2-carboxyethyl]-L-glutamic acid,C8 H14 N2 O6,234.207,l-peptide linking,,极性／带电侧链,保留为条件候选；是否有价值取决于具体位点、保护策略和整环性质,CCD未指定标准氨基酸母体，需确认它是独立残基而非氨基酸样片段；以极性/带电特征为主，不宜默认用于提高被动渗透性,是,C(CC(=O)O)[C@@H](C(=O)O)NC[C@@H](C(=O)O)N,https://www.rcsb.org/ligand/AE5
条件候选,AEA,(2-AMINO-2-CARBAMOYL-ETHYLSULFANYL)-ACETIC ACID,C5 H10 N2 O3 S,178.209,l-peptide linking,CYS,极性／带电侧链,保留为条件候选；是否有价值取决于具体位点、保护策略和整环性质,以极性/带电特征为主，不宜默认用于提高被动渗透性,是,C([C@H](C(=O)N)N)SCC(=O)O,https://www.rcsb.org/ligand/AEA
条件候选,AEI,THREONINE-ASPARTIC ESTER,C8 H14 N2 O6,234.207,l-peptide linking,THR,极性／带电侧链,保留为条件候选；是否有价值取决于具体位点、保护策略和整环性质,以极性/带电特征为主，不宜默认用于提高被动渗透性,是,C[C@H]([C@@H](C(=O)O)N)OC(=O)C[C@@H](C(=O)O)N,https://www.rcsb.org/ligand/AEI
条件候选,AFA,"N-[7-METHYL-OCT-2,4-DIENOYL]ASPARAGINE",C13 H20 N2 O4,268.309,l-peptide linking,ASN,极性／带电侧链,保留为条件候选；是否有价值取决于具体位点、保护策略和整环性质,分子量超过250 Da，需关注偶联效率、溶解度和总环肽体积；以极性/带电特征为主，不宜默认用于提高被动渗透性,是,CC(C)C\C=C\C=C/C(=O)N[C@@H](CC(=O)N)C(=O)O,https://www.rcsb.org/ligand/AFA
仅结构参考,AGD,"3-(2-amino-6-oxo-1,6-dihydro-9H-purin-9-yl)-D-alanine",C8 H10 N6 O3,238.203,d-peptide linking,,D-构型,结构身份可保留，但复杂度、反应性或极性风险不适合进入默认研发库,杂原子较多，可能增加暴露极性和去溶剂化代价；CCD未指定标准氨基酸母体，需确认它是独立残基而非氨基酸样片段,是,c1nc2c(n1C[C@H](C(=O)O)N)N=C(NC2=O)N,https://www.rcsb.org/ligand/AGD
条件候选,AGM,5-METHYL-ARGININE,C7 H17 N4 O2,189.235,l-peptide linking,ARG,极性／带电侧链,保留为条件候选；是否有价值取决于具体位点、保护策略和整环性质,以极性/带电特征为主，不宜默认用于提高被动渗透性,是,C[C@@H](CC[C@@H](C(=O)O)N)NC(=[NH2+])N,https://www.rcsb.org/ligand/AGM
条件候选,AGQ,"3-[(3E)-3-(carbamimidoylhydrazono)-4-hydroxy-6-oxocyclohexa-1,4-dien-1-yl]-L-alanine",C10 H13 N5 O4,267.241,l-peptide linking,TYR,构象限制,保留为条件候选；是否有价值取决于具体位点、保护策略和整环性质,分子量超过250 Da，需关注偶联效率、溶解度和总环肽体积,是,[H]/N=C(\N)/N/N=C/1\C=C(C(=O)C=C1O)C[C@@H](C(=O)O)N,https://www.rcsb.org/ligand/AGQ
条件候选,AGT,S-{(S)-AMINO[(4-AMINOBUTYL)AMINO]METHYL}-L-CYSTEINE,C8 H20 N4 O2 S,236.335,l-peptide linking,CYS,极性／带电侧链,保留为条件候选；是否有价值取决于具体位点、保护策略和整环性质,以极性/带电特征为主，不宜默认用于提高被动渗透性,是,C(CCN[C@H](N)SC[C@@H](C(=O)O)N)CN,https://www.rcsb.org/ligand/AGT
条件候选,AHB,BETA-HYDROXYASPARAGINE,C4 H8 N2 O4,148.117,l-peptide linking,ASN,极性／带电侧链,保留为条件候选；是否有价值取决于具体位点、保护策略和整环性质,以极性/带电特征为主，不宜默认用于提高被动渗透性,是,[C@H]([C@@H](C(=O)N)O)(C(=O)O)N,https://www.rcsb.org/ligand/AHB
条件候选,AHH,AMINO-HYDROXYHEPTANOIC ACID,C7 H15 N O3,161.199,l-peptide linking,,极性／带电侧链,保留为条件候选；是否有价值取决于具体位点、保护策略和整环性质,CCD未指定标准氨基酸母体，需确认它是独立残基而非氨基酸样片段；以极性/带电特征为主，不宜默认用于提高被动渗透性,是,CCCC[C@H]([C@@H](C(=O)O)O)N,https://www.rcsb.org/ligand/AHH
明确排除,AHO,N-ACETYL-N-HYDROXY-L-ORNITHINE,C7 H14 N2 O4,190.197,l-peptide linking,ALA,极性／带电侧链,主链氨基被端基化，不能按普通内部残基直接偶联,,否,CC(=O)N(CCC[C@@H](C(=O)O)N)O,https://www.rcsb.org/ligand/AHO
条件候选,AHP,2-AMINO-HEPTANOIC ACID,C7 H15 N O2,145.199,l-peptide linking,ALA,其他CCD肽链核心,保留为条件候选；是否有价值取决于具体位点、保护策略和整环性质,,是,CCCCC[C@@H](C(=O)O)N,https://www.rcsb.org/ligand/AHP
优先研发候选,AIB,ALPHA-AMINOISOBUTYRIC ACID,C4 H9 N O2,103.12,l-peptide linking,ALA,α位取代,属于α位取代方向，可用于口服环肽的构象/稳定性/主链极性扫描；CCD给出标准母体残基，便于设计成对替换实验,,是,CC(C)(C(=O)O)N,https://www.rcsb.org/ligand/AIB
条件候选,AJE,"(3S,4R)-4-amino-1-(3-carboxypropanoyl)pyrrolidine-3-carboxylic acid",C9 H14 N2 O5,230.218,l-peptide linking,,极性／带电侧链,保留为条件候选；是否有价值取决于具体位点、保护策略和整环性质,CCD未指定标准氨基酸母体，需确认它是独立残基而非氨基酸样片段；以极性/带电特征为主，不宜默认用于提高被动渗透性,是,C1[C@@H]([C@H](CN1C(=O)CCC(=O)O)N)C(=O)O,https://www.rcsb.org/ligand/AJE
优先研发候选,ALC,2-AMINO-3-CYCLOHEXYL-PROPIONIC ACID,C9 H17 N O2,171.237,l-peptide linking,ALA,构象限制,属于构象限制方向，可用于口服环肽的构象/稳定性/主链极性扫描；CCD给出标准母体残基，便于设计成对替换实验,,是,C1CCC(CC1)C[C@@H](C(=O)O)N,https://www.rcsb.org/ligand/ALC
条件候选,ALN,NAPHTHALEN-2-YL-3-ALANINE,C13 H13 N O2,215.248,l-peptide linking,ALA,芳香／疏水侧链,保留为条件候选；是否有价值取决于具体位点、保护策略和整环性质,,是,c1ccc2c(c1)cccc2C[C@@H](C(=O)O)N,https://www.rcsb.org/ligand/ALN
条件候选,ALO,ALLO-THREONINE,C4 H9 N O3,119.119,l-peptide linking,THR,极性／带电侧链,保留为条件候选；是否有价值取决于具体位点、保护策略和整环性质,以极性/带电特征为主，不宜默认用于提高被动渗透性,是,C[C@@H]([C@@H](C(=O)O)N)O,https://www.rcsb.org/ligand/ALO
仅结构参考,ALS,(3S)-3-(sulfooxy)-L-serine,C3 H7 N O7 S,201.155,l-peptide linking,ALA,极性／带电侧链,结构身份可保留，但复杂度、反应性或极性风险不适合进入默认研发库,杂原子较多，可能增加暴露极性和去溶剂化代价；以极性/带电特征为主，不宜默认用于提高被动渗透性,是,[C@H]([C@@H](O)OS(=O)(=O)O)(C(=O)O)N,https://www.rcsb.org/ligand/ALS
明确排除,ALT,THIOALANINE,C3 H7 N O S,105.159,l-peptide linking,ALA,其他CCD肽链核心,结构中未识别到可用于常规肽键形成的游离羧基,,否,C[C@@H](C(=S)O)N,https://www.rcsb.org/ligand/ALT
条件候选,ALY,N(6)-ACETYLLYSINE,C8 H16 N2 O3,188.224,l-peptide linking,LYS,极性／带电侧链,保留为条件候选；是否有价值取决于具体位点、保护策略和整环性质,以极性/带电特征为主，不宜默认用于提高被动渗透性,是,CC(=O)NCCCC[C@@H](C(=O)O)N,https://www.rcsb.org/ligand/ALY
仅结构参考,AN6,5'-{[(3S)-3-amino-3-carboxypropyl](ethyl)amino}-5'-deoxyadenosine,C16 H25 N7 O5,395.414,l-peptide linking,LEU,极性／带电侧链,结构身份可保留，但复杂度、反应性或极性风险不适合进入默认研发库,分子量超过300 Da，单体复杂度和环肽总分子量负担较高；杂原子较多，可能增加暴露极性和去溶剂化代价；以极性/带电特征为主，不宜默认用于提高被动渗透性,是,CC[N@@](CC[C@@H](C(=O)O)N)C[C@@H]1[C@H]([C@H]([C@@H](O1)n2cnc3c2ncnc3N)O)O,https://www.rcsb.org/ligand/AN6
条件候选,AN8,(2S)-2-aminononanoic acid,C9 H19 N O2,173.253,l-peptide linking,ALA,其他CCD肽链核心,保留为条件候选；是否有价值取决于具体位点、保护策略和整环性质,,是,CCCCCCC[C@@H](C(=O)O)N,https://www.rcsb.org/ligand/AN8
优先研发候选,APH,P-AMIDINOPHENYL-3-ALANINE,C10 H13 N3 O2,207.229,d-peptide linking,,D-构型,属于D-构型方向，可用于口服环肽的构象/稳定性/主链极性扫描,CCD未指定标准氨基酸母体，需确认它是独立残基而非氨基酸样片段,是,c1cc(ccc1C[C@H](C(=O)O)N)C(=N)N,https://www.rcsb.org/ligand/APH
条件候选,API,"2,6-DIAMINOPIMELIC ACID",C7 H14 N2 O4,190.197,l-peptide linking,LYS,极性／带电侧链,保留为条件候选；是否有价值取决于具体位点、保护策略和整环性质,以极性/带电特征为主，不宜默认用于提高被动渗透性,是,C(C[C@H](C(=O)O)N)C[C@@H](C(=O)O)N,https://www.rcsb.org/ligand/API
明确排除,APK,5'-O-[(S)-{[(5S)-5-AMINO-6-OXOHEXYL]AMINO}(HYDROXY)PHOSPHORYL]ADENOSINE,C16 H26 N7 O7 P,459.394,l-peptide linking,LYS,芳香／疏水侧链,名称提示核苷酸、辅因子、脂质、完整肽或整分子缀合物；结构中未识别到可用于常规肽键形成的游离羧基；分子量超过450 Da，优先视为复杂整分子而非通用残基,,否,c1nc(c2c(n1)n(cn2)[C@H]3[C@@H]([C@@H]([C@H](O3)CO[P@](=O)(NCCCC[C@@H](C=O)N)O)O)O)N,https://www.rcsb.org/ligand/APK
条件候选,APM,M-AMIDINOPHENYL-3-ALANINE,C10 H13 N3 O2,207.229,l-peptide linking,,芳香／疏水侧链,保留为条件候选；是否有价值取决于具体位点、保护策略和整环性质,CCD未指定标准氨基酸母体，需确认它是独立残基而非氨基酸样片段,是,c1cc(cc(c1)C(=N)N)C[C@@H](C(=O)O)N,https://www.rcsb.org/ligand/APM
仅结构参考,APO,D-2-AMINO-3-PHOSPHONO-PROPIONIC ACID,C3 H8 N O5 P,169.073,d-peptide linking,,D-构型,结构身份可保留，但复杂度、反应性或极性风险不适合进入默认研发库,含磷酸/膦酸相关结构，通常不利于被动跨膜，除非有专门遮蔽设计；CCD未指定标准氨基酸母体，需确认它是独立残基而非氨基酸样片段,是,C([C@H](C(=O)O)N)P(=O)(O)O,https://www.rcsb.org/ligand/APO
优先研发候选,APP,1-ACETYL-2-CARBOXYPIPERIDINE,C8 H13 N O3,171.194,l-peptide linking,,构象限制,属于构象限制方向，可用于口服环肽的构象/稳定性/主链极性扫描,CCD未指定标准氨基酸母体，需确认它是独立残基而非氨基酸样片段,是,CC(=O)N1CCCC[C@H]1C(=O)O,https://www.rcsb.org/ligand/APP
仅结构参考,AR2,ARGINYL-BENZOTHIAZOLE-6-CARBOXYLIC ACID,C14 H17 N5 O3 S,335.381,l-peptide linking,ARG,芳香／疏水侧链,结构身份可保留，但复杂度、反应性或极性风险不适合进入默认研发库,分子量超过300 Da，单体复杂度和环肽总分子量负担较高,是,[H]/N=C(\N)/NCCC[C@@H](C(=O)c1nc2ccc(cc2s1)C(=O)O)N,https://www.rcsb.org/ligand/AR2
明确排除,ARM,DEOXY-METHYL-ARGININE,C7 H16 N4 O,172.228,l-peptide linking,ARG,极性／带电侧链,结构中未识别到可用于常规肽键形成的游离羧基,,否,CC(=O)[C@H](CCCNC(=N)N)N,https://www.rcsb.org/ligand/ARM
条件候选,ARO,C-GAMMA-HYDROXY ARGININE,C6 H15 N4 O3,191.208,l-peptide linking,ARG,极性／带电侧链,保留为条件候选；是否有价值取决于具体位点、保护策略和整环性质,以极性/带电特征为主，不宜默认用于提高被动渗透性,是,C([C@H](CNC(=[NH2+])N)O)[C@@H](C(=O)O)N,https://www.rcsb.org/ligand/ARO
条件候选,ARV,5-N-ALLYL-ARGININE,C9 H19 N4 O2,215.273,l-peptide linking,,极性／带电侧链,保留为条件候选；是否有价值取决于具体位点、保护策略和整环性质,CCD未指定标准氨基酸母体，需确认它是独立残基而非氨基酸样片段；以极性/带电特征为主，不宜默认用于提高被动渗透性,是,C=CC\[NH+]=C(\N)/NCCC[C@@H](C(=O)O)N,https://www.rcsb.org/ligand/ARV
优先研发候选,AS2,(2R)-2-AMINO-4-OXOBUTANOIC ACID,C4 H7 N O3,117.103,d-peptide linking,,D-构型,属于D-构型方向，可用于口服环肽的构象/稳定性/主链极性扫描,CCD未指定标准氨基酸母体，需确认它是独立残基而非氨基酸样片段,是,C(C=O)[C@H](C(=O)O)N,https://www.rcsb.org/ligand/AS2
条件候选,AS7,N4-(4-cyanobenzyl)-L-asparagine,C12 H13 N3 O3,247.25,l-peptide linking,ASN,卤代／电子调节,保留为条件候选；是否有价值取决于具体位点、保护策略和整环性质,,是,c1cc(ccc1CNC(=O)C[C@@H](C(=O)O)N)C#N,https://www.rcsb.org/ligand/AS7
仅结构参考,AS9,N-[HYDROXY(METHYL)PHOSPHORYL]-L-ASPARTIC ACID,C5 H10 N O6 P,211.11,l-peptide linking,,极性／带电侧链,结构身份可保留，但复杂度、反应性或极性风险不适合进入默认研发库,含磷酸/膦酸相关结构，通常不利于被动跨膜，除非有专门遮蔽设计；CCD未指定标准氨基酸母体，需确认它是独立残基而非氨基酸样片段；以极性/带电特征为主，不宜默认用于提高被动渗透性,是,C[P@](=O)(N[C@@H](CC(=O)O)C(=O)O)O,https://www.rcsb.org/ligand/AS9
仅结构参考,ASA,ASPARTIC ALDEHYDE,C4 H7 N O3,117.103,l-peptide linking,ASP,极性／带电侧链,结构身份可保留，但复杂度、反应性或极性风险不适合进入默认研发库,名称提示反应性官能团或中间体，需要确认能否承受偶联和脱保护条件；以极性/带电特征为主，不宜默认用于提高被动渗透性,是,C([C@@H](C=O)N)C(=O)O,https://www.rcsb.org/ligand/ASA
条件候选,ASB,ASPARTIC ACID-4-CARBOXYMETHYL ESTER,C6 H9 N O6,191.139,l-peptide linking,ASP,极性／带电侧链,保留为条件候选；是否有价值取决于具体位点、保护策略和整环性质,以极性/带电特征为主，不宜默认用于提高被动渗透性,是,C([C@@H](C(=O)O)N)C(=O)OCC(=O)O,https://www.rcsb.org/ligand/ASB
条件候选,ASL,ASPARTIC ACID-4-CARBOXYETHYL ESTER,C7 H11 N O6,205.165,l-peptide linking,ASP,极性／带电侧链,保留为条件候选；是否有价值取决于具体位点、保护策略和整环性质,以极性/带电特征为主，不宜默认用于提高被动渗透性,是,CC(C(=O)O)OC(=O)CC(C(=O)O)N,https://www.rcsb.org/ligand/ASL
条件候选,ASM,2-AMINO-4-OXO-4(1H-PYRROL-1-YL)BUTANOIC ACID,C8 H10 N2 O3,182.177,l-peptide linking,,芳香／疏水侧链,保留为条件候选；是否有价值取决于具体位点、保护策略和整环性质,CCD未指定标准氨基酸母体，需确认它是独立残基而非氨基酸样片段,是,c1ccn(c1)C(=O)C[C@@H](C(=O)O)N,https://www.rcsb.org/ligand/ASM
条件候选,AVN,"(2S)-AMINO[(5S)-3-CHLORO-4,5-DIHYDROISOXAZOL-5-YL]ACETIC ACID",C5 H7 Cl N2 O3,178.574,l-peptide linking,,卤代／电子调节,保留为条件候选；是否有价值取决于具体位点、保护策略和整环性质,CCD未指定标准氨基酸母体，需确认它是独立残基而非氨基酸样片段,是,C1[C@H](ON=C1Cl)[C@@H](C(=O)O)N,https://www.rcsb.org/ligand/AVN
明确排除,AYA,N-ACETYLALANINE,C5 H9 N O3,131.13,l-peptide linking,ALA,极性／带电侧链,主链氨基被端基化，不能按普通内部残基直接偶联,,否,C[C@@H](C(=O)O)NC(=O)C,https://www.rcsb.org/ligand/AYA
条件候选,AZH,AZIDOHOMOALANINE,C4 H9 N4 O2,145.14,l-peptide linking,ALA,极性／带电侧链,保留为条件候选；是否有价值取决于具体位点、保护策略和整环性质,以极性/带电特征为主，不宜默认用于提高被动渗透性,是,C(CN=[N+]=N)[C@@H](C(=O)O)N,https://www.rcsb.org/ligand/AZH
明确排除,AZK,(S)-2-AMINO-6-AZIDOHEXANOIC ACID,C6 H14 N4 O,158.202,l-peptide linking,LYS,极性／带电侧链,结构中未识别到可用于常规肽键形成的游离羧基,,否,C(CCN=[N+]=[N-])C[C@@H](CO)N,https://www.rcsb.org/ligand/AZK
条件候选,AZS,O-DIAZOACETYL-L-SERINE,C5 H7 N3 O4,173.127,l-peptide linking,SER,极性／带电侧链,保留为条件候选；是否有价值取决于具体位点、保护策略和整环性质,以极性/带电特征为主，不宜默认用于提高被动渗透性,是,C([C@@H](C(=O)O)N)OC(=O)C=[N+]=[N-],https://www.rcsb.org/ligand/AZS
条件候选,AZY,3-AZIDO-L-TYROSINE,C9 H10 N4 O3,222.201,l-peptide linking,TYR,芳香／疏水侧链,保留为条件候选；是否有价值取决于具体位点、保护策略和整环性质,,是,c1cc(c(cc1C[C@@H](C(=O)O)N)N=[N+]=[N-])O,https://www.rcsb.org/ligand/AZY
仅结构参考,B2C,"{(4Z)-2-[(1R,2R)-1-amino-2-hydroxypropyl]-4-[(3-bromo-4-hydroxyphenyl)methylidene]-5-oxo-4,5-dihydro-1H-imidazol-1-yl}acetic acid",C15 H16 Br N3 O5,398.209,l-peptide linking,Gly / Thr / Tyr,卤代／电子调节,结构身份可保留，但复杂度、反应性或极性风险不适合进入默认研发库,分子量超过300 Da，单体复杂度和环肽总分子量负担较高,是,C[C@H]([C@@H](C1=N/C(=C\c2ccc(c(c2)Br)O)/C(=O)N1CC(=O)O)N)O,https://www.rcsb.org/ligand/B2C
仅结构参考,B2H,"Chromophore (Thr, Trp, Gly)",C17 H20 N4 O4,344.365,l-peptide linking,GLY / THR / TRP,芳香／疏水侧链,结构身份可保留，但复杂度、反应性或极性风险不适合进入默认研发库,分子量超过300 Da，单体复杂度和环肽总分子量负担较高,是,C[C@H]([C@@H](c1nc(c(n1CC(=O)O)O)Cc2c[nH]c3c2cccc3)N)O,https://www.rcsb.org/ligand/B2H
条件候选,B2N,(2S)-4-amino-2-(aminomethyl)-4-oxobutanoic acid,C5 H10 N2 O3,146.145,l-peptide linking,,极性／带电侧链,保留为条件候选；是否有价值取决于具体位点、保护策略和整环性质,CCD未指定标准氨基酸母体，需确认它是独立残基而非氨基酸样片段；以极性/带电特征为主，不宜默认用于提高被动渗透性,是,C([C@@H](CN)C(=O)O)C(=O)N,https://www.rcsb.org/ligand/B2N
条件候选,B3A,(3S)-3-AMINOBUTANOIC ACID,C4 H9 N O2,103.12,l-peptide linking,ALA,其他CCD肽链核心,保留为条件候选；是否有价值取决于具体位点、保护策略和整环性质,,是,C[C@@H](CC(=O)O)N,https://www.rcsb.org/ligand/B3A
条件候选,B3D,3-AMINOPENTANEDIOIC ACID,C5 H9 N O4,147.129,l-peptide linking,ASP,极性／带电侧链,保留为条件候选；是否有价值取决于具体位点、保护策略和整环性质,以极性/带电特征为主，不宜默认用于提高被动渗透性,是,C(C(CC(=O)O)N)C(=O)O,https://www.rcsb.org/ligand/B3D
条件候选,B3E,(3S)-3-AMINOHEXANEDIOIC ACID,C6 H11 N O4,161.156,l-peptide linking,GLU,极性／带电侧链,保留为条件候选；是否有价值取决于具体位点、保护策略和整环性质,以极性/带电特征为主，不宜默认用于提高被动渗透性,是,C(CC(=O)O)[C@@H](CC(=O)O)N,https://www.rcsb.org/ligand/B3E
条件候选,B3K,"(3S)-3,7-DIAMINOHEPTANOIC ACID",C7 H16 N2 O2,160.214,l-peptide linking,LYS,极性／带电侧链,保留为条件候选；是否有价值取决于具体位点、保护策略和整环性质,以极性/带电特征为主，不宜默认用于提高被动渗透性,是,C(CCN)C[C@@H](CC(=O)O)N,https://www.rcsb.org/ligand/B3K
条件候选,B3L,(3S)-3-amino-5-methylhexanoic acid,C7 H15 N O2,145.2,l-peptide linking,,其他CCD肽链核心,保留为条件候选；是否有价值取决于具体位点、保护策略和整环性质,CCD未指定标准氨基酸母体，需确认它是独立残基而非氨基酸样片段,是,CC(C)C[C@@H](CC(=O)O)N,https://www.rcsb.org/ligand/B3L
条件候选,B3M,(3R)-3-amino-5-(methylsulfanyl)pentanoic acid,C6 H13 N O2 S,163.238,l-peptide linking,,其他CCD肽链核心,保留为条件候选；是否有价值取决于具体位点、保护策略和整环性质,CCD未指定标准氨基酸母体，需确认它是独立残基而非氨基酸样片段,是,CSCC[C@@H](CC(=O)O)N,https://www.rcsb.org/ligand/B3M
条件候选,B3Q,"(3S)-3,6-diamino-6-oxohexanoic acid",C6 H12 N2 O3,160.171,l-peptide linking,,极性／带电侧链,保留为条件候选；是否有价值取决于具体位点、保护策略和整环性质,CCD未指定标准氨基酸母体，需确认它是独立残基而非氨基酸样片段；以极性/带电特征为主，不宜默认用于提高被动渗透性,是,C(CC(=O)N)[C@@H](CC(=O)O)N,https://www.rcsb.org/ligand/B3Q
优先研发候选,B3S,(3R)-3-AMINO-4-HYDROXYBUTANOIC ACID,C4 H9 N O3,119.119,d-peptide linking,,D-构型,属于D-构型方向，可用于口服环肽的构象/稳定性/主链极性扫描,CCD未指定标准氨基酸母体，需确认它是独立残基而非氨基酸样片段,是,C([C@H](CO)N)C(=O)O,https://www.rcsb.org/ligand/B3S
条件候选,B3T,"3-amino-2,3,5-trideoxy-D-threo-pentonic acid",C5 H11 N O3,133.146,l-peptide linking,,极性／带电侧链,保留为条件候选；是否有价值取决于具体位点、保护策略和整环性质,CCD未指定标准氨基酸母体，需确认它是独立残基而非氨基酸样片段；以极性/带电特征为主，不宜默认用于提高被动渗透性,是,C[C@H]([C@@H](CC(=O)O)N)O,https://www.rcsb.org/ligand/B3T
条件候选,B3U,2-amino-L-histidine,C6 H10 N4 O2,170.169,l-peptide linking,HIS,芳香／疏水侧链,保留为条件候选；是否有价值取决于具体位点、保护策略和整环性质,,是,c1c([nH]c(n1)N)C[C@@H](C(=O)O)N,https://www.rcsb.org/ligand/B3U
条件候选,B3X,"(3S)-3,5-DIAMINO-5-OXOPENTANOIC ACID",C5 H10 N2 O3,146.144,l-peptide linking,ASN,极性／带电侧链,保留为条件候选；是否有价值取决于具体位点、保护策略和整环性质,以极性/带电特征为主，不宜默认用于提高被动渗透性,是,C([C@@H](CC(=O)O)N)C(=O)N,https://www.rcsb.org/ligand/B3X
条件候选,B3Y,(3S)-3-AMINO-4-(4-HYDROXYPHENYL)BUTANOIC ACID,C10 H13 N O3,195.215,l-peptide linking,TYR,芳香／疏水侧链,保留为条件候选；是否有价值取决于具体位点、保护策略和整环性质,,是,c1cc(ccc1C[C@@H](CC(=O)O)N)O,https://www.rcsb.org/ligand/B3Y
条件候选,B5I,2-propyl-L-norvaline,C8 H17 N O2,159.226,peptide linking,,其他CCD肽链核心,保留为条件候选；是否有价值取决于具体位点、保护策略和整环性质,CCD仅标为通用peptide linking，需确认真实主链连接几何；CCD未指定标准氨基酸母体，需确认它是独立残基而非氨基酸样片段,是,CCCC(CCC)(C(=O)O)N,https://www.rcsb.org/ligand/B5I
条件候选,B8R,"(2S,10R)-2,10-diamino-11-(dimethylamino)-11-oxoundecanoic acid",C13 H27 N3 O3,273.372,l-peptide linking,,极性／带电侧链,保留为条件候选；是否有价值取决于具体位点、保护策略和整环性质,分子量超过250 Da，需关注偶联效率、溶解度和总环肽体积；CCD未指定标准氨基酸母体，需确认它是独立残基而非氨基酸样片段；以极性/带电特征为主，不宜默认用于提高被动渗透性,是,CN(C)C(=O)[C@@H](CCCCCCC[C@@H](C(=O)O)N)N,https://www.rcsb.org/ligand/B8R
条件候选,BB6,(2Z)-2-amino-3-sulfanylbut-2-enoic acid,C4 H7 N O2 S,133.169,peptide linking,CYS,其他CCD肽链核心,保留为条件候选；是否有价值取决于具体位点、保护策略和整环性质,CCD仅标为通用peptide linking，需确认真实主链连接几何,是,C/C(=C(\C(=O)O)/N)/S,https://www.rcsb.org/ligand/BB6
条件候选,BB7,(2Z)-2-amino-4-methoxy-3-sulfanylbut-2-enoic acid,C5 H9 N O3 S,163.195,peptide linking,CYS,极性／带电侧链,保留为条件候选；是否有价值取决于具体位点、保护策略和整环性质,CCD仅标为通用peptide linking，需确认真实主链连接几何；以极性/带电特征为主，不宜默认用于提高被动渗透性,是,COC/C(=C(\C(=O)O)/N)/S,https://www.rcsb.org/ligand/BB7
条件候选,BB8,"(2S,3S)-BETA-HYDROXY-PHENYLALANINE",C9 H11 N O3,181.189,l-peptide linking,PHE,芳香／疏水侧链,保留为条件候选；是否有价值取决于具体位点、保护策略和整环性质,,是,c1ccc(cc1)[C@@H]([C@@H](C(=O)O)N)O,https://www.rcsb.org/ligand/BB8
条件候选,BB9,(2Z)-2-amino-3-sulfanylprop-2-enoic acid,C3 H5 N O2 S,119.142,peptide linking,CYS,其他CCD肽链核心,保留为条件候选；是否有价值取决于具体位点、保护策略和整环性质,CCD仅标为通用peptide linking，需确认真实主链连接几何,是,C(=C(\C(=O)O)/N)/S,https://www.rcsb.org/ligand/BB9
明确排除,BBC,3-[(4-AMINOBUTYL)SULFINYL]-2-IMINOPROPAN-1-OL,C7 H16 N2 O2 S,192.279,l-peptide linking,CYS,极性／带电侧链,结构中未识别到可用于常规肽键形成的游离羧基,,否,[H]/N=C(\CO)/C[S@@](=O)CCCCN,https://www.rcsb.org/ligand/BBC
条件候选,BCS,BENZYLCYSTEINE,C10 H13 N O2 S,211.281,l-peptide linking,CYS,芳香／疏水侧链,保留为条件候选；是否有价值取决于具体位点、保护策略和整环性质,,是,c1ccc(cc1)CSC[C@@H](C(=O)O)N,https://www.rcsb.org/ligand/BCS
条件候选,BCX,(3R)-3-amino-4-sulfanylbutanoic acid,C4 H9 N O2 S,135.185,l-peptide linking,CYS,其他CCD肽链核心,保留为条件候选；是否有价值取决于具体位点、保护策略和整环性质,,是,C([C@H](CS)N)C(=O)O,https://www.rcsb.org/ligand/BCX
条件候选,BE2,2-AMINOBENZOIC ACID,C7 H7 N O2,137.136,l-peptide linking,,芳香／疏水侧链,保留为条件候选；是否有价值取决于具体位点、保护策略和整环性质,CCD未指定标准氨基酸母体，需确认它是独立残基而非氨基酸样片段,是,c1ccc(c(c1)C(=O)O)N,https://www.rcsb.org/ligand/BE2
明确排除,BF6,"[(4Z)-2-(aminomethyl)-4-{[4-(benzenecarbonyl)phenyl]methylidene}-5-oxo-4,5-dihydro-1H-imidazol-1-yl]acetic acid",C20 H17 N3 O4,363.367,l-peptide linking,GLY / TYR,芳香／疏水侧链,名称提示核苷酸、辅因子、脂质、完整肽或整分子缀合物,,否,c1ccc(cc1)C(=O)c2ccc(cc2)/C=C\3/C(=O)N(C(=N3)CN)CC(=O)O,https://www.rcsb.org/ligand/BF6
优先研发候选,BF7,4-bromo-D-phenylalanine,C9 H10 Br N O2,244.085,d-peptide linking,,D-构型,属于D-构型方向，可用于口服环肽的构象/稳定性/主链极性扫描,CCD未指定标准氨基酸母体，需确认它是独立残基而非氨基酸样片段,是,c1cc(ccc1C[C@H](C(=O)O)N)Br,https://www.rcsb.org/ligand/BF7
明确排除,BF9,"[(4Z)-2-[(1R,2S)-1-amino-2-hydroxypropyl]-4-{[4-(benzenecarbonyl)phenyl]methylidene}-5-oxo-4,5-dihydro-1H-imidazol-1-yl]acetic acid",C22 H21 N3 O5,407.419,l-peptide linking,GLY / PHE / THR,芳香／疏水侧链,名称提示核苷酸、辅因子、脂质、完整肽或整分子缀合物,,否,C[C@@H]([C@@H](C1=N/C(=C\c2ccc(cc2)C(=O)c3ccccc3)/C(=O)N1CC(=O)O)N)O,https://www.rcsb.org/ligand/BF9
条件候选,BFD,ASPARTATE BERYLLIUM TRIFLUORIDE,C4 H6 Be F3 N O4,198.102,l-peptide linking,ASP,极性／带电侧链,保留为条件候选；是否有价值取决于具体位点、保护策略和整环性质,以极性/带电特征为主，不宜默认用于提高被动渗透性,是,[Be-2](OC(=O)C[C@@H](C(=O)O)N)(F)(F)F,https://www.rcsb.org/ligand/BFD
仅结构参考,BG1,O-[(2S)-2-{methyl[(methylamino)sulfonyl]amino}pentanoyl]-L-serine,C10 H21 N3 O6 S,311.355,l-peptide linking,SER,极性／带电侧链,结构身份可保留，但复杂度、反应性或极性风险不适合进入默认研发库,分子量超过300 Da，单体复杂度和环肽总分子量负担较高；以极性/带电特征为主，不宜默认用于提高被动渗透性,是,CCC[C@@H](C(=O)OC[C@@H](C(=O)O)N)[N@](C)S(=O)(=O)NC,https://www.rcsb.org/ligand/BG1
条件候选,BG4,5-(HYDROXY-METHYL-AMINO)-3-METHYL-PYRROLIDINE-2-CARBOXYLIC ACID,C7 H14 N2 O3,174.198,l-peptide linking,PRO,极性／带电侧链,保留为条件候选；是否有价值取决于具体位点、保护策略和整环性质,以极性/带电特征为主，不宜默认用于提高被动渗透性,是,C[C@@H]1C[C@H](N[C@H]1C(=O)O)[N@](C)O,https://www.rcsb.org/ligand/BG4
条件候选,BG5,5-HYDROXYAMINO-3-METHYL-PYRROLIDINE-2-CARBOXYLIC ACID,C6 H12 N2 O3,160.171,l-peptide linking,PRO,极性／带电侧链,保留为条件候选；是否有价值取决于具体位点、保护策略和整环性质,以极性/带电特征为主，不宜默认用于提高被动渗透性,是,C[C@@H]1C[C@H](N[C@H]1C(=O)O)NO,https://www.rcsb.org/ligand/BG5
条件候选,BH2,(3R)-3-hydroxy-L-aspartic acid,C4 H7 N O5,149.102,l-peptide linking,ASP,极性／带电侧链,保留为条件候选；是否有价值取决于具体位点、保护策略和整环性质,以极性/带电特征为主，不宜默认用于提高被动渗透性,是,[C@H]([C@H](C(=O)O)O)(C(=O)O)N,https://www.rcsb.org/ligand/BH2
条件候选,BHD,(3S)-3-hydroxy-L-aspartic acid,C4 H7 N O5,149.102,l-peptide linking,ASP,极性／带电侧链,保留为条件候选；是否有价值取决于具体位点、保护策略和整环性质,以极性/带电特征为主，不宜默认用于提高被动渗透性,是,[C@H]([C@@H](C(=O)O)O)(C(=O)O)N,https://www.rcsb.org/ligand/BHD
优先研发候选,BIF,(R)-2-AMINO-3-(4-PHENYLCYCLOHEXYL)PROPANOIC ACID,C15 H15 N O2,241.285,l-peptide linking,PHE,构象限制,属于构象限制方向，可用于口服环肽的构象/稳定性/主链极性扫描；CCD给出标准母体残基，便于设计成对替换实验,,是,c1ccc(cc1)c2ccc(cc2)C[C@@H](C(=O)O)N,https://www.rcsb.org/ligand/BIF
条件候选,BIL,"(3R,4S)-3-amino-4-methylhexanoic acid",C7 H15 N O2,145.2,l-peptide linking,,其他CCD肽链核心,保留为条件候选；是否有价值取决于具体位点、保护策略和整环性质,CCD未指定标准氨基酸母体，需确认它是独立残基而非氨基酸样片段,是,CC[C@H](C)[C@@H](CC(=O)O)N,https://www.rcsb.org/ligand/BIL
条件候选,BIU,5-bromo-L-isoleucine,C6 H12 Br N O2,210.069,l-peptide linking,ILE,卤代／电子调节,保留为条件候选；是否有价值取决于具体位点、保护策略和整环性质,,是,C[C@@H](CCBr)[C@@H](C(=O)O)N,https://www.rcsb.org/ligand/BIU
条件候选,BJH,1(R)-1-ACETAMIDO-2-(3-CARBOXY-2-HYDROXYPHENYL)ETHYL BORONIC ACID,C11 H14 B N O6,267.043,l-peptide linking,,芳香／疏水侧链,保留为条件候选；是否有价值取决于具体位点、保护策略和整环性质,分子量超过250 Da，需关注偶联效率、溶解度和总环肽体积；CCD未指定标准氨基酸母体，需确认它是独立残基而非氨基酸样片段,是,B([C@H](Cc1cccc(c1O)C(=O)O)NC(=O)C)(O)O,https://www.rcsb.org/ligand/BJH
仅结构参考,BJO,"(4Z)-4-amino-4-{1-(carboxymethyl)-5-oxo-4-[(4-oxocyclohexa-2,5-dien-1-ylidene)methyl]-1,5-dihydro-2H-imidazol-2-ylidene}butanoic acid",C16 H15 N3 O6,345.307,l-peptide linking,GLY / LEU,构象限制,结构身份可保留，但复杂度、反应性或极性风险不适合进入默认研发库,分子量超过300 Da，单体复杂度和环肽总分子量负担较高,是,C1=CC(=O)C=CC1=CC2=N/C(=C(\CCC(=O)O)/N)/N(C2=O)CC(=O)O,https://www.rcsb.org/ligand/BJO
明确排除,BL2,N-(tert-butoxycarbonyl)-L-leucine,C11 H21 N O4,231.289,l-peptide linking,LEU,极性／带电侧链,CCD记录对应明显保护体，不能把保护体本身当作最终残基,,否,CC(C)C[C@@H](C(=O)O)NC(=O)OC(C)(C)C,https://www.rcsb.org/ligand/BL2
优先研发候选,BMT,"4-METHYL-4-[(E)-2-BUTENYL]-4,N-METHYL-THREONINE",C10 H19 N O3,201.263,l-peptide linking,THR,N-取代,属于N-取代方向，可用于口服环肽的构象/稳定性/主链极性扫描；CCD给出标准母体残基，便于设计成对替换实验,,是,C/C=C/C[C@@H](C)[C@H]([C@@H](C(=O)O)NC)O,https://www.rcsb.org/ligand/BMT
条件候选,BNN,ACETYL-P-AMIDINOPHENYLALANINE,C12 H15 N3 O3,249.266,l-peptide linking,PHE,芳香／疏水侧链,保留为条件候选；是否有价值取决于具体位点、保护策略和整环性质,,是,[H]/N=C(\c1ccc(cc1)C[C@@H](C(=O)O)NC(=O)C)/N,https://www.rcsb.org/ligand/BNN
条件候选,BP5,"3-(2,2'-BIPYRIDIN-5-YL)-L-ALANINE",C13 H13 N3 O2,243.261,l-peptide linking,ALA,芳香／疏水侧链,保留为条件候选；是否有价值取决于具体位点、保护策略和整环性质,,是,c1ccnc(c1)c2ccc(cn2)C[C@@H](C(=O)O)N,https://www.rcsb.org/ligand/BP5
明确排除,BPE,(2S)-2-AMINO-3-[(3-AMINOPROPYL)SULFANYL]PROPAN-1-OL,C6 H16 N2 O S,164.269,l-peptide linking,CYS,极性／带电侧链,结构中未识别到可用于常规肽键形成的游离羧基,,否,C(CN)CSC[C@@H](CO)N,https://www.rcsb.org/ligand/BPE
条件候选,BSE,BETA-3-SERINE,C4 H9 N O3,119.119,l-peptide linking,SER,极性／带电侧链,保留为条件候选；是否有价值取决于具体位点、保护策略和整环性质,以极性/带电特征为主，不宜默认用于提高被动渗透性,是,C([C@@H](CO)C(=O)O)N,https://www.rcsb.org/ligand/BSE
条件候选,BTK,N~6~-butanoyl-L-lysine,C10 H20 N2 O3,216.277,l-peptide linking,LYS,极性／带电侧链,保留为条件候选；是否有价值取决于具体位点、保护策略和整环性质,以极性/带电特征为主，不宜默认用于提高被动渗透性,是,CCCC(=O)NCCCC[C@@H](C(=O)O)N,https://www.rcsb.org/ligand/BTK
条件候选,BTR,6-BROMO-TRYPTOPHAN,C11 H11 Br N2 O2,283.121,l-peptide linking,TRP,卤代／电子调节,保留为条件候选；是否有价值取决于具体位点、保护策略和整环性质,分子量超过250 Da，需关注偶联效率、溶解度和总环肽体积,是,c1cc2c(cc1Br)[nH]cc2C[C@@H](C(=O)O)N,https://www.rcsb.org/ligand/BTR
条件候选,BUC,"S,S-BUTYLTHIOCYSTEINE",C7 H15 N O2 S2,209.329,l-peptide linking,CYS,其他CCD肽链核心,保留为条件候选；是否有价值取决于具体位点、保护策略和整环性质,,是,CCCCSSC[C@@H](C(=O)O)N,https://www.rcsb.org/ligand/BUC
条件候选,BW5,(2~{S})-3-(1-adamantyl)-2-azanyl-propanoic acid,C13 H21 N O2,223.311,l-peptide linking,,其他CCD肽链核心,保留为条件候选；是否有价值取决于具体位点、保护策略和整环性质,CCD未指定标准氨基酸母体，需确认它是独立残基而非氨基酸样片段,是,C1C2CC3CC1CC(C2)(C3)C[C@@H](C(=O)O)N,https://www.rcsb.org/ligand/BW5
条件候选,BWV,N~5~-(N-butylcarbamimidoyl)-L-ornithine,C10 H22 N4 O2,230.307,l-peptide linking,ARG,极性／带电侧链,保留为条件候选；是否有价值取决于具体位点、保护策略和整环性质,以极性/带电特征为主，不宜默认用于提高被动渗透性,是,[H]/N=C(/NCCCC)\NCCC[C@@H](C(=O)O)N,https://www.rcsb.org/ligand/BWV
条件候选,BXT,(2~{S})-2-azanyl-3-[ethyl(methyl)carbamoyl]oxy-propanoic acid,C7 H14 N2 O4,190.197,l-peptide linking,SER,极性／带电侧链,保留为条件候选；是否有价值取决于具体位点、保护策略和整环性质,以极性/带电特征为主，不宜默认用于提高被动渗透性,是,CCN(C)C(=O)OC[C@@H](C(=O)O)N,https://www.rcsb.org/ligand/BXT
条件候选,BYR,3-bromo-L-tyrosine,C9 H10 Br N O3,260.085,l-peptide linking,TYR,卤代／电子调节,保留为条件候选；是否有价值取决于具体位点、保护策略和整环性质,分子量超过250 Da，需关注偶联效率、溶解度和总环肽体积,是,c1cc(c(cc1C[C@@H](C(=O)O)N)Br)O,https://www.rcsb.org/ligand/BYR
条件候选,BZK,"(2S, 4S, 6S)-2-amino-6-hydroxy-4-methyl-8-oxodecanoic acid",C11 H21 N O4,231.289,l-peptide linking,,极性／带电侧链,保留为条件候选；是否有价值取决于具体位点、保护策略和整环性质,CCD未指定标准氨基酸母体，需确认它是独立残基而非氨基酸样片段；以极性/带电特征为主，不宜默认用于提高被动渗透性,是,CCC(=O)C[C@H](C[C@@H](C)C[C@@H](C(=O)O)N)O,https://www.rcsb.org/ligand/BZK
条件候选,C0O,"(~{Z},2~{R},6~{S})-2,6-bis(azanyl)hept-3-enedioic acid",C7 H12 N2 O4,188.181,l-peptide linking,,极性／带电侧链,保留为条件候选；是否有价值取决于具体位点、保护策略和整环性质,CCD未指定标准氨基酸母体，需确认它是独立残基而非氨基酸样片段；以极性/带电特征为主，不宜默认用于提高被动渗透性,是,C(/C=C\[C@H](C(=O)O)N)[C@@H](C(=O)O)N,https://www.rcsb.org/ligand/C0O
明确排除,C12,2-(1-AMINO-2-HYDROXYPROPYL)-4-(4-HYDROXYBENZYL)-1-(2-OXOETHYL)-1H-IMIDAZOL-5-OLATE,C15 H18 N3 O5,320.321,l-peptide linking,GLY / THR / TYR,芳香／疏水侧链,名称提示核苷酸、辅因子、脂质、完整肽或整分子缀合物,,否,C[C@H]([C@@H](c1nc(c(n1CC(=O)O)[O-])Cc2ccc(cc2)O)N)O,https://www.rcsb.org/ligand/C12
条件候选,C1T,"S-[(1S,6R)-3,6-dihydroxy-4-methyl-2,5-dioxocyclohex-3-en-1-yl]-L-cysteine",C10 H13 N O6 S,275.278,l-peptide linking,CYS,构象限制,保留为条件候选；是否有价值取决于具体位点、保护策略和整环性质,分子量超过250 Da，需关注偶联效率、溶解度和总环肽体积,是,CC1=C(C(=O)[C@H]([C@@H](C1=O)O)SC[C@@H](C(=O)O)N)O,https://www.rcsb.org/ligand/C1T
仅结构参考,C1X,"(Z)-N~6~-[(4R,5S)-5-(2-CARBOXYETHYL)-4-(CARBOXYMETHYL)DIHYDRO-2H-THIOPYRAN-3(4H)-YLIDENE]-L-LYSINE",C16 H26 N2 O6 S,374.452,l-peptide linking,LYS,极性／带电侧链,结构身份可保留，但复杂度、反应性或极性风险不适合进入默认研发库,分子量超过300 Da，单体复杂度和环肽总分子量负担较高；以极性/带电特征为主，不宜默认用于提高被动渗透性,是,C1[C@H]([C@H](/C(=N\CCCC[C@@H](C(=O)O)N)/CS1)CC(=O)O)CCC(=O)O,https://www.rcsb.org/ligand/C1X
条件候选,C22,3-chloro-L-alanine,C3 H6 Cl N O2,123.538,l-peptide linking,ALA,卤代／电子调节,保留为条件候选；是否有价值取决于具体位点、保护策略和整环性质,,是,C([C@@H](C(=O)O)N)Cl,https://www.rcsb.org/ligand/C22
优先研发候选,C2N,3-chloro-D-alanine,C3 H6 Cl N O2,123.538,d-peptide linking,,D-构型,属于D-构型方向，可用于口服环肽的构象/稳定性/主链极性扫描,CCD未指定标准氨基酸母体，需确认它是独立残基而非氨基酸样片段,是,C([C@H](C(=O)O)N)Cl,https://www.rcsb.org/ligand/C2N
条件候选,C3Y,S-[(1S)-1-HYDROXY-1-(HYDROXYAMINO)ETHYL]-L-CYSTEINE,C5 H12 N2 O4 S,196.225,l-peptide linking,CYS,极性／带电侧链,保留为条件候选；是否有价值取决于具体位点、保护策略和整环性质,以极性/带电特征为主，不宜默认用于提高被动渗透性,是,C[C@](NO)(O)SC[C@@H](C(=O)O)N,https://www.rcsb.org/ligand/C3Y
明确排除,C4R,"(R)-2-amino-3-(bicyclo[2.2.1]hepta-2,5-dien-7-ylthio)propanoic acid rhodium",C10 H14 N O2 Rh S,315.194,l-peptide linking,CYS,构象限制,含金属元素，不是常规氨基酸合成单体,,否,C1C[C@H]2C3[C@@H]1C4=C2[Rh+]4S3C[C@@H](C(=O)O)N,https://www.rcsb.org/ligand/C4R
优先研发候选,C5C,S-CYCLOPENTYL THIOCYSTEINE,C8 H15 N O2 S2,221.34,l-peptide linking,CYS,构象限制,属于构象限制方向，可用于口服环肽的构象/稳定性/主链极性扫描；CCD给出标准母体残基，便于设计成对替换实验,,是,C1CCC(C1)SSC[C@@H](C(=O)O)N,https://www.rcsb.org/ligand/C5C
仅结构参考,C66,2-AMINOETHYLLYSINE-CARBONYLMETHYLENE-CYTOSINE,C14 H24 N6 O4,340.378,l-peptide linking,,极性／带电侧链,结构身份可保留，但复杂度、反应性或极性风险不适合进入默认研发库,分子量超过300 Da，单体复杂度和环肽总分子量负担较高；杂原子较多，可能增加暴露极性和去溶剂化代价；CCD未指定标准氨基酸母体，需确认它是独立残基而非氨基酸样片段；以极性/带电特征为主，不宜默认用于提高被动渗透性,是,C1=CN(C(=O)N=C1N)CC(=O)N(CCN)[C@H](CCCCN)C(=O)O,https://www.rcsb.org/ligand/C66
优先研发候选,C6C,S-CYCLOHEXYL THIOCYSTEINE,C9 H17 N O2 S2,235.367,l-peptide linking,CYS,构象限制,属于构象限制方向，可用于口服环肽的构象/稳定性/主链极性扫描；CCD给出标准母体残基，便于设计成对替换实验,,是,C1CCC(CC1)SSC[C@@H](C(=O)O)N,https://www.rcsb.org/ligand/C6C
条件候选,C99,"{(2R)-2-[(1S,2R)-1-AMINO-2-HYDROXYPROPYL]-2-HYDROXY-4,5-DIOXOIMIDAZOLIDIN-1-YL}ACETIC ACID",C8 H13 N3 O6,247.205,l-peptide linking,GLY / PHE / THR,极性／带电侧链,保留为条件候选；是否有价值取决于具体位点、保护策略和整环性质,以极性/带电特征为主，不宜默认用于提高被动渗透性,是,C[C@H]([C@@H]([C@]1(NC(=O)C(=O)N1CC(=O)O)O)N)O,https://www.rcsb.org/ligand/C99
条件候选,CAB,"4,4-dihydroxy-5-oxo-L-norvaline",C5 H9 N O5,163.129,l-peptide linking,,极性／带电侧链,保留为条件候选；是否有价值取决于具体位点、保护策略和整环性质,CCD未指定标准氨基酸母体，需确认它是独立残基而非氨基酸样片段；以极性/带电特征为主，不宜默认用于提高被动渗透性,是,C([C@@H](C(=O)O)N)C(C=O)(O)O,https://www.rcsb.org/ligand/CAB
明确排除,CAF,S-DIMETHYLARSINOYL-CYSTEINE,C5 H12 As N O3 S,241.14,l-peptide linking,CYS,极性／带电侧链,含金属元素，不是常规氨基酸合成单体,,否,C[As](=O)(C)SC[C@@H](C(=O)O)N,https://www.rcsb.org/ligand/CAF
明确排除,CAS,S-(DIMETHYLARSENIC)CYSTEINE,C5 H12 As N O2 S,225.141,l-peptide linking,CYS,其他CCD肽链核心,含金属元素，不是常规氨基酸合成单体,,否,C[As](C)SC[C@@H](C(=O)O)N,https://www.rcsb.org/ligand/CAS
条件候选,CCJ,Carboxymthylated D- Cysteine,C5 H9 N O4 S,179.194,d-peptide linking,,D-构型,保留为条件候选；是否有价值取决于具体位点、保护策略和整环性质,CCD未指定标准氨基酸母体，需确认它是独立残基而非氨基酸样片段,是,C([C@H](C(=O)O)N)SCC(=O)O,https://www.rcsb.org/ligand/CCJ
条件候选,CCL,N~6~-[(CYCLOPENTYLOXY)CARBONYL]-D-LYSINE,C12 H22 N2 O4,258.314,d-peptide linking,,D-构型,保留为条件候选；是否有价值取决于具体位点、保护策略和整环性质,分子量超过250 Da，需关注偶联效率、溶解度和总环肽体积；CCD未指定标准氨基酸母体，需确认它是独立残基而非氨基酸样片段,是,C1CCC(C1)OC(=O)NCCCC[C@H](C(=O)O)N,https://www.rcsb.org/ligand/CCL
条件候选,CCS,CARBOXYMETHYLATED CYSTEINE,C5 H9 N O4 S,179.194,l-peptide linking,CYS,极性／带电侧链,保留为条件候选；是否有价值取决于具体位点、保护策略和整环性质,以极性/带电特征为主，不宜默认用于提高被动渗透性,是,C([C@@H](C(=O)O)N)SCC(=O)O,https://www.rcsb.org/ligand/CCS
仅结构参考,CCY,"2-(1-AMINO-2-MERCAPTO-ETHYL)-5-(4-HYDROXY-BENZYL)-3-(ETHANOYL)-3,5-DIHYDRO-IMIDAZOL-4-ONE",C14 H19 N3 O4 S,325.383,l-peptide linking,CYS / GLY / TYR,芳香／疏水侧链,结构身份可保留，但复杂度、反应性或极性风险不适合进入默认研发库,分子量超过300 Da，单体复杂度和环肽总分子量负担较高,是,c1cc(ccc1CC2C(=O)N(C(N2)[C@H](CS)N)CC(=O)O)O,https://www.rcsb.org/ligand/CCY
明确排除,CDE,"1,2-DIMETHYL-PROPYLAMINE",C5 H13 N,87.163,l-peptide linking,,其他CCD肽链核心,结构中未识别到可用于常规肽键形成的游离羧基,,否,CC(C)[C@@H](C)N,https://www.rcsb.org/ligand/CDE
条件候选,CDV,3-METHYL-2-UREIDO-BUTYRIC ACID,C6 H12 N2 O3,160.171,l-peptide linking,,极性／带电侧链,保留为条件候选；是否有价值取决于具体位点、保护策略和整环性质,CCD未指定标准氨基酸母体，需确认它是独立残基而非氨基酸样片段；以极性/带电特征为主，不宜默认用于提高被动渗透性,是,CC(C)[C@H](C(=O)O)NC(=O)N,https://www.rcsb.org/ligand/CDV
明确排除,CE7,"(3S)-3-amino-4,4,4-trihydroxybutanamide",C4 H10 N2 O4,150.133,l-peptide linking,ASN,极性／带电侧链,结构中未识别到可用于常规肽键形成的游离羧基,,否,C([C@@H](C(O)(O)O)N)C(=O)N,https://www.rcsb.org/ligand/CE7
明确排除,CFY,"[(4Z)-2-{(2R)-2-[(1S)-1-amino-2-phenylethyl]-2-hydroxy-2,5-dihydro-1,3-thiazol-4-yl}-4-(4-hydroxybenzylidene)-5-oxo-4,5-dihydro-1H-imidazol-1-yl]acetic acid",C23 H22 N4 O5 S,466.51,l-peptide linking,CYS / GLY / PHE / TYR,芳香／疏水侧链,分子量超过450 Da，优先视为复杂整分子而非通用残基,,否,c1ccc(cc1)C[C@@H]([C@@]2(N=C(CS2)C3=N/C(=C\c4ccc(cc4)O)/C(=O)N3CC(=O)O)O)N,https://www.rcsb.org/ligand/CFY
条件候选,CG6,beta-Methyl-Cysteine,C4 H9 N O2 S,135.185,l-peptide linking,CYS,其他CCD肽链核心,保留为条件候选；是否有价值取决于具体位点、保护策略和整环性质,,是,C[C@H]([C@@H](C(=O)O)N)S,https://www.rcsb.org/ligand/CG6
条件候选,CGA,CARBOXYMETHYLATED GLUTAMIC ACID,C7 H11 N O6,205.165,l-peptide linking,GLU,极性／带电侧链,保留为条件候选；是否有价值取决于具体位点、保护策略和整环性质,以极性/带电特征为主，不宜默认用于提高被动渗透性,是,C(CC(=O)OCC(=O)O)C(C(=O)O)N,https://www.rcsb.org/ligand/CGA
优先研发候选,CGH,N-cycloheptylglycine,C9 H17 N O2,171.237,peptide linking,,构象限制,属于构象限制方向，可用于口服环肽的构象/稳定性/主链极性扫描,CCD仅标为通用peptide linking，需确认真实主链连接几何；CCD未指定标准氨基酸母体，需确认它是独立残基而非氨基酸样片段,是,C1CCCC(CC1)NCC(=O)O,https://www.rcsb.org/ligand/CGH
条件候选,CGU,GAMMA-CARBOXY-GLUTAMIC ACID,C6 H9 N O6,191.139,l-peptide linking,GLU,极性／带电侧链,保留为条件候选；是否有价值取决于具体位点、保护策略和整环性质,以极性/带电特征为主，不宜默认用于提高被动渗透性,是,C(C(C(=O)O)C(=O)O)[C@@H](C(=O)O)N,https://www.rcsb.org/ligand/CGU
条件候选,CGV,S-[(R)-carboxy(hydroxy)methyl]-L-cysteine,C5 H9 N O5 S,195.194,l-peptide linking,CYS,极性／带电侧链,保留为条件候选；是否有价值取决于具体位点、保护策略和整环性质,以极性/带电特征为主，不宜默认用于提高被动渗透性,是,C([C@@H](C(=O)O)N)S[C@H](C(=O)O)O,https://www.rcsb.org/ligand/CGV
仅结构参考,CH6,"{(4Z)-2-[(1S)-1-amino-3-(methylsulfanyl)propyl]-4-[(4-hydroxyphenyl)methylidene]-5-oxo-4,5-dihydro-1H-imidazol-1-yl}acetic acid",C16 H19 N3 O4 S,349.405,l-peptide linking,GLY / MET / TYR,芳香／疏水侧链,结构身份可保留，但复杂度、反应性或极性风险不适合进入默认研发库,分子量超过300 Da，单体复杂度和环肽总分子量负担较高,是,CSCC[C@@H](C1=N/C(=C\c2ccc(cc2)O)/C(=O)N1CC(=O)O)N,https://www.rcsb.org/ligand/CH6
仅结构参考,CH7,"[(4Z)-4-(4-HYDROXYBENZYLIDENE)-5-OXO-2-(3,4,5,6-TETRAHYDROPYRIDIN-2-YL)-4,5-DIHYDRO-1H-IMIDAZOL-1-YL]ACETIC ACID",C17 H17 N3 O4,327.335,l-peptide linking,GLY / LYS / TYR,芳香／疏水侧链,结构身份可保留，但复杂度、反应性或极性风险不适合进入默认研发库,分子量超过300 Da，单体复杂度和环肽总分子量负担较高,是,c1cc(ccc1\C=C/2\C(=O)N(C(=N2)C3=NCCCC3)CC(=O)O)O,https://www.rcsb.org/ligand/CH7
优先研发候选,CHG,CYCLOHEXYL-GLYCINE,C8 H15 N O2,157.21,l-peptide linking,,构象限制,属于构象限制方向，可用于口服环肽的构象/稳定性/主链极性扫描,CCD未指定标准氨基酸母体，需确认它是独立残基而非氨基酸样片段,是,C1CCC(CC1)[C@@H](C(=O)O)N,https://www.rcsb.org/ligand/CHG
条件候选,CHP,3-CHLORO-4-HYDROXYPHENYLGLYCINE,C8 H8 Cl N O3,201.607,l-peptide linking,GLY,卤代／电子调节,保留为条件候选；是否有价值取决于具体位点、保护策略和整环性质,,是,c1cc(c(cc1[C@@H](C(=O)O)N)Cl)O,https://www.rcsb.org/ligand/CHP
条件候选,CIR,CITRULLINE,C6 H13 N3 O3,175.186,l-peptide linking,ARG,极性／带电侧链,保留为条件候选；是否有价值取决于具体位点、保护策略和整环性质,以极性/带电特征为主，不宜默认用于提高被动渗透性,是,C(C[C@@H](C(=O)O)N)CNC(=O)N,https://www.rcsb.org/ligand/CIR
仅结构参考,CIV,"2-[2-[(1~{S})-1,5-bis(azanyl)pentyl]-4-[(4-hydroxyphenyl)methyl]-5-oxidanylidene-imidazol-1-yl]ethanamide",C17 H23 N4 O4,347.389,l-peptide linking,GLY / LYS / TYR,芳香／疏水侧链,结构身份可保留，但复杂度、反应性或极性风险不适合进入默认研发库,分子量超过300 Da，单体复杂度和环肽总分子量负担较高,是,c1cc(ccc1CC2=NC(=[N+](C2=O)CC(=O)O)[C@H](CCCCN)N)O,https://www.rcsb.org/ligand/CIV
仅结构参考,CJO,"[(2R,4R)-2-[(1R,2R)-1-amino-2-hydroxypropyl]-4-(4-hydroxybenzyl)-5-oxoimidazolidin-1-yl]acetic acid",C15 H21 N3 O5,323.344,l-peptide linking,GLY / TYR,芳香／疏水侧链,结构身份可保留，但复杂度、反应性或极性风险不适合进入默认研发库,分子量超过300 Da，单体复杂度和环肽总分子量负担较高,是,C[C@H]([C@@H](C1N[C@@H](C(=O)N1CC(=O)O)Cc2ccc(cc2)O)N)O,https://www.rcsb.org/ligand/CJO
仅结构参考,CLB,D-PARA-CHLOROPHENYL-1-ACETAMIDOBORONIC ACID ALANINE,C13 H19 B Cl N2 O6,345.564,d-peptide linking,,D-构型,结构身份可保留，但复杂度、反应性或极性风险不适合进入默认研发库,分子量超过300 Da，单体复杂度和环肽总分子量负担较高；CCD未指定标准氨基酸母体，需确认它是独立残基而非氨基酸样片段,是,[B-]([C@H](Cc1ccc(cc1)Cl)NC(=O)C)(O)(O)OC[C@@H](C(=O)O)N,https://www.rcsb.org/ligand/CLB
仅结构参考,CLD,D-PARA-CHLOROPHENYL-1-ACTEAMIDOBORONIC ACID ALANINE,C13 H19 B Cl N2 O6,345.564,d-peptide linking,,D-构型,结构身份可保留，但复杂度、反应性或极性风险不适合进入默认研发库,分子量超过300 Da，单体复杂度和环肽总分子量负担较高；CCD未指定标准氨基酸母体，需确认它是独立残基而非氨基酸样片段,是,[B-]([C@@H](Cc1ccc(cc1)Cl)NC(=O)C)(O)(O)OC[C@@H](C(=O)O)N,https://www.rcsb.org/ligand/CLD
条件候选,CLG,2-AMINO-6-[2-(2-AMINOOXY-ACETYLAMINO)-ACETYLAMINO]-HEXANOIC ACID,C10 H20 N4 O5,276.29,l-peptide linking,LYS,极性／带电侧链,保留为条件候选；是否有价值取决于具体位点、保护策略和整环性质,分子量超过250 Da，需关注偶联效率、溶解度和总环肽体积；以极性/带电特征为主，不宜默认用于提高被动渗透性,是,C(CCNC(=O)CNC(=O)CON)C[C@@H](C(=O)O)N,https://www.rcsb.org/ligand/CLG
条件候选,CLH,2-AMINO-6-[2-(2-OXO-ACETYLAMINO)-ACETYLAMINO]-HEXANOIC ACID,C10 H17 N3 O5,259.259,l-peptide linking,LYS,极性／带电侧链,保留为条件候选；是否有价值取决于具体位点、保护策略和整环性质,分子量超过250 Da，需关注偶联效率、溶解度和总环肽体积；以极性/带电特征为主，不宜默认用于提高被动渗透性,是,C(CCNC(=O)CNC(=O)C=O)C[C@@H](C(=O)O)N,https://www.rcsb.org/ligand/CLH
条件候选,CLV,"{(2S)-2-[(1S)-1-AMINOETHYL]-5-OXO-2,5-DIHYDRO-1H-IMIDAZOL-1-YL}ACETIC ACID",C7 H11 N3 O3,185.181,l-peptide linking,ALA / GLY / PHE,极性／带电侧链,保留为条件候选；是否有价值取决于具体位点、保护策略和整环性质,以极性/带电特征为主，不宜默认用于提高被动渗透性,是,C[C@@H](C1N=CC(=O)N1CC(=O)O)N,https://www.rcsb.org/ligand/CLV
条件候选,CME,"S,S-(2-HYDROXYETHYL)THIOCYSTEINE",C5 H11 N O3 S2,197.276,l-peptide linking,CYS,极性／带电侧链,保留为条件候选；是否有价值取决于具体位点、保护策略和整环性质,以极性/带电特征为主，不宜默认用于提高被动渗透性,是,C(CSSC[C@@H](C(=O)O)N)O,https://www.rcsb.org/ligand/CME
明确排除,CMH,S-(METHYLMERCURY)-L-CYSTEINE,C4 H9 Hg N O2 S,335.775,l-peptide linking,CYS,其他CCD肽链核心,含金属元素，不是常规氨基酸合成单体,,否,C[Hg]SC[C@@H](C(=O)O)N,https://www.rcsb.org/ligand/CMH
条件候选,CML,(2S)-2-{[(2R)-2-amino-2-carboxyethyl]sulfanyl}butanedioic acid,C7 H11 N O6 S,237.23,l-peptide linking,CYS,极性／带电侧链,保留为条件候选；是否有价值取决于具体位点、保护策略和整环性质,以极性/带电特征为主，不宜默认用于提高被动渗透性,是,C([C@@H](C(=O)O)SC[C@@H](C(=O)O)N)C(=O)O,https://www.rcsb.org/ligand/CML
明确排除,CMT,O-METHYLCYSTEINE,C4 H9 N O2 S,135.185,l-peptide linking,CYS,其他CCD肽链核心,结构中未识别到可用于常规肽键形成的游离羧基,,否,COC(=O)[C@H](CS)N,https://www.rcsb.org/ligand/CMT
优先研发候选,CNG,N-cyclooctylglycine,C10 H19 N O2,185.263,peptide linking,,构象限制,属于构象限制方向，可用于口服环肽的构象/稳定性/主链极性扫描,CCD仅标为通用peptide linking，需确认真实主链连接几何；CCD未指定标准氨基酸母体，需确认它是独立残基而非氨基酸样片段,是,C1CCCC(CCC1)NCC(=O)O,https://www.rcsb.org/ligand/CNG
优先研发候选,CPC,2-METHYL-1-METHYLAMINO-CYCLOPROPANE CARBOXYLIC ACID,C6 H11 N O2,129.157,l-peptide linking,,构象限制,属于构象限制方向，可用于口服环肽的构象/稳定性/主链极性扫描,CCD未指定标准氨基酸母体，需确认它是独立残基而非氨基酸样片段,是,C[C@H]1C[C@]1(C(=O)O)NC,https://www.rcsb.org/ligand/CPC
优先研发候选,CPI,6-CARBOXYPIPERIDINE,C6 H11 N O2,129.157,d-peptide linking,,D-构型,属于D-构型方向，可用于口服环肽的构象/稳定性/主链极性扫描,CCD未指定标准氨基酸母体，需确认它是独立残基而非氨基酸样片段,是,C1CCN[C@H](C1)C(=O)O,https://www.rcsb.org/ligand/CPI
明确排除,CQ1,"[(4Z)-2-[(1R,2R)-1-amino-2-hydroxypropyl]-4-(4-azidobenzylidene)-5-oxo-4,5-dihydro-1H-imidazol-1-yl]acetic acid",C15 H16 N6 O4,344.325,peptide linking,GLY / THR / TYR,芳香／疏水侧链,名称提示核苷酸、辅因子、脂质、完整肽或整分子缀合物,,否,C[C@H]([C@@H](C1=N/C(=C\c2ccc(cc2)N=[N+]=[N-])/C(=O)N1CC(=O)O)N)O,https://www.rcsb.org/ligand/CQ1
明确排除,CQ2,"{(4Z)-4-(4-aminobenzylidene)-2-[(1R,2R)-1-amino-2-hydroxypropyl]-5-oxo-4,5-dihydro-1H-imidazol-1-yl}acetic acid",C15 H18 N4 O4,318.328,l-peptide linking,GLY / TYR,芳香／疏水侧链,名称提示核苷酸、辅因子、脂质、完整肽或整分子缀合物,,否,C[C@H]([C@@H](C1=N/C(=C\c2ccc(cc2)N)/C(=O)N1CC(=O)O)N)O,https://www.rcsb.org/ligand/CQ2
条件候选,CR0,"[2-(1-AMINO-2-HYDROXYPROPYL)-2-HYDROXY-4-ISOBUTYL-5-OXO-2,5-DIHYDRO-1H-IMIDAZOL-1-YL]ACETALDEHYDE",C12 H21 N3 O5,287.312,l-peptide linking,GLY / LEU / THR,极性／带电侧链,保留为条件候选；是否有价值取决于具体位点、保护策略和整环性质,分子量超过250 Da，需关注偶联效率、溶解度和总环肽体积；以极性/带电特征为主，不宜默认用于提高被动渗透性,是,C[C@H]([C@@H]([C@]1(N=C(C(=O)N1CC(=O)O)CC(C)C)O)N)O,https://www.rcsb.org/ligand/CR0
条件候选,CR2,"{(4Z)-2-(aminomethyl)-4-[(4-hydroxyphenyl)methylidene]-5-oxo-4,5-dihydro-1H-imidazol-1-yl}acetic acid",C13 H13 N3 O4,275.26,l-peptide linking,GLY / TYR,芳香／疏水侧链,保留为条件候选；是否有价值取决于具体位点、保护策略和整环性质,分子量超过250 Da，需关注偶联效率、溶解度和总环肽体积,是,c1cc(ccc1\C=C/2\C(=O)N(C(=N2)CN)CC(=O)O)O,https://www.rcsb.org/ligand/CR2
条件候选,CR5,"(2R)-2-(AMINOMETHYL)-2,4-DIHYDROXY-5-OXO-3-(2-OXOETHYL)-2,5-DIHYDRO-1H-IMIDAZOL-3-IUM",C6 H10 N3 O5,204.161,l-peptide linking,GLY,极性／带电侧链,保留为条件候选；是否有价值取决于具体位点、保护策略和整环性质,以极性/带电特征为主，不宜默认用于提高被动渗透性,是,C(C(=O)O)[N+]1=C(C(=O)N[C@@]1(CN)O)O,https://www.rcsb.org/ligand/CR5
仅结构参考,CR7,"[(4Z)-2-[(1S)-1,5-DIAMINOPENTYL]-4-(4-HYDROXYBENZYLIDENE)-5-OXO-4,5-DIHYDRO-1H-IMIDAZOL-1-YL]ACETIC ACID",C17 H22 N4 O4,346.381,l-peptide linking,GLY / LYS / TYR,芳香／疏水侧链,结构身份可保留，但复杂度、反应性或极性风险不适合进入默认研发库,分子量超过300 Da，单体复杂度和环肽总分子量负担较高,是,c1cc(ccc1\C=C/2\C(=O)N(C(=N2)[C@H](CCCCN)N)CC(=O)O)O,https://www.rcsb.org/ligand/CR7
仅结构参考,CR8,"2-[1-AMINO-2-(1H-IMIDAZOL-5-YL)ETHYL]-1-(CARBOXYMETHYL)-4-[(4-OXOCYCLOHEXA-2,5-DIEN-1-YLIDENE)METHYL]-1H-IMIDAZOL-5-OLATE",C17 H16 N5 O4,354.34,l-peptide linking,GLY / HIS / TYR,构象限制,结构身份可保留，但复杂度、反应性或极性风险不适合进入默认研发库,分子量超过300 Da，单体复杂度和环肽总分子量负担较高,是,c1c([nH]cn1)C[C@@H](c2nc(c(n2CC(=O)O)[O-])C=C3C=CC(=O)C=C3)N,https://www.rcsb.org/ligand/CR8
仅结构参考,CRF,"[(4Z)-2-[(1R,2R)-1-amino-2-hydroxypropyl]-4-(1H-indol-3-ylmethylidene)-5-oxo-4,5-dihydro-1H-imidazol-1-yl]acetic acid",C17 H18 N4 O4,342.349,l-peptide linking,GLY / THR / TRP,极性／带电侧链,结构身份可保留，但复杂度、反应性或极性风险不适合进入默认研发库,分子量超过300 Da，单体复杂度和环肽总分子量负担较高；以极性/带电特征为主，不宜默认用于提高被动渗透性,是,C[C@H]([C@@H](C1=NC(=Cc2c[nH]c3c2cccc3)C(=O)N1CC(=O)O)N)O,https://www.rcsb.org/ligand/CRF
条件候选,CRG,"[2-(1-AMINO-2-HYDROXY-PROPYL)-4-(3H-IMIDAZOL-4-YLMETHYLENE)-5-OXO-4,5-DIHYDRO-IMIDAZOL-1-YL]-ACETIC ACID",C12 H15 N5 O4,293.279,l-peptide linking,GLY / HIS / THR,极性／带电侧链,保留为条件候选；是否有价值取决于具体位点、保护策略和整环性质,分子量超过250 Da，需关注偶联效率、溶解度和总环肽体积；以极性/带电特征为主，不宜默认用于提高被动渗透性,是,C[C@H]([C@@H](C1=N/C(=C\c2c[nH]cn2)/C(=O)N1CC(=O)O)N)O,https://www.rcsb.org/ligand/CRG
仅结构参考,CRK,"4-{(Z)-[2-[3-(METHYLSULFANYL)PROPANOYL]-5-OXO-1-(2-OXOETHYL)-1,5-DIHYDRO-4H-IMIDAZOL-4-YLIDENE]METHYL}BENZENOLATE",C16 H15 N2 O5 S,347.366,l-peptide linking,GLY / MET / TYR,极性／带电侧链,结构身份可保留，但复杂度、反应性或极性风险不适合进入默认研发库,分子量超过300 Da，单体复杂度和环肽总分子量负担较高；以极性/带电特征为主，不宜默认用于提高被动渗透性,是,CSCCC(=O)C1=N/C(=C/c2ccc(cc2)[O-])/C(=O)N1CC(=O)O,https://www.rcsb.org/ligand/CRK
明确排除,CRO,"{2-[(1R,2R)-1-amino-2-hydroxypropyl]-4-(4-hydroxybenzylidene)-5-oxo-4,5-dihydro-1H-imidazol-1-yl}acetic acid",C15 H17 N3 O5,319.313,l-peptide linking,GLY / THR / TYR,芳香／疏水侧链,名称提示核苷酸、辅因子、脂质、完整肽或整分子缀合物,,否,C[C@H]([C@@H](C1=N/C(=C\c2ccc(cc2)O)/C(=O)N1CC(=O)O)N)O,https://www.rcsb.org/ligand/CRO
仅结构参考,CRQ,"[2-(3-CARBAMOYL-1-IMINO-PROPYL)-4-(4-HYDROXY-BENZYLIDENE)-5-OXO-4,5-DIHYDRO-IMIDAZOL-1-YL]-ACETIC ACID",C16 H16 N4 O5,344.322,l-peptide linking,GLN / GLY / TYR,芳香／疏水侧链,结构身份可保留，但复杂度、反应性或极性风险不适合进入默认研发库,分子量超过300 Da，单体复杂度和环肽总分子量负担较高,是,c1cc(ccc1/C=C\2/C(=O)N(C(=N2)C(=N)CCC(=O)N)CC(=O)O)O,https://www.rcsb.org/ligand/CRQ
仅结构参考,CRU,"4-[(4Z)-1-(CARBOXYMETHYL)-4-(4-HYDROXYBENZYLIDENE)-5-OXO-4,5-DIHYDRO-1H-IMIDAZOL-2-YL]-4-IMINOBUTANOIC ACID",C16 H15 N3 O6,345.307,l-peptide linking,GLU / GLY / TYR,芳香／疏水侧链,结构身份可保留，但复杂度、反应性或极性风险不适合进入默认研发库,分子量超过300 Da，单体复杂度和环肽总分子量负担较高,是,[H]/N=C(/CCC(=O)O)\C1=N/C(=C/c2ccc(cc2)O)/C(=O)N1CC(=O)O,https://www.rcsb.org/ligand/CRU
条件候选,CRX,[2-(1-AMINOETHYL)-2-HYDROXY-4-METHYLENE-5-OXOIMIDAZOLIDIN-1-YL]ACETIC ACID,C8 H13 N3 O4,215.207,l-peptide linking,ALA / GLY / SER,极性／带电侧链,保留为条件候选；是否有价值取决于具体位点、保护策略和整环性质,以极性/带电特征为主，不宜默认用于提高被动渗透性,是,C[C@@H]([C@]1(NC(=C)C(=O)N1CC(=O)O)O)N,https://www.rcsb.org/ligand/CRX
条件候选,CS1,S-(2-ANILINYL-SULFANYL)-CYSTEINE,C9 H12 N2 O2 S2,244.334,l-peptide linking,CYS,芳香／疏水侧链,保留为条件候选；是否有价值取决于具体位点、保护策略和整环性质,,是,c1ccc(c(c1)N)SSC[C@@H](C(=O)O)N,https://www.rcsb.org/ligand/CS1
条件候选,CS3,S-[3-OXO-3-(2-THIENYL)PROPYL]-L-CYSTEINE,C10 H13 N O3 S2,259.345,l-peptide linking,CYS,芳香／疏水侧链,保留为条件候选；是否有价值取决于具体位点、保护策略和整环性质,分子量超过250 Da，需关注偶联效率、溶解度和总环肽体积,是,c1cc(sc1)C(=O)CCSC[C@@H](C(=O)O)N,https://www.rcsb.org/ligand/CS3
仅结构参考,CS4,"S-[3-(3,4-DICHLOROPHENYL)-3-OXOPROPYL]-L-CYSTEINE",C12 H13 Cl2 N O3 S,322.208,l-peptide linking,CYS,卤代／电子调节,结构身份可保留，但复杂度、反应性或极性风险不适合进入默认研发库,分子量超过300 Da，单体复杂度和环肽总分子量负担较高,是,c1cc(c(cc1C(=O)CCSC[C@@H](C(=O)O)N)Cl)Cl,https://www.rcsb.org/ligand/CS4
条件候选,CSA,S-ACETONYLCYSTEINE,C6 H11 N O3 S,177.221,l-peptide linking,CYS,极性／带电侧链,保留为条件候选；是否有价值取决于具体位点、保护策略和整环性质,以极性/带电特征为主，不宜默认用于提高被动渗透性,是,CC(=O)CSC[C@@H](C(=O)O)N,https://www.rcsb.org/ligand/CSA
明确排除,CSB,CYS BOUND TO LEAD ION,C3 H6 N O2 Pb S,327.35,l-peptide linking,CYS,其他CCD肽链核心,含金属元素，不是常规氨基酸合成单体,,否,C([C@@H](C(=O)O)N)S[Pb+],https://www.rcsb.org/ligand/CSB
条件候选,CSD,3-SULFINOALANINE,C3 H7 N O4 S,153.157,l-peptide linking,CYS,极性／带电侧链,保留为条件候选；是否有价值取决于具体位点、保护策略和整环性质,以极性/带电特征为主，不宜默认用于提高被动渗透性,是,C([C@@H](C(=O)O)N)[S@@](=O)O,https://www.rcsb.org/ligand/CSD
条件候选,CSH,[2-(2-HYDROXY-1-METHYL-ETHYL)-4-(1H-IMIDAZOL-4-YLMETHYL)-5-OXO-IMIDAZOLIDIN-1-YL]-ACETIC ACID,C11 H17 N5 O4,283.284,l-peptide linking,GLY / HIS / SER,芳香／疏水侧链,保留为条件候选；是否有价值取决于具体位点、保护策略和整环性质,分子量超过250 Da，需关注偶联效率、溶解度和总环肽体积,是,c1c(nc[nH]1)CC2C(=O)N(C(N2)[C@H](CO)N)CC(=O)O,https://www.rcsb.org/ligand/CSH
条件候选,CSJ,S-[(2-aminophenyl)carbonyl]-L-cysteine,C10 H12 N2 O3 S,240.279,l-peptide linking,CYS,芳香／疏水侧链,保留为条件候选；是否有价值取决于具体位点、保护策略和整环性质,,是,c1ccc(c(c1)C(=O)SC[C@@H](C(=O)O)N)N,https://www.rcsb.org/ligand/CSJ
条件候选,CSK,S-(methylselanyl)-L-cysteine,C4 H9 N O2 S Se,214.145,l-peptide linking,,其他CCD肽链核心,保留为条件候选；是否有价值取决于具体位点、保护策略和整环性质,CCD未指定标准氨基酸母体，需确认它是独立残基而非氨基酸样片段,是,C[Se]SC[C@@H](C(=O)O)N,https://www.rcsb.org/ligand/CSK
条件候选,CSO,S-HYDROXYCYSTEINE,C3 H7 N O3 S,137.158,l-peptide linking,CYS,极性／带电侧链,保留为条件候选；是否有价值取决于具体位点、保护策略和整环性质,以极性/带电特征为主，不宜默认用于提高被动渗透性,是,C([C@@H](C(=O)O)N)SO,https://www.rcsb.org/ligand/CSO
仅结构参考,CSP,S-PHOSPHOCYSTEINE,C3 H8 N O5 P S,201.138,l-peptide linking,CYS,极性／带电侧链,结构身份可保留，但复杂度、反应性或极性风险不适合进入默认研发库,含磷酸/膦酸相关结构，通常不利于被动跨膜，除非有专门遮蔽设计；以极性/带电特征为主，不宜默认用于提高被动渗透性,是,C([C@@H](C(=O)O)N)SP(=O)(O)O,https://www.rcsb.org/ligand/CSP
明确排除,CSR,S-ARSONOCYSTEINE,C3 H8 As N O5 S,245.086,l-peptide linking,CYS,极性／带电侧链,含金属元素，不是常规氨基酸合成单体,,否,C([C@@H](C(=O)O)N)S[As](=O)(O)O,https://www.rcsb.org/ligand/CSR
条件候选,CSS,S-MERCAPTOCYSTEINE,C3 H7 N O2 S2,153.223,l-peptide linking,CYS,其他CCD肽链核心,保留为条件候选；是否有价值取决于具体位点、保护策略和整环性质,,是,C([C@@H](C(=O)O)N)SS,https://www.rcsb.org/ligand/CSS
条件候选,CSU,CYSTEINE-S-SULFONIC ACID,C3 H7 N O5 S2,201.221,l-peptide linking,CYS,极性／带电侧链,保留为条件候选；是否有价值取决于具体位点、保护策略和整环性质,以极性/带电特征为主，不宜默认用于提高被动渗透性,是,C([C@@H](C(=O)O)N)SS(=O)(=O)O,https://www.rcsb.org/ligand/CSU
条件候选,CSX,S-OXY CYSTEINE,C3 H7 N O3 S,137.158,l-peptide linking,CYS,极性／带电侧链,保留为条件候选；是否有价值取决于具体位点、保护策略和整环性质,以极性/带电特征为主，不宜默认用于提高被动渗透性,是,C([C@@H](C(=O)O)N)[S@H]=O,https://www.rcsb.org/ligand/CSX
条件候选,CSZ,S-SELANYL CYSTEINE,C3 H7 N O2 S Se,200.118,l-peptide linking,CYS,其他CCD肽链核心,保留为条件候选；是否有价值取决于具体位点、保护策略和整环性质,,是,C([C@@H](C(=O)O)N)S[SeH],https://www.rcsb.org/ligand/CSZ
条件候选,CTE,7-CHLOROTRYPTOPHAN,C11 H11 Cl N2 O2,238.67,l-peptide linking,TRP,卤代／电子调节,保留为条件候选；是否有价值取决于具体位点、保护策略和整环性质,,是,c1cc2c(c[nH]c2c(c1)Cl)C[C@@H](C(=O)O)N,https://www.rcsb.org/ligand/CTE
条件候选,CTH,4-CHLOROTHREONINE,C4 H8 Cl N O3,153.564,l-peptide linking,THR,卤代／电子调节,保留为条件候选；是否有价值取决于具体位点、保护策略和整环性质,,是,C([C@H]([C@@H](C(=O)O)N)O)Cl,https://www.rcsb.org/ligand/CTH
条件候选,CUD,3-(4-amino-2-oxopyrimidin-1(2H)-yl)-D-alanine,C7 H10 N4 O3,198.179,d-peptide linking,,D-构型,保留为条件候选；是否有价值取决于具体位点、保护策略和整环性质,CCD未指定标准氨基酸母体，需确认它是独立残基而非氨基酸样片段,是,C1=CN(C(=O)N=C1N)C[C@H](C(=O)O)N,https://www.rcsb.org/ligand/CUD
条件候选,CWD,"3-(5-chloro-2,4-dioxo-3,4-dihydropyrimidin-1(2H)-yl)-L-alanine",C7 H8 Cl N3 O4,233.609,l-peptide linking,ALA,卤代／电子调节,保留为条件候选；是否有价值取决于具体位点、保护策略和整环性质,,是,C1=C(C(=O)NC(=O)N1C[C@@H](C(=O)O)N)Cl,https://www.rcsb.org/ligand/CWD
条件候选,CWR,"(4-methyl-5-oxo-2,5-dihydro-1H-imidazol-1-yl)acetic acid",C6 H8 N2 O3,156.139,l-peptide linking,SER,极性／带电侧链,保留为条件候选；是否有价值取决于具体位点、保护策略和整环性质,以极性/带电特征为主，不宜默认用于提高被动渗透性,是,CC1=NCN(C1=O)CC(=O)O,https://www.rcsb.org/ligand/CWR
条件候选,CXM,N-CARBOXYMETHIONINE,C6 H11 N O4 S,193.221,l-peptide linking,MET,极性／带电侧链,保留为条件候选；是否有价值取决于具体位点、保护策略和整环性质,以极性/带电特征为主，不宜默认用于提高被动渗透性,是,CSCC[C@@H](C(=O)O)NC(=O)O,https://www.rcsb.org/ligand/CXM
仅结构参考,CY0,S-{3-[(4-ANILINOQUINAZOLIN-6-YL)AMINO]-3-OXOPROPYL}-L-CYSTEINE,C20 H21 N5 O3 S,411.477,l-peptide linking,CYS,芳香／疏水侧链,结构身份可保留，但复杂度、反应性或极性风险不适合进入默认研发库,分子量超过300 Da，单体复杂度和环肽总分子量负担较高,是,c1ccc(cc1)Nc2c3cc(ccc3ncn2)NC(=O)CCSC[C@@H](C(=O)O)N,https://www.rcsb.org/ligand/CY0
条件候选,CY1,ACETAMIDOMETHYLCYSTEINE,C6 H12 N2 O3 S,192.236,l-peptide linking,CYS,极性／带电侧链,保留为条件候选；是否有价值取决于具体位点、保护策略和整环性质,以极性/带电特征为主，不宜默认用于提高被动渗透性,是,CC(=O)NCSC[C@@H](C(=O)O)N,https://www.rcsb.org/ligand/CY1
明确排除,CY3,2-AMINO-3-MERCAPTO-PROPIONAMIDE,C3 H8 N2 O S,120.173,l-peptide linking,CYS,极性／带电侧链,结构中未识别到可用于常规肽键形成的游离羧基,,否,C([C@@H](C(=O)N)N)S,https://www.rcsb.org/ligand/CY3
条件候选,CY4,S-BUTYRYL-CYSTEIN,C7 H13 N O3 S,191.248,l-peptide linking,CYS,极性／带电侧链,保留为条件候选；是否有价值取决于具体位点、保护策略和整环性质,以极性/带电特征为主，不宜默认用于提高被动渗透性,是,CCCC(=O)SC[C@@H](C(=O)O)N,https://www.rcsb.org/ligand/CY4
仅结构参考,CY5,"[(2S)-2-[(1R)-1-AMINO-2-MERCAPTOETHYL]-4-(4-HYDROXYBENZYL)-5-OXO-2,5-DIHYDRO-1H-IMIDAZOL-1-YL]ACETIC ACID",C14 H17 N3 O4 S,323.367,d-peptide linking,,D-构型,结构身份可保留，但复杂度、反应性或极性风险不适合进入默认研发库,分子量超过300 Da，单体复杂度和环肽总分子量负担较高；CCD未指定标准氨基酸母体，需确认它是独立残基而非氨基酸样片段,是,c1cc(ccc1CC2=NC(N(C2=O)CC(=O)O)[C@H](CS)N)O,https://www.rcsb.org/ligand/CY5
明确排除,CYF,"5-[2-(2-AMINO-2-CARBAMOYL-ETHYLSULFANYL)-ACETYLAMINO]-2-(3,6-DIHYDROXY-9,9A-DIHYDRO-3H-XANTHEN-9-YL)-BENZOIC ACID",C25 H23 N3 O7 S,509.531,l-peptide linking,CYS,芳香／疏水侧链,分子量超过450 Da，优先视为复杂整分子而非通用残基,,否,c1cc(c(cc1NC(=O)CSC[C@@H](C(=O)N)N)C(=O)O)C2c3ccc(cc3Oc4c2ccc(c4)O)O,https://www.rcsb.org/ligand/CYF
条件候选,CYG,2-AMINO-4-(AMINO-3-OXO-PROPYLSULFANYLCARBONYL)-BUTYRIC ACID,C8 H14 N2 O5 S,250.272,l-peptide linking,CYS,极性／带电侧链,保留为条件候选；是否有价值取决于具体位点、保护策略和整环性质,分子量超过250 Da，需关注偶联效率、溶解度和总环肽体积；以极性/带电特征为主，不宜默认用于提高被动渗透性,是,C(CC(=O)SC[C@@H](C(=O)O)N)[C@@H](C(=O)O)N,https://www.rcsb.org/ligand/CYG
仅结构参考,CYJ,"(Z)-N~6~-[(4R,5S)-5-(2-CARBOXYETHYL)-4-(CARBOXYMETHYL)PIPERIDIN-3-YLIDENE]-L-LYSINE",C16 H27 N3 O6,357.402,l-peptide linking,LYS,极性／带电侧链,结构身份可保留，但复杂度、反应性或极性风险不适合进入默认研发库,分子量超过300 Da，单体复杂度和环肽总分子量负担较高；以极性/带电特征为主，不宜默认用于提高被动渗透性,是,C1[C@H]([C@H](/C(=N\CCCC[C@@H](C(=O)O)N)/CN1)CC(=O)O)CCC(=O)O,https://www.rcsb.org/ligand/CYJ
仅结构参考,CYQ,2-AMINO-3-PHOSPHONOMETHYLSULFANYL-PROPIONIC ACID,C4 H10 N O5 P S,215.165,l-peptide linking,CYS,极性／带电侧链,结构身份可保留，但复杂度、反应性或极性风险不适合进入默认研发库,含磷酸/膦酸相关结构，通常不利于被动跨膜，除非有专门遮蔽设计；以极性/带电特征为主，不宜默认用于提高被动渗透性,是,C([C@@H](C(=O)O)N)SCP(=O)(O)O,https://www.rcsb.org/ligand/CYQ
条件候选,CYR,N~5~-[{[(2R)-2-AMINO-2-CARBOXYETHYL]SULFANYL}(IMINIO)METHYL]-L-ORNITHINATE,C9 H19 N4 O4 S,279.337,l-peptide linking,CYS,极性／带电侧链,保留为条件候选；是否有价值取决于具体位点、保护策略和整环性质,分子量超过250 Da，需关注偶联效率、溶解度和总环肽体积；以极性/带电特征为主，不宜默认用于提高被动渗透性,是,C(C[C@@H](C(=O)O)N)CNC(=[NH2+])SC[C@@H](C(=O)O)N,https://www.rcsb.org/ligand/CYR
条件候选,CYW,S-[(2R)-2-hydroxypropanoyl]-L-cysteine,C6 H11 N O4 S,193.221,l-peptide linking,CYS,极性／带电侧链,保留为条件候选；是否有价值取决于具体位点、保护策略和整环性质,以极性/带电特征为主，不宜默认用于提高被动渗透性,是,C[C@H](C(=O)SC[C@@H](C(=O)O)N)O,https://www.rcsb.org/ligand/CYW
明确排除,CZ2,S-(DIHYDROXYARSINO)CYSTEINE,C3 H8 As N O4 S,229.087,l-peptide linking,CYS,极性／带电侧链,含金属元素，不是常规氨基酸合成单体,,否,C([C@@H](C(=O)O)N)S[As](O)O,https://www.rcsb.org/ligand/CZ2
仅结构参考,CZO,"[(2R,4S)-2-[(1S,2R)-1-amino-2-hydroxypropyl]-2-hydroxy-4-(4-hydroxybenzyl)-5-oxoimidazolidin-1-yl]acetic acid",C15 H21 N3 O6,339.344,l-peptide linking,GLY / TYR,芳香／疏水侧链,结构身份可保留，但复杂度、反应性或极性风险不适合进入默认研发库,分子量超过300 Da，单体复杂度和环肽总分子量负担较高,是,C[C@H]([C@@H]([C@]1(N[C@H](C(=O)N1CC(=O)O)Cc2ccc(cc2)O)O)N)O,https://www.rcsb.org/ligand/CZO
条件候选,CZS,"3-(6-chloro-1,3-benzothiazol-2-yl)-L-alanine",C10 H9 Cl N2 O2 S,256.709,peptide linking,ALA,卤代／电子调节,保留为条件候选；是否有价值取决于具体位点、保护策略和整环性质,分子量超过250 Da，需关注偶联效率、溶解度和总环肽体积；CCD仅标为通用peptide linking，需确认真实主链连接几何,是,c1cc2c(cc1Cl)sc(n2)C[C@@H](C(=O)O)N,https://www.rcsb.org/ligand/CZS
明确排除,CZZ,THIARSAHYDROXY-CYSTEINE,C3 H7 As N O3 S,212.079,l-peptide linking,CYS,极性／带电侧链,含金属元素，不是常规氨基酸合成单体,,否,C([C@@H](C(=O)O)N)S[As]O,https://www.rcsb.org/ligand/CZZ
优先研发候选,D0C,4-chloro-D-phenylalanine,C9 H10 Cl N O2,199.634,d-peptide linking,,D-构型,属于D-构型方向，可用于口服环肽的构象/稳定性/主链极性扫描,CCD未指定标准氨基酸母体，需确认它是独立残基而非氨基酸样片段,是,c1cc(ccc1C[C@H](C(=O)O)N)Cl,https://www.rcsb.org/ligand/D0C
条件候选,D0Q,5-methyl-L-tryptophan,C12 H14 N2 O2,218.252,l-peptide linking,,芳香／疏水侧链,保留为条件候选；是否有价值取决于具体位点、保护策略和整环性质,CCD未指定标准氨基酸母体，需确认它是独立残基而非氨基酸样片段,是,Cc1ccc2c(c1)c(c[nH]2)C[C@@H](C(=O)O)N,https://www.rcsb.org/ligand/D0Q
仅结构参考,D11,D-PHOSPHOTHREONINE,C4 H10 N O6 P,199.099,d-peptide linking,,D-构型,结构身份可保留，但复杂度、反应性或极性风险不适合进入默认研发库,含磷酸/膦酸相关结构，通常不利于被动跨膜，除非有专门遮蔽设计；CCD未指定标准氨基酸母体，需确认它是独立残基而非氨基酸样片段,是,C[C@@H]([C@H](C(=O)O)N)OP(=O)(O)O,https://www.rcsb.org/ligand/D11
条件候选,D2T,(3R)-3-(methylsulfanyl)-L-aspartic acid,C5 H9 N O4 S,179.194,l-peptide linking,ASP,极性／带电侧链,保留为条件候选；是否有价值取决于具体位点、保护策略和整环性质,以极性/带电特征为主，不宜默认用于提高被动渗透性,是,CS[C@H]([C@@H](C(=O)O)N)C(=O)O,https://www.rcsb.org/ligand/D2T
优先研发候选,D3P,"(2R)-AMINO(3,5-DIHYDROXYPHENYL)ACETIC ACID",C8 H9 N O4,183.161,d-peptide linking,,D-构型,属于D-构型方向，可用于口服环肽的构象/稳定性/主链极性扫描,CCD未指定标准氨基酸母体，需确认它是独立残基而非氨基酸样片段,是,c1c(cc(cc1O)O)[C@H](C(=O)O)N,https://www.rcsb.org/ligand/D3P
条件候选,D4P,(2S)-AMINO(4-HYDROXYPHENYL)ACETIC ACID,C8 H9 N O3,167.162,l-peptide linking,,芳香／疏水侧链,保留为条件候选；是否有价值取决于具体位点、保护策略和整环性质,CCD未指定标准氨基酸母体，需确认它是独立残基而非氨基酸样片段,是,c1cc(ccc1[C@@H](C(=O)O)N)O,https://www.rcsb.org/ligand/D4P
条件候选,D8R,N~6~-[(2R)-2-hydroxypropanoyl]-L-lysine,C9 H18 N2 O4,218.25,l-peptide linking,LYS,极性／带电侧链,保留为条件候选；是否有价值取决于具体位点、保护策略和整环性质,以极性/带电特征为主，不宜默认用于提高被动渗透性,是,C[C@H](C(=O)NCCCC[C@@H](C(=O)O)N)O,https://www.rcsb.org/ligand/D8R
条件候选,DA2,"NG,NG-DIMETHYL-L-ARGININE",C8 H18 N4 O2,202.254,l-peptide linking,ARG,极性／带电侧链,保留为条件候选；是否有价值取决于具体位点、保护策略和整环性质,以极性/带电特征为主，不宜默认用于提高被动渗透性,是,[H]/N=C(/NCCC[C@@H](C(=O)O)N)\N(C)C,https://www.rcsb.org/ligand/DA2
条件候选,DAB,"2,4-DIAMINOBUTYRIC ACID",C4 H10 N2 O2,118.134,l-peptide linking,ALA,极性／带电侧链,保留为条件候选；是否有价值取决于具体位点、保护策略和整环性质,以极性/带电特征为主，不宜默认用于提高被动渗透性,是,C(CN)[C@@H](C(=O)O)N,https://www.rcsb.org/ligand/DAB
条件候选,DAH,"3,4-DIHYDROXYPHENYLALANINE",C9 H11 N O4,197.188,l-peptide linking,TYR,芳香／疏水侧链,保留为条件候选；是否有价值取决于具体位点、保护策略和整环性质,,是,c1cc(c(cc1C[C@@H](C(=O)O)N)O)O,https://www.rcsb.org/ligand/DAH
优先研发候选,DAL,D-ALANINE,C3 H7 N O2,89.093,d-peptide linking,,D-构型,属于D-构型方向，可用于口服环肽的构象/稳定性/主链极性扫描,CCD未指定标准氨基酸母体，需确认它是独立残基而非氨基酸样片段,是,C[C@H](C(=O)O)N,https://www.rcsb.org/ligand/DAL
优先研发候选,DAM,N-METHYL-ALPHA-BETA-DEHYDROALANINE,C4 H7 N O2,101.104,peptide linking,,N-取代,属于N-取代方向，可用于口服环肽的构象/稳定性/主链极性扫描,CCD仅标为通用peptide linking，需确认真实主链连接几何；CCD未指定标准氨基酸母体，需确认它是独立残基而非氨基酸样片段,是,CNC(=C)C(=O)O,https://www.rcsb.org/ligand/DAM
条件候选,DAR,D-ARGININE,C6 H15 N4 O2,175.209,d-peptide linking,,D-构型,保留为条件候选；是否有价值取决于具体位点、保护策略和整环性质,CCD未指定标准氨基酸母体，需确认它是独立残基而非氨基酸样片段,是,C(C[C@H](C(=O)O)N)CNC(=[NH2+])N,https://www.rcsb.org/ligand/DAR
条件候选,DAS,D-ASPARTIC ACID,C4 H7 N O4,133.103,d-peptide linking,,D-构型,保留为条件候选；是否有价值取决于具体位点、保护策略和整环性质,CCD未指定标准氨基酸母体，需确认它是独立残基而非氨基酸样片段,是,C([C@H](C(=O)O)N)C(=O)O,https://www.rcsb.org/ligand/DAS
优先研发候选,DBB,D-ALPHA-AMINOBUTYRIC ACID,C4 H9 N O2,103.12,d-peptide linking,,D-构型,属于D-构型方向，可用于口服环肽的构象/稳定性/主链极性扫描,CCD未指定标准氨基酸母体，需确认它是独立残基而非氨基酸样片段,是,CC[C@H](C(=O)O)N,https://www.rcsb.org/ligand/DBB
条件候选,DBS,"2-(2,3-DIHYDROXY-BENZOYLAMINO)-3-HYDROXY-PROPIONIC ACID",C10 H11 N O6,241.197,l-peptide linking,SER,芳香／疏水侧链,保留为条件候选；是否有价值取决于具体位点、保护策略和整环性质,,是,c1cc(c(c(c1)O)O)C(=O)N[C@@H](CO)C(=O)O,https://www.rcsb.org/ligand/DBS
条件候选,DBU,(2Z)-2-AMINOBUT-2-ENOIC ACID,C4 H7 N O2,101.104,peptide linking,THR,其他CCD肽链核心,保留为条件候选；是否有价值取决于具体位点、保护策略和整环性质,CCD仅标为通用peptide linking，需确认真实主链连接几何,是,C\C=C(\C(=O)O)/N,https://www.rcsb.org/ligand/DBU
仅结构参考,DBY,"3,5 DIBROMOTYROSINE",C9 H9 Br2 N O3,338.981,l-peptide linking,TYR,卤代／电子调节,结构身份可保留，但复杂度、反应性或极性风险不适合进入默认研发库,分子量超过300 Da，单体复杂度和环肽总分子量负担较高,是,c1c(cc(c(c1Br)O)Br)C[C@@H](C(=O)O)N,https://www.rcsb.org/ligand/DBY
条件候选,DBZ,3-(BENZOYLAMINO)-L-ALANINE,C10 H12 N2 O3,208.214,l-peptide linking,ALA,芳香／疏水侧链,保留为条件候选；是否有价值取决于具体位点、保护策略和整环性质,,是,c1ccc(cc1)C(=O)NC[C@@H](C(=O)O)N,https://www.rcsb.org/ligand/DBZ
明确排除,DC2,"N-acetyl-S-[(1S)-1,2-dichloroethyl]-L-cysteine",C7 H11 Cl2 N O3 S,260.138,l-peptide linking,CYS,卤代／电子调节,主链氨基被端基化，不能按普通内部残基直接偶联,,否,CC(=O)N[C@@H](CS[C@H](CCl)Cl)C(=O)O,https://www.rcsb.org/ligand/DC2
优先研发候选,DCY,D-CYSTEINE,C3 H7 N O2 S,121.158,d-peptide linking,,D-构型,属于D-构型方向，可用于口服环肽的构象/稳定性/主链极性扫描,CCD未指定标准氨基酸母体，需确认它是独立残基而非氨基酸样片段,是,C([C@H](C(=O)O)N)S,https://www.rcsb.org/ligand/DCY
条件候选,DDE,{3-[4-(2-AMINO-2-CARBOXY-ETHYL)-1H-IMIDAZOL-2-YL]-1-CARBAMOYL-PROPYL}-TRIMETHYL-AMMONIUM,C13 H24 N5 O3,298.361,l-peptide linking,HIS,芳香／疏水侧链,保留为条件候选；是否有价值取决于具体位点、保护策略和整环性质,分子量超过250 Da，需关注偶联效率、溶解度和总环肽体积,是,C[N+](C)(C)[C@H](CCc1[nH]cc(n1)C[C@@H](C(=O)O)N)C(=O)N,https://www.rcsb.org/ligand/DDE
条件候选,DDZ,"3,3-DIHYDROXY L-ALANINE",C3 H7 N O4,121.092,l-peptide linking,ALA,极性／带电侧链,保留为条件候选；是否有价值取决于具体位点、保护策略和整环性质,以极性/带电特征为主，不宜默认用于提高被动渗透性,是,[C@H](C(O)O)(C(=O)O)N,https://www.rcsb.org/ligand/DDZ
条件候选,DFF,4-benzoyl-D-phenylalanine,C16 H15 N O3,269.295,d-peptide linking,,D-构型,保留为条件候选；是否有价值取决于具体位点、保护策略和整环性质,分子量超过250 Da，需关注偶联效率、溶解度和总环肽体积；CCD未指定标准氨基酸母体，需确认它是独立残基而非氨基酸样片段,是,c1ccc(cc1)C(=O)c2ccc(cc2)C[C@H](C(=O)O)N,https://www.rcsb.org/ligand/DFF
条件候选,DFI,"2,2-DIFLUOROSTATINE",C8 H15 F2 N O3,211.206,l-peptide linking,,卤代／电子调节,保留为条件候选；是否有价值取决于具体位点、保护策略和整环性质,CCD未指定标准氨基酸母体，需确认它是独立残基而非氨基酸样片段,是,CC(C)C[C@@H]([C@H](C(C(=O)O)(F)F)O)N,https://www.rcsb.org/ligand/DFI
条件候选,DFO,"2,2-DIFLUORO-3-HYDROSTATINE",C8 H15 F2 N O4,227.206,l-peptide linking,,卤代／电子调节,保留为条件候选；是否有价值取决于具体位点、保护策略和整环性质,CCD未指定标准氨基酸母体，需确认它是独立残基而非氨基酸样片段,是,CC(C)C[C@@H](C(C(C(=O)O)(F)F)(O)O)N,https://www.rcsb.org/ligand/DFO
条件候选,DGL / FGA,D-GLUTAMIC ACID,C5 H9 N O4,147.129,"d-peptide linking；d-gamma-peptide, c-delta linking",,D-构型,保留为条件候选；是否有价值取决于具体位点、保护策略和整环性质,CCD未指定标准氨基酸母体，需确认它是独立残基而非氨基酸样片段,是,C(CC(=O)O)[C@H](C(=O)O)N,https://www.rcsb.org/ligand/DGL
优先研发候选,DGN,D-GLUTAMINE,C5 H10 N2 O3,146.144,d-peptide linking,,D-构型,属于D-构型方向，可用于口服环肽的构象/稳定性/主链极性扫描,CCD未指定标准氨基酸母体，需确认它是独立残基而非氨基酸样片段,是,C(CC(=O)N)[C@H](C(=O)O)N,https://www.rcsb.org/ligand/DGN
条件候选,DHA,2-AMINO-ACRYLIC ACID,C3 H5 N O2,87.077,peptide linking,SER,其他CCD肽链核心,保留为条件候选；是否有价值取决于具体位点、保护策略和整环性质,CCD仅标为通用peptide linking，需确认真实主链连接几何,是,C=C(C(=O)O)N,https://www.rcsb.org/ligand/DHA
优先研发候选,DHI,D-HISTIDINE,C6 H10 N3 O2,156.162,d-peptide linking,,D-构型,属于D-构型方向，可用于口服环肽的构象/稳定性/主链极性扫描,CCD未指定标准氨基酸母体，需确认它是独立残基而非氨基酸样片段,是,c1c([nH+]c[nH]1)C[C@H](C(=O)O)N,https://www.rcsb.org/ligand/DHI
明确排除,DHL,2-AMINO-ETHANETHIOL,C2 H7 N S,77.149,l-peptide linking,,其他CCD肽链核心,结构中未识别到可用于常规肽键形成的游离羧基,,否,C(CS)N,https://www.rcsb.org/ligand/DHL
明确排除,DHP,"3-DECYL-2,5-DIOXO-4-HYDROXY-3-PYRROLINE",C14 H23 N O3,253.337,l-peptide linking,,极性／带电侧链,结构中未识别到可用于常规肽键形成的游离羧基,,否,CCCCCCCCCCC1=C(C(=O)NC1=O)O,https://www.rcsb.org/ligand/DHP
优先研发候选,DHV,3-hydroxy-D-valine,C5 H11 N O3,133.146,d-peptide linking,,D-构型,属于D-构型方向，可用于口服环肽的构象/稳定性/主链极性扫描,CCD未指定标准氨基酸母体，需确认它是独立残基而非氨基酸样片段,是,CC(C)([C@H](C(=O)O)N)O,https://www.rcsb.org/ligand/DHV
条件候选,DI7,"2,6-dimethyl-L-tyrosine",C11 H15 N O3,209.242,l-peptide linking,TYR,芳香／疏水侧链,保留为条件候选；是否有价值取决于具体位点、保护策略和整环性质,,是,Cc1cc(cc(c1C[C@@H](C(=O)O)N)C)O,https://www.rcsb.org/ligand/DI7
条件候选,DI8,"(3S)-1,2,3,4-tetrahydroisoquinoline-3-carboxylic acid",C10 H11 N O2,177.2,l-peptide linking,,芳香／疏水侧链,保留为条件候选；是否有价值取决于具体位点、保护策略和整环性质,CCD未指定标准氨基酸母体，需确认它是独立残基而非氨基酸样片段,是,c1ccc2c(c1)C[C@H](NC2)C(=O)O,https://www.rcsb.org/ligand/DI8
优先研发候选,DIL,D-ISOLEUCINE,C6 H13 N O2,131.173,d-peptide linking,,D-构型,属于D-构型方向，可用于口服环肽的构象/稳定性/主链极性扫描,CCD未指定标准氨基酸母体，需确认它是独立残基而非氨基酸样片段,是,CC[C@@H](C)[C@H](C(=O)O)N,https://www.rcsb.org/ligand/DIL
条件候选,DIR,3-{[(E)-AMINO(HYDROXYIMINO)METHYL]AMINO}ALANINE,C4 H10 N4 O3,162.147,l-peptide linking,ARG,极性／带电侧链,保留为条件候选；是否有价值取决于具体位点、保护策略和整环性质,以极性/带电特征为主，不宜默认用于提高被动渗透性,是,C([C@@H](C(=O)O)N)N/C(=N/O)/N,https://www.rcsb.org/ligand/DIR
仅结构参考,DISEP,DIPHOSPHOSERINE,C3 H9 N O9 P2,265.052,l-peptide linking,SER,极性／带电侧链,结构身份可保留，但复杂度、反应性或极性风险不适合进入默认研发库,分子量超过250 Da，需关注偶联效率、溶解度和总环肽体积；杂原子较多，可能增加暴露极性和去溶剂化代价；含磷酸/膦酸相关结构，通常不利于被动跨膜，除非有专门遮蔽设计；以极性/带电特征为主，不宜默认用于提高被动渗透性,是,C(C(C(=O)O)N)OP(=O)(O)OP(=O)(O)O,https://www.rcsb.org/ligand/DISEP
优先研发候选,DIV,D-ISOVALINE,C5 H11 N O2,117.146,d-peptide linking,,D-构型,属于D-构型方向，可用于口服环肽的构象/稳定性/主链极性扫描,CCD未指定标准氨基酸母体，需确认它是独立残基而非氨基酸样片段,是,CC[C@](C)(C(=O)O)N,https://www.rcsb.org/ligand/DIV
条件候选,DJD,"4-(6-methyl-1,2,4,5-tetrazin-3-yl)-L-phenylalanine",C12 H13 N5 O2,259.264,l-peptide linking,PHE,芳香／疏水侧链,保留为条件候选；是否有价值取决于具体位点、保护策略和整环性质,分子量超过250 Da，需关注偶联效率、溶解度和总环肽体积,是,Cc1nnc(nn1)c2ccc(cc2)C[C@@H](C(=O)O)N,https://www.rcsb.org/ligand/DJD
优先研发候选,DLE,D-LEUCINE,C6 H13 N O2,131.173,d-peptide linking,,D-构型,属于D-构型方向，可用于口服环肽的构象/稳定性/主链极性扫描,CCD未指定标准氨基酸母体，需确认它是独立残基而非氨基酸样片段,是,CC(C)C[C@H](C(=O)O)N,https://www.rcsb.org/ligand/DLE
条件候选,DLS,DI-ACETYL-LYSINE,C10 H18 N2 O4,230.261,l-peptide linking,LYS,极性／带电侧链,保留为条件候选；是否有价值取决于具体位点、保护策略和整环性质,以极性/带电特征为主，不宜默认用于提高被动渗透性,是,CC(=O)NCCCC[C@@H](C(=O)O)NC(=O)C,https://www.rcsb.org/ligand/DLS
优先研发候选,DLY,D-LYSINE,C6 H14 N2 O2,146.188,d-peptide linking,,D-构型,属于D-构型方向，可用于口服环肽的构象/稳定性/主链极性扫描,CCD未指定标准氨基酸母体，需确认它是独立残基而非氨基酸样片段,是,C(CCN)C[C@H](C(=O)O)N,https://www.rcsb.org/ligand/DLY
条件候选,DM0,"N~2~,N~2~,N~6~,N~6~-tetramethyl-L-lysine",C10 H22 N2 O2,202.294,l-peptide linking,LYS,极性／带电侧链,保留为条件候选；是否有价值取决于具体位点、保护策略和整环性质,以极性/带电特征为主，不宜默认用于提高被动渗透性,是,CN(C)CCCC[C@@H](C(=O)O)N(C)C,https://www.rcsb.org/ligand/DM0
条件候选,DMH,"N4,N4-DIMETHYL-ASPARAGINE",C6 H12 N2 O3,160.171,l-peptide linking,ASN,极性／带电侧链,保留为条件候选；是否有价值取决于具体位点、保护策略和整环性质,以极性/带电特征为主，不宜默认用于提高被动渗透性,是,CN(C)C(=O)C[C@@H](C(=O)O)N,https://www.rcsb.org/ligand/DMH
条件候选,DMK,"3,3-DIMETHYL ASPARTIC ACID",C6 H11 N O4,161.156,l-peptide linking,ASP,极性／带电侧链,保留为条件候选；是否有价值取决于具体位点、保护策略和整环性质,以极性/带电特征为主，不宜默认用于提高被动渗透性,是,CC(C)([C@@H](C(=O)O)N)C(=O)O,https://www.rcsb.org/ligand/DMK
条件候选,DMT,"3-HYDROXY-4,4-DIMETHYL-2-(METHYLAMINO)-6-OCTENOIC ACID",C11 H21 N O3,215.289,l-peptide linking,,极性／带电侧链,保留为条件候选；是否有价值取决于具体位点、保护策略和整环性质,CCD未指定标准氨基酸母体，需确认它是独立残基而非氨基酸样片段；以极性/带电特征为主，不宜默认用于提高被动渗透性,是,C\C=C\CC(C)(C)[C@H]([C@@H](C(=O)O)NC)O,https://www.rcsb.org/ligand/DMT
优先研发候选,DNE,D-NORLEUCINE,C6 H13 N O2,131.173,d-peptide linking,,D-构型,属于D-构型方向，可用于口服环肽的构象/稳定性/主链极性扫描,CCD未指定标准氨基酸母体，需确认它是独立残基而非氨基酸样片段,是,CCCC[C@H](C(=O)O)N,https://www.rcsb.org/ligand/DNE
明确排除,DNG,N-FORMYL-D-NORLEUCINE,C7 H13 N O3,159.183,d-peptide linking,,D-构型,主链氨基被端基化，不能按普通内部残基直接偶联,,否,CCCC[C@H](C(=O)O)NC=O,https://www.rcsb.org/ligand/DNG
明确排除,DNL,6-AMINO-HEXANAL,C6 H13 N O,115.174,l-peptide linking,LYS,其他CCD肽链核心,结构中未识别到可用于常规肽键形成的游离羧基,,否,C(CCC=O)CCN,https://www.rcsb.org/ligand/DNL
优先研发候选,DNM,N-methyl-D-norleucine,C7 H15 N O2,145.199,d-peptide linking,,N-取代,属于N-取代方向，可用于口服环肽的构象/稳定性/主链极性扫描,CCD未指定标准氨基酸母体，需确认它是独立残基而非氨基酸样片段,是,CCCC[C@H](C(=O)O)NC,https://www.rcsb.org/ligand/DNM
条件候选,DNP,3-AMINO-ALANINE,C3 H9 N2 O2,105.116,l-peptide linking,ALA,极性／带电侧链,保留为条件候选；是否有价值取决于具体位点、保护策略和整环性质,以极性/带电特征为主，不宜默认用于提高被动渗透性,是,C([C@@H](C(=O)O)N)[NH3+],https://www.rcsb.org/ligand/DNP
仅结构参考,DNS,N~6~-{[5-(DIMETHYLAMINO)-1-NAPHTHYL]SULFONYL}-L-LYSINE,C18 H25 N3 O4 S,379.474,l-peptide linking,LYS,芳香／疏水侧链,结构身份可保留，但复杂度、反应性或极性风险不适合进入默认研发库,分子量超过300 Da，单体复杂度和环肽总分子量负担较高,是,CN(C)c1cccc2c1cccc2S(=O)(=O)NCCCC[C@@H](C(=O)O)N,https://www.rcsb.org/ligand/DNS
条件候选,DNW,"3-[(2,4-dinitrophenyl)amino]-L-alanine",C9 H10 N4 O6,270.199,l-peptide linking,ALA,芳香／疏水侧链,保留为条件候选；是否有价值取决于具体位点、保护策略和整环性质,分子量超过250 Da，需关注偶联效率、溶解度和总环肽体积,是,c1cc(c(cc1[N+](=O)[O-])[N+](=O)[O-])NC[C@@H](C(=O)O)N,https://www.rcsb.org/ligand/DNW
条件候选,DO2,"5,5-dihydroxy-6-oxo-L-norleucine",C6 H11 N O5,177.155,l-peptide linking,,极性／带电侧链,保留为条件候选；是否有价值取决于具体位点、保护策略和整环性质,CCD未指定标准氨基酸母体，需确认它是独立残基而非氨基酸样片段；以极性/带电特征为主，不宜默认用于提高被动渗透性,是,C(CC(C=O)(O)O)[C@@H](C(=O)O)N,https://www.rcsb.org/ligand/DO2
条件候选,DOA,12-AMINO-DODECANOIC ACID,C12 H25 N O2,215.332,l-peptide linking,,其他CCD肽链核心,保留为条件候选；是否有价值取决于具体位点、保护策略和整环性质,CCD未指定标准氨基酸母体，需确认它是独立残基而非氨基酸样片段,是,C(CCCCCC(=O)O)CCCCCN,https://www.rcsb.org/ligand/DOA
条件候选,DON,6-DIAZENYL-5-OXO-L-NORLEUCINE,C6 H11 N3 O3,173.17,l-peptide linking,LEU,极性／带电侧链,保留为条件候选；是否有价值取决于具体位点、保护策略和整环性质,以极性/带电特征为主，不宜默认用于提高被动渗透性,是,C(CC(=O)CN=N)[C@@H](C(=O)O)N,https://www.rcsb.org/ligand/DON
优先研发候选,DPL,4-OXOPROLINE,C5 H7 N O3,129.114,l-peptide linking,PRO,构象限制,属于构象限制方向，可用于口服环肽的构象/稳定性/主链极性扫描；CCD给出标准母体残基，便于设计成对替换实验,,是,C1[C@H](NCC1=O)C(=O)O,https://www.rcsb.org/ligand/DPL
优先研发候选,DPN,D-PHENYLALANINE,C9 H11 N O2,165.189,d-peptide linking,,D-构型,属于D-构型方向，可用于口服环肽的构象/稳定性/主链极性扫描,CCD未指定标准氨基酸母体，需确认它是独立残基而非氨基酸样片段,是,c1ccc(cc1)C[C@H](C(=O)O)N,https://www.rcsb.org/ligand/DPN
条件候选,DPP,DIAMINOPROPANOIC ACID,C3 H8 N2 O2,104.108,l-peptide linking,ALA,极性／带电侧链,保留为条件候选；是否有价值取决于具体位点、保护策略和整环性质,以极性/带电特征为主，不宜默认用于提高被动渗透性,是,C([C@@H](C(=O)O)N)N,https://www.rcsb.org/ligand/DPP
优先研发候选,DPQ,"(S)-2-AMINO-3-(4-HYDROXY-3-OXOCYCLOHEXA-1,4-DIENYL)PROPANOIC ACID",C9 H11 N O4,197.188,l-peptide linking,TYR,构象限制,属于构象限制方向，可用于口服环肽的构象/稳定性/主链极性扫描；CCD给出标准母体残基，便于设计成对替换实验,,是,C1C=C(C(=O)C=C1C[C@@H](C(=O)O)N)O,https://www.rcsb.org/ligand/DPQ
优先研发候选,DPR,D-PROLINE,C5 H9 N O2,115.13,d-peptide linking,,D-构型,属于D-构型方向，可用于口服环肽的构象/稳定性/主链极性扫描,CCD未指定标准氨基酸母体，需确认它是独立残基而非氨基酸样片段,是,C1C[C@@H](NC1)C(=O)O,https://www.rcsb.org/ligand/DPR
优先研发候选,DSE,N-METHYL-D-SERINE,C4 H9 N O3,119.119,d-peptide linking,,N-取代,属于N-取代方向，可用于口服环肽的构象/稳定性/主链极性扫描,CCD未指定标准氨基酸母体，需确认它是独立残基而非氨基酸样片段,是,CN[C@H](CO)C(=O)O,https://www.rcsb.org/ligand/DSE
优先研发候选,DSG,D-ASPARAGINE,C4 H8 N2 O3,132.118,d-peptide linking,,D-构型,属于D-构型方向，可用于口服环肽的构象/稳定性/主链极性扫描,CCD未指定标准氨基酸母体，需确认它是独立残基而非氨基酸样片段,是,C([C@H](C(=O)O)N)C(=O)N,https://www.rcsb.org/ligand/DSG
优先研发候选,DSN,D-SERINE,C3 H7 N O3,105.093,d-peptide linking,,D-构型,属于D-构型方向，可用于口服环肽的构象/稳定性/主链极性扫描,CCD未指定标准氨基酸母体，需确认它是独立残基而非氨基酸样片段,是,C([C@H](C(=O)O)N)O,https://www.rcsb.org/ligand/DSN
优先研发候选,DTH,D-THREONINE,C4 H9 N O3,119.119,d-peptide linking,,D-构型,属于D-构型方向，可用于口服环肽的构象/稳定性/主链极性扫描,CCD未指定标准氨基酸母体，需确认它是独立残基而非氨基酸样片段,是,C[C@@H]([C@H](C(=O)O)N)O,https://www.rcsb.org/ligand/DTH
优先研发候选,DTR,D-TRYPTOPHAN,C11 H12 N2 O2,204.225,d-peptide linking,,D-构型,属于D-构型方向，可用于口服环肽的构象/稳定性/主链极性扫描,CCD未指定标准氨基酸母体，需确认它是独立残基而非氨基酸样片段,是,c1ccc2c(c1)c(c[nH]2)C[C@H](C(=O)O)N,https://www.rcsb.org/ligand/DTR
优先研发候选,DTY,D-TYROSINE,C9 H11 N O3,181.189,d-peptide linking,,D-构型,属于D-构型方向，可用于口服环肽的构象/稳定性/主链极性扫描,CCD未指定标准氨基酸母体，需确认它是独立残基而非氨基酸样片段,是,c1cc(ccc1C[C@H](C(=O)O)N)O,https://www.rcsb.org/ligand/DTY
条件候选,DV7,L-(7-hydroxycoumarin-4-yl)ethylglycine,C13 H13 N O5,263.246,l-peptide linking,,芳香／疏水侧链,保留为条件候选；是否有价值取决于具体位点、保护策略和整环性质,分子量超过250 Da，需关注偶联效率、溶解度和总环肽体积；CCD未指定标准氨基酸母体，需确认它是独立残基而非氨基酸样片段,是,c1cc2c(cc1O)OC(=O)C=C2CC[C@@H](C(=O)O)N,https://www.rcsb.org/ligand/DV7
仅结构参考,DV9,"(2S)-2-azanyl-6,6-bis(fluoranyl)-5-oxidanylidene-6-phosphono-hexanoic acid",C6 H10 F2 N O6 P,261.117,l-peptide linking,GLU,极性／带电侧链,结构身份可保留，但复杂度、反应性或极性风险不适合进入默认研发库,分子量超过250 Da，需关注偶联效率、溶解度和总环肽体积；含磷酸/膦酸相关结构，通常不利于被动跨膜，除非有专门遮蔽设计；以极性/带电特征为主，不宜默认用于提高被动渗透性,是,C(CC(=O)C(F)(F)P(=O)(O)O)[C@@H](C(=O)O)N,https://www.rcsb.org/ligand/DV9
优先研发候选,DVA,D-VALINE,C5 H11 N O2,117.146,d-peptide linking,,D-构型,属于D-构型方向，可用于口服环肽的构象/稳定性/主链极性扫描,CCD未指定标准氨基酸母体，需确认它是独立残基而非氨基酸样片段,是,CC(C)[C@H](C(=O)O)N,https://www.rcsb.org/ligand/DVA
条件候选,DYA,DIDEHYDROASPARTATE,C4 H5 N O4,131.087,l-peptide linking,ASP,极性／带电侧链,保留为条件候选；是否有价值取决于具体位点、保护策略和整环性质,以极性/带电特征为主，不宜默认用于提高被动渗透性,是,C(=C(/C(=O)O)\N)\C(=O)O,https://www.rcsb.org/ligand/DYA
仅结构参考,DYG,(3S)-3-amino-3-[(4Z)-1-(carboxymethyl)-4-[(4-hydroxyphenyl)methylidene]-5-oxo-imidazol-2-yl]propanoic acid,C15 H15 N3 O6,333.296,l-peptide linking,ASP / GLY / TYR,芳香／疏水侧链,结构身份可保留，但复杂度、反应性或极性风险不适合进入默认研发库,分子量超过300 Da，单体复杂度和环肽总分子量负担较高,是,c1cc(ccc1\C=C/2\C(=O)N(C(=N2)[C@H](CC(=O)O)N)CC(=O)O)O,https://www.rcsb.org/ligand/DYG
条件候选,DYJ,1-[(2E)-4-carboxy-4-oxobut-2-en-2-yl]-L-proline,C10 H13 N O5,227.214,l-peptide linking,PRO,构象限制,保留为条件候选；是否有价值取决于具体位点、保护策略和整环性质,,是,C/C(=C\C(=O)C(=O)O)/N1CCC[C@H]1C(=O)O,https://www.rcsb.org/ligand/DYJ
优先研发候选,DYL,(2R)-2-aminopent-4-enoic acid,C5 H9 N O2,115.13,d-peptide linking,,D-构型,属于D-构型方向，可用于口服环肽的构象/稳定性/主链极性扫描,CCD未指定标准氨基酸母体，需确认它是独立残基而非氨基酸样片段,是,C=CC[C@H](C(=O)O)N,https://www.rcsb.org/ligand/DYL
条件候选,DYS,"S-[5-(2-aminoethyl)-2,3-dihydroxyphenyl]-L-cysteine",C11 H16 N2 O4 S,272.321,l-peptide linking,CYS,芳香／疏水侧链,保留为条件候选；是否有价值取决于具体位点、保护策略和整环性质,分子量超过250 Da，需关注偶联效率、溶解度和总环肽体积,是,c1c(cc(c(c1O)O)SC[C@@H](C(=O)O)N)CCN,https://www.rcsb.org/ligand/DYS
优先研发候选,E03,6-FLUORO-D-TRYPTOPHAN,C11 H11 F N2 O2,222.216,d-peptide linking,,D-构型,属于D-构型方向，可用于口服环肽的构象/稳定性/主链极性扫描,CCD未指定标准氨基酸母体，需确认它是独立残基而非氨基酸样片段,是,c1cc2c(cc1F)[nH]cc2C[C@H](C(=O)O)N,https://www.rcsb.org/ligand/E03
仅结构参考,E0Y,"(3S,5R)-5-[(2R,3R)-1,3-dihydroxybutan-2-yl]-3-({(3R)-1-[(1E)-ethanimidoyl]pyrrolidin-3-yl}sulfanyl)-L-proline",C15 H27 N3 O4 S,345.458,l-peptide linking,PRO,构象限制,结构身份可保留，但复杂度、反应性或极性风险不适合进入默认研发库,分子量超过300 Da，单体复杂度和环肽总分子量负担较高,是,[H]/N=C(\C)/N1CC[C@H](C1)SC2C[C@@H](NC2C(=O)O)[C@H](CO)[C@@H](C)O,https://www.rcsb.org/ligand/E0Y
条件候选,E95,7-Methyl-L-Tryptophan,C12 H14 N2 O2,218.252,l-peptide linking,,芳香／疏水侧链,保留为条件候选；是否有价值取决于具体位点、保护策略和整环性质,CCD未指定标准氨基酸母体，需确认它是独立残基而非氨基酸样片段,是,Cc1cccc2c1[nH]cc2C[C@@H](C(=O)O)N,https://www.rcsb.org/ligand/E95
条件候选,E9C,"(2S)-2-azanyl-3-[3,4,6-tris(oxidanylidene)cyclohexen-1-yl]propanoic acid",C9 H9 N O5,211.171,l-peptide linking,TYR,构象限制,保留为条件候选；是否有价值取决于具体位点、保护策略和整环性质,,是,C1C(=O)C(=CC(=O)C1=O)C[C@@H](C(=O)O)N,https://www.rcsb.org/ligand/E9C
优先研发候选,E9M,N-methyl-L-tryptophan,C12 H14 N2 O2,218.252,l-peptide linking,TRP,N-取代,属于N-取代方向，可用于口服环肽的构象/稳定性/主链极性扫描；CCD给出标准母体残基，便于设计成对替换实验,,是,CN[C@@H](Cc1c[nH]c2c1cccc2)C(=O)O,https://www.rcsb.org/ligand/E9M
优先研发候选,E9V,N-methyl-L-histidine,C7 H11 N3 O2,169.181,l-peptide linking,HIS,N-取代,属于N-取代方向，可用于口服环肽的构象/稳定性/主链极性扫描；CCD给出标准母体残基，便于设计成对替换实验,,是,CN[C@@H](Cc1cnc[nH]1)C(=O)O,https://www.rcsb.org/ligand/E9V
明确排除,ECC,(4S)-4-amino-5-hydroxypentanamide,C5 H12 N2 O2,132.161,l-peptide linking,GLN,极性／带电侧链,结构中未识别到可用于常规肽键形成的游离羧基,,否,C(CC(=O)N)[C@@H](CO)N,https://www.rcsb.org/ligand/ECC
条件候选,ECX,S-ethyl-L-cysteine,C5 H11 N O2 S,149.211,l-peptide linking,CYS,其他CCD肽链核心,保留为条件候选；是否有价值取决于具体位点、保护策略和整环性质,,是,CCSC[C@@H](C(=O)O)N,https://www.rcsb.org/ligand/ECX
条件候选,EEP,"(2S,4R)-2-amino-4,5-dihydroxy-4-methylpentanoic acid",C6 H13 N O4,163.172,l-peptide linking,,极性／带电侧链,保留为条件候选；是否有价值取决于具体位点、保护策略和整环性质,CCD未指定标准氨基酸母体，需确认它是独立残基而非氨基酸样片段；以极性/带电特征为主，不宜默认用于提高被动渗透性,是,C[C@@](C[C@@H](C(=O)O)N)(CO)O,https://www.rcsb.org/ligand/EEP
条件候选,EFC,"S,S-(2-FLUOROETHYL)THIOCYSTEINE",C5 H10 F N O2 S2,199.267,l-peptide linking,CYS,卤代／电子调节,保留为条件候选；是否有价值取决于具体位点、保护策略和整环性质,,是,C(CSSC[C@@H](C(=O)O)N)F,https://www.rcsb.org/ligand/EFC
条件候选,EI4,Enduracididine,C6 H12 N4 O2,172.185,l-peptide linking,ARG,极性／带电侧链,保留为条件候选；是否有价值取决于具体位点、保护策略和整环性质,以极性/带电特征为主，不宜默认用于提高被动渗透性,是,[H]/N=C\1/NC[C@@H](N1)C[C@@H](C(=O)O)N,https://www.rcsb.org/ligand/EI4
条件候选,EJA,S-[(1Z)-2-carboxy-N-hydroxyethanimidoyl]-L-cysteine,C6 H10 N2 O5 S,222.219,l-peptide linking,CYS,极性／带电侧链,保留为条件候选；是否有价值取决于具体位点、保护策略和整环性质,以极性/带电特征为主，不宜默认用于提高被动渗透性,是,C([C@@H](C(=O)O)N)S/C(=N\O)/CC(=O)O,https://www.rcsb.org/ligand/EJA
明确排除,EJJ,N-CARBAMOYL-GLYCINE,C3 H6 N2 O3,118.091,peptide linking,GLY,极性／带电侧链,主链氨基被端基化，不能按普通内部残基直接偶联,,否,C(C(=O)O)NC(=O)N,https://www.rcsb.org/ligand/EJJ
明确排除,EJM,L-norleucine aldehyde,C6 H13 N O,115.174,l-peptide linking,,其他CCD肽链核心,结构中未识别到可用于常规肽键形成的游离羧基,,否,CCCC[C@@H](C=O)N,https://www.rcsb.org/ligand/EJM
条件候选,ELY,"N~6~,N~6~-diethyl-L-lysine",C10 H22 N2 O2,202.294,l-peptide linking,LYS,极性／带电侧链,保留为条件候选；是否有价值取决于具体位点、保护策略和整环性质,以极性/带电特征为主，不宜默认用于提高被动渗透性,是,CCN(CC)CCCC[C@@H](C(=O)O)N,https://www.rcsb.org/ligand/ELY
优先研发候选,EME,N-methyl-L-glutamic acid,C6 H11 N O4,161.156,l-peptide linking,GLU,N-取代,属于N-取代方向，可用于口服环肽的构象/稳定性/主链极性扫描；CCD给出标准母体残基，便于设计成对替换实验,,是,CN[C@@H](CCC(=O)O)C(=O)O,https://www.rcsb.org/ligand/EME
条件候选,EO2,"4,5-Dehydro-L-leucine",C6 H11 N O2,129.157,l-peptide linking,,其他CCD肽链核心,保留为条件候选；是否有价值取决于具体位点、保护策略和整环性质,CCD未指定标准氨基酸母体，需确认它是独立残基而非氨基酸样片段,是,CC(=C)C[C@@H](C(=O)O)N,https://www.rcsb.org/ligand/EO2
优先研发候选,EOE,beta3-proline,C6 H11 N O2,129.157,l-peptide linking,,构象限制,属于构象限制方向，可用于口服环肽的构象/稳定性/主链极性扫描,CCD未指定标准氨基酸母体，需确认它是独立残基而非氨基酸样片段,是,C1C[C@H](NC1)CC(=O)O,https://www.rcsb.org/ligand/EOE
明确排除,ERL,"(1S,2S)-2-azanyl-1-oxidanyl-hexane-1-sulfonic acid",C6 H15 N O4 S,197.253,l-peptide linking,,极性／带电侧链,结构中未识别到可用于常规肽键形成的游离羧基,,否,CCCC[C@@H]([C@H](O)S(=O)(=O)O)N,https://www.rcsb.org/ligand/ERL
优先研发候选,ESB,"3-[(3E)-3-(ETHYLIMINO)-4-HYDROXY-6-OXOCYCLOHEXA-1,4-DIEN-1-YL]-L-ALANINE",C11 H14 N2 O4,238.24,l-peptide linking,TYR,构象限制,属于构象限制方向，可用于口服环肽的构象/稳定性/主链极性扫描；CCD给出标准母体残基，便于设计成对替换实验,,是,CC/N=C/1\C=C(C(=O)C=C1O)C[C@@H](C(=O)O)N,https://www.rcsb.org/ligand/ESB
条件候选,ESC,2-AMINO-4-ETHYL SULFANYL BUTYRIC ACID,C6 H13 N O2 S,163.238,l-peptide linking,MET,其他CCD肽链核心,保留为条件候选；是否有价值取决于具体位点、保护策略和整环性质,,是,CCSCC[C@@H](C(=O)O)N,https://www.rcsb.org/ligand/ESC
条件候选,EU0,1-[(2~{S})-3-methyl-1-oxidanylidene-butan-2-yl]guanidine,C6 H14 N3 O2,160.194,l-peptide linking,VAL,极性／带电侧链,保留为条件候选；是否有价值取决于具体位点、保护策略和整环性质,以极性/带电特征为主，不宜默认用于提高被动渗透性,是,CC(C)[C@@H](C(=O)O)NC(=[NH2+])N,https://www.rcsb.org/ligand/EU0
条件候选,EUP,4-amino-L-allothreonine,C4 H10 N2 O3,134.134,l-peptide linking,THR,极性／带电侧链,保留为条件候选；是否有价值取决于具体位点、保护策略和整环性质,以极性/带电特征为主，不宜默认用于提高被动渗透性,是,C([C@@H]([C@@H](C(=O)O)N)O)N,https://www.rcsb.org/ligand/EUP
优先研发候选,EW6,alpha-methyl-L-serine,C4 H9 N O3,119.119,l-peptide linking,SER,α位取代,属于α位取代方向，可用于口服环肽的构象/稳定性/主链极性扫描；CCD给出标准母体残基，便于设计成对替换实验,,是,C[C@](CO)(C(=O)O)N,https://www.rcsb.org/ligand/EW6
明确排除,EXA,N~6~-[(R)-[(E)-(1-carboxyethylidene)amino]{3-hydroxy-2-methyl-5-[(phosphonooxy)methyl]pyridin-4-yl}methyl]-L-lysine,C17 H27 N4 O9 P,462.391,peptide linking,LYS,芳香／疏水侧链,分子量超过450 Da，优先视为复杂整分子而非通用残基,,否,Cc1c(c(c(cn1)COP(=O)(O)O)[C@H](NCCCC[C@@H](C(=O)O)N)/N=C(\C)/C(=O)O)O,https://www.rcsb.org/ligand/EXA
条件候选,EXL,1-Methyl-L-tryptophan,C12 H14 N2 O2,218.252,l-peptide linking,TRP,芳香／疏水侧链,保留为条件候选；是否有价值取决于具体位点、保护策略和整环性质,,是,Cn1cc(c2c1cccc2)C[C@@H](C(=O)O)N,https://www.rcsb.org/ligand/EXL
条件候选,EXY,6-[(2R)-oxiran-2-yl]-L-norleucine,C8 H15 N O3,173.21,l-peptide linking,LEU,极性／带电侧链,保留为条件候选；是否有价值取决于具体位点、保护策略和整环性质,以极性/带电特征为主，不宜默认用于提高被动渗透性,是,C1[C@H](O1)CCCC[C@@H](C(=O)O)N,https://www.rcsb.org/ligand/EXY
仅结构参考,EYG,"{(2R,4Z)-2-[(1R)-1-amino-3-(methylsulfanyl)propyl]-2-hydroxy-4-[(4-hydroxyphenyl)methylidene]-5-oxoimidazolidin-1-yl}acetic acid",C16 H21 N3 O5 S,367.42,l-peptide linking,GLY / MET / TYR,芳香／疏水侧链,结构身份可保留，但复杂度、反应性或极性风险不适合进入默认研发库,分子量超过300 Da，单体复杂度和环肽总分子量负担较高,是,CSCCC([C@]1(N/C(=C\c2ccc(cc2)O)/C(=O)N1CC(=O)O)O)N,https://www.rcsb.org/ligand/EYG
仅结构参考,F0G,(E)-N-({3-hydroxy-2-methyl-5-[(phosphonooxy)methyl]pyridin-4-yl}methylidene)-L-alanine,C11 H15 N2 O7 P,318.22,l-peptide linking,,芳香／疏水侧链,结构身份可保留，但复杂度、反应性或极性风险不适合进入默认研发库,分子量超过300 Da，单体复杂度和环肽总分子量负担较高；杂原子较多，可能增加暴露极性和去溶剂化代价；含磷酸/膦酸相关结构，通常不利于被动跨膜，除非有专门遮蔽设计；CCD未指定标准氨基酸母体，需确认它是独立残基而非氨基酸样片段,是,Cc1c(c(c(cn1)COP(=O)(O)O)/C=N/[C@@H](C)C(=O)O)O,https://www.rcsb.org/ligand/F0G
条件候选,F2F,"3,4-difluoro-L-phenylalanine",C9 H9 F2 N O2,201.17,l-peptide linking,PHE,卤代／电子调节,保留为条件候选；是否有价值取决于具体位点、保护策略和整环性质,,是,c1cc(c(cc1C[C@@H](C(=O)O)N)F)F,https://www.rcsb.org/ligand/F2F
条件候选,F2Y,"3,5-difluoro-L-tyrosine",C9 H9 F2 N O3,217.169,l-peptide linking,TYR,卤代／电子调节,保留为条件候选；是否有价值取决于具体位点、保护策略和整环性质,,是,c1c(cc(c(c1F)O)F)C[C@@H](C(=O)O)N,https://www.rcsb.org/ligand/F2Y
明确排除,F3M,"methyl 4-amino-2,4,5-trideoxy-5,5,5-trifluoro-L-threo-pentonate",C6 H10 F3 N O3,201.144,l-peptide linking,,卤代／电子调节,结构中未识别到可用于常规肽键形成的游离羧基,,否,COC(=O)C[C@@H]([C@H](C(F)(F)F)N)O,https://www.rcsb.org/ligand/F3M
条件候选,F3T,"4-amino-2,4,5-trideoxy-5,5,5-trifluoro-L-threo-pentonic acid",C5 H8 F3 N O3,187.117,l-peptide linking,,卤代／电子调节,保留为条件候选；是否有价值取决于具体位点、保护策略和整环性质,CCD未指定标准氨基酸母体，需确认它是独立残基而非氨基酸样片段,是,C([C@@H]([C@H](C(F)(F)F)N)O)C(=O)O,https://www.rcsb.org/ligand/F3T
条件候选,F6N,"2-(aminomethyl)-1,3-oxazole-4-carboxylic acid",C5 H6 N2 O3,142.113,peptide linking,GLY / SER,芳香／疏水侧链,保留为条件候选；是否有价值取决于具体位点、保护策略和整环性质,CCD仅标为通用peptide linking，需确认真实主链连接几何,是,c1c(nc(o1)CN)C(=O)O,https://www.rcsb.org/ligand/F6N
条件候选,F75,"2-(aminomethyl)-1,3-thiazole-4-carboxylic acid",C5 H6 N2 O2 S,158.178,peptide linking,CYS / GLY,芳香／疏水侧链,保留为条件候选；是否有价值取决于具体位点、保护策略和整环性质,CCD仅标为通用peptide linking，需确认真实主链连接几何,是,c1c(nc(s1)CN)C(=O)O,https://www.rcsb.org/ligand/F75
条件候选,F7P,1-[(3R)-3-hydroxy-2-methylbutan-2-yl]-L-tryptophan,C16 H22 N2 O3,290.357,l-peptide linking,,芳香／疏水侧链,保留为条件候选；是否有价值取决于具体位点、保护策略和整环性质,分子量超过250 Da，需关注偶联效率、溶解度和总环肽体积；CCD未指定标准氨基酸母体，需确认它是独立残基而非氨基酸样片段,是,C[C@H](C(C)(C)n1cc(c2c1cccc2)C[C@@H](C(=O)O)N)O,https://www.rcsb.org/ligand/F7P
条件候选,F7Q,"(2~{S})-2-azanyl-3-[1-(dioxidanyl)-4-oxidanylidene-cyclohexa-2,5-dien-1-yl]propanoic acid",C9 H11 N O5,213.187,l-peptide linking,TYR,构象限制,保留为条件候选；是否有价值取决于具体位点、保护策略和整环性质,,是,C1=CC(C=CC1=O)(C[C@@H](C(=O)O)N)OO,https://www.rcsb.org/ligand/F7Q
优先研发候选,F7S,(4S)-5-hydroxy-N-methyl-L-leucine,C7 H15 N O3,161.199,l-peptide linking,,N-取代,属于N-取代方向，可用于口服环肽的构象/稳定性/主链极性扫描,CCD未指定标准氨基酸母体，需确认它是独立残基而非氨基酸样片段,是,C[C@@H](C[C@@H](C(=O)O)NC)CO,https://www.rcsb.org/ligand/F7S
条件候选,F7V,"(2S,4E)-2-aminohex-4-enoic acid",C6 H11 N O2,129.157,l-peptide linking,,其他CCD肽链核心,保留为条件候选；是否有价值取决于具体位点、保护策略和整环性质,CCD未指定标准氨基酸母体，需确认它是独立残基而非氨基酸样片段,是,C/C=C/C[C@@H](C(=O)O)N,https://www.rcsb.org/ligand/F7V
条件候选,F7W,7-Fluorotryptophan,C11 H11 F N2 O2,222.216,l-peptide linking,TRP,卤代／电子调节,保留为条件候选；是否有价值取决于具体位点、保护策略和整环性质,,是,c1cc2c(c[nH]c2c(c1)F)C[C@@H](C(=O)O)N,https://www.rcsb.org/ligand/F7W
条件候选,F93,"(2R,3S)-2-azanyl-3-(3-chloranyl-4-oxidanyl-phenyl)-3-oxidanyl-propanoic acid",C9 H10 Cl N O4,231.633,peptide linking,,芳香／疏水侧链,保留为条件候选；是否有价值取决于具体位点、保护策略和整环性质,CCD仅标为通用peptide linking，需确认真实主链连接几何；CCD未指定标准氨基酸母体，需确认它是独立残基而非氨基酸样片段,是,c1cc(c(cc1[C@@H]([C@H](C(=O)O)N)O)Cl)O,https://www.rcsb.org/ligand/F93
优先研发候选,F9D,(2R)-2-aminopent-4-ynoic acid,C5 H7 N O2,113.115,d-peptide linking,,D-构型,属于D-构型方向，可用于口服环肽的构象/稳定性/主链极性扫描,CCD未指定标准氨基酸母体，需确认它是独立残基而非氨基酸样片段,是,C#CC[C@H](C(=O)O)N,https://www.rcsb.org/ligand/F9D
条件候选,FAK,N~6~-(trifluoroacetyl)-L-lysine,C8 H13 F3 N2 O3,242.196,l-peptide linking,LYS,卤代／电子调节,保留为条件候选；是否有价值取决于具体位点、保护策略和整环性质,,是,C(CCNC(=O)C(F)(F)F)C[C@@H](C(=O)O)N,https://www.rcsb.org/ligand/FAK
条件候选,FB5,2-(difluoromethyl)-6-(dihydroxyboranyl)-L-norleucine,C7 H14 B F2 N O4,224.998,l-peptide linking,ALA,卤代／电子调节,保留为条件候选；是否有价值取决于具体位点、保护策略和整环性质,,是,B(CCCC[C@@](C(F)F)(C(=O)O)N)(O)O,https://www.rcsb.org/ligand/FB5
条件候选,FB6,6-(dihydroxyboranyl)-2-methyl-L-norleucine,C7 H16 B N O4,189.017,l-peptide linking,ALA,极性／带电侧链,保留为条件候选；是否有价值取决于具体位点、保护策略和整环性质,以极性/带电特征为主，不宜默认用于提高被动渗透性,是,B(CCCCC(C)(C(=O)O)N)(O)O,https://www.rcsb.org/ligand/FB6
条件候选,FCL,3-CHLORO-L-PHENYLALANINE,C9 H10 Cl N O2,199.634,l-peptide linking,PHE,卤代／电子调节,保留为条件候选；是否有价值取决于具体位点、保护策略和整环性质,,是,c1cc(cc(c1)Cl)C[C@@H](C(=O)O)N,https://www.rcsb.org/ligand/FCL
仅结构参考,FDL,N~6~-acetyl-N-(4-methyl-2-oxo-2H-chromen-7-yl)-L-lysinamide,C18 H23 N3 O4,345.393,l-peptide linking,LYS,芳香／疏水侧链,结构身份可保留，但复杂度、反应性或极性风险不适合进入默认研发库,分子量超过300 Da，单体复杂度和环肽总分子量负担较高,是,CC1=CC(=O)Oc2c1ccc(c2)NC(=O)[C@H](CCCCNC(=O)C)N,https://www.rcsb.org/ligand/FDL
条件候选,FF9,(2S)-2-azanyl-6-[(E)-(1-oxidanyl-1-oxidanylidene-butan-2-ylidene)amino]hexanoic acid,C10 H18 N2 O4,230.261,l-peptide linking,LYS,极性／带电侧链,保留为条件候选；是否有价值取决于具体位点、保护策略和整环性质,以极性/带电特征为主，不宜默认用于提高被动渗透性,是,CC/C(=N\CCCC[C@@H](C(=O)O)N)/C(=O)O,https://www.rcsb.org/ligand/FF9
仅结构参考,FFM,"S-[(1R,2R)-2-hydroxy-1-methyl-2-phosphonoethyl]-L-cysteine",C6 H14 N O6 P S,259.217,l-peptide linking,CYS,极性／带电侧链,结构身份可保留，但复杂度、反应性或极性风险不适合进入默认研发库,分子量超过250 Da，需关注偶联效率、溶解度和总环肽体积；含磷酸/膦酸相关结构，通常不利于被动跨膜，除非有专门遮蔽设计；以极性/带电特征为主，不宜默认用于提高被动渗透性,是,C[C@H]([C@H](O)P(=O)(O)O)SC[C@@H](C(=O)O)N,https://www.rcsb.org/ligand/FFM
条件候选,FGL,2-AMINOPROPANEDIOIC ACID,C3 H5 N O4,119.076,l-peptide linking,GLY,极性／带电侧链,保留为条件候选；是否有价值取决于具体位点、保护策略和整环性质,以极性/带电特征为主，不宜默认用于提高被动渗透性,是,C(C(=O)O)(C(=O)O)N,https://www.rcsb.org/ligand/FGL
仅结构参考,FGP,2-AMINO-3-HYDROXY-3-PHOSPHONOOXY-PROPIONIC ACID,C3 H8 N O7 P,201.072,l-peptide linking,SER,极性／带电侧链,结构身份可保留，但复杂度、反应性或极性风险不适合进入默认研发库,杂原子较多，可能增加暴露极性和去溶剂化代价；含磷酸/膦酸相关结构，通常不利于被动跨膜，除非有专门遮蔽设计；以极性/带电特征为主，不宜默认用于提高被动渗透性,是,[C@H]([C@@H](O)OP(=O)(O)O)(C(=O)O)N,https://www.rcsb.org/ligand/FGP
条件候选,FH7,N^5^-formyl-N^5^-hydroxy-D-ornithine,C6 H12 N2 O4,176.17,peptide linking,LYS,极性／带电侧链,保留为条件候选；是否有价值取决于具体位点、保护策略和整环性质,CCD仅标为通用peptide linking，需确认真实主链连接几何；以极性/带电特征为主，不宜默认用于提高被动渗透性,是,C(C[C@H](C(=O)O)N)CN(C=O)O,https://www.rcsb.org/ligand/FH7
明确排除,FHE,2-[(4~{Z})-2-[(1~{R})-1-azanyl-2-oxidanylidene-propyl]-4-[[4-[(2-nitrophenyl)methoxy]phenyl]methylidene]-5-oxidanylidene-imidazol-1-yl]ethanoic acid,C22 H20 N4 O7,452.417,l-peptide linking,GLY / THR / TYR,芳香／疏水侧链,分子量超过450 Da，优先视为复杂整分子而非通用残基,,否,CC(=O)[C@@H](C1=N/C(=C\c2ccc(cc2)OCc3ccccc3[N+](=O)[O-])/C(=O)N1CC(=O)O)N,https://www.rcsb.org/ligand/FHE
条件候选,FHL,(E)-N~6~-[3-CARBOXY-1-(HYDROXYMETHYL)PROPYLIDENE]-L-LYSINE,C11 H20 N2 O5,260.287,l-peptide linking,LYS,极性／带电侧链,保留为条件候选；是否有价值取决于具体位点、保护策略和整环性质,分子量超过250 Da，需关注偶联效率、溶解度和总环肽体积；以极性/带电特征为主，不宜默认用于提高被动渗透性,是,C(CC/N=C(\CCC(=O)O)/CO)C[C@@H](C(=O)O)N,https://www.rcsb.org/ligand/FHL
条件候选,FHO,N^5^-FORMYL-N^5^-HYDROXY-L-ORNITHINE,C6 H12 N2 O4,176.17,l-peptide linking,LYS,极性／带电侧链,保留为条件候选；是否有价值取决于具体位点、保护策略和整环性质,以极性/带电特征为主，不宜默认用于提高被动渗透性,是,C(C[C@@H](C(=O)O)N)CN(C=O)O,https://www.rcsb.org/ligand/FHO
条件候选,FIO,N~5~-[(1E)-2-fluoroethanimidoyl]-L-ornithine,C7 H14 F N3 O2,191.203,l-peptide linking,ARG,卤代／电子调节,保留为条件候选；是否有价值取决于具体位点、保护策略和整环性质,,是,[H]/N=C(\CF)/NCCC[C@@H](C(=O)O)N,https://www.rcsb.org/ligand/FIO
条件候选,FL6,(2S)-2-azanyl-4-methoxy-4-oxidanylidene-butanoic acid,C5 H9 N O4,147.129,l-peptide linking,ASP,极性／带电侧链,保留为条件候选；是否有价值取决于具体位点、保护策略和整环性质,以极性/带电特征为主，不宜默认用于提高被动渗透性,是,COC(=O)C[C@@H](C(=O)O)N,https://www.rcsb.org/ligand/FL6
条件候选,FLA,TRIFLUOROALANINE,C3 H4 F3 N O2,143.065,l-peptide linking,ALA,卤代／电子调节,保留为条件候选；是否有价值取决于具体位点、保护策略和整环性质,,是,[C@H](C(=O)O)(C(F)(F)F)N,https://www.rcsb.org/ligand/FLA
条件候选,FLE,FUROYL-LEUCINE,C11 H15 N O4,225.241,l-peptide linking,LEU,芳香／疏水侧链,保留为条件候选；是否有价值取决于具体位点、保护策略和整环性质,,是,CC(C)C[C@@H](C(=O)O)NC(=O)c1ccco1,https://www.rcsb.org/ligand/FLE
仅结构参考,FLT,FLUOROMALONYL TYROSINE,C12 H12 F N O7,301.225,l-peptide linking,TYR,卤代／电子调节,结构身份可保留，但复杂度、反应性或极性风险不适合进入默认研发库,分子量超过300 Da，单体复杂度和环肽总分子量负担较高；杂原子较多，可能增加暴露极性和去溶剂化代价,是,c1cc(ccc1C[C@@H](C(=O)O)N)OC(C(=O)O)(C(=O)O)F,https://www.rcsb.org/ligand/FLT
明确排除,FME,N-FORMYLMETHIONINE,C6 H11 N O3 S,177.221,l-peptide linking,MET,极性／带电侧链,主链氨基被端基化，不能按普通内部残基直接偶联,,否,CSCC[C@@H](C(=O)O)NC=O,https://www.rcsb.org/ligand/FME
条件候选,FOD,"(2S)-2-amino-4-[1-(trans-4-hydroxycyclohexyl)-1H-1,2,3-triazol-4-yl]butanoic acid",C12 H20 N4 O3,268.312,l-peptide linking,,构象限制,保留为条件候选；是否有价值取决于具体位点、保护策略和整环性质,分子量超过250 Da，需关注偶联效率、溶解度和总环肽体积；CCD未指定标准氨基酸母体，需确认它是独立残基而非氨基酸样片段,是,c1c(nnn1C2CCC(CC2)O)CC[C@@H](C(=O)O)N,https://www.rcsb.org/ligand/FOD
仅结构参考,FOE,2-(2-AMINO-3-OXO-PROPYLSULFANYL)-N-(4-FLUORO-PHENYL)-N-ISOPROPYL-ACETAMIDE,C14 H19 F N2 O3 S,314.376,l-peptide linking,CYS,卤代／电子调节,结构身份可保留，但复杂度、反应性或极性风险不适合进入默认研发库,分子量超过300 Da，单体复杂度和环肽总分子量负担较高,是,CC(C)N(c1ccc(cc1)F)C(=O)CSC[C@@H](C(=O)O)N,https://www.rcsb.org/ligand/FOE
优先研发候选,FP9,(4R)-4-fluoro-L-proline,C5 H8 F N O2,133.121,l-peptide linking,PRO,构象限制,属于构象限制方向，可用于口服环肽的构象/稳定性/主链极性扫描；CCD给出标准母体残基，便于设计成对替换实验,,是,C1[C@H](CN[C@@H]1C(=O)O)F,https://www.rcsb.org/ligand/FP9
优先研发候选,FPK,1-formyl-L-proline,C6 H9 N O3,143.141,l-peptide linking,PRO,构象限制,属于构象限制方向，可用于口服环肽的构象/稳定性/主链极性扫描；CCD给出标准母体残基，便于设计成对替换实验,,是,C1C[C@H](N(C1)C=O)C(=O)O,https://www.rcsb.org/ligand/FPK
条件候选,FPR,(3S)-3-amino-4-oxo-7-phenylheptanoic acid,C13 H17 N O3,235.279,l-peptide linking,,芳香／疏水侧链,保留为条件候选；是否有价值取决于具体位点、保护策略和整环性质,CCD未指定标准氨基酸母体，需确认它是独立残基而非氨基酸样片段,是,c1ccc(cc1)CCCC(=O)[C@H](CC(=O)O)N,https://www.rcsb.org/ligand/FPR
条件候选,FQA,N~6~-benzyl-L-lysine,C13 H20 N2 O2,236.31,l-peptide linking,LYS,芳香／疏水侧链,保留为条件候选；是否有价值取决于具体位点、保护策略和整环性质,,是,c1ccc(cc1)CNCCCC[C@@H](C(=O)O)N,https://www.rcsb.org/ligand/FQA
明确排除,FRD,1-PHENYL-2-AMINOPROPANE,C9 H13 N,135.206,l-peptide linking,,芳香／疏水侧链,结构中未识别到可用于常规肽键形成的游离羧基,,否,C[C@H](Cc1ccccc1)N,https://www.rcsb.org/ligand/FRD
条件候选,FT6,6-FLUORO-L-TRYPTOPHAN,C11 H11 F N2 O2,222.216,l-peptide linking,TRP,卤代／电子调节,保留为条件候选；是否有价值取决于具体位点、保护策略和整环性质,,是,c1cc2c(cc1F)[nH]cc2C[C@@H](C(=O)O)N,https://www.rcsb.org/ligand/FT6
条件候选,FTR,FLUOROTRYPTOPHANE,C11 H11 F N2 O2,222.216,l-peptide linking,TRP,卤代／电子调节,保留为条件候选；是否有价值取决于具体位点、保护策略和整环性质,,是,c1cc2c(cc1F)c(c[nH]2)C[C@@H](C(=O)O)N,https://www.rcsb.org/ligand/FTR
仅结构参考,FTY,DEOXY-DIFLUOROMETHELENE-PHOSPHOTYROSINE,C10 H12 F2 N O5 P,295.177,l-peptide linking,TYR,卤代／电子调节,结构身份可保留，但复杂度、反应性或极性风险不适合进入默认研发库,分子量超过250 Da，需关注偶联效率、溶解度和总环肽体积；含磷酸/膦酸相关结构，通常不利于被动跨膜，除非有专门遮蔽设计,是,c1cc(ccc1C[C@@H](C(=O)O)N)C(F)(F)P(=O)(O)O,https://www.rcsb.org/ligand/FTY
明确排除,FVA,N-formyl-L-valine,C6 H11 N O3,145.156,l-peptide linking,VAL,极性／带电侧链,主链氨基被端基化，不能按普通内部残基直接偶联,,否,CC(C)[C@@H](C(=O)O)NC=O,https://www.rcsb.org/ligand/FVA
条件候选,FX9,(2S)-2-azanyl-3-[3-(trifluoromethyl)phenyl]propanoic acid,C10 H10 F3 N O2,233.187,l-peptide linking,PHE,卤代／电子调节,保留为条件候选；是否有价值取决于具体位点、保护策略和整环性质,,是,c1cc(cc(c1)C(F)(F)F)C[C@@H](C(=O)O)N,https://www.rcsb.org/ligand/FX9
优先研发候选,FXC,(2R)-2-azanyl-3-[3-(trifluoromethyl)phenyl]propanoic acid,C10 H10 F3 N O2,233.187,d-peptide linking,,D-构型,属于D-构型方向，可用于口服环肽的构象/稳定性/主链极性扫描,CCD未指定标准氨基酸母体，需确认它是独立残基而非氨基酸样片段,是,c1cc(cc(c1)C(F)(F)F)C[C@H](C(=O)O)N,https://www.rcsb.org/ligand/FXC
优先研发候选,FXF,(2R)-2-azanyl-3-(3-bromophenyl)propanoic acid,C9 H10 Br N O2,244.085,d-peptide linking,,D-构型,属于D-构型方向，可用于口服环肽的构象/稳定性/主链极性扫描,CCD未指定标准氨基酸母体，需确认它是独立残基而非氨基酸样片段,是,c1cc(cc(c1)Br)C[C@H](C(=O)O)N,https://www.rcsb.org/ligand/FXF
优先研发候选,FXL,(2R)-2-azanyl-3-(3-chlorophenyl)propanoic acid,C9 H10 Cl N O2,199.634,d-peptide linking,,D-构型,属于D-构型方向，可用于口服环肽的构象/稳定性/主链极性扫描,CCD未指定标准氨基酸母体，需确认它是独立残基而非氨基酸样片段,是,c1cc(cc(c1)Cl)C[C@H](C(=O)O)N,https://www.rcsb.org/ligand/FXL
条件候选,FY2,"2,3-difluoro-L-tyrosine",C9 H9 F2 N O3,217.169,l-peptide linking,TYR,卤代／电子调节,保留为条件候选；是否有价值取决于具体位点、保护策略和整环性质,,是,c1cc(c(c(c1C[C@@H](C(=O)O)N)F)F)O,https://www.rcsb.org/ligand/FY2
条件候选,FY3,"2,3,5-trifluoro-L-tyrosine",C9 H8 F3 N O3,235.16,l-peptide linking,TYR,卤代／电子调节,保留为条件候选；是否有价值取决于具体位点、保护策略和整环性质,,是,c1c(c(c(c(c1F)O)F)F)C[C@@H](C(=O)O)N,https://www.rcsb.org/ligand/FY3
明确排除,FZN,"(2S)-2-amino-6-{[(1Z)-1-{[(2R,3R,4S,5R)-5-({[(R)-{[(R)-{[(2R,3S,4R,5R)-5-(6-amino-9H-purin-9-yl)-3,4-dihydroxytetrahydrofuran-2-yl]methoxy}(hydroxy)phosphoryl]oxy}(hydroxy)phosphoryl]oxy}methyl)-3,4-dihydroxytetrahydrofuran-2-yl]sulfanyl}ethylidene]amino}hexanoic acid",C23 H37 N7 O15 P2 S,745.59,l-peptide linking,LYS,极性／带电侧链,分子量超过450 Da，优先视为复杂整分子而非通用残基,,否,C/C(=N/CCCC[C@@H](C(=O)O)N)/S[C@@H]1[C@@H]([C@@H]([C@H](O1)CO[P@@](=O)(O)O[P@](=O)(O)OC[C@@H]2[C@H]([C@H]([C@@H](O2)n3cnc4c3ncnc4N)O)O)O)O,https://www.rcsb.org/ligand/FZN
优先研发候选,G1X,"(2S)-2-azanyl-3-[3,4-bis(oxidanylidene)cyclohexa-1,5-dien-1-yl]propanoic acid",C9 H9 N O4,195.172,l-peptide linking,TYR,构象限制,属于构象限制方向，可用于口服环肽的构象/稳定性/主链极性扫描；CCD给出标准母体残基，便于设计成对替换实验,,是,C1=CC(=O)C(=O)C=C1C[C@@H](C(=O)O)N,https://www.rcsb.org/ligand/G1X
条件候选,G3M,(3S)-N~6~-carbamimidoyl-3-hydroxy-L-lysine,C7 H16 N4 O3,204.227,l-peptide linking,ARG,极性／带电侧链,保留为条件候选；是否有价值取决于具体位点、保护策略和整环性质,以极性/带电特征为主，不宜默认用于提高被动渗透性,是,[H]/N=C(/N)\NCCC[C@@H]([C@@H](C(=O)O)N)O,https://www.rcsb.org/ligand/G3M
条件候选,G5G,"(2S,4S)-2-amino-4,5-dihydroxy-4-methylpentanoic acid",C6 H13 N O4,163.172,l-peptide linking,LEU,极性／带电侧链,保留为条件候选；是否有价值取决于具体位点、保护策略和整环性质,以极性/带电特征为主，不宜默认用于提高被动渗透性,是,C[C@](C[C@@H](C(=O)O)N)(CO)O,https://www.rcsb.org/ligand/G5G
优先研发候选,G8M,"(1S,2R)-2-[(S)-amino(carboxy)methyl]cyclobutanecarboxylic acid",C7 H11 N O4,173.167,l-peptide linking,GLU,构象限制,属于构象限制方向，可用于口服环肽的构象/稳定性/主链极性扫描；CCD给出标准母体残基，便于设计成对替换实验,,是,C1C[C@@H]([C@@H]1[C@@H](C(=O)O)N)C(=O)O,https://www.rcsb.org/ligand/G8M
条件候选,G8X,"(2~{S},3~{R})-3-oxidanylpyrrolidine-2-carboxylic acid",C5 H9 N O3,131.13,l-peptide linking,PRO,极性／带电侧链,保留为条件候选；是否有价值取决于具体位点、保护策略和整环性质,以极性/带电特征为主，不宜默认用于提高被动渗透性,是,C1CN[C@@H]([C@@H]1O)C(=O)O,https://www.rcsb.org/ligand/G8X
优先研发候选,GAM,ALPHA-METHYL-L-GLUTAMIC ACID,C6 H11 N O4,161.156,l-peptide linking,GLU,α位取代,属于α位取代方向，可用于口服环肽的构象/稳定性/主链极性扫描；CCD给出标准母体残基，便于设计成对替换实验,,是,C[C@](CCC(=O)O)(C(=O)O)N,https://www.rcsb.org/ligand/GAM
条件候选,GAU,(4S)-4-AMINO-5-HYDROXYPENTANOIC ACID,C5 H11 N O3,133.146,l-peptide linking,GLU,极性／带电侧链,保留为条件候选；是否有价值取决于具体位点、保护策略和整环性质,以极性/带电特征为主，不宜默认用于提高被动渗透性,是,C(CC(=O)O)[C@@H](CO)N,https://www.rcsb.org/ligand/GAU
明确排除,GEE,ethyl glycinate,C4 H9 N O2,103.12,l-peptide linking,GLY,其他CCD肽链核心,结构中未识别到可用于常规肽键形成的游离羧基,,否,CCOC(=O)CN,https://www.rcsb.org/ligand/GEE
仅结构参考,GFT,(2S)-2-azanyl-3-[cyclohexyloxy(methyl)phosphoryl]oxy-propanoic acid,C10 H20 N O5 P,265.243,l-peptide linking,SER,构象限制,结构身份可保留，但复杂度、反应性或极性风险不适合进入默认研发库,分子量超过250 Da，需关注偶联效率、溶解度和总环肽体积；含磷酸/膦酸相关结构，通常不利于被动跨膜，除非有专门遮蔽设计,是,C[P@](=O)(OC[C@@H](C(=O)O)N)OC1CCCCC1,https://www.rcsb.org/ligand/GFT
条件候选,GGB,L-CANAVANINE,C5 H12 N4 O3,176.174,l-peptide linking,,极性／带电侧链,保留为条件候选；是否有价值取决于具体位点、保护策略和整环性质,CCD未指定标准氨基酸母体，需确认它是独立残基而非氨基酸样片段；以极性/带电特征为主，不宜默认用于提高被动渗透性,是,[H]/N=C(\N)/NOCC[C@@H](C(=O)O)N,https://www.rcsb.org/ligand/GGB
优先研发候选,GGL,GAMMA-L-GLUTAMIC ACID,C5 H9 N O4,147.129,"l-gamma-peptide, c-delta linking",,延长骨架,属于延长骨架方向，可用于口服环肽的构象/稳定性/主链极性扫描,CCD未指定标准氨基酸母体，需确认它是独立残基而非氨基酸样片段,是,C(CC(=O)O)[C@@H](C(=O)O)N,https://www.rcsb.org/ligand/GGL
明确排除,GHC,"N-({4-[(2-amino-6-ethyl-4-oxo-3,4-dihydrothieno[2,3-d]pyrimidin-5-yl)sulfanyl]phenyl}carbonyl)-L-glutamic acid",C20 H20 N4 O6 S2,476.526,l-peptide linking,GLU,芳香／疏水侧链,分子量超过450 Da，优先视为复杂整分子而非通用残基,,否,CCc1c(c2c(s1)N=C(NC2=O)N)Sc3ccc(cc3)C(=O)N[C@@H](CCC(=O)O)C(=O)O,https://www.rcsb.org/ligand/GHC
条件候选,GHG,"(2S,4S)-2,5-diamino-4-hydroxy-5-oxopentanoic acid (non-preferred name)",C5 H10 N2 O4,162.144,l-peptide linking,GLN,极性／带电侧链,保留为条件候选；是否有价值取决于具体位点、保护策略和整环性质,以极性/带电特征为主，不宜默认用于提高被动渗透性,是,C([C@@H](C(=O)O)N)[C@@H](C(=O)N)O,https://www.rcsb.org/ligand/GHG
优先研发候选,GHP,(2R)-amino(4-hydroxyphenyl)ethanoic acid,C8 H9 N O3,167.162,d-peptide linking,,D-构型,属于D-构型方向，可用于口服环肽的构象/稳定性/主链极性扫描,CCD未指定标准氨基酸母体，需确认它是独立残基而非氨基酸样片段,是,c1cc(ccc1[C@H](C(=O)O)N)O,https://www.rcsb.org/ligand/GHP
明确排除,GHW,"N-({4-[(2-amino-6-methyl-4-oxo-3,4-dihydrothieno[2,3-d]pyrimidin-5-yl)sulfanyl]phenyl}carbonyl)-L-glutamic acid",C19 H18 N4 O6 S2,462.499,l-peptide linking,GLU,芳香／疏水侧链,分子量超过450 Da，优先视为复杂整分子而非通用残基,,否,Cc1c(c2c(s1)N=C(NC2=O)N)Sc3ccc(cc3)C(=O)N[C@@H](CCC(=O)O)C(=O)O,https://www.rcsb.org/ligand/GHW
明确排除,GL3,THIOGLYCIN,C2 H5 N O S,91.132,l-peptide linking,GLY,其他CCD肽链核心,结构中未识别到可用于常规肽键形成的游离羧基,,否,C(C(=O)S)N,https://www.rcsb.org/ligand/GL3
条件候选,GLJ,"5,5-dihydroxy-L-norvaline",C5 H11 N O4,149.145,l-peptide linking,GLU,极性／带电侧链,保留为条件候选；是否有价值取决于具体位点、保护策略和整环性质,以极性/带电特征为主，不宜默认用于提高被动渗透性,是,C(CC(O)O)[C@@H](C(=O)O)N,https://www.rcsb.org/ligand/GLJ
明确排除,GLZ,AMINO-ACETALDEHYDE,C2 H5 N O,59.067,l-peptide linking,GLY,其他CCD肽链核心,结构中未识别到可用于常规肽键形成的游离羧基,,否,C(C=O)N,https://www.rcsb.org/ligand/GLZ
条件候选,GMA,4-AMIDO-4-CARBAMOYL-BUTYRIC ACID,C5 H10 N2 O3,146.144,l-peptide linking,GLU,极性／带电侧链,保留为条件候选；是否有价值取决于具体位点、保护策略和整环性质,以极性/带电特征为主，不宜默认用于提高被动渗透性,是,C(CC(=O)O)[C@@H](C(=O)N)N,https://www.rcsb.org/ligand/GMA
条件候选,GME,5-O-methyl-glutamic acid,C6 H11 N O4,161.156,l-peptide linking,GLU,极性／带电侧链,保留为条件候选；是否有价值取决于具体位点、保护策略和整环性质,以极性/带电特征为主，不宜默认用于提高被动渗透性,是,COC(=O)CC[C@@H](C(=O)O)N,https://www.rcsb.org/ligand/GME
明确排除,GMO,"{(4Z)-2-[(1R,2R)-1-amino-2-hydroxypropyl]-4-[(4-nitrophenyl)methylidene]-5-oxo-4,5-dihydro-1H-imidazol-1-yl}acetic acid",C15 H16 N4 O6,348.311,l-peptide linking,GLY / THR / TYR,芳香／疏水侧链,名称提示核苷酸、辅因子、脂质、完整肽或整分子缀合物,,否,C[C@H]([C@@H](C1=N/C(=C\c2ccc(cc2)[N+](=O)[O-])/C(=O)N1CC(=O)O)N)O,https://www.rcsb.org/ligand/GMO
条件候选,GNC,N~2~-methyl-L-glutamine,C6 H12 N2 O3,160.171,l-peptide linking,GLN,极性／带电侧链,保留为条件候选；是否有价值取决于具体位点、保护策略和整环性质,以极性/带电特征为主，不宜默认用于提高被动渗透性,是,CN[C@@H](CCC(=O)N)C(=O)O,https://www.rcsb.org/ligand/GNC
条件候选,GND,2-AMINO-5-GUANIDINO-PENTANOIC ACID,C6 H15 N4 O2,175.209,l-peptide linking,LYS,极性／带电侧链,保留为条件候选；是否有价值取决于具体位点、保护策略和整环性质,以极性/带电特征为主，不宜默认用于提高被动渗透性,是,[H]/N=C(/N)\NCCC[C@@H](C(=O)O)[NH3+],https://www.rcsb.org/ligand/GND
明确排除,GPL,LYSINE GUANOSINE-5'-MONOPHOSPHATE,C16 H26 N7 O9 P,491.393,l-peptide linking,LYS,芳香／疏水侧链,名称提示核苷酸、辅因子、脂质、完整肽或整分子缀合物；分子量超过450 Da，优先视为复杂整分子而非通用残基,,否,c1nc2c(n1[C@H]3[C@@H]([C@@H]([C@H](O3)CO[P@](=O)(NCCCC[C@@H](C(=O)O)N)O)O)O)N=C(NC2=O)N,https://www.rcsb.org/ligand/GPL
条件候选,GQI,(2R)-2-azanyl-3-[(E)-(2-oxidanyl-2-oxidanylidene-ethylidene)amino]oxysulfanyl-propanoic acid,C5 H8 N2 O5 S,208.192,l-peptide linking,CYS,极性／带电侧链,保留为条件候选；是否有价值取决于具体位点、保护策略和整环性质,以极性/带电特征为主，不宜默认用于提高被动渗透性,是,C([C@@H](C(=O)O)N)SO/N=C/C(=O)O,https://www.rcsb.org/ligand/GQI
条件候选,GSC,2-ETHYLTHIO GLYCINE,C4 H9 N O2 S,135.185,l-peptide linking,GLY,其他CCD肽链核心,保留为条件候选；是否有价值取决于具体位点、保护策略和整环性质,,是,CCS[C@@H](C(=O)O)N,https://www.rcsb.org/ligand/GSC
明确排除,GSU,O5'-(L-GLUTAMYL-SULFAMOYL)-ADENOSINE,C15 H21 N7 O9 S,475.434,l-peptide linking,GLU,芳香／疏水侧链,名称提示核苷酸、辅因子、脂质、完整肽或整分子缀合物；分子量超过450 Da，优先视为复杂整分子而非通用残基,,否,c1nc(c2c(n1)n(cn2)[C@H]3[C@@H]([C@@H]([C@H](O3)COS(=O)(=O)NC(=O)[C@H](CCC(=O)O)N)O)O)N,https://www.rcsb.org/ligand/GSU
条件候选,GT9,S-NONYL-CYSTEINE,C12 H25 N O2 S,247.397,l-peptide linking,CYS,其他CCD肽链核心,保留为条件候选；是否有价值取决于具体位点、保护策略和整环性质,,是,CCCCCCCCCSC[C@@H](C(=O)O)N,https://www.rcsb.org/ligand/GT9
仅结构参考,GVL,"O-[(R)-{[(3R)-4-AMINO-3-HYDROXY-2,2-DIMETHYL-4-OXOBUTYL]OXY}(HYDROXY)PHOSPHORYL]-L-SERINE",C9 H19 N2 O8 P,314.23,l-peptide linking,SER,极性／带电侧链,结构身份可保留，但复杂度、反应性或极性风险不适合进入默认研发库,分子量超过300 Da，单体复杂度和环肽总分子量负担较高；杂原子较多，可能增加暴露极性和去溶剂化代价；含磷酸/膦酸相关结构，通常不利于被动跨膜，除非有专门遮蔽设计；以极性/带电特征为主，不宜默认用于提高被动渗透性,是,CC(C)(CO[P@@](=O)(O)OC[C@@H](C(=O)O)N)[C@H](C(=O)N)O,https://www.rcsb.org/ligand/GVL
仅结构参考,GYC,"[(4Z)-2-[(1R)-1-AMINO-2-MERCAPTOETHYL]-4-(4-HYDROXYBENZYLIDENE)-5-OXO-4,5-DIHYDRO-1H-IMIDAZOL-1-YL]ACETIC ACID",C14 H15 N3 O4 S,321.352,l-peptide linking,CYS / GLY / TYR,芳香／疏水侧链,结构身份可保留，但复杂度、反应性或极性风险不适合进入默认研发库,分子量超过300 Da，单体复杂度和环肽总分子量负担较高,是,c1cc(ccc1/C=C\2/C(=O)N(C(=N2)[C@H](CS)N)CC(=O)O)O,https://www.rcsb.org/ligand/GYC
仅结构参考,GYS,"[(4Z)-2-(1-AMINO-2-HYDROXYETHYL)-4-(4-HYDROXYBENZYLIDENE)-5-OXO-4,5-DIHYDRO-1H-IMIDAZOL-1-YL]ACETIC ACID",C14 H15 N3 O5,305.286,l-peptide linking,GLY / SER / TYR,芳香／疏水侧链,结构身份可保留，但复杂度、反应性或极性风险不适合进入默认研发库,分子量超过300 Da，单体复杂度和环肽总分子量负担较高,是,c1cc(ccc1/C=C\2/C(=O)N(C(=N2)[C@H](CO)N)CC(=O)O)O,https://www.rcsb.org/ligand/GYS
条件候选,GZJ,(2S)-2-(acetylamino)butanoic acid,C6 H11 N O3,145.156,l-peptide linking,,极性／带电侧链,保留为条件候选；是否有价值取决于具体位点、保护策略和整环性质,CCD未指定标准氨基酸母体，需确认它是独立残基而非氨基酸样片段；以极性/带电特征为主，不宜默认用于提高被动渗透性,是,CC[C@@H](C(=O)O)NC(=O)C,https://www.rcsb.org/ligand/GZJ
条件候选,H14,"(2S,3R)-BETA-HYDROXY-PHENYLALANINE",C9 H11 N O3,181.189,l-peptide linking,PHE,芳香／疏水侧链,保留为条件候选；是否有价值取决于具体位点、保护策略和整环性质,,是,c1ccc(cc1)[C@H]([C@@H](C(=O)O)N)O,https://www.rcsb.org/ligand/H14
优先研发候选,H5M,TRANS-3-HYDROXY-5-METHYLPROLINE,C6 H11 N O3,145.156,l-peptide linking,PRO,构象限制,属于构象限制方向，可用于口服环肽的构象/稳定性/主链极性扫描；CCD给出标准母体残基，便于设计成对替换实验,,是,C[C@H]1C[C@@H]([C@H](N1)C(=O)O)O,https://www.rcsb.org/ligand/H5M
优先研发候选,H7V,3-cyclohexyl-N-methyl-L-alanine,C10 H19 N O2,185.263,l-peptide linking,ALA,N-取代,属于N-取代方向，可用于口服环肽的构象/稳定性/主链极性扫描；CCD给出标准母体残基，便于设计成对替换实验,,是,CN[C@@H](CC1CCCCC1)C(=O)O,https://www.rcsb.org/ligand/H7V
条件候选,HAR,N-OMEGA-HYDROXY-L-ARGININE,C6 H14 N4 O3,190.2,l-peptide linking,ARG,极性／带电侧链,保留为条件候选；是否有价值取决于具体位点、保护策略和整环性质,以极性/带电特征为主，不宜默认用于提高被动渗透性,是,C(C[C@@H](C(=O)O)N)CNC(=N)NO,https://www.rcsb.org/ligand/HAR
明确排除,HBN,N-(2-NAPHTHYL)HISTIDINAMIDE,C16 H16 N4 O,280.324,l-peptide linking,HIS,芳香／疏水侧链,结构中未识别到可用于常规肽键形成的游离羧基,,否,c1ccc2cc(ccc2c1)NC(=O)C(Cc3cnc[nH]3)N,https://www.rcsb.org/ligand/HBN
条件候选,HCL,"(2S)-2-azanyl-2-[2-chloranyl-3,5-bis(oxidanyl)phenyl]ethanoic acid",C8 H8 Cl N O4,217.606,l-peptide linking,,芳香／疏水侧链,保留为条件候选；是否有价值取决于具体位点、保护策略和整环性质,CCD未指定标准氨基酸母体，需确认它是独立残基而非氨基酸样片段,是,c1c(cc(c(c1[C@@H](C(=O)O)N)Cl)O)O,https://www.rcsb.org/ligand/HCL
条件候选,HCM,(2S)-2-amino-4-(methyldisulfanyl)butanoic acid,C5 H11 N O2 S2,181.276,l-peptide linking,CYS,其他CCD肽链核心,保留为条件候选；是否有价值取决于具体位点、保护策略和整环性质,,是,CSSCC[C@@H](C(=O)O)N,https://www.rcsb.org/ligand/HCM
条件候选,HCS,2-AMINO-4-MERCAPTO-BUTYRIC ACID,C4 H9 N O2 S,135.185,l-peptide linking,,其他CCD肽链核心,保留为条件候选；是否有价值取决于具体位点、保护策略和整环性质,CCD未指定标准氨基酸母体，需确认它是独立残基而非氨基酸样片段,是,C(CS)[C@@H](C(=O)O)N,https://www.rcsb.org/ligand/HCS
条件候选,HFA,ALPHA-HYDROXY-BETA-PHENYL-PROPIONIC ACID,C9 H10 O3,166.174,l-peptide linking,,芳香／疏水侧链,保留为条件候选；是否有价值取决于具体位点、保护策略和整环性质,CCD未指定标准氨基酸母体，需确认它是独立残基而非氨基酸样片段,是,c1ccc(cc1)C[C@@H](C(=O)O)O,https://www.rcsb.org/ligand/HFA
明确排除,HG7,(2S)-2-azanyl-N-[3-(dimethylamino)propyl]-2-(3-hydroxyphenyl)ethanamide,C13 H21 N3 O2,251.325,l-peptide linking,,芳香／疏水侧链,结构中未识别到可用于常规肽键形成的游离羧基,,否,CN(C)CCCNC(=O)[C@H](c1cccc(c1)O)N,https://www.rcsb.org/ligand/HG7
仅结构参考,HGL,"(2S)-2-amino-4-(2-amino-6-oxo-1,6-dihydro-9H-purin-9-yl)butanoic acid",C9 H12 N6 O3,252.23,l-peptide linking,,芳香／疏水侧链,结构身份可保留，但复杂度、反应性或极性风险不适合进入默认研发库,分子量超过250 Da，需关注偶联效率、溶解度和总环肽体积；杂原子较多，可能增加暴露极性和去溶剂化代价；CCD未指定标准氨基酸母体，需确认它是独立残基而非氨基酸样片段,是,c1nc2c(n1CC[C@@H](C(=O)O)N)N=C(NC2=O)N,https://www.rcsb.org/ligand/HGL
优先研发候选,HGM,(2R)-2-(4-hydroxyphenyl)-2-(methylamino)ethanoic acid,C9 H11 N O3,181.189,d-peptide linking,,D-构型,属于D-构型方向，可用于口服环肽的构象/稳定性/主链极性扫描,CCD未指定标准氨基酸母体，需确认它是独立残基而非氨基酸样片段,是,CN[C@H](c1ccc(cc1)O)C(=O)O,https://www.rcsb.org/ligand/HGM
条件候选,HGY,(2S)-amino(hydroxy)ethanoic acid,C2 H5 N O3,91.066,peptide linking,GLY,极性／带电侧链,保留为条件候选；是否有价值取决于具体位点、保护策略和整环性质,CCD仅标为通用peptide linking，需确认真实主链连接几何；以极性/带电特征为主，不宜默认用于提高被动渗透性,是,[C@H](C(=O)O)(N)O,https://www.rcsb.org/ligand/HGY
条件候选,HHI,(2Z)-3-(1H-imidazol-5-yl)-2-iminopropanoic acid,C6 H7 N3 O2,153.139,peptide linking,HIS,芳香／疏水侧链,保留为条件候选；是否有价值取决于具体位点、保护策略和整环性质,CCD仅标为通用peptide linking，需确认真实主链连接几何,是,[H]/N=C(/Cc1cnc[nH]1)\C(=O)O,https://www.rcsb.org/ligand/HHI
条件候选,HHK,"(2S)-2,8-DIAMINOOCTANOIC ACID",C8 H18 N2 O2,174.241,l-peptide linking,ALA / LYS,极性／带电侧链,保留为条件候选；是否有价值取决于具体位点、保护策略和整环性质,以极性/带电特征为主，不宜默认用于提高被动渗透性,是,C(CCCN)CC[C@@H](C(=O)O)N,https://www.rcsb.org/ligand/HHK
明确排除,HIA,L-HISTIDINE AMIDE,C6 H10 N4 O,154.17,l-peptide linking,HIS,芳香／疏水侧链,结构中未识别到可用于常规肽键形成的游离羧基,,否,c1c([nH]cn1)C[C@@H](C(=O)N)N,https://www.rcsb.org/ligand/HIA
条件候选,HIC,4-METHYL-HISTIDINE,C7 H11 N3 O2,169.181,l-peptide linking,HIS,芳香／疏水侧链,保留为条件候选；是否有价值取决于具体位点、保护策略和整环性质,,是,Cn1cc(nc1)C[C@@H](C(=O)O)N,https://www.rcsb.org/ligand/HIC
仅结构参考,HIP,ND1-PHOSPHONOHISTIDINE,C6 H11 N3 O5 P,236.142,l-peptide linking,HIS,芳香／疏水侧链,结构身份可保留，但复杂度、反应性或极性风险不适合进入默认研发库,含磷酸/膦酸相关结构，通常不利于被动跨膜，除非有专门遮蔽设计,是,c1c(n(c[nH+]1)P(=O)(O)O)C[C@@H](C(=O)O)N,https://www.rcsb.org/ligand/HIP
条件候选,HIQ,"1-[1,2-DIHYDROXY-1-(HYDROXYMETHYL)ETHYL]-L-HISTIDINE",C9 H15 N3 O5,245.232,l-peptide linking,HIS,芳香／疏水侧链,保留为条件候选；是否有价值取决于具体位点、保护策略和整环性质,,是,c1c(ncn1C(CO)(CO)O)C[C@@H](C(=O)O)N,https://www.rcsb.org/ligand/HIQ
条件候选,HIX,"3-(1H-1,2,3-triazol-5-yl)-L-alanine",C5 H8 N4 O2,156.143,l-peptide linking,ALA,芳香／疏水侧链,保留为条件候选；是否有价值取决于具体位点、保护策略和整环性质,,是,c1c([nH]nn1)C[C@@H](C(=O)O)N,https://www.rcsb.org/ligand/HIX
条件候选,HJH,"(2~{S})-2-azanyl-3-(2-methyl-5-oxidanyl-1,2,3-triazol-4-yl)propanoic acid",C6 H10 N4 O3,186.169,l-peptide linking,,极性／带电侧链,保留为条件候选；是否有价值取决于具体位点、保护策略和整环性质,CCD未指定标准氨基酸母体，需确认它是独立残基而非氨基酸样片段；以极性/带电特征为主，不宜默认用于提高被动渗透性,是,Cn1nc(c(n1)O)C[C@@H](C(=O)O)N,https://www.rcsb.org/ligand/HJH
优先研发候选,HJV,N~2~-methyl-D-glutamine,C6 H12 N2 O3,160.171,d-peptide linking,,D-构型,属于D-构型方向，可用于口服环肽的构象/稳定性/主链极性扫描,CCD未指定标准氨基酸母体，需确认它是独立残基而非氨基酸样片段,是,CN[C@H](CCC(=O)N)C(=O)O,https://www.rcsb.org/ligand/HJV
仅结构参考,HJY,4-iodo-N-methyl-D-phenylalanine,C10 H12 I N O2,305.112,d-peptide linking,,N-取代,结构身份可保留，但复杂度、反应性或极性风险不适合进入默认研发库,分子量超过300 Da，单体复杂度和环肽总分子量负担较高；CCD未指定标准氨基酸母体，需确认它是独立残基而非氨基酸样片段,是,CN[C@H](Cc1ccc(cc1)I)C(=O)O,https://www.rcsb.org/ligand/HJY
条件候选,HL2,"(2S,3R)-2-amino-3-hydroxy-4-methylpentanoic acid",C6 H13 N O3,147.172,l-peptide linking,LEU,极性／带电侧链,保留为条件候选；是否有价值取决于具体位点、保护策略和整环性质,以极性/带电特征为主，不宜默认用于提高被动渗透性,是,CC(C)[C@H]([C@@H](C(=O)O)N)O,https://www.rcsb.org/ligand/HL2
条件候选,HL5,"(2S,4R)-5-hydroxyleucine",C6 H13 N O3,147.172,l-peptide linking,Leu,极性／带电侧链,保留为条件候选；是否有价值取决于具体位点、保护策略和整环性质,以极性/带电特征为主，不宜默认用于提高被动渗透性,是,C[C@H](C[C@@H](C(=O)O)N)CO,https://www.rcsb.org/ligand/HL5
条件候选,HLU,BETA-HYDROXYLEUCINE,C6 H13 N O3,147.172,l-peptide linking,LEU,极性／带电侧链,保留为条件候选；是否有价值取决于具体位点、保护策略和整环性质,以极性/带电特征为主，不宜默认用于提高被动渗透性,是,CC(C)[C@@H]([C@@H](C(=O)O)N)O,https://www.rcsb.org/ligand/HLU
条件候选,HLX,5-methyl-L-norleucine,C7 H15 N O2,145.199,l-peptide linking,,其他CCD肽链核心,保留为条件候选；是否有价值取决于具体位点、保护策略和整环性质,CCD未指定标准氨基酸母体，需确认它是独立残基而非氨基酸样片段,是,CC(C)CC[C@@H](C(=O)O)N,https://www.rcsb.org/ligand/HLX
条件候选,HLY,(3~{R})-5-[[(5~{S})-5-azanyl-6-oxidanyl-6-oxidanylidene-hexyl]amino]-3-methyl-3-oxidanyl-5-oxidanylidene-pentanoic acid,C12 H22 N2 O6,290.313,l-peptide linking,LYS,极性／带电侧链,保留为条件候选；是否有价值取决于具体位点、保护策略和整环性质,分子量超过250 Da，需关注偶联效率、溶解度和总环肽体积；以极性/带电特征为主，不宜默认用于提高被动渗透性,是,C[C@@](CC(=O)NCCCC[C@@H](C(=O)O)N)(CC(=O)O)O,https://www.rcsb.org/ligand/HLY
明确排除,HM8,"2-[(1S,2R)-1-amino-2-(sulfooxy)propyl]-5-hydroxy-1,3-oxazole-4-carbothioic O-acid",C7 H10 N2 O7 S2,298.294,l-peptide linking,,芳香／疏水侧链,结构中未识别到可用于常规肽键形成的游离羧基,,否,C[C@H]([C@@H](c1nc(c(o1)O)C(=S)O)N)OS(=O)(=O)O,https://www.rcsb.org/ligand/HM8
明确排除,HM9,"6-(3-CARBAMIMIDAMIDOPROPYL)-3,5-DIHYDROXYPYRAZINE-2-CARBOTHIOIC S-ACID",C9 H13 N5 O3 S,271.296,l-peptide linking,,芳香／疏水侧链,结构中未识别到可用于常规肽键形成的游离羧基,,否,C(Cc1c(nc(c(n1)C(=O)S)O)O)CNC(=N)N,https://www.rcsb.org/ligand/HM9
优先研发候选,HMF,2-AMINO-4-PHENYL-BUTYRIC ACID,C10 H13 N O2,179.216,d-peptide linking,,D-构型,属于D-构型方向，可用于口服环肽的构象/稳定性/主链极性扫描,CCD未指定标准氨基酸母体，需确认它是独立残基而非氨基酸样片段,是,c1ccc(cc1)CC[C@H](C(=O)O)N,https://www.rcsb.org/ligand/HMF
条件候选,HMR,BETA-HOMOARGININE,C7 H16 N4 O2,188.228,l-peptide linking,ARG,极性／带电侧链,保留为条件候选；是否有价值取决于具体位点、保护策略和整环性质,以极性/带电特征为主，不宜默认用于提高被动渗透性,是,C(C[C@@H](CC(=O)O)N)CNC(=N)N,https://www.rcsb.org/ligand/HMR
条件候选,HNC,"S-[(1S,2R)-2-hydroxy-1-(2-oxoethyl)heptyl]-L-cysteine",C12 H23 N O4 S,277.38,l-peptide linking,CYS,极性／带电侧链,保留为条件候选；是否有价值取决于具体位点、保护策略和整环性质,分子量超过250 Da，需关注偶联效率、溶解度和总环肽体积；以极性/带电特征为主，不宜默认用于提高被动渗透性,是,CCCCC[C@H]([C@H](CC=O)SC[C@@H](C(=O)O)N)O,https://www.rcsb.org/ligand/HNC
条件候选,HOO,"(2~{S})-2-azanyl-3-[2,5-bis(oxidanylidene)imidazol-4-yl]propanoic acid",C6 H7 N3 O4,185.137,l-peptide linking,HIS,极性／带电侧链,保留为条件候选；是否有价值取决于具体位点、保护策略和整环性质,以极性/带电特征为主，不宜默认用于提高被动渗透性,是,C(C1=NC(=O)NC1=O)[C@@H](C(=O)O)N,https://www.rcsb.org/ligand/HOO
条件候选,HOX,4-amino-L-phenylalanine,C9 H12 N2 O2,180.204,l-peptide linking,PHE,芳香／疏水侧链,保留为条件候选；是否有价值取决于具体位点、保护策略和整环性质,,是,c1cc(ccc1C[C@@H](C(=O)O)N)N,https://www.rcsb.org/ligand/HOX
仅结构参考,HP9,(2S)-2-azanyl-3-(7-fluoranyl-9-oxidanylidene-xanthen-2-yl)propanoic acid,C16 H12 F N O4,301.269,l-peptide linking,PHE,芳香／疏水侧链,结构身份可保留，但复杂度、反应性或极性风险不适合进入默认研发库,分子量超过300 Da，单体复杂度和环肽总分子量负担较高,是,c1cc2c(cc1C[C@@H](C(=O)O)N)C(=O)c3cc(ccc3O2)F,https://www.rcsb.org/ligand/HP9
条件候选,HPE,HOMOPHENYLALANINE,C10 H13 N O2,179.216,l-peptide linking,PHE,芳香／疏水侧链,保留为条件候选；是否有价值取决于具体位点、保护策略和整环性质,,是,c1ccc(cc1)CC[C@@H](C(=O)O)N,https://www.rcsb.org/ligand/HPE
明确排除,HPQ,HOMOPHENYLALANINYLMETHANE,C11 H15 N O,177.243,l-peptide linking,PHE,芳香／疏水侧链,结构中未识别到可用于常规肽键形成的游离羧基,,否,CC(=O)[C@H](CCc1ccccc1)N,https://www.rcsb.org/ligand/HPQ
条件候选,HQA,3-(8-hydroxyquinolin-3-yl)-L-alanine,C12 H12 N2 O3,232.235,l-peptide linking,ALA,芳香／疏水侧链,保留为条件候选；是否有价值取决于具体位点、保护策略和整环性质,,是,c1cc2cc(cnc2c(c1)O)C[C@@H](C(=O)O)N,https://www.rcsb.org/ligand/HQA
条件候选,HR7,(3S)-3-amino-6-[(diaminomethylidene)amino]hexanoic acid,C7 H16 N4 O2,188.228,l-peptide linking,ARG,极性／带电侧链,保留为条件候选；是否有价值取决于具体位点、保护策略和整环性质,以极性/带电特征为主，不宜默认用于提高被动渗透性,是,C(C[C@@H](CC(=O)O)N)CN=C(N)N,https://www.rcsb.org/ligand/HR7
条件候选,HRG,L-HOMOARGININE,C7 H16 N4 O2,188.228,l-peptide linking,ARG,极性／带电侧链,保留为条件候选；是否有价值取决于具体位点、保护策略和整环性质,以极性/带电特征为主，不宜默认用于提高被动渗透性,是,C(CCNC(=N)N)C[C@@H](C(=O)O)N,https://www.rcsb.org/ligand/HRG
条件候选,HRP,5-HYDROXY-L-TRYPTOPHAN,C11 H12 N2 O3,220.225,l-peptide linking,TRP,芳香／疏水侧链,保留为条件候选；是否有价值取决于具体位点、保护策略和整环性质,,是,c1cc2c(cc1O)c(c[nH]2)C[C@H](C(=O)O)N,https://www.rcsb.org/ligand/HRP
条件候选,HS8,3-(1-sulfo-1H-imidazol-3-ium-4-yl)-L-alanine,C6 H10 N3 O5 S,236.226,l-peptide linking,HIS,芳香／疏水侧链,保留为条件候选；是否有价值取决于具体位点、保护策略和整环性质,,是,c1c([nH+]cn1S(=O)(=O)O)C[C@@H](C(=O)O)N,https://www.rcsb.org/ligand/HS8
明确排除,HS9,N-ALPHA-METHYL-L-HISTIDINAMIDE,C7 H12 N4 O,168.196,l-peptide linking,HIS,N-取代,结构中未识别到可用于常规肽键形成的游离羧基,,否,CN[C@@H](Cc1c[nH]cn1)C(=O)N,https://www.rcsb.org/ligand/HS9
条件候选,HSE,L-HOMOSERINE,C4 H9 N O3,119.119,l-peptide linking,SER,极性／带电侧链,保留为条件候选；是否有价值取决于具体位点、保护策略和整环性质,以极性/带电特征为主，不宜默认用于提高被动渗透性,是,C(CO)[C@@H](C(=O)O)N,https://www.rcsb.org/ligand/HSE
条件候选,HSK,3-hydroxy-L-histidine,C6 H9 N3 O3,171.154,l-peptide linking,HIS,芳香／疏水侧链,保留为条件候选；是否有价值取决于具体位点、保护策略和整环性质,,是,c1c(n(cn1)O)C[C@@H](C(=O)O)N,https://www.rcsb.org/ligand/HSK
明确排除,HSL,HOMOSERINE LACTONE,C4 H7 N O2,101.104,l-peptide linking,SER,其他CCD肽链核心,结构中未识别到可用于常规肽键形成的游离羧基,,否,C1COC(=O)[C@H]1N,https://www.rcsb.org/ligand/HSL
明确排除,HSO,L-histidinol,C6 H12 N3 O,142.179,l-peptide linking,HIS,芳香／疏水侧链,结构中未识别到可用于常规肽键形成的游离羧基,,否,c1c([nH+]c[nH]1)C[C@@H](CO)N,https://www.rcsb.org/ligand/HSO
明确排除,HSV,L-histidinal,C6 H10 N3 O,140.163,l-peptide linking,HIS,芳香／疏水侧链,结构中未识别到可用于常规肽键形成的游离羧基,,否,c1c([nH+]c[nH]1)C[C@@H](C=O)N,https://www.rcsb.org/ligand/HSV
条件候选,HT7,(3S)-3-AMINO-4-(1H-INDOL-3-YL)BUTANOIC ACID,C12 H14 N2 O2,218.252,l-peptide linking,TRP,芳香／疏水侧链,保留为条件候选；是否有价值取决于具体位点、保护策略和整环性质,,是,c1ccc2c(c1)c(c[nH]2)C[C@@H](CC(=O)O)N,https://www.rcsb.org/ligand/HT7
条件候选,HTI,(4S)-4-{[(2S)-2-AMINO-3-OXOPROPYL]SULFANYL}-L-HOMOSERINE,C7 H14 N2 O5 S,238.261,l-peptide linking,CYS,极性／带电侧链,保留为条件候选；是否有价值取决于具体位点、保护策略和整环性质,以极性/带电特征为主，不宜默认用于提高被动渗透性,是,C([C@@H](C(=O)O)N)[C@H](O)SC[C@@H](C(=O)O)N,https://www.rcsb.org/ligand/HTI
优先研发候选,HTN,(3R)-3-hydroxy-N-methyl-D-asparagine,C5 H10 N2 O4,162.144,d-peptide linking,,N-取代,属于N-取代方向，可用于口服环肽的构象/稳定性/主链极性扫描,CCD未指定标准氨基酸母体，需确认它是独立残基而非氨基酸样片段,是,CNC(=O)[C@@H]([C@H](C(=O)O)N)O,https://www.rcsb.org/ligand/HTN
条件候选,HTR,BETA-HYDROXYTRYPTOPHANE,C11 H12 N2 O3,220.225,l-peptide linking,TRP,芳香／疏水侧链,保留为条件候选；是否有价值取决于具体位点、保护策略和整环性质,,是,c1ccc2c(c1)c(c[nH]2)[C@@H]([C@@H](C(=O)O)N)O,https://www.rcsb.org/ligand/HTR
优先研发候选,HTY,(betaR)-beta-hydroxy-D-tyrosine,C9 H11 N O4,197.188,d-peptide linking,,D-构型,属于D-构型方向，可用于口服环肽的构象/稳定性/主链极性扫描,CCD未指定标准氨基酸母体，需确认它是独立残基而非氨基酸样片段,是,c1cc(ccc1[C@H]([C@H](C(=O)O)N)O)O,https://www.rcsb.org/ligand/HTY
条件候选,HVA,3-hydroxy-L-valine,C5 H11 N O3,133.146,l-peptide linking,VAL,极性／带电侧链,保留为条件候选；是否有价值取决于具体位点、保护策略和整环性质,以极性/带电特征为主，不宜默认用于提高被动渗透性,是,CC(C)([C@@H](C(=O)O)N)O,https://www.rcsb.org/ligand/HVA
优先研发候选,HY3,3-HYDROXYPROLINE,C5 H9 N O3,131.13,l-peptide linking,PRO,构象限制,属于构象限制方向，可用于口服环肽的构象/稳定性/主链极性扫描；CCD给出标准母体残基，便于设计成对替换实验,,是,C1CN[C@@H]([C@H]1O)C(=O)O,https://www.rcsb.org/ligand/HY3
优先研发候选,HYP,4-HYDROXYPROLINE,C5 H9 N O3,131.13,l-peptide linking,PRO,构象限制,属于构象限制方向，可用于口服环肽的构象/稳定性/主链极性扫描；CCD给出标准母体残基，便于设计成对替换实验,,是,C1[C@H](CN[C@@H]1C(=O)O)O,https://www.rcsb.org/ligand/HYP
优先研发候选,HZP,(4S)-4-hydroxy-L-proline,C5 H9 N O3,131.13,l-peptide linking,PRO,构象限制,属于构象限制方向，可用于口服环肽的构象/稳定性/主链极性扫描；CCD给出标准母体残基，便于设计成对替换实验,,是,C1[C@@H](CN[C@@H]1C(=O)O)O,https://www.rcsb.org/ligand/HZP
仅结构参考,I1C,"{(4Z)-2-[(1R,2R)-1-amino-2-hydroxypropyl]-4-[(4-hydroxy-3-iodophenyl)methylidene]-5-oxo-4,5-dihydro-1H-imidazol-1-yl}acetic acid",C15 H16 I N3 O5,445.209,l-peptide linking,Gly / Thr / Tyr,卤代／电子调节,结构身份可保留，但复杂度、反应性或极性风险不适合进入默认研发库,分子量超过300 Da，单体复杂度和环肽总分子量负担较高,是,C[C@H]([C@@H](C1=N/C(=C\c2ccc(c(c2)I)O)/C(=O)N1CC(=O)O)N)O,https://www.rcsb.org/ligand/I1C
明确排除,I2F,"(2~{S},4~{R},5~{E})-5-[(5~{S})-5-azanyl-6-oxidanyl-hexyl]iminohexane-1,2,4-triol",C12 H26 N2 O5,278.345,l-peptide linking,LYS,极性／带电侧链,结构中未识别到可用于常规肽键形成的游离羧基,,否,C/C(=N\CCCC[C@@H](C(O)O)N)/[C@@H](C[C@@H](CO)O)O,https://www.rcsb.org/ligand/I2F
条件候选,I2M,3-methyl-L-alloisoleucine,C7 H15 N O2,145.199,l-peptide linking,ILE,其他CCD肽链核心,保留为条件候选；是否有价值取决于具体位点、保护策略和整环性质,,是,CCC(C)(C)[C@@H](C(=O)O)N,https://www.rcsb.org/ligand/I2M
条件候选,I3L,allyl-cysteine,C6 H11 N O2 S,161.222,l-peptide linking,CYS,其他CCD肽链核心,保留为条件候选；是否有价值取决于具体位点、保护策略和整环性质,,是,C=CCSC[C@@H](C(=O)O)N,https://www.rcsb.org/ligand/I3L
条件候选,I4G,N-(2-methylpropyl)glycine,C6 H13 N O2,131.173,l-peptide linking,GLY,其他CCD肽链核心,保留为条件候选；是否有价值取决于具体位点、保护策略和整环性质,,是,CC(C)CNCC(=O)O,https://www.rcsb.org/ligand/I4G
明确排除,I4O,Histidine oxo-vanadium complex,C6 H8 N3 O6 V,269.086,l-peptide linking,HIS,芳香／疏水侧链,含金属元素，不是常规氨基酸合成单体,,否,c1c(ncn1[V](=O)([O-])([O-])[O-])C[C@@H](C(=O)O)N,https://www.rcsb.org/ligand/I4O
条件候选,I58,4R-FLUORO-N6-ETHANIMIDOYL-L-LYSINE,C8 H16 F N3 O2,205.23,l-peptide linking,LYS,卤代／电子调节,保留为条件候选；是否有价值取决于具体位点、保护策略和整环性质,,是,[H]/N=C(/C)\NCC[C@H](C[C@@H](C(=O)O)N)F,https://www.rcsb.org/ligand/I58
条件候选,I7F,O-hydroxy-L-serine,C3 H7 N O4,121.092,l-peptide linking,SER,极性／带电侧链,保留为条件候选；是否有价值取决于具体位点、保护策略和整环性质,以极性/带电特征为主，不宜默认用于提高被动渗透性,是,C([C@@H](C(=O)O)N)OO,https://www.rcsb.org/ligand/I7F
条件候选,IAE,(2S)-2-azanyl-4-[4-(trifluoromethyl)phenyl]butanoic acid,C11 H12 F3 N O2,247.214,l-peptide linking,PHE,卤代／电子调节,保留为条件候选；是否有价值取决于具体位点、保护策略和整环性质,,是,c1cc(ccc1CC[C@@H](C(=O)O)N)C(F)(F)F,https://www.rcsb.org/ligand/IAE
条件候选,IAM,4-[(ISOPROPYLAMINO)METHYL]PHENYLALANINE,C13 H20 N2 O2,236.31,l-peptide linking,ALA,芳香／疏水侧链,保留为条件候选；是否有价值取决于具体位点、保护策略和整环性质,,是,CC(C)NCc1ccc(cc1)C[C@@H](C(=O)O)N,https://www.rcsb.org/ligand/IAM
条件候选,IAR,(2E)-5-[(diaminomethylidene)amino]-2-iminopentanoic acid,C6 H12 N4 O2,172.185,peptide linking,ARG,极性／带电侧链,保留为条件候选；是否有价值取决于具体位点、保护策略和整环性质,CCD仅标为通用peptide linking，需确认真实主链连接几何；以极性/带电特征为主，不宜默认用于提高被动渗透性,是,[H]/N=C(\CCCN/C(=N/[H])/N)/C(=O)O,https://www.rcsb.org/ligand/IAR
优先研发候选,IAS,BETA-L-ASPARTIC ACID,C4 H7 N O4,133.103,"l-beta-peptide, c-gamma linking",,延长骨架,属于延长骨架方向，可用于口服环肽的构象/稳定性/主链极性扫描,CCD未指定标准氨基酸母体，需确认它是独立残基而非氨基酸样片段,是,C([C@@H](C(=O)O)N)C(=O)O,https://www.rcsb.org/ligand/IAS
条件候选,IB9,Beta-tyrosine,C9 H11 N O3,181.189,l-peptide linking,TYR,芳香／疏水侧链,保留为条件候选；是否有价值取决于具体位点、保护策略和整环性质,,是,c1cc(ccc1[C@H](CC(=O)O)N)O,https://www.rcsb.org/ligand/IB9
明确排除,IC0,Fmoc-(S)-2-(4-pentenyl)-glycine,C7 H13 N O2,143.184,l-peptide linking,GLY,其他CCD肽链核心,CCD记录对应明显保护体，不能把保护体本身当作最终残基,,否,C=CCCC[C@@H](C(=O)O)N,https://www.rcsb.org/ligand/IC0
仅结构参考,ICY,S-(2-iodobenzyl)-L-cysteine,C10 H12 I N O2 S,337.177,l-peptide linking,CYS,卤代／电子调节,结构身份可保留，但复杂度、反应性或极性风险不适合进入默认研发库,分子量超过300 Da，单体复杂度和环肽总分子量负担较高,是,c1ccc(c(c1)CSC[C@@H](C(=O)O)N)I,https://www.rcsb.org/ligand/ICY
条件候选,IEL,N~6~-[(1Z)-ethanimidoyl]-L-lysine,C8 H17 N3 O2,187.239,l-peptide linking,LYS,极性／带电侧链,保留为条件候选；是否有价值取决于具体位点、保护策略和整环性质,以极性/带电特征为主，不宜默认用于提高被动渗透性,是,[H]/N=C(/C)\NCCCC[C@@H](C(=O)O)N,https://www.rcsb.org/ligand/IEL
条件候选,IGL,ALPHA-AMINO-2-INDANACETIC ACID,C11 H13 N O2,191.226,l-peptide linking,GLY,芳香／疏水侧链,保留为条件候选；是否有价值取决于具体位点、保护策略和整环性质,,是,c1ccc2c(c1)CC(C2)[C@H](C(=O)O)N,https://www.rcsb.org/ligand/IGL
优先研发候选,II7,cis-3-aminocyclobutane carboxylic acid,C5 H9 N O2,115.13,l-peptide linking,,构象限制,属于构象限制方向，可用于口服环肽的构象/稳定性/主链极性扫描,CCD未指定标准氨基酸母体，需确认它是独立残基而非氨基酸样片段,是,C1C(CC1N)C(=O)O,https://www.rcsb.org/ligand/II7
条件候选,IIC,4-IMIDAZOLMETHYLENE-5-IMIDAZOLONE CHROMOPHORE,C11 H15 N5 O4,281.268,l-peptide linking,GLY / HIS / SER,芳香／疏水侧链,保留为条件候选；是否有价值取决于具体位点、保护策略和整环性质,分子量超过250 Da，需关注偶联效率、溶解度和总环肽体积,是,c1c([nH]cn1)CC2=NC(N(C2=O)CC(=O)O)[C@H](CO)N,https://www.rcsb.org/ligand/IIC
条件候选,IIL,ISO-ISOLEUCINE,C6 H13 N O2,131.173,l-peptide linking,ILE,其他CCD肽链核心,保留为条件候选；是否有价值取决于具体位点、保护策略和整环性质,,是,CC[C@@H](C)[C@@H](C(=O)O)N,https://www.rcsb.org/ligand/IIL
条件候选,ILX,"4,5-DIHYDROXYISOLEUCINE",C6 H13 N O4,163.172,l-peptide linking,ILE,极性／带电侧链,保留为条件候选；是否有价值取决于具体位点、保护策略和整环性质,以极性/带电特征为主，不宜默认用于提高被动渗透性,是,C[C@@H]([C@H](CO)O)[C@@H](C(=O)O)N,https://www.rcsb.org/ligand/ILX
优先研发候选,IML,N-METHYL-ISOLEUCINE,C7 H15 N O2,145.199,l-peptide linking,ILE,N-取代,属于N-取代方向，可用于口服环肽的构象/稳定性/主链极性扫描；CCD给出标准母体残基，便于设计成对替换实验,,是,CC[C@H](C)[C@@H](C(=O)O)NC,https://www.rcsb.org/ligand/IML
条件候选,IO8,2-[2-(aminomethyl)-4-(1H-indol-3-ylmethyl)-5-oxidanylidene-4H-imidazol-1-yl]ethanoic acid,C15 H14 N4 O3,298.297,l-peptide linking,GLY / TRP,芳香／疏水侧链,保留为条件候选；是否有价值取决于具体位点、保护策略和整环性质,分子量超过250 Da，需关注偶联效率、溶解度和总环肽体积,是,c1ccc2c(c1)c(c[nH]2)/C=C\3/C(=O)N(C(=N3)CN)CC(=O)O,https://www.rcsb.org/ligand/IO8
条件候选,IOR,"N~5~-[(5R)-5-methyl-4-oxo-4,5-dihydro-1H-imidazol-2-yl]-L-ornithine",C9 H16 N4 O3,228.248,l-peptide linking,ARG,极性／带电侧链,保留为条件候选；是否有价值取决于具体位点、保护策略和整环性质,以极性/带电特征为主，不宜默认用于提高被动渗透性,是,C[C@@H]1C(=O)N=C(N1)NCCC[C@@H](C(=O)O)N,https://www.rcsb.org/ligand/IOR
条件候选,IOY,P-IODO-D-PHENYLALANINE,C9 H10 I N O2,291.086,d-peptide linking,,D-构型,保留为条件候选；是否有价值取决于具体位点、保护策略和整环性质,分子量超过250 Da，需关注偶联效率、溶解度和总环肽体积；CCD未指定标准氨基酸母体，需确认它是独立残基而非氨基酸样片段,是,c1cc(ccc1C[C@H](C(=O)O)N)I,https://www.rcsb.org/ligand/IOY
条件候选,IPG,N-ISOPROPYL GLYCINE,C5 H11 N O2,117.146,l-peptide linking,GLY,其他CCD肽链核心,保留为条件候选；是否有价值取决于具体位点、保护策略和整环性质,,是,CC(C)NCC(=O)O,https://www.rcsb.org/ligand/IPG
仅结构参考,IYR,3-IODO-TYROSINE,C9 H10 I N O3,307.085,l-peptide linking,TYR,卤代／电子调节,结构身份可保留，但复杂度、反应性或极性风险不适合进入默认研发库,分子量超过300 Da，单体复杂度和环肽总分子量负担较高,是,c1cc(c(cc1C[C@@H](C(=O)O)N)I)O,https://www.rcsb.org/ligand/IYR
明确排除,IYT,"N-ALPHA-ACETYL-3,5-DIIODOTYROSYL-D-THREONINE",C15 H18 I2 N2 O6,576.122,d-peptide linking,,D-构型,分子量超过450 Da，优先视为复杂整分子而非通用残基,,否,C[C@H]([C@H](C(=O)O)NC(=O)[C@H](Cc1cc(c(c(c1)I)O)I)NC(=O)C)O,https://www.rcsb.org/ligand/IYT
条件候选,IZO,(2S)-2-AMINOHEX-5-YNOIC ACID,C6 H9 N O2,127.141,l-peptide linking,MET,其他CCD肽链核心,保留为条件候选；是否有价值取决于具体位点、保护策略和整环性质,,是,C#CCC[C@@H](C(=O)O)N,https://www.rcsb.org/ligand/IZO
仅结构参考,J2F,(2~{S})-2-azanyl-3-[4-[(2-nitrophenyl)methoxy]phenyl]propanoic acid,C16 H16 N2 O5,316.309,l-peptide linking,TYR,芳香／疏水侧链,结构身份可保留，但复杂度、反应性或极性风险不适合进入默认研发库,分子量超过300 Da，单体复杂度和环肽总分子量负担较高,是,c1ccc(c(c1)COc2ccc(cc2)C[C@@H](C(=O)O)N)[N+](=O)[O-],https://www.rcsb.org/ligand/J2F
条件候选,J3D,N-carboxy-L-cysteine,C4 H7 N O4 S,165.168,l-peptide linking,CYS,极性／带电侧链,保留为条件候选；是否有价值取决于具体位点、保护策略和整环性质,以极性/带电特征为主，不宜默认用于提高被动渗透性,是,C([C@@H](C(=O)O)NC(=O)O)S,https://www.rcsb.org/ligand/J3D
优先研发候选,J7H,(2~{R})-2-azanyl-2-methyl-heptanoic acid,C8 H17 N O2,159.226,d-peptide linking,,D-构型,属于D-构型方向，可用于口服环肽的构象/稳定性/主链极性扫描,CCD未指定标准氨基酸母体，需确认它是独立残基而非氨基酸样片段,是,CCCCC[C@](C)(C(=O)O)N,https://www.rcsb.org/ligand/J7H
条件候选,J8W,(2~{S})-2-azanyl-3-(3-oxidanyl-3-oxidanylidene-propanoyl)oxy-propanoic acid,C6 H9 N O6,191.139,l-peptide linking,SER,极性／带电侧链,保留为条件候选；是否有价值取决于具体位点、保护策略和整环性质,以极性/带电特征为主，不宜默认用于提高被动渗透性,是,C([C@@H](C(=O)O)N)OC(=O)CC(=O)O,https://www.rcsb.org/ligand/J8W
条件候选,J9A,N-[(2S)-2-amino-2-carboxyethyl]-L-alpha-glutamine,C8 H15 N3 O5,233.222,l-peptide linking,,极性／带电侧链,保留为条件候选；是否有价值取决于具体位点、保护策略和整环性质,CCD未指定标准氨基酸母体，需确认它是独立残基而非氨基酸样片段；以极性/带电特征为主，不宜默认用于提高被动渗透性,是,C(CC(=O)O)[C@@H](C(=O)NC[C@@H](C(=O)O)N)N,https://www.rcsb.org/ligand/J9A
条件候选,J9Y,(2S)-2-amino-5-{[(E)-amino(methylamino)methylidene](hydroxy)azaniumyl}pentanoate,C7 H16 N4 O3,204.227,l-peptide linking,ARG,极性／带电侧链,保留为条件候选；是否有价值取决于具体位点、保护策略和整环性质,以极性/带电特征为主，不宜默认用于提高被动渗透性,是,CN/C(=[N+](\CCC[C@@H](C(=O)[O-])N)/O)/N,https://www.rcsb.org/ligand/J9Y
条件候选,JBY,"(2S)-2-{(4Z)-2-(aminomethyl)-4-[(4-hydroxyphenyl)methylidene]-5-oxo-4,5-dihydro-1H-imidazol-1-yl}propanoic acid",C14 H15 N3 O4,289.287,l-peptide linking,,芳香／疏水侧链,保留为条件候选；是否有价值取决于具体位点、保护策略和整环性质,分子量超过250 Da，需关注偶联效率、溶解度和总环肽体积；CCD未指定标准氨基酸母体，需确认它是独立残基而非氨基酸样片段,是,C[C@@H](C(=O)O)N1C(=N/C(=C\c2ccc(cc2)O)/C1=O)CN,https://www.rcsb.org/ligand/JBY
条件候选,JGO,"meso-2,6-diaminopimelic acid NH2",C7 H15 N3 O3,189.212,l-peptide linking,LYS,极性／带电侧链,保留为条件候选；是否有价值取决于具体位点、保护策略和整环性质,以极性/带电特征为主，不宜默认用于提高被动渗透性,是,C(C[C@H](C(=O)N)N)C[C@@H](C(=O)O)N,https://www.rcsb.org/ligand/JGO
条件候选,JJJ,S-(pyridin-3-ylcarbonyl)-L-cysteine,C9 H10 N2 O3 S,226.252,l-peptide linking,CYS,芳香／疏水侧链,保留为条件候选；是否有价值取决于具体位点、保护策略和整环性质,,是,c1cc(cnc1)C(=O)SC[C@@H](C(=O)O)N,https://www.rcsb.org/ligand/JJJ
条件候选,JJK,S-[(S)-hydroxy(pyridin-3-yl)methyl]-L-cysteine,C9 H12 N2 O3 S,228.268,l-peptide linking,CYS,芳香／疏水侧链,保留为条件候选；是否有价值取决于具体位点、保护策略和整环性质,,是,c1cc(cnc1)[C@@H](O)SC[C@@H](C(=O)O)N,https://www.rcsb.org/ligand/JJK
条件候选,JJL,S-[(S)-hydroxy(5-methoxypyridin-3-yl)methyl]-L-cysteine,C10 H14 N2 O4 S,258.294,l-peptide linking,CYS,芳香／疏水侧链,保留为条件候选；是否有价值取决于具体位点、保护策略和整环性质,分子量超过250 Da，需关注偶联效率、溶解度和总环肽体积,是,COc1cc(cnc1)[C@@H](O)SC[C@@H](C(=O)O)N,https://www.rcsb.org/ligand/JJL
条件候选,JKC,(2S)-2-azanyl-5-(phenylmethoxycarbonylamino)pentanoic acid,C13 H18 N2 O4,266.293,l-peptide linking,,芳香／疏水侧链,保留为条件候选；是否有价值取决于具体位点、保护策略和整环性质,分子量超过250 Da，需关注偶联效率、溶解度和总环肽体积；CCD未指定标准氨基酸母体，需确认它是独立残基而非氨基酸样片段,是,c1ccc(cc1)COC(=O)NCCC[C@@H](C(=O)O)N,https://www.rcsb.org/ligand/JKC
优先研发候选,JKH,4-amino-Proline,C5 H11 N2 O2,131.153,l-peptide linking,PRO,构象限制,属于构象限制方向，可用于口服环肽的构象/稳定性/主链极性扫描；CCD给出标准母体残基，便于设计成对替换实验,,是,C1[C@@H](CN[C@@H]1C(=O)O)[NH3+],https://www.rcsb.org/ligand/JKH
条件候选,JLP,(2S)-2-azanyl-6-[E-[5-(hydroxymethyl)-2-methyl-3-oxidanyl-pyridin-4-yl]methylideneamino]hexanoic acid,C14 H21 N3 O4,295.334,l-peptide linking,LYS,芳香／疏水侧链,保留为条件候选；是否有价值取决于具体位点、保护策略和整环性质,分子量超过250 Da，需关注偶联效率、溶解度和总环肽体积,是,Cc1c(c(c(cn1)CO)/C=N/CCCC[C@@H](C(=O)O)N)O,https://www.rcsb.org/ligand/JLP
仅结构参考,JMX,(2S)-3-[1-[(4-bromophenyl)methyl]indol-3-yl]-2-(methylamino)propanoic acid,C19 H19 Br N2 O2,387.27,l-peptide linking,,卤代／电子调节,结构身份可保留，但复杂度、反应性或极性风险不适合进入默认研发库,分子量超过300 Da，单体复杂度和环肽总分子量负担较高；CCD未指定标准氨基酸母体，需确认它是独立残基而非氨基酸样片段,是,CN[C@@H](Cc1cn(c2c1cccc2)Cc3ccc(cc3)Br)C(=O)O,https://www.rcsb.org/ligand/JMX
条件候选,JXR,"2,2-bis(4-pentenyl)glycine",C12 H21 N O2,211.301,l-peptide linking,,其他CCD肽链核心,保留为条件候选；是否有价值取决于具体位点、保护策略和整环性质,CCD未指定标准氨基酸母体，需确认它是独立残基而非氨基酸样片段,是,C=CCCCC(CCCC=C)(C(=O)O)N,https://www.rcsb.org/ligand/JXR
条件候选,JYC,(S)-2-(7'-octenyl) alanine,C11 H21 N O2,199.29,l-peptide linking,,其他CCD肽链核心,保留为条件候选；是否有价值取决于具体位点、保护策略和整环性质,CCD未指定标准氨基酸母体，需确认它是独立残基而非氨基酸样片段,是,C[C@](CCCCCCC=C)(C(=O)O)N,https://www.rcsb.org/ligand/JYC
条件候选,K1R,(2S)-2-AMINO-4-[({[(2R)-2-AMINO-2-CARBOXYETHYL]THIO}AMINO)SULFINYL]BUTANOIC ACID,C7 H15 N3 O5 S2,285.341,l-peptide linking,CYS,极性／带电侧链,保留为条件候选；是否有价值取决于具体位点、保护策略和整环性质,分子量超过250 Da，需关注偶联效率、溶解度和总环肽体积；以极性/带电特征为主，不宜默认用于提高被动渗透性,是,C(C[S@@](=O)NSC[C@@H](C(=O)O)N)[C@@H](C(=O)O)N,https://www.rcsb.org/ligand/K1R
条件候选,K5H,"(2~{R})-2-azanyl-3-[3,3,3-tris(fluoranyl)-2,2-bis(oxidanyl)propyl]sulfanyl-propanoic acid",C6 H10 F3 N O4 S,249.208,l-peptide linking,CYS,极性／带电侧链,保留为条件候选；是否有价值取决于具体位点、保护策略和整环性质,以极性/带电特征为主，不宜默认用于提高被动渗透性,是,C([C@@H](C(=O)O)N)SCC(C(F)(F)F)(O)O,https://www.rcsb.org/ligand/K5H
条件候选,K5L,(2~{R})-2-azanyl-3-(3-oxidanyl-3-oxidanylidene-propanoyl)oxy-propanoic acid,C6 H9 N O6,191.139,l-peptide linking,SER,极性／带电侧链,保留为条件候选；是否有价值取决于具体位点、保护策略和整环性质,以极性/带电特征为主，不宜默认用于提高被动渗透性,是,C([C@H](C(=O)O)N)OC(=O)CC(=O)O,https://www.rcsb.org/ligand/K5L
仅结构参考,K7K,2-azanyl-3-[hexyl-[2-(3-oxidanylpyridin-2-yl)pyridin-3-yl]oxy-phosphoryl]oxy-propanal,C19 H26 N3 O6 P,423.4,l-peptide linking,SER,芳香／疏水侧链,结构身份可保留，但复杂度、反应性或极性风险不适合进入默认研发库,分子量超过300 Da，单体复杂度和环肽总分子量负担较高；含磷酸/膦酸相关结构，通常不利于被动跨膜，除非有专门遮蔽设计；名称提示反应性官能团或中间体，需要确认能否承受偶联和脱保护条件,是,CCCCCC[P@](=O)(OC[C@@H](C(=O)O)N)Oc1cccnc1c2c(cccn2)O,https://www.rcsb.org/ligand/K7K
条件候选,KBE,beta-lysine,C6 H14 N2 O2,146.188,l-peptide linking,LYS,极性／带电侧链,保留为条件候选；是否有价值取决于具体位点、保护策略和整环性质,以极性/带电特征为主，不宜默认用于提高被动渗透性,是,C(C[C@@H](CC(=O)O)N)CN,https://www.rcsb.org/ligand/KBE
仅结构参考,KBS,2-[(4-methoxyphenyl)sulfanyl]-5-[methyl(propan-2-yl)sulfamoyl]benzoic acid,C18 H21 N O5 S2,395.493,peptide linking,,芳香／疏水侧链,结构身份可保留，但复杂度、反应性或极性风险不适合进入默认研发库,分子量超过300 Da，单体复杂度和环肽总分子量负担较高；CCD仅标为通用peptide linking，需确认真实主链连接几何；CCD未指定标准氨基酸母体，需确认它是独立残基而非氨基酸样片段,是,CC(C)N(C)S(=O)(=O)c1ccc(c(c1)C(=O)O)Sc2ccc(cc2)OC,https://www.rcsb.org/ligand/KBS
条件候选,KBV,(3R)-3-amino-4-(4-tert-butylphenyl)butanoic acid,C14 H21 N O2,235.322,peptide linking,,芳香／疏水侧链,保留为条件候选；是否有价值取决于具体位点、保护策略和整环性质,CCD仅标为通用peptide linking，需确认真实主链连接几何；CCD未指定标准氨基酸母体，需确认它是独立残基而非氨基酸样片段,是,CC(C)(C)c1ccc(cc1)C[C@H](CC(=O)O)N,https://www.rcsb.org/ligand/KBV
条件候选,KCJ,"3-(1,3-thiazol-4-yl)-L-alanine",C6 H8 N2 O2 S,172.205,l-peptide linking,,芳香／疏水侧链,保留为条件候选；是否有价值取决于具体位点、保护策略和整环性质,CCD未指定标准氨基酸母体，需确认它是独立残基而非氨基酸样片段,是,c1c(ncs1)C[C@@H](C(=O)O)N,https://www.rcsb.org/ligand/KCJ
条件候选,KCR,N-6-crotonyl-L-lysine,C10 H18 N2 O3,214.262,l-peptide linking,LYS,极性／带电侧链,保留为条件候选；是否有价值取决于具体位点、保护策略和整环性质,以极性/带电特征为主，不宜默认用于提高被动渗透性,是,C/C=C/C(=O)NCCCC[C@@H](C(=O)O)N,https://www.rcsb.org/ligand/KCR
条件候选,KCX,LYSINE NZ-CARBOXYLIC ACID,C7 H14 N2 O4,190.197,l-peptide linking,LYS,极性／带电侧链,保留为条件候选；是否有价值取决于具体位点、保护策略和整环性质,以极性/带电特征为主，不宜默认用于提高被动渗透性,是,C(CCNC(=O)O)C[C@@H](C(=O)O)N,https://www.rcsb.org/ligand/KCX
优先研发候选,KCY,D-homocysteine,C4 H9 N O2 S,135.185,d-peptide linking,,D-构型,属于D-构型方向，可用于口服环肽的构象/稳定性/主链极性扫描,CCD未指定标准氨基酸母体，需确认它是独立残基而非氨基酸样片段,是,C(CS)[C@H](C(=O)O)N,https://www.rcsb.org/ligand/KCY
条件候选,KEO,e(R)-beta-lysyl-hydroxylysine,C12 H26 N4 O4,290.359,l-peptide linking,LYS,极性／带电侧链,保留为条件候选；是否有价值取决于具体位点、保护策略和整环性质,分子量超过250 Da，需关注偶联效率、溶解度和总环肽体积；以极性/带电特征为主，不宜默认用于提高被动渗透性,是,C(C[C@@H](CC(=O)NCC[C@@H](C[C@@H](C(=O)O)N)O)N)CN,https://www.rcsb.org/ligand/KEO
仅结构参考,KFP,"N~6~-[(2-amino-4-oxo-3,4-dihydropteridin-6-yl)methyl]-D-lysine",C13 H19 N7 O3,321.335,d-peptide linking,LYS,D-构型,结构身份可保留，但复杂度、反应性或极性风险不适合进入默认研发库,分子量超过300 Da，单体复杂度和环肽总分子量负担较高；杂原子较多，可能增加暴露极性和去溶剂化代价,是,c1c(nc2c(n1)N=C(NC2=O)N)CNCCCC[C@H](C(=O)O)N,https://www.rcsb.org/ligand/KFP
条件候选,KGC,N~6~-[(2R)-2-CARBOXY-5-OXOTETRAHYDROFURAN-2-YL]-L-LYSINE,C11 H18 N2 O6,274.27,l-peptide linking,LYS,极性／带电侧链,保留为条件候选；是否有价值取决于具体位点、保护策略和整环性质,分子量超过250 Da，需关注偶联效率、溶解度和总环肽体积；以极性/带电特征为主，不宜默认用于提高被动渗透性,是,C1C[C@@](OC1=O)(C(=O)O)NCCCC[C@@H](C(=O)O)N,https://www.rcsb.org/ligand/KGC
条件候选,KHB,N~6~-[(3S)-3-hydroxybutanoyl]-L-lysine,C10 H20 N2 O4,232.277,l-peptide linking,LYS,极性／带电侧链,保留为条件候选；是否有价值取决于具体位点、保护策略和整环性质,以极性/带电特征为主，不宜默认用于提高被动渗透性,是,C[C@@H](CC(=O)NCCCC[C@@H](C(=O)O)N)O,https://www.rcsb.org/ligand/KHB
优先研发候选,KJW,(d)3-hydroxy-Leucine,C6 H13 N O3,147.172,d-peptide linking,,D-构型,属于D-构型方向，可用于口服环肽的构象/稳定性/主链极性扫描,CCD未指定标准氨基酸母体，需确认它是独立残基而非氨基酸样片段,是,CC(C)[C@@H]([C@H](C(=O)O)N)O,https://www.rcsb.org/ligand/KJW
明确排除,KKD,N-acetyl-L-aspartic acid,C6 H9 N O5,175.139,l-peptide linking,ASP,极性／带电侧链,主链氨基被端基化，不能按普通内部残基直接偶联,,否,CC(=O)N[C@@H](CC(=O)O)C(=O)O,https://www.rcsb.org/ligand/KKD
明确排除,KLF,"(2~{S},4~{R})-4-oxidanylpyrrolidine-2-carboxamide",C5 H10 N2 O2,130.145,l-peptide linking,PRO,极性／带电侧链,结构中未识别到可用于常规肽键形成的游离羧基,,否,C1[C@H](CN[C@@H]1C(=O)N)O,https://www.rcsb.org/ligand/KLF
条件候选,KNB,3-(methylsulfonyl)-L-alanine,C4 H9 N O4 S,167.184,l-peptide linking,ALA,极性／带电侧链,保留为条件候选；是否有价值取决于具体位点、保护策略和整环性质,以极性/带电特征为主，不宜默认用于提高被动渗透性,是,CS(=O)(=O)C[C@@H](C(=O)O)N,https://www.rcsb.org/ligand/KNB
条件候选,KOR,L-HOMOCYSTEINE-S-N-S-L-CYSTEINE,C7 H15 N3 O5 S2,285.341,l-peptide linking,MET,极性／带电侧链,保留为条件候选；是否有价值取决于具体位点、保护策略和整环性质,分子量超过250 Da，需关注偶联效率、溶解度和总环肽体积；以极性/带电特征为主，不宜默认用于提高被动渗透性,是,C(CSN[S@](=O)C[C@@H](C(=O)O)N)[C@@H](C(=O)O)N,https://www.rcsb.org/ligand/KOR
条件候选,KPF,N-(1-carboxy-2-fluoro-ethenyl) lysine,C9 H15 F N2 O4,234.225,l-peptide linking,LYS,卤代／电子调节,保留为条件候选；是否有价值取决于具体位点、保护策略和整环性质,,是,C(CC/N=C(\CF)/C(=O)O)C[C@@H](C(=O)O)N,https://www.rcsb.org/ligand/KPF
条件候选,KPI,(2S)-2-amino-6-[(1-hydroxy-1-oxo-propan-2-ylidene)amino]hexanoic acid,C9 H16 N2 O4,216.234,l-peptide linking,LYS,极性／带电侧链,保留为条件候选；是否有价值取决于具体位点、保护策略和整环性质,以极性/带电特征为主，不宜默认用于提高被动渗透性,是,C/C(=N\CCCC[C@@H](C(=O)O)N)/C(=O)O,https://www.rcsb.org/ligand/KPI
条件候选,KPY,(2R)-2-AZANYL-3-[2-[(E)-(1-OXIDANYL-1-OXIDANYLIDENE-PROPAN-2-YLIDENE)AMINO]ETHYLSULFANYL]PROPANOIC ACID,C8 H14 N2 O4 S,234.273,l-peptide linking,LYS,极性／带电侧链,保留为条件候选；是否有价值取决于具体位点、保护策略和整环性质,以极性/带电特征为主，不宜默认用于提高被动渗透性,是,C/C(=N\CCSC[C@@H](C(=O)O)N)/C(=O)O,https://www.rcsb.org/ligand/KPY
条件候选,KR3,N~6~-(ethoxycarbonyl)-L-lysine,C9 H18 N2 O4,218.25,l-peptide linking,LYS,极性／带电侧链,保留为条件候选；是否有价值取决于具体位点、保护策略和整环性质,以极性/带电特征为主，不宜默认用于提高被动渗透性,是,CCOC(=O)NCCCC[C@@H](C(=O)O)N,https://www.rcsb.org/ligand/KR3
明确排除,KSB,lambda-[Ru(tap2-dppz-CN)]2+,C39 H21 N13 Ru,772.741,"d-beta-peptide, c-gamma linking",,D-构型,含金属元素，不是常规氨基酸合成单体；结构中未识别到可用于常规肽键形成的游离羧基；分子量超过450 Da，优先视为复杂整分子而非通用残基,,否,c1cc2c3c(c4ccc[n+]5c4c2[n+](c1)[Ru]567([n+]8ccnc9c8c1[n+]6ccnc1cc9)[n+]1ccnc2c1c1[n+]7ccnc1cc2)nc1cc(ccc1n3)C#N,https://www.rcsb.org/ligand/KSB
条件候选,KST,N~6~-(5-CARBOXY-3-THIENYL)-L-LYSINE,C11 H16 N2 O4 S,272.321,l-peptide linking,LYS,芳香／疏水侧链,保留为条件候选；是否有价值取决于具体位点、保护策略和整环性质,分子量超过250 Da，需关注偶联效率、溶解度和总环肽体积,是,c1c(csc1C(=O)O)NCCCC[C@@H](C(=O)O)N,https://www.rcsb.org/ligand/KST
优先研发候选,KW4,5-methyl-D-norleucine,C7 H15 N O2,145.199,d-peptide linking,DLE,D-构型,属于D-构型方向，可用于口服环肽的构象/稳定性/主链极性扫描；CCD给出标准母体残基，便于设计成对替换实验,,是,CC(C)CC[C@H](C(=O)O)N,https://www.rcsb.org/ligand/KW4
明确排除,KWS,"{2-[(1R,2R)-1-amino-2-hydroxypropyl]-4-methylidene-5-oxo-4,5-dihydro-1H-imidazol-1-yl}acetic acid",C9 H13 N3 O4,227.217,l-peptide linking,GLY / SER / THR,极性／带电侧链,名称提示核苷酸、辅因子、脂质、完整肽或整分子缀合物,,否,C[C@H]([C@@H](C1=NC(=C)C(=O)N1CC(=O)O)N)O,https://www.rcsb.org/ligand/KWS
仅结构参考,KXV,"{(4Z)-2-[(1R)-1-amino-2-sulfanylethyl]-4-[(4-hydroxy-3-methoxyphenyl)methylidene]-5-oxo-4,5-dihydro-1H-imidazol-1-yl}ac etic acid",C15 H17 N3 O5 S,351.378,l-peptide linking,,芳香／疏水侧链,结构身份可保留，但复杂度、反应性或极性风险不适合进入默认研发库,分子量超过300 Da，单体复杂度和环肽总分子量负担较高；CCD未指定标准氨基酸母体，需确认它是独立残基而非氨基酸样片段,是,COc1cc(ccc1O)/C=C\2/C(=O)N(C(=N2)[C@H](CS)N)CC(=O)O,https://www.rcsb.org/ligand/KXV
仅结构参考,KY4,"{(4Z)-2-[(1R)-1-amino-2-sulfanylethyl]-4-[(2,3-difluoro-4-hydroxyphenyl)methylidene]-5-oxo-4,5-dihydro-1H-imidazol-1-yl}acetic acid",C14 H13 F2 N3 O4 S,357.333,l-peptide linking,,卤代／电子调节,结构身份可保留，但复杂度、反应性或极性风险不适合进入默认研发库,分子量超过300 Da，单体复杂度和环肽总分子量负担较高；CCD未指定标准氨基酸母体，需确认它是独立残基而非氨基酸样片段,是,c1cc(c(c(c1/C=C\2/C(=O)N(C(=N2)[C@H](CS)N)CC(=O)O)F)F)O,https://www.rcsb.org/ligand/KY4
仅结构参考,KY7,"{(4Z)-2-[(1S)-1-amino-2-sulfanylethyl]-4-[(4-hydroxy-3-nitrophenyl)methylidene]-5-oxo-4,5-dihydro-1H-imidazol-1-yl}acetic acid",C14 H14 N4 O6 S,366.349,l-peptide linking,,芳香／疏水侧链,结构身份可保留，但复杂度、反应性或极性风险不适合进入默认研发库,分子量超过300 Da，单体复杂度和环肽总分子量负担较高；CCD未指定标准氨基酸母体，需确认它是独立残基而非氨基酸样片段,是,c1cc(c(cc1/C=C\2/C(=O)N(C(=N2)[C@@H](CS)N)CC(=O)O)[N+](=O)[O-])O,https://www.rcsb.org/ligand/KY7
条件候选,KYN,(2S)-2-amino-4-(2-aminophenyl)-4-oxobutanoic acid,C10 H12 N2 O3,208.214,l-peptide linking,TRP,芳香／疏水侧链,保留为条件候选；是否有价值取决于具体位点、保护策略和整环性质,,是,c1ccc(c(c1)C(=O)C[C@@H](C(=O)O)N)N,https://www.rcsb.org/ligand/KYN
条件候选,KYQ,(E)-N~6~-(1-carboxy-2-hydroxyethylidene)-L-lysine,C9 H16 N2 O5,232.234,l-peptide linking,LYS,极性／带电侧链,保留为条件候选；是否有价值取决于具体位点、保护策略和整环性质,以极性/带电特征为主，不宜默认用于提高被动渗透性,是,C(CC/N=C(\CO)/C(=O)O)C[C@@H](C(=O)O)N,https://www.rcsb.org/ligand/KYQ
仅结构参考,KZ1,"{(4Z)-2-[(1R)-1-amino-2-sulfanylethyl]-5-oxo-4-[(2,3,5-trifluoro-4-hydroxyphenyl)methylidene]-4,5-dihydro-1H-imidazol-1-yl}acetic acid",C14 H12 F3 N3 O4 S,375.323,l-peptide linking,CYS / GLY / TYR,卤代／电子调节,结构身份可保留，但复杂度、反应性或极性风险不适合进入默认研发库,分子量超过300 Da，单体复杂度和环肽总分子量负担较高,是,c1c(c(c(c(c1F)O)F)F)/C=C\2/C(=O)N(C(=N2)[C@H](CS)N)CC(=O)O,https://www.rcsb.org/ligand/KZ1
仅结构参考,KZ4,"{(4Z)-2-[(1R)-1-amino-2-sulfanylethyl]-4-[(3-bromo-4-hydroxyphenyl)methylidene]-5-oxo-4,5-dihydro-1H-imidazol-1-yl}acetic acid",C14 H14 Br N3 O4 S,400.248,l-peptide linking,CYS / GLY / TYR,卤代／电子调节,结构身份可保留，但复杂度、反应性或极性风险不适合进入默认研发库,分子量超过300 Da，单体复杂度和环肽总分子量负担较高,是,c1cc(c(cc1/C=C\2/C(=O)N(C(=N2)[C@H](CS)N)CC(=O)O)Br)O,https://www.rcsb.org/ligand/KZ4
仅结构参考,KZ7,"{(4Z)-2-[(1R)-1-amino-2-sulfanylethyl]-4-[(3-chloro-4-hydroxyphenyl)methylidene]-5-oxo-4,5-dihydro-1H-imidazol-1-yl}acetic acid",C14 H14 Cl N3 O4 S,355.797,l-peptide linking,CYS / GLY / TYR,卤代／电子调节,结构身份可保留，但复杂度、反应性或极性风险不适合进入默认研发库,分子量超过300 Da，单体复杂度和环肽总分子量负担较高,是,c1cc(c(cc1/C=C\2/C(=O)N(C(=N2)[C@H](CS)N)CC(=O)O)Cl)O,https://www.rcsb.org/ligand/KZ7
仅结构参考,KZG,"{(4Z)-2-[(1R)-1-amino-2-sulfanylethyl]-4-[(4-hydroxy-3-iodophenyl)methylidene]-5-oxo-4,5-dihydro-1H-imidazol-1-yl}aceti c acid",C14 H14 I N3 O4 S,447.248,l-peptide linking,CYS / GLY / TYR,卤代／电子调节,结构身份可保留，但复杂度、反应性或极性风险不适合进入默认研发库,分子量超过300 Da，单体复杂度和环肽总分子量负担较高,是,c1cc(c(cc1/C=C\2/C(=O)N(C(=N2)[C@H](CS)N)CC(=O)O)I)O,https://www.rcsb.org/ligand/KZG
仅结构参考,KZV,"{(4Z)-2-[(1R)-1-amino-2-sulfanylethyl]-4-[(3-fluoro-4-hydroxyphenyl)methylidene]-5-oxo-4,5-dihydro-1H-imidazol-1-yl}ace tic acid",C14 H14 F N3 O4 S,339.342,l-peptide linking,CYS / GLY / TYR,卤代／电子调节,结构身份可保留，但复杂度、反应性或极性风险不适合进入默认研发库,分子量超过300 Da，单体复杂度和环肽总分子量负担较高,是,c1cc(c(cc1/C=C\2/C(=O)N(C(=N2)[C@H](CS)N)CC(=O)O)F)O,https://www.rcsb.org/ligand/KZV
仅结构参考,KZY,"{(4Z)-2-[(1R)-1-amino-2-sulfanylethyl]-4-[(4-hydroxy-3-methylphenyl)methylidene]-5-oxo-4,5-dihydro-1H-imidazol-1-yl}acetic acid",C15 H17 N3 O4 S,335.378,l-peptide linking,CYS / GLY / TYR,芳香／疏水侧链,结构身份可保留，但复杂度、反应性或极性风险不适合进入默认研发库,分子量超过300 Da，单体复杂度和环肽总分子量负担较高,是,Cc1cc(ccc1O)/C=C\2/C(=O)N(C(=N2)[C@H](CS)N)CC(=O)O,https://www.rcsb.org/ligand/KZY
明确排除,L2A,"(2S,5S,8S,11S,15E,20S)-20-amino-2-(carboxymethyl)-11,20-dimethyl-5,8-bis(2-methylpropyl)-3,6,9,21-tetraoxo-1,4,7,10-tetraazacyclohenicos-15-ene-11-carboxylic acid",C30 H51 N5 O8,609.755,l-peptide linking,,构象限制,分子量超过450 Da，优先视为复杂整分子而非通用残基,,否,CC(C)C[C@H]1C(=O)N[C@](CCC\C=C\CCC[C@](C(=O)N[C@H](C(=O)N[C@H](C(=O)N1)CC(C)C)CC(=O)O)(C)N)(C)C(=O)O,https://www.rcsb.org/ligand/L2A
条件候选,L3O,"(2S,3S)-3-amino-2-hydroxy-5-methylhexanoic acid",C7 H15 N O3,161.199,l-peptide linking,LEU,极性／带电侧链,保留为条件候选；是否有价值取决于具体位点、保护策略和整环性质,以极性/带电特征为主，不宜默认用于提高被动渗透性,是,CC(C)C[C@@H]([C@@H](C(=O)O)O)N,https://www.rcsb.org/ligand/L3O
明确排除,L4R,Fmoc-(R)-2-(7-octenyl)alanine,C11 H21 N O2,199.29,l-peptide linking,,其他CCD肽链核心,CCD记录对应明显保护体，不能把保护体本身当作最终残基,,否,C[C@@](CCCCCCC=C)(C(=O)O)N,https://www.rcsb.org/ligand/L4R
仅结构参考,L5P,"(2S)-2-azanyl-6-[[(3R,4R)-3,4-bis(oxidanyl)-2-oxidanylidene-5-phosphonooxy-pentyl]amino]hexanoic acid",C11 H23 N2 O9 P,358.282,l-peptide linking,LYS,极性／带电侧链,结构身份可保留，但复杂度、反应性或极性风险不适合进入默认研发库,分子量超过300 Da，单体复杂度和环肽总分子量负担较高；杂原子较多，可能增加暴露极性和去溶剂化代价；含磷酸/膦酸相关结构，通常不利于被动跨膜，除非有专门遮蔽设计；以极性/带电特征为主，不宜默认用于提高被动渗透性,是,C(CCNCC(=O)[C@@H]([C@@H](COP(=O)(O)O)O)O)C[C@@H](C(=O)O)N,https://www.rcsb.org/ligand/L5P
仅结构参考,LA2,"N~6~-[(6R)-6,8-disulfanyloctanoyl]-L-lysine",C14 H28 N2 O3 S2,336.514,l-peptide linking,LYS,极性／带电侧链,结构身份可保留，但复杂度、反应性或极性风险不适合进入默认研发库,分子量超过300 Da，单体复杂度和环肽总分子量负担较高；以极性/带电特征为主，不宜默认用于提高被动渗透性,是,C(CCC(=O)NCCCC[C@@H](C(=O)O)N)C[C@H](CCS)S,https://www.rcsb.org/ligand/LA2
条件候选,LAL,"N,N-DIMETHYL-L-ALANINE",C5 H11 N O2,117.146,l-peptide linking,ALA,其他CCD肽链核心,保留为条件候选；是否有价值取决于具体位点、保护策略和整环性质,,是,C[C@@H](C(=O)O)N(C)C,https://www.rcsb.org/ligand/LAL
明确排除,LAY,N-acetyl-L-leucine,C8 H15 N O3,173.21,l-peptide linking,LEU,极性／带电侧链,主链氨基被端基化，不能按普通内部残基直接偶联,,否,CC(C)C[C@@H](C(=O)O)NC(=O)C,https://www.rcsb.org/ligand/LAY
明确排除,LBY,N~6~-(tert-butoxycarbonyl)-L-lysine,C11 H22 N2 O4,246.303,l-peptide linking,LYS,极性／带电侧链,CCD记录对应明显保护体，不能把保护体本身当作最终残基,,否,CC(C)(C)OC(=O)NCCCC[C@@H](C(=O)O)N,https://www.rcsb.org/ligand/LBY
条件候选,LBZ,(2~{S})-2-azanyl-6-benzamido-hexanoic acid,C13 H18 N2 O3,250.294,l-peptide linking,LYS,芳香／疏水侧链,保留为条件候选；是否有价值取决于具体位点、保护策略和整环性质,分子量超过250 Da，需关注偶联效率、溶解度和总环肽体积,是,c1ccc(cc1)C(=O)NCCCC[C@@H](C(=O)O)N,https://www.rcsb.org/ligand/LBZ
条件候选,LCK,(Z)-N~6~-(2-carboxy-1-methylethylidene)-L-lysine,C10 H18 N2 O4,230.261,l-peptide linking,LYS,极性／带电侧链,保留为条件候选；是否有价值取决于具体位点、保护策略和整环性质,以极性/带电特征为主，不宜默认用于提高被动渗透性,是,C/C(=N/CCCC[C@@H](C(=O)O)N)/CC(=O)O,https://www.rcsb.org/ligand/LCK
条件候选,LDH,N~6~-ETHYL-L-LYSINE,C8 H18 N2 O2,174.241,l-peptide linking,LYS,极性／带电侧链,保留为条件候选；是否有价值取决于具体位点、保护策略和整环性质,以极性/带电特征为主，不宜默认用于提高被动渗透性,是,CCNCCCC[C@@H](C(=O)O)N,https://www.rcsb.org/ligand/LDH
条件候选,LE1,3-sulfanyl-L-valine,C5 H11 N O2 S,149.211,l-peptide linking,VAL,其他CCD肽链核心,保留为条件候选；是否有价值取决于具体位点、保护策略和整环性质,,是,CC(C)([C@@H](C(=O)O)N)S,https://www.rcsb.org/ligand/LE1
条件候选,LED,(4R)-5-OXO-L-LEUCINE,C6 H11 N O3,145.156,l-peptide linking,LEU,极性／带电侧链,保留为条件候选；是否有价值取决于具体位点、保护策略和整环性质,以极性/带电特征为主，不宜默认用于提高被动渗透性,是,C[C@H](C[C@@H](C(=O)O)N)C=O,https://www.rcsb.org/ligand/LED
条件候选,LEF,(4S)-5-FLUORO-L-LEUCINE,C6 H12 F N O2,149.163,l-peptide linking,LEU,卤代／电子调节,保留为条件候选；是否有价值取决于具体位点、保护策略和整环性质,,是,C[C@@H](C[C@@H](C(=O)O)N)CF,https://www.rcsb.org/ligand/LEF
仅结构参考,LEH,N-[12-(1H-imidazol-1-yl)dodecanoyl]-L-leucine,C21 H37 N3 O3,379.537,l-peptide linking,LEU,芳香／疏水侧链,结构身份可保留，但复杂度、反应性或极性风险不适合进入默认研发库,分子量超过300 Da，单体复杂度和环肽总分子量负担较高,是,CC(C)C[C@@H](C(=O)O)NC(=O)CCCCCCCCCCCn1ccnc1,https://www.rcsb.org/ligand/LEH
优先研发候选,LEI,3-sulfanyl-D-valine,C5 H11 N O2 S,149.211,d-peptide linking,,D-构型,属于D-构型方向，可用于口服环肽的构象/稳定性/主链极性扫描,CCD未指定标准氨基酸母体，需确认它是独立残基而非氨基酸样片段,是,CC(C)([C@H](C(=O)O)N)S,https://www.rcsb.org/ligand/LEI
仅结构参考,LET,(Z)-N^6-{3-CARBOXY-1-[(4-CARBOXY-2-OXOBUTOXY)METHYL]PROPYLIDENE}-L-LYSINE,C16 H26 N2 O8,374.386,l-peptide linking,LYS,极性／带电侧链,结构身份可保留，但复杂度、反应性或极性风险不适合进入默认研发库,分子量超过300 Da，单体复杂度和环肽总分子量负担较高；杂原子较多，可能增加暴露极性和去溶剂化代价；以极性/带电特征为主，不宜默认用于提高被动渗透性,是,C(CC/N=C(\CCC(=O)O)/COCC(=O)CCC(=O)O)C[C@@H](C(=O)O)N,https://www.rcsb.org/ligand/LET
条件候选,LGY,(E)-N~6~-(4-oxobutylidene)-L-lysine,C10 H18 N2 O3,214.262,l-peptide linking,LYS,极性／带电侧链,保留为条件候选；是否有价值取决于具体位点、保护策略和整环性质,以极性/带电特征为主，不宜默认用于提高被动渗透性,是,C(CC/N=C/CCC=O)C[C@@H](C(=O)O)N,https://www.rcsb.org/ligand/LGY
条件候选,LHC,(2S)-2-amino-4-(4-amino-2-oxopyrimidin-1(2H)-yl)butanoic acid,C8 H12 N4 O3,212.206,l-peptide linking,,极性／带电侧链,保留为条件候选；是否有价值取决于具体位点、保护策略和整环性质,CCD未指定标准氨基酸母体，需确认它是独立残基而非氨基酸样片段；以极性/带电特征为主，不宜默认用于提高被动渗透性,是,C1=CN(C(=O)N=C1N)CC[C@@H](C(=O)O)N,https://www.rcsb.org/ligand/LHC
仅结构参考,LKE,2-[(4~{Z})-2-(aminomethyl)-4-[(4-azidophenyl)methylidene]-5-oxidanylidene-imidazol-1-yl]ethanoic acid,C13 H12 N6 O3,300.273,l-peptide linking,,芳香／疏水侧链,结构身份可保留，但复杂度、反应性或极性风险不适合进入默认研发库,分子量超过300 Da，单体复杂度和环肽总分子量负担较高；杂原子较多，可能增加暴露极性和去溶剂化代价；CCD未指定标准氨基酸母体，需确认它是独立残基而非氨基酸样片段,是,c1cc(ccc1/C=C\2/C(=O)N(C(=N2)CN)CC(=O)O)N=[N+]=[N-],https://www.rcsb.org/ligand/LKE
条件候选,LLO,"N~6~-[(1S)-3-hydroxy-1,3-dimethylbutyl]-L-lysine",C12 H26 N2 O3,246.346,l-peptide linking,LYS,极性／带电侧链,保留为条件候选；是否有价值取决于具体位点、保护策略和整环性质,以极性/带电特征为主，不宜默认用于提高被动渗透性,是,C[C@@H](CC(C)(C)O)NCCCC[C@@H](C(=O)O)N,https://www.rcsb.org/ligand/LLO
仅结构参考,LLP,(2S)-2-amino-6-[[3-hydroxy-2-methyl-5-(phosphonooxymethyl)pyridin-4-yl]methylideneamino]hexanoic acid,C14 H22 N3 O7 P,375.314,l-peptide linking,LYS,芳香／疏水侧链,结构身份可保留，但复杂度、反应性或极性风险不适合进入默认研发库,分子量超过300 Da，单体复杂度和环肽总分子量负担较高；杂原子较多，可能增加暴露极性和去溶剂化代价；含磷酸/膦酸相关结构，通常不利于被动跨膜，除非有专门遮蔽设计,是,Cc1c(c(c(cn1)COP(=O)(O)O)/C=N/CCCCC(C(=O)O)N)O,https://www.rcsb.org/ligand/LLP
条件候选,LLY,NZ-(DICARBOXYMETHYL)LYSINE,C9 H16 N2 O6,248.233,l-peptide linking,LYS,极性／带电侧链,保留为条件候选；是否有价值取决于具体位点、保护策略和整环性质,以极性/带电特征为主，不宜默认用于提高被动渗透性,是,C(CCNC(C(=O)O)C(=O)O)C[C@@H](C(=O)O)N,https://www.rcsb.org/ligand/LLY
仅结构参考,LLZ,N~6~-[(1S)-3-(6-methoxynaphthalen-2-yl)-1-methyl-3-oxopropyl]-L-lysine,C21 H28 N2 O4,372.458,l-peptide linking,LYS,芳香／疏水侧链,结构身份可保留，但复杂度、反应性或极性风险不适合进入默认研发库,分子量超过300 Da，单体复杂度和环肽总分子量负担较高,是,C[C@@H](CC(=O)c1ccc2cc(ccc2c1)OC)NCCCC[C@@H](C(=O)O)N,https://www.rcsb.org/ligand/LLZ
条件候选,LME,"(2S,3R)-2-azanyl-3-methyl-pentanedioic acid",C6 H11 N O4,161.156,l-peptide linking,GLU,极性／带电侧链,保留为条件候选；是否有价值取决于具体位点、保护策略和整环性质,以极性/带电特征为主，不宜默认用于提高被动渗透性,是,C[C@H](CC(=O)O)[C@@H](C(=O)O)N,https://www.rcsb.org/ligand/LME
优先研发候选,LMF,NZ(N-METHYL THIOFORMAMIDE) LYSINE,C8 H17 N3 O2 S,219.304,l-peptide linking,LYS,N-取代,属于N-取代方向，可用于口服环肽的构象/稳定性/主链极性扫描；CCD给出标准母体残基，便于设计成对替换实验,,是,CNC(=S)NCCCC[C@@H](C(=O)O)N,https://www.rcsb.org/ligand/LMF
条件候选,LMQ,(3S)-3-methyl-L-glutamine,C6 H12 N2 O3,160.171,l-peptide linking,GLN,极性／带电侧链,保留为条件候选；是否有价值取决于具体位点、保护策略和整环性质,以极性/带电特征为主，不宜默认用于提高被动渗透性,是,C[C@@H](CC(=O)N)[C@@H](C(=O)O)N,https://www.rcsb.org/ligand/LMQ
明确排除,LNE,N-ethyl-L-leucinamide,C8 H18 N2 O,158.241,l-peptide linking,LEU,N-取代,结构中未识别到可用于常规肽键形成的游离羧基,,否,CCNC(=O)[C@H](CC(C)C)N,https://www.rcsb.org/ligand/LNE
明确排除,LNM,N-methyl-L-leucinamide,C7 H16 N2 O,144.215,l-peptide linking,LEU,N-取代,结构中未识别到可用于常规肽键形成的游离羧基,,否,CC(C)C[C@@H](C(=O)NC)N,https://www.rcsb.org/ligand/LNM
条件候选,LOH,"3,4-dihydroxylysine",C6 H14 N2 O4,178.186,l-peptide linking,LYS,极性／带电侧链,保留为条件候选；是否有价值取决于具体位点、保护策略和整环性质,以极性/带电特征为主，不宜默认用于提高被动渗透性,是,C(CN)[C@@H]([C@H]([C@@H](C(=O)O)N)O)O,https://www.rcsb.org/ligand/LOH
仅结构参考,LOU,"3-[(3aR,4S,7S,7aS)-2-(carboxymethyl)-1,3-dioxooctahydro-4H-4,7-epoxyisoindol-4-yl]-L-alanine",C13 H16 N2 O7,312.275,l-peptide linking,,极性／带电侧链,结构身份可保留，但复杂度、反应性或极性风险不适合进入默认研发库,分子量超过300 Da，单体复杂度和环肽总分子量负担较高；杂原子较多，可能增加暴露极性和去溶剂化代价；CCD未指定标准氨基酸母体，需确认它是独立残基而非氨基酸样片段；以极性/带电特征为主，不宜默认用于提高被动渗透性,是,C1C[C@@]2([C@H]3[C@@H]([C@H]1O2)C(=O)N(C3=O)CC(=O)O)C[C@@H](C(=O)O)N,https://www.rcsb.org/ligand/LOU
条件候选,LP6,6-piperidin-1-yl-L-norleucine,C11 H22 N2 O2,214.305,l-peptide linking,LYS,极性／带电侧链,保留为条件候选；是否有价值取决于具体位点、保护策略和整环性质,以极性/带电特征为主，不宜默认用于提高被动渗透性,是,C1CCN(CC1)CCCC[C@@H](C(=O)O)N,https://www.rcsb.org/ligand/LP6
明确排除,LPD,L-PROLINAMIDE,C5 H10 N2 O,114.146,l-peptide linking,PRO,极性／带电侧链,结构中未识别到可用于常规肽键形成的游离羧基,,否,C1C[C@H](NC1)C(=O)N,https://www.rcsb.org/ligand/LPD
条件候选,LPG,(2S)-2-aminobut-3-ynoic acid,C4 H5 N O2,99.088,l-peptide linking,GLY,其他CCD肽链核心,保留为条件候选；是否有价值取决于具体位点、保护策略和整环性质,,是,C#C[C@@H](C(=O)O)N,https://www.rcsb.org/ligand/LPG
条件候选,LPH,L-Propargylglycine,C5 H7 N O2,113.115,l-peptide linking,,其他CCD肽链核心,保留为条件候选；是否有价值取决于具体位点、保护策略和整环性质,CCD未指定标准氨基酸母体，需确认它是独立残基而非氨基酸样片段,是,C#CC[C@@H](C(=O)O)N,https://www.rcsb.org/ligand/LPH
条件候选,LPL,LEU-HYDROXYETHYLENE-LEU,C13 H27 N O3,245.358,l-peptide linking,,极性／带电侧链,保留为条件候选；是否有价值取决于具体位点、保护策略和整环性质,CCD未指定标准氨基酸母体，需确认它是独立残基而非氨基酸样片段；以极性/带电特征为主，不宜默认用于提高被动渗透性,是,CC(C)C[C@H](C[C@@H]([C@H](CC(C)C)N)O)C(=O)O,https://www.rcsb.org/ligand/LPL
明确排除,LPS,O-{HYDROXY[((2R)-2-HYDROXY-3-{[(1S)-1-HYDROXYPENTADECYL]OXY}PROPYL)OXY]PHOSPHORYL}-L-SERINE,C21 H44 N O9 P,485.549,l-peptide linking,SER,极性／带电侧链,分子量超过450 Da，优先视为复杂整分子而非通用残基,,否,CCCCCCCCCCCCCCC(O)OC[C@H](CO[P@](=O)(O)OC[C@@H](C(=O)O)N)O,https://www.rcsb.org/ligand/LPS
仅结构参考,LRK,"(2S)-2-azanyl-6-[[(2R,4R)-1,4-bis(oxidanyl)-3-oxidanylidene-5-phosphonooxy-pentan-2-yl]amino]hexanoic acid",C11 H23 N2 O9 P,358.282,l-peptide linking,LYS,极性／带电侧链,结构身份可保留，但复杂度、反应性或极性风险不适合进入默认研发库,分子量超过300 Da，单体复杂度和环肽总分子量负担较高；杂原子较多，可能增加暴露极性和去溶剂化代价；含磷酸/膦酸相关结构，通常不利于被动跨膜，除非有专门遮蔽设计；以极性/带电特征为主，不宜默认用于提高被动渗透性,是,C(CCN[C@H](CO)C(=O)[C@@H](COP(=O)(O)O)O)C[C@@H](C(=O)O)N,https://www.rcsb.org/ligand/LRK
仅结构参考,LSO,(Z)-N~6~-(3-CARBOXY-1-{[(4-CARBOXY-2-OXOBUTYL)SULFONYL]METHYL}PROPYLIDENE)-L-LYSINE,C16 H26 N2 O9 S,422.451,l-peptide linking,LYS,极性／带电侧链,结构身份可保留，但复杂度、反应性或极性风险不适合进入默认研发库,分子量超过300 Da，单体复杂度和环肽总分子量负担较高；杂原子较多，可能增加暴露极性和去溶剂化代价；以极性/带电特征为主，不宜默认用于提高被动渗透性,是,C(CC/N=C(\CCC(=O)O)/CS(=O)(=O)CC(=O)CCC(=O)O)C[C@@H](C(=O)O)N,https://www.rcsb.org/ligand/LSO
条件候选,LT0,D-tryptophyl-L-serine,C14 H17 N3 O4,291.302,peptide linking,SER / TRP,芳香／疏水侧链,保留为条件候选；是否有价值取决于具体位点、保护策略和整环性质,分子量超过250 Da，需关注偶联效率、溶解度和总环肽体积；CCD仅标为通用peptide linking，需确认真实主链连接几何,是,c1ccc2c(c1)c(c[nH]2)C[C@H](C(=O)N[C@@H](CO)C(=O)O)N,https://www.rcsb.org/ligand/LT0
明确排除,LTA,"4,8-DIAMINO-3-HYDROXY-OCTANOIC ACID ETHYL ESTER",C10 H22 N2 O3,218.293,l-peptide linking,,极性／带电侧链,结构中未识别到可用于常规肽键形成的游离羧基,,否,CCOC(=O)C[C@@H]([C@H](CCCCN)N)O,https://www.rcsb.org/ligand/LTA
仅结构参考,LTU,2-Amino-3-hydroxy-3-[1-[2-(oxiran-2-yl)propan-2-yl]indol-3-yl]propanoic acid,C16 H20 N2 O4,304.341,l-peptide linking,TRP,极性／带电侧链,结构身份可保留，但复杂度、反应性或极性风险不适合进入默认研发库,分子量超过300 Da，单体复杂度和环肽总分子量负担较高；以极性/带电特征为主，不宜默认用于提高被动渗透性,是,CC(C)([C@H]1CO1)n2cc(c3c2cccc3)[C@H]([C@@H](C(=O)O)N)O,https://www.rcsb.org/ligand/LTU
条件候选,LV8,(2~{S})-3-acetamido-2-azanyl-propanoic acid,C5 H10 N2 O3,146.144,l-peptide linking,,极性／带电侧链,保留为条件候选；是否有价值取决于具体位点、保护策略和整环性质,CCD未指定标准氨基酸母体，需确认它是独立残基而非氨基酸样片段；以极性/带电特征为主，不宜默认用于提高被动渗透性,是,CC(=O)NC[C@@H](C(=O)O)N,https://www.rcsb.org/ligand/LV8
条件候选,LVG,L-VINYLGLYCINE,C4 H7 N O2,101.104,l-peptide linking,GLY,其他CCD肽链核心,保留为条件候选；是否有价值取决于具体位点、保护策略和整环性质,,是,C=C[C@@H](C(=O)O)N,https://www.rcsb.org/ligand/LVG
条件候选,LVN,(3S)-4-oxo-L-valine,C5 H9 N O3,131.13,l-peptide linking,VAL,极性／带电侧链,保留为条件候选；是否有价值取决于具体位点、保护策略和整环性质,以极性/带电特征为主，不宜默认用于提高被动渗透性,是,C[C@H](C=O)[C@@H](C(=O)O)N,https://www.rcsb.org/ligand/LVN
条件候选,LWI,2-(aminomethyl)-L-phenylalanine,C10 H14 N2 O2,194.23,l-peptide linking,PHE,芳香／疏水侧链,保留为条件候选；是否有价值取决于具体位点、保护策略和整环性质,,是,c1ccc(c(c1)C[C@@H](C(=O)O)N)CN,https://www.rcsb.org/ligand/LWI
仅结构参考,LYF,"(2E,4S)-2-{[(5S)-5-amino-5-carboxypentyl]imino}-4-hydroxyheptanedioic acid",C13 H22 N2 O7,318.323,l-peptide linking,LYS,极性／带电侧链,结构身份可保留，但复杂度、反应性或极性风险不适合进入默认研发库,分子量超过300 Da，单体复杂度和环肽总分子量负担较高；杂原子较多，可能增加暴露极性和去溶剂化代价；以极性/带电特征为主，不宜默认用于提高被动渗透性,是,C(CC/N=C(\C[C@H](CCC(=O)O)O)/C(=O)O)C[C@@H](C(=O)O)N,https://www.rcsb.org/ligand/LYF
条件候选,LYH,"3,4 ENE-LYSINE",C6 H12 N2 O2,144.172,l-peptide linking,,极性／带电侧链,保留为条件候选；是否有价值取决于具体位点、保护策略和整环性质,CCD未指定标准氨基酸母体，需确认它是独立残基而非氨基酸样片段；以极性/带电特征为主，不宜默认用于提高被动渗透性,是,C(CN)/C=C/[C@@H](C(=O)O)N,https://www.rcsb.org/ligand/LYH
明确排除,LYN,"2,6-DIAMINO-HEXANOIC ACID AMIDE",C6 H16 N3 O,146.211,l-peptide linking,LYS,极性／带电侧链,结构中未识别到可用于常规肽键形成的游离羧基,,否,C(CC[NH3+])C[C@@H](C(=O)N)N,https://www.rcsb.org/ligand/LYN
条件候选,LYO,4-HYDROXY-LYSINE,C6 H14 N2 O3,162.187,l-peptide linking,LYS,极性／带电侧链,保留为条件候选；是否有价值取决于具体位点、保护策略和整环性质,以极性/带电特征为主，不宜默认用于提高被动渗透性,是,C(CN)C(C[C@@H](C(=O)O)N)O,https://www.rcsb.org/ligand/LYO
仅结构参考,LYR,"N~6~-[(2Z,4E,6E,8E)-3,7-DIMETHYL-9-(2,6,6-TRIMETHYLCYCLOHEX-1-EN-1-YL)NONA-2,4,6,8-TETRAENYL]LYSINE",C26 H42 N2 O2,414.624,l-peptide linking,LYS,构象限制,结构身份可保留，但复杂度、反应性或极性风险不适合进入默认研发库,分子量超过300 Da，单体复杂度和环肽总分子量负担较高,是,CC1=C(C(CCC1)(C)C)C=C/C(=C/C=C\C(=C\CNCCCC[C@@H](C(=O)O)N)\C)/C,https://www.rcsb.org/ligand/LYR
条件候选,LYU,N~6~-(4-methylpentyl)-L-lysine,C12 H26 N2 O2,230.347,l-peptide linking,LYS,极性／带电侧链,保留为条件候选；是否有价值取决于具体位点、保护策略和整环性质,以极性/带电特征为主，不宜默认用于提高被动渗透性,是,CC(C)CCCNCCCC[C@@H](C(=O)O)N,https://www.rcsb.org/ligand/LYU
仅结构参考,LYV,O-phosphono-L-seryl-N-[(3S)-3-amino-3-carboxypropyl]glycinamide,C9 H19 N4 O8 P,342.243,l-peptide linking,,极性／带电侧链,结构身份可保留，但复杂度、反应性或极性风险不适合进入默认研发库,分子量超过300 Da，单体复杂度和环肽总分子量负担较高；杂原子较多，可能增加暴露极性和去溶剂化代价；含磷酸/膦酸相关结构，通常不利于被动跨膜，除非有专门遮蔽设计；CCD未指定标准氨基酸母体，需确认它是独立残基而非氨基酸样片段；以极性/带电特征为主，不宜默认用于提高被动渗透性,是,C(CNC(=O)CNC(=O)[C@H](COP(=O)(O)O)N)[C@@H](C(=O)O)N,https://www.rcsb.org/ligand/LYV
明确排除,LYX,N''-(2-COENZYME A)-PROPANOYL-LYSINE,C30 H52 N9 O19 P3 S,967.769,l-peptide linking,LYS,极性／带电侧链,名称提示核苷酸、辅因子、脂质、完整肽或整分子缀合物；分子量超过450 Da，优先视为复杂整分子而非通用残基,,否,C[C@@H](C(=O)NCCCC[C@@H](C(=O)O)N)SCCNC(=O)CCNC(=O)[C@@H](C(C)(C)CO[P@@](=O)(O)O[P@@](=O)(O)OC[C@@H]1[C@H]([C@H]([C@@H](O1)n2cnc3c2ncnc3N)O)OP(=O)(O)O)O,https://www.rcsb.org/ligand/LYX
条件候选,LYZ,5-HYDROXYLYSINE,C6 H14 N2 O3,162.187,l-peptide linking,LYS,极性／带电侧链,保留为条件候选；是否有价值取决于具体位点、保护策略和整环性质,以极性/带电特征为主，不宜默认用于提高被动渗透性,是,C(C[C@@H](C(=O)O)N)[C@H](CN)O,https://www.rcsb.org/ligand/LYZ
条件候选,M0H,S-(HYDROXYMETHYL)-L-CYSTEINE,C4 H9 N O3 S,151.184,l-peptide linking,CYS,极性／带电侧链,保留为条件候选；是否有价值取决于具体位点、保护策略和整环性质,以极性/带电特征为主，不宜默认用于提高被动渗透性,是,C([C@@H](C(=O)O)N)SCO,https://www.rcsb.org/ligand/M0H
条件候选,M2L,(2R)-2-amino-3-(2-dimethylaminoethylsulfanyl)propanoic acid,C7 H16 N2 O2 S,192.279,l-peptide linking,LYS,极性／带电侧链,保留为条件候选；是否有价值取决于具体位点、保护策略和整环性质,以极性/带电特征为主，不宜默认用于提高被动渗透性,是,CN(C)CCSC[C@@H](C(=O)O)N,https://www.rcsb.org/ligand/M2L
条件候选,M2S,3-{[(R)-methylsulfinyl]methyl}-L-valine,C7 H15 N O3 S,193.264,l-peptide linking,MET,极性／带电侧链,保留为条件候选；是否有价值取决于具体位点、保护策略和整环性质,以极性/带电特征为主，不宜默认用于提高被动渗透性,是,CC(C)(C[S@](=O)C)[C@@H](C(=O)O)N,https://www.rcsb.org/ligand/M2S
优先研发候选,M30,N-cyclohexylglycine,C8 H15 N O2,157.21,peptide linking,GLY,构象限制,属于构象限制方向，可用于口服环肽的构象/稳定性/主链极性扫描；CCD给出标准母体残基，便于设计成对替换实验,CCD仅标为通用peptide linking，需确认真实主链连接几何,是,C1CCC(CC1)NCC(=O)O,https://www.rcsb.org/ligand/M30
条件候选,M3L,N-TRIMETHYLLYSINE,C9 H21 N2 O2,189.275,l-peptide linking,LYS,极性／带电侧链,保留为条件候选；是否有价值取决于具体位点、保护策略和整环性质,以极性/带电特征为主，不宜默认用于提高被动渗透性,是,C[N+](C)(C)CCCC[C@@H](C(=O)O)N,https://www.rcsb.org/ligand/M3L
仅结构参考,M3V,"{(4Z)-2-[(1R,2R)-1-amino-2-hydroxypropyl]-4-[(4-cyanophenyl)methylidene]-5-oxo-4,5-dihydro-1H-imidazol-1-yl}acetic acid",C16 H16 N4 O4,328.323,l-peptide linking,GLY / THR / TYR,卤代／电子调节,结构身份可保留，但复杂度、反应性或极性风险不适合进入默认研发库,分子量超过300 Da，单体复杂度和环肽总分子量负担较高,是,C[C@H]([C@@H](C1=N/C(=C\c2ccc(cc2)C#N)/C(=O)N1CC(=O)O)N)O,https://www.rcsb.org/ligand/M3V
条件候选,M64,(2S)-2-amino-4-[(2S)-2-methylpiperidin-1-yl]-4-oxobutanoic acid,C10 H18 N2 O3,214.262,l-peptide linking,,极性／带电侧链,保留为条件候选；是否有价值取决于具体位点、保护策略和整环性质,CCD未指定标准氨基酸母体，需确认它是独立残基而非氨基酸样片段；以极性/带电特征为主，不宜默认用于提高被动渗透性,是,C[C@H]1CCCCN1C(=O)C[C@@H](C(=O)O)N,https://www.rcsb.org/ligand/M64
条件候选,M6J,(2S)-2-amino-4-oxo-4-[(2R)-2-phenylpyrrolidin-1-yl]butanoic acid,C14 H18 N2 O3,262.304,l-peptide linking,,芳香／疏水侧链,保留为条件候选；是否有价值取决于具体位点、保护策略和整环性质,分子量超过250 Da，需关注偶联效率、溶解度和总环肽体积；CCD未指定标准氨基酸母体，需确认它是独立残基而非氨基酸样片段,是,c1ccc(cc1)[C@H]2CCCN2C(=O)C[C@@H](C(=O)O)N,https://www.rcsb.org/ligand/M6J
条件候选,M70,(2S)-2-azanyl-3-(1-carbamimidoylpiperidin-4-yl)propanoic acid,C9 H18 N4 O2,214.265,l-peptide linking,,极性／带电侧链,保留为条件候选；是否有价值取决于具体位点、保护策略和整环性质,CCD未指定标准氨基酸母体，需确认它是独立残基而非氨基酸样片段；以极性/带电特征为主，不宜默认用于提高被动渗透性,是,[H]/N=C(/N)\N1CCC(CC1)C[C@@H](C(=O)O)N,https://www.rcsb.org/ligand/M70
优先研发候选,MAA,N-methyl-L-alanine,C4 H9 N O2,103.12,l-peptide linking,ALA,N-取代,属于N-取代方向，可用于口服环肽的构象/稳定性/主链极性扫描；CCD给出标准母体残基，便于设计成对替换实验,,是,C[C@@H](C(=O)O)NC,https://www.rcsb.org/ligand/MAA
仅结构参考,MBQ,2-HYDROXY-5-({1-[(4-METHYLPHENOXY)METHYL]-3-OXOPROP-1-ENYL}AMINO)-L-TYROSINE,C20 H22 N2 O6,386.398,l-peptide linking,TYR,芳香／疏水侧链,结构身份可保留，但复杂度、反应性或极性风险不适合进入默认研发库,分子量超过300 Da，单体复杂度和环肽总分子量负担较高,是,Cc1ccc(cc1)OC/C(=C\C=O)/Nc2cc(c(cc2O)O)C[C@@H](C(=O)O)N,https://www.rcsb.org/ligand/MBQ
条件候选,MCG,(S)-(ALPHA)-METHYL-4-CARBOXYPHENYLGLYCINE,C10 H11 N O4,209.199,l-peptide linking,,芳香／疏水侧链,保留为条件候选；是否有价值取决于具体位点、保护策略和整环性质,CCD未指定标准氨基酸母体，需确认它是独立残基而非氨基酸样片段,是,C[C@](c1ccc(cc1)C(=O)O)(C(=O)O)N,https://www.rcsb.org/ligand/MCG
条件候选,MCS,MALONYL CYSTEINE,C6 H9 N O5 S,207.204,l-peptide linking,CYS,极性／带电侧链,保留为条件候选；是否有价值取决于具体位点、保护策略和整环性质,以极性/带电特征为主，不宜默认用于提高被动渗透性,是,C([C@@H](C(=O)O)N)SC(=O)CC(=O)O,https://www.rcsb.org/ligand/MCS
优先研发候选,MD0,5-amino-D-isoleucine,C6 H14 N2 O2,146.188,d-peptide linking,,D-构型,属于D-构型方向，可用于口服环肽的构象/稳定性/主链极性扫描,CCD未指定标准氨基酸母体，需确认它是独立残基而非氨基酸样片段,是,C[C@H](CCN)[C@H](C(=O)O)N,https://www.rcsb.org/ligand/MD0
明确排除,MD3,N-(carboxycarbonyl)-S-(naphthalen-2-ylmethyl)-L-cysteine,C16 H15 N O5 S,333.359,l-peptide linking,CYS,芳香／疏水侧链,主链氨基被端基化，不能按普通内部残基直接偶联,,否,c1ccc2cc(ccc2c1)CSC[C@@H](C(=O)O)NC(=O)C(=O)O,https://www.rcsb.org/ligand/MD3
明确排除,MD5,N-(carboxycarbonyl)-S-(3-nitrobenzyl)-L-cysteine,C12 H12 N2 O7 S,328.298,l-peptide linking,CYS,芳香／疏水侧链,主链氨基被端基化，不能按普通内部残基直接偶联,,否,c1cc(cc(c1)[N+](=O)[O-])CSC[C@@H](C(=O)O)NC(=O)C(=O)O,https://www.rcsb.org/ligand/MD5
条件候选,MD6,N-[(3-hydroxypyridin-2-yl)carbonyl]glycine,C8 H8 N2 O4,196.16,peptide linking,GLY,芳香／疏水侧链,保留为条件候选；是否有价值取决于具体位点、保护策略和整环性质,CCD仅标为通用peptide linking，需确认真实主链连接几何,是,c1cc(c(nc1)C(=O)NCC(=O)O)O,https://www.rcsb.org/ligand/MD6
明确排除,MDF,"META, META'-DI-HYDROXY-PHENYLALANINE",C9 H11 N O4,197.188,l-peptide linking,TYR,芳香／疏水侧链,结构中未识别到可用于常规肽键形成的游离羧基,,否,COC(=O)[C@H](c1cc(cc(c1)O)O)N,https://www.rcsb.org/ligand/MDF
优先研发候选,MDH,N-METHYLDEHYDROBUTYRINE,C5 H9 N O2,115.13,peptide linking,,N-取代,属于N-取代方向，可用于口服环肽的构象/稳定性/主链极性扫描,CCD仅标为通用peptide linking，需确认真实主链连接几何；CCD未指定标准氨基酸母体，需确认它是独立残基而非氨基酸样片段,是,C\C=C(\C(=O)O)/NC,https://www.rcsb.org/ligand/MDH
明确排除,MDO,"{2-[(1S)-1-aminoethyl]-4-methylidene-5-oxo-4,5-dihydro-1H-imidazol-1-yl}acetic acid",C8 H11 N3 O3,197.191,l-peptide linking,ALA / GLY / SER,极性／带电侧链,名称提示核苷酸、辅因子、脂质、完整肽或整分子缀合物,,否,C[C@@H](C1=NC(=C)C(=O)N1CC(=O)O)N,https://www.rcsb.org/ligand/MDO
条件候选,ME0,hydroxy-L-methionine,C5 H11 N O3 S,165.211,l-peptide linking,MET,极性／带电侧链,保留为条件候选；是否有价值取决于具体位点、保护策略和整环性质,以极性/带电特征为主，不宜默认用于提高被动渗透性,是,C(CSCO)[C@@H](C(=O)O)N,https://www.rcsb.org/ligand/ME0
优先研发候选,MEA,N-METHYLPHENYLALANINE,C10 H13 N O2,179.216,l-peptide linking,PHE,N-取代,属于N-取代方向，可用于口服环肽的构象/稳定性/主链极性扫描；CCD给出标准母体残基，便于设计成对替换实验,,是,CN[C@@H](Cc1ccccc1)C(=O)O,https://www.rcsb.org/ligand/MEA
优先研发候选,MED,D-METHIONINE,C5 H11 N O2 S,149.211,d-peptide linking,,D-构型,属于D-构型方向，可用于口服环肽的构象/稳定性/主链极性扫描,CCD未指定标准氨基酸母体，需确认它是独立残基而非氨基酸样片段,是,CSCC[C@H](C(=O)O)N,https://www.rcsb.org/ligand/MED
条件候选,MEG,"(2S,3S)-2-azanyl-3-methyl-pentanedioic acid",C6 H11 N O4,161.156,l-peptide linking,GLU,极性／带电侧链,保留为条件候选；是否有价值取决于具体位点、保护策略和整环性质,以极性/带电特征为主，不宜默认用于提高被动渗透性,是,C[C@@H](CC(=O)O)[C@@H](C(=O)O)N,https://www.rcsb.org/ligand/MEG
优先研发候选,MEN,N-METHYL ASPARAGINE,C5 H10 N2 O3,146.144,l-peptide linking,ASN,N-取代,属于N-取代方向，可用于口服环肽的构象/稳定性/主链极性扫描；CCD给出标准母体残基，便于设计成对替换实验,,是,CNC(=O)C[C@@H](C(=O)O)N,https://www.rcsb.org/ligand/MEN
条件候选,MEQ,N5-METHYLGLUTAMINE,C6 H12 N2 O3,160.171,l-peptide linking,GLN,极性／带电侧链,保留为条件候选；是否有价值取决于具体位点、保护策略和整环性质,以极性/带电特征为主，不宜默认用于提高被动渗透性,是,CNC(=O)CC[C@@H](C(=O)O)N,https://www.rcsb.org/ligand/MEQ
明确排除,MEU,O-METHYL-GLYCINE,C3 H7 N O2,89.093,peptide linking,GLY,其他CCD肽链核心,结构中未识别到可用于常规肽键形成的游离羧基,,否,COC(=O)CN,https://www.rcsb.org/ligand/MEU
条件候选,MF3,2-AMINO-4-TRIFLUOROMETHYLSULFANYL-BUTYRIC ACID,C5 H8 F3 N O2 S,203.183,l-peptide linking,,卤代／电子调节,保留为条件候选；是否有价值取决于具体位点、保护策略和整环性质,CCD未指定标准氨基酸母体，需确认它是独立残基而非氨基酸样片段,是,C(CSC(F)(F)F)[C@@H](C(=O)O)N,https://www.rcsb.org/ligand/MF3
仅结构参考,MFC,"5-[1-(3-FLUORO-4-HYDROXY-PHENYL)-METH-(Z)-YLIDENE]-3,5-DIHYDRO-IMIDAZOL-4-ONE",C15 H16 F N3 O5,337.303,l-peptide linking,GLY / TYR,卤代／电子调节,结构身份可保留，但复杂度、反应性或极性风险不适合进入默认研发库,分子量超过300 Da，单体复杂度和环肽总分子量负担较高,是,C[C@H]([C@@H](C1=N/C(=C\c2ccc(c(c2)F)O)/C(=O)N1CC(=O)O)N)O,https://www.rcsb.org/ligand/MFC
条件候选,MFH,[(2~{S})-2-azanyl-3-(4-hydroxyphenyl)propyl]carbamic acid,C10 H14 N2 O3,210.23,l-peptide linking,,芳香／疏水侧链,保留为条件候选；是否有价值取决于具体位点、保护策略和整环性质,CCD未指定标准氨基酸母体，需确认它是独立残基而非氨基酸样片段,是,c1cc(ccc1C[C@@H](CNC(=O)O)N)O,https://www.rcsb.org/ligand/MFH
明确排除,MFV,"{(4Z)-2-[(1R,2R)-1-amino-2-hydroxypropyl]-4-[(4-hydroxy-3-methylphenyl)methylidene]-5-oxo-4,5-dihydro-1H-imidazol-1-yl}acetic acid",C16 H19 N3 O5,333.339,l-peptide linking,GLY / THR / TYR,芳香／疏水侧链,名称提示核苷酸、辅因子、脂质、完整肽或整分子缀合物,,否,Cc1cc(ccc1O)/C=C\2/C(=O)N(C(=N2)[C@H]([C@@H](C)O)N)CC(=O)O,https://www.rcsb.org/ligand/MFV
条件候选,MGG,2-(2-CARBOXY-ACETYLAMINO)-5-GUANIDINO-PENTANOIC ACID,C9 H17 N4 O5,261.255,l-peptide linking,ARG,极性／带电侧链,保留为条件候选；是否有价值取决于具体位点、保护策略和整环性质,分子量超过250 Da，需关注偶联效率、溶解度和总环肽体积；以极性/带电特征为主，不宜默认用于提高被动渗透性,是,C(C[C@H](C(=O)O)NC(=O)CC(=O)O)CNC(=[NH2+])N,https://www.rcsb.org/ligand/MGG
条件候选,MGN,2-METHYL-GLUTAMINE,C6 H12 N2 O3,160.171,l-peptide linking,GLN,极性／带电侧链,保留为条件候选；是否有价值取决于具体位点、保护策略和整环性质,以极性/带电特征为主，不宜默认用于提高被动渗透性,是,C[C@](CCC(=O)N)(C(=O)O)N,https://www.rcsb.org/ligand/MGN
条件候选,MH6,3-hydroxy-2-iminopropanoic acid,C3 H5 N O3,103.077,peptide linking,SER,极性／带电侧链,保留为条件候选；是否有价值取决于具体位点、保护策略和整环性质,CCD仅标为通用peptide linking，需确认真实主链连接几何；以极性/带电特征为主，不宜默认用于提高被动渗透性,是,[H]/N=C(\CO)/C(=O)O,https://www.rcsb.org/ligand/MH6
条件候选,MH8,(2S)-2-amino-2-methylhept-6-enoic acid,C8 H15 N O2,157.21,l-peptide linking,,其他CCD肽链核心,保留为条件候选；是否有价值取决于具体位点、保护策略和整环性质,CCD未指定标准氨基酸母体，需确认它是独立残基而非氨基酸样片段,是,C[C@](CCCC=C)(C(=O)O)N,https://www.rcsb.org/ligand/MH8
优先研发候选,MHL,N-METHYL-4-HYDROXY-LEUCINE,C7 H15 N O3,161.199,l-peptide linking,LEU,N-取代,属于N-取代方向，可用于口服环肽的构象/稳定性/主链极性扫描；CCD给出标准母体残基，便于设计成对替换实验,,是,CC(C)(C[C@@H](C(=O)O)NC)O,https://www.rcsb.org/ligand/MHL
条件候选,MHO,S-OXYMETHIONINE,C5 H11 N O3 S,165.211,l-peptide linking,MET,极性／带电侧链,保留为条件候选；是否有价值取决于具体位点、保护策略和整环性质,以极性/带电特征为主，不宜默认用于提高被动渗透性,是,C[S@](=O)CC[C@@H](C(=O)O)N,https://www.rcsb.org/ligand/MHO
条件候选,MHS,N1-METHYLATED HISTIDINE,C7 H11 N3 O2,169.181,l-peptide linking,HIS,芳香／疏水侧链,保留为条件候选；是否有价值取决于具体位点、保护策略和整环性质,,是,Cn1cncc1C[C@@H](C(=O)O)N,https://www.rcsb.org/ligand/MHS
条件候选,MHU,"4-N,N-(DIMETHYLAMINO)-L-PHENYLALANINE",C12 H18 N2 O2,222.284,l-peptide linking,PHE,芳香／疏水侧链,保留为条件候选；是否有价值取决于具体位点、保护策略和整环性质,,是,CN[C@@H](Cc1ccc(cc1)N(C)C)C(=O)O,https://www.rcsb.org/ligand/MHU
条件候选,MHV,4-OXO-L-PIPECOLIC ACID,C6 H9 N O3,143.141,l-peptide linking,,极性／带电侧链,保留为条件候选；是否有价值取决于具体位点、保护策略和整环性质,CCD未指定标准氨基酸母体，需确认它是独立残基而非氨基酸样片段；以极性/带电特征为主，不宜默认用于提高被动渗透性,是,C1CN[C@@H](CC1=O)C(=O)O,https://www.rcsb.org/ligand/MHV
条件候选,MHW,3-HYDROXYPICOLINIC ACID,C6 H5 N O3,139.109,peptide linking,,芳香／疏水侧链,保留为条件候选；是否有价值取决于具体位点、保护策略和整环性质,CCD仅标为通用peptide linking，需确认真实主链连接几何；CCD未指定标准氨基酸母体，需确认它是独立残基而非氨基酸样片段,是,c1cc(c(nc1)C(=O)O)O,https://www.rcsb.org/ligand/MHW
仅结构参考,MHY,"{(4Z)-2-[(1R,2R)-1-amino-2-hydroxypropyl]-4-[(3,5-difluoro-4-hydroxyphenyl)methylidene]-5-oxo-4,5-dihydro-1H-imidazol-1-yl}acetic acid",C15 H15 F2 N3 O5,355.294,l-peptide linking,Gly / Thr / Tyr,卤代／电子调节,结构身份可保留，但复杂度、反应性或极性风险不适合进入默认研发库,分子量超过300 Da，单体复杂度和环肽总分子量负担较高,是,C[C@H]([C@@H](C1=N/C(=C\c2cc(c(c(c2)F)O)F)/C(=O)N1CC(=O)O)N)O,https://www.rcsb.org/ligand/MHY
仅结构参考,MIR,Monoethylphosphorylserine,C5 H12 N O6 P,213.126,l-peptide linking,SER,极性／带电侧链,结构身份可保留，但复杂度、反应性或极性风险不适合进入默认研发库,含磷酸/膦酸相关结构，通常不利于被动跨膜，除非有专门遮蔽设计；以极性/带电特征为主，不宜默认用于提高被动渗透性,是,CCO[P@](=O)(O)OC[C@@H](C(=O)O)N,https://www.rcsb.org/ligand/MIR
仅结构参考,MIS,MONOISOPROPYLPHOSPHORYLSERINE,C6 H14 N O6 P,227.152,l-peptide linking,SER,极性／带电侧链,结构身份可保留，但复杂度、反应性或极性风险不适合进入默认研发库,含磷酸/膦酸相关结构，通常不利于被动跨膜，除非有专门遮蔽设计；以极性/带电特征为主，不宜默认用于提高被动渗透性,是,CC(C)O[P@](=O)(O)OC[C@@H](C(=O)O)N,https://www.rcsb.org/ligand/MIS
仅结构参考,MJ1,"{(4Z)-2-[(1R,2R)-1-amino-2-hydroxypropyl]-4-[(2,3-difluoro-4-hydroxyphenyl)methylidene]-5-oxo-4,5-dihydro-1H-imidazol-1-yl}acetic acid",C15 H15 F2 N3 O5,355.294,l-peptide linking,Gly / Thr / Tyr,卤代／电子调节,结构身份可保留，但复杂度、反应性或极性风险不适合进入默认研发库,分子量超过300 Da，单体复杂度和环肽总分子量负担较高,是,C[C@H]([C@@H](C1=N/C(=C\c2ccc(c(c2F)F)O)/C(=O)N1CC(=O)O)N)O,https://www.rcsb.org/ligand/MJ1
条件候选,MK8,2-methyl-L-norleucine,C7 H15 N O2,145.199,l-peptide linking,LEU,其他CCD肽链核心,保留为条件候选；是否有价值取决于具体位点、保护策略和整环性质,,是,CCCC[C@@](C)(C(=O)O)N,https://www.rcsb.org/ligand/MK8
条件候选,MKD,(2S)-2-amino-2-methyloctanoic acid,C9 H19 N O2,173.253,l-peptide linking,,其他CCD肽链核心,保留为条件候选；是否有价值取决于具体位点、保护策略和整环性质,CCD未指定标准氨基酸母体，需确认它是独立残基而非氨基酸样片段,是,CCCCCC[C@@](C)(C(=O)O)N,https://www.rcsb.org/ligand/MKD
条件候选,MKF,(2~{S})-2-azanyl-3-(dimethylcarbamoyloxy)propanoic acid,C6 H12 N2 O4,176.17,l-peptide linking,SER,极性／带电侧链,保留为条件候选；是否有价值取决于具体位点、保护策略和整环性质,以极性/带电特征为主，不宜默认用于提高被动渗透性,是,CN(C)C(=O)OC[C@@H](C(=O)O)N,https://www.rcsb.org/ligand/MKF
条件候选,ML3,"2-{[(2R)-2-amino-2-carboxyethyl]sulfanyl}-N,N,N-trimethylethanaminium",C8 H19 N2 O2 S,207.314,l-peptide linking,LYS,极性／带电侧链,保留为条件候选；是否有价值取决于具体位点、保护策略和整环性质,以极性/带电特征为主，不宜默认用于提高被动渗透性,是,C[N+](C)(C)CCSC[C@@H](C(=O)O)N,https://www.rcsb.org/ligand/ML3
优先研发候选,MLE,N-METHYLLEUCINE,C7 H15 N O2,145.199,l-peptide linking,LEU,N-取代,属于N-取代方向，可用于口服环肽的构象/稳定性/主链极性扫描；CCD给出标准母体残基，便于设计成对替换实验,,是,CC(C)C[C@@H](C(=O)O)NC,https://www.rcsb.org/ligand/MLE
条件候选,MLL,METHYL L-LEUCINATE,C7 H15 N O2,145.199,l-peptide linking,LEU,其他CCD肽链核心,保留为条件候选；是否有价值取决于具体位点、保护策略和整环性质,,是,CC(C)C[C@@H](C(=O)OC)N,https://www.rcsb.org/ligand/MLL
优先研发候选,MLU,N-methyl-D-leucine,C7 H15 N O2,145.199,d-peptide linking,,N-取代,属于N-取代方向，可用于口服环肽的构象/稳定性/主链极性扫描,CCD未指定标准氨基酸母体，需确认它是独立残基而非氨基酸样片段,是,CC(C)C[C@H](C(=O)O)NC,https://www.rcsb.org/ligand/MLU
条件候选,MLY,N-DIMETHYL-LYSINE,C8 H18 N2 O2,174.241,l-peptide linking,LYS,极性／带电侧链,保留为条件候选；是否有价值取决于具体位点、保护策略和整环性质,以极性/带电特征为主，不宜默认用于提高被动渗透性,是,CN(C)CCCC[C@@H](C(=O)O)N,https://www.rcsb.org/ligand/MLY
优先研发候选,MLZ,N-METHYL-LYSINE,C7 H16 N2 O2,160.214,l-peptide linking,LYS,N-取代,属于N-取代方向，可用于口服环肽的构象/稳定性/主链极性扫描；CCD给出标准母体残基，便于设计成对替换实验,,是,CNCCCC[C@@H](C(=O)O)N,https://www.rcsb.org/ligand/MLZ
优先研发候选,MME,N-METHYL METHIONINE,C6 H13 N O2 S,163.238,l-peptide linking,MET,N-取代,属于N-取代方向，可用于口服环肽的构象/稳定性/主链极性扫描；CCD给出标准母体残基，便于设计成对替换实验,,是,CN[C@@H](CCSC)C(=O)O,https://www.rcsb.org/ligand/MME
条件候选,MMO,N~2~-methyl-L-arginine,C7 H16 N4 O2,188.228,l-peptide linking,ARG,极性／带电侧链,保留为条件候选；是否有价值取决于具体位点、保护策略和整环性质,以极性/带电特征为主，不宜默认用于提高被动渗透性,是,[H]/N=C(\N)/NCCC[C@@H](C(=O)O)NC,https://www.rcsb.org/ligand/MMO
优先研发候选,MND,N-methyl-D-asparagine,C5 H10 N2 O3,146.144,d-peptide linking,,N-取代,属于N-取代方向，可用于口服环肽的构象/稳定性/主链极性扫描,CCD未指定标准氨基酸母体，需确认它是独立残基而非氨基酸样片段,是,CNC(=O)C[C@H](C(=O)O)N,https://www.rcsb.org/ligand/MND
条件候选,MNL,"4,N-DIMETHYLNORLEUCINE",C8 H17 N O2,159.226,l-peptide linking,LEU,其他CCD肽链核心,保留为条件候选；是否有价值取决于具体位点、保护策略和整环性质,,是,CC[C@@H](C)C[C@@H](C(=O)O)NC,https://www.rcsb.org/ligand/MNL
明确排除,MOD,L-METHIONYL ADENYLATE,C15 H27 N6 O7 P S,466.45,l-peptide linking,,极性／带电侧链,结构中未识别到可用于常规肽键形成的游离羧基；分子量超过450 Da，优先视为复杂整分子而非通用残基,,否,CSCC[C@@H](CO[P@](=O)(O)OC[C@@H]1[C@H]([C@H]([C@@H](O1)N2C=NC3=C(NC=NC32)N)O)O)N,https://www.rcsb.org/ligand/MOD
条件候选,MOZ,(2Z)-2-amino-3-hydroxybut-2-enoic acid,C4 H7 N O3,117.103,peptide linking,,极性／带电侧链,保留为条件候选；是否有价值取决于具体位点、保护策略和整环性质,CCD仅标为通用peptide linking，需确认真实主链连接几何；CCD未指定标准氨基酸母体，需确认它是独立残基而非氨基酸样片段；以极性/带电特征为主，不宜默认用于提高被动渗透性,是,C/C(=C(\C(=O)O)/N)/O,https://www.rcsb.org/ligand/MOZ
条件候选,MP4,"(2S)-amino(3,5-dihydroxy-4-methylphenyl)ethanoic acid",C9 H11 N O4,197.188,l-peptide linking,,芳香／疏水侧链,保留为条件候选；是否有价值取决于具体位点、保护策略和整环性质,CCD未指定标准氨基酸母体，需确认它是独立残基而非氨基酸样片段,是,Cc1c(cc(cc1O)[C@@H](C(=O)O)N)O,https://www.rcsb.org/ligand/MP4
优先研发候选,MP8,(4R)-4-methyl-L-proline,C6 H11 N O2,129.157,l-peptide linking,PRO,构象限制,属于构象限制方向，可用于口服环肽的构象/稳定性/主链极性扫描；CCD给出标准母体残基，便于设计成对替换实验,,是,C[C@@H]1C[C@H](NC1)C(=O)O,https://www.rcsb.org/ligand/MP8
明确排除,MPH,(1-AMINO-3-METHYLSULFANYL-PROPYL)-PHOSPHONIC ACID,C4 H12 N O3 P S,185.182,l-peptide linking,,极性／带电侧链,结构中未识别到可用于常规肽键形成的游离羧基,,否,CSCC[C@H](N)P(=O)(O)O,https://www.rcsb.org/ligand/MPH
明确排除,MPJ,(1-AMINO-3-METHYLSULFANYL-PROPYL)-PHOSPHINIC ACID,C4 H12 N O2 P S,169.182,l-peptide linking,,其他CCD肽链核心,结构中未识别到可用于常规肽键形成的游离羧基,,否,CSCC[C@H](N)[P@H](=O)O,https://www.rcsb.org/ligand/MPJ
优先研发候选,MPQ,N-METHYL-ALPHA-PHENYL-GLYCINE,C9 H11 N O2,165.189,l-peptide linking,GLY,N-取代,属于N-取代方向，可用于口服环肽的构象/稳定性/主链极性扫描；CCD给出标准母体残基，便于设计成对替换实验,,是,CN[C@@H](c1ccccc1)C(=O)O,https://www.rcsb.org/ligand/MPQ
明确排除,MS6,(2S)-2-amino-4-(methylsulfanyl)butane-1-thiol,C5 H11 N O S2,165.277,l-peptide linking,MET,其他CCD肽链核心,结构中未识别到可用于常规肽键形成的游离羧基,,否,CSCC[C@@H](C(=S)O)N,https://www.rcsb.org/ligand/MS6
优先研发候选,MSA,(2-S-METHYL) SARCOSINE,C4 H9 N O2 S,135.185,l-peptide linking,GLY,N-取代,属于N-取代方向，可用于口服环肽的构象/稳定性/主链极性扫描；CCD给出标准母体残基，便于设计成对替换实验,,是,CN[C@@H](C(=O)O)SC,https://www.rcsb.org/ligand/MSA
条件候选,MSE,SELENOMETHIONINE,C5 H11 N O2 Se,196.106,l-peptide linking,MET,其他CCD肽链核心,保留为条件候选；是否有价值取决于具体位点、保护策略和整环性质,,是,C[Se]CC[C@@H](C(=O)O)N,https://www.rcsb.org/ligand/MSE
条件候选,MSL,(2S)-2-AMINO-4-(METHYLSULFONIMIDOYL)BUTANOIC ACID,C5 H12 N2 O3 S,180.225,l-peptide linking,MET,极性／带电侧链,保留为条件候选；是否有价值取决于具体位点、保护策略和整环性质,以极性/带电特征为主，不宜默认用于提高被动渗透性,是,C[S@](=N)(=O)CC[C@@H](C(=O)O)N,https://www.rcsb.org/ligand/MSL
条件候选,MSO,SELENOMETHIONINE SELENOXIDE,C5 H11 N O3 Se,212.106,l-peptide linking,MET,极性／带电侧链,保留为条件候选；是否有价值取决于具体位点、保护策略和整环性质,以极性/带电特征为主，不宜默认用于提高被动渗透性,是,C[Se@@](=O)CC[C@@H](C(=O)O)N,https://www.rcsb.org/ligand/MSO
明确排除,MSP,5'-O-[(L-METHIONYL)-SULPHAMOYL]ADENOSINE,C15 H25 N7 O7 S2,479.532,l-peptide linking,,极性／带电侧链,名称提示核苷酸、辅因子、脂质、完整肽或整分子缀合物；结构中未识别到可用于常规肽键形成的游离羧基；分子量超过450 Da，优先视为复杂整分子而非通用残基,,否,CSCC[C@@H](C(=O)NS(=O)(=O)OC[C@@H]1[C@H]([C@H]([C@@H](O1)N2C=NC3=C(NC=NC32)N)O)O)N,https://www.rcsb.org/ligand/MSP
条件候选,MT2,[(3S)-3-amino-3-carboxypropyl](ethyl)methylsulfonium,C7 H16 N O2 S,178.272,l-peptide linking,MET,极性／带电侧链,保留为条件候选；是否有价值取决于具体位点、保护策略和整环性质,以极性/带电特征为主，不宜默认用于提高被动渗透性,是,CC[S@@+](C)CC[C@@H](C(=O)O)N,https://www.rcsb.org/ligand/MT2
条件候选,MTY,META-TYROSINE,C9 H11 N O3,181.189,l-peptide linking,TYR,芳香／疏水侧链,保留为条件候选；是否有价值取决于具体位点、保护策略和整环性质,,是,c1cc(cc(c1)O)C[C@@H](C(=O)O)N,https://www.rcsb.org/ligand/MTY
优先研发候选,MV9,(2~{R})-3-methyl-2-(methylamino)butanoic acid,C6 H13 N O2,131.173,d-peptide linking,,N-取代,属于N-取代方向，可用于口服环肽的构象/稳定性/主链极性扫描,CCD未指定标准氨基酸母体，需确认它是独立残基而非氨基酸样片段,是,CC(C)[C@H](C(=O)O)NC,https://www.rcsb.org/ligand/MV9
优先研发候选,MVA,N-METHYLVALINE,C6 H13 N O2,131.173,l-peptide linking,VAL,N-取代,属于N-取代方向，可用于口服环肽的构象/稳定性/主链极性扫描；CCD给出标准母体残基，便于设计成对替换实验,,是,CC(C)[C@@H](C(=O)O)NC,https://www.rcsb.org/ligand/MVA
仅结构参考,MYK,N~6~-tetradecanoyl-L-lysine,C20 H40 N2 O3,356.543,l-peptide linking,LYS,极性／带电侧链,结构身份可保留，但复杂度、反应性或极性风险不适合进入默认研发库,分子量超过300 Da，单体复杂度和环肽总分子量负担较高；以极性/带电特征为主，不宜默认用于提高被动渗透性,是,CCCCCCCCCCCCCC(=O)NCCCC[C@@H](C(=O)O)N,https://www.rcsb.org/ligand/MYK
条件候选,MYN,"(2S)-amino[(4R)-2-amino-1,4,5,6-tetrahydropyrimidin-4-yl]ethanoic acid",C6 H12 N4 O2,172.185,l-peptide linking,ARG,极性／带电侧链,保留为条件候选；是否有价值取决于具体位点、保护策略和整环性质,以极性/带电特征为主，不宜默认用于提高被动渗透性,是,C1CNC(=N[C@H]1[C@@H](C(=O)O)N)N,https://www.rcsb.org/ligand/MYN
条件候选,N0A,3-fluoro-L-phenylalanine,C9 H10 F N O2,183.18,l-peptide linking,PHE,卤代／电子调节,保留为条件候选；是否有价值取决于具体位点、保护策略和整环性质,,是,c1cc(cc(c1)F)C[C@@H](C(=O)O)N,https://www.rcsb.org/ligand/N0A
条件候选,N10,O-[(HEXYLAMINO)CARBONYL]-L-SERINE,C10 H20 N2 O4,232.277,l-peptide linking,SER,极性／带电侧链,保留为条件候选；是否有价值取决于具体位点、保护策略和整环性质,以极性/带电特征为主，不宜默认用于提高被动渗透性,是,CCCCCCNC(=O)OC[C@@H](C(=O)O)N,https://www.rcsb.org/ligand/N10
条件候选,N2C,"N,S-DIMETHYLCYSTEINE",C5 H11 N O2 S,149.211,l-peptide linking,,其他CCD肽链核心,保留为条件候选；是否有价值取决于具体位点、保护策略和整环性质,CCD未指定标准氨基酸母体，需确认它是独立残基而非氨基酸样片段,是,CN[C@@H](CSC)C(=O)O,https://www.rcsb.org/ligand/N2C
条件候选,N65,(2~{S})-2-azanyl-6-[(~{E})-pentan-2-ylideneamino]hexanal,C11 H22 N2 O2,214.305,l-peptide linking,LYS,极性／带电侧链,保留为条件候选；是否有价值取决于具体位点、保护策略和整环性质,以极性/带电特征为主，不宜默认用于提高被动渗透性,是,CCC/C(=N/CCCC[C@@H](C(=O)O)N)/C,https://www.rcsb.org/ligand/N65
优先研发候选,N7P,1-ACETYL-L-PROLINE,C7 H11 N O3,157.167,l-peptide linking,PRO,构象限制,属于构象限制方向，可用于口服环肽的构象/稳定性/主链极性扫描；CCD给出标准母体残基，便于设计成对替换实验,,是,CC(=O)N1CCC[C@H]1C(=O)O,https://www.rcsb.org/ligand/N7P
优先研发候选,N80,1-ethenyl-L-proline,C7 H11 N O2,141.168,l-peptide linking,PRO,构象限制,属于构象限制方向，可用于口服环肽的构象/稳定性/主链极性扫描；CCD给出标准母体残基，便于设计成对替换实验,,是,C=CN1CCC[C@H]1C(=O)O,https://www.rcsb.org/ligand/N80
明确排除,N8P,N-ACETYL-D-PROLINE,C7 H11 N O3,157.167,d-peptide linking,,D-构型,主链氨基被端基化，不能按普通内部残基直接偶联,,否,CC(=O)N1CCC[C@@H]1C(=O)O,https://www.rcsb.org/ligand/N8P
条件候选,N9P,3-pyridin-4-yl-L-alanine,C8 H10 N2 O2,166.177,l-peptide linking,ALA,芳香／疏水侧链,保留为条件候选；是否有价值取决于具体位点、保护策略和整环性质,,是,c1cnccc1C[C@@H](C(=O)O)N,https://www.rcsb.org/ligand/N9P
条件候选,NA8,(1S)-1-CARBOXY-2-NAPHTHALEN-2-YLETHANAMINIUM,C13 H14 N O2,216.256,l-peptide linking,ALA,芳香／疏水侧链,保留为条件候选；是否有价值取决于具体位点、保护策略和整环性质,,是,c1ccc2cc(ccc2c1)C[C@@H](C(=O)O)[NH3+],https://www.rcsb.org/ligand/NA8
条件候选,NAL,BETA-(2-NAPHTHYL)-ALANINE,C13 H13 N O2,215.248,l-peptide linking,ALA,芳香／疏水侧链,保留为条件候选；是否有价值取决于具体位点、保护策略和整环性质,,是,c1ccc2cc(ccc2c1)C[C@@H](C(=O)O)N,https://www.rcsb.org/ligand/NAL
明确排除,NB8,5'-O-[(R)-{[(2S)-2-amino-4-(hydroxyamino)-4-oxobutanoyl]oxy}(hydroxy)phosphoryl]adenosine,C14 H20 N7 O10 P,477.323,l-peptide linking,,芳香／疏水侧链,名称提示核苷酸、辅因子、脂质、完整肽或整分子缀合物；结构中未识别到可用于常规肽键形成的游离羧基；分子量超过450 Da，优先视为复杂整分子而非通用残基,,否,c1nc(c2c(n1)n(cn2)[C@H]3[C@@H]([C@@H]([C@H](O3)CO[P@@](=O)(O)OC(=O)[C@H](CC(=O)NO)N)O)O)N,https://www.rcsb.org/ligand/NB8
仅结构参考,NBQ,2-HYDROXY-5-({1-[(2-NAPHTHYLOXY)METHYL]-3-OXOPROP-1-ENYL}AMINO)TYROSINE,C23 H22 N2 O6,422.431,l-peptide linking,TYR,芳香／疏水侧链,结构身份可保留，但复杂度、反应性或极性风险不适合进入默认研发库,分子量超过300 Da，单体复杂度和环肽总分子量负担较高,是,c1ccc2cc(ccc2c1)OC/C(=C\C=O)/Nc3cc(c(cc3O)O)C[C@@H](C(=O)O)N,https://www.rcsb.org/ligand/NBQ
明确排除,NC1,NITROCEFIN ACYL-SERINE,C24 H21 N5 O11 S2,619.58,l-peptide linking,SER,芳香／疏水侧链,分子量超过450 Da，优先视为复杂整分子而非通用残基,,否,c1cc(sc1)CC(=O)N[C@@H]([C@@H]2NC(=C(CS2)\C=C\c3ccc(cc3[N+](=O)[O-])[N+](=O)[O-])C(=O)[O-])C(=O)OC[C@@H](C(=O)[O-])N,https://www.rcsb.org/ligand/NC1
明确排除,NCB,N-CARBAMOYL-ALANINE,C4 H8 N2 O3,132.118,l-peptide linking,ALA,极性／带电侧链,主链氨基被端基化，不能按普通内部残基直接偶联,,否,C[C@H](C(=O)O)NC(=O)N,https://www.rcsb.org/ligand/NCB
优先研发候选,NCY,N-METHYLCYSTEINE,C4 H9 N O2 S,135.185,l-peptide linking,,N-取代,属于N-取代方向，可用于口服环肽的构象/稳定性/主链极性扫描,CCD未指定标准氨基酸母体，需确认它是独立残基而非氨基酸样片段,是,CN[C@@H](CS)C(=O)O,https://www.rcsb.org/ligand/NCY
明确排除,NDF,N-(CARBOXYCARBONYL)-D-PHENYLALANINE,C11 H11 N O5,237.209,d-peptide linking,,D-构型,主链氨基被端基化，不能按普通内部残基直接偶联,,否,c1ccc(cc1)C[C@H](C(=O)O)NC(=O)C(=O)O,https://www.rcsb.org/ligand/NDF
仅结构参考,NEP,N1-PHOSPHONOHISTIDINE,C6 H10 N3 O5 P,235.134,l-peptide linking,HIS,芳香／疏水侧链,结构身份可保留，但复杂度、反应性或极性风险不适合进入默认研发库,含磷酸/膦酸相关结构，通常不利于被动跨膜，除非有专门遮蔽设计,是,c1c(ncn1P(=O)(O)O)C[C@@H](C(=O)O)N,https://www.rcsb.org/ligand/NEP
明确排除,NFA,PHENYLALANINE AMIDE,C9 H12 N2 O,164.204,l-peptide linking,PHE,芳香／疏水侧链,结构中未识别到可用于常规肽键形成的游离羧基,,否,c1ccc(cc1)C[C@@H](C(=O)N)N,https://www.rcsb.org/ligand/NFA
条件候选,NHL,(4S)-4-(2-NAPHTHYLMETHYL)-D-GLUTAMIC ACID,C16 H17 N O4,287.31,d-peptide linking,,D-构型,保留为条件候选；是否有价值取决于具体位点、保护策略和整环性质,分子量超过250 Da，需关注偶联效率、溶解度和总环肽体积；CCD未指定标准氨基酸母体，需确认它是独立残基而非氨基酸样片段,是,c1ccc2cc(ccc2c1)C[C@@H](C[C@H](C(=O)O)N)C(=O)O,https://www.rcsb.org/ligand/NHL
条件候选,NIY,META-NITRO-TYROSINE,C9 H10 N2 O5,226.186,l-peptide linking,TYR,芳香／疏水侧链,保留为条件候选；是否有价值取决于具体位点、保护策略和整环性质,,是,c1cc(c(cc1C[C@@H](C(=O)O)N)[N+](=O)[O-])O,https://www.rcsb.org/ligand/NIY
明确排除,NKS,"N-(3-{[2-(4-chlorophenyl)-5-methyl-1,3-oxazol-4-yl]methoxy}benzyl)-N-[(4-methylphenoxy)carbonyl]glycine",C28 H25 Cl N2 O6,520.961,l-peptide linking,,卤代／电子调节,分子量超过450 Da，优先视为复杂整分子而非通用残基,,否,Cc1ccc(cc1)OC(=O)N(Cc2cccc(c2)OCc3c(oc(n3)c4ccc(cc4)Cl)C)CC(=O)O,https://www.rcsb.org/ligand/NKS
条件候选,NLB,6-(benzyloxy)-L-norleucine,C13 H19 N O3,237.295,l-peptide linking,LEU,芳香／疏水侧链,保留为条件候选；是否有价值取决于具体位点、保护策略和整环性质,,是,c1ccc(cc1)COCCCC[C@@H](C(=O)O)N,https://www.rcsb.org/ligand/NLB
条件候选,NLE,NORLEUCINE,C6 H13 N O2,131.173,l-peptide linking,LEU,其他CCD肽链核心,保留为条件候选；是否有价值取决于具体位点、保护策略和整环性质,,是,CCCC[C@@H](C(=O)O)N,https://www.rcsb.org/ligand/NLE
明确排除,NLN,NORLEUCINE AMIDE,C6 H14 N2 O,130.188,l-peptide linking,LEU,极性／带电侧链,结构中未识别到可用于常规肽键形成的游离羧基,,否,CCCC[C@@H](C(=O)N)N,https://www.rcsb.org/ligand/NLN
条件候选,NLO,O-METHYL-L-NORLEUCINE,C7 H15 N O2,145.199,l-peptide linking,LEU,其他CCD肽链核心,保留为条件候选；是否有价值取决于具体位点、保护策略和整环性质,,是,CCCC[C@@H](C(=O)OC)N,https://www.rcsb.org/ligand/NLO
明确排除,NLP,(1-AMINO-PENTYL)-PHOSPHONIC ACID,C5 H14 N O3 P,167.143,l-peptide linking,LEU,极性／带电侧链,结构中未识别到可用于常规肽键形成的游离羧基,,否,CCCC[C@H](N)P(=O)(O)O,https://www.rcsb.org/ligand/NLP
条件候选,NLQ,N~2~-ACETYL-L-GLUTAMINE,C7 H12 N2 O4,188.181,l-peptide linking,GLN,极性／带电侧链,保留为条件候选；是否有价值取决于具体位点、保护策略和整环性质,以极性/带电特征为主，不宜默认用于提高被动渗透性,是,CC(=O)N[C@@H](CCC(=O)N)C(=O)O,https://www.rcsb.org/ligand/NLQ
明确排除,NLW,L-leucinamide,C6 H14 N2 O,130.188,l-peptide linking,LEU,极性／带电侧链,结构中未识别到可用于常规肽键形成的游离羧基,,否,CC(C)C[C@@H](C(=O)N)N,https://www.rcsb.org/ligand/NLW
条件候选,NLY,N-(4-aminobutyl)glycine,C6 H14 N2 O2,146.188,peptide linking,GLY,极性／带电侧链,保留为条件候选；是否有价值取决于具体位点、保护策略和整环性质,CCD仅标为通用peptide linking，需确认真实主链连接几何；以极性/带电特征为主，不宜默认用于提高被动渗透性,是,C(CCNCC(=O)O)CN,https://www.rcsb.org/ligand/NLY
优先研发候选,NMC,N-CYCLOPROPYLMETHYL GLYCINE,C6 H11 N O2,129.157,l-peptide linking,GLY,构象限制,属于构象限制方向，可用于口服环肽的构象/稳定性/主链极性扫描；CCD给出标准母体残基，便于设计成对替换实验,,是,C1CC1CNCC(=O)O,https://www.rcsb.org/ligand/NMC
优先研发候选,NMM,(2S)-2-amino-5-[(N-methylcarbamimidoyl)amino]pentanoic acid,C7 H16 N4 O2,188.228,l-peptide linking,ARG,N-取代,属于N-取代方向，可用于口服环肽的构象/稳定性/主链极性扫描；CCD给出标准母体残基，便于设计成对替换实验,,是,[H]/N=C(/NC)\NCCC[C@@H](C(=O)O)N,https://www.rcsb.org/ligand/NMM
条件候选,NNH,NOR-N-OMEGA-HYDROXY-L-ARGININE,C5 H12 N4 O3,176.174,l-peptide linking,ARG,极性／带电侧链,保留为条件候选；是否有价值取决于具体位点、保护策略和整环性质,以极性/带电特征为主，不宜默认用于提高被动渗透性,是,[H]/N=C(/NCC[C@@H](C(=O)O)N)\NO,https://www.rcsb.org/ligand/NNH
条件候选,NOT,6-Azido-L-lysine,C6 H12 N4 O2,172.185,l-peptide linking,LYS,极性／带电侧链,保留为条件候选；是否有价值取决于具体位点、保护策略和整环性质,以极性/带电特征为主，不宜默认用于提高被动渗透性,是,C(CCN=[N+]=[N-])C[C@@H](C(=O)O)N,https://www.rcsb.org/ligand/NOT
仅结构参考,NPH,"CYSTEINE-METHYLENE-CARBAMOYL-1,10-PHENANTHROLINE",C17 H16 N4 O3 S,356.399,l-peptide linking,CYS,芳香／疏水侧链,结构身份可保留，但复杂度、反应性或极性风险不适合进入默认研发库,分子量超过300 Da，单体复杂度和环肽总分子量负担较高,是,c1cc2cc(c3cccnc3c2nc1)NC(=O)CSC[C@@H](C(=O)O)N,https://www.rcsb.org/ligand/NPH
条件候选,NPI,(2S)-2-aminoheptanedioic acid,C7 H13 N O4,175.182,l-peptide linking,ALA,极性／带电侧链,保留为条件候选；是否有价值取决于具体位点、保护策略和整环性质,以极性/带电特征为主，不宜默认用于提高被动渗透性,是,C(CCC(=O)O)C[C@@H](C(=O)O)N,https://www.rcsb.org/ligand/NPI
条件候选,NRG,N-OMEGA-NITRO-L-ARGININE,C6 H13 N5 O4,219.199,l-peptide linking,,极性／带电侧链,保留为条件候选；是否有价值取决于具体位点、保护策略和整环性质,CCD未指定标准氨基酸母体，需确认它是独立残基而非氨基酸样片段；以极性/带电特征为主，不宜默认用于提高被动渗透性,是,[H]/N=C(\NCCC[C@@H](C(=O)O)N)/N[N+](=O)[O-],https://www.rcsb.org/ligand/NRG
仅结构参考,NRP,"{4-[(4-hydroxyphenyl)methylidene]-2-[(1E)-3-methylbutanimidoyl]-5-oxo-4,5-dihydro-1H-imidazol-1-yl}acetic acid",C17 H19 N3 O4,329.35,l-peptide linking,GLY / LEU / TYR,芳香／疏水侧链,结构身份可保留，但复杂度、反应性或极性风险不适合进入默认研发库,分子量超过300 Da，单体复杂度和环肽总分子量负担较高,是,[H]/N=C(\CC(C)C)/C1=NC(=Cc2ccc(cc2)O)C(=O)N1CC(=O)O,https://www.rcsb.org/ligand/NRP
仅结构参考,NRQ,"{(4Z)-4-(4-hydroxybenzylidene)-2-[3-(methylthio)propanimidoyl]-5-oxo-4,5-dihydro-1H-imidazol-1-yl}acetic acid",C16 H17 N3 O4 S,347.389,l-peptide linking,GLY / MET / TYR,芳香／疏水侧链,结构身份可保留，但复杂度、反应性或极性风险不适合进入默认研发库,分子量超过300 Da，单体复杂度和环肽总分子量负担较高,是,[H]/N=C(/CCSC)\C1=N/C(=C\c2ccc(cc2)O)/C(=O)N1CC(=O)O,https://www.rcsb.org/ligand/NRQ
明确排除,NSK,N-SUCCINYL LYSINE,C10 H18 N2 O5,246.26,l-peptide linking,,极性／带电侧链,主链氨基被端基化，不能按普通内部残基直接偶联,,否,C(CCN)C[C@@H](C(=O)O)NC(=O)CCC(=O)O,https://www.rcsb.org/ligand/NSK
条件候选,NTR,META-HYDROXY BETA NOR-TYROSINE,C8 H9 N O4,183.161,l-peptide linking,TYR,芳香／疏水侧链,保留为条件候选；是否有价值取决于具体位点、保护策略和整环性质,,是,c1cc(c(cc1[C@H](C(=O)O)N)O)O,https://www.rcsb.org/ligand/NTR
条件候选,NVA,NORVALINE,C5 H11 N O2,117.146,l-peptide linking,VAL,其他CCD肽链核心,保留为条件候选；是否有价值取决于具体位点、保护策略和整环性质,,是,CCC[C@@H](C(=O)O)N,https://www.rcsb.org/ligand/NVA
条件候选,NWD,"3-(5-nitro-2,4-dioxo-3,4-dihydropyrimidin-1(2H)-yl)-L-alanine",C7 H8 N4 O6,244.162,l-peptide linking,ALA,极性／带电侧链,保留为条件候选；是否有价值取决于具体位点、保护策略和整环性质,以极性/带电特征为主，不宜默认用于提高被动渗透性,是,C1=C(C(=O)NC(=O)N1C[C@@H](C(=O)O)N)[N+](=O)[O-],https://www.rcsb.org/ligand/NWD
优先研发候选,NYB,N-METHYL-S-[(1R)-1-METHYLPROPYL]-L-CYSTEINE,C8 H17 N O2 S,191.291,l-peptide linking,CYS,N-取代,属于N-取代方向，可用于口服环肽的构象/稳定性/主链极性扫描；CCD给出标准母体残基，便于设计成对替换实验,,是,CC[C@@H](C)SC[C@@H](C(=O)O)NC,https://www.rcsb.org/ligand/NYB
仅结构参考,NYG,"[(4Z)-2-[(1S)-1,3-DIAMINO-3-OXOPROPYL]-4-(4-HYDROXYBENZYLIDENE)-5-OXO-4,5-DIHYDRO-1H-IMIDAZOL-1-YL]ACETIC ACID",C15 H16 N4 O5,332.311,l-peptide linking,ASN / GLY / TYR,芳香／疏水侧链,结构身份可保留，但复杂度、反应性或极性风险不适合进入默认研发库,分子量超过300 Da，单体复杂度和环肽总分子量负担较高,是,c1cc(ccc1\C=C/2\C(=O)N(C(=N2)[C@H](CC(=O)N)N)CC(=O)O)O,https://www.rcsb.org/ligand/NYG
条件候选,NYS,"S-{5-[(1R)-2-amino-1-hydroxyethyl]-2,3-dihydroxyphenyl}-L-cysteine",C11 H16 N2 O5 S,288.32,l-peptide linking,CYS,芳香／疏水侧链,保留为条件候选；是否有价值取决于具体位点、保护策略和整环性质,分子量超过250 Da，需关注偶联效率、溶解度和总环肽体积,是,c1c(cc(c(c1O)O)SC[C@@H](C(=O)O)N)[C@H](CN)O,https://www.rcsb.org/ligand/NYS
优先研发候选,NZC,N-methylidene-L-threonine,C5 H11 N O3,133.146,l-peptide linking,THR,N-取代,属于N-取代方向，可用于口服环肽的构象/稳定性/主链极性扫描；CCD给出标准母体残基，便于设计成对替换实验,,是,C[C@H]([C@@H](C(=O)O)NC)O,https://www.rcsb.org/ligand/NZC
明确排除,NZH,(2S)-2-AMINO-3-[1-(1H-TETRAAZOL-5-YL)-1H-IMIDAZOL-4-YL]PROPANAL,C7 H9 N7 O,207.193,l-peptide linking,HIS,芳香／疏水侧链,结构中未识别到可用于常规肽键形成的游离羧基,,否,c1c(ncn1c2[nH]nnn2)C[C@@H](C=O)N,https://www.rcsb.org/ligand/NZH
仅结构参考,O12,N~5~-dodecanoyl-L-ornithine,C17 H34 N2 O3,314.463,l-peptide linking,,极性／带电侧链,结构身份可保留，但复杂度、反应性或极性风险不适合进入默认研发库,分子量超过300 Da，单体复杂度和环肽总分子量负担较高；CCD未指定标准氨基酸母体，需确认它是独立残基而非氨基酸样片段；以极性/带电特征为主，不宜默认用于提高被动渗透性,是,CCCCCCCCCCCC(=O)NCCC[C@@H](C(=O)O)N,https://www.rcsb.org/ligand/O12
明确排除,O2E,"(2~{S},3~{R})-2-[(2~{S},3~{R})-1-[(2~{R})-2-azanyl-3-oxidanylidene-propoxy]-3-oxidanyl-1-oxidanylidene-butan-2-yl]-4-[(3~{S},5~{S})-5-[(3-carboxyphenyl)carbamoyl]pyrrolidin-3-yl]sulfanyl-3-methyl-3,4-dihydro-2~{H}-pyrrole-5-carboxylic acid",C25 H32 N4 O9 S,564.608,l-peptide linking,SER,芳香／疏水侧链,分子量超过450 Da，优先视为复杂整分子而非通用残基,,否,C[C@@H]1[C@@H](N=C(C1S[C@H]2C[C@H](NC2)C(=O)Nc3cccc(c3)C(=O)O)C(=O)O)[C@@H]([C@@H](C)O)C(=O)OC[C@H](C=O)N,https://www.rcsb.org/ligand/O2E
仅结构参考,O6H,"2,4,6-trimethyl-L-phenylalanine",C12 H17 N O2,207.269,l-peptide linking,TRP,芳香／疏水侧链,结构身份可保留，但复杂度、反应性或极性风险不适合进入默认研发库,名称提示反应性官能团或中间体，需要确认能否承受偶联和脱保护条件,是,Cc1cc(c(c(c1)C)C[C@@H](C(=O)O)N)C,https://www.rcsb.org/ligand/O6H
优先研发候选,O7A,N-methyl-L-allothreonine,C5 H11 N O3,133.146,l-peptide linking,THR,N-取代,属于N-取代方向，可用于口服环肽的构象/稳定性/主链极性扫描；CCD给出标准母体残基，便于设计成对替换实验,,是,C[C@@H]([C@@H](C(=O)O)NC)O,https://www.rcsb.org/ligand/O7A
优先研发候选,O7D,4-methoxy-N-methyl-L-tryptophan,C13 H16 N2 O3,248.278,l-peptide linking,TRP,N-取代,属于N-取代方向，可用于口服环肽的构象/稳定性/主链极性扫描；CCD给出标准母体残基，便于设计成对替换实验,,是,CN[C@@H](Cc1c[nH]c2c1c(ccc2)OC)C(=O)O,https://www.rcsb.org/ligand/O7D
条件候选,OAS,O-ACETYLSERINE,C5 H9 N O4,147.129,l-peptide linking,SER,极性／带电侧链,保留为条件候选；是否有价值取决于具体位点、保护策略和整环性质,以极性/带电特征为主，不宜默认用于提高被动渗透性,是,CC(=O)OC[C@@H](C(=O)O)N,https://www.rcsb.org/ligand/OAS
条件候选,OBF,"(2S)-2-amino-4,4-difluorobutanoic acid",C4 H7 F2 N O2,139.101,l-peptide linking,,卤代／电子调节,保留为条件候选；是否有价值取决于具体位点、保护策略和整环性质,CCD未指定标准氨基酸母体，需确认它是独立残基而非氨基酸样片段,是,C([C@@H](C(=O)O)N)C(F)F,https://www.rcsb.org/ligand/OBF
仅结构参考,OBS,"(Z)-N^6-[(4S,5R)-5-(2-CARBOXYETHYL)-4-(CARBOXYMETHYL)-1-HYDROXYDIHYDRO-2H-THIOPYRANIUM-3(4H)-YLIDENE]-L-LYSINE",C16 H26 N2 O7 S,390.452,l-peptide linking,LYS,极性／带电侧链,结构身份可保留，但复杂度、反应性或极性风险不适合进入默认研发库,分子量超过300 Da，单体复杂度和环肽总分子量负担较高；杂原子较多，可能增加暴露极性和去溶剂化代价；以极性/带电特征为主，不宜默认用于提高被动渗透性,是,C1[C@H]([C@H](/C(=N\CCCC[C@@H](C(=O)O)N)/C[S@]1=O)CC(=O)O)CCC(=O)O,https://www.rcsb.org/ligand/OBS
条件候选,OCS,CYSTEINESULFONIC ACID,C3 H7 N O5 S,169.156,l-peptide linking,CYS,极性／带电侧链,保留为条件候选；是否有价值取决于具体位点、保护策略和整环性质,以极性/带电特征为主，不宜默认用于提高被动渗透性,是,C([C@@H](C(=O)O)N)S(=O)(=O)O,https://www.rcsb.org/ligand/OCS
条件候选,OCY,HYDROXYETHYLCYSTEINE,C5 H11 N O3 S,165.211,l-peptide linking,CYS,极性／带电侧链,保留为条件候选；是否有价值取决于具体位点、保护策略和整环性质,以极性/带电特征为主，不宜默认用于提高被动渗透性,是,C(CSC[C@@H](C(=O)O)N)O,https://www.rcsb.org/ligand/OCY
优先研发候选,OEM,N-methyl-D-aspartic acid,C5 H9 N O4,147.129,d-peptide linking,,N-取代,属于N-取代方向，可用于口服环肽的构象/稳定性/主链极性扫描,CCD未指定标准氨基酸母体，需确认它是独立残基而非氨基酸样片段,是,CN[C@H](CC(=O)O)C(=O)O,https://www.rcsb.org/ligand/OEM
明确排除,OFM,"[(4Z)-2-{(2R,5R)-2-[(1S)-1-amino-2-phenylethyl]-2-hydroxy-5-methyl-2,5-dihydro-1,3-oxazol-4-yl}-4-(4-hydroxybenzylidene )-5-oxo-4,5-dihydro-1H-imidazol-1-yl]acetic acid",C24 H24 N4 O6,464.471,l-peptide linking,GLY / PHE / TYR,芳香／疏水侧链,名称提示核苷酸、辅因子、脂质、完整肽或整分子缀合物；分子量超过450 Da，优先视为复杂整分子而非通用残基,,否,C[C@@H]1C(=N[C@](O1)([C@H](Cc2ccccc2)N)O)C3=N/C(=C\c4ccc(cc4)O)/C(=O)N3CC(=O)O,https://www.rcsb.org/ligand/OFM
优先研发候选,OGC,gamma-N-methyl-beta-OH-histidine,C7 H11 N3 O3,185.181,l-peptide linking,HIS,N-取代,属于N-取代方向，可用于口服环肽的构象/稳定性/主链极性扫描；CCD给出标准母体残基，便于设计成对替换实验,,是,Cn1cncc1[C@H]([C@H](C(=O)O)N)O,https://www.rcsb.org/ligand/OGC
明确排除,OGZ,[3-(trifluoromethyl)phenyl]methanamine,C8 H8 F3 N,175.151,l-peptide linking,,卤代／电子调节,结构中未识别到可用于常规肽键形成的游离羧基,,否,c1cc(cc(c1)C(F)(F)F)CN,https://www.rcsb.org/ligand/OGZ
明确排除,OHD,"{(4Z)-2-[(1S)-1-aminoethyl]-4-[(3-chloro-4-hydroxyphenyl)methylidene]-5-oxo-4,5-dihydro-1H-imidazol-1-yl}acetic acid",C14 H14 Cl N3 O4,323.732,l-peptide linking,ALA / GLY / TYR,卤代／电子调节,名称提示核苷酸、辅因子、脂质、完整肽或整分子缀合物,,否,C[C@@H](C1=N/C(=C\c2ccc(c(c2)Cl)O)/C(=O)N1CC(=O)O)N,https://www.rcsb.org/ligand/OHD
条件候选,OHI,3-(2-OXO-2H-IMIDAZOL-4-YL)-L-ALANINE,C6 H7 N3 O3,169.138,l-peptide linking,HIS,极性／带电侧链,保留为条件候选；是否有价值取决于具体位点、保护策略和整环性质,以极性/带电特征为主，不宜默认用于提高被动渗透性,是,C1=NC(=O)N=C1C[C@@H](C(=O)O)N,https://www.rcsb.org/ligand/OHI
条件候选,OHS,O-(CARBOXYSULFANYL)-4-OXO-L-HOMOSERINE,C5 H7 N O6 S,209.177,l-peptide linking,ASP,极性／带电侧链,保留为条件候选；是否有价值取决于具体位点、保护策略和整环性质,以极性/带电特征为主，不宜默认用于提高被动渗透性,是,C([C@H](C(=O)O)N)C(=O)OSC(=O)O,https://www.rcsb.org/ligand/OHS
条件候选,OIB,hydroxylated gamma-amino valeroyl moiety,C6 H13 N O5,179.171,"l-beta-peptide, c-gamma linking",,延长骨架,保留为条件候选；是否有价值取决于具体位点、保护策略和整环性质,CCD未指定标准氨基酸母体，需确认它是独立残基而非氨基酸样片段,是,CO[C@@H](CN)[C@@H]([C@@H](C(=O)O)O)O,https://www.rcsb.org/ligand/OIB
条件候选,OIC,OCTAHYDROINDOLE-2-CARBOXYLIC ACID,C9 H15 N O2,169.221,l-peptide linking,,其他CCD肽链核心,保留为条件候选；是否有价值取决于具体位点、保护策略和整环性质,CCD未指定标准氨基酸母体，需确认它是独立残基而非氨基酸样片段,是,C1CC[C@H]2[C@@H](C1)C[C@H](N2)C(=O)O,https://www.rcsb.org/ligand/OIC
明确排除,OIM,"[(4Z)-2-{(2R,5R)-2-[(1S,2S)-1-amino-2-methylbutyl]-2-hydroxy-5-methyl-2,5-dihydro-1,3-oxazol-4-yl}-4-(4-hydroxybenzylidene)-5-oxo-4,5-dihydro-1H-imidazol-1-yl]acetic acid",C21 H26 N4 O6,430.454,l-peptide linking,GLY / ILE / TYR,芳香／疏水侧链,名称提示核苷酸、辅因子、脂质、完整肽或整分子缀合物,,否,CC[C@H](C)[C@@H]([C@@]1(N=C([C@H](O1)C)C2=N/C(=C\c3ccc(cc3)O)/C(=O)N2CC(=O)O)O)N,https://www.rcsb.org/ligand/OIM
条件候选,OJY,5-[5-(hydroxymethyl)-1H-imidazol-2-yl]-L-norvaline,C9 H15 N3 O3,213.234,l-peptide linking,,芳香／疏水侧链,保留为条件候选；是否有价值取决于具体位点、保护策略和整环性质,CCD未指定标准氨基酸母体，需确认它是独立残基而非氨基酸样片段,是,c1c([nH]c(n1)CCC[C@@H](C(=O)O)N)CO,https://www.rcsb.org/ligand/OJY
仅结构参考,OLD,3-[2-(4-bromophenyl)-2-oxoethyl]-L-histidine,C14 H14 Br N3 O3,352.183,l-peptide linking,HIS,卤代／电子调节,结构身份可保留，但复杂度、反应性或极性风险不适合进入默认研发库,分子量超过300 Da，单体复杂度和环肽总分子量负担较高,是,c1cc(ccc1C(=O)Cn2cncc2C[C@@H](C(=O)O)N)Br,https://www.rcsb.org/ligand/OLD
条件候选,OLT,O-METHYL-L-THREONINE,C5 H11 N O3,133.146,l-peptide linking,THR,极性／带电侧链,保留为条件候选；是否有价值取决于具体位点、保护策略和整环性质,以极性/带电特征为主，不宜默认用于提高被动渗透性,是,C[C@H]([C@@H](C(=O)O)N)OC,https://www.rcsb.org/ligand/OLT
条件候选,OLZ,O-(2-aminoethyl)-L-serine,C5 H12 N2 O3,148.16,l-peptide linking,SER,极性／带电侧链,保留为条件候选；是否有价值取决于具体位点、保护策略和整环性质,以极性/带电特征为主，不宜默认用于提高被动渗透性,是,C(COC[C@@H](C(=O)O)N)N,https://www.rcsb.org/ligand/OLZ
仅结构参考,OMH,O-[(S)-hydroxy(methoxy)phosphoryl]-L-serine,C4 H10 N O6 P,199.099,l-peptide linking,SER,极性／带电侧链,结构身份可保留，但复杂度、反应性或极性风险不适合进入默认研发库,含磷酸/膦酸相关结构，通常不利于被动跨膜，除非有专门遮蔽设计；以极性/带电特征为主，不宜默认用于提高被动渗透性,是,CO[P@](=O)(O)OC[C@@H](C(=O)O)N,https://www.rcsb.org/ligand/OMH
条件候选,OMT,S-DIOXYMETHIONINE,C5 H11 N O4 S,181.21,l-peptide linking,MET,极性／带电侧链,保留为条件候选；是否有价值取决于具体位点、保护策略和整环性质,以极性/带电特征为主，不宜默认用于提高被动渗透性,是,CS(=O)(=O)CC[C@@H](C(=O)O)N,https://www.rcsb.org/ligand/OMT
条件候选,OMX,(betaR)-beta-hydroxy-L-Tyrosine,C9 H11 N O4,197.188,l-peptide linking,TYR,芳香／疏水侧链,保留为条件候选；是否有价值取决于具体位点、保护策略和整环性质,,是,c1cc(ccc1[C@H]([C@@H](C(=O)O)N)O)O,https://www.rcsb.org/ligand/OMX
条件候选,OMY,(betaR)-3-chloro-beta-hydroxy-L-tyrosine,C9 H10 Cl N O4,231.633,l-peptide linking,TYR,卤代／电子调节,保留为条件候选；是否有价值取决于具体位点、保护策略和整环性质,,是,c1cc(c(cc1[C@H]([C@@H](C(=O)O)N)O)Cl)O,https://www.rcsb.org/ligand/OMY
优先研发候选,OMZ,(betaR)-3-CHLORO-BETA-HYDROXY-D-TYROSINE,C9 H10 Cl N O4,231.633,d-peptide linking,,D-构型,属于D-构型方向，可用于口服环肽的构象/稳定性/主链极性扫描,CCD未指定标准氨基酸母体，需确认它是独立残基而非氨基酸样片段,是,c1cc(c(cc1[C@H]([C@H](C(=O)O)N)O)Cl)O,https://www.rcsb.org/ligand/OMZ
条件候选,ONH,N~5~-hydroxy-L-ornithine,C5 H12 N2 O3,148.16,l-peptide linking,ALA,极性／带电侧链,保留为条件候选；是否有价值取决于具体位点、保护策略和整环性质,以极性/带电特征为主，不宜默认用于提高被动渗透性,是,C(C[C@@H](C(=O)O)N)CNO,https://www.rcsb.org/ligand/ONH
条件候选,ONL,5-OXO-L-NORLEUCINE,C6 H11 N O3,145.156,l-peptide linking,,极性／带电侧链,保留为条件候选；是否有价值取决于具体位点、保护策略和整环性质,CCD未指定标准氨基酸母体，需确认它是独立残基而非氨基酸样片段；以极性/带电特征为主，不宜默认用于提高被动渗透性,是,CC(=O)CC[C@@H](C(=O)O)N,https://www.rcsb.org/ligand/ONL
优先研发候选,ORD,D-ORNITHINE,C5 H12 N2 O2,132.161,d-peptide linking,,D-构型,属于D-构型方向，可用于口服环肽的构象/稳定性/主链极性扫描,CCD未指定标准氨基酸母体，需确认它是独立残基而非氨基酸样片段,是,C(C[C@H](C(=O)O)N)CN,https://www.rcsb.org/ligand/ORD
条件候选,ORN,L-ornithine,C5 H12 N2 O2,132.161,l-peptide linking,ALA,极性／带电侧链,保留为条件候选；是否有价值取决于具体位点、保护策略和整环性质,以极性/带电特征为主，不宜默认用于提高被动渗透性,是,C(C[C@@H](C(=O)O)N)CN,https://www.rcsb.org/ligand/ORN
条件候选,ORQ,N~5~-ACETYL-L-ORNITHINE,C7 H14 N2 O3,174.198,l-peptide linking,ARG,极性／带电侧链,保留为条件候选；是否有价值取决于具体位点、保护策略和整环性质,以极性/带电特征为主，不宜默认用于提高被动渗透性,是,CC(=O)NCCC[C@@H](C(=O)O)N,https://www.rcsb.org/ligand/ORQ
条件候选,OSE,O-SULFO-L-SERINE,C3 H7 N O6 S,185.156,l-peptide linking,SER,极性／带电侧链,保留为条件候选；是否有价值取决于具体位点、保护策略和整环性质,以极性/带电特征为主，不宜默认用于提高被动渗透性,是,C([C@@H](C(=O)O)N)OS(=O)(=O)O,https://www.rcsb.org/ligand/OSE
条件候选,OTH,"N,O-dimethyl-L-threonine",C6 H13 N O3,147.172,l-peptide linking,THR,极性／带电侧链,保留为条件候选；是否有价值取决于具体位点、保护策略和整环性质,以极性/带电特征为主，不宜默认用于提高被动渗透性,是,C[C@H]([C@@H](C(=O)O)NC)OC,https://www.rcsb.org/ligand/OTH
条件候选,OTY,2-hydroxy-L-tyrosine,C9 H11 N O4,197.188,l-peptide linking,,芳香／疏水侧链,保留为条件候选；是否有价值取决于具体位点、保护策略和整环性质,CCD未指定标准氨基酸母体，需确认它是独立残基而非氨基酸样片段,是,c1cc(c(cc1O)O)C[C@@H](C(=O)O)N,https://www.rcsb.org/ligand/OTY
条件候选,OTZ,"2-[2-(aminomethyl)-1,3-oxazol-4-yl]-1,3-thiazole-4-carboxylic acid",C8 H7 N3 O3 S,225.224,peptide linking,CYS / GLY / SER,芳香／疏水侧链,保留为条件候选；是否有价值取决于具体位点、保护策略和整环性质,CCD仅标为通用peptide linking，需确认真实主链连接几何,是,c1c(nc(o1)CN)c2nc(cs2)C(=O)O,https://www.rcsb.org/ligand/OTZ
条件候选,OV7,(2R)-amino[(carboxymethyl)sulfanyl]acetic acid,C4 H7 N O4 S,165.168,d-peptide linking,,D-构型,保留为条件候选；是否有价值取决于具体位点、保护策略和整环性质,CCD未指定标准氨基酸母体，需确认它是独立残基而非氨基酸样片段,是,C(C(=O)O)S[C@H](C(=O)O)N,https://www.rcsb.org/ligand/OV7
条件候选,OWF,(3S)-3-hydroxy-D-asparagine,C4 H8 N2 O4,148.117,d-peptide linking,,D-构型,保留为条件候选；是否有价值取决于具体位点、保护策略和整环性质,CCD未指定标准氨基酸母体，需确认它是独立残基而非氨基酸样片段,是,[C@@H]([C@@H](C(=O)N)O)(C(=O)O)N,https://www.rcsb.org/ligand/OWF
仅结构参考,OXX,OXALYL-ASPARTYL ANHYDRIDE,C6 H6 N O7,204.114,l-peptide linking,ASP,极性／带电侧链,结构身份可保留，但复杂度、反应性或极性风险不适合进入默认研发库,杂原子较多，可能增加暴露极性和去溶剂化代价；以极性/带电特征为主，不宜默认用于提高被动渗透性,是,C([C@@H](C(=O)O)N)C(=O)OC(=O)C(=O)[O-],https://www.rcsb.org/ligand/OXX
条件候选,OYL,1-ethyl-L-histidine,C8 H13 N3 O2,183.208,l-peptide linking,HIS,芳香／疏水侧链,保留为条件候选；是否有价值取决于具体位点、保护策略和整环性质,,是,CCn1cc(nc1)C[C@@H](C(=O)O)N,https://www.rcsb.org/ligand/OYL
条件候选,OZW,phenylhydrazinyl phenylalanine,C15 H17 N3 O2,271.314,l-peptide linking,PHE,芳香／疏水侧链,保留为条件候选；是否有价值取决于具体位点、保护策略和整环性质,分子量超过250 Da，需关注偶联效率、溶解度和总环肽体积,是,c1ccc(cc1)NNc2ccc(cc2)C[C@@H](C(=O)O)N,https://www.rcsb.org/ligand/OZW
条件候选,P0A,(2R)-2-aminoheptanedioic acid,C7 H13 N O4,175.182,d-peptide linking,,D-构型,保留为条件候选；是否有价值取决于具体位点、保护策略和整环性质,CCD未指定标准氨基酸母体，需确认它是独立残基而非氨基酸样片段,是,C(CCC(=O)O)C[C@H](C(=O)O)N,https://www.rcsb.org/ligand/P0A
仅结构参考,P1L,S-PALMITOYL-L-CYSTEINE,C19 H37 N O3 S,359.567,l-peptide linking,CYS,极性／带电侧链,结构身份可保留，但复杂度、反应性或极性风险不适合进入默认研发库,分子量超过300 Da，单体复杂度和环肽总分子量负担较高；以极性/带电特征为主，不宜默认用于提高被动渗透性,是,CCCCCCCCCCCCCCCC(=O)SC[C@@H](C(=O)O)N,https://www.rcsb.org/ligand/P1L
仅结构参考,P2Q,"2-hydroxy-5-{[(1S,2E)-1-formyl-4-phenoxybut-2-en-1yl]amino}-L-tyrosine",C20 H22 N2 O6,386.398,l-peptide linking,TYR,芳香／疏水侧链,结构身份可保留，但复杂度、反应性或极性风险不适合进入默认研发库,分子量超过300 Da，单体复杂度和环肽总分子量负担较高,是,c1ccc(cc1)OC/C=C/[C@@H](C=O)Nc2cc(c(cc2O)O)C[C@@H](C(=O)O)N,https://www.rcsb.org/ligand/P2Q
明确排除,P2Y,(2S)-PYRROLIDIN-2-YLMETHYLAMINE,C5 H12 N2,100.162,l-peptide linking,PRO,极性／带电侧链,结构中未识别到可用于常规肽键形成的游离羧基,,否,C1C[C@H](NC1)CN,https://www.rcsb.org/ligand/P2Y
仅结构参考,P3Q,2-hydroxy-5-{[(1E)-1-(2-oxoethylidene)-4-phenylbutyl]amino}-L-tyrosine,C21 H24 N2 O5,384.426,l-peptide linking,TYR,芳香／疏水侧链,结构身份可保留，但复杂度、反应性或极性风险不适合进入默认研发库,分子量超过300 Da，单体复杂度和环肽总分子量负担较高,是,c1ccc(cc1)CCC/C(=C\C=O)/Nc2cc(c(cc2O)O)C[C@@H](C(=O)O)N,https://www.rcsb.org/ligand/P3Q
条件候选,P4E,"(2S,4E)-2-amino-5-phenylpent-4-enoic acid",C11 H13 N O2,191.226,l-peptide linking,,芳香／疏水侧链,保留为条件候选；是否有价值取决于具体位点、保护策略和整环性质,CCD未指定标准氨基酸母体，需确认它是独立残基而非氨基酸样片段,是,c1ccc(cc1)C=CC[C@@H](C(=O)O)N,https://www.rcsb.org/ligand/P4E
仅结构参考,P4F,"5,5-difluoro-4-oxo-5-phosphono-D-norvaline",C5 H8 F2 N O6 P,247.091,d-peptide linking,,D-构型,结构身份可保留，但复杂度、反应性或极性风险不适合进入默认研发库,含磷酸/膦酸相关结构，通常不利于被动跨膜，除非有专门遮蔽设计；CCD未指定标准氨基酸母体，需确认它是独立残基而非氨基酸样片段,是,C([C@H](C(=O)O)N)C(=O)C(F)(F)P(=O)(O)O,https://www.rcsb.org/ligand/P4F
条件候选,P9S,dihydroxypropylcysteine,C6 H13 N O4 S,195.237,l-peptide linking,CYS,极性／带电侧链,保留为条件候选；是否有价值取决于具体位点、保护策略和整环性质,以极性/带电特征为主，不宜默认用于提高被动渗透性,是,C([C@H](CSC[C@@H](C(=O)O)N)O)O,https://www.rcsb.org/ligand/P9S
仅结构参考,PAQ,2-OXY-4-HYDROXY-5-(2-HYDRAZINOPYRIDINE)PHENYLALANINE,C14 H16 N4 O4,304.301,l-peptide linking,TYR,芳香／疏水侧链,结构身份可保留，但复杂度、反应性或极性风险不适合进入默认研发库,分子量超过300 Da，单体复杂度和环肽总分子量负担较高,是,c1ccnc(c1)NNC2=CC(C(=O)C=C2O)C[C@@H](C(=O)O)N,https://www.rcsb.org/ligand/PAQ
仅结构参考,PAT,ALPHA-PHOSPHONO-TRYPTOPHAN,C11 H13 N2 O5 P,284.205,l-peptide linking,TRP,芳香／疏水侧链,结构身份可保留，但复杂度、反应性或极性风险不适合进入默认研发库,分子量超过250 Da，需关注偶联效率、溶解度和总环肽体积；含磷酸/膦酸相关结构，通常不利于被动跨膜，除非有专门遮蔽设计,是,c1ccc2c(c1)c(c[nH]2)C[C@@](C(=O)O)(N)P(=O)(O)O,https://www.rcsb.org/ligand/PAT
条件候选,PBB,S-(4-BROMOBENZYL)CYSTEINE,C10 H12 Br N O2 S,290.177,l-peptide linking,CYS,卤代／电子调节,保留为条件候选；是否有价值取决于具体位点、保护策略和整环性质,分子量超过250 Da，需关注偶联效率、溶解度和总环肽体积,是,c1cc(ccc1CSC[C@@H](C(=O)O)N)Br,https://www.rcsb.org/ligand/PBB
条件候选,PBF,PARA-(BENZOYL)-PHENYLALANINE,C16 H15 N O3,269.295,l-peptide linking,PHE,芳香／疏水侧链,保留为条件候选；是否有价值取决于具体位点、保护策略和整环性质,分子量超过250 Da，需关注偶联效率、溶解度和总环肽体积,是,c1ccc(cc1)C(=O)c2ccc(cc2)C[C@@H](C(=O)O)N,https://www.rcsb.org/ligand/PBF
条件候选,PCA,PYROGLUTAMIC ACID,C5 H7 N O3,129.114,l-peptide linking,GLN,极性／带电侧链,保留为条件候选；是否有价值取决于具体位点、保护策略和整环性质,以极性/带电特征为主，不宜默认用于提高被动渗透性,是,C1CC(=O)N[C@@H]1C(=O)O,https://www.rcsb.org/ligand/PCA
条件候选,PCE,2-(3-AMINO-4-CYCLOHEXYL-2-HYDROXY-BUTYL)-PENT-4-YNOIC ACID,C15 H25 N O3,267.364,l-peptide linking,,构象限制,保留为条件候选；是否有价值取决于具体位点、保护策略和整环性质,分子量超过250 Da，需关注偶联效率、溶解度和总环肽体积；CCD未指定标准氨基酸母体，需确认它是独立残基而非氨基酸样片段,是,C#CCC(C[C@H]([C@H](CC1CCCCC1)N)O)C(=O)O,https://www.rcsb.org/ligand/PCE
明确排除,PCS,PHENYLALANYLMETHYLCHLORIDE,C10 H12 Cl N O,197.661,l-peptide linking,PHE,芳香／疏水侧链,结构中未识别到可用于常规肽键形成的游离羧基,,否,c1ccc(cc1)C[C@@H](C(=O)CCl)N,https://www.rcsb.org/ligand/PCS
仅结构参考,PDD,N-(5'-PHOSPHOPYRIDOXYL)-D-ALANINE,C11 H17 N2 O7 P,320.236,d-peptide linking,,D-构型,结构身份可保留，但复杂度、反应性或极性风险不适合进入默认研发库,分子量超过300 Da，单体复杂度和环肽总分子量负担较高；杂原子较多，可能增加暴露极性和去溶剂化代价；含磷酸/膦酸相关结构，通常不利于被动跨膜，除非有专门遮蔽设计；CCD未指定标准氨基酸母体，需确认它是独立残基而非氨基酸样片段,是,Cc1c(c(c(cn1)COP(=O)(O)O)CN[C@H](C)C(=O)O)O,https://www.rcsb.org/ligand/PDD
明确排除,PDW,methyl D-prolinate,C6 H11 N O2,129.157,d-peptide linking,,D-构型,结构中未识别到可用于常规肽键形成的游离羧基,,否,COC(=O)[C@H]1CCCN1,https://www.rcsb.org/ligand/PDW
仅结构参考,PE1,N~2~-({3-HYDROXY-2-METHYL-5-[(PHOSPHONOOXY)METHYL]PYRIDIN-4-YL}METHYL)-L-LYSINE,C14 H24 N3 O7 P,377.33,l-peptide linking,LYS,芳香／疏水侧链,结构身份可保留，但复杂度、反应性或极性风险不适合进入默认研发库,分子量超过300 Da，单体复杂度和环肽总分子量负担较高；杂原子较多，可能增加暴露极性和去溶剂化代价；含磷酸/膦酸相关结构，通常不利于被动跨膜，除非有专门遮蔽设计,是,Cc1c(c(c(cn1)COP(=O)(O)O)CN[C@@H](CCCCN)C(=O)O)O,https://www.rcsb.org/ligand/PE1
条件候选,PEC,"S,S-PENTYLTHIOCYSTEINE",C8 H17 N O2 S2,223.356,l-peptide linking,CYS,其他CCD肽链核心,保留为条件候选；是否有价值取决于具体位点、保护策略和整环性质,,是,CCCCCSSC[C@@H](C(=O)O)N,https://www.rcsb.org/ligand/PEC
条件候选,PF5,"2,3,4,5,6-PENTAFLUORO-L-PHENYLALANINE",C9 H6 F5 N O2,255.141,l-peptide linking,PHE,卤代／电子调节,保留为条件候选；是否有价值取决于具体位点、保护策略和整环性质,分子量超过250 Da，需关注偶联效率、溶解度和总环肽体积,是,C(c1c(c(c(c(c1F)F)F)F)F)[C@@H](C(=O)O)N,https://www.rcsb.org/ligand/PF5
条件候选,PFF,4-FLUORO-L-PHENYLALANINE,C9 H10 F N O2,183.18,l-peptide linking,PHE,卤代／电子调节,保留为条件候选；是否有价值取决于具体位点、保护策略和整环性质,,是,c1cc(ccc1C[C@@H](C(=O)O)N)F,https://www.rcsb.org/ligand/PFF
优先研发候选,PG9,D-PHENYLGLYCINE,C8 H9 N O2,151.163,d-peptide linking,,D-构型,属于D-构型方向，可用于口服环肽的构象/稳定性/主链极性扫描,CCD未指定标准氨基酸母体，需确认它是独立残基而非氨基酸样片段,是,c1ccc(cc1)[C@H](C(=O)O)N,https://www.rcsb.org/ligand/PG9
优先研发候选,PH6,(4S)-4-cyclohexyl-L-proline,C11 H19 N O2,197.274,l-peptide linking,PRO,构象限制,属于构象限制方向，可用于口服环肽的构象/稳定性/主链极性扫描；CCD给出标准母体残基，便于设计成对替换实验,,是,C1CCC(CC1)[C@@H]2C[C@H](NC2)C(=O)O,https://www.rcsb.org/ligand/PH6
条件候选,PH8,5-phenyl-L-norvaline,C11 H15 N O2,193.242,l-peptide linking,,芳香／疏水侧链,保留为条件候选；是否有价值取决于具体位点、保护策略和整环性质,CCD未指定标准氨基酸母体，需确认它是独立残基而非氨基酸样片段,是,c1ccc(cc1)CCC[C@@H](C(=O)O)N,https://www.rcsb.org/ligand/PH8
明确排除,PHA,PHENYLALANINAL,C9 H11 N O,149.19,l-peptide linking,PHE,芳香／疏水侧链,结构中未识别到可用于常规肽键形成的游离羧基,,否,c1ccc(cc1)C[C@@H](C=O)N,https://www.rcsb.org/ligand/PHA
仅结构参考,PHD,ASPARTYL PHOSPHATE,C4 H8 N O7 P,213.083,l-peptide linking,ASP,极性／带电侧链,结构身份可保留，但复杂度、反应性或极性风险不适合进入默认研发库,杂原子较多，可能增加暴露极性和去溶剂化代价；含磷酸/膦酸相关结构，通常不利于被动跨膜，除非有专门遮蔽设计；以极性/带电特征为主，不宜默认用于提高被动渗透性,是,C([C@@H](C(=O)O)N)C(=O)OP(=O)(O)O,https://www.rcsb.org/ligand/PHD
条件候选,PHI,IODO-PHENYLALANINE,C9 H10 I N O2,291.086,l-peptide linking,PHE,卤代／电子调节,保留为条件候选；是否有价值取决于具体位点、保护策略和整环性质,分子量超过250 Da，需关注偶联效率、溶解度和总环肽体积,是,c1cc(ccc1C[C@@H](C(=O)O)N)I,https://www.rcsb.org/ligand/PHI
明确排除,PHL,L-PHENYLALANINOL,C9 H13 N O,151.206,l-peptide linking,PHE,芳香／疏水侧链,结构中未识别到可用于常规肽键形成的游离羧基,,否,c1ccc(cc1)C[C@@H](CO)N,https://www.rcsb.org/ligand/PHL
条件候选,PIA,"[(4Z)-2-[(1S)-1-aminoethyl]-4-(4-hydroxybenzylidene)-5-oxo-4,5-dihydro-1H-imidazol-1-yl]acetic acid",C14 H15 N3 O4,289.287,l-peptide linking,ALA / GLY / TYR,芳香／疏水侧链,保留为条件候选；是否有价值取决于具体位点、保护策略和整环性质,分子量超过250 Da，需关注偶联效率、溶解度和总环肽体积,是,C[C@@H](C1=N/C(=C\c2ccc(cc2)O)/C(=O)N1CC(=O)O)N,https://www.rcsb.org/ligand/PIA
条件候选,PIV,PIVALIC ACID,C5 H10 O2,102.132,l-peptide linking,,其他CCD肽链核心,保留为条件候选；是否有价值取决于具体位点、保护策略和整环性质,CCD未指定标准氨基酸母体，需确认它是独立残基而非氨基酸样片段,是,CC(C)(C)C(=O)O,https://www.rcsb.org/ligand/PIV
明确排除,PJ3,"(2~{S})-2-azanyl-3-[1-[[(2~{R},3~{S},4~{R},5~{R})-5-(2-azanyl-7-methyl-6-oxidanylidene-1,8-dihydropurin-9-yl)-3,4-bis(oxidanyl)oxolan-2-yl]methoxy-oxidanyl-phosphoryl]imidazol-4-yl]propanoic acid",C17 H25 N8 O9 P,516.402,l-peptide linking,HIS,极性／带电侧链,分子量超过450 Da，优先视为复杂整分子而非通用残基,,否,CN1CN(C2=C1C(=O)NC(=N2)N)[C@H]3[C@@H]([C@@H]([C@H](O3)COP(=O)(n4cc(nc4)C[C@@H](C(=O)O)N)O)O)O,https://www.rcsb.org/ligand/PJ3
明确排除,PLJ,methyl L-prolinate,C6 H11 N O2,129.157,l-peptide linking,PRO,其他CCD肽链核心,结构中未识别到可用于常规肽键形成的游离羧基,,否,COC(=O)[C@@H]1CCCN1,https://www.rcsb.org/ligand/PLJ
仅结构参考,PM3,2-AMINO-3-(4-PHOSPHONOMETHYL-PHENYL)-PROPIONIC ACID,C10 H14 N O5 P,259.196,l-peptide linking,PHE,芳香／疏水侧链,结构身份可保留，但复杂度、反应性或极性风险不适合进入默认研发库,分子量超过250 Da，需关注偶联效率、溶解度和总环肽体积；含磷酸/膦酸相关结构，通常不利于被动跨膜，除非有专门遮蔽设计,是,c1cc(ccc1C[C@@H](C(=O)O)N)CP(=O)(O)O,https://www.rcsb.org/ligand/PM3
条件候选,POK,2-[[~{N}-[(4~{S})-4-azanyl-5-oxidanylidene-pentyl]carbamimidoyl]amino]ethanoic acid,C8 H16 N4 O4,232.237,l-peptide linking,ARG,极性／带电侧链,保留为条件候选；是否有价值取决于具体位点、保护策略和整环性质,以极性/带电特征为主，不宜默认用于提高被动渗透性,是,[H]/N=C(\NCCC[C@@H](C(=O)O)N)/NCC(=O)O,https://www.rcsb.org/ligand/POK
优先研发候选,POM,CIS-5-METHYL-4-OXOPROLINE,C6 H9 N O3,143.141,l-peptide linking,PRO,构象限制,属于构象限制方向，可用于口服环肽的构象/稳定性/主链极性扫描；CCD给出标准母体残基，便于设计成对替换实验,,是,C[C@H]1C(=O)C[C@H](N1)C(=O)O,https://www.rcsb.org/ligand/POM
条件候选,PPN,PARA-NITROPHENYLALANINE,C9 H10 N2 O4,210.187,l-peptide linking,PHE,芳香／疏水侧链,保留为条件候选；是否有价值取决于具体位点、保护策略和整环性质,,是,c1cc(ccc1C[C@@H](C(=O)O)N)[N+](=O)[O-],https://www.rcsb.org/ligand/PPN
条件候选,PQ4,(2Z)-2-amino-3-(4-hydroxyphenyl)prop-2-enoic acid,C9 H9 N O3,179.173,peptide linking,,芳香／疏水侧链,保留为条件候选；是否有价值取决于具体位点、保护策略和整环性质,CCD仅标为通用peptide linking，需确认真实主链连接几何；CCD未指定标准氨基酸母体，需确认它是独立残基而非氨基酸样片段,是,c1cc(ccc1/C=C(/C(=O)O)\N)O,https://www.rcsb.org/ligand/PQ4
优先研发候选,PQG,cis-1-amino-4-phenylcyclohexane-1-carboxylic acid,C13 H17 N O2,219.28,peptide linking,,构象限制,属于构象限制方向，可用于口服环肽的构象/稳定性/主链极性扫描,CCD仅标为通用peptide linking，需确认真实主链连接几何；CCD未指定标准氨基酸母体，需确认它是独立残基而非氨基酸样片段,是,c1ccc(cc1)C2CCC(CC2)(C(=O)O)N,https://www.rcsb.org/ligand/PQG
明确排除,PR3,"S,S-PROPYLTHIOCYSTEINE",C6 H13 N O S2,179.304,l-peptide linking,CYS,其他CCD肽链核心,结构中未识别到可用于常规肽键形成的游离羧基,,否,CCCSSC[C@@H](C=O)N,https://www.rcsb.org/ligand/PR3
条件候选,PR4,1-[(2R)-2-carboxy-2-hydroxyethyl]-L-proline,C8 H13 N O5,203.193,l-peptide linking,PRO,构象限制,保留为条件候选；是否有价值取决于具体位点、保护策略和整环性质,,是,C1C[C@H]([N@@](C1)C[C@H](C(=O)O)O)C(=O)O,https://www.rcsb.org/ligand/PR4
条件候选,PR7,1-[(2S)-2-carboxy-2-hydroxyethyl]-L-proline,C8 H13 N O5,203.193,l-peptide linking,PRO,构象限制,保留为条件候选；是否有价值取决于具体位点、保护策略和整环性质,,是,C1C[C@H]([N@@](C1)C[C@@H](C(=O)O)O)C(=O)O,https://www.rcsb.org/ligand/PR7
明确排除,PR9,D-PROLINAMIDE,C5 H10 N2 O,114.146,d-peptide linking,PRO,D-构型,结构中未识别到可用于常规肽键形成的游离羧基,,否,C1C[C@@H](NC1)C(=O)N,https://www.rcsb.org/ligand/PR9
条件候选,PRJ,"(2S,3aS,6R,7aS)-6-hydroxyoctahydro-1H-indole-2-carboxylic acid",C9 H15 N O3,185.22,l-peptide linking,PRO,极性／带电侧链,保留为条件候选；是否有价值取决于具体位点、保护策略和整环性质,以极性/带电特征为主，不宜默认用于提高被动渗透性,是,C1C[C@H](C[C@H]2[C@@H]1C[C@H](N2)C(=O)O)O,https://www.rcsb.org/ligand/PRJ
条件候选,PRK,N~6~-propanoyl-L-lysine,C9 H18 N2 O3,202.251,l-peptide linking,LYS,极性／带电侧链,保留为条件候选；是否有价值取决于具体位点、保护策略和整环性质,以极性/带电特征为主，不宜默认用于提高被动渗透性,是,CCC(=O)NCCCC[C@@H](C(=O)O)N,https://www.rcsb.org/ligand/PRK
条件候选,PRQ,(3S)-3-amino-3-(2-nitrophenyl)propanoic acid,C9 H10 N2 O4,210.187,l-peptide linking,,芳香／疏水侧链,保留为条件候选；是否有价值取决于具体位点、保护策略和整环性质,CCD未指定标准氨基酸母体，需确认它是独立残基而非氨基酸样片段,是,c1ccc(c(c1)[C@H](CC(=O)O)N)[N+](=O)[O-],https://www.rcsb.org/ligand/PRQ
条件候选,PRR,3-(METHYL-PYRIDINIUM)ALANINE,C9 H13 N2 O2,181.212,l-peptide linking,,芳香／疏水侧链,保留为条件候选；是否有价值取决于具体位点、保护策略和整环性质,CCD未指定标准氨基酸母体，需确认它是独立残基而非氨基酸样片段,是,C[n+]1cccc(c1)C[C@@H](C(=O)O)N,https://www.rcsb.org/ligand/PRR
优先研发候选,PRS,THIOPROLINE,C4 H7 N O2 S,133.169,l-peptide linking,PRO,构象限制,属于构象限制方向，可用于口服环肽的构象/稳定性/主链极性扫描；CCD给出标准母体残基，便于设计成对替换实验,,是,C1[C@H](NCS1)C(=O)O,https://www.rcsb.org/ligand/PRS
条件候选,PRV,(2R)-amino(2-nitrophenyl)ethanoic acid,C8 H8 N2 O4,196.16,l-peptide linking,GLY,芳香／疏水侧链,保留为条件候选；是否有价值取决于具体位点、保护策略和整环性质,,是,c1ccc(c(c1)[C@H](C(=O)O)N)[N+](=O)[O-],https://www.rcsb.org/ligand/PRV
仅结构参考,PSH,1-thiophosphono-L-histidine,C6 H10 N3 O4 P S,251.2,l-peptide linking,HIS,芳香／疏水侧链,结构身份可保留，但复杂度、反应性或极性风险不适合进入默认研发库,分子量超过250 Da，需关注偶联效率、溶解度和总环肽体积；含磷酸/膦酸相关结构，通常不利于被动跨膜，除非有专门遮蔽设计,是,c1c(ncn1[P@@](=O)(O)S)C[C@@H](C(=O)O)N,https://www.rcsb.org/ligand/PSH
条件候选,PSW,3-(SULFANYLSELANYL)-L-ALANINE,C3 H7 N O2 S Se,200.118,l-peptide linking,SEC,其他CCD肽链核心,保留为条件候选；是否有价值取决于具体位点、保护策略和整环性质,,是,C([C@@H](C(=O)O)N)[Se]S,https://www.rcsb.org/ligand/PSW
仅结构参考,PTH,CE1-METHYLENE-HYDROXY-PHOSPHOTYROSINE,C10 H14 N O7 P,291.194,l-peptide linking,TYR,芳香／疏水侧链,结构身份可保留，但复杂度、反应性或极性风险不适合进入默认研发库,分子量超过250 Da，需关注偶联效率、溶解度和总环肽体积；杂原子较多，可能增加暴露极性和去溶剂化代价；含磷酸/膦酸相关结构，通常不利于被动跨膜，除非有专门遮蔽设计,是,c1cc(c(cc1C[C@@H](C(=O)O)N)CO)OP(=O)(O)O,https://www.rcsb.org/ligand/PTH
仅结构参考,PTM,ALPHA-METHYL-O-PHOSPHOTYROSINE,C10 H14 N O6 P,275.195,l-peptide linking,TYR,α位取代,结构身份可保留，但复杂度、反应性或极性风险不适合进入默认研发库,分子量超过250 Da，需关注偶联效率、溶解度和总环肽体积；含磷酸/膦酸相关结构，通常不利于被动跨膜，除非有专门遮蔽设计,是,C[C@](Cc1ccc(cc1)OP(=O)(O)O)(C(=O)O)N,https://www.rcsb.org/ligand/PTM
仅结构参考,PTR,O-PHOSPHOTYROSINE,C9 H12 N O6 P,261.168,l-peptide linking,TYR,芳香／疏水侧链,结构身份可保留，但复杂度、反应性或极性风险不适合进入默认研发库,分子量超过250 Da，需关注偶联效率、溶解度和总环肽体积；含磷酸/膦酸相关结构，通常不利于被动跨膜，除非有专门遮蔽设计,是,c1cc(ccc1C[C@@H](C(=O)O)N)OP(=O)(O)O,https://www.rcsb.org/ligand/PTR
明确排除,PVH,HISTIDINE-METHYL-ESTER,C7 H12 N3 O2,170.189,l-peptide linking,HIS,芳香／疏水侧链,结构中未识别到可用于常规肽键形成的游离羧基,,否,COC(=O)[C@H](Cc1c[nH]c[nH+]1)N,https://www.rcsb.org/ligand/PVH
条件候选,PVO,"2,2-bis(oxidanyl)propanoic acid",C3 H6 O4,106.077,l-peptide linking,,极性／带电侧链,保留为条件候选；是否有价值取决于具体位点、保护策略和整环性质,CCD未指定标准氨基酸母体，需确认它是独立残基而非氨基酸样片段；以极性/带电特征为主，不宜默认用于提高被动渗透性,是,CC(C(=O)O)(O)O,https://www.rcsb.org/ligand/PVO
优先研发候选,PXU,2-hydroxy-L-proline,C5 H9 N O3,131.13,l-peptide linking,PRO,构象限制,属于构象限制方向，可用于口服环肽的构象/稳定性/主链极性扫描；CCD给出标准母体残基，便于设计成对替换实验,,是,C1C[C@](NC1)(C(=O)O)O,https://www.rcsb.org/ligand/PXU
条件候选,PYA,"3-(1,10-PHENANTHROL-2-YL)-L-ALANINE",C15 H13 N3 O2,267.283,l-peptide linking,ALA,芳香／疏水侧链,保留为条件候选；是否有价值取决于具体位点、保护策略和整环性质,分子量超过250 Da，需关注偶联效率、溶解度和总环肽体积,是,c1cc2ccc3ccc(nc3c2nc1)C[C@@H](C(=O)O)N,https://www.rcsb.org/ligand/PYA
仅结构参考,PYX,S-[S-THIOPYRIDOXAMINYL]CYSTEINE,C11 H17 N3 O3 S2,303.401,l-peptide linking,CYS,芳香／疏水侧链,结构身份可保留，但复杂度、反应性或极性风险不适合进入默认研发库,分子量超过300 Da，单体复杂度和环肽总分子量负担较高,是,Cc1c(c(c(cn1)CSSC[C@@H](C(=O)O)N)CN)O,https://www.rcsb.org/ligand/PYX
仅结构参考,Q2E,(2~{S})-2-azanyl-3-(2-methylsulfanyl-1~{H}-indol-3-yl)propanal,C12 H14 N2 O2 S,250.317,l-peptide linking,TRP,芳香／疏水侧链,结构身份可保留，但复杂度、反应性或极性风险不适合进入默认研发库,分子量超过250 Da，需关注偶联效率、溶解度和总环肽体积；名称提示反应性官能团或中间体，需要确认能否承受偶联和脱保护条件,是,CSc1c(c2ccccc2[nH]1)C[C@@H](C(=O)O)N,https://www.rcsb.org/ligand/Q2E
条件候选,Q2K,"2-[2-(3-methylsulfanylpropanimidoyl)-4,5-bis(oxidanylidene)imidazol-1-yl]ethanoic acid",C9 H11 N3 O4 S,257.266,l-peptide linking,GLY / MET / TYR,极性／带电侧链,保留为条件候选；是否有价值取决于具体位点、保护策略和整环性质,分子量超过250 Da，需关注偶联效率、溶解度和总环肽体积；以极性/带电特征为主，不宜默认用于提高被动渗透性,是,[H]/N=C(/CCSC)\C1=NC(=O)C(=O)N1CC(=O)O,https://www.rcsb.org/ligand/Q2K
条件候选,Q3P,N~6~-glycyl-L-lysine,C8 H17 N3 O3,203.239,l-peptide linking,LYS,极性／带电侧链,保留为条件候选；是否有价值取决于具体位点、保护策略和整环性质,以极性/带电特征为主，不宜默认用于提高被动渗透性,是,C(CCNC(=O)CN)C[C@@H](C(=O)O)N,https://www.rcsb.org/ligand/Q3P
条件候选,Q3S,"(2R,3S)-2,3-diaminobutanoic acid",C4 H10 N2 O2,118.134,l-peptide linking,,极性／带电侧链,保留为条件候选；是否有价值取决于具体位点、保护策略和整环性质,CCD未指定标准氨基酸母体，需确认它是独立残基而非氨基酸样片段；以极性/带电特征为主，不宜默认用于提高被动渗透性,是,C[C@@H]([C@H](C(=O)O)N)N,https://www.rcsb.org/ligand/Q3S
条件候选,Q75,Thiazole-histidine,C6 H8 N2 O2 S,172.205,l-peptide linking,HIS,芳香／疏水侧链,保留为条件候选；是否有价值取决于具体位点、保护策略和整环性质,,是,c1c(scn1)C[C@@H](C(=O)O)N,https://www.rcsb.org/ligand/Q75
条件候选,Q78,L-3-Thienylalanine,C7 H9 N O2 S,171.217,l-peptide linking,,芳香／疏水侧链,保留为条件候选；是否有价值取决于具体位点、保护策略和整环性质,CCD未指定标准氨基酸母体，需确认它是独立残基而非氨基酸样片段,是,c1cscc1C[C@@H](C(=O)O)N,https://www.rcsb.org/ligand/Q78
仅结构参考,Q8X,(2~{R})-2-azanyl-3-[(6-pyridin-2-ylpyridin-3-yl)methylsulfanyl]propanal,C14 H15 N3 O2 S,289.353,l-peptide linking,CYS,芳香／疏水侧链,结构身份可保留，但复杂度、反应性或极性风险不适合进入默认研发库,分子量超过250 Da，需关注偶联效率、溶解度和总环肽体积；名称提示反应性官能团或中间体，需要确认能否承受偶联和脱保护条件,是,c1ccnc(c1)c2ccc(cn2)CSC[C@@H](C(=O)O)N,https://www.rcsb.org/ligand/Q8X
条件候选,QAC,N-[4-(hydroxymethyl)benzoyl]-beta-alanine,C11 H13 N O4,223.225,l-peptide linking,,芳香／疏水侧链,保留为条件候选；是否有价值取决于具体位点、保护策略和整环性质,CCD未指定标准氨基酸母体，需确认它是独立残基而非氨基酸样片段,是,c1cc(ccc1CO)C(=O)NCCC(=O)O,https://www.rcsb.org/ligand/QAC
明确排除,QC4,"{(4Z)-2-[(1R,2R)-1-amino-2-hydroxypropyl]-5-oxo-4-[(2,3,5-trifluoro-4-hydroxyphenyl)methylidene]-4,5-dihydro-1H-imidazol-1-yl}acetic acid",C15 H14 F3 N3 O5,373.284,l-peptide linking,GLY / THR / TYR,卤代／电子调节,名称提示核苷酸、辅因子、脂质、完整肽或整分子缀合物,,否,C[C@H]([C@@H](C1=N/C(=C\c2cc(c(c(c2F)F)O)F)/C(=O)N1CC(=O)O)N)O,https://www.rcsb.org/ligand/QC4
明确排除,QCA,"{(4Z)-2-[(1R,2R)-1-amino-2-hydroxypropyl]-4-[(4-hydroxy-3-nitrophenyl)methylidene]-5-oxo-4,5-dihydro-1H-imidazol-1-yl}acetic acid",C15 H16 N4 O7,364.31,l-peptide linking,GLY / THR / TYR,芳香／疏水侧链,名称提示核苷酸、辅因子、脂质、完整肽或整分子缀合物,,否,C[C@H]([C@@H](C1=N/C(=C\c2ccc(c(c2)N(=O)=O)O)/C(=O)N1CC(=O)O)N)O,https://www.rcsb.org/ligand/QCA
明确排除,QCD,"{(4Z)-2-[(1R,2R)-1-amino-2-hydroxypropyl]-4-[(4-hydroxy-3-methoxyphenyl)methylidene]-5-oxo-4,5-dihydro-1H-imidazol-1-yl }acetic acid",C16 H19 N3 O6,349.339,l-peptide linking,GLY / THR / TYR,芳香／疏水侧链,名称提示核苷酸、辅因子、脂质、完整肽或整分子缀合物,,否,C[C@H]([C@@H](C1=N/C(=C\c2ccc(c(c2)OC)O)/C(=O)N1CC(=O)O)N)O,https://www.rcsb.org/ligand/QCD
明确排除,QCI,L-2-Aminoglutarimide,C5 H8 N2 O2,128.129,l-peptide linking,GLN,构象限制,结构中未识别到可用于常规肽键形成的游离羧基,,否,C1CC(=O)NC(=O)[C@H]1N,https://www.rcsb.org/ligand/QCI
条件候选,QCS,S-carbamoyl-L-cysteine,C4 H8 N2 O3 S,164.183,l-peptide linking,CYS,极性／带电侧链,保留为条件候选；是否有价值取决于具体位点、保护策略和整环性质,以极性/带电特征为主，不宜默认用于提高被动渗透性,是,C([C@@H](C(=O)O)N)SC(=O)N,https://www.rcsb.org/ligand/QCS
条件候选,QDD,2-(8-azanyl-2-methanoyl-quinolin-4-yl)ethanoic acid,C12 H10 N2 O4,246.219,l-peptide linking,,芳香／疏水侧链,保留为条件候选；是否有价值取决于具体位点、保护策略和整环性质,CCD未指定标准氨基酸母体，需确认它是独立残基而非氨基酸样片段,是,c1cc2c(cc(nc2c(c1)N)C(=O)O)CC(=O)O,https://www.rcsb.org/ligand/QDD
条件候选,QDS,N-(quinoxalin-2-ylcarbonyl)-D-serine,C12 H11 N3 O4,261.233,d-peptide linking,DSN,D-构型,保留为条件候选；是否有价值取决于具体位点、保护策略和整环性质,分子量超过250 Da，需关注偶联效率、溶解度和总环肽体积,是,c1ccc2c(c1)ncc(n2)C(=O)N[C@H](CO)C(=O)O,https://www.rcsb.org/ligand/QDS
仅结构参考,QFG,"{(4E)-2-[(1E)-4-amino-4-oxobutanimidoyl]-4-benzylidene-5-oxo-4,5-dihydro-1H-imidazol-1-yl}acetic acid",C16 H16 N4 O4,328.323,l-peptide linking,GLN / GLY / PHE,芳香／疏水侧链,结构身份可保留，但复杂度、反应性或极性风险不适合进入默认研发库,分子量超过300 Da，单体复杂度和环肽总分子量负担较高,是,[H]/N=C(\CCC(=O)N)/C1=N/C(=C/c2ccccc2)/C(=O)N1CC(=O)O,https://www.rcsb.org/ligand/QFG
明确排除,QIL,N-formyl-L-isoleucine,C7 H13 N O3,159.183,l-peptide linking,ILE,极性／带电侧链,主链氨基被端基化，不能按普通内部残基直接偶联,,否,CC[C@H](C)[C@@H](C(=O)O)NC=O,https://www.rcsb.org/ligand/QIL
明确排除,QIP,2-[(2~{S})-2-(3-methylsulfanylpropanimidoyl)-2-oxidanyl-4-oxidanylidene-imidazolidin-1-yl]-2-oxidanylidene-ethanamide,C9 H14 N4 O4 S,274.297,l-peptide linking,GLY / MET / TYR,极性／带电侧链,结构中未识别到可用于常规肽键形成的游离羧基,,否,[H]/N=C(/CCSC)\[C@@]1(NC(=O)CN1C(=O)C(=O)N)O,https://www.rcsb.org/ligand/QIP
条件候选,QLG,"[(4Z)-2-[(1Z)-4-AMINO-4-OXOBUTANIMIDOYL]-4-(2-METHYLPROPYLIDENE)-5-OXO-4,5-DIHYDRO-1H-IMIDAZOL-1-YL]ACETIC ACID",C13 H18 N4 O4,294.306,l-peptide linking,GLN / GLY / LEU,极性／带电侧链,保留为条件候选；是否有价值取决于具体位点、保护策略和整环性质,分子量超过250 Da，需关注偶联效率、溶解度和总环肽体积；以极性/带电特征为主，不宜默认用于提高被动渗透性,是,[H]/N=C(/CCC(=O)N)\C1=NC(=CC(C)C)C(=O)N1CC(=O)O,https://www.rcsb.org/ligand/QLG
条件候选,QM8,6-Sulfanyl-L-norleucine,C6 H13 N O2 S,163.238,l-peptide linking,ALA,其他CCD肽链核心,保留为条件候选；是否有价值取决于具体位点、保护策略和整环性质,,是,C(CCS)C[C@@H](C(=O)O)N,https://www.rcsb.org/ligand/QM8
条件候选,QMB,5-Mercapto-norvaline,C5 H11 N O2 S,149.211,l-peptide linking,ALA,其他CCD肽链核心,保留为条件候选；是否有价值取决于具体位点、保护策略和整环性质,,是,C(C[C@@H](C(=O)O)N)CS,https://www.rcsb.org/ligand/QMB
条件候选,QMM,"N,N-dimethyl-L-glutamine",C7 H14 N2 O3,174.198,l-peptide linking,GLN,极性／带电侧链,保留为条件候选；是否有价值取决于具体位点、保护策略和整环性质,以极性/带电特征为主，不宜默认用于提高被动渗透性,是,CN(C)C(=O)CC[C@@H](C(=O)O)N,https://www.rcsb.org/ligand/QMM
条件候选,QNQ,4-methylcatechol cysteine,C10 H13 N O4 S,243.28,l-peptide linking,CYS,芳香／疏水侧链,保留为条件候选；是否有价值取决于具体位点、保护策略和整环性质,,是,Cc1ccc(c(c1SC[C@@H](C(=O)O)N)O)O,https://www.rcsb.org/ligand/QNQ
条件候选,QNT,"3,6-dimethylcatechol cysteine",C11 H15 N O4 S,257.306,l-peptide linking,CYS,芳香／疏水侧链,保留为条件候选；是否有价值取决于具体位点、保护策略和整环性质,分子量超过250 Da，需关注偶联效率、溶解度和总环肽体积,是,Cc1cc(c(c(c1O)O)C)SC[C@@H](C(=O)O)N,https://www.rcsb.org/ligand/QNT
条件候选,QNW,3-methylcatechol cysteine,C10 H13 N O4 S,243.28,l-peptide linking,CYS,芳香／疏水侧链,保留为条件候选；是否有价值取决于具体位点、保护策略和整环性质,,是,Cc1ccc(c(c1O)O)SC[C@@H](C(=O)O)N,https://www.rcsb.org/ligand/QNW
仅结构参考,QNY,"O-[(3S)-3-amino-3-carboxy-1,1-dihydroxypropyl]-L-threonine",C8 H16 N2 O7,252.222,l-peptide linking,Thr,极性／带电侧链,结构身份可保留，但复杂度、反应性或极性风险不适合进入默认研发库,分子量超过250 Da，需关注偶联效率、溶解度和总环肽体积；杂原子较多，可能增加暴露极性和去溶剂化代价；以极性/带电特征为主，不宜默认用于提高被动渗透性,是,C[C@H]([C@@H](C(=O)O)N)OC(C[C@@H](C(=O)O)N)(O)O,https://www.rcsb.org/ligand/QNY
条件候选,QO2,"4,5-dimethylcatechol cysteine",C11 H15 N O4 S,257.306,l-peptide linking,CYS,芳香／疏水侧链,保留为条件候选；是否有价值取决于具体位点、保护策略和整环性质,分子量超过250 Da，需关注偶联效率、溶解度和总环肽体积,是,Cc1cc(c(c(c1C)SC[C@@H](C(=O)O)N)O)O,https://www.rcsb.org/ligand/QO2
条件候选,QO5,"3,5-dimethylcatechol cysteine",C11 H15 N O4 S,257.306,l-peptide linking,CYS,芳香／疏水侧链,保留为条件候选；是否有价值取决于具体位点、保护策略和整环性质,分子量超过250 Da，需关注偶联效率、溶解度和总环肽体积,是,Cc1cc(c(c(c1O)O)SC[C@@H](C(=O)O)N)C,https://www.rcsb.org/ligand/QO5
明确排除,QO8,"3,4-dimethylcatechol cysteine",C11 H17 N O4 S,259.322,l-peptide linking,CYS,芳香／疏水侧链,结构中未识别到可用于常规肽键形成的游离羧基,,否,Cc1cc(c(c(c1C)O)O)SC[C@@H](C(O)O)N,https://www.rcsb.org/ligand/QO8
条件候选,QOL,8-azanyl-4-[2-(hydroxymethyl)-3-oxidanyl-propoxy]quinoline-2-carbaldehyde,C14 H16 N2 O5,292.287,l-peptide linking,,芳香／疏水侧链,保留为条件候选；是否有价值取决于具体位点、保护策略和整环性质,分子量超过250 Da，需关注偶联效率、溶解度和总环肽体积；CCD未指定标准氨基酸母体，需确认它是独立残基而非氨基酸样片段,是,c1cc2c(cc(nc2c(c1)N)C(=O)O)OCC(CO)CO,https://www.rcsb.org/ligand/QOL
仅结构参考,QPA,S-[(1S)-1-carboxy-1-(phosphonooxy)ethyl]-L-cysteine,C6 H12 N O8 P S,289.2,l-peptide linking,CYS,极性／带电侧链,结构身份可保留，但复杂度、反应性或极性风险不适合进入默认研发库,分子量超过250 Da，需关注偶联效率、溶解度和总环肽体积；杂原子较多，可能增加暴露极性和去溶剂化代价；含磷酸/膦酸相关结构，通常不利于被动跨膜，除非有专门遮蔽设计；以极性/带电特征为主，不宜默认用于提高被动渗透性,是,C[C@](C(=O)O)(OP(=O)(O)O)SC[C@@H](C(=O)O)N,https://www.rcsb.org/ligand/QPA
明确排除,QPH,N-formyl-L-phenylalanine,C10 H11 N O3,193.199,l-peptide linking,PHE,芳香／疏水侧链,主链氨基被端基化，不能按普通内部残基直接偶联,,否,c1ccc(cc1)C[C@@H](C(=O)O)NC=O,https://www.rcsb.org/ligand/QPH
条件候选,QQ8,(4~{S})-4-azanyl-5-formamido-pentanamide,C6 H13 N3 O3,175.186,l-peptide linking,GLN,极性／带电侧链,保留为条件候选；是否有价值取决于具体位点、保护策略和整环性质,以极性/带电特征为主，不宜默认用于提高被动渗透性,是,C(CC(=O)N)[C@@H](CNC(=O)O)N,https://www.rcsb.org/ligand/QQ8
条件候选,QQB,~{N}-[(2~{S})-2-azanyl-3-naphthalen-1-yl-propyl]methanamide,C14 H16 N2 O2,244.289,l-peptide linking,,芳香／疏水侧链,保留为条件候选；是否有价值取决于具体位点、保护策略和整环性质,CCD未指定标准氨基酸母体，需确认它是独立残基而非氨基酸样片段,是,c1ccc2c(c1)cccc2C[C@@H](CNC(=O)O)N,https://www.rcsb.org/ligand/QQB
条件候选,QUJ,8-azanyl-4-(2-methylpropoxy)quinoline-2-carboxylic acid,C14 H16 N2 O3,260.288,l-peptide linking,,芳香／疏水侧链,保留为条件候选；是否有价值取决于具体位点、保护策略和整环性质,分子量超过250 Da，需关注偶联效率、溶解度和总环肽体积；CCD未指定标准氨基酸母体，需确认它是独立残基而非氨基酸样片段,是,CC(C)COc1cc(nc2c1cccc2N)C(=O)O,https://www.rcsb.org/ligand/QUJ
条件候选,QUK,8-azanyl-4-(3-azanylpropoxy)quinoline-2-carboxylic acid,C13 H15 N3 O3,261.276,l-peptide linking,,芳香／疏水侧链,保留为条件候选；是否有价值取决于具体位点、保护策略和整环性质,分子量超过250 Da，需关注偶联效率、溶解度和总环肽体积；CCD未指定标准氨基酸母体，需确认它是独立残基而非氨基酸样片段,是,c1cc2c(cc(nc2c(c1)N)C(=O)O)OCCCN,https://www.rcsb.org/ligand/QUK
仅结构参考,QVA,"(2S,3R)-2-{[(2R)-2-amino-2-carboxyethyl]sulfanyl}-3-hydroxybutanedioic acid",C7 H11 N O7 S,253.23,l-peptide linking,CYS,极性／带电侧链,结构身份可保留，但复杂度、反应性或极性风险不适合进入默认研发库,分子量超过250 Da，需关注偶联效率、溶解度和总环肽体积；杂原子较多，可能增加暴露极性和去溶剂化代价；以极性/带电特征为主，不宜默认用于提高被动渗透性,是,C([C@@H](C(=O)O)N)S[C@@H]([C@@H](C(=O)O)O)C(=O)O,https://www.rcsb.org/ligand/QVA
条件候选,QVE,8-azanyl-4-(2-hydroxy-2-oxoethyloxy)quinoline-2-carboxylic acid,C12 H10 N2 O5,262.218,l-peptide linking,,芳香／疏水侧链,保留为条件候选；是否有价值取决于具体位点、保护策略和整环性质,分子量超过250 Da，需关注偶联效率、溶解度和总环肽体积；CCD未指定标准氨基酸母体，需确认它是独立残基而非氨基酸样片段,是,c1cc2c(cc(nc2c(c1)N)C(=O)O)OCC(=O)O,https://www.rcsb.org/ligand/QVE
条件候选,QVS,8-azanyl-4-oxidanyl-quinoline-2-carboxylic acid,C10 H8 N2 O3,204.182,l-peptide linking,,芳香／疏水侧链,保留为条件候选；是否有价值取决于具体位点、保护策略和整环性质,CCD未指定标准氨基酸母体，需确认它是独立残基而非氨基酸样片段,是,c1cc2c(cc(nc2c(c1)N)C(=O)O)O,https://www.rcsb.org/ligand/QVS
明确排除,QX7,N-acetyl-3-{[5-(fluorosulfonyl)-2-methylbenzene-1-carbonyl]amino}-L-alanine,C13 H15 F N2 O6 S,346.331,l-peptide linking,ALA,卤代／电子调节,主链氨基被端基化，不能按普通内部残基直接偶联,,否,Cc1ccc(cc1C(=O)NC[C@@H](C(=O)O)NC(=O)C)S(=O)(=O)F,https://www.rcsb.org/ligand/QX7
明确排除,QXV,D-methioninamide,C5 H12 N2 O S,148.227,d-peptide linking,,D-构型,结构中未识别到可用于常规肽键形成的游离羧基,,否,CSCC[C@H](C(=O)N)N,https://www.rcsb.org/ligand/QXV
仅结构参考,QYG,"{(4E)-2-[(1S)-1,4-diamino-4-oxobutyl]-4-[(4-hydroxyphenyl)methylidene]-5-oxo-4,5-dihydro-1H-imidazol-1-yl}acetic acid",C16 H18 N4 O5,346.338,l-peptide linking,GLN / GLY / TYR,芳香／疏水侧链,结构身份可保留，但复杂度、反应性或极性风险不适合进入默认研发库,分子量超过300 Da，单体复杂度和环肽总分子量负担较高,是,c1cc(ccc1/C=C/2\C(=O)N(C(=N2)[C@H](CCC(=O)N)N)CC(=O)O)O,https://www.rcsb.org/ligand/QYG
仅结构参考,QYX,2-[4-[(4-hydroxyphenyl)methyl]-2-(3-methylsulfanylpropanimidoyl)-5-oxidanylidene-imidazol-1-ium-1-yl]ethanoic acid,C16 H18 N3 O4 S,348.397,l-peptide linking,GLY / MET / TYR,芳香／疏水侧链,结构身份可保留，但复杂度、反应性或极性风险不适合进入默认研发库,分子量超过300 Da，单体复杂度和环肽总分子量负担较高,是,[H]/N=C(/CCSC)\C1=[N+](C(=O)C(=N1)Cc2ccc(cc2)O)CC(=O)O,https://www.rcsb.org/ligand/QYX
条件候选,R0E,ProM-17,C14 H22 N2 O3,266.336,l-peptide linking,,极性／带电侧链,保留为条件候选；是否有价值取决于具体位点、保护策略和整环性质,分子量超过250 Da，需关注偶联效率、溶解度和总环肽体积；CCD未指定标准氨基酸母体，需确认它是独立残基而非氨基酸样片段；以极性/带电特征为主，不宜默认用于提高被动渗透性,是,CC(C)C[C@@H]1C=C[C@H]2CCN[C@@H]2C(=O)N1CC(=O)O,https://www.rcsb.org/ligand/R0E
仅结构参考,R0K,(2~{S})-2-[[(4~{S})-4-azanyl-5-oxidanyl-5-oxidanylidene-pentanoyl]amino]hexanedioic acid,C11 H18 N2 O7,290.27,l-peptide linking,GLU,极性／带电侧链,结构身份可保留，但复杂度、反应性或极性风险不适合进入默认研发库,分子量超过250 Da，需关注偶联效率、溶解度和总环肽体积；杂原子较多，可能增加暴露极性和去溶剂化代价；以极性/带电特征为主，不宜默认用于提高被动渗透性,是,C(C[C@@H](C(=O)O)NC(=O)CC[C@@H](C(=O)O)N)CC(=O)O,https://www.rcsb.org/ligand/R0K
仅结构参考,R1A,"3-{[(2,2,5,5-TETRAMETHYL-1-OXO-2,5-DIHYDRO-1H-PYRROLIUM-3-YL)METHYL]DISULFANYL}-D-ALANINE",C12 H21 N2 O3 S2,305.437,l-peptide linking,CYS,极性／带电侧链,结构身份可保留，但复杂度、反应性或极性风险不适合进入默认研发库,分子量超过300 Da，单体复杂度和环肽总分子量负担较高；以极性/带电特征为主，不宜默认用于提高被动渗透性,是,CC1(C=C(C([N+]1=O)(C)C)CSSC[C@@H](C(=O)O)N)C,https://www.rcsb.org/ligand/R1A
优先研发候选,R2P,"(2R)-2-amino-3-(4-hydroxy-1,2,5-thiadiazol-3-yl)propanoic acid",C5 H7 N3 O3 S,189.192,d-peptide linking,,D-构型,属于D-构型方向，可用于口服环肽的构象/稳定性/主链极性扫描,CCD未指定标准氨基酸母体，需确认它是独立残基而非氨基酸样片段,是,C(c1c(nsn1)O)[C@H](C(=O)O)N,https://www.rcsb.org/ligand/R2P
条件候选,R2T,"beta,gamma-dihydroxyglutamine",C5 H10 N2 O5,178.143,l-peptide linking,,极性／带电侧链,保留为条件候选；是否有价值取决于具体位点、保护策略和整环性质,CCD未指定标准氨基酸母体，需确认它是独立残基而非氨基酸样片段；以极性/带电特征为主，不宜默认用于提高被动渗透性,是,[C@@H]([C@@H](C(=O)O)N)([C@@H](C(=O)N)O)O,https://www.rcsb.org/ligand/R2T
条件候选,R4K,"(2S,3R)-2-azanyl-3-hydroxy-3-[(3S)-3-hydroxy-2-oxo-1H-indol-3-yl]propanoic acid",C11 H12 N2 O5,252.223,l-peptide linking,TRP,芳香／疏水侧链,保留为条件候选；是否有价值取决于具体位点、保护策略和整环性质,分子量超过250 Da，需关注偶联效率、溶解度和总环肽体积,是,c1ccc2c(c1)[C@@](C(=O)N2)([C@@H]([C@@H](C(=O)O)N)O)O,https://www.rcsb.org/ligand/R4K
优先研发候选,R6E,(2~{R})-2-azanyl-2-ethyl-octanoic acid,C10 H21 N O2,187.279,d-peptide linking,,D-构型,属于D-构型方向，可用于口服环肽的构象/稳定性/主链极性扫描,CCD未指定标准氨基酸母体，需确认它是独立残基而非氨基酸样片段,是,CCCCCC[C@](CC)(C(=O)O)N,https://www.rcsb.org/ligand/R6E
条件候选,RE0,"3-[(3R)-3-hydroxy-2-oxo-2,3-dihydro-1H-indol-3-yl]-L-alanine",C11 H12 N2 O4,236.224,l-peptide linking,TRP,芳香／疏水侧链,保留为条件候选；是否有价值取决于具体位点、保护策略和整环性质,,是,c1ccc2c(c1)[C@@](C(=O)N2)(C[C@@H](C(=O)O)N)O,https://www.rcsb.org/ligand/RE0
条件候选,RE3,"3-[(3S)-3-hydroxy-2-oxo-2,3-dihydro-1H-indol-3-yl]-L-alanine",C11 H12 N2 O4,236.224,l-peptide linking,TRP,芳香／疏水侧链,保留为条件候选；是否有价值取决于具体位点、保护策略和整环性质,,是,c1ccc2c(c1)[C@](C(=O)N2)(C[C@@H](C(=O)O)N)O,https://www.rcsb.org/ligand/RE3
条件候选,RF9,N~6~-[(1R)-1-carboxyethyl]-L-lysine,C9 H18 N2 O4,218.25,l-peptide linking,,极性／带电侧链,保留为条件候选；是否有价值取决于具体位点、保护策略和整环性质,CCD未指定标准氨基酸母体，需确认它是独立残基而非氨基酸样片段；以极性/带电特征为主，不宜默认用于提高被动渗透性,是,C[C@H](C(=O)O)NCCCC[C@@H](C(=O)O)N,https://www.rcsb.org/ligand/RF9
明确排除,RGL,ARGINAL,C6 H15 N4 O,159.209,l-peptide linking,ARG,极性／带电侧链,结构中未识别到可用于常规肽键形成的游离羧基,,否,C(C[C@@H](C=O)N)CNC(=[NH2+])N,https://www.rcsb.org/ligand/RGL
仅结构参考,RGP,GAMMA-GLUTAMYL PHOSPHATE,C5 H10 N O7 P,227.109,l-peptide linking,GLU,极性／带电侧链,结构身份可保留，但复杂度、反应性或极性风险不适合进入默认研发库,杂原子较多，可能增加暴露极性和去溶剂化代价；含磷酸/膦酸相关结构，通常不利于被动跨膜，除非有专门遮蔽设计；以极性/带电特征为主，不宜默认用于提高被动渗透性,是,C(CC(=O)OP(=O)(O)O)[C@H](C(=O)O)N,https://www.rcsb.org/ligand/RGP
仅结构参考,RPI,phospho-arginine,C6 H15 N4 O5 P,254.181,l-peptide linking,ARG,极性／带电侧链,结构身份可保留，但复杂度、反应性或极性风险不适合进入默认研发库,分子量超过250 Da，需关注偶联效率、溶解度和总环肽体积；含磷酸/膦酸相关结构，通常不利于被动跨膜，除非有专门遮蔽设计；以极性/带电特征为主，不宜默认用于提高被动渗透性,是,[H]/N=C(/NCCC[C@@H](C(=O)O)N)\NP(=O)(O)O,https://www.rcsb.org/ligand/RPI
条件候选,RT0,"(2S,4S)-4-[4-(4-fluorophenyl)-1,2,3-triazol-1-yl]pyrrolidine-2-carboxylic acid",C13 H13 F N4 O2,276.266,l-peptide linking,PRO,卤代／电子调节,保留为条件候选；是否有价值取决于具体位点、保护策略和整环性质,分子量超过250 Da，需关注偶联效率、溶解度和总环肽体积,是,c1cc(ccc1c2cn(nn2)[C@H]3C[C@H](NC3)C(=O)O)F,https://www.rcsb.org/ligand/RT0
条件候选,RVJ,3-triazan-1-yl-L-alanine,C3 H10 N4 O2,134.137,l-peptide linking,ALA,极性／带电侧链,保留为条件候选；是否有价值取决于具体位点、保护策略和整环性质,以极性/带电特征为主，不宜默认用于提高被动渗透性,是,C([C@@H](C(=O)O)N)NNN,https://www.rcsb.org/ligand/RVJ
仅结构参考,RVX,O-[methyl(2-methylpropoxy)phosphoryl]-L-serine,C8 H18 N O5 P,239.206,l-peptide linking,SER,极性／带电侧链,结构身份可保留，但复杂度、反应性或极性风险不适合进入默认研发库,含磷酸/膦酸相关结构，通常不利于被动跨膜，除非有专门遮蔽设计；以极性/带电特征为主，不宜默认用于提高被动渗透性,是,CC(C)CO[P@](=O)(C)OC[C@@H](C(=O)O)N,https://www.rcsb.org/ligand/RVX
条件候选,RX9,Dehydroisoleucine,C6 H11 N O2,129.157,l-peptide linking,ILE,其他CCD肽链核心,保留为条件候选；是否有价值取决于具体位点、保护策略和整环性质,,是,CC/C(=C(\C(=O)O)/N)/C,https://www.rcsb.org/ligand/RX9
条件候选,RXL,Dehydrovaline,C5 H9 N O2,115.13,l-peptide linking,VAL,其他CCD肽链核心,保留为条件候选；是否有价值取决于具体位点、保护策略和整环性质,,是,CC(=C(C(=O)O)N)C,https://www.rcsb.org/ligand/RXL
条件候选,RZ4,O-tert-butyl-L-serine,C7 H15 N O3,161.199,l-peptide linking,SER,极性／带电侧链,保留为条件候选；是否有价值取决于具体位点、保护策略和整环性质,以极性/带电特征为主，不宜默认用于提高被动渗透性,是,CC(C)(C)OC[C@@H](C(=O)O)N,https://www.rcsb.org/ligand/RZ4
条件候选,S0R,(2S)-2-benzamido-4-methyl-pentanoic acid,C13 H17 N O3,235.279,l-peptide linking,LEU,芳香／疏水侧链,保留为条件候选；是否有价值取决于具体位点、保护策略和整环性质,,是,CC(C)C[C@@H](C(=O)O)NC(=O)c1ccccc1,https://www.rcsb.org/ligand/S0R
明确排除,S12,O-[(S)-hydroxy{[(2S)-2-hydroxy-3-(octadec-9-enoyloxy)propyl]oxy}phosphoryl]-L-serine,C24 H46 N O9 P,523.597,l-peptide linking,SER,极性／带电侧链,分子量超过450 Da，优先视为复杂整分子而非通用残基,,否,CCCCCCCCC=CCCCCCCCC(=O)OC[C@@H](CO[P@@](=O)(O)OC[C@@H](C(=O)O)N)O,https://www.rcsb.org/ligand/S12
仅结构参考,S1H,1-HEXADECANOSULFONYL-O-L-SERINE,C19 H39 N O5 S,393.582,l-peptide linking,SER,极性／带电侧链,结构身份可保留，但复杂度、反应性或极性风险不适合进入默认研发库,分子量超过300 Da，单体复杂度和环肽总分子量负担较高；以极性/带电特征为主，不宜默认用于提高被动渗透性,是,CCCCCCCCCCCCCCCCS(=O)(=O)OC[C@@H](C(=O)O)N,https://www.rcsb.org/ligand/S1H
条件候选,S2C,S-2-(BORONOETHYL)-L-CYSTEINE,C5 H13 B N O5 S,210.036,l-peptide linking,CYS,极性／带电侧链,保留为条件候选；是否有价值取决于具体位点、保护策略和整环性质,以极性/带电特征为主，不宜默认用于提高被动渗透性,是,[B-](CCSC[C@@H](C(=O)O)N)(O)(O)O,https://www.rcsb.org/ligand/S2C
优先研发候选,S2D,N-BENZOYL-D-ALANINE,C10 H11 N O3,193.199,d-peptide linking,,D-构型,属于D-构型方向，可用于口服环肽的构象/稳定性/主链极性扫描,CCD未指定标准氨基酸母体，需确认它是独立残基而非氨基酸样片段,是,C[C@H](C(=O)O)NC(=O)c1ccccc1,https://www.rcsb.org/ligand/S2D
条件候选,S2P,"(2S)-2-amino-3-(4-hydroxy-1,2,5-thiadiazol-3-yl)propanoic acid",C5 H7 N3 O3 S,189.192,l-peptide linking,ALA,芳香／疏水侧链,保留为条件候选；是否有价值取决于具体位点、保护策略和整环性质,,是,C(c1c(nsn1)O)[C@@H](C(=O)O)N,https://www.rcsb.org/ligand/S2P
明确排除,SAC,N-ACETYL-SERINE,C5 H9 N O4,147.129,l-peptide linking,SER,极性／带电侧链,主链氨基被端基化，不能按普通内部残基直接偶联,,否,CC(=O)N[C@@H](CO)C(=O)O,https://www.rcsb.org/ligand/SAC
优先研发候选,SAR,SARCOSINE,C3 H7 N O2,89.093,peptide linking,GLY,N-取代,属于N-取代方向，可用于口服环肽的构象/稳定性/主链极性扫描；CCD给出标准母体残基，便于设计成对替换实验,CCD仅标为通用peptide linking，需确认真实主链连接几何,是,CNCC(=O)O,https://www.rcsb.org/ligand/SAR
仅结构参考,SBD,D-NAPHTHYL-1-ACETAMIDO BORONIC ACID ALANINE,C17 H22 B N2 O6,361.177,d-peptide linking,,D-构型,结构身份可保留，但复杂度、反应性或极性风险不适合进入默认研发库,分子量超过300 Da，单体复杂度和环肽总分子量负担较高；CCD未指定标准氨基酸母体，需确认它是独立残基而非氨基酸样片段,是,[B-]([C@@H](Cc1cccc2c1cccc2)NC(=O)C)(O)(O)OC[C@@H](C(=O)O)N,https://www.rcsb.org/ligand/SBD
仅结构参考,SBL,L-NAPHTHYL-1-ACETAMIDO BORONIC ACID ALANINE,C17 H22 B N2 O6,361.177,l-peptide linking,SER,芳香／疏水侧链,结构身份可保留，但复杂度、反应性或极性风险不适合进入默认研发库,分子量超过300 Da，单体复杂度和环肽总分子量负担较高,是,[B-]([C@H](Cc1cccc2c1cccc2)NC(=O)C)(O)(O)OC[C@@H](C(=O)O)N,https://www.rcsb.org/ligand/SBL
条件候选,SCH,S-METHYL-THIO-CYSTEINE,C4 H9 N O2 S2,167.25,l-peptide linking,CYS,其他CCD肽链核心,保留为条件候选；是否有价值取决于具体位点、保护策略和整环性质,,是,CSSC[C@@H](C(=O)O)N,https://www.rcsb.org/ligand/SCH
条件候选,SCS,3-(ethyldisulfanyl)-L-alanine,C5 H11 N O2 S2,181.276,l-peptide linking,CYS,其他CCD肽链核心,保留为条件候选；是否有价值取决于具体位点、保护策略和整环性质,,是,CCSSC[C@@H](C(=O)O)N,https://www.rcsb.org/ligand/SCS
条件候选,SCY,S-ACETYL-CYSTEINE,C5 H9 N O3 S,163.195,l-peptide linking,CYS,极性／带电侧链,保留为条件候选；是否有价值取决于具体位点、保护策略和整环性质,以极性/带电特征为主，不宜默认用于提高被动渗透性,是,CC(=O)SC[C@@H](C(=O)O)N,https://www.rcsb.org/ligand/SCY
明确排除,SD2,N-(SULFANYLACETYL)TYROSYLPROLYLMETHIONINAMIDE,C21 H30 N4 O5 S2,482.617,l-peptide linking,,极性／带电侧链,结构中未识别到可用于常规肽键形成的游离羧基；分子量超过450 Da，优先视为复杂整分子而非通用残基,,否,CSCC[C@@H](C(=O)N)NC(=O)[C@@H]1CCCN1C(=O)[C@H](Cc2ccc(cc2)O)NC(=O)CS,https://www.rcsb.org/ligand/SD2
条件候选,SD4,N-hydroxy-L-asparagine,C4 H8 N2 O4,148.117,l-peptide linking,ASN,极性／带电侧链,保留为条件候选；是否有价值取决于具体位点、保护策略和整环性质,以极性/带电特征为主，不宜默认用于提高被动渗透性,是,C([C@@H](C(=O)O)N)C(=O)NO,https://www.rcsb.org/ligand/SD4
仅结构参考,SDP,2-AMINO-3-(DIETHOXY-PHOSPHORYLOXY)-PROPIONIC ACID,C7 H16 N O6 P,241.179,l-peptide linking,SER,极性／带电侧链,结构身份可保留，但复杂度、反应性或极性风险不适合进入默认研发库,含磷酸/膦酸相关结构，通常不利于被动跨膜，除非有专门遮蔽设计；以极性/带电特征为主，不宜默认用于提高被动渗透性,是,CCOP(=O)(OCC)OC[C@@H](C(=O)O)N,https://www.rcsb.org/ligand/SDP
条件候选,SE7,2-AMINO-3-SELENINO-PROPIONIC ACID,C3 H7 N O4 Se,200.052,l-peptide linking,SEC,极性／带电侧链,保留为条件候选；是否有价值取决于具体位点、保护策略和整环性质,以极性/带电特征为主，不宜默认用于提高被动渗透性,是,C([C@@H](C(=O)O)N)[Se](=O)O,https://www.rcsb.org/ligand/SE7
条件候选,SEB,O-BENZYLSULFONYL-SERINE,C10 H13 N O5 S,259.279,l-peptide linking,SER,芳香／疏水侧链,保留为条件候选；是否有价值取决于具体位点、保护策略和整环性质,分子量超过250 Da，需关注偶联效率、溶解度和总环肽体积,是,c1ccc(cc1)CS(=O)(=O)OC[C@@H](C(=O)O)N,https://www.rcsb.org/ligand/SEB
条件候选,SEE,trihydroxy(L-serinato-kappaO~3~)borate(1-),C3 H9 B N O6,165.918,l-peptide linking,SER,极性／带电侧链,保留为条件候选；是否有价值取决于具体位点、保护策略和整环性质,以极性/带电特征为主，不宜默认用于提高被动渗透性,是,[B-](O)(O)(O)OC[C@@H](C(=O)O)N,https://www.rcsb.org/ligand/SEE
明确排除,SEL,"2-AMINO-1,3-PROPANEDIOL",C3 H9 N O2,91.109,l-peptide linking,SER,其他CCD肽链核心,结构中未识别到可用于常规肽键形成的游离羧基,,否,C(C(CO)N)O,https://www.rcsb.org/ligand/SEL
条件候选,SEM,O-benzyl-L-serine,C10 H13 N O3,195.215,l-peptide linking,SER,芳香／疏水侧链,保留为条件候选；是否有价值取决于具体位点、保护策略和整环性质,,是,c1ccc(cc1)COC[C@@H](C(=O)O)N,https://www.rcsb.org/ligand/SEM
仅结构参考,SEN,"O-[N,N-dimethylphosphoramidate]-L-serine",C5 H13 N2 O5 P,212.141,l-peptide linking,SER,极性／带电侧链,结构身份可保留，但复杂度、反应性或极性风险不适合进入默认研发库,含磷酸/膦酸相关结构，通常不利于被动跨膜，除非有专门遮蔽设计；以极性/带电特征为主，不宜默认用于提高被动渗透性,是,CN(C)[P@](=O)(O)OC[C@@H](C(=O)O)N,https://www.rcsb.org/ligand/SEN
仅结构参考,SEP,PHOSPHOSERINE,C3 H8 N O6 P,185.072,l-peptide linking,SER,极性／带电侧链,结构身份可保留，但复杂度、反应性或极性风险不适合进入默认研发库,含磷酸/膦酸相关结构，通常不利于被动跨膜，除非有专门遮蔽设计；以极性/带电特征为主，不宜默认用于提高被动渗透性,是,C([C@@H](C(=O)O)N)OP(=O)(O)O,https://www.rcsb.org/ligand/SEP
明确排除,SET,AMINOSERINE,C3 H8 N2 O2,104.108,l-peptide linking,SER,极性／带电侧链,结构中未识别到可用于常规肽键形成的游离羧基,,否,C([C@@H](C(=O)N)N)O,https://www.rcsb.org/ligand/SET
条件候选,SFE,(3S)-3-amino-3-phenylpropanoic acid,C9 H11 N O2,165.189,peptide linking,,芳香／疏水侧链,保留为条件候选；是否有价值取决于具体位点、保护策略和整环性质,CCD仅标为通用peptide linking，需确认真实主链连接几何；CCD未指定标准氨基酸母体，需确认它是独立残基而非氨基酸样片段,是,c1ccc(cc1)C(CC(=O)O)N,https://www.rcsb.org/ligand/SFE
仅结构参考,SGB,O-[(S)-METHYL(1-METHYLETHOXY)PHOSPHORYL]-L-SERINE,C7 H16 N O5 P,225.179,l-peptide linking,SER,极性／带电侧链,结构身份可保留，但复杂度、反应性或极性风险不适合进入默认研发库,含磷酸/膦酸相关结构，通常不利于被动跨膜，除非有专门遮蔽设计；以极性/带电特征为主，不宜默认用于提高被动渗透性,是,CC(C)O[P@](=O)(C)OC[C@@H](C(=O)O)N,https://www.rcsb.org/ligand/SGB
条件候选,SHC,S-HEXYLCYSTEINE,C9 H19 N O2 S,205.318,l-peptide linking,CYS,其他CCD肽链核心,保留为条件候选；是否有价值取决于具体位点、保护策略和整环性质,,是,CCCCCCSC[C@@H](C(=O)O)N,https://www.rcsb.org/ligand/SHC
明确排除,SHP,(4-HYDROXYMALTOSEPHENYL)GLYCINE,C20 H29 N O13,491.443,l-peptide linking,GLY,芳香／疏水侧链,分子量超过450 Da，优先视为复杂整分子而非通用残基,,否,c1cc(ccc1[C@@H](C(=O)O)N)O[C@@H]2[C@H]([C@H]([C@@H]([C@H](O2)CO)O)O)O[C@@H]3[C@H]([C@H]([C@@H]([C@H](O3)CO)O)O)O,https://www.rcsb.org/ligand/SHP
条件候选,SHR,N-(5-AMINO-5-CARBOXYPENTYL)GLUTAMIC ACID,C11 H20 N2 O6,276.286,l-peptide linking,LYS,极性／带电侧链,保留为条件候选；是否有价值取决于具体位点、保护策略和整环性质,分子量超过250 Da，需关注偶联效率、溶解度和总环肽体积；以极性/带电特征为主，不宜默认用于提高被动渗透性,是,C(CCN[C@@H](CCC(=O)O)C(=O)O)C[C@@H](C(=O)O)N,https://www.rcsb.org/ligand/SHR
仅结构参考,SIB,"(2S)-2-AMINO-4-({[(2S,3S,4R,5R)-3,4-DIHYDROXY-5-(6-OXO-1,6-DIHYDRO-9H-PURIN-9-YL)TETRAHYDROFURAN-2-YL]METHYL}THIO)BUTANOIC ACID",C14 H19 N5 O6 S,385.396,l-peptide linking,CYS,芳香／疏水侧链,结构身份可保留，但复杂度、反应性或极性风险不适合进入默认研发库,分子量超过300 Da，单体复杂度和环肽总分子量负担较高,是,c1nc2c(n1[C@H]3[C@@H]([C@@H]([C@H](O3)CSCC[C@@H](C(=O)O)N)O)O)N=CNC2=O,https://www.rcsb.org/ligand/SIB
条件候选,SIC,"(2R)-2-[(3S)-3-amino-2,5-dioxopyrrolidin-1-yl]-3-sulfanylpropanoic acid",C7 H10 N2 O4 S,218.23,l-peptide linking,ASP / CYS,极性／带电侧链,保留为条件候选；是否有价值取决于具体位点、保护策略和整环性质,以极性/带电特征为主，不宜默认用于提高被动渗透性,是,C1[C@@H](C(=O)N(C1=O)[C@@H](CS)C(=O)O)N,https://www.rcsb.org/ligand/SIC
条件候选,SKG, 4-methylisoleucine,C7 H15 N O2,145.199,l-peptide linking,,其他CCD肽链核心,保留为条件候选；是否有价值取决于具体位点、保护策略和整环性质,CCD未指定标准氨基酸母体，需确认它是独立残基而非氨基酸样片段,是,C[C@H]([C@@H](C(=O)O)N)C(C)C,https://www.rcsb.org/ligand/SKG
条件候选,SKH,(3~{S})-5-[[(5~{S})-5-azanyl-6-oxidanyl-6-oxidanylidene-hexyl]amino]-3-methyl-3-oxidanyl-5-oxidanylidene-pentanoic acid,C12 H22 N2 O6,290.313,l-peptide linking,LYS,极性／带电侧链,保留为条件候选；是否有价值取决于具体位点、保护策略和整环性质,分子量超过250 Da，需关注偶联效率、溶解度和总环肽体积；以极性/带电特征为主，不宜默认用于提高被动渗透性,是,C[C@](CC(=O)NCCCC[C@@H](C(=O)O)N)(CC(=O)O)O,https://www.rcsb.org/ligand/SKH
条件候选,SKJ,beta-methylnorleucine,C7 H15 N O2,145.199,l-peptide linking,,其他CCD肽链核心,保留为条件候选；是否有价值取决于具体位点、保护策略和整环性质,CCD未指定标准氨基酸母体，需确认它是独立残基而非氨基酸样片段,是,CCC[C@@H](C)[C@@H](C(=O)O)N,https://www.rcsb.org/ligand/SKJ
条件候选,SLL,(2S)-2-azanyl-6-[(4-hydroxy-4-oxo-butanoyl)amino]hexanoic acid,C10 H18 N2 O5,246.26,l-peptide linking,LYS,极性／带电侧链,保留为条件候选；是否有价值取决于具体位点、保护策略和整环性质,以极性/带电特征为主，不宜默认用于提高被动渗透性,是,C(CCNC(=O)CCC(=O)O)C[C@@H](C(=O)O)N,https://www.rcsb.org/ligand/SLL
条件候选,SLR,"(3R,4R)-3-hydroxy-2-[(1S)-1-hydroxy-2-methylpropyl]-4-methyl-5-oxo-D-proline",C10 H17 N O5,231.246,d-peptide linking,,D-构型,保留为条件候选；是否有价值取决于具体位点、保护策略和整环性质,CCD未指定标准氨基酸母体，需确认它是独立残基而非氨基酸样片段,是,C[C@@H]1[C@H]([C@](NC1=O)([C@H](C(C)C)O)C(=O)O)O,https://www.rcsb.org/ligand/SLR
条件候选,SLZ,L-THIALYSINE,C5 H12 N2 O2 S,164.226,l-peptide linking,LYS,极性／带电侧链,保留为条件候选；是否有价值取决于具体位点、保护策略和整环性质,以极性/带电特征为主，不宜默认用于提高被动渗透性,是,C(CSC[C@@H](C(=O)O)N)N,https://www.rcsb.org/ligand/SLZ
条件候选,SMC,S-METHYLCYSTEINE,C4 H9 N O2 S,135.185,l-peptide linking,CYS,其他CCD肽链核心,保留为条件候选；是否有价值取决于具体位点、保护策略和整环性质,,是,CSC[C@@H](C(=O)O)N,https://www.rcsb.org/ligand/SMC
条件候选,SME,METHIONINE SULFOXIDE,C5 H11 N O3 S,165.211,l-peptide linking,MET,极性／带电侧链,保留为条件候选；是否有价值取决于具体位点、保护策略和整环性质,以极性/带电特征为主，不宜默认用于提高被动渗透性,是,C[S@@](=O)CC[C@@H](C(=O)O)N,https://www.rcsb.org/ligand/SME
条件候选,SMF,4-SULFOMETHYL-L-PHENYLALANINE,C10 H13 N O5 S,259.279,l-peptide linking,PHE,芳香／疏水侧链,保留为条件候选；是否有价值取决于具体位点、保护策略和整环性质,分子量超过250 Da，需关注偶联效率、溶解度和总环肽体积,是,c1cc(ccc1C[C@@H](C(=O)O)N)CS(=O)(=O)O,https://www.rcsb.org/ligand/SMF
条件候选,SNC,S-NITROSO-CYSTEINE,C3 H6 N2 O3 S,150.156,l-peptide linking,CYS,极性／带电侧链,保留为条件候选；是否有价值取决于具体位点、保护策略和整环性质,以极性/带电特征为主，不宜默认用于提高被动渗透性,是,C([C@@H](C(=O)O)N)SN=O,https://www.rcsb.org/ligand/SNC
条件候选,SNK,(2~{R})-2-azanyl-3-(4-ethanoylsulfanyl-1~{H}-imidazol-5-yl)propanoic acid,C8 H11 N3 O3 S,229.256,l-peptide linking,HIS,芳香／疏水侧链,保留为条件候选；是否有价值取决于具体位点、保护策略和整环性质,,是,CC(=O)Sc1c([nH]cn1)C[C@H](C(=O)O)N,https://www.rcsb.org/ligand/SNK
明确排除,SNN,L-3-AMINOSUCCINIMIDE,C4 H6 N2 O2,114.103,l-peptide linking,ASN,极性／带电侧链,结构中未识别到可用于常规肽键形成的游离羧基,,否,C1[C@@H](C(=O)NC1=O)N,https://www.rcsb.org/ligand/SNN
条件候选,SRZ,PROPOXY-L-SERINE,C6 H13 N O4,163.172,l-peptide linking,SER,极性／带电侧链,保留为条件候选；是否有价值取决于具体位点、保护策略和整环性质,以极性/带电特征为主，不宜默认用于提高被动渗透性,是,C(CO)COC[C@@H](C(=O)O)N,https://www.rcsb.org/ligand/SRZ
明确排除,SUB,3-PHENYL-2-{[4-(TOLUENE-4-SULFONYL)-THIOMORPHOLINE-3-CARBONYL]-AMINO}-PROPIONIC ACID ETHYL ESTER,C23 H28 N2 O5 S2,476.609,l-peptide linking,,芳香／疏水侧链,结构中未识别到可用于常规肽键形成的游离羧基；分子量超过450 Da，优先视为复杂整分子而非通用残基,,否,CCOC(=O)C(Cc1ccccc1)NC(=O)[C@@H]2CSCC[N@]2S(=O)(=O)c3ccc(cc3)C,https://www.rcsb.org/ligand/SUB
条件候选,SUI,"(3-AMINO-2,5-DIOXO-1-PYRROLIDINYL)ACETIC ACID",C6 H8 N2 O4,172.139,l-peptide linking,ASP / GLY,极性／带电侧链,保留为条件候选；是否有价值取决于具体位点、保护策略和整环性质,以极性/带电特征为主，不宜默认用于提高被动渗透性,是,C1[C@@H](C(=O)N(C1=O)CC(=O)O)N,https://www.rcsb.org/ligand/SUI
仅结构参考,SUN,O-[(R)-(DIMETHYLAMINO)(ETHOXY)PHOSPHORYL]-L-SERINE,C7 H17 N2 O5 P,240.194,l-peptide linking,SER,极性／带电侧链,结构身份可保留，但复杂度、反应性或极性风险不适合进入默认研发库,含磷酸/膦酸相关结构，通常不利于被动跨膜，除非有专门遮蔽设计；以极性/带电特征为主，不宜默认用于提高被动渗透性,是,CCO[P@](=O)(N(C)C)OC[C@@H](C(=O)O)N,https://www.rcsb.org/ligand/SUN
明确排除,SVA,SERINE VANADATE,C3 H6 N O7 V,219.024,l-peptide linking,SER,极性／带电侧链,含金属元素，不是常规氨基酸合成单体,,否,C([C@@H](C(=O)O)N)O[V]([O-])([O-])([O-])[O-],https://www.rcsb.org/ligand/SVA
仅结构参考,SVV,O-[(S)-AMINO(HYDROXY)PHOSPHORYL]-L-SERINE,C3 H9 N2 O5 P,184.088,l-peptide linking,SER,极性／带电侧链,结构身份可保留，但复杂度、反应性或极性风险不适合进入默认研发库,含磷酸/膦酸相关结构，通常不利于被动跨膜，除非有专门遮蔽设计；以极性/带电特征为主，不宜默认用于提高被动渗透性,是,C([C@@H](C(=O)O)N)O[P@](=O)(N)O,https://www.rcsb.org/ligand/SVV
仅结构参考,SVW,O-[(R)-AMINO(HYDROXY)PHOSPHORYL]-L-SERINE,C3 H9 N2 O5 P,184.088,l-peptide linking,SER,极性／带电侧链,结构身份可保留，但复杂度、反应性或极性风险不适合进入默认研发库,含磷酸/膦酸相关结构，通常不利于被动跨膜，除非有专门遮蔽设计；以极性/带电特征为主，不宜默认用于提高被动渗透性,是,C([C@@H](C(=O)O)N)O[P@@](=O)(N)O,https://www.rcsb.org/ligand/SVW
仅结构参考,SVX,O-[(R)-ETHOXY(METHYL)PHOSPHORYL]-L-SERINE,C6 H14 N O5 P,211.153,l-peptide linking,SER,极性／带电侧链,结构身份可保留，但复杂度、反应性或极性风险不适合进入默认研发库,含磷酸/膦酸相关结构，通常不利于被动跨膜，除非有专门遮蔽设计；以极性/带电特征为主，不宜默认用于提高被动渗透性,是,CCO[P@](=O)(C)OC[C@@H](C(=O)O)N,https://www.rcsb.org/ligand/SVX
仅结构参考,SVY,O-[BIS(1-METHYLETHOXY)PHOSPHORYL]-L-SERINE,C9 H20 N O6 P,269.232,l-peptide linking,SER,极性／带电侧链,结构身份可保留，但复杂度、反应性或极性风险不适合进入默认研发库,分子量超过250 Da，需关注偶联效率、溶解度和总环肽体积；含磷酸/膦酸相关结构，通常不利于被动跨膜，除非有专门遮蔽设计；以极性/带电特征为主，不宜默认用于提高被动渗透性,是,CC(C)OP(=O)(OC[C@@H](C(=O)O)N)OC(C)C,https://www.rcsb.org/ligand/SVY
仅结构参考,SVZ,O-[(S)-HYDROXY(ISOPROPYLAMINO)PHOSPHORYL]-L-SERINE,C6 H15 N2 O5 P,226.167,l-peptide linking,SER,极性／带电侧链,结构身份可保留，但复杂度、反应性或极性风险不适合进入默认研发库,含磷酸/膦酸相关结构，通常不利于被动跨膜，除非有专门遮蔽设计；以极性/带电特征为主，不宜默认用于提高被动渗透性,是,CC(C)N[P@@](=O)(O)OC[C@@H](C(=O)O)N,https://www.rcsb.org/ligand/SVZ
仅结构参考,SWG,2-[(4Z)-2-[(1R)-1-amino-2-hydroxy-ethyl]-4-(1H-indol-3-ylmethylidene)-5-oxo-imidazol-1-yl]ethanoic acid,C16 H16 N4 O4,328.323,l-peptide linking,GLY / SER / TRP,芳香／疏水侧链,结构身份可保留，但复杂度、反应性或极性风险不适合进入默认研发库,分子量超过300 Da，单体复杂度和环肽总分子量负担较高,是,c1ccc2c(c1)c(c[nH]2)\\C=C/3\\C(=O)N(C(=N3)[C@H](CO)N)CC(=O)O,https://www.rcsb.org/ligand/SWG
条件候选,SWW,(2~{S})-2-azanyl-3-(2-hydroxyethylsulfanyl)propanoic acid,C5 H11 N O3 S,165.211,l-peptide linking,SER,极性／带电侧链,保留为条件候选；是否有价值取决于具体位点、保护策略和整环性质,以极性/带电特征为主，不宜默认用于提高被动渗透性,是,C(CSC[C@H](C(=O)O)N)O,https://www.rcsb.org/ligand/SWW
仅结构参考,SXE,O-{(S)-ETHOXY[(1-METHYLETHYL)AMINO]PHOSPHORYL}-L-SERINE,C8 H19 N2 O5 P,254.221,l-peptide linking,SER,极性／带电侧链,结构身份可保留，但复杂度、反应性或极性风险不适合进入默认研发库,分子量超过250 Da，需关注偶联效率、溶解度和总环肽体积；含磷酸/膦酸相关结构，通常不利于被动跨膜，除非有专门遮蔽设计；以极性/带电特征为主，不宜默认用于提高被动渗透性,是,CCO[P@@](=O)(NC(C)C)OC[C@@H](C(=O)O)N,https://www.rcsb.org/ligand/SXE
条件候选,SYS,3-[(2-amino-2-oxoethyl)selanyl]-L-alanine,C5 H10 N2 O3 Se,225.104,l-peptide linking,SEC,极性／带电侧链,保留为条件候选；是否有价值取决于具体位点、保护策略和整环性质,以极性/带电特征为主，不宜默认用于提高被动渗透性,是,C([C@@H](C(=O)O)N)[Se]CC(=O)N,https://www.rcsb.org/ligand/SYS
优先研发候选,SZF,1-methoxy-N-methyl-L-tryptophan,C13 H16 N2 O3,248.278,l-peptide linking,,N-取代,属于N-取代方向，可用于口服环肽的构象/稳定性/主链极性扫描,CCD未指定标准氨基酸母体，需确认它是独立残基而非氨基酸样片段,是,CN[C@@H](Cc1cn(c2c1cccc2)OC)C(=O)O,https://www.rcsb.org/ligand/SZF
条件候选,T09,"(2S,4R)-2-amino-4-methyloctanoic acid",C9 H19 N O2,173.253,l-peptide linking,,其他CCD肽链核心,保留为条件候选；是否有价值取决于具体位点、保护策略和整环性质,CCD未指定标准氨基酸母体，需确认它是独立残基而非氨基酸样片段,是,CCCC[C@@H](C)C[C@@H](C(=O)O)N,https://www.rcsb.org/ligand/T09
条件候选,T0I,"(2S)-2-amino-3-(2,4-dihydroxy-5-imidazol-1-yl-phenyl)propanoic acid",C12 H13 N3 O4,263.249,l-peptide linking,TYR,芳香／疏水侧链,保留为条件候选；是否有价值取决于具体位点、保护策略和整环性质,分子量超过250 Da，需关注偶联效率、溶解度和总环肽体积,是,c1cn(cn1)c2cc(c(cc2O)O)C[C@@H](C(=O)O)N,https://www.rcsb.org/ligand/T0I
条件候选,T11,4-[3-(TRIFLUOROMETHYL)DIAZIRIDIN-3-YL]-L-PHENYLALANINE,C11 H12 F3 N3 O2,275.227,l-peptide linking,PHE,卤代／电子调节,保留为条件候选；是否有价值取决于具体位点、保护策略和整环性质,分子量超过250 Da，需关注偶联效率、溶解度和总环肽体积,是,c1cc(ccc1C[C@@H](C(=O)O)N)C2(NN2)C(F)(F)F,https://www.rcsb.org/ligand/T11
条件候选,T2C,"(2S)-1,3-thiazolidine-2-carboxylic acid",C4 H7 N O2 S,133.169,l-peptide linking,,其他CCD肽链核心,保留为条件候选；是否有价值取决于具体位点、保护策略和整环性质,CCD未指定标准氨基酸母体，需确认它是独立残基而非氨基酸样片段,是,C1CS[C@H](N1)C(=O)O,https://www.rcsb.org/ligand/T2C
条件候选,T3R,"N,5-dimethyl-L-norleucine",C8 H17 N O2,159.226,l-peptide linking,LEU,其他CCD肽链核心,保留为条件候选；是否有价值取决于具体位点、保护策略和整环性质,,是,CC(C)CC[C@@H](C(=O)O)NC,https://www.rcsb.org/ligand/T3R
仅结构参考,T66,2-AMINOETHYLLYSINE-CARBONYLMETHYLENE-THYMINE,C15 H25 N5 O5,355.39,l-peptide linking,,极性／带电侧链,结构身份可保留，但复杂度、反应性或极性风险不适合进入默认研发库,分子量超过300 Da，单体复杂度和环肽总分子量负担较高；CCD未指定标准氨基酸母体，需确认它是独立残基而非氨基酸样片段；以极性/带电特征为主，不宜默认用于提高被动渗透性,是,CC1=CN(C(=O)NC1=O)CC(=O)N(CCN)[C@H](CCCCN)C(=O)O,https://www.rcsb.org/ligand/T66
明确排除,T79,(2S)-2-azanylhex-4-ynoic acid,C6 H9 N O2,127.141,l-peptide linking,,其他CCD肽链核心,名称提示核苷酸、辅因子、脂质、完整肽或整分子缀合物,,否,CC#CC[C@@H](C(=O)O)N,https://www.rcsb.org/ligand/T79
条件候选,T7Q,(2~{S})-2-azanyl-3-(9-oxidanylidene-10~{H}-acridin-2-yl)propanoic acid,C16 H15 N2 O3,283.302,peptide linking,,芳香／疏水侧链,保留为条件候选；是否有价值取决于具体位点、保护策略和整环性质,分子量超过250 Da，需关注偶联效率、溶解度和总环肽体积；CCD仅标为通用peptide linking，需确认真实主链连接几何；CCD未指定标准氨基酸母体，需确认它是独立残基而非氨基酸样片段,是,c1ccc2c(c1)C(=O)c3cc(ccc3N2)C[C@@H](C(=O)O)[NH3+],https://www.rcsb.org/ligand/T7Q
仅结构参考,T8L,Thio-phosohothreonine,C4 H10 N O5 P S,215.165,l-peptide linking,THR,极性／带电侧链,结构身份可保留，但复杂度、反应性或极性风险不适合进入默认研发库,含磷酸/膦酸相关结构，通常不利于被动跨膜，除非有专门遮蔽设计；以极性/带电特征为主，不宜默认用于提高被动渗透性,是,C[C@H]([C@@H](C(=O)O)N)OP(=O)(O)S,https://www.rcsb.org/ligand/T8L
条件候选,T9E,Selenothreonine,C4 H9 N O2 Se,182.08,l-peptide linking,THR,其他CCD肽链核心,保留为条件候选；是否有价值取决于具体位点、保护策略和整环性质,,是,C[C@H]([C@@H](C(=O)O)N)[SeH],https://www.rcsb.org/ligand/T9E
条件候选,TA4,"(S)-2-[4-(AMINOMETHYL)-1H-1,2,3-TRIAZOL-1-YL]-4-METHYLPENTANOIC ACID",C9 H16 N4 O2,212.249,l-peptide linking,,极性／带电侧链,保留为条件候选；是否有价值取决于具体位点、保护策略和整环性质,CCD未指定标准氨基酸母体，需确认它是独立残基而非氨基酸样片段；以极性/带电特征为主，不宜默认用于提高被动渗透性,是,CC(C)C[C@@H](C(=O)O)n1cc(nn1)CN,https://www.rcsb.org/ligand/TA4
明确排除,TAV,N-METHYL-N-{2-[(2-NAPHTHYLSULFONYL)AMINO]-5-[(2-NAPHTHYLSULFONYL)OXY]BENZOYL}-L-ASPARTIC ACID,C32 H26 N2 O10 S2,662.686,l-peptide linking,ASP,N-取代,分子量超过450 Da，优先视为复杂整分子而非通用残基,,否,CN([C@@H](CC(=O)O)C(=O)O)C(=O)c1cc(ccc1NS(=O)(=O)c2ccc3ccccc3c2)OS(=O)(=O)c4ccc5ccccc5c4,https://www.rcsb.org/ligand/TAV
条件候选,TBG,3-methyl-L-valine,C6 H13 N O2,131.173,l-peptide linking,VAL,其他CCD肽链核心,保留为条件候选；是否有价值取决于具体位点、保护策略和整环性质,,是,CC(C)(C)[C@@H](C(=O)O)N,https://www.rcsb.org/ligand/TBG
仅结构参考,TCQ,"(1S,2R)-N-{(1E)-5-[(2S)-2-amino-2-carboxyethyl]-2-hydroxy-4-oxocyclohexa-2,5-dien-1-ylidene}-2-phenylcyclopropanaminium",C18 H19 N2 O4,327.354,l-peptide linking,TYR,构象限制,结构身份可保留，但复杂度、反应性或极性风险不适合进入默认研发库,分子量超过300 Da，单体复杂度和环肽总分子量负担较高,是,c1ccc(cc1)[C@H]2C[C@@H]2/[NH+]=C/3\C=C(C(=O)C=C3O)C[C@@H](C(=O)O)N,https://www.rcsb.org/ligand/TCQ
优先研发候选,TCR,CYCLOMETHYLTRYPTOPHAN,C12 H12 N2 O2,216.236,l-peptide linking,TRP,构象限制,属于构象限制方向，可用于口服环肽的构象/稳定性/主链极性扫描；CCD给出标准母体残基，便于设计成对替换实验,,是,c1ccc2c(c1)c3c([nH]2)CN[C@@H](C3)C(=O)O,https://www.rcsb.org/ligand/TCR
优先研发候选,TDD,"(2R)-2-amino-3,3-dimethyl-butanoic acid",C6 H13 N O2,131.173,d-peptide linking,,D-构型,属于D-构型方向，可用于口服环肽的构象/稳定性/主链极性扫描,CCD未指定标准氨基酸母体，需确认它是独立残基而非氨基酸样片段,是,CC(C)(C)[C@H](C(=O)O)N,https://www.rcsb.org/ligand/TDD
优先研发候选,TDF,4-(trifluoromethyl)-D-phenylalanine,C10 H10 F3 N O2,233.187,d-peptide linking,,D-构型,属于D-构型方向，可用于口服环肽的构象/稳定性/主链极性扫描,CCD未指定标准氨基酸母体，需确认它是独立残基而非氨基酸样片段,是,c1cc(ccc1C[C@H](C(=O)O)N)C(F)(F)F,https://www.rcsb.org/ligand/TDF
条件候选,TEF,4-(2H-tetrazol-2-yl)-L-phenylalanine,C10 H11 N5 O2,233.227,l-peptide linking,PHE,芳香／疏水侧链,保留为条件候选；是否有价值取决于具体位点、保护策略和整环性质,,是,c1cc(ccc1C[C@@H](C(=O)O)N)n2ncnn2,https://www.rcsb.org/ligand/TEF
条件候选,TFQ,"4-(2,2,2-TRIFLUOROETHYL)-L-PHENYLALANINE",C11 H12 F3 N O2,247.214,l-peptide linking,PHE,卤代／电子调节,保留为条件候选；是否有价值取决于具体位点、保护策略和整环性质,,是,c1cc(ccc1C[C@@H](C(=O)O)N)CC(F)(F)F,https://www.rcsb.org/ligand/TFQ
仅结构参考,TFR,"(2R)-2-amino-7-oxo-7-{[(2R,3S)-4,4,4-trifluoro-3-hydroxybutan-2-yl]amino}heptanoic acid",C11 H19 F3 N2 O4,300.275,d-peptide linking,,D-构型,结构身份可保留，但复杂度、反应性或极性风险不适合进入默认研发库,分子量超过300 Da，单体复杂度和环肽总分子量负担较高；CCD未指定标准氨基酸母体，需确认它是独立残基而非氨基酸样片段,是,C[C@H]([C@@H](C(F)(F)F)O)NC(=O)CCCC[C@H](C(=O)O)N,https://www.rcsb.org/ligand/TFR
仅结构参考,TGH,6-{[(S)-carboxy(hydroxy)methyl]amino}-7-hydroxy-L-tryptophan,C13 H15 N3 O6,309.275,l-peptide linking,TRP,芳香／疏水侧链,结构身份可保留，但复杂度、反应性或极性风险不适合进入默认研发库,分子量超过300 Da，单体复杂度和环肽总分子量负担较高,是,c1cc(c(c2c1c(c[nH]2)C[C@@H](C(=O)O)N)O)N[C@H](C(=O)O)O,https://www.rcsb.org/ligand/TGH
条件候选,TH5,O-acetyl-L-threonine,C6 H11 N O4,161.156,l-peptide linking,THR,极性／带电侧链,保留为条件候选；是否有价值取决于具体位点、保护策略和整环性质,以极性/带电特征为主，不宜默认用于提高被动渗透性,是,C[C@H]([C@@H](C(=O)O)N)OC(=O)C,https://www.rcsb.org/ligand/TH5
条件候选,TH6,4-HYDROXY-L-THREONINE,C4 H9 N O4,135.119,l-peptide linking,THR,极性／带电侧链,保留为条件候选；是否有价值取决于具体位点、保护策略和整环性质,以极性/带电特征为主，不宜默认用于提高被动渗透性,是,C([C@H]([C@@H](C(=O)O)N)O)O,https://www.rcsb.org/ligand/TH6
优先研发候选,THC,N-METHYLCARBONYLTHREONINE,C6 H11 N O4,161.156,l-peptide linking,THR,N-取代,属于N-取代方向，可用于口服环肽的构象/稳定性/主链极性扫描；CCD给出标准母体残基，便于设计成对替换实验,,是,C[C@H]([C@@H](C(=O)O)NC(=O)C)O,https://www.rcsb.org/ligand/THC
明确排除,THO,REDUCED THREONINE,C4 H11 N O2,105.136,l-peptide linking,,其他CCD肽链核心,结构中未识别到可用于常规肽键形成的游离羧基,,否,C[C@H]([C@@H](CO)N)O,https://www.rcsb.org/ligand/THO
明确排除,THZ,"1-[(4S)-4-amino-5-(1,3-benzothiazol-2-yl)-5-oxopentyl]guanidine",C13 H17 N5 O S,291.372,l-peptide linking,ARG,芳香／疏水侧链,结构中未识别到可用于常规肽键形成的游离羧基,,否,[H]/N=C(/N)\NCCC[C@@H](C(=O)c1nc2ccccc2s1)N,https://www.rcsb.org/ligand/THZ
条件候选,TIH,BETA(2-THIENYL)ALANINE,C7 H9 N O2 S,171.217,l-peptide linking,ALA,芳香／疏水侧链,保留为条件候选；是否有价值取决于具体位点、保护策略和整环性质,,是,c1cc(sc1)C[C@@H](C(=O)O)N,https://www.rcsb.org/ligand/TIH
条件候选,TIS,"O-(1,1-dihydroxyethyl)-L-serine",C5 H11 N O5,165.145,l-peptide linking,SER,极性／带电侧链,保留为条件候选；是否有价值取决于具体位点、保护策略和整环性质,以极性/带电特征为主，不宜默认用于提高被动渗透性,是,CC(O)(O)OC[C@@H](C(=O)O)N,https://www.rcsb.org/ligand/TIS
明确排除,TJI,ethyl 3-bromanyl-2-methyl-propanoate,C6 H11 Br O2,195.054,peptide linking,,卤代／电子调节,结构中未识别到可用于常规肽键形成的游离羧基,,否,CCOC(=O)C(C)CBr,https://www.rcsb.org/ligand/TJI
条件候选,TLY,(2S)-2-azanyl-6-(ethanethioylamino)hexanoic acid,C8 H16 N2 O2 S,204.29,l-peptide linking,LYS,极性／带电侧链,保留为条件候选；是否有价值取决于具体位点、保护策略和整环性质,以极性/带电特征为主，不宜默认用于提高被动渗透性,是,CC(=S)NCCCC[C@@H](C(=O)O)N,https://www.rcsb.org/ligand/TLY
条件候选,TMD,"(6,7-DIHYDRO)4-[(E)-BUTENYL]-4,N-DIMETHYL-THREONINE",C10 H21 N O3,203.279,l-peptide linking,THR,极性／带电侧链,保留为条件候选；是否有价值取决于具体位点、保护策略和整环性质,以极性/带电特征为主，不宜默认用于提高被动渗透性,是,CCCC[C@@H](C)[C@H]([C@@H](C(=O)O)NC)O,https://www.rcsb.org/ligand/TMD
仅结构参考,TNB,"S-(2,3,6-TRINITROPHENYL)CYSTEINE",C9 H8 N4 O8 S,332.247,l-peptide linking,CYS,芳香／疏水侧链,结构身份可保留，但复杂度、反应性或极性风险不适合进入默认研发库,分子量超过300 Da，单体复杂度和环肽总分子量负担较高；杂原子较多，可能增加暴露极性和去溶剂化代价,是,c1c(cc(c(c1[N+](=O)[O-])SC[C@@H](C(=O)O)N)[N+](=O)[O-])[N+](=O)[O-],https://www.rcsb.org/ligand/TNB
条件候选,TNQ,6-[(carboxymethyl)amino]-7-hydroxy-L-tryptophan,C13 H15 N3 O5,293.275,l-peptide linking,TRP,芳香／疏水侧链,保留为条件候选；是否有价值取决于具体位点、保护策略和整环性质,分子量超过250 Da，需关注偶联效率、溶解度和总环肽体积,是,c1cc(c(c2c1c(c[nH]2)C[C@@H](C(=O)O)N)O)NCC(=O)O,https://www.rcsb.org/ligand/TNQ
条件候选,TOQ,"6,7-dihydroxy-L-tryptophan",C11 H12 N2 O4,236.224,l-peptide linking,TRP,芳香／疏水侧链,保留为条件候选；是否有价值取决于具体位点、保护策略和整环性质,,是,c1cc(c(c2c1c(c[nH]2)C[C@@H](C(=O)O)N)O)O,https://www.rcsb.org/ligand/TOQ
条件候选,TOX,1-hydroperoxy-L-tryptophan,C11 H12 N2 O4,236.224,l-peptide linking,TRP,芳香／疏水侧链,保留为条件候选；是否有价值取决于具体位点、保护策略和整环性质,,是,c1ccc2c(c1)c(cn2OO)C[C@@H](C(=O)O)N,https://www.rcsb.org/ligand/TOX
条件候选,TOZ,"2-[2-(aminomethyl)-1,3-thiazol-4-yl]-1,3-oxazole-4-carboxylic acid",C8 H7 N3 O3 S,225.224,peptide linking,CYS / GLY / SER,芳香／疏水侧链,保留为条件候选；是否有价值取决于具体位点、保护策略和整环性质,CCD仅标为通用peptide linking，需确认真实主链连接几何,是,c1c(nc(o1)c2csc(n2)CN)C(=O)O,https://www.rcsb.org/ligand/TOZ
优先研发候选,TPJ,(5R)-5-tert-butyl-L-proline,C9 H17 N O2,171.237,l-peptide linking,PRO,构象限制,属于构象限制方向，可用于口服环肽的构象/稳定性/主链极性扫描；CCD给出标准母体残基，便于设计成对替换实验,,是,CC(C)(C)[C@H]1CC[C@H](N1)C(=O)O,https://www.rcsb.org/ligand/TPJ
明确排除,TPK,"(1R)-1-[(2S)-pyrrolidin-2-yl]ethane-1,2-diol",C6 H13 N O2,131.173,l-peptide linking,PRO,其他CCD肽链核心,结构中未识别到可用于常规肽键形成的游离羧基,,否,C1C[C@H](NC1)[C@H](CO)O,https://www.rcsb.org/ligand/TPK
明确排除,TPL,TRYPTOPHANOL,C11 H14 N2 O,190.242,l-peptide linking,TRP,芳香／疏水侧链,结构中未识别到可用于常规肽键形成的游离羧基,,否,c1ccc2c(c1)c(c[nH]2)C[C@@H](CO)N,https://www.rcsb.org/ligand/TPL
仅结构参考,TPO,PHOSPHOTHREONINE,C4 H10 N O6 P,199.099,l-peptide linking,THR,极性／带电侧链,结构身份可保留，但复杂度、反应性或极性风险不适合进入默认研发库,含磷酸/膦酸相关结构，通常不利于被动跨膜，除非有专门遮蔽设计；以极性/带电特征为主，不宜默认用于提高被动渗透性,是,C[C@H]([C@@H](C(=O)O)N)OP(=O)(O)O,https://www.rcsb.org/ligand/TPO
条件候选,TPQ,"5-(2-CARBOXY-2-AMINOETHYL)-2-HYDROXY-1,4-BENZOQUINONE",C9 H9 N O5,211.171,l-peptide linking,TYR,芳香／疏水侧链,保留为条件候选；是否有价值取决于具体位点、保护策略和整环性质,,是,C1=C(C(=O)C=C(C1=O)O)C[C@@H](C(=O)O)N,https://www.rcsb.org/ligand/TPQ
仅结构参考,TQI,N-{[4-CHLORO-3-(TRIFLUOROMETHYL)PHENYL]SULFONYL}-L-TRYPTOPHAN,C18 H14 Cl F3 N2 O4 S,446.828,l-peptide linking,TRP,卤代／电子调节,结构身份可保留，但复杂度、反应性或极性风险不适合进入默认研发库,分子量超过300 Da，单体复杂度和环肽总分子量负担较高,是,c1ccc2c(c1)c(c[nH]2)C[C@@H](C(=O)O)NS(=O)(=O)c3ccc(c(c3)C(F)(F)F)Cl,https://www.rcsb.org/ligand/TQI
条件候选,TQQ,"(S)-2-AMINO-3-(6,7-DIHYDRO-6-IMINO-7-OXO-1H-INDOL-3-YL)PROPANOIC ACID",C11 H11 N3 O3,233.223,l-peptide linking,TRP,极性／带电侧链,保留为条件候选；是否有价值取决于具体位点、保护策略和整环性质,以极性/带电特征为主，不宜默认用于提高被动渗透性,是,[H]/N=C\1/C=Cc2c(c[nH]c2C1=O)C[C@@H](C(=O)O)N,https://www.rcsb.org/ligand/TQQ
条件候选,TQZ,2-AMINO-3-PENTASULFANYLPROPAN-1-OL,C3 H7 N O2 S5,249.418,l-peptide linking,CYS,其他CCD肽链核心,保留为条件候选；是否有价值取决于具体位点、保护策略和整环性质,,是,C([C@@H](C(=O)O)N)SSSSS,https://www.rcsb.org/ligand/TQZ
条件候选,TRF,N1-FORMYL-TRYPTOPHAN,C12 H12 N2 O3,232.235,l-peptide linking,TRP,芳香／疏水侧链,保留为条件候选；是否有价值取决于具体位点、保护策略和整环性质,,是,c1ccc2c(c1)c(cn2C=O)C[C@@H](C(=O)O)N,https://www.rcsb.org/ligand/TRF
条件候选,TRN,NZ2-TRYPTOPHAN,C10 H11 N3 O2,205.213,l-peptide linking,TRP,芳香／疏水侧链,保留为条件候选；是否有价值取决于具体位点、保护策略和整环性质,,是,c1cc2c(c[nH]c2nc1)C[C@@H](C(=O)O)N,https://www.rcsb.org/ligand/TRN
条件候选,TRO,2-HYDROXY-TRYPTOPHAN,C11 H12 N2 O3,220.225,l-peptide linking,TRP,芳香／疏水侧链,保留为条件候选；是否有价值取决于具体位点、保护策略和整环性质,,是,c1ccc2c(c1)c(c([nH]2)O)C[C@@H](C(=O)O)N,https://www.rcsb.org/ligand/TRO
条件候选,TRQ,"2-AMINO-3-(6,7-DIOXO-6,7-DIHYDRO-1H-INDOL-3-YL)-PROPIONIC ACID",C11 H10 N2 O4,234.208,l-peptide linking,TRP,芳香／疏水侧链,保留为条件候选；是否有价值取决于具体位点、保护策略和整环性质,,是,c1c(c2c([nH]1)C(=O)C(=O)C=C2)C[C@@H](C(=O)O)N,https://www.rcsb.org/ligand/TRQ
明确排除,TRW,TRW3-(2-AMINO-3-HYDROXY-PROPYL)-6-(N'-CYCLOHEXYL-HYDRAZINO)OCTAHYDRO-INDOL-7-OL,C17 H18 N4 O2,310.35,l-peptide linking,TRP,构象限制,结构中未识别到可用于常规肽键形成的游离羧基,,否,c1ccc(cc1)NNc2ccc3c(c[nH]c3c2O)C[C@@H](C=O)N,https://www.rcsb.org/ligand/TRW
条件候选,TRX,6-HYDROXYTRYPTOPHAN,C11 H12 N2 O3,220.225,l-peptide linking,TRP,芳香／疏水侧链,保留为条件候选；是否有价值取决于具体位点、保护策略和整环性质,,是,c1cc2c(cc1O)[nH]cc2C[C@@H](C(=O)O)N,https://www.rcsb.org/ligand/TRX
条件候选,TRY,(2Z)-2-amino-3-(1H-indol-3-yl)prop-2-enoic acid,C11 H10 N2 O2,202.209,l-peptide linking,TRP,芳香／疏水侧链,保留为条件候选；是否有价值取决于具体位点、保护策略和整环性质,,是,c1ccc2c(c1)c(c[nH]2)/C=C(/C(=O)O)\N,https://www.rcsb.org/ligand/TRY
条件候选,TS9,"(2S,3S,4R)-2-amino-3,4-dihydroxy-3-methylpentanoic acid",C6 H13 N O4,163.172,l-peptide linking,ILE,极性／带电侧链,保留为条件候选；是否有价值取决于具体位点、保护策略和整环性质,以极性/带电特征为主，不宜默认用于提高被动渗透性,是,C[C@H]([C@](C)([C@@H](C(=O)O)N)O)O,https://www.rcsb.org/ligand/TS9
仅结构参考,TSQ,4-(trimethylsilyl)-L-phenylalanine,C12 H19 N O2 Si,237.37,l-peptide linking,PHE,芳香／疏水侧链,结构身份可保留，但复杂度、反应性或极性风险不适合进入默认研发库,含硅结构常见于保护或特殊合成中间体，需要人工确认最终残基形态,是,C[Si](C)(C)c1ccc(cc1)C[C@@H](C(=O)O)N,https://www.rcsb.org/ligand/TSQ
仅结构参考,TST,4-METHYL-2-{[4-(TOLUENE-4-SULFONYL)-THIOMORPHOLINE-3-CARBONYL]-AMINO}-PENTANOIC ACID,C18 H26 N2 O5 S2,414.539,l-peptide linking,,芳香／疏水侧链,结构身份可保留，但复杂度、反应性或极性风险不适合进入默认研发库,分子量超过300 Da，单体复杂度和环肽总分子量负担较高；CCD未指定标准氨基酸母体，需确认它是独立残基而非氨基酸样片段,是,Cc1ccc(cc1)S(=O)(=O)N2CCSC[C@H]2C(=O)N[C@@H](CC(C)C)C(=O)O,https://www.rcsb.org/ligand/TST
条件候选,TSY,(2S)-2-amino-3-trisulfanylpropanoic acid,C3 H7 N O2 S3,185.288,l-peptide linking,CYS,其他CCD肽链核心,保留为条件候选；是否有价值取决于具体位点、保护策略和整环性质,,是,C([C@@H](C(=O)O)N)SSS,https://www.rcsb.org/ligand/TSY
条件候选,TTQ,6-AMINO-7-HYDROXY-L-TRYPTOPHAN,C11 H13 N3 O3,235.239,l-peptide linking,TRP,芳香／疏水侧链,保留为条件候选；是否有价值取决于具体位点、保护策略和整环性质,,是,c1cc(c(c2c1c(c[nH]2)C[C@@H](C(=O)O)N)O)N,https://www.rcsb.org/ligand/TTQ
仅结构参考,TTS,"3-((3E)-4-HYDROXY-3-{[2-(4-HYDROXYPHENYL)ETHYL]IMINO}-6-OXOCYCLOHEXA-1,4-DIEN-1-YL)ALANINE",C17 H18 N2 O5,330.335,l-peptide linking,TYR,构象限制,结构身份可保留，但复杂度、反应性或极性风险不适合进入默认研发库,分子量超过300 Da，单体复杂度和环肽总分子量负担较高,是,c1cc(ccc1CC/N=C/2\C=C(C(=O)C=C2O)C[C@@H](C(=O)O)N)O,https://www.rcsb.org/ligand/TTS
优先研发候选,TXY,"3-[(5S)-4,5-dihydroxycyclohexa-1,3-dien-1-yl]-L-alanine",C9 H13 N O4,199.204,l-peptide linking,TYR,构象限制,属于构象限制方向，可用于口服环肽的构象/稳定性/主链极性扫描；CCD给出标准母体残基，便于设计成对替换实验,,是,C1[C@@H](C(=CC=C1C[C@@H](C(=O)O)N)O)O,https://www.rcsb.org/ligand/TXY
条件候选,TY1,O-tert-butyl-L-tyrosine,C13 H19 N O3,237.295,l-peptide linking,TYR,芳香／疏水侧链,保留为条件候选；是否有价值取决于具体位点、保护策略和整环性质,,是,CC(C)(C)Oc1ccc(cc1)C[C@@H](C(=O)O)N,https://www.rcsb.org/ligand/TY1
条件候选,TY2,3-AMINO-L-TYROSINE,C9 H12 N2 O3,196.203,l-peptide linking,TYR,芳香／疏水侧链,保留为条件候选；是否有价值取决于具体位点、保护策略和整环性质,,是,c1cc(c(cc1C[C@@H](C(=O)O)N)N)O,https://www.rcsb.org/ligand/TY2
条件候选,TY5,O-benzyl-L-tyrosine,C16 H17 N O3,271.311,l-peptide linking,TYR,芳香／疏水侧链,保留为条件候选；是否有价值取决于具体位点、保护策略和整环性质,分子量超过250 Da，需关注偶联效率、溶解度和总环肽体积,是,c1ccc(cc1)COc2ccc(cc2)C[C@@H](C(=O)O)N,https://www.rcsb.org/ligand/TY5
仅结构参考,TY8,"2,4-bis(hydroperoxy)-5-hydroxy-L-phenylalanine",C9 H11 N O7,245.186,l-peptide linking,TYR,芳香／疏水侧链,结构身份可保留，但复杂度、反应性或极性风险不适合进入默认研发库,杂原子较多，可能增加暴露极性和去溶剂化代价,是,c1c(c(cc(c1O)OO)OO)C[C@@H](C(=O)O)N,https://www.rcsb.org/ligand/TY8
仅结构参考,TY9,"3,4-bis(hydroperoxy)-5-hydroxy-L-phenylalanine",C9 H11 N O7,245.186,l-peptide linking,TYR,芳香／疏水侧链,结构身份可保留，但复杂度、反应性或极性风险不适合进入默认研发库,杂原子较多，可能增加暴露极性和去溶剂化代价,是,c1c(cc(c(c1O)OO)OO)C[C@@H](C(=O)O)N,https://www.rcsb.org/ligand/TY9
明确排除,TYB,TYROSINAL,C9 H11 N O2,165.189,l-peptide linking,TYR,芳香／疏水侧链,结构中未识别到可用于常规肽键形成的游离羧基,,否,c1cc(ccc1C[C@@H](C=O)N)O,https://www.rcsb.org/ligand/TYB
明确排除,TYE,4-[(2S)-2-amino-3-hydroxypropyl]phenol,C9 H13 N O2,167.205,l-peptide linking,TYR,芳香／疏水侧链,结构中未识别到可用于常规肽键形成的游离羧基,,否,c1cc(ccc1C[C@@H](CO)N)O,https://www.rcsb.org/ligand/TYE
仅结构参考,TYI,"3,5-DIIODOTYROSINE",C9 H9 I2 N O3,432.982,l-peptide linking,TYR,卤代／电子调节,结构身份可保留，但复杂度、反应性或极性风险不适合进入默认研发库,分子量超过300 Da，单体复杂度和环肽总分子量负担较高,是,c1c(cc(c(c1I)O)I)C[C@@H](C(=O)O)N,https://www.rcsb.org/ligand/TYI
条件候选,TYJ,"2,5-dihydroxy-N-methyl-L-tyrosine",C10 H13 N O5,227.214,l-peptide linking,TYR,N-取代,保留为条件候选；是否有价值取决于具体位点、保护策略和整环性质,,是,CN[C@@H](Cc1cc(c(cc1O)O)O)C(=O)O,https://www.rcsb.org/ligand/TYJ
仅结构参考,TYN,AMINOBENZOFURAZAN-O-TYROSINE,C15 H16 N4 O4,316.312,l-peptide linking,TYR,芳香／疏水侧链,结构身份可保留，但复杂度、反应性或极性风险不适合进入默认研发库,分子量超过300 Da，单体复杂度和环肽总分子量负担较高,是,c1cc(ccc1C[C@@H](C(=O)O)N)Oc2ccc(c3c2NON3)N,https://www.rcsb.org/ligand/TYN
条件候选,TYO,"(4Z,6E)-2-AMINO-7-HYDROPEROXY-4-[(E)-2-HYDROXYVINYL]HEPTA-4,6-DIENOIC ACID",C9 H13 N O5,215.203,l-peptide linking,TYR,极性／带电侧链,保留为条件候选；是否有价值取决于具体位点、保护策略和整环性质,以极性/带电特征为主，不宜默认用于提高被动渗透性,是,C([C@@H](C(=O)O)N)C(=C\C=C\OO)C=CO,https://www.rcsb.org/ligand/TYO
条件候选,TYQ,3-AMINO-6-HYDROXY-TYROSINE,C9 H12 N2 O4,212.203,l-peptide linking,TYR,芳香／疏水侧链,保留为条件候选；是否有价值取决于具体位点、保护策略和整环性质,,是,c1c(c(cc(c1N)O)O)C[C@@H](C(=O)O)N,https://www.rcsb.org/ligand/TYQ
条件候选,TYS,O-SULFO-L-TYROSINE,C9 H11 N O6 S,261.252,l-peptide linking,TYR,芳香／疏水侧链,保留为条件候选；是否有价值取决于具体位点、保护策略和整环性质,分子量超过250 Da，需关注偶联效率、溶解度和总环肽体积,是,c1cc(ccc1C[C@@H](C(=O)O)N)OS(=O)(=O)O,https://www.rcsb.org/ligand/TYS
仅结构参考,TYT,TYROSINE DERIVATIVE,C18 H20 N2 O4,328.362,l-peptide linking,TYR,构象限制,结构身份可保留，但复杂度、反应性或极性风险不适合进入默认研发库,分子量超过300 Da，单体复杂度和环肽总分子量负担较高,是,c1ccc(cc1)C2CC2/N=C/3\CC(C(=O)C=C3O)C[C@@H](C(=O)O)N,https://www.rcsb.org/ligand/TYT
条件候选,TYX,S-(2-ANILINO-2-OXOETHYL)-L-CYSTEINE,C11 H14 N2 O3 S,254.305,l-peptide linking,,芳香／疏水侧链,保留为条件候选；是否有价值取决于具体位点、保护策略和整环性质,分子量超过250 Da，需关注偶联效率、溶解度和总环肽体积；CCD未指定标准氨基酸母体，需确认它是独立残基而非氨基酸样片段,是,c1ccc(cc1)NC(=O)CSC[C@@H](C(=O)O)N,https://www.rcsb.org/ligand/TYX
优先研发候选,TYY,"3-(4-HYDROXY-3-IMINO-6-OXO-CYCLOHEXA-1,4-DIENYL)-ALANINE",C9 H10 N2 O4,210.187,l-peptide linking,TYR,构象限制,属于构象限制方向，可用于口服环肽的构象/稳定性/主链极性扫描；CCD给出标准母体残基，便于设计成对替换实验,,是,C1=C(C(=O)C=C(C1=N)O)C[C@@H](C(=O)O)N,https://www.rcsb.org/ligand/TYY
条件候选,TZB,"(4S)-2-[(1E)-1-AMINOPROP-1-ENYL]-4,5-DIHYDRO-1,3-THIAZOLE-4-CARBOXYLIC ACID",C7 H10 N2 O2 S,186.231,l-peptide linking,,极性／带电侧链,保留为条件候选；是否有价值取决于具体位点、保护策略和整环性质,CCD未指定标准氨基酸母体，需确认它是独立残基而非氨基酸样片段；以极性/带电特征为主，不宜默认用于提高被动渗透性,是,C\C=C(\C1=N[C@H](CS1)C(=O)O)/N,https://www.rcsb.org/ligand/TZB
条件候选,U2M,(2S)-2-amino-7-sulfanylheptanoic acid,C7 H15 N O2 S,177.264,l-peptide linking,,其他CCD肽链核心,保留为条件候选；是否有价值取决于具体位点、保护策略和整环性质,CCD未指定标准氨基酸母体，需确认它是独立残基而非氨基酸样片段,是,C(CC[C@@H](C(=O)O)N)CCS,https://www.rcsb.org/ligand/U2M
条件候选,U2X,O-(cyclohexylmethyl)-L-tyrosine,C16 H23 N O3,277.359,l-peptide linking,TYR,构象限制,保留为条件候选；是否有价值取决于具体位点、保护策略和整环性质,分子量超过250 Da，需关注偶联效率、溶解度和总环肽体积,是,c1cc(ccc1C[C@@H](C(=O)O)N)OCC2CCCCC2,https://www.rcsb.org/ligand/U2X
条件候选,U3X,4-[(cyclohexylmethyl)amino]-L-phenylalanine,C16 H24 N2 O2,276.374,l-peptide linking,PHE,构象限制,保留为条件候选；是否有价值取决于具体位点、保护策略和整环性质,分子量超过250 Da，需关注偶联效率、溶解度和总环肽体积,是,c1cc(ccc1C[C@@H](C(=O)O)N)NCC2CCCCC2,https://www.rcsb.org/ligand/U3X
条件候选,UAL,(2Z)-2-amino-3-(carbamoylamino)prop-2-enoic acid,C4 H7 N3 O3,145.117,peptide linking,,极性／带电侧链,保留为条件候选；是否有价值取决于具体位点、保护策略和整环性质,CCD仅标为通用peptide linking，需确认真实主链连接几何；CCD未指定标准氨基酸母体，需确认它是独立残基而非氨基酸样片段；以极性/带电特征为主，不宜默认用于提高被动渗透性,是,C(=C(/C(=O)O)\N)\NC(=O)N,https://www.rcsb.org/ligand/UAL
条件候选,UB4,"(2S)-2-amino-4-(1,3-benzothiazol-2-yl)butanoic acid",C11 H12 N2 O2 S,236.29,l-peptide linking,,芳香／疏水侧链,保留为条件候选；是否有价值取决于具体位点、保护策略和整环性质,CCD未指定标准氨基酸母体，需确认它是独立残基而非氨基酸样片段,是,c1ccc2c(c1)nc(s2)CC[C@@H](C(=O)O)N,https://www.rcsb.org/ligand/UB4
条件候选,UDS,N-[(3-HYDROXYQUINOLIN-2-YL)CARBONYL]-D-SERINE,C13 H12 N2 O5,276.245,d-peptide linking,DSN,D-构型,保留为条件候选；是否有价值取决于具体位点、保护策略和整环性质,分子量超过250 Da，需关注偶联效率、溶解度和总环肽体积,是,c1ccc2c(c1)cc(c(n2)C(=O)N[C@H](CO)C(=O)O)O,https://www.rcsb.org/ligand/UDS
明确排除,UF0,"O-[(R)-hydroxy{[(3R)-3-hydroxy-4-{[3-({2-[(hydroxyacetyl)amino]ethyl}amino)-3-oxopropyl]amino}-2,2-dimethyl-4-oxobutyl]oxy}phosphoryl]-L-serine",C16 H31 N4 O11 P,486.411,l-peptide linking,SER,极性／带电侧链,分子量超过450 Da，优先视为复杂整分子而非通用残基,,否,CC(C)(CO[P@@](=O)(O)OC[C@@H](C(=O)O)N)[C@H](C(=O)NCCC(=O)NCCNC(=O)CO)O,https://www.rcsb.org/ligand/UF0
条件候选,UGY,(2S)-amino(carbamoylamino)ethanoic acid,C3 H7 N3 O3,133.106,peptide linking,GLY,极性／带电侧链,保留为条件候选；是否有价值取决于具体位点、保护策略和整环性质,CCD仅标为通用peptide linking，需确认真实主链连接几何；以极性/带电特征为主，不宜默认用于提高被动渗透性,是,[C@H](C(=O)O)(N)NC(=O)N,https://www.rcsb.org/ligand/UGY
条件候选,UIA,[(2~{R})-1-azanylpropan-2-yl]carbamic acid,C4 H10 N2 O2,118.134,l-peptide linking,,极性／带电侧链,保留为条件候选；是否有价值取决于具体位点、保护策略和整环性质,CCD未指定标准氨基酸母体，需确认它是独立残基而非氨基酸样片段；以极性/带电特征为主，不宜默认用于提高被动渗透性,是,C[C@H](CN)NC(=O)O,https://www.rcsb.org/ligand/UIA
明确排除,UJR,(2~{R})-2-azanyl-3-(5-iodanylpyrimidin-2-yl)sulfanyl-propanal,C7 H8 I N3 O S,309.127,l-peptide linking,CYS,芳香／疏水侧链,结构中未识别到可用于常规肽键形成的游离羧基,,否,c1c(cnc(n1)SC[C@@H](C=O)N)I,https://www.rcsb.org/ligand/UJR
仅结构参考,UKD,"3-(4-phosphono-1H-1,2,3-triazol-1-yl)-L-alanine",C5 H9 N4 O5 P,236.123,l-peptide linking,,芳香／疏水侧链,结构身份可保留，但复杂度、反应性或极性风险不适合进入默认研发库,含磷酸/膦酸相关结构，通常不利于被动跨膜，除非有专门遮蔽设计；CCD未指定标准氨基酸母体，需确认它是独立残基而非氨基酸样片段,是,c1c(nnn1C[C@@H](C(=O)O)N)P(=O)(O)O,https://www.rcsb.org/ligand/UKD
仅结构参考,UKY,"3-(5-phosphono-1H-1,2,3-triazol-1-yl)-L-alanine",C5 H9 N4 O5 P,236.123,l-peptide linking,,芳香／疏水侧链,结构身份可保留，但复杂度、反应性或极性风险不适合进入默认研发库,含磷酸/膦酸相关结构，通常不利于被动跨膜，除非有专门遮蔽设计；CCD未指定标准氨基酸母体，需确认它是独立残基而非氨基酸样片段,是,c1c(n(nn1)C[C@@H](C(=O)O)N)P(=O)(O)O,https://www.rcsb.org/ligand/UKY
条件候选,UM1,(2R)-2-[[(2R)-2-(2-aminoethanoylamino)propanoyl]amino]propanoic acid,C8 H15 N3 O4,217.222,d-peptide linking,ALA,D-构型,保留为条件候选；是否有价值取决于具体位点、保护策略和整环性质,,是,C[C@H](C(=O)N[C@H](C)C(=O)O)NC(=O)CN,https://www.rcsb.org/ligand/UM1
明确排除,UM2,(2S)-2-amino-N-butyl-propanamide,C7 H16 N2 O,144.215,l-peptide linking,ALA,极性／带电侧链,结构中未识别到可用于常规肽键形成的游离羧基,,否,CCCCNC(=O)[C@H](C)N,https://www.rcsb.org/ligand/UM2
明确排除,UMA,URIDINE-5'-DIPHOSPHATE-N-ACETYLMURAMOYL-L-ALANINE,C23 H36 N4 O20 P2,750.494,l-peptide linking,ALA,极性／带电侧链,名称提示核苷酸、辅因子、脂质、完整肽或整分子缀合物；分子量超过450 Da，优先视为复杂整分子而非通用残基,,否,C[C@@H](C(=O)O)NC(=O)[C@@H](C)O[C@@H]1[C@H]([C@H](O[C@@H]([C@H]1O)CO)O[P@@](=O)(O)O[P@](=O)(O)OC[C@@H]2[C@H]([C@H]([C@@H](O2)N3C=CC(=O)NC3=O)O)O)NC(=O)C,https://www.rcsb.org/ligand/UMA
条件候选,UN1,2-AMINOHEXANEDIOIC ACID,C6 H11 N O4,161.156,l-peptide linking,,极性／带电侧链,保留为条件候选；是否有价值取决于具体位点、保护策略和整环性质,CCD未指定标准氨基酸母体，需确认它是独立残基而非氨基酸样片段；以极性/带电特征为主，不宜默认用于提高被动渗透性,是,C(C[C@@H](C(=O)O)N)CC(=O)O,https://www.rcsb.org/ligand/UN1
条件候选,UN2,"2-AMINO-4,4-DIHYDROXYBUTANOIC ACID",C4 H9 N O4,135.119,l-peptide linking,,极性／带电侧链,保留为条件候选；是否有价值取决于具体位点、保护策略和整环性质,CCD未指定标准氨基酸母体，需确认它是独立残基而非氨基酸样片段；以极性/带电特征为主，不宜默认用于提高被动渗透性,是,C([C@@H](C(=O)O)N)C(O)O,https://www.rcsb.org/ligand/UN2
条件候选,UOX,3-(oxido-lambda~4~-selanyl)-L-alanine,C3 H6 N O3 Se,183.045,l-peptide linking,SEC,极性／带电侧链,保留为条件候选；是否有价值取决于具体位点、保护策略和整环性质,以极性/带电特征为主，不宜默认用于提高被动渗透性,是,C([C@@H](C(=O)O)N)[Se-]=O,https://www.rcsb.org/ligand/UOX
条件候选,URV,[(2~{S})-2-azanyl-3-methyl-butyl]carbamic acid,C6 H14 N2 O2,146.188,l-peptide linking,,极性／带电侧链,保留为条件候选；是否有价值取决于具体位点、保护策略和整环性质,CCD未指定标准氨基酸母体，需确认它是独立残基而非氨基酸样片段；以极性/带电特征为主，不宜默认用于提高被动渗透性,是,CC(C)[C@@H](CNC(=O)O)N,https://www.rcsb.org/ligand/URV
条件候选,UU4,(2S)-2-amino-4-(L-serylamino)butanoic acid,C7 H15 N3 O4,205.212,l-peptide linking,,极性／带电侧链,保留为条件候选；是否有价值取决于具体位点、保护策略和整环性质,CCD未指定标准氨基酸母体，需确认它是独立残基而非氨基酸样片段；以极性/带电特征为主，不宜默认用于提高被动渗透性,是,C(CNC(=O)[C@H](CO)N)[C@@H](C(=O)O)N,https://www.rcsb.org/ligand/UU4
条件候选,UU5,(2S)-2-amino-4-[(oxoacetyl)amino]butanoic acid,C6 H10 N2 O4,174.155,l-peptide linking,,极性／带电侧链,保留为条件候选；是否有价值取决于具体位点、保护策略和整环性质,CCD未指定标准氨基酸母体，需确认它是独立残基而非氨基酸样片段；以极性/带电特征为主，不宜默认用于提高被动渗透性,是,C(CNC(=O)C=O)[C@@H](C(=O)O)N,https://www.rcsb.org/ligand/UU5
条件候选,UX8,"(2~{S},3~{R})-2-azanyl-3-(1~{H}-indol-3-yl)-3-oxidanyl-propanoic acid",C11 H12 N2 O3,220.225,l-peptide linking,TRP,芳香／疏水侧链,保留为条件候选；是否有价值取决于具体位点、保护策略和整环性质,,是,c1ccc2c(c1)c(c[nH]2)[C@H]([C@@H](C(=O)O)N)O,https://www.rcsb.org/ligand/UX8
条件候选,UXQ,(2S)-2-azanyl-3-[4-[(2-chloranylethanoylamino)methyl]phenyl]propanoic acid,C12 H15 Cl N2 O3,270.712,peptide linking,PHE,芳香／疏水侧链,保留为条件候选；是否有价值取决于具体位点、保护策略和整环性质,分子量超过250 Da，需关注偶联效率、溶解度和总环肽体积；CCD仅标为通用peptide linking，需确认真实主链连接几何,是,c1cc(ccc1C[C@@H](C(=O)O)N)CNC(=O)CCl,https://www.rcsb.org/ligand/UXQ
条件候选,UXY,(4R)-4-hydroxy-L-lysine,C6 H14 N2 O3,162.187,l-peptide linking,,极性／带电侧链,保留为条件候选；是否有价值取决于具体位点、保护策略和整环性质,CCD未指定标准氨基酸母体，需确认它是独立残基而非氨基酸样片段；以极性/带电特征为主，不宜默认用于提高被动渗透性,是,C(CN)[C@H](C[C@@H](C(=O)O)N)O,https://www.rcsb.org/ligand/UXY
优先研发候选,UY7,(4S)-4-hydroxy-D-proline,C5 H9 N O3,131.13,d-peptide linking,,D-构型,属于D-构型方向，可用于口服环肽的构象/稳定性/主链极性扫描,CCD未指定标准氨基酸母体，需确认它是独立残基而非氨基酸样片段,是,C1[C@@H](CN[C@H]1C(=O)O)O,https://www.rcsb.org/ligand/UY7
优先研发候选,UYA,(4R)-4-hydroxy-D-proline,C5 H9 N O3,131.13,d-peptide linking,,D-构型,属于D-构型方向，可用于口服环肽的构象/稳定性/主链极性扫描,CCD未指定标准氨基酸母体，需确认它是独立残基而非氨基酸样片段,是,C1[C@H](CN[C@H]1C(=O)O)O,https://www.rcsb.org/ligand/UYA
条件候选,UZ4,"(2R,3S)-3-amino-2-hydroxy-4-[(3S)-2-oxopyrrolidin-3-yl]butanoic acid",C8 H14 N2 O4,202.208,l-peptide linking,,极性／带电侧链,保留为条件候选；是否有价值取决于具体位点、保护策略和整环性质,CCD未指定标准氨基酸母体，需确认它是独立残基而非氨基酸样片段；以极性/带电特征为主，不宜默认用于提高被动渗透性,是,C1CNC(=O)[C@@H]1C[C@@H]([C@H](C(=O)O)O)N,https://www.rcsb.org/ligand/UZ4
条件候选,UZA,"(2S,6E)-2-amino-2-methylnon-6-enoic acid",C10 H19 N O2,185.263,l-peptide linking,,其他CCD肽链核心,保留为条件候选；是否有价值取决于具体位点、保护策略和整环性质,CCD未指定标准氨基酸母体，需确认它是独立残基而非氨基酸样片段,是,CC/C=C/CCC[C@@](C)(C(=O)O)N,https://www.rcsb.org/ligand/UZA
条件候选,UZN,[(2~{S})-2-azanylhexyl]carbamic acid,C7 H16 N2 O2,160.214,l-peptide linking,,极性／带电侧链,保留为条件候选；是否有价值取决于具体位点、保护策略和整环性质,CCD未指定标准氨基酸母体，需确认它是独立残基而非氨基酸样片段；以极性/带电特征为主，不宜默认用于提高被动渗透性,是,CCCC[C@@H](CNC(=O)O)N,https://www.rcsb.org/ligand/UZN
条件候选,V1C,(2S)-2-azanyl-3-[4-[1-(2-methylpropyl)pyrazol-4-yl]phenyl]propanoic acid,C16 H21 N3 O2,287.357,"l-beta-peptide, c-gamma linking",PHE,延长骨架,保留为条件候选；是否有价值取决于具体位点、保护策略和整环性质,分子量超过250 Da，需关注偶联效率、溶解度和总环肽体积,是,CC(C)Cn1cc(cn1)c2ccc(cc2)C[C@@H](C(=O)O)N,https://www.rcsb.org/ligand/V1C
条件候选,V1V,"(2S,3S)-3-amino-2-hydroxyhexanoic acid",C6 H13 N O3,147.172,l-peptide linking,,极性／带电侧链,保留为条件候选；是否有价值取决于具体位点、保护策略和整环性质,CCD未指定标准氨基酸母体，需确认它是独立残基而非氨基酸样片段；以极性/带电特征为主，不宜默认用于提高被动渗透性,是,CCC[C@@H]([C@@H](C(=O)O)O)N,https://www.rcsb.org/ligand/V1V
优先研发候选,V3C,Trans-4-athyl-L-proline,C7 H13 N O2,143.184,l-peptide linking,PRO,构象限制,属于构象限制方向，可用于口服环肽的构象/稳定性/主链极性扫描；CCD给出标准母体残基，便于设计成对替换实验,,是,CC[C@@H]1C[C@H](NC1)C(=O)O,https://www.rcsb.org/ligand/V3C
明确排除,V3E,(2~{S})-2-azanyl-3-(2-hydroxyphenyl)propanoic acid,C10 H13 N O3,195.215,l-peptide linking,PHE,芳香／疏水侧链,结构中未识别到可用于常规肽键形成的游离羧基,,否,COC(=O)[C@H](Cc1ccccc1O)N,https://www.rcsb.org/ligand/V3E
仅结构参考,V44,"S-[2,2-bis(1-methyl-1H-imidazol-2-yl)ethyl]-L-cysteine",C13 H19 N5 O2 S,309.387,l-peptide linking,CYS,芳香／疏水侧链,结构身份可保留，但复杂度、反应性或极性风险不适合进入默认研发库,分子量超过300 Da，单体复杂度和环肽总分子量负担较高,是,Cn1ccnc1C(CSC[C@@H](C(=O)O)N)c2nccn2C,https://www.rcsb.org/ligand/V44
仅结构参考,V4F,8-(aminomethyl)-4-(phosphonomethoxy)quinoline-2-carboxylic acid,C12 H13 N2 O6 P,312.215,peptide linking,V4F,芳香／疏水侧链,结构身份可保留，但复杂度、反应性或极性风险不适合进入默认研发库,分子量超过300 Da，单体复杂度和环肽总分子量负担较高；含磷酸/膦酸相关结构，通常不利于被动跨膜，除非有专门遮蔽设计；CCD仅标为通用peptide linking，需确认真实主链连接几何,是,c1cc(c2c(c1)c(cc(n2)C(=O)O)OCP(=O)(O)O)CN,https://www.rcsb.org/ligand/V4F
仅结构参考,V53,8-azanyl-4-(phosphonomethoxy)quinoline-2-carboxylic acid,C11 H11 N2 O6 P,298.189,peptide linking,ES1,芳香／疏水侧链,结构身份可保留，但复杂度、反应性或极性风险不适合进入默认研发库,分子量超过250 Da，需关注偶联效率、溶解度和总环肽体积；含磷酸/膦酸相关结构，通常不利于被动跨膜，除非有专门遮蔽设计；CCD仅标为通用peptide linking，需确认真实主链连接几何,是,c1cc2c(cc(nc2c(c1)N)C(=O)O)OCP(=O)(O)O,https://www.rcsb.org/ligand/V53
条件候选,V5F,(2R)-2-(2-azanylphenoxy)propanoic acid,C9 H11 N O3,181.189,peptide linking,,芳香／疏水侧链,保留为条件候选；是否有价值取决于具体位点、保护策略和整环性质,CCD仅标为通用peptide linking，需确认真实主链连接几何；CCD未指定标准氨基酸母体，需确认它是独立残基而非氨基酸样片段,是,C[C@H](C(=O)O)Oc1ccccc1N,https://www.rcsb.org/ligand/V5F
条件候选,V5N,"(2S,3S)-2-azanyl-3-(1H-imidazol-5-yl)-3-oxidanyl-propanoic acid",C6 H9 N3 O3,171.154,l-peptide linking,HIS,芳香／疏水侧链,保留为条件候选；是否有价值取决于具体位点、保护策略和整环性质,,是,c1c([nH]cn1)[C@H]([C@@H](C(=O)O)N)O,https://www.rcsb.org/ligand/V5N
仅结构参考,V61,"2,3,5,6-tetrafluoro-4-iodo-L-phenylalanine",C9 H6 F4 I N O2,363.048,l-peptide linking,PHE,卤代／电子调节,结构身份可保留，但复杂度、反应性或极性风险不适合进入默认研发库,分子量超过300 Da，单体复杂度和环肽总分子量负担较高,是,C(c1c(c(c(c(c1F)F)I)F)F)[C@@H](C(=O)O)N,https://www.rcsb.org/ligand/V61
条件候选,V6W,NE-Acetyl-L-tryptophan,C13 H14 N2 O4,262.261,l-peptide linking,TRP,芳香／疏水侧链,保留为条件候选；是否有价值取决于具体位点、保护策略和整环性质,分子量超过250 Da，需关注偶联效率、溶解度和总环肽体积,是,c1ccc2c(c1)c(cn2CC(=O)O)C[C@@H](C(=O)O)N,https://www.rcsb.org/ligand/V6W
条件候选,VAD,DEAMINOHYDROXYVALINE,C5 H10 O3,118.131,l-peptide linking,VAL,极性／带电侧链,保留为条件候选；是否有价值取决于具体位点、保护策略和整环性质,以极性/带电特征为主，不宜默认用于提高被动渗透性,是,CC(C)[C@H](C(=O)O)O,https://www.rcsb.org/ligand/VAD
条件候选,VAH,(3R)-3-hydroxy-L-norvaline,C5 H11 N O3,133.146,l-peptide linking,VAL,极性／带电侧链,保留为条件候选；是否有价值取决于具体位点、保护策略和整环性质,以极性/带电特征为主，不宜默认用于提高被动渗透性,是,CC[C@H]([C@@H](C(=O)O)N)O,https://www.rcsb.org/ligand/VAH
仅结构参考,VB1,N^6^-[(1R)-2-{[(1S)-1-carboxypropyl]amino}-2-oxo-1-(sulfanylmethyl)ethyl]-6-oxo-L-lysine,C13 H23 N3 O6 S,349.403,l-peptide linking,LYS,极性／带电侧链,结构身份可保留，但复杂度、反应性或极性风险不适合进入默认研发库,分子量超过300 Da，单体复杂度和环肽总分子量负担较高；以极性/带电特征为主，不宜默认用于提高被动渗透性,是,CC[C@@H](C(=O)O)NC(=O)[C@H](CS)NC(=O)CCC[C@@H](C(=O)O)N,https://www.rcsb.org/ligand/VB1
仅结构参考,VDE,"(2S)-2-azanyl-6-[4-[(2S)-2,3-bis(azanyl)-3-oxidanylidene-propyl]-1,2,3-triazol-1-yl]hexanoic acid",C11 H20 N6 O3,284.315,peptide linking,,芳香／疏水侧链,结构身份可保留，但复杂度、反应性或极性风险不适合进入默认研发库,分子量超过250 Da，需关注偶联效率、溶解度和总环肽体积；杂原子较多，可能增加暴露极性和去溶剂化代价；CCD仅标为通用peptide linking，需确认真实主链连接几何；CCD未指定标准氨基酸母体，需确认它是独立残基而非氨基酸样片段,是,c1c(nnn1CCCC[C@@H](C(=O)O)N)C[C@@H](C(=O)N)N,https://www.rcsb.org/ligand/VDE
优先研发候选,VDK,"[(1S,3S)-3-carboxycyclohexyl]azanium",C7 H14 N O2,144.192,peptide linking,,构象限制,属于构象限制方向，可用于口服环肽的构象/稳定性/主链极性扫描,CCD仅标为通用peptide linking，需确认真实主链连接几何；CCD未指定标准氨基酸母体，需确认它是独立残基而非氨基酸样片段,是,C1C[C@@H](C[C@H](C1)[NH3+])C(=O)O,https://www.rcsb.org/ligand/VDK
优先研发候选,VDL,"(2R,3R)-2,3-DIAMINOBUTANOIC ACID",C4 H10 N2 O2,118.134,d-peptide linking,,D-构型,属于D-构型方向，可用于口服环肽的构象/稳定性/主链极性扫描,CCD未指定标准氨基酸母体，需确认它是独立残基而非氨基酸样片段,是,C[C@H]([C@H](C(=O)O)N)N,https://www.rcsb.org/ligand/VDL
条件候选,VEF,"(3S)-3-azanyl-2,2-bis(oxidanyl)butanoic acid",C4 H9 N O4,135.119,l-peptide linking,,极性／带电侧链,保留为条件候选；是否有价值取决于具体位点、保护策略和整环性质,CCD未指定标准氨基酸母体，需确认它是独立残基而非氨基酸样片段；以极性/带电特征为主，不宜默认用于提高被动渗透性,是,C[C@@H](C(C(=O)O)(O)O)N,https://www.rcsb.org/ligand/VEF
条件候选,VH0,"(2S,4S)-4-[4-(aminomethyl)-1,2,3-triazol-1-yl]pyrrolidine-2-carboxylic acid",C8 H13 N5 O2,211.221,l-peptide linking,PRO,芳香／疏水侧链,保留为条件候选；是否有价值取决于具体位点、保护策略和整环性质,,是,c1c(nnn1[C@H]2C[C@H](NC2)C(=O)O)CN,https://www.rcsb.org/ligand/VH0
仅结构参考,VHF,(2~{S})-2-azanyl-5-oxidanylidene-5-phosphonooxy-pentanoic acid,C5 H10 N O7 P,227.109,l-peptide linking,GLU,极性／带电侧链,结构身份可保留，但复杂度、反应性或极性风险不适合进入默认研发库,杂原子较多，可能增加暴露极性和去溶剂化代价；含磷酸/膦酸相关结构，通常不利于被动跨膜，除非有专门遮蔽设计；以极性/带电特征为主，不宜默认用于提高被动渗透性,是,C(CC(=O)OP(=O)(O)O)[C@@H](C(=O)O)N,https://www.rcsb.org/ligand/VHF
条件候选,VI3,(2~{R})-2-azanyl-3-[bis(oxidanylidene)-$l^{5}-sulfanyl]propanoic acid,C3 H6 N O4 S,152.149,l-peptide linking,CYS,极性／带电侧链,保留为条件候选；是否有价值取决于具体位点、保护策略和整环性质,以极性/带电特征为主，不宜默认用于提高被动渗透性,是,C([C@@H](C(=O)O)N)[S-](=O)=O,https://www.rcsb.org/ligand/VI3
条件候选,VLL,"(2S)-2,3-DIAMINOBUTANOIC ACID",C4 H10 N2 O2,118.134,l-peptide linking,,极性／带电侧链,保留为条件候选；是否有价值取决于具体位点、保护策略和整环性质,CCD未指定标准氨基酸母体，需确认它是独立残基而非氨基酸样片段；以极性/带电特征为主，不宜默认用于提高被动渗透性,是,C[C@H]([C@@H](C(=O)O)N)N,https://www.rcsb.org/ligand/VLL
明确排除,VLM,VALINYLAMINE,C5 H12 N2 O,116.162,l-peptide linking,,极性／带电侧链,结构中未识别到可用于常规肽键形成的游离羧基,,否,CC(C)[C@@H](C(=O)N)N,https://www.rcsb.org/ligand/VLM
明确排除,VMS,5'O-[N-(L-VALYL)SULPHAMOYL]ADENOSINE,C15 H23 N7 O7 S,445.451,l-peptide linking,,极性／带电侧链,名称提示核苷酸、辅因子、脂质、完整肽或整分子缀合物；结构中未识别到可用于常规肽键形成的游离羧基,,否,CC(C)[C@@H](C(=O)NS(=O)(=O)OC[C@@H]1[C@H]([C@H]([C@@H](O1)n2cnc3c2ncnc3N)O)O)N,https://www.rcsb.org/ligand/VMS
条件候选,VNW,8-azanyl-4-methylselanyl-quinoline-2-carboxylic acid,C11 H10 N2 O2 Se,281.169,peptide linking,,芳香／疏水侧链,保留为条件候选；是否有价值取决于具体位点、保护策略和整环性质,分子量超过250 Da，需关注偶联效率、溶解度和总环肽体积；CCD仅标为通用peptide linking，需确认真实主链连接几何；CCD未指定标准氨基酸母体，需确认它是独立残基而非氨基酸样片段,是,C[Se]c1cc(nc2c1cccc2N)C(=O)O,https://www.rcsb.org/ligand/VNW
明确排除,VOL,L-VALINOL,C5 H13 N O,103.163,l-peptide linking,,其他CCD肽链核心,结构中未识别到可用于常规肽键形成的游离羧基,,否,CC(C)[C@@H](CO)N,https://www.rcsb.org/ligand/VOL
仅结构参考,VPV,"(2E,4R)-2-{[(5S)-5-amino-5-carboxypentyl]imino}-4-hydroxyheptanedioic acid",C13 H22 N2 O7,318.323,l-peptide linking,LYS,极性／带电侧链,结构身份可保留，但复杂度、反应性或极性风险不适合进入默认研发库,分子量超过300 Da，单体复杂度和环肽总分子量负担较高；杂原子较多，可能增加暴露极性和去溶剂化代价；以极性/带电特征为主，不宜默认用于提高被动渗透性,是,C(CC/N=C(\C[C@@H](CCC(=O)O)O)/C(=O)O)C[C@@H](C(=O)O)N,https://www.rcsb.org/ligand/VPV
条件候选,VR0,N~5~-[N-(methylcarbamoyl)carbamimidoyl]-L-ornithine,C8 H17 N5 O3,231.252,l-peptide linking,ARG,极性／带电侧链,保留为条件候选；是否有价值取决于具体位点、保护策略和整环性质,以极性/带电特征为主，不宜默认用于提高被动渗透性,是,[H]/N=C(/NCCC[C@@H](C(=O)O)N)\NC(=O)NC,https://www.rcsb.org/ligand/VR0
仅结构参考,VUB,2-[4-[(4-hydroxyphenyl)methyl]-2-(3-methylbutanimidoyl)-5-oxidanyl-imidazol-1-yl]ethanoic acid,C17 H21 N3 O4,331.366,l-peptide linking,GLY / LEU / TYR,芳香／疏水侧链,结构身份可保留，但复杂度、反应性或极性风险不适合进入默认研发库,分子量超过300 Da，单体复杂度和环肽总分子量负担较高,是,[H]/N=C(/CC(C)C)\c1nc(c(n1CC(=O)O)O)Cc2ccc(cc2)O,https://www.rcsb.org/ligand/VUB
条件候选,VVK,N-(2-methoxyphenyl)-2-methyl-L-alanine,C11 H15 N O3,209.242,l-peptide linking,ALA,芳香／疏水侧链,保留为条件候选；是否有价值取决于具体位点、保护策略和整环性质,,是,CC(C)(C(=O)O)Nc1ccccc1OC,https://www.rcsb.org/ligand/VVK
明确排除,VYA,2-[(4~{Z})-2-[(1~{S})-1-azanyl-3-methyl-butyl]-4-[(4-hydroxyphenyl)methylidene]-5-oxidanylidene-imidazol-1-yl]ethanoic acid,C17 H21 N3 O4,331.366,l-peptide linking,GLY / LEU / TYR,芳香／疏水侧链,名称提示核苷酸、辅因子、脂质、完整肽或整分子缀合物,,否,CC(C)C[C@@H](C1=N/C(=C\c2ccc(cc2)O)/C(=O)N1CC(=O)O)N,https://www.rcsb.org/ligand/VYA
条件候选,W4T,3-bromo-S-beta-phenylalanine,C9 H10 Br N O2,244.085,peptide linking,SFE,卤代／电子调节,保留为条件候选；是否有价值取决于具体位点、保护策略和整环性质,CCD仅标为通用peptide linking，需确认真实主链连接几何,是,c1cc(cc(c1)Br)[C@H](CC(=O)O)N,https://www.rcsb.org/ligand/W4T
仅结构参考,WCM,(2S)-2-amino-3-(biphenyl-4-yl)-N-methyl-N-[(2S)-1-oxopropan-2-yl]propanamide (non-preferred name),C19 H22 N2 O3,326.39,peptide linking,,N-取代,结构身份可保留，但复杂度、反应性或极性风险不适合进入默认研发库,分子量超过300 Da，单体复杂度和环肽总分子量负担较高；CCD仅标为通用peptide linking，需确认真实主链连接几何；CCD未指定标准氨基酸母体，需确认它是独立残基而非氨基酸样片段,是,C[C@@H](C(=O)O)N(C)C(=O)[C@H](Cc1ccc(cc1)c2ccccc2)N,https://www.rcsb.org/ligand/WCM
条件候选,WCR,"[(2R,4Z)-2-(aminomethyl)-2-hydroxy-4-(4-hydroxybenzylidene)-5-oxoimidazolidin-1-yl]acetic acid",C13 H15 N3 O5,293.275,l-peptide linking,GLY / TYR,芳香／疏水侧链,保留为条件候选；是否有价值取决于具体位点、保护策略和整环性质,分子量超过250 Da，需关注偶联效率、溶解度和总环肽体积,是,c1cc(ccc1/C=C\2/C(=O)N([C@](N2)(CN)O)CC(=O)O)O,https://www.rcsb.org/ligand/WCR
条件候选,WFP,"3,5-difluoro-L-phenylalanine",C9 H9 F2 N O2,201.17,l-peptide linking,PHE,卤代／电子调节,保留为条件候选；是否有价值取决于具体位点、保护策略和整环性质,,是,c1c(cc(cc1F)F)C[C@@H](C(=O)O)N,https://www.rcsb.org/ligand/WFP
优先研发候选,WLU,(4R)-5-hydroxy-N-methyl-L-leucine,C7 H15 N O3,161.199,l-peptide linking,LEU,N-取代,属于N-取代方向，可用于口服环肽的构象/稳定性/主链极性扫描；CCD给出标准母体残基，便于设计成对替换实验,,是,C[C@H](C[C@@H](C(=O)O)NC)CO,https://www.rcsb.org/ligand/WLU
条件候选,WPA,(betaR)-beta-methoxy-L-phenylalanine,C10 H13 N O3,195.215,l-peptide linking,PHE,芳香／疏水侧链,保留为条件候选；是否有价值取决于具体位点、保护策略和整环性质,,是,CO[C@H](c1ccccc1)[C@@H](C(=O)O)N,https://www.rcsb.org/ligand/WPA
仅结构参考,WRP,(betaR)-beta-hydroxy-1-[(3R)-3-hydroxy-2-methylbutan-2-yl]-L-tryptophan,C16 H22 N2 O4,306.357,l-peptide linking,TRP,芳香／疏水侧链,结构身份可保留，但复杂度、反应性或极性风险不适合进入默认研发库,分子量超过300 Da，单体复杂度和环肽总分子量负担较高,是,C[C@H](C(C)(C)n1cc(c2c1cccc2)[C@H]([C@@H](C(=O)O)N)O)O,https://www.rcsb.org/ligand/WRP
条件候选,WVL,"(2S,3R)-2-amino-3,5-dimethylhex-4-enoic acid",C8 H15 N O2,157.21,l-peptide linking,VAL,其他CCD肽链核心,保留为条件候选；是否有价值取决于具体位点、保护策略和整环性质,,是,C[C@H](C=C(C)C)[C@@H](C(=O)O)N,https://www.rcsb.org/ligand/WVL
条件候选,WWB,5-(3-methylbut-2-en-1-yl)-L-tryptophan,C16 H20 N2 O2,272.342,l-peptide linking,TRP,芳香／疏水侧链,保留为条件候选；是否有价值取决于具体位点、保护策略和整环性质,分子量超过250 Da，需关注偶联效率、溶解度和总环肽体积,是,CC(=CCc1ccc2c(c1)c(c[nH]2)C[C@@H](C(=O)O)N)C,https://www.rcsb.org/ligand/WWB
条件候选,WYK,"(2S,4S)-4-hydroxy-L-arginine",C6 H14 N4 O3,190.2,l-peptide linking,ARG,极性／带电侧链,保留为条件候选；是否有价值取决于具体位点、保护策略和整环性质,以极性/带电特征为主，不宜默认用于提高被动渗透性,是,[H]/N=C(/N)\NC[C@H](C[C@@H](C(=O)O)N)O,https://www.rcsb.org/ligand/WYK
优先研发候选,WZJ,N-methyl-L-alloisoleucine,C7 H15 N O2,145.199,l-peptide linking,,N-取代,属于N-取代方向，可用于口服环肽的构象/稳定性/主链极性扫描,CCD未指定标准氨基酸母体，需确认它是独立残基而非氨基酸样片段,是,CC[C@@H](C)[C@@H](C(=O)O)NC,https://www.rcsb.org/ligand/WZJ
仅结构参考,X1B,"{(4Z)-2-[(1S)-1-amino-2-(1-methyl-1H-imidazol-5-yl)ethyl]-4-[(4-hydroxyphenyl)methylidene]-5-oxo-4,5-dihydro-1H-imidazol-1-yl}acetaldehyde",C18 H19 N5 O4,369.375,l-peptide linking,GLY / HIS / TYR,芳香／疏水侧链,结构身份可保留，但复杂度、反应性或极性风险不适合进入默认研发库,分子量超过300 Da，单体复杂度和环肽总分子量负担较高,是,Cn1cncc1C[C@@H](C2=N/C(=C\c3ccc(cc3)O)/C(=O)N2CC(=O)O)N,https://www.rcsb.org/ligand/X1B
明确排除,X2W,N-ACETYL-L-GLUTAMYL 5-PHOSPHATE,C7 H12 N O8 P,269.146,l-peptide linking,GLU,极性／带电侧链,主链氨基被端基化，不能按普通内部残基直接偶联,,否,CC(=O)N[C@@H](CCC(=O)OP(=O)(O)O)C(=O)O,https://www.rcsb.org/ligand/X2W
条件候选,X5H,(~{E})-6-(2-hydroxy-2-oxoethylamino)hex-4-enoic acid,C8 H13 N O4,187.193,peptide linking,,极性／带电侧链,保留为条件候选；是否有价值取决于具体位点、保护策略和整环性质,CCD仅标为通用peptide linking，需确认真实主链连接几何；CCD未指定标准氨基酸母体，需确认它是独立残基而非氨基酸样片段；以极性/带电特征为主，不宜默认用于提高被动渗透性,是,C(CC(=O)O)/C=C/CNCC(=O)O,https://www.rcsb.org/ligand/X5H
仅结构参考,X5U,(S)-alpha-methyl-4-Iodophenylalanine,C10 H12 I N O2,305.112,l-peptide linking,PHE,α位取代,结构身份可保留，但复杂度、反应性或极性风险不适合进入默认研发库,分子量超过300 Da，单体复杂度和环肽总分子量负担较高,是,C[C@](Cc1ccc(cc1)I)(C(=O)O)N,https://www.rcsb.org/ligand/X5U
条件候选,X60,2-ethyl-L-norvaline,C7 H15 N O2,145.199,l-peptide linking,VAL,其他CCD肽链核心,保留为条件候选；是否有价值取决于具体位点、保护策略和整环性质,,是,CCC[C@@](CC)(C(=O)O)N,https://www.rcsb.org/ligand/X60
优先研发候选,X6E,2-ethyl-D-norvaline,C7 H15 N O2,145.199,d-peptide linking,,D-构型,属于D-构型方向，可用于口服环肽的构象/稳定性/主链极性扫描,CCD未指定标准氨基酸母体，需确认它是独立残基而非氨基酸样片段,是,CCC[C@](CC)(C(=O)O)N,https://www.rcsb.org/ligand/X6E
条件候选,X9Q,"{(2S)-2-[(1S)-1-AMINOETHYL]-4-BENZYL-5-OXO-2,5-DIHYDRO-1H-IMIDAZOL-1-YL}ACETIC ACID",C14 H17 N3 O3,275.303,l-peptide linking,ALA / GLY / PHE,芳香／疏水侧链,保留为条件候选；是否有价值取决于具体位点、保护策略和整环性质,分子量超过250 Da，需关注偶联效率、溶解度和总环肽体积,是,C[C@@H](C1N=C(C(=O)N1CC(=O)O)Cc2ccccc2)N,https://www.rcsb.org/ligand/X9Q
条件候选,XA6,(2S)-3-(4-aminocarbonylphenyl)-2-azanyl-propanoic acid,C10 H12 N2 O3,208.214,l-peptide linking,PHE,芳香／疏水侧链,保留为条件候选；是否有价值取决于具体位点、保护策略和整环性质,,是,c1cc(ccc1C[C@@H](C(=O)O)N)C(=O)N,https://www.rcsb.org/ligand/XA6
条件候选,XC0,(2S)-2-aminooctanoic acid,C8 H17 N O2,159.226,l-peptide linking,,其他CCD肽链核心,保留为条件候选；是否有价值取决于具体位点、保护策略和整环性质,CCD未指定标准氨基酸母体，需确认它是独立残基而非氨基酸样片段,是,CCCCCC[C@@H](C(=O)O)N,https://www.rcsb.org/ligand/XC0
条件候选,XCN,S-cyano-L-cysteine,C4 H6 N2 O2 S,146.168,l-peptide linking,CYS,卤代／电子调节,保留为条件候选；是否有价值取决于具体位点、保护策略和整环性质,,是,C([C@@H](C(=O)O)N)SC#N,https://www.rcsb.org/ligand/XCN
优先研发候选,XDT,O-methyl-D-allothreonine,C5 H11 N O3,133.146,d-peptide linking,DTH,D-构型,属于D-构型方向，可用于口服环肽的构象/稳定性/主链极性扫描；CCD给出标准母体残基，便于设计成对替换实验,,是,CC([C@H](C(=O)O)N)OC,https://www.rcsb.org/ligand/XDT
仅结构参考,XOK,(2~{S})-2-azanyl-6-[[(6~{S})-6-sulfanyloctanoyl]amino]hexanoic acid,C14 H28 N2 O3 S,304.449,l-peptide linking,lys,极性／带电侧链,结构身份可保留，但复杂度、反应性或极性风险不适合进入默认研发库,分子量超过300 Da，单体复杂度和环肽总分子量负担较高；以极性/带电特征为主，不宜默认用于提高被动渗透性,是,CC[C@@H](CCCCC(=O)NCCCC[C@@H](C(=O)O)N)S,https://www.rcsb.org/ligand/XOK
条件候选,XPL,"N~6~-[(3R,5R)-5-amino-3-methyl-D-prolyl]-L-lysine",C12 H24 N4 O3,272.344,l-peptide linking,PYL,极性／带电侧链,保留为条件候选；是否有价值取决于具体位点、保护策略和整环性质,分子量超过250 Da，需关注偶联效率、溶解度和总环肽体积；以极性/带电特征为主，不宜默认用于提高被动渗透性,是,C[C@@H]1C[C@@H](N[C@H]1C(=O)NCCCC[C@@H](C(=O)O)N)N,https://www.rcsb.org/ligand/XPL
条件候选,XPR,"(2S,3aS,6R,7aS)-6-(sulfooxy)octahydro-1H-indole-2-carboxylic acid",C9 H15 N O6 S,265.283,l-peptide linking,PRO,极性／带电侧链,保留为条件候选；是否有价值取决于具体位点、保护策略和整环性质,分子量超过250 Da，需关注偶联效率、溶解度和总环肽体积；以极性/带电特征为主，不宜默认用于提高被动渗透性,是,C1C[C@H](C[C@H]2[C@@H]1C[C@H](N2)C(=O)O)OS(=O)(=O)O,https://www.rcsb.org/ligand/XPR
优先研发候选,XRE,5-hydroxyproline,C5 H9 N O3,131.13,l-peptide linking,PRO,构象限制,属于构象限制方向，可用于口服环肽的构象/稳定性/主链极性扫描；CCD给出标准母体残基，便于设计成对替换实验,,是,C1C[C@@H](N[C@@H]1C(=O)O)O,https://www.rcsb.org/ligand/XRE
条件候选,XRW,N~6~-[(2S)-2-hydroxypropanoyl]-L-lysine,C9 H18 N2 O4,218.25,l-peptide linking,LYS,极性／带电侧链,保留为条件候选；是否有价值取决于具体位点、保护策略和整环性质,以极性/带电特征为主，不宜默认用于提高被动渗透性,是,C[C@@H](C(=O)NCCCC[C@@H](C(=O)O)N)O,https://www.rcsb.org/ligand/XRW
条件候选,XSN,L-alpha-asparagine,C4 H8 N2 O3,132.118,l-peptide linking,ASN,极性／带电侧链,保留为条件候选；是否有价值取决于具体位点、保护策略和整环性质,以极性/带电特征为主，不宜默认用于提高被动渗透性,是,C([C@@H](C(=O)N)N)C(=O)O,https://www.rcsb.org/ligand/XSN
条件候选,XW1,(2S)-2-amino-7-ethoxy-7-oxoheptanoic acid,C9 H17 N O4,203.236,l-peptide linking,ALA,极性／带电侧链,保留为条件候选；是否有价值取决于具体位点、保护策略和整环性质,以极性/带电特征为主，不宜默认用于提高被动渗透性,是,CCOC(=O)CCCC[C@@H](C(=O)O)N,https://www.rcsb.org/ligand/XW1
仅结构参考,XX1,N~6~-7H-PURIN-6-YL-L-LYSINE,C11 H16 N6 O2,264.284,l-peptide linking,LYS,芳香／疏水侧链,结构身份可保留，但复杂度、反应性或极性风险不适合进入默认研发库,分子量超过250 Da，需关注偶联效率、溶解度和总环肽体积；杂原子较多，可能增加暴露极性和去溶剂化代价,是,c1[nH]c2c(n1)ncnc2NCCCC[C@@H](C(=O)O)N,https://www.rcsb.org/ligand/XX1
条件候选,XXA,"2,4,5-trideoxy-2-(methylamino)-4-[(2E)-penta-2,4-dien-1-yl]-L-xylonic acid",C11 H19 N O3,213.273,l-peptide linking,,极性／带电侧链,保留为条件候选；是否有价值取决于具体位点、保护策略和整环性质,CCD未指定标准氨基酸母体，需确认它是独立残基而非氨基酸样片段；以极性/带电特征为主，不宜默认用于提高被动渗透性,是,C[C@H](C/C=C/C=C)[C@H]([C@@H](C(=O)O)NC)O,https://www.rcsb.org/ligand/XXA
条件候选,XXY,"2-[(1R,2R)-1-amino-2-hydroxypropyl]-1-(carboxymethyl)-4-(1H-imidazol-5-ylmethyl)-1H-imidazol-5-olate",C12 H16 N5 O4,294.287,l-peptide linking,GLY / HIS / THR,芳香／疏水侧链,保留为条件候选；是否有价值取决于具体位点、保护策略和整环性质,分子量超过250 Da，需关注偶联效率、溶解度和总环肽体积,是,C[C@H]([C@@H](c1nc(c(n1CC(=O)O)[O-])Cc2cnc[nH]2)N)O,https://www.rcsb.org/ligand/XXY
优先研发候选,XYC,(2~{S})-2-azanyl-3-cyclopentyl-propanoic acid,C8 H15 N O2,157.21,l-peptide linking,ALA,构象限制,属于构象限制方向，可用于口服环肽的构象/稳定性/主链极性扫描；CCD给出标准母体残基，便于设计成对替换实验,,是,C1CCC(C1)C[C@@H](C(=O)O)N,https://www.rcsb.org/ligand/XYC
条件候选,XYG,"[(4Z)-2-[(1Z)-ETHANIMIDOYL]-4-(4-HYDROXYBENZYLIDENE)-5-OXO-4,5-DIHYDRO-1H-IMIDAZOL-1-YL]ACETIC ACID",C14 H13 N3 O4,287.271,l-peptide linking,ASP / GLY / TYR,芳香／疏水侧链,保留为条件候选；是否有价值取决于具体位点、保护策略和整环性质,分子量超过250 Da，需关注偶联效率、溶解度和总环肽体积,是,[H]/N=C(\C)/C1=N/C(=C\c2ccc(cc2)O)/C(=O)N1CC(=O)O,https://www.rcsb.org/ligand/XYG
条件候选,Y1V,(4R)-5-amino-L-leucine,C6 H14 N2 O2,146.188,l-peptide linking,LEU,极性／带电侧链,保留为条件候选；是否有价值取决于具体位点、保护策略和整环性质,以极性/带电特征为主，不宜默认用于提高被动渗透性,是,C[C@H](C[C@@H](C(=O)O)N)CN,https://www.rcsb.org/ligand/Y1V
仅结构参考,Y28,O-benzyl-N-(carboxycarbonyl)-D-tyrosine,C18 H17 N O6,343.331,d-peptide linking,,D-构型,结构身份可保留，但复杂度、反应性或极性风险不适合进入默认研发库,分子量超过300 Da，单体复杂度和环肽总分子量负担较高；CCD未指定标准氨基酸母体，需确认它是独立残基而非氨基酸样片段,是,c1ccc(cc1)COc2ccc(cc2)C[C@H](C(=O)O)NC(=O)C(=O)O,https://www.rcsb.org/ligand/Y28
条件候选,Y57,N~6~-(2-phenylethyl)-N~6~-propan-2-yl-L-lysine,C17 H28 N2 O2,292.416,l-peptide linking,LYS,芳香／疏水侧链,保留为条件候选；是否有价值取决于具体位点、保护策略和整环性质,分子量超过250 Da，需关注偶联效率、溶解度和总环肽体积,是,CC(C)N(CCCC[C@@H](C(=O)O)N)CCc1ccccc1,https://www.rcsb.org/ligand/Y57
优先研发候选,YBR,N-methyl-D-glutamic acid,C6 H11 N O4,161.156,d-peptide linking,,N-取代,属于N-取代方向，可用于口服环肽的构象/稳定性/主链极性扫描,CCD未指定标准氨基酸母体，需确认它是独立残基而非氨基酸样片段,是,CN[C@H](CCC(=O)O)C(=O)O,https://www.rcsb.org/ligand/YBR
条件候选,YC3,3-[2-(sulfanylmethyl)phenyl]-L-phenylalanine,C16 H17 N O2 S,287.377,l-peptide linking,PHE,芳香／疏水侧链,保留为条件候选；是否有价值取决于具体位点、保护策略和整环性质,分子量超过250 Da，需关注偶联效率、溶解度和总环肽体积,是,c1ccc(c(c1)CS)c2cccc(c2)C[C@@H](C(=O)O)N,https://www.rcsb.org/ligand/YC3
条件候选,YCM,S-(2-AMINO-2-OXOETHYL)-L-CYSTEINE,C5 H10 N2 O3 S,178.209,l-peptide linking,CYS,极性／带电侧链,保留为条件候选；是否有价值取决于具体位点、保护策略和整环性质,以极性/带电特征为主，不宜默认用于提高被动渗透性,是,C([C@@H](C(=O)O)N)SCC(=O)N,https://www.rcsb.org/ligand/YCM
优先研发候选,YCP,(2S)-piperidine-2-carboxylic acid,C6 H11 N O2,129.157,l-peptide linking,,构象限制,属于构象限制方向，可用于口服环肽的构象/稳定性/主链极性扫描,CCD未指定标准氨基酸母体，需确认它是独立残基而非氨基酸样片段,是,C1CCN[C@@H](C1)C(=O)O,https://www.rcsb.org/ligand/YCP
条件候选,YD5,N-(2-carboxyethyl)-L-alanine,C6 H11 N O4,161.156,l-peptide linking,,极性／带电侧链,保留为条件候选；是否有价值取决于具体位点、保护策略和整环性质,CCD未指定标准氨基酸母体，需确认它是独立残基而非氨基酸样片段；以极性/带电特征为主，不宜默认用于提高被动渗透性,是,C[C@@H](C(=O)O)NCCC(=O)O,https://www.rcsb.org/ligand/YD5
条件候选,YF5,Agmatinamic acid,C10 H22 N4 O5,278.305,peptide linking,YFZ,极性／带电侧链,保留为条件候选；是否有价值取决于具体位点、保护策略和整环性质,分子量超过250 Da，需关注偶联效率、溶解度和总环肽体积；CCD仅标为通用peptide linking，需确认真实主链连接几何；以极性/带电特征为主，不宜默认用于提高被动渗透性,是,[H]/N=C(\N)/NCCC[C@H]([C@H](C[C@@H]([C@H](C(=O)O)O)O)O)N,https://www.rcsb.org/ligand/YF5
优先研发候选,YFQ,beta-N-methylamino-L-alanine,C4 H10 N2 O2,118.134,l-peptide linking,ALA,N-取代,属于N-取代方向，可用于口服环肽的构象/稳定性/主链极性扫描；CCD给出标准母体残基，便于设计成对替换实验,,是,CNC[C@@H](C(=O)O)N,https://www.rcsb.org/ligand/YFQ
条件候选,YFZ,(-)-Galantinic acid,C7 H15 N O5,193.198,peptide linking,,极性／带电侧链,保留为条件候选；是否有价值取决于具体位点、保护策略和整环性质,CCD仅标为通用peptide linking，需确认真实主链连接几何；CCD未指定标准氨基酸母体，需确认它是独立残基而非氨基酸样片段；以极性/带电特征为主，不宜默认用于提高被动渗透性,是,C([C@@H](CC(=O)O)O)[C@@H]([C@H](CO)N)O,https://www.rcsb.org/ligand/YFZ
条件候选,YHA,Homocitrulline,C7 H15 N3 O3,189.212,l-peptide linking,LYS,极性／带电侧链,保留为条件候选；是否有价值取决于具体位点、保护策略和整环性质,以极性/带电特征为主，不宜默认用于提高被动渗透性,是,C(CCNC(=O)N)C[C@@H](C(=O)O)N,https://www.rcsb.org/ligand/YHA
优先研发候选,YNM,N-METHYL-L-TYROSINE,C10 H13 N O3,195.215,l-peptide linking,TYR,N-取代,属于N-取代方向，可用于口服环肽的构象/稳定性/主链极性扫描；CCD给出标准母体残基，便于设计成对替换实验,,是,CN[C@@H](Cc1ccc(cc1)O)C(=O)O,https://www.rcsb.org/ligand/YNM
条件候选,YOF,3-FLUOROTYROSINE,C9 H10 F N O3,199.179,l-peptide linking,TYR,卤代／电子调节,保留为条件候选；是否有价值取决于具体位点、保护策略和整环性质,,是,c1cc(c(cc1C[C@@H](C(=O)O)N)F)O,https://www.rcsb.org/ligand/YOF
仅结构参考,YPR,(4R)-4-[(7-methoxy-2-phenylquinolin-4-yl)oxy]-L-proline,C21 H20 N2 O4,364.395,l-peptide linking,PRO,构象限制,结构身份可保留，但复杂度、反应性或极性风险不适合进入默认研发库,分子量超过300 Da，单体复杂度和环肽总分子量负担较高,是,COc1ccc2c(c1)nc(cc2O[C@@H]3C[C@H](NC3)C(=O)O)c4ccccc4,https://www.rcsb.org/ligand/YPR
仅结构参考,YPZ,"3-[(3Z)-4-hydroxy-6-oxo-3-(2-phenylhydrazinylidene)cyclohexa-1,4-dien-1-yl]-L-alanine",C15 H15 N3 O4,301.297,l-peptide linking,TYR,构象限制,结构身份可保留，但复杂度、反应性或极性风险不适合进入默认研发库,分子量超过300 Da，单体复杂度和环肽总分子量负担较高,是,c1ccc(cc1)N/N=C\2/C=C(C(=O)C=C2O)C[C@@H](C(=O)O)N,https://www.rcsb.org/ligand/YPZ
条件候选,YRV,S-[(3-methylphenyl)methyl]-L-cysteine,C11 H15 N O2 S,225.307,l-peptide linking,CYS,芳香／疏水侧链,保留为条件候选；是否有价值取决于具体位点、保护策略和整环性质,,是,Cc1cccc(c1)CSC[C@@H](C(=O)O)N,https://www.rcsb.org/ligand/YRV
仅结构参考,YTH,O-phosphono-L-allothreonine,C4 H10 N O6 P,199.099,l-peptide linking,THR,极性／带电侧链,结构身份可保留，但复杂度、反应性或极性风险不适合进入默认研发库,含磷酸/膦酸相关结构，通常不利于被动跨膜，除非有专门遮蔽设计；以极性/带电特征为主，不宜默认用于提高被动渗透性,是,C[C@@H]([C@@H](C(=O)O)N)OP(=O)(O)O,https://www.rcsb.org/ligand/YTH
条件候选,YTL,(2~{S})-2-(2-azanylethanoyloxy)-3-(4-hydroxyphenyl)propanoic acid,C11 H13 N O5,239.225,l-peptide linking,TYR,芳香／疏水侧链,保留为条件候选；是否有价值取决于具体位点、保护策略和整环性质,,是,c1cc(ccc1C[C@@H](C(=O)O)OC(=O)CN)O,https://www.rcsb.org/ligand/YTL
条件候选,YWF,gamma-aminobutenoic acid,C4 H7 N O2,101.104,peptide linking,ABU,其他CCD肽链核心,保留为条件候选；是否有价值取决于具体位点、保护策略和整环性质,CCD仅标为通用peptide linking，需确认真实主链连接几何,是,C(/C=C/C(=O)O)N,https://www.rcsb.org/ligand/YWF
条件候选,YYA,"2,4,5-trideoxy-2-(methylamino)-4-[(2Z)-penta-2,4-dien-1-yl]-L-xylonic acid",C11 H19 N O3,213.273,l-peptide linking,,极性／带电侧链,保留为条件候选；是否有价值取决于具体位点、保护策略和整环性质,CCD未指定标准氨基酸母体，需确认它是独立残基而非氨基酸样片段；以极性/带电特征为主，不宜默认用于提高被动渗透性,是,C[C@H](C/C=C\C=C)[C@H]([C@@H](C(=O)O)NC)O,https://www.rcsb.org/ligand/YYA
条件候选,Z01,"3-[(2,2-dimethylpropanoyl)amino]-L-alanine",C8 H16 N2 O3,188.224,l-peptide linking,ALA,极性／带电侧链,保留为条件候选；是否有价值取决于具体位点、保护策略和整环性质,以极性/带电特征为主，不宜默认用于提高被动渗透性,是,CC(C)(C)C(=O)NC[C@@H](C(=O)O)N,https://www.rcsb.org/ligand/Z01
条件候选,Z3E,O-benzyl-L-threonine,C11 H15 N O3,209.242,l-peptide linking,THR,芳香／疏水侧链,保留为条件候选；是否有价值取决于具体位点、保护策略和整环性质,,是,C[C@H]([C@@H](C(=O)O)N)OCc1ccccc1,https://www.rcsb.org/ligand/Z3E
仅结构参考,Z50,"3-{[(3-{[(2-aminoethyl)sulfanyl]methyl}-5-(4-methyl-1H-1,2,3-triazol-1-yl)phenyl)methyl]sulfanyl}propanoic acid",C16 H22 N4 O2 S2,366.501,peptide linking,,芳香／疏水侧链,结构身份可保留，但复杂度、反应性或极性风险不适合进入默认研发库,分子量超过300 Da，单体复杂度和环肽总分子量负担较高；CCD仅标为通用peptide linking，需确认真实主链连接几何；CCD未指定标准氨基酸母体，需确认它是独立残基而非氨基酸样片段,是,Cc1cn(nn1)c2cc(cc(c2)CSCCN)CSCCC(=O)O,https://www.rcsb.org/ligand/Z50
条件候选,Z70,(2S)-2-amino-4-(2-amino-1H-imidazol-5-yl)butanoic acid,C7 H12 N4 O2,184.196,l-peptide linking,HIS,芳香／疏水侧链,保留为条件候选；是否有价值取决于具体位点、保护策略和整环性质,,是,c1c([nH]c(n1)N)CC[C@@H](C(=O)O)N,https://www.rcsb.org/ligand/Z70
条件候选,Z9J,3-{[(3-{[(2-aminoethyl)sulfanyl]methyl}phenyl)methyl]sulfanyl}propanoic acid,C13 H19 N O2 S2,285.425,peptide linking,,芳香／疏水侧链,保留为条件候选；是否有价值取决于具体位点、保护策略和整环性质,分子量超过250 Da，需关注偶联效率、溶解度和总环肽体积；CCD仅标为通用peptide linking，需确认真实主链连接几何；CCD未指定标准氨基酸母体，需确认它是独立残基而非氨基酸样片段,是,c1cc(cc(c1)CSCCN)CSCCC(=O)O,https://www.rcsb.org/ligand/Z9J
优先研发候选,ZAE,N-methyl-D-phenylalanine,C10 H13 N O2,179.216,d-peptide linking,,N-取代,属于N-取代方向，可用于口服环肽的构象/稳定性/主链极性扫描,CCD未指定标准氨基酸母体，需确认它是独立残基而非氨基酸样片段,是,CN[C@H](Cc1ccccc1)C(=O)O,https://www.rcsb.org/ligand/ZAE
明确排除,ZAI,(2~{S})-2-azanyl-6-[[(~{R})-[2-methyl-3-oxidanyl-5-(phosphonooxymethyl)pyridin-4-yl]-[[(2~{S})-1-oxidanyl-1-oxidanylidene-3-sulfanyl-propan-2-yl]amino]methyl]amino]hexanoic acid,C17 H29 N4 O9 P S,496.472,peptide linking,LYS,芳香／疏水侧链,分子量超过450 Da，优先视为复杂整分子而非通用残基,,否,Cc1c(c(c(cn1)COP(=O)(O)O)[C@H](NCCCC[C@@H](C(=O)O)N)N[C@H](CS)C(=O)O)O,https://www.rcsb.org/ligand/ZAI
优先研发候选,ZAL,3-cyclohexyl-D-alanine,C9 H17 N O2,171.237,d-peptide linking,,D-构型,属于D-构型方向，可用于口服环肽的构象/稳定性/主链极性扫描,CCD未指定标准氨基酸母体，需确认它是独立残基而非氨基酸样片段,是,C1CCC(CC1)C[C@H](C(=O)O)N,https://www.rcsb.org/ligand/ZAL
条件候选,ZBZ,S-(phenylcarbonyl)-L-cysteine,C10 H11 N O3 S,225.264,l-peptide linking,CYS,芳香／疏水侧链,保留为条件候选；是否有价值取决于具体位点、保护策略和整环性质,,是,c1ccc(cc1)C(=O)SC[C@@H](C(=O)O)N,https://www.rcsb.org/ligand/ZBZ
条件候选,ZCL,"3,4-dichloro-L-phenylalanine",C9 H9 Cl2 N O2,234.079,l-peptide linking,PHE,卤代／电子调节,保留为条件候选；是否有价值取决于具体位点、保护策略和整环性质,,是,c1cc(c(cc1C[C@@H](C(=O)O)N)Cl)Cl,https://www.rcsb.org/ligand/ZCL
条件候选,ZDJ,3-methyl-L-tyrosine,C10 H13 N O3,195.215,l-peptide linking,TYR,芳香／疏水侧链,保留为条件候选；是否有价值取决于具体位点、保护策略和整环性质,,是,Cc1cc(ccc1O)C[C@@H](C(=O)O)N,https://www.rcsb.org/ligand/ZDJ
仅结构参考,ZFB,(3R)-3-{[(BENZYLOXY)CARBONYL]AMINO}-2-OXO-4-PHENYLBUTANE-1-DIAZONIUM,C18 H18 N3 O3,324.354,l-peptide linking,,芳香／疏水侧链,结构身份可保留，但复杂度、反应性或极性风险不适合进入默认研发库,分子量超过300 Da，单体复杂度和环肽总分子量负担较高；名称提示反应性官能团或中间体，需要确认能否承受偶联和脱保护条件；CCD未指定标准氨基酸母体，需确认它是独立残基而非氨基酸样片段,是,c1ccc(cc1)C[C@H](C(=O)C[N+]#N)NC(=O)OCc2ccccc2,https://www.rcsb.org/ligand/ZFB
优先研发候选,ZGL,D-alpha-glutamine,C5 H10 N2 O3,146.144,d-peptide linking,,D-构型,属于D-构型方向，可用于口服环肽的构象/稳定性/主链极性扫描,CCD未指定标准氨基酸母体，需确认它是独立残基而非氨基酸样片段,是,C(CC(=O)O)[C@H](C(=O)N)N,https://www.rcsb.org/ligand/ZGL
明确排除,ZI0,N-MALONYL-PROLINE,C8 H11 N O5,201.177,l-peptide linking,PRO,构象限制,主链氨基被端基化，不能按普通内部残基直接偶联,,否,C1CC(N(C1)C(=O)CC(=O)O)C(=O)O,https://www.rcsb.org/ligand/ZI0
优先研发候选,ZIQ,alpha-methyl-L-tryptophan,C12 H14 N2 O2,218.252,l-peptide linking,TRP,α位取代,属于α位取代方向，可用于口服环肽的构象/稳定性/主链极性扫描；CCD给出标准母体残基，便于设计成对替换实验,,是,C[C@](Cc1c[nH]c2c1cccc2)(C(=O)O)N,https://www.rcsb.org/ligand/ZIQ
明确排除,ZJU,N-SUCCINYL-ASPARTIC ACID,C8 H11 N O7,233.175,l-peptide linking,ASP,极性／带电侧链,主链氨基被端基化，不能按普通内部残基直接偶联,,否,C(CC(=O)O)C(=O)NC(CC(=O)O)C(=O)O,https://www.rcsb.org/ligand/ZJU
明确排除,ZKO,N-SUCCINYL-GLUTAMINE,C9 H14 N2 O6,246.217,l-peptide linking,GLN,极性／带电侧链,主链氨基被端基化，不能按普通内部残基直接偶联,,否,C(CC(=O)N)C(C(=O)O)NC(=O)CCC(=O)O,https://www.rcsb.org/ligand/ZKO
条件候选,ZLF,"S-(1-FLUORO-3,5-DIMETHYLBENZENE)-CYSTEINE",C11 H14 F N O2 S,243.298,l-peptide linking,CYS,卤代／电子调节,保留为条件候选；是否有价值取决于具体位点、保护策略和整环性质,,是,Cc1cc(cc(c1)F)CSCC(C(=O)O)N,https://www.rcsb.org/ligand/ZLF
优先研发候选,ZNY,(4R)-4-ethoxy-L-proline,C7 H13 N O3,159.183,l-peptide linking,,构象限制,属于构象限制方向，可用于口服环肽的构象/稳定性/主链极性扫描,CCD未指定标准氨基酸母体，需确认它是独立残基而非氨基酸样片段,是,CCO[C@@H]1C[C@H](NC1)C(=O)O,https://www.rcsb.org/ligand/ZNY
明确排除,ZQN,N-(TERT-BUTYLOXYCARBONYL)-VALINE,C10 H19 N O4,217.262,l-peptide linking,VAL,极性／带电侧链,CCD记录对应明显保护体，不能把保护体本身当作最终残基,,否,CC(C)C(C(=O)O)NC(=O)OC(C)(C)C,https://www.rcsb.org/ligand/ZQN
条件候选,ZRF,"2-[(4E)-2-[(1S)-1-aminoethyl]-4-(hydroxymethylidene)-5-oxo-4,5-dihydro-1H-imidazol-1-yl]acetic acid",C8 H11 N3 O4,213.191,l-peptide linking,ALA / GLY / SER,极性／带电侧链,保留为条件候选；是否有价值取决于具体位点、保护策略和整环性质,以极性/带电特征为主，不宜默认用于提高被动渗透性,是,CC(C1=N/C(=C/O)/C(=O)N1CC(=O)O)N,https://www.rcsb.org/ligand/ZRF
明确排除,ZRJ,"tert-butyl (2S)-2-amino-2-(3,5-dimethoxyphenyl)acetate",C14 H21 N O4,267.321,l-peptide linking,,芳香／疏水侧链,结构中未识别到可用于常规肽键形成的游离羧基,,否,CC(C)(C)OC(=O)C(c1cc(cc(c1)OC)OC)N,https://www.rcsb.org/ligand/ZRJ
优先研发候选,ZSX,(2R)-amino(4-methoxyphenyl)acetic acid,C9 H11 N O3,181.189,d-peptide linking,GLY,D-构型,属于D-构型方向，可用于口服环肽的构象/稳定性/主链极性扫描；CCD给出标准母体残基，便于设计成对替换实验,,是,COc1ccc(cc1)[C@H](C(=O)O)N,https://www.rcsb.org/ligand/ZSX
仅结构参考,ZT6,(betaR)-3-chloro-beta-{[tri(propan-2-yl)silyl]oxy}-L-tyrosine,C18 H30 Cl N O4 Si,387.974,l-peptide linking,TYR,卤代／电子调节,结构身份可保留，但复杂度、反应性或极性风险不适合进入默认研发库,分子量超过300 Da，单体复杂度和环肽总分子量负担较高；含硅结构常见于保护或特殊合成中间体，需要人工确认最终残基形态,是,CC(C)[Si](C(C)C)(C(C)C)O[C@H](c1ccc(c(c1)Cl)O)[C@@H](C(=O)O)N,https://www.rcsb.org/ligand/ZT6
明确排除,ZT9,(2R)-amino(4-methoxyphenyl)ethanethioic O-acid,C9 H11 N O2 S,197.254,d-peptide linking,,D-构型,结构中未识别到可用于常规肽键形成的游离羧基,,否,COc1ccc(cc1)[C@H](C(=S)O)N,https://www.rcsb.org/ligand/ZT9
优先研发候选,ZTC,"(2S)-amino(3,5-dimethoxyphenyl)acetic acid",C10 H13 N O4,211.215,d-peptide linking,,D-构型,属于D-构型方向，可用于口服环肽的构象/稳定性/主链极性扫描,CCD未指定标准氨基酸母体，需确认它是独立残基而非氨基酸样片段,是,COc1cc(cc(c1)OC)[C@@H](C(=O)O)N,https://www.rcsb.org/ligand/ZTC
仅结构参考,ZTG,(betaR)-3-chloro-beta-{[tri(propan-2-yl)silyl]oxy}-D-tyrosine,C18 H30 Cl N O4 Si,387.974,d-peptide linking,,D-构型,结构身份可保留，但复杂度、反应性或极性风险不适合进入默认研发库,分子量超过300 Da，单体复杂度和环肽总分子量负担较高；含硅结构常见于保护或特殊合成中间体，需要人工确认最终残基形态；CCD未指定标准氨基酸母体，需确认它是独立残基而非氨基酸样片段,是,CC(C)[Si](C(C)C)(C(C)C)O[C@H](c1ccc(c(c1)Cl)O)[C@H](C(=O)O)N,https://www.rcsb.org/ligand/ZTG
条件候选,ZTK,(2S)-2-amino-3-cyanopropanoic acid,C4 H6 N2 O2,114.103,l-peptide linking,ALA,卤代／电子调节,保留为条件候选；是否有价值取决于具体位点、保护策略和整环性质,,是,C(C#N)[C@@H](C(=O)O)N,https://www.rcsb.org/ligand/ZTK
条件候选,ZU0,O-tert-butyl-L-threonine,C8 H17 N O3,175.225,l-peptide linking,THR,极性／带电侧链,保留为条件候选；是否有价值取决于具体位点、保护策略和整环性质,以极性/带电特征为主，不宜默认用于提高被动渗透性,是,C[C@H]([C@@H](C(=O)O)N)OC(C)(C)C,https://www.rcsb.org/ligand/ZU0
优先研发候选,ZUK,5-pyrimidin-2-yl-D-norvaline,C9 H13 N3 O2,195.218,d-peptide linking,,D-构型,属于D-构型方向，可用于口服环肽的构象/稳定性/主链极性扫描,CCD未指定标准氨基酸母体，需确认它是独立残基而非氨基酸样片段,是,c1cnc(nc1)CCC[C@H](C(=O)O)N,https://www.rcsb.org/ligand/ZUK
仅结构参考,ZV4,(2S)-2-azanyl-3-(4-phosphonophenyl)propanoic acid,C9 H12 N O5 P,245.169,l-peptide linking,PHE,芳香／疏水侧链,结构身份可保留，但复杂度、反应性或极性风险不适合进入默认研发库,含磷酸/膦酸相关结构，通常不利于被动跨膜，除非有专门遮蔽设计,是,c1cc(ccc1C[C@@H](C(=O)O)N)P(=O)(O)O,https://www.rcsb.org/ligand/ZV4
条件候选,ZY9,6-(aminomethyl)pyridine-2-carboxylic acid,C7 H8 N2 O2,152.151,l-peptide linking,,芳香／疏水侧链,保留为条件候选；是否有价值取决于具体位点、保护策略和整环性质,CCD未指定标准氨基酸母体，需确认它是独立残基而非氨基酸样片段,是,c1cc(nc(c1)C(=O)O)CN,https://www.rcsb.org/ligand/ZY9
条件候选,ZYJ,"(4R)-4-({[(1E)-(3,4-dimethoxyphenyl)methylidene]amino}oxy)-L-proline",C14 H18 N2 O5,294.303,l-peptide linking,PRO,构象限制,保留为条件候选；是否有价值取决于具体位点、保护策略和整环性质,分子量超过250 Da，需关注偶联效率、溶解度和总环肽体积,是,COc1ccc(cc1OC)/C=N/O[C@@H]2C[C@H](NC2)C(=O)O,https://www.rcsb.org/ligand/ZYJ
仅结构参考,ZYK,"(4R)-4-({[(3,4-dimethoxyphenyl)carbonyl]amino}oxy)-L-proline",C14 H18 N2 O6,310.303,l-peptide linking,PRO,构象限制,结构身份可保留，但复杂度、反应性或极性风险不适合进入默认研发库,分子量超过300 Da，单体复杂度和环肽总分子量负担较高,是,COc1ccc(cc1OC)C(=O)NO[C@@H]2C[C@H](NC2)C(=O)O,https://www.rcsb.org/ligand/ZYK
明确排除,ZZD,S-TRITYL-L-CYSTEINE,C22 H21 N O2 S,363.473,l-peptide linking,CYS,芳香／疏水侧链,CCD记录对应明显保护体，不能把保护体本身当作最终残基,,否,c1ccc(cc1)C(c2ccccc2)(c3ccccc3)SC[C@@H](C(=O)O)N,https://www.rcsb.org/ligand/ZZD
明确排除,ZZJ,N^2^-methyl-L-alaninamide,C4 H10 N2 O,102.135,l-peptide linking,ALA,极性／带电侧链,结构中未识别到可用于常规肽键形成的游离羧基,,否,C[C@@H](C(=O)N)NC,https://www.rcsb.org/ligand/ZZJ
条件候选,ZZU,"(2S,3S)-3-HYDROXYARGININE",C6 H14 N4 O3,190.2,l-peptide linking,,极性／带电侧链,保留为条件候选；是否有价值取决于具体位点、保护策略和整环性质,CCD未指定标准氨基酸母体，需确认它是独立残基而非氨基酸样片段；以极性/带电特征为主，不宜默认用于提高被动渗透性,是,C(CNC(=N)N)[C@@H]([C@@H](C(=O)O)N)O,https://www.rcsb.org/ligand/ZZU
