使用证据状态,CCD编号,名称,聚合物实体数,≤50残基短肽实体数,示例PDB,查询依据
短肽聚合物命中,004,(2S)-amino(phenyl)ethanoic acid,29,29,1SM1 / 1YIT / 1YJW / 2Z2P / 4U1U,RCSB polymer entity chem_comp_monomers; short-polymer adds entity_poly.rcsb_sample_sequence_length <= 50.
暂无聚合物命中,00B,"(4R)-5,5-dimethyl-1,3-thiazolidine-4-carboxylic acid",0,0,,RCSB polymer entity chem_comp_monomers; short-polymer adds entity_poly.rcsb_sample_sequence_length <= 50.
短肽聚合物命中,00C,3-sulfo-D-alanine,2,1,3FII,RCSB polymer entity chem_comp_monomers; short-polymer adds entity_poly.rcsb_sample_sequence_length <= 50.
短肽聚合物命中,00E,morpholin-4-ylacetic acid,7,7,5CGG / 9QB4 / 9QBE / 9QBW / 9QBY,RCSB polymer entity chem_comp_monomers; short-polymer adds entity_poly.rcsb_sample_sequence_length <= 50.
暂无聚合物命中,00O,beta-phenyl-D-phenylalanine,0,0,,RCSB polymer entity chem_comp_monomers; short-polymer adds entity_poly.rcsb_sample_sequence_length <= 50.
暂无聚合物命中,01N,N-(carboxymethyl)-3-cyclohexyl-D-alanine,0,0,,RCSB polymer entity chem_comp_monomers; short-polymer adds entity_poly.rcsb_sample_sequence_length <= 50.
短肽聚合物命中,01W,"(2S)-2-ammonio-4-[(2,4-dinitrophenyl)amino]butanoate",1,1,3DS9,RCSB polymer entity chem_comp_monomers; short-polymer adds entity_poly.rcsb_sample_sequence_length <= 50.
短肽聚合物命中,02A,(2S)-azetidine-2-carboxylic acid,2,2,5USV / 7YV1,RCSB polymer entity chem_comp_monomers; short-polymer adds entity_poly.rcsb_sample_sequence_length <= 50.
短肽聚合物命中,02K,1-aminocyclohexanecarboxylic acid,6,6,3S8O / 4P9V / 4P9Z / 4TL1 / 6WM1,RCSB polymer entity chem_comp_monomers; short-polymer adds entity_poly.rcsb_sample_sequence_length <= 50.
暂无聚合物命中,02L,"N-(2,2-dimethylpropyl)-L-asparagine",0,0,,RCSB polymer entity chem_comp_monomers; short-polymer adds entity_poly.rcsb_sample_sequence_length <= 50.
暂无聚合物命中,02O,"3-(3-tert-butyl-1,2,4-oxadiazol-5-yl)-L-alanine",0,0,,RCSB polymer entity chem_comp_monomers; short-polymer adds entity_poly.rcsb_sample_sequence_length <= 50.
短肽聚合物命中,02V,"(2S)-(3,4-dihydroxyphenyl)(methylamino)ethanoic acid",1,1,3S04,RCSB polymer entity chem_comp_monomers; short-polymer adds entity_poly.rcsb_sample_sequence_length <= 50.
短肽聚合物命中,02Y,6-diazonio-5-oxo-L-norleucine,1,1,3S3J,RCSB polymer entity chem_comp_monomers; short-polymer adds entity_poly.rcsb_sample_sequence_length <= 50.
暂无聚合物命中,037,"(1S,3aR,6aS)-octahydrocyclopenta[c]pyrrole-1-carboxylic acid",0,0,,RCSB polymer entity chem_comp_monomers; short-polymer adds entity_poly.rcsb_sample_sequence_length <= 50.
短肽聚合物命中,03E,1-aminocycloheptanecarboxylic acid,1,1,3OVE,RCSB polymer entity chem_comp_monomers; short-polymer adds entity_poly.rcsb_sample_sequence_length <= 50.
短肽聚合物命中,03Y,2-methyl-L-cysteine,1,1,3RQD,RCSB polymer entity chem_comp_monomers; short-polymer adds entity_poly.rcsb_sample_sequence_length <= 50.
短肽聚合物命中,04Q,N-benzylglycine,2,2,7JX5 / 9PUF,RCSB polymer entity chem_comp_monomers; short-polymer adds entity_poly.rcsb_sample_sequence_length <= 50.
暂无聚合物命中,04R,"[3-(trifluoromethyl)-4,5,6,7-tetrahydro-1H-indazol-1-yl]acetic acid",0,0,,RCSB polymer entity chem_comp_monomers; short-polymer adds entity_poly.rcsb_sample_sequence_length <= 50.
暂无聚合物命中,04U,"azanylidene-[(3S,5S)-5-carboxypyrrolidin-3-yl]imino-azanium",0,0,,RCSB polymer entity chem_comp_monomers; short-polymer adds entity_poly.rcsb_sample_sequence_length <= 50.
暂无聚合物命中,04V,(2S)-pyrrolidine-2-carboximidic acid,0,0,,RCSB polymer entity chem_comp_monomers; short-polymer adds entity_poly.rcsb_sample_sequence_length <= 50.
短肽聚合物命中,04X,"(2S)-5-(morpholin-4-ylmethyl)-1,2,3,6-tetrahydropyridine-2-carboxylic acid",2,2,4U1V / 4U27,RCSB polymer entity chem_comp_monomers; short-polymer adds entity_poly.rcsb_sample_sequence_length <= 50.
短肽聚合物命中,05N,"(3R,4R)-4-hydroxy-3-methyl-L-proline",2,2,4G5G / 5JBQ,RCSB polymer entity chem_comp_monomers; short-polymer adds entity_poly.rcsb_sample_sequence_length <= 50.
仅较长聚合物命中,05O,(2S)-2-amino-3-[4-(trifluoromethoxy)phenyl]propanal,1,0,7N3J,RCSB polymer entity chem_comp_monomers; short-polymer adds entity_poly.rcsb_sample_sequence_length <= 50.
短肽聚合物命中,060,S-methyl-D-cysteine,2,2,4JNA / 7ROV,RCSB polymer entity chem_comp_monomers; short-polymer adds entity_poly.rcsb_sample_sequence_length <= 50.
仅较长聚合物命中,07O,S-[(2S)-2-phenylpropanoyl]-L-cysteine,1,0,3U19,RCSB polymer entity chem_comp_monomers; short-polymer adds entity_poly.rcsb_sample_sequence_length <= 50.
短肽聚合物命中,08M,N~5~-(pyrazin-2-ylcarbonyl)-L-ornithine,2,2,3U4W / 3U51,RCSB polymer entity chem_comp_monomers; short-polymer adds entity_poly.rcsb_sample_sequence_length <= 50.
暂无聚合物命中,08P,N-(carboxycarbonyl)-D-cysteine,0,0,,RCSB polymer entity chem_comp_monomers; short-polymer adds entity_poly.rcsb_sample_sequence_length <= 50.
暂无聚合物命中,0A0,2-methyl-L-aspartic acid,0,0,,RCSB polymer entity chem_comp_monomers; short-polymer adds entity_poly.rcsb_sample_sequence_length <= 50.
短肽聚合物命中,0A1,O-methyl-L-tyrosine,16,16,10SB / 5LO3 / 6S1U / 6S1V / 6XIE,RCSB polymer entity chem_comp_monomers; short-polymer adds entity_poly.rcsb_sample_sequence_length <= 50.
暂无聚合物命中,0A2,"[(1R)-1,5-diaminopentyl][bis(ethanolato)]hydroxyborate(1-)",0,0,,RCSB polymer entity chem_comp_monomers; short-polymer adds entity_poly.rcsb_sample_sequence_length <= 50.
仅较长聚合物命中,0A8,S-[(2-chloroethyl)carbamoyl]-L-cysteine,1,0,1GRG,RCSB polymer entity chem_comp_monomers; short-polymer adds entity_poly.rcsb_sample_sequence_length <= 50.
短肽聚合物命中,0A9,methyl L-phenylalaninate,3,3,3MAT / 8GVD / 8GVY,RCSB polymer entity chem_comp_monomers; short-polymer adds entity_poly.rcsb_sample_sequence_length <= 50.
暂无聚合物命中,0AB,"(3S,4S)-3-amino-4-methyl-3,4-dihydro-2H-pyran-2-one",0,0,,RCSB polymer entity chem_comp_monomers; short-polymer adds entity_poly.rcsb_sample_sequence_length <= 50.
短肽聚合物命中,0AF,7-hydroxy-L-tryptophan,29,1,43CP,RCSB polymer entity chem_comp_monomers; short-polymer adds entity_poly.rcsb_sample_sequence_length <= 50.
仅较长聚合物命中,0AH,O-(bromoacetyl)-L-serine,1,0,1PTH,RCSB polymer entity chem_comp_monomers; short-polymer adds entity_poly.rcsb_sample_sequence_length <= 50.
仅较长聚合物命中,0AK,(2S)-2-amino-4-(2-chloroethoxy)-4-oxobutanoic acid,1,0,2DHD,RCSB polymer entity chem_comp_monomers; short-polymer adds entity_poly.rcsb_sample_sequence_length <= 50.
短肽聚合物命中,0AR,N-[N-[(4S)-4-azanyl-5-hydroxy-5-oxo-pentyl]carbamimidoyl]ethanamide,3,3,1H0G / 1W9U / 1WAW,RCSB polymer entity chem_comp_monomers; short-polymer adds entity_poly.rcsb_sample_sequence_length <= 50.
短肽聚合物命中,0BN,4-carbamimidoyl-L-phenylalanine,2,2,7KME / 8KME,RCSB polymer entity chem_comp_monomers; short-polymer adds entity_poly.rcsb_sample_sequence_length <= 50.
仅较长聚合物命中,0CS,3-[(S)-HYDROPEROXYSULFINYL]-L-ALANINE,1,0,2OGS,RCSB polymer entity chem_comp_monomers; short-polymer adds entity_poly.rcsb_sample_sequence_length <= 50.
短肽聚合物命中,0E5,"(2S,3R)-2-azanyl-3-methyl-3-oxidanyl-pentanoic acid",1,1,3UT5,RCSB polymer entity chem_comp_monomers; short-polymer adds entity_poly.rcsb_sample_sequence_length <= 50.
短肽聚合物命中,0EA,"(betaR)-beta,3-dihydroxy-N-methyl-L-tyrosine",1,1,3UT5,RCSB polymer entity chem_comp_monomers; short-polymer adds entity_poly.rcsb_sample_sequence_length <= 50.
短肽聚合物命中,0EH,(2R)-2-amino-2-methylnonanoic acid,12,12,3V3B / 4N5T / 4UMN / 5WHH / 5XXK,RCSB polymer entity chem_comp_monomers; short-polymer adds entity_poly.rcsb_sample_sequence_length <= 50.
短肽聚合物命中,0FL,3-amino-N-formyl-L-alanine,1,1,1TMB,RCSB polymer entity chem_comp_monomers; short-polymer adds entity_poly.rcsb_sample_sequence_length <= 50.
暂无聚合物命中,0G5,N~5~-(3-iodobenzoyl)-L-ornithine,0,0,,RCSB polymer entity chem_comp_monomers; short-polymer adds entity_poly.rcsb_sample_sequence_length <= 50.
暂无聚合物命中,0GG,3-{[(4-hydroxy-3-methoxyphenyl)acetyl]amino}-D-alanine,0,0,,RCSB polymer entity chem_comp_monomers; short-polymer adds entity_poly.rcsb_sample_sequence_length <= 50.
短肽聚合物命中,0LF,(4R)-4-(4-phenylbutoxy)-L-proline,1,1,4DFW,RCSB polymer entity chem_comp_monomers; short-polymer adds entity_poly.rcsb_sample_sequence_length <= 50.
暂无聚合物命中,0MU,"(2R)-5-(acetyloxymethyl)-2-[(1R)-1-[[(5R)-5-azanyl-6-oxidanyl-6-oxidanylidene-hexanoyl]amino]-2-oxidanylidene-ethyl]-5,6-dihydro-2H-1,3-thiazine-4-carboxylic acid",0,0,,RCSB polymer entity chem_comp_monomers; short-polymer adds entity_poly.rcsb_sample_sequence_length <= 50.
暂无聚合物命中,0PR,N-({3-hydroxy-2-methyl-5-[(phosphonooxy)methyl]pyridin-4-yl}methyl)-L-tyrosine,0,0,,RCSB polymer entity chem_comp_monomers; short-polymer adds entity_poly.rcsb_sample_sequence_length <= 50.
仅较长聚合物命中,0QL,3-[(2-aminoethyl)disulfanyl]-L-alanine,2,0,4ELC / 4KUF,RCSB polymer entity chem_comp_monomers; short-polymer adds entity_poly.rcsb_sample_sequence_length <= 50.
短肽聚合物命中,0QZ,D-Isoserine,5,5,4MQ9 / 4OIN / 4OIP / 4OIQ / 4OIR,RCSB polymer entity chem_comp_monomers; short-polymer adds entity_poly.rcsb_sample_sequence_length <= 50.
暂无聚合物命中,0RJ,3-(formylamino)-L-alanine,0,0,,RCSB polymer entity chem_comp_monomers; short-polymer adds entity_poly.rcsb_sample_sequence_length <= 50.
仅较长聚合物命中,0TD,(3S)-3-(methylsulfanyl)-L-aspartic acid,213,0,10PX / 4DR1 / 4DR2 / 4DR3 / 4DR4,RCSB polymer entity chem_comp_monomers; short-polymer adds entity_poly.rcsb_sample_sequence_length <= 50.
暂无聚合物命中,0TH,N-(propylsulfonyl)-D-threonine,0,0,,RCSB polymer entity chem_comp_monomers; short-polymer adds entity_poly.rcsb_sample_sequence_length <= 50.
短肽聚合物命中,0UZ,(2R)-amino(3-chloro-4-hydroxyphenyl)ethanoic acid,2,2,4EEC / 7LKC,RCSB polymer entity chem_comp_monomers; short-polymer adds entity_poly.rcsb_sample_sequence_length <= 50.
短肽聚合物命中,0W6,(4S)-4-aminopentanoic acid,3,3,4FZC / 4FZG / 4HJD,RCSB polymer entity chem_comp_monomers; short-polymer adds entity_poly.rcsb_sample_sequence_length <= 50.
仅较长聚合物命中,0WZ,3-(1H-pyrazol-1-yl)-L-tyrosine,3,0,4GES / 4GF6 / 6C40,RCSB polymer entity chem_comp_monomers; short-polymer adds entity_poly.rcsb_sample_sequence_length <= 50.
暂无聚合物命中,0X9,N~2~-sulfamoyl-L-arginine,0,0,,RCSB polymer entity chem_comp_monomers; short-polymer adds entity_poly.rcsb_sample_sequence_length <= 50.
短肽聚合物命中,0XL,2-amino-2-ethylbutanoic acid,2,2,4GM3 / 4GM8,RCSB polymer entity chem_comp_monomers; short-polymer adds entity_poly.rcsb_sample_sequence_length <= 50.
短肽聚合物命中,0XO,2-methyl-D-lysine,1,1,4GM9,RCSB polymer entity chem_comp_monomers; short-polymer adds entity_poly.rcsb_sample_sequence_length <= 50.
短肽聚合物命中,0XQ,"(2R)-2,8-diamino-2-methyloctanoic acid",1,1,4GMB,RCSB polymer entity chem_comp_monomers; short-polymer adds entity_poly.rcsb_sample_sequence_length <= 50.
短肽聚合物命中,0Y8,(4R)-4-[(7-bromoisoquinolin-1-yl)oxy]-L-proline,1,1,3OYP,RCSB polymer entity chem_comp_monomers; short-polymer adds entity_poly.rcsb_sample_sequence_length <= 50.
短肽聚合物命中,0Y9,"(1R,2S)-1-amino-2-ethenylcyclopropanecarboxylic acid",1,1,3OYP,RCSB polymer entity chem_comp_monomers; short-polymer adds entity_poly.rcsb_sample_sequence_length <= 50.
短肽聚合物命中,11Q,1-(cyclohexylmethyl)-L-proline,1,1,4HAB,RCSB polymer entity chem_comp_monomers; short-polymer adds entity_poly.rcsb_sample_sequence_length <= 50.
暂无聚合物命中,11W,(4R)-4-[(2E)-3-{4-[(E)-phenyldiazenyl]phenyl}prop-2-en-1-yl]-L-glutamic acid,0,0,,RCSB polymer entity chem_comp_monomers; short-polymer adds entity_poly.rcsb_sample_sequence_length <= 50.
暂无聚合物命中,12L,"(1R,2S,5S)-6,6-dimethyl-3-azabicyclo[3.1.0]hexane-2-carboxylic acid",0,0,,RCSB polymer entity chem_comp_monomers; short-polymer adds entity_poly.rcsb_sample_sequence_length <= 50.
暂无聚合物命中,12X,"(4R)-4-[(8-bromo-7-methoxy-2-{2-[(2-methylpropanoyl)amino]-1,3-thiazol-4-yl}quinolin-4-yl)oxy]-L-proline",0,0,,RCSB polymer entity chem_comp_monomers; short-polymer adds entity_poly.rcsb_sample_sequence_length <= 50.
暂无聚合物命中,12Y,"(4R)-4-[(7-methoxy-2-{2-[(2-methylpropanoyl)amino]-1,3-thiazol-4-yl}quinolin-4-yl)oxy]-L-proline",0,0,,RCSB polymer entity chem_comp_monomers; short-polymer adds entity_poly.rcsb_sample_sequence_length <= 50.
短肽聚合物命中,13E,N-[(2S)-2-amino-3-phenylpropyl]-L-methionine,1,1,3URI,RCSB polymer entity chem_comp_monomers; short-polymer adds entity_poly.rcsb_sample_sequence_length <= 50.
仅较长聚合物命中,143,"S-2,3-DIHYDRO-5-GLYCIN-2-YL-ISOXAZOL-3-YL-CYSTEINE",2,0,1JVN / 1KEE,RCSB polymer entity chem_comp_monomers; short-polymer adds entity_poly.rcsb_sample_sequence_length <= 50.
仅较长聚合物命中,175,"3,5-DIHYDRO-5-METHYLIDENE-4H-IMIDAZOL-4-ON",2,0,1T6J / 1T6P,RCSB polymer entity chem_comp_monomers; short-polymer adds entity_poly.rcsb_sample_sequence_length <= 50.
短肽聚合物命中,192,1-AMINOCYCLOBUTANECARBOXLIC ACID,3,3,3S8L / 6OPJ / 9V8E,RCSB polymer entity chem_comp_monomers; short-polymer adds entity_poly.rcsb_sample_sequence_length <= 50.
短肽聚合物命中,193,(2S)-4-(BETA-ALANYLAMINO)-2-AMINOBUTANOIC ACID,1,1,1XY5,RCSB polymer entity chem_comp_monomers; short-polymer adds entity_poly.rcsb_sample_sequence_length <= 50.
短肽聚合物命中,19W,5-(aminooxy)-L-norvaline,3,2,4HU5 / 4HU6,RCSB polymer entity chem_comp_monomers; short-polymer adds entity_poly.rcsb_sample_sequence_length <= 50.
短肽聚合物命中,1AC,1-AMINOCYCLOPROPANECARBOXYLIC ACID,4,4,2GV2 / 3FE7 / 3FEA / 3OV1,RCSB polymer entity chem_comp_monomers; short-polymer adds entity_poly.rcsb_sample_sequence_length <= 50.
短肽聚合物命中,1C3,"1-(3,4,5-trimethoxybenzyl)-L-proline",1,1,4HY2,RCSB polymer entity chem_comp_monomers; short-polymer adds entity_poly.rcsb_sample_sequence_length <= 50.
短肽聚合物命中,1E3,"(2S)-2,9-diaminononanoic acid",1,1,4I80,RCSB polymer entity chem_comp_monomers; short-polymer adds entity_poly.rcsb_sample_sequence_length <= 50.
暂无聚合物命中,1G2,(2S)-2-azido-3-phenylpropanoic acid,0,0,,RCSB polymer entity chem_comp_monomers; short-polymer adds entity_poly.rcsb_sample_sequence_length <= 50.
暂无聚合物命中,1G3,(2S)-1-[4-(aminomethyl)phenyl]-4-(methylsulfonyl)butan-2-amine,0,0,,RCSB polymer entity chem_comp_monomers; short-polymer adds entity_poly.rcsb_sample_sequence_length <= 50.
暂无聚合物命中,1G8,4-(aminomethyl)-D-phenylalanine,0,0,,RCSB polymer entity chem_comp_monomers; short-polymer adds entity_poly.rcsb_sample_sequence_length <= 50.
短肽聚合物命中,1IC,O-octanoyl-D-serine,1,1,7NA7,RCSB polymer entity chem_comp_monomers; short-polymer adds entity_poly.rcsb_sample_sequence_length <= 50.
短肽聚合物命中,1IP,N~2~-(PHOSPHONOACETYL)-L-ASPARAGINE,1,1,5O9T,RCSB polymer entity chem_comp_monomers; short-polymer adds entity_poly.rcsb_sample_sequence_length <= 50.
短肽聚合物命中,1JM,4-carboxy-N-methyl-D-phenylalanine,1,1,4IPZ,RCSB polymer entity chem_comp_monomers; short-polymer adds entity_poly.rcsb_sample_sequence_length <= 50.
暂无聚合物命中,1L1,3-cyclohexyl-N-sulfamoyl-D-alanine,0,0,,RCSB polymer entity chem_comp_monomers; short-polymer adds entity_poly.rcsb_sample_sequence_length <= 50.
暂无聚合物命中,1ME,(2S)-2-AMINO-3-METHYLSULFANYL-BUTANOIC ACID,0,0,,RCSB polymer entity chem_comp_monomers; short-polymer adds entity_poly.rcsb_sample_sequence_length <= 50.
短肽聚合物命中,1MH,3-pyridin-3-yl-L-alanine,9,9,4JJ7 / 4JJ8 / 4JJE / 4O37 / 6CKZ,RCSB polymer entity chem_comp_monomers; short-polymer adds entity_poly.rcsb_sample_sequence_length <= 50.
短肽聚合物命中,1OP,O-(5-hydroxypentyl)-L-tyrosine,1,1,4K0A,RCSB polymer entity chem_comp_monomers; short-polymer adds entity_poly.rcsb_sample_sequence_length <= 50.
短肽聚合物命中,1PA,4-(carboxymethyl)-L-phenylalanine,5,3,1BHF / 4X6S / 5U06,RCSB polymer entity chem_comp_monomers; short-polymer adds entity_poly.rcsb_sample_sequence_length <= 50.
暂无聚合物命中,1PI,(3R)-3-[(2S)-2-amino-3-oxopropyl]piperidine-1-carboximidamide,0,0,,RCSB polymer entity chem_comp_monomers; short-polymer adds entity_poly.rcsb_sample_sequence_length <= 50.
短肽聚合物命中,1QI,"(2R,4S,5S)-5-azanyl-6-methyl-4-oxidanyl-2-(phenylmethyl)heptanoic acid",1,1,7OUP,RCSB polymer entity chem_comp_monomers; short-polymer adds entity_poly.rcsb_sample_sequence_length <= 50.
仅较长聚合物命中,1TQ,6-(FORMYLAMINO)-7-HYDROXY-L-TRYPTOPHAN,2,0,2I0R / 2OK6,RCSB polymer entity chem_comp_monomers; short-polymer adds entity_poly.rcsb_sample_sequence_length <= 50.
短肽聚合物命中,1TX,(2S)-2-amino-7-methoxy-7-oxoheptanoic acid,4,4,4KTY / 5MHM / 5MHN / 5MHO,RCSB polymer entity chem_comp_monomers; short-polymer adds entity_poly.rcsb_sample_sequence_length <= 50.
仅较长聚合物命中,1TY,"3-{(3E)-4-HYDROXY-6-OXO-3-[(2-PHENYLETHYL)IMINO]CYCLOHEXA-1,4-DIEN-1-YL}ALANINE",2,0,2CWU / 3AMO,RCSB polymer entity chem_comp_monomers; short-polymer adds entity_poly.rcsb_sample_sequence_length <= 50.
短肽聚合物命中,1U8,"(3S)-3-amino-5-[(2,6-dimethylbenzoyl)oxy]-4-oxopentanoic acid",10,10,4JJ7 / 4JJ8 / 4JJE / 4PRZ / 4PS0,RCSB polymer entity chem_comp_monomers; short-polymer adds entity_poly.rcsb_sample_sequence_length <= 50.
短肽聚合物命中,1VR,(3R)-3-amino-4-methylpentanoic acid,6,5,6V7K / 7RAP / 7TV6 / 7TV7 / 7TV8,RCSB polymer entity chem_comp_monomers; short-polymer adds entity_poly.rcsb_sample_sequence_length <= 50.
仅较长聚合物命中,1X6,O-[(2E)-3-AMINOPROP-2-ENOYL]-L-SERINE,2,0,2Y91 / 6W33,RCSB polymer entity chem_comp_monomers; short-polymer adds entity_poly.rcsb_sample_sequence_length <= 50.
暂无聚合物命中,1XW,"(1aS,4S,6aR,7aS)-octahydro-1H-cyclopropa[4,5]pyrrolo[1,2-a]pyrazine-4-carboxylic acid",0,0,,RCSB polymer entity chem_comp_monomers; short-polymer adds entity_poly.rcsb_sample_sequence_length <= 50.
短肽聚合物命中,200,4-CHLORO-L-PHENYLALANINE,3,3,3Q4K / 5VBL / 9C06,RCSB polymer entity chem_comp_monomers; short-polymer adds entity_poly.rcsb_sample_sequence_length <= 50.
短肽聚合物命中,22G,N-[(2S)-2-amino-3-phenylpropyl]-L-tyrosine,1,1,4LP9,RCSB polymer entity chem_comp_monomers; short-polymer adds entity_poly.rcsb_sample_sequence_length <= 50.
短肽聚合物命中,23F,(2Z)-2-AMINO-3-PHENYLACRYLIC ACID,2,2,1VRZ / 2MLI,RCSB polymer entity chem_comp_monomers; short-polymer adds entity_poly.rcsb_sample_sequence_length <= 50.
短肽聚合物命中,23P,3-(propanoylamino)-L-alanine,2,2,4I7C / 8PAT,RCSB polymer entity chem_comp_monomers; short-polymer adds entity_poly.rcsb_sample_sequence_length <= 50.
仅较长聚合物命中,23S,"(S)-2-AMINO-3-(6H-SELENOLO[2,3-B]-PYRROL-4-YL)-PROPIONIC ACID",1,0,1RMP,RCSB polymer entity chem_comp_monomers; short-polymer adds entity_poly.rcsb_sample_sequence_length <= 50.
短肽聚合物命中,28J,D-alloisoleucine,12,12,2N5W / 2N5Y / 4MEX / 6E00 / 6PSL,RCSB polymer entity chem_comp_monomers; short-polymer adds entity_poly.rcsb_sample_sequence_length <= 50.
暂无聚合物命中,28X,"O-[(R)-{[(3R)-3,4-dihydroxybutyl]oxy}(hydroxy)phosphoryl]-L-threonine",0,0,,RCSB polymer entity chem_comp_monomers; short-polymer adds entity_poly.rcsb_sample_sequence_length <= 50.
短肽聚合物命中,2AD,2'-AMINO-2'-DEOXYADENOSINE,2,2,2GCS / 2H0X,RCSB polymer entity chem_comp_monomers; short-polymer adds entity_poly.rcsb_sample_sequence_length <= 50.
短肽聚合物命中,2AG,(2S)-2-aminopent-4-enoic acid,1,1,6VY8,RCSB polymer entity chem_comp_monomers; short-polymer adds entity_poly.rcsb_sample_sequence_length <= 50.
短肽聚合物命中,2AS,"(2S,3S)-3-methyl-aspartic acid",1,1,1W3M,RCSB polymer entity chem_comp_monomers; short-polymer adds entity_poly.rcsb_sample_sequence_length <= 50.
短肽聚合物命中,2CO,S-HYDROPEROXYCYSTEINE,14,1,8AU0,RCSB polymer entity chem_comp_monomers; short-polymer adds entity_poly.rcsb_sample_sequence_length <= 50.
短肽聚合物命中,2DO,"(2S)-2-AMINOHEXANE-1,1-DIOL",2,2,7LBN / 8A5B,RCSB polymer entity chem_comp_monomers; short-polymer adds entity_poly.rcsb_sample_sequence_length <= 50.
暂无聚合物命中,2FM,S-(DIFLUOROMETHYL)HOMOCYSTEINE,0,0,,RCSB polymer entity chem_comp_monomers; short-polymer adds entity_poly.rcsb_sample_sequence_length <= 50.
短肽聚合物命中,2GX,beta-phenyl-L-phenylalanine,7,7,5T1K / 5T1L / 5U5F / 5U5M / 5U6A,RCSB polymer entity chem_comp_monomers; short-polymer adds entity_poly.rcsb_sample_sequence_length <= 50.
仅较长聚合物命中,2HF,2-fluoro-L-histidine,2,0,3MHZ / 3Q8F,RCSB polymer entity chem_comp_monomers; short-polymer adds entity_poly.rcsb_sample_sequence_length <= 50.
暂无聚合物命中,2JC,N-ethylglycine,0,0,,RCSB polymer entity chem_comp_monomers; short-polymer adds entity_poly.rcsb_sample_sequence_length <= 50.
仅较长聚合物命中,2JF,(2S)-2-amino-3-oxopropyl 4-{[(2S)-2-hydroxy-4-methylpentanoyl]amino}butanoate,1,0,4NA2,RCSB polymer entity chem_comp_monomers; short-polymer adds entity_poly.rcsb_sample_sequence_length <= 50.
仅较长聚合物命中,2JG,(2S)-2-amino-3-oxopropyl hexanoate,1,0,4NA3,RCSB polymer entity chem_comp_monomers; short-polymer adds entity_poly.rcsb_sample_sequence_length <= 50.
短肽聚合物命中,2JH,3-cyclobutyl-L-alanine,5,5,4N5T / 6AAW / 6Q36 / 9EO6 / 9H8R,RCSB polymer entity chem_comp_monomers; short-polymer adds entity_poly.rcsb_sample_sequence_length <= 50.
暂无聚合物命中,2JJ,5-phosphono-D-norvaline,0,0,,RCSB polymer entity chem_comp_monomers; short-polymer adds entity_poly.rcsb_sample_sequence_length <= 50.
短肽聚合物命中,2JN,2-methyl-D-norleucine,8,8,4N7Y / 4UD7 / 4UE1 / 5ZJY / 6KZU,RCSB polymer entity chem_comp_monomers; short-polymer adds entity_poly.rcsb_sample_sequence_length <= 50.
短肽聚合物命中,2KK,N~6~-(4-fluorobenzoyl)-L-lysine,1,1,4NMS,RCSB polymer entity chem_comp_monomers; short-polymer adds entity_poly.rcsb_sample_sequence_length <= 50.
短肽聚合物命中,2KP,N~6~-(4-bromobenzoyl)-L-lysine,1,1,4NMV,RCSB polymer entity chem_comp_monomers; short-polymer adds entity_poly.rcsb_sample_sequence_length <= 50.
短肽聚合物命中,2KY,(2S)-amino(cyclopentyl)ethanoic acid,3,3,6B5Q / 8QKE / 9FM5,RCSB polymer entity chem_comp_monomers; short-polymer adds entity_poly.rcsb_sample_sequence_length <= 50.
暂无聚合物命中,2KZ,2-amino maleic acid,0,0,,RCSB polymer entity chem_comp_monomers; short-polymer adds entity_poly.rcsb_sample_sequence_length <= 50.
短肽聚合物命中,2L5,2-chloro-L-phenylalanine,10,9,5N91 / 5N9C / 5N9P / 5NBX / 5NC2,RCSB polymer entity chem_comp_monomers; short-polymer adds entity_poly.rcsb_sample_sequence_length <= 50.
短肽聚合物命中,2L6,"(3S,6R,8aS)-5-oxo-1,2,3,8a-tetrahydrospiro[indolizine-6,2'-pyrrolidine]-3-carboxylic acid",2,2,6SYJ / 7A5M,RCSB polymer entity chem_comp_monomers; short-polymer adds entity_poly.rcsb_sample_sequence_length <= 50.
暂无聚合物命中,2L9,"(3aR,5aS,8S,10aS)-10-oxo-1,2,3,3a,5a,8,10,10a-octahydrodipyrrolo[1,2-a:3',2'-e]azepine-8-carboxylic acid",0,0,,RCSB polymer entity chem_comp_monomers; short-polymer adds entity_poly.rcsb_sample_sequence_length <= 50.
仅较长聚合物命中,2LT,"3,5-dichloro-L-tyrosine",10,0,4NXB / 4NXE / 4NXF / 4NXG / 6BPW,RCSB polymer entity chem_comp_monomers; short-polymer adds entity_poly.rcsb_sample_sequence_length <= 50.
短肽聚合物命中,2ML,2-METHYLLEUCINE,10,10,2RM9 / 2RMD / 6SQC / 8YW3 / 8YW4,RCSB polymer entity chem_comp_monomers; short-polymer adds entity_poly.rcsb_sample_sequence_length <= 50.
短肽聚合物命中,2MR,"N3, N4-DIMETHYLARGININE",201,16,2V87 / 2V88 / 3MEU / 3NTH / 3NTI,RCSB polymer entity chem_comp_monomers; short-polymer adds entity_poly.rcsb_sample_sequence_length <= 50.
短肽聚合物命中,2MT,"(4R)-2,2-DIMETHYL-1,3-THIAZOLIDINE-4-CARBOXYLIC ACID",1,1,1SBU,RCSB polymer entity chem_comp_monomers; short-polymer adds entity_poly.rcsb_sample_sequence_length <= 50.
暂无聚合物命中,2OR,"amino{[(2R,3R,4S)-4-amino-2,3,5-trihydroxy-5-oxopentyl]amino}methaniminium",0,0,,RCSB polymer entity chem_comp_monomers; short-polymer adds entity_poly.rcsb_sample_sequence_length <= 50.
暂无聚合物命中,2P0,1-({[(S)-hydroxy(phosphonooxy)phosphoryl]oxy}acetyl)-L-proline,0,0,,RCSB polymer entity chem_comp_monomers; short-polymer adds entity_poly.rcsb_sample_sequence_length <= 50.
暂无聚合物命中,2QD,(4R)-4-[3-(methylamino)-3-oxopropyl]-L-glutamic acid,0,0,,RCSB polymer entity chem_comp_monomers; short-polymer adds entity_poly.rcsb_sample_sequence_length <= 50.
短肽聚合物命中,2QY,(2Z)-3-(4-hydroxyphenyl)-2-(methylamino)prop-2-enoic acid,3,3,4V9R / 4V9S / 4WQU,RCSB polymer entity chem_comp_monomers; short-polymer adds entity_poly.rcsb_sample_sequence_length <= 50.
短肽聚合物命中,2QZ,"N,N-dimethyl-L-threonine",3,3,4V9R / 4V9S / 4WQU,RCSB polymer entity chem_comp_monomers; short-polymer adds entity_poly.rcsb_sample_sequence_length <= 50.
短肽聚合物命中,2R1,(2E)-2-amino-4-hydroxy-3-[(2R)-oxiran-2-yl]but-2-enoic acid,3,3,4V9R / 4V9S / 4WQU,RCSB polymer entity chem_comp_monomers; short-polymer adds entity_poly.rcsb_sample_sequence_length <= 50.
短肽聚合物命中,2R3,(betaR)-beta-hydroxy-O-methyl-L-tyrosine,3,3,4V9R / 4V9S / 4WQU,RCSB polymer entity chem_comp_monomers; short-polymer adds entity_poly.rcsb_sample_sequence_length <= 50.
短肽聚合物命中,2RA,3-amino-D-alanine,8,8,10SB / 4MQ9 / 4OIN / 4OIP / 4OIQ,RCSB polymer entity chem_comp_monomers; short-polymer adds entity_poly.rcsb_sample_sequence_length <= 50.
短肽聚合物命中,2RX,O-thiophosphono-L-serine,4,2,4O21 / 6FHH,RCSB polymer entity chem_comp_monomers; short-polymer adds entity_poly.rcsb_sample_sequence_length <= 50.
短肽聚合物命中,2SO,"3-{3-[(3R)-3,4-dihydroxybutyl]-1-(8-phenyloctyl)-1H-imidazol-3-ium-5-yl}-L-alanine",1,1,4O6W,RCSB polymer entity chem_comp_monomers; short-polymer adds entity_poly.rcsb_sample_sequence_length <= 50.
短肽聚合物命中,2TL,D-allothreonine,22,22,1DSR / 1PXQ / 2LBZ / 2RQO / 4MEX,RCSB polymer entity chem_comp_monomers; short-polymer adds entity_poly.rcsb_sample_sequence_length <= 50.
仅较长聚合物命中,2TY,2-HYDROXY-5-{[(1E)-2-PHENYLETHYLIDENE]AMINO}-L-TYROSINE,11,0,2CWV / 3AMO / 3X40 / 3X41 / 5ZPJ,RCSB polymer entity chem_comp_monomers; short-polymer adds entity_poly.rcsb_sample_sequence_length <= 50.
暂无聚合物命中,2VA,2'-(L-VALYL)AMINO-2'-DEOXYADENOSINE,0,0,,RCSB polymer entity chem_comp_monomers; short-polymer adds entity_poly.rcsb_sample_sequence_length <= 50.
暂无聚合物命中,2XA,(2R)-2-AMINO-3-[(4-CHLOROPHENYL)-DIPHENYL-METHYL]SULFANYL-PROPANOIC ACID,0,0,,RCSB polymer entity chem_comp_monomers; short-polymer adds entity_poly.rcsb_sample_sequence_length <= 50.
暂无聚合物命中,2YC,"N~6~-{[(2S,3S)-3-methyl-3,4-dihydro-2H-pyrrol-2-yl]carbonyl}-L-lysine",0,0,,RCSB polymer entity chem_comp_monomers; short-polymer adds entity_poly.rcsb_sample_sequence_length <= 50.
暂无聚合物命中,2YF,"N~6~-[(2R)-2,3,4,5-tetrahydropyridin-2-ylcarbonyl]-L-lysine",0,0,,RCSB polymer entity chem_comp_monomers; short-polymer adds entity_poly.rcsb_sample_sequence_length <= 50.
暂无聚合物命中,2YG,N~6~-L-lysyl-L-lysine,0,0,,RCSB polymer entity chem_comp_monomers; short-polymer adds entity_poly.rcsb_sample_sequence_length <= 50.
暂无聚合物命中,2YH,N~5~-D-ornithyl-L-ornithine,0,0,,RCSB polymer entity chem_comp_monomers; short-polymer adds entity_poly.rcsb_sample_sequence_length <= 50.
暂无聚合物命中,2YJ,N~5~-D-lysyl-L-ornithine,0,0,,RCSB polymer entity chem_comp_monomers; short-polymer adds entity_poly.rcsb_sample_sequence_length <= 50.
仅较长聚合物命中,2ZC,O-{[4-(2-aminoethyl)phenyl]sulfonyl}-L-serine,1,0,4Q82,RCSB polymer entity chem_comp_monomers; short-polymer adds entity_poly.rcsb_sample_sequence_length <= 50.
短肽聚合物命中,30F,(2Z)-2-amino-3-selanylprop-2-enoic acid,4,4,4Q9I / 4Q9J / 4Q9K / 4Q9L,RCSB polymer entity chem_comp_monomers; short-polymer adds entity_poly.rcsb_sample_sequence_length <= 50.
仅较长聚合物命中,30V,S-[(2-carbamoylphenyl)selanyl]-L-cysteine,1,0,4QDU,RCSB polymer entity chem_comp_monomers; short-polymer adds entity_poly.rcsb_sample_sequence_length <= 50.
暂无聚合物命中,31Q,(4-carboxyphenyl)(L-cysteinato-kappaS~3~)mercury,0,0,,RCSB polymer entity chem_comp_monomers; short-polymer adds entity_poly.rcsb_sample_sequence_length <= 50.
短肽聚合物命中,32L,"ethyl (3S,4S)-4-amino-3-hydroxy-6-methylheptanoate",1,1,1APU,RCSB polymer entity chem_comp_monomers; short-polymer adds entity_poly.rcsb_sample_sequence_length <= 50.
仅较长聚合物命中,32S,6-Seleno-tryptophan,1,0,1RMM,RCSB polymer entity chem_comp_monomers; short-polymer adds entity_poly.rcsb_sample_sequence_length <= 50.
仅较长聚合物命中,32T,"(S)-2-AMINO-3-(4H-THIENO[3,2-B]-PYRROL-6-YL)-PROPIONIC ACID",1,0,1RMO,RCSB polymer entity chem_comp_monomers; short-polymer adds entity_poly.rcsb_sample_sequence_length <= 50.
暂无聚合物命中,33S,3-iodo-L-phenylalanine,0,0,,RCSB polymer entity chem_comp_monomers; short-polymer adds entity_poly.rcsb_sample_sequence_length <= 50.
仅较长聚合物命中,33W,3-(5-bromothiophen-2-yl)-L-alanine,2,0,9JQB / 9JQC,RCSB polymer entity chem_comp_monomers; short-polymer adds entity_poly.rcsb_sample_sequence_length <= 50.
短肽聚合物命中,33X,N-methyl-D-alanine,3,3,4TOT / 8R7T / 9YWS,RCSB polymer entity chem_comp_monomers; short-polymer adds entity_poly.rcsb_sample_sequence_length <= 50.
短肽聚合物命中,34E,(3R)-4-[4-(2-methoxyethyl)piperazin-1-yl]-N-methyl-L-valine,1,1,4TOT,RCSB polymer entity chem_comp_monomers; short-polymer adds entity_poly.rcsb_sample_sequence_length <= 50.
暂无聚合物命中,35Y,3-[(1H-tetrazol-5-ylcarbonyl)amino]-L-alanine,0,0,,RCSB polymer entity chem_comp_monomers; short-polymer adds entity_poly.rcsb_sample_sequence_length <= 50.
仅较长聚合物命中,3A5,"(2Z,4S)-3-AZA-5-CARBOXYL-2-METHYL-4(METHYLCARBOXY)PENT-2-ENOYL",1,0,4AOK,RCSB polymer entity chem_comp_monomers; short-polymer adds entity_poly.rcsb_sample_sequence_length <= 50.
仅较长聚合物命中,3AH,"[HISTIDIN-1-YL-4H-[1,2,4]TRIAZOL-5-YL]-AMINE",1,0,1DGH,RCSB polymer entity chem_comp_monomers; short-polymer adds entity_poly.rcsb_sample_sequence_length <= 50.
暂无聚合物命中,3AR,N-OMEGA-PROPYL-L-ARGININE,0,0,,RCSB polymer entity chem_comp_monomers; short-polymer adds entity_poly.rcsb_sample_sequence_length <= 50.
短肽聚合物命中,3BY,1-methyl-L-proline,1,1,5E2B,RCSB polymer entity chem_comp_monomers; short-polymer adds entity_poly.rcsb_sample_sequence_length <= 50.
短肽聚合物命中,3CF,3-cyano-L-phenylalanine,1,1,3OQZ,RCSB polymer entity chem_comp_monomers; short-polymer adds entity_poly.rcsb_sample_sequence_length <= 50.
短肽聚合物命中,3CT,3-chloro-L-tyrosine,12,1,9FQB,RCSB polymer entity chem_comp_monomers; short-polymer adds entity_poly.rcsb_sample_sequence_length <= 50.
短肽聚合物命中,3EG,"(2S)-2-amino-4,4,4-trifluorobutanoic acid",5,3,3TWG / 7ZL3 / 9I68,RCSB polymer entity chem_comp_monomers; short-polymer adds entity_poly.rcsb_sample_sequence_length <= 50.
短肽聚合物命中,3FG,"(2S)-amino(3,5-dihydroxyphenyl)ethanoic acid",40,40,1AA5 / 1C0Q / 1C0R / 1FVM / 1GAC,RCSB polymer entity chem_comp_monomers; short-polymer adds entity_poly.rcsb_sample_sequence_length <= 50.
暂无聚合物命中,3GA,(3S)-3-[(2S)-2-amino-3-oxopropyl]piperidine-1-carboximidamide,0,0,,RCSB polymer entity chem_comp_monomers; short-polymer adds entity_poly.rcsb_sample_sequence_length <= 50.
短肽聚合物命中,3GL,"(2S,4S)-2-amino-4-hydroxy-pentanedioic acid",2,2,2MC0 / 2ZJP,RCSB polymer entity chem_comp_monomers; short-polymer adds entity_poly.rcsb_sample_sequence_length <= 50.
暂无聚合物命中,3K4,"(2S,3S)-3-methylaziridine-2-carboxylic acid",0,0,,RCSB polymer entity chem_comp_monomers; short-polymer adds entity_poly.rcsb_sample_sequence_length <= 50.
短肽聚合物命中,3MY,3-chloro-D-tyrosine,13,13,2XAD / 3MG9 / 3MGB / 3VFJ / 3VFK,RCSB polymer entity chem_comp_monomers; short-polymer adds entity_poly.rcsb_sample_sequence_length <= 50.
暂无聚合物命中,3NF,N-acetyl-L-tyrosine,0,0,,RCSB polymer entity chem_comp_monomers; short-polymer adds entity_poly.rcsb_sample_sequence_length <= 50.
暂无聚合物命中,3O3,N-[(3S)-3-amino-3-carboxypropyl]-L-glutamic acid,0,0,,RCSB polymer entity chem_comp_monomers; short-polymer adds entity_poly.rcsb_sample_sequence_length <= 50.
暂无聚合物命中,3PM,O-tert-butyl-D-serine,0,0,,RCSB polymer entity chem_comp_monomers; short-polymer adds entity_poly.rcsb_sample_sequence_length <= 50.
短肽聚合物命中,3PX,(3S)-3-(propan-2-yloxy)-L-proline,1,1,3RJM,RCSB polymer entity chem_comp_monomers; short-polymer adds entity_poly.rcsb_sample_sequence_length <= 50.
仅较长聚合物命中,3QN,(E)-N~6~-{2-hydroxy-3-methyl-6-[(phosphonooxy)methyl]benzylidene}-L-lysine,1,0,3QN6,RCSB polymer entity chem_comp_monomers; short-polymer adds entity_poly.rcsb_sample_sequence_length <= 50.
仅较长聚合物命中,3TY,3-(Phenylhydrazono)-L-tyrosine,2,0,1W5Z / 2E2V,RCSB polymer entity chem_comp_monomers; short-polymer adds entity_poly.rcsb_sample_sequence_length <= 50.
暂无聚合物命中,3WS,"N,2-dimethyl-L-alanine",0,0,,RCSB polymer entity chem_comp_monomers; short-polymer adds entity_poly.rcsb_sample_sequence_length <= 50.
仅较长聚合物命中,3X9,"3-{[(1-hydroxy-2,2,5,5-tetramethyl-2,5-dihydro-1H-pyrrol-3-yl)methyl]disulfanyl}-L-alanine",2,0,2MWS / 7RNO,RCSB polymer entity chem_comp_monomers; short-polymer adds entity_poly.rcsb_sample_sequence_length <= 50.
暂无聚合物命中,3XH,3-Hydroxyhippuric acid,0,0,,RCSB polymer entity chem_comp_monomers; short-polymer adds entity_poly.rcsb_sample_sequence_length <= 50.
仅较长聚合物命中,3YM,3-methoxy-L-tyrosine,1,0,6OFN,RCSB polymer entity chem_comp_monomers; short-polymer adds entity_poly.rcsb_sample_sequence_length <= 50.
短肽聚合物命中,3ZH,"11-{4-[(2S)-2-amino-2-carboxyethyl]-3-(8-phenyloctyl)-2,3-dihydro-1H-imidazol-1-yl}undecanoic acid",1,1,4X9W,RCSB polymer entity chem_comp_monomers; short-polymer adds entity_poly.rcsb_sample_sequence_length <= 50.
仅较长聚合物命中,3ZL,"N~6~-[(1Z)-4-amino-3-oxopenta-1,4-dien-1-yl]-L-lysine",1,0,4WY0,RCSB polymer entity chem_comp_monomers; short-polymer adds entity_poly.rcsb_sample_sequence_length <= 50.
短肽聚合物命中,41H,(betaS)-beta-methyl-L-phenylalanine,2,2,4XC1 / 4XC3,RCSB polymer entity chem_comp_monomers; short-polymer adds entity_poly.rcsb_sample_sequence_length <= 50.
仅较长聚合物命中,41Q,4-imino-L-homoserine,2,0,3X2O / 3X2P,RCSB polymer entity chem_comp_monomers; short-polymer adds entity_poly.rcsb_sample_sequence_length <= 50.
仅较长聚合物命中,432,O-butanoyl-L-serine,1,0,4XSB,RCSB polymer entity chem_comp_monomers; short-polymer adds entity_poly.rcsb_sample_sequence_length <= 50.
短肽聚合物命中,45W,(4S)-4-(ethynyloxy)-D-proline,1,1,4Y1D,RCSB polymer entity chem_comp_monomers; short-polymer adds entity_poly.rcsb_sample_sequence_length <= 50.
仅较长聚合物命中,4AF,4-ACETYL-L-PHENYLALANINE,5,0,3HWL / 7XBM / 7XBN / 7XBO / 8GUE,RCSB polymer entity chem_comp_monomers; short-polymer adds entity_poly.rcsb_sample_sequence_length <= 50.
仅较长聚合物命中,4AK,N~6~-sulfo-L-lysine,2,0,4YDM / 4YDN,RCSB polymer entity chem_comp_monomers; short-polymer adds entity_poly.rcsb_sample_sequence_length <= 50.
短肽聚合物命中,4AR,"amino({(4S)-4-amino-6-[(2,6-dimethylbenzoyl)oxy]-5-oxohexyl}amino)methaniminium",1,1,4I1P,RCSB polymer entity chem_comp_monomers; short-polymer adds entity_poly.rcsb_sample_sequence_length <= 50.
仅较长聚合物命中,4AW,4-AZATRYPTOPHAN,1,0,4B2M,RCSB polymer entity chem_comp_monomers; short-polymer adds entity_poly.rcsb_sample_sequence_length <= 50.
短肽聚合物命中,4BF,4-BROMO-L-PHENYLALANINE,33,31,3NI3 / 3Q9G / 3Q9I / 3T4G / 4E0M,RCSB polymer entity chem_comp_monomers; short-polymer adds entity_poly.rcsb_sample_sequence_length <= 50.
短肽聚合物命中,4CF,4-cyano-L-phenylalanine,11,1,3OQY,RCSB polymer entity chem_comp_monomers; short-polymer adds entity_poly.rcsb_sample_sequence_length <= 50.
短肽聚合物命中,4CG,"(1R,2Z)-2-[(2R)-2-amino-3-(phosphonooxy)propylidene]cyclopentanecarboxylic acid",3,3,4YGX / 4YGY / 4YH1,RCSB polymer entity chem_comp_monomers; short-polymer adds entity_poly.rcsb_sample_sequence_length <= 50.
短肽聚合物命中,4CY,nitrilo-L-methionine,1,1,3OR0,RCSB polymer entity chem_comp_monomers; short-polymer adds entity_poly.rcsb_sample_sequence_length <= 50.
仅较长聚合物命中,4D4,"(2S,3R)-2-azanyl-5-carbamimidamido-3-oxidanyl-pentanoic acid",199,0,10QM / 11BQ / 11DG / 11EL / 11FV,RCSB polymer entity chem_comp_monomers; short-polymer adds entity_poly.rcsb_sample_sequence_length <= 50.
短肽聚合物命中,4DB,"(2S)-2-amino-4-[5-(dimethylamino)-1,3-dioxo-1,3-dihydro-2H-isoindol-2-yl]butanoic acid",1,1,3JXT,RCSB polymer entity chem_comp_monomers; short-polymer adds entity_poly.rcsb_sample_sequence_length <= 50.
短肽聚合物命中,4DP,"3-[5-(DIMETHYLAMINO)-1,3-DIOXO-1,3-DIHYDRO-2H-ISOINDOL-2-YL]-L-ALANINE",1,1,2IPK,RCSB polymer entity chem_comp_monomers; short-polymer adds entity_poly.rcsb_sample_sequence_length <= 50.
仅较长聚合物命中,4F3,[2-(1-AMINO-2-HYDROXY-PROPYL)-4-(4-FLUORO-1H-INDOL-3-YLMETHYL)-5-HYDROXY-IMIDAZOL-1-YL]-ACETIC ACID,1,0,1RM9,RCSB polymer entity chem_comp_monomers; short-polymer adds entity_poly.rcsb_sample_sequence_length <= 50.
短肽聚合物命中,4FB,(4S)-4-FLUORO-L-PROLINE,5,3,5OWP / 5UQA / 6T7Z,RCSB polymer entity chem_comp_monomers; short-polymer adds entity_poly.rcsb_sample_sequence_length <= 50.
短肽聚合物命中,4FO,"(2R)-2,4-diaminobutanoic acid",13,13,2N5W / 2N5Y / 5L3F / 5L3G / 7AXP,RCSB polymer entity chem_comp_monomers; short-polymer adds entity_poly.rcsb_sample_sequence_length <= 50.
仅较长聚合物命中,4FW,4-FLUOROTRYPTOPHANE,10,0,1RM9 / 4B2J / 5O7W / 6SZZ / 9AUQ,RCSB polymer entity chem_comp_monomers; short-polymer adds entity_poly.rcsb_sample_sequence_length <= 50.
仅较长聚合物命中,4GJ,3-(pyridin-4-yldisulfanyl)-L-alanine,1,0,4YT9,RCSB polymer entity chem_comp_monomers; short-polymer adds entity_poly.rcsb_sample_sequence_length <= 50.
短肽聚合物命中,4HH,4'-phosphopanthetheine-serine,41,1,9MJ9,RCSB polymer entity chem_comp_monomers; short-polymer adds entity_poly.rcsb_sample_sequence_length <= 50.
暂无聚合物命中,4HJ,"O-[(R)-hydroxy{[(3R)-3-hydroxy-4-{[3-({2-[(2-hydroxybenzoyl)sulfanyl]ethyl}amino)-3-oxopropyl]amino}-2,2-dimethyl-4-oxobutyl]oxy}phosphoryl]-L-serine",0,0,,RCSB polymer entity chem_comp_monomers; short-polymer adds entity_poly.rcsb_sample_sequence_length <= 50.
仅较长聚合物命中,4HL,"(6E)-4-[(2S)-2-amino-2-carboxyethyl]-6-[2-(4-hydroxybenzyl)hydraziniumylidene]-3-oxocyclohexa-1,4-dien-1-olate",1,0,2E2U,RCSB polymer entity chem_comp_monomers; short-polymer adds entity_poly.rcsb_sample_sequence_length <= 50.
仅较长聚合物命中,4HT,4-HYDROXYTRYPTOPHAN,4,0,1RU9 / 1RUA / 1RUL / 1RUM,RCSB polymer entity chem_comp_monomers; short-polymer adds entity_poly.rcsb_sample_sequence_length <= 50.
仅较长聚合物命中,4II,(2~{S})-2-azanyl-3-(4-azidophenyl)propanoic acid,2,0,4ZIN / 6HCS,RCSB polymer entity chem_comp_monomers; short-polymer adds entity_poly.rcsb_sample_sequence_length <= 50.
暂无聚合物命中,4IK,"(2S,5S)-2,6-diamino-5-{[(2R,3S,4R,5R)-5-(6-amino-9H-purin-9-yl)-3,4-dihydroxytetrahydrofuran-2-yl]methyl}hexanoic acid",0,0,,RCSB polymer entity chem_comp_monomers; short-polymer adds entity_poly.rcsb_sample_sequence_length <= 50.
仅较长聚合物命中,4IN,4-AMINO-L-TRYPTOPHAN,3,0,1OXF / 2HXX / 4B2K,RCSB polymer entity chem_comp_monomers; short-polymer adds entity_poly.rcsb_sample_sequence_length <= 50.
短肽聚合物命中,4J2,(2R)-2-amino-3-(naphthalen-2-yl)propanoic acid,13,13,2N7O / 2N7T / 6W25 / 7F4I / 7Q5A,RCSB polymer entity chem_comp_monomers; short-polymer adds entity_poly.rcsb_sample_sequence_length <= 50.
仅较长聚合物命中,4J4,"S-(2-{[(2',4'-difluorobiphenyl-4-yl)methyl]amino}-2-oxoethyl)-L-cysteine",1,0,2N7L,RCSB polymer entity chem_comp_monomers; short-polymer adds entity_poly.rcsb_sample_sequence_length <= 50.
短肽聚合物命中,4J5,amino{[(3S)-3-amino-3-carboxypropyl]amino}methaniminium,5,5,6D2U / 7Z8O / 8AQK / 9GXE / 9GXG,RCSB polymer entity chem_comp_monomers; short-polymer adds entity_poly.rcsb_sample_sequence_length <= 50.
短肽聚合物命中,4KY,(4R)-1-acetyl-4-(oct-7-en-1-yloxy)-L-proline,1,1,4X9V,RCSB polymer entity chem_comp_monomers; short-polymer adds entity_poly.rcsb_sample_sequence_length <= 50.
短肽聚合物命中,4L0,(4R)-1-acetyl-4-(hexyloxy)-L-proline,1,1,4X9R,RCSB polymer entity chem_comp_monomers; short-polymer adds entity_poly.rcsb_sample_sequence_length <= 50.
短肽聚合物命中,4L8,(2R)-2-(aminomethyl)-4-methylpentanoic acid,1,1,4Z7I,RCSB polymer entity chem_comp_monomers; short-polymer adds entity_poly.rcsb_sample_sequence_length <= 50.
短肽聚合物命中,4LZ,"O-[2-(triaza-1,2-dien-2-ium-1-yl)ethyl]-L-tyrosine",2,1,4WVS,RCSB polymer entity chem_comp_monomers; short-polymer adds entity_poly.rcsb_sample_sequence_length <= 50.
暂无聚合物命中,4M8,(2S)-2-amino-4-[(S)-hydroxy(methoxy)phosphoryl]butanoic acid,0,0,,RCSB polymer entity chem_comp_monomers; short-polymer adds entity_poly.rcsb_sample_sequence_length <= 50.
仅较长聚合物命中,4M9,"(4Z)-4-imino-4-[(4Z)-4-(1H-indol-3-ylmethylidene)-5-oxo-1-(2-oxoethyl)-4,5-dihydro-1H-imidazol-2-yl]butanamide",5,0,4ZBL / 4ZFS / 9C23 / 9C25 / 9C26,RCSB polymer entity chem_comp_monomers; short-polymer adds entity_poly.rcsb_sample_sequence_length <= 50.
短肽聚合物命中,4N3,N-octanoyl-D-valine,2,2,2N5W / 2N5Y,RCSB polymer entity chem_comp_monomers; short-polymer adds entity_poly.rcsb_sample_sequence_length <= 50.
仅较长聚合物命中,4NT,"[(4Z)-2-[(1R,2R)-1-amino-2-hydroxypropyl]-4-(3-chloro-4-hydroxybenzylidene)-5-oxo-4,5-dihydro-1H-imidazol-1-yl]acetic acid",2,0,4ZF4 / 6OFL,RCSB polymer entity chem_comp_monomers; short-polymer adds entity_poly.rcsb_sample_sequence_length <= 50.
仅较长聚合物命中,4NU,"{(4Z)-2-[(1R,2R)-1-amino-2-hydroxypropyl]-4-[(3,5-dichloro-4-oxocyclohexa-2,5-dien-1-yl)methylidene]-5-oxo-4,5-dihydro-1H-imidazol-1-yl}acetic acid",1,0,4ZF5,RCSB polymer entity chem_comp_monomers; short-polymer adds entity_poly.rcsb_sample_sequence_length <= 50.
短肽聚合物命中,4OG,3-(1-benzothiophen-3-yl)-L-alanine,5,2,9ASF / 9ASG,RCSB polymer entity chem_comp_monomers; short-polymer adds entity_poly.rcsb_sample_sequence_length <= 50.
暂无聚合物命中,4OP,"(2S,4S)-2-carboxy-4-hydroxy-1,1-dimethylpyrrolidinium",0,0,,RCSB polymer entity chem_comp_monomers; short-polymer adds entity_poly.rcsb_sample_sequence_length <= 50.
仅较长聚合物命中,4OU,4-(acryloylamino)-L-phenylalanine,2,0,4ZJ1 / 4ZJ3,RCSB polymer entity chem_comp_monomers; short-polymer adds entity_poly.rcsb_sample_sequence_length <= 50.
仅较长聚合物命中,4OV,"(2R)-2-[(1R)-2-[(2S)-2-amino-2-carboxyethoxy]-1-{[(2R)-2-amino-2-phenylacetyl]amino}-2-oxoethyl]-5-methyl-3,6-dihydro-2H-1,3-thiazine-4-carboxylic acid",2,0,4ZJ2 / 4ZJ3,RCSB polymer entity chem_comp_monomers; short-polymer adds entity_poly.rcsb_sample_sequence_length <= 50.
短肽聚合物命中,4PH,4-methyl-L-phenylalanine,8,6,3BV9 / 5LO4 / 6XNE / 7WUI / 8BN1,RCSB polymer entity chem_comp_monomers; short-polymer adds entity_poly.rcsb_sample_sequence_length <= 50.
短肽聚合物命中,4PQ,5-hydroxy-L-tryptophan,1,1,7OFV,RCSB polymer entity chem_comp_monomers; short-polymer adds entity_poly.rcsb_sample_sequence_length <= 50.
短肽聚合物命中,4QK,"6-[4-(2-aminoethyl)-1H-1,2,3-triazol-1-yl]-L-norleucine",1,1,2NA5,RCSB polymer entity chem_comp_monomers; short-polymer adds entity_poly.rcsb_sample_sequence_length <= 50.
暂无聚合物命中,4SJ,"N,beta,beta-trimethyl-L-phenylalanine",0,0,,RCSB polymer entity chem_comp_monomers; short-polymer adds entity_poly.rcsb_sample_sequence_length <= 50.
暂无聚合物命中,4U7,"[(5S)-5-amino-5-carboxy-6,6-difluorohexyl](trihydroxy)borate(1-)",0,0,,RCSB polymer entity chem_comp_monomers; short-polymer adds entity_poly.rcsb_sample_sequence_length <= 50.
暂无聚合物命中,4UD,"(2S)-amino[(5S)-4,5-dihydro-1,2-oxazol-5-yl]acetic acid",0,0,,RCSB polymer entity chem_comp_monomers; short-polymer adds entity_poly.rcsb_sample_sequence_length <= 50.
短肽聚合物命中,4WQ,"(2S)-2-amino-7,7-dimethyloctanoic acid",4,4,5C0M / 5C11 / 5C13 / 8T4R,RCSB polymer entity chem_comp_monomers; short-polymer adds entity_poly.rcsb_sample_sequence_length <= 50.
仅较长聚合物命中,51T,"2,3,6-trifluoro-L-tyrosine",1,0,5CI2,RCSB polymer entity chem_comp_monomers; short-polymer adds entity_poly.rcsb_sample_sequence_length <= 50.
短肽聚合物命中,54C,(betaR)-beta-hydroxy-1-{2-[(2R)-oxiran-2-yl]propan-2-yl}-L-tryptophan,1,1,5CS2,RCSB polymer entity chem_comp_monomers; short-polymer adds entity_poly.rcsb_sample_sequence_length <= 50.
短肽聚合物命中,55I,4-(trifluoromethyl)-L-phenylalanine,2,1,8HOQ,RCSB polymer entity chem_comp_monomers; short-polymer adds entity_poly.rcsb_sample_sequence_length <= 50.
暂无聚合物命中,55N,"(2R,4R)-2-(acetyloxy)-5-methyl-4-(methylamino)hexanoic acid",0,0,,RCSB polymer entity chem_comp_monomers; short-polymer adds entity_poly.rcsb_sample_sequence_length <= 50.
短肽聚合物命中,562,"N~5~-[N-(2-{2-[2-(triaza-1,2-dien-2-ium-1-yl)ethoxy]ethoxy}ethyl)carbamimidoyl]-L-ornithine",1,1,5U6A,RCSB polymer entity chem_comp_monomers; short-polymer adds entity_poly.rcsb_sample_sequence_length <= 50.
短肽聚合物命中,56A,3-(8-phenyloctyl)-L-histidine,10,10,3RQ7 / 4RCP / 4WHH / 4WHK / 4WHL,RCSB polymer entity chem_comp_monomers; short-polymer adds entity_poly.rcsb_sample_sequence_length <= 50.
短肽聚合物命中,56C,"N~5~-{N-[2-(2-{2-[2-(triaza-1,2-dien-2-ium-1-yl)ethoxy]ethoxy}ethoxy)ethyl]carbamimidoyl}-L-ornithine",1,1,5U5M,RCSB polymer entity chem_comp_monomers; short-polymer adds entity_poly.rcsb_sample_sequence_length <= 50.
暂无聚合物命中,5A6,"(2S)-2-amino-4-[5-(5-aminopentyl)-1,3,4-oxadiazol-2-yl]butanoic acid",0,0,,RCSB polymer entity chem_comp_monomers; short-polymer adds entity_poly.rcsb_sample_sequence_length <= 50.
暂无聚合物命中,5AB,[(5S)-5-amino-5-carboxyhexyl](trihydroxy)borate,0,0,,RCSB polymer entity chem_comp_monomers; short-polymer adds entity_poly.rcsb_sample_sequence_length <= 50.
短肽聚合物命中,5CR,N-acetyl-L-phenylalanine,5,5,7LQE / 7LQF / 7LQG / 7LQH / 7LQI,RCSB polymer entity chem_comp_monomers; short-polymer adds entity_poly.rcsb_sample_sequence_length <= 50.
仅较长聚合物命中,5CS,2-AMINO-3-(CYSTEIN-S-YL)-ISOXAZOLIDIN-5-YL-ACETIC ACID,3,0,1OX5 / 2W7T / 7D95,RCSB polymer entity chem_comp_monomers; short-polymer adds entity_poly.rcsb_sample_sequence_length <= 50.
短肽聚合物命中,5CT,Hypusine,28,3,5DS8 / 5DSC / 5DTF,RCSB polymer entity chem_comp_monomers; short-polymer adds entity_poly.rcsb_sample_sequence_length <= 50.
短肽聚合物命中,5CW,5-chloro-L-tryptophan,3,3,2MH5 / 8UKC / 9ETH,RCSB polymer entity chem_comp_monomers; short-polymer adds entity_poly.rcsb_sample_sequence_length <= 50.
仅较长聚合物命中,5DW,4-ethynyl-L-phenylalanine,1,0,5DPJ,RCSB polymer entity chem_comp_monomers; short-polymer adds entity_poly.rcsb_sample_sequence_length <= 50.
仅较长聚合物命中,5F0,(3~{S})-3-azanyl-4-methoxy-4-oxidanylidene-butanoic acid,37,0,7P2E / 7PNT / 7PNU / 7PNV / 7PNW,RCSB polymer entity chem_comp_monomers; short-polymer adds entity_poly.rcsb_sample_sequence_length <= 50.
暂无聚合物命中,5FQ,N-pentyl-L-alaninamide,0,0,,RCSB polymer entity chem_comp_monomers; short-polymer adds entity_poly.rcsb_sample_sequence_length <= 50.
短肽聚合物命中,5GG,Deoxyhypusine,2,1,5DUB,RCSB polymer entity chem_comp_monomers; short-polymer adds entity_poly.rcsb_sample_sequence_length <= 50.
短肽聚合物命中,5GM,"(4S)-2,4-dimethyl-L-norleucine",1,1,5DX3,RCSB polymer entity chem_comp_monomers; short-polymer adds entity_poly.rcsb_sample_sequence_length <= 50.
暂无聚合物命中,5LB,"(2~{S})-2-azanyl-3-[1-(2-azanylethyl)-1,2,3-triazol-4-yl]propanoic acid",0,0,,RCSB polymer entity chem_comp_monomers; short-polymer adds entity_poly.rcsb_sample_sequence_length <= 50.
暂无聚合物命中,5LE,"(2~{S})-2-azanyl-3-[1-(3-azanylpropyl)-1,2,3-triazol-4-yl]propanoic acid",0,0,,RCSB polymer entity chem_comp_monomers; short-polymer adds entity_poly.rcsb_sample_sequence_length <= 50.
暂无聚合物命中,5LF,"(2~{S})-2-azanyl-3-[1-(6-azanylhexyl)-1,2,3-triazol-4-yl]propanoic acid",0,0,,RCSB polymer entity chem_comp_monomers; short-polymer adds entity_poly.rcsb_sample_sequence_length <= 50.
仅较长聚合物命中,5MW,"(2~{S})-5-[4-(aminomethyl)-1,2,3-triazol-1-yl]-2-azanyl-pentanoic acid",1,0,5E6J,RCSB polymer entity chem_comp_monomers; short-polymer adds entity_poly.rcsb_sample_sequence_length <= 50.
短肽聚合物命中,5OH,"(2S)-amino[(4R,6S)-2-amino-6-hydroxy-3,4,5,6-tetrahydropyrimidin-4-yl]ethanoic acid",25,25,4V7C / 4V7D / 4V7L / 4V85 / 4V9J,RCSB polymer entity chem_comp_monomers; short-polymer adds entity_poly.rcsb_sample_sequence_length <= 50.
短肽聚合物命中,5OL,"N~6~-(1,1-dihydroxyethyl)-L-lysine",1,1,5EFN,RCSB polymer entity chem_comp_monomers; short-polymer adds entity_poly.rcsb_sample_sequence_length <= 50.
短肽聚合物命中,5OM,"(2S)-2-amino-8,8-dihydroxy-8-[(2S)-oxiran-2-yl]octanoic acid",2,2,5EFJ / 5VI6,RCSB polymer entity chem_comp_monomers; short-polymer adds entity_poly.rcsb_sample_sequence_length <= 50.
仅较长聚合物命中,5OW,(2~{S})-2-azanyl-6-[[(~{Z})-~{C}-[2-methyl-3-oxidanyl-5-(phosphonooxymethyl)pyridin-4-yl]-~{N}-[(2~{R})-1-oxidanyl-1-oxidanylidene-3-sulfanyl-propan-2-yl]carbonimidoyl]amino]hexanoic acid,1,0,5EIG,RCSB polymer entity chem_comp_monomers; short-polymer adds entity_poly.rcsb_sample_sequence_length <= 50.
短肽聚合物命中,5PG,(2S)-(4-hydroxyphenyl)(methylamino)ethanoic acid,5,5,1T7D / 3IIQ / 6M5E / 9NLO,RCSB polymer entity chem_comp_monomers; short-polymer adds entity_poly.rcsb_sample_sequence_length <= 50.
短肽聚合物命中,5R5,methyl L-serinate,9,9,5EPJ / 5EPK / 5EPL / 5EQ0 / 6V2D,RCSB polymer entity chem_comp_monomers; short-polymer adds entity_poly.rcsb_sample_sequence_length <= 50.
仅较长聚合物命中,5SQ,2-[2-[(1S)-1-azanyl-2-(1H-imidazol-4-yl)ethyl]-4-[(4-hydroxyphenyl)methylidene]-5-oxidanylidene-imidazol-1-yl]ethanoic acid,16,0,2VVH / 2VZX / 5DTL / 5EXB / 5FVF,RCSB polymer entity chem_comp_monomers; short-polymer adds entity_poly.rcsb_sample_sequence_length <= 50.
短肽聚合物命中,5T3,N~6~-ethyl-N~6~-propan-2-yl-L-lysine,2,2,6V8W / 7M5U,RCSB polymer entity chem_comp_monomers; short-polymer adds entity_poly.rcsb_sample_sequence_length <= 50.
仅较长聚合物命中,5VV,N-carbamoyl-L-Asparagine,2,0,5FAX / 5FBZ,RCSB polymer entity chem_comp_monomers; short-polymer adds entity_poly.rcsb_sample_sequence_length <= 50.
暂无聚合物命中,5X8,S-adenosyl-L-cysteine,0,0,,RCSB polymer entity chem_comp_monomers; short-polymer adds entity_poly.rcsb_sample_sequence_length <= 50.
短肽聚合物命中,5XU,(2~{S})-2-azanylpropanal,9,9,5F5B / 5F5G / 5F5J / 5F5K / 6TH7,RCSB polymer entity chem_comp_monomers; short-polymer adds entity_poly.rcsb_sample_sequence_length <= 50.
仅较长聚合物命中,5ZA,"(5Z)-2-[(1S,2R)-1-AMINO-2-HYDROXYPROPYL]-5-[(4-AMINO-1H-INDOL-3-YL)METHYLENE]-3-(2-HYDROXYETHYL)-3,5-DIHYDRO-4H-IMIDAZOL-4-ONE",1,0,1OXF,RCSB polymer entity chem_comp_monomers; short-polymer adds entity_poly.rcsb_sample_sequence_length <= 50.
仅较长聚合物命中,60F,(2~{R})-2-azanyl-3-[(~{E})-3-(4-hydroxyphenyl)prop-2-enoyl]sulfanyl-propanoic acid,12,0,2PYP / 5HD3 / 5HD5 / 5HDC / 5HDD,RCSB polymer entity chem_comp_monomers; short-polymer adds entity_poly.rcsb_sample_sequence_length <= 50.
仅较长聚合物命中,62H,(2S)-3-amino-2-methylpropanoic acid,1,0,5HFY,RCSB polymer entity chem_comp_monomers; short-polymer adds entity_poly.rcsb_sample_sequence_length <= 50.
仅较长聚合物命中,66C,"4-[8-(beta-alanyl)-8,9-dihydro-1H-dibenzo[b,f][1,2,3]triazolo[4,5-d]azocin-1-yl]-L-phenylalanine",1,0,5DY6,RCSB polymer entity chem_comp_monomers; short-polymer adds entity_poly.rcsb_sample_sequence_length <= 50.
短肽聚合物命中,66D,"(4R)-2,4-dimethyl-L-norleucine",2,2,5DXB / 5HYR,RCSB polymer entity chem_comp_monomers; short-polymer adds entity_poly.rcsb_sample_sequence_length <= 50.
短肽聚合物命中,66E,N-ethyl-L-valine,3,3,5HSV / 8R7T / 9UPK,RCSB polymer entity chem_comp_monomers; short-polymer adds entity_poly.rcsb_sample_sequence_length <= 50.
暂无聚合物命中,6BR,threoninevanadate,0,0,,RCSB polymer entity chem_comp_monomers; short-polymer adds entity_poly.rcsb_sample_sequence_length <= 50.
短肽聚合物命中,6CL,6-CARBOXYLYSINE,2,2,2AIZ / 4BXD,RCSB polymer entity chem_comp_monomers; short-polymer adds entity_poly.rcsb_sample_sequence_length <= 50.
短肽聚合物命中,6CV,3-bromo-L-phenylalanine,1,1,5IR1,RCSB polymer entity chem_comp_monomers; short-polymer adds entity_poly.rcsb_sample_sequence_length <= 50.
短肽聚合物命中,6CW,6-CHLORO-L-TRYPTOPHAN,8,8,2AXI / 2GV2 / 3FEA / 4Z0F / 5XXK,RCSB polymer entity chem_comp_monomers; short-polymer adds entity_poly.rcsb_sample_sequence_length <= 50.
短肽聚合物命中,6DU,2-bromo-L-phenylalanine,2,1,5ITF,RCSB polymer entity chem_comp_monomers; short-polymer adds entity_poly.rcsb_sample_sequence_length <= 50.
短肽聚合物命中,6E4,L-glutamamide,1,1,5IVN,RCSB polymer entity chem_comp_monomers; short-polymer adds entity_poly.rcsb_sample_sequence_length <= 50.
短肽聚合物命中,6FL,"5,5,5,5',5',5'-hexafluoro-L-leucine",4,4,3TWF / 3TWG / 4G3B / 4G4M,RCSB polymer entity chem_comp_monomers; short-polymer adds entity_poly.rcsb_sample_sequence_length <= 50.
短肽聚合物命中,6G4,4-oxononanoyl lysine,1,1,5G4C,RCSB polymer entity chem_comp_monomers; short-polymer adds entity_poly.rcsb_sample_sequence_length <= 50.
短肽聚合物命中,6G5,4-chloro-L-tryptophan,1,1,9ETH,RCSB polymer entity chem_comp_monomers; short-polymer adds entity_poly.rcsb_sample_sequence_length <= 50.
暂无聚合物命中,6GL,5-(phosphonooxy)-L-norvaline,0,0,,RCSB polymer entity chem_comp_monomers; short-polymer adds entity_poly.rcsb_sample_sequence_length <= 50.
暂无聚合物命中,6HN,6-nitro-L-norleucine,0,0,,RCSB polymer entity chem_comp_monomers; short-polymer adds entity_poly.rcsb_sample_sequence_length <= 50.
仅较长聚合物命中,6KM,S-propanoyl-L-cysteine,1,0,5JFN,RCSB polymer entity chem_comp_monomers; short-polymer adds entity_poly.rcsb_sample_sequence_length <= 50.
暂无聚合物命中,6KY,(2S)-2-(dimethylamino)-4-(methylselanyl)butanoic acid,0,0,,RCSB polymer entity chem_comp_monomers; short-polymer adds entity_poly.rcsb_sample_sequence_length <= 50.
仅较长聚合物命中,6M6,S-[(2-phenylethyl)carbamothioyl]-L-cysteine,2,0,5JCU / 8T0S,RCSB polymer entity chem_comp_monomers; short-polymer adds entity_poly.rcsb_sample_sequence_length <= 50.
短肽聚合物命中,6RK,4-azanylcyclohexane-1-carboxylic acid,1,1,5JBQ,RCSB polymer entity chem_comp_monomers; short-polymer adds entity_poly.rcsb_sample_sequence_length <= 50.
仅较长聚合物命中,6V1,"(2~{R})-2-azanyl-3-[(3~{R})-1-ethyl-2,5-bis(oxidanylidene)pyrrolidin-3-yl]sulfanyl-propanoic acid",27,0,5LE5 / 5LEX,RCSB polymer entity chem_comp_monomers; short-polymer adds entity_poly.rcsb_sample_sequence_length <= 50.
短肽聚合物命中,6V9,"2-methyl-1,3-thiazole-5-carboxylic acid",3,3,5LEY / 5LEZ / 5M32,RCSB polymer entity chem_comp_monomers; short-polymer adds entity_poly.rcsb_sample_sequence_length <= 50.
仅较长聚合物命中,6WK,"(2~{R})-2-azanyl-3-[[(2~{S},3~{S})-2,3-bis(oxidanyl)-4-sulfanyl-butyl]disulfanyl]propanoic acid",3,0,5LHB / 6HMK / 6HML,RCSB polymer entity chem_comp_monomers; short-polymer adds entity_poly.rcsb_sample_sequence_length <= 50.
暂无聚合物命中,6Y9,"(2~{R})-1,2-dimethylpyrrolidine-2-carboxylic acid",0,0,,RCSB polymer entity chem_comp_monomers; short-polymer adds entity_poly.rcsb_sample_sequence_length <= 50.
暂无聚合物命中,6YJ,"(2~{S},4~{R})-5-(4-aminophenyl)-4-azanyl-2-methyl-pentanoic acid",0,0,,RCSB polymer entity chem_comp_monomers; short-polymer adds entity_poly.rcsb_sample_sequence_length <= 50.
短肽聚合物命中,6ZS,L-isovaline,6,6,22IZ / 5LDE / 6RLZ / 8G0Y / 9E3Y,RCSB polymer entity chem_comp_monomers; short-polymer adds entity_poly.rcsb_sample_sequence_length <= 50.
短肽聚合物命中,73C,(2~{S})-2-azanyl-3-butoxy-propanoic acid,2,2,5EEL / 5EEQ,RCSB polymer entity chem_comp_monomers; short-polymer adds entity_poly.rcsb_sample_sequence_length <= 50.
短肽聚合物命中,73N,(2~{S})-5-carbamimidamido-2-(carboxyamino)pentanoic acid,2,2,5LRG / 5LRK,RCSB polymer entity chem_comp_monomers; short-polymer adds entity_poly.rcsb_sample_sequence_length <= 50.
短肽聚合物命中,73O,(2~{S})-2-azanyl-4-(4-hydroxyphenyl)butanoic acid,5,5,5LRG / 5LRJ / 5LRK / 6WX4 / 7LFV,RCSB polymer entity chem_comp_monomers; short-polymer adds entity_poly.rcsb_sample_sequence_length <= 50.
短肽聚合物命中,73P,(2~{S})-6-azanyl-2-(carboxyamino)hexanoic acid,1,1,5LRJ,RCSB polymer entity chem_comp_monomers; short-polymer adds entity_poly.rcsb_sample_sequence_length <= 50.
仅较长聚合物命中,74P,(E)-N~6~-(1-carboxy-3-oxobutylidene)-L-lysine,2,0,5T25 / 5T26,RCSB polymer entity chem_comp_monomers; short-polymer adds entity_poly.rcsb_sample_sequence_length <= 50.
短肽聚合物命中,7C9,O-methyl-L-serine,2,2,5M32 / 9U2V,RCSB polymer entity chem_comp_monomers; short-polymer adds entity_poly.rcsb_sample_sequence_length <= 50.
暂无聚合物命中,7CC,"N,N-diethyl-L-asparagine",0,0,,RCSB polymer entity chem_comp_monomers; short-polymer adds entity_poly.rcsb_sample_sequence_length <= 50.
暂无聚合物命中,7HA,"N-(3-{[2-(4-chlorophenyl)-5-methyl-1,3-oxazol-4-yl]methoxy}benzyl)-N-(methoxycarbonyl)glycine",0,0,,RCSB polymer entity chem_comp_monomers; short-polymer adds entity_poly.rcsb_sample_sequence_length <= 50.
短肽聚合物命中,7ID,(2~{S})-4-[[(2~{S})-5-[[azanyl($l^{4}-azanylidene)methyl]amino]-1-$l^{1}-oxidanyl-1-oxidanylidene-pentan-2-yl]amino]-2-$l^{2}-azanyl-4-oxidanylidene-butanoic acid,5,5,7LGJ / 7LGQ / 7TXU / 7TXV / 8FXI,RCSB polymer entity chem_comp_monomers; short-polymer adds entity_poly.rcsb_sample_sequence_length <= 50.
暂无聚合物命中,7J3,(2S)-2-amino-4-oxo-4-(piperidin-1-yl)butanoic acid,0,0,,RCSB polymer entity chem_comp_monomers; short-polymer adds entity_poly.rcsb_sample_sequence_length <= 50.
暂无聚合物命中,7J4,N-tert-butoxy-L-asparagine,0,0,,RCSB polymer entity chem_comp_monomers; short-polymer adds entity_poly.rcsb_sample_sequence_length <= 50.
暂无聚合物命中,7JA,"N-({(1R,2S)-3-oxo-2-[(2Z)-pent-2-en-1-yl]cyclopentyl}acetyl)-L-isoleucine",0,0,,RCSB polymer entity chem_comp_monomers; short-polymer adds entity_poly.rcsb_sample_sequence_length <= 50.
暂无聚合物命中,7MN,"(Z)-N-[(1E)-1-carboxy-2-(2,3-dihydro-1H-indol-1-yl)ethylidene]{3-hydroxy-2-methyl-5-[(phosphonooxy)methyl]pyridin-4(1H)-ylidene}methanaminium",0,0,,RCSB polymer entity chem_comp_monomers; short-polymer adds entity_poly.rcsb_sample_sequence_length <= 50.
仅较长聚合物命中,7N8,4-Borono-L-phenylalanine,4,0,5MHH / 6QMU / 7LQO / 8QDF,RCSB polymer entity chem_comp_monomers; short-polymer adds entity_poly.rcsb_sample_sequence_length <= 50.
短肽聚合物命中,7O5,(2~{S})-2-azanyl-3-(2-sulfanylethanoylamino)propanoic acid,1,1,6YA7,RCSB polymer entity chem_comp_monomers; short-polymer adds entity_poly.rcsb_sample_sequence_length <= 50.
仅较长聚合物命中,7OZ,(S)-2-amino-4-fluorobutanoic acid,2,0,7PH1 / 7QIR,RCSB polymer entity chem_comp_monomers; short-polymer adds entity_poly.rcsb_sample_sequence_length <= 50.
短肽聚合物命中,7QK,N~6~-acetyl-N~6~-methyl-L-lysine,1,1,8SB6,RCSB polymer entity chem_comp_monomers; short-polymer adds entity_poly.rcsb_sample_sequence_length <= 50.
仅较长聚合物命中,7R0,2-[(4E)-2-[(1S)-1-azanyl-2-(1H-imidazol-4-yl)ethyl]-4-[(4-hydroxyphenyl)methylidene]-5-oxidanylidene-imidazol-1-yl]ethanoic acid,2,0,2VVI / 6GOZ,RCSB polymer entity chem_comp_monomers; short-polymer adds entity_poly.rcsb_sample_sequence_length <= 50.
暂无聚合物命中,7RX,(R)-homoproline,0,0,,RCSB polymer entity chem_comp_monomers; short-polymer adds entity_poly.rcsb_sample_sequence_length <= 50.
短肽聚合物命中,7T2,(2S)-3-(4-chlorophenyl)-2-(methylamino)propanoic acid,8,8,24HR / 24HT / 7YUZ / 8FPO / 8FVN,RCSB polymer entity chem_comp_monomers; short-polymer adds entity_poly.rcsb_sample_sequence_length <= 50.
短肽聚合物命中,7TK,(3S)-3-azanyl-4-oxidanylidene-4-pyrrolidin-1-yl-butanoic acid,2,2,7YUZ / 8JJS,RCSB polymer entity chem_comp_monomers; short-polymer adds entity_poly.rcsb_sample_sequence_length <= 50.
短肽聚合物命中,7VN,(2S)-2-cyclopentyl-2-(methylamino)ethanoic acid,1,1,7YV1,RCSB polymer entity chem_comp_monomers; short-polymer adds entity_poly.rcsb_sample_sequence_length <= 50.
短肽聚合物命中,7VU,(2S)-2-(ethylamino)-3-(4-methylphenyl)propanoic acid,1,1,7YV1,RCSB polymer entity chem_comp_monomers; short-polymer adds entity_poly.rcsb_sample_sequence_length <= 50.
短肽聚合物命中,7W2,"(2S)-2-azanyl-4-[3,5-bis(fluoranyl)-4-(trifluoromethyl)phenyl]butanoic acid",1,1,7YV1,RCSB polymer entity chem_comp_monomers; short-polymer adds entity_poly.rcsb_sample_sequence_length <= 50.
短肽聚合物命中,7WC,(3S)-4-(dimethylamino)-3-(methylamino)-4-oxidanylidene-butanoic acid,1,1,7YV1,RCSB polymer entity chem_comp_monomers; short-polymer adds entity_poly.rcsb_sample_sequence_length <= 50.
短肽聚合物命中,7XC,(2R)-2-azanyl-3-(4-carbamimidamidophenyl)propanoic acid,3,3,5WXP / 8BE9 / 8BEA,RCSB polymer entity chem_comp_monomers; short-polymer adds entity_poly.rcsb_sample_sequence_length <= 50.
短肽聚合物命中,7YO,(2R)-5-oxidanylidenepyrrolidine-2-carboxylic acid,1,1,9DXX,RCSB polymer entity chem_comp_monomers; short-polymer adds entity_poly.rcsb_sample_sequence_length <= 50.
短肽聚合物命中,81R,"(4R)-4,5-disulfanyl-L-norvaline",3,3,4OS4 / 4OS5 / 4OS6,RCSB polymer entity chem_comp_monomers; short-polymer adds entity_poly.rcsb_sample_sequence_length <= 50.
短肽聚合物命中,81S,"(4S)-4,5-disulfanyl-L-norvaline",3,3,2MOA / 4OS1 / 4OS2,RCSB polymer entity chem_comp_monomers; short-polymer adds entity_poly.rcsb_sample_sequence_length <= 50.
短肽聚合物命中,823,"N,N-bis(3-sulfanylpropyl)-L-asparagine",1,1,4OS7,RCSB polymer entity chem_comp_monomers; short-polymer adds entity_poly.rcsb_sample_sequence_length <= 50.
暂无聚合物命中,85F,(2R)-2-azanyl-3-[(2R)-2-azanyl-3-oxidanyl-3-oxidanylidene-propyl]sulfanyl-propanoic acid,0,0,,RCSB polymer entity chem_comp_monomers; short-polymer adds entity_poly.rcsb_sample_sequence_length <= 50.
短肽聚合物命中,85G,N-ethyl-L-glutamine,1,1,5U66,RCSB polymer entity chem_comp_monomers; short-polymer adds entity_poly.rcsb_sample_sequence_length <= 50.
短肽聚合物命中,85J,N-propyl-L-glutamine,1,1,5U66,RCSB polymer entity chem_comp_monomers; short-polymer adds entity_poly.rcsb_sample_sequence_length <= 50.
仅较长聚合物命中,85L,[[(2~{R})-2-azanyl-3-oxidanylidene-propyl]-(chloranylaurio)sulfanuidyl]-chloranyl-gold,1,0,7PV5,RCSB polymer entity chem_comp_monomers; short-polymer adds entity_poly.rcsb_sample_sequence_length <= 50.
仅较长聚合物命中,86N,"(2S)-5-[[5-(6-aminopurin-9-yl)-3,4-bis(oxidanyl)furan-2-yl]methoxy-oxidanyl-phosphoryl]oxy-2-azanyl-5-oxidanylidene-pentanoic acid",1,0,7PPO,RCSB polymer entity chem_comp_monomers; short-polymer adds entity_poly.rcsb_sample_sequence_length <= 50.
仅较长聚合物命中,8JB,"(2~{R})-2-azanyl-3-[[(5~{S})-5-[(1~{S})-1-azanyl-2-oxidanyl-2-oxidanylidene-ethyl]-4,5-dihydro-1,2-oxazol-3-yl]sulfanyl]propanoic acid",1,0,5N29,RCSB polymer entity chem_comp_monomers; short-polymer adds entity_poly.rcsb_sample_sequence_length <= 50.
短肽聚合物命中,8LJ,"(2S)-2,3-dihydro-1H-pyrrole-2-carboxylic acid",3,2,5URT / 5URU,RCSB polymer entity chem_comp_monomers; short-polymer adds entity_poly.rcsb_sample_sequence_length <= 50.
仅较长聚合物命中,8RE,"3,4-dihydroxylysine",1,0,5N9Z,RCSB polymer entity chem_comp_monomers; short-polymer adds entity_poly.rcsb_sample_sequence_length <= 50.
暂无聚合物命中,8SP,"O-[(R)-{[(2R)-2,3-bis(octanoyloxy)propyl]oxy}(hydroxy)phosphoryl]-L-serine",0,0,,RCSB polymer entity chem_comp_monomers; short-polymer adds entity_poly.rcsb_sample_sequence_length <= 50.
暂无聚合物命中,8WY,"5,5-dihydroxy-L-norleucine",0,0,,RCSB polymer entity chem_comp_monomers; short-polymer adds entity_poly.rcsb_sample_sequence_length <= 50.
暂无聚合物命中,8YR,(2S)-2-azanyl-2-[(3R)-oxolan-3-yl]ethanoic acid,0,0,,RCSB polymer entity chem_comp_monomers; short-polymer adds entity_poly.rcsb_sample_sequence_length <= 50.
暂无聚合物命中,999,(3S)-3-hydroxy-D-aspartic acid,0,0,,RCSB polymer entity chem_comp_monomers; short-polymer adds entity_poly.rcsb_sample_sequence_length <= 50.
短肽聚合物命中,99Y,4-carboxy-D-phenylalanine,1,1,5TYI,RCSB polymer entity chem_comp_monomers; short-polymer adds entity_poly.rcsb_sample_sequence_length <= 50.
短肽聚合物命中,9AT,"(2S,3R)-2-amino-3-hydroxy-butanamide",3,3,2Y8T / 6FHU / 8OKY,RCSB polymer entity chem_comp_monomers; short-polymer adds entity_poly.rcsb_sample_sequence_length <= 50.
暂无聚合物命中,9BP,4-amino-N-(2-methylpropanoyl)-D-isovaline,0,0,,RCSB polymer entity chem_comp_monomers; short-polymer adds entity_poly.rcsb_sample_sequence_length <= 50.
暂无聚合物命中,9DN,DANSYL-L-ASPARAGINE,0,0,,RCSB polymer entity chem_comp_monomers; short-polymer adds entity_poly.rcsb_sample_sequence_length <= 50.
暂无聚合物命中,9DS,DANSYL-L-SARCOSINE,0,0,,RCSB polymer entity chem_comp_monomers; short-polymer adds entity_poly.rcsb_sample_sequence_length <= 50.
短肽聚合物命中,9DT,(2~{S})-2-azanyl-3-(2-fluorophenyl)-2-methyl-propanoic acid,2,2,5NX2 / 9TB1,RCSB polymer entity chem_comp_monomers; short-polymer adds entity_poly.rcsb_sample_sequence_length <= 50.
短肽聚合物命中,9E7,N~6~-(sulfanylmethyl)-L-lysine,2,2,5VK0 / 5VK1,RCSB polymer entity chem_comp_monomers; short-polymer adds entity_poly.rcsb_sample_sequence_length <= 50.
仅较长聚合物命中,9EV,"6-[(2R)-2-{3-hydroxy-2-methyl-5-[(phosphonooxy)methyl]pyridin-4-yl}-5-oxo-1,3-oxazolidin-3-yl]-L-norleucine",1,0,5VNX,RCSB polymer entity chem_comp_monomers; short-polymer adds entity_poly.rcsb_sample_sequence_length <= 50.
短肽聚合物命中,9JC,4-(aminomethyl)-8-azanyl-quinoline-2-carbaldehyde,1,1,7QPB,RCSB polymer entity chem_comp_monomers; short-polymer adds entity_poly.rcsb_sample_sequence_length <= 50.
短肽聚合物命中,9JV,8-azanyl-4-methoxy-quinoline-2-carboxylic acid,2,2,7QPB / 8QHM,RCSB polymer entity chem_comp_monomers; short-polymer adds entity_poly.rcsb_sample_sequence_length <= 50.
短肽聚合物命中,9KK,N-methyl norleucine,7,7,5O45 / 5O4Y / 6NNV / 6PV3 / 6PV9,RCSB polymer entity chem_comp_monomers; short-polymer adds entity_poly.rcsb_sample_sequence_length <= 50.
仅较长聚合物命中,9KP,(E)-N~6~-[(2E)-1-carboxy-3-(2-carboxyphenyl)prop-2-en-1-ylidene]-L-lysine,1,0,6DAQ,RCSB polymer entity chem_comp_monomers; short-polymer adds entity_poly.rcsb_sample_sequence_length <= 50.
仅较长聚合物命中,9MN,(2~{S})-2-azanyl-6-(6-bromanylhexanoylamino)hexanoic acid,1,0,5O74,RCSB polymer entity chem_comp_monomers; short-polymer adds entity_poly.rcsb_sample_sequence_length <= 50.
暂无聚合物命中,9NE,DANSYL-L-GLUTAMATE,0,0,,RCSB polymer entity chem_comp_monomers; short-polymer adds entity_poly.rcsb_sample_sequence_length <= 50.
暂无聚合物命中,9NF,DANSYL-L-PHENYLALANINE,0,0,,RCSB polymer entity chem_comp_monomers; short-polymer adds entity_poly.rcsb_sample_sequence_length <= 50.
暂无聚合物命中,9NR,DANSYL-L-ARGININE,0,0,,RCSB polymer entity chem_comp_monomers; short-polymer adds entity_poly.rcsb_sample_sequence_length <= 50.
暂无聚合物命中,9NV,DANSYL-L-NORVALINE,0,0,,RCSB polymer entity chem_comp_monomers; short-polymer adds entity_poly.rcsb_sample_sequence_length <= 50.
短肽聚合物命中,9OW,3-selanyl-L-alaninamide,1,1,7RNW,RCSB polymer entity chem_comp_monomers; short-polymer adds entity_poly.rcsb_sample_sequence_length <= 50.
短肽聚合物命中,9R1,(2S)-2-aminooctanedioic acid,4,4,5VWY / 5VWZ / 5VX2 / 5VX3,RCSB polymer entity chem_comp_monomers; short-polymer adds entity_poly.rcsb_sample_sequence_length <= 50.
短肽聚合物命中,9R4,D-gamma-glutamyl-2-methyl-L-alanine,1,1,5VWX,RCSB polymer entity chem_comp_monomers; short-polymer adds entity_poly.rcsb_sample_sequence_length <= 50.
短肽聚合物命中,9R7,L-gamma-glutamylglycine,1,1,5VX0,RCSB polymer entity chem_comp_monomers; short-polymer adds entity_poly.rcsb_sample_sequence_length <= 50.
暂无聚合物命中,9TR,N6-{[(3-azidophenyl)methoxy]carbonyl}-L-lysine,0,0,,RCSB polymer entity chem_comp_monomers; short-polymer adds entity_poly.rcsb_sample_sequence_length <= 50.
暂无聚合物命中,9TU,N6-[({3-[3-(trifluoromethyl)-3H-diaziren-3-yl]phenyl}methoxy)carbonyl]-L-lysine,0,0,,RCSB polymer entity chem_comp_monomers; short-polymer adds entity_poly.rcsb_sample_sequence_length <= 50.
暂无聚合物命中,9TX,N6-{[(3-ethynylphenyl)methoxy]carbonyl}-L-lysine,0,0,,RCSB polymer entity chem_comp_monomers; short-polymer adds entity_poly.rcsb_sample_sequence_length <= 50.
暂无聚合物命中,9U0,"N6-({[(1S,2E)-cyclooct-2-en-1-yl]oxy}carbonyl)-L-lysine",0,0,,RCSB polymer entity chem_comp_monomers; short-polymer adds entity_poly.rcsb_sample_sequence_length <= 50.
暂无聚合物命中,9U6,3-[(2-{[(benzyloxy)carbonyl]amino}ethyl)selanyl]-L-alanine,0,0,,RCSB polymer entity chem_comp_monomers; short-polymer adds entity_poly.rcsb_sample_sequence_length <= 50.
暂无聚合物命中,9U9,"N6-({[(1R,8S,9s)-bicyclo[6.1.0]non-4-yn-9-yl]methoxy}carbonyl)-L-lysine",0,0,,RCSB polymer entity chem_comp_monomers; short-polymer adds entity_poly.rcsb_sample_sequence_length <= 50.
暂无聚合物命中,9UC,N6-{[(4-nitrophenyl)methoxy]carbonyl}-L-lysine,0,0,,RCSB polymer entity chem_comp_monomers; short-polymer adds entity_poly.rcsb_sample_sequence_length <= 50.
暂无聚合物命中,9UF,N6-{[(6-aminopyridin-3-yl)methoxy]carbonyl}-L-lysine,0,0,,RCSB polymer entity chem_comp_monomers; short-polymer adds entity_poly.rcsb_sample_sequence_length <= 50.
暂无聚合物命中,9V0,(2S)-2-azanyl-6-[(2-azidophenyl)methoxycarbonylamino]hexanoic acid,0,0,,RCSB polymer entity chem_comp_monomers; short-polymer adds entity_poly.rcsb_sample_sequence_length <= 50.
暂无聚合物命中,9V6,(2S)-2-azanyl-6-[(2-chlorophenyl)methoxycarbonylamino]hexanoic acid,0,0,,RCSB polymer entity chem_comp_monomers; short-polymer adds entity_poly.rcsb_sample_sequence_length <= 50.
暂无聚合物命中,9VC,(2S)-2-azanyl-6-(phenylmethoxycarbonylamino)hexanoic acid,0,0,,RCSB polymer entity chem_comp_monomers; short-polymer adds entity_poly.rcsb_sample_sequence_length <= 50.
暂无聚合物命中,9VF,(2S)-2-azanyl-6-(trimethylsilylmethoxycarbonylamino)hexanoic acid,0,0,,RCSB polymer entity chem_comp_monomers; short-polymer adds entity_poly.rcsb_sample_sequence_length <= 50.
暂无聚合物命中,9VL,(2S)-2-azanyl-6-[(2-bromophenyl)methoxycarbonylamino]hexanoic acid,0,0,,RCSB polymer entity chem_comp_monomers; short-polymer adds entity_poly.rcsb_sample_sequence_length <= 50.
暂无聚合物命中,9VR,"(2S)-2-azanyl-6-[[4-[3-(trifluoromethyl)-1,2-diazirin-3-yl]phenyl]methoxycarbonylamino]hexanoic acid",0,0,,RCSB polymer entity chem_comp_monomers; short-polymer adds entity_poly.rcsb_sample_sequence_length <= 50.
短肽聚合物命中,9WV,beta-alanyl-3-amino-L-alanine,2,2,5W6R / 5W6T,RCSB polymer entity chem_comp_monomers; short-polymer adds entity_poly.rcsb_sample_sequence_length <= 50.
短肽聚合物命中,A0G,(2Z)-2-amino-3-hydroxyprop-2-enoic acid,1,1,6U48,RCSB polymer entity chem_comp_monomers; short-polymer adds entity_poly.rcsb_sample_sequence_length <= 50.
短肽聚合物命中,A1A2I,(2S)-2-(aminomethyl)-3-methylbutanoic acid,1,1,8GCG,RCSB polymer entity chem_comp_monomers; short-polymer adds entity_poly.rcsb_sample_sequence_length <= 50.
短肽聚合物命中,A1A2K,"3-[1-(carboxymethyl)-1H-1,2,3-triazol-4-yl]-D-alanine",1,1,8GCG,RCSB polymer entity chem_comp_monomers; short-polymer adds entity_poly.rcsb_sample_sequence_length <= 50.
短肽聚合物命中,A1A3M,"(5S)-4,5-dihydro-1H-pyrazole-5-carboxylic acid",3,3,9D9A / 9D9B / 9D9C,RCSB polymer entity chem_comp_monomers; short-polymer adds entity_poly.rcsb_sample_sequence_length <= 50.
仅较长聚合物命中,A1A48,"(4Z)-4-{(4Z)-1-(carboxymethyl)-4-[(1H-indol-3-yl)methylidene]-5-oxo-4,5-dihydro-1H-imidazol-2-yl}-4-iminobutanoic acid",1,0,9CXP,RCSB polymer entity chem_comp_monomers; short-polymer adds entity_poly.rcsb_sample_sequence_length <= 50.
短肽聚合物命中,A1A5S,1-[(3S)-4-chloro-3-hydroxy-2-methylbutan-2-yl]-L-tryptophan,1,1,9DIN,RCSB polymer entity chem_comp_monomers; short-polymer adds entity_poly.rcsb_sample_sequence_length <= 50.
短肽聚合物命中,A1A5T,(4S)-5-butoxy-N-methyl-L-leucine,1,1,9DIN,RCSB polymer entity chem_comp_monomers; short-polymer adds entity_poly.rcsb_sample_sequence_length <= 50.
仅较长聚合物命中,A1A7R,"3-[(2S)-2-{[(2R,3S,3aR,5aS,6R,11bR,11cS)-10-hydroxy-3a-methoxy-3,14-dimethyl-2-phenyl-2,3,3a,4,5,6,7,11c-octahydro-1H-6,11b-(epiminoethano)-3,5a-methanonaphtho[2,1-g]indol-1-yl]oxy}-2,3-dihydro-1H-imidazol-4-yl]-L-alanine",1,0,8E0G,RCSB polymer entity chem_comp_monomers; short-polymer adds entity_poly.rcsb_sample_sequence_length <= 50.
仅较长聚合物命中,A1A7V,S-lactoyl-L-cysteine,6,0,9CFO / 9CFY / 9CG0 / 9CGD / 9CGE,RCSB polymer entity chem_comp_monomers; short-polymer adds entity_poly.rcsb_sample_sequence_length <= 50.
短肽聚合物命中,A1A8T,3-methyl-L-isovaline,3,3,9DOX / 9DOY / 9DP0,RCSB polymer entity chem_comp_monomers; short-polymer adds entity_poly.rcsb_sample_sequence_length <= 50.
仅较长聚合物命中,A1ADO,(4R)-5-fluoro-L-leucine,1,0,8VRH,RCSB polymer entity chem_comp_monomers; short-polymer adds entity_poly.rcsb_sample_sequence_length <= 50.
短肽聚合物命中,A1ADW,"(2S)-2-amino-3-(2-methylphenyl)propane-1,1-diol",2,1,9R9M,RCSB polymer entity chem_comp_monomers; short-polymer adds entity_poly.rcsb_sample_sequence_length <= 50.
仅较长聚合物命中,A1ADY,(2~{S})-2-azanyl-3-[2-[oxidanyl(oxidanylidene)-$l^{4}-azanyl]phenyl]propan-1-ol,1,0,8VTN,RCSB polymer entity chem_comp_monomers; short-polymer adds entity_poly.rcsb_sample_sequence_length <= 50.
仅较长聚合物命中,A1ADZ,(2S)-2-amino-3-(2-methoxyphenyl)propan-1-ol,1,0,8VTL,RCSB polymer entity chem_comp_monomers; short-polymer adds entity_poly.rcsb_sample_sequence_length <= 50.
短肽聚合物命中,A1AL8,1-(2-methylbut-3-en-2-yl)-L-tryptophan,1,1,9BBJ,RCSB polymer entity chem_comp_monomers; short-polymer adds entity_poly.rcsb_sample_sequence_length <= 50.
短肽聚合物命中,A1ALE,(2S)-2-amino-7-(dimethylamino)-7-oxoheptanoic acid,3,3,9BC2 / 9BC3 / 9BC4,RCSB polymer entity chem_comp_monomers; short-polymer adds entity_poly.rcsb_sample_sequence_length <= 50.
短肽聚合物命中,A1AMB,"3-(1H-1,2,3-triazol-1-yl)-L-alanine",1,1,9BBJ,RCSB polymer entity chem_comp_monomers; short-polymer adds entity_poly.rcsb_sample_sequence_length <= 50.
短肽聚合物命中,A1AMC,"(2S)-2-(methylamino)pentane-1,1,5-triol",1,1,9BBJ,RCSB polymer entity chem_comp_monomers; short-polymer adds entity_poly.rcsb_sample_sequence_length <= 50.
仅较长聚合物命中,A1AMM,4-benzyl-L-phenylalanine,3,0,8U8E / 9DLP / 9DLV,RCSB polymer entity chem_comp_monomers; short-polymer adds entity_poly.rcsb_sample_sequence_length <= 50.
短肽聚合物命中,A1AP1,O-phosphono-D-tyrosine,1,1,9BJN,RCSB polymer entity chem_comp_monomers; short-polymer adds entity_poly.rcsb_sample_sequence_length <= 50.
短肽聚合物命中,A1AQ4,4-phenyl-D-phenylalanine,1,1,9BJU,RCSB polymer entity chem_comp_monomers; short-polymer adds entity_poly.rcsb_sample_sequence_length <= 50.
暂无聚合物命中,A1AS0,5-selanyl-L-histidine,0,0,,RCSB polymer entity chem_comp_monomers; short-polymer adds entity_poly.rcsb_sample_sequence_length <= 50.
暂无聚合物命中,A1ASZ,5-sulfanyl-L-histidine,0,0,,RCSB polymer entity chem_comp_monomers; short-polymer adds entity_poly.rcsb_sample_sequence_length <= 50.
短肽聚合物命中,A1AT6,"(2S)-2,3-dihydro-1H-indole-2-carboxylic acid",1,1,9C2Y,RCSB polymer entity chem_comp_monomers; short-polymer adds entity_poly.rcsb_sample_sequence_length <= 50.
短肽聚合物命中,A1AT7,"(1S)-6-methyl-1,2-dihydroisoquinoline-1-carboxylic acid",1,1,9C2Y,RCSB polymer entity chem_comp_monomers; short-polymer adds entity_poly.rcsb_sample_sequence_length <= 50.
仅较长聚合物命中,A1AVU,(3S)-4-fluoro-L-valine,1,0,9C5D,RCSB polymer entity chem_comp_monomers; short-polymer adds entity_poly.rcsb_sample_sequence_length <= 50.
仅较长聚合物命中,A1AWS,4-cyano-L-tryptophan,2,0,9CLC / 9PQN,RCSB polymer entity chem_comp_monomers; short-polymer adds entity_poly.rcsb_sample_sequence_length <= 50.
短肽聚合物命中,A1AZ2,3-methyl-D-histidine,1,1,7UGW,RCSB polymer entity chem_comp_monomers; short-polymer adds entity_poly.rcsb_sample_sequence_length <= 50.
短肽聚合物命中,A1AZQ,N-(2-phenylethyl)glycine,1,1,9CS2,RCSB polymer entity chem_comp_monomers; short-polymer adds entity_poly.rcsb_sample_sequence_length <= 50.
仅较长聚合物命中,A1B9V,"3-[(1S,3S)-1-oxo-2,3-dihydro-1H-1lambda~4~-benzothiophen-3-yl]-L-alanine",1,0,9O6A,RCSB polymer entity chem_comp_monomers; short-polymer adds entity_poly.rcsb_sample_sequence_length <= 50.
短肽聚合物命中,A1BC0,"N,N-dimethyl-L-cysteinamide",1,1,8FVM,RCSB polymer entity chem_comp_monomers; short-polymer adds entity_poly.rcsb_sample_sequence_length <= 50.
短肽聚合物命中,A1BC5,L-seryl-N-[(2S)-2-amino-2-carboxyethyl]glycinamide,1,1,9DXB,RCSB polymer entity chem_comp_monomers; short-polymer adds entity_poly.rcsb_sample_sequence_length <= 50.
短肽聚合物命中,A1BDE,N~6~-L-seryl-L-lysine,1,1,9DXV,RCSB polymer entity chem_comp_monomers; short-polymer adds entity_poly.rcsb_sample_sequence_length <= 50.
仅较长聚合物命中,A1BE5,"{(4E)-2-[(1S)-1-aminoethyl]-4-[(4-hydroxyphenyl)methylidene]-5-oxo-4,5-dihydro-1H-imidazol-1-yl}acetic acid",5,0,8UL0 / 8UL2 / 8UL3 / 8UL4 / 8UL5,RCSB polymer entity chem_comp_monomers; short-polymer adds entity_poly.rcsb_sample_sequence_length <= 50.
短肽聚合物命中,A1BEB,2-Methyllysine,4,4,9E3X / 9E3Z / 9MFB / 9Z1V,RCSB polymer entity chem_comp_monomers; short-polymer adds entity_poly.rcsb_sample_sequence_length <= 50.
短肽聚合物命中,A1BIT,"(2R,3S)-3-(propan-2-yl)piperidine-2-carboxylic acid",2,2,9ECV / 9ED2,RCSB polymer entity chem_comp_monomers; short-polymer adds entity_poly.rcsb_sample_sequence_length <= 50.
短肽聚合物命中,A1BIU,(2S)-amino(4-chlorophenyl)acetic acid,1,1,9ED2,RCSB polymer entity chem_comp_monomers; short-polymer adds entity_poly.rcsb_sample_sequence_length <= 50.
暂无聚合物命中,A1BX4,N~6~-hydroxy-L-lysine,0,0,,RCSB polymer entity chem_comp_monomers; short-polymer adds entity_poly.rcsb_sample_sequence_length <= 50.
短肽聚合物命中,A1BZO,O-octanoyl-L-serine,1,1,8ZZO,RCSB polymer entity chem_comp_monomers; short-polymer adds entity_poly.rcsb_sample_sequence_length <= 50.
短肽聚合物命中,A1C0O,3-(acetamidomethyl)-L-phenylalanine,1,1,9Z3V,RCSB polymer entity chem_comp_monomers; short-polymer adds entity_poly.rcsb_sample_sequence_length <= 50.
短肽聚合物命中,A1C3V,N-(tert-butoxycarbonyl)-L-phenylalanine,2,2,9PJF / 9PKR,RCSB polymer entity chem_comp_monomers; short-polymer adds entity_poly.rcsb_sample_sequence_length <= 50.
暂无聚合物命中,A1CAB,"(2S)-3,4-dihydro-2H-pyrrole-2-carboxylic acid",0,0,,RCSB polymer entity chem_comp_monomers; short-polymer adds entity_poly.rcsb_sample_sequence_length <= 50.
短肽聚合物命中,A1CCQ,(2S)-2-hydrazinyl-3-(4-hydroxyphenyl)propanoic acid,1,1,9OLA,RCSB polymer entity chem_comp_monomers; short-polymer adds entity_poly.rcsb_sample_sequence_length <= 50.
短肽聚合物命中,A1CCR,(2S)-2-hydrazinyl-3-phenylpropanoic acid,1,1,9OL9,RCSB polymer entity chem_comp_monomers; short-polymer adds entity_poly.rcsb_sample_sequence_length <= 50.
短肽聚合物命中,A1CCS,(2S)-5-carbamimidamido-2-hydrazinylpentanoic acid,1,1,9OL8,RCSB polymer entity chem_comp_monomers; short-polymer adds entity_poly.rcsb_sample_sequence_length <= 50.
短肽聚合物命中,A1CH8,"N~5~-[N-(2,2,2-trifluoroethyl)carbamimidoyl]-L-ornithine",2,2,9PG4 / 9PG9,RCSB polymer entity chem_comp_monomers; short-polymer adds entity_poly.rcsb_sample_sequence_length <= 50.
短肽聚合物命中,A1CHS,"(4R,5R)-5-amino-N~5~-(2-aminoethyl)-4-hydroxy-L-ornithine",1,1,9PE1,RCSB polymer entity chem_comp_monomers; short-polymer adds entity_poly.rcsb_sample_sequence_length <= 50.
短肽聚合物命中,A1CHT,(4S)-4-hydroxy-4-(4-hydroxyphenyl)-L-threonine,1,1,9PE1,RCSB polymer entity chem_comp_monomers; short-polymer adds entity_poly.rcsb_sample_sequence_length <= 50.
短肽聚合物命中,A1CHU,(3R)-3-hydroxy-L-ornithine,1,1,9PE1,RCSB polymer entity chem_comp_monomers; short-polymer adds entity_poly.rcsb_sample_sequence_length <= 50.
短肽聚合物命中,A1CLH,1-benzyl-D-tryptophan,1,1,9PUZ,RCSB polymer entity chem_comp_monomers; short-polymer adds entity_poly.rcsb_sample_sequence_length <= 50.
仅较长聚合物命中,A1CM8,"(2~{S})-2-azanyl-3-[(~{E})-[4-[oxidanyl(oxidanylidene)-$l^{4}-azanyl]-6~{H}-2,1,3-benzoxadiazol-7-ylidene]amino]propanal",1,0,9PZZ,RCSB polymer entity chem_comp_monomers; short-polymer adds entity_poly.rcsb_sample_sequence_length <= 50.
仅较长聚合物命中,A1CM9,"3-[(7-nitro-2,1,3-benzoselenadiazol-4-yl)amino]-L-alanine",1,0,9Q00,RCSB polymer entity chem_comp_monomers; short-polymer adds entity_poly.rcsb_sample_sequence_length <= 50.
仅较长聚合物命中,A1CNA,"[(4Z)-2-[(1R,2R)-1-amino-2-hydroxypropyl]-4-{[(7-nitro-2,1,3-benzoselenadiazol-4-yl)amino]methylidene}-5-oxo-4,5-dihydro-1H-imidazol-1-yl]acetic acid",1,0,9Q02,RCSB polymer entity chem_comp_monomers; short-polymer adds entity_poly.rcsb_sample_sequence_length <= 50.
仅较长聚合物命中,A1CRN,"[(4Z)-2-[(1R,2R)-1-amino-2-hydroxypropyl]-4-{[(7-nitro-1,3-dihydro-2,1,3-benzoxadiazol-4-yl)amino]methylidene}-5-oxo-4,5-dihydro-1H-imidazol-1-yl]acetic acid",1,0,9Q01,RCSB polymer entity chem_comp_monomers; short-polymer adds entity_poly.rcsb_sample_sequence_length <= 50.
短肽聚合物命中,A1CRT,(4S)-4-{[(1R)-1-carboxy-2-sulfanylethyl]amino}-4-hydroxybutanoic acid,1,1,9PHD,RCSB polymer entity chem_comp_monomers; short-polymer adds entity_poly.rcsb_sample_sequence_length <= 50.
短肽聚合物命中,A1CTT,2-phenyl-D-alanine,1,1,9Y6C,RCSB polymer entity chem_comp_monomers; short-polymer adds entity_poly.rcsb_sample_sequence_length <= 50.
短肽聚合物命中,A1D5B,"methyl (2~{S})-2,6-bis(azanyl)hexanoate",1,1,8XIQ,RCSB polymer entity chem_comp_monomers; short-polymer adds entity_poly.rcsb_sample_sequence_length <= 50.
短肽聚合物命中,A1D5E,"(2~{S},4~{R})-4-(2-azanylethylcarbamoyloxy)pyrrolidine-2-carboxylic acid",3,3,8XIP / 8XIR / 9IK8,RCSB polymer entity chem_comp_monomers; short-polymer adds entity_poly.rcsb_sample_sequence_length <= 50.
短肽聚合物命中,A1D5P,"(2~{R},3~{S})-2-azanyl-3-(4-hydroxyphenyl)-3-oxidanyl-propanoic acid",1,1,8W6Z,RCSB polymer entity chem_comp_monomers; short-polymer adds entity_poly.rcsb_sample_sequence_length <= 50.
仅较长聚合物命中,A1D64,(2~{R})-3-(4-aminophenyl)sulfanyl-2-azanyl-propanoic acid,2,0,8YRF / 9IIJ,RCSB polymer entity chem_comp_monomers; short-polymer adds entity_poly.rcsb_sample_sequence_length <= 50.
暂无聚合物命中,A1D7R,(2~{S})-2-azanyl-3-[6-(3-methylbut-2-enyl)-1~{H}-indol-3-yl]propanoic acid,0,0,,RCSB polymer entity chem_comp_monomers; short-polymer adds entity_poly.rcsb_sample_sequence_length <= 50.
暂无聚合物命中,A1D8R,"(2~{S})-2,4-bis(azanyl)-3,3-dimethyl-butanoic acid",0,0,,RCSB polymer entity chem_comp_monomers; short-polymer adds entity_poly.rcsb_sample_sequence_length <= 50.
短肽聚合物命中,A1D9O,"(2~{S},3~{S},4~{S})-3,4-bis(oxidanyl)pyrrolidine-2-carboxylic acid",2,1,21NS,RCSB polymer entity chem_comp_monomers; short-polymer adds entity_poly.rcsb_sample_sequence_length <= 50.
短肽聚合物命中,A1E3Y,(3R)-3-azanyl-3-phenyl-propanoic acid,1,1,22EM,RCSB polymer entity chem_comp_monomers; short-polymer adds entity_poly.rcsb_sample_sequence_length <= 50.
短肽聚合物命中,A1E9U,2-chloranyl-5-(methylamino)benzoic acid,1,1,26NL,RCSB polymer entity chem_comp_monomers; short-polymer adds entity_poly.rcsb_sample_sequence_length <= 50.
短肽聚合物命中,A1EAK,(2~{R})-2-azanyl-2-cyclopentyl-ethanoic acid,4,4,9IY5 / 9KGJ / 9KGR / 9KGS,RCSB polymer entity chem_comp_monomers; short-polymer adds entity_poly.rcsb_sample_sequence_length <= 50.
短肽聚合物命中,A1ECH,(2~{R})-2-azanyl-~{N}-methyl-5-phenyl-pentanamide,1,1,9IY5,RCSB polymer entity chem_comp_monomers; short-polymer adds entity_poly.rcsb_sample_sequence_length <= 50.
仅较长聚合物命中,A1ECI,5-[(2R)-2-azanyl-3-oxidanyl-3-oxidanylidene-propyl]sulfanyl-5-oxidanylidene-pentanoic acid,1,0,9J6E,RCSB polymer entity chem_comp_monomers; short-polymer adds entity_poly.rcsb_sample_sequence_length <= 50.
短肽聚合物命中,A1ECK,(2S)-3-(4-fluorophenyl)-2-(methylsulfonylamino)propanoic acid,1,1,9JAM,RCSB polymer entity chem_comp_monomers; short-polymer adds entity_poly.rcsb_sample_sequence_length <= 50.
短肽聚合物命中,A1ECL,"(2S)-3-[3,5-bis(fluoranyl)phenyl]-2-(methylsulfonylamino)propanoic acid",1,1,9JAN,RCSB polymer entity chem_comp_monomers; short-polymer adds entity_poly.rcsb_sample_sequence_length <= 50.
短肽聚合物命中,A1ECM,"(2S)-3,3-dimethyl-2-(methylsulfonylamino)butanoic acid",1,1,9JAL,RCSB polymer entity chem_comp_monomers; short-polymer adds entity_poly.rcsb_sample_sequence_length <= 50.
短肽聚合物命中,A1EDD,N-METHYLSULFONYL-D-LYSINE,1,1,9PKU,RCSB polymer entity chem_comp_monomers; short-polymer adds entity_poly.rcsb_sample_sequence_length <= 50.
仅较长聚合物命中,A1EFT,"(2~{S})-2-azanyl-5-[[(5~{R})-5-[4-[[9-chloranyl-7-(2-fluoranyl-6-methoxy-phenyl)-5~{H}-pyrimido[5,4-d][2]benzazepin-2-yl]amino]-2-methoxy-phenyl]-4-oxidanylidene-1,5-dihydroimidazol-2-yl]amino]pentanoic acid",1,0,9KDS,RCSB polymer entity chem_comp_monomers; short-polymer adds entity_poly.rcsb_sample_sequence_length <= 50.
仅较长聚合物命中,A1EG1,(2~{S})-2-azanyl-6-[(1~{S})-3-azanylidene-6-[[4-[4-[(3-cyclopropyl-1~{H}-pyrazol-5-yl)amino]-6-(prop-2-ynylcarbamoyl)pyrimidin-2-yl]piperazin-1-yl]methyl]-1-oxidanyl-1~{H}-isoindol-2-yl]hexanoic acid,2,0,9KS5 / 9KS6,RCSB polymer entity chem_comp_monomers; short-polymer adds entity_poly.rcsb_sample_sequence_length <= 50.
仅较长聚合物命中,A1EIC,O-Methylcarbamoyl-L-Serine,1,0,9L2B,RCSB polymer entity chem_comp_monomers; short-polymer adds entity_poly.rcsb_sample_sequence_length <= 50.
仅较长聚合物命中,A1EIU,"(2~{S})-2-azanyl-6-[(~{E})-[7-methyl-2,4-bis(oxidanyl)-5-oxidanylidene-cyclohepta-1,3,6-trien-1-yl]methylideneamino]hexanoic acid",1,0,9L52,RCSB polymer entity chem_comp_monomers; short-polymer adds entity_poly.rcsb_sample_sequence_length <= 50.
仅较长聚合物命中,A1EJ1,"(2~{S})-6-[(~{E})-[(2~{S},3~{R},4~{S},5~{R})-2-acetamido-3,4,5,6-tetrakis(oxidanyl)hexylidene]amino]-2-azanyl-hexanoic acid",1,0,9LFQ,RCSB polymer entity chem_comp_monomers; short-polymer adds entity_poly.rcsb_sample_sequence_length <= 50.
仅较长聚合物命中,A1EJ4,(2~{S})-6-[(~{E})-2-acetamidoethylideneamino]-2-azanyl-hexanoic acid,1,0,9LFQ,RCSB polymer entity chem_comp_monomers; short-polymer adds entity_poly.rcsb_sample_sequence_length <= 50.
短肽聚合物命中,A1EJL,"(3R)-1,2,3,4-tetrahydroisoquinoline-3-carboxylic acid",2,2,9UVT / 9UVU,RCSB polymer entity chem_comp_monomers; short-polymer adds entity_poly.rcsb_sample_sequence_length <= 50.
仅较长聚合物命中,A1EJR,(2S)-2-azanyl-6-[6-[[(2R)-1-[4-[2-[3-bromanyl-2-(2-hydroxy-2-oxoethyloxy)-5-methyl-phenyl]ethynyl]phenyl]-4-(methylamino)-4-oxidanylidene-butan-2-yl]carbamoyl]-3-oxidanylidene-1H-indazol-2-yl]hexanoic acid,1,0,9LG2,RCSB polymer entity chem_comp_monomers; short-polymer adds entity_poly.rcsb_sample_sequence_length <= 50.
仅较长聚合物命中,A1EJS,"(2S)-2-azanyl-6-[[2-[[4-[(5-fluoranyl-2-methoxycarbonyl-phenyl)amino]-2-[[3-(1-methylimidazol-2-yl)phenyl]methylamino]pyrimidin-5-yl]amino]-3,4-bis(oxidanylidene)cyclobuten-1-yl]amino]hexanoic acid",1,0,9LHJ,RCSB polymer entity chem_comp_monomers; short-polymer adds entity_poly.rcsb_sample_sequence_length <= 50.
仅较长聚合物命中,A1EJT,"(2~{S})-6-[(~{E})-[(2~{S},3~{S},4~{R})-5-[[[(2~{R},3~{S},4~{R},5~{R})-5-(6-aminopurin-9-yl)-3,4-bis(oxidanyl)oxolan-2-yl]methoxy-oxidanyl-phosphoryl]oxy-oxidanyl-phosphoryl]oxy-2,3,4-tris(oxidanyl)pentylidene]amino]-2-azanyl-hexanoic acid",2,0,9LDC / 9LDD,RCSB polymer entity chem_comp_monomers; short-polymer adds entity_poly.rcsb_sample_sequence_length <= 50.
仅较长聚合物命中,A1EJZ,"(2~{S})-6-[(~{E})-[(2~{S},3~{R},4~{R},5~{R})-2-acetamido-3,4,5,6-tetrakis(oxidanyl)hexylidene]amino]-2-azanyl-hexanoic acid",1,0,9LFY,RCSB polymer entity chem_comp_monomers; short-polymer adds entity_poly.rcsb_sample_sequence_length <= 50.
仅较长聚合物命中,A1EMP,"(2~{S})-2-azanyl-6-[(1~{S})-7-[6-(3,5-dimethyl-1,2-oxazol-4-yl)-1-[(1~{S})-1-pyridin-2-ylethyl]pyrrolo[3,2-b]pyridin-3-yl]-3-methylidene-1-oxidanyl-1~{H}-isoindol-2-yl]hexanoic acid",1,0,9KT2,RCSB polymer entity chem_comp_monomers; short-polymer adds entity_poly.rcsb_sample_sequence_length <= 50.
短肽聚合物命中,A1EQM,O-Ethyl-D-tyrosine,1,1,9UWI,RCSB polymer entity chem_comp_monomers; short-polymer adds entity_poly.rcsb_sample_sequence_length <= 50.
仅较长聚合物命中,A1ER5,(2~{S})-2-azanyl-4-oxidanylidene-4-[(2~{R})-1-oxidanyl-1-oxidanylidene-3-phenyl-propan-2-yl]oxy-butanoic acid,4,0,21BK / 9U5W / 9U5X / 9U9L,RCSB polymer entity chem_comp_monomers; short-polymer adds entity_poly.rcsb_sample_sequence_length <= 50.
短肽聚合物命中,A1EUR,(2~{S})-2-azanyl-4-methoxy-butanoic acid,2,2,9W2H / 9W2J,RCSB polymer entity chem_comp_monomers; short-polymer adds entity_poly.rcsb_sample_sequence_length <= 50.
仅较长聚合物命中,A1EYP,"(2S)-2-azanyl-6-[[(1S,4R,5S)-4-methyl-5-(nitromethyl)-4-phenyl-cyclohex-2-en-1-yl]amino]hexanoic acid",2,0,9WVO / 9WVZ,RCSB polymer entity chem_comp_monomers; short-polymer adds entity_poly.rcsb_sample_sequence_length <= 50.
短肽聚合物命中,A1H2H,(2~{S})-2-azanyl-3-(3-fluoranyl-4-nitro-phenyl)propanoic acid,2,2,8RHK,RCSB polymer entity chem_comp_monomers; short-polymer adds entity_poly.rcsb_sample_sequence_length <= 50.
短肽聚合物命中,A1H2I,"(2~{S})-2-azanyl-3-[(3~{S})-5-oxidanyl-2-oxidanylidene-1,3-dihydroindol-3-yl]propanoic acid",1,1,8RHK,RCSB polymer entity chem_comp_monomers; short-polymer adds entity_poly.rcsb_sample_sequence_length <= 50.
短肽聚合物命中,A1H45,"(2~{S})-2-azanyl-3-[(3~{R})-5-oxidanyl-2-oxidanylidene-1,3-dihydroindol-3-yl]propanoic acid",2,2,8RHJ / 8RHK,RCSB polymer entity chem_comp_monomers; short-polymer adds entity_poly.rcsb_sample_sequence_length <= 50.
仅较长聚合物命中,A1H5N,2-Imino-2-phenylethanol-lysine,1,0,8S7I,RCSB polymer entity chem_comp_monomers; short-polymer adds entity_poly.rcsb_sample_sequence_length <= 50.
短肽聚合物命中,A1H5W,3-azido-L-alanine,2,2,8PI3 / 8RND,RCSB polymer entity chem_comp_monomers; short-polymer adds entity_poly.rcsb_sample_sequence_length <= 50.
短肽聚合物命中,A1H6Z,(2~{S})-2-azanyl-3-(6-azanylpyridin-3-yl)propanal,1,1,9ETH,RCSB polymer entity chem_comp_monomers; short-polymer adds entity_poly.rcsb_sample_sequence_length <= 50.
仅较长聚合物命中,A1H96,(2~{S})-2-azanyl-6-(propan-2-ylcarbamothioylamino)hexanoic acid,1,0,9EQD,RCSB polymer entity chem_comp_monomers; short-polymer adds entity_poly.rcsb_sample_sequence_length <= 50.
短肽聚合物命中,A1I48,"(2~{S},3~{R})-2-azanyl-3-[(1~{R},2~{S})-2-azanyl-4-methyl-1-oxidanyl-pentoxy]butanal",3,3,9QAI / 9QBO / 9QD2,RCSB polymer entity chem_comp_monomers; short-polymer adds entity_poly.rcsb_sample_sequence_length <= 50.
短肽聚合物命中,A1I4F,(2S)-4-(3-chlorophenyl)carbonylpiperazine-2-carboxylic acid,2,2,9QBT / 9QDU,RCSB polymer entity chem_comp_monomers; short-polymer adds entity_poly.rcsb_sample_sequence_length <= 50.
短肽聚合物命中,A1I67,"(2~{R},3~{S},6~{R},7~{S})-7-[(1~{S})-1-azanyl-3-methyl-butyl]-2,6-dimethyl-6,7-bis(oxidanyl)-1,4-oxazepane-3-carbaldehyde",2,2,9QB4 / 9S78,RCSB polymer entity chem_comp_monomers; short-polymer adds entity_poly.rcsb_sample_sequence_length <= 50.
短肽聚合物命中,A1I8Q,2-[3-[2-[3-(methylamino)propylsulfanylmethyl]prop-2-enylsulfanylmethyl]phenyl]ethanoic acid,1,1,9QDU,RCSB polymer entity chem_comp_monomers; short-polymer adds entity_poly.rcsb_sample_sequence_length <= 50.
仅较长聚合物命中,A1I9G,3(S)-methyl-histidine,2,0,9QQT / 9QR1,RCSB polymer entity chem_comp_monomers; short-polymer adds entity_poly.rcsb_sample_sequence_length <= 50.
短肽聚合物命中,A1I9P,8-azanyl-4-[2-(2-methoxyethoxy)ethylsulfanyl]quinoline-2-carbaldehyde,1,1,9QNU,RCSB polymer entity chem_comp_monomers; short-polymer adds entity_poly.rcsb_sample_sequence_length <= 50.
短肽聚合物命中,A1I9S,7-azanyl-4-(3-azanylpropoxy)-8-methoxy-quinoline-2-carboxylic acid,1,1,9QOG,RCSB polymer entity chem_comp_monomers; short-polymer adds entity_poly.rcsb_sample_sequence_length <= 50.
短肽聚合物命中,A1ICB,"(2S,4S)-4-[(2-chloranyl-5-methyl-phenyl)carbonylamino]pyrrolidine-2-carboxylic acid",2,2,9FBI / 9FBM,RCSB polymer entity chem_comp_monomers; short-polymer adds entity_poly.rcsb_sample_sequence_length <= 50.
短肽聚合物命中,A1ICC,"(2S,4S)-4-(isoquinolin-1-ylcarbonylamino)pyrrolidine-2-carboxylic acid",1,1,9FBL,RCSB polymer entity chem_comp_monomers; short-polymer adds entity_poly.rcsb_sample_sequence_length <= 50.
仅较长聚合物命中,A1IHG,(S)-2-amino-3-(9-oxo-9H-thioxanthen-2-yl)propanoic acid,3,0,9FYU / 9FYV / 9G65,RCSB polymer entity chem_comp_monomers; short-polymer adds entity_poly.rcsb_sample_sequence_length <= 50.
仅较长聚合物命中,A1IID,4-mercaptophenyl-alanine,2,0,9G51 / 9G52,RCSB polymer entity chem_comp_monomers; short-polymer adds entity_poly.rcsb_sample_sequence_length <= 50.
短肽聚合物命中,A1IJ4,4-[3-(aminomethyl)phenoxy]butylcarbamic acid,11,11,5L3O / 5L6K / 5L6T / 5L70 / 5L9E,RCSB polymer entity chem_comp_monomers; short-polymer adds entity_poly.rcsb_sample_sequence_length <= 50.
仅较长聚合物命中,A1IJE,"(4~{S})-4-azanyl-4-[1-(2-hydroxy-2-oxoethyl)-5-oxidanylidene-4-[(4-oxidanylidenecyclohexa-2,5-dien-1-ylidene)methyl]-4~{H}-imidazol-2-yl]butanoic acid",1,0,9GA0,RCSB polymer entity chem_comp_monomers; short-polymer adds entity_poly.rcsb_sample_sequence_length <= 50.
仅较长聚合物命中,A1IJF,2-[(4Z)-2-(aminomethyl)-4-[(3-azanyl-4-oxidanyl-phenyl)methylidene]-5-oxidanylidene-imidazol-1-yl]ethanoic acid,1,0,9G7Q,RCSB polymer entity chem_comp_monomers; short-polymer adds entity_poly.rcsb_sample_sequence_length <= 50.
短肽聚合物命中,A1IJP,8-azanyl-5-(2-phenylethyl)quinoline-2-carbaldehyde,3,3,9GAJ / 9GAK / 9HGP,RCSB polymer entity chem_comp_monomers; short-polymer adds entity_poly.rcsb_sample_sequence_length <= 50.
短肽聚合物命中,A1IJQ,8-azanylquinoline-2-carboxylic acid,1,1,9GAM,RCSB polymer entity chem_comp_monomers; short-polymer adds entity_poly.rcsb_sample_sequence_length <= 50.
短肽聚合物命中,A1IKE,(2~{S})-2-(2-azanylphenoxy)propanoic acid,2,2,9GAJ / 9QNU,RCSB polymer entity chem_comp_monomers; short-polymer adds entity_poly.rcsb_sample_sequence_length <= 50.
仅较长聚合物命中,A1IKP,TRIPHOSPHOSERINE,1,0,9GD9,RCSB polymer entity chem_comp_monomers; short-polymer adds entity_poly.rcsb_sample_sequence_length <= 50.
短肽聚合物命中,A1IM3,(3~{R})-3-azanyl-4-(1~{H}-indol-3-yl)butanal,2,2,9EO6 / 9EOX,RCSB polymer entity chem_comp_monomers; short-polymer adds entity_poly.rcsb_sample_sequence_length <= 50.
短肽聚合物命中,A1IM8,(2~{R})-2-azanyl-~{N}-methyl-3-pyridin-4-yl-propanamide,2,2,9EO6 / 9EOR,RCSB polymer entity chem_comp_monomers; short-polymer adds entity_poly.rcsb_sample_sequence_length <= 50.
短肽聚合物命中,A1IMX,"4-[2-[1-[3-[3-(aminomethyl)phenoxy]propyl]-1,2,3-triazol-4-yl]ethoxy]-8-azanyl-quinoline-2-carboxylic acid",1,1,6Q3O,RCSB polymer entity chem_comp_monomers; short-polymer adds entity_poly.rcsb_sample_sequence_length <= 50.
仅较长聚合物命中,A1IPL,para-boronophenylalanine,1,0,9GTV,RCSB polymer entity chem_comp_monomers; short-polymer adds entity_poly.rcsb_sample_sequence_length <= 50.
仅较长聚合物命中,A1IQX,NE2-acetamide-histidine,1,0,9GYH,RCSB polymer entity chem_comp_monomers; short-polymer adds entity_poly.rcsb_sample_sequence_length <= 50.
短肽聚合物命中,A1IU4,8-(carboxyamino)-4-oxidanyl-quinoline-2-carboxylic acid,1,1,5LVS,RCSB polymer entity chem_comp_monomers; short-polymer adds entity_poly.rcsb_sample_sequence_length <= 50.
短肽聚合物命中,A1IUO,"(2~{S})-2-[2-azanyl-4-(2,3-dihydro-1~{H}-inden-2-yl)phenoxy]propanoic acid",1,1,9HGP,RCSB polymer entity chem_comp_monomers; short-polymer adds entity_poly.rcsb_sample_sequence_length <= 50.
短肽聚合物命中,A1JAK,2-[3-[[2-oxidanylidene-3-(piperidin-4-ylmethylsulfanyl)propyl]sulfanylmethyl]phenyl]ethanoic acid,1,1,9QBT,RCSB polymer entity chem_comp_monomers; short-polymer adds entity_poly.rcsb_sample_sequence_length <= 50.
短肽聚合物命中,A1JAL,(2S)-4-cyclohexylcarbonylpiperazine-2-carboxylic acid,2,2,9IH9 / 9QBS,RCSB polymer entity chem_comp_monomers; short-polymer adds entity_poly.rcsb_sample_sequence_length <= 50.
仅较长聚合物命中,A1JCN,(2~{S})-2-azanyl-3-[3-methyl-1-[(1~{S})-2-methylidene-3-oxidanylidene-cyclohexyl]imidazol-4-yl]propanoic acid,1,0,9R2D,RCSB polymer entity chem_comp_monomers; short-polymer adds entity_poly.rcsb_sample_sequence_length <= 50.
短肽聚合物命中,A1JND,"2-[4-(1H-1,2,3-triazol-4-yl)butylamino]ethanoic acid",2,2,9SAB / 9SAE,RCSB polymer entity chem_comp_monomers; short-polymer adds entity_poly.rcsb_sample_sequence_length <= 50.
短肽聚合物命中,A1JNL,"(2~{S})-2-[3-(1~{H}-1,2,3-triazol-4-yl)propylamino]butanoic acid",1,1,9SAC,RCSB polymer entity chem_comp_monomers; short-polymer adds entity_poly.rcsb_sample_sequence_length <= 50.
短肽聚合物命中,A1JNX,"2-[2-(1~{H}-1,2,3-triazol-4-yl)ethylamino]ethanoic acid",1,1,9SA9,RCSB polymer entity chem_comp_monomers; short-polymer adds entity_poly.rcsb_sample_sequence_length <= 50.
仅较长聚合物命中,A1JPL,(3R)-4-amino-3-thiobutyric acid,3,0,9SMN / 9SMP / 9SO9,RCSB polymer entity chem_comp_monomers; short-polymer adds entity_poly.rcsb_sample_sequence_length <= 50.
仅较长聚合物命中,A1JPT,(3S)-4-amino-3-thiobutyric acid,1,0,9SMP,RCSB polymer entity chem_comp_monomers; short-polymer adds entity_poly.rcsb_sample_sequence_length <= 50.
短肽聚合物命中,A1JWF,2-Tellurophenealanine,1,1,9S78,RCSB polymer entity chem_comp_monomers; short-polymer adds entity_poly.rcsb_sample_sequence_length <= 50.
短肽聚合物命中,A1L2U,1-(6-azanylhexanoyl)pyrrolidine-2-carboxylic acid,1,1,9IM7,RCSB polymer entity chem_comp_monomers; short-polymer adds entity_poly.rcsb_sample_sequence_length <= 50.
短肽聚合物命中,A1L3I,(2~{S})-3-methyl-2-(methylamino)-3-oxidanyl-butanoic acid,2,2,9IVC / 9XD0,RCSB polymer entity chem_comp_monomers; short-polymer adds entity_poly.rcsb_sample_sequence_length <= 50.
仅较长聚合物命中,A1L4B,(2S)-2-azanyl-5-nitroso-5-oxidanylidene-pentanoic acid,1,0,4ZTT,RCSB polymer entity chem_comp_monomers; short-polymer adds entity_poly.rcsb_sample_sequence_length <= 50.
短肽聚合物命中,A1L4D,(2~{S})-2-benzamido-3-phenyl-propanoic acid,1,1,9JBL,RCSB polymer entity chem_comp_monomers; short-polymer adds entity_poly.rcsb_sample_sequence_length <= 50.
暂无聚合物命中,A1L7E,(2~{S})-2-azanyl-3-(7-iodanyl-1~{H}-indol-3-yl)propanoic acid,0,0,,RCSB polymer entity chem_comp_monomers; short-polymer adds entity_poly.rcsb_sample_sequence_length <= 50.
短肽聚合物命中,A1L7K,(2~{S})-2-azanyl-3-[(3~{S})-2-oxidanylidenepiperidin-3-yl]propanoic acid,3,3,9KGJ / 9KGR / 9KGS,RCSB polymer entity chem_comp_monomers; short-polymer adds entity_poly.rcsb_sample_sequence_length <= 50.
短肽聚合物命中,A1L7L,(2~{S})-3-cyclobutyl-2-(methylamino)propanoic acid,1,1,9KGJ,RCSB polymer entity chem_comp_monomers; short-polymer adds entity_poly.rcsb_sample_sequence_length <= 50.
短肽聚合物命中,A1L7N,N-Methyl-L-norvaline,1,1,9KGS,RCSB polymer entity chem_comp_monomers; short-polymer adds entity_poly.rcsb_sample_sequence_length <= 50.
仅较长聚合物命中,A1L97,"(2~{S})-2-azanyl-3-[4-(4-pyridin-2-yl-1,2,3-triazol-1-yl)phenyl]propanoic acid",2,0,9UYW / 9VAR,RCSB polymer entity chem_comp_monomers; short-polymer adds entity_poly.rcsb_sample_sequence_length <= 50.
短肽聚合物命中,A1L9X,4-azanylpiperidine-4-carboxylic acid,3,3,22EM / 22ES / 9V8F,RCSB polymer entity chem_comp_monomers; short-polymer adds entity_poly.rcsb_sample_sequence_length <= 50.
仅较长聚合物命中,A1LTQ,ADP-RIBOXANATED ARGININE,1,0,7XN6,RCSB polymer entity chem_comp_monomers; short-polymer adds entity_poly.rcsb_sample_sequence_length <= 50.
暂无聚合物命中,A1LUD,S-METHYL-METHIONINE,0,0,,RCSB polymer entity chem_comp_monomers; short-polymer adds entity_poly.rcsb_sample_sequence_length <= 50.
短肽聚合物命中,A1LUT,(3R)-3-HYDROXY-ASPARAGINE,1,1,9FVW,RCSB polymer entity chem_comp_monomers; short-polymer adds entity_poly.rcsb_sample_sequence_length <= 50.
仅较长聚合物命中,A1LUV,(5S)-5-HYDROXY-LYSINE,1,0,9C79,RCSB polymer entity chem_comp_monomers; short-polymer adds entity_poly.rcsb_sample_sequence_length <= 50.
短肽聚合物命中,A1LWV,(2~{S})-2-azanyl-6-(5-oxidanylidenepentanoylamino)hexanoic acid,1,1,6IQH,RCSB polymer entity chem_comp_monomers; short-polymer adds entity_poly.rcsb_sample_sequence_length <= 50.
暂无聚合物命中,A1MB8,(2~{R})-2-[[2-methyl-3-oxidanyl-5-(phosphonooxymethyl)pyridin-4-yl]methylamino]-3-phenyl-propanoic acid,0,0,,RCSB polymer entity chem_comp_monomers; short-polymer adds entity_poly.rcsb_sample_sequence_length <= 50.
短肽聚合物命中,A1MCG,(2~{S})-2-azanyl-3-[4-(pyrimidin-2-ylamino)phenyl]propanoic acid,6,6,9X2Q / 9X2U / 9X2V / 9X2W / 9X2X,RCSB polymer entity chem_comp_monomers; short-polymer adds entity_poly.rcsb_sample_sequence_length <= 50.
短肽聚合物命中,A1MDN,"(~{Z},2~{S})-2-azanyl-2-methyl-oct-6-enoic acid",1,1,22IZ,RCSB polymer entity chem_comp_monomers; short-polymer adds entity_poly.rcsb_sample_sequence_length <= 50.
短肽聚合物命中,A1MF6,(2~{S})-2-(aminomethyl)-4-methyl-pentanoic acid,1,1,25NV,RCSB polymer entity chem_comp_monomers; short-polymer adds entity_poly.rcsb_sample_sequence_length <= 50.
短肽聚合物命中,A1MFG,(2~{S})-2-azanyl-4-[3-fluoranyl-4-(trifluoromethyl)phenyl]butanoic acid,2,2,24HR / 24HS,RCSB polymer entity chem_comp_monomers; short-polymer adds entity_poly.rcsb_sample_sequence_length <= 50.
短肽聚合物命中,A1MFI,(3~{R})-3-azanylbutanoic acid,1,1,24HT,RCSB polymer entity chem_comp_monomers; short-polymer adds entity_poly.rcsb_sample_sequence_length <= 50.
仅较长聚合物命中,A30,O-ethyl-L-tyrosine,1,0,7SPE,RCSB polymer entity chem_comp_monomers; short-polymer adds entity_poly.rcsb_sample_sequence_length <= 50.
仅较长聚合物命中,A3U,4-acetamido-L-phenylalanine,3,0,7SPF / 7SPG / 7SPH,RCSB polymer entity chem_comp_monomers; short-polymer adds entity_poly.rcsb_sample_sequence_length <= 50.
仅较长聚合物命中,A5N,O-carboxy-4-imino-L-homoserine,1,0,2XJF,RCSB polymer entity chem_comp_monomers; short-polymer adds entity_poly.rcsb_sample_sequence_length <= 50.
短肽聚合物命中,A66,"N-(3,7-Diaminopurin-6-ylacetyl)-L-lysine",1,1,1NR8,RCSB polymer entity chem_comp_monomers; short-polymer adds entity_poly.rcsb_sample_sequence_length <= 50.
短肽聚合物命中,A8E,(2S)-2-amino-4-bromopent-4-enoic acid,5,5,3SGM / 3SGN / 5UHR / 6B79 / 7ROL,RCSB polymer entity chem_comp_monomers; short-polymer adds entity_poly.rcsb_sample_sequence_length <= 50.
短肽聚合物命中,AA4,2-AMINO-5-HYDROXYPENTANOIC ACID,3,3,1MIK / 6TH7,RCSB polymer entity chem_comp_monomers; short-polymer adds entity_poly.rcsb_sample_sequence_length <= 50.
暂无聚合物命中,AA6,"3-[4,5-DIHYDROXY-2-2-(2-HYDROXYETHYLAMINO)-PHENYL]-2-METHYLAMINO-PROPIONIC ACID",0,0,,RCSB polymer entity chem_comp_monomers; short-polymer adds entity_poly.rcsb_sample_sequence_length <= 50.
短肽聚合物命中,AAR,ARGININEAMIDE,9,8,1ZTO / 2IFW / 4YK9 / 5OK6 / 5T1G,RCSB polymer entity chem_comp_monomers; short-polymer adds entity_poly.rcsb_sample_sequence_length <= 50.
短肽聚合物命中,ABA,ALPHA-AMINOBUTYRIC ACID,176,120,1A3P / 1BAH / 1C2U / 1C5F / 1CSA,RCSB polymer entity chem_comp_monomers; short-polymer adds entity_poly.rcsb_sample_sequence_length <= 50.
短肽聚合物命中,AC5,1-AMINOCYCLOPENTANECARBOXYLIC ACID,12,12,24HR / 24HS / 3S8N / 4GM3 / 4GM8,RCSB polymer entity chem_comp_monomers; short-polymer adds entity_poly.rcsb_sample_sequence_length <= 50.
短肽聚合物命中,ACA,6-AMINOHEXANOIC ACID,29,29,1ILP / 1ILQ / 1VQ6 / 1VQ8 / 1VQ9,RCSB polymer entity chem_comp_monomers; short-polymer adds entity_poly.rcsb_sample_sequence_length <= 50.
短肽聚合物命中,ACB,3-METHYL-BETA-D-ASPARTIC ACID,26,26,1AY3 / 1EVA / 1EVB / 1EVC / 1EVD,RCSB polymer entity chem_comp_monomers; short-polymer adds entity_poly.rcsb_sample_sequence_length <= 50.
暂无聚合物命中,ADD,"2,6,8-TRIMETHYL-3-AMINO-9-BENZYL-9-METHOXYNONANOIC ACID",0,0,,RCSB polymer entity chem_comp_monomers; short-polymer adds entity_poly.rcsb_sample_sequence_length <= 50.
暂无聚合物命中,AE5,N-[(2S)-2-amino-2-carboxyethyl]-L-glutamic acid,0,0,,RCSB polymer entity chem_comp_monomers; short-polymer adds entity_poly.rcsb_sample_sequence_length <= 50.
短肽聚合物命中,AEA,(2-AMINO-2-CARBAMOYL-ETHYLSULFANYL)-ACETIC ACID,3,2,1BZH / 5EEL,RCSB polymer entity chem_comp_monomers; short-polymer adds entity_poly.rcsb_sample_sequence_length <= 50.
仅较长聚合物命中,AEI,THREONINE-ASPARTIC ESTER,9,0,4ECA / 6V24 / 6V25 / 6V27,RCSB polymer entity chem_comp_monomers; short-polymer adds entity_poly.rcsb_sample_sequence_length <= 50.
暂无聚合物命中,AFA,"N-[7-METHYL-OCT-2,4-DIENOYL]ASPARAGINE",0,0,,RCSB polymer entity chem_comp_monomers; short-polymer adds entity_poly.rcsb_sample_sequence_length <= 50.
短肽聚合物命中,AGD,"3-(2-amino-6-oxo-1,6-dihydro-9H-purin-9-yl)-D-alanine",1,1,3C1P,RCSB polymer entity chem_comp_monomers; short-polymer adds entity_poly.rcsb_sample_sequence_length <= 50.
仅较长聚合物命中,AGM,5-METHYL-ARGININE,39,0,1E6Y / 1HBM / 1HBN / 1HBO / 1HBU,RCSB polymer entity chem_comp_monomers; short-polymer adds entity_poly.rcsb_sample_sequence_length <= 50.
仅较长聚合物命中,AGQ,"3-[(3E)-3-(carbamimidoylhydrazono)-4-hydroxy-6-oxocyclohexa-1,4-dien-1-yl]-L-alanine",1,0,3MPH,RCSB polymer entity chem_comp_monomers; short-polymer adds entity_poly.rcsb_sample_sequence_length <= 50.
仅较长聚合物命中,AGT,S-{(S)-AMINO[(4-AMINOBUTYL)AMINO]METHYL}-L-CYSTEINE,2,0,2JER / 3H7K,RCSB polymer entity chem_comp_monomers; short-polymer adds entity_poly.rcsb_sample_sequence_length <= 50.
短肽聚合物命中,AHB,BETA-HYDROXYASPARAGINE,4,1,1DSR,RCSB polymer entity chem_comp_monomers; short-polymer adds entity_poly.rcsb_sample_sequence_length <= 50.
短肽聚合物命中,AHH,AMINO-HYDROXYHEPTANOIC ACID,1,1,3MAT,RCSB polymer entity chem_comp_monomers; short-polymer adds entity_poly.rcsb_sample_sequence_length <= 50.
短肽聚合物命中,AHO,N-ACETYL-N-HYDROXY-L-ORNITHINE,3,3,1BY5 / 2W6U / 4B8Y,RCSB polymer entity chem_comp_monomers; short-polymer adds entity_poly.rcsb_sample_sequence_length <= 50.
短肽聚合物命中,AHP,2-AMINO-HEPTANOIC ACID,3,3,1J4X / 3LO9 / 4BPK,RCSB polymer entity chem_comp_monomers; short-polymer adds entity_poly.rcsb_sample_sequence_length <= 50.
短肽聚合物命中,AIB,ALPHA-AMINOISOBUTYRIC ACID,228,219,1AI1 / 1AMT / 1DLZ / 1EE7 / 1EFR,RCSB polymer entity chem_comp_monomers; short-polymer adds entity_poly.rcsb_sample_sequence_length <= 50.
短肽聚合物命中,AJE,"(3S,4R)-4-amino-1-(3-carboxypropanoyl)pyrrolidine-3-carboxylic acid",2,2,5AGW / 5AGX,RCSB polymer entity chem_comp_monomers; short-polymer adds entity_poly.rcsb_sample_sequence_length <= 50.
短肽聚合物命中,ALC,2-AMINO-3-CYCLOHEXYL-PROPIONIC ACID,62,61,1B3H / 1D5M / 1D5X / 1D5Z / 1D6E,RCSB polymer entity chem_comp_monomers; short-polymer adds entity_poly.rcsb_sample_sequence_length <= 50.
短肽聚合物命中,ALN,NAPHTHALEN-2-YL-3-ALANINE,17,16,1B0H / 1FIV / 2FIV / 3FIV / 3OE0,RCSB polymer entity chem_comp_monomers; short-polymer adds entity_poly.rcsb_sample_sequence_length <= 50.
短肽聚合物命中,ALO,ALLO-THREONINE,23,23,1DSR / 2JUU / 5DIR / 5I5B / 5I5C,RCSB polymer entity chem_comp_monomers; short-polymer adds entity_poly.rcsb_sample_sequence_length <= 50.
仅较长聚合物命中,ALS,(3S)-3-(sulfooxy)-L-serine,6,0,1FSU / 1P49 / 5FQL / 6IOZ / 8EG3,RCSB polymer entity chem_comp_monomers; short-polymer adds entity_poly.rcsb_sample_sequence_length <= 50.
短肽聚合物命中,ALT,THIOALANINE,1,1,1VBT,RCSB polymer entity chem_comp_monomers; short-polymer adds entity_poly.rcsb_sample_sequence_length <= 50.
短肽聚合物命中,ALY,N(6)-ACETYLLYSINE,450,245,1E6I / 1JM4 / 1JSP / 1MA3 / 1Q1A,RCSB polymer entity chem_comp_monomers; short-polymer adds entity_poly.rcsb_sample_sequence_length <= 50.
暂无聚合物命中,AN6,5'-{[(3S)-3-amino-3-carboxypropyl](ethyl)amino}-5'-deoxyadenosine,0,0,,RCSB polymer entity chem_comp_monomers; short-polymer adds entity_poly.rcsb_sample_sequence_length <= 50.
暂无聚合物命中,AN8,(2S)-2-aminononanoic acid,0,0,,RCSB polymer entity chem_comp_monomers; short-polymer adds entity_poly.rcsb_sample_sequence_length <= 50.
暂无聚合物命中,APH,P-AMIDINOPHENYL-3-ALANINE,0,0,,RCSB polymer entity chem_comp_monomers; short-polymer adds entity_poly.rcsb_sample_sequence_length <= 50.
短肽聚合物命中,API,"2,6-DIAMINOPIMELIC ACID",18,18,148L / 2MTZ / 3TD5 / 4BXE / 4CHX,RCSB polymer entity chem_comp_monomers; short-polymer adds entity_poly.rcsb_sample_sequence_length <= 50.
仅较长聚合物命中,APK,5'-O-[(S)-{[(5S)-5-AMINO-6-OXOHEXYL]AMINO}(HYDROXY)PHOSPHORYL]ADENOSINE,6,0,1VS0 / 2HVQ / 5D1O / 5D1P / 5JUL,RCSB polymer entity chem_comp_monomers; short-polymer adds entity_poly.rcsb_sample_sequence_length <= 50.
暂无聚合物命中,APM,M-AMIDINOPHENYL-3-ALANINE,0,0,,RCSB polymer entity chem_comp_monomers; short-polymer adds entity_poly.rcsb_sample_sequence_length <= 50.
暂无聚合物命中,APO,D-2-AMINO-3-PHOSPHONO-PROPIONIC ACID,0,0,,RCSB polymer entity chem_comp_monomers; short-polymer adds entity_poly.rcsb_sample_sequence_length <= 50.
暂无聚合物命中,APP,1-ACETYL-2-CARBOXYPIPERIDINE,0,0,,RCSB polymer entity chem_comp_monomers; short-polymer adds entity_poly.rcsb_sample_sequence_length <= 50.
暂无聚合物命中,AR2,ARGINYL-BENZOTHIAZOLE-6-CARBOXYLIC ACID,0,0,,RCSB polymer entity chem_comp_monomers; short-polymer adds entity_poly.rcsb_sample_sequence_length <= 50.
短肽聚合物命中,ARM,DEOXY-METHYL-ARGININE,1,1,3E0N,RCSB polymer entity chem_comp_monomers; short-polymer adds entity_poly.rcsb_sample_sequence_length <= 50.
仅较长聚合物命中,ARO,C-GAMMA-HYDROXY ARGININE,3,0,1FFU / 1FFV / 9SMI,RCSB polymer entity chem_comp_monomers; short-polymer adds entity_poly.rcsb_sample_sequence_length <= 50.
暂无聚合物命中,ARV,5-N-ALLYL-ARGININE,0,0,,RCSB polymer entity chem_comp_monomers; short-polymer adds entity_poly.rcsb_sample_sequence_length <= 50.
暂无聚合物命中,AS2,(2R)-2-AMINO-4-OXOBUTANOIC ACID,0,0,,RCSB polymer entity chem_comp_monomers; short-polymer adds entity_poly.rcsb_sample_sequence_length <= 50.
暂无聚合物命中,AS7,N4-(4-cyanobenzyl)-L-asparagine,0,0,,RCSB polymer entity chem_comp_monomers; short-polymer adds entity_poly.rcsb_sample_sequence_length <= 50.
暂无聚合物命中,AS9,N-[HYDROXY(METHYL)PHOSPHORYL]-L-ASPARTIC ACID,0,0,,RCSB polymer entity chem_comp_monomers; short-polymer adds entity_poly.rcsb_sample_sequence_length <= 50.
短肽聚合物命中,ASA,ASPARTIC ALDEHYDE,28,25,1F9E / 1IBC / 1ICE / 3EDQ / 3H11,RCSB polymer entity chem_comp_monomers; short-polymer adds entity_poly.rcsb_sample_sequence_length <= 50.
仅较长聚合物命中,ASB,ASPARTIC ACID-4-CARBOXYMETHYL ESTER,14,0,1QQ6 / 1QQ7 / 2YMP / 3R3Y / 4CE6,RCSB polymer entity chem_comp_monomers; short-polymer adds entity_poly.rcsb_sample_sequence_length <= 50.
仅较长聚合物命中,ASL,ASPARTIC ACID-4-CARBOXYETHYL ESTER,2,0,2NO5 / 2YMQ,RCSB polymer entity chem_comp_monomers; short-polymer adds entity_poly.rcsb_sample_sequence_length <= 50.
暂无聚合物命中,ASM,2-AMINO-4-OXO-4(1H-PYRROL-1-YL)BUTANOIC ACID,0,0,,RCSB polymer entity chem_comp_monomers; short-polymer adds entity_poly.rcsb_sample_sequence_length <= 50.
暂无聚合物命中,AVN,"(2S)-AMINO[(5S)-3-CHLORO-4,5-DIHYDROISOXAZOL-5-YL]ACETIC ACID",0,0,,RCSB polymer entity chem_comp_monomers; short-polymer adds entity_poly.rcsb_sample_sequence_length <= 50.
短肽聚合物命中,AYA,N-ACETYLALANINE,286,3,1D0W / 6WAT / 6WY6,RCSB polymer entity chem_comp_monomers; short-polymer adds entity_poly.rcsb_sample_sequence_length <= 50.
仅较长聚合物命中,AZH,AZIDOHOMOALANINE,3,0,2XO2 / 5MZ7 / 5W72,RCSB polymer entity chem_comp_monomers; short-polymer adds entity_poly.rcsb_sample_sequence_length <= 50.
短肽聚合物命中,AZK,(S)-2-AMINO-6-AZIDOHEXANOIC ACID,2,2,2AHP / 5V62,RCSB polymer entity chem_comp_monomers; short-polymer adds entity_poly.rcsb_sample_sequence_length <= 50.
暂无聚合物命中,AZS,O-DIAZOACETYL-L-SERINE,0,0,,RCSB polymer entity chem_comp_monomers; short-polymer adds entity_poly.rcsb_sample_sequence_length <= 50.
暂无聚合物命中,AZY,3-AZIDO-L-TYROSINE,0,0,,RCSB polymer entity chem_comp_monomers; short-polymer adds entity_poly.rcsb_sample_sequence_length <= 50.
仅较长聚合物命中,B2C,"{(4Z)-2-[(1R,2R)-1-amino-2-hydroxypropyl]-4-[(3-bromo-4-hydroxyphenyl)methylidene]-5-oxo-4,5-dihydro-1H-imidazol-1-yl}acetic acid",1,0,6OGA,RCSB polymer entity chem_comp_monomers; short-polymer adds entity_poly.rcsb_sample_sequence_length <= 50.
仅较长聚合物命中,B2H,"Chromophore (Thr, Trp, Gly)",5,0,5OX8 / 5OX9 / 5OXA / 5OXB / 5OXC,RCSB polymer entity chem_comp_monomers; short-polymer adds entity_poly.rcsb_sample_sequence_length <= 50.
仅较长聚合物命中,B2N,(2S)-4-amino-2-(aminomethyl)-4-oxobutanoic acid,1,0,5HG2,RCSB polymer entity chem_comp_monomers; short-polymer adds entity_poly.rcsb_sample_sequence_length <= 50.
短肽聚合物命中,B3A,(3S)-3-AMINOBUTANOIC ACID,20,16,25NV / 2OXJ / 2OXK / 2YJ1 / 3HEZ,RCSB polymer entity chem_comp_monomers; short-polymer adds entity_poly.rcsb_sample_sequence_length <= 50.
短肽聚合物命中,B3D,3-AMINOPENTANEDIOIC ACID,23,21,2OXJ / 2OXK / 2YJ1 / 3C3F / 3C3G,RCSB polymer entity chem_comp_monomers; short-polymer adds entity_poly.rcsb_sample_sequence_length <= 50.
短肽聚合物命中,B3E,(3S)-3-AMINOHEXANEDIOIC ACID,32,30,2OXJ / 2OXK / 2YJ1 / 3C3F / 3C3G,RCSB polymer entity chem_comp_monomers; short-polymer adds entity_poly.rcsb_sample_sequence_length <= 50.
短肽聚合物命中,B3K,"(3S)-3,7-DIAMINOHEPTANOIC ACID",30,19,2OXJ / 2OXK / 3C3F / 3C3G / 3HET,RCSB polymer entity chem_comp_monomers; short-polymer adds entity_poly.rcsb_sample_sequence_length <= 50.
短肽聚合物命中,B3L,(3S)-3-amino-5-methylhexanoic acid,26,26,2WEV / 2WFY / 3C3F / 3C3G / 3C3H,RCSB polymer entity chem_comp_monomers; short-polymer adds entity_poly.rcsb_sample_sequence_length <= 50.
短肽聚合物命中,B3M,(3R)-3-amino-5-(methylsulfanyl)pentanoic acid,2,2,3F86 / 3F87,RCSB polymer entity chem_comp_monomers; short-polymer adds entity_poly.rcsb_sample_sequence_length <= 50.
短肽聚合物命中,B3Q,"(3S)-3,6-diamino-6-oxohexanoic acid",15,13,2YJ1 / 3C3G / 3HET / 3HEU / 3HEV,RCSB polymer entity chem_comp_monomers; short-polymer adds entity_poly.rcsb_sample_sequence_length <= 50.
短肽聚合物命中,B3S,(3R)-3-AMINO-4-HYDROXYBUTANOIC ACID,12,12,1J8N / 2OXJ / 2OXK / 5VTK / 6TCH,RCSB polymer entity chem_comp_monomers; short-polymer adds entity_poly.rcsb_sample_sequence_length <= 50.
短肽聚合物命中,B3T,"3-amino-2,3,5-trideoxy-D-threo-pentonic acid",7,7,3F4Z / 3F50 / 3O3Z / 3O40 / 3O42,RCSB polymer entity chem_comp_monomers; short-polymer adds entity_poly.rcsb_sample_sequence_length <= 50.
暂无聚合物命中,B3U,2-amino-L-histidine,0,0,,RCSB polymer entity chem_comp_monomers; short-polymer adds entity_poly.rcsb_sample_sequence_length <= 50.
短肽聚合物命中,B3X,"(3S)-3,5-DIAMINO-5-OXOPENTANOIC ACID",9,4,2OXJ / 2OXK / 9BB2 / 9E3W,RCSB polymer entity chem_comp_monomers; short-polymer adds entity_poly.rcsb_sample_sequence_length <= 50.
短肽聚合物命中,B3Y,(3S)-3-AMINO-4-(4-HYDROXYPHENYL)BUTANOIC ACID,5,5,2OXJ / 2OXK / 3HF0 / 4A1W / 9BB3,RCSB polymer entity chem_comp_monomers; short-polymer adds entity_poly.rcsb_sample_sequence_length <= 50.
短肽聚合物命中,B5I,2-propyl-L-norvaline,1,1,8RU4,RCSB polymer entity chem_comp_monomers; short-polymer adds entity_poly.rcsb_sample_sequence_length <= 50.
短肽聚合物命中,B8R,"(2S,10R)-2,10-diamino-11-(dimethylamino)-11-oxoundecanoic acid",1,1,6J67,RCSB polymer entity chem_comp_monomers; short-polymer adds entity_poly.rcsb_sample_sequence_length <= 50.
短肽聚合物命中,BB6,(2Z)-2-amino-3-sulfanylbut-2-enoic acid,7,7,1D8T / 2C77 / 3U2Q / 3U6B / 3U6K,RCSB polymer entity chem_comp_monomers; short-polymer adds entity_poly.rcsb_sample_sequence_length <= 50.
短肽聚合物命中,BB7,(2Z)-2-amino-4-methoxy-3-sulfanylbut-2-enoic acid,5,5,1D8T / 2C77 / 3U2Q / 3U6B / 3U6K,RCSB polymer entity chem_comp_monomers; short-polymer adds entity_poly.rcsb_sample_sequence_length <= 50.
短肽聚合物命中,BB8,"(2S,3S)-BETA-HYDROXY-PHENYLALANINE",6,6,1D8T / 2C77 / 3U2Q / 3U6B / 3U6K,RCSB polymer entity chem_comp_monomers; short-polymer adds entity_poly.rcsb_sample_sequence_length <= 50.
短肽聚合物命中,BB9,(2Z)-2-amino-3-sulfanylprop-2-enoic acid,31,31,1D8T / 1E9W / 1OLN / 2C77 / 2JQ7,RCSB polymer entity chem_comp_monomers; short-polymer adds entity_poly.rcsb_sample_sequence_length <= 50.
仅较长聚合物命中,BBC,3-[(4-AMINOBUTYL)SULFINYL]-2-IMINOPROPAN-1-OL,1,0,1ZPE,RCSB polymer entity chem_comp_monomers; short-polymer adds entity_poly.rcsb_sample_sequence_length <= 50.
仅较长聚合物命中,BCS,BENZYLCYSTEINE,2,0,1EH8 / 3L00,RCSB polymer entity chem_comp_monomers; short-polymer adds entity_poly.rcsb_sample_sequence_length <= 50.
短肽聚合物命中,BCX,(3R)-3-amino-4-sulfanylbutanoic acid,1,1,1J8Z,RCSB polymer entity chem_comp_monomers; short-polymer adds entity_poly.rcsb_sample_sequence_length <= 50.
短肽聚合物命中,BE2,2-AMINOBENZOIC ACID,16,16,1E8N / 1ZFP / 6ANM / 6ANN / 6B34,RCSB polymer entity chem_comp_monomers; short-polymer adds entity_poly.rcsb_sample_sequence_length <= 50.
仅较长聚合物命中,BF6,"[(4Z)-2-(aminomethyl)-4-{[4-(benzenecarbonyl)phenyl]methylidene}-5-oxo-4,5-dihydro-1H-imidazol-1-yl]acetic acid",4,0,5YR3 / 5Z6Y / 6L02 / 9LYL,RCSB polymer entity chem_comp_monomers; short-polymer adds entity_poly.rcsb_sample_sequence_length <= 50.
短肽聚合物命中,BF7,4-bromo-D-phenylalanine,2,2,6PHQ / 7QDI,RCSB polymer entity chem_comp_monomers; short-polymer adds entity_poly.rcsb_sample_sequence_length <= 50.
仅较长聚合物命中,BF9,"[(4Z)-2-[(1R,2S)-1-amino-2-hydroxypropyl]-4-{[4-(benzenecarbonyl)phenyl]methylidene}-5-oxo-4,5-dihydro-1H-imidazol-1-yl]acetic acid",1,0,5YR2,RCSB polymer entity chem_comp_monomers; short-polymer adds entity_poly.rcsb_sample_sequence_length <= 50.
仅较长聚合物命中,BFD,ASPARTATE BERYLLIUM TRIFLUORIDE,13,0,2JCM / 4BBJ / 5A3R / 6RFV / 6RGY,RCSB polymer entity chem_comp_monomers; short-polymer adds entity_poly.rcsb_sample_sequence_length <= 50.
仅较长聚合物命中,BG1,O-[(2S)-2-{methyl[(methylamino)sulfonyl]amino}pentanoyl]-L-serine,1,0,2RG3,RCSB polymer entity chem_comp_monomers; short-polymer adds entity_poly.rcsb_sample_sequence_length <= 50.
暂无聚合物命中,BG4,5-(HYDROXY-METHYL-AMINO)-3-METHYL-PYRROLIDINE-2-CARBOXYLIC ACID,0,0,,RCSB polymer entity chem_comp_monomers; short-polymer adds entity_poly.rcsb_sample_sequence_length <= 50.
暂无聚合物命中,BG5,5-HYDROXYAMINO-3-METHYL-PYRROLIDINE-2-CARBOXYLIC ACID,0,0,,RCSB polymer entity chem_comp_monomers; short-polymer adds entity_poly.rcsb_sample_sequence_length <= 50.
短肽聚合物命中,BH2,(3R)-3-hydroxy-L-aspartic acid,9,8,1CCF / 2DDE / 6C0H / 6C0Y / 9FVY,RCSB polymer entity chem_comp_monomers; short-polymer adds entity_poly.rcsb_sample_sequence_length <= 50.
仅较长聚合物命中,BHD,(3S)-3-hydroxy-L-aspartic acid,8,0,1AUT / 1ERM / 1PFX / 1WHE / 1WHF,RCSB polymer entity chem_comp_monomers; short-polymer adds entity_poly.rcsb_sample_sequence_length <= 50.
短肽聚合物命中,BIF,(R)-2-AMINO-3-(4-PHENYLCYCLOHEXYL)PROPANOIC ACID,15,7,1YYL / 2I5Y / 7NUS / 7OFV / 8FPQ,RCSB polymer entity chem_comp_monomers; short-polymer adds entity_poly.rcsb_sample_sequence_length <= 50.
短肽聚合物命中,BIL,"(3R,4S)-3-amino-4-methylhexanoic acid",16,16,3C3F / 3C3G / 3F86 / 3F87 / 3HET,RCSB polymer entity chem_comp_monomers; short-polymer adds entity_poly.rcsb_sample_sequence_length <= 50.
暂无聚合物命中,BIU,5-bromo-L-isoleucine,0,0,,RCSB polymer entity chem_comp_monomers; short-polymer adds entity_poly.rcsb_sample_sequence_length <= 50.
暂无聚合物命中,BJH,1(R)-1-ACETAMIDO-2-(3-CARBOXY-2-HYDROXYPHENYL)ETHYL BORONIC ACID,0,0,,RCSB polymer entity chem_comp_monomers; short-polymer adds entity_poly.rcsb_sample_sequence_length <= 50.
仅较长聚合物命中,BJO,"(4Z)-4-amino-4-{1-(carboxymethyl)-5-oxo-4-[(4-oxocyclohexa-2,5-dien-1-ylidene)methyl]-1,5-dihydro-2H-imidazol-2-ylidene}butanoic acid",1,0,6JC6,RCSB polymer entity chem_comp_monomers; short-polymer adds entity_poly.rcsb_sample_sequence_length <= 50.
暂无聚合物命中,BL2,N-(tert-butoxycarbonyl)-L-leucine,0,0,,RCSB polymer entity chem_comp_monomers; short-polymer adds entity_poly.rcsb_sample_sequence_length <= 50.
短肽聚合物命中,BMT,"4-METHYL-4-[(E)-2-BUTENYL]-4,N-METHYL-THREONINE",52,52,1BCK / 1C5F / 1CSA / 1CWA / 1CWC,RCSB polymer entity chem_comp_monomers; short-polymer adds entity_poly.rcsb_sample_sequence_length <= 50.
暂无聚合物命中,BNN,ACETYL-P-AMIDINOPHENYLALANINE,0,0,,RCSB polymer entity chem_comp_monomers; short-polymer adds entity_poly.rcsb_sample_sequence_length <= 50.
仅较长聚合物命中,BP5,"3-(2,2'-BIPYRIDIN-5-YL)-L-ALANINE",17,0,23EF / 23EG / 23EI / 23EO / 23EQ,RCSB polymer entity chem_comp_monomers; short-polymer adds entity_poly.rcsb_sample_sequence_length <= 50.
仅较长聚合物命中,BPE,(2S)-2-AMINO-3-[(3-AMINOPROPYL)SULFANYL]PROPAN-1-OL,1,0,1ZPG,RCSB polymer entity chem_comp_monomers; short-polymer adds entity_poly.rcsb_sample_sequence_length <= 50.
短肽聚合物命中,BSE,BETA-3-SERINE,1,1,6G8K,RCSB polymer entity chem_comp_monomers; short-polymer adds entity_poly.rcsb_sample_sequence_length <= 50.
短肽聚合物命中,BTK,N~6~-butanoyl-L-lysine,11,11,3MUL / 4YY6 / 4YYG / 4YYJ / 4YYM,RCSB polymer entity chem_comp_monomers; short-polymer adds entity_poly.rcsb_sample_sequence_length <= 50.
短肽聚合物命中,BTR,6-BROMO-TRYPTOPHAN,2,2,1WCT / 9EBE,RCSB polymer entity chem_comp_monomers; short-polymer adds entity_poly.rcsb_sample_sequence_length <= 50.
短肽聚合物命中,BUC,"S,S-BUTYLTHIOCYSTEINE",2,1,6CXG,RCSB polymer entity chem_comp_monomers; short-polymer adds entity_poly.rcsb_sample_sequence_length <= 50.
短肽聚合物命中,BW5,(2~{S})-3-(1-adamantyl)-2-azanyl-propanoic acid,1,1,5OK3,RCSB polymer entity chem_comp_monomers; short-polymer adds entity_poly.rcsb_sample_sequence_length <= 50.
短肽聚合物命中,BWV,N~5~-(N-butylcarbamimidoyl)-L-ornithine,1,1,6AU5,RCSB polymer entity chem_comp_monomers; short-polymer adds entity_poly.rcsb_sample_sequence_length <= 50.
仅较长聚合物命中,BXT,(2~{S})-2-azanyl-3-[ethyl(methyl)carbamoyl]oxy-propanoic acid,5,0,6EUE / 6EYF / 6EZ2 / 6FLD / 6FQN,RCSB polymer entity chem_comp_monomers; short-polymer adds entity_poly.rcsb_sample_sequence_length <= 50.
仅较长聚合物命中,BYR,3-bromo-L-tyrosine,5,0,4WR4 / 5V7D / 7QVW / 7QW3 / 7QWI,RCSB polymer entity chem_comp_monomers; short-polymer adds entity_poly.rcsb_sample_sequence_length <= 50.
短肽聚合物命中,BZK,"(2S, 4S, 6S)-2-amino-6-hydroxy-4-methyl-8-oxodecanoic acid",1,1,6EVH,RCSB polymer entity chem_comp_monomers; short-polymer adds entity_poly.rcsb_sample_sequence_length <= 50.
短肽聚合物命中,C0O,"(~{Z},2~{R},6~{S})-2,6-bis(azanyl)hept-3-enedioic acid",2,2,6JN0 / 6JN1,RCSB polymer entity chem_comp_monomers; short-polymer adds entity_poly.rcsb_sample_sequence_length <= 50.
仅较长聚合物命中,C12,2-(1-AMINO-2-HYDROXYPROPYL)-4-(4-HYDROXYBENZYL)-1-(2-OXOETHYL)-1H-IMIDAZOL-5-OLATE,14,0,2DUE / 2DUF / 2DUG / 2DUH / 2FZU,RCSB polymer entity chem_comp_monomers; short-polymer adds entity_poly.rcsb_sample_sequence_length <= 50.
暂无聚合物命中,C1T,"S-[(1S,6R)-3,6-dihydroxy-4-methyl-2,5-dioxocyclohex-3-en-1-yl]-L-cysteine",0,0,,RCSB polymer entity chem_comp_monomers; short-polymer adds entity_poly.rcsb_sample_sequence_length <= 50.
仅较长聚合物命中,C1X,"(Z)-N~6~-[(4R,5S)-5-(2-CARBOXYETHYL)-4-(CARBOXYMETHYL)DIHYDRO-2H-THIOPYRAN-3(4H)-YLIDENE]-L-LYSINE",1,0,2C19,RCSB polymer entity chem_comp_monomers; short-polymer adds entity_poly.rcsb_sample_sequence_length <= 50.
暂无聚合物命中,C22,3-chloro-L-alanine,0,0,,RCSB polymer entity chem_comp_monomers; short-polymer adds entity_poly.rcsb_sample_sequence_length <= 50.
暂无聚合物命中,C2N,3-chloro-D-alanine,0,0,,RCSB polymer entity chem_comp_monomers; short-polymer adds entity_poly.rcsb_sample_sequence_length <= 50.
仅较长聚合物命中,C3Y,S-[(1S)-1-HYDROXY-1-(HYDROXYAMINO)ETHYL]-L-CYSTEINE,1,0,2UXY,RCSB polymer entity chem_comp_monomers; short-polymer adds entity_poly.rcsb_sample_sequence_length <= 50.
暂无聚合物命中,C4R,"(R)-2-amino-3-(bicyclo[2.2.1]hepta-2,5-dien-7-ylthio)propanoic acid rhodium",0,0,,RCSB polymer entity chem_comp_monomers; short-polymer adds entity_poly.rcsb_sample_sequence_length <= 50.
仅较长聚合物命中,C5C,S-CYCLOPENTYL THIOCYSTEINE,1,0,1A3V,RCSB polymer entity chem_comp_monomers; short-polymer adds entity_poly.rcsb_sample_sequence_length <= 50.
短肽聚合物命中,C66,2-AMINOETHYLLYSINE-CARBONYLMETHYLENE-CYTOSINE,1,1,1NR8,RCSB polymer entity chem_comp_monomers; short-polymer adds entity_poly.rcsb_sample_sequence_length <= 50.
仅较长聚合物命中,C6C,S-CYCLOHEXYL THIOCYSTEINE,1,0,1A3U,RCSB polymer entity chem_comp_monomers; short-polymer adds entity_poly.rcsb_sample_sequence_length <= 50.
仅较长聚合物命中,C99,"{(2R)-2-[(1S,2R)-1-AMINO-2-HYDROXYPROPYL]-2-HYDROXY-4,5-DIOXOIMIDAZOLIDIN-1-YL}ACETIC ACID",1,0,2HCG,RCSB polymer entity chem_comp_monomers; short-polymer adds entity_poly.rcsb_sample_sequence_length <= 50.
暂无聚合物命中,CAB,"4,4-dihydroxy-5-oxo-L-norvaline",0,0,,RCSB polymer entity chem_comp_monomers; short-polymer adds entity_poly.rcsb_sample_sequence_length <= 50.
仅较长聚合物命中,CAF,S-DIMETHYLARSINOYL-CYSTEINE,59,0,1HYV / 1HYZ / 1SNG / 20XX / 2C7V,RCSB polymer entity chem_comp_monomers; short-polymer adds entity_poly.rcsb_sample_sequence_length <= 50.
仅较长聚合物命中,CAS,S-(DIMETHYLARSENIC)CYSTEINE,312,0,1BHL / 1FF3 / 1FU1 / 1FYW / 1FYX,RCSB polymer entity chem_comp_monomers; short-polymer adds entity_poly.rcsb_sample_sequence_length <= 50.
短肽聚合物命中,CCJ,Carboxymthylated D- Cysteine,3,3,8ZCS / 9J8T / 9J8U,RCSB polymer entity chem_comp_monomers; short-polymer adds entity_poly.rcsb_sample_sequence_length <= 50.
暂无聚合物命中,CCL,N~6~-[(CYCLOPENTYLOXY)CARBONYL]-D-LYSINE,0,0,,RCSB polymer entity chem_comp_monomers; short-polymer adds entity_poly.rcsb_sample_sequence_length <= 50.
短肽聚合物命中,CCS,CARBOXYMETHYLATED CYSTEINE,38,16,3PQZ / 5O45 / 5O4Y / 6YCR / 7NUS,RCSB polymer entity chem_comp_monomers; short-polymer adds entity_poly.rcsb_sample_sequence_length <= 50.
仅较长聚合物命中,CCY,"2-(1-AMINO-2-MERCAPTO-ETHYL)-5-(4-HYDROXY-BENZYL)-3-(ETHANOYL)-3,5-DIHYDRO-IMIDAZOL-4-ONE",1,0,1EMK,RCSB polymer entity chem_comp_monomers; short-polymer adds entity_poly.rcsb_sample_sequence_length <= 50.
短肽聚合物命中,CDE,"1,2-DIMETHYL-PROPYLAMINE",1,1,1B0R,RCSB polymer entity chem_comp_monomers; short-polymer adds entity_poly.rcsb_sample_sequence_length <= 50.
暂无聚合物命中,CDV,3-METHYL-2-UREIDO-BUTYRIC ACID,0,0,,RCSB polymer entity chem_comp_monomers; short-polymer adds entity_poly.rcsb_sample_sequence_length <= 50.
短肽聚合物命中,CE7,"(3S)-3-amino-4,4,4-trihydroxybutanamide",1,1,6AZT,RCSB polymer entity chem_comp_monomers; short-polymer adds entity_poly.rcsb_sample_sequence_length <= 50.
仅较长聚合物命中,CFY,"[(4Z)-2-{(2R)-2-[(1S)-1-amino-2-phenylethyl]-2-hydroxy-2,5-dihydro-1,3-thiazol-4-yl}-4-(4-hydroxybenzylidene)-5-oxo-4,5-dihydro-1H-imidazol-1-yl]acetic acid",3,0,2ZMU / 2ZMW / 3MGF,RCSB polymer entity chem_comp_monomers; short-polymer adds entity_poly.rcsb_sample_sequence_length <= 50.
短肽聚合物命中,CG6,beta-Methyl-Cysteine,2,2,5EZE / 5N7B,RCSB polymer entity chem_comp_monomers; short-polymer adds entity_poly.rcsb_sample_sequence_length <= 50.
仅较长聚合物命中,CGA,CARBOXYMETHYLATED GLUTAMIC ACID,2,0,1DET / 3SYU,RCSB polymer entity chem_comp_monomers; short-polymer adds entity_poly.rcsb_sample_sequence_length <= 50.
暂无聚合物命中,CGH,N-cycloheptylglycine,0,0,,RCSB polymer entity chem_comp_monomers; short-polymer adds entity_poly.rcsb_sample_sequence_length <= 50.
短肽聚合物命中,CGU,GAMMA-CARBOXY-GLUTAMIC ACID,97,38,1AD7 / 1AG7 / 1AWY / 1CFI / 1IOD,RCSB polymer entity chem_comp_monomers; short-polymer adds entity_poly.rcsb_sample_sequence_length <= 50.
仅较长聚合物命中,CGV,S-[(R)-carboxy(hydroxy)methyl]-L-cysteine,3,0,4OGF / 4OGG / 5XR3,RCSB polymer entity chem_comp_monomers; short-polymer adds entity_poly.rcsb_sample_sequence_length <= 50.
仅较长聚合物命中,CH6,"{(4Z)-2-[(1S)-1-amino-3-(methylsulfanyl)propyl]-4-[(4-hydroxyphenyl)methylidene]-5-oxo-4,5-dihydro-1H-imidazol-1-yl}acetic acid",24,0,1XA9 / 1XQM / 2H5Q / 2QLG / 3NED,RCSB polymer entity chem_comp_monomers; short-polymer adds entity_poly.rcsb_sample_sequence_length <= 50.
仅较长聚合物命中,CH7,"[(4Z)-4-(4-HYDROXYBENZYLIDENE)-5-OXO-2-(3,4,5,6-TETRAHYDROPYRIDIN-2-YL)-4,5-DIHYDRO-1H-IMIDAZOL-1-YL]ACETIC ACID",5,0,1XAE / 2OGR / 5Y8Q / 5Y8R / 6LOF,RCSB polymer entity chem_comp_monomers; short-polymer adds entity_poly.rcsb_sample_sequence_length <= 50.
短肽聚合物命中,CHG,CYCLOHEXYL-GLYCINE,11,11,3UW4 / 3UW5 / 4THN / 5GDS / 6DR5,RCSB polymer entity chem_comp_monomers; short-polymer adds entity_poly.rcsb_sample_sequence_length <= 50.
短肽聚合物命中,CHP,3-CHLORO-4-HYDROXYPHENYLGLYCINE,1,1,1DSR,RCSB polymer entity chem_comp_monomers; short-polymer adds entity_poly.rcsb_sample_sequence_length <= 50.
短肽聚合物命中,CIR,CITRULLINE,55,52,1OL1 / 1QR3 / 2W65 / 3B3I / 3B6S,RCSB polymer entity chem_comp_monomers; short-polymer adds entity_poly.rcsb_sample_sequence_length <= 50.
仅较长聚合物命中,CIV,"2-[2-[(1~{S})-1,5-bis(azanyl)pentyl]-4-[(4-hydroxyphenyl)methyl]-5-oxidanylidene-imidazol-1-yl]ethanamide",1,0,7SWU,RCSB polymer entity chem_comp_monomers; short-polymer adds entity_poly.rcsb_sample_sequence_length <= 50.
仅较长聚合物命中,CJO,"[(2R,4R)-2-[(1R,2R)-1-amino-2-hydroxypropyl]-4-(4-hydroxybenzyl)-5-oxoimidazolidin-1-yl]acetic acid",1,0,2QT2,RCSB polymer entity chem_comp_monomers; short-polymer adds entity_poly.rcsb_sample_sequence_length <= 50.
仅较长聚合物命中,CLB,D-PARA-CHLOROPHENYL-1-ACETAMIDOBORONIC ACID ALANINE,1,0,1VSB,RCSB polymer entity chem_comp_monomers; short-polymer adds entity_poly.rcsb_sample_sequence_length <= 50.
仅较长聚合物命中,CLD,D-PARA-CHLOROPHENYL-1-ACTEAMIDOBORONIC ACID ALANINE,1,0,1AVT,RCSB polymer entity chem_comp_monomers; short-polymer adds entity_poly.rcsb_sample_sequence_length <= 50.
暂无聚合物命中,CLG,2-AMINO-6-[2-(2-AMINOOXY-ACETYLAMINO)-ACETYLAMINO]-HEXANOIC ACID,0,0,,RCSB polymer entity chem_comp_monomers; short-polymer adds entity_poly.rcsb_sample_sequence_length <= 50.
暂无聚合物命中,CLH,2-AMINO-6-[2-(2-OXO-ACETYLAMINO)-ACETYLAMINO]-HEXANOIC ACID,0,0,,RCSB polymer entity chem_comp_monomers; short-polymer adds entity_poly.rcsb_sample_sequence_length <= 50.
仅较长聚合物命中,CLV,"{(2S)-2-[(1S)-1-AMINOETHYL]-5-OXO-2,5-DIHYDRO-1H-IMIDAZOL-1-YL}ACETIC ACID",1,0,2HGY,RCSB polymer entity chem_comp_monomers; short-polymer adds entity_poly.rcsb_sample_sequence_length <= 50.
仅较长聚合物命中,CME,"S,S-(2-HYDROXYETHYL)THIOCYSTEINE",902,0,10FV / 10GA / 1A1V / 1A2T / 1ELJ,RCSB polymer entity chem_comp_monomers; short-polymer adds entity_poly.rcsb_sample_sequence_length <= 50.
仅较长聚合物命中,CMH,S-(METHYLMERCURY)-L-CYSTEINE,4,0,4AC9 / 4ACA / 4ACB / 4CT3,RCSB polymer entity chem_comp_monomers; short-polymer adds entity_poly.rcsb_sample_sequence_length <= 50.
仅较长聚合物命中,CML,(2S)-2-{[(2R)-2-amino-2-carboxyethyl]sulfanyl}butanedioic acid,6,0,2RHU / 2RHY / 2RHZ / 2RI2 / 2RI3,RCSB polymer entity chem_comp_monomers; short-polymer adds entity_poly.rcsb_sample_sequence_length <= 50.
短肽聚合物命中,CMT,O-METHYLCYSTEINE,19,5,3T5I / 5E8F / 5F2U / 7Q9S / 7QF9,RCSB polymer entity chem_comp_monomers; short-polymer adds entity_poly.rcsb_sample_sequence_length <= 50.
暂无聚合物命中,CNG,N-cyclooctylglycine,0,0,,RCSB polymer entity chem_comp_monomers; short-polymer adds entity_poly.rcsb_sample_sequence_length <= 50.
短肽聚合物命中,CPC,2-METHYL-1-METHYLAMINO-CYCLOPROPANE CARBOXYLIC ACID,1,1,193D,RCSB polymer entity chem_comp_monomers; short-polymer adds entity_poly.rcsb_sample_sequence_length <= 50.
短肽聚合物命中,CPI,6-CARBOXYPIPERIDINE,8,8,1EOJ / 1EOL / 1W3M / 5O0Z / 5VI6,RCSB polymer entity chem_comp_monomers; short-polymer adds entity_poly.rcsb_sample_sequence_length <= 50.
仅较长聚合物命中,CQ1,"[(4Z)-2-[(1R,2R)-1-amino-2-hydroxypropyl]-4-(4-azidobenzylidene)-5-oxo-4,5-dihydro-1H-imidazol-1-yl]acetic acid",1,0,4J88,RCSB polymer entity chem_comp_monomers; short-polymer adds entity_poly.rcsb_sample_sequence_length <= 50.
仅较长聚合物命中,CQ2,"{(4Z)-4-(4-aminobenzylidene)-2-[(1R,2R)-1-amino-2-hydroxypropyl]-5-oxo-4,5-dihydro-1H-imidazol-1-yl}acetic acid",2,0,4J89 / 6B9C,RCSB polymer entity chem_comp_monomers; short-polymer adds entity_poly.rcsb_sample_sequence_length <= 50.
仅较长聚合物命中,CR0,"[2-(1-AMINO-2-HYDROXYPROPYL)-2-HYDROXY-4-ISOBUTYL-5-OXO-2,5-DIHYDRO-1H-IMIDAZOL-1-YL]ACETALDEHYDE",3,0,1S6Z / 1Z1P / 1Z1Q,RCSB polymer entity chem_comp_monomers; short-polymer adds entity_poly.rcsb_sample_sequence_length <= 50.
仅较长聚合物命中,CR2,"{(4Z)-2-(aminomethyl)-4-[(4-hydroxyphenyl)methylidene]-5-oxo-4,5-dihydro-1H-imidazol-1-yl}acetic acid",136,0,1F09 / 1F0B / 1MYW / 2DD7 / 2DD9,RCSB polymer entity chem_comp_monomers; short-polymer adds entity_poly.rcsb_sample_sequence_length <= 50.
仅较长聚合物命中,CR5,"(2R)-2-(AMINOMETHYL)-2,4-DIHYDROXY-5-OXO-3-(2-OXOETHYL)-2,5-DIHYDRO-1H-IMIDAZOL-3-IUM",1,0,1QYQ,RCSB polymer entity chem_comp_monomers; short-polymer adds entity_poly.rcsb_sample_sequence_length <= 50.
仅较长聚合物命中,CR7,"[(4Z)-2-[(1S)-1,5-DIAMINOPENTYL]-4-(4-HYDROXYBENZYLIDENE)-5-OXO-4,5-DIHYDRO-1H-IMIDAZOL-1-YL]ACETIC ACID",3,0,2A46 / 2A47 / 2A48,RCSB polymer entity chem_comp_monomers; short-polymer adds entity_poly.rcsb_sample_sequence_length <= 50.
仅较长聚合物命中,CR8,"2-[1-AMINO-2-(1H-IMIDAZOL-5-YL)ETHYL]-1-(CARBOXYMETHYL)-4-[(4-OXOCYCLOHEXA-2,5-DIEN-1-YLIDENE)METHYL]-1H-IMIDAZOL-5-OLATE",30,0,1ZUX / 2DDC / 2DDD / 2GW3 / 3P8U,RCSB polymer entity chem_comp_monomers; short-polymer adds entity_poly.rcsb_sample_sequence_length <= 50.
仅较长聚合物命中,CRF,"[(4Z)-2-[(1R,2R)-1-amino-2-hydroxypropyl]-4-(1H-indol-3-ylmethylidene)-5-oxo-4,5-dihydro-1H-imidazol-1-yl]acetic acid",35,0,1CV7 / 1OXD / 1OXE / 2Q57 / 2WSN,RCSB polymer entity chem_comp_monomers; short-polymer adds entity_poly.rcsb_sample_sequence_length <= 50.
仅较长聚合物命中,CRG,"[2-(1-AMINO-2-HYDROXY-PROPYL)-4-(3H-IMIDAZOL-4-YLMETHYLENE)-5-OXO-4,5-DIHYDRO-IMIDAZOL-1-YL]-ACETIC ACID",3,0,1KYP / 1KYR / 1KYS,RCSB polymer entity chem_comp_monomers; short-polymer adds entity_poly.rcsb_sample_sequence_length <= 50.
仅较长聚合物命中,CRK,"4-{(Z)-[2-[3-(METHYLSULFANYL)PROPANOYL]-5-OXO-1-(2-OXOETHYL)-1,5-DIHYDRO-4H-IMIDAZOL-4-YLIDENE]METHYL}BENZENOLATE",2,0,1XMZ / 3U0K,RCSB polymer entity chem_comp_monomers; short-polymer adds entity_poly.rcsb_sample_sequence_length <= 50.
仅较长聚合物命中,CRO,"{2-[(1R,2R)-1-amino-2-hydroxypropyl]-4-(4-hydroxybenzylidene)-5-oxo-4,5-dihydro-1H-imidazol-1-yl}acetic acid",342,0,1B9C / 1C4F / 1EMA / 1EMB / 1EMG,RCSB polymer entity chem_comp_monomers; short-polymer adds entity_poly.rcsb_sample_sequence_length <= 50.
仅较长聚合物命中,CRQ,"[2-(3-CARBAMOYL-1-IMINO-PROPYL)-4-(4-HYDROXY-BENZYLIDENE)-5-OXO-4,5-DIHYDRO-IMIDAZOL-1-YL]-ACETIC ACID",57,0,1G7K / 1GGX / 1MOU / 1MOV / 1ZGO,RCSB polymer entity chem_comp_monomers; short-polymer adds entity_poly.rcsb_sample_sequence_length <= 50.
仅较长聚合物命中,CRU,"4-[(4Z)-1-(CARBOXYMETHYL)-4-(4-HYDROXYBENZYLIDENE)-5-OXO-4,5-DIHYDRO-1H-IMIDAZOL-2-YL]-4-IMINOBUTANOIC ACID",5,0,1YZW / 6DEJ / 6Y1G / 8TJH / 9BQ4,RCSB polymer entity chem_comp_monomers; short-polymer adds entity_poly.rcsb_sample_sequence_length <= 50.
仅较长聚合物命中,CRX,[2-(1-AMINOETHYL)-2-HYDROXY-4-METHYLENE-5-OXOIMIDAZOLIDIN-1-YL]ACETIC ACID,2,0,1YJ2 / 2G6E,RCSB polymer entity chem_comp_monomers; short-polymer adds entity_poly.rcsb_sample_sequence_length <= 50.
仅较长聚合物命中,CS1,S-(2-ANILINYL-SULFANYL)-CYSTEINE,1,0,2OMA,RCSB polymer entity chem_comp_monomers; short-polymer adds entity_poly.rcsb_sample_sequence_length <= 50.
仅较长聚合物命中,CS3,S-[3-OXO-3-(2-THIENYL)PROPYL]-L-CYSTEINE,1,0,2OQW,RCSB polymer entity chem_comp_monomers; short-polymer adds entity_poly.rcsb_sample_sequence_length <= 50.
仅较长聚合物命中,CS4,"S-[3-(3,4-DICHLOROPHENYL)-3-OXOPROPYL]-L-CYSTEINE",1,0,2OQZ,RCSB polymer entity chem_comp_monomers; short-polymer adds entity_poly.rcsb_sample_sequence_length <= 50.
短肽聚合物命中,CSA,S-ACETONYLCYSTEINE,5,1,6TWB,RCSB polymer entity chem_comp_monomers; short-polymer adds entity_poly.rcsb_sample_sequence_length <= 50.
暂无聚合物命中,CSB,CYS BOUND TO LEAD ION,0,0,,RCSB polymer entity chem_comp_monomers; short-polymer adds entity_poly.rcsb_sample_sequence_length <= 50.
仅较长聚合物命中,CSD,3-SULFINOALANINE,614,0,13CT / 1ACD / 1ADL / 1BI5 / 1BQ6,RCSB polymer entity chem_comp_monomers; short-polymer adds entity_poly.rcsb_sample_sequence_length <= 50.
仅较长聚合物命中,CSH,[2-(2-HYDROXY-1-METHYL-ETHYL)-4-(1H-IMIDAZOL-4-YLMETHYL)-5-OXO-IMIDAZOLIDIN-1-YL]-ACETIC ACID,4,0,1EMF / 2EMD / 2EMN / 2EMO,RCSB polymer entity chem_comp_monomers; short-polymer adds entity_poly.rcsb_sample_sequence_length <= 50.
仅较长聚合物命中,CSJ,S-[(2-aminophenyl)carbonyl]-L-cysteine,1,0,3H77,RCSB polymer entity chem_comp_monomers; short-polymer adds entity_poly.rcsb_sample_sequence_length <= 50.
仅较长聚合物命中,CSK,S-(methylselanyl)-L-cysteine,1,0,4AGI,RCSB polymer entity chem_comp_monomers; short-polymer adds entity_poly.rcsb_sample_sequence_length <= 50.
短肽聚合物命中,CSO,S-HYDROXYCYSTEINE,1269,7,3BOO / 3KMZ / 6Q00 / 6SF6 / 7OBK,RCSB polymer entity chem_comp_monomers; short-polymer adds entity_poly.rcsb_sample_sequence_length <= 50.
仅较长聚合物命中,CSP,S-PHOSPHOCYSTEINE,7,0,1A5Y / 1H9C / 1QU9 / 5HDE / 7EXX,RCSB polymer entity chem_comp_monomers; short-polymer adds entity_poly.rcsb_sample_sequence_length <= 50.
仅较长聚合物命中,CSR,S-ARSONOCYSTEINE,4,0,1JZW / 1LJU / 1OKG / 1SK1,RCSB polymer entity chem_comp_monomers; short-polymer adds entity_poly.rcsb_sample_sequence_length <= 50.
仅较长聚合物命中,CSS,S-MERCAPTOCYSTEINE,342,0,1BI0 / 1BI1 / 1BI3 / 1BOH / 1BOI,RCSB polymer entity chem_comp_monomers; short-polymer adds entity_poly.rcsb_sample_sequence_length <= 50.
短肽聚合物命中,CSU,CYSTEINE-S-SULFONIC ACID,20,2,1FB9 / 7BEY,RCSB polymer entity chem_comp_monomers; short-polymer adds entity_poly.rcsb_sample_sequence_length <= 50.
短肽聚合物命中,CSX,S-OXY CYSTEINE,278,20,1K83 / 2VUM / 3CQZ / 6EXV / 8WAK,RCSB polymer entity chem_comp_monomers; short-polymer adds entity_poly.rcsb_sample_sequence_length <= 50.
仅较长聚合物命中,CSZ,S-SELANYL CYSTEINE,3,0,1FFU / 1FFV / 1KMK,RCSB polymer entity chem_comp_monomers; short-polymer adds entity_poly.rcsb_sample_sequence_length <= 50.
暂无聚合物命中,CTE,7-CHLOROTRYPTOPHAN,0,0,,RCSB polymer entity chem_comp_monomers; short-polymer adds entity_poly.rcsb_sample_sequence_length <= 50.
短肽聚合物命中,CTH,4-CHLOROTHREONINE,1,1,1A7Z,RCSB polymer entity chem_comp_monomers; short-polymer adds entity_poly.rcsb_sample_sequence_length <= 50.
短肽聚合物命中,CUD,3-(4-amino-2-oxopyrimidin-1(2H)-yl)-D-alanine,1,1,3C1P,RCSB polymer entity chem_comp_monomers; short-polymer adds entity_poly.rcsb_sample_sequence_length <= 50.
暂无聚合物命中,CWD,"3-(5-chloro-2,4-dioxo-3,4-dihydropyrimidin-1(2H)-yl)-L-alanine",0,0,,RCSB polymer entity chem_comp_monomers; short-polymer adds entity_poly.rcsb_sample_sequence_length <= 50.
仅较长聚合物命中,CWR,"(4-methyl-5-oxo-2,5-dihydro-1H-imidazol-1-yl)acetic acid",1,0,2G16,RCSB polymer entity chem_comp_monomers; short-polymer adds entity_poly.rcsb_sample_sequence_length <= 50.
短肽聚合物命中,CXM,N-CARBOXYMETHIONINE,100,2,7PBW / 9EK8,RCSB polymer entity chem_comp_monomers; short-polymer adds entity_poly.rcsb_sample_sequence_length <= 50.
仅较长聚合物命中,CY0,S-{3-[(4-ANILINOQUINAZOLIN-6-YL)AMINO]-3-OXOPROPYL}-L-CYSTEINE,1,0,2J5E,RCSB polymer entity chem_comp_monomers; short-polymer adds entity_poly.rcsb_sample_sequence_length <= 50.
短肽聚合物命中,CY1,ACETAMIDOMETHYLCYSTEINE,3,2,1D5M / 7D37,RCSB polymer entity chem_comp_monomers; short-polymer adds entity_poly.rcsb_sample_sequence_length <= 50.
短肽聚合物命中,CY3,2-AMINO-3-MERCAPTO-PROPIONAMIDE,15,15,1D7T / 1DFY / 1DFZ / 1DG0 / 1R9I,RCSB polymer entity chem_comp_monomers; short-polymer adds entity_poly.rcsb_sample_sequence_length <= 50.
仅较长聚合物命中,CY4,S-BUTYRYL-CYSTEIN,2,0,1M4T / 9BWL,RCSB polymer entity chem_comp_monomers; short-polymer adds entity_poly.rcsb_sample_sequence_length <= 50.
仅较长聚合物命中,CY5,"[(2S)-2-[(1R)-1-AMINO-2-MERCAPTOETHYL]-4-(4-HYDROXYBENZYL)-5-OXO-2,5-DIHYDRO-1H-IMIDAZOL-1-YL]ACETIC ACID",3,0,9PD5 / 9SA8 / 9XYU,RCSB polymer entity chem_comp_monomers; short-polymer adds entity_poly.rcsb_sample_sequence_length <= 50.
短肽聚合物命中,CYF,"5-[2-(2-AMINO-2-CARBAMOYL-ETHYLSULFANYL)-ACETYLAMINO]-2-(3,6-DIHYDROXY-9,9A-DIHYDRO-3H-XANTHEN-9-YL)-BENZOIC ACID",3,2,1MPA / 2MPA,RCSB polymer entity chem_comp_monomers; short-polymer adds entity_poly.rcsb_sample_sequence_length <= 50.
仅较长聚合物命中,CYG,2-AMINO-4-(AMINO-3-OXO-PROPYLSULFANYLCARBONYL)-BUTYRIC ACID,20,0,1A9X / 1CS0 / 1T3T / 3D54 / 3R75,RCSB polymer entity chem_comp_monomers; short-polymer adds entity_poly.rcsb_sample_sequence_length <= 50.
仅较长聚合物命中,CYJ,"(Z)-N~6~-[(4R,5S)-5-(2-CARBOXYETHYL)-4-(CARBOXYMETHYL)PIPERIDIN-3-YLIDENE]-L-LYSINE",1,0,2C14,RCSB polymer entity chem_comp_monomers; short-polymer adds entity_poly.rcsb_sample_sequence_length <= 50.
仅较长聚合物命中,CYQ,2-AMINO-3-PHOSPHONOMETHYLSULFANYL-PROPIONIC ACID,5,0,1C4W / 2ID7 / 2ID9 / 2IDM / 4QYW,RCSB polymer entity chem_comp_monomers; short-polymer adds entity_poly.rcsb_sample_sequence_length <= 50.
仅较长聚合物命中,CYR,N~5~-[{[(2R)-2-AMINO-2-CARBOXYETHYL]SULFANYL}(IMINIO)METHYL]-L-ORNITHINATE,2,0,2AAF / 2ABR,RCSB polymer entity chem_comp_monomers; short-polymer adds entity_poly.rcsb_sample_sequence_length <= 50.
短肽聚合物命中,CYW,S-[(2R)-2-hydroxypropanoyl]-L-cysteine,1,1,1AXD,RCSB polymer entity chem_comp_monomers; short-polymer adds entity_poly.rcsb_sample_sequence_length <= 50.
仅较长聚合物命中,CZ2,S-(DIHYDROXYARSINO)CYSTEINE,3,0,1SJZ / 1SK0 / 6EU7,RCSB polymer entity chem_comp_monomers; short-polymer adds entity_poly.rcsb_sample_sequence_length <= 50.
仅较长聚合物命中,CZO,"[(2R,4S)-2-[(1S,2R)-1-amino-2-hydroxypropyl]-2-hydroxy-4-(4-hydroxybenzyl)-5-oxoimidazolidin-1-yl]acetic acid",1,0,2QRF,RCSB polymer entity chem_comp_monomers; short-polymer adds entity_poly.rcsb_sample_sequence_length <= 50.
短肽聚合物命中,CZS,"3-(6-chloro-1,3-benzothiazol-2-yl)-L-alanine",1,1,6B5Q,RCSB polymer entity chem_comp_monomers; short-polymer adds entity_poly.rcsb_sample_sequence_length <= 50.
仅较长聚合物命中,CZZ,THIARSAHYDROXY-CYSTEINE,5,0,1J9B / 6TSN / 6TSQ / 6TSR / 6YH0,RCSB polymer entity chem_comp_monomers; short-polymer adds entity_poly.rcsb_sample_sequence_length <= 50.
短肽聚合物命中,D0C,4-chloro-D-phenylalanine,2,2,7KJM / 7KJN,RCSB polymer entity chem_comp_monomers; short-polymer adds entity_poly.rcsb_sample_sequence_length <= 50.
暂无聚合物命中,D0Q,5-methyl-L-tryptophan,0,0,,RCSB polymer entity chem_comp_monomers; short-polymer adds entity_poly.rcsb_sample_sequence_length <= 50.
短肽聚合物命中,D11,D-PHOSPHOTHREONINE,1,1,2ITK,RCSB polymer entity chem_comp_monomers; short-polymer adds entity_poly.rcsb_sample_sequence_length <= 50.
仅较长聚合物命中,D2T,(3R)-3-(methylsulfanyl)-L-aspartic acid,185,0,11DG / 11EL / 28UH / 28UI / 28UJ,RCSB polymer entity chem_comp_monomers; short-polymer adds entity_poly.rcsb_sample_sequence_length <= 50.
短肽聚合物命中,D3P,"(2R)-AMINO(3,5-DIHYDROXYPHENYL)ACETIC ACID",4,4,1W7Q / 1W7R / 6M5E,RCSB polymer entity chem_comp_monomers; short-polymer adds entity_poly.rcsb_sample_sequence_length <= 50.
短肽聚合物命中,D4P,(2S)-AMINO(4-HYDROXYPHENYL)ACETIC ACID,8,8,1DSR / 1W7Q / 1W7R / 4MEX / 6M5E,RCSB polymer entity chem_comp_monomers; short-polymer adds entity_poly.rcsb_sample_sequence_length <= 50.
短肽聚合物命中,D8R,N~6~-[(2R)-2-hydroxypropanoyl]-L-lysine,1,1,8HN9,RCSB polymer entity chem_comp_monomers; short-polymer adds entity_poly.rcsb_sample_sequence_length <= 50.
短肽聚合物命中,DA2,"NG,NG-DIMETHYL-L-ARGININE",8,8,2B2U / 2LTO / 2V86 / 2VPG / 4MZF,RCSB polymer entity chem_comp_monomers; short-polymer adds entity_poly.rcsb_sample_sequence_length <= 50.
短肽聚合物命中,DAB,"2,4-DIAMINOBUTYRIC ACID",50,44,1B4H / 1J73 / 1J9V / 1JAR / 1JDK,RCSB polymer entity chem_comp_monomers; short-polymer adds entity_poly.rcsb_sample_sequence_length <= 50.
仅较长聚合物命中,DAH,"3,4-DIHYDROXYPHENYLALANINE",25,0,1IVV / 1RNR / 2VH3 / 2ZWE,RCSB polymer entity chem_comp_monomers; short-polymer adds entity_poly.rcsb_sample_sequence_length <= 50.
短肽聚合物命中,DAL,D-ALANINE,407,347,10TL / 10TM / 148L / 1AJ1 / 1BCK,RCSB polymer entity chem_comp_monomers; short-polymer adds entity_poly.rcsb_sample_sequence_length <= 50.
短肽聚合物命中,DAM,N-METHYL-ALPHA-BETA-DEHYDROALANINE,19,19,1EVA / 1EVB / 1FJM / 1LCM / 2IAE,RCSB polymer entity chem_comp_monomers; short-polymer adds entity_poly.rcsb_sample_sequence_length <= 50.
短肽聚合物命中,DAR,D-ARGININE,137,103,1BDK / 1BFW / 1CFA / 1CVQ / 1CW8,RCSB polymer entity chem_comp_monomers; short-polymer adds entity_poly.rcsb_sample_sequence_length <= 50.
短肽聚合物命中,DAS,D-ASPARTIC ACID,105,65,1BFW / 1C4B / 1ZEA / 2KQL / 2Q33,RCSB polymer entity chem_comp_monomers; short-polymer adds entity_poly.rcsb_sample_sequence_length <= 50.
短肽聚合物命中,DBB,D-ALPHA-AMINOBUTYRIC ACID,48,48,1AJ1 / 1MQX / 1MQY / 1MQZ / 1QOW,RCSB polymer entity chem_comp_monomers; short-polymer adds entity_poly.rcsb_sample_sequence_length <= 50.
暂无聚合物命中,DBS,"2-(2,3-DIHYDROXY-BENZOYLAMINO)-3-HYDROXY-PROPIONIC ACID",0,0,,RCSB polymer entity chem_comp_monomers; short-polymer adds entity_poly.rcsb_sample_sequence_length <= 50.
短肽聚合物命中,DBU,(2Z)-2-AMINOBUT-2-ENOIC ACID,35,34,1E9W / 1OLN / 1QR3 / 1W9N / 1WCO,RCSB polymer entity chem_comp_monomers; short-polymer adds entity_poly.rcsb_sample_sequence_length <= 50.
短肽聚合物命中,DBY,"3,5 DIBROMOTYROSINE",3,2,1EBA / 4TPG,RCSB polymer entity chem_comp_monomers; short-polymer adds entity_poly.rcsb_sample_sequence_length <= 50.
短肽聚合物命中,DBZ,3-(BENZOYLAMINO)-L-ALANINE,5,5,1SN9 / 1SNA / 1SNE / 1XOF,RCSB polymer entity chem_comp_monomers; short-polymer adds entity_poly.rcsb_sample_sequence_length <= 50.
暂无聚合物命中,DC2,"N-acetyl-S-[(1S)-1,2-dichloroethyl]-L-cysteine",0,0,,RCSB polymer entity chem_comp_monomers; short-polymer adds entity_poly.rcsb_sample_sequence_length <= 50.
短肽聚合物命中,DCY,D-CYSTEINE,94,81,1C4B / 1CZQ / 1E9W / 1OLN / 1PCG,RCSB polymer entity chem_comp_monomers; short-polymer adds entity_poly.rcsb_sample_sequence_length <= 50.
仅较长聚合物命中,DDE,{3-[4-(2-AMINO-2-CARBOXY-ETHYL)-1H-IMIDAZOL-2-YL]-1-CARBAMOYL-PROPYL}-TRIMETHYL-AMMONIUM,55,0,1U2R / 1ZM2 / 1ZM3 / 1ZM4 / 1ZM9,RCSB polymer entity chem_comp_monomers; short-polymer adds entity_poly.rcsb_sample_sequence_length <= 50.
仅较长聚合物命中,DDZ,"3,3-DIHYDROXY L-ALANINE",23,0,1E33 / 1HDH / 2VQR / 4CXK / 4CXS,RCSB polymer entity chem_comp_monomers; short-polymer adds entity_poly.rcsb_sample_sequence_length <= 50.
短肽聚合物命中,DFF,4-benzoyl-D-phenylalanine,4,1,4LTE,RCSB polymer entity chem_comp_monomers; short-polymer adds entity_poly.rcsb_sample_sequence_length <= 50.
短肽聚合物命中,DFI,"2,2-DIFLUOROSTATINE",1,1,1APW,RCSB polymer entity chem_comp_monomers; short-polymer adds entity_poly.rcsb_sample_sequence_length <= 50.
短肽聚合物命中,DFO,"2,2-DIFLUORO-3-HYDROSTATINE",1,1,1APV,RCSB polymer entity chem_comp_monomers; short-polymer adds entity_poly.rcsb_sample_sequence_length <= 50.
短肽聚合物命中,DGL / FGA,D-GLUTAMIC ACID,197,157,148L / 1AY3 / 1EVA / 1EVB / 1EVC,RCSB polymer entity chem_comp_monomers; short-polymer adds entity_poly.rcsb_sample_sequence_length <= 50.
短肽聚合物命中,DGN,D-GLUTAMINE,88,50,1BFW / 1ZEA / 2LDJ / 2Q33,RCSB polymer entity chem_comp_monomers; short-polymer adds entity_poly.rcsb_sample_sequence_length <= 50.
短肽聚合物命中,DHA,2-AMINO-ACRYLIC ACID,51,32,1E9W / 1MQX / 1MQY / 1MQZ / 1OLN,RCSB polymer entity chem_comp_monomers; short-polymer adds entity_poly.rcsb_sample_sequence_length <= 50.
短肽聚合物命中,DHI,D-HISTIDINE,82,47,1CZQ / 1ER8 / 1MCB / 1MCL / 1MCN,RCSB polymer entity chem_comp_monomers; short-polymer adds entity_poly.rcsb_sample_sequence_length <= 50.
短肽聚合物命中,DHL,2-AMINO-ETHANETHIOL,1,1,5APR,RCSB polymer entity chem_comp_monomers; short-polymer adds entity_poly.rcsb_sample_sequence_length <= 50.
暂无聚合物命中,DHP,"3-DECYL-2,5-DIOXO-4-HYDROXY-3-PYRROLINE",0,0,,RCSB polymer entity chem_comp_monomers; short-polymer adds entity_poly.rcsb_sample_sequence_length <= 50.
短肽聚合物命中,DHV,3-hydroxy-D-valine,3,3,2RQO / 7QQ3 / 8B7Y,RCSB polymer entity chem_comp_monomers; short-polymer adds entity_poly.rcsb_sample_sequence_length <= 50.
短肽聚合物命中,DI7,"2,6-dimethyl-L-tyrosine",3,3,4RWA / 4RWD / 6PT2,RCSB polymer entity chem_comp_monomers; short-polymer adds entity_poly.rcsb_sample_sequence_length <= 50.
短肽聚合物命中,DI8,"(3S)-1,2,3,4-tetrahydroisoquinoline-3-carboxylic acid",11,11,4RWA / 4RWD / 7EHZ / 7EI2 / 9CS1,RCSB polymer entity chem_comp_monomers; short-polymer adds entity_poly.rcsb_sample_sequence_length <= 50.
短肽聚合物命中,DIL,D-ISOLEUCINE,76,35,1AQ7 / 1C4B / 1CVQ / 1CW8 / 1CWZ,RCSB polymer entity chem_comp_monomers; short-polymer adds entity_poly.rcsb_sample_sequence_length <= 50.
暂无聚合物命中,DIR,3-{[(E)-AMINO(HYDROXYIMINO)METHYL]AMINO}ALANINE,0,0,,RCSB polymer entity chem_comp_monomers; short-polymer adds entity_poly.rcsb_sample_sequence_length <= 50.
仅较长聚合物命中,DISEP,DIPHOSPHOSERINE,1,0,9GD8,RCSB polymer entity chem_comp_monomers; short-polymer adds entity_poly.rcsb_sample_sequence_length <= 50.
短肽聚合物命中,DIV,D-ISOVALINE,17,17,1DLZ / 1EE7 / 1GQ0 / 1IH9 / 1JOH,RCSB polymer entity chem_comp_monomers; short-polymer adds entity_poly.rcsb_sample_sequence_length <= 50.
仅较长聚合物命中,DJD,"4-(6-methyl-1,2,4,5-tetrazin-3-yl)-L-phenylalanine",5,0,6NJ2 / 6NJ3 / 6NJ4 / 6NJ5 / 6NJ6,RCSB polymer entity chem_comp_monomers; short-polymer adds entity_poly.rcsb_sample_sequence_length <= 50.
短肽聚合物命中,DLE,D-LEUCINE,199,158,1AL4 / 1ALX / 1ALZ,RCSB polymer entity chem_comp_monomers; short-polymer adds entity_poly.rcsb_sample_sequence_length <= 50.
短肽聚合物命中,DLS,DI-ACETYL-LYSINE,4,4,1FVM / 5I8M / 5I8X / 5NGQ,RCSB polymer entity chem_comp_monomers; short-polymer adds entity_poly.rcsb_sample_sequence_length <= 50.
短肽聚合物命中,DLY,D-LYSINE,164,118,1C4B / 1YWH / 22EM / 22ES / 2KQL,RCSB polymer entity chem_comp_monomers; short-polymer adds entity_poly.rcsb_sample_sequence_length <= 50.
仅较长聚合物命中,DM0,"N~2~,N~2~,N~6~,N~6~-tetramethyl-L-lysine",3,0,132L / 4N0J / 4PRU,RCSB polymer entity chem_comp_monomers; short-polymer adds entity_poly.rcsb_sample_sequence_length <= 50.
短肽聚合物命中,DMH,"N4,N4-DIMETHYL-ASPARAGINE",2,2,1NJT / 1NKK,RCSB polymer entity chem_comp_monomers; short-polymer adds entity_poly.rcsb_sample_sequence_length <= 50.
短肽聚合物命中,DMK,"3,3-DIMETHYL ASPARTIC ACID",2,2,1NJT / 1NKK,RCSB polymer entity chem_comp_monomers; short-polymer adds entity_poly.rcsb_sample_sequence_length <= 50.
短肽聚合物命中,DMT,"3-HYDROXY-4,4-DIMETHYL-2-(METHYLAMINO)-6-OCTENOIC ACID",2,2,1CWB / 2RMB,RCSB polymer entity chem_comp_monomers; short-polymer adds entity_poly.rcsb_sample_sequence_length <= 50.
短肽聚合物命中,DNE,D-NORLEUCINE,25,9,1R9V / 1S1O / 1S4A / 6WSJ / 7PFQ,RCSB polymer entity chem_comp_monomers; short-polymer adds entity_poly.rcsb_sample_sequence_length <= 50.
短肽聚合物命中,DNG,N-FORMYL-D-NORLEUCINE,1,1,1S4A,RCSB polymer entity chem_comp_monomers; short-polymer adds entity_poly.rcsb_sample_sequence_length <= 50.
暂无聚合物命中,DNL,6-AMINO-HEXANAL,0,0,,RCSB polymer entity chem_comp_monomers; short-polymer adds entity_poly.rcsb_sample_sequence_length <= 50.
短肽聚合物命中,DNM,N-methyl-D-norleucine,3,3,1R9V / 1S1O / 1S4A,RCSB polymer entity chem_comp_monomers; short-polymer adds entity_poly.rcsb_sample_sequence_length <= 50.
短肽聚合物命中,DNP,3-AMINO-ALANINE,10,10,1BEI / 4AY6 / 5GS4 / 5O0Z / 7AG5,RCSB polymer entity chem_comp_monomers; short-polymer adds entity_poly.rcsb_sample_sequence_length <= 50.
短肽聚合物命中,DNS,N~6~-{[5-(DIMETHYLAMINO)-1-NAPHTHYL]SULFONYL}-L-LYSINE,1,1,2K6R,RCSB polymer entity chem_comp_monomers; short-polymer adds entity_poly.rcsb_sample_sequence_length <= 50.
短肽聚合物命中,DNW,"3-[(2,4-dinitrophenyl)amino]-L-alanine",2,2,4JIJ / 4JQG,RCSB polymer entity chem_comp_monomers; short-polymer adds entity_poly.rcsb_sample_sequence_length <= 50.
暂无聚合物命中,DO2,"5,5-dihydroxy-6-oxo-L-norleucine",0,0,,RCSB polymer entity chem_comp_monomers; short-polymer adds entity_poly.rcsb_sample_sequence_length <= 50.
短肽聚合物命中,DOA,12-AMINO-DODECANOIC ACID,2,2,1EOJ / 1EOL,RCSB polymer entity chem_comp_monomers; short-polymer adds entity_poly.rcsb_sample_sequence_length <= 50.
暂无聚合物命中,DON,6-DIAZENYL-5-OXO-L-NORLEUCINE,0,0,,RCSB polymer entity chem_comp_monomers; short-polymer adds entity_poly.rcsb_sample_sequence_length <= 50.
短肽聚合物命中,DPL,4-OXOPROLINE,1,1,1QFI,RCSB polymer entity chem_comp_monomers; short-polymer adds entity_poly.rcsb_sample_sequence_length <= 50.
短肽聚合物命中,DPN,D-PHENYLALANINE,193,152,1ABI / 1B0Q / 1BFW / 1GO9 / 1GOE,RCSB polymer entity chem_comp_monomers; short-polymer adds entity_poly.rcsb_sample_sequence_length <= 50.
短肽聚合物命中,DPP,DIAMINOPROPANOIC ACID,64,58,1B5H / 1JD8 / 4KS6 / 4KTX / 4V7C,RCSB polymer entity chem_comp_monomers; short-polymer adds entity_poly.rcsb_sample_sequence_length <= 50.
仅较长聚合物命中,DPQ,"(S)-2-AMINO-3-(4-HYDROXY-3-OXOCYCLOHEXA-1,4-DIENYL)PROPANOIC ACID",1,0,2YX9,RCSB polymer entity chem_comp_monomers; short-polymer adds entity_poly.rcsb_sample_sequence_length <= 50.
短肽聚合物命中,DPR,D-PROLINE,247,208,1BFW / 1H0G / 1IC9 / 1ICL / 1ICO,RCSB polymer entity chem_comp_monomers; short-polymer adds entity_poly.rcsb_sample_sequence_length <= 50.
短肽聚合物命中,DSE,N-METHYL-D-SERINE,7,7,1CWH / 1T7D / 3IIQ / 3S04 / 5CGN,RCSB polymer entity chem_comp_monomers; short-polymer adds entity_poly.rcsb_sample_sequence_length <= 50.
短肽聚合物命中,DSG,D-ASPARAGINE,97,54,1T5M / 1T5N / 1XT7 / 2IGZ / 2IH0,RCSB polymer entity chem_comp_monomers; short-polymer adds entity_poly.rcsb_sample_sequence_length <= 50.
短肽聚合物命中,DSN,D-SERINE,164,118,185D / 193D / 1BFW / 1CYN / 1PFE,RCSB polymer entity chem_comp_monomers; short-polymer adds entity_poly.rcsb_sample_sequence_length <= 50.
短肽聚合物命中,DTH,D-THREONINE,135,95,2JUE / 2KQL / 2L9X / 2Q33,RCSB polymer entity chem_comp_monomers; short-polymer adds entity_poly.rcsb_sample_sequence_length <= 50.
短肽聚合物命中,DTR,D-TRYPTOPHAN,130,114,1CZQ / 1DFY / 1DFZ / 1DG0 / 1NXN,RCSB polymer entity chem_comp_monomers; short-polymer adds entity_poly.rcsb_sample_sequence_length <= 50.
短肽聚合物命中,DTY,D-TYROSINE,163,122,11MG / 11MH / 1C4B / 1D7T / 1UNO,RCSB polymer entity chem_comp_monomers; short-polymer adds entity_poly.rcsb_sample_sequence_length <= 50.
仅较长聚合物命中,DV7,L-(7-hydroxycoumarin-4-yl)ethylglycine,10,0,6BJZ / 6UC3 / 6UD1 / 6UD6 / 6UDB,RCSB polymer entity chem_comp_monomers; short-polymer adds entity_poly.rcsb_sample_sequence_length <= 50.
短肽聚合物命中,DV9,"(2S)-2-azanyl-6,6-bis(fluoranyl)-5-oxidanylidene-6-phosphono-hexanoic acid",1,1,7DRP,RCSB polymer entity chem_comp_monomers; short-polymer adds entity_poly.rcsb_sample_sequence_length <= 50.
短肽聚合物命中,DVA,D-VALINE,204,157,173D / 1A7Y / 1A7Z / 1AL4 / 1ALX,RCSB polymer entity chem_comp_monomers; short-polymer adds entity_poly.rcsb_sample_sequence_length <= 50.
仅较长聚合物命中,DYA,DIDEHYDROASPARTATE,13,0,5A0Y / 5A8R / 5G0R / 7B2H / 7SUC,RCSB polymer entity chem_comp_monomers; short-polymer adds entity_poly.rcsb_sample_sequence_length <= 50.
仅较长聚合物命中,DYG,(3S)-3-amino-3-[(4Z)-1-(carboxymethyl)-4-[(4-hydroxyphenyl)methylidene]-5-oxo-imidazol-2-yl]propanoic acid,3,0,1XSS / 2PXS / 2PXW,RCSB polymer entity chem_comp_monomers; short-polymer adds entity_poly.rcsb_sample_sequence_length <= 50.
仅较长聚合物命中,DYJ,1-[(2E)-4-carboxy-4-oxobut-2-en-2-yl]-L-proline,1,0,5UNQ,RCSB polymer entity chem_comp_monomers; short-polymer adds entity_poly.rcsb_sample_sequence_length <= 50.
短肽聚合物命中,DYL,(2R)-2-aminopent-4-enoic acid,1,1,4NR1,RCSB polymer entity chem_comp_monomers; short-polymer adds entity_poly.rcsb_sample_sequence_length <= 50.
仅较长聚合物命中,DYS,"S-[5-(2-aminoethyl)-2,3-dihydroxyphenyl]-L-cysteine",1,0,2R1T,RCSB polymer entity chem_comp_monomers; short-polymer adds entity_poly.rcsb_sample_sequence_length <= 50.
短肽聚合物命中,E03,6-FLUORO-D-TRYPTOPHAN,1,1,6KZU,RCSB polymer entity chem_comp_monomers; short-polymer adds entity_poly.rcsb_sample_sequence_length <= 50.
暂无聚合物命中,E0Y,"(3S,5R)-5-[(2R,3R)-1,3-dihydroxybutan-2-yl]-3-({(3R)-1-[(1E)-ethanimidoyl]pyrrolidin-3-yl}sulfanyl)-L-proline",0,0,,RCSB polymer entity chem_comp_monomers; short-polymer adds entity_poly.rcsb_sample_sequence_length <= 50.
暂无聚合物命中,E95,7-Methyl-L-Tryptophan,0,0,,RCSB polymer entity chem_comp_monomers; short-polymer adds entity_poly.rcsb_sample_sequence_length <= 50.
仅较长聚合物命中,E9C,"(2S)-2-azanyl-3-[3,4,6-tris(oxidanylidene)cyclohexen-1-yl]propanoic acid",1,0,6L9C,RCSB polymer entity chem_comp_monomers; short-polymer adds entity_poly.rcsb_sample_sequence_length <= 50.
短肽聚合物命中,E9M,N-methyl-L-tryptophan,3,3,6BVW / 6HVB / 8B9U,RCSB polymer entity chem_comp_monomers; short-polymer adds entity_poly.rcsb_sample_sequence_length <= 50.
短肽聚合物命中,E9V,N-methyl-L-histidine,1,1,6BVY,RCSB polymer entity chem_comp_monomers; short-polymer adds entity_poly.rcsb_sample_sequence_length <= 50.
短肽聚合物命中,ECC,(4S)-4-amino-5-hydroxypentanamide,6,6,3SNA / 3SNB / 3SNC / 3SND / 3SNE,RCSB polymer entity chem_comp_monomers; short-polymer adds entity_poly.rcsb_sample_sequence_length <= 50.
仅较长聚合物命中,ECX,S-ethyl-L-cysteine,3,0,7XPX / 7YRD / 7YRG,RCSB polymer entity chem_comp_monomers; short-polymer adds entity_poly.rcsb_sample_sequence_length <= 50.
短肽聚合物命中,EEP,"(2S,4R)-2-amino-4,5-dihydroxy-4-methylpentanoic acid",42,42,6C1D / 6T1Y / 6T20 / 6T25 / 6U96,RCSB polymer entity chem_comp_monomers; short-polymer adds entity_poly.rcsb_sample_sequence_length <= 50.
仅较长聚合物命中,EFC,"S,S-(2-FLUOROETHYL)THIOCYSTEINE",8,0,1A3T / 7UG0 / 7UGD / 7UGJ / 7UGV,RCSB polymer entity chem_comp_monomers; short-polymer adds entity_poly.rcsb_sample_sequence_length <= 50.
短肽聚合物命中,EI4,Enduracididine,1,1,7QGV,RCSB polymer entity chem_comp_monomers; short-polymer adds entity_poly.rcsb_sample_sequence_length <= 50.
仅较长聚合物命中,EJA,S-[(1Z)-2-carboxy-N-hydroxyethanimidoyl]-L-cysteine,2,0,6C4A / 6C4C,RCSB polymer entity chem_comp_monomers; short-polymer adds entity_poly.rcsb_sample_sequence_length <= 50.
短肽聚合物命中,EJJ,N-CARBAMOYL-GLYCINE,1,1,2OMG,RCSB polymer entity chem_comp_monomers; short-polymer adds entity_poly.rcsb_sample_sequence_length <= 50.
短肽聚合物命中,EJM,L-norleucine aldehyde,3,3,7AKU / 7Z3U / 8C3D,RCSB polymer entity chem_comp_monomers; short-polymer adds entity_poly.rcsb_sample_sequence_length <= 50.
短肽聚合物命中,ELY,"N~6~,N~6~-diethyl-L-lysine",15,7,5EPJ / 5EPK / 5EPL / 5EQ0 / 6V2D,RCSB polymer entity chem_comp_monomers; short-polymer adds entity_poly.rcsb_sample_sequence_length <= 50.
短肽聚合物命中,EME,N-methyl-L-glutamic acid,4,3,4E82 / 7XJO / 8VDV,RCSB polymer entity chem_comp_monomers; short-polymer adds entity_poly.rcsb_sample_sequence_length <= 50.
短肽聚合物命中,EO2,"4,5-Dehydro-L-leucine",1,1,6G6E,RCSB polymer entity chem_comp_monomers; short-polymer adds entity_poly.rcsb_sample_sequence_length <= 50.
短肽聚合物命中,EOE,beta3-proline,10,10,6G6X / 6G8P / 6PRL / 7WXX / 7XGJ,RCSB polymer entity chem_comp_monomers; short-polymer adds entity_poly.rcsb_sample_sequence_length <= 50.
暂无聚合物命中,ERL,"(1S,2S)-2-azanyl-1-oxidanyl-hexane-1-sulfonic acid",0,0,,RCSB polymer entity chem_comp_monomers; short-polymer adds entity_poly.rcsb_sample_sequence_length <= 50.
仅较长聚合物命中,ESB,"3-[(3E)-3-(ETHYLIMINO)-4-HYDROXY-6-OXOCYCLOHEXA-1,4-DIEN-1-YL]-L-ALANINE",1,0,2ZL8,RCSB polymer entity chem_comp_monomers; short-polymer adds entity_poly.rcsb_sample_sequence_length <= 50.
短肽聚合物命中,ESC,2-AMINO-4-ETHYL SULFANYL BUTYRIC ACID,1,1,1KBG,RCSB polymer entity chem_comp_monomers; short-polymer adds entity_poly.rcsb_sample_sequence_length <= 50.
短肽聚合物命中,EU0,1-[(2~{S})-3-methyl-1-oxidanylidene-butan-2-yl]guanidine,4,4,7QS6 / 7ZAX / 7ZED / 8ONU,RCSB polymer entity chem_comp_monomers; short-polymer adds entity_poly.rcsb_sample_sequence_length <= 50.
短肽聚合物命中,EUP,4-amino-L-allothreonine,1,1,6CAE,RCSB polymer entity chem_comp_monomers; short-polymer adds entity_poly.rcsb_sample_sequence_length <= 50.
短肽聚合物命中,EW6,alpha-methyl-L-serine,2,2,8DFZ / 9MF9,RCSB polymer entity chem_comp_monomers; short-polymer adds entity_poly.rcsb_sample_sequence_length <= 50.
仅较长聚合物命中,EXA,N~6~-[(R)-[(E)-(1-carboxyethylidene)amino]{3-hydroxy-2-methyl-5-[(phosphonooxy)methyl]pyridin-4-yl}methyl]-L-lysine,2,0,5V12 / 7YSL,RCSB polymer entity chem_comp_monomers; short-polymer adds entity_poly.rcsb_sample_sequence_length <= 50.
短肽聚合物命中,EXL,1-Methyl-L-tryptophan,3,3,11MG / 11MH / 7BAG,RCSB polymer entity chem_comp_monomers; short-polymer adds entity_poly.rcsb_sample_sequence_length <= 50.
暂无聚合物命中,EXY,6-[(2R)-oxiran-2-yl]-L-norleucine,0,0,,RCSB polymer entity chem_comp_monomers; short-polymer adds entity_poly.rcsb_sample_sequence_length <= 50.
仅较长聚合物命中,EYG,"{(2R,4Z)-2-[(1R)-1-amino-3-(methylsulfanyl)propyl]-2-hydroxy-4-[(4-hydroxyphenyl)methylidene]-5-oxoimidazolidin-1-yl}acetic acid",1,0,3NED,RCSB polymer entity chem_comp_monomers; short-polymer adds entity_poly.rcsb_sample_sequence_length <= 50.
暂无聚合物命中,F0G,(E)-N-({3-hydroxy-2-methyl-5-[(phosphonooxy)methyl]pyridin-4-yl}methylidene)-L-alanine,0,0,,RCSB polymer entity chem_comp_monomers; short-polymer adds entity_poly.rcsb_sample_sequence_length <= 50.
短肽聚合物命中,F2F,"3,4-difluoro-L-phenylalanine",2,2,3D3V / 6OVU,RCSB polymer entity chem_comp_monomers; short-polymer adds entity_poly.rcsb_sample_sequence_length <= 50.
仅较长聚合物命中,F2Y,"3,5-difluoro-L-tyrosine",11,0,5CI0 / 6BPR / 6BPS / 6BPT / 6BPU,RCSB polymer entity chem_comp_monomers; short-polymer adds entity_poly.rcsb_sample_sequence_length <= 50.
暂无聚合物命中,F3M,"methyl 4-amino-2,4,5-trideoxy-5,5,5-trifluoro-L-threo-pentonate",0,0,,RCSB polymer entity chem_comp_monomers; short-polymer adds entity_poly.rcsb_sample_sequence_length <= 50.
暂无聚合物命中,F3T,"4-amino-2,4,5-trideoxy-5,5,5-trifluoro-L-threo-pentonic acid",0,0,,RCSB polymer entity chem_comp_monomers; short-polymer adds entity_poly.rcsb_sample_sequence_length <= 50.
仅较长聚合物命中,F6N,"2-(aminomethyl)-1,3-oxazole-4-carboxylic acid",2,0,6GOS / 6GRG,RCSB polymer entity chem_comp_monomers; short-polymer adds entity_poly.rcsb_sample_sequence_length <= 50.
仅较长聚合物命中,F75,"2-(aminomethyl)-1,3-thiazole-4-carboxylic acid",2,0,6GOS / 6GRG,RCSB polymer entity chem_comp_monomers; short-polymer adds entity_poly.rcsb_sample_sequence_length <= 50.
短肽聚合物命中,F7P,1-[(3R)-3-hydroxy-2-methylbutan-2-yl]-L-tryptophan,1,1,6CN8,RCSB polymer entity chem_comp_monomers; short-polymer adds entity_poly.rcsb_sample_sequence_length <= 50.
仅较长聚合物命中,F7Q,"(2~{S})-2-azanyl-3-[1-(dioxidanyl)-4-oxidanylidene-cyclohexa-2,5-dien-1-yl]propanoic acid",1,0,6GPV,RCSB polymer entity chem_comp_monomers; short-polymer adds entity_poly.rcsb_sample_sequence_length <= 50.
短肽聚合物命中,F7S,(4S)-5-hydroxy-N-methyl-L-leucine,1,1,6CN8,RCSB polymer entity chem_comp_monomers; short-polymer adds entity_poly.rcsb_sample_sequence_length <= 50.
短肽聚合物命中,F7V,"(2S,4E)-2-aminohex-4-enoic acid",1,1,6CN8,RCSB polymer entity chem_comp_monomers; short-polymer adds entity_poly.rcsb_sample_sequence_length <= 50.
仅较长聚合物命中,F7W,7-Fluorotryptophan,1,0,5O7U,RCSB polymer entity chem_comp_monomers; short-polymer adds entity_poly.rcsb_sample_sequence_length <= 50.
短肽聚合物命中,F93,"(2R,3S)-2-azanyl-3-(3-chloranyl-4-oxidanyl-phenyl)-3-oxidanyl-propanoic acid",1,1,6M5E,RCSB polymer entity chem_comp_monomers; short-polymer adds entity_poly.rcsb_sample_sequence_length <= 50.
短肽聚合物命中,F9D,(2R)-2-aminopent-4-ynoic acid,2,2,6CNU / 9DXX,RCSB polymer entity chem_comp_monomers; short-polymer adds entity_poly.rcsb_sample_sequence_length <= 50.
短肽聚合物命中,FAK,N~6~-(trifluoroacetyl)-L-lysine,3,3,4L3O / 4NMT / 5FYQ,RCSB polymer entity chem_comp_monomers; short-polymer adds entity_poly.rcsb_sample_sequence_length <= 50.
暂无聚合物命中,FB5,2-(difluoromethyl)-6-(dihydroxyboranyl)-L-norleucine,0,0,,RCSB polymer entity chem_comp_monomers; short-polymer adds entity_poly.rcsb_sample_sequence_length <= 50.
暂无聚合物命中,FB6,6-(dihydroxyboranyl)-2-methyl-L-norleucine,0,0,,RCSB polymer entity chem_comp_monomers; short-polymer adds entity_poly.rcsb_sample_sequence_length <= 50.
短肽聚合物命中,FCL,3-CHLORO-L-PHENYLALANINE,2,2,1OKW / 7YUZ,RCSB polymer entity chem_comp_monomers; short-polymer adds entity_poly.rcsb_sample_sequence_length <= 50.
短肽聚合物命中,FDL,N~6~-acetyl-N-(4-methyl-2-oxo-2H-chromen-7-yl)-L-lysinamide,6,6,4C7B / 4HD8 / 4HDA / 5BTR / 8V15,RCSB polymer entity chem_comp_monomers; short-polymer adds entity_poly.rcsb_sample_sequence_length <= 50.
仅较长聚合物命中,FF9,(2S)-2-azanyl-6-[(E)-(1-oxidanyl-1-oxidanylidene-butan-2-ylidene)amino]hexanoic acid,1,0,7C0E,RCSB polymer entity chem_comp_monomers; short-polymer adds entity_poly.rcsb_sample_sequence_length <= 50.
暂无聚合物命中,FFM,"S-[(1R,2R)-2-hydroxy-1-methyl-2-phosphonoethyl]-L-cysteine",0,0,,RCSB polymer entity chem_comp_monomers; short-polymer adds entity_poly.rcsb_sample_sequence_length <= 50.
短肽聚合物命中,FGL,2-AMINOPROPANEDIOIC ACID,8,5,4MQ9 / 4OIN / 4OIP / 4OIQ / 4OIR,RCSB polymer entity chem_comp_monomers; short-polymer adds entity_poly.rcsb_sample_sequence_length <= 50.
仅较长聚合物命中,FGP,2-AMINO-3-HYDROXY-3-PHOSPHONOOXY-PROPIONIC ACID,4,0,1N2K / 1N2L / 4MHX / 4MIV,RCSB polymer entity chem_comp_monomers; short-polymer adds entity_poly.rcsb_sample_sequence_length <= 50.
短肽聚合物命中,FH7,N^5^-formyl-N^5^-hydroxy-D-ornithine,3,3,2W6T / 2W77 / 2W78,RCSB polymer entity chem_comp_monomers; short-polymer adds entity_poly.rcsb_sample_sequence_length <= 50.
仅较长聚合物命中,FHE,2-[(4~{Z})-2-[(1~{R})-1-azanyl-2-oxidanylidene-propyl]-4-[[4-[(2-nitrophenyl)methoxy]phenyl]methylidene]-5-oxidanylidene-imidazol-1-yl]ethanoic acid,1,0,6H01,RCSB polymer entity chem_comp_monomers; short-polymer adds entity_poly.rcsb_sample_sequence_length <= 50.
仅较长聚合物命中,FHL,(E)-N~6~-[3-CARBOXY-1-(HYDROXYMETHYL)PROPYLIDENE]-L-LYSINE,1,0,2C13,RCSB polymer entity chem_comp_monomers; short-polymer adds entity_poly.rcsb_sample_sequence_length <= 50.
短肽聚合物命中,FHO,N^5^-FORMYL-N^5^-HYDROXY-L-ORNITHINE,7,7,1XKH / 2IAH / 2W16 / 2W6T / 2W76,RCSB polymer entity chem_comp_monomers; short-polymer adds entity_poly.rcsb_sample_sequence_length <= 50.
短肽聚合物命中,FIO,N~5~-[(1E)-2-fluoroethanimidoyl]-L-ornithine,1,1,4DKT,RCSB polymer entity chem_comp_monomers; short-polymer adds entity_poly.rcsb_sample_sequence_length <= 50.
短肽聚合物命中,FL6,(2S)-2-azanyl-4-methoxy-4-oxidanylidene-butanoic acid,5,5,7C8B / 7CUT / 7WQ8 / 7WQ9 / 7WQA,RCSB polymer entity chem_comp_monomers; short-polymer adds entity_poly.rcsb_sample_sequence_length <= 50.
暂无聚合物命中,FLA,TRIFLUOROALANINE,0,0,,RCSB polymer entity chem_comp_monomers; short-polymer adds entity_poly.rcsb_sample_sequence_length <= 50.
暂无聚合物命中,FLE,FUROYL-LEUCINE,0,0,,RCSB polymer entity chem_comp_monomers; short-polymer adds entity_poly.rcsb_sample_sequence_length <= 50.
短肽聚合物命中,FLT,FLUOROMALONYL TYROSINE,1,1,1BZH,RCSB polymer entity chem_comp_monomers; short-polymer adds entity_poly.rcsb_sample_sequence_length <= 50.
短肽聚合物命中,FME,N-FORMYLMETHIONINE,1504,395,11YO / 1LK6 / 1MHC,RCSB polymer entity chem_comp_monomers; short-polymer adds entity_poly.rcsb_sample_sequence_length <= 50.
短肽聚合物命中,FOD,"(2S)-2-amino-4-[1-(trans-4-hydroxycyclohexyl)-1H-1,2,3-triazol-4-yl]butanoic acid",1,1,6CXG,RCSB polymer entity chem_comp_monomers; short-polymer adds entity_poly.rcsb_sample_sequence_length <= 50.
短肽聚合物命中,FOE,2-(2-AMINO-3-OXO-PROPYLSULFANYL)-N-(4-FLUORO-PHENYL)-N-ISOPROPYL-ACETAMIDE,1,1,1BX9,RCSB polymer entity chem_comp_monomers; short-polymer adds entity_poly.rcsb_sample_sequence_length <= 50.
短肽聚合物命中,FP9,(4R)-4-fluoro-L-proline,5,3,3IPN / 5UOZ / 9IZB,RCSB polymer entity chem_comp_monomers; short-polymer adds entity_poly.rcsb_sample_sequence_length <= 50.
暂无聚合物命中,FPK,1-formyl-L-proline,0,0,,RCSB polymer entity chem_comp_monomers; short-polymer adds entity_poly.rcsb_sample_sequence_length <= 50.
短肽聚合物命中,FPR,(3S)-3-amino-4-oxo-7-phenylheptanoic acid,1,1,1RHK,RCSB polymer entity chem_comp_monomers; short-polymer adds entity_poly.rcsb_sample_sequence_length <= 50.
短肽聚合物命中,FQA,N~6~-benzyl-L-lysine,1,1,6D08,RCSB polymer entity chem_comp_monomers; short-polymer adds entity_poly.rcsb_sample_sequence_length <= 50.
短肽聚合物命中,FRD,1-PHENYL-2-AMINOPROPANE,4,4,2AOF / 2AOH / 2AOI / 2AOJ,RCSB polymer entity chem_comp_monomers; short-polymer adds entity_poly.rcsb_sample_sequence_length <= 50.
仅较长聚合物命中,FT6,6-FLUORO-L-TRYPTOPHAN,2,0,4EAR / 8B29,RCSB polymer entity chem_comp_monomers; short-polymer adds entity_poly.rcsb_sample_sequence_length <= 50.
短肽聚合物命中,FTR,FLUOROTRYPTOPHANE,44,7,10SB / 6XIB / 6XIC / 6XID / 6XIE,RCSB polymer entity chem_comp_monomers; short-polymer adds entity_poly.rcsb_sample_sequence_length <= 50.
短肽聚合物命中,FTY,DEOXY-DIFLUOROMETHELENE-PHOSPHOTYROSINE,6,6,1A08 / 1QZ0 / 1XXV / 3ZMP / 3ZMQ,RCSB polymer entity chem_comp_monomers; short-polymer adds entity_poly.rcsb_sample_sequence_length <= 50.
短肽聚合物命中,FVA,N-formyl-L-valine,26,26,1AL4 / 1ALX / 1ALZ,RCSB polymer entity chem_comp_monomers; short-polymer adds entity_poly.rcsb_sample_sequence_length <= 50.
短肽聚合物命中,FX9,(2S)-2-azanyl-3-[3-(trifluoromethyl)phenyl]propanoic acid,1,1,8GCG,RCSB polymer entity chem_comp_monomers; short-polymer adds entity_poly.rcsb_sample_sequence_length <= 50.
暂无聚合物命中,FXC,(2R)-2-azanyl-3-[3-(trifluoromethyl)phenyl]propanoic acid,0,0,,RCSB polymer entity chem_comp_monomers; short-polymer adds entity_poly.rcsb_sample_sequence_length <= 50.
暂无聚合物命中,FXF,(2R)-2-azanyl-3-(3-bromophenyl)propanoic acid,0,0,,RCSB polymer entity chem_comp_monomers; short-polymer adds entity_poly.rcsb_sample_sequence_length <= 50.
暂无聚合物命中,FXL,(2R)-2-azanyl-3-(3-chlorophenyl)propanoic acid,0,0,,RCSB polymer entity chem_comp_monomers; short-polymer adds entity_poly.rcsb_sample_sequence_length <= 50.
仅较长聚合物命中,FY2,"2,3-difluoro-L-tyrosine",1,0,5CI1,RCSB polymer entity chem_comp_monomers; short-polymer adds entity_poly.rcsb_sample_sequence_length <= 50.
仅较长聚合物命中,FY3,"2,3,5-trifluoro-L-tyrosine",3,0,5CI3 / 6W4X / 7QSC,RCSB polymer entity chem_comp_monomers; short-polymer adds entity_poly.rcsb_sample_sequence_length <= 50.
短肽聚合物命中,FZN,"(2S)-2-amino-6-{[(1Z)-1-{[(2R,3R,4S,5R)-5-({[(R)-{[(R)-{[(2R,3S,4R,5R)-5-(6-amino-9H-purin-9-yl)-3,4-dihydroxytetrahydrofuran-2-yl]methoxy}(hydroxy)phosphoryl]oxy}(hydroxy)phosphoryl]oxy}methyl)-3,4-dihydroxytetrahydrofuran-2-yl]sulfanyl}ethylidene]amino}hexanoic acid",4,4,3D81 / 3GLT / 4BVE / 4BVF,RCSB polymer entity chem_comp_monomers; short-polymer adds entity_poly.rcsb_sample_sequence_length <= 50.
仅较长聚合物命中,G1X,"(2S)-2-azanyl-3-[3,4-bis(oxidanylidene)cyclohexa-1,5-dien-1-yl]propanoic acid",2,0,7CIT / 7CIY,RCSB polymer entity chem_comp_monomers; short-polymer adds entity_poly.rcsb_sample_sequence_length <= 50.
暂无聚合物命中,G3M,(3S)-N~6~-carbamimidoyl-3-hydroxy-L-lysine,0,0,,RCSB polymer entity chem_comp_monomers; short-polymer adds entity_poly.rcsb_sample_sequence_length <= 50.
短肽聚合物命中,G5G,"(2S,4S)-2-amino-4,5-dihydroxy-4-methylpentanoic acid",5,5,6D8C / 6W17 / 7BTI / 8R3H / 9QGK,RCSB polymer entity chem_comp_monomers; short-polymer adds entity_poly.rcsb_sample_sequence_length <= 50.
暂无聚合物命中,G8M,"(1S,2R)-2-[(S)-amino(carboxy)methyl]cyclobutanecarboxylic acid",0,0,,RCSB polymer entity chem_comp_monomers; short-polymer adds entity_poly.rcsb_sample_sequence_length <= 50.
暂无聚合物命中,G8X,"(2~{S},3~{R})-3-oxidanylpyrrolidine-2-carboxylic acid",0,0,,RCSB polymer entity chem_comp_monomers; short-polymer adds entity_poly.rcsb_sample_sequence_length <= 50.
短肽聚合物命中,GAM,ALPHA-METHYL-L-GLUTAMIC ACID,1,1,9Z1Q,RCSB polymer entity chem_comp_monomers; short-polymer adds entity_poly.rcsb_sample_sequence_length <= 50.
短肽聚合物命中,GAU,(4S)-4-AMINO-5-HYDROXYPENTANOIC ACID,11,11,4Y6V / 4Y7W / 4Y8N / 4Y8S / 4Y8T,RCSB polymer entity chem_comp_monomers; short-polymer adds entity_poly.rcsb_sample_sequence_length <= 50.
暂无聚合物命中,GEE,ethyl glycinate,0,0,,RCSB polymer entity chem_comp_monomers; short-polymer adds entity_poly.rcsb_sample_sequence_length <= 50.
仅较长聚合物命中,GFT,(2S)-2-azanyl-3-[cyclohexyloxy(methyl)phosphoryl]oxy-propanoic acid,2,0,3ZLU / 7BFV,RCSB polymer entity chem_comp_monomers; short-polymer adds entity_poly.rcsb_sample_sequence_length <= 50.
短肽聚合物命中,GGB,L-CANAVANINE,5,5,6YD2 / 6YD3 / 6YD4 / 6YD7 / 8OYH,RCSB polymer entity chem_comp_monomers; short-polymer adds entity_poly.rcsb_sample_sequence_length <= 50.
短肽聚合物命中,GGL,GAMMA-L-GLUTAMIC ACID,19,18,1AXD / 1BX9 / 1FAV / 3THS / 5BPU,RCSB polymer entity chem_comp_monomers; short-polymer adds entity_poly.rcsb_sample_sequence_length <= 50.
暂无聚合物命中,GHC,"N-({4-[(2-amino-6-ethyl-4-oxo-3,4-dihydrothieno[2,3-d]pyrimidin-5-yl)sulfanyl]phenyl}carbonyl)-L-glutamic acid",0,0,,RCSB polymer entity chem_comp_monomers; short-polymer adds entity_poly.rcsb_sample_sequence_length <= 50.
仅较长聚合物命中,GHG,"(2S,4S)-2,5-diamino-4-hydroxy-5-oxopentanoic acid (non-preferred name)",3,0,1RU9 / 1RUA / 1RUL,RCSB polymer entity chem_comp_monomers; short-polymer adds entity_poly.rcsb_sample_sequence_length <= 50.
短肽聚合物命中,GHP,(2R)-amino(4-hydroxyphenyl)ethanoic acid,46,46,1AA5 / 1C0Q / 1C0R / 1DSR / 1FVM,RCSB polymer entity chem_comp_monomers; short-polymer adds entity_poly.rcsb_sample_sequence_length <= 50.
暂无聚合物命中,GHW,"N-({4-[(2-amino-6-methyl-4-oxo-3,4-dihydrothieno[2,3-d]pyrimidin-5-yl)sulfanyl]phenyl}carbonyl)-L-glutamic acid",0,0,,RCSB polymer entity chem_comp_monomers; short-polymer adds entity_poly.rcsb_sample_sequence_length <= 50.
仅较长聚合物命中,GL3,THIOGLYCIN,39,0,1E6Y / 1HBM / 1HBN / 1HBO / 1HBU,RCSB polymer entity chem_comp_monomers; short-polymer adds entity_poly.rcsb_sample_sequence_length <= 50.
短肽聚合物命中,GLJ,"5,5-dihydroxy-L-norvaline",2,2,1QR3 / 4GVU,RCSB polymer entity chem_comp_monomers; short-polymer adds entity_poly.rcsb_sample_sequence_length <= 50.
短肽聚合物命中,GLZ,AMINO-ACETALDEHYDE,21,5,6MPZ / 6PVA / 6PVB / 6W46 / 6W47,RCSB polymer entity chem_comp_monomers; short-polymer adds entity_poly.rcsb_sample_sequence_length <= 50.
短肽聚合物命中,GMA,4-AMIDO-4-CARBAMOYL-BUTYRIC ACID,11,11,1B9U / 1TWQ / 2APH / 2FCI / 5BXU,RCSB polymer entity chem_comp_monomers; short-polymer adds entity_poly.rcsb_sample_sequence_length <= 50.
短肽聚合物命中,GME,5-O-methyl-glutamic acid,4,4,2KNN / 4DM9 / 7WQ8 / 7WQ9,RCSB polymer entity chem_comp_monomers; short-polymer adds entity_poly.rcsb_sample_sequence_length <= 50.
仅较长聚合物命中,GMO,"{(4Z)-2-[(1R,2R)-1-amino-2-hydroxypropyl]-4-[(4-nitrophenyl)methylidene]-5-oxo-4,5-dihydro-1H-imidazol-1-yl}acetic acid",1,0,6B9C,RCSB polymer entity chem_comp_monomers; short-polymer adds entity_poly.rcsb_sample_sequence_length <= 50.
短肽聚合物命中,GNC,N~2~-methyl-L-glutamine,4,4,3UQP / 4DV9 / 4FGX / 6XIF,RCSB polymer entity chem_comp_monomers; short-polymer adds entity_poly.rcsb_sample_sequence_length <= 50.
暂无聚合物命中,GND,2-AMINO-5-GUANIDINO-PENTANOIC ACID,0,0,,RCSB polymer entity chem_comp_monomers; short-polymer adds entity_poly.rcsb_sample_sequence_length <= 50.
仅较长聚合物命中,GPL,LYSINE GUANOSINE-5'-MONOPHOSPHATE,5,0,1CKN / 3J17 / 3J6Q / 4PZ7 / 4PZ8,RCSB polymer entity chem_comp_monomers; short-polymer adds entity_poly.rcsb_sample_sequence_length <= 50.
仅较长聚合物命中,GQI,(2R)-2-azanyl-3-[(E)-(2-oxidanyl-2-oxidanylidene-ethylidene)amino]oxysulfanyl-propanoic acid,2,0,7XQA / 8GRI,RCSB polymer entity chem_comp_monomers; short-polymer adds entity_poly.rcsb_sample_sequence_length <= 50.
暂无聚合物命中,GSC,2-ETHYLTHIO GLYCINE,0,0,,RCSB polymer entity chem_comp_monomers; short-polymer adds entity_poly.rcsb_sample_sequence_length <= 50.
暂无聚合物命中,GSU,O5'-(L-GLUTAMYL-SULFAMOYL)-ADENOSINE,0,0,,RCSB polymer entity chem_comp_monomers; short-polymer adds entity_poly.rcsb_sample_sequence_length <= 50.
暂无聚合物命中,GT9,S-NONYL-CYSTEINE,0,0,,RCSB polymer entity chem_comp_monomers; short-polymer adds entity_poly.rcsb_sample_sequence_length <= 50.
仅较长聚合物命中,GVL,"O-[(R)-{[(3R)-4-AMINO-3-HYDROXY-2,2-DIMETHYL-4-OXOBUTYL]OXY}(HYDROXY)PHOSPHORYL]-L-SERINE",1,0,2UV8,RCSB polymer entity chem_comp_monomers; short-polymer adds entity_poly.rcsb_sample_sequence_length <= 50.
仅较长聚合物命中,GYC,"[(4Z)-2-[(1R)-1-AMINO-2-MERCAPTOETHYL]-4-(4-HYDROXYBENZYLIDENE)-5-OXO-4,5-DIHYDRO-1H-IMIDAZOL-1-YL]ACETIC ACID",28,0,2GX0 / 2IE2 / 2IOV / 2POX / 2Z1O,RCSB polymer entity chem_comp_monomers; short-polymer adds entity_poly.rcsb_sample_sequence_length <= 50.
仅较长聚合物命中,GYS,"[(4Z)-2-(1-AMINO-2-HYDROXYETHYL)-4-(4-HYDROXYBENZYLIDENE)-5-OXO-4,5-DIHYDRO-1H-IMIDAZOL-1-YL]ACETIC ACID",56,0,1EMC / 1EME / 1EML / 1EMM / 1HCJ,RCSB polymer entity chem_comp_monomers; short-polymer adds entity_poly.rcsb_sample_sequence_length <= 50.
短肽聚合物命中,GZJ,(2S)-2-(acetylamino)butanoic acid,1,1,6DN8,RCSB polymer entity chem_comp_monomers; short-polymer adds entity_poly.rcsb_sample_sequence_length <= 50.
短肽聚合物命中,H14,"(2S,3R)-BETA-HYDROXY-PHENYLALANINE",3,3,4G5G / 5JBQ / 6PBS,RCSB polymer entity chem_comp_monomers; short-polymer adds entity_poly.rcsb_sample_sequence_length <= 50.
短肽聚合物命中,H5M,TRANS-3-HYDROXY-5-METHYLPROLINE,1,1,1A7Z,RCSB polymer entity chem_comp_monomers; short-polymer adds entity_poly.rcsb_sample_sequence_length <= 50.
短肽聚合物命中,H7V,3-cyclohexyl-N-methyl-L-alanine,5,5,24HS / 6DR6 / 7JXN / 7JXO / 9EEC,RCSB polymer entity chem_comp_monomers; short-polymer adds entity_poly.rcsb_sample_sequence_length <= 50.
仅较长聚合物命中,HAR,N-OMEGA-HYDROXY-L-ARGININE,4,0,4EUZ / 4EV4 / 6DMH / 8W3U,RCSB polymer entity chem_comp_monomers; short-polymer adds entity_poly.rcsb_sample_sequence_length <= 50.
暂无聚合物命中,HBN,N-(2-NAPHTHYL)HISTIDINAMIDE,0,0,,RCSB polymer entity chem_comp_monomers; short-polymer adds entity_poly.rcsb_sample_sequence_length <= 50.
短肽聚合物命中,HCL,"(2S)-2-azanyl-2-[2-chloranyl-3,5-bis(oxidanyl)phenyl]ethanoic acid",3,3,3RUL / 6M5E,RCSB polymer entity chem_comp_monomers; short-polymer adds entity_poly.rcsb_sample_sequence_length <= 50.
暂无聚合物命中,HCM,(2S)-2-amino-4-(methyldisulfanyl)butanoic acid,0,0,,RCSB polymer entity chem_comp_monomers; short-polymer adds entity_poly.rcsb_sample_sequence_length <= 50.
短肽聚合物命中,HCS,2-AMINO-4-MERCAPTO-BUTYRIC ACID,10,10,2N0I / 4YGW / 5F2Y / 5OTT / 5OTU,RCSB polymer entity chem_comp_monomers; short-polymer adds entity_poly.rcsb_sample_sequence_length <= 50.
短肽聚合物命中,HFA,ALPHA-HYDROXY-BETA-PHENYL-PROPIONIC ACID,3,3,1VQ6 / 1VQN / 1VQP,RCSB polymer entity chem_comp_monomers; short-polymer adds entity_poly.rcsb_sample_sequence_length <= 50.
短肽聚合物命中,HG7,(2S)-2-azanyl-N-[3-(dimethylamino)propyl]-2-(3-hydroxyphenyl)ethanamide,1,1,3RUL,RCSB polymer entity chem_comp_monomers; short-polymer adds entity_poly.rcsb_sample_sequence_length <= 50.
短肽聚合物命中,HGL,"(2S)-2-amino-4-(2-amino-6-oxo-1,6-dihydro-9H-purin-9-yl)butanoic acid",1,1,3C1P,RCSB polymer entity chem_comp_monomers; short-polymer adds entity_poly.rcsb_sample_sequence_length <= 50.
短肽聚合物命中,HGM,(2R)-2-(4-hydroxyphenyl)-2-(methylamino)ethanoic acid,1,1,3RUL,RCSB polymer entity chem_comp_monomers; short-polymer adds entity_poly.rcsb_sample_sequence_length <= 50.
暂无聚合物命中,HGY,(2S)-amino(hydroxy)ethanoic acid,0,0,,RCSB polymer entity chem_comp_monomers; short-polymer adds entity_poly.rcsb_sample_sequence_length <= 50.
暂无聚合物命中,HHI,(2Z)-3-(1H-imidazol-5-yl)-2-iminopropanoic acid,0,0,,RCSB polymer entity chem_comp_monomers; short-polymer adds entity_poly.rcsb_sample_sequence_length <= 50.
短肽聚合物命中,HHK,"(2S)-2,8-DIAMINOOCTANOIC ACID",1,1,1XY8,RCSB polymer entity chem_comp_monomers; short-polymer adds entity_poly.rcsb_sample_sequence_length <= 50.
短肽聚合物命中,HIA,L-HISTIDINE AMIDE,2,2,1URL / 3IUX,RCSB polymer entity chem_comp_monomers; short-polymer adds entity_poly.rcsb_sample_sequence_length <= 50.
短肽聚合物命中,HIC,4-METHYL-HISTIDINE,481,3,6ICT / 6OX1 / 6OX2,RCSB polymer entity chem_comp_monomers; short-polymer adds entity_poly.rcsb_sample_sequence_length <= 50.
仅较长聚合物命中,HIP,ND1-PHOSPHONOHISTIDINE,19,0,1JEM / 1NSP / 1NSQ / 1PFH / 2VME,RCSB polymer entity chem_comp_monomers; short-polymer adds entity_poly.rcsb_sample_sequence_length <= 50.
仅较长聚合物命中,HIQ,"1-[1,2-DIHYDROXY-1-(HYDROXYMETHYL)ETHYL]-L-HISTIDINE",1,0,2IU4,RCSB polymer entity chem_comp_monomers; short-polymer adds entity_poly.rcsb_sample_sequence_length <= 50.
短肽聚合物命中,HIX,"3-(1H-1,2,3-triazol-5-yl)-L-alanine",6,6,2N2V / 2N2W / 2N2X / 5BOQ / 5BPO,RCSB polymer entity chem_comp_monomers; short-polymer adds entity_poly.rcsb_sample_sequence_length <= 50.
暂无聚合物命中,HJH,"(2~{S})-2-azanyl-3-(2-methyl-5-oxidanyl-1,2,3-triazol-4-yl)propanoic acid",0,0,,RCSB polymer entity chem_comp_monomers; short-polymer adds entity_poly.rcsb_sample_sequence_length <= 50.
短肽聚合物命中,HJV,N~2~-methyl-D-glutamine,3,3,6E00 / 6PSL / 8U78,RCSB polymer entity chem_comp_monomers; short-polymer adds entity_poly.rcsb_sample_sequence_length <= 50.
短肽聚合物命中,HJY,4-iodo-N-methyl-D-phenylalanine,1,1,6E00,RCSB polymer entity chem_comp_monomers; short-polymer adds entity_poly.rcsb_sample_sequence_length <= 50.
短肽聚合物命中,HL2,"(2S,3R)-2-amino-3-hydroxy-4-methylpentanoic acid",5,1,3AH8,RCSB polymer entity chem_comp_monomers; short-polymer adds entity_poly.rcsb_sample_sequence_length <= 50.
暂无聚合物命中,HL5,"(2S,4R)-5-hydroxyleucine",0,0,,RCSB polymer entity chem_comp_monomers; short-polymer adds entity_poly.rcsb_sample_sequence_length <= 50.
仅较长聚合物命中,HLU,BETA-HYDROXYLEUCINE,5,0,1ROV / 5MZ2 / 5N9Z / 6FTL / 7YK5,RCSB polymer entity chem_comp_monomers; short-polymer adds entity_poly.rcsb_sample_sequence_length <= 50.
短肽聚合物命中,HLX,5-methyl-L-norleucine,5,5,4JJ7 / 4JJ8 / 4JJE / 8CIZ / 8DNY,RCSB polymer entity chem_comp_monomers; short-polymer adds entity_poly.rcsb_sample_sequence_length <= 50.
短肽聚合物命中,HLY,(3~{R})-5-[[(5~{S})-5-azanyl-6-oxidanyl-6-oxidanylidene-hexyl]amino]-3-methyl-3-oxidanyl-5-oxidanylidene-pentanoic acid,1,1,5OJO,RCSB polymer entity chem_comp_monomers; short-polymer adds entity_poly.rcsb_sample_sequence_length <= 50.
短肽聚合物命中,HM8,"2-[(1S,2R)-1-amino-2-(sulfooxy)propyl]-5-hydroxy-1,3-oxazole-4-carbothioic O-acid",2,2,2YGI / 2YGJ,RCSB polymer entity chem_comp_monomers; short-polymer adds entity_poly.rcsb_sample_sequence_length <= 50.
短肽聚合物命中,HM9,"6-(3-CARBAMIMIDAMIDOPROPYL)-3,5-DIHYDROXYPYRAZINE-2-CARBOTHIOIC S-ACID",1,1,2YGJ,RCSB polymer entity chem_comp_monomers; short-polymer adds entity_poly.rcsb_sample_sequence_length <= 50.
短肽聚合物命中,HMF,2-AMINO-4-PHENYL-BUTYRIC ACID,4,4,4THN / 5GDS / 7PGC / 9DXX,RCSB polymer entity chem_comp_monomers; short-polymer adds entity_poly.rcsb_sample_sequence_length <= 50.
短肽聚合物命中,HMR,BETA-HOMOARGININE,17,17,1ABI / 1NRP / 1NRQ / 3C3G / 3C3H,RCSB polymer entity chem_comp_monomers; short-polymer adds entity_poly.rcsb_sample_sequence_length <= 50.
仅较长聚合物命中,HNC,"S-[(1S,2R)-2-hydroxy-1-(2-oxoethyl)heptyl]-L-cysteine",1,0,3JS1,RCSB polymer entity chem_comp_monomers; short-polymer adds entity_poly.rcsb_sample_sequence_length <= 50.
仅较长聚合物命中,HOO,"(2~{S})-2-azanyl-3-[2,5-bis(oxidanylidene)imidazol-4-yl]propanoic acid",1,0,6GPV,RCSB polymer entity chem_comp_monomers; short-polymer adds entity_poly.rcsb_sample_sequence_length <= 50.
短肽聚合物命中,HOX,4-amino-L-phenylalanine,13,2,3IDN / 4WVU,RCSB polymer entity chem_comp_monomers; short-polymer adds entity_poly.rcsb_sample_sequence_length <= 50.
仅较长聚合物命中,HP9,(2S)-2-azanyl-3-(7-fluoranyl-9-oxidanylidene-xanthen-2-yl)propanoic acid,8,0,7DZE / 7DZF / 7DZG / 7DZH / 7DZI,RCSB polymer entity chem_comp_monomers; short-polymer adds entity_poly.rcsb_sample_sequence_length <= 50.
短肽聚合物命中,HPE,HOMOPHENYLALANINE,9,9,1B1H / 8A19 / 8A1A / 9ECV / 9ED2,RCSB polymer entity chem_comp_monomers; short-polymer adds entity_poly.rcsb_sample_sequence_length <= 50.
暂无聚合物命中,HPQ,HOMOPHENYLALANINYLMETHANE,0,0,,RCSB polymer entity chem_comp_monomers; short-polymer adds entity_poly.rcsb_sample_sequence_length <= 50.
仅较长聚合物命中,HQA,3-(8-hydroxyquinolin-3-yl)-L-alanine,4,0,3FCA / 8W3Y / 8W3Z / 8W40,RCSB polymer entity chem_comp_monomers; short-polymer adds entity_poly.rcsb_sample_sequence_length <= 50.
短肽聚合物命中,HR7,(3S)-3-amino-6-[(diaminomethylidene)amino]hexanoic acid,5,5,2YJ1 / 4A1U / 4BPI / 4BPJ / 4BPK,RCSB polymer entity chem_comp_monomers; short-polymer adds entity_poly.rcsb_sample_sequence_length <= 50.
短肽聚合物命中,HRG,L-HOMOARGININE,19,18,2VDN / 5VBL / 5VLK / 5VLP / 5WXF,RCSB polymer entity chem_comp_monomers; short-polymer adds entity_poly.rcsb_sample_sequence_length <= 50.
暂无聚合物命中,HRP,5-HYDROXY-L-TRYPTOPHAN,0,0,,RCSB polymer entity chem_comp_monomers; short-polymer adds entity_poly.rcsb_sample_sequence_length <= 50.
仅较长聚合物命中,HS8,3-(1-sulfo-1H-imidazol-3-ium-4-yl)-L-alanine,6,0,3ETS / 3ETT / 4Z0Y / 4Z0Z / 4Z10,RCSB polymer entity chem_comp_monomers; short-polymer adds entity_poly.rcsb_sample_sequence_length <= 50.
短肽聚合物命中,HS9,N-ALPHA-METHYL-L-HISTIDINAMIDE,1,1,2WRV,RCSB polymer entity chem_comp_monomers; short-polymer adds entity_poly.rcsb_sample_sequence_length <= 50.
短肽聚合物命中,HSE,L-HOMOSERINE,8,7,1CIR / 1H0G / 1J9N / 1W9U / 1WAW,RCSB polymer entity chem_comp_monomers; short-polymer adds entity_poly.rcsb_sample_sequence_length <= 50.
仅较长聚合物命中,HSK,3-hydroxy-L-histidine,11,0,3WU2 / 5ZZN / 7D1T / 7D1U / 7EDA,RCSB polymer entity chem_comp_monomers; short-polymer adds entity_poly.rcsb_sample_sequence_length <= 50.
短肽聚合物命中,HSL,HOMOSERINE LACTONE,8,8,1IDG / 1IDH / 1KC4 / 1KL8 / 1LXG,RCSB polymer entity chem_comp_monomers; short-polymer adds entity_poly.rcsb_sample_sequence_length <= 50.
暂无聚合物命中,HSO,L-histidinol,0,0,,RCSB polymer entity chem_comp_monomers; short-polymer adds entity_poly.rcsb_sample_sequence_length <= 50.
短肽聚合物命中,HSV,L-histidinal,6,6,3ATW / 3AVZ / 3AW0 / 7ZV5 / 7ZV7,RCSB polymer entity chem_comp_monomers; short-polymer adds entity_poly.rcsb_sample_sequence_length <= 50.
短肽聚合物命中,HT7,(3S)-3-AMINO-4-(1H-INDOL-3-YL)BUTANOIC ACID,8,8,2YJ1 / 4A1U / 4A1W / 4BPK / 6D3O,RCSB polymer entity chem_comp_monomers; short-polymer adds entity_poly.rcsb_sample_sequence_length <= 50.
仅较长聚合物命中,HTI,(4S)-4-{[(2S)-2-AMINO-3-OXOPROPYL]SULFANYL}-L-HOMOSERINE,5,0,1NWH / 1NX6 / 1PU2 / 1Q2X / 2R00,RCSB polymer entity chem_comp_monomers; short-polymer adds entity_poly.rcsb_sample_sequence_length <= 50.
短肽聚合物命中,HTN,(3R)-3-hydroxy-N-methyl-D-asparagine,1,1,2RQO,RCSB polymer entity chem_comp_monomers; short-polymer adds entity_poly.rcsb_sample_sequence_length <= 50.
仅较长聚合物命中,HTR,BETA-HYDROXYTRYPTOPHANE,5,0,1B80 / 1QPA / 1ROV / 6A6Q / 6ISS,RCSB polymer entity chem_comp_monomers; short-polymer adds entity_poly.rcsb_sample_sequence_length <= 50.
短肽聚合物命中,HTY,(betaR)-beta-hydroxy-D-tyrosine,2,2,3RUM / 7LKC,RCSB polymer entity chem_comp_monomers; short-polymer adds entity_poly.rcsb_sample_sequence_length <= 50.
短肽聚合物命中,HVA,3-hydroxy-L-valine,2,2,2RQO / 8AGY,RCSB polymer entity chem_comp_monomers; short-polymer adds entity_poly.rcsb_sample_sequence_length <= 50.
短肽聚合物命中,HY3,3-HYDROXYPROLINE,35,2,2G66 / 9PE1,RCSB polymer entity chem_comp_monomers; short-polymer adds entity_poly.rcsb_sample_sequence_length <= 50.
短肽聚合物命中,HYP,4-HYDROXYPROLINE,446,374,1AG7 / 1AS5 / 1AV3 / 1BDK / 1BKV,RCSB polymer entity chem_comp_monomers; short-polymer adds entity_poly.rcsb_sample_sequence_length <= 50.
短肽聚合物命中,HZP,(4S)-4-hydroxy-L-proline,12,12,2MFM / 2MFO / 3B2C / 3GXE / 5HQI,RCSB polymer entity chem_comp_monomers; short-polymer adds entity_poly.rcsb_sample_sequence_length <= 50.
仅较长聚合物命中,I1C,"{(4Z)-2-[(1R,2R)-1-amino-2-hydroxypropyl]-4-[(4-hydroxy-3-iodophenyl)methylidene]-5-oxo-4,5-dihydro-1H-imidazol-1-yl}acetic acid",1,0,6OGB,RCSB polymer entity chem_comp_monomers; short-polymer adds entity_poly.rcsb_sample_sequence_length <= 50.
仅较长聚合物命中,I2F,"(2~{S},4~{R},5~{E})-5-[(5~{S})-5-azanyl-6-oxidanyl-hexyl]iminohexane-1,2,4-triol",1,0,7QXF,RCSB polymer entity chem_comp_monomers; short-polymer adds entity_poly.rcsb_sample_sequence_length <= 50.
短肽聚合物命中,I2M,3-methyl-L-alloisoleucine,3,1,2RQO,RCSB polymer entity chem_comp_monomers; short-polymer adds entity_poly.rcsb_sample_sequence_length <= 50.
暂无聚合物命中,I3L,allyl-cysteine,0,0,,RCSB polymer entity chem_comp_monomers; short-polymer adds entity_poly.rcsb_sample_sequence_length <= 50.
短肽聚合物命中,I4G,N-(2-methylpropyl)glycine,3,3,2MMJ / 2MN8 / 2MN9,RCSB polymer entity chem_comp_monomers; short-polymer adds entity_poly.rcsb_sample_sequence_length <= 50.
仅较长聚合物命中,I4O,Histidine oxo-vanadium complex,1,0,7QWI,RCSB polymer entity chem_comp_monomers; short-polymer adds entity_poly.rcsb_sample_sequence_length <= 50.
暂无聚合物命中,I58,4R-FLUORO-N6-ETHANIMIDOYL-L-LYSINE,0,0,,RCSB polymer entity chem_comp_monomers; short-polymer adds entity_poly.rcsb_sample_sequence_length <= 50.
仅较长聚合物命中,I7F,O-hydroxy-L-serine,1,0,7QZR,RCSB polymer entity chem_comp_monomers; short-polymer adds entity_poly.rcsb_sample_sequence_length <= 50.
短肽聚合物命中,IAE,(2S)-2-azanyl-4-[4-(trifluoromethyl)phenyl]butanoic acid,2,2,24HT / 8JJS,RCSB polymer entity chem_comp_monomers; short-polymer adds entity_poly.rcsb_sample_sequence_length <= 50.
短肽聚合物命中,IAM,4-[(ISOPROPYLAMINO)METHYL]PHENYLALANINE,6,6,1XXZ / 1XY4 / 1XY5 / 1XY6 / 1XY8,RCSB polymer entity chem_comp_monomers; short-polymer adds entity_poly.rcsb_sample_sequence_length <= 50.
短肽聚合物命中,IAR,(2E)-5-[(diaminomethylidene)amino]-2-iminopentanoic acid,1,1,6CAE,RCSB polymer entity chem_comp_monomers; short-polymer adds entity_poly.rcsb_sample_sequence_length <= 50.
短肽聚合物命中,IAS,BETA-L-ASPARTIC ACID,205,9,1H0I / 1JG3 / 1W9V / 1WB0 / 5GS4,RCSB polymer entity chem_comp_monomers; short-polymer adds entity_poly.rcsb_sample_sequence_length <= 50.
短肽聚合物命中,IB9,Beta-tyrosine,2,2,7QQ3 / 8B7Y,RCSB polymer entity chem_comp_monomers; short-polymer adds entity_poly.rcsb_sample_sequence_length <= 50.
短肽聚合物命中,IC0,Fmoc-(S)-2-(4-pentenyl)-glycine,2,2,6QMQ / 9R4D,RCSB polymer entity chem_comp_monomers; short-polymer adds entity_poly.rcsb_sample_sequence_length <= 50.
暂无聚合物命中,ICY,S-(2-iodobenzyl)-L-cysteine,0,0,,RCSB polymer entity chem_comp_monomers; short-polymer adds entity_poly.rcsb_sample_sequence_length <= 50.
暂无聚合物命中,IEL,N~6~-[(1Z)-ethanimidoyl]-L-lysine,0,0,,RCSB polymer entity chem_comp_monomers; short-polymer adds entity_poly.rcsb_sample_sequence_length <= 50.
短肽聚合物命中,IGL,ALPHA-AMINO-2-INDANACETIC ACID,1,1,1BDK,RCSB polymer entity chem_comp_monomers; short-polymer adds entity_poly.rcsb_sample_sequence_length <= 50.
短肽聚合物命中,II7,cis-3-aminocyclobutane carboxylic acid,1,1,7Z4S,RCSB polymer entity chem_comp_monomers; short-polymer adds entity_poly.rcsb_sample_sequence_length <= 50.
仅较长聚合物命中,IIC,4-IMIDAZOLMETHYLENE-5-IMIDAZOLONE CHROMOPHORE,1,0,1BFP,RCSB polymer entity chem_comp_monomers; short-polymer adds entity_poly.rcsb_sample_sequence_length <= 50.
短肽聚合物命中,IIL,ISO-ISOLEUCINE,21,20,1KMF / 1Q4V / 1RH4 / 1TGG / 5DIR,RCSB polymer entity chem_comp_monomers; short-polymer adds entity_poly.rcsb_sample_sequence_length <= 50.
短肽聚合物命中,ILX,"4,5-DIHYDROXYISOLEUCINE",20,20,1K83 / 2VUM / 3CQZ / 6EXV / 8WAK,RCSB polymer entity chem_comp_monomers; short-polymer adds entity_poly.rcsb_sample_sequence_length <= 50.
短肽聚合物命中,IML,N-METHYL-ISOLEUCINE,32,19,11MG / 11MH / 1CWM / 1G65 / 3HJD,RCSB polymer entity chem_comp_monomers; short-polymer adds entity_poly.rcsb_sample_sequence_length <= 50.
仅较长聚合物命中,IO8,2-[2-(aminomethyl)-4-(1H-indol-3-ylmethyl)-5-oxidanylidene-4H-imidazol-1-yl]ethanoic acid,3,0,7Z7O / 7Z7P / 7Z7Q,RCSB polymer entity chem_comp_monomers; short-polymer adds entity_poly.rcsb_sample_sequence_length <= 50.
暂无聚合物命中,IOR,"N~5~-[(5R)-5-methyl-4-oxo-4,5-dihydro-1H-imidazol-2-yl]-L-ornithine",0,0,,RCSB polymer entity chem_comp_monomers; short-polymer adds entity_poly.rcsb_sample_sequence_length <= 50.
短肽聚合物命中,IOY,P-IODO-D-PHENYLALANINE,1,1,5F1W,RCSB polymer entity chem_comp_monomers; short-polymer adds entity_poly.rcsb_sample_sequence_length <= 50.
短肽聚合物命中,IPG,N-ISOPROPYL GLYCINE,1,1,2SEM,RCSB polymer entity chem_comp_monomers; short-polymer adds entity_poly.rcsb_sample_sequence_length <= 50.
短肽聚合物命中,IYR,3-IODO-TYROSINE,27,8,1CF0 / 1XXZ / 1XY9 / 5EHB / 5EMS,RCSB polymer entity chem_comp_monomers; short-polymer adds entity_poly.rcsb_sample_sequence_length <= 50.
暂无聚合物命中,IYT,"N-ALPHA-ACETYL-3,5-DIIODOTYROSYL-D-THREONINE",0,0,,RCSB polymer entity chem_comp_monomers; short-polymer adds entity_poly.rcsb_sample_sequence_length <= 50.
仅较长聚合物命中,IZO,(2S)-2-AMINOHEX-5-YNOIC ACID,1,0,2XO3,RCSB polymer entity chem_comp_monomers; short-polymer adds entity_poly.rcsb_sample_sequence_length <= 50.
仅较长聚合物命中,J2F,(2~{S})-2-azanyl-3-[4-[(2-nitrophenyl)methoxy]phenyl]propanoic acid,1,0,7YNU,RCSB polymer entity chem_comp_monomers; short-polymer adds entity_poly.rcsb_sample_sequence_length <= 50.
暂无聚合物命中,J3D,N-carboxy-L-cysteine,0,0,,RCSB polymer entity chem_comp_monomers; short-polymer adds entity_poly.rcsb_sample_sequence_length <= 50.
暂无聚合物命中,J7H,(2~{R})-2-azanyl-2-methyl-heptanoic acid,0,0,,RCSB polymer entity chem_comp_monomers; short-polymer adds entity_poly.rcsb_sample_sequence_length <= 50.
仅较长聚合物命中,J8W,(2~{S})-2-azanyl-3-(3-oxidanyl-3-oxidanylidene-propanoyl)oxy-propanoic acid,4,0,6QL9 / 8PRV / 8PRW / 8PS1,RCSB polymer entity chem_comp_monomers; short-polymer adds entity_poly.rcsb_sample_sequence_length <= 50.
短肽聚合物命中,J9A,N-[(2S)-2-amino-2-carboxyethyl]-L-alpha-glutamine,1,1,6M7Y,RCSB polymer entity chem_comp_monomers; short-polymer adds entity_poly.rcsb_sample_sequence_length <= 50.
暂无聚合物命中,J9Y,(2S)-2-amino-5-{[(E)-amino(methylamino)methylidene](hydroxy)azaniumyl}pentanoate,0,0,,RCSB polymer entity chem_comp_monomers; short-polymer adds entity_poly.rcsb_sample_sequence_length <= 50.
仅较长聚合物命中,JBY,"(2S)-2-{(4Z)-2-(aminomethyl)-4-[(4-hydroxyphenyl)methylidene]-5-oxo-4,5-dihydro-1H-imidazol-1-yl}propanoic acid",2,0,6M9X / 7SFA,RCSB polymer entity chem_comp_monomers; short-polymer adds entity_poly.rcsb_sample_sequence_length <= 50.
短肽聚合物命中,JGO,"meso-2,6-diaminopimelic acid NH2",3,3,8PXY / 8PXZ,RCSB polymer entity chem_comp_monomers; short-polymer adds entity_poly.rcsb_sample_sequence_length <= 50.
仅较长聚合物命中,JJJ,S-(pyridin-3-ylcarbonyl)-L-cysteine,2,0,3O93 / 3V8E,RCSB polymer entity chem_comp_monomers; short-polymer adds entity_poly.rcsb_sample_sequence_length <= 50.
仅较长聚合物命中,JJK,S-[(S)-hydroxy(pyridin-3-yl)methyl]-L-cysteine,1,0,3O91,RCSB polymer entity chem_comp_monomers; short-polymer adds entity_poly.rcsb_sample_sequence_length <= 50.
仅较长聚合物命中,JJL,S-[(S)-hydroxy(5-methoxypyridin-3-yl)methyl]-L-cysteine,1,0,3O92,RCSB polymer entity chem_comp_monomers; short-polymer adds entity_poly.rcsb_sample_sequence_length <= 50.
暂无聚合物命中,JKC,(2S)-2-azanyl-5-(phenylmethoxycarbonylamino)pentanoic acid,0,0,,RCSB polymer entity chem_comp_monomers; short-polymer adds entity_poly.rcsb_sample_sequence_length <= 50.
短肽聚合物命中,JKH,4-amino-Proline,1,1,6QXB,RCSB polymer entity chem_comp_monomers; short-polymer adds entity_poly.rcsb_sample_sequence_length <= 50.
仅较长聚合物命中,JLP,(2S)-2-azanyl-6-[E-[5-(hydroxymethyl)-2-methyl-3-oxidanyl-pyridin-4-yl]methylideneamino]hexanoic acid,2,0,5ZWA / 5ZWB,RCSB polymer entity chem_comp_monomers; short-polymer adds entity_poly.rcsb_sample_sequence_length <= 50.
短肽聚合物命中,JMX,(2S)-3-[1-[(4-bromophenyl)methyl]indol-3-yl]-2-(methylamino)propanoic acid,1,1,7ZL3,RCSB polymer entity chem_comp_monomers; short-polymer adds entity_poly.rcsb_sample_sequence_length <= 50.
短肽聚合物命中,JXR,"2,2-bis(4-pentenyl)glycine",1,1,9R4D,RCSB polymer entity chem_comp_monomers; short-polymer adds entity_poly.rcsb_sample_sequence_length <= 50.
短肽聚合物命中,JYC,(S)-2-(7'-octenyl) alanine,1,1,9R4D,RCSB polymer entity chem_comp_monomers; short-polymer adds entity_poly.rcsb_sample_sequence_length <= 50.
仅较长聚合物命中,K1R,(2S)-2-AMINO-4-[({[(2R)-2-AMINO-2-CARBOXYETHYL]THIO}AMINO)SULFINYL]BUTANOIC ACID,1,0,2CI1,RCSB polymer entity chem_comp_monomers; short-polymer adds entity_poly.rcsb_sample_sequence_length <= 50.
仅较长聚合物命中,K5H,"(2~{R})-2-azanyl-3-[3,3,3-tris(fluoranyl)-2,2-bis(oxidanyl)propyl]sulfanyl-propanoic acid",1,0,6RJ7,RCSB polymer entity chem_comp_monomers; short-polymer adds entity_poly.rcsb_sample_sequence_length <= 50.
仅较长聚合物命中,K5L,(2~{R})-2-azanyl-3-(3-oxidanyl-3-oxidanylidene-propanoyl)oxy-propanoic acid,1,0,5MY0,RCSB polymer entity chem_comp_monomers; short-polymer adds entity_poly.rcsb_sample_sequence_length <= 50.
暂无聚合物命中,K7K,2-azanyl-3-[hexyl-[2-(3-oxidanylpyridin-2-yl)pyridin-3-yl]oxy-phosphoryl]oxy-propanal,0,0,,RCSB polymer entity chem_comp_monomers; short-polymer adds entity_poly.rcsb_sample_sequence_length <= 50.
短肽聚合物命中,KBE,beta-lysine,34,34,4V7C / 4V7D / 4V7L / 4V7M / 4V85,RCSB polymer entity chem_comp_monomers; short-polymer adds entity_poly.rcsb_sample_sequence_length <= 50.
暂无聚合物命中,KBS,2-[(4-methoxyphenyl)sulfanyl]-5-[methyl(propan-2-yl)sulfamoyl]benzoic acid,0,0,,RCSB polymer entity chem_comp_monomers; short-polymer adds entity_poly.rcsb_sample_sequence_length <= 50.
暂无聚合物命中,KBV,(3R)-3-amino-4-(4-tert-butylphenyl)butanoic acid,0,0,,RCSB polymer entity chem_comp_monomers; short-polymer adds entity_poly.rcsb_sample_sequence_length <= 50.
短肽聚合物命中,KCJ,"3-(1,3-thiazol-4-yl)-L-alanine",4,4,6TCH / 7ZMW / 9DEK / 9DEM,RCSB polymer entity chem_comp_monomers; short-polymer adds entity_poly.rcsb_sample_sequence_length <= 50.
短肽聚合物命中,KCR,N-6-crotonyl-L-lysine,22,21,2NDG / 4YYD / 4YYH / 4YYK / 4YYN,RCSB polymer entity chem_comp_monomers; short-polymer adds entity_poly.rcsb_sample_sequence_length <= 50.
仅较长聚合物命中,KCX,LYSINE NZ-CARBOXYLIC ACID,829,0,13LD / 1AA1 / 1BWV / 1E4D / 1E8C,RCSB polymer entity chem_comp_monomers; short-polymer adds entity_poly.rcsb_sample_sequence_length <= 50.
短肽聚合物命中,KCY,D-homocysteine,1,1,2N0I,RCSB polymer entity chem_comp_monomers; short-polymer adds entity_poly.rcsb_sample_sequence_length <= 50.
仅较长聚合物命中,KEO,e(R)-beta-lysyl-hydroxylysine,4,0,6ENJ / 6ENU / 8VWQ / 8W2N,RCSB polymer entity chem_comp_monomers; short-polymer adds entity_poly.rcsb_sample_sequence_length <= 50.
仅较长聚合物命中,KFP,"N~6~-[(2-amino-4-oxo-3,4-dihydropteridin-6-yl)methyl]-D-lysine",3,0,4IIQ / 4L8S / 4L9L,RCSB polymer entity chem_comp_monomers; short-polymer adds entity_poly.rcsb_sample_sequence_length <= 50.
仅较长聚合物命中,KGC,N~6~-[(2R)-2-CARBOXY-5-OXOTETRAHYDROFURAN-2-YL]-L-LYSINE,3,0,2OJP / 2PUR / 3DEN,RCSB polymer entity chem_comp_monomers; short-polymer adds entity_poly.rcsb_sample_sequence_length <= 50.
短肽聚合物命中,KHB,N~6~-[(3S)-3-hydroxybutanoyl]-L-lysine,3,3,5Z93 / 5Z94 / 5ZGC,RCSB polymer entity chem_comp_monomers; short-polymer adds entity_poly.rcsb_sample_sequence_length <= 50.
短肽聚合物命中,KJW,(d)3-hydroxy-Leucine,2,2,6RUJ / 8W6Z,RCSB polymer entity chem_comp_monomers; short-polymer adds entity_poly.rcsb_sample_sequence_length <= 50.
仅较长聚合物命中,KKD,N-acetyl-L-aspartic acid,2,0,6NAS / 6NBE,RCSB polymer entity chem_comp_monomers; short-polymer adds entity_poly.rcsb_sample_sequence_length <= 50.
暂无聚合物命中,KLF,"(2~{S},4~{R})-4-oxidanylpyrrolidine-2-carboxamide",0,0,,RCSB polymer entity chem_comp_monomers; short-polymer adds entity_poly.rcsb_sample_sequence_length <= 50.
暂无聚合物命中,KNB,3-(methylsulfonyl)-L-alanine,0,0,,RCSB polymer entity chem_comp_monomers; short-polymer adds entity_poly.rcsb_sample_sequence_length <= 50.
仅较长聚合物命中,KOR,L-HOMOCYSTEINE-S-N-S-L-CYSTEINE,1,0,2CI1,RCSB polymer entity chem_comp_monomers; short-polymer adds entity_poly.rcsb_sample_sequence_length <= 50.
仅较长聚合物命中,KPF,N-(1-carboxy-2-fluoro-ethenyl) lysine,1,0,5A8G,RCSB polymer entity chem_comp_monomers; short-polymer adds entity_poly.rcsb_sample_sequence_length <= 50.
短肽聚合物命中,KPI,(2S)-2-amino-6-[(1-hydroxy-1-oxo-propan-2-ylidene)amino]hexanoic acid,92,1,2L7U,RCSB polymer entity chem_comp_monomers; short-polymer adds entity_poly.rcsb_sample_sequence_length <= 50.
仅较长聚合物命中,KPY,(2R)-2-AZANYL-3-[2-[(E)-(1-OXIDANYL-1-OXIDANYLIDENE-PROPAN-2-YLIDENE)AMINO]ETHYLSULFANYL]PROPANOIC ACID,1,0,4AMA,RCSB polymer entity chem_comp_monomers; short-polymer adds entity_poly.rcsb_sample_sequence_length <= 50.
仅较长聚合物命中,KR3,N~6~-(ethoxycarbonyl)-L-lysine,1,0,7TYA,RCSB polymer entity chem_comp_monomers; short-polymer adds entity_poly.rcsb_sample_sequence_length <= 50.
暂无聚合物命中,KSB,lambda-[Ru(tap2-dppz-CN)]2+,0,0,,RCSB polymer entity chem_comp_monomers; short-polymer adds entity_poly.rcsb_sample_sequence_length <= 50.
仅较长聚合物命中,KST,N~6~-(5-CARBOXY-3-THIENYL)-L-LYSINE,5,0,2Q7W / 2QA3 / 2QB2 / 2QB3 / 2QBT,RCSB polymer entity chem_comp_monomers; short-polymer adds entity_poly.rcsb_sample_sequence_length <= 50.
短肽聚合物命中,KW4,5-methyl-D-norleucine,1,1,9DXX,RCSB polymer entity chem_comp_monomers; short-polymer adds entity_poly.rcsb_sample_sequence_length <= 50.
仅较长聚合物命中,KWS,"{2-[(1R,2R)-1-amino-2-hydroxypropyl]-4-methylidene-5-oxo-4,5-dihydro-1H-imidazol-1-yl}acetic acid",2,0,3UNV / 4JFG,RCSB polymer entity chem_comp_monomers; short-polymer adds entity_poly.rcsb_sample_sequence_length <= 50.
仅较长聚合物命中,KXV,"{(4Z)-2-[(1R)-1-amino-2-sulfanylethyl]-4-[(4-hydroxy-3-methoxyphenyl)methylidene]-5-oxo-4,5-dihydro-1H-imidazol-1-yl}ac etic acid",1,0,6NQS,RCSB polymer entity chem_comp_monomers; short-polymer adds entity_poly.rcsb_sample_sequence_length <= 50.
仅较长聚合物命中,KY4,"{(4Z)-2-[(1R)-1-amino-2-sulfanylethyl]-4-[(2,3-difluoro-4-hydroxyphenyl)methylidene]-5-oxo-4,5-dihydro-1H-imidazol-1-yl}acetic acid",1,0,6NQP,RCSB polymer entity chem_comp_monomers; short-polymer adds entity_poly.rcsb_sample_sequence_length <= 50.
仅较长聚合物命中,KY7,"{(4Z)-2-[(1S)-1-amino-2-sulfanylethyl]-4-[(4-hydroxy-3-nitrophenyl)methylidene]-5-oxo-4,5-dihydro-1H-imidazol-1-yl}acetic acid",1,0,6NQR,RCSB polymer entity chem_comp_monomers; short-polymer adds entity_poly.rcsb_sample_sequence_length <= 50.
短肽聚合物命中,KYN,(2S)-2-amino-4-(2-aminophenyl)-4-oxobutanoic acid,8,4,1T5M / 1T5N / 1XT7 / 6BXP,RCSB polymer entity chem_comp_monomers; short-polymer adds entity_poly.rcsb_sample_sequence_length <= 50.
仅较长聚合物命中,KYQ,(E)-N~6~-(1-carboxy-2-hydroxyethylidene)-L-lysine,2,0,3C0J / 7C0D,RCSB polymer entity chem_comp_monomers; short-polymer adds entity_poly.rcsb_sample_sequence_length <= 50.
仅较长聚合物命中,KZ1,"{(4Z)-2-[(1R)-1-amino-2-sulfanylethyl]-5-oxo-4-[(2,3,5-trifluoro-4-hydroxyphenyl)methylidene]-4,5-dihydro-1H-imidazol-1-yl}acetic acid",1,0,6NQQ,RCSB polymer entity chem_comp_monomers; short-polymer adds entity_poly.rcsb_sample_sequence_length <= 50.
仅较长聚合物命中,KZ4,"{(4Z)-2-[(1R)-1-amino-2-sulfanylethyl]-4-[(3-bromo-4-hydroxyphenyl)methylidene]-5-oxo-4,5-dihydro-1H-imidazol-1-yl}acetic acid",1,0,6NQN,RCSB polymer entity chem_comp_monomers; short-polymer adds entity_poly.rcsb_sample_sequence_length <= 50.
仅较长聚合物命中,KZ7,"{(4Z)-2-[(1R)-1-amino-2-sulfanylethyl]-4-[(3-chloro-4-hydroxyphenyl)methylidene]-5-oxo-4,5-dihydro-1H-imidazol-1-yl}acetic acid",1,0,6NQL,RCSB polymer entity chem_comp_monomers; short-polymer adds entity_poly.rcsb_sample_sequence_length <= 50.
仅较长聚合物命中,KZG,"{(4Z)-2-[(1R)-1-amino-2-sulfanylethyl]-4-[(4-hydroxy-3-iodophenyl)methylidene]-5-oxo-4,5-dihydro-1H-imidazol-1-yl}aceti c acid",1,0,6NQO,RCSB polymer entity chem_comp_monomers; short-polymer adds entity_poly.rcsb_sample_sequence_length <= 50.
仅较长聚合物命中,KZV,"{(4Z)-2-[(1R)-1-amino-2-sulfanylethyl]-4-[(3-fluoro-4-hydroxyphenyl)methylidene]-5-oxo-4,5-dihydro-1H-imidazol-1-yl}ace tic acid",1,0,6NQK,RCSB polymer entity chem_comp_monomers; short-polymer adds entity_poly.rcsb_sample_sequence_length <= 50.
仅较长聚合物命中,KZY,"{(4Z)-2-[(1R)-1-amino-2-sulfanylethyl]-4-[(4-hydroxy-3-methylphenyl)methylidene]-5-oxo-4,5-dihydro-1H-imidazol-1-yl}acetic acid",1,0,6NQV,RCSB polymer entity chem_comp_monomers; short-polymer adds entity_poly.rcsb_sample_sequence_length <= 50.
暂无聚合物命中,L2A,"(2S,5S,8S,11S,15E,20S)-20-amino-2-(carboxymethyl)-11,20-dimethyl-5,8-bis(2-methylpropyl)-3,6,9,21-tetraoxo-1,4,7,10-tetraazacyclohenicos-15-ene-11-carboxylic acid",0,0,,RCSB polymer entity chem_comp_monomers; short-polymer adds entity_poly.rcsb_sample_sequence_length <= 50.
短肽聚合物命中,L3O,"(2S,3S)-3-amino-2-hydroxy-5-methylhexanoic acid",1,1,2WHB,RCSB polymer entity chem_comp_monomers; short-polymer adds entity_poly.rcsb_sample_sequence_length <= 50.
短肽聚合物命中,L4R,Fmoc-(R)-2-(7-octenyl)alanine,1,1,6QMS,RCSB polymer entity chem_comp_monomers; short-polymer adds entity_poly.rcsb_sample_sequence_length <= 50.
仅较长聚合物命中,L5P,"(2S)-2-azanyl-6-[[(3R,4R)-3,4-bis(oxidanyl)-2-oxidanylidene-5-phosphonooxy-pentyl]amino]hexanoic acid",3,0,4WXY / 4WXZ / 4WY0,RCSB polymer entity chem_comp_monomers; short-polymer adds entity_poly.rcsb_sample_sequence_length <= 50.
仅较长聚合物命中,LA2,"N~6~-[(6R)-6,8-disulfanyloctanoyl]-L-lysine",7,0,3A8I / 3A8J / 3A8K / 3AB9 / 3CRK,RCSB polymer entity chem_comp_monomers; short-polymer adds entity_poly.rcsb_sample_sequence_length <= 50.
短肽聚合物命中,LAL,"N,N-DIMETHYL-L-ALANINE",6,1,1R1G,RCSB polymer entity chem_comp_monomers; short-polymer adds entity_poly.rcsb_sample_sequence_length <= 50.
短肽聚合物命中,LAY,N-acetyl-L-leucine,2,2,5AFG / 5NFU,RCSB polymer entity chem_comp_monomers; short-polymer adds entity_poly.rcsb_sample_sequence_length <= 50.
仅较长聚合物命中,LBY,N~6~-(tert-butoxycarbonyl)-L-lysine,3,0,8QBQ / 8QBZ / 8QC9,RCSB polymer entity chem_comp_monomers; short-polymer adds entity_poly.rcsb_sample_sequence_length <= 50.
短肽聚合物命中,LBZ,(2~{S})-2-azanyl-6-benzamido-hexanoic acid,7,7,6LS6 / 6LSB / 6LSD / 7F3S / 7F4A,RCSB polymer entity chem_comp_monomers; short-polymer adds entity_poly.rcsb_sample_sequence_length <= 50.
仅较长聚合物命中,LCK,(Z)-N~6~-(2-carboxy-1-methylethylidene)-L-lysine,1,0,3C8W,RCSB polymer entity chem_comp_monomers; short-polymer adds entity_poly.rcsb_sample_sequence_length <= 50.
短肽聚合物命中,LDH,N~6~-ETHYL-L-LYSINE,3,1,4I51,RCSB polymer entity chem_comp_monomers; short-polymer adds entity_poly.rcsb_sample_sequence_length <= 50.
短肽聚合物命中,LE1,3-sulfanyl-L-valine,16,16,3H5F / 3M17 / 3M1B / 3PBJ / 5OJT,RCSB polymer entity chem_comp_monomers; short-polymer adds entity_poly.rcsb_sample_sequence_length <= 50.
仅较长聚合物命中,LED,(4R)-5-OXO-L-LEUCINE,2,0,2IUW / 4QKD,RCSB polymer entity chem_comp_monomers; short-polymer adds entity_poly.rcsb_sample_sequence_length <= 50.
仅较长聚合物命中,LEF,(4S)-5-FLUORO-L-LEUCINE,2,0,1OGW / 8VRG,RCSB polymer entity chem_comp_monomers; short-polymer adds entity_poly.rcsb_sample_sequence_length <= 50.
暂无聚合物命中,LEH,N-[12-(1H-imidazol-1-yl)dodecanoyl]-L-leucine,0,0,,RCSB polymer entity chem_comp_monomers; short-polymer adds entity_poly.rcsb_sample_sequence_length <= 50.
短肽聚合物命中,LEI,3-sulfanyl-D-valine,1,1,3H5G,RCSB polymer entity chem_comp_monomers; short-polymer adds entity_poly.rcsb_sample_sequence_length <= 50.
仅较长聚合物命中,LET,(Z)-N^6-{3-CARBOXY-1-[(4-CARBOXY-2-OXOBUTOXY)METHYL]PROPYLIDENE}-L-LYSINE,1,0,2C15,RCSB polymer entity chem_comp_monomers; short-polymer adds entity_poly.rcsb_sample_sequence_length <= 50.
仅较长聚合物命中,LGY,(E)-N~6~-(4-oxobutylidene)-L-lysine,1,0,3NX8,RCSB polymer entity chem_comp_monomers; short-polymer adds entity_poly.rcsb_sample_sequence_length <= 50.
短肽聚合物命中,LHC,(2S)-2-amino-4-(4-amino-2-oxopyrimidin-1(2H)-yl)butanoic acid,1,1,3C1P,RCSB polymer entity chem_comp_monomers; short-polymer adds entity_poly.rcsb_sample_sequence_length <= 50.
仅较长聚合物命中,LKE,2-[(4~{Z})-2-(aminomethyl)-4-[(4-azidophenyl)methylidene]-5-oxidanylidene-imidazol-1-yl]ethanoic acid,1,0,6SM0,RCSB polymer entity chem_comp_monomers; short-polymer adds entity_poly.rcsb_sample_sequence_length <= 50.
仅较长聚合物命中,LLO,"N~6~-[(1S)-3-hydroxy-1,3-dimethylbutyl]-L-lysine",1,0,3NXF,RCSB polymer entity chem_comp_monomers; short-polymer adds entity_poly.rcsb_sample_sequence_length <= 50.
仅较长聚合物命中,LLP,(2S)-2-amino-6-[[3-hydroxy-2-methyl-5-(phosphonooxymethyl)pyridin-4-yl]methylideneamino]hexanoic acid,781,0,10LI / 10NM / 10YN / 10ZB / 13LD,RCSB polymer entity chem_comp_monomers; short-polymer adds entity_poly.rcsb_sample_sequence_length <= 50.
仅较长聚合物命中,LLY,NZ-(DICARBOXYMETHYL)LYSINE,1,0,1UCW,RCSB polymer entity chem_comp_monomers; short-polymer adds entity_poly.rcsb_sample_sequence_length <= 50.
暂无聚合物命中,LLZ,N~6~-[(1S)-3-(6-methoxynaphthalen-2-yl)-1-methyl-3-oxopropyl]-L-lysine,0,0,,RCSB polymer entity chem_comp_monomers; short-polymer adds entity_poly.rcsb_sample_sequence_length <= 50.
短肽聚合物命中,LME,"(2S,3R)-2-azanyl-3-methyl-pentanedioic acid",3,3,1T5M / 1T5N / 1XT7,RCSB polymer entity chem_comp_monomers; short-polymer adds entity_poly.rcsb_sample_sequence_length <= 50.
暂无聚合物命中,LMF,NZ(N-METHYL THIOFORMAMIDE) LYSINE,0,0,,RCSB polymer entity chem_comp_monomers; short-polymer adds entity_poly.rcsb_sample_sequence_length <= 50.
短肽聚合物命中,LMQ,(3S)-3-methyl-L-glutamine,1,1,2RQO,RCSB polymer entity chem_comp_monomers; short-polymer adds entity_poly.rcsb_sample_sequence_length <= 50.
暂无聚合物命中,LNE,N-ethyl-L-leucinamide,0,0,,RCSB polymer entity chem_comp_monomers; short-polymer adds entity_poly.rcsb_sample_sequence_length <= 50.
暂无聚合物命中,LNM,N-methyl-L-leucinamide,0,0,,RCSB polymer entity chem_comp_monomers; short-polymer adds entity_poly.rcsb_sample_sequence_length <= 50.
仅较长聚合物命中,LOH,"3,4-dihydroxylysine",3,0,5OYA / 6FTL,RCSB polymer entity chem_comp_monomers; short-polymer adds entity_poly.rcsb_sample_sequence_length <= 50.
短肽聚合物命中,LOU,"3-[(3aR,4S,7S,7aS)-2-(carboxymethyl)-1,3-dioxooctahydro-4H-4,7-epoxyisoindol-4-yl]-L-alanine",1,1,6PIT,RCSB polymer entity chem_comp_monomers; short-polymer adds entity_poly.rcsb_sample_sequence_length <= 50.
仅较长聚合物命中,LP6,6-piperidin-1-yl-L-norleucine,1,0,2W7Z,RCSB polymer entity chem_comp_monomers; short-polymer adds entity_poly.rcsb_sample_sequence_length <= 50.
短肽聚合物命中,LPD,L-PROLINAMIDE,14,14,2H9E / 5II0 / 6I2G / 6R4W / 6R4X,RCSB polymer entity chem_comp_monomers; short-polymer adds entity_poly.rcsb_sample_sequence_length <= 50.
暂无聚合物命中,LPG,(2S)-2-aminobut-3-ynoic acid,0,0,,RCSB polymer entity chem_comp_monomers; short-polymer adds entity_poly.rcsb_sample_sequence_length <= 50.
短肽聚合物命中,LPH,L-Propargylglycine,4,4,4WJ5 / 4WVS / 6CNU / 9WZY,RCSB polymer entity chem_comp_monomers; short-polymer adds entity_poly.rcsb_sample_sequence_length <= 50.
短肽聚合物命中,LPL,LEU-HYDROXYETHYLENE-LEU,1,1,1SMR,RCSB polymer entity chem_comp_monomers; short-polymer adds entity_poly.rcsb_sample_sequence_length <= 50.
暂无聚合物命中,LPS,O-{HYDROXY[((2R)-2-HYDROXY-3-{[(1S)-1-HYDROXYPENTADECYL]OXY}PROPYL)OXY]PHOSPHORYL}-L-SERINE,0,0,,RCSB polymer entity chem_comp_monomers; short-polymer adds entity_poly.rcsb_sample_sequence_length <= 50.
仅较长聚合物命中,LRK,"(2S)-2-azanyl-6-[[(2R,4R)-1,4-bis(oxidanyl)-3-oxidanylidene-5-phosphonooxy-pentan-2-yl]amino]hexanoic acid",1,0,4WXZ,RCSB polymer entity chem_comp_monomers; short-polymer adds entity_poly.rcsb_sample_sequence_length <= 50.
仅较长聚合物命中,LSO,(Z)-N~6~-(3-CARBOXY-1-{[(4-CARBOXY-2-OXOBUTYL)SULFONYL]METHYL}PROPYLIDENE)-L-LYSINE,1,0,2C18,RCSB polymer entity chem_comp_monomers; short-polymer adds entity_poly.rcsb_sample_sequence_length <= 50.
暂无聚合物命中,LT0,D-tryptophyl-L-serine,0,0,,RCSB polymer entity chem_comp_monomers; short-polymer adds entity_poly.rcsb_sample_sequence_length <= 50.
短肽聚合物命中,LTA,"4,8-DIAMINO-3-HYDROXY-OCTANOIC ACID ETHYL ESTER",1,1,1APT,RCSB polymer entity chem_comp_monomers; short-polymer adds entity_poly.rcsb_sample_sequence_length <= 50.
短肽聚合物命中,LTU,2-Amino-3-hydroxy-3-[1-[2-(oxiran-2-yl)propan-2-yl]indol-3-yl]propanoic acid,2,2,8AD9 / 9P4H,RCSB polymer entity chem_comp_monomers; short-polymer adds entity_poly.rcsb_sample_sequence_length <= 50.
短肽聚合物命中,LV8,(2~{S})-3-acetamido-2-azanyl-propanoic acid,2,2,6RJP / 8PAY,RCSB polymer entity chem_comp_monomers; short-polymer adds entity_poly.rcsb_sample_sequence_length <= 50.
暂无聚合物命中,LVG,L-VINYLGLYCINE,0,0,,RCSB polymer entity chem_comp_monomers; short-polymer adds entity_poly.rcsb_sample_sequence_length <= 50.
仅较长聚合物命中,LVN,(3S)-4-oxo-L-valine,1,0,3KT7,RCSB polymer entity chem_comp_monomers; short-polymer adds entity_poly.rcsb_sample_sequence_length <= 50.
短肽聚合物命中,LWI,2-(aminomethyl)-L-phenylalanine,1,1,6XCI,RCSB polymer entity chem_comp_monomers; short-polymer adds entity_poly.rcsb_sample_sequence_length <= 50.
仅较长聚合物命中,LYF,"(2E,4S)-2-{[(5S)-5-amino-5-carboxypentyl]imino}-4-hydroxyheptanedioic acid",1,0,4EOU,RCSB polymer entity chem_comp_monomers; short-polymer adds entity_poly.rcsb_sample_sequence_length <= 50.
短肽聚合物命中,LYH,"3,4 ENE-LYSINE",1,1,4GK7,RCSB polymer entity chem_comp_monomers; short-polymer adds entity_poly.rcsb_sample_sequence_length <= 50.
短肽聚合物命中,LYN,"2,6-DIAMINO-HEXANOIC ACID AMIDE",5,5,1GEA / 5AB0 / 8DI2 / 9L5Z,RCSB polymer entity chem_comp_monomers; short-polymer adds entity_poly.rcsb_sample_sequence_length <= 50.
短肽聚合物命中,LYO,4-HYDROXY-LYSINE,13,2,4FZC / 4FZG,RCSB polymer entity chem_comp_monomers; short-polymer adds entity_poly.rcsb_sample_sequence_length <= 50.
仅较长聚合物命中,LYR,"N~6~-[(2Z,4E,6E,8E)-3,7-DIMETHYL-9-(2,6,6-TRIMETHYLCYCLOHEX-1-EN-1-YL)NONA-2,4,6,8-TETRAENYL]LYSINE",48,0,4XTL / 4XTN / 4XTO / 4XXJ / 5AZD,RCSB polymer entity chem_comp_monomers; short-polymer adds entity_poly.rcsb_sample_sequence_length <= 50.
暂无聚合物命中,LYU,N~6~-(4-methylpentyl)-L-lysine,0,0,,RCSB polymer entity chem_comp_monomers; short-polymer adds entity_poly.rcsb_sample_sequence_length <= 50.
短肽聚合物命中,LYV,O-phosphono-L-seryl-N-[(3S)-3-amino-3-carboxypropyl]glycinamide,1,1,4NGH,RCSB polymer entity chem_comp_monomers; short-polymer adds entity_poly.rcsb_sample_sequence_length <= 50.
短肽聚合物命中,LYX,N''-(2-COENZYME A)-PROPANOYL-LYSINE,3,1,1M1D,RCSB polymer entity chem_comp_monomers; short-polymer adds entity_poly.rcsb_sample_sequence_length <= 50.
短肽聚合物命中,LYZ,5-HYDROXYLYSINE,40,3,7F7G / 7F7I / 9U7H,RCSB polymer entity chem_comp_monomers; short-polymer adds entity_poly.rcsb_sample_sequence_length <= 50.
仅较长聚合物命中,M0H,S-(HYDROXYMETHYL)-L-CYSTEINE,5,0,2PFG / 6AUJ / 6BZF,RCSB polymer entity chem_comp_monomers; short-polymer adds entity_poly.rcsb_sample_sequence_length <= 50.
短肽聚合物命中,M2L,(2R)-2-amino-3-(2-dimethylaminoethylsulfanyl)propanoic acid,8,2,7UBU / 9MVY,RCSB polymer entity chem_comp_monomers; short-polymer adds entity_poly.rcsb_sample_sequence_length <= 50.
短肽聚合物命中,M2S,3-{[(R)-methylsulfinyl]methyl}-L-valine,1,1,2RQO,RCSB polymer entity chem_comp_monomers; short-polymer adds entity_poly.rcsb_sample_sequence_length <= 50.
暂无聚合物命中,M30,N-cyclohexylglycine,0,0,,RCSB polymer entity chem_comp_monomers; short-polymer adds entity_poly.rcsb_sample_sequence_length <= 50.
短肽聚合物命中,M3L,N-TRIMETHYLLYSINE,365,215,1KNE / 1PDQ / 1PFB / 2B2T / 2B2U,RCSB polymer entity chem_comp_monomers; short-polymer adds entity_poly.rcsb_sample_sequence_length <= 50.
仅较长聚合物命中,M3V,"{(4Z)-2-[(1R,2R)-1-amino-2-hydroxypropyl]-4-[(4-cyanophenyl)methylidene]-5-oxo-4,5-dihydro-1H-imidazol-1-yl}acetic acid",1,0,6OA8,RCSB polymer entity chem_comp_monomers; short-polymer adds entity_poly.rcsb_sample_sequence_length <= 50.
暂无聚合物命中,M64,(2S)-2-amino-4-[(2S)-2-methylpiperidin-1-yl]-4-oxobutanoic acid,0,0,,RCSB polymer entity chem_comp_monomers; short-polymer adds entity_poly.rcsb_sample_sequence_length <= 50.
暂无聚合物命中,M6J,(2S)-2-amino-4-oxo-4-[(2R)-2-phenylpyrrolidin-1-yl]butanoic acid,0,0,,RCSB polymer entity chem_comp_monomers; short-polymer adds entity_poly.rcsb_sample_sequence_length <= 50.
短肽聚合物命中,M70,(2S)-2-azanyl-3-(1-carbamimidoylpiperidin-4-yl)propanoic acid,1,1,9VWT,RCSB polymer entity chem_comp_monomers; short-polymer adds entity_poly.rcsb_sample_sequence_length <= 50.
短肽聚合物命中,MAA,N-methyl-L-alanine,64,63,1A7Z / 1CWI / 1D5X / 1PYW / 24HT,RCSB polymer entity chem_comp_monomers; short-polymer adds entity_poly.rcsb_sample_sequence_length <= 50.
仅较长聚合物命中,MBQ,2-HYDROXY-5-({1-[(4-METHYLPHENOXY)METHYL]-3-OXOPROP-1-ENYL}AMINO)-L-TYROSINE,1,0,1SIH,RCSB polymer entity chem_comp_monomers; short-polymer adds entity_poly.rcsb_sample_sequence_length <= 50.
暂无聚合物命中,MCG,(S)-(ALPHA)-METHYL-4-CARBOXYPHENYLGLYCINE,0,0,,RCSB polymer entity chem_comp_monomers; short-polymer adds entity_poly.rcsb_sample_sequence_length <= 50.
仅较长聚合物命中,MCS,MALONYL CYSTEINE,5,0,2JFK / 3T5Y / 7CB3 / 7D41 / 9CTI,RCSB polymer entity chem_comp_monomers; short-polymer adds entity_poly.rcsb_sample_sequence_length <= 50.
暂无聚合物命中,MD0,5-amino-D-isoleucine,0,0,,RCSB polymer entity chem_comp_monomers; short-polymer adds entity_poly.rcsb_sample_sequence_length <= 50.
暂无聚合物命中,MD3,N-(carboxycarbonyl)-S-(naphthalen-2-ylmethyl)-L-cysteine,0,0,,RCSB polymer entity chem_comp_monomers; short-polymer adds entity_poly.rcsb_sample_sequence_length <= 50.
暂无聚合物命中,MD5,N-(carboxycarbonyl)-S-(3-nitrobenzyl)-L-cysteine,0,0,,RCSB polymer entity chem_comp_monomers; short-polymer adds entity_poly.rcsb_sample_sequence_length <= 50.
暂无聚合物命中,MD6,N-[(3-hydroxypyridin-2-yl)carbonyl]glycine,0,0,,RCSB polymer entity chem_comp_monomers; short-polymer adds entity_poly.rcsb_sample_sequence_length <= 50.
短肽聚合物命中,MDF,"META, META'-DI-HYDROXY-PHENYLALANINE",1,1,3RUM,RCSB polymer entity chem_comp_monomers; short-polymer adds entity_poly.rcsb_sample_sequence_length <= 50.
短肽聚合物命中,MDH,N-METHYLDEHYDROBUTYRINE,7,7,1AY3 / 1EVC / 1EVD / 2BCD / 3E7A,RCSB polymer entity chem_comp_monomers; short-polymer adds entity_poly.rcsb_sample_sequence_length <= 50.
仅较长聚合物命中,MDO,"{2-[(1S)-1-aminoethyl]-4-methylidene-5-oxo-4,5-dihydro-1H-imidazol-1-yl}acetic acid",43,0,1B8F / 1EB4 / 1GKJ / 1W27 / 1YJF,RCSB polymer entity chem_comp_monomers; short-polymer adds entity_poly.rcsb_sample_sequence_length <= 50.
仅较长聚合物命中,ME0,hydroxy-L-methionine,3,0,3NBB / 3NBJ / 5G3L,RCSB polymer entity chem_comp_monomers; short-polymer adds entity_poly.rcsb_sample_sequence_length <= 50.
短肽聚合物命中,MEA,N-METHYLPHENYLALANINE,76,70,10TL / 10TM / 1H0I / 1W9V / 1WB0,RCSB polymer entity chem_comp_monomers; short-polymer adds entity_poly.rcsb_sample_sequence_length <= 50.
短肽聚合物命中,MED,D-METHIONINE,35,22,1ZUE / 2Q33 / 3TJW / 3TRV / 3TRY,RCSB polymer entity chem_comp_monomers; short-polymer adds entity_poly.rcsb_sample_sequence_length <= 50.
暂无聚合物命中,MEG,"(2S,3S)-2-azanyl-3-methyl-pentanedioic acid",0,0,,RCSB polymer entity chem_comp_monomers; short-polymer adds entity_poly.rcsb_sample_sequence_length <= 50.
短肽聚合物命中,MEN,N-METHYL ASPARAGINE,121,5,1D8T / 2C77 / 3U2Q / 3U6B / 3U6K,RCSB polymer entity chem_comp_monomers; short-polymer adds entity_poly.rcsb_sample_sequence_length <= 50.
仅较长聚合物命中,MEQ,N5-METHYLGLUTAMINE,211,0,11BQ / 11DG / 11EL / 28UH / 28UI,RCSB polymer entity chem_comp_monomers; short-polymer adds entity_poly.rcsb_sample_sequence_length <= 50.
暂无聚合物命中,MEU,O-METHYL-GLYCINE,0,0,,RCSB polymer entity chem_comp_monomers; short-polymer adds entity_poly.rcsb_sample_sequence_length <= 50.
暂无聚合物命中,MF3,2-AMINO-4-TRIFLUOROMETHYLSULFANYL-BUTYRIC ACID,0,0,,RCSB polymer entity chem_comp_monomers; short-polymer adds entity_poly.rcsb_sample_sequence_length <= 50.
仅较长聚合物命中,MFC,"5-[1-(3-FLUORO-4-HYDROXY-PHENYL)-METH-(Z)-YLIDENE]-3,5-DIHYDRO-IMIDAZOL-4-ONE",2,0,1RRX / 6OG8,RCSB polymer entity chem_comp_monomers; short-polymer adds entity_poly.rcsb_sample_sequence_length <= 50.
短肽聚合物命中,MFH,[(2~{S})-2-azanyl-3-(4-hydroxyphenyl)propyl]carbamic acid,2,2,6XZK / 6XZV,RCSB polymer entity chem_comp_monomers; short-polymer adds entity_poly.rcsb_sample_sequence_length <= 50.
仅较长聚合物命中,MFV,"{(4Z)-2-[(1R,2R)-1-amino-2-hydroxypropyl]-4-[(4-hydroxy-3-methylphenyl)methylidene]-5-oxo-4,5-dihydro-1H-imidazol-1-yl}acetic acid",1,0,6OFM,RCSB polymer entity chem_comp_monomers; short-polymer adds entity_poly.rcsb_sample_sequence_length <= 50.
短肽聚合物命中,MGG,2-(2-CARBOXY-ACETYLAMINO)-5-GUANIDINO-PENTANOIC ACID,1,1,1CVQ,RCSB polymer entity chem_comp_monomers; short-polymer adds entity_poly.rcsb_sample_sequence_length <= 50.
仅较长聚合物命中,MGN,2-METHYL-GLUTAMINE,32,0,1HBM / 1HBN / 1HBO / 1HBU / 1MRO,RCSB polymer entity chem_comp_monomers; short-polymer adds entity_poly.rcsb_sample_sequence_length <= 50.
短肽聚合物命中,MH6,3-hydroxy-2-iminopropanoic acid,20,20,1D8T / 1E9W / 1OLN / 2C77 / 2JQ7,RCSB polymer entity chem_comp_monomers; short-polymer adds entity_poly.rcsb_sample_sequence_length <= 50.
短肽聚合物命中,MH8,(2S)-2-amino-2-methylhept-6-enoic acid,6,6,5AGW / 5AGX / 5DXG / 6QMQ / 6QMS,RCSB polymer entity chem_comp_monomers; short-polymer adds entity_poly.rcsb_sample_sequence_length <= 50.
短肽聚合物命中,MHL,N-METHYL-4-HYDROXY-LEUCINE,1,1,1CWL,RCSB polymer entity chem_comp_monomers; short-polymer adds entity_poly.rcsb_sample_sequence_length <= 50.
短肽聚合物命中,MHO,S-OXYMETHIONINE,45,1,8A6I,RCSB polymer entity chem_comp_monomers; short-polymer adds entity_poly.rcsb_sample_sequence_length <= 50.
短肽聚合物命中,MHS,N1-METHYLATED HISTIDINE,72,4,7Y9C / 9CNX / 9OXP / 9Q6E,RCSB polymer entity chem_comp_monomers; short-polymer adds entity_poly.rcsb_sample_sequence_length <= 50.
短肽聚合物命中,MHU,"4-N,N-(DIMETHYLAMINO)-L-PHENYLALANINE",14,14,1SM1 / 1YJW / 2Z2P / 4U1U / 4U1V,RCSB polymer entity chem_comp_monomers; short-polymer adds entity_poly.rcsb_sample_sequence_length <= 50.
短肽聚合物命中,MHV,4-OXO-L-PIPECOLIC ACID,16,16,1SM1 / 1YIT / 1YJW / 2Z2P / 4U1U,RCSB polymer entity chem_comp_monomers; short-polymer adds entity_poly.rcsb_sample_sequence_length <= 50.
短肽聚合物命中,MHW,3-HYDROXYPICOLINIC ACID,18,18,1SM1 / 1YIT / 1YJW / 2Z2P / 4U1U,RCSB polymer entity chem_comp_monomers; short-polymer adds entity_poly.rcsb_sample_sequence_length <= 50.
仅较长聚合物命中,MHY,"{(4Z)-2-[(1R,2R)-1-amino-2-hydroxypropyl]-4-[(3,5-difluoro-4-hydroxyphenyl)methylidene]-5-oxo-4,5-dihydro-1H-imidazol-1-yl}acetic acid",1,0,6OG9,RCSB polymer entity chem_comp_monomers; short-polymer adds entity_poly.rcsb_sample_sequence_length <= 50.
仅较长聚合物命中,MIR,Monoethylphosphorylserine,5,0,3HP4 / 3QPA / 3QPC / 4OYL / 7BFR,RCSB polymer entity chem_comp_monomers; short-polymer adds entity_poly.rcsb_sample_sequence_length <= 50.
仅较长聚合物命中,MIS,MONOISOPROPYLPHOSPHORYLSERINE,18,0,1A2Q / 1GNV / 1PPZ / 2DFP / 2JGM,RCSB polymer entity chem_comp_monomers; short-polymer adds entity_poly.rcsb_sample_sequence_length <= 50.
仅较长聚合物命中,MJ1,"{(4Z)-2-[(1R,2R)-1-amino-2-hydroxypropyl]-4-[(2,3-difluoro-4-hydroxyphenyl)methylidene]-5-oxo-4,5-dihydro-1H-imidazol-1-yl}acetic acid",1,0,6OGC,RCSB polymer entity chem_comp_monomers; short-polymer adds entity_poly.rcsb_sample_sequence_length <= 50.
短肽聚合物命中,MK8,2-methyl-L-norleucine,65,65,29QJ / 2L6E / 2LDA / 2LDC / 2LDD,RCSB polymer entity chem_comp_monomers; short-polymer adds entity_poly.rcsb_sample_sequence_length <= 50.
短肽聚合物命中,MKD,(2S)-2-amino-2-methyloctanoic acid,2,2,4N84 / 5JM4,RCSB polymer entity chem_comp_monomers; short-polymer adds entity_poly.rcsb_sample_sequence_length <= 50.
仅较长聚合物命中,MKF,(2~{S})-2-azanyl-3-(dimethylcarbamoyloxy)propanoic acid,1,0,8AI7,RCSB polymer entity chem_comp_monomers; short-polymer adds entity_poly.rcsb_sample_sequence_length <= 50.
短肽聚合物命中,ML3,"2-{[(2R)-2-amino-2-carboxyethyl]sulfanyl}-N,N,N-trimethylethanaminium",19,1,6AZE,RCSB polymer entity chem_comp_monomers; short-polymer adds entity_poly.rcsb_sample_sequence_length <= 50.
短肽聚合物命中,MLE,N-METHYLLEUCINE,127,116,1BCK / 1C5F / 1CSA / 1CWA / 1CWB,RCSB polymer entity chem_comp_monomers; short-polymer adds entity_poly.rcsb_sample_sequence_length <= 50.
短肽聚合物命中,MLL,METHYL L-LEUCINATE,11,2,7MSO / 8RMY,RCSB polymer entity chem_comp_monomers; short-polymer adds entity_poly.rcsb_sample_sequence_length <= 50.
短肽聚合物命中,MLU,N-methyl-D-leucine,46,46,1AA5 / 1C0Q / 1C0R / 1FVM / 1GAC,RCSB polymer entity chem_comp_monomers; short-polymer adds entity_poly.rcsb_sample_sequence_length <= 50.
短肽聚合物命中,MLY,N-DIMETHYL-LYSINE,489,86,1GUW / 1KNA / 1R1G / 2CNX / 2FSA,RCSB polymer entity chem_comp_monomers; short-polymer adds entity_poly.rcsb_sample_sequence_length <= 50.
短肽聚合物命中,MLZ,N-METHYL-LYSINE,301,48,1O9S / 1Q3L / 1XQH / 21EE / 2B2V,RCSB polymer entity chem_comp_monomers; short-polymer adds entity_poly.rcsb_sample_sequence_length <= 50.
仅较长聚合物命中,MME,N-METHYL METHIONINE,11,0,1GK8 / 1IR1 / 1IR2 / 1WDD / 2V63,RCSB polymer entity chem_comp_monomers; short-polymer adds entity_poly.rcsb_sample_sequence_length <= 50.
短肽聚合物命中,MMO,N~2~-methyl-L-arginine,6,6,1EB1 / 5US3 / 6BVW / 6BVX / 6BVY,RCSB polymer entity chem_comp_monomers; short-polymer adds entity_poly.rcsb_sample_sequence_length <= 50.
短肽聚合物命中,MND,N-methyl-D-asparagine,1,1,2RQO,RCSB polymer entity chem_comp_monomers; short-polymer adds entity_poly.rcsb_sample_sequence_length <= 50.
短肽聚合物命中,MNL,"4,N-DIMETHYLNORLEUCINE",1,1,1CWC,RCSB polymer entity chem_comp_monomers; short-polymer adds entity_poly.rcsb_sample_sequence_length <= 50.
暂无聚合物命中,MOD,L-METHIONYL ADENYLATE,0,0,,RCSB polymer entity chem_comp_monomers; short-polymer adds entity_poly.rcsb_sample_sequence_length <= 50.
短肽聚合物命中,MOZ,(2Z)-2-amino-3-hydroxybut-2-enoic acid,1,1,2MBZ,RCSB polymer entity chem_comp_monomers; short-polymer adds entity_poly.rcsb_sample_sequence_length <= 50.
短肽聚合物命中,MP4,"(2S)-amino(3,5-dihydroxy-4-methylphenyl)ethanoic acid",1,1,3RUM,RCSB polymer entity chem_comp_monomers; short-polymer adds entity_poly.rcsb_sample_sequence_length <= 50.
短肽聚合物命中,MP8,(4R)-4-methyl-L-proline,32,32,3IPN / 3KTI / 3KTJ / 3KTK / 3MT6,RCSB polymer entity chem_comp_monomers; short-polymer adds entity_poly.rcsb_sample_sequence_length <= 50.
暂无聚合物命中,MPH,(1-AMINO-3-METHYLSULFANYL-PROPYL)-PHOSPHONIC ACID,0,0,,RCSB polymer entity chem_comp_monomers; short-polymer adds entity_poly.rcsb_sample_sequence_length <= 50.
暂无聚合物命中,MPJ,(1-AMINO-3-METHYLSULFANYL-PROPYL)-PHOSPHINIC ACID,0,0,,RCSB polymer entity chem_comp_monomers; short-polymer adds entity_poly.rcsb_sample_sequence_length <= 50.
短肽聚合物命中,MPQ,N-METHYL-ALPHA-PHENYL-GLYCINE,1,1,1D6E,RCSB polymer entity chem_comp_monomers; short-polymer adds entity_poly.rcsb_sample_sequence_length <= 50.
仅较长聚合物命中,MS6,(2S)-2-amino-4-(methylsulfanyl)butane-1-thiol,140,0,11BQ / 11DG / 11EL / 28UH / 28UI,RCSB polymer entity chem_comp_monomers; short-polymer adds entity_poly.rcsb_sample_sequence_length <= 50.
短肽聚合物命中,MSA,(2-S-METHYL) SARCOSINE,2,2,1CWJ / 1CWK,RCSB polymer entity chem_comp_monomers; short-polymer adds entity_poly.rcsb_sample_sequence_length <= 50.
短肽聚合物命中,MSE,SELENOMETHIONINE,10807,76,1DOW / 1G1I / 1G1J / 1G2Y / 1G2Z,RCSB polymer entity chem_comp_monomers; short-polymer adds entity_poly.rcsb_sample_sequence_length <= 50.
暂无聚合物命中,MSL,(2S)-2-AMINO-4-(METHYLSULFONIMIDOYL)BUTANOIC ACID,0,0,,RCSB polymer entity chem_comp_monomers; short-polymer adds entity_poly.rcsb_sample_sequence_length <= 50.
短肽聚合物命中,MSO,SELENOMETHIONINE SELENOXIDE,8,2,1SNA / 1SNE,RCSB polymer entity chem_comp_monomers; short-polymer adds entity_poly.rcsb_sample_sequence_length <= 50.
暂无聚合物命中,MSP,5'-O-[(L-METHIONYL)-SULPHAMOYL]ADENOSINE,0,0,,RCSB polymer entity chem_comp_monomers; short-polymer adds entity_poly.rcsb_sample_sequence_length <= 50.
暂无聚合物命中,MT2,[(3S)-3-amino-3-carboxypropyl](ethyl)methylsulfonium,0,0,,RCSB polymer entity chem_comp_monomers; short-polymer adds entity_poly.rcsb_sample_sequence_length <= 50.
短肽聚合物命中,MTY,META-TYROSINE,4,2,1Q7O / 8VJF,RCSB polymer entity chem_comp_monomers; short-polymer adds entity_poly.rcsb_sample_sequence_length <= 50.
短肽聚合物命中,MV9,(2~{R})-3-methyl-2-(methylamino)butanoic acid,2,2,5F1W / 8PQO,RCSB polymer entity chem_comp_monomers; short-polymer adds entity_poly.rcsb_sample_sequence_length <= 50.
短肽聚合物命中,MVA,N-METHYLVALINE,164,153,173D / 185D / 1A7Y / 1A7Z / 1BCK,RCSB polymer entity chem_comp_monomers; short-polymer adds entity_poly.rcsb_sample_sequence_length <= 50.
短肽聚合物命中,MYK,N~6~-tetradecanoyl-L-lysine,12,7,3U31 / 3U3D / 3ZG6 / 4TWJ / 4Y6L,RCSB polymer entity chem_comp_monomers; short-polymer adds entity_poly.rcsb_sample_sequence_length <= 50.
短肽聚合物命中,MYN,"(2S)-amino[(4R)-2-amino-1,4,5,6-tetrahydropyrimidin-4-yl]ethanoic acid",9,9,4V7M / 5V93 / 7F0C / 7F0F / 8CEP,RCSB polymer entity chem_comp_monomers; short-polymer adds entity_poly.rcsb_sample_sequence_length <= 50.
短肽聚合物命中,N0A,3-fluoro-L-phenylalanine,1,1,6OPJ,RCSB polymer entity chem_comp_monomers; short-polymer adds entity_poly.rcsb_sample_sequence_length <= 50.
仅较长聚合物命中,N10,O-[(HEXYLAMINO)CARBONYL]-L-SERINE,1,0,2Q0S,RCSB polymer entity chem_comp_monomers; short-polymer adds entity_poly.rcsb_sample_sequence_length <= 50.
短肽聚合物命中,N2C,"N,S-DIMETHYLCYSTEINE",18,18,1PFE / 1XVK / 1XVN / 1XVR / 2ADW,RCSB polymer entity chem_comp_monomers; short-polymer adds entity_poly.rcsb_sample_sequence_length <= 50.
仅较长聚合物命中,N65,(2~{S})-2-azanyl-6-[(~{E})-pentan-2-ylideneamino]hexanal,1,0,6TF8,RCSB polymer entity chem_comp_monomers; short-polymer adds entity_poly.rcsb_sample_sequence_length <= 50.
短肽聚合物命中,N7P,1-ACETYL-L-PROLINE,10,10,3P9Y / 4Y69 / 4Y6A / 4Y6V / 5IVN,RCSB polymer entity chem_comp_monomers; short-polymer adds entity_poly.rcsb_sample_sequence_length <= 50.
仅较长聚合物命中,N80,1-ethenyl-L-proline,4,0,4X1C / 9NF3 / 9YRI / 9YTU,RCSB polymer entity chem_comp_monomers; short-polymer adds entity_poly.rcsb_sample_sequence_length <= 50.
暂无聚合物命中,N8P,N-ACETYL-D-PROLINE,0,0,,RCSB polymer entity chem_comp_monomers; short-polymer adds entity_poly.rcsb_sample_sequence_length <= 50.
短肽聚合物命中,N9P,3-pyridin-4-yl-L-alanine,7,7,6OVV / 7W28 / 8JUF / 8K4Z / 9EOX,RCSB polymer entity chem_comp_monomers; short-polymer adds entity_poly.rcsb_sample_sequence_length <= 50.
短肽聚合物命中,NA8,(1S)-1-CARBOXY-2-NAPHTHALEN-2-YLETHANAMINIUM,1,1,2WW7,RCSB polymer entity chem_comp_monomers; short-polymer adds entity_poly.rcsb_sample_sequence_length <= 50.
短肽聚合物命中,NAL,BETA-(2-NAPHTHYL)-ALANINE,15,15,1SKL / 1ZWU / 2CYU / 2ITK / 2JT9,RCSB polymer entity chem_comp_monomers; short-polymer adds entity_poly.rcsb_sample_sequence_length <= 50.
暂无聚合物命中,NB8,5'-O-[(R)-{[(2S)-2-amino-4-(hydroxyamino)-4-oxobutanoyl]oxy}(hydroxy)phosphoryl]adenosine,0,0,,RCSB polymer entity chem_comp_monomers; short-polymer adds entity_poly.rcsb_sample_sequence_length <= 50.
仅较长聚合物命中,NBQ,2-HYDROXY-5-({1-[(2-NAPHTHYLOXY)METHYL]-3-OXOPROP-1-ENYL}AMINO)TYROSINE,1,0,1SII,RCSB polymer entity chem_comp_monomers; short-polymer adds entity_poly.rcsb_sample_sequence_length <= 50.
仅较长聚合物命中,NC1,NITROCEFIN ACYL-SERINE,2,0,1MWS / 2UWX,RCSB polymer entity chem_comp_monomers; short-polymer adds entity_poly.rcsb_sample_sequence_length <= 50.
仅较长聚合物命中,NCB,N-CARBAMOYL-ALANINE,1,0,1QMV,RCSB polymer entity chem_comp_monomers; short-polymer adds entity_poly.rcsb_sample_sequence_length <= 50.
短肽聚合物命中,NCY,N-METHYLCYSTEINE,23,23,185D / 193D / 1PFE / 1VS2 / 1VTG,RCSB polymer entity chem_comp_monomers; short-polymer adds entity_poly.rcsb_sample_sequence_length <= 50.
暂无聚合物命中,NDF,N-(CARBOXYCARBONYL)-D-PHENYLALANINE,0,0,,RCSB polymer entity chem_comp_monomers; short-polymer adds entity_poly.rcsb_sample_sequence_length <= 50.
短肽聚合物命中,NEP,N1-PHOSPHONOHISTIDINE,68,3,8UHN / 8UIG / 8UIT,RCSB polymer entity chem_comp_monomers; short-polymer adds entity_poly.rcsb_sample_sequence_length <= 50.
短肽聚合物命中,NFA,PHENYLALANINE AMIDE,18,4,7F8V / 7F8W / 9SQM / 9SQO,RCSB polymer entity chem_comp_monomers; short-polymer adds entity_poly.rcsb_sample_sequence_length <= 50.
暂无聚合物命中,NHL,(4S)-4-(2-NAPHTHYLMETHYL)-D-GLUTAMIC ACID,0,0,,RCSB polymer entity chem_comp_monomers; short-polymer adds entity_poly.rcsb_sample_sequence_length <= 50.
短肽聚合物命中,NIY,META-NITRO-TYROSINE,38,17,3ROL / 6CN8 / 6LJK / 7EV4 / 7EV6,RCSB polymer entity chem_comp_monomers; short-polymer adds entity_poly.rcsb_sample_sequence_length <= 50.
暂无聚合物命中,NKS,"N-(3-{[2-(4-chlorophenyl)-5-methyl-1,3-oxazol-4-yl]methoxy}benzyl)-N-[(4-methylphenoxy)carbonyl]glycine",0,0,,RCSB polymer entity chem_comp_monomers; short-polymer adds entity_poly.rcsb_sample_sequence_length <= 50.
短肽聚合物命中,NLB,6-(benzyloxy)-L-norleucine,1,1,4WVP,RCSB polymer entity chem_comp_monomers; short-polymer adds entity_poly.rcsb_sample_sequence_length <= 50.
短肽聚合物命中,NLE,NORLEUCINE,212,168,1B7H / 1CFN / 1D5E / 1EOL / 1F3R,RCSB polymer entity chem_comp_monomers; short-polymer adds entity_poly.rcsb_sample_sequence_length <= 50.
短肽聚合物命中,NLN,NORLEUCINE AMIDE,1,1,7W40,RCSB polymer entity chem_comp_monomers; short-polymer adds entity_poly.rcsb_sample_sequence_length <= 50.
短肽聚合物命中,NLO,O-METHYL-L-NORLEUCINE,3,3,1R9V / 1S1O / 1S4A,RCSB polymer entity chem_comp_monomers; short-polymer adds entity_poly.rcsb_sample_sequence_length <= 50.
暂无聚合物命中,NLP,(1-AMINO-PENTYL)-PHOSPHONIC ACID,0,0,,RCSB polymer entity chem_comp_monomers; short-polymer adds entity_poly.rcsb_sample_sequence_length <= 50.
暂无聚合物命中,NLQ,N~2~-ACETYL-L-GLUTAMINE,0,0,,RCSB polymer entity chem_comp_monomers; short-polymer adds entity_poly.rcsb_sample_sequence_length <= 50.
短肽聚合物命中,NLW,L-leucinamide,5,3,5ND0 / 5TTW / 6RD2,RCSB polymer entity chem_comp_monomers; short-polymer adds entity_poly.rcsb_sample_sequence_length <= 50.
短肽聚合物命中,NLY,N-(4-aminobutyl)glycine,2,2,4HGC / 7JX4,RCSB polymer entity chem_comp_monomers; short-polymer adds entity_poly.rcsb_sample_sequence_length <= 50.
短肽聚合物命中,NMC,N-CYCLOPROPYLMETHYL GLYCINE,2,2,3SEM / 9DEM,RCSB polymer entity chem_comp_monomers; short-polymer adds entity_poly.rcsb_sample_sequence_length <= 50.
短肽聚合物命中,NMM,(2S)-2-amino-5-[(N-methylcarbamimidoyl)amino]pentanoic acid,46,11,2V85 / 5DWQ / 5DX1 / 5DX8 / 5DXA,RCSB polymer entity chem_comp_monomers; short-polymer adds entity_poly.rcsb_sample_sequence_length <= 50.
暂无聚合物命中,NNH,NOR-N-OMEGA-HYDROXY-L-ARGININE,0,0,,RCSB polymer entity chem_comp_monomers; short-polymer adds entity_poly.rcsb_sample_sequence_length <= 50.
暂无聚合物命中,NOT,6-Azido-L-lysine,0,0,,RCSB polymer entity chem_comp_monomers; short-polymer adds entity_poly.rcsb_sample_sequence_length <= 50.
仅较长聚合物命中,NPH,"CYSTEINE-METHYLENE-CARBAMOYL-1,10-PHENANTHROLINE",1,0,1A18,RCSB polymer entity chem_comp_monomers; short-polymer adds entity_poly.rcsb_sample_sequence_length <= 50.
暂无聚合物命中,NPI,(2S)-2-aminoheptanedioic acid,0,0,,RCSB polymer entity chem_comp_monomers; short-polymer adds entity_poly.rcsb_sample_sequence_length <= 50.
短肽聚合物命中,NRG,N-OMEGA-NITRO-L-ARGININE,1,1,3IDM,RCSB polymer entity chem_comp_monomers; short-polymer adds entity_poly.rcsb_sample_sequence_length <= 50.
仅较长聚合物命中,NRP,"{4-[(4-hydroxyphenyl)methylidene]-2-[(1E)-3-methylbutanimidoyl]-5-oxo-4,5-dihydro-1H-imidazol-1-yl}acetic acid",3,0,3M24 / 7QGK / 8C0N,RCSB polymer entity chem_comp_monomers; short-polymer adds entity_poly.rcsb_sample_sequence_length <= 50.
仅较长聚合物命中,NRQ,"{(4Z)-4-(4-hydroxybenzylidene)-2-[3-(methylthio)propanimidoyl]-5-oxo-4,5-dihydro-1H-imidazol-1-yl}acetic acid",107,0,1UIS / 1ZGQ / 2A50 / 2A52 / 2A53,RCSB polymer entity chem_comp_monomers; short-polymer adds entity_poly.rcsb_sample_sequence_length <= 50.
暂无聚合物命中,NSK,N-SUCCINYL LYSINE,0,0,,RCSB polymer entity chem_comp_monomers; short-polymer adds entity_poly.rcsb_sample_sequence_length <= 50.
暂无聚合物命中,NTR,META-HYDROXY BETA NOR-TYROSINE,0,0,,RCSB polymer entity chem_comp_monomers; short-polymer adds entity_poly.rcsb_sample_sequence_length <= 50.
短肽聚合物命中,NVA,NORVALINE,17,17,1B6H / 1Z3M / 1Z3P / 1ZNM / 2N2V,RCSB polymer entity chem_comp_monomers; short-polymer adds entity_poly.rcsb_sample_sequence_length <= 50.
暂无聚合物命中,NWD,"3-(5-nitro-2,4-dioxo-3,4-dihydropyrimidin-1(2H)-yl)-L-alanine",0,0,,RCSB polymer entity chem_comp_monomers; short-polymer adds entity_poly.rcsb_sample_sequence_length <= 50.
短肽聚合物命中,NYB,N-METHYL-S-[(1R)-1-METHYLPROPYL]-L-CYSTEINE,1,1,193D,RCSB polymer entity chem_comp_monomers; short-polymer adds entity_poly.rcsb_sample_sequence_length <= 50.
仅较长聚合物命中,NYG,"[(4Z)-2-[(1S)-1,3-DIAMINO-3-OXOPROPYL]-4-(4-HYDROXYBENZYLIDENE)-5-OXO-4,5-DIHYDRO-1H-IMIDAZOL-1-YL]ACETIC ACID",1,0,2OJK,RCSB polymer entity chem_comp_monomers; short-polymer adds entity_poly.rcsb_sample_sequence_length <= 50.
仅较长聚合物命中,NYS,"S-{5-[(1R)-2-amino-1-hydroxyethyl]-2,3-dihydroxyphenyl}-L-cysteine",1,0,2R1V,RCSB polymer entity chem_comp_monomers; short-polymer adds entity_poly.rcsb_sample_sequence_length <= 50.
短肽聚合物命中,NZC,N-methylidene-L-threonine,18,18,5AGU / 5AGV / 5AH2 / 5AH4 / 6DJ8,RCSB polymer entity chem_comp_monomers; short-polymer adds entity_poly.rcsb_sample_sequence_length <= 50.
仅较长聚合物命中,NZH,(2S)-2-AMINO-3-[1-(1H-TETRAAZOL-5-YL)-1H-IMIDAZOL-4-YL]PROPANAL,1,0,1WVP,RCSB polymer entity chem_comp_monomers; short-polymer adds entity_poly.rcsb_sample_sequence_length <= 50.
短肽聚合物命中,O12,N~5~-dodecanoyl-L-ornithine,2,2,3CAY / 3CBA,RCSB polymer entity chem_comp_monomers; short-polymer adds entity_poly.rcsb_sample_sequence_length <= 50.
仅较长聚合物命中,O2E,"(2~{S},3~{R})-2-[(2~{S},3~{R})-1-[(2~{R})-2-azanyl-3-oxidanylidene-propoxy]-3-oxidanyl-1-oxidanylidene-butan-2-yl]-4-[(3~{S},5~{S})-5-[(3-carboxyphenyl)carbamoyl]pyrrolidin-3-yl]sulfanyl-3-methyl-3,4-dihydro-2~{H}-pyrrole-5-carboxylic acid",1,0,6XV5,RCSB polymer entity chem_comp_monomers; short-polymer adds entity_poly.rcsb_sample_sequence_length <= 50.
短肽聚合物命中,O6H,"2,4,6-trimethyl-L-phenylalanine",1,1,6Y1Q,RCSB polymer entity chem_comp_monomers; short-polymer adds entity_poly.rcsb_sample_sequence_length <= 50.
暂无聚合物命中,O7A,N-methyl-L-allothreonine,0,0,,RCSB polymer entity chem_comp_monomers; short-polymer adds entity_poly.rcsb_sample_sequence_length <= 50.
短肽聚合物命中,O7D,4-methoxy-N-methyl-L-tryptophan,1,1,6PBS,RCSB polymer entity chem_comp_monomers; short-polymer adds entity_poly.rcsb_sample_sequence_length <= 50.
短肽聚合物命中,OAS,O-ACETYLSERINE,20,3,5LEY / 5LEZ / 6GMG,RCSB polymer entity chem_comp_monomers; short-polymer adds entity_poly.rcsb_sample_sequence_length <= 50.
短肽聚合物命中,OBF,"(2S)-2-amino-4,4-difluorobutanoic acid",4,2,2K1Q / 6TVU,RCSB polymer entity chem_comp_monomers; short-polymer adds entity_poly.rcsb_sample_sequence_length <= 50.
仅较长聚合物命中,OBS,"(Z)-N^6-[(4S,5R)-5-(2-CARBOXYETHYL)-4-(CARBOXYMETHYL)-1-HYDROXYDIHYDRO-2H-THIOPYRANIUM-3(4H)-YLIDENE]-L-LYSINE",1,0,2C16,RCSB polymer entity chem_comp_monomers; short-polymer adds entity_poly.rcsb_sample_sequence_length <= 50.
短肽聚合物命中,OCS,CYSTEINESULFONIC ACID,332,2,8GBH / 9JNI,RCSB polymer entity chem_comp_monomers; short-polymer adds entity_poly.rcsb_sample_sequence_length <= 50.
短肽聚合物命中,OCY,HYDROXYETHYLCYSTEINE,15,1,7EGU,RCSB polymer entity chem_comp_monomers; short-polymer adds entity_poly.rcsb_sample_sequence_length <= 50.
短肽聚合物命中,OEM,N-methyl-D-aspartic acid,1,1,7F8X,RCSB polymer entity chem_comp_monomers; short-polymer adds entity_poly.rcsb_sample_sequence_length <= 50.
仅较长聚合物命中,OFM,"[(4Z)-2-{(2R,5R)-2-[(1S)-1-amino-2-phenylethyl]-2-hydroxy-5-methyl-2,5-dihydro-1,3-oxazol-4-yl}-4-(4-hydroxybenzylidene )-5-oxo-4,5-dihydro-1H-imidazol-1-yl]acetic acid",7,0,4Q7R / 4Q7T / 8Q6W / 9FEO / 9LD5,RCSB polymer entity chem_comp_monomers; short-polymer adds entity_poly.rcsb_sample_sequence_length <= 50.
短肽聚合物命中,OGC,gamma-N-methyl-beta-OH-histidine,1,1,8AGY,RCSB polymer entity chem_comp_monomers; short-polymer adds entity_poly.rcsb_sample_sequence_length <= 50.
短肽聚合物命中,OGZ,[3-(trifluoromethyl)phenyl]methanamine,1,1,6Y9H,RCSB polymer entity chem_comp_monomers; short-polymer adds entity_poly.rcsb_sample_sequence_length <= 50.
仅较长聚合物命中,OHD,"{(4Z)-2-[(1S)-1-aminoethyl]-4-[(3-chloro-4-hydroxyphenyl)methylidene]-5-oxo-4,5-dihydro-1H-imidazol-1-yl}acetic acid",14,0,6PFR / 6PFS / 6PFT / 6PFU / 6UN4,RCSB polymer entity chem_comp_monomers; short-polymer adds entity_poly.rcsb_sample_sequence_length <= 50.
仅较长聚合物命中,OHI,3-(2-OXO-2H-IMIDAZOL-4-YL)-L-ALANINE,12,0,2Q9O / 2RGV / 3FU7 / 3FU8 / 4FUS,RCSB polymer entity chem_comp_monomers; short-polymer adds entity_poly.rcsb_sample_sequence_length <= 50.
仅较长聚合物命中,OHS,O-(CARBOXYSULFANYL)-4-OXO-L-HOMOSERINE,1,0,1Y9A,RCSB polymer entity chem_comp_monomers; short-polymer adds entity_poly.rcsb_sample_sequence_length <= 50.
短肽聚合物命中,OIB,hydroxylated gamma-amino valeroyl moiety,1,1,8AGY,RCSB polymer entity chem_comp_monomers; short-polymer adds entity_poly.rcsb_sample_sequence_length <= 50.
短肽聚合物命中,OIC,OCTAHYDROINDOLE-2-CARBOXYLIC ACID,8,8,1BDK / 3BV9 / 4WVP / 5VBL / 7AZ5,RCSB polymer entity chem_comp_monomers; short-polymer adds entity_poly.rcsb_sample_sequence_length <= 50.
仅较长聚合物命中,OIM,"[(4Z)-2-{(2R,5R)-2-[(1S,2S)-1-amino-2-methylbutyl]-2-hydroxy-5-methyl-2,5-dihydro-1,3-oxazol-4-yl}-4-(4-hydroxybenzylidene)-5-oxo-4,5-dihydro-1H-imidazol-1-yl]acetic acid",1,0,4Q7U,RCSB polymer entity chem_comp_monomers; short-polymer adds entity_poly.rcsb_sample_sequence_length <= 50.
暂无聚合物命中,OJY,5-[5-(hydroxymethyl)-1H-imidazol-2-yl]-L-norvaline,0,0,,RCSB polymer entity chem_comp_monomers; short-polymer adds entity_poly.rcsb_sample_sequence_length <= 50.
仅较长聚合物命中,OLD,3-[2-(4-bromophenyl)-2-oxoethyl]-L-histidine,1,0,3U8I,RCSB polymer entity chem_comp_monomers; short-polymer adds entity_poly.rcsb_sample_sequence_length <= 50.
短肽聚合物命中,OLT,O-METHYL-L-THREONINE,1,1,6XIF,RCSB polymer entity chem_comp_monomers; short-polymer adds entity_poly.rcsb_sample_sequence_length <= 50.
暂无聚合物命中,OLZ,O-(2-aminoethyl)-L-serine,0,0,,RCSB polymer entity chem_comp_monomers; short-polymer adds entity_poly.rcsb_sample_sequence_length <= 50.
仅较长聚合物命中,OMH,O-[(S)-hydroxy(methoxy)phosphoryl]-L-serine,1,0,3GEL,RCSB polymer entity chem_comp_monomers; short-polymer adds entity_poly.rcsb_sample_sequence_length <= 50.
短肽聚合物命中,OMT,S-DIOXYMETHIONINE,19,1,4WVP,RCSB polymer entity chem_comp_monomers; short-polymer adds entity_poly.rcsb_sample_sequence_length <= 50.
短肽聚合物命中,OMX,(betaR)-beta-hydroxy-L-Tyrosine,8,7,1HH3 / 1HHA / 1HHC / 1HHF / 3RUM,RCSB polymer entity chem_comp_monomers; short-polymer adds entity_poly.rcsb_sample_sequence_length <= 50.
短肽聚合物命中,OMY,(betaR)-3-chloro-beta-hydroxy-L-tyrosine,35,35,1AA5 / 1C0Q / 1C0R / 1FVM / 1GAC,RCSB polymer entity chem_comp_monomers; short-polymer adds entity_poly.rcsb_sample_sequence_length <= 50.
短肽聚合物命中,OMZ,(betaR)-3-CHLORO-BETA-HYDROXY-D-TYROSINE,26,26,1AA5 / 1C0Q / 1C0R / 1FVM / 1GAC,RCSB polymer entity chem_comp_monomers; short-polymer adds entity_poly.rcsb_sample_sequence_length <= 50.
暂无聚合物命中,ONH,N~5~-hydroxy-L-ornithine,0,0,,RCSB polymer entity chem_comp_monomers; short-polymer adds entity_poly.rcsb_sample_sequence_length <= 50.
短肽聚合物命中,ONL,5-OXO-L-NORLEUCINE,3,3,2Q3Z / 5MHL / 8RMY,RCSB polymer entity chem_comp_monomers; short-polymer adds entity_poly.rcsb_sample_sequence_length <= 50.
短肽聚合物命中,ORD,D-ORNITHINE,10,10,1DSR / 4K7T / 5F1W / 6CAE / 8Q23,RCSB polymer entity chem_comp_monomers; short-polymer adds entity_poly.rcsb_sample_sequence_length <= 50.
短肽聚合物命中,ORN,L-ornithine,125,123,1B2H / 1HTH / 1N0X / 1T5M / 1T5N,RCSB polymer entity chem_comp_monomers; short-polymer adds entity_poly.rcsb_sample_sequence_length <= 50.
短肽聚合物命中,ORQ,N~5~-ACETYL-L-ORNITHINE,3,3,2FX9 / 9PU1 / 9PU3,RCSB polymer entity chem_comp_monomers; short-polymer adds entity_poly.rcsb_sample_sequence_length <= 50.
短肽聚合物命中,OSE,O-SULFO-L-SERINE,11,1,7S7D,RCSB polymer entity chem_comp_monomers; short-polymer adds entity_poly.rcsb_sample_sequence_length <= 50.
短肽聚合物命中,OTH,"N,O-dimethyl-L-threonine",1,1,3AH8,RCSB polymer entity chem_comp_monomers; short-polymer adds entity_poly.rcsb_sample_sequence_length <= 50.
仅较长聚合物命中,OTY,2-hydroxy-L-tyrosine,11,0,3CIW / 3IIX / 3IIZ / 4JYD / 4JYE,RCSB polymer entity chem_comp_monomers; short-polymer adds entity_poly.rcsb_sample_sequence_length <= 50.
仅较长聚合物命中,OTZ,"2-[2-(aminomethyl)-1,3-oxazol-4-yl]-1,3-thiazole-4-carboxylic acid",3,0,6GOS / 6GRG / 6GRH,RCSB polymer entity chem_comp_monomers; short-polymer adds entity_poly.rcsb_sample_sequence_length <= 50.
短肽聚合物命中,OV7,(2R)-amino[(carboxymethyl)sulfanyl]acetic acid,1,1,6PO6,RCSB polymer entity chem_comp_monomers; short-polymer adds entity_poly.rcsb_sample_sequence_length <= 50.
短肽聚合物命中,OWF,(3S)-3-hydroxy-D-asparagine,2,2,8CUF / 8CUG,RCSB polymer entity chem_comp_monomers; short-polymer adds entity_poly.rcsb_sample_sequence_length <= 50.
暂无聚合物命中,OXX,OXALYL-ASPARTYL ANHYDRIDE,0,0,,RCSB polymer entity chem_comp_monomers; short-polymer adds entity_poly.rcsb_sample_sequence_length <= 50.
仅较长聚合物命中,OYL,1-ethyl-L-histidine,1,0,4OYL,RCSB polymer entity chem_comp_monomers; short-polymer adds entity_poly.rcsb_sample_sequence_length <= 50.
短肽聚合物命中,OZW,phenylhydrazinyl phenylalanine,12,2,9KU1 / 9W3T,RCSB polymer entity chem_comp_monomers; short-polymer adds entity_poly.rcsb_sample_sequence_length <= 50.
暂无聚合物命中,P0A,(2R)-2-aminoheptanedioic acid,0,0,,RCSB polymer entity chem_comp_monomers; short-polymer adds entity_poly.rcsb_sample_sequence_length <= 50.
仅较长聚合物命中,P1L,S-PALMITOYL-L-CYSTEINE,35,0,3KYS / 5EMV / 5EMW / 6L9F / 6NWR,RCSB polymer entity chem_comp_monomers; short-polymer adds entity_poly.rcsb_sample_sequence_length <= 50.
仅较长聚合物命中,P2Q,"2-hydroxy-5-{[(1S,2E)-1-formyl-4-phenoxybut-2-en-1yl]amino}-L-tyrosine",1,0,3KII,RCSB polymer entity chem_comp_monomers; short-polymer adds entity_poly.rcsb_sample_sequence_length <= 50.
暂无聚合物命中,P2Y,(2S)-PYRROLIDIN-2-YLMETHYLAMINE,0,0,,RCSB polymer entity chem_comp_monomers; short-polymer adds entity_poly.rcsb_sample_sequence_length <= 50.
仅较长聚合物命中,P3Q,2-hydroxy-5-{[(1E)-1-(2-oxoethylidene)-4-phenylbutyl]amino}-L-tyrosine,1,0,3KN4,RCSB polymer entity chem_comp_monomers; short-polymer adds entity_poly.rcsb_sample_sequence_length <= 50.
短肽聚合物命中,P4E,"(2S,4E)-2-amino-5-phenylpent-4-enoic acid",1,1,3U51,RCSB polymer entity chem_comp_monomers; short-polymer adds entity_poly.rcsb_sample_sequence_length <= 50.
暂无聚合物命中,P4F,"5,5-difluoro-4-oxo-5-phosphono-D-norvaline",0,0,,RCSB polymer entity chem_comp_monomers; short-polymer adds entity_poly.rcsb_sample_sequence_length <= 50.
仅较长聚合物命中,P9S,dihydroxypropylcysteine,1,0,5LKY,RCSB polymer entity chem_comp_monomers; short-polymer adds entity_poly.rcsb_sample_sequence_length <= 50.
仅较长聚合物命中,PAQ,2-OXY-4-HYDROXY-5-(2-HYDRAZINOPYRIDINE)PHENYLALANINE,2,0,1SPU / 2C11,RCSB polymer entity chem_comp_monomers; short-polymer adds entity_poly.rcsb_sample_sequence_length <= 50.
短肽聚合物命中,PAT,ALPHA-PHOSPHONO-TRYPTOPHAN,1,1,1I73,RCSB polymer entity chem_comp_monomers; short-polymer adds entity_poly.rcsb_sample_sequence_length <= 50.
暂无聚合物命中,PBB,S-(4-BROMOBENZYL)CYSTEINE,0,0,,RCSB polymer entity chem_comp_monomers; short-polymer adds entity_poly.rcsb_sample_sequence_length <= 50.
短肽聚合物命中,PBF,PARA-(BENZOYL)-PHENYLALANINE,19,4,1EEN / 2FR9 / 2FRB / 6N9T,RCSB polymer entity chem_comp_monomers; short-polymer adds entity_poly.rcsb_sample_sequence_length <= 50.
短肽聚合物命中,PCA,PYROGLUTAMIC ACID,1016,97,1BAH / 1BIG / 1BOM / 1BON / 1C4E,RCSB polymer entity chem_comp_monomers; short-polymer adds entity_poly.rcsb_sample_sequence_length <= 50.
暂无聚合物命中,PCE,2-(3-AMINO-4-CYCLOHEXYL-2-HYDROXY-BUTYL)-PENT-4-YNOIC ACID,0,0,,RCSB polymer entity chem_comp_monomers; short-polymer adds entity_poly.rcsb_sample_sequence_length <= 50.
短肽聚合物命中,PCS,PHENYLALANYLMETHYLCHLORIDE,3,3,4ZAR / 7KLD / 9C50,RCSB polymer entity chem_comp_monomers; short-polymer adds entity_poly.rcsb_sample_sequence_length <= 50.
暂无聚合物命中,PDD,N-(5'-PHOSPHOPYRIDOXYL)-D-ALANINE,0,0,,RCSB polymer entity chem_comp_monomers; short-polymer adds entity_poly.rcsb_sample_sequence_length <= 50.
短肽聚合物命中,PDW,methyl D-prolinate,1,1,3UQP,RCSB polymer entity chem_comp_monomers; short-polymer adds entity_poly.rcsb_sample_sequence_length <= 50.
暂无聚合物命中,PE1,N~2~-({3-HYDROXY-2-METHYL-5-[(PHOSPHONOOXY)METHYL]PYRIDIN-4-YL}METHYL)-L-LYSINE,0,0,,RCSB polymer entity chem_comp_monomers; short-polymer adds entity_poly.rcsb_sample_sequence_length <= 50.
仅较长聚合物命中,PEC,"S,S-PENTYLTHIOCYSTEINE",1,0,5NUC,RCSB polymer entity chem_comp_monomers; short-polymer adds entity_poly.rcsb_sample_sequence_length <= 50.
短肽聚合物命中,PF5,"2,3,4,5,6-PENTAFLUORO-L-PHENYLALANINE",12,8,2JM0 / 3TJW / 3TRV / 6CL0 / 6CL2,RCSB polymer entity chem_comp_monomers; short-polymer adds entity_poly.rcsb_sample_sequence_length <= 50.
短肽聚合物命中,PFF,4-FLUORO-L-PHENYLALANINE,16,13,1OL1 / 1OL2 / 1ZNT / 2C5V / 2MUZ,RCSB polymer entity chem_comp_monomers; short-polymer adds entity_poly.rcsb_sample_sequence_length <= 50.
短肽聚合物命中,PG9,D-PHENYLGLYCINE,2,2,4GM9 / 4GMB,RCSB polymer entity chem_comp_monomers; short-polymer adds entity_poly.rcsb_sample_sequence_length <= 50.
短肽聚合物命中,PH6,(4S)-4-cyclohexyl-L-proline,4,4,5AGV / 5AH4 / 6QXC / 8CIY,RCSB polymer entity chem_comp_monomers; short-polymer adds entity_poly.rcsb_sample_sequence_length <= 50.
短肽聚合物命中,PH8,5-phenyl-L-norvaline,7,7,2N0I / 2N0N / 5W5S / 5W5U / 5W6I,RCSB polymer entity chem_comp_monomers; short-polymer adds entity_poly.rcsb_sample_sequence_length <= 50.
短肽聚合物命中,PHA,PHENYLALANINAL,12,7,1BCS / 1M21 / 1SGC / 1WVM / 8VDV,RCSB polymer entity chem_comp_monomers; short-polymer adds entity_poly.rcsb_sample_sequence_length <= 50.
仅较长聚合物命中,PHD,ASPARTYL PHOSPHATE,78,0,10YV / 1D5W / 1DC8 / 1K68 / 1LVH,RCSB polymer entity chem_comp_monomers; short-polymer adds entity_poly.rcsb_sample_sequence_length <= 50.
短肽聚合物命中,PHI,IODO-PHENYLALANINE,57,47,1CZI / 1GA1 / 1GA4 / 1NLU / 3R3K,RCSB polymer entity chem_comp_monomers; short-polymer adds entity_poly.rcsb_sample_sequence_length <= 50.
短肽聚合物命中,PHL,L-PHENYLALANINOL,25,25,1AMT / 1DLZ / 1GQ0 / 1GTJ / 1GTL,RCSB polymer entity chem_comp_monomers; short-polymer adds entity_poly.rcsb_sample_sequence_length <= 50.
仅较长聚合物命中,PIA,"[(4Z)-2-[(1S)-1-aminoethyl]-4-(4-hydroxybenzylidene)-5-oxo-4,5-dihydro-1H-imidazol-1-yl]acetic acid",68,0,1H6R / 2HQK / 2JAD / 2OTB / 2OTE,RCSB polymer entity chem_comp_monomers; short-polymer adds entity_poly.rcsb_sample_sequence_length <= 50.
短肽聚合物命中,PIV,PIVALIC ACID,5,5,1SMR / 8YG2 / 9KGJ / 9KGR / 9KGS,RCSB polymer entity chem_comp_monomers; short-polymer adds entity_poly.rcsb_sample_sequence_length <= 50.
仅较长聚合物命中,PJ3,"(2~{S})-2-azanyl-3-[1-[[(2~{R},3~{S},4~{R},5~{R})-5-(2-azanyl-7-methyl-6-oxidanylidene-1,8-dihydropurin-9-yl)-3,4-bis(oxidanyl)oxolan-2-yl]methoxy-oxidanyl-phosphoryl]imidazol-4-yl]propanoic acid",1,0,8APX,RCSB polymer entity chem_comp_monomers; short-polymer adds entity_poly.rcsb_sample_sequence_length <= 50.
短肽聚合物命中,PLJ,methyl L-prolinate,3,3,3UQR / 4DV9 / 4DVF,RCSB polymer entity chem_comp_monomers; short-polymer adds entity_poly.rcsb_sample_sequence_length <= 50.
短肽聚合物命中,PM3,2-AMINO-3-(4-PHOSPHONOMETHYL-PHENYL)-PROPIONIC ACID,5,5,1CWD / 1CWE / 2GV2 / 3FE7 / 3FEA,RCSB polymer entity chem_comp_monomers; short-polymer adds entity_poly.rcsb_sample_sequence_length <= 50.
仅较长聚合物命中,POK,2-[[~{N}-[(4~{S})-4-azanyl-5-oxidanylidene-pentyl]carbamimidoyl]amino]ethanoic acid,3,0,6RA9 / 8ECX,RCSB polymer entity chem_comp_monomers; short-polymer adds entity_poly.rcsb_sample_sequence_length <= 50.
短肽聚合物命中,POM,CIS-5-METHYL-4-OXOPROLINE,1,1,1A7Z,RCSB polymer entity chem_comp_monomers; short-polymer adds entity_poly.rcsb_sample_sequence_length <= 50.
短肽聚合物命中,PPN,PARA-NITROPHENYLALANINE,21,17,1YTJ / 3RCE / 5BMM / 5OGL / 6GXC,RCSB polymer entity chem_comp_monomers; short-polymer adds entity_poly.rcsb_sample_sequence_length <= 50.
短肽聚合物命中,PQ4,(2Z)-2-amino-3-(4-hydroxyphenyl)prop-2-enoic acid,3,1,8UKG,RCSB polymer entity chem_comp_monomers; short-polymer adds entity_poly.rcsb_sample_sequence_length <= 50.
短肽聚合物命中,PQG,cis-1-amino-4-phenylcyclohexane-1-carboxylic acid,2,2,6U2F / 6U3I,RCSB polymer entity chem_comp_monomers; short-polymer adds entity_poly.rcsb_sample_sequence_length <= 50.
仅较长聚合物命中,PR3,"S,S-PROPYLTHIOCYSTEINE",2,0,2BGC / 3NUC,RCSB polymer entity chem_comp_monomers; short-polymer adds entity_poly.rcsb_sample_sequence_length <= 50.
仅较长聚合物命中,PR4,1-[(2R)-2-carboxy-2-hydroxyethyl]-L-proline,2,0,3MF7 / 3N4D,RCSB polymer entity chem_comp_monomers; short-polymer adds entity_poly.rcsb_sample_sequence_length <= 50.
仅较长聚合物命中,PR7,1-[(2S)-2-carboxy-2-hydroxyethyl]-L-proline,1,0,3N4H,RCSB polymer entity chem_comp_monomers; short-polymer adds entity_poly.rcsb_sample_sequence_length <= 50.
短肽聚合物命中,PR9,D-PROLINAMIDE,4,4,2WRW / 3W12 / 3W13 / 7OYR,RCSB polymer entity chem_comp_monomers; short-polymer adds entity_poly.rcsb_sample_sequence_length <= 50.
短肽聚合物命中,PRJ,"(2S,3aS,6R,7aS)-6-hydroxyoctahydro-1H-indole-2-carboxylic acid",1,1,1A2C,RCSB polymer entity chem_comp_monomers; short-polymer adds entity_poly.rcsb_sample_sequence_length <= 50.
短肽聚合物命中,PRK,N~6~-propanoyl-L-lysine,6,6,3MUK / 3PDH / 4I7D / 4PK2 / 5B77,RCSB polymer entity chem_comp_monomers; short-polymer adds entity_poly.rcsb_sample_sequence_length <= 50.
短肽聚合物命中,PRQ,(3S)-3-amino-3-(2-nitrophenyl)propanoic acid,6,6,2VE6 / 2X4N / 2X4P / 2X4Q / 2X70,RCSB polymer entity chem_comp_monomers; short-polymer adds entity_poly.rcsb_sample_sequence_length <= 50.
短肽聚合物命中,PRR,3-(METHYL-PYRIDINIUM)ALANINE,1,1,7KME,RCSB polymer entity chem_comp_monomers; short-polymer adds entity_poly.rcsb_sample_sequence_length <= 50.
短肽聚合物命中,PRS,THIOPROLINE,5,4,2WW7 / 5UU2 / 5UU4 / 8ZEB,RCSB polymer entity chem_comp_monomers; short-polymer adds entity_poly.rcsb_sample_sequence_length <= 50.
短肽聚合物命中,PRV,(2R)-amino(2-nitrophenyl)ethanoic acid,4,4,2X4N / 2X4P / 2X4Q / 2X70,RCSB polymer entity chem_comp_monomers; short-polymer adds entity_poly.rcsb_sample_sequence_length <= 50.
仅较长聚合物命中,PSH,1-thiophosphono-L-histidine,1,0,2R7C,RCSB polymer entity chem_comp_monomers; short-polymer adds entity_poly.rcsb_sample_sequence_length <= 50.
仅较长聚合物命中,PSW,3-(SULFANYLSELANYL)-L-ALANINE,5,0,2WPN / 3ZE6 / 3ZE8 / 3ZE9 / 3ZEA,RCSB polymer entity chem_comp_monomers; short-polymer adds entity_poly.rcsb_sample_sequence_length <= 50.
短肽聚合物命中,PTH,CE1-METHYLENE-HYDROXY-PHOSPHOTYROSINE,2,2,1A09 / 1A1A,RCSB polymer entity chem_comp_monomers; short-polymer adds entity_poly.rcsb_sample_sequence_length <= 50.
短肽聚合物命中,PTM,ALPHA-METHYL-O-PHOSPHOTYROSINE,1,1,1JYQ,RCSB polymer entity chem_comp_monomers; short-polymer adds entity_poly.rcsb_sample_sequence_length <= 50.
短肽聚合物命中,PTR,O-PHOSPHOTYROSINE,926,262,1A07 / 1A1B / 1A1C / 1A1E / 1A81,RCSB polymer entity chem_comp_monomers; short-polymer adds entity_poly.rcsb_sample_sequence_length <= 50.
暂无聚合物命中,PVH,HISTIDINE-METHYL-ESTER,0,0,,RCSB polymer entity chem_comp_monomers; short-polymer adds entity_poly.rcsb_sample_sequence_length <= 50.
仅较长聚合物命中,PVO,"2,2-bis(oxidanyl)propanoic acid",1,0,5LS7,RCSB polymer entity chem_comp_monomers; short-polymer adds entity_poly.rcsb_sample_sequence_length <= 50.
仅较长聚合物命中,PXU,2-hydroxy-L-proline,6,0,4HD5 / 4L1G / 4V33 / 4X9U / 5JP6,RCSB polymer entity chem_comp_monomers; short-polymer adds entity_poly.rcsb_sample_sequence_length <= 50.
短肽聚合物命中,PYA,"3-(1,10-PHENANTHROL-2-YL)-L-ALANINE",1,1,1HCW,RCSB polymer entity chem_comp_monomers; short-polymer adds entity_poly.rcsb_sample_sequence_length <= 50.
仅较长聚合物命中,PYX,S-[S-THIOPYRIDOXAMINYL]CYSTEINE,1,0,1A2D,RCSB polymer entity chem_comp_monomers; short-polymer adds entity_poly.rcsb_sample_sequence_length <= 50.
短肽聚合物命中,Q2E,(2~{S})-2-azanyl-3-(2-methylsulfanyl-1~{H}-indol-3-yl)propanal,1,1,6YZH,RCSB polymer entity chem_comp_monomers; short-polymer adds entity_poly.rcsb_sample_sequence_length <= 50.
仅较长聚合物命中,Q2K,"2-[2-(3-methylsulfanylpropanimidoyl)-4,5-bis(oxidanylidene)imidazol-1-yl]ethanoic acid",7,0,8B65 / 8B7G / 8BGL / 9H25 / 9H26,RCSB polymer entity chem_comp_monomers; short-polymer adds entity_poly.rcsb_sample_sequence_length <= 50.
仅较长聚合物命中,Q3P,N~6~-glycyl-L-lysine,1,0,6UC1,RCSB polymer entity chem_comp_monomers; short-polymer adds entity_poly.rcsb_sample_sequence_length <= 50.
短肽聚合物命中,Q3S,"(2R,3S)-2,3-diaminobutanoic acid",1,1,6PSL,RCSB polymer entity chem_comp_monomers; short-polymer adds entity_poly.rcsb_sample_sequence_length <= 50.
仅较长聚合物命中,Q75,Thiazole-histidine,1,0,6Z4T,RCSB polymer entity chem_comp_monomers; short-polymer adds entity_poly.rcsb_sample_sequence_length <= 50.
仅较长聚合物命中,Q78,L-3-Thienylalanine,1,0,6Z4R,RCSB polymer entity chem_comp_monomers; short-polymer adds entity_poly.rcsb_sample_sequence_length <= 50.
仅较长聚合物命中,Q8X,(2~{R})-2-azanyl-3-[(6-pyridin-2-ylpyridin-3-yl)methylsulfanyl]propanal,1,0,8AF3,RCSB polymer entity chem_comp_monomers; short-polymer adds entity_poly.rcsb_sample_sequence_length <= 50.
短肽聚合物命中,QAC,N-[4-(hydroxymethyl)benzoyl]-beta-alanine,1,1,4WHH,RCSB polymer entity chem_comp_monomers; short-polymer adds entity_poly.rcsb_sample_sequence_length <= 50.
仅较长聚合物命中,QC4,"{(4Z)-2-[(1R,2R)-1-amino-2-hydroxypropyl]-5-oxo-4-[(2,3,5-trifluoro-4-hydroxyphenyl)methylidene]-4,5-dihydro-1H-imidazol-1-yl}acetic acid",1,0,6UN5,RCSB polymer entity chem_comp_monomers; short-polymer adds entity_poly.rcsb_sample_sequence_length <= 50.
仅较长聚合物命中,QCA,"{(4Z)-2-[(1R,2R)-1-amino-2-hydroxypropyl]-4-[(4-hydroxy-3-nitrophenyl)methylidene]-5-oxo-4,5-dihydro-1H-imidazol-1-yl}acetic acid",2,0,6UN6 / 9C74,RCSB polymer entity chem_comp_monomers; short-polymer adds entity_poly.rcsb_sample_sequence_length <= 50.
仅较长聚合物命中,QCD,"{(4Z)-2-[(1R,2R)-1-amino-2-hydroxypropyl]-4-[(4-hydroxy-3-methoxyphenyl)methylidene]-5-oxo-4,5-dihydro-1H-imidazol-1-yl }acetic acid",1,0,6UN7,RCSB polymer entity chem_comp_monomers; short-polymer adds entity_poly.rcsb_sample_sequence_length <= 50.
短肽聚合物命中,QCI,L-2-Aminoglutarimide,1,1,8BC7,RCSB polymer entity chem_comp_monomers; short-polymer adds entity_poly.rcsb_sample_sequence_length <= 50.
仅较长聚合物命中,QCS,S-carbamoyl-L-cysteine,3,0,3WJP / 5G3O / 8AHO,RCSB polymer entity chem_comp_monomers; short-polymer adds entity_poly.rcsb_sample_sequence_length <= 50.
短肽聚合物命中,QDD,2-(8-azanyl-2-methanoyl-quinolin-4-yl)ethanoic acid,6,6,6HZX / 6Q9T / 9GAJ / 9GAK / 9GAM,RCSB polymer entity chem_comp_monomers; short-polymer adds entity_poly.rcsb_sample_sequence_length <= 50.
暂无聚合物命中,QDS,N-(quinoxalin-2-ylcarbonyl)-D-serine,0,0,,RCSB polymer entity chem_comp_monomers; short-polymer adds entity_poly.rcsb_sample_sequence_length <= 50.
仅较长聚合物命中,QFG,"{(4E)-2-[(1E)-4-amino-4-oxobutanimidoyl]-4-benzylidene-5-oxo-4,5-dihydro-1H-imidazol-1-yl}acetic acid",2,0,3VIC / 3VK1,RCSB polymer entity chem_comp_monomers; short-polymer adds entity_poly.rcsb_sample_sequence_length <= 50.
短肽聚合物命中,QIL,N-formyl-L-isoleucine,2,2,1AL4 / 1ALZ,RCSB polymer entity chem_comp_monomers; short-polymer adds entity_poly.rcsb_sample_sequence_length <= 50.
仅较长聚合物命中,QIP,2-[(2~{S})-2-(3-methylsulfanylpropanimidoyl)-2-oxidanyl-4-oxidanylidene-imidazolidin-1-yl]-2-oxidanylidene-ethanamide,5,0,8B7G / 9H25 / 9H26 / 9H27 / 9JX2,RCSB polymer entity chem_comp_monomers; short-polymer adds entity_poly.rcsb_sample_sequence_length <= 50.
仅较长聚合物命中,QLG,"[(4Z)-2-[(1Z)-4-AMINO-4-OXOBUTANIMIDOYL]-4-(2-METHYLPROPYLIDENE)-5-OXO-4,5-DIHYDRO-1H-IMIDAZOL-1-YL]ACETIC ACID",1,0,2IB6,RCSB polymer entity chem_comp_monomers; short-polymer adds entity_poly.rcsb_sample_sequence_length <= 50.
短肽聚合物命中,QM8,6-Sulfanyl-L-norleucine,3,3,6ZKZ / 7NDT / 7NDU,RCSB polymer entity chem_comp_monomers; short-polymer adds entity_poly.rcsb_sample_sequence_length <= 50.
短肽聚合物命中,QMB,5-Mercapto-norvaline,1,1,6ZKY,RCSB polymer entity chem_comp_monomers; short-polymer adds entity_poly.rcsb_sample_sequence_length <= 50.
短肽聚合物命中,QMM,"N,N-dimethyl-L-glutamine",2,2,2H6M / 2H9H,RCSB polymer entity chem_comp_monomers; short-polymer adds entity_poly.rcsb_sample_sequence_length <= 50.
仅较长聚合物命中,QNQ,4-methylcatechol cysteine,1,0,6ZNZ,RCSB polymer entity chem_comp_monomers; short-polymer adds entity_poly.rcsb_sample_sequence_length <= 50.
仅较长聚合物命中,QNT,"3,6-dimethylcatechol cysteine",1,0,6ZO3,RCSB polymer entity chem_comp_monomers; short-polymer adds entity_poly.rcsb_sample_sequence_length <= 50.
仅较长聚合物命中,QNW,3-methylcatechol cysteine,1,0,6ZNY,RCSB polymer entity chem_comp_monomers; short-polymer adds entity_poly.rcsb_sample_sequence_length <= 50.
仅较长聚合物命中,QNY,"O-[(3S)-3-amino-3-carboxy-1,1-dihydroxypropyl]-L-threonine",2,0,6V2C / 6V2G,RCSB polymer entity chem_comp_monomers; short-polymer adds entity_poly.rcsb_sample_sequence_length <= 50.
仅较长聚合物命中,QO2,"4,5-dimethylcatechol cysteine",1,0,6ZO2,RCSB polymer entity chem_comp_monomers; short-polymer adds entity_poly.rcsb_sample_sequence_length <= 50.
仅较长聚合物命中,QO5,"3,5-dimethylcatechol cysteine",1,0,6ZO1,RCSB polymer entity chem_comp_monomers; short-polymer adds entity_poly.rcsb_sample_sequence_length <= 50.
仅较长聚合物命中,QO8,"3,4-dimethylcatechol cysteine",1,0,6ZO0,RCSB polymer entity chem_comp_monomers; short-polymer adds entity_poly.rcsb_sample_sequence_length <= 50.
短肽聚合物命中,QOL,8-azanyl-4-[2-(hydroxymethyl)-3-oxidanyl-propoxy]quinoline-2-carbaldehyde,4,4,5L70 / 9QNU / 9QOG / 9QT7,RCSB polymer entity chem_comp_monomers; short-polymer adds entity_poly.rcsb_sample_sequence_length <= 50.
仅较长聚合物命中,QPA,S-[(1S)-1-carboxy-1-(phosphonooxy)ethyl]-L-cysteine,9,0,3SU9 / 3SWA / 3SWD / 3SWE / 3SWG,RCSB polymer entity chem_comp_monomers; short-polymer adds entity_poly.rcsb_sample_sequence_length <= 50.
短肽聚合物命中,QPH,N-formyl-L-phenylalanine,2,2,1NT5 / 1NT6,RCSB polymer entity chem_comp_monomers; short-polymer adds entity_poly.rcsb_sample_sequence_length <= 50.
短肽聚合物命中,QQ8,(4~{S})-4-azanyl-5-formamido-pentanamide,3,3,6ZUF / 8CJ2 / 8CJ3,RCSB polymer entity chem_comp_monomers; short-polymer adds entity_poly.rcsb_sample_sequence_length <= 50.
短肽聚合物命中,QQB,~{N}-[(2~{S})-2-azanyl-3-naphthalen-1-yl-propyl]methanamide,1,1,6ZUF,RCSB polymer entity chem_comp_monomers; short-polymer adds entity_poly.rcsb_sample_sequence_length <= 50.
短肽聚合物命中,QUJ,8-azanyl-4-(2-methylpropoxy)quinoline-2-carboxylic acid,13,13,5L3O / 5L6K / 5L9E / 5LVS,RCSB polymer entity chem_comp_monomers; short-polymer adds entity_poly.rcsb_sample_sequence_length <= 50.
短肽聚合物命中,QUK,8-azanyl-4-(3-azanylpropoxy)quinoline-2-carboxylic acid,18,18,5L3O / 5L6K / 5L6T / 5L70 / 5LVS,RCSB polymer entity chem_comp_monomers; short-polymer adds entity_poly.rcsb_sample_sequence_length <= 50.
仅较长聚合物命中,QVA,"(2S,3R)-2-{[(2R)-2-amino-2-carboxyethyl]sulfanyl}-3-hydroxybutanedioic acid",1,0,6VB9,RCSB polymer entity chem_comp_monomers; short-polymer adds entity_poly.rcsb_sample_sequence_length <= 50.
短肽聚合物命中,QVE,8-azanyl-4-(2-hydroxy-2-oxoethyloxy)quinoline-2-carboxylic acid,17,17,5L3O / 5L6K / 5L6T / 5L70,RCSB polymer entity chem_comp_monomers; short-polymer adds entity_poly.rcsb_sample_sequence_length <= 50.
短肽聚合物命中,QVS,8-azanyl-4-oxidanyl-quinoline-2-carboxylic acid,16,16,5L3O / 5L6K / 5L6T / 5L70,RCSB polymer entity chem_comp_monomers; short-polymer adds entity_poly.rcsb_sample_sequence_length <= 50.
短肽聚合物命中,QX7,N-acetyl-3-{[5-(fluorosulfonyl)-2-methylbenzene-1-carbonyl]amino}-L-alanine,1,1,6VBX,RCSB polymer entity chem_comp_monomers; short-polymer adds entity_poly.rcsb_sample_sequence_length <= 50.
短肽聚合物命中,QXV,D-methioninamide,3,3,6LW5 / 6OMM / 7T6U,RCSB polymer entity chem_comp_monomers; short-polymer adds entity_poly.rcsb_sample_sequence_length <= 50.
仅较长聚合物命中,QYG,"{(4E)-2-[(1S)-1,4-diamino-4-oxobutyl]-4-[(4-hydroxyphenyl)methylidene]-5-oxo-4,5-dihydro-1H-imidazol-1-yl}acetic acid",7,0,6J1A / 6J1B / 6J1C / 6JXF / 7CAO,RCSB polymer entity chem_comp_monomers; short-polymer adds entity_poly.rcsb_sample_sequence_length <= 50.
仅较长聚合物命中,QYX,2-[4-[(4-hydroxyphenyl)methyl]-2-(3-methylsulfanylpropanimidoyl)-5-oxidanylidene-imidazol-1-ium-1-yl]ethanoic acid,4,0,8B65 / 8BGL / 9H25 / 9JX2,RCSB polymer entity chem_comp_monomers; short-polymer adds entity_poly.rcsb_sample_sequence_length <= 50.
暂无聚合物命中,R0E,ProM-17,0,0,,RCSB polymer entity chem_comp_monomers; short-polymer adds entity_poly.rcsb_sample_sequence_length <= 50.
仅较长聚合物命中,R0K,(2~{S})-2-[[(4~{S})-4-azanyl-5-oxidanyl-5-oxidanylidene-pentanoyl]amino]hexanedioic acid,3,0,3WWL / 5EIN / 5K2M,RCSB polymer entity chem_comp_monomers; short-polymer adds entity_poly.rcsb_sample_sequence_length <= 50.
仅较长聚合物命中,R1A,"3-{[(2,2,5,5-TETRAMETHYL-1-OXO-2,5-DIHYDRO-1H-PYRROLIUM-3-YL)METHYL]DISULFANYL}-D-ALANINE",11,0,2RUJ / 4BWW / 5AJI / 5I26 / 5I28,RCSB polymer entity chem_comp_monomers; short-polymer adds entity_poly.rcsb_sample_sequence_length <= 50.
暂无聚合物命中,R2P,"(2R)-2-amino-3-(4-hydroxy-1,2,5-thiadiazol-3-yl)propanoic acid",0,0,,RCSB polymer entity chem_comp_monomers; short-polymer adds entity_poly.rcsb_sample_sequence_length <= 50.
短肽聚合物命中,R2T,"beta,gamma-dihydroxyglutamine",5,5,4MQ9 / 4OIN / 4OIP / 4OIQ / 4OIR,RCSB polymer entity chem_comp_monomers; short-polymer adds entity_poly.rcsb_sample_sequence_length <= 50.
短肽聚合物命中,R4K,"(2S,3R)-2-azanyl-3-hydroxy-3-[(3S)-3-hydroxy-2-oxo-1H-indol-3-yl]propanoic acid",1,1,1JD2,RCSB polymer entity chem_comp_monomers; short-polymer adds entity_poly.rcsb_sample_sequence_length <= 50.
短肽聚合物命中,R6E,(2~{R})-2-azanyl-2-ethyl-octanoic acid,1,1,6RLZ,RCSB polymer entity chem_comp_monomers; short-polymer adds entity_poly.rcsb_sample_sequence_length <= 50.
短肽聚合物命中,RE0,"3-[(3R)-3-hydroxy-2-oxo-2,3-dihydro-1H-indol-3-yl]-L-alanine",5,5,3NZW / 4JSQ / 4JSU / 4JT0,RCSB polymer entity chem_comp_monomers; short-polymer adds entity_poly.rcsb_sample_sequence_length <= 50.
短肽聚合物命中,RE3,"3-[(3S)-3-hydroxy-2-oxo-2,3-dihydro-1H-indol-3-yl]-L-alanine",1,1,3NZX,RCSB polymer entity chem_comp_monomers; short-polymer adds entity_poly.rcsb_sample_sequence_length <= 50.
仅较长聚合物命中,RF9,N~6~-[(1R)-1-carboxyethyl]-L-lysine,1,0,6NVA,RCSB polymer entity chem_comp_monomers; short-polymer adds entity_poly.rcsb_sample_sequence_length <= 50.
短肽聚合物命中,RGL,ARGINAL,4,4,2XE4 / 4YV8 / 6XTE / 6XU2,RCSB polymer entity chem_comp_monomers; short-polymer adds entity_poly.rcsb_sample_sequence_length <= 50.
暂无聚合物命中,RGP,GAMMA-GLUTAMYL PHOSPHATE,0,0,,RCSB polymer entity chem_comp_monomers; short-polymer adds entity_poly.rcsb_sample_sequence_length <= 50.
仅较长聚合物命中,RPI,phospho-arginine,2,0,6TV6 / 9ZAX,RCSB polymer entity chem_comp_monomers; short-polymer adds entity_poly.rcsb_sample_sequence_length <= 50.
暂无聚合物命中,RT0,"(2S,4S)-4-[4-(4-fluorophenyl)-1,2,3-triazol-1-yl]pyrrolidine-2-carboxylic acid",0,0,,RCSB polymer entity chem_comp_monomers; short-polymer adds entity_poly.rcsb_sample_sequence_length <= 50.
短肽聚合物命中,RVJ,3-triazan-1-yl-L-alanine,1,1,6VY8,RCSB polymer entity chem_comp_monomers; short-polymer adds entity_poly.rcsb_sample_sequence_length <= 50.
仅较长聚合物命中,RVX,O-[methyl(2-methylpropoxy)phosphoryl]-L-serine,2,0,3ZLT / 7R4E,RCSB polymer entity chem_comp_monomers; short-polymer adds entity_poly.rcsb_sample_sequence_length <= 50.
短肽聚合物命中,RX9,Dehydroisoleucine,2,2,7QQ3 / 8B7Y,RCSB polymer entity chem_comp_monomers; short-polymer adds entity_poly.rcsb_sample_sequence_length <= 50.
短肽聚合物命中,RXL,Dehydrovaline,2,2,7QQ3 / 8B7Y,RCSB polymer entity chem_comp_monomers; short-polymer adds entity_poly.rcsb_sample_sequence_length <= 50.
暂无聚合物命中,RZ4,O-tert-butyl-L-serine,0,0,,RCSB polymer entity chem_comp_monomers; short-polymer adds entity_poly.rcsb_sample_sequence_length <= 50.
短肽聚合物命中,S0R,(2S)-2-benzamido-4-methyl-pentanoic acid,1,1,9IF4,RCSB polymer entity chem_comp_monomers; short-polymer adds entity_poly.rcsb_sample_sequence_length <= 50.
暂无聚合物命中,S12,O-[(S)-hydroxy{[(2S)-2-hydroxy-3-(octadec-9-enoyloxy)propyl]oxy}phosphoryl]-L-serine,0,0,,RCSB polymer entity chem_comp_monomers; short-polymer adds entity_poly.rcsb_sample_sequence_length <= 50.
仅较长聚合物命中,S1H,1-HEXADECANOSULFONYL-O-L-SERINE,1,0,1FW3,RCSB polymer entity chem_comp_monomers; short-polymer adds entity_poly.rcsb_sample_sequence_length <= 50.
暂无聚合物命中,S2C,S-2-(BORONOETHYL)-L-CYSTEINE,0,0,,RCSB polymer entity chem_comp_monomers; short-polymer adds entity_poly.rcsb_sample_sequence_length <= 50.
暂无聚合物命中,S2D,N-BENZOYL-D-ALANINE,0,0,,RCSB polymer entity chem_comp_monomers; short-polymer adds entity_poly.rcsb_sample_sequence_length <= 50.
暂无聚合物命中,S2P,"(2S)-2-amino-3-(4-hydroxy-1,2,5-thiadiazol-3-yl)propanoic acid",0,0,,RCSB polymer entity chem_comp_monomers; short-polymer adds entity_poly.rcsb_sample_sequence_length <= 50.
短肽聚合物命中,SAC,N-ACETYL-SERINE,232,5,2AUC / 2KWO / 2QAC / 2XQQ / 3CVQ,RCSB polymer entity chem_comp_monomers; short-polymer adds entity_poly.rcsb_sample_sequence_length <= 50.
短肽聚合物命中,SAR,SARCOSINE,143,140,11MG / 11MH / 173D / 1A7Y / 1A7Z,RCSB polymer entity chem_comp_monomers; short-polymer adds entity_poly.rcsb_sample_sequence_length <= 50.
仅较长聚合物命中,SBD,D-NAPHTHYL-1-ACETAMIDO BORONIC ACID ALANINE,1,0,3VSB,RCSB polymer entity chem_comp_monomers; short-polymer adds entity_poly.rcsb_sample_sequence_length <= 50.
仅较长聚合物命中,SBL,L-NAPHTHYL-1-ACETAMIDO BORONIC ACID ALANINE,1,0,1AV7,RCSB polymer entity chem_comp_monomers; short-polymer adds entity_poly.rcsb_sample_sequence_length <= 50.
短肽聚合物命中,SCH,S-METHYL-THIO-CYSTEINE,58,5,5EH4 / 5EH6 / 6W9Y / 6W9Z / 6WA0,RCSB polymer entity chem_comp_monomers; short-polymer adds entity_poly.rcsb_sample_sequence_length <= 50.
仅较长聚合物命中,SCS,3-(ethyldisulfanyl)-L-alanine,5,0,1PSI / 2CMW / 2NUC / 4IKB / 5K30,RCSB polymer entity chem_comp_monomers; short-polymer adds entity_poly.rcsb_sample_sequence_length <= 50.
仅较长聚合物命中,SCY,S-ACETYL-CYSTEINE,52,0,1DM3 / 1HNH / 1M4S / 1MJA / 1NL7,RCSB polymer entity chem_comp_monomers; short-polymer adds entity_poly.rcsb_sample_sequence_length <= 50.
暂无聚合物命中,SD2,N-(SULFANYLACETYL)TYROSYLPROLYLMETHIONINAMIDE,0,0,,RCSB polymer entity chem_comp_monomers; short-polymer adds entity_poly.rcsb_sample_sequence_length <= 50.
暂无聚合物命中,SD4,N-hydroxy-L-asparagine,0,0,,RCSB polymer entity chem_comp_monomers; short-polymer adds entity_poly.rcsb_sample_sequence_length <= 50.
仅较长聚合物命中,SDP,2-AMINO-3-(DIETHOXY-PHOSPHORYLOXY)-PROPIONIC ACID,5,0,1J00 / 3C6B / 3M83 / 4FLM / 6H19,RCSB polymer entity chem_comp_monomers; short-polymer adds entity_poly.rcsb_sample_sequence_length <= 50.
仅较长聚合物命中,SE7,2-AMINO-3-SELENINO-PROPIONIC ACID,9,0,1GP1 / 1SEL / 1UBN / 4KL8 / 4KO2,RCSB polymer entity chem_comp_monomers; short-polymer adds entity_poly.rcsb_sample_sequence_length <= 50.
仅较长聚合物命中,SEB,O-BENZYLSULFONYL-SERINE,26,0,1C9M / 1GGV / 1IAV / 1IEC / 1PQA,RCSB polymer entity chem_comp_monomers; short-polymer adds entity_poly.rcsb_sample_sequence_length <= 50.
仅较长聚合物命中,SEE,trihydroxy(L-serinato-kappaO~3~)borate(1-),3,0,3E2L / 6V5E / 9THY,RCSB polymer entity chem_comp_monomers; short-polymer adds entity_poly.rcsb_sample_sequence_length <= 50.
短肽聚合物命中,SEL,"2-AMINO-1,3-PROPANEDIOL",1,1,1D5X,RCSB polymer entity chem_comp_monomers; short-polymer adds entity_poly.rcsb_sample_sequence_length <= 50.
短肽聚合物命中,SEM,O-benzyl-L-serine,1,1,7QFV,RCSB polymer entity chem_comp_monomers; short-polymer adds entity_poly.rcsb_sample_sequence_length <= 50.
仅较长聚合物命中,SEN,"O-[N,N-dimethylphosphoramidate]-L-serine",3,0,2X8B / 3DKK / 3DL7,RCSB polymer entity chem_comp_monomers; short-polymer adds entity_poly.rcsb_sample_sequence_length <= 50.
短肽聚合物命中,SEP,PHOSPHOSERINE,2351,770,1A37 / 1B4G / 1B4I / 1F8A / 1JLU,RCSB polymer entity chem_comp_monomers; short-polymer adds entity_poly.rcsb_sample_sequence_length <= 50.
短肽聚合物命中,SET,AMINOSERINE,14,14,1D5D / 1D5E / 1D5H / 1JAA / 1JC8,RCSB polymer entity chem_comp_monomers; short-polymer adds entity_poly.rcsb_sample_sequence_length <= 50.
短肽聚合物命中,SFE,(3S)-3-amino-3-phenylpropanoic acid,5,5,9FBI / 9FBL / 9FBM / 9VNK / 9VNM,RCSB polymer entity chem_comp_monomers; short-polymer adds entity_poly.rcsb_sample_sequence_length <= 50.
仅较长聚合物命中,SGB,O-[(S)-METHYL(1-METHYLETHOXY)PHOSPHORYL]-L-SERINE,10,0,2WHP / 2Y2V / 3DT8 / 3F96,RCSB polymer entity chem_comp_monomers; short-polymer adds entity_poly.rcsb_sample_sequence_length <= 50.
暂无聚合物命中,SHC,S-HEXYLCYSTEINE,0,0,,RCSB polymer entity chem_comp_monomers; short-polymer adds entity_poly.rcsb_sample_sequence_length <= 50.
暂无聚合物命中,SHP,(4-HYDROXYMALTOSEPHENYL)GLYCINE,0,0,,RCSB polymer entity chem_comp_monomers; short-polymer adds entity_poly.rcsb_sample_sequence_length <= 50.
暂无聚合物命中,SHR,N-(5-AMINO-5-CARBOXYPENTYL)GLUTAMIC ACID,0,0,,RCSB polymer entity chem_comp_monomers; short-polymer adds entity_poly.rcsb_sample_sequence_length <= 50.
暂无聚合物命中,SIB,"(2S)-2-AMINO-4-({[(2S,3S,4R,5R)-3,4-DIHYDROXY-5-(6-OXO-1,6-DIHYDRO-9H-PURIN-9-YL)TETRAHYDROFURAN-2-YL]METHYL}THIO)BUTANOIC ACID",0,0,,RCSB polymer entity chem_comp_monomers; short-polymer adds entity_poly.rcsb_sample_sequence_length <= 50.
仅较长聚合物命中,SIC,"(2R)-2-[(3S)-3-amino-2,5-dioxopyrrolidin-1-yl]-3-sulfanylpropanoic acid",1,0,3DIP,RCSB polymer entity chem_comp_monomers; short-polymer adds entity_poly.rcsb_sample_sequence_length <= 50.
暂无聚合物命中,SKG, 4-methylisoleucine,0,0,,RCSB polymer entity chem_comp_monomers; short-polymer adds entity_poly.rcsb_sample_sequence_length <= 50.
短肽聚合物命中,SKH,(3~{S})-5-[[(5~{S})-5-azanyl-6-oxidanyl-6-oxidanylidene-hexyl]amino]-3-methyl-3-oxidanyl-5-oxidanylidene-pentanoic acid,1,1,5OJO,RCSB polymer entity chem_comp_monomers; short-polymer adds entity_poly.rcsb_sample_sequence_length <= 50.
暂无聚合物命中,SKJ,beta-methylnorleucine,0,0,,RCSB polymer entity chem_comp_monomers; short-polymer adds entity_poly.rcsb_sample_sequence_length <= 50.
短肽聚合物命中,SLL,(2S)-2-azanyl-6-[(4-hydroxy-4-oxo-butanoyl)amino]hexanoic acid,21,20,3RIY / 4F4U / 4G1C / 4TWI / 4UTN,RCSB polymer entity chem_comp_monomers; short-polymer adds entity_poly.rcsb_sample_sequence_length <= 50.
暂无聚合物命中,SLR,"(3R,4R)-3-hydroxy-2-[(1S)-1-hydroxy-2-methylpropyl]-4-methyl-5-oxo-D-proline",0,0,,RCSB polymer entity chem_comp_monomers; short-polymer adds entity_poly.rcsb_sample_sequence_length <= 50.
短肽聚合物命中,SLZ,L-THIALYSINE,9,1,1BM2,RCSB polymer entity chem_comp_monomers; short-polymer adds entity_poly.rcsb_sample_sequence_length <= 50.
短肽聚合物命中,SMC,S-METHYLCYSTEINE,74,2,1CZI / 7OXN,RCSB polymer entity chem_comp_monomers; short-polymer adds entity_poly.rcsb_sample_sequence_length <= 50.
短肽聚合物命中,SME,METHIONINE SULFOXIDE,48,6,1BA6 / 2JUY / 4UU5 / 5D9E / 9OBK,RCSB polymer entity chem_comp_monomers; short-polymer adds entity_poly.rcsb_sample_sequence_length <= 50.
短肽聚合物命中,SMF,4-SULFOMETHYL-L-PHENYLALANINE,8,8,1NZQ / 1O0D / 2A2X / 2ANK / 2FEQ,RCSB polymer entity chem_comp_monomers; short-polymer adds entity_poly.rcsb_sample_sequence_length <= 50.
短肽聚合物命中,SNC,S-NITROSO-CYSTEINE,49,2,8GL5 / 8SY4,RCSB polymer entity chem_comp_monomers; short-polymer adds entity_poly.rcsb_sample_sequence_length <= 50.
仅较长聚合物命中,SNK,(2~{R})-2-azanyl-3-(4-ethanoylsulfanyl-1~{H}-imidazol-5-yl)propanoic acid,1,0,6ZOO,RCSB polymer entity chem_comp_monomers; short-polymer adds entity_poly.rcsb_sample_sequence_length <= 50.
短肽聚合物命中,SNN,L-3-AMINOSUCCINIMIDE,78,4,3H5R / 8BC6 / 8C3H / 9NR3,RCSB polymer entity chem_comp_monomers; short-polymer adds entity_poly.rcsb_sample_sequence_length <= 50.
短肽聚合物命中,SRZ,PROPOXY-L-SERINE,1,1,4CDR,RCSB polymer entity chem_comp_monomers; short-polymer adds entity_poly.rcsb_sample_sequence_length <= 50.
暂无聚合物命中,SUB,3-PHENYL-2-{[4-(TOLUENE-4-SULFONYL)-THIOMORPHOLINE-3-CARBONYL]-AMINO}-PROPIONIC ACID ETHYL ESTER,0,0,,RCSB polymer entity chem_comp_monomers; short-polymer adds entity_poly.rcsb_sample_sequence_length <= 50.
仅较长聚合物命中,SUI,"(3-AMINO-2,5-DIOXO-1-PYRROLIDINYL)ACETIC ACID",17,0,1GKT / 1GVT / 1GVU / 1GVV / 1GVW,RCSB polymer entity chem_comp_monomers; short-polymer adds entity_poly.rcsb_sample_sequence_length <= 50.
仅较长聚合物命中,SUN,O-[(R)-(DIMETHYLAMINO)(ETHOXY)PHOSPHORYL]-L-SERINE,9,0,2JEZ / 2JF0 / 3DJY / 3DL4 / 3DL7,RCSB polymer entity chem_comp_monomers; short-polymer adds entity_poly.rcsb_sample_sequence_length <= 50.
暂无聚合物命中,SVA,SERINE VANADATE,0,0,,RCSB polymer entity chem_comp_monomers; short-polymer adds entity_poly.rcsb_sample_sequence_length <= 50.
仅较长聚合物命中,SVV,O-[(S)-AMINO(HYDROXY)PHOSPHORYL]-L-SERINE,2,0,2JGJ / 6C6G,RCSB polymer entity chem_comp_monomers; short-polymer adds entity_poly.rcsb_sample_sequence_length <= 50.
仅较长聚合物命中,SVW,O-[(R)-AMINO(HYDROXY)PHOSPHORYL]-L-SERINE,1,0,2JGJ,RCSB polymer entity chem_comp_monomers; short-polymer adds entity_poly.rcsb_sample_sequence_length <= 50.
仅较长聚合物命中,SVX,O-[(R)-ETHOXY(METHYL)PHOSPHORYL]-L-SERINE,5,0,2Y2U / 6H1A / 6O66 / 7BFO / 7R3C,RCSB polymer entity chem_comp_monomers; short-polymer adds entity_poly.rcsb_sample_sequence_length <= 50.
仅较长聚合物命中,SVY,O-[BIS(1-METHYLETHOXY)PHOSPHORYL]-L-SERINE,3,0,2JGI / 2QM0 / 4JVV,RCSB polymer entity chem_comp_monomers; short-polymer adds entity_poly.rcsb_sample_sequence_length <= 50.
仅较长聚合物命中,SVZ,O-[(S)-HYDROXY(ISOPROPYLAMINO)PHOSPHORYL]-L-SERINE,1,0,2JGK,RCSB polymer entity chem_comp_monomers; short-polymer adds entity_poly.rcsb_sample_sequence_length <= 50.
仅较长聚合物命中,SWG,2-[(4Z)-2-[(1R)-1-amino-2-hydroxy-ethyl]-4-(1H-indol-3-ylmethylidene)-5-oxo-imidazol-1-yl]ethanoic acid,16,0,2YE0 / 2YE1 / 3ZTF / 4AR7 / 4B5Y,RCSB polymer entity chem_comp_monomers; short-polymer adds entity_poly.rcsb_sample_sequence_length <= 50.
仅较长聚合物命中,SWW,(2~{S})-2-azanyl-3-(2-hydroxyethylsulfanyl)propanoic acid,1,0,7B3U,RCSB polymer entity chem_comp_monomers; short-polymer adds entity_poly.rcsb_sample_sequence_length <= 50.
仅较长聚合物命中,SXE,O-{(S)-ETHOXY[(1-METHYLETHYL)AMINO]PHOSPHORYL}-L-SERINE,3,0,2JGF / 2WU3 / 2WU4,RCSB polymer entity chem_comp_monomers; short-polymer adds entity_poly.rcsb_sample_sequence_length <= 50.
仅较长聚合物命中,SYS,3-[(2-amino-2-oxoethyl)selanyl]-L-alanine,1,0,3BOG,RCSB polymer entity chem_comp_monomers; short-polymer adds entity_poly.rcsb_sample_sequence_length <= 50.
短肽聚合物命中,SZF,1-methoxy-N-methyl-L-tryptophan,1,1,8DNX,RCSB polymer entity chem_comp_monomers; short-polymer adds entity_poly.rcsb_sample_sequence_length <= 50.
短肽聚合物命中,T09,"(2S,4R)-2-amino-4-methyloctanoic acid",1,1,8DNX,RCSB polymer entity chem_comp_monomers; short-polymer adds entity_poly.rcsb_sample_sequence_length <= 50.
仅较长聚合物命中,T0I,"(2S)-2-amino-3-(2,4-dihydroxy-5-imidazol-1-yl-phenyl)propanoic acid",1,0,2Y74,RCSB polymer entity chem_comp_monomers; short-polymer adds entity_poly.rcsb_sample_sequence_length <= 50.
暂无聚合物命中,T11,4-[3-(TRIFLUOROMETHYL)DIAZIRIDIN-3-YL]-L-PHENYLALANINE,0,0,,RCSB polymer entity chem_comp_monomers; short-polymer adds entity_poly.rcsb_sample_sequence_length <= 50.
暂无聚合物命中,T2C,"(2S)-1,3-thiazolidine-2-carboxylic acid",0,0,,RCSB polymer entity chem_comp_monomers; short-polymer adds entity_poly.rcsb_sample_sequence_length <= 50.
短肽聚合物命中,T3R,"N,5-dimethyl-L-norleucine",1,1,8DNY,RCSB polymer entity chem_comp_monomers; short-polymer adds entity_poly.rcsb_sample_sequence_length <= 50.
短肽聚合物命中,T66,2-AMINOETHYLLYSINE-CARBONYLMETHYLENE-THYMINE,1,1,1NR8,RCSB polymer entity chem_comp_monomers; short-polymer adds entity_poly.rcsb_sample_sequence_length <= 50.
短肽聚合物命中,T79,(2S)-2-azanylhex-4-ynoic acid,1,1,8C17,RCSB polymer entity chem_comp_monomers; short-polymer adds entity_poly.rcsb_sample_sequence_length <= 50.
暂无聚合物命中,T7Q,(2~{S})-2-azanyl-3-(9-oxidanylidene-10~{H}-acridin-2-yl)propanoic acid,0,0,,RCSB polymer entity chem_comp_monomers; short-polymer adds entity_poly.rcsb_sample_sequence_length <= 50.
仅较长聚合物命中,T8L,Thio-phosohothreonine,1,0,6FD3,RCSB polymer entity chem_comp_monomers; short-polymer adds entity_poly.rcsb_sample_sequence_length <= 50.
短肽聚合物命中,T9E,Selenothreonine,1,1,6FRJ,RCSB polymer entity chem_comp_monomers; short-polymer adds entity_poly.rcsb_sample_sequence_length <= 50.
短肽聚合物命中,TA4,"(S)-2-[4-(AMINOMETHYL)-1H-1,2,3-TRIAZOL-1-YL]-4-METHYLPENTANOIC ACID",3,3,1U9F / 1U9G / 1U9H,RCSB polymer entity chem_comp_monomers; short-polymer adds entity_poly.rcsb_sample_sequence_length <= 50.
暂无聚合物命中,TAV,N-METHYL-N-{2-[(2-NAPHTHYLSULFONYL)AMINO]-5-[(2-NAPHTHYLSULFONYL)OXY]BENZOYL}-L-ASPARTIC ACID,0,0,,RCSB polymer entity chem_comp_monomers; short-polymer adds entity_poly.rcsb_sample_sequence_length <= 50.
短肽聚合物命中,TBG,3-methyl-L-valine,24,24,1D6E / 26NL / 2PBK / 2RQO / 4RYD,RCSB polymer entity chem_comp_monomers; short-polymer adds entity_poly.rcsb_sample_sequence_length <= 50.
仅较长聚合物命中,TCQ,"(1S,2R)-N-{(1E)-5-[(2S)-2-amino-2-carboxyethyl]-2-hydroxy-4-oxocyclohexa-2,5-dien-1-ylidene}-2-phenylcyclopropanaminium",1,0,1W4N,RCSB polymer entity chem_comp_monomers; short-polymer adds entity_poly.rcsb_sample_sequence_length <= 50.
暂无聚合物命中,TCR,CYCLOMETHYLTRYPTOPHAN,0,0,,RCSB polymer entity chem_comp_monomers; short-polymer adds entity_poly.rcsb_sample_sequence_length <= 50.
短肽聚合物命中,TDD,"(2R)-2-amino-3,3-dimethyl-butanoic acid",1,1,2RQO,RCSB polymer entity chem_comp_monomers; short-polymer adds entity_poly.rcsb_sample_sequence_length <= 50.
短肽聚合物命中,TDF,4-(trifluoromethyl)-D-phenylalanine,2,2,3TPX / 6KZU,RCSB polymer entity chem_comp_monomers; short-polymer adds entity_poly.rcsb_sample_sequence_length <= 50.
暂无聚合物命中,TEF,4-(2H-tetrazol-2-yl)-L-phenylalanine,0,0,,RCSB polymer entity chem_comp_monomers; short-polymer adds entity_poly.rcsb_sample_sequence_length <= 50.
暂无聚合物命中,TFQ,"4-(2,2,2-TRIFLUOROETHYL)-L-PHENYLALANINE",0,0,,RCSB polymer entity chem_comp_monomers; short-polymer adds entity_poly.rcsb_sample_sequence_length <= 50.
暂无聚合物命中,TFR,"(2R)-2-amino-7-oxo-7-{[(2R,3S)-4,4,4-trifluoro-3-hydroxybutan-2-yl]amino}heptanoic acid",0,0,,RCSB polymer entity chem_comp_monomers; short-polymer adds entity_poly.rcsb_sample_sequence_length <= 50.
仅较长聚合物命中,TGH,6-{[(S)-carboxy(hydroxy)methyl]amino}-7-hydroxy-L-tryptophan,1,0,6VMV,RCSB polymer entity chem_comp_monomers; short-polymer adds entity_poly.rcsb_sample_sequence_length <= 50.
短肽聚合物命中,TH5,O-acetyl-L-threonine,3,1,9TA5,RCSB polymer entity chem_comp_monomers; short-polymer adds entity_poly.rcsb_sample_sequence_length <= 50.
短肽聚合物命中,TH6,4-HYDROXY-L-THREONINE,1,1,2WW7,RCSB polymer entity chem_comp_monomers; short-polymer adds entity_poly.rcsb_sample_sequence_length <= 50.
短肽聚合物命中,THC,N-METHYLCARBONYLTHREONINE,20,8,1MPA / 2MPA / 3AH8 / 5XXK / 8DGO,RCSB polymer entity chem_comp_monomers; short-polymer adds entity_poly.rcsb_sample_sequence_length <= 50.
短肽聚合物命中,THO,REDUCED THREONINE,5,5,1SOC / 2SOC / 7T11 / 7XAU / 7YAE,RCSB polymer entity chem_comp_monomers; short-polymer adds entity_poly.rcsb_sample_sequence_length <= 50.
短肽聚合物命中,THZ,"1-[(4S)-4-amino-5-(1,3-benzothiazol-2-yl)-5-oxopentyl]guanidine",1,1,8G1W,RCSB polymer entity chem_comp_monomers; short-polymer adds entity_poly.rcsb_sample_sequence_length <= 50.
短肽聚合物命中,TIH,BETA(2-THIENYL)ALANINE,8,7,1BDK / 1EOJ / 4TRW / 4TRY / 4TRZ,RCSB polymer entity chem_comp_monomers; short-polymer adds entity_poly.rcsb_sample_sequence_length <= 50.
仅较长聚合物命中,TIS,"O-(1,1-dihydroxyethyl)-L-serine",2,0,3FYU / 8AEV,RCSB polymer entity chem_comp_monomers; short-polymer adds entity_poly.rcsb_sample_sequence_length <= 50.
暂无聚合物命中,TJI,ethyl 3-bromanyl-2-methyl-propanoate,0,0,,RCSB polymer entity chem_comp_monomers; short-polymer adds entity_poly.rcsb_sample_sequence_length <= 50.
短肽聚合物命中,TLY,(2S)-2-azanyl-6-(ethanethioylamino)hexanoic acid,1,1,3RIG,RCSB polymer entity chem_comp_monomers; short-polymer adds entity_poly.rcsb_sample_sequence_length <= 50.
短肽聚合物命中,TMD,"(6,7-DIHYDRO)4-[(E)-BUTENYL]-4,N-DIMETHYL-THREONINE",2,2,1CWK / 8R7U,RCSB polymer entity chem_comp_monomers; short-polymer adds entity_poly.rcsb_sample_sequence_length <= 50.
暂无聚合物命中,TNB,"S-(2,3,6-TRINITROPHENYL)CYSTEINE",0,0,,RCSB polymer entity chem_comp_monomers; short-polymer adds entity_poly.rcsb_sample_sequence_length <= 50.
仅较长聚合物命中,TNQ,6-[(carboxymethyl)amino]-7-hydroxy-L-tryptophan,4,0,6EER / 6UBN / 6VMF / 6VMW,RCSB polymer entity chem_comp_monomers; short-polymer adds entity_poly.rcsb_sample_sequence_length <= 50.
仅较长聚合物命中,TOQ,"6,7-dihydroxy-L-tryptophan",2,0,3SXT / 4K3I,RCSB polymer entity chem_comp_monomers; short-polymer adds entity_poly.rcsb_sample_sequence_length <= 50.
仅较长聚合物命中,TOX,1-hydroperoxy-L-tryptophan,39,0,3UT2 / 5KQ0 / 5KQ2 / 5KQ3 / 5KQ6,RCSB polymer entity chem_comp_monomers; short-polymer adds entity_poly.rcsb_sample_sequence_length <= 50.
仅较长聚合物命中,TOZ,"2-[2-(aminomethyl)-1,3-thiazol-4-yl]-1,3-oxazole-4-carboxylic acid",2,0,6GOS / 6GRG,RCSB polymer entity chem_comp_monomers; short-polymer adds entity_poly.rcsb_sample_sequence_length <= 50.
暂无聚合物命中,TPJ,(5R)-5-tert-butyl-L-proline,0,0,,RCSB polymer entity chem_comp_monomers; short-polymer adds entity_poly.rcsb_sample_sequence_length <= 50.
暂无聚合物命中,TPK,"(1R)-1-[(2S)-pyrrolidin-2-yl]ethane-1,2-diol",0,0,,RCSB polymer entity chem_comp_monomers; short-polymer adds entity_poly.rcsb_sample_sequence_length <= 50.
短肽聚合物命中,TPL,TRYPTOPHANOL,1,1,1EE7,RCSB polymer entity chem_comp_monomers; short-polymer adds entity_poly.rcsb_sample_sequence_length <= 50.
短肽聚合物命中,TPO,PHOSPHOTHREONINE,1843,409,11SD / 11SE / 11SF / 11SG / 11SH,RCSB polymer entity chem_comp_monomers; short-polymer adds entity_poly.rcsb_sample_sequence_length <= 50.
仅较长聚合物命中,TPQ,"5-(2-CARBOXY-2-AMINOETHYL)-2-HYDROXY-1,4-BENZOQUINONE",72,0,1A2V / 1AV4 / 1AVL / 1DYU / 1IQX,RCSB polymer entity chem_comp_monomers; short-polymer adds entity_poly.rcsb_sample_sequence_length <= 50.
暂无聚合物命中,TQI,N-{[4-CHLORO-3-(TRIFLUOROMETHYL)PHENYL]SULFONYL}-L-TRYPTOPHAN,0,0,,RCSB polymer entity chem_comp_monomers; short-polymer adds entity_poly.rcsb_sample_sequence_length <= 50.
仅较长聚合物命中,TQQ,"(S)-2-AMINO-3-(6,7-DIHYDRO-6-IMINO-7-OXO-1H-INDOL-3-YL)PROPANOIC ACID",8,0,2AGW / 2I0T / 2IUR / 2IUV / 2J56,RCSB polymer entity chem_comp_monomers; short-polymer adds entity_poly.rcsb_sample_sequence_length <= 50.
仅较长聚合物命中,TQZ,2-AMINO-3-PENTASULFANYLPROPAN-1-OL,1,0,4BKD,RCSB polymer entity chem_comp_monomers; short-polymer adds entity_poly.rcsb_sample_sequence_length <= 50.
短肽聚合物命中,TRF,N1-FORMYL-TRYPTOPHAN,2,2,1QS7 / 1VRK,RCSB polymer entity chem_comp_monomers; short-polymer adds entity_poly.rcsb_sample_sequence_length <= 50.
短肽聚合物命中,TRN,NZ2-TRYPTOPHAN,3,2,4Z0E / 9Y6C,RCSB polymer entity chem_comp_monomers; short-polymer adds entity_poly.rcsb_sample_sequence_length <= 50.
短肽聚合物命中,TRO,2-HYDROXY-TRYPTOPHAN,6,1,3NZJ,RCSB polymer entity chem_comp_monomers; short-polymer adds entity_poly.rcsb_sample_sequence_length <= 50.
仅较长聚合物命中,TRQ,"2-AMINO-3-(6,7-DIOXO-6,7-DIHYDRO-1H-INDOL-3-YL)-PROPIONIC ACID",44,0,1JJU / 1JMX / 1JMZ / 1MDA / 1MG2,RCSB polymer entity chem_comp_monomers; short-polymer adds entity_poly.rcsb_sample_sequence_length <= 50.
仅较长聚合物命中,TRW,TRW3-(2-AMINO-3-HYDROXY-PROPYL)-6-(N'-CYCLOHEXYL-HYDRAZINO)OCTAHYDRO-INDOL-7-OL,2,0,1MG3 / 1PBY,RCSB polymer entity chem_comp_monomers; short-polymer adds entity_poly.rcsb_sample_sequence_length <= 50.
短肽聚合物命中,TRX,6-HYDROXYTRYPTOPHAN,27,20,1K83 / 2VUM / 3CQZ / 6EXV / 8WAK,RCSB polymer entity chem_comp_monomers; short-polymer adds entity_poly.rcsb_sample_sequence_length <= 50.
暂无聚合物命中,TRY,(2Z)-2-amino-3-(1H-indol-3-yl)prop-2-enoic acid,0,0,,RCSB polymer entity chem_comp_monomers; short-polymer adds entity_poly.rcsb_sample_sequence_length <= 50.
短肽聚合物命中,TS9,"(2S,3S,4R)-2-amino-3,4-dihydroxy-3-methylpentanoic acid",12,12,1E9W / 1OLN / 2JQ7 / 2L2W / 2L2X,RCSB polymer entity chem_comp_monomers; short-polymer adds entity_poly.rcsb_sample_sequence_length <= 50.
仅较长聚合物命中,TSQ,4-(trimethylsilyl)-L-phenylalanine,1,0,6KRG,RCSB polymer entity chem_comp_monomers; short-polymer adds entity_poly.rcsb_sample_sequence_length <= 50.
暂无聚合物命中,TST,4-METHYL-2-{[4-(TOLUENE-4-SULFONYL)-THIOMORPHOLINE-3-CARBONYL]-AMINO}-PENTANOIC ACID,0,0,,RCSB polymer entity chem_comp_monomers; short-polymer adds entity_poly.rcsb_sample_sequence_length <= 50.
仅较长聚合物命中,TSY,(2S)-2-amino-3-trisulfanylpropanoic acid,13,0,3SX6 / 3T31 / 4BKC / 6KTZ / 6KU1,RCSB polymer entity chem_comp_monomers; short-polymer adds entity_poly.rcsb_sample_sequence_length <= 50.
仅较长聚合物命中,TTQ,6-AMINO-7-HYDROXY-L-TRYPTOPHAN,2,0,2HXC / 2I0S,RCSB polymer entity chem_comp_monomers; short-polymer adds entity_poly.rcsb_sample_sequence_length <= 50.
仅较长聚合物命中,TTS,"3-((3E)-4-HYDROXY-3-{[2-(4-HYDROXYPHENYL)ETHYL]IMINO}-6-OXOCYCLOHEXA-1,4-DIEN-1-YL)ALANINE",1,0,2D1W,RCSB polymer entity chem_comp_monomers; short-polymer adds entity_poly.rcsb_sample_sequence_length <= 50.
仅较长聚合物命中,TXY,"3-[(5S)-4,5-dihydroxycyclohexa-1,3-dien-1-yl]-L-alanine",1,0,6H8T,RCSB polymer entity chem_comp_monomers; short-polymer adds entity_poly.rcsb_sample_sequence_length <= 50.
暂无聚合物命中,TY1,O-tert-butyl-L-tyrosine,0,0,,RCSB polymer entity chem_comp_monomers; short-polymer adds entity_poly.rcsb_sample_sequence_length <= 50.
仅较长聚合物命中,TY2,3-AMINO-L-TYROSINE,7,0,2VH3 / 2XO4 / 2XO5 / 3MBB / 9H87,RCSB polymer entity chem_comp_monomers; short-polymer adds entity_poly.rcsb_sample_sequence_length <= 50.
短肽聚合物命中,TY5,O-benzyl-L-tyrosine,11,11,3NZJ / 3NZW / 3NZX / 4JSQ / 4JSU,RCSB polymer entity chem_comp_monomers; short-polymer adds entity_poly.rcsb_sample_sequence_length <= 50.
仅较长聚合物命中,TY8,"2,4-bis(hydroperoxy)-5-hydroxy-L-phenylalanine",2,0,3NBB / 3NBJ,RCSB polymer entity chem_comp_monomers; short-polymer adds entity_poly.rcsb_sample_sequence_length <= 50.
仅较长聚合物命中,TY9,"3,4-bis(hydroperoxy)-5-hydroxy-L-phenylalanine",2,0,3NBB / 3NBJ,RCSB polymer entity chem_comp_monomers; short-polymer adds entity_poly.rcsb_sample_sequence_length <= 50.
短肽聚合物命中,TYB,TYROSINAL,3,2,1GA4 / 1NLU,RCSB polymer entity chem_comp_monomers; short-polymer adds entity_poly.rcsb_sample_sequence_length <= 50.
短肽聚合物命中,TYE,4-[(2S)-2-amino-3-hydroxypropyl]phenol,5,5,4Y81 / 4Y82 / 4Y8Q / 6M9C / 6M9F,RCSB polymer entity chem_comp_monomers; short-polymer adds entity_poly.rcsb_sample_sequence_length <= 50.
短肽聚合物命中,TYI,"3,5-DIIODOTYROSINE",24,2,1CTP / 4PGC,RCSB polymer entity chem_comp_monomers; short-polymer adds entity_poly.rcsb_sample_sequence_length <= 50.
短肽聚合物命中,TYJ,"2,5-dihydroxy-N-methyl-L-tyrosine",1,1,1QR3,RCSB polymer entity chem_comp_monomers; short-polymer adds entity_poly.rcsb_sample_sequence_length <= 50.
仅较长聚合物命中,TYN,AMINOBENZOFURAZAN-O-TYROSINE,1,0,1NBM,RCSB polymer entity chem_comp_monomers; short-polymer adds entity_poly.rcsb_sample_sequence_length <= 50.
仅较长聚合物命中,TYO,"(4Z,6E)-2-AMINO-7-HYDROPEROXY-4-[(E)-2-HYDROXYVINYL]HEPTA-4,6-DIENOIC ACID",1,0,2HHF,RCSB polymer entity chem_comp_monomers; short-polymer adds entity_poly.rcsb_sample_sequence_length <= 50.
仅较长聚合物命中,TYQ,3-AMINO-6-HYDROXY-TYROSINE,47,0,1D6U / 1D6Y / 3X3X / 3X3Y / 3X3Z,RCSB polymer entity chem_comp_monomers; short-polymer adds entity_poly.rcsb_sample_sequence_length <= 50.
短肽聚合物命中,TYS,O-SULFO-L-TYROSINE,373,277,1A2C / 1A46 / 1A4W / 1A5G / 1A61,RCSB polymer entity chem_comp_monomers; short-polymer adds entity_poly.rcsb_sample_sequence_length <= 50.
仅较长聚合物命中,TYT,TYROSINE DERIVATIVE,1,0,1LVN,RCSB polymer entity chem_comp_monomers; short-polymer adds entity_poly.rcsb_sample_sequence_length <= 50.
仅较长聚合物命中,TYX,S-(2-ANILINO-2-OXOETHYL)-L-CYSTEINE,1,0,2PQT,RCSB polymer entity chem_comp_monomers; short-polymer adds entity_poly.rcsb_sample_sequence_length <= 50.
仅较长聚合物命中,TYY,"3-(4-HYDROXY-3-IMINO-6-OXO-CYCLOHEXA-1,4-DIENYL)-ALANINE",4,0,1D6Z / 4KFD / 4KFE / 4KFF,RCSB polymer entity chem_comp_monomers; short-polymer adds entity_poly.rcsb_sample_sequence_length <= 50.
暂无聚合物命中,TZB,"(4S)-2-[(1E)-1-AMINOPROP-1-ENYL]-4,5-DIHYDRO-1,3-THIAZOLE-4-CARBOXYLIC ACID",0,0,,RCSB polymer entity chem_comp_monomers; short-polymer adds entity_poly.rcsb_sample_sequence_length <= 50.
短肽聚合物命中,U2M,(2S)-2-amino-7-sulfanylheptanoic acid,8,8,6WHN / 6WHO / 6WHQ / 6WHZ / 6WI3,RCSB polymer entity chem_comp_monomers; short-polymer adds entity_poly.rcsb_sample_sequence_length <= 50.
短肽聚合物命中,U2X,O-(cyclohexylmethyl)-L-tyrosine,13,13,4JZW / 4JZZ / 4LAJ / 4R4F / 4R4N,RCSB polymer entity chem_comp_monomers; short-polymer adds entity_poly.rcsb_sample_sequence_length <= 50.
短肽聚合物命中,U3X,4-[(cyclohexylmethyl)amino]-L-phenylalanine,1,1,4KA2,RCSB polymer entity chem_comp_monomers; short-polymer adds entity_poly.rcsb_sample_sequence_length <= 50.
短肽聚合物命中,UAL,(2Z)-2-amino-3-(carbamoylamino)prop-2-enoic acid,34,34,4V7C / 4V7D / 4V7L / 4V7M / 4V85,RCSB polymer entity chem_comp_monomers; short-polymer adds entity_poly.rcsb_sample_sequence_length <= 50.
短肽聚合物命中,UB4,"(2S)-2-amino-4-(1,3-benzothiazol-2-yl)butanoic acid",2,2,6WUU / 7LFU,RCSB polymer entity chem_comp_monomers; short-polymer adds entity_poly.rcsb_sample_sequence_length <= 50.
暂无聚合物命中,UDS,N-[(3-HYDROXYQUINOLIN-2-YL)CARBONYL]-D-SERINE,0,0,,RCSB polymer entity chem_comp_monomers; short-polymer adds entity_poly.rcsb_sample_sequence_length <= 50.
仅较长聚合物命中,UF0,"O-[(R)-hydroxy{[(3R)-3-hydroxy-4-{[3-({2-[(hydroxyacetyl)amino]ethyl}amino)-3-oxopropyl]amino}-2,2-dimethyl-4-oxobutyl]oxy}phosphoryl]-L-serine",1,0,3TEJ,RCSB polymer entity chem_comp_monomers; short-polymer adds entity_poly.rcsb_sample_sequence_length <= 50.
暂无聚合物命中,UGY,(2S)-amino(carbamoylamino)ethanoic acid,0,0,,RCSB polymer entity chem_comp_monomers; short-polymer adds entity_poly.rcsb_sample_sequence_length <= 50.
短肽聚合物命中,UIA,[(2~{R})-1-azanylpropan-2-yl]carbamic acid,2,2,6XZK / 6XZV,RCSB polymer entity chem_comp_monomers; short-polymer adds entity_poly.rcsb_sample_sequence_length <= 50.
暂无聚合物命中,UJR,(2~{R})-2-azanyl-3-(5-iodanylpyrimidin-2-yl)sulfanyl-propanal,0,0,,RCSB polymer entity chem_comp_monomers; short-polymer adds entity_poly.rcsb_sample_sequence_length <= 50.
短肽聚合物命中,UKD,"3-(4-phosphono-1H-1,2,3-triazol-1-yl)-L-alanine",6,6,6X1U / 6X1V / 6X1W / 8UHP / 8UIH,RCSB polymer entity chem_comp_monomers; short-polymer adds entity_poly.rcsb_sample_sequence_length <= 50.
短肽聚合物命中,UKY,"3-(5-phosphono-1H-1,2,3-triazol-1-yl)-L-alanine",2,2,6X1S / 6X1T,RCSB polymer entity chem_comp_monomers; short-polymer adds entity_poly.rcsb_sample_sequence_length <= 50.
暂无聚合物命中,UM1,(2R)-2-[[(2R)-2-(2-aminoethanoylamino)propanoyl]amino]propanoic acid,0,0,,RCSB polymer entity chem_comp_monomers; short-polymer adds entity_poly.rcsb_sample_sequence_length <= 50.
暂无聚合物命中,UM2,(2S)-2-amino-N-butyl-propanamide,0,0,,RCSB polymer entity chem_comp_monomers; short-polymer adds entity_poly.rcsb_sample_sequence_length <= 50.
短肽聚合物命中,UMA,URIDINE-5'-DIPHOSPHATE-N-ACETYLMURAMOYL-L-ALANINE,2,2,1P4N / 3GKR,RCSB polymer entity chem_comp_monomers; short-polymer adds entity_poly.rcsb_sample_sequence_length <= 50.
短肽聚合物命中,UN1,2-AMINOHEXANEDIOIC ACID,6,6,1H0G / 1W9U / 1WAW / 5TWI / 5TWW,RCSB polymer entity chem_comp_monomers; short-polymer adds entity_poly.rcsb_sample_sequence_length <= 50.
暂无聚合物命中,UN2,"2-AMINO-4,4-DIHYDROXYBUTANOIC ACID",0,0,,RCSB polymer entity chem_comp_monomers; short-polymer adds entity_poly.rcsb_sample_sequence_length <= 50.
仅较长聚合物命中,UOX,3-(oxido-lambda~4~-selanyl)-L-alanine,4,0,4KL8 / 4KO2 / 4KO3 / 4KO4,RCSB polymer entity chem_comp_monomers; short-polymer adds entity_poly.rcsb_sample_sequence_length <= 50.
短肽聚合物命中,URV,[(2~{S})-2-azanyl-3-methyl-butyl]carbamic acid,3,3,6HFA / 6XZK / 6XZV,RCSB polymer entity chem_comp_monomers; short-polymer adds entity_poly.rcsb_sample_sequence_length <= 50.
短肽聚合物命中,UU4,(2S)-2-amino-4-(L-serylamino)butanoic acid,1,1,4HU5,RCSB polymer entity chem_comp_monomers; short-polymer adds entity_poly.rcsb_sample_sequence_length <= 50.
短肽聚合物命中,UU5,(2S)-2-amino-4-[(oxoacetyl)amino]butanoic acid,1,1,4HU6,RCSB polymer entity chem_comp_monomers; short-polymer adds entity_poly.rcsb_sample_sequence_length <= 50.
短肽聚合物命中,UX8,"(2~{S},3~{R})-2-azanyl-3-(1~{H}-indol-3-yl)-3-oxidanyl-propanoic acid",14,14,7NRE / 7NRF / 7NRI / 7P1C / 8ADG,RCSB polymer entity chem_comp_monomers; short-polymer adds entity_poly.rcsb_sample_sequence_length <= 50.
短肽聚合物命中,UXQ,(2S)-2-azanyl-3-[4-[(2-chloranylethanoylamino)methyl]phenyl]propanoic acid,1,1,7O07,RCSB polymer entity chem_comp_monomers; short-polymer adds entity_poly.rcsb_sample_sequence_length <= 50.
仅较长聚合物命中,UXY,(4R)-4-hydroxy-L-lysine,1,0,6XA1,RCSB polymer entity chem_comp_monomers; short-polymer adds entity_poly.rcsb_sample_sequence_length <= 50.
暂无聚合物命中,UY7,(4S)-4-hydroxy-D-proline,0,0,,RCSB polymer entity chem_comp_monomers; short-polymer adds entity_poly.rcsb_sample_sequence_length <= 50.
短肽聚合物命中,UYA,(4R)-4-hydroxy-D-proline,2,2,8PQO / 8XGO,RCSB polymer entity chem_comp_monomers; short-polymer adds entity_poly.rcsb_sample_sequence_length <= 50.
短肽聚合物命中,UZ4,"(2R,3S)-3-amino-2-hydroxy-4-[(3S)-2-oxopyrrolidin-3-yl]butanoic acid",2,2,6XBG / 6XBI,RCSB polymer entity chem_comp_monomers; short-polymer adds entity_poly.rcsb_sample_sequence_length <= 50.
短肽聚合物命中,UZA,"(2S,6E)-2-amino-2-methylnon-6-enoic acid",1,1,6PW8,RCSB polymer entity chem_comp_monomers; short-polymer adds entity_poly.rcsb_sample_sequence_length <= 50.
短肽聚合物命中,UZN,[(2~{S})-2-azanylhexyl]carbamic acid,2,2,6XZK / 6XZV,RCSB polymer entity chem_comp_monomers; short-polymer adds entity_poly.rcsb_sample_sequence_length <= 50.
短肽聚合物命中,V1C,(2S)-2-azanyl-3-[4-[1-(2-methylpropyl)pyrazol-4-yl]phenyl]propanoic acid,1,1,8JUG,RCSB polymer entity chem_comp_monomers; short-polymer adds entity_poly.rcsb_sample_sequence_length <= 50.
短肽聚合物命中,V1V,"(2S,3S)-3-amino-2-hydroxyhexanoic acid",1,1,6XFN,RCSB polymer entity chem_comp_monomers; short-polymer adds entity_poly.rcsb_sample_sequence_length <= 50.
短肽聚合物命中,V3C,Trans-4-athyl-L-proline,1,1,8CIZ,RCSB polymer entity chem_comp_monomers; short-polymer adds entity_poly.rcsb_sample_sequence_length <= 50.
短肽聚合物命中,V3E,(2~{S})-2-azanyl-3-(2-hydroxyphenyl)propanoic acid,1,1,8JPQ,RCSB polymer entity chem_comp_monomers; short-polymer adds entity_poly.rcsb_sample_sequence_length <= 50.
仅较长聚合物命中,V44,"S-[2,2-bis(1-methyl-1H-imidazol-2-yl)ethyl]-L-cysteine",1,0,6XJ5,RCSB polymer entity chem_comp_monomers; short-polymer adds entity_poly.rcsb_sample_sequence_length <= 50.
短肽聚合物命中,V4F,8-(aminomethyl)-4-(phosphonomethoxy)quinoline-2-carboxylic acid,5,5,8CMN / 8Q2M / 8QHM / 8QPC,RCSB polymer entity chem_comp_monomers; short-polymer adds entity_poly.rcsb_sample_sequence_length <= 50.
短肽聚合物命中,V53,8-azanyl-4-(phosphonomethoxy)quinoline-2-carboxylic acid,6,6,8CMN / 8Q2M / 8QHM / 8QPC,RCSB polymer entity chem_comp_monomers; short-polymer adds entity_poly.rcsb_sample_sequence_length <= 50.
短肽聚合物命中,V5F,(2R)-2-(2-azanylphenoxy)propanoic acid,5,5,8CMN / 8Q2M / 8QHM / 8QPC,RCSB polymer entity chem_comp_monomers; short-polymer adds entity_poly.rcsb_sample_sequence_length <= 50.
仅较长聚合物命中,V5N,"(2S,3S)-2-azanyl-3-(1H-imidazol-5-yl)-3-oxidanyl-propanoic acid",66,0,28LN / 7O7Y / 7O7Z,RCSB polymer entity chem_comp_monomers; short-polymer adds entity_poly.rcsb_sample_sequence_length <= 50.
短肽聚合物命中,V61,"2,3,5,6-tetrafluoro-4-iodo-L-phenylalanine",1,1,6XNF,RCSB polymer entity chem_comp_monomers; short-polymer adds entity_poly.rcsb_sample_sequence_length <= 50.
短肽聚合物命中,V6W,NE-Acetyl-L-tryptophan,1,1,8ALX,RCSB polymer entity chem_comp_monomers; short-polymer adds entity_poly.rcsb_sample_sequence_length <= 50.
短肽聚合物命中,VAD,DEAMINOHYDROXYVALINE,5,5,1CWO / 6ECD / 6ECE / 6ECF / 9YWS,RCSB polymer entity chem_comp_monomers; short-polymer adds entity_poly.rcsb_sample_sequence_length <= 50.
短肽聚合物命中,VAH,(3R)-3-hydroxy-L-norvaline,1,1,8AXH,RCSB polymer entity chem_comp_monomers; short-polymer adds entity_poly.rcsb_sample_sequence_length <= 50.
暂无聚合物命中,VB1,N^6^-[(1R)-2-{[(1S)-1-carboxypropyl]amino}-2-oxo-1-(sulfanylmethyl)ethyl]-6-oxo-L-lysine,0,0,,RCSB polymer entity chem_comp_monomers; short-polymer adds entity_poly.rcsb_sample_sequence_length <= 50.
短肽聚合物命中,VDE,"(2S)-2-azanyl-6-[4-[(2S)-2,3-bis(azanyl)-3-oxidanylidene-propyl]-1,2,3-triazol-1-yl]hexanoic acid",1,1,8BEA,RCSB polymer entity chem_comp_monomers; short-polymer adds entity_poly.rcsb_sample_sequence_length <= 50.
短肽聚合物命中,VDK,"[(1S,3S)-3-carboxycyclohexyl]azanium",1,1,7OFV,RCSB polymer entity chem_comp_monomers; short-polymer adds entity_poly.rcsb_sample_sequence_length <= 50.
短肽聚合物命中,VDL,"(2R,3R)-2,3-DIAMINOBUTANOIC ACID",1,1,1W3M,RCSB polymer entity chem_comp_monomers; short-polymer adds entity_poly.rcsb_sample_sequence_length <= 50.
短肽聚合物命中,VEF,"(3S)-3-azanyl-2,2-bis(oxidanyl)butanoic acid",5,5,8COY / 8QKE / 8QKG / 8QKJ / 9FM5,RCSB polymer entity chem_comp_monomers; short-polymer adds entity_poly.rcsb_sample_sequence_length <= 50.
暂无聚合物命中,VH0,"(2S,4S)-4-[4-(aminomethyl)-1,2,3-triazol-1-yl]pyrrolidine-2-carboxylic acid",0,0,,RCSB polymer entity chem_comp_monomers; short-polymer adds entity_poly.rcsb_sample_sequence_length <= 50.
短肽聚合物命中,VHF,(2~{S})-2-azanyl-5-oxidanylidene-5-phosphonooxy-pentanoic acid,2,1,7OY3,RCSB polymer entity chem_comp_monomers; short-polymer adds entity_poly.rcsb_sample_sequence_length <= 50.
仅较长聚合物命中,VI3,(2~{R})-2-azanyl-3-[bis(oxidanylidene)-$l^{5}-sulfanyl]propanoic acid,4,0,7DJT / 7ONM / 7ONQ / 7ONV,RCSB polymer entity chem_comp_monomers; short-polymer adds entity_poly.rcsb_sample_sequence_length <= 50.
短肽聚合物命中,VLL,"(2S)-2,3-DIAMINOBUTANOIC ACID",1,1,1W3M,RCSB polymer entity chem_comp_monomers; short-polymer adds entity_poly.rcsb_sample_sequence_length <= 50.
短肽聚合物命中,VLM,VALINYLAMINE,6,6,1YYL / 1YYM / 2I5Y / 2I60 / 6I5J,RCSB polymer entity chem_comp_monomers; short-polymer adds entity_poly.rcsb_sample_sequence_length <= 50.
暂无聚合物命中,VMS,5'O-[N-(L-VALYL)SULPHAMOYL]ADENOSINE,0,0,,RCSB polymer entity chem_comp_monomers; short-polymer adds entity_poly.rcsb_sample_sequence_length <= 50.
短肽聚合物命中,VNW,8-azanyl-4-methylselanyl-quinoline-2-carboxylic acid,1,1,8QHM,RCSB polymer entity chem_comp_monomers; short-polymer adds entity_poly.rcsb_sample_sequence_length <= 50.
短肽聚合物命中,VOL,L-VALINOL,2,2,1M24 / 4Y70,RCSB polymer entity chem_comp_monomers; short-polymer adds entity_poly.rcsb_sample_sequence_length <= 50.
仅较长聚合物命中,VPV,"(2E,4R)-2-{[(5S)-5-amino-5-carboxypentyl]imino}-4-hydroxyheptanedioic acid",4,0,7JZ9 / 7JZA / 7JZB / 8GEK,RCSB polymer entity chem_comp_monomers; short-polymer adds entity_poly.rcsb_sample_sequence_length <= 50.
短肽聚合物命中,VR0,N~5~-[N-(methylcarbamoyl)carbamimidoyl]-L-ornithine,5,5,1H0I / 1W9V / 1WB0 / 3CHE / 3CHF,RCSB polymer entity chem_comp_monomers; short-polymer adds entity_poly.rcsb_sample_sequence_length <= 50.
仅较长聚合物命中,VUB,2-[4-[(4-hydroxyphenyl)methyl]-2-(3-methylbutanimidoyl)-5-oxidanyl-imidazol-1-yl]ethanoic acid,1,0,7Q6B,RCSB polymer entity chem_comp_monomers; short-polymer adds entity_poly.rcsb_sample_sequence_length <= 50.
暂无聚合物命中,VVK,N-(2-methoxyphenyl)-2-methyl-L-alanine,0,0,,RCSB polymer entity chem_comp_monomers; short-polymer adds entity_poly.rcsb_sample_sequence_length <= 50.
仅较长聚合物命中,VYA,2-[(4~{Z})-2-[(1~{S})-1-azanyl-3-methyl-butyl]-4-[(4-hydroxyphenyl)methylidene]-5-oxidanylidene-imidazol-1-yl]ethanoic acid,4,0,5OOZ / 5OQ9 / 5OQA / 5OQE,RCSB polymer entity chem_comp_monomers; short-polymer adds entity_poly.rcsb_sample_sequence_length <= 50.
仅较长聚合物命中,W4T,3-bromo-S-beta-phenylalanine,1,0,8OVY,RCSB polymer entity chem_comp_monomers; short-polymer adds entity_poly.rcsb_sample_sequence_length <= 50.
短肽聚合物命中,WCM,(2S)-2-amino-3-(biphenyl-4-yl)-N-methyl-N-[(2S)-1-oxopropan-2-yl]propanamide (non-preferred name),2,2,7KEV / 7KFA,RCSB polymer entity chem_comp_monomers; short-polymer adds entity_poly.rcsb_sample_sequence_length <= 50.
仅较长聚合物命中,WCR,"[(2R,4Z)-2-(aminomethyl)-2-hydroxy-4-(4-hydroxybenzylidene)-5-oxoimidazolidin-1-yl]acetic acid",1,0,3ST3,RCSB polymer entity chem_comp_monomers; short-polymer adds entity_poly.rcsb_sample_sequence_length <= 50.
短肽聚合物命中,WFP,"3,5-difluoro-L-phenylalanine",11,11,26NL / 3KTJ / 3KTK / 4U0G / 6BBA,RCSB polymer entity chem_comp_monomers; short-polymer adds entity_poly.rcsb_sample_sequence_length <= 50.
短肽聚合物命中,WLU,(4R)-5-hydroxy-N-methyl-L-leucine,6,6,3WDC / 3WDD / 3WDE / 5CS2 / 8AD9,RCSB polymer entity chem_comp_monomers; short-polymer adds entity_poly.rcsb_sample_sequence_length <= 50.
短肽聚合物命中,WPA,(betaR)-beta-methoxy-L-phenylalanine,7,7,3WDC / 3WDD / 3WDE / 5CS2 / 7AA4,RCSB polymer entity chem_comp_monomers; short-polymer adds entity_poly.rcsb_sample_sequence_length <= 50.
短肽聚合物命中,WRP,(betaR)-beta-hydroxy-1-[(3R)-3-hydroxy-2-methylbutan-2-yl]-L-tryptophan,3,3,3WDC / 3WDD / 3WDE,RCSB polymer entity chem_comp_monomers; short-polymer adds entity_poly.rcsb_sample_sequence_length <= 50.
短肽聚合物命中,WVL,"(2S,3R)-2-amino-3,5-dimethylhex-4-enoic acid",6,6,3WDC / 3WDD / 3WDE / 5CS2 / 8AD9,RCSB polymer entity chem_comp_monomers; short-polymer adds entity_poly.rcsb_sample_sequence_length <= 50.
短肽聚合物命中,WWB,5-(3-methylbut-2-en-1-yl)-L-tryptophan,1,1,8UKG,RCSB polymer entity chem_comp_monomers; short-polymer adds entity_poly.rcsb_sample_sequence_length <= 50.
仅较长聚合物命中,WYK,"(2S,4S)-4-hydroxy-L-arginine",4,0,8OM1 / 9SMF / 9SMG / 9SMH,RCSB polymer entity chem_comp_monomers; short-polymer adds entity_poly.rcsb_sample_sequence_length <= 50.
短肽聚合物命中,WZJ,N-methyl-L-alloisoleucine,1,1,6PBS,RCSB polymer entity chem_comp_monomers; short-polymer adds entity_poly.rcsb_sample_sequence_length <= 50.
仅较长聚合物命中,X1B,"{(4Z)-2-[(1S)-1-amino-2-(1-methyl-1H-imidazol-5-yl)ethyl]-4-[(4-hydroxyphenyl)methylidene]-5-oxo-4,5-dihydro-1H-imidazol-1-yl}acetaldehyde",1,0,8UB6,RCSB polymer entity chem_comp_monomers; short-polymer adds entity_poly.rcsb_sample_sequence_length <= 50.
暂无聚合物命中,X2W,N-ACETYL-L-GLUTAMYL 5-PHOSPHATE,0,0,,RCSB polymer entity chem_comp_monomers; short-polymer adds entity_poly.rcsb_sample_sequence_length <= 50.
短肽聚合物命中,X5H,(~{E})-6-(2-hydroxy-2-oxoethylamino)hex-4-enoic acid,1,1,4MZL,RCSB polymer entity chem_comp_monomers; short-polymer adds entity_poly.rcsb_sample_sequence_length <= 50.
仅较长聚合物命中,X5U,(S)-alpha-methyl-4-Iodophenylalanine,1,0,8QWJ,RCSB polymer entity chem_comp_monomers; short-polymer adds entity_poly.rcsb_sample_sequence_length <= 50.
短肽聚合物命中,X60,2-ethyl-L-norvaline,1,1,8T0H,RCSB polymer entity chem_comp_monomers; short-polymer adds entity_poly.rcsb_sample_sequence_length <= 50.
短肽聚合物命中,X6E,2-ethyl-D-norvaline,1,1,8T0I,RCSB polymer entity chem_comp_monomers; short-polymer adds entity_poly.rcsb_sample_sequence_length <= 50.
仅较长聚合物命中,X9Q,"{(2S)-2-[(1S)-1-AMINOETHYL]-4-BENZYL-5-OXO-2,5-DIHYDRO-1H-IMIDAZOL-1-YL}ACETIC ACID",1,0,2HGD,RCSB polymer entity chem_comp_monomers; short-polymer adds entity_poly.rcsb_sample_sequence_length <= 50.
短肽聚合物命中,XA6,(2S)-3-(4-aminocarbonylphenyl)-2-azanyl-propanoic acid,3,3,7EHZ / 7EI2 / 7WMC,RCSB polymer entity chem_comp_monomers; short-polymer adds entity_poly.rcsb_sample_sequence_length <= 50.
短肽聚合物命中,XC0,(2S)-2-aminooctanoic acid,1,1,8F1F,RCSB polymer entity chem_comp_monomers; short-polymer adds entity_poly.rcsb_sample_sequence_length <= 50.
仅较长聚合物命中,XCN,S-cyano-L-cysteine,8,0,3OWS / 3OWU / 3OWY / 3OX9 / 3OXA,RCSB polymer entity chem_comp_monomers; short-polymer adds entity_poly.rcsb_sample_sequence_length <= 50.
暂无聚合物命中,XDT,O-methyl-D-allothreonine,0,0,,RCSB polymer entity chem_comp_monomers; short-polymer adds entity_poly.rcsb_sample_sequence_length <= 50.
短肽聚合物命中,XOK,(2~{S})-2-azanyl-6-[[(6~{S})-6-sulfanyloctanoyl]amino]hexanoic acid,1,1,5EXK,RCSB polymer entity chem_comp_monomers; short-polymer adds entity_poly.rcsb_sample_sequence_length <= 50.
仅较长聚合物命中,XPL,"N~6~-[(3R,5R)-5-amino-3-methyl-D-prolyl]-L-lysine",1,0,1L2Q,RCSB polymer entity chem_comp_monomers; short-polymer adds entity_poly.rcsb_sample_sequence_length <= 50.
短肽聚合物命中,XPR,"(2S,3aS,6R,7aS)-6-(sulfooxy)octahydro-1H-indole-2-carboxylic acid",1,1,1AQ7,RCSB polymer entity chem_comp_monomers; short-polymer adds entity_poly.rcsb_sample_sequence_length <= 50.
仅较长聚合物命中,XRE,5-hydroxyproline,1,0,8R38,RCSB polymer entity chem_comp_monomers; short-polymer adds entity_poly.rcsb_sample_sequence_length <= 50.
短肽聚合物命中,XRW,N~6~-[(2S)-2-hydroxypropanoyl]-L-lysine,3,3,21HJ / 8Z73 / 9IM4,RCSB polymer entity chem_comp_monomers; short-polymer adds entity_poly.rcsb_sample_sequence_length <= 50.
短肽聚合物命中,XSN,L-alpha-asparagine,8,8,3H9G / 3TWU / 4CZS / 5K99 / 6WY6,RCSB polymer entity chem_comp_monomers; short-polymer adds entity_poly.rcsb_sample_sequence_length <= 50.
短肽聚合物命中,XW1,(2S)-2-amino-7-ethoxy-7-oxoheptanoic acid,2,2,3S3P / 3S3S,RCSB polymer entity chem_comp_monomers; short-polymer adds entity_poly.rcsb_sample_sequence_length <= 50.
仅较长聚合物命中,XX1,N~6~-7H-PURIN-6-YL-L-LYSINE,1,0,2OQF,RCSB polymer entity chem_comp_monomers; short-polymer adds entity_poly.rcsb_sample_sequence_length <= 50.
短肽聚合物命中,XXA,"2,4,5-trideoxy-2-(methylamino)-4-[(2E)-penta-2,4-dien-1-yl]-L-xylonic acid",1,1,3ODI,RCSB polymer entity chem_comp_monomers; short-polymer adds entity_poly.rcsb_sample_sequence_length <= 50.
仅较长聚合物命中,XXY,"2-[(1R,2R)-1-amino-2-hydroxypropyl]-1-(carboxymethyl)-4-(1H-imidazol-5-ylmethyl)-1H-imidazol-5-olate",1,0,2FWQ,RCSB polymer entity chem_comp_monomers; short-polymer adds entity_poly.rcsb_sample_sequence_length <= 50.
短肽聚合物命中,XYC,(2~{S})-2-azanyl-3-cyclopentyl-propanoic acid,4,4,5B6G / 8TLV / 8TLW / 8TLX,RCSB polymer entity chem_comp_monomers; short-polymer adds entity_poly.rcsb_sample_sequence_length <= 50.
仅较长聚合物命中,XYG,"[(4Z)-2-[(1Z)-ETHANIMIDOYL]-4-(4-HYDROXYBENZYLIDENE)-5-OXO-4,5-DIHYDRO-1H-IMIDAZOL-1-YL]ACETIC ACID",5,0,2FL1 / 2ICR / 2PXS / 2PXW / 6AA7,RCSB polymer entity chem_comp_monomers; short-polymer adds entity_poly.rcsb_sample_sequence_length <= 50.
短肽聚合物命中,Y1V,(4R)-5-amino-L-leucine,1,1,7LIB,RCSB polymer entity chem_comp_monomers; short-polymer adds entity_poly.rcsb_sample_sequence_length <= 50.
暂无聚合物命中,Y28,O-benzyl-N-(carboxycarbonyl)-D-tyrosine,0,0,,RCSB polymer entity chem_comp_monomers; short-polymer adds entity_poly.rcsb_sample_sequence_length <= 50.
短肽聚合物命中,Y57,N~6~-(2-phenylethyl)-N~6~-propan-2-yl-L-lysine,1,1,7LKY,RCSB polymer entity chem_comp_monomers; short-polymer adds entity_poly.rcsb_sample_sequence_length <= 50.
短肽聚合物命中,YBR,N-methyl-D-glutamic acid,1,1,8FVQ,RCSB polymer entity chem_comp_monomers; short-polymer adds entity_poly.rcsb_sample_sequence_length <= 50.
短肽聚合物命中,YC3,3-[2-(sulfanylmethyl)phenyl]-L-phenylalanine,2,2,8FVL / 8FVM,RCSB polymer entity chem_comp_monomers; short-polymer adds entity_poly.rcsb_sample_sequence_length <= 50.
短肽聚合物命中,YCM,S-(2-AMINO-2-OXOETHYL)-L-CYSTEINE,161,1,4KVV,RCSB polymer entity chem_comp_monomers; short-polymer adds entity_poly.rcsb_sample_sequence_length <= 50.
短肽聚合物命中,YCP,(2S)-piperidine-2-carboxylic acid,23,23,1EFR / 2ITK / 2Q5A / 2XDW / 3KTJ,RCSB polymer entity chem_comp_monomers; short-polymer adds entity_poly.rcsb_sample_sequence_length <= 50.
短肽聚合物命中,YD5,N-(2-carboxyethyl)-L-alanine,1,1,8FVP,RCSB polymer entity chem_comp_monomers; short-polymer adds entity_poly.rcsb_sample_sequence_length <= 50.
短肽聚合物命中,YF5,Agmatinamic acid,2,2,8R6C / 8R8M,RCSB polymer entity chem_comp_monomers; short-polymer adds entity_poly.rcsb_sample_sequence_length <= 50.
短肽聚合物命中,YFQ,beta-N-methylamino-L-alanine,2,2,8R6C / 8R8M,RCSB polymer entity chem_comp_monomers; short-polymer adds entity_poly.rcsb_sample_sequence_length <= 50.
短肽聚合物命中,YFZ,(-)-Galantinic acid,2,2,8R6C / 8R8M,RCSB polymer entity chem_comp_monomers; short-polymer adds entity_poly.rcsb_sample_sequence_length <= 50.
仅较长聚合物命中,YHA,Homocitrulline,1,0,7LXG,RCSB polymer entity chem_comp_monomers; short-polymer adds entity_poly.rcsb_sample_sequence_length <= 50.
短肽聚合物命中,YNM,N-METHYL-L-TYROSINE,10,9,1TPS / 2WS1 / 2WS6 / 4GVU / 6TH7,RCSB polymer entity chem_comp_monomers; short-polymer adds entity_poly.rcsb_sample_sequence_length <= 50.
短肽聚合物命中,YOF,3-FLUOROTYROSINE,9,1,9BW8,RCSB polymer entity chem_comp_monomers; short-polymer adds entity_poly.rcsb_sample_sequence_length <= 50.
暂无聚合物命中,YPR,(4R)-4-[(7-methoxy-2-phenylquinolin-4-yl)oxy]-L-proline,0,0,,RCSB polymer entity chem_comp_monomers; short-polymer adds entity_poly.rcsb_sample_sequence_length <= 50.
仅较长聚合物命中,YPZ,"3-[(3Z)-4-hydroxy-6-oxo-3-(2-phenylhydrazinylidene)cyclohexa-1,4-dien-1-yl]-L-alanine",1,0,2E2T,RCSB polymer entity chem_comp_monomers; short-polymer adds entity_poly.rcsb_sample_sequence_length <= 50.
短肽聚合物命中,YRV,S-[(3-methylphenyl)methyl]-L-cysteine,1,1,6XIB,RCSB polymer entity chem_comp_monomers; short-polymer adds entity_poly.rcsb_sample_sequence_length <= 50.
短肽聚合物命中,YTH,O-phosphono-L-allothreonine,2,1,9IM7,RCSB polymer entity chem_comp_monomers; short-polymer adds entity_poly.rcsb_sample_sequence_length <= 50.
仅较长聚合物命中,YTL,(2~{S})-2-(2-azanylethanoyloxy)-3-(4-hydroxyphenyl)propanoic acid,1,0,4MSW,RCSB polymer entity chem_comp_monomers; short-polymer adds entity_poly.rcsb_sample_sequence_length <= 50.
短肽聚合物命中,YWF,gamma-aminobutenoic acid,2,2,8PI3 / 8RND,RCSB polymer entity chem_comp_monomers; short-polymer adds entity_poly.rcsb_sample_sequence_length <= 50.
短肽聚合物命中,YYA,"2,4,5-trideoxy-2-(methylamino)-4-[(2Z)-penta-2,4-dien-1-yl]-L-xylonic acid",2,2,3ODL / 9UPJ,RCSB polymer entity chem_comp_monomers; short-polymer adds entity_poly.rcsb_sample_sequence_length <= 50.
暂无聚合物命中,Z01,"3-[(2,2-dimethylpropanoyl)amino]-L-alanine",0,0,,RCSB polymer entity chem_comp_monomers; short-polymer adds entity_poly.rcsb_sample_sequence_length <= 50.
短肽聚合物命中,Z3E,O-benzyl-L-threonine,2,2,2Z3C / 2Z3E,RCSB polymer entity chem_comp_monomers; short-polymer adds entity_poly.rcsb_sample_sequence_length <= 50.
短肽聚合物命中,Z50,"3-{[(3-{[(2-aminoethyl)sulfanyl]methyl}-5-(4-methyl-1H-1,2,3-triazol-1-yl)phenyl)methyl]sulfanyl}propanoic acid",1,1,7S5H,RCSB polymer entity chem_comp_monomers; short-polymer adds entity_poly.rcsb_sample_sequence_length <= 50.
暂无聚合物命中,Z70,(2S)-2-amino-4-(2-amino-1H-imidazol-5-yl)butanoic acid,0,0,,RCSB polymer entity chem_comp_monomers; short-polymer adds entity_poly.rcsb_sample_sequence_length <= 50.
短肽聚合物命中,Z9J,3-{[(3-{[(2-aminoethyl)sulfanyl]methyl}phenyl)methyl]sulfanyl}propanoic acid,4,4,6XIC / 6XIE / 6XIF / 7S5G,RCSB polymer entity chem_comp_monomers; short-polymer adds entity_poly.rcsb_sample_sequence_length <= 50.
短肽聚合物命中,ZAE,N-methyl-D-phenylalanine,10,10,3UQP / 3UQR / 4DV9 / 4DVF / 4FGX,RCSB polymer entity chem_comp_monomers; short-polymer adds entity_poly.rcsb_sample_sequence_length <= 50.
暂无聚合物命中,ZAI,(2~{S})-2-azanyl-6-[[(~{R})-[2-methyl-3-oxidanyl-5-(phosphonooxymethyl)pyridin-4-yl]-[[(2~{S})-1-oxidanyl-1-oxidanylidene-3-sulfanyl-propan-2-yl]amino]methyl]amino]hexanoic acid,0,0,,RCSB polymer entity chem_comp_monomers; short-polymer adds entity_poly.rcsb_sample_sequence_length <= 50.
短肽聚合物命中,ZAL,3-cyclohexyl-D-alanine,11,10,1EB1 / 1HBT / 6C1Q / 6C1R / 7PFZ,RCSB polymer entity chem_comp_monomers; short-polymer adds entity_poly.rcsb_sample_sequence_length <= 50.
仅较长聚合物命中,ZBZ,S-(phenylcarbonyl)-L-cysteine,1,0,5UCD,RCSB polymer entity chem_comp_monomers; short-polymer adds entity_poly.rcsb_sample_sequence_length <= 50.
短肽聚合物命中,ZCL,"3,4-dichloro-L-phenylalanine",9,9,3Q4L / 4NB3 / 4TSZ / 5W5S / 5W6T,RCSB polymer entity chem_comp_monomers; short-polymer adds entity_poly.rcsb_sample_sequence_length <= 50.
仅较长聚合物命中,ZDJ,3-methyl-L-tyrosine,1,0,7MH8,RCSB polymer entity chem_comp_monomers; short-polymer adds entity_poly.rcsb_sample_sequence_length <= 50.
暂无聚合物命中,ZFB,(3R)-3-{[(BENZYLOXY)CARBONYL]AMINO}-2-OXO-4-PHENYLBUTANE-1-DIAZONIUM,0,0,,RCSB polymer entity chem_comp_monomers; short-polymer adds entity_poly.rcsb_sample_sequence_length <= 50.
短肽聚合物命中,ZGL,D-alpha-glutamine,9,9,1LOC / 4KNL / 4OXD / 7T8Y / 7T8Z,RCSB polymer entity chem_comp_monomers; short-polymer adds entity_poly.rcsb_sample_sequence_length <= 50.
仅较长聚合物命中,ZI0,N-MALONYL-PROLINE,3,0,35WD / 9MUP / 9YTU,RCSB polymer entity chem_comp_monomers; short-polymer adds entity_poly.rcsb_sample_sequence_length <= 50.
暂无聚合物命中,ZIQ,alpha-methyl-L-tryptophan,0,0,,RCSB polymer entity chem_comp_monomers; short-polymer adds entity_poly.rcsb_sample_sequence_length <= 50.
短肽聚合物命中,ZJU,N-SUCCINYL-ASPARTIC ACID,2,2,1HQJ / 1L4X,RCSB polymer entity chem_comp_monomers; short-polymer adds entity_poly.rcsb_sample_sequence_length <= 50.
短肽聚合物命中,ZKO,N-SUCCINYL-GLUTAMINE,1,1,1PIP,RCSB polymer entity chem_comp_monomers; short-polymer adds entity_poly.rcsb_sample_sequence_length <= 50.
短肽聚合物命中,ZLF,"S-(1-FLUORO-3,5-DIMETHYLBENZENE)-CYSTEINE",1,1,6XID,RCSB polymer entity chem_comp_monomers; short-polymer adds entity_poly.rcsb_sample_sequence_length <= 50.
短肽聚合物命中,ZNY,(4R)-4-ethoxy-L-proline,1,1,7MSO,RCSB polymer entity chem_comp_monomers; short-polymer adds entity_poly.rcsb_sample_sequence_length <= 50.
短肽聚合物命中,ZQN,N-(TERT-BUTYLOXYCARBONYL)-VALINE,2,2,7AGC / 8K8E,RCSB polymer entity chem_comp_monomers; short-polymer adds entity_poly.rcsb_sample_sequence_length <= 50.
仅较长聚合物命中,ZRF,"2-[(4E)-2-[(1S)-1-aminoethyl]-4-(hydroxymethylidene)-5-oxo-4,5-dihydro-1H-imidazol-1-yl]acetic acid",1,0,1GKM,RCSB polymer entity chem_comp_monomers; short-polymer adds entity_poly.rcsb_sample_sequence_length <= 50.
短肽聚合物命中,ZRJ,"tert-butyl (2S)-2-amino-2-(3,5-dimethoxyphenyl)acetate",1,1,8GJV,RCSB polymer entity chem_comp_monomers; short-polymer adds entity_poly.rcsb_sample_sequence_length <= 50.
短肽聚合物命中,ZSX,(2R)-amino(4-methoxyphenyl)acetic acid,1,1,8GJV,RCSB polymer entity chem_comp_monomers; short-polymer adds entity_poly.rcsb_sample_sequence_length <= 50.
短肽聚合物命中,ZT6,(betaR)-3-chloro-beta-{[tri(propan-2-yl)silyl]oxy}-L-tyrosine,1,1,8GJV,RCSB polymer entity chem_comp_monomers; short-polymer adds entity_poly.rcsb_sample_sequence_length <= 50.
短肽聚合物命中,ZT9,(2R)-amino(4-methoxyphenyl)ethanethioic O-acid,1,1,8GJV,RCSB polymer entity chem_comp_monomers; short-polymer adds entity_poly.rcsb_sample_sequence_length <= 50.
暂无聚合物命中,ZTC,"(2S)-amino(3,5-dimethoxyphenyl)acetic acid",0,0,,RCSB polymer entity chem_comp_monomers; short-polymer adds entity_poly.rcsb_sample_sequence_length <= 50.
短肽聚合物命中,ZTG,(betaR)-3-chloro-beta-{[tri(propan-2-yl)silyl]oxy}-D-tyrosine,1,1,8GJV,RCSB polymer entity chem_comp_monomers; short-polymer adds entity_poly.rcsb_sample_sequence_length <= 50.
短肽聚合物命中,ZTK,(2S)-2-amino-3-cyanopropanoic acid,1,1,8GJV,RCSB polymer entity chem_comp_monomers; short-polymer adds entity_poly.rcsb_sample_sequence_length <= 50.
短肽聚合物命中,ZU0,O-tert-butyl-L-threonine,1,1,8S9Z,RCSB polymer entity chem_comp_monomers; short-polymer adds entity_poly.rcsb_sample_sequence_length <= 50.
短肽聚合物命中,ZUK,5-pyrimidin-2-yl-D-norvaline,1,1,2KMJ,RCSB polymer entity chem_comp_monomers; short-polymer adds entity_poly.rcsb_sample_sequence_length <= 50.
短肽聚合物命中,ZV4,(2S)-2-azanyl-3-(4-phosphonophenyl)propanoic acid,1,1,2K9E,RCSB polymer entity chem_comp_monomers; short-polymer adds entity_poly.rcsb_sample_sequence_length <= 50.
短肽聚合物命中,ZY9,6-(aminomethyl)pyridine-2-carboxylic acid,9,9,6HZX / 6Q9T / 7QPB / 8QN2 / 9GAJ,RCSB polymer entity chem_comp_monomers; short-polymer adds entity_poly.rcsb_sample_sequence_length <= 50.
短肽聚合物命中,ZYJ,"(4R)-4-({[(1E)-(3,4-dimethoxyphenyl)methylidene]amino}oxy)-L-proline",1,1,3P9H,RCSB polymer entity chem_comp_monomers; short-polymer adds entity_poly.rcsb_sample_sequence_length <= 50.
短肽聚合物命中,ZYK,"(4R)-4-({[(3,4-dimethoxyphenyl)carbonyl]amino}oxy)-L-proline",1,1,3P9G,RCSB polymer entity chem_comp_monomers; short-polymer adds entity_poly.rcsb_sample_sequence_length <= 50.
暂无聚合物命中,ZZD,S-TRITYL-L-CYSTEINE,0,0,,RCSB polymer entity chem_comp_monomers; short-polymer adds entity_poly.rcsb_sample_sequence_length <= 50.
短肽聚合物命中,ZZJ,N^2^-methyl-L-alaninamide,1,1,2WRU,RCSB polymer entity chem_comp_monomers; short-polymer adds entity_poly.rcsb_sample_sequence_length <= 50.
暂无聚合物命中,ZZU,"(2S,3S)-3-HYDROXYARGININE",0,0,,RCSB polymer entity chem_comp_monomers; short-polymer adds entity_poly.rcsb_sample_sequence_length <= 50.
短肽聚合物命中,STA,STATINE,44,44,1FIV / 1GVU / 1IZE / 1LS5 / 1LYB,
短肽聚合物命中,3WX,2-methyl-L-proline,8,8,10SB / 6XIB / 6XIC / 6XID / 6XIE,
短肽聚合物命中,SOQ,N-methyl-L-aspartic acid,7,7,24HR / 24HS / 7AZ6 / 7AZ7 / 7AZG,
短肽聚合物命中,5JP,N-methyl-L-serine,4,4,5E2A / 6DUB / 7NUS / 7TL8,
短肽聚合物命中,A1CHA,3-(aminomethyl)-L-phenylalanine,3,3,10SB / 9P5C / 9R9M,
短肽聚合物命中,NMK,N-methyl Lysine,2,2,6HVC / 7AA4,
短肽聚合物命中,BAL,BETA-ALANINE,67,67,1EFR / 1FGL / 1MCD / 1MCE / 1MCF,
短肽聚合物命中,XCP,"(1S,2S)-2-aminocyclopentanecarboxylic acid",49,45,25NV / 25NX / 3C3H / 3F4Z / 3F50,
短肽聚合物命中,ASJ,(3S)-3-amino-4-hydroxybutanoic acid,36,36,1F1J / 1IAU / 1PAU / 1PYO / 1QTN,
短肽聚合物命中,XPC,"(3S,4R)-4-aminopyrrolidine-3-carboxylic acid",19,19,3C3H / 3F4Z / 3F50 / 3FDM / 3G7A,
短肽聚合物命中,PSA,3-HYDROXY-4-AMINO-5-PHENYLPENTANOIC ACID,16,16,1EPL / 1EPM / 2IFW / 3UQP / 3UQR,
短肽聚合物命中,V7T,(2R)-6-azanyl-2-carbamimidamido-hexanoic acid,12,12,7O55 / 7OBV / 7OC2 / 7PFQ / 7PFY,
短肽聚合物命中,L2O,"(2S,3R)-3-amino-2-hydroxy-5-methylhexanoic acid",9,9,1BLL / 1Y0Y / 4FYT / 4KX8 / 4Q4I,
短肽聚合物命中,3FB,(3S)-3-AMINO-4-PHENYLBUTANOIC ACID,8,8,4A1W / 4WPB / 6J67 / 7JFR / 8DL7,
短肽聚合物命中,A1CK7,3-amino-3-methylbutanoic acid,7,7,9PU1 / 9PUN / 9PUQ / 9PUT / 9PUZ,
短肽聚合物命中,0JY,4-methyl-L-leucine,7,7,4G4L / 5GTR / 7Z8O / 9GXE / 9GXG,
短肽聚合物命中,CSI,AMINO-(2-IMINO-HEXAHYDRO-PYRIMIDIN-4-YL)-ACETIC ACID,6,6,1BCS / 1M21 / 1SGC / 1WVM / 6M9D,
短肽聚合物命中,UQ4,"N-(7-nitro-2,1,3-benzoxadiazol-4-yl)-beta-alanine",6,6,6X5I / 7T6E / 8DST / 9NEF / 9NEQ,
短肽聚合物命中,ABU,GAMMA-AMINO-BUTANOIC ACID,7,5,1QUR / 6DN6 / 7K2O / 7OPM / 8PSR,
短肽聚合物命中,PUK,N-[(2S)-2-amino-3-phenylpropyl]-L-phenylalanine,5,5,1GVX / 2ER6 / 3APR / 3URL / 4GYE,
短肽聚合物命中,A1APM,alpha-methyl-L-phenylalanine,4,4,9BI3 / 9YM5 / 9YM6 / 9YM7,
短肽聚合物命中,EZY,N-[(2-nitrophenyl)methyl]glycine,4,4,6CG3 / 6CG4 / 6CG5 / 9PUG,
短肽聚合物命中,01B,"(2S,3R)-3-amino-2-hydroxy-4-phenylbutanoic acid",4,4,1N51 / 4S2T / 5JR6 / 6A9U,
短肽聚合物命中,1OL,"(2R,4S,5S)-5-amino-4-hydroxy-2,7-dimethyloctanoic acid",4,4,1FKN / 1M4H / 1XN2 / 2ZHR,
短肽聚合物命中,JG3,"1-[(2S,3S)-3-amino-2-hydroxy-4-phenylbutyl]-L-proline",4,4,2J9J / 2JE4 / 3GI0 / 7HVP,
短肽聚合物命中,LOV,5-AMINO-4-HYDROXY-2-ISOPROPYL-7-METHYL-OCTANOIC ACID,4,4,1GKT / 1OEX / 2ER7 / 8HVP,
短肽聚合物命中,Y2Y,"(3S,4R)-3-amino-4-hydroxyheptanedioic acid",4,4,6X8I / 6X8J / 6X8K / 6X8L,
短肽聚合物命中,AKZ,"(3S)-3-amino-4,4-dihydroxybutanoic acid",2,2,4JR0 / 4JR1,
短肽聚合物命中,0UO,4-methoxy-L-tryptophan,2,2,4FN5 / 7UG7,
短肽聚合物命中,A1A2Y,5-methoxy-L-tryptophan,2,2,8VJD / 8VJE,
短肽聚合物命中,A1I8R,N-methyl-beta-alanine,2,2,9QBT / 9QDU,
短肽聚合物命中,PDF,"4,4-difluoro-L-proline",2,2,4Y84 / 5UU3,
短肽聚合物命中,3WT,"(3R,4S,5S)-3-methoxy-5-methyl-4-(methylamino)heptanoic acid",2,2,5J2U / 7JFR,
短肽聚合物命中,APD,3-METHYLPHENYLALANINE,2,2,6XIE / 6XIF,
短肽聚合物命中,KFB,5-Aminovaleric Acid,2,2,6RQS / 7XJO,
短肽聚合物命中,MKE,(4S)-4-AMINO-5-OXOHEXANOIC ACID,2,2,5IC4 / 5IC6,
短肽聚合物命中,OPR,(5S)-5-amino-8-carbamimidamido-4-oxooctanoic acid,2,2,1IHS / 1UCY,
短肽聚合物命中,TIG,N-(2-aminoethyl)-L-tryptophan,2,2,3O3D / 3O3E,
短肽聚合物命中,LNT,"N-[(2S)-2-amino-1,1-dihydroxy-4-methylpentyl]-L-threonine",2,2,3B7V / 3B80,
短肽聚合物命中,WEH,L-Homoglutamine,2,2,8WM0 / 9U2V,
短肽聚合物命中,45F,(4S)-4-(prop-2-yn-1-yloxy)-L-proline,1,1,4Y1C,
短肽聚合物命中,A1CZ7,"N,O-dimethyl-L-serine",1,1,9YWS,
短肽聚合物命中,A1J0G,dimethyl-glutamic acid,1,1,9U2V,
短肽聚合物命中,C67,N~5~-[N-(2-carboxyethyl)carbamimidoyl]-L-ornithine,1,1,6AZL,
短肽聚合物命中,C6D,N~5~-[N-(3-hydroxypropyl)carbamimidoyl]-L-ornithine,1,1,6AZK,
短肽聚合物命中,GLK,"(4S)-4-amino-5,5-dihydroxypentanoic acid",1,1,2HAL,
短肽聚合物命中,LYP,N~6~-METHYL-N~6~-PROPYL-L-LYSINE,1,1,2UXN,
短肽聚合物命中,9RI,"N~6~-[(1R,2S,4S)-bicyclo[2.2.1]heptan-2-yl]-N~6~-methyl-L-lysine",1,1,8SII,
短肽聚合物命中,A1BIE,N~6~-(2-methylprop-2-enoyl)-L-lysine,1,1,9EHI,
短肽聚合物命中,A1IL6,"(2~{S},4~{S})-4-hexylsulfanylpyrrolidine-2-carboxylic acid",1,1,9GFK,
短肽聚合物命中,C1J,N~5~-(N-octylcarbamimidoyl)-L-ornithine,1,1,6AXP,
短肽聚合物命中,C4G,N~5~-[N-(3-aminopropyl)carbamimidoyl]-L-ornithine,1,1,6AYN,
短肽聚合物命中,ZT1,N~6~-[(1-methyl-1H-imidazol-5-yl)methyl]-N~6~-propan-2-yl-L-lysine,1,1,7N27,
短肽聚合物命中,005,"(2S,3S)-3-amino-2-hydroxy-4-phenylbutanoic acid",1,1,9IZB,
短肽聚合物命中,2IQ,2-(hexylamino)ethanoic acid,1,1,7WMC,
短肽聚合物命中,4BA,4-[(2-CARBOXY-ETHYLAMINO)-METHYL]-BENZOIC ACID,1,1,1FAV,
短肽聚合物命中,0JT,(4R)-4-amino-5-methylhexanoic acid,1,1,4GK7,
短肽聚合物命中,24M,"(1R,2R)-2-[(1S,2S)-2-amino-1-hydroxy-4-methylpentyl]cyclopentanecarboxylic acid",1,1,1YM4,
短肽聚合物命中,24O,"(1R,2R)-2-[(1S,2S)-2-amino-1-hydroxy-4-methylpentyl]-4-oxocyclopentanecarboxylic acid",1,1,1YM2,
短肽聚合物命中,3V8,"(4S)-4-[4-(2-carboxyethyl)-1H-1,2,3-triazol-1-yl]-L-proline",1,1,4WVU,
短肽聚合物命中,4H0,"(3S)-3-amino-4-oxo-5-(2,3,5,6-tetrafluorophenoxy)pentanoic acid",1,1,4HVA,
短肽聚合物命中,6A0,(2S)-2-amino-8-(hydroxyamino)-8-oxooctanoic acid,1,1,5ICN,
短肽聚合物命中,6L9,"[(2S)-2,3-diamino-3-oxopropyl]propanedioic acid",1,1,5JM4,
短肽聚合物命中,A1G,"(2S)-amino[(3R,5R,7R)-tricyclo[3.3.1.1~3,7~]decan-1-yl]acetic acid",1,1,5JM4,
短肽聚合物命中,AFC,"(3R,12R)-3-amino-12-methyltetradecanoic acid",1,1,2IGZ,
短肽聚合物命中,CHS,4-AMINO-5-CYCLOHEXYL-3-HYDROXY-PENTANOIC ACID,1,1,2ER0,
短肽聚合物命中,CNT,N-METHYL-META-CHLORO-TYROSINE,1,1,1OKX,
短肽聚合物命中,DAV,DELTA-AMINO VALERIC ACID,1,1,7K2P,
短肽聚合物命中,DC0,N-[(2S)-2-amino-4-methylpentyl]-L-phenylalanine,1,1,4GZF,
短肽聚合物命中,DMG,"N,N-DIMETHYLGLYCINE",4,1,5CVD,
短肽聚合物命中,E7P,(2S)-2-amino-4-phosphonobutanoic acid,1,1,7S79,
短肽聚合物命中,EE3,"(2~{S})-2-azanyl-6-(1,3-oxazol-5-ylcarbonylamino)hexanoic acid",1,1,6L5Z,
短肽聚合物命中,GM8,"(2S)-2-[(1S,2S)-2-aminocyclohexyl]butanoic acid",1,1,4HJB,
短肽聚合物命中,GRN,2-phenyl-L-alanine,1,1,4WJ5,
短肽聚合物命中,KV6,(3R)-3-aminoheptadecanoic acid,1,1,7TZ3,
短肽聚合物命中,LAV,N-[(2S)-2-amino-4-methylpentyl]-L-valine,1,1,4ER4,
短肽聚合物命中,LDO,6-HYDROXY-L-NORLEUCINE,2,1,8AQA,
短肽聚合物命中,LHE,"N-[(2R,3S)-3-amino-2-hydroxy-5-methylhexyl]-L-norvaline",1,1,4TRW,
短肽聚合物命中,LXO,4-(pyridin-4-ylamino)butanoic acid,1,1,8HOU,
短肽聚合物命中,OUD,(3~{S})-3-azanyl-4-(carboxyamino)butanoic acid,1,1,5N14,
短肽聚合物命中,OUE,(4~{S})-4-azanyl-5-(carboxyamino)pentanoic acid,1,1,5N14,
短肽聚合物命中,PBE,"1,1-DIMETHYL-PROLINIUM",1,1,5CVE,
短肽聚合物命中,PRW,"(2R,3R)-4-AMINO-2,3-DIHYDROXYBUTANOIC ACID",1,1,2X4T,
短肽聚合物命中,QF0,(3S)-3-amino-4-(naphthalen-2-yl)butanoic acid,1,1,8D52,
短肽聚合物命中,SGK,2-(pyridin-2-ylmethylamino)ethanoic acid,1,1,7AZF,
短肽聚合物命中,SOW,[(2-amino-2-oxoethyl)amino]acetic acid,1,1,8DL7,
短肽聚合物命中,T7H,3-({2-[(carboxymethyl)amino]ethyl}sulfanyl)propanoic acid,1,1,8DPY,
短肽聚合物命中,TVA,"N-[(2R,3S)-3-amino-2-hydroxy-4-(thiophen-2-yl)butyl]-L-norvaline",1,1,4TRZ,
短肽聚合物命中,WGB,N-methyl-4-nitro-L-phenylalanine,1,1,8WM0,
短肽聚合物命中,XZP,"(1R,2R)-2-aminocyclopentane-1-carboxylic acid",1,1,5VTI,
短肽聚合物命中,Y1Y,"3-amino-2,3-dideoxy-5-O-(5-methylthiophene-2-carbonyl)-D-erythro-pentonic acid",1,1,6X8H,
短肽聚合物命中,ZS8,(2S)-2-amino-2-methyldec-8-ynoic acid,1,1,5J31,
仅较长聚合物命中,42Y,O-propanoyl-L-serine,3,0,4XSA / 5WGC / 6UR0,
仅较长聚合物命中,6DN,(2~{S})-2-azanyl-6-(2-hydroxy-2-oxoethylamino)hexanoic acid,1,0,5J2S,
暂无聚合物命中,8AY,"3-[6-(propan-2-yl)-1,3-benzothiazol-2-yl]-L-alanine",0,0,,
仅较长聚合物命中,9IJ,2-cyano-L-phenylalanine,19,0,7SJJ / 7SPV / 7SPW / 7SPX / 8DZU,
暂无聚合物命中,A1AV8,N-(prop-2-en-1-yl)glycine,0,0,,
仅较长聚合物命中,A1DP2,S-[(1R)-1-hydroxy-2-oxopropyl]-L-cysteine,6,0,9CFI / 9CFM / 9CFO / 9CFY / 9CFZ,
暂无聚合物命中,A1JJC,N-Phenylglycine,0,0,,
暂无聚合物命中,AVJ,"N,N,N-trimethyl-histidine",0,0,,
仅较长聚合物命中,C1S,3-(prop-2-en-1-yldisulfanyl)-L-alanine,2,0,4MKJ / 4MKK,
仅较长聚合物命中,FFL,"5,5'-difluoroleucines",3,0,7Q6P / 8VRI,
暂无聚合物命中,H1D,"(2S)-2-AMINO-4-[(2R,3S)-2,3-DIHYDROXY-3-N-HYDROXYCARBAMOYL-PROPYLMERCAPTO]BUTYRIC ACID",0,0,,
暂无聚合物命中,HYI,"(2S)-2-AMINO-4-[(2R,3R)-2,3-DIHYDROXY-3-N-HYDROXYCARBAMOYL-PROPYLMERCAPTO]BUTYRIC ACID",0,0,,
仅较长聚合物命中,I3D,"5,6-difluoro-tryptophan",2,0,7QZ8 / 7QZ9,
仅较长聚合物命中,ILY,N~6~-propan-2-yl-L-lysine,1,0,4IAG,
仅较长聚合物命中,O18,O-palmitoleoyl serine,1,0,9PQZ,
暂无聚合物命中,OO0,ALLIIN,0,0,,
仅较长聚合物命中,P5U,O-[(4-cyanophenyl)sulfonyl]-L-serine,2,0,6DWQ / 6DWR,
仅较长聚合物命中,SBG,O-[(S)-HYDROXY(METHYL)PHOSPHORYL]-L-SERINE,5,0,2JGL / 2WHQ / 4AXB / 4B0O / 4B0P,
暂无聚合物命中,SDB,"(4S)-2-[(1S)-1-amino-2-hydroxyethyl]-3,4,5,6-tetrahydropyrimidine-4-carboxylic acid",0,0,,
仅较长聚合物命中,TFW,"5,6,7-trifluoro-tryptophan",1,0,7QZ7,
暂无聚合物命中,00M,"(2R,3S)-3-amino-2-hydroxy-4-phenylbutanoic acid",0,0,,
暂无聚合物命中,00U,"(1S,7S)-7-amino-7-benzyl-8-oxohexahydro-1H-pyrazolo[1,2-a]pyridazine-1-carboxylic acid",0,0,,
暂无聚合物命中,00V,"(2S,3S)-3,7-diamino-2-hydroxyheptanoic acid",0,0,,
暂无聚合物命中,00W,"3-amino-6-carbamimidamido-3,4,5,6-tetradeoxy-L-erythro-hexonic acid",0,0,,
暂无聚合物命中,021,N-cyclopentylglycine,0,0,,
暂无聚合物命中,0TF,N~6~-D-ornithyl-L-lysine,0,0,,
暂无聚合物命中,0XW,"(2S,4R)-4-hydroxy-1,1-dimethylpyrrolidinium-2-carboxylate",0,0,,
暂无聚合物命中,108,2-(5-CARBAMIMIDOYL-2-HYDROXY-BENZYLAMINO)-PROPIONIC ACID,0,0,,
暂无聚合物命中,109,2-(4-CARBAMIMIDOYL-2-HYDROXY-BENZYLAMINO)-PROPIONIC ACID,0,0,,
暂无聚合物命中,11C,(2R)-2-aminohexanedioic acid,0,0,,
暂无聚合物命中,12N,"(2R,3S)-3-amino-4-cyclobutyl-2-hydroxybutanoic acid",0,0,,
暂无聚合物命中,1J1,"N~6~-[(2R)-3,4-dihydro-2H-pyrrol-2-ylcarbonyl]-L-lysine",0,0,,
暂无聚合物命中,1KJ,N~5~-(N-methoxycarbamimidoyl)-L-ornithine,0,0,,
暂无聚合物命中,1N4,(2R)-amino(1-hydroxy-4-propyl-1H-pyrazol-5-yl)ethanoic acid,0,0,,
暂无聚合物命中,1RT,"4-amino-2-oxo-1,2-dihydropyrimidine-5-carboxylic acid",0,0,,
暂无聚合物命中,1X0,(2S)-2-aminooct-7-enoic acid,0,0,,
暂无聚合物命中,1Y2,"(2S)-amino(4,4-difluorocyclohexyl)ethanoic acid",0,0,,
暂无聚合物命中,22N,"(3R,4S,5S)-4-(acetylamino)-5-amino-3-(pentan-3-yloxy)cyclohex-1-ene-1-carboxylic acid",0,0,,
暂无聚合物命中,22P,(2R)-2-(aminomethyl)-2-hydroxy-4-phenylbutanoic acid,0,0,,
暂无聚合物命中,247,"(3R)-3-amino-2,2-difluoro-3-(4-hydroxyphenyl)propanoic acid",0,0,,
暂无聚合物命中,26P,2-AMINO-6-OXOPIMELIC ACID,0,0,,
暂无聚合物命中,296,"(3R)-3-amino-2,2-difluoro-3-(4-methoxyphenyl)propanoic acid",0,0,,
暂无聚合物命中,2A0,N-[(2S)-2-aminohexyl]-L-norleucine,0,0,,
暂无聚合物命中,2B8,"(5R)-5-(3-aminopropyl)-1-propyl-4,5,6,7-tetrahydro-1H-benzimidazole-5-carboxylic acid",0,0,,
暂无聚合物命中,2BH,"[(1E,5S)-5-AMINO-5-CARBOXYPENT-1-ENYL](TRIHYDROXY)BORATE(1-)",0,0,,
暂无聚合物命中,2C0,baclofen,0,0,,
暂无聚合物命中,2CG,"(1R,2R)-3-[(S)-amino(carboxy)methyl]cyclopropane-1,2-dicarboxylic acid",0,0,,
暂无聚合物命中,2K8,"(6R)-2-amino-4-oxo-3,4,5,6,7,8-hexahydropteridine-6-carboxylic acid",0,0,,
暂无聚合物命中,2KJ,N~5~-(N-ethoxycarbamimidoyl)-L-ornithine,0,0,,
暂无聚合物命中,2MM,"N,N-dimethyl-L-methionine",0,0,,
暂无聚合物命中,2NP,L-2-AMINO-6-METHYLENE-PIMELIC ACID,0,0,,
暂无聚合物命中,2QE,"(2S,4R)-4-(3-Methoxy-3-oxopropyl) glutamic acid",0,0,,
暂无聚合物命中,2SU,alpha-(fluoromethyl)-D-tryptophan,0,0,,
暂无聚合物命中,35K,"(2S)-2-amino-4-(2,3-dioxo-1,2,3,4-tetrahydroquinoxalin-6-yl)butanoic acid",0,0,,
暂无聚合物命中,3DJ,(2S)-2-amino-4-(2-amino-3-hydroxyphenyl)-4-oxobutanoic acid,0,0,,
暂无聚合物命中,3ER,(2S)-(3-chlorophenyl)[(methylsulfonyl)amino]ethanoic acid,0,0,,
暂无聚合物命中,3FK,"(2R)-(3,5-dichlorophenyl)(dimethylamino)ethanoic acid",0,0,,
暂无聚合物命中,3GC,GAMMA-GLUTAMYLCYSTEINE,0,0,,
暂无聚合物命中,3GE,N-[(1E)-2-formyl-3-hydroxyprop-1-en-1-yl]-3-[(S)-sulfino]-D-valine,0,0,,
暂无聚合物命中,3K0,N-sulfamoyl-L-glutamic acid,0,0,,
暂无聚合物命中,3KJ,N~5~-(N-hydroxy-N-methylcarbamimidoyl)-L-ornithine,0,0,,
暂无聚合物命中,3RG,2-[(carboxymethyl)amino]benzoic acid,0,0,,
暂无聚合物命中,3V5,"(3S,5S)-3-({[(aminomethyl)amino]methyl}sulfanyl)-5-[(2S)-1,3-dioxobutan-2-yl]-L-proline",0,0,,
暂无聚合物命中,3ZA,(4R)-4-{3-[hydroxy(methyl)amino]-3-oxopropyl}-L-glutamic acid,0,0,,
暂无聚合物命中,40F,"(1S,2S,5R,6S)-2-aminobicyclo[3.1.0]hexane-2,6-dicarboxylic acid",0,0,,
暂无聚合物命中,40H,"(1R,4S,5S,6S)-4-aminospiro[bicyclo[3.1.0]hexane-2,1'-cyclopropane]-4,6-dicarboxylic acid",0,0,,
暂无聚合物命中,42B,4-AMINO-2-HYDROXYBUTANOIC ACID,0,0,,
暂无聚合物命中,4E5,(3R)-3-(3-carboxy-5-hydroxyphenyl)-L-proline,0,0,,
暂无聚合物命中,4E7,"(3R,4S)-3-(3-carboxyphenyl)-4-propyl-L-proline",0,0,,
暂无聚合物命中,4JK,(S)-2-AMINO-5-(2-HYDROXYACETIMIDAMIDO)PENTANOIC ACID,0,0,,
暂无聚合物命中,4KJ,(5E)-5-[(N-methoxy-N-methylcarbamimidoyl)imino]-L-norvaline,0,0,,
仅较长聚合物命中,4OO,"4-triaza-1,2-dien-2-ium-1-yl-L-phenylalanine",1,0,5XHF,
仅较长聚合物命中,4V0,3-(3H-azepin-5-yl)-L-alanine,1,0,5BTT,
暂无聚合物命中,52A,"(2R,4R)-4-aminopyrrolidine-2,4-dicarboxylic acid",0,0,,
暂无聚合物命中,52Q,"(1R,2S,4R,5R,6R)-2-amino-4-(1H-1,2,4-triazol-3-ylsulfanyl)bicyclo[3.1.0]hexane-2,6-dicarboxylic acid",0,0,,
暂无聚合物命中,55P,"(2R,4R)-4-amino-2-methyl-5-phenylpentanoic acid",0,0,,
暂无聚合物命中,5AR,"(2S)-2-amino-4-[5-(4-aminobutyl)-1,3,4-oxadiazol-2-yl]butanoic acid",0,0,,
暂无聚合物命中,5DM,N-[(2S)-2-amino-3-phenylpropyl]-D-methionine,0,0,,
暂无聚合物命中,5DZ,5-[(2R)-2-amino-2-carboxyethyl]-1-(4-fluorophenyl)-1H-pyrazole-3-carboxylic acid,0,0,,
暂无聚合物命中,5E0,5-[(2R)-2-amino-2-carboxyethyl]-1-phenyl-1H-pyrazole-3-carboxylic acid,0,0,,
暂无聚合物命中,5KC,"(2S,3S)-2-azanyl-4-(2-hydroxy-2-oxoethylamino)-3-oxidanyl-butanoic acid",0,0,,
暂无聚合物命中,5KJ,N~5~-(N-hydroxycarbamimidoyl)-N~5~-methyl-L-ornithine,0,0,,
暂无聚合物命中,5OY,5-phosphono-L-norvaline,0,0,,
暂无聚合物命中,5XR,2-hydroxy-N-[(1S)-1-hydroxy-3-oxopropyl]-L-aspartic acid,0,0,,
暂无聚合物命中,64X,5-bromo-L-tryptophan,0,0,,
暂无聚合物命中,6KJ,(5E)-5-[(N-tert-butoxycarbamimidoyl)imino]-L-norvaline,0,0,,
暂无聚合物命中,720,(2S)-5-AMINO-2-[(1-PROPYL-1H-IMIDAZOL-4-YL)METHYL]PENTANOIC ACID,0,0,,
暂无聚合物命中,76I,(2S)-2-oxidanyl-2-[oxidanyl(propan-2-yl)amino]ethanoic acid,0,0,,
暂无聚合物命中,78U,(betaS)-beta-methyl-L-tryptophan,0,0,,
暂无聚合物命中,7B0,(2~{S})-6-azanyl-2-(sulfamoylamino)hexanoic acid,0,0,,
暂无聚合物命中,7UC,(3~{R})-3-(2-hydroxy-2-oxoethylamino)butanoic acid,0,0,,
暂无聚合物命中,83V,(4S)-4-amino-6-phenylhexanoic acid,0,0,,
暂无聚合物命中,8DX,"(2R,3aR,6S,7aR)-2-[(2S)-2-amino-3-hydroxy-3-oxo-propyl]-6-hydroxy-3,3a,5,6,7,7a-hexahydrofuro[4,5-b]pyran-2-carboxylic acid",0,0,,
暂无聚合物命中,8QA,(2S)-2-azanyl-6-[(5-oxidanyl-5-oxidanylidene-pentanethioyl)amino]hexanoic acid,0,0,,
暂无聚合物命中,8X9,"2-[(1R,5S,6S)-6-(aminomethyl)-3-ethyl-6-bicyclo[3.2.0]hept-3-enyl]acetic acid",0,0,,
暂无聚合物命中,96Z,beta-(1-azulenyl)-L-alanine,0,0,,
暂无聚合物命中,9DX,"(2R,3aR,7R,7aR)-2-[(2S)-2-amino-3-hydroxy-3-oxo-propyl]-7-hydroxy-3,3a,5,6,7,7a-hexahydrofuro[4,5-b]pyran-2-carboxylic acid",0,0,,
仅较长聚合物命中,A0A,(2S)-2-AMINO-4-(FORMYLOXY)-4-OXOBUTANOIC ACID,1,0,2VJM,
暂无聚合物命中,A1A46,"(2S)-2-{[(2S,3S)-1,3-dihydroxy-4-oxopentan-2-yl]amino}-3-(4-hydroxyphenyl)propanoic acid",0,0,,
暂无聚合物命中,A1A8K,"(4S)-4-hydroxy-1-(7H-pyrrolo[2,3-d]pyrimidin-4-yl)-D-proline",0,0,,
暂无聚合物命中,A1AKT,"N-(7H-pyrrolo[2,3-d]pyrimidin-4-yl)-D-valine",0,0,,
暂无聚合物命中,A1AKU,"(4S)-4-hydroxy-1-(7H-pyrrolo[2,3-d]pyrimidin-4-yl)-D-proline",0,0,,
暂无聚合物命中,A1AKV,"3-cyclopropyl-N-(7H-pyrrolo[2,3-d]pyrimidin-4-yl)-L-alanine",0,0,,
暂无聚合物命中,A1AUG,5-oxo-L-norvaline,0,0,,
暂无聚合物命中,A1CIL,(2R)-2-amino-3-methylbut-3-enoic acid,0,0,,
暂无聚合物命中,A1IFF,(R)-amino-3-hydroxybutanoic acid,0,0,,
暂无聚合物命中,A1IFH,(S)-amino-3-hydroxybutanoic acid,0,0,,
暂无聚合物命中,A1ILR,(2~{R})-2-azanyl-3-(2~{H}-thiophen-5-ylcarbonylamino)propanoic acid,0,0,,
暂无聚合物命中,A1IME,"(2~{R})-2-azanyl-3-[(7-methylthieno[3,2-b]pyridin-2-yl)carbonylamino]propanoic acid",0,0,,
暂无聚合物命中,A1IT0,1-(methylsulfonylamino)cyclohexane-1-carboxylic acid,0,0,,
暂无聚合物命中,A1JEV,(2~{S})-1-[(1~{R})-1-(4-chlorophenyl)-2-(methylamino)-2-oxidanylidene-ethyl]pyrrolidine-2-carboxylic acid,0,0,,
暂无聚合物命中,A1JF4,"3-(7~{H}-pyrrolo[2,3-d]pyrimidin-4-ylamino)propanoic acid",0,0,,
暂无聚合物命中,A1JHR,Gly-Ser-epsilon-Lys,0,0,,
暂无聚合物命中,A1JSL,3-[(6-methylnaphthalen-2-yl)sulfonylamino]propanoic acid,0,0,,
暂无聚合物命中,A1L7T,(2~{R})-3-azanyl-3-methyl-2-oxidanyl-butanoic acid,0,0,,
暂无聚合物命中,A1LWG,(2~{R})-2-[2-(1~{H}-indol-3-yl)ethylamino]propanoic acid,0,0,,
暂无聚合物命中,A33,2-(carboxymethyl)-D-aspartic acid,0,0,,
暂无聚合物命中,A3B,D-VINYLGLYCINE,0,0,,
暂无聚合物命中,ABH,2(S)-AMINO-6-BORONOHEXANOIC ACID,0,0,,
暂无聚合物命中,ACZ / TZA,CIS-AMICLENOMYCIN；TRANS-AMICLENOMYCIN,0,0,,
暂无聚合物命中,AHY,"(2S,3R)-3-AMINO-2-HYDROXYDECANOIC ACID",0,0,,
暂无聚合物命中,AKB,2-AMINO-3-KETOBUTYRIC ACID,0,0,,
暂无聚合物命中,AL0,3-[HYDROXY(NITROSO)AMINO]-L-ALANINE,0,0,,
暂无聚合物命中,AM1,(S)-2-AMINO-3-(3-CARBOXY-5-METHYLISOXAZOL-4-YL)PROPIONIC ACID,0,0,,
暂无聚合物命中,AMB,L-2-AMINO-4-METHOXY-CIS-BUT-3-ENOIC ACID,0,0,,
暂无聚合物命中,AMQ,(S)-ALPHA-AMINO-3-HYDROXY-5-METHYL-4-ISOXAZOLEPROPIONIC ACID,0,0,,
暂无聚合物命中,AQK,(2~{S})-5-azanyl-2-(2-hydroxy-2-oxoethylamino)pentanoic acid,0,0,,
暂无聚合物命中,AQQ,(2~{S})-5-azanyl-2-[[(2~{R})-1-oxidanyl-1-oxidanylidene-propan-2-yl]amino]pentanoic acid,0,0,,
暂无聚合物命中,AUU,"(1S,2S,4R)-2-aminobicyclo[2.2.1]heptane-2-carboxylic acid",0,0,,
暂无聚合物命中,AVG,2-AMINO-4-(2-AMINO-ETHOXY)-BUTYRIC ACID,0,0,,
暂无聚合物命中,AVI,"N,N-dimethyl-L-histidine",0,0,,
暂无聚合物命中,AVO,Pyrrolidinohistidine,0,0,,
暂无聚合物命中,AXZ,2-{[dihydroxy(4-aminoethylphenyl)-{4}-sulfanyl]amino}-3-hydroxypropanoic acid,0,0,,
暂无聚合物命中,B56,"2-amino-8-methyl-4-oxo-3,4,7,8-tetrahydropteridine-6-carboxylic acid",0,0,,
暂无聚合物命中,BDH,L-BETA-ASPARTYLHISTIDINE,0,0,,
暂无聚合物命中,BET,TRIMETHYL GLYCINE,0,0,,
暂无聚合物命中,BN1,(S)-2-AMINO-3-[3-HYDROXY-5-(2-METHYL-2H-TETRAZOL-5-YL)ISOXAZOL-4-YL]PROPIONIC ACID,0,0,,
暂无聚合物命中,BO8,(D-ALPHA-AMINOPIMELYLAMINO)-D-1-ETHYLBORONIC ACID,0,0,,
暂无聚合物命中,BQ7,"(3S)-3-amino-2,2-difluoro-3-phenylpropanoic acid",0,0,,
暂无聚合物命中,BRH,(S)-2-AMINO-3-(4-BROMO-3-HYDROXY-ISOXAZOL-5-YL)PROPIONIC ACID,0,0,,
暂无聚合物命中,BSC,(2S)-2-amino-4-(S-butylsulfonimidoyl)butanoic acid,0,0,,
暂无聚合物命中,C5A,"(1S,3S)-1-aminocyclopentane-1,3-dicarboxylic acid",0,0,,
暂无聚合物命中,C5B,"(1S,3R)-1-AMINOCYCLOPENTANE-1,3-DICARBOXYLIC ACID",0,0,,
暂无聚合物命中,CAL,5-AMINO-6-CYCLOHEXYL-4-HYDROXY-2-ISOBUTYL-HEXANOIC ACID,0,0,,
暂无聚合物命中,CAV,"5-AMINO-6-CYCLOHEXYL-3,4-DIHYDROXY-2-ISOPROPYL-HEXANOIC ACID",0,0,,
暂无聚合物命中,CBH,S-(D-CARBOXYBUTYL)-L-HOMOCYSTEINE,0,0,,
暂无聚合物命中,CCW,(S)-2-Amino-5-(2-(methylsulfonyl)acetimidamido)pentanoic acid,0,0,,
暂无聚合物命中,CE2,3-(5-TERT-BUTYL-3-OXIDOISOXAZOL-4-YL)-L-ALANINATE,0,0,,
暂无聚合物命中,CFU,"(2R)-2-[(1R)-1-(acetylamino)-2-oxoethyl]-5-methyl-3,6-dihydro-2H-1,3-thiazine-4-carboxylic acid",0,0,,
暂无聚合物命中,CL5,N-(3-OXOPROPYL)GLYCINE,0,0,,
暂无聚合物命中,CMA,N2-(CARBOXYETHYL)-L-ARGININE,0,0,,
暂无聚合物命中,CPV,5-AMINO-6-CYCLOHEXYL-4-HYDROXY-2-ISOPROPYL-HEXANOIC ACID,0,0,,
暂无聚合物命中,CPW,"(S)-2-AMINO-3-(1,3,5,7-PENTAHYDRO-2,4-DIOXO-CYCLOPENTA[E]PYRIMIDIN-1-YL) PROIONIC ACID",0,0,,
暂无聚合物命中,CRN,N-[(E)-AMINO(IMINO)METHYL]-N-METHYLGLYCINE,0,0,,
暂无聚合物命中,CUW,"(2~{S},3~{R})-2,6-bis(azanyl)-3-oxidanyl-hexanoic acid",0,0,,
暂无聚合物命中,CXA,PHENYLALANINE-N-SULFONAMIDE,0,0,,
暂无聚合物命中,D20,N~5~-{IMINO[(2-METHOXYETHYL)AMINO]METHYL}-L-ORNITHINE,0,0,,
暂无聚合物命中,D8D,1-[(1R)-1-cyclohexyl-2-(methylamino)-2-oxoethyl]-L-proline,0,0,,
暂无聚合物命中,DA3,"(2S,5',S)-2-AMINO-3-(3-CARBOXY-2-ISOXAZOLIN-5-YL)PROPANOIC ACID",0,0,,
暂无聚合物命中,DDO,6-HYDROXY-D-NORLEUCINE,0,0,,
暂无聚合物命中,DHH,"(S)-2-AMINO-7,7-DIHYDROXYHEPTANOIC ACID",0,0,,
暂无聚合物命中,DMO,ALPHA-DIFLUOROMETHYLORNITHINE,0,0,,
暂无聚合物命中,DTE,7-CL-D-TRYPTOPHAN,0,0,,
暂无聚合物命中,DY8,Morpholinohistidine,0,0,,
暂无聚合物命中,E42,(R)-2-amino-3-(3'-hydroxybiphenyl-3-yl)propanoic acid,0,0,,
暂无聚合物命中,E79,"(3R)-3-[[(1R)-1,2-bis(oxidanyl)-2-oxidanylidene-ethyl]amino]butanoic acid",0,0,,
暂无聚合物命中,EKN,(2~{S})-2-(2-azanylethylamino)butanedioic acid,0,0,,
暂无聚合物命中,EXR,(2R)-2-azanyl-3-(1-benzothiophen-3-yl)propanoic acid,0,0,,
暂无聚合物命中,FKI,"5,5-DI-FLUORO-2-KETO-3-AMINOPENTANOIC ACID",0,0,,
暂无聚合物命中,FN6,(2S)-2-azanyl-4-[[(2R)-3-(1H-imidazol-4-yl)-1-oxidanyl-1-oxidanylidene-propan-2-yl]amino]butanoic acid,0,0,,
暂无聚合物命中,FOG,"(4S,5S)-5-amino-4-hydroxy-6-phenylhexanoic acid",0,0,,
暂无聚合物命中,FWO,(2S)-2-[[(3S)-3-azanyl-4-oxidanyl-4-oxidanylidene-butanoyl]amino]-4-methyl-pentanoic acid,0,0,,
暂无聚合物命中,FXX,(3R)-3-azanyl-4-oxidanylidene-4-[[3-(trifluoromethyloxy)phenyl]amino]butanoic acid,0,0,,
暂无聚合物命中,G39,"(3R,4R,5S)-4-(acetylamino)-5-amino-3-(pentan-3-yloxy)cyclohex-1-ene-1-carboxylic acid",0,0,,
暂无聚合物命中,GBG,N~6~-[(1E)-2-chloroethanimidoyl]-L-lysine,0,0,,
暂无聚合物命中,GBN,[1-(AMINOMETHYL)CYCLOHEXYL]ACETIC ACID,0,0,,
暂无聚合物命中,GKL,"N-[(2S,3S)-3-amino-2-hydroxy-5-methylhexyl]-L-valine",0,0,,
暂无聚合物命中,GPA,2-AMINO-3-GUANIDINO-PROPIONIC ACID,0,0,,
暂无聚合物命中,GVA,5-{[AMINO(IMINO)METHYL]AMINO}PENTANOIC ACID,0,0,,
暂无聚合物命中,HGA,GLUTAMINE HYDROXAMATE,0,0,,
暂无聚合物命中,HOZ,"(4S)-4,5-DIAMINOPENTANOIC ACID",0,0,,
暂无聚合物命中,HVG,"4-[(S)-amino(carboxy)methyl]benzene-1,2-dicarboxylic acid",0,0,,
暂无聚合物命中,HWD,"2-AMINO-3-(2,4-DIOXO-3,4-DIHYDRO-2H-PYRIMIDIN-1-YL)-PROPIONIC ACID",0,0,,
暂无聚合物命中,I2V,"(1S,3S,4S)-3-amino-4-(fluoromethyl)cyclopentane-1-carboxylic acid",0,0,,
暂无聚合物命中,I3J,(2S)-3-(4-hydroxyphenyl)-2-isocyanopropanoic acid,0,0,,
暂无聚合物命中,IBC,"3-(3-HYDROXY-7,8-DIHYDRO-6H-CYCLOHEPTA[D]ISOXAZOL-4-YL)-L-ALANINE",0,0,,
暂无聚合物命中,IKT,3-(1-AMINOETHYL)NONANEDIOIC ACID,0,0,,
暂无聚合物命中,ILO,N5-IMINOETHYL-L-ORNITHINE,0,0,,
暂无聚合物命中,IOM,(DIAMINOMETHYL-METHYL-AMINO)-ACETIC ACID,0,0,,
暂无聚合物命中,IST,ISOSTATINE,0,0,,
暂无聚合物命中,J3R,"3-[methyl-(4-nitro-2,1,3-benzoxadiazol-7-yl)amino]propanoic acid",0,0,,
暂无聚合物命中,JEG,"trans-1-aminocyclobutane-1,3-dicarboxylic acid",0,0,,
暂无聚合物命中,JIX,"(1S,4R,5R,6S)-4-amino-2-oxabicyclo[3.1.0]hexane-4,6-dicarboxylic acid",0,0,,
暂无聚合物命中,JM2,N~5~-[2-(methylsulfanyl)ethanimidoyl]-L-ornithine,0,0,,
暂无聚合物命中,JM4,N~5~-{3-[(1-methylethyl)sulfanyl]propanimidoyl}-L-ornithine,0,0,,
暂无聚合物命中,JM5,N~5~-[2-(propylsulfanyl)ethanimidoyl]-L-ornithine,0,0,,
暂无聚合物命中,JM6,N~5~-[4-(methylsulfanyl)butanimidoyl]-L-ornithine,0,0,,
暂无聚合物命中,JM7,N~5~-[2-(ethylsulfanyl)ethanimidoyl]-L-ornithine,0,0,,
暂无聚合物命中,JM8,N~5~-[(3-(ethylsulfanyl)propanimidoyl]-L-ornithine,0,0,,
暂无聚合物命中,K94,4-(difluoromethyl)-L-leucine,0,0,,
暂无聚合物命中,KAH,5-AMINO-4-HYDROXYHEXANOIC ACID,0,0,,
暂无聚合物命中,KAI,3-(CARBOXYMETHYL)-4-ISOPROPENYLPROLINE,0,0,,
暂无聚合物命中,KFJ,4-(4-nitrophenyl)-L-threonine,0,0,,
暂无聚合物命中,KKA,(2S)-2-azanyl-6-oxidanylidene-6-[[(2S)-1-oxidanyl-1-oxidanylidene-4-sulfanyl-butan-2-yl]amino]hexanoic acid,0,0,,
暂无聚合物命中,KMH,(5S)-5-AMINO-3-OXO-HEXANOIC ACID,0,0,,
暂无聚合物命中,KRI,"(S)-2-AMINO-4-[(2S,3R)-2,3,5-TRIHYDROXY-4-OXO-PENTYL]MERCAPTO-BUTYRIC ACID",0,0,,
暂无聚合物命中,KZ5,(2~{S})-2-(dimethylamino)-3-(2-sulfo-1~{H}-imidazol-4-yl)propanoic acid,0,0,,
暂无聚合物命中,L06,5-{[AMINO(IMINO)METHYL]AMINO}-2-(SULFANYLMETHYL)PENTANOIC ACID,0,0,,
暂无聚合物命中,L9Z,"(1~{S},3~{S},4~{S},5~{R})-3-(aminomethyl)-3,4,5-tris(hydroxyl)cyclohexane-1-carboxylic acid",0,0,,
暂无聚合物命中,LH6,"(2~{S})-2-(methylamino)-3-[4-[(1~{E})-3-methylbuta-1,3-dienyl]-1~{H}-indol-3-yl]propanoic acid",0,0,,
暂无聚合物命中,LIS,"(2S,4S)-2-AMINO-4,5-EPOXIPENTANOIC ACID",0,0,,
暂无聚合物命中,LN5,N5-(1-iminopropyl)-L-ornithine,0,0,,
暂无聚合物命中,LN6,N~5~-[(1E)-pentanimidoyl]-L-ornithine,0,0,,
暂无聚合物命中,LN7,N~5~-[(1S)-1-aminopentyl]-L-ornithine,0,0,,
暂无聚合物命中,LU0,Sulphamoil Leucine,0,0,,
暂无聚合物命中,M7V,"(1S,2R)-2-[(S)-amino(carboxy)methyl]-1-butylcyclopropane-1-carboxylic acid",0,0,,
暂无聚合物命中,MHA,(CARBAMOYLMETHYL-CARBOXYMETHYL-AMINO)-ACETIC ACID,0,0,,
暂无聚合物命中,MIK,METHYL ISONICOTINIMIDATE LYSINE,0,0,,
暂无聚合物命中,MMS,MIMOSINE,0,0,,
暂无聚合物命中,MQ4,"(1S)-3-amino-4-[(2S)-1,1,1-trifluoro-3-oxopropan-2-yl]cyclopent-3-ene-1-carboxylic acid",0,0,,
暂无聚合物命中,MS8,"(2R,3aR,7aR)-2-[(2S)-2-amino-3-hydroxy-3-oxo-propyl]-3,3a,5,6,7,7a-hexahydrofuro[4,5-b]pyran-2-carboxylic acid",0,0,,
暂无聚合物命中,MTJ,"N,O-DIMETHYL-L-TYROSINE",0,0,,
仅较长聚合物命中,NFK,N'-Formylkynurenine,1,0,6GPV,
暂无聚合物命中,NFQ,N-[(E)-iminomethyl]-L-aspartic acid,0,0,,
暂无聚合物命中,NGQ,N-carbamimidoyl-L-glutamic acid,0,0,,
暂无聚合物命中,NIG,N-(IMINOMETHYL)-L-GLUTAMIC ACID,0,0,,
暂无聚合物命中,NLH,"(2R,5S)-5-amino-2-butyl-4,4-dihydroxynonanoic acid",0,0,,
暂无聚合物命中,NLK,"(2R,5S)-5-amino-2-butyl-4-oxononanoic acid",0,0,,
暂无聚合物命中,NMG,GUANIDINO ACETATE,0,0,,
暂无聚合物命中,NO5,(2~{S})-3-methyl-2-(sulfamoylamino)butanoic acid,0,0,,
暂无聚合物命中,NO6,S-[(pyridin-2-yl)methyl]-L-cysteine,0,0,,
暂无聚合物命中,NOU,(2S)-2-amino-4-[(pyridin-2-yl)amino]butanoic acid,0,0,,
暂无聚合物命中,NWG,5-[(diaminomethylidene)amino]-2-oxopentanoic acid,0,0,,
暂无聚合物命中,NZ2,N-(methylsulfonyl)-N-phenyl-L-alanine,0,0,,
暂无聚合物命中,NZ3,N-(methylsulfonyl)-N-phenyl-D-alanine,0,0,,
暂无聚合物命中,O77,N-[(3S)-3-amino-3-carboxypropyl]-L-histidine,0,0,,
暂无聚合物命中,OP1,1-[(1S)-4-carbamimidamido-1-carboxybutyl]-5-oxo-D-proline,0,0,,
暂无聚合物命中,P4B,(2~{R})-4-azanyl-2-[[(1~{S})-1-oxidanylethyl]amino]butanoic acid,0,0,,
暂无聚合物命中,PB1,3-(2-AMINOETHYL)-4-(AMINOMETHYL)HEPTANEDIOIC ACID,0,0,,
暂无聚合物命中,PCV,5-AMINO-3-HYDROXY-2-(2-OXO-AZETIDIN-1-YL)-PENTANOIC ACID,0,0,,
暂无聚合物命中,PDM,"4-[4-(2,5-DIOXO-PYRROLIDIN-1-YL)-PHENYLAMINO]-4-HYDROXY-BUTYRIC ACID",0,0,,
暂无聚合物命中,PHX,"4-{[(Z)-(5-OXO-2-PHENYL-1,3-OXAZOL-4(5H)-YLIDENE)METHYL]AMINO}BUTANOIC ACID",0,0,,
暂无聚合物命中,QJW,(3S)-3-[(2-nitrophenyl)methoxy]-L-aspartic acid,0,0,,
暂无聚合物命中,QLI,"(5S,6S)-6-amino-5-[(1-carboxyethenyl)oxy]cyclohexa-1,3-diene-1-carboxylic acid",0,0,,
暂无聚合物命中,QUS,"(S)-2-AMINO-3-(3,5-DIOXO-[1,2,4]OXADIAZOLIDIN-2-YL)-PROPIONIC ACID",0,0,,
暂无聚合物命中,R1V,"N-[(2E)-3,7-dimethylocta-2,6-dien-1-yl]-L-glutamic acid",0,0,,
暂无聚合物命中,R9J,2-methyl-N-(4-methylphenyl)-L-alanine,0,0,,
暂无聚合物命中,REZ,(2R)-2-AMINO-7-{[(1R)-1-CARBOXYETHYL]AMINO}-7-OXOHEPTANOIC ACID,0,0,,
暂无聚合物命中,RGE,(2S)-2-AMINO-5-(2-(METHYLSULFINYL)ACETIMIDAMIDO)PENTANOIC ACID,0,0,,
暂无聚合物命中,RH0,"3-amino-5-S-benzyl-2,3-dideoxy-5-thio-D-erythro-pentonic acid",0,0,,
暂无聚合物命中,RQJ,deoxyproclavaminic acid,0,0,,
暂无聚合物命中,S4F,3-[(3R)-1-(6-amino-5-chloropyrimidin-4-yl)piperidin-3-yl]propanoic acid,0,0,,
暂无聚合物命中,SDC,S-[2-(AMINOSULFONYL)ETHYL]-D-CYSTEINE,0,0,,
暂无聚合物命中,SHI,(S)-2-AMINO-3-(3-HYDROXY-ISOXAZOL-4-YL)PROPIONIC ACID,0,0,,
暂无聚合物命中,SMZ,N~5~-[(E)-imino(methylsulfanyl)methyl]-L-ornithine,0,0,,
暂无聚合物命中,SSC,"(2S,5S)-5-CARBOXYMETHYLPROLINE",0,0,,
暂无聚合物命中,SUO,N~2~-(3-CARBOXYPROPANOYL)-L-ORNITHINE,0,0,,
暂无聚合物命中,TB1,(3S)-3-(BENZYLOXY)-L-ASPARTIC ACID,0,0,,
暂无聚合物命中,TBL,N-[(4-methoxyphenyl)sulfonyl]-D-alanine,0,0,,
暂无聚合物命中,TF7,"(3S)-3-(dihydroxy-lambda~4~-sulfanyl)-4-(1H-1,2,3-triazol-1-yl)-D-valine",0,0,,
暂无聚合物命中,TKI,"2-[(4,6-diethyl-1,3,5-triazin-2-yl)-methyl-amino]ethanoic acid",0,0,,
暂无聚合物命中,TPR,TOSYL-D-PROLINE,0,0,,
暂无聚合物命中,U1K,(S)-2-AMINO-3-(3-HYDROXY-5-TERT-BUTYLISOTHIAZOL-4-YL) PROPRIONIC ACID,0,0,,
暂无聚合物命中,U8S,"3-[(2S)-2-hydroxy-2,3-dihydro-1H-imidazol-4-yl]-L-alanine",0,0,,
暂无聚合物命中,UCQ,(2~{S})-2-(dimethylamino)-3-(3-methylimidazol-4-yl)propanoic acid,0,0,,
暂无聚合物命中,UV3,7-bromo-L-tryptophan,0,0,,
暂无聚合物命中,V29,(3R)-3-(benzylamino)oxolane-3-carboxylic acid,0,0,,
暂无聚合物命中,VIG,4-AMINO HEXANOIC ACID,0,0,,
暂无聚合物命中,VIO,N5-(1-IMINO-3-BUTENYL)-L-ORNITHINE,0,0,,
暂无聚合物命中,VLS,"N-[1,3-dihydroxy-2-(hydroxymethyl)propan-2-yl]glycine",0,0,,
暂无聚合物命中,VQ6,"(2R)-(cyclopropylamino)(2,6-difluorophenyl)acetic acid",0,0,,
暂无聚合物命中,VUR,(S)-2-AMINO-5-(2-MERCAPTOACETIMIDAMIDO)PENTANOIC ACID,0,0,,
暂无聚合物命中,VY9,(3R)-3-(2-hydroxy-2-oxoethylamino)decanoic acid,0,0,,
暂无聚合物命中,W1N,(3S)-3-amino-4-(2-fluorophenyl)butanoic acid,0,0,,
暂无聚合物命中,W5J,"N-methyl-N-7H-pyrrolo[2,3-d]pyrimidin-4-yl-beta-alanine",0,0,,
暂无聚合物命中,WT2,(S)-2-AMINO-5-(2-OXOACETIMIDAMIDO)PENTANOIC ACID,0,0,,
暂无聚合物命中,X7O,5-AMINO-3-METHYL-PYRROLIDINE-2-CARBOXYLIC ACID,0,0,,
暂无聚合物命中,XD1,"(2R,4S)-2-[(1R)-1-amino-2-oxoethyl]-5,5-dimethyl-1,3-thiazolidine-4-carboxylic acid",0,0,,
暂无聚合物命中,XDC,Phosphocreatine,0,0,,
暂无聚合物命中,XSA,(2R)-2-[(2-aminoethyl)amino]-4-boronobutanoic acid,0,0,,
暂无聚合物命中,XSM,(2R)-4-borono-2-{[(1H-imidazol-4-yl)methyl]amino}butanoic acid,0,0,,
暂无聚合物命中,XU7,(2S)-2-amino-4-boronobutanoic acid,0,0,,
暂无聚合物命中,XUJ,(2R)-2-amino-4-boronobutanoic acid,0,0,,
暂无聚合物命中,YL0,(4R)-4-chloro-L-lysine,0,0,,
暂无聚合物命中,ZDP,"(2S,6S)-2,6-DIAMINO-2-METHYLHEPTANEDIOIC ACID",0,0,,
暂无聚合物命中,ZDR,"(2R,6S)-2,6-DIAMINO-2-METHYLHEPTANEDIOIC ACID",0,0,,
