"ccdId","name","formula","previousClass","outcome","officialCcdType","rationale","sourceUrl","auditedAt"
"00B","(4R)-5,5-dimethyl-1,3-thiazolidine-4-carboxylic acid","C6 H11 N O2 S","candidate-pending","confirmed-noncanonical-residue","l-peptide linking","wwPDB CCD将该化学组分定义为l-peptide linking单体；结构身份和聚合物连接角色明确，可归入有CCD定义的非标准氨基酸残基","https://www.rcsb.org/ligand/00B","2026-09-01"
"00O","beta-phenyl-D-phenylalanine","C15 H15 N O2","candidate-pending","confirmed-noncanonical-residue","d-peptide linking","wwPDB CCD将该化学组分定义为d-peptide linking单体；结构身份和聚合物连接角色明确，可归入有CCD定义的非标准氨基酸残基","https://www.rcsb.org/ligand/00O","2026-09-01"
"01N","N-(carboxymethyl)-3-cyclohexyl-D-alanine","C11 H19 N O4","candidate-pending","confirmed-noncanonical-residue","d-peptide linking","wwPDB CCD将该化学组分定义为d-peptide linking单体；结构身份和聚合物连接角色明确，可归入有CCD定义的非标准氨基酸残基","https://www.rcsb.org/ligand/01N","2026-09-01"
"02L","N-(2,2-dimethylpropyl)-L-asparagine","C9 H18 N2 O3","candidate-pending","confirmed-noncanonical-residue","l-peptide linking","wwPDB CCD将该化学组分定义为l-peptide linking单体；结构身份和聚合物连接角色明确，可归入有CCD定义的非标准氨基酸残基","https://www.rcsb.org/ligand/02L","2026-09-01"
"02O","3-(3-tert-butyl-1,2,4-oxadiazol-5-yl)-L-alanine","C9 H15 N3 O3","candidate-pending","confirmed-noncanonical-residue","l-peptide linking","wwPDB CCD将该化学组分定义为l-peptide linking单体；结构身份和聚合物连接角色明确，可归入有CCD定义的非标准氨基酸残基","https://www.rcsb.org/ligand/02O","2026-09-01"
"037","(1S,3aR,6aS)-octahydrocyclopenta[c]pyrrole-1-carboxylic acid","C8 H13 N O2","candidate-pending","confirmed-noncanonical-residue","l-peptide linking","wwPDB CCD将该化学组分定义为l-peptide linking单体；结构身份和聚合物连接角色明确，可归入有CCD定义的非标准氨基酸残基","https://www.rcsb.org/ligand/037","2026-09-01"
"04R","[3-(trifluoromethyl)-4,5,6,7-tetrahydro-1H-indazol-1-yl]acetic acid","C10 H11 F3 N2 O2","candidate-pending","confirmed-noncanonical-residue","peptide linking","wwPDB CCD将该化学组分定义为peptide linking单体；结构身份和聚合物连接角色明确，可归入有CCD定义的非标准氨基酸残基","https://www.rcsb.org/ligand/04R","2026-09-01"
"04U","azanylidene-[(3S,5S)-5-carboxypyrrolidin-3-yl]imino-azanium","C5 H9 N4 O2","candidate-pending","confirmed-noncanonical-residue","l-peptide linking","wwPDB CCD将该化学组分定义为l-peptide linking单体；结构身份和聚合物连接角色明确，可归入有CCD定义的非标准氨基酸残基","https://www.rcsb.org/ligand/04U","2026-09-01"
"0A0","2-methyl-L-aspartic acid","C5 H9 N O4","candidate-pending","confirmed-noncanonical-residue","l-peptide linking","wwPDB CCD将该化学组分定义为l-peptide linking单体；结构身份和聚合物连接角色明确，可归入有CCD定义的非标准氨基酸残基","https://www.rcsb.org/ligand/0A0","2026-09-01"
"0GG","3-{[(4-hydroxy-3-methoxyphenyl)acetyl]amino}-D-alanine","C12 H16 N2 O5","candidate-pending","confirmed-noncanonical-residue","d-peptide linking","wwPDB CCD将该化学组分定义为d-peptide linking单体；结构身份和聚合物连接角色明确，可归入有CCD定义的非标准氨基酸残基","https://www.rcsb.org/ligand/0GG","2026-09-01"
"0RJ","3-(formylamino)-L-alanine","C4 H8 N2 O3","candidate-pending","confirmed-noncanonical-residue","l-peptide linking","wwPDB CCD将该化学组分定义为l-peptide linking单体；结构身份和聚合物连接角色明确，可归入有CCD定义的非标准氨基酸残基","https://www.rcsb.org/ligand/0RJ","2026-09-01"
"0TH","N-(propylsulfonyl)-D-threonine","C7 H15 N O5 S","candidate-pending","confirmed-noncanonical-residue","d-peptide linking","wwPDB CCD将该化学组分定义为d-peptide linking单体；结构身份和聚合物连接角色明确，可归入有CCD定义的非标准氨基酸残基","https://www.rcsb.org/ligand/0TH","2026-09-01"
"0X9","N~2~-sulfamoyl-L-arginine","C6 H15 N5 O4 S","candidate-pending","confirmed-noncanonical-residue","l-peptide linking","wwPDB CCD将该化学组分定义为l-peptide linking单体；结构身份和聚合物连接角色明确，可归入有CCD定义的非标准氨基酸残基","https://www.rcsb.org/ligand/0X9","2026-09-01"
"12L","(1R,2S,5S)-6,6-dimethyl-3-azabicyclo[3.1.0]hexane-2-carboxylic acid","C8 H13 N O2","candidate-pending","confirmed-noncanonical-residue","l-peptide linking","wwPDB CCD将该化学组分定义为l-peptide linking单体；结构身份和聚合物连接角色明确，可归入有CCD定义的非标准氨基酸残基","https://www.rcsb.org/ligand/12L","2026-09-01"
"1G2","(2S)-2-azido-3-phenylpropanoic acid","C9 H9 N3 O2","candidate-pending","confirmed-noncanonical-residue","l-peptide linking","wwPDB CCD将该化学组分定义为l-peptide linking单体；结构身份和聚合物连接角色明确，可归入有CCD定义的非标准氨基酸残基","https://www.rcsb.org/ligand/1G2","2026-09-01"
"1G8","4-(aminomethyl)-D-phenylalanine","C10 H14 N2 O2","candidate-pending","confirmed-noncanonical-residue","d-peptide linking","wwPDB CCD将该化学组分定义为d-peptide linking单体；结构身份和聚合物连接角色明确，可归入有CCD定义的非标准氨基酸残基","https://www.rcsb.org/ligand/1G8","2026-09-01"
"1L1","3-cyclohexyl-N-sulfamoyl-D-alanine","C9 H18 N2 O4 S","candidate-pending","confirmed-noncanonical-residue","d-peptide linking","wwPDB CCD将该化学组分定义为d-peptide linking单体；结构身份和聚合物连接角色明确，可归入有CCD定义的非标准氨基酸残基","https://www.rcsb.org/ligand/1L1","2026-09-01"
"1ME","(2S)-2-AMINO-3-METHYLSULFANYL-BUTANOIC ACID","C5 H11 N O2 S","candidate-pending","confirmed-noncanonical-residue","l-peptide linking","wwPDB CCD将该化学组分定义为l-peptide linking单体；结构身份和聚合物连接角色明确，可归入有CCD定义的非标准氨基酸残基","https://www.rcsb.org/ligand/1ME","2026-09-01"
"1TX","(2S)-2-amino-7-methoxy-7-oxoheptanoic acid","C8 H15 N O4","pdb-peptide-occurrence","confirmed-noncanonical-residue","l-peptide linking","wwPDB CCD将该化学组分定义为l-peptide linking单体；结构身份和聚合物连接角色明确，可归入有CCD定义的非标准氨基酸残基","https://www.rcsb.org/ligand/1TX","2026-09-01"
"1XW","(1aS,4S,6aR,7aS)-octahydro-1H-cyclopropa[4,5]pyrrolo[1,2-a]pyrazine-4-carboxylic acid","C9 H14 N2 O2","candidate-pending","confirmed-noncanonical-residue","l-peptide linking","wwPDB CCD将该化学组分定义为l-peptide linking单体；结构身份和聚合物连接角色明确，可归入有CCD定义的非标准氨基酸残基","https://www.rcsb.org/ligand/1XW","2026-09-01"
"2FM","S-(DIFLUOROMETHYL)HOMOCYSTEINE","C5 H9 F2 N O2 S","candidate-pending","confirmed-noncanonical-residue","l-peptide linking","wwPDB CCD将该化学组分定义为l-peptide linking单体；结构身份和聚合物连接角色明确，可归入有CCD定义的非标准氨基酸残基","https://www.rcsb.org/ligand/2FM","2026-09-01"
"2JC","N-ethylglycine","C4 H9 N O2","candidate-pending","confirmed-noncanonical-residue","l-peptide linking","wwPDB CCD将该化学组分定义为l-peptide linking单体；结构身份和聚合物连接角色明确，可归入有CCD定义的非标准氨基酸残基","https://www.rcsb.org/ligand/2JC","2026-09-01"
"2KZ","2-amino maleic acid","C4 H5 N O4","candidate-pending","confirmed-noncanonical-residue","d-peptide linking","wwPDB CCD将该化学组分定义为d-peptide linking单体；结构身份和聚合物连接角色明确，可归入有CCD定义的非标准氨基酸残基","https://www.rcsb.org/ligand/2KZ","2026-09-01"
"2L9","(3aR,5aS,8S,10aS)-10-oxo-1,2,3,3a,5a,8,10,10a-octahydrodipyrrolo[1,2-a:3',2'-e]azepine-8-carboxylic acid","C12 H14 N2 O3","candidate-pending","confirmed-noncanonical-residue","l-peptide linking","wwPDB CCD将该化学组分定义为l-peptide linking单体；结构身份和聚合物连接角色明确，可归入有CCD定义的非标准氨基酸残基","https://www.rcsb.org/ligand/2L9","2026-09-01"
"2OR","amino{[(2R,3R,4S)-4-amino-2,3,5-trihydroxy-5-oxopentyl]amino}methaniminium","C6 H15 N4 O4","candidate-pending","confirmed-noncanonical-residue","l-peptide linking","wwPDB CCD将该化学组分定义为l-peptide linking单体；结构身份和聚合物连接角色明确，可归入有CCD定义的非标准氨基酸残基","https://www.rcsb.org/ligand/2OR","2026-09-01"
"2QD","(4R)-4-[3-(methylamino)-3-oxopropyl]-L-glutamic acid","C9 H16 N2 O5","candidate-pending","confirmed-noncanonical-residue","l-peptide linking","wwPDB CCD将该化学组分定义为l-peptide linking单体；结构身份和聚合物连接角色明确，可归入有CCD定义的非标准氨基酸残基","https://www.rcsb.org/ligand/2QD","2026-09-01"
"2YC","N~6~-{[(2S,3S)-3-methyl-3,4-dihydro-2H-pyrrol-2-yl]carbonyl}-L-lysine","C12 H21 N3 O3","candidate-pending","confirmed-noncanonical-residue","l-peptide linking","wwPDB CCD将该化学组分定义为l-peptide linking单体；结构身份和聚合物连接角色明确，可归入有CCD定义的非标准氨基酸残基","https://www.rcsb.org/ligand/2YC","2026-09-01"
"2YF","N~6~-[(2R)-2,3,4,5-tetrahydropyridin-2-ylcarbonyl]-L-lysine","C12 H21 N3 O3","candidate-pending","confirmed-noncanonical-residue","l-peptide linking","wwPDB CCD将该化学组分定义为l-peptide linking单体；结构身份和聚合物连接角色明确，可归入有CCD定义的非标准氨基酸残基","https://www.rcsb.org/ligand/2YF","2026-09-01"
"2YG","N~6~-L-lysyl-L-lysine","C12 H26 N4 O3","candidate-pending","confirmed-noncanonical-residue","l-peptide linking","wwPDB CCD将该化学组分定义为l-peptide linking单体；结构身份和聚合物连接角色明确，可归入有CCD定义的非标准氨基酸残基","https://www.rcsb.org/ligand/2YG","2026-09-01"
"2YH","N~5~-D-ornithyl-L-ornithine","C10 H22 N4 O3","candidate-pending","confirmed-noncanonical-residue","l-peptide linking","wwPDB CCD将该化学组分定义为l-peptide linking单体；结构身份和聚合物连接角色明确，可归入有CCD定义的非标准氨基酸残基","https://www.rcsb.org/ligand/2YH","2026-09-01"
"2YJ","N~5~-D-lysyl-L-ornithine","C11 H24 N4 O3","candidate-pending","confirmed-noncanonical-residue","l-peptide linking","wwPDB CCD将该化学组分定义为l-peptide linking单体；结构身份和聚合物连接角色明确，可归入有CCD定义的非标准氨基酸残基","https://www.rcsb.org/ligand/2YJ","2026-09-01"
"33S","3-iodo-L-phenylalanine","C9 H10 I N O2","candidate-pending","confirmed-noncanonical-residue","l-peptide linking","wwPDB CCD将该化学组分定义为l-peptide linking单体；结构身份和聚合物连接角色明确，可归入有CCD定义的非标准氨基酸残基","https://www.rcsb.org/ligand/33S","2026-09-01"
"3AR","N-OMEGA-PROPYL-L-ARGININE","C9 H21 N4 O2","candidate-pending","confirmed-noncanonical-residue","l-peptide linking","wwPDB CCD将该化学组分定义为l-peptide linking单体；结构身份和聚合物连接角色明确，可归入有CCD定义的非标准氨基酸残基","https://www.rcsb.org/ligand/3AR","2026-09-01"
"3K4","(2S,3S)-3-methylaziridine-2-carboxylic acid","C4 H7 N O2","candidate-pending","confirmed-noncanonical-residue","l-peptide linking","wwPDB CCD将该化学组分定义为l-peptide linking单体；结构身份和聚合物连接角色明确，可归入有CCD定义的非标准氨基酸残基","https://www.rcsb.org/ligand/3K4","2026-09-01"
"3O3","N-[(3S)-3-amino-3-carboxypropyl]-L-glutamic acid","C9 H16 N2 O6","candidate-pending","confirmed-noncanonical-residue","l-peptide linking","wwPDB CCD将该化学组分定义为l-peptide linking单体；结构身份和聚合物连接角色明确，可归入有CCD定义的非标准氨基酸残基","https://www.rcsb.org/ligand/3O3","2026-09-01"
"3PM","O-tert-butyl-D-serine","C7 H15 N O3","candidate-pending","confirmed-noncanonical-residue","l-peptide linking","wwPDB CCD将该化学组分定义为l-peptide linking单体；结构身份和聚合物连接角色明确，可归入有CCD定义的非标准氨基酸残基","https://www.rcsb.org/ligand/3PM","2026-09-01"
"3WS","N,2-dimethyl-L-alanine","C5 H11 N O2","candidate-pending","confirmed-noncanonical-residue","l-peptide linking","wwPDB CCD将该化学组分定义为l-peptide linking单体；结构身份和聚合物连接角色明确，可归入有CCD定义的非标准氨基酸残基","https://www.rcsb.org/ligand/3WS","2026-09-01"
"3XH","3-Hydroxyhippuric acid","C9 H9 N O4","candidate-pending","confirmed-noncanonical-residue","l-peptide linking","wwPDB CCD将该化学组分定义为l-peptide linking单体；结构身份和聚合物连接角色明确，可归入有CCD定义的非标准氨基酸残基","https://www.rcsb.org/ligand/3XH","2026-09-01"
"4OP","(2S,4S)-2-carboxy-4-hydroxy-1,1-dimethylpyrrolidinium","C7 H14 N O3","candidate-pending","confirmed-noncanonical-residue","d-peptide linking","wwPDB CCD将该化学组分定义为d-peptide linking单体；结构身份和聚合物连接角色明确，可归入有CCD定义的非标准氨基酸残基","https://www.rcsb.org/ligand/4OP","2026-09-01"
"4SJ","N,beta,beta-trimethyl-L-phenylalanine","C12 H17 N O2","candidate-pending","confirmed-noncanonical-residue","l-peptide linking","wwPDB CCD将该化学组分定义为l-peptide linking单体；结构身份和聚合物连接角色明确，可归入有CCD定义的非标准氨基酸残基","https://www.rcsb.org/ligand/4SJ","2026-09-01"
"4U7","[(5S)-5-amino-5-carboxy-6,6-difluorohexyl](trihydroxy)borate(1-)","C7 H15 B F2 N O5","candidate-pending","confirmed-noncanonical-residue","l-peptide linking","wwPDB CCD将该化学组分定义为l-peptide linking单体；结构身份和聚合物连接角色明确，可归入有CCD定义的非标准氨基酸残基","https://www.rcsb.org/ligand/4U7","2026-09-01"
"4UD","(2S)-amino[(5S)-4,5-dihydro-1,2-oxazol-5-yl]acetic acid","C5 H8 N2 O3","candidate-pending","confirmed-noncanonical-residue","l-peptide linking","wwPDB CCD将该化学组分定义为l-peptide linking单体；结构身份和聚合物连接角色明确，可归入有CCD定义的非标准氨基酸残基","https://www.rcsb.org/ligand/4UD","2026-09-01"
"55N","(2R,4R)-2-(acetyloxy)-5-methyl-4-(methylamino)hexanoic acid","C10 H19 N O4","candidate-pending","confirmed-noncanonical-residue","peptide linking","wwPDB CCD将该化学组分定义为peptide linking单体；结构身份和聚合物连接角色明确，可归入有CCD定义的非标准氨基酸残基","https://www.rcsb.org/ligand/55N","2026-09-01"
"5A6","(2S)-2-amino-4-[5-(5-aminopentyl)-1,3,4-oxadiazol-2-yl]butanoic acid","C11 H20 N4 O3","candidate-pending","confirmed-noncanonical-residue","peptide linking","wwPDB CCD将该化学组分定义为peptide linking单体；结构身份和聚合物连接角色明确，可归入有CCD定义的非标准氨基酸残基","https://www.rcsb.org/ligand/5A6","2026-09-01"
"5AB","[(5S)-5-amino-5-carboxyhexyl](trihydroxy)borate","C7 H17 B N O5","candidate-pending","confirmed-noncanonical-residue","l-peptide linking","wwPDB CCD将该化学组分定义为l-peptide linking单体；结构身份和聚合物连接角色明确，可归入有CCD定义的非标准氨基酸残基","https://www.rcsb.org/ligand/5AB","2026-09-01"
"5LB","(2~{S})-2-azanyl-3-[1-(2-azanylethyl)-1,2,3-triazol-4-yl]propanoic acid","C7 H13 N5 O2","candidate-pending","confirmed-noncanonical-residue","peptide linking","wwPDB CCD将该化学组分定义为peptide linking单体；结构身份和聚合物连接角色明确，可归入有CCD定义的非标准氨基酸残基","https://www.rcsb.org/ligand/5LB","2026-09-01"
"5LE","(2~{S})-2-azanyl-3-[1-(3-azanylpropyl)-1,2,3-triazol-4-yl]propanoic acid","C8 H15 N5 O2","candidate-pending","confirmed-noncanonical-residue","peptide linking","wwPDB CCD将该化学组分定义为peptide linking单体；结构身份和聚合物连接角色明确，可归入有CCD定义的非标准氨基酸残基","https://www.rcsb.org/ligand/5LE","2026-09-01"
"5LF","(2~{S})-2-azanyl-3-[1-(6-azanylhexyl)-1,2,3-triazol-4-yl]propanoic acid","C11 H21 N5 O2","candidate-pending","confirmed-noncanonical-residue","peptide linking","wwPDB CCD将该化学组分定义为peptide linking单体；结构身份和聚合物连接角色明确，可归入有CCD定义的非标准氨基酸残基","https://www.rcsb.org/ligand/5LF","2026-09-01"
"6HN","6-nitro-L-norleucine","C6 H12 N2 O4","candidate-pending","confirmed-noncanonical-residue","l-peptide linking","wwPDB CCD将该化学组分定义为l-peptide linking单体；结构身份和聚合物连接角色明确，可归入有CCD定义的非标准氨基酸残基","https://www.rcsb.org/ligand/6HN","2026-09-01"
"6KY","(2S)-2-(dimethylamino)-4-(methylselanyl)butanoic acid","C7 H15 N O2 Se","candidate-pending","confirmed-noncanonical-residue","l-peptide linking","wwPDB CCD将该化学组分定义为l-peptide linking单体；结构身份和聚合物连接角色明确，可归入有CCD定义的非标准氨基酸残基","https://www.rcsb.org/ligand/6KY","2026-09-01"
"6Y9","(2~{R})-1,2-dimethylpyrrolidine-2-carboxylic acid","C7 H13 N O2","candidate-pending","confirmed-noncanonical-residue","d-peptide linking","wwPDB CCD将该化学组分定义为d-peptide linking单体；结构身份和聚合物连接角色明确，可归入有CCD定义的非标准氨基酸残基","https://www.rcsb.org/ligand/6Y9","2026-09-01"
"6YJ","(2~{S},4~{R})-5-(4-aminophenyl)-4-azanyl-2-methyl-pentanoic acid","C12 H18 N2 O2","candidate-pending","confirmed-noncanonical-residue","peptide linking","wwPDB CCD将该化学组分定义为peptide linking单体；结构身份和聚合物连接角色明确，可归入有CCD定义的非标准氨基酸残基","https://www.rcsb.org/ligand/6YJ","2026-09-01"
"7CC","N,N-diethyl-L-asparagine","C8 H16 N2 O3","candidate-pending","confirmed-noncanonical-residue","l-peptide linking","wwPDB CCD将该化学组分定义为l-peptide linking单体；结构身份和聚合物连接角色明确，可归入有CCD定义的非标准氨基酸残基","https://www.rcsb.org/ligand/7CC","2026-09-01"
"7J3","(2S)-2-amino-4-oxo-4-(piperidin-1-yl)butanoic acid","C9 H16 N2 O3","candidate-pending","confirmed-noncanonical-residue","peptide linking","wwPDB CCD将该化学组分定义为peptide linking单体；结构身份和聚合物连接角色明确，可归入有CCD定义的非标准氨基酸残基","https://www.rcsb.org/ligand/7J3","2026-09-01"
"7J4","N-tert-butoxy-L-asparagine","C8 H16 N2 O4","candidate-pending","confirmed-noncanonical-residue","peptide linking","wwPDB CCD将该化学组分定义为peptide linking单体；结构身份和聚合物连接角色明确，可归入有CCD定义的非标准氨基酸残基","https://www.rcsb.org/ligand/7J4","2026-09-01"
"7RX","(R)-homoproline","C6 H11 N O2","candidate-pending","confirmed-noncanonical-residue","d-peptide linking","wwPDB CCD将该化学组分定义为d-peptide linking单体；结构身份和聚合物连接角色明确，可归入有CCD定义的非标准氨基酸残基","https://www.rcsb.org/ligand/7RX","2026-09-01"
"85F","(2R)-2-azanyl-3-[(2R)-2-azanyl-3-oxidanyl-3-oxidanylidene-propyl]sulfanyl-propanoic acid","C6 H12 N2 O4 S","candidate-pending","confirmed-noncanonical-residue","l-peptide linking","wwPDB CCD将该化学组分定义为l-peptide linking单体；结构身份和聚合物连接角色明确，可归入有CCD定义的非标准氨基酸残基","https://www.rcsb.org/ligand/85F","2026-09-01"
"8WY","5,5-dihydroxy-L-norleucine","C6 H13 N O4","candidate-pending","confirmed-noncanonical-residue","l-peptide linking","wwPDB CCD将该化学组分定义为l-peptide linking单体；结构身份和聚合物连接角色明确，可归入有CCD定义的非标准氨基酸残基","https://www.rcsb.org/ligand/8WY","2026-09-01"
"8YR","(2S)-2-azanyl-2-[(3R)-oxolan-3-yl]ethanoic acid","C6 H11 N O3","candidate-pending","confirmed-noncanonical-residue","l-peptide linking","wwPDB CCD将该化学组分定义为l-peptide linking单体；结构身份和聚合物连接角色明确，可归入有CCD定义的非标准氨基酸残基","https://www.rcsb.org/ligand/8YR","2026-09-01"
"999","(3S)-3-hydroxy-D-aspartic acid","C4 H7 N O5","candidate-pending","confirmed-noncanonical-residue","d-peptide linking","wwPDB CCD将该化学组分定义为d-peptide linking单体；结构身份和聚合物连接角色明确，可归入有CCD定义的非标准氨基酸残基","https://www.rcsb.org/ligand/999","2026-09-01"
"9BP","4-amino-N-(2-methylpropanoyl)-D-isovaline","C9 H18 N2 O3","candidate-pending","confirmed-noncanonical-residue","d-peptide linking","wwPDB CCD将该化学组分定义为d-peptide linking单体；结构身份和聚合物连接角色明确，可归入有CCD定义的非标准氨基酸残基","https://www.rcsb.org/ligand/9BP","2026-09-01"
"9U0","N6-({[(1S,2E)-cyclooct-2-en-1-yl]oxy}carbonyl)-L-lysine","C15 H26 N2 O4","candidate-pending","confirmed-noncanonical-residue","peptide linking","wwPDB CCD将该化学组分定义为peptide linking单体；结构身份和聚合物连接角色明确，可归入有CCD定义的非标准氨基酸残基","https://www.rcsb.org/ligand/9U0","2026-09-01"
"9UF","N6-{[(6-aminopyridin-3-yl)methoxy]carbonyl}-L-lysine","C13 H20 N4 O4","candidate-pending","confirmed-noncanonical-residue","peptide linking","wwPDB CCD将该化学组分定义为peptide linking单体；结构身份和聚合物连接角色明确，可归入有CCD定义的非标准氨基酸残基","https://www.rcsb.org/ligand/9UF","2026-09-01"
"9VC","(2S)-2-azanyl-6-(phenylmethoxycarbonylamino)hexanoic acid","C14 H20 N2 O4","candidate-pending","confirmed-noncanonical-residue","peptide linking","wwPDB CCD将该化学组分定义为peptide linking单体；结构身份和聚合物连接角色明确，可归入有CCD定义的非标准氨基酸残基","https://www.rcsb.org/ligand/9VC","2026-09-01"
"A1AS0","5-selanyl-L-histidine","C6 H9 N3 O2 Se","candidate-pending","confirmed-noncanonical-residue","l-peptide linking","wwPDB CCD将该化学组分定义为l-peptide linking单体；结构身份和聚合物连接角色明确，可归入有CCD定义的非标准氨基酸残基","https://www.rcsb.org/ligand/A1AS0","2026-09-01"
"A1ASZ","5-sulfanyl-L-histidine","C6 H9 N3 O2 S","candidate-pending","confirmed-noncanonical-residue","l-peptide linking","wwPDB CCD将该化学组分定义为l-peptide linking单体；结构身份和聚合物连接角色明确，可归入有CCD定义的非标准氨基酸残基","https://www.rcsb.org/ligand/A1ASZ","2026-09-01"
"A1BX4","N~6~-hydroxy-L-lysine","C6 H14 N2 O3","candidate-pending","confirmed-noncanonical-residue","l-peptide linking","wwPDB CCD将该化学组分定义为l-peptide linking单体；结构身份和聚合物连接角色明确，可归入有CCD定义的非标准氨基酸残基","https://www.rcsb.org/ligand/A1BX4","2026-09-01"
"A1CAB","(2S)-3,4-dihydro-2H-pyrrole-2-carboxylic acid","C5 H7 N O2","candidate-pending","confirmed-noncanonical-residue","l-peptide linking","wwPDB CCD将该化学组分定义为l-peptide linking单体；结构身份和聚合物连接角色明确，可归入有CCD定义的非标准氨基酸残基","https://www.rcsb.org/ligand/A1CAB","2026-09-01"
"A1D7R","(2~{S})-2-azanyl-3-[6-(3-methylbut-2-enyl)-1~{H}-indol-3-yl]propanoic acid","C16 H20 N2 O2","candidate-pending","confirmed-noncanonical-residue","l-peptide linking","wwPDB CCD将该化学组分定义为l-peptide linking单体；结构身份和聚合物连接角色明确，可归入有CCD定义的非标准氨基酸残基","https://www.rcsb.org/ligand/A1D7R","2026-09-01"
"A1D8R","(2~{S})-2,4-bis(azanyl)-3,3-dimethyl-butanoic acid","C6 H14 N2 O2","candidate-pending","confirmed-noncanonical-residue","l-peptide linking","wwPDB CCD将该化学组分定义为l-peptide linking单体；结构身份和聚合物连接角色明确，可归入有CCD定义的非标准氨基酸残基","https://www.rcsb.org/ligand/A1D8R","2026-09-01"
"A1LUD","S-METHYL-METHIONINE","C6 H14 N O2 S","candidate-pending","confirmed-noncanonical-residue","l-peptide linking","wwPDB CCD将该化学组分定义为l-peptide linking单体；结构身份和聚合物连接角色明确，可归入有CCD定义的非标准氨基酸残基","https://www.rcsb.org/ligand/A1LUD","2026-09-01"
"AA6","3-[4,5-DIHYDROXY-2-2-(2-HYDROXYETHYLAMINO)-PHENYL]-2-METHYLAMINO-PROPIONIC ACID","C11 H16 N2 O5","candidate-pending","confirmed-noncanonical-residue","l-peptide linking","wwPDB CCD将该化学组分定义为l-peptide linking单体；结构身份和聚合物连接角色明确，可归入有CCD定义的非标准氨基酸残基","https://www.rcsb.org/ligand/AA6","2026-09-01"
"AE5","N-[(2S)-2-amino-2-carboxyethyl]-L-glutamic acid","C8 H14 N2 O6","candidate-pending","confirmed-noncanonical-residue","l-peptide linking","wwPDB CCD将该化学组分定义为l-peptide linking单体；结构身份和聚合物连接角色明确，可归入有CCD定义的非标准氨基酸残基","https://www.rcsb.org/ligand/AE5","2026-09-01"
"AFA","N-[7-METHYL-OCT-2,4-DIENOYL]ASPARAGINE","C13 H20 N2 O4","candidate-pending","confirmed-noncanonical-residue","l-peptide linking","wwPDB CCD将该化学组分定义为l-peptide linking单体；结构身份和聚合物连接角色明确，可归入有CCD定义的非标准氨基酸残基","https://www.rcsb.org/ligand/AFA","2026-09-01"
"AN8","(2S)-2-aminononanoic acid","C9 H19 N O2","candidate-pending","confirmed-noncanonical-residue","l-peptide linking","wwPDB CCD将该化学组分定义为l-peptide linking单体；结构身份和聚合物连接角色明确，可归入有CCD定义的非标准氨基酸残基","https://www.rcsb.org/ligand/AN8","2026-09-01"
"APH","P-AMIDINOPHENYL-3-ALANINE","C10 H13 N3 O2","candidate-pending","confirmed-noncanonical-residue","d-peptide linking","wwPDB CCD将该化学组分定义为d-peptide linking单体；结构身份和聚合物连接角色明确，可归入有CCD定义的非标准氨基酸残基","https://www.rcsb.org/ligand/APH","2026-09-01"
"APM","M-AMIDINOPHENYL-3-ALANINE","C10 H13 N3 O2","candidate-pending","confirmed-noncanonical-residue","l-peptide linking","wwPDB CCD将该化学组分定义为l-peptide linking单体；结构身份和聚合物连接角色明确，可归入有CCD定义的非标准氨基酸残基","https://www.rcsb.org/ligand/APM","2026-09-01"
"APP","1-ACETYL-2-CARBOXYPIPERIDINE","C8 H13 N O3","candidate-pending","confirmed-noncanonical-residue","l-peptide linking","wwPDB CCD将该化学组分定义为l-peptide linking单体；结构身份和聚合物连接角色明确，可归入有CCD定义的非标准氨基酸残基","https://www.rcsb.org/ligand/APP","2026-09-01"
"ARV","5-N-ALLYL-ARGININE","C9 H19 N4 O2","candidate-pending","confirmed-noncanonical-residue","l-peptide linking","wwPDB CCD将该化学组分定义为l-peptide linking单体；结构身份和聚合物连接角色明确，可归入有CCD定义的非标准氨基酸残基","https://www.rcsb.org/ligand/ARV","2026-09-01"
"AS2","(2R)-2-AMINO-4-OXOBUTANOIC ACID","C4 H7 N O3","candidate-pending","confirmed-noncanonical-residue","d-peptide linking","wwPDB CCD将该化学组分定义为d-peptide linking单体；结构身份和聚合物连接角色明确，可归入有CCD定义的非标准氨基酸残基","https://www.rcsb.org/ligand/AS2","2026-09-01"
"AS7","N4-(4-cyanobenzyl)-L-asparagine","C12 H13 N3 O3","candidate-pending","confirmed-noncanonical-residue","l-peptide linking","wwPDB CCD将该化学组分定义为l-peptide linking单体；结构身份和聚合物连接角色明确，可归入有CCD定义的非标准氨基酸残基","https://www.rcsb.org/ligand/AS7","2026-09-01"
"ASM","2-AMINO-4-OXO-4(1H-PYRROL-1-YL)BUTANOIC ACID","C8 H10 N2 O3","candidate-pending","confirmed-noncanonical-residue","l-peptide linking","wwPDB CCD将该化学组分定义为l-peptide linking单体；结构身份和聚合物连接角色明确，可归入有CCD定义的非标准氨基酸残基","https://www.rcsb.org/ligand/ASM","2026-09-01"
"AVN","(2S)-AMINO[(5S)-3-CHLORO-4,5-DIHYDROISOXAZOL-5-YL]ACETIC ACID","C5 H7 Cl N2 O3","candidate-pending","confirmed-noncanonical-residue","l-peptide linking","wwPDB CCD将该化学组分定义为l-peptide linking单体；结构身份和聚合物连接角色明确，可归入有CCD定义的非标准氨基酸残基","https://www.rcsb.org/ligand/AVN","2026-09-01"
"AZS","O-DIAZOACETYL-L-SERINE","C5 H7 N3 O4","candidate-pending","confirmed-noncanonical-residue","l-peptide linking","wwPDB CCD将该化学组分定义为l-peptide linking单体；结构身份和聚合物连接角色明确，可归入有CCD定义的非标准氨基酸残基","https://www.rcsb.org/ligand/AZS","2026-09-01"
"AZY","3-AZIDO-L-TYROSINE","C9 H10 N4 O3","candidate-pending","confirmed-noncanonical-residue","l-peptide linking","wwPDB CCD将该化学组分定义为l-peptide linking单体；结构身份和聚合物连接角色明确，可归入有CCD定义的非标准氨基酸残基","https://www.rcsb.org/ligand/AZY","2026-09-01"
"B3U","2-amino-L-histidine","C6 H10 N4 O2","candidate-pending","confirmed-noncanonical-residue","l-peptide linking","wwPDB CCD将该化学组分定义为l-peptide linking单体；结构身份和聚合物连接角色明确，可归入有CCD定义的非标准氨基酸残基","https://www.rcsb.org/ligand/B3U","2026-09-01"
"BG4","5-(HYDROXY-METHYL-AMINO)-3-METHYL-PYRROLIDINE-2-CARBOXYLIC ACID","C7 H14 N2 O3","candidate-pending","confirmed-noncanonical-residue","l-peptide linking","wwPDB CCD将该化学组分定义为l-peptide linking单体；结构身份和聚合物连接角色明确，可归入有CCD定义的非标准氨基酸残基","https://www.rcsb.org/ligand/BG4","2026-09-01"
"BG5","5-HYDROXYAMINO-3-METHYL-PYRROLIDINE-2-CARBOXYLIC ACID","C6 H12 N2 O3","candidate-pending","confirmed-noncanonical-residue","l-peptide linking","wwPDB CCD将该化学组分定义为l-peptide linking单体；结构身份和聚合物连接角色明确，可归入有CCD定义的非标准氨基酸残基","https://www.rcsb.org/ligand/BG5","2026-09-01"
"BIU","5-bromo-L-isoleucine","C6 H12 Br N O2","candidate-pending","confirmed-noncanonical-residue","l-peptide linking","wwPDB CCD将该化学组分定义为l-peptide linking单体；结构身份和聚合物连接角色明确，可归入有CCD定义的非标准氨基酸残基","https://www.rcsb.org/ligand/BIU","2026-09-01"
"BJH","1(R)-1-ACETAMIDO-2-(3-CARBOXY-2-HYDROXYPHENYL)ETHYL BORONIC ACID","C11 H14 B N O6","candidate-pending","confirmed-noncanonical-residue","l-peptide linking","wwPDB CCD将该化学组分定义为l-peptide linking单体；结构身份和聚合物连接角色明确，可归入有CCD定义的非标准氨基酸残基","https://www.rcsb.org/ligand/BJH","2026-09-01"
"BNN","ACETYL-P-AMIDINOPHENYLALANINE","C12 H15 N3 O3","candidate-pending","confirmed-noncanonical-residue","l-peptide linking","wwPDB CCD将该化学组分定义为l-peptide linking单体；结构身份和聚合物连接角色明确，可归入有CCD定义的非标准氨基酸残基","https://www.rcsb.org/ligand/BNN","2026-09-01"
"C1T","S-[(1S,6R)-3,6-dihydroxy-4-methyl-2,5-dioxocyclohex-3-en-1-yl]-L-cysteine","C10 H13 N O6 S","candidate-pending","confirmed-noncanonical-residue","l-peptide linking","wwPDB CCD将该化学组分定义为l-peptide linking单体；结构身份和聚合物连接角色明确，可归入有CCD定义的非标准氨基酸残基","https://www.rcsb.org/ligand/C1T","2026-09-01"
"C22","3-chloro-L-alanine","C3 H6 Cl N O2","candidate-pending","confirmed-noncanonical-residue","l-peptide linking","wwPDB CCD将该化学组分定义为l-peptide linking单体；结构身份和聚合物连接角色明确，可归入有CCD定义的非标准氨基酸残基","https://www.rcsb.org/ligand/C22","2026-09-01"
"C2N","3-chloro-D-alanine","C3 H6 Cl N O2","candidate-pending","confirmed-noncanonical-residue","d-peptide linking","wwPDB CCD将该化学组分定义为d-peptide linking单体；结构身份和聚合物连接角色明确，可归入有CCD定义的非标准氨基酸残基","https://www.rcsb.org/ligand/C2N","2026-09-01"
"CAB","4,4-dihydroxy-5-oxo-L-norvaline","C5 H9 N O5","candidate-pending","confirmed-noncanonical-residue","l-peptide linking","wwPDB CCD将该化学组分定义为l-peptide linking单体；结构身份和聚合物连接角色明确，可归入有CCD定义的非标准氨基酸残基","https://www.rcsb.org/ligand/CAB","2026-09-01"
"CCL","N~6~-[(CYCLOPENTYLOXY)CARBONYL]-D-LYSINE","C12 H22 N2 O4","candidate-pending","confirmed-noncanonical-residue","d-peptide linking","wwPDB CCD将该化学组分定义为d-peptide linking单体；结构身份和聚合物连接角色明确，可归入有CCD定义的非标准氨基酸残基","https://www.rcsb.org/ligand/CCL","2026-09-01"
"CDV","3-METHYL-2-UREIDO-BUTYRIC ACID","C6 H12 N2 O3","candidate-pending","confirmed-noncanonical-residue","l-peptide linking","wwPDB CCD将该化学组分定义为l-peptide linking单体；结构身份和聚合物连接角色明确，可归入有CCD定义的非标准氨基酸残基","https://www.rcsb.org/ligand/CDV","2026-09-01"
"CGA","CARBOXYMETHYLATED GLUTAMIC ACID","C7 H11 N O6","pdb-peptide-occurrence","confirmed-noncanonical-residue","l-peptide linking","wwPDB CCD将该化学组分定义为l-peptide linking单体；结构身份和聚合物连接角色明确，可归入有CCD定义的非标准氨基酸残基","https://www.rcsb.org/ligand/CGA","2026-09-01"
"CGH","N-cycloheptylglycine","C9 H17 N O2","candidate-pending","confirmed-noncanonical-residue","peptide linking","wwPDB CCD将该化学组分定义为peptide linking单体；结构身份和聚合物连接角色明确，可归入有CCD定义的非标准氨基酸残基","https://www.rcsb.org/ligand/CGH","2026-09-01"
"CGU","GAMMA-CARBOXY-GLUTAMIC ACID","C6 H9 N O6","pdb-peptide-occurrence","confirmed-noncanonical-residue","l-peptide linking","wwPDB CCD将该化学组分定义为l-peptide linking单体；结构身份和聚合物连接角色明确，可归入有CCD定义的非标准氨基酸残基","https://www.rcsb.org/ligand/CGU","2026-09-01"
"CGV","S-[(R)-carboxy(hydroxy)methyl]-L-cysteine","C5 H9 N O5 S","pdb-peptide-occurrence","confirmed-noncanonical-residue","l-peptide linking","wwPDB CCD将该化学组分定义为l-peptide linking单体；结构身份和聚合物连接角色明确，可归入有CCD定义的非标准氨基酸残基","https://www.rcsb.org/ligand/CGV","2026-09-01"
"CLG","2-AMINO-6-[2-(2-AMINOOXY-ACETYLAMINO)-ACETYLAMINO]-HEXANOIC ACID","C10 H20 N4 O5","candidate-pending","confirmed-noncanonical-residue","l-peptide linking","wwPDB CCD将该化学组分定义为l-peptide linking单体；结构身份和聚合物连接角色明确，可归入有CCD定义的非标准氨基酸残基","https://www.rcsb.org/ligand/CLG","2026-09-01"
"CLH","2-AMINO-6-[2-(2-OXO-ACETYLAMINO)-ACETYLAMINO]-HEXANOIC ACID","C10 H17 N3 O5","candidate-pending","confirmed-noncanonical-residue","l-peptide linking","wwPDB CCD将该化学组分定义为l-peptide linking单体；结构身份和聚合物连接角色明确，可归入有CCD定义的非标准氨基酸残基","https://www.rcsb.org/ligand/CLH","2026-09-01"
"CLV","{(2S)-2-[(1S)-1-AMINOETHYL]-5-OXO-2,5-DIHYDRO-1H-IMIDAZOL-1-YL}ACETIC ACID","C7 H11 N3 O3","pdb-peptide-occurrence","confirmed-noncanonical-residue","l-peptide linking","wwPDB CCD将该化学组分定义为l-peptide linking单体；结构身份和聚合物连接角色明确，可归入有CCD定义的非标准氨基酸残基","https://www.rcsb.org/ligand/CLV","2026-09-01"
"CME","S,S-(2-HYDROXYETHYL)THIOCYSTEINE","C5 H11 N O3 S2","pdb-peptide-occurrence","confirmed-noncanonical-residue","l-peptide linking","wwPDB CCD将该化学组分定义为l-peptide linking单体；结构身份和聚合物连接角色明确，可归入有CCD定义的非标准氨基酸残基","https://www.rcsb.org/ligand/CME","2026-09-01"
"CML","(2S)-2-{[(2R)-2-amino-2-carboxyethyl]sulfanyl}butanedioic acid","C7 H11 N O6 S","pdb-peptide-occurrence","confirmed-noncanonical-residue","l-peptide linking","wwPDB CCD将该化学组分定义为l-peptide linking单体；结构身份和聚合物连接角色明确，可归入有CCD定义的非标准氨基酸残基","https://www.rcsb.org/ligand/CML","2026-09-01"
"CNG","N-cyclooctylglycine","C10 H19 N O2","candidate-pending","confirmed-noncanonical-residue","peptide linking","wwPDB CCD将该化学组分定义为peptide linking单体；结构身份和聚合物连接角色明确，可归入有CCD定义的非标准氨基酸残基","https://www.rcsb.org/ligand/CNG","2026-09-01"
"CR0","[2-(1-AMINO-2-HYDROXYPROPYL)-2-HYDROXY-4-ISOBUTYL-5-OXO-2,5-DIHYDRO-1H-IMIDAZOL-1-YL]ACETALDEHYDE","C12 H21 N3 O5","pdb-peptide-occurrence","confirmed-noncanonical-residue","l-peptide linking","wwPDB CCD将该化学组分定义为l-peptide linking单体；结构身份和聚合物连接角色明确，可归入有CCD定义的非标准氨基酸残基","https://www.rcsb.org/ligand/CR0","2026-09-01"
"CR2","{(4Z)-2-(aminomethyl)-4-[(4-hydroxyphenyl)methylidene]-5-oxo-4,5-dihydro-1H-imidazol-1-yl}acetic acid","C13 H13 N3 O4","pdb-peptide-occurrence","confirmed-noncanonical-residue","l-peptide linking","wwPDB CCD将该化学组分定义为l-peptide linking单体；结构身份和聚合物连接角色明确，可归入有CCD定义的非标准氨基酸残基","https://www.rcsb.org/ligand/CR2","2026-09-01"
"CR5","(2R)-2-(AMINOMETHYL)-2,4-DIHYDROXY-5-OXO-3-(2-OXOETHYL)-2,5-DIHYDRO-1H-IMIDAZOL-3-IUM","C6 H10 N3 O5","pdb-peptide-occurrence","confirmed-noncanonical-residue","l-peptide linking","wwPDB CCD将该化学组分定义为l-peptide linking单体；结构身份和聚合物连接角色明确，可归入有CCD定义的非标准氨基酸残基","https://www.rcsb.org/ligand/CR5","2026-09-01"
"CRG","[2-(1-AMINO-2-HYDROXY-PROPYL)-4-(3H-IMIDAZOL-4-YLMETHYLENE)-5-OXO-4,5-DIHYDRO-IMIDAZOL-1-YL]-ACETIC ACID","C12 H15 N5 O4","pdb-peptide-occurrence","confirmed-noncanonical-residue","l-peptide linking","wwPDB CCD将该化学组分定义为l-peptide linking单体；结构身份和聚合物连接角色明确，可归入有CCD定义的非标准氨基酸残基","https://www.rcsb.org/ligand/CRG","2026-09-01"
"CRX","[2-(1-AMINOETHYL)-2-HYDROXY-4-METHYLENE-5-OXOIMIDAZOLIDIN-1-YL]ACETIC ACID","C8 H13 N3 O4","pdb-peptide-occurrence","confirmed-noncanonical-residue","l-peptide linking","wwPDB CCD将该化学组分定义为l-peptide linking单体；结构身份和聚合物连接角色明确，可归入有CCD定义的非标准氨基酸残基","https://www.rcsb.org/ligand/CRX","2026-09-01"
"CS1","S-(2-ANILINYL-SULFANYL)-CYSTEINE","C9 H12 N2 O2 S2","pdb-peptide-occurrence","confirmed-noncanonical-residue","l-peptide linking","wwPDB CCD将该化学组分定义为l-peptide linking单体；结构身份和聚合物连接角色明确，可归入有CCD定义的非标准氨基酸残基","https://www.rcsb.org/ligand/CS1","2026-09-01"
"CS3","S-[3-OXO-3-(2-THIENYL)PROPYL]-L-CYSTEINE","C10 H13 N O3 S2","pdb-peptide-occurrence","confirmed-noncanonical-residue","l-peptide linking","wwPDB CCD将该化学组分定义为l-peptide linking单体；结构身份和聚合物连接角色明确，可归入有CCD定义的非标准氨基酸残基","https://www.rcsb.org/ligand/CS3","2026-09-01"
"CSD","3-SULFINOALANINE","C3 H7 N O4 S","pdb-peptide-occurrence","confirmed-noncanonical-residue","l-peptide linking","wwPDB CCD将该化学组分定义为l-peptide linking单体；结构身份和聚合物连接角色明确，可归入有CCD定义的非标准氨基酸残基","https://www.rcsb.org/ligand/CSD","2026-09-01"
"CSH","[2-(2-HYDROXY-1-METHYL-ETHYL)-4-(1H-IMIDAZOL-4-YLMETHYL)-5-OXO-IMIDAZOLIDIN-1-YL]-ACETIC ACID","C11 H17 N5 O4","pdb-peptide-occurrence","confirmed-noncanonical-residue","l-peptide linking","wwPDB CCD将该化学组分定义为l-peptide linking单体；结构身份和聚合物连接角色明确，可归入有CCD定义的非标准氨基酸残基","https://www.rcsb.org/ligand/CSH","2026-09-01"
"CSJ","S-[(2-aminophenyl)carbonyl]-L-cysteine","C10 H12 N2 O3 S","pdb-peptide-occurrence","confirmed-noncanonical-residue","l-peptide linking","wwPDB CCD将该化学组分定义为l-peptide linking单体；结构身份和聚合物连接角色明确，可归入有CCD定义的非标准氨基酸残基","https://www.rcsb.org/ligand/CSJ","2026-09-01"
"CSK","S-(methylselanyl)-L-cysteine","C4 H9 N O2 S Se","pdb-peptide-occurrence","confirmed-noncanonical-residue","l-peptide linking","wwPDB CCD将该化学组分定义为l-peptide linking单体；结构身份和聚合物连接角色明确，可归入有CCD定义的非标准氨基酸残基","https://www.rcsb.org/ligand/CSK","2026-09-01"
"CSS","S-MERCAPTOCYSTEINE","C3 H7 N O2 S2","pdb-peptide-occurrence","confirmed-noncanonical-residue","l-peptide linking","wwPDB CCD将该化学组分定义为l-peptide linking单体；结构身份和聚合物连接角色明确，可归入有CCD定义的非标准氨基酸残基","https://www.rcsb.org/ligand/CSS","2026-09-01"
"CSU","CYSTEINE-S-SULFONIC ACID","C3 H7 N O5 S2","pdb-peptide-occurrence","confirmed-noncanonical-residue","l-peptide linking","wwPDB CCD将该化学组分定义为l-peptide linking单体；结构身份和聚合物连接角色明确，可归入有CCD定义的非标准氨基酸残基","https://www.rcsb.org/ligand/CSU","2026-09-01"
"CSX","S-OXY CYSTEINE","C3 H7 N O3 S","pdb-peptide-occurrence","confirmed-noncanonical-residue","l-peptide linking","wwPDB CCD将该化学组分定义为l-peptide linking单体；结构身份和聚合物连接角色明确，可归入有CCD定义的非标准氨基酸残基","https://www.rcsb.org/ligand/CSX","2026-09-01"
"CSZ","S-SELANYL CYSTEINE","C3 H7 N O2 S Se","pdb-peptide-occurrence","confirmed-noncanonical-residue","l-peptide linking","wwPDB CCD将该化学组分定义为l-peptide linking单体；结构身份和聚合物连接角色明确，可归入有CCD定义的非标准氨基酸残基","https://www.rcsb.org/ligand/CSZ","2026-09-01"
"CTE","7-CHLOROTRYPTOPHAN","C11 H11 Cl N2 O2","candidate-pending","confirmed-noncanonical-residue","l-peptide linking","wwPDB CCD将该化学组分定义为l-peptide linking单体；结构身份和聚合物连接角色明确，可归入有CCD定义的非标准氨基酸残基","https://www.rcsb.org/ligand/CTE","2026-09-01"
"CUD","3-(4-amino-2-oxopyrimidin-1(2H)-yl)-D-alanine","C7 H10 N4 O3","pdb-peptide-occurrence","confirmed-noncanonical-residue","d-peptide linking","wwPDB CCD将该化学组分定义为d-peptide linking单体；结构身份和聚合物连接角色明确，可归入有CCD定义的非标准氨基酸残基","https://www.rcsb.org/ligand/CUD","2026-09-01"
"CWD","3-(5-chloro-2,4-dioxo-3,4-dihydropyrimidin-1(2H)-yl)-L-alanine","C7 H8 Cl N3 O4","candidate-pending","confirmed-noncanonical-residue","l-peptide linking","wwPDB CCD将该化学组分定义为l-peptide linking单体；结构身份和聚合物连接角色明确，可归入有CCD定义的非标准氨基酸残基","https://www.rcsb.org/ligand/CWD","2026-09-01"
"CWR","(4-methyl-5-oxo-2,5-dihydro-1H-imidazol-1-yl)acetic acid","C6 H8 N2 O3","pdb-peptide-occurrence","confirmed-noncanonical-residue","l-peptide linking","wwPDB CCD将该化学组分定义为l-peptide linking单体；结构身份和聚合物连接角色明确，可归入有CCD定义的非标准氨基酸残基","https://www.rcsb.org/ligand/CWR","2026-09-01"
"CXM","N-CARBOXYMETHIONINE","C6 H11 N O4 S","pdb-peptide-occurrence","confirmed-noncanonical-residue","l-peptide linking","wwPDB CCD将该化学组分定义为l-peptide linking单体；结构身份和聚合物连接角色明确，可归入有CCD定义的非标准氨基酸残基","https://www.rcsb.org/ligand/CXM","2026-09-01"
"CY4","S-BUTYRYL-CYSTEIN","C7 H13 N O3 S","pdb-peptide-occurrence","confirmed-noncanonical-residue","l-peptide linking","wwPDB CCD将该化学组分定义为l-peptide linking单体；结构身份和聚合物连接角色明确，可归入有CCD定义的非标准氨基酸残基","https://www.rcsb.org/ligand/CY4","2026-09-01"
"CYG","2-AMINO-4-(AMINO-3-OXO-PROPYLSULFANYLCARBONYL)-BUTYRIC ACID","C8 H14 N2 O5 S","pdb-peptide-occurrence","confirmed-noncanonical-residue","l-peptide linking","wwPDB CCD将该化学组分定义为l-peptide linking单体；结构身份和聚合物连接角色明确，可归入有CCD定义的非标准氨基酸残基","https://www.rcsb.org/ligand/CYG","2026-09-01"
"CYR","N~5~-[{[(2R)-2-AMINO-2-CARBOXYETHYL]SULFANYL}(IMINIO)METHYL]-L-ORNITHINATE","C9 H19 N4 O4 S","pdb-peptide-occurrence","confirmed-noncanonical-residue","l-peptide linking","wwPDB CCD将该化学组分定义为l-peptide linking单体；结构身份和聚合物连接角色明确，可归入有CCD定义的非标准氨基酸残基","https://www.rcsb.org/ligand/CYR","2026-09-01"
"CYW","S-[(2R)-2-hydroxypropanoyl]-L-cysteine","C6 H11 N O4 S","pdb-peptide-occurrence","confirmed-noncanonical-residue","l-peptide linking","wwPDB CCD将该化学组分定义为l-peptide linking单体；结构身份和聚合物连接角色明确，可归入有CCD定义的非标准氨基酸残基","https://www.rcsb.org/ligand/CYW","2026-09-01"
"CZS","3-(6-chloro-1,3-benzothiazol-2-yl)-L-alanine","C10 H9 Cl N2 O2 S","pdb-peptide-occurrence","confirmed-noncanonical-residue","peptide linking","wwPDB CCD将该化学组分定义为peptide linking单体；结构身份和聚合物连接角色明确，可归入有CCD定义的非标准氨基酸残基","https://www.rcsb.org/ligand/CZS","2026-09-01"
"D0Q","5-methyl-L-tryptophan","C12 H14 N2 O2","candidate-pending","confirmed-noncanonical-residue","l-peptide linking","wwPDB CCD将该化学组分定义为l-peptide linking单体；结构身份和聚合物连接角色明确，可归入有CCD定义的非标准氨基酸残基","https://www.rcsb.org/ligand/D0Q","2026-09-01"
"D2T","(3R)-3-(methylsulfanyl)-L-aspartic acid","C5 H9 N O4 S","pdb-peptide-occurrence","confirmed-noncanonical-residue","l-peptide linking","wwPDB CCD将该化学组分定义为l-peptide linking单体；结构身份和聚合物连接角色明确，可归入有CCD定义的非标准氨基酸残基","https://www.rcsb.org/ligand/D2T","2026-09-01"
"DA2","NG,NG-DIMETHYL-L-ARGININE","C8 H18 N4 O2","pdb-peptide-occurrence","confirmed-noncanonical-residue","l-peptide linking","wwPDB CCD将该化学组分定义为l-peptide linking单体；结构身份和聚合物连接角色明确，可归入有CCD定义的非标准氨基酸残基","https://www.rcsb.org/ligand/DA2","2026-09-01"
"DAH","3,4-DIHYDROXYPHENYLALANINE","C9 H11 N O4","pdb-peptide-occurrence","confirmed-noncanonical-residue","l-peptide linking","wwPDB CCD将该化学组分定义为l-peptide linking单体；结构身份和聚合物连接角色明确，可归入有CCD定义的非标准氨基酸残基","https://www.rcsb.org/ligand/DAH","2026-09-01"
"DBS","2-(2,3-DIHYDROXY-BENZOYLAMINO)-3-HYDROXY-PROPIONIC ACID","C10 H11 N O6","candidate-pending","confirmed-noncanonical-residue","l-peptide linking","wwPDB CCD将该化学组分定义为l-peptide linking单体；结构身份和聚合物连接角色明确，可归入有CCD定义的非标准氨基酸残基","https://www.rcsb.org/ligand/DBS","2026-09-01"
"DBZ","3-(BENZOYLAMINO)-L-ALANINE","C10 H12 N2 O3","pdb-peptide-occurrence","confirmed-noncanonical-residue","l-peptide linking","wwPDB CCD将该化学组分定义为l-peptide linking单体；结构身份和聚合物连接角色明确，可归入有CCD定义的非标准氨基酸残基","https://www.rcsb.org/ligand/DBZ","2026-09-01"
"DDE","{3-[4-(2-AMINO-2-CARBOXY-ETHYL)-1H-IMIDAZOL-2-YL]-1-CARBAMOYL-PROPYL}-TRIMETHYL-AMMONIUM","C13 H24 N5 O3","pdb-peptide-occurrence","confirmed-noncanonical-residue","l-peptide linking","wwPDB CCD将该化学组分定义为l-peptide linking单体；结构身份和聚合物连接角色明确，可归入有CCD定义的非标准氨基酸残基","https://www.rcsb.org/ligand/DDE","2026-09-01"
"DDZ","3,3-DIHYDROXY L-ALANINE","C3 H7 N O4","pdb-peptide-occurrence","confirmed-noncanonical-residue","l-peptide linking","wwPDB CCD将该化学组分定义为l-peptide linking单体；结构身份和聚合物连接角色明确，可归入有CCD定义的非标准氨基酸残基","https://www.rcsb.org/ligand/DDZ","2026-09-01"
"DIL","D-ISOLEUCINE","C6 H13 N O2","pdb-peptide-occurrence","confirmed-noncanonical-residue","d-peptide linking","wwPDB CCD将该化学组分定义为d-peptide linking单体；结构身份和聚合物连接角色明确，可归入有CCD定义的非标准氨基酸残基","https://www.rcsb.org/ligand/DIL","2026-09-01"
"DIR","3-{[(E)-AMINO(HYDROXYIMINO)METHYL]AMINO}ALANINE","C4 H10 N4 O3","candidate-pending","confirmed-noncanonical-residue","l-peptide linking","wwPDB CCD将该化学组分定义为l-peptide linking单体；结构身份和聚合物连接角色明确，可归入有CCD定义的非标准氨基酸残基","https://www.rcsb.org/ligand/DIR","2026-09-01"
"DJD","4-(6-methyl-1,2,4,5-tetrazin-3-yl)-L-phenylalanine","C12 H13 N5 O2","pdb-peptide-occurrence","confirmed-noncanonical-residue","l-peptide linking","wwPDB CCD将该化学组分定义为l-peptide linking单体；结构身份和聚合物连接角色明确，可归入有CCD定义的非标准氨基酸残基","https://www.rcsb.org/ligand/DJD","2026-09-01"
"DLS","DI-ACETYL-LYSINE","C10 H18 N2 O4","pdb-peptide-occurrence","confirmed-noncanonical-residue","l-peptide linking","wwPDB CCD将该化学组分定义为l-peptide linking单体；结构身份和聚合物连接角色明确，可归入有CCD定义的非标准氨基酸残基","https://www.rcsb.org/ligand/DLS","2026-09-01"
"DM0","N~2~,N~2~,N~6~,N~6~-tetramethyl-L-lysine","C10 H22 N2 O2","pdb-peptide-occurrence","confirmed-noncanonical-residue","l-peptide linking","wwPDB CCD将该化学组分定义为l-peptide linking单体；结构身份和聚合物连接角色明确，可归入有CCD定义的非标准氨基酸残基","https://www.rcsb.org/ligand/DM0","2026-09-01"
"DNW","3-[(2,4-dinitrophenyl)amino]-L-alanine","C9 H10 N4 O6","pdb-peptide-occurrence","confirmed-noncanonical-residue","l-peptide linking","wwPDB CCD将该化学组分定义为l-peptide linking单体；结构身份和聚合物连接角色明确，可归入有CCD定义的非标准氨基酸残基","https://www.rcsb.org/ligand/DNW","2026-09-01"
"DO2","5,5-dihydroxy-6-oxo-L-norleucine","C6 H11 N O5","candidate-pending","confirmed-noncanonical-residue","l-peptide linking","wwPDB CCD将该化学组分定义为l-peptide linking单体；结构身份和聚合物连接角色明确，可归入有CCD定义的非标准氨基酸残基","https://www.rcsb.org/ligand/DO2","2026-09-01"
"DON","6-DIAZENYL-5-OXO-L-NORLEUCINE","C6 H11 N3 O3","candidate-pending","confirmed-noncanonical-residue","l-peptide linking","wwPDB CCD将该化学组分定义为l-peptide linking单体；结构身份和聚合物连接角色明确，可归入有CCD定义的非标准氨基酸残基","https://www.rcsb.org/ligand/DON","2026-09-01"
"DPP","DIAMINOPROPANOIC ACID","C3 H8 N2 O2","pdb-peptide-occurrence","confirmed-noncanonical-residue","l-peptide linking","wwPDB CCD将该化学组分定义为l-peptide linking单体；结构身份和聚合物连接角色明确，可归入有CCD定义的非标准氨基酸残基","https://www.rcsb.org/ligand/DPP","2026-09-01"
"DPQ","(S)-2-AMINO-3-(4-HYDROXY-3-OXOCYCLOHEXA-1,4-DIENYL)PROPANOIC ACID","C9 H11 N O4","pdb-peptide-occurrence","confirmed-noncanonical-residue","l-peptide linking","wwPDB CCD将该化学组分定义为l-peptide linking单体；结构身份和聚合物连接角色明确，可归入有CCD定义的非标准氨基酸残基","https://www.rcsb.org/ligand/DPQ","2026-09-01"
"DV7","L-(7-hydroxycoumarin-4-yl)ethylglycine","C13 H13 N O5","pdb-peptide-occurrence","confirmed-noncanonical-residue","l-peptide linking","wwPDB CCD将该化学组分定义为l-peptide linking单体；结构身份和聚合物连接角色明确，可归入有CCD定义的非标准氨基酸残基","https://www.rcsb.org/ligand/DV7","2026-09-01"
"DYA","DIDEHYDROASPARTATE","C4 H5 N O4","pdb-peptide-occurrence","confirmed-noncanonical-residue","l-peptide linking","wwPDB CCD将该化学组分定义为l-peptide linking单体；结构身份和聚合物连接角色明确，可归入有CCD定义的非标准氨基酸残基","https://www.rcsb.org/ligand/DYA","2026-09-01"
"DYJ","1-[(2E)-4-carboxy-4-oxobut-2-en-2-yl]-L-proline","C10 H13 N O5","pdb-peptide-occurrence","confirmed-noncanonical-residue","l-peptide linking","wwPDB CCD将该化学组分定义为l-peptide linking单体；结构身份和聚合物连接角色明确，可归入有CCD定义的非标准氨基酸残基","https://www.rcsb.org/ligand/DYJ","2026-09-01"
"DYS","S-[5-(2-aminoethyl)-2,3-dihydroxyphenyl]-L-cysteine","C11 H16 N2 O4 S","pdb-peptide-occurrence","confirmed-noncanonical-residue","l-peptide linking","wwPDB CCD将该化学组分定义为l-peptide linking单体；结构身份和聚合物连接角色明确，可归入有CCD定义的非标准氨基酸残基","https://www.rcsb.org/ligand/DYS","2026-09-01"
"E95","7-Methyl-L-Tryptophan","C12 H14 N2 O2","candidate-pending","confirmed-noncanonical-residue","l-peptide linking","wwPDB CCD将该化学组分定义为l-peptide linking单体；结构身份和聚合物连接角色明确，可归入有CCD定义的非标准氨基酸残基","https://www.rcsb.org/ligand/E95","2026-09-01"
"E9C","(2S)-2-azanyl-3-[3,4,6-tris(oxidanylidene)cyclohexen-1-yl]propanoic acid","C9 H9 N O5","pdb-peptide-occurrence","confirmed-noncanonical-residue","l-peptide linking","wwPDB CCD将该化学组分定义为l-peptide linking单体；结构身份和聚合物连接角色明确，可归入有CCD定义的非标准氨基酸残基","https://www.rcsb.org/ligand/E9C","2026-09-01"
"ECX","S-ethyl-L-cysteine","C5 H11 N O2 S","pdb-peptide-occurrence","confirmed-noncanonical-residue","l-peptide linking","wwPDB CCD将该化学组分定义为l-peptide linking单体；结构身份和聚合物连接角色明确，可归入有CCD定义的非标准氨基酸残基","https://www.rcsb.org/ligand/ECX","2026-09-01"
"EEP","(2S,4R)-2-amino-4,5-dihydroxy-4-methylpentanoic acid","C6 H13 N O4","pdb-peptide-occurrence","confirmed-noncanonical-residue","l-peptide linking","wwPDB CCD将该化学组分定义为l-peptide linking单体；结构身份和聚合物连接角色明确，可归入有CCD定义的非标准氨基酸残基","https://www.rcsb.org/ligand/EEP","2026-09-01"
"EFC","S,S-(2-FLUOROETHYL)THIOCYSTEINE","C5 H10 F N O2 S2","pdb-peptide-occurrence","confirmed-noncanonical-residue","l-peptide linking","wwPDB CCD将该化学组分定义为l-peptide linking单体；结构身份和聚合物连接角色明确，可归入有CCD定义的非标准氨基酸残基","https://www.rcsb.org/ligand/EFC","2026-09-01"
"EJA","S-[(1Z)-2-carboxy-N-hydroxyethanimidoyl]-L-cysteine","C6 H10 N2 O5 S","pdb-peptide-occurrence","confirmed-noncanonical-residue","l-peptide linking","wwPDB CCD将该化学组分定义为l-peptide linking单体；结构身份和聚合物连接角色明确，可归入有CCD定义的非标准氨基酸残基","https://www.rcsb.org/ligand/EJA","2026-09-01"
"ESB","3-[(3E)-3-(ETHYLIMINO)-4-HYDROXY-6-OXOCYCLOHEXA-1,4-DIEN-1-YL]-L-ALANINE","C11 H14 N2 O4","pdb-peptide-occurrence","confirmed-noncanonical-residue","l-peptide linking","wwPDB CCD将该化学组分定义为l-peptide linking单体；结构身份和聚合物连接角色明确，可归入有CCD定义的非标准氨基酸残基","https://www.rcsb.org/ligand/ESB","2026-09-01"
"EU0","1-[(2~{S})-3-methyl-1-oxidanylidene-butan-2-yl]guanidine","C6 H14 N3 O2","pdb-peptide-occurrence","confirmed-noncanonical-residue","l-peptide linking","wwPDB CCD将该化学组分定义为l-peptide linking单体；结构身份和聚合物连接角色明确，可归入有CCD定义的非标准氨基酸残基","https://www.rcsb.org/ligand/EU0","2026-09-01"
"EW6","alpha-methyl-L-serine","C4 H9 N O3","pdb-peptide-occurrence","confirmed-noncanonical-residue","l-peptide linking","wwPDB CCD将该化学组分定义为l-peptide linking单体；结构身份和聚合物连接角色明确，可归入有CCD定义的非标准氨基酸残基","https://www.rcsb.org/ligand/EW6","2026-09-01"
"EXL","1-Methyl-L-tryptophan","C12 H14 N2 O2","pdb-peptide-occurrence","confirmed-noncanonical-residue","l-peptide linking","wwPDB CCD将该化学组分定义为l-peptide linking单体；结构身份和聚合物连接角色明确，可归入有CCD定义的非标准氨基酸残基","https://www.rcsb.org/ligand/EXL","2026-09-01"
"EXY","6-[(2R)-oxiran-2-yl]-L-norleucine","C8 H15 N O3","candidate-pending","confirmed-noncanonical-residue","l-peptide linking","wwPDB CCD将该化学组分定义为l-peptide linking单体；结构身份和聚合物连接角色明确，可归入有CCD定义的非标准氨基酸残基","https://www.rcsb.org/ligand/EXY","2026-09-01"
"F2Y","3,5-difluoro-L-tyrosine","C9 H9 F2 N O3","pdb-peptide-occurrence","confirmed-noncanonical-residue","l-peptide linking","wwPDB CCD将该化学组分定义为l-peptide linking单体；结构身份和聚合物连接角色明确，可归入有CCD定义的非标准氨基酸残基","https://www.rcsb.org/ligand/F2Y","2026-09-01"
"F3T","4-amino-2,4,5-trideoxy-5,5,5-trifluoro-L-threo-pentonic acid","C5 H8 F3 N O3","candidate-pending","confirmed-noncanonical-residue","l-peptide linking","wwPDB CCD将该化学组分定义为l-peptide linking单体；结构身份和聚合物连接角色明确，可归入有CCD定义的非标准氨基酸残基","https://www.rcsb.org/ligand/F3T","2026-09-01"
"F6N","2-(aminomethyl)-1,3-oxazole-4-carboxylic acid","C5 H6 N2 O3","pdb-peptide-occurrence","confirmed-noncanonical-residue","peptide linking","wwPDB CCD将该化学组分定义为peptide linking单体；结构身份和聚合物连接角色明确，可归入有CCD定义的非标准氨基酸残基","https://www.rcsb.org/ligand/F6N","2026-09-01"
"F75","2-(aminomethyl)-1,3-thiazole-4-carboxylic acid","C5 H6 N2 O2 S","pdb-peptide-occurrence","confirmed-noncanonical-residue","peptide linking","wwPDB CCD将该化学组分定义为peptide linking单体；结构身份和聚合物连接角色明确，可归入有CCD定义的非标准氨基酸残基","https://www.rcsb.org/ligand/F75","2026-09-01"
"F7Q","(2~{S})-2-azanyl-3-[1-(dioxidanyl)-4-oxidanylidene-cyclohexa-2,5-dien-1-yl]propanoic acid","C9 H11 N O5","pdb-peptide-occurrence","confirmed-noncanonical-residue","l-peptide linking","wwPDB CCD将该化学组分定义为l-peptide linking单体；结构身份和聚合物连接角色明确，可归入有CCD定义的非标准氨基酸残基","https://www.rcsb.org/ligand/F7Q","2026-09-01"
"F7W","7-Fluorotryptophan","C11 H11 F N2 O2","pdb-peptide-occurrence","confirmed-noncanonical-residue","l-peptide linking","wwPDB CCD将该化学组分定义为l-peptide linking单体；结构身份和聚合物连接角色明确，可归入有CCD定义的非标准氨基酸残基","https://www.rcsb.org/ligand/F7W","2026-09-01"
"FB5","2-(difluoromethyl)-6-(dihydroxyboranyl)-L-norleucine","C7 H14 B F2 N O4","candidate-pending","confirmed-noncanonical-residue","l-peptide linking","wwPDB CCD将该化学组分定义为l-peptide linking单体；结构身份和聚合物连接角色明确，可归入有CCD定义的非标准氨基酸残基","https://www.rcsb.org/ligand/FB5","2026-09-01"
"FB6","6-(dihydroxyboranyl)-2-methyl-L-norleucine","C7 H16 B N O4","candidate-pending","confirmed-noncanonical-residue","l-peptide linking","wwPDB CCD将该化学组分定义为l-peptide linking单体；结构身份和聚合物连接角色明确，可归入有CCD定义的非标准氨基酸残基","https://www.rcsb.org/ligand/FB6","2026-09-01"
"FF9","(2S)-2-azanyl-6-[(E)-(1-oxidanyl-1-oxidanylidene-butan-2-ylidene)amino]hexanoic acid","C10 H18 N2 O4","pdb-peptide-occurrence","confirmed-noncanonical-residue","l-peptide linking","wwPDB CCD将该化学组分定义为l-peptide linking单体；结构身份和聚合物连接角色明确，可归入有CCD定义的非标准氨基酸残基","https://www.rcsb.org/ligand/FF9","2026-09-01"
"FGL","2-AMINOPROPANEDIOIC ACID","C3 H5 N O4","pdb-peptide-occurrence","confirmed-noncanonical-residue","l-peptide linking","wwPDB CCD将该化学组分定义为l-peptide linking单体；结构身份和聚合物连接角色明确，可归入有CCD定义的非标准氨基酸残基","https://www.rcsb.org/ligand/FGL","2026-09-01"
"FH7","N^5^-formyl-N^5^-hydroxy-D-ornithine","C6 H12 N2 O4","pdb-peptide-occurrence","confirmed-noncanonical-residue","peptide linking","wwPDB CCD将该化学组分定义为peptide linking单体；结构身份和聚合物连接角色明确，可归入有CCD定义的非标准氨基酸残基","https://www.rcsb.org/ligand/FH7","2026-09-01"
"FHL","(E)-N~6~-[3-CARBOXY-1-(HYDROXYMETHYL)PROPYLIDENE]-L-LYSINE","C11 H20 N2 O5","pdb-peptide-occurrence","confirmed-noncanonical-residue","l-peptide linking","wwPDB CCD将该化学组分定义为l-peptide linking单体；结构身份和聚合物连接角色明确，可归入有CCD定义的非标准氨基酸残基","https://www.rcsb.org/ligand/FHL","2026-09-01"
"FHO","N^5^-FORMYL-N^5^-HYDROXY-L-ORNITHINE","C6 H12 N2 O4","pdb-peptide-occurrence","confirmed-noncanonical-residue","l-peptide linking","wwPDB CCD将该化学组分定义为l-peptide linking单体；结构身份和聚合物连接角色明确，可归入有CCD定义的非标准氨基酸残基","https://www.rcsb.org/ligand/FHO","2026-09-01"
"FIO","N~5~-[(1E)-2-fluoroethanimidoyl]-L-ornithine","C7 H14 F N3 O2","pdb-peptide-occurrence","confirmed-noncanonical-residue","l-peptide linking","wwPDB CCD将该化学组分定义为l-peptide linking单体；结构身份和聚合物连接角色明确，可归入有CCD定义的非标准氨基酸残基","https://www.rcsb.org/ligand/FIO","2026-09-01"
"FLA","TRIFLUOROALANINE","C3 H4 F3 N O2","candidate-pending","confirmed-noncanonical-residue","l-peptide linking","wwPDB CCD将该化学组分定义为l-peptide linking单体；结构身份和聚合物连接角色明确，可归入有CCD定义的非标准氨基酸残基","https://www.rcsb.org/ligand/FLA","2026-09-01"
"FLE","FUROYL-LEUCINE","C11 H15 N O4","candidate-pending","confirmed-noncanonical-residue","l-peptide linking","wwPDB CCD将该化学组分定义为l-peptide linking单体；结构身份和聚合物连接角色明确，可归入有CCD定义的非标准氨基酸残基","https://www.rcsb.org/ligand/FLE","2026-09-01"
"FP9","(4R)-4-fluoro-L-proline","C5 H8 F N O2","pdb-peptide-occurrence","confirmed-noncanonical-residue","l-peptide linking","wwPDB CCD将该化学组分定义为l-peptide linking单体；结构身份和聚合物连接角色明确，可归入有CCD定义的非标准氨基酸残基","https://www.rcsb.org/ligand/FP9","2026-09-01"
"FPK","1-formyl-L-proline","C6 H9 N O3","candidate-pending","confirmed-noncanonical-residue","l-peptide linking","wwPDB CCD将该化学组分定义为l-peptide linking单体；结构身份和聚合物连接角色明确，可归入有CCD定义的非标准氨基酸残基","https://www.rcsb.org/ligand/FPK","2026-09-01"
"FQA","N~6~-benzyl-L-lysine","C13 H20 N2 O2","pdb-peptide-occurrence","confirmed-noncanonical-residue","l-peptide linking","wwPDB CCD将该化学组分定义为l-peptide linking单体；结构身份和聚合物连接角色明确，可归入有CCD定义的非标准氨基酸残基","https://www.rcsb.org/ligand/FQA","2026-09-01"
"FT6","6-FLUORO-L-TRYPTOPHAN","C11 H11 F N2 O2","pdb-peptide-occurrence","confirmed-noncanonical-residue","l-peptide linking","wwPDB CCD将该化学组分定义为l-peptide linking单体；结构身份和聚合物连接角色明确，可归入有CCD定义的非标准氨基酸残基","https://www.rcsb.org/ligand/FT6","2026-09-01"
"FTR","FLUOROTRYPTOPHANE","C11 H11 F N2 O2","pdb-peptide-occurrence","confirmed-noncanonical-residue","l-peptide linking","wwPDB CCD将该化学组分定义为l-peptide linking单体；结构身份和聚合物连接角色明确，可归入有CCD定义的非标准氨基酸残基","https://www.rcsb.org/ligand/FTR","2026-09-01"
"FX9","(2S)-2-azanyl-3-[3-(trifluoromethyl)phenyl]propanoic acid","C10 H10 F3 N O2","pdb-peptide-occurrence","confirmed-noncanonical-residue","l-peptide linking","wwPDB CCD将该化学组分定义为l-peptide linking单体；结构身份和聚合物连接角色明确，可归入有CCD定义的非标准氨基酸残基","https://www.rcsb.org/ligand/FX9","2026-09-01"
"FXC","(2R)-2-azanyl-3-[3-(trifluoromethyl)phenyl]propanoic acid","C10 H10 F3 N O2","candidate-pending","confirmed-noncanonical-residue","d-peptide linking","wwPDB CCD将该化学组分定义为d-peptide linking单体；结构身份和聚合物连接角色明确，可归入有CCD定义的非标准氨基酸残基","https://www.rcsb.org/ligand/FXC","2026-09-01"
"FXF","(2R)-2-azanyl-3-(3-bromophenyl)propanoic acid","C9 H10 Br N O2","candidate-pending","confirmed-noncanonical-residue","d-peptide linking","wwPDB CCD将该化学组分定义为d-peptide linking单体；结构身份和聚合物连接角色明确，可归入有CCD定义的非标准氨基酸残基","https://www.rcsb.org/ligand/FXF","2026-09-01"
"FXL","(2R)-2-azanyl-3-(3-chlorophenyl)propanoic acid","C9 H10 Cl N O2","candidate-pending","confirmed-noncanonical-residue","d-peptide linking","wwPDB CCD将该化学组分定义为d-peptide linking单体；结构身份和聚合物连接角色明确，可归入有CCD定义的非标准氨基酸残基","https://www.rcsb.org/ligand/FXL","2026-09-01"
"FY2","2,3-difluoro-L-tyrosine","C9 H9 F2 N O3","pdb-peptide-occurrence","confirmed-noncanonical-residue","l-peptide linking","wwPDB CCD将该化学组分定义为l-peptide linking单体；结构身份和聚合物连接角色明确，可归入有CCD定义的非标准氨基酸残基","https://www.rcsb.org/ligand/FY2","2026-09-01"
"FY3","2,3,5-trifluoro-L-tyrosine","C9 H8 F3 N O3","pdb-peptide-occurrence","confirmed-noncanonical-residue","l-peptide linking","wwPDB CCD将该化学组分定义为l-peptide linking单体；结构身份和聚合物连接角色明确，可归入有CCD定义的非标准氨基酸残基","https://www.rcsb.org/ligand/FY3","2026-09-01"
"G1X","(2S)-2-azanyl-3-[3,4-bis(oxidanylidene)cyclohexa-1,5-dien-1-yl]propanoic acid","C9 H9 N O4","pdb-peptide-occurrence","confirmed-noncanonical-residue","l-peptide linking","wwPDB CCD将该化学组分定义为l-peptide linking单体；结构身份和聚合物连接角色明确，可归入有CCD定义的非标准氨基酸残基","https://www.rcsb.org/ligand/G1X","2026-09-01"
"G3M","(3S)-N~6~-carbamimidoyl-3-hydroxy-L-lysine","C7 H16 N4 O3","candidate-pending","confirmed-noncanonical-residue","l-peptide linking","wwPDB CCD将该化学组分定义为l-peptide linking单体；结构身份和聚合物连接角色明确，可归入有CCD定义的非标准氨基酸残基","https://www.rcsb.org/ligand/G3M","2026-09-01"
"G5G","(2S,4S)-2-amino-4,5-dihydroxy-4-methylpentanoic acid","C6 H13 N O4","pdb-peptide-occurrence","confirmed-noncanonical-residue","l-peptide linking","wwPDB CCD将该化学组分定义为l-peptide linking单体；结构身份和聚合物连接角色明确，可归入有CCD定义的非标准氨基酸残基","https://www.rcsb.org/ligand/G5G","2026-09-01"
"G8M","(1S,2R)-2-[(S)-amino(carboxy)methyl]cyclobutanecarboxylic acid","C7 H11 N O4","candidate-pending","confirmed-noncanonical-residue","l-peptide linking","wwPDB CCD将该化学组分定义为l-peptide linking单体；结构身份和聚合物连接角色明确，可归入有CCD定义的非标准氨基酸残基","https://www.rcsb.org/ligand/G8M","2026-09-01"
"G8X","(2~{S},3~{R})-3-oxidanylpyrrolidine-2-carboxylic acid","C5 H9 N O3","candidate-pending","confirmed-noncanonical-residue","l-peptide linking","wwPDB CCD将该化学组分定义为l-peptide linking单体；结构身份和聚合物连接角色明确，可归入有CCD定义的非标准氨基酸残基","https://www.rcsb.org/ligand/G8X","2026-09-01"
"GAU","(4S)-4-AMINO-5-HYDROXYPENTANOIC ACID","C5 H11 N O3","pdb-peptide-occurrence","confirmed-noncanonical-residue","l-peptide linking","wwPDB CCD将该化学组分定义为l-peptide linking单体；结构身份和聚合物连接角色明确，可归入有CCD定义的非标准氨基酸残基","https://www.rcsb.org/ligand/GAU","2026-09-01"
"GGB","L-CANAVANINE","C5 H12 N4 O3","pdb-peptide-occurrence","confirmed-noncanonical-residue","l-peptide linking","wwPDB CCD将该化学组分定义为l-peptide linking单体；结构身份和聚合物连接角色明确，可归入有CCD定义的非标准氨基酸残基","https://www.rcsb.org/ligand/GGB","2026-09-01"
"GGL","GAMMA-L-GLUTAMIC ACID","C5 H9 N O4","pdb-peptide-occurrence","confirmed-noncanonical-residue","l-gamma-peptide, c-delta linking","wwPDB CCD将该化学组分定义为l-gamma-peptide, c-delta linking单体；结构身份和聚合物连接角色明确，可归入有CCD定义的非标准氨基酸残基","https://www.rcsb.org/ligand/GGL","2026-09-01"
"GHG","(2S,4S)-2,5-diamino-4-hydroxy-5-oxopentanoic acid (non-preferred name)","C5 H10 N2 O4","pdb-peptide-occurrence","confirmed-noncanonical-residue","l-peptide linking","wwPDB CCD将该化学组分定义为l-peptide linking单体；结构身份和聚合物连接角色明确，可归入有CCD定义的非标准氨基酸残基","https://www.rcsb.org/ligand/GHG","2026-09-01"
"GLJ","5,5-dihydroxy-L-norvaline","C5 H11 N O4","pdb-peptide-occurrence","confirmed-noncanonical-residue","l-peptide linking","wwPDB CCD将该化学组分定义为l-peptide linking单体；结构身份和聚合物连接角色明确，可归入有CCD定义的非标准氨基酸残基","https://www.rcsb.org/ligand/GLJ","2026-09-01"
"GMA","4-AMIDO-4-CARBAMOYL-BUTYRIC ACID","C5 H10 N2 O3","pdb-peptide-occurrence","confirmed-noncanonical-residue","l-peptide linking","wwPDB CCD将该化学组分定义为l-peptide linking单体；结构身份和聚合物连接角色明确，可归入有CCD定义的非标准氨基酸残基","https://www.rcsb.org/ligand/GMA","2026-09-01"
"GME","5-O-methyl-glutamic acid","C6 H11 N O4","pdb-peptide-occurrence","confirmed-noncanonical-residue","l-peptide linking","wwPDB CCD将该化学组分定义为l-peptide linking单体；结构身份和聚合物连接角色明确，可归入有CCD定义的非标准氨基酸残基","https://www.rcsb.org/ligand/GME","2026-09-01"
"GND","2-AMINO-5-GUANIDINO-PENTANOIC ACID","C6 H15 N4 O2","candidate-pending","confirmed-noncanonical-residue","l-peptide linking","wwPDB CCD将该化学组分定义为l-peptide linking单体；结构身份和聚合物连接角色明确，可归入有CCD定义的非标准氨基酸残基","https://www.rcsb.org/ligand/GND","2026-09-01"
"GQI","(2R)-2-azanyl-3-[(E)-(2-oxidanyl-2-oxidanylidene-ethylidene)amino]oxysulfanyl-propanoic acid","C5 H8 N2 O5 S","pdb-peptide-occurrence","confirmed-noncanonical-residue","l-peptide linking","wwPDB CCD将该化学组分定义为l-peptide linking单体；结构身份和聚合物连接角色明确，可归入有CCD定义的非标准氨基酸残基","https://www.rcsb.org/ligand/GQI","2026-09-01"
"GSC","2-ETHYLTHIO GLYCINE","C4 H9 N O2 S","candidate-pending","confirmed-noncanonical-residue","l-peptide linking","wwPDB CCD将该化学组分定义为l-peptide linking单体；结构身份和聚合物连接角色明确，可归入有CCD定义的非标准氨基酸残基","https://www.rcsb.org/ligand/GSC","2026-09-01"
"GT9","S-NONYL-CYSTEINE","C12 H25 N O2 S","candidate-pending","confirmed-noncanonical-residue","l-peptide linking","wwPDB CCD将该化学组分定义为l-peptide linking单体；结构身份和聚合物连接角色明确，可归入有CCD定义的非标准氨基酸残基","https://www.rcsb.org/ligand/GT9","2026-09-01"
"GZJ","(2S)-2-(acetylamino)butanoic acid","C6 H11 N O3","pdb-peptide-occurrence","confirmed-noncanonical-residue","l-peptide linking","wwPDB CCD将该化学组分定义为l-peptide linking单体；结构身份和聚合物连接角色明确，可归入有CCD定义的非标准氨基酸残基","https://www.rcsb.org/ligand/GZJ","2026-09-01"
"HAR","N-OMEGA-HYDROXY-L-ARGININE","C6 H14 N4 O3","pdb-peptide-occurrence","confirmed-noncanonical-residue","l-peptide linking","wwPDB CCD将该化学组分定义为l-peptide linking单体；结构身份和聚合物连接角色明确，可归入有CCD定义的非标准氨基酸残基","https://www.rcsb.org/ligand/HAR","2026-09-01"
"HCM","(2S)-2-amino-4-(methyldisulfanyl)butanoic acid","C5 H11 N O2 S2","candidate-pending","confirmed-noncanonical-residue","l-peptide linking","wwPDB CCD将该化学组分定义为l-peptide linking单体；结构身份和聚合物连接角色明确，可归入有CCD定义的非标准氨基酸残基","https://www.rcsb.org/ligand/HCM","2026-09-01"
"HFA","ALPHA-HYDROXY-BETA-PHENYL-PROPIONIC ACID","C9 H10 O3","pdb-peptide-occurrence","confirmed-noncanonical-residue","l-peptide linking","wwPDB CCD将该化学组分定义为l-peptide linking单体；结构身份和聚合物连接角色明确，可归入有CCD定义的非标准氨基酸残基","https://www.rcsb.org/ligand/HFA","2026-09-01"
"HGY","(2S)-amino(hydroxy)ethanoic acid","C2 H5 N O3","candidate-pending","confirmed-noncanonical-residue","peptide linking","wwPDB CCD将该化学组分定义为peptide linking单体；结构身份和聚合物连接角色明确，可归入有CCD定义的非标准氨基酸残基","https://www.rcsb.org/ligand/HGY","2026-09-01"
"HHI","(2Z)-3-(1H-imidazol-5-yl)-2-iminopropanoic acid","C6 H7 N3 O2","candidate-pending","confirmed-noncanonical-residue","peptide linking","wwPDB CCD将该化学组分定义为peptide linking单体；结构身份和聚合物连接角色明确，可归入有CCD定义的非标准氨基酸残基","https://www.rcsb.org/ligand/HHI","2026-09-01"
"HHK","(2S)-2,8-DIAMINOOCTANOIC ACID","C8 H18 N2 O2","pdb-peptide-occurrence","confirmed-noncanonical-residue","l-peptide linking","wwPDB CCD将该化学组分定义为l-peptide linking单体；结构身份和聚合物连接角色明确，可归入有CCD定义的非标准氨基酸残基","https://www.rcsb.org/ligand/HHK","2026-09-01"
"HIC","4-METHYL-HISTIDINE","C7 H11 N3 O2","pdb-peptide-occurrence","confirmed-noncanonical-residue","l-peptide linking","wwPDB CCD将该化学组分定义为l-peptide linking单体；结构身份和聚合物连接角色明确，可归入有CCD定义的非标准氨基酸残基","https://www.rcsb.org/ligand/HIC","2026-09-01"
"HIQ","1-[1,2-DIHYDROXY-1-(HYDROXYMETHYL)ETHYL]-L-HISTIDINE","C9 H15 N3 O5","pdb-peptide-occurrence","confirmed-noncanonical-residue","l-peptide linking","wwPDB CCD将该化学组分定义为l-peptide linking单体；结构身份和聚合物连接角色明确，可归入有CCD定义的非标准氨基酸残基","https://www.rcsb.org/ligand/HIQ","2026-09-01"
"HIX","3-(1H-1,2,3-triazol-5-yl)-L-alanine","C5 H8 N4 O2","pdb-peptide-occurrence","confirmed-noncanonical-residue","l-peptide linking","wwPDB CCD将该化学组分定义为l-peptide linking单体；结构身份和聚合物连接角色明确，可归入有CCD定义的非标准氨基酸残基","https://www.rcsb.org/ligand/HIX","2026-09-01"
"HJH","(2~{S})-2-azanyl-3-(2-methyl-5-oxidanyl-1,2,3-triazol-4-yl)propanoic acid","C6 H10 N4 O3","candidate-pending","confirmed-noncanonical-residue","l-peptide linking","wwPDB CCD将该化学组分定义为l-peptide linking单体；结构身份和聚合物连接角色明确，可归入有CCD定义的非标准氨基酸残基","https://www.rcsb.org/ligand/HJH","2026-09-01"
"HL5","(2S,4R)-5-hydroxyleucine","C6 H13 N O3","candidate-pending","confirmed-noncanonical-residue","l-peptide linking","wwPDB CCD将该化学组分定义为l-peptide linking单体；结构身份和聚合物连接角色明确，可归入有CCD定义的非标准氨基酸残基","https://www.rcsb.org/ligand/HL5","2026-09-01"
"HLU","BETA-HYDROXYLEUCINE","C6 H13 N O3","pdb-peptide-occurrence","confirmed-noncanonical-residue","l-peptide linking","wwPDB CCD将该化学组分定义为l-peptide linking单体；结构身份和聚合物连接角色明确，可归入有CCD定义的非标准氨基酸残基","https://www.rcsb.org/ligand/HLU","2026-09-01"
"HLX","5-methyl-L-norleucine","C7 H15 N O2","pdb-peptide-occurrence","confirmed-noncanonical-residue","l-peptide linking","wwPDB CCD将该化学组分定义为l-peptide linking单体；结构身份和聚合物连接角色明确，可归入有CCD定义的非标准氨基酸残基","https://www.rcsb.org/ligand/HLX","2026-09-01"
"HLY","(3~{R})-5-[[(5~{S})-5-azanyl-6-oxidanyl-6-oxidanylidene-hexyl]amino]-3-methyl-3-oxidanyl-5-oxidanylidene-pentanoic acid","C12 H22 N2 O6","pdb-peptide-occurrence","confirmed-noncanonical-residue","l-peptide linking","wwPDB CCD将该化学组分定义为l-peptide linking单体；结构身份和聚合物连接角色明确，可归入有CCD定义的非标准氨基酸残基","https://www.rcsb.org/ligand/HLY","2026-09-01"
"HNC","S-[(1S,2R)-2-hydroxy-1-(2-oxoethyl)heptyl]-L-cysteine","C12 H23 N O4 S","pdb-peptide-occurrence","confirmed-noncanonical-residue","l-peptide linking","wwPDB CCD将该化学组分定义为l-peptide linking单体；结构身份和聚合物连接角色明确，可归入有CCD定义的非标准氨基酸残基","https://www.rcsb.org/ligand/HNC","2026-09-01"
"HOO","(2~{S})-2-azanyl-3-[2,5-bis(oxidanylidene)imidazol-4-yl]propanoic acid","C6 H7 N3 O4","pdb-peptide-occurrence","confirmed-noncanonical-residue","l-peptide linking","wwPDB CCD将该化学组分定义为l-peptide linking单体；结构身份和聚合物连接角色明确，可归入有CCD定义的非标准氨基酸残基","https://www.rcsb.org/ligand/HOO","2026-09-01"
"HOX","4-amino-L-phenylalanine","C9 H12 N2 O2","pdb-peptide-occurrence","confirmed-noncanonical-residue","l-peptide linking","wwPDB CCD将该化学组分定义为l-peptide linking单体；结构身份和聚合物连接角色明确，可归入有CCD定义的非标准氨基酸残基","https://www.rcsb.org/ligand/HOX","2026-09-01"
"HPE","HOMOPHENYLALANINE","C10 H13 N O2","pdb-peptide-occurrence","confirmed-noncanonical-residue","l-peptide linking","wwPDB CCD将该化学组分定义为l-peptide linking单体；结构身份和聚合物连接角色明确，可归入有CCD定义的非标准氨基酸残基","https://www.rcsb.org/ligand/HPE","2026-09-01"
"HQA","3-(8-hydroxyquinolin-3-yl)-L-alanine","C12 H12 N2 O3","pdb-peptide-occurrence","confirmed-noncanonical-residue","l-peptide linking","wwPDB CCD将该化学组分定义为l-peptide linking单体；结构身份和聚合物连接角色明确，可归入有CCD定义的非标准氨基酸残基","https://www.rcsb.org/ligand/HQA","2026-09-01"
"HRG","L-HOMOARGININE","C7 H16 N4 O2","pdb-peptide-occurrence","confirmed-noncanonical-residue","l-peptide linking","wwPDB CCD将该化学组分定义为l-peptide linking单体；结构身份和聚合物连接角色明确，可归入有CCD定义的非标准氨基酸残基","https://www.rcsb.org/ligand/HRG","2026-09-01"
"HRP","5-HYDROXY-L-TRYPTOPHAN","C11 H12 N2 O3","candidate-pending","confirmed-noncanonical-residue","l-peptide linking","wwPDB CCD将该化学组分定义为l-peptide linking单体；结构身份和聚合物连接角色明确，可归入有CCD定义的非标准氨基酸残基","https://www.rcsb.org/ligand/HRP","2026-09-01"
"HS8","3-(1-sulfo-1H-imidazol-3-ium-4-yl)-L-alanine","C6 H10 N3 O5 S","pdb-peptide-occurrence","confirmed-noncanonical-residue","l-peptide linking","wwPDB CCD将该化学组分定义为l-peptide linking单体；结构身份和聚合物连接角色明确，可归入有CCD定义的非标准氨基酸残基","https://www.rcsb.org/ligand/HS8","2026-09-01"
"HSE","L-HOMOSERINE","C4 H9 N O3","pdb-peptide-occurrence","confirmed-noncanonical-residue","l-peptide linking","wwPDB CCD将该化学组分定义为l-peptide linking单体；结构身份和聚合物连接角色明确，可归入有CCD定义的非标准氨基酸残基","https://www.rcsb.org/ligand/HSE","2026-09-01"
"HSK","3-hydroxy-L-histidine","C6 H9 N3 O3","pdb-peptide-occurrence","confirmed-noncanonical-residue","l-peptide linking","wwPDB CCD将该化学组分定义为l-peptide linking单体；结构身份和聚合物连接角色明确，可归入有CCD定义的非标准氨基酸残基","https://www.rcsb.org/ligand/HSK","2026-09-01"
"HTI","(4S)-4-{[(2S)-2-AMINO-3-OXOPROPYL]SULFANYL}-L-HOMOSERINE","C7 H14 N2 O5 S","pdb-peptide-occurrence","confirmed-noncanonical-residue","l-peptide linking","wwPDB CCD将该化学组分定义为l-peptide linking单体；结构身份和聚合物连接角色明确，可归入有CCD定义的非标准氨基酸残基","https://www.rcsb.org/ligand/HTI","2026-09-01"
"HTR","BETA-HYDROXYTRYPTOPHANE","C11 H12 N2 O3","pdb-peptide-occurrence","confirmed-noncanonical-residue","l-peptide linking","wwPDB CCD将该化学组分定义为l-peptide linking单体；结构身份和聚合物连接角色明确，可归入有CCD定义的非标准氨基酸残基","https://www.rcsb.org/ligand/HTR","2026-09-01"
"HZP","(4S)-4-hydroxy-L-proline","C5 H9 N O3","pdb-peptide-occurrence","confirmed-noncanonical-residue","l-peptide linking","wwPDB CCD将该化学组分定义为l-peptide linking单体；结构身份和聚合物连接角色明确，可归入有CCD定义的非标准氨基酸残基","https://www.rcsb.org/ligand/HZP","2026-09-01"
"I3L","allyl-cysteine","C6 H11 N O2 S","candidate-pending","confirmed-noncanonical-residue","l-peptide linking","wwPDB CCD将该化学组分定义为l-peptide linking单体；结构身份和聚合物连接角色明确，可归入有CCD定义的非标准氨基酸残基","https://www.rcsb.org/ligand/I3L","2026-09-01"
"I4G","N-(2-methylpropyl)glycine","C6 H13 N O2","pdb-peptide-occurrence","confirmed-noncanonical-residue","l-peptide linking","wwPDB CCD将该化学组分定义为l-peptide linking单体；结构身份和聚合物连接角色明确，可归入有CCD定义的非标准氨基酸残基","https://www.rcsb.org/ligand/I4G","2026-09-01"
"I58","4R-FLUORO-N6-ETHANIMIDOYL-L-LYSINE","C8 H16 F N3 O2","candidate-pending","confirmed-noncanonical-residue","l-peptide linking","wwPDB CCD将该化学组分定义为l-peptide linking单体；结构身份和聚合物连接角色明确，可归入有CCD定义的非标准氨基酸残基","https://www.rcsb.org/ligand/I58","2026-09-01"
"I7F","O-hydroxy-L-serine","C3 H7 N O4","pdb-peptide-occurrence","confirmed-noncanonical-residue","l-peptide linking","wwPDB CCD将该化学组分定义为l-peptide linking单体；结构身份和聚合物连接角色明确，可归入有CCD定义的非标准氨基酸残基","https://www.rcsb.org/ligand/I7F","2026-09-01"
"IAE","(2S)-2-azanyl-4-[4-(trifluoromethyl)phenyl]butanoic acid","C11 H12 F3 N O2","pdb-peptide-occurrence","confirmed-noncanonical-residue","l-peptide linking","wwPDB CCD将该化学组分定义为l-peptide linking单体；结构身份和聚合物连接角色明确，可归入有CCD定义的非标准氨基酸残基","https://www.rcsb.org/ligand/IAE","2026-09-01"
"IAM","4-[(ISOPROPYLAMINO)METHYL]PHENYLALANINE","C13 H20 N2 O2","pdb-peptide-occurrence","confirmed-noncanonical-residue","l-peptide linking","wwPDB CCD将该化学组分定义为l-peptide linking单体；结构身份和聚合物连接角色明确，可归入有CCD定义的非标准氨基酸残基","https://www.rcsb.org/ligand/IAM","2026-09-01"
"IEL","N~6~-[(1Z)-ethanimidoyl]-L-lysine","C8 H17 N3 O2","candidate-pending","confirmed-noncanonical-residue","l-peptide linking","wwPDB CCD将该化学组分定义为l-peptide linking单体；结构身份和聚合物连接角色明确，可归入有CCD定义的非标准氨基酸残基","https://www.rcsb.org/ligand/IEL","2026-09-01"
"IIC","4-IMIDAZOLMETHYLENE-5-IMIDAZOLONE CHROMOPHORE","C11 H15 N5 O4","pdb-peptide-occurrence","confirmed-noncanonical-residue","l-peptide linking","wwPDB CCD将该化学组分定义为l-peptide linking单体；结构身份和聚合物连接角色明确，可归入有CCD定义的非标准氨基酸残基","https://www.rcsb.org/ligand/IIC","2026-09-01"
"IIL","ISO-ISOLEUCINE","C6 H13 N O2","pdb-peptide-occurrence","confirmed-noncanonical-residue","l-peptide linking","wwPDB CCD将该化学组分定义为l-peptide linking单体；结构身份和聚合物连接角色明确，可归入有CCD定义的非标准氨基酸残基","https://www.rcsb.org/ligand/IIL","2026-09-01"
"ILX","4,5-DIHYDROXYISOLEUCINE","C6 H13 N O4","pdb-peptide-occurrence","confirmed-noncanonical-residue","l-peptide linking","wwPDB CCD将该化学组分定义为l-peptide linking单体；结构身份和聚合物连接角色明确，可归入有CCD定义的非标准氨基酸残基","https://www.rcsb.org/ligand/ILX","2026-09-01"
"IO8","2-[2-(aminomethyl)-4-(1H-indol-3-ylmethyl)-5-oxidanylidene-4H-imidazol-1-yl]ethanoic acid","C15 H14 N4 O3","pdb-peptide-occurrence","confirmed-noncanonical-residue","l-peptide linking","wwPDB CCD将该化学组分定义为l-peptide linking单体；结构身份和聚合物连接角色明确，可归入有CCD定义的非标准氨基酸残基","https://www.rcsb.org/ligand/IO8","2026-09-01"
"IOR","N~5~-[(5R)-5-methyl-4-oxo-4,5-dihydro-1H-imidazol-2-yl]-L-ornithine","C9 H16 N4 O3","candidate-pending","confirmed-noncanonical-residue","l-peptide linking","wwPDB CCD将该化学组分定义为l-peptide linking单体；结构身份和聚合物连接角色明确，可归入有CCD定义的非标准氨基酸残基","https://www.rcsb.org/ligand/IOR","2026-09-01"
"IZO","(2S)-2-AMINOHEX-5-YNOIC ACID","C6 H9 N O2","pdb-peptide-occurrence","confirmed-noncanonical-residue","l-peptide linking","wwPDB CCD将该化学组分定义为l-peptide linking单体；结构身份和聚合物连接角色明确，可归入有CCD定义的非标准氨基酸残基","https://www.rcsb.org/ligand/IZO","2026-09-01"
"J3D","N-carboxy-L-cysteine","C4 H7 N O4 S","candidate-pending","confirmed-noncanonical-residue","l-peptide linking","wwPDB CCD将该化学组分定义为l-peptide linking单体；结构身份和聚合物连接角色明确，可归入有CCD定义的非标准氨基酸残基","https://www.rcsb.org/ligand/J3D","2026-09-01"
"J7H","(2~{R})-2-azanyl-2-methyl-heptanoic acid","C8 H17 N O2","candidate-pending","confirmed-noncanonical-residue","d-peptide linking","wwPDB CCD将该化学组分定义为d-peptide linking单体；结构身份和聚合物连接角色明确，可归入有CCD定义的非标准氨基酸残基","https://www.rcsb.org/ligand/J7H","2026-09-01"
"J8W","(2~{S})-2-azanyl-3-(3-oxidanyl-3-oxidanylidene-propanoyl)oxy-propanoic acid","C6 H9 N O6","pdb-peptide-occurrence","confirmed-noncanonical-residue","l-peptide linking","wwPDB CCD将该化学组分定义为l-peptide linking单体；结构身份和聚合物连接角色明确，可归入有CCD定义的非标准氨基酸残基","https://www.rcsb.org/ligand/J8W","2026-09-01"
"J9A","N-[(2S)-2-amino-2-carboxyethyl]-L-alpha-glutamine","C8 H15 N3 O5","pdb-peptide-occurrence","confirmed-noncanonical-residue","l-peptide linking","wwPDB CCD将该化学组分定义为l-peptide linking单体；结构身份和聚合物连接角色明确，可归入有CCD定义的非标准氨基酸残基","https://www.rcsb.org/ligand/J9A","2026-09-01"
"J9Y","(2S)-2-amino-5-{[(E)-amino(methylamino)methylidene](hydroxy)azaniumyl}pentanoate","C7 H16 N4 O3","candidate-pending","confirmed-noncanonical-residue","l-peptide linking","wwPDB CCD将该化学组分定义为l-peptide linking单体；结构身份和聚合物连接角色明确，可归入有CCD定义的非标准氨基酸残基","https://www.rcsb.org/ligand/J9Y","2026-09-01"
"JBY","(2S)-2-{(4Z)-2-(aminomethyl)-4-[(4-hydroxyphenyl)methylidene]-5-oxo-4,5-dihydro-1H-imidazol-1-yl}propanoic acid","C14 H15 N3 O4","pdb-peptide-occurrence","confirmed-noncanonical-residue","l-peptide linking","wwPDB CCD将该化学组分定义为l-peptide linking单体；结构身份和聚合物连接角色明确，可归入有CCD定义的非标准氨基酸残基","https://www.rcsb.org/ligand/JBY","2026-09-01"
"JGO","meso-2,6-diaminopimelic acid NH2","C7 H15 N3 O3","pdb-peptide-occurrence","confirmed-noncanonical-residue","l-peptide linking","wwPDB CCD将该化学组分定义为l-peptide linking单体；结构身份和聚合物连接角色明确，可归入有CCD定义的非标准氨基酸残基","https://www.rcsb.org/ligand/JGO","2026-09-01"
"JJJ","S-(pyridin-3-ylcarbonyl)-L-cysteine","C9 H10 N2 O3 S","pdb-peptide-occurrence","confirmed-noncanonical-residue","l-peptide linking","wwPDB CCD将该化学组分定义为l-peptide linking单体；结构身份和聚合物连接角色明确，可归入有CCD定义的非标准氨基酸残基","https://www.rcsb.org/ligand/JJJ","2026-09-01"
"JJK","S-[(S)-hydroxy(pyridin-3-yl)methyl]-L-cysteine","C9 H12 N2 O3 S","pdb-peptide-occurrence","confirmed-noncanonical-residue","l-peptide linking","wwPDB CCD将该化学组分定义为l-peptide linking单体；结构身份和聚合物连接角色明确，可归入有CCD定义的非标准氨基酸残基","https://www.rcsb.org/ligand/JJK","2026-09-01"
"JJL","S-[(S)-hydroxy(5-methoxypyridin-3-yl)methyl]-L-cysteine","C10 H14 N2 O4 S","pdb-peptide-occurrence","confirmed-noncanonical-residue","l-peptide linking","wwPDB CCD将该化学组分定义为l-peptide linking单体；结构身份和聚合物连接角色明确，可归入有CCD定义的非标准氨基酸残基","https://www.rcsb.org/ligand/JJL","2026-09-01"
"JKC","(2S)-2-azanyl-5-(phenylmethoxycarbonylamino)pentanoic acid","C13 H18 N2 O4","candidate-pending","confirmed-noncanonical-residue","l-peptide linking","wwPDB CCD将该化学组分定义为l-peptide linking单体；结构身份和聚合物连接角色明确，可归入有CCD定义的非标准氨基酸残基","https://www.rcsb.org/ligand/JKC","2026-09-01"
"JLP","(2S)-2-azanyl-6-[E-[5-(hydroxymethyl)-2-methyl-3-oxidanyl-pyridin-4-yl]methylideneamino]hexanoic acid","C14 H21 N3 O4","pdb-peptide-occurrence","confirmed-noncanonical-residue","l-peptide linking","wwPDB CCD将该化学组分定义为l-peptide linking单体；结构身份和聚合物连接角色明确，可归入有CCD定义的非标准氨基酸残基","https://www.rcsb.org/ligand/JLP","2026-09-01"
"JXR","2,2-bis(4-pentenyl)glycine","C12 H21 N O2","pdb-peptide-occurrence","confirmed-noncanonical-residue","l-peptide linking","wwPDB CCD将该化学组分定义为l-peptide linking单体；结构身份和聚合物连接角色明确，可归入有CCD定义的非标准氨基酸残基","https://www.rcsb.org/ligand/JXR","2026-09-01"
"JYC","(S)-2-(7'-octenyl) alanine","C11 H21 N O2","pdb-peptide-occurrence","confirmed-noncanonical-residue","l-peptide linking","wwPDB CCD将该化学组分定义为l-peptide linking单体；结构身份和聚合物连接角色明确，可归入有CCD定义的非标准氨基酸残基","https://www.rcsb.org/ligand/JYC","2026-09-01"
"K1R","(2S)-2-AMINO-4-[({[(2R)-2-AMINO-2-CARBOXYETHYL]THIO}AMINO)SULFINYL]BUTANOIC ACID","C7 H15 N3 O5 S2","pdb-peptide-occurrence","confirmed-noncanonical-residue","l-peptide linking","wwPDB CCD将该化学组分定义为l-peptide linking单体；结构身份和聚合物连接角色明确，可归入有CCD定义的非标准氨基酸残基","https://www.rcsb.org/ligand/K1R","2026-09-01"
"K5H","(2~{R})-2-azanyl-3-[3,3,3-tris(fluoranyl)-2,2-bis(oxidanyl)propyl]sulfanyl-propanoic acid","C6 H10 F3 N O4 S","pdb-peptide-occurrence","confirmed-noncanonical-residue","l-peptide linking","wwPDB CCD将该化学组分定义为l-peptide linking单体；结构身份和聚合物连接角色明确，可归入有CCD定义的非标准氨基酸残基","https://www.rcsb.org/ligand/K5H","2026-09-01"
"K5L","(2~{R})-2-azanyl-3-(3-oxidanyl-3-oxidanylidene-propanoyl)oxy-propanoic acid","C6 H9 N O6","pdb-peptide-occurrence","confirmed-noncanonical-residue","l-peptide linking","wwPDB CCD将该化学组分定义为l-peptide linking单体；结构身份和聚合物连接角色明确，可归入有CCD定义的非标准氨基酸残基","https://www.rcsb.org/ligand/K5L","2026-09-01"
"KBE","beta-lysine","C6 H14 N2 O2","pdb-peptide-occurrence","confirmed-noncanonical-residue","l-peptide linking","wwPDB CCD将该化学组分定义为l-peptide linking单体；结构身份和聚合物连接角色明确，可归入有CCD定义的非标准氨基酸残基","https://www.rcsb.org/ligand/KBE","2026-09-01"
"KBV","(3R)-3-amino-4-(4-tert-butylphenyl)butanoic acid","C14 H21 N O2","candidate-pending","confirmed-noncanonical-residue","peptide linking","wwPDB CCD将该化学组分定义为peptide linking单体；结构身份和聚合物连接角色明确，可归入有CCD定义的非标准氨基酸残基","https://www.rcsb.org/ligand/KBV","2026-09-01"
"KCJ","3-(1,3-thiazol-4-yl)-L-alanine","C6 H8 N2 O2 S","pdb-peptide-occurrence","confirmed-noncanonical-residue","l-peptide linking","wwPDB CCD将该化学组分定义为l-peptide linking单体；结构身份和聚合物连接角色明确，可归入有CCD定义的非标准氨基酸残基","https://www.rcsb.org/ligand/KCJ","2026-09-01"
"KCR","N-6-crotonyl-L-lysine","C10 H18 N2 O3","pdb-peptide-occurrence","confirmed-noncanonical-residue","l-peptide linking","wwPDB CCD将该化学组分定义为l-peptide linking单体；结构身份和聚合物连接角色明确，可归入有CCD定义的非标准氨基酸残基","https://www.rcsb.org/ligand/KCR","2026-09-01"
"KCX","LYSINE NZ-CARBOXYLIC ACID","C7 H14 N2 O4","pdb-peptide-occurrence","confirmed-noncanonical-residue","l-peptide linking","wwPDB CCD将该化学组分定义为l-peptide linking单体；结构身份和聚合物连接角色明确，可归入有CCD定义的非标准氨基酸残基","https://www.rcsb.org/ligand/KCX","2026-09-01"
"KEO","e(R)-beta-lysyl-hydroxylysine","C12 H26 N4 O4","pdb-peptide-occurrence","confirmed-noncanonical-residue","l-peptide linking","wwPDB CCD将该化学组分定义为l-peptide linking单体；结构身份和聚合物连接角色明确，可归入有CCD定义的非标准氨基酸残基","https://www.rcsb.org/ligand/KEO","2026-09-01"
"KGC","N~6~-[(2R)-2-CARBOXY-5-OXOTETRAHYDROFURAN-2-YL]-L-LYSINE","C11 H18 N2 O6","pdb-peptide-occurrence","confirmed-noncanonical-residue","l-peptide linking","wwPDB CCD将该化学组分定义为l-peptide linking单体；结构身份和聚合物连接角色明确，可归入有CCD定义的非标准氨基酸残基","https://www.rcsb.org/ligand/KGC","2026-09-01"
"KHB","N~6~-[(3S)-3-hydroxybutanoyl]-L-lysine","C10 H20 N2 O4","pdb-peptide-occurrence","confirmed-noncanonical-residue","l-peptide linking","wwPDB CCD将该化学组分定义为l-peptide linking单体；结构身份和聚合物连接角色明确，可归入有CCD定义的非标准氨基酸残基","https://www.rcsb.org/ligand/KHB","2026-09-01"
"KNB","3-(methylsulfonyl)-L-alanine","C4 H9 N O4 S","candidate-pending","confirmed-noncanonical-residue","l-peptide linking","wwPDB CCD将该化学组分定义为l-peptide linking单体；结构身份和聚合物连接角色明确，可归入有CCD定义的非标准氨基酸残基","https://www.rcsb.org/ligand/KNB","2026-09-01"
"KOR","L-HOMOCYSTEINE-S-N-S-L-CYSTEINE","C7 H15 N3 O5 S2","pdb-peptide-occurrence","confirmed-noncanonical-residue","l-peptide linking","wwPDB CCD将该化学组分定义为l-peptide linking单体；结构身份和聚合物连接角色明确，可归入有CCD定义的非标准氨基酸残基","https://www.rcsb.org/ligand/KOR","2026-09-01"
"KPF","N-(1-carboxy-2-fluoro-ethenyl) lysine","C9 H15 F N2 O4","pdb-peptide-occurrence","confirmed-noncanonical-residue","l-peptide linking","wwPDB CCD将该化学组分定义为l-peptide linking单体；结构身份和聚合物连接角色明确，可归入有CCD定义的非标准氨基酸残基","https://www.rcsb.org/ligand/KPF","2026-09-01"
"KPI","(2S)-2-amino-6-[(1-hydroxy-1-oxo-propan-2-ylidene)amino]hexanoic acid","C9 H16 N2 O4","pdb-peptide-occurrence","confirmed-noncanonical-residue","l-peptide linking","wwPDB CCD将该化学组分定义为l-peptide linking单体；结构身份和聚合物连接角色明确，可归入有CCD定义的非标准氨基酸残基","https://www.rcsb.org/ligand/KPI","2026-09-01"
"KPY","(2R)-2-AZANYL-3-[2-[(E)-(1-OXIDANYL-1-OXIDANYLIDENE-PROPAN-2-YLIDENE)AMINO]ETHYLSULFANYL]PROPANOIC ACID","C8 H14 N2 O4 S","pdb-peptide-occurrence","confirmed-noncanonical-residue","l-peptide linking","wwPDB CCD将该化学组分定义为l-peptide linking单体；结构身份和聚合物连接角色明确，可归入有CCD定义的非标准氨基酸残基","https://www.rcsb.org/ligand/KPY","2026-09-01"
"KR3","N~6~-(ethoxycarbonyl)-L-lysine","C9 H18 N2 O4","pdb-peptide-occurrence","confirmed-noncanonical-residue","l-peptide linking","wwPDB CCD将该化学组分定义为l-peptide linking单体；结构身份和聚合物连接角色明确，可归入有CCD定义的非标准氨基酸残基","https://www.rcsb.org/ligand/KR3","2026-09-01"
"KST","N~6~-(5-CARBOXY-3-THIENYL)-L-LYSINE","C11 H16 N2 O4 S","pdb-peptide-occurrence","confirmed-noncanonical-residue","l-peptide linking","wwPDB CCD将该化学组分定义为l-peptide linking单体；结构身份和聚合物连接角色明确，可归入有CCD定义的非标准氨基酸残基","https://www.rcsb.org/ligand/KST","2026-09-01"
"KYQ","(E)-N~6~-(1-carboxy-2-hydroxyethylidene)-L-lysine","C9 H16 N2 O5","pdb-peptide-occurrence","confirmed-noncanonical-residue","l-peptide linking","wwPDB CCD将该化学组分定义为l-peptide linking单体；结构身份和聚合物连接角色明确，可归入有CCD定义的非标准氨基酸残基","https://www.rcsb.org/ligand/KYQ","2026-09-01"
"L3O","(2S,3S)-3-amino-2-hydroxy-5-methylhexanoic acid","C7 H15 N O3","pdb-peptide-occurrence","confirmed-noncanonical-residue","l-peptide linking","wwPDB CCD将该化学组分定义为l-peptide linking单体；结构身份和聚合物连接角色明确，可归入有CCD定义的非标准氨基酸残基","https://www.rcsb.org/ligand/L3O","2026-09-01"
"LAL","N,N-DIMETHYL-L-ALANINE","C5 H11 N O2","pdb-peptide-occurrence","confirmed-noncanonical-residue","l-peptide linking","wwPDB CCD将该化学组分定义为l-peptide linking单体；结构身份和聚合物连接角色明确，可归入有CCD定义的非标准氨基酸残基","https://www.rcsb.org/ligand/LAL","2026-09-01"
"LBZ","(2~{S})-2-azanyl-6-benzamido-hexanoic acid","C13 H18 N2 O3","pdb-peptide-occurrence","confirmed-noncanonical-residue","l-peptide linking","wwPDB CCD将该化学组分定义为l-peptide linking单体；结构身份和聚合物连接角色明确，可归入有CCD定义的非标准氨基酸残基","https://www.rcsb.org/ligand/LBZ","2026-09-01"
"LCK","(Z)-N~6~-(2-carboxy-1-methylethylidene)-L-lysine","C10 H18 N2 O4","pdb-peptide-occurrence","confirmed-noncanonical-residue","l-peptide linking","wwPDB CCD将该化学组分定义为l-peptide linking单体；结构身份和聚合物连接角色明确，可归入有CCD定义的非标准氨基酸残基","https://www.rcsb.org/ligand/LCK","2026-09-01"
"LDH","N~6~-ETHYL-L-LYSINE","C8 H18 N2 O2","pdb-peptide-occurrence","confirmed-noncanonical-residue","l-peptide linking","wwPDB CCD将该化学组分定义为l-peptide linking单体；结构身份和聚合物连接角色明确，可归入有CCD定义的非标准氨基酸残基","https://www.rcsb.org/ligand/LDH","2026-09-01"
"LE1","3-sulfanyl-L-valine","C5 H11 N O2 S","pdb-peptide-occurrence","confirmed-noncanonical-residue","l-peptide linking","wwPDB CCD将该化学组分定义为l-peptide linking单体；结构身份和聚合物连接角色明确，可归入有CCD定义的非标准氨基酸残基","https://www.rcsb.org/ligand/LE1","2026-09-01"
"LED","(4R)-5-OXO-L-LEUCINE","C6 H11 N O3","pdb-peptide-occurrence","confirmed-noncanonical-residue","l-peptide linking","wwPDB CCD将该化学组分定义为l-peptide linking单体；结构身份和聚合物连接角色明确，可归入有CCD定义的非标准氨基酸残基","https://www.rcsb.org/ligand/LED","2026-09-01"
"LEF","(4S)-5-FLUORO-L-LEUCINE","C6 H12 F N O2","pdb-peptide-occurrence","confirmed-noncanonical-residue","l-peptide linking","wwPDB CCD将该化学组分定义为l-peptide linking单体；结构身份和聚合物连接角色明确，可归入有CCD定义的非标准氨基酸残基","https://www.rcsb.org/ligand/LEF","2026-09-01"
"LGY","(E)-N~6~-(4-oxobutylidene)-L-lysine","C10 H18 N2 O3","pdb-peptide-occurrence","confirmed-noncanonical-residue","l-peptide linking","wwPDB CCD将该化学组分定义为l-peptide linking单体；结构身份和聚合物连接角色明确，可归入有CCD定义的非标准氨基酸残基","https://www.rcsb.org/ligand/LGY","2026-09-01"
"LHC","(2S)-2-amino-4-(4-amino-2-oxopyrimidin-1(2H)-yl)butanoic acid","C8 H12 N4 O3","pdb-peptide-occurrence","confirmed-noncanonical-residue","l-peptide linking","wwPDB CCD将该化学组分定义为l-peptide linking单体；结构身份和聚合物连接角色明确，可归入有CCD定义的非标准氨基酸残基","https://www.rcsb.org/ligand/LHC","2026-09-01"
"LLO","N~6~-[(1S)-3-hydroxy-1,3-dimethylbutyl]-L-lysine","C12 H26 N2 O3","pdb-peptide-occurrence","confirmed-noncanonical-residue","l-peptide linking","wwPDB CCD将该化学组分定义为l-peptide linking单体；结构身份和聚合物连接角色明确，可归入有CCD定义的非标准氨基酸残基","https://www.rcsb.org/ligand/LLO","2026-09-01"
"LLY","NZ-(DICARBOXYMETHYL)LYSINE","C9 H16 N2 O6","pdb-peptide-occurrence","confirmed-noncanonical-residue","l-peptide linking","wwPDB CCD将该化学组分定义为l-peptide linking单体；结构身份和聚合物连接角色明确，可归入有CCD定义的非标准氨基酸残基","https://www.rcsb.org/ligand/LLY","2026-09-01"
"LME","(2S,3R)-2-azanyl-3-methyl-pentanedioic acid","C6 H11 N O4","pdb-peptide-occurrence","confirmed-noncanonical-residue","l-peptide linking","wwPDB CCD将该化学组分定义为l-peptide linking单体；结构身份和聚合物连接角色明确，可归入有CCD定义的非标准氨基酸残基","https://www.rcsb.org/ligand/LME","2026-09-01"
"LMF","NZ(N-METHYL THIOFORMAMIDE) LYSINE","C8 H17 N3 O2 S","candidate-pending","confirmed-noncanonical-residue","l-peptide linking","wwPDB CCD将该化学组分定义为l-peptide linking单体；结构身份和聚合物连接角色明确，可归入有CCD定义的非标准氨基酸残基","https://www.rcsb.org/ligand/LMF","2026-09-01"
"LOH","3,4-dihydroxylysine","C6 H14 N2 O4","pdb-peptide-occurrence","confirmed-noncanonical-residue","l-peptide linking","wwPDB CCD将该化学组分定义为l-peptide linking单体；结构身份和聚合物连接角色明确，可归入有CCD定义的非标准氨基酸残基","https://www.rcsb.org/ligand/LOH","2026-09-01"
"LP6","6-piperidin-1-yl-L-norleucine","C11 H22 N2 O2","pdb-peptide-occurrence","confirmed-noncanonical-residue","l-peptide linking","wwPDB CCD将该化学组分定义为l-peptide linking单体；结构身份和聚合物连接角色明确，可归入有CCD定义的非标准氨基酸残基","https://www.rcsb.org/ligand/LP6","2026-09-01"
"LPG","(2S)-2-aminobut-3-ynoic acid","C4 H5 N O2","candidate-pending","confirmed-noncanonical-residue","l-peptide linking","wwPDB CCD将该化学组分定义为l-peptide linking单体；结构身份和聚合物连接角色明确，可归入有CCD定义的非标准氨基酸残基","https://www.rcsb.org/ligand/LPG","2026-09-01"
"LPH","L-Propargylglycine","C5 H7 N O2","pdb-peptide-occurrence","confirmed-noncanonical-residue","l-peptide linking","wwPDB CCD将该化学组分定义为l-peptide linking单体；结构身份和聚合物连接角色明确，可归入有CCD定义的非标准氨基酸残基","https://www.rcsb.org/ligand/LPH","2026-09-01"
"LPL","LEU-HYDROXYETHYLENE-LEU","C13 H27 N O3","pdb-peptide-occurrence","confirmed-noncanonical-residue","l-peptide linking","wwPDB CCD将该化学组分定义为l-peptide linking单体；结构身份和聚合物连接角色明确，可归入有CCD定义的非标准氨基酸残基","https://www.rcsb.org/ligand/LPL","2026-09-01"
"LT0","D-tryptophyl-L-serine","C14 H17 N3 O4","candidate-pending","confirmed-noncanonical-residue","peptide linking","wwPDB CCD将该化学组分定义为peptide linking单体；结构身份和聚合物连接角色明确，可归入有CCD定义的非标准氨基酸残基","https://www.rcsb.org/ligand/LT0","2026-09-01"
"LV8","(2~{S})-3-acetamido-2-azanyl-propanoic acid","C5 H10 N2 O3","pdb-peptide-occurrence","confirmed-noncanonical-residue","l-peptide linking","wwPDB CCD将该化学组分定义为l-peptide linking单体；结构身份和聚合物连接角色明确，可归入有CCD定义的非标准氨基酸残基","https://www.rcsb.org/ligand/LV8","2026-09-01"
"LVG","L-VINYLGLYCINE","C4 H7 N O2","candidate-pending","confirmed-noncanonical-residue","l-peptide linking","wwPDB CCD将该化学组分定义为l-peptide linking单体；结构身份和聚合物连接角色明确，可归入有CCD定义的非标准氨基酸残基","https://www.rcsb.org/ligand/LVG","2026-09-01"
"LVN","(3S)-4-oxo-L-valine","C5 H9 N O3","pdb-peptide-occurrence","confirmed-noncanonical-residue","l-peptide linking","wwPDB CCD将该化学组分定义为l-peptide linking单体；结构身份和聚合物连接角色明确，可归入有CCD定义的非标准氨基酸残基","https://www.rcsb.org/ligand/LVN","2026-09-01"
"LWI","2-(aminomethyl)-L-phenylalanine","C10 H14 N2 O2","pdb-peptide-occurrence","confirmed-noncanonical-residue","l-peptide linking","wwPDB CCD将该化学组分定义为l-peptide linking单体；结构身份和聚合物连接角色明确，可归入有CCD定义的非标准氨基酸残基","https://www.rcsb.org/ligand/LWI","2026-09-01"
"LYH","3,4 ENE-LYSINE","C6 H12 N2 O2","pdb-peptide-occurrence","confirmed-noncanonical-residue","l-peptide linking","wwPDB CCD将该化学组分定义为l-peptide linking单体；结构身份和聚合物连接角色明确，可归入有CCD定义的非标准氨基酸残基","https://www.rcsb.org/ligand/LYH","2026-09-01"
"LYO","4-HYDROXY-LYSINE","C6 H14 N2 O3","pdb-peptide-occurrence","confirmed-noncanonical-residue","l-peptide linking","wwPDB CCD将该化学组分定义为l-peptide linking单体；结构身份和聚合物连接角色明确，可归入有CCD定义的非标准氨基酸残基","https://www.rcsb.org/ligand/LYO","2026-09-01"
"LYU","N~6~-(4-methylpentyl)-L-lysine","C12 H26 N2 O2","candidate-pending","confirmed-noncanonical-residue","l-peptide linking","wwPDB CCD将该化学组分定义为l-peptide linking单体；结构身份和聚合物连接角色明确，可归入有CCD定义的非标准氨基酸残基","https://www.rcsb.org/ligand/LYU","2026-09-01"
"LYZ","5-HYDROXYLYSINE","C6 H14 N2 O3","pdb-peptide-occurrence","confirmed-noncanonical-residue","l-peptide linking","wwPDB CCD将该化学组分定义为l-peptide linking单体；结构身份和聚合物连接角色明确，可归入有CCD定义的非标准氨基酸残基","https://www.rcsb.org/ligand/LYZ","2026-09-01"
"M0H","S-(HYDROXYMETHYL)-L-CYSTEINE","C4 H9 N O3 S","pdb-peptide-occurrence","confirmed-noncanonical-residue","l-peptide linking","wwPDB CCD将该化学组分定义为l-peptide linking单体；结构身份和聚合物连接角色明确，可归入有CCD定义的非标准氨基酸残基","https://www.rcsb.org/ligand/M0H","2026-09-01"
"M2L","(2R)-2-amino-3-(2-dimethylaminoethylsulfanyl)propanoic acid","C7 H16 N2 O2 S","pdb-peptide-occurrence","confirmed-noncanonical-residue","l-peptide linking","wwPDB CCD将该化学组分定义为l-peptide linking单体；结构身份和聚合物连接角色明确，可归入有CCD定义的非标准氨基酸残基","https://www.rcsb.org/ligand/M2L","2026-09-01"
"M30","N-cyclohexylglycine","C8 H15 N O2","candidate-pending","confirmed-noncanonical-residue","peptide linking","wwPDB CCD将该化学组分定义为peptide linking单体；结构身份和聚合物连接角色明确，可归入有CCD定义的非标准氨基酸残基","https://www.rcsb.org/ligand/M30","2026-09-01"
"M3L","N-TRIMETHYLLYSINE","C9 H21 N2 O2","pdb-peptide-occurrence","confirmed-noncanonical-residue","l-peptide linking","wwPDB CCD将该化学组分定义为l-peptide linking单体；结构身份和聚合物连接角色明确，可归入有CCD定义的非标准氨基酸残基","https://www.rcsb.org/ligand/M3L","2026-09-01"
"M64","(2S)-2-amino-4-[(2S)-2-methylpiperidin-1-yl]-4-oxobutanoic acid","C10 H18 N2 O3","candidate-pending","confirmed-noncanonical-residue","l-peptide linking","wwPDB CCD将该化学组分定义为l-peptide linking单体；结构身份和聚合物连接角色明确，可归入有CCD定义的非标准氨基酸残基","https://www.rcsb.org/ligand/M64","2026-09-01"
"M6J","(2S)-2-amino-4-oxo-4-[(2R)-2-phenylpyrrolidin-1-yl]butanoic acid","C14 H18 N2 O3","candidate-pending","confirmed-noncanonical-residue","l-peptide linking","wwPDB CCD将该化学组分定义为l-peptide linking单体；结构身份和聚合物连接角色明确，可归入有CCD定义的非标准氨基酸残基","https://www.rcsb.org/ligand/M6J","2026-09-01"
"M70","(2S)-2-azanyl-3-(1-carbamimidoylpiperidin-4-yl)propanoic acid","C9 H18 N4 O2","pdb-peptide-occurrence","confirmed-noncanonical-residue","l-peptide linking","wwPDB CCD将该化学组分定义为l-peptide linking单体；结构身份和聚合物连接角色明确，可归入有CCD定义的非标准氨基酸残基","https://www.rcsb.org/ligand/M70","2026-09-01"
"MCG","(S)-(ALPHA)-METHYL-4-CARBOXYPHENYLGLYCINE","C10 H11 N O4","candidate-pending","confirmed-noncanonical-residue","l-peptide linking","wwPDB CCD将该化学组分定义为l-peptide linking单体；结构身份和聚合物连接角色明确，可归入有CCD定义的非标准氨基酸残基","https://www.rcsb.org/ligand/MCG","2026-09-01"
"MCS","MALONYL CYSTEINE","C6 H9 N O5 S","pdb-peptide-occurrence","confirmed-noncanonical-residue","l-peptide linking","wwPDB CCD将该化学组分定义为l-peptide linking单体；结构身份和聚合物连接角色明确，可归入有CCD定义的非标准氨基酸残基","https://www.rcsb.org/ligand/MCS","2026-09-01"
"MD0","5-amino-D-isoleucine","C6 H14 N2 O2","candidate-pending","confirmed-noncanonical-residue","d-peptide linking","wwPDB CCD将该化学组分定义为d-peptide linking单体；结构身份和聚合物连接角色明确，可归入有CCD定义的非标准氨基酸残基","https://www.rcsb.org/ligand/MD0","2026-09-01"
"MD6","N-[(3-hydroxypyridin-2-yl)carbonyl]glycine","C8 H8 N2 O4","candidate-pending","confirmed-noncanonical-residue","peptide linking","wwPDB CCD将该化学组分定义为peptide linking单体；结构身份和聚合物连接角色明确，可归入有CCD定义的非标准氨基酸残基","https://www.rcsb.org/ligand/MD6","2026-09-01"
"ME0","hydroxy-L-methionine","C5 H11 N O3 S","pdb-peptide-occurrence","confirmed-noncanonical-residue","l-peptide linking","wwPDB CCD将该化学组分定义为l-peptide linking单体；结构身份和聚合物连接角色明确，可归入有CCD定义的非标准氨基酸残基","https://www.rcsb.org/ligand/ME0","2026-09-01"
"MEG","(2S,3S)-2-azanyl-3-methyl-pentanedioic acid","C6 H11 N O4","candidate-pending","confirmed-noncanonical-residue","l-peptide linking","wwPDB CCD将该化学组分定义为l-peptide linking单体；结构身份和聚合物连接角色明确，可归入有CCD定义的非标准氨基酸残基","https://www.rcsb.org/ligand/MEG","2026-09-01"
"MEQ","N5-METHYLGLUTAMINE","C6 H12 N2 O3","pdb-peptide-occurrence","confirmed-noncanonical-residue","l-peptide linking","wwPDB CCD将该化学组分定义为l-peptide linking单体；结构身份和聚合物连接角色明确，可归入有CCD定义的非标准氨基酸残基","https://www.rcsb.org/ligand/MEQ","2026-09-01"
"MF3","2-AMINO-4-TRIFLUOROMETHYLSULFANYL-BUTYRIC ACID","C5 H8 F3 N O2 S","candidate-pending","confirmed-noncanonical-residue","l-peptide linking","wwPDB CCD将该化学组分定义为l-peptide linking单体；结构身份和聚合物连接角色明确，可归入有CCD定义的非标准氨基酸残基","https://www.rcsb.org/ligand/MF3","2026-09-01"
"MFH","[(2~{S})-2-azanyl-3-(4-hydroxyphenyl)propyl]carbamic acid","C10 H14 N2 O3","pdb-peptide-occurrence","confirmed-noncanonical-residue","l-peptide linking","wwPDB CCD将该化学组分定义为l-peptide linking单体；结构身份和聚合物连接角色明确，可归入有CCD定义的非标准氨基酸残基","https://www.rcsb.org/ligand/MFH","2026-09-01"
"MGG","2-(2-CARBOXY-ACETYLAMINO)-5-GUANIDINO-PENTANOIC ACID","C9 H17 N4 O5","pdb-peptide-occurrence","confirmed-noncanonical-residue","l-peptide linking","wwPDB CCD将该化学组分定义为l-peptide linking单体；结构身份和聚合物连接角色明确，可归入有CCD定义的非标准氨基酸残基","https://www.rcsb.org/ligand/MGG","2026-09-01"
"MGN","2-METHYL-GLUTAMINE","C6 H12 N2 O3","pdb-peptide-occurrence","confirmed-noncanonical-residue","l-peptide linking","wwPDB CCD将该化学组分定义为l-peptide linking单体；结构身份和聚合物连接角色明确，可归入有CCD定义的非标准氨基酸残基","https://www.rcsb.org/ligand/MGN","2026-09-01"
"MHO","S-OXYMETHIONINE","C5 H11 N O3 S","pdb-peptide-occurrence","confirmed-noncanonical-residue","l-peptide linking","wwPDB CCD将该化学组分定义为l-peptide linking单体；结构身份和聚合物连接角色明确，可归入有CCD定义的非标准氨基酸残基","https://www.rcsb.org/ligand/MHO","2026-09-01"
"MHS","N1-METHYLATED HISTIDINE","C7 H11 N3 O2","pdb-peptide-occurrence","confirmed-noncanonical-residue","l-peptide linking","wwPDB CCD将该化学组分定义为l-peptide linking单体；结构身份和聚合物连接角色明确，可归入有CCD定义的非标准氨基酸残基","https://www.rcsb.org/ligand/MHS","2026-09-01"
"MHU","4-N,N-(DIMETHYLAMINO)-L-PHENYLALANINE","C12 H18 N2 O2","pdb-peptide-occurrence","confirmed-noncanonical-residue","l-peptide linking","wwPDB CCD将该化学组分定义为l-peptide linking单体；结构身份和聚合物连接角色明确，可归入有CCD定义的非标准氨基酸残基","https://www.rcsb.org/ligand/MHU","2026-09-01"
"MHV","4-OXO-L-PIPECOLIC ACID","C6 H9 N O3","pdb-peptide-occurrence","confirmed-noncanonical-residue","l-peptide linking","wwPDB CCD将该化学组分定义为l-peptide linking单体；结构身份和聚合物连接角色明确，可归入有CCD定义的非标准氨基酸残基","https://www.rcsb.org/ligand/MHV","2026-09-01"
"MHW","3-HYDROXYPICOLINIC ACID","C6 H5 N O3","pdb-peptide-occurrence","confirmed-noncanonical-residue","peptide linking","wwPDB CCD将该化学组分定义为peptide linking单体；结构身份和聚合物连接角色明确，可归入有CCD定义的非标准氨基酸残基","https://www.rcsb.org/ligand/MHW","2026-09-01"
"MK8","2-methyl-L-norleucine","C7 H15 N O2","pdb-peptide-occurrence","confirmed-noncanonical-residue","l-peptide linking","wwPDB CCD将该化学组分定义为l-peptide linking单体；结构身份和聚合物连接角色明确，可归入有CCD定义的非标准氨基酸残基","https://www.rcsb.org/ligand/MK8","2026-09-01"
"MKD","(2S)-2-amino-2-methyloctanoic acid","C9 H19 N O2","pdb-peptide-occurrence","confirmed-noncanonical-residue","l-peptide linking","wwPDB CCD将该化学组分定义为l-peptide linking单体；结构身份和聚合物连接角色明确，可归入有CCD定义的非标准氨基酸残基","https://www.rcsb.org/ligand/MKD","2026-09-01"
"MKF","(2~{S})-2-azanyl-3-(dimethylcarbamoyloxy)propanoic acid","C6 H12 N2 O4","pdb-peptide-occurrence","confirmed-noncanonical-residue","l-peptide linking","wwPDB CCD将该化学组分定义为l-peptide linking单体；结构身份和聚合物连接角色明确，可归入有CCD定义的非标准氨基酸残基","https://www.rcsb.org/ligand/MKF","2026-09-01"
"ML3","2-{[(2R)-2-amino-2-carboxyethyl]sulfanyl}-N,N,N-trimethylethanaminium","C8 H19 N2 O2 S","pdb-peptide-occurrence","confirmed-noncanonical-residue","l-peptide linking","wwPDB CCD将该化学组分定义为l-peptide linking单体；结构身份和聚合物连接角色明确，可归入有CCD定义的非标准氨基酸残基","https://www.rcsb.org/ligand/ML3","2026-09-01"
"MLL","METHYL L-LEUCINATE","C7 H15 N O2","pdb-peptide-occurrence","confirmed-noncanonical-residue","l-peptide linking","wwPDB CCD将该化学组分定义为l-peptide linking单体；结构身份和聚合物连接角色明确，可归入有CCD定义的非标准氨基酸残基","https://www.rcsb.org/ligand/MLL","2026-09-01"
"MLY","N-DIMETHYL-LYSINE","C8 H18 N2 O2","pdb-peptide-occurrence","confirmed-noncanonical-residue","l-peptide linking","wwPDB CCD将该化学组分定义为l-peptide linking单体；结构身份和聚合物连接角色明确，可归入有CCD定义的非标准氨基酸残基","https://www.rcsb.org/ligand/MLY","2026-09-01"
"MME","N-METHYL METHIONINE","C6 H13 N O2 S","pdb-peptide-occurrence","confirmed-noncanonical-residue","l-peptide linking","wwPDB CCD将该化学组分定义为l-peptide linking单体；结构身份和聚合物连接角色明确，可归入有CCD定义的非标准氨基酸残基","https://www.rcsb.org/ligand/MME","2026-09-01"
"MOZ","(2Z)-2-amino-3-hydroxybut-2-enoic acid","C4 H7 N O3","pdb-peptide-occurrence","confirmed-noncanonical-residue","peptide linking","wwPDB CCD将该化学组分定义为peptide linking单体；结构身份和聚合物连接角色明确，可归入有CCD定义的非标准氨基酸残基","https://www.rcsb.org/ligand/MOZ","2026-09-01"
"MSE","SELENOMETHIONINE","C5 H11 N O2 Se","pdb-peptide-occurrence","confirmed-noncanonical-residue","l-peptide linking","wwPDB CCD将该化学组分定义为l-peptide linking单体；结构身份和聚合物连接角色明确，可归入有CCD定义的非标准氨基酸残基","https://www.rcsb.org/ligand/MSE","2026-09-01"
"MSL","(2S)-2-AMINO-4-(METHYLSULFONIMIDOYL)BUTANOIC ACID","C5 H12 N2 O3 S","candidate-pending","confirmed-noncanonical-residue","l-peptide linking","wwPDB CCD将该化学组分定义为l-peptide linking单体；结构身份和聚合物连接角色明确，可归入有CCD定义的非标准氨基酸残基","https://www.rcsb.org/ligand/MSL","2026-09-01"
"MSO","SELENOMETHIONINE SELENOXIDE","C5 H11 N O3 Se","pdb-peptide-occurrence","confirmed-noncanonical-residue","l-peptide linking","wwPDB CCD将该化学组分定义为l-peptide linking单体；结构身份和聚合物连接角色明确，可归入有CCD定义的非标准氨基酸残基","https://www.rcsb.org/ligand/MSO","2026-09-01"
"MT2","[(3S)-3-amino-3-carboxypropyl](ethyl)methylsulfonium","C7 H16 N O2 S","candidate-pending","confirmed-noncanonical-residue","l-peptide linking","wwPDB CCD将该化学组分定义为l-peptide linking单体；结构身份和聚合物连接角色明确，可归入有CCD定义的非标准氨基酸残基","https://www.rcsb.org/ligand/MT2","2026-09-01"
"MTY","META-TYROSINE","C9 H11 N O3","pdb-peptide-occurrence","confirmed-noncanonical-residue","l-peptide linking","wwPDB CCD将该化学组分定义为l-peptide linking单体；结构身份和聚合物连接角色明确，可归入有CCD定义的非标准氨基酸残基","https://www.rcsb.org/ligand/MTY","2026-09-01"
"MYN","(2S)-amino[(4R)-2-amino-1,4,5,6-tetrahydropyrimidin-4-yl]ethanoic acid","C6 H12 N4 O2","pdb-peptide-occurrence","confirmed-noncanonical-residue","l-peptide linking","wwPDB CCD将该化学组分定义为l-peptide linking单体；结构身份和聚合物连接角色明确，可归入有CCD定义的非标准氨基酸残基","https://www.rcsb.org/ligand/MYN","2026-09-01"
"N0A","3-fluoro-L-phenylalanine","C9 H10 F N O2","pdb-peptide-occurrence","confirmed-noncanonical-residue","l-peptide linking","wwPDB CCD将该化学组分定义为l-peptide linking单体；结构身份和聚合物连接角色明确，可归入有CCD定义的非标准氨基酸残基","https://www.rcsb.org/ligand/N0A","2026-09-01"
"N10","O-[(HEXYLAMINO)CARBONYL]-L-SERINE","C10 H20 N2 O4","pdb-peptide-occurrence","confirmed-noncanonical-residue","l-peptide linking","wwPDB CCD将该化学组分定义为l-peptide linking单体；结构身份和聚合物连接角色明确，可归入有CCD定义的非标准氨基酸残基","https://www.rcsb.org/ligand/N10","2026-09-01"
"N2C","N,S-DIMETHYLCYSTEINE","C5 H11 N O2 S","pdb-peptide-occurrence","confirmed-noncanonical-residue","l-peptide linking","wwPDB CCD将该化学组分定义为l-peptide linking单体；结构身份和聚合物连接角色明确，可归入有CCD定义的非标准氨基酸残基","https://www.rcsb.org/ligand/N2C","2026-09-01"
"N65","(2~{S})-2-azanyl-6-[(~{E})-pentan-2-ylideneamino]hexanal","C11 H22 N2 O2","pdb-peptide-occurrence","confirmed-noncanonical-residue","l-peptide linking","wwPDB CCD将该化学组分定义为l-peptide linking单体；结构身份和聚合物连接角色明确，可归入有CCD定义的非标准氨基酸残基","https://www.rcsb.org/ligand/N65","2026-09-01"
"N7P","1-ACETYL-L-PROLINE","C7 H11 N O3","pdb-peptide-occurrence","confirmed-noncanonical-residue","l-peptide linking","wwPDB CCD将该化学组分定义为l-peptide linking单体；结构身份和聚合物连接角色明确，可归入有CCD定义的非标准氨基酸残基","https://www.rcsb.org/ligand/N7P","2026-09-01"
"N80","1-ethenyl-L-proline","C7 H11 N O2","pdb-peptide-occurrence","confirmed-noncanonical-residue","l-peptide linking","wwPDB CCD将该化学组分定义为l-peptide linking单体；结构身份和聚合物连接角色明确，可归入有CCD定义的非标准氨基酸残基","https://www.rcsb.org/ligand/N80","2026-09-01"
"N9P","3-pyridin-4-yl-L-alanine","C8 H10 N2 O2","pdb-peptide-occurrence","confirmed-noncanonical-residue","l-peptide linking","wwPDB CCD将该化学组分定义为l-peptide linking单体；结构身份和聚合物连接角色明确，可归入有CCD定义的非标准氨基酸残基","https://www.rcsb.org/ligand/N9P","2026-09-01"
"NA8","(1S)-1-CARBOXY-2-NAPHTHALEN-2-YLETHANAMINIUM","C13 H14 N O2","pdb-peptide-occurrence","confirmed-noncanonical-residue","l-peptide linking","wwPDB CCD将该化学组分定义为l-peptide linking单体；结构身份和聚合物连接角色明确，可归入有CCD定义的非标准氨基酸残基","https://www.rcsb.org/ligand/NA8","2026-09-01"
"NAL","BETA-(2-NAPHTHYL)-ALANINE","C13 H13 N O2","pdb-peptide-occurrence","confirmed-noncanonical-residue","l-peptide linking","wwPDB CCD将该化学组分定义为l-peptide linking单体；结构身份和聚合物连接角色明确，可归入有CCD定义的非标准氨基酸残基","https://www.rcsb.org/ligand/NAL","2026-09-01"
"NHL","(4S)-4-(2-NAPHTHYLMETHYL)-D-GLUTAMIC ACID","C16 H17 N O4","candidate-pending","confirmed-noncanonical-residue","d-peptide linking","wwPDB CCD将该化学组分定义为d-peptide linking单体；结构身份和聚合物连接角色明确，可归入有CCD定义的非标准氨基酸残基","https://www.rcsb.org/ligand/NHL","2026-09-01"
"NIY","META-NITRO-TYROSINE","C9 H10 N2 O5","pdb-peptide-occurrence","confirmed-noncanonical-residue","l-peptide linking","wwPDB CCD将该化学组分定义为l-peptide linking单体；结构身份和聚合物连接角色明确，可归入有CCD定义的非标准氨基酸残基","https://www.rcsb.org/ligand/NIY","2026-09-01"
"NLB","6-(benzyloxy)-L-norleucine","C13 H19 N O3","pdb-peptide-occurrence","confirmed-noncanonical-residue","l-peptide linking","wwPDB CCD将该化学组分定义为l-peptide linking单体；结构身份和聚合物连接角色明确，可归入有CCD定义的非标准氨基酸残基","https://www.rcsb.org/ligand/NLB","2026-09-01"
"NLO","O-METHYL-L-NORLEUCINE","C7 H15 N O2","pdb-peptide-occurrence","confirmed-noncanonical-residue","l-peptide linking","wwPDB CCD将该化学组分定义为l-peptide linking单体；结构身份和聚合物连接角色明确，可归入有CCD定义的非标准氨基酸残基","https://www.rcsb.org/ligand/NLO","2026-09-01"
"NLQ","N~2~-ACETYL-L-GLUTAMINE","C7 H12 N2 O4","candidate-pending","confirmed-noncanonical-residue","l-peptide linking","wwPDB CCD将该化学组分定义为l-peptide linking单体；结构身份和聚合物连接角色明确，可归入有CCD定义的非标准氨基酸残基","https://www.rcsb.org/ligand/NLQ","2026-09-01"
"NLY","N-(4-aminobutyl)glycine","C6 H14 N2 O2","pdb-peptide-occurrence","confirmed-noncanonical-residue","peptide linking","wwPDB CCD将该化学组分定义为peptide linking单体；结构身份和聚合物连接角色明确，可归入有CCD定义的非标准氨基酸残基","https://www.rcsb.org/ligand/NLY","2026-09-01"
"NMM","(2S)-2-amino-5-[(N-methylcarbamimidoyl)amino]pentanoic acid","C7 H16 N4 O2","pdb-peptide-occurrence","confirmed-noncanonical-residue","l-peptide linking","wwPDB CCD将该化学组分定义为l-peptide linking单体；结构身份和聚合物连接角色明确，可归入有CCD定义的非标准氨基酸残基","https://www.rcsb.org/ligand/NMM","2026-09-01"
"NNH","NOR-N-OMEGA-HYDROXY-L-ARGININE","C5 H12 N4 O3","candidate-pending","confirmed-noncanonical-residue","l-peptide linking","wwPDB CCD将该化学组分定义为l-peptide linking单体；结构身份和聚合物连接角色明确，可归入有CCD定义的非标准氨基酸残基","https://www.rcsb.org/ligand/NNH","2026-09-01"
"NOT","6-Azido-L-lysine","C6 H12 N4 O2","candidate-pending","confirmed-noncanonical-residue","l-peptide linking","wwPDB CCD将该化学组分定义为l-peptide linking单体；结构身份和聚合物连接角色明确，可归入有CCD定义的非标准氨基酸残基","https://www.rcsb.org/ligand/NOT","2026-09-01"
"NPI","(2S)-2-aminoheptanedioic acid","C7 H13 N O4","candidate-pending","confirmed-noncanonical-residue","l-peptide linking","wwPDB CCD将该化学组分定义为l-peptide linking单体；结构身份和聚合物连接角色明确，可归入有CCD定义的非标准氨基酸残基","https://www.rcsb.org/ligand/NPI","2026-09-01"
"NRG","N-OMEGA-NITRO-L-ARGININE","C6 H13 N5 O4","pdb-peptide-occurrence","confirmed-noncanonical-residue","l-peptide linking","wwPDB CCD将该化学组分定义为l-peptide linking单体；结构身份和聚合物连接角色明确，可归入有CCD定义的非标准氨基酸残基","https://www.rcsb.org/ligand/NRG","2026-09-01"
"NTR","META-HYDROXY BETA NOR-TYROSINE","C8 H9 N O4","candidate-pending","confirmed-noncanonical-residue","l-peptide linking","wwPDB CCD将该化学组分定义为l-peptide linking单体；结构身份和聚合物连接角色明确，可归入有CCD定义的非标准氨基酸残基","https://www.rcsb.org/ligand/NTR","2026-09-01"
"NVA","NORVALINE","C5 H11 N O2","pdb-peptide-occurrence","confirmed-noncanonical-residue","l-peptide linking","wwPDB CCD将该化学组分定义为l-peptide linking单体；结构身份和聚合物连接角色明确，可归入有CCD定义的非标准氨基酸残基","https://www.rcsb.org/ligand/NVA","2026-09-01"
"NWD","3-(5-nitro-2,4-dioxo-3,4-dihydropyrimidin-1(2H)-yl)-L-alanine","C7 H8 N4 O6","candidate-pending","confirmed-noncanonical-residue","l-peptide linking","wwPDB CCD将该化学组分定义为l-peptide linking单体；结构身份和聚合物连接角色明确，可归入有CCD定义的非标准氨基酸残基","https://www.rcsb.org/ligand/NWD","2026-09-01"
"NYS","S-{5-[(1R)-2-amino-1-hydroxyethyl]-2,3-dihydroxyphenyl}-L-cysteine","C11 H16 N2 O5 S","pdb-peptide-occurrence","confirmed-noncanonical-residue","l-peptide linking","wwPDB CCD将该化学组分定义为l-peptide linking单体；结构身份和聚合物连接角色明确，可归入有CCD定义的非标准氨基酸残基","https://www.rcsb.org/ligand/NYS","2026-09-01"
"O7A","N-methyl-L-allothreonine","C5 H11 N O3","candidate-pending","confirmed-noncanonical-residue","l-peptide linking","wwPDB CCD将该化学组分定义为l-peptide linking单体；结构身份和聚合物连接角色明确，可归入有CCD定义的非标准氨基酸残基","https://www.rcsb.org/ligand/O7A","2026-09-01"
"OAS","O-ACETYLSERINE","C5 H9 N O4","pdb-peptide-occurrence","confirmed-noncanonical-residue","l-peptide linking","wwPDB CCD将该化学组分定义为l-peptide linking单体；结构身份和聚合物连接角色明确，可归入有CCD定义的非标准氨基酸残基","https://www.rcsb.org/ligand/OAS","2026-09-01"
"OBF","(2S)-2-amino-4,4-difluorobutanoic acid","C4 H7 F2 N O2","pdb-peptide-occurrence","confirmed-noncanonical-residue","l-peptide linking","wwPDB CCD将该化学组分定义为l-peptide linking单体；结构身份和聚合物连接角色明确，可归入有CCD定义的非标准氨基酸残基","https://www.rcsb.org/ligand/OBF","2026-09-01"
"OCS","CYSTEINESULFONIC ACID","C3 H7 N O5 S","pdb-peptide-occurrence","confirmed-noncanonical-residue","l-peptide linking","wwPDB CCD将该化学组分定义为l-peptide linking单体；结构身份和聚合物连接角色明确，可归入有CCD定义的非标准氨基酸残基","https://www.rcsb.org/ligand/OCS","2026-09-01"
"OCY","HYDROXYETHYLCYSTEINE","C5 H11 N O3 S","pdb-peptide-occurrence","confirmed-noncanonical-residue","l-peptide linking","wwPDB CCD将该化学组分定义为l-peptide linking单体；结构身份和聚合物连接角色明确，可归入有CCD定义的非标准氨基酸残基","https://www.rcsb.org/ligand/OCY","2026-09-01"
"OEM","N-methyl-D-aspartic acid","C5 H9 N O4","pdb-peptide-occurrence","confirmed-noncanonical-residue","d-peptide linking","wwPDB CCD将该化学组分定义为d-peptide linking单体；结构身份和聚合物连接角色明确，可归入有CCD定义的非标准氨基酸残基","https://www.rcsb.org/ligand/OEM","2026-09-01"
"OHI","3-(2-OXO-2H-IMIDAZOL-4-YL)-L-ALANINE","C6 H7 N3 O3","pdb-peptide-occurrence","confirmed-noncanonical-residue","l-peptide linking","wwPDB CCD将该化学组分定义为l-peptide linking单体；结构身份和聚合物连接角色明确，可归入有CCD定义的非标准氨基酸残基","https://www.rcsb.org/ligand/OHI","2026-09-01"
"OHS","O-(CARBOXYSULFANYL)-4-OXO-L-HOMOSERINE","C5 H7 N O6 S","pdb-peptide-occurrence","confirmed-noncanonical-residue","l-peptide linking","wwPDB CCD将该化学组分定义为l-peptide linking单体；结构身份和聚合物连接角色明确，可归入有CCD定义的非标准氨基酸残基","https://www.rcsb.org/ligand/OHS","2026-09-01"
"OIB","hydroxylated gamma-amino valeroyl moiety","C6 H13 N O5","pdb-peptide-occurrence","confirmed-noncanonical-residue","l-beta-peptide, c-gamma linking","wwPDB CCD将该化学组分定义为l-beta-peptide, c-gamma linking单体；结构身份和聚合物连接角色明确，可归入有CCD定义的非标准氨基酸残基","https://www.rcsb.org/ligand/OIB","2026-09-01"
"OJY","5-[5-(hydroxymethyl)-1H-imidazol-2-yl]-L-norvaline","C9 H15 N3 O3","candidate-pending","confirmed-noncanonical-residue","l-peptide linking","wwPDB CCD将该化学组分定义为l-peptide linking单体；结构身份和聚合物连接角色明确，可归入有CCD定义的非标准氨基酸残基","https://www.rcsb.org/ligand/OJY","2026-09-01"
"OLT","O-METHYL-L-THREONINE","C5 H11 N O3","pdb-peptide-occurrence","confirmed-noncanonical-residue","l-peptide linking","wwPDB CCD将该化学组分定义为l-peptide linking单体；结构身份和聚合物连接角色明确，可归入有CCD定义的非标准氨基酸残基","https://www.rcsb.org/ligand/OLT","2026-09-01"
"OLZ","O-(2-aminoethyl)-L-serine","C5 H12 N2 O3","candidate-pending","confirmed-noncanonical-residue","l-peptide linking","wwPDB CCD将该化学组分定义为l-peptide linking单体；结构身份和聚合物连接角色明确，可归入有CCD定义的非标准氨基酸残基","https://www.rcsb.org/ligand/OLZ","2026-09-01"
"OMT","S-DIOXYMETHIONINE","C5 H11 N O4 S","pdb-peptide-occurrence","confirmed-noncanonical-residue","l-peptide linking","wwPDB CCD将该化学组分定义为l-peptide linking单体；结构身份和聚合物连接角色明确，可归入有CCD定义的非标准氨基酸残基","https://www.rcsb.org/ligand/OMT","2026-09-01"
"ONH","N~5~-hydroxy-L-ornithine","C5 H12 N2 O3","candidate-pending","confirmed-noncanonical-residue","l-peptide linking","wwPDB CCD将该化学组分定义为l-peptide linking单体；结构身份和聚合物连接角色明确，可归入有CCD定义的非标准氨基酸残基","https://www.rcsb.org/ligand/ONH","2026-09-01"
"ONL","5-OXO-L-NORLEUCINE","C6 H11 N O3","pdb-peptide-occurrence","confirmed-noncanonical-residue","l-peptide linking","wwPDB CCD将该化学组分定义为l-peptide linking单体；结构身份和聚合物连接角色明确，可归入有CCD定义的非标准氨基酸残基","https://www.rcsb.org/ligand/ONL","2026-09-01"
"ORN","L-ornithine","C5 H12 N2 O2","pdb-peptide-occurrence","confirmed-noncanonical-residue","l-peptide linking","wwPDB CCD将该化学组分定义为l-peptide linking单体；结构身份和聚合物连接角色明确，可归入有CCD定义的非标准氨基酸残基","https://www.rcsb.org/ligand/ORN","2026-09-01"
"ORQ","N~5~-ACETYL-L-ORNITHINE","C7 H14 N2 O3","pdb-peptide-occurrence","confirmed-noncanonical-residue","l-peptide linking","wwPDB CCD将该化学组分定义为l-peptide linking单体；结构身份和聚合物连接角色明确，可归入有CCD定义的非标准氨基酸残基","https://www.rcsb.org/ligand/ORQ","2026-09-01"
"OSE","O-SULFO-L-SERINE","C3 H7 N O6 S","pdb-peptide-occurrence","confirmed-noncanonical-residue","l-peptide linking","wwPDB CCD将该化学组分定义为l-peptide linking单体；结构身份和聚合物连接角色明确，可归入有CCD定义的非标准氨基酸残基","https://www.rcsb.org/ligand/OSE","2026-09-01"
"OTH","N,O-dimethyl-L-threonine","C6 H13 N O3","pdb-peptide-occurrence","confirmed-noncanonical-residue","l-peptide linking","wwPDB CCD将该化学组分定义为l-peptide linking单体；结构身份和聚合物连接角色明确，可归入有CCD定义的非标准氨基酸残基","https://www.rcsb.org/ligand/OTH","2026-09-01"
"OTY","2-hydroxy-L-tyrosine","C9 H11 N O4","pdb-peptide-occurrence","confirmed-noncanonical-residue","l-peptide linking","wwPDB CCD将该化学组分定义为l-peptide linking单体；结构身份和聚合物连接角色明确，可归入有CCD定义的非标准氨基酸残基","https://www.rcsb.org/ligand/OTY","2026-09-01"
"OTZ","2-[2-(aminomethyl)-1,3-oxazol-4-yl]-1,3-thiazole-4-carboxylic acid","C8 H7 N3 O3 S","pdb-peptide-occurrence","confirmed-noncanonical-residue","peptide linking","wwPDB CCD将该化学组分定义为peptide linking单体；结构身份和聚合物连接角色明确，可归入有CCD定义的非标准氨基酸残基","https://www.rcsb.org/ligand/OTZ","2026-09-01"
"OV7","(2R)-amino[(carboxymethyl)sulfanyl]acetic acid","C4 H7 N O4 S","pdb-peptide-occurrence","confirmed-noncanonical-residue","d-peptide linking","wwPDB CCD将该化学组分定义为d-peptide linking单体；结构身份和聚合物连接角色明确，可归入有CCD定义的非标准氨基酸残基","https://www.rcsb.org/ligand/OV7","2026-09-01"
"OWF","(3S)-3-hydroxy-D-asparagine","C4 H8 N2 O4","pdb-peptide-occurrence","confirmed-noncanonical-residue","d-peptide linking","wwPDB CCD将该化学组分定义为d-peptide linking单体；结构身份和聚合物连接角色明确，可归入有CCD定义的非标准氨基酸残基","https://www.rcsb.org/ligand/OWF","2026-09-01"
"OYL","1-ethyl-L-histidine","C8 H13 N3 O2","pdb-peptide-occurrence","confirmed-noncanonical-residue","l-peptide linking","wwPDB CCD将该化学组分定义为l-peptide linking单体；结构身份和聚合物连接角色明确，可归入有CCD定义的非标准氨基酸残基","https://www.rcsb.org/ligand/OYL","2026-09-01"
"OZW","phenylhydrazinyl phenylalanine","C15 H17 N3 O2","pdb-peptide-occurrence","confirmed-noncanonical-residue","l-peptide linking","wwPDB CCD将该化学组分定义为l-peptide linking单体；结构身份和聚合物连接角色明确，可归入有CCD定义的非标准氨基酸残基","https://www.rcsb.org/ligand/OZW","2026-09-01"
"P0A","(2R)-2-aminoheptanedioic acid","C7 H13 N O4","candidate-pending","confirmed-noncanonical-residue","d-peptide linking","wwPDB CCD将该化学组分定义为d-peptide linking单体；结构身份和聚合物连接角色明确，可归入有CCD定义的非标准氨基酸残基","https://www.rcsb.org/ligand/P0A","2026-09-01"
"P4E","(2S,4E)-2-amino-5-phenylpent-4-enoic acid","C11 H13 N O2","pdb-peptide-occurrence","confirmed-noncanonical-residue","l-peptide linking","wwPDB CCD将该化学组分定义为l-peptide linking单体；结构身份和聚合物连接角色明确，可归入有CCD定义的非标准氨基酸残基","https://www.rcsb.org/ligand/P4E","2026-09-01"
"P9S","dihydroxypropylcysteine","C6 H13 N O4 S","pdb-peptide-occurrence","confirmed-noncanonical-residue","l-peptide linking","wwPDB CCD将该化学组分定义为l-peptide linking单体；结构身份和聚合物连接角色明确，可归入有CCD定义的非标准氨基酸残基","https://www.rcsb.org/ligand/P9S","2026-09-01"
"PBB","S-(4-BROMOBENZYL)CYSTEINE","C10 H12 Br N O2 S","candidate-pending","confirmed-noncanonical-residue","l-peptide linking","wwPDB CCD将该化学组分定义为l-peptide linking单体；结构身份和聚合物连接角色明确，可归入有CCD定义的非标准氨基酸残基","https://www.rcsb.org/ligand/PBB","2026-09-01"
"PBF","PARA-(BENZOYL)-PHENYLALANINE","C16 H15 N O3","pdb-peptide-occurrence","confirmed-noncanonical-residue","l-peptide linking","wwPDB CCD将该化学组分定义为l-peptide linking单体；结构身份和聚合物连接角色明确，可归入有CCD定义的非标准氨基酸残基","https://www.rcsb.org/ligand/PBF","2026-09-01"
"PCA","PYROGLUTAMIC ACID","C5 H7 N O3","pdb-peptide-occurrence","confirmed-noncanonical-residue","l-peptide linking","wwPDB CCD将该化学组分定义为l-peptide linking单体；结构身份和聚合物连接角色明确，可归入有CCD定义的非标准氨基酸残基","https://www.rcsb.org/ligand/PCA","2026-09-01"
"PCE","2-(3-AMINO-4-CYCLOHEXYL-2-HYDROXY-BUTYL)-PENT-4-YNOIC ACID","C15 H25 N O3","candidate-pending","confirmed-noncanonical-residue","l-peptide linking","wwPDB CCD将该化学组分定义为l-peptide linking单体；结构身份和聚合物连接角色明确，可归入有CCD定义的非标准氨基酸残基","https://www.rcsb.org/ligand/PCE","2026-09-01"
"PEC","S,S-PENTYLTHIOCYSTEINE","C8 H17 N O2 S2","pdb-peptide-occurrence","confirmed-noncanonical-residue","l-peptide linking","wwPDB CCD将该化学组分定义为l-peptide linking单体；结构身份和聚合物连接角色明确，可归入有CCD定义的非标准氨基酸残基","https://www.rcsb.org/ligand/PEC","2026-09-01"
"PF5","2,3,4,5,6-PENTAFLUORO-L-PHENYLALANINE","C9 H6 F5 N O2","pdb-peptide-occurrence","confirmed-noncanonical-residue","l-peptide linking","wwPDB CCD将该化学组分定义为l-peptide linking单体；结构身份和聚合物连接角色明确，可归入有CCD定义的非标准氨基酸残基","https://www.rcsb.org/ligand/PF5","2026-09-01"
"PFF","4-FLUORO-L-PHENYLALANINE","C9 H10 F N O2","pdb-peptide-occurrence","confirmed-noncanonical-residue","l-peptide linking","wwPDB CCD将该化学组分定义为l-peptide linking单体；结构身份和聚合物连接角色明确，可归入有CCD定义的非标准氨基酸残基","https://www.rcsb.org/ligand/PFF","2026-09-01"
"PG9","D-PHENYLGLYCINE","C8 H9 N O2","pdb-peptide-occurrence","confirmed-noncanonical-residue","d-peptide linking","wwPDB CCD将该化学组分定义为d-peptide linking单体；结构身份和聚合物连接角色明确，可归入有CCD定义的非标准氨基酸残基","https://www.rcsb.org/ligand/PG9","2026-09-01"
"PH8","5-phenyl-L-norvaline","C11 H15 N O2","pdb-peptide-occurrence","confirmed-noncanonical-residue","l-peptide linking","wwPDB CCD将该化学组分定义为l-peptide linking单体；结构身份和聚合物连接角色明确，可归入有CCD定义的非标准氨基酸残基","https://www.rcsb.org/ligand/PH8","2026-09-01"
"PHI","IODO-PHENYLALANINE","C9 H10 I N O2","pdb-peptide-occurrence","confirmed-noncanonical-residue","l-peptide linking","wwPDB CCD将该化学组分定义为l-peptide linking单体；结构身份和聚合物连接角色明确，可归入有CCD定义的非标准氨基酸残基","https://www.rcsb.org/ligand/PHI","2026-09-01"
"PIA","[(4Z)-2-[(1S)-1-aminoethyl]-4-(4-hydroxybenzylidene)-5-oxo-4,5-dihydro-1H-imidazol-1-yl]acetic acid","C14 H15 N3 O4","pdb-peptide-occurrence","confirmed-noncanonical-residue","l-peptide linking","wwPDB CCD将该化学组分定义为l-peptide linking单体；结构身份和聚合物连接角色明确，可归入有CCD定义的非标准氨基酸残基","https://www.rcsb.org/ligand/PIA","2026-09-01"
"PIV","PIVALIC ACID","C5 H10 O2","pdb-peptide-occurrence","confirmed-noncanonical-residue","l-peptide linking","wwPDB CCD将该化学组分定义为l-peptide linking单体；结构身份和聚合物连接角色明确，可归入有CCD定义的非标准氨基酸残基","https://www.rcsb.org/ligand/PIV","2026-09-01"
"POK","2-[[~{N}-[(4~{S})-4-azanyl-5-oxidanylidene-pentyl]carbamimidoyl]amino]ethanoic acid","C8 H16 N4 O4","pdb-peptide-occurrence","confirmed-noncanonical-residue","l-peptide linking","wwPDB CCD将该化学组分定义为l-peptide linking单体；结构身份和聚合物连接角色明确，可归入有CCD定义的非标准氨基酸残基","https://www.rcsb.org/ligand/POK","2026-09-01"
"PPN","PARA-NITROPHENYLALANINE","C9 H10 N2 O4","pdb-peptide-occurrence","confirmed-noncanonical-residue","l-peptide linking","wwPDB CCD将该化学组分定义为l-peptide linking单体；结构身份和聚合物连接角色明确，可归入有CCD定义的非标准氨基酸残基","https://www.rcsb.org/ligand/PPN","2026-09-01"
"PQ4","(2Z)-2-amino-3-(4-hydroxyphenyl)prop-2-enoic acid","C9 H9 N O3","pdb-peptide-occurrence","confirmed-noncanonical-residue","peptide linking","wwPDB CCD将该化学组分定义为peptide linking单体；结构身份和聚合物连接角色明确，可归入有CCD定义的非标准氨基酸残基","https://www.rcsb.org/ligand/PQ4","2026-09-01"
"PQG","cis-1-amino-4-phenylcyclohexane-1-carboxylic acid","C13 H17 N O2","pdb-peptide-occurrence","confirmed-noncanonical-residue","peptide linking","wwPDB CCD将该化学组分定义为peptide linking单体；结构身份和聚合物连接角色明确，可归入有CCD定义的非标准氨基酸残基","https://www.rcsb.org/ligand/PQG","2026-09-01"
"PR4","1-[(2R)-2-carboxy-2-hydroxyethyl]-L-proline","C8 H13 N O5","pdb-peptide-occurrence","confirmed-noncanonical-residue","l-peptide linking","wwPDB CCD将该化学组分定义为l-peptide linking单体；结构身份和聚合物连接角色明确，可归入有CCD定义的非标准氨基酸残基","https://www.rcsb.org/ligand/PR4","2026-09-01"
"PR7","1-[(2S)-2-carboxy-2-hydroxyethyl]-L-proline","C8 H13 N O5","pdb-peptide-occurrence","confirmed-noncanonical-residue","l-peptide linking","wwPDB CCD将该化学组分定义为l-peptide linking单体；结构身份和聚合物连接角色明确，可归入有CCD定义的非标准氨基酸残基","https://www.rcsb.org/ligand/PR7","2026-09-01"
"PRJ","(2S,3aS,6R,7aS)-6-hydroxyoctahydro-1H-indole-2-carboxylic acid","C9 H15 N O3","pdb-peptide-occurrence","confirmed-noncanonical-residue","l-peptide linking","wwPDB CCD将该化学组分定义为l-peptide linking单体；结构身份和聚合物连接角色明确，可归入有CCD定义的非标准氨基酸残基","https://www.rcsb.org/ligand/PRJ","2026-09-01"
"PRK","N~6~-propanoyl-L-lysine","C9 H18 N2 O3","pdb-peptide-occurrence","confirmed-noncanonical-residue","l-peptide linking","wwPDB CCD将该化学组分定义为l-peptide linking单体；结构身份和聚合物连接角色明确，可归入有CCD定义的非标准氨基酸残基","https://www.rcsb.org/ligand/PRK","2026-09-01"
"PRQ","(3S)-3-amino-3-(2-nitrophenyl)propanoic acid","C9 H10 N2 O4","pdb-peptide-occurrence","confirmed-noncanonical-residue","l-peptide linking","wwPDB CCD将该化学组分定义为l-peptide linking单体；结构身份和聚合物连接角色明确，可归入有CCD定义的非标准氨基酸残基","https://www.rcsb.org/ligand/PRQ","2026-09-01"
"PRR","3-(METHYL-PYRIDINIUM)ALANINE","C9 H13 N2 O2","pdb-peptide-occurrence","confirmed-noncanonical-residue","l-peptide linking","wwPDB CCD将该化学组分定义为l-peptide linking单体；结构身份和聚合物连接角色明确，可归入有CCD定义的非标准氨基酸残基","https://www.rcsb.org/ligand/PRR","2026-09-01"
"PRS","THIOPROLINE","C4 H7 N O2 S","pdb-peptide-occurrence","confirmed-noncanonical-residue","l-peptide linking","wwPDB CCD将该化学组分定义为l-peptide linking单体；结构身份和聚合物连接角色明确，可归入有CCD定义的非标准氨基酸残基","https://www.rcsb.org/ligand/PRS","2026-09-01"
"PRV","(2R)-amino(2-nitrophenyl)ethanoic acid","C8 H8 N2 O4","pdb-peptide-occurrence","confirmed-noncanonical-residue","l-peptide linking","wwPDB CCD将该化学组分定义为l-peptide linking单体；结构身份和聚合物连接角色明确，可归入有CCD定义的非标准氨基酸残基","https://www.rcsb.org/ligand/PRV","2026-09-01"
"PSW","3-(SULFANYLSELANYL)-L-ALANINE","C3 H7 N O2 S Se","pdb-peptide-occurrence","confirmed-noncanonical-residue","l-peptide linking","wwPDB CCD将该化学组分定义为l-peptide linking单体；结构身份和聚合物连接角色明确，可归入有CCD定义的非标准氨基酸残基","https://www.rcsb.org/ligand/PSW","2026-09-01"
"PVO","2,2-bis(oxidanyl)propanoic acid","C3 H6 O4","pdb-peptide-occurrence","confirmed-noncanonical-residue","l-peptide linking","wwPDB CCD将该化学组分定义为l-peptide linking单体；结构身份和聚合物连接角色明确，可归入有CCD定义的非标准氨基酸残基","https://www.rcsb.org/ligand/PVO","2026-09-01"
"PXU","2-hydroxy-L-proline","C5 H9 N O3","pdb-peptide-occurrence","confirmed-noncanonical-residue","l-peptide linking","wwPDB CCD将该化学组分定义为l-peptide linking单体；结构身份和聚合物连接角色明确，可归入有CCD定义的非标准氨基酸残基","https://www.rcsb.org/ligand/PXU","2026-09-01"
"PYA","3-(1,10-PHENANTHROL-2-YL)-L-ALANINE","C15 H13 N3 O2","pdb-peptide-occurrence","confirmed-noncanonical-residue","l-peptide linking","wwPDB CCD将该化学组分定义为l-peptide linking单体；结构身份和聚合物连接角色明确，可归入有CCD定义的非标准氨基酸残基","https://www.rcsb.org/ligand/PYA","2026-09-01"
"Q2K","2-[2-(3-methylsulfanylpropanimidoyl)-4,5-bis(oxidanylidene)imidazol-1-yl]ethanoic acid","C9 H11 N3 O4 S","pdb-peptide-occurrence","confirmed-noncanonical-residue","l-peptide linking","wwPDB CCD将该化学组分定义为l-peptide linking单体；结构身份和聚合物连接角色明确，可归入有CCD定义的非标准氨基酸残基","https://www.rcsb.org/ligand/Q2K","2026-09-01"
"Q3P","N~6~-glycyl-L-lysine","C8 H17 N3 O3","pdb-peptide-occurrence","confirmed-noncanonical-residue","l-peptide linking","wwPDB CCD将该化学组分定义为l-peptide linking单体；结构身份和聚合物连接角色明确，可归入有CCD定义的非标准氨基酸残基","https://www.rcsb.org/ligand/Q3P","2026-09-01"
"Q3S","(2R,3S)-2,3-diaminobutanoic acid","C4 H10 N2 O2","pdb-peptide-occurrence","confirmed-noncanonical-residue","l-peptide linking","wwPDB CCD将该化学组分定义为l-peptide linking单体；结构身份和聚合物连接角色明确，可归入有CCD定义的非标准氨基酸残基","https://www.rcsb.org/ligand/Q3S","2026-09-01"
"Q75","Thiazole-histidine","C6 H8 N2 O2 S","pdb-peptide-occurrence","confirmed-noncanonical-residue","l-peptide linking","wwPDB CCD将该化学组分定义为l-peptide linking单体；结构身份和聚合物连接角色明确，可归入有CCD定义的非标准氨基酸残基","https://www.rcsb.org/ligand/Q75","2026-09-01"
"Q78","L-3-Thienylalanine","C7 H9 N O2 S","pdb-peptide-occurrence","confirmed-noncanonical-residue","l-peptide linking","wwPDB CCD将该化学组分定义为l-peptide linking单体；结构身份和聚合物连接角色明确，可归入有CCD定义的非标准氨基酸残基","https://www.rcsb.org/ligand/Q78","2026-09-01"
"QAC","N-[4-(hydroxymethyl)benzoyl]-beta-alanine","C11 H13 N O4","pdb-peptide-occurrence","confirmed-noncanonical-residue","l-peptide linking","wwPDB CCD将该化学组分定义为l-peptide linking单体；结构身份和聚合物连接角色明确，可归入有CCD定义的非标准氨基酸残基","https://www.rcsb.org/ligand/QAC","2026-09-01"
"QCS","S-carbamoyl-L-cysteine","C4 H8 N2 O3 S","pdb-peptide-occurrence","confirmed-noncanonical-residue","l-peptide linking","wwPDB CCD将该化学组分定义为l-peptide linking单体；结构身份和聚合物连接角色明确，可归入有CCD定义的非标准氨基酸残基","https://www.rcsb.org/ligand/QCS","2026-09-01"
"QDD","2-(8-azanyl-2-methanoyl-quinolin-4-yl)ethanoic acid","C12 H10 N2 O4","pdb-peptide-occurrence","confirmed-noncanonical-residue","l-peptide linking","wwPDB CCD将该化学组分定义为l-peptide linking单体；结构身份和聚合物连接角色明确，可归入有CCD定义的非标准氨基酸残基","https://www.rcsb.org/ligand/QDD","2026-09-01"
"QDS","N-(quinoxalin-2-ylcarbonyl)-D-serine","C12 H11 N3 O4","candidate-pending","confirmed-noncanonical-residue","d-peptide linking","wwPDB CCD将该化学组分定义为d-peptide linking单体；结构身份和聚合物连接角色明确，可归入有CCD定义的非标准氨基酸残基","https://www.rcsb.org/ligand/QDS","2026-09-01"
"QLG","[(4Z)-2-[(1Z)-4-AMINO-4-OXOBUTANIMIDOYL]-4-(2-METHYLPROPYLIDENE)-5-OXO-4,5-DIHYDRO-1H-IMIDAZOL-1-YL]ACETIC ACID","C13 H18 N4 O4","pdb-peptide-occurrence","confirmed-noncanonical-residue","l-peptide linking","wwPDB CCD将该化学组分定义为l-peptide linking单体；结构身份和聚合物连接角色明确，可归入有CCD定义的非标准氨基酸残基","https://www.rcsb.org/ligand/QLG","2026-09-01"
"QM8","6-Sulfanyl-L-norleucine","C6 H13 N O2 S","pdb-peptide-occurrence","confirmed-noncanonical-residue","l-peptide linking","wwPDB CCD将该化学组分定义为l-peptide linking单体；结构身份和聚合物连接角色明确，可归入有CCD定义的非标准氨基酸残基","https://www.rcsb.org/ligand/QM8","2026-09-01"
"QMB","5-Mercapto-norvaline","C5 H11 N O2 S","pdb-peptide-occurrence","confirmed-noncanonical-residue","l-peptide linking","wwPDB CCD将该化学组分定义为l-peptide linking单体；结构身份和聚合物连接角色明确，可归入有CCD定义的非标准氨基酸残基","https://www.rcsb.org/ligand/QMB","2026-09-01"
"QMM","N,N-dimethyl-L-glutamine","C7 H14 N2 O3","pdb-peptide-occurrence","confirmed-noncanonical-residue","l-peptide linking","wwPDB CCD将该化学组分定义为l-peptide linking单体；结构身份和聚合物连接角色明确，可归入有CCD定义的非标准氨基酸残基","https://www.rcsb.org/ligand/QMM","2026-09-01"
"QNQ","4-methylcatechol cysteine","C10 H13 N O4 S","pdb-peptide-occurrence","confirmed-noncanonical-residue","l-peptide linking","wwPDB CCD将该化学组分定义为l-peptide linking单体；结构身份和聚合物连接角色明确，可归入有CCD定义的非标准氨基酸残基","https://www.rcsb.org/ligand/QNQ","2026-09-01"
"QNT","3,6-dimethylcatechol cysteine","C11 H15 N O4 S","pdb-peptide-occurrence","confirmed-noncanonical-residue","l-peptide linking","wwPDB CCD将该化学组分定义为l-peptide linking单体；结构身份和聚合物连接角色明确，可归入有CCD定义的非标准氨基酸残基","https://www.rcsb.org/ligand/QNT","2026-09-01"
"QNW","3-methylcatechol cysteine","C10 H13 N O4 S","pdb-peptide-occurrence","confirmed-noncanonical-residue","l-peptide linking","wwPDB CCD将该化学组分定义为l-peptide linking单体；结构身份和聚合物连接角色明确，可归入有CCD定义的非标准氨基酸残基","https://www.rcsb.org/ligand/QNW","2026-09-01"
"QO2","4,5-dimethylcatechol cysteine","C11 H15 N O4 S","pdb-peptide-occurrence","confirmed-noncanonical-residue","l-peptide linking","wwPDB CCD将该化学组分定义为l-peptide linking单体；结构身份和聚合物连接角色明确，可归入有CCD定义的非标准氨基酸残基","https://www.rcsb.org/ligand/QO2","2026-09-01"
"QO5","3,5-dimethylcatechol cysteine","C11 H15 N O4 S","pdb-peptide-occurrence","confirmed-noncanonical-residue","l-peptide linking","wwPDB CCD将该化学组分定义为l-peptide linking单体；结构身份和聚合物连接角色明确，可归入有CCD定义的非标准氨基酸残基","https://www.rcsb.org/ligand/QO5","2026-09-01"
"QOL","8-azanyl-4-[2-(hydroxymethyl)-3-oxidanyl-propoxy]quinoline-2-carbaldehyde","C14 H16 N2 O5","pdb-peptide-occurrence","confirmed-noncanonical-residue","l-peptide linking","wwPDB CCD将该化学组分定义为l-peptide linking单体；结构身份和聚合物连接角色明确，可归入有CCD定义的非标准氨基酸残基","https://www.rcsb.org/ligand/QOL","2026-09-01"
"QQ8","(4~{S})-4-azanyl-5-formamido-pentanamide","C6 H13 N3 O3","pdb-peptide-occurrence","confirmed-noncanonical-residue","l-peptide linking","wwPDB CCD将该化学组分定义为l-peptide linking单体；结构身份和聚合物连接角色明确，可归入有CCD定义的非标准氨基酸残基","https://www.rcsb.org/ligand/QQ8","2026-09-01"
"QQB","~{N}-[(2~{S})-2-azanyl-3-naphthalen-1-yl-propyl]methanamide","C14 H16 N2 O2","pdb-peptide-occurrence","confirmed-noncanonical-residue","l-peptide linking","wwPDB CCD将该化学组分定义为l-peptide linking单体；结构身份和聚合物连接角色明确，可归入有CCD定义的非标准氨基酸残基","https://www.rcsb.org/ligand/QQB","2026-09-01"
"QUJ","8-azanyl-4-(2-methylpropoxy)quinoline-2-carboxylic acid","C14 H16 N2 O3","pdb-peptide-occurrence","confirmed-noncanonical-residue","l-peptide linking","wwPDB CCD将该化学组分定义为l-peptide linking单体；结构身份和聚合物连接角色明确，可归入有CCD定义的非标准氨基酸残基","https://www.rcsb.org/ligand/QUJ","2026-09-01"
"QUK","8-azanyl-4-(3-azanylpropoxy)quinoline-2-carboxylic acid","C13 H15 N3 O3","pdb-peptide-occurrence","confirmed-noncanonical-residue","l-peptide linking","wwPDB CCD将该化学组分定义为l-peptide linking单体；结构身份和聚合物连接角色明确，可归入有CCD定义的非标准氨基酸残基","https://www.rcsb.org/ligand/QUK","2026-09-01"
"QVE","8-azanyl-4-(2-hydroxy-2-oxoethyloxy)quinoline-2-carboxylic acid","C12 H10 N2 O5","pdb-peptide-occurrence","confirmed-noncanonical-residue","l-peptide linking","wwPDB CCD将该化学组分定义为l-peptide linking单体；结构身份和聚合物连接角色明确，可归入有CCD定义的非标准氨基酸残基","https://www.rcsb.org/ligand/QVE","2026-09-01"
"QVS","8-azanyl-4-oxidanyl-quinoline-2-carboxylic acid","C10 H8 N2 O3","pdb-peptide-occurrence","confirmed-noncanonical-residue","l-peptide linking","wwPDB CCD将该化学组分定义为l-peptide linking单体；结构身份和聚合物连接角色明确，可归入有CCD定义的非标准氨基酸残基","https://www.rcsb.org/ligand/QVS","2026-09-01"
"R0E","ProM-17","C14 H22 N2 O3","candidate-pending","confirmed-noncanonical-residue","l-peptide linking","wwPDB CCD将该化学组分定义为l-peptide linking单体；结构身份和聚合物连接角色明确，可归入有CCD定义的非标准氨基酸残基","https://www.rcsb.org/ligand/R0E","2026-09-01"
"R2P","(2R)-2-amino-3-(4-hydroxy-1,2,5-thiadiazol-3-yl)propanoic acid","C5 H7 N3 O3 S","candidate-pending","confirmed-noncanonical-residue","d-peptide linking","wwPDB CCD将该化学组分定义为d-peptide linking单体；结构身份和聚合物连接角色明确，可归入有CCD定义的非标准氨基酸残基","https://www.rcsb.org/ligand/R2P","2026-09-01"
"R2T","beta,gamma-dihydroxyglutamine","C5 H10 N2 O5","pdb-peptide-occurrence","confirmed-noncanonical-residue","l-peptide linking","wwPDB CCD将该化学组分定义为l-peptide linking单体；结构身份和聚合物连接角色明确，可归入有CCD定义的非标准氨基酸残基","https://www.rcsb.org/ligand/R2T","2026-09-01"
"R4K","(2S,3R)-2-azanyl-3-hydroxy-3-[(3S)-3-hydroxy-2-oxo-1H-indol-3-yl]propanoic acid","C11 H12 N2 O5","pdb-peptide-occurrence","confirmed-noncanonical-residue","l-peptide linking","wwPDB CCD将该化学组分定义为l-peptide linking单体；结构身份和聚合物连接角色明确，可归入有CCD定义的非标准氨基酸残基","https://www.rcsb.org/ligand/R4K","2026-09-01"
"RE0","3-[(3R)-3-hydroxy-2-oxo-2,3-dihydro-1H-indol-3-yl]-L-alanine","C11 H12 N2 O4","pdb-peptide-occurrence","confirmed-noncanonical-residue","l-peptide linking","wwPDB CCD将该化学组分定义为l-peptide linking单体；结构身份和聚合物连接角色明确，可归入有CCD定义的非标准氨基酸残基","https://www.rcsb.org/ligand/RE0","2026-09-01"
"RE3","3-[(3S)-3-hydroxy-2-oxo-2,3-dihydro-1H-indol-3-yl]-L-alanine","C11 H12 N2 O4","pdb-peptide-occurrence","confirmed-noncanonical-residue","l-peptide linking","wwPDB CCD将该化学组分定义为l-peptide linking单体；结构身份和聚合物连接角色明确，可归入有CCD定义的非标准氨基酸残基","https://www.rcsb.org/ligand/RE3","2026-09-01"
"RF9","N~6~-[(1R)-1-carboxyethyl]-L-lysine","C9 H18 N2 O4","pdb-peptide-occurrence","confirmed-noncanonical-residue","l-peptide linking","wwPDB CCD将该化学组分定义为l-peptide linking单体；结构身份和聚合物连接角色明确，可归入有CCD定义的非标准氨基酸残基","https://www.rcsb.org/ligand/RF9","2026-09-01"
"RT0","(2S,4S)-4-[4-(4-fluorophenyl)-1,2,3-triazol-1-yl]pyrrolidine-2-carboxylic acid","C13 H13 F N4 O2","candidate-pending","confirmed-noncanonical-residue","l-peptide linking","wwPDB CCD将该化学组分定义为l-peptide linking单体；结构身份和聚合物连接角色明确，可归入有CCD定义的非标准氨基酸残基","https://www.rcsb.org/ligand/RT0","2026-09-01"
"RVJ","3-triazan-1-yl-L-alanine","C3 H10 N4 O2","pdb-peptide-occurrence","confirmed-noncanonical-residue","l-peptide linking","wwPDB CCD将该化学组分定义为l-peptide linking单体；结构身份和聚合物连接角色明确，可归入有CCD定义的非标准氨基酸残基","https://www.rcsb.org/ligand/RVJ","2026-09-01"
"RX9","Dehydroisoleucine","C6 H11 N O2","pdb-peptide-occurrence","confirmed-noncanonical-residue","l-peptide linking","wwPDB CCD将该化学组分定义为l-peptide linking单体；结构身份和聚合物连接角色明确，可归入有CCD定义的非标准氨基酸残基","https://www.rcsb.org/ligand/RX9","2026-09-01"
"RXL","Dehydrovaline","C5 H9 N O2","pdb-peptide-occurrence","confirmed-noncanonical-residue","l-peptide linking","wwPDB CCD将该化学组分定义为l-peptide linking单体；结构身份和聚合物连接角色明确，可归入有CCD定义的非标准氨基酸残基","https://www.rcsb.org/ligand/RXL","2026-09-01"
"RZ4","O-tert-butyl-L-serine","C7 H15 N O3","candidate-pending","confirmed-noncanonical-residue","l-peptide linking","wwPDB CCD将该化学组分定义为l-peptide linking单体；结构身份和聚合物连接角色明确，可归入有CCD定义的非标准氨基酸残基","https://www.rcsb.org/ligand/RZ4","2026-09-01"
"S0R","(2S)-2-benzamido-4-methyl-pentanoic acid","C13 H17 N O3","pdb-peptide-occurrence","confirmed-noncanonical-residue","l-peptide linking","wwPDB CCD将该化学组分定义为l-peptide linking单体；结构身份和聚合物连接角色明确，可归入有CCD定义的非标准氨基酸残基","https://www.rcsb.org/ligand/S0R","2026-09-01"
"S2C","S-2-(BORONOETHYL)-L-CYSTEINE","C5 H13 B N O5 S","candidate-pending","confirmed-noncanonical-residue","l-peptide linking","wwPDB CCD将该化学组分定义为l-peptide linking单体；结构身份和聚合物连接角色明确，可归入有CCD定义的非标准氨基酸残基","https://www.rcsb.org/ligand/S2C","2026-09-01"
"S2D","N-BENZOYL-D-ALANINE","C10 H11 N O3","candidate-pending","confirmed-noncanonical-residue","d-peptide linking","wwPDB CCD将该化学组分定义为d-peptide linking单体；结构身份和聚合物连接角色明确，可归入有CCD定义的非标准氨基酸残基","https://www.rcsb.org/ligand/S2D","2026-09-01"
"S2P","(2S)-2-amino-3-(4-hydroxy-1,2,5-thiadiazol-3-yl)propanoic acid","C5 H7 N3 O3 S","candidate-pending","confirmed-noncanonical-residue","l-peptide linking","wwPDB CCD将该化学组分定义为l-peptide linking单体；结构身份和聚合物连接角色明确，可归入有CCD定义的非标准氨基酸残基","https://www.rcsb.org/ligand/S2P","2026-09-01"
"SCH","S-METHYL-THIO-CYSTEINE","C4 H9 N O2 S2","pdb-peptide-occurrence","confirmed-noncanonical-residue","l-peptide linking","wwPDB CCD将该化学组分定义为l-peptide linking单体；结构身份和聚合物连接角色明确，可归入有CCD定义的非标准氨基酸残基","https://www.rcsb.org/ligand/SCH","2026-09-01"
"SCS","3-(ethyldisulfanyl)-L-alanine","C5 H11 N O2 S2","pdb-peptide-occurrence","confirmed-noncanonical-residue","l-peptide linking","wwPDB CCD将该化学组分定义为l-peptide linking单体；结构身份和聚合物连接角色明确，可归入有CCD定义的非标准氨基酸残基","https://www.rcsb.org/ligand/SCS","2026-09-01"
"SCY","S-ACETYL-CYSTEINE","C5 H9 N O3 S","pdb-peptide-occurrence","confirmed-noncanonical-residue","l-peptide linking","wwPDB CCD将该化学组分定义为l-peptide linking单体；结构身份和聚合物连接角色明确，可归入有CCD定义的非标准氨基酸残基","https://www.rcsb.org/ligand/SCY","2026-09-01"
"SD4","N-hydroxy-L-asparagine","C4 H8 N2 O4","candidate-pending","confirmed-noncanonical-residue","l-peptide linking","wwPDB CCD将该化学组分定义为l-peptide linking单体；结构身份和聚合物连接角色明确，可归入有CCD定义的非标准氨基酸残基","https://www.rcsb.org/ligand/SD4","2026-09-01"
"SE7","2-AMINO-3-SELENINO-PROPIONIC ACID","C3 H7 N O4 Se","pdb-peptide-occurrence","confirmed-noncanonical-residue","l-peptide linking","wwPDB CCD将该化学组分定义为l-peptide linking单体；结构身份和聚合物连接角色明确，可归入有CCD定义的非标准氨基酸残基","https://www.rcsb.org/ligand/SE7","2026-09-01"
"SEB","O-BENZYLSULFONYL-SERINE","C10 H13 N O5 S","pdb-peptide-occurrence","confirmed-noncanonical-residue","l-peptide linking","wwPDB CCD将该化学组分定义为l-peptide linking单体；结构身份和聚合物连接角色明确，可归入有CCD定义的非标准氨基酸残基","https://www.rcsb.org/ligand/SEB","2026-09-01"
"SEE","trihydroxy(L-serinato-kappaO~3~)borate(1-)","C3 H9 B N O6","pdb-peptide-occurrence","confirmed-noncanonical-residue","l-peptide linking","wwPDB CCD将该化学组分定义为l-peptide linking单体；结构身份和聚合物连接角色明确，可归入有CCD定义的非标准氨基酸残基","https://www.rcsb.org/ligand/SEE","2026-09-01"
"SEM","O-benzyl-L-serine","C10 H13 N O3","pdb-peptide-occurrence","confirmed-noncanonical-residue","l-peptide linking","wwPDB CCD将该化学组分定义为l-peptide linking单体；结构身份和聚合物连接角色明确，可归入有CCD定义的非标准氨基酸残基","https://www.rcsb.org/ligand/SEM","2026-09-01"
"SFE","(3S)-3-amino-3-phenylpropanoic acid","C9 H11 N O2","pdb-peptide-occurrence","confirmed-noncanonical-residue","peptide linking","wwPDB CCD将该化学组分定义为peptide linking单体；结构身份和聚合物连接角色明确，可归入有CCD定义的非标准氨基酸残基","https://www.rcsb.org/ligand/SFE","2026-09-01"
"SHC","S-HEXYLCYSTEINE","C9 H19 N O2 S","candidate-pending","confirmed-noncanonical-residue","l-peptide linking","wwPDB CCD将该化学组分定义为l-peptide linking单体；结构身份和聚合物连接角色明确，可归入有CCD定义的非标准氨基酸残基","https://www.rcsb.org/ligand/SHC","2026-09-01"
"SHR","N-(5-AMINO-5-CARBOXYPENTYL)GLUTAMIC ACID","C11 H20 N2 O6","candidate-pending","confirmed-noncanonical-residue","l-peptide linking","wwPDB CCD将该化学组分定义为l-peptide linking单体；结构身份和聚合物连接角色明确，可归入有CCD定义的非标准氨基酸残基","https://www.rcsb.org/ligand/SHR","2026-09-01"
"SIC","(2R)-2-[(3S)-3-amino-2,5-dioxopyrrolidin-1-yl]-3-sulfanylpropanoic acid","C7 H10 N2 O4 S","pdb-peptide-occurrence","confirmed-noncanonical-residue","l-peptide linking","wwPDB CCD将该化学组分定义为l-peptide linking单体；结构身份和聚合物连接角色明确，可归入有CCD定义的非标准氨基酸残基","https://www.rcsb.org/ligand/SIC","2026-09-01"
"SKG"," 4-methylisoleucine","C7 H15 N O2","candidate-pending","confirmed-noncanonical-residue","l-peptide linking","wwPDB CCD将该化学组分定义为l-peptide linking单体；结构身份和聚合物连接角色明确，可归入有CCD定义的非标准氨基酸残基","https://www.rcsb.org/ligand/SKG","2026-09-01"
"SKH","(3~{S})-5-[[(5~{S})-5-azanyl-6-oxidanyl-6-oxidanylidene-hexyl]amino]-3-methyl-3-oxidanyl-5-oxidanylidene-pentanoic acid","C12 H22 N2 O6","pdb-peptide-occurrence","confirmed-noncanonical-residue","l-peptide linking","wwPDB CCD将该化学组分定义为l-peptide linking单体；结构身份和聚合物连接角色明确，可归入有CCD定义的非标准氨基酸残基","https://www.rcsb.org/ligand/SKH","2026-09-01"
"SKJ","beta-methylnorleucine","C7 H15 N O2","candidate-pending","confirmed-noncanonical-residue","l-peptide linking","wwPDB CCD将该化学组分定义为l-peptide linking单体；结构身份和聚合物连接角色明确，可归入有CCD定义的非标准氨基酸残基","https://www.rcsb.org/ligand/SKJ","2026-09-01"
"SLL","(2S)-2-azanyl-6-[(4-hydroxy-4-oxo-butanoyl)amino]hexanoic acid","C10 H18 N2 O5","pdb-peptide-occurrence","confirmed-noncanonical-residue","l-peptide linking","wwPDB CCD将该化学组分定义为l-peptide linking单体；结构身份和聚合物连接角色明确，可归入有CCD定义的非标准氨基酸残基","https://www.rcsb.org/ligand/SLL","2026-09-01"
"SLR","(3R,4R)-3-hydroxy-2-[(1S)-1-hydroxy-2-methylpropyl]-4-methyl-5-oxo-D-proline","C10 H17 N O5","candidate-pending","confirmed-noncanonical-residue","d-peptide linking","wwPDB CCD将该化学组分定义为d-peptide linking单体；结构身份和聚合物连接角色明确，可归入有CCD定义的非标准氨基酸残基","https://www.rcsb.org/ligand/SLR","2026-09-01"
"SLZ","L-THIALYSINE","C5 H12 N2 O2 S","pdb-peptide-occurrence","confirmed-noncanonical-residue","l-peptide linking","wwPDB CCD将该化学组分定义为l-peptide linking单体；结构身份和聚合物连接角色明确，可归入有CCD定义的非标准氨基酸残基","https://www.rcsb.org/ligand/SLZ","2026-09-01"
"SMC","S-METHYLCYSTEINE","C4 H9 N O2 S","pdb-peptide-occurrence","confirmed-noncanonical-residue","l-peptide linking","wwPDB CCD将该化学组分定义为l-peptide linking单体；结构身份和聚合物连接角色明确，可归入有CCD定义的非标准氨基酸残基","https://www.rcsb.org/ligand/SMC","2026-09-01"
"SME","METHIONINE SULFOXIDE","C5 H11 N O3 S","pdb-peptide-occurrence","confirmed-noncanonical-residue","l-peptide linking","wwPDB CCD将该化学组分定义为l-peptide linking单体；结构身份和聚合物连接角色明确，可归入有CCD定义的非标准氨基酸残基","https://www.rcsb.org/ligand/SME","2026-09-01"
"SMF","4-SULFOMETHYL-L-PHENYLALANINE","C10 H13 N O5 S","pdb-peptide-occurrence","confirmed-noncanonical-residue","l-peptide linking","wwPDB CCD将该化学组分定义为l-peptide linking单体；结构身份和聚合物连接角色明确，可归入有CCD定义的非标准氨基酸残基","https://www.rcsb.org/ligand/SMF","2026-09-01"
"SNC","S-NITROSO-CYSTEINE","C3 H6 N2 O3 S","pdb-peptide-occurrence","confirmed-noncanonical-residue","l-peptide linking","wwPDB CCD将该化学组分定义为l-peptide linking单体；结构身份和聚合物连接角色明确，可归入有CCD定义的非标准氨基酸残基","https://www.rcsb.org/ligand/SNC","2026-09-01"
"SNK","(2~{R})-2-azanyl-3-(4-ethanoylsulfanyl-1~{H}-imidazol-5-yl)propanoic acid","C8 H11 N3 O3 S","pdb-peptide-occurrence","confirmed-noncanonical-residue","l-peptide linking","wwPDB CCD将该化学组分定义为l-peptide linking单体；结构身份和聚合物连接角色明确，可归入有CCD定义的非标准氨基酸残基","https://www.rcsb.org/ligand/SNK","2026-09-01"
"SRZ","PROPOXY-L-SERINE","C6 H13 N O4","pdb-peptide-occurrence","confirmed-noncanonical-residue","l-peptide linking","wwPDB CCD将该化学组分定义为l-peptide linking单体；结构身份和聚合物连接角色明确，可归入有CCD定义的非标准氨基酸残基","https://www.rcsb.org/ligand/SRZ","2026-09-01"
"SUI","(3-AMINO-2,5-DIOXO-1-PYRROLIDINYL)ACETIC ACID","C6 H8 N2 O4","pdb-peptide-occurrence","confirmed-noncanonical-residue","l-peptide linking","wwPDB CCD将该化学组分定义为l-peptide linking单体；结构身份和聚合物连接角色明确，可归入有CCD定义的非标准氨基酸残基","https://www.rcsb.org/ligand/SUI","2026-09-01"
"SWW","(2~{S})-2-azanyl-3-(2-hydroxyethylsulfanyl)propanoic acid","C5 H11 N O3 S","pdb-peptide-occurrence","confirmed-noncanonical-residue","l-peptide linking","wwPDB CCD将该化学组分定义为l-peptide linking单体；结构身份和聚合物连接角色明确，可归入有CCD定义的非标准氨基酸残基","https://www.rcsb.org/ligand/SWW","2026-09-01"
"SYS","3-[(2-amino-2-oxoethyl)selanyl]-L-alanine","C5 H10 N2 O3 Se","pdb-peptide-occurrence","confirmed-noncanonical-residue","l-peptide linking","wwPDB CCD将该化学组分定义为l-peptide linking单体；结构身份和聚合物连接角色明确，可归入有CCD定义的非标准氨基酸残基","https://www.rcsb.org/ligand/SYS","2026-09-01"
"T09","(2S,4R)-2-amino-4-methyloctanoic acid","C9 H19 N O2","pdb-peptide-occurrence","confirmed-noncanonical-residue","l-peptide linking","wwPDB CCD将该化学组分定义为l-peptide linking单体；结构身份和聚合物连接角色明确，可归入有CCD定义的非标准氨基酸残基","https://www.rcsb.org/ligand/T09","2026-09-01"
"T0I","(2S)-2-amino-3-(2,4-dihydroxy-5-imidazol-1-yl-phenyl)propanoic acid","C12 H13 N3 O4","pdb-peptide-occurrence","confirmed-noncanonical-residue","l-peptide linking","wwPDB CCD将该化学组分定义为l-peptide linking单体；结构身份和聚合物连接角色明确，可归入有CCD定义的非标准氨基酸残基","https://www.rcsb.org/ligand/T0I","2026-09-01"
"T11","4-[3-(TRIFLUOROMETHYL)DIAZIRIDIN-3-YL]-L-PHENYLALANINE","C11 H12 F3 N3 O2","candidate-pending","confirmed-noncanonical-residue","l-peptide linking","wwPDB CCD将该化学组分定义为l-peptide linking单体；结构身份和聚合物连接角色明确，可归入有CCD定义的非标准氨基酸残基","https://www.rcsb.org/ligand/T11","2026-09-01"
"T2C","(2S)-1,3-thiazolidine-2-carboxylic acid","C4 H7 N O2 S","candidate-pending","confirmed-noncanonical-residue","l-peptide linking","wwPDB CCD将该化学组分定义为l-peptide linking单体；结构身份和聚合物连接角色明确，可归入有CCD定义的非标准氨基酸残基","https://www.rcsb.org/ligand/T2C","2026-09-01"
"T3R","N,5-dimethyl-L-norleucine","C8 H17 N O2","pdb-peptide-occurrence","confirmed-noncanonical-residue","l-peptide linking","wwPDB CCD将该化学组分定义为l-peptide linking单体；结构身份和聚合物连接角色明确，可归入有CCD定义的非标准氨基酸残基","https://www.rcsb.org/ligand/T3R","2026-09-01"
"T7Q","(2~{S})-2-azanyl-3-(9-oxidanylidene-10~{H}-acridin-2-yl)propanoic acid","C16 H15 N2 O3","candidate-pending","confirmed-noncanonical-residue","peptide linking","wwPDB CCD将该化学组分定义为peptide linking单体；结构身份和聚合物连接角色明确，可归入有CCD定义的非标准氨基酸残基","https://www.rcsb.org/ligand/T7Q","2026-09-01"
"T9E","Selenothreonine","C4 H9 N O2 Se","pdb-peptide-occurrence","confirmed-noncanonical-residue","l-peptide linking","wwPDB CCD将该化学组分定义为l-peptide linking单体；结构身份和聚合物连接角色明确，可归入有CCD定义的非标准氨基酸残基","https://www.rcsb.org/ligand/T9E","2026-09-01"
"TA4","(S)-2-[4-(AMINOMETHYL)-1H-1,2,3-TRIAZOL-1-YL]-4-METHYLPENTANOIC ACID","C9 H16 N4 O2","pdb-peptide-occurrence","confirmed-noncanonical-residue","l-peptide linking","wwPDB CCD将该化学组分定义为l-peptide linking单体；结构身份和聚合物连接角色明确，可归入有CCD定义的非标准氨基酸残基","https://www.rcsb.org/ligand/TA4","2026-09-01"
"TBG","3-methyl-L-valine","C6 H13 N O2","pdb-peptide-occurrence","confirmed-noncanonical-residue","l-peptide linking","wwPDB CCD将该化学组分定义为l-peptide linking单体；结构身份和聚合物连接角色明确，可归入有CCD定义的非标准氨基酸残基","https://www.rcsb.org/ligand/TBG","2026-09-01"
"TCR","CYCLOMETHYLTRYPTOPHAN","C12 H12 N2 O2","candidate-pending","confirmed-noncanonical-residue","l-peptide linking","wwPDB CCD将该化学组分定义为l-peptide linking单体；结构身份和聚合物连接角色明确，可归入有CCD定义的非标准氨基酸残基","https://www.rcsb.org/ligand/TCR","2026-09-01"
"TEF","4-(2H-tetrazol-2-yl)-L-phenylalanine","C10 H11 N5 O2","candidate-pending","confirmed-noncanonical-residue","l-peptide linking","wwPDB CCD将该化学组分定义为l-peptide linking单体；结构身份和聚合物连接角色明确，可归入有CCD定义的非标准氨基酸残基","https://www.rcsb.org/ligand/TEF","2026-09-01"
"TFQ","4-(2,2,2-TRIFLUOROETHYL)-L-PHENYLALANINE","C11 H12 F3 N O2","candidate-pending","confirmed-noncanonical-residue","l-peptide linking","wwPDB CCD将该化学组分定义为l-peptide linking单体；结构身份和聚合物连接角色明确，可归入有CCD定义的非标准氨基酸残基","https://www.rcsb.org/ligand/TFQ","2026-09-01"
"TH5","O-acetyl-L-threonine","C6 H11 N O4","pdb-peptide-occurrence","confirmed-noncanonical-residue","l-peptide linking","wwPDB CCD将该化学组分定义为l-peptide linking单体；结构身份和聚合物连接角色明确，可归入有CCD定义的非标准氨基酸残基","https://www.rcsb.org/ligand/TH5","2026-09-01"
"TH6","4-HYDROXY-L-THREONINE","C4 H9 N O4","pdb-peptide-occurrence","confirmed-noncanonical-residue","l-peptide linking","wwPDB CCD将该化学组分定义为l-peptide linking单体；结构身份和聚合物连接角色明确，可归入有CCD定义的非标准氨基酸残基","https://www.rcsb.org/ligand/TH6","2026-09-01"
"TIH","BETA(2-THIENYL)ALANINE","C7 H9 N O2 S","pdb-peptide-occurrence","confirmed-noncanonical-residue","l-peptide linking","wwPDB CCD将该化学组分定义为l-peptide linking单体；结构身份和聚合物连接角色明确，可归入有CCD定义的非标准氨基酸残基","https://www.rcsb.org/ligand/TIH","2026-09-01"
"TIS","O-(1,1-dihydroxyethyl)-L-serine","C5 H11 N O5","pdb-peptide-occurrence","confirmed-noncanonical-residue","l-peptide linking","wwPDB CCD将该化学组分定义为l-peptide linking单体；结构身份和聚合物连接角色明确，可归入有CCD定义的非标准氨基酸残基","https://www.rcsb.org/ligand/TIS","2026-09-01"
"TLY","(2S)-2-azanyl-6-(ethanethioylamino)hexanoic acid","C8 H16 N2 O2 S","pdb-peptide-occurrence","confirmed-noncanonical-residue","l-peptide linking","wwPDB CCD将该化学组分定义为l-peptide linking单体；结构身份和聚合物连接角色明确，可归入有CCD定义的非标准氨基酸残基","https://www.rcsb.org/ligand/TLY","2026-09-01"
"TMD","(6,7-DIHYDRO)4-[(E)-BUTENYL]-4,N-DIMETHYL-THREONINE","C10 H21 N O3","pdb-peptide-occurrence","confirmed-noncanonical-residue","l-peptide linking","wwPDB CCD将该化学组分定义为l-peptide linking单体；结构身份和聚合物连接角色明确，可归入有CCD定义的非标准氨基酸残基","https://www.rcsb.org/ligand/TMD","2026-09-01"
"TNQ","6-[(carboxymethyl)amino]-7-hydroxy-L-tryptophan","C13 H15 N3 O5","pdb-peptide-occurrence","confirmed-noncanonical-residue","l-peptide linking","wwPDB CCD将该化学组分定义为l-peptide linking单体；结构身份和聚合物连接角色明确，可归入有CCD定义的非标准氨基酸残基","https://www.rcsb.org/ligand/TNQ","2026-09-01"
"TOQ","6,7-dihydroxy-L-tryptophan","C11 H12 N2 O4","pdb-peptide-occurrence","confirmed-noncanonical-residue","l-peptide linking","wwPDB CCD将该化学组分定义为l-peptide linking单体；结构身份和聚合物连接角色明确，可归入有CCD定义的非标准氨基酸残基","https://www.rcsb.org/ligand/TOQ","2026-09-01"
"TOX","1-hydroperoxy-L-tryptophan","C11 H12 N2 O4","pdb-peptide-occurrence","confirmed-noncanonical-residue","l-peptide linking","wwPDB CCD将该化学组分定义为l-peptide linking单体；结构身份和聚合物连接角色明确，可归入有CCD定义的非标准氨基酸残基","https://www.rcsb.org/ligand/TOX","2026-09-01"
"TOZ","2-[2-(aminomethyl)-1,3-thiazol-4-yl]-1,3-oxazole-4-carboxylic acid","C8 H7 N3 O3 S","pdb-peptide-occurrence","confirmed-noncanonical-residue","peptide linking","wwPDB CCD将该化学组分定义为peptide linking单体；结构身份和聚合物连接角色明确，可归入有CCD定义的非标准氨基酸残基","https://www.rcsb.org/ligand/TOZ","2026-09-01"
"TPJ","(5R)-5-tert-butyl-L-proline","C9 H17 N O2","candidate-pending","confirmed-noncanonical-residue","l-peptide linking","wwPDB CCD将该化学组分定义为l-peptide linking单体；结构身份和聚合物连接角色明确，可归入有CCD定义的非标准氨基酸残基","https://www.rcsb.org/ligand/TPJ","2026-09-01"
"TPQ","5-(2-CARBOXY-2-AMINOETHYL)-2-HYDROXY-1,4-BENZOQUINONE","C9 H9 N O5","pdb-peptide-occurrence","confirmed-noncanonical-residue","l-peptide linking","wwPDB CCD将该化学组分定义为l-peptide linking单体；结构身份和聚合物连接角色明确，可归入有CCD定义的非标准氨基酸残基","https://www.rcsb.org/ligand/TPQ","2026-09-01"
"TQQ","(S)-2-AMINO-3-(6,7-DIHYDRO-6-IMINO-7-OXO-1H-INDOL-3-YL)PROPANOIC ACID","C11 H11 N3 O3","pdb-peptide-occurrence","confirmed-noncanonical-residue","l-peptide linking","wwPDB CCD将该化学组分定义为l-peptide linking单体；结构身份和聚合物连接角色明确，可归入有CCD定义的非标准氨基酸残基","https://www.rcsb.org/ligand/TQQ","2026-09-01"
"TQZ","2-AMINO-3-PENTASULFANYLPROPAN-1-OL","C3 H7 N O2 S5","pdb-peptide-occurrence","confirmed-noncanonical-residue","l-peptide linking","wwPDB CCD将该化学组分定义为l-peptide linking单体；结构身份和聚合物连接角色明确，可归入有CCD定义的非标准氨基酸残基","https://www.rcsb.org/ligand/TQZ","2026-09-01"
"TRF","N1-FORMYL-TRYPTOPHAN","C12 H12 N2 O3","pdb-peptide-occurrence","confirmed-noncanonical-residue","l-peptide linking","wwPDB CCD将该化学组分定义为l-peptide linking单体；结构身份和聚合物连接角色明确，可归入有CCD定义的非标准氨基酸残基","https://www.rcsb.org/ligand/TRF","2026-09-01"
"TRN","NZ2-TRYPTOPHAN","C10 H11 N3 O2","pdb-peptide-occurrence","confirmed-noncanonical-residue","l-peptide linking","wwPDB CCD将该化学组分定义为l-peptide linking单体；结构身份和聚合物连接角色明确，可归入有CCD定义的非标准氨基酸残基","https://www.rcsb.org/ligand/TRN","2026-09-01"
"TRO","2-HYDROXY-TRYPTOPHAN","C11 H12 N2 O3","pdb-peptide-occurrence","confirmed-noncanonical-residue","l-peptide linking","wwPDB CCD将该化学组分定义为l-peptide linking单体；结构身份和聚合物连接角色明确，可归入有CCD定义的非标准氨基酸残基","https://www.rcsb.org/ligand/TRO","2026-09-01"
"TRQ","2-AMINO-3-(6,7-DIOXO-6,7-DIHYDRO-1H-INDOL-3-YL)-PROPIONIC ACID","C11 H10 N2 O4","pdb-peptide-occurrence","confirmed-noncanonical-residue","l-peptide linking","wwPDB CCD将该化学组分定义为l-peptide linking单体；结构身份和聚合物连接角色明确，可归入有CCD定义的非标准氨基酸残基","https://www.rcsb.org/ligand/TRQ","2026-09-01"
"TRX","6-HYDROXYTRYPTOPHAN","C11 H12 N2 O3","pdb-peptide-occurrence","confirmed-noncanonical-residue","l-peptide linking","wwPDB CCD将该化学组分定义为l-peptide linking单体；结构身份和聚合物连接角色明确，可归入有CCD定义的非标准氨基酸残基","https://www.rcsb.org/ligand/TRX","2026-09-01"
"TRY","(2Z)-2-amino-3-(1H-indol-3-yl)prop-2-enoic acid","C11 H10 N2 O2","candidate-pending","confirmed-noncanonical-residue","l-peptide linking","wwPDB CCD将该化学组分定义为l-peptide linking单体；结构身份和聚合物连接角色明确，可归入有CCD定义的非标准氨基酸残基","https://www.rcsb.org/ligand/TRY","2026-09-01"
"TS9","(2S,3S,4R)-2-amino-3,4-dihydroxy-3-methylpentanoic acid","C6 H13 N O4","pdb-peptide-occurrence","confirmed-noncanonical-residue","l-peptide linking","wwPDB CCD将该化学组分定义为l-peptide linking单体；结构身份和聚合物连接角色明确，可归入有CCD定义的非标准氨基酸残基","https://www.rcsb.org/ligand/TS9","2026-09-01"
"TSY","(2S)-2-amino-3-trisulfanylpropanoic acid","C3 H7 N O2 S3","pdb-peptide-occurrence","confirmed-noncanonical-residue","l-peptide linking","wwPDB CCD将该化学组分定义为l-peptide linking单体；结构身份和聚合物连接角色明确，可归入有CCD定义的非标准氨基酸残基","https://www.rcsb.org/ligand/TSY","2026-09-01"
"TTQ","6-AMINO-7-HYDROXY-L-TRYPTOPHAN","C11 H13 N3 O3","pdb-peptide-occurrence","confirmed-noncanonical-residue","l-peptide linking","wwPDB CCD将该化学组分定义为l-peptide linking单体；结构身份和聚合物连接角色明确，可归入有CCD定义的非标准氨基酸残基","https://www.rcsb.org/ligand/TTQ","2026-09-01"
"TXY","3-[(5S)-4,5-dihydroxycyclohexa-1,3-dien-1-yl]-L-alanine","C9 H13 N O4","pdb-peptide-occurrence","confirmed-noncanonical-residue","l-peptide linking","wwPDB CCD将该化学组分定义为l-peptide linking单体；结构身份和聚合物连接角色明确，可归入有CCD定义的非标准氨基酸残基","https://www.rcsb.org/ligand/TXY","2026-09-01"
"TY1","O-tert-butyl-L-tyrosine","C13 H19 N O3","candidate-pending","confirmed-noncanonical-residue","l-peptide linking","wwPDB CCD将该化学组分定义为l-peptide linking单体；结构身份和聚合物连接角色明确，可归入有CCD定义的非标准氨基酸残基","https://www.rcsb.org/ligand/TY1","2026-09-01"
"TY2","3-AMINO-L-TYROSINE","C9 H12 N2 O3","pdb-peptide-occurrence","confirmed-noncanonical-residue","l-peptide linking","wwPDB CCD将该化学组分定义为l-peptide linking单体；结构身份和聚合物连接角色明确，可归入有CCD定义的非标准氨基酸残基","https://www.rcsb.org/ligand/TY2","2026-09-01"
"TY5","O-benzyl-L-tyrosine","C16 H17 N O3","pdb-peptide-occurrence","confirmed-noncanonical-residue","l-peptide linking","wwPDB CCD将该化学组分定义为l-peptide linking单体；结构身份和聚合物连接角色明确，可归入有CCD定义的非标准氨基酸残基","https://www.rcsb.org/ligand/TY5","2026-09-01"
"TYJ","2,5-dihydroxy-N-methyl-L-tyrosine","C10 H13 N O5","pdb-peptide-occurrence","confirmed-noncanonical-residue","l-peptide linking","wwPDB CCD将该化学组分定义为l-peptide linking单体；结构身份和聚合物连接角色明确，可归入有CCD定义的非标准氨基酸残基","https://www.rcsb.org/ligand/TYJ","2026-09-01"
"TYO","(4Z,6E)-2-AMINO-7-HYDROPEROXY-4-[(E)-2-HYDROXYVINYL]HEPTA-4,6-DIENOIC ACID","C9 H13 N O5","pdb-peptide-occurrence","confirmed-noncanonical-residue","l-peptide linking","wwPDB CCD将该化学组分定义为l-peptide linking单体；结构身份和聚合物连接角色明确，可归入有CCD定义的非标准氨基酸残基","https://www.rcsb.org/ligand/TYO","2026-09-01"
"TYQ","3-AMINO-6-HYDROXY-TYROSINE","C9 H12 N2 O4","pdb-peptide-occurrence","confirmed-noncanonical-residue","l-peptide linking","wwPDB CCD将该化学组分定义为l-peptide linking单体；结构身份和聚合物连接角色明确，可归入有CCD定义的非标准氨基酸残基","https://www.rcsb.org/ligand/TYQ","2026-09-01"
"TYS","O-SULFO-L-TYROSINE","C9 H11 N O6 S","pdb-peptide-occurrence","confirmed-noncanonical-residue","l-peptide linking","wwPDB CCD将该化学组分定义为l-peptide linking单体；结构身份和聚合物连接角色明确，可归入有CCD定义的非标准氨基酸残基","https://www.rcsb.org/ligand/TYS","2026-09-01"
"TYX","S-(2-ANILINO-2-OXOETHYL)-L-CYSTEINE","C11 H14 N2 O3 S","pdb-peptide-occurrence","confirmed-noncanonical-residue","l-peptide linking","wwPDB CCD将该化学组分定义为l-peptide linking单体；结构身份和聚合物连接角色明确，可归入有CCD定义的非标准氨基酸残基","https://www.rcsb.org/ligand/TYX","2026-09-01"
"TYY","3-(4-HYDROXY-3-IMINO-6-OXO-CYCLOHEXA-1,4-DIENYL)-ALANINE","C9 H10 N2 O4","pdb-peptide-occurrence","confirmed-noncanonical-residue","l-peptide linking","wwPDB CCD将该化学组分定义为l-peptide linking单体；结构身份和聚合物连接角色明确，可归入有CCD定义的非标准氨基酸残基","https://www.rcsb.org/ligand/TYY","2026-09-01"
"TZB","(4S)-2-[(1E)-1-AMINOPROP-1-ENYL]-4,5-DIHYDRO-1,3-THIAZOLE-4-CARBOXYLIC ACID","C7 H10 N2 O2 S","candidate-pending","confirmed-noncanonical-residue","l-peptide linking","wwPDB CCD将该化学组分定义为l-peptide linking单体；结构身份和聚合物连接角色明确，可归入有CCD定义的非标准氨基酸残基","https://www.rcsb.org/ligand/TZB","2026-09-01"
"U2M","(2S)-2-amino-7-sulfanylheptanoic acid","C7 H15 N O2 S","pdb-peptide-occurrence","confirmed-noncanonical-residue","l-peptide linking","wwPDB CCD将该化学组分定义为l-peptide linking单体；结构身份和聚合物连接角色明确，可归入有CCD定义的非标准氨基酸残基","https://www.rcsb.org/ligand/U2M","2026-09-01"
"U2X","O-(cyclohexylmethyl)-L-tyrosine","C16 H23 N O3","pdb-peptide-occurrence","confirmed-noncanonical-residue","l-peptide linking","wwPDB CCD将该化学组分定义为l-peptide linking单体；结构身份和聚合物连接角色明确，可归入有CCD定义的非标准氨基酸残基","https://www.rcsb.org/ligand/U2X","2026-09-01"
"U3X","4-[(cyclohexylmethyl)amino]-L-phenylalanine","C16 H24 N2 O2","pdb-peptide-occurrence","confirmed-noncanonical-residue","l-peptide linking","wwPDB CCD将该化学组分定义为l-peptide linking单体；结构身份和聚合物连接角色明确，可归入有CCD定义的非标准氨基酸残基","https://www.rcsb.org/ligand/U3X","2026-09-01"
"UAL","(2Z)-2-amino-3-(carbamoylamino)prop-2-enoic acid","C4 H7 N3 O3","pdb-peptide-occurrence","confirmed-noncanonical-residue","peptide linking","wwPDB CCD将该化学组分定义为peptide linking单体；结构身份和聚合物连接角色明确，可归入有CCD定义的非标准氨基酸残基","https://www.rcsb.org/ligand/UAL","2026-09-01"
"UB4","(2S)-2-amino-4-(1,3-benzothiazol-2-yl)butanoic acid","C11 H12 N2 O2 S","pdb-peptide-occurrence","confirmed-noncanonical-residue","l-peptide linking","wwPDB CCD将该化学组分定义为l-peptide linking单体；结构身份和聚合物连接角色明确，可归入有CCD定义的非标准氨基酸残基","https://www.rcsb.org/ligand/UB4","2026-09-01"
"UDS","N-[(3-HYDROXYQUINOLIN-2-YL)CARBONYL]-D-SERINE","C13 H12 N2 O5","candidate-pending","confirmed-noncanonical-residue","d-peptide linking","wwPDB CCD将该化学组分定义为d-peptide linking单体；结构身份和聚合物连接角色明确，可归入有CCD定义的非标准氨基酸残基","https://www.rcsb.org/ligand/UDS","2026-09-01"
"UGY","(2S)-amino(carbamoylamino)ethanoic acid","C3 H7 N3 O3","candidate-pending","confirmed-noncanonical-residue","peptide linking","wwPDB CCD将该化学组分定义为peptide linking单体；结构身份和聚合物连接角色明确，可归入有CCD定义的非标准氨基酸残基","https://www.rcsb.org/ligand/UGY","2026-09-01"
"UIA","[(2~{R})-1-azanylpropan-2-yl]carbamic acid","C4 H10 N2 O2","pdb-peptide-occurrence","confirmed-noncanonical-residue","l-peptide linking","wwPDB CCD将该化学组分定义为l-peptide linking单体；结构身份和聚合物连接角色明确，可归入有CCD定义的非标准氨基酸残基","https://www.rcsb.org/ligand/UIA","2026-09-01"
"UM1","(2R)-2-[[(2R)-2-(2-aminoethanoylamino)propanoyl]amino]propanoic acid","C8 H15 N3 O4","candidate-pending","confirmed-noncanonical-residue","d-peptide linking","wwPDB CCD将该化学组分定义为d-peptide linking单体；结构身份和聚合物连接角色明确，可归入有CCD定义的非标准氨基酸残基","https://www.rcsb.org/ligand/UM1","2026-09-01"
"UN2","2-AMINO-4,4-DIHYDROXYBUTANOIC ACID","C4 H9 N O4","candidate-pending","confirmed-noncanonical-residue","l-peptide linking","wwPDB CCD将该化学组分定义为l-peptide linking单体；结构身份和聚合物连接角色明确，可归入有CCD定义的非标准氨基酸残基","https://www.rcsb.org/ligand/UN2","2026-09-01"
"UOX","3-(oxido-lambda~4~-selanyl)-L-alanine","C3 H6 N O3 Se","pdb-peptide-occurrence","confirmed-noncanonical-residue","l-peptide linking","wwPDB CCD将该化学组分定义为l-peptide linking单体；结构身份和聚合物连接角色明确，可归入有CCD定义的非标准氨基酸残基","https://www.rcsb.org/ligand/UOX","2026-09-01"
"URV","[(2~{S})-2-azanyl-3-methyl-butyl]carbamic acid","C6 H14 N2 O2","pdb-peptide-occurrence","confirmed-noncanonical-residue","l-peptide linking","wwPDB CCD将该化学组分定义为l-peptide linking单体；结构身份和聚合物连接角色明确，可归入有CCD定义的非标准氨基酸残基","https://www.rcsb.org/ligand/URV","2026-09-01"
"UU4","(2S)-2-amino-4-(L-serylamino)butanoic acid","C7 H15 N3 O4","pdb-peptide-occurrence","confirmed-noncanonical-residue","l-peptide linking","wwPDB CCD将该化学组分定义为l-peptide linking单体；结构身份和聚合物连接角色明确，可归入有CCD定义的非标准氨基酸残基","https://www.rcsb.org/ligand/UU4","2026-09-01"
"UU5","(2S)-2-amino-4-[(oxoacetyl)amino]butanoic acid","C6 H10 N2 O4","pdb-peptide-occurrence","confirmed-noncanonical-residue","l-peptide linking","wwPDB CCD将该化学组分定义为l-peptide linking单体；结构身份和聚合物连接角色明确，可归入有CCD定义的非标准氨基酸残基","https://www.rcsb.org/ligand/UU5","2026-09-01"
"UX8","(2~{S},3~{R})-2-azanyl-3-(1~{H}-indol-3-yl)-3-oxidanyl-propanoic acid","C11 H12 N2 O3","pdb-peptide-occurrence","confirmed-noncanonical-residue","l-peptide linking","wwPDB CCD将该化学组分定义为l-peptide linking单体；结构身份和聚合物连接角色明确，可归入有CCD定义的非标准氨基酸残基","https://www.rcsb.org/ligand/UX8","2026-09-01"
"UXQ","(2S)-2-azanyl-3-[4-[(2-chloranylethanoylamino)methyl]phenyl]propanoic acid","C12 H15 Cl N2 O3","pdb-peptide-occurrence","confirmed-noncanonical-residue","peptide linking","wwPDB CCD将该化学组分定义为peptide linking单体；结构身份和聚合物连接角色明确，可归入有CCD定义的非标准氨基酸残基","https://www.rcsb.org/ligand/UXQ","2026-09-01"
"UXY","(4R)-4-hydroxy-L-lysine","C6 H14 N2 O3","pdb-peptide-occurrence","confirmed-noncanonical-residue","l-peptide linking","wwPDB CCD将该化学组分定义为l-peptide linking单体；结构身份和聚合物连接角色明确，可归入有CCD定义的非标准氨基酸残基","https://www.rcsb.org/ligand/UXY","2026-09-01"
"UY7","(4S)-4-hydroxy-D-proline","C5 H9 N O3","candidate-pending","confirmed-noncanonical-residue","d-peptide linking","wwPDB CCD将该化学组分定义为d-peptide linking单体；结构身份和聚合物连接角色明确，可归入有CCD定义的非标准氨基酸残基","https://www.rcsb.org/ligand/UY7","2026-09-01"
"UYA","(4R)-4-hydroxy-D-proline","C5 H9 N O3","pdb-peptide-occurrence","confirmed-noncanonical-residue","d-peptide linking","wwPDB CCD将该化学组分定义为d-peptide linking单体；结构身份和聚合物连接角色明确，可归入有CCD定义的非标准氨基酸残基","https://www.rcsb.org/ligand/UYA","2026-09-01"
"UZ4","(2R,3S)-3-amino-2-hydroxy-4-[(3S)-2-oxopyrrolidin-3-yl]butanoic acid","C8 H14 N2 O4","pdb-peptide-occurrence","confirmed-noncanonical-residue","l-peptide linking","wwPDB CCD将该化学组分定义为l-peptide linking单体；结构身份和聚合物连接角色明确，可归入有CCD定义的非标准氨基酸残基","https://www.rcsb.org/ligand/UZ4","2026-09-01"
"UZA","(2S,6E)-2-amino-2-methylnon-6-enoic acid","C10 H19 N O2","pdb-peptide-occurrence","confirmed-noncanonical-residue","l-peptide linking","wwPDB CCD将该化学组分定义为l-peptide linking单体；结构身份和聚合物连接角色明确，可归入有CCD定义的非标准氨基酸残基","https://www.rcsb.org/ligand/UZA","2026-09-01"
"UZN","[(2~{S})-2-azanylhexyl]carbamic acid","C7 H16 N2 O2","pdb-peptide-occurrence","confirmed-noncanonical-residue","l-peptide linking","wwPDB CCD将该化学组分定义为l-peptide linking单体；结构身份和聚合物连接角色明确，可归入有CCD定义的非标准氨基酸残基","https://www.rcsb.org/ligand/UZN","2026-09-01"
"V1C","(2S)-2-azanyl-3-[4-[1-(2-methylpropyl)pyrazol-4-yl]phenyl]propanoic acid","C16 H21 N3 O2","pdb-peptide-occurrence","confirmed-noncanonical-residue","l-beta-peptide, c-gamma linking","wwPDB CCD将该化学组分定义为l-beta-peptide, c-gamma linking单体；结构身份和聚合物连接角色明确，可归入有CCD定义的非标准氨基酸残基","https://www.rcsb.org/ligand/V1C","2026-09-01"
"V1V","(2S,3S)-3-amino-2-hydroxyhexanoic acid","C6 H13 N O3","pdb-peptide-occurrence","confirmed-noncanonical-residue","l-peptide linking","wwPDB CCD将该化学组分定义为l-peptide linking单体；结构身份和聚合物连接角色明确，可归入有CCD定义的非标准氨基酸残基","https://www.rcsb.org/ligand/V1V","2026-09-01"
"V5F","(2R)-2-(2-azanylphenoxy)propanoic acid","C9 H11 N O3","pdb-peptide-occurrence","confirmed-noncanonical-residue","peptide linking","wwPDB CCD将该化学组分定义为peptide linking单体；结构身份和聚合物连接角色明确，可归入有CCD定义的非标准氨基酸残基","https://www.rcsb.org/ligand/V5F","2026-09-01"
"V5N","(2S,3S)-2-azanyl-3-(1H-imidazol-5-yl)-3-oxidanyl-propanoic acid","C6 H9 N3 O3","pdb-peptide-occurrence","confirmed-noncanonical-residue","l-peptide linking","wwPDB CCD将该化学组分定义为l-peptide linking单体；结构身份和聚合物连接角色明确，可归入有CCD定义的非标准氨基酸残基","https://www.rcsb.org/ligand/V5N","2026-09-01"
"V6W","NE-Acetyl-L-tryptophan","C13 H14 N2 O4","pdb-peptide-occurrence","confirmed-noncanonical-residue","l-peptide linking","wwPDB CCD将该化学组分定义为l-peptide linking单体；结构身份和聚合物连接角色明确，可归入有CCD定义的非标准氨基酸残基","https://www.rcsb.org/ligand/V6W","2026-09-01"
"VAD","DEAMINOHYDROXYVALINE","C5 H10 O3","pdb-peptide-occurrence","confirmed-noncanonical-residue","l-peptide linking","wwPDB CCD将该化学组分定义为l-peptide linking单体；结构身份和聚合物连接角色明确，可归入有CCD定义的非标准氨基酸残基","https://www.rcsb.org/ligand/VAD","2026-09-01"
"VAH","(3R)-3-hydroxy-L-norvaline","C5 H11 N O3","pdb-peptide-occurrence","confirmed-noncanonical-residue","l-peptide linking","wwPDB CCD将该化学组分定义为l-peptide linking单体；结构身份和聚合物连接角色明确，可归入有CCD定义的非标准氨基酸残基","https://www.rcsb.org/ligand/VAH","2026-09-01"
"VDK","[(1S,3S)-3-carboxycyclohexyl]azanium","C7 H14 N O2","pdb-peptide-occurrence","confirmed-noncanonical-residue","peptide linking","wwPDB CCD将该化学组分定义为peptide linking单体；结构身份和聚合物连接角色明确，可归入有CCD定义的非标准氨基酸残基","https://www.rcsb.org/ligand/VDK","2026-09-01"
"VEF","(3S)-3-azanyl-2,2-bis(oxidanyl)butanoic acid","C4 H9 N O4","pdb-peptide-occurrence","confirmed-noncanonical-residue","l-peptide linking","wwPDB CCD将该化学组分定义为l-peptide linking单体；结构身份和聚合物连接角色明确，可归入有CCD定义的非标准氨基酸残基","https://www.rcsb.org/ligand/VEF","2026-09-01"
"VH0","(2S,4S)-4-[4-(aminomethyl)-1,2,3-triazol-1-yl]pyrrolidine-2-carboxylic acid","C8 H13 N5 O2","candidate-pending","confirmed-noncanonical-residue","l-peptide linking","wwPDB CCD将该化学组分定义为l-peptide linking单体；结构身份和聚合物连接角色明确，可归入有CCD定义的非标准氨基酸残基","https://www.rcsb.org/ligand/VH0","2026-09-01"
"VI3","(2~{R})-2-azanyl-3-[bis(oxidanylidene)-$l^{5}-sulfanyl]propanoic acid","C3 H6 N O4 S","pdb-peptide-occurrence","confirmed-noncanonical-residue","l-peptide linking","wwPDB CCD将该化学组分定义为l-peptide linking单体；结构身份和聚合物连接角色明确，可归入有CCD定义的非标准氨基酸残基","https://www.rcsb.org/ligand/VI3","2026-09-01"
"VLL","(2S)-2,3-DIAMINOBUTANOIC ACID","C4 H10 N2 O2","pdb-peptide-occurrence","confirmed-noncanonical-residue","l-peptide linking","wwPDB CCD将该化学组分定义为l-peptide linking单体；结构身份和聚合物连接角色明确，可归入有CCD定义的非标准氨基酸残基","https://www.rcsb.org/ligand/VLL","2026-09-01"
"VNW","8-azanyl-4-methylselanyl-quinoline-2-carboxylic acid","C11 H10 N2 O2 Se","pdb-peptide-occurrence","confirmed-noncanonical-residue","peptide linking","wwPDB CCD将该化学组分定义为peptide linking单体；结构身份和聚合物连接角色明确，可归入有CCD定义的非标准氨基酸残基","https://www.rcsb.org/ligand/VNW","2026-09-01"
"VR0","N~5~-[N-(methylcarbamoyl)carbamimidoyl]-L-ornithine","C8 H17 N5 O3","pdb-peptide-occurrence","confirmed-noncanonical-residue","l-peptide linking","wwPDB CCD将该化学组分定义为l-peptide linking单体；结构身份和聚合物连接角色明确，可归入有CCD定义的非标准氨基酸残基","https://www.rcsb.org/ligand/VR0","2026-09-01"
"VVK","N-(2-methoxyphenyl)-2-methyl-L-alanine","C11 H15 N O3","candidate-pending","confirmed-noncanonical-residue","l-peptide linking","wwPDB CCD将该化学组分定义为l-peptide linking单体；结构身份和聚合物连接角色明确，可归入有CCD定义的非标准氨基酸残基","https://www.rcsb.org/ligand/VVK","2026-09-01"
"W4T","3-bromo-S-beta-phenylalanine","C9 H10 Br N O2","pdb-peptide-occurrence","confirmed-noncanonical-residue","peptide linking","wwPDB CCD将该化学组分定义为peptide linking单体；结构身份和聚合物连接角色明确，可归入有CCD定义的非标准氨基酸残基","https://www.rcsb.org/ligand/W4T","2026-09-01"
"WCR","[(2R,4Z)-2-(aminomethyl)-2-hydroxy-4-(4-hydroxybenzylidene)-5-oxoimidazolidin-1-yl]acetic acid","C13 H15 N3 O5","pdb-peptide-occurrence","confirmed-noncanonical-residue","l-peptide linking","wwPDB CCD将该化学组分定义为l-peptide linking单体；结构身份和聚合物连接角色明确，可归入有CCD定义的非标准氨基酸残基","https://www.rcsb.org/ligand/WCR","2026-09-01"
"WFP","3,5-difluoro-L-phenylalanine","C9 H9 F2 N O2","pdb-peptide-occurrence","confirmed-noncanonical-residue","l-peptide linking","wwPDB CCD将该化学组分定义为l-peptide linking单体；结构身份和聚合物连接角色明确，可归入有CCD定义的非标准氨基酸残基","https://www.rcsb.org/ligand/WFP","2026-09-01"
"WPA","(betaR)-beta-methoxy-L-phenylalanine","C10 H13 N O3","pdb-peptide-occurrence","confirmed-noncanonical-residue","l-peptide linking","wwPDB CCD将该化学组分定义为l-peptide linking单体；结构身份和聚合物连接角色明确，可归入有CCD定义的非标准氨基酸残基","https://www.rcsb.org/ligand/WPA","2026-09-01"
"WVL","(2S,3R)-2-amino-3,5-dimethylhex-4-enoic acid","C8 H15 N O2","pdb-peptide-occurrence","confirmed-noncanonical-residue","l-peptide linking","wwPDB CCD将该化学组分定义为l-peptide linking单体；结构身份和聚合物连接角色明确，可归入有CCD定义的非标准氨基酸残基","https://www.rcsb.org/ligand/WVL","2026-09-01"
"WWB","5-(3-methylbut-2-en-1-yl)-L-tryptophan","C16 H20 N2 O2","pdb-peptide-occurrence","confirmed-noncanonical-residue","l-peptide linking","wwPDB CCD将该化学组分定义为l-peptide linking单体；结构身份和聚合物连接角色明确，可归入有CCD定义的非标准氨基酸残基","https://www.rcsb.org/ligand/WWB","2026-09-01"
"WYK","(2S,4S)-4-hydroxy-L-arginine","C6 H14 N4 O3","pdb-peptide-occurrence","confirmed-noncanonical-residue","l-peptide linking","wwPDB CCD将该化学组分定义为l-peptide linking单体；结构身份和聚合物连接角色明确，可归入有CCD定义的非标准氨基酸残基","https://www.rcsb.org/ligand/WYK","2026-09-01"
"X5H","(~{E})-6-(2-hydroxy-2-oxoethylamino)hex-4-enoic acid","C8 H13 N O4","pdb-peptide-occurrence","confirmed-noncanonical-residue","peptide linking","wwPDB CCD将该化学组分定义为peptide linking单体；结构身份和聚合物连接角色明确，可归入有CCD定义的非标准氨基酸残基","https://www.rcsb.org/ligand/X5H","2026-09-01"
"X60","2-ethyl-L-norvaline","C7 H15 N O2","pdb-peptide-occurrence","confirmed-noncanonical-residue","l-peptide linking","wwPDB CCD将该化学组分定义为l-peptide linking单体；结构身份和聚合物连接角色明确，可归入有CCD定义的非标准氨基酸残基","https://www.rcsb.org/ligand/X60","2026-09-01"
"X6E","2-ethyl-D-norvaline","C7 H15 N O2","pdb-peptide-occurrence","confirmed-noncanonical-residue","d-peptide linking","wwPDB CCD将该化学组分定义为d-peptide linking单体；结构身份和聚合物连接角色明确，可归入有CCD定义的非标准氨基酸残基","https://www.rcsb.org/ligand/X6E","2026-09-01"
"X9Q","{(2S)-2-[(1S)-1-AMINOETHYL]-4-BENZYL-5-OXO-2,5-DIHYDRO-1H-IMIDAZOL-1-YL}ACETIC ACID","C14 H17 N3 O3","pdb-peptide-occurrence","confirmed-noncanonical-residue","l-peptide linking","wwPDB CCD将该化学组分定义为l-peptide linking单体；结构身份和聚合物连接角色明确，可归入有CCD定义的非标准氨基酸残基","https://www.rcsb.org/ligand/X9Q","2026-09-01"
"XA6","(2S)-3-(4-aminocarbonylphenyl)-2-azanyl-propanoic acid","C10 H12 N2 O3","pdb-peptide-occurrence","confirmed-noncanonical-residue","l-peptide linking","wwPDB CCD将该化学组分定义为l-peptide linking单体；结构身份和聚合物连接角色明确，可归入有CCD定义的非标准氨基酸残基","https://www.rcsb.org/ligand/XA6","2026-09-01"
"XC0","(2S)-2-aminooctanoic acid","C8 H17 N O2","pdb-peptide-occurrence","confirmed-noncanonical-residue","l-peptide linking","wwPDB CCD将该化学组分定义为l-peptide linking单体；结构身份和聚合物连接角色明确，可归入有CCD定义的非标准氨基酸残基","https://www.rcsb.org/ligand/XC0","2026-09-01"
"XCN","S-cyano-L-cysteine","C4 H6 N2 O2 S","pdb-peptide-occurrence","confirmed-noncanonical-residue","l-peptide linking","wwPDB CCD将该化学组分定义为l-peptide linking单体；结构身份和聚合物连接角色明确，可归入有CCD定义的非标准氨基酸残基","https://www.rcsb.org/ligand/XCN","2026-09-01"
"XDT","O-methyl-D-allothreonine","C5 H11 N O3","candidate-pending","confirmed-noncanonical-residue","d-peptide linking","wwPDB CCD将该化学组分定义为d-peptide linking单体；结构身份和聚合物连接角色明确，可归入有CCD定义的非标准氨基酸残基","https://www.rcsb.org/ligand/XDT","2026-09-01"
"XPL","N~6~-[(3R,5R)-5-amino-3-methyl-D-prolyl]-L-lysine","C12 H24 N4 O3","pdb-peptide-occurrence","confirmed-noncanonical-residue","l-peptide linking","wwPDB CCD将该化学组分定义为l-peptide linking单体；结构身份和聚合物连接角色明确，可归入有CCD定义的非标准氨基酸残基","https://www.rcsb.org/ligand/XPL","2026-09-01"
"XPR","(2S,3aS,6R,7aS)-6-(sulfooxy)octahydro-1H-indole-2-carboxylic acid","C9 H15 N O6 S","pdb-peptide-occurrence","confirmed-noncanonical-residue","l-peptide linking","wwPDB CCD将该化学组分定义为l-peptide linking单体；结构身份和聚合物连接角色明确，可归入有CCD定义的非标准氨基酸残基","https://www.rcsb.org/ligand/XPR","2026-09-01"
"XRE","5-hydroxyproline","C5 H9 N O3","pdb-peptide-occurrence","confirmed-noncanonical-residue","l-peptide linking","wwPDB CCD将该化学组分定义为l-peptide linking单体；结构身份和聚合物连接角色明确，可归入有CCD定义的非标准氨基酸残基","https://www.rcsb.org/ligand/XRE","2026-09-01"
"XRW","N~6~-[(2S)-2-hydroxypropanoyl]-L-lysine","C9 H18 N2 O4","pdb-peptide-occurrence","confirmed-noncanonical-residue","l-peptide linking","wwPDB CCD将该化学组分定义为l-peptide linking单体；结构身份和聚合物连接角色明确，可归入有CCD定义的非标准氨基酸残基","https://www.rcsb.org/ligand/XRW","2026-09-01"
"XSN","L-alpha-asparagine","C4 H8 N2 O3","pdb-peptide-occurrence","confirmed-noncanonical-residue","l-peptide linking","wwPDB CCD将该化学组分定义为l-peptide linking单体；结构身份和聚合物连接角色明确，可归入有CCD定义的非标准氨基酸残基","https://www.rcsb.org/ligand/XSN","2026-09-01"
"XW1","(2S)-2-amino-7-ethoxy-7-oxoheptanoic acid","C9 H17 N O4","pdb-peptide-occurrence","confirmed-noncanonical-residue","l-peptide linking","wwPDB CCD将该化学组分定义为l-peptide linking单体；结构身份和聚合物连接角色明确，可归入有CCD定义的非标准氨基酸残基","https://www.rcsb.org/ligand/XW1","2026-09-01"
"XXA","2,4,5-trideoxy-2-(methylamino)-4-[(2E)-penta-2,4-dien-1-yl]-L-xylonic acid","C11 H19 N O3","pdb-peptide-occurrence","confirmed-noncanonical-residue","l-peptide linking","wwPDB CCD将该化学组分定义为l-peptide linking单体；结构身份和聚合物连接角色明确，可归入有CCD定义的非标准氨基酸残基","https://www.rcsb.org/ligand/XXA","2026-09-01"
"XXY","2-[(1R,2R)-1-amino-2-hydroxypropyl]-1-(carboxymethyl)-4-(1H-imidazol-5-ylmethyl)-1H-imidazol-5-olate","C12 H16 N5 O4","pdb-peptide-occurrence","confirmed-noncanonical-residue","l-peptide linking","wwPDB CCD将该化学组分定义为l-peptide linking单体；结构身份和聚合物连接角色明确，可归入有CCD定义的非标准氨基酸残基","https://www.rcsb.org/ligand/XXY","2026-09-01"
"XYC","(2~{S})-2-azanyl-3-cyclopentyl-propanoic acid","C8 H15 N O2","pdb-peptide-occurrence","confirmed-noncanonical-residue","l-peptide linking","wwPDB CCD将该化学组分定义为l-peptide linking单体；结构身份和聚合物连接角色明确，可归入有CCD定义的非标准氨基酸残基","https://www.rcsb.org/ligand/XYC","2026-09-01"
"XYG","[(4Z)-2-[(1Z)-ETHANIMIDOYL]-4-(4-HYDROXYBENZYLIDENE)-5-OXO-4,5-DIHYDRO-1H-IMIDAZOL-1-YL]ACETIC ACID","C14 H13 N3 O4","pdb-peptide-occurrence","confirmed-noncanonical-residue","l-peptide linking","wwPDB CCD将该化学组分定义为l-peptide linking单体；结构身份和聚合物连接角色明确，可归入有CCD定义的非标准氨基酸残基","https://www.rcsb.org/ligand/XYG","2026-09-01"
"Y1V","(4R)-5-amino-L-leucine","C6 H14 N2 O2","pdb-peptide-occurrence","confirmed-noncanonical-residue","l-peptide linking","wwPDB CCD将该化学组分定义为l-peptide linking单体；结构身份和聚合物连接角色明确，可归入有CCD定义的非标准氨基酸残基","https://www.rcsb.org/ligand/Y1V","2026-09-01"
"Y57","N~6~-(2-phenylethyl)-N~6~-propan-2-yl-L-lysine","C17 H28 N2 O2","pdb-peptide-occurrence","confirmed-noncanonical-residue","l-peptide linking","wwPDB CCD将该化学组分定义为l-peptide linking单体；结构身份和聚合物连接角色明确，可归入有CCD定义的非标准氨基酸残基","https://www.rcsb.org/ligand/Y57","2026-09-01"
"YBR","N-methyl-D-glutamic acid","C6 H11 N O4","pdb-peptide-occurrence","confirmed-noncanonical-residue","d-peptide linking","wwPDB CCD将该化学组分定义为d-peptide linking单体；结构身份和聚合物连接角色明确，可归入有CCD定义的非标准氨基酸残基","https://www.rcsb.org/ligand/YBR","2026-09-01"
"YC3","3-[2-(sulfanylmethyl)phenyl]-L-phenylalanine","C16 H17 N O2 S","pdb-peptide-occurrence","confirmed-noncanonical-residue","l-peptide linking","wwPDB CCD将该化学组分定义为l-peptide linking单体；结构身份和聚合物连接角色明确，可归入有CCD定义的非标准氨基酸残基","https://www.rcsb.org/ligand/YC3","2026-09-01"
"YCM","S-(2-AMINO-2-OXOETHYL)-L-CYSTEINE","C5 H10 N2 O3 S","pdb-peptide-occurrence","confirmed-noncanonical-residue","l-peptide linking","wwPDB CCD将该化学组分定义为l-peptide linking单体；结构身份和聚合物连接角色明确，可归入有CCD定义的非标准氨基酸残基","https://www.rcsb.org/ligand/YCM","2026-09-01"
"YD5","N-(2-carboxyethyl)-L-alanine","C6 H11 N O4","pdb-peptide-occurrence","confirmed-noncanonical-residue","l-peptide linking","wwPDB CCD将该化学组分定义为l-peptide linking单体；结构身份和聚合物连接角色明确，可归入有CCD定义的非标准氨基酸残基","https://www.rcsb.org/ligand/YD5","2026-09-01"
"YF5","Agmatinamic acid","C10 H22 N4 O5","pdb-peptide-occurrence","confirmed-noncanonical-residue","peptide linking","wwPDB CCD将该化学组分定义为peptide linking单体；结构身份和聚合物连接角色明确，可归入有CCD定义的非标准氨基酸残基","https://www.rcsb.org/ligand/YF5","2026-09-01"
"YFQ","beta-N-methylamino-L-alanine","C4 H10 N2 O2","pdb-peptide-occurrence","confirmed-noncanonical-residue","l-peptide linking","wwPDB CCD将该化学组分定义为l-peptide linking单体；结构身份和聚合物连接角色明确，可归入有CCD定义的非标准氨基酸残基","https://www.rcsb.org/ligand/YFQ","2026-09-01"
"YFZ","(-)-Galantinic acid","C7 H15 N O5","pdb-peptide-occurrence","confirmed-noncanonical-residue","peptide linking","wwPDB CCD将该化学组分定义为peptide linking单体；结构身份和聚合物连接角色明确，可归入有CCD定义的非标准氨基酸残基","https://www.rcsb.org/ligand/YFZ","2026-09-01"
"YHA","Homocitrulline","C7 H15 N3 O3","pdb-peptide-occurrence","confirmed-noncanonical-residue","l-peptide linking","wwPDB CCD将该化学组分定义为l-peptide linking单体；结构身份和聚合物连接角色明确，可归入有CCD定义的非标准氨基酸残基","https://www.rcsb.org/ligand/YHA","2026-09-01"
"YOF","3-FLUOROTYROSINE","C9 H10 F N O3","pdb-peptide-occurrence","confirmed-noncanonical-residue","l-peptide linking","wwPDB CCD将该化学组分定义为l-peptide linking单体；结构身份和聚合物连接角色明确，可归入有CCD定义的非标准氨基酸残基","https://www.rcsb.org/ligand/YOF","2026-09-01"
"YRV","S-[(3-methylphenyl)methyl]-L-cysteine","C11 H15 N O2 S","pdb-peptide-occurrence","confirmed-noncanonical-residue","l-peptide linking","wwPDB CCD将该化学组分定义为l-peptide linking单体；结构身份和聚合物连接角色明确，可归入有CCD定义的非标准氨基酸残基","https://www.rcsb.org/ligand/YRV","2026-09-01"
"YTL","(2~{S})-2-(2-azanylethanoyloxy)-3-(4-hydroxyphenyl)propanoic acid","C11 H13 N O5","pdb-peptide-occurrence","confirmed-noncanonical-residue","l-peptide linking","wwPDB CCD将该化学组分定义为l-peptide linking单体；结构身份和聚合物连接角色明确，可归入有CCD定义的非标准氨基酸残基","https://www.rcsb.org/ligand/YTL","2026-09-01"
"YWF","gamma-aminobutenoic acid","C4 H7 N O2","pdb-peptide-occurrence","confirmed-noncanonical-residue","peptide linking","wwPDB CCD将该化学组分定义为peptide linking单体；结构身份和聚合物连接角色明确，可归入有CCD定义的非标准氨基酸残基","https://www.rcsb.org/ligand/YWF","2026-09-01"
"YYA","2,4,5-trideoxy-2-(methylamino)-4-[(2Z)-penta-2,4-dien-1-yl]-L-xylonic acid","C11 H19 N O3","pdb-peptide-occurrence","confirmed-noncanonical-residue","l-peptide linking","wwPDB CCD将该化学组分定义为l-peptide linking单体；结构身份和聚合物连接角色明确，可归入有CCD定义的非标准氨基酸残基","https://www.rcsb.org/ligand/YYA","2026-09-01"
"Z01","3-[(2,2-dimethylpropanoyl)amino]-L-alanine","C8 H16 N2 O3","candidate-pending","confirmed-noncanonical-residue","l-peptide linking","wwPDB CCD将该化学组分定义为l-peptide linking单体；结构身份和聚合物连接角色明确，可归入有CCD定义的非标准氨基酸残基","https://www.rcsb.org/ligand/Z01","2026-09-01"
"Z3E","O-benzyl-L-threonine","C11 H15 N O3","pdb-peptide-occurrence","confirmed-noncanonical-residue","l-peptide linking","wwPDB CCD将该化学组分定义为l-peptide linking单体；结构身份和聚合物连接角色明确，可归入有CCD定义的非标准氨基酸残基","https://www.rcsb.org/ligand/Z3E","2026-09-01"
"Z70","(2S)-2-amino-4-(2-amino-1H-imidazol-5-yl)butanoic acid","C7 H12 N4 O2","candidate-pending","confirmed-noncanonical-residue","l-peptide linking","wwPDB CCD将该化学组分定义为l-peptide linking单体；结构身份和聚合物连接角色明确，可归入有CCD定义的非标准氨基酸残基","https://www.rcsb.org/ligand/Z70","2026-09-01"
"Z9J","3-{[(3-{[(2-aminoethyl)sulfanyl]methyl}phenyl)methyl]sulfanyl}propanoic acid","C13 H19 N O2 S2","pdb-peptide-occurrence","confirmed-noncanonical-residue","peptide linking","wwPDB CCD将该化学组分定义为peptide linking单体；结构身份和聚合物连接角色明确，可归入有CCD定义的非标准氨基酸残基","https://www.rcsb.org/ligand/Z9J","2026-09-01"
"ZAE","N-methyl-D-phenylalanine","C10 H13 N O2","pdb-peptide-occurrence","confirmed-noncanonical-residue","d-peptide linking","wwPDB CCD将该化学组分定义为d-peptide linking单体；结构身份和聚合物连接角色明确，可归入有CCD定义的非标准氨基酸残基","https://www.rcsb.org/ligand/ZAE","2026-09-01"
"ZAL","3-cyclohexyl-D-alanine","C9 H17 N O2","pdb-peptide-occurrence","confirmed-noncanonical-residue","d-peptide linking","wwPDB CCD将该化学组分定义为d-peptide linking单体；结构身份和聚合物连接角色明确，可归入有CCD定义的非标准氨基酸残基","https://www.rcsb.org/ligand/ZAL","2026-09-01"
"ZBZ","S-(phenylcarbonyl)-L-cysteine","C10 H11 N O3 S","pdb-peptide-occurrence","confirmed-noncanonical-residue","l-peptide linking","wwPDB CCD将该化学组分定义为l-peptide linking单体；结构身份和聚合物连接角色明确，可归入有CCD定义的非标准氨基酸残基","https://www.rcsb.org/ligand/ZBZ","2026-09-01"
"ZCL","3,4-dichloro-L-phenylalanine","C9 H9 Cl2 N O2","pdb-peptide-occurrence","confirmed-noncanonical-residue","l-peptide linking","wwPDB CCD将该化学组分定义为l-peptide linking单体；结构身份和聚合物连接角色明确，可归入有CCD定义的非标准氨基酸残基","https://www.rcsb.org/ligand/ZCL","2026-09-01"
"ZDJ","3-methyl-L-tyrosine","C10 H13 N O3","pdb-peptide-occurrence","confirmed-noncanonical-residue","l-peptide linking","wwPDB CCD将该化学组分定义为l-peptide linking单体；结构身份和聚合物连接角色明确，可归入有CCD定义的非标准氨基酸残基","https://www.rcsb.org/ligand/ZDJ","2026-09-01"
"ZGL","D-alpha-glutamine","C5 H10 N2 O3","pdb-peptide-occurrence","confirmed-noncanonical-residue","d-peptide linking","wwPDB CCD将该化学组分定义为d-peptide linking单体；结构身份和聚合物连接角色明确，可归入有CCD定义的非标准氨基酸残基","https://www.rcsb.org/ligand/ZGL","2026-09-01"
"ZIQ","alpha-methyl-L-tryptophan","C12 H14 N2 O2","candidate-pending","confirmed-noncanonical-residue","l-peptide linking","wwPDB CCD将该化学组分定义为l-peptide linking单体；结构身份和聚合物连接角色明确，可归入有CCD定义的非标准氨基酸残基","https://www.rcsb.org/ligand/ZIQ","2026-09-01"
"ZLF","S-(1-FLUORO-3,5-DIMETHYLBENZENE)-CYSTEINE","C11 H14 F N O2 S","pdb-peptide-occurrence","confirmed-noncanonical-residue","l-peptide linking","wwPDB CCD将该化学组分定义为l-peptide linking单体；结构身份和聚合物连接角色明确，可归入有CCD定义的非标准氨基酸残基","https://www.rcsb.org/ligand/ZLF","2026-09-01"
"ZRF","2-[(4E)-2-[(1S)-1-aminoethyl]-4-(hydroxymethylidene)-5-oxo-4,5-dihydro-1H-imidazol-1-yl]acetic acid","C8 H11 N3 O4","pdb-peptide-occurrence","confirmed-noncanonical-residue","l-peptide linking","wwPDB CCD将该化学组分定义为l-peptide linking单体；结构身份和聚合物连接角色明确，可归入有CCD定义的非标准氨基酸残基","https://www.rcsb.org/ligand/ZRF","2026-09-01"
"ZSX","(2R)-amino(4-methoxyphenyl)acetic acid","C9 H11 N O3","pdb-peptide-occurrence","confirmed-noncanonical-residue","d-peptide linking","wwPDB CCD将该化学组分定义为d-peptide linking单体；结构身份和聚合物连接角色明确，可归入有CCD定义的非标准氨基酸残基","https://www.rcsb.org/ligand/ZSX","2026-09-01"
"ZTC","(2S)-amino(3,5-dimethoxyphenyl)acetic acid","C10 H13 N O4","candidate-pending","confirmed-noncanonical-residue","d-peptide linking","wwPDB CCD将该化学组分定义为d-peptide linking单体；结构身份和聚合物连接角色明确，可归入有CCD定义的非标准氨基酸残基","https://www.rcsb.org/ligand/ZTC","2026-09-01"
"ZTK","(2S)-2-amino-3-cyanopropanoic acid","C4 H6 N2 O2","pdb-peptide-occurrence","confirmed-noncanonical-residue","l-peptide linking","wwPDB CCD将该化学组分定义为l-peptide linking单体；结构身份和聚合物连接角色明确，可归入有CCD定义的非标准氨基酸残基","https://www.rcsb.org/ligand/ZTK","2026-09-01"
"ZU0","O-tert-butyl-L-threonine","C8 H17 N O3","pdb-peptide-occurrence","confirmed-noncanonical-residue","l-peptide linking","wwPDB CCD将该化学组分定义为l-peptide linking单体；结构身份和聚合物连接角色明确，可归入有CCD定义的非标准氨基酸残基","https://www.rcsb.org/ligand/ZU0","2026-09-01"
"ZUK","5-pyrimidin-2-yl-D-norvaline","C9 H13 N3 O2","pdb-peptide-occurrence","confirmed-noncanonical-residue","d-peptide linking","wwPDB CCD将该化学组分定义为d-peptide linking单体；结构身份和聚合物连接角色明确，可归入有CCD定义的非标准氨基酸残基","https://www.rcsb.org/ligand/ZUK","2026-09-01"
"ZY9","6-(aminomethyl)pyridine-2-carboxylic acid","C7 H8 N2 O2","pdb-peptide-occurrence","confirmed-noncanonical-residue","l-peptide linking","wwPDB CCD将该化学组分定义为l-peptide linking单体；结构身份和聚合物连接角色明确，可归入有CCD定义的非标准氨基酸残基","https://www.rcsb.org/ligand/ZY9","2026-09-01"
"ZYJ","(4R)-4-({[(1E)-(3,4-dimethoxyphenyl)methylidene]amino}oxy)-L-proline","C14 H18 N2 O5","pdb-peptide-occurrence","confirmed-noncanonical-residue","l-peptide linking","wwPDB CCD将该化学组分定义为l-peptide linking单体；结构身份和聚合物连接角色明确，可归入有CCD定义的非标准氨基酸残基","https://www.rcsb.org/ligand/ZYJ","2026-09-01"
"ZZU","(2S,3S)-3-HYDROXYARGININE","C6 H14 N4 O3","candidate-pending","confirmed-noncanonical-residue","l-peptide linking","wwPDB CCD将该化学组分定义为l-peptide linking单体；结构身份和聚合物连接角色明确，可归入有CCD定义的非标准氨基酸残基","https://www.rcsb.org/ligand/ZZU","2026-09-01"
"8AY","3-[6-(propan-2-yl)-1,3-benzothiazol-2-yl]-L-alanine","C13 H16 N2 O2 S","candidate-pending","confirmed-noncanonical-residue","NON-POLYMER","wwPDB assigns ALA as the nonstandard parent; the released stereochemical structure is an L-alanine side-chain analogue.","https://www.rcsb.org/ligand/8AY","2026-09-01"
"A1AV8","N-(prop-2-en-1-yl)glycine","C5 H9 N O2","candidate-pending","confirmed-noncanonical-residue","non-polymer","wwPDB assigns GLY as parent and PubChem registers the independent compound N-allylglycine.","https://www.rcsb.org/ligand/A1AV8","2026-09-01"
"A1JJC","N-Phenylglycine","C8 H9 N O2","candidate-pending","confirmed-noncanonical-residue","non-polymer","wwPDB assigns GLY as parent and PubChem registers N-phenylglycine as an independent compound.","https://www.rcsb.org/ligand/A1JJC","2026-09-01"
"AVJ","N,N,N-trimethyl-histidine","C9 H16 N3 O2","candidate-pending","confirmed-noncanonical-residue","NON-POLYMER","wwPDB assigns HIS as parent; hercynine is a registered trimethylhistidine, i.e. a non-proteinogenic histidine derivative.","https://www.rcsb.org/ligand/AVJ","2026-09-01"
"FFL","5,5'-difluoroleucines","C6 H11 F2 N O2","pdb-peptide-occurrence","confirmed-noncanonical-residue","non-polymer","5,5'-二氟亮氨酸由培养体系作为亮氨酸类似物引入蛋白，并在多个亮氨酸位点形成聚合物残基；可确认为非天然氨基酸。","https://www.rcsb.org/ligand/FFL","2026-09-01"
"H1D","(2S)-2-AMINO-4-[(2R,3S)-2,3-DIHYDROXY-3-N-HYDROXYCARBAMOYL-PROPYLMERCAPTO]BUTYRIC ACID","C8 H16 N2 O6 S","candidate-pending","confirmed-noncanonical-residue","NON-POLYMER","wwPDB assigns MET as parent and preserves the complete free alpha-amino-acid center; this confirms methionine-derivative identity, not peptide usability.","https://www.rcsb.org/ligand/H1D","2026-09-01"
"HYI","(2S)-2-AMINO-4-[(2R,3R)-2,3-DIHYDROXY-3-N-HYDROXYCARBAMOYL-PROPYLMERCAPTO]BUTYRIC ACID","C8 H16 N2 O6 S","candidate-pending","confirmed-noncanonical-residue","NON-POLYMER","wwPDB assigns MET as parent and preserves the complete free alpha-amino-acid center; this stereoisomer is a defined methionine derivative.","https://www.rcsb.org/ligand/HYI","2026-09-01"
"I3D","5,6-difluoro-tryptophan","C11 H10 F2 N2 O2","pdb-peptide-occurrence","confirmed-noncanonical-residue","non-polymer","5,6-二氟色氨酸被用于替换LmrR蛋白的Trp-67和Trp-96；原论文与PDB条目均明确称其为非天然氨基酸。","https://www.rcsb.org/ligand/I3D","2026-09-01"
"ILY","N~6~-propan-2-yl-L-lysine","C9 H20 N2 O2","pdb-peptide-occurrence","resolved-special-reference","NON-POLYMER","N6-异丙基赖氨酸来自纯化后蛋白的还原异丙基化处理，用于改善ZbmA结晶；不是以独立氨基酸单体翻译或肽合成加入。","https://www.rcsb.org/ligand/ILY","2026-09-01"
"O18","O-palmitoleoyl serine","C19 H35 N O4","pdb-peptide-occurrence","resolved-nonmonomer","non-polymer","该组分是脂肪酸合酶MPT活性位点丝氨酸与脂肪酸形成的酰化酶中间态，不是作为独立非天然氨基酸单体加入。","https://www.rcsb.org/ligand/O18","2026-09-01"
"OO0","ALLIIN","C6 H11 N O3 S","candidate-pending","confirmed-noncanonical-residue","NON-POLYMER","wwPDB assigns CYS as parent; alliin is a defined S-substituted cysteine/non-proteinogenic amino acid.","https://www.rcsb.org/ligand/OO0","2026-09-01"
"P5U","O-[(4-cyanophenyl)sulfonyl]-L-serine","C10 H10 N2 O5 S","pdb-peptide-occurrence","resolved-nonmonomer","NON-POLYMER","该结构由丝氨酸蛋白酶活性位点丝氨酸与4-氰基苯磺酰氟抑制剂反应形成，是共价抑制剂加合物，不是氨基酸单体。","https://www.rcsb.org/ligand/P5U","2026-09-01"
"SBG","O-[(S)-HYDROXY(METHYL)PHOSPHORYL]-L-SERINE","C4 H10 N O5 P","pdb-peptide-occurrence","resolved-nonmonomer","NON-POLYMER","该组分是胆碱酯酶催化丝氨酸被沙林、VX或梭曼磷酰化并老化后的共价产物，不是独立非天然氨基酸。","https://www.rcsb.org/ligand/SBG","2026-09-01"
"SDB","(4S)-2-[(1S)-1-amino-2-hydroxyethyl]-3,4,5,6-tetrahydropyrimidine-4-carboxylic acid","C7 H13 N3 O3","candidate-pending","confirmed-noncanonical-residue","non-polymer","wwPDB assigns SER as parent and records a discrete stereochemical serine-derived amino acid.","https://www.rcsb.org/ligand/SDB","2026-09-01"
"TFW","5,6,7-trifluoro-tryptophan","C11 H9 F3 N2 O2","pdb-peptide-occurrence","confirmed-noncanonical-residue","non-polymer","5,6,7-三氟色氨酸被用于替换LmrR蛋白的Trp-67和Trp-96；属于有明确实验使用记录的非天然氨基酸。","https://www.rcsb.org/ligand/TFW","2026-09-01"
"00M","(2R,3S)-3-amino-2-hydroxy-4-phenylbutanoic acid","C10 H13 N O3","candidate-pending","confirmed-noncanonical-residue","peptide-like","The official CCD and PubChem records define a discrete beta-amino-alpha-hydroxy carboxylic acid with fixed stereochemistry (a statine-like non-proteinogenic amino acid).","https://www.rcsb.org/ligand/00M","2026-09-01"
"00U","(1S,7S)-7-amino-7-benzyl-8-oxohexahydro-1H-pyrazolo[1,2-a]pyridazine-1-carboxylic acid","C15 H19 N3 O3","candidate-pending","resolved-special-reference","peptide-like","wwPDB BIRD uses 00U as a bicyclic peptidomimetic subcomponent of thrombin inhibitors, not as an ordinary standalone amino-acid monomer.","https://www.rcsb.org/ligand/00U","2026-09-01"
"00V","(2S,3S)-3,7-diamino-2-hydroxyheptanoic acid","C7 H16 N2 O3","candidate-pending","resolved-special-reference","peptide-like","wwPDB BIRD uses 00V as the hydroxyethylene-like middle unit of the thrombin inhibitor MOL-106; retain as a peptidomimetic building-block reference.","https://www.rcsb.org/ligand/00V","2026-09-01"
"00W","3-amino-6-carbamimidamido-3,4,5,6-tetradeoxy-L-erythro-hexonic acid","C7 H16 N4 O3","candidate-pending","resolved-special-reference","peptide-like","wwPDB BIRD uses 00W as a hydroxyethylene/arginine-mimetic unit of thrombin inhibitor MOL-126 rather than an ordinary amino-acid monomer.","https://www.rcsb.org/ligand/00W","2026-09-01"
"021","N-cyclopentylglycine","C7 H13 N O2","candidate-pending","confirmed-noncanonical-residue","peptide-like","The CCD/PubChem identity is the discrete secondary amino acid N-cyclopentylglycine; identity is confirmed although peptide coupling remains unreviewed.","https://www.rcsb.org/ligand/021","2026-09-01"
"0TF","N~6~-D-ornithyl-L-lysine","C11 H24 N4 O3","candidate-pending","resolved-special-reference","NON-POLYMER","N6-D-ornithyl-L-lysine contains two amino-acid units joined through a lysine-side-chain amide and is a pyrrolysine-biosynthesis intermediate, not one ordinary monomer.","https://www.rcsb.org/ligand/0TF","2026-09-01"
"0XW","(2S,4R)-4-hydroxy-1,1-dimethylpyrrolidinium-2-carboxylate","C7 H13 N O3","candidate-pending","confirmed-noncanonical-residue","NON-POLYMER","Betonicine is a registered hydroxyproline betaine/non-proteinogenic amino acid; its quaternary nitrogen limits peptide coupling but not chemical identity.","https://www.rcsb.org/ligand/0XW","2026-09-01"
"108","2-(5-CARBAMIMIDOYL-2-HYDROXY-BENZYLAMINO)-PROPIONIC ACID","C11 H15 N3 O3","candidate-pending","confirmed-noncanonical-residue","NON-POLYMER","CCD and PubChem define a discrete N-substituted alanine derivative with one carboxylate and a secondary amino center.","https://www.rcsb.org/ligand/108","2026-09-01"
"109","2-(4-CARBAMIMIDOYL-2-HYDROXY-BENZYLAMINO)-PROPIONIC ACID","C11 H15 N3 O3","candidate-pending","confirmed-noncanonical-residue","NON-POLYMER","CCD and PubChem define the positional isomer as a discrete N-substituted alanine derivative.","https://www.rcsb.org/ligand/109","2026-09-01"
"11C","(2R)-2-aminohexanedioic acid","C6 H11 N O4","candidate-pending","confirmed-noncanonical-residue","NON-POLYMER","PubChem identifies the exact stereoisomer as D-alpha-aminoadipic acid, a well-defined non-proteinogenic amino acid.","https://www.rcsb.org/ligand/11C","2026-09-01"
"12N","(2R,3S)-3-amino-4-cyclobutyl-2-hydroxybutanoic acid","C8 H15 N O3","candidate-pending","confirmed-noncanonical-residue","NON-POLYMER","CCD and PubChem register the stereochemically defined beta-amino-alpha-hydroxy acid as an independent compound.","https://www.rcsb.org/ligand/12N","2026-09-01"
"1J1","N~6~-[(2R)-3,4-dihydro-2H-pyrrol-2-ylcarbonyl]-L-lysine","C11 H19 N3 O3","candidate-pending","confirmed-noncanonical-residue","NON-POLYMER","Pyrroline-carboxy-lysine is an isolated lysine-derived amino-acid intermediate bound by PylD during pyrrolysine biosynthesis; it is not a post-expression protein adduct.","https://www.rcsb.org/ligand/1J1","2026-09-01"
"1KJ","N~5~-(N-methoxycarbamimidoyl)-L-ornithine","C7 H16 N4 O3","candidate-pending","confirmed-noncanonical-residue","NON-POLYMER","CCD/PubChem define a discrete modified L-ornithine retaining the free alpha-amino and carboxyl groups.","https://www.rcsb.org/ligand/1KJ","2026-09-01"
"1N4","(2R)-amino(1-hydroxy-4-propyl-1H-pyrazol-5-yl)ethanoic acid","C8 H13 N3 O3","candidate-pending","confirmed-noncanonical-residue","NON-POLYMER","CCD/PubChem define a discrete stereochemical aminoacetic-acid analogue with a free amino and carboxyl group.","https://www.rcsb.org/ligand/1N4","2026-09-01"
"1RT","4-amino-2-oxo-1,2-dihydropyrimidine-5-carboxylic acid","C5 H5 N3 O3","candidate-pending","resolved-nonmonomer","NON-POLYMER","PubChem identifies this compound as 5-carboxycytosine; the amino group is on a pyrimidine nucleobase and it is not an amino acid.","https://www.rcsb.org/ligand/1RT","2026-09-01"
"1X0","(2S)-2-aminooct-7-enoic acid","C8 H15 N O2","candidate-pending","confirmed-noncanonical-residue","NON-POLYMER","CCD/PubChem define (S)-2-aminooct-7-enoic acid, a discrete unsaturated alpha-amino acid.","https://www.rcsb.org/ligand/1X0","2026-09-01"
"1Y2","(2S)-amino(4,4-difluorocyclohexyl)ethanoic acid","C8 H13 F2 N O2","candidate-pending","confirmed-noncanonical-residue","NON-POLYMER","CCD/PubChem define a stereochemically resolved difluorocyclohexylglycine analogue.","https://www.rcsb.org/ligand/1Y2","2026-09-01"
"22N","(3R,4S,5S)-4-(acetylamino)-5-amino-3-(pentan-3-yloxy)cyclohex-1-ene-1-carboxylic acid","C14 H24 N2 O4","candidate-pending","resolved-nonmonomer","NON-POLYMER","The cyclohexene carboxylate with acetamide and pentan-3-yloxy substituents is the oseltamivir-carboxylate drug scaffold, not an amino-acid monomer.","https://www.rcsb.org/ligand/22N","2026-09-01"
"22P","(2R)-2-(aminomethyl)-2-hydroxy-4-phenylbutanoic acid","C11 H15 N O3","candidate-pending","confirmed-noncanonical-residue","NON-POLYMER","The official CCD defines a single stereochemically resolved beta-amino-alpha-hydroxy carboxylic acid with a primary aminomethyl group; absence of a PubChem mapping does not make the released chemical identity ambiguous.","https://www.rcsb.org/ligand/22P","2026-09-01"
"247","(3R)-3-amino-2,2-difluoro-3-(4-hydroxyphenyl)propanoic acid","C9 H9 F2 N O3","candidate-pending","confirmed-noncanonical-residue","NON-POLYMER","PubChem registers the exact stereochemical difluoro beta-amino-acid analogue with free amino and carboxyl groups.","https://www.rcsb.org/ligand/247","2026-09-01"
"26P","2-AMINO-6-OXOPIMELIC ACID","C7 H11 N O5","candidate-pending","confirmed-noncanonical-residue","NON-POLYMER","PubChem identifies (S)-2-amino-6-oxoheptanedioic acid, a discrete amino-dicarboxylic acid/metabolic amino-acid analogue.","https://www.rcsb.org/ligand/26P","2026-09-01"
"296","(3R)-3-amino-2,2-difluoro-3-(4-methoxyphenyl)propanoic acid","C10 H11 F2 N O3","candidate-pending","confirmed-noncanonical-residue","NON-POLYMER","PubChem registers the exact (3R)-difluoro beta-amino acid and the CCD stereochemistry agrees.","https://www.rcsb.org/ligand/296","2026-09-01"
"2A0","N-[(2S)-2-aminohexyl]-L-norleucine","C12 H26 N2 O2","candidate-pending","resolved-special-reference","peptide-like","The PEPTIDE-LIKE CCD joins two long-chain amino centers through a secondary amine and functions as a peptidomimetic unit; it is not a conventional single amino-acid monomer.","https://www.rcsb.org/ligand/2A0","2026-09-01"
"2B8","(5R)-5-(3-aminopropyl)-1-propyl-4,5,6,7-tetrahydro-1H-benzimidazole-5-carboxylic acid","C14 H23 N3 O2","candidate-pending","confirmed-noncanonical-residue","NON-POLYMER","CCD/PubChem define an independent gamma-amino carboxylic-acid analogue with fixed stereochemistry; peptide usability remains unreviewed.","https://www.rcsb.org/ligand/2B8","2026-09-01"
"2BH","[(1E,5S)-5-AMINO-5-CARBOXYPENT-1-ENYL](TRIHYDROXY)BORATE(1-)","C6 H13 B N O5","candidate-pending","confirmed-noncanonical-residue","NON-POLYMER","PubChem identifies dehydro-(S)-amino-6-boronohexanoic acid, a discrete boron-containing non-proteinogenic amino acid.","https://www.rcsb.org/ligand/2BH","2026-09-01"
"2C0","baclofen","C10 H12 Cl N O2","candidate-pending","confirmed-noncanonical-residue","NON-POLYMER","PubChem identifies the exact stereoisomer as arbaclofen, a non-proteinogenic gamma-amino acid; drug status does not erase amino-acid identity.","https://www.rcsb.org/ligand/2C0","2026-09-01"
"2CG","(1R,2R)-3-[(S)-amino(carboxy)methyl]cyclopropane-1,2-dicarboxylic acid","C7 H9 N O6","candidate-pending","confirmed-noncanonical-residue","NON-POLYMER","PubChem identifies DCG-IV as a stereochemically defined cyclopropyl glutamate/amino-acid analogue.","https://www.rcsb.org/ligand/2CG","2026-09-01"
"2K8","(6R)-2-amino-4-oxo-3,4,5,6,7,8-hexahydropteridine-6-carboxylic acid","C7 H9 N5 O3","candidate-pending","resolved-nonmonomer","NON-POLYMER","The structure is 6-carboxy-tetrahydropterin: its exocyclic amino group belongs to a pterin heterocycle, so it is a cofactor-like metabolite rather than an amino acid.","https://www.rcsb.org/ligand/2K8","2026-09-01"
"2KJ","N~5~-(N-ethoxycarbamimidoyl)-L-ornithine","C8 H18 N4 O3","candidate-pending","confirmed-noncanonical-residue","NON-POLYMER","CCD/PubChem define a discrete N5-ethoxyamidino L-ornithine with intact alpha-amino-acid functionality.","https://www.rcsb.org/ligand/2KJ","2026-09-01"
"2MM","N,N-dimethyl-L-methionine","C7 H15 N O2 S","candidate-pending","confirmed-noncanonical-residue","NON-POLYMER","PubChem identifies N,N-dimethyl-L-methionine, a discrete non-proteinogenic methionine derivative; tertiary N limits coupling but not identity.","https://www.rcsb.org/ligand/2MM","2026-09-01"
"2NP","L-2-AMINO-6-METHYLENE-PIMELIC ACID","C8 H13 N O4","candidate-pending","confirmed-noncanonical-residue","NON-POLYMER","PubChem identifies L-2-amino-6-methylenepimelic acid, a discrete non-proteinogenic amino-dicarboxylic acid.","https://www.rcsb.org/ligand/2NP","2026-09-01"
"2QE","(2S,4R)-4-(3-Methoxy-3-oxopropyl) glutamic acid","C9 H15 N O6","candidate-pending","confirmed-noncanonical-residue","NON-POLYMER","CCD/PubChem define a stereochemically resolved substituted L-glutamic acid.","https://www.rcsb.org/ligand/2QE","2026-09-01"
"2SU","alpha-(fluoromethyl)-D-tryptophan","C12 H13 F N2 O2","candidate-pending","confirmed-noncanonical-residue","NON-POLYMER","PubChem identifies alpha-(fluoromethyl)-D-tryptophan, a discrete non-proteinogenic tryptophan analogue.","https://www.rcsb.org/ligand/2SU","2026-09-01"
"35K","(2S)-2-amino-4-(2,3-dioxo-1,2,3,4-tetrahydroquinoxalin-6-yl)butanoic acid","C12 H13 N3 O4","candidate-pending","confirmed-noncanonical-residue","NON-POLYMER","CCD/PubChem define a discrete quinoxalinedione-substituted alpha-amino acid with fixed S stereochemistry.","https://www.rcsb.org/ligand/35K","2026-09-01"
"3DJ","(2S)-2-amino-4-(2-amino-3-hydroxyphenyl)-4-oxobutanoic acid","C10 H12 N2 O4","candidate-pending","confirmed-noncanonical-residue","NON-POLYMER","PubChem identifies 3-hydroxy-L-kynurenine, a defined non-proteinogenic amino-acid metabolite.","https://www.rcsb.org/ligand/3DJ","2026-09-01"
"3ER","(2S)-(3-chlorophenyl)[(methylsulfonyl)amino]ethanoic acid","C9 H10 Cl N O4 S","candidate-pending","confirmed-noncanonical-residue","NON-POLYMER","CCD/PubChem define a discrete N-sulfonyl chlorophenylglycine derivative; identity is confirmed although its protected nitrogen may prevent ordinary peptide coupling.","https://www.rcsb.org/ligand/3ER","2026-09-01"
"3FK","(2R)-(3,5-dichlorophenyl)(dimethylamino)ethanoic acid","C10 H11 Cl2 N O2","candidate-pending","confirmed-noncanonical-residue","NON-POLYMER","CCD/PubChem define a discrete dimethylamino dichlorophenylglycine derivative; tertiary N limits coupling but not amino-acid identity.","https://www.rcsb.org/ligand/3FK","2026-09-01"
"3GC","GAMMA-GLUTAMYLCYSTEINE","C8 H14 N2 O5 S","candidate-pending","resolved-special-reference","NON-POLYMER","Gamma-glutamylcysteine contains glutamate and cysteine joined by an amide bond and is a dipeptide, not one non-natural amino acid.","https://www.rcsb.org/ligand/3GC","2026-09-01"
"3GE","N-[(1E)-2-formyl-3-hydroxyprop-1-en-1-yl]-3-[(S)-sulfino]-D-valine","C9 H15 N O6 S","candidate-pending","resolved-nonmonomer","NON-POLYMER","RCSB records this as the covalently linked reaction product in beta-lactamase exposed to a penicillanic-acid sulfone; it is not an independently introduced amino acid.","https://www.rcsb.org/ligand/3GE","2026-09-01"
"3K0","N-sulfamoyl-L-glutamic acid","C5 H10 N2 O6 S","candidate-pending","confirmed-noncanonical-residue","NON-POLYMER","CCD/PubChem define N-sulfamoyl-L-glutamic acid as a discrete glutamate derivative.","https://www.rcsb.org/ligand/3K0","2026-09-01"
"3KJ","N~5~-(N-hydroxy-N-methylcarbamimidoyl)-L-ornithine","C7 H16 N4 O3","candidate-pending","confirmed-noncanonical-residue","NON-POLYMER","CCD/PubChem define a discrete N5-hydroxy-N-methylamidino L-ornithine with intact alpha-amino-acid functionality.","https://www.rcsb.org/ligand/3KJ","2026-09-01"
"3RG","2-[(carboxymethyl)amino]benzoic acid","C9 H9 N O4","candidate-pending","confirmed-noncanonical-residue","NON-POLYMER","PubChem identifies N-(2-carboxyphenyl)glycine, a discrete N-substituted glycine derivative.","https://www.rcsb.org/ligand/3RG","2026-09-01"
"3V5","(3S,5S)-3-({[(aminomethyl)amino]methyl}sulfanyl)-5-[(2S)-1,3-dioxobutan-2-yl]-L-proline","C11 H19 N3 O4 S","candidate-pending","resolved-nonmonomer","NON-POLYMER","RCSB identifies this as the open form of an olivanic-acid analogue; it is a beta-lactam-related opened product rather than an independently defined amino-acid monomer.","https://www.rcsb.org/ligand/3V5","2026-09-01"
"3ZA","(4R)-4-{3-[hydroxy(methyl)amino]-3-oxopropyl}-L-glutamic acid","C9 H16 N2 O6","candidate-pending","confirmed-noncanonical-residue","NON-POLYMER","CCD and PubChem register a discrete stereochemically defined glutamic-acid derivative with an intact amino-acid center.","https://www.rcsb.org/ligand/3ZA","2026-09-01"
"40F","(1S,2S,5R,6S)-2-aminobicyclo[3.1.0]hexane-2,6-dicarboxylic acid","C8 H11 N O4","candidate-pending","confirmed-noncanonical-residue","NON-POLYMER","CCD and PubChem define a discrete aminobicyclohexane dicarboxylic acid; its constrained amino-acid identity is clear although peptide use remains unreviewed.","https://www.rcsb.org/ligand/40F","2026-09-01"
"40H","(1R,4S,5S,6S)-4-aminospiro[bicyclo[3.1.0]hexane-2,1'-cyclopropane]-4,6-dicarboxylic acid","C10 H13 N O4","candidate-pending","confirmed-noncanonical-residue","NON-POLYMER","CCD and PubChem define a discrete amino-spirobicyclic dicarboxylic acid and preserve an independently identifiable amino-acid scaffold.","https://www.rcsb.org/ligand/40H","2026-09-01"
"42B","4-AMINO-2-HYDROXYBUTANOIC ACID","C4 H9 N O3","candidate-pending","confirmed-noncanonical-residue","NON-POLYMER","PubChem registers 4-amino-2-hydroxybutanoic acid as a discrete hydroxy gamma-amino acid.","https://www.rcsb.org/ligand/42B","2026-09-01"
"4E5","(3R)-3-(3-carboxy-5-hydroxyphenyl)-L-proline","C12 H13 N O5","candidate-pending","confirmed-noncanonical-residue","NON-POLYMER","CCD and PubChem register the exact carboxy-hydroxyphenyl proline derivative as an independent amino acid.","https://www.rcsb.org/ligand/4E5","2026-09-01"
"4E7","(3R,4S)-3-(3-carboxyphenyl)-4-propyl-L-proline","C15 H19 N O4","candidate-pending","confirmed-noncanonical-residue","NON-POLYMER","CCD and PubChem register the exact carboxyphenyl-propyl proline derivative as an independent amino acid.","https://www.rcsb.org/ligand/4E7","2026-09-01"
"4JK","(S)-2-AMINO-5-(2-HYDROXYACETIMIDAMIDO)PENTANOIC ACID","C7 H15 N3 O3","candidate-pending","confirmed-noncanonical-residue","non-polymer","The CCD/PubChem structure is a discrete amidino-substituted ornithine-like amino acid with intact alpha-amino and carboxyl groups.","https://www.rcsb.org/ligand/4JK","2026-09-01"
"4KJ","(5E)-5-[(N-methoxy-N-methylcarbamimidoyl)imino]-L-norvaline","C8 H16 N4 O3","candidate-pending","confirmed-noncanonical-residue","NON-POLYMER","The released CCD structure defines a single methoxy/methyl-carbamimidoyl norvaline derivative with an intact alpha-amino-acid center; no peptide-use claim is made.","https://www.rcsb.org/ligand/4KJ","2026-09-01"
"52A","(2R,4R)-4-aminopyrrolidine-2,4-dicarboxylic acid","C6 H10 N2 O4","candidate-pending","confirmed-noncanonical-residue","NON-POLYMER","CCD and PubChem define a discrete aminopyrrolidine dicarboxylic acid with fixed stereochemistry.","https://www.rcsb.org/ligand/52A","2026-09-01"
"52Q","(1R,2S,4R,5R,6R)-2-amino-4-(1H-1,2,4-triazol-3-ylsulfanyl)bicyclo[3.1.0]hexane-2,6-dicarboxylic acid","C10 H12 N4 O4 S","candidate-pending","confirmed-noncanonical-residue","NON-POLYMER","PubChem identifies LY-2812223 as a discrete stereochemically defined amino-acid analogue; pharmacological use does not erase its chemical identity.","https://www.rcsb.org/ligand/52Q","2026-09-01"
"55P","(2R,4R)-4-amino-2-methyl-5-phenylpentanoic acid","C12 H17 N O2","candidate-pending","confirmed-noncanonical-residue","NON-POLYMER","The CCD structure defines a single amino-methyl-phenylpentanoic acid with free amino and carboxyl functions; independent peptide use remains unreviewed.","https://www.rcsb.org/ligand/55P","2026-09-01"
"5AR","(2S)-2-amino-4-[5-(4-aminobutyl)-1,3,4-oxadiazol-2-yl]butanoic acid","C10 H18 N4 O3","candidate-pending","confirmed-noncanonical-residue","NON-POLYMER","The CCD structure defines a single oxadiazole-substituted diamino carboxylic acid rather than a multi-residue conjugate.","https://www.rcsb.org/ligand/5AR","2026-09-01"
"5DM","N-[(2S)-2-amino-3-phenylpropyl]-D-methionine","C14 H22 N2 O2 S","candidate-pending","resolved-special-reference","peptide-like","The structure contains two amino-acid-like centers joined through a secondary amine and is best retained as a peptidomimetic multi-center construct, not one ordinary monomer.","https://www.rcsb.org/ligand/5DM","2026-09-01"
"5DZ","5-[(2R)-2-amino-2-carboxyethyl]-1-(4-fluorophenyl)-1H-pyrazole-3-carboxylic acid","C13 H12 F N3 O4","candidate-pending","confirmed-noncanonical-residue","NON-POLYMER","CCD and PubChem register the pyrazole-substituted amino acid as an independent compound with fixed stereochemistry.","https://www.rcsb.org/ligand/5DZ","2026-09-01"
"5E0","5-[(2R)-2-amino-2-carboxyethyl]-1-phenyl-1H-pyrazole-3-carboxylic acid","C13 H13 N3 O4","candidate-pending","confirmed-noncanonical-residue","NON-POLYMER","CCD and PubChem register the corresponding pyrazole amino-acid stereoisomer as an independent compound.","https://www.rcsb.org/ligand/5E0","2026-09-01"
"5KC","(2S,3S)-2-azanyl-4-(2-hydroxy-2-oxoethylamino)-3-oxidanyl-butanoic acid","C6 H12 N2 O5","candidate-pending","confirmed-noncanonical-residue","non-polymer","CCD and PubChem define a discrete substituted aminobutanoic acid with an independently identifiable amino-acid scaffold.","https://www.rcsb.org/ligand/5KC","2026-09-01"
"5KJ","N~5~-(N-hydroxycarbamimidoyl)-N~5~-methyl-L-ornithine","C7 H16 N4 O3","candidate-pending","confirmed-noncanonical-residue","NON-POLYMER","CCD and PubChem define a discrete modified ornithine retaining its alpha-amino-acid functionality.","https://www.rcsb.org/ligand/5KJ","2026-09-01"
"5OY","5-phosphono-L-norvaline","C5 H12 N O5 P","candidate-pending","confirmed-noncanonical-residue","NON-POLYMER","PubChem identifies 5-phosphono-L-norvaline, a discrete phosphono-containing non-proteinogenic amino acid.","https://www.rcsb.org/ligand/5OY","2026-09-01"
"5XR","2-hydroxy-N-[(1S)-1-hydroxy-3-oxopropyl]-L-aspartic acid","C7 H11 N O7","candidate-pending","confirmed-noncanonical-residue","NON-POLYMER","CCD and PubChem register the exact N-substituted aspartic-acid derivative as an independent compound; its reactive side chain and peptide usability require separate review.","https://www.rcsb.org/ligand/5XR","2026-09-01"
"64X","5-bromo-L-tryptophan","C11 H11 Br N2 O2","candidate-pending","confirmed-noncanonical-residue","non-polymer","PubChem identifies 5-bromo-L-tryptophan, a defined halogenated non-proteinogenic tryptophan residue.","https://www.rcsb.org/ligand/64X","2026-09-01"
"6KJ","(5E)-5-[(N-tert-butoxycarbamimidoyl)imino]-L-norvaline","C10 H20 N4 O3","candidate-pending","confirmed-noncanonical-residue","NON-POLYMER","CCD and PubChem define a discrete carbamimidoyl-norvaline derivative; the tert-butoxy substituent may be protecting-group-like but the amino-acid identity is clear.","https://www.rcsb.org/ligand/6KJ","2026-09-01"
"720","(2S)-5-AMINO-2-[(1-PROPYL-1H-IMIDAZOL-4-YL)METHYL]PENTANOIC ACID","C12 H21 N3 O2","candidate-pending","confirmed-noncanonical-residue","NON-POLYMER","PubChem identifies UK 396082 as a discrete amino-acid analogue with a free carboxylate and amino-acid center.","https://www.rcsb.org/ligand/720","2026-09-01"
"76I","(2S)-2-oxidanyl-2-[oxidanyl(propan-2-yl)amino]ethanoic acid","C5 H11 N O4","candidate-pending","confirmed-noncanonical-residue","non-polymer","CCD and PubChem register the exact hydroxy N-substituted glycine-like compound as a discrete amino-acid derivative; coupling suitability is not inferred.","https://www.rcsb.org/ligand/76I","2026-09-01"
"78U","(betaS)-beta-methyl-L-tryptophan","C12 H14 N2 O2","candidate-pending","confirmed-noncanonical-residue","NON-POLYMER","PubChem identifies beta-methyl-L-tryptophan, a defined non-proteinogenic tryptophan analogue.","https://www.rcsb.org/ligand/78U","2026-09-01"
"7B0","(2~{S})-6-azanyl-2-(sulfamoylamino)hexanoic acid","C6 H15 N3 O4 S","candidate-pending","confirmed-noncanonical-residue","NON-POLYMER","CCD and PubChem define N-sulfamoyl lysine as a discrete lysine derivative with intact alpha-amino-acid functionality.","https://www.rcsb.org/ligand/7B0","2026-09-01"
"7UC","(3~{R})-3-(2-hydroxy-2-oxoethylamino)butanoic acid","C6 H11 N O4","candidate-pending","confirmed-noncanonical-residue","NON-POLYMER","CCD and PubChem register a discrete N-carboxymethyl beta-alanine-like amino acid.","https://www.rcsb.org/ligand/7UC","2026-09-01"
"83V","(4S)-4-amino-6-phenylhexanoic acid","C12 H17 N O2","candidate-pending","confirmed-noncanonical-residue","non-polymer","PubChem identifies 4-amino-6-phenylhexanoic acid, a discrete gamma-amino-acid analogue.","https://www.rcsb.org/ligand/83V","2026-09-01"
"8DX","(2R,3aR,6S,7aR)-2-[(2S)-2-amino-3-hydroxy-3-oxo-propyl]-6-hydroxy-3,3a,5,6,7,7a-hexahydrofuro[4,5-b]pyran-2-carboxylic acid","C11 H17 N O7","candidate-pending","resolved-special-reference","NON-POLYMER","8-Deoxy-neodysiherbaine A is a complex natural amino-sugar/glutamate-receptor agonist; retain it as a natural-product amino-acid-like scaffold rather than an ordinary peptide monomer.","https://www.rcsb.org/ligand/8DX","2026-09-01"
"8QA","(2S)-2-azanyl-6-[(5-oxidanyl-5-oxidanylidene-pentanethioyl)amino]hexanoic acid","C11 H20 N2 O4 S","candidate-pending","resolved-special-reference","peptide-like","The CCD structure is a peptide-like thioacyl-lysine construct containing more than one functional building-block role, not one ordinary free amino-acid monomer.","https://www.rcsb.org/ligand/8QA","2026-09-01"
"8X9","2-[(1R,5S,6S)-6-(aminomethyl)-3-ethyl-6-bicyclo[3.2.0]hept-3-enyl]acetic acid","C12 H19 N O2","candidate-pending","confirmed-noncanonical-residue","non-polymer","PubChem identifies mirogabalin as a discrete conformationally constrained gamma-amino acid; drug status does not erase amino-acid identity.","https://www.rcsb.org/ligand/8X9","2026-09-01"
"9DX","(2R,3aR,7R,7aR)-2-[(2S)-2-amino-3-hydroxy-3-oxo-propyl]-7-hydroxy-3,3a,5,6,7,7a-hexahydrofuro[4,5-b]pyran-2-carboxylic acid","C11 H17 N O7","candidate-pending","resolved-special-reference","NON-POLYMER","This neodysiherbaine-related complex amino-sugar is a natural-product glutamate-receptor agonist and is retained as a special scaffold, not an ordinary peptide monomer.","https://www.rcsb.org/ligand/9DX","2026-09-01"
"A1A46","(2S)-2-{[(2S,3S)-1,3-dihydroxy-4-oxopentan-2-yl]amino}-3-(4-hydroxyphenyl)propanoic acid","C14 H19 N O6","candidate-pending","resolved-nonmonomer","non-polymer","RCSB entry 9DHN identifies this CCD component as a trapped PIsnA imine reaction intermediate formed from an amino acid and a sugar-derived substrate, not an independent amino-acid monomer.","https://www.rcsb.org/ligand/A1A46","2026-09-01"
"A1A8K","(4S)-4-hydroxy-1-(7H-pyrrolo[2,3-d]pyrimidin-4-yl)-D-proline","C11 H12 N4 O3","candidate-pending","confirmed-noncanonical-residue","non-polymer","CCD and PubChem register a discrete N-heterocycle-substituted D-hydroxyproline derivative; its capped nitrogen limits ordinary coupling but not chemical identity.","https://www.rcsb.org/ligand/A1A8K","2026-09-01"
"A1AKT","N-(7H-pyrrolo[2,3-d]pyrimidin-4-yl)-D-valine","C11 H14 N4 O2","candidate-pending","confirmed-noncanonical-residue","non-polymer","CCD and PubChem register a discrete N-heterocycle-substituted D-valine derivative.","https://www.rcsb.org/ligand/A1AKT","2026-09-01"
"A1AKU","(4S)-4-hydroxy-1-(7H-pyrrolo[2,3-d]pyrimidin-4-yl)-D-proline","C11 H12 N4 O3","candidate-pending","confirmed-noncanonical-residue","non-polymer","The CCD structure defines the corresponding stereochemically resolved N-heterocycle D-hydroxyproline derivative as a single amino-acid compound.","https://www.rcsb.org/ligand/A1AKU","2026-09-01"
"A1AKV","3-cyclopropyl-N-(7H-pyrrolo[2,3-d]pyrimidin-4-yl)-L-alanine","C12 H14 N4 O2","candidate-pending","confirmed-noncanonical-residue","non-polymer","The CCD structure defines a stereochemically resolved N-heterocycle L-alanine derivative as a single amino-acid compound.","https://www.rcsb.org/ligand/A1AKV","2026-09-01"
"A1AUG","5-oxo-L-norvaline","C5 H9 N O3","candidate-pending","confirmed-noncanonical-residue","non-polymer","PubChem identifies 5-oxo-L-norvaline, a defined non-proteinogenic amino-acid metabolite.","https://www.rcsb.org/ligand/A1AUG","2026-09-01"
"A1CIL","(2R)-2-amino-3-methylbut-3-enoic acid","C5 H9 N O2","candidate-pending","confirmed-noncanonical-residue","non-polymer","PubChem identifies (2R)-2-amino-3-methylbut-3-enoic acid, a discrete unsaturated non-proteinogenic alpha-amino acid.","https://www.rcsb.org/ligand/A1CIL","2026-09-01"
"A1IFF","(R)-amino-3-hydroxybutanoic acid","C4 H9 N O3","candidate-pending","confirmed-noncanonical-residue","non-polymer","PubChem registers (R)-4-amino-3-hydroxybutanoic acid as a discrete hydroxy gamma-amino acid.","https://www.rcsb.org/ligand/A1IFF","2026-09-01"
"A1IFH","(S)-amino-3-hydroxybutanoic acid","C4 H9 N O3","candidate-pending","confirmed-noncanonical-residue","non-polymer","PubChem registers (S)-4-amino-3-hydroxybutanoic acid as the corresponding discrete stereoisomer.","https://www.rcsb.org/ligand/A1IFH","2026-09-01"
"A1ILR","(2~{R})-2-azanyl-3-(2~{H}-thiophen-5-ylcarbonylamino)propanoic acid","C8 H12 N2 O3 S","candidate-pending","confirmed-noncanonical-residue","non-polymer","The CCD structure defines a single stereochemically resolved D-amino acid bearing a thiophene-carboxamide side chain.","https://www.rcsb.org/ligand/A1ILR","2026-09-01"
"A1IME","(2~{R})-2-azanyl-3-[(7-methylthieno[3,2-b]pyridin-2-yl)carbonylamino]propanoic acid","C12 H13 N3 O3 S","candidate-pending","confirmed-noncanonical-residue","non-polymer","PubChem registers the exact thienopyridine-carboxamide-substituted D-amino acid as an independent compound.","https://www.rcsb.org/ligand/A1IME","2026-09-01"
"A1IT0","1-(methylsulfonylamino)cyclohexane-1-carboxylic acid","C8 H15 N O4 S","candidate-pending","confirmed-noncanonical-residue","non-polymer","PubChem identifies N-methylsulfonyl-1-aminocyclohexane-1-carboxylic acid, a discrete constrained amino-acid derivative; N-sulfonylation may limit coupling.","https://www.rcsb.org/ligand/A1IT0","2026-09-01"
"A1JEV","(2~{S})-1-[(1~{R})-1-(4-chlorophenyl)-2-(methylamino)-2-oxidanylidene-ethyl]pyrrolidine-2-carboxylic acid","C14 H17 Cl N2 O3","candidate-pending","resolved-special-reference","non-polymer","The CCD component is a proline-containing amide/peptidomimetic compound with an appended amino-acid-like unit, not one ordinary free amino-acid monomer.","https://www.rcsb.org/ligand/A1JEV","2026-09-01"
"A1JF4","3-(7~{H}-pyrrolo[2,3-d]pyrimidin-4-ylamino)propanoic acid","C9 H10 N4 O2","candidate-pending","confirmed-noncanonical-residue","non-polymer","The CCD structure defines a discrete heterocycle-substituted beta-alanine derivative with one amino-acid scaffold.","https://www.rcsb.org/ligand/A1JF4","2026-09-01"
"A1JHR","Gly-Ser-epsilon-Lys","C11 H22 N4 O5","candidate-pending","resolved-special-reference","non-polymer","The chemical name explicitly identifies Gly-Ser-epsilon-Lys, a multi-residue conjugate; retain it as a special peptide reference rather than one amino acid.","https://www.rcsb.org/ligand/A1JHR","2026-09-01"
"A1JSL","3-[(6-methylnaphthalen-2-yl)sulfonylamino]propanoic acid","C14 H15 N O4 S","candidate-pending","confirmed-noncanonical-residue","non-polymer","PubChem registers the exact sulfonamide beta-alanine derivative as a discrete amino-acid compound; its protected nitrogen may limit coupling.","https://www.rcsb.org/ligand/A1JSL","2026-09-01"
"A1L7T","(2~{R})-3-azanyl-3-methyl-2-oxidanyl-butanoic acid","C5 H11 N O3","candidate-pending","confirmed-noncanonical-residue","non-polymer","PubChem identifies 3-amino-3-methyl-2-hydroxybutanoic acid, a discrete beta-amino-alpha-hydroxy acid.","https://www.rcsb.org/ligand/A1L7T","2026-09-01"
"A1LWG","(2~{R})-2-[2-(1~{H}-indol-3-yl)ethylamino]propanoic acid","C13 H16 N2 O2","candidate-pending","confirmed-noncanonical-residue","non-polymer","PubChem registers N-tryptamine alanine as a discrete N-substituted alanine derivative.","https://www.rcsb.org/ligand/A1LWG","2026-09-01"
"A33","2-(carboxymethyl)-D-aspartic acid","C6 H9 N O6","candidate-pending","confirmed-noncanonical-residue","NON-POLYMER","RCSB and PubChem define 2-(carboxymethyl)-D-aspartic acid as a discrete amino-tricarboxylic acid; peptide use remains unreviewed.","https://www.rcsb.org/ligand/A33","2026-09-01"
"A3B","D-VINYLGLYCINE","C4 H7 N O2","candidate-pending","confirmed-noncanonical-residue","NON-POLYMER","RCSB identifies D-vinylglycine and PubChem registers the exact stereochemical unsaturated amino acid.","https://www.rcsb.org/ligand/A3B","2026-09-01"
"ABH","2(S)-AMINO-6-BORONOHEXANOIC ACID","C6 H15 B N O5","candidate-pending","confirmed-noncanonical-residue","NON-POLYMER","RCSB and PubChem identify 2(S)-amino-6-boronohexanoic acid, a discrete boron-containing amino-acid analogue.","https://www.rcsb.org/ligand/ABH","2026-09-01"
"ACZ","CIS-AMICLENOMYCIN；TRANS-AMICLENOMYCIN","C10 H16 N2 O2","candidate-pending","confirmed-noncanonical-residue","NON-POLYMER","The released CCD defines cis-amiclenomycin as a single stereochemically specified amino acid with free amino and carboxyl functions.","https://www.rcsb.org/ligand/ACZ；https://www.rcsb.org/ligand/TZA","2026-09-01"
"AHY","(2S,3R)-3-AMINO-2-HYDROXYDECANOIC ACID","C10 H21 N O3","candidate-pending","confirmed-noncanonical-residue","NON-POLYMER","RCSB and PubChem register (2S,3R)-3-amino-2-hydroxydecanoic acid, a discrete beta-amino-alpha-hydroxy acid.","https://www.rcsb.org/ligand/AHY","2026-09-01"
"AKB","2-AMINO-3-KETOBUTYRIC ACID","C4 H7 N O3","candidate-pending","confirmed-noncanonical-residue","NON-POLYMER","RCSB and PubChem identify 2-amino-3-ketobutyric acid as a discrete oxo amino acid; chemical instability does not negate identity.","https://www.rcsb.org/ligand/AKB","2026-09-01"
"AL0","3-[HYDROXY(NITROSO)AMINO]-L-ALANINE","C3 H7 N3 O4","candidate-pending","confirmed-noncanonical-residue","NON-POLYMER","RCSB identifies L-alanosine and PubChem registers it as a defined non-proteinogenic alanine derivative.","https://www.rcsb.org/ligand/AL0","2026-09-01"
"AM1","(S)-2-AMINO-3-(3-CARBOXY-5-METHYLISOXAZOL-4-YL)PROPIONIC ACID","C8 H10 N2 O5","candidate-pending","confirmed-noncanonical-residue","NON-POLYMER","RCSB and PubChem identify ACPA as a discrete isoxazole-substituted amino acid with fixed S stereochemistry.","https://www.rcsb.org/ligand/AM1","2026-09-01"
"AMB","L-2-AMINO-4-METHOXY-CIS-BUT-3-ENOIC ACID","C5 H9 N O3","candidate-pending","confirmed-noncanonical-residue","NON-POLYMER","RCSB and PubChem identify L-2-amino-4-methoxy-cis-but-3-enoic acid, a discrete unsaturated amino acid.","https://www.rcsb.org/ligand/AMB","2026-09-01"
"AMQ","(S)-ALPHA-AMINO-3-HYDROXY-5-METHYL-4-ISOXAZOLEPROPIONIC ACID","C7 H10 N2 O4","candidate-pending","confirmed-noncanonical-residue","NON-POLYMER","RCSB and PubChem identify AMPA as 3-(3-hydroxy-5-methylisoxazol-4-yl)-L-alanine, a defined non-proteinogenic amino acid.","https://www.rcsb.org/ligand/AMQ","2026-09-01"
"AQK","(2~{S})-5-azanyl-2-(2-hydroxy-2-oxoethylamino)pentanoic acid","C7 H14 N2 O4","candidate-pending","confirmed-noncanonical-residue","NON-POLYMER","RCSB and PubChem define a discrete N-carboxymethyl ornithine-like amino acid; the extra carboxymethyl substituent does not create a peptide or multi-residue conjugate.","https://www.rcsb.org/ligand/AQK","2026-09-01"
"AQQ","(2~{S})-5-azanyl-2-[[(2~{R})-1-oxidanyl-1-oxidanylidene-propan-2-yl]amino]pentanoic acid","C8 H16 N2 O4","candidate-pending","resolved-special-reference","NON-POLYMER","RCSB entry 5OTA places this compound in opine-binding context; it contains an alanine-derived and ornithine-derived center joined through nitrogen and is retained as an opine/metabolic conjugate rather than one ordinary monomer.","https://www.rcsb.org/ligand/AQQ","2026-09-01"
"AUU","(1S,2S,4R)-2-aminobicyclo[2.2.1]heptane-2-carboxylic acid","C8 H13 N O2","candidate-pending","confirmed-noncanonical-residue","NON-POLYMER","RCSB and PubChem define a discrete conformationally constrained aminobicycloheptane carboxylic acid.","https://www.rcsb.org/ligand/AUU","2026-09-01"
"AVG","2-AMINO-4-(2-AMINO-ETHOXY)-BUTYRIC ACID","C6 H14 N2 O3","candidate-pending","confirmed-noncanonical-residue","NON-POLYMER","RCSB and PubChem identify O-(2-aminoethyl)-L-homoserine, a discrete non-proteinogenic amino acid.","https://www.rcsb.org/ligand/AVG","2026-09-01"
"AVI","N,N-dimethyl-L-histidine","C8 H13 N3 O2","candidate-pending","confirmed-noncanonical-residue","NON-POLYMER","RCSB and PubChem identify N,N-dimethyl-L-histidine, a discrete histidine derivative; tertiary alpha nitrogen limits ordinary coupling but not identity.","https://www.rcsb.org/ligand/AVI","2026-09-01"
"AVO","Pyrrolidinohistidine","C10 H17 N3 O2","candidate-pending","confirmed-noncanonical-residue","NON-POLYMER","RCSB and PubChem define pyrrolidinohistidine as a single N-substituted histidine derivative with fixed stereochemistry.","https://www.rcsb.org/ligand/AVO","2026-09-01"
"AXZ","2-{[dihydroxy(4-aminoethylphenyl)-{4}-sulfanyl]amino}-3-hydroxypropanoic acid","C11 H18 N2 O5 S","candidate-pending","confirmed-noncanonical-residue","NON-POLYMER","RCSB defines a discrete serine-derived amino acid bearing a sulfur-linked aminoethylphenyl substituent and observes it with pyrrolysyl-tRNA synthetase; this confirms amino-acid-derivative identity, not peptide usability.","https://www.rcsb.org/ligand/AXZ","2026-09-01"
"B56","2-amino-8-methyl-4-oxo-3,4,7,8-tetrahydropteridine-6-carboxylic acid","C8 H9 N5 O3","candidate-pending","resolved-nonmonomer","NON-POLYMER","The amino group belongs to a pterin heterocycle; RCSB entry 3H26 identifies the compound as a pterin-based enzyme inhibitor rather than an amino-acid monomer.","https://www.rcsb.org/ligand/B56","2026-09-01"
"BDH","L-BETA-ASPARTYLHISTIDINE","C10 H14 N4 O5","candidate-pending","resolved-special-reference","NON-POLYMER","L-beta-aspartylhistidine contains two amino acids joined by an amide bond and is explicitly studied as a dipeptide substrate in RCSB entry 1YBQ.","https://www.rcsb.org/ligand/BDH","2026-09-01"
"BET","TRIMETHYL GLYCINE","C5 H12 N O2","candidate-pending","confirmed-noncanonical-residue","NON-POLYMER","RCSB and PubChem identify trimethylglycine (betaine), a discrete non-proteinogenic glycine derivative; its quaternary nitrogen prevents ordinary peptide coupling.","https://www.rcsb.org/ligand/BET","2026-09-01"
"BN1","(S)-2-AMINO-3-[3-HYDROXY-5-(2-METHYL-2H-TETRAZOL-5-YL)ISOXAZOL-4-YL]PROPIONIC ACID","C8 H10 N6 O4","candidate-pending","confirmed-noncanonical-residue","NON-POLYMER","RCSB and PubChem identify 2-Me-Tet-AMPA as a discrete isoxazole/tetrazole-substituted alanine analogue.","https://www.rcsb.org/ligand/BN1","2026-09-01"
"BO8","(D-ALPHA-AMINOPIMELYLAMINO)-D-1-ETHYLBORONIC ACID","C9 H20 B N2 O6","candidate-pending","resolved-special-reference","non-polymer","RCSB entry 2XDM identifies this as a peptidoglycan-mimetic boronate transition-state inhibitor containing an aminoacyl amide and a boronic-acid warhead, not one ordinary amino-acid monomer.","https://www.rcsb.org/ligand/BO8","2026-09-01"
"BQ7","(3S)-3-amino-2,2-difluoro-3-phenylpropanoic acid","C9 H9 F2 N O2","candidate-pending","confirmed-noncanonical-residue","NON-POLYMER","RCSB and PubChem register the exact stereochemical difluorophenyl beta-amino acid as an independent compound.","https://www.rcsb.org/ligand/BQ7","2026-09-01"
"BRH","(S)-2-AMINO-3-(4-BROMO-3-HYDROXY-ISOXAZOL-5-YL)PROPIONIC ACID","C6 H7 Br N2 O4","candidate-pending","confirmed-noncanonical-residue","NON-POLYMER","RCSB and PubChem identify Br-HIBO as a discrete bromo-isoxazole-substituted alanine analogue.","https://www.rcsb.org/ligand/BRH","2026-09-01"
"BSC","(2S)-2-amino-4-(S-butylsulfonimidoyl)butanoic acid","C8 H18 N2 O3 S","candidate-pending","confirmed-noncanonical-residue","NON-POLYMER","RCSB and PubChem identify L-buthionine sulfoximine as a discrete sulfoximine-containing amino acid; biochemical inhibitor use does not erase identity.","https://www.rcsb.org/ligand/BSC","2026-09-01"
"C5A","(1S,3S)-1-aminocyclopentane-1,3-dicarboxylic acid","C7 H11 N O4","candidate-pending","confirmed-noncanonical-residue","NON-POLYMER","RCSB and PubChem identify (1S,3S)-ACPD as a discrete constrained aminocyclopentane dicarboxylic acid.","https://www.rcsb.org/ligand/C5A","2026-09-01"
"C5B","(1S,3R)-1-AMINOCYCLOPENTANE-1,3-DICARBOXYLIC ACID","C7 H11 N O4","candidate-pending","confirmed-noncanonical-residue","NON-POLYMER","RCSB and PubChem identify (1S,3R)-ACPD as the corresponding discrete stereoisomer.","https://www.rcsb.org/ligand/C5B","2026-09-01"
"CAL","5-AMINO-6-CYCLOHEXYL-4-HYDROXY-2-ISOBUTYL-HEXANOIC ACID","C16 H31 N O3","candidate-pending","confirmed-noncanonical-residue","peptide-like","RCSB and PubChem define a single statine-like gamma-amino hydroxy acid; the CCD peptide-like label supports a building-block role but does not prove general SPPS usability.","https://www.rcsb.org/ligand/CAL","2026-09-01"
"CAV","5-AMINO-6-CYCLOHEXYL-3,4-DIHYDROXY-2-ISOPROPYL-HEXANOIC ACID","C15 H29 N O4","candidate-pending","confirmed-noncanonical-residue","peptide-like","RCSB and PubChem define a single dihydroxy statine-like gamma-amino acid with fixed stereochemistry.","https://www.rcsb.org/ligand/CAV","2026-09-01"
"CBH","S-(D-CARBOXYBUTYL)-L-HOMOCYSTEINE","C9 H17 N O4 S","candidate-pending","confirmed-noncanonical-residue","NON-POLYMER","RCSB and PubChem identify S-(D-carboxybutyl)-L-homocysteine as a discrete sulfur-substituted amino acid.","https://www.rcsb.org/ligand/CBH","2026-09-01"
"CCW","(S)-2-Amino-5-(2-(methylsulfonyl)acetimidamido)pentanoic acid","C8 H17 N3 O4 S","candidate-pending","confirmed-noncanonical-residue","non-polymer","RCSB and PubChem define a discrete methylsulfonyl-acetimidamido ornithine derivative retaining its alpha-amino-acid center.","https://www.rcsb.org/ligand/CCW","2026-09-01"
"CE2","3-(5-TERT-BUTYL-3-OXIDOISOXAZOL-4-YL)-L-ALANINATE","C10 H15 N2 O4","candidate-pending","confirmed-noncanonical-residue","NON-POLYMER","RCSB and PubChem identify (S)-ATPA as a discrete isoxazole-substituted alanine analogue.","https://www.rcsb.org/ligand/CE2","2026-09-01"
"CFU","(2R)-2-[(1R)-1-(acetylamino)-2-oxoethyl]-5-methyl-3,6-dihydro-2H-1,3-thiazine-4-carboxylic acid","C10 H14 N2 O4 S","candidate-pending","resolved-nonmonomer","NON-POLYMER","RCSB shows this component covalently linked in a cefapirin complex; its thiazine/aldehyde structure is an antibiotic-derived reaction product rather than an independent amino-acid monomer.","https://www.rcsb.org/ligand/CFU","2026-09-01"
"CL5","N-(3-OXOPROPYL)GLYCINE","C5 H9 N O3","candidate-pending","resolved-nonmonomer","NON-POLYMER","RCSB explicitly lists N-(3-oxopropyl)glycine as a fragment of clavulanic acid; it is retained for traceability but excluded from the independent NCAA set.","https://www.rcsb.org/ligand/CL5","2026-09-01"
"CMA","N2-(CARBOXYETHYL)-L-ARGININE","C9 H18 N4 O4","candidate-pending","confirmed-noncanonical-residue","NON-POLYMER","RCSB and PubChem identify N2-(carboxyethyl)-L-arginine as a discrete N-substituted arginine derivative.","https://www.rcsb.org/ligand/CMA","2026-09-01"
"CPV","5-AMINO-6-CYCLOHEXYL-4-HYDROXY-2-ISOPROPYL-HEXANOIC ACID","C15 H29 N O3","candidate-pending","confirmed-noncanonical-residue","NON-POLYMER","RCSB and PubChem define a single conformationally rich statine-like gamma-amino hydroxy acid.","https://www.rcsb.org/ligand/CPV","2026-09-01"
"CPW","(S)-2-AMINO-3-(1,3,5,7-PENTAHYDRO-2,4-DIOXO-CYCLOPENTA[E]PYRIMIDIN-1-YL) PROIONIC ACID","C10 H13 N3 O4","candidate-pending","confirmed-noncanonical-residue","NON-POLYMER","RCSB and PubChem register a discrete cyclopentapyrimidinedione-substituted L-alanine analogue.","https://www.rcsb.org/ligand/CPW","2026-09-01"
"CRN","N-[(E)-AMINO(IMINO)METHYL]-N-METHYLGLYCINE","C4 H9 N3 O2","candidate-pending","confirmed-noncanonical-residue","NON-POLYMER","RCSB and PubChem identify creatine as N-amidino-N-methylglycine, a discrete non-proteinogenic amino-acid derivative; it is not assumed to be peptide-couplable.","https://www.rcsb.org/ligand/CRN","2026-09-01"
"CUW","(2~{S},3~{R})-2,6-bis(azanyl)-3-oxidanyl-hexanoic acid","C6 H14 N2 O3","candidate-pending","confirmed-noncanonical-residue","NON-POLYMER","RCSB and PubChem identify 3-hydroxy-L-lysine, a defined non-proteinogenic lysine derivative.","https://www.rcsb.org/ligand/CUW","2026-09-01"
"CXA","PHENYLALANINE-N-SULFONAMIDE","C9 H12 N2 O4 S","candidate-pending","confirmed-noncanonical-residue","NON-POLYMER","RCSB and PubChem identify N-sulfamoyl-L-phenylalanine as a discrete phenylalanine derivative; N-sulfamoylation may limit coupling.","https://www.rcsb.org/ligand/CXA","2026-09-01"
"D20","N~5~-{IMINO[(2-METHOXYETHYL)AMINO]METHYL}-L-ORNITHINE","C9 H20 N4 O3","candidate-pending","confirmed-noncanonical-residue","NON-POLYMER","RCSB and PubChem define a discrete N5-substituted L-ornithine retaining its intact alpha-amino-acid center.","https://www.rcsb.org/ligand/D20","2026-09-01"
"D8D","1-[(1R)-1-cyclohexyl-2-(methylamino)-2-oxoethyl]-L-proline","C14 H24 N2 O3","candidate-pending","confirmed-noncanonical-residue","NON-POLYMER","RCSB and PubChem register a single N-substituted L-proline derivative; the appended amide makes it peptidomimetic but does not create a second amino-acid residue.","https://www.rcsb.org/ligand/D8D","2026-09-01"
"DA3","(2S,5',S)-2-AMINO-3-(3-CARBOXY-2-ISOXAZOLIN-5-YL)PROPANOIC ACID","C7 H10 N2 O5","candidate-pending","confirmed-noncanonical-residue","NON-POLYMER","RCSB and PubChem identify a discrete stereochemically resolved isoxazoline-substituted amino dicarboxylic acid.","https://www.rcsb.org/ligand/DA3","2026-09-01"
"DDO","6-HYDROXY-D-NORLEUCINE","C6 H13 N O3","candidate-pending","confirmed-noncanonical-residue","NON-POLYMER","RCSB and PubChem identify 6-hydroxy-D-norleucine, a defined D-amino acid.","https://www.rcsb.org/ligand/DDO","2026-09-01"
"DHH","(S)-2-AMINO-7,7-DIHYDROXYHEPTANOIC ACID","C7 H15 N O4","candidate-pending","confirmed-noncanonical-residue","NON-POLYMER","RCSB and PubChem identify (S)-2-amino-7,7-dihydroxyheptanoic acid as a discrete non-proteinogenic amino acid.","https://www.rcsb.org/ligand/DHH","2026-09-01"
"DMO","ALPHA-DIFLUOROMETHYLORNITHINE","C6 H12 F2 N2 O2","candidate-pending","confirmed-noncanonical-residue","NON-POLYMER","RCSB and PubChem identify alpha-difluoromethylornithine (eflornithine), a discrete non-proteinogenic ornithine analogue.","https://www.rcsb.org/ligand/DMO","2026-09-01"
"DTE","7-CL-D-TRYPTOPHAN","C11 H11 Cl N2 O2","candidate-pending","confirmed-noncanonical-residue","non-polymer","RCSB and PubChem identify 7-chloro-D-tryptophan, a defined halogenated D-amino acid.","https://www.rcsb.org/ligand/DTE","2026-09-01"
"DY8","Morpholinohistidine","C10 H17 N3 O3","candidate-pending","confirmed-noncanonical-residue","NON-POLYMER","RCSB and PubChem define morpholinohistidine as a single N-substituted histidine derivative with fixed stereochemistry.","https://www.rcsb.org/ligand/DY8","2026-09-01"
"E42","(R)-2-amino-3-(3'-hydroxybiphenyl-3-yl)propanoic acid","C15 H15 N O3","candidate-pending","confirmed-noncanonical-residue","NON-POLYMER","RCSB and PubChem register the exact R stereoisomer of a hydroxybiphenyl-substituted amino acid.","https://www.rcsb.org/ligand/E42","2026-09-01"
"E79","(3R)-3-[[(1R)-1,2-bis(oxidanyl)-2-oxidanylidene-ethyl]amino]butanoic acid","C6 H11 N O5","candidate-pending","resolved-nonmonomer","non-polymer","RCSB entry 6L6W identifies this compound as an enzyme-bound ScoE reaction intermediate; it is not established as an independently introduced amino-acid monomer.","https://www.rcsb.org/ligand/E79","2026-09-01"
"EKN","(2~{S})-2-(2-azanylethylamino)butanedioic acid","C6 H12 N2 O4","candidate-pending","confirmed-noncanonical-residue","NON-POLYMER","RCSB and PubChem define a discrete N-(2-aminoethyl) aspartic-acid derivative with intact carboxyl and amino functions.","https://www.rcsb.org/ligand/EKN","2026-09-01"
"EXR","(2R)-2-azanyl-3-(1-benzothiophen-3-yl)propanoic acid","C11 H11 N O2 S","candidate-pending","confirmed-noncanonical-residue","non-polymer","RCSB and PubChem identify 3-(3-benzothienyl)-D-alanine, a discrete aromatic D-amino acid.","https://www.rcsb.org/ligand/EXR","2026-09-01"
"FKI","5,5-DI-FLUORO-2-KETO-3-AMINOPENTANOIC ACID","C5 H7 F2 N O3","candidate-pending","confirmed-noncanonical-residue","NON-POLYMER","RCSB and PubChem register the exact stereochemical difluoro keto amino acid as an independent compound.","https://www.rcsb.org/ligand/FKI","2026-09-01"
"FN6","(2S)-2-azanyl-4-[[(2R)-3-(1H-imidazol-4-yl)-1-oxidanyl-1-oxidanylidene-propan-2-yl]amino]butanoic acid","C10 H16 N4 O4","candidate-pending","resolved-special-reference","non-polymer","RCSB entry 7C9M identifies this two-center histidine/aminobutanoate opine as a product in staphylopine biosynthesis; it is a metabolic conjugate rather than one ordinary monomer.","https://www.rcsb.org/ligand/FN6","2026-09-01"
"FOG","(4S,5S)-5-amino-4-hydroxy-6-phenylhexanoic acid","C12 H17 N O3","candidate-pending","confirmed-noncanonical-residue","peptide-like","RCSB and PubChem define a single statine-like phenyl gamma-amino hydroxy acid with fixed stereochemistry.","https://www.rcsb.org/ligand/FOG","2026-09-01"
"FWO","(2S)-2-[[(3S)-3-azanyl-4-oxidanyl-4-oxidanylidene-butanoyl]amino]-4-methyl-pentanoic acid","C10 H18 N2 O5","candidate-pending","resolved-special-reference","non-polymer","RCSB entry 7CF6 explicitly identifies this compound as beta-Asp-Leu, a beta-aspartyl dipeptide rather than one amino acid.","https://www.rcsb.org/ligand/FWO","2026-09-01"
"FXX","(3R)-3-azanyl-4-oxidanylidene-4-[[3-(trifluoromethyloxy)phenyl]amino]butanoic acid","C11 H11 F3 N2 O4","candidate-pending","confirmed-noncanonical-residue","non-polymer","The official CCD defines a single stereochemically resolved beta-amino succinamic-acid derivative bearing a trifluoromethoxy anilide.","https://www.rcsb.org/ligand/FXX","2026-09-01"
"G39","(3R,4R,5S)-4-(acetylamino)-5-amino-3-(pentan-3-yloxy)cyclohex-1-ene-1-carboxylic acid","C14 H24 N2 O4","candidate-pending","resolved-nonmonomer","NON-POLYMER","RCSB and PubChem identify this compound as oseltamivir carboxylate, the active antiviral drug metabolite, not an amino-acid monomer.","https://www.rcsb.org/ligand/G39","2026-09-01"
"GBG","N~6~-[(1E)-2-chloroethanimidoyl]-L-lysine","C8 H16 Cl N3 O2","candidate-pending","confirmed-noncanonical-residue","NON-POLYMER","RCSB and PubChem define a discrete N6-substituted L-lysine retaining its alpha-amino-acid center.","https://www.rcsb.org/ligand/GBG","2026-09-01"
"GBN","[1-(AMINOMETHYL)CYCLOHEXYL]ACETIC ACID","C9 H17 N O2","candidate-pending","confirmed-noncanonical-residue","NON-POLYMER","RCSB and PubChem identify gabapentin as a discrete conformationally constrained gamma-amino acid; drug use does not erase chemical identity.","https://www.rcsb.org/ligand/GBN","2026-09-01"
"GKL","N-[(2S,3S)-3-amino-2-hydroxy-5-methylhexyl]-L-valine","C12 H26 N2 O3","candidate-pending","resolved-special-reference","peptide-like","The CCD peptide-like component combines an N-substituted valine with a hydroxyethylamine/isopentyl amino center and is retained as a dipeptide-isostere scaffold rather than one ordinary monomer.","https://www.rcsb.org/ligand/GKL","2026-09-01"
"GPA","2-AMINO-3-GUANIDINO-PROPIONIC ACID","C4 H10 N4 O2","candidate-pending","confirmed-noncanonical-residue","NON-POLYMER","RCSB and PubChem identify 3-guanidino-L-alanine, a discrete non-proteinogenic amino acid.","https://www.rcsb.org/ligand/GPA","2026-09-01"
"GVA","5-{[AMINO(IMINO)METHYL]AMINO}PENTANOIC ACID","C6 H13 N3 O2","candidate-pending","confirmed-noncanonical-residue","NON-POLYMER","RCSB and PubChem identify 5-guanidinovaleric acid as a discrete non-proteinogenic amino-acid derivative; peptide coupling is not inferred.","https://www.rcsb.org/ligand/GVA","2026-09-01"
"HGA","GLUTAMINE HYDROXAMATE","C5 H10 N2 O4","candidate-pending","confirmed-noncanonical-residue","NON-POLYMER","RCSB and PubChem identify glutamine hydroxamate as a discrete glutamine/glutamate derivative.","https://www.rcsb.org/ligand/HGA","2026-09-01"
"HOZ","(4S)-4,5-DIAMINOPENTANOIC ACID","C5 H12 N2 O2","candidate-pending","confirmed-noncanonical-residue","NON-POLYMER","RCSB and PubChem identify (4S)-4,5-diaminopentanoic acid as a discrete diamino acid.","https://www.rcsb.org/ligand/HOZ","2026-09-01"
"HVG","4-[(S)-amino(carboxy)methyl]benzene-1,2-dicarboxylic acid","C10 H9 N O6","candidate-pending","confirmed-noncanonical-residue","NON-POLYMER","RCSB and PubChem identify (S)-3,4-dicarboxyphenylglycine, a discrete aromatic amino acid.","https://www.rcsb.org/ligand/HVG","2026-09-01"
"HWD","2-AMINO-3-(2,4-DIOXO-3,4-DIHYDRO-2H-PYRIMIDIN-1-YL)-PROPIONIC ACID","C7 H9 N3 O4","candidate-pending","confirmed-noncanonical-residue","NON-POLYMER","RCSB and PubChem identify willardiine as a defined uracil-substituted L-alanine/non-proteinogenic amino acid.","https://www.rcsb.org/ligand/HWD","2026-09-01"
"I2V","(1S,3S,4S)-3-amino-4-(fluoromethyl)cyclopentane-1-carboxylic acid","C7 H12 F N O2","candidate-pending","confirmed-noncanonical-residue","non-polymer","RCSB and PubChem define a discrete fluoromethyl-substituted aminocyclopentane carboxylic acid with fixed stereochemistry.","https://www.rcsb.org/ligand/I2V","2026-09-01"
"I3J","(2S)-3-(4-hydroxyphenyl)-2-isocyanopropanoic acid","C10 H9 N O3","candidate-pending","confirmed-noncanonical-residue","non-polymer","RCSB and PubChem identify tyrosine isonitrile, a discrete isocyano analogue of L-tyrosine.","https://www.rcsb.org/ligand/I3J","2026-09-01"
"IBC","3-(3-HYDROXY-7,8-DIHYDRO-6H-CYCLOHEPTA[D]ISOXAZOL-4-YL)-L-ALANINE","C11 H14 N2 O4","candidate-pending","confirmed-noncanonical-residue","NON-POLYMER","RCSB and PubChem register a discrete cycloheptaisoxazole-substituted L-alanine analogue.","https://www.rcsb.org/ligand/IBC","2026-09-01"
"IKT","3-(1-AMINOETHYL)NONANEDIOIC ACID","C11 H21 N O4","candidate-pending","confirmed-noncanonical-residue","NON-POLYMER","RCSB and PubChem define a single amino-substituted nonanedioic acid with fixed stereochemistry.","https://www.rcsb.org/ligand/IKT","2026-09-01"
"ILO","N5-IMINOETHYL-L-ORNITHINE","C7 H15 N3 O2","candidate-pending","confirmed-noncanonical-residue","NON-POLYMER","RCSB and PubChem identify N5-iminoethyl-L-ornithine, a discrete ornithine derivative.","https://www.rcsb.org/ligand/ILO","2026-09-01"
"IOM","(DIAMINOMETHYL-METHYL-AMINO)-ACETIC ACID","C4 H11 N3 O2","candidate-pending","confirmed-noncanonical-residue","NON-POLYMER","RCSB and PubChem define N-(diaminomethyl)-N-methylglycine as a discrete glycine derivative; coupling suitability is separate.","https://www.rcsb.org/ligand/IOM","2026-09-01"
"IST","ISOSTATINE","C8 H17 N O3","candidate-pending","confirmed-noncanonical-residue","NON-POLYMER","RCSB and PubChem identify isostatine, a defined beta-hydroxy gamma-amino acid used as a statine-family building block.","https://www.rcsb.org/ligand/IST","2026-09-01"
"J3R","3-[methyl-(4-nitro-2,1,3-benzoxadiazol-7-yl)amino]propanoic acid","C10 H10 N4 O5","candidate-pending","resolved-nonmonomer","non-polymer","RCSB entry 7EGO identifies this nitrobenzoxadiazole carboxylate as part of a fluorescent-probe ligand context; its tertiary anilino propionate is not an independently established amino-acid monomer.","https://www.rcsb.org/ligand/J3R","2026-09-01"
"JEG","trans-1-aminocyclobutane-1,3-dicarboxylic acid","C6 H9 N O4","candidate-pending","confirmed-noncanonical-residue","NON-POLYMER","The official CCD defines trans-1-aminocyclobutane-1,3-dicarboxylic acid as a discrete constrained amino acid.","https://www.rcsb.org/ligand/JEG","2026-09-01"
"JIX","(1S,4R,5R,6S)-4-amino-2-oxabicyclo[3.1.0]hexane-4,6-dicarboxylic acid","C7 H9 N O5","candidate-pending","confirmed-noncanonical-residue","non-polymer","RCSB and PubChem register a discrete oxabicyclic amino dicarboxylic acid with complete stereochemistry.","https://www.rcsb.org/ligand/JIX","2026-09-01"
"JM2","N~5~-[2-(methylsulfanyl)ethanimidoyl]-L-ornithine","C8 H17 N3 O2 S","candidate-pending","confirmed-noncanonical-residue","NON-POLYMER","RCSB and PubChem define a discrete thioether-amidino substituted L-ornithine.","https://www.rcsb.org/ligand/JM2","2026-09-01"
"JM4","N~5~-{3-[(1-methylethyl)sulfanyl]propanimidoyl}-L-ornithine","C11 H23 N3 O2 S","candidate-pending","confirmed-noncanonical-residue","NON-POLYMER","RCSB and PubChem define a discrete N5-substituted L-ornithine retaining the alpha-amino-acid center.","https://www.rcsb.org/ligand/JM4","2026-09-01"
"JM5","N~5~-[2-(propylsulfanyl)ethanimidoyl]-L-ornithine","C10 H21 N3 O2 S","candidate-pending","confirmed-noncanonical-residue","NON-POLYMER","RCSB and PubChem define the propylthio ethanimidoyl L-ornithine analogue as an independent compound.","https://www.rcsb.org/ligand/JM5","2026-09-01"
"JM6","N~5~-[4-(methylsulfanyl)butanimidoyl]-L-ornithine","C10 H21 N3 O2 S","candidate-pending","confirmed-noncanonical-residue","NON-POLYMER","RCSB and PubChem define the methylthio butanimidoyl L-ornithine analogue as an independent compound.","https://www.rcsb.org/ligand/JM6","2026-09-01"
"JM7","N~5~-[2-(ethylsulfanyl)ethanimidoyl]-L-ornithine","C9 H19 N3 O2 S","candidate-pending","confirmed-noncanonical-residue","NON-POLYMER","RCSB and PubChem define the ethylthio ethanimidoyl L-ornithine analogue as an independent compound.","https://www.rcsb.org/ligand/JM7","2026-09-01"
"JM8","N~5~-[(3-(ethylsulfanyl)propanimidoyl]-L-ornithine","C10 H21 N3 O2 S","candidate-pending","confirmed-noncanonical-residue","NON-POLYMER","RCSB and PubChem define the ethylthio propanimidoyl L-ornithine analogue as an independent compound.","https://www.rcsb.org/ligand/JM8","2026-09-01"
"K94","4-(difluoromethyl)-L-leucine","C7 H13 F2 N O2","candidate-pending","confirmed-noncanonical-residue","NON-POLYMER","RCSB and PubChem identify 4-(difluoromethyl)-L-leucine (NV-5138), a discrete fluorinated leucine analogue.","https://www.rcsb.org/ligand/K94","2026-09-01"
"KAH","5-AMINO-4-HYDROXYHEXANOIC ACID","C6 H13 N O3","candidate-pending","confirmed-noncanonical-residue","NON-POLYMER","RCSB and PubChem identify 5-amino-4-hydroxyhexanoic acid as a discrete gamma-amino hydroxy acid.","https://www.rcsb.org/ligand/KAH","2026-09-01"
"KAI","3-(CARBOXYMETHYL)-4-ISOPROPENYLPROLINE","C10 H15 N O4","candidate-pending","confirmed-noncanonical-residue","NON-POLYMER","RCSB and PubChem identify kainic acid, a defined conformationally constrained glutamate analogue/non-proteinogenic amino acid.","https://www.rcsb.org/ligand/KAI","2026-09-01"
"KFJ","4-(4-nitrophenyl)-L-threonine","C10 H12 N2 O5","candidate-pending","confirmed-noncanonical-residue","NON-POLYMER","RCSB and PubChem register 4-(4-nitrophenyl)-L-threonine as a discrete aromatic threonine analogue.","https://www.rcsb.org/ligand/KFJ","2026-09-01"
"KKA","(2S)-2-azanyl-6-oxidanylidene-6-[[(2S)-1-oxidanyl-1-oxidanylidene-4-sulfanyl-butan-2-yl]amino]hexanoic acid","C10 H18 N2 O5 S","candidate-pending","resolved-special-reference","NON-POLYMER","RCSB entry 4BB3 identifies this as a homocysteinyl-containing dipeptide substrate analogue for isopenicillin N synthase; it contains two amino-acid units joined by an amide.","https://www.rcsb.org/ligand/KKA","2026-09-01"
"KMH","(5S)-5-AMINO-3-OXO-HEXANOIC ACID","C6 H11 N O3","candidate-pending","confirmed-noncanonical-residue","non-polymer","RCSB and PubChem identify (5S)-5-amino-3-oxohexanoic acid as a discrete gamma-amino keto acid.","https://www.rcsb.org/ligand/KMH","2026-09-01"
"KRI","(S)-2-AMINO-4-[(2S,3R)-2,3,5-TRIHYDROXY-4-OXO-PENTYL]MERCAPTO-BUTYRIC ACID","C9 H17 N O6 S","candidate-pending","resolved-special-reference","NON-POLYMER","RCSB identifies a sulfur-linked polyhydroxy keto conjugate of a homocysteine-like amino acid in S-ribosylhomocysteine-lyase context; retain it as a metabolic conjugate, not an ordinary monomer.","https://www.rcsb.org/ligand/KRI","2026-09-01"
"KZ5","(2~{S})-2-(dimethylamino)-3-(2-sulfo-1~{H}-imidazol-4-yl)propanoic acid","C8 H13 N3 O5 S","candidate-pending","confirmed-noncanonical-residue","NON-POLYMER","RCSB and PubChem define a discrete dimethylamino sulfohistidine derivative; its tertiary nitrogen limits ordinary coupling.","https://www.rcsb.org/ligand/KZ5","2026-09-01"
"L06","5-{[AMINO(IMINO)METHYL]AMINO}-2-(SULFANYLMETHYL)PENTANOIC ACID","C7 H15 N3 O2 S","candidate-pending","confirmed-noncanonical-residue","NON-POLYMER","RCSB and PubChem define a discrete thiol- and guanidino-substituted carboxylic amino-acid analogue.","https://www.rcsb.org/ligand/L06","2026-09-01"
"L9Z","(1~{S},3~{S},4~{S},5~{R})-3-(aminomethyl)-3,4,5-tris(hydroxyl)cyclohexane-1-carboxylic acid","C8 H15 N O5","candidate-pending","confirmed-noncanonical-residue","NON-POLYMER","RCSB and PubChem register a discrete polyhydroxylated aminomethyl cyclohexane carboxylic acid.","https://www.rcsb.org/ligand/L9Z","2026-09-01"
"LH6","(2~{S})-2-(methylamino)-3-[4-[(1~{E})-3-methylbuta-1,3-dienyl]-1~{H}-indol-3-yl]propanoic acid","C17 H20 N2 O2","candidate-pending","confirmed-noncanonical-residue","non-polymer","The official CCD defines a single N-methyl tryptophan-like amino acid bearing a dienyl substituent.","https://www.rcsb.org/ligand/LH6","2026-09-01"
"LIS","(2S,4S)-2-AMINO-4,5-EPOXIPENTANOIC ACID","C5 H9 N O3","candidate-pending","confirmed-noncanonical-residue","NON-POLYMER","RCSB and PubChem identify 3-oxiranylalanine, a defined epoxide-containing L-amino acid.","https://www.rcsb.org/ligand/LIS","2026-09-01"
"LN5","N5-(1-iminopropyl)-L-ornithine","C8 H17 N3 O2","candidate-pending","confirmed-noncanonical-residue","NON-POLYMER","RCSB and PubChem define N5-(1-iminopropyl)-L-ornithine as a discrete ornithine derivative.","https://www.rcsb.org/ligand/LN5","2026-09-01"
"LN6","N~5~-[(1E)-pentanimidoyl]-L-ornithine","C10 H21 N3 O2","candidate-pending","confirmed-noncanonical-residue","NON-POLYMER","RCSB and PubChem define N5-pentanimidoyl-L-ornithine as a discrete ornithine derivative.","https://www.rcsb.org/ligand/LN6","2026-09-01"
"LN7","N~5~-[(1S)-1-aminopentyl]-L-ornithine","C10 H23 N3 O2","candidate-pending","confirmed-noncanonical-residue","NON-POLYMER","RCSB and PubChem register a discrete N5-(1-aminopentyl)-L-ornithine derivative with fixed stereochemistry.","https://www.rcsb.org/ligand/LN7","2026-09-01"
"LU0","Sulphamoil Leucine","C6 H14 N2 O4 S","candidate-pending","confirmed-noncanonical-residue","NON-POLYMER","RCSB and PubChem identify sulfamoyl leucine as a discrete N-sulfamoylated leucine derivative; coupling suitability is separate.","https://www.rcsb.org/ligand/LU0","2026-09-01"
"M7V","(1S,2R)-2-[(S)-amino(carboxy)methyl]-1-butylcyclopropane-1-carboxylic acid","C10 H17 N O4","candidate-pending","confirmed-noncanonical-residue","NON-POLYMER","RCSB and PubChem register a discrete stereochemically resolved aminocyclopropane dicarboxylic acid.","https://www.rcsb.org/ligand/M7V","2026-09-01"
"MHA","(CARBAMOYLMETHYL-CARBOXYMETHYL-AMINO)-ACETIC ACID","C6 H10 N2 O5","candidate-pending","resolved-nonmonomer","NON-POLYMER","RCSB identifies N-(2-acetamido)iminodiacetic acid, a polycarboxylate buffer/chelating compound with a tertiary iminodiacetate nitrogen rather than an amino-acid monomer.","https://www.rcsb.org/ligand/MHA","2026-09-01"
"MIK","METHYL ISONICOTINIMIDATE LYSINE","C12 H18 N4 O2","candidate-pending","confirmed-noncanonical-residue","NON-POLYMER","RCSB and PubChem define a discrete isonicotinimidate-modified L-lysine retaining its alpha-amino-acid center.","https://www.rcsb.org/ligand/MIK","2026-09-01"
"MMS","MIMOSINE","C8 H10 N2 O4","candidate-pending","confirmed-noncanonical-residue","NON-POLYMER","RCSB and PubChem identify L-mimosine, a defined pyridone-substituted non-proteinogenic L-amino acid.","https://www.rcsb.org/ligand/MMS","2026-09-01"
"MQ4","(1S)-3-amino-4-[(2S)-1,1,1-trifluoro-3-oxopropan-2-yl]cyclopent-3-ene-1-carboxylic acid","C9 H10 F3 N O3","candidate-pending","confirmed-noncanonical-residue","NON-POLYMER","RCSB and PubChem register a discrete trifluoro aldehyde-substituted aminocyclopentene carboxylic acid with fixed stereochemistry.","https://www.rcsb.org/ligand/MQ4","2026-09-01"
"MS8","(2R,3aR,7aR)-2-[(2S)-2-amino-3-hydroxy-3-oxo-propyl]-3,3a,5,6,7,7a-hexahydrofuro[4,5-b]pyran-2-carboxylic acid","C11 H17 N O6","candidate-pending","confirmed-noncanonical-residue","NON-POLYMER","RCSB and PubChem define a single bicyclic amino dicarboxylic acid with complete stereochemistry.","https://www.rcsb.org/ligand/MS8","2026-09-01"
"MTJ","N,O-DIMETHYL-L-TYROSINE","C11 H15 N O3","candidate-pending","confirmed-noncanonical-residue","NON-POLYMER","RCSB and PubChem identify N,O-dimethyl-L-tyrosine, a discrete N-methylated aromatic amino acid.","https://www.rcsb.org/ligand/MTJ","2026-09-01"
"NFK","N'-Formylkynurenine","C11 H12 N2 O4","pdb-peptide-occurrence","resolved-nonmonomer","NON-POLYMER","N'-甲酰犬尿氨酸是miniSOG受蓝光照射后色氨酸氧化产生的光损伤产物，不是生物合成或化学合成时加入的氨基酸单体。","https://www.rcsb.org/ligand/NFK","2026-09-01"
"NFQ","N-[(E)-iminomethyl]-L-aspartic acid","C5 H8 N2 O4","candidate-pending","confirmed-noncanonical-residue","NON-POLYMER","RCSB and PubChem identify N-formimino-L-aspartate, a discrete aspartic-acid metabolic derivative.","https://www.rcsb.org/ligand/NFQ","2026-09-01"
"NGQ","N-carbamimidoyl-L-glutamic acid","C6 H11 N3 O4","candidate-pending","confirmed-noncanonical-residue","NON-POLYMER","RCSB and PubChem identify N-guanidino-L-glutamate, a discrete glutamic-acid derivative.","https://www.rcsb.org/ligand/NGQ","2026-09-01"
"NIG","N-(IMINOMETHYL)-L-GLUTAMIC ACID","C6 H10 N2 O4","candidate-pending","confirmed-noncanonical-residue","NON-POLYMER","RCSB and PubChem identify N-formimino-L-glutamate, a defined glutamic-acid metabolic derivative.","https://www.rcsb.org/ligand/NIG","2026-09-01"
"NLH","(2R,5S)-5-amino-2-butyl-4,4-dihydroxynonanoic acid","C13 H27 N O4","candidate-pending","confirmed-noncanonical-residue","NON-POLYMER","RCSB and PubChem register a discrete long-chain gamma-amino gem-diol carboxylic acid with fixed stereochemistry.","https://www.rcsb.org/ligand/NLH","2026-09-01"
"NLK","(2R,5S)-5-amino-2-butyl-4-oxononanoic acid","C13 H25 N O3","candidate-pending","confirmed-noncanonical-residue","NON-POLYMER","RCSB and PubChem register the corresponding long-chain gamma-amino keto acid as an independent compound.","https://www.rcsb.org/ligand/NLK","2026-09-01"
"NMG","GUANIDINO ACETATE","C3 H7 N3 O2","candidate-pending","confirmed-noncanonical-residue","NON-POLYMER","RCSB and PubChem identify guanidinoacetate, a discrete non-proteinogenic glycine/guanidino-acid derivative; ordinary peptide coupling is not inferred.","https://www.rcsb.org/ligand/NMG","2026-09-01"
"NO5","(2~{S})-3-methyl-2-(sulfamoylamino)butanoic acid","C5 H12 N2 O4 S","candidate-pending","confirmed-noncanonical-residue","non-polymer","RCSB and PubChem define N-sulfamoyl-L-valine as a discrete valine derivative.","https://www.rcsb.org/ligand/NO5","2026-09-01"
"NO6","S-[(pyridin-2-yl)methyl]-L-cysteine","C9 H12 N2 O2 S","candidate-pending","confirmed-noncanonical-residue","non-polymer","RCSB and PubChem identify S-(pyridin-2-ylmethyl)-L-cysteine, a discrete sulfur-substituted cysteine derivative.","https://www.rcsb.org/ligand/NO6","2026-09-01"
"NOU","(2S)-2-amino-4-[(pyridin-2-yl)amino]butanoic acid","C9 H13 N3 O2","candidate-pending","confirmed-noncanonical-residue","non-polymer","RCSB and PubChem define a discrete pyridylamino-substituted L-aminobutanoic acid.","https://www.rcsb.org/ligand/NOU","2026-09-01"
"NWG","5-[(diaminomethylidene)amino]-2-oxopentanoic acid","C6 H11 N3 O3","candidate-pending","confirmed-noncanonical-residue","NON-POLYMER","RCSB and PubChem identify 5-guanidino-2-oxopentanoic acid as a discrete keto analogue/metabolic derivative of a guanidino amino acid.","https://www.rcsb.org/ligand/NWG","2026-09-01"
"NZ2","N-(methylsulfonyl)-N-phenyl-L-alanine","C10 H13 N O4 S","candidate-pending","confirmed-noncanonical-residue","NON-POLYMER","RCSB and PubChem define N-(methylsulfonyl)-N-phenyl-L-alanine as a discrete N-substituted alanine derivative.","https://www.rcsb.org/ligand/NZ2","2026-09-01"
"NZ3","N-(methylsulfonyl)-N-phenyl-D-alanine","C10 H13 N O4 S","candidate-pending","confirmed-noncanonical-residue","NON-POLYMER","RCSB and PubChem define the corresponding D-alanine stereoisomer as an independent compound.","https://www.rcsb.org/ligand/NZ3","2026-09-01"
"O77","N-[(3S)-3-amino-3-carboxypropyl]-L-histidine","C10 H16 N4 O4","candidate-pending","resolved-special-reference","NON-POLYMER","RCSB entry 6PBN identifies the two-amino-acid-center compound as a pseudopaline-biosynthesis product/intermediate, not one ordinary amino-acid monomer.","https://www.rcsb.org/ligand/O77","2026-09-01"
"OP1","1-[(1S)-4-carbamimidamido-1-carboxybutyl]-5-oxo-D-proline","C11 H18 N4 O5","candidate-pending","resolved-special-reference","NON-POLYMER","RCSB identifies pyronopaline, an opine formed from an arginine-like center and 5-oxo-proline; retain it as a metabolic conjugate rather than one monomer.","https://www.rcsb.org/ligand/OP1","2026-09-01"
"P4B","(2~{R})-4-azanyl-2-[[(1~{S})-1-oxidanylethyl]amino]butanoic acid","C6 H14 N2 O3","candidate-pending","confirmed-noncanonical-residue","non-polymer","RCSB and PubChem register a discrete hydroxyethyl-substituted diamino butanoic acid with one carboxylic amino-acid scaffold.","https://www.rcsb.org/ligand/P4B","2026-09-01"
"PB1","3-(2-AMINOETHYL)-4-(AMINOMETHYL)HEPTANEDIOIC ACID","C10 H20 N2 O4","candidate-pending","confirmed-noncanonical-residue","NON-POLYMER","RCSB and PubChem define a discrete diamino heptanedioic acid with fixed stereochemistry.","https://www.rcsb.org/ligand/PB1","2026-09-01"
"PCV","5-AMINO-3-HYDROXY-2-(2-OXO-AZETIDIN-1-YL)-PENTANOIC ACID","C8 H14 N2 O4","candidate-pending","resolved-special-reference","NON-POLYMER","RCSB identifies proclavaminic acid, a beta-lactam biosynthetic intermediate in clavulanate-related metabolism; retain it as a special natural-product precursor rather than an ordinary monomer.","https://www.rcsb.org/ligand/PCV","2026-09-01"
"PDM","4-[4-(2,5-DIOXO-PYRROLIDIN-1-YL)-PHENYLAMINO]-4-HYDROXY-BUTYRIC ACID","C14 H16 N2 O5","candidate-pending","resolved-special-reference","NON-POLYMER","RCSB identifies para-phenyl dimaleimide-derived hydroxybutyrate, a reactive maleimide/hapten-like construct rather than an ordinary independently used amino-acid monomer.","https://www.rcsb.org/ligand/PDM","2026-09-01"
"PHX","4-{[(Z)-(5-OXO-2-PHENYL-1,3-OXAZOL-4(5H)-YLIDENE)METHYL]AMINO}BUTANOIC ACID","C14 H14 N2 O4","candidate-pending","resolved-special-reference","non-polymer","RCSB entry 2UUD identifies this oxazolone-GABA conjugate as an antibody hapten (phOxGABA), not one ordinary amino acid.","https://www.rcsb.org/ligand/PHX","2026-09-01"
"QJW","(3S)-3-[(2-nitrophenyl)methoxy]-L-aspartic acid","C11 H12 N2 O7","candidate-pending","confirmed-noncanonical-residue","non-polymer","RCSB and PubChem define a discrete nitrobenzyl-ether protected L-aspartic-acid derivative.","https://www.rcsb.org/ligand/QJW","2026-09-01"
"QLI","(5S,6S)-6-amino-5-[(1-carboxyethenyl)oxy]cyclohexa-1,3-diene-1-carboxylic acid","C10 H11 N O5","candidate-pending","confirmed-noncanonical-residue","NON-POLYMER","RCSB and PubChem identify 2-amino-2-deoxyisochorismic acid, a discrete aminated dicarboxylic biosynthetic intermediate.","https://www.rcsb.org/ligand/QLI","2026-09-01"
"QUS","(S)-2-AMINO-3-(3,5-DIOXO-[1,2,4]OXADIAZOLIDIN-2-YL)-PROPIONIC ACID","C5 H7 N3 O5","candidate-pending","confirmed-noncanonical-residue","NON-POLYMER","RCSB and PubChem identify quisqualic acid, a defined oxadiazolidinedione-substituted L-alanine analogue.","https://www.rcsb.org/ligand/QUS","2026-09-01"
"R1V","N-[(2E)-3,7-dimethylocta-2,6-dien-1-yl]-L-glutamic acid","C15 H25 N O4","candidate-pending","confirmed-noncanonical-residue","non-polymer","RCSB and PubChem define a discrete N-geranyl-like substituted L-glutamic-acid derivative.","https://www.rcsb.org/ligand/R1V","2026-09-01"
"R9J","2-methyl-N-(4-methylphenyl)-L-alanine","C11 H15 N O2","candidate-pending","confirmed-noncanonical-residue","NON-POLYMER","RCSB and PubChem register a discrete alpha-methyl, N-p-tolyl alanine derivative.","https://www.rcsb.org/ligand/R9J","2026-09-01"
"REZ","(2R)-2-AMINO-7-{[(1R)-1-CARBOXYETHYL]AMINO}-7-OXOHEPTANOIC ACID","C10 H18 N2 O5","candidate-pending","resolved-special-reference","NON-POLYMER","RCSB identifies this aminoadipyl-D-alanine amide as a peptidoglycan-mimetic peptide component containing two amino-acid centers.","https://www.rcsb.org/ligand/REZ","2026-09-01"
"RGE","(2S)-2-AMINO-5-(2-(METHYLSULFINYL)ACETIMIDAMIDO)PENTANOIC ACID","C8 H17 N3 O3 S","candidate-pending","confirmed-noncanonical-residue","NON-POLYMER","RCSB and PubChem define a discrete methylsulfinyl-acetimidamido L-ornithine derivative.","https://www.rcsb.org/ligand/RGE","2026-09-01"
"RH0","3-amino-5-S-benzyl-2,3-dideoxy-5-thio-D-erythro-pentonic acid","C12 H17 N O3 S","candidate-pending","confirmed-noncanonical-residue","peptide-like","The CCD peptide-like definition describes a single benzylthio beta-amino hydroxy acid with fixed stereochemistry.","https://www.rcsb.org/ligand/RH0","2026-09-01"
"RQJ","deoxyproclavaminic acid","C8 H14 N2 O3","candidate-pending","resolved-special-reference","non-polymer","RCSB and PubChem identify deoxyproclavaminic acid, a beta-lactam/clavulanate biosynthetic precursor rather than an ordinary peptide monomer.","https://www.rcsb.org/ligand/RQJ","2026-09-01"
"S4F","3-[(3R)-1-(6-amino-5-chloropyrimidin-4-yl)piperidin-3-yl]propanoic acid","C12 H17 Cl N4 O2","candidate-pending","resolved-nonmonomer","non-polymer","RCSB entry 5SPK identifies a SARS-CoV-2 macrodomain screening ligand; its aminopyrimidine-piperidine propionate scaffold is a drug fragment, not an amino-acid monomer.","https://www.rcsb.org/ligand/S4F","2026-09-01"
"SDC","S-[2-(AMINOSULFONYL)ETHYL]-D-CYSTEINE","C5 H12 N2 O4 S2","candidate-pending","confirmed-noncanonical-residue","NON-POLYMER","RCSB and PubChem identify S-(2-sulfamoylethyl)-D-cysteine, a discrete sulfur-substituted cysteine derivative.","https://www.rcsb.org/ligand/SDC","2026-09-01"
"SHI","(S)-2-AMINO-3-(3-HYDROXY-ISOXAZOL-4-YL)PROPIONIC ACID","C6 H8 N2 O4","candidate-pending","confirmed-noncanonical-residue","NON-POLYMER","RCSB and PubChem identify des-methyl AMPA as a discrete isoxazole-substituted L-alanine analogue.","https://www.rcsb.org/ligand/SHI","2026-09-01"
"SMZ","N~5~-[(E)-imino(methylsulfanyl)methyl]-L-ornithine","C7 H15 N3 O2 S","candidate-pending","confirmed-noncanonical-residue","NON-POLYMER","RCSB and PubChem identify S-methyl-L-thiocitrulline, a discrete ornithine/citrulline derivative.","https://www.rcsb.org/ligand/SMZ","2026-09-01"
"SSC","(2S,5S)-5-CARBOXYMETHYLPROLINE","C7 H11 N O4","candidate-pending","confirmed-noncanonical-residue","NON-POLYMER","RCSB and PubChem identify (2S,5S)-5-carboxymethylproline, a discrete proline dicarboxylic acid.","https://www.rcsb.org/ligand/SSC","2026-09-01"
"SUO","N~2~-(3-CARBOXYPROPANOYL)-L-ORNITHINE","C9 H16 N2 O5","candidate-pending","confirmed-noncanonical-residue","NON-POLYMER","RCSB and PubChem identify N2-succinyl-L-ornithine, a discrete acylated ornithine metabolic derivative.","https://www.rcsb.org/ligand/SUO","2026-09-01"
"TB1","(3S)-3-(BENZYLOXY)-L-ASPARTIC ACID","C11 H13 N O5","candidate-pending","confirmed-noncanonical-residue","NON-POLYMER","RCSB and PubChem define benzyloxy-L-aspartate as a discrete protected aspartic-acid derivative.","https://www.rcsb.org/ligand/TB1","2026-09-01"
"TBL","N-[(4-methoxyphenyl)sulfonyl]-D-alanine","C10 H13 N O5 S","candidate-pending","confirmed-noncanonical-residue","NON-POLYMER","RCSB and PubChem identify N-(4-methoxyphenylsulfonyl)-D-alanine, a discrete N-sulfonyl D-amino acid.","https://www.rcsb.org/ligand/TBL","2026-09-01"
"TF7","(3S)-3-(dihydroxy-lambda~4~-sulfanyl)-4-(1H-1,2,3-triazol-1-yl)-D-valine","C7 H14 N4 O4 S","candidate-pending","confirmed-noncanonical-residue","NON-POLYMER","The official CCD defines a single sulfur- and triazole-substituted D-valine derivative with fixed stereochemistry.","https://www.rcsb.org/ligand/TF7","2026-09-01"
"TKI","2-[(4,6-diethyl-1,3,5-triazin-2-yl)-methyl-amino]ethanoic acid","C10 H16 N4 O2","candidate-pending","confirmed-noncanonical-residue","non-polymer","RCSB and PubChem register a discrete N-triazinyl-N-methyl glycine derivative; peptide usability is not inferred.","https://www.rcsb.org/ligand/TKI","2026-09-01"
"TPR","TOSYL-D-PROLINE","C12 H15 N O4 S","candidate-pending","confirmed-noncanonical-residue","NON-POLYMER","RCSB and PubChem identify N-tosyl-D-proline, a discrete protected D-proline derivative.","https://www.rcsb.org/ligand/TPR","2026-09-01"
"U1K","(S)-2-AMINO-3-(3-HYDROXY-5-TERT-BUTYLISOTHIAZOL-4-YL) PROPRIONIC ACID","C10 H16 N2 O3 S","candidate-pending","confirmed-noncanonical-residue","NON-POLYMER","RCSB and PubChem identify thio-ATPA as a discrete isothiazole-substituted L-alanine analogue.","https://www.rcsb.org/ligand/U1K","2026-09-01"
"U8S","3-[(2S)-2-hydroxy-2,3-dihydro-1H-imidazol-4-yl]-L-alanine","C6 H11 N3 O3","candidate-pending","confirmed-noncanonical-residue","non-polymer","RCSB and PubChem define a discrete hydroxy-dihydroimidazole-substituted L-alanine derivative.","https://www.rcsb.org/ligand/U8S","2026-09-01"
"UCQ","(2~{S})-2-(dimethylamino)-3-(3-methylimidazol-4-yl)propanoic acid","C9 H15 N3 O2","candidate-pending","confirmed-noncanonical-residue","non-polymer","RCSB and PubChem define a discrete N,N-dimethyl, ring-methyl histidine derivative; tertiary alpha nitrogen limits coupling.","https://www.rcsb.org/ligand/UCQ","2026-09-01"
"UV3","7-bromo-L-tryptophan","C11 H11 Br N2 O2","candidate-pending","confirmed-noncanonical-residue","non-polymer","RCSB and PubChem identify 7-bromo-L-tryptophan, a defined halogenated non-proteinogenic amino acid.","https://www.rcsb.org/ligand/UV3","2026-09-01"
"V29","(3R)-3-(benzylamino)oxolane-3-carboxylic acid","C12 H15 N O3","candidate-pending","confirmed-noncanonical-residue","non-polymer","RCSB and PubChem register a discrete benzylamino oxolane carboxylic acid with fixed stereochemistry.","https://www.rcsb.org/ligand/V29","2026-09-01"
"VIG","4-AMINO HEXANOIC ACID","C6 H13 N O2","candidate-pending","confirmed-noncanonical-residue","NON-POLYMER","RCSB and PubChem identify (4R)-4-aminohexanoic acid, a discrete gamma-amino acid.","https://www.rcsb.org/ligand/VIG","2026-09-01"
"VIO","N5-(1-IMINO-3-BUTENYL)-L-ORNITHINE","C9 H20 N3 O2","candidate-pending","confirmed-noncanonical-residue","NON-POLYMER","RCSB and PubChem identify N5-(1-imino-3-butenyl)-L-ornithine, a discrete ornithine derivative.","https://www.rcsb.org/ligand/VIO","2026-09-01"
"VLS","N-[1,3-dihydroxy-2-(hydroxymethyl)propan-2-yl]glycine","C6 H13 N O5","candidate-pending","confirmed-noncanonical-residue","non-polymer","RCSB and PubChem define a discrete polyhydroxymethyl N-substituted glycine derivative.","https://www.rcsb.org/ligand/VLS","2026-09-01"
"VQ6","(2R)-(cyclopropylamino)(2,6-difluorophenyl)acetic acid","C11 H11 F2 N O2","candidate-pending","confirmed-noncanonical-residue","non-polymer","RCSB and PubChem register a discrete cyclopropylamino difluorophenyl glycine analogue with fixed R stereochemistry.","https://www.rcsb.org/ligand/VQ6","2026-09-01"
"VUR","(S)-2-AMINO-5-(2-MERCAPTOACETIMIDAMIDO)PENTANOIC ACID","C7 H15 N3 O2 S","candidate-pending","confirmed-noncanonical-residue","NON-POLYMER","RCSB and PubChem define a discrete mercaptoacetimidamido L-ornithine derivative.","https://www.rcsb.org/ligand/VUR","2026-09-01"
"VY9","(3R)-3-(2-hydroxy-2-oxoethylamino)decanoic acid","C12 H23 N O4","candidate-pending","confirmed-noncanonical-residue","non-polymer","RCSB and PubChem register a discrete N-carboxymethyl long-chain beta-amino acid with fixed stereochemistry.","https://www.rcsb.org/ligand/VY9","2026-09-01"
"W1N","(3S)-3-amino-4-(2-fluorophenyl)butanoic acid","C10 H12 F N O2","candidate-pending","confirmed-noncanonical-residue","non-polymer","RCSB and PubChem identify a discrete fluorophenyl-substituted beta-amino acid.","https://www.rcsb.org/ligand/W1N","2026-09-01"
"W5J","N-methyl-N-7H-pyrrolo[2,3-d]pyrimidin-4-yl-beta-alanine","C10 H12 N4 O2","candidate-pending","confirmed-noncanonical-residue","non-polymer","RCSB and PubChem define a discrete heteroaryl N-methyl beta-alanine derivative; coupling suitability is separate.","https://www.rcsb.org/ligand/W5J","2026-09-01"
"WT2","(S)-2-AMINO-5-(2-OXOACETIMIDAMIDO)PENTANOIC ACID","C7 H13 N3 O3","candidate-pending","confirmed-noncanonical-residue","non-polymer","RCSB and PubChem define a discrete oxoacetimidamido L-ornithine derivative.","https://www.rcsb.org/ligand/WT2","2026-09-01"
"X7O","5-AMINO-3-METHYL-PYRROLIDINE-2-CARBOXYLIC ACID","C6 H12 N2 O2","candidate-pending","confirmed-noncanonical-residue","NON-POLYMER","RCSB and PubChem identify 5-amino-3-methyl-D-proline, a defined diamino proline analogue.","https://www.rcsb.org/ligand/X7O","2026-09-01"
"XD1","(2R,4S)-2-[(1R)-1-amino-2-oxoethyl]-5,5-dimethyl-1,3-thiazolidine-4-carboxylic acid","C8 H14 N2 O3 S","candidate-pending","resolved-nonmonomer","NON-POLYMER","RCSB explicitly labels this covalently linked component as bound 6-aminopenicillanic acid; it is an antibiotic-core reaction form, not an independent amino-acid monomer.","https://www.rcsb.org/ligand/XD1","2026-09-01"
"XDC","Phosphocreatine","C4 H10 N3 O5 P","candidate-pending","confirmed-noncanonical-residue","non-polymer","RCSB and PubChem identify phosphocreatine as the phosphorylated form of creatine, a discrete phospho-amino-acid derivative; it is not assumed peptide-couplable.","https://www.rcsb.org/ligand/XDC","2026-09-01"
"XSA","(2R)-2-[(2-aminoethyl)amino]-4-boronobutanoic acid","C6 H15 B N2 O4","candidate-pending","confirmed-noncanonical-residue","non-polymer","RCSB and PubChem register a discrete N-(2-aminoethyl) borono amino acid with fixed R stereochemistry.","https://www.rcsb.org/ligand/XSA","2026-09-01"
"XSM","(2R)-4-borono-2-{[(1H-imidazol-4-yl)methyl]amino}butanoic acid","C8 H14 B N3 O4","candidate-pending","confirmed-noncanonical-residue","non-polymer","RCSB and PubChem register a discrete histidylmethyl-substituted borono amino acid.","https://www.rcsb.org/ligand/XSM","2026-09-01"
"XU7","(2S)-2-amino-4-boronobutanoic acid","C4 H10 B N O4","candidate-pending","confirmed-noncanonical-residue","non-polymer","RCSB and PubChem identify (2S)-2-amino-4-boronobutanoic acid, a discrete boron-containing amino acid.","https://www.rcsb.org/ligand/XU7","2026-09-01"
"XUJ","(2R)-2-amino-4-boronobutanoic acid","C4 H10 B N O4","candidate-pending","confirmed-noncanonical-residue","non-polymer","RCSB and PubChem identify the corresponding (2R)-2-amino-4-boronobutanoic acid stereoisomer.","https://www.rcsb.org/ligand/XUJ","2026-09-01"
"YL0","(4R)-4-chloro-L-lysine","C6 H13 Cl N2 O2","candidate-pending","confirmed-noncanonical-residue","non-polymer","RCSB and PubChem identify (4R)-4-chloro-L-lysine, a defined halogenated lysine derivative.","https://www.rcsb.org/ligand/YL0","2026-09-01"
"ZDP","(2S,6S)-2,6-DIAMINO-2-METHYLHEPTANEDIOIC ACID","C8 H16 N2 O4","candidate-pending","confirmed-noncanonical-residue","NON-POLYMER","RCSB and PubChem define (2S,6S)-2,6-diamino-2-methylheptanedioic acid as a discrete diamino dicarboxylic acid.","https://www.rcsb.org/ligand/ZDP","2026-09-01"
"ZDR","(2R,6S)-2,6-DIAMINO-2-METHYLHEPTANEDIOIC ACID","C8 H16 N2 O4","candidate-pending","confirmed-noncanonical-residue","NON-POLYMER","RCSB and PubChem define the (2R,6S) stereoisomer as a discrete diamino dicarboxylic acid.","https://www.rcsb.org/ligand/ZDR","2026-09-01"
