单体筛选状态,CCD编号,名称,研发分档,结构类别,分子式,分子量,人工证据CCD,PDB使用状态,聚合物实体数,≤50残基实体数,示例PDB,判断边界,下一步,风险提示,CCD链接
条件结构候选,004,(2S)-amino(phenyl)ethanoic acid,conditional,芳香／疏水侧链,C8 H9 N O2,151.163,,not-audited,,,,结构可能是独立非天然氨基酸，但用途或单体可获得性仍依赖人工核实。,先核对主链连接几何和独立单体身份，再决定是否查合成证据。,CCD未指定标准氨基酸母体，需确认它是独立残基而非氨基酸样片段,https://www.rcsb.org/ligand/004
条件结构候选,00B,"(4R)-5,5-dimethyl-1,3-thiazolidine-4-carboxylic acid",conditional,其他CCD肽链核心,C6 H11 N O2 S,161.222,,not-audited,,,,结构可能是独立非天然氨基酸，但用途或单体可获得性仍依赖人工核实。,先核对主链连接几何和独立单体身份，再决定是否查合成证据。,CCD未指定标准氨基酸母体，需确认它是独立残基而非氨基酸样片段,https://www.rcsb.org/ligand/00B
条件结构候选,00C,3-sulfo-D-alanine,conditional,D-构型,C3 H7 N O5 S,169.156,,not-audited,,,,结构可能是独立非天然氨基酸，但用途或单体可获得性仍依赖人工核实。,先核对主链连接几何和独立单体身份，再决定是否查合成证据。,CCD未指定标准氨基酸母体，需确认它是独立残基而非氨基酸样片段,https://www.rcsb.org/ligand/00C
条件结构候选,00E,morpholin-4-ylacetic acid,conditional,极性／带电侧链,C6 H11 N O3,145.156,,not-audited,,,,结构可能是独立非天然氨基酸，但用途或单体可获得性仍依赖人工核实。,先核对主链连接几何和独立单体身份，再决定是否查合成证据。,CCD仅标为通用peptide linking，需确认真实主链连接几何；CCD未指定标准氨基酸母体，需确认它是独立残基而非氨基酸样片段；以极性/带电特征为主，不宜默认用于提高被动渗透性,https://www.rcsb.org/ligand/00E
优先结构候选，暂无使用命中,00O,beta-phenyl-D-phenylalanine,priority,D-构型,C15 H15 N O2,241.285,,no-polymer-hit,0,0,,结构符合优先研发方向，但当前PDB聚合物审计没有命中。,查询供应商、合成论文、专利和SPPS/LPPS使用记录。,CCD未指定标准氨基酸母体，需确认它是独立残基而非氨基酸样片段,https://www.rcsb.org/ligand/00O
条件结构候选,01N,N-(carboxymethyl)-3-cyclohexyl-D-alanine,conditional,D-构型,C11 H19 N O4,229.273,,not-audited,,,,结构可能是独立非天然氨基酸，但用途或单体可获得性仍依赖人工核实。,先核对主链连接几何和独立单体身份，再决定是否查合成证据。,CCD未指定标准氨基酸母体，需确认它是独立残基而非氨基酸样片段,https://www.rcsb.org/ligand/01N
条件结构候选,01W,"(2S)-2-ammonio-4-[(2,4-dinitrophenyl)amino]butanoate",conditional,芳香／疏水侧链,C10 H12 N4 O6,284.225,,not-audited,,,,结构可能是独立非天然氨基酸，但用途或单体可获得性仍依赖人工核实。,先核对主链连接几何和独立单体身份，再决定是否查合成证据。,分子量超过250 Da，需关注偶联效率、溶解度和总环肽体积；CCD未指定标准氨基酸母体，需确认它是独立残基而非氨基酸样片段,https://www.rcsb.org/ligand/01W
人工证据支持,02A,(2S)-azetidine-2-carboxylic acid,priority,构象限制,C4 H7 N O2,101.104,02A,short-polymer,2,2,5USV / 7YV1,CCD结构与网站人工整理的论文、专利或药物骨架证据精确对应；可作为优先核验的肽合成单体。,继续核对具体保护形式、偶联方法和供应/合成来源。,CCD未指定标准氨基酸母体，需确认它是独立残基而非氨基酸样片段,https://www.rcsb.org/ligand/02A
已在短肽序列中观察到,02K,1-aminocyclohexanecarboxylic acid,priority,α位取代,C7 H13 N O2,143.184,,short-polymer,6,6,3S8O / 4P9V / 4P9Z / 4TL1 / 6WM1,该CCD进入过不超过50残基的PDB聚合物序列，支持其作为肽残基使用，但尚未逐条确认独立单体来源。,查原始论文，确认是预制单体偶联还是翻译后/结构内修饰。,CCD仅标为通用peptide linking，需确认真实主链连接几何,https://www.rcsb.org/ligand/02K
条件结构候选,02L,"N-(2,2-dimethylpropyl)-L-asparagine",conditional,极性／带电侧链,C9 H18 N2 O3,202.251,,not-audited,,,,结构可能是独立非天然氨基酸，但用途或单体可获得性仍依赖人工核实。,先核对主链连接几何和独立单体身份，再决定是否查合成证据。,以极性/带电特征为主，不宜默认用于提高被动渗透性,https://www.rcsb.org/ligand/02L
条件结构候选,02O,"3-(3-tert-butyl-1,2,4-oxadiazol-5-yl)-L-alanine",conditional,芳香／疏水侧链,C9 H15 N3 O3,213.234,,not-audited,,,,结构可能是独立非天然氨基酸，但用途或单体可获得性仍依赖人工核实。,先核对主链连接几何和独立单体身份，再决定是否查合成证据。,,https://www.rcsb.org/ligand/02O
条件结构候选,02V,"(2S)-(3,4-dihydroxyphenyl)(methylamino)ethanoic acid",conditional,芳香／疏水侧链,C9 H11 N O4,197.188,,not-audited,,,,结构可能是独立非天然氨基酸，但用途或单体可获得性仍依赖人工核实。,先核对主链连接几何和独立单体身份，再决定是否查合成证据。,CCD未指定标准氨基酸母体，需确认它是独立残基而非氨基酸样片段,https://www.rcsb.org/ligand/02V
仅结构参考,02Y,6-diazonio-5-oxo-L-norleucine,reference,极性／带电侧链,C6 H10 N3 O3,172.162,,not-audited,,,,复杂度、反应性、极性、端基或保护状态存在明显疑问，不进入默认单体库。,除非有明确研究用途，否则不优先审核。,名称提示反应性官能团或中间体，需要确认能否承受偶联和脱保护条件；以极性/带电特征为主，不宜默认用于提高被动渗透性,https://www.rcsb.org/ligand/02Y
优先结构候选，暂无使用命中,037,"(1S,3aR,6aS)-octahydrocyclopenta[c]pyrrole-1-carboxylic acid",priority,构象限制,C8 H13 N O2,155.194,,no-polymer-hit,0,0,,结构符合优先研发方向，但当前PDB聚合物审计没有命中。,查询供应商、合成论文、专利和SPPS/LPPS使用记录。,,https://www.rcsb.org/ligand/037
已在短肽序列中观察到,03E,1-aminocycloheptanecarboxylic acid,priority,α位取代,C8 H15 N O2,157.21,,short-polymer,1,1,3OVE,该CCD进入过不超过50残基的PDB聚合物序列，支持其作为肽残基使用，但尚未逐条确认独立单体来源。,查原始论文，确认是预制单体偶联还是翻译后/结构内修饰。,CCD仅标为通用peptide linking，需确认真实主链连接几何；CCD未指定标准氨基酸母体，需确认它是独立残基而非氨基酸样片段,https://www.rcsb.org/ligand/03E
条件结构候选,03Y,2-methyl-L-cysteine,conditional,其他CCD肽链核心,C4 H9 N O2 S,135.185,,not-audited,,,,结构可能是独立非天然氨基酸，但用途或单体可获得性仍依赖人工核实。,先核对主链连接几何和独立单体身份，再决定是否查合成证据。,,https://www.rcsb.org/ligand/03Y
条件结构候选,04Q,N-benzylglycine,conditional,芳香／疏水侧链,C9 H11 N O2,165.189,,not-audited,,,,结构可能是独立非天然氨基酸，但用途或单体可获得性仍依赖人工核实。,先核对主链连接几何和独立单体身份，再决定是否查合成证据。,CCD仅标为通用peptide linking，需确认真实主链连接几何；CCD未指定标准氨基酸母体，需确认它是独立残基而非氨基酸样片段,https://www.rcsb.org/ligand/04Q
条件结构候选,04R,"[3-(trifluoromethyl)-4,5,6,7-tetrahydro-1H-indazol-1-yl]acetic acid",conditional,卤代／电子调节,C10 H11 F3 N2 O2,248.202,,not-audited,,,,结构可能是独立非天然氨基酸，但用途或单体可获得性仍依赖人工核实。,先核对主链连接几何和独立单体身份，再决定是否查合成证据。,CCD仅标为通用peptide linking，需确认真实主链连接几何；CCD未指定标准氨基酸母体，需确认它是独立残基而非氨基酸样片段,https://www.rcsb.org/ligand/04R
条件结构候选,04U,"azanylidene-[(3S,5S)-5-carboxypyrrolidin-3-yl]imino-azanium",conditional,极性／带电侧链,C5 H9 N4 O2,157.151,,not-audited,,,,结构可能是独立非天然氨基酸，但用途或单体可获得性仍依赖人工核实。,先核对主链连接几何和独立单体身份，再决定是否查合成证据。,以极性/带电特征为主，不宜默认用于提高被动渗透性,https://www.rcsb.org/ligand/04U
排除,04V,(2S)-pyrrolidine-2-carboximidic acid,exclude,极性／带电侧链,C5 H10 N2 O,114.146,,not-audited,,,,自动规则识别为整分子、辅因子、金属复合物、完整肽、保护体或缺少常规偶联羧基。,不计入非天然氨基酸单体数量。,,https://www.rcsb.org/ligand/04V
条件结构候选,04X,"(2S)-5-(morpholin-4-ylmethyl)-1,2,3,6-tetrahydropyridine-2-carboxylic acid",conditional,芳香／疏水侧链,C11 H18 N2 O3,226.272,,not-audited,,,,结构可能是独立非天然氨基酸，但用途或单体可获得性仍依赖人工核实。,先核对主链连接几何和独立单体身份，再决定是否查合成证据。,CCD未指定标准氨基酸母体，需确认它是独立残基而非氨基酸样片段,https://www.rcsb.org/ligand/04X
已在短肽序列中观察到,05N,"(3R,4R)-4-hydroxy-3-methyl-L-proline",priority,构象限制,C6 H11 N O3,145.156,,short-polymer,2,2,4G5G / 5JBQ,该CCD进入过不超过50残基的PDB聚合物序列，支持其作为肽残基使用，但尚未逐条确认独立单体来源。,查原始论文，确认是预制单体偶联还是翻译后/结构内修饰。,,https://www.rcsb.org/ligand/05N
仅结构参考,05O,(2S)-2-amino-3-[4-(trifluoromethoxy)phenyl]propanal,reference,卤代／电子调节,C10 H10 F3 N O3,249.187,,not-audited,,,,复杂度、反应性、极性、端基或保护状态存在明显疑问，不进入默认单体库。,除非有明确研究用途，否则不优先审核。,名称提示反应性官能团或中间体，需要确认能否承受偶联和脱保护条件；CCD未指定标准氨基酸母体，需确认它是独立残基而非氨基酸样片段,https://www.rcsb.org/ligand/05O
已在短肽序列中观察到,060,S-methyl-D-cysteine,priority,D-构型,C4 H9 N O2 S,135.185,,short-polymer,2,2,4JNA / 7ROV,该CCD进入过不超过50残基的PDB聚合物序列，支持其作为肽残基使用，但尚未逐条确认独立单体来源。,查原始论文，确认是预制单体偶联还是翻译后/结构内修饰。,CCD未指定标准氨基酸母体，需确认它是独立残基而非氨基酸样片段,https://www.rcsb.org/ligand/060
条件结构候选,07O,S-[(2S)-2-phenylpropanoyl]-L-cysteine,conditional,芳香／疏水侧链,C12 H15 N O3 S,253.317,,not-audited,,,,结构可能是独立非天然氨基酸，但用途或单体可获得性仍依赖人工核实。,先核对主链连接几何和独立单体身份，再决定是否查合成证据。,分子量超过250 Da，需关注偶联效率、溶解度和总环肽体积,https://www.rcsb.org/ligand/07O
条件结构候选,08M,N~5~-(pyrazin-2-ylcarbonyl)-L-ornithine,conditional,芳香／疏水侧链,C10 H14 N4 O3,238.243,,not-audited,,,,结构可能是独立非天然氨基酸，但用途或单体可获得性仍依赖人工核实。,先核对主链连接几何和独立单体身份，再决定是否查合成证据。,CCD未指定标准氨基酸母体，需确认它是独立残基而非氨基酸样片段,https://www.rcsb.org/ligand/08M
排除,08P,N-(carboxycarbonyl)-D-cysteine,exclude,D-构型,C5 H7 N O5 S,193.178,,not-audited,,,,自动规则识别为整分子、辅因子、金属复合物、完整肽、保护体或缺少常规偶联羧基。,不计入非天然氨基酸单体数量。,,https://www.rcsb.org/ligand/08P
条件结构候选,0A0,2-methyl-L-aspartic acid,conditional,极性／带电侧链,C5 H9 N O4,147.129,,not-audited,,,,结构可能是独立非天然氨基酸，但用途或单体可获得性仍依赖人工核实。,先核对主链连接几何和独立单体身份，再决定是否查合成证据。,以极性/带电特征为主，不宜默认用于提高被动渗透性,https://www.rcsb.org/ligand/0A0
人工证据支持,0A1,O-methyl-L-tyrosine,conditional,芳香／疏水侧链,C10 H13 N O3,195.215,0A1,not-audited,,,,CCD结构与网站人工整理的论文、专利或药物骨架证据精确对应；可作为优先核验的肽合成单体。,继续核对具体保护形式、偶联方法和供应/合成来源。,,https://www.rcsb.org/ligand/0A1
排除,0A2,"[(1R)-1,5-diaminopentyl][bis(ethanolato)]hydroxyborate(1-)",exclude,极性／带电侧链,C9 H24 B N2 O3,219.109,,not-audited,,,,自动规则识别为整分子、辅因子、金属复合物、完整肽、保护体或缺少常规偶联羧基。,不计入非天然氨基酸单体数量。,,https://www.rcsb.org/ligand/0A2
条件结构候选,0A8,S-[(2-chloroethyl)carbamoyl]-L-cysteine,conditional,卤代／电子调节,C6 H11 Cl N2 O3 S,226.681,,not-audited,,,,结构可能是独立非天然氨基酸，但用途或单体可获得性仍依赖人工核实。,先核对主链连接几何和独立单体身份，再决定是否查合成证据。,,https://www.rcsb.org/ligand/0A8
排除,0A9,methyl L-phenylalaninate,exclude,芳香／疏水侧链,C10 H13 N O2,179.216,,not-audited,,,,自动规则识别为整分子、辅因子、金属复合物、完整肽、保护体或缺少常规偶联羧基。,不计入非天然氨基酸单体数量。,,https://www.rcsb.org/ligand/0A9
排除,0AB,"(3S,4S)-3-amino-4-methyl-3,4-dihydro-2H-pyran-2-one",exclude,其他CCD肽链核心,C6 H9 N O2,127.141,,not-audited,,,,自动规则识别为整分子、辅因子、金属复合物、完整肽、保护体或缺少常规偶联羧基。,不计入非天然氨基酸单体数量。,,https://www.rcsb.org/ligand/0AB
条件结构候选,0AF,7-hydroxy-L-tryptophan,conditional,芳香／疏水侧链,C11 H12 N2 O3,220.225,,not-audited,,,,结构可能是独立非天然氨基酸，但用途或单体可获得性仍依赖人工核实。,先核对主链连接几何和独立单体身份，再决定是否查合成证据。,,https://www.rcsb.org/ligand/0AF
条件结构候选,0AH,O-(bromoacetyl)-L-serine,conditional,卤代／电子调节,C5 H8 Br N O4,226.025,,not-audited,,,,结构可能是独立非天然氨基酸，但用途或单体可获得性仍依赖人工核实。,先核对主链连接几何和独立单体身份，再决定是否查合成证据。,,https://www.rcsb.org/ligand/0AH
条件结构候选,0AK,(2S)-2-amino-4-(2-chloroethoxy)-4-oxobutanoic acid,conditional,卤代／电子调节,C6 H10 Cl N O4,195.601,,not-audited,,,,结构可能是独立非天然氨基酸，但用途或单体可获得性仍依赖人工核实。,先核对主链连接几何和独立单体身份，再决定是否查合成证据。,,https://www.rcsb.org/ligand/0AK
条件结构候选,0AR,N-[N-[(4S)-4-azanyl-5-hydroxy-5-oxo-pentyl]carbamimidoyl]ethanamide,conditional,极性／带电侧链,C8 H16 N4 O3,216.238,,not-audited,,,,结构可能是独立非天然氨基酸，但用途或单体可获得性仍依赖人工核实。,先核对主链连接几何和独立单体身份，再决定是否查合成证据。,以极性/带电特征为主，不宜默认用于提高被动渗透性,https://www.rcsb.org/ligand/0AR
条件结构候选,0BN,4-carbamimidoyl-L-phenylalanine,conditional,芳香／疏水侧链,C10 H13 N3 O2,207.229,,not-audited,,,,结构可能是独立非天然氨基酸，但用途或单体可获得性仍依赖人工核实。,先核对主链连接几何和独立单体身份，再决定是否查合成证据。,,https://www.rcsb.org/ligand/0BN
条件结构候选,0CS,3-[(S)-HYDROPEROXYSULFINYL]-L-ALANINE,conditional,极性／带电侧链,C3 H7 N O5 S,169.156,,not-audited,,,,结构可能是独立非天然氨基酸，但用途或单体可获得性仍依赖人工核实。,先核对主链连接几何和独立单体身份，再决定是否查合成证据。,以极性/带电特征为主，不宜默认用于提高被动渗透性,https://www.rcsb.org/ligand/0CS
条件结构候选,0E5,"(2S,3R)-2-azanyl-3-methyl-3-oxidanyl-pentanoic acid",conditional,极性／带电侧链,C6 H13 N O3,147.172,,not-audited,,,,结构可能是独立非天然氨基酸，但用途或单体可获得性仍依赖人工核实。,先核对主链连接几何和独立单体身份，再决定是否查合成证据。,以极性/带电特征为主，不宜默认用于提高被动渗透性,https://www.rcsb.org/ligand/0E5
条件结构候选,0EA,"(betaR)-beta,3-dihydroxy-N-methyl-L-tyrosine",conditional,N-取代,C10 H13 N O5,227.214,,not-audited,,,,结构可能是独立非天然氨基酸，但用途或单体可获得性仍依赖人工核实。,先核对主链连接几何和独立单体身份，再决定是否查合成证据。,,https://www.rcsb.org/ligand/0EA
已在短肽序列中观察到,0EH,(2R)-2-amino-2-methylnonanoic acid,priority,D-构型,C10 H21 N O2,187.279,,short-polymer,12,12,3V3B / 4N5T / 4UMN / 5WHH / 5XXK,该CCD进入过不超过50残基的PDB聚合物序列，支持其作为肽残基使用，但尚未逐条确认独立单体来源。,查原始论文，确认是预制单体偶联还是翻译后/结构内修饰。,CCD未指定标准氨基酸母体，需确认它是独立残基而非氨基酸样片段,https://www.rcsb.org/ligand/0EH
条件结构候选,0FL,3-amino-N-formyl-L-alanine,conditional,极性／带电侧链,C4 H8 N2 O3,132.118,,not-audited,,,,结构可能是独立非天然氨基酸，但用途或单体可获得性仍依赖人工核实。,先核对主链连接几何和独立单体身份，再决定是否查合成证据。,以极性/带电特征为主，不宜默认用于提高被动渗透性,https://www.rcsb.org/ligand/0FL
仅结构参考,0G5,N~5~-(3-iodobenzoyl)-L-ornithine,reference,卤代／电子调节,C12 H15 I N2 O3,362.164,,not-audited,,,,复杂度、反应性、极性、端基或保护状态存在明显疑问，不进入默认单体库。,除非有明确研究用途，否则不优先审核。,分子量超过300 Da，单体复杂度和环肽总分子量负担较高；CCD未指定标准氨基酸母体，需确认它是独立残基而非氨基酸样片段,https://www.rcsb.org/ligand/0G5
条件结构候选,0GG,3-{[(4-hydroxy-3-methoxyphenyl)acetyl]amino}-D-alanine,conditional,D-构型,C12 H16 N2 O5,268.266,,not-audited,,,,结构可能是独立非天然氨基酸，但用途或单体可获得性仍依赖人工核实。,先核对主链连接几何和独立单体身份，再决定是否查合成证据。,分子量超过250 Da，需关注偶联效率、溶解度和总环肽体积；CCD未指定标准氨基酸母体，需确认它是独立残基而非氨基酸样片段,https://www.rcsb.org/ligand/0GG
条件结构候选,0LF,(4R)-4-(4-phenylbutoxy)-L-proline,conditional,构象限制,C15 H21 N O3,263.332,,not-audited,,,,结构可能是独立非天然氨基酸，但用途或单体可获得性仍依赖人工核实。,先核对主链连接几何和独立单体身份，再决定是否查合成证据。,分子量超过250 Da，需关注偶联效率、溶解度和总环肽体积,https://www.rcsb.org/ligand/0LF
仅结构参考,0MU,"(2R)-5-(acetyloxymethyl)-2-[(1R)-1-[[(5R)-5-azanyl-6-oxidanyl-6-oxidanylidene-hexanoyl]amino]-2-oxidanylidene-ethyl]-5,6-dihydro-2H-1,3-thiazine-4-carboxylic acid",reference,D-构型,C16 H23 N3 O8 S,417.434,,not-audited,,,,复杂度、反应性、极性、端基或保护状态存在明显疑问，不进入默认单体库。,除非有明确研究用途，否则不优先审核。,分子量超过300 Da，单体复杂度和环肽总分子量负担较高；杂原子较多，可能增加暴露极性和去溶剂化代价；CCD未指定标准氨基酸母体，需确认它是独立残基而非氨基酸样片段,https://www.rcsb.org/ligand/0MU
仅结构参考,0PR,N-({3-hydroxy-2-methyl-5-[(phosphonooxy)methyl]pyridin-4-yl}methyl)-L-tyrosine,reference,芳香／疏水侧链,C17 H21 N2 O8 P,412.331,,not-audited,,,,复杂度、反应性、极性、端基或保护状态存在明显疑问，不进入默认单体库。,除非有明确研究用途，否则不优先审核。,分子量超过300 Da，单体复杂度和环肽总分子量负担较高；杂原子较多，可能增加暴露极性和去溶剂化代价；含磷酸/膦酸相关结构，通常不利于被动跨膜，除非有专门遮蔽设计,https://www.rcsb.org/ligand/0PR
条件结构候选,0QL,3-[(2-aminoethyl)disulfanyl]-L-alanine,conditional,极性／带电侧链,C5 H12 N2 O2 S2,196.291,,not-audited,,,,结构可能是独立非天然氨基酸，但用途或单体可获得性仍依赖人工核实。,先核对主链连接几何和独立单体身份，再决定是否查合成证据。,以极性/带电特征为主，不宜默认用于提高被动渗透性,https://www.rcsb.org/ligand/0QL
已在短肽序列中观察到,0QZ,D-Isoserine,priority,D-构型,C3 H7 N O3,105.093,,short-polymer,5,5,4MQ9 / 4OIN / 4OIP / 4OIQ / 4OIR,该CCD进入过不超过50残基的PDB聚合物序列，支持其作为肽残基使用，但尚未逐条确认独立单体来源。,查原始论文，确认是预制单体偶联还是翻译后/结构内修饰。,CCD未指定标准氨基酸母体，需确认它是独立残基而非氨基酸样片段,https://www.rcsb.org/ligand/0QZ
条件结构候选,0RJ,3-(formylamino)-L-alanine,conditional,极性／带电侧链,C4 H8 N2 O3,132.118,,not-audited,,,,结构可能是独立非天然氨基酸，但用途或单体可获得性仍依赖人工核实。,先核对主链连接几何和独立单体身份，再决定是否查合成证据。,CCD未指定标准氨基酸母体，需确认它是独立残基而非氨基酸样片段；以极性/带电特征为主，不宜默认用于提高被动渗透性,https://www.rcsb.org/ligand/0RJ
条件结构候选,0TD,(3S)-3-(methylsulfanyl)-L-aspartic acid,conditional,极性／带电侧链,C5 H9 N O4 S,179.194,,not-audited,,,,结构可能是独立非天然氨基酸，但用途或单体可获得性仍依赖人工核实。,先核对主链连接几何和独立单体身份，再决定是否查合成证据。,以极性/带电特征为主，不宜默认用于提高被动渗透性,https://www.rcsb.org/ligand/0TD
条件结构候选,0TH,N-(propylsulfonyl)-D-threonine,conditional,D-构型,C7 H15 N O5 S,225.263,,not-audited,,,,结构可能是独立非天然氨基酸，但用途或单体可获得性仍依赖人工核实。,先核对主链连接几何和独立单体身份，再决定是否查合成证据。,CCD未指定标准氨基酸母体，需确认它是独立残基而非氨基酸样片段,https://www.rcsb.org/ligand/0TH
已在短肽序列中观察到,0UZ,(2R)-amino(3-chloro-4-hydroxyphenyl)ethanoic acid,priority,D-构型,C8 H8 Cl N O3,201.607,,short-polymer,2,2,4EEC / 7LKC,该CCD进入过不超过50残基的PDB聚合物序列，支持其作为肽残基使用，但尚未逐条确认独立单体来源。,查原始论文，确认是预制单体偶联还是翻译后/结构内修饰。,CCD未指定标准氨基酸母体，需确认它是独立残基而非氨基酸样片段,https://www.rcsb.org/ligand/0UZ
条件结构候选,0W6,(4S)-4-aminopentanoic acid,conditional,其他CCD肽链核心,C5 H11 N O2,117.146,,not-audited,,,,结构可能是独立非天然氨基酸，但用途或单体可获得性仍依赖人工核实。,先核对主链连接几何和独立单体身份，再决定是否查合成证据。,CCD未指定标准氨基酸母体，需确认它是独立残基而非氨基酸样片段,https://www.rcsb.org/ligand/0W6
条件结构候选,0WZ,3-(1H-pyrazol-1-yl)-L-tyrosine,conditional,芳香／疏水侧链,C12 H13 N3 O3,247.25,,not-audited,,,,结构可能是独立非天然氨基酸，但用途或单体可获得性仍依赖人工核实。,先核对主链连接几何和独立单体身份，再决定是否查合成证据。,,https://www.rcsb.org/ligand/0WZ
条件结构候选,0X9,N~2~-sulfamoyl-L-arginine,conditional,极性／带电侧链,C6 H15 N5 O4 S,253.279,,not-audited,,,,结构可能是独立非天然氨基酸，但用途或单体可获得性仍依赖人工核实。,先核对主链连接几何和独立单体身份，再决定是否查合成证据。,分子量超过250 Da，需关注偶联效率、溶解度和总环肽体积；以极性/带电特征为主，不宜默认用于提高被动渗透性,https://www.rcsb.org/ligand/0X9
条件结构候选,0XL,2-amino-2-ethylbutanoic acid,conditional,其他CCD肽链核心,C6 H13 N O2,131.173,,not-audited,,,,结构可能是独立非天然氨基酸，但用途或单体可获得性仍依赖人工核实。,先核对主链连接几何和独立单体身份，再决定是否查合成证据。,CCD仅标为通用peptide linking，需确认真实主链连接几何；CCD未指定标准氨基酸母体，需确认它是独立残基而非氨基酸样片段,https://www.rcsb.org/ligand/0XL
已在短肽序列中观察到,0XO,2-methyl-D-lysine,priority,D-构型,C7 H16 N2 O2,160.214,,short-polymer,1,1,4GM9,该CCD进入过不超过50残基的PDB聚合物序列，支持其作为肽残基使用，但尚未逐条确认独立单体来源。,查原始论文，确认是预制单体偶联还是翻译后/结构内修饰。,CCD未指定标准氨基酸母体，需确认它是独立残基而非氨基酸样片段,https://www.rcsb.org/ligand/0XO
已在短肽序列中观察到,0XQ,"(2R)-2,8-diamino-2-methyloctanoic acid",priority,D-构型,C9 H20 N2 O2,188.267,,short-polymer,1,1,4GMB,该CCD进入过不超过50残基的PDB聚合物序列，支持其作为肽残基使用，但尚未逐条确认独立单体来源。,查原始论文，确认是预制单体偶联还是翻译后/结构内修饰。,CCD未指定标准氨基酸母体，需确认它是独立残基而非氨基酸样片段,https://www.rcsb.org/ligand/0XQ
仅结构参考,0Y8,(4R)-4-[(7-bromoisoquinolin-1-yl)oxy]-L-proline,reference,构象限制,C14 H13 Br N2 O3,337.169,,not-audited,,,,复杂度、反应性、极性、端基或保护状态存在明显疑问，不进入默认单体库。,除非有明确研究用途，否则不优先审核。,分子量超过300 Da，单体复杂度和环肽总分子量负担较高,https://www.rcsb.org/ligand/0Y8
已在短肽序列中观察到,0Y9,"(1R,2S)-1-amino-2-ethenylcyclopropanecarboxylic acid",priority,构象限制,C6 H9 N O2,127.141,,short-polymer,1,1,3OYP,该CCD进入过不超过50残基的PDB聚合物序列，支持其作为肽残基使用，但尚未逐条确认独立单体来源。,查原始论文，确认是预制单体偶联还是翻译后/结构内修饰。,CCD仅标为通用peptide linking，需确认真实主链连接几何；CCD未指定标准氨基酸母体，需确认它是独立残基而非氨基酸样片段,https://www.rcsb.org/ligand/0Y9
已在短肽序列中观察到,11Q,1-(cyclohexylmethyl)-L-proline,priority,构象限制,C12 H21 N O2,211.301,,short-polymer,1,1,4HAB,该CCD进入过不超过50残基的PDB聚合物序列，支持其作为肽残基使用，但尚未逐条确认独立单体来源。,查原始论文，确认是预制单体偶联还是翻译后/结构内修饰。,,https://www.rcsb.org/ligand/11Q
仅结构参考,11W,(4R)-4-[(2E)-3-{4-[(E)-phenyldiazenyl]phenyl}prop-2-en-1-yl]-L-glutamic acid,reference,芳香／疏水侧链,C20 H21 N3 O4,367.398,,not-audited,,,,复杂度、反应性、极性、端基或保护状态存在明显疑问，不进入默认单体库。,除非有明确研究用途，否则不优先审核。,分子量超过300 Da，单体复杂度和环肽总分子量负担较高,https://www.rcsb.org/ligand/11W
优先结构候选，暂无使用命中,12L,"(1R,2S,5S)-6,6-dimethyl-3-azabicyclo[3.1.0]hexane-2-carboxylic acid",priority,构象限制,C8 H13 N O2,155.194,,no-polymer-hit,0,0,,结构符合优先研发方向，但当前PDB聚合物审计没有命中。,查询供应商、合成论文、专利和SPPS/LPPS使用记录。,,https://www.rcsb.org/ligand/12L
排除,12X,"(4R)-4-[(8-bromo-7-methoxy-2-{2-[(2-methylpropanoyl)amino]-1,3-thiazol-4-yl}quinolin-4-yl)oxy]-L-proline",exclude,构象限制,C22 H23 Br N4 O5 S,535.411,,not-audited,,,,自动规则识别为整分子、辅因子、金属复合物、完整肽、保护体或缺少常规偶联羧基。,不计入非天然氨基酸单体数量。,,https://www.rcsb.org/ligand/12X
排除,12Y,"(4R)-4-[(7-methoxy-2-{2-[(2-methylpropanoyl)amino]-1,3-thiazol-4-yl}quinolin-4-yl)oxy]-L-proline",exclude,构象限制,C22 H24 N4 O5 S,456.515,,not-audited,,,,自动规则识别为整分子、辅因子、金属复合物、完整肽、保护体或缺少常规偶联羧基。,不计入非天然氨基酸单体数量。,,https://www.rcsb.org/ligand/12Y
条件结构候选,13E,N-[(2S)-2-amino-3-phenylpropyl]-L-methionine,conditional,芳香／疏水侧链,C14 H22 N2 O2 S,282.402,,not-audited,,,,结构可能是独立非天然氨基酸，但用途或单体可获得性仍依赖人工核实。,先核对主链连接几何和独立单体身份，再决定是否查合成证据。,分子量超过250 Da，需关注偶联效率、溶解度和总环肽体积；CCD未指定标准氨基酸母体，需确认它是独立残基而非氨基酸样片段,https://www.rcsb.org/ligand/13E
条件结构候选,143,"S-2,3-DIHYDRO-5-GLYCIN-2-YL-ISOXAZOL-3-YL-CYSTEINE",conditional,极性／带电侧链,C8 H13 N3 O5 S,263.271,,not-audited,,,,结构可能是独立非天然氨基酸，但用途或单体可获得性仍依赖人工核实。,先核对主链连接几何和独立单体身份，再决定是否查合成证据。,分子量超过250 Da，需关注偶联效率、溶解度和总环肽体积；以极性/带电特征为主，不宜默认用于提高被动渗透性,https://www.rcsb.org/ligand/143
条件结构候选,175,"3,5-DIHYDRO-5-METHYLIDENE-4H-IMIDAZOL-4-ON",conditional,极性／带电侧链,C8 H16 N4 O3,216.238,,not-audited,,,,结构可能是独立非天然氨基酸，但用途或单体可获得性仍依赖人工核实。,先核对主链连接几何和独立单体身份，再决定是否查合成证据。,以极性/带电特征为主，不宜默认用于提高被动渗透性,https://www.rcsb.org/ligand/175
已在短肽序列中观察到,192,1-AMINOCYCLOBUTANECARBOXLIC ACID,priority,α位取代,C5 H9 N O2,115.13,,short-polymer,3,3,3S8L / 6OPJ / 9V8E,该CCD进入过不超过50残基的PDB聚合物序列，支持其作为肽残基使用，但尚未逐条确认独立单体来源。,查原始论文，确认是预制单体偶联还是翻译后/结构内修饰。,CCD仅标为通用peptide linking，需确认真实主链连接几何；CCD未指定标准氨基酸母体，需确认它是独立残基而非氨基酸样片段,https://www.rcsb.org/ligand/192
条件结构候选,193,(2S)-4-(BETA-ALANYLAMINO)-2-AMINOBUTANOIC ACID,conditional,极性／带电侧链,C7 H15 N3 O3,189.212,,not-audited,,,,结构可能是独立非天然氨基酸，但用途或单体可获得性仍依赖人工核实。,先核对主链连接几何和独立单体身份，再决定是否查合成证据。,CCD未指定标准氨基酸母体，需确认它是独立残基而非氨基酸样片段；以极性/带电特征为主，不宜默认用于提高被动渗透性,https://www.rcsb.org/ligand/193
条件结构候选,19W,5-(aminooxy)-L-norvaline,conditional,极性／带电侧链,C5 H12 N2 O3,148.16,,not-audited,,,,结构可能是独立非天然氨基酸，但用途或单体可获得性仍依赖人工核实。,先核对主链连接几何和独立单体身份，再决定是否查合成证据。,CCD未指定标准氨基酸母体，需确认它是独立残基而非氨基酸样片段；以极性/带电特征为主，不宜默认用于提高被动渗透性,https://www.rcsb.org/ligand/19W
已在短肽序列中观察到,1AC,1-AMINOCYCLOPROPANECARBOXYLIC ACID,priority,α位取代,C4 H7 N O2,101.104,,short-polymer,4,4,2GV2 / 3FE7 / 3FEA / 3OV1,该CCD进入过不超过50残基的PDB聚合物序列，支持其作为肽残基使用，但尚未逐条确认独立单体来源。,查原始论文，确认是预制单体偶联还是翻译后/结构内修饰。,CCD仅标为通用peptide linking，需确认真实主链连接几何,https://www.rcsb.org/ligand/1AC
条件结构候选,1C3,"1-(3,4,5-trimethoxybenzyl)-L-proline",conditional,构象限制,C15 H21 N O5,295.331,,not-audited,,,,结构可能是独立非天然氨基酸，但用途或单体可获得性仍依赖人工核实。,先核对主链连接几何和独立单体身份，再决定是否查合成证据。,分子量超过250 Da，需关注偶联效率、溶解度和总环肽体积；CCD未指定标准氨基酸母体，需确认它是独立残基而非氨基酸样片段,https://www.rcsb.org/ligand/1C3
条件结构候选,1E3,"(2S)-2,9-diaminononanoic acid",conditional,极性／带电侧链,C9 H20 N2 O2,188.267,,not-audited,,,,结构可能是独立非天然氨基酸，但用途或单体可获得性仍依赖人工核实。,先核对主链连接几何和独立单体身份，再决定是否查合成证据。,CCD未指定标准氨基酸母体，需确认它是独立残基而非氨基酸样片段；以极性/带电特征为主，不宜默认用于提高被动渗透性,https://www.rcsb.org/ligand/1E3
条件结构候选,1G2,(2S)-2-azido-3-phenylpropanoic acid,conditional,芳香／疏水侧链,C9 H9 N3 O2,191.187,,not-audited,,,,结构可能是独立非天然氨基酸，但用途或单体可获得性仍依赖人工核实。,先核对主链连接几何和独立单体身份，再决定是否查合成证据。,CCD未指定标准氨基酸母体，需确认它是独立残基而非氨基酸样片段,https://www.rcsb.org/ligand/1G2
排除,1G3,(2S)-1-[4-(aminomethyl)phenyl]-4-(methylsulfonyl)butan-2-amine,exclude,芳香／疏水侧链,C12 H20 N2 O2 S,256.364,,not-audited,,,,自动规则识别为整分子、辅因子、金属复合物、完整肽、保护体或缺少常规偶联羧基。,不计入非天然氨基酸单体数量。,,https://www.rcsb.org/ligand/1G3
优先结构候选，暂无使用命中,1G8,4-(aminomethyl)-D-phenylalanine,priority,D-构型,C10 H14 N2 O2,194.23,,no-polymer-hit,0,0,,结构符合优先研发方向，但当前PDB聚合物审计没有命中。,查询供应商、合成论文、专利和SPPS/LPPS使用记录。,CCD未指定标准氨基酸母体，需确认它是独立残基而非氨基酸样片段,https://www.rcsb.org/ligand/1G8
条件结构候选,1IC,O-octanoyl-D-serine,conditional,D-构型,C11 H21 N O4,231.289,,not-audited,,,,结构可能是独立非天然氨基酸，但用途或单体可获得性仍依赖人工核实。,先核对主链连接几何和独立单体身份，再决定是否查合成证据。,CCD未指定标准氨基酸母体，需确认它是独立残基而非氨基酸样片段,https://www.rcsb.org/ligand/1IC
仅结构参考,1IP,N~2~-(PHOSPHONOACETYL)-L-ASPARAGINE,reference,极性／带电侧链,C6 H11 N2 O7 P,254.135,,not-audited,,,,复杂度、反应性、极性、端基或保护状态存在明显疑问，不进入默认单体库。,除非有明确研究用途，否则不优先审核。,分子量超过250 Da，需关注偶联效率、溶解度和总环肽体积；杂原子较多，可能增加暴露极性和去溶剂化代价；含磷酸/膦酸相关结构，通常不利于被动跨膜，除非有专门遮蔽设计；CCD未指定标准氨基酸母体，需确认它是独立残基而非氨基酸样片段；以极性/带电特征为主，不宜默认用于提高被动渗透性,https://www.rcsb.org/ligand/1IP
已在短肽序列中观察到,1JM,4-carboxy-N-methyl-D-phenylalanine,priority,N-取代,C11 H13 N O4,223.225,,short-polymer,1,1,4IPZ,该CCD进入过不超过50残基的PDB聚合物序列，支持其作为肽残基使用，但尚未逐条确认独立单体来源。,查原始论文，确认是预制单体偶联还是翻译后/结构内修饰。,CCD未指定标准氨基酸母体，需确认它是独立残基而非氨基酸样片段,https://www.rcsb.org/ligand/1JM
条件结构候选,1L1,3-cyclohexyl-N-sulfamoyl-D-alanine,conditional,D-构型,C9 H18 N2 O4 S,250.315,,not-audited,,,,结构可能是独立非天然氨基酸，但用途或单体可获得性仍依赖人工核实。,先核对主链连接几何和独立单体身份，再决定是否查合成证据。,分子量超过250 Da，需关注偶联效率、溶解度和总环肽体积,https://www.rcsb.org/ligand/1L1
条件结构候选,1ME,(2S)-2-AMINO-3-METHYLSULFANYL-BUTANOIC ACID,conditional,其他CCD肽链核心,C5 H11 N O2 S,149.211,,not-audited,,,,结构可能是独立非天然氨基酸，但用途或单体可获得性仍依赖人工核实。,先核对主链连接几何和独立单体身份，再决定是否查合成证据。,CCD未指定标准氨基酸母体，需确认它是独立残基而非氨基酸样片段,https://www.rcsb.org/ligand/1ME
条件结构候选,1MH,3-pyridin-3-yl-L-alanine,conditional,芳香／疏水侧链,C8 H10 N2 O2,166.177,,not-audited,,,,结构可能是独立非天然氨基酸，但用途或单体可获得性仍依赖人工核实。,先核对主链连接几何和独立单体身份，再决定是否查合成证据。,CCD未指定标准氨基酸母体，需确认它是独立残基而非氨基酸样片段,https://www.rcsb.org/ligand/1MH
条件结构候选,1OP,O-(5-hydroxypentyl)-L-tyrosine,conditional,芳香／疏水侧链,C14 H21 N O4,267.321,,not-audited,,,,结构可能是独立非天然氨基酸，但用途或单体可获得性仍依赖人工核实。,先核对主链连接几何和独立单体身份，再决定是否查合成证据。,分子量超过250 Da，需关注偶联效率、溶解度和总环肽体积,https://www.rcsb.org/ligand/1OP
条件结构候选,1PA,4-(carboxymethyl)-L-phenylalanine,conditional,芳香／疏水侧链,C11 H13 N O4,223.225,,not-audited,,,,结构可能是独立非天然氨基酸，但用途或单体可获得性仍依赖人工核实。,先核对主链连接几何和独立单体身份，再决定是否查合成证据。,,https://www.rcsb.org/ligand/1PA
排除,1PI,(3R)-3-[(2S)-2-amino-3-oxopropyl]piperidine-1-carboximidamide,exclude,构象限制,C9 H18 N4 O,198.265,,not-audited,,,,自动规则识别为整分子、辅因子、金属复合物、完整肽、保护体或缺少常规偶联羧基。,不计入非天然氨基酸单体数量。,,https://www.rcsb.org/ligand/1PI
条件结构候选,1QI,"(2R,4S,5S)-5-azanyl-6-methyl-4-oxidanyl-2-(phenylmethyl)heptanoic acid",conditional,芳香／疏水侧链,C15 H23 N O3,265.348,,not-audited,,,,结构可能是独立非天然氨基酸，但用途或单体可获得性仍依赖人工核实。,先核对主链连接几何和独立单体身份，再决定是否查合成证据。,分子量超过250 Da，需关注偶联效率、溶解度和总环肽体积；CCD仅标为通用peptide linking，需确认真实主链连接几何；CCD未指定标准氨基酸母体，需确认它是独立残基而非氨基酸样片段,https://www.rcsb.org/ligand/1QI
条件结构候选,1TQ,6-(FORMYLAMINO)-7-HYDROXY-L-TRYPTOPHAN,conditional,芳香／疏水侧链,C12 H13 N3 O4,263.249,,not-audited,,,,结构可能是独立非天然氨基酸，但用途或单体可获得性仍依赖人工核实。,先核对主链连接几何和独立单体身份，再决定是否查合成证据。,分子量超过250 Da，需关注偶联效率、溶解度和总环肽体积,https://www.rcsb.org/ligand/1TQ
条件结构候选,1TX,(2S)-2-amino-7-methoxy-7-oxoheptanoic acid,conditional,极性／带电侧链,C8 H15 N O4,189.209,,not-audited,,,,结构可能是独立非天然氨基酸，但用途或单体可获得性仍依赖人工核实。,先核对主链连接几何和独立单体身份，再决定是否查合成证据。,CCD未指定标准氨基酸母体，需确认它是独立残基而非氨基酸样片段；以极性/带电特征为主，不宜默认用于提高被动渗透性,https://www.rcsb.org/ligand/1TX
仅结构参考,1TY,"3-{(3E)-4-HYDROXY-6-OXO-3-[(2-PHENYLETHYL)IMINO]CYCLOHEXA-1,4-DIEN-1-YL}ALANINE",reference,构象限制,C17 H18 N2 O4,314.336,,not-audited,,,,复杂度、反应性、极性、端基或保护状态存在明显疑问，不进入默认单体库。,除非有明确研究用途，否则不优先审核。,分子量超过300 Da，单体复杂度和环肽总分子量负担较高,https://www.rcsb.org/ligand/1TY
条件结构候选,1U8,"(3S)-3-amino-5-[(2,6-dimethylbenzoyl)oxy]-4-oxopentanoic acid",conditional,芳香／疏水侧链,C14 H17 N O5,279.288,,not-audited,,,,结构可能是独立非天然氨基酸，但用途或单体可获得性仍依赖人工核实。,先核对主链连接几何和独立单体身份，再决定是否查合成证据。,分子量超过250 Da，需关注偶联效率、溶解度和总环肽体积；CCD未指定标准氨基酸母体，需确认它是独立残基而非氨基酸样片段,https://www.rcsb.org/ligand/1U8
条件结构候选,1VR,(3R)-3-amino-4-methylpentanoic acid,conditional,其他CCD肽链核心,C6 H13 N O2,131.173,,not-audited,,,,结构可能是独立非天然氨基酸，但用途或单体可获得性仍依赖人工核实。,先核对主链连接几何和独立单体身份，再决定是否查合成证据。,CCD未指定标准氨基酸母体，需确认它是独立残基而非氨基酸样片段,https://www.rcsb.org/ligand/1VR
条件结构候选,1X6,O-[(2E)-3-AMINOPROP-2-ENOYL]-L-SERINE,conditional,极性／带电侧链,C6 H10 N2 O4,174.155,,not-audited,,,,结构可能是独立非天然氨基酸，但用途或单体可获得性仍依赖人工核实。,先核对主链连接几何和独立单体身份，再决定是否查合成证据。,以极性/带电特征为主，不宜默认用于提高被动渗透性,https://www.rcsb.org/ligand/1X6
优先结构候选，暂无使用命中,1XW,"(1aS,4S,6aR,7aS)-octahydro-1H-cyclopropa[4,5]pyrrolo[1,2-a]pyrazine-4-carboxylic acid",priority,构象限制,C9 H14 N2 O2,182.22,,no-polymer-hit,0,0,,结构符合优先研发方向，但当前PDB聚合物审计没有命中。,查询供应商、合成论文、专利和SPPS/LPPS使用记录。,CCD未指定标准氨基酸母体，需确认它是独立残基而非氨基酸样片段,https://www.rcsb.org/ligand/1XW
条件结构候选,200,4-CHLORO-L-PHENYLALANINE,conditional,卤代／电子调节,C9 H10 Cl N O2,199.634,,not-audited,,,,结构可能是独立非天然氨基酸，但用途或单体可获得性仍依赖人工核实。,先核对主链连接几何和独立单体身份，再决定是否查合成证据。,,https://www.rcsb.org/ligand/200
仅结构参考,22G,N-[(2S)-2-amino-3-phenylpropyl]-L-tyrosine,reference,芳香／疏水侧链,C18 H22 N2 O3,314.379,,not-audited,,,,复杂度、反应性、极性、端基或保护状态存在明显疑问，不进入默认单体库。,除非有明确研究用途，否则不优先审核。,分子量超过300 Da，单体复杂度和环肽总分子量负担较高；CCD未指定标准氨基酸母体，需确认它是独立残基而非氨基酸样片段,https://www.rcsb.org/ligand/22G
条件结构候选,23F,(2Z)-2-AMINO-3-PHENYLACRYLIC ACID,conditional,芳香／疏水侧链,C9 H9 N O2,163.173,,not-audited,,,,结构可能是独立非天然氨基酸，但用途或单体可获得性仍依赖人工核实。,先核对主链连接几何和独立单体身份，再决定是否查合成证据。,CCD仅标为通用peptide linking，需确认真实主链连接几何,https://www.rcsb.org/ligand/23F
条件结构候选,23P,3-(propanoylamino)-L-alanine,conditional,极性／带电侧链,C6 H12 N2 O3,160.171,,not-audited,,,,结构可能是独立非天然氨基酸，但用途或单体可获得性仍依赖人工核实。,先核对主链连接几何和独立单体身份，再决定是否查合成证据。,以极性/带电特征为主，不宜默认用于提高被动渗透性,https://www.rcsb.org/ligand/23P
条件结构候选,23S,"(S)-2-AMINO-3-(6H-SELENOLO[2,3-B]-PYRROL-4-YL)-PROPIONIC ACID",conditional,芳香／疏水侧链,C9 H10 N2 O2 Se,257.148,,not-audited,,,,结构可能是独立非天然氨基酸，但用途或单体可获得性仍依赖人工核实。,先核对主链连接几何和独立单体身份，再决定是否查合成证据。,分子量超过250 Da，需关注偶联效率、溶解度和总环肽体积；CCD未指定标准氨基酸母体，需确认它是独立残基而非氨基酸样片段,https://www.rcsb.org/ligand/23S
已在短肽序列中观察到,28J,D-alloisoleucine,priority,D-构型,C6 H13 N O2,131.173,,short-polymer,12,12,2N5W / 2N5Y / 4MEX / 6E00 / 6PSL,该CCD进入过不超过50残基的PDB聚合物序列，支持其作为肽残基使用，但尚未逐条确认独立单体来源。,查原始论文，确认是预制单体偶联还是翻译后/结构内修饰。,CCD未指定标准氨基酸母体，需确认它是独立残基而非氨基酸样片段,https://www.rcsb.org/ligand/28J
仅结构参考,28X,"O-[(R)-{[(3R)-3,4-dihydroxybutyl]oxy}(hydroxy)phosphoryl]-L-threonine",reference,极性／带电侧链,C8 H18 N O8 P,287.204,,not-audited,,,,复杂度、反应性、极性、端基或保护状态存在明显疑问，不进入默认单体库。,除非有明确研究用途，否则不优先审核。,分子量超过250 Da，需关注偶联效率、溶解度和总环肽体积；杂原子较多，可能增加暴露极性和去溶剂化代价；含磷酸/膦酸相关结构，通常不利于被动跨膜，除非有专门遮蔽设计；以极性/带电特征为主，不宜默认用于提高被动渗透性,https://www.rcsb.org/ligand/28X
排除,2AD,2'-AMINO-2'-DEOXYADENOSINE,exclude,芳香／疏水侧链,C10 H14 N6 O3,266.257,,not-audited,,,,自动规则识别为整分子、辅因子、金属复合物、完整肽、保护体或缺少常规偶联羧基。,不计入非天然氨基酸单体数量。,,https://www.rcsb.org/ligand/2AD
条件结构候选,2AG,(2S)-2-aminopent-4-enoic acid,conditional,其他CCD肽链核心,C5 H9 N O2,115.13,,not-audited,,,,结构可能是独立非天然氨基酸，但用途或单体可获得性仍依赖人工核实。,先核对主链连接几何和独立单体身份，再决定是否查合成证据。,,https://www.rcsb.org/ligand/2AG
条件结构候选,2AS,"(2S,3S)-3-methyl-aspartic acid",conditional,极性／带电侧链,C5 H9 N O4,147.129,,not-audited,,,,结构可能是独立非天然氨基酸，但用途或单体可获得性仍依赖人工核实。,先核对主链连接几何和独立单体身份，再决定是否查合成证据。,CCD未指定标准氨基酸母体，需确认它是独立残基而非氨基酸样片段；以极性/带电特征为主，不宜默认用于提高被动渗透性,https://www.rcsb.org/ligand/2AS
条件结构候选,2CO,S-HYDROPEROXYCYSTEINE,conditional,极性／带电侧链,C3 H7 N O4 S,153.157,,not-audited,,,,结构可能是独立非天然氨基酸，但用途或单体可获得性仍依赖人工核实。,先核对主链连接几何和独立单体身份，再决定是否查合成证据。,以极性/带电特征为主，不宜默认用于提高被动渗透性,https://www.rcsb.org/ligand/2CO
排除,2DO,"(2S)-2-AMINOHEXANE-1,1-DIOL",exclude,其他CCD肽链核心,C6 H15 N O2,133.189,,not-audited,,,,自动规则识别为整分子、辅因子、金属复合物、完整肽、保护体或缺少常规偶联羧基。,不计入非天然氨基酸单体数量。,,https://www.rcsb.org/ligand/2DO
条件结构候选,2FM,S-(DIFLUOROMETHYL)HOMOCYSTEINE,conditional,卤代／电子调节,C5 H9 F2 N O2 S,185.192,,not-audited,,,,结构可能是独立非天然氨基酸，但用途或单体可获得性仍依赖人工核实。,先核对主链连接几何和独立单体身份，再决定是否查合成证据。,,https://www.rcsb.org/ligand/2FM
条件结构候选,2GX,beta-phenyl-L-phenylalanine,conditional,芳香／疏水侧链,C15 H15 N O2,241.285,,not-audited,,,,结构可能是独立非天然氨基酸，但用途或单体可获得性仍依赖人工核实。,先核对主链连接几何和独立单体身份，再决定是否查合成证据。,,https://www.rcsb.org/ligand/2GX
条件结构候选,2HF,2-fluoro-L-histidine,conditional,卤代／电子调节,C6 H9 F N3 O2,174.153,,not-audited,,,,结构可能是独立非天然氨基酸，但用途或单体可获得性仍依赖人工核实。,先核对主链连接几何和独立单体身份，再决定是否查合成证据。,,https://www.rcsb.org/ligand/2HF
优先结构候选，暂无使用命中,2JC,N-ethylglycine,priority,N-取代,C4 H9 N O2,103.12,,no-polymer-hit,0,0,,结构符合优先研发方向，但当前PDB聚合物审计没有命中。,查询供应商、合成论文、专利和SPPS/LPPS使用记录。,CCD未指定标准氨基酸母体，需确认它是独立残基而非氨基酸样片段,https://www.rcsb.org/ligand/2JC
条件结构候选,2JF,(2S)-2-amino-3-oxopropyl 4-{[(2S)-2-hydroxy-4-methylpentanoyl]amino}butanoate,conditional,极性／带电侧链,C13 H24 N2 O5,288.34,,not-audited,,,,结构可能是独立非天然氨基酸，但用途或单体可获得性仍依赖人工核实。,先核对主链连接几何和独立单体身份，再决定是否查合成证据。,分子量超过250 Da，需关注偶联效率、溶解度和总环肽体积；CCD未指定标准氨基酸母体，需确认它是独立残基而非氨基酸样片段；以极性/带电特征为主，不宜默认用于提高被动渗透性,https://www.rcsb.org/ligand/2JF
条件结构候选,2JG,(2S)-2-amino-3-oxopropyl hexanoate,conditional,极性／带电侧链,C9 H17 N O3,187.236,,not-audited,,,,结构可能是独立非天然氨基酸，但用途或单体可获得性仍依赖人工核实。,先核对主链连接几何和独立单体身份，再决定是否查合成证据。,以极性/带电特征为主，不宜默认用于提高被动渗透性,https://www.rcsb.org/ligand/2JG
已在短肽序列中观察到,2JH,3-cyclobutyl-L-alanine,priority,构象限制,C7 H13 N O2,143.184,,short-polymer,5,5,4N5T / 6AAW / 6Q36 / 9EO6 / 9H8R,该CCD进入过不超过50残基的PDB聚合物序列，支持其作为肽残基使用，但尚未逐条确认独立单体来源。,查原始论文，确认是预制单体偶联还是翻译后/结构内修饰。,CCD未指定标准氨基酸母体，需确认它是独立残基而非氨基酸样片段,https://www.rcsb.org/ligand/2JH
仅结构参考,2JJ,5-phosphono-D-norvaline,reference,D-构型,C5 H12 N O5 P,197.126,,not-audited,,,,复杂度、反应性、极性、端基或保护状态存在明显疑问，不进入默认单体库。,除非有明确研究用途，否则不优先审核。,含磷酸/膦酸相关结构，通常不利于被动跨膜，除非有专门遮蔽设计；CCD未指定标准氨基酸母体，需确认它是独立残基而非氨基酸样片段,https://www.rcsb.org/ligand/2JJ
已在短肽序列中观察到,2JN,2-methyl-D-norleucine,priority,D-构型,C7 H15 N O2,145.199,,short-polymer,8,8,4N7Y / 4UD7 / 4UE1 / 5ZJY / 6KZU,该CCD进入过不超过50残基的PDB聚合物序列，支持其作为肽残基使用，但尚未逐条确认独立单体来源。,查原始论文，确认是预制单体偶联还是翻译后/结构内修饰。,CCD未指定标准氨基酸母体，需确认它是独立残基而非氨基酸样片段,https://www.rcsb.org/ligand/2JN
条件结构候选,2KK,N~6~-(4-fluorobenzoyl)-L-lysine,conditional,卤代／电子调节,C13 H17 F N2 O3,268.284,,not-audited,,,,结构可能是独立非天然氨基酸，但用途或单体可获得性仍依赖人工核实。,先核对主链连接几何和独立单体身份，再决定是否查合成证据。,分子量超过250 Da，需关注偶联效率、溶解度和总环肽体积,https://www.rcsb.org/ligand/2KK
仅结构参考,2KP,N~6~-(4-bromobenzoyl)-L-lysine,reference,卤代／电子调节,C13 H17 Br N2 O3,329.19,,not-audited,,,,复杂度、反应性、极性、端基或保护状态存在明显疑问，不进入默认单体库。,除非有明确研究用途，否则不优先审核。,分子量超过300 Da，单体复杂度和环肽总分子量负担较高,https://www.rcsb.org/ligand/2KP
已在短肽序列中观察到,2KY,(2S)-amino(cyclopentyl)ethanoic acid,priority,构象限制,C7 H13 N O2,143.184,,short-polymer,3,3,6B5Q / 8QKE / 9FM5,该CCD进入过不超过50残基的PDB聚合物序列，支持其作为肽残基使用，但尚未逐条确认独立单体来源。,查原始论文，确认是预制单体偶联还是翻译后/结构内修饰。,CCD未指定标准氨基酸母体，需确认它是独立残基而非氨基酸样片段,https://www.rcsb.org/ligand/2KY
条件结构候选,2KZ,2-amino maleic acid,conditional,D-构型,C4 H5 N O4,131.087,,not-audited,,,,结构可能是独立非天然氨基酸，但用途或单体可获得性仍依赖人工核实。,先核对主链连接几何和独立单体身份，再决定是否查合成证据。,CCD未指定标准氨基酸母体，需确认它是独立残基而非氨基酸样片段,https://www.rcsb.org/ligand/2KZ
条件结构候选,2L5,2-chloro-L-phenylalanine,conditional,卤代／电子调节,C9 H10 Cl N O2,199.634,,not-audited,,,,结构可能是独立非天然氨基酸，但用途或单体可获得性仍依赖人工核实。,先核对主链连接几何和独立单体身份，再决定是否查合成证据。,CCD未指定标准氨基酸母体，需确认它是独立残基而非氨基酸样片段,https://www.rcsb.org/ligand/2L5
已在短肽序列中观察到,2L6,"(3S,6R,8aS)-5-oxo-1,2,3,8a-tetrahydrospiro[indolizine-6,2'-pyrrolidine]-3-carboxylic acid",priority,构象限制,C12 H16 N2 O3,236.267,,short-polymer,2,2,6SYJ / 7A5M,该CCD进入过不超过50残基的PDB聚合物序列，支持其作为肽残基使用，但尚未逐条确认独立单体来源。,查原始论文，确认是预制单体偶联还是翻译后/结构内修饰。,CCD未指定标准氨基酸母体，需确认它是独立残基而非氨基酸样片段,https://www.rcsb.org/ligand/2L6
条件结构候选,2L9,"(3aR,5aS,8S,10aS)-10-oxo-1,2,3,3a,5a,8,10,10a-octahydrodipyrrolo[1,2-a:3',2'-e]azepine-8-carboxylic acid",conditional,极性／带电侧链,C12 H14 N2 O3,234.251,,not-audited,,,,结构可能是独立非天然氨基酸，但用途或单体可获得性仍依赖人工核实。,先核对主链连接几何和独立单体身份，再决定是否查合成证据。,CCD未指定标准氨基酸母体，需确认它是独立残基而非氨基酸样片段；以极性/带电特征为主，不宜默认用于提高被动渗透性,https://www.rcsb.org/ligand/2L9
条件结构候选,2LT,"3,5-dichloro-L-tyrosine",conditional,卤代／电子调节,C9 H9 Cl2 N O3,250.079,,not-audited,,,,结构可能是独立非天然氨基酸，但用途或单体可获得性仍依赖人工核实。,先核对主链连接几何和独立单体身份，再决定是否查合成证据。,分子量超过250 Da，需关注偶联效率、溶解度和总环肽体积,https://www.rcsb.org/ligand/2LT
条件结构候选,2ML,2-METHYLLEUCINE,conditional,其他CCD肽链核心,C7 H15 N O2,145.199,,not-audited,,,,结构可能是独立非天然氨基酸，但用途或单体可获得性仍依赖人工核实。,先核对主链连接几何和独立单体身份，再决定是否查合成证据。,,https://www.rcsb.org/ligand/2ML
条件结构候选,2MR,"N3, N4-DIMETHYLARGININE",conditional,极性／带电侧链,C8 H18 N4 O2,202.254,,not-audited,,,,结构可能是独立非天然氨基酸，但用途或单体可获得性仍依赖人工核实。,先核对主链连接几何和独立单体身份，再决定是否查合成证据。,以极性/带电特征为主，不宜默认用于提高被动渗透性,https://www.rcsb.org/ligand/2MR
条件结构候选,2MT,"(4R)-2,2-DIMETHYL-1,3-THIAZOLIDINE-4-CARBOXYLIC ACID",conditional,其他CCD肽链核心,C6 H11 N O2 S,161.222,,not-audited,,,,结构可能是独立非天然氨基酸，但用途或单体可获得性仍依赖人工核实。,先核对主链连接几何和独立单体身份，再决定是否查合成证据。,,https://www.rcsb.org/ligand/2MT
条件结构候选,2OR,"amino{[(2R,3R,4S)-4-amino-2,3,5-trihydroxy-5-oxopentyl]amino}methaniminium",conditional,极性／带电侧链,C6 H15 N4 O4,207.208,,not-audited,,,,结构可能是独立非天然氨基酸，但用途或单体可获得性仍依赖人工核实。,先核对主链连接几何和独立单体身份，再决定是否查合成证据。,以极性/带电特征为主，不宜默认用于提高被动渗透性,https://www.rcsb.org/ligand/2OR
仅结构参考,2P0,1-({[(S)-hydroxy(phosphonooxy)phosphoryl]oxy}acetyl)-L-proline,reference,构象限制,C7 H13 N O10 P2,333.126,,not-audited,,,,复杂度、反应性、极性、端基或保护状态存在明显疑问，不进入默认单体库。,除非有明确研究用途，否则不优先审核。,分子量超过300 Da，单体复杂度和环肽总分子量负担较高；杂原子较多，可能增加暴露极性和去溶剂化代价；含磷酸/膦酸相关结构，通常不利于被动跨膜，除非有专门遮蔽设计,https://www.rcsb.org/ligand/2P0
条件结构候选,2QD,(4R)-4-[3-(methylamino)-3-oxopropyl]-L-glutamic acid,conditional,极性／带电侧链,C9 H16 N2 O5,232.234,,not-audited,,,,结构可能是独立非天然氨基酸，但用途或单体可获得性仍依赖人工核实。,先核对主链连接几何和独立单体身份，再决定是否查合成证据。,CCD未指定标准氨基酸母体，需确认它是独立残基而非氨基酸样片段；以极性/带电特征为主，不宜默认用于提高被动渗透性,https://www.rcsb.org/ligand/2QD
条件结构候选,2QY,(2Z)-3-(4-hydroxyphenyl)-2-(methylamino)prop-2-enoic acid,conditional,芳香／疏水侧链,C10 H11 N O3,193.199,,not-audited,,,,结构可能是独立非天然氨基酸，但用途或单体可获得性仍依赖人工核实。,先核对主链连接几何和独立单体身份，再决定是否查合成证据。,CCD仅标为通用peptide linking，需确认真实主链连接几何；CCD未指定标准氨基酸母体，需确认它是独立残基而非氨基酸样片段,https://www.rcsb.org/ligand/2QY
条件结构候选,2QZ,"N,N-dimethyl-L-threonine",conditional,极性／带电侧链,C6 H13 N O3,147.172,,not-audited,,,,结构可能是独立非天然氨基酸，但用途或单体可获得性仍依赖人工核实。,先核对主链连接几何和独立单体身份，再决定是否查合成证据。,以极性/带电特征为主，不宜默认用于提高被动渗透性,https://www.rcsb.org/ligand/2QZ
条件结构候选,2R1,(2E)-2-amino-4-hydroxy-3-[(2R)-oxiran-2-yl]but-2-enoic acid,conditional,极性／带电侧链,C6 H9 N O4,159.14,,not-audited,,,,结构可能是独立非天然氨基酸，但用途或单体可获得性仍依赖人工核实。,先核对主链连接几何和独立单体身份，再决定是否查合成证据。,CCD仅标为通用peptide linking，需确认真实主链连接几何；CCD未指定标准氨基酸母体，需确认它是独立残基而非氨基酸样片段；以极性/带电特征为主，不宜默认用于提高被动渗透性,https://www.rcsb.org/ligand/2R1
条件结构候选,2R3,(betaR)-beta-hydroxy-O-methyl-L-tyrosine,conditional,芳香／疏水侧链,C10 H13 N O4,211.215,,not-audited,,,,结构可能是独立非天然氨基酸，但用途或单体可获得性仍依赖人工核实。,先核对主链连接几何和独立单体身份，再决定是否查合成证据。,,https://www.rcsb.org/ligand/2R3
已在短肽序列中观察到,2RA,3-amino-D-alanine,priority,D-构型,C3 H8 N2 O2,104.108,,short-polymer,8,8,10SB / 4MQ9 / 4OIN / 4OIP / 4OIQ,该CCD进入过不超过50残基的PDB聚合物序列，支持其作为肽残基使用，但尚未逐条确认独立单体来源。,查原始论文，确认是预制单体偶联还是翻译后/结构内修饰。,,https://www.rcsb.org/ligand/2RA
仅结构参考,2RX,O-thiophosphono-L-serine,reference,极性／带电侧链,C3 H8 N O5 P S,201.138,,not-audited,,,,复杂度、反应性、极性、端基或保护状态存在明显疑问，不进入默认单体库。,除非有明确研究用途，否则不优先审核。,含磷酸/膦酸相关结构，通常不利于被动跨膜，除非有专门遮蔽设计；以极性/带电特征为主，不宜默认用于提高被动渗透性,https://www.rcsb.org/ligand/2RX
仅结构参考,2SO,"3-{3-[(3R)-3,4-dihydroxybutyl]-1-(8-phenyloctyl)-1H-imidazol-3-ium-5-yl}-L-alanine",reference,芳香／疏水侧链,C24 H38 N3 O4,432.576,,not-audited,,,,复杂度、反应性、极性、端基或保护状态存在明显疑问，不进入默认单体库。,除非有明确研究用途，否则不优先审核。,分子量超过300 Da，单体复杂度和环肽总分子量负担较高,https://www.rcsb.org/ligand/2SO
已在短肽序列中观察到,2TL,D-allothreonine,priority,D-构型,C4 H9 N O3,119.119,,short-polymer,22,22,1DSR / 1PXQ / 2LBZ / 2RQO / 4MEX,该CCD进入过不超过50残基的PDB聚合物序列，支持其作为肽残基使用，但尚未逐条确认独立单体来源。,查原始论文，确认是预制单体偶联还是翻译后/结构内修饰。,CCD未指定标准氨基酸母体，需确认它是独立残基而非氨基酸样片段,https://www.rcsb.org/ligand/2TL
仅结构参考,2TY,2-HYDROXY-5-{[(1E)-2-PHENYLETHYLIDENE]AMINO}-L-TYROSINE,reference,芳香／疏水侧链,C17 H18 N2 O4,314.336,,not-audited,,,,复杂度、反应性、极性、端基或保护状态存在明显疑问，不进入默认单体库。,除非有明确研究用途，否则不优先审核。,分子量超过300 Da，单体复杂度和环肽总分子量负担较高,https://www.rcsb.org/ligand/2TY
排除,2VA,2'-(L-VALYL)AMINO-2'-DEOXYADENOSINE,exclude,极性／带电侧链,C15 H23 N7 O4,365.388,,not-audited,,,,自动规则识别为整分子、辅因子、金属复合物、完整肽、保护体或缺少常规偶联羧基。,不计入非天然氨基酸单体数量。,,https://www.rcsb.org/ligand/2VA
仅结构参考,2XA,(2R)-2-AMINO-3-[(4-CHLOROPHENYL)-DIPHENYL-METHYL]SULFANYL-PROPANOIC ACID,reference,卤代／电子调节,C22 H20 Cl N O2 S,397.918,,not-audited,,,,复杂度、反应性、极性、端基或保护状态存在明显疑问，不进入默认单体库。,除非有明确研究用途，否则不优先审核。,分子量超过300 Da，单体复杂度和环肽总分子量负担较高,https://www.rcsb.org/ligand/2XA
条件结构候选,2YC,"N~6~-{[(2S,3S)-3-methyl-3,4-dihydro-2H-pyrrol-2-yl]carbonyl}-L-lysine",conditional,极性／带电侧链,C12 H21 N3 O3,255.313,,not-audited,,,,结构可能是独立非天然氨基酸，但用途或单体可获得性仍依赖人工核实。,先核对主链连接几何和独立单体身份，再决定是否查合成证据。,分子量超过250 Da，需关注偶联效率、溶解度和总环肽体积；CCD未指定标准氨基酸母体，需确认它是独立残基而非氨基酸样片段；以极性/带电特征为主，不宜默认用于提高被动渗透性,https://www.rcsb.org/ligand/2YC
条件结构候选,2YF,"N~6~-[(2R)-2,3,4,5-tetrahydropyridin-2-ylcarbonyl]-L-lysine",conditional,芳香／疏水侧链,C12 H21 N3 O3,255.313,,not-audited,,,,结构可能是独立非天然氨基酸，但用途或单体可获得性仍依赖人工核实。,先核对主链连接几何和独立单体身份，再决定是否查合成证据。,分子量超过250 Da，需关注偶联效率、溶解度和总环肽体积；CCD未指定标准氨基酸母体，需确认它是独立残基而非氨基酸样片段,https://www.rcsb.org/ligand/2YF
条件结构候选,2YG,N~6~-L-lysyl-L-lysine,conditional,极性／带电侧链,C12 H26 N4 O3,274.36,,not-audited,,,,结构可能是独立非天然氨基酸，但用途或单体可获得性仍依赖人工核实。,先核对主链连接几何和独立单体身份，再决定是否查合成证据。,分子量超过250 Da，需关注偶联效率、溶解度和总环肽体积；CCD未指定标准氨基酸母体，需确认它是独立残基而非氨基酸样片段；以极性/带电特征为主，不宜默认用于提高被动渗透性,https://www.rcsb.org/ligand/2YG
条件结构候选,2YH,N~5~-D-ornithyl-L-ornithine,conditional,极性／带电侧链,C10 H22 N4 O3,246.307,,not-audited,,,,结构可能是独立非天然氨基酸，但用途或单体可获得性仍依赖人工核实。,先核对主链连接几何和独立单体身份，再决定是否查合成证据。,CCD未指定标准氨基酸母体，需确认它是独立残基而非氨基酸样片段；以极性/带电特征为主，不宜默认用于提高被动渗透性,https://www.rcsb.org/ligand/2YH
条件结构候选,2YJ,N~5~-D-lysyl-L-ornithine,conditional,极性／带电侧链,C11 H24 N4 O3,260.333,,not-audited,,,,结构可能是独立非天然氨基酸，但用途或单体可获得性仍依赖人工核实。,先核对主链连接几何和独立单体身份，再决定是否查合成证据。,分子量超过250 Da，需关注偶联效率、溶解度和总环肽体积；CCD未指定标准氨基酸母体，需确认它是独立残基而非氨基酸样片段；以极性/带电特征为主，不宜默认用于提高被动渗透性,https://www.rcsb.org/ligand/2YJ
条件结构候选,2ZC,O-{[4-(2-aminoethyl)phenyl]sulfonyl}-L-serine,conditional,芳香／疏水侧链,C11 H16 N2 O5 S,288.32,,not-audited,,,,结构可能是独立非天然氨基酸，但用途或单体可获得性仍依赖人工核实。,先核对主链连接几何和独立单体身份，再决定是否查合成证据。,分子量超过250 Da，需关注偶联效率、溶解度和总环肽体积,https://www.rcsb.org/ligand/2ZC
条件结构候选,30F,(2Z)-2-amino-3-selanylprop-2-enoic acid,conditional,其他CCD肽链核心,C3 H5 N O2 Se,166.037,,not-audited,,,,结构可能是独立非天然氨基酸，但用途或单体可获得性仍依赖人工核实。,先核对主链连接几何和独立单体身份，再决定是否查合成证据。,CCD仅标为通用peptide linking，需确认真实主链连接几何,https://www.rcsb.org/ligand/30F
仅结构参考,30V,S-[(2-carbamoylphenyl)selanyl]-L-cysteine,reference,芳香／疏水侧链,C10 H12 N2 O3 S Se,319.239,,not-audited,,,,复杂度、反应性、极性、端基或保护状态存在明显疑问，不进入默认单体库。,除非有明确研究用途，否则不优先审核。,分子量超过300 Da，单体复杂度和环肽总分子量负担较高,https://www.rcsb.org/ligand/30V
排除,31Q,(4-carboxyphenyl)(L-cysteinato-kappaS~3~)mercury,exclude,芳香／疏水侧链,C10 H11 Hg N O4 S,441.854,,not-audited,,,,自动规则识别为整分子、辅因子、金属复合物、完整肽、保护体或缺少常规偶联羧基。,不计入非天然氨基酸单体数量。,,https://www.rcsb.org/ligand/31Q
排除,32L,"ethyl (3S,4S)-4-amino-3-hydroxy-6-methylheptanoate",exclude,极性／带电侧链,C10 H21 N O3,203.279,,not-audited,,,,自动规则识别为整分子、辅因子、金属复合物、完整肽、保护体或缺少常规偶联羧基。,不计入非天然氨基酸单体数量。,,https://www.rcsb.org/ligand/32L
条件结构候选,32S,6-Seleno-tryptophan,conditional,芳香／疏水侧链,C9 H10 N2 O2 Se,257.148,,not-audited,,,,结构可能是独立非天然氨基酸，但用途或单体可获得性仍依赖人工核实。,先核对主链连接几何和独立单体身份，再决定是否查合成证据。,分子量超过250 Da，需关注偶联效率、溶解度和总环肽体积,https://www.rcsb.org/ligand/32S
条件结构候选,32T,"(S)-2-AMINO-3-(4H-THIENO[3,2-B]-PYRROL-6-YL)-PROPIONIC ACID",conditional,芳香／疏水侧链,C9 H10 N2 O2 S,210.253,,not-audited,,,,结构可能是独立非天然氨基酸，但用途或单体可获得性仍依赖人工核实。,先核对主链连接几何和独立单体身份，再决定是否查合成证据。,,https://www.rcsb.org/ligand/32T
条件结构候选,33S,3-iodo-L-phenylalanine,conditional,卤代／电子调节,C9 H10 I N O2,291.086,,not-audited,,,,结构可能是独立非天然氨基酸，但用途或单体可获得性仍依赖人工核实。,先核对主链连接几何和独立单体身份，再决定是否查合成证据。,分子量超过250 Da，需关注偶联效率、溶解度和总环肽体积,https://www.rcsb.org/ligand/33S
条件结构候选,33W,3-(5-bromothiophen-2-yl)-L-alanine,conditional,卤代／电子调节,C7 H8 Br N O2 S,250.113,,not-audited,,,,结构可能是独立非天然氨基酸，但用途或单体可获得性仍依赖人工核实。,先核对主链连接几何和独立单体身份，再决定是否查合成证据。,分子量超过250 Da，需关注偶联效率、溶解度和总环肽体积,https://www.rcsb.org/ligand/33W
人工证据支持,33X,N-methyl-D-alanine,priority,N-取代,C4 H9 N O2,103.12,33X,short-polymer,3,3,4TOT / 8R7T / 9YWS,CCD结构与网站人工整理的论文、专利或药物骨架证据精确对应；可作为优先核验的肽合成单体。,继续核对具体保护形式、偶联方法和供应/合成来源。,CCD未指定标准氨基酸母体，需确认它是独立残基而非氨基酸样片段,https://www.rcsb.org/ligand/33X
条件结构候选,34E,(3R)-4-[4-(2-methoxyethyl)piperazin-1-yl]-N-methyl-L-valine,conditional,N-取代,C13 H27 N3 O3,273.372,,not-audited,,,,结构可能是独立非天然氨基酸，但用途或单体可获得性仍依赖人工核实。,先核对主链连接几何和独立单体身份，再决定是否查合成证据。,分子量超过250 Da，需关注偶联效率、溶解度和总环肽体积,https://www.rcsb.org/ligand/34E
仅结构参考,35Y,3-[(1H-tetrazol-5-ylcarbonyl)amino]-L-alanine,reference,芳香／疏水侧链,C5 H8 N6 O3,200.155,,not-audited,,,,复杂度、反应性、极性、端基或保护状态存在明显疑问，不进入默认单体库。,除非有明确研究用途，否则不优先审核。,杂原子较多，可能增加暴露极性和去溶剂化代价；CCD未指定标准氨基酸母体，需确认它是独立残基而非氨基酸样片段,https://www.rcsb.org/ligand/35Y
条件结构候选,3A5,"(2Z,4S)-3-AZA-5-CARBOXYL-2-METHYL-4(METHYLCARBOXY)PENT-2-ENOYL",conditional,极性／带电侧链,C8 H11 N O6,217.176,,not-audited,,,,结构可能是独立非天然氨基酸，但用途或单体可获得性仍依赖人工核实。,先核对主链连接几何和独立单体身份，再决定是否查合成证据。,CCD未指定标准氨基酸母体，需确认它是独立残基而非氨基酸样片段；以极性/带电特征为主，不宜默认用于提高被动渗透性,https://www.rcsb.org/ligand/3A5
仅结构参考,3AH,"[HISTIDIN-1-YL-4H-[1,2,4]TRIAZOL-5-YL]-AMINE",reference,芳香／疏水侧链,C8 H11 N7 O2,237.219,,not-audited,,,,复杂度、反应性、极性、端基或保护状态存在明显疑问，不进入默认单体库。,除非有明确研究用途，否则不优先审核。,杂原子较多，可能增加暴露极性和去溶剂化代价,https://www.rcsb.org/ligand/3AH
条件结构候选,3AR,N-OMEGA-PROPYL-L-ARGININE,conditional,极性／带电侧链,C9 H21 N4 O2,217.289,,not-audited,,,,结构可能是独立非天然氨基酸，但用途或单体可获得性仍依赖人工核实。,先核对主链连接几何和独立单体身份，再决定是否查合成证据。,CCD未指定标准氨基酸母体，需确认它是独立残基而非氨基酸样片段；以极性/带电特征为主，不宜默认用于提高被动渗透性,https://www.rcsb.org/ligand/3AR
已在短肽序列中观察到,3BY,1-methyl-L-proline,priority,构象限制,C6 H11 N O2,129.157,,short-polymer,1,1,5E2B,该CCD进入过不超过50残基的PDB聚合物序列，支持其作为肽残基使用，但尚未逐条确认独立单体来源。,查原始论文，确认是预制单体偶联还是翻译后/结构内修饰。,,https://www.rcsb.org/ligand/3BY
条件结构候选,3CF,3-cyano-L-phenylalanine,conditional,卤代／电子调节,C10 H10 N2 O2,190.199,,not-audited,,,,结构可能是独立非天然氨基酸，但用途或单体可获得性仍依赖人工核实。,先核对主链连接几何和独立单体身份，再决定是否查合成证据。,,https://www.rcsb.org/ligand/3CF
条件结构候选,3CT,3-chloro-L-tyrosine,conditional,卤代／电子调节,C9 H10 Cl N O3,215.634,,not-audited,,,,结构可能是独立非天然氨基酸，但用途或单体可获得性仍依赖人工核实。,先核对主链连接几何和独立单体身份，再决定是否查合成证据。,,https://www.rcsb.org/ligand/3CT
条件结构候选,3EG,"(2S)-2-amino-4,4,4-trifluorobutanoic acid",conditional,卤代／电子调节,C4 H6 F3 N O2,157.091,,not-audited,,,,结构可能是独立非天然氨基酸，但用途或单体可获得性仍依赖人工核实。,先核对主链连接几何和独立单体身份，再决定是否查合成证据。,CCD未指定标准氨基酸母体，需确认它是独立残基而非氨基酸样片段,https://www.rcsb.org/ligand/3EG
条件结构候选,3FG,"(2S)-amino(3,5-dihydroxyphenyl)ethanoic acid",conditional,芳香／疏水侧链,C8 H9 N O4,183.161,,not-audited,,,,结构可能是独立非天然氨基酸，但用途或单体可获得性仍依赖人工核实。,先核对主链连接几何和独立单体身份，再决定是否查合成证据。,CCD未指定标准氨基酸母体，需确认它是独立残基而非氨基酸样片段,https://www.rcsb.org/ligand/3FG
排除,3GA,(3S)-3-[(2S)-2-amino-3-oxopropyl]piperidine-1-carboximidamide,exclude,构象限制,C9 H18 N4 O,198.265,,not-audited,,,,自动规则识别为整分子、辅因子、金属复合物、完整肽、保护体或缺少常规偶联羧基。,不计入非天然氨基酸单体数量。,,https://www.rcsb.org/ligand/3GA
条件结构候选,3GL,"(2S,4S)-2-amino-4-hydroxy-pentanedioic acid",conditional,极性／带电侧链,C5 H9 N O5,163.129,,not-audited,,,,结构可能是独立非天然氨基酸，但用途或单体可获得性仍依赖人工核实。,先核对主链连接几何和独立单体身份，再决定是否查合成证据。,以极性/带电特征为主，不宜默认用于提高被动渗透性,https://www.rcsb.org/ligand/3GL
条件结构候选,3K4,"(2S,3S)-3-methylaziridine-2-carboxylic acid",conditional,其他CCD肽链核心,C4 H7 N O2,101.104,,not-audited,,,,结构可能是独立非天然氨基酸，但用途或单体可获得性仍依赖人工核实。,先核对主链连接几何和独立单体身份，再决定是否查合成证据。,CCD未指定标准氨基酸母体，需确认它是独立残基而非氨基酸样片段,https://www.rcsb.org/ligand/3K4
已在短肽序列中观察到,3MY,3-chloro-D-tyrosine,priority,D-构型,C9 H10 Cl N O3,215.634,,short-polymer,13,13,2XAD / 3MG9 / 3MGB / 3VFJ / 3VFK,该CCD进入过不超过50残基的PDB聚合物序列，支持其作为肽残基使用，但尚未逐条确认独立单体来源。,查原始论文，确认是预制单体偶联还是翻译后/结构内修饰。,,https://www.rcsb.org/ligand/3MY
排除,3NF,N-acetyl-L-tyrosine,exclude,芳香／疏水侧链,C11 H13 N O4,223.225,,not-audited,,,,自动规则识别为整分子、辅因子、金属复合物、完整肽、保护体或缺少常规偶联羧基。,不计入非天然氨基酸单体数量。,,https://www.rcsb.org/ligand/3NF
条件结构候选,3O3,N-[(3S)-3-amino-3-carboxypropyl]-L-glutamic acid,conditional,极性／带电侧链,C9 H16 N2 O6,248.233,,not-audited,,,,结构可能是独立非天然氨基酸，但用途或单体可获得性仍依赖人工核实。,先核对主链连接几何和独立单体身份，再决定是否查合成证据。,以极性/带电特征为主，不宜默认用于提高被动渗透性,https://www.rcsb.org/ligand/3O3
条件结构候选,3PM,O-tert-butyl-D-serine,conditional,极性／带电侧链,C7 H15 N O3,161.199,,not-audited,,,,结构可能是独立非天然氨基酸，但用途或单体可获得性仍依赖人工核实。,先核对主链连接几何和独立单体身份，再决定是否查合成证据。,CCD未指定标准氨基酸母体，需确认它是独立残基而非氨基酸样片段；以极性/带电特征为主，不宜默认用于提高被动渗透性,https://www.rcsb.org/ligand/3PM
已在短肽序列中观察到,3PX,(3S)-3-(propan-2-yloxy)-L-proline,priority,构象限制,C8 H15 N O3,173.21,,short-polymer,1,1,3RJM,该CCD进入过不超过50残基的PDB聚合物序列，支持其作为肽残基使用，但尚未逐条确认独立单体来源。,查原始论文，确认是预制单体偶联还是翻译后/结构内修饰。,,https://www.rcsb.org/ligand/3PX
仅结构参考,3QN,(E)-N~6~-{2-hydroxy-3-methyl-6-[(phosphonooxy)methyl]benzylidene}-L-lysine,reference,芳香／疏水侧链,C15 H23 N2 O7 P,374.326,,not-audited,,,,复杂度、反应性、极性、端基或保护状态存在明显疑问，不进入默认单体库。,除非有明确研究用途，否则不优先审核。,分子量超过300 Da，单体复杂度和环肽总分子量负担较高；杂原子较多，可能增加暴露极性和去溶剂化代价；含磷酸/膦酸相关结构，通常不利于被动跨膜，除非有专门遮蔽设计,https://www.rcsb.org/ligand/3QN
仅结构参考,3TY,3-(Phenylhydrazono)-L-tyrosine,reference,构象限制,C16 H17 N3 O4,315.324,,not-audited,,,,复杂度、反应性、极性、端基或保护状态存在明显疑问，不进入默认单体库。,除非有明确研究用途，否则不优先审核。,分子量超过300 Da，单体复杂度和环肽总分子量负担较高,https://www.rcsb.org/ligand/3TY
条件结构候选,3WS,"N,2-dimethyl-L-alanine",conditional,其他CCD肽链核心,C5 H11 N O2,117.146,,not-audited,,,,结构可能是独立非天然氨基酸，但用途或单体可获得性仍依赖人工核实。,先核对主链连接几何和独立单体身份，再决定是否查合成证据。,,https://www.rcsb.org/ligand/3WS
仅结构参考,3X9,"3-{[(1-hydroxy-2,2,5,5-tetramethyl-2,5-dihydro-1H-pyrrol-3-yl)methyl]disulfanyl}-L-alanine",reference,极性／带电侧链,C12 H22 N2 O3 S2,306.445,,not-audited,,,,复杂度、反应性、极性、端基或保护状态存在明显疑问，不进入默认单体库。,除非有明确研究用途，否则不优先审核。,分子量超过300 Da，单体复杂度和环肽总分子量负担较高；以极性/带电特征为主，不宜默认用于提高被动渗透性,https://www.rcsb.org/ligand/3X9
条件结构候选,3XH,3-Hydroxyhippuric acid,conditional,芳香／疏水侧链,C9 H9 N O4,195.172,,not-audited,,,,结构可能是独立非天然氨基酸，但用途或单体可获得性仍依赖人工核实。,先核对主链连接几何和独立单体身份，再决定是否查合成证据。,,https://www.rcsb.org/ligand/3XH
条件结构候选,3YM,3-methoxy-L-tyrosine,conditional,芳香／疏水侧链,C10 H13 N O4,211.215,,not-audited,,,,结构可能是独立非天然氨基酸，但用途或单体可获得性仍依赖人工核实。,先核对主链连接几何和独立单体身份，再决定是否查合成证据。,,https://www.rcsb.org/ligand/3YM
排除,3ZH,"11-{4-[(2S)-2-amino-2-carboxyethyl]-3-(8-phenyloctyl)-2,3-dihydro-1H-imidazol-1-yl}undecanoic acid",exclude,芳香／疏水侧链,C31 H51 N3 O4,529.754,,not-audited,,,,自动规则识别为整分子、辅因子、金属复合物、完整肽、保护体或缺少常规偶联羧基。,不计入非天然氨基酸单体数量。,,https://www.rcsb.org/ligand/3ZH
条件结构候选,3ZL,"N~6~-[(1Z)-4-amino-3-oxopenta-1,4-dien-1-yl]-L-lysine",conditional,极性／带电侧链,C11 H19 N3 O3,241.287,,not-audited,,,,结构可能是独立非天然氨基酸，但用途或单体可获得性仍依赖人工核实。,先核对主链连接几何和独立单体身份，再决定是否查合成证据。,CCD未指定标准氨基酸母体，需确认它是独立残基而非氨基酸样片段；以极性/带电特征为主，不宜默认用于提高被动渗透性,https://www.rcsb.org/ligand/3ZL
条件结构候选,41H,(betaS)-beta-methyl-L-phenylalanine,conditional,芳香／疏水侧链,C10 H13 N O2,179.216,,not-audited,,,,结构可能是独立非天然氨基酸，但用途或单体可获得性仍依赖人工核实。,先核对主链连接几何和独立单体身份，再决定是否查合成证据。,,https://www.rcsb.org/ligand/41H
条件结构候选,41Q,4-imino-L-homoserine,conditional,极性／带电侧链,C4 H8 N2 O3,132.118,,not-audited,,,,结构可能是独立非天然氨基酸，但用途或单体可获得性仍依赖人工核实。,先核对主链连接几何和独立单体身份，再决定是否查合成证据。,以极性/带电特征为主，不宜默认用于提高被动渗透性,https://www.rcsb.org/ligand/41Q
条件结构候选,432,O-butanoyl-L-serine,conditional,极性／带电侧链,C7 H13 N O4,175.182,,not-audited,,,,结构可能是独立非天然氨基酸，但用途或单体可获得性仍依赖人工核实。,先核对主链连接几何和独立单体身份，再决定是否查合成证据。,以极性/带电特征为主，不宜默认用于提高被动渗透性,https://www.rcsb.org/ligand/432
已在短肽序列中观察到,45W,(4S)-4-(ethynyloxy)-D-proline,priority,D-构型,C7 H9 N O3,155.151,,short-polymer,1,1,4Y1D,该CCD进入过不超过50残基的PDB聚合物序列，支持其作为肽残基使用，但尚未逐条确认独立单体来源。,查原始论文，确认是预制单体偶联还是翻译后/结构内修饰。,CCD未指定标准氨基酸母体，需确认它是独立残基而非氨基酸样片段,https://www.rcsb.org/ligand/45W
条件结构候选,4AF,4-ACETYL-L-PHENYLALANINE,conditional,芳香／疏水侧链,C11 H13 N O3,207.226,,not-audited,,,,结构可能是独立非天然氨基酸，但用途或单体可获得性仍依赖人工核实。,先核对主链连接几何和独立单体身份，再决定是否查合成证据。,,https://www.rcsb.org/ligand/4AF
条件结构候选,4AK,N~6~-sulfo-L-lysine,conditional,极性／带电侧链,C6 H14 N2 O5 S,226.251,,not-audited,,,,结构可能是独立非天然氨基酸，但用途或单体可获得性仍依赖人工核实。,先核对主链连接几何和独立单体身份，再决定是否查合成证据。,以极性/带电特征为主，不宜默认用于提高被动渗透性,https://www.rcsb.org/ligand/4AK
仅结构参考,4AR,"amino({(4S)-4-amino-6-[(2,6-dimethylbenzoyl)oxy]-5-oxohexyl}amino)methaniminium",reference,芳香／疏水侧链,C16 H25 N4 O3,321.395,,not-audited,,,,复杂度、反应性、极性、端基或保护状态存在明显疑问，不进入默认单体库。,除非有明确研究用途，否则不优先审核。,分子量超过300 Da，单体复杂度和环肽总分子量负担较高,https://www.rcsb.org/ligand/4AR
条件结构候选,4AW,4-AZATRYPTOPHAN,conditional,芳香／疏水侧链,C10 H11 N3 O2,205.213,,not-audited,,,,结构可能是独立非天然氨基酸，但用途或单体可获得性仍依赖人工核实。,先核对主链连接几何和独立单体身份，再决定是否查合成证据。,,https://www.rcsb.org/ligand/4AW
条件结构候选,4BF,4-BROMO-L-PHENYLALANINE,conditional,卤代／电子调节,C9 H10 Br N O2,244.085,,not-audited,,,,结构可能是独立非天然氨基酸，但用途或单体可获得性仍依赖人工核实。,先核对主链连接几何和独立单体身份，再决定是否查合成证据。,,https://www.rcsb.org/ligand/4BF
条件结构候选,4CF,4-cyano-L-phenylalanine,conditional,卤代／电子调节,C10 H10 N2 O2,190.199,,not-audited,,,,结构可能是独立非天然氨基酸，但用途或单体可获得性仍依赖人工核实。,先核对主链连接几何和独立单体身份，再决定是否查合成证据。,,https://www.rcsb.org/ligand/4CF
仅结构参考,4CG,"(1R,2Z)-2-[(2R)-2-amino-3-(phosphonooxy)propylidene]cyclopentanecarboxylic acid",reference,构象限制,C9 H16 N O6 P,265.2,,not-audited,,,,复杂度、反应性、极性、端基或保护状态存在明显疑问，不进入默认单体库。,除非有明确研究用途，否则不优先审核。,分子量超过250 Da，需关注偶联效率、溶解度和总环肽体积；含磷酸/膦酸相关结构，通常不利于被动跨膜，除非有专门遮蔽设计；CCD仅标为通用peptide linking，需确认真实主链连接几何；CCD未指定标准氨基酸母体，需确认它是独立残基而非氨基酸样片段,https://www.rcsb.org/ligand/4CG
条件结构候选,4CY,nitrilo-L-methionine,conditional,极性／带电侧链,C5 H8 N2 O2 S,160.194,,not-audited,,,,结构可能是独立非天然氨基酸，但用途或单体可获得性仍依赖人工核实。,先核对主链连接几何和独立单体身份，再决定是否查合成证据。,以极性/带电特征为主，不宜默认用于提高被动渗透性,https://www.rcsb.org/ligand/4CY
条件结构候选,4D4,"(2S,3R)-2-azanyl-5-carbamimidamido-3-oxidanyl-pentanoic acid",conditional,极性／带电侧链,C6 H14 N4 O3,190.2,,not-audited,,,,结构可能是独立非天然氨基酸，但用途或单体可获得性仍依赖人工核实。,先核对主链连接几何和独立单体身份，再决定是否查合成证据。,以极性/带电特征为主，不宜默认用于提高被动渗透性,https://www.rcsb.org/ligand/4D4
条件结构候选,4DB,"(2S)-2-amino-4-[5-(dimethylamino)-1,3-dioxo-1,3-dihydro-2H-isoindol-2-yl]butanoic acid",conditional,芳香／疏水侧链,C14 H17 N3 O4,291.302,,not-audited,,,,结构可能是独立非天然氨基酸，但用途或单体可获得性仍依赖人工核实。,先核对主链连接几何和独立单体身份，再决定是否查合成证据。,分子量超过250 Da，需关注偶联效率、溶解度和总环肽体积；CCD未指定标准氨基酸母体，需确认它是独立残基而非氨基酸样片段,https://www.rcsb.org/ligand/4DB
条件结构候选,4DP,"3-[5-(DIMETHYLAMINO)-1,3-DIOXO-1,3-DIHYDRO-2H-ISOINDOL-2-YL]-L-ALANINE",conditional,芳香／疏水侧链,C13 H15 N3 O4,277.276,,not-audited,,,,结构可能是独立非天然氨基酸，但用途或单体可获得性仍依赖人工核实。,先核对主链连接几何和独立单体身份，再决定是否查合成证据。,分子量超过250 Da，需关注偶联效率、溶解度和总环肽体积,https://www.rcsb.org/ligand/4DP
仅结构参考,4F3,[2-(1-AMINO-2-HYDROXY-PROPYL)-4-(4-FLUORO-1H-INDOL-3-YLMETHYL)-5-HYDROXY-IMIDAZOL-1-YL]-ACETIC ACID,reference,卤代／电子调节,C17 H19 F N4 O4,362.356,,not-audited,,,,复杂度、反应性、极性、端基或保护状态存在明显疑问，不进入默认单体库。,除非有明确研究用途，否则不优先审核。,分子量超过300 Da，单体复杂度和环肽总分子量负担较高,https://www.rcsb.org/ligand/4F3
人工证据支持,4FB,(4S)-4-FLUORO-L-PROLINE,priority,构象限制,C5 H8 F N O2,133.121,4FB,short-polymer,5,3,5OWP / 5UQA / 6T7Z,CCD结构与网站人工整理的论文、专利或药物骨架证据精确对应；可作为优先核验的肽合成单体。,继续核对具体保护形式、偶联方法和供应/合成来源。,,https://www.rcsb.org/ligand/4FB
已在短肽序列中观察到,4FO,"(2R)-2,4-diaminobutanoic acid",priority,D-构型,C4 H10 N2 O2,118.134,,short-polymer,13,13,2N5W / 2N5Y / 5L3F / 5L3G / 7AXP,该CCD进入过不超过50残基的PDB聚合物序列，支持其作为肽残基使用，但尚未逐条确认独立单体来源。,查原始论文，确认是预制单体偶联还是翻译后/结构内修饰。,CCD未指定标准氨基酸母体，需确认它是独立残基而非氨基酸样片段,https://www.rcsb.org/ligand/4FO
条件结构候选,4FW,4-FLUOROTRYPTOPHANE,conditional,卤代／电子调节,C11 H11 F N2 O2,222.216,,not-audited,,,,结构可能是独立非天然氨基酸，但用途或单体可获得性仍依赖人工核实。,先核对主链连接几何和独立单体身份，再决定是否查合成证据。,,https://www.rcsb.org/ligand/4FW
条件结构候选,4GJ,3-(pyridin-4-yldisulfanyl)-L-alanine,conditional,芳香／疏水侧链,C8 H10 N2 O2 S2,230.307,,not-audited,,,,结构可能是独立非天然氨基酸，但用途或单体可获得性仍依赖人工核实。,先核对主链连接几何和独立单体身份，再决定是否查合成证据。,,https://www.rcsb.org/ligand/4GJ
仅结构参考,4HH,4'-phosphopanthetheine-serine,reference,极性／带电侧链,C14 H28 N3 O9 P S,445.426,,not-audited,,,,复杂度、反应性、极性、端基或保护状态存在明显疑问，不进入默认单体库。,除非有明确研究用途，否则不优先审核。,分子量超过300 Da，单体复杂度和环肽总分子量负担较高；杂原子较多，可能增加暴露极性和去溶剂化代价；含磷酸/膦酸相关结构，通常不利于被动跨膜，除非有专门遮蔽设计；以极性/带电特征为主，不宜默认用于提高被动渗透性,https://www.rcsb.org/ligand/4HH
排除,4HJ,"O-[(R)-hydroxy{[(3R)-3-hydroxy-4-{[3-({2-[(2-hydroxybenzoyl)sulfanyl]ethyl}amino)-3-oxopropyl]amino}-2,2-dimethyl-4-oxobutyl]oxy}phosphoryl]-L-serine",exclude,芳香／疏水侧链,C21 H32 N3 O11 P S,565.531,,not-audited,,,,自动规则识别为整分子、辅因子、金属复合物、完整肽、保护体或缺少常规偶联羧基。,不计入非天然氨基酸单体数量。,,https://www.rcsb.org/ligand/4HJ
仅结构参考,4HL,"(6E)-4-[(2S)-2-amino-2-carboxyethyl]-6-[2-(4-hydroxybenzyl)hydraziniumylidene]-3-oxocyclohexa-1,4-dien-1-olate",reference,构象限制,C16 H17 N3 O5,331.323,,not-audited,,,,复杂度、反应性、极性、端基或保护状态存在明显疑问，不进入默认单体库。,除非有明确研究用途，否则不优先审核。,分子量超过300 Da，单体复杂度和环肽总分子量负担较高,https://www.rcsb.org/ligand/4HL
条件结构候选,4HT,4-HYDROXYTRYPTOPHAN,conditional,芳香／疏水侧链,C11 H12 N2 O3,220.225,,not-audited,,,,结构可能是独立非天然氨基酸，但用途或单体可获得性仍依赖人工核实。,先核对主链连接几何和独立单体身份，再决定是否查合成证据。,,https://www.rcsb.org/ligand/4HT
条件结构候选,4II,(2~{S})-2-azanyl-3-(4-azidophenyl)propanoic acid,conditional,芳香／疏水侧链,C9 H10 N4 O2,206.201,,not-audited,,,,结构可能是独立非天然氨基酸，但用途或单体可获得性仍依赖人工核实。,先核对主链连接几何和独立单体身份，再决定是否查合成证据。,,https://www.rcsb.org/ligand/4II
仅结构参考,4IK,"(2S,5S)-2,6-diamino-5-{[(2R,3S,4R,5R)-5-(6-amino-9H-purin-9-yl)-3,4-dihydroxytetrahydrofuran-2-yl]methyl}hexanoic acid",reference,芳香／疏水侧链,C16 H25 N7 O5,395.414,,not-audited,,,,复杂度、反应性、极性、端基或保护状态存在明显疑问，不进入默认单体库。,除非有明确研究用途，否则不优先审核。,分子量超过300 Da，单体复杂度和环肽总分子量负担较高；杂原子较多，可能增加暴露极性和去溶剂化代价；CCD未指定标准氨基酸母体，需确认它是独立残基而非氨基酸样片段,https://www.rcsb.org/ligand/4IK
条件结构候选,4IN,4-AMINO-L-TRYPTOPHAN,conditional,芳香／疏水侧链,C11 H13 N3 O2,219.24,,not-audited,,,,结构可能是独立非天然氨基酸，但用途或单体可获得性仍依赖人工核实。,先核对主链连接几何和独立单体身份，再决定是否查合成证据。,,https://www.rcsb.org/ligand/4IN
已在短肽序列中观察到,4J2,(2R)-2-amino-3-(naphthalen-2-yl)propanoic acid,priority,D-构型,C13 H13 N O2,215.248,,short-polymer,13,13,2N7O / 2N7T / 6W25 / 7F4I / 7Q5A,该CCD进入过不超过50残基的PDB聚合物序列，支持其作为肽残基使用，但尚未逐条确认独立单体来源。,查原始论文，确认是预制单体偶联还是翻译后/结构内修饰。,CCD未指定标准氨基酸母体，需确认它是独立残基而非氨基酸样片段,https://www.rcsb.org/ligand/4J2
仅结构参考,4J4,"S-(2-{[(2',4'-difluorobiphenyl-4-yl)methyl]amino}-2-oxoethyl)-L-cysteine",reference,卤代／电子调节,C18 H18 F2 N2 O3 S,380.409,,not-audited,,,,复杂度、反应性、极性、端基或保护状态存在明显疑问，不进入默认单体库。,除非有明确研究用途，否则不优先审核。,分子量超过300 Da，单体复杂度和环肽总分子量负担较高,https://www.rcsb.org/ligand/4J4
条件结构候选,4J5,amino{[(3S)-3-amino-3-carboxypropyl]amino}methaniminium,conditional,极性／带电侧链,C5 H13 N4 O2,161.182,,not-audited,,,,结构可能是独立非天然氨基酸，但用途或单体可获得性仍依赖人工核实。,先核对主链连接几何和独立单体身份，再决定是否查合成证据。,以极性/带电特征为主，不宜默认用于提高被动渗透性,https://www.rcsb.org/ligand/4J5
条件结构候选,4KY,(4R)-1-acetyl-4-(oct-7-en-1-yloxy)-L-proline,conditional,构象限制,C15 H25 N O4,283.363,,not-audited,,,,结构可能是独立非天然氨基酸，但用途或单体可获得性仍依赖人工核实。,先核对主链连接几何和独立单体身份，再决定是否查合成证据。,分子量超过250 Da，需关注偶联效率、溶解度和总环肽体积；CCD仅标为通用peptide linking，需确认真实主链连接几何,https://www.rcsb.org/ligand/4KY
条件结构候选,4L0,(4R)-1-acetyl-4-(hexyloxy)-L-proline,conditional,构象限制,C13 H23 N O4,257.326,,not-audited,,,,结构可能是独立非天然氨基酸，但用途或单体可获得性仍依赖人工核实。,先核对主链连接几何和独立单体身份，再决定是否查合成证据。,分子量超过250 Da，需关注偶联效率、溶解度和总环肽体积,https://www.rcsb.org/ligand/4L0
条件结构候选,4L8,(2R)-2-(aminomethyl)-4-methylpentanoic acid,conditional,其他CCD肽链核心,C7 H15 N O2,145.2,,not-audited,,,,结构可能是独立非天然氨基酸，但用途或单体可获得性仍依赖人工核实。,先核对主链连接几何和独立单体身份，再决定是否查合成证据。,CCD未指定标准氨基酸母体，需确认它是独立残基而非氨基酸样片段,https://www.rcsb.org/ligand/4L8
条件结构候选,4LZ,"O-[2-(triaza-1,2-dien-2-ium-1-yl)ethyl]-L-tyrosine",conditional,芳香／疏水侧链,C11 H15 N4 O3,251.262,,not-audited,,,,结构可能是独立非天然氨基酸，但用途或单体可获得性仍依赖人工核实。,先核对主链连接几何和独立单体身份，再决定是否查合成证据。,分子量超过250 Da，需关注偶联效率、溶解度和总环肽体积,https://www.rcsb.org/ligand/4LZ
仅结构参考,4M8,(2S)-2-amino-4-[(S)-hydroxy(methoxy)phosphoryl]butanoic acid,reference,极性／带电侧链,C5 H12 N O5 P,197.126,,not-audited,,,,复杂度、反应性、极性、端基或保护状态存在明显疑问，不进入默认单体库。,除非有明确研究用途，否则不优先审核。,含磷酸/膦酸相关结构，通常不利于被动跨膜，除非有专门遮蔽设计；CCD未指定标准氨基酸母体，需确认它是独立残基而非氨基酸样片段；以极性/带电特征为主，不宜默认用于提高被动渗透性,https://www.rcsb.org/ligand/4M8
仅结构参考,4M9,"(4Z)-4-imino-4-[(4Z)-4-(1H-indol-3-ylmethylidene)-5-oxo-1-(2-oxoethyl)-4,5-dihydro-1H-imidazol-2-yl]butanamide",reference,极性／带电侧链,C18 H17 N5 O4,367.359,,not-audited,,,,复杂度、反应性、极性、端基或保护状态存在明显疑问，不进入默认单体库。,除非有明确研究用途，否则不优先审核。,分子量超过300 Da，单体复杂度和环肽总分子量负担较高；以极性/带电特征为主，不宜默认用于提高被动渗透性,https://www.rcsb.org/ligand/4M9
已在短肽序列中观察到,4N3,N-octanoyl-D-valine,priority,D-构型,C13 H25 N O3,243.342,,short-polymer,2,2,2N5W / 2N5Y,该CCD进入过不超过50残基的PDB聚合物序列，支持其作为肽残基使用，但尚未逐条确认独立单体来源。,查原始论文，确认是预制单体偶联还是翻译后/结构内修饰。,CCD未指定标准氨基酸母体，需确认它是独立残基而非氨基酸样片段,https://www.rcsb.org/ligand/4N3
排除,4NT,"[(4Z)-2-[(1R,2R)-1-amino-2-hydroxypropyl]-4-(3-chloro-4-hydroxybenzylidene)-5-oxo-4,5-dihydro-1H-imidazol-1-yl]acetic acid",exclude,卤代／电子调节,C15 H16 Cl N3 O5,353.758,,not-audited,,,,自动规则识别为整分子、辅因子、金属复合物、完整肽、保护体或缺少常规偶联羧基。,不计入非天然氨基酸单体数量。,,https://www.rcsb.org/ligand/4NT
排除,4NU,"{(4Z)-2-[(1R,2R)-1-amino-2-hydroxypropyl]-4-[(3,5-dichloro-4-oxocyclohexa-2,5-dien-1-yl)methylidene]-5-oxo-4,5-dihydro-1H-imidazol-1-yl}acetic acid",exclude,构象限制,C15 H15 Cl2 N3 O5,388.203,,not-audited,,,,自动规则识别为整分子、辅因子、金属复合物、完整肽、保护体或缺少常规偶联羧基。,不计入非天然氨基酸单体数量。,,https://www.rcsb.org/ligand/4NU
条件结构候选,4OG,3-(1-benzothiophen-3-yl)-L-alanine,conditional,芳香／疏水侧链,C11 H11 N O2 S,221.276,,not-audited,,,,结构可能是独立非天然氨基酸，但用途或单体可获得性仍依赖人工核实。,先核对主链连接几何和独立单体身份，再决定是否查合成证据。,,https://www.rcsb.org/ligand/4OG
优先结构候选，暂无使用命中,4OP,"(2S,4S)-2-carboxy-4-hydroxy-1,1-dimethylpyrrolidinium",priority,D-构型,C7 H14 N O3,160.191,,no-polymer-hit,0,0,,结构符合优先研发方向，但当前PDB聚合物审计没有命中。,查询供应商、合成论文、专利和SPPS/LPPS使用记录。,CCD未指定标准氨基酸母体，需确认它是独立残基而非氨基酸样片段,https://www.rcsb.org/ligand/4OP
条件结构候选,4OU,4-(acryloylamino)-L-phenylalanine,conditional,芳香／疏水侧链,C12 H14 N2 O3,234.251,,not-audited,,,,结构可能是独立非天然氨基酸，但用途或单体可获得性仍依赖人工核实。,先核对主链连接几何和独立单体身份，再决定是否查合成证据。,,https://www.rcsb.org/ligand/4OU
排除,4OV,"(2R)-2-[(1R)-2-[(2S)-2-amino-2-carboxyethoxy]-1-{[(2R)-2-amino-2-phenylacetyl]amino}-2-oxoethyl]-5-methyl-3,6-dihydro-2H-1,3-thiazine-4-carboxylic acid",exclude,芳香／疏水侧链,C19 H24 N4 O7 S,452.481,,not-audited,,,,自动规则识别为整分子、辅因子、金属复合物、完整肽、保护体或缺少常规偶联羧基。,不计入非天然氨基酸单体数量。,,https://www.rcsb.org/ligand/4OV
条件结构候选,4PH,4-methyl-L-phenylalanine,conditional,芳香／疏水侧链,C10 H13 N O2,179.216,,not-audited,,,,结构可能是独立非天然氨基酸，但用途或单体可获得性仍依赖人工核实。,先核对主链连接几何和独立单体身份，再决定是否查合成证据。,,https://www.rcsb.org/ligand/4PH
条件结构候选,4PQ,5-hydroxy-L-tryptophan,conditional,芳香／疏水侧链,C11 H12 N2 O3,220.225,,not-audited,,,,结构可能是独立非天然氨基酸，但用途或单体可获得性仍依赖人工核实。,先核对主链连接几何和独立单体身份，再决定是否查合成证据。,,https://www.rcsb.org/ligand/4PQ
条件结构候选,4QK,"6-[4-(2-aminoethyl)-1H-1,2,3-triazol-1-yl]-L-norleucine",conditional,芳香／疏水侧链,C10 H19 N5 O2,241.29,,not-audited,,,,结构可能是独立非天然氨基酸，但用途或单体可获得性仍依赖人工核实。,先核对主链连接几何和独立单体身份，再决定是否查合成证据。,CCD未指定标准氨基酸母体，需确认它是独立残基而非氨基酸样片段,https://www.rcsb.org/ligand/4QK
条件结构候选,4SJ,"N,beta,beta-trimethyl-L-phenylalanine",conditional,芳香／疏水侧链,C12 H17 N O2,207.269,,not-audited,,,,结构可能是独立非天然氨基酸，但用途或单体可获得性仍依赖人工核实。,先核对主链连接几何和独立单体身份，再决定是否查合成证据。,,https://www.rcsb.org/ligand/4SJ
条件结构候选,4U7,"[(5S)-5-amino-5-carboxy-6,6-difluorohexyl](trihydroxy)borate(1-)",conditional,卤代／电子调节,C7 H15 B F2 N O5,242.006,,not-audited,,,,结构可能是独立非天然氨基酸，但用途或单体可获得性仍依赖人工核实。,先核对主链连接几何和独立单体身份，再决定是否查合成证据。,,https://www.rcsb.org/ligand/4U7
条件结构候选,4UD,"(2S)-amino[(5S)-4,5-dihydro-1,2-oxazol-5-yl]acetic acid",conditional,极性／带电侧链,C5 H8 N2 O3,144.129,,not-audited,,,,结构可能是独立非天然氨基酸，但用途或单体可获得性仍依赖人工核实。,先核对主链连接几何和独立单体身份，再决定是否查合成证据。,CCD未指定标准氨基酸母体，需确认它是独立残基而非氨基酸样片段；以极性/带电特征为主，不宜默认用于提高被动渗透性,https://www.rcsb.org/ligand/4UD
条件结构候选,4WQ,"(2S)-2-amino-7,7-dimethyloctanoic acid",conditional,其他CCD肽链核心,C10 H21 N O2,187.279,,not-audited,,,,结构可能是独立非天然氨基酸，但用途或单体可获得性仍依赖人工核实。,先核对主链连接几何和独立单体身份，再决定是否查合成证据。,,https://www.rcsb.org/ligand/4WQ
条件结构候选,51T,"2,3,6-trifluoro-L-tyrosine",conditional,卤代／电子调节,C9 H8 F3 N O3,235.16,,not-audited,,,,结构可能是独立非天然氨基酸，但用途或单体可获得性仍依赖人工核实。,先核对主链连接几何和独立单体身份，再决定是否查合成证据。,,https://www.rcsb.org/ligand/51T
仅结构参考,54C,(betaR)-beta-hydroxy-1-{2-[(2R)-oxiran-2-yl]propan-2-yl}-L-tryptophan,reference,芳香／疏水侧链,C16 H20 N2 O4,304.341,,not-audited,,,,复杂度、反应性、极性、端基或保护状态存在明显疑问，不进入默认单体库。,除非有明确研究用途，否则不优先审核。,分子量超过300 Da，单体复杂度和环肽总分子量负担较高,https://www.rcsb.org/ligand/54C
条件结构候选,55I,4-(trifluoromethyl)-L-phenylalanine,conditional,卤代／电子调节,C10 H10 F3 N O2,233.187,,not-audited,,,,结构可能是独立非天然氨基酸，但用途或单体可获得性仍依赖人工核实。,先核对主链连接几何和独立单体身份，再决定是否查合成证据。,,https://www.rcsb.org/ligand/55I
条件结构候选,55N,"(2R,4R)-2-(acetyloxy)-5-methyl-4-(methylamino)hexanoic acid",conditional,极性／带电侧链,C10 H19 N O4,217.262,,not-audited,,,,结构可能是独立非天然氨基酸，但用途或单体可获得性仍依赖人工核实。,先核对主链连接几何和独立单体身份，再决定是否查合成证据。,CCD仅标为通用peptide linking，需确认真实主链连接几何；CCD未指定标准氨基酸母体，需确认它是独立残基而非氨基酸样片段；以极性/带电特征为主，不宜默认用于提高被动渗透性,https://www.rcsb.org/ligand/55N
仅结构参考,562,"N~5~-[N-(2-{2-[2-(triaza-1,2-dien-2-ium-1-yl)ethoxy]ethoxy}ethyl)carbamimidoyl]-L-ornithine",reference,极性／带电侧链,C12 H26 N7 O4,332.379,,not-audited,,,,复杂度、反应性、极性、端基或保护状态存在明显疑问，不进入默认单体库。,除非有明确研究用途，否则不优先审核。,分子量超过300 Da，单体复杂度和环肽总分子量负担较高；杂原子较多，可能增加暴露极性和去溶剂化代价；CCD未指定标准氨基酸母体，需确认它是独立残基而非氨基酸样片段；以极性/带电特征为主，不宜默认用于提高被动渗透性,https://www.rcsb.org/ligand/562
仅结构参考,56A,3-(8-phenyloctyl)-L-histidine,reference,芳香／疏水侧链,C20 H29 N3 O2,343.463,,not-audited,,,,复杂度、反应性、极性、端基或保护状态存在明显疑问，不进入默认单体库。,除非有明确研究用途，否则不优先审核。,分子量超过300 Da，单体复杂度和环肽总分子量负担较高,https://www.rcsb.org/ligand/56A
仅结构参考,56C,"N~5~-{N-[2-(2-{2-[2-(triaza-1,2-dien-2-ium-1-yl)ethoxy]ethoxy}ethoxy)ethyl]carbamimidoyl}-L-ornithine",reference,极性／带电侧链,C14 H30 N7 O5,376.432,,not-audited,,,,复杂度、反应性、极性、端基或保护状态存在明显疑问，不进入默认单体库。,除非有明确研究用途，否则不优先审核。,分子量超过300 Da，单体复杂度和环肽总分子量负担较高；杂原子较多，可能增加暴露极性和去溶剂化代价；CCD未指定标准氨基酸母体，需确认它是独立残基而非氨基酸样片段；以极性/带电特征为主，不宜默认用于提高被动渗透性,https://www.rcsb.org/ligand/56C
条件结构候选,5A6,"(2S)-2-amino-4-[5-(5-aminopentyl)-1,3,4-oxadiazol-2-yl]butanoic acid",conditional,芳香／疏水侧链,C11 H20 N4 O3,256.301,,not-audited,,,,结构可能是独立非天然氨基酸，但用途或单体可获得性仍依赖人工核实。,先核对主链连接几何和独立单体身份，再决定是否查合成证据。,分子量超过250 Da，需关注偶联效率、溶解度和总环肽体积；CCD仅标为通用peptide linking，需确认真实主链连接几何；CCD未指定标准氨基酸母体，需确认它是独立残基而非氨基酸样片段,https://www.rcsb.org/ligand/5A6
条件结构候选,5AB,[(5S)-5-amino-5-carboxyhexyl](trihydroxy)borate,conditional,极性／带电侧链,C7 H17 B N O5,206.025,,not-audited,,,,结构可能是独立非天然氨基酸，但用途或单体可获得性仍依赖人工核实。,先核对主链连接几何和独立单体身份，再决定是否查合成证据。,以极性/带电特征为主，不宜默认用于提高被动渗透性,https://www.rcsb.org/ligand/5AB
排除,5CR,N-acetyl-L-phenylalanine,exclude,芳香／疏水侧链,C11 H13 N O3,207.226,,not-audited,,,,自动规则识别为整分子、辅因子、金属复合物、完整肽、保护体或缺少常规偶联羧基。,不计入非天然氨基酸单体数量。,,https://www.rcsb.org/ligand/5CR
条件结构候选,5CS,2-AMINO-3-(CYSTEIN-S-YL)-ISOXAZOLIDIN-5-YL-ACETIC ACID,conditional,极性／带电侧链,C8 H15 N3 O5 S,265.287,,not-audited,,,,结构可能是独立非天然氨基酸，但用途或单体可获得性仍依赖人工核实。,先核对主链连接几何和独立单体身份，再决定是否查合成证据。,分子量超过250 Da，需关注偶联效率、溶解度和总环肽体积；以极性/带电特征为主，不宜默认用于提高被动渗透性,https://www.rcsb.org/ligand/5CS
条件结构候选,5CT,Hypusine,conditional,极性／带电侧链,C10 H23 N3 O3,233.308,,not-audited,,,,结构可能是独立非天然氨基酸，但用途或单体可获得性仍依赖人工核实。,先核对主链连接几何和独立单体身份，再决定是否查合成证据。,CCD仅标为通用peptide linking，需确认真实主链连接几何；以极性/带电特征为主，不宜默认用于提高被动渗透性,https://www.rcsb.org/ligand/5CT
条件结构候选,5CW,5-chloro-L-tryptophan,conditional,卤代／电子调节,C11 H11 Cl N2 O2,238.67,,not-audited,,,,结构可能是独立非天然氨基酸，但用途或单体可获得性仍依赖人工核实。,先核对主链连接几何和独立单体身份，再决定是否查合成证据。,,https://www.rcsb.org/ligand/5CW
条件结构候选,5DW,4-ethynyl-L-phenylalanine,conditional,芳香／疏水侧链,C11 H11 N O2,189.211,,not-audited,,,,结构可能是独立非天然氨基酸，但用途或单体可获得性仍依赖人工核实。,先核对主链连接几何和独立单体身份，再决定是否查合成证据。,CCD未指定标准氨基酸母体，需确认它是独立残基而非氨基酸样片段,https://www.rcsb.org/ligand/5DW
条件结构候选,5F0,(3~{S})-3-azanyl-4-methoxy-4-oxidanylidene-butanoic acid,conditional,极性／带电侧链,C5 H9 N O4,147.129,,not-audited,,,,结构可能是独立非天然氨基酸，但用途或单体可获得性仍依赖人工核实。,先核对主链连接几何和独立单体身份，再决定是否查合成证据。,CCD未指定标准氨基酸母体，需确认它是独立残基而非氨基酸样片段；以极性/带电特征为主，不宜默认用于提高被动渗透性,https://www.rcsb.org/ligand/5F0
排除,5FQ,N-pentyl-L-alaninamide,exclude,极性／带电侧链,C8 H18 N2 O,158.241,,not-audited,,,,自动规则识别为整分子、辅因子、金属复合物、完整肽、保护体或缺少常规偶联羧基。,不计入非天然氨基酸单体数量。,,https://www.rcsb.org/ligand/5FQ
条件结构候选,5GG,Deoxyhypusine,conditional,极性／带电侧链,C10 H23 N3 O2,217.309,,not-audited,,,,结构可能是独立非天然氨基酸，但用途或单体可获得性仍依赖人工核实。,先核对主链连接几何和独立单体身份，再决定是否查合成证据。,以极性/带电特征为主，不宜默认用于提高被动渗透性,https://www.rcsb.org/ligand/5GG
条件结构候选,5GM,"(4S)-2,4-dimethyl-L-norleucine",conditional,其他CCD肽链核心,C8 H17 N O2,159.226,,not-audited,,,,结构可能是独立非天然氨基酸，但用途或单体可获得性仍依赖人工核实。,先核对主链连接几何和独立单体身份，再决定是否查合成证据。,,https://www.rcsb.org/ligand/5GM
条件结构候选,5LB,"(2~{S})-2-azanyl-3-[1-(2-azanylethyl)-1,2,3-triazol-4-yl]propanoic acid",conditional,芳香／疏水侧链,C7 H13 N5 O2,199.21,,not-audited,,,,结构可能是独立非天然氨基酸，但用途或单体可获得性仍依赖人工核实。,先核对主链连接几何和独立单体身份，再决定是否查合成证据。,CCD仅标为通用peptide linking，需确认真实主链连接几何；CCD未指定标准氨基酸母体，需确认它是独立残基而非氨基酸样片段,https://www.rcsb.org/ligand/5LB
条件结构候选,5LE,"(2~{S})-2-azanyl-3-[1-(3-azanylpropyl)-1,2,3-triazol-4-yl]propanoic acid",conditional,芳香／疏水侧链,C8 H15 N5 O2,213.237,,not-audited,,,,结构可能是独立非天然氨基酸，但用途或单体可获得性仍依赖人工核实。,先核对主链连接几何和独立单体身份，再决定是否查合成证据。,CCD仅标为通用peptide linking，需确认真实主链连接几何；CCD未指定标准氨基酸母体，需确认它是独立残基而非氨基酸样片段,https://www.rcsb.org/ligand/5LE
条件结构候选,5LF,"(2~{S})-2-azanyl-3-[1-(6-azanylhexyl)-1,2,3-triazol-4-yl]propanoic acid",conditional,芳香／疏水侧链,C11 H21 N5 O2,255.317,,not-audited,,,,结构可能是独立非天然氨基酸，但用途或单体可获得性仍依赖人工核实。,先核对主链连接几何和独立单体身份，再决定是否查合成证据。,分子量超过250 Da，需关注偶联效率、溶解度和总环肽体积；CCD仅标为通用peptide linking，需确认真实主链连接几何；CCD未指定标准氨基酸母体，需确认它是独立残基而非氨基酸样片段,https://www.rcsb.org/ligand/5LF
条件结构候选,5MW,"(2~{S})-5-[4-(aminomethyl)-1,2,3-triazol-1-yl]-2-azanyl-pentanoic acid",conditional,芳香／疏水侧链,C8 H15 N5 O2,213.237,,not-audited,,,,结构可能是独立非天然氨基酸，但用途或单体可获得性仍依赖人工核实。,先核对主链连接几何和独立单体身份，再决定是否查合成证据。,,https://www.rcsb.org/ligand/5MW
条件结构候选,5OH,"(2S)-amino[(4R,6S)-2-amino-6-hydroxy-3,4,5,6-tetrahydropyrimidin-4-yl]ethanoic acid",conditional,极性／带电侧链,C6 H12 N4 O3,188.184,,not-audited,,,,结构可能是独立非天然氨基酸，但用途或单体可获得性仍依赖人工核实。,先核对主链连接几何和独立单体身份，再决定是否查合成证据。,以极性/带电特征为主，不宜默认用于提高被动渗透性,https://www.rcsb.org/ligand/5OH
条件结构候选,5OL,"N~6~-(1,1-dihydroxyethyl)-L-lysine",conditional,极性／带电侧链,C8 H18 N2 O4,206.24,,not-audited,,,,结构可能是独立非天然氨基酸，但用途或单体可获得性仍依赖人工核实。,先核对主链连接几何和独立单体身份，再决定是否查合成证据。,CCD未指定标准氨基酸母体，需确认它是独立残基而非氨基酸样片段；以极性/带电特征为主，不宜默认用于提高被动渗透性,https://www.rcsb.org/ligand/5OL
条件结构候选,5OM,"(2S)-2-amino-8,8-dihydroxy-8-[(2S)-oxiran-2-yl]octanoic acid",conditional,极性／带电侧链,C10 H19 N O5,233.262,,not-audited,,,,结构可能是独立非天然氨基酸，但用途或单体可获得性仍依赖人工核实。,先核对主链连接几何和独立单体身份，再决定是否查合成证据。,CCD未指定标准氨基酸母体，需确认它是独立残基而非氨基酸样片段；以极性/带电特征为主，不宜默认用于提高被动渗透性,https://www.rcsb.org/ligand/5OM
排除,5OW,(2~{S})-2-azanyl-6-[[(~{Z})-~{C}-[2-methyl-3-oxidanyl-5-(phosphonooxymethyl)pyridin-4-yl]-~{N}-[(2~{R})-1-oxidanyl-1-oxidanylidene-3-sulfanyl-propan-2-yl]carbonimidoyl]amino]hexanoic acid,exclude,芳香／疏水侧链,C17 H27 N4 O9 P S,494.456,,not-audited,,,,自动规则识别为整分子、辅因子、金属复合物、完整肽、保护体或缺少常规偶联羧基。,不计入非天然氨基酸单体数量。,,https://www.rcsb.org/ligand/5OW
已在短肽序列中观察到,5PG,(2S)-(4-hydroxyphenyl)(methylamino)ethanoic acid,priority,N-取代,C9 H11 N O3,181.189,,short-polymer,5,5,1T7D / 3IIQ / 6M5E / 9NLO,该CCD进入过不超过50残基的PDB聚合物序列，支持其作为肽残基使用，但尚未逐条确认独立单体来源。,查原始论文，确认是预制单体偶联还是翻译后/结构内修饰。,,https://www.rcsb.org/ligand/5PG
排除,5R5,methyl L-serinate,exclude,极性／带电侧链,C4 H9 N O3,119.119,,not-audited,,,,自动规则识别为整分子、辅因子、金属复合物、完整肽、保护体或缺少常规偶联羧基。,不计入非天然氨基酸单体数量。,,https://www.rcsb.org/ligand/5R5
仅结构参考,5SQ,2-[2-[(1S)-1-azanyl-2-(1H-imidazol-4-yl)ethyl]-4-[(4-hydroxyphenyl)methylidene]-5-oxidanylidene-imidazol-1-yl]ethanoic acid,reference,芳香／疏水侧链,C17 H17 N5 O4,355.348,,not-audited,,,,复杂度、反应性、极性、端基或保护状态存在明显疑问，不进入默认单体库。,除非有明确研究用途，否则不优先审核。,分子量超过300 Da，单体复杂度和环肽总分子量负担较高,https://www.rcsb.org/ligand/5SQ
条件结构候选,5T3,N~6~-ethyl-N~6~-propan-2-yl-L-lysine,conditional,极性／带电侧链,C11 H24 N2 O2,216.32,,not-audited,,,,结构可能是独立非天然氨基酸，但用途或单体可获得性仍依赖人工核实。,先核对主链连接几何和独立单体身份，再决定是否查合成证据。,以极性/带电特征为主，不宜默认用于提高被动渗透性,https://www.rcsb.org/ligand/5T3
排除,5VV,N-carbamoyl-L-Asparagine,exclude,极性／带电侧链,C5 H8 N2 O5,176.127,,not-audited,,,,自动规则识别为整分子、辅因子、金属复合物、完整肽、保护体或缺少常规偶联羧基。,不计入非天然氨基酸单体数量。,,https://www.rcsb.org/ligand/5VV
排除,5X8,S-adenosyl-L-cysteine,exclude,芳香／疏水侧链,C13 H18 N6 O5 S,370.384,,not-audited,,,,自动规则识别为整分子、辅因子、金属复合物、完整肽、保护体或缺少常规偶联羧基。,不计入非天然氨基酸单体数量。,,https://www.rcsb.org/ligand/5X8
排除,5XU,(2~{S})-2-azanylpropanal,exclude,其他CCD肽链核心,C3 H7 N O,73.094,,not-audited,,,,自动规则识别为整分子、辅因子、金属复合物、完整肽、保护体或缺少常规偶联羧基。,不计入非天然氨基酸单体数量。,,https://www.rcsb.org/ligand/5XU
仅结构参考,5ZA,"(5Z)-2-[(1S,2R)-1-AMINO-2-HYDROXYPROPYL]-5-[(4-AMINO-1H-INDOL-3-YL)METHYLENE]-3-(2-HYDROXYETHYL)-3,5-DIHYDRO-4H-IMIDAZOL-4-ONE",reference,极性／带电侧链,C17 H19 N5 O4,357.364,,not-audited,,,,复杂度、反应性、极性、端基或保护状态存在明显疑问，不进入默认单体库。,除非有明确研究用途，否则不优先审核。,分子量超过300 Da，单体复杂度和环肽总分子量负担较高；以极性/带电特征为主，不宜默认用于提高被动渗透性,https://www.rcsb.org/ligand/5ZA
条件结构候选,60F,(2~{R})-2-azanyl-3-[(~{E})-3-(4-hydroxyphenyl)prop-2-enoyl]sulfanyl-propanoic acid,conditional,芳香／疏水侧链,C12 H13 N O4 S,267.301,,not-audited,,,,结构可能是独立非天然氨基酸，但用途或单体可获得性仍依赖人工核实。,先核对主链连接几何和独立单体身份，再决定是否查合成证据。,分子量超过250 Da，需关注偶联效率、溶解度和总环肽体积,https://www.rcsb.org/ligand/60F
条件结构候选,62H,(2S)-3-amino-2-methylpropanoic acid,conditional,其他CCD肽链核心,C4 H9 N O2,103.12,,not-audited,,,,结构可能是独立非天然氨基酸，但用途或单体可获得性仍依赖人工核实。,先核对主链连接几何和独立单体身份，再决定是否查合成证据。,CCD未指定标准氨基酸母体，需确认它是独立残基而非氨基酸样片段,https://www.rcsb.org/ligand/62H
排除,66C,"4-[8-(beta-alanyl)-8,9-dihydro-1H-dibenzo[b,f][1,2,3]triazolo[4,5-d]azocin-1-yl]-L-phenylalanine",exclude,芳香／疏水侧链,C27 H26 N6 O3,482.534,,not-audited,,,,自动规则识别为整分子、辅因子、金属复合物、完整肽、保护体或缺少常规偶联羧基。,不计入非天然氨基酸单体数量。,,https://www.rcsb.org/ligand/66C
条件结构候选,66D,"(4R)-2,4-dimethyl-L-norleucine",conditional,其他CCD肽链核心,C8 H17 N O2,159.226,,not-audited,,,,结构可能是独立非天然氨基酸，但用途或单体可获得性仍依赖人工核实。,先核对主链连接几何和独立单体身份，再决定是否查合成证据。,,https://www.rcsb.org/ligand/66D
已在短肽序列中观察到,66E,N-ethyl-L-valine,priority,N-取代,C7 H15 N O2,145.2,,short-polymer,3,3,5HSV / 8R7T / 9UPK,该CCD进入过不超过50残基的PDB聚合物序列，支持其作为肽残基使用，但尚未逐条确认独立单体来源。,查原始论文，确认是预制单体偶联还是翻译后/结构内修饰。,CCD未指定标准氨基酸母体，需确认它是独立残基而非氨基酸样片段,https://www.rcsb.org/ligand/66E
排除,6BR,threoninevanadate,exclude,极性／带电侧链,C4 H8 N O7 V,233.05,,not-audited,,,,自动规则识别为整分子、辅因子、金属复合物、完整肽、保护体或缺少常规偶联羧基。,不计入非天然氨基酸单体数量。,,https://www.rcsb.org/ligand/6BR
条件结构候选,6CL,6-CARBOXYLYSINE,conditional,极性／带电侧链,C7 H15 N2 O4,191.205,,not-audited,,,,结构可能是独立非天然氨基酸，但用途或单体可获得性仍依赖人工核实。,先核对主链连接几何和独立单体身份，再决定是否查合成证据。,以极性/带电特征为主，不宜默认用于提高被动渗透性,https://www.rcsb.org/ligand/6CL
条件结构候选,6CV,3-bromo-L-phenylalanine,conditional,卤代／电子调节,C9 H10 Br N O2,244.085,,not-audited,,,,结构可能是独立非天然氨基酸，但用途或单体可获得性仍依赖人工核实。,先核对主链连接几何和独立单体身份，再决定是否查合成证据。,,https://www.rcsb.org/ligand/6CV
条件结构候选,6CW,6-CHLORO-L-TRYPTOPHAN,conditional,卤代／电子调节,C11 H11 Cl N2 O2,238.67,,not-audited,,,,结构可能是独立非天然氨基酸，但用途或单体可获得性仍依赖人工核实。,先核对主链连接几何和独立单体身份，再决定是否查合成证据。,,https://www.rcsb.org/ligand/6CW
条件结构候选,6DU,2-bromo-L-phenylalanine,conditional,卤代／电子调节,C9 H10 Br N O2,244.085,,not-audited,,,,结构可能是独立非天然氨基酸，但用途或单体可获得性仍依赖人工核实。,先核对主链连接几何和独立单体身份，再决定是否查合成证据。,CCD未指定标准氨基酸母体，需确认它是独立残基而非氨基酸样片段,https://www.rcsb.org/ligand/6DU
排除,6E4,L-glutamamide,exclude,极性／带电侧链,C5 H11 N3 O2,145.16,,not-audited,,,,自动规则识别为整分子、辅因子、金属复合物、完整肽、保护体或缺少常规偶联羧基。,不计入非天然氨基酸单体数量。,,https://www.rcsb.org/ligand/6E4
条件结构候选,6FL,"5,5,5,5',5',5'-hexafluoro-L-leucine",conditional,卤代／电子调节,C6 H7 F6 N O2,239.116,,not-audited,,,,结构可能是独立非天然氨基酸，但用途或单体可获得性仍依赖人工核实。,先核对主链连接几何和独立单体身份，再决定是否查合成证据。,CCD未指定标准氨基酸母体，需确认它是独立残基而非氨基酸样片段,https://www.rcsb.org/ligand/6FL
仅结构参考,6G4,4-oxononanoyl lysine,reference,极性／带电侧链,C15 H28 N2 O4,300.394,,not-audited,,,,复杂度、反应性、极性、端基或保护状态存在明显疑问，不进入默认单体库。,除非有明确研究用途，否则不优先审核。,分子量超过300 Da，单体复杂度和环肽总分子量负担较高；CCD仅标为通用peptide linking，需确认真实主链连接几何；以极性/带电特征为主，不宜默认用于提高被动渗透性,https://www.rcsb.org/ligand/6G4
条件结构候选,6G5,4-chloro-L-tryptophan,conditional,卤代／电子调节,C11 H11 Cl N2 O2,238.67,,not-audited,,,,结构可能是独立非天然氨基酸，但用途或单体可获得性仍依赖人工核实。,先核对主链连接几何和独立单体身份，再决定是否查合成证据。,CCD未指定标准氨基酸母体，需确认它是独立残基而非氨基酸样片段,https://www.rcsb.org/ligand/6G5
仅结构参考,6GL,5-(phosphonooxy)-L-norvaline,reference,极性／带电侧链,C5 H12 N O6 P,213.126,,not-audited,,,,复杂度、反应性、极性、端基或保护状态存在明显疑问，不进入默认单体库。,除非有明确研究用途，否则不优先审核。,含磷酸/膦酸相关结构，通常不利于被动跨膜，除非有专门遮蔽设计；以极性/带电特征为主，不宜默认用于提高被动渗透性,https://www.rcsb.org/ligand/6GL
条件结构候选,6HN,6-nitro-L-norleucine,conditional,极性／带电侧链,C6 H12 N2 O4,176.17,,not-audited,,,,结构可能是独立非天然氨基酸，但用途或单体可获得性仍依赖人工核实。,先核对主链连接几何和独立单体身份，再决定是否查合成证据。,以极性/带电特征为主，不宜默认用于提高被动渗透性,https://www.rcsb.org/ligand/6HN
条件结构候选,6KM,S-propanoyl-L-cysteine,conditional,极性／带电侧链,C6 H11 N O3 S,177.221,,not-audited,,,,结构可能是独立非天然氨基酸，但用途或单体可获得性仍依赖人工核实。,先核对主链连接几何和独立单体身份，再决定是否查合成证据。,CCD未指定标准氨基酸母体，需确认它是独立残基而非氨基酸样片段；以极性/带电特征为主，不宜默认用于提高被动渗透性,https://www.rcsb.org/ligand/6KM
条件结构候选,6KY,(2S)-2-(dimethylamino)-4-(methylselanyl)butanoic acid,conditional,其他CCD肽链核心,C7 H15 N O2 Se,224.159,,not-audited,,,,结构可能是独立非天然氨基酸，但用途或单体可获得性仍依赖人工核实。,先核对主链连接几何和独立单体身份，再决定是否查合成证据。,CCD未指定标准氨基酸母体，需确认它是独立残基而非氨基酸样片段,https://www.rcsb.org/ligand/6KY
条件结构候选,6M6,S-[(2-phenylethyl)carbamothioyl]-L-cysteine,conditional,芳香／疏水侧链,C12 H16 N2 O2 S2,284.398,,not-audited,,,,结构可能是独立非天然氨基酸，但用途或单体可获得性仍依赖人工核实。,先核对主链连接几何和独立单体身份，再决定是否查合成证据。,分子量超过250 Da，需关注偶联效率、溶解度和总环肽体积,https://www.rcsb.org/ligand/6M6
已在短肽序列中观察到,6RK,4-azanylcyclohexane-1-carboxylic acid,priority,构象限制,C7 H13 N O2,143.184,,short-polymer,1,1,5JBQ,该CCD进入过不超过50残基的PDB聚合物序列，支持其作为肽残基使用，但尚未逐条确认独立单体来源。,查原始论文，确认是预制单体偶联还是翻译后/结构内修饰。,CCD未指定标准氨基酸母体，需确认它是独立残基而非氨基酸样片段,https://www.rcsb.org/ligand/6RK
条件结构候选,6V1,"(2~{R})-2-azanyl-3-[(3~{R})-1-ethyl-2,5-bis(oxidanylidene)pyrrolidin-3-yl]sulfanyl-propanoic acid",conditional,极性／带电侧链,C9 H14 N2 O4 S,246.283,,not-audited,,,,结构可能是独立非天然氨基酸，但用途或单体可获得性仍依赖人工核实。,先核对主链连接几何和独立单体身份，再决定是否查合成证据。,以极性/带电特征为主，不宜默认用于提高被动渗透性,https://www.rcsb.org/ligand/6V1
条件结构候选,6V9,"2-methyl-1,3-thiazole-5-carboxylic acid",conditional,芳香／疏水侧链,C5 H5 N O2 S,143.164,,not-audited,,,,结构可能是独立非天然氨基酸，但用途或单体可获得性仍依赖人工核实。,先核对主链连接几何和独立单体身份，再决定是否查合成证据。,CCD仅标为通用peptide linking，需确认真实主链连接几何；CCD未指定标准氨基酸母体，需确认它是独立残基而非氨基酸样片段,https://www.rcsb.org/ligand/6V9
条件结构候选,6WK,"(2~{R})-2-azanyl-3-[[(2~{S},3~{S})-2,3-bis(oxidanyl)-4-sulfanyl-butyl]disulfanyl]propanoic acid",conditional,极性／带电侧链,C7 H15 N O4 S3,273.393,,not-audited,,,,结构可能是独立非天然氨基酸，但用途或单体可获得性仍依赖人工核实。,先核对主链连接几何和独立单体身份，再决定是否查合成证据。,分子量超过250 Da，需关注偶联效率、溶解度和总环肽体积；以极性/带电特征为主，不宜默认用于提高被动渗透性,https://www.rcsb.org/ligand/6WK
优先结构候选，暂无使用命中,6Y9,"(2~{R})-1,2-dimethylpyrrolidine-2-carboxylic acid",priority,D-构型,C7 H13 N O2,143.184,,no-polymer-hit,0,0,,结构符合优先研发方向，但当前PDB聚合物审计没有命中。,查询供应商、合成论文、专利和SPPS/LPPS使用记录。,,https://www.rcsb.org/ligand/6Y9
条件结构候选,6YJ,"(2~{S},4~{R})-5-(4-aminophenyl)-4-azanyl-2-methyl-pentanoic acid",conditional,芳香／疏水侧链,C12 H18 N2 O2,222.284,,not-audited,,,,结构可能是独立非天然氨基酸，但用途或单体可获得性仍依赖人工核实。,先核对主链连接几何和独立单体身份，再决定是否查合成证据。,CCD仅标为通用peptide linking，需确认真实主链连接几何；CCD未指定标准氨基酸母体，需确认它是独立残基而非氨基酸样片段,https://www.rcsb.org/ligand/6YJ
条件结构候选,6ZS,L-isovaline,conditional,其他CCD肽链核心,C5 H11 N O2,117.146,,not-audited,,,,结构可能是独立非天然氨基酸，但用途或单体可获得性仍依赖人工核实。,先核对主链连接几何和独立单体身份，再决定是否查合成证据。,CCD未指定标准氨基酸母体，需确认它是独立残基而非氨基酸样片段,https://www.rcsb.org/ligand/6ZS
条件结构候选,73C,(2~{S})-2-azanyl-3-butoxy-propanoic acid,conditional,极性／带电侧链,C7 H15 N O3,161.199,,not-audited,,,,结构可能是独立非天然氨基酸，但用途或单体可获得性仍依赖人工核实。,先核对主链连接几何和独立单体身份，再决定是否查合成证据。,以极性/带电特征为主，不宜默认用于提高被动渗透性,https://www.rcsb.org/ligand/73C
条件结构候选,73N,(2~{S})-5-carbamimidamido-2-(carboxyamino)pentanoic acid,conditional,极性／带电侧链,C7 H14 N4 O4,218.21,,not-audited,,,,结构可能是独立非天然氨基酸，但用途或单体可获得性仍依赖人工核实。,先核对主链连接几何和独立单体身份，再决定是否查合成证据。,以极性/带电特征为主，不宜默认用于提高被动渗透性,https://www.rcsb.org/ligand/73N
条件结构候选,73O,(2~{S})-2-azanyl-4-(4-hydroxyphenyl)butanoic acid,conditional,芳香／疏水侧链,C10 H13 N O3,195.215,,not-audited,,,,结构可能是独立非天然氨基酸，但用途或单体可获得性仍依赖人工核实。,先核对主链连接几何和独立单体身份，再决定是否查合成证据。,,https://www.rcsb.org/ligand/73O
条件结构候选,73P,(2~{S})-6-azanyl-2-(carboxyamino)hexanoic acid,conditional,极性／带电侧链,C7 H14 N2 O4,190.197,,not-audited,,,,结构可能是独立非天然氨基酸，但用途或单体可获得性仍依赖人工核实。,先核对主链连接几何和独立单体身份，再决定是否查合成证据。,以极性/带电特征为主，不宜默认用于提高被动渗透性,https://www.rcsb.org/ligand/73P
条件结构候选,74P,(E)-N~6~-(1-carboxy-3-oxobutylidene)-L-lysine,conditional,极性／带电侧链,C11 H18 N2 O5,258.271,,not-audited,,,,结构可能是独立非天然氨基酸，但用途或单体可获得性仍依赖人工核实。,先核对主链连接几何和独立单体身份，再决定是否查合成证据。,分子量超过250 Da，需关注偶联效率、溶解度和总环肽体积；以极性/带电特征为主，不宜默认用于提高被动渗透性,https://www.rcsb.org/ligand/74P
条件结构候选,7C9,O-methyl-L-serine,conditional,极性／带电侧链,C4 H9 N O3,119.119,,not-audited,,,,结构可能是独立非天然氨基酸，但用途或单体可获得性仍依赖人工核实。,先核对主链连接几何和独立单体身份，再决定是否查合成证据。,CCD未指定标准氨基酸母体，需确认它是独立残基而非氨基酸样片段；以极性/带电特征为主，不宜默认用于提高被动渗透性,https://www.rcsb.org/ligand/7C9
条件结构候选,7CC,"N,N-diethyl-L-asparagine",conditional,极性／带电侧链,C8 H16 N2 O3,188.224,,not-audited,,,,结构可能是独立非天然氨基酸，但用途或单体可获得性仍依赖人工核实。,先核对主链连接几何和独立单体身份，再决定是否查合成证据。,CCD未指定标准氨基酸母体，需确认它是独立残基而非氨基酸样片段；以极性/带电特征为主，不宜默认用于提高被动渗透性,https://www.rcsb.org/ligand/7CC
仅结构参考,7HA,"N-(3-{[2-(4-chlorophenyl)-5-methyl-1,3-oxazol-4-yl]methoxy}benzyl)-N-(methoxycarbonyl)glycine",reference,卤代／电子调节,C22 H21 Cl N2 O6,444.865,,not-audited,,,,复杂度、反应性、极性、端基或保护状态存在明显疑问，不进入默认单体库。,除非有明确研究用途，否则不优先审核。,分子量超过300 Da，单体复杂度和环肽总分子量负担较高；CCD未指定标准氨基酸母体，需确认它是独立残基而非氨基酸样片段,https://www.rcsb.org/ligand/7HA
条件结构候选,7ID,(2~{S})-4-[[(2~{S})-5-[[azanyl($l^{4}-azanylidene)methyl]amino]-1-$l^{1}-oxidanyl-1-oxidanylidene-pentan-2-yl]amino]-2-$l^{2}-azanyl-4-oxidanylidene-butanoic acid,conditional,极性／带电侧链,C10 H19 N5 O5,289.288,,not-audited,,,,结构可能是独立非天然氨基酸，但用途或单体可获得性仍依赖人工核实。,先核对主链连接几何和独立单体身份，再决定是否查合成证据。,分子量超过250 Da，需关注偶联效率、溶解度和总环肽体积；以极性/带电特征为主，不宜默认用于提高被动渗透性,https://www.rcsb.org/ligand/7ID
条件结构候选,7J3,(2S)-2-amino-4-oxo-4-(piperidin-1-yl)butanoic acid,conditional,极性／带电侧链,C9 H16 N2 O3,200.235,,not-audited,,,,结构可能是独立非天然氨基酸，但用途或单体可获得性仍依赖人工核实。,先核对主链连接几何和独立单体身份，再决定是否查合成证据。,CCD仅标为通用peptide linking，需确认真实主链连接几何；CCD未指定标准氨基酸母体，需确认它是独立残基而非氨基酸样片段；以极性/带电特征为主，不宜默认用于提高被动渗透性,https://www.rcsb.org/ligand/7J3
条件结构候选,7J4,N-tert-butoxy-L-asparagine,conditional,极性／带电侧链,C8 H16 N2 O4,204.224,,not-audited,,,,结构可能是独立非天然氨基酸，但用途或单体可获得性仍依赖人工核实。,先核对主链连接几何和独立单体身份，再决定是否查合成证据。,CCD仅标为通用peptide linking，需确认真实主链连接几何；CCD未指定标准氨基酸母体，需确认它是独立残基而非氨基酸样片段；以极性/带电特征为主，不宜默认用于提高被动渗透性,https://www.rcsb.org/ligand/7J4
仅结构参考,7JA,"N-({(1R,2S)-3-oxo-2-[(2Z)-pent-2-en-1-yl]cyclopentyl}acetyl)-L-isoleucine",reference,构象限制,C18 H29 N O4,323.427,,not-audited,,,,复杂度、反应性、极性、端基或保护状态存在明显疑问，不进入默认单体库。,除非有明确研究用途，否则不优先审核。,分子量超过300 Da，单体复杂度和环肽总分子量负担较高,https://www.rcsb.org/ligand/7JA
仅结构参考,7MN,"(Z)-N-[(1E)-1-carboxy-2-(2,3-dihydro-1H-indol-1-yl)ethylidene]{3-hydroxy-2-methyl-5-[(phosphonooxy)methyl]pyridin-4(1H)-ylidene}methanaminium",reference,芳香／疏水侧链,C19 H23 N3 O7 P,436.376,,not-audited,,,,复杂度、反应性、极性、端基或保护状态存在明显疑问，不进入默认单体库。,除非有明确研究用途，否则不优先审核。,分子量超过300 Da，单体复杂度和环肽总分子量负担较高；杂原子较多，可能增加暴露极性和去溶剂化代价；含磷酸/膦酸相关结构，通常不利于被动跨膜，除非有专门遮蔽设计；CCD仅标为通用peptide linking，需确认真实主链连接几何；CCD未指定标准氨基酸母体，需确认它是独立残基而非氨基酸样片段,https://www.rcsb.org/ligand/7MN
条件结构候选,7N8,4-Borono-L-phenylalanine,conditional,芳香／疏水侧链,C9 H12 B N O4,209.007,,not-audited,,,,结构可能是独立非天然氨基酸，但用途或单体可获得性仍依赖人工核实。,先核对主链连接几何和独立单体身份，再决定是否查合成证据。,,https://www.rcsb.org/ligand/7N8
条件结构候选,7O5,(2~{S})-2-azanyl-3-(2-sulfanylethanoylamino)propanoic acid,conditional,极性／带电侧链,C5 H10 N2 O3 S,178.209,,not-audited,,,,结构可能是独立非天然氨基酸，但用途或单体可获得性仍依赖人工核实。,先核对主链连接几何和独立单体身份，再决定是否查合成证据。,以极性/带电特征为主，不宜默认用于提高被动渗透性,https://www.rcsb.org/ligand/7O5
条件结构候选,7OZ,(S)-2-amino-4-fluorobutanoic acid,conditional,卤代／电子调节,C4 H8 F N O2,121.11,,not-audited,,,,结构可能是独立非天然氨基酸，但用途或单体可获得性仍依赖人工核实。,先核对主链连接几何和独立单体身份，再决定是否查合成证据。,,https://www.rcsb.org/ligand/7OZ
条件结构候选,7QK,N~6~-acetyl-N~6~-methyl-L-lysine,conditional,极性／带电侧链,C9 H18 N2 O3,202.251,,not-audited,,,,结构可能是独立非天然氨基酸，但用途或单体可获得性仍依赖人工核实。,先核对主链连接几何和独立单体身份，再决定是否查合成证据。,以极性/带电特征为主，不宜默认用于提高被动渗透性,https://www.rcsb.org/ligand/7QK
仅结构参考,7R0,2-[(4E)-2-[(1S)-1-azanyl-2-(1H-imidazol-4-yl)ethyl]-4-[(4-hydroxyphenyl)methylidene]-5-oxidanylidene-imidazol-1-yl]ethanoic acid,reference,芳香／疏水侧链,C17 H17 N5 O4,355.348,,not-audited,,,,复杂度、反应性、极性、端基或保护状态存在明显疑问，不进入默认单体库。,除非有明确研究用途，否则不优先审核。,分子量超过300 Da，单体复杂度和环肽总分子量负担较高,https://www.rcsb.org/ligand/7R0
优先结构候选，暂无使用命中,7RX,(R)-homoproline,priority,D-构型,C6 H11 N O2,129.157,,no-polymer-hit,0,0,,结构符合优先研发方向，但当前PDB聚合物审计没有命中。,查询供应商、合成论文、专利和SPPS/LPPS使用记录。,CCD未指定标准氨基酸母体，需确认它是独立残基而非氨基酸样片段,https://www.rcsb.org/ligand/7RX
条件结构候选,7T2,(2S)-3-(4-chlorophenyl)-2-(methylamino)propanoic acid,conditional,卤代／电子调节,C10 H12 Cl N O2,213.661,,not-audited,,,,结构可能是独立非天然氨基酸，但用途或单体可获得性仍依赖人工核实。,先核对主链连接几何和独立单体身份，再决定是否查合成证据。,,https://www.rcsb.org/ligand/7T2
条件结构候选,7TK,(3S)-3-azanyl-4-oxidanylidene-4-pyrrolidin-1-yl-butanoic acid,conditional,极性／带电侧链,C8 H14 N2 O3,186.208,,not-audited,,,,结构可能是独立非天然氨基酸，但用途或单体可获得性仍依赖人工核实。,先核对主链连接几何和独立单体身份，再决定是否查合成证据。,以极性/带电特征为主，不宜默认用于提高被动渗透性,https://www.rcsb.org/ligand/7TK
已在短肽序列中观察到,7VN,(2S)-2-cyclopentyl-2-(methylamino)ethanoic acid,priority,构象限制,C8 H15 N O2,157.21,,short-polymer,1,1,7YV1,该CCD进入过不超过50残基的PDB聚合物序列，支持其作为肽残基使用，但尚未逐条确认独立单体来源。,查原始论文，确认是预制单体偶联还是翻译后/结构内修饰。,,https://www.rcsb.org/ligand/7VN
条件结构候选,7VU,(2S)-2-(ethylamino)-3-(4-methylphenyl)propanoic acid,conditional,芳香／疏水侧链,C12 H17 N O2,207.269,,not-audited,,,,结构可能是独立非天然氨基酸，但用途或单体可获得性仍依赖人工核实。,先核对主链连接几何和独立单体身份，再决定是否查合成证据。,,https://www.rcsb.org/ligand/7VU
条件结构候选,7W2,"(2S)-2-azanyl-4-[3,5-bis(fluoranyl)-4-(trifluoromethyl)phenyl]butanoic acid",conditional,卤代／电子调节,C11 H10 F5 N O2,283.195,,not-audited,,,,结构可能是独立非天然氨基酸，但用途或单体可获得性仍依赖人工核实。,先核对主链连接几何和独立单体身份，再决定是否查合成证据。,分子量超过250 Da，需关注偶联效率、溶解度和总环肽体积,https://www.rcsb.org/ligand/7W2
已在短肽序列中观察到,7WC,(3S)-4-(dimethylamino)-3-(methylamino)-4-oxidanylidene-butanoic acid,priority,延长骨架,C7 H14 N2 O3,174.198,,short-polymer,1,1,7YV1,该CCD进入过不超过50残基的PDB聚合物序列，支持其作为肽残基使用，但尚未逐条确认独立单体来源。,查原始论文，确认是预制单体偶联还是翻译后/结构内修饰。,CCD未指定标准氨基酸母体，需确认它是独立残基而非氨基酸样片段,https://www.rcsb.org/ligand/7WC
条件结构候选,7XC,(2R)-2-azanyl-3-(4-carbamimidamidophenyl)propanoic acid,conditional,D-构型,C10 H14 N4 O2,222.244,,not-audited,,,,结构可能是独立非天然氨基酸，但用途或单体可获得性仍依赖人工核实。,先核对主链连接几何和独立单体身份，再决定是否查合成证据。,,https://www.rcsb.org/ligand/7XC
条件结构候选,7YO,(2R)-5-oxidanylidenepyrrolidine-2-carboxylic acid,conditional,极性／带电侧链,C5 H7 N O3,129.114,,not-audited,,,,结构可能是独立非天然氨基酸，但用途或单体可获得性仍依赖人工核实。,先核对主链连接几何和独立单体身份，再决定是否查合成证据。,CCD仅标为通用peptide linking，需确认真实主链连接几何；以极性/带电特征为主，不宜默认用于提高被动渗透性,https://www.rcsb.org/ligand/7YO
条件结构候选,81R,"(4R)-4,5-disulfanyl-L-norvaline",conditional,其他CCD肽链核心,C5 H11 N O2 S2,181.276,,not-audited,,,,结构可能是独立非天然氨基酸，但用途或单体可获得性仍依赖人工核实。,先核对主链连接几何和独立单体身份，再决定是否查合成证据。,CCD未指定标准氨基酸母体，需确认它是独立残基而非氨基酸样片段,https://www.rcsb.org/ligand/81R
条件结构候选,81S,"(4S)-4,5-disulfanyl-L-norvaline",conditional,其他CCD肽链核心,C5 H11 N O2 S2,181.276,,not-audited,,,,结构可能是独立非天然氨基酸，但用途或单体可获得性仍依赖人工核实。,先核对主链连接几何和独立单体身份，再决定是否查合成证据。,CCD未指定标准氨基酸母体，需确认它是独立残基而非氨基酸样片段,https://www.rcsb.org/ligand/81S
条件结构候选,823,"N,N-bis(3-sulfanylpropyl)-L-asparagine",conditional,极性／带电侧链,C10 H20 N2 O3 S2,280.407,,not-audited,,,,结构可能是独立非天然氨基酸，但用途或单体可获得性仍依赖人工核实。,先核对主链连接几何和独立单体身份，再决定是否查合成证据。,分子量超过250 Da，需关注偶联效率、溶解度和总环肽体积；以极性/带电特征为主，不宜默认用于提高被动渗透性,https://www.rcsb.org/ligand/823
条件结构候选,85F,(2R)-2-azanyl-3-[(2R)-2-azanyl-3-oxidanyl-3-oxidanylidene-propyl]sulfanyl-propanoic acid,conditional,极性／带电侧链,C6 H12 N2 O4 S,208.235,,not-audited,,,,结构可能是独立非天然氨基酸，但用途或单体可获得性仍依赖人工核实。,先核对主链连接几何和独立单体身份，再决定是否查合成证据。,以极性/带电特征为主，不宜默认用于提高被动渗透性,https://www.rcsb.org/ligand/85F
已在短肽序列中观察到,85G,N-ethyl-L-glutamine,priority,N-取代,C7 H14 N2 O3,174.198,,short-polymer,1,1,5U66,该CCD进入过不超过50残基的PDB聚合物序列，支持其作为肽残基使用，但尚未逐条确认独立单体来源。,查原始论文，确认是预制单体偶联还是翻译后/结构内修饰。,CCD未指定标准氨基酸母体，需确认它是独立残基而非氨基酸样片段,https://www.rcsb.org/ligand/85G
条件结构候选,85J,N-propyl-L-glutamine,conditional,极性／带电侧链,C8 H16 N2 O3,188.224,,not-audited,,,,结构可能是独立非天然氨基酸，但用途或单体可获得性仍依赖人工核实。,先核对主链连接几何和独立单体身份，再决定是否查合成证据。,CCD未指定标准氨基酸母体，需确认它是独立残基而非氨基酸样片段；以极性/带电特征为主，不宜默认用于提高被动渗透性,https://www.rcsb.org/ligand/85J
排除,85L,[[(2~{R})-2-azanyl-3-oxidanylidene-propyl]-(chloranylaurio)sulfanuidyl]-chloranyl-gold,exclude,其他CCD肽链核心,C3 H6 Au2 Cl2 N O2 S,584.989,,not-audited,,,,自动规则识别为整分子、辅因子、金属复合物、完整肽、保护体或缺少常规偶联羧基。,不计入非天然氨基酸单体数量。,,https://www.rcsb.org/ligand/85L
排除,86N,"(2S)-5-[[5-(6-aminopurin-9-yl)-3,4-bis(oxidanyl)furan-2-yl]methoxy-oxidanyl-phosphoryl]oxy-2-azanyl-5-oxidanylidene-pentanoic acid",exclude,芳香／疏水侧链,C15 H17 N6 O10 P,472.303,,not-audited,,,,自动规则识别为整分子、辅因子、金属复合物、完整肽、保护体或缺少常规偶联羧基。,不计入非天然氨基酸单体数量。,,https://www.rcsb.org/ligand/86N
条件结构候选,8JB,"(2~{R})-2-azanyl-3-[[(5~{S})-5-[(1~{S})-1-azanyl-2-oxidanyl-2-oxidanylidene-ethyl]-4,5-dihydro-1,2-oxazol-3-yl]sulfanyl]propanoic acid",conditional,极性／带电侧链,C8 H13 N3 O5 S,263.271,,not-audited,,,,结构可能是独立非天然氨基酸，但用途或单体可获得性仍依赖人工核实。,先核对主链连接几何和独立单体身份，再决定是否查合成证据。,分子量超过250 Da，需关注偶联效率、溶解度和总环肽体积；以极性/带电特征为主，不宜默认用于提高被动渗透性,https://www.rcsb.org/ligand/8JB
条件结构候选,8LJ,"(2S)-2,3-dihydro-1H-pyrrole-2-carboxylic acid",conditional,其他CCD肽链核心,C5 H7 N O2,113.115,,not-audited,,,,结构可能是独立非天然氨基酸，但用途或单体可获得性仍依赖人工核实。,先核对主链连接几何和独立单体身份，再决定是否查合成证据。,,https://www.rcsb.org/ligand/8LJ
条件结构候选,8RE,"3,4-dihydroxylysine",conditional,极性／带电侧链,C6 H14 N2 O4,178.186,,not-audited,,,,结构可能是独立非天然氨基酸，但用途或单体可获得性仍依赖人工核实。,先核对主链连接几何和独立单体身份，再决定是否查合成证据。,以极性/带电特征为主，不宜默认用于提高被动渗透性,https://www.rcsb.org/ligand/8RE
排除,8SP,"O-[(R)-{[(2R)-2,3-bis(octanoyloxy)propyl]oxy}(hydroxy)phosphoryl]-L-serine",exclude,极性／带电侧链,C22 H42 N O10 P,511.543,,not-audited,,,,自动规则识别为整分子、辅因子、金属复合物、完整肽、保护体或缺少常规偶联羧基。,不计入非天然氨基酸单体数量。,,https://www.rcsb.org/ligand/8SP
条件结构候选,8WY,"5,5-dihydroxy-L-norleucine",conditional,极性／带电侧链,C6 H13 N O4,163.172,,not-audited,,,,结构可能是独立非天然氨基酸，但用途或单体可获得性仍依赖人工核实。,先核对主链连接几何和独立单体身份，再决定是否查合成证据。,以极性/带电特征为主，不宜默认用于提高被动渗透性,https://www.rcsb.org/ligand/8WY
条件结构候选,8YR,(2S)-2-azanyl-2-[(3R)-oxolan-3-yl]ethanoic acid,conditional,极性／带电侧链,C6 H11 N O3,145.156,,not-audited,,,,结构可能是独立非天然氨基酸，但用途或单体可获得性仍依赖人工核实。,先核对主链连接几何和独立单体身份，再决定是否查合成证据。,CCD未指定标准氨基酸母体，需确认它是独立残基而非氨基酸样片段；以极性/带电特征为主，不宜默认用于提高被动渗透性,https://www.rcsb.org/ligand/8YR
条件结构候选,999,(3S)-3-hydroxy-D-aspartic acid,conditional,D-构型,C4 H7 N O5,149.102,,not-audited,,,,结构可能是独立非天然氨基酸，但用途或单体可获得性仍依赖人工核实。,先核对主链连接几何和独立单体身份，再决定是否查合成证据。,,https://www.rcsb.org/ligand/999
已在短肽序列中观察到,99Y,4-carboxy-D-phenylalanine,priority,D-构型,C10 H11 N O4,209.199,,short-polymer,1,1,5TYI,该CCD进入过不超过50残基的PDB聚合物序列，支持其作为肽残基使用，但尚未逐条确认独立单体来源。,查原始论文，确认是预制单体偶联还是翻译后/结构内修饰。,CCD未指定标准氨基酸母体，需确认它是独立残基而非氨基酸样片段,https://www.rcsb.org/ligand/99Y
排除,9AT,"(2S,3R)-2-amino-3-hydroxy-butanamide",exclude,极性／带电侧链,C4 H10 N2 O2,118.134,,not-audited,,,,自动规则识别为整分子、辅因子、金属复合物、完整肽、保护体或缺少常规偶联羧基。,不计入非天然氨基酸单体数量。,,https://www.rcsb.org/ligand/9AT
优先结构候选，暂无使用命中,9BP,4-amino-N-(2-methylpropanoyl)-D-isovaline,priority,D-构型,C9 H18 N2 O3,202.251,,no-polymer-hit,0,0,,结构符合优先研发方向，但当前PDB聚合物审计没有命中。,查询供应商、合成论文、专利和SPPS/LPPS使用记录。,CCD未指定标准氨基酸母体，需确认它是独立残基而非氨基酸样片段,https://www.rcsb.org/ligand/9BP
仅结构参考,9DN,DANSYL-L-ASPARAGINE,reference,芳香／疏水侧链,C16 H19 N3 O5 S,365.404,,not-audited,,,,复杂度、反应性、极性、端基或保护状态存在明显疑问，不进入默认单体库。,除非有明确研究用途，否则不优先审核。,分子量超过300 Da，单体复杂度和环肽总分子量负担较高,https://www.rcsb.org/ligand/9DN
仅结构参考,9DS,DANSYL-L-SARCOSINE,reference,N-取代,C15 H18 N2 O4 S,322.379,,not-audited,,,,复杂度、反应性、极性、端基或保护状态存在明显疑问，不进入默认单体库。,除非有明确研究用途，否则不优先审核。,分子量超过300 Da，单体复杂度和环肽总分子量负担较高,https://www.rcsb.org/ligand/9DS
条件结构候选,9DT,(2~{S})-2-azanyl-3-(2-fluorophenyl)-2-methyl-propanoic acid,conditional,卤代／电子调节,C10 H12 F N O2,197.206,,not-audited,,,,结构可能是独立非天然氨基酸，但用途或单体可获得性仍依赖人工核实。,先核对主链连接几何和独立单体身份，再决定是否查合成证据。,,https://www.rcsb.org/ligand/9DT
条件结构候选,9E7,N~6~-(sulfanylmethyl)-L-lysine,conditional,极性／带电侧链,C7 H16 N2 O2 S,192.279,,not-audited,,,,结构可能是独立非天然氨基酸，但用途或单体可获得性仍依赖人工核实。,先核对主链连接几何和独立单体身份，再决定是否查合成证据。,以极性/带电特征为主，不宜默认用于提高被动渗透性,https://www.rcsb.org/ligand/9E7
仅结构参考,9EV,"6-[(2R)-2-{3-hydroxy-2-methyl-5-[(phosphonooxy)methyl]pyridin-4-yl}-5-oxo-1,3-oxazolidin-3-yl]-L-norleucine",reference,芳香／疏水侧链,C16 H24 N3 O9 P,433.35,,not-audited,,,,复杂度、反应性、极性、端基或保护状态存在明显疑问，不进入默认单体库。,除非有明确研究用途，否则不优先审核。,分子量超过300 Da，单体复杂度和环肽总分子量负担较高；杂原子较多，可能增加暴露极性和去溶剂化代价；含磷酸/膦酸相关结构，通常不利于被动跨膜，除非有专门遮蔽设计；CCD未指定标准氨基酸母体，需确认它是独立残基而非氨基酸样片段,https://www.rcsb.org/ligand/9EV
条件结构候选,9JC,4-(aminomethyl)-8-azanyl-quinoline-2-carbaldehyde,conditional,芳香／疏水侧链,C11 H11 N3 O2,217.224,,not-audited,,,,结构可能是独立非天然氨基酸，但用途或单体可获得性仍依赖人工核实。,先核对主链连接几何和独立单体身份，再决定是否查合成证据。,CCD未指定标准氨基酸母体，需确认它是独立残基而非氨基酸样片段,https://www.rcsb.org/ligand/9JC
条件结构候选,9JV,8-azanyl-4-methoxy-quinoline-2-carboxylic acid,conditional,芳香／疏水侧链,C11 H10 N2 O3,218.209,,not-audited,,,,结构可能是独立非天然氨基酸，但用途或单体可获得性仍依赖人工核实。,先核对主链连接几何和独立单体身份，再决定是否查合成证据。,CCD未指定标准氨基酸母体，需确认它是独立残基而非氨基酸样片段,https://www.rcsb.org/ligand/9JV
已在短肽序列中观察到,9KK,N-methyl norleucine,priority,N-取代,C7 H15 N O2,145.199,,short-polymer,7,7,5O45 / 5O4Y / 6NNV / 6PV3 / 6PV9,该CCD进入过不超过50残基的PDB聚合物序列，支持其作为肽残基使用，但尚未逐条确认独立单体来源。,查原始论文，确认是预制单体偶联还是翻译后/结构内修饰。,CCD未指定标准氨基酸母体，需确认它是独立残基而非氨基酸样片段,https://www.rcsb.org/ligand/9KK
仅结构参考,9KP,(E)-N~6~-[(2E)-1-carboxy-3-(2-carboxyphenyl)prop-2-en-1-ylidene]-L-lysine,reference,芳香／疏水侧链,C17 H20 N2 O6,348.351,,not-audited,,,,复杂度、反应性、极性、端基或保护状态存在明显疑问，不进入默认单体库。,除非有明确研究用途，否则不优先审核。,分子量超过300 Da，单体复杂度和环肽总分子量负担较高,https://www.rcsb.org/ligand/9KP
仅结构参考,9MN,(2~{S})-2-azanyl-6-(6-bromanylhexanoylamino)hexanoic acid,reference,极性／带电侧链,C12 H23 Br N2 O3,323.227,,not-audited,,,,复杂度、反应性、极性、端基或保护状态存在明显疑问，不进入默认单体库。,除非有明确研究用途，否则不优先审核。,分子量超过300 Da，单体复杂度和环肽总分子量负担较高；CCD未指定标准氨基酸母体，需确认它是独立残基而非氨基酸样片段；以极性/带电特征为主，不宜默认用于提高被动渗透性,https://www.rcsb.org/ligand/9MN
仅结构参考,9NE,DANSYL-L-GLUTAMATE,reference,芳香／疏水侧链,C17 H20 N2 O6 S,380.416,,not-audited,,,,复杂度、反应性、极性、端基或保护状态存在明显疑问，不进入默认单体库。,除非有明确研究用途，否则不优先审核。,分子量超过300 Da，单体复杂度和环肽总分子量负担较高,https://www.rcsb.org/ligand/9NE
仅结构参考,9NF,DANSYL-L-PHENYLALANINE,reference,芳香／疏水侧链,C21 H22 N2 O4 S,398.475,,not-audited,,,,复杂度、反应性、极性、端基或保护状态存在明显疑问，不进入默认单体库。,除非有明确研究用途，否则不优先审核。,分子量超过300 Da，单体复杂度和环肽总分子量负担较高,https://www.rcsb.org/ligand/9NF
仅结构参考,9NR,DANSYL-L-ARGININE,reference,芳香／疏水侧链,C18 H25 N5 O4 S,407.487,,not-audited,,,,复杂度、反应性、极性、端基或保护状态存在明显疑问，不进入默认单体库。,除非有明确研究用途，否则不优先审核。,分子量超过300 Da，单体复杂度和环肽总分子量负担较高,https://www.rcsb.org/ligand/9NR
仅结构参考,9NV,DANSYL-L-NORVALINE,reference,芳香／疏水侧链,C17 H22 N2 O4 S,350.433,,not-audited,,,,复杂度、反应性、极性、端基或保护状态存在明显疑问，不进入默认单体库。,除非有明确研究用途，否则不优先审核。,分子量超过300 Da，单体复杂度和环肽总分子量负担较高,https://www.rcsb.org/ligand/9NV
排除,9OW,3-selanyl-L-alaninamide,exclude,极性／带电侧链,C3 H8 N2 O Se,167.068,,not-audited,,,,自动规则识别为整分子、辅因子、金属复合物、完整肽、保护体或缺少常规偶联羧基。,不计入非天然氨基酸单体数量。,,https://www.rcsb.org/ligand/9OW
条件结构候选,9R1,(2S)-2-aminooctanedioic acid,conditional,极性／带电侧链,C8 H15 N O4,189.209,,not-audited,,,,结构可能是独立非天然氨基酸，但用途或单体可获得性仍依赖人工核实。,先核对主链连接几何和独立单体身份，再决定是否查合成证据。,CCD未指定标准氨基酸母体，需确认它是独立残基而非氨基酸样片段；以极性/带电特征为主，不宜默认用于提高被动渗透性,https://www.rcsb.org/ligand/9R1
条件结构候选,9R4,D-gamma-glutamyl-2-methyl-L-alanine,conditional,极性／带电侧链,C9 H16 N2 O5,232.234,,not-audited,,,,结构可能是独立非天然氨基酸，但用途或单体可获得性仍依赖人工核实。,先核对主链连接几何和独立单体身份，再决定是否查合成证据。,CCD未指定标准氨基酸母体，需确认它是独立残基而非氨基酸样片段；以极性/带电特征为主，不宜默认用于提高被动渗透性,https://www.rcsb.org/ligand/9R4
条件结构候选,9R7,L-gamma-glutamylglycine,conditional,极性／带电侧链,C7 H12 N2 O5,204.181,,not-audited,,,,结构可能是独立非天然氨基酸，但用途或单体可获得性仍依赖人工核实。,先核对主链连接几何和独立单体身份，再决定是否查合成证据。,CCD未指定标准氨基酸母体，需确认它是独立残基而非氨基酸样片段；以极性/带电特征为主，不宜默认用于提高被动渗透性,https://www.rcsb.org/ligand/9R7
仅结构参考,9TR,N6-{[(3-azidophenyl)methoxy]carbonyl}-L-lysine,reference,芳香／疏水侧链,C14 H19 N5 O4,321.332,,not-audited,,,,复杂度、反应性、极性、端基或保护状态存在明显疑问，不进入默认单体库。,除非有明确研究用途，否则不优先审核。,分子量超过300 Da，单体复杂度和环肽总分子量负担较高；CCD仅标为通用peptide linking，需确认真实主链连接几何,https://www.rcsb.org/ligand/9TR
仅结构参考,9TU,N6-[({3-[3-(trifluoromethyl)-3H-diaziren-3-yl]phenyl}methoxy)carbonyl]-L-lysine,reference,卤代／电子调节,C16 H19 F3 N4 O4,388.342,,not-audited,,,,复杂度、反应性、极性、端基或保护状态存在明显疑问，不进入默认单体库。,除非有明确研究用途，否则不优先审核。,分子量超过300 Da，单体复杂度和环肽总分子量负担较高；CCD仅标为通用peptide linking，需确认真实主链连接几何,https://www.rcsb.org/ligand/9TU
仅结构参考,9TX,N6-{[(3-ethynylphenyl)methoxy]carbonyl}-L-lysine,reference,芳香／疏水侧链,C16 H20 N2 O4,304.341,,not-audited,,,,复杂度、反应性、极性、端基或保护状态存在明显疑问，不进入默认单体库。,除非有明确研究用途，否则不优先审核。,分子量超过300 Da，单体复杂度和环肽总分子量负担较高；CCD仅标为通用peptide linking，需确认真实主链连接几何,https://www.rcsb.org/ligand/9TX
条件结构候选,9U0,"N6-({[(1S,2E)-cyclooct-2-en-1-yl]oxy}carbonyl)-L-lysine",conditional,构象限制,C15 H26 N2 O4,298.378,,not-audited,,,,结构可能是独立非天然氨基酸，但用途或单体可获得性仍依赖人工核实。,先核对主链连接几何和独立单体身份，再决定是否查合成证据。,分子量超过250 Da，需关注偶联效率、溶解度和总环肽体积；CCD仅标为通用peptide linking，需确认真实主链连接几何,https://www.rcsb.org/ligand/9U0
仅结构参考,9U6,3-[(2-{[(benzyloxy)carbonyl]amino}ethyl)selanyl]-L-alanine,reference,芳香／疏水侧链,C13 H18 N2 O4 Se,345.253,,not-audited,,,,复杂度、反应性、极性、端基或保护状态存在明显疑问，不进入默认单体库。,除非有明确研究用途，否则不优先审核。,分子量超过300 Da，单体复杂度和环肽总分子量负担较高；CCD仅标为通用peptide linking，需确认真实主链连接几何；CCD未指定标准氨基酸母体，需确认它是独立残基而非氨基酸样片段,https://www.rcsb.org/ligand/9U6
仅结构参考,9U9,"N6-({[(1R,8S,9s)-bicyclo[6.1.0]non-4-yn-9-yl]methoxy}carbonyl)-L-lysine",reference,构象限制,C17 H26 N2 O4,322.399,,not-audited,,,,复杂度、反应性、极性、端基或保护状态存在明显疑问，不进入默认单体库。,除非有明确研究用途，否则不优先审核。,分子量超过300 Da，单体复杂度和环肽总分子量负担较高；CCD仅标为通用peptide linking，需确认真实主链连接几何；CCD未指定标准氨基酸母体，需确认它是独立残基而非氨基酸样片段,https://www.rcsb.org/ligand/9U9
仅结构参考,9UC,N6-{[(4-nitrophenyl)methoxy]carbonyl}-L-lysine,reference,芳香／疏水侧链,C14 H19 N3 O6,325.317,,not-audited,,,,复杂度、反应性、极性、端基或保护状态存在明显疑问，不进入默认单体库。,除非有明确研究用途，否则不优先审核。,分子量超过300 Da，单体复杂度和环肽总分子量负担较高；CCD仅标为通用peptide linking，需确认真实主链连接几何；CCD未指定标准氨基酸母体，需确认它是独立残基而非氨基酸样片段,https://www.rcsb.org/ligand/9UC
条件结构候选,9UF,N6-{[(6-aminopyridin-3-yl)methoxy]carbonyl}-L-lysine,conditional,芳香／疏水侧链,C13 H20 N4 O4,296.322,,not-audited,,,,结构可能是独立非天然氨基酸，但用途或单体可获得性仍依赖人工核实。,先核对主链连接几何和独立单体身份，再决定是否查合成证据。,分子量超过250 Da，需关注偶联效率、溶解度和总环肽体积；CCD仅标为通用peptide linking，需确认真实主链连接几何；CCD未指定标准氨基酸母体，需确认它是独立残基而非氨基酸样片段,https://www.rcsb.org/ligand/9UF
仅结构参考,9V0,(2S)-2-azanyl-6-[(2-azidophenyl)methoxycarbonylamino]hexanoic acid,reference,芳香／疏水侧链,C14 H19 N5 O4,321.332,,not-audited,,,,复杂度、反应性、极性、端基或保护状态存在明显疑问，不进入默认单体库。,除非有明确研究用途，否则不优先审核。,分子量超过300 Da，单体复杂度和环肽总分子量负担较高；CCD仅标为通用peptide linking，需确认真实主链连接几何；CCD未指定标准氨基酸母体，需确认它是独立残基而非氨基酸样片段,https://www.rcsb.org/ligand/9V0
仅结构参考,9V6,(2S)-2-azanyl-6-[(2-chlorophenyl)methoxycarbonylamino]hexanoic acid,reference,卤代／电子调节,C14 H19 Cl N2 O4,314.765,,not-audited,,,,复杂度、反应性、极性、端基或保护状态存在明显疑问，不进入默认单体库。,除非有明确研究用途，否则不优先审核。,分子量超过300 Da，单体复杂度和环肽总分子量负担较高；CCD仅标为通用peptide linking，需确认真实主链连接几何；CCD未指定标准氨基酸母体，需确认它是独立残基而非氨基酸样片段,https://www.rcsb.org/ligand/9V6
条件结构候选,9VC,(2S)-2-azanyl-6-(phenylmethoxycarbonylamino)hexanoic acid,conditional,芳香／疏水侧链,C14 H20 N2 O4,280.32,,not-audited,,,,结构可能是独立非天然氨基酸，但用途或单体可获得性仍依赖人工核实。,先核对主链连接几何和独立单体身份，再决定是否查合成证据。,分子量超过250 Da，需关注偶联效率、溶解度和总环肽体积；CCD仅标为通用peptide linking，需确认真实主链连接几何；CCD未指定标准氨基酸母体，需确认它是独立残基而非氨基酸样片段,https://www.rcsb.org/ligand/9VC
仅结构参考,9VF,(2S)-2-azanyl-6-(trimethylsilylmethoxycarbonylamino)hexanoic acid,reference,极性／带电侧链,C11 H24 N2 O4 Si,276.405,,not-audited,,,,复杂度、反应性、极性、端基或保护状态存在明显疑问，不进入默认单体库。,除非有明确研究用途，否则不优先审核。,分子量超过250 Da，需关注偶联效率、溶解度和总环肽体积；含硅结构常见于保护或特殊合成中间体，需要人工确认最终残基形态；CCD仅标为通用peptide linking，需确认真实主链连接几何；CCD未指定标准氨基酸母体，需确认它是独立残基而非氨基酸样片段；以极性/带电特征为主，不宜默认用于提高被动渗透性,https://www.rcsb.org/ligand/9VF
仅结构参考,9VL,(2S)-2-azanyl-6-[(2-bromophenyl)methoxycarbonylamino]hexanoic acid,reference,卤代／电子调节,C14 H19 Br N2 O4,359.216,,not-audited,,,,复杂度、反应性、极性、端基或保护状态存在明显疑问，不进入默认单体库。,除非有明确研究用途，否则不优先审核。,分子量超过300 Da，单体复杂度和环肽总分子量负担较高；CCD仅标为通用peptide linking，需确认真实主链连接几何；CCD未指定标准氨基酸母体，需确认它是独立残基而非氨基酸样片段,https://www.rcsb.org/ligand/9VL
仅结构参考,9VR,"(2S)-2-azanyl-6-[[4-[3-(trifluoromethyl)-1,2-diazirin-3-yl]phenyl]methoxycarbonylamino]hexanoic acid",reference,卤代／电子调节,C16 H19 F3 N4 O4,388.342,,not-audited,,,,复杂度、反应性、极性、端基或保护状态存在明显疑问，不进入默认单体库。,除非有明确研究用途，否则不优先审核。,分子量超过300 Da，单体复杂度和环肽总分子量负担较高；CCD仅标为通用peptide linking，需确认真实主链连接几何；CCD未指定标准氨基酸母体，需确认它是独立残基而非氨基酸样片段,https://www.rcsb.org/ligand/9VR
条件结构候选,9WV,beta-alanyl-3-amino-L-alanine,conditional,极性／带电侧链,C6 H13 N3 O3,175.186,,not-audited,,,,结构可能是独立非天然氨基酸，但用途或单体可获得性仍依赖人工核实。,先核对主链连接几何和独立单体身份，再决定是否查合成证据。,以极性/带电特征为主，不宜默认用于提高被动渗透性,https://www.rcsb.org/ligand/9WV
条件结构候选,A0G,(2Z)-2-amino-3-hydroxyprop-2-enoic acid,conditional,极性／带电侧链,C3 H5 N O3,103.077,,not-audited,,,,结构可能是独立非天然氨基酸，但用途或单体可获得性仍依赖人工核实。,先核对主链连接几何和独立单体身份，再决定是否查合成证据。,CCD未指定标准氨基酸母体，需确认它是独立残基而非氨基酸样片段；以极性/带电特征为主，不宜默认用于提高被动渗透性,https://www.rcsb.org/ligand/A0G
条件结构候选,A1A2I,(2S)-2-(aminomethyl)-3-methylbutanoic acid,conditional,其他CCD肽链核心,C6 H13 N O2,131.173,,not-audited,,,,结构可能是独立非天然氨基酸，但用途或单体可获得性仍依赖人工核实。,先核对主链连接几何和独立单体身份，再决定是否查合成证据。,CCD仅标为通用peptide linking，需确认真实主链连接几何；CCD未指定标准氨基酸母体，需确认它是独立残基而非氨基酸样片段,https://www.rcsb.org/ligand/A1A2I
条件结构候选,A1A2K,"3-[1-(carboxymethyl)-1H-1,2,3-triazol-4-yl]-D-alanine",conditional,D-构型,C7 H10 N4 O4,214.179,,not-audited,,,,结构可能是独立非天然氨基酸，但用途或单体可获得性仍依赖人工核实。,先核对主链连接几何和独立单体身份，再决定是否查合成证据。,CCD未指定标准氨基酸母体，需确认它是独立残基而非氨基酸样片段,https://www.rcsb.org/ligand/A1A2K
条件结构候选,A1A3M,"(5S)-4,5-dihydro-1H-pyrazole-5-carboxylic acid",conditional,极性／带电侧链,C4 H6 N2 O2,114.103,,not-audited,,,,结构可能是独立非天然氨基酸，但用途或单体可获得性仍依赖人工核实。,先核对主链连接几何和独立单体身份，再决定是否查合成证据。,以极性/带电特征为主，不宜默认用于提高被动渗透性,https://www.rcsb.org/ligand/A1A3M
仅结构参考,A1A48,"(4Z)-4-{(4Z)-1-(carboxymethyl)-4-[(1H-indol-3-yl)methylidene]-5-oxo-4,5-dihydro-1H-imidazol-2-yl}-4-iminobutanoic acid",reference,极性／带电侧链,C18 H16 N4 O5,368.343,,not-audited,,,,复杂度、反应性、极性、端基或保护状态存在明显疑问，不进入默认单体库。,除非有明确研究用途，否则不优先审核。,分子量超过300 Da，单体复杂度和环肽总分子量负担较高；CCD未指定标准氨基酸母体，需确认它是独立残基而非氨基酸样片段；以极性/带电特征为主，不宜默认用于提高被动渗透性,https://www.rcsb.org/ligand/A1A48
仅结构参考,A1A5S,1-[(3S)-4-chloro-3-hydroxy-2-methylbutan-2-yl]-L-tryptophan,reference,卤代／电子调节,C16 H21 Cl N2 O3,324.803,,not-audited,,,,复杂度、反应性、极性、端基或保护状态存在明显疑问，不进入默认单体库。,除非有明确研究用途，否则不优先审核。,分子量超过300 Da，单体复杂度和环肽总分子量负担较高,https://www.rcsb.org/ligand/A1A5S
已在短肽序列中观察到,A1A5T,(4S)-5-butoxy-N-methyl-L-leucine,priority,N-取代,C11 H23 N O3,217.305,,short-polymer,1,1,9DIN,该CCD进入过不超过50残基的PDB聚合物序列，支持其作为肽残基使用，但尚未逐条确认独立单体来源。,查原始论文，确认是预制单体偶联还是翻译后/结构内修饰。,,https://www.rcsb.org/ligand/A1A5T
排除,A1A7R,"3-[(2S)-2-{[(2R,3S,3aR,5aS,6R,11bR,11cS)-10-hydroxy-3a-methoxy-3,14-dimethyl-2-phenyl-2,3,3a,4,5,6,7,11c-octahydro-1H-6,11b-(epiminoethano)-3,5a-methanonaphtho[2,1-g]indol-1-yl]oxy}-2,3-dihydro-1H-imidazol-4-yl]-L-alanine",exclude,芳香／疏水侧链,C34 H43 N5 O5,601.736,,not-audited,,,,自动规则识别为整分子、辅因子、金属复合物、完整肽、保护体或缺少常规偶联羧基。,不计入非天然氨基酸单体数量。,,https://www.rcsb.org/ligand/A1A7R
条件结构候选,A1A7V,S-lactoyl-L-cysteine,conditional,极性／带电侧链,C6 H11 N O4 S,193.221,,not-audited,,,,结构可能是独立非天然氨基酸，但用途或单体可获得性仍依赖人工核实。,先核对主链连接几何和独立单体身份，再决定是否查合成证据。,以极性/带电特征为主，不宜默认用于提高被动渗透性,https://www.rcsb.org/ligand/A1A7V
条件结构候选,A1A8T,3-methyl-L-isovaline,conditional,其他CCD肽链核心,C6 H13 N O2,131.173,,not-audited,,,,结构可能是独立非天然氨基酸，但用途或单体可获得性仍依赖人工核实。,先核对主链连接几何和独立单体身份，再决定是否查合成证据。,,https://www.rcsb.org/ligand/A1A8T
条件结构候选,A1ADO,(4R)-5-fluoro-L-leucine,conditional,卤代／电子调节,C6 H12 F N O2,149.163,,not-audited,,,,结构可能是独立非天然氨基酸，但用途或单体可获得性仍依赖人工核实。,先核对主链连接几何和独立单体身份，再决定是否查合成证据。,,https://www.rcsb.org/ligand/A1ADO
条件结构候选,A1ADW,"(2S)-2-amino-3-(2-methylphenyl)propane-1,1-diol",conditional,芳香／疏水侧链,C10 H13 N O2,179.216,,not-audited,,,,结构可能是独立非天然氨基酸，但用途或单体可获得性仍依赖人工核实。,先核对主链连接几何和独立单体身份，再决定是否查合成证据。,CCD未指定标准氨基酸母体，需确认它是独立残基而非氨基酸样片段,https://www.rcsb.org/ligand/A1ADW
条件结构候选,A1ADY,(2~{S})-2-azanyl-3-[2-[oxidanyl(oxidanylidene)-$l^{4}-azanyl]phenyl]propan-1-ol,conditional,芳香／疏水侧链,C9 H10 N2 O4,210.187,,not-audited,,,,结构可能是独立非天然氨基酸，但用途或单体可获得性仍依赖人工核实。,先核对主链连接几何和独立单体身份，再决定是否查合成证据。,CCD未指定标准氨基酸母体，需确认它是独立残基而非氨基酸样片段,https://www.rcsb.org/ligand/A1ADY
条件结构候选,A1ADZ,(2S)-2-amino-3-(2-methoxyphenyl)propan-1-ol,conditional,芳香／疏水侧链,C10 H13 N O3,195.215,,not-audited,,,,结构可能是独立非天然氨基酸，但用途或单体可获得性仍依赖人工核实。,先核对主链连接几何和独立单体身份，再决定是否查合成证据。,CCD未指定标准氨基酸母体，需确认它是独立残基而非氨基酸样片段,https://www.rcsb.org/ligand/A1ADZ
条件结构候选,A1AL8,1-(2-methylbut-3-en-2-yl)-L-tryptophan,conditional,芳香／疏水侧链,C16 H20 N2 O2,272.342,,not-audited,,,,结构可能是独立非天然氨基酸，但用途或单体可获得性仍依赖人工核实。,先核对主链连接几何和独立单体身份，再决定是否查合成证据。,分子量超过250 Da，需关注偶联效率、溶解度和总环肽体积,https://www.rcsb.org/ligand/A1AL8
条件结构候选,A1ALE,(2S)-2-amino-7-(dimethylamino)-7-oxoheptanoic acid,conditional,极性／带电侧链,C9 H18 N2 O3,202.251,,not-audited,,,,结构可能是独立非天然氨基酸，但用途或单体可获得性仍依赖人工核实。,先核对主链连接几何和独立单体身份，再决定是否查合成证据。,以极性/带电特征为主，不宜默认用于提高被动渗透性,https://www.rcsb.org/ligand/A1ALE
条件结构候选,A1AMB,"3-(1H-1,2,3-triazol-1-yl)-L-alanine",conditional,芳香／疏水侧链,C5 H8 N4 O2,156.143,,not-audited,,,,结构可能是独立非天然氨基酸，但用途或单体可获得性仍依赖人工核实。,先核对主链连接几何和独立单体身份，再决定是否查合成证据。,,https://www.rcsb.org/ligand/A1AMB
条件结构候选,A1AMC,"(2S)-2-(methylamino)pentane-1,1,5-triol",conditional,极性／带电侧链,C6 H13 N O3,147.172,,not-audited,,,,结构可能是独立非天然氨基酸，但用途或单体可获得性仍依赖人工核实。,先核对主链连接几何和独立单体身份，再决定是否查合成证据。,以极性/带电特征为主，不宜默认用于提高被动渗透性,https://www.rcsb.org/ligand/A1AMC
条件结构候选,A1AMM,4-benzyl-L-phenylalanine,conditional,芳香／疏水侧链,C16 H17 N O2,255.312,,not-audited,,,,结构可能是独立非天然氨基酸，但用途或单体可获得性仍依赖人工核实。,先核对主链连接几何和独立单体身份，再决定是否查合成证据。,分子量超过250 Da，需关注偶联效率、溶解度和总环肽体积；CCD未指定标准氨基酸母体，需确认它是独立残基而非氨基酸样片段,https://www.rcsb.org/ligand/A1AMM
仅结构参考,A1AP1,O-phosphono-D-tyrosine,reference,D-构型,C9 H12 N O6 P,261.168,,not-audited,,,,复杂度、反应性、极性、端基或保护状态存在明显疑问，不进入默认单体库。,除非有明确研究用途，否则不优先审核。,分子量超过250 Da，需关注偶联效率、溶解度和总环肽体积；含磷酸/膦酸相关结构，通常不利于被动跨膜，除非有专门遮蔽设计；CCD未指定标准氨基酸母体，需确认它是独立残基而非氨基酸样片段,https://www.rcsb.org/ligand/A1AP1
已在短肽序列中观察到,A1AQ4,4-phenyl-D-phenylalanine,priority,D-构型,C15 H15 N O2,241.285,,short-polymer,1,1,9BJU,该CCD进入过不超过50残基的PDB聚合物序列，支持其作为肽残基使用，但尚未逐条确认独立单体来源。,查原始论文，确认是预制单体偶联还是翻译后/结构内修饰。,CCD未指定标准氨基酸母体，需确认它是独立残基而非氨基酸样片段,https://www.rcsb.org/ligand/A1AQ4
条件结构候选,A1AS0,5-selanyl-L-histidine,conditional,芳香／疏水侧链,C6 H9 N3 O2 Se,234.115,,not-audited,,,,结构可能是独立非天然氨基酸，但用途或单体可获得性仍依赖人工核实。,先核对主链连接几何和独立单体身份，再决定是否查合成证据。,,https://www.rcsb.org/ligand/A1AS0
条件结构候选,A1ASZ,5-sulfanyl-L-histidine,conditional,芳香／疏水侧链,C6 H9 N3 O2 S,187.22,,not-audited,,,,结构可能是独立非天然氨基酸，但用途或单体可获得性仍依赖人工核实。,先核对主链连接几何和独立单体身份，再决定是否查合成证据。,,https://www.rcsb.org/ligand/A1ASZ
条件结构候选,A1AT6,"(2S)-2,3-dihydro-1H-indole-2-carboxylic acid",conditional,芳香／疏水侧链,C9 H9 N O2,163.173,,not-audited,,,,结构可能是独立非天然氨基酸，但用途或单体可获得性仍依赖人工核实。,先核对主链连接几何和独立单体身份，再决定是否查合成证据。,,https://www.rcsb.org/ligand/A1AT6
条件结构候选,A1AT7,"(1S)-6-methyl-1,2-dihydroisoquinoline-1-carboxylic acid",conditional,芳香／疏水侧链,C11 H11 N O2,189.211,,not-audited,,,,结构可能是独立非天然氨基酸，但用途或单体可获得性仍依赖人工核实。,先核对主链连接几何和独立单体身份，再决定是否查合成证据。,,https://www.rcsb.org/ligand/A1AT7
条件结构候选,A1AVU,(3S)-4-fluoro-L-valine,conditional,卤代／电子调节,C5 H10 F N O2,135.137,,not-audited,,,,结构可能是独立非天然氨基酸，但用途或单体可获得性仍依赖人工核实。,先核对主链连接几何和独立单体身份，再决定是否查合成证据。,,https://www.rcsb.org/ligand/A1AVU
条件结构候选,A1AWS,4-cyano-L-tryptophan,conditional,卤代／电子调节,C12 H11 N3 O2,229.235,,not-audited,,,,结构可能是独立非天然氨基酸，但用途或单体可获得性仍依赖人工核实。,先核对主链连接几何和独立单体身份，再决定是否查合成证据。,,https://www.rcsb.org/ligand/A1AWS
已在短肽序列中观察到,A1AZ2,3-methyl-D-histidine,priority,D-构型,C7 H11 N3 O2,169.181,,short-polymer,1,1,7UGW,该CCD进入过不超过50残基的PDB聚合物序列，支持其作为肽残基使用，但尚未逐条确认独立单体来源。,查原始论文，确认是预制单体偶联还是翻译后/结构内修饰。,,https://www.rcsb.org/ligand/A1AZ2
条件结构候选,A1AZQ,N-(2-phenylethyl)glycine,conditional,芳香／疏水侧链,C10 H13 N O2,179.216,,not-audited,,,,结构可能是独立非天然氨基酸，但用途或单体可获得性仍依赖人工核实。,先核对主链连接几何和独立单体身份，再决定是否查合成证据。,CCD仅标为通用peptide linking，需确认真实主链连接几何,https://www.rcsb.org/ligand/A1AZQ
条件结构候选,A1B9V,"3-[(1S,3S)-1-oxo-2,3-dihydro-1H-1lambda~4~-benzothiophen-3-yl]-L-alanine",conditional,芳香／疏水侧链,C11 H13 N O3 S,239.291,,not-audited,,,,结构可能是独立非天然氨基酸，但用途或单体可获得性仍依赖人工核实。,先核对主链连接几何和独立单体身份，再决定是否查合成证据。,,https://www.rcsb.org/ligand/A1B9V
排除,A1BC0,"N,N-dimethyl-L-cysteinamide",exclude,极性／带电侧链,C5 H12 N2 O S,148.227,,not-audited,,,,自动规则识别为整分子、辅因子、金属复合物、完整肽、保护体或缺少常规偶联羧基。,不计入非天然氨基酸单体数量。,,https://www.rcsb.org/ligand/A1BC0
条件结构候选,A1BC5,L-seryl-N-[(2S)-2-amino-2-carboxyethyl]glycinamide,conditional,极性／带电侧链,C8 H16 N4 O5,248.236,,not-audited,,,,结构可能是独立非天然氨基酸，但用途或单体可获得性仍依赖人工核实。,先核对主链连接几何和独立单体身份，再决定是否查合成证据。,以极性/带电特征为主，不宜默认用于提高被动渗透性,https://www.rcsb.org/ligand/A1BC5
条件结构候选,A1BDE,N~6~-L-seryl-L-lysine,conditional,极性／带电侧链,C9 H19 N3 O4,233.265,,not-audited,,,,结构可能是独立非天然氨基酸，但用途或单体可获得性仍依赖人工核实。,先核对主链连接几何和独立单体身份，再决定是否查合成证据。,以极性/带电特征为主，不宜默认用于提高被动渗透性,https://www.rcsb.org/ligand/A1BDE
条件结构候选,A1BE5,"{(4E)-2-[(1S)-1-aminoethyl]-4-[(4-hydroxyphenyl)methylidene]-5-oxo-4,5-dihydro-1H-imidazol-1-yl}acetic acid",conditional,芳香／疏水侧链,C14 H15 N3 O4,289.287,,not-audited,,,,结构可能是独立非天然氨基酸，但用途或单体可获得性仍依赖人工核实。,先核对主链连接几何和独立单体身份，再决定是否查合成证据。,分子量超过250 Da，需关注偶联效率、溶解度和总环肽体积,https://www.rcsb.org/ligand/A1BE5
条件结构候选,A1BEB,2-Methyllysine,conditional,极性／带电侧链,C7 H16 N2 O2,160.214,,not-audited,,,,结构可能是独立非天然氨基酸，但用途或单体可获得性仍依赖人工核实。,先核对主链连接几何和独立单体身份，再决定是否查合成证据。,以极性/带电特征为主，不宜默认用于提高被动渗透性,https://www.rcsb.org/ligand/A1BEB
已在短肽序列中观察到,A1BIT,"(2R,3S)-3-(propan-2-yl)piperidine-2-carboxylic acid",priority,D-构型,C9 H17 N O2,171.237,,short-polymer,2,2,9ECV / 9ED2,该CCD进入过不超过50残基的PDB聚合物序列，支持其作为肽残基使用，但尚未逐条确认独立单体来源。,查原始论文，确认是预制单体偶联还是翻译后/结构内修饰。,CCD未指定标准氨基酸母体，需确认它是独立残基而非氨基酸样片段,https://www.rcsb.org/ligand/A1BIT
条件结构候选,A1BIU,(2S)-amino(4-chlorophenyl)acetic acid,conditional,卤代／电子调节,C8 H8 Cl N O2,185.608,,not-audited,,,,结构可能是独立非天然氨基酸，但用途或单体可获得性仍依赖人工核实。,先核对主链连接几何和独立单体身份，再决定是否查合成证据。,CCD未指定标准氨基酸母体，需确认它是独立残基而非氨基酸样片段,https://www.rcsb.org/ligand/A1BIU
条件结构候选,A1BX4,N~6~-hydroxy-L-lysine,conditional,极性／带电侧链,C6 H14 N2 O3,162.187,,not-audited,,,,结构可能是独立非天然氨基酸，但用途或单体可获得性仍依赖人工核实。,先核对主链连接几何和独立单体身份，再决定是否查合成证据。,以极性/带电特征为主，不宜默认用于提高被动渗透性,https://www.rcsb.org/ligand/A1BX4
条件结构候选,A1BZO,O-octanoyl-L-serine,conditional,极性／带电侧链,C11 H21 N O4,231.289,,not-audited,,,,结构可能是独立非天然氨基酸，但用途或单体可获得性仍依赖人工核实。,先核对主链连接几何和独立单体身份，再决定是否查合成证据。,以极性/带电特征为主，不宜默认用于提高被动渗透性,https://www.rcsb.org/ligand/A1BZO
条件结构候选,A1C0O,3-(acetamidomethyl)-L-phenylalanine,conditional,芳香／疏水侧链,C12 H16 N2 O3,236.267,,not-audited,,,,结构可能是独立非天然氨基酸，但用途或单体可获得性仍依赖人工核实。,先核对主链连接几何和独立单体身份，再决定是否查合成证据。,,https://www.rcsb.org/ligand/A1C0O
排除,A1C3V,N-(tert-butoxycarbonyl)-L-phenylalanine,exclude,芳香／疏水侧链,C14 H19 N O4,265.305,,not-audited,,,,自动规则识别为整分子、辅因子、金属复合物、完整肽、保护体或缺少常规偶联羧基。,不计入非天然氨基酸单体数量。,,https://www.rcsb.org/ligand/A1C3V
条件结构候选,A1CAB,"(2S)-3,4-dihydro-2H-pyrrole-2-carboxylic acid",conditional,其他CCD肽链核心,C5 H7 N O2,113.115,,not-audited,,,,结构可能是独立非天然氨基酸，但用途或单体可获得性仍依赖人工核实。,先核对主链连接几何和独立单体身份，再决定是否查合成证据。,,https://www.rcsb.org/ligand/A1CAB
条件结构候选,A1CCQ,(2S)-2-hydrazinyl-3-(4-hydroxyphenyl)propanoic acid,conditional,芳香／疏水侧链,C9 H12 N2 O3,196.203,,not-audited,,,,结构可能是独立非天然氨基酸，但用途或单体可获得性仍依赖人工核实。,先核对主链连接几何和独立单体身份，再决定是否查合成证据。,,https://www.rcsb.org/ligand/A1CCQ
条件结构候选,A1CCR,(2S)-2-hydrazinyl-3-phenylpropanoic acid,conditional,芳香／疏水侧链,C9 H12 N2 O2,180.204,,not-audited,,,,结构可能是独立非天然氨基酸，但用途或单体可获得性仍依赖人工核实。,先核对主链连接几何和独立单体身份，再决定是否查合成证据。,,https://www.rcsb.org/ligand/A1CCR
条件结构候选,A1CCS,(2S)-5-carbamimidamido-2-hydrazinylpentanoic acid,conditional,极性／带电侧链,C6 H15 N5 O2,189.216,,not-audited,,,,结构可能是独立非天然氨基酸，但用途或单体可获得性仍依赖人工核实。,先核对主链连接几何和独立单体身份，再决定是否查合成证据。,以极性/带电特征为主，不宜默认用于提高被动渗透性,https://www.rcsb.org/ligand/A1CCS
条件结构候选,A1CH8,"N~5~-[N-(2,2,2-trifluoroethyl)carbamimidoyl]-L-ornithine",conditional,卤代／电子调节,C8 H15 F3 N4 O2,256.226,,not-audited,,,,结构可能是独立非天然氨基酸，但用途或单体可获得性仍依赖人工核实。,先核对主链连接几何和独立单体身份，再决定是否查合成证据。,分子量超过250 Da，需关注偶联效率、溶解度和总环肽体积,https://www.rcsb.org/ligand/A1CH8
条件结构候选,A1CHS,"(4R,5R)-5-amino-N~5~-(2-aminoethyl)-4-hydroxy-L-ornithine",conditional,极性／带电侧链,C7 H18 N4 O3,206.243,,not-audited,,,,结构可能是独立非天然氨基酸，但用途或单体可获得性仍依赖人工核实。,先核对主链连接几何和独立单体身份，再决定是否查合成证据。,CCD未指定标准氨基酸母体，需确认它是独立残基而非氨基酸样片段；以极性/带电特征为主，不宜默认用于提高被动渗透性,https://www.rcsb.org/ligand/A1CHS
条件结构候选,A1CHT,(4S)-4-hydroxy-4-(4-hydroxyphenyl)-L-threonine,conditional,芳香／疏水侧链,C10 H13 N O5,227.214,,not-audited,,,,结构可能是独立非天然氨基酸，但用途或单体可获得性仍依赖人工核实。,先核对主链连接几何和独立单体身份，再决定是否查合成证据。,,https://www.rcsb.org/ligand/A1CHT
条件结构候选,A1CHU,(3R)-3-hydroxy-L-ornithine,conditional,极性／带电侧链,C5 H12 N2 O3,148.16,,not-audited,,,,结构可能是独立非天然氨基酸，但用途或单体可获得性仍依赖人工核实。,先核对主链连接几何和独立单体身份，再决定是否查合成证据。,CCD未指定标准氨基酸母体，需确认它是独立残基而非氨基酸样片段；以极性/带电特征为主，不宜默认用于提高被动渗透性,https://www.rcsb.org/ligand/A1CHU
条件结构候选,A1CLH,1-benzyl-D-tryptophan,conditional,D-构型,C18 H18 N2 O2,294.348,,not-audited,,,,结构可能是独立非天然氨基酸，但用途或单体可获得性仍依赖人工核实。,先核对主链连接几何和独立单体身份，再决定是否查合成证据。,分子量超过250 Da，需关注偶联效率、溶解度和总环肽体积,https://www.rcsb.org/ligand/A1CLH
仅结构参考,A1CM8,"(2~{S})-2-azanyl-3-[(~{E})-[4-[oxidanyl(oxidanylidene)-$l^{4}-azanyl]-6~{H}-2,1,3-benzoxadiazol-7-ylidene]amino]propanal",reference,芳香／疏水侧链,C9 H9 N5 O5,267.198,,not-audited,,,,复杂度、反应性、极性、端基或保护状态存在明显疑问，不进入默认单体库。,除非有明确研究用途，否则不优先审核。,分子量超过250 Da，需关注偶联效率、溶解度和总环肽体积；名称提示反应性官能团或中间体，需要确认能否承受偶联和脱保护条件,https://www.rcsb.org/ligand/A1CM8
仅结构参考,A1CM9,"3-[(7-nitro-2,1,3-benzoselenadiazol-4-yl)amino]-L-alanine",reference,芳香／疏水侧链,C9 H9 N5 O4 Se,330.159,,not-audited,,,,复杂度、反应性、极性、端基或保护状态存在明显疑问，不进入默认单体库。,除非有明确研究用途，否则不优先审核。,分子量超过300 Da，单体复杂度和环肽总分子量负担较高,https://www.rcsb.org/ligand/A1CM9
排除,A1CNA,"[(4Z)-2-[(1R,2R)-1-amino-2-hydroxypropyl]-4-{[(7-nitro-2,1,3-benzoselenadiazol-4-yl)amino]methylidene}-5-oxo-4,5-dihydro-1H-imidazol-1-yl]acetic acid",exclude,极性／带电侧链,C15 H15 N7 O6 Se,468.283,,not-audited,,,,自动规则识别为整分子、辅因子、金属复合物、完整肽、保护体或缺少常规偶联羧基。,不计入非天然氨基酸单体数量。,,https://www.rcsb.org/ligand/A1CNA
仅结构参考,A1CRN,"[(4Z)-2-[(1R,2R)-1-amino-2-hydroxypropyl]-4-{[(7-nitro-1,3-dihydro-2,1,3-benzoxadiazol-4-yl)amino]methylidene}-5-oxo-4,5-dihydro-1H-imidazol-1-yl]acetic acid",reference,极性／带电侧链,C15 H17 N7 O7,407.338,,not-audited,,,,复杂度、反应性、极性、端基或保护状态存在明显疑问，不进入默认单体库。,除非有明确研究用途，否则不优先审核。,分子量超过300 Da，单体复杂度和环肽总分子量负担较高；杂原子较多，可能增加暴露极性和去溶剂化代价；以极性/带电特征为主，不宜默认用于提高被动渗透性,https://www.rcsb.org/ligand/A1CRN
条件结构候选,A1CRT,(4S)-4-{[(1R)-1-carboxy-2-sulfanylethyl]amino}-4-hydroxybutanoic acid,conditional,极性／带电侧链,C7 H13 N O5 S,223.247,,not-audited,,,,结构可能是独立非天然氨基酸，但用途或单体可获得性仍依赖人工核实。,先核对主链连接几何和独立单体身份，再决定是否查合成证据。,以极性/带电特征为主，不宜默认用于提高被动渗透性,https://www.rcsb.org/ligand/A1CRT
已在短肽序列中观察到,A1CTT,2-phenyl-D-alanine,priority,D-构型,C9 H11 N O2,165.189,,short-polymer,1,1,9Y6C,该CCD进入过不超过50残基的PDB聚合物序列，支持其作为肽残基使用，但尚未逐条确认独立单体来源。,查原始论文，确认是预制单体偶联还是翻译后/结构内修饰。,,https://www.rcsb.org/ligand/A1CTT
排除,A1D5B,"methyl (2~{S})-2,6-bis(azanyl)hexanoate",exclude,极性／带电侧链,C7 H16 N2 O2,160.214,,not-audited,,,,自动规则识别为整分子、辅因子、金属复合物、完整肽、保护体或缺少常规偶联羧基。,不计入非天然氨基酸单体数量。,,https://www.rcsb.org/ligand/A1D5B
已在短肽序列中观察到,A1D5E,"(2~{S},4~{R})-4-(2-azanylethylcarbamoyloxy)pyrrolidine-2-carboxylic acid",priority,构象限制,C8 H15 N3 O4,217.222,,short-polymer,3,3,8XIP / 8XIR / 9IK8,该CCD进入过不超过50残基的PDB聚合物序列，支持其作为肽残基使用，但尚未逐条确认独立单体来源。,查原始论文，确认是预制单体偶联还是翻译后/结构内修饰。,,https://www.rcsb.org/ligand/A1D5E
已在短肽序列中观察到,A1D5P,"(2~{R},3~{S})-2-azanyl-3-(4-hydroxyphenyl)-3-oxidanyl-propanoic acid",priority,D-构型,C9 H11 N O4,197.188,,short-polymer,1,1,8W6Z,该CCD进入过不超过50残基的PDB聚合物序列，支持其作为肽残基使用，但尚未逐条确认独立单体来源。,查原始论文，确认是预制单体偶联还是翻译后/结构内修饰。,,https://www.rcsb.org/ligand/A1D5P
条件结构候选,A1D64,(2~{R})-3-(4-aminophenyl)sulfanyl-2-azanyl-propanoic acid,conditional,芳香／疏水侧链,C9 H12 N2 O2 S,212.269,,not-audited,,,,结构可能是独立非天然氨基酸，但用途或单体可获得性仍依赖人工核实。,先核对主链连接几何和独立单体身份，再决定是否查合成证据。,,https://www.rcsb.org/ligand/A1D64
条件结构候选,A1D7R,(2~{S})-2-azanyl-3-[6-(3-methylbut-2-enyl)-1~{H}-indol-3-yl]propanoic acid,conditional,芳香／疏水侧链,C16 H20 N2 O2,272.342,,not-audited,,,,结构可能是独立非天然氨基酸，但用途或单体可获得性仍依赖人工核实。,先核对主链连接几何和独立单体身份，再决定是否查合成证据。,分子量超过250 Da，需关注偶联效率、溶解度和总环肽体积,https://www.rcsb.org/ligand/A1D7R
条件结构候选,A1D8R,"(2~{S})-2,4-bis(azanyl)-3,3-dimethyl-butanoic acid",conditional,极性／带电侧链,C6 H14 N2 O2,146.188,,not-audited,,,,结构可能是独立非天然氨基酸，但用途或单体可获得性仍依赖人工核实。,先核对主链连接几何和独立单体身份，再决定是否查合成证据。,CCD未指定标准氨基酸母体，需确认它是独立残基而非氨基酸样片段；以极性/带电特征为主，不宜默认用于提高被动渗透性,https://www.rcsb.org/ligand/A1D8R
条件结构候选,A1D9O,"(2~{S},3~{S},4~{S})-3,4-bis(oxidanyl)pyrrolidine-2-carboxylic acid",conditional,极性／带电侧链,C5 H9 N O4,147.129,,not-audited,,,,结构可能是独立非天然氨基酸，但用途或单体可获得性仍依赖人工核实。,先核对主链连接几何和独立单体身份，再决定是否查合成证据。,以极性/带电特征为主，不宜默认用于提高被动渗透性,https://www.rcsb.org/ligand/A1D9O
条件结构候选,A1E3Y,(3R)-3-azanyl-3-phenyl-propanoic acid,conditional,芳香／疏水侧链,C9 H11 N O2,165.189,,not-audited,,,,结构可能是独立非天然氨基酸，但用途或单体可获得性仍依赖人工核实。,先核对主链连接几何和独立单体身份，再决定是否查合成证据。,CCD仅标为通用peptide linking，需确认真实主链连接几何；CCD未指定标准氨基酸母体，需确认它是独立残基而非氨基酸样片段,https://www.rcsb.org/ligand/A1E3Y
条件结构候选,A1E9U,2-chloranyl-5-(methylamino)benzoic acid,conditional,芳香／疏水侧链,C8 H8 Cl N O2,185.608,,not-audited,,,,结构可能是独立非天然氨基酸，但用途或单体可获得性仍依赖人工核实。,先核对主链连接几何和独立单体身份，再决定是否查合成证据。,CCD仅标为通用peptide linking，需确认真实主链连接几何；CCD未指定标准氨基酸母体，需确认它是独立残基而非氨基酸样片段,https://www.rcsb.org/ligand/A1E9U
已在短肽序列中观察到,A1EAK,(2~{R})-2-azanyl-2-cyclopentyl-ethanoic acid,priority,D-构型,C7 H13 N O2,143.184,,short-polymer,4,4,9IY5 / 9KGJ / 9KGR / 9KGS,该CCD进入过不超过50残基的PDB聚合物序列，支持其作为肽残基使用，但尚未逐条确认独立单体来源。,查原始论文，确认是预制单体偶联还是翻译后/结构内修饰。,CCD未指定标准氨基酸母体，需确认它是独立残基而非氨基酸样片段,https://www.rcsb.org/ligand/A1EAK
排除,A1ECH,(2~{R})-2-azanyl-~{N}-methyl-5-phenyl-pentanamide,exclude,D-构型,C12 H18 N2 O,206.284,,not-audited,,,,自动规则识别为整分子、辅因子、金属复合物、完整肽、保护体或缺少常规偶联羧基。,不计入非天然氨基酸单体数量。,,https://www.rcsb.org/ligand/A1ECH
条件结构候选,A1ECI,5-[(2R)-2-azanyl-3-oxidanyl-3-oxidanylidene-propyl]sulfanyl-5-oxidanylidene-pentanoic acid,conditional,极性／带电侧链,C8 H13 N O5 S,235.258,,not-audited,,,,结构可能是独立非天然氨基酸，但用途或单体可获得性仍依赖人工核实。,先核对主链连接几何和独立单体身份，再决定是否查合成证据。,以极性/带电特征为主，不宜默认用于提高被动渗透性,https://www.rcsb.org/ligand/A1ECI
条件结构候选,A1ECK,(2S)-3-(4-fluorophenyl)-2-(methylsulfonylamino)propanoic acid,conditional,卤代／电子调节,C10 H12 F N O4 S,261.27,,not-audited,,,,结构可能是独立非天然氨基酸，但用途或单体可获得性仍依赖人工核实。,先核对主链连接几何和独立单体身份，再决定是否查合成证据。,分子量超过250 Da，需关注偶联效率、溶解度和总环肽体积,https://www.rcsb.org/ligand/A1ECK
条件结构候选,A1ECL,"(2S)-3-[3,5-bis(fluoranyl)phenyl]-2-(methylsulfonylamino)propanoic acid",conditional,芳香／疏水侧链,C10 H11 F2 N O4 S,279.26,,not-audited,,,,结构可能是独立非天然氨基酸，但用途或单体可获得性仍依赖人工核实。,先核对主链连接几何和独立单体身份，再决定是否查合成证据。,分子量超过250 Da，需关注偶联效率、溶解度和总环肽体积,https://www.rcsb.org/ligand/A1ECL
条件结构候选,A1ECM,"(2S)-3,3-dimethyl-2-(methylsulfonylamino)butanoic acid",conditional,极性／带电侧链,C7 H15 N O4 S,209.263,,not-audited,,,,结构可能是独立非天然氨基酸，但用途或单体可获得性仍依赖人工核实。,先核对主链连接几何和独立单体身份，再决定是否查合成证据。,以极性/带电特征为主，不宜默认用于提高被动渗透性,https://www.rcsb.org/ligand/A1ECM
已在短肽序列中观察到,A1EDD,N-METHYLSULFONYL-D-LYSINE,priority,N-取代,C7 H16 N2 O4 S,224.278,,short-polymer,1,1,9PKU,该CCD进入过不超过50残基的PDB聚合物序列，支持其作为肽残基使用，但尚未逐条确认独立单体来源。,查原始论文，确认是预制单体偶联还是翻译后/结构内修饰。,,https://www.rcsb.org/ligand/A1EDD
排除,A1EFT,"(2~{S})-2-azanyl-5-[[(5~{R})-5-[4-[[9-chloranyl-7-(2-fluoranyl-6-methoxy-phenyl)-5~{H}-pyrimido[5,4-d][2]benzazepin-2-yl]amino]-2-methoxy-phenyl]-4-oxidanylidene-1,5-dihydroimidazol-2-yl]amino]pentanoic acid",exclude,芳香／疏水侧链,C34 H32 Cl F N8 O5,687.12,,not-audited,,,,自动规则识别为整分子、辅因子、金属复合物、完整肽、保护体或缺少常规偶联羧基。,不计入非天然氨基酸单体数量。,,https://www.rcsb.org/ligand/A1EFT
排除,A1EG1,(2~{S})-2-azanyl-6-[(1~{S})-3-azanylidene-6-[[4-[4-[(3-cyclopropyl-1~{H}-pyrazol-5-yl)amino]-6-(prop-2-ynylcarbamoyl)pyrimidin-2-yl]piperazin-1-yl]methyl]-1-oxidanyl-1~{H}-isoindol-2-yl]hexanoic acid,exclude,构象限制,C33 H41 N11 O4,655.75,,not-audited,,,,自动规则识别为整分子、辅因子、金属复合物、完整肽、保护体或缺少常规偶联羧基。,不计入非天然氨基酸单体数量。,,https://www.rcsb.org/ligand/A1EG1
条件结构候选,A1EIC,O-Methylcarbamoyl-L-Serine,conditional,极性／带电侧链,C5 H10 N2 O4,162.144,,not-audited,,,,结构可能是独立非天然氨基酸，但用途或单体可获得性仍依赖人工核实。,先核对主链连接几何和独立单体身份，再决定是否查合成证据。,以极性/带电特征为主，不宜默认用于提高被动渗透性,https://www.rcsb.org/ligand/A1EIC
仅结构参考,A1EIU,"(2~{S})-2-azanyl-6-[(~{E})-[7-methyl-2,4-bis(oxidanyl)-5-oxidanylidene-cyclohepta-1,3,6-trien-1-yl]methylideneamino]hexanoic acid",reference,构象限制,C15 H20 N2 O5,308.33,,not-audited,,,,复杂度、反应性、极性、端基或保护状态存在明显疑问，不进入默认单体库。,除非有明确研究用途，否则不优先审核。,分子量超过300 Da，单体复杂度和环肽总分子量负担较高,https://www.rcsb.org/ligand/A1EIU
仅结构参考,A1EJ1,"(2~{S})-6-[(~{E})-[(2~{S},3~{R},4~{S},5~{R})-2-acetamido-3,4,5,6-tetrakis(oxidanyl)hexylidene]amino]-2-azanyl-hexanoic acid",reference,极性／带电侧链,C14 H27 N3 O7,349.38,,not-audited,,,,复杂度、反应性、极性、端基或保护状态存在明显疑问，不进入默认单体库。,除非有明确研究用途，否则不优先审核。,分子量超过300 Da，单体复杂度和环肽总分子量负担较高；杂原子较多，可能增加暴露极性和去溶剂化代价；以极性/带电特征为主，不宜默认用于提高被动渗透性,https://www.rcsb.org/ligand/A1EJ1
条件结构候选,A1EJ4,(2~{S})-6-[(~{E})-2-acetamidoethylideneamino]-2-azanyl-hexanoic acid,conditional,极性／带电侧链,C10 H19 N3 O3,229.276,,not-audited,,,,结构可能是独立非天然氨基酸，但用途或单体可获得性仍依赖人工核实。,先核对主链连接几何和独立单体身份，再决定是否查合成证据。,以极性/带电特征为主，不宜默认用于提高被动渗透性,https://www.rcsb.org/ligand/A1EJ4
已在短肽序列中观察到,A1EJL,"(3R)-1,2,3,4-tetrahydroisoquinoline-3-carboxylic acid",priority,D-构型,C10 H11 N O2,177.2,,short-polymer,2,2,9UVT / 9UVU,该CCD进入过不超过50残基的PDB聚合物序列，支持其作为肽残基使用，但尚未逐条确认独立单体来源。,查原始论文，确认是预制单体偶联还是翻译后/结构内修饰。,CCD未指定标准氨基酸母体，需确认它是独立残基而非氨基酸样片段,https://www.rcsb.org/ligand/A1EJL
排除,A1EJR,(2S)-2-azanyl-6-[6-[[(2R)-1-[4-[2-[3-bromanyl-2-(2-hydroxy-2-oxoethyloxy)-5-methyl-phenyl]ethynyl]phenyl]-4-(methylamino)-4-oxidanylidene-butan-2-yl]carbamoyl]-3-oxidanylidene-1H-indazol-2-yl]hexanoic acid,exclude,芳香／疏水侧链,C36 H38 Br N5 O8,748.62,,not-audited,,,,自动规则识别为整分子、辅因子、金属复合物、完整肽、保护体或缺少常规偶联羧基。,不计入非天然氨基酸单体数量。,,https://www.rcsb.org/ligand/A1EJR
排除,A1EJS,"(2S)-2-azanyl-6-[[2-[[4-[(5-fluoranyl-2-methoxycarbonyl-phenyl)amino]-2-[[3-(1-methylimidazol-2-yl)phenyl]methylamino]pyrimidin-5-yl]amino]-3,4-bis(oxidanylidene)cyclobuten-1-yl]amino]hexanoic acid",exclude,构象限制,C33 H34 F N9 O6,671.678,,not-audited,,,,自动规则识别为整分子、辅因子、金属复合物、完整肽、保护体或缺少常规偶联羧基。,不计入非天然氨基酸单体数量。,,https://www.rcsb.org/ligand/A1EJS
排除,A1EJT,"(2~{S})-6-[(~{E})-[(2~{S},3~{S},4~{R})-5-[[[(2~{R},3~{S},4~{R},5~{R})-5-(6-aminopurin-9-yl)-3,4-bis(oxidanyl)oxolan-2-yl]methoxy-oxidanyl-phosphoryl]oxy-oxidanyl-phosphoryl]oxy-2,3,4-tris(oxidanyl)pentylidene]amino]-2-azanyl-hexanoic acid",exclude,芳香／疏水侧链,C21 H35 N7 O15 P2,687.488,,not-audited,,,,自动规则识别为整分子、辅因子、金属复合物、完整肽、保护体或缺少常规偶联羧基。,不计入非天然氨基酸单体数量。,,https://www.rcsb.org/ligand/A1EJT
仅结构参考,A1EJZ,"(2~{S})-6-[(~{E})-[(2~{S},3~{R},4~{R},5~{R})-2-acetamido-3,4,5,6-tetrakis(oxidanyl)hexylidene]amino]-2-azanyl-hexanoic acid",reference,极性／带电侧链,C14 H27 N3 O7,349.38,,not-audited,,,,复杂度、反应性、极性、端基或保护状态存在明显疑问，不进入默认单体库。,除非有明确研究用途，否则不优先审核。,分子量超过300 Da，单体复杂度和环肽总分子量负担较高；杂原子较多，可能增加暴露极性和去溶剂化代价；以极性/带电特征为主，不宜默认用于提高被动渗透性,https://www.rcsb.org/ligand/A1EJZ
排除,A1EMP,"(2~{S})-2-azanyl-6-[(1~{S})-7-[6-(3,5-dimethyl-1,2-oxazol-4-yl)-1-[(1~{S})-1-pyridin-2-ylethyl]pyrrolo[3,2-b]pyridin-3-yl]-3-methylidene-1-oxidanyl-1~{H}-isoindol-2-yl]hexanoic acid",exclude,芳香／疏水侧链,C34 H36 N6 O4,592.687,,not-audited,,,,自动规则识别为整分子、辅因子、金属复合物、完整肽、保护体或缺少常规偶联羧基。,不计入非天然氨基酸单体数量。,,https://www.rcsb.org/ligand/A1EMP
已在短肽序列中观察到,A1EQM,O-Ethyl-D-tyrosine,priority,D-构型,C11 H15 N O3,209.242,,short-polymer,1,1,9UWI,该CCD进入过不超过50残基的PDB聚合物序列，支持其作为肽残基使用，但尚未逐条确认独立单体来源。,查原始论文，确认是预制单体偶联还是翻译后/结构内修饰。,,https://www.rcsb.org/ligand/A1EQM
条件结构候选,A1ER5,(2~{S})-2-azanyl-4-oxidanylidene-4-[(2~{R})-1-oxidanyl-1-oxidanylidene-3-phenyl-propan-2-yl]oxy-butanoic acid,conditional,芳香／疏水侧链,C13 H15 N O6,281.261,,not-audited,,,,结构可能是独立非天然氨基酸，但用途或单体可获得性仍依赖人工核实。,先核对主链连接几何和独立单体身份，再决定是否查合成证据。,分子量超过250 Da，需关注偶联效率、溶解度和总环肽体积,https://www.rcsb.org/ligand/A1ER5
条件结构候选,A1EUR,(2~{S})-2-azanyl-4-methoxy-butanoic acid,conditional,极性／带电侧链,C5 H11 N O3,133.146,,not-audited,,,,结构可能是独立非天然氨基酸，但用途或单体可获得性仍依赖人工核实。,先核对主链连接几何和独立单体身份，再决定是否查合成证据。,以极性/带电特征为主，不宜默认用于提高被动渗透性,https://www.rcsb.org/ligand/A1EUR
仅结构参考,A1EYP,"(2S)-2-azanyl-6-[[(1S,4R,5S)-4-methyl-5-(nitromethyl)-4-phenyl-cyclohex-2-en-1-yl]amino]hexanoic acid",reference,构象限制,C20 H29 N3 O4,375.462,,not-audited,,,,复杂度、反应性、极性、端基或保护状态存在明显疑问，不进入默认单体库。,除非有明确研究用途，否则不优先审核。,分子量超过300 Da，单体复杂度和环肽总分子量负担较高,https://www.rcsb.org/ligand/A1EYP
条件结构候选,A1H2H,(2~{S})-2-azanyl-3-(3-fluoranyl-4-nitro-phenyl)propanoic acid,conditional,芳香／疏水侧链,C9 H9 F N2 O4,228.177,,not-audited,,,,结构可能是独立非天然氨基酸，但用途或单体可获得性仍依赖人工核实。,先核对主链连接几何和独立单体身份，再决定是否查合成证据。,,https://www.rcsb.org/ligand/A1H2H
条件结构候选,A1H2I,"(2~{S})-2-azanyl-3-[(3~{S})-5-oxidanyl-2-oxidanylidene-1,3-dihydroindol-3-yl]propanoic acid",conditional,芳香／疏水侧链,C11 H12 N2 O4,236.224,,not-audited,,,,结构可能是独立非天然氨基酸，但用途或单体可获得性仍依赖人工核实。,先核对主链连接几何和独立单体身份，再决定是否查合成证据。,,https://www.rcsb.org/ligand/A1H2I
条件结构候选,A1H45,"(2~{S})-2-azanyl-3-[(3~{R})-5-oxidanyl-2-oxidanylidene-1,3-dihydroindol-3-yl]propanoic acid",conditional,芳香／疏水侧链,C11 H12 N2 O4,236.224,,not-audited,,,,结构可能是独立非天然氨基酸，但用途或单体可获得性仍依赖人工核实。,先核对主链连接几何和独立单体身份，再决定是否查合成证据。,,https://www.rcsb.org/ligand/A1H45
条件结构候选,A1H5N,2-Imino-2-phenylethanol-lysine,conditional,芳香／疏水侧链,C14 H20 N2 O3,264.32,,not-audited,,,,结构可能是独立非天然氨基酸，但用途或单体可获得性仍依赖人工核实。,先核对主链连接几何和独立单体身份，再决定是否查合成证据。,分子量超过250 Da，需关注偶联效率、溶解度和总环肽体积,https://www.rcsb.org/ligand/A1H5N
条件结构候选,A1H5W,3-azido-L-alanine,conditional,极性／带电侧链,C3 H7 N4 O2,131.113,,not-audited,,,,结构可能是独立非天然氨基酸，但用途或单体可获得性仍依赖人工核实。,先核对主链连接几何和独立单体身份，再决定是否查合成证据。,以极性/带电特征为主，不宜默认用于提高被动渗透性,https://www.rcsb.org/ligand/A1H5W
仅结构参考,A1H6Z,(2~{S})-2-azanyl-3-(6-azanylpyridin-3-yl)propanal,reference,芳香／疏水侧链,C8 H11 N3 O2,181.192,,not-audited,,,,复杂度、反应性、极性、端基或保护状态存在明显疑问，不进入默认单体库。,除非有明确研究用途，否则不优先审核。,名称提示反应性官能团或中间体，需要确认能否承受偶联和脱保护条件；CCD未指定标准氨基酸母体，需确认它是独立残基而非氨基酸样片段,https://www.rcsb.org/ligand/A1H6Z
条件结构候选,A1H96,(2~{S})-2-azanyl-6-(propan-2-ylcarbamothioylamino)hexanoic acid,conditional,极性／带电侧链,C10 H21 N3 O2 S,247.358,,not-audited,,,,结构可能是独立非天然氨基酸，但用途或单体可获得性仍依赖人工核实。,先核对主链连接几何和独立单体身份，再决定是否查合成证据。,以极性/带电特征为主，不宜默认用于提高被动渗透性,https://www.rcsb.org/ligand/A1H96
条件结构候选,A1I48,"(2~{S},3~{R})-2-azanyl-3-[(1~{R},2~{S})-2-azanyl-4-methyl-1-oxidanyl-pentoxy]butanal",conditional,极性／带电侧链,C10 H22 N2 O4,234.293,,not-audited,,,,结构可能是独立非天然氨基酸，但用途或单体可获得性仍依赖人工核实。,先核对主链连接几何和独立单体身份，再决定是否查合成证据。,CCD未指定标准氨基酸母体，需确认它是独立残基而非氨基酸样片段；以极性/带电特征为主，不宜默认用于提高被动渗透性,https://www.rcsb.org/ligand/A1I48
条件结构候选,A1I4F,(2S)-4-(3-chlorophenyl)carbonylpiperazine-2-carboxylic acid,conditional,卤代／电子调节,C12 H13 Cl N2 O3,268.696,,not-audited,,,,结构可能是独立非天然氨基酸，但用途或单体可获得性仍依赖人工核实。,先核对主链连接几何和独立单体身份，再决定是否查合成证据。,分子量超过250 Da，需关注偶联效率、溶解度和总环肽体积；CCD未指定标准氨基酸母体，需确认它是独立残基而非氨基酸样片段,https://www.rcsb.org/ligand/A1I4F
条件结构候选,A1I67,"(2~{R},3~{S},6~{R},7~{S})-7-[(1~{S})-1-azanyl-3-methyl-butyl]-2,6-dimethyl-6,7-bis(oxidanyl)-1,4-oxazepane-3-carbaldehyde",conditional,极性／带电侧链,C13 H26 N2 O5,290.356,,not-audited,,,,结构可能是独立非天然氨基酸，但用途或单体可获得性仍依赖人工核实。,先核对主链连接几何和独立单体身份，再决定是否查合成证据。,分子量超过250 Da，需关注偶联效率、溶解度和总环肽体积；CCD未指定标准氨基酸母体，需确认它是独立残基而非氨基酸样片段；以极性/带电特征为主，不宜默认用于提高被动渗透性,https://www.rcsb.org/ligand/A1I67
仅结构参考,A1I8Q,2-[3-[2-[3-(methylamino)propylsulfanylmethyl]prop-2-enylsulfanylmethyl]phenyl]ethanoic acid,reference,芳香／疏水侧链,C17 H25 N O2 S2,339.516,,not-audited,,,,复杂度、反应性、极性、端基或保护状态存在明显疑问，不进入默认单体库。,除非有明确研究用途，否则不优先审核。,分子量超过300 Da，单体复杂度和环肽总分子量负担较高；CCD未指定标准氨基酸母体，需确认它是独立残基而非氨基酸样片段,https://www.rcsb.org/ligand/A1I8Q
条件结构候选,A1I9G,3(S)-methyl-histidine,conditional,芳香／疏水侧链,C7 H11 N3 O2,169.181,,not-audited,,,,结构可能是独立非天然氨基酸，但用途或单体可获得性仍依赖人工核实。,先核对主链连接几何和独立单体身份，再决定是否查合成证据。,,https://www.rcsb.org/ligand/A1I9G
仅结构参考,A1I9P,8-azanyl-4-[2-(2-methoxyethoxy)ethylsulfanyl]quinoline-2-carbaldehyde,reference,芳香／疏水侧链,C15 H18 N2 O4 S,322.379,,not-audited,,,,复杂度、反应性、极性、端基或保护状态存在明显疑问，不进入默认单体库。,除非有明确研究用途，否则不优先审核。,分子量超过300 Da，单体复杂度和环肽总分子量负担较高；CCD未指定标准氨基酸母体，需确认它是独立残基而非氨基酸样片段,https://www.rcsb.org/ligand/A1I9P
条件结构候选,A1I9S,7-azanyl-4-(3-azanylpropoxy)-8-methoxy-quinoline-2-carboxylic acid,conditional,芳香／疏水侧链,C14 H17 N3 O4,291.302,,not-audited,,,,结构可能是独立非天然氨基酸，但用途或单体可获得性仍依赖人工核实。,先核对主链连接几何和独立单体身份，再决定是否查合成证据。,分子量超过250 Da，需关注偶联效率、溶解度和总环肽体积；CCD未指定标准氨基酸母体，需确认它是独立残基而非氨基酸样片段,https://www.rcsb.org/ligand/A1I9S
条件结构候选,A1ICB,"(2S,4S)-4-[(2-chloranyl-5-methyl-phenyl)carbonylamino]pyrrolidine-2-carboxylic acid",conditional,芳香／疏水侧链,C13 H15 Cl N2 O3,282.723,,not-audited,,,,结构可能是独立非天然氨基酸，但用途或单体可获得性仍依赖人工核实。,先核对主链连接几何和独立单体身份，再决定是否查合成证据。,分子量超过250 Da，需关注偶联效率、溶解度和总环肽体积,https://www.rcsb.org/ligand/A1ICB
条件结构候选,A1ICC,"(2S,4S)-4-(isoquinolin-1-ylcarbonylamino)pyrrolidine-2-carboxylic acid",conditional,芳香／疏水侧链,C15 H15 N3 O3,285.298,,not-audited,,,,结构可能是独立非天然氨基酸，但用途或单体可获得性仍依赖人工核实。,先核对主链连接几何和独立单体身份，再决定是否查合成证据。,分子量超过250 Da，需关注偶联效率、溶解度和总环肽体积,https://www.rcsb.org/ligand/A1ICC
条件结构候选,A1IHG,(S)-2-amino-3-(9-oxo-9H-thioxanthen-2-yl)propanoic acid,conditional,芳香／疏水侧链,C16 H13 N O3 S,299.344,,not-audited,,,,结构可能是独立非天然氨基酸，但用途或单体可获得性仍依赖人工核实。,先核对主链连接几何和独立单体身份，再决定是否查合成证据。,分子量超过250 Da，需关注偶联效率、溶解度和总环肽体积,https://www.rcsb.org/ligand/A1IHG
条件结构候选,A1IID,4-mercaptophenyl-alanine,conditional,芳香／疏水侧链,C9 H11 N O2 S,197.254,,not-audited,,,,结构可能是独立非天然氨基酸，但用途或单体可获得性仍依赖人工核实。,先核对主链连接几何和独立单体身份，再决定是否查合成证据。,,https://www.rcsb.org/ligand/A1IID
条件结构候选,A1IJ4,4-[3-(aminomethyl)phenoxy]butylcarbamic acid,conditional,芳香／疏水侧链,C12 H18 N2 O3,238.283,,not-audited,,,,结构可能是独立非天然氨基酸，但用途或单体可获得性仍依赖人工核实。,先核对主链连接几何和独立单体身份，再决定是否查合成证据。,CCD未指定标准氨基酸母体，需确认它是独立残基而非氨基酸样片段,https://www.rcsb.org/ligand/A1IJ4
仅结构参考,A1IJE,"(4~{S})-4-azanyl-4-[1-(2-hydroxy-2-oxoethyl)-5-oxidanylidene-4-[(4-oxidanylidenecyclohexa-2,5-dien-1-ylidene)methyl]-4~{H}-imidazol-2-yl]butanoic acid",reference,构象限制,C16 H17 N3 O6,347.323,,not-audited,,,,复杂度、反应性、极性、端基或保护状态存在明显疑问，不进入默认单体库。,除非有明确研究用途，否则不优先审核。,分子量超过300 Da，单体复杂度和环肽总分子量负担较高；CCD未指定标准氨基酸母体，需确认它是独立残基而非氨基酸样片段,https://www.rcsb.org/ligand/A1IJE
条件结构候选,A1IJF,2-[(4Z)-2-(aminomethyl)-4-[(3-azanyl-4-oxidanyl-phenyl)methylidene]-5-oxidanylidene-imidazol-1-yl]ethanoic acid,conditional,芳香／疏水侧链,C13 H14 N4 O4,290.275,,not-audited,,,,结构可能是独立非天然氨基酸，但用途或单体可获得性仍依赖人工核实。,先核对主链连接几何和独立单体身份，再决定是否查合成证据。,分子量超过250 Da，需关注偶联效率、溶解度和总环肽体积,https://www.rcsb.org/ligand/A1IJF
条件结构候选,A1IJP,8-azanyl-5-(2-phenylethyl)quinoline-2-carbaldehyde,conditional,芳香／疏水侧链,C18 H16 N2 O2,292.332,,not-audited,,,,结构可能是独立非天然氨基酸，但用途或单体可获得性仍依赖人工核实。,先核对主链连接几何和独立单体身份，再决定是否查合成证据。,分子量超过250 Da，需关注偶联效率、溶解度和总环肽体积；CCD未指定标准氨基酸母体，需确认它是独立残基而非氨基酸样片段,https://www.rcsb.org/ligand/A1IJP
条件结构候选,A1IJQ,8-azanylquinoline-2-carboxylic acid,conditional,芳香／疏水侧链,C10 H8 N2 O2,188.183,,not-audited,,,,结构可能是独立非天然氨基酸，但用途或单体可获得性仍依赖人工核实。,先核对主链连接几何和独立单体身份，再决定是否查合成证据。,CCD未指定标准氨基酸母体，需确认它是独立残基而非氨基酸样片段,https://www.rcsb.org/ligand/A1IJQ
条件结构候选,A1IKE,(2~{S})-2-(2-azanylphenoxy)propanoic acid,conditional,芳香／疏水侧链,C9 H11 N O3,181.189,,not-audited,,,,结构可能是独立非天然氨基酸，但用途或单体可获得性仍依赖人工核实。,先核对主链连接几何和独立单体身份，再决定是否查合成证据。,CCD未指定标准氨基酸母体，需确认它是独立残基而非氨基酸样片段,https://www.rcsb.org/ligand/A1IKE
仅结构参考,A1IKP,TRIPHOSPHOSERINE,reference,极性／带电侧链,C3 H10 N O12 P3,345.032,,not-audited,,,,复杂度、反应性、极性、端基或保护状态存在明显疑问，不进入默认单体库。,除非有明确研究用途，否则不优先审核。,分子量超过300 Da，单体复杂度和环肽总分子量负担较高；杂原子较多，可能增加暴露极性和去溶剂化代价；含磷酸/膦酸相关结构，通常不利于被动跨膜，除非有专门遮蔽设计；以极性/带电特征为主，不宜默认用于提高被动渗透性,https://www.rcsb.org/ligand/A1IKP
已在短肽序列中观察到,A1IM3,(3~{R})-3-azanyl-4-(1~{H}-indol-3-yl)butanal,priority,D-构型,C12 H14 N2 O2,218.252,,short-polymer,2,2,9EO6 / 9EOX,该CCD进入过不超过50残基的PDB聚合物序列，支持其作为肽残基使用，但尚未逐条确认独立单体来源。,查原始论文，确认是预制单体偶联还是翻译后/结构内修饰。,CCD未指定标准氨基酸母体，需确认它是独立残基而非氨基酸样片段,https://www.rcsb.org/ligand/A1IM3
排除,A1IM8,(2~{R})-2-azanyl-~{N}-methyl-3-pyridin-4-yl-propanamide,exclude,D-构型,C9 H13 N3 O,179.219,,not-audited,,,,自动规则识别为整分子、辅因子、金属复合物、完整肽、保护体或缺少常规偶联羧基。,不计入非天然氨基酸单体数量。,,https://www.rcsb.org/ligand/A1IM8
排除,A1IMX,"4-[2-[1-[3-[3-(aminomethyl)phenoxy]propyl]-1,2,3-triazol-4-yl]ethoxy]-8-azanyl-quinoline-2-carboxylic acid",exclude,芳香／疏水侧链,C24 H26 N6 O4,462.501,,not-audited,,,,自动规则识别为整分子、辅因子、金属复合物、完整肽、保护体或缺少常规偶联羧基。,不计入非天然氨基酸单体数量。,,https://www.rcsb.org/ligand/A1IMX
条件结构候选,A1IPL,para-boronophenylalanine,conditional,芳香／疏水侧链,C9 H13 B N O5,226.014,,not-audited,,,,结构可能是独立非天然氨基酸，但用途或单体可获得性仍依赖人工核实。,先核对主链连接几何和独立单体身份，再决定是否查合成证据。,,https://www.rcsb.org/ligand/A1IPL
条件结构候选,A1IQX,NE2-acetamide-histidine,conditional,芳香／疏水侧链,C8 H12 N4 O3,212.206,,not-audited,,,,结构可能是独立非天然氨基酸，但用途或单体可获得性仍依赖人工核实。,先核对主链连接几何和独立单体身份，再决定是否查合成证据。,,https://www.rcsb.org/ligand/A1IQX
条件结构候选,A1IU4,8-(carboxyamino)-4-oxidanyl-quinoline-2-carboxylic acid,conditional,芳香／疏水侧链,C11 H8 N2 O5,248.192,,not-audited,,,,结构可能是独立非天然氨基酸，但用途或单体可获得性仍依赖人工核实。,先核对主链连接几何和独立单体身份，再决定是否查合成证据。,CCD仅标为通用peptide linking，需确认真实主链连接几何；CCD未指定标准氨基酸母体，需确认它是独立残基而非氨基酸样片段,https://www.rcsb.org/ligand/A1IU4
条件结构候选,A1IUO,"(2~{S})-2-[2-azanyl-4-(2,3-dihydro-1~{H}-inden-2-yl)phenoxy]propanoic acid",conditional,芳香／疏水侧链,C18 H19 N O3,297.348,,not-audited,,,,结构可能是独立非天然氨基酸，但用途或单体可获得性仍依赖人工核实。,先核对主链连接几何和独立单体身份，再决定是否查合成证据。,分子量超过250 Da，需关注偶联效率、溶解度和总环肽体积；CCD未指定标准氨基酸母体，需确认它是独立残基而非氨基酸样片段,https://www.rcsb.org/ligand/A1IUO
仅结构参考,A1JAK,2-[3-[[2-oxidanylidene-3-(piperidin-4-ylmethylsulfanyl)propyl]sulfanylmethyl]phenyl]ethanoic acid,reference,芳香／疏水侧链,C18 H25 N O3 S2,367.526,,not-audited,,,,复杂度、反应性、极性、端基或保护状态存在明显疑问，不进入默认单体库。,除非有明确研究用途，否则不优先审核。,分子量超过300 Da，单体复杂度和环肽总分子量负担较高；CCD未指定标准氨基酸母体，需确认它是独立残基而非氨基酸样片段,https://www.rcsb.org/ligand/A1JAK
已在短肽序列中观察到,A1JAL,(2S)-4-cyclohexylcarbonylpiperazine-2-carboxylic acid,priority,构象限制,C12 H20 N2 O3,240.299,,short-polymer,2,2,9IH9 / 9QBS,该CCD进入过不超过50残基的PDB聚合物序列，支持其作为肽残基使用，但尚未逐条确认独立单体来源。,查原始论文，确认是预制单体偶联还是翻译后/结构内修饰。,CCD未指定标准氨基酸母体，需确认它是独立残基而非氨基酸样片段,https://www.rcsb.org/ligand/A1JAL
条件结构候选,A1JCN,(2~{S})-2-azanyl-3-[3-methyl-1-[(1~{S})-2-methylidene-3-oxidanylidene-cyclohexyl]imidazol-4-yl]propanoic acid,conditional,构象限制,C14 H20 N3 O3,278.327,,not-audited,,,,结构可能是独立非天然氨基酸，但用途或单体可获得性仍依赖人工核实。,先核对主链连接几何和独立单体身份，再决定是否查合成证据。,分子量超过250 Da，需关注偶联效率、溶解度和总环肽体积,https://www.rcsb.org/ligand/A1JCN
条件结构候选,A1JND,"2-[4-(1H-1,2,3-triazol-4-yl)butylamino]ethanoic acid",conditional,芳香／疏水侧链,C8 H14 N4 O2,198.222,,not-audited,,,,结构可能是独立非天然氨基酸，但用途或单体可获得性仍依赖人工核实。,先核对主链连接几何和独立单体身份，再决定是否查合成证据。,CCD未指定标准氨基酸母体，需确认它是独立残基而非氨基酸样片段,https://www.rcsb.org/ligand/A1JND
条件结构候选,A1JNL,"(2~{S})-2-[3-(1~{H}-1,2,3-triazol-4-yl)propylamino]butanoic acid",conditional,芳香／疏水侧链,C9 H16 N4 O2,212.249,,not-audited,,,,结构可能是独立非天然氨基酸，但用途或单体可获得性仍依赖人工核实。,先核对主链连接几何和独立单体身份，再决定是否查合成证据。,,https://www.rcsb.org/ligand/A1JNL
条件结构候选,A1JNX,"2-[2-(1~{H}-1,2,3-triazol-4-yl)ethylamino]ethanoic acid",conditional,芳香／疏水侧链,C6 H10 N4 O2,170.169,,not-audited,,,,结构可能是独立非天然氨基酸，但用途或单体可获得性仍依赖人工核实。,先核对主链连接几何和独立单体身份，再决定是否查合成证据。,CCD未指定标准氨基酸母体，需确认它是独立残基而非氨基酸样片段,https://www.rcsb.org/ligand/A1JNX
条件结构候选,A1JPL,(3R)-4-amino-3-thiobutyric acid,conditional,其他CCD肽链核心,C4 H9 N O2 S,135.185,,not-audited,,,,结构可能是独立非天然氨基酸，但用途或单体可获得性仍依赖人工核实。,先核对主链连接几何和独立单体身份，再决定是否查合成证据。,CCD未指定标准氨基酸母体，需确认它是独立残基而非氨基酸样片段,https://www.rcsb.org/ligand/A1JPL
条件结构候选,A1JPT,(3S)-4-amino-3-thiobutyric acid,conditional,其他CCD肽链核心,C4 H9 N O2 S,135.185,,not-audited,,,,结构可能是独立非天然氨基酸，但用途或单体可获得性仍依赖人工核实。,先核对主链连接几何和独立单体身份，再决定是否查合成证据。,CCD未指定标准氨基酸母体，需确认它是独立残基而非氨基酸样片段,https://www.rcsb.org/ligand/A1JPT
条件结构候选,A1JWF,2-Tellurophenealanine,conditional,其他CCD肽链核心,C7 H9 N O2 Te,266.752,,not-audited,,,,结构可能是独立非天然氨基酸，但用途或单体可获得性仍依赖人工核实。,先核对主链连接几何和独立单体身份，再决定是否查合成证据。,分子量超过250 Da，需关注偶联效率、溶解度和总环肽体积；CCD未指定标准氨基酸母体，需确认它是独立残基而非氨基酸样片段,https://www.rcsb.org/ligand/A1JWF
条件结构候选,A1L2U,1-(6-azanylhexanoyl)pyrrolidine-2-carboxylic acid,conditional,极性／带电侧链,C11 H20 N2 O3,228.288,,not-audited,,,,结构可能是独立非天然氨基酸，但用途或单体可获得性仍依赖人工核实。,先核对主链连接几何和独立单体身份，再决定是否查合成证据。,以极性/带电特征为主，不宜默认用于提高被动渗透性,https://www.rcsb.org/ligand/A1L2U
条件结构候选,A1L3I,(2~{S})-3-methyl-2-(methylamino)-3-oxidanyl-butanoic acid,conditional,极性／带电侧链,C6 H13 N O3,147.172,,not-audited,,,,结构可能是独立非天然氨基酸，但用途或单体可获得性仍依赖人工核实。,先核对主链连接几何和独立单体身份，再决定是否查合成证据。,CCD未指定标准氨基酸母体，需确认它是独立残基而非氨基酸样片段；以极性/带电特征为主，不宜默认用于提高被动渗透性,https://www.rcsb.org/ligand/A1L3I
条件结构候选,A1L4B,(2S)-2-azanyl-5-nitroso-5-oxidanylidene-pentanoic acid,conditional,极性／带电侧链,C5 H8 N2 O4,160.128,,not-audited,,,,结构可能是独立非天然氨基酸，但用途或单体可获得性仍依赖人工核实。,先核对主链连接几何和独立单体身份，再决定是否查合成证据。,以极性/带电特征为主，不宜默认用于提高被动渗透性,https://www.rcsb.org/ligand/A1L4B
条件结构候选,A1L4D,(2~{S})-2-benzamido-3-phenyl-propanoic acid,conditional,芳香／疏水侧链,C16 H15 N O3,269.295,,not-audited,,,,结构可能是独立非天然氨基酸，但用途或单体可获得性仍依赖人工核实。,先核对主链连接几何和独立单体身份，再决定是否查合成证据。,分子量超过250 Da，需关注偶联效率、溶解度和总环肽体积,https://www.rcsb.org/ligand/A1L4D
仅结构参考,A1L7E,(2~{S})-2-azanyl-3-(7-iodanyl-1~{H}-indol-3-yl)propanoic acid,reference,芳香／疏水侧链,C11 H11 I N2 O2,330.122,,not-audited,,,,复杂度、反应性、极性、端基或保护状态存在明显疑问，不进入默认单体库。,除非有明确研究用途，否则不优先审核。,分子量超过300 Da，单体复杂度和环肽总分子量负担较高,https://www.rcsb.org/ligand/A1L7E
条件结构候选,A1L7K,(2~{S})-2-azanyl-3-[(3~{S})-2-oxidanylidenepiperidin-3-yl]propanoic acid,conditional,极性／带电侧链,C8 H14 N2 O3,186.208,,not-audited,,,,结构可能是独立非天然氨基酸，但用途或单体可获得性仍依赖人工核实。,先核对主链连接几何和独立单体身份，再决定是否查合成证据。,CCD未指定标准氨基酸母体，需确认它是独立残基而非氨基酸样片段；以极性/带电特征为主，不宜默认用于提高被动渗透性,https://www.rcsb.org/ligand/A1L7K
已在短肽序列中观察到,A1L7L,(2~{S})-3-cyclobutyl-2-(methylamino)propanoic acid,priority,N-取代,C8 H15 N O2,157.21,,short-polymer,1,1,9KGJ,该CCD进入过不超过50残基的PDB聚合物序列，支持其作为肽残基使用，但尚未逐条确认独立单体来源。,查原始论文，确认是预制单体偶联还是翻译后/结构内修饰。,CCD未指定标准氨基酸母体，需确认它是独立残基而非氨基酸样片段,https://www.rcsb.org/ligand/A1L7L
已在短肽序列中观察到,A1L7N,N-Methyl-L-norvaline,priority,N-取代,C6 H13 N O2,131.173,,short-polymer,1,1,9KGS,该CCD进入过不超过50残基的PDB聚合物序列，支持其作为肽残基使用，但尚未逐条确认独立单体来源。,查原始论文，确认是预制单体偶联还是翻译后/结构内修饰。,CCD未指定标准氨基酸母体，需确认它是独立残基而非氨基酸样片段,https://www.rcsb.org/ligand/A1L7N
仅结构参考,A1L97,"(2~{S})-2-azanyl-3-[4-(4-pyridin-2-yl-1,2,3-triazol-1-yl)phenyl]propanoic acid",reference,芳香／疏水侧链,C16 H15 N5 O2,309.323,,not-audited,,,,复杂度、反应性、极性、端基或保护状态存在明显疑问，不进入默认单体库。,除非有明确研究用途，否则不优先审核。,分子量超过300 Da，单体复杂度和环肽总分子量负担较高；CCD未指定标准氨基酸母体，需确认它是独立残基而非氨基酸样片段,https://www.rcsb.org/ligand/A1L97
已在短肽序列中观察到,A1L9X,4-azanylpiperidine-4-carboxylic acid,priority,构象限制,C6 H12 N2 O2,144.172,,short-polymer,3,3,22EM / 22ES / 9V8F,该CCD进入过不超过50残基的PDB聚合物序列，支持其作为肽残基使用，但尚未逐条确认独立单体来源。,查原始论文，确认是预制单体偶联还是翻译后/结构内修饰。,CCD未指定标准氨基酸母体，需确认它是独立残基而非氨基酸样片段,https://www.rcsb.org/ligand/A1L9X
排除,A1LTQ,ADP-RIBOXANATED ARGININE,exclude,极性／带电侧链,C21 H32 N8 O15 P2,698.471,,not-audited,,,,自动规则识别为整分子、辅因子、金属复合物、完整肽、保护体或缺少常规偶联羧基。,不计入非天然氨基酸单体数量。,,https://www.rcsb.org/ligand/A1LTQ
条件结构候选,A1LUD,S-METHYL-METHIONINE,conditional,极性／带电侧链,C6 H14 N O2 S,164.246,,not-audited,,,,结构可能是独立非天然氨基酸，但用途或单体可获得性仍依赖人工核实。,先核对主链连接几何和独立单体身份，再决定是否查合成证据。,以极性/带电特征为主，不宜默认用于提高被动渗透性,https://www.rcsb.org/ligand/A1LUD
条件结构候选,A1LUT,(3R)-3-HYDROXY-ASPARAGINE,conditional,极性／带电侧链,C4 H8 N2 O4,148.117,,not-audited,,,,结构可能是独立非天然氨基酸，但用途或单体可获得性仍依赖人工核实。,先核对主链连接几何和独立单体身份，再决定是否查合成证据。,以极性/带电特征为主，不宜默认用于提高被动渗透性,https://www.rcsb.org/ligand/A1LUT
条件结构候选,A1LUV,(5S)-5-HYDROXY-LYSINE,conditional,极性／带电侧链,C6 H15 N2 O3,163.195,,not-audited,,,,结构可能是独立非天然氨基酸，但用途或单体可获得性仍依赖人工核实。,先核对主链连接几何和独立单体身份，再决定是否查合成证据。,以极性/带电特征为主，不宜默认用于提高被动渗透性,https://www.rcsb.org/ligand/A1LUV
条件结构候选,A1LWV,(2~{S})-2-azanyl-6-(5-oxidanylidenepentanoylamino)hexanoic acid,conditional,极性／带电侧链,C11 H20 N2 O4,244.287,,not-audited,,,,结构可能是独立非天然氨基酸，但用途或单体可获得性仍依赖人工核实。,先核对主链连接几何和独立单体身份，再决定是否查合成证据。,以极性/带电特征为主，不宜默认用于提高被动渗透性,https://www.rcsb.org/ligand/A1LWV
仅结构参考,A1MB8,(2~{R})-2-[[2-methyl-3-oxidanyl-5-(phosphonooxymethyl)pyridin-4-yl]methylamino]-3-phenyl-propanoic acid,reference,D-构型,C17 H21 N2 O7 P,396.332,,not-audited,,,,复杂度、反应性、极性、端基或保护状态存在明显疑问，不进入默认单体库。,除非有明确研究用途，否则不优先审核。,分子量超过300 Da，单体复杂度和环肽总分子量负担较高；杂原子较多，可能增加暴露极性和去溶剂化代价；含磷酸/膦酸相关结构，通常不利于被动跨膜，除非有专门遮蔽设计,https://www.rcsb.org/ligand/A1MB8
条件结构候选,A1MCG,(2~{S})-2-azanyl-3-[4-(pyrimidin-2-ylamino)phenyl]propanoic acid,conditional,芳香／疏水侧链,C13 H14 N4 O2,258.276,,not-audited,,,,结构可能是独立非天然氨基酸，但用途或单体可获得性仍依赖人工核实。,先核对主链连接几何和独立单体身份，再决定是否查合成证据。,分子量超过250 Da，需关注偶联效率、溶解度和总环肽体积,https://www.rcsb.org/ligand/A1MCG
条件结构候选,A1MDN,"(~{Z},2~{S})-2-azanyl-2-methyl-oct-6-enoic acid",conditional,其他CCD肽链核心,C9 H17 N O2,171.237,,not-audited,,,,结构可能是独立非天然氨基酸，但用途或单体可获得性仍依赖人工核实。,先核对主链连接几何和独立单体身份，再决定是否查合成证据。,CCD未指定标准氨基酸母体，需确认它是独立残基而非氨基酸样片段,https://www.rcsb.org/ligand/A1MDN
条件结构候选,A1MF6,(2~{S})-2-(aminomethyl)-4-methyl-pentanoic acid,conditional,其他CCD肽链核心,C7 H15 N O2,145.199,,not-audited,,,,结构可能是独立非天然氨基酸，但用途或单体可获得性仍依赖人工核实。,先核对主链连接几何和独立单体身份，再决定是否查合成证据。,,https://www.rcsb.org/ligand/A1MF6
条件结构候选,A1MFG,(2~{S})-2-azanyl-4-[3-fluoranyl-4-(trifluoromethyl)phenyl]butanoic acid,conditional,卤代／电子调节,C11 H11 F4 N O2,265.204,,not-audited,,,,结构可能是独立非天然氨基酸，但用途或单体可获得性仍依赖人工核实。,先核对主链连接几何和独立单体身份，再决定是否查合成证据。,分子量超过250 Da，需关注偶联效率、溶解度和总环肽体积；CCD未指定标准氨基酸母体，需确认它是独立残基而非氨基酸样片段,https://www.rcsb.org/ligand/A1MFG
条件结构候选,A1MFI,(3~{R})-3-azanylbutanoic acid,conditional,其他CCD肽链核心,C4 H9 N O2,103.12,,not-audited,,,,结构可能是独立非天然氨基酸，但用途或单体可获得性仍依赖人工核实。,先核对主链连接几何和独立单体身份，再决定是否查合成证据。,CCD仅标为通用peptide linking，需确认真实主链连接几何；CCD未指定标准氨基酸母体，需确认它是独立残基而非氨基酸样片段,https://www.rcsb.org/ligand/A1MFI
条件结构候选,A30,O-ethyl-L-tyrosine,conditional,芳香／疏水侧链,C11 H15 N O3,209.242,,not-audited,,,,结构可能是独立非天然氨基酸，但用途或单体可获得性仍依赖人工核实。,先核对主链连接几何和独立单体身份，再决定是否查合成证据。,,https://www.rcsb.org/ligand/A30
条件结构候选,A3U,4-acetamido-L-phenylalanine,conditional,芳香／疏水侧链,C11 H14 N2 O3,222.24,,not-audited,,,,结构可能是独立非天然氨基酸，但用途或单体可获得性仍依赖人工核实。,先核对主链连接几何和独立单体身份，再决定是否查合成证据。,,https://www.rcsb.org/ligand/A3U
条件结构候选,A5N,O-carboxy-4-imino-L-homoserine,conditional,极性／带电侧链,C5 H8 N2 O5,176.127,,not-audited,,,,结构可能是独立非天然氨基酸，但用途或单体可获得性仍依赖人工核实。,先核对主链连接几何和独立单体身份，再决定是否查合成证据。,以极性/带电特征为主，不宜默认用于提高被动渗透性,https://www.rcsb.org/ligand/A5N
仅结构参考,A66,"N-(3,7-Diaminopurin-6-ylacetyl)-L-lysine",reference,芳香／疏水侧链,C15 H24 N8 O3,364.403,,not-audited,,,,复杂度、反应性、极性、端基或保护状态存在明显疑问，不进入默认单体库。,除非有明确研究用途，否则不优先审核。,分子量超过300 Da，单体复杂度和环肽总分子量负担较高；杂原子较多，可能增加暴露极性和去溶剂化代价,https://www.rcsb.org/ligand/A66
条件结构候选,A8E,(2S)-2-amino-4-bromopent-4-enoic acid,conditional,卤代／电子调节,C5 H8 Br N O2,194.027,,not-audited,,,,结构可能是独立非天然氨基酸，但用途或单体可获得性仍依赖人工核实。,先核对主链连接几何和独立单体身份，再决定是否查合成证据。,,https://www.rcsb.org/ligand/A8E
条件结构候选,AA4,2-AMINO-5-HYDROXYPENTANOIC ACID,conditional,极性／带电侧链,C5 H11 N O3,133.146,,not-audited,,,,结构可能是独立非天然氨基酸，但用途或单体可获得性仍依赖人工核实。,先核对主链连接几何和独立单体身份，再决定是否查合成证据。,以极性/带电特征为主，不宜默认用于提高被动渗透性,https://www.rcsb.org/ligand/AA4
条件结构候选,AA6,"3-[4,5-DIHYDROXY-2-2-(2-HYDROXYETHYLAMINO)-PHENYL]-2-METHYLAMINO-PROPIONIC ACID",conditional,芳香／疏水侧链,C11 H16 N2 O5,256.255,,not-audited,,,,结构可能是独立非天然氨基酸，但用途或单体可获得性仍依赖人工核实。,先核对主链连接几何和独立单体身份，再决定是否查合成证据。,分子量超过250 Da，需关注偶联效率、溶解度和总环肽体积；CCD未指定标准氨基酸母体，需确认它是独立残基而非氨基酸样片段,https://www.rcsb.org/ligand/AA6
排除,AAR,ARGININEAMIDE,exclude,极性／带电侧链,C6 H16 N5 O,174.224,,not-audited,,,,自动规则识别为整分子、辅因子、金属复合物、完整肽、保护体或缺少常规偶联羧基。,不计入非天然氨基酸单体数量。,,https://www.rcsb.org/ligand/AAR
人工证据支持,ABA,ALPHA-AMINOBUTYRIC ACID,conditional,其他CCD肽链核心,C4 H9 N O2,103.12,ABA,not-audited,,,,CCD结构与网站人工整理的论文、专利或药物骨架证据精确对应；可作为优先核验的肽合成单体。,继续核对具体保护形式、偶联方法和供应/合成来源。,,https://www.rcsb.org/ligand/ABA
人工证据支持,AC5,1-AMINOCYCLOPENTANECARBOXYLIC ACID,priority,α位取代,C6 H11 N O2,129.157,AC5,short-polymer,12,12,24HR / 24HS / 3S8N / 4GM3 / 4GM8,CCD结构与网站人工整理的论文、专利或药物骨架证据精确对应；可作为优先核验的肽合成单体。,继续核对具体保护形式、偶联方法和供应/合成来源。,CCD仅标为通用peptide linking，需确认真实主链连接几何；CCD未指定标准氨基酸母体，需确认它是独立残基而非氨基酸样片段,https://www.rcsb.org/ligand/AC5
条件结构候选,ACA,6-AMINOHEXANOIC ACID,conditional,其他CCD肽链核心,C6 H13 N O2,131.173,,not-audited,,,,结构可能是独立非天然氨基酸，但用途或单体可获得性仍依赖人工核实。,先核对主链连接几何和独立单体身份，再决定是否查合成证据。,CCD仅标为通用peptide linking，需确认真实主链连接几何；CCD未指定标准氨基酸母体，需确认它是独立残基而非氨基酸样片段,https://www.rcsb.org/ligand/ACA
条件结构候选,ACB,3-METHYL-BETA-D-ASPARTIC ACID,conditional,D-构型,C5 H9 N O4,147.129,,not-audited,,,,结构可能是独立非天然氨基酸，但用途或单体可获得性仍依赖人工核实。,先核对主链连接几何和独立单体身份，再决定是否查合成证据。,CCD未指定标准氨基酸母体，需确认它是独立残基而非氨基酸样片段,https://www.rcsb.org/ligand/ACB
仅结构参考,ADD,"2,6,8-TRIMETHYL-3-AMINO-9-BENZYL-9-METHOXYNONANOIC ACID",reference,芳香／疏水侧链,C20 H33 N O3,335.481,,not-audited,,,,复杂度、反应性、极性、端基或保护状态存在明显疑问，不进入默认单体库。,除非有明确研究用途，否则不优先审核。,分子量超过300 Da，单体复杂度和环肽总分子量负担较高；CCD未指定标准氨基酸母体，需确认它是独立残基而非氨基酸样片段,https://www.rcsb.org/ligand/ADD
条件结构候选,AE5,N-[(2S)-2-amino-2-carboxyethyl]-L-glutamic acid,conditional,极性／带电侧链,C8 H14 N2 O6,234.207,,not-audited,,,,结构可能是独立非天然氨基酸，但用途或单体可获得性仍依赖人工核实。,先核对主链连接几何和独立单体身份，再决定是否查合成证据。,CCD未指定标准氨基酸母体，需确认它是独立残基而非氨基酸样片段；以极性/带电特征为主，不宜默认用于提高被动渗透性,https://www.rcsb.org/ligand/AE5
条件结构候选,AEA,(2-AMINO-2-CARBAMOYL-ETHYLSULFANYL)-ACETIC ACID,conditional,极性／带电侧链,C5 H10 N2 O3 S,178.209,,not-audited,,,,结构可能是独立非天然氨基酸，但用途或单体可获得性仍依赖人工核实。,先核对主链连接几何和独立单体身份，再决定是否查合成证据。,以极性/带电特征为主，不宜默认用于提高被动渗透性,https://www.rcsb.org/ligand/AEA
条件结构候选,AEI,THREONINE-ASPARTIC ESTER,conditional,极性／带电侧链,C8 H14 N2 O6,234.207,,not-audited,,,,结构可能是独立非天然氨基酸，但用途或单体可获得性仍依赖人工核实。,先核对主链连接几何和独立单体身份，再决定是否查合成证据。,以极性/带电特征为主，不宜默认用于提高被动渗透性,https://www.rcsb.org/ligand/AEI
条件结构候选,AFA,"N-[7-METHYL-OCT-2,4-DIENOYL]ASPARAGINE",conditional,极性／带电侧链,C13 H20 N2 O4,268.309,,not-audited,,,,结构可能是独立非天然氨基酸，但用途或单体可获得性仍依赖人工核实。,先核对主链连接几何和独立单体身份，再决定是否查合成证据。,分子量超过250 Da，需关注偶联效率、溶解度和总环肽体积；以极性/带电特征为主，不宜默认用于提高被动渗透性,https://www.rcsb.org/ligand/AFA
仅结构参考,AGD,"3-(2-amino-6-oxo-1,6-dihydro-9H-purin-9-yl)-D-alanine",reference,D-构型,C8 H10 N6 O3,238.203,,not-audited,,,,复杂度、反应性、极性、端基或保护状态存在明显疑问，不进入默认单体库。,除非有明确研究用途，否则不优先审核。,杂原子较多，可能增加暴露极性和去溶剂化代价；CCD未指定标准氨基酸母体，需确认它是独立残基而非氨基酸样片段,https://www.rcsb.org/ligand/AGD
条件结构候选,AGM,5-METHYL-ARGININE,conditional,极性／带电侧链,C7 H17 N4 O2,189.235,,not-audited,,,,结构可能是独立非天然氨基酸，但用途或单体可获得性仍依赖人工核实。,先核对主链连接几何和独立单体身份，再决定是否查合成证据。,以极性/带电特征为主，不宜默认用于提高被动渗透性,https://www.rcsb.org/ligand/AGM
条件结构候选,AGQ,"3-[(3E)-3-(carbamimidoylhydrazono)-4-hydroxy-6-oxocyclohexa-1,4-dien-1-yl]-L-alanine",conditional,构象限制,C10 H13 N5 O4,267.241,,not-audited,,,,结构可能是独立非天然氨基酸，但用途或单体可获得性仍依赖人工核实。,先核对主链连接几何和独立单体身份，再决定是否查合成证据。,分子量超过250 Da，需关注偶联效率、溶解度和总环肽体积,https://www.rcsb.org/ligand/AGQ
条件结构候选,AGT,S-{(S)-AMINO[(4-AMINOBUTYL)AMINO]METHYL}-L-CYSTEINE,conditional,极性／带电侧链,C8 H20 N4 O2 S,236.335,,not-audited,,,,结构可能是独立非天然氨基酸，但用途或单体可获得性仍依赖人工核实。,先核对主链连接几何和独立单体身份，再决定是否查合成证据。,以极性/带电特征为主，不宜默认用于提高被动渗透性,https://www.rcsb.org/ligand/AGT
条件结构候选,AHB,BETA-HYDROXYASPARAGINE,conditional,极性／带电侧链,C4 H8 N2 O4,148.117,,not-audited,,,,结构可能是独立非天然氨基酸，但用途或单体可获得性仍依赖人工核实。,先核对主链连接几何和独立单体身份，再决定是否查合成证据。,以极性/带电特征为主，不宜默认用于提高被动渗透性,https://www.rcsb.org/ligand/AHB
条件结构候选,AHH,AMINO-HYDROXYHEPTANOIC ACID,conditional,极性／带电侧链,C7 H15 N O3,161.199,,not-audited,,,,结构可能是独立非天然氨基酸，但用途或单体可获得性仍依赖人工核实。,先核对主链连接几何和独立单体身份，再决定是否查合成证据。,CCD未指定标准氨基酸母体，需确认它是独立残基而非氨基酸样片段；以极性/带电特征为主，不宜默认用于提高被动渗透性,https://www.rcsb.org/ligand/AHH
排除,AHO,N-ACETYL-N-HYDROXY-L-ORNITHINE,exclude,极性／带电侧链,C7 H14 N2 O4,190.197,,not-audited,,,,自动规则识别为整分子、辅因子、金属复合物、完整肽、保护体或缺少常规偶联羧基。,不计入非天然氨基酸单体数量。,,https://www.rcsb.org/ligand/AHO
条件结构候选,AHP,2-AMINO-HEPTANOIC ACID,conditional,其他CCD肽链核心,C7 H15 N O2,145.199,,not-audited,,,,结构可能是独立非天然氨基酸，但用途或单体可获得性仍依赖人工核实。,先核对主链连接几何和独立单体身份，再决定是否查合成证据。,,https://www.rcsb.org/ligand/AHP
人工证据支持,AIB,ALPHA-AMINOISOBUTYRIC ACID,priority,α位取代,C4 H9 N O2,103.12,AIB,short-polymer,228,219,1AI1 / 1AMT / 1DLZ / 1EE7 / 1EFR,CCD结构与网站人工整理的论文、专利或药物骨架证据精确对应；可作为优先核验的肽合成单体。,继续核对具体保护形式、偶联方法和供应/合成来源。,,https://www.rcsb.org/ligand/AIB
条件结构候选,AJE,"(3S,4R)-4-amino-1-(3-carboxypropanoyl)pyrrolidine-3-carboxylic acid",conditional,极性／带电侧链,C9 H14 N2 O5,230.218,,not-audited,,,,结构可能是独立非天然氨基酸，但用途或单体可获得性仍依赖人工核实。,先核对主链连接几何和独立单体身份，再决定是否查合成证据。,CCD未指定标准氨基酸母体，需确认它是独立残基而非氨基酸样片段；以极性/带电特征为主，不宜默认用于提高被动渗透性,https://www.rcsb.org/ligand/AJE
人工证据支持,ALC,2-AMINO-3-CYCLOHEXYL-PROPIONIC ACID,priority,构象限制,C9 H17 N O2,171.237,ALC,short-polymer,62,61,1B3H / 1D5M / 1D5X / 1D5Z / 1D6E,CCD结构与网站人工整理的论文、专利或药物骨架证据精确对应；可作为优先核验的肽合成单体。,继续核对具体保护形式、偶联方法和供应/合成来源。,,https://www.rcsb.org/ligand/ALC
条件结构候选,ALN,NAPHTHALEN-2-YL-3-ALANINE,conditional,芳香／疏水侧链,C13 H13 N O2,215.248,,not-audited,,,,结构可能是独立非天然氨基酸，但用途或单体可获得性仍依赖人工核实。,先核对主链连接几何和独立单体身份，再决定是否查合成证据。,,https://www.rcsb.org/ligand/ALN
条件结构候选,ALO,ALLO-THREONINE,conditional,极性／带电侧链,C4 H9 N O3,119.119,,not-audited,,,,结构可能是独立非天然氨基酸，但用途或单体可获得性仍依赖人工核实。,先核对主链连接几何和独立单体身份，再决定是否查合成证据。,以极性/带电特征为主，不宜默认用于提高被动渗透性,https://www.rcsb.org/ligand/ALO
仅结构参考,ALS,(3S)-3-(sulfooxy)-L-serine,reference,极性／带电侧链,C3 H7 N O7 S,201.155,,not-audited,,,,复杂度、反应性、极性、端基或保护状态存在明显疑问，不进入默认单体库。,除非有明确研究用途，否则不优先审核。,杂原子较多，可能增加暴露极性和去溶剂化代价；以极性/带电特征为主，不宜默认用于提高被动渗透性,https://www.rcsb.org/ligand/ALS
排除,ALT,THIOALANINE,exclude,其他CCD肽链核心,C3 H7 N O S,105.159,,not-audited,,,,自动规则识别为整分子、辅因子、金属复合物、完整肽、保护体或缺少常规偶联羧基。,不计入非天然氨基酸单体数量。,,https://www.rcsb.org/ligand/ALT
条件结构候选,ALY,N(6)-ACETYLLYSINE,conditional,极性／带电侧链,C8 H16 N2 O3,188.224,,not-audited,,,,结构可能是独立非天然氨基酸，但用途或单体可获得性仍依赖人工核实。,先核对主链连接几何和独立单体身份，再决定是否查合成证据。,以极性/带电特征为主，不宜默认用于提高被动渗透性,https://www.rcsb.org/ligand/ALY
仅结构参考,AN6,5'-{[(3S)-3-amino-3-carboxypropyl](ethyl)amino}-5'-deoxyadenosine,reference,极性／带电侧链,C16 H25 N7 O5,395.414,,not-audited,,,,复杂度、反应性、极性、端基或保护状态存在明显疑问，不进入默认单体库。,除非有明确研究用途，否则不优先审核。,分子量超过300 Da，单体复杂度和环肽总分子量负担较高；杂原子较多，可能增加暴露极性和去溶剂化代价；以极性/带电特征为主，不宜默认用于提高被动渗透性,https://www.rcsb.org/ligand/AN6
条件结构候选,AN8,(2S)-2-aminononanoic acid,conditional,其他CCD肽链核心,C9 H19 N O2,173.253,,not-audited,,,,结构可能是独立非天然氨基酸，但用途或单体可获得性仍依赖人工核实。,先核对主链连接几何和独立单体身份，再决定是否查合成证据。,,https://www.rcsb.org/ligand/AN8
优先结构候选，暂无使用命中,APH,P-AMIDINOPHENYL-3-ALANINE,priority,D-构型,C10 H13 N3 O2,207.229,,no-polymer-hit,0,0,,结构符合优先研发方向，但当前PDB聚合物审计没有命中。,查询供应商、合成论文、专利和SPPS/LPPS使用记录。,CCD未指定标准氨基酸母体，需确认它是独立残基而非氨基酸样片段,https://www.rcsb.org/ligand/APH
条件结构候选,API,"2,6-DIAMINOPIMELIC ACID",conditional,极性／带电侧链,C7 H14 N2 O4,190.197,,not-audited,,,,结构可能是独立非天然氨基酸，但用途或单体可获得性仍依赖人工核实。,先核对主链连接几何和独立单体身份，再决定是否查合成证据。,以极性/带电特征为主，不宜默认用于提高被动渗透性,https://www.rcsb.org/ligand/API
排除,APK,5'-O-[(S)-{[(5S)-5-AMINO-6-OXOHEXYL]AMINO}(HYDROXY)PHOSPHORYL]ADENOSINE,exclude,芳香／疏水侧链,C16 H26 N7 O7 P,459.394,,not-audited,,,,自动规则识别为整分子、辅因子、金属复合物、完整肽、保护体或缺少常规偶联羧基。,不计入非天然氨基酸单体数量。,,https://www.rcsb.org/ligand/APK
条件结构候选,APM,M-AMIDINOPHENYL-3-ALANINE,conditional,芳香／疏水侧链,C10 H13 N3 O2,207.229,,not-audited,,,,结构可能是独立非天然氨基酸，但用途或单体可获得性仍依赖人工核实。,先核对主链连接几何和独立单体身份，再决定是否查合成证据。,CCD未指定标准氨基酸母体，需确认它是独立残基而非氨基酸样片段,https://www.rcsb.org/ligand/APM
仅结构参考,APO,D-2-AMINO-3-PHOSPHONO-PROPIONIC ACID,reference,D-构型,C3 H8 N O5 P,169.073,,not-audited,,,,复杂度、反应性、极性、端基或保护状态存在明显疑问，不进入默认单体库。,除非有明确研究用途，否则不优先审核。,含磷酸/膦酸相关结构，通常不利于被动跨膜，除非有专门遮蔽设计；CCD未指定标准氨基酸母体，需确认它是独立残基而非氨基酸样片段,https://www.rcsb.org/ligand/APO
优先结构候选，暂无使用命中,APP,1-ACETYL-2-CARBOXYPIPERIDINE,priority,构象限制,C8 H13 N O3,171.194,,no-polymer-hit,0,0,,结构符合优先研发方向，但当前PDB聚合物审计没有命中。,查询供应商、合成论文、专利和SPPS/LPPS使用记录。,CCD未指定标准氨基酸母体，需确认它是独立残基而非氨基酸样片段,https://www.rcsb.org/ligand/APP
仅结构参考,AR2,ARGINYL-BENZOTHIAZOLE-6-CARBOXYLIC ACID,reference,芳香／疏水侧链,C14 H17 N5 O3 S,335.381,,not-audited,,,,复杂度、反应性、极性、端基或保护状态存在明显疑问，不进入默认单体库。,除非有明确研究用途，否则不优先审核。,分子量超过300 Da，单体复杂度和环肽总分子量负担较高,https://www.rcsb.org/ligand/AR2
排除,ARM,DEOXY-METHYL-ARGININE,exclude,极性／带电侧链,C7 H16 N4 O,172.228,,not-audited,,,,自动规则识别为整分子、辅因子、金属复合物、完整肽、保护体或缺少常规偶联羧基。,不计入非天然氨基酸单体数量。,,https://www.rcsb.org/ligand/ARM
条件结构候选,ARO,C-GAMMA-HYDROXY ARGININE,conditional,极性／带电侧链,C6 H15 N4 O3,191.208,,not-audited,,,,结构可能是独立非天然氨基酸，但用途或单体可获得性仍依赖人工核实。,先核对主链连接几何和独立单体身份，再决定是否查合成证据。,以极性/带电特征为主，不宜默认用于提高被动渗透性,https://www.rcsb.org/ligand/ARO
条件结构候选,ARV,5-N-ALLYL-ARGININE,conditional,极性／带电侧链,C9 H19 N4 O2,215.273,,not-audited,,,,结构可能是独立非天然氨基酸，但用途或单体可获得性仍依赖人工核实。,先核对主链连接几何和独立单体身份，再决定是否查合成证据。,CCD未指定标准氨基酸母体，需确认它是独立残基而非氨基酸样片段；以极性/带电特征为主，不宜默认用于提高被动渗透性,https://www.rcsb.org/ligand/ARV
优先结构候选，暂无使用命中,AS2,(2R)-2-AMINO-4-OXOBUTANOIC ACID,priority,D-构型,C4 H7 N O3,117.103,,no-polymer-hit,0,0,,结构符合优先研发方向，但当前PDB聚合物审计没有命中。,查询供应商、合成论文、专利和SPPS/LPPS使用记录。,CCD未指定标准氨基酸母体，需确认它是独立残基而非氨基酸样片段,https://www.rcsb.org/ligand/AS2
条件结构候选,AS7,N4-(4-cyanobenzyl)-L-asparagine,conditional,卤代／电子调节,C12 H13 N3 O3,247.25,,not-audited,,,,结构可能是独立非天然氨基酸，但用途或单体可获得性仍依赖人工核实。,先核对主链连接几何和独立单体身份，再决定是否查合成证据。,,https://www.rcsb.org/ligand/AS7
仅结构参考,AS9,N-[HYDROXY(METHYL)PHOSPHORYL]-L-ASPARTIC ACID,reference,极性／带电侧链,C5 H10 N O6 P,211.11,,not-audited,,,,复杂度、反应性、极性、端基或保护状态存在明显疑问，不进入默认单体库。,除非有明确研究用途，否则不优先审核。,含磷酸/膦酸相关结构，通常不利于被动跨膜，除非有专门遮蔽设计；CCD未指定标准氨基酸母体，需确认它是独立残基而非氨基酸样片段；以极性/带电特征为主，不宜默认用于提高被动渗透性,https://www.rcsb.org/ligand/AS9
仅结构参考,ASA,ASPARTIC ALDEHYDE,reference,极性／带电侧链,C4 H7 N O3,117.103,,not-audited,,,,复杂度、反应性、极性、端基或保护状态存在明显疑问，不进入默认单体库。,除非有明确研究用途，否则不优先审核。,名称提示反应性官能团或中间体，需要确认能否承受偶联和脱保护条件；以极性/带电特征为主，不宜默认用于提高被动渗透性,https://www.rcsb.org/ligand/ASA
条件结构候选,ASB,ASPARTIC ACID-4-CARBOXYMETHYL ESTER,conditional,极性／带电侧链,C6 H9 N O6,191.139,,not-audited,,,,结构可能是独立非天然氨基酸，但用途或单体可获得性仍依赖人工核实。,先核对主链连接几何和独立单体身份，再决定是否查合成证据。,以极性/带电特征为主，不宜默认用于提高被动渗透性,https://www.rcsb.org/ligand/ASB
条件结构候选,ASL,ASPARTIC ACID-4-CARBOXYETHYL ESTER,conditional,极性／带电侧链,C7 H11 N O6,205.165,,not-audited,,,,结构可能是独立非天然氨基酸，但用途或单体可获得性仍依赖人工核实。,先核对主链连接几何和独立单体身份，再决定是否查合成证据。,以极性/带电特征为主，不宜默认用于提高被动渗透性,https://www.rcsb.org/ligand/ASL
条件结构候选,ASM,2-AMINO-4-OXO-4(1H-PYRROL-1-YL)BUTANOIC ACID,conditional,芳香／疏水侧链,C8 H10 N2 O3,182.177,,not-audited,,,,结构可能是独立非天然氨基酸，但用途或单体可获得性仍依赖人工核实。,先核对主链连接几何和独立单体身份，再决定是否查合成证据。,CCD未指定标准氨基酸母体，需确认它是独立残基而非氨基酸样片段,https://www.rcsb.org/ligand/ASM
条件结构候选,AVN,"(2S)-AMINO[(5S)-3-CHLORO-4,5-DIHYDROISOXAZOL-5-YL]ACETIC ACID",conditional,卤代／电子调节,C5 H7 Cl N2 O3,178.574,,not-audited,,,,结构可能是独立非天然氨基酸，但用途或单体可获得性仍依赖人工核实。,先核对主链连接几何和独立单体身份，再决定是否查合成证据。,CCD未指定标准氨基酸母体，需确认它是独立残基而非氨基酸样片段,https://www.rcsb.org/ligand/AVN
排除,AYA,N-ACETYLALANINE,exclude,极性／带电侧链,C5 H9 N O3,131.13,,not-audited,,,,自动规则识别为整分子、辅因子、金属复合物、完整肽、保护体或缺少常规偶联羧基。,不计入非天然氨基酸单体数量。,,https://www.rcsb.org/ligand/AYA
条件结构候选,AZH,AZIDOHOMOALANINE,conditional,极性／带电侧链,C4 H9 N4 O2,145.14,,not-audited,,,,结构可能是独立非天然氨基酸，但用途或单体可获得性仍依赖人工核实。,先核对主链连接几何和独立单体身份，再决定是否查合成证据。,以极性/带电特征为主，不宜默认用于提高被动渗透性,https://www.rcsb.org/ligand/AZH
排除,AZK,(S)-2-AMINO-6-AZIDOHEXANOIC ACID,exclude,极性／带电侧链,C6 H14 N4 O,158.202,,not-audited,,,,自动规则识别为整分子、辅因子、金属复合物、完整肽、保护体或缺少常规偶联羧基。,不计入非天然氨基酸单体数量。,,https://www.rcsb.org/ligand/AZK
条件结构候选,AZS,O-DIAZOACETYL-L-SERINE,conditional,极性／带电侧链,C5 H7 N3 O4,173.127,,not-audited,,,,结构可能是独立非天然氨基酸，但用途或单体可获得性仍依赖人工核实。,先核对主链连接几何和独立单体身份，再决定是否查合成证据。,以极性/带电特征为主，不宜默认用于提高被动渗透性,https://www.rcsb.org/ligand/AZS
条件结构候选,AZY,3-AZIDO-L-TYROSINE,conditional,芳香／疏水侧链,C9 H10 N4 O3,222.201,,not-audited,,,,结构可能是独立非天然氨基酸，但用途或单体可获得性仍依赖人工核实。,先核对主链连接几何和独立单体身份，再决定是否查合成证据。,,https://www.rcsb.org/ligand/AZY
仅结构参考,B2C,"{(4Z)-2-[(1R,2R)-1-amino-2-hydroxypropyl]-4-[(3-bromo-4-hydroxyphenyl)methylidene]-5-oxo-4,5-dihydro-1H-imidazol-1-yl}acetic acid",reference,卤代／电子调节,C15 H16 Br N3 O5,398.209,,not-audited,,,,复杂度、反应性、极性、端基或保护状态存在明显疑问，不进入默认单体库。,除非有明确研究用途，否则不优先审核。,分子量超过300 Da，单体复杂度和环肽总分子量负担较高,https://www.rcsb.org/ligand/B2C
仅结构参考,B2H,"Chromophore (Thr, Trp, Gly)",reference,芳香／疏水侧链,C17 H20 N4 O4,344.365,,not-audited,,,,复杂度、反应性、极性、端基或保护状态存在明显疑问，不进入默认单体库。,除非有明确研究用途，否则不优先审核。,分子量超过300 Da，单体复杂度和环肽总分子量负担较高,https://www.rcsb.org/ligand/B2H
条件结构候选,B2N,(2S)-4-amino-2-(aminomethyl)-4-oxobutanoic acid,conditional,极性／带电侧链,C5 H10 N2 O3,146.145,,not-audited,,,,结构可能是独立非天然氨基酸，但用途或单体可获得性仍依赖人工核实。,先核对主链连接几何和独立单体身份，再决定是否查合成证据。,CCD未指定标准氨基酸母体，需确认它是独立残基而非氨基酸样片段；以极性/带电特征为主，不宜默认用于提高被动渗透性,https://www.rcsb.org/ligand/B2N
条件结构候选,B3A,(3S)-3-AMINOBUTANOIC ACID,conditional,其他CCD肽链核心,C4 H9 N O2,103.12,,not-audited,,,,结构可能是独立非天然氨基酸，但用途或单体可获得性仍依赖人工核实。,先核对主链连接几何和独立单体身份，再决定是否查合成证据。,,https://www.rcsb.org/ligand/B3A
条件结构候选,B3D,3-AMINOPENTANEDIOIC ACID,conditional,极性／带电侧链,C5 H9 N O4,147.129,,not-audited,,,,结构可能是独立非天然氨基酸，但用途或单体可获得性仍依赖人工核实。,先核对主链连接几何和独立单体身份，再决定是否查合成证据。,以极性/带电特征为主，不宜默认用于提高被动渗透性,https://www.rcsb.org/ligand/B3D
条件结构候选,B3E,(3S)-3-AMINOHEXANEDIOIC ACID,conditional,极性／带电侧链,C6 H11 N O4,161.156,,not-audited,,,,结构可能是独立非天然氨基酸，但用途或单体可获得性仍依赖人工核实。,先核对主链连接几何和独立单体身份，再决定是否查合成证据。,以极性/带电特征为主，不宜默认用于提高被动渗透性,https://www.rcsb.org/ligand/B3E
条件结构候选,B3K,"(3S)-3,7-DIAMINOHEPTANOIC ACID",conditional,极性／带电侧链,C7 H16 N2 O2,160.214,,not-audited,,,,结构可能是独立非天然氨基酸，但用途或单体可获得性仍依赖人工核实。,先核对主链连接几何和独立单体身份，再决定是否查合成证据。,以极性/带电特征为主，不宜默认用于提高被动渗透性,https://www.rcsb.org/ligand/B3K
条件结构候选,B3L,(3S)-3-amino-5-methylhexanoic acid,conditional,其他CCD肽链核心,C7 H15 N O2,145.2,,not-audited,,,,结构可能是独立非天然氨基酸，但用途或单体可获得性仍依赖人工核实。,先核对主链连接几何和独立单体身份，再决定是否查合成证据。,CCD未指定标准氨基酸母体，需确认它是独立残基而非氨基酸样片段,https://www.rcsb.org/ligand/B3L
条件结构候选,B3M,(3R)-3-amino-5-(methylsulfanyl)pentanoic acid,conditional,其他CCD肽链核心,C6 H13 N O2 S,163.238,,not-audited,,,,结构可能是独立非天然氨基酸，但用途或单体可获得性仍依赖人工核实。,先核对主链连接几何和独立单体身份，再决定是否查合成证据。,CCD未指定标准氨基酸母体，需确认它是独立残基而非氨基酸样片段,https://www.rcsb.org/ligand/B3M
条件结构候选,B3Q,"(3S)-3,6-diamino-6-oxohexanoic acid",conditional,极性／带电侧链,C6 H12 N2 O3,160.171,,not-audited,,,,结构可能是独立非天然氨基酸，但用途或单体可获得性仍依赖人工核实。,先核对主链连接几何和独立单体身份，再决定是否查合成证据。,CCD未指定标准氨基酸母体，需确认它是独立残基而非氨基酸样片段；以极性/带电特征为主，不宜默认用于提高被动渗透性,https://www.rcsb.org/ligand/B3Q
已在短肽序列中观察到,B3S,(3R)-3-AMINO-4-HYDROXYBUTANOIC ACID,priority,D-构型,C4 H9 N O3,119.119,,short-polymer,12,12,1J8N / 2OXJ / 2OXK / 5VTK / 6TCH,该CCD进入过不超过50残基的PDB聚合物序列，支持其作为肽残基使用，但尚未逐条确认独立单体来源。,查原始论文，确认是预制单体偶联还是翻译后/结构内修饰。,CCD未指定标准氨基酸母体，需确认它是独立残基而非氨基酸样片段,https://www.rcsb.org/ligand/B3S
条件结构候选,B3T,"3-amino-2,3,5-trideoxy-D-threo-pentonic acid",conditional,极性／带电侧链,C5 H11 N O3,133.146,,not-audited,,,,结构可能是独立非天然氨基酸，但用途或单体可获得性仍依赖人工核实。,先核对主链连接几何和独立单体身份，再决定是否查合成证据。,CCD未指定标准氨基酸母体，需确认它是独立残基而非氨基酸样片段；以极性/带电特征为主，不宜默认用于提高被动渗透性,https://www.rcsb.org/ligand/B3T
条件结构候选,B3U,2-amino-L-histidine,conditional,芳香／疏水侧链,C6 H10 N4 O2,170.169,,not-audited,,,,结构可能是独立非天然氨基酸，但用途或单体可获得性仍依赖人工核实。,先核对主链连接几何和独立单体身份，再决定是否查合成证据。,,https://www.rcsb.org/ligand/B3U
条件结构候选,B3X,"(3S)-3,5-DIAMINO-5-OXOPENTANOIC ACID",conditional,极性／带电侧链,C5 H10 N2 O3,146.144,,not-audited,,,,结构可能是独立非天然氨基酸，但用途或单体可获得性仍依赖人工核实。,先核对主链连接几何和独立单体身份，再决定是否查合成证据。,以极性/带电特征为主，不宜默认用于提高被动渗透性,https://www.rcsb.org/ligand/B3X
条件结构候选,B3Y,(3S)-3-AMINO-4-(4-HYDROXYPHENYL)BUTANOIC ACID,conditional,芳香／疏水侧链,C10 H13 N O3,195.215,,not-audited,,,,结构可能是独立非天然氨基酸，但用途或单体可获得性仍依赖人工核实。,先核对主链连接几何和独立单体身份，再决定是否查合成证据。,,https://www.rcsb.org/ligand/B3Y
条件结构候选,B5I,2-propyl-L-norvaline,conditional,其他CCD肽链核心,C8 H17 N O2,159.226,,not-audited,,,,结构可能是独立非天然氨基酸，但用途或单体可获得性仍依赖人工核实。,先核对主链连接几何和独立单体身份，再决定是否查合成证据。,CCD仅标为通用peptide linking，需确认真实主链连接几何；CCD未指定标准氨基酸母体，需确认它是独立残基而非氨基酸样片段,https://www.rcsb.org/ligand/B5I
条件结构候选,B8R,"(2S,10R)-2,10-diamino-11-(dimethylamino)-11-oxoundecanoic acid",conditional,极性／带电侧链,C13 H27 N3 O3,273.372,,not-audited,,,,结构可能是独立非天然氨基酸，但用途或单体可获得性仍依赖人工核实。,先核对主链连接几何和独立单体身份，再决定是否查合成证据。,分子量超过250 Da，需关注偶联效率、溶解度和总环肽体积；CCD未指定标准氨基酸母体，需确认它是独立残基而非氨基酸样片段；以极性/带电特征为主，不宜默认用于提高被动渗透性,https://www.rcsb.org/ligand/B8R
条件结构候选,BB6,(2Z)-2-amino-3-sulfanylbut-2-enoic acid,conditional,其他CCD肽链核心,C4 H7 N O2 S,133.169,,not-audited,,,,结构可能是独立非天然氨基酸，但用途或单体可获得性仍依赖人工核实。,先核对主链连接几何和独立单体身份，再决定是否查合成证据。,CCD仅标为通用peptide linking，需确认真实主链连接几何,https://www.rcsb.org/ligand/BB6
条件结构候选,BB7,(2Z)-2-amino-4-methoxy-3-sulfanylbut-2-enoic acid,conditional,极性／带电侧链,C5 H9 N O3 S,163.195,,not-audited,,,,结构可能是独立非天然氨基酸，但用途或单体可获得性仍依赖人工核实。,先核对主链连接几何和独立单体身份，再决定是否查合成证据。,CCD仅标为通用peptide linking，需确认真实主链连接几何；以极性/带电特征为主，不宜默认用于提高被动渗透性,https://www.rcsb.org/ligand/BB7
条件结构候选,BB8,"(2S,3S)-BETA-HYDROXY-PHENYLALANINE",conditional,芳香／疏水侧链,C9 H11 N O3,181.189,,not-audited,,,,结构可能是独立非天然氨基酸，但用途或单体可获得性仍依赖人工核实。,先核对主链连接几何和独立单体身份，再决定是否查合成证据。,,https://www.rcsb.org/ligand/BB8
条件结构候选,BB9,(2Z)-2-amino-3-sulfanylprop-2-enoic acid,conditional,其他CCD肽链核心,C3 H5 N O2 S,119.142,,not-audited,,,,结构可能是独立非天然氨基酸，但用途或单体可获得性仍依赖人工核实。,先核对主链连接几何和独立单体身份，再决定是否查合成证据。,CCD仅标为通用peptide linking，需确认真实主链连接几何,https://www.rcsb.org/ligand/BB9
排除,BBC,3-[(4-AMINOBUTYL)SULFINYL]-2-IMINOPROPAN-1-OL,exclude,极性／带电侧链,C7 H16 N2 O2 S,192.279,,not-audited,,,,自动规则识别为整分子、辅因子、金属复合物、完整肽、保护体或缺少常规偶联羧基。,不计入非天然氨基酸单体数量。,,https://www.rcsb.org/ligand/BBC
条件结构候选,BCS,BENZYLCYSTEINE,conditional,芳香／疏水侧链,C10 H13 N O2 S,211.281,,not-audited,,,,结构可能是独立非天然氨基酸，但用途或单体可获得性仍依赖人工核实。,先核对主链连接几何和独立单体身份，再决定是否查合成证据。,,https://www.rcsb.org/ligand/BCS
条件结构候选,BCX,(3R)-3-amino-4-sulfanylbutanoic acid,conditional,其他CCD肽链核心,C4 H9 N O2 S,135.185,,not-audited,,,,结构可能是独立非天然氨基酸，但用途或单体可获得性仍依赖人工核实。,先核对主链连接几何和独立单体身份，再决定是否查合成证据。,,https://www.rcsb.org/ligand/BCX
条件结构候选,BE2,2-AMINOBENZOIC ACID,conditional,芳香／疏水侧链,C7 H7 N O2,137.136,,not-audited,,,,结构可能是独立非天然氨基酸，但用途或单体可获得性仍依赖人工核实。,先核对主链连接几何和独立单体身份，再决定是否查合成证据。,CCD未指定标准氨基酸母体，需确认它是独立残基而非氨基酸样片段,https://www.rcsb.org/ligand/BE2
排除,BF6,"[(4Z)-2-(aminomethyl)-4-{[4-(benzenecarbonyl)phenyl]methylidene}-5-oxo-4,5-dihydro-1H-imidazol-1-yl]acetic acid",exclude,芳香／疏水侧链,C20 H17 N3 O4,363.367,,not-audited,,,,自动规则识别为整分子、辅因子、金属复合物、完整肽、保护体或缺少常规偶联羧基。,不计入非天然氨基酸单体数量。,,https://www.rcsb.org/ligand/BF6
已在短肽序列中观察到,BF7,4-bromo-D-phenylalanine,priority,D-构型,C9 H10 Br N O2,244.085,,short-polymer,2,2,6PHQ / 7QDI,该CCD进入过不超过50残基的PDB聚合物序列，支持其作为肽残基使用，但尚未逐条确认独立单体来源。,查原始论文，确认是预制单体偶联还是翻译后/结构内修饰。,CCD未指定标准氨基酸母体，需确认它是独立残基而非氨基酸样片段,https://www.rcsb.org/ligand/BF7
排除,BF9,"[(4Z)-2-[(1R,2S)-1-amino-2-hydroxypropyl]-4-{[4-(benzenecarbonyl)phenyl]methylidene}-5-oxo-4,5-dihydro-1H-imidazol-1-yl]acetic acid",exclude,芳香／疏水侧链,C22 H21 N3 O5,407.419,,not-audited,,,,自动规则识别为整分子、辅因子、金属复合物、完整肽、保护体或缺少常规偶联羧基。,不计入非天然氨基酸单体数量。,,https://www.rcsb.org/ligand/BF9
条件结构候选,BFD,ASPARTATE BERYLLIUM TRIFLUORIDE,conditional,极性／带电侧链,C4 H6 Be F3 N O4,198.102,,not-audited,,,,结构可能是独立非天然氨基酸，但用途或单体可获得性仍依赖人工核实。,先核对主链连接几何和独立单体身份，再决定是否查合成证据。,以极性/带电特征为主，不宜默认用于提高被动渗透性,https://www.rcsb.org/ligand/BFD
仅结构参考,BG1,O-[(2S)-2-{methyl[(methylamino)sulfonyl]amino}pentanoyl]-L-serine,reference,极性／带电侧链,C10 H21 N3 O6 S,311.355,,not-audited,,,,复杂度、反应性、极性、端基或保护状态存在明显疑问，不进入默认单体库。,除非有明确研究用途，否则不优先审核。,分子量超过300 Da，单体复杂度和环肽总分子量负担较高；以极性/带电特征为主，不宜默认用于提高被动渗透性,https://www.rcsb.org/ligand/BG1
条件结构候选,BG4,5-(HYDROXY-METHYL-AMINO)-3-METHYL-PYRROLIDINE-2-CARBOXYLIC ACID,conditional,极性／带电侧链,C7 H14 N2 O3,174.198,,not-audited,,,,结构可能是独立非天然氨基酸，但用途或单体可获得性仍依赖人工核实。,先核对主链连接几何和独立单体身份，再决定是否查合成证据。,以极性/带电特征为主，不宜默认用于提高被动渗透性,https://www.rcsb.org/ligand/BG4
条件结构候选,BG5,5-HYDROXYAMINO-3-METHYL-PYRROLIDINE-2-CARBOXYLIC ACID,conditional,极性／带电侧链,C6 H12 N2 O3,160.171,,not-audited,,,,结构可能是独立非天然氨基酸，但用途或单体可获得性仍依赖人工核实。,先核对主链连接几何和独立单体身份，再决定是否查合成证据。,以极性/带电特征为主，不宜默认用于提高被动渗透性,https://www.rcsb.org/ligand/BG5
条件结构候选,BH2,(3R)-3-hydroxy-L-aspartic acid,conditional,极性／带电侧链,C4 H7 N O5,149.102,,not-audited,,,,结构可能是独立非天然氨基酸，但用途或单体可获得性仍依赖人工核实。,先核对主链连接几何和独立单体身份，再决定是否查合成证据。,以极性/带电特征为主，不宜默认用于提高被动渗透性,https://www.rcsb.org/ligand/BH2
条件结构候选,BHD,(3S)-3-hydroxy-L-aspartic acid,conditional,极性／带电侧链,C4 H7 N O5,149.102,,not-audited,,,,结构可能是独立非天然氨基酸，但用途或单体可获得性仍依赖人工核实。,先核对主链连接几何和独立单体身份，再决定是否查合成证据。,以极性/带电特征为主，不宜默认用于提高被动渗透性,https://www.rcsb.org/ligand/BHD
已在短肽序列中观察到,BIF,(R)-2-AMINO-3-(4-PHENYLCYCLOHEXYL)PROPANOIC ACID,priority,构象限制,C15 H15 N O2,241.285,,short-polymer,15,7,1YYL / 2I5Y / 7NUS / 7OFV / 8FPQ,该CCD进入过不超过50残基的PDB聚合物序列，支持其作为肽残基使用，但尚未逐条确认独立单体来源。,查原始论文，确认是预制单体偶联还是翻译后/结构内修饰。,,https://www.rcsb.org/ligand/BIF
条件结构候选,BIL,"(3R,4S)-3-amino-4-methylhexanoic acid",conditional,其他CCD肽链核心,C7 H15 N O2,145.2,,not-audited,,,,结构可能是独立非天然氨基酸，但用途或单体可获得性仍依赖人工核实。,先核对主链连接几何和独立单体身份，再决定是否查合成证据。,CCD未指定标准氨基酸母体，需确认它是独立残基而非氨基酸样片段,https://www.rcsb.org/ligand/BIL
条件结构候选,BIU,5-bromo-L-isoleucine,conditional,卤代／电子调节,C6 H12 Br N O2,210.069,,not-audited,,,,结构可能是独立非天然氨基酸，但用途或单体可获得性仍依赖人工核实。,先核对主链连接几何和独立单体身份，再决定是否查合成证据。,,https://www.rcsb.org/ligand/BIU
条件结构候选,BJH,1(R)-1-ACETAMIDO-2-(3-CARBOXY-2-HYDROXYPHENYL)ETHYL BORONIC ACID,conditional,芳香／疏水侧链,C11 H14 B N O6,267.043,,not-audited,,,,结构可能是独立非天然氨基酸，但用途或单体可获得性仍依赖人工核实。,先核对主链连接几何和独立单体身份，再决定是否查合成证据。,分子量超过250 Da，需关注偶联效率、溶解度和总环肽体积；CCD未指定标准氨基酸母体，需确认它是独立残基而非氨基酸样片段,https://www.rcsb.org/ligand/BJH
仅结构参考,BJO,"(4Z)-4-amino-4-{1-(carboxymethyl)-5-oxo-4-[(4-oxocyclohexa-2,5-dien-1-ylidene)methyl]-1,5-dihydro-2H-imidazol-2-ylidene}butanoic acid",reference,构象限制,C16 H15 N3 O6,345.307,,not-audited,,,,复杂度、反应性、极性、端基或保护状态存在明显疑问，不进入默认单体库。,除非有明确研究用途，否则不优先审核。,分子量超过300 Da，单体复杂度和环肽总分子量负担较高,https://www.rcsb.org/ligand/BJO
排除,BL2,N-(tert-butoxycarbonyl)-L-leucine,exclude,极性／带电侧链,C11 H21 N O4,231.289,,not-audited,,,,自动规则识别为整分子、辅因子、金属复合物、完整肽、保护体或缺少常规偶联羧基。,不计入非天然氨基酸单体数量。,,https://www.rcsb.org/ligand/BL2
人工证据支持,BMT,"4-METHYL-4-[(E)-2-BUTENYL]-4,N-METHYL-THREONINE",priority,N-取代,C10 H19 N O3,201.263,BMT,short-polymer,52,52,1BCK / 1C5F / 1CSA / 1CWA / 1CWC,CCD结构与网站人工整理的论文、专利或药物骨架证据精确对应；可作为优先核验的肽合成单体。,继续核对具体保护形式、偶联方法和供应/合成来源。,,https://www.rcsb.org/ligand/BMT
条件结构候选,BNN,ACETYL-P-AMIDINOPHENYLALANINE,conditional,芳香／疏水侧链,C12 H15 N3 O3,249.266,,not-audited,,,,结构可能是独立非天然氨基酸，但用途或单体可获得性仍依赖人工核实。,先核对主链连接几何和独立单体身份，再决定是否查合成证据。,,https://www.rcsb.org/ligand/BNN
条件结构候选,BP5,"3-(2,2'-BIPYRIDIN-5-YL)-L-ALANINE",conditional,芳香／疏水侧链,C13 H13 N3 O2,243.261,,not-audited,,,,结构可能是独立非天然氨基酸，但用途或单体可获得性仍依赖人工核实。,先核对主链连接几何和独立单体身份，再决定是否查合成证据。,,https://www.rcsb.org/ligand/BP5
排除,BPE,(2S)-2-AMINO-3-[(3-AMINOPROPYL)SULFANYL]PROPAN-1-OL,exclude,极性／带电侧链,C6 H16 N2 O S,164.269,,not-audited,,,,自动规则识别为整分子、辅因子、金属复合物、完整肽、保护体或缺少常规偶联羧基。,不计入非天然氨基酸单体数量。,,https://www.rcsb.org/ligand/BPE
条件结构候选,BSE,BETA-3-SERINE,conditional,极性／带电侧链,C4 H9 N O3,119.119,,not-audited,,,,结构可能是独立非天然氨基酸，但用途或单体可获得性仍依赖人工核实。,先核对主链连接几何和独立单体身份，再决定是否查合成证据。,以极性/带电特征为主，不宜默认用于提高被动渗透性,https://www.rcsb.org/ligand/BSE
条件结构候选,BTK,N~6~-butanoyl-L-lysine,conditional,极性／带电侧链,C10 H20 N2 O3,216.277,,not-audited,,,,结构可能是独立非天然氨基酸，但用途或单体可获得性仍依赖人工核实。,先核对主链连接几何和独立单体身份，再决定是否查合成证据。,以极性/带电特征为主，不宜默认用于提高被动渗透性,https://www.rcsb.org/ligand/BTK
条件结构候选,BTR,6-BROMO-TRYPTOPHAN,conditional,卤代／电子调节,C11 H11 Br N2 O2,283.121,,not-audited,,,,结构可能是独立非天然氨基酸，但用途或单体可获得性仍依赖人工核实。,先核对主链连接几何和独立单体身份，再决定是否查合成证据。,分子量超过250 Da，需关注偶联效率、溶解度和总环肽体积,https://www.rcsb.org/ligand/BTR
条件结构候选,BUC,"S,S-BUTYLTHIOCYSTEINE",conditional,其他CCD肽链核心,C7 H15 N O2 S2,209.329,,not-audited,,,,结构可能是独立非天然氨基酸，但用途或单体可获得性仍依赖人工核实。,先核对主链连接几何和独立单体身份，再决定是否查合成证据。,,https://www.rcsb.org/ligand/BUC
条件结构候选,BW5,(2~{S})-3-(1-adamantyl)-2-azanyl-propanoic acid,conditional,其他CCD肽链核心,C13 H21 N O2,223.311,,not-audited,,,,结构可能是独立非天然氨基酸，但用途或单体可获得性仍依赖人工核实。,先核对主链连接几何和独立单体身份，再决定是否查合成证据。,CCD未指定标准氨基酸母体，需确认它是独立残基而非氨基酸样片段,https://www.rcsb.org/ligand/BW5
条件结构候选,BWV,N~5~-(N-butylcarbamimidoyl)-L-ornithine,conditional,极性／带电侧链,C10 H22 N4 O2,230.307,,not-audited,,,,结构可能是独立非天然氨基酸，但用途或单体可获得性仍依赖人工核实。,先核对主链连接几何和独立单体身份，再决定是否查合成证据。,以极性/带电特征为主，不宜默认用于提高被动渗透性,https://www.rcsb.org/ligand/BWV
条件结构候选,BXT,(2~{S})-2-azanyl-3-[ethyl(methyl)carbamoyl]oxy-propanoic acid,conditional,极性／带电侧链,C7 H14 N2 O4,190.197,,not-audited,,,,结构可能是独立非天然氨基酸，但用途或单体可获得性仍依赖人工核实。,先核对主链连接几何和独立单体身份，再决定是否查合成证据。,以极性/带电特征为主，不宜默认用于提高被动渗透性,https://www.rcsb.org/ligand/BXT
条件结构候选,BYR,3-bromo-L-tyrosine,conditional,卤代／电子调节,C9 H10 Br N O3,260.085,,not-audited,,,,结构可能是独立非天然氨基酸，但用途或单体可获得性仍依赖人工核实。,先核对主链连接几何和独立单体身份，再决定是否查合成证据。,分子量超过250 Da，需关注偶联效率、溶解度和总环肽体积,https://www.rcsb.org/ligand/BYR
条件结构候选,BZK,"(2S, 4S, 6S)-2-amino-6-hydroxy-4-methyl-8-oxodecanoic acid",conditional,极性／带电侧链,C11 H21 N O4,231.289,,not-audited,,,,结构可能是独立非天然氨基酸，但用途或单体可获得性仍依赖人工核实。,先核对主链连接几何和独立单体身份，再决定是否查合成证据。,CCD未指定标准氨基酸母体，需确认它是独立残基而非氨基酸样片段；以极性/带电特征为主，不宜默认用于提高被动渗透性,https://www.rcsb.org/ligand/BZK
条件结构候选,C0O,"(~{Z},2~{R},6~{S})-2,6-bis(azanyl)hept-3-enedioic acid",conditional,极性／带电侧链,C7 H12 N2 O4,188.181,,not-audited,,,,结构可能是独立非天然氨基酸，但用途或单体可获得性仍依赖人工核实。,先核对主链连接几何和独立单体身份，再决定是否查合成证据。,CCD未指定标准氨基酸母体，需确认它是独立残基而非氨基酸样片段；以极性/带电特征为主，不宜默认用于提高被动渗透性,https://www.rcsb.org/ligand/C0O
排除,C12,2-(1-AMINO-2-HYDROXYPROPYL)-4-(4-HYDROXYBENZYL)-1-(2-OXOETHYL)-1H-IMIDAZOL-5-OLATE,exclude,芳香／疏水侧链,C15 H18 N3 O5,320.321,,not-audited,,,,自动规则识别为整分子、辅因子、金属复合物、完整肽、保护体或缺少常规偶联羧基。,不计入非天然氨基酸单体数量。,,https://www.rcsb.org/ligand/C12
条件结构候选,C1T,"S-[(1S,6R)-3,6-dihydroxy-4-methyl-2,5-dioxocyclohex-3-en-1-yl]-L-cysteine",conditional,构象限制,C10 H13 N O6 S,275.278,,not-audited,,,,结构可能是独立非天然氨基酸，但用途或单体可获得性仍依赖人工核实。,先核对主链连接几何和独立单体身份，再决定是否查合成证据。,分子量超过250 Da，需关注偶联效率、溶解度和总环肽体积,https://www.rcsb.org/ligand/C1T
仅结构参考,C1X,"(Z)-N~6~-[(4R,5S)-5-(2-CARBOXYETHYL)-4-(CARBOXYMETHYL)DIHYDRO-2H-THIOPYRAN-3(4H)-YLIDENE]-L-LYSINE",reference,极性／带电侧链,C16 H26 N2 O6 S,374.452,,not-audited,,,,复杂度、反应性、极性、端基或保护状态存在明显疑问，不进入默认单体库。,除非有明确研究用途，否则不优先审核。,分子量超过300 Da，单体复杂度和环肽总分子量负担较高；以极性/带电特征为主，不宜默认用于提高被动渗透性,https://www.rcsb.org/ligand/C1X
条件结构候选,C22,3-chloro-L-alanine,conditional,卤代／电子调节,C3 H6 Cl N O2,123.538,,not-audited,,,,结构可能是独立非天然氨基酸，但用途或单体可获得性仍依赖人工核实。,先核对主链连接几何和独立单体身份，再决定是否查合成证据。,,https://www.rcsb.org/ligand/C22
优先结构候选，暂无使用命中,C2N,3-chloro-D-alanine,priority,D-构型,C3 H6 Cl N O2,123.538,,no-polymer-hit,0,0,,结构符合优先研发方向，但当前PDB聚合物审计没有命中。,查询供应商、合成论文、专利和SPPS/LPPS使用记录。,CCD未指定标准氨基酸母体，需确认它是独立残基而非氨基酸样片段,https://www.rcsb.org/ligand/C2N
条件结构候选,C3Y,S-[(1S)-1-HYDROXY-1-(HYDROXYAMINO)ETHYL]-L-CYSTEINE,conditional,极性／带电侧链,C5 H12 N2 O4 S,196.225,,not-audited,,,,结构可能是独立非天然氨基酸，但用途或单体可获得性仍依赖人工核实。,先核对主链连接几何和独立单体身份，再决定是否查合成证据。,以极性/带电特征为主，不宜默认用于提高被动渗透性,https://www.rcsb.org/ligand/C3Y
排除,C4R,"(R)-2-amino-3-(bicyclo[2.2.1]hepta-2,5-dien-7-ylthio)propanoic acid rhodium",exclude,构象限制,C10 H14 N O2 Rh S,315.194,,not-audited,,,,自动规则识别为整分子、辅因子、金属复合物、完整肽、保护体或缺少常规偶联羧基。,不计入非天然氨基酸单体数量。,,https://www.rcsb.org/ligand/C4R
仅在较长聚合物中观察到,C5C,S-CYCLOPENTYL THIOCYSTEINE,priority,构象限制,C8 H15 N O2 S2,221.34,,polymer-only,1,0,1A3V,该CCD进入过PDB聚合物序列，但目前没有短肽命中，不能直接推断适合常规肽合成。,核对残基形成方式及是否存在独立保护单体。,,https://www.rcsb.org/ligand/C5C
仅结构参考,C66,2-AMINOETHYLLYSINE-CARBONYLMETHYLENE-CYTOSINE,reference,极性／带电侧链,C14 H24 N6 O4,340.378,,not-audited,,,,复杂度、反应性、极性、端基或保护状态存在明显疑问，不进入默认单体库。,除非有明确研究用途，否则不优先审核。,分子量超过300 Da，单体复杂度和环肽总分子量负担较高；杂原子较多，可能增加暴露极性和去溶剂化代价；CCD未指定标准氨基酸母体，需确认它是独立残基而非氨基酸样片段；以极性/带电特征为主，不宜默认用于提高被动渗透性,https://www.rcsb.org/ligand/C66
仅在较长聚合物中观察到,C6C,S-CYCLOHEXYL THIOCYSTEINE,priority,构象限制,C9 H17 N O2 S2,235.367,,polymer-only,1,0,1A3U,该CCD进入过PDB聚合物序列，但目前没有短肽命中，不能直接推断适合常规肽合成。,核对残基形成方式及是否存在独立保护单体。,,https://www.rcsb.org/ligand/C6C
条件结构候选,C99,"{(2R)-2-[(1S,2R)-1-AMINO-2-HYDROXYPROPYL]-2-HYDROXY-4,5-DIOXOIMIDAZOLIDIN-1-YL}ACETIC ACID",conditional,极性／带电侧链,C8 H13 N3 O6,247.205,,not-audited,,,,结构可能是独立非天然氨基酸，但用途或单体可获得性仍依赖人工核实。,先核对主链连接几何和独立单体身份，再决定是否查合成证据。,以极性/带电特征为主，不宜默认用于提高被动渗透性,https://www.rcsb.org/ligand/C99
条件结构候选,CAB,"4,4-dihydroxy-5-oxo-L-norvaline",conditional,极性／带电侧链,C5 H9 N O5,163.129,,not-audited,,,,结构可能是独立非天然氨基酸，但用途或单体可获得性仍依赖人工核实。,先核对主链连接几何和独立单体身份，再决定是否查合成证据。,CCD未指定标准氨基酸母体，需确认它是独立残基而非氨基酸样片段；以极性/带电特征为主，不宜默认用于提高被动渗透性,https://www.rcsb.org/ligand/CAB
排除,CAF,S-DIMETHYLARSINOYL-CYSTEINE,exclude,极性／带电侧链,C5 H12 As N O3 S,241.14,,not-audited,,,,自动规则识别为整分子、辅因子、金属复合物、完整肽、保护体或缺少常规偶联羧基。,不计入非天然氨基酸单体数量。,,https://www.rcsb.org/ligand/CAF
排除,CAS,S-(DIMETHYLARSENIC)CYSTEINE,exclude,其他CCD肽链核心,C5 H12 As N O2 S,225.141,,not-audited,,,,自动规则识别为整分子、辅因子、金属复合物、完整肽、保护体或缺少常规偶联羧基。,不计入非天然氨基酸单体数量。,,https://www.rcsb.org/ligand/CAS
条件结构候选,CCJ,Carboxymthylated D- Cysteine,conditional,D-构型,C5 H9 N O4 S,179.194,,not-audited,,,,结构可能是独立非天然氨基酸，但用途或单体可获得性仍依赖人工核实。,先核对主链连接几何和独立单体身份，再决定是否查合成证据。,CCD未指定标准氨基酸母体，需确认它是独立残基而非氨基酸样片段,https://www.rcsb.org/ligand/CCJ
条件结构候选,CCL,N~6~-[(CYCLOPENTYLOXY)CARBONYL]-D-LYSINE,conditional,D-构型,C12 H22 N2 O4,258.314,,not-audited,,,,结构可能是独立非天然氨基酸，但用途或单体可获得性仍依赖人工核实。,先核对主链连接几何和独立单体身份，再决定是否查合成证据。,分子量超过250 Da，需关注偶联效率、溶解度和总环肽体积；CCD未指定标准氨基酸母体，需确认它是独立残基而非氨基酸样片段,https://www.rcsb.org/ligand/CCL
条件结构候选,CCS,CARBOXYMETHYLATED CYSTEINE,conditional,极性／带电侧链,C5 H9 N O4 S,179.194,,not-audited,,,,结构可能是独立非天然氨基酸，但用途或单体可获得性仍依赖人工核实。,先核对主链连接几何和独立单体身份，再决定是否查合成证据。,以极性/带电特征为主，不宜默认用于提高被动渗透性,https://www.rcsb.org/ligand/CCS
仅结构参考,CCY,"2-(1-AMINO-2-MERCAPTO-ETHYL)-5-(4-HYDROXY-BENZYL)-3-(ETHANOYL)-3,5-DIHYDRO-IMIDAZOL-4-ONE",reference,芳香／疏水侧链,C14 H19 N3 O4 S,325.383,,not-audited,,,,复杂度、反应性、极性、端基或保护状态存在明显疑问，不进入默认单体库。,除非有明确研究用途，否则不优先审核。,分子量超过300 Da，单体复杂度和环肽总分子量负担较高,https://www.rcsb.org/ligand/CCY
排除,CDE,"1,2-DIMETHYL-PROPYLAMINE",exclude,其他CCD肽链核心,C5 H13 N,87.163,,not-audited,,,,自动规则识别为整分子、辅因子、金属复合物、完整肽、保护体或缺少常规偶联羧基。,不计入非天然氨基酸单体数量。,,https://www.rcsb.org/ligand/CDE
条件结构候选,CDV,3-METHYL-2-UREIDO-BUTYRIC ACID,conditional,极性／带电侧链,C6 H12 N2 O3,160.171,,not-audited,,,,结构可能是独立非天然氨基酸，但用途或单体可获得性仍依赖人工核实。,先核对主链连接几何和独立单体身份，再决定是否查合成证据。,CCD未指定标准氨基酸母体，需确认它是独立残基而非氨基酸样片段；以极性/带电特征为主，不宜默认用于提高被动渗透性,https://www.rcsb.org/ligand/CDV
排除,CE7,"(3S)-3-amino-4,4,4-trihydroxybutanamide",exclude,极性／带电侧链,C4 H10 N2 O4,150.133,,not-audited,,,,自动规则识别为整分子、辅因子、金属复合物、完整肽、保护体或缺少常规偶联羧基。,不计入非天然氨基酸单体数量。,,https://www.rcsb.org/ligand/CE7
排除,CFY,"[(4Z)-2-{(2R)-2-[(1S)-1-amino-2-phenylethyl]-2-hydroxy-2,5-dihydro-1,3-thiazol-4-yl}-4-(4-hydroxybenzylidene)-5-oxo-4,5-dihydro-1H-imidazol-1-yl]acetic acid",exclude,芳香／疏水侧链,C23 H22 N4 O5 S,466.51,,not-audited,,,,自动规则识别为整分子、辅因子、金属复合物、完整肽、保护体或缺少常规偶联羧基。,不计入非天然氨基酸单体数量。,,https://www.rcsb.org/ligand/CFY
条件结构候选,CG6,beta-Methyl-Cysteine,conditional,其他CCD肽链核心,C4 H9 N O2 S,135.185,,not-audited,,,,结构可能是独立非天然氨基酸，但用途或单体可获得性仍依赖人工核实。,先核对主链连接几何和独立单体身份，再决定是否查合成证据。,,https://www.rcsb.org/ligand/CG6
条件结构候选,CGA,CARBOXYMETHYLATED GLUTAMIC ACID,conditional,极性／带电侧链,C7 H11 N O6,205.165,,not-audited,,,,结构可能是独立非天然氨基酸，但用途或单体可获得性仍依赖人工核实。,先核对主链连接几何和独立单体身份，再决定是否查合成证据。,以极性/带电特征为主，不宜默认用于提高被动渗透性,https://www.rcsb.org/ligand/CGA
优先结构候选，暂无使用命中,CGH,N-cycloheptylglycine,priority,构象限制,C9 H17 N O2,171.237,,no-polymer-hit,0,0,,结构符合优先研发方向，但当前PDB聚合物审计没有命中。,查询供应商、合成论文、专利和SPPS/LPPS使用记录。,CCD仅标为通用peptide linking，需确认真实主链连接几何；CCD未指定标准氨基酸母体，需确认它是独立残基而非氨基酸样片段,https://www.rcsb.org/ligand/CGH
条件结构候选,CGU,GAMMA-CARBOXY-GLUTAMIC ACID,conditional,极性／带电侧链,C6 H9 N O6,191.139,,not-audited,,,,结构可能是独立非天然氨基酸，但用途或单体可获得性仍依赖人工核实。,先核对主链连接几何和独立单体身份，再决定是否查合成证据。,以极性/带电特征为主，不宜默认用于提高被动渗透性,https://www.rcsb.org/ligand/CGU
条件结构候选,CGV,S-[(R)-carboxy(hydroxy)methyl]-L-cysteine,conditional,极性／带电侧链,C5 H9 N O5 S,195.194,,not-audited,,,,结构可能是独立非天然氨基酸，但用途或单体可获得性仍依赖人工核实。,先核对主链连接几何和独立单体身份，再决定是否查合成证据。,以极性/带电特征为主，不宜默认用于提高被动渗透性,https://www.rcsb.org/ligand/CGV
仅结构参考,CH6,"{(4Z)-2-[(1S)-1-amino-3-(methylsulfanyl)propyl]-4-[(4-hydroxyphenyl)methylidene]-5-oxo-4,5-dihydro-1H-imidazol-1-yl}acetic acid",reference,芳香／疏水侧链,C16 H19 N3 O4 S,349.405,,not-audited,,,,复杂度、反应性、极性、端基或保护状态存在明显疑问，不进入默认单体库。,除非有明确研究用途，否则不优先审核。,分子量超过300 Da，单体复杂度和环肽总分子量负担较高,https://www.rcsb.org/ligand/CH6
仅结构参考,CH7,"[(4Z)-4-(4-HYDROXYBENZYLIDENE)-5-OXO-2-(3,4,5,6-TETRAHYDROPYRIDIN-2-YL)-4,5-DIHYDRO-1H-IMIDAZOL-1-YL]ACETIC ACID",reference,芳香／疏水侧链,C17 H17 N3 O4,327.335,,not-audited,,,,复杂度、反应性、极性、端基或保护状态存在明显疑问，不进入默认单体库。,除非有明确研究用途，否则不优先审核。,分子量超过300 Da，单体复杂度和环肽总分子量负担较高,https://www.rcsb.org/ligand/CH7
已在短肽序列中观察到,CHG,CYCLOHEXYL-GLYCINE,priority,构象限制,C8 H15 N O2,157.21,,short-polymer,11,11,3UW4 / 3UW5 / 4THN / 5GDS / 6DR5,该CCD进入过不超过50残基的PDB聚合物序列，支持其作为肽残基使用，但尚未逐条确认独立单体来源。,查原始论文，确认是预制单体偶联还是翻译后/结构内修饰。,CCD未指定标准氨基酸母体，需确认它是独立残基而非氨基酸样片段,https://www.rcsb.org/ligand/CHG
条件结构候选,CHP,3-CHLORO-4-HYDROXYPHENYLGLYCINE,conditional,卤代／电子调节,C8 H8 Cl N O3,201.607,,not-audited,,,,结构可能是独立非天然氨基酸，但用途或单体可获得性仍依赖人工核实。,先核对主链连接几何和独立单体身份，再决定是否查合成证据。,,https://www.rcsb.org/ligand/CHP
条件结构候选,CIR,CITRULLINE,conditional,极性／带电侧链,C6 H13 N3 O3,175.186,,not-audited,,,,结构可能是独立非天然氨基酸，但用途或单体可获得性仍依赖人工核实。,先核对主链连接几何和独立单体身份，再决定是否查合成证据。,以极性/带电特征为主，不宜默认用于提高被动渗透性,https://www.rcsb.org/ligand/CIR
仅结构参考,CIV,"2-[2-[(1~{S})-1,5-bis(azanyl)pentyl]-4-[(4-hydroxyphenyl)methyl]-5-oxidanylidene-imidazol-1-yl]ethanamide",reference,芳香／疏水侧链,C17 H23 N4 O4,347.389,,not-audited,,,,复杂度、反应性、极性、端基或保护状态存在明显疑问，不进入默认单体库。,除非有明确研究用途，否则不优先审核。,分子量超过300 Da，单体复杂度和环肽总分子量负担较高,https://www.rcsb.org/ligand/CIV
仅结构参考,CJO,"[(2R,4R)-2-[(1R,2R)-1-amino-2-hydroxypropyl]-4-(4-hydroxybenzyl)-5-oxoimidazolidin-1-yl]acetic acid",reference,芳香／疏水侧链,C15 H21 N3 O5,323.344,,not-audited,,,,复杂度、反应性、极性、端基或保护状态存在明显疑问，不进入默认单体库。,除非有明确研究用途，否则不优先审核。,分子量超过300 Da，单体复杂度和环肽总分子量负担较高,https://www.rcsb.org/ligand/CJO
仅结构参考,CLB,D-PARA-CHLOROPHENYL-1-ACETAMIDOBORONIC ACID ALANINE,reference,D-构型,C13 H19 B Cl N2 O6,345.564,,not-audited,,,,复杂度、反应性、极性、端基或保护状态存在明显疑问，不进入默认单体库。,除非有明确研究用途，否则不优先审核。,分子量超过300 Da，单体复杂度和环肽总分子量负担较高；CCD未指定标准氨基酸母体，需确认它是独立残基而非氨基酸样片段,https://www.rcsb.org/ligand/CLB
仅结构参考,CLD,D-PARA-CHLOROPHENYL-1-ACTEAMIDOBORONIC ACID ALANINE,reference,D-构型,C13 H19 B Cl N2 O6,345.564,,not-audited,,,,复杂度、反应性、极性、端基或保护状态存在明显疑问，不进入默认单体库。,除非有明确研究用途，否则不优先审核。,分子量超过300 Da，单体复杂度和环肽总分子量负担较高；CCD未指定标准氨基酸母体，需确认它是独立残基而非氨基酸样片段,https://www.rcsb.org/ligand/CLD
条件结构候选,CLG,2-AMINO-6-[2-(2-AMINOOXY-ACETYLAMINO)-ACETYLAMINO]-HEXANOIC ACID,conditional,极性／带电侧链,C10 H20 N4 O5,276.29,,not-audited,,,,结构可能是独立非天然氨基酸，但用途或单体可获得性仍依赖人工核实。,先核对主链连接几何和独立单体身份，再决定是否查合成证据。,分子量超过250 Da，需关注偶联效率、溶解度和总环肽体积；以极性/带电特征为主，不宜默认用于提高被动渗透性,https://www.rcsb.org/ligand/CLG
条件结构候选,CLH,2-AMINO-6-[2-(2-OXO-ACETYLAMINO)-ACETYLAMINO]-HEXANOIC ACID,conditional,极性／带电侧链,C10 H17 N3 O5,259.259,,not-audited,,,,结构可能是独立非天然氨基酸，但用途或单体可获得性仍依赖人工核实。,先核对主链连接几何和独立单体身份，再决定是否查合成证据。,分子量超过250 Da，需关注偶联效率、溶解度和总环肽体积；以极性/带电特征为主，不宜默认用于提高被动渗透性,https://www.rcsb.org/ligand/CLH
条件结构候选,CLV,"{(2S)-2-[(1S)-1-AMINOETHYL]-5-OXO-2,5-DIHYDRO-1H-IMIDAZOL-1-YL}ACETIC ACID",conditional,极性／带电侧链,C7 H11 N3 O3,185.181,,not-audited,,,,结构可能是独立非天然氨基酸，但用途或单体可获得性仍依赖人工核实。,先核对主链连接几何和独立单体身份，再决定是否查合成证据。,以极性/带电特征为主，不宜默认用于提高被动渗透性,https://www.rcsb.org/ligand/CLV
条件结构候选,CME,"S,S-(2-HYDROXYETHYL)THIOCYSTEINE",conditional,极性／带电侧链,C5 H11 N O3 S2,197.276,,not-audited,,,,结构可能是独立非天然氨基酸，但用途或单体可获得性仍依赖人工核实。,先核对主链连接几何和独立单体身份，再决定是否查合成证据。,以极性/带电特征为主，不宜默认用于提高被动渗透性,https://www.rcsb.org/ligand/CME
排除,CMH,S-(METHYLMERCURY)-L-CYSTEINE,exclude,其他CCD肽链核心,C4 H9 Hg N O2 S,335.775,,not-audited,,,,自动规则识别为整分子、辅因子、金属复合物、完整肽、保护体或缺少常规偶联羧基。,不计入非天然氨基酸单体数量。,,https://www.rcsb.org/ligand/CMH
条件结构候选,CML,(2S)-2-{[(2R)-2-amino-2-carboxyethyl]sulfanyl}butanedioic acid,conditional,极性／带电侧链,C7 H11 N O6 S,237.23,,not-audited,,,,结构可能是独立非天然氨基酸，但用途或单体可获得性仍依赖人工核实。,先核对主链连接几何和独立单体身份，再决定是否查合成证据。,以极性/带电特征为主，不宜默认用于提高被动渗透性,https://www.rcsb.org/ligand/CML
排除,CMT,O-METHYLCYSTEINE,exclude,其他CCD肽链核心,C4 H9 N O2 S,135.185,,not-audited,,,,自动规则识别为整分子、辅因子、金属复合物、完整肽、保护体或缺少常规偶联羧基。,不计入非天然氨基酸单体数量。,,https://www.rcsb.org/ligand/CMT
优先结构候选，暂无使用命中,CNG,N-cyclooctylglycine,priority,构象限制,C10 H19 N O2,185.263,,no-polymer-hit,0,0,,结构符合优先研发方向，但当前PDB聚合物审计没有命中。,查询供应商、合成论文、专利和SPPS/LPPS使用记录。,CCD仅标为通用peptide linking，需确认真实主链连接几何；CCD未指定标准氨基酸母体，需确认它是独立残基而非氨基酸样片段,https://www.rcsb.org/ligand/CNG
已在短肽序列中观察到,CPC,2-METHYL-1-METHYLAMINO-CYCLOPROPANE CARBOXYLIC ACID,priority,构象限制,C6 H11 N O2,129.157,,short-polymer,1,1,193D,该CCD进入过不超过50残基的PDB聚合物序列，支持其作为肽残基使用，但尚未逐条确认独立单体来源。,查原始论文，确认是预制单体偶联还是翻译后/结构内修饰。,CCD未指定标准氨基酸母体，需确认它是独立残基而非氨基酸样片段,https://www.rcsb.org/ligand/CPC
已在短肽序列中观察到,CPI,6-CARBOXYPIPERIDINE,priority,D-构型,C6 H11 N O2,129.157,,short-polymer,8,8,1EOJ / 1EOL / 1W3M / 5O0Z / 5VI6,该CCD进入过不超过50残基的PDB聚合物序列，支持其作为肽残基使用，但尚未逐条确认独立单体来源。,查原始论文，确认是预制单体偶联还是翻译后/结构内修饰。,CCD未指定标准氨基酸母体，需确认它是独立残基而非氨基酸样片段,https://www.rcsb.org/ligand/CPI
排除,CQ1,"[(4Z)-2-[(1R,2R)-1-amino-2-hydroxypropyl]-4-(4-azidobenzylidene)-5-oxo-4,5-dihydro-1H-imidazol-1-yl]acetic acid",exclude,芳香／疏水侧链,C15 H16 N6 O4,344.325,,not-audited,,,,自动规则识别为整分子、辅因子、金属复合物、完整肽、保护体或缺少常规偶联羧基。,不计入非天然氨基酸单体数量。,,https://www.rcsb.org/ligand/CQ1
排除,CQ2,"{(4Z)-4-(4-aminobenzylidene)-2-[(1R,2R)-1-amino-2-hydroxypropyl]-5-oxo-4,5-dihydro-1H-imidazol-1-yl}acetic acid",exclude,芳香／疏水侧链,C15 H18 N4 O4,318.328,,not-audited,,,,自动规则识别为整分子、辅因子、金属复合物、完整肽、保护体或缺少常规偶联羧基。,不计入非天然氨基酸单体数量。,,https://www.rcsb.org/ligand/CQ2
条件结构候选,CR0,"[2-(1-AMINO-2-HYDROXYPROPYL)-2-HYDROXY-4-ISOBUTYL-5-OXO-2,5-DIHYDRO-1H-IMIDAZOL-1-YL]ACETALDEHYDE",conditional,极性／带电侧链,C12 H21 N3 O5,287.312,,not-audited,,,,结构可能是独立非天然氨基酸，但用途或单体可获得性仍依赖人工核实。,先核对主链连接几何和独立单体身份，再决定是否查合成证据。,分子量超过250 Da，需关注偶联效率、溶解度和总环肽体积；以极性/带电特征为主，不宜默认用于提高被动渗透性,https://www.rcsb.org/ligand/CR0
条件结构候选,CR2,"{(4Z)-2-(aminomethyl)-4-[(4-hydroxyphenyl)methylidene]-5-oxo-4,5-dihydro-1H-imidazol-1-yl}acetic acid",conditional,芳香／疏水侧链,C13 H13 N3 O4,275.26,,not-audited,,,,结构可能是独立非天然氨基酸，但用途或单体可获得性仍依赖人工核实。,先核对主链连接几何和独立单体身份，再决定是否查合成证据。,分子量超过250 Da，需关注偶联效率、溶解度和总环肽体积,https://www.rcsb.org/ligand/CR2
条件结构候选,CR5,"(2R)-2-(AMINOMETHYL)-2,4-DIHYDROXY-5-OXO-3-(2-OXOETHYL)-2,5-DIHYDRO-1H-IMIDAZOL-3-IUM",conditional,极性／带电侧链,C6 H10 N3 O5,204.161,,not-audited,,,,结构可能是独立非天然氨基酸，但用途或单体可获得性仍依赖人工核实。,先核对主链连接几何和独立单体身份，再决定是否查合成证据。,以极性/带电特征为主，不宜默认用于提高被动渗透性,https://www.rcsb.org/ligand/CR5
仅结构参考,CR7,"[(4Z)-2-[(1S)-1,5-DIAMINOPENTYL]-4-(4-HYDROXYBENZYLIDENE)-5-OXO-4,5-DIHYDRO-1H-IMIDAZOL-1-YL]ACETIC ACID",reference,芳香／疏水侧链,C17 H22 N4 O4,346.381,,not-audited,,,,复杂度、反应性、极性、端基或保护状态存在明显疑问，不进入默认单体库。,除非有明确研究用途，否则不优先审核。,分子量超过300 Da，单体复杂度和环肽总分子量负担较高,https://www.rcsb.org/ligand/CR7
仅结构参考,CR8,"2-[1-AMINO-2-(1H-IMIDAZOL-5-YL)ETHYL]-1-(CARBOXYMETHYL)-4-[(4-OXOCYCLOHEXA-2,5-DIEN-1-YLIDENE)METHYL]-1H-IMIDAZOL-5-OLATE",reference,构象限制,C17 H16 N5 O4,354.34,,not-audited,,,,复杂度、反应性、极性、端基或保护状态存在明显疑问，不进入默认单体库。,除非有明确研究用途，否则不优先审核。,分子量超过300 Da，单体复杂度和环肽总分子量负担较高,https://www.rcsb.org/ligand/CR8
仅结构参考,CRF,"[(4Z)-2-[(1R,2R)-1-amino-2-hydroxypropyl]-4-(1H-indol-3-ylmethylidene)-5-oxo-4,5-dihydro-1H-imidazol-1-yl]acetic acid",reference,极性／带电侧链,C17 H18 N4 O4,342.349,,not-audited,,,,复杂度、反应性、极性、端基或保护状态存在明显疑问，不进入默认单体库。,除非有明确研究用途，否则不优先审核。,分子量超过300 Da，单体复杂度和环肽总分子量负担较高；以极性/带电特征为主，不宜默认用于提高被动渗透性,https://www.rcsb.org/ligand/CRF
条件结构候选,CRG,"[2-(1-AMINO-2-HYDROXY-PROPYL)-4-(3H-IMIDAZOL-4-YLMETHYLENE)-5-OXO-4,5-DIHYDRO-IMIDAZOL-1-YL]-ACETIC ACID",conditional,极性／带电侧链,C12 H15 N5 O4,293.279,,not-audited,,,,结构可能是独立非天然氨基酸，但用途或单体可获得性仍依赖人工核实。,先核对主链连接几何和独立单体身份，再决定是否查合成证据。,分子量超过250 Da，需关注偶联效率、溶解度和总环肽体积；以极性/带电特征为主，不宜默认用于提高被动渗透性,https://www.rcsb.org/ligand/CRG
仅结构参考,CRK,"4-{(Z)-[2-[3-(METHYLSULFANYL)PROPANOYL]-5-OXO-1-(2-OXOETHYL)-1,5-DIHYDRO-4H-IMIDAZOL-4-YLIDENE]METHYL}BENZENOLATE",reference,极性／带电侧链,C16 H15 N2 O5 S,347.366,,not-audited,,,,复杂度、反应性、极性、端基或保护状态存在明显疑问，不进入默认单体库。,除非有明确研究用途，否则不优先审核。,分子量超过300 Da，单体复杂度和环肽总分子量负担较高；以极性/带电特征为主，不宜默认用于提高被动渗透性,https://www.rcsb.org/ligand/CRK
排除,CRO,"{2-[(1R,2R)-1-amino-2-hydroxypropyl]-4-(4-hydroxybenzylidene)-5-oxo-4,5-dihydro-1H-imidazol-1-yl}acetic acid",exclude,芳香／疏水侧链,C15 H17 N3 O5,319.313,,not-audited,,,,自动规则识别为整分子、辅因子、金属复合物、完整肽、保护体或缺少常规偶联羧基。,不计入非天然氨基酸单体数量。,,https://www.rcsb.org/ligand/CRO
仅结构参考,CRQ,"[2-(3-CARBAMOYL-1-IMINO-PROPYL)-4-(4-HYDROXY-BENZYLIDENE)-5-OXO-4,5-DIHYDRO-IMIDAZOL-1-YL]-ACETIC ACID",reference,芳香／疏水侧链,C16 H16 N4 O5,344.322,,not-audited,,,,复杂度、反应性、极性、端基或保护状态存在明显疑问，不进入默认单体库。,除非有明确研究用途，否则不优先审核。,分子量超过300 Da，单体复杂度和环肽总分子量负担较高,https://www.rcsb.org/ligand/CRQ
仅结构参考,CRU,"4-[(4Z)-1-(CARBOXYMETHYL)-4-(4-HYDROXYBENZYLIDENE)-5-OXO-4,5-DIHYDRO-1H-IMIDAZOL-2-YL]-4-IMINOBUTANOIC ACID",reference,芳香／疏水侧链,C16 H15 N3 O6,345.307,,not-audited,,,,复杂度、反应性、极性、端基或保护状态存在明显疑问，不进入默认单体库。,除非有明确研究用途，否则不优先审核。,分子量超过300 Da，单体复杂度和环肽总分子量负担较高,https://www.rcsb.org/ligand/CRU
条件结构候选,CRX,[2-(1-AMINOETHYL)-2-HYDROXY-4-METHYLENE-5-OXOIMIDAZOLIDIN-1-YL]ACETIC ACID,conditional,极性／带电侧链,C8 H13 N3 O4,215.207,,not-audited,,,,结构可能是独立非天然氨基酸，但用途或单体可获得性仍依赖人工核实。,先核对主链连接几何和独立单体身份，再决定是否查合成证据。,以极性/带电特征为主，不宜默认用于提高被动渗透性,https://www.rcsb.org/ligand/CRX
条件结构候选,CS1,S-(2-ANILINYL-SULFANYL)-CYSTEINE,conditional,芳香／疏水侧链,C9 H12 N2 O2 S2,244.334,,not-audited,,,,结构可能是独立非天然氨基酸，但用途或单体可获得性仍依赖人工核实。,先核对主链连接几何和独立单体身份，再决定是否查合成证据。,,https://www.rcsb.org/ligand/CS1
条件结构候选,CS3,S-[3-OXO-3-(2-THIENYL)PROPYL]-L-CYSTEINE,conditional,芳香／疏水侧链,C10 H13 N O3 S2,259.345,,not-audited,,,,结构可能是独立非天然氨基酸，但用途或单体可获得性仍依赖人工核实。,先核对主链连接几何和独立单体身份，再决定是否查合成证据。,分子量超过250 Da，需关注偶联效率、溶解度和总环肽体积,https://www.rcsb.org/ligand/CS3
仅结构参考,CS4,"S-[3-(3,4-DICHLOROPHENYL)-3-OXOPROPYL]-L-CYSTEINE",reference,卤代／电子调节,C12 H13 Cl2 N O3 S,322.208,,not-audited,,,,复杂度、反应性、极性、端基或保护状态存在明显疑问，不进入默认单体库。,除非有明确研究用途，否则不优先审核。,分子量超过300 Da，单体复杂度和环肽总分子量负担较高,https://www.rcsb.org/ligand/CS4
条件结构候选,CSA,S-ACETONYLCYSTEINE,conditional,极性／带电侧链,C6 H11 N O3 S,177.221,,not-audited,,,,结构可能是独立非天然氨基酸，但用途或单体可获得性仍依赖人工核实。,先核对主链连接几何和独立单体身份，再决定是否查合成证据。,以极性/带电特征为主，不宜默认用于提高被动渗透性,https://www.rcsb.org/ligand/CSA
排除,CSB,CYS BOUND TO LEAD ION,exclude,其他CCD肽链核心,C3 H6 N O2 Pb S,327.35,,not-audited,,,,自动规则识别为整分子、辅因子、金属复合物、完整肽、保护体或缺少常规偶联羧基。,不计入非天然氨基酸单体数量。,,https://www.rcsb.org/ligand/CSB
条件结构候选,CSD,3-SULFINOALANINE,conditional,极性／带电侧链,C3 H7 N O4 S,153.157,,not-audited,,,,结构可能是独立非天然氨基酸，但用途或单体可获得性仍依赖人工核实。,先核对主链连接几何和独立单体身份，再决定是否查合成证据。,以极性/带电特征为主，不宜默认用于提高被动渗透性,https://www.rcsb.org/ligand/CSD
条件结构候选,CSH,[2-(2-HYDROXY-1-METHYL-ETHYL)-4-(1H-IMIDAZOL-4-YLMETHYL)-5-OXO-IMIDAZOLIDIN-1-YL]-ACETIC ACID,conditional,芳香／疏水侧链,C11 H17 N5 O4,283.284,,not-audited,,,,结构可能是独立非天然氨基酸，但用途或单体可获得性仍依赖人工核实。,先核对主链连接几何和独立单体身份，再决定是否查合成证据。,分子量超过250 Da，需关注偶联效率、溶解度和总环肽体积,https://www.rcsb.org/ligand/CSH
条件结构候选,CSJ,S-[(2-aminophenyl)carbonyl]-L-cysteine,conditional,芳香／疏水侧链,C10 H12 N2 O3 S,240.279,,not-audited,,,,结构可能是独立非天然氨基酸，但用途或单体可获得性仍依赖人工核实。,先核对主链连接几何和独立单体身份，再决定是否查合成证据。,,https://www.rcsb.org/ligand/CSJ
条件结构候选,CSK,S-(methylselanyl)-L-cysteine,conditional,其他CCD肽链核心,C4 H9 N O2 S Se,214.145,,not-audited,,,,结构可能是独立非天然氨基酸，但用途或单体可获得性仍依赖人工核实。,先核对主链连接几何和独立单体身份，再决定是否查合成证据。,CCD未指定标准氨基酸母体，需确认它是独立残基而非氨基酸样片段,https://www.rcsb.org/ligand/CSK
条件结构候选,CSO,S-HYDROXYCYSTEINE,conditional,极性／带电侧链,C3 H7 N O3 S,137.158,,not-audited,,,,结构可能是独立非天然氨基酸，但用途或单体可获得性仍依赖人工核实。,先核对主链连接几何和独立单体身份，再决定是否查合成证据。,以极性/带电特征为主，不宜默认用于提高被动渗透性,https://www.rcsb.org/ligand/CSO
仅结构参考,CSP,S-PHOSPHOCYSTEINE,reference,极性／带电侧链,C3 H8 N O5 P S,201.138,,not-audited,,,,复杂度、反应性、极性、端基或保护状态存在明显疑问，不进入默认单体库。,除非有明确研究用途，否则不优先审核。,含磷酸/膦酸相关结构，通常不利于被动跨膜，除非有专门遮蔽设计；以极性/带电特征为主，不宜默认用于提高被动渗透性,https://www.rcsb.org/ligand/CSP
排除,CSR,S-ARSONOCYSTEINE,exclude,极性／带电侧链,C3 H8 As N O5 S,245.086,,not-audited,,,,自动规则识别为整分子、辅因子、金属复合物、完整肽、保护体或缺少常规偶联羧基。,不计入非天然氨基酸单体数量。,,https://www.rcsb.org/ligand/CSR
条件结构候选,CSS,S-MERCAPTOCYSTEINE,conditional,其他CCD肽链核心,C3 H7 N O2 S2,153.223,,not-audited,,,,结构可能是独立非天然氨基酸，但用途或单体可获得性仍依赖人工核实。,先核对主链连接几何和独立单体身份，再决定是否查合成证据。,,https://www.rcsb.org/ligand/CSS
条件结构候选,CSU,CYSTEINE-S-SULFONIC ACID,conditional,极性／带电侧链,C3 H7 N O5 S2,201.221,,not-audited,,,,结构可能是独立非天然氨基酸，但用途或单体可获得性仍依赖人工核实。,先核对主链连接几何和独立单体身份，再决定是否查合成证据。,以极性/带电特征为主，不宜默认用于提高被动渗透性,https://www.rcsb.org/ligand/CSU
条件结构候选,CSX,S-OXY CYSTEINE,conditional,极性／带电侧链,C3 H7 N O3 S,137.158,,not-audited,,,,结构可能是独立非天然氨基酸，但用途或单体可获得性仍依赖人工核实。,先核对主链连接几何和独立单体身份，再决定是否查合成证据。,以极性/带电特征为主，不宜默认用于提高被动渗透性,https://www.rcsb.org/ligand/CSX
条件结构候选,CSZ,S-SELANYL CYSTEINE,conditional,其他CCD肽链核心,C3 H7 N O2 S Se,200.118,,not-audited,,,,结构可能是独立非天然氨基酸，但用途或单体可获得性仍依赖人工核实。,先核对主链连接几何和独立单体身份，再决定是否查合成证据。,,https://www.rcsb.org/ligand/CSZ
条件结构候选,CTE,7-CHLOROTRYPTOPHAN,conditional,卤代／电子调节,C11 H11 Cl N2 O2,238.67,,not-audited,,,,结构可能是独立非天然氨基酸，但用途或单体可获得性仍依赖人工核实。,先核对主链连接几何和独立单体身份，再决定是否查合成证据。,,https://www.rcsb.org/ligand/CTE
条件结构候选,CTH,4-CHLOROTHREONINE,conditional,卤代／电子调节,C4 H8 Cl N O3,153.564,,not-audited,,,,结构可能是独立非天然氨基酸，但用途或单体可获得性仍依赖人工核实。,先核对主链连接几何和独立单体身份，再决定是否查合成证据。,,https://www.rcsb.org/ligand/CTH
条件结构候选,CUD,3-(4-amino-2-oxopyrimidin-1(2H)-yl)-D-alanine,conditional,D-构型,C7 H10 N4 O3,198.179,,not-audited,,,,结构可能是独立非天然氨基酸，但用途或单体可获得性仍依赖人工核实。,先核对主链连接几何和独立单体身份，再决定是否查合成证据。,CCD未指定标准氨基酸母体，需确认它是独立残基而非氨基酸样片段,https://www.rcsb.org/ligand/CUD
条件结构候选,CWD,"3-(5-chloro-2,4-dioxo-3,4-dihydropyrimidin-1(2H)-yl)-L-alanine",conditional,卤代／电子调节,C7 H8 Cl N3 O4,233.609,,not-audited,,,,结构可能是独立非天然氨基酸，但用途或单体可获得性仍依赖人工核实。,先核对主链连接几何和独立单体身份，再决定是否查合成证据。,,https://www.rcsb.org/ligand/CWD
条件结构候选,CWR,"(4-methyl-5-oxo-2,5-dihydro-1H-imidazol-1-yl)acetic acid",conditional,极性／带电侧链,C6 H8 N2 O3,156.139,,not-audited,,,,结构可能是独立非天然氨基酸，但用途或单体可获得性仍依赖人工核实。,先核对主链连接几何和独立单体身份，再决定是否查合成证据。,以极性/带电特征为主，不宜默认用于提高被动渗透性,https://www.rcsb.org/ligand/CWR
条件结构候选,CXM,N-CARBOXYMETHIONINE,conditional,极性／带电侧链,C6 H11 N O4 S,193.221,,not-audited,,,,结构可能是独立非天然氨基酸，但用途或单体可获得性仍依赖人工核实。,先核对主链连接几何和独立单体身份，再决定是否查合成证据。,以极性/带电特征为主，不宜默认用于提高被动渗透性,https://www.rcsb.org/ligand/CXM
仅结构参考,CY0,S-{3-[(4-ANILINOQUINAZOLIN-6-YL)AMINO]-3-OXOPROPYL}-L-CYSTEINE,reference,芳香／疏水侧链,C20 H21 N5 O3 S,411.477,,not-audited,,,,复杂度、反应性、极性、端基或保护状态存在明显疑问，不进入默认单体库。,除非有明确研究用途，否则不优先审核。,分子量超过300 Da，单体复杂度和环肽总分子量负担较高,https://www.rcsb.org/ligand/CY0
条件结构候选,CY1,ACETAMIDOMETHYLCYSTEINE,conditional,极性／带电侧链,C6 H12 N2 O3 S,192.236,,not-audited,,,,结构可能是独立非天然氨基酸，但用途或单体可获得性仍依赖人工核实。,先核对主链连接几何和独立单体身份，再决定是否查合成证据。,以极性/带电特征为主，不宜默认用于提高被动渗透性,https://www.rcsb.org/ligand/CY1
排除,CY3,2-AMINO-3-MERCAPTO-PROPIONAMIDE,exclude,极性／带电侧链,C3 H8 N2 O S,120.173,,not-audited,,,,自动规则识别为整分子、辅因子、金属复合物、完整肽、保护体或缺少常规偶联羧基。,不计入非天然氨基酸单体数量。,,https://www.rcsb.org/ligand/CY3
条件结构候选,CY4,S-BUTYRYL-CYSTEIN,conditional,极性／带电侧链,C7 H13 N O3 S,191.248,,not-audited,,,,结构可能是独立非天然氨基酸，但用途或单体可获得性仍依赖人工核实。,先核对主链连接几何和独立单体身份，再决定是否查合成证据。,以极性/带电特征为主，不宜默认用于提高被动渗透性,https://www.rcsb.org/ligand/CY4
仅结构参考,CY5,"[(2S)-2-[(1R)-1-AMINO-2-MERCAPTOETHYL]-4-(4-HYDROXYBENZYL)-5-OXO-2,5-DIHYDRO-1H-IMIDAZOL-1-YL]ACETIC ACID",reference,D-构型,C14 H17 N3 O4 S,323.367,,not-audited,,,,复杂度、反应性、极性、端基或保护状态存在明显疑问，不进入默认单体库。,除非有明确研究用途，否则不优先审核。,分子量超过300 Da，单体复杂度和环肽总分子量负担较高；CCD未指定标准氨基酸母体，需确认它是独立残基而非氨基酸样片段,https://www.rcsb.org/ligand/CY5
排除,CYF,"5-[2-(2-AMINO-2-CARBAMOYL-ETHYLSULFANYL)-ACETYLAMINO]-2-(3,6-DIHYDROXY-9,9A-DIHYDRO-3H-XANTHEN-9-YL)-BENZOIC ACID",exclude,芳香／疏水侧链,C25 H23 N3 O7 S,509.531,,not-audited,,,,自动规则识别为整分子、辅因子、金属复合物、完整肽、保护体或缺少常规偶联羧基。,不计入非天然氨基酸单体数量。,,https://www.rcsb.org/ligand/CYF
条件结构候选,CYG,2-AMINO-4-(AMINO-3-OXO-PROPYLSULFANYLCARBONYL)-BUTYRIC ACID,conditional,极性／带电侧链,C8 H14 N2 O5 S,250.272,,not-audited,,,,结构可能是独立非天然氨基酸，但用途或单体可获得性仍依赖人工核实。,先核对主链连接几何和独立单体身份，再决定是否查合成证据。,分子量超过250 Da，需关注偶联效率、溶解度和总环肽体积；以极性/带电特征为主，不宜默认用于提高被动渗透性,https://www.rcsb.org/ligand/CYG
仅结构参考,CYJ,"(Z)-N~6~-[(4R,5S)-5-(2-CARBOXYETHYL)-4-(CARBOXYMETHYL)PIPERIDIN-3-YLIDENE]-L-LYSINE",reference,极性／带电侧链,C16 H27 N3 O6,357.402,,not-audited,,,,复杂度、反应性、极性、端基或保护状态存在明显疑问，不进入默认单体库。,除非有明确研究用途，否则不优先审核。,分子量超过300 Da，单体复杂度和环肽总分子量负担较高；以极性/带电特征为主，不宜默认用于提高被动渗透性,https://www.rcsb.org/ligand/CYJ
仅结构参考,CYQ,2-AMINO-3-PHOSPHONOMETHYLSULFANYL-PROPIONIC ACID,reference,极性／带电侧链,C4 H10 N O5 P S,215.165,,not-audited,,,,复杂度、反应性、极性、端基或保护状态存在明显疑问，不进入默认单体库。,除非有明确研究用途，否则不优先审核。,含磷酸/膦酸相关结构，通常不利于被动跨膜，除非有专门遮蔽设计；以极性/带电特征为主，不宜默认用于提高被动渗透性,https://www.rcsb.org/ligand/CYQ
条件结构候选,CYR,N~5~-[{[(2R)-2-AMINO-2-CARBOXYETHYL]SULFANYL}(IMINIO)METHYL]-L-ORNITHINATE,conditional,极性／带电侧链,C9 H19 N4 O4 S,279.337,,not-audited,,,,结构可能是独立非天然氨基酸，但用途或单体可获得性仍依赖人工核实。,先核对主链连接几何和独立单体身份，再决定是否查合成证据。,分子量超过250 Da，需关注偶联效率、溶解度和总环肽体积；以极性/带电特征为主，不宜默认用于提高被动渗透性,https://www.rcsb.org/ligand/CYR
条件结构候选,CYW,S-[(2R)-2-hydroxypropanoyl]-L-cysteine,conditional,极性／带电侧链,C6 H11 N O4 S,193.221,,not-audited,,,,结构可能是独立非天然氨基酸，但用途或单体可获得性仍依赖人工核实。,先核对主链连接几何和独立单体身份，再决定是否查合成证据。,以极性/带电特征为主，不宜默认用于提高被动渗透性,https://www.rcsb.org/ligand/CYW
排除,CZ2,S-(DIHYDROXYARSINO)CYSTEINE,exclude,极性／带电侧链,C3 H8 As N O4 S,229.087,,not-audited,,,,自动规则识别为整分子、辅因子、金属复合物、完整肽、保护体或缺少常规偶联羧基。,不计入非天然氨基酸单体数量。,,https://www.rcsb.org/ligand/CZ2
仅结构参考,CZO,"[(2R,4S)-2-[(1S,2R)-1-amino-2-hydroxypropyl]-2-hydroxy-4-(4-hydroxybenzyl)-5-oxoimidazolidin-1-yl]acetic acid",reference,芳香／疏水侧链,C15 H21 N3 O6,339.344,,not-audited,,,,复杂度、反应性、极性、端基或保护状态存在明显疑问，不进入默认单体库。,除非有明确研究用途，否则不优先审核。,分子量超过300 Da，单体复杂度和环肽总分子量负担较高,https://www.rcsb.org/ligand/CZO
条件结构候选,CZS,"3-(6-chloro-1,3-benzothiazol-2-yl)-L-alanine",conditional,卤代／电子调节,C10 H9 Cl N2 O2 S,256.709,,not-audited,,,,结构可能是独立非天然氨基酸，但用途或单体可获得性仍依赖人工核实。,先核对主链连接几何和独立单体身份，再决定是否查合成证据。,分子量超过250 Da，需关注偶联效率、溶解度和总环肽体积；CCD仅标为通用peptide linking，需确认真实主链连接几何,https://www.rcsb.org/ligand/CZS
排除,CZZ,THIARSAHYDROXY-CYSTEINE,exclude,极性／带电侧链,C3 H7 As N O3 S,212.079,,not-audited,,,,自动规则识别为整分子、辅因子、金属复合物、完整肽、保护体或缺少常规偶联羧基。,不计入非天然氨基酸单体数量。,,https://www.rcsb.org/ligand/CZZ
已在短肽序列中观察到,D0C,4-chloro-D-phenylalanine,priority,D-构型,C9 H10 Cl N O2,199.634,,short-polymer,2,2,7KJM / 7KJN,该CCD进入过不超过50残基的PDB聚合物序列，支持其作为肽残基使用，但尚未逐条确认独立单体来源。,查原始论文，确认是预制单体偶联还是翻译后/结构内修饰。,CCD未指定标准氨基酸母体，需确认它是独立残基而非氨基酸样片段,https://www.rcsb.org/ligand/D0C
条件结构候选,D0Q,5-methyl-L-tryptophan,conditional,芳香／疏水侧链,C12 H14 N2 O2,218.252,,not-audited,,,,结构可能是独立非天然氨基酸，但用途或单体可获得性仍依赖人工核实。,先核对主链连接几何和独立单体身份，再决定是否查合成证据。,CCD未指定标准氨基酸母体，需确认它是独立残基而非氨基酸样片段,https://www.rcsb.org/ligand/D0Q
仅结构参考,D11,D-PHOSPHOTHREONINE,reference,D-构型,C4 H10 N O6 P,199.099,,not-audited,,,,复杂度、反应性、极性、端基或保护状态存在明显疑问，不进入默认单体库。,除非有明确研究用途，否则不优先审核。,含磷酸/膦酸相关结构，通常不利于被动跨膜，除非有专门遮蔽设计；CCD未指定标准氨基酸母体，需确认它是独立残基而非氨基酸样片段,https://www.rcsb.org/ligand/D11
条件结构候选,D2T,(3R)-3-(methylsulfanyl)-L-aspartic acid,conditional,极性／带电侧链,C5 H9 N O4 S,179.194,,not-audited,,,,结构可能是独立非天然氨基酸，但用途或单体可获得性仍依赖人工核实。,先核对主链连接几何和独立单体身份，再决定是否查合成证据。,以极性/带电特征为主，不宜默认用于提高被动渗透性,https://www.rcsb.org/ligand/D2T
已在短肽序列中观察到,D3P,"(2R)-AMINO(3,5-DIHYDROXYPHENYL)ACETIC ACID",priority,D-构型,C8 H9 N O4,183.161,,short-polymer,4,4,1W7Q / 1W7R / 6M5E,该CCD进入过不超过50残基的PDB聚合物序列，支持其作为肽残基使用，但尚未逐条确认独立单体来源。,查原始论文，确认是预制单体偶联还是翻译后/结构内修饰。,CCD未指定标准氨基酸母体，需确认它是独立残基而非氨基酸样片段,https://www.rcsb.org/ligand/D3P
条件结构候选,D4P,(2S)-AMINO(4-HYDROXYPHENYL)ACETIC ACID,conditional,芳香／疏水侧链,C8 H9 N O3,167.162,,not-audited,,,,结构可能是独立非天然氨基酸，但用途或单体可获得性仍依赖人工核实。,先核对主链连接几何和独立单体身份，再决定是否查合成证据。,CCD未指定标准氨基酸母体，需确认它是独立残基而非氨基酸样片段,https://www.rcsb.org/ligand/D4P
条件结构候选,D8R,N~6~-[(2R)-2-hydroxypropanoyl]-L-lysine,conditional,极性／带电侧链,C9 H18 N2 O4,218.25,,not-audited,,,,结构可能是独立非天然氨基酸，但用途或单体可获得性仍依赖人工核实。,先核对主链连接几何和独立单体身份，再决定是否查合成证据。,以极性/带电特征为主，不宜默认用于提高被动渗透性,https://www.rcsb.org/ligand/D8R
条件结构候选,DA2,"NG,NG-DIMETHYL-L-ARGININE",conditional,极性／带电侧链,C8 H18 N4 O2,202.254,,not-audited,,,,结构可能是独立非天然氨基酸，但用途或单体可获得性仍依赖人工核实。,先核对主链连接几何和独立单体身份，再决定是否查合成证据。,以极性/带电特征为主，不宜默认用于提高被动渗透性,https://www.rcsb.org/ligand/DA2
条件结构候选,DAB,"2,4-DIAMINOBUTYRIC ACID",conditional,极性／带电侧链,C4 H10 N2 O2,118.134,,not-audited,,,,结构可能是独立非天然氨基酸，但用途或单体可获得性仍依赖人工核实。,先核对主链连接几何和独立单体身份，再决定是否查合成证据。,以极性/带电特征为主，不宜默认用于提高被动渗透性,https://www.rcsb.org/ligand/DAB
条件结构候选,DAH,"3,4-DIHYDROXYPHENYLALANINE",conditional,芳香／疏水侧链,C9 H11 N O4,197.188,,not-audited,,,,结构可能是独立非天然氨基酸，但用途或单体可获得性仍依赖人工核实。,先核对主链连接几何和独立单体身份，再决定是否查合成证据。,,https://www.rcsb.org/ligand/DAH
人工证据支持,DAL,D-ALANINE,priority,D-构型,C3 H7 N O2,89.093,DAL,short-polymer,407,347,10TL / 10TM / 148L / 1AJ1 / 1BCK,CCD结构与网站人工整理的论文、专利或药物骨架证据精确对应；可作为优先核验的肽合成单体。,继续核对具体保护形式、偶联方法和供应/合成来源。,CCD未指定标准氨基酸母体，需确认它是独立残基而非氨基酸样片段,https://www.rcsb.org/ligand/DAL
已在短肽序列中观察到,DAM,N-METHYL-ALPHA-BETA-DEHYDROALANINE,priority,N-取代,C4 H7 N O2,101.104,,short-polymer,19,19,1EVA / 1EVB / 1FJM / 1LCM / 2IAE,该CCD进入过不超过50残基的PDB聚合物序列，支持其作为肽残基使用，但尚未逐条确认独立单体来源。,查原始论文，确认是预制单体偶联还是翻译后/结构内修饰。,CCD仅标为通用peptide linking，需确认真实主链连接几何；CCD未指定标准氨基酸母体，需确认它是独立残基而非氨基酸样片段,https://www.rcsb.org/ligand/DAM
条件结构候选,DAR,D-ARGININE,conditional,D-构型,C6 H15 N4 O2,175.209,,not-audited,,,,结构可能是独立非天然氨基酸，但用途或单体可获得性仍依赖人工核实。,先核对主链连接几何和独立单体身份，再决定是否查合成证据。,CCD未指定标准氨基酸母体，需确认它是独立残基而非氨基酸样片段,https://www.rcsb.org/ligand/DAR
条件结构候选,DAS,D-ASPARTIC ACID,conditional,D-构型,C4 H7 N O4,133.103,,not-audited,,,,结构可能是独立非天然氨基酸，但用途或单体可获得性仍依赖人工核实。,先核对主链连接几何和独立单体身份，再决定是否查合成证据。,CCD未指定标准氨基酸母体，需确认它是独立残基而非氨基酸样片段,https://www.rcsb.org/ligand/DAS
已在短肽序列中观察到,DBB,D-ALPHA-AMINOBUTYRIC ACID,priority,D-构型,C4 H9 N O2,103.12,,short-polymer,48,48,1AJ1 / 1MQX / 1MQY / 1MQZ / 1QOW,该CCD进入过不超过50残基的PDB聚合物序列，支持其作为肽残基使用，但尚未逐条确认独立单体来源。,查原始论文，确认是预制单体偶联还是翻译后/结构内修饰。,CCD未指定标准氨基酸母体，需确认它是独立残基而非氨基酸样片段,https://www.rcsb.org/ligand/DBB
条件结构候选,DBS,"2-(2,3-DIHYDROXY-BENZOYLAMINO)-3-HYDROXY-PROPIONIC ACID",conditional,芳香／疏水侧链,C10 H11 N O6,241.197,,not-audited,,,,结构可能是独立非天然氨基酸，但用途或单体可获得性仍依赖人工核实。,先核对主链连接几何和独立单体身份，再决定是否查合成证据。,,https://www.rcsb.org/ligand/DBS
条件结构候选,DBU,(2Z)-2-AMINOBUT-2-ENOIC ACID,conditional,其他CCD肽链核心,C4 H7 N O2,101.104,,not-audited,,,,结构可能是独立非天然氨基酸，但用途或单体可获得性仍依赖人工核实。,先核对主链连接几何和独立单体身份，再决定是否查合成证据。,CCD仅标为通用peptide linking，需确认真实主链连接几何,https://www.rcsb.org/ligand/DBU
仅结构参考,DBY,"3,5 DIBROMOTYROSINE",reference,卤代／电子调节,C9 H9 Br2 N O3,338.981,,not-audited,,,,复杂度、反应性、极性、端基或保护状态存在明显疑问，不进入默认单体库。,除非有明确研究用途，否则不优先审核。,分子量超过300 Da，单体复杂度和环肽总分子量负担较高,https://www.rcsb.org/ligand/DBY
条件结构候选,DBZ,3-(BENZOYLAMINO)-L-ALANINE,conditional,芳香／疏水侧链,C10 H12 N2 O3,208.214,,not-audited,,,,结构可能是独立非天然氨基酸，但用途或单体可获得性仍依赖人工核实。,先核对主链连接几何和独立单体身份，再决定是否查合成证据。,,https://www.rcsb.org/ligand/DBZ
排除,DC2,"N-acetyl-S-[(1S)-1,2-dichloroethyl]-L-cysteine",exclude,卤代／电子调节,C7 H11 Cl2 N O3 S,260.138,,not-audited,,,,自动规则识别为整分子、辅因子、金属复合物、完整肽、保护体或缺少常规偶联羧基。,不计入非天然氨基酸单体数量。,,https://www.rcsb.org/ligand/DC2
已在短肽序列中观察到,DCY,D-CYSTEINE,priority,D-构型,C3 H7 N O2 S,121.158,,short-polymer,94,81,1C4B / 1CZQ / 1E9W / 1OLN / 1PCG,该CCD进入过不超过50残基的PDB聚合物序列，支持其作为肽残基使用，但尚未逐条确认独立单体来源。,查原始论文，确认是预制单体偶联还是翻译后/结构内修饰。,CCD未指定标准氨基酸母体，需确认它是独立残基而非氨基酸样片段,https://www.rcsb.org/ligand/DCY
条件结构候选,DDE,{3-[4-(2-AMINO-2-CARBOXY-ETHYL)-1H-IMIDAZOL-2-YL]-1-CARBAMOYL-PROPYL}-TRIMETHYL-AMMONIUM,conditional,芳香／疏水侧链,C13 H24 N5 O3,298.361,,not-audited,,,,结构可能是独立非天然氨基酸，但用途或单体可获得性仍依赖人工核实。,先核对主链连接几何和独立单体身份，再决定是否查合成证据。,分子量超过250 Da，需关注偶联效率、溶解度和总环肽体积,https://www.rcsb.org/ligand/DDE
条件结构候选,DDZ,"3,3-DIHYDROXY L-ALANINE",conditional,极性／带电侧链,C3 H7 N O4,121.092,,not-audited,,,,结构可能是独立非天然氨基酸，但用途或单体可获得性仍依赖人工核实。,先核对主链连接几何和独立单体身份，再决定是否查合成证据。,以极性/带电特征为主，不宜默认用于提高被动渗透性,https://www.rcsb.org/ligand/DDZ
条件结构候选,DFF,4-benzoyl-D-phenylalanine,conditional,D-构型,C16 H15 N O3,269.295,,not-audited,,,,结构可能是独立非天然氨基酸，但用途或单体可获得性仍依赖人工核实。,先核对主链连接几何和独立单体身份，再决定是否查合成证据。,分子量超过250 Da，需关注偶联效率、溶解度和总环肽体积；CCD未指定标准氨基酸母体，需确认它是独立残基而非氨基酸样片段,https://www.rcsb.org/ligand/DFF
条件结构候选,DFI,"2,2-DIFLUOROSTATINE",conditional,卤代／电子调节,C8 H15 F2 N O3,211.206,,not-audited,,,,结构可能是独立非天然氨基酸，但用途或单体可获得性仍依赖人工核实。,先核对主链连接几何和独立单体身份，再决定是否查合成证据。,CCD未指定标准氨基酸母体，需确认它是独立残基而非氨基酸样片段,https://www.rcsb.org/ligand/DFI
条件结构候选,DFO,"2,2-DIFLUORO-3-HYDROSTATINE",conditional,卤代／电子调节,C8 H15 F2 N O4,227.206,,not-audited,,,,结构可能是独立非天然氨基酸，但用途或单体可获得性仍依赖人工核实。,先核对主链连接几何和独立单体身份，再决定是否查合成证据。,CCD未指定标准氨基酸母体，需确认它是独立残基而非氨基酸样片段,https://www.rcsb.org/ligand/DFO
条件结构候选,DGL / FGA,D-GLUTAMIC ACID,conditional,D-构型,C5 H9 N O4,147.129,,not-audited,,,,结构可能是独立非天然氨基酸，但用途或单体可获得性仍依赖人工核实。,先核对主链连接几何和独立单体身份，再决定是否查合成证据。,CCD未指定标准氨基酸母体，需确认它是独立残基而非氨基酸样片段,https://www.rcsb.org/ligand/DGL
已在短肽序列中观察到,DGN,D-GLUTAMINE,priority,D-构型,C5 H10 N2 O3,146.144,,short-polymer,88,50,1BFW / 1ZEA / 2LDJ / 2Q33,该CCD进入过不超过50残基的PDB聚合物序列，支持其作为肽残基使用，但尚未逐条确认独立单体来源。,查原始论文，确认是预制单体偶联还是翻译后/结构内修饰。,CCD未指定标准氨基酸母体，需确认它是独立残基而非氨基酸样片段,https://www.rcsb.org/ligand/DGN
条件结构候选,DHA,2-AMINO-ACRYLIC ACID,conditional,其他CCD肽链核心,C3 H5 N O2,87.077,,not-audited,,,,结构可能是独立非天然氨基酸，但用途或单体可获得性仍依赖人工核实。,先核对主链连接几何和独立单体身份，再决定是否查合成证据。,CCD仅标为通用peptide linking，需确认真实主链连接几何,https://www.rcsb.org/ligand/DHA
已在短肽序列中观察到,DHI,D-HISTIDINE,priority,D-构型,C6 H10 N3 O2,156.162,,short-polymer,82,47,1CZQ / 1ER8 / 1MCB / 1MCL / 1MCN,该CCD进入过不超过50残基的PDB聚合物序列，支持其作为肽残基使用，但尚未逐条确认独立单体来源。,查原始论文，确认是预制单体偶联还是翻译后/结构内修饰。,CCD未指定标准氨基酸母体，需确认它是独立残基而非氨基酸样片段,https://www.rcsb.org/ligand/DHI
排除,DHL,2-AMINO-ETHANETHIOL,exclude,其他CCD肽链核心,C2 H7 N S,77.149,,not-audited,,,,自动规则识别为整分子、辅因子、金属复合物、完整肽、保护体或缺少常规偶联羧基。,不计入非天然氨基酸单体数量。,,https://www.rcsb.org/ligand/DHL
排除,DHP,"3-DECYL-2,5-DIOXO-4-HYDROXY-3-PYRROLINE",exclude,极性／带电侧链,C14 H23 N O3,253.337,,not-audited,,,,自动规则识别为整分子、辅因子、金属复合物、完整肽、保护体或缺少常规偶联羧基。,不计入非天然氨基酸单体数量。,,https://www.rcsb.org/ligand/DHP
已在短肽序列中观察到,DHV,3-hydroxy-D-valine,priority,D-构型,C5 H11 N O3,133.146,,short-polymer,3,3,2RQO / 7QQ3 / 8B7Y,该CCD进入过不超过50残基的PDB聚合物序列，支持其作为肽残基使用，但尚未逐条确认独立单体来源。,查原始论文，确认是预制单体偶联还是翻译后/结构内修饰。,CCD未指定标准氨基酸母体，需确认它是独立残基而非氨基酸样片段,https://www.rcsb.org/ligand/DHV
条件结构候选,DI7,"2,6-dimethyl-L-tyrosine",conditional,芳香／疏水侧链,C11 H15 N O3,209.242,,not-audited,,,,结构可能是独立非天然氨基酸，但用途或单体可获得性仍依赖人工核实。,先核对主链连接几何和独立单体身份，再决定是否查合成证据。,,https://www.rcsb.org/ligand/DI7
条件结构候选,DI8,"(3S)-1,2,3,4-tetrahydroisoquinoline-3-carboxylic acid",conditional,芳香／疏水侧链,C10 H11 N O2,177.2,,not-audited,,,,结构可能是独立非天然氨基酸，但用途或单体可获得性仍依赖人工核实。,先核对主链连接几何和独立单体身份，再决定是否查合成证据。,CCD未指定标准氨基酸母体，需确认它是独立残基而非氨基酸样片段,https://www.rcsb.org/ligand/DI8
人工证据支持,DIL,D-ISOLEUCINE,priority,D-构型,C6 H13 N O2,131.173,DIL,short-polymer,76,35,1AQ7 / 1C4B / 1CVQ / 1CW8 / 1CWZ,CCD结构与网站人工整理的论文、专利或药物骨架证据精确对应；可作为优先核验的肽合成单体。,继续核对具体保护形式、偶联方法和供应/合成来源。,CCD未指定标准氨基酸母体，需确认它是独立残基而非氨基酸样片段,https://www.rcsb.org/ligand/DIL
条件结构候选,DIR,3-{[(E)-AMINO(HYDROXYIMINO)METHYL]AMINO}ALANINE,conditional,极性／带电侧链,C4 H10 N4 O3,162.147,,not-audited,,,,结构可能是独立非天然氨基酸，但用途或单体可获得性仍依赖人工核实。,先核对主链连接几何和独立单体身份，再决定是否查合成证据。,以极性/带电特征为主，不宜默认用于提高被动渗透性,https://www.rcsb.org/ligand/DIR
仅结构参考,DISEP,DIPHOSPHOSERINE,reference,极性／带电侧链,C3 H9 N O9 P2,265.052,,not-audited,,,,复杂度、反应性、极性、端基或保护状态存在明显疑问，不进入默认单体库。,除非有明确研究用途，否则不优先审核。,分子量超过250 Da，需关注偶联效率、溶解度和总环肽体积；杂原子较多，可能增加暴露极性和去溶剂化代价；含磷酸/膦酸相关结构，通常不利于被动跨膜，除非有专门遮蔽设计；以极性/带电特征为主，不宜默认用于提高被动渗透性,https://www.rcsb.org/ligand/DISEP
已在短肽序列中观察到,DIV,D-ISOVALINE,priority,D-构型,C5 H11 N O2,117.146,,short-polymer,17,17,1DLZ / 1EE7 / 1GQ0 / 1IH9 / 1JOH,该CCD进入过不超过50残基的PDB聚合物序列，支持其作为肽残基使用，但尚未逐条确认独立单体来源。,查原始论文，确认是预制单体偶联还是翻译后/结构内修饰。,CCD未指定标准氨基酸母体，需确认它是独立残基而非氨基酸样片段,https://www.rcsb.org/ligand/DIV
条件结构候选,DJD,"4-(6-methyl-1,2,4,5-tetrazin-3-yl)-L-phenylalanine",conditional,芳香／疏水侧链,C12 H13 N5 O2,259.264,,not-audited,,,,结构可能是独立非天然氨基酸，但用途或单体可获得性仍依赖人工核实。,先核对主链连接几何和独立单体身份，再决定是否查合成证据。,分子量超过250 Da，需关注偶联效率、溶解度和总环肽体积,https://www.rcsb.org/ligand/DJD
人工证据支持,DLE,D-LEUCINE,priority,D-构型,C6 H13 N O2,131.173,DLE,short-polymer,199,158,1AL4 / 1ALX / 1ALZ,CCD结构与网站人工整理的论文、专利或药物骨架证据精确对应；可作为优先核验的肽合成单体。,继续核对具体保护形式、偶联方法和供应/合成来源。,CCD未指定标准氨基酸母体，需确认它是独立残基而非氨基酸样片段,https://www.rcsb.org/ligand/DLE
条件结构候选,DLS,DI-ACETYL-LYSINE,conditional,极性／带电侧链,C10 H18 N2 O4,230.261,,not-audited,,,,结构可能是独立非天然氨基酸，但用途或单体可获得性仍依赖人工核实。,先核对主链连接几何和独立单体身份，再决定是否查合成证据。,以极性/带电特征为主，不宜默认用于提高被动渗透性,https://www.rcsb.org/ligand/DLS
已在短肽序列中观察到,DLY,D-LYSINE,priority,D-构型,C6 H14 N2 O2,146.188,,short-polymer,164,118,1C4B / 1YWH / 22EM / 22ES / 2KQL,该CCD进入过不超过50残基的PDB聚合物序列，支持其作为肽残基使用，但尚未逐条确认独立单体来源。,查原始论文，确认是预制单体偶联还是翻译后/结构内修饰。,CCD未指定标准氨基酸母体，需确认它是独立残基而非氨基酸样片段,https://www.rcsb.org/ligand/DLY
条件结构候选,DM0,"N~2~,N~2~,N~6~,N~6~-tetramethyl-L-lysine",conditional,极性／带电侧链,C10 H22 N2 O2,202.294,,not-audited,,,,结构可能是独立非天然氨基酸，但用途或单体可获得性仍依赖人工核实。,先核对主链连接几何和独立单体身份，再决定是否查合成证据。,以极性/带电特征为主，不宜默认用于提高被动渗透性,https://www.rcsb.org/ligand/DM0
条件结构候选,DMH,"N4,N4-DIMETHYL-ASPARAGINE",conditional,极性／带电侧链,C6 H12 N2 O3,160.171,,not-audited,,,,结构可能是独立非天然氨基酸，但用途或单体可获得性仍依赖人工核实。,先核对主链连接几何和独立单体身份，再决定是否查合成证据。,以极性/带电特征为主，不宜默认用于提高被动渗透性,https://www.rcsb.org/ligand/DMH
条件结构候选,DMK,"3,3-DIMETHYL ASPARTIC ACID",conditional,极性／带电侧链,C6 H11 N O4,161.156,,not-audited,,,,结构可能是独立非天然氨基酸，但用途或单体可获得性仍依赖人工核实。,先核对主链连接几何和独立单体身份，再决定是否查合成证据。,以极性/带电特征为主，不宜默认用于提高被动渗透性,https://www.rcsb.org/ligand/DMK
条件结构候选,DMT,"3-HYDROXY-4,4-DIMETHYL-2-(METHYLAMINO)-6-OCTENOIC ACID",conditional,极性／带电侧链,C11 H21 N O3,215.289,,not-audited,,,,结构可能是独立非天然氨基酸，但用途或单体可获得性仍依赖人工核实。,先核对主链连接几何和独立单体身份，再决定是否查合成证据。,CCD未指定标准氨基酸母体，需确认它是独立残基而非氨基酸样片段；以极性/带电特征为主，不宜默认用于提高被动渗透性,https://www.rcsb.org/ligand/DMT
已在短肽序列中观察到,DNE,D-NORLEUCINE,priority,D-构型,C6 H13 N O2,131.173,,short-polymer,25,9,1R9V / 1S1O / 1S4A / 6WSJ / 7PFQ,该CCD进入过不超过50残基的PDB聚合物序列，支持其作为肽残基使用，但尚未逐条确认独立单体来源。,查原始论文，确认是预制单体偶联还是翻译后/结构内修饰。,CCD未指定标准氨基酸母体，需确认它是独立残基而非氨基酸样片段,https://www.rcsb.org/ligand/DNE
排除,DNG,N-FORMYL-D-NORLEUCINE,exclude,D-构型,C7 H13 N O3,159.183,,not-audited,,,,自动规则识别为整分子、辅因子、金属复合物、完整肽、保护体或缺少常规偶联羧基。,不计入非天然氨基酸单体数量。,,https://www.rcsb.org/ligand/DNG
排除,DNL,6-AMINO-HEXANAL,exclude,其他CCD肽链核心,C6 H13 N O,115.174,,not-audited,,,,自动规则识别为整分子、辅因子、金属复合物、完整肽、保护体或缺少常规偶联羧基。,不计入非天然氨基酸单体数量。,,https://www.rcsb.org/ligand/DNL
已在短肽序列中观察到,DNM,N-methyl-D-norleucine,priority,N-取代,C7 H15 N O2,145.199,,short-polymer,3,3,1R9V / 1S1O / 1S4A,该CCD进入过不超过50残基的PDB聚合物序列，支持其作为肽残基使用，但尚未逐条确认独立单体来源。,查原始论文，确认是预制单体偶联还是翻译后/结构内修饰。,CCD未指定标准氨基酸母体，需确认它是独立残基而非氨基酸样片段,https://www.rcsb.org/ligand/DNM
条件结构候选,DNP,3-AMINO-ALANINE,conditional,极性／带电侧链,C3 H9 N2 O2,105.116,,not-audited,,,,结构可能是独立非天然氨基酸，但用途或单体可获得性仍依赖人工核实。,先核对主链连接几何和独立单体身份，再决定是否查合成证据。,以极性/带电特征为主，不宜默认用于提高被动渗透性,https://www.rcsb.org/ligand/DNP
仅结构参考,DNS,N~6~-{[5-(DIMETHYLAMINO)-1-NAPHTHYL]SULFONYL}-L-LYSINE,reference,芳香／疏水侧链,C18 H25 N3 O4 S,379.474,,not-audited,,,,复杂度、反应性、极性、端基或保护状态存在明显疑问，不进入默认单体库。,除非有明确研究用途，否则不优先审核。,分子量超过300 Da，单体复杂度和环肽总分子量负担较高,https://www.rcsb.org/ligand/DNS
条件结构候选,DNW,"3-[(2,4-dinitrophenyl)amino]-L-alanine",conditional,芳香／疏水侧链,C9 H10 N4 O6,270.199,,not-audited,,,,结构可能是独立非天然氨基酸，但用途或单体可获得性仍依赖人工核实。,先核对主链连接几何和独立单体身份，再决定是否查合成证据。,分子量超过250 Da，需关注偶联效率、溶解度和总环肽体积,https://www.rcsb.org/ligand/DNW
条件结构候选,DO2,"5,5-dihydroxy-6-oxo-L-norleucine",conditional,极性／带电侧链,C6 H11 N O5,177.155,,not-audited,,,,结构可能是独立非天然氨基酸，但用途或单体可获得性仍依赖人工核实。,先核对主链连接几何和独立单体身份，再决定是否查合成证据。,CCD未指定标准氨基酸母体，需确认它是独立残基而非氨基酸样片段；以极性/带电特征为主，不宜默认用于提高被动渗透性,https://www.rcsb.org/ligand/DO2
条件结构候选,DOA,12-AMINO-DODECANOIC ACID,conditional,其他CCD肽链核心,C12 H25 N O2,215.332,,not-audited,,,,结构可能是独立非天然氨基酸，但用途或单体可获得性仍依赖人工核实。,先核对主链连接几何和独立单体身份，再决定是否查合成证据。,CCD未指定标准氨基酸母体，需确认它是独立残基而非氨基酸样片段,https://www.rcsb.org/ligand/DOA
条件结构候选,DON,6-DIAZENYL-5-OXO-L-NORLEUCINE,conditional,极性／带电侧链,C6 H11 N3 O3,173.17,,not-audited,,,,结构可能是独立非天然氨基酸，但用途或单体可获得性仍依赖人工核实。,先核对主链连接几何和独立单体身份，再决定是否查合成证据。,以极性/带电特征为主，不宜默认用于提高被动渗透性,https://www.rcsb.org/ligand/DON
已在短肽序列中观察到,DPL,4-OXOPROLINE,priority,构象限制,C5 H7 N O3,129.114,,short-polymer,1,1,1QFI,该CCD进入过不超过50残基的PDB聚合物序列，支持其作为肽残基使用，但尚未逐条确认独立单体来源。,查原始论文，确认是预制单体偶联还是翻译后/结构内修饰。,,https://www.rcsb.org/ligand/DPL
人工证据支持,DPN,D-PHENYLALANINE,priority,D-构型,C9 H11 N O2,165.189,DPN,short-polymer,193,152,1ABI / 1B0Q / 1BFW / 1GO9 / 1GOE,CCD结构与网站人工整理的论文、专利或药物骨架证据精确对应；可作为优先核验的肽合成单体。,继续核对具体保护形式、偶联方法和供应/合成来源。,CCD未指定标准氨基酸母体，需确认它是独立残基而非氨基酸样片段,https://www.rcsb.org/ligand/DPN
人工证据支持,DPP,DIAMINOPROPANOIC ACID,conditional,极性／带电侧链,C3 H8 N2 O2,104.108,DPP,not-audited,,,,CCD结构与网站人工整理的论文、专利或药物骨架证据精确对应；可作为优先核验的肽合成单体。,继续核对具体保护形式、偶联方法和供应/合成来源。,以极性/带电特征为主，不宜默认用于提高被动渗透性,https://www.rcsb.org/ligand/DPP
仅在较长聚合物中观察到,DPQ,"(S)-2-AMINO-3-(4-HYDROXY-3-OXOCYCLOHEXA-1,4-DIENYL)PROPANOIC ACID",priority,构象限制,C9 H11 N O4,197.188,,polymer-only,1,0,2YX9,该CCD进入过PDB聚合物序列，但目前没有短肽命中，不能直接推断适合常规肽合成。,核对残基形成方式及是否存在独立保护单体。,,https://www.rcsb.org/ligand/DPQ
人工证据支持,DPR,D-PROLINE,priority,D-构型,C5 H9 N O2,115.13,DPR,short-polymer,247,208,1BFW / 1H0G / 1IC9 / 1ICL / 1ICO,CCD结构与网站人工整理的论文、专利或药物骨架证据精确对应；可作为优先核验的肽合成单体。,继续核对具体保护形式、偶联方法和供应/合成来源。,CCD未指定标准氨基酸母体，需确认它是独立残基而非氨基酸样片段,https://www.rcsb.org/ligand/DPR
已在短肽序列中观察到,DSE,N-METHYL-D-SERINE,priority,N-取代,C4 H9 N O3,119.119,,short-polymer,7,7,1CWH / 1T7D / 3IIQ / 3S04 / 5CGN,该CCD进入过不超过50残基的PDB聚合物序列，支持其作为肽残基使用，但尚未逐条确认独立单体来源。,查原始论文，确认是预制单体偶联还是翻译后/结构内修饰。,CCD未指定标准氨基酸母体，需确认它是独立残基而非氨基酸样片段,https://www.rcsb.org/ligand/DSE
已在短肽序列中观察到,DSG,D-ASPARAGINE,priority,D-构型,C4 H8 N2 O3,132.118,,short-polymer,97,54,1T5M / 1T5N / 1XT7 / 2IGZ / 2IH0,该CCD进入过不超过50残基的PDB聚合物序列，支持其作为肽残基使用，但尚未逐条确认独立单体来源。,查原始论文，确认是预制单体偶联还是翻译后/结构内修饰。,CCD未指定标准氨基酸母体，需确认它是独立残基而非氨基酸样片段,https://www.rcsb.org/ligand/DSG
已在短肽序列中观察到,DSN,D-SERINE,priority,D-构型,C3 H7 N O3,105.093,,short-polymer,164,118,185D / 193D / 1BFW / 1CYN / 1PFE,该CCD进入过不超过50残基的PDB聚合物序列，支持其作为肽残基使用，但尚未逐条确认独立单体来源。,查原始论文，确认是预制单体偶联还是翻译后/结构内修饰。,CCD未指定标准氨基酸母体，需确认它是独立残基而非氨基酸样片段,https://www.rcsb.org/ligand/DSN
已在短肽序列中观察到,DTH,D-THREONINE,priority,D-构型,C4 H9 N O3,119.119,,short-polymer,135,95,2JUE / 2KQL / 2L9X / 2Q33,该CCD进入过不超过50残基的PDB聚合物序列，支持其作为肽残基使用，但尚未逐条确认独立单体来源。,查原始论文，确认是预制单体偶联还是翻译后/结构内修饰。,CCD未指定标准氨基酸母体，需确认它是独立残基而非氨基酸样片段,https://www.rcsb.org/ligand/DTH
已在短肽序列中观察到,DTR,D-TRYPTOPHAN,priority,D-构型,C11 H12 N2 O2,204.225,,short-polymer,130,114,1CZQ / 1DFY / 1DFZ / 1DG0 / 1NXN,该CCD进入过不超过50残基的PDB聚合物序列，支持其作为肽残基使用，但尚未逐条确认独立单体来源。,查原始论文，确认是预制单体偶联还是翻译后/结构内修饰。,CCD未指定标准氨基酸母体，需确认它是独立残基而非氨基酸样片段,https://www.rcsb.org/ligand/DTR
已在短肽序列中观察到,DTY,D-TYROSINE,priority,D-构型,C9 H11 N O3,181.189,,short-polymer,163,122,11MG / 11MH / 1C4B / 1D7T / 1UNO,该CCD进入过不超过50残基的PDB聚合物序列，支持其作为肽残基使用，但尚未逐条确认独立单体来源。,查原始论文，确认是预制单体偶联还是翻译后/结构内修饰。,CCD未指定标准氨基酸母体，需确认它是独立残基而非氨基酸样片段,https://www.rcsb.org/ligand/DTY
条件结构候选,DV7,L-(7-hydroxycoumarin-4-yl)ethylglycine,conditional,芳香／疏水侧链,C13 H13 N O5,263.246,,not-audited,,,,结构可能是独立非天然氨基酸，但用途或单体可获得性仍依赖人工核实。,先核对主链连接几何和独立单体身份，再决定是否查合成证据。,分子量超过250 Da，需关注偶联效率、溶解度和总环肽体积；CCD未指定标准氨基酸母体，需确认它是独立残基而非氨基酸样片段,https://www.rcsb.org/ligand/DV7
仅结构参考,DV9,"(2S)-2-azanyl-6,6-bis(fluoranyl)-5-oxidanylidene-6-phosphono-hexanoic acid",reference,极性／带电侧链,C6 H10 F2 N O6 P,261.117,,not-audited,,,,复杂度、反应性、极性、端基或保护状态存在明显疑问，不进入默认单体库。,除非有明确研究用途，否则不优先审核。,分子量超过250 Da，需关注偶联效率、溶解度和总环肽体积；含磷酸/膦酸相关结构，通常不利于被动跨膜，除非有专门遮蔽设计；以极性/带电特征为主，不宜默认用于提高被动渗透性,https://www.rcsb.org/ligand/DV9
人工证据支持,DVA,D-VALINE,priority,D-构型,C5 H11 N O2,117.146,DVA,short-polymer,204,157,173D / 1A7Y / 1A7Z / 1AL4 / 1ALX,CCD结构与网站人工整理的论文、专利或药物骨架证据精确对应；可作为优先核验的肽合成单体。,继续核对具体保护形式、偶联方法和供应/合成来源。,CCD未指定标准氨基酸母体，需确认它是独立残基而非氨基酸样片段,https://www.rcsb.org/ligand/DVA
条件结构候选,DYA,DIDEHYDROASPARTATE,conditional,极性／带电侧链,C4 H5 N O4,131.087,,not-audited,,,,结构可能是独立非天然氨基酸，但用途或单体可获得性仍依赖人工核实。,先核对主链连接几何和独立单体身份，再决定是否查合成证据。,以极性/带电特征为主，不宜默认用于提高被动渗透性,https://www.rcsb.org/ligand/DYA
仅结构参考,DYG,(3S)-3-amino-3-[(4Z)-1-(carboxymethyl)-4-[(4-hydroxyphenyl)methylidene]-5-oxo-imidazol-2-yl]propanoic acid,reference,芳香／疏水侧链,C15 H15 N3 O6,333.296,,not-audited,,,,复杂度、反应性、极性、端基或保护状态存在明显疑问，不进入默认单体库。,除非有明确研究用途，否则不优先审核。,分子量超过300 Da，单体复杂度和环肽总分子量负担较高,https://www.rcsb.org/ligand/DYG
条件结构候选,DYJ,1-[(2E)-4-carboxy-4-oxobut-2-en-2-yl]-L-proline,conditional,构象限制,C10 H13 N O5,227.214,,not-audited,,,,结构可能是独立非天然氨基酸，但用途或单体可获得性仍依赖人工核实。,先核对主链连接几何和独立单体身份，再决定是否查合成证据。,,https://www.rcsb.org/ligand/DYJ
已在短肽序列中观察到,DYL,(2R)-2-aminopent-4-enoic acid,priority,D-构型,C5 H9 N O2,115.13,,short-polymer,1,1,4NR1,该CCD进入过不超过50残基的PDB聚合物序列，支持其作为肽残基使用，但尚未逐条确认独立单体来源。,查原始论文，确认是预制单体偶联还是翻译后/结构内修饰。,CCD未指定标准氨基酸母体，需确认它是独立残基而非氨基酸样片段,https://www.rcsb.org/ligand/DYL
条件结构候选,DYS,"S-[5-(2-aminoethyl)-2,3-dihydroxyphenyl]-L-cysteine",conditional,芳香／疏水侧链,C11 H16 N2 O4 S,272.321,,not-audited,,,,结构可能是独立非天然氨基酸，但用途或单体可获得性仍依赖人工核实。,先核对主链连接几何和独立单体身份，再决定是否查合成证据。,分子量超过250 Da，需关注偶联效率、溶解度和总环肽体积,https://www.rcsb.org/ligand/DYS
已在短肽序列中观察到,E03,6-FLUORO-D-TRYPTOPHAN,priority,D-构型,C11 H11 F N2 O2,222.216,,short-polymer,1,1,6KZU,该CCD进入过不超过50残基的PDB聚合物序列，支持其作为肽残基使用，但尚未逐条确认独立单体来源。,查原始论文，确认是预制单体偶联还是翻译后/结构内修饰。,CCD未指定标准氨基酸母体，需确认它是独立残基而非氨基酸样片段,https://www.rcsb.org/ligand/E03
仅结构参考,E0Y,"(3S,5R)-5-[(2R,3R)-1,3-dihydroxybutan-2-yl]-3-({(3R)-1-[(1E)-ethanimidoyl]pyrrolidin-3-yl}sulfanyl)-L-proline",reference,构象限制,C15 H27 N3 O4 S,345.458,,not-audited,,,,复杂度、反应性、极性、端基或保护状态存在明显疑问，不进入默认单体库。,除非有明确研究用途，否则不优先审核。,分子量超过300 Da，单体复杂度和环肽总分子量负担较高,https://www.rcsb.org/ligand/E0Y
条件结构候选,E95,7-Methyl-L-Tryptophan,conditional,芳香／疏水侧链,C12 H14 N2 O2,218.252,,not-audited,,,,结构可能是独立非天然氨基酸，但用途或单体可获得性仍依赖人工核实。,先核对主链连接几何和独立单体身份，再决定是否查合成证据。,CCD未指定标准氨基酸母体，需确认它是独立残基而非氨基酸样片段,https://www.rcsb.org/ligand/E95
条件结构候选,E9C,"(2S)-2-azanyl-3-[3,4,6-tris(oxidanylidene)cyclohexen-1-yl]propanoic acid",conditional,构象限制,C9 H9 N O5,211.171,,not-audited,,,,结构可能是独立非天然氨基酸，但用途或单体可获得性仍依赖人工核实。,先核对主链连接几何和独立单体身份，再决定是否查合成证据。,,https://www.rcsb.org/ligand/E9C
已在短肽序列中观察到,E9M,N-methyl-L-tryptophan,priority,N-取代,C12 H14 N2 O2,218.252,,short-polymer,3,3,6BVW / 6HVB / 8B9U,该CCD进入过不超过50残基的PDB聚合物序列，支持其作为肽残基使用，但尚未逐条确认独立单体来源。,查原始论文，确认是预制单体偶联还是翻译后/结构内修饰。,,https://www.rcsb.org/ligand/E9M
已在短肽序列中观察到,E9V,N-methyl-L-histidine,priority,N-取代,C7 H11 N3 O2,169.181,,short-polymer,1,1,6BVY,该CCD进入过不超过50残基的PDB聚合物序列，支持其作为肽残基使用，但尚未逐条确认独立单体来源。,查原始论文，确认是预制单体偶联还是翻译后/结构内修饰。,,https://www.rcsb.org/ligand/E9V
排除,ECC,(4S)-4-amino-5-hydroxypentanamide,exclude,极性／带电侧链,C5 H12 N2 O2,132.161,,not-audited,,,,自动规则识别为整分子、辅因子、金属复合物、完整肽、保护体或缺少常规偶联羧基。,不计入非天然氨基酸单体数量。,,https://www.rcsb.org/ligand/ECC
条件结构候选,ECX,S-ethyl-L-cysteine,conditional,其他CCD肽链核心,C5 H11 N O2 S,149.211,,not-audited,,,,结构可能是独立非天然氨基酸，但用途或单体可获得性仍依赖人工核实。,先核对主链连接几何和独立单体身份，再决定是否查合成证据。,,https://www.rcsb.org/ligand/ECX
条件结构候选,EEP,"(2S,4R)-2-amino-4,5-dihydroxy-4-methylpentanoic acid",conditional,极性／带电侧链,C6 H13 N O4,163.172,,not-audited,,,,结构可能是独立非天然氨基酸，但用途或单体可获得性仍依赖人工核实。,先核对主链连接几何和独立单体身份，再决定是否查合成证据。,CCD未指定标准氨基酸母体，需确认它是独立残基而非氨基酸样片段；以极性/带电特征为主，不宜默认用于提高被动渗透性,https://www.rcsb.org/ligand/EEP
条件结构候选,EFC,"S,S-(2-FLUOROETHYL)THIOCYSTEINE",conditional,卤代／电子调节,C5 H10 F N O2 S2,199.267,,not-audited,,,,结构可能是独立非天然氨基酸，但用途或单体可获得性仍依赖人工核实。,先核对主链连接几何和独立单体身份，再决定是否查合成证据。,,https://www.rcsb.org/ligand/EFC
条件结构候选,EI4,Enduracididine,conditional,极性／带电侧链,C6 H12 N4 O2,172.185,,not-audited,,,,结构可能是独立非天然氨基酸，但用途或单体可获得性仍依赖人工核实。,先核对主链连接几何和独立单体身份，再决定是否查合成证据。,以极性/带电特征为主，不宜默认用于提高被动渗透性,https://www.rcsb.org/ligand/EI4
条件结构候选,EJA,S-[(1Z)-2-carboxy-N-hydroxyethanimidoyl]-L-cysteine,conditional,极性／带电侧链,C6 H10 N2 O5 S,222.219,,not-audited,,,,结构可能是独立非天然氨基酸，但用途或单体可获得性仍依赖人工核实。,先核对主链连接几何和独立单体身份，再决定是否查合成证据。,以极性/带电特征为主，不宜默认用于提高被动渗透性,https://www.rcsb.org/ligand/EJA
排除,EJJ,N-CARBAMOYL-GLYCINE,exclude,极性／带电侧链,C3 H6 N2 O3,118.091,,not-audited,,,,自动规则识别为整分子、辅因子、金属复合物、完整肽、保护体或缺少常规偶联羧基。,不计入非天然氨基酸单体数量。,,https://www.rcsb.org/ligand/EJJ
排除,EJM,L-norleucine aldehyde,exclude,其他CCD肽链核心,C6 H13 N O,115.174,,not-audited,,,,自动规则识别为整分子、辅因子、金属复合物、完整肽、保护体或缺少常规偶联羧基。,不计入非天然氨基酸单体数量。,,https://www.rcsb.org/ligand/EJM
条件结构候选,ELY,"N~6~,N~6~-diethyl-L-lysine",conditional,极性／带电侧链,C10 H22 N2 O2,202.294,,not-audited,,,,结构可能是独立非天然氨基酸，但用途或单体可获得性仍依赖人工核实。,先核对主链连接几何和独立单体身份，再决定是否查合成证据。,以极性/带电特征为主，不宜默认用于提高被动渗透性,https://www.rcsb.org/ligand/ELY
已在短肽序列中观察到,EME,N-methyl-L-glutamic acid,priority,N-取代,C6 H11 N O4,161.156,,short-polymer,4,3,4E82 / 7XJO / 8VDV,该CCD进入过不超过50残基的PDB聚合物序列，支持其作为肽残基使用，但尚未逐条确认独立单体来源。,查原始论文，确认是预制单体偶联还是翻译后/结构内修饰。,,https://www.rcsb.org/ligand/EME
条件结构候选,EO2,"4,5-Dehydro-L-leucine",conditional,其他CCD肽链核心,C6 H11 N O2,129.157,,not-audited,,,,结构可能是独立非天然氨基酸，但用途或单体可获得性仍依赖人工核实。,先核对主链连接几何和独立单体身份，再决定是否查合成证据。,CCD未指定标准氨基酸母体，需确认它是独立残基而非氨基酸样片段,https://www.rcsb.org/ligand/EO2
已在短肽序列中观察到,EOE,beta3-proline,priority,构象限制,C6 H11 N O2,129.157,,short-polymer,10,10,6G6X / 6G8P / 6PRL / 7WXX / 7XGJ,该CCD进入过不超过50残基的PDB聚合物序列，支持其作为肽残基使用，但尚未逐条确认独立单体来源。,查原始论文，确认是预制单体偶联还是翻译后/结构内修饰。,CCD未指定标准氨基酸母体，需确认它是独立残基而非氨基酸样片段,https://www.rcsb.org/ligand/EOE
排除,ERL,"(1S,2S)-2-azanyl-1-oxidanyl-hexane-1-sulfonic acid",exclude,极性／带电侧链,C6 H15 N O4 S,197.253,,not-audited,,,,自动规则识别为整分子、辅因子、金属复合物、完整肽、保护体或缺少常规偶联羧基。,不计入非天然氨基酸单体数量。,,https://www.rcsb.org/ligand/ERL
仅在较长聚合物中观察到,ESB,"3-[(3E)-3-(ETHYLIMINO)-4-HYDROXY-6-OXOCYCLOHEXA-1,4-DIEN-1-YL]-L-ALANINE",priority,构象限制,C11 H14 N2 O4,238.24,,polymer-only,1,0,2ZL8,该CCD进入过PDB聚合物序列，但目前没有短肽命中，不能直接推断适合常规肽合成。,核对残基形成方式及是否存在独立保护单体。,,https://www.rcsb.org/ligand/ESB
条件结构候选,ESC,2-AMINO-4-ETHYL SULFANYL BUTYRIC ACID,conditional,其他CCD肽链核心,C6 H13 N O2 S,163.238,,not-audited,,,,结构可能是独立非天然氨基酸，但用途或单体可获得性仍依赖人工核实。,先核对主链连接几何和独立单体身份，再决定是否查合成证据。,,https://www.rcsb.org/ligand/ESC
条件结构候选,EU0,1-[(2~{S})-3-methyl-1-oxidanylidene-butan-2-yl]guanidine,conditional,极性／带电侧链,C6 H14 N3 O2,160.194,,not-audited,,,,结构可能是独立非天然氨基酸，但用途或单体可获得性仍依赖人工核实。,先核对主链连接几何和独立单体身份，再决定是否查合成证据。,以极性/带电特征为主，不宜默认用于提高被动渗透性,https://www.rcsb.org/ligand/EU0
条件结构候选,EUP,4-amino-L-allothreonine,conditional,极性／带电侧链,C4 H10 N2 O3,134.134,,not-audited,,,,结构可能是独立非天然氨基酸，但用途或单体可获得性仍依赖人工核实。,先核对主链连接几何和独立单体身份，再决定是否查合成证据。,以极性/带电特征为主，不宜默认用于提高被动渗透性,https://www.rcsb.org/ligand/EUP
已在短肽序列中观察到,EW6,alpha-methyl-L-serine,priority,α位取代,C4 H9 N O3,119.119,,short-polymer,2,2,8DFZ / 9MF9,该CCD进入过不超过50残基的PDB聚合物序列，支持其作为肽残基使用，但尚未逐条确认独立单体来源。,查原始论文，确认是预制单体偶联还是翻译后/结构内修饰。,,https://www.rcsb.org/ligand/EW6
排除,EXA,N~6~-[(R)-[(E)-(1-carboxyethylidene)amino]{3-hydroxy-2-methyl-5-[(phosphonooxy)methyl]pyridin-4-yl}methyl]-L-lysine,exclude,芳香／疏水侧链,C17 H27 N4 O9 P,462.391,,not-audited,,,,自动规则识别为整分子、辅因子、金属复合物、完整肽、保护体或缺少常规偶联羧基。,不计入非天然氨基酸单体数量。,,https://www.rcsb.org/ligand/EXA
条件结构候选,EXL,1-Methyl-L-tryptophan,conditional,芳香／疏水侧链,C12 H14 N2 O2,218.252,,not-audited,,,,结构可能是独立非天然氨基酸，但用途或单体可获得性仍依赖人工核实。,先核对主链连接几何和独立单体身份，再决定是否查合成证据。,,https://www.rcsb.org/ligand/EXL
条件结构候选,EXY,6-[(2R)-oxiran-2-yl]-L-norleucine,conditional,极性／带电侧链,C8 H15 N O3,173.21,,not-audited,,,,结构可能是独立非天然氨基酸，但用途或单体可获得性仍依赖人工核实。,先核对主链连接几何和独立单体身份，再决定是否查合成证据。,以极性/带电特征为主，不宜默认用于提高被动渗透性,https://www.rcsb.org/ligand/EXY
仅结构参考,EYG,"{(2R,4Z)-2-[(1R)-1-amino-3-(methylsulfanyl)propyl]-2-hydroxy-4-[(4-hydroxyphenyl)methylidene]-5-oxoimidazolidin-1-yl}acetic acid",reference,芳香／疏水侧链,C16 H21 N3 O5 S,367.42,,not-audited,,,,复杂度、反应性、极性、端基或保护状态存在明显疑问，不进入默认单体库。,除非有明确研究用途，否则不优先审核。,分子量超过300 Da，单体复杂度和环肽总分子量负担较高,https://www.rcsb.org/ligand/EYG
仅结构参考,F0G,(E)-N-({3-hydroxy-2-methyl-5-[(phosphonooxy)methyl]pyridin-4-yl}methylidene)-L-alanine,reference,芳香／疏水侧链,C11 H15 N2 O7 P,318.22,,not-audited,,,,复杂度、反应性、极性、端基或保护状态存在明显疑问，不进入默认单体库。,除非有明确研究用途，否则不优先审核。,分子量超过300 Da，单体复杂度和环肽总分子量负担较高；杂原子较多，可能增加暴露极性和去溶剂化代价；含磷酸/膦酸相关结构，通常不利于被动跨膜，除非有专门遮蔽设计；CCD未指定标准氨基酸母体，需确认它是独立残基而非氨基酸样片段,https://www.rcsb.org/ligand/F0G
条件结构候选,F2F,"3,4-difluoro-L-phenylalanine",conditional,卤代／电子调节,C9 H9 F2 N O2,201.17,,not-audited,,,,结构可能是独立非天然氨基酸，但用途或单体可获得性仍依赖人工核实。,先核对主链连接几何和独立单体身份，再决定是否查合成证据。,,https://www.rcsb.org/ligand/F2F
条件结构候选,F2Y,"3,5-difluoro-L-tyrosine",conditional,卤代／电子调节,C9 H9 F2 N O3,217.169,,not-audited,,,,结构可能是独立非天然氨基酸，但用途或单体可获得性仍依赖人工核实。,先核对主链连接几何和独立单体身份，再决定是否查合成证据。,,https://www.rcsb.org/ligand/F2Y
排除,F3M,"methyl 4-amino-2,4,5-trideoxy-5,5,5-trifluoro-L-threo-pentonate",exclude,卤代／电子调节,C6 H10 F3 N O3,201.144,,not-audited,,,,自动规则识别为整分子、辅因子、金属复合物、完整肽、保护体或缺少常规偶联羧基。,不计入非天然氨基酸单体数量。,,https://www.rcsb.org/ligand/F3M
条件结构候选,F3T,"4-amino-2,4,5-trideoxy-5,5,5-trifluoro-L-threo-pentonic acid",conditional,卤代／电子调节,C5 H8 F3 N O3,187.117,,not-audited,,,,结构可能是独立非天然氨基酸，但用途或单体可获得性仍依赖人工核实。,先核对主链连接几何和独立单体身份，再决定是否查合成证据。,CCD未指定标准氨基酸母体，需确认它是独立残基而非氨基酸样片段,https://www.rcsb.org/ligand/F3T
条件结构候选,F6N,"2-(aminomethyl)-1,3-oxazole-4-carboxylic acid",conditional,芳香／疏水侧链,C5 H6 N2 O3,142.113,,not-audited,,,,结构可能是独立非天然氨基酸，但用途或单体可获得性仍依赖人工核实。,先核对主链连接几何和独立单体身份，再决定是否查合成证据。,CCD仅标为通用peptide linking，需确认真实主链连接几何,https://www.rcsb.org/ligand/F6N
条件结构候选,F75,"2-(aminomethyl)-1,3-thiazole-4-carboxylic acid",conditional,芳香／疏水侧链,C5 H6 N2 O2 S,158.178,,not-audited,,,,结构可能是独立非天然氨基酸，但用途或单体可获得性仍依赖人工核实。,先核对主链连接几何和独立单体身份，再决定是否查合成证据。,CCD仅标为通用peptide linking，需确认真实主链连接几何,https://www.rcsb.org/ligand/F75
条件结构候选,F7P,1-[(3R)-3-hydroxy-2-methylbutan-2-yl]-L-tryptophan,conditional,芳香／疏水侧链,C16 H22 N2 O3,290.357,,not-audited,,,,结构可能是独立非天然氨基酸，但用途或单体可获得性仍依赖人工核实。,先核对主链连接几何和独立单体身份，再决定是否查合成证据。,分子量超过250 Da，需关注偶联效率、溶解度和总环肽体积；CCD未指定标准氨基酸母体，需确认它是独立残基而非氨基酸样片段,https://www.rcsb.org/ligand/F7P
条件结构候选,F7Q,"(2~{S})-2-azanyl-3-[1-(dioxidanyl)-4-oxidanylidene-cyclohexa-2,5-dien-1-yl]propanoic acid",conditional,构象限制,C9 H11 N O5,213.187,,not-audited,,,,结构可能是独立非天然氨基酸，但用途或单体可获得性仍依赖人工核实。,先核对主链连接几何和独立单体身份，再决定是否查合成证据。,,https://www.rcsb.org/ligand/F7Q
已在短肽序列中观察到,F7S,(4S)-5-hydroxy-N-methyl-L-leucine,priority,N-取代,C7 H15 N O3,161.199,,short-polymer,1,1,6CN8,该CCD进入过不超过50残基的PDB聚合物序列，支持其作为肽残基使用，但尚未逐条确认独立单体来源。,查原始论文，确认是预制单体偶联还是翻译后/结构内修饰。,CCD未指定标准氨基酸母体，需确认它是独立残基而非氨基酸样片段,https://www.rcsb.org/ligand/F7S
条件结构候选,F7V,"(2S,4E)-2-aminohex-4-enoic acid",conditional,其他CCD肽链核心,C6 H11 N O2,129.157,,not-audited,,,,结构可能是独立非天然氨基酸，但用途或单体可获得性仍依赖人工核实。,先核对主链连接几何和独立单体身份，再决定是否查合成证据。,CCD未指定标准氨基酸母体，需确认它是独立残基而非氨基酸样片段,https://www.rcsb.org/ligand/F7V
条件结构候选,F7W,7-Fluorotryptophan,conditional,卤代／电子调节,C11 H11 F N2 O2,222.216,,not-audited,,,,结构可能是独立非天然氨基酸，但用途或单体可获得性仍依赖人工核实。,先核对主链连接几何和独立单体身份，再决定是否查合成证据。,,https://www.rcsb.org/ligand/F7W
条件结构候选,F93,"(2R,3S)-2-azanyl-3-(3-chloranyl-4-oxidanyl-phenyl)-3-oxidanyl-propanoic acid",conditional,芳香／疏水侧链,C9 H10 Cl N O4,231.633,,not-audited,,,,结构可能是独立非天然氨基酸，但用途或单体可获得性仍依赖人工核实。,先核对主链连接几何和独立单体身份，再决定是否查合成证据。,CCD仅标为通用peptide linking，需确认真实主链连接几何；CCD未指定标准氨基酸母体，需确认它是独立残基而非氨基酸样片段,https://www.rcsb.org/ligand/F93
已在短肽序列中观察到,F9D,(2R)-2-aminopent-4-ynoic acid,priority,D-构型,C5 H7 N O2,113.115,,short-polymer,2,2,6CNU / 9DXX,该CCD进入过不超过50残基的PDB聚合物序列，支持其作为肽残基使用，但尚未逐条确认独立单体来源。,查原始论文，确认是预制单体偶联还是翻译后/结构内修饰。,CCD未指定标准氨基酸母体，需确认它是独立残基而非氨基酸样片段,https://www.rcsb.org/ligand/F9D
条件结构候选,FAK,N~6~-(trifluoroacetyl)-L-lysine,conditional,卤代／电子调节,C8 H13 F3 N2 O3,242.196,,not-audited,,,,结构可能是独立非天然氨基酸，但用途或单体可获得性仍依赖人工核实。,先核对主链连接几何和独立单体身份，再决定是否查合成证据。,,https://www.rcsb.org/ligand/FAK
条件结构候选,FB5,2-(difluoromethyl)-6-(dihydroxyboranyl)-L-norleucine,conditional,卤代／电子调节,C7 H14 B F2 N O4,224.998,,not-audited,,,,结构可能是独立非天然氨基酸，但用途或单体可获得性仍依赖人工核实。,先核对主链连接几何和独立单体身份，再决定是否查合成证据。,,https://www.rcsb.org/ligand/FB5
条件结构候选,FB6,6-(dihydroxyboranyl)-2-methyl-L-norleucine,conditional,极性／带电侧链,C7 H16 B N O4,189.017,,not-audited,,,,结构可能是独立非天然氨基酸，但用途或单体可获得性仍依赖人工核实。,先核对主链连接几何和独立单体身份，再决定是否查合成证据。,以极性/带电特征为主，不宜默认用于提高被动渗透性,https://www.rcsb.org/ligand/FB6
人工证据支持,FCL,3-CHLORO-L-PHENYLALANINE,conditional,卤代／电子调节,C9 H10 Cl N O2,199.634,FCL,not-audited,,,,CCD结构与网站人工整理的论文、专利或药物骨架证据精确对应；可作为优先核验的肽合成单体。,继续核对具体保护形式、偶联方法和供应/合成来源。,,https://www.rcsb.org/ligand/FCL
仅结构参考,FDL,N~6~-acetyl-N-(4-methyl-2-oxo-2H-chromen-7-yl)-L-lysinamide,reference,芳香／疏水侧链,C18 H23 N3 O4,345.393,,not-audited,,,,复杂度、反应性、极性、端基或保护状态存在明显疑问，不进入默认单体库。,除非有明确研究用途，否则不优先审核。,分子量超过300 Da，单体复杂度和环肽总分子量负担较高,https://www.rcsb.org/ligand/FDL
条件结构候选,FF9,(2S)-2-azanyl-6-[(E)-(1-oxidanyl-1-oxidanylidene-butan-2-ylidene)amino]hexanoic acid,conditional,极性／带电侧链,C10 H18 N2 O4,230.261,,not-audited,,,,结构可能是独立非天然氨基酸，但用途或单体可获得性仍依赖人工核实。,先核对主链连接几何和独立单体身份，再决定是否查合成证据。,以极性/带电特征为主，不宜默认用于提高被动渗透性,https://www.rcsb.org/ligand/FF9
仅结构参考,FFM,"S-[(1R,2R)-2-hydroxy-1-methyl-2-phosphonoethyl]-L-cysteine",reference,极性／带电侧链,C6 H14 N O6 P S,259.217,,not-audited,,,,复杂度、反应性、极性、端基或保护状态存在明显疑问，不进入默认单体库。,除非有明确研究用途，否则不优先审核。,分子量超过250 Da，需关注偶联效率、溶解度和总环肽体积；含磷酸/膦酸相关结构，通常不利于被动跨膜，除非有专门遮蔽设计；以极性/带电特征为主，不宜默认用于提高被动渗透性,https://www.rcsb.org/ligand/FFM
条件结构候选,FGL,2-AMINOPROPANEDIOIC ACID,conditional,极性／带电侧链,C3 H5 N O4,119.076,,not-audited,,,,结构可能是独立非天然氨基酸，但用途或单体可获得性仍依赖人工核实。,先核对主链连接几何和独立单体身份，再决定是否查合成证据。,以极性/带电特征为主，不宜默认用于提高被动渗透性,https://www.rcsb.org/ligand/FGL
仅结构参考,FGP,2-AMINO-3-HYDROXY-3-PHOSPHONOOXY-PROPIONIC ACID,reference,极性／带电侧链,C3 H8 N O7 P,201.072,,not-audited,,,,复杂度、反应性、极性、端基或保护状态存在明显疑问，不进入默认单体库。,除非有明确研究用途，否则不优先审核。,杂原子较多，可能增加暴露极性和去溶剂化代价；含磷酸/膦酸相关结构，通常不利于被动跨膜，除非有专门遮蔽设计；以极性/带电特征为主，不宜默认用于提高被动渗透性,https://www.rcsb.org/ligand/FGP
条件结构候选,FH7,N^5^-formyl-N^5^-hydroxy-D-ornithine,conditional,极性／带电侧链,C6 H12 N2 O4,176.17,,not-audited,,,,结构可能是独立非天然氨基酸，但用途或单体可获得性仍依赖人工核实。,先核对主链连接几何和独立单体身份，再决定是否查合成证据。,CCD仅标为通用peptide linking，需确认真实主链连接几何；以极性/带电特征为主，不宜默认用于提高被动渗透性,https://www.rcsb.org/ligand/FH7
排除,FHE,2-[(4~{Z})-2-[(1~{R})-1-azanyl-2-oxidanylidene-propyl]-4-[[4-[(2-nitrophenyl)methoxy]phenyl]methylidene]-5-oxidanylidene-imidazol-1-yl]ethanoic acid,exclude,芳香／疏水侧链,C22 H20 N4 O7,452.417,,not-audited,,,,自动规则识别为整分子、辅因子、金属复合物、完整肽、保护体或缺少常规偶联羧基。,不计入非天然氨基酸单体数量。,,https://www.rcsb.org/ligand/FHE
条件结构候选,FHL,(E)-N~6~-[3-CARBOXY-1-(HYDROXYMETHYL)PROPYLIDENE]-L-LYSINE,conditional,极性／带电侧链,C11 H20 N2 O5,260.287,,not-audited,,,,结构可能是独立非天然氨基酸，但用途或单体可获得性仍依赖人工核实。,先核对主链连接几何和独立单体身份，再决定是否查合成证据。,分子量超过250 Da，需关注偶联效率、溶解度和总环肽体积；以极性/带电特征为主，不宜默认用于提高被动渗透性,https://www.rcsb.org/ligand/FHL
条件结构候选,FHO,N^5^-FORMYL-N^5^-HYDROXY-L-ORNITHINE,conditional,极性／带电侧链,C6 H12 N2 O4,176.17,,not-audited,,,,结构可能是独立非天然氨基酸，但用途或单体可获得性仍依赖人工核实。,先核对主链连接几何和独立单体身份，再决定是否查合成证据。,以极性/带电特征为主，不宜默认用于提高被动渗透性,https://www.rcsb.org/ligand/FHO
条件结构候选,FIO,N~5~-[(1E)-2-fluoroethanimidoyl]-L-ornithine,conditional,卤代／电子调节,C7 H14 F N3 O2,191.203,,not-audited,,,,结构可能是独立非天然氨基酸，但用途或单体可获得性仍依赖人工核实。,先核对主链连接几何和独立单体身份，再决定是否查合成证据。,,https://www.rcsb.org/ligand/FIO
条件结构候选,FL6,(2S)-2-azanyl-4-methoxy-4-oxidanylidene-butanoic acid,conditional,极性／带电侧链,C5 H9 N O4,147.129,,not-audited,,,,结构可能是独立非天然氨基酸，但用途或单体可获得性仍依赖人工核实。,先核对主链连接几何和独立单体身份，再决定是否查合成证据。,以极性/带电特征为主，不宜默认用于提高被动渗透性,https://www.rcsb.org/ligand/FL6
条件结构候选,FLA,TRIFLUOROALANINE,conditional,卤代／电子调节,C3 H4 F3 N O2,143.065,,not-audited,,,,结构可能是独立非天然氨基酸，但用途或单体可获得性仍依赖人工核实。,先核对主链连接几何和独立单体身份，再决定是否查合成证据。,,https://www.rcsb.org/ligand/FLA
条件结构候选,FLE,FUROYL-LEUCINE,conditional,芳香／疏水侧链,C11 H15 N O4,225.241,,not-audited,,,,结构可能是独立非天然氨基酸，但用途或单体可获得性仍依赖人工核实。,先核对主链连接几何和独立单体身份，再决定是否查合成证据。,,https://www.rcsb.org/ligand/FLE
仅结构参考,FLT,FLUOROMALONYL TYROSINE,reference,卤代／电子调节,C12 H12 F N O7,301.225,,not-audited,,,,复杂度、反应性、极性、端基或保护状态存在明显疑问，不进入默认单体库。,除非有明确研究用途，否则不优先审核。,分子量超过300 Da，单体复杂度和环肽总分子量负担较高；杂原子较多，可能增加暴露极性和去溶剂化代价,https://www.rcsb.org/ligand/FLT
排除,FME,N-FORMYLMETHIONINE,exclude,极性／带电侧链,C6 H11 N O3 S,177.221,,not-audited,,,,自动规则识别为整分子、辅因子、金属复合物、完整肽、保护体或缺少常规偶联羧基。,不计入非天然氨基酸单体数量。,,https://www.rcsb.org/ligand/FME
条件结构候选,FOD,"(2S)-2-amino-4-[1-(trans-4-hydroxycyclohexyl)-1H-1,2,3-triazol-4-yl]butanoic acid",conditional,构象限制,C12 H20 N4 O3,268.312,,not-audited,,,,结构可能是独立非天然氨基酸，但用途或单体可获得性仍依赖人工核实。,先核对主链连接几何和独立单体身份，再决定是否查合成证据。,分子量超过250 Da，需关注偶联效率、溶解度和总环肽体积；CCD未指定标准氨基酸母体，需确认它是独立残基而非氨基酸样片段,https://www.rcsb.org/ligand/FOD
仅结构参考,FOE,2-(2-AMINO-3-OXO-PROPYLSULFANYL)-N-(4-FLUORO-PHENYL)-N-ISOPROPYL-ACETAMIDE,reference,卤代／电子调节,C14 H19 F N2 O3 S,314.376,,not-audited,,,,复杂度、反应性、极性、端基或保护状态存在明显疑问，不进入默认单体库。,除非有明确研究用途，否则不优先审核。,分子量超过300 Da，单体复杂度和环肽总分子量负担较高,https://www.rcsb.org/ligand/FOE
人工证据支持,FP9,(4R)-4-fluoro-L-proline,priority,构象限制,C5 H8 F N O2,133.121,FP9,short-polymer,5,3,3IPN / 5UOZ / 9IZB,CCD结构与网站人工整理的论文、专利或药物骨架证据精确对应；可作为优先核验的肽合成单体。,继续核对具体保护形式、偶联方法和供应/合成来源。,,https://www.rcsb.org/ligand/FP9
优先结构候选，暂无使用命中,FPK,1-formyl-L-proline,priority,构象限制,C6 H9 N O3,143.141,,no-polymer-hit,0,0,,结构符合优先研发方向，但当前PDB聚合物审计没有命中。,查询供应商、合成论文、专利和SPPS/LPPS使用记录。,,https://www.rcsb.org/ligand/FPK
条件结构候选,FPR,(3S)-3-amino-4-oxo-7-phenylheptanoic acid,conditional,芳香／疏水侧链,C13 H17 N O3,235.279,,not-audited,,,,结构可能是独立非天然氨基酸，但用途或单体可获得性仍依赖人工核实。,先核对主链连接几何和独立单体身份，再决定是否查合成证据。,CCD未指定标准氨基酸母体，需确认它是独立残基而非氨基酸样片段,https://www.rcsb.org/ligand/FPR
条件结构候选,FQA,N~6~-benzyl-L-lysine,conditional,芳香／疏水侧链,C13 H20 N2 O2,236.31,,not-audited,,,,结构可能是独立非天然氨基酸，但用途或单体可获得性仍依赖人工核实。,先核对主链连接几何和独立单体身份，再决定是否查合成证据。,,https://www.rcsb.org/ligand/FQA
排除,FRD,1-PHENYL-2-AMINOPROPANE,exclude,芳香／疏水侧链,C9 H13 N,135.206,,not-audited,,,,自动规则识别为整分子、辅因子、金属复合物、完整肽、保护体或缺少常规偶联羧基。,不计入非天然氨基酸单体数量。,,https://www.rcsb.org/ligand/FRD
条件结构候选,FT6,6-FLUORO-L-TRYPTOPHAN,conditional,卤代／电子调节,C11 H11 F N2 O2,222.216,,not-audited,,,,结构可能是独立非天然氨基酸，但用途或单体可获得性仍依赖人工核实。,先核对主链连接几何和独立单体身份，再决定是否查合成证据。,,https://www.rcsb.org/ligand/FT6
人工证据支持,FTR,FLUOROTRYPTOPHANE,conditional,卤代／电子调节,C11 H11 F N2 O2,222.216,FTR,not-audited,,,,CCD结构与网站人工整理的论文、专利或药物骨架证据精确对应；可作为优先核验的肽合成单体。,继续核对具体保护形式、偶联方法和供应/合成来源。,,https://www.rcsb.org/ligand/FTR
仅结构参考,FTY,DEOXY-DIFLUOROMETHELENE-PHOSPHOTYROSINE,reference,卤代／电子调节,C10 H12 F2 N O5 P,295.177,,not-audited,,,,复杂度、反应性、极性、端基或保护状态存在明显疑问，不进入默认单体库。,除非有明确研究用途，否则不优先审核。,分子量超过250 Da，需关注偶联效率、溶解度和总环肽体积；含磷酸/膦酸相关结构，通常不利于被动跨膜，除非有专门遮蔽设计,https://www.rcsb.org/ligand/FTY
排除,FVA,N-formyl-L-valine,exclude,极性／带电侧链,C6 H11 N O3,145.156,,not-audited,,,,自动规则识别为整分子、辅因子、金属复合物、完整肽、保护体或缺少常规偶联羧基。,不计入非天然氨基酸单体数量。,,https://www.rcsb.org/ligand/FVA
条件结构候选,FX9,(2S)-2-azanyl-3-[3-(trifluoromethyl)phenyl]propanoic acid,conditional,卤代／电子调节,C10 H10 F3 N O2,233.187,,not-audited,,,,结构可能是独立非天然氨基酸，但用途或单体可获得性仍依赖人工核实。,先核对主链连接几何和独立单体身份，再决定是否查合成证据。,,https://www.rcsb.org/ligand/FX9
优先结构候选，暂无使用命中,FXC,(2R)-2-azanyl-3-[3-(trifluoromethyl)phenyl]propanoic acid,priority,D-构型,C10 H10 F3 N O2,233.187,,no-polymer-hit,0,0,,结构符合优先研发方向，但当前PDB聚合物审计没有命中。,查询供应商、合成论文、专利和SPPS/LPPS使用记录。,CCD未指定标准氨基酸母体，需确认它是独立残基而非氨基酸样片段,https://www.rcsb.org/ligand/FXC
优先结构候选，暂无使用命中,FXF,(2R)-2-azanyl-3-(3-bromophenyl)propanoic acid,priority,D-构型,C9 H10 Br N O2,244.085,,no-polymer-hit,0,0,,结构符合优先研发方向，但当前PDB聚合物审计没有命中。,查询供应商、合成论文、专利和SPPS/LPPS使用记录。,CCD未指定标准氨基酸母体，需确认它是独立残基而非氨基酸样片段,https://www.rcsb.org/ligand/FXF
优先结构候选，暂无使用命中,FXL,(2R)-2-azanyl-3-(3-chlorophenyl)propanoic acid,priority,D-构型,C9 H10 Cl N O2,199.634,,no-polymer-hit,0,0,,结构符合优先研发方向，但当前PDB聚合物审计没有命中。,查询供应商、合成论文、专利和SPPS/LPPS使用记录。,CCD未指定标准氨基酸母体，需确认它是独立残基而非氨基酸样片段,https://www.rcsb.org/ligand/FXL
条件结构候选,FY2,"2,3-difluoro-L-tyrosine",conditional,卤代／电子调节,C9 H9 F2 N O3,217.169,,not-audited,,,,结构可能是独立非天然氨基酸，但用途或单体可获得性仍依赖人工核实。,先核对主链连接几何和独立单体身份，再决定是否查合成证据。,,https://www.rcsb.org/ligand/FY2
条件结构候选,FY3,"2,3,5-trifluoro-L-tyrosine",conditional,卤代／电子调节,C9 H8 F3 N O3,235.16,,not-audited,,,,结构可能是独立非天然氨基酸，但用途或单体可获得性仍依赖人工核实。,先核对主链连接几何和独立单体身份，再决定是否查合成证据。,,https://www.rcsb.org/ligand/FY3
排除,FZN,"(2S)-2-amino-6-{[(1Z)-1-{[(2R,3R,4S,5R)-5-({[(R)-{[(R)-{[(2R,3S,4R,5R)-5-(6-amino-9H-purin-9-yl)-3,4-dihydroxytetrahydrofuran-2-yl]methoxy}(hydroxy)phosphoryl]oxy}(hydroxy)phosphoryl]oxy}methyl)-3,4-dihydroxytetrahydrofuran-2-yl]sulfanyl}ethylidene]amino}hexanoic acid",exclude,极性／带电侧链,C23 H37 N7 O15 P2 S,745.59,,not-audited,,,,自动规则识别为整分子、辅因子、金属复合物、完整肽、保护体或缺少常规偶联羧基。,不计入非天然氨基酸单体数量。,,https://www.rcsb.org/ligand/FZN
仅在较长聚合物中观察到,G1X,"(2S)-2-azanyl-3-[3,4-bis(oxidanylidene)cyclohexa-1,5-dien-1-yl]propanoic acid",priority,构象限制,C9 H9 N O4,195.172,,polymer-only,2,0,7CIT / 7CIY,该CCD进入过PDB聚合物序列，但目前没有短肽命中，不能直接推断适合常规肽合成。,核对残基形成方式及是否存在独立保护单体。,,https://www.rcsb.org/ligand/G1X
条件结构候选,G3M,(3S)-N~6~-carbamimidoyl-3-hydroxy-L-lysine,conditional,极性／带电侧链,C7 H16 N4 O3,204.227,,not-audited,,,,结构可能是独立非天然氨基酸，但用途或单体可获得性仍依赖人工核实。,先核对主链连接几何和独立单体身份，再决定是否查合成证据。,以极性/带电特征为主，不宜默认用于提高被动渗透性,https://www.rcsb.org/ligand/G3M
条件结构候选,G5G,"(2S,4S)-2-amino-4,5-dihydroxy-4-methylpentanoic acid",conditional,极性／带电侧链,C6 H13 N O4,163.172,,not-audited,,,,结构可能是独立非天然氨基酸，但用途或单体可获得性仍依赖人工核实。,先核对主链连接几何和独立单体身份，再决定是否查合成证据。,以极性/带电特征为主，不宜默认用于提高被动渗透性,https://www.rcsb.org/ligand/G5G
优先结构候选，暂无使用命中,G8M,"(1S,2R)-2-[(S)-amino(carboxy)methyl]cyclobutanecarboxylic acid",priority,构象限制,C7 H11 N O4,173.167,,no-polymer-hit,0,0,,结构符合优先研发方向，但当前PDB聚合物审计没有命中。,查询供应商、合成论文、专利和SPPS/LPPS使用记录。,,https://www.rcsb.org/ligand/G8M
条件结构候选,G8X,"(2~{S},3~{R})-3-oxidanylpyrrolidine-2-carboxylic acid",conditional,极性／带电侧链,C5 H9 N O3,131.13,,not-audited,,,,结构可能是独立非天然氨基酸，但用途或单体可获得性仍依赖人工核实。,先核对主链连接几何和独立单体身份，再决定是否查合成证据。,以极性/带电特征为主，不宜默认用于提高被动渗透性,https://www.rcsb.org/ligand/G8X
已在短肽序列中观察到,GAM,ALPHA-METHYL-L-GLUTAMIC ACID,priority,α位取代,C6 H11 N O4,161.156,,short-polymer,1,1,9Z1Q,该CCD进入过不超过50残基的PDB聚合物序列，支持其作为肽残基使用，但尚未逐条确认独立单体来源。,查原始论文，确认是预制单体偶联还是翻译后/结构内修饰。,,https://www.rcsb.org/ligand/GAM
条件结构候选,GAU,(4S)-4-AMINO-5-HYDROXYPENTANOIC ACID,conditional,极性／带电侧链,C5 H11 N O3,133.146,,not-audited,,,,结构可能是独立非天然氨基酸，但用途或单体可获得性仍依赖人工核实。,先核对主链连接几何和独立单体身份，再决定是否查合成证据。,以极性/带电特征为主，不宜默认用于提高被动渗透性,https://www.rcsb.org/ligand/GAU
排除,GEE,ethyl glycinate,exclude,其他CCD肽链核心,C4 H9 N O2,103.12,,not-audited,,,,自动规则识别为整分子、辅因子、金属复合物、完整肽、保护体或缺少常规偶联羧基。,不计入非天然氨基酸单体数量。,,https://www.rcsb.org/ligand/GEE
仅结构参考,GFT,(2S)-2-azanyl-3-[cyclohexyloxy(methyl)phosphoryl]oxy-propanoic acid,reference,构象限制,C10 H20 N O5 P,265.243,,not-audited,,,,复杂度、反应性、极性、端基或保护状态存在明显疑问，不进入默认单体库。,除非有明确研究用途，否则不优先审核。,分子量超过250 Da，需关注偶联效率、溶解度和总环肽体积；含磷酸/膦酸相关结构，通常不利于被动跨膜，除非有专门遮蔽设计,https://www.rcsb.org/ligand/GFT
条件结构候选,GGB,L-CANAVANINE,conditional,极性／带电侧链,C5 H12 N4 O3,176.174,,not-audited,,,,结构可能是独立非天然氨基酸，但用途或单体可获得性仍依赖人工核实。,先核对主链连接几何和独立单体身份，再决定是否查合成证据。,CCD未指定标准氨基酸母体，需确认它是独立残基而非氨基酸样片段；以极性/带电特征为主，不宜默认用于提高被动渗透性,https://www.rcsb.org/ligand/GGB
已在短肽序列中观察到,GGL,GAMMA-L-GLUTAMIC ACID,priority,延长骨架,C5 H9 N O4,147.129,,short-polymer,19,18,1AXD / 1BX9 / 1FAV / 3THS / 5BPU,该CCD进入过不超过50残基的PDB聚合物序列，支持其作为肽残基使用，但尚未逐条确认独立单体来源。,查原始论文，确认是预制单体偶联还是翻译后/结构内修饰。,CCD未指定标准氨基酸母体，需确认它是独立残基而非氨基酸样片段,https://www.rcsb.org/ligand/GGL
排除,GHC,"N-({4-[(2-amino-6-ethyl-4-oxo-3,4-dihydrothieno[2,3-d]pyrimidin-5-yl)sulfanyl]phenyl}carbonyl)-L-glutamic acid",exclude,芳香／疏水侧链,C20 H20 N4 O6 S2,476.526,,not-audited,,,,自动规则识别为整分子、辅因子、金属复合物、完整肽、保护体或缺少常规偶联羧基。,不计入非天然氨基酸单体数量。,,https://www.rcsb.org/ligand/GHC
条件结构候选,GHG,"(2S,4S)-2,5-diamino-4-hydroxy-5-oxopentanoic acid (non-preferred name)",conditional,极性／带电侧链,C5 H10 N2 O4,162.144,,not-audited,,,,结构可能是独立非天然氨基酸，但用途或单体可获得性仍依赖人工核实。,先核对主链连接几何和独立单体身份，再决定是否查合成证据。,以极性/带电特征为主，不宜默认用于提高被动渗透性,https://www.rcsb.org/ligand/GHG
已在短肽序列中观察到,GHP,(2R)-amino(4-hydroxyphenyl)ethanoic acid,priority,D-构型,C8 H9 N O3,167.162,,short-polymer,46,46,1AA5 / 1C0Q / 1C0R / 1DSR / 1FVM,该CCD进入过不超过50残基的PDB聚合物序列，支持其作为肽残基使用，但尚未逐条确认独立单体来源。,查原始论文，确认是预制单体偶联还是翻译后/结构内修饰。,CCD未指定标准氨基酸母体，需确认它是独立残基而非氨基酸样片段,https://www.rcsb.org/ligand/GHP
排除,GHW,"N-({4-[(2-amino-6-methyl-4-oxo-3,4-dihydrothieno[2,3-d]pyrimidin-5-yl)sulfanyl]phenyl}carbonyl)-L-glutamic acid",exclude,芳香／疏水侧链,C19 H18 N4 O6 S2,462.499,,not-audited,,,,自动规则识别为整分子、辅因子、金属复合物、完整肽、保护体或缺少常规偶联羧基。,不计入非天然氨基酸单体数量。,,https://www.rcsb.org/ligand/GHW
排除,GL3,THIOGLYCIN,exclude,其他CCD肽链核心,C2 H5 N O S,91.132,,not-audited,,,,自动规则识别为整分子、辅因子、金属复合物、完整肽、保护体或缺少常规偶联羧基。,不计入非天然氨基酸单体数量。,,https://www.rcsb.org/ligand/GL3
条件结构候选,GLJ,"5,5-dihydroxy-L-norvaline",conditional,极性／带电侧链,C5 H11 N O4,149.145,,not-audited,,,,结构可能是独立非天然氨基酸，但用途或单体可获得性仍依赖人工核实。,先核对主链连接几何和独立单体身份，再决定是否查合成证据。,以极性/带电特征为主，不宜默认用于提高被动渗透性,https://www.rcsb.org/ligand/GLJ
排除,GLZ,AMINO-ACETALDEHYDE,exclude,其他CCD肽链核心,C2 H5 N O,59.067,,not-audited,,,,自动规则识别为整分子、辅因子、金属复合物、完整肽、保护体或缺少常规偶联羧基。,不计入非天然氨基酸单体数量。,,https://www.rcsb.org/ligand/GLZ
条件结构候选,GMA,4-AMIDO-4-CARBAMOYL-BUTYRIC ACID,conditional,极性／带电侧链,C5 H10 N2 O3,146.144,,not-audited,,,,结构可能是独立非天然氨基酸，但用途或单体可获得性仍依赖人工核实。,先核对主链连接几何和独立单体身份，再决定是否查合成证据。,以极性/带电特征为主，不宜默认用于提高被动渗透性,https://www.rcsb.org/ligand/GMA
条件结构候选,GME,5-O-methyl-glutamic acid,conditional,极性／带电侧链,C6 H11 N O4,161.156,,not-audited,,,,结构可能是独立非天然氨基酸，但用途或单体可获得性仍依赖人工核实。,先核对主链连接几何和独立单体身份，再决定是否查合成证据。,以极性/带电特征为主，不宜默认用于提高被动渗透性,https://www.rcsb.org/ligand/GME
排除,GMO,"{(4Z)-2-[(1R,2R)-1-amino-2-hydroxypropyl]-4-[(4-nitrophenyl)methylidene]-5-oxo-4,5-dihydro-1H-imidazol-1-yl}acetic acid",exclude,芳香／疏水侧链,C15 H16 N4 O6,348.311,,not-audited,,,,自动规则识别为整分子、辅因子、金属复合物、完整肽、保护体或缺少常规偶联羧基。,不计入非天然氨基酸单体数量。,,https://www.rcsb.org/ligand/GMO
条件结构候选,GNC,N~2~-methyl-L-glutamine,conditional,极性／带电侧链,C6 H12 N2 O3,160.171,,not-audited,,,,结构可能是独立非天然氨基酸，但用途或单体可获得性仍依赖人工核实。,先核对主链连接几何和独立单体身份，再决定是否查合成证据。,以极性/带电特征为主，不宜默认用于提高被动渗透性,https://www.rcsb.org/ligand/GNC
条件结构候选,GND,2-AMINO-5-GUANIDINO-PENTANOIC ACID,conditional,极性／带电侧链,C6 H15 N4 O2,175.209,,not-audited,,,,结构可能是独立非天然氨基酸，但用途或单体可获得性仍依赖人工核实。,先核对主链连接几何和独立单体身份，再决定是否查合成证据。,以极性/带电特征为主，不宜默认用于提高被动渗透性,https://www.rcsb.org/ligand/GND
排除,GPL,LYSINE GUANOSINE-5'-MONOPHOSPHATE,exclude,芳香／疏水侧链,C16 H26 N7 O9 P,491.393,,not-audited,,,,自动规则识别为整分子、辅因子、金属复合物、完整肽、保护体或缺少常规偶联羧基。,不计入非天然氨基酸单体数量。,,https://www.rcsb.org/ligand/GPL
条件结构候选,GQI,(2R)-2-azanyl-3-[(E)-(2-oxidanyl-2-oxidanylidene-ethylidene)amino]oxysulfanyl-propanoic acid,conditional,极性／带电侧链,C5 H8 N2 O5 S,208.192,,not-audited,,,,结构可能是独立非天然氨基酸，但用途或单体可获得性仍依赖人工核实。,先核对主链连接几何和独立单体身份，再决定是否查合成证据。,以极性/带电特征为主，不宜默认用于提高被动渗透性,https://www.rcsb.org/ligand/GQI
条件结构候选,GSC,2-ETHYLTHIO GLYCINE,conditional,其他CCD肽链核心,C4 H9 N O2 S,135.185,,not-audited,,,,结构可能是独立非天然氨基酸，但用途或单体可获得性仍依赖人工核实。,先核对主链连接几何和独立单体身份，再决定是否查合成证据。,,https://www.rcsb.org/ligand/GSC
排除,GSU,O5'-(L-GLUTAMYL-SULFAMOYL)-ADENOSINE,exclude,芳香／疏水侧链,C15 H21 N7 O9 S,475.434,,not-audited,,,,自动规则识别为整分子、辅因子、金属复合物、完整肽、保护体或缺少常规偶联羧基。,不计入非天然氨基酸单体数量。,,https://www.rcsb.org/ligand/GSU
条件结构候选,GT9,S-NONYL-CYSTEINE,conditional,其他CCD肽链核心,C12 H25 N O2 S,247.397,,not-audited,,,,结构可能是独立非天然氨基酸，但用途或单体可获得性仍依赖人工核实。,先核对主链连接几何和独立单体身份，再决定是否查合成证据。,,https://www.rcsb.org/ligand/GT9
仅结构参考,GVL,"O-[(R)-{[(3R)-4-AMINO-3-HYDROXY-2,2-DIMETHYL-4-OXOBUTYL]OXY}(HYDROXY)PHOSPHORYL]-L-SERINE",reference,极性／带电侧链,C9 H19 N2 O8 P,314.23,,not-audited,,,,复杂度、反应性、极性、端基或保护状态存在明显疑问，不进入默认单体库。,除非有明确研究用途，否则不优先审核。,分子量超过300 Da，单体复杂度和环肽总分子量负担较高；杂原子较多，可能增加暴露极性和去溶剂化代价；含磷酸/膦酸相关结构，通常不利于被动跨膜，除非有专门遮蔽设计；以极性/带电特征为主，不宜默认用于提高被动渗透性,https://www.rcsb.org/ligand/GVL
仅结构参考,GYC,"[(4Z)-2-[(1R)-1-AMINO-2-MERCAPTOETHYL]-4-(4-HYDROXYBENZYLIDENE)-5-OXO-4,5-DIHYDRO-1H-IMIDAZOL-1-YL]ACETIC ACID",reference,芳香／疏水侧链,C14 H15 N3 O4 S,321.352,,not-audited,,,,复杂度、反应性、极性、端基或保护状态存在明显疑问，不进入默认单体库。,除非有明确研究用途，否则不优先审核。,分子量超过300 Da，单体复杂度和环肽总分子量负担较高,https://www.rcsb.org/ligand/GYC
仅结构参考,GYS,"[(4Z)-2-(1-AMINO-2-HYDROXYETHYL)-4-(4-HYDROXYBENZYLIDENE)-5-OXO-4,5-DIHYDRO-1H-IMIDAZOL-1-YL]ACETIC ACID",reference,芳香／疏水侧链,C14 H15 N3 O5,305.286,,not-audited,,,,复杂度、反应性、极性、端基或保护状态存在明显疑问，不进入默认单体库。,除非有明确研究用途，否则不优先审核。,分子量超过300 Da，单体复杂度和环肽总分子量负担较高,https://www.rcsb.org/ligand/GYS
条件结构候选,GZJ,(2S)-2-(acetylamino)butanoic acid,conditional,极性／带电侧链,C6 H11 N O3,145.156,,not-audited,,,,结构可能是独立非天然氨基酸，但用途或单体可获得性仍依赖人工核实。,先核对主链连接几何和独立单体身份，再决定是否查合成证据。,CCD未指定标准氨基酸母体，需确认它是独立残基而非氨基酸样片段；以极性/带电特征为主，不宜默认用于提高被动渗透性,https://www.rcsb.org/ligand/GZJ
条件结构候选,H14,"(2S,3R)-BETA-HYDROXY-PHENYLALANINE",conditional,芳香／疏水侧链,C9 H11 N O3,181.189,,not-audited,,,,结构可能是独立非天然氨基酸，但用途或单体可获得性仍依赖人工核实。,先核对主链连接几何和独立单体身份，再决定是否查合成证据。,,https://www.rcsb.org/ligand/H14
已在短肽序列中观察到,H5M,TRANS-3-HYDROXY-5-METHYLPROLINE,priority,构象限制,C6 H11 N O3,145.156,,short-polymer,1,1,1A7Z,该CCD进入过不超过50残基的PDB聚合物序列，支持其作为肽残基使用，但尚未逐条确认独立单体来源。,查原始论文，确认是预制单体偶联还是翻译后/结构内修饰。,,https://www.rcsb.org/ligand/H5M
已在短肽序列中观察到,H7V,3-cyclohexyl-N-methyl-L-alanine,priority,N-取代,C10 H19 N O2,185.263,,short-polymer,5,5,24HS / 6DR6 / 7JXN / 7JXO / 9EEC,该CCD进入过不超过50残基的PDB聚合物序列，支持其作为肽残基使用，但尚未逐条确认独立单体来源。,查原始论文，确认是预制单体偶联还是翻译后/结构内修饰。,,https://www.rcsb.org/ligand/H7V
条件结构候选,HAR,N-OMEGA-HYDROXY-L-ARGININE,conditional,极性／带电侧链,C6 H14 N4 O3,190.2,,not-audited,,,,结构可能是独立非天然氨基酸，但用途或单体可获得性仍依赖人工核实。,先核对主链连接几何和独立单体身份，再决定是否查合成证据。,以极性/带电特征为主，不宜默认用于提高被动渗透性,https://www.rcsb.org/ligand/HAR
排除,HBN,N-(2-NAPHTHYL)HISTIDINAMIDE,exclude,芳香／疏水侧链,C16 H16 N4 O,280.324,,not-audited,,,,自动规则识别为整分子、辅因子、金属复合物、完整肽、保护体或缺少常规偶联羧基。,不计入非天然氨基酸单体数量。,,https://www.rcsb.org/ligand/HBN
条件结构候选,HCL,"(2S)-2-azanyl-2-[2-chloranyl-3,5-bis(oxidanyl)phenyl]ethanoic acid",conditional,芳香／疏水侧链,C8 H8 Cl N O4,217.606,,not-audited,,,,结构可能是独立非天然氨基酸，但用途或单体可获得性仍依赖人工核实。,先核对主链连接几何和独立单体身份，再决定是否查合成证据。,CCD未指定标准氨基酸母体，需确认它是独立残基而非氨基酸样片段,https://www.rcsb.org/ligand/HCL
条件结构候选,HCM,(2S)-2-amino-4-(methyldisulfanyl)butanoic acid,conditional,其他CCD肽链核心,C5 H11 N O2 S2,181.276,,not-audited,,,,结构可能是独立非天然氨基酸，但用途或单体可获得性仍依赖人工核实。,先核对主链连接几何和独立单体身份，再决定是否查合成证据。,,https://www.rcsb.org/ligand/HCM
条件结构候选,HCS,2-AMINO-4-MERCAPTO-BUTYRIC ACID,conditional,其他CCD肽链核心,C4 H9 N O2 S,135.185,,not-audited,,,,结构可能是独立非天然氨基酸，但用途或单体可获得性仍依赖人工核实。,先核对主链连接几何和独立单体身份，再决定是否查合成证据。,CCD未指定标准氨基酸母体，需确认它是独立残基而非氨基酸样片段,https://www.rcsb.org/ligand/HCS
条件结构候选,HFA,ALPHA-HYDROXY-BETA-PHENYL-PROPIONIC ACID,conditional,芳香／疏水侧链,C9 H10 O3,166.174,,not-audited,,,,结构可能是独立非天然氨基酸，但用途或单体可获得性仍依赖人工核实。,先核对主链连接几何和独立单体身份，再决定是否查合成证据。,CCD未指定标准氨基酸母体，需确认它是独立残基而非氨基酸样片段,https://www.rcsb.org/ligand/HFA
排除,HG7,(2S)-2-azanyl-N-[3-(dimethylamino)propyl]-2-(3-hydroxyphenyl)ethanamide,exclude,芳香／疏水侧链,C13 H21 N3 O2,251.325,,not-audited,,,,自动规则识别为整分子、辅因子、金属复合物、完整肽、保护体或缺少常规偶联羧基。,不计入非天然氨基酸单体数量。,,https://www.rcsb.org/ligand/HG7
仅结构参考,HGL,"(2S)-2-amino-4-(2-amino-6-oxo-1,6-dihydro-9H-purin-9-yl)butanoic acid",reference,芳香／疏水侧链,C9 H12 N6 O3,252.23,,not-audited,,,,复杂度、反应性、极性、端基或保护状态存在明显疑问，不进入默认单体库。,除非有明确研究用途，否则不优先审核。,分子量超过250 Da，需关注偶联效率、溶解度和总环肽体积；杂原子较多，可能增加暴露极性和去溶剂化代价；CCD未指定标准氨基酸母体，需确认它是独立残基而非氨基酸样片段,https://www.rcsb.org/ligand/HGL
已在短肽序列中观察到,HGM,(2R)-2-(4-hydroxyphenyl)-2-(methylamino)ethanoic acid,priority,D-构型,C9 H11 N O3,181.189,,short-polymer,1,1,3RUL,该CCD进入过不超过50残基的PDB聚合物序列，支持其作为肽残基使用，但尚未逐条确认独立单体来源。,查原始论文，确认是预制单体偶联还是翻译后/结构内修饰。,CCD未指定标准氨基酸母体，需确认它是独立残基而非氨基酸样片段,https://www.rcsb.org/ligand/HGM
条件结构候选,HGY,(2S)-amino(hydroxy)ethanoic acid,conditional,极性／带电侧链,C2 H5 N O3,91.066,,not-audited,,,,结构可能是独立非天然氨基酸，但用途或单体可获得性仍依赖人工核实。,先核对主链连接几何和独立单体身份，再决定是否查合成证据。,CCD仅标为通用peptide linking，需确认真实主链连接几何；以极性/带电特征为主，不宜默认用于提高被动渗透性,https://www.rcsb.org/ligand/HGY
条件结构候选,HHI,(2Z)-3-(1H-imidazol-5-yl)-2-iminopropanoic acid,conditional,芳香／疏水侧链,C6 H7 N3 O2,153.139,,not-audited,,,,结构可能是独立非天然氨基酸，但用途或单体可获得性仍依赖人工核实。,先核对主链连接几何和独立单体身份，再决定是否查合成证据。,CCD仅标为通用peptide linking，需确认真实主链连接几何,https://www.rcsb.org/ligand/HHI
条件结构候选,HHK,"(2S)-2,8-DIAMINOOCTANOIC ACID",conditional,极性／带电侧链,C8 H18 N2 O2,174.241,,not-audited,,,,结构可能是独立非天然氨基酸，但用途或单体可获得性仍依赖人工核实。,先核对主链连接几何和独立单体身份，再决定是否查合成证据。,以极性/带电特征为主，不宜默认用于提高被动渗透性,https://www.rcsb.org/ligand/HHK
排除,HIA,L-HISTIDINE AMIDE,exclude,芳香／疏水侧链,C6 H10 N4 O,154.17,,not-audited,,,,自动规则识别为整分子、辅因子、金属复合物、完整肽、保护体或缺少常规偶联羧基。,不计入非天然氨基酸单体数量。,,https://www.rcsb.org/ligand/HIA
条件结构候选,HIC,4-METHYL-HISTIDINE,conditional,芳香／疏水侧链,C7 H11 N3 O2,169.181,,not-audited,,,,结构可能是独立非天然氨基酸，但用途或单体可获得性仍依赖人工核实。,先核对主链连接几何和独立单体身份，再决定是否查合成证据。,,https://www.rcsb.org/ligand/HIC
仅结构参考,HIP,ND1-PHOSPHONOHISTIDINE,reference,芳香／疏水侧链,C6 H11 N3 O5 P,236.142,,not-audited,,,,复杂度、反应性、极性、端基或保护状态存在明显疑问，不进入默认单体库。,除非有明确研究用途，否则不优先审核。,含磷酸/膦酸相关结构，通常不利于被动跨膜，除非有专门遮蔽设计,https://www.rcsb.org/ligand/HIP
条件结构候选,HIQ,"1-[1,2-DIHYDROXY-1-(HYDROXYMETHYL)ETHYL]-L-HISTIDINE",conditional,芳香／疏水侧链,C9 H15 N3 O5,245.232,,not-audited,,,,结构可能是独立非天然氨基酸，但用途或单体可获得性仍依赖人工核实。,先核对主链连接几何和独立单体身份，再决定是否查合成证据。,,https://www.rcsb.org/ligand/HIQ
条件结构候选,HIX,"3-(1H-1,2,3-triazol-5-yl)-L-alanine",conditional,芳香／疏水侧链,C5 H8 N4 O2,156.143,,not-audited,,,,结构可能是独立非天然氨基酸，但用途或单体可获得性仍依赖人工核实。,先核对主链连接几何和独立单体身份，再决定是否查合成证据。,,https://www.rcsb.org/ligand/HIX
条件结构候选,HJH,"(2~{S})-2-azanyl-3-(2-methyl-5-oxidanyl-1,2,3-triazol-4-yl)propanoic acid",conditional,极性／带电侧链,C6 H10 N4 O3,186.169,,not-audited,,,,结构可能是独立非天然氨基酸，但用途或单体可获得性仍依赖人工核实。,先核对主链连接几何和独立单体身份，再决定是否查合成证据。,CCD未指定标准氨基酸母体，需确认它是独立残基而非氨基酸样片段；以极性/带电特征为主，不宜默认用于提高被动渗透性,https://www.rcsb.org/ligand/HJH
已在短肽序列中观察到,HJV,N~2~-methyl-D-glutamine,priority,D-构型,C6 H12 N2 O3,160.171,,short-polymer,3,3,6E00 / 6PSL / 8U78,该CCD进入过不超过50残基的PDB聚合物序列，支持其作为肽残基使用，但尚未逐条确认独立单体来源。,查原始论文，确认是预制单体偶联还是翻译后/结构内修饰。,CCD未指定标准氨基酸母体，需确认它是独立残基而非氨基酸样片段,https://www.rcsb.org/ligand/HJV
仅结构参考,HJY,4-iodo-N-methyl-D-phenylalanine,reference,N-取代,C10 H12 I N O2,305.112,,not-audited,,,,复杂度、反应性、极性、端基或保护状态存在明显疑问，不进入默认单体库。,除非有明确研究用途，否则不优先审核。,分子量超过300 Da，单体复杂度和环肽总分子量负担较高；CCD未指定标准氨基酸母体，需确认它是独立残基而非氨基酸样片段,https://www.rcsb.org/ligand/HJY
条件结构候选,HL2,"(2S,3R)-2-amino-3-hydroxy-4-methylpentanoic acid",conditional,极性／带电侧链,C6 H13 N O3,147.172,,not-audited,,,,结构可能是独立非天然氨基酸，但用途或单体可获得性仍依赖人工核实。,先核对主链连接几何和独立单体身份，再决定是否查合成证据。,以极性/带电特征为主，不宜默认用于提高被动渗透性,https://www.rcsb.org/ligand/HL2
条件结构候选,HL5,"(2S,4R)-5-hydroxyleucine",conditional,极性／带电侧链,C6 H13 N O3,147.172,,not-audited,,,,结构可能是独立非天然氨基酸，但用途或单体可获得性仍依赖人工核实。,先核对主链连接几何和独立单体身份，再决定是否查合成证据。,以极性/带电特征为主，不宜默认用于提高被动渗透性,https://www.rcsb.org/ligand/HL5
条件结构候选,HLU,BETA-HYDROXYLEUCINE,conditional,极性／带电侧链,C6 H13 N O3,147.172,,not-audited,,,,结构可能是独立非天然氨基酸，但用途或单体可获得性仍依赖人工核实。,先核对主链连接几何和独立单体身份，再决定是否查合成证据。,以极性/带电特征为主，不宜默认用于提高被动渗透性,https://www.rcsb.org/ligand/HLU
条件结构候选,HLX,5-methyl-L-norleucine,conditional,其他CCD肽链核心,C7 H15 N O2,145.199,,not-audited,,,,结构可能是独立非天然氨基酸，但用途或单体可获得性仍依赖人工核实。,先核对主链连接几何和独立单体身份，再决定是否查合成证据。,CCD未指定标准氨基酸母体，需确认它是独立残基而非氨基酸样片段,https://www.rcsb.org/ligand/HLX
条件结构候选,HLY,(3~{R})-5-[[(5~{S})-5-azanyl-6-oxidanyl-6-oxidanylidene-hexyl]amino]-3-methyl-3-oxidanyl-5-oxidanylidene-pentanoic acid,conditional,极性／带电侧链,C12 H22 N2 O6,290.313,,not-audited,,,,结构可能是独立非天然氨基酸，但用途或单体可获得性仍依赖人工核实。,先核对主链连接几何和独立单体身份，再决定是否查合成证据。,分子量超过250 Da，需关注偶联效率、溶解度和总环肽体积；以极性/带电特征为主，不宜默认用于提高被动渗透性,https://www.rcsb.org/ligand/HLY
排除,HM8,"2-[(1S,2R)-1-amino-2-(sulfooxy)propyl]-5-hydroxy-1,3-oxazole-4-carbothioic O-acid",exclude,芳香／疏水侧链,C7 H10 N2 O7 S2,298.294,,not-audited,,,,自动规则识别为整分子、辅因子、金属复合物、完整肽、保护体或缺少常规偶联羧基。,不计入非天然氨基酸单体数量。,,https://www.rcsb.org/ligand/HM8
排除,HM9,"6-(3-CARBAMIMIDAMIDOPROPYL)-3,5-DIHYDROXYPYRAZINE-2-CARBOTHIOIC S-ACID",exclude,芳香／疏水侧链,C9 H13 N5 O3 S,271.296,,not-audited,,,,自动规则识别为整分子、辅因子、金属复合物、完整肽、保护体或缺少常规偶联羧基。,不计入非天然氨基酸单体数量。,,https://www.rcsb.org/ligand/HM9
已在短肽序列中观察到,HMF,2-AMINO-4-PHENYL-BUTYRIC ACID,priority,D-构型,C10 H13 N O2,179.216,,short-polymer,4,4,4THN / 5GDS / 7PGC / 9DXX,该CCD进入过不超过50残基的PDB聚合物序列，支持其作为肽残基使用，但尚未逐条确认独立单体来源。,查原始论文，确认是预制单体偶联还是翻译后/结构内修饰。,CCD未指定标准氨基酸母体，需确认它是独立残基而非氨基酸样片段,https://www.rcsb.org/ligand/HMF
条件结构候选,HMR,BETA-HOMOARGININE,conditional,极性／带电侧链,C7 H16 N4 O2,188.228,,not-audited,,,,结构可能是独立非天然氨基酸，但用途或单体可获得性仍依赖人工核实。,先核对主链连接几何和独立单体身份，再决定是否查合成证据。,以极性/带电特征为主，不宜默认用于提高被动渗透性,https://www.rcsb.org/ligand/HMR
条件结构候选,HNC,"S-[(1S,2R)-2-hydroxy-1-(2-oxoethyl)heptyl]-L-cysteine",conditional,极性／带电侧链,C12 H23 N O4 S,277.38,,not-audited,,,,结构可能是独立非天然氨基酸，但用途或单体可获得性仍依赖人工核实。,先核对主链连接几何和独立单体身份，再决定是否查合成证据。,分子量超过250 Da，需关注偶联效率、溶解度和总环肽体积；以极性/带电特征为主，不宜默认用于提高被动渗透性,https://www.rcsb.org/ligand/HNC
条件结构候选,HOO,"(2~{S})-2-azanyl-3-[2,5-bis(oxidanylidene)imidazol-4-yl]propanoic acid",conditional,极性／带电侧链,C6 H7 N3 O4,185.137,,not-audited,,,,结构可能是独立非天然氨基酸，但用途或单体可获得性仍依赖人工核实。,先核对主链连接几何和独立单体身份，再决定是否查合成证据。,以极性/带电特征为主，不宜默认用于提高被动渗透性,https://www.rcsb.org/ligand/HOO
条件结构候选,HOX,4-amino-L-phenylalanine,conditional,芳香／疏水侧链,C9 H12 N2 O2,180.204,,not-audited,,,,结构可能是独立非天然氨基酸，但用途或单体可获得性仍依赖人工核实。,先核对主链连接几何和独立单体身份，再决定是否查合成证据。,,https://www.rcsb.org/ligand/HOX
仅结构参考,HP9,(2S)-2-azanyl-3-(7-fluoranyl-9-oxidanylidene-xanthen-2-yl)propanoic acid,reference,芳香／疏水侧链,C16 H12 F N O4,301.269,,not-audited,,,,复杂度、反应性、极性、端基或保护状态存在明显疑问，不进入默认单体库。,除非有明确研究用途，否则不优先审核。,分子量超过300 Da，单体复杂度和环肽总分子量负担较高,https://www.rcsb.org/ligand/HP9
人工证据支持,HPE,HOMOPHENYLALANINE,conditional,芳香／疏水侧链,C10 H13 N O2,179.216,HPE,not-audited,,,,CCD结构与网站人工整理的论文、专利或药物骨架证据精确对应；可作为优先核验的肽合成单体。,继续核对具体保护形式、偶联方法和供应/合成来源。,,https://www.rcsb.org/ligand/HPE
排除,HPQ,HOMOPHENYLALANINYLMETHANE,exclude,芳香／疏水侧链,C11 H15 N O,177.243,,not-audited,,,,自动规则识别为整分子、辅因子、金属复合物、完整肽、保护体或缺少常规偶联羧基。,不计入非天然氨基酸单体数量。,,https://www.rcsb.org/ligand/HPQ
条件结构候选,HQA,3-(8-hydroxyquinolin-3-yl)-L-alanine,conditional,芳香／疏水侧链,C12 H12 N2 O3,232.235,,not-audited,,,,结构可能是独立非天然氨基酸，但用途或单体可获得性仍依赖人工核实。,先核对主链连接几何和独立单体身份，再决定是否查合成证据。,,https://www.rcsb.org/ligand/HQA
条件结构候选,HR7,(3S)-3-amino-6-[(diaminomethylidene)amino]hexanoic acid,conditional,极性／带电侧链,C7 H16 N4 O2,188.228,,not-audited,,,,结构可能是独立非天然氨基酸，但用途或单体可获得性仍依赖人工核实。,先核对主链连接几何和独立单体身份，再决定是否查合成证据。,以极性/带电特征为主，不宜默认用于提高被动渗透性,https://www.rcsb.org/ligand/HR7
条件结构候选,HRG,L-HOMOARGININE,conditional,极性／带电侧链,C7 H16 N4 O2,188.228,,not-audited,,,,结构可能是独立非天然氨基酸，但用途或单体可获得性仍依赖人工核实。,先核对主链连接几何和独立单体身份，再决定是否查合成证据。,以极性/带电特征为主，不宜默认用于提高被动渗透性,https://www.rcsb.org/ligand/HRG
条件结构候选,HRP,5-HYDROXY-L-TRYPTOPHAN,conditional,芳香／疏水侧链,C11 H12 N2 O3,220.225,,not-audited,,,,结构可能是独立非天然氨基酸，但用途或单体可获得性仍依赖人工核实。,先核对主链连接几何和独立单体身份，再决定是否查合成证据。,,https://www.rcsb.org/ligand/HRP
条件结构候选,HS8,3-(1-sulfo-1H-imidazol-3-ium-4-yl)-L-alanine,conditional,芳香／疏水侧链,C6 H10 N3 O5 S,236.226,,not-audited,,,,结构可能是独立非天然氨基酸，但用途或单体可获得性仍依赖人工核实。,先核对主链连接几何和独立单体身份，再决定是否查合成证据。,,https://www.rcsb.org/ligand/HS8
排除,HS9,N-ALPHA-METHYL-L-HISTIDINAMIDE,exclude,N-取代,C7 H12 N4 O,168.196,,not-audited,,,,自动规则识别为整分子、辅因子、金属复合物、完整肽、保护体或缺少常规偶联羧基。,不计入非天然氨基酸单体数量。,,https://www.rcsb.org/ligand/HS9
条件结构候选,HSE,L-HOMOSERINE,conditional,极性／带电侧链,C4 H9 N O3,119.119,,not-audited,,,,结构可能是独立非天然氨基酸，但用途或单体可获得性仍依赖人工核实。,先核对主链连接几何和独立单体身份，再决定是否查合成证据。,以极性/带电特征为主，不宜默认用于提高被动渗透性,https://www.rcsb.org/ligand/HSE
条件结构候选,HSK,3-hydroxy-L-histidine,conditional,芳香／疏水侧链,C6 H9 N3 O3,171.154,,not-audited,,,,结构可能是独立非天然氨基酸，但用途或单体可获得性仍依赖人工核实。,先核对主链连接几何和独立单体身份，再决定是否查合成证据。,,https://www.rcsb.org/ligand/HSK
排除,HSL,HOMOSERINE LACTONE,exclude,其他CCD肽链核心,C4 H7 N O2,101.104,,not-audited,,,,自动规则识别为整分子、辅因子、金属复合物、完整肽、保护体或缺少常规偶联羧基。,不计入非天然氨基酸单体数量。,,https://www.rcsb.org/ligand/HSL
排除,HSO,L-histidinol,exclude,芳香／疏水侧链,C6 H12 N3 O,142.179,,not-audited,,,,自动规则识别为整分子、辅因子、金属复合物、完整肽、保护体或缺少常规偶联羧基。,不计入非天然氨基酸单体数量。,,https://www.rcsb.org/ligand/HSO
排除,HSV,L-histidinal,exclude,芳香／疏水侧链,C6 H10 N3 O,140.163,,not-audited,,,,自动规则识别为整分子、辅因子、金属复合物、完整肽、保护体或缺少常规偶联羧基。,不计入非天然氨基酸单体数量。,,https://www.rcsb.org/ligand/HSV
条件结构候选,HT7,(3S)-3-AMINO-4-(1H-INDOL-3-YL)BUTANOIC ACID,conditional,芳香／疏水侧链,C12 H14 N2 O2,218.252,,not-audited,,,,结构可能是独立非天然氨基酸，但用途或单体可获得性仍依赖人工核实。,先核对主链连接几何和独立单体身份，再决定是否查合成证据。,,https://www.rcsb.org/ligand/HT7
条件结构候选,HTI,(4S)-4-{[(2S)-2-AMINO-3-OXOPROPYL]SULFANYL}-L-HOMOSERINE,conditional,极性／带电侧链,C7 H14 N2 O5 S,238.261,,not-audited,,,,结构可能是独立非天然氨基酸，但用途或单体可获得性仍依赖人工核实。,先核对主链连接几何和独立单体身份，再决定是否查合成证据。,以极性/带电特征为主，不宜默认用于提高被动渗透性,https://www.rcsb.org/ligand/HTI
已在短肽序列中观察到,HTN,(3R)-3-hydroxy-N-methyl-D-asparagine,priority,N-取代,C5 H10 N2 O4,162.144,,short-polymer,1,1,2RQO,该CCD进入过不超过50残基的PDB聚合物序列，支持其作为肽残基使用，但尚未逐条确认独立单体来源。,查原始论文，确认是预制单体偶联还是翻译后/结构内修饰。,CCD未指定标准氨基酸母体，需确认它是独立残基而非氨基酸样片段,https://www.rcsb.org/ligand/HTN
条件结构候选,HTR,BETA-HYDROXYTRYPTOPHANE,conditional,芳香／疏水侧链,C11 H12 N2 O3,220.225,,not-audited,,,,结构可能是独立非天然氨基酸，但用途或单体可获得性仍依赖人工核实。,先核对主链连接几何和独立单体身份，再决定是否查合成证据。,,https://www.rcsb.org/ligand/HTR
已在短肽序列中观察到,HTY,(betaR)-beta-hydroxy-D-tyrosine,priority,D-构型,C9 H11 N O4,197.188,,short-polymer,2,2,3RUM / 7LKC,该CCD进入过不超过50残基的PDB聚合物序列，支持其作为肽残基使用，但尚未逐条确认独立单体来源。,查原始论文，确认是预制单体偶联还是翻译后/结构内修饰。,CCD未指定标准氨基酸母体，需确认它是独立残基而非氨基酸样片段,https://www.rcsb.org/ligand/HTY
条件结构候选,HVA,3-hydroxy-L-valine,conditional,极性／带电侧链,C5 H11 N O3,133.146,,not-audited,,,,结构可能是独立非天然氨基酸，但用途或单体可获得性仍依赖人工核实。,先核对主链连接几何和独立单体身份，再决定是否查合成证据。,以极性/带电特征为主，不宜默认用于提高被动渗透性,https://www.rcsb.org/ligand/HVA
人工证据支持,HY3,3-HYDROXYPROLINE,priority,构象限制,C5 H9 N O3,131.13,HY3,short-polymer,35,2,2G66 / 9PE1,CCD结构与网站人工整理的论文、专利或药物骨架证据精确对应；可作为优先核验的肽合成单体。,继续核对具体保护形式、偶联方法和供应/合成来源。,,https://www.rcsb.org/ligand/HY3
人工证据支持,HYP,4-HYDROXYPROLINE,priority,构象限制,C5 H9 N O3,131.13,HYP,short-polymer,446,374,1AG7 / 1AS5 / 1AV3 / 1BDK / 1BKV,CCD结构与网站人工整理的论文、专利或药物骨架证据精确对应；可作为优先核验的肽合成单体。,继续核对具体保护形式、偶联方法和供应/合成来源。,,https://www.rcsb.org/ligand/HYP
已在短肽序列中观察到,HZP,(4S)-4-hydroxy-L-proline,priority,构象限制,C5 H9 N O3,131.13,,short-polymer,12,12,2MFM / 2MFO / 3B2C / 3GXE / 5HQI,该CCD进入过不超过50残基的PDB聚合物序列，支持其作为肽残基使用，但尚未逐条确认独立单体来源。,查原始论文，确认是预制单体偶联还是翻译后/结构内修饰。,,https://www.rcsb.org/ligand/HZP
仅结构参考,I1C,"{(4Z)-2-[(1R,2R)-1-amino-2-hydroxypropyl]-4-[(4-hydroxy-3-iodophenyl)methylidene]-5-oxo-4,5-dihydro-1H-imidazol-1-yl}acetic acid",reference,卤代／电子调节,C15 H16 I N3 O5,445.209,,not-audited,,,,复杂度、反应性、极性、端基或保护状态存在明显疑问，不进入默认单体库。,除非有明确研究用途，否则不优先审核。,分子量超过300 Da，单体复杂度和环肽总分子量负担较高,https://www.rcsb.org/ligand/I1C
排除,I2F,"(2~{S},4~{R},5~{E})-5-[(5~{S})-5-azanyl-6-oxidanyl-hexyl]iminohexane-1,2,4-triol",exclude,极性／带电侧链,C12 H26 N2 O5,278.345,,not-audited,,,,自动规则识别为整分子、辅因子、金属复合物、完整肽、保护体或缺少常规偶联羧基。,不计入非天然氨基酸单体数量。,,https://www.rcsb.org/ligand/I2F
条件结构候选,I2M,3-methyl-L-alloisoleucine,conditional,其他CCD肽链核心,C7 H15 N O2,145.199,,not-audited,,,,结构可能是独立非天然氨基酸，但用途或单体可获得性仍依赖人工核实。,先核对主链连接几何和独立单体身份，再决定是否查合成证据。,,https://www.rcsb.org/ligand/I2M
条件结构候选,I3L,allyl-cysteine,conditional,其他CCD肽链核心,C6 H11 N O2 S,161.222,,not-audited,,,,结构可能是独立非天然氨基酸，但用途或单体可获得性仍依赖人工核实。,先核对主链连接几何和独立单体身份，再决定是否查合成证据。,,https://www.rcsb.org/ligand/I3L
条件结构候选,I4G,N-(2-methylpropyl)glycine,conditional,其他CCD肽链核心,C6 H13 N O2,131.173,,not-audited,,,,结构可能是独立非天然氨基酸，但用途或单体可获得性仍依赖人工核实。,先核对主链连接几何和独立单体身份，再决定是否查合成证据。,,https://www.rcsb.org/ligand/I4G
排除,I4O,Histidine oxo-vanadium complex,exclude,芳香／疏水侧链,C6 H8 N3 O6 V,269.086,,not-audited,,,,自动规则识别为整分子、辅因子、金属复合物、完整肽、保护体或缺少常规偶联羧基。,不计入非天然氨基酸单体数量。,,https://www.rcsb.org/ligand/I4O
条件结构候选,I58,4R-FLUORO-N6-ETHANIMIDOYL-L-LYSINE,conditional,卤代／电子调节,C8 H16 F N3 O2,205.23,,not-audited,,,,结构可能是独立非天然氨基酸，但用途或单体可获得性仍依赖人工核实。,先核对主链连接几何和独立单体身份，再决定是否查合成证据。,,https://www.rcsb.org/ligand/I58
条件结构候选,I7F,O-hydroxy-L-serine,conditional,极性／带电侧链,C3 H7 N O4,121.092,,not-audited,,,,结构可能是独立非天然氨基酸，但用途或单体可获得性仍依赖人工核实。,先核对主链连接几何和独立单体身份，再决定是否查合成证据。,以极性/带电特征为主，不宜默认用于提高被动渗透性,https://www.rcsb.org/ligand/I7F
条件结构候选,IAE,(2S)-2-azanyl-4-[4-(trifluoromethyl)phenyl]butanoic acid,conditional,卤代／电子调节,C11 H12 F3 N O2,247.214,,not-audited,,,,结构可能是独立非天然氨基酸，但用途或单体可获得性仍依赖人工核实。,先核对主链连接几何和独立单体身份，再决定是否查合成证据。,,https://www.rcsb.org/ligand/IAE
条件结构候选,IAM,4-[(ISOPROPYLAMINO)METHYL]PHENYLALANINE,conditional,芳香／疏水侧链,C13 H20 N2 O2,236.31,,not-audited,,,,结构可能是独立非天然氨基酸，但用途或单体可获得性仍依赖人工核实。,先核对主链连接几何和独立单体身份，再决定是否查合成证据。,,https://www.rcsb.org/ligand/IAM
条件结构候选,IAR,(2E)-5-[(diaminomethylidene)amino]-2-iminopentanoic acid,conditional,极性／带电侧链,C6 H12 N4 O2,172.185,,not-audited,,,,结构可能是独立非天然氨基酸，但用途或单体可获得性仍依赖人工核实。,先核对主链连接几何和独立单体身份，再决定是否查合成证据。,CCD仅标为通用peptide linking，需确认真实主链连接几何；以极性/带电特征为主，不宜默认用于提高被动渗透性,https://www.rcsb.org/ligand/IAR
已在短肽序列中观察到,IAS,BETA-L-ASPARTIC ACID,priority,延长骨架,C4 H7 N O4,133.103,,short-polymer,205,9,1H0I / 1JG3 / 1W9V / 1WB0 / 5GS4,该CCD进入过不超过50残基的PDB聚合物序列，支持其作为肽残基使用，但尚未逐条确认独立单体来源。,查原始论文，确认是预制单体偶联还是翻译后/结构内修饰。,CCD未指定标准氨基酸母体，需确认它是独立残基而非氨基酸样片段,https://www.rcsb.org/ligand/IAS
条件结构候选,IB9,Beta-tyrosine,conditional,芳香／疏水侧链,C9 H11 N O3,181.189,,not-audited,,,,结构可能是独立非天然氨基酸，但用途或单体可获得性仍依赖人工核实。,先核对主链连接几何和独立单体身份，再决定是否查合成证据。,,https://www.rcsb.org/ligand/IB9
排除,IC0,Fmoc-(S)-2-(4-pentenyl)-glycine,exclude,其他CCD肽链核心,C7 H13 N O2,143.184,,not-audited,,,,自动规则识别为整分子、辅因子、金属复合物、完整肽、保护体或缺少常规偶联羧基。,不计入非天然氨基酸单体数量。,,https://www.rcsb.org/ligand/IC0
仅结构参考,ICY,S-(2-iodobenzyl)-L-cysteine,reference,卤代／电子调节,C10 H12 I N O2 S,337.177,,not-audited,,,,复杂度、反应性、极性、端基或保护状态存在明显疑问，不进入默认单体库。,除非有明确研究用途，否则不优先审核。,分子量超过300 Da，单体复杂度和环肽总分子量负担较高,https://www.rcsb.org/ligand/ICY
条件结构候选,IEL,N~6~-[(1Z)-ethanimidoyl]-L-lysine,conditional,极性／带电侧链,C8 H17 N3 O2,187.239,,not-audited,,,,结构可能是独立非天然氨基酸，但用途或单体可获得性仍依赖人工核实。,先核对主链连接几何和独立单体身份，再决定是否查合成证据。,以极性/带电特征为主，不宜默认用于提高被动渗透性,https://www.rcsb.org/ligand/IEL
条件结构候选,IGL,ALPHA-AMINO-2-INDANACETIC ACID,conditional,芳香／疏水侧链,C11 H13 N O2,191.226,,not-audited,,,,结构可能是独立非天然氨基酸，但用途或单体可获得性仍依赖人工核实。,先核对主链连接几何和独立单体身份，再决定是否查合成证据。,,https://www.rcsb.org/ligand/IGL
已在短肽序列中观察到,II7,cis-3-aminocyclobutane carboxylic acid,priority,构象限制,C5 H9 N O2,115.13,,short-polymer,1,1,7Z4S,该CCD进入过不超过50残基的PDB聚合物序列，支持其作为肽残基使用，但尚未逐条确认独立单体来源。,查原始论文，确认是预制单体偶联还是翻译后/结构内修饰。,CCD未指定标准氨基酸母体，需确认它是独立残基而非氨基酸样片段,https://www.rcsb.org/ligand/II7
条件结构候选,IIC,4-IMIDAZOLMETHYLENE-5-IMIDAZOLONE CHROMOPHORE,conditional,芳香／疏水侧链,C11 H15 N5 O4,281.268,,not-audited,,,,结构可能是独立非天然氨基酸，但用途或单体可获得性仍依赖人工核实。,先核对主链连接几何和独立单体身份，再决定是否查合成证据。,分子量超过250 Da，需关注偶联效率、溶解度和总环肽体积,https://www.rcsb.org/ligand/IIC
条件结构候选,IIL,ISO-ISOLEUCINE,conditional,其他CCD肽链核心,C6 H13 N O2,131.173,,not-audited,,,,结构可能是独立非天然氨基酸，但用途或单体可获得性仍依赖人工核实。,先核对主链连接几何和独立单体身份，再决定是否查合成证据。,,https://www.rcsb.org/ligand/IIL
条件结构候选,ILX,"4,5-DIHYDROXYISOLEUCINE",conditional,极性／带电侧链,C6 H13 N O4,163.172,,not-audited,,,,结构可能是独立非天然氨基酸，但用途或单体可获得性仍依赖人工核实。,先核对主链连接几何和独立单体身份，再决定是否查合成证据。,以极性/带电特征为主，不宜默认用于提高被动渗透性,https://www.rcsb.org/ligand/ILX
人工证据支持,IML,N-METHYL-ISOLEUCINE,priority,N-取代,C7 H15 N O2,145.199,IML,short-polymer,32,19,11MG / 11MH / 1CWM / 1G65 / 3HJD,CCD结构与网站人工整理的论文、专利或药物骨架证据精确对应；可作为优先核验的肽合成单体。,继续核对具体保护形式、偶联方法和供应/合成来源。,,https://www.rcsb.org/ligand/IML
条件结构候选,IO8,2-[2-(aminomethyl)-4-(1H-indol-3-ylmethyl)-5-oxidanylidene-4H-imidazol-1-yl]ethanoic acid,conditional,芳香／疏水侧链,C15 H14 N4 O3,298.297,,not-audited,,,,结构可能是独立非天然氨基酸，但用途或单体可获得性仍依赖人工核实。,先核对主链连接几何和独立单体身份，再决定是否查合成证据。,分子量超过250 Da，需关注偶联效率、溶解度和总环肽体积,https://www.rcsb.org/ligand/IO8
条件结构候选,IOR,"N~5~-[(5R)-5-methyl-4-oxo-4,5-dihydro-1H-imidazol-2-yl]-L-ornithine",conditional,极性／带电侧链,C9 H16 N4 O3,228.248,,not-audited,,,,结构可能是独立非天然氨基酸，但用途或单体可获得性仍依赖人工核实。,先核对主链连接几何和独立单体身份，再决定是否查合成证据。,以极性/带电特征为主，不宜默认用于提高被动渗透性,https://www.rcsb.org/ligand/IOR
条件结构候选,IOY,P-IODO-D-PHENYLALANINE,conditional,D-构型,C9 H10 I N O2,291.086,,not-audited,,,,结构可能是独立非天然氨基酸，但用途或单体可获得性仍依赖人工核实。,先核对主链连接几何和独立单体身份，再决定是否查合成证据。,分子量超过250 Da，需关注偶联效率、溶解度和总环肽体积；CCD未指定标准氨基酸母体，需确认它是独立残基而非氨基酸样片段,https://www.rcsb.org/ligand/IOY
条件结构候选,IPG,N-ISOPROPYL GLYCINE,conditional,其他CCD肽链核心,C5 H11 N O2,117.146,,not-audited,,,,结构可能是独立非天然氨基酸，但用途或单体可获得性仍依赖人工核实。,先核对主链连接几何和独立单体身份，再决定是否查合成证据。,,https://www.rcsb.org/ligand/IPG
仅结构参考,IYR,3-IODO-TYROSINE,reference,卤代／电子调节,C9 H10 I N O3,307.085,,not-audited,,,,复杂度、反应性、极性、端基或保护状态存在明显疑问，不进入默认单体库。,除非有明确研究用途，否则不优先审核。,分子量超过300 Da，单体复杂度和环肽总分子量负担较高,https://www.rcsb.org/ligand/IYR
排除,IYT,"N-ALPHA-ACETYL-3,5-DIIODOTYROSYL-D-THREONINE",exclude,D-构型,C15 H18 I2 N2 O6,576.122,,not-audited,,,,自动规则识别为整分子、辅因子、金属复合物、完整肽、保护体或缺少常规偶联羧基。,不计入非天然氨基酸单体数量。,,https://www.rcsb.org/ligand/IYT
条件结构候选,IZO,(2S)-2-AMINOHEX-5-YNOIC ACID,conditional,其他CCD肽链核心,C6 H9 N O2,127.141,,not-audited,,,,结构可能是独立非天然氨基酸，但用途或单体可获得性仍依赖人工核实。,先核对主链连接几何和独立单体身份，再决定是否查合成证据。,,https://www.rcsb.org/ligand/IZO
仅结构参考,J2F,(2~{S})-2-azanyl-3-[4-[(2-nitrophenyl)methoxy]phenyl]propanoic acid,reference,芳香／疏水侧链,C16 H16 N2 O5,316.309,,not-audited,,,,复杂度、反应性、极性、端基或保护状态存在明显疑问，不进入默认单体库。,除非有明确研究用途，否则不优先审核。,分子量超过300 Da，单体复杂度和环肽总分子量负担较高,https://www.rcsb.org/ligand/J2F
条件结构候选,J3D,N-carboxy-L-cysteine,conditional,极性／带电侧链,C4 H7 N O4 S,165.168,,not-audited,,,,结构可能是独立非天然氨基酸，但用途或单体可获得性仍依赖人工核实。,先核对主链连接几何和独立单体身份，再决定是否查合成证据。,以极性/带电特征为主，不宜默认用于提高被动渗透性,https://www.rcsb.org/ligand/J3D
优先结构候选，暂无使用命中,J7H,(2~{R})-2-azanyl-2-methyl-heptanoic acid,priority,D-构型,C8 H17 N O2,159.226,,no-polymer-hit,0,0,,结构符合优先研发方向，但当前PDB聚合物审计没有命中。,查询供应商、合成论文、专利和SPPS/LPPS使用记录。,CCD未指定标准氨基酸母体，需确认它是独立残基而非氨基酸样片段,https://www.rcsb.org/ligand/J7H
条件结构候选,J8W,(2~{S})-2-azanyl-3-(3-oxidanyl-3-oxidanylidene-propanoyl)oxy-propanoic acid,conditional,极性／带电侧链,C6 H9 N O6,191.139,,not-audited,,,,结构可能是独立非天然氨基酸，但用途或单体可获得性仍依赖人工核实。,先核对主链连接几何和独立单体身份，再决定是否查合成证据。,以极性/带电特征为主，不宜默认用于提高被动渗透性,https://www.rcsb.org/ligand/J8W
条件结构候选,J9A,N-[(2S)-2-amino-2-carboxyethyl]-L-alpha-glutamine,conditional,极性／带电侧链,C8 H15 N3 O5,233.222,,not-audited,,,,结构可能是独立非天然氨基酸，但用途或单体可获得性仍依赖人工核实。,先核对主链连接几何和独立单体身份，再决定是否查合成证据。,CCD未指定标准氨基酸母体，需确认它是独立残基而非氨基酸样片段；以极性/带电特征为主，不宜默认用于提高被动渗透性,https://www.rcsb.org/ligand/J9A
条件结构候选,J9Y,(2S)-2-amino-5-{[(E)-amino(methylamino)methylidene](hydroxy)azaniumyl}pentanoate,conditional,极性／带电侧链,C7 H16 N4 O3,204.227,,not-audited,,,,结构可能是独立非天然氨基酸，但用途或单体可获得性仍依赖人工核实。,先核对主链连接几何和独立单体身份，再决定是否查合成证据。,以极性/带电特征为主，不宜默认用于提高被动渗透性,https://www.rcsb.org/ligand/J9Y
条件结构候选,JBY,"(2S)-2-{(4Z)-2-(aminomethyl)-4-[(4-hydroxyphenyl)methylidene]-5-oxo-4,5-dihydro-1H-imidazol-1-yl}propanoic acid",conditional,芳香／疏水侧链,C14 H15 N3 O4,289.287,,not-audited,,,,结构可能是独立非天然氨基酸，但用途或单体可获得性仍依赖人工核实。,先核对主链连接几何和独立单体身份，再决定是否查合成证据。,分子量超过250 Da，需关注偶联效率、溶解度和总环肽体积；CCD未指定标准氨基酸母体，需确认它是独立残基而非氨基酸样片段,https://www.rcsb.org/ligand/JBY
条件结构候选,JGO,"meso-2,6-diaminopimelic acid NH2",conditional,极性／带电侧链,C7 H15 N3 O3,189.212,,not-audited,,,,结构可能是独立非天然氨基酸，但用途或单体可获得性仍依赖人工核实。,先核对主链连接几何和独立单体身份，再决定是否查合成证据。,以极性/带电特征为主，不宜默认用于提高被动渗透性,https://www.rcsb.org/ligand/JGO
条件结构候选,JJJ,S-(pyridin-3-ylcarbonyl)-L-cysteine,conditional,芳香／疏水侧链,C9 H10 N2 O3 S,226.252,,not-audited,,,,结构可能是独立非天然氨基酸，但用途或单体可获得性仍依赖人工核实。,先核对主链连接几何和独立单体身份，再决定是否查合成证据。,,https://www.rcsb.org/ligand/JJJ
条件结构候选,JJK,S-[(S)-hydroxy(pyridin-3-yl)methyl]-L-cysteine,conditional,芳香／疏水侧链,C9 H12 N2 O3 S,228.268,,not-audited,,,,结构可能是独立非天然氨基酸，但用途或单体可获得性仍依赖人工核实。,先核对主链连接几何和独立单体身份，再决定是否查合成证据。,,https://www.rcsb.org/ligand/JJK
条件结构候选,JJL,S-[(S)-hydroxy(5-methoxypyridin-3-yl)methyl]-L-cysteine,conditional,芳香／疏水侧链,C10 H14 N2 O4 S,258.294,,not-audited,,,,结构可能是独立非天然氨基酸，但用途或单体可获得性仍依赖人工核实。,先核对主链连接几何和独立单体身份，再决定是否查合成证据。,分子量超过250 Da，需关注偶联效率、溶解度和总环肽体积,https://www.rcsb.org/ligand/JJL
条件结构候选,JKC,(2S)-2-azanyl-5-(phenylmethoxycarbonylamino)pentanoic acid,conditional,芳香／疏水侧链,C13 H18 N2 O4,266.293,,not-audited,,,,结构可能是独立非天然氨基酸，但用途或单体可获得性仍依赖人工核实。,先核对主链连接几何和独立单体身份，再决定是否查合成证据。,分子量超过250 Da，需关注偶联效率、溶解度和总环肽体积；CCD未指定标准氨基酸母体，需确认它是独立残基而非氨基酸样片段,https://www.rcsb.org/ligand/JKC
已在短肽序列中观察到,JKH,4-amino-Proline,priority,构象限制,C5 H11 N2 O2,131.153,,short-polymer,1,1,6QXB,该CCD进入过不超过50残基的PDB聚合物序列，支持其作为肽残基使用，但尚未逐条确认独立单体来源。,查原始论文，确认是预制单体偶联还是翻译后/结构内修饰。,,https://www.rcsb.org/ligand/JKH
条件结构候选,JLP,(2S)-2-azanyl-6-[E-[5-(hydroxymethyl)-2-methyl-3-oxidanyl-pyridin-4-yl]methylideneamino]hexanoic acid,conditional,芳香／疏水侧链,C14 H21 N3 O4,295.334,,not-audited,,,,结构可能是独立非天然氨基酸，但用途或单体可获得性仍依赖人工核实。,先核对主链连接几何和独立单体身份，再决定是否查合成证据。,分子量超过250 Da，需关注偶联效率、溶解度和总环肽体积,https://www.rcsb.org/ligand/JLP
仅结构参考,JMX,(2S)-3-[1-[(4-bromophenyl)methyl]indol-3-yl]-2-(methylamino)propanoic acid,reference,卤代／电子调节,C19 H19 Br N2 O2,387.27,,not-audited,,,,复杂度、反应性、极性、端基或保护状态存在明显疑问，不进入默认单体库。,除非有明确研究用途，否则不优先审核。,分子量超过300 Da，单体复杂度和环肽总分子量负担较高；CCD未指定标准氨基酸母体，需确认它是独立残基而非氨基酸样片段,https://www.rcsb.org/ligand/JMX
条件结构候选,JXR,"2,2-bis(4-pentenyl)glycine",conditional,其他CCD肽链核心,C12 H21 N O2,211.301,,not-audited,,,,结构可能是独立非天然氨基酸，但用途或单体可获得性仍依赖人工核实。,先核对主链连接几何和独立单体身份，再决定是否查合成证据。,CCD未指定标准氨基酸母体，需确认它是独立残基而非氨基酸样片段,https://www.rcsb.org/ligand/JXR
条件结构候选,JYC,(S)-2-(7'-octenyl) alanine,conditional,其他CCD肽链核心,C11 H21 N O2,199.29,,not-audited,,,,结构可能是独立非天然氨基酸，但用途或单体可获得性仍依赖人工核实。,先核对主链连接几何和独立单体身份，再决定是否查合成证据。,CCD未指定标准氨基酸母体，需确认它是独立残基而非氨基酸样片段,https://www.rcsb.org/ligand/JYC
条件结构候选,K1R,(2S)-2-AMINO-4-[({[(2R)-2-AMINO-2-CARBOXYETHYL]THIO}AMINO)SULFINYL]BUTANOIC ACID,conditional,极性／带电侧链,C7 H15 N3 O5 S2,285.341,,not-audited,,,,结构可能是独立非天然氨基酸，但用途或单体可获得性仍依赖人工核实。,先核对主链连接几何和独立单体身份，再决定是否查合成证据。,分子量超过250 Da，需关注偶联效率、溶解度和总环肽体积；以极性/带电特征为主，不宜默认用于提高被动渗透性,https://www.rcsb.org/ligand/K1R
条件结构候选,K5H,"(2~{R})-2-azanyl-3-[3,3,3-tris(fluoranyl)-2,2-bis(oxidanyl)propyl]sulfanyl-propanoic acid",conditional,极性／带电侧链,C6 H10 F3 N O4 S,249.208,,not-audited,,,,结构可能是独立非天然氨基酸，但用途或单体可获得性仍依赖人工核实。,先核对主链连接几何和独立单体身份，再决定是否查合成证据。,以极性/带电特征为主，不宜默认用于提高被动渗透性,https://www.rcsb.org/ligand/K5H
条件结构候选,K5L,(2~{R})-2-azanyl-3-(3-oxidanyl-3-oxidanylidene-propanoyl)oxy-propanoic acid,conditional,极性／带电侧链,C6 H9 N O6,191.139,,not-audited,,,,结构可能是独立非天然氨基酸，但用途或单体可获得性仍依赖人工核实。,先核对主链连接几何和独立单体身份，再决定是否查合成证据。,以极性/带电特征为主，不宜默认用于提高被动渗透性,https://www.rcsb.org/ligand/K5L
仅结构参考,K7K,2-azanyl-3-[hexyl-[2-(3-oxidanylpyridin-2-yl)pyridin-3-yl]oxy-phosphoryl]oxy-propanal,reference,芳香／疏水侧链,C19 H26 N3 O6 P,423.4,,not-audited,,,,复杂度、反应性、极性、端基或保护状态存在明显疑问，不进入默认单体库。,除非有明确研究用途，否则不优先审核。,分子量超过300 Da，单体复杂度和环肽总分子量负担较高；含磷酸/膦酸相关结构，通常不利于被动跨膜，除非有专门遮蔽设计；名称提示反应性官能团或中间体，需要确认能否承受偶联和脱保护条件,https://www.rcsb.org/ligand/K7K
条件结构候选,KBE,beta-lysine,conditional,极性／带电侧链,C6 H14 N2 O2,146.188,,not-audited,,,,结构可能是独立非天然氨基酸，但用途或单体可获得性仍依赖人工核实。,先核对主链连接几何和独立单体身份，再决定是否查合成证据。,以极性/带电特征为主，不宜默认用于提高被动渗透性,https://www.rcsb.org/ligand/KBE
仅结构参考,KBS,2-[(4-methoxyphenyl)sulfanyl]-5-[methyl(propan-2-yl)sulfamoyl]benzoic acid,reference,芳香／疏水侧链,C18 H21 N O5 S2,395.493,,not-audited,,,,复杂度、反应性、极性、端基或保护状态存在明显疑问，不进入默认单体库。,除非有明确研究用途，否则不优先审核。,分子量超过300 Da，单体复杂度和环肽总分子量负担较高；CCD仅标为通用peptide linking，需确认真实主链连接几何；CCD未指定标准氨基酸母体，需确认它是独立残基而非氨基酸样片段,https://www.rcsb.org/ligand/KBS
条件结构候选,KBV,(3R)-3-amino-4-(4-tert-butylphenyl)butanoic acid,conditional,芳香／疏水侧链,C14 H21 N O2,235.322,,not-audited,,,,结构可能是独立非天然氨基酸，但用途或单体可获得性仍依赖人工核实。,先核对主链连接几何和独立单体身份，再决定是否查合成证据。,CCD仅标为通用peptide linking，需确认真实主链连接几何；CCD未指定标准氨基酸母体，需确认它是独立残基而非氨基酸样片段,https://www.rcsb.org/ligand/KBV
条件结构候选,KCJ,"3-(1,3-thiazol-4-yl)-L-alanine",conditional,芳香／疏水侧链,C6 H8 N2 O2 S,172.205,,not-audited,,,,结构可能是独立非天然氨基酸，但用途或单体可获得性仍依赖人工核实。,先核对主链连接几何和独立单体身份，再决定是否查合成证据。,CCD未指定标准氨基酸母体，需确认它是独立残基而非氨基酸样片段,https://www.rcsb.org/ligand/KCJ
条件结构候选,KCR,N-6-crotonyl-L-lysine,conditional,极性／带电侧链,C10 H18 N2 O3,214.262,,not-audited,,,,结构可能是独立非天然氨基酸，但用途或单体可获得性仍依赖人工核实。,先核对主链连接几何和独立单体身份，再决定是否查合成证据。,以极性/带电特征为主，不宜默认用于提高被动渗透性,https://www.rcsb.org/ligand/KCR
条件结构候选,KCX,LYSINE NZ-CARBOXYLIC ACID,conditional,极性／带电侧链,C7 H14 N2 O4,190.197,,not-audited,,,,结构可能是独立非天然氨基酸，但用途或单体可获得性仍依赖人工核实。,先核对主链连接几何和独立单体身份，再决定是否查合成证据。,以极性/带电特征为主，不宜默认用于提高被动渗透性,https://www.rcsb.org/ligand/KCX
已在短肽序列中观察到,KCY,D-homocysteine,priority,D-构型,C4 H9 N O2 S,135.185,,short-polymer,1,1,2N0I,该CCD进入过不超过50残基的PDB聚合物序列，支持其作为肽残基使用，但尚未逐条确认独立单体来源。,查原始论文，确认是预制单体偶联还是翻译后/结构内修饰。,CCD未指定标准氨基酸母体，需确认它是独立残基而非氨基酸样片段,https://www.rcsb.org/ligand/KCY
条件结构候选,KEO,e(R)-beta-lysyl-hydroxylysine,conditional,极性／带电侧链,C12 H26 N4 O4,290.359,,not-audited,,,,结构可能是独立非天然氨基酸，但用途或单体可获得性仍依赖人工核实。,先核对主链连接几何和独立单体身份，再决定是否查合成证据。,分子量超过250 Da，需关注偶联效率、溶解度和总环肽体积；以极性/带电特征为主，不宜默认用于提高被动渗透性,https://www.rcsb.org/ligand/KEO
仅结构参考,KFP,"N~6~-[(2-amino-4-oxo-3,4-dihydropteridin-6-yl)methyl]-D-lysine",reference,D-构型,C13 H19 N7 O3,321.335,,not-audited,,,,复杂度、反应性、极性、端基或保护状态存在明显疑问，不进入默认单体库。,除非有明确研究用途，否则不优先审核。,分子量超过300 Da，单体复杂度和环肽总分子量负担较高；杂原子较多，可能增加暴露极性和去溶剂化代价,https://www.rcsb.org/ligand/KFP
条件结构候选,KGC,N~6~-[(2R)-2-CARBOXY-5-OXOTETRAHYDROFURAN-2-YL]-L-LYSINE,conditional,极性／带电侧链,C11 H18 N2 O6,274.27,,not-audited,,,,结构可能是独立非天然氨基酸，但用途或单体可获得性仍依赖人工核实。,先核对主链连接几何和独立单体身份，再决定是否查合成证据。,分子量超过250 Da，需关注偶联效率、溶解度和总环肽体积；以极性/带电特征为主，不宜默认用于提高被动渗透性,https://www.rcsb.org/ligand/KGC
条件结构候选,KHB,N~6~-[(3S)-3-hydroxybutanoyl]-L-lysine,conditional,极性／带电侧链,C10 H20 N2 O4,232.277,,not-audited,,,,结构可能是独立非天然氨基酸，但用途或单体可获得性仍依赖人工核实。,先核对主链连接几何和独立单体身份，再决定是否查合成证据。,以极性/带电特征为主，不宜默认用于提高被动渗透性,https://www.rcsb.org/ligand/KHB
已在短肽序列中观察到,KJW,(d)3-hydroxy-Leucine,priority,D-构型,C6 H13 N O3,147.172,,short-polymer,2,2,6RUJ / 8W6Z,该CCD进入过不超过50残基的PDB聚合物序列，支持其作为肽残基使用，但尚未逐条确认独立单体来源。,查原始论文，确认是预制单体偶联还是翻译后/结构内修饰。,CCD未指定标准氨基酸母体，需确认它是独立残基而非氨基酸样片段,https://www.rcsb.org/ligand/KJW
排除,KKD,N-acetyl-L-aspartic acid,exclude,极性／带电侧链,C6 H9 N O5,175.139,,not-audited,,,,自动规则识别为整分子、辅因子、金属复合物、完整肽、保护体或缺少常规偶联羧基。,不计入非天然氨基酸单体数量。,,https://www.rcsb.org/ligand/KKD
排除,KLF,"(2~{S},4~{R})-4-oxidanylpyrrolidine-2-carboxamide",exclude,极性／带电侧链,C5 H10 N2 O2,130.145,,not-audited,,,,自动规则识别为整分子、辅因子、金属复合物、完整肽、保护体或缺少常规偶联羧基。,不计入非天然氨基酸单体数量。,,https://www.rcsb.org/ligand/KLF
条件结构候选,KNB,3-(methylsulfonyl)-L-alanine,conditional,极性／带电侧链,C4 H9 N O4 S,167.184,,not-audited,,,,结构可能是独立非天然氨基酸，但用途或单体可获得性仍依赖人工核实。,先核对主链连接几何和独立单体身份，再决定是否查合成证据。,以极性/带电特征为主，不宜默认用于提高被动渗透性,https://www.rcsb.org/ligand/KNB
条件结构候选,KOR,L-HOMOCYSTEINE-S-N-S-L-CYSTEINE,conditional,极性／带电侧链,C7 H15 N3 O5 S2,285.341,,not-audited,,,,结构可能是独立非天然氨基酸，但用途或单体可获得性仍依赖人工核实。,先核对主链连接几何和独立单体身份，再决定是否查合成证据。,分子量超过250 Da，需关注偶联效率、溶解度和总环肽体积；以极性/带电特征为主，不宜默认用于提高被动渗透性,https://www.rcsb.org/ligand/KOR
条件结构候选,KPF,N-(1-carboxy-2-fluoro-ethenyl) lysine,conditional,卤代／电子调节,C9 H15 F N2 O4,234.225,,not-audited,,,,结构可能是独立非天然氨基酸，但用途或单体可获得性仍依赖人工核实。,先核对主链连接几何和独立单体身份，再决定是否查合成证据。,,https://www.rcsb.org/ligand/KPF
条件结构候选,KPI,(2S)-2-amino-6-[(1-hydroxy-1-oxo-propan-2-ylidene)amino]hexanoic acid,conditional,极性／带电侧链,C9 H16 N2 O4,216.234,,not-audited,,,,结构可能是独立非天然氨基酸，但用途或单体可获得性仍依赖人工核实。,先核对主链连接几何和独立单体身份，再决定是否查合成证据。,以极性/带电特征为主，不宜默认用于提高被动渗透性,https://www.rcsb.org/ligand/KPI
条件结构候选,KPY,(2R)-2-AZANYL-3-[2-[(E)-(1-OXIDANYL-1-OXIDANYLIDENE-PROPAN-2-YLIDENE)AMINO]ETHYLSULFANYL]PROPANOIC ACID,conditional,极性／带电侧链,C8 H14 N2 O4 S,234.273,,not-audited,,,,结构可能是独立非天然氨基酸，但用途或单体可获得性仍依赖人工核实。,先核对主链连接几何和独立单体身份，再决定是否查合成证据。,以极性/带电特征为主，不宜默认用于提高被动渗透性,https://www.rcsb.org/ligand/KPY
条件结构候选,KR3,N~6~-(ethoxycarbonyl)-L-lysine,conditional,极性／带电侧链,C9 H18 N2 O4,218.25,,not-audited,,,,结构可能是独立非天然氨基酸，但用途或单体可获得性仍依赖人工核实。,先核对主链连接几何和独立单体身份，再决定是否查合成证据。,以极性/带电特征为主，不宜默认用于提高被动渗透性,https://www.rcsb.org/ligand/KR3
排除,KSB,lambda-[Ru(tap2-dppz-CN)]2+,exclude,D-构型,C39 H21 N13 Ru,772.741,,not-audited,,,,自动规则识别为整分子、辅因子、金属复合物、完整肽、保护体或缺少常规偶联羧基。,不计入非天然氨基酸单体数量。,,https://www.rcsb.org/ligand/KSB
条件结构候选,KST,N~6~-(5-CARBOXY-3-THIENYL)-L-LYSINE,conditional,芳香／疏水侧链,C11 H16 N2 O4 S,272.321,,not-audited,,,,结构可能是独立非天然氨基酸，但用途或单体可获得性仍依赖人工核实。,先核对主链连接几何和独立单体身份，再决定是否查合成证据。,分子量超过250 Da，需关注偶联效率、溶解度和总环肽体积,https://www.rcsb.org/ligand/KST
已在短肽序列中观察到,KW4,5-methyl-D-norleucine,priority,D-构型,C7 H15 N O2,145.199,,short-polymer,1,1,9DXX,该CCD进入过不超过50残基的PDB聚合物序列，支持其作为肽残基使用，但尚未逐条确认独立单体来源。,查原始论文，确认是预制单体偶联还是翻译后/结构内修饰。,,https://www.rcsb.org/ligand/KW4
排除,KWS,"{2-[(1R,2R)-1-amino-2-hydroxypropyl]-4-methylidene-5-oxo-4,5-dihydro-1H-imidazol-1-yl}acetic acid",exclude,极性／带电侧链,C9 H13 N3 O4,227.217,,not-audited,,,,自动规则识别为整分子、辅因子、金属复合物、完整肽、保护体或缺少常规偶联羧基。,不计入非天然氨基酸单体数量。,,https://www.rcsb.org/ligand/KWS
仅结构参考,KXV,"{(4Z)-2-[(1R)-1-amino-2-sulfanylethyl]-4-[(4-hydroxy-3-methoxyphenyl)methylidene]-5-oxo-4,5-dihydro-1H-imidazol-1-yl}ac etic acid",reference,芳香／疏水侧链,C15 H17 N3 O5 S,351.378,,not-audited,,,,复杂度、反应性、极性、端基或保护状态存在明显疑问，不进入默认单体库。,除非有明确研究用途，否则不优先审核。,分子量超过300 Da，单体复杂度和环肽总分子量负担较高；CCD未指定标准氨基酸母体，需确认它是独立残基而非氨基酸样片段,https://www.rcsb.org/ligand/KXV
仅结构参考,KY4,"{(4Z)-2-[(1R)-1-amino-2-sulfanylethyl]-4-[(2,3-difluoro-4-hydroxyphenyl)methylidene]-5-oxo-4,5-dihydro-1H-imidazol-1-yl}acetic acid",reference,卤代／电子调节,C14 H13 F2 N3 O4 S,357.333,,not-audited,,,,复杂度、反应性、极性、端基或保护状态存在明显疑问，不进入默认单体库。,除非有明确研究用途，否则不优先审核。,分子量超过300 Da，单体复杂度和环肽总分子量负担较高；CCD未指定标准氨基酸母体，需确认它是独立残基而非氨基酸样片段,https://www.rcsb.org/ligand/KY4
仅结构参考,KY7,"{(4Z)-2-[(1S)-1-amino-2-sulfanylethyl]-4-[(4-hydroxy-3-nitrophenyl)methylidene]-5-oxo-4,5-dihydro-1H-imidazol-1-yl}acetic acid",reference,芳香／疏水侧链,C14 H14 N4 O6 S,366.349,,not-audited,,,,复杂度、反应性、极性、端基或保护状态存在明显疑问，不进入默认单体库。,除非有明确研究用途，否则不优先审核。,分子量超过300 Da，单体复杂度和环肽总分子量负担较高；CCD未指定标准氨基酸母体，需确认它是独立残基而非氨基酸样片段,https://www.rcsb.org/ligand/KY7
条件结构候选,KYN,(2S)-2-amino-4-(2-aminophenyl)-4-oxobutanoic acid,conditional,芳香／疏水侧链,C10 H12 N2 O3,208.214,,not-audited,,,,结构可能是独立非天然氨基酸，但用途或单体可获得性仍依赖人工核实。,先核对主链连接几何和独立单体身份，再决定是否查合成证据。,,https://www.rcsb.org/ligand/KYN
条件结构候选,KYQ,(E)-N~6~-(1-carboxy-2-hydroxyethylidene)-L-lysine,conditional,极性／带电侧链,C9 H16 N2 O5,232.234,,not-audited,,,,结构可能是独立非天然氨基酸，但用途或单体可获得性仍依赖人工核实。,先核对主链连接几何和独立单体身份，再决定是否查合成证据。,以极性/带电特征为主，不宜默认用于提高被动渗透性,https://www.rcsb.org/ligand/KYQ
仅结构参考,KZ1,"{(4Z)-2-[(1R)-1-amino-2-sulfanylethyl]-5-oxo-4-[(2,3,5-trifluoro-4-hydroxyphenyl)methylidene]-4,5-dihydro-1H-imidazol-1-yl}acetic acid",reference,卤代／电子调节,C14 H12 F3 N3 O4 S,375.323,,not-audited,,,,复杂度、反应性、极性、端基或保护状态存在明显疑问，不进入默认单体库。,除非有明确研究用途，否则不优先审核。,分子量超过300 Da，单体复杂度和环肽总分子量负担较高,https://www.rcsb.org/ligand/KZ1
仅结构参考,KZ4,"{(4Z)-2-[(1R)-1-amino-2-sulfanylethyl]-4-[(3-bromo-4-hydroxyphenyl)methylidene]-5-oxo-4,5-dihydro-1H-imidazol-1-yl}acetic acid",reference,卤代／电子调节,C14 H14 Br N3 O4 S,400.248,,not-audited,,,,复杂度、反应性、极性、端基或保护状态存在明显疑问，不进入默认单体库。,除非有明确研究用途，否则不优先审核。,分子量超过300 Da，单体复杂度和环肽总分子量负担较高,https://www.rcsb.org/ligand/KZ4
仅结构参考,KZ7,"{(4Z)-2-[(1R)-1-amino-2-sulfanylethyl]-4-[(3-chloro-4-hydroxyphenyl)methylidene]-5-oxo-4,5-dihydro-1H-imidazol-1-yl}acetic acid",reference,卤代／电子调节,C14 H14 Cl N3 O4 S,355.797,,not-audited,,,,复杂度、反应性、极性、端基或保护状态存在明显疑问，不进入默认单体库。,除非有明确研究用途，否则不优先审核。,分子量超过300 Da，单体复杂度和环肽总分子量负担较高,https://www.rcsb.org/ligand/KZ7
仅结构参考,KZG,"{(4Z)-2-[(1R)-1-amino-2-sulfanylethyl]-4-[(4-hydroxy-3-iodophenyl)methylidene]-5-oxo-4,5-dihydro-1H-imidazol-1-yl}aceti c acid",reference,卤代／电子调节,C14 H14 I N3 O4 S,447.248,,not-audited,,,,复杂度、反应性、极性、端基或保护状态存在明显疑问，不进入默认单体库。,除非有明确研究用途，否则不优先审核。,分子量超过300 Da，单体复杂度和环肽总分子量负担较高,https://www.rcsb.org/ligand/KZG
仅结构参考,KZV,"{(4Z)-2-[(1R)-1-amino-2-sulfanylethyl]-4-[(3-fluoro-4-hydroxyphenyl)methylidene]-5-oxo-4,5-dihydro-1H-imidazol-1-yl}ace tic acid",reference,卤代／电子调节,C14 H14 F N3 O4 S,339.342,,not-audited,,,,复杂度、反应性、极性、端基或保护状态存在明显疑问，不进入默认单体库。,除非有明确研究用途，否则不优先审核。,分子量超过300 Da，单体复杂度和环肽总分子量负担较高,https://www.rcsb.org/ligand/KZV
仅结构参考,KZY,"{(4Z)-2-[(1R)-1-amino-2-sulfanylethyl]-4-[(4-hydroxy-3-methylphenyl)methylidene]-5-oxo-4,5-dihydro-1H-imidazol-1-yl}acetic acid",reference,芳香／疏水侧链,C15 H17 N3 O4 S,335.378,,not-audited,,,,复杂度、反应性、极性、端基或保护状态存在明显疑问，不进入默认单体库。,除非有明确研究用途，否则不优先审核。,分子量超过300 Da，单体复杂度和环肽总分子量负担较高,https://www.rcsb.org/ligand/KZY
排除,L2A,"(2S,5S,8S,11S,15E,20S)-20-amino-2-(carboxymethyl)-11,20-dimethyl-5,8-bis(2-methylpropyl)-3,6,9,21-tetraoxo-1,4,7,10-tetraazacyclohenicos-15-ene-11-carboxylic acid",exclude,构象限制,C30 H51 N5 O8,609.755,,not-audited,,,,自动规则识别为整分子、辅因子、金属复合物、完整肽、保护体或缺少常规偶联羧基。,不计入非天然氨基酸单体数量。,,https://www.rcsb.org/ligand/L2A
条件结构候选,L3O,"(2S,3S)-3-amino-2-hydroxy-5-methylhexanoic acid",conditional,极性／带电侧链,C7 H15 N O3,161.199,,not-audited,,,,结构可能是独立非天然氨基酸，但用途或单体可获得性仍依赖人工核实。,先核对主链连接几何和独立单体身份，再决定是否查合成证据。,以极性/带电特征为主，不宜默认用于提高被动渗透性,https://www.rcsb.org/ligand/L3O
排除,L4R,Fmoc-(R)-2-(7-octenyl)alanine,exclude,其他CCD肽链核心,C11 H21 N O2,199.29,,not-audited,,,,自动规则识别为整分子、辅因子、金属复合物、完整肽、保护体或缺少常规偶联羧基。,不计入非天然氨基酸单体数量。,,https://www.rcsb.org/ligand/L4R
仅结构参考,L5P,"(2S)-2-azanyl-6-[[(3R,4R)-3,4-bis(oxidanyl)-2-oxidanylidene-5-phosphonooxy-pentyl]amino]hexanoic acid",reference,极性／带电侧链,C11 H23 N2 O9 P,358.282,,not-audited,,,,复杂度、反应性、极性、端基或保护状态存在明显疑问，不进入默认单体库。,除非有明确研究用途，否则不优先审核。,分子量超过300 Da，单体复杂度和环肽总分子量负担较高；杂原子较多，可能增加暴露极性和去溶剂化代价；含磷酸/膦酸相关结构，通常不利于被动跨膜，除非有专门遮蔽设计；以极性/带电特征为主，不宜默认用于提高被动渗透性,https://www.rcsb.org/ligand/L5P
仅结构参考,LA2,"N~6~-[(6R)-6,8-disulfanyloctanoyl]-L-lysine",reference,极性／带电侧链,C14 H28 N2 O3 S2,336.514,,not-audited,,,,复杂度、反应性、极性、端基或保护状态存在明显疑问，不进入默认单体库。,除非有明确研究用途，否则不优先审核。,分子量超过300 Da，单体复杂度和环肽总分子量负担较高；以极性/带电特征为主，不宜默认用于提高被动渗透性,https://www.rcsb.org/ligand/LA2
条件结构候选,LAL,"N,N-DIMETHYL-L-ALANINE",conditional,其他CCD肽链核心,C5 H11 N O2,117.146,,not-audited,,,,结构可能是独立非天然氨基酸，但用途或单体可获得性仍依赖人工核实。,先核对主链连接几何和独立单体身份，再决定是否查合成证据。,,https://www.rcsb.org/ligand/LAL
排除,LAY,N-acetyl-L-leucine,exclude,极性／带电侧链,C8 H15 N O3,173.21,,not-audited,,,,自动规则识别为整分子、辅因子、金属复合物、完整肽、保护体或缺少常规偶联羧基。,不计入非天然氨基酸单体数量。,,https://www.rcsb.org/ligand/LAY
排除,LBY,N~6~-(tert-butoxycarbonyl)-L-lysine,exclude,极性／带电侧链,C11 H22 N2 O4,246.303,,not-audited,,,,自动规则识别为整分子、辅因子、金属复合物、完整肽、保护体或缺少常规偶联羧基。,不计入非天然氨基酸单体数量。,,https://www.rcsb.org/ligand/LBY
条件结构候选,LBZ,(2~{S})-2-azanyl-6-benzamido-hexanoic acid,conditional,芳香／疏水侧链,C13 H18 N2 O3,250.294,,not-audited,,,,结构可能是独立非天然氨基酸，但用途或单体可获得性仍依赖人工核实。,先核对主链连接几何和独立单体身份，再决定是否查合成证据。,分子量超过250 Da，需关注偶联效率、溶解度和总环肽体积,https://www.rcsb.org/ligand/LBZ
条件结构候选,LCK,(Z)-N~6~-(2-carboxy-1-methylethylidene)-L-lysine,conditional,极性／带电侧链,C10 H18 N2 O4,230.261,,not-audited,,,,结构可能是独立非天然氨基酸，但用途或单体可获得性仍依赖人工核实。,先核对主链连接几何和独立单体身份，再决定是否查合成证据。,以极性/带电特征为主，不宜默认用于提高被动渗透性,https://www.rcsb.org/ligand/LCK
条件结构候选,LDH,N~6~-ETHYL-L-LYSINE,conditional,极性／带电侧链,C8 H18 N2 O2,174.241,,not-audited,,,,结构可能是独立非天然氨基酸，但用途或单体可获得性仍依赖人工核实。,先核对主链连接几何和独立单体身份，再决定是否查合成证据。,以极性/带电特征为主，不宜默认用于提高被动渗透性,https://www.rcsb.org/ligand/LDH
条件结构候选,LE1,3-sulfanyl-L-valine,conditional,其他CCD肽链核心,C5 H11 N O2 S,149.211,,not-audited,,,,结构可能是独立非天然氨基酸，但用途或单体可获得性仍依赖人工核实。,先核对主链连接几何和独立单体身份，再决定是否查合成证据。,,https://www.rcsb.org/ligand/LE1
条件结构候选,LED,(4R)-5-OXO-L-LEUCINE,conditional,极性／带电侧链,C6 H11 N O3,145.156,,not-audited,,,,结构可能是独立非天然氨基酸，但用途或单体可获得性仍依赖人工核实。,先核对主链连接几何和独立单体身份，再决定是否查合成证据。,以极性/带电特征为主，不宜默认用于提高被动渗透性,https://www.rcsb.org/ligand/LED
条件结构候选,LEF,(4S)-5-FLUORO-L-LEUCINE,conditional,卤代／电子调节,C6 H12 F N O2,149.163,,not-audited,,,,结构可能是独立非天然氨基酸，但用途或单体可获得性仍依赖人工核实。,先核对主链连接几何和独立单体身份，再决定是否查合成证据。,,https://www.rcsb.org/ligand/LEF
仅结构参考,LEH,N-[12-(1H-imidazol-1-yl)dodecanoyl]-L-leucine,reference,芳香／疏水侧链,C21 H37 N3 O3,379.537,,not-audited,,,,复杂度、反应性、极性、端基或保护状态存在明显疑问，不进入默认单体库。,除非有明确研究用途，否则不优先审核。,分子量超过300 Da，单体复杂度和环肽总分子量负担较高,https://www.rcsb.org/ligand/LEH
已在短肽序列中观察到,LEI,3-sulfanyl-D-valine,priority,D-构型,C5 H11 N O2 S,149.211,,short-polymer,1,1,3H5G,该CCD进入过不超过50残基的PDB聚合物序列，支持其作为肽残基使用，但尚未逐条确认独立单体来源。,查原始论文，确认是预制单体偶联还是翻译后/结构内修饰。,CCD未指定标准氨基酸母体，需确认它是独立残基而非氨基酸样片段,https://www.rcsb.org/ligand/LEI
仅结构参考,LET,(Z)-N^6-{3-CARBOXY-1-[(4-CARBOXY-2-OXOBUTOXY)METHYL]PROPYLIDENE}-L-LYSINE,reference,极性／带电侧链,C16 H26 N2 O8,374.386,,not-audited,,,,复杂度、反应性、极性、端基或保护状态存在明显疑问，不进入默认单体库。,除非有明确研究用途，否则不优先审核。,分子量超过300 Da，单体复杂度和环肽总分子量负担较高；杂原子较多，可能增加暴露极性和去溶剂化代价；以极性/带电特征为主，不宜默认用于提高被动渗透性,https://www.rcsb.org/ligand/LET
条件结构候选,LGY,(E)-N~6~-(4-oxobutylidene)-L-lysine,conditional,极性／带电侧链,C10 H18 N2 O3,214.262,,not-audited,,,,结构可能是独立非天然氨基酸，但用途或单体可获得性仍依赖人工核实。,先核对主链连接几何和独立单体身份，再决定是否查合成证据。,以极性/带电特征为主，不宜默认用于提高被动渗透性,https://www.rcsb.org/ligand/LGY
条件结构候选,LHC,(2S)-2-amino-4-(4-amino-2-oxopyrimidin-1(2H)-yl)butanoic acid,conditional,极性／带电侧链,C8 H12 N4 O3,212.206,,not-audited,,,,结构可能是独立非天然氨基酸，但用途或单体可获得性仍依赖人工核实。,先核对主链连接几何和独立单体身份，再决定是否查合成证据。,CCD未指定标准氨基酸母体，需确认它是独立残基而非氨基酸样片段；以极性/带电特征为主，不宜默认用于提高被动渗透性,https://www.rcsb.org/ligand/LHC
仅结构参考,LKE,2-[(4~{Z})-2-(aminomethyl)-4-[(4-azidophenyl)methylidene]-5-oxidanylidene-imidazol-1-yl]ethanoic acid,reference,芳香／疏水侧链,C13 H12 N6 O3,300.273,,not-audited,,,,复杂度、反应性、极性、端基或保护状态存在明显疑问，不进入默认单体库。,除非有明确研究用途，否则不优先审核。,分子量超过300 Da，单体复杂度和环肽总分子量负担较高；杂原子较多，可能增加暴露极性和去溶剂化代价；CCD未指定标准氨基酸母体，需确认它是独立残基而非氨基酸样片段,https://www.rcsb.org/ligand/LKE
条件结构候选,LLO,"N~6~-[(1S)-3-hydroxy-1,3-dimethylbutyl]-L-lysine",conditional,极性／带电侧链,C12 H26 N2 O3,246.346,,not-audited,,,,结构可能是独立非天然氨基酸，但用途或单体可获得性仍依赖人工核实。,先核对主链连接几何和独立单体身份，再决定是否查合成证据。,以极性/带电特征为主，不宜默认用于提高被动渗透性,https://www.rcsb.org/ligand/LLO
仅结构参考,LLP,(2S)-2-amino-6-[[3-hydroxy-2-methyl-5-(phosphonooxymethyl)pyridin-4-yl]methylideneamino]hexanoic acid,reference,芳香／疏水侧链,C14 H22 N3 O7 P,375.314,,not-audited,,,,复杂度、反应性、极性、端基或保护状态存在明显疑问，不进入默认单体库。,除非有明确研究用途，否则不优先审核。,分子量超过300 Da，单体复杂度和环肽总分子量负担较高；杂原子较多，可能增加暴露极性和去溶剂化代价；含磷酸/膦酸相关结构，通常不利于被动跨膜，除非有专门遮蔽设计,https://www.rcsb.org/ligand/LLP
条件结构候选,LLY,NZ-(DICARBOXYMETHYL)LYSINE,conditional,极性／带电侧链,C9 H16 N2 O6,248.233,,not-audited,,,,结构可能是独立非天然氨基酸，但用途或单体可获得性仍依赖人工核实。,先核对主链连接几何和独立单体身份，再决定是否查合成证据。,以极性/带电特征为主，不宜默认用于提高被动渗透性,https://www.rcsb.org/ligand/LLY
仅结构参考,LLZ,N~6~-[(1S)-3-(6-methoxynaphthalen-2-yl)-1-methyl-3-oxopropyl]-L-lysine,reference,芳香／疏水侧链,C21 H28 N2 O4,372.458,,not-audited,,,,复杂度、反应性、极性、端基或保护状态存在明显疑问，不进入默认单体库。,除非有明确研究用途，否则不优先审核。,分子量超过300 Da，单体复杂度和环肽总分子量负担较高,https://www.rcsb.org/ligand/LLZ
条件结构候选,LME,"(2S,3R)-2-azanyl-3-methyl-pentanedioic acid",conditional,极性／带电侧链,C6 H11 N O4,161.156,,not-audited,,,,结构可能是独立非天然氨基酸，但用途或单体可获得性仍依赖人工核实。,先核对主链连接几何和独立单体身份，再决定是否查合成证据。,以极性/带电特征为主，不宜默认用于提高被动渗透性,https://www.rcsb.org/ligand/LME
优先结构候选，暂无使用命中,LMF,NZ(N-METHYL THIOFORMAMIDE) LYSINE,priority,N-取代,C8 H17 N3 O2 S,219.304,,no-polymer-hit,0,0,,结构符合优先研发方向，但当前PDB聚合物审计没有命中。,查询供应商、合成论文、专利和SPPS/LPPS使用记录。,,https://www.rcsb.org/ligand/LMF
条件结构候选,LMQ,(3S)-3-methyl-L-glutamine,conditional,极性／带电侧链,C6 H12 N2 O3,160.171,,not-audited,,,,结构可能是独立非天然氨基酸，但用途或单体可获得性仍依赖人工核实。,先核对主链连接几何和独立单体身份，再决定是否查合成证据。,以极性/带电特征为主，不宜默认用于提高被动渗透性,https://www.rcsb.org/ligand/LMQ
排除,LNE,N-ethyl-L-leucinamide,exclude,N-取代,C8 H18 N2 O,158.241,,not-audited,,,,自动规则识别为整分子、辅因子、金属复合物、完整肽、保护体或缺少常规偶联羧基。,不计入非天然氨基酸单体数量。,,https://www.rcsb.org/ligand/LNE
排除,LNM,N-methyl-L-leucinamide,exclude,N-取代,C7 H16 N2 O,144.215,,not-audited,,,,自动规则识别为整分子、辅因子、金属复合物、完整肽、保护体或缺少常规偶联羧基。,不计入非天然氨基酸单体数量。,,https://www.rcsb.org/ligand/LNM
条件结构候选,LOH,"3,4-dihydroxylysine",conditional,极性／带电侧链,C6 H14 N2 O4,178.186,,not-audited,,,,结构可能是独立非天然氨基酸，但用途或单体可获得性仍依赖人工核实。,先核对主链连接几何和独立单体身份，再决定是否查合成证据。,以极性/带电特征为主，不宜默认用于提高被动渗透性,https://www.rcsb.org/ligand/LOH
仅结构参考,LOU,"3-[(3aR,4S,7S,7aS)-2-(carboxymethyl)-1,3-dioxooctahydro-4H-4,7-epoxyisoindol-4-yl]-L-alanine",reference,极性／带电侧链,C13 H16 N2 O7,312.275,,not-audited,,,,复杂度、反应性、极性、端基或保护状态存在明显疑问，不进入默认单体库。,除非有明确研究用途，否则不优先审核。,分子量超过300 Da，单体复杂度和环肽总分子量负担较高；杂原子较多，可能增加暴露极性和去溶剂化代价；CCD未指定标准氨基酸母体，需确认它是独立残基而非氨基酸样片段；以极性/带电特征为主，不宜默认用于提高被动渗透性,https://www.rcsb.org/ligand/LOU
条件结构候选,LP6,6-piperidin-1-yl-L-norleucine,conditional,极性／带电侧链,C11 H22 N2 O2,214.305,,not-audited,,,,结构可能是独立非天然氨基酸，但用途或单体可获得性仍依赖人工核实。,先核对主链连接几何和独立单体身份，再决定是否查合成证据。,以极性/带电特征为主，不宜默认用于提高被动渗透性,https://www.rcsb.org/ligand/LP6
排除,LPD,L-PROLINAMIDE,exclude,极性／带电侧链,C5 H10 N2 O,114.146,,not-audited,,,,自动规则识别为整分子、辅因子、金属复合物、完整肽、保护体或缺少常规偶联羧基。,不计入非天然氨基酸单体数量。,,https://www.rcsb.org/ligand/LPD
条件结构候选,LPG,(2S)-2-aminobut-3-ynoic acid,conditional,其他CCD肽链核心,C4 H5 N O2,99.088,,not-audited,,,,结构可能是独立非天然氨基酸，但用途或单体可获得性仍依赖人工核实。,先核对主链连接几何和独立单体身份，再决定是否查合成证据。,,https://www.rcsb.org/ligand/LPG
条件结构候选,LPH,L-Propargylglycine,conditional,其他CCD肽链核心,C5 H7 N O2,113.115,,not-audited,,,,结构可能是独立非天然氨基酸，但用途或单体可获得性仍依赖人工核实。,先核对主链连接几何和独立单体身份，再决定是否查合成证据。,CCD未指定标准氨基酸母体，需确认它是独立残基而非氨基酸样片段,https://www.rcsb.org/ligand/LPH
条件结构候选,LPL,LEU-HYDROXYETHYLENE-LEU,conditional,极性／带电侧链,C13 H27 N O3,245.358,,not-audited,,,,结构可能是独立非天然氨基酸，但用途或单体可获得性仍依赖人工核实。,先核对主链连接几何和独立单体身份，再决定是否查合成证据。,CCD未指定标准氨基酸母体，需确认它是独立残基而非氨基酸样片段；以极性/带电特征为主，不宜默认用于提高被动渗透性,https://www.rcsb.org/ligand/LPL
排除,LPS,O-{HYDROXY[((2R)-2-HYDROXY-3-{[(1S)-1-HYDROXYPENTADECYL]OXY}PROPYL)OXY]PHOSPHORYL}-L-SERINE,exclude,极性／带电侧链,C21 H44 N O9 P,485.549,,not-audited,,,,自动规则识别为整分子、辅因子、金属复合物、完整肽、保护体或缺少常规偶联羧基。,不计入非天然氨基酸单体数量。,,https://www.rcsb.org/ligand/LPS
仅结构参考,LRK,"(2S)-2-azanyl-6-[[(2R,4R)-1,4-bis(oxidanyl)-3-oxidanylidene-5-phosphonooxy-pentan-2-yl]amino]hexanoic acid",reference,极性／带电侧链,C11 H23 N2 O9 P,358.282,,not-audited,,,,复杂度、反应性、极性、端基或保护状态存在明显疑问，不进入默认单体库。,除非有明确研究用途，否则不优先审核。,分子量超过300 Da，单体复杂度和环肽总分子量负担较高；杂原子较多，可能增加暴露极性和去溶剂化代价；含磷酸/膦酸相关结构，通常不利于被动跨膜，除非有专门遮蔽设计；以极性/带电特征为主，不宜默认用于提高被动渗透性,https://www.rcsb.org/ligand/LRK
仅结构参考,LSO,(Z)-N~6~-(3-CARBOXY-1-{[(4-CARBOXY-2-OXOBUTYL)SULFONYL]METHYL}PROPYLIDENE)-L-LYSINE,reference,极性／带电侧链,C16 H26 N2 O9 S,422.451,,not-audited,,,,复杂度、反应性、极性、端基或保护状态存在明显疑问，不进入默认单体库。,除非有明确研究用途，否则不优先审核。,分子量超过300 Da，单体复杂度和环肽总分子量负担较高；杂原子较多，可能增加暴露极性和去溶剂化代价；以极性/带电特征为主，不宜默认用于提高被动渗透性,https://www.rcsb.org/ligand/LSO
条件结构候选,LT0,D-tryptophyl-L-serine,conditional,芳香／疏水侧链,C14 H17 N3 O4,291.302,,not-audited,,,,结构可能是独立非天然氨基酸，但用途或单体可获得性仍依赖人工核实。,先核对主链连接几何和独立单体身份，再决定是否查合成证据。,分子量超过250 Da，需关注偶联效率、溶解度和总环肽体积；CCD仅标为通用peptide linking，需确认真实主链连接几何,https://www.rcsb.org/ligand/LT0
排除,LTA,"4,8-DIAMINO-3-HYDROXY-OCTANOIC ACID ETHYL ESTER",exclude,极性／带电侧链,C10 H22 N2 O3,218.293,,not-audited,,,,自动规则识别为整分子、辅因子、金属复合物、完整肽、保护体或缺少常规偶联羧基。,不计入非天然氨基酸单体数量。,,https://www.rcsb.org/ligand/LTA
仅结构参考,LTU,2-Amino-3-hydroxy-3-[1-[2-(oxiran-2-yl)propan-2-yl]indol-3-yl]propanoic acid,reference,极性／带电侧链,C16 H20 N2 O4,304.341,,not-audited,,,,复杂度、反应性、极性、端基或保护状态存在明显疑问，不进入默认单体库。,除非有明确研究用途，否则不优先审核。,分子量超过300 Da，单体复杂度和环肽总分子量负担较高；以极性/带电特征为主，不宜默认用于提高被动渗透性,https://www.rcsb.org/ligand/LTU
条件结构候选,LV8,(2~{S})-3-acetamido-2-azanyl-propanoic acid,conditional,极性／带电侧链,C5 H10 N2 O3,146.144,,not-audited,,,,结构可能是独立非天然氨基酸，但用途或单体可获得性仍依赖人工核实。,先核对主链连接几何和独立单体身份，再决定是否查合成证据。,CCD未指定标准氨基酸母体，需确认它是独立残基而非氨基酸样片段；以极性/带电特征为主，不宜默认用于提高被动渗透性,https://www.rcsb.org/ligand/LV8
条件结构候选,LVG,L-VINYLGLYCINE,conditional,其他CCD肽链核心,C4 H7 N O2,101.104,,not-audited,,,,结构可能是独立非天然氨基酸，但用途或单体可获得性仍依赖人工核实。,先核对主链连接几何和独立单体身份，再决定是否查合成证据。,,https://www.rcsb.org/ligand/LVG
条件结构候选,LVN,(3S)-4-oxo-L-valine,conditional,极性／带电侧链,C5 H9 N O3,131.13,,not-audited,,,,结构可能是独立非天然氨基酸，但用途或单体可获得性仍依赖人工核实。,先核对主链连接几何和独立单体身份，再决定是否查合成证据。,以极性/带电特征为主，不宜默认用于提高被动渗透性,https://www.rcsb.org/ligand/LVN
条件结构候选,LWI,2-(aminomethyl)-L-phenylalanine,conditional,芳香／疏水侧链,C10 H14 N2 O2,194.23,,not-audited,,,,结构可能是独立非天然氨基酸，但用途或单体可获得性仍依赖人工核实。,先核对主链连接几何和独立单体身份，再决定是否查合成证据。,,https://www.rcsb.org/ligand/LWI
仅结构参考,LYF,"(2E,4S)-2-{[(5S)-5-amino-5-carboxypentyl]imino}-4-hydroxyheptanedioic acid",reference,极性／带电侧链,C13 H22 N2 O7,318.323,,not-audited,,,,复杂度、反应性、极性、端基或保护状态存在明显疑问，不进入默认单体库。,除非有明确研究用途，否则不优先审核。,分子量超过300 Da，单体复杂度和环肽总分子量负担较高；杂原子较多，可能增加暴露极性和去溶剂化代价；以极性/带电特征为主，不宜默认用于提高被动渗透性,https://www.rcsb.org/ligand/LYF
条件结构候选,LYH,"3,4 ENE-LYSINE",conditional,极性／带电侧链,C6 H12 N2 O2,144.172,,not-audited,,,,结构可能是独立非天然氨基酸，但用途或单体可获得性仍依赖人工核实。,先核对主链连接几何和独立单体身份，再决定是否查合成证据。,CCD未指定标准氨基酸母体，需确认它是独立残基而非氨基酸样片段；以极性/带电特征为主，不宜默认用于提高被动渗透性,https://www.rcsb.org/ligand/LYH
排除,LYN,"2,6-DIAMINO-HEXANOIC ACID AMIDE",exclude,极性／带电侧链,C6 H16 N3 O,146.211,,not-audited,,,,自动规则识别为整分子、辅因子、金属复合物、完整肽、保护体或缺少常规偶联羧基。,不计入非天然氨基酸单体数量。,,https://www.rcsb.org/ligand/LYN
条件结构候选,LYO,4-HYDROXY-LYSINE,conditional,极性／带电侧链,C6 H14 N2 O3,162.187,,not-audited,,,,结构可能是独立非天然氨基酸，但用途或单体可获得性仍依赖人工核实。,先核对主链连接几何和独立单体身份，再决定是否查合成证据。,以极性/带电特征为主，不宜默认用于提高被动渗透性,https://www.rcsb.org/ligand/LYO
仅结构参考,LYR,"N~6~-[(2Z,4E,6E,8E)-3,7-DIMETHYL-9-(2,6,6-TRIMETHYLCYCLOHEX-1-EN-1-YL)NONA-2,4,6,8-TETRAENYL]LYSINE",reference,构象限制,C26 H42 N2 O2,414.624,,not-audited,,,,复杂度、反应性、极性、端基或保护状态存在明显疑问，不进入默认单体库。,除非有明确研究用途，否则不优先审核。,分子量超过300 Da，单体复杂度和环肽总分子量负担较高,https://www.rcsb.org/ligand/LYR
条件结构候选,LYU,N~6~-(4-methylpentyl)-L-lysine,conditional,极性／带电侧链,C12 H26 N2 O2,230.347,,not-audited,,,,结构可能是独立非天然氨基酸，但用途或单体可获得性仍依赖人工核实。,先核对主链连接几何和独立单体身份，再决定是否查合成证据。,以极性/带电特征为主，不宜默认用于提高被动渗透性,https://www.rcsb.org/ligand/LYU
仅结构参考,LYV,O-phosphono-L-seryl-N-[(3S)-3-amino-3-carboxypropyl]glycinamide,reference,极性／带电侧链,C9 H19 N4 O8 P,342.243,,not-audited,,,,复杂度、反应性、极性、端基或保护状态存在明显疑问，不进入默认单体库。,除非有明确研究用途，否则不优先审核。,分子量超过300 Da，单体复杂度和环肽总分子量负担较高；杂原子较多，可能增加暴露极性和去溶剂化代价；含磷酸/膦酸相关结构，通常不利于被动跨膜，除非有专门遮蔽设计；CCD未指定标准氨基酸母体，需确认它是独立残基而非氨基酸样片段；以极性/带电特征为主，不宜默认用于提高被动渗透性,https://www.rcsb.org/ligand/LYV
排除,LYX,N''-(2-COENZYME A)-PROPANOYL-LYSINE,exclude,极性／带电侧链,C30 H52 N9 O19 P3 S,967.769,,not-audited,,,,自动规则识别为整分子、辅因子、金属复合物、完整肽、保护体或缺少常规偶联羧基。,不计入非天然氨基酸单体数量。,,https://www.rcsb.org/ligand/LYX
条件结构候选,LYZ,5-HYDROXYLYSINE,conditional,极性／带电侧链,C6 H14 N2 O3,162.187,,not-audited,,,,结构可能是独立非天然氨基酸，但用途或单体可获得性仍依赖人工核实。,先核对主链连接几何和独立单体身份，再决定是否查合成证据。,以极性/带电特征为主，不宜默认用于提高被动渗透性,https://www.rcsb.org/ligand/LYZ
条件结构候选,M0H,S-(HYDROXYMETHYL)-L-CYSTEINE,conditional,极性／带电侧链,C4 H9 N O3 S,151.184,,not-audited,,,,结构可能是独立非天然氨基酸，但用途或单体可获得性仍依赖人工核实。,先核对主链连接几何和独立单体身份，再决定是否查合成证据。,以极性/带电特征为主，不宜默认用于提高被动渗透性,https://www.rcsb.org/ligand/M0H
条件结构候选,M2L,(2R)-2-amino-3-(2-dimethylaminoethylsulfanyl)propanoic acid,conditional,极性／带电侧链,C7 H16 N2 O2 S,192.279,,not-audited,,,,结构可能是独立非天然氨基酸，但用途或单体可获得性仍依赖人工核实。,先核对主链连接几何和独立单体身份，再决定是否查合成证据。,以极性/带电特征为主，不宜默认用于提高被动渗透性,https://www.rcsb.org/ligand/M2L
条件结构候选,M2S,3-{[(R)-methylsulfinyl]methyl}-L-valine,conditional,极性／带电侧链,C7 H15 N O3 S,193.264,,not-audited,,,,结构可能是独立非天然氨基酸，但用途或单体可获得性仍依赖人工核实。,先核对主链连接几何和独立单体身份，再决定是否查合成证据。,以极性/带电特征为主，不宜默认用于提高被动渗透性,https://www.rcsb.org/ligand/M2S
优先结构候选，暂无使用命中,M30,N-cyclohexylglycine,priority,构象限制,C8 H15 N O2,157.21,,no-polymer-hit,0,0,,结构符合优先研发方向，但当前PDB聚合物审计没有命中。,查询供应商、合成论文、专利和SPPS/LPPS使用记录。,CCD仅标为通用peptide linking，需确认真实主链连接几何,https://www.rcsb.org/ligand/M30
条件结构候选,M3L,N-TRIMETHYLLYSINE,conditional,极性／带电侧链,C9 H21 N2 O2,189.275,,not-audited,,,,结构可能是独立非天然氨基酸，但用途或单体可获得性仍依赖人工核实。,先核对主链连接几何和独立单体身份，再决定是否查合成证据。,以极性/带电特征为主，不宜默认用于提高被动渗透性,https://www.rcsb.org/ligand/M3L
仅结构参考,M3V,"{(4Z)-2-[(1R,2R)-1-amino-2-hydroxypropyl]-4-[(4-cyanophenyl)methylidene]-5-oxo-4,5-dihydro-1H-imidazol-1-yl}acetic acid",reference,卤代／电子调节,C16 H16 N4 O4,328.323,,not-audited,,,,复杂度、反应性、极性、端基或保护状态存在明显疑问，不进入默认单体库。,除非有明确研究用途，否则不优先审核。,分子量超过300 Da，单体复杂度和环肽总分子量负担较高,https://www.rcsb.org/ligand/M3V
条件结构候选,M64,(2S)-2-amino-4-[(2S)-2-methylpiperidin-1-yl]-4-oxobutanoic acid,conditional,极性／带电侧链,C10 H18 N2 O3,214.262,,not-audited,,,,结构可能是独立非天然氨基酸，但用途或单体可获得性仍依赖人工核实。,先核对主链连接几何和独立单体身份，再决定是否查合成证据。,CCD未指定标准氨基酸母体，需确认它是独立残基而非氨基酸样片段；以极性/带电特征为主，不宜默认用于提高被动渗透性,https://www.rcsb.org/ligand/M64
条件结构候选,M6J,(2S)-2-amino-4-oxo-4-[(2R)-2-phenylpyrrolidin-1-yl]butanoic acid,conditional,芳香／疏水侧链,C14 H18 N2 O3,262.304,,not-audited,,,,结构可能是独立非天然氨基酸，但用途或单体可获得性仍依赖人工核实。,先核对主链连接几何和独立单体身份，再决定是否查合成证据。,分子量超过250 Da，需关注偶联效率、溶解度和总环肽体积；CCD未指定标准氨基酸母体，需确认它是独立残基而非氨基酸样片段,https://www.rcsb.org/ligand/M6J
条件结构候选,M70,(2S)-2-azanyl-3-(1-carbamimidoylpiperidin-4-yl)propanoic acid,conditional,极性／带电侧链,C9 H18 N4 O2,214.265,,not-audited,,,,结构可能是独立非天然氨基酸，但用途或单体可获得性仍依赖人工核实。,先核对主链连接几何和独立单体身份，再决定是否查合成证据。,CCD未指定标准氨基酸母体，需确认它是独立残基而非氨基酸样片段；以极性/带电特征为主，不宜默认用于提高被动渗透性,https://www.rcsb.org/ligand/M70
人工证据支持,MAA,N-methyl-L-alanine,priority,N-取代,C4 H9 N O2,103.12,MAA,short-polymer,64,63,1A7Z / 1CWI / 1D5X / 1PYW / 24HT,CCD结构与网站人工整理的论文、专利或药物骨架证据精确对应；可作为优先核验的肽合成单体。,继续核对具体保护形式、偶联方法和供应/合成来源。,,https://www.rcsb.org/ligand/MAA
仅结构参考,MBQ,2-HYDROXY-5-({1-[(4-METHYLPHENOXY)METHYL]-3-OXOPROP-1-ENYL}AMINO)-L-TYROSINE,reference,芳香／疏水侧链,C20 H22 N2 O6,386.398,,not-audited,,,,复杂度、反应性、极性、端基或保护状态存在明显疑问，不进入默认单体库。,除非有明确研究用途，否则不优先审核。,分子量超过300 Da，单体复杂度和环肽总分子量负担较高,https://www.rcsb.org/ligand/MBQ
条件结构候选,MCG,(S)-(ALPHA)-METHYL-4-CARBOXYPHENYLGLYCINE,conditional,芳香／疏水侧链,C10 H11 N O4,209.199,,not-audited,,,,结构可能是独立非天然氨基酸，但用途或单体可获得性仍依赖人工核实。,先核对主链连接几何和独立单体身份，再决定是否查合成证据。,CCD未指定标准氨基酸母体，需确认它是独立残基而非氨基酸样片段,https://www.rcsb.org/ligand/MCG
条件结构候选,MCS,MALONYL CYSTEINE,conditional,极性／带电侧链,C6 H9 N O5 S,207.204,,not-audited,,,,结构可能是独立非天然氨基酸，但用途或单体可获得性仍依赖人工核实。,先核对主链连接几何和独立单体身份，再决定是否查合成证据。,以极性/带电特征为主，不宜默认用于提高被动渗透性,https://www.rcsb.org/ligand/MCS
优先结构候选，暂无使用命中,MD0,5-amino-D-isoleucine,priority,D-构型,C6 H14 N2 O2,146.188,,no-polymer-hit,0,0,,结构符合优先研发方向，但当前PDB聚合物审计没有命中。,查询供应商、合成论文、专利和SPPS/LPPS使用记录。,CCD未指定标准氨基酸母体，需确认它是独立残基而非氨基酸样片段,https://www.rcsb.org/ligand/MD0
排除,MD3,N-(carboxycarbonyl)-S-(naphthalen-2-ylmethyl)-L-cysteine,exclude,芳香／疏水侧链,C16 H15 N O5 S,333.359,,not-audited,,,,自动规则识别为整分子、辅因子、金属复合物、完整肽、保护体或缺少常规偶联羧基。,不计入非天然氨基酸单体数量。,,https://www.rcsb.org/ligand/MD3
排除,MD5,N-(carboxycarbonyl)-S-(3-nitrobenzyl)-L-cysteine,exclude,芳香／疏水侧链,C12 H12 N2 O7 S,328.298,,not-audited,,,,自动规则识别为整分子、辅因子、金属复合物、完整肽、保护体或缺少常规偶联羧基。,不计入非天然氨基酸单体数量。,,https://www.rcsb.org/ligand/MD5
条件结构候选,MD6,N-[(3-hydroxypyridin-2-yl)carbonyl]glycine,conditional,芳香／疏水侧链,C8 H8 N2 O4,196.16,,not-audited,,,,结构可能是独立非天然氨基酸，但用途或单体可获得性仍依赖人工核实。,先核对主链连接几何和独立单体身份，再决定是否查合成证据。,CCD仅标为通用peptide linking，需确认真实主链连接几何,https://www.rcsb.org/ligand/MD6
排除,MDF,"META, META'-DI-HYDROXY-PHENYLALANINE",exclude,芳香／疏水侧链,C9 H11 N O4,197.188,,not-audited,,,,自动规则识别为整分子、辅因子、金属复合物、完整肽、保护体或缺少常规偶联羧基。,不计入非天然氨基酸单体数量。,,https://www.rcsb.org/ligand/MDF
已在短肽序列中观察到,MDH,N-METHYLDEHYDROBUTYRINE,priority,N-取代,C5 H9 N O2,115.13,,short-polymer,7,7,1AY3 / 1EVC / 1EVD / 2BCD / 3E7A,该CCD进入过不超过50残基的PDB聚合物序列，支持其作为肽残基使用，但尚未逐条确认独立单体来源。,查原始论文，确认是预制单体偶联还是翻译后/结构内修饰。,CCD仅标为通用peptide linking，需确认真实主链连接几何；CCD未指定标准氨基酸母体，需确认它是独立残基而非氨基酸样片段,https://www.rcsb.org/ligand/MDH
排除,MDO,"{2-[(1S)-1-aminoethyl]-4-methylidene-5-oxo-4,5-dihydro-1H-imidazol-1-yl}acetic acid",exclude,极性／带电侧链,C8 H11 N3 O3,197.191,,not-audited,,,,自动规则识别为整分子、辅因子、金属复合物、完整肽、保护体或缺少常规偶联羧基。,不计入非天然氨基酸单体数量。,,https://www.rcsb.org/ligand/MDO
条件结构候选,ME0,hydroxy-L-methionine,conditional,极性／带电侧链,C5 H11 N O3 S,165.211,,not-audited,,,,结构可能是独立非天然氨基酸，但用途或单体可获得性仍依赖人工核实。,先核对主链连接几何和独立单体身份，再决定是否查合成证据。,以极性/带电特征为主，不宜默认用于提高被动渗透性,https://www.rcsb.org/ligand/ME0
人工证据支持,MEA,N-METHYLPHENYLALANINE,priority,N-取代,C10 H13 N O2,179.216,MEA,short-polymer,76,70,10TL / 10TM / 1H0I / 1W9V / 1WB0,CCD结构与网站人工整理的论文、专利或药物骨架证据精确对应；可作为优先核验的肽合成单体。,继续核对具体保护形式、偶联方法和供应/合成来源。,,https://www.rcsb.org/ligand/MEA
已在短肽序列中观察到,MED,D-METHIONINE,priority,D-构型,C5 H11 N O2 S,149.211,,short-polymer,35,22,1ZUE / 2Q33 / 3TJW / 3TRV / 3TRY,该CCD进入过不超过50残基的PDB聚合物序列，支持其作为肽残基使用，但尚未逐条确认独立单体来源。,查原始论文，确认是预制单体偶联还是翻译后/结构内修饰。,CCD未指定标准氨基酸母体，需确认它是独立残基而非氨基酸样片段,https://www.rcsb.org/ligand/MED
条件结构候选,MEG,"(2S,3S)-2-azanyl-3-methyl-pentanedioic acid",conditional,极性／带电侧链,C6 H11 N O4,161.156,,not-audited,,,,结构可能是独立非天然氨基酸，但用途或单体可获得性仍依赖人工核实。,先核对主链连接几何和独立单体身份，再决定是否查合成证据。,以极性/带电特征为主，不宜默认用于提高被动渗透性,https://www.rcsb.org/ligand/MEG
已在短肽序列中观察到,MEN,N-METHYL ASPARAGINE,priority,N-取代,C5 H10 N2 O3,146.144,,short-polymer,121,5,1D8T / 2C77 / 3U2Q / 3U6B / 3U6K,该CCD进入过不超过50残基的PDB聚合物序列，支持其作为肽残基使用，但尚未逐条确认独立单体来源。,查原始论文，确认是预制单体偶联还是翻译后/结构内修饰。,,https://www.rcsb.org/ligand/MEN
条件结构候选,MEQ,N5-METHYLGLUTAMINE,conditional,极性／带电侧链,C6 H12 N2 O3,160.171,,not-audited,,,,结构可能是独立非天然氨基酸，但用途或单体可获得性仍依赖人工核实。,先核对主链连接几何和独立单体身份，再决定是否查合成证据。,以极性/带电特征为主，不宜默认用于提高被动渗透性,https://www.rcsb.org/ligand/MEQ
排除,MEU,O-METHYL-GLYCINE,exclude,其他CCD肽链核心,C3 H7 N O2,89.093,,not-audited,,,,自动规则识别为整分子、辅因子、金属复合物、完整肽、保护体或缺少常规偶联羧基。,不计入非天然氨基酸单体数量。,,https://www.rcsb.org/ligand/MEU
条件结构候选,MF3,2-AMINO-4-TRIFLUOROMETHYLSULFANYL-BUTYRIC ACID,conditional,卤代／电子调节,C5 H8 F3 N O2 S,203.183,,not-audited,,,,结构可能是独立非天然氨基酸，但用途或单体可获得性仍依赖人工核实。,先核对主链连接几何和独立单体身份，再决定是否查合成证据。,CCD未指定标准氨基酸母体，需确认它是独立残基而非氨基酸样片段,https://www.rcsb.org/ligand/MF3
仅结构参考,MFC,"5-[1-(3-FLUORO-4-HYDROXY-PHENYL)-METH-(Z)-YLIDENE]-3,5-DIHYDRO-IMIDAZOL-4-ONE",reference,卤代／电子调节,C15 H16 F N3 O5,337.303,,not-audited,,,,复杂度、反应性、极性、端基或保护状态存在明显疑问，不进入默认单体库。,除非有明确研究用途，否则不优先审核。,分子量超过300 Da，单体复杂度和环肽总分子量负担较高,https://www.rcsb.org/ligand/MFC
条件结构候选,MFH,[(2~{S})-2-azanyl-3-(4-hydroxyphenyl)propyl]carbamic acid,conditional,芳香／疏水侧链,C10 H14 N2 O3,210.23,,not-audited,,,,结构可能是独立非天然氨基酸，但用途或单体可获得性仍依赖人工核实。,先核对主链连接几何和独立单体身份，再决定是否查合成证据。,CCD未指定标准氨基酸母体，需确认它是独立残基而非氨基酸样片段,https://www.rcsb.org/ligand/MFH
排除,MFV,"{(4Z)-2-[(1R,2R)-1-amino-2-hydroxypropyl]-4-[(4-hydroxy-3-methylphenyl)methylidene]-5-oxo-4,5-dihydro-1H-imidazol-1-yl}acetic acid",exclude,芳香／疏水侧链,C16 H19 N3 O5,333.339,,not-audited,,,,自动规则识别为整分子、辅因子、金属复合物、完整肽、保护体或缺少常规偶联羧基。,不计入非天然氨基酸单体数量。,,https://www.rcsb.org/ligand/MFV
条件结构候选,MGG,2-(2-CARBOXY-ACETYLAMINO)-5-GUANIDINO-PENTANOIC ACID,conditional,极性／带电侧链,C9 H17 N4 O5,261.255,,not-audited,,,,结构可能是独立非天然氨基酸，但用途或单体可获得性仍依赖人工核实。,先核对主链连接几何和独立单体身份，再决定是否查合成证据。,分子量超过250 Da，需关注偶联效率、溶解度和总环肽体积；以极性/带电特征为主，不宜默认用于提高被动渗透性,https://www.rcsb.org/ligand/MGG
条件结构候选,MGN,2-METHYL-GLUTAMINE,conditional,极性／带电侧链,C6 H12 N2 O3,160.171,,not-audited,,,,结构可能是独立非天然氨基酸，但用途或单体可获得性仍依赖人工核实。,先核对主链连接几何和独立单体身份，再决定是否查合成证据。,以极性/带电特征为主，不宜默认用于提高被动渗透性,https://www.rcsb.org/ligand/MGN
条件结构候选,MH6,3-hydroxy-2-iminopropanoic acid,conditional,极性／带电侧链,C3 H5 N O3,103.077,,not-audited,,,,结构可能是独立非天然氨基酸，但用途或单体可获得性仍依赖人工核实。,先核对主链连接几何和独立单体身份，再决定是否查合成证据。,CCD仅标为通用peptide linking，需确认真实主链连接几何；以极性/带电特征为主，不宜默认用于提高被动渗透性,https://www.rcsb.org/ligand/MH6
条件结构候选,MH8,(2S)-2-amino-2-methylhept-6-enoic acid,conditional,其他CCD肽链核心,C8 H15 N O2,157.21,,not-audited,,,,结构可能是独立非天然氨基酸，但用途或单体可获得性仍依赖人工核实。,先核对主链连接几何和独立单体身份，再决定是否查合成证据。,CCD未指定标准氨基酸母体，需确认它是独立残基而非氨基酸样片段,https://www.rcsb.org/ligand/MH8
已在短肽序列中观察到,MHL,N-METHYL-4-HYDROXY-LEUCINE,priority,N-取代,C7 H15 N O3,161.199,,short-polymer,1,1,1CWL,该CCD进入过不超过50残基的PDB聚合物序列，支持其作为肽残基使用，但尚未逐条确认独立单体来源。,查原始论文，确认是预制单体偶联还是翻译后/结构内修饰。,,https://www.rcsb.org/ligand/MHL
条件结构候选,MHO,S-OXYMETHIONINE,conditional,极性／带电侧链,C5 H11 N O3 S,165.211,,not-audited,,,,结构可能是独立非天然氨基酸，但用途或单体可获得性仍依赖人工核实。,先核对主链连接几何和独立单体身份，再决定是否查合成证据。,以极性/带电特征为主，不宜默认用于提高被动渗透性,https://www.rcsb.org/ligand/MHO
条件结构候选,MHS,N1-METHYLATED HISTIDINE,conditional,芳香／疏水侧链,C7 H11 N3 O2,169.181,,not-audited,,,,结构可能是独立非天然氨基酸，但用途或单体可获得性仍依赖人工核实。,先核对主链连接几何和独立单体身份，再决定是否查合成证据。,,https://www.rcsb.org/ligand/MHS
条件结构候选,MHU,"4-N,N-(DIMETHYLAMINO)-L-PHENYLALANINE",conditional,芳香／疏水侧链,C12 H18 N2 O2,222.284,,not-audited,,,,结构可能是独立非天然氨基酸，但用途或单体可获得性仍依赖人工核实。,先核对主链连接几何和独立单体身份，再决定是否查合成证据。,,https://www.rcsb.org/ligand/MHU
条件结构候选,MHV,4-OXO-L-PIPECOLIC ACID,conditional,极性／带电侧链,C6 H9 N O3,143.141,,not-audited,,,,结构可能是独立非天然氨基酸，但用途或单体可获得性仍依赖人工核实。,先核对主链连接几何和独立单体身份，再决定是否查合成证据。,CCD未指定标准氨基酸母体，需确认它是独立残基而非氨基酸样片段；以极性/带电特征为主，不宜默认用于提高被动渗透性,https://www.rcsb.org/ligand/MHV
条件结构候选,MHW,3-HYDROXYPICOLINIC ACID,conditional,芳香／疏水侧链,C6 H5 N O3,139.109,,not-audited,,,,结构可能是独立非天然氨基酸，但用途或单体可获得性仍依赖人工核实。,先核对主链连接几何和独立单体身份，再决定是否查合成证据。,CCD仅标为通用peptide linking，需确认真实主链连接几何；CCD未指定标准氨基酸母体，需确认它是独立残基而非氨基酸样片段,https://www.rcsb.org/ligand/MHW
仅结构参考,MHY,"{(4Z)-2-[(1R,2R)-1-amino-2-hydroxypropyl]-4-[(3,5-difluoro-4-hydroxyphenyl)methylidene]-5-oxo-4,5-dihydro-1H-imidazol-1-yl}acetic acid",reference,卤代／电子调节,C15 H15 F2 N3 O5,355.294,,not-audited,,,,复杂度、反应性、极性、端基或保护状态存在明显疑问，不进入默认单体库。,除非有明确研究用途，否则不优先审核。,分子量超过300 Da，单体复杂度和环肽总分子量负担较高,https://www.rcsb.org/ligand/MHY
仅结构参考,MIR,Monoethylphosphorylserine,reference,极性／带电侧链,C5 H12 N O6 P,213.126,,not-audited,,,,复杂度、反应性、极性、端基或保护状态存在明显疑问，不进入默认单体库。,除非有明确研究用途，否则不优先审核。,含磷酸/膦酸相关结构，通常不利于被动跨膜，除非有专门遮蔽设计；以极性/带电特征为主，不宜默认用于提高被动渗透性,https://www.rcsb.org/ligand/MIR
仅结构参考,MIS,MONOISOPROPYLPHOSPHORYLSERINE,reference,极性／带电侧链,C6 H14 N O6 P,227.152,,not-audited,,,,复杂度、反应性、极性、端基或保护状态存在明显疑问，不进入默认单体库。,除非有明确研究用途，否则不优先审核。,含磷酸/膦酸相关结构，通常不利于被动跨膜，除非有专门遮蔽设计；以极性/带电特征为主，不宜默认用于提高被动渗透性,https://www.rcsb.org/ligand/MIS
仅结构参考,MJ1,"{(4Z)-2-[(1R,2R)-1-amino-2-hydroxypropyl]-4-[(2,3-difluoro-4-hydroxyphenyl)methylidene]-5-oxo-4,5-dihydro-1H-imidazol-1-yl}acetic acid",reference,卤代／电子调节,C15 H15 F2 N3 O5,355.294,,not-audited,,,,复杂度、反应性、极性、端基或保护状态存在明显疑问，不进入默认单体库。,除非有明确研究用途，否则不优先审核。,分子量超过300 Da，单体复杂度和环肽总分子量负担较高,https://www.rcsb.org/ligand/MJ1
条件结构候选,MK8,2-methyl-L-norleucine,conditional,其他CCD肽链核心,C7 H15 N O2,145.199,,not-audited,,,,结构可能是独立非天然氨基酸，但用途或单体可获得性仍依赖人工核实。,先核对主链连接几何和独立单体身份，再决定是否查合成证据。,,https://www.rcsb.org/ligand/MK8
条件结构候选,MKD,(2S)-2-amino-2-methyloctanoic acid,conditional,其他CCD肽链核心,C9 H19 N O2,173.253,,not-audited,,,,结构可能是独立非天然氨基酸，但用途或单体可获得性仍依赖人工核实。,先核对主链连接几何和独立单体身份，再决定是否查合成证据。,CCD未指定标准氨基酸母体，需确认它是独立残基而非氨基酸样片段,https://www.rcsb.org/ligand/MKD
条件结构候选,MKF,(2~{S})-2-azanyl-3-(dimethylcarbamoyloxy)propanoic acid,conditional,极性／带电侧链,C6 H12 N2 O4,176.17,,not-audited,,,,结构可能是独立非天然氨基酸，但用途或单体可获得性仍依赖人工核实。,先核对主链连接几何和独立单体身份，再决定是否查合成证据。,以极性/带电特征为主，不宜默认用于提高被动渗透性,https://www.rcsb.org/ligand/MKF
条件结构候选,ML3,"2-{[(2R)-2-amino-2-carboxyethyl]sulfanyl}-N,N,N-trimethylethanaminium",conditional,极性／带电侧链,C8 H19 N2 O2 S,207.314,,not-audited,,,,结构可能是独立非天然氨基酸，但用途或单体可获得性仍依赖人工核实。,先核对主链连接几何和独立单体身份，再决定是否查合成证据。,以极性/带电特征为主，不宜默认用于提高被动渗透性,https://www.rcsb.org/ligand/ML3
人工证据支持,MLE,N-METHYLLEUCINE,priority,N-取代,C7 H15 N O2,145.199,MLE,short-polymer,127,116,1BCK / 1C5F / 1CSA / 1CWA / 1CWB,CCD结构与网站人工整理的论文、专利或药物骨架证据精确对应；可作为优先核验的肽合成单体。,继续核对具体保护形式、偶联方法和供应/合成来源。,,https://www.rcsb.org/ligand/MLE
条件结构候选,MLL,METHYL L-LEUCINATE,conditional,其他CCD肽链核心,C7 H15 N O2,145.199,,not-audited,,,,结构可能是独立非天然氨基酸，但用途或单体可获得性仍依赖人工核实。,先核对主链连接几何和独立单体身份，再决定是否查合成证据。,,https://www.rcsb.org/ligand/MLL
人工证据支持,MLU,N-methyl-D-leucine,priority,N-取代,C7 H15 N O2,145.199,MLU,short-polymer,46,46,1AA5 / 1C0Q / 1C0R / 1FVM / 1GAC,CCD结构与网站人工整理的论文、专利或药物骨架证据精确对应；可作为优先核验的肽合成单体。,继续核对具体保护形式、偶联方法和供应/合成来源。,CCD未指定标准氨基酸母体，需确认它是独立残基而非氨基酸样片段,https://www.rcsb.org/ligand/MLU
条件结构候选,MLY,N-DIMETHYL-LYSINE,conditional,极性／带电侧链,C8 H18 N2 O2,174.241,,not-audited,,,,结构可能是独立非天然氨基酸，但用途或单体可获得性仍依赖人工核实。,先核对主链连接几何和独立单体身份，再决定是否查合成证据。,以极性/带电特征为主，不宜默认用于提高被动渗透性,https://www.rcsb.org/ligand/MLY
已在短肽序列中观察到,MLZ,N-METHYL-LYSINE,priority,N-取代,C7 H16 N2 O2,160.214,,short-polymer,301,48,1O9S / 1Q3L / 1XQH / 21EE / 2B2V,该CCD进入过不超过50残基的PDB聚合物序列，支持其作为肽残基使用，但尚未逐条确认独立单体来源。,查原始论文，确认是预制单体偶联还是翻译后/结构内修饰。,,https://www.rcsb.org/ligand/MLZ
仅在较长聚合物中观察到,MME,N-METHYL METHIONINE,priority,N-取代,C6 H13 N O2 S,163.238,,polymer-only,11,0,1GK8 / 1IR1 / 1IR2 / 1WDD / 2V63,该CCD进入过PDB聚合物序列，但目前没有短肽命中，不能直接推断适合常规肽合成。,核对残基形成方式及是否存在独立保护单体。,,https://www.rcsb.org/ligand/MME
条件结构候选,MMO,N~2~-methyl-L-arginine,conditional,极性／带电侧链,C7 H16 N4 O2,188.228,,not-audited,,,,结构可能是独立非天然氨基酸，但用途或单体可获得性仍依赖人工核实。,先核对主链连接几何和独立单体身份，再决定是否查合成证据。,以极性/带电特征为主，不宜默认用于提高被动渗透性,https://www.rcsb.org/ligand/MMO
已在短肽序列中观察到,MND,N-methyl-D-asparagine,priority,N-取代,C5 H10 N2 O3,146.144,,short-polymer,1,1,2RQO,该CCD进入过不超过50残基的PDB聚合物序列，支持其作为肽残基使用，但尚未逐条确认独立单体来源。,查原始论文，确认是预制单体偶联还是翻译后/结构内修饰。,CCD未指定标准氨基酸母体，需确认它是独立残基而非氨基酸样片段,https://www.rcsb.org/ligand/MND
条件结构候选,MNL,"4,N-DIMETHYLNORLEUCINE",conditional,其他CCD肽链核心,C8 H17 N O2,159.226,,not-audited,,,,结构可能是独立非天然氨基酸，但用途或单体可获得性仍依赖人工核实。,先核对主链连接几何和独立单体身份，再决定是否查合成证据。,,https://www.rcsb.org/ligand/MNL
排除,MOD,L-METHIONYL ADENYLATE,exclude,极性／带电侧链,C15 H27 N6 O7 P S,466.45,,not-audited,,,,自动规则识别为整分子、辅因子、金属复合物、完整肽、保护体或缺少常规偶联羧基。,不计入非天然氨基酸单体数量。,,https://www.rcsb.org/ligand/MOD
条件结构候选,MOZ,(2Z)-2-amino-3-hydroxybut-2-enoic acid,conditional,极性／带电侧链,C4 H7 N O3,117.103,,not-audited,,,,结构可能是独立非天然氨基酸，但用途或单体可获得性仍依赖人工核实。,先核对主链连接几何和独立单体身份，再决定是否查合成证据。,CCD仅标为通用peptide linking，需确认真实主链连接几何；CCD未指定标准氨基酸母体，需确认它是独立残基而非氨基酸样片段；以极性/带电特征为主，不宜默认用于提高被动渗透性,https://www.rcsb.org/ligand/MOZ
条件结构候选,MP4,"(2S)-amino(3,5-dihydroxy-4-methylphenyl)ethanoic acid",conditional,芳香／疏水侧链,C9 H11 N O4,197.188,,not-audited,,,,结构可能是独立非天然氨基酸，但用途或单体可获得性仍依赖人工核实。,先核对主链连接几何和独立单体身份，再决定是否查合成证据。,CCD未指定标准氨基酸母体，需确认它是独立残基而非氨基酸样片段,https://www.rcsb.org/ligand/MP4
已在短肽序列中观察到,MP8,(4R)-4-methyl-L-proline,priority,构象限制,C6 H11 N O2,129.157,,short-polymer,32,32,3IPN / 3KTI / 3KTJ / 3KTK / 3MT6,该CCD进入过不超过50残基的PDB聚合物序列，支持其作为肽残基使用，但尚未逐条确认独立单体来源。,查原始论文，确认是预制单体偶联还是翻译后/结构内修饰。,,https://www.rcsb.org/ligand/MP8
排除,MPH,(1-AMINO-3-METHYLSULFANYL-PROPYL)-PHOSPHONIC ACID,exclude,极性／带电侧链,C4 H12 N O3 P S,185.182,,not-audited,,,,自动规则识别为整分子、辅因子、金属复合物、完整肽、保护体或缺少常规偶联羧基。,不计入非天然氨基酸单体数量。,,https://www.rcsb.org/ligand/MPH
排除,MPJ,(1-AMINO-3-METHYLSULFANYL-PROPYL)-PHOSPHINIC ACID,exclude,其他CCD肽链核心,C4 H12 N O2 P S,169.182,,not-audited,,,,自动规则识别为整分子、辅因子、金属复合物、完整肽、保护体或缺少常规偶联羧基。,不计入非天然氨基酸单体数量。,,https://www.rcsb.org/ligand/MPJ
已在短肽序列中观察到,MPQ,N-METHYL-ALPHA-PHENYL-GLYCINE,priority,N-取代,C9 H11 N O2,165.189,,short-polymer,1,1,1D6E,该CCD进入过不超过50残基的PDB聚合物序列，支持其作为肽残基使用，但尚未逐条确认独立单体来源。,查原始论文，确认是预制单体偶联还是翻译后/结构内修饰。,,https://www.rcsb.org/ligand/MPQ
排除,MS6,(2S)-2-amino-4-(methylsulfanyl)butane-1-thiol,exclude,其他CCD肽链核心,C5 H11 N O S2,165.277,,not-audited,,,,自动规则识别为整分子、辅因子、金属复合物、完整肽、保护体或缺少常规偶联羧基。,不计入非天然氨基酸单体数量。,,https://www.rcsb.org/ligand/MS6
已在短肽序列中观察到,MSA,(2-S-METHYL) SARCOSINE,priority,N-取代,C4 H9 N O2 S,135.185,,short-polymer,2,2,1CWJ / 1CWK,该CCD进入过不超过50残基的PDB聚合物序列，支持其作为肽残基使用，但尚未逐条确认独立单体来源。,查原始论文，确认是预制单体偶联还是翻译后/结构内修饰。,,https://www.rcsb.org/ligand/MSA
条件结构候选,MSE,SELENOMETHIONINE,conditional,其他CCD肽链核心,C5 H11 N O2 Se,196.106,,not-audited,,,,结构可能是独立非天然氨基酸，但用途或单体可获得性仍依赖人工核实。,先核对主链连接几何和独立单体身份，再决定是否查合成证据。,,https://www.rcsb.org/ligand/MSE
条件结构候选,MSL,(2S)-2-AMINO-4-(METHYLSULFONIMIDOYL)BUTANOIC ACID,conditional,极性／带电侧链,C5 H12 N2 O3 S,180.225,,not-audited,,,,结构可能是独立非天然氨基酸，但用途或单体可获得性仍依赖人工核实。,先核对主链连接几何和独立单体身份，再决定是否查合成证据。,以极性/带电特征为主，不宜默认用于提高被动渗透性,https://www.rcsb.org/ligand/MSL
条件结构候选,MSO,SELENOMETHIONINE SELENOXIDE,conditional,极性／带电侧链,C5 H11 N O3 Se,212.106,,not-audited,,,,结构可能是独立非天然氨基酸，但用途或单体可获得性仍依赖人工核实。,先核对主链连接几何和独立单体身份，再决定是否查合成证据。,以极性/带电特征为主，不宜默认用于提高被动渗透性,https://www.rcsb.org/ligand/MSO
排除,MSP,5'-O-[(L-METHIONYL)-SULPHAMOYL]ADENOSINE,exclude,极性／带电侧链,C15 H25 N7 O7 S2,479.532,,not-audited,,,,自动规则识别为整分子、辅因子、金属复合物、完整肽、保护体或缺少常规偶联羧基。,不计入非天然氨基酸单体数量。,,https://www.rcsb.org/ligand/MSP
条件结构候选,MT2,[(3S)-3-amino-3-carboxypropyl](ethyl)methylsulfonium,conditional,极性／带电侧链,C7 H16 N O2 S,178.272,,not-audited,,,,结构可能是独立非天然氨基酸，但用途或单体可获得性仍依赖人工核实。,先核对主链连接几何和独立单体身份，再决定是否查合成证据。,以极性/带电特征为主，不宜默认用于提高被动渗透性,https://www.rcsb.org/ligand/MT2
条件结构候选,MTY,META-TYROSINE,conditional,芳香／疏水侧链,C9 H11 N O3,181.189,,not-audited,,,,结构可能是独立非天然氨基酸，但用途或单体可获得性仍依赖人工核实。,先核对主链连接几何和独立单体身份，再决定是否查合成证据。,,https://www.rcsb.org/ligand/MTY
已在短肽序列中观察到,MV9,(2~{R})-3-methyl-2-(methylamino)butanoic acid,priority,N-取代,C6 H13 N O2,131.173,,short-polymer,2,2,5F1W / 8PQO,该CCD进入过不超过50残基的PDB聚合物序列，支持其作为肽残基使用，但尚未逐条确认独立单体来源。,查原始论文，确认是预制单体偶联还是翻译后/结构内修饰。,CCD未指定标准氨基酸母体，需确认它是独立残基而非氨基酸样片段,https://www.rcsb.org/ligand/MV9
人工证据支持,MVA,N-METHYLVALINE,priority,N-取代,C6 H13 N O2,131.173,MVA,short-polymer,164,153,173D / 185D / 1A7Y / 1A7Z / 1BCK,CCD结构与网站人工整理的论文、专利或药物骨架证据精确对应；可作为优先核验的肽合成单体。,继续核对具体保护形式、偶联方法和供应/合成来源。,,https://www.rcsb.org/ligand/MVA
仅结构参考,MYK,N~6~-tetradecanoyl-L-lysine,reference,极性／带电侧链,C20 H40 N2 O3,356.543,,not-audited,,,,复杂度、反应性、极性、端基或保护状态存在明显疑问，不进入默认单体库。,除非有明确研究用途，否则不优先审核。,分子量超过300 Da，单体复杂度和环肽总分子量负担较高；以极性/带电特征为主，不宜默认用于提高被动渗透性,https://www.rcsb.org/ligand/MYK
条件结构候选,MYN,"(2S)-amino[(4R)-2-amino-1,4,5,6-tetrahydropyrimidin-4-yl]ethanoic acid",conditional,极性／带电侧链,C6 H12 N4 O2,172.185,,not-audited,,,,结构可能是独立非天然氨基酸，但用途或单体可获得性仍依赖人工核实。,先核对主链连接几何和独立单体身份，再决定是否查合成证据。,以极性/带电特征为主，不宜默认用于提高被动渗透性,https://www.rcsb.org/ligand/MYN
条件结构候选,N0A,3-fluoro-L-phenylalanine,conditional,卤代／电子调节,C9 H10 F N O2,183.18,,not-audited,,,,结构可能是独立非天然氨基酸，但用途或单体可获得性仍依赖人工核实。,先核对主链连接几何和独立单体身份，再决定是否查合成证据。,,https://www.rcsb.org/ligand/N0A
条件结构候选,N10,O-[(HEXYLAMINO)CARBONYL]-L-SERINE,conditional,极性／带电侧链,C10 H20 N2 O4,232.277,,not-audited,,,,结构可能是独立非天然氨基酸，但用途或单体可获得性仍依赖人工核实。,先核对主链连接几何和独立单体身份，再决定是否查合成证据。,以极性/带电特征为主，不宜默认用于提高被动渗透性,https://www.rcsb.org/ligand/N10
条件结构候选,N2C,"N,S-DIMETHYLCYSTEINE",conditional,其他CCD肽链核心,C5 H11 N O2 S,149.211,,not-audited,,,,结构可能是独立非天然氨基酸，但用途或单体可获得性仍依赖人工核实。,先核对主链连接几何和独立单体身份，再决定是否查合成证据。,CCD未指定标准氨基酸母体，需确认它是独立残基而非氨基酸样片段,https://www.rcsb.org/ligand/N2C
条件结构候选,N65,(2~{S})-2-azanyl-6-[(~{E})-pentan-2-ylideneamino]hexanal,conditional,极性／带电侧链,C11 H22 N2 O2,214.305,,not-audited,,,,结构可能是独立非天然氨基酸，但用途或单体可获得性仍依赖人工核实。,先核对主链连接几何和独立单体身份，再决定是否查合成证据。,以极性/带电特征为主，不宜默认用于提高被动渗透性,https://www.rcsb.org/ligand/N65
已在短肽序列中观察到,N7P,1-ACETYL-L-PROLINE,priority,构象限制,C7 H11 N O3,157.167,,short-polymer,10,10,3P9Y / 4Y69 / 4Y6A / 4Y6V / 5IVN,该CCD进入过不超过50残基的PDB聚合物序列，支持其作为肽残基使用，但尚未逐条确认独立单体来源。,查原始论文，确认是预制单体偶联还是翻译后/结构内修饰。,,https://www.rcsb.org/ligand/N7P
仅在较长聚合物中观察到,N80,1-ethenyl-L-proline,priority,构象限制,C7 H11 N O2,141.168,,polymer-only,4,0,4X1C / 9NF3 / 9YRI / 9YTU,该CCD进入过PDB聚合物序列，但目前没有短肽命中，不能直接推断适合常规肽合成。,核对残基形成方式及是否存在独立保护单体。,,https://www.rcsb.org/ligand/N80
排除,N8P,N-ACETYL-D-PROLINE,exclude,D-构型,C7 H11 N O3,157.167,,not-audited,,,,自动规则识别为整分子、辅因子、金属复合物、完整肽、保护体或缺少常规偶联羧基。,不计入非天然氨基酸单体数量。,,https://www.rcsb.org/ligand/N8P
条件结构候选,N9P,3-pyridin-4-yl-L-alanine,conditional,芳香／疏水侧链,C8 H10 N2 O2,166.177,,not-audited,,,,结构可能是独立非天然氨基酸，但用途或单体可获得性仍依赖人工核实。,先核对主链连接几何和独立单体身份，再决定是否查合成证据。,,https://www.rcsb.org/ligand/N9P
条件结构候选,NA8,(1S)-1-CARBOXY-2-NAPHTHALEN-2-YLETHANAMINIUM,conditional,芳香／疏水侧链,C13 H14 N O2,216.256,,not-audited,,,,结构可能是独立非天然氨基酸，但用途或单体可获得性仍依赖人工核实。,先核对主链连接几何和独立单体身份，再决定是否查合成证据。,,https://www.rcsb.org/ligand/NA8
人工证据支持,NAL,BETA-(2-NAPHTHYL)-ALANINE,conditional,芳香／疏水侧链,C13 H13 N O2,215.248,NAL,not-audited,,,,CCD结构与网站人工整理的论文、专利或药物骨架证据精确对应；可作为优先核验的肽合成单体。,继续核对具体保护形式、偶联方法和供应/合成来源。,,https://www.rcsb.org/ligand/NAL
排除,NB8,5'-O-[(R)-{[(2S)-2-amino-4-(hydroxyamino)-4-oxobutanoyl]oxy}(hydroxy)phosphoryl]adenosine,exclude,芳香／疏水侧链,C14 H20 N7 O10 P,477.323,,not-audited,,,,自动规则识别为整分子、辅因子、金属复合物、完整肽、保护体或缺少常规偶联羧基。,不计入非天然氨基酸单体数量。,,https://www.rcsb.org/ligand/NB8
仅结构参考,NBQ,2-HYDROXY-5-({1-[(2-NAPHTHYLOXY)METHYL]-3-OXOPROP-1-ENYL}AMINO)TYROSINE,reference,芳香／疏水侧链,C23 H22 N2 O6,422.431,,not-audited,,,,复杂度、反应性、极性、端基或保护状态存在明显疑问，不进入默认单体库。,除非有明确研究用途，否则不优先审核。,分子量超过300 Da，单体复杂度和环肽总分子量负担较高,https://www.rcsb.org/ligand/NBQ
排除,NC1,NITROCEFIN ACYL-SERINE,exclude,芳香／疏水侧链,C24 H21 N5 O11 S2,619.58,,not-audited,,,,自动规则识别为整分子、辅因子、金属复合物、完整肽、保护体或缺少常规偶联羧基。,不计入非天然氨基酸单体数量。,,https://www.rcsb.org/ligand/NC1
排除,NCB,N-CARBAMOYL-ALANINE,exclude,极性／带电侧链,C4 H8 N2 O3,132.118,,not-audited,,,,自动规则识别为整分子、辅因子、金属复合物、完整肽、保护体或缺少常规偶联羧基。,不计入非天然氨基酸单体数量。,,https://www.rcsb.org/ligand/NCB
已在短肽序列中观察到,NCY,N-METHYLCYSTEINE,priority,N-取代,C4 H9 N O2 S,135.185,,short-polymer,23,23,185D / 193D / 1PFE / 1VS2 / 1VTG,该CCD进入过不超过50残基的PDB聚合物序列，支持其作为肽残基使用，但尚未逐条确认独立单体来源。,查原始论文，确认是预制单体偶联还是翻译后/结构内修饰。,CCD未指定标准氨基酸母体，需确认它是独立残基而非氨基酸样片段,https://www.rcsb.org/ligand/NCY
排除,NDF,N-(CARBOXYCARBONYL)-D-PHENYLALANINE,exclude,D-构型,C11 H11 N O5,237.209,,not-audited,,,,自动规则识别为整分子、辅因子、金属复合物、完整肽、保护体或缺少常规偶联羧基。,不计入非天然氨基酸单体数量。,,https://www.rcsb.org/ligand/NDF
仅结构参考,NEP,N1-PHOSPHONOHISTIDINE,reference,芳香／疏水侧链,C6 H10 N3 O5 P,235.134,,not-audited,,,,复杂度、反应性、极性、端基或保护状态存在明显疑问，不进入默认单体库。,除非有明确研究用途，否则不优先审核。,含磷酸/膦酸相关结构，通常不利于被动跨膜，除非有专门遮蔽设计,https://www.rcsb.org/ligand/NEP
排除,NFA,PHENYLALANINE AMIDE,exclude,芳香／疏水侧链,C9 H12 N2 O,164.204,,not-audited,,,,自动规则识别为整分子、辅因子、金属复合物、完整肽、保护体或缺少常规偶联羧基。,不计入非天然氨基酸单体数量。,,https://www.rcsb.org/ligand/NFA
条件结构候选,NHL,(4S)-4-(2-NAPHTHYLMETHYL)-D-GLUTAMIC ACID,conditional,D-构型,C16 H17 N O4,287.31,,not-audited,,,,结构可能是独立非天然氨基酸，但用途或单体可获得性仍依赖人工核实。,先核对主链连接几何和独立单体身份，再决定是否查合成证据。,分子量超过250 Da，需关注偶联效率、溶解度和总环肽体积；CCD未指定标准氨基酸母体，需确认它是独立残基而非氨基酸样片段,https://www.rcsb.org/ligand/NHL
条件结构候选,NIY,META-NITRO-TYROSINE,conditional,芳香／疏水侧链,C9 H10 N2 O5,226.186,,not-audited,,,,结构可能是独立非天然氨基酸，但用途或单体可获得性仍依赖人工核实。,先核对主链连接几何和独立单体身份，再决定是否查合成证据。,,https://www.rcsb.org/ligand/NIY
排除,NKS,"N-(3-{[2-(4-chlorophenyl)-5-methyl-1,3-oxazol-4-yl]methoxy}benzyl)-N-[(4-methylphenoxy)carbonyl]glycine",exclude,卤代／电子调节,C28 H25 Cl N2 O6,520.961,,not-audited,,,,自动规则识别为整分子、辅因子、金属复合物、完整肽、保护体或缺少常规偶联羧基。,不计入非天然氨基酸单体数量。,,https://www.rcsb.org/ligand/NKS
条件结构候选,NLB,6-(benzyloxy)-L-norleucine,conditional,芳香／疏水侧链,C13 H19 N O3,237.295,,not-audited,,,,结构可能是独立非天然氨基酸，但用途或单体可获得性仍依赖人工核实。,先核对主链连接几何和独立单体身份，再决定是否查合成证据。,,https://www.rcsb.org/ligand/NLB
条件结构候选,NLE,NORLEUCINE,conditional,其他CCD肽链核心,C6 H13 N O2,131.173,,not-audited,,,,结构可能是独立非天然氨基酸，但用途或单体可获得性仍依赖人工核实。,先核对主链连接几何和独立单体身份，再决定是否查合成证据。,,https://www.rcsb.org/ligand/NLE
排除,NLN,NORLEUCINE AMIDE,exclude,极性／带电侧链,C6 H14 N2 O,130.188,,not-audited,,,,自动规则识别为整分子、辅因子、金属复合物、完整肽、保护体或缺少常规偶联羧基。,不计入非天然氨基酸单体数量。,,https://www.rcsb.org/ligand/NLN
条件结构候选,NLO,O-METHYL-L-NORLEUCINE,conditional,其他CCD肽链核心,C7 H15 N O2,145.199,,not-audited,,,,结构可能是独立非天然氨基酸，但用途或单体可获得性仍依赖人工核实。,先核对主链连接几何和独立单体身份，再决定是否查合成证据。,,https://www.rcsb.org/ligand/NLO
排除,NLP,(1-AMINO-PENTYL)-PHOSPHONIC ACID,exclude,极性／带电侧链,C5 H14 N O3 P,167.143,,not-audited,,,,自动规则识别为整分子、辅因子、金属复合物、完整肽、保护体或缺少常规偶联羧基。,不计入非天然氨基酸单体数量。,,https://www.rcsb.org/ligand/NLP
条件结构候选,NLQ,N~2~-ACETYL-L-GLUTAMINE,conditional,极性／带电侧链,C7 H12 N2 O4,188.181,,not-audited,,,,结构可能是独立非天然氨基酸，但用途或单体可获得性仍依赖人工核实。,先核对主链连接几何和独立单体身份，再决定是否查合成证据。,以极性/带电特征为主，不宜默认用于提高被动渗透性,https://www.rcsb.org/ligand/NLQ
排除,NLW,L-leucinamide,exclude,极性／带电侧链,C6 H14 N2 O,130.188,,not-audited,,,,自动规则识别为整分子、辅因子、金属复合物、完整肽、保护体或缺少常规偶联羧基。,不计入非天然氨基酸单体数量。,,https://www.rcsb.org/ligand/NLW
条件结构候选,NLY,N-(4-aminobutyl)glycine,conditional,极性／带电侧链,C6 H14 N2 O2,146.188,,not-audited,,,,结构可能是独立非天然氨基酸，但用途或单体可获得性仍依赖人工核实。,先核对主链连接几何和独立单体身份，再决定是否查合成证据。,CCD仅标为通用peptide linking，需确认真实主链连接几何；以极性/带电特征为主，不宜默认用于提高被动渗透性,https://www.rcsb.org/ligand/NLY
已在短肽序列中观察到,NMC,N-CYCLOPROPYLMETHYL GLYCINE,priority,构象限制,C6 H11 N O2,129.157,,short-polymer,2,2,3SEM / 9DEM,该CCD进入过不超过50残基的PDB聚合物序列，支持其作为肽残基使用，但尚未逐条确认独立单体来源。,查原始论文，确认是预制单体偶联还是翻译后/结构内修饰。,,https://www.rcsb.org/ligand/NMC
已在短肽序列中观察到,NMM,(2S)-2-amino-5-[(N-methylcarbamimidoyl)amino]pentanoic acid,priority,N-取代,C7 H16 N4 O2,188.228,,short-polymer,46,11,2V85 / 5DWQ / 5DX1 / 5DX8 / 5DXA,该CCD进入过不超过50残基的PDB聚合物序列，支持其作为肽残基使用，但尚未逐条确认独立单体来源。,查原始论文，确认是预制单体偶联还是翻译后/结构内修饰。,,https://www.rcsb.org/ligand/NMM
条件结构候选,NNH,NOR-N-OMEGA-HYDROXY-L-ARGININE,conditional,极性／带电侧链,C5 H12 N4 O3,176.174,,not-audited,,,,结构可能是独立非天然氨基酸，但用途或单体可获得性仍依赖人工核实。,先核对主链连接几何和独立单体身份，再决定是否查合成证据。,以极性/带电特征为主，不宜默认用于提高被动渗透性,https://www.rcsb.org/ligand/NNH
条件结构候选,NOT,6-Azido-L-lysine,conditional,极性／带电侧链,C6 H12 N4 O2,172.185,,not-audited,,,,结构可能是独立非天然氨基酸，但用途或单体可获得性仍依赖人工核实。,先核对主链连接几何和独立单体身份，再决定是否查合成证据。,以极性/带电特征为主，不宜默认用于提高被动渗透性,https://www.rcsb.org/ligand/NOT
仅结构参考,NPH,"CYSTEINE-METHYLENE-CARBAMOYL-1,10-PHENANTHROLINE",reference,芳香／疏水侧链,C17 H16 N4 O3 S,356.399,,not-audited,,,,复杂度、反应性、极性、端基或保护状态存在明显疑问，不进入默认单体库。,除非有明确研究用途，否则不优先审核。,分子量超过300 Da，单体复杂度和环肽总分子量负担较高,https://www.rcsb.org/ligand/NPH
条件结构候选,NPI,(2S)-2-aminoheptanedioic acid,conditional,极性／带电侧链,C7 H13 N O4,175.182,,not-audited,,,,结构可能是独立非天然氨基酸，但用途或单体可获得性仍依赖人工核实。,先核对主链连接几何和独立单体身份，再决定是否查合成证据。,以极性/带电特征为主，不宜默认用于提高被动渗透性,https://www.rcsb.org/ligand/NPI
条件结构候选,NRG,N-OMEGA-NITRO-L-ARGININE,conditional,极性／带电侧链,C6 H13 N5 O4,219.199,,not-audited,,,,结构可能是独立非天然氨基酸，但用途或单体可获得性仍依赖人工核实。,先核对主链连接几何和独立单体身份，再决定是否查合成证据。,CCD未指定标准氨基酸母体，需确认它是独立残基而非氨基酸样片段；以极性/带电特征为主，不宜默认用于提高被动渗透性,https://www.rcsb.org/ligand/NRG
仅结构参考,NRP,"{4-[(4-hydroxyphenyl)methylidene]-2-[(1E)-3-methylbutanimidoyl]-5-oxo-4,5-dihydro-1H-imidazol-1-yl}acetic acid",reference,芳香／疏水侧链,C17 H19 N3 O4,329.35,,not-audited,,,,复杂度、反应性、极性、端基或保护状态存在明显疑问，不进入默认单体库。,除非有明确研究用途，否则不优先审核。,分子量超过300 Da，单体复杂度和环肽总分子量负担较高,https://www.rcsb.org/ligand/NRP
仅结构参考,NRQ,"{(4Z)-4-(4-hydroxybenzylidene)-2-[3-(methylthio)propanimidoyl]-5-oxo-4,5-dihydro-1H-imidazol-1-yl}acetic acid",reference,芳香／疏水侧链,C16 H17 N3 O4 S,347.389,,not-audited,,,,复杂度、反应性、极性、端基或保护状态存在明显疑问，不进入默认单体库。,除非有明确研究用途，否则不优先审核。,分子量超过300 Da，单体复杂度和环肽总分子量负担较高,https://www.rcsb.org/ligand/NRQ
排除,NSK,N-SUCCINYL LYSINE,exclude,极性／带电侧链,C10 H18 N2 O5,246.26,,not-audited,,,,自动规则识别为整分子、辅因子、金属复合物、完整肽、保护体或缺少常规偶联羧基。,不计入非天然氨基酸单体数量。,,https://www.rcsb.org/ligand/NSK
条件结构候选,NTR,META-HYDROXY BETA NOR-TYROSINE,conditional,芳香／疏水侧链,C8 H9 N O4,183.161,,not-audited,,,,结构可能是独立非天然氨基酸，但用途或单体可获得性仍依赖人工核实。,先核对主链连接几何和独立单体身份，再决定是否查合成证据。,,https://www.rcsb.org/ligand/NTR
人工证据支持,NVA,NORVALINE,conditional,其他CCD肽链核心,C5 H11 N O2,117.146,NVA,not-audited,,,,CCD结构与网站人工整理的论文、专利或药物骨架证据精确对应；可作为优先核验的肽合成单体。,继续核对具体保护形式、偶联方法和供应/合成来源。,,https://www.rcsb.org/ligand/NVA
条件结构候选,NWD,"3-(5-nitro-2,4-dioxo-3,4-dihydropyrimidin-1(2H)-yl)-L-alanine",conditional,极性／带电侧链,C7 H8 N4 O6,244.162,,not-audited,,,,结构可能是独立非天然氨基酸，但用途或单体可获得性仍依赖人工核实。,先核对主链连接几何和独立单体身份，再决定是否查合成证据。,以极性/带电特征为主，不宜默认用于提高被动渗透性,https://www.rcsb.org/ligand/NWD
已在短肽序列中观察到,NYB,N-METHYL-S-[(1R)-1-METHYLPROPYL]-L-CYSTEINE,priority,N-取代,C8 H17 N O2 S,191.291,,short-polymer,1,1,193D,该CCD进入过不超过50残基的PDB聚合物序列，支持其作为肽残基使用，但尚未逐条确认独立单体来源。,查原始论文，确认是预制单体偶联还是翻译后/结构内修饰。,,https://www.rcsb.org/ligand/NYB
仅结构参考,NYG,"[(4Z)-2-[(1S)-1,3-DIAMINO-3-OXOPROPYL]-4-(4-HYDROXYBENZYLIDENE)-5-OXO-4,5-DIHYDRO-1H-IMIDAZOL-1-YL]ACETIC ACID",reference,芳香／疏水侧链,C15 H16 N4 O5,332.311,,not-audited,,,,复杂度、反应性、极性、端基或保护状态存在明显疑问，不进入默认单体库。,除非有明确研究用途，否则不优先审核。,分子量超过300 Da，单体复杂度和环肽总分子量负担较高,https://www.rcsb.org/ligand/NYG
条件结构候选,NYS,"S-{5-[(1R)-2-amino-1-hydroxyethyl]-2,3-dihydroxyphenyl}-L-cysteine",conditional,芳香／疏水侧链,C11 H16 N2 O5 S,288.32,,not-audited,,,,结构可能是独立非天然氨基酸，但用途或单体可获得性仍依赖人工核实。,先核对主链连接几何和独立单体身份，再决定是否查合成证据。,分子量超过250 Da，需关注偶联效率、溶解度和总环肽体积,https://www.rcsb.org/ligand/NYS
已在短肽序列中观察到,NZC,N-methylidene-L-threonine,priority,N-取代,C5 H11 N O3,133.146,,short-polymer,18,18,5AGU / 5AGV / 5AH2 / 5AH4 / 6DJ8,该CCD进入过不超过50残基的PDB聚合物序列，支持其作为肽残基使用，但尚未逐条确认独立单体来源。,查原始论文，确认是预制单体偶联还是翻译后/结构内修饰。,,https://www.rcsb.org/ligand/NZC
排除,NZH,(2S)-2-AMINO-3-[1-(1H-TETRAAZOL-5-YL)-1H-IMIDAZOL-4-YL]PROPANAL,exclude,芳香／疏水侧链,C7 H9 N7 O,207.193,,not-audited,,,,自动规则识别为整分子、辅因子、金属复合物、完整肽、保护体或缺少常规偶联羧基。,不计入非天然氨基酸单体数量。,,https://www.rcsb.org/ligand/NZH
仅结构参考,O12,N~5~-dodecanoyl-L-ornithine,reference,极性／带电侧链,C17 H34 N2 O3,314.463,,not-audited,,,,复杂度、反应性、极性、端基或保护状态存在明显疑问，不进入默认单体库。,除非有明确研究用途，否则不优先审核。,分子量超过300 Da，单体复杂度和环肽总分子量负担较高；CCD未指定标准氨基酸母体，需确认它是独立残基而非氨基酸样片段；以极性/带电特征为主，不宜默认用于提高被动渗透性,https://www.rcsb.org/ligand/O12
排除,O2E,"(2~{S},3~{R})-2-[(2~{S},3~{R})-1-[(2~{R})-2-azanyl-3-oxidanylidene-propoxy]-3-oxidanyl-1-oxidanylidene-butan-2-yl]-4-[(3~{S},5~{S})-5-[(3-carboxyphenyl)carbamoyl]pyrrolidin-3-yl]sulfanyl-3-methyl-3,4-dihydro-2~{H}-pyrrole-5-carboxylic acid",exclude,芳香／疏水侧链,C25 H32 N4 O9 S,564.608,,not-audited,,,,自动规则识别为整分子、辅因子、金属复合物、完整肽、保护体或缺少常规偶联羧基。,不计入非天然氨基酸单体数量。,,https://www.rcsb.org/ligand/O2E
仅结构参考,O6H,"2,4,6-trimethyl-L-phenylalanine",reference,芳香／疏水侧链,C12 H17 N O2,207.269,,not-audited,,,,复杂度、反应性、极性、端基或保护状态存在明显疑问，不进入默认单体库。,除非有明确研究用途，否则不优先审核。,名称提示反应性官能团或中间体，需要确认能否承受偶联和脱保护条件,https://www.rcsb.org/ligand/O6H
优先结构候选，暂无使用命中,O7A,N-methyl-L-allothreonine,priority,N-取代,C5 H11 N O3,133.146,,no-polymer-hit,0,0,,结构符合优先研发方向，但当前PDB聚合物审计没有命中。,查询供应商、合成论文、专利和SPPS/LPPS使用记录。,,https://www.rcsb.org/ligand/O7A
已在短肽序列中观察到,O7D,4-methoxy-N-methyl-L-tryptophan,priority,N-取代,C13 H16 N2 O3,248.278,,short-polymer,1,1,6PBS,该CCD进入过不超过50残基的PDB聚合物序列，支持其作为肽残基使用，但尚未逐条确认独立单体来源。,查原始论文，确认是预制单体偶联还是翻译后/结构内修饰。,,https://www.rcsb.org/ligand/O7D
条件结构候选,OAS,O-ACETYLSERINE,conditional,极性／带电侧链,C5 H9 N O4,147.129,,not-audited,,,,结构可能是独立非天然氨基酸，但用途或单体可获得性仍依赖人工核实。,先核对主链连接几何和独立单体身份，再决定是否查合成证据。,以极性/带电特征为主，不宜默认用于提高被动渗透性,https://www.rcsb.org/ligand/OAS
条件结构候选,OBF,"(2S)-2-amino-4,4-difluorobutanoic acid",conditional,卤代／电子调节,C4 H7 F2 N O2,139.101,,not-audited,,,,结构可能是独立非天然氨基酸，但用途或单体可获得性仍依赖人工核实。,先核对主链连接几何和独立单体身份，再决定是否查合成证据。,CCD未指定标准氨基酸母体，需确认它是独立残基而非氨基酸样片段,https://www.rcsb.org/ligand/OBF
仅结构参考,OBS,"(Z)-N^6-[(4S,5R)-5-(2-CARBOXYETHYL)-4-(CARBOXYMETHYL)-1-HYDROXYDIHYDRO-2H-THIOPYRANIUM-3(4H)-YLIDENE]-L-LYSINE",reference,极性／带电侧链,C16 H26 N2 O7 S,390.452,,not-audited,,,,复杂度、反应性、极性、端基或保护状态存在明显疑问，不进入默认单体库。,除非有明确研究用途，否则不优先审核。,分子量超过300 Da，单体复杂度和环肽总分子量负担较高；杂原子较多，可能增加暴露极性和去溶剂化代价；以极性/带电特征为主，不宜默认用于提高被动渗透性,https://www.rcsb.org/ligand/OBS
条件结构候选,OCS,CYSTEINESULFONIC ACID,conditional,极性／带电侧链,C3 H7 N O5 S,169.156,,not-audited,,,,结构可能是独立非天然氨基酸，但用途或单体可获得性仍依赖人工核实。,先核对主链连接几何和独立单体身份，再决定是否查合成证据。,以极性/带电特征为主，不宜默认用于提高被动渗透性,https://www.rcsb.org/ligand/OCS
条件结构候选,OCY,HYDROXYETHYLCYSTEINE,conditional,极性／带电侧链,C5 H11 N O3 S,165.211,,not-audited,,,,结构可能是独立非天然氨基酸，但用途或单体可获得性仍依赖人工核实。,先核对主链连接几何和独立单体身份，再决定是否查合成证据。,以极性/带电特征为主，不宜默认用于提高被动渗透性,https://www.rcsb.org/ligand/OCY
已在短肽序列中观察到,OEM,N-methyl-D-aspartic acid,priority,N-取代,C5 H9 N O4,147.129,,short-polymer,1,1,7F8X,该CCD进入过不超过50残基的PDB聚合物序列，支持其作为肽残基使用，但尚未逐条确认独立单体来源。,查原始论文，确认是预制单体偶联还是翻译后/结构内修饰。,CCD未指定标准氨基酸母体，需确认它是独立残基而非氨基酸样片段,https://www.rcsb.org/ligand/OEM
排除,OFM,"[(4Z)-2-{(2R,5R)-2-[(1S)-1-amino-2-phenylethyl]-2-hydroxy-5-methyl-2,5-dihydro-1,3-oxazol-4-yl}-4-(4-hydroxybenzylidene )-5-oxo-4,5-dihydro-1H-imidazol-1-yl]acetic acid",exclude,芳香／疏水侧链,C24 H24 N4 O6,464.471,,not-audited,,,,自动规则识别为整分子、辅因子、金属复合物、完整肽、保护体或缺少常规偶联羧基。,不计入非天然氨基酸单体数量。,,https://www.rcsb.org/ligand/OFM
已在短肽序列中观察到,OGC,gamma-N-methyl-beta-OH-histidine,priority,N-取代,C7 H11 N3 O3,185.181,,short-polymer,1,1,8AGY,该CCD进入过不超过50残基的PDB聚合物序列，支持其作为肽残基使用，但尚未逐条确认独立单体来源。,查原始论文，确认是预制单体偶联还是翻译后/结构内修饰。,,https://www.rcsb.org/ligand/OGC
排除,OGZ,[3-(trifluoromethyl)phenyl]methanamine,exclude,卤代／电子调节,C8 H8 F3 N,175.151,,not-audited,,,,自动规则识别为整分子、辅因子、金属复合物、完整肽、保护体或缺少常规偶联羧基。,不计入非天然氨基酸单体数量。,,https://www.rcsb.org/ligand/OGZ
排除,OHD,"{(4Z)-2-[(1S)-1-aminoethyl]-4-[(3-chloro-4-hydroxyphenyl)methylidene]-5-oxo-4,5-dihydro-1H-imidazol-1-yl}acetic acid",exclude,卤代／电子调节,C14 H14 Cl N3 O4,323.732,,not-audited,,,,自动规则识别为整分子、辅因子、金属复合物、完整肽、保护体或缺少常规偶联羧基。,不计入非天然氨基酸单体数量。,,https://www.rcsb.org/ligand/OHD
条件结构候选,OHI,3-(2-OXO-2H-IMIDAZOL-4-YL)-L-ALANINE,conditional,极性／带电侧链,C6 H7 N3 O3,169.138,,not-audited,,,,结构可能是独立非天然氨基酸，但用途或单体可获得性仍依赖人工核实。,先核对主链连接几何和独立单体身份，再决定是否查合成证据。,以极性/带电特征为主，不宜默认用于提高被动渗透性,https://www.rcsb.org/ligand/OHI
条件结构候选,OHS,O-(CARBOXYSULFANYL)-4-OXO-L-HOMOSERINE,conditional,极性／带电侧链,C5 H7 N O6 S,209.177,,not-audited,,,,结构可能是独立非天然氨基酸，但用途或单体可获得性仍依赖人工核实。,先核对主链连接几何和独立单体身份，再决定是否查合成证据。,以极性/带电特征为主，不宜默认用于提高被动渗透性,https://www.rcsb.org/ligand/OHS
条件结构候选,OIB,hydroxylated gamma-amino valeroyl moiety,conditional,延长骨架,C6 H13 N O5,179.171,,not-audited,,,,结构可能是独立非天然氨基酸，但用途或单体可获得性仍依赖人工核实。,先核对主链连接几何和独立单体身份，再决定是否查合成证据。,CCD未指定标准氨基酸母体，需确认它是独立残基而非氨基酸样片段,https://www.rcsb.org/ligand/OIB
条件结构候选,OIC,OCTAHYDROINDOLE-2-CARBOXYLIC ACID,conditional,其他CCD肽链核心,C9 H15 N O2,169.221,,not-audited,,,,结构可能是独立非天然氨基酸，但用途或单体可获得性仍依赖人工核实。,先核对主链连接几何和独立单体身份，再决定是否查合成证据。,CCD未指定标准氨基酸母体，需确认它是独立残基而非氨基酸样片段,https://www.rcsb.org/ligand/OIC
排除,OIM,"[(4Z)-2-{(2R,5R)-2-[(1S,2S)-1-amino-2-methylbutyl]-2-hydroxy-5-methyl-2,5-dihydro-1,3-oxazol-4-yl}-4-(4-hydroxybenzylidene)-5-oxo-4,5-dihydro-1H-imidazol-1-yl]acetic acid",exclude,芳香／疏水侧链,C21 H26 N4 O6,430.454,,not-audited,,,,自动规则识别为整分子、辅因子、金属复合物、完整肽、保护体或缺少常规偶联羧基。,不计入非天然氨基酸单体数量。,,https://www.rcsb.org/ligand/OIM
条件结构候选,OJY,5-[5-(hydroxymethyl)-1H-imidazol-2-yl]-L-norvaline,conditional,芳香／疏水侧链,C9 H15 N3 O3,213.234,,not-audited,,,,结构可能是独立非天然氨基酸，但用途或单体可获得性仍依赖人工核实。,先核对主链连接几何和独立单体身份，再决定是否查合成证据。,CCD未指定标准氨基酸母体，需确认它是独立残基而非氨基酸样片段,https://www.rcsb.org/ligand/OJY
仅结构参考,OLD,3-[2-(4-bromophenyl)-2-oxoethyl]-L-histidine,reference,卤代／电子调节,C14 H14 Br N3 O3,352.183,,not-audited,,,,复杂度、反应性、极性、端基或保护状态存在明显疑问，不进入默认单体库。,除非有明确研究用途，否则不优先审核。,分子量超过300 Da，单体复杂度和环肽总分子量负担较高,https://www.rcsb.org/ligand/OLD
条件结构候选,OLT,O-METHYL-L-THREONINE,conditional,极性／带电侧链,C5 H11 N O3,133.146,,not-audited,,,,结构可能是独立非天然氨基酸，但用途或单体可获得性仍依赖人工核实。,先核对主链连接几何和独立单体身份，再决定是否查合成证据。,以极性/带电特征为主，不宜默认用于提高被动渗透性,https://www.rcsb.org/ligand/OLT
条件结构候选,OLZ,O-(2-aminoethyl)-L-serine,conditional,极性／带电侧链,C5 H12 N2 O3,148.16,,not-audited,,,,结构可能是独立非天然氨基酸，但用途或单体可获得性仍依赖人工核实。,先核对主链连接几何和独立单体身份，再决定是否查合成证据。,以极性/带电特征为主，不宜默认用于提高被动渗透性,https://www.rcsb.org/ligand/OLZ
仅结构参考,OMH,O-[(S)-hydroxy(methoxy)phosphoryl]-L-serine,reference,极性／带电侧链,C4 H10 N O6 P,199.099,,not-audited,,,,复杂度、反应性、极性、端基或保护状态存在明显疑问，不进入默认单体库。,除非有明确研究用途，否则不优先审核。,含磷酸/膦酸相关结构，通常不利于被动跨膜，除非有专门遮蔽设计；以极性/带电特征为主，不宜默认用于提高被动渗透性,https://www.rcsb.org/ligand/OMH
条件结构候选,OMT,S-DIOXYMETHIONINE,conditional,极性／带电侧链,C5 H11 N O4 S,181.21,,not-audited,,,,结构可能是独立非天然氨基酸，但用途或单体可获得性仍依赖人工核实。,先核对主链连接几何和独立单体身份，再决定是否查合成证据。,以极性/带电特征为主，不宜默认用于提高被动渗透性,https://www.rcsb.org/ligand/OMT
条件结构候选,OMX,(betaR)-beta-hydroxy-L-Tyrosine,conditional,芳香／疏水侧链,C9 H11 N O4,197.188,,not-audited,,,,结构可能是独立非天然氨基酸，但用途或单体可获得性仍依赖人工核实。,先核对主链连接几何和独立单体身份，再决定是否查合成证据。,,https://www.rcsb.org/ligand/OMX
条件结构候选,OMY,(betaR)-3-chloro-beta-hydroxy-L-tyrosine,conditional,卤代／电子调节,C9 H10 Cl N O4,231.633,,not-audited,,,,结构可能是独立非天然氨基酸，但用途或单体可获得性仍依赖人工核实。,先核对主链连接几何和独立单体身份，再决定是否查合成证据。,,https://www.rcsb.org/ligand/OMY
已在短肽序列中观察到,OMZ,(betaR)-3-CHLORO-BETA-HYDROXY-D-TYROSINE,priority,D-构型,C9 H10 Cl N O4,231.633,,short-polymer,26,26,1AA5 / 1C0Q / 1C0R / 1FVM / 1GAC,该CCD进入过不超过50残基的PDB聚合物序列，支持其作为肽残基使用，但尚未逐条确认独立单体来源。,查原始论文，确认是预制单体偶联还是翻译后/结构内修饰。,CCD未指定标准氨基酸母体，需确认它是独立残基而非氨基酸样片段,https://www.rcsb.org/ligand/OMZ
条件结构候选,ONH,N~5~-hydroxy-L-ornithine,conditional,极性／带电侧链,C5 H12 N2 O3,148.16,,not-audited,,,,结构可能是独立非天然氨基酸，但用途或单体可获得性仍依赖人工核实。,先核对主链连接几何和独立单体身份，再决定是否查合成证据。,以极性/带电特征为主，不宜默认用于提高被动渗透性,https://www.rcsb.org/ligand/ONH
条件结构候选,ONL,5-OXO-L-NORLEUCINE,conditional,极性／带电侧链,C6 H11 N O3,145.156,,not-audited,,,,结构可能是独立非天然氨基酸，但用途或单体可获得性仍依赖人工核实。,先核对主链连接几何和独立单体身份，再决定是否查合成证据。,CCD未指定标准氨基酸母体，需确认它是独立残基而非氨基酸样片段；以极性/带电特征为主，不宜默认用于提高被动渗透性,https://www.rcsb.org/ligand/ONL
已在短肽序列中观察到,ORD,D-ORNITHINE,priority,D-构型,C5 H12 N2 O2,132.161,,short-polymer,10,10,1DSR / 4K7T / 5F1W / 6CAE / 8Q23,该CCD进入过不超过50残基的PDB聚合物序列，支持其作为肽残基使用，但尚未逐条确认独立单体来源。,查原始论文，确认是预制单体偶联还是翻译后/结构内修饰。,CCD未指定标准氨基酸母体，需确认它是独立残基而非氨基酸样片段,https://www.rcsb.org/ligand/ORD
人工证据支持,ORN,L-ornithine,conditional,极性／带电侧链,C5 H12 N2 O2,132.161,ORN,not-audited,,,,CCD结构与网站人工整理的论文、专利或药物骨架证据精确对应；可作为优先核验的肽合成单体。,继续核对具体保护形式、偶联方法和供应/合成来源。,以极性/带电特征为主，不宜默认用于提高被动渗透性,https://www.rcsb.org/ligand/ORN
条件结构候选,ORQ,N~5~-ACETYL-L-ORNITHINE,conditional,极性／带电侧链,C7 H14 N2 O3,174.198,,not-audited,,,,结构可能是独立非天然氨基酸，但用途或单体可获得性仍依赖人工核实。,先核对主链连接几何和独立单体身份，再决定是否查合成证据。,以极性/带电特征为主，不宜默认用于提高被动渗透性,https://www.rcsb.org/ligand/ORQ
条件结构候选,OSE,O-SULFO-L-SERINE,conditional,极性／带电侧链,C3 H7 N O6 S,185.156,,not-audited,,,,结构可能是独立非天然氨基酸，但用途或单体可获得性仍依赖人工核实。,先核对主链连接几何和独立单体身份，再决定是否查合成证据。,以极性/带电特征为主，不宜默认用于提高被动渗透性,https://www.rcsb.org/ligand/OSE
条件结构候选,OTH,"N,O-dimethyl-L-threonine",conditional,极性／带电侧链,C6 H13 N O3,147.172,,not-audited,,,,结构可能是独立非天然氨基酸，但用途或单体可获得性仍依赖人工核实。,先核对主链连接几何和独立单体身份，再决定是否查合成证据。,以极性/带电特征为主，不宜默认用于提高被动渗透性,https://www.rcsb.org/ligand/OTH
条件结构候选,OTY,2-hydroxy-L-tyrosine,conditional,芳香／疏水侧链,C9 H11 N O4,197.188,,not-audited,,,,结构可能是独立非天然氨基酸，但用途或单体可获得性仍依赖人工核实。,先核对主链连接几何和独立单体身份，再决定是否查合成证据。,CCD未指定标准氨基酸母体，需确认它是独立残基而非氨基酸样片段,https://www.rcsb.org/ligand/OTY
条件结构候选,OTZ,"2-[2-(aminomethyl)-1,3-oxazol-4-yl]-1,3-thiazole-4-carboxylic acid",conditional,芳香／疏水侧链,C8 H7 N3 O3 S,225.224,,not-audited,,,,结构可能是独立非天然氨基酸，但用途或单体可获得性仍依赖人工核实。,先核对主链连接几何和独立单体身份，再决定是否查合成证据。,CCD仅标为通用peptide linking，需确认真实主链连接几何,https://www.rcsb.org/ligand/OTZ
条件结构候选,OV7,(2R)-amino[(carboxymethyl)sulfanyl]acetic acid,conditional,D-构型,C4 H7 N O4 S,165.168,,not-audited,,,,结构可能是独立非天然氨基酸，但用途或单体可获得性仍依赖人工核实。,先核对主链连接几何和独立单体身份，再决定是否查合成证据。,CCD未指定标准氨基酸母体，需确认它是独立残基而非氨基酸样片段,https://www.rcsb.org/ligand/OV7
条件结构候选,OWF,(3S)-3-hydroxy-D-asparagine,conditional,D-构型,C4 H8 N2 O4,148.117,,not-audited,,,,结构可能是独立非天然氨基酸，但用途或单体可获得性仍依赖人工核实。,先核对主链连接几何和独立单体身份，再决定是否查合成证据。,CCD未指定标准氨基酸母体，需确认它是独立残基而非氨基酸样片段,https://www.rcsb.org/ligand/OWF
仅结构参考,OXX,OXALYL-ASPARTYL ANHYDRIDE,reference,极性／带电侧链,C6 H6 N O7,204.114,,not-audited,,,,复杂度、反应性、极性、端基或保护状态存在明显疑问，不进入默认单体库。,除非有明确研究用途，否则不优先审核。,杂原子较多，可能增加暴露极性和去溶剂化代价；以极性/带电特征为主，不宜默认用于提高被动渗透性,https://www.rcsb.org/ligand/OXX
条件结构候选,OYL,1-ethyl-L-histidine,conditional,芳香／疏水侧链,C8 H13 N3 O2,183.208,,not-audited,,,,结构可能是独立非天然氨基酸，但用途或单体可获得性仍依赖人工核实。,先核对主链连接几何和独立单体身份，再决定是否查合成证据。,,https://www.rcsb.org/ligand/OYL
条件结构候选,OZW,phenylhydrazinyl phenylalanine,conditional,芳香／疏水侧链,C15 H17 N3 O2,271.314,,not-audited,,,,结构可能是独立非天然氨基酸，但用途或单体可获得性仍依赖人工核实。,先核对主链连接几何和独立单体身份，再决定是否查合成证据。,分子量超过250 Da，需关注偶联效率、溶解度和总环肽体积,https://www.rcsb.org/ligand/OZW
条件结构候选,P0A,(2R)-2-aminoheptanedioic acid,conditional,D-构型,C7 H13 N O4,175.182,,not-audited,,,,结构可能是独立非天然氨基酸，但用途或单体可获得性仍依赖人工核实。,先核对主链连接几何和独立单体身份，再决定是否查合成证据。,CCD未指定标准氨基酸母体，需确认它是独立残基而非氨基酸样片段,https://www.rcsb.org/ligand/P0A
仅结构参考,P1L,S-PALMITOYL-L-CYSTEINE,reference,极性／带电侧链,C19 H37 N O3 S,359.567,,not-audited,,,,复杂度、反应性、极性、端基或保护状态存在明显疑问，不进入默认单体库。,除非有明确研究用途，否则不优先审核。,分子量超过300 Da，单体复杂度和环肽总分子量负担较高；以极性/带电特征为主，不宜默认用于提高被动渗透性,https://www.rcsb.org/ligand/P1L
仅结构参考,P2Q,"2-hydroxy-5-{[(1S,2E)-1-formyl-4-phenoxybut-2-en-1yl]amino}-L-tyrosine",reference,芳香／疏水侧链,C20 H22 N2 O6,386.398,,not-audited,,,,复杂度、反应性、极性、端基或保护状态存在明显疑问，不进入默认单体库。,除非有明确研究用途，否则不优先审核。,分子量超过300 Da，单体复杂度和环肽总分子量负担较高,https://www.rcsb.org/ligand/P2Q
排除,P2Y,(2S)-PYRROLIDIN-2-YLMETHYLAMINE,exclude,极性／带电侧链,C5 H12 N2,100.162,,not-audited,,,,自动规则识别为整分子、辅因子、金属复合物、完整肽、保护体或缺少常规偶联羧基。,不计入非天然氨基酸单体数量。,,https://www.rcsb.org/ligand/P2Y
仅结构参考,P3Q,2-hydroxy-5-{[(1E)-1-(2-oxoethylidene)-4-phenylbutyl]amino}-L-tyrosine,reference,芳香／疏水侧链,C21 H24 N2 O5,384.426,,not-audited,,,,复杂度、反应性、极性、端基或保护状态存在明显疑问，不进入默认单体库。,除非有明确研究用途，否则不优先审核。,分子量超过300 Da，单体复杂度和环肽总分子量负担较高,https://www.rcsb.org/ligand/P3Q
条件结构候选,P4E,"(2S,4E)-2-amino-5-phenylpent-4-enoic acid",conditional,芳香／疏水侧链,C11 H13 N O2,191.226,,not-audited,,,,结构可能是独立非天然氨基酸，但用途或单体可获得性仍依赖人工核实。,先核对主链连接几何和独立单体身份，再决定是否查合成证据。,CCD未指定标准氨基酸母体，需确认它是独立残基而非氨基酸样片段,https://www.rcsb.org/ligand/P4E
仅结构参考,P4F,"5,5-difluoro-4-oxo-5-phosphono-D-norvaline",reference,D-构型,C5 H8 F2 N O6 P,247.091,,not-audited,,,,复杂度、反应性、极性、端基或保护状态存在明显疑问，不进入默认单体库。,除非有明确研究用途，否则不优先审核。,含磷酸/膦酸相关结构，通常不利于被动跨膜，除非有专门遮蔽设计；CCD未指定标准氨基酸母体，需确认它是独立残基而非氨基酸样片段,https://www.rcsb.org/ligand/P4F
条件结构候选,P9S,dihydroxypropylcysteine,conditional,极性／带电侧链,C6 H13 N O4 S,195.237,,not-audited,,,,结构可能是独立非天然氨基酸，但用途或单体可获得性仍依赖人工核实。,先核对主链连接几何和独立单体身份，再决定是否查合成证据。,以极性/带电特征为主，不宜默认用于提高被动渗透性,https://www.rcsb.org/ligand/P9S
仅结构参考,PAQ,2-OXY-4-HYDROXY-5-(2-HYDRAZINOPYRIDINE)PHENYLALANINE,reference,芳香／疏水侧链,C14 H16 N4 O4,304.301,,not-audited,,,,复杂度、反应性、极性、端基或保护状态存在明显疑问，不进入默认单体库。,除非有明确研究用途，否则不优先审核。,分子量超过300 Da，单体复杂度和环肽总分子量负担较高,https://www.rcsb.org/ligand/PAQ
仅结构参考,PAT,ALPHA-PHOSPHONO-TRYPTOPHAN,reference,芳香／疏水侧链,C11 H13 N2 O5 P,284.205,,not-audited,,,,复杂度、反应性、极性、端基或保护状态存在明显疑问，不进入默认单体库。,除非有明确研究用途，否则不优先审核。,分子量超过250 Da，需关注偶联效率、溶解度和总环肽体积；含磷酸/膦酸相关结构，通常不利于被动跨膜，除非有专门遮蔽设计,https://www.rcsb.org/ligand/PAT
条件结构候选,PBB,S-(4-BROMOBENZYL)CYSTEINE,conditional,卤代／电子调节,C10 H12 Br N O2 S,290.177,,not-audited,,,,结构可能是独立非天然氨基酸，但用途或单体可获得性仍依赖人工核实。,先核对主链连接几何和独立单体身份，再决定是否查合成证据。,分子量超过250 Da，需关注偶联效率、溶解度和总环肽体积,https://www.rcsb.org/ligand/PBB
条件结构候选,PBF,PARA-(BENZOYL)-PHENYLALANINE,conditional,芳香／疏水侧链,C16 H15 N O3,269.295,,not-audited,,,,结构可能是独立非天然氨基酸，但用途或单体可获得性仍依赖人工核实。,先核对主链连接几何和独立单体身份，再决定是否查合成证据。,分子量超过250 Da，需关注偶联效率、溶解度和总环肽体积,https://www.rcsb.org/ligand/PBF
条件结构候选,PCA,PYROGLUTAMIC ACID,conditional,极性／带电侧链,C5 H7 N O3,129.114,,not-audited,,,,结构可能是独立非天然氨基酸，但用途或单体可获得性仍依赖人工核实。,先核对主链连接几何和独立单体身份，再决定是否查合成证据。,以极性/带电特征为主，不宜默认用于提高被动渗透性,https://www.rcsb.org/ligand/PCA
条件结构候选,PCE,2-(3-AMINO-4-CYCLOHEXYL-2-HYDROXY-BUTYL)-PENT-4-YNOIC ACID,conditional,构象限制,C15 H25 N O3,267.364,,not-audited,,,,结构可能是独立非天然氨基酸，但用途或单体可获得性仍依赖人工核实。,先核对主链连接几何和独立单体身份，再决定是否查合成证据。,分子量超过250 Da，需关注偶联效率、溶解度和总环肽体积；CCD未指定标准氨基酸母体，需确认它是独立残基而非氨基酸样片段,https://www.rcsb.org/ligand/PCE
排除,PCS,PHENYLALANYLMETHYLCHLORIDE,exclude,芳香／疏水侧链,C10 H12 Cl N O,197.661,,not-audited,,,,自动规则识别为整分子、辅因子、金属复合物、完整肽、保护体或缺少常规偶联羧基。,不计入非天然氨基酸单体数量。,,https://www.rcsb.org/ligand/PCS
仅结构参考,PDD,N-(5'-PHOSPHOPYRIDOXYL)-D-ALANINE,reference,D-构型,C11 H17 N2 O7 P,320.236,,not-audited,,,,复杂度、反应性、极性、端基或保护状态存在明显疑问，不进入默认单体库。,除非有明确研究用途，否则不优先审核。,分子量超过300 Da，单体复杂度和环肽总分子量负担较高；杂原子较多，可能增加暴露极性和去溶剂化代价；含磷酸/膦酸相关结构，通常不利于被动跨膜，除非有专门遮蔽设计；CCD未指定标准氨基酸母体，需确认它是独立残基而非氨基酸样片段,https://www.rcsb.org/ligand/PDD
排除,PDW,methyl D-prolinate,exclude,D-构型,C6 H11 N O2,129.157,,not-audited,,,,自动规则识别为整分子、辅因子、金属复合物、完整肽、保护体或缺少常规偶联羧基。,不计入非天然氨基酸单体数量。,,https://www.rcsb.org/ligand/PDW
仅结构参考,PE1,N~2~-({3-HYDROXY-2-METHYL-5-[(PHOSPHONOOXY)METHYL]PYRIDIN-4-YL}METHYL)-L-LYSINE,reference,芳香／疏水侧链,C14 H24 N3 O7 P,377.33,,not-audited,,,,复杂度、反应性、极性、端基或保护状态存在明显疑问，不进入默认单体库。,除非有明确研究用途，否则不优先审核。,分子量超过300 Da，单体复杂度和环肽总分子量负担较高；杂原子较多，可能增加暴露极性和去溶剂化代价；含磷酸/膦酸相关结构，通常不利于被动跨膜，除非有专门遮蔽设计,https://www.rcsb.org/ligand/PE1
条件结构候选,PEC,"S,S-PENTYLTHIOCYSTEINE",conditional,其他CCD肽链核心,C8 H17 N O2 S2,223.356,,not-audited,,,,结构可能是独立非天然氨基酸，但用途或单体可获得性仍依赖人工核实。,先核对主链连接几何和独立单体身份，再决定是否查合成证据。,,https://www.rcsb.org/ligand/PEC
条件结构候选,PF5,"2,3,4,5,6-PENTAFLUORO-L-PHENYLALANINE",conditional,卤代／电子调节,C9 H6 F5 N O2,255.141,,not-audited,,,,结构可能是独立非天然氨基酸，但用途或单体可获得性仍依赖人工核实。,先核对主链连接几何和独立单体身份，再决定是否查合成证据。,分子量超过250 Da，需关注偶联效率、溶解度和总环肽体积,https://www.rcsb.org/ligand/PF5
条件结构候选,PFF,4-FLUORO-L-PHENYLALANINE,conditional,卤代／电子调节,C9 H10 F N O2,183.18,,not-audited,,,,结构可能是独立非天然氨基酸，但用途或单体可获得性仍依赖人工核实。,先核对主链连接几何和独立单体身份，再决定是否查合成证据。,,https://www.rcsb.org/ligand/PFF
已在短肽序列中观察到,PG9,D-PHENYLGLYCINE,priority,D-构型,C8 H9 N O2,151.163,,short-polymer,2,2,4GM9 / 4GMB,该CCD进入过不超过50残基的PDB聚合物序列，支持其作为肽残基使用，但尚未逐条确认独立单体来源。,查原始论文，确认是预制单体偶联还是翻译后/结构内修饰。,CCD未指定标准氨基酸母体，需确认它是独立残基而非氨基酸样片段,https://www.rcsb.org/ligand/PG9
已在短肽序列中观察到,PH6,(4S)-4-cyclohexyl-L-proline,priority,构象限制,C11 H19 N O2,197.274,,short-polymer,4,4,5AGV / 5AH4 / 6QXC / 8CIY,该CCD进入过不超过50残基的PDB聚合物序列，支持其作为肽残基使用，但尚未逐条确认独立单体来源。,查原始论文，确认是预制单体偶联还是翻译后/结构内修饰。,,https://www.rcsb.org/ligand/PH6
条件结构候选,PH8,5-phenyl-L-norvaline,conditional,芳香／疏水侧链,C11 H15 N O2,193.242,,not-audited,,,,结构可能是独立非天然氨基酸，但用途或单体可获得性仍依赖人工核实。,先核对主链连接几何和独立单体身份，再决定是否查合成证据。,CCD未指定标准氨基酸母体，需确认它是独立残基而非氨基酸样片段,https://www.rcsb.org/ligand/PH8
排除,PHA,PHENYLALANINAL,exclude,芳香／疏水侧链,C9 H11 N O,149.19,,not-audited,,,,自动规则识别为整分子、辅因子、金属复合物、完整肽、保护体或缺少常规偶联羧基。,不计入非天然氨基酸单体数量。,,https://www.rcsb.org/ligand/PHA
仅结构参考,PHD,ASPARTYL PHOSPHATE,reference,极性／带电侧链,C4 H8 N O7 P,213.083,,not-audited,,,,复杂度、反应性、极性、端基或保护状态存在明显疑问，不进入默认单体库。,除非有明确研究用途，否则不优先审核。,杂原子较多，可能增加暴露极性和去溶剂化代价；含磷酸/膦酸相关结构，通常不利于被动跨膜，除非有专门遮蔽设计；以极性/带电特征为主，不宜默认用于提高被动渗透性,https://www.rcsb.org/ligand/PHD
条件结构候选,PHI,IODO-PHENYLALANINE,conditional,卤代／电子调节,C9 H10 I N O2,291.086,,not-audited,,,,结构可能是独立非天然氨基酸，但用途或单体可获得性仍依赖人工核实。,先核对主链连接几何和独立单体身份，再决定是否查合成证据。,分子量超过250 Da，需关注偶联效率、溶解度和总环肽体积,https://www.rcsb.org/ligand/PHI
排除,PHL,L-PHENYLALANINOL,exclude,芳香／疏水侧链,C9 H13 N O,151.206,,not-audited,,,,自动规则识别为整分子、辅因子、金属复合物、完整肽、保护体或缺少常规偶联羧基。,不计入非天然氨基酸单体数量。,,https://www.rcsb.org/ligand/PHL
条件结构候选,PIA,"[(4Z)-2-[(1S)-1-aminoethyl]-4-(4-hydroxybenzylidene)-5-oxo-4,5-dihydro-1H-imidazol-1-yl]acetic acid",conditional,芳香／疏水侧链,C14 H15 N3 O4,289.287,,not-audited,,,,结构可能是独立非天然氨基酸，但用途或单体可获得性仍依赖人工核实。,先核对主链连接几何和独立单体身份，再决定是否查合成证据。,分子量超过250 Da，需关注偶联效率、溶解度和总环肽体积,https://www.rcsb.org/ligand/PIA
条件结构候选,PIV,PIVALIC ACID,conditional,其他CCD肽链核心,C5 H10 O2,102.132,,not-audited,,,,结构可能是独立非天然氨基酸，但用途或单体可获得性仍依赖人工核实。,先核对主链连接几何和独立单体身份，再决定是否查合成证据。,CCD未指定标准氨基酸母体，需确认它是独立残基而非氨基酸样片段,https://www.rcsb.org/ligand/PIV
排除,PJ3,"(2~{S})-2-azanyl-3-[1-[[(2~{R},3~{S},4~{R},5~{R})-5-(2-azanyl-7-methyl-6-oxidanylidene-1,8-dihydropurin-9-yl)-3,4-bis(oxidanyl)oxolan-2-yl]methoxy-oxidanyl-phosphoryl]imidazol-4-yl]propanoic acid",exclude,极性／带电侧链,C17 H25 N8 O9 P,516.402,,not-audited,,,,自动规则识别为整分子、辅因子、金属复合物、完整肽、保护体或缺少常规偶联羧基。,不计入非天然氨基酸单体数量。,,https://www.rcsb.org/ligand/PJ3
排除,PLJ,methyl L-prolinate,exclude,其他CCD肽链核心,C6 H11 N O2,129.157,,not-audited,,,,自动规则识别为整分子、辅因子、金属复合物、完整肽、保护体或缺少常规偶联羧基。,不计入非天然氨基酸单体数量。,,https://www.rcsb.org/ligand/PLJ
仅结构参考,PM3,2-AMINO-3-(4-PHOSPHONOMETHYL-PHENYL)-PROPIONIC ACID,reference,芳香／疏水侧链,C10 H14 N O5 P,259.196,,not-audited,,,,复杂度、反应性、极性、端基或保护状态存在明显疑问，不进入默认单体库。,除非有明确研究用途，否则不优先审核。,分子量超过250 Da，需关注偶联效率、溶解度和总环肽体积；含磷酸/膦酸相关结构，通常不利于被动跨膜，除非有专门遮蔽设计,https://www.rcsb.org/ligand/PM3
条件结构候选,POK,2-[[~{N}-[(4~{S})-4-azanyl-5-oxidanylidene-pentyl]carbamimidoyl]amino]ethanoic acid,conditional,极性／带电侧链,C8 H16 N4 O4,232.237,,not-audited,,,,结构可能是独立非天然氨基酸，但用途或单体可获得性仍依赖人工核实。,先核对主链连接几何和独立单体身份，再决定是否查合成证据。,以极性/带电特征为主，不宜默认用于提高被动渗透性,https://www.rcsb.org/ligand/POK
已在短肽序列中观察到,POM,CIS-5-METHYL-4-OXOPROLINE,priority,构象限制,C6 H9 N O3,143.141,,short-polymer,1,1,1A7Z,该CCD进入过不超过50残基的PDB聚合物序列，支持其作为肽残基使用，但尚未逐条确认独立单体来源。,查原始论文，确认是预制单体偶联还是翻译后/结构内修饰。,,https://www.rcsb.org/ligand/POM
条件结构候选,PPN,PARA-NITROPHENYLALANINE,conditional,芳香／疏水侧链,C9 H10 N2 O4,210.187,,not-audited,,,,结构可能是独立非天然氨基酸，但用途或单体可获得性仍依赖人工核实。,先核对主链连接几何和独立单体身份，再决定是否查合成证据。,,https://www.rcsb.org/ligand/PPN
条件结构候选,PQ4,(2Z)-2-amino-3-(4-hydroxyphenyl)prop-2-enoic acid,conditional,芳香／疏水侧链,C9 H9 N O3,179.173,,not-audited,,,,结构可能是独立非天然氨基酸，但用途或单体可获得性仍依赖人工核实。,先核对主链连接几何和独立单体身份，再决定是否查合成证据。,CCD仅标为通用peptide linking，需确认真实主链连接几何；CCD未指定标准氨基酸母体，需确认它是独立残基而非氨基酸样片段,https://www.rcsb.org/ligand/PQ4
已在短肽序列中观察到,PQG,cis-1-amino-4-phenylcyclohexane-1-carboxylic acid,priority,构象限制,C13 H17 N O2,219.28,,short-polymer,2,2,6U2F / 6U3I,该CCD进入过不超过50残基的PDB聚合物序列，支持其作为肽残基使用，但尚未逐条确认独立单体来源。,查原始论文，确认是预制单体偶联还是翻译后/结构内修饰。,CCD仅标为通用peptide linking，需确认真实主链连接几何；CCD未指定标准氨基酸母体，需确认它是独立残基而非氨基酸样片段,https://www.rcsb.org/ligand/PQG
排除,PR3,"S,S-PROPYLTHIOCYSTEINE",exclude,其他CCD肽链核心,C6 H13 N O S2,179.304,,not-audited,,,,自动规则识别为整分子、辅因子、金属复合物、完整肽、保护体或缺少常规偶联羧基。,不计入非天然氨基酸单体数量。,,https://www.rcsb.org/ligand/PR3
条件结构候选,PR4,1-[(2R)-2-carboxy-2-hydroxyethyl]-L-proline,conditional,构象限制,C8 H13 N O5,203.193,,not-audited,,,,结构可能是独立非天然氨基酸，但用途或单体可获得性仍依赖人工核实。,先核对主链连接几何和独立单体身份，再决定是否查合成证据。,,https://www.rcsb.org/ligand/PR4
条件结构候选,PR7,1-[(2S)-2-carboxy-2-hydroxyethyl]-L-proline,conditional,构象限制,C8 H13 N O5,203.193,,not-audited,,,,结构可能是独立非天然氨基酸，但用途或单体可获得性仍依赖人工核实。,先核对主链连接几何和独立单体身份，再决定是否查合成证据。,,https://www.rcsb.org/ligand/PR7
排除,PR9,D-PROLINAMIDE,exclude,D-构型,C5 H10 N2 O,114.146,,not-audited,,,,自动规则识别为整分子、辅因子、金属复合物、完整肽、保护体或缺少常规偶联羧基。,不计入非天然氨基酸单体数量。,,https://www.rcsb.org/ligand/PR9
条件结构候选,PRJ,"(2S,3aS,6R,7aS)-6-hydroxyoctahydro-1H-indole-2-carboxylic acid",conditional,极性／带电侧链,C9 H15 N O3,185.22,,not-audited,,,,结构可能是独立非天然氨基酸，但用途或单体可获得性仍依赖人工核实。,先核对主链连接几何和独立单体身份，再决定是否查合成证据。,以极性/带电特征为主，不宜默认用于提高被动渗透性,https://www.rcsb.org/ligand/PRJ
条件结构候选,PRK,N~6~-propanoyl-L-lysine,conditional,极性／带电侧链,C9 H18 N2 O3,202.251,,not-audited,,,,结构可能是独立非天然氨基酸，但用途或单体可获得性仍依赖人工核实。,先核对主链连接几何和独立单体身份，再决定是否查合成证据。,以极性/带电特征为主，不宜默认用于提高被动渗透性,https://www.rcsb.org/ligand/PRK
条件结构候选,PRQ,(3S)-3-amino-3-(2-nitrophenyl)propanoic acid,conditional,芳香／疏水侧链,C9 H10 N2 O4,210.187,,not-audited,,,,结构可能是独立非天然氨基酸，但用途或单体可获得性仍依赖人工核实。,先核对主链连接几何和独立单体身份，再决定是否查合成证据。,CCD未指定标准氨基酸母体，需确认它是独立残基而非氨基酸样片段,https://www.rcsb.org/ligand/PRQ
条件结构候选,PRR,3-(METHYL-PYRIDINIUM)ALANINE,conditional,芳香／疏水侧链,C9 H13 N2 O2,181.212,,not-audited,,,,结构可能是独立非天然氨基酸，但用途或单体可获得性仍依赖人工核实。,先核对主链连接几何和独立单体身份，再决定是否查合成证据。,CCD未指定标准氨基酸母体，需确认它是独立残基而非氨基酸样片段,https://www.rcsb.org/ligand/PRR
已在短肽序列中观察到,PRS,THIOPROLINE,priority,构象限制,C4 H7 N O2 S,133.169,,short-polymer,5,4,2WW7 / 5UU2 / 5UU4 / 8ZEB,该CCD进入过不超过50残基的PDB聚合物序列，支持其作为肽残基使用，但尚未逐条确认独立单体来源。,查原始论文，确认是预制单体偶联还是翻译后/结构内修饰。,,https://www.rcsb.org/ligand/PRS
条件结构候选,PRV,(2R)-amino(2-nitrophenyl)ethanoic acid,conditional,芳香／疏水侧链,C8 H8 N2 O4,196.16,,not-audited,,,,结构可能是独立非天然氨基酸，但用途或单体可获得性仍依赖人工核实。,先核对主链连接几何和独立单体身份，再决定是否查合成证据。,,https://www.rcsb.org/ligand/PRV
仅结构参考,PSH,1-thiophosphono-L-histidine,reference,芳香／疏水侧链,C6 H10 N3 O4 P S,251.2,,not-audited,,,,复杂度、反应性、极性、端基或保护状态存在明显疑问，不进入默认单体库。,除非有明确研究用途，否则不优先审核。,分子量超过250 Da，需关注偶联效率、溶解度和总环肽体积；含磷酸/膦酸相关结构，通常不利于被动跨膜，除非有专门遮蔽设计,https://www.rcsb.org/ligand/PSH
条件结构候选,PSW,3-(SULFANYLSELANYL)-L-ALANINE,conditional,其他CCD肽链核心,C3 H7 N O2 S Se,200.118,,not-audited,,,,结构可能是独立非天然氨基酸，但用途或单体可获得性仍依赖人工核实。,先核对主链连接几何和独立单体身份，再决定是否查合成证据。,,https://www.rcsb.org/ligand/PSW
仅结构参考,PTH,CE1-METHYLENE-HYDROXY-PHOSPHOTYROSINE,reference,芳香／疏水侧链,C10 H14 N O7 P,291.194,,not-audited,,,,复杂度、反应性、极性、端基或保护状态存在明显疑问，不进入默认单体库。,除非有明确研究用途，否则不优先审核。,分子量超过250 Da，需关注偶联效率、溶解度和总环肽体积；杂原子较多，可能增加暴露极性和去溶剂化代价；含磷酸/膦酸相关结构，通常不利于被动跨膜，除非有专门遮蔽设计,https://www.rcsb.org/ligand/PTH
仅结构参考,PTM,ALPHA-METHYL-O-PHOSPHOTYROSINE,reference,α位取代,C10 H14 N O6 P,275.195,,not-audited,,,,复杂度、反应性、极性、端基或保护状态存在明显疑问，不进入默认单体库。,除非有明确研究用途，否则不优先审核。,分子量超过250 Da，需关注偶联效率、溶解度和总环肽体积；含磷酸/膦酸相关结构，通常不利于被动跨膜，除非有专门遮蔽设计,https://www.rcsb.org/ligand/PTM
仅结构参考,PTR,O-PHOSPHOTYROSINE,reference,芳香／疏水侧链,C9 H12 N O6 P,261.168,,not-audited,,,,复杂度、反应性、极性、端基或保护状态存在明显疑问，不进入默认单体库。,除非有明确研究用途，否则不优先审核。,分子量超过250 Da，需关注偶联效率、溶解度和总环肽体积；含磷酸/膦酸相关结构，通常不利于被动跨膜，除非有专门遮蔽设计,https://www.rcsb.org/ligand/PTR
排除,PVH,HISTIDINE-METHYL-ESTER,exclude,芳香／疏水侧链,C7 H12 N3 O2,170.189,,not-audited,,,,自动规则识别为整分子、辅因子、金属复合物、完整肽、保护体或缺少常规偶联羧基。,不计入非天然氨基酸单体数量。,,https://www.rcsb.org/ligand/PVH
条件结构候选,PVO,"2,2-bis(oxidanyl)propanoic acid",conditional,极性／带电侧链,C3 H6 O4,106.077,,not-audited,,,,结构可能是独立非天然氨基酸，但用途或单体可获得性仍依赖人工核实。,先核对主链连接几何和独立单体身份，再决定是否查合成证据。,CCD未指定标准氨基酸母体，需确认它是独立残基而非氨基酸样片段；以极性/带电特征为主，不宜默认用于提高被动渗透性,https://www.rcsb.org/ligand/PVO
仅在较长聚合物中观察到,PXU,2-hydroxy-L-proline,priority,构象限制,C5 H9 N O3,131.13,,polymer-only,6,0,4HD5 / 4L1G / 4V33 / 4X9U / 5JP6,该CCD进入过PDB聚合物序列，但目前没有短肽命中，不能直接推断适合常规肽合成。,核对残基形成方式及是否存在独立保护单体。,,https://www.rcsb.org/ligand/PXU
条件结构候选,PYA,"3-(1,10-PHENANTHROL-2-YL)-L-ALANINE",conditional,芳香／疏水侧链,C15 H13 N3 O2,267.283,,not-audited,,,,结构可能是独立非天然氨基酸，但用途或单体可获得性仍依赖人工核实。,先核对主链连接几何和独立单体身份，再决定是否查合成证据。,分子量超过250 Da，需关注偶联效率、溶解度和总环肽体积,https://www.rcsb.org/ligand/PYA
仅结构参考,PYX,S-[S-THIOPYRIDOXAMINYL]CYSTEINE,reference,芳香／疏水侧链,C11 H17 N3 O3 S2,303.401,,not-audited,,,,复杂度、反应性、极性、端基或保护状态存在明显疑问，不进入默认单体库。,除非有明确研究用途，否则不优先审核。,分子量超过300 Da，单体复杂度和环肽总分子量负担较高,https://www.rcsb.org/ligand/PYX
仅结构参考,Q2E,(2~{S})-2-azanyl-3-(2-methylsulfanyl-1~{H}-indol-3-yl)propanal,reference,芳香／疏水侧链,C12 H14 N2 O2 S,250.317,,not-audited,,,,复杂度、反应性、极性、端基或保护状态存在明显疑问，不进入默认单体库。,除非有明确研究用途，否则不优先审核。,分子量超过250 Da，需关注偶联效率、溶解度和总环肽体积；名称提示反应性官能团或中间体，需要确认能否承受偶联和脱保护条件,https://www.rcsb.org/ligand/Q2E
条件结构候选,Q2K,"2-[2-(3-methylsulfanylpropanimidoyl)-4,5-bis(oxidanylidene)imidazol-1-yl]ethanoic acid",conditional,极性／带电侧链,C9 H11 N3 O4 S,257.266,,not-audited,,,,结构可能是独立非天然氨基酸，但用途或单体可获得性仍依赖人工核实。,先核对主链连接几何和独立单体身份，再决定是否查合成证据。,分子量超过250 Da，需关注偶联效率、溶解度和总环肽体积；以极性/带电特征为主，不宜默认用于提高被动渗透性,https://www.rcsb.org/ligand/Q2K
条件结构候选,Q3P,N~6~-glycyl-L-lysine,conditional,极性／带电侧链,C8 H17 N3 O3,203.239,,not-audited,,,,结构可能是独立非天然氨基酸，但用途或单体可获得性仍依赖人工核实。,先核对主链连接几何和独立单体身份，再决定是否查合成证据。,以极性/带电特征为主，不宜默认用于提高被动渗透性,https://www.rcsb.org/ligand/Q3P
条件结构候选,Q3S,"(2R,3S)-2,3-diaminobutanoic acid",conditional,极性／带电侧链,C4 H10 N2 O2,118.134,,not-audited,,,,结构可能是独立非天然氨基酸，但用途或单体可获得性仍依赖人工核实。,先核对主链连接几何和独立单体身份，再决定是否查合成证据。,CCD未指定标准氨基酸母体，需确认它是独立残基而非氨基酸样片段；以极性/带电特征为主，不宜默认用于提高被动渗透性,https://www.rcsb.org/ligand/Q3S
条件结构候选,Q75,Thiazole-histidine,conditional,芳香／疏水侧链,C6 H8 N2 O2 S,172.205,,not-audited,,,,结构可能是独立非天然氨基酸，但用途或单体可获得性仍依赖人工核实。,先核对主链连接几何和独立单体身份，再决定是否查合成证据。,,https://www.rcsb.org/ligand/Q75
条件结构候选,Q78,L-3-Thienylalanine,conditional,芳香／疏水侧链,C7 H9 N O2 S,171.217,,not-audited,,,,结构可能是独立非天然氨基酸，但用途或单体可获得性仍依赖人工核实。,先核对主链连接几何和独立单体身份，再决定是否查合成证据。,CCD未指定标准氨基酸母体，需确认它是独立残基而非氨基酸样片段,https://www.rcsb.org/ligand/Q78
仅结构参考,Q8X,(2~{R})-2-azanyl-3-[(6-pyridin-2-ylpyridin-3-yl)methylsulfanyl]propanal,reference,芳香／疏水侧链,C14 H15 N3 O2 S,289.353,,not-audited,,,,复杂度、反应性、极性、端基或保护状态存在明显疑问，不进入默认单体库。,除非有明确研究用途，否则不优先审核。,分子量超过250 Da，需关注偶联效率、溶解度和总环肽体积；名称提示反应性官能团或中间体，需要确认能否承受偶联和脱保护条件,https://www.rcsb.org/ligand/Q8X
条件结构候选,QAC,N-[4-(hydroxymethyl)benzoyl]-beta-alanine,conditional,芳香／疏水侧链,C11 H13 N O4,223.225,,not-audited,,,,结构可能是独立非天然氨基酸，但用途或单体可获得性仍依赖人工核实。,先核对主链连接几何和独立单体身份，再决定是否查合成证据。,CCD未指定标准氨基酸母体，需确认它是独立残基而非氨基酸样片段,https://www.rcsb.org/ligand/QAC
排除,QC4,"{(4Z)-2-[(1R,2R)-1-amino-2-hydroxypropyl]-5-oxo-4-[(2,3,5-trifluoro-4-hydroxyphenyl)methylidene]-4,5-dihydro-1H-imidazol-1-yl}acetic acid",exclude,卤代／电子调节,C15 H14 F3 N3 O5,373.284,,not-audited,,,,自动规则识别为整分子、辅因子、金属复合物、完整肽、保护体或缺少常规偶联羧基。,不计入非天然氨基酸单体数量。,,https://www.rcsb.org/ligand/QC4
排除,QCA,"{(4Z)-2-[(1R,2R)-1-amino-2-hydroxypropyl]-4-[(4-hydroxy-3-nitrophenyl)methylidene]-5-oxo-4,5-dihydro-1H-imidazol-1-yl}acetic acid",exclude,芳香／疏水侧链,C15 H16 N4 O7,364.31,,not-audited,,,,自动规则识别为整分子、辅因子、金属复合物、完整肽、保护体或缺少常规偶联羧基。,不计入非天然氨基酸单体数量。,,https://www.rcsb.org/ligand/QCA
排除,QCD,"{(4Z)-2-[(1R,2R)-1-amino-2-hydroxypropyl]-4-[(4-hydroxy-3-methoxyphenyl)methylidene]-5-oxo-4,5-dihydro-1H-imidazol-1-yl }acetic acid",exclude,芳香／疏水侧链,C16 H19 N3 O6,349.339,,not-audited,,,,自动规则识别为整分子、辅因子、金属复合物、完整肽、保护体或缺少常规偶联羧基。,不计入非天然氨基酸单体数量。,,https://www.rcsb.org/ligand/QCD
排除,QCI,L-2-Aminoglutarimide,exclude,构象限制,C5 H8 N2 O2,128.129,,not-audited,,,,自动规则识别为整分子、辅因子、金属复合物、完整肽、保护体或缺少常规偶联羧基。,不计入非天然氨基酸单体数量。,,https://www.rcsb.org/ligand/QCI
条件结构候选,QCS,S-carbamoyl-L-cysteine,conditional,极性／带电侧链,C4 H8 N2 O3 S,164.183,,not-audited,,,,结构可能是独立非天然氨基酸，但用途或单体可获得性仍依赖人工核实。,先核对主链连接几何和独立单体身份，再决定是否查合成证据。,以极性/带电特征为主，不宜默认用于提高被动渗透性,https://www.rcsb.org/ligand/QCS
条件结构候选,QDD,2-(8-azanyl-2-methanoyl-quinolin-4-yl)ethanoic acid,conditional,芳香／疏水侧链,C12 H10 N2 O4,246.219,,not-audited,,,,结构可能是独立非天然氨基酸，但用途或单体可获得性仍依赖人工核实。,先核对主链连接几何和独立单体身份，再决定是否查合成证据。,CCD未指定标准氨基酸母体，需确认它是独立残基而非氨基酸样片段,https://www.rcsb.org/ligand/QDD
条件结构候选,QDS,N-(quinoxalin-2-ylcarbonyl)-D-serine,conditional,D-构型,C12 H11 N3 O4,261.233,,not-audited,,,,结构可能是独立非天然氨基酸，但用途或单体可获得性仍依赖人工核实。,先核对主链连接几何和独立单体身份，再决定是否查合成证据。,分子量超过250 Da，需关注偶联效率、溶解度和总环肽体积,https://www.rcsb.org/ligand/QDS
仅结构参考,QFG,"{(4E)-2-[(1E)-4-amino-4-oxobutanimidoyl]-4-benzylidene-5-oxo-4,5-dihydro-1H-imidazol-1-yl}acetic acid",reference,芳香／疏水侧链,C16 H16 N4 O4,328.323,,not-audited,,,,复杂度、反应性、极性、端基或保护状态存在明显疑问，不进入默认单体库。,除非有明确研究用途，否则不优先审核。,分子量超过300 Da，单体复杂度和环肽总分子量负担较高,https://www.rcsb.org/ligand/QFG
排除,QIL,N-formyl-L-isoleucine,exclude,极性／带电侧链,C7 H13 N O3,159.183,,not-audited,,,,自动规则识别为整分子、辅因子、金属复合物、完整肽、保护体或缺少常规偶联羧基。,不计入非天然氨基酸单体数量。,,https://www.rcsb.org/ligand/QIL
排除,QIP,2-[(2~{S})-2-(3-methylsulfanylpropanimidoyl)-2-oxidanyl-4-oxidanylidene-imidazolidin-1-yl]-2-oxidanylidene-ethanamide,exclude,极性／带电侧链,C9 H14 N4 O4 S,274.297,,not-audited,,,,自动规则识别为整分子、辅因子、金属复合物、完整肽、保护体或缺少常规偶联羧基。,不计入非天然氨基酸单体数量。,,https://www.rcsb.org/ligand/QIP
条件结构候选,QLG,"[(4Z)-2-[(1Z)-4-AMINO-4-OXOBUTANIMIDOYL]-4-(2-METHYLPROPYLIDENE)-5-OXO-4,5-DIHYDRO-1H-IMIDAZOL-1-YL]ACETIC ACID",conditional,极性／带电侧链,C13 H18 N4 O4,294.306,,not-audited,,,,结构可能是独立非天然氨基酸，但用途或单体可获得性仍依赖人工核实。,先核对主链连接几何和独立单体身份，再决定是否查合成证据。,分子量超过250 Da，需关注偶联效率、溶解度和总环肽体积；以极性/带电特征为主，不宜默认用于提高被动渗透性,https://www.rcsb.org/ligand/QLG
条件结构候选,QM8,6-Sulfanyl-L-norleucine,conditional,其他CCD肽链核心,C6 H13 N O2 S,163.238,,not-audited,,,,结构可能是独立非天然氨基酸，但用途或单体可获得性仍依赖人工核实。,先核对主链连接几何和独立单体身份，再决定是否查合成证据。,,https://www.rcsb.org/ligand/QM8
条件结构候选,QMB,5-Mercapto-norvaline,conditional,其他CCD肽链核心,C5 H11 N O2 S,149.211,,not-audited,,,,结构可能是独立非天然氨基酸，但用途或单体可获得性仍依赖人工核实。,先核对主链连接几何和独立单体身份，再决定是否查合成证据。,,https://www.rcsb.org/ligand/QMB
条件结构候选,QMM,"N,N-dimethyl-L-glutamine",conditional,极性／带电侧链,C7 H14 N2 O3,174.198,,not-audited,,,,结构可能是独立非天然氨基酸，但用途或单体可获得性仍依赖人工核实。,先核对主链连接几何和独立单体身份，再决定是否查合成证据。,以极性/带电特征为主，不宜默认用于提高被动渗透性,https://www.rcsb.org/ligand/QMM
条件结构候选,QNQ,4-methylcatechol cysteine,conditional,芳香／疏水侧链,C10 H13 N O4 S,243.28,,not-audited,,,,结构可能是独立非天然氨基酸，但用途或单体可获得性仍依赖人工核实。,先核对主链连接几何和独立单体身份，再决定是否查合成证据。,,https://www.rcsb.org/ligand/QNQ
条件结构候选,QNT,"3,6-dimethylcatechol cysteine",conditional,芳香／疏水侧链,C11 H15 N O4 S,257.306,,not-audited,,,,结构可能是独立非天然氨基酸，但用途或单体可获得性仍依赖人工核实。,先核对主链连接几何和独立单体身份，再决定是否查合成证据。,分子量超过250 Da，需关注偶联效率、溶解度和总环肽体积,https://www.rcsb.org/ligand/QNT
条件结构候选,QNW,3-methylcatechol cysteine,conditional,芳香／疏水侧链,C10 H13 N O4 S,243.28,,not-audited,,,,结构可能是独立非天然氨基酸，但用途或单体可获得性仍依赖人工核实。,先核对主链连接几何和独立单体身份，再决定是否查合成证据。,,https://www.rcsb.org/ligand/QNW
仅结构参考,QNY,"O-[(3S)-3-amino-3-carboxy-1,1-dihydroxypropyl]-L-threonine",reference,极性／带电侧链,C8 H16 N2 O7,252.222,,not-audited,,,,复杂度、反应性、极性、端基或保护状态存在明显疑问，不进入默认单体库。,除非有明确研究用途，否则不优先审核。,分子量超过250 Da，需关注偶联效率、溶解度和总环肽体积；杂原子较多，可能增加暴露极性和去溶剂化代价；以极性/带电特征为主，不宜默认用于提高被动渗透性,https://www.rcsb.org/ligand/QNY
条件结构候选,QO2,"4,5-dimethylcatechol cysteine",conditional,芳香／疏水侧链,C11 H15 N O4 S,257.306,,not-audited,,,,结构可能是独立非天然氨基酸，但用途或单体可获得性仍依赖人工核实。,先核对主链连接几何和独立单体身份，再决定是否查合成证据。,分子量超过250 Da，需关注偶联效率、溶解度和总环肽体积,https://www.rcsb.org/ligand/QO2
条件结构候选,QO5,"3,5-dimethylcatechol cysteine",conditional,芳香／疏水侧链,C11 H15 N O4 S,257.306,,not-audited,,,,结构可能是独立非天然氨基酸，但用途或单体可获得性仍依赖人工核实。,先核对主链连接几何和独立单体身份，再决定是否查合成证据。,分子量超过250 Da，需关注偶联效率、溶解度和总环肽体积,https://www.rcsb.org/ligand/QO5
排除,QO8,"3,4-dimethylcatechol cysteine",exclude,芳香／疏水侧链,C11 H17 N O4 S,259.322,,not-audited,,,,自动规则识别为整分子、辅因子、金属复合物、完整肽、保护体或缺少常规偶联羧基。,不计入非天然氨基酸单体数量。,,https://www.rcsb.org/ligand/QO8
条件结构候选,QOL,8-azanyl-4-[2-(hydroxymethyl)-3-oxidanyl-propoxy]quinoline-2-carbaldehyde,conditional,芳香／疏水侧链,C14 H16 N2 O5,292.287,,not-audited,,,,结构可能是独立非天然氨基酸，但用途或单体可获得性仍依赖人工核实。,先核对主链连接几何和独立单体身份，再决定是否查合成证据。,分子量超过250 Da，需关注偶联效率、溶解度和总环肽体积；CCD未指定标准氨基酸母体，需确认它是独立残基而非氨基酸样片段,https://www.rcsb.org/ligand/QOL
仅结构参考,QPA,S-[(1S)-1-carboxy-1-(phosphonooxy)ethyl]-L-cysteine,reference,极性／带电侧链,C6 H12 N O8 P S,289.2,,not-audited,,,,复杂度、反应性、极性、端基或保护状态存在明显疑问，不进入默认单体库。,除非有明确研究用途，否则不优先审核。,分子量超过250 Da，需关注偶联效率、溶解度和总环肽体积；杂原子较多，可能增加暴露极性和去溶剂化代价；含磷酸/膦酸相关结构，通常不利于被动跨膜，除非有专门遮蔽设计；以极性/带电特征为主，不宜默认用于提高被动渗透性,https://www.rcsb.org/ligand/QPA
排除,QPH,N-formyl-L-phenylalanine,exclude,芳香／疏水侧链,C10 H11 N O3,193.199,,not-audited,,,,自动规则识别为整分子、辅因子、金属复合物、完整肽、保护体或缺少常规偶联羧基。,不计入非天然氨基酸单体数量。,,https://www.rcsb.org/ligand/QPH
条件结构候选,QQ8,(4~{S})-4-azanyl-5-formamido-pentanamide,conditional,极性／带电侧链,C6 H13 N3 O3,175.186,,not-audited,,,,结构可能是独立非天然氨基酸，但用途或单体可获得性仍依赖人工核实。,先核对主链连接几何和独立单体身份，再决定是否查合成证据。,以极性/带电特征为主，不宜默认用于提高被动渗透性,https://www.rcsb.org/ligand/QQ8
条件结构候选,QQB,~{N}-[(2~{S})-2-azanyl-3-naphthalen-1-yl-propyl]methanamide,conditional,芳香／疏水侧链,C14 H16 N2 O2,244.289,,not-audited,,,,结构可能是独立非天然氨基酸，但用途或单体可获得性仍依赖人工核实。,先核对主链连接几何和独立单体身份，再决定是否查合成证据。,CCD未指定标准氨基酸母体，需确认它是独立残基而非氨基酸样片段,https://www.rcsb.org/ligand/QQB
条件结构候选,QUJ,8-azanyl-4-(2-methylpropoxy)quinoline-2-carboxylic acid,conditional,芳香／疏水侧链,C14 H16 N2 O3,260.288,,not-audited,,,,结构可能是独立非天然氨基酸，但用途或单体可获得性仍依赖人工核实。,先核对主链连接几何和独立单体身份，再决定是否查合成证据。,分子量超过250 Da，需关注偶联效率、溶解度和总环肽体积；CCD未指定标准氨基酸母体，需确认它是独立残基而非氨基酸样片段,https://www.rcsb.org/ligand/QUJ
条件结构候选,QUK,8-azanyl-4-(3-azanylpropoxy)quinoline-2-carboxylic acid,conditional,芳香／疏水侧链,C13 H15 N3 O3,261.276,,not-audited,,,,结构可能是独立非天然氨基酸，但用途或单体可获得性仍依赖人工核实。,先核对主链连接几何和独立单体身份，再决定是否查合成证据。,分子量超过250 Da，需关注偶联效率、溶解度和总环肽体积；CCD未指定标准氨基酸母体，需确认它是独立残基而非氨基酸样片段,https://www.rcsb.org/ligand/QUK
仅结构参考,QVA,"(2S,3R)-2-{[(2R)-2-amino-2-carboxyethyl]sulfanyl}-3-hydroxybutanedioic acid",reference,极性／带电侧链,C7 H11 N O7 S,253.23,,not-audited,,,,复杂度、反应性、极性、端基或保护状态存在明显疑问，不进入默认单体库。,除非有明确研究用途，否则不优先审核。,分子量超过250 Da，需关注偶联效率、溶解度和总环肽体积；杂原子较多，可能增加暴露极性和去溶剂化代价；以极性/带电特征为主，不宜默认用于提高被动渗透性,https://www.rcsb.org/ligand/QVA
条件结构候选,QVE,8-azanyl-4-(2-hydroxy-2-oxoethyloxy)quinoline-2-carboxylic acid,conditional,芳香／疏水侧链,C12 H10 N2 O5,262.218,,not-audited,,,,结构可能是独立非天然氨基酸，但用途或单体可获得性仍依赖人工核实。,先核对主链连接几何和独立单体身份，再决定是否查合成证据。,分子量超过250 Da，需关注偶联效率、溶解度和总环肽体积；CCD未指定标准氨基酸母体，需确认它是独立残基而非氨基酸样片段,https://www.rcsb.org/ligand/QVE
条件结构候选,QVS,8-azanyl-4-oxidanyl-quinoline-2-carboxylic acid,conditional,芳香／疏水侧链,C10 H8 N2 O3,204.182,,not-audited,,,,结构可能是独立非天然氨基酸，但用途或单体可获得性仍依赖人工核实。,先核对主链连接几何和独立单体身份，再决定是否查合成证据。,CCD未指定标准氨基酸母体，需确认它是独立残基而非氨基酸样片段,https://www.rcsb.org/ligand/QVS
排除,QX7,N-acetyl-3-{[5-(fluorosulfonyl)-2-methylbenzene-1-carbonyl]amino}-L-alanine,exclude,卤代／电子调节,C13 H15 F N2 O6 S,346.331,,not-audited,,,,自动规则识别为整分子、辅因子、金属复合物、完整肽、保护体或缺少常规偶联羧基。,不计入非天然氨基酸单体数量。,,https://www.rcsb.org/ligand/QX7
排除,QXV,D-methioninamide,exclude,D-构型,C5 H12 N2 O S,148.227,,not-audited,,,,自动规则识别为整分子、辅因子、金属复合物、完整肽、保护体或缺少常规偶联羧基。,不计入非天然氨基酸单体数量。,,https://www.rcsb.org/ligand/QXV
仅结构参考,QYG,"{(4E)-2-[(1S)-1,4-diamino-4-oxobutyl]-4-[(4-hydroxyphenyl)methylidene]-5-oxo-4,5-dihydro-1H-imidazol-1-yl}acetic acid",reference,芳香／疏水侧链,C16 H18 N4 O5,346.338,,not-audited,,,,复杂度、反应性、极性、端基或保护状态存在明显疑问，不进入默认单体库。,除非有明确研究用途，否则不优先审核。,分子量超过300 Da，单体复杂度和环肽总分子量负担较高,https://www.rcsb.org/ligand/QYG
仅结构参考,QYX,2-[4-[(4-hydroxyphenyl)methyl]-2-(3-methylsulfanylpropanimidoyl)-5-oxidanylidene-imidazol-1-ium-1-yl]ethanoic acid,reference,芳香／疏水侧链,C16 H18 N3 O4 S,348.397,,not-audited,,,,复杂度、反应性、极性、端基或保护状态存在明显疑问，不进入默认单体库。,除非有明确研究用途，否则不优先审核。,分子量超过300 Da，单体复杂度和环肽总分子量负担较高,https://www.rcsb.org/ligand/QYX
条件结构候选,R0E,ProM-17,conditional,极性／带电侧链,C14 H22 N2 O3,266.336,,not-audited,,,,结构可能是独立非天然氨基酸，但用途或单体可获得性仍依赖人工核实。,先核对主链连接几何和独立单体身份，再决定是否查合成证据。,分子量超过250 Da，需关注偶联效率、溶解度和总环肽体积；CCD未指定标准氨基酸母体，需确认它是独立残基而非氨基酸样片段；以极性/带电特征为主，不宜默认用于提高被动渗透性,https://www.rcsb.org/ligand/R0E
仅结构参考,R0K,(2~{S})-2-[[(4~{S})-4-azanyl-5-oxidanyl-5-oxidanylidene-pentanoyl]amino]hexanedioic acid,reference,极性／带电侧链,C11 H18 N2 O7,290.27,,not-audited,,,,复杂度、反应性、极性、端基或保护状态存在明显疑问，不进入默认单体库。,除非有明确研究用途，否则不优先审核。,分子量超过250 Da，需关注偶联效率、溶解度和总环肽体积；杂原子较多，可能增加暴露极性和去溶剂化代价；以极性/带电特征为主，不宜默认用于提高被动渗透性,https://www.rcsb.org/ligand/R0K
仅结构参考,R1A,"3-{[(2,2,5,5-TETRAMETHYL-1-OXO-2,5-DIHYDRO-1H-PYRROLIUM-3-YL)METHYL]DISULFANYL}-D-ALANINE",reference,极性／带电侧链,C12 H21 N2 O3 S2,305.437,,not-audited,,,,复杂度、反应性、极性、端基或保护状态存在明显疑问，不进入默认单体库。,除非有明确研究用途，否则不优先审核。,分子量超过300 Da，单体复杂度和环肽总分子量负担较高；以极性/带电特征为主，不宜默认用于提高被动渗透性,https://www.rcsb.org/ligand/R1A
优先结构候选，暂无使用命中,R2P,"(2R)-2-amino-3-(4-hydroxy-1,2,5-thiadiazol-3-yl)propanoic acid",priority,D-构型,C5 H7 N3 O3 S,189.192,,no-polymer-hit,0,0,,结构符合优先研发方向，但当前PDB聚合物审计没有命中。,查询供应商、合成论文、专利和SPPS/LPPS使用记录。,CCD未指定标准氨基酸母体，需确认它是独立残基而非氨基酸样片段,https://www.rcsb.org/ligand/R2P
条件结构候选,R2T,"beta,gamma-dihydroxyglutamine",conditional,极性／带电侧链,C5 H10 N2 O5,178.143,,not-audited,,,,结构可能是独立非天然氨基酸，但用途或单体可获得性仍依赖人工核实。,先核对主链连接几何和独立单体身份，再决定是否查合成证据。,CCD未指定标准氨基酸母体，需确认它是独立残基而非氨基酸样片段；以极性/带电特征为主，不宜默认用于提高被动渗透性,https://www.rcsb.org/ligand/R2T
条件结构候选,R4K,"(2S,3R)-2-azanyl-3-hydroxy-3-[(3S)-3-hydroxy-2-oxo-1H-indol-3-yl]propanoic acid",conditional,芳香／疏水侧链,C11 H12 N2 O5,252.223,,not-audited,,,,结构可能是独立非天然氨基酸，但用途或单体可获得性仍依赖人工核实。,先核对主链连接几何和独立单体身份，再决定是否查合成证据。,分子量超过250 Da，需关注偶联效率、溶解度和总环肽体积,https://www.rcsb.org/ligand/R4K
已在短肽序列中观察到,R6E,(2~{R})-2-azanyl-2-ethyl-octanoic acid,priority,D-构型,C10 H21 N O2,187.279,,short-polymer,1,1,6RLZ,该CCD进入过不超过50残基的PDB聚合物序列，支持其作为肽残基使用，但尚未逐条确认独立单体来源。,查原始论文，确认是预制单体偶联还是翻译后/结构内修饰。,CCD未指定标准氨基酸母体，需确认它是独立残基而非氨基酸样片段,https://www.rcsb.org/ligand/R6E
条件结构候选,RE0,"3-[(3R)-3-hydroxy-2-oxo-2,3-dihydro-1H-indol-3-yl]-L-alanine",conditional,芳香／疏水侧链,C11 H12 N2 O4,236.224,,not-audited,,,,结构可能是独立非天然氨基酸，但用途或单体可获得性仍依赖人工核实。,先核对主链连接几何和独立单体身份，再决定是否查合成证据。,,https://www.rcsb.org/ligand/RE0
条件结构候选,RE3,"3-[(3S)-3-hydroxy-2-oxo-2,3-dihydro-1H-indol-3-yl]-L-alanine",conditional,芳香／疏水侧链,C11 H12 N2 O4,236.224,,not-audited,,,,结构可能是独立非天然氨基酸，但用途或单体可获得性仍依赖人工核实。,先核对主链连接几何和独立单体身份，再决定是否查合成证据。,,https://www.rcsb.org/ligand/RE3
条件结构候选,RF9,N~6~-[(1R)-1-carboxyethyl]-L-lysine,conditional,极性／带电侧链,C9 H18 N2 O4,218.25,,not-audited,,,,结构可能是独立非天然氨基酸，但用途或单体可获得性仍依赖人工核实。,先核对主链连接几何和独立单体身份，再决定是否查合成证据。,CCD未指定标准氨基酸母体，需确认它是独立残基而非氨基酸样片段；以极性/带电特征为主，不宜默认用于提高被动渗透性,https://www.rcsb.org/ligand/RF9
排除,RGL,ARGINAL,exclude,极性／带电侧链,C6 H15 N4 O,159.209,,not-audited,,,,自动规则识别为整分子、辅因子、金属复合物、完整肽、保护体或缺少常规偶联羧基。,不计入非天然氨基酸单体数量。,,https://www.rcsb.org/ligand/RGL
仅结构参考,RGP,GAMMA-GLUTAMYL PHOSPHATE,reference,极性／带电侧链,C5 H10 N O7 P,227.109,,not-audited,,,,复杂度、反应性、极性、端基或保护状态存在明显疑问，不进入默认单体库。,除非有明确研究用途，否则不优先审核。,杂原子较多，可能增加暴露极性和去溶剂化代价；含磷酸/膦酸相关结构，通常不利于被动跨膜，除非有专门遮蔽设计；以极性/带电特征为主，不宜默认用于提高被动渗透性,https://www.rcsb.org/ligand/RGP
仅结构参考,RPI,phospho-arginine,reference,极性／带电侧链,C6 H15 N4 O5 P,254.181,,not-audited,,,,复杂度、反应性、极性、端基或保护状态存在明显疑问，不进入默认单体库。,除非有明确研究用途，否则不优先审核。,分子量超过250 Da，需关注偶联效率、溶解度和总环肽体积；含磷酸/膦酸相关结构，通常不利于被动跨膜，除非有专门遮蔽设计；以极性/带电特征为主，不宜默认用于提高被动渗透性,https://www.rcsb.org/ligand/RPI
条件结构候选,RT0,"(2S,4S)-4-[4-(4-fluorophenyl)-1,2,3-triazol-1-yl]pyrrolidine-2-carboxylic acid",conditional,卤代／电子调节,C13 H13 F N4 O2,276.266,,not-audited,,,,结构可能是独立非天然氨基酸，但用途或单体可获得性仍依赖人工核实。,先核对主链连接几何和独立单体身份，再决定是否查合成证据。,分子量超过250 Da，需关注偶联效率、溶解度和总环肽体积,https://www.rcsb.org/ligand/RT0
条件结构候选,RVJ,3-triazan-1-yl-L-alanine,conditional,极性／带电侧链,C3 H10 N4 O2,134.137,,not-audited,,,,结构可能是独立非天然氨基酸，但用途或单体可获得性仍依赖人工核实。,先核对主链连接几何和独立单体身份，再决定是否查合成证据。,以极性/带电特征为主，不宜默认用于提高被动渗透性,https://www.rcsb.org/ligand/RVJ
仅结构参考,RVX,O-[methyl(2-methylpropoxy)phosphoryl]-L-serine,reference,极性／带电侧链,C8 H18 N O5 P,239.206,,not-audited,,,,复杂度、反应性、极性、端基或保护状态存在明显疑问，不进入默认单体库。,除非有明确研究用途，否则不优先审核。,含磷酸/膦酸相关结构，通常不利于被动跨膜，除非有专门遮蔽设计；以极性/带电特征为主，不宜默认用于提高被动渗透性,https://www.rcsb.org/ligand/RVX
条件结构候选,RX9,Dehydroisoleucine,conditional,其他CCD肽链核心,C6 H11 N O2,129.157,,not-audited,,,,结构可能是独立非天然氨基酸，但用途或单体可获得性仍依赖人工核实。,先核对主链连接几何和独立单体身份，再决定是否查合成证据。,,https://www.rcsb.org/ligand/RX9
条件结构候选,RXL,Dehydrovaline,conditional,其他CCD肽链核心,C5 H9 N O2,115.13,,not-audited,,,,结构可能是独立非天然氨基酸，但用途或单体可获得性仍依赖人工核实。,先核对主链连接几何和独立单体身份，再决定是否查合成证据。,,https://www.rcsb.org/ligand/RXL
条件结构候选,RZ4,O-tert-butyl-L-serine,conditional,极性／带电侧链,C7 H15 N O3,161.199,,not-audited,,,,结构可能是独立非天然氨基酸，但用途或单体可获得性仍依赖人工核实。,先核对主链连接几何和独立单体身份，再决定是否查合成证据。,以极性/带电特征为主，不宜默认用于提高被动渗透性,https://www.rcsb.org/ligand/RZ4
条件结构候选,S0R,(2S)-2-benzamido-4-methyl-pentanoic acid,conditional,芳香／疏水侧链,C13 H17 N O3,235.279,,not-audited,,,,结构可能是独立非天然氨基酸，但用途或单体可获得性仍依赖人工核实。,先核对主链连接几何和独立单体身份，再决定是否查合成证据。,,https://www.rcsb.org/ligand/S0R
排除,S12,O-[(S)-hydroxy{[(2S)-2-hydroxy-3-(octadec-9-enoyloxy)propyl]oxy}phosphoryl]-L-serine,exclude,极性／带电侧链,C24 H46 N O9 P,523.597,,not-audited,,,,自动规则识别为整分子、辅因子、金属复合物、完整肽、保护体或缺少常规偶联羧基。,不计入非天然氨基酸单体数量。,,https://www.rcsb.org/ligand/S12
仅结构参考,S1H,1-HEXADECANOSULFONYL-O-L-SERINE,reference,极性／带电侧链,C19 H39 N O5 S,393.582,,not-audited,,,,复杂度、反应性、极性、端基或保护状态存在明显疑问，不进入默认单体库。,除非有明确研究用途，否则不优先审核。,分子量超过300 Da，单体复杂度和环肽总分子量负担较高；以极性/带电特征为主，不宜默认用于提高被动渗透性,https://www.rcsb.org/ligand/S1H
条件结构候选,S2C,S-2-(BORONOETHYL)-L-CYSTEINE,conditional,极性／带电侧链,C5 H13 B N O5 S,210.036,,not-audited,,,,结构可能是独立非天然氨基酸，但用途或单体可获得性仍依赖人工核实。,先核对主链连接几何和独立单体身份，再决定是否查合成证据。,以极性/带电特征为主，不宜默认用于提高被动渗透性,https://www.rcsb.org/ligand/S2C
优先结构候选，暂无使用命中,S2D,N-BENZOYL-D-ALANINE,priority,D-构型,C10 H11 N O3,193.199,,no-polymer-hit,0,0,,结构符合优先研发方向，但当前PDB聚合物审计没有命中。,查询供应商、合成论文、专利和SPPS/LPPS使用记录。,CCD未指定标准氨基酸母体，需确认它是独立残基而非氨基酸样片段,https://www.rcsb.org/ligand/S2D
条件结构候选,S2P,"(2S)-2-amino-3-(4-hydroxy-1,2,5-thiadiazol-3-yl)propanoic acid",conditional,芳香／疏水侧链,C5 H7 N3 O3 S,189.192,,not-audited,,,,结构可能是独立非天然氨基酸，但用途或单体可获得性仍依赖人工核实。,先核对主链连接几何和独立单体身份，再决定是否查合成证据。,,https://www.rcsb.org/ligand/S2P
排除,SAC,N-ACETYL-SERINE,exclude,极性／带电侧链,C5 H9 N O4,147.129,,not-audited,,,,自动规则识别为整分子、辅因子、金属复合物、完整肽、保护体或缺少常规偶联羧基。,不计入非天然氨基酸单体数量。,,https://www.rcsb.org/ligand/SAC
人工证据支持,SAR,SARCOSINE,priority,N-取代,C3 H7 N O2,89.093,SAR,short-polymer,143,140,11MG / 11MH / 173D / 1A7Y / 1A7Z,CCD结构与网站人工整理的论文、专利或药物骨架证据精确对应；可作为优先核验的肽合成单体。,继续核对具体保护形式、偶联方法和供应/合成来源。,CCD仅标为通用peptide linking，需确认真实主链连接几何,https://www.rcsb.org/ligand/SAR
仅结构参考,SBD,D-NAPHTHYL-1-ACETAMIDO BORONIC ACID ALANINE,reference,D-构型,C17 H22 B N2 O6,361.177,,not-audited,,,,复杂度、反应性、极性、端基或保护状态存在明显疑问，不进入默认单体库。,除非有明确研究用途，否则不优先审核。,分子量超过300 Da，单体复杂度和环肽总分子量负担较高；CCD未指定标准氨基酸母体，需确认它是独立残基而非氨基酸样片段,https://www.rcsb.org/ligand/SBD
仅结构参考,SBL,L-NAPHTHYL-1-ACETAMIDO BORONIC ACID ALANINE,reference,芳香／疏水侧链,C17 H22 B N2 O6,361.177,,not-audited,,,,复杂度、反应性、极性、端基或保护状态存在明显疑问，不进入默认单体库。,除非有明确研究用途，否则不优先审核。,分子量超过300 Da，单体复杂度和环肽总分子量负担较高,https://www.rcsb.org/ligand/SBL
条件结构候选,SCH,S-METHYL-THIO-CYSTEINE,conditional,其他CCD肽链核心,C4 H9 N O2 S2,167.25,,not-audited,,,,结构可能是独立非天然氨基酸，但用途或单体可获得性仍依赖人工核实。,先核对主链连接几何和独立单体身份，再决定是否查合成证据。,,https://www.rcsb.org/ligand/SCH
条件结构候选,SCS,3-(ethyldisulfanyl)-L-alanine,conditional,其他CCD肽链核心,C5 H11 N O2 S2,181.276,,not-audited,,,,结构可能是独立非天然氨基酸，但用途或单体可获得性仍依赖人工核实。,先核对主链连接几何和独立单体身份，再决定是否查合成证据。,,https://www.rcsb.org/ligand/SCS
条件结构候选,SCY,S-ACETYL-CYSTEINE,conditional,极性／带电侧链,C5 H9 N O3 S,163.195,,not-audited,,,,结构可能是独立非天然氨基酸，但用途或单体可获得性仍依赖人工核实。,先核对主链连接几何和独立单体身份，再决定是否查合成证据。,以极性/带电特征为主，不宜默认用于提高被动渗透性,https://www.rcsb.org/ligand/SCY
排除,SD2,N-(SULFANYLACETYL)TYROSYLPROLYLMETHIONINAMIDE,exclude,极性／带电侧链,C21 H30 N4 O5 S2,482.617,,not-audited,,,,自动规则识别为整分子、辅因子、金属复合物、完整肽、保护体或缺少常规偶联羧基。,不计入非天然氨基酸单体数量。,,https://www.rcsb.org/ligand/SD2
条件结构候选,SD4,N-hydroxy-L-asparagine,conditional,极性／带电侧链,C4 H8 N2 O4,148.117,,not-audited,,,,结构可能是独立非天然氨基酸，但用途或单体可获得性仍依赖人工核实。,先核对主链连接几何和独立单体身份，再决定是否查合成证据。,以极性/带电特征为主，不宜默认用于提高被动渗透性,https://www.rcsb.org/ligand/SD4
仅结构参考,SDP,2-AMINO-3-(DIETHOXY-PHOSPHORYLOXY)-PROPIONIC ACID,reference,极性／带电侧链,C7 H16 N O6 P,241.179,,not-audited,,,,复杂度、反应性、极性、端基或保护状态存在明显疑问，不进入默认单体库。,除非有明确研究用途，否则不优先审核。,含磷酸/膦酸相关结构，通常不利于被动跨膜，除非有专门遮蔽设计；以极性/带电特征为主，不宜默认用于提高被动渗透性,https://www.rcsb.org/ligand/SDP
条件结构候选,SE7,2-AMINO-3-SELENINO-PROPIONIC ACID,conditional,极性／带电侧链,C3 H7 N O4 Se,200.052,,not-audited,,,,结构可能是独立非天然氨基酸，但用途或单体可获得性仍依赖人工核实。,先核对主链连接几何和独立单体身份，再决定是否查合成证据。,以极性/带电特征为主，不宜默认用于提高被动渗透性,https://www.rcsb.org/ligand/SE7
条件结构候选,SEB,O-BENZYLSULFONYL-SERINE,conditional,芳香／疏水侧链,C10 H13 N O5 S,259.279,,not-audited,,,,结构可能是独立非天然氨基酸，但用途或单体可获得性仍依赖人工核实。,先核对主链连接几何和独立单体身份，再决定是否查合成证据。,分子量超过250 Da，需关注偶联效率、溶解度和总环肽体积,https://www.rcsb.org/ligand/SEB
条件结构候选,SEE,trihydroxy(L-serinato-kappaO~3~)borate(1-),conditional,极性／带电侧链,C3 H9 B N O6,165.918,,not-audited,,,,结构可能是独立非天然氨基酸，但用途或单体可获得性仍依赖人工核实。,先核对主链连接几何和独立单体身份，再决定是否查合成证据。,以极性/带电特征为主，不宜默认用于提高被动渗透性,https://www.rcsb.org/ligand/SEE
排除,SEL,"2-AMINO-1,3-PROPANEDIOL",exclude,其他CCD肽链核心,C3 H9 N O2,91.109,,not-audited,,,,自动规则识别为整分子、辅因子、金属复合物、完整肽、保护体或缺少常规偶联羧基。,不计入非天然氨基酸单体数量。,,https://www.rcsb.org/ligand/SEL
条件结构候选,SEM,O-benzyl-L-serine,conditional,芳香／疏水侧链,C10 H13 N O3,195.215,,not-audited,,,,结构可能是独立非天然氨基酸，但用途或单体可获得性仍依赖人工核实。,先核对主链连接几何和独立单体身份，再决定是否查合成证据。,,https://www.rcsb.org/ligand/SEM
仅结构参考,SEN,"O-[N,N-dimethylphosphoramidate]-L-serine",reference,极性／带电侧链,C5 H13 N2 O5 P,212.141,,not-audited,,,,复杂度、反应性、极性、端基或保护状态存在明显疑问，不进入默认单体库。,除非有明确研究用途，否则不优先审核。,含磷酸/膦酸相关结构，通常不利于被动跨膜，除非有专门遮蔽设计；以极性/带电特征为主，不宜默认用于提高被动渗透性,https://www.rcsb.org/ligand/SEN
仅结构参考,SEP,PHOSPHOSERINE,reference,极性／带电侧链,C3 H8 N O6 P,185.072,,not-audited,,,,复杂度、反应性、极性、端基或保护状态存在明显疑问，不进入默认单体库。,除非有明确研究用途，否则不优先审核。,含磷酸/膦酸相关结构，通常不利于被动跨膜，除非有专门遮蔽设计；以极性/带电特征为主，不宜默认用于提高被动渗透性,https://www.rcsb.org/ligand/SEP
排除,SET,AMINOSERINE,exclude,极性／带电侧链,C3 H8 N2 O2,104.108,,not-audited,,,,自动规则识别为整分子、辅因子、金属复合物、完整肽、保护体或缺少常规偶联羧基。,不计入非天然氨基酸单体数量。,,https://www.rcsb.org/ligand/SET
条件结构候选,SFE,(3S)-3-amino-3-phenylpropanoic acid,conditional,芳香／疏水侧链,C9 H11 N O2,165.189,,not-audited,,,,结构可能是独立非天然氨基酸，但用途或单体可获得性仍依赖人工核实。,先核对主链连接几何和独立单体身份，再决定是否查合成证据。,CCD仅标为通用peptide linking，需确认真实主链连接几何；CCD未指定标准氨基酸母体，需确认它是独立残基而非氨基酸样片段,https://www.rcsb.org/ligand/SFE
仅结构参考,SGB,O-[(S)-METHYL(1-METHYLETHOXY)PHOSPHORYL]-L-SERINE,reference,极性／带电侧链,C7 H16 N O5 P,225.179,,not-audited,,,,复杂度、反应性、极性、端基或保护状态存在明显疑问，不进入默认单体库。,除非有明确研究用途，否则不优先审核。,含磷酸/膦酸相关结构，通常不利于被动跨膜，除非有专门遮蔽设计；以极性/带电特征为主，不宜默认用于提高被动渗透性,https://www.rcsb.org/ligand/SGB
条件结构候选,SHC,S-HEXYLCYSTEINE,conditional,其他CCD肽链核心,C9 H19 N O2 S,205.318,,not-audited,,,,结构可能是独立非天然氨基酸，但用途或单体可获得性仍依赖人工核实。,先核对主链连接几何和独立单体身份，再决定是否查合成证据。,,https://www.rcsb.org/ligand/SHC
排除,SHP,(4-HYDROXYMALTOSEPHENYL)GLYCINE,exclude,芳香／疏水侧链,C20 H29 N O13,491.443,,not-audited,,,,自动规则识别为整分子、辅因子、金属复合物、完整肽、保护体或缺少常规偶联羧基。,不计入非天然氨基酸单体数量。,,https://www.rcsb.org/ligand/SHP
条件结构候选,SHR,N-(5-AMINO-5-CARBOXYPENTYL)GLUTAMIC ACID,conditional,极性／带电侧链,C11 H20 N2 O6,276.286,,not-audited,,,,结构可能是独立非天然氨基酸，但用途或单体可获得性仍依赖人工核实。,先核对主链连接几何和独立单体身份，再决定是否查合成证据。,分子量超过250 Da，需关注偶联效率、溶解度和总环肽体积；以极性/带电特征为主，不宜默认用于提高被动渗透性,https://www.rcsb.org/ligand/SHR
仅结构参考,SIB,"(2S)-2-AMINO-4-({[(2S,3S,4R,5R)-3,4-DIHYDROXY-5-(6-OXO-1,6-DIHYDRO-9H-PURIN-9-YL)TETRAHYDROFURAN-2-YL]METHYL}THIO)BUTANOIC ACID",reference,芳香／疏水侧链,C14 H19 N5 O6 S,385.396,,not-audited,,,,复杂度、反应性、极性、端基或保护状态存在明显疑问，不进入默认单体库。,除非有明确研究用途，否则不优先审核。,分子量超过300 Da，单体复杂度和环肽总分子量负担较高,https://www.rcsb.org/ligand/SIB
条件结构候选,SIC,"(2R)-2-[(3S)-3-amino-2,5-dioxopyrrolidin-1-yl]-3-sulfanylpropanoic acid",conditional,极性／带电侧链,C7 H10 N2 O4 S,218.23,,not-audited,,,,结构可能是独立非天然氨基酸，但用途或单体可获得性仍依赖人工核实。,先核对主链连接几何和独立单体身份，再决定是否查合成证据。,以极性/带电特征为主，不宜默认用于提高被动渗透性,https://www.rcsb.org/ligand/SIC
条件结构候选,SKG, 4-methylisoleucine,conditional,其他CCD肽链核心,C7 H15 N O2,145.199,,not-audited,,,,结构可能是独立非天然氨基酸，但用途或单体可获得性仍依赖人工核实。,先核对主链连接几何和独立单体身份，再决定是否查合成证据。,CCD未指定标准氨基酸母体，需确认它是独立残基而非氨基酸样片段,https://www.rcsb.org/ligand/SKG
条件结构候选,SKH,(3~{S})-5-[[(5~{S})-5-azanyl-6-oxidanyl-6-oxidanylidene-hexyl]amino]-3-methyl-3-oxidanyl-5-oxidanylidene-pentanoic acid,conditional,极性／带电侧链,C12 H22 N2 O6,290.313,,not-audited,,,,结构可能是独立非天然氨基酸，但用途或单体可获得性仍依赖人工核实。,先核对主链连接几何和独立单体身份，再决定是否查合成证据。,分子量超过250 Da，需关注偶联效率、溶解度和总环肽体积；以极性/带电特征为主，不宜默认用于提高被动渗透性,https://www.rcsb.org/ligand/SKH
条件结构候选,SKJ,beta-methylnorleucine,conditional,其他CCD肽链核心,C7 H15 N O2,145.199,,not-audited,,,,结构可能是独立非天然氨基酸，但用途或单体可获得性仍依赖人工核实。,先核对主链连接几何和独立单体身份，再决定是否查合成证据。,CCD未指定标准氨基酸母体，需确认它是独立残基而非氨基酸样片段,https://www.rcsb.org/ligand/SKJ
条件结构候选,SLL,(2S)-2-azanyl-6-[(4-hydroxy-4-oxo-butanoyl)amino]hexanoic acid,conditional,极性／带电侧链,C10 H18 N2 O5,246.26,,not-audited,,,,结构可能是独立非天然氨基酸，但用途或单体可获得性仍依赖人工核实。,先核对主链连接几何和独立单体身份，再决定是否查合成证据。,以极性/带电特征为主，不宜默认用于提高被动渗透性,https://www.rcsb.org/ligand/SLL
条件结构候选,SLR,"(3R,4R)-3-hydroxy-2-[(1S)-1-hydroxy-2-methylpropyl]-4-methyl-5-oxo-D-proline",conditional,D-构型,C10 H17 N O5,231.246,,not-audited,,,,结构可能是独立非天然氨基酸，但用途或单体可获得性仍依赖人工核实。,先核对主链连接几何和独立单体身份，再决定是否查合成证据。,CCD未指定标准氨基酸母体，需确认它是独立残基而非氨基酸样片段,https://www.rcsb.org/ligand/SLR
条件结构候选,SLZ,L-THIALYSINE,conditional,极性／带电侧链,C5 H12 N2 O2 S,164.226,,not-audited,,,,结构可能是独立非天然氨基酸，但用途或单体可获得性仍依赖人工核实。,先核对主链连接几何和独立单体身份，再决定是否查合成证据。,以极性/带电特征为主，不宜默认用于提高被动渗透性,https://www.rcsb.org/ligand/SLZ
条件结构候选,SMC,S-METHYLCYSTEINE,conditional,其他CCD肽链核心,C4 H9 N O2 S,135.185,,not-audited,,,,结构可能是独立非天然氨基酸，但用途或单体可获得性仍依赖人工核实。,先核对主链连接几何和独立单体身份，再决定是否查合成证据。,,https://www.rcsb.org/ligand/SMC
条件结构候选,SME,METHIONINE SULFOXIDE,conditional,极性／带电侧链,C5 H11 N O3 S,165.211,,not-audited,,,,结构可能是独立非天然氨基酸，但用途或单体可获得性仍依赖人工核实。,先核对主链连接几何和独立单体身份，再决定是否查合成证据。,以极性/带电特征为主，不宜默认用于提高被动渗透性,https://www.rcsb.org/ligand/SME
条件结构候选,SMF,4-SULFOMETHYL-L-PHENYLALANINE,conditional,芳香／疏水侧链,C10 H13 N O5 S,259.279,,not-audited,,,,结构可能是独立非天然氨基酸，但用途或单体可获得性仍依赖人工核实。,先核对主链连接几何和独立单体身份，再决定是否查合成证据。,分子量超过250 Da，需关注偶联效率、溶解度和总环肽体积,https://www.rcsb.org/ligand/SMF
条件结构候选,SNC,S-NITROSO-CYSTEINE,conditional,极性／带电侧链,C3 H6 N2 O3 S,150.156,,not-audited,,,,结构可能是独立非天然氨基酸，但用途或单体可获得性仍依赖人工核实。,先核对主链连接几何和独立单体身份，再决定是否查合成证据。,以极性/带电特征为主，不宜默认用于提高被动渗透性,https://www.rcsb.org/ligand/SNC
条件结构候选,SNK,(2~{R})-2-azanyl-3-(4-ethanoylsulfanyl-1~{H}-imidazol-5-yl)propanoic acid,conditional,芳香／疏水侧链,C8 H11 N3 O3 S,229.256,,not-audited,,,,结构可能是独立非天然氨基酸，但用途或单体可获得性仍依赖人工核实。,先核对主链连接几何和独立单体身份，再决定是否查合成证据。,,https://www.rcsb.org/ligand/SNK
排除,SNN,L-3-AMINOSUCCINIMIDE,exclude,极性／带电侧链,C4 H6 N2 O2,114.103,,not-audited,,,,自动规则识别为整分子、辅因子、金属复合物、完整肽、保护体或缺少常规偶联羧基。,不计入非天然氨基酸单体数量。,,https://www.rcsb.org/ligand/SNN
条件结构候选,SRZ,PROPOXY-L-SERINE,conditional,极性／带电侧链,C6 H13 N O4,163.172,,not-audited,,,,结构可能是独立非天然氨基酸，但用途或单体可获得性仍依赖人工核实。,先核对主链连接几何和独立单体身份，再决定是否查合成证据。,以极性/带电特征为主，不宜默认用于提高被动渗透性,https://www.rcsb.org/ligand/SRZ
排除,SUB,3-PHENYL-2-{[4-(TOLUENE-4-SULFONYL)-THIOMORPHOLINE-3-CARBONYL]-AMINO}-PROPIONIC ACID ETHYL ESTER,exclude,芳香／疏水侧链,C23 H28 N2 O5 S2,476.609,,not-audited,,,,自动规则识别为整分子、辅因子、金属复合物、完整肽、保护体或缺少常规偶联羧基。,不计入非天然氨基酸单体数量。,,https://www.rcsb.org/ligand/SUB
条件结构候选,SUI,"(3-AMINO-2,5-DIOXO-1-PYRROLIDINYL)ACETIC ACID",conditional,极性／带电侧链,C6 H8 N2 O4,172.139,,not-audited,,,,结构可能是独立非天然氨基酸，但用途或单体可获得性仍依赖人工核实。,先核对主链连接几何和独立单体身份，再决定是否查合成证据。,以极性/带电特征为主，不宜默认用于提高被动渗透性,https://www.rcsb.org/ligand/SUI
仅结构参考,SUN,O-[(R)-(DIMETHYLAMINO)(ETHOXY)PHOSPHORYL]-L-SERINE,reference,极性／带电侧链,C7 H17 N2 O5 P,240.194,,not-audited,,,,复杂度、反应性、极性、端基或保护状态存在明显疑问，不进入默认单体库。,除非有明确研究用途，否则不优先审核。,含磷酸/膦酸相关结构，通常不利于被动跨膜，除非有专门遮蔽设计；以极性/带电特征为主，不宜默认用于提高被动渗透性,https://www.rcsb.org/ligand/SUN
排除,SVA,SERINE VANADATE,exclude,极性／带电侧链,C3 H6 N O7 V,219.024,,not-audited,,,,自动规则识别为整分子、辅因子、金属复合物、完整肽、保护体或缺少常规偶联羧基。,不计入非天然氨基酸单体数量。,,https://www.rcsb.org/ligand/SVA
仅结构参考,SVV,O-[(S)-AMINO(HYDROXY)PHOSPHORYL]-L-SERINE,reference,极性／带电侧链,C3 H9 N2 O5 P,184.088,,not-audited,,,,复杂度、反应性、极性、端基或保护状态存在明显疑问，不进入默认单体库。,除非有明确研究用途，否则不优先审核。,含磷酸/膦酸相关结构，通常不利于被动跨膜，除非有专门遮蔽设计；以极性/带电特征为主，不宜默认用于提高被动渗透性,https://www.rcsb.org/ligand/SVV
仅结构参考,SVW,O-[(R)-AMINO(HYDROXY)PHOSPHORYL]-L-SERINE,reference,极性／带电侧链,C3 H9 N2 O5 P,184.088,,not-audited,,,,复杂度、反应性、极性、端基或保护状态存在明显疑问，不进入默认单体库。,除非有明确研究用途，否则不优先审核。,含磷酸/膦酸相关结构，通常不利于被动跨膜，除非有专门遮蔽设计；以极性/带电特征为主，不宜默认用于提高被动渗透性,https://www.rcsb.org/ligand/SVW
仅结构参考,SVX,O-[(R)-ETHOXY(METHYL)PHOSPHORYL]-L-SERINE,reference,极性／带电侧链,C6 H14 N O5 P,211.153,,not-audited,,,,复杂度、反应性、极性、端基或保护状态存在明显疑问，不进入默认单体库。,除非有明确研究用途，否则不优先审核。,含磷酸/膦酸相关结构，通常不利于被动跨膜，除非有专门遮蔽设计；以极性/带电特征为主，不宜默认用于提高被动渗透性,https://www.rcsb.org/ligand/SVX
仅结构参考,SVY,O-[BIS(1-METHYLETHOXY)PHOSPHORYL]-L-SERINE,reference,极性／带电侧链,C9 H20 N O6 P,269.232,,not-audited,,,,复杂度、反应性、极性、端基或保护状态存在明显疑问，不进入默认单体库。,除非有明确研究用途，否则不优先审核。,分子量超过250 Da，需关注偶联效率、溶解度和总环肽体积；含磷酸/膦酸相关结构，通常不利于被动跨膜，除非有专门遮蔽设计；以极性/带电特征为主，不宜默认用于提高被动渗透性,https://www.rcsb.org/ligand/SVY
仅结构参考,SVZ,O-[(S)-HYDROXY(ISOPROPYLAMINO)PHOSPHORYL]-L-SERINE,reference,极性／带电侧链,C6 H15 N2 O5 P,226.167,,not-audited,,,,复杂度、反应性、极性、端基或保护状态存在明显疑问，不进入默认单体库。,除非有明确研究用途，否则不优先审核。,含磷酸/膦酸相关结构，通常不利于被动跨膜，除非有专门遮蔽设计；以极性/带电特征为主，不宜默认用于提高被动渗透性,https://www.rcsb.org/ligand/SVZ
仅结构参考,SWG,2-[(4Z)-2-[(1R)-1-amino-2-hydroxy-ethyl]-4-(1H-indol-3-ylmethylidene)-5-oxo-imidazol-1-yl]ethanoic acid,reference,芳香／疏水侧链,C16 H16 N4 O4,328.323,,not-audited,,,,复杂度、反应性、极性、端基或保护状态存在明显疑问，不进入默认单体库。,除非有明确研究用途，否则不优先审核。,分子量超过300 Da，单体复杂度和环肽总分子量负担较高,https://www.rcsb.org/ligand/SWG
条件结构候选,SWW,(2~{S})-2-azanyl-3-(2-hydroxyethylsulfanyl)propanoic acid,conditional,极性／带电侧链,C5 H11 N O3 S,165.211,,not-audited,,,,结构可能是独立非天然氨基酸，但用途或单体可获得性仍依赖人工核实。,先核对主链连接几何和独立单体身份，再决定是否查合成证据。,以极性/带电特征为主，不宜默认用于提高被动渗透性,https://www.rcsb.org/ligand/SWW
仅结构参考,SXE,O-{(S)-ETHOXY[(1-METHYLETHYL)AMINO]PHOSPHORYL}-L-SERINE,reference,极性／带电侧链,C8 H19 N2 O5 P,254.221,,not-audited,,,,复杂度、反应性、极性、端基或保护状态存在明显疑问，不进入默认单体库。,除非有明确研究用途，否则不优先审核。,分子量超过250 Da，需关注偶联效率、溶解度和总环肽体积；含磷酸/膦酸相关结构，通常不利于被动跨膜，除非有专门遮蔽设计；以极性/带电特征为主，不宜默认用于提高被动渗透性,https://www.rcsb.org/ligand/SXE
条件结构候选,SYS,3-[(2-amino-2-oxoethyl)selanyl]-L-alanine,conditional,极性／带电侧链,C5 H10 N2 O3 Se,225.104,,not-audited,,,,结构可能是独立非天然氨基酸，但用途或单体可获得性仍依赖人工核实。,先核对主链连接几何和独立单体身份，再决定是否查合成证据。,以极性/带电特征为主，不宜默认用于提高被动渗透性,https://www.rcsb.org/ligand/SYS
已在短肽序列中观察到,SZF,1-methoxy-N-methyl-L-tryptophan,priority,N-取代,C13 H16 N2 O3,248.278,,short-polymer,1,1,8DNX,该CCD进入过不超过50残基的PDB聚合物序列，支持其作为肽残基使用，但尚未逐条确认独立单体来源。,查原始论文，确认是预制单体偶联还是翻译后/结构内修饰。,CCD未指定标准氨基酸母体，需确认它是独立残基而非氨基酸样片段,https://www.rcsb.org/ligand/SZF
条件结构候选,T09,"(2S,4R)-2-amino-4-methyloctanoic acid",conditional,其他CCD肽链核心,C9 H19 N O2,173.253,,not-audited,,,,结构可能是独立非天然氨基酸，但用途或单体可获得性仍依赖人工核实。,先核对主链连接几何和独立单体身份，再决定是否查合成证据。,CCD未指定标准氨基酸母体，需确认它是独立残基而非氨基酸样片段,https://www.rcsb.org/ligand/T09
条件结构候选,T0I,"(2S)-2-amino-3-(2,4-dihydroxy-5-imidazol-1-yl-phenyl)propanoic acid",conditional,芳香／疏水侧链,C12 H13 N3 O4,263.249,,not-audited,,,,结构可能是独立非天然氨基酸，但用途或单体可获得性仍依赖人工核实。,先核对主链连接几何和独立单体身份，再决定是否查合成证据。,分子量超过250 Da，需关注偶联效率、溶解度和总环肽体积,https://www.rcsb.org/ligand/T0I
条件结构候选,T11,4-[3-(TRIFLUOROMETHYL)DIAZIRIDIN-3-YL]-L-PHENYLALANINE,conditional,卤代／电子调节,C11 H12 F3 N3 O2,275.227,,not-audited,,,,结构可能是独立非天然氨基酸，但用途或单体可获得性仍依赖人工核实。,先核对主链连接几何和独立单体身份，再决定是否查合成证据。,分子量超过250 Da，需关注偶联效率、溶解度和总环肽体积,https://www.rcsb.org/ligand/T11
条件结构候选,T2C,"(2S)-1,3-thiazolidine-2-carboxylic acid",conditional,其他CCD肽链核心,C4 H7 N O2 S,133.169,,not-audited,,,,结构可能是独立非天然氨基酸，但用途或单体可获得性仍依赖人工核实。,先核对主链连接几何和独立单体身份，再决定是否查合成证据。,CCD未指定标准氨基酸母体，需确认它是独立残基而非氨基酸样片段,https://www.rcsb.org/ligand/T2C
条件结构候选,T3R,"N,5-dimethyl-L-norleucine",conditional,其他CCD肽链核心,C8 H17 N O2,159.226,,not-audited,,,,结构可能是独立非天然氨基酸，但用途或单体可获得性仍依赖人工核实。,先核对主链连接几何和独立单体身份，再决定是否查合成证据。,,https://www.rcsb.org/ligand/T3R
仅结构参考,T66,2-AMINOETHYLLYSINE-CARBONYLMETHYLENE-THYMINE,reference,极性／带电侧链,C15 H25 N5 O5,355.39,,not-audited,,,,复杂度、反应性、极性、端基或保护状态存在明显疑问，不进入默认单体库。,除非有明确研究用途，否则不优先审核。,分子量超过300 Da，单体复杂度和环肽总分子量负担较高；CCD未指定标准氨基酸母体，需确认它是独立残基而非氨基酸样片段；以极性/带电特征为主，不宜默认用于提高被动渗透性,https://www.rcsb.org/ligand/T66
排除,T79,(2S)-2-azanylhex-4-ynoic acid,exclude,其他CCD肽链核心,C6 H9 N O2,127.141,,not-audited,,,,自动规则识别为整分子、辅因子、金属复合物、完整肽、保护体或缺少常规偶联羧基。,不计入非天然氨基酸单体数量。,,https://www.rcsb.org/ligand/T79
条件结构候选,T7Q,(2~{S})-2-azanyl-3-(9-oxidanylidene-10~{H}-acridin-2-yl)propanoic acid,conditional,芳香／疏水侧链,C16 H15 N2 O3,283.302,,not-audited,,,,结构可能是独立非天然氨基酸，但用途或单体可获得性仍依赖人工核实。,先核对主链连接几何和独立单体身份，再决定是否查合成证据。,分子量超过250 Da，需关注偶联效率、溶解度和总环肽体积；CCD仅标为通用peptide linking，需确认真实主链连接几何；CCD未指定标准氨基酸母体，需确认它是独立残基而非氨基酸样片段,https://www.rcsb.org/ligand/T7Q
仅结构参考,T8L,Thio-phosohothreonine,reference,极性／带电侧链,C4 H10 N O5 P S,215.165,,not-audited,,,,复杂度、反应性、极性、端基或保护状态存在明显疑问，不进入默认单体库。,除非有明确研究用途，否则不优先审核。,含磷酸/膦酸相关结构，通常不利于被动跨膜，除非有专门遮蔽设计；以极性/带电特征为主，不宜默认用于提高被动渗透性,https://www.rcsb.org/ligand/T8L
条件结构候选,T9E,Selenothreonine,conditional,其他CCD肽链核心,C4 H9 N O2 Se,182.08,,not-audited,,,,结构可能是独立非天然氨基酸，但用途或单体可获得性仍依赖人工核实。,先核对主链连接几何和独立单体身份，再决定是否查合成证据。,,https://www.rcsb.org/ligand/T9E
条件结构候选,TA4,"(S)-2-[4-(AMINOMETHYL)-1H-1,2,3-TRIAZOL-1-YL]-4-METHYLPENTANOIC ACID",conditional,极性／带电侧链,C9 H16 N4 O2,212.249,,not-audited,,,,结构可能是独立非天然氨基酸，但用途或单体可获得性仍依赖人工核实。,先核对主链连接几何和独立单体身份，再决定是否查合成证据。,CCD未指定标准氨基酸母体，需确认它是独立残基而非氨基酸样片段；以极性/带电特征为主，不宜默认用于提高被动渗透性,https://www.rcsb.org/ligand/TA4
排除,TAV,N-METHYL-N-{2-[(2-NAPHTHYLSULFONYL)AMINO]-5-[(2-NAPHTHYLSULFONYL)OXY]BENZOYL}-L-ASPARTIC ACID,exclude,N-取代,C32 H26 N2 O10 S2,662.686,,not-audited,,,,自动规则识别为整分子、辅因子、金属复合物、完整肽、保护体或缺少常规偶联羧基。,不计入非天然氨基酸单体数量。,,https://www.rcsb.org/ligand/TAV
人工证据支持,TBG,3-methyl-L-valine,conditional,其他CCD肽链核心,C6 H13 N O2,131.173,TBG,not-audited,,,,CCD结构与网站人工整理的论文、专利或药物骨架证据精确对应；可作为优先核验的肽合成单体。,继续核对具体保护形式、偶联方法和供应/合成来源。,,https://www.rcsb.org/ligand/TBG
仅结构参考,TCQ,"(1S,2R)-N-{(1E)-5-[(2S)-2-amino-2-carboxyethyl]-2-hydroxy-4-oxocyclohexa-2,5-dien-1-ylidene}-2-phenylcyclopropanaminium",reference,构象限制,C18 H19 N2 O4,327.354,,not-audited,,,,复杂度、反应性、极性、端基或保护状态存在明显疑问，不进入默认单体库。,除非有明确研究用途，否则不优先审核。,分子量超过300 Da，单体复杂度和环肽总分子量负担较高,https://www.rcsb.org/ligand/TCQ
优先结构候选，暂无使用命中,TCR,CYCLOMETHYLTRYPTOPHAN,priority,构象限制,C12 H12 N2 O2,216.236,,no-polymer-hit,0,0,,结构符合优先研发方向，但当前PDB聚合物审计没有命中。,查询供应商、合成论文、专利和SPPS/LPPS使用记录。,,https://www.rcsb.org/ligand/TCR
已在短肽序列中观察到,TDD,"(2R)-2-amino-3,3-dimethyl-butanoic acid",priority,D-构型,C6 H13 N O2,131.173,,short-polymer,1,1,2RQO,该CCD进入过不超过50残基的PDB聚合物序列，支持其作为肽残基使用，但尚未逐条确认独立单体来源。,查原始论文，确认是预制单体偶联还是翻译后/结构内修饰。,CCD未指定标准氨基酸母体，需确认它是独立残基而非氨基酸样片段,https://www.rcsb.org/ligand/TDD
已在短肽序列中观察到,TDF,4-(trifluoromethyl)-D-phenylalanine,priority,D-构型,C10 H10 F3 N O2,233.187,,short-polymer,2,2,3TPX / 6KZU,该CCD进入过不超过50残基的PDB聚合物序列，支持其作为肽残基使用，但尚未逐条确认独立单体来源。,查原始论文，确认是预制单体偶联还是翻译后/结构内修饰。,CCD未指定标准氨基酸母体，需确认它是独立残基而非氨基酸样片段,https://www.rcsb.org/ligand/TDF
条件结构候选,TEF,4-(2H-tetrazol-2-yl)-L-phenylalanine,conditional,芳香／疏水侧链,C10 H11 N5 O2,233.227,,not-audited,,,,结构可能是独立非天然氨基酸，但用途或单体可获得性仍依赖人工核实。,先核对主链连接几何和独立单体身份，再决定是否查合成证据。,,https://www.rcsb.org/ligand/TEF
条件结构候选,TFQ,"4-(2,2,2-TRIFLUOROETHYL)-L-PHENYLALANINE",conditional,卤代／电子调节,C11 H12 F3 N O2,247.214,,not-audited,,,,结构可能是独立非天然氨基酸，但用途或单体可获得性仍依赖人工核实。,先核对主链连接几何和独立单体身份，再决定是否查合成证据。,,https://www.rcsb.org/ligand/TFQ
仅结构参考,TFR,"(2R)-2-amino-7-oxo-7-{[(2R,3S)-4,4,4-trifluoro-3-hydroxybutan-2-yl]amino}heptanoic acid",reference,D-构型,C11 H19 F3 N2 O4,300.275,,not-audited,,,,复杂度、反应性、极性、端基或保护状态存在明显疑问，不进入默认单体库。,除非有明确研究用途，否则不优先审核。,分子量超过300 Da，单体复杂度和环肽总分子量负担较高；CCD未指定标准氨基酸母体，需确认它是独立残基而非氨基酸样片段,https://www.rcsb.org/ligand/TFR
仅结构参考,TGH,6-{[(S)-carboxy(hydroxy)methyl]amino}-7-hydroxy-L-tryptophan,reference,芳香／疏水侧链,C13 H15 N3 O6,309.275,,not-audited,,,,复杂度、反应性、极性、端基或保护状态存在明显疑问，不进入默认单体库。,除非有明确研究用途，否则不优先审核。,分子量超过300 Da，单体复杂度和环肽总分子量负担较高,https://www.rcsb.org/ligand/TGH
条件结构候选,TH5,O-acetyl-L-threonine,conditional,极性／带电侧链,C6 H11 N O4,161.156,,not-audited,,,,结构可能是独立非天然氨基酸，但用途或单体可获得性仍依赖人工核实。,先核对主链连接几何和独立单体身份，再决定是否查合成证据。,以极性/带电特征为主，不宜默认用于提高被动渗透性,https://www.rcsb.org/ligand/TH5
条件结构候选,TH6,4-HYDROXY-L-THREONINE,conditional,极性／带电侧链,C4 H9 N O4,135.119,,not-audited,,,,结构可能是独立非天然氨基酸，但用途或单体可获得性仍依赖人工核实。,先核对主链连接几何和独立单体身份，再决定是否查合成证据。,以极性/带电特征为主，不宜默认用于提高被动渗透性,https://www.rcsb.org/ligand/TH6
已在短肽序列中观察到,THC,N-METHYLCARBONYLTHREONINE,priority,N-取代,C6 H11 N O4,161.156,,short-polymer,20,8,1MPA / 2MPA / 3AH8 / 5XXK / 8DGO,该CCD进入过不超过50残基的PDB聚合物序列，支持其作为肽残基使用，但尚未逐条确认独立单体来源。,查原始论文，确认是预制单体偶联还是翻译后/结构内修饰。,,https://www.rcsb.org/ligand/THC
排除,THO,REDUCED THREONINE,exclude,其他CCD肽链核心,C4 H11 N O2,105.136,,not-audited,,,,自动规则识别为整分子、辅因子、金属复合物、完整肽、保护体或缺少常规偶联羧基。,不计入非天然氨基酸单体数量。,,https://www.rcsb.org/ligand/THO
排除,THZ,"1-[(4S)-4-amino-5-(1,3-benzothiazol-2-yl)-5-oxopentyl]guanidine",exclude,芳香／疏水侧链,C13 H17 N5 O S,291.372,,not-audited,,,,自动规则识别为整分子、辅因子、金属复合物、完整肽、保护体或缺少常规偶联羧基。,不计入非天然氨基酸单体数量。,,https://www.rcsb.org/ligand/THZ
条件结构候选,TIH,BETA(2-THIENYL)ALANINE,conditional,芳香／疏水侧链,C7 H9 N O2 S,171.217,,not-audited,,,,结构可能是独立非天然氨基酸，但用途或单体可获得性仍依赖人工核实。,先核对主链连接几何和独立单体身份，再决定是否查合成证据。,,https://www.rcsb.org/ligand/TIH
条件结构候选,TIS,"O-(1,1-dihydroxyethyl)-L-serine",conditional,极性／带电侧链,C5 H11 N O5,165.145,,not-audited,,,,结构可能是独立非天然氨基酸，但用途或单体可获得性仍依赖人工核实。,先核对主链连接几何和独立单体身份，再决定是否查合成证据。,以极性/带电特征为主，不宜默认用于提高被动渗透性,https://www.rcsb.org/ligand/TIS
排除,TJI,ethyl 3-bromanyl-2-methyl-propanoate,exclude,卤代／电子调节,C6 H11 Br O2,195.054,,not-audited,,,,自动规则识别为整分子、辅因子、金属复合物、完整肽、保护体或缺少常规偶联羧基。,不计入非天然氨基酸单体数量。,,https://www.rcsb.org/ligand/TJI
条件结构候选,TLY,(2S)-2-azanyl-6-(ethanethioylamino)hexanoic acid,conditional,极性／带电侧链,C8 H16 N2 O2 S,204.29,,not-audited,,,,结构可能是独立非天然氨基酸，但用途或单体可获得性仍依赖人工核实。,先核对主链连接几何和独立单体身份，再决定是否查合成证据。,以极性/带电特征为主，不宜默认用于提高被动渗透性,https://www.rcsb.org/ligand/TLY
条件结构候选,TMD,"(6,7-DIHYDRO)4-[(E)-BUTENYL]-4,N-DIMETHYL-THREONINE",conditional,极性／带电侧链,C10 H21 N O3,203.279,,not-audited,,,,结构可能是独立非天然氨基酸，但用途或单体可获得性仍依赖人工核实。,先核对主链连接几何和独立单体身份，再决定是否查合成证据。,以极性/带电特征为主，不宜默认用于提高被动渗透性,https://www.rcsb.org/ligand/TMD
仅结构参考,TNB,"S-(2,3,6-TRINITROPHENYL)CYSTEINE",reference,芳香／疏水侧链,C9 H8 N4 O8 S,332.247,,not-audited,,,,复杂度、反应性、极性、端基或保护状态存在明显疑问，不进入默认单体库。,除非有明确研究用途，否则不优先审核。,分子量超过300 Da，单体复杂度和环肽总分子量负担较高；杂原子较多，可能增加暴露极性和去溶剂化代价,https://www.rcsb.org/ligand/TNB
条件结构候选,TNQ,6-[(carboxymethyl)amino]-7-hydroxy-L-tryptophan,conditional,芳香／疏水侧链,C13 H15 N3 O5,293.275,,not-audited,,,,结构可能是独立非天然氨基酸，但用途或单体可获得性仍依赖人工核实。,先核对主链连接几何和独立单体身份，再决定是否查合成证据。,分子量超过250 Da，需关注偶联效率、溶解度和总环肽体积,https://www.rcsb.org/ligand/TNQ
条件结构候选,TOQ,"6,7-dihydroxy-L-tryptophan",conditional,芳香／疏水侧链,C11 H12 N2 O4,236.224,,not-audited,,,,结构可能是独立非天然氨基酸，但用途或单体可获得性仍依赖人工核实。,先核对主链连接几何和独立单体身份，再决定是否查合成证据。,,https://www.rcsb.org/ligand/TOQ
条件结构候选,TOX,1-hydroperoxy-L-tryptophan,conditional,芳香／疏水侧链,C11 H12 N2 O4,236.224,,not-audited,,,,结构可能是独立非天然氨基酸，但用途或单体可获得性仍依赖人工核实。,先核对主链连接几何和独立单体身份，再决定是否查合成证据。,,https://www.rcsb.org/ligand/TOX
条件结构候选,TOZ,"2-[2-(aminomethyl)-1,3-thiazol-4-yl]-1,3-oxazole-4-carboxylic acid",conditional,芳香／疏水侧链,C8 H7 N3 O3 S,225.224,,not-audited,,,,结构可能是独立非天然氨基酸，但用途或单体可获得性仍依赖人工核实。,先核对主链连接几何和独立单体身份，再决定是否查合成证据。,CCD仅标为通用peptide linking，需确认真实主链连接几何,https://www.rcsb.org/ligand/TOZ
优先结构候选，暂无使用命中,TPJ,(5R)-5-tert-butyl-L-proline,priority,构象限制,C9 H17 N O2,171.237,,no-polymer-hit,0,0,,结构符合优先研发方向，但当前PDB聚合物审计没有命中。,查询供应商、合成论文、专利和SPPS/LPPS使用记录。,,https://www.rcsb.org/ligand/TPJ
排除,TPK,"(1R)-1-[(2S)-pyrrolidin-2-yl]ethane-1,2-diol",exclude,其他CCD肽链核心,C6 H13 N O2,131.173,,not-audited,,,,自动规则识别为整分子、辅因子、金属复合物、完整肽、保护体或缺少常规偶联羧基。,不计入非天然氨基酸单体数量。,,https://www.rcsb.org/ligand/TPK
排除,TPL,TRYPTOPHANOL,exclude,芳香／疏水侧链,C11 H14 N2 O,190.242,,not-audited,,,,自动规则识别为整分子、辅因子、金属复合物、完整肽、保护体或缺少常规偶联羧基。,不计入非天然氨基酸单体数量。,,https://www.rcsb.org/ligand/TPL
仅结构参考,TPO,PHOSPHOTHREONINE,reference,极性／带电侧链,C4 H10 N O6 P,199.099,,not-audited,,,,复杂度、反应性、极性、端基或保护状态存在明显疑问，不进入默认单体库。,除非有明确研究用途，否则不优先审核。,含磷酸/膦酸相关结构，通常不利于被动跨膜，除非有专门遮蔽设计；以极性/带电特征为主，不宜默认用于提高被动渗透性,https://www.rcsb.org/ligand/TPO
条件结构候选,TPQ,"5-(2-CARBOXY-2-AMINOETHYL)-2-HYDROXY-1,4-BENZOQUINONE",conditional,芳香／疏水侧链,C9 H9 N O5,211.171,,not-audited,,,,结构可能是独立非天然氨基酸，但用途或单体可获得性仍依赖人工核实。,先核对主链连接几何和独立单体身份，再决定是否查合成证据。,,https://www.rcsb.org/ligand/TPQ
仅结构参考,TQI,N-{[4-CHLORO-3-(TRIFLUOROMETHYL)PHENYL]SULFONYL}-L-TRYPTOPHAN,reference,卤代／电子调节,C18 H14 Cl F3 N2 O4 S,446.828,,not-audited,,,,复杂度、反应性、极性、端基或保护状态存在明显疑问，不进入默认单体库。,除非有明确研究用途，否则不优先审核。,分子量超过300 Da，单体复杂度和环肽总分子量负担较高,https://www.rcsb.org/ligand/TQI
条件结构候选,TQQ,"(S)-2-AMINO-3-(6,7-DIHYDRO-6-IMINO-7-OXO-1H-INDOL-3-YL)PROPANOIC ACID",conditional,极性／带电侧链,C11 H11 N3 O3,233.223,,not-audited,,,,结构可能是独立非天然氨基酸，但用途或单体可获得性仍依赖人工核实。,先核对主链连接几何和独立单体身份，再决定是否查合成证据。,以极性/带电特征为主，不宜默认用于提高被动渗透性,https://www.rcsb.org/ligand/TQQ
条件结构候选,TQZ,2-AMINO-3-PENTASULFANYLPROPAN-1-OL,conditional,其他CCD肽链核心,C3 H7 N O2 S5,249.418,,not-audited,,,,结构可能是独立非天然氨基酸，但用途或单体可获得性仍依赖人工核实。,先核对主链连接几何和独立单体身份，再决定是否查合成证据。,,https://www.rcsb.org/ligand/TQZ
条件结构候选,TRF,N1-FORMYL-TRYPTOPHAN,conditional,芳香／疏水侧链,C12 H12 N2 O3,232.235,,not-audited,,,,结构可能是独立非天然氨基酸，但用途或单体可获得性仍依赖人工核实。,先核对主链连接几何和独立单体身份，再决定是否查合成证据。,,https://www.rcsb.org/ligand/TRF
条件结构候选,TRN,NZ2-TRYPTOPHAN,conditional,芳香／疏水侧链,C10 H11 N3 O2,205.213,,not-audited,,,,结构可能是独立非天然氨基酸，但用途或单体可获得性仍依赖人工核实。,先核对主链连接几何和独立单体身份，再决定是否查合成证据。,,https://www.rcsb.org/ligand/TRN
条件结构候选,TRO,2-HYDROXY-TRYPTOPHAN,conditional,芳香／疏水侧链,C11 H12 N2 O3,220.225,,not-audited,,,,结构可能是独立非天然氨基酸，但用途或单体可获得性仍依赖人工核实。,先核对主链连接几何和独立单体身份，再决定是否查合成证据。,,https://www.rcsb.org/ligand/TRO
条件结构候选,TRQ,"2-AMINO-3-(6,7-DIOXO-6,7-DIHYDRO-1H-INDOL-3-YL)-PROPIONIC ACID",conditional,芳香／疏水侧链,C11 H10 N2 O4,234.208,,not-audited,,,,结构可能是独立非天然氨基酸，但用途或单体可获得性仍依赖人工核实。,先核对主链连接几何和独立单体身份，再决定是否查合成证据。,,https://www.rcsb.org/ligand/TRQ
排除,TRW,TRW3-(2-AMINO-3-HYDROXY-PROPYL)-6-(N'-CYCLOHEXYL-HYDRAZINO)OCTAHYDRO-INDOL-7-OL,exclude,构象限制,C17 H18 N4 O2,310.35,,not-audited,,,,自动规则识别为整分子、辅因子、金属复合物、完整肽、保护体或缺少常规偶联羧基。,不计入非天然氨基酸单体数量。,,https://www.rcsb.org/ligand/TRW
条件结构候选,TRX,6-HYDROXYTRYPTOPHAN,conditional,芳香／疏水侧链,C11 H12 N2 O3,220.225,,not-audited,,,,结构可能是独立非天然氨基酸，但用途或单体可获得性仍依赖人工核实。,先核对主链连接几何和独立单体身份，再决定是否查合成证据。,,https://www.rcsb.org/ligand/TRX
条件结构候选,TRY,(2Z)-2-amino-3-(1H-indol-3-yl)prop-2-enoic acid,conditional,芳香／疏水侧链,C11 H10 N2 O2,202.209,,not-audited,,,,结构可能是独立非天然氨基酸，但用途或单体可获得性仍依赖人工核实。,先核对主链连接几何和独立单体身份，再决定是否查合成证据。,,https://www.rcsb.org/ligand/TRY
条件结构候选,TS9,"(2S,3S,4R)-2-amino-3,4-dihydroxy-3-methylpentanoic acid",conditional,极性／带电侧链,C6 H13 N O4,163.172,,not-audited,,,,结构可能是独立非天然氨基酸，但用途或单体可获得性仍依赖人工核实。,先核对主链连接几何和独立单体身份，再决定是否查合成证据。,以极性/带电特征为主，不宜默认用于提高被动渗透性,https://www.rcsb.org/ligand/TS9
仅结构参考,TSQ,4-(trimethylsilyl)-L-phenylalanine,reference,芳香／疏水侧链,C12 H19 N O2 Si,237.37,,not-audited,,,,复杂度、反应性、极性、端基或保护状态存在明显疑问，不进入默认单体库。,除非有明确研究用途，否则不优先审核。,含硅结构常见于保护或特殊合成中间体，需要人工确认最终残基形态,https://www.rcsb.org/ligand/TSQ
仅结构参考,TST,4-METHYL-2-{[4-(TOLUENE-4-SULFONYL)-THIOMORPHOLINE-3-CARBONYL]-AMINO}-PENTANOIC ACID,reference,芳香／疏水侧链,C18 H26 N2 O5 S2,414.539,,not-audited,,,,复杂度、反应性、极性、端基或保护状态存在明显疑问，不进入默认单体库。,除非有明确研究用途，否则不优先审核。,分子量超过300 Da，单体复杂度和环肽总分子量负担较高；CCD未指定标准氨基酸母体，需确认它是独立残基而非氨基酸样片段,https://www.rcsb.org/ligand/TST
条件结构候选,TSY,(2S)-2-amino-3-trisulfanylpropanoic acid,conditional,其他CCD肽链核心,C3 H7 N O2 S3,185.288,,not-audited,,,,结构可能是独立非天然氨基酸，但用途或单体可获得性仍依赖人工核实。,先核对主链连接几何和独立单体身份，再决定是否查合成证据。,,https://www.rcsb.org/ligand/TSY
条件结构候选,TTQ,6-AMINO-7-HYDROXY-L-TRYPTOPHAN,conditional,芳香／疏水侧链,C11 H13 N3 O3,235.239,,not-audited,,,,结构可能是独立非天然氨基酸，但用途或单体可获得性仍依赖人工核实。,先核对主链连接几何和独立单体身份，再决定是否查合成证据。,,https://www.rcsb.org/ligand/TTQ
仅结构参考,TTS,"3-((3E)-4-HYDROXY-3-{[2-(4-HYDROXYPHENYL)ETHYL]IMINO}-6-OXOCYCLOHEXA-1,4-DIEN-1-YL)ALANINE",reference,构象限制,C17 H18 N2 O5,330.335,,not-audited,,,,复杂度、反应性、极性、端基或保护状态存在明显疑问，不进入默认单体库。,除非有明确研究用途，否则不优先审核。,分子量超过300 Da，单体复杂度和环肽总分子量负担较高,https://www.rcsb.org/ligand/TTS
仅在较长聚合物中观察到,TXY,"3-[(5S)-4,5-dihydroxycyclohexa-1,3-dien-1-yl]-L-alanine",priority,构象限制,C9 H13 N O4,199.204,,polymer-only,1,0,6H8T,该CCD进入过PDB聚合物序列，但目前没有短肽命中，不能直接推断适合常规肽合成。,核对残基形成方式及是否存在独立保护单体。,,https://www.rcsb.org/ligand/TXY
条件结构候选,TY1,O-tert-butyl-L-tyrosine,conditional,芳香／疏水侧链,C13 H19 N O3,237.295,,not-audited,,,,结构可能是独立非天然氨基酸，但用途或单体可获得性仍依赖人工核实。,先核对主链连接几何和独立单体身份，再决定是否查合成证据。,,https://www.rcsb.org/ligand/TY1
条件结构候选,TY2,3-AMINO-L-TYROSINE,conditional,芳香／疏水侧链,C9 H12 N2 O3,196.203,,not-audited,,,,结构可能是独立非天然氨基酸，但用途或单体可获得性仍依赖人工核实。,先核对主链连接几何和独立单体身份，再决定是否查合成证据。,,https://www.rcsb.org/ligand/TY2
条件结构候选,TY5,O-benzyl-L-tyrosine,conditional,芳香／疏水侧链,C16 H17 N O3,271.311,,not-audited,,,,结构可能是独立非天然氨基酸，但用途或单体可获得性仍依赖人工核实。,先核对主链连接几何和独立单体身份，再决定是否查合成证据。,分子量超过250 Da，需关注偶联效率、溶解度和总环肽体积,https://www.rcsb.org/ligand/TY5
仅结构参考,TY8,"2,4-bis(hydroperoxy)-5-hydroxy-L-phenylalanine",reference,芳香／疏水侧链,C9 H11 N O7,245.186,,not-audited,,,,复杂度、反应性、极性、端基或保护状态存在明显疑问，不进入默认单体库。,除非有明确研究用途，否则不优先审核。,杂原子较多，可能增加暴露极性和去溶剂化代价,https://www.rcsb.org/ligand/TY8
仅结构参考,TY9,"3,4-bis(hydroperoxy)-5-hydroxy-L-phenylalanine",reference,芳香／疏水侧链,C9 H11 N O7,245.186,,not-audited,,,,复杂度、反应性、极性、端基或保护状态存在明显疑问，不进入默认单体库。,除非有明确研究用途，否则不优先审核。,杂原子较多，可能增加暴露极性和去溶剂化代价,https://www.rcsb.org/ligand/TY9
排除,TYB,TYROSINAL,exclude,芳香／疏水侧链,C9 H11 N O2,165.189,,not-audited,,,,自动规则识别为整分子、辅因子、金属复合物、完整肽、保护体或缺少常规偶联羧基。,不计入非天然氨基酸单体数量。,,https://www.rcsb.org/ligand/TYB
排除,TYE,4-[(2S)-2-amino-3-hydroxypropyl]phenol,exclude,芳香／疏水侧链,C9 H13 N O2,167.205,,not-audited,,,,自动规则识别为整分子、辅因子、金属复合物、完整肽、保护体或缺少常规偶联羧基。,不计入非天然氨基酸单体数量。,,https://www.rcsb.org/ligand/TYE
仅结构参考,TYI,"3,5-DIIODOTYROSINE",reference,卤代／电子调节,C9 H9 I2 N O3,432.982,,not-audited,,,,复杂度、反应性、极性、端基或保护状态存在明显疑问，不进入默认单体库。,除非有明确研究用途，否则不优先审核。,分子量超过300 Da，单体复杂度和环肽总分子量负担较高,https://www.rcsb.org/ligand/TYI
条件结构候选,TYJ,"2,5-dihydroxy-N-methyl-L-tyrosine",conditional,N-取代,C10 H13 N O5,227.214,,not-audited,,,,结构可能是独立非天然氨基酸，但用途或单体可获得性仍依赖人工核实。,先核对主链连接几何和独立单体身份，再决定是否查合成证据。,,https://www.rcsb.org/ligand/TYJ
仅结构参考,TYN,AMINOBENZOFURAZAN-O-TYROSINE,reference,芳香／疏水侧链,C15 H16 N4 O4,316.312,,not-audited,,,,复杂度、反应性、极性、端基或保护状态存在明显疑问，不进入默认单体库。,除非有明确研究用途，否则不优先审核。,分子量超过300 Da，单体复杂度和环肽总分子量负担较高,https://www.rcsb.org/ligand/TYN
条件结构候选,TYO,"(4Z,6E)-2-AMINO-7-HYDROPEROXY-4-[(E)-2-HYDROXYVINYL]HEPTA-4,6-DIENOIC ACID",conditional,极性／带电侧链,C9 H13 N O5,215.203,,not-audited,,,,结构可能是独立非天然氨基酸，但用途或单体可获得性仍依赖人工核实。,先核对主链连接几何和独立单体身份，再决定是否查合成证据。,以极性/带电特征为主，不宜默认用于提高被动渗透性,https://www.rcsb.org/ligand/TYO
条件结构候选,TYQ,3-AMINO-6-HYDROXY-TYROSINE,conditional,芳香／疏水侧链,C9 H12 N2 O4,212.203,,not-audited,,,,结构可能是独立非天然氨基酸，但用途或单体可获得性仍依赖人工核实。,先核对主链连接几何和独立单体身份，再决定是否查合成证据。,,https://www.rcsb.org/ligand/TYQ
条件结构候选,TYS,O-SULFO-L-TYROSINE,conditional,芳香／疏水侧链,C9 H11 N O6 S,261.252,,not-audited,,,,结构可能是独立非天然氨基酸，但用途或单体可获得性仍依赖人工核实。,先核对主链连接几何和独立单体身份，再决定是否查合成证据。,分子量超过250 Da，需关注偶联效率、溶解度和总环肽体积,https://www.rcsb.org/ligand/TYS
仅结构参考,TYT,TYROSINE DERIVATIVE,reference,构象限制,C18 H20 N2 O4,328.362,,not-audited,,,,复杂度、反应性、极性、端基或保护状态存在明显疑问，不进入默认单体库。,除非有明确研究用途，否则不优先审核。,分子量超过300 Da，单体复杂度和环肽总分子量负担较高,https://www.rcsb.org/ligand/TYT
条件结构候选,TYX,S-(2-ANILINO-2-OXOETHYL)-L-CYSTEINE,conditional,芳香／疏水侧链,C11 H14 N2 O3 S,254.305,,not-audited,,,,结构可能是独立非天然氨基酸，但用途或单体可获得性仍依赖人工核实。,先核对主链连接几何和独立单体身份，再决定是否查合成证据。,分子量超过250 Da，需关注偶联效率、溶解度和总环肽体积；CCD未指定标准氨基酸母体，需确认它是独立残基而非氨基酸样片段,https://www.rcsb.org/ligand/TYX
仅在较长聚合物中观察到,TYY,"3-(4-HYDROXY-3-IMINO-6-OXO-CYCLOHEXA-1,4-DIENYL)-ALANINE",priority,构象限制,C9 H10 N2 O4,210.187,,polymer-only,4,0,1D6Z / 4KFD / 4KFE / 4KFF,该CCD进入过PDB聚合物序列，但目前没有短肽命中，不能直接推断适合常规肽合成。,核对残基形成方式及是否存在独立保护单体。,,https://www.rcsb.org/ligand/TYY
条件结构候选,TZB,"(4S)-2-[(1E)-1-AMINOPROP-1-ENYL]-4,5-DIHYDRO-1,3-THIAZOLE-4-CARBOXYLIC ACID",conditional,极性／带电侧链,C7 H10 N2 O2 S,186.231,,not-audited,,,,结构可能是独立非天然氨基酸，但用途或单体可获得性仍依赖人工核实。,先核对主链连接几何和独立单体身份，再决定是否查合成证据。,CCD未指定标准氨基酸母体，需确认它是独立残基而非氨基酸样片段；以极性/带电特征为主，不宜默认用于提高被动渗透性,https://www.rcsb.org/ligand/TZB
条件结构候选,U2M,(2S)-2-amino-7-sulfanylheptanoic acid,conditional,其他CCD肽链核心,C7 H15 N O2 S,177.264,,not-audited,,,,结构可能是独立非天然氨基酸，但用途或单体可获得性仍依赖人工核实。,先核对主链连接几何和独立单体身份，再决定是否查合成证据。,CCD未指定标准氨基酸母体，需确认它是独立残基而非氨基酸样片段,https://www.rcsb.org/ligand/U2M
条件结构候选,U2X,O-(cyclohexylmethyl)-L-tyrosine,conditional,构象限制,C16 H23 N O3,277.359,,not-audited,,,,结构可能是独立非天然氨基酸，但用途或单体可获得性仍依赖人工核实。,先核对主链连接几何和独立单体身份，再决定是否查合成证据。,分子量超过250 Da，需关注偶联效率、溶解度和总环肽体积,https://www.rcsb.org/ligand/U2X
条件结构候选,U3X,4-[(cyclohexylmethyl)amino]-L-phenylalanine,conditional,构象限制,C16 H24 N2 O2,276.374,,not-audited,,,,结构可能是独立非天然氨基酸，但用途或单体可获得性仍依赖人工核实。,先核对主链连接几何和独立单体身份，再决定是否查合成证据。,分子量超过250 Da，需关注偶联效率、溶解度和总环肽体积,https://www.rcsb.org/ligand/U3X
条件结构候选,UAL,(2Z)-2-amino-3-(carbamoylamino)prop-2-enoic acid,conditional,极性／带电侧链,C4 H7 N3 O3,145.117,,not-audited,,,,结构可能是独立非天然氨基酸，但用途或单体可获得性仍依赖人工核实。,先核对主链连接几何和独立单体身份，再决定是否查合成证据。,CCD仅标为通用peptide linking，需确认真实主链连接几何；CCD未指定标准氨基酸母体，需确认它是独立残基而非氨基酸样片段；以极性/带电特征为主，不宜默认用于提高被动渗透性,https://www.rcsb.org/ligand/UAL
条件结构候选,UB4,"(2S)-2-amino-4-(1,3-benzothiazol-2-yl)butanoic acid",conditional,芳香／疏水侧链,C11 H12 N2 O2 S,236.29,,not-audited,,,,结构可能是独立非天然氨基酸，但用途或单体可获得性仍依赖人工核实。,先核对主链连接几何和独立单体身份，再决定是否查合成证据。,CCD未指定标准氨基酸母体，需确认它是独立残基而非氨基酸样片段,https://www.rcsb.org/ligand/UB4
条件结构候选,UDS,N-[(3-HYDROXYQUINOLIN-2-YL)CARBONYL]-D-SERINE,conditional,D-构型,C13 H12 N2 O5,276.245,,not-audited,,,,结构可能是独立非天然氨基酸，但用途或单体可获得性仍依赖人工核实。,先核对主链连接几何和独立单体身份，再决定是否查合成证据。,分子量超过250 Da，需关注偶联效率、溶解度和总环肽体积,https://www.rcsb.org/ligand/UDS
排除,UF0,"O-[(R)-hydroxy{[(3R)-3-hydroxy-4-{[3-({2-[(hydroxyacetyl)amino]ethyl}amino)-3-oxopropyl]amino}-2,2-dimethyl-4-oxobutyl]oxy}phosphoryl]-L-serine",exclude,极性／带电侧链,C16 H31 N4 O11 P,486.411,,not-audited,,,,自动规则识别为整分子、辅因子、金属复合物、完整肽、保护体或缺少常规偶联羧基。,不计入非天然氨基酸单体数量。,,https://www.rcsb.org/ligand/UF0
条件结构候选,UGY,(2S)-amino(carbamoylamino)ethanoic acid,conditional,极性／带电侧链,C3 H7 N3 O3,133.106,,not-audited,,,,结构可能是独立非天然氨基酸，但用途或单体可获得性仍依赖人工核实。,先核对主链连接几何和独立单体身份，再决定是否查合成证据。,CCD仅标为通用peptide linking，需确认真实主链连接几何；以极性/带电特征为主，不宜默认用于提高被动渗透性,https://www.rcsb.org/ligand/UGY
条件结构候选,UIA,[(2~{R})-1-azanylpropan-2-yl]carbamic acid,conditional,极性／带电侧链,C4 H10 N2 O2,118.134,,not-audited,,,,结构可能是独立非天然氨基酸，但用途或单体可获得性仍依赖人工核实。,先核对主链连接几何和独立单体身份，再决定是否查合成证据。,CCD未指定标准氨基酸母体，需确认它是独立残基而非氨基酸样片段；以极性/带电特征为主，不宜默认用于提高被动渗透性,https://www.rcsb.org/ligand/UIA
排除,UJR,(2~{R})-2-azanyl-3-(5-iodanylpyrimidin-2-yl)sulfanyl-propanal,exclude,芳香／疏水侧链,C7 H8 I N3 O S,309.127,,not-audited,,,,自动规则识别为整分子、辅因子、金属复合物、完整肽、保护体或缺少常规偶联羧基。,不计入非天然氨基酸单体数量。,,https://www.rcsb.org/ligand/UJR
仅结构参考,UKD,"3-(4-phosphono-1H-1,2,3-triazol-1-yl)-L-alanine",reference,芳香／疏水侧链,C5 H9 N4 O5 P,236.123,,not-audited,,,,复杂度、反应性、极性、端基或保护状态存在明显疑问，不进入默认单体库。,除非有明确研究用途，否则不优先审核。,含磷酸/膦酸相关结构，通常不利于被动跨膜，除非有专门遮蔽设计；CCD未指定标准氨基酸母体，需确认它是独立残基而非氨基酸样片段,https://www.rcsb.org/ligand/UKD
仅结构参考,UKY,"3-(5-phosphono-1H-1,2,3-triazol-1-yl)-L-alanine",reference,芳香／疏水侧链,C5 H9 N4 O5 P,236.123,,not-audited,,,,复杂度、反应性、极性、端基或保护状态存在明显疑问，不进入默认单体库。,除非有明确研究用途，否则不优先审核。,含磷酸/膦酸相关结构，通常不利于被动跨膜，除非有专门遮蔽设计；CCD未指定标准氨基酸母体，需确认它是独立残基而非氨基酸样片段,https://www.rcsb.org/ligand/UKY
条件结构候选,UM1,(2R)-2-[[(2R)-2-(2-aminoethanoylamino)propanoyl]amino]propanoic acid,conditional,D-构型,C8 H15 N3 O4,217.222,,not-audited,,,,结构可能是独立非天然氨基酸，但用途或单体可获得性仍依赖人工核实。,先核对主链连接几何和独立单体身份，再决定是否查合成证据。,,https://www.rcsb.org/ligand/UM1
排除,UM2,(2S)-2-amino-N-butyl-propanamide,exclude,极性／带电侧链,C7 H16 N2 O,144.215,,not-audited,,,,自动规则识别为整分子、辅因子、金属复合物、完整肽、保护体或缺少常规偶联羧基。,不计入非天然氨基酸单体数量。,,https://www.rcsb.org/ligand/UM2
排除,UMA,URIDINE-5'-DIPHOSPHATE-N-ACETYLMURAMOYL-L-ALANINE,exclude,极性／带电侧链,C23 H36 N4 O20 P2,750.494,,not-audited,,,,自动规则识别为整分子、辅因子、金属复合物、完整肽、保护体或缺少常规偶联羧基。,不计入非天然氨基酸单体数量。,,https://www.rcsb.org/ligand/UMA
条件结构候选,UN1,2-AMINOHEXANEDIOIC ACID,conditional,极性／带电侧链,C6 H11 N O4,161.156,,not-audited,,,,结构可能是独立非天然氨基酸，但用途或单体可获得性仍依赖人工核实。,先核对主链连接几何和独立单体身份，再决定是否查合成证据。,CCD未指定标准氨基酸母体，需确认它是独立残基而非氨基酸样片段；以极性/带电特征为主，不宜默认用于提高被动渗透性,https://www.rcsb.org/ligand/UN1
条件结构候选,UN2,"2-AMINO-4,4-DIHYDROXYBUTANOIC ACID",conditional,极性／带电侧链,C4 H9 N O4,135.119,,not-audited,,,,结构可能是独立非天然氨基酸，但用途或单体可获得性仍依赖人工核实。,先核对主链连接几何和独立单体身份，再决定是否查合成证据。,CCD未指定标准氨基酸母体，需确认它是独立残基而非氨基酸样片段；以极性/带电特征为主，不宜默认用于提高被动渗透性,https://www.rcsb.org/ligand/UN2
条件结构候选,UOX,3-(oxido-lambda~4~-selanyl)-L-alanine,conditional,极性／带电侧链,C3 H6 N O3 Se,183.045,,not-audited,,,,结构可能是独立非天然氨基酸，但用途或单体可获得性仍依赖人工核实。,先核对主链连接几何和独立单体身份，再决定是否查合成证据。,以极性/带电特征为主，不宜默认用于提高被动渗透性,https://www.rcsb.org/ligand/UOX
条件结构候选,URV,[(2~{S})-2-azanyl-3-methyl-butyl]carbamic acid,conditional,极性／带电侧链,C6 H14 N2 O2,146.188,,not-audited,,,,结构可能是独立非天然氨基酸，但用途或单体可获得性仍依赖人工核实。,先核对主链连接几何和独立单体身份，再决定是否查合成证据。,CCD未指定标准氨基酸母体，需确认它是独立残基而非氨基酸样片段；以极性/带电特征为主，不宜默认用于提高被动渗透性,https://www.rcsb.org/ligand/URV
条件结构候选,UU4,(2S)-2-amino-4-(L-serylamino)butanoic acid,conditional,极性／带电侧链,C7 H15 N3 O4,205.212,,not-audited,,,,结构可能是独立非天然氨基酸，但用途或单体可获得性仍依赖人工核实。,先核对主链连接几何和独立单体身份，再决定是否查合成证据。,CCD未指定标准氨基酸母体，需确认它是独立残基而非氨基酸样片段；以极性/带电特征为主，不宜默认用于提高被动渗透性,https://www.rcsb.org/ligand/UU4
条件结构候选,UU5,(2S)-2-amino-4-[(oxoacetyl)amino]butanoic acid,conditional,极性／带电侧链,C6 H10 N2 O4,174.155,,not-audited,,,,结构可能是独立非天然氨基酸，但用途或单体可获得性仍依赖人工核实。,先核对主链连接几何和独立单体身份，再决定是否查合成证据。,CCD未指定标准氨基酸母体，需确认它是独立残基而非氨基酸样片段；以极性/带电特征为主，不宜默认用于提高被动渗透性,https://www.rcsb.org/ligand/UU5
条件结构候选,UX8,"(2~{S},3~{R})-2-azanyl-3-(1~{H}-indol-3-yl)-3-oxidanyl-propanoic acid",conditional,芳香／疏水侧链,C11 H12 N2 O3,220.225,,not-audited,,,,结构可能是独立非天然氨基酸，但用途或单体可获得性仍依赖人工核实。,先核对主链连接几何和独立单体身份，再决定是否查合成证据。,,https://www.rcsb.org/ligand/UX8
条件结构候选,UXQ,(2S)-2-azanyl-3-[4-[(2-chloranylethanoylamino)methyl]phenyl]propanoic acid,conditional,芳香／疏水侧链,C12 H15 Cl N2 O3,270.712,,not-audited,,,,结构可能是独立非天然氨基酸，但用途或单体可获得性仍依赖人工核实。,先核对主链连接几何和独立单体身份，再决定是否查合成证据。,分子量超过250 Da，需关注偶联效率、溶解度和总环肽体积；CCD仅标为通用peptide linking，需确认真实主链连接几何,https://www.rcsb.org/ligand/UXQ
条件结构候选,UXY,(4R)-4-hydroxy-L-lysine,conditional,极性／带电侧链,C6 H14 N2 O3,162.187,,not-audited,,,,结构可能是独立非天然氨基酸，但用途或单体可获得性仍依赖人工核实。,先核对主链连接几何和独立单体身份，再决定是否查合成证据。,CCD未指定标准氨基酸母体，需确认它是独立残基而非氨基酸样片段；以极性/带电特征为主，不宜默认用于提高被动渗透性,https://www.rcsb.org/ligand/UXY
优先结构候选，暂无使用命中,UY7,(4S)-4-hydroxy-D-proline,priority,D-构型,C5 H9 N O3,131.13,,no-polymer-hit,0,0,,结构符合优先研发方向，但当前PDB聚合物审计没有命中。,查询供应商、合成论文、专利和SPPS/LPPS使用记录。,CCD未指定标准氨基酸母体，需确认它是独立残基而非氨基酸样片段,https://www.rcsb.org/ligand/UY7
已在短肽序列中观察到,UYA,(4R)-4-hydroxy-D-proline,priority,D-构型,C5 H9 N O3,131.13,,short-polymer,2,2,8PQO / 8XGO,该CCD进入过不超过50残基的PDB聚合物序列，支持其作为肽残基使用，但尚未逐条确认独立单体来源。,查原始论文，确认是预制单体偶联还是翻译后/结构内修饰。,CCD未指定标准氨基酸母体，需确认它是独立残基而非氨基酸样片段,https://www.rcsb.org/ligand/UYA
条件结构候选,UZ4,"(2R,3S)-3-amino-2-hydroxy-4-[(3S)-2-oxopyrrolidin-3-yl]butanoic acid",conditional,极性／带电侧链,C8 H14 N2 O4,202.208,,not-audited,,,,结构可能是独立非天然氨基酸，但用途或单体可获得性仍依赖人工核实。,先核对主链连接几何和独立单体身份，再决定是否查合成证据。,CCD未指定标准氨基酸母体，需确认它是独立残基而非氨基酸样片段；以极性/带电特征为主，不宜默认用于提高被动渗透性,https://www.rcsb.org/ligand/UZ4
条件结构候选,UZA,"(2S,6E)-2-amino-2-methylnon-6-enoic acid",conditional,其他CCD肽链核心,C10 H19 N O2,185.263,,not-audited,,,,结构可能是独立非天然氨基酸，但用途或单体可获得性仍依赖人工核实。,先核对主链连接几何和独立单体身份，再决定是否查合成证据。,CCD未指定标准氨基酸母体，需确认它是独立残基而非氨基酸样片段,https://www.rcsb.org/ligand/UZA
条件结构候选,UZN,[(2~{S})-2-azanylhexyl]carbamic acid,conditional,极性／带电侧链,C7 H16 N2 O2,160.214,,not-audited,,,,结构可能是独立非天然氨基酸，但用途或单体可获得性仍依赖人工核实。,先核对主链连接几何和独立单体身份，再决定是否查合成证据。,CCD未指定标准氨基酸母体，需确认它是独立残基而非氨基酸样片段；以极性/带电特征为主，不宜默认用于提高被动渗透性,https://www.rcsb.org/ligand/UZN
条件结构候选,V1C,(2S)-2-azanyl-3-[4-[1-(2-methylpropyl)pyrazol-4-yl]phenyl]propanoic acid,conditional,延长骨架,C16 H21 N3 O2,287.357,,not-audited,,,,结构可能是独立非天然氨基酸，但用途或单体可获得性仍依赖人工核实。,先核对主链连接几何和独立单体身份，再决定是否查合成证据。,分子量超过250 Da，需关注偶联效率、溶解度和总环肽体积,https://www.rcsb.org/ligand/V1C
条件结构候选,V1V,"(2S,3S)-3-amino-2-hydroxyhexanoic acid",conditional,极性／带电侧链,C6 H13 N O3,147.172,,not-audited,,,,结构可能是独立非天然氨基酸，但用途或单体可获得性仍依赖人工核实。,先核对主链连接几何和独立单体身份，再决定是否查合成证据。,CCD未指定标准氨基酸母体，需确认它是独立残基而非氨基酸样片段；以极性/带电特征为主，不宜默认用于提高被动渗透性,https://www.rcsb.org/ligand/V1V
已在短肽序列中观察到,V3C,Trans-4-athyl-L-proline,priority,构象限制,C7 H13 N O2,143.184,,short-polymer,1,1,8CIZ,该CCD进入过不超过50残基的PDB聚合物序列，支持其作为肽残基使用，但尚未逐条确认独立单体来源。,查原始论文，确认是预制单体偶联还是翻译后/结构内修饰。,,https://www.rcsb.org/ligand/V3C
排除,V3E,(2~{S})-2-azanyl-3-(2-hydroxyphenyl)propanoic acid,exclude,芳香／疏水侧链,C10 H13 N O3,195.215,,not-audited,,,,自动规则识别为整分子、辅因子、金属复合物、完整肽、保护体或缺少常规偶联羧基。,不计入非天然氨基酸单体数量。,,https://www.rcsb.org/ligand/V3E
仅结构参考,V44,"S-[2,2-bis(1-methyl-1H-imidazol-2-yl)ethyl]-L-cysteine",reference,芳香／疏水侧链,C13 H19 N5 O2 S,309.387,,not-audited,,,,复杂度、反应性、极性、端基或保护状态存在明显疑问，不进入默认单体库。,除非有明确研究用途，否则不优先审核。,分子量超过300 Da，单体复杂度和环肽总分子量负担较高,https://www.rcsb.org/ligand/V44
仅结构参考,V4F,8-(aminomethyl)-4-(phosphonomethoxy)quinoline-2-carboxylic acid,reference,芳香／疏水侧链,C12 H13 N2 O6 P,312.215,,not-audited,,,,复杂度、反应性、极性、端基或保护状态存在明显疑问，不进入默认单体库。,除非有明确研究用途，否则不优先审核。,分子量超过300 Da，单体复杂度和环肽总分子量负担较高；含磷酸/膦酸相关结构，通常不利于被动跨膜，除非有专门遮蔽设计；CCD仅标为通用peptide linking，需确认真实主链连接几何,https://www.rcsb.org/ligand/V4F
仅结构参考,V53,8-azanyl-4-(phosphonomethoxy)quinoline-2-carboxylic acid,reference,芳香／疏水侧链,C11 H11 N2 O6 P,298.189,,not-audited,,,,复杂度、反应性、极性、端基或保护状态存在明显疑问，不进入默认单体库。,除非有明确研究用途，否则不优先审核。,分子量超过250 Da，需关注偶联效率、溶解度和总环肽体积；含磷酸/膦酸相关结构，通常不利于被动跨膜，除非有专门遮蔽设计；CCD仅标为通用peptide linking，需确认真实主链连接几何,https://www.rcsb.org/ligand/V53
条件结构候选,V5F,(2R)-2-(2-azanylphenoxy)propanoic acid,conditional,芳香／疏水侧链,C9 H11 N O3,181.189,,not-audited,,,,结构可能是独立非天然氨基酸，但用途或单体可获得性仍依赖人工核实。,先核对主链连接几何和独立单体身份，再决定是否查合成证据。,CCD仅标为通用peptide linking，需确认真实主链连接几何；CCD未指定标准氨基酸母体，需确认它是独立残基而非氨基酸样片段,https://www.rcsb.org/ligand/V5F
条件结构候选,V5N,"(2S,3S)-2-azanyl-3-(1H-imidazol-5-yl)-3-oxidanyl-propanoic acid",conditional,芳香／疏水侧链,C6 H9 N3 O3,171.154,,not-audited,,,,结构可能是独立非天然氨基酸，但用途或单体可获得性仍依赖人工核实。,先核对主链连接几何和独立单体身份，再决定是否查合成证据。,,https://www.rcsb.org/ligand/V5N
仅结构参考,V61,"2,3,5,6-tetrafluoro-4-iodo-L-phenylalanine",reference,卤代／电子调节,C9 H6 F4 I N O2,363.048,,not-audited,,,,复杂度、反应性、极性、端基或保护状态存在明显疑问，不进入默认单体库。,除非有明确研究用途，否则不优先审核。,分子量超过300 Da，单体复杂度和环肽总分子量负担较高,https://www.rcsb.org/ligand/V61
条件结构候选,V6W,NE-Acetyl-L-tryptophan,conditional,芳香／疏水侧链,C13 H14 N2 O4,262.261,,not-audited,,,,结构可能是独立非天然氨基酸，但用途或单体可获得性仍依赖人工核实。,先核对主链连接几何和独立单体身份，再决定是否查合成证据。,分子量超过250 Da，需关注偶联效率、溶解度和总环肽体积,https://www.rcsb.org/ligand/V6W
条件结构候选,VAD,DEAMINOHYDROXYVALINE,conditional,极性／带电侧链,C5 H10 O3,118.131,,not-audited,,,,结构可能是独立非天然氨基酸，但用途或单体可获得性仍依赖人工核实。,先核对主链连接几何和独立单体身份，再决定是否查合成证据。,以极性/带电特征为主，不宜默认用于提高被动渗透性,https://www.rcsb.org/ligand/VAD
条件结构候选,VAH,(3R)-3-hydroxy-L-norvaline,conditional,极性／带电侧链,C5 H11 N O3,133.146,,not-audited,,,,结构可能是独立非天然氨基酸，但用途或单体可获得性仍依赖人工核实。,先核对主链连接几何和独立单体身份，再决定是否查合成证据。,以极性/带电特征为主，不宜默认用于提高被动渗透性,https://www.rcsb.org/ligand/VAH
仅结构参考,VB1,N^6^-[(1R)-2-{[(1S)-1-carboxypropyl]amino}-2-oxo-1-(sulfanylmethyl)ethyl]-6-oxo-L-lysine,reference,极性／带电侧链,C13 H23 N3 O6 S,349.403,,not-audited,,,,复杂度、反应性、极性、端基或保护状态存在明显疑问，不进入默认单体库。,除非有明确研究用途，否则不优先审核。,分子量超过300 Da，单体复杂度和环肽总分子量负担较高；以极性/带电特征为主，不宜默认用于提高被动渗透性,https://www.rcsb.org/ligand/VB1
仅结构参考,VDE,"(2S)-2-azanyl-6-[4-[(2S)-2,3-bis(azanyl)-3-oxidanylidene-propyl]-1,2,3-triazol-1-yl]hexanoic acid",reference,芳香／疏水侧链,C11 H20 N6 O3,284.315,,not-audited,,,,复杂度、反应性、极性、端基或保护状态存在明显疑问，不进入默认单体库。,除非有明确研究用途，否则不优先审核。,分子量超过250 Da，需关注偶联效率、溶解度和总环肽体积；杂原子较多，可能增加暴露极性和去溶剂化代价；CCD仅标为通用peptide linking，需确认真实主链连接几何；CCD未指定标准氨基酸母体，需确认它是独立残基而非氨基酸样片段,https://www.rcsb.org/ligand/VDE
已在短肽序列中观察到,VDK,"[(1S,3S)-3-carboxycyclohexyl]azanium",priority,构象限制,C7 H14 N O2,144.192,,short-polymer,1,1,7OFV,该CCD进入过不超过50残基的PDB聚合物序列，支持其作为肽残基使用，但尚未逐条确认独立单体来源。,查原始论文，确认是预制单体偶联还是翻译后/结构内修饰。,CCD仅标为通用peptide linking，需确认真实主链连接几何；CCD未指定标准氨基酸母体，需确认它是独立残基而非氨基酸样片段,https://www.rcsb.org/ligand/VDK
已在短肽序列中观察到,VDL,"(2R,3R)-2,3-DIAMINOBUTANOIC ACID",priority,D-构型,C4 H10 N2 O2,118.134,,short-polymer,1,1,1W3M,该CCD进入过不超过50残基的PDB聚合物序列，支持其作为肽残基使用，但尚未逐条确认独立单体来源。,查原始论文，确认是预制单体偶联还是翻译后/结构内修饰。,CCD未指定标准氨基酸母体，需确认它是独立残基而非氨基酸样片段,https://www.rcsb.org/ligand/VDL
条件结构候选,VEF,"(3S)-3-azanyl-2,2-bis(oxidanyl)butanoic acid",conditional,极性／带电侧链,C4 H9 N O4,135.119,,not-audited,,,,结构可能是独立非天然氨基酸，但用途或单体可获得性仍依赖人工核实。,先核对主链连接几何和独立单体身份，再决定是否查合成证据。,CCD未指定标准氨基酸母体，需确认它是独立残基而非氨基酸样片段；以极性/带电特征为主，不宜默认用于提高被动渗透性,https://www.rcsb.org/ligand/VEF
条件结构候选,VH0,"(2S,4S)-4-[4-(aminomethyl)-1,2,3-triazol-1-yl]pyrrolidine-2-carboxylic acid",conditional,芳香／疏水侧链,C8 H13 N5 O2,211.221,,not-audited,,,,结构可能是独立非天然氨基酸，但用途或单体可获得性仍依赖人工核实。,先核对主链连接几何和独立单体身份，再决定是否查合成证据。,,https://www.rcsb.org/ligand/VH0
仅结构参考,VHF,(2~{S})-2-azanyl-5-oxidanylidene-5-phosphonooxy-pentanoic acid,reference,极性／带电侧链,C5 H10 N O7 P,227.109,,not-audited,,,,复杂度、反应性、极性、端基或保护状态存在明显疑问，不进入默认单体库。,除非有明确研究用途，否则不优先审核。,杂原子较多，可能增加暴露极性和去溶剂化代价；含磷酸/膦酸相关结构，通常不利于被动跨膜，除非有专门遮蔽设计；以极性/带电特征为主，不宜默认用于提高被动渗透性,https://www.rcsb.org/ligand/VHF
条件结构候选,VI3,(2~{R})-2-azanyl-3-[bis(oxidanylidene)-$l^{5}-sulfanyl]propanoic acid,conditional,极性／带电侧链,C3 H6 N O4 S,152.149,,not-audited,,,,结构可能是独立非天然氨基酸，但用途或单体可获得性仍依赖人工核实。,先核对主链连接几何和独立单体身份，再决定是否查合成证据。,以极性/带电特征为主，不宜默认用于提高被动渗透性,https://www.rcsb.org/ligand/VI3
条件结构候选,VLL,"(2S)-2,3-DIAMINOBUTANOIC ACID",conditional,极性／带电侧链,C4 H10 N2 O2,118.134,,not-audited,,,,结构可能是独立非天然氨基酸，但用途或单体可获得性仍依赖人工核实。,先核对主链连接几何和独立单体身份，再决定是否查合成证据。,CCD未指定标准氨基酸母体，需确认它是独立残基而非氨基酸样片段；以极性/带电特征为主，不宜默认用于提高被动渗透性,https://www.rcsb.org/ligand/VLL
排除,VLM,VALINYLAMINE,exclude,极性／带电侧链,C5 H12 N2 O,116.162,,not-audited,,,,自动规则识别为整分子、辅因子、金属复合物、完整肽、保护体或缺少常规偶联羧基。,不计入非天然氨基酸单体数量。,,https://www.rcsb.org/ligand/VLM
排除,VMS,5'O-[N-(L-VALYL)SULPHAMOYL]ADENOSINE,exclude,极性／带电侧链,C15 H23 N7 O7 S,445.451,,not-audited,,,,自动规则识别为整分子、辅因子、金属复合物、完整肽、保护体或缺少常规偶联羧基。,不计入非天然氨基酸单体数量。,,https://www.rcsb.org/ligand/VMS
条件结构候选,VNW,8-azanyl-4-methylselanyl-quinoline-2-carboxylic acid,conditional,芳香／疏水侧链,C11 H10 N2 O2 Se,281.169,,not-audited,,,,结构可能是独立非天然氨基酸，但用途或单体可获得性仍依赖人工核实。,先核对主链连接几何和独立单体身份，再决定是否查合成证据。,分子量超过250 Da，需关注偶联效率、溶解度和总环肽体积；CCD仅标为通用peptide linking，需确认真实主链连接几何；CCD未指定标准氨基酸母体，需确认它是独立残基而非氨基酸样片段,https://www.rcsb.org/ligand/VNW
排除,VOL,L-VALINOL,exclude,其他CCD肽链核心,C5 H13 N O,103.163,,not-audited,,,,自动规则识别为整分子、辅因子、金属复合物、完整肽、保护体或缺少常规偶联羧基。,不计入非天然氨基酸单体数量。,,https://www.rcsb.org/ligand/VOL
仅结构参考,VPV,"(2E,4R)-2-{[(5S)-5-amino-5-carboxypentyl]imino}-4-hydroxyheptanedioic acid",reference,极性／带电侧链,C13 H22 N2 O7,318.323,,not-audited,,,,复杂度、反应性、极性、端基或保护状态存在明显疑问，不进入默认单体库。,除非有明确研究用途，否则不优先审核。,分子量超过300 Da，单体复杂度和环肽总分子量负担较高；杂原子较多，可能增加暴露极性和去溶剂化代价；以极性/带电特征为主，不宜默认用于提高被动渗透性,https://www.rcsb.org/ligand/VPV
条件结构候选,VR0,N~5~-[N-(methylcarbamoyl)carbamimidoyl]-L-ornithine,conditional,极性／带电侧链,C8 H17 N5 O3,231.252,,not-audited,,,,结构可能是独立非天然氨基酸，但用途或单体可获得性仍依赖人工核实。,先核对主链连接几何和独立单体身份，再决定是否查合成证据。,以极性/带电特征为主，不宜默认用于提高被动渗透性,https://www.rcsb.org/ligand/VR0
仅结构参考,VUB,2-[4-[(4-hydroxyphenyl)methyl]-2-(3-methylbutanimidoyl)-5-oxidanyl-imidazol-1-yl]ethanoic acid,reference,芳香／疏水侧链,C17 H21 N3 O4,331.366,,not-audited,,,,复杂度、反应性、极性、端基或保护状态存在明显疑问，不进入默认单体库。,除非有明确研究用途，否则不优先审核。,分子量超过300 Da，单体复杂度和环肽总分子量负担较高,https://www.rcsb.org/ligand/VUB
条件结构候选,VVK,N-(2-methoxyphenyl)-2-methyl-L-alanine,conditional,芳香／疏水侧链,C11 H15 N O3,209.242,,not-audited,,,,结构可能是独立非天然氨基酸，但用途或单体可获得性仍依赖人工核实。,先核对主链连接几何和独立单体身份，再决定是否查合成证据。,,https://www.rcsb.org/ligand/VVK
排除,VYA,2-[(4~{Z})-2-[(1~{S})-1-azanyl-3-methyl-butyl]-4-[(4-hydroxyphenyl)methylidene]-5-oxidanylidene-imidazol-1-yl]ethanoic acid,exclude,芳香／疏水侧链,C17 H21 N3 O4,331.366,,not-audited,,,,自动规则识别为整分子、辅因子、金属复合物、完整肽、保护体或缺少常规偶联羧基。,不计入非天然氨基酸单体数量。,,https://www.rcsb.org/ligand/VYA
条件结构候选,W4T,3-bromo-S-beta-phenylalanine,conditional,卤代／电子调节,C9 H10 Br N O2,244.085,,not-audited,,,,结构可能是独立非天然氨基酸，但用途或单体可获得性仍依赖人工核实。,先核对主链连接几何和独立单体身份，再决定是否查合成证据。,CCD仅标为通用peptide linking，需确认真实主链连接几何,https://www.rcsb.org/ligand/W4T
仅结构参考,WCM,(2S)-2-amino-3-(biphenyl-4-yl)-N-methyl-N-[(2S)-1-oxopropan-2-yl]propanamide (non-preferred name),reference,N-取代,C19 H22 N2 O3,326.39,,not-audited,,,,复杂度、反应性、极性、端基或保护状态存在明显疑问，不进入默认单体库。,除非有明确研究用途，否则不优先审核。,分子量超过300 Da，单体复杂度和环肽总分子量负担较高；CCD仅标为通用peptide linking，需确认真实主链连接几何；CCD未指定标准氨基酸母体，需确认它是独立残基而非氨基酸样片段,https://www.rcsb.org/ligand/WCM
条件结构候选,WCR,"[(2R,4Z)-2-(aminomethyl)-2-hydroxy-4-(4-hydroxybenzylidene)-5-oxoimidazolidin-1-yl]acetic acid",conditional,芳香／疏水侧链,C13 H15 N3 O5,293.275,,not-audited,,,,结构可能是独立非天然氨基酸，但用途或单体可获得性仍依赖人工核实。,先核对主链连接几何和独立单体身份，再决定是否查合成证据。,分子量超过250 Da，需关注偶联效率、溶解度和总环肽体积,https://www.rcsb.org/ligand/WCR
条件结构候选,WFP,"3,5-difluoro-L-phenylalanine",conditional,卤代／电子调节,C9 H9 F2 N O2,201.17,,not-audited,,,,结构可能是独立非天然氨基酸，但用途或单体可获得性仍依赖人工核实。,先核对主链连接几何和独立单体身份，再决定是否查合成证据。,,https://www.rcsb.org/ligand/WFP
已在短肽序列中观察到,WLU,(4R)-5-hydroxy-N-methyl-L-leucine,priority,N-取代,C7 H15 N O3,161.199,,short-polymer,6,6,3WDC / 3WDD / 3WDE / 5CS2 / 8AD9,该CCD进入过不超过50残基的PDB聚合物序列，支持其作为肽残基使用，但尚未逐条确认独立单体来源。,查原始论文，确认是预制单体偶联还是翻译后/结构内修饰。,,https://www.rcsb.org/ligand/WLU
条件结构候选,WPA,(betaR)-beta-methoxy-L-phenylalanine,conditional,芳香／疏水侧链,C10 H13 N O3,195.215,,not-audited,,,,结构可能是独立非天然氨基酸，但用途或单体可获得性仍依赖人工核实。,先核对主链连接几何和独立单体身份，再决定是否查合成证据。,,https://www.rcsb.org/ligand/WPA
仅结构参考,WRP,(betaR)-beta-hydroxy-1-[(3R)-3-hydroxy-2-methylbutan-2-yl]-L-tryptophan,reference,芳香／疏水侧链,C16 H22 N2 O4,306.357,,not-audited,,,,复杂度、反应性、极性、端基或保护状态存在明显疑问，不进入默认单体库。,除非有明确研究用途，否则不优先审核。,分子量超过300 Da，单体复杂度和环肽总分子量负担较高,https://www.rcsb.org/ligand/WRP
条件结构候选,WVL,"(2S,3R)-2-amino-3,5-dimethylhex-4-enoic acid",conditional,其他CCD肽链核心,C8 H15 N O2,157.21,,not-audited,,,,结构可能是独立非天然氨基酸，但用途或单体可获得性仍依赖人工核实。,先核对主链连接几何和独立单体身份，再决定是否查合成证据。,,https://www.rcsb.org/ligand/WVL
条件结构候选,WWB,5-(3-methylbut-2-en-1-yl)-L-tryptophan,conditional,芳香／疏水侧链,C16 H20 N2 O2,272.342,,not-audited,,,,结构可能是独立非天然氨基酸，但用途或单体可获得性仍依赖人工核实。,先核对主链连接几何和独立单体身份，再决定是否查合成证据。,分子量超过250 Da，需关注偶联效率、溶解度和总环肽体积,https://www.rcsb.org/ligand/WWB
条件结构候选,WYK,"(2S,4S)-4-hydroxy-L-arginine",conditional,极性／带电侧链,C6 H14 N4 O3,190.2,,not-audited,,,,结构可能是独立非天然氨基酸，但用途或单体可获得性仍依赖人工核实。,先核对主链连接几何和独立单体身份，再决定是否查合成证据。,以极性/带电特征为主，不宜默认用于提高被动渗透性,https://www.rcsb.org/ligand/WYK
已在短肽序列中观察到,WZJ,N-methyl-L-alloisoleucine,priority,N-取代,C7 H15 N O2,145.199,,short-polymer,1,1,6PBS,该CCD进入过不超过50残基的PDB聚合物序列，支持其作为肽残基使用，但尚未逐条确认独立单体来源。,查原始论文，确认是预制单体偶联还是翻译后/结构内修饰。,CCD未指定标准氨基酸母体，需确认它是独立残基而非氨基酸样片段,https://www.rcsb.org/ligand/WZJ
仅结构参考,X1B,"{(4Z)-2-[(1S)-1-amino-2-(1-methyl-1H-imidazol-5-yl)ethyl]-4-[(4-hydroxyphenyl)methylidene]-5-oxo-4,5-dihydro-1H-imidazol-1-yl}acetaldehyde",reference,芳香／疏水侧链,C18 H19 N5 O4,369.375,,not-audited,,,,复杂度、反应性、极性、端基或保护状态存在明显疑问，不进入默认单体库。,除非有明确研究用途，否则不优先审核。,分子量超过300 Da，单体复杂度和环肽总分子量负担较高,https://www.rcsb.org/ligand/X1B
排除,X2W,N-ACETYL-L-GLUTAMYL 5-PHOSPHATE,exclude,极性／带电侧链,C7 H12 N O8 P,269.146,,not-audited,,,,自动规则识别为整分子、辅因子、金属复合物、完整肽、保护体或缺少常规偶联羧基。,不计入非天然氨基酸单体数量。,,https://www.rcsb.org/ligand/X2W
条件结构候选,X5H,(~{E})-6-(2-hydroxy-2-oxoethylamino)hex-4-enoic acid,conditional,极性／带电侧链,C8 H13 N O4,187.193,,not-audited,,,,结构可能是独立非天然氨基酸，但用途或单体可获得性仍依赖人工核实。,先核对主链连接几何和独立单体身份，再决定是否查合成证据。,CCD仅标为通用peptide linking，需确认真实主链连接几何；CCD未指定标准氨基酸母体，需确认它是独立残基而非氨基酸样片段；以极性/带电特征为主，不宜默认用于提高被动渗透性,https://www.rcsb.org/ligand/X5H
仅结构参考,X5U,(S)-alpha-methyl-4-Iodophenylalanine,reference,α位取代,C10 H12 I N O2,305.112,,not-audited,,,,复杂度、反应性、极性、端基或保护状态存在明显疑问，不进入默认单体库。,除非有明确研究用途，否则不优先审核。,分子量超过300 Da，单体复杂度和环肽总分子量负担较高,https://www.rcsb.org/ligand/X5U
条件结构候选,X60,2-ethyl-L-norvaline,conditional,其他CCD肽链核心,C7 H15 N O2,145.199,,not-audited,,,,结构可能是独立非天然氨基酸，但用途或单体可获得性仍依赖人工核实。,先核对主链连接几何和独立单体身份，再决定是否查合成证据。,,https://www.rcsb.org/ligand/X60
已在短肽序列中观察到,X6E,2-ethyl-D-norvaline,priority,D-构型,C7 H15 N O2,145.199,,short-polymer,1,1,8T0I,该CCD进入过不超过50残基的PDB聚合物序列，支持其作为肽残基使用，但尚未逐条确认独立单体来源。,查原始论文，确认是预制单体偶联还是翻译后/结构内修饰。,CCD未指定标准氨基酸母体，需确认它是独立残基而非氨基酸样片段,https://www.rcsb.org/ligand/X6E
条件结构候选,X9Q,"{(2S)-2-[(1S)-1-AMINOETHYL]-4-BENZYL-5-OXO-2,5-DIHYDRO-1H-IMIDAZOL-1-YL}ACETIC ACID",conditional,芳香／疏水侧链,C14 H17 N3 O3,275.303,,not-audited,,,,结构可能是独立非天然氨基酸，但用途或单体可获得性仍依赖人工核实。,先核对主链连接几何和独立单体身份，再决定是否查合成证据。,分子量超过250 Da，需关注偶联效率、溶解度和总环肽体积,https://www.rcsb.org/ligand/X9Q
条件结构候选,XA6,(2S)-3-(4-aminocarbonylphenyl)-2-azanyl-propanoic acid,conditional,芳香／疏水侧链,C10 H12 N2 O3,208.214,,not-audited,,,,结构可能是独立非天然氨基酸，但用途或单体可获得性仍依赖人工核实。,先核对主链连接几何和独立单体身份，再决定是否查合成证据。,,https://www.rcsb.org/ligand/XA6
条件结构候选,XC0,(2S)-2-aminooctanoic acid,conditional,其他CCD肽链核心,C8 H17 N O2,159.226,,not-audited,,,,结构可能是独立非天然氨基酸，但用途或单体可获得性仍依赖人工核实。,先核对主链连接几何和独立单体身份，再决定是否查合成证据。,CCD未指定标准氨基酸母体，需确认它是独立残基而非氨基酸样片段,https://www.rcsb.org/ligand/XC0
条件结构候选,XCN,S-cyano-L-cysteine,conditional,卤代／电子调节,C4 H6 N2 O2 S,146.168,,not-audited,,,,结构可能是独立非天然氨基酸，但用途或单体可获得性仍依赖人工核实。,先核对主链连接几何和独立单体身份，再决定是否查合成证据。,,https://www.rcsb.org/ligand/XCN
优先结构候选，暂无使用命中,XDT,O-methyl-D-allothreonine,priority,D-构型,C5 H11 N O3,133.146,,no-polymer-hit,0,0,,结构符合优先研发方向，但当前PDB聚合物审计没有命中。,查询供应商、合成论文、专利和SPPS/LPPS使用记录。,,https://www.rcsb.org/ligand/XDT
仅结构参考,XOK,(2~{S})-2-azanyl-6-[[(6~{S})-6-sulfanyloctanoyl]amino]hexanoic acid,reference,极性／带电侧链,C14 H28 N2 O3 S,304.449,,not-audited,,,,复杂度、反应性、极性、端基或保护状态存在明显疑问，不进入默认单体库。,除非有明确研究用途，否则不优先审核。,分子量超过300 Da，单体复杂度和环肽总分子量负担较高；以极性/带电特征为主，不宜默认用于提高被动渗透性,https://www.rcsb.org/ligand/XOK
条件结构候选,XPL,"N~6~-[(3R,5R)-5-amino-3-methyl-D-prolyl]-L-lysine",conditional,极性／带电侧链,C12 H24 N4 O3,272.344,,not-audited,,,,结构可能是独立非天然氨基酸，但用途或单体可获得性仍依赖人工核实。,先核对主链连接几何和独立单体身份，再决定是否查合成证据。,分子量超过250 Da，需关注偶联效率、溶解度和总环肽体积；以极性/带电特征为主，不宜默认用于提高被动渗透性,https://www.rcsb.org/ligand/XPL
条件结构候选,XPR,"(2S,3aS,6R,7aS)-6-(sulfooxy)octahydro-1H-indole-2-carboxylic acid",conditional,极性／带电侧链,C9 H15 N O6 S,265.283,,not-audited,,,,结构可能是独立非天然氨基酸，但用途或单体可获得性仍依赖人工核实。,先核对主链连接几何和独立单体身份，再决定是否查合成证据。,分子量超过250 Da，需关注偶联效率、溶解度和总环肽体积；以极性/带电特征为主，不宜默认用于提高被动渗透性,https://www.rcsb.org/ligand/XPR
仅在较长聚合物中观察到,XRE,5-hydroxyproline,priority,构象限制,C5 H9 N O3,131.13,,polymer-only,1,0,8R38,该CCD进入过PDB聚合物序列，但目前没有短肽命中，不能直接推断适合常规肽合成。,核对残基形成方式及是否存在独立保护单体。,,https://www.rcsb.org/ligand/XRE
条件结构候选,XRW,N~6~-[(2S)-2-hydroxypropanoyl]-L-lysine,conditional,极性／带电侧链,C9 H18 N2 O4,218.25,,not-audited,,,,结构可能是独立非天然氨基酸，但用途或单体可获得性仍依赖人工核实。,先核对主链连接几何和独立单体身份，再决定是否查合成证据。,以极性/带电特征为主，不宜默认用于提高被动渗透性,https://www.rcsb.org/ligand/XRW
条件结构候选,XSN,L-alpha-asparagine,conditional,极性／带电侧链,C4 H8 N2 O3,132.118,,not-audited,,,,结构可能是独立非天然氨基酸，但用途或单体可获得性仍依赖人工核实。,先核对主链连接几何和独立单体身份，再决定是否查合成证据。,以极性/带电特征为主，不宜默认用于提高被动渗透性,https://www.rcsb.org/ligand/XSN
条件结构候选,XW1,(2S)-2-amino-7-ethoxy-7-oxoheptanoic acid,conditional,极性／带电侧链,C9 H17 N O4,203.236,,not-audited,,,,结构可能是独立非天然氨基酸，但用途或单体可获得性仍依赖人工核实。,先核对主链连接几何和独立单体身份，再决定是否查合成证据。,以极性/带电特征为主，不宜默认用于提高被动渗透性,https://www.rcsb.org/ligand/XW1
仅结构参考,XX1,N~6~-7H-PURIN-6-YL-L-LYSINE,reference,芳香／疏水侧链,C11 H16 N6 O2,264.284,,not-audited,,,,复杂度、反应性、极性、端基或保护状态存在明显疑问，不进入默认单体库。,除非有明确研究用途，否则不优先审核。,分子量超过250 Da，需关注偶联效率、溶解度和总环肽体积；杂原子较多，可能增加暴露极性和去溶剂化代价,https://www.rcsb.org/ligand/XX1
条件结构候选,XXA,"2,4,5-trideoxy-2-(methylamino)-4-[(2E)-penta-2,4-dien-1-yl]-L-xylonic acid",conditional,极性／带电侧链,C11 H19 N O3,213.273,,not-audited,,,,结构可能是独立非天然氨基酸，但用途或单体可获得性仍依赖人工核实。,先核对主链连接几何和独立单体身份，再决定是否查合成证据。,CCD未指定标准氨基酸母体，需确认它是独立残基而非氨基酸样片段；以极性/带电特征为主，不宜默认用于提高被动渗透性,https://www.rcsb.org/ligand/XXA
条件结构候选,XXY,"2-[(1R,2R)-1-amino-2-hydroxypropyl]-1-(carboxymethyl)-4-(1H-imidazol-5-ylmethyl)-1H-imidazol-5-olate",conditional,芳香／疏水侧链,C12 H16 N5 O4,294.287,,not-audited,,,,结构可能是独立非天然氨基酸，但用途或单体可获得性仍依赖人工核实。,先核对主链连接几何和独立单体身份，再决定是否查合成证据。,分子量超过250 Da，需关注偶联效率、溶解度和总环肽体积,https://www.rcsb.org/ligand/XXY
已在短肽序列中观察到,XYC,(2~{S})-2-azanyl-3-cyclopentyl-propanoic acid,priority,构象限制,C8 H15 N O2,157.21,,short-polymer,4,4,5B6G / 8TLV / 8TLW / 8TLX,该CCD进入过不超过50残基的PDB聚合物序列，支持其作为肽残基使用，但尚未逐条确认独立单体来源。,查原始论文，确认是预制单体偶联还是翻译后/结构内修饰。,,https://www.rcsb.org/ligand/XYC
条件结构候选,XYG,"[(4Z)-2-[(1Z)-ETHANIMIDOYL]-4-(4-HYDROXYBENZYLIDENE)-5-OXO-4,5-DIHYDRO-1H-IMIDAZOL-1-YL]ACETIC ACID",conditional,芳香／疏水侧链,C14 H13 N3 O4,287.271,,not-audited,,,,结构可能是独立非天然氨基酸，但用途或单体可获得性仍依赖人工核实。,先核对主链连接几何和独立单体身份，再决定是否查合成证据。,分子量超过250 Da，需关注偶联效率、溶解度和总环肽体积,https://www.rcsb.org/ligand/XYG
条件结构候选,Y1V,(4R)-5-amino-L-leucine,conditional,极性／带电侧链,C6 H14 N2 O2,146.188,,not-audited,,,,结构可能是独立非天然氨基酸，但用途或单体可获得性仍依赖人工核实。,先核对主链连接几何和独立单体身份，再决定是否查合成证据。,以极性/带电特征为主，不宜默认用于提高被动渗透性,https://www.rcsb.org/ligand/Y1V
仅结构参考,Y28,O-benzyl-N-(carboxycarbonyl)-D-tyrosine,reference,D-构型,C18 H17 N O6,343.331,,not-audited,,,,复杂度、反应性、极性、端基或保护状态存在明显疑问，不进入默认单体库。,除非有明确研究用途，否则不优先审核。,分子量超过300 Da，单体复杂度和环肽总分子量负担较高；CCD未指定标准氨基酸母体，需确认它是独立残基而非氨基酸样片段,https://www.rcsb.org/ligand/Y28
条件结构候选,Y57,N~6~-(2-phenylethyl)-N~6~-propan-2-yl-L-lysine,conditional,芳香／疏水侧链,C17 H28 N2 O2,292.416,,not-audited,,,,结构可能是独立非天然氨基酸，但用途或单体可获得性仍依赖人工核实。,先核对主链连接几何和独立单体身份，再决定是否查合成证据。,分子量超过250 Da，需关注偶联效率、溶解度和总环肽体积,https://www.rcsb.org/ligand/Y57
已在短肽序列中观察到,YBR,N-methyl-D-glutamic acid,priority,N-取代,C6 H11 N O4,161.156,,short-polymer,1,1,8FVQ,该CCD进入过不超过50残基的PDB聚合物序列，支持其作为肽残基使用，但尚未逐条确认独立单体来源。,查原始论文，确认是预制单体偶联还是翻译后/结构内修饰。,CCD未指定标准氨基酸母体，需确认它是独立残基而非氨基酸样片段,https://www.rcsb.org/ligand/YBR
条件结构候选,YC3,3-[2-(sulfanylmethyl)phenyl]-L-phenylalanine,conditional,芳香／疏水侧链,C16 H17 N O2 S,287.377,,not-audited,,,,结构可能是独立非天然氨基酸，但用途或单体可获得性仍依赖人工核实。,先核对主链连接几何和独立单体身份，再决定是否查合成证据。,分子量超过250 Da，需关注偶联效率、溶解度和总环肽体积,https://www.rcsb.org/ligand/YC3
条件结构候选,YCM,S-(2-AMINO-2-OXOETHYL)-L-CYSTEINE,conditional,极性／带电侧链,C5 H10 N2 O3 S,178.209,,not-audited,,,,结构可能是独立非天然氨基酸，但用途或单体可获得性仍依赖人工核实。,先核对主链连接几何和独立单体身份，再决定是否查合成证据。,以极性/带电特征为主，不宜默认用于提高被动渗透性,https://www.rcsb.org/ligand/YCM
已在短肽序列中观察到,YCP,(2S)-piperidine-2-carboxylic acid,priority,构象限制,C6 H11 N O2,129.157,,short-polymer,23,23,1EFR / 2ITK / 2Q5A / 2XDW / 3KTJ,该CCD进入过不超过50残基的PDB聚合物序列，支持其作为肽残基使用，但尚未逐条确认独立单体来源。,查原始论文，确认是预制单体偶联还是翻译后/结构内修饰。,CCD未指定标准氨基酸母体，需确认它是独立残基而非氨基酸样片段,https://www.rcsb.org/ligand/YCP
条件结构候选,YD5,N-(2-carboxyethyl)-L-alanine,conditional,极性／带电侧链,C6 H11 N O4,161.156,,not-audited,,,,结构可能是独立非天然氨基酸，但用途或单体可获得性仍依赖人工核实。,先核对主链连接几何和独立单体身份，再决定是否查合成证据。,CCD未指定标准氨基酸母体，需确认它是独立残基而非氨基酸样片段；以极性/带电特征为主，不宜默认用于提高被动渗透性,https://www.rcsb.org/ligand/YD5
条件结构候选,YF5,Agmatinamic acid,conditional,极性／带电侧链,C10 H22 N4 O5,278.305,,not-audited,,,,结构可能是独立非天然氨基酸，但用途或单体可获得性仍依赖人工核实。,先核对主链连接几何和独立单体身份，再决定是否查合成证据。,分子量超过250 Da，需关注偶联效率、溶解度和总环肽体积；CCD仅标为通用peptide linking，需确认真实主链连接几何；以极性/带电特征为主，不宜默认用于提高被动渗透性,https://www.rcsb.org/ligand/YF5
已在短肽序列中观察到,YFQ,beta-N-methylamino-L-alanine,priority,N-取代,C4 H10 N2 O2,118.134,,short-polymer,2,2,8R6C / 8R8M,该CCD进入过不超过50残基的PDB聚合物序列，支持其作为肽残基使用，但尚未逐条确认独立单体来源。,查原始论文，确认是预制单体偶联还是翻译后/结构内修饰。,,https://www.rcsb.org/ligand/YFQ
条件结构候选,YFZ,(-)-Galantinic acid,conditional,极性／带电侧链,C7 H15 N O5,193.198,,not-audited,,,,结构可能是独立非天然氨基酸，但用途或单体可获得性仍依赖人工核实。,先核对主链连接几何和独立单体身份，再决定是否查合成证据。,CCD仅标为通用peptide linking，需确认真实主链连接几何；CCD未指定标准氨基酸母体，需确认它是独立残基而非氨基酸样片段；以极性/带电特征为主，不宜默认用于提高被动渗透性,https://www.rcsb.org/ligand/YFZ
条件结构候选,YHA,Homocitrulline,conditional,极性／带电侧链,C7 H15 N3 O3,189.212,,not-audited,,,,结构可能是独立非天然氨基酸，但用途或单体可获得性仍依赖人工核实。,先核对主链连接几何和独立单体身份，再决定是否查合成证据。,以极性/带电特征为主，不宜默认用于提高被动渗透性,https://www.rcsb.org/ligand/YHA
人工证据支持,YNM,N-METHYL-L-TYROSINE,priority,N-取代,C10 H13 N O3,195.215,YNM,short-polymer,10,9,1TPS / 2WS1 / 2WS6 / 4GVU / 6TH7,CCD结构与网站人工整理的论文、专利或药物骨架证据精确对应；可作为优先核验的肽合成单体。,继续核对具体保护形式、偶联方法和供应/合成来源。,,https://www.rcsb.org/ligand/YNM
条件结构候选,YOF,3-FLUOROTYROSINE,conditional,卤代／电子调节,C9 H10 F N O3,199.179,,not-audited,,,,结构可能是独立非天然氨基酸，但用途或单体可获得性仍依赖人工核实。,先核对主链连接几何和独立单体身份，再决定是否查合成证据。,,https://www.rcsb.org/ligand/YOF
仅结构参考,YPR,(4R)-4-[(7-methoxy-2-phenylquinolin-4-yl)oxy]-L-proline,reference,构象限制,C21 H20 N2 O4,364.395,,not-audited,,,,复杂度、反应性、极性、端基或保护状态存在明显疑问，不进入默认单体库。,除非有明确研究用途，否则不优先审核。,分子量超过300 Da，单体复杂度和环肽总分子量负担较高,https://www.rcsb.org/ligand/YPR
仅结构参考,YPZ,"3-[(3Z)-4-hydroxy-6-oxo-3-(2-phenylhydrazinylidene)cyclohexa-1,4-dien-1-yl]-L-alanine",reference,构象限制,C15 H15 N3 O4,301.297,,not-audited,,,,复杂度、反应性、极性、端基或保护状态存在明显疑问，不进入默认单体库。,除非有明确研究用途，否则不优先审核。,分子量超过300 Da，单体复杂度和环肽总分子量负担较高,https://www.rcsb.org/ligand/YPZ
条件结构候选,YRV,S-[(3-methylphenyl)methyl]-L-cysteine,conditional,芳香／疏水侧链,C11 H15 N O2 S,225.307,,not-audited,,,,结构可能是独立非天然氨基酸，但用途或单体可获得性仍依赖人工核实。,先核对主链连接几何和独立单体身份，再决定是否查合成证据。,,https://www.rcsb.org/ligand/YRV
仅结构参考,YTH,O-phosphono-L-allothreonine,reference,极性／带电侧链,C4 H10 N O6 P,199.099,,not-audited,,,,复杂度、反应性、极性、端基或保护状态存在明显疑问，不进入默认单体库。,除非有明确研究用途，否则不优先审核。,含磷酸/膦酸相关结构，通常不利于被动跨膜，除非有专门遮蔽设计；以极性/带电特征为主，不宜默认用于提高被动渗透性,https://www.rcsb.org/ligand/YTH
条件结构候选,YTL,(2~{S})-2-(2-azanylethanoyloxy)-3-(4-hydroxyphenyl)propanoic acid,conditional,芳香／疏水侧链,C11 H13 N O5,239.225,,not-audited,,,,结构可能是独立非天然氨基酸，但用途或单体可获得性仍依赖人工核实。,先核对主链连接几何和独立单体身份，再决定是否查合成证据。,,https://www.rcsb.org/ligand/YTL
条件结构候选,YWF,gamma-aminobutenoic acid,conditional,其他CCD肽链核心,C4 H7 N O2,101.104,,not-audited,,,,结构可能是独立非天然氨基酸，但用途或单体可获得性仍依赖人工核实。,先核对主链连接几何和独立单体身份，再决定是否查合成证据。,CCD仅标为通用peptide linking，需确认真实主链连接几何,https://www.rcsb.org/ligand/YWF
条件结构候选,YYA,"2,4,5-trideoxy-2-(methylamino)-4-[(2Z)-penta-2,4-dien-1-yl]-L-xylonic acid",conditional,极性／带电侧链,C11 H19 N O3,213.273,,not-audited,,,,结构可能是独立非天然氨基酸，但用途或单体可获得性仍依赖人工核实。,先核对主链连接几何和独立单体身份，再决定是否查合成证据。,CCD未指定标准氨基酸母体，需确认它是独立残基而非氨基酸样片段；以极性/带电特征为主，不宜默认用于提高被动渗透性,https://www.rcsb.org/ligand/YYA
条件结构候选,Z01,"3-[(2,2-dimethylpropanoyl)amino]-L-alanine",conditional,极性／带电侧链,C8 H16 N2 O3,188.224,,not-audited,,,,结构可能是独立非天然氨基酸，但用途或单体可获得性仍依赖人工核实。,先核对主链连接几何和独立单体身份，再决定是否查合成证据。,以极性/带电特征为主，不宜默认用于提高被动渗透性,https://www.rcsb.org/ligand/Z01
条件结构候选,Z3E,O-benzyl-L-threonine,conditional,芳香／疏水侧链,C11 H15 N O3,209.242,,not-audited,,,,结构可能是独立非天然氨基酸，但用途或单体可获得性仍依赖人工核实。,先核对主链连接几何和独立单体身份，再决定是否查合成证据。,,https://www.rcsb.org/ligand/Z3E
仅结构参考,Z50,"3-{[(3-{[(2-aminoethyl)sulfanyl]methyl}-5-(4-methyl-1H-1,2,3-triazol-1-yl)phenyl)methyl]sulfanyl}propanoic acid",reference,芳香／疏水侧链,C16 H22 N4 O2 S2,366.501,,not-audited,,,,复杂度、反应性、极性、端基或保护状态存在明显疑问，不进入默认单体库。,除非有明确研究用途，否则不优先审核。,分子量超过300 Da，单体复杂度和环肽总分子量负担较高；CCD仅标为通用peptide linking，需确认真实主链连接几何；CCD未指定标准氨基酸母体，需确认它是独立残基而非氨基酸样片段,https://www.rcsb.org/ligand/Z50
条件结构候选,Z70,(2S)-2-amino-4-(2-amino-1H-imidazol-5-yl)butanoic acid,conditional,芳香／疏水侧链,C7 H12 N4 O2,184.196,,not-audited,,,,结构可能是独立非天然氨基酸，但用途或单体可获得性仍依赖人工核实。,先核对主链连接几何和独立单体身份，再决定是否查合成证据。,,https://www.rcsb.org/ligand/Z70
条件结构候选,Z9J,3-{[(3-{[(2-aminoethyl)sulfanyl]methyl}phenyl)methyl]sulfanyl}propanoic acid,conditional,芳香／疏水侧链,C13 H19 N O2 S2,285.425,,not-audited,,,,结构可能是独立非天然氨基酸，但用途或单体可获得性仍依赖人工核实。,先核对主链连接几何和独立单体身份，再决定是否查合成证据。,分子量超过250 Da，需关注偶联效率、溶解度和总环肽体积；CCD仅标为通用peptide linking，需确认真实主链连接几何；CCD未指定标准氨基酸母体，需确认它是独立残基而非氨基酸样片段,https://www.rcsb.org/ligand/Z9J
已在短肽序列中观察到,ZAE,N-methyl-D-phenylalanine,priority,N-取代,C10 H13 N O2,179.216,,short-polymer,10,10,3UQP / 3UQR / 4DV9 / 4DVF / 4FGX,该CCD进入过不超过50残基的PDB聚合物序列，支持其作为肽残基使用，但尚未逐条确认独立单体来源。,查原始论文，确认是预制单体偶联还是翻译后/结构内修饰。,CCD未指定标准氨基酸母体，需确认它是独立残基而非氨基酸样片段,https://www.rcsb.org/ligand/ZAE
排除,ZAI,(2~{S})-2-azanyl-6-[[(~{R})-[2-methyl-3-oxidanyl-5-(phosphonooxymethyl)pyridin-4-yl]-[[(2~{S})-1-oxidanyl-1-oxidanylidene-3-sulfanyl-propan-2-yl]amino]methyl]amino]hexanoic acid,exclude,芳香／疏水侧链,C17 H29 N4 O9 P S,496.472,,not-audited,,,,自动规则识别为整分子、辅因子、金属复合物、完整肽、保护体或缺少常规偶联羧基。,不计入非天然氨基酸单体数量。,,https://www.rcsb.org/ligand/ZAI
已在短肽序列中观察到,ZAL,3-cyclohexyl-D-alanine,priority,D-构型,C9 H17 N O2,171.237,,short-polymer,11,10,1EB1 / 1HBT / 6C1Q / 6C1R / 7PFZ,该CCD进入过不超过50残基的PDB聚合物序列，支持其作为肽残基使用，但尚未逐条确认独立单体来源。,查原始论文，确认是预制单体偶联还是翻译后/结构内修饰。,CCD未指定标准氨基酸母体，需确认它是独立残基而非氨基酸样片段,https://www.rcsb.org/ligand/ZAL
条件结构候选,ZBZ,S-(phenylcarbonyl)-L-cysteine,conditional,芳香／疏水侧链,C10 H11 N O3 S,225.264,,not-audited,,,,结构可能是独立非天然氨基酸，但用途或单体可获得性仍依赖人工核实。,先核对主链连接几何和独立单体身份，再决定是否查合成证据。,,https://www.rcsb.org/ligand/ZBZ
条件结构候选,ZCL,"3,4-dichloro-L-phenylalanine",conditional,卤代／电子调节,C9 H9 Cl2 N O2,234.079,,not-audited,,,,结构可能是独立非天然氨基酸，但用途或单体可获得性仍依赖人工核实。,先核对主链连接几何和独立单体身份，再决定是否查合成证据。,,https://www.rcsb.org/ligand/ZCL
条件结构候选,ZDJ,3-methyl-L-tyrosine,conditional,芳香／疏水侧链,C10 H13 N O3,195.215,,not-audited,,,,结构可能是独立非天然氨基酸，但用途或单体可获得性仍依赖人工核实。,先核对主链连接几何和独立单体身份，再决定是否查合成证据。,,https://www.rcsb.org/ligand/ZDJ
仅结构参考,ZFB,(3R)-3-{[(BENZYLOXY)CARBONYL]AMINO}-2-OXO-4-PHENYLBUTANE-1-DIAZONIUM,reference,芳香／疏水侧链,C18 H18 N3 O3,324.354,,not-audited,,,,复杂度、反应性、极性、端基或保护状态存在明显疑问，不进入默认单体库。,除非有明确研究用途，否则不优先审核。,分子量超过300 Da，单体复杂度和环肽总分子量负担较高；名称提示反应性官能团或中间体，需要确认能否承受偶联和脱保护条件；CCD未指定标准氨基酸母体，需确认它是独立残基而非氨基酸样片段,https://www.rcsb.org/ligand/ZFB
已在短肽序列中观察到,ZGL,D-alpha-glutamine,priority,D-构型,C5 H10 N2 O3,146.144,,short-polymer,9,9,1LOC / 4KNL / 4OXD / 7T8Y / 7T8Z,该CCD进入过不超过50残基的PDB聚合物序列，支持其作为肽残基使用，但尚未逐条确认独立单体来源。,查原始论文，确认是预制单体偶联还是翻译后/结构内修饰。,CCD未指定标准氨基酸母体，需确认它是独立残基而非氨基酸样片段,https://www.rcsb.org/ligand/ZGL
排除,ZI0,N-MALONYL-PROLINE,exclude,构象限制,C8 H11 N O5,201.177,,not-audited,,,,自动规则识别为整分子、辅因子、金属复合物、完整肽、保护体或缺少常规偶联羧基。,不计入非天然氨基酸单体数量。,,https://www.rcsb.org/ligand/ZI0
优先结构候选，暂无使用命中,ZIQ,alpha-methyl-L-tryptophan,priority,α位取代,C12 H14 N2 O2,218.252,,no-polymer-hit,0,0,,结构符合优先研发方向，但当前PDB聚合物审计没有命中。,查询供应商、合成论文、专利和SPPS/LPPS使用记录。,,https://www.rcsb.org/ligand/ZIQ
排除,ZJU,N-SUCCINYL-ASPARTIC ACID,exclude,极性／带电侧链,C8 H11 N O7,233.175,,not-audited,,,,自动规则识别为整分子、辅因子、金属复合物、完整肽、保护体或缺少常规偶联羧基。,不计入非天然氨基酸单体数量。,,https://www.rcsb.org/ligand/ZJU
排除,ZKO,N-SUCCINYL-GLUTAMINE,exclude,极性／带电侧链,C9 H14 N2 O6,246.217,,not-audited,,,,自动规则识别为整分子、辅因子、金属复合物、完整肽、保护体或缺少常规偶联羧基。,不计入非天然氨基酸单体数量。,,https://www.rcsb.org/ligand/ZKO
条件结构候选,ZLF,"S-(1-FLUORO-3,5-DIMETHYLBENZENE)-CYSTEINE",conditional,卤代／电子调节,C11 H14 F N O2 S,243.298,,not-audited,,,,结构可能是独立非天然氨基酸，但用途或单体可获得性仍依赖人工核实。,先核对主链连接几何和独立单体身份，再决定是否查合成证据。,,https://www.rcsb.org/ligand/ZLF
已在短肽序列中观察到,ZNY,(4R)-4-ethoxy-L-proline,priority,构象限制,C7 H13 N O3,159.183,,short-polymer,1,1,7MSO,该CCD进入过不超过50残基的PDB聚合物序列，支持其作为肽残基使用，但尚未逐条确认独立单体来源。,查原始论文，确认是预制单体偶联还是翻译后/结构内修饰。,CCD未指定标准氨基酸母体，需确认它是独立残基而非氨基酸样片段,https://www.rcsb.org/ligand/ZNY
排除,ZQN,N-(TERT-BUTYLOXYCARBONYL)-VALINE,exclude,极性／带电侧链,C10 H19 N O4,217.262,,not-audited,,,,自动规则识别为整分子、辅因子、金属复合物、完整肽、保护体或缺少常规偶联羧基。,不计入非天然氨基酸单体数量。,,https://www.rcsb.org/ligand/ZQN
条件结构候选,ZRF,"2-[(4E)-2-[(1S)-1-aminoethyl]-4-(hydroxymethylidene)-5-oxo-4,5-dihydro-1H-imidazol-1-yl]acetic acid",conditional,极性／带电侧链,C8 H11 N3 O4,213.191,,not-audited,,,,结构可能是独立非天然氨基酸，但用途或单体可获得性仍依赖人工核实。,先核对主链连接几何和独立单体身份，再决定是否查合成证据。,以极性/带电特征为主，不宜默认用于提高被动渗透性,https://www.rcsb.org/ligand/ZRF
排除,ZRJ,"tert-butyl (2S)-2-amino-2-(3,5-dimethoxyphenyl)acetate",exclude,芳香／疏水侧链,C14 H21 N O4,267.321,,not-audited,,,,自动规则识别为整分子、辅因子、金属复合物、完整肽、保护体或缺少常规偶联羧基。,不计入非天然氨基酸单体数量。,,https://www.rcsb.org/ligand/ZRJ
已在短肽序列中观察到,ZSX,(2R)-amino(4-methoxyphenyl)acetic acid,priority,D-构型,C9 H11 N O3,181.189,,short-polymer,1,1,8GJV,该CCD进入过不超过50残基的PDB聚合物序列，支持其作为肽残基使用，但尚未逐条确认独立单体来源。,查原始论文，确认是预制单体偶联还是翻译后/结构内修饰。,,https://www.rcsb.org/ligand/ZSX
仅结构参考,ZT6,(betaR)-3-chloro-beta-{[tri(propan-2-yl)silyl]oxy}-L-tyrosine,reference,卤代／电子调节,C18 H30 Cl N O4 Si,387.974,,not-audited,,,,复杂度、反应性、极性、端基或保护状态存在明显疑问，不进入默认单体库。,除非有明确研究用途，否则不优先审核。,分子量超过300 Da，单体复杂度和环肽总分子量负担较高；含硅结构常见于保护或特殊合成中间体，需要人工确认最终残基形态,https://www.rcsb.org/ligand/ZT6
排除,ZT9,(2R)-amino(4-methoxyphenyl)ethanethioic O-acid,exclude,D-构型,C9 H11 N O2 S,197.254,,not-audited,,,,自动规则识别为整分子、辅因子、金属复合物、完整肽、保护体或缺少常规偶联羧基。,不计入非天然氨基酸单体数量。,,https://www.rcsb.org/ligand/ZT9
优先结构候选，暂无使用命中,ZTC,"(2S)-amino(3,5-dimethoxyphenyl)acetic acid",priority,D-构型,C10 H13 N O4,211.215,,no-polymer-hit,0,0,,结构符合优先研发方向，但当前PDB聚合物审计没有命中。,查询供应商、合成论文、专利和SPPS/LPPS使用记录。,CCD未指定标准氨基酸母体，需确认它是独立残基而非氨基酸样片段,https://www.rcsb.org/ligand/ZTC
仅结构参考,ZTG,(betaR)-3-chloro-beta-{[tri(propan-2-yl)silyl]oxy}-D-tyrosine,reference,D-构型,C18 H30 Cl N O4 Si,387.974,,not-audited,,,,复杂度、反应性、极性、端基或保护状态存在明显疑问，不进入默认单体库。,除非有明确研究用途，否则不优先审核。,分子量超过300 Da，单体复杂度和环肽总分子量负担较高；含硅结构常见于保护或特殊合成中间体，需要人工确认最终残基形态；CCD未指定标准氨基酸母体，需确认它是独立残基而非氨基酸样片段,https://www.rcsb.org/ligand/ZTG
条件结构候选,ZTK,(2S)-2-amino-3-cyanopropanoic acid,conditional,卤代／电子调节,C4 H6 N2 O2,114.103,,not-audited,,,,结构可能是独立非天然氨基酸，但用途或单体可获得性仍依赖人工核实。,先核对主链连接几何和独立单体身份，再决定是否查合成证据。,,https://www.rcsb.org/ligand/ZTK
条件结构候选,ZU0,O-tert-butyl-L-threonine,conditional,极性／带电侧链,C8 H17 N O3,175.225,,not-audited,,,,结构可能是独立非天然氨基酸，但用途或单体可获得性仍依赖人工核实。,先核对主链连接几何和独立单体身份，再决定是否查合成证据。,以极性/带电特征为主，不宜默认用于提高被动渗透性,https://www.rcsb.org/ligand/ZU0
已在短肽序列中观察到,ZUK,5-pyrimidin-2-yl-D-norvaline,priority,D-构型,C9 H13 N3 O2,195.218,,short-polymer,1,1,2KMJ,该CCD进入过不超过50残基的PDB聚合物序列，支持其作为肽残基使用，但尚未逐条确认独立单体来源。,查原始论文，确认是预制单体偶联还是翻译后/结构内修饰。,CCD未指定标准氨基酸母体，需确认它是独立残基而非氨基酸样片段,https://www.rcsb.org/ligand/ZUK
仅结构参考,ZV4,(2S)-2-azanyl-3-(4-phosphonophenyl)propanoic acid,reference,芳香／疏水侧链,C9 H12 N O5 P,245.169,,not-audited,,,,复杂度、反应性、极性、端基或保护状态存在明显疑问，不进入默认单体库。,除非有明确研究用途，否则不优先审核。,含磷酸/膦酸相关结构，通常不利于被动跨膜，除非有专门遮蔽设计,https://www.rcsb.org/ligand/ZV4
条件结构候选,ZY9,6-(aminomethyl)pyridine-2-carboxylic acid,conditional,芳香／疏水侧链,C7 H8 N2 O2,152.151,,not-audited,,,,结构可能是独立非天然氨基酸，但用途或单体可获得性仍依赖人工核实。,先核对主链连接几何和独立单体身份，再决定是否查合成证据。,CCD未指定标准氨基酸母体，需确认它是独立残基而非氨基酸样片段,https://www.rcsb.org/ligand/ZY9
条件结构候选,ZYJ,"(4R)-4-({[(1E)-(3,4-dimethoxyphenyl)methylidene]amino}oxy)-L-proline",conditional,构象限制,C14 H18 N2 O5,294.303,,not-audited,,,,结构可能是独立非天然氨基酸，但用途或单体可获得性仍依赖人工核实。,先核对主链连接几何和独立单体身份，再决定是否查合成证据。,分子量超过250 Da，需关注偶联效率、溶解度和总环肽体积,https://www.rcsb.org/ligand/ZYJ
仅结构参考,ZYK,"(4R)-4-({[(3,4-dimethoxyphenyl)carbonyl]amino}oxy)-L-proline",reference,构象限制,C14 H18 N2 O6,310.303,,not-audited,,,,复杂度、反应性、极性、端基或保护状态存在明显疑问，不进入默认单体库。,除非有明确研究用途，否则不优先审核。,分子量超过300 Da，单体复杂度和环肽总分子量负担较高,https://www.rcsb.org/ligand/ZYK
排除,ZZD,S-TRITYL-L-CYSTEINE,exclude,芳香／疏水侧链,C22 H21 N O2 S,363.473,,not-audited,,,,自动规则识别为整分子、辅因子、金属复合物、完整肽、保护体或缺少常规偶联羧基。,不计入非天然氨基酸单体数量。,,https://www.rcsb.org/ligand/ZZD
排除,ZZJ,N^2^-methyl-L-alaninamide,exclude,极性／带电侧链,C4 H10 N2 O,102.135,,not-audited,,,,自动规则识别为整分子、辅因子、金属复合物、完整肽、保护体或缺少常规偶联羧基。,不计入非天然氨基酸单体数量。,,https://www.rcsb.org/ligand/ZZJ
条件结构候选,ZZU,"(2S,3S)-3-HYDROXYARGININE",conditional,极性／带电侧链,C6 H14 N4 O3,190.2,,not-audited,,,,结构可能是独立非天然氨基酸，但用途或单体可获得性仍依赖人工核实。,先核对主链连接几何和独立单体身份，再决定是否查合成证据。,CCD未指定标准氨基酸母体，需确认它是独立残基而非氨基酸样片段；以极性/带电特征为主，不宜默认用于提高被动渗透性,https://www.rcsb.org/ligand/ZZU
