ccdId,name,componentType,parentCcd,subcomponents,formula,smiles,atoms,heavyAtoms,backboneAtoms,cTerminalAtoms,nTerminalAtoms,leavingAtoms,rdkitParsed,connectedFragments,exactMass,carboxylCount,carboxylDerivativeCount,aminoAcidPathLength,peptideBondCount,currentClass,currentMethod,currentBasis,identityDecision,identitySubtype,identityBasis
004,"""(2S)-amino(phenyl)ethanoic acid""","""L-PEPTIDE LINKING""",?,?,"""C8 H9 N O2""",c1ccc(cc1)[C@@H](C(=O)O)N,20,11,9,4,3,3,True,1,151.0633,1,1,2,0,special-reference,manual-pdb-context-review,quinupristin/dalfopristin ribosome; phenylglycine-like antibiotic substructure,evidence-reviewed-residue,single-amino-acid-or-direct-derivative,官方结构为单一连通分子，含氨基酸主链或直接氨基酸衍生骨架，且未显示多残基母体或多肽结构。
00E,"""morpholin-4-ylacetic acid""","""PEPTIDE LINKING""",?,?,"""C6 H11 N O3""",C1COCCN1CC(=O)O,21,10,4,4,,2,True,1,145.0739,1,1,2,0,special-reference,manual-pdb-context-review,proteasome-bound alpha-chloroacetamide peptidomimetic component,evidence-reviewed-residue,single-amino-acid-or-direct-derivative,官方结构为单一连通分子，含氨基酸主链或直接氨基酸衍生骨架，且未显示多残基母体或多肽结构。
02Y,6-diazonio-5-oxo-L-norleucine,"""L-PEPTIDE LINKING""",ALA,?,"""C6 H10 N3 O3""",C(CC(=O)C[N+]#N)[C@@H](C(=O)O)N,22,12,9,4,3,5,True,1,172.0717,1,1,2,0,special-reference,rule-based,当前仅适合作为特殊构件或结构参考，不进入普通单体推荐层,evidence-reviewed-residue,modified-single-residue,CCD只列出一个标准氨基酸母体ALA；修饰或用途状态单独记录，不否定其非标准残基身份。
04Q,N-benzylglycine,"""PEPTIDE LINKING""",?,?,"""C9 H11 N O2""",c1ccc(cc1)CNCC(=O)O,23,12,9,4,2,3,True,1,165.079,1,1,2,0,special-reference,manual-review,已确认实际用于肽体系，但人工复核判定为连接、交联、战头、peptoid或非典型肽模拟构件（OCPR000315）,evidence-reviewed-residue,single-amino-acid-or-direct-derivative,官方结构为单一连通分子，含氨基酸主链或直接氨基酸衍生骨架，且未显示多残基母体或多肽结构。
04V,"""(2S)-pyrrolidine-2-carboximidic acid""","""L-PEPTIDE LINKING""",PRO,?,"""C5 H10 N2 O""",[H]/N=C(/[C@@H]1CCCN1)\O,,,,,,,True,1,114.0793,0,0,,0,excluded-nonmonomer,rule-based,结构规则或人工审核已给出明确非单体/排除结论,evidence-reviewed-residue,modified-single-residue,CCD只列出一个标准氨基酸母体PRO；修饰或用途状态单独记录，不否定其非标准残基身份。
04X,"""(2S)-5-(morpholin-4-ylmethyl)-1,2,3,6-tetrahydropyridine-2-carboxylic acid""","""L-PEPTIDE LINKING""",?,?,"""C11 H18 N2 O3""",C1COCCN1CC2=CC[C@H](NC2)C(=O)O,34,16,8,4,2,3,True,1,226.1317,1,1,2,0,special-reference,manual-review,已确认实际用于肽体系，但人工复核判定为连接、交联、战头、peptoid或非典型肽模拟构件（OCPR000316）,evidence-reviewed-residue,single-amino-acid-or-direct-derivative,官方结构为单一连通分子，含氨基酸主链或直接氨基酸衍生骨架，且未显示多残基母体或多肽结构。
05O,"""(2S)-2-amino-3-[4-(trifluoromethoxy)phenyl]propanal""","""L-peptide linking""",?,?,"""C10 H10 F3 N O3""",c1cc(ccc1C[C@@H](C(=O)O)N)OC(F)(F)F,27,17,9,4,3,3,True,1,249.0613,1,1,2,0,special-reference,rule-based,当前仅适合作为特殊构件或结构参考，不进入普通单体推荐层,special-reference,amino-acid-derived-special-structure,结构来源于氨基酸，但属于多单元加合物、反应状态、还原端／醛、完整肽模拟构件或羧酸生物电子等排体；不作为普通非天然氨基酸残基。
07O,"""S-[(2S)-2-phenylpropanoyl]-L-cysteine""","""L-PEPTIDE LINKING""",CYS,?,"""C12 H15 N O3 S""",C[C@@H](c1ccccc1)C(=O)SC[C@@H](C(=O)O)N,32,17,,,,2,True,1,253.0773,1,2,2,0,excluded-nonmonomer,manual-pdb-context-review,covalent acyl-enzyme intermediate rather than an isolated peptide monomer,evidence-reviewed-residue,modified-single-residue,CCD只列出一个标准氨基酸母体CYS；修饰或用途状态单独记录，不否定其非标准残基身份。
08P,"""N-(carboxycarbonyl)-D-cysteine""","""D-PEPTIDE LINKING""",DCY,?,"""C5 H7 N O5 S""",C([C@H](C(=O)O)NC(=O)C(=O)O)S,,,,,,,True,1,193.0045,2,3,2,1,excluded-nonmonomer,rule-based,结构规则或人工审核已给出明确非单体/排除结论,evidence-reviewed-residue,modified-noncanonical-residue,CCD只列出一个已定义氨基酸／残基母体DCY，可作为单一非标准残基理解。
0A2,"""[(1R)-1,5-diaminopentyl][bis(ethanolato)]hydroxyborate(1-)""","""L-PEPTIDE LINKING""",LYS,?,"""C9 H24 B N2 O3""",[B-]([C@H](CCCCN)N)(O)(OCC)OCC,,,,,,,True,1,219.1885,0,0,,0,excluded-nonmonomer,rule-based,结构规则或人工审核已给出明确非单体/排除结论,evidence-reviewed-residue,modified-single-residue,CCD只列出一个标准氨基酸母体LYS；修饰或用途状态单独记录，不否定其非标准残基身份。
0A8,"""S-[(2-chloroethyl)carbamoyl]-L-cysteine""","""L-PEPTIDE LINKING""",CYS,?,"""C6 H11 Cl N2 O3 S""",C(CCl)NC(=O)SC[C@@H](C(=O)O)N,24,13,,,,2,True,1,226.0179,1,3,2,1,excluded-nonmonomer,manual-pdb-context-review,glutathione-reductase substrate/adduct context,evidence-reviewed-residue,modified-single-residue,CCD只列出一个标准氨基酸母体CYS；修饰或用途状态单独记录，不否定其非标准残基身份。
0A9,"""methyl L-phenylalaninate""","""L-PEPTIDE LINKING""",PHE,?,"""C10 H13 N O2""",COC(=O)[C@H](Cc1ccccc1)N,26,13,8,3,3,1,True,1,179.0946,0,1,2,0,excluded-nonmonomer,rule-based,结构规则或人工审核已给出明确非单体/排除结论,evidence-reviewed-residue,modified-single-residue,CCD只列出一个标准氨基酸母体PHE；修饰或用途状态单独记录，不否定其非标准残基身份。
0AB,"""(3S,4S)-3-amino-4-methyl-3,4-dihydro-2H-pyran-2-one""","""L-PEPTIDE LINKING""",VAL,?,"""C6 H9 N O2""",C[C@H]1C=COC(=O)[C@H]1N,,,,,,,True,1,127.0633,0,1,2,0,excluded-nonmonomer,rule-based,结构规则或人工审核已给出明确非单体/排除结论,evidence-reviewed-residue,modified-single-residue,CCD只列出一个标准氨基酸母体VAL；修饰或用途状态单独记录，不否定其非标准残基身份。
0AH,"""O-(bromoacetyl)-L-serine""","""L-PEPTIDE LINKING""",SER,?,"""C5 H8 Br N O4""",C([C@@H](C(=O)O)N)OC(=O)CBr,19,11,,,,2,True,1,224.9637,1,2,2,0,excluded-nonmonomer,manual-pdb-context-review,aspirin-inactivated enzyme adduct,evidence-reviewed-residue,modified-single-residue,CCD只列出一个标准氨基酸母体SER；修饰或用途状态单独记录，不否定其非标准残基身份。
0AK,"""(2S)-2-amino-4-(2-chloroethoxy)-4-oxobutanoic acid""","""L-PEPTIDE LINKING""",ASP,?,"""C6 H10 Cl N O4""",C(CCl)OC(=O)C[C@@H](C(=O)O)N,22,12,9,4,3,3,True,1,195.0298,1,2,2,0,excluded-nonmonomer,manual-pdb-context-review,haloalkane-dehalogenase reaction intermediate,evidence-reviewed-residue,modified-single-residue,CCD只列出一个标准氨基酸母体ASP；修饰或用途状态单独记录，不否定其非标准残基身份。
0CS,"""3-[(S)-HYDROPEROXYSULFINYL]-L-ALANINE""","""L-PEPTIDE LINKING""",ALA,?,"""C3 H7 N O5 S""",C([C@@H](C(=O)O)N)[S@@](=O)OO,17,10,9,4,3,3,True,1,169.0045,1,1,2,0,excluded-nonmonomer,manual-pdb-context-review,carboxylesterase-bound reaction product/adduct,evidence-reviewed-residue,modified-single-residue,CCD只列出一个标准氨基酸母体ALA；修饰或用途状态单独记录，不否定其非标准残基身份。
0G5,"""N~5~-(3-iodobenzoyl)-L-ornithine""","""L-PEPTIDE LINKING""",?,?,"""C12 H15 I N2 O3""",c1cc(cc(c1)I)C(=O)NCCC[C@@H](C(=O)O)N,,,,,,,True,1,362.0127,1,2,2,1,special-reference,rule-based,当前仅适合作为特殊构件或结构参考，不进入普通单体推荐层,evidence-reviewed-residue,single-amino-acid-or-direct-derivative,官方结构为单一连通分子，含氨基酸主链或直接氨基酸衍生骨架，且未显示多残基母体或多肽结构。
0MU,"""(2R)-5-(acetyloxymethyl)-2-[(1R)-1-[[(5R)-5-azanyl-6-oxidanyl-6-oxidanylidene-hexanoyl]amino]-2-oxidanylidene-ethyl]-5,6-dihydro-2H-1,3-thiazine-4-carboxylic acid""","""D-peptide linking""",?,?,"""C16 H23 N3 O8 S""",CC(=O)OCC1CS[C@@H](N=C1C(=O)O)[C@@H](C=O)NC(=O)CCC[C@H](C(=O)O)N,51,28,,,,,True,1,417.1206,2,4,2,1,special-reference,rule-based,当前仅适合作为特殊构件或结构参考，不进入普通单体推荐层,special-reference,amino-acid-derived-special-structure,结构来源于氨基酸，但属于多单元加合物、反应状态、还原端／醛、完整肽模拟构件或羧酸生物电子等排体；不作为普通非天然氨基酸残基。
0PR,"""N-({3-hydroxy-2-methyl-5-[(phosphonooxy)methyl]pyridin-4-yl}methyl)-L-tyrosine""","""L-PEPTIDE LINKING""",TYR,"""PLP TYR""","""C17 H21 N2 O8 P""",Cc1c(c(c(cn1)COP(=O)(O)O)CN[C@@H](Cc2ccc(cc2)O)C(=O)O)O,,,,,,,True,1,412.1036,1,1,2,0,special-reference,rule-based,当前仅适合作为特殊构件或结构参考，不进入普通单体推荐层,evidence-reviewed-residue,modified-single-residue,CCD只列出一个标准氨基酸母体TYR；修饰或用途状态单独记录，不否定其非标准残基身份。
0QL,"""3-[(2-aminoethyl)disulfanyl]-L-alanine""","""L-PEPTIDE LINKING""",CYS,?,"""C5 H12 N2 O2 S2""",C(CSSC[C@@H](C(=O)O)N)N,23,11,,,,3,True,1,196.034,1,1,2,0,excluded-nonmonomer,manual-pdb-context-review,MTSEA-modified cysteine adduct,evidence-reviewed-residue,modified-single-residue,CCD只列出一个标准氨基酸母体CYS；修饰或用途状态单独记录，不否定其非标准残基身份。
0TD,"""(3S)-3-(methylsulfanyl)-L-aspartic acid""","""L-PEPTIDE LINKING""",ASP,?,"""C5 H9 N O4 S""",CS[C@@H]([C@@H](C(=O)O)N)C(=O)O,20,11,9,4,3,3,True,1,179.0252,2,2,2,0,special-reference,manual-pdb-context-review,ribosome-bound azithromycin derivative rather than an ordinary amino-acid monomer,evidence-reviewed-residue,modified-single-residue,CCD只列出一个标准氨基酸母体ASP；修饰或用途状态单独记录，不否定其非标准残基身份。
0WZ,"""3-(1H-pyrazol-1-yl)-L-tyrosine""","""L-PEPTIDE LINKING""",TYR,?,"""C12 H13 N3 O3""",c1cnn(c1)c2cc(ccc2O)C[C@@H](C(=O)O)N,31,18,9,4,3,3,True,1,247.0957,1,1,2,0,special-reference,manual-pdb-context-review,genetically incorporated pyrazolyl-tyrosine in GFP; protein-engineering reference,evidence-reviewed-residue,modified-single-residue,CCD只列出一个标准氨基酸母体TYR；修饰或用途状态单独记录，不否定其非标准残基身份。
0XL,"""2-amino-2-ethylbutanoic acid""","""PEPTIDE LINKING""",?,?,"""C6 H13 N O2""",CCC(CC)(C(=O)O)N,22,9,8,4,3,3,True,1,131.0946,1,1,2,0,special-reference,manual-pdb-context-review,WDR5-bound MM-101 peptidomimetic component,evidence-reviewed-residue,single-amino-acid-or-direct-derivative,官方结构为单一连通分子，含氨基酸主链或直接氨基酸衍生骨架，且未显示多残基母体或多肽结构。
0Y8,"""(4R)-4-[(7-bromoisoquinolin-1-yl)oxy]-L-proline""","""L-PEPTIDE LINKING""",PRO,?,"""C14 H13 Br N2 O3""",c1cc(cc2c1ccnc2O[C@@H]3C[C@H](NC3)C(=O)O)Br,33,20,8,4,2,3,True,1,336.011,1,1,2,0,special-reference,rule-based,当前仅适合作为特殊构件或结构参考，不进入普通单体推荐层,evidence-reviewed-residue,modified-single-residue,CCD只列出一个标准氨基酸母体PRO；修饰或用途状态单独记录，不否定其非标准残基身份。
11W,"""(4R)-4-[(2E)-3-{4-[(E)-phenyldiazenyl]phenyl}prop-2-en-1-yl]-L-glutamic acid""","""L-PEPTIDE LINKING""",GLU,?,"""C20 H21 N3 O4""",c1ccc(cc1)/N=N/c2ccc(cc2)/C=C/C[C@H](C[C@@H](C(=O)O)N)C(=O)O,,,,,,,True,1,367.1532,2,2,2,0,special-reference,rule-based,当前仅适合作为特殊构件或结构参考，不进入普通单体推荐层,evidence-reviewed-residue,modified-single-residue,CCD只列出一个标准氨基酸母体GLU；修饰或用途状态单独记录，不否定其非标准残基身份。
12X,"""(4R)-4-[(8-bromo-7-methoxy-2-{2-[(2-methylpropanoyl)amino]-1,3-thiazol-4-yl}quinolin-4-yl)oxy]-L-proline""","""L-PEPTIDE LINKING""",PRO,?,"""C22 H23 Br N4 O5 S""",CC(C)C(=O)Nc1nc(cs1)c2cc(c3ccc(c(c3n2)Br)OC)O[C@@H]4C[C@H](NC4)C(=O)O,,,,,,,True,1,534.0573,1,2,2,1,excluded-nonmonomer,rule-based,结构规则或人工审核已给出明确非单体/排除结论,evidence-reviewed-residue,modified-single-residue,CCD只列出一个标准氨基酸母体PRO；修饰或用途状态单独记录，不否定其非标准残基身份。
12Y,"""(4R)-4-[(7-methoxy-2-{2-[(2-methylpropanoyl)amino]-1,3-thiazol-4-yl}quinolin-4-yl)oxy]-L-proline""","""L-PEPTIDE LINKING""",PRO,?,"""C22 H24 N4 O5 S""",CC(C)C(=O)Nc1nc(cs1)c2cc(c3ccc(cc3n2)OC)O[C@@H]4C[C@H](NC4)C(=O)O,,,,,,,True,1,456.1467,1,2,2,1,excluded-nonmonomer,rule-based,结构规则或人工审核已给出明确非单体/排除结论,evidence-reviewed-residue,modified-single-residue,CCD只列出一个标准氨基酸母体PRO；修饰或用途状态单独记录，不否定其非标准残基身份。
13E,"""N-[(2S)-2-amino-3-phenylpropyl]-L-methionine""","""L-PEPTIDE LINKING""",?,?,"""C14 H22 N2 O2 S""",CSCC[C@@H](C(=O)O)NC[C@H](Cc1ccccc1)N,41,19,16,4,3,3,True,1,282.1402,1,1,2,0,special-reference,manual-pdb-context-review,endothiapepsin hydroxyethylene peptidomimetic component,special-reference,amino-acid-derived-special-structure,结构来源于氨基酸，但属于多单元加合物、反应状态、还原端／醛、完整肽模拟构件或羧酸生物电子等排体；不作为普通非天然氨基酸残基。
143,"S-2,3-DIHYDRO-5-GLYCIN-2-YL-ISOXAZOL-3-YL-CYSTEINE","""L-PEPTIDE LINKING""",CYS,?,"""C8 H13 N3 O5 S""",C1=C(ON[C@@H]1SC[C@@H](C(=O)O)N)[C@@H](C(=O)O)N,30,17,,,,3,True,1,263.0576,2,2,2,0,excluded-nonmonomer,manual-pdb-context-review,enzyme-bound biosynthetic intermediate,evidence-reviewed-residue,modified-single-residue,CCD只列出一个标准氨基酸母体CYS；修饰或用途状态单独记录，不否定其非标准残基身份。
175,"3,5-DIHYDRO-5-METHYLIDENE-4H-IMIDAZOL-4-ON","""L-PEPTIDE LINKING""","""ALA, SER, GLY""",?,"""C8 H16 N4 O3""",C[C@@H](C1NC(C(=O)N1CC(=O)O)CN)N,31,15,15,4,3,3,True,1,216.1222,1,2,2,1,excluded-nonmonomer,manual-pdb-context-review,PAL chromophore/intermediate formed in a protein,special-reference,multi-residue-derived,CCD列出多个母体残基（ALA / SER / GLY），属于多残基融合、成熟或发色团结构，不作为一个独立非天然氨基酸。
1G3,"""(2S)-1-[4-(aminomethyl)phenyl]-4-(methylsulfonyl)butan-2-amine""","""L-PEPTIDE LINKING""",?,?,"""C12 H20 N2 O2 S""",CS(=O)(=O)CC[C@H](Cc1ccc(cc1)CN)N,,,,,,,True,1,256.1245,0,0,,0,excluded-nonmonomer,rule-based,结构规则或人工审核已给出明确非单体/排除结论,excluded-nonmonomer,no-amino-acid-backbone,官方结构虽被赋予肽链连接类型，但缺少可作为单一氨基酸理解的氨基酸骨架，保留作CCD追溯而不进入非天然氨基酸库。
1IP,"""N~2~-(PHOSPHONOACETYL)-L-ASPARAGINE""","""L-PEPTIDE LINKING""",?,?,"""C6 H11 N2 O7 P""",C([C@@H](C(=O)O)NC(=O)CP(=O)(O)O)C(=O)N,27,16,,,,2,True,1,254.0304,1,3,2,2,special-reference,rule-based,当前仅适合作为特殊构件或结构参考，不进入普通单体推荐层,evidence-reviewed-residue,extended-or-aromatic-amino-acid,官方结构含同一分子内可参与连接的氨基与羧酸体系；主链距离较长或位于芳香骨架，但仍属于单一非标准氨基酸。
1PI,"""(3R)-3-[(2S)-2-amino-3-oxopropyl]piperidine-1-carboximidamide""","""L-PEPTIDE LINKING""",ALA,?,"""C9 H18 N4 O""",[H]/N=C(/N)\N1CCC[C@@H](C1)C[C@@H](C=O)N,,,,,,,True,1,198.1481,0,0,,0,excluded-nonmonomer,rule-based,结构规则或人工审核已给出明确非单体/排除结论,evidence-reviewed-residue,modified-single-residue,CCD只列出一个标准氨基酸母体ALA；修饰或用途状态单独记录，不否定其非标准残基身份。
1QI,"""(2R,4S,5S)-5-azanyl-6-methyl-4-oxidanyl-2-(phenylmethyl)heptanoic acid""","""peptide linking""",?,?,"""C15 H23 N O3""",CC(C)[C@@H]([C@H](C[C@@H](Cc1ccccc1)C(=O)O)O)N,42,19,16,4,3,3,True,1,265.1678,1,1,,0,special-reference,manual-pdb-context-review,hydroxyethylene peptidomimetic unit in a DPP3 ligand,evidence-reviewed-residue,extended-or-aromatic-amino-acid,官方结构含同一分子内可参与连接的氨基与羧酸体系；主链距离较长或位于芳香骨架，但仍属于单一非标准氨基酸。
1TQ,"""6-(FORMYLAMINO)-7-HYDROXY-L-TRYPTOPHAN""","""L-PEPTIDE LINKING""",TRP,?,"""C12 H13 N3 O4""",c1cc(c(c2c1c(c[nH]2)C[C@@H](C(=O)O)N)O)NC=O,32,19,9,4,3,3,True,1,263.0906,1,2,2,1,excluded-nonmonomer,manual-pdb-context-review,aromatic-amine-dehydrogenase covalent cofactor/adduct,evidence-reviewed-residue,modified-single-residue,CCD只列出一个标准氨基酸母体TRP；修饰或用途状态单独记录，不否定其非标准残基身份。
1TY,"""3-{(3E)-4-HYDROXY-6-OXO-3-[(2-PHENYLETHYL)IMINO]CYCLOHEXA-1,4-DIEN-1-YL}ALANINE""","""L-PEPTIDE LINKING""",TYR,?,"""C17 H18 N2 O4""",c1ccc(cc1)CC/N=C/2\C=C(C(=O)C=C2O)C[C@@H](C(=O)O)N,41,23,9,4,3,3,True,1,314.1267,1,1,2,0,special-reference,rule-based,当前仅适合作为特殊构件或结构参考，不进入普通单体推荐层,evidence-reviewed-residue,modified-single-residue,CCD只列出一个标准氨基酸母体TYR；修饰或用途状态单独记录，不否定其非标准残基身份。
1U8,"""(3S)-3-amino-5-[(2,6-dimethylbenzoyl)oxy]-4-oxopentanoic acid""","""L-PEPTIDE LINKING""",?,?,"""C14 H17 N O5""",Cc1cccc(c1C(=O)OCC(=O)[C@H](CC(=O)O)N)C,37,20,7,2,3,21,True,1,279.1107,1,2,3,0,special-reference,manual-review,已确认实际用于肽体系，但人工复核判定为连接、交联、战头、peptoid或非典型肽模拟构件（OCPR000328）,evidence-reviewed-residue,single-amino-acid-or-direct-derivative,官方结构为单一连通分子，含氨基酸主链或直接氨基酸衍生骨架，且未显示多残基母体或多肽结构。
1X6,"""O-[(2E)-3-AMINOPROP-2-ENOYL]-L-SERINE""","""L-PEPTIDE LINKING""",SER,?,"""C6 H10 N2 O4""",C([C@@H](C(=O)O)N)OC(=O)/C=C/N,22,12,,,,1,True,1,174.0641,1,2,2,0,excluded-nonmonomer,manual-pdb-context-review,beta-lactamase/clavulanate covalent adduct,evidence-reviewed-residue,modified-single-residue,CCD只列出一个标准氨基酸母体SER；修饰或用途状态单独记录，不否定其非标准残基身份。
22G,"""N-[(2S)-2-amino-3-phenylpropyl]-L-tyrosine""","""L-PEPTIDE LINKING""",?,?,"""C18 H22 N2 O3""",c1ccc(cc1)C[C@@H](CN[C@@H](Cc2ccc(cc2)O)C(=O)O)N,45,23,16,4,3,3,True,1,314.163,1,1,2,0,special-reference,rule-based,当前仅适合作为特殊构件或结构参考，不进入普通单体推荐层,special-reference,amino-acid-derived-special-structure,结构来源于氨基酸，但属于多单元加合物、反应状态、还原端／醛、完整肽模拟构件或羧酸生物电子等排体；不作为普通非天然氨基酸残基。
23S,"""(S)-2-AMINO-3-(6H-SELENOLO[2,3-B]-PYRROL-4-YL)-PROPIONIC ACID""","""L-PEPTIDE LINKING""",?,?,"""C9 H10 N2 O2 Se""",c1c[se]c2c1c(c[nH]2)C[C@@H](C(=O)O)N,24,14,9,4,3,3,True,1,257.9907,1,1,2,0,special-reference,manual-pdb-context-review,genetically encoded selenotryptophan analogue in GFP,evidence-reviewed-residue,single-amino-acid-or-direct-derivative,官方结构为单一连通分子，含氨基酸主链或直接氨基酸衍生骨架，且未显示多残基母体或多肽结构。
28X,"""O-[(R)-{[(3R)-3,4-dihydroxybutyl]oxy}(hydroxy)phosphoryl]-L-threonine""","""L-peptide linking""",THR,?,"""C8 H18 N O8 P""",C[C@H]([C@@H](C(=O)O)N)OP(=O)(O)OCC[C@H](CO)O,,,,,,,True,1,287.077,1,1,2,0,special-reference,rule-based,当前仅适合作为特殊构件或结构参考，不进入普通单体推荐层,evidence-reviewed-residue,modified-single-residue,CCD只列出一个标准氨基酸母体THR；修饰或用途状态单独记录，不否定其非标准残基身份。
2AD,"""2'-AMINO-2'-DEOXYADENOSINE""","""L-PEPTIDE LINKING""",?,?,"""C10 H14 N6 O3""",c1nc(c2c(n1)n(cn2)[C@H]3[C@@H]([C@@H]([C@H](O3)CO)O)N)N,,,,,,,True,1,266.1127,0,0,,0,excluded-nonmonomer,rule-based,结构规则或人工审核已给出明确非单体/排除结论,excluded-nonmonomer,no-amino-acid-backbone,官方结构虽被赋予肽链连接类型，但缺少可作为单一氨基酸理解的氨基酸骨架，保留作CCD追溯而不进入非天然氨基酸库。
2CO,S-HYDROPEROXYCYSTEINE,"""L-PEPTIDE LINKING""",CYS,?,"""C3 H7 N O4 S""",C([C@@H](C(=O)O)N)SOO,16,9,9,4,3,3,True,1,153.0096,1,1,2,0,excluded-nonmonomer,manual-pdb-context-review,hydroperoxy-cysteine protein modification,evidence-reviewed-residue,modified-single-residue,CCD只列出一个标准氨基酸母体CYS；修饰或用途状态单独记录，不否定其非标准残基身份。
2DO,"""(2S)-2-AMINOHEXANE-1,1-DIOL""","""L-PEPTIDE LINKING""",?,?,"""C6 H15 N O2""",CCCC[C@@H](C(O)O)N,24,9,11,6,3,3,True,1,133.1103,0,0,,0,excluded-nonmonomer,rule-based,结构规则或人工审核已给出明确非单体/排除结论,special-reference,amino-acid-derived-special-structure,结构来源于氨基酸，但属于多单元加合物、反应状态、还原端／醛、完整肽模拟构件或羧酸生物电子等排体；不作为普通非天然氨基酸残基。
2HF,2-fluoro-L-histidine,"""L-PEPTIDE LINKING""",HIS,?,"""C6 H9 F N3 O2""",c1c([nH+]c([nH]1)F)C[C@@H](C(=O)O)N,21,12,9,4,3,3,True,1,174.0673,1,1,2,0,special-reference,manual-pdb-context-review,fluorohistidine incorporated into a long protein,evidence-reviewed-residue,modified-single-residue,CCD只列出一个标准氨基酸母体HIS；修饰或用途状态单独记录，不否定其非标准残基身份。
2JF,"""(2S)-2-amino-3-oxopropyl 4-{[(2S)-2-hydroxy-4-methylpentanoyl]amino}butanoate""","""L-PEPTIDE LINKING""",?,?,"""C13 H24 N2 O5""",CC(C)C[C@@H](C(=O)NCCCC(=O)OC[C@@H](C=O)N)O,44,20,,,,,True,1,288.1685,0,2,4,1,excluded-nonmonomer,manual-pdb-context-review,enzyme-bound polyketide-synthase intermediate,special-reference,amino-acid-derived-special-structure,结构来源于氨基酸，但属于多单元加合物、反应状态、还原端／醛、完整肽模拟构件或羧酸生物电子等排体；不作为普通非天然氨基酸残基。
2JG,"""(2S)-2-amino-3-oxopropyl hexanoate""","""L-PEPTIDE LINKING""",SER,?,"""C9 H17 N O3""",CCCCCC(=O)OC[C@@H](C=O)N,30,13,,,,,True,1,187.1208,0,1,,0,excluded-nonmonomer,manual-pdb-context-review,polyketide-synthase substrate mimic/adduct,evidence-reviewed-residue,modified-single-residue,CCD只列出一个标准氨基酸母体SER；修饰或用途状态单独记录，不否定其非标准残基身份。
2JJ,5-phosphono-D-norvaline,"""D-PEPTIDE LINKING""",?,?,"""C5 H12 N O5 P""",C(C[C@H](C(=O)O)N)CP(=O)(O)O,,,,,,,True,1,197.0453,1,1,2,0,special-reference,rule-based,当前仅适合作为特殊构件或结构参考，不进入普通单体推荐层,evidence-reviewed-residue,single-amino-acid-or-direct-derivative,官方结构为单一连通分子，含氨基酸主链或直接氨基酸衍生骨架，且未显示多残基母体或多肽结构。
2KP,"""N~6~-(4-bromobenzoyl)-L-lysine""","""L-PEPTIDE LINKING""",LYS,?,"""C13 H17 Br N2 O3""",c1cc(ccc1C(=O)NCCCC[C@@H](C(=O)O)N)Br,36,19,,,,1,True,1,328.0423,1,2,2,1,special-reference,rule-based,当前仅适合作为特殊构件或结构参考，不进入普通单体推荐层,evidence-reviewed-residue,modified-single-residue,CCD只列出一个标准氨基酸母体LYS；修饰或用途状态单独记录，不否定其非标准残基身份。
2LT,"3,5-dichloro-L-tyrosine","""L-PEPTIDE LINKING""",TYR,?,"""C9 H9 Cl2 N O3""",c1c(cc(c(c1Cl)O)Cl)C[C@@H](C(=O)O)N,24,15,9,4,3,3,True,1,248.9959,1,1,2,0,special-reference,manual-pdb-context-review,dichlorotyrosine incorporated into a long iLOV protein,evidence-reviewed-residue,modified-single-residue,CCD只列出一个标准氨基酸母体TYR；修饰或用途状态单独记录，不否定其非标准残基身份。
2P0,"""1-({[(S)-hydroxy(phosphonooxy)phosphoryl]oxy}acetyl)-L-proline""","""L-peptide linking""",PRO,?,"""C7 H13 N O10 P2""",C1C[C@H](N(C1)C(=O)CO[P@](=O)(O)OP(=O)(O)O)C(=O)O,,,,,,,True,1,333.0015,1,2,2,1,special-reference,rule-based,当前仅适合作为特殊构件或结构参考，不进入普通单体推荐层,evidence-reviewed-residue,modified-single-residue,CCD只列出一个标准氨基酸母体PRO；修饰或用途状态单独记录，不否定其非标准残基身份。
2RX,O-thiophosphono-L-serine,"""L-PEPTIDE LINKING""",SER,?,"""C3 H8 N O5 P S""",C([C@@H](C(=O)O)N)OP(=O)(O)S,19,11,9,4,3,3,True,1,200.9861,1,1,2,0,special-reference,rule-based,当前仅适合作为特殊构件或结构参考，不进入普通单体推荐层,evidence-reviewed-residue,modified-single-residue,CCD只列出一个标准氨基酸母体SER；修饰或用途状态单独记录，不否定其非标准残基身份。
2SO,"""3-{3-[(3R)-3,4-dihydroxybutyl]-1-(8-phenyloctyl)-1H-imidazol-3-ium-5-yl}-L-alanine""","""L-peptide linking""",HIS,?,"""C24 H38 N3 O4""",c1ccc(cc1)CCCCCCCCn2c[n+](cc2C[C@@H](C(=O)O)N)CC[C@H](CO)O,69,31,9,4,3,3,True,1,432.2857,1,1,2,0,special-reference,rule-based,当前仅适合作为特殊构件或结构参考，不进入普通单体推荐层,evidence-reviewed-residue,modified-single-residue,CCD只列出一个标准氨基酸母体HIS；修饰或用途状态单独记录，不否定其非标准残基身份。
2TY,"""2-HYDROXY-5-{[(1E)-2-PHENYLETHYLIDENE]AMINO}-L-TYROSINE""","""L-PEPTIDE LINKING""",TYR,?,"""C17 H18 N2 O4""",c1ccc(cc1)C\C=N\c2cc(c(cc2O)O)C[C@@H](C(=O)O)N,41,23,9,4,3,3,True,1,314.1267,1,1,2,0,special-reference,rule-based,当前仅适合作为特殊构件或结构参考，不进入普通单体推荐层,evidence-reviewed-residue,modified-single-residue,CCD只列出一个标准氨基酸母体TYR；修饰或用途状态单独记录，不否定其非标准残基身份。
2VA,"""2'-(L-VALYL)AMINO-2'-DEOXYADENOSINE""","""L-PEPTIDE LINKING""",VAL,?,"""C15 H23 N7 O4""",CC(C)[C@@H](C(=O)N[C@@H]1[C@@H]([C@H](O[C@H]1n2cnc3c2ncnc3N)CO)O)N,,,,,,,True,1,365.1812,0,1,2,1,excluded-nonmonomer,rule-based,结构规则或人工审核已给出明确非单体/排除结论,evidence-reviewed-residue,modified-single-residue,CCD只列出一个标准氨基酸母体VAL；修饰或用途状态单独记录，不否定其非标准残基身份。
2XA,"""(2R)-2-AMINO-3-[(4-CHLOROPHENYL)-DIPHENYL-METHYL]SULFANYL-PROPANOIC ACID""","""L-PEPTIDE LINKING""",CYS,?,"""C22 H20 Cl N O2 S""",c1ccc(cc1)C(c2ccccc2)(c3ccc(cc3)Cl)SC[C@@H](C(=O)O)N,,,,,,,True,1,397.0903,1,1,2,0,special-reference,rule-based,当前仅适合作为特殊构件或结构参考，不进入普通单体推荐层,evidence-reviewed-residue,modified-single-residue,CCD只列出一个标准氨基酸母体CYS；修饰或用途状态单独记录，不否定其非标准残基身份。
2ZC,"""O-{[4-(2-aminoethyl)phenyl]sulfonyl}-L-serine""","""L-PEPTIDE LINKING""",SER,?,"""C11 H16 N2 O5 S""",c1cc(ccc1CCN)S(=O)(=O)OC[C@@H](C(=O)O)N,35,19,,,,2,True,1,288.078,1,1,2,0,excluded-nonmonomer,manual-pdb-context-review,covalently modified catalytic serine,evidence-reviewed-residue,modified-single-residue,CCD只列出一个标准氨基酸母体SER；修饰或用途状态单独记录，不否定其非标准残基身份。
30F,"""(2Z)-2-amino-3-selanylprop-2-enoic acid""","""PEPTIDE LINKING""",SEC,?,"""C3 H5 N O2 Se""",C(=C(/C(=O)O)\N)\[SeH],12,7,8,4,3,5,True,1,166.9485,1,1,2,0,special-reference,manual-pdb-context-review,P-glycoprotein-bound QZ-Ala peptidomimetic component,evidence-reviewed-residue,modified-noncanonical-residue,CCD只列出一个已定义氨基酸／残基母体SEC，可作为单一非标准残基理解。
30V,"""S-[(2-carbamoylphenyl)selanyl]-L-cysteine""","""L-PEPTIDE LINKING""",CYS,?,"""C10 H12 N2 O3 S Se""",c1ccc(c(c1)C(=O)N)[Se]SC[C@@H](C(=O)O)N,29,17,,,,3,True,1,319.9734,1,2,2,1,special-reference,rule-based,当前仅适合作为特殊构件或结构参考，不进入普通单体推荐层,evidence-reviewed-residue,modified-single-residue,CCD只列出一个标准氨基酸母体CYS；修饰或用途状态单独记录，不否定其非标准残基身份。
31Q,"""(4-carboxyphenyl)(L-cysteinato-kappaS~3~)mercury""","""L-PEPTIDE LINKING""",CYS,?,"""C10 H11 Hg N O4 S""",c1cc(ccc1C(=O)O)[Hg]SC[C@@H](C(=O)O)N,28,17,,,,3,True,1,443.0115,2,2,2,0,excluded-nonmonomer,rule-based,结构规则或人工审核已给出明确非单体/排除结论,evidence-reviewed-residue,modified-single-residue,CCD只列出一个标准氨基酸母体CYS；修饰或用途状态单独记录，不否定其非标准残基身份。
32L,"""ethyl (3S,4S)-4-amino-3-hydroxy-6-methylheptanoate""","""L-PEPTIDE LINKING""",?,?,"""C10 H21 N O3""",CCOC(=O)C[C@@H]([C@H](CC(C)C)N)O,35,14,13,3,3,1,True,1,203.1521,0,1,4,0,excluded-nonmonomer,rule-based,结构规则或人工审核已给出明确非单体/排除结论,evidence-reviewed-residue,single-amino-acid-or-direct-derivative,官方结构为单一连通分子，含氨基酸主链或直接氨基酸衍生骨架，且未显示多残基母体或多肽结构。
32S,6-Seleno-tryptophan,"""L-PEPTIDE LINKING""",TRP,?,"""C9 H10 N2 O2 Se""",c1c[se]c2c1[nH]cc2C[C@@H](C(=O)O)N,24,14,9,4,3,3,True,1,257.9907,1,1,2,0,special-reference,manual-pdb-context-review,selenotryptophan analogue incorporated into GFP,evidence-reviewed-residue,modified-single-residue,CCD只列出一个标准氨基酸母体TRP；修饰或用途状态单独记录，不否定其非标准残基身份。
32T,"""(S)-2-AMINO-3-(4H-THIENO[3,2-B]-PYRROL-6-YL)-PROPIONIC ACID""","""L-PEPTIDE LINKING""",TRP,?,"""C9 H10 N2 O2 S""",c1csc2c1[nH]cc2C[C@@H](C(=O)O)N,24,14,9,4,3,3,True,1,210.0463,1,1,2,0,special-reference,manual-pdb-context-review,thienopyrrole amino-acid analogue incorporated into GFP,evidence-reviewed-residue,modified-single-residue,CCD只列出一个标准氨基酸母体TRP；修饰或用途状态单独记录，不否定其非标准残基身份。
33W,"""3-(5-bromothiophen-2-yl)-L-alanine""","""L-peptide linking""",ALA,?,"""C7 H8 Br N O2 S""",c1cc(sc1C[C@@H](C(=O)O)N)Br,20,12,9,4,3,3,True,1,248.9459,1,1,2,0,special-reference,manual-pdb-context-review,bromothiophene-alanine incorporated into ferritin,evidence-reviewed-residue,modified-single-residue,CCD只列出一个标准氨基酸母体ALA；修饰或用途状态单独记录，不否定其非标准残基身份。
35Y,"""3-[(1H-tetrazol-5-ylcarbonyl)amino]-L-alanine""","""L-PEPTIDE LINKING""",?,?,"""C5 H8 N6 O3""",C([C@@H](C(=O)O)N)NC(=O)c1[nH]nnn1,,,,,,,True,1,200.0658,1,2,2,1,special-reference,rule-based,当前仅适合作为特殊构件或结构参考，不进入普通单体推荐层,evidence-reviewed-residue,single-amino-acid-or-direct-derivative,官方结构为单一连通分子，含氨基酸主链或直接氨基酸衍生骨架，且未显示多残基母体或多肽结构。
3A5,"""(2Z,4S)-3-AZA-5-CARBOXYL-2-METHYL-4(METHYLCARBOXY)PENT-2-ENOYL""","""L-PEPTIDE LINKING""",?,?,"""C8 H11 N O6""",C/C(=N\[C@@H](CC(=O)O)C(=O)OC)/C(=O)O,26,15,6,4,1,2,True,1,217.0586,2,3,2,0,excluded-nonmonomer,manual-pdb-context-review,aspartate-decarboxylase reaction intermediate,evidence-reviewed-residue,single-amino-acid-or-direct-derivative,官方结构为单一连通分子，含氨基酸主链或直接氨基酸衍生骨架，且未显示多残基母体或多肽结构。
3AH,"""[HISTIDIN-1-YL-4H-[1,2,4]TRIAZOL-5-YL]-AMINE""","""L-PEPTIDE LINKING""",HIS,?,"""C8 H11 N7 O2""",c1c(ncn1c2[nH]nc(n2)N)C[C@@H](C(=O)O)N,28,17,,,,3,True,1,237.0974,1,1,2,0,special-reference,rule-based,当前仅适合作为特殊构件或结构参考，不进入普通单体推荐层,evidence-reviewed-residue,modified-single-residue,CCD只列出一个标准氨基酸母体HIS；修饰或用途状态单独记录，不否定其非标准残基身份。
3CF,3-cyano-L-phenylalanine,"""L-PEPTIDE LINKING""",PHE,?,"""C10 H10 N2 O2""",c1cc(cc(c1)C#N)C[C@@H](C(=O)O)N,24,14,9,4,3,3,True,1,190.0742,1,1,2,0,special-reference,manual-pdb-context-review,cyanophenylalanine incorporated into semisynthetic RNase S,evidence-reviewed-residue,modified-single-residue,CCD只列出一个标准氨基酸母体PHE；修饰或用途状态单独记录，不否定其非标准残基身份。
3GA,"""(3S)-3-[(2S)-2-amino-3-oxopropyl]piperidine-1-carboximidamide""","""L-peptide linking""",ALA,?,"""C9 H18 N4 O""",[H]/N=C(\N)/N1CCC[C@H](C1)C[C@@H](C=O)N,,,,,,,True,1,198.1481,0,0,,0,excluded-nonmonomer,rule-based,结构规则或人工审核已给出明确非单体/排除结论,evidence-reviewed-residue,modified-single-residue,CCD只列出一个标准氨基酸母体ALA；修饰或用途状态单独记录，不否定其非标准残基身份。
3NF,N-acetyl-L-tyrosine,"""L-PEPTIDE LINKING""",TYR,?,"""C11 H13 N O4""",CC(=O)N[C@@H](Cc1ccc(cc1)O)C(=O)O,,,,,,,True,1,223.0845,1,2,2,1,excluded-nonmonomer,rule-based,结构规则或人工审核已给出明确非单体/排除结论,evidence-reviewed-residue,modified-single-residue,CCD只列出一个标准氨基酸母体TYR；修饰或用途状态单独记录，不否定其非标准残基身份。
3QN,"""(E)-N~6~-{2-hydroxy-3-methyl-6-[(phosphonooxy)methyl]benzylidene}-L-lysine""","""L-PEPTIDE LINKING""",LYS,?,"""C15 H23 N2 O7 P""",Cc1ccc(c(c1O)/C=N/CCCC[C@@H](C(=O)O)N)COP(=O)(O)O,48,25,9,4,3,3,True,1,374.1243,1,1,2,0,special-reference,rule-based,当前仅适合作为特殊构件或结构参考，不进入普通单体推荐层,evidence-reviewed-residue,modified-single-residue,CCD只列出一个标准氨基酸母体LYS；修饰或用途状态单独记录，不否定其非标准残基身份。
3TY,"""3-(Phenylhydrazono)-L-tyrosine""","""L-PEPTIDE LINKING""",TYR,?,"""C16 H17 N3 O4""",c1ccc(cc1)CN/N=C/2\C=C(C(=O)C=C2O)C[C@@H](C(=O)O)N,40,23,9,4,3,3,True,1,315.1219,1,1,2,0,special-reference,rule-based,当前仅适合作为特殊构件或结构参考，不进入普通单体推荐层,evidence-reviewed-residue,modified-single-residue,CCD只列出一个标准氨基酸母体TYR；修饰或用途状态单独记录，不否定其非标准残基身份。
3X9,"""3-{[(1-hydroxy-2,2,5,5-tetramethyl-2,5-dihydro-1H-pyrrol-3-yl)methyl]disulfanyl}-L-alanine""","""L-PEPTIDE LINKING""",CYS,?,"""C12 H22 N2 O3 S2""",CC1(C=C(C(N1O)(C)C)CSSC[C@@H](C(=O)O)N)C,41,19,,,,3,True,1,306.1072,1,1,2,0,special-reference,rule-based,当前仅适合作为特殊构件或结构参考，不进入普通单体推荐层,evidence-reviewed-residue,modified-single-residue,CCD只列出一个标准氨基酸母体CYS；修饰或用途状态单独记录，不否定其非标准残基身份。
3YM,3-methoxy-L-tyrosine,"""L-PEPTIDE LINKING""",TYR,?,"""C10 H13 N O4""",COc1cc(ccc1O)C[C@@H](C(=O)O)N,28,15,9,4,3,3,True,1,211.0845,1,1,2,0,special-reference,manual-pdb-context-review,methoxytyrosine incorporated into GFP,evidence-reviewed-residue,modified-single-residue,CCD只列出一个标准氨基酸母体TYR；修饰或用途状态单独记录，不否定其非标准残基身份。
3ZH,"""11-{4-[(2S)-2-amino-2-carboxyethyl]-3-(8-phenyloctyl)-2,3-dihydro-1H-imidazol-1-yl}undecanoic acid""","""L-peptide linking""",HIS,?,"""C31 H51 N3 O4""",c1ccc(cc1)CCCCCCCCN2CN(C=C2C[C@@H](C(=O)O)N)CCCCCCCCCCC(=O)O,89,38,9,4,3,5,True,1,529.388,2,2,2,0,excluded-nonmonomer,rule-based,结构规则或人工审核已给出明确非单体/排除结论,evidence-reviewed-residue,modified-single-residue,CCD只列出一个标准氨基酸母体HIS；修饰或用途状态单独记录，不否定其非标准残基身份。
3ZL,"""N~6~-[(1Z)-4-amino-3-oxopenta-1,4-dien-1-yl]-L-lysine""","""L-peptide linking""",?,?,"""C11 H19 N3 O3""",C=C(C(=O)/C=C\NCCCC[C@@H](C(=O)O)N)N,36,17,,,,2,True,1,241.1426,1,1,2,0,excluded-nonmonomer,manual-pdb-context-review,PdxS enzyme intermediate,evidence-reviewed-residue,single-amino-acid-or-direct-derivative,官方结构为单一连通分子，含氨基酸主链或直接氨基酸衍生骨架，且未显示多残基母体或多肽结构。
41Q,4-imino-L-homoserine,"""L-PEPTIDE LINKING""",ASN,?,"""C4 H8 N2 O3""",[H]/N=C(/C[C@@H](C(=O)O)N)\O,17,9,9,4,3,3,True,1,132.0535,1,1,2,0,excluded-nonmonomer,manual-pdb-context-review,cellulase protein modification rather than an isolated monomer,evidence-reviewed-residue,modified-single-residue,CCD只列出一个标准氨基酸母体ASN；修饰或用途状态单独记录，不否定其非标准残基身份。
432,O-butanoyl-L-serine,"""L-peptide linking""",SER,?,"""C7 H13 N O4""",CCCC(=O)OC[C@@H](C(=O)O)N,25,12,9,4,3,3,True,1,175.0845,1,2,2,0,excluded-nonmonomer,manual-pdb-context-review,enzyme-bound butanoyl-serine biosynthetic intermediate,evidence-reviewed-residue,modified-single-residue,CCD只列出一个标准氨基酸母体SER；修饰或用途状态单独记录，不否定其非标准残基身份。
4AF,4-ACETYL-L-PHENYLALANINE,"""L-PEPTIDE LINKING""",PHE,?,"""C11 H13 N O3""",CC(=O)c1ccc(cc1)C[C@@H](C(=O)O)N,28,15,9,4,3,3,True,1,207.0895,1,1,2,0,special-reference,manual-pdb-context-review,p-acetylphenylalanine incorporated into T4 lysozyme,evidence-reviewed-residue,modified-single-residue,CCD只列出一个标准氨基酸母体PHE；修饰或用途状态单独记录，不否定其非标准残基身份。
4AK,N~6~-sulfo-L-lysine,"""L-peptide linking""",LYS,?,"""C6 H14 N2 O5 S""",C(CCNS(=O)(=O)O)C[C@@H](C(=O)O)N,28,14,9,4,3,3,True,1,226.0623,1,1,2,0,special-reference,manual-pdb-context-review,chemically modified lysine in a transthyretin conjugate,evidence-reviewed-residue,modified-single-residue,CCD只列出一个标准氨基酸母体LYS；修饰或用途状态单独记录，不否定其非标准残基身份。
4AR,"""amino({(4S)-4-amino-6-[(2,6-dimethylbenzoyl)oxy]-5-oxohexyl}amino)methaniminium""","""L-PEPTIDE LINKING""",ARG,?,"""C16 H25 N4 O3""",Cc1cccc(c1C(=O)OCC(=O)[C@H](CCCNC(=[NH2+])N)N)C,48,23,7,2,3,21,True,1,321.1921,0,1,,0,special-reference,rule-based,当前仅适合作为特殊构件或结构参考，不进入普通单体推荐层,evidence-reviewed-residue,modified-single-residue,CCD只列出一个标准氨基酸母体ARG；修饰或用途状态单独记录，不否定其非标准残基身份。
4AW,4-AZATRYPTOPHAN,"""L-PEPTIDE LINKING""",TRP,?,"""C10 H11 N3 O2""",c1cc2c(c(c[nH]2)C[C@@H](C(=O)O)N)nc1,26,15,9,4,3,3,True,1,205.0851,1,1,2,0,special-reference,manual-pdb-context-review,azatryptophan incorporated into dodecin,evidence-reviewed-residue,modified-single-residue,CCD只列出一个标准氨基酸母体TRP；修饰或用途状态单独记录，不否定其非标准残基身份。
4CF,4-cyano-L-phenylalanine,"""L-PEPTIDE LINKING""",PHE,?,"""C10 H10 N2 O2""",c1cc(ccc1C[C@@H](C(=O)O)N)C#N,24,14,9,4,3,3,True,1,190.0742,1,1,2,0,special-reference,manual-pdb-context-review,cyanophenylalanine incorporated into RNase S,evidence-reviewed-residue,modified-single-residue,CCD只列出一个标准氨基酸母体PHE；修饰或用途状态单独记录，不否定其非标准残基身份。
4CG,"""(1R,2Z)-2-[(2R)-2-amino-3-(phosphonooxy)propylidene]cyclopentanecarboxylic acid""","""peptide linking""",?,?,"""C9 H16 N O6 P""",C1C[C@H](/C(=C\[C@H](COP(=O)(O)O)N)/C1)C(=O)O,33,17,14,4,3,3,True,1,265.0715,1,1,,0,special-reference,rule-based,当前仅适合作为特殊构件或结构参考，不进入普通单体推荐层,evidence-reviewed-residue,extended-or-aromatic-amino-acid,官方结构含同一分子内可参与连接的氨基与羧酸体系；主链距离较长或位于芳香骨架，但仍属于单一非标准氨基酸。
4CY,nitrilo-L-methionine,"""L-PEPTIDE LINKING""",MET,?,"""C5 H8 N2 O2 S""",C(CSC#N)[C@@H](C(=O)O)N,18,10,9,4,3,3,True,1,160.0306,1,1,2,0,special-reference,manual-pdb-context-review,cyanylated homocysteine in semisynthetic RNase S,evidence-reviewed-residue,modified-single-residue,CCD只列出一个标准氨基酸母体MET；修饰或用途状态单独记录，不否定其非标准残基身份。
4D4,"""(2S,3R)-2-azanyl-5-carbamimidamido-3-oxidanyl-pentanoic acid""","""L-peptide linking""",ARG,?,"""C6 H14 N4 O3""",[H]/N=C(/N)\NCC[C@H]([C@@H](C(=O)O)N)O,27,13,9,4,3,3,True,1,190.1066,1,1,2,0,special-reference,manual-pdb-context-review,ribosome-bound compound 48a component,evidence-reviewed-residue,modified-single-residue,CCD只列出一个标准氨基酸母体ARG；修饰或用途状态单独记录，不否定其非标准残基身份。
4F3,"""[2-(1-AMINO-2-HYDROXY-PROPYL)-4-(4-FLUORO-1H-INDOL-3-YLMETHYL)-5-HYDROXY-IMIDAZOL-1-YL]-ACETIC ACID""","""L-PEPTIDE LINKING""","""GLY, TYR, GLY""",?,"""C17 H19 F N4 O4""",C[C@@H]([C@@H](c1nc(c(n1CC(=O)O)O)Cc2c[nH]c3c2c(ccc3)F)N)O,45,26,19,4,3,3,True,1,362.139,1,1,2,0,special-reference,rule-based,当前仅适合作为特殊构件或结构参考，不进入普通单体推荐层,special-reference,multi-residue-derived,CCD列出多个母体残基（GLY / TYR / GLY），属于多残基融合、成熟或发色团结构，不作为一个独立非天然氨基酸。
4FW,4-FLUOROTRYPTOPHANE,"""L-PEPTIDE LINKING""",TRP,?,"""C11 H11 F N2 O2""",c1cc2c(c(c1)F)c(c[nH]2)C[C@@H](C(=O)O)N,27,16,9,4,3,3,True,1,222.0805,1,1,2,0,special-reference,manual-pdb-context-review,fluorotryptophan incorporated into GFP,evidence-reviewed-residue,modified-single-residue,CCD只列出一个标准氨基酸母体TRP；修饰或用途状态单独记录，不否定其非标准残基身份。
4GJ,"""3-(pyridin-4-yldisulfanyl)-L-alanine""","""L-PEPTIDE LINKING""",CYS,?,"""C8 H10 N2 O2 S2""",c1cnccc1SSC[C@@H](C(=O)O)N,24,14,,,,4,True,1,230.0184,1,1,2,0,excluded-nonmonomer,manual-pdb-context-review,pyridyl-disulfanyl cysteine/protein adduct,evidence-reviewed-residue,modified-single-residue,CCD只列出一个标准氨基酸母体CYS；修饰或用途状态单独记录，不否定其非标准残基身份。
4HH,"""4'-phosphopanthetheine-serine""","""L-PEPTIDE LINKING""",SER,?,"""C14 H28 N3 O9 P S""",CC(C)(COP(=O)(O)OC[C@@H](C(=O)O)N)[C@H](C(=O)NCCC(=O)NCCS)O,56,28,9,4,3,3,True,1,445.1284,1,3,2,2,special-reference,rule-based,当前仅适合作为特殊构件或结构参考，不进入普通单体推荐层,evidence-reviewed-residue,modified-single-residue,CCD只列出一个标准氨基酸母体SER；修饰或用途状态单独记录，不否定其非标准残基身份。
4HJ,"""O-[(R)-hydroxy{[(3R)-3-hydroxy-4-{[3-({2-[(2-hydroxybenzoyl)sulfanyl]ethyl}amino)-3-oxopropyl]amino}-2,2-dimethyl-4-oxobutyl]oxy}phosphoryl]-L-serine""","""L-PEPTIDE LINKING""",SER,?,"""C21 H32 N3 O11 P S""",CC(C)(COP(=O)(O)OC[C@@H](C(=O)O)N)[C@H](C(=O)NCCC(=O)NCCSC(=O)c1ccccc1O)O,69,37,,,,3,True,1,565.1495,1,4,2,2,excluded-nonmonomer,rule-based,结构规则或人工审核已给出明确非单体/排除结论,evidence-reviewed-residue,modified-single-residue,CCD只列出一个标准氨基酸母体SER；修饰或用途状态单独记录，不否定其非标准残基身份。
4HL,"""(6E)-4-[(2S)-2-amino-2-carboxyethyl]-6-[2-(4-hydroxybenzyl)hydraziniumylidene]-3-oxocyclohexa-1,4-dien-1-olate""","""L-PEPTIDE LINKING""",TYR,?,"""C16 H17 N3 O5""",c1cc(ccc1CN/[NH+]=C/2\C=C(C(=O)C=C2[O-])C[C@@H](C(=O)O)N)O,41,24,9,4,3,3,True,1,331.1168,1,1,2,0,special-reference,rule-based,当前仅适合作为特殊构件或结构参考，不进入普通单体推荐层,evidence-reviewed-residue,modified-single-residue,CCD只列出一个标准氨基酸母体TYR；修饰或用途状态单独记录，不否定其非标准残基身份。
4HT,4-HYDROXYTRYPTOPHAN,"""L-PEPTIDE LINKING""",TRP,?,"""C11 H12 N2 O3""",c1cc2c(c(c1)O)c(c[nH]2)C[C@@H](C(=O)O)N,28,16,9,4,3,3,True,1,220.0848,1,1,2,0,excluded-nonmonomer,manual-pdb-context-review,antibody photoreaction product,evidence-reviewed-residue,modified-single-residue,CCD只列出一个标准氨基酸母体TRP；修饰或用途状态单独记录，不否定其非标准残基身份。
4IK,"""(2S,5S)-2,6-diamino-5-{[(2R,3S,4R,5R)-5-(6-amino-9H-purin-9-yl)-3,4-dihydroxytetrahydrofuran-2-yl]methyl}hexanoic acid""","""L-peptide linking""",?,?,"""C16 H25 N7 O5""",c1nc(c2c(n1)n(cn2)[C@H]3[C@@H]([C@@H]([C@H](O3)C[C@H](CC[C@@H](C(=O)O)N)CN)O)O)N,,,,,,,True,1,395.1917,1,1,2,0,special-reference,rule-based,当前仅适合作为特殊构件或结构参考，不进入普通单体推荐层,evidence-reviewed-residue,single-amino-acid-or-direct-derivative,官方结构为单一连通分子，含氨基酸主链或直接氨基酸衍生骨架，且未显示多残基母体或多肽结构。
4IN,4-AMINO-L-TRYPTOPHAN,"""L-PEPTIDE LINKING""",TRP,?,"""C11 H13 N3 O2""",c1cc(c2c(c1)[nH]cc2C[C@@H](C(=O)O)N)N,29,16,9,4,3,3,True,1,219.1008,1,1,2,0,special-reference,manual-pdb-context-review,aminotryptophan incorporated into GFP,evidence-reviewed-residue,modified-single-residue,CCD只列出一个标准氨基酸母体TRP；修饰或用途状态单独记录，不否定其非标准残基身份。
4J4,"""S-(2-{[(2',4'-difluorobiphenyl-4-yl)methyl]amino}-2-oxoethyl)-L-cysteine""","""L-PEPTIDE LINKING""",CYS,?,"""C18 H18 F2 N2 O3 S""",c1cc(ccc1CNC(=O)CSC[C@@H](C(=O)O)N)c2ccc(cc2F)F,44,26,,,,3,True,1,380.1006,1,2,2,1,special-reference,rule-based,当前仅适合作为特殊构件或结构参考，不进入普通单体推荐层,evidence-reviewed-residue,modified-single-residue,CCD只列出一个标准氨基酸母体CYS；修饰或用途状态单独记录，不否定其非标准残基身份。
4L8,"""(2R)-2-(aminomethyl)-4-methylpentanoic acid""","""L-peptide linking""",?,?,"""C7 H15 N O2""",CC(C)C[C@H](CN)C(=O)O,25,10,,,,2,True,1,145.1103,1,1,3,0,special-reference,manual-pdb-context-review,beta-amino-acid-like unit in a receptor ligand,evidence-reviewed-residue,single-amino-acid-or-direct-derivative,官方结构为单一连通分子，含氨基酸主链或直接氨基酸衍生骨架，且未显示多残基母体或多肽结构。
4M8,"""(2S)-2-amino-4-[(S)-hydroxy(methoxy)phosphoryl]butanoic acid""","""L-peptide linking""",?,?,"""C5 H12 N O5 P""",CO[P@](=O)(CC[C@@H](C(=O)O)N)O,24,12,,,,,True,1,197.0453,1,1,2,0,special-reference,rule-based,当前仅适合作为特殊构件或结构参考，不进入普通单体推荐层,evidence-reviewed-residue,single-amino-acid-or-direct-derivative,官方结构为单一连通分子，含氨基酸主链或直接氨基酸衍生骨架，且未显示多残基母体或多肽结构。
4M9,"""(4Z)-4-imino-4-[(4Z)-4-(1H-indol-3-ylmethylidene)-5-oxo-1-(2-oxoethyl)-4,5-dihydro-1H-imidazol-2-yl]butanamide""","""L-peptide linking""","""GLN, TRP, GLY""",?,"""C18 H17 N5 O4""",[H]/N=C(\CCC(=O)N)/C1=N/C(=C\c2c[nH]c3c2cccc3)/C(=O)N1CC(=O)O,44,27,16,4,2,3,True,1,367.1281,1,3,2,2,special-reference,rule-based,当前仅适合作为特殊构件或结构参考，不进入普通单体推荐层,special-reference,multi-residue-derived,CCD列出多个母体残基（GLN / TRP / GLY），属于多残基融合、成熟或发色团结构，不作为一个独立非天然氨基酸。
4NT,"""[(4Z)-2-[(1R,2R)-1-amino-2-hydroxypropyl]-4-(3-chloro-4-hydroxybenzylidene)-5-oxo-4,5-dihydro-1H-imidazol-1-yl]acetic acid""","""L-peptide linking""","""THR, TYR, GLY""",?,"""C15 H16 Cl N3 O5""",C[C@H]([C@@H](C1=N/C(=C\c2ccc(c(c2)Cl)O)/C(=O)N1CC(=O)O)N)O,40,24,18,4,3,3,True,1,353.0778,1,2,2,1,excluded-nonmonomer,rule-based,结构规则或人工审核已给出明确非单体/排除结论,special-reference,multi-residue-derived,CCD列出多个母体残基（THR / TYR / GLY），属于多残基融合、成熟或发色团结构，不作为一个独立非天然氨基酸。
4NU,"""{(4Z)-2-[(1R,2R)-1-amino-2-hydroxypropyl]-4-[(3,5-dichloro-4-oxocyclohexa-2,5-dien-1-yl)methylidene]-5-oxo-4,5-dihydro-1H-imidazol-1-yl}acetic acid""","""L-peptide linking""","""THR, TYR, GLY""",?,"""C15 H15 Cl2 N3 O5""",C[C@H]([C@@H](C1=N/C(=C\C2C=C(C(=O)C(=C2)Cl)Cl)/C(=O)N1CC(=O)O)N)O,40,25,18,4,3,3,True,1,387.0389,1,2,2,1,excluded-nonmonomer,rule-based,结构规则或人工审核已给出明确非单体/排除结论,special-reference,multi-residue-derived,CCD列出多个母体残基（THR / TYR / GLY），属于多残基融合、成熟或发色团结构，不作为一个独立非天然氨基酸。
4OU,"""4-(acryloylamino)-L-phenylalanine""","""L-PEPTIDE LINKING""",PHE,?,"""C12 H14 N2 O3""",C=CC(=O)Nc1ccc(cc1)C[C@@H](C(=O)O)N,31,17,9,4,3,3,True,1,234.1004,1,2,2,1,special-reference,manual-pdb-context-review,p-acrylamidophenylalanine incorporated into beta-lactamase,evidence-reviewed-residue,modified-single-residue,CCD只列出一个标准氨基酸母体PHE；修饰或用途状态单独记录，不否定其非标准残基身份。
4OV,"""(2R)-2-[(1R)-2-[(2S)-2-amino-2-carboxyethoxy]-1-{[(2R)-2-amino-2-phenylacetyl]amino}-2-oxoethyl]-5-methyl-3,6-dihydro-2H-1,3-thiazine-4-carboxylic acid""","""L-peptide linking""",SER,?,"""C19 H24 N4 O7 S""",CC1=C(N[C@H](SC1)[C@@H](C(=O)OC[C@@H](C(=O)O)N)NC(=O)[C@@H](c2ccccc2)N)C(=O)O,55,31,,,,2,True,1,452.1366,2,4,2,1,excluded-nonmonomer,rule-based,结构规则或人工审核已给出明确非单体/排除结论,evidence-reviewed-residue,modified-single-residue,CCD只列出一个标准氨基酸母体SER；修饰或用途状态单独记录，不否定其非标准残基身份。
51T,"2,3,6-trifluoro-L-tyrosine","""L-peptide linking""",TYR,?,"""C9 H8 F3 N O3""",c1c(c(c(c(c1F)C[C@@H](C(=O)O)N)F)F)O,24,16,9,4,3,3,True,1,235.0456,1,1,2,0,special-reference,manual-pdb-context-review,trifluorotyrosine incorporated into ribonucleotide reductase,evidence-reviewed-residue,modified-single-residue,CCD只列出一个标准氨基酸母体TYR；修饰或用途状态单独记录，不否定其非标准残基身份。
54C,"""(betaR)-beta-hydroxy-1-{2-[(2R)-oxiran-2-yl]propan-2-yl}-L-tryptophan""","""L-peptide linking""",TRP,?,"""C16 H20 N2 O4""",CC(C)([C@@H]1CO1)n2cc(c3c2cccc3)[C@H]([C@@H](C(=O)O)N)O,42,22,9,4,3,3,True,1,304.1423,1,1,2,0,special-reference,rule-based,当前仅适合作为特殊构件或结构参考，不进入普通单体推荐层,evidence-reviewed-residue,modified-single-residue,CCD只列出一个标准氨基酸母体TRP；修饰或用途状态单独记录，不否定其非标准残基身份。
55I,"""4-(trifluoromethyl)-L-phenylalanine""","""L-peptide linking""",PHE,?,"""C10 H10 F3 N O2""",c1cc(ccc1C[C@@H](C(=O)O)N)C(F)(F)F,26,16,9,4,3,3,True,1,233.0664,1,1,2,0,special-reference,manual-pdb-context-review,trifluoromethylphenylalanine incorporated into a P450 protein,evidence-reviewed-residue,modified-single-residue,CCD只列出一个标准氨基酸母体PHE；修饰或用途状态单独记录，不否定其非标准残基身份。
562,"""N~5~-[N-(2-{2-[2-(triaza-1,2-dien-2-ium-1-yl)ethoxy]ethoxy}ethyl)carbamimidoyl]-L-ornithine""","""L-peptide linking""",?,?,"""C12 H26 N7 O4""",[H]/N=C(/NCCC[C@@H](C(=O)O)N)\NCCOCCOCCN=[N+]=N,49,23,9,4,3,3,True,1,332.2041,1,1,2,0,special-reference,rule-based,当前仅适合作为特殊构件或结构参考，不进入普通单体推荐层,evidence-reviewed-residue,single-amino-acid-or-direct-derivative,官方结构为单一连通分子，含氨基酸主链或直接氨基酸衍生骨架，且未显示多残基母体或多肽结构。
56A,"""3-(8-phenyloctyl)-L-histidine""","""L-peptide linking""",HIS,?,"""C20 H29 N3 O2""",c1ccc(cc1)CCCCCCCCn2cncc2C[C@@H](C(=O)O)N,54,25,9,4,3,3,True,1,343.226,1,1,2,0,special-reference,rule-based,当前仅适合作为特殊构件或结构参考，不进入普通单体推荐层,evidence-reviewed-residue,modified-single-residue,CCD只列出一个标准氨基酸母体HIS；修饰或用途状态单独记录，不否定其非标准残基身份。
56C,"""N~5~-{N-[2-(2-{2-[2-(triaza-1,2-dien-2-ium-1-yl)ethoxy]ethoxy}ethoxy)ethyl]carbamimidoyl}-L-ornithine""","""L-peptide linking""",?,?,"""C14 H30 N7 O5""",[H]/N=C(\NCCC[C@@H](C(=O)O)N)/NCCOCCOCCOCCN=[N+]=N,56,26,9,4,3,3,True,1,376.2303,1,1,2,0,special-reference,rule-based,当前仅适合作为特殊构件或结构参考，不进入普通单体推荐层,evidence-reviewed-residue,single-amino-acid-or-direct-derivative,官方结构为单一连通分子，含氨基酸主链或直接氨基酸衍生骨架，且未显示多残基母体或多肽结构。
5CR,N-acetyl-L-phenylalanine,"""L-PEPTIDE LINKING""",PHE,?,"""C11 H13 N O3""",CC(=O)N[C@@H](Cc1ccccc1)C(=O)O,28,15,,,,2,True,1,207.0895,1,2,2,1,excluded-nonmonomer,rule-based,结构规则或人工审核已给出明确非单体/排除结论,evidence-reviewed-residue,modified-single-residue,CCD只列出一个标准氨基酸母体PHE；修饰或用途状态单独记录，不否定其非标准残基身份。
5CS,"""2-AMINO-3-(CYSTEIN-S-YL)-ISOXAZOLIDIN-5-YL-ACETIC ACID""","""L-PEPTIDE LINKING""",CYS,?,"""C8 H15 N3 O5 S""",C1C(ON[C@@H]1SC[C@@H](C(=O)O)N)[C@@H](C(=O)O)N,32,17,,,,3,True,1,265.0732,2,2,2,0,excluded-nonmonomer,manual-pdb-context-review,enzyme cyclization intermediate,evidence-reviewed-residue,modified-single-residue,CCD只列出一个标准氨基酸母体CYS；修饰或用途状态单独记录，不否定其非标准残基身份。
5CT,Hypusine,"""peptide linking""",LYS,?,"""C10 H23 N3 O3""",C(CCNC[C@H](CCN)O)C[C@@H](C(=O)O)N,39,16,9,4,3,3,True,1,233.1739,1,1,2,0,special-reference,manual-pdb-context-review,hypusine protein modification recognized by an antibody,evidence-reviewed-residue,modified-single-residue,CCD只列出一个标准氨基酸母体LYS；修饰或用途状态单独记录，不否定其非标准残基身份。
5DW,4-ethynyl-L-phenylalanine,"""L-peptide linking""",?,?,"""C11 H11 N O2""",C#Cc1ccc(cc1)C[C@@H](C(=O)O)N,25,14,9,4,3,3,True,1,189.079,1,1,2,0,special-reference,manual-pdb-context-review,ethynylphenylalanine incorporated into sfGFP,evidence-reviewed-residue,single-amino-acid-or-direct-derivative,官方结构为单一连通分子，含氨基酸主链或直接氨基酸衍生骨架，且未显示多残基母体或多肽结构。
5F0,"""(3~{S})-3-azanyl-4-methoxy-4-oxidanylidene-butanoic acid""","""L-peptide linking""",?,?,"""C5 H9 N O4""",COC(=O)[C@H](CC(=O)O)N,19,10,12,4,3,3,True,1,147.0532,1,2,2,0,special-reference,manual-pdb-context-review,glutamate methyl ester modification in a mitochondrial ribosome,evidence-reviewed-residue,single-amino-acid-or-direct-derivative,官方结构为单一连通分子，含氨基酸主链或直接氨基酸衍生骨架，且未显示多残基母体或多肽结构。
5FQ,N-pentyl-L-alaninamide,"""L-peptide linking""",ALA,?,"""C8 H18 N2 O""",CCCCCNC(=O)[C@H](C)N,29,11,,,,,True,1,158.1419,0,1,2,1,excluded-nonmonomer,rule-based,结构规则或人工审核已给出明确非单体/排除结论,evidence-reviewed-residue,modified-single-residue,CCD只列出一个标准氨基酸母体ALA；修饰或用途状态单独记录，不否定其非标准残基身份。
5GG,Deoxyhypusine,"""L-peptide linking""",Lys,?,"""C10 H23 N3 O2""",C(CCNCCCCN)C[C@@H](C(=O)O)N,38,15,9,4,3,3,True,1,217.179,1,1,2,0,special-reference,manual-pdb-context-review,deoxyhypusine protein modification recognized by an antibody,evidence-reviewed-residue,modified-single-residue,CCD只列出一个标准氨基酸母体LYS；修饰或用途状态单独记录，不否定其非标准残基身份。
5MW,"""(2~{S})-5-[4-(aminomethyl)-1,2,3-triazol-1-yl]-2-azanyl-pentanoic acid""","""L-peptide linking""",LYS,?,"""C8 H15 N5 O2""",c1c(nnn1CCC[C@@H](C(=O)O)N)CN,30,15,9,4,3,4,True,1,213.1226,1,1,2,0,special-reference,manual-pdb-context-review,triazole-lysine component in a ubiquitin activity probe,evidence-reviewed-residue,modified-single-residue,CCD只列出一个标准氨基酸母体LYS；修饰或用途状态单独记录，不否定其非标准残基身份。
5OH,"""(2S)-amino[(4R,6S)-2-amino-6-hydroxy-3,4,5,6-tetrahydropyrimidin-4-yl]ethanoic acid""","""L-peptide linking""",ALA,?,"""C6 H12 N4 O3""",C1[C@@H](NC(=N[C@H]1O)N)[C@@H](C(=O)O)N,25,13,9,4,3,3,True,1,188.0909,1,1,2,0,special-reference,manual-pdb-context-review,capreomycin/ribosome-associated special component,evidence-reviewed-residue,modified-single-residue,CCD只列出一个标准氨基酸母体ALA；修饰或用途状态单独记录，不否定其非标准残基身份。
5OM,"""(2S)-2-amino-8,8-dihydroxy-8-[(2S)-oxiran-2-yl]octanoic acid""","""L-peptide linking""",?,?,"""C10 H19 N O5""",C1[C@H](O1)C(CCCCC[C@@H](C(=O)O)N)(O)O,35,16,9,4,3,3,True,1,233.1263,1,1,2,0,special-reference,manual-review,已确认实际用于肽体系，但人工复核判定为连接、交联、战头、peptoid或非典型肽模拟构件（OCPR000344）,evidence-reviewed-residue,single-amino-acid-or-direct-derivative,官方结构为单一连通分子，含氨基酸主链或直接氨基酸衍生骨架，且未显示多残基母体或多肽结构。
5OW,"""(2~{S})-2-azanyl-6-[[(~{Z})-~{C}-[2-methyl-3-oxidanyl-5-(phosphonooxymethyl)pyridin-4-yl]-~{N}-[(2~{R})-1-oxidanyl-1-oxidanylidene-3-sulfanyl-propan-2-yl]carbonimidoyl]amino]hexanoic acid""","""L-peptide linking""",LYS,?,"""C17 H27 N4 O9 P S""",Cc1c(c(c(cn1)COP(=O)(O)O)/C(=N/[C@@H](CS)C(=O)O)/NCCCC[C@@H](C(=O)O)N)O,59,32,9,4,3,3,True,1,494.1236,2,2,2,0,excluded-nonmonomer,rule-based,结构规则或人工审核已给出明确非单体/排除结论,evidence-reviewed-residue,modified-single-residue,CCD只列出一个标准氨基酸母体LYS；修饰或用途状态单独记录，不否定其非标准残基身份。
5R5,"""methyl L-serinate""","""L-peptide linking""",SER,?,"""C4 H9 N O3""",COC(=O)[C@H](CO)N,17,8,8,3,3,1,True,1,119.0582,0,1,2,0,excluded-nonmonomer,rule-based,结构规则或人工审核已给出明确非单体/排除结论,evidence-reviewed-residue,modified-single-residue,CCD只列出一个标准氨基酸母体SER；修饰或用途状态单独记录，不否定其非标准残基身份。
5SQ,"""2-[2-[(1S)-1-azanyl-2-(1H-imidazol-4-yl)ethyl]-4-[(4-hydroxyphenyl)methylidene]-5-oxidanylidene-imidazol-1-yl]ethanoic acid""","""L-peptide linking""","""HIS, TYR, GLY""",?,"""C17 H17 N5 O4""",c1cc(ccc1C=C2C(=O)N(C(=N2)[C@H](Cc3c[nH]cn3)N)CC(=O)O)O,43,26,18,4,3,3,True,1,355.1281,1,2,2,1,special-reference,rule-based,当前仅适合作为特殊构件或结构参考，不进入普通单体推荐层,special-reference,multi-residue-derived,CCD列出多个母体残基（HIS / TYR / GLY），属于多残基融合、成熟或发色团结构，不作为一个独立非天然氨基酸。
5VV,N-carbamoyl-L-Asparagine,"""L-peptide linking""",ASN,?,"""C5 H8 N2 O5""",C([C@@H](C(=O)O)NC(=O)O)C(=O)N,20,12,8,4,2,2,True,1,176.0433,2,4,2,2,excluded-nonmonomer,rule-based,结构规则或人工审核已给出明确非单体/排除结论,evidence-reviewed-residue,modified-single-residue,CCD只列出一个标准氨基酸母体ASN；修饰或用途状态单独记录，不否定其非标准残基身份。
5X8,S-adenosyl-L-cysteine,"""L-peptide linking""",?,?,"""C13 H18 N6 O5 S""",c1nc(c2c(n1)n(cn2)[C@H]3[C@@H]([C@@H]([C@H](O3)CSC[C@@H](C(=O)O)N)O)O)N,,,,,,,True,1,370.1059,1,1,2,0,excluded-nonmonomer,rule-based,结构规则或人工审核已给出明确非单体/排除结论,special-reference,amino-acid-derived-special-structure,结构来源于氨基酸，但属于多单元加合物、反应状态、还原端／醛、完整肽模拟构件或羧酸生物电子等排体；不作为普通非天然氨基酸残基。
5XU,"""(2~{S})-2-azanylpropanal""","""L-peptide linking""",ALA,?,"""C3 H7 N O""",C[C@@H](C=O)N,12,5,8,3,3,1,True,1,73.0528,0,0,,0,excluded-nonmonomer,rule-based,结构规则或人工审核已给出明确非单体/排除结论,evidence-reviewed-residue,modified-single-residue,CCD只列出一个标准氨基酸母体ALA；修饰或用途状态单独记录，不否定其非标准残基身份。
5ZA,"""(5Z)-2-[(1S,2R)-1-AMINO-2-HYDROXYPROPYL]-5-[(4-AMINO-1H-INDOL-3-YL)METHYLENE]-3-(2-HYDROXYETHYL)-3,5-DIHYDRO-4H-IMIDAZOL-4-ONE""","""L-PEPTIDE LINKING""","""THR, TRP, GLY""",?,"""C17 H19 N5 O4""",C[C@H]([C@@H](C1=N/C(=C\c2c[nH]c3c2c(ccc3)N)/C(=O)N1CC(=O)O)N)O,45,26,18,4,3,3,True,1,357.1437,1,2,2,1,special-reference,rule-based,当前仅适合作为特殊构件或结构参考，不进入普通单体推荐层,special-reference,multi-residue-derived,CCD列出多个母体残基（THR / TRP / GLY），属于多残基融合、成熟或发色团结构，不作为一个独立非天然氨基酸。
60F,"""(2~{R})-2-azanyl-3-[(~{E})-3-(4-hydroxyphenyl)prop-2-enoyl]sulfanyl-propanoic acid""","""L-peptide linking""",CYS,?,"""C12 H13 N O4 S""",c1cc(ccc1/C=C/C(=O)SC[C@@H](C(=O)O)N)O,31,18,9,4,3,3,True,1,267.0565,1,2,2,0,excluded-nonmonomer,manual-pdb-context-review,photoactive-yellow-protein chromophore,evidence-reviewed-residue,modified-single-residue,CCD只列出一个标准氨基酸母体CYS；修饰或用途状态单独记录，不否定其非标准残基身份。
66C,"""4-[8-(beta-alanyl)-8,9-dihydro-1H-dibenzo[b,f][1,2,3]triazolo[4,5-d]azocin-1-yl]-L-phenylalanine""","""L-peptide linking""",?,?,"""C27 H26 N6 O3""",c1ccc-2c(c1)CN(c3ccccc3-c4c2n(nn4)c5ccc(cc5)C[C@@H](C(=O)O)N)C(=O)CCN,62,36,9,4,3,3,True,1,482.2066,1,2,2,1,excluded-nonmonomer,rule-based,结构规则或人工审核已给出明确非单体/排除结论,special-reference,amino-acid-derived-special-structure,结构来源于氨基酸，但属于多单元加合物、反应状态、还原端／醛、完整肽模拟构件或羧酸生物电子等排体；不作为普通非天然氨基酸残基。
6BR,threoninevanadate,"""L-peptide linking""",THR,?,"""C4 H8 N O7 V""",C[C@H]([C@@H](C(=O)O)N)O[V](=O)([O-])([O-])[O-],21,13,9,4,3,3,True,1,232.9757,1,1,2,0,excluded-nonmonomer,rule-based,结构规则或人工审核已给出明确非单体/排除结论,evidence-reviewed-residue,modified-single-residue,CCD只列出一个标准氨基酸母体THR；修饰或用途状态单独记录，不否定其非标准残基身份。
6CL,6-CARBOXYLYSINE,"""L-PEPTIDE LINKING""",LYS,?,"""C7 H15 N2 O4""",C(C[C@H](C(=O)O)[NH3+])C[C@@H](C(=O)O)N,28,13,9,4,3,3,True,1,191.1026,2,2,2,0,special-reference,manual-pdb-context-review,carboxylysine-like residue in a peptidoglycan ligand,evidence-reviewed-residue,modified-single-residue,CCD只列出一个标准氨基酸母体LYS；修饰或用途状态单独记录，不否定其非标准残基身份。
6E4,L-glutamamide,"""L-peptide linking""",?,?,"""C5 H11 N3 O2""",C(CC(=O)N)[C@@H](C(=O)N)N,21,10,,,,,True,1,145.0851,0,2,2,2,excluded-nonmonomer,rule-based,结构规则或人工审核已给出明确非单体/排除结论,evidence-reviewed-residue,extended-or-aromatic-amino-acid,官方结构含同一分子内可参与连接的氨基与羧酸体系；主链距离较长或位于芳香骨架，但仍属于单一非标准氨基酸。
6G4,"""4-oxononanoyl lysine""","""peptide linking""",Lys,?,"""C15 H28 N2 O4""",CCCCCC(=O)CCC(=O)NCCCC[C@@H](C(=O)O)N,49,21,,,,1,True,1,300.2049,1,2,2,1,special-reference,rule-based,当前仅适合作为特殊构件或结构参考，不进入普通单体推荐层,evidence-reviewed-residue,modified-single-residue,CCD只列出一个标准氨基酸母体LYS；修饰或用途状态单独记录，不否定其非标准残基身份。
6GL,"""5-(phosphonooxy)-L-norvaline""","""L-PEPTIDE LINKING""",ALA,?,"""C5 H12 N O6 P""",C(C[C@@H](C(=O)O)N)COP(=O)(O)O,,,,,,,True,1,213.0402,1,1,2,0,special-reference,rule-based,当前仅适合作为特殊构件或结构参考，不进入普通单体推荐层,evidence-reviewed-residue,modified-single-residue,CCD只列出一个标准氨基酸母体ALA；修饰或用途状态单独记录，不否定其非标准残基身份。
6KM,S-propanoyl-L-cysteine,"""L-peptide linking""",?,?,"""C6 H11 N O3 S""",CCC(=O)SC[C@@H](C(=O)O)N,22,11,9,4,3,3,True,1,177.046,1,2,2,0,excluded-nonmonomer,manual-pdb-context-review,acylated catalytic-cysteine intermediate,evidence-reviewed-residue,single-amino-acid-or-direct-derivative,官方结构为单一连通分子，含氨基酸主链或直接氨基酸衍生骨架，且未显示多残基母体或多肽结构。
6M6,"""S-[(2-phenylethyl)carbamothioyl]-L-cysteine""","""L-PEPTIDE LINKING""",CYS,?,"""C12 H16 N2 O2 S2""",c1ccc(cc1)CCNC(=S)SC[C@@H](C(=O)O)N,34,18,,,,3,True,1,284.0653,1,1,2,0,excluded-nonmonomer,manual-pdb-context-review,glutathione/cysteine covalent adduct,evidence-reviewed-residue,modified-single-residue,CCD只列出一个标准氨基酸母体CYS；修饰或用途状态单独记录，不否定其非标准残基身份。
6V1,"""(2~{R})-2-azanyl-3-[(3~{R})-1-ethyl-2,5-bis(oxidanylidene)pyrrolidin-3-yl]sulfanyl-propanoic acid""","""L-PEPTIDE LINKING""",CYS,?,"""C9 H14 N2 O4 S""",CCN1C(=O)C[C@H](C1=O)SC[C@@H](C(=O)O)N,30,16,,,,1,True,1,246.0674,1,3,2,2,excluded-nonmonomer,manual-pdb-context-review,proteasome catalytic residue/adduct,evidence-reviewed-residue,modified-single-residue,CCD只列出一个标准氨基酸母体CYS；修饰或用途状态单独记录，不否定其非标准残基身份。
6V9,"""2-methyl-1,3-thiazole-5-carboxylic acid""","""peptide linking""",?,?,"""C5 H5 N O2 S""",Cc1ncc(s1)C(=O)O,14,9,8,4,1,2,True,1,143.0041,1,1,,0,special-reference,manual-review,已确认实际用于肽体系，但人工复核判定为连接、交联、战头、peptoid或非典型肽模拟构件（OCPR000274）,excluded-nonmonomer,no-amino-acid-backbone,官方结构虽被赋予肽链连接类型，但缺少可作为单一氨基酸理解的氨基酸骨架，保留作CCD追溯而不进入非天然氨基酸库。
6WK,"""(2~{R})-2-azanyl-3-[[(2~{S},3~{S})-2,3-bis(oxidanyl)-4-sulfanyl-butyl]disulfanyl]propanoic acid""","""L-PEPTIDE LINKING""",CYS,?,"""C7 H15 N O4 S3""",C([C@H]([C@@H](CSSC[C@@H](C(=O)O)N)O)O)S,30,15,,,,2,True,1,273.0163,1,1,2,0,excluded-nonmonomer,manual-pdb-context-review,PARG inhibitor covalent adduct,evidence-reviewed-residue,modified-single-residue,CCD只列出一个标准氨基酸母体CYS；修饰或用途状态单独记录，不否定其非标准残基身份。
74P,"""(E)-N~6~-(1-carboxy-3-oxobutylidene)-L-lysine""","""L-peptide linking""",LYS,?,"""C11 H18 N2 O5""",CC(=O)C/C(=N\CCCC[C@@H](C(=O)O)N)/C(=O)O,36,18,9,4,3,3,True,1,258.1216,2,2,2,0,excluded-nonmonomer,manual-pdb-context-review,enzyme-bound acetopyruvate intermediate,evidence-reviewed-residue,modified-single-residue,CCD只列出一个标准氨基酸母体LYS；修饰或用途状态单独记录，不否定其非标准残基身份。
7HA,"""N-(3-{[2-(4-chlorophenyl)-5-methyl-1,3-oxazol-4-yl]methoxy}benzyl)-N-(methoxycarbonyl)glycine""","""L-PEPTIDE LINKING""",?,?,"""C22 H21 Cl N2 O6""",Cc1c(nc(o1)c2ccc(cc2)Cl)COc3cccc(c3)CN(CC(=O)O)C(=O)OC,,,,,,,True,1,444.1088,1,3,2,1,special-reference,rule-based,当前仅适合作为特殊构件或结构参考，不进入普通单体推荐层,evidence-reviewed-residue,single-amino-acid-or-direct-derivative,官方结构为单一连通分子，含氨基酸主链或直接氨基酸衍生骨架，且未显示多残基母体或多肽结构。
7ID,"""(2~{S})-4-[[(2~{S})-5-[[azanyl($l^{4}-azanylidene)methyl]amino]-1-$l^{1}-oxidanyl-1-oxidanylidene-pentan-2-yl]amino]-2-$l^{2}-azanyl-4-oxidanylidene-butanoic acid""","""L-peptide linking""",ASP,?,"""C10 H19 N5 O5""",[H]/N=C(/N)\NCCC[C@@H](C(=O)O)NC(=O)C[C@@H](C(=O)O)N,39,20,9,4,3,3,True,1,289.1386,2,3,2,1,special-reference,manual-pdb-context-review,cyanophycin Asp-Arg polymer component,evidence-reviewed-residue,modified-single-residue,CCD只列出一个标准氨基酸母体ASP；修饰或用途状态单独记录，不否定其非标准残基身份。
7JA,"""N-({(1R,2S)-3-oxo-2-[(2Z)-pent-2-en-1-yl]cyclopentyl}acetyl)-L-isoleucine""","""L-PEPTIDE LINKING""",ILE,?,"""C18 H29 N O4""",CC/C=C\C[C@H]1[C@H](CCC1=O)CC(=O)N[C@@H]([C@@H](C)CC)C(=O)O,,,,,,,True,1,323.2097,1,2,2,1,special-reference,rule-based,当前仅适合作为特殊构件或结构参考，不进入普通单体推荐层,evidence-reviewed-residue,modified-single-residue,CCD只列出一个标准氨基酸母体ILE；修饰或用途状态单独记录，不否定其非标准残基身份。
7MN,"""(Z)-N-[(1E)-1-carboxy-2-(2,3-dihydro-1H-indol-1-yl)ethylidene]{3-hydroxy-2-methyl-5-[(phosphonooxy)methyl]pyridin-4(1H)-ylidene}methanaminium""","""PEPTIDE LINKING""",?,?,"""C19 H23 N3 O7 P""",CC1=C(/C(=C\[NH+]=C(/C[N@@]2CCc3c2cccc3)\C(=O)O)/C(=CN1)COP(=O)(O)O)O,,,,,,,True,1,436.1268,1,1,3,0,special-reference,rule-based,当前仅适合作为特殊构件或结构参考，不进入普通单体推荐层,special-reference,amino-acid-derived-special-structure,结构来源于氨基酸，但属于多单元加合物、反应状态、还原端／醛、完整肽模拟构件或羧酸生物电子等排体；不作为普通非天然氨基酸残基。
7N8,4-Borono-L-phenylalanine,"""L-peptide linking""",PHE,?,"""C9 H12 B N O4""",B(c1ccc(cc1)C[C@@H](C(=O)O)N)(O)O,27,15,9,4,3,3,True,1,209.0859,1,1,2,0,special-reference,manual-pdb-context-review,boronophenylalanine incorporated into an engineered lipocalin,evidence-reviewed-residue,modified-single-residue,CCD只列出一个标准氨基酸母体PHE；修饰或用途状态单独记录，不否定其非标准残基身份。
7O5,"""(2~{S})-2-azanyl-3-(2-sulfanylethanoylamino)propanoic acid""","""L-peptide linking""",ALA,?,"""C5 H10 N2 O3 S""",C([C@@H](C(=O)O)N)NC(=O)CS,21,11,9,4,3,3,True,1,178.0412,1,2,2,1,special-reference,manual-pdb-context-review,thiol-acyl-serine in an enzyme substrate peptide,evidence-reviewed-residue,modified-single-residue,CCD只列出一个标准氨基酸母体ALA；修饰或用途状态单独记录，不否定其非标准残基身份。
7OZ,"""(S)-2-amino-4-fluorobutanoic acid""","""L-peptide linking""",ALA,?,"""C4 H8 F N O2""",C(CF)[C@@H](C(=O)O)N,16,8,9,4,3,3,True,1,121.0539,1,1,2,0,special-reference,manual-pdb-context-review,monofluoro-aminobutyric acid incorporated into BPTI,evidence-reviewed-residue,modified-single-residue,CCD只列出一个标准氨基酸母体ALA；修饰或用途状态单独记录，不否定其非标准残基身份。
7R0,"""2-[(4E)-2-[(1S)-1-azanyl-2-(1H-imidazol-4-yl)ethyl]-4-[(4-hydroxyphenyl)methylidene]-5-oxidanylidene-imidazol-1-yl]ethanoic acid""","""L-peptide linking""","""HIS, TYR, GLY""",?,"""C17 H17 N5 O4""",c1cc(ccc1/C=C/2\C(=O)N(C(=N2)[C@H](Cc3c[nH]cn3)N)CC(=O)O)O,43,26,18,4,3,3,True,1,355.1281,1,2,2,1,special-reference,rule-based,当前仅适合作为特殊构件或结构参考，不进入普通单体推荐层,special-reference,multi-residue-derived,CCD列出多个母体残基（HIS / TYR / GLY），属于多残基融合、成熟或发色团结构，不作为一个独立非天然氨基酸。
7TK,"""(3S)-3-azanyl-4-oxidanylidene-4-pyrrolidin-1-yl-butanoic acid""","""L-peptide linking""",ASP,?,"""C8 H14 N2 O3""",C1CCN(C1)C(=O)[C@H](CC(=O)O)N,27,13,,,,1,True,1,186.1004,1,2,2,1,special-reference,manual-review,已确认实际用于肽体系，但人工复核判定为连接、交联、战头、peptoid或非典型肽模拟构件（OCPR000348）,evidence-reviewed-residue,modified-single-residue,CCD只列出一个标准氨基酸母体ASP；修饰或用途状态单独记录，不否定其非标准残基身份。
81R,"""(4R)-4,5-disulfanyl-L-norvaline""","""L-PEPTIDE LINKING""",?,?,"""C5 H11 N O2 S2""",C([C@H](CS)S)[C@@H](C(=O)O)N,21,10,9,4,3,5,True,1,181.0231,1,1,2,0,special-reference,manual-review,已确认实际用于肽体系，但人工复核判定为连接、交联、战头、peptoid或非典型肽模拟构件（OCPR000350）,evidence-reviewed-residue,single-amino-acid-or-direct-derivative,官方结构为单一连通分子，含氨基酸主链或直接氨基酸衍生骨架，且未显示多残基母体或多肽结构。
81S,"""(4S)-4,5-disulfanyl-L-norvaline""","""L-PEPTIDE LINKING""",?,?,"""C5 H11 N O2 S2""",C([C@@H](CS)S)[C@@H](C(=O)O)N,21,10,9,4,3,5,True,1,181.0231,1,1,2,0,special-reference,manual-review,已确认实际用于肽体系，但人工复核判定为连接、交联、战头、peptoid或非典型肽模拟构件（OCPR000351）,evidence-reviewed-residue,single-amino-acid-or-direct-derivative,官方结构为单一连通分子，含氨基酸主链或直接氨基酸衍生骨架，且未显示多残基母体或多肽结构。
823,"""N,N-bis(3-sulfanylpropyl)-L-asparagine""","""L-PEPTIDE LINKING""",ASN,?,"""C10 H20 N2 O3 S2""",C(CN(CCCS)C(=O)C[C@@H](C(=O)O)N)CS,37,17,9,4,3,5,True,1,280.0915,1,2,2,1,special-reference,manual-review,已确认实际用于肽体系，但人工复核判定为连接、交联、战头、peptoid或非典型肽模拟构件（OCPR000352）,evidence-reviewed-residue,modified-single-residue,CCD只列出一个标准氨基酸母体ASN；修饰或用途状态单独记录，不否定其非标准残基身份。
85L,"""[[(2~{R})-2-azanyl-3-oxidanylidene-propyl]-(chloranylaurio)sulfanuidyl]-chloranyl-gold""","""L-peptide linking""",CYS,?,"""C3 H6 Au2 Cl2 N O2 S""",C([C@@H](C(=O)O)N)[S-]([Au]Cl)[Au]Cl,17,11,9,4,3,3,True,1,583.8833,1,1,2,0,excluded-nonmonomer,rule-based,结构规则或人工审核已给出明确非单体/排除结论,evidence-reviewed-residue,modified-single-residue,CCD只列出一个标准氨基酸母体CYS；修饰或用途状态单独记录，不否定其非标准残基身份。
86N,"""(2S)-5-[[5-(6-aminopurin-9-yl)-3,4-bis(oxidanyl)furan-2-yl]methoxy-oxidanyl-phosphoryl]oxy-2-azanyl-5-oxidanylidene-pentanoic acid""","""L-peptide linking""",GLU,?,"""C15 H17 N6 O10 P""",c1nc(c2c(n1)n(cn2)c3c(c(c(o3)COP(=O)(O)OC(=O)CC[C@@H](C(=O)O)N)O)O)N,49,32,,,,3,True,1,472.0744,1,2,2,0,excluded-nonmonomer,rule-based,结构规则或人工审核已给出明确非单体/排除结论,evidence-reviewed-residue,modified-single-residue,CCD只列出一个标准氨基酸母体GLU；修饰或用途状态单独记录，不否定其非标准残基身份。
8JB,"""(2~{R})-2-azanyl-3-[[(5~{S})-5-[(1~{S})-1-azanyl-2-oxidanyl-2-oxidanylidene-ethyl]-4,5-dihydro-1,2-oxazol-3-yl]sulfanyl]propanoic acid""","""L-peptide linking""",CYS,?,"""C8 H13 N3 O5 S""",C1[C@H](ON=C1SC[C@@H](C(=O)O)N)[C@@H](C(=O)O)N,30,17,,,,1,True,1,263.0576,2,2,2,0,excluded-nonmonomer,manual-pdb-context-review,acivicin enzyme adduct,evidence-reviewed-residue,modified-single-residue,CCD只列出一个标准氨基酸母体CYS；修饰或用途状态单独记录，不否定其非标准残基身份。
8RE,"3,4-dihydroxylysine","""L-peptide linking""",LYS,?,"""C6 H14 N2 O4""",C(CN)[C@@H]([C@@H]([C@@H](C(=O)O)N)O)O,26,12,9,4,3,3,True,1,178.0954,1,1,2,0,excluded-nonmonomer,manual-pdb-context-review,dihydroxylysine post-translational modification in Rubisco,evidence-reviewed-residue,modified-single-residue,CCD只列出一个标准氨基酸母体LYS；修饰或用途状态单独记录，不否定其非标准残基身份。
8SP,"""O-[(R)-{[(2R)-2,3-bis(octanoyloxy)propyl]oxy}(hydroxy)phosphoryl]-L-serine""","""L-PEPTIDE LINKING""",SER,?,"""C22 H42 N O10 P""",CCCCCCCC(=O)OC[C@H](COP(=O)(O)OC[C@@H](C(=O)O)N)OC(=O)CCCCCCC,,,,,,,True,1,511.2546,1,3,2,0,excluded-nonmonomer,rule-based,结构规则或人工审核已给出明确非单体/排除结论,evidence-reviewed-residue,modified-single-residue,CCD只列出一个标准氨基酸母体SER；修饰或用途状态单独记录，不否定其非标准残基身份。
9AT,"""(2S,3R)-2-amino-3-hydroxy-butanamide""","""L-PEPTIDE LINKING""",?,?,"""C4 H10 N2 O2""",C[C@H]([C@@H](C(=O)N)N)O,18,8,,,,,True,1,118.0742,0,1,2,1,excluded-nonmonomer,rule-based,结构规则或人工审核已给出明确非单体/排除结论,evidence-reviewed-residue,single-amino-acid-or-direct-derivative,官方结构为单一连通分子，含氨基酸主链或直接氨基酸衍生骨架，且未显示多残基母体或多肽结构。
9DN,DANSYL-L-ASPARAGINE,"""L-PEPTIDE LINKING""",ASN,?,"""C16 H19 N3 O5 S""",CN(C)c1cccc2c1cccc2S(=O)(=O)N[C@@H](CC(=O)N)C(=O)O,,,,,,,True,1,365.1045,1,2,2,1,special-reference,rule-based,当前仅适合作为特殊构件或结构参考，不进入普通单体推荐层,evidence-reviewed-residue,modified-single-residue,CCD只列出一个标准氨基酸母体ASN；修饰或用途状态单独记录，不否定其非标准残基身份。
9DS,DANSYL-L-SARCOSINE,"""L-PEPTIDE LINKING""",GLY,?,"""C15 H18 N2 O4 S""",CN(C)c1cccc2c1cccc2S(=O)(=O)[N@@](C)CC(=O)O,,,,,,,True,1,322.0987,1,1,2,0,special-reference,rule-based,当前仅适合作为特殊构件或结构参考，不进入普通单体推荐层,evidence-reviewed-residue,modified-single-residue,CCD只列出一个标准氨基酸母体GLY；修饰或用途状态单独记录，不否定其非标准残基身份。
9E7,"""N~6~-(sulfanylmethyl)-L-lysine""","""L-peptide linking""",LYS,?,"""C7 H16 N2 O2 S""",C(CCNCS)C[C@@H](C(=O)O)N,28,12,9,4,3,3,True,1,192.0932,1,1,2,0,special-reference,manual-review,已确认实际用于肽体系，但人工复核判定为连接、交联、战头、peptoid或非典型肽模拟构件（OCPR000354）,evidence-reviewed-residue,modified-single-residue,CCD只列出一个标准氨基酸母体LYS；修饰或用途状态单独记录，不否定其非标准残基身份。
9EV,"""6-[(2R)-2-{3-hydroxy-2-methyl-5-[(phosphonooxy)methyl]pyridin-4-yl}-5-oxo-1,3-oxazolidin-3-yl]-L-norleucine""","""L-peptide linking""",?,?,"""C16 H24 N3 O9 P""",Cc1c(c(c(cn1)COP(=O)(O)O)[C@@H]2N(CC(=O)O2)CCCC[C@@H](C(=O)O)N)O,53,29,9,4,3,3,True,1,433.125,1,2,2,0,special-reference,rule-based,当前仅适合作为特殊构件或结构参考，不进入普通单体推荐层,evidence-reviewed-residue,single-amino-acid-or-direct-derivative,官方结构为单一连通分子，含氨基酸主链或直接氨基酸衍生骨架，且未显示多残基母体或多肽结构。
9JC,"""4-(aminomethyl)-8-azanyl-quinoline-2-carbaldehyde""","""L-peptide linking""",?,?,"""C11 H11 N3 O2""",c1cc2c(cc(nc2c(c1)N)C(=O)O)CN,27,16,11,4,3,3,True,1,217.0851,1,1,,0,special-reference,manual-pdb-context-review,quinoline-aldehyde foldamer unit in a peptide macrocycle,excluded-nonmonomer,no-amino-acid-backbone,官方结构虽被赋予肽链连接类型，但缺少可作为单一氨基酸理解的氨基酸骨架，保留作CCD追溯而不进入非天然氨基酸库。
9JV,"""8-azanyl-4-methoxy-quinoline-2-carboxylic acid""","""L-peptide linking""",?,?,"""C11 H10 N2 O3""",COc1cc(nc2c1cccc2N)C(=O)O,26,16,11,4,3,3,True,1,218.0691,1,1,,0,special-reference,manual-pdb-context-review,quinoline-acid foldamer unit in a peptide macrocycle,evidence-reviewed-residue,extended-or-aromatic-amino-acid,官方结构含同一分子内可参与连接的氨基与羧酸体系；主链距离较长或位于芳香骨架，但仍属于单一非标准氨基酸。
9KP,"""(E)-N~6~-[(2E)-1-carboxy-3-(2-carboxyphenyl)prop-2-en-1-ylidene]-L-lysine""","""L-peptide linking""",LYS,?,"""C17 H20 N2 O6""",c1ccc(c(c1)/C=C/C(=N\CCCC[C@@H](C(=O)O)N)/C(=O)O)C(=O)O,45,25,9,4,3,3,True,1,348.1321,3,3,2,0,special-reference,rule-based,当前仅适合作为特殊构件或结构参考，不进入普通单体推荐层,evidence-reviewed-residue,modified-single-residue,CCD只列出一个标准氨基酸母体LYS；修饰或用途状态单独记录，不否定其非标准残基身份。
9MN,"""(2~{S})-2-azanyl-6-(6-bromanylhexanoylamino)hexanoic acid""","""L-peptide linking""",?,?,"""C12 H23 Br N2 O3""",C(CCC(=O)NCCCC[C@@H](C(=O)O)N)CCBr,41,18,,,,2,True,1,322.0892,1,2,2,1,special-reference,rule-based,当前仅适合作为特殊构件或结构参考，不进入普通单体推荐层,evidence-reviewed-residue,single-amino-acid-or-direct-derivative,官方结构为单一连通分子，含氨基酸主链或直接氨基酸衍生骨架，且未显示多残基母体或多肽结构。
9NE,DANSYL-L-GLUTAMATE,"""L-PEPTIDE LINKING""",GLU,?,"""C17 H20 N2 O6 S""",CN(C)c1cccc2c1cccc2S(=O)(=O)N[C@@H](CCC(=O)O)C(=O)O,,,,,,,True,1,380.1042,2,2,2,0,special-reference,rule-based,当前仅适合作为特殊构件或结构参考，不进入普通单体推荐层,evidence-reviewed-residue,modified-single-residue,CCD只列出一个标准氨基酸母体GLU；修饰或用途状态单独记录，不否定其非标准残基身份。
9NF,DANSYL-L-PHENYLALANINE,"""L-PEPTIDE LINKING""",PHE,?,"""C21 H22 N2 O4 S""",CN(C)c1cccc2c1cccc2S(=O)(=O)N[C@@H](Cc3ccccc3)C(=O)O,,,,,,,True,1,398.13,1,1,2,0,special-reference,rule-based,当前仅适合作为特殊构件或结构参考，不进入普通单体推荐层,evidence-reviewed-residue,modified-single-residue,CCD只列出一个标准氨基酸母体PHE；修饰或用途状态单独记录，不否定其非标准残基身份。
9NR,DANSYL-L-ARGININE,"""L-PEPTIDE LINKING""",ARG,?,"""C18 H25 N5 O4 S""",CN(C)c1cccc2c1cccc2S(=O)(=O)N[C@@H](CCCNC(=N)N)C(=O)O,,,,,,,True,1,407.1627,1,1,2,0,special-reference,rule-based,当前仅适合作为特殊构件或结构参考，不进入普通单体推荐层,evidence-reviewed-residue,modified-single-residue,CCD只列出一个标准氨基酸母体ARG；修饰或用途状态单独记录，不否定其非标准残基身份。
9NV,DANSYL-L-NORVALINE,"""L-PEPTIDE LINKING""",VAL,?,"""C17 H22 N2 O4 S""",CCC[C@@H](C(=O)O)NS(=O)(=O)c1cccc2c1cccc2N(C)C,,,,,,,True,1,350.13,1,1,2,0,special-reference,rule-based,当前仅适合作为特殊构件或结构参考，不进入普通单体推荐层,evidence-reviewed-residue,modified-single-residue,CCD只列出一个标准氨基酸母体VAL；修饰或用途状态单独记录，不否定其非标准残基身份。
9OW,3-selanyl-L-alaninamide,"""L-peptide linking""",?,?,"""C3 H8 N2 O Se""",C([C@@H](C(=O)N)N)[SeH],15,7,,,,3,True,1,167.9802,0,1,2,1,excluded-nonmonomer,rule-based,结构规则或人工审核已给出明确非单体/排除结论,evidence-reviewed-residue,single-amino-acid-or-direct-derivative,官方结构为单一连通分子，含氨基酸主链或直接氨基酸衍生骨架，且未显示多残基母体或多肽结构。
9TR,"""N6-{[(3-azidophenyl)methoxy]carbonyl}-L-lysine""","""peptide linking""",LYS,?,"""C14 H19 N5 O4""",c1cc(cc(c1)N=[N+]=[N-])COC(=O)NCCCC[C@@H](C(=O)O)N,,,,,,,True,1,321.1437,1,3,2,1,special-reference,rule-based,当前仅适合作为特殊构件或结构参考，不进入普通单体推荐层,evidence-reviewed-residue,modified-single-residue,CCD只列出一个标准氨基酸母体LYS；修饰或用途状态单独记录，不否定其非标准残基身份。
9TU,"""N6-[({3-[3-(trifluoromethyl)-3H-diaziren-3-yl]phenyl}methoxy)carbonyl]-L-lysine""","""peptide linking""",LYS,?,"""C16 H19 F3 N4 O4""",c1cc(cc(c1)C2(N=N2)C(F)(F)F)COC(=O)NCCCC[C@@H](C(=O)O)N,,,,,,,True,1,388.1358,1,3,2,1,special-reference,rule-based,当前仅适合作为特殊构件或结构参考，不进入普通单体推荐层,evidence-reviewed-residue,modified-single-residue,CCD只列出一个标准氨基酸母体LYS；修饰或用途状态单独记录，不否定其非标准残基身份。
9TX,"""N6-{[(3-ethynylphenyl)methoxy]carbonyl}-L-lysine""","""peptide linking""",LYS,?,"""C16 H20 N2 O4""",C#Cc1cccc(c1)COC(=O)NCCCC[C@@H](C(=O)O)N,,,,,,,True,1,304.1423,1,3,2,1,special-reference,rule-based,当前仅适合作为特殊构件或结构参考，不进入普通单体推荐层,evidence-reviewed-residue,modified-single-residue,CCD只列出一个标准氨基酸母体LYS；修饰或用途状态单独记录，不否定其非标准残基身份。
9U6,"""3-[(2-{[(benzyloxy)carbonyl]amino}ethyl)selanyl]-L-alanine""","""peptide linking""",?,?,"""C13 H18 N2 O4 Se""",c1ccc(cc1)COC(=O)NCC[Se]C[C@@H](C(=O)O)N,,,,,,,True,1,346.0432,1,3,2,1,special-reference,rule-based,当前仅适合作为特殊构件或结构参考，不进入普通单体推荐层,evidence-reviewed-residue,single-amino-acid-or-direct-derivative,官方结构为单一连通分子，含氨基酸主链或直接氨基酸衍生骨架，且未显示多残基母体或多肽结构。
9U9,"""N6-({[(1R,8S,9s)-bicyclo[6.1.0]non-4-yn-9-yl]methoxy}carbonyl)-L-lysine""","""peptide linking""",?,?,"""C17 H26 N2 O4""",C1C[C@@H]2[C@@H](C2COC(=O)NCCCC[C@@H](C(=O)O)N)CCC#C1,,,,,,,True,1,322.1893,1,3,2,1,special-reference,rule-based,当前仅适合作为特殊构件或结构参考，不进入普通单体推荐层,evidence-reviewed-residue,single-amino-acid-or-direct-derivative,官方结构为单一连通分子，含氨基酸主链或直接氨基酸衍生骨架，且未显示多残基母体或多肽结构。
9UC,"""N6-{[(4-nitrophenyl)methoxy]carbonyl}-L-lysine""","""peptide linking""",?,?,"""C14 H19 N3 O6""",c1cc(ccc1COC(=O)NCCCC[C@@H](C(=O)O)N)[N+](=O)[O-],,,,,,,True,1,325.1274,1,3,2,1,special-reference,rule-based,当前仅适合作为特殊构件或结构参考，不进入普通单体推荐层,evidence-reviewed-residue,single-amino-acid-or-direct-derivative,官方结构为单一连通分子，含氨基酸主链或直接氨基酸衍生骨架，且未显示多残基母体或多肽结构。
9V0,"""(2S)-2-azanyl-6-[(2-azidophenyl)methoxycarbonylamino]hexanoic acid""","""peptide linking""",?,?,"""C14 H19 N5 O4""",c1ccc(c(c1)COC(=O)NCCCC[C@@H](C(=O)O)N)N=[N+]=[N-],,,,,,,True,1,321.1437,1,3,2,1,special-reference,rule-based,当前仅适合作为特殊构件或结构参考，不进入普通单体推荐层,evidence-reviewed-residue,single-amino-acid-or-direct-derivative,官方结构为单一连通分子，含氨基酸主链或直接氨基酸衍生骨架，且未显示多残基母体或多肽结构。
9V6,"""(2S)-2-azanyl-6-[(2-chlorophenyl)methoxycarbonylamino]hexanoic acid""","""peptide linking""",?,?,"""C14 H19 Cl N2 O4""",c1ccc(c(c1)COC(=O)NCCCC[C@@H](C(=O)O)N)Cl,,,,,,,True,1,314.1033,1,3,2,1,special-reference,rule-based,当前仅适合作为特殊构件或结构参考，不进入普通单体推荐层,evidence-reviewed-residue,single-amino-acid-or-direct-derivative,官方结构为单一连通分子，含氨基酸主链或直接氨基酸衍生骨架，且未显示多残基母体或多肽结构。
9VF,"""(2S)-2-azanyl-6-(trimethylsilylmethoxycarbonylamino)hexanoic acid""","""peptide linking""",?,?,"""C11 H24 N2 O4 Si""",C[Si](C)(C)COC(=O)NCCCC[C@@H](C(=O)O)N,,,,,,,True,1,276.1505,1,3,2,1,special-reference,rule-based,当前仅适合作为特殊构件或结构参考，不进入普通单体推荐层,evidence-reviewed-residue,single-amino-acid-or-direct-derivative,官方结构为单一连通分子，含氨基酸主链或直接氨基酸衍生骨架，且未显示多残基母体或多肽结构。
9VL,"""(2S)-2-azanyl-6-[(2-bromophenyl)methoxycarbonylamino]hexanoic acid""","""peptide linking""",?,?,"""C14 H19 Br N2 O4""",c1ccc(c(c1)COC(=O)NCCCC[C@@H](C(=O)O)N)Br,,,,,,,True,1,358.0528,1,3,2,1,special-reference,rule-based,当前仅适合作为特殊构件或结构参考，不进入普通单体推荐层,evidence-reviewed-residue,single-amino-acid-or-direct-derivative,官方结构为单一连通分子，含氨基酸主链或直接氨基酸衍生骨架，且未显示多残基母体或多肽结构。
9VR,"""(2S)-2-azanyl-6-[[4-[3-(trifluoromethyl)-1,2-diazirin-3-yl]phenyl]methoxycarbonylamino]hexanoic acid""","""peptide linking""",?,?,"""C16 H19 F3 N4 O4""",c1cc(ccc1COC(=O)NCCCC[C@@H](C(=O)O)N)C2(N=N2)C(F)(F)F,,,,,,,True,1,388.1358,1,3,2,1,special-reference,rule-based,当前仅适合作为特殊构件或结构参考，不进入普通单体推荐层,evidence-reviewed-residue,single-amino-acid-or-direct-derivative,官方结构为单一连通分子，含氨基酸主链或直接氨基酸衍生骨架，且未显示多残基母体或多肽结构。
9WV,beta-alanyl-3-amino-L-alanine,"""L-peptide linking""",ALA,?,"""C6 H13 N3 O3""",C(CN)C(=O)N[C@@H](CN)C(=O)O,25,12,12,4,3,3,True,1,175.0957,1,2,2,1,special-reference,manual-review,已确认实际用于肽体系，但人工复核判定为连接、交联、战头、peptoid或非典型肽模拟构件（OCPR000355）,evidence-reviewed-residue,modified-single-residue,CCD只列出一个标准氨基酸母体ALA；修饰或用途状态单独记录，不否定其非标准残基身份。
A1A48,"""(4Z)-4-{(4Z)-1-(carboxymethyl)-4-[(1H-indol-3-yl)methylidene]-5-oxo-4,5-dihydro-1H-imidazol-2-yl}-4-iminobutanoic acid""","""L-peptide linking""",?,?,"""C18 H16 N4 O5""",[H]/N=C(/CCC(=O)O)\C1=N/C(=C\c2c[nH]c3c2cccc3)/C(=O)N1CC(=O)O,43,27,16,4,2,3,True,1,368.1121,2,3,2,1,special-reference,rule-based,当前仅适合作为特殊构件或结构参考，不进入普通单体推荐层,special-reference,amino-acid-derived-special-structure,结构来源于氨基酸，但属于多单元加合物、反应状态、还原端／醛、完整肽模拟构件或羧酸生物电子等排体；不作为普通非天然氨基酸残基。
A1A5S,"""1-[(3S)-4-chloro-3-hydroxy-2-methylbutan-2-yl]-L-tryptophan""","""L-peptide linking""",TRP,?,"""C16 H21 Cl N2 O3""",CC(C)([C@@H](CCl)O)n1cc(c2c1cccc2)C[C@@H](C(=O)O)N,43,22,9,4,3,,True,1,324.1241,1,1,2,0,special-reference,rule-based,当前仅适合作为特殊构件或结构参考，不进入普通单体推荐层,evidence-reviewed-residue,modified-single-residue,CCD只列出一个标准氨基酸母体TRP；修饰或用途状态单独记录，不否定其非标准残基身份。
A1A7R,"""3-[(2S)-2-{[(2R,3S,3aR,5aS,6R,11bR,11cS)-10-hydroxy-3a-methoxy-3,14-dimethyl-2-phenyl-2,3,3a,4,5,6,7,11c-octahydro-1H-6,11b-(epiminoethano)-3,5a-methanonaphtho[2,1-g]indol-1-yl]oxy}-2,3-dihydro-1H-imidazol-4-yl]-L-alanine""","""L-peptide linking""",HIS,?,"""C34 H43 N5 O5""",C[C@@]12C[C@@]34CC[C@@]1([C@H]([C@@]35CCN([C@@H]4Cc6c5cc(cc6)O)C)N([C@@H]2c7ccccc7)O[C@H]8NC=C(N8)C[C@@H](C(=O)O)N)OC,87,44,9,4,3,1,True,1,601.3264,1,1,2,0,excluded-nonmonomer,rule-based,结构规则或人工审核已给出明确非单体/排除结论,evidence-reviewed-residue,modified-single-residue,CCD只列出一个标准氨基酸母体HIS；修饰或用途状态单独记录，不否定其非标准残基身份。
A1A7V,S-lactoyl-L-cysteine,"""L-peptide linking""",CYS,?,"""C6 H11 N O4 S""",C[C@@H](C(=O)SC[C@@H](C(=O)O)N)O,23,12,8,3,3,3,True,1,193.0409,1,2,2,0,excluded-nonmonomer,manual-pdb-context-review,S-lactoylcysteine formed as a methylglyoxal-derived DJ-1 protein adduct,evidence-reviewed-residue,modified-single-residue,CCD只列出一个标准氨基酸母体CYS；修饰或用途状态单独记录，不否定其非标准残基身份。
A1ADO,"""(4R)-5-fluoro-L-leucine""","""L-peptide linking""",LEU,?,"""C6 H12 F N O2""",C[C@H](C[C@@H](C(=O)O)N)CF,22,10,9,4,3,3,True,1,149.0852,1,1,2,0,special-reference,manual-pdb-context-review,fluoroleucine incorporated into a long engineered protein,evidence-reviewed-residue,modified-single-residue,CCD只列出一个标准氨基酸母体LEU；修饰或用途状态单独记录，不否定其非标准残基身份。
A1ADW,"""(2S)-2-amino-3-(2-methylphenyl)propane-1,1-diol""","""L-peptide linking""",?,?,"""C10 H13 N O2""",Cc1ccccc1C[C@@H](C(=O)O)N,26,13,9,4,3,3,True,1,179.0946,1,1,2,0,special-reference,manual-review,已确认实际用于肽体系，但人工复核判定为连接、交联、战头、peptoid或非典型肽模拟构件（OCPR000359）,special-reference,amino-acid-derived-special-structure,结构来源于氨基酸，但属于多单元加合物、反应状态、还原端／醛、完整肽模拟构件或羧酸生物电子等排体；不作为普通非天然氨基酸残基。
A1ADY,"""(2~{S})-2-azanyl-3-[2-[oxidanyl(oxidanylidene)-$l^{4}-azanyl]phenyl]propan-1-ol""","""L-peptide linking""",?,?,"""C9 H10 N2 O4""",c1ccc(c(c1)C[C@@H](C(=O)O)N)[N+](=O)[O-],25,15,9,4,3,3,True,1,210.0641,1,1,2,0,special-reference,manual-pdb-context-review,nitrophenylalanine-derived residue incorporated into a photosynthetic reaction-center protein,special-reference,amino-acid-derived-special-structure,结构来源于氨基酸，但属于多单元加合物、反应状态、还原端／醛、完整肽模拟构件或羧酸生物电子等排体；不作为普通非天然氨基酸残基。
A1ADZ,"""(2S)-2-amino-3-(2-methoxyphenyl)propan-1-ol""","""L-peptide linking""",?,?,"""C10 H13 N O3""",COc1ccccc1C[C@@H](C(=O)O)N,27,14,9,4,3,3,True,1,195.0895,1,1,2,0,special-reference,manual-pdb-context-review,methoxyphenylalanine-derived residue incorporated into a photosynthetic reaction-center protein,special-reference,amino-acid-derived-special-structure,结构来源于氨基酸，但属于多单元加合物、反应状态、还原端／醛、完整肽模拟构件或羧酸生物电子等排体；不作为普通非天然氨基酸残基。
A1AMC,"""(2S)-2-(methylamino)pentane-1,1,5-triol""","""L-peptide linking""",ALA,?,"""C6 H13 N O3""",CN[C@@H](CCCO)C(=O)O,23,10,8,4,2,2,True,1,147.0895,1,1,2,0,special-reference,manual-pdb-context-review,amino-triol unit in a cyclic rufomycin analogue; not an ordinary carboxylic amino-acid monomer,evidence-reviewed-residue,modified-single-residue,CCD只列出一个标准氨基酸母体ALA；修饰或用途状态单独记录，不否定其非标准残基身份。
A1AMM,4-benzyl-L-phenylalanine,"""L-peptide linking""",?,?,"""C16 H17 N O2""",c1ccc(cc1)Cc2ccc(cc2)C[C@@H](C(=O)O)N,36,19,9,4,3,3,True,1,255.1259,1,1,2,0,special-reference,manual-pdb-context-review,4-benzylphenylalanine incorporated into the 446-residue Sub2 protein,evidence-reviewed-residue,single-amino-acid-or-direct-derivative,官方结构为单一连通分子，含氨基酸主链或直接氨基酸衍生骨架，且未显示多残基母体或多肽结构。
A1AP1,O-phosphono-D-tyrosine,"""D-peptide linking""",?,?,"""C9 H12 N O6 P""",c1cc(ccc1C[C@H](C(=O)O)N)OP(=O)(O)O,29,17,9,4,3,3,True,1,261.0402,1,1,2,0,special-reference,rule-based,当前仅适合作为特殊构件或结构参考，不进入普通单体推荐层,evidence-reviewed-residue,single-amino-acid-or-direct-derivative,官方结构为单一连通分子，含氨基酸主链或直接氨基酸衍生骨架，且未显示多残基母体或多肽结构。
A1AVU,"""(3S)-4-fluoro-L-valine""","""L-peptide linking""",VAL,?,"""C5 H10 F N O2""",C[C@H](CF)[C@@H](C(=O)O)N,19,9,9,4,3,3,True,1,135.0696,1,1,2,0,special-reference,manual-pdb-context-review,fluorovaline incorporated into a long engineered protein,evidence-reviewed-residue,modified-single-residue,CCD只列出一个标准氨基酸母体VAL；修饰或用途状态单独记录，不否定其非标准残基身份。
A1AZQ,"""N-(2-phenylethyl)glycine""","""peptide linking""",GLY,?,"""C10 H13 N O2""",c1ccc(cc1)CCNCC(=O)O,26,13,9,4,2,1,True,1,179.0946,1,1,2,0,special-reference,manual-review,已确认实际用于肽体系，但人工复核判定为连接、交联、战头、peptoid或非典型肽模拟构件（OCPR000360）,evidence-reviewed-residue,modified-single-residue,CCD只列出一个标准氨基酸母体GLY；修饰或用途状态单独记录，不否定其非标准残基身份。
A1B9V,"""3-[(1S,3S)-1-oxo-2,3-dihydro-1H-1lambda~4~-benzothiophen-3-yl]-L-alanine""","""L-peptide linking""",TRP,?,"""C11 H13 N O3 S""",c1ccc2c(c1)C(CS2=O)C[C@@H](C(=O)O)N,29,16,5,3,1,1,True,1,239.0616,1,1,2,0,excluded-nonmonomer,manual-pdb-context-review,oxidized sulfur-containing tryptophan center formed in KatG protein,evidence-reviewed-residue,modified-single-residue,CCD只列出一个标准氨基酸母体TRP；修饰或用途状态单独记录，不否定其非标准残基身份。
A1BC0,"N,N-dimethyl-L-cysteinamide","""L-peptide linking""",CYS,?,"""C5 H12 N2 O S""",CN(C)C(=O)[C@H](CS)N,21,9,5,,,1,True,1,148.067,0,1,2,1,excluded-nonmonomer,rule-based,结构规则或人工审核已给出明确非单体/排除结论,evidence-reviewed-residue,modified-single-residue,CCD只列出一个标准氨基酸母体CYS；修饰或用途状态单独记录，不否定其非标准残基身份。
A1BC5,"""L-seryl-N-[(2S)-2-amino-2-carboxyethyl]glycinamide""","""L-peptide linking""",SER,?,"""C8 H16 N4 O5""",C([C@@H](C(=O)O)N)NC(=O)CNC(=O)[C@H](CO)N,33,17,8,4,3,1,True,1,248.1121,1,3,2,2,special-reference,manual-pdb-context-review,linked seryl-glycinamide construct used in an ADO substrate peptide,evidence-reviewed-residue,modified-single-residue,CCD只列出一个标准氨基酸母体SER；修饰或用途状态单独记录，不否定其非标准残基身份。
A1BDE,N~6~-L-seryl-L-lysine,"""L-peptide linking""",LYS,?,"""C9 H19 N3 O4""",C(CCNC(=O)[C@H](CO)N)C[C@@H](C(=O)O)N,35,16,8,3,3,1,True,1,233.1376,1,2,2,1,special-reference,manual-pdb-context-review,N6-seryl-lysine isopeptide construct used in an ADO substrate peptide,evidence-reviewed-residue,modified-single-residue,CCD只列出一个标准氨基酸母体LYS；修饰或用途状态单独记录，不否定其非标准残基身份。
A1BE5,"""{(4E)-2-[(1S)-1-aminoethyl]-4-[(4-hydroxyphenyl)methylidene]-5-oxo-4,5-dihydro-1H-imidazol-1-yl}acetic acid""","""L-peptide linking""","""ALA, TYR, GLY""",?,"""C14 H15 N3 O4""",C[C@@H](C1=N/C(=C/c2ccc(cc2)O)/C(=O)N1CC(=O)O)N,36,21,18,4,3,3,True,1,289.1063,1,2,2,1,excluded-nonmonomer,manual-pdb-context-review,mature fluorescent-protein chromophore rather than an isolated amino-acid monomer,special-reference,multi-residue-derived,CCD列出多个母体残基（ALA / TYR / GLY），属于多残基融合、成熟或发色团结构，不作为一个独立非天然氨基酸。
A1C3V,"""N-(tert-butoxycarbonyl)-L-phenylalanine""","""L-peptide linking""",PHE,"""BOC PHE""","""C14 H19 N O4""",CC(C)(C)OC(=O)N[C@@H](Cc1ccccc1)C(=O)O,38,19,,,,,True,1,265.1314,1,3,2,1,excluded-nonmonomer,rule-based,结构规则或人工审核已给出明确非单体/排除结论,evidence-reviewed-residue,modified-single-residue,CCD只列出一个标准氨基酸母体PHE；修饰或用途状态单独记录，不否定其非标准残基身份。
A1CM8,"""(2~{S})-2-azanyl-3-[(~{E})-[4-[oxidanyl(oxidanylidene)-$l^{4}-azanyl]-6~{H}-2,1,3-benzoxadiazol-7-ylidene]amino]propanal""","""L-peptide linking""",ALA,?,"""C9 H9 N5 O5""",c1cc(c2c(c1NC[C@@H](C(=O)O)N)non2)[N+](=O)[O-],28,19,8,3,3,,True,1,267.0604,1,1,2,0,special-reference,rule-based,当前仅适合作为特殊构件或结构参考，不进入普通单体推荐层,evidence-reviewed-residue,modified-single-residue,CCD只列出一个标准氨基酸母体ALA；修饰或用途状态单独记录，不否定其非标准残基身份。
A1CM9,"""3-[(7-nitro-2,1,3-benzoselenadiazol-4-yl)amino]-L-alanine""","""L-peptide linking""",ALA,?,"""C9 H9 N5 O4 Se""",c1cc(c2c(c1NC[C@@H](C(=O)O)N)n[se]n2)[N+](=O)[O-],28,19,9,4,3,,True,1,330.982,1,1,2,0,special-reference,rule-based,当前仅适合作为特殊构件或结构参考，不进入普通单体推荐层,evidence-reviewed-residue,modified-single-residue,CCD只列出一个标准氨基酸母体ALA；修饰或用途状态单独记录，不否定其非标准残基身份。
A1CNA,"""[(4Z)-2-[(1R,2R)-1-amino-2-hydroxypropyl]-4-{[(7-nitro-2,1,3-benzoselenadiazol-4-yl)amino]methylidene}-5-oxo-4,5-dihydro-1H-imidazol-1-yl]acetic acid""","""L-peptide linking""","THR,ALA,GLY",?,"""C15 H15 N7 O6 Se""",C[C@H]([C@@H](C1=N/C(=C\Nc2ccc(c3c2n[se]n3)[N+](=O)[O-])/C(=O)N1CC(=O)O)N)O,44,29,,,,,True,1,469.0249,1,2,2,1,excluded-nonmonomer,rule-based,结构规则或人工审核已给出明确非单体/排除结论,special-reference,multi-residue-derived,CCD列出多个母体残基（THR / ALA / GLY），属于多残基融合、成熟或发色团结构，不作为一个独立非天然氨基酸。
A1CRN,"""[(4Z)-2-[(1R,2R)-1-amino-2-hydroxypropyl]-4-{[(7-nitro-1,3-dihydro-2,1,3-benzoxadiazol-4-yl)amino]methylidene}-5-oxo-4,5-dihydro-1H-imidazol-1-yl]acetic acid""","""L-peptide linking""","""THR, ALA, GLY""",?,"""C15 H17 N7 O7""",C[C@H]([C@@H](C1=N/C(=C\Nc2ccc(c3c2NON3)[N+](=O)[O-])/C(=O)N1CC(=O)O)N)O,46,29,18,4,3,3,True,1,407.1189,1,2,2,1,special-reference,rule-based,当前仅适合作为特殊构件或结构参考，不进入普通单体推荐层,special-reference,multi-residue-derived,CCD列出多个母体残基（THR / ALA / GLY），属于多残基融合、成熟或发色团结构，不作为一个独立非天然氨基酸。
A1CRT,"""(4S)-4-{[(1R)-1-carboxy-2-sulfanylethyl]amino}-4-hydroxybutanoic acid""","""L-peptide linking""",CYS,?,"""C7 H13 N O5 S""",C(CC(=O)O)[C@@H](N[C@@H](CS)C(=O)O)O,27,14,8,4,2,1,True,1,223.0514,2,2,2,0,special-reference,manual-review,已确认实际用于肽体系，但人工复核判定为连接、交联、战头、peptoid或非典型肽模拟构件（OCPR000364）,evidence-reviewed-residue,modified-single-residue,CCD只列出一个标准氨基酸母体CYS；修饰或用途状态单独记录，不否定其非标准残基身份。
A1D5B,"""methyl (2~{S})-2,6-bis(azanyl)hexanoate""","""L-peptide linking""",LYS,?,"""C7 H16 N2 O2""",COC(=O)[C@H](CCCCN)N,27,11,7,3,3,,True,1,160.1212,0,1,2,0,excluded-nonmonomer,rule-based,结构规则或人工审核已给出明确非单体/排除结论,evidence-reviewed-residue,modified-single-residue,CCD只列出一个标准氨基酸母体LYS；修饰或用途状态单独记录，不否定其非标准残基身份。
A1D64,"""(2~{R})-3-(4-aminophenyl)sulfanyl-2-azanyl-propanoic acid""","""L-peptide linking""",CYS,?,"""C9 H12 N2 O2 S""",c1cc(ccc1N)SC[C@@H](C(=O)O)N,26,14,9,4,3,3,True,1,212.0619,1,1,2,0,special-reference,manual-pdb-context-review,4-amino-phenylcysteine incorporated into the LmrR protein,evidence-reviewed-residue,modified-single-residue,CCD只列出一个标准氨基酸母体CYS；修饰或用途状态单独记录，不否定其非标准残基身份。
A1D9O,"""(2~{S},3~{S},4~{S})-3,4-bis(oxidanyl)pyrrolidine-2-carboxylic acid""","""L-peptide linking""",PRO,?,"""C5 H9 N O4""",C1[C@@H]([C@H]([C@H](N1)C(=O)O)O)O,19,10,8,4,2,3,True,1,147.0532,1,1,2,0,special-reference,manual-pdb-context-review,dihydroxyproline repeat in a 36-unit noncanonical TLP polymer,evidence-reviewed-residue,modified-single-residue,CCD只列出一个标准氨基酸母体PRO；修饰或用途状态单独记录，不否定其非标准残基身份。
A1E9U,"""2-chloranyl-5-(methylamino)benzoic acid""","""peptide linking""",?,?,"""C8 H8 Cl N O2""",CNc1ccc(c(c1)C(=O)O)Cl,20,12,5,3,2,2,True,1,185.0244,1,1,,0,special-reference,manual-pdb-context-review,aminobenzoic-acid backbone unit in a six-unit HIV-capsid/VHL ligand,evidence-reviewed-residue,extended-or-aromatic-amino-acid,官方结构含同一分子内可参与连接的氨基与羧酸体系；主链距离较长或位于芳香骨架，但仍属于单一非标准氨基酸。
A1ECH,"""(2~{R})-2-azanyl-~{N}-methyl-5-phenyl-pentanamide""","""D-peptide linking""",?,?,"""C12 H18 N2 O""",CNC(=O)[C@@H](CCCc1ccccc1)N,33,15,7,2,3,,True,1,206.1419,0,1,2,1,excluded-nonmonomer,rule-based,结构规则或人工审核已给出明确非单体/排除结论,evidence-reviewed-residue,single-amino-acid-or-direct-derivative,官方结构为单一连通分子，含氨基酸主链或直接氨基酸衍生骨架，且未显示多残基母体或多肽结构。
A1ECI,"""5-[(2R)-2-azanyl-3-oxidanyl-3-oxidanylidene-propyl]sulfanyl-5-oxidanylidene-pentanoic acid""","""L-peptide linking""",CYS,?,"""C8 H13 N O5 S""",C(CC(=O)O)CC(=O)SC[C@@H](C(=O)O)N,28,15,9,4,3,2,True,1,235.0514,2,3,2,0,excluded-nonmonomer,manual-pdb-context-review,enzyme-bound glutaryl-CoA-related thioester intermediate,evidence-reviewed-residue,modified-single-residue,CCD只列出一个标准氨基酸母体CYS；修饰或用途状态单独记录，不否定其非标准残基身份。
A1ECK,"""(2S)-3-(4-fluorophenyl)-2-(methylsulfonylamino)propanoic acid""","""L-peptide linking""",PHE,?,"""C10 H12 F N O4 S""",CS(=O)(=O)N[C@@H](Cc1ccc(cc1)F)C(=O)O,29,17,7,4,2,2,True,1,261.0471,1,1,2,0,special-reference,manual-pdb-context-review,N-methylsulfonyl fluorophenylalanine unit in a four-unit protease inhibitor,evidence-reviewed-residue,modified-single-residue,CCD只列出一个标准氨基酸母体PHE；修饰或用途状态单独记录，不否定其非标准残基身份。
A1ECL,"""(2S)-3-[3,5-bis(fluoranyl)phenyl]-2-(methylsulfonylamino)propanoic acid""","""L-peptide linking""",PHE,?,"""C10 H11 F2 N O4 S""",CS(=O)(=O)N[C@@H](Cc1cc(cc(c1)F)F)C(=O)O,29,18,8,4,2,2,True,1,279.0377,1,1,2,0,special-reference,manual-pdb-context-review,N-methylsulfonyl difluorophenylalanine unit in a four-unit protease inhibitor,evidence-reviewed-residue,modified-single-residue,CCD只列出一个标准氨基酸母体PHE；修饰或用途状态单独记录，不否定其非标准残基身份。
A1ECM,"""(2S)-3,3-dimethyl-2-(methylsulfonylamino)butanoic acid""","""L-peptide linking""",VAL,?,"""C7 H15 N O4 S""",CC(C)(C)[C@@H](C(=O)O)NS(=O)(=O)C,28,13,8,4,2,2,True,1,209.0722,1,1,2,0,special-reference,manual-pdb-context-review,N-methylsulfonyl tert-leucine-like unit in a four-unit protease inhibitor,evidence-reviewed-residue,modified-single-residue,CCD只列出一个标准氨基酸母体VAL；修饰或用途状态单独记录，不否定其非标准残基身份。
A1EFT,"""(2~{S})-2-azanyl-5-[[(5~{R})-5-[4-[[9-chloranyl-7-(2-fluoranyl-6-methoxy-phenyl)-5~{H}-pyrimido[5,4-d][2]benzazepin-2-yl]amino]-2-methoxy-phenyl]-4-oxidanylidene-1,5-dihydroimidazol-2-yl]amino]pentanoic acid""","""L-peptide linking""",ARG,?,"""C34 H32 Cl F N8 O5""",COc1cccc(c1C2=NCc3cnc(nc3-c4c2cc(cc4)Cl)Nc5ccc(c(c5)OC)[C@@H]6C(=O)N=C(N6)NCCC[C@@H](C(=O)O)N)F,81,49,9,4,3,2,True,1,686.2168,1,2,2,0,excluded-nonmonomer,rule-based,结构规则或人工审核已给出明确非单体/排除结论,evidence-reviewed-residue,modified-single-residue,CCD只列出一个标准氨基酸母体ARG；修饰或用途状态单独记录，不否定其非标准残基身份。
A1EG1,"""(2~{S})-2-azanyl-6-[(1~{S})-3-azanylidene-6-[[4-[4-[(3-cyclopropyl-1~{H}-pyrazol-5-yl)amino]-6-(prop-2-ynylcarbamoyl)pyrimidin-2-yl]piperazin-1-yl]methyl]-1-oxidanyl-1~{H}-isoindol-2-yl]hexanoic acid""","""L-peptide linking""",LYS,?,"""C33 H41 N11 O4""",[H]/N=C\1/c2ccc(cc2[C@@H](N1CCCC[C@@H](C(=O)O)N)O)CN3CCN(CC3)c4nc(cc(n4)Nc5cc(n[nH]5)C6CC6)C(=O)NCC#C,89,48,9,4,3,1,True,1,655.3343,1,2,2,1,excluded-nonmonomer,rule-based,结构规则或人工审核已给出明确非单体/排除结论,evidence-reviewed-residue,modified-single-residue,CCD只列出一个标准氨基酸母体LYS；修饰或用途状态单独记录，不否定其非标准残基身份。
A1EIC,O-Methylcarbamoyl-L-Serine,"""L-peptide linking""",SER,?,"""C5 H10 N2 O4""",CNC(=O)OC[C@@H](C(=O)O)N,21,11,9,4,3,3,True,1,162.0641,1,3,2,1,excluded-nonmonomer,manual-pdb-context-review,carbaryl-derived O-methylcarbamoyl serine enzyme adduct,evidence-reviewed-residue,modified-single-residue,CCD只列出一个标准氨基酸母体SER；修饰或用途状态单独记录，不否定其非标准残基身份。
A1EIU,"""(2~{S})-2-azanyl-6-[(~{E})-[7-methyl-2,4-bis(oxidanyl)-5-oxidanylidene-cyclohepta-1,3,6-trien-1-yl]methylideneamino]hexanoic acid""","""L-peptide linking""",LYS,?,"""C15 H20 N2 O5""",CC1=CC(=O)C(=CC(=C1/C=N/CCCC[C@@H](C(=O)O)N)O)O,42,22,9,4,3,2,True,1,308.1372,1,1,2,0,special-reference,rule-based,当前仅适合作为特殊构件或结构参考，不进入普通单体推荐层,evidence-reviewed-residue,modified-single-residue,CCD只列出一个标准氨基酸母体LYS；修饰或用途状态单独记录，不否定其非标准残基身份。
A1EJ1,"""(2~{S})-6-[(~{E})-[(2~{S},3~{R},4~{S},5~{R})-2-acetamido-3,4,5,6-tetrakis(oxidanyl)hexylidene]amino]-2-azanyl-hexanoic acid""","""L-peptide linking""",LYS,?,"""C14 H27 N3 O7""",CC(=O)N[C@@H](/C=N/CCCC[C@@H](C(=O)O)N)[C@H]([C@@H]([C@@H](CO)O)O)O,51,24,9,4,3,2,True,1,349.1849,1,2,2,1,special-reference,rule-based,当前仅适合作为特殊构件或结构参考，不进入普通单体推荐层,evidence-reviewed-residue,modified-single-residue,CCD只列出一个标准氨基酸母体LYS；修饰或用途状态单独记录，不否定其非标准残基身份。
A1EJ4,"""(2~{S})-6-[(~{E})-2-acetamidoethylideneamino]-2-azanyl-hexanoic acid""","""L-peptide linking""",LYS,?,"""C10 H19 N3 O3""",CC(=O)NC/C=N/CCCC[C@@H](C(=O)O)N,35,16,9,4,3,2,True,1,229.1426,1,2,2,1,excluded-nonmonomer,manual-pdb-context-review,transaldolase reaction-derived lysine imine intermediate,evidence-reviewed-residue,modified-single-residue,CCD只列出一个标准氨基酸母体LYS；修饰或用途状态单独记录，不否定其非标准残基身份。
A1EJR,"""(2S)-2-azanyl-6-[6-[[(2R)-1-[4-[2-[3-bromanyl-2-(2-hydroxy-2-oxoethyloxy)-5-methyl-phenyl]ethynyl]phenyl]-4-(methylamino)-4-oxidanylidene-butan-2-yl]carbamoyl]-3-oxidanylidene-1H-indazol-2-yl]hexanoic acid""","""L-peptide linking""",LYS,?,"""C36 H38 Br N5 O8""",Cc1cc(c(c(c1)Br)OCC(=O)O)C#Cc2ccc(cc2)C[C@H](CC(=O)NC)NC(=O)c3ccc4c(c3)NN(C4=O)CCCC[C@@H](C(=O)O)N,88,50,9,4,3,,True,1,747.1904,2,4,2,2,excluded-nonmonomer,rule-based,结构规则或人工审核已给出明确非单体/排除结论,evidence-reviewed-residue,modified-single-residue,CCD只列出一个标准氨基酸母体LYS；修饰或用途状态单独记录，不否定其非标准残基身份。
A1EJS,"""(2S)-2-azanyl-6-[[2-[[4-[(5-fluoranyl-2-methoxycarbonyl-phenyl)amino]-2-[[3-(1-methylimidazol-2-yl)phenyl]methylamino]pyrimidin-5-yl]amino]-3,4-bis(oxidanylidene)cyclobuten-1-yl]amino]hexanoic acid""","""L-peptide linking""",LYS,?,"""C33 H34 F N9 O6""",Cn1ccnc1c2cccc(c2)CNc3ncc(c(n3)Nc4cc(ccc4C(=O)OC)F)NC5=C(C(=O)C5=O)NCCCC[C@@H](C(=O)O)N,83,49,8,3,3,,True,1,671.2616,1,2,2,0,excluded-nonmonomer,rule-based,结构规则或人工审核已给出明确非单体/排除结论,evidence-reviewed-residue,modified-single-residue,CCD只列出一个标准氨基酸母体LYS；修饰或用途状态单独记录，不否定其非标准残基身份。
A1EJT,"""(2~{S})-6-[(~{E})-[(2~{S},3~{S},4~{R})-5-[[[(2~{R},3~{S},4~{R},5~{R})-5-(6-aminopurin-9-yl)-3,4-bis(oxidanyl)oxolan-2-yl]methoxy-oxidanyl-phosphoryl]oxy-oxidanyl-phosphoryl]oxy-2,3,4-tris(oxidanyl)pentylidene]amino]-2-azanyl-hexanoic acid""","""L-peptide linking""",LYS,?,"""C21 H35 N7 O15 P2""",c1nc(c2c(n1)n(cn2)[C@H]3[C@@H]([C@@H]([C@H](O3)COP(=O)(O)OP(=O)(O)OC[C@H]([C@H]([C@H](/C=N/CCCC[C@@H](C(=O)O)N)O)O)O)O)O)N,80,45,9,4,3,3,True,1,687.1666,1,1,2,0,excluded-nonmonomer,rule-based,结构规则或人工审核已给出明确非单体/排除结论,evidence-reviewed-residue,modified-single-residue,CCD只列出一个标准氨基酸母体LYS；修饰或用途状态单独记录，不否定其非标准残基身份。
A1EJZ,"""(2~{S})-6-[(~{E})-[(2~{S},3~{R},4~{R},5~{R})-2-acetamido-3,4,5,6-tetrakis(oxidanyl)hexylidene]amino]-2-azanyl-hexanoic acid""","""L-peptide linking""",LYS,?,"""C14 H27 N3 O7""",CC(=O)N[C@@H](/C=N/CCCC[C@@H](C(=O)O)N)[C@H]([C@H]([C@@H](CO)O)O)O,51,24,9,4,3,2,True,1,349.1849,1,2,2,1,special-reference,rule-based,当前仅适合作为特殊构件或结构参考，不进入普通单体推荐层,evidence-reviewed-residue,modified-single-residue,CCD只列出一个标准氨基酸母体LYS；修饰或用途状态单独记录，不否定其非标准残基身份。
A1EMP,"""(2~{S})-2-azanyl-6-[(1~{S})-7-[6-(3,5-dimethyl-1,2-oxazol-4-yl)-1-[(1~{S})-1-pyridin-2-ylethyl]pyrrolo[3,2-b]pyridin-3-yl]-3-methylidene-1-oxidanyl-1~{H}-isoindol-2-yl]hexanoic acid""","""L-peptide linking""",LYS,?,"""C34 H36 N6 O4""",Cc1c(c(on1)C)c2cc3c(c(cn3[C@@H](C)c4ccccn4)c5cccc6c5[C@@H](N(C6=C)CCCC[C@@H](C(=O)O)N)O)nc2,80,44,9,4,3,2,True,1,592.2798,1,1,2,0,excluded-nonmonomer,rule-based,结构规则或人工审核已给出明确非单体/排除结论,evidence-reviewed-residue,modified-single-residue,CCD只列出一个标准氨基酸母体LYS；修饰或用途状态单独记录，不否定其非标准残基身份。
A1ER5,"""(2~{S})-2-azanyl-4-oxidanylidene-4-[(2~{R})-1-oxidanyl-1-oxidanylidene-3-phenyl-propan-2-yl]oxy-butanoic acid""","""L-peptide linking""",ASP,?,"""C13 H15 N O6""",c1ccc(cc1)C[C@H](C(=O)O)OC(=O)C[C@@H](C(=O)O)N,35,20,9,4,3,,True,1,281.0899,2,3,2,0,excluded-nonmonomer,manual-pdb-context-review,enzyme-bound aspartate ester/substrate intermediate,evidence-reviewed-residue,modified-single-residue,CCD只列出一个标准氨基酸母体ASP；修饰或用途状态单独记录，不否定其非标准残基身份。
A1EYP,"""(2S)-2-azanyl-6-[[(1S,4R,5S)-4-methyl-5-(nitromethyl)-4-phenyl-cyclohex-2-en-1-yl]amino]hexanoic acid""","""L-peptide linking""",LYS,?,"""C20 H29 N3 O4""",C[C@]1(C=C[C@H](C[C@@H]1C[N+](=O)[O-])NCCCC[C@@H](C(=O)O)N)c2ccccc2,56,27,7,3,3,2,True,1,375.2158,1,1,2,0,special-reference,rule-based,当前仅适合作为特殊构件或结构参考，不进入普通单体推荐层,evidence-reviewed-residue,modified-single-residue,CCD只列出一个标准氨基酸母体LYS；修饰或用途状态单独记录，不否定其非标准残基身份。
A1H5N,2-Imino-2-phenylethanol-lysine,"""L-peptide linking""",LYS,?,"""C14 H20 N2 O3""",c1ccc(cc1)/C(=N\CCCC[C@@H](C(=O)O)N)/CO,39,19,9,4,3,3,True,1,264.1474,1,1,2,0,excluded-nonmonomer,manual-pdb-context-review,aldolase lysine Schiff-base reaction adduct,evidence-reviewed-residue,modified-single-residue,CCD只列出一个标准氨基酸母体LYS；修饰或用途状态单独记录，不否定其非标准残基身份。
A1H6Z,"""(2~{S})-2-azanyl-3-(6-azanylpyridin-3-yl)propanal""","""L-peptide linking""",?,?,"""C8 H11 N3 O2""",c1cc(ncc1C[C@@H](C(=O)O)N)N,24,13,9,4,3,3,True,1,181.0851,1,1,2,0,special-reference,rule-based,当前仅适合作为特殊构件或结构参考，不进入普通单体推荐层,special-reference,amino-acid-derived-special-structure,结构来源于氨基酸，但属于多单元加合物、反应状态、还原端／醛、完整肽模拟构件或羧酸生物电子等排体；不作为普通非天然氨基酸残基。
A1H96,"""(2~{S})-2-azanyl-6-(propan-2-ylcarbamothioylamino)hexanoic acid""","""L-peptide linking""",LYS,?,"""C10 H21 N3 O2 S""",CC(C)NC(=S)NCCCC[C@@H](C(=O)O)N,37,16,9,4,3,,True,1,247.1354,1,1,2,0,special-reference,manual-pdb-context-review,thiourea-bearing lysine analogue genetically encoded in an engineered enzyme,evidence-reviewed-residue,modified-single-residue,CCD只列出一个标准氨基酸母体LYS；修饰或用途状态单独记录，不否定其非标准残基身份。
A1I48,"""(2~{S},3~{R})-2-azanyl-3-[(1~{R},2~{S})-2-azanyl-4-methyl-1-oxidanyl-pentoxy]butanal""","""L-peptide linking""",?,?,"""C10 H22 N2 O4""",C[C@H]([C@@H](C(=O)O)N)O[C@H]([C@H](CC(C)C)N)O,38,16,16,4,3,3,True,1,234.158,1,1,2,0,special-reference,manual-pdb-context-review,terminal amino-aldehyde transition-state mimic in an MG132-like tetrapeptide,special-reference,amino-acid-derived-special-structure,结构来源于氨基酸，但属于多单元加合物、反应状态、还原端／醛、完整肽模拟构件或羧酸生物电子等排体；不作为普通非天然氨基酸残基。
A1I4F,"""(2S)-4-(3-chlorophenyl)carbonylpiperazine-2-carboxylic acid""","""L-peptide linking""",?,?,"""C12 H13 Cl N2 O3""",c1cc(cc(c1)Cl)C(=O)N2CCN[C@@H](C2)C(=O)O,31,18,8,4,2,3,True,1,268.0615,1,2,2,1,special-reference,manual-review,已确认实际用于肽体系，但人工复核判定为连接、交联、战头、peptoid或非典型肽模拟构件（OCPR000371）,evidence-reviewed-residue,single-amino-acid-or-direct-derivative,官方结构为单一连通分子，含氨基酸主链或直接氨基酸衍生骨架，且未显示多残基母体或多肽结构。
A1I67,"""(2~{R},3~{S},6~{R},7~{S})-7-[(1~{S})-1-azanyl-3-methyl-butyl]-2,6-dimethyl-6,7-bis(oxidanyl)-1,4-oxazepane-3-carbaldehyde""","""L-peptide linking""",?,?,"""C13 H26 N2 O5""",C[C@@H]1[C@H](NC[C@@]([C@@](O1)([C@H](CC(C)C)N)O)(C)O)C(=O)O,46,20,15,4,3,3,True,1,290.1842,1,1,2,0,special-reference,manual-pdb-context-review,epoxyketone warhead unit in a carfilzomib-like pentapeptide,special-reference,amino-acid-derived-special-structure,结构来源于氨基酸，但属于多单元加合物、反应状态、还原端／醛、完整肽模拟构件或羧酸生物电子等排体；不作为普通非天然氨基酸残基。
A1I8Q,"""2-[3-[2-[3-(methylamino)propylsulfanylmethyl]prop-2-enylsulfanylmethyl]phenyl]ethanoic acid""","""L-peptide linking""",?,?,"""C17 H25 N O2 S2""",CNCCCSCC(=C)CSCc1cccc(c1)CC(=O)O,47,22,34,4,3,3,True,1,339.1327,1,1,,0,special-reference,rule-based,当前仅适合作为特殊构件或结构参考，不进入普通单体推荐层,evidence-reviewed-residue,extended-or-aromatic-amino-acid,官方结构含同一分子内可参与连接的氨基与羧酸体系；主链距离较长或位于芳香骨架，但仍属于单一非标准氨基酸。
A1I9G,"""3(S)-methyl-histidine""","""L-peptide linking""",HIS,?,"""C7 H11 N3 O2""",C[C@@H](c1cnc[nH]1)[C@@H](C(=O)O)N,23,12,9,4,3,,True,1,169.0851,1,1,2,0,special-reference,manual-pdb-context-review,methylhistidine post-translational residue in methyl-coenzyme-M reductase,evidence-reviewed-residue,modified-single-residue,CCD只列出一个标准氨基酸母体HIS；修饰或用途状态单独记录，不否定其非标准残基身份。
A1I9P,"""8-azanyl-4-[2-(2-methoxyethoxy)ethylsulfanyl]quinoline-2-carbaldehyde""","""L-peptide linking""",?,?,"""C15 H18 N2 O4 S""",COCCOCCSc1cc(nc2c1cccc2N)C(=O)O,40,22,11,4,3,3,True,1,322.0987,1,1,,0,special-reference,rule-based,当前仅适合作为特殊构件或结构参考，不进入普通单体推荐层,special-reference,amino-acid-derived-special-structure,结构来源于氨基酸，但属于多单元加合物、反应状态、还原端／醛、完整肽模拟构件或羧酸生物电子等排体；不作为普通非天然氨基酸残基。
A1I9S,"""7-azanyl-4-(3-azanylpropoxy)-8-methoxy-quinoline-2-carboxylic acid""","""L-peptide linking""",?,?,"""C14 H17 N3 O4""",COc1c(ccc2c1nc(cc2OCCCN)C(=O)O)N,38,21,12,4,3,3,True,1,291.1219,1,1,,0,special-reference,manual-pdb-context-review,quinoline oligoamide foldamer unit,evidence-reviewed-residue,extended-or-aromatic-amino-acid,官方结构含同一分子内可参与连接的氨基与羧酸体系；主链距离较长或位于芳香骨架，但仍属于单一非标准氨基酸。
A1ICB,"""(2S,4S)-4-[(2-chloranyl-5-methyl-phenyl)carbonylamino]pyrrolidine-2-carboxylic acid""","""L-peptide linking""",PRO,?,"""C13 H15 Cl N2 O3""",Cc1ccc(c(c1)C(=O)N[C@H]2C[C@H](NC2)C(=O)O)Cl,34,19,8,4,2,3,True,1,282.0771,1,2,2,1,special-reference,manual-review,已确认实际用于肽体系，但人工复核判定为连接、交联、战头、peptoid或非典型肽模拟构件（OCPR000372）,evidence-reviewed-residue,modified-single-residue,CCD只列出一个标准氨基酸母体PRO；修饰或用途状态单独记录，不否定其非标准残基身份。
A1ICC,"""(2S,4S)-4-(isoquinolin-1-ylcarbonylamino)pyrrolidine-2-carboxylic acid""","""L-peptide linking""",PRO,?,"""C15 H15 N3 O3""",c1ccc2c(c1)ccnc2C(=O)N[C@H]3C[C@H](NC3)C(=O)O,36,21,8,4,2,3,True,1,285.1113,1,2,2,1,special-reference,manual-review,已确认实际用于肽体系，但人工复核判定为连接、交联、战头、peptoid或非典型肽模拟构件（OCPR000373）,evidence-reviewed-residue,modified-single-residue,CCD只列出一个标准氨基酸母体PRO；修饰或用途状态单独记录，不否定其非标准残基身份。
A1ICL,"""(3-aminopropyl)carbamic acid""","""peptide linking""",?,?,"""C4 H10 N2 O2""",C(CN)CNC(=O)O,18,8,18,4,3,3,True,1,118.0742,1,2,,1,absent,absent,,excluded-nonmonomer,no-amino-acid-backbone,官方结构虽被赋予肽链连接类型，但缺少可作为单一氨基酸理解的氨基酸骨架，保留作CCD追溯而不进入非天然氨基酸库。
A1IHG,"""(S)-2-amino-3-(9-oxo-9H-thioxanthen-2-yl)propanoic acid""","""L-peptide linking""",PHE,?,"""C16 H13 N O3 S""",c1ccc2c(c1)C(=O)c3cc(ccc3S2)C[C@@H](C(=O)O)N,34,21,9,4,3,3,True,1,299.0616,1,1,2,0,special-reference,manual-pdb-context-review,thioxanthone-bearing amino acid incorporated into an engineered photoenzyme,evidence-reviewed-residue,modified-single-residue,CCD只列出一个标准氨基酸母体PHE；修饰或用途状态单独记录，不否定其非标准残基身份。
A1IID,4-mercaptophenyl-alanine,"""L-peptide linking""",ALA,?,"""C9 H11 N O2 S""",c1cc(ccc1C[C@@H](C(=O)O)N)S,24,13,9,4,3,3,True,1,197.051,1,1,2,0,special-reference,manual-pdb-context-review,mercaptophenylalanine incorporated into the LmrR protein,evidence-reviewed-residue,modified-single-residue,CCD只列出一个标准氨基酸母体ALA；修饰或用途状态单独记录，不否定其非标准残基身份。
A1IJ4,"""4-[3-(aminomethyl)phenoxy]butylcarbamic acid""","""L-peptide linking""",?,?,"""C12 H18 N2 O3""",c1cc(cc(c1)OCCCCNC(=O)O)CN,35,17,29,4,3,3,True,1,238.1317,1,2,,1,special-reference,manual-pdb-context-review,quinoline oligoamide foldamer unit,excluded-nonmonomer,no-amino-acid-backbone,官方结构虽被赋予肽链连接类型，但缺少可作为单一氨基酸理解的氨基酸骨架，保留作CCD追溯而不进入非天然氨基酸库。
A1IJE,"""(4~{S})-4-azanyl-4-[1-(2-hydroxy-2-oxoethyl)-5-oxidanylidene-4-[(4-oxidanylidenecyclohexa-2,5-dien-1-ylidene)methyl]-4~{H}-imidazol-2-yl]butanoic acid""","""L-peptide linking""",?,?,"""C16 H17 N3 O6""",C1=CC(=O)C=CC1=CC2C(=O)N(C(=N2)[C@H](CCC(=O)O)N)CC(=O)O,42,25,18,4,3,3,True,1,347.1117,2,3,2,1,special-reference,rule-based,当前仅适合作为特殊构件或结构参考，不进入普通单体推荐层,special-reference,amino-acid-derived-special-structure,结构来源于氨基酸，但属于多单元加合物、反应状态、还原端／醛、完整肽模拟构件或羧酸生物电子等排体；不作为普通非天然氨基酸残基。
A1IJF,"""2-[(4Z)-2-(aminomethyl)-4-[(3-azanyl-4-oxidanyl-phenyl)methylidene]-5-oxidanylidene-imidazol-1-yl]ethanoic acid""","""L-peptide linking""","""GLY, TY2, GLY""",?,"""C13 H14 N4 O4""",c1cc(c(cc1/C=C\2/C(=O)N(C(=N2)CN)CC(=O)O)N)O,35,21,18,4,3,3,True,1,290.1015,1,2,2,1,excluded-nonmonomer,manual-pdb-context-review,mature fluorescent-protein chromophore unit,special-reference,multi-residue-derived,CCD列出多个母体残基（GLY / TY2 / GLY），属于多残基融合、成熟或发色团结构，不作为一个独立非天然氨基酸。
A1IJP,"""8-azanyl-5-(2-phenylethyl)quinoline-2-carbaldehyde""","""L-peptide linking""",?,?,"""C18 H16 N2 O2""",c1ccc(cc1)CCc2ccc(c3c2ccc(n3)C(=O)O)N,38,22,11,4,3,3,True,1,292.1212,1,1,,0,special-reference,manual-pdb-context-review,quinoline-aldehyde oligoamide foldamer unit,special-reference,amino-acid-derived-special-structure,结构来源于氨基酸，但属于多单元加合物、反应状态、还原端／醛、完整肽模拟构件或羧酸生物电子等排体；不作为普通非天然氨基酸残基。
A1IJQ,"""8-azanylquinoline-2-carboxylic acid""","""L-peptide linking""",?,?,"""C10 H8 N2 O2""",c1cc2ccc(nc2c(c1)N)C(=O)O,22,14,11,4,3,3,True,1,188.0586,1,1,,0,special-reference,manual-pdb-context-review,aminquinoline-carboxylic-acid oligoamide foldamer unit,evidence-reviewed-residue,extended-or-aromatic-amino-acid,官方结构含同一分子内可参与连接的氨基与羧酸体系；主链距离较长或位于芳香骨架，但仍属于单一非标准氨基酸。
A1IKE,"""(2~{S})-2-(2-azanylphenoxy)propanoic acid""","""L-peptide linking""",?,?,"""C9 H11 N O3""",C[C@@H](C(=O)O)Oc1ccccc1N,24,13,12,4,3,3,True,1,181.0739,1,1,,0,special-reference,manual-pdb-context-review,aminophenoxy-propanoic-acid oligoamide foldamer unit,evidence-reviewed-residue,extended-or-aromatic-amino-acid,官方结构含同一分子内可参与连接的氨基与羧酸体系；主链距离较长或位于芳香骨架，但仍属于单一非标准氨基酸。
A1IKP,TRIPHOSPHOSERINE,"""L-peptide linking""",SER,?,"""C3 H10 N O12 P3""",C([C@@H](C(=O)O)N)OP(=O)(O)OP(=O)(O)OP(=O)(O)O,29,19,9,4,3,3,True,1,344.9416,1,1,2,0,special-reference,rule-based,当前仅适合作为特殊构件或结构参考，不进入普通单体推荐层,evidence-reviewed-residue,modified-single-residue,CCD只列出一个标准氨基酸母体SER；修饰或用途状态单独记录，不否定其非标准残基身份。
A1IM3,"""(3~{R})-3-azanyl-4-(1~{H}-indol-3-yl)butanal""","""D-peptide linking""",?,?,"""C12 H14 N2 O2""",c1ccc2c(c1)c(c[nH]2)C[C@H](CC(=O)O)N,30,16,12,4,3,3,True,1,218.1055,1,1,3,0,special-reference,manual-review,已确认实际用于肽体系，但人工复核判定为连接、交联、战头、peptoid或非典型肽模拟构件（OCPR000374）,special-reference,amino-acid-derived-special-structure,结构来源于氨基酸，但属于多单元加合物、反应状态、还原端／醛、完整肽模拟构件或羧酸生物电子等排体；不作为普通非天然氨基酸残基。
A1IM8,"""(2~{R})-2-azanyl-~{N}-methyl-3-pyridin-4-yl-propanamide""","""D-peptide linking""",?,?,"""C9 H13 N3 O""",CNC(=O)[C@@H](Cc1ccncc1)N,26,13,7,2,3,1,True,1,179.1059,0,1,2,1,excluded-nonmonomer,rule-based,结构规则或人工审核已给出明确非单体/排除结论,evidence-reviewed-residue,single-amino-acid-or-direct-derivative,官方结构为单一连通分子，含氨基酸主链或直接氨基酸衍生骨架，且未显示多残基母体或多肽结构。
A1IMX,"""4-[2-[1-[3-[3-(aminomethyl)phenoxy]propyl]-1,2,3-triazol-4-yl]ethoxy]-8-azanyl-quinoline-2-carboxylic acid""","""L-peptide linking""",?,?,"""C24 H26 N6 O4""",c1cc(cc(c1)OCCCn2cc(nn2)CCOc3cc(nc4c3cccc4N)C(=O)O)CN,60,34,11,4,3,4,True,1,462.2016,1,1,,0,excluded-nonmonomer,rule-based,结构规则或人工审核已给出明确非单体/排除结论,evidence-reviewed-residue,extended-or-aromatic-amino-acid,官方结构含同一分子内可参与连接的氨基与羧酸体系；主链距离较长或位于芳香骨架，但仍属于单一非标准氨基酸。
A1IPL,para-boronophenylalanine,"""L-peptide linking""",PHE,?,"""C9 H13 B N O5""",B(c1ccc(cc1)C[C@@H](C(=O)O)N)(O)(O)O,29,16,9,4,3,1,False,,,,,,,special-reference,manual-pdb-context-review,para-boronophenylalanine incorporated into the RamR protein,evidence-reviewed-residue,modified-single-residue,CCD只列出一个标准氨基酸母体PHE；修饰或用途状态单独记录，不否定其非标准残基身份。
A1IQX,NE2-acetamide-histidine,"""L-peptide linking""",HIS,?,"""C8 H12 N4 O3""",c1c(ncn1CC(=O)N)C[C@@H](C(=O)O)N,27,15,8,4,3,,True,1,212.0909,1,2,2,1,special-reference,manual-pdb-context-review,iodoacetamide-functionalized histidine in lysozyme,evidence-reviewed-residue,modified-single-residue,CCD只列出一个标准氨基酸母体HIS；修饰或用途状态单独记录，不否定其非标准残基身份。
A1IU4,"""8-(carboxyamino)-4-oxidanyl-quinoline-2-carboxylic acid""","""peptide linking""",?,?,"""C11 H8 N2 O5""",c1cc2c(cc(nc2c(c1)NC(=O)O)C(=O)O)O,26,18,13,7,7,4,True,1,248.0433,2,3,,1,special-reference,manual-pdb-context-review,carboxyamino-hydroxyquinoline oligoamide foldamer unit,special-reference,amino-acid-derived-special-structure,结构来源于氨基酸，但属于多单元加合物、反应状态、还原端／醛、完整肽模拟构件或羧酸生物电子等排体；不作为普通非天然氨基酸残基。
A1IUO,"""(2~{S})-2-[2-azanyl-4-(2,3-dihydro-1~{H}-inden-2-yl)phenoxy]propanoic acid""","""L-peptide linking""",?,?,"""C18 H19 N O3""",C[C@@H](C(=O)O)Oc1ccc(cc1N)C2Cc3ccccc3C2,41,22,10,2,3,3,True,1,297.1365,1,1,,0,special-reference,manual-pdb-context-review,indenyl aminophenoxy-propanoic-acid oligoamide foldamer unit,evidence-reviewed-residue,extended-or-aromatic-amino-acid,官方结构含同一分子内可参与连接的氨基与羧酸体系；主链距离较长或位于芳香骨架，但仍属于单一非标准氨基酸。
A1JAK,"""2-[3-[[2-oxidanylidene-3-(piperidin-4-ylmethylsulfanyl)propyl]sulfanylmethyl]phenyl]ethanoic acid""","""L-peptide linking""",?,?,"""C18 H25 N O3 S2""",c1cc(cc(c1)CSCC(=O)CSCC2CCNCC2)CC(=O)O,49,24,36,4,2,2,True,1,367.1276,1,1,,0,special-reference,rule-based,当前仅适合作为特殊构件或结构参考，不进入普通单体推荐层,evidence-reviewed-residue,extended-or-aromatic-amino-acid,官方结构含同一分子内可参与连接的氨基与羧酸体系；主链距离较长或位于芳香骨架，但仍属于单一非标准氨基酸。
A1JCN,"""(2~{S})-2-azanyl-3-[3-methyl-1-[(1~{S})-2-methylidene-3-oxidanylidene-cyclohexyl]imidazol-4-yl]propanoic acid""","""L-peptide linking""",HIS,?,"""C14 H20 N3 O3""",Cn1c[n+](cc1C[C@@H](C(=O)O)N)[C@H]2CCCC(=O)C2=C,40,20,9,4,3,3,True,1,278.1499,1,1,2,0,excluded-nonmonomer,manual-pdb-context-review,allylic-transferase-bound reaction product/intermediate,evidence-reviewed-residue,modified-single-residue,CCD只列出一个标准氨基酸母体HIS；修饰或用途状态单独记录，不否定其非标准残基身份。
A1JND,"""2-[4-(1H-1,2,3-triazol-4-yl)butylamino]ethanoic acid""","""L-peptide linking""",?,?,"""C8 H14 N4 O2""",c1c(nn[nH]1)CCCCNCC(=O)O,28,14,9,4,2,4,True,1,198.1117,1,1,2,0,special-reference,manual-review,已确认实际用于肽体系，但人工复核判定为连接、交联、战头、peptoid或非典型肽模拟构件（OCPR000375）,evidence-reviewed-residue,single-amino-acid-or-direct-derivative,官方结构为单一连通分子，含氨基酸主链或直接氨基酸衍生骨架，且未显示多残基母体或多肽结构。
A1JNL,"""(2~{S})-2-[3-(1~{H}-1,2,3-triazol-4-yl)propylamino]butanoic acid""","""L-peptide linking""",ALA,?,"""C9 H16 N4 O2""",CC[C@@H](C(=O)O)NCCCc1c[nH]nn1,31,15,8,4,2,3,True,1,212.1273,1,1,2,0,special-reference,manual-review,已确认实际用于肽体系，但人工复核判定为连接、交联、战头、peptoid或非典型肽模拟构件（OCPR000376）,evidence-reviewed-residue,modified-single-residue,CCD只列出一个标准氨基酸母体ALA；修饰或用途状态单独记录，不否定其非标准残基身份。
A1JNX,"""2-[2-(1~{H}-1,2,3-triazol-4-yl)ethylamino]ethanoic acid""","""L-peptide linking""",?,?,"""C6 H10 N4 O2""",c1c(nn[nH]1)CCNCC(=O)O,22,12,10,4,2,4,True,1,170.0804,1,1,2,0,special-reference,manual-review,已确认实际用于肽体系，但人工复核判定为连接、交联、战头、peptoid或非典型肽模拟构件（OCPR000377）,evidence-reviewed-residue,single-amino-acid-or-direct-derivative,官方结构为单一连通分子，含氨基酸主链或直接氨基酸衍生骨架，且未显示多残基母体或多肽结构。
A1JPL,"""(3R)-4-amino-3-thiobutyric acid""","""L-peptide linking""",?,?,"""C4 H9 N O2 S""",C([C@H](CN)S)C(=O)O,17,8,15,4,2,3,True,1,135.0354,1,1,4,0,special-reference,manual-pdb-context-review,terminal thiobutyric-acid modification in a 76-residue ubiquitin construct,evidence-reviewed-residue,single-amino-acid-or-direct-derivative,官方结构为单一连通分子，含氨基酸主链或直接氨基酸衍生骨架，且未显示多残基母体或多肽结构。
A1JPT,"""(3S)-4-amino-3-thiobutyric acid""","""L-peptide linking""",?,?,"""C4 H9 N O2 S""",C([C@@H](CN)S)C(=O)O,17,8,15,4,2,1,True,1,135.0354,1,1,4,0,special-reference,manual-pdb-context-review,stereoisomeric terminal thiobutyric-acid modification in a 76-residue ubiquitin construct,evidence-reviewed-residue,single-amino-acid-or-direct-derivative,官方结构为单一连通分子，含氨基酸主链或直接氨基酸衍生骨架，且未显示多残基母体或多肽结构。
A1L2U,"""1-(6-azanylhexanoyl)pyrrolidine-2-carboxylic acid""","""L-peptide linking""",PRO,?,"""C11 H20 N2 O3""",C1CC(N(C1)C(=O)CCCCCN)C(=O)O,36,16,,,,2,True,1,228.1474,1,2,2,1,special-reference,manual-pdb-context-review,aminohexanoyl-proline combined linker unit in a seven-unit PLK1-binding ligand,evidence-reviewed-residue,modified-single-residue,CCD只列出一个标准氨基酸母体PRO；修饰或用途状态单独记录，不否定其非标准残基身份。
A1L4B,"""(2S)-2-azanyl-5-nitroso-5-oxidanylidene-pentanoic acid""","""L-peptide linking""",GLN,?,"""C5 H8 N2 O4""",C(CC(=O)N=O)[C@@H](C(=O)O)N,19,11,9,4,3,3,True,1,160.0484,1,2,2,0,excluded-nonmonomer,manual-pdb-context-review,nitrosyl/oxo ornithine-like ferritin reaction intermediate,evidence-reviewed-residue,modified-single-residue,CCD只列出一个标准氨基酸母体GLN；修饰或用途状态单独记录，不否定其非标准残基身份。
A1L4D,"""(2~{S})-2-benzamido-3-phenyl-propanoic acid""","""L-peptide linking""",PHE,?,"""C16 H15 N O3""",c1ccc(cc1)C[C@@H](C(=O)O)NC(=O)c2ccccc2,35,20,8,3,2,3,True,1,269.1052,1,2,2,1,special-reference,manual-pdb-context-review,N-benzoyl phenylalanine cap at the start of an amyloidogenic heptapeptide,evidence-reviewed-residue,modified-single-residue,CCD只列出一个标准氨基酸母体PHE；修饰或用途状态单独记录，不否定其非标准残基身份。
A1L7E,"""(2~{S})-2-azanyl-3-(7-iodanyl-1~{H}-indol-3-yl)propanoic acid""","""L-peptide linking""",TRP,?,"""C11 H11 I N2 O2""",c1cc2c(c[nH]c2c(c1)I)C[C@@H](C(=O)O)N,27,16,,,,,True,1,329.9865,1,1,2,0,special-reference,rule-based,当前仅适合作为特殊构件或结构参考，不进入普通单体推荐层,evidence-reviewed-residue,modified-single-residue,CCD只列出一个标准氨基酸母体TRP；修饰或用途状态单独记录，不否定其非标准残基身份。
A1L97,"""(2~{S})-2-azanyl-3-[4-(4-pyridin-2-yl-1,2,3-triazol-1-yl)phenyl]propanoic acid""","""L-peptide linking""",?,?,"""C16 H15 N5 O2""",c1ccnc(c1)c2cn(nn2)c3ccc(cc3)C[C@@H](C(=O)O)N,38,23,9,4,3,3,True,1,309.1226,1,1,2,0,special-reference,rule-based,当前仅适合作为特殊构件或结构参考，不进入普通单体推荐层,evidence-reviewed-residue,single-amino-acid-or-direct-derivative,官方结构为单一连通分子，含氨基酸主链或直接氨基酸衍生骨架，且未显示多残基母体或多肽结构。
A1LTQ,"""ADP-RIBOXANATED ARGININE""","""L-PEPTIDE LINKING""",ARG,?,"""C21 H32 N8 O15 P2""",[H]/N=C/1\N(C2C(O1)C(C(O2)COP(=O)(O)OP(=O)(O)OCC3C(C(C(O3)n4cnc5c4ncnc5N)O)O)O)CCCC(C(=O)O)N,78,46,9,4,3,3,True,1,698.1462,1,1,2,0,excluded-nonmonomer,rule-based,结构规则或人工审核已给出明确非单体/排除结论,evidence-reviewed-residue,modified-single-residue,CCD只列出一个标准氨基酸母体ARG；修饰或用途状态单独记录，不否定其非标准残基身份。
A1MB8,"""(2~{R})-2-[[2-methyl-3-oxidanyl-5-(phosphonooxymethyl)pyridin-4-yl]methylamino]-3-phenyl-propanoic acid""","""D-peptide linking""",DPN,?,"""C17 H21 N2 O7 P""",Cc1c(c(c(cn1)COP(=O)(O)O)CN[C@H](Cc2ccccc2)C(=O)O)O,48,27,,,,,True,1,396.1086,1,1,2,0,special-reference,rule-based,当前仅适合作为特殊构件或结构参考，不进入普通单体推荐层,special-reference,amino-acid-derived-special-structure,结构来源于氨基酸，但属于多单元加合物、反应状态、还原端／醛、完整肽模拟构件或羧酸生物电子等排体；不作为普通非天然氨基酸残基。
A30,O-ethyl-L-tyrosine,"""L-peptide linking""",TYR,?,"""C11 H15 N O3""",CCOc1ccc(cc1)C[C@@H](C(=O)O)N,30,15,9,4,3,3,True,1,209.1052,1,1,2,0,special-reference,manual-pdb-context-review,O-ethyltyrosine incorporated into myoglobin,evidence-reviewed-residue,modified-single-residue,CCD只列出一个标准氨基酸母体TYR；修饰或用途状态单独记录，不否定其非标准残基身份。
A3U,4-acetamido-L-phenylalanine,"""L-peptide linking""",PHE,?,"""C11 H14 N2 O3""",CC(=O)Nc1ccc(cc1)C[C@@H](C(=O)O)N,30,16,9,4,3,3,True,1,222.1004,1,2,2,1,special-reference,manual-pdb-context-review,acetamidophenylalanine incorporated into myoglobin,evidence-reviewed-residue,modified-single-residue,CCD只列出一个标准氨基酸母体PHE；修饰或用途状态单独记录，不否定其非标准残基身份。
A5N,O-carboxy-4-imino-L-homoserine,"""L-PEPTIDE LINKING""",ASN,?,"""C5 H8 N2 O5""",[H]/N=C(\C[C@@H](C(=O)O)N)/OC(=O)O,20,12,9,4,3,3,True,1,176.0433,2,3,2,0,excluded-nonmonomer,manual-pdb-context-review,covalently modified asparagine reaction product in nucleotidase,evidence-reviewed-residue,modified-single-residue,CCD只列出一个标准氨基酸母体ASN；修饰或用途状态单独记录，不否定其非标准残基身份。
A66,"""N-(3,7-Diaminopurin-6-ylacetyl)-L-lysine""","""L-PEPTIDE LINKING""",LYS,?,"""C15 H24 N8 O3""",c1nc(c2c(n1)n(cn2)CC(=O)N(CCN)[C@H](CCCCN)C(=O)O)N,50,26,7,4,1,3,True,1,364.1971,1,2,2,1,special-reference,rule-based,当前仅适合作为特殊构件或结构参考，不进入普通单体推荐层,evidence-reviewed-residue,modified-single-residue,CCD只列出一个标准氨基酸母体LYS；修饰或用途状态单独记录，不否定其非标准残基身份。
AAR,ARGININEAMIDE,"""L-PEPTIDE LINKING""",ARG,?,"""C6 H16 N5 O""",C(C[C@@H](C(=O)N)N)CNC(=[NH2+])N,28,12,,,,1,True,1,174.1349,0,1,2,1,excluded-nonmonomer,rule-based,结构规则或人工审核已给出明确非单体/排除结论,evidence-reviewed-residue,modified-single-residue,CCD只列出一个标准氨基酸母体ARG；修饰或用途状态单独记录，不否定其非标准残基身份。
ACA,"""6-AMINOHEXANOIC ACID""","""PEPTIDE LINKING""",?,?,"""C6 H13 N O2""",C(CCC(=O)O)CCN,22,9,22,4,3,3,True,1,131.0946,1,1,,0,special-reference,manual-review,已确认实际用于肽体系，但人工复核判定为连接、交联、战头、peptoid或非典型肽模拟构件（OCPR000381）,evidence-reviewed-residue,extended-or-aromatic-amino-acid,官方结构含同一分子内可参与连接的氨基与羧酸体系；主链距离较长或位于芳香骨架，但仍属于单一非标准氨基酸。
ADD,"""2,6,8-TRIMETHYL-3-AMINO-9-BENZYL-9-METHOXYNONANOIC ACID""","""L-PEPTIDE LINKING""",?,?,"""C20 H33 N O3""",CC(CC[C@@H]([C@H](C)C(=O)O)N)C[C@H](C)[C@H](Cc1ccccc1)OC,,,,,,,True,1,335.246,1,1,3,0,special-reference,rule-based,当前仅适合作为特殊构件或结构参考，不进入普通单体推荐层,evidence-reviewed-residue,single-amino-acid-or-direct-derivative,官方结构为单一连通分子，含氨基酸主链或直接氨基酸衍生骨架，且未显示多残基母体或多肽结构。
AEA,"""(2-AMINO-2-CARBAMOYL-ETHYLSULFANYL)-ACETIC ACID""","""L-PEPTIDE LINKING""",CYS,?,"""C5 H10 N2 O3 S""",C([C@H](C(=O)N)N)SCC(=O)O,21,11,,,,1,True,1,178.0412,1,2,2,1,special-reference,manual-review,已确认实际用于肽体系，但人工复核判定为连接、交联、战头、peptoid或非典型肽模拟构件（OCPR000382）,evidence-reviewed-residue,modified-single-residue,CCD只列出一个标准氨基酸母体CYS；修饰或用途状态单独记录，不否定其非标准残基身份。
AEI,"""THREONINE-ASPARTIC ESTER""","""L-PEPTIDE LINKING""",THR,?,"""C8 H14 N2 O6""",C[C@H]([C@@H](C(=O)O)N)OC(=O)C[C@@H](C(=O)O)N,30,16,,,,3,True,1,234.0852,2,3,2,0,excluded-nonmonomer,manual-pdb-context-review,covalent threonine-aspartate enzyme intermediate,evidence-reviewed-residue,modified-single-residue,CCD只列出一个标准氨基酸母体THR；修饰或用途状态单独记录，不否定其非标准残基身份。
AGD,"""3-(2-amino-6-oxo-1,6-dihydro-9H-purin-9-yl)-D-alanine""","""D-PEPTIDE LINKING""",?,?,"""C8 H10 N6 O3""",c1nc2c(n1C[C@H](C(=O)O)N)N=C(NC2=O)N,27,17,9,4,3,3,True,1,238.0814,1,1,2,0,special-reference,rule-based,当前仅适合作为特殊构件或结构参考，不进入普通单体推荐层,evidence-reviewed-residue,single-amino-acid-or-direct-derivative,官方结构为单一连通分子，含氨基酸主链或直接氨基酸衍生骨架，且未显示多残基母体或多肽结构。
AGM,5-METHYL-ARGININE,"""L-PEPTIDE LINKING""",ARG,?,"""C7 H17 N4 O2""",C[C@@H](CC[C@@H](C(=O)O)N)NC(=[NH2+])N,30,13,9,4,3,3,True,1,189.1346,1,1,2,0,special-reference,manual-pdb-context-review,methylarginine post-translational residue in methyl-coenzyme-M reductase,evidence-reviewed-residue,modified-single-residue,CCD只列出一个标准氨基酸母体ARG；修饰或用途状态单独记录，不否定其非标准残基身份。
AGQ,"""3-[(3E)-3-(carbamimidoylhydrazono)-4-hydroxy-6-oxocyclohexa-1,4-dien-1-yl]-L-alanine""","""L-peptide linking""",TYR,?,"""C10 H13 N5 O4""",[H]/N=C(\N)/N/N=C/1\C=C(C(=O)C=C1O)C[C@@H](C(=O)O)N,32,19,9,4,3,3,True,1,267.0968,1,1,2,0,excluded-nonmonomer,manual-pdb-context-review,diamine-oxidase inhibitor-derived quinone/hydrazone adduct,evidence-reviewed-residue,modified-single-residue,CCD只列出一个标准氨基酸母体TYR；修饰或用途状态单独记录，不否定其非标准残基身份。
AGT,"""S-{(S)-AMINO[(4-AMINOBUTYL)AMINO]METHYL}-L-CYSTEINE""","""L-PEPTIDE LINKING""",CYS,?,"""C8 H20 N4 O2 S""",C(CCN[C@H](N)SC[C@@H](C(=O)O)N)CN,35,15,,,,2,True,1,236.1307,1,1,2,0,excluded-nonmonomer,manual-pdb-context-review,agmatine-deiminase catalytic cysteine reaction intermediate,evidence-reviewed-residue,modified-single-residue,CCD只列出一个标准氨基酸母体CYS；修饰或用途状态单独记录，不否定其非标准残基身份。
AHO,N-ACETYL-N-HYDROXY-L-ORNITHINE,"""L-PEPTIDE LINKING""",ALA,?,"""C7 H14 N2 O4""",CC(=O)N(CCC[C@@H](C(=O)O)N)O,27,13,9,4,3,3,True,1,190.0954,1,2,2,1,excluded-nonmonomer,rule-based,结构规则或人工审核已给出明确非单体/排除结论,evidence-reviewed-residue,modified-single-residue,CCD只列出一个标准氨基酸母体ALA；修饰或用途状态单独记录，不否定其非标准残基身份。
ALS,"""(3S)-3-(sulfooxy)-L-serine""","""L-PEPTIDE LINKING""",ALA,?,"""C3 H7 N O7 S""",[C@H]([C@@H](O)OS(=O)(=O)O)(C(=O)O)N,19,12,9,4,3,3,True,1,200.9943,1,1,2,0,special-reference,rule-based,当前仅适合作为特殊构件或结构参考，不进入普通单体推荐层,evidence-reviewed-residue,modified-single-residue,CCD只列出一个标准氨基酸母体ALA；修饰或用途状态单独记录，不否定其非标准残基身份。
ALT,THIOALANINE,"""L-PEPTIDE LINKING""",ALA,?,"""C3 H7 N O S""",C[C@@H](C(=S)O)N,13,6,9,4,3,3,True,1,105.0248,0,0,,0,excluded-nonmonomer,rule-based,结构规则或人工审核已给出明确非单体/排除结论,evidence-reviewed-residue,modified-single-residue,CCD只列出一个标准氨基酸母体ALA；修饰或用途状态单独记录，不否定其非标准残基身份。
AN6,"""5'-{[(3S)-3-amino-3-carboxypropyl](ethyl)amino}-5'-deoxyadenosine""","""L-PEPTIDE LINKING""",LEU,?,"""C16 H25 N7 O5""",CC[N@@](CC[C@@H](C(=O)O)N)C[C@@H]1[C@H]([C@H]([C@@H](O1)n2cnc3c2ncnc3N)O)O,53,28,,,,,True,1,395.1917,1,1,2,0,special-reference,rule-based,当前仅适合作为特殊构件或结构参考，不进入普通单体推荐层,evidence-reviewed-residue,modified-single-residue,CCD只列出一个标准氨基酸母体LEU；修饰或用途状态单独记录，不否定其非标准残基身份。
API,"""2,6-DIAMINOPIMELIC ACID""","""L-PEPTIDE LINKING""",LYS,?,"""C7 H14 N2 O4""",C(C[C@H](C(=O)O)N)C[C@@H](C(=O)O)N,27,13,9,4,3,3,True,1,190.0954,2,2,2,0,special-reference,manual-pdb-context-review,diaminopimelic-acid peptidoglycan unit observed in an enzyme-substrate intermediate,evidence-reviewed-residue,modified-single-residue,CCD只列出一个标准氨基酸母体LYS；修饰或用途状态单独记录，不否定其非标准残基身份。
APK,"""5'-O-[(S)-{[(5S)-5-AMINO-6-OXOHEXYL]AMINO}(HYDROXY)PHOSPHORYL]ADENOSINE""","""L-PEPTIDE LINKING""",LYS,?,"""C16 H26 N7 O7 P""",c1nc(c2c(n1)n(cn2)[C@H]3[C@@H]([C@@H]([C@H](O3)CO[P@](=O)(NCCCC[C@@H](C=O)N)O)O)O)N,57,31,,,,1,True,1,459.1631,0,0,,0,excluded-nonmonomer,rule-based,结构规则或人工审核已给出明确非单体/排除结论,evidence-reviewed-residue,modified-single-residue,CCD只列出一个标准氨基酸母体LYS；修饰或用途状态单独记录，不否定其非标准残基身份。
APO,"""D-2-AMINO-3-PHOSPHONO-PROPIONIC ACID""","""D-PEPTIDE LINKING""",?,?,"""C3 H8 N O5 P""",C([C@H](C(=O)O)N)P(=O)(O)O,,,,,,,True,1,169.014,1,1,2,0,special-reference,rule-based,当前仅适合作为特殊构件或结构参考，不进入普通单体推荐层,evidence-reviewed-residue,single-amino-acid-or-direct-derivative,官方结构为单一连通分子，含氨基酸主链或直接氨基酸衍生骨架，且未显示多残基母体或多肽结构。
AR2,"""ARGINYL-BENZOTHIAZOLE-6-CARBOXYLIC ACID""","""L-PEPTIDE LINKING""",ARG,?,"""C14 H17 N5 O3 S""",[H]/N=C(\N)/NCCC[C@@H](C(=O)c1nc2ccc(cc2s1)C(=O)O)N,,,,,,,True,1,335.1052,1,1,,0,special-reference,rule-based,当前仅适合作为特殊构件或结构参考，不进入普通单体推荐层,evidence-reviewed-residue,modified-single-residue,CCD只列出一个标准氨基酸母体ARG；修饰或用途状态单独记录，不否定其非标准残基身份。
ARM,DEOXY-METHYL-ARGININE,"""L-PEPTIDE LINKING""",ARG,?,"""C7 H16 N4 O""",CC(=O)[C@H](CCCNC(=N)N)N,28,12,7,2,3,1,True,1,172.1324,0,0,,0,excluded-nonmonomer,rule-based,结构规则或人工审核已给出明确非单体/排除结论,evidence-reviewed-residue,modified-single-residue,CCD只列出一个标准氨基酸母体ARG；修饰或用途状态单独记录，不否定其非标准残基身份。
ARO,"""C-GAMMA-HYDROXY ARGININE""","""L-PEPTIDE LINKING""",ARG,?,"""C6 H15 N4 O3""",C([C@H](CNC(=[NH2+])N)O)[C@@H](C(=O)O)N,28,13,9,4,3,3,True,1,191.1139,1,1,2,0,special-reference,manual-pdb-context-review,gamma-hydroxyarginine residue in a metalloenzyme protein,evidence-reviewed-residue,modified-single-residue,CCD只列出一个标准氨基酸母体ARG；修饰或用途状态单独记录，不否定其非标准残基身份。
AS9,"""N-[HYDROXY(METHYL)PHOSPHORYL]-L-ASPARTIC ACID""","""L-PEPTIDE LINKING""",?,?,"""C5 H10 N O6 P""",C[P@](=O)(N[C@@H](CC(=O)O)C(=O)O)O,,,,,,,True,1,211.0246,2,2,2,0,special-reference,rule-based,当前仅适合作为特殊构件或结构参考，不进入普通单体推荐层,evidence-reviewed-residue,single-amino-acid-or-direct-derivative,官方结构为单一连通分子，含氨基酸主链或直接氨基酸衍生骨架，且未显示多残基母体或多肽结构。
ASA,"""ASPARTIC ALDEHYDE""","""L-PEPTIDE LINKING""",ASP,?,"""C4 H7 N O3""",C([C@@H](C=O)N)C(=O)O,15,8,8,3,3,2,True,1,117.0426,1,1,3,0,special-reference,rule-based,当前仅适合作为特殊构件或结构参考，不进入普通单体推荐层,evidence-reviewed-residue,modified-single-residue,CCD只列出一个标准氨基酸母体ASP；修饰或用途状态单独记录，不否定其非标准残基身份。
ASB,"""ASPARTIC ACID-4-CARBOXYMETHYL ESTER""","""L-PEPTIDE LINKING""",ASP,?,"""C6 H9 N O6""",C([C@@H](C(=O)O)N)C(=O)OCC(=O)O,22,13,9,4,3,3,True,1,191.043,2,3,2,0,excluded-nonmonomer,manual-pdb-context-review,covalent aspartate carboxymethyl-ester dehalogenase intermediate,evidence-reviewed-residue,modified-single-residue,CCD只列出一个标准氨基酸母体ASP；修饰或用途状态单独记录，不否定其非标准残基身份。
ASL,"""ASPARTIC ACID-4-CARBOXYETHYL ESTER""","""L-PEPTIDE LINKING""",ASP,?,"""C7 H11 N O6""",CC(C(=O)O)OC(=O)CC(C(=O)O)N,25,14,9,4,3,3,True,1,205.0586,2,3,2,0,excluded-nonmonomer,manual-pdb-context-review,covalent aspartate carboxyethyl-ester dehalogenase intermediate,evidence-reviewed-residue,modified-single-residue,CCD只列出一个标准氨基酸母体ASP；修饰或用途状态单独记录，不否定其非标准残基身份。
AYA,N-ACETYLALANINE,"""L-PEPTIDE LINKING""",ALA,?,"""C5 H9 N O3""",C[C@@H](C(=O)O)NC(=O)C,18,9,,,,2,True,1,131.0582,1,2,2,1,excluded-nonmonomer,rule-based,结构规则或人工审核已给出明确非单体/排除结论,evidence-reviewed-residue,modified-single-residue,CCD只列出一个标准氨基酸母体ALA；修饰或用途状态单独记录，不否定其非标准残基身份。
AZH,AZIDOHOMOALANINE,"""L-PEPTIDE LINKING""",ALA,?,"""C4 H9 N4 O2""",C(CN=[N+]=N)[C@@H](C(=O)O)N,19,10,9,4,3,3,True,1,145.072,1,1,2,0,special-reference,manual-pdb-context-review,azidohomoalanine incorporated into the Annexin-V protein,evidence-reviewed-residue,modified-single-residue,CCD只列出一个标准氨基酸母体ALA；修饰或用途状态单独记录，不否定其非标准残基身份。
AZK,"""(S)-2-AMINO-6-AZIDOHEXANOIC ACID""","""L-PEPTIDE LINKING""",LYS,?,"""C6 H14 N4 O""",C(CCN=[N+]=[N-])C[C@@H](CO)N,25,11,10,5,3,1,True,1,158.1168,0,0,,0,excluded-nonmonomer,rule-based,结构规则或人工审核已给出明确非单体/排除结论,evidence-reviewed-residue,modified-single-residue,CCD只列出一个标准氨基酸母体LYS；修饰或用途状态单独记录，不否定其非标准残基身份。
B2C,"""{(4Z)-2-[(1R,2R)-1-amino-2-hydroxypropyl]-4-[(3-bromo-4-hydroxyphenyl)methylidene]-5-oxo-4,5-dihydro-1H-imidazol-1-yl}acetic acid""","""L-peptide linking""","Thr,Tyr,Gly",?,"""C15 H16 Br N3 O5""",C[C@H]([C@@H](C1=N/C(=C\c2ccc(c(c2)Br)O)/C(=O)N1CC(=O)O)N)O,40,24,18,4,3,3,True,1,397.0273,1,2,2,1,special-reference,rule-based,当前仅适合作为特殊构件或结构参考，不进入普通单体推荐层,special-reference,multi-residue-derived,CCD列出多个母体残基（THR / TYR / GLY），属于多残基融合、成熟或发色团结构，不作为一个独立非天然氨基酸。
B2H,"""Chromophore (Thr, Trp, Gly)""","""L-peptide linking""","""THR, TRP, GLY""",?,"""C17 H20 N4 O4""",C[C@H]([C@@H](c1nc(c(n1CC(=O)O)O)Cc2c[nH]c3c2cccc3)N)O,45,25,19,4,3,3,True,1,344.1485,1,1,2,0,special-reference,rule-based,当前仅适合作为特殊构件或结构参考，不进入普通单体推荐层,special-reference,multi-residue-derived,CCD列出多个母体残基（THR / TRP / GLY），属于多残基融合、成熟或发色团结构，不作为一个独立非天然氨基酸。
BBC,"""3-[(4-AMINOBUTYL)SULFINYL]-2-IMINOPROPAN-1-OL""","""L-PEPTIDE LINKING""",CYS,?,"""C7 H16 N2 O2 S""",[H]/N=C(\CO)/C[S@@](=O)CCCCN,28,12,8,5,2,1,True,1,192.0932,0,0,,0,excluded-nonmonomer,rule-based,结构规则或人工审核已给出明确非单体/排除结论,evidence-reviewed-residue,modified-single-residue,CCD只列出一个标准氨基酸母体CYS；修饰或用途状态单独记录，不否定其非标准残基身份。
BCS,BENZYLCYSTEINE,"""L-PEPTIDE LINKING""",CYS,?,"""C10 H13 N O2 S""",c1ccc(cc1)CSC[C@@H](C(=O)O)N,27,14,9,4,3,3,True,1,211.0667,1,1,2,0,excluded-nonmonomer,manual-pdb-context-review,benzylcysteine formed by covalent modification of an alkyltransferase protein,evidence-reviewed-residue,modified-single-residue,CCD只列出一个标准氨基酸母体CYS；修饰或用途状态单独记录，不否定其非标准残基身份。
BE2,"""2-AMINOBENZOIC ACID""","""L-PEPTIDE LINKING""",?,?,"""C7 H7 N O2""",c1ccc(c(c1)C(=O)O)N,17,10,9,4,3,3,True,1,137.0477,1,1,,0,special-reference,manual-pdb-context-review,anthranilic-acid N-terminal backbone unit in a nine-unit protease ligand,evidence-reviewed-residue,extended-or-aromatic-amino-acid,官方结构含同一分子内可参与连接的氨基与羧酸体系；主链距离较长或位于芳香骨架，但仍属于单一非标准氨基酸。
BF6,"""[(4Z)-2-(aminomethyl)-4-{[4-(benzenecarbonyl)phenyl]methylidene}-5-oxo-4,5-dihydro-1H-imidazol-1-yl]acetic acid""","""L-peptide linking""","""GLY, TYR, GLY""",?,"""C20 H17 N3 O4""",c1ccc(cc1)C(=O)c2ccc(cc2)/C=C\3/C(=O)N(C(=N3)CN)CC(=O)O,44,27,19,4,3,3,True,1,363.1219,1,2,2,1,excluded-nonmonomer,rule-based,结构规则或人工审核已给出明确非单体/排除结论,special-reference,multi-residue-derived,CCD列出多个母体残基（GLY / TYR / GLY），属于多残基融合、成熟或发色团结构，不作为一个独立非天然氨基酸。
BF9,"""[(4Z)-2-[(1R,2S)-1-amino-2-hydroxypropyl]-4-{[4-(benzenecarbonyl)phenyl]methylidene}-5-oxo-4,5-dihydro-1H-imidazol-1-yl]acetic acid""","""L-peptide linking""","""THR, PHE, GLY""",?,"""C22 H21 N3 O5""",C[C@@H]([C@@H](C1=N/C(=C\c2ccc(cc2)C(=O)c3ccccc3)/C(=O)N1CC(=O)O)N)O,51,30,18,4,3,3,True,1,407.1481,1,2,2,1,excluded-nonmonomer,rule-based,结构规则或人工审核已给出明确非单体/排除结论,special-reference,multi-residue-derived,CCD列出多个母体残基（THR / PHE / GLY），属于多残基融合、成熟或发色团结构，不作为一个独立非天然氨基酸。
BFD,"""ASPARTATE BERYLLIUM TRIFLUORIDE""","""L-PEPTIDE LINKING""",ASP,?,"""C4 H6 Be F3 N O4""",[Be-2](OC(=O)C[C@@H](C(=O)O)N)(F)(F)F,19,13,9,4,3,3,True,1,198.0382,1,2,2,0,excluded-nonmonomer,manual-pdb-context-review,aspartate-beryllium-trifluoride transition-state complex,evidence-reviewed-residue,modified-single-residue,CCD只列出一个标准氨基酸母体ASP；修饰或用途状态单独记录，不否定其非标准残基身份。
BG1,"""O-[(2S)-2-{methyl[(methylamino)sulfonyl]amino}pentanoyl]-L-serine""","""L-peptide linking""",SER,?,"""C10 H21 N3 O6 S""",CCC[C@@H](C(=O)OC[C@@H](C(=O)O)N)[N@](C)S(=O)(=O)NC,41,20,,,,3,True,1,311.1151,1,2,2,0,special-reference,rule-based,当前仅适合作为特殊构件或结构参考，不进入普通单体推荐层,evidence-reviewed-residue,modified-single-residue,CCD只列出一个标准氨基酸母体SER；修饰或用途状态单独记录，不否定其非标准残基身份。
BH2,"""(3R)-3-hydroxy-L-aspartic acid""","""L-PEPTIDE LINKING""",ASP,?,"""C4 H7 N O5""",[C@H]([C@H](C(=O)O)O)(C(=O)O)N,17,10,9,4,3,3,True,1,149.0324,2,2,2,0,special-reference,manual-pdb-context-review,beta-hydroxyaspartate post-translational residue in an EGF-like protein domain,evidence-reviewed-residue,modified-single-residue,CCD只列出一个标准氨基酸母体ASP；修饰或用途状态单独记录，不否定其非标准残基身份。
BHD,"""(3S)-3-hydroxy-L-aspartic acid""","""L-PEPTIDE LINKING""",ASP,?,"""C4 H7 N O5""",[C@H]([C@@H](C(=O)O)O)(C(=O)O)N,17,10,9,4,3,3,True,1,149.0324,2,2,2,0,special-reference,manual-pdb-context-review,stereoisomeric beta-hydroxyaspartate residue in activated protein C,evidence-reviewed-residue,modified-single-residue,CCD只列出一个标准氨基酸母体ASP；修饰或用途状态单独记录，不否定其非标准残基身份。
BJO,"""(4Z)-4-amino-4-{1-(carboxymethyl)-5-oxo-4-[(4-oxocyclohexa-2,5-dien-1-ylidene)methyl]-1,5-dihydro-2H-imidazol-2-ylidene}butanoic acid""","""L-peptide linking""","""LEU, LEU, GLY""",?,"""C16 H15 N3 O6""",C1=CC(=O)C=CC1=CC2=N/C(=C(\CCC(=O)O)/N)/N(C2=O)CC(=O)O,40,25,17,4,3,3,True,1,345.0961,2,3,2,1,special-reference,rule-based,当前仅适合作为特殊构件或结构参考，不进入普通单体推荐层,special-reference,multi-residue-derived,CCD列出多个母体残基（LEU / LEU / GLY），属于多残基融合、成熟或发色团结构，不作为一个独立非天然氨基酸。
BL2,"""N-(tert-butoxycarbonyl)-L-leucine""","""L-PEPTIDE LINKING""",LEU,"""BOC LEU""","""C11 H21 N O4""",CC(C)C[C@@H](C(=O)O)NC(=O)OC(C)(C)C,37,16,8,4,2,3,True,1,231.1471,1,3,2,1,excluded-nonmonomer,rule-based,结构规则或人工审核已给出明确非单体/排除结论,evidence-reviewed-residue,modified-single-residue,CCD只列出一个标准氨基酸母体LEU；修饰或用途状态单独记录，不否定其非标准残基身份。
BP5,"""3-(2,2'-BIPYRIDIN-5-YL)-L-ALANINE""","""L-PEPTIDE LINKING""",ALA,?,"""C13 H13 N3 O2""",c1ccnc(c1)c2ccc(cn2)C[C@@H](C(=O)O)N,31,18,9,4,3,3,True,1,243.1008,1,1,2,0,special-reference,manual-pdb-context-review,bipyridylalanine incorporated into an artificial copper-binding protein,evidence-reviewed-residue,modified-single-residue,CCD只列出一个标准氨基酸母体ALA；修饰或用途状态单独记录，不否定其非标准残基身份。
BPE,"""(2S)-2-AMINO-3-[(3-AMINOPROPYL)SULFANYL]PROPAN-1-OL""","""L-PEPTIDE LINKING""",CYS,?,"""C6 H16 N2 O S""",C(CN)CSC[C@@H](CO)N,26,10,,,,1,True,1,164.0983,0,0,,0,excluded-nonmonomer,rule-based,结构规则或人工审核已给出明确非单体/排除结论,evidence-reviewed-residue,modified-single-residue,CCD只列出一个标准氨基酸母体CYS；修饰或用途状态单独记录，不否定其非标准残基身份。
BUC,"S,S-BUTYLTHIOCYSTEINE","""L-PEPTIDE LINKING""",CYS,?,"""C7 H15 N O2 S2""",CCCCSSC[C@@H](C(=O)O)N,27,12,,,,3,True,1,209.0544,1,1,2,0,special-reference,manual-review,已确认实际用于肽体系，但人工复核判定为连接、交联、战头、peptoid或非典型肽模拟构件（OCPR000388）,evidence-reviewed-residue,modified-single-residue,CCD只列出一个标准氨基酸母体CYS；修饰或用途状态单独记录，不否定其非标准残基身份。
BXT,"""(2~{S})-2-azanyl-3-[ethyl(methyl)carbamoyl]oxy-propanoic acid""","""L-peptide linking""",SER,?,"""C7 H14 N2 O4""",CCN(C)C(=O)OC[C@@H](C(=O)O)N,27,13,,,,1,True,1,190.0954,1,3,2,1,excluded-nonmonomer,manual-pdb-context-review,carbamylated serine formed by a rivastigmine-like acetylcholinesterase inhibitor,evidence-reviewed-residue,modified-single-residue,CCD只列出一个标准氨基酸母体SER；修饰或用途状态单独记录，不否定其非标准残基身份。
BYR,3-bromo-L-tyrosine,"""L-PEPTIDE LINKING""",TYR,?,"""C9 H10 Br N O3""",c1cc(c(cc1C[C@@H](C(=O)O)N)Br)O,24,14,9,4,3,3,True,1,258.9844,1,1,2,0,special-reference,manual-pdb-context-review,3-bromotyrosine incorporated into a GST protein,evidence-reviewed-residue,modified-single-residue,CCD只列出一个标准氨基酸母体TYR；修饰或用途状态单独记录，不否定其非标准残基身份。
C0O,"""(~{Z},2~{R},6~{S})-2,6-bis(azanyl)hept-3-enedioic acid""","""L-peptide linking""",?,?,"""C7 H12 N2 O4""",C(/C=C\[C@H](C(=O)O)N)[C@@H](C(=O)O)N,25,13,9,4,3,2,True,1,188.0797,2,2,2,0,special-reference,manual-pdb-context-review,dehydrodiaminopimelic-acid unit in a peptidoglycan tripeptide,evidence-reviewed-residue,single-amino-acid-or-direct-derivative,官方结构为单一连通分子，含氨基酸主链或直接氨基酸衍生骨架，且未显示多残基母体或多肽结构。
C12,"""2-(1-AMINO-2-HYDROXYPROPYL)-4-(4-HYDROXYBENZYL)-1-(2-OXOETHYL)-1H-IMIDAZOL-5-OLATE""","""L-PEPTIDE LINKING""","""THR, TYR, GLY""",?,"""C15 H18 N3 O5""",C[C@H]([C@@H](c1nc(c(n1CC(=O)O)[O-])Cc2ccc(cc2)O)N)O,41,23,18,4,3,3,True,1,320.1252,1,1,2,0,excluded-nonmonomer,rule-based,结构规则或人工审核已给出明确非单体/排除结论,special-reference,multi-residue-derived,CCD列出多个母体残基（THR / TYR / GLY），属于多残基融合、成熟或发色团结构，不作为一个独立非天然氨基酸。
C1X,"""(Z)-N~6~-[(4R,5S)-5-(2-CARBOXYETHYL)-4-(CARBOXYMETHYL)DIHYDRO-2H-THIOPYRAN-3(4H)-YLIDENE]-L-LYSINE""","""L-PEPTIDE LINKING""",LYS,?,"""C16 H26 N2 O6 S""",C1[C@H]([C@H](/C(=N\CCCC[C@@H](C(=O)O)N)/CS1)CC(=O)O)CCC(=O)O,51,25,9,4,3,3,True,1,374.1512,3,3,2,0,special-reference,rule-based,当前仅适合作为特殊构件或结构参考，不进入普通单体推荐层,evidence-reviewed-residue,modified-single-residue,CCD只列出一个标准氨基酸母体LYS；修饰或用途状态单独记录，不否定其非标准残基身份。
C3Y,"""S-[(1S)-1-HYDROXY-1-(HYDROXYAMINO)ETHYL]-L-CYSTEINE""","""L-PEPTIDE LINKING""",CYS,?,"""C5 H12 N2 O4 S""",C[C@](NO)(O)SC[C@@H](C(=O)O)N,24,12,9,4,3,1,True,1,196.0518,1,1,2,0,excluded-nonmonomer,manual-pdb-context-review,hydroxylamine-derived cysteine enzyme adduct,evidence-reviewed-residue,modified-single-residue,CCD只列出一个标准氨基酸母体CYS；修饰或用途状态单独记录，不否定其非标准残基身份。
C4R,"""(R)-2-amino-3-(bicyclo[2.2.1]hepta-2,5-dien-7-ylthio)propanoic acid rhodium""","""L-PEPTIDE LINKING""",CYS,?,"""C10 H14 N O2 Rh S""",C1C[C@H]2C3[C@@H]1C4=C2[Rh+]4S3C[C@@H](C(=O)O)N,29,15,9,4,3,3,True,1,314.9795,1,1,2,0,excluded-nonmonomer,rule-based,结构规则或人工审核已给出明确非单体/排除结论,evidence-reviewed-residue,modified-single-residue,CCD只列出一个标准氨基酸母体CYS；修饰或用途状态单独记录，不否定其非标准残基身份。
C5C,"""S-CYCLOPENTYL THIOCYSTEINE""","""L-PEPTIDE LINKING""",CYS,?,"""C8 H15 N O2 S2""",C1CCC(C1)SSC[C@@H](C(=O)O)N,28,13,,,,3,True,1,221.0544,1,1,2,0,special-reference,manual-pdb-context-review,cyclopentyl-disulfide cysteine modification in staphylococcal nuclease,evidence-reviewed-residue,modified-single-residue,CCD只列出一个标准氨基酸母体CYS；修饰或用途状态单独记录，不否定其非标准残基身份。
C66,2-AMINOETHYLLYSINE-CARBONYLMETHYLENE-CYTOSINE,"""L-PEPTIDE LINKING""",?,?,"""C14 H24 N6 O4""",C1=CN(C(=O)N=C1N)CC(=O)N(CCN)[C@H](CCCCN)C(=O)O,48,24,,,,2,True,1,340.1859,1,2,2,1,special-reference,rule-based,当前仅适合作为特殊构件或结构参考，不进入普通单体推荐层,special-reference,amino-acid-derived-special-structure,结构来源于氨基酸，但属于多单元加合物、反应状态、还原端／醛、完整肽模拟构件或羧酸生物电子等排体；不作为普通非天然氨基酸残基。
C6C,"""S-CYCLOHEXYL THIOCYSTEINE""","""L-PEPTIDE LINKING""",CYS,?,"""C9 H17 N O2 S2""",C1CCC(CC1)SSC[C@@H](C(=O)O)N,31,14,,,,3,True,1,235.0701,1,1,2,0,special-reference,manual-pdb-context-review,cyclohexyl-disulfide cysteine modification in staphylococcal nuclease,evidence-reviewed-residue,modified-single-residue,CCD只列出一个标准氨基酸母体CYS；修饰或用途状态单独记录，不否定其非标准残基身份。
C99,"""{(2R)-2-[(1S,2R)-1-AMINO-2-HYDROXYPROPYL]-2-HYDROXY-4,5-DIOXOIMIDAZOLIDIN-1-YL}ACETIC ACID""","""L-PEPTIDE LINKING""","""THR, PHE, GLY""",?,"""C8 H13 N3 O6""",C[C@H]([C@@H]([C@]1(NC(=O)C(=O)N1CC(=O)O)O)N)O,30,17,19,4,3,3,True,1,247.0804,1,3,2,2,excluded-nonmonomer,manual-pdb-context-review,mature GFP chromophore after cyclization and oxidation,special-reference,multi-residue-derived,CCD列出多个母体残基（THR / PHE / GLY），属于多残基融合、成熟或发色团结构，不作为一个独立非天然氨基酸。
CAF,S-DIMETHYLARSINOYL-CYSTEINE,"""L-PEPTIDE LINKING""",CYS,?,"""C5 H12 As N O3 S""",C[As](=O)(C)SC[C@@H](C(=O)O)N,23,11,9,4,3,3,True,1,240.9754,1,1,2,0,excluded-nonmonomer,rule-based,结构规则或人工审核已给出明确非单体/排除结论,evidence-reviewed-residue,modified-single-residue,CCD只列出一个标准氨基酸母体CYS；修饰或用途状态单独记录，不否定其非标准残基身份。
CAS,"""S-(DIMETHYLARSENIC)CYSTEINE""","""L-PEPTIDE LINKING""",CYS,?,"""C5 H12 As N O2 S""",C[As](C)SC[C@@H](C(=O)O)N,22,10,9,4,3,3,True,1,224.9805,1,1,2,0,excluded-nonmonomer,rule-based,结构规则或人工审核已给出明确非单体/排除结论,evidence-reviewed-residue,modified-single-residue,CCD只列出一个标准氨基酸母体CYS；修饰或用途状态单独记录，不否定其非标准残基身份。
CCY,"""2-(1-AMINO-2-MERCAPTO-ETHYL)-5-(4-HYDROXY-BENZYL)-3-(ETHANOYL)-3,5-DIHYDRO-IMIDAZOL-4-ONE""","""L-PEPTIDE LINKING""","""CYS, TYR, GLY""",?,"""C14 H19 N3 O4 S""",c1cc(ccc1CC2C(=O)N(C(N2)[C@H](CS)N)CC(=O)O)O,41,22,21,4,3,3,True,1,325.1096,1,2,2,1,special-reference,rule-based,当前仅适合作为特殊构件或结构参考，不进入普通单体推荐层,special-reference,multi-residue-derived,CCD列出多个母体残基（CYS / TYR / GLY），属于多残基融合、成熟或发色团结构，不作为一个独立非天然氨基酸。
CDE,"1,2-DIMETHYL-PROPYLAMINE","""L-PEPTIDE LINKING""",?,?,"""C5 H13 N""",CC(C)[C@@H](C)N,19,6,3,,3,1,True,1,87.1048,0,0,,0,excluded-nonmonomer,rule-based,结构规则或人工审核已给出明确非单体/排除结论,excluded-nonmonomer,no-amino-acid-backbone,官方结构虽被赋予肽链连接类型，但缺少可作为单一氨基酸理解的氨基酸骨架，保留作CCD追溯而不进入非天然氨基酸库。
CE7,"""(3S)-3-amino-4,4,4-trihydroxybutanamide""","""L-peptide linking""",ASN,?,"""C4 H10 N2 O4""",C([C@@H](C(O)(O)O)N)C(=O)N,20,10,10,5,3,3,True,1,150.0641,0,1,3,1,excluded-nonmonomer,rule-based,结构规则或人工审核已给出明确非单体/排除结论,evidence-reviewed-residue,modified-single-residue,CCD只列出一个标准氨基酸母体ASN；修饰或用途状态单独记录，不否定其非标准残基身份。
CFY,"""[(4Z)-2-{(2R)-2-[(1S)-1-amino-2-phenylethyl]-2-hydroxy-2,5-dihydro-1,3-thiazol-4-yl}-4-(4-hydroxybenzylidene)-5-oxo-4,5-dihydro-1H-imidazol-1-yl]acetic acid""","""L-PEPTIDE LINKING""","""PHE, CYS, TYR, GLY""",?,"""C23 H22 N4 O5 S""",c1ccc(cc1)C[C@@H]([C@@]2(N=C(CS2)C3=N/C(=C\c4ccc(cc4)O)/C(=O)N3CC(=O)O)O)N,55,33,23,4,3,3,True,1,466.1311,1,2,2,1,excluded-nonmonomer,rule-based,结构规则或人工审核已给出明确非单体/排除结论,special-reference,multi-residue-derived,CCD列出多个母体残基（PHE / CYS / TYR / GLY），属于多残基融合、成熟或发色团结构，不作为一个独立非天然氨基酸。
CH6,"""{(4Z)-2-[(1S)-1-amino-3-(methylsulfanyl)propyl]-4-[(4-hydroxyphenyl)methylidene]-5-oxo-4,5-dihydro-1H-imidazol-1-yl}acetic acid""","""L-PEPTIDE LINKING""","""MET, TYR, GLY""",?,"""C16 H19 N3 O4 S""",CSCC[C@@H](C1=N/C(=C\c2ccc(cc2)O)/C(=O)N1CC(=O)O)N,43,24,18,4,3,3,True,1,349.1096,1,2,2,1,special-reference,rule-based,当前仅适合作为特殊构件或结构参考，不进入普通单体推荐层,special-reference,multi-residue-derived,CCD列出多个母体残基（MET / TYR / GLY），属于多残基融合、成熟或发色团结构，不作为一个独立非天然氨基酸。
CH7,"""[(4Z)-4-(4-HYDROXYBENZYLIDENE)-5-OXO-2-(3,4,5,6-TETRAHYDROPYRIDIN-2-YL)-4,5-DIHYDRO-1H-IMIDAZOL-1-YL]ACETIC ACID""","""L-PEPTIDE LINKING""","LYS,TYR,GLY",?,"""C17 H17 N3 O4""",c1cc(ccc1\C=C/2\C(=O)N(C(=N2)C3=NCCCC3)CC(=O)O)O,41,24,14,4,,2,True,1,327.1219,1,2,2,1,special-reference,rule-based,当前仅适合作为特殊构件或结构参考，不进入普通单体推荐层,special-reference,multi-residue-derived,CCD列出多个母体残基（LYS / TYR / GLY），属于多残基融合、成熟或发色团结构，不作为一个独立非天然氨基酸。
CIV,"""2-[2-[(1~{S})-1,5-bis(azanyl)pentyl]-4-[(4-hydroxyphenyl)methyl]-5-oxidanylidene-imidazol-1-yl]ethanamide""","""L-peptide linking""","""LYS, TYR, GLY""",?,"""C17 H23 N4 O4""",c1cc(ccc1CC2=NC(=[N+](C2=O)CC(=O)O)[C@H](CCCCN)N)O,48,25,18,4,3,3,True,1,347.1714,1,2,2,1,special-reference,rule-based,当前仅适合作为特殊构件或结构参考，不进入普通单体推荐层,special-reference,multi-residue-derived,CCD列出多个母体残基（LYS / TYR / GLY），属于多残基融合、成熟或发色团结构，不作为一个独立非天然氨基酸。
CJO,"""[(2R,4R)-2-[(1R,2R)-1-amino-2-hydroxypropyl]-4-(4-hydroxybenzyl)-5-oxoimidazolidin-1-yl]acetic acid""","""L-PEPTIDE LINKING""","""GLY, TYR, GLY""",?,"""C15 H21 N3 O5""",C[C@H]([C@@H](C1N[C@@H](C(=O)N1CC(=O)O)Cc2ccc(cc2)O)N)O,44,23,21,4,3,3,True,1,323.1481,1,2,2,1,special-reference,rule-based,当前仅适合作为特殊构件或结构参考，不进入普通单体推荐层,special-reference,multi-residue-derived,CCD列出多个母体残基（GLY / TYR / GLY），属于多残基融合、成熟或发色团结构，不作为一个独立非天然氨基酸。
CLB,"""D-PARA-CHLOROPHENYL-1-ACETAMIDOBORONIC ACID ALANINE""","""D-PEPTIDE LINKING""",?,?,"""C13 H19 B Cl N2 O6""",[B-]([C@H](Cc1ccc(cc1)Cl)NC(=O)C)(O)(O)OC[C@@H](C(=O)O)N,42,23,,,,3,True,1,345.103,1,2,2,1,special-reference,rule-based,当前仅适合作为特殊构件或结构参考，不进入普通单体推荐层,special-reference,amino-acid-derived-special-structure,结构来源于氨基酸，但属于多单元加合物、反应状态、还原端／醛、完整肽模拟构件或羧酸生物电子等排体；不作为普通非天然氨基酸残基。
CLD,"""D-PARA-CHLOROPHENYL-1-ACTEAMIDOBORONIC ACID ALANINE""","""D-PEPTIDE LINKING""",?,?,"""C13 H19 B Cl N2 O6""",[B-]([C@@H](Cc1ccc(cc1)Cl)NC(=O)C)(O)(O)OC[C@@H](C(=O)O)N,42,23,,,,3,True,1,345.103,1,2,2,1,special-reference,rule-based,当前仅适合作为特殊构件或结构参考，不进入普通单体推荐层,special-reference,amino-acid-derived-special-structure,结构来源于氨基酸，但属于多单元加合物、反应状态、还原端／醛、完整肽模拟构件或羧酸生物电子等排体；不作为普通非天然氨基酸残基。
CMH,"""S-(METHYLMERCURY)-L-CYSTEINE""","""L-PEPTIDE LINKING""",CYS,?,"""C4 H9 Hg N O2 S""",C[Hg]SC[C@@H](C(=O)O)N,18,9,9,4,3,3,True,1,337.006,1,1,2,0,excluded-nonmonomer,rule-based,结构规则或人工审核已给出明确非单体/排除结论,evidence-reviewed-residue,modified-single-residue,CCD只列出一个标准氨基酸母体CYS；修饰或用途状态单独记录，不否定其非标准残基身份。
CMT,O-METHYLCYSTEINE,"""L-PEPTIDE LINKING""",CYS,?,"""C4 H9 N O2 S""",COC(=O)[C@H](CS)N,17,8,8,3,3,2,True,1,135.0354,0,1,2,0,excluded-nonmonomer,rule-based,结构规则或人工审核已给出明确非单体/排除结论,evidence-reviewed-residue,modified-single-residue,CCD只列出一个标准氨基酸母体CYS；修饰或用途状态单独记录，不否定其非标准残基身份。
CQ1,"""[(4Z)-2-[(1R,2R)-1-amino-2-hydroxypropyl]-4-(4-azidobenzylidene)-5-oxo-4,5-dihydro-1H-imidazol-1-yl]acetic acid""","""PEPTIDE LINKING""","""THR, TYR, GLY""",?,"""C15 H16 N6 O4""",C[C@H]([C@@H](C1=N/C(=C\c2ccc(cc2)N=[N+]=[N-])/C(=O)N1CC(=O)O)N)O,41,25,18,4,3,3,True,1,344.1233,1,2,2,1,excluded-nonmonomer,rule-based,结构规则或人工审核已给出明确非单体/排除结论,special-reference,multi-residue-derived,CCD列出多个母体残基（THR / TYR / GLY），属于多残基融合、成熟或发色团结构，不作为一个独立非天然氨基酸。
CQ2,"""{(4Z)-4-(4-aminobenzylidene)-2-[(1R,2R)-1-amino-2-hydroxypropyl]-5-oxo-4,5-dihydro-1H-imidazol-1-yl}acetic acid""","""L-PEPTIDE LINKING""","""GLY, TYR, GLY""",?,"""C15 H18 N4 O4""",C[C@H]([C@@H](C1=N/C(=C\c2ccc(cc2)N)/C(=O)N1CC(=O)O)N)O,41,23,18,4,3,3,True,1,318.1328,1,2,2,1,excluded-nonmonomer,rule-based,结构规则或人工审核已给出明确非单体/排除结论,special-reference,multi-residue-derived,CCD列出多个母体残基（GLY / TYR / GLY），属于多残基融合、成熟或发色团结构，不作为一个独立非天然氨基酸。
CR7,"""[(4Z)-2-[(1S)-1,5-DIAMINOPENTYL]-4-(4-HYDROXYBENZYLIDENE)-5-OXO-4,5-DIHYDRO-1H-IMIDAZOL-1-YL]ACETIC ACID""","""L-PEPTIDE LINKING""","""LYS, TYR, GLY""",?,"""C17 H22 N4 O4""",c1cc(ccc1\C=C/2\C(=O)N(C(=N2)[C@H](CCCCN)N)CC(=O)O)O,47,25,18,4,3,3,True,1,346.1641,1,2,2,1,special-reference,rule-based,当前仅适合作为特殊构件或结构参考，不进入普通单体推荐层,special-reference,multi-residue-derived,CCD列出多个母体残基（LYS / TYR / GLY），属于多残基融合、成熟或发色团结构，不作为一个独立非天然氨基酸。
CR8,"""2-[1-AMINO-2-(1H-IMIDAZOL-5-YL)ETHYL]-1-(CARBOXYMETHYL)-4-[(4-OXOCYCLOHEXA-2,5-DIEN-1-YLIDENE)METHYL]-1H-IMIDAZOL-5-OLATE""","""L-PEPTIDE LINKING""","""HIS, TYR, GLY""",?,"""C17 H16 N5 O4""",c1c([nH]cn1)C[C@@H](c2nc(c(n2CC(=O)O)[O-])C=C3C=CC(=O)C=C3)N,42,26,18,4,3,3,True,1,354.1208,1,1,2,0,special-reference,rule-based,当前仅适合作为特殊构件或结构参考，不进入普通单体推荐层,special-reference,multi-residue-derived,CCD列出多个母体残基（HIS / TYR / GLY），属于多残基融合、成熟或发色团结构，不作为一个独立非天然氨基酸。
CRF,"""[(4Z)-2-[(1R,2R)-1-amino-2-hydroxypropyl]-4-(1H-indol-3-ylmethylidene)-5-oxo-4,5-dihydro-1H-imidazol-1-yl]acetic acid""","""L-PEPTIDE LINKING""","""THR, TRP, GLY""",?,"""C17 H18 N4 O4""",C[C@H]([C@@H](C1=NC(=Cc2c[nH]c3c2cccc3)C(=O)N1CC(=O)O)N)O,43,25,18,4,3,3,True,1,342.1328,1,2,2,1,special-reference,rule-based,当前仅适合作为特殊构件或结构参考，不进入普通单体推荐层,special-reference,multi-residue-derived,CCD列出多个母体残基（THR / TRP / GLY），属于多残基融合、成熟或发色团结构，不作为一个独立非天然氨基酸。
CRK,"""4-{(Z)-[2-[3-(METHYLSULFANYL)PROPANOYL]-5-OXO-1-(2-OXOETHYL)-1,5-DIHYDRO-4H-IMIDAZOL-4-YLIDENE]METHYL}BENZENOLATE""","""L-PEPTIDE LINKING""","""MET, TYR, GLY""",?,"""C16 H15 N2 O5 S""",CSCCC(=O)C1=N/C(=C/c2ccc(cc2)[O-])/C(=O)N1CC(=O)O,39,24,14,4,,2,True,1,347.0707,1,2,2,1,special-reference,rule-based,当前仅适合作为特殊构件或结构参考，不进入普通单体推荐层,special-reference,multi-residue-derived,CCD列出多个母体残基（MET / TYR / GLY），属于多残基融合、成熟或发色团结构，不作为一个独立非天然氨基酸。
CRO,"""{2-[(1R,2R)-1-amino-2-hydroxypropyl]-4-(4-hydroxybenzylidene)-5-oxo-4,5-dihydro-1H-imidazol-1-yl}acetic acid""","""L-PEPTIDE LINKING""","""THR, TYR, GLY""",?,"""C15 H17 N3 O5""",C[C@H]([C@@H](C1=N/C(=C\c2ccc(cc2)O)/C(=O)N1CC(=O)O)N)O,40,23,18,4,3,3,True,1,319.1168,1,2,2,1,excluded-nonmonomer,rule-based,结构规则或人工审核已给出明确非单体/排除结论,special-reference,multi-residue-derived,CCD列出多个母体残基（THR / TYR / GLY），属于多残基融合、成熟或发色团结构，不作为一个独立非天然氨基酸。
CRQ,"""[2-(3-CARBAMOYL-1-IMINO-PROPYL)-4-(4-HYDROXY-BENZYLIDENE)-5-OXO-4,5-DIHYDRO-IMIDAZOL-1-YL]-ACETIC ACID""","""L-PEPTIDE LINKING""","""GLN, TYR, GLY""",?,"""C16 H16 N4 O5""",c1cc(ccc1/C=C\2/C(=O)N(C(=N2)C(=N)CCC(=O)N)CC(=O)O)O,41,25,16,4,2,3,True,1,344.1121,1,3,2,2,special-reference,rule-based,当前仅适合作为特殊构件或结构参考，不进入普通单体推荐层,special-reference,multi-residue-derived,CCD列出多个母体残基（GLN / TYR / GLY），属于多残基融合、成熟或发色团结构，不作为一个独立非天然氨基酸。
CRU,"""4-[(4Z)-1-(CARBOXYMETHYL)-4-(4-HYDROXYBENZYLIDENE)-5-OXO-4,5-DIHYDRO-1H-IMIDAZOL-2-YL]-4-IMINOBUTANOIC ACID""","""L-PEPTIDE LINKING""","""GLU, TYR, GLY""",?,"""C16 H15 N3 O6""",[H]/N=C(/CCC(=O)O)\C1=N/C(=C/c2ccc(cc2)O)/C(=O)N1CC(=O)O,40,25,16,4,2,3,True,1,345.0961,2,3,2,1,special-reference,rule-based,当前仅适合作为特殊构件或结构参考，不进入普通单体推荐层,special-reference,multi-residue-derived,CCD列出多个母体残基（GLU / TYR / GLY），属于多残基融合、成熟或发色团结构，不作为一个独立非天然氨基酸。
CS4,"""S-[3-(3,4-DICHLOROPHENYL)-3-OXOPROPYL]-L-CYSTEINE""","""L-PEPTIDE LINKING""",CYS,?,"""C12 H13 Cl2 N O3 S""",c1cc(c(cc1C(=O)CCSC[C@@H](C(=O)O)N)Cl)Cl,32,19,,,,2,True,1,320.9993,1,1,2,0,special-reference,rule-based,当前仅适合作为特殊构件或结构参考，不进入普通单体推荐层,evidence-reviewed-residue,modified-single-residue,CCD只列出一个标准氨基酸母体CYS；修饰或用途状态单独记录，不否定其非标准残基身份。
CSA,S-ACETONYLCYSTEINE,"""L-PEPTIDE LINKING""",CYS,?,"""C6 H11 N O3 S""",CC(=O)CSC[C@@H](C(=O)O)N,22,11,,,,3,True,1,177.046,1,1,2,0,special-reference,manual-review,已确认实际用于肽体系，但人工复核判定为连接、交联、战头、peptoid或非典型肽模拟构件（OCPR000391）,evidence-reviewed-residue,modified-single-residue,CCD只列出一个标准氨基酸母体CYS；修饰或用途状态单独记录，不否定其非标准残基身份。
CSB,"""CYS BOUND TO LEAD ION""","""L-PEPTIDE LINKING""",CYS,?,"""C3 H6 N O2 Pb S""",C([C@@H](C(=O)O)N)S[Pb+],14,8,9,4,3,3,True,1,327.988,1,1,2,0,excluded-nonmonomer,rule-based,结构规则或人工审核已给出明确非单体/排除结论,evidence-reviewed-residue,modified-single-residue,CCD只列出一个标准氨基酸母体CYS；修饰或用途状态单独记录，不否定其非标准残基身份。
CSO,S-HYDROXYCYSTEINE,"""L-PEPTIDE LINKING""",CYS,?,"""C3 H7 N O3 S""",C([C@@H](C(=O)O)N)SO,15,8,9,4,3,3,True,1,137.0147,1,1,2,0,special-reference,manual-review,已确认实际用于肽体系，但人工复核判定为连接、交联、战头、peptoid或非典型肽模拟构件（OCPR000392）,evidence-reviewed-residue,modified-single-residue,CCD只列出一个标准氨基酸母体CYS；修饰或用途状态单独记录，不否定其非标准残基身份。
CSP,S-PHOSPHOCYSTEINE,"""L-PEPTIDE LINKING""",CYS,?,"""C3 H8 N O5 P S""",C([C@@H](C(=O)O)N)SP(=O)(O)O,19,11,9,4,3,3,True,1,200.9861,1,1,2,0,special-reference,rule-based,当前仅适合作为特殊构件或结构参考，不进入普通单体推荐层,evidence-reviewed-residue,modified-single-residue,CCD只列出一个标准氨基酸母体CYS；修饰或用途状态单独记录，不否定其非标准残基身份。
CSR,S-ARSONOCYSTEINE,"""L-PEPTIDE LINKING""",CYS,?,"""C3 H8 As N O5 S""",C([C@@H](C(=O)O)N)S[As](=O)(O)O,19,11,9,4,3,3,True,1,244.9339,1,1,2,0,excluded-nonmonomer,rule-based,结构规则或人工审核已给出明确非单体/排除结论,evidence-reviewed-residue,modified-single-residue,CCD只列出一个标准氨基酸母体CYS；修饰或用途状态单独记录，不否定其非标准残基身份。
CY0,"""S-{3-[(4-ANILINOQUINAZOLIN-6-YL)AMINO]-3-OXOPROPYL}-L-CYSTEINE""","""L-PEPTIDE LINKING""",CYS,?,"""C20 H21 N5 O3 S""",c1ccc(cc1)Nc2c3cc(ccc3ncn2)NC(=O)CCSC[C@@H](C(=O)O)N,50,29,,,,2,True,1,411.1365,1,2,2,1,special-reference,rule-based,当前仅适合作为特殊构件或结构参考，不进入普通单体推荐层,evidence-reviewed-residue,modified-single-residue,CCD只列出一个标准氨基酸母体CYS；修饰或用途状态单独记录，不否定其非标准残基身份。
CY1,ACETAMIDOMETHYLCYSTEINE,"""L-PEPTIDE LINKING""",CYS,?,"""C6 H12 N2 O3 S""",CC(=O)NCSC[C@@H](C(=O)O)N,24,12,9,4,3,3,True,1,192.0569,1,2,2,1,special-reference,manual-review,已确认实际用于肽体系，但人工复核判定为连接、交联、战头、peptoid或非典型肽模拟构件（OCPR000393）,evidence-reviewed-residue,modified-single-residue,CCD只列出一个标准氨基酸母体CYS；修饰或用途状态单独记录，不否定其非标准残基身份。
CY3,2-AMINO-3-MERCAPTO-PROPIONAMIDE,"""L-PEPTIDE LINKING""",CYS,?,"""C3 H8 N2 O S""",C([C@@H](C(=O)N)N)S,15,7,,,,1,True,1,120.0357,0,1,2,1,excluded-nonmonomer,rule-based,结构规则或人工审核已给出明确非单体/排除结论,evidence-reviewed-residue,modified-single-residue,CCD只列出一个标准氨基酸母体CYS；修饰或用途状态单独记录，不否定其非标准残基身份。
CY5,"""[(2S)-2-[(1R)-1-AMINO-2-MERCAPTOETHYL]-4-(4-HYDROXYBENZYL)-5-OXO-2,5-DIHYDRO-1H-IMIDAZOL-1-YL]ACETIC ACID""","""D-PEPTIDE LINKING""",?,?,"""C14 H17 N3 O4 S""",c1cc(ccc1CC2=NC(N(C2=O)CC(=O)O)[C@H](CS)N)O,39,22,,,,2,True,1,323.094,1,2,2,1,special-reference,rule-based,当前仅适合作为特殊构件或结构参考，不进入普通单体推荐层,special-reference,amino-acid-derived-special-structure,结构来源于氨基酸，但属于多单元加合物、反应状态、还原端／醛、完整肽模拟构件或羧酸生物电子等排体；不作为普通非天然氨基酸残基。
CYF,"""5-[2-(2-AMINO-2-CARBAMOYL-ETHYLSULFANYL)-ACETYLAMINO]-2-(3,6-DIHYDROXY-9,9A-DIHYDRO-3H-XANTHEN-9-YL)-BENZOIC ACID""","""L-PEPTIDE LINKING""",CYS,?,"""C25 H23 N3 O7 S""",c1cc(c(cc1NC(=O)CSC[C@@H](C(=O)N)N)C(=O)O)C2c3ccc(cc3Oc4c2ccc(c4)O)O,59,36,,,,1,True,1,509.1257,1,3,2,2,excluded-nonmonomer,rule-based,结构规则或人工审核已给出明确非单体/排除结论,evidence-reviewed-residue,modified-single-residue,CCD只列出一个标准氨基酸母体CYS；修饰或用途状态单独记录，不否定其非标准残基身份。
CYJ,"""(Z)-N~6~-[(4R,5S)-5-(2-CARBOXYETHYL)-4-(CARBOXYMETHYL)PIPERIDIN-3-YLIDENE]-L-LYSINE""","""L-PEPTIDE LINKING""",LYS,?,"""C16 H27 N3 O6""",C1[C@H]([C@H](/C(=N\CCCC[C@@H](C(=O)O)N)/CN1)CC(=O)O)CCC(=O)O,52,25,9,4,3,3,True,1,357.19,3,3,2,0,special-reference,rule-based,当前仅适合作为特殊构件或结构参考，不进入普通单体推荐层,evidence-reviewed-residue,modified-single-residue,CCD只列出一个标准氨基酸母体LYS；修饰或用途状态单独记录，不否定其非标准残基身份。
CYQ,"""2-AMINO-3-PHOSPHONOMETHYLSULFANYL-PROPIONIC ACID""","""L-PEPTIDE LINKING""",CYS,?,"""C4 H10 N O5 P S""",C([C@@H](C(=O)O)N)SCP(=O)(O)O,22,12,,,,3,True,1,215.0017,1,1,2,0,special-reference,rule-based,当前仅适合作为特殊构件或结构参考，不进入普通单体推荐层,evidence-reviewed-residue,modified-single-residue,CCD只列出一个标准氨基酸母体CYS；修饰或用途状态单独记录，不否定其非标准残基身份。
CZ2,"""S-(DIHYDROXYARSINO)CYSTEINE""","""L-PEPTIDE LINKING""",CYS,?,"""C3 H8 As N O4 S""",C([C@@H](C(=O)O)N)S[As](O)O,18,10,9,4,3,3,True,1,228.939,1,1,2,0,excluded-nonmonomer,rule-based,结构规则或人工审核已给出明确非单体/排除结论,evidence-reviewed-residue,modified-single-residue,CCD只列出一个标准氨基酸母体CYS；修饰或用途状态单独记录，不否定其非标准残基身份。
CZO,"""[(2R,4S)-2-[(1S,2R)-1-amino-2-hydroxypropyl]-2-hydroxy-4-(4-hydroxybenzyl)-5-oxoimidazolidin-1-yl]acetic acid""","""L-PEPTIDE LINKING""","""GLY, TYR, GLY""",?,"""C15 H21 N3 O6""",C[C@H]([C@@H]([C@]1(N[C@H](C(=O)N1CC(=O)O)Cc2ccc(cc2)O)O)N)O,45,24,20,4,3,3,True,1,339.143,1,2,2,1,special-reference,rule-based,当前仅适合作为特殊构件或结构参考，不进入普通单体推荐层,special-reference,multi-residue-derived,CCD列出多个母体残基（GLY / TYR / GLY），属于多残基融合、成熟或发色团结构，不作为一个独立非天然氨基酸。
CZZ,THIARSAHYDROXY-CYSTEINE,"""L-PEPTIDE LINKING""",CYS,?,"""C3 H7 As N O3 S""",C([C@@H](C(=O)O)N)S[As]O,16,9,9,4,3,3,True,1,211.9363,1,1,2,0,excluded-nonmonomer,rule-based,结构规则或人工审核已给出明确非单体/排除结论,evidence-reviewed-residue,modified-single-residue,CCD只列出一个标准氨基酸母体CYS；修饰或用途状态单独记录，不否定其非标准残基身份。
D11,D-PHOSPHOTHREONINE,"""D-PEPTIDE LINKING""",?,?,"""C4 H10 N O6 P""",C[C@@H]([C@H](C(=O)O)N)OP(=O)(O)O,22,12,9,4,3,3,True,1,199.0246,1,1,2,0,special-reference,rule-based,当前仅适合作为特殊构件或结构参考，不进入普通单体推荐层,evidence-reviewed-residue,single-amino-acid-or-direct-derivative,官方结构为单一连通分子，含氨基酸主链或直接氨基酸衍生骨架，且未显示多残基母体或多肽结构。
DBY,"""3,5 DIBROMOTYROSINE""","""L-PEPTIDE LINKING""",TYR,?,"""C9 H9 Br2 N O3""",c1c(cc(c(c1Br)O)Br)C[C@@H](C(=O)O)N,24,15,9,4,3,3,True,1,336.8949,1,1,2,0,special-reference,rule-based,当前仅适合作为特殊构件或结构参考，不进入普通单体推荐层,evidence-reviewed-residue,modified-single-residue,CCD只列出一个标准氨基酸母体TYR；修饰或用途状态单独记录，不否定其非标准残基身份。
DC2,"""N-acetyl-S-[(1S)-1,2-dichloroethyl]-L-cysteine""","""L-PEPTIDE LINKING""",CYS,?,"""C7 H11 Cl2 N O3 S""",CC(=O)N[C@@H](CS[C@H](CCl)Cl)C(=O)O,,,,,,,True,1,258.9837,1,2,2,1,excluded-nonmonomer,rule-based,结构规则或人工审核已给出明确非单体/排除结论,evidence-reviewed-residue,modified-single-residue,CCD只列出一个标准氨基酸母体CYS；修饰或用途状态单独记录，不否定其非标准残基身份。
DFI,"2,2-DIFLUOROSTATINE","""L-PEPTIDE LINKING""",?,?,"""C8 H15 F2 N O3""",CC(C)C[C@@H]([C@H](C(C(=O)O)(F)F)O)N,29,14,12,4,3,3,True,1,211.102,1,1,4,0,special-reference,manual-review,已确认实际用于肽体系，但人工复核判定为连接、交联、战头、peptoid或非典型肽模拟构件（OCPR000396）,evidence-reviewed-residue,single-amino-acid-or-direct-derivative,官方结构为单一连通分子，含氨基酸主链或直接氨基酸衍生骨架，且未显示多残基母体或多肽结构。
DFO,"2,2-DIFLUORO-3-HYDROSTATINE","""L-PEPTIDE LINKING""",?,?,"""C8 H15 F2 N O4""",CC(C)C[C@@H](C(C(C(=O)O)(F)F)(O)O)N,30,15,11,4,3,3,True,1,227.0969,1,1,4,0,special-reference,manual-review,已确认实际用于肽体系，但人工复核判定为连接、交联、战头、peptoid或非典型肽模拟构件（OCPR000397）,evidence-reviewed-residue,single-amino-acid-or-direct-derivative,官方结构为单一连通分子，含氨基酸主链或直接氨基酸衍生骨架，且未显示多残基母体或多肽结构。
DHL,2-AMINO-ETHANETHIOL,"""L-PEPTIDE LINKING""",?,?,"""C2 H7 N S""",C(CS)N,11,4,3,,3,2,True,1,77.0299,0,0,,0,excluded-nonmonomer,rule-based,结构规则或人工审核已给出明确非单体/排除结论,excluded-nonmonomer,no-amino-acid-backbone,官方结构虽被赋予肽链连接类型，但缺少可作为单一氨基酸理解的氨基酸骨架，保留作CCD追溯而不进入非天然氨基酸库。
DHP,"3-DECYL-2,5-DIOXO-4-HYDROXY-3-PYRROLINE","""L-PEPTIDE LINKING""",?,?,"""C14 H23 N O3""",CCCCCCCCCCC1=C(C(=O)NC1=O)O,,,,,,,True,1,253.1678,0,2,,2,excluded-nonmonomer,rule-based,结构规则或人工审核已给出明确非单体/排除结论,excluded-nonmonomer,no-amino-acid-backbone,官方结构虽被赋予肽链连接类型，但缺少可作为单一氨基酸理解的氨基酸骨架，保留作CCD追溯而不进入非天然氨基酸库。
DISEP,DIPHOSPHOSERINE,"""L-PEPTIDE LINKING""",SER,?,"""C3 H9 N O9 P2""",C(C(C(=O)O)N)OP(=O)(O)OP(=O)(O)O,24,15,9,4,3,3,True,1,264.9753,1,1,2,0,special-reference,rule-based,当前仅适合作为特殊构件或结构参考，不进入普通单体推荐层,evidence-reviewed-residue,modified-single-residue,CCD只列出一个标准氨基酸母体SER；修饰或用途状态单独记录，不否定其非标准残基身份。
DNG,N-FORMYL-D-NORLEUCINE,"""D-PEPTIDE LINKING""",?,?,"""C7 H13 N O3""",CCCC[C@H](C(=O)O)NC=O,24,11,8,4,2,2,True,1,159.0895,1,2,2,1,excluded-nonmonomer,rule-based,结构规则或人工审核已给出明确非单体/排除结论,evidence-reviewed-residue,single-amino-acid-or-direct-derivative,官方结构为单一连通分子，含氨基酸主链或直接氨基酸衍生骨架，且未显示多残基母体或多肽结构。
DNL,6-AMINO-HEXANAL,"""L-PEPTIDE LINKING""",LYS,?,"""C6 H13 N O""",C(CCC=O)CCN,,,,,,,True,1,115.0997,0,0,,0,excluded-nonmonomer,rule-based,结构规则或人工审核已给出明确非单体/排除结论,evidence-reviewed-residue,modified-single-residue,CCD只列出一个标准氨基酸母体LYS；修饰或用途状态单独记录，不否定其非标准残基身份。
DNS,"""N~6~-{[5-(DIMETHYLAMINO)-1-NAPHTHYL]SULFONYL}-L-LYSINE""","""L-PEPTIDE LINKING""",LYS,?,"""C18 H25 N3 O4 S""",CN(C)c1cccc2c1cccc2S(=O)(=O)NCCCC[C@@H](C(=O)O)N,51,26,,,,2,True,1,379.1566,1,1,2,0,special-reference,rule-based,当前仅适合作为特殊构件或结构参考，不进入普通单体推荐层,evidence-reviewed-residue,modified-single-residue,CCD只列出一个标准氨基酸母体LYS；修饰或用途状态单独记录，不否定其非标准残基身份。
DOA,"""12-AMINO-DODECANOIC ACID""","""L-PEPTIDE LINKING""",?,?,"""C12 H25 N O2""",C(CCCCCC(=O)O)CCCCCN,40,15,40,4,3,3,True,1,215.1885,1,1,,0,special-reference,manual-review,已确认实际用于肽体系，但人工复核判定为连接、交联、战头、peptoid或非典型肽模拟构件（OCPR000399）,evidence-reviewed-residue,extended-or-aromatic-amino-acid,官方结构含同一分子内可参与连接的氨基与羧酸体系；主链距离较长或位于芳香骨架，但仍属于单一非标准氨基酸。
DV9,"""(2S)-2-azanyl-6,6-bis(fluoranyl)-5-oxidanylidene-6-phosphono-hexanoic acid""","""L-peptide linking""",GLU,?,"""C6 H10 F2 N O6 P""",C(CC(=O)C(F)(F)P(=O)(O)O)[C@@H](C(=O)O)N,26,16,9,4,3,3,True,1,261.0214,1,1,2,0,special-reference,rule-based,当前仅适合作为特殊构件或结构参考，不进入普通单体推荐层,evidence-reviewed-residue,modified-single-residue,CCD只列出一个标准氨基酸母体GLU；修饰或用途状态单独记录，不否定其非标准残基身份。
DYG,"""(3S)-3-amino-3-[(4Z)-1-(carboxymethyl)-4-[(4-hydroxyphenyl)methylidene]-5-oxo-imidazol-2-yl]propanoic acid""","""L-PEPTIDE LINKING""","""ASP, TYR, GLY""",?,"""C15 H15 N3 O6""",c1cc(ccc1\C=C/2\C(=O)N(C(=N2)[C@H](CC(=O)O)N)CC(=O)O)O,39,24,18,4,3,3,True,1,333.0961,2,3,2,1,special-reference,rule-based,当前仅适合作为特殊构件或结构参考，不进入普通单体推荐层,special-reference,multi-residue-derived,CCD列出多个母体残基（ASP / TYR / GLY），属于多残基融合、成熟或发色团结构，不作为一个独立非天然氨基酸。
E0Y,"""(3S,5R)-5-[(2R,3R)-1,3-dihydroxybutan-2-yl]-3-({(3R)-1-[(1E)-ethanimidoyl]pyrrolidin-3-yl}sulfanyl)-L-proline""","""L-peptide linking""",PRO,?,"""C15 H27 N3 O4 S""",[H]/N=C(\C)/N1CC[C@H](C1)SC2C[C@@H](NC2C(=O)O)[C@H](CO)[C@@H](C)O,50,23,,,,,True,1,345.1722,1,1,2,0,special-reference,rule-based,当前仅适合作为特殊构件或结构参考，不进入普通单体推荐层,evidence-reviewed-residue,modified-single-residue,CCD只列出一个标准氨基酸母体PRO；修饰或用途状态单独记录，不否定其非标准残基身份。
ECC,"""(4S)-4-amino-5-hydroxypentanamide""","""L-PEPTIDE LINKING""",GLN,?,"""C5 H12 N2 O2""",C(CC(=O)N)[C@@H](CO)N,21,9,10,5,3,2,True,1,132.0899,0,1,4,1,excluded-nonmonomer,rule-based,结构规则或人工审核已给出明确非单体/排除结论,evidence-reviewed-residue,modified-single-residue,CCD只列出一个标准氨基酸母体GLN；修饰或用途状态单独记录，不否定其非标准残基身份。
EJJ,N-CARBAMOYL-GLYCINE,"""PEPTIDE LINKING""",GLY,?,"""C3 H6 N2 O3""",C(C(=O)O)NC(=O)N,14,8,9,4,2,2,True,1,118.0378,1,3,2,2,excluded-nonmonomer,rule-based,结构规则或人工审核已给出明确非单体/排除结论,evidence-reviewed-residue,modified-single-residue,CCD只列出一个标准氨基酸母体GLY；修饰或用途状态单独记录，不否定其非标准残基身份。
EJM,"""L-norleucine aldehyde""","""L-peptide linking""",?,?,"""C6 H13 N O""",CCCC[C@@H](C=O)N,21,8,8,3,3,1,True,1,115.0997,0,0,,0,excluded-nonmonomer,rule-based,结构规则或人工审核已给出明确非单体/排除结论,special-reference,amino-acid-derived-special-structure,结构来源于氨基酸，但属于多单元加合物、反应状态、还原端／醛、完整肽模拟构件或羧酸生物电子等排体；不作为普通非天然氨基酸残基。
ERL,"""(1S,2S)-2-azanyl-1-oxidanyl-hexane-1-sulfonic acid""","""L-peptide linking""",?,?,"""C6 H15 N O4 S""",CCCC[C@@H]([C@H](O)S(=O)(=O)O)N,,,,,,,True,1,197.0722,0,0,,0,excluded-nonmonomer,rule-based,结构规则或人工审核已给出明确非单体/排除结论,special-reference,amino-acid-derived-special-structure,结构来源于氨基酸，但属于多单元加合物、反应状态、还原端／醛、完整肽模拟构件或羧酸生物电子等排体；不作为普通非天然氨基酸残基。
EXA,"""N~6~-[(R)-[(E)-(1-carboxyethylidene)amino]{3-hydroxy-2-methyl-5-[(phosphonooxy)methyl]pyridin-4-yl}methyl]-L-lysine""","""peptide linking""",LYS,?,"""C17 H27 N4 O9 P""",Cc1c(c(c(cn1)COP(=O)(O)O)[C@H](NCCCC[C@@H](C(=O)O)N)/N=C(\C)/C(=O)O)O,58,31,,,,2,True,1,462.1516,2,2,2,0,excluded-nonmonomer,rule-based,结构规则或人工审核已给出明确非单体/排除结论,evidence-reviewed-residue,modified-single-residue,CCD只列出一个标准氨基酸母体LYS；修饰或用途状态单独记录，不否定其非标准残基身份。
EYG,"""{(2R,4Z)-2-[(1R)-1-amino-3-(methylsulfanyl)propyl]-2-hydroxy-4-[(4-hydroxyphenyl)methylidene]-5-oxoimidazolidin-1-yl}acetic acid""","""L-PEPTIDE LINKING""","""MET, TYR, GLY""",?,"""C16 H21 N3 O5 S""",CSCCC([C@]1(N/C(=C\c2ccc(cc2)O)/C(=O)N1CC(=O)O)O)N,46,25,19,4,3,3,True,1,367.1202,1,2,2,1,special-reference,rule-based,当前仅适合作为特殊构件或结构参考，不进入普通单体推荐层,special-reference,multi-residue-derived,CCD列出多个母体残基（MET / TYR / GLY），属于多残基融合、成熟或发色团结构，不作为一个独立非天然氨基酸。
F0G,"""(E)-N-({3-hydroxy-2-methyl-5-[(phosphonooxy)methyl]pyridin-4-yl}methylidene)-L-alanine""","""L-peptide linking""",?,?,"""C11 H15 N2 O7 P""",Cc1c(c(c(cn1)COP(=O)(O)O)/C=N/[C@@H](C)C(=O)O)O,,,,,,,True,1,318.0617,1,1,2,0,special-reference,rule-based,当前仅适合作为特殊构件或结构参考，不进入普通单体推荐层,special-reference,amino-acid-derived-special-structure,结构来源于氨基酸，但属于多单元加合物、反应状态、还原端／醛、完整肽模拟构件或羧酸生物电子等排体；不作为普通非天然氨基酸残基。
F3M,"""methyl 4-amino-2,4,5-trideoxy-5,5,5-trifluoro-L-threo-pentonate""","""L-PEPTIDE LINKING""",?,?,"""C6 H10 F3 N O3""",COC(=O)C[C@@H]([C@H](C(F)(F)F)N)O,,,,,,,True,1,201.0613,0,1,4,0,excluded-nonmonomer,rule-based,结构规则或人工审核已给出明确非单体/排除结论,evidence-reviewed-residue,single-amino-acid-or-direct-derivative,官方结构为单一连通分子，含氨基酸主链或直接氨基酸衍生骨架，且未显示多残基母体或多肽结构。
FDL,"""N~6~-acetyl-N-(4-methyl-2-oxo-2H-chromen-7-yl)-L-lysinamide""","""L-PEPTIDE LINKING""",LYS,?,"""C18 H23 N3 O4""",CC1=CC(=O)Oc2c1ccc(c2)NC(=O)[C@H](CCCCNC(=O)C)N,48,25,,,,,True,1,345.1689,0,2,2,2,special-reference,rule-based,当前仅适合作为特殊构件或结构参考，不进入普通单体推荐层,evidence-reviewed-residue,modified-single-residue,CCD只列出一个标准氨基酸母体LYS；修饰或用途状态单独记录，不否定其非标准残基身份。
FFM,"""S-[(1R,2R)-2-hydroxy-1-methyl-2-phosphonoethyl]-L-cysteine""","""L-peptide linking""",CYS,?,"""C6 H14 N O6 P S""",C[C@H]([C@H](O)P(=O)(O)O)SC[C@@H](C(=O)O)N,,,,,,,True,1,259.0279,1,1,2,0,special-reference,rule-based,当前仅适合作为特殊构件或结构参考，不进入普通单体推荐层,evidence-reviewed-residue,modified-single-residue,CCD只列出一个标准氨基酸母体CYS；修饰或用途状态单独记录，不否定其非标准残基身份。
FGP,"""2-AMINO-3-HYDROXY-3-PHOSPHONOOXY-PROPIONIC ACID""","""L-PEPTIDE LINKING""",SER,?,"""C3 H8 N O7 P""",[C@H]([C@@H](O)OP(=O)(O)O)(C(=O)O)N,20,12,9,4,3,3,True,1,201.0038,1,1,2,0,special-reference,rule-based,当前仅适合作为特殊构件或结构参考，不进入普通单体推荐层,evidence-reviewed-residue,modified-single-residue,CCD只列出一个标准氨基酸母体SER；修饰或用途状态单独记录，不否定其非标准残基身份。
FHE,"""2-[(4~{Z})-2-[(1~{R})-1-azanyl-2-oxidanylidene-propyl]-4-[[4-[(2-nitrophenyl)methoxy]phenyl]methylidene]-5-oxidanylidene-imidazol-1-yl]ethanoic acid""","""L-peptide linking""","""THR, TYR, GLY""",?,"""C22 H20 N4 O7""",CC(=O)[C@@H](C1=N/C(=C\c2ccc(cc2)OCc3ccccc3[N+](=O)[O-])/C(=O)N1CC(=O)O)N,53,33,18,4,3,3,True,1,452.1332,1,2,2,1,excluded-nonmonomer,rule-based,结构规则或人工审核已给出明确非单体/排除结论,special-reference,multi-residue-derived,CCD列出多个母体残基（THR / TYR / GLY），属于多残基融合、成熟或发色团结构，不作为一个独立非天然氨基酸。
FL6,"""(2S)-2-azanyl-4-methoxy-4-oxidanylidene-butanoic acid""","""L-peptide linking""",ASP,?,"""C5 H9 N O4""",COC(=O)C[C@@H](C(=O)O)N,19,10,9,4,3,3,True,1,147.0532,1,2,2,0,special-reference,manual-review,已确认实际用于肽体系，但人工复核判定为连接、交联、战头、peptoid或非典型肽模拟构件（OCPR000406）,evidence-reviewed-residue,modified-single-residue,CCD只列出一个标准氨基酸母体ASP；修饰或用途状态单独记录，不否定其非标准残基身份。
FLT,"""FLUOROMALONYL TYROSINE""","""L-PEPTIDE LINKING""",TYR,?,"""C12 H12 F N O7""",c1cc(ccc1C[C@@H](C(=O)O)N)OC(C(=O)O)(C(=O)O)F,33,21,9,4,3,3,True,1,301.0598,3,3,2,0,special-reference,rule-based,当前仅适合作为特殊构件或结构参考，不进入普通单体推荐层,evidence-reviewed-residue,modified-single-residue,CCD只列出一个标准氨基酸母体TYR；修饰或用途状态单独记录，不否定其非标准残基身份。
FME,N-FORMYLMETHIONINE,"""L-PEPTIDE LINKING""",MET,?,"""C6 H11 N O3 S""",CSCC[C@@H](C(=O)O)NC=O,22,11,8,4,2,2,True,1,177.046,1,2,2,1,excluded-nonmonomer,rule-based,结构规则或人工审核已给出明确非单体/排除结论,evidence-reviewed-residue,modified-single-residue,CCD只列出一个标准氨基酸母体MET；修饰或用途状态单独记录，不否定其非标准残基身份。
FOE,"""2-(2-AMINO-3-OXO-PROPYLSULFANYL)-N-(4-FLUORO-PHENYL)-N-ISOPROPYL-ACETAMIDE""","""L-PEPTIDE LINKING""",CYS,?,"""C14 H19 F N2 O3 S""",CC(C)N(c1ccc(cc1)F)C(=O)CSC[C@@H](C(=O)O)N,40,21,9,4,3,3,True,1,314.11,1,2,2,1,special-reference,rule-based,当前仅适合作为特殊构件或结构参考，不进入普通单体推荐层,evidence-reviewed-residue,modified-single-residue,CCD只列出一个标准氨基酸母体CYS；修饰或用途状态单独记录，不否定其非标准残基身份。
FRD,1-PHENYL-2-AMINOPROPANE,"""L-PEPTIDE LINKING""",?,?,"""C9 H13 N""",C[C@H](Cc1ccccc1)N,23,10,9,4,3,2,True,1,135.1048,0,0,,0,excluded-nonmonomer,rule-based,结构规则或人工审核已给出明确非单体/排除结论,excluded-nonmonomer,no-amino-acid-backbone,官方结构虽被赋予肽链连接类型，但缺少可作为单一氨基酸理解的氨基酸骨架，保留作CCD追溯而不进入非天然氨基酸库。
FTY,DEOXY-DIFLUOROMETHELENE-PHOSPHOTYROSINE,"""L-PEPTIDE LINKING""",TYR,?,"""C10 H12 F2 N O5 P""",c1cc(ccc1C[C@@H](C(=O)O)N)C(F)(F)P(=O)(O)O,31,19,9,4,3,3,True,1,295.0421,1,1,2,0,special-reference,rule-based,当前仅适合作为特殊构件或结构参考，不进入普通单体推荐层,evidence-reviewed-residue,modified-single-residue,CCD只列出一个标准氨基酸母体TYR；修饰或用途状态单独记录，不否定其非标准残基身份。
FVA,N-formyl-L-valine,"""L-PEPTIDE LINKING""",VAL,?,"""C6 H11 N O3""",CC(C)[C@@H](C(=O)O)NC=O,21,10,8,4,2,2,True,1,145.0739,1,2,2,1,excluded-nonmonomer,rule-based,结构规则或人工审核已给出明确非单体/排除结论,evidence-reviewed-residue,modified-single-residue,CCD只列出一个标准氨基酸母体VAL；修饰或用途状态单独记录，不否定其非标准残基身份。
FZN,"""(2S)-2-amino-6-{[(1Z)-1-{[(2R,3R,4S,5R)-5-({[(R)-{[(R)-{[(2R,3S,4R,5R)-5-(6-amino-9H-purin-9-yl)-3,4-dihydroxytetrahydrofuran-2-yl]methoxy}(hydroxy)phosphoryl]oxy}(hydroxy)phosphoryl]oxy}methyl)-3,4-dihydroxytetrahydrofuran-2-yl]sulfanyl}ethylidene]amino}hexanoic acid""","""L-peptide linking""",LYS,?,"""C23 H37 N7 O15 P2 S""",C/C(=N/CCCC[C@@H](C(=O)O)N)/S[C@@H]1[C@@H]([C@@H]([C@H](O1)CO[P@@](=O)(O)O[P@](=O)(O)OC[C@@H]2[C@H]([C@H]([C@@H](O2)n3cnc4c3ncnc4N)O)O)O)O,85,48,9,4,3,3,True,1,745.1544,1,1,2,0,excluded-nonmonomer,rule-based,结构规则或人工审核已给出明确非单体/排除结论,evidence-reviewed-residue,modified-single-residue,CCD只列出一个标准氨基酸母体LYS；修饰或用途状态单独记录，不否定其非标准残基身份。
GEE,"""ethyl glycinate""","""L-peptide linking""",GLY,?,"""C4 H9 N O2""",CCOC(=O)CN,,,,,,,True,1,103.0633,0,1,2,0,excluded-nonmonomer,rule-based,结构规则或人工审核已给出明确非单体/排除结论,evidence-reviewed-residue,modified-single-residue,CCD只列出一个标准氨基酸母体GLY；修饰或用途状态单独记录，不否定其非标准残基身份。
GFT,"""(2S)-2-azanyl-3-[cyclohexyloxy(methyl)phosphoryl]oxy-propanoic acid""","""L-PEPTIDE LINKING""",SER,?,"""C10 H20 N O5 P""",C[P@](=O)(OC[C@@H](C(=O)O)N)OC1CCCCC1,37,17,,,,2,True,1,265.1079,1,1,2,0,special-reference,rule-based,当前仅适合作为特殊构件或结构参考，不进入普通单体推荐层,evidence-reviewed-residue,modified-single-residue,CCD只列出一个标准氨基酸母体SER；修饰或用途状态单独记录，不否定其非标准残基身份。
GHC,"""N-({4-[(2-amino-6-ethyl-4-oxo-3,4-dihydrothieno[2,3-d]pyrimidin-5-yl)sulfanyl]phenyl}carbonyl)-L-glutamic acid""","""L-peptide linking""",GLU,?,"""C20 H20 N4 O6 S2""",CCc1c(c2c(s1)N=C(NC2=O)N)Sc3ccc(cc3)C(=O)N[C@@H](CCC(=O)O)C(=O)O,,,,,,,True,1,476.0824,2,3,2,1,excluded-nonmonomer,rule-based,结构规则或人工审核已给出明确非单体/排除结论,evidence-reviewed-residue,modified-single-residue,CCD只列出一个标准氨基酸母体GLU；修饰或用途状态单独记录，不否定其非标准残基身份。
GHW,"""N-({4-[(2-amino-6-methyl-4-oxo-3,4-dihydrothieno[2,3-d]pyrimidin-5-yl)sulfanyl]phenyl}carbonyl)-L-glutamic acid""","""L-peptide linking""",GLU,?,"""C19 H18 N4 O6 S2""",Cc1c(c2c(s1)N=C(NC2=O)N)Sc3ccc(cc3)C(=O)N[C@@H](CCC(=O)O)C(=O)O,,,,,,,True,1,462.0668,2,3,2,1,excluded-nonmonomer,rule-based,结构规则或人工审核已给出明确非单体/排除结论,evidence-reviewed-residue,modified-single-residue,CCD只列出一个标准氨基酸母体GLU；修饰或用途状态单独记录，不否定其非标准残基身份。
GL3,THIOGLYCIN,"""L-PEPTIDE LINKING""",GLY,?,"""C2 H5 N O S""",C(C(=O)S)N,10,5,10,4,3,2,True,1,91.0092,0,1,2,0,excluded-nonmonomer,rule-based,结构规则或人工审核已给出明确非单体/排除结论,evidence-reviewed-residue,modified-single-residue,CCD只列出一个标准氨基酸母体GLY；修饰或用途状态单独记录，不否定其非标准残基身份。
GLZ,AMINO-ACETALDEHYDE,"""L-PEPTIDE LINKING""",GLY,?,"""C2 H5 N O""",C(C=O)N,9,4,9,3,3,2,True,1,59.0371,0,0,,0,excluded-nonmonomer,rule-based,结构规则或人工审核已给出明确非单体/排除结论,evidence-reviewed-residue,modified-single-residue,CCD只列出一个标准氨基酸母体GLY；修饰或用途状态单独记录，不否定其非标准残基身份。
GMO,"""{(4Z)-2-[(1R,2R)-1-amino-2-hydroxypropyl]-4-[(4-nitrophenyl)methylidene]-5-oxo-4,5-dihydro-1H-imidazol-1-yl}acetic acid""","""L-peptide linking""","""THR, TYR, GLY""",?,"""C15 H16 N4 O6""",C[C@H]([C@@H](C1=N/C(=C\c2ccc(cc2)[N+](=O)[O-])/C(=O)N1CC(=O)O)N)O,41,25,18,4,3,3,True,1,348.107,1,2,2,1,excluded-nonmonomer,rule-based,结构规则或人工审核已给出明确非单体/排除结论,special-reference,multi-residue-derived,CCD列出多个母体残基（THR / TYR / GLY），属于多残基融合、成熟或发色团结构，不作为一个独立非天然氨基酸。
GPL,";LYSINE GUANOSINE-5'-MONOPHOSPHATE
;","""L-PEPTIDE LINKING""",LYS,?,"""C16 H26 N7 O9 P""",c1nc2c(n1[C@H]3[C@@H]([C@@H]([C@H](O3)CO[P@](=O)(NCCCC[C@@H](C(=O)O)N)O)O)O)N=C(NC2=O)N,59,33,,,,3,True,1,491.153,1,1,2,0,excluded-nonmonomer,rule-based,结构规则或人工审核已给出明确非单体/排除结论,evidence-reviewed-residue,modified-single-residue,CCD只列出一个标准氨基酸母体LYS；修饰或用途状态单独记录，不否定其非标准残基身份。
GSU,"""O5'-(L-GLUTAMYL-SULFAMOYL)-ADENOSINE""","""L-PEPTIDE LINKING""",GLU,?,"""C15 H21 N7 O9 S""",c1nc(c2c(n1)n(cn2)[C@H]3[C@@H]([C@@H]([C@H](O3)COS(=O)(=O)NC(=O)[C@H](CCC(=O)O)N)O)O)N,,,,,,,True,1,475.1121,1,2,2,1,excluded-nonmonomer,rule-based,结构规则或人工审核已给出明确非单体/排除结论,evidence-reviewed-residue,modified-single-residue,CCD只列出一个标准氨基酸母体GLU；修饰或用途状态单独记录，不否定其非标准残基身份。
GVL,"""O-[(R)-{[(3R)-4-AMINO-3-HYDROXY-2,2-DIMETHYL-4-OXOBUTYL]OXY}(HYDROXY)PHOSPHORYL]-L-SERINE""","""L-PEPTIDE LINKING""",SER,?,"""C9 H19 N2 O8 P""",CC(C)(CO[P@@](=O)(O)OC[C@@H](C(=O)O)N)[C@H](C(=O)N)O,39,20,,,,1,True,1,314.0879,1,2,2,1,special-reference,rule-based,当前仅适合作为特殊构件或结构参考，不进入普通单体推荐层,evidence-reviewed-residue,modified-single-residue,CCD只列出一个标准氨基酸母体SER；修饰或用途状态单独记录，不否定其非标准残基身份。
GYC,"""[(4Z)-2-[(1R)-1-AMINO-2-MERCAPTOETHYL]-4-(4-HYDROXYBENZYLIDENE)-5-OXO-4,5-DIHYDRO-1H-IMIDAZOL-1-YL]ACETIC ACID""","""L-PEPTIDE LINKING""","""CYS, TYR, GLY""",?,"""C14 H15 N3 O4 S""",c1cc(ccc1/C=C\2/C(=O)N(C(=N2)[C@H](CS)N)CC(=O)O)O,37,22,18,4,3,3,True,1,321.0783,1,2,2,1,special-reference,rule-based,当前仅适合作为特殊构件或结构参考，不进入普通单体推荐层,special-reference,multi-residue-derived,CCD列出多个母体残基（CYS / TYR / GLY），属于多残基融合、成熟或发色团结构，不作为一个独立非天然氨基酸。
GYS,"""[(4Z)-2-(1-AMINO-2-HYDROXYETHYL)-4-(4-HYDROXYBENZYLIDENE)-5-OXO-4,5-DIHYDRO-1H-IMIDAZOL-1-YL]ACETIC ACID""","""L-PEPTIDE LINKING""","""SER, TYR, GLY""",?,"""C14 H15 N3 O5""",c1cc(ccc1/C=C\2/C(=O)N(C(=N2)[C@H](CO)N)CC(=O)O)O,37,22,18,4,3,3,True,1,305.1012,1,2,2,1,special-reference,rule-based,当前仅适合作为特殊构件或结构参考，不进入普通单体推荐层,special-reference,multi-residue-derived,CCD列出多个母体残基（SER / TYR / GLY），属于多残基融合、成熟或发色团结构，不作为一个独立非天然氨基酸。
HBN,"""N-(2-NAPHTHYL)HISTIDINAMIDE""","""L-PEPTIDE LINKING""",HIS,?,"""C16 H16 N4 O""",c1ccc2cc(ccc2c1)NC(=O)C(Cc3cnc[nH]3)N,,,,,,,True,1,280.1324,0,1,2,1,excluded-nonmonomer,rule-based,结构规则或人工审核已给出明确非单体/排除结论,evidence-reviewed-residue,modified-single-residue,CCD只列出一个标准氨基酸母体HIS；修饰或用途状态单独记录，不否定其非标准残基身份。
HG7,"""(2S)-2-azanyl-N-[3-(dimethylamino)propyl]-2-(3-hydroxyphenyl)ethanamide""","""L-peptide linking""",?,?,"""C13 H21 N3 O2""",CN(C)CCCNC(=O)[C@H](c1cccc(c1)O)N,39,18,7,2,3,3,True,1,251.1634,0,1,2,1,excluded-nonmonomer,rule-based,结构规则或人工审核已给出明确非单体/排除结论,evidence-reviewed-residue,single-amino-acid-or-direct-derivative,官方结构为单一连通分子，含氨基酸主链或直接氨基酸衍生骨架，且未显示多残基母体或多肽结构。
HGL,"""(2S)-2-amino-4-(2-amino-6-oxo-1,6-dihydro-9H-purin-9-yl)butanoic acid""","""L-PEPTIDE LINKING""",?,?,"""C9 H12 N6 O3""",c1nc2c(n1CC[C@@H](C(=O)O)N)N=C(NC2=O)N,30,18,9,4,3,3,True,1,252.0971,1,1,2,0,special-reference,rule-based,当前仅适合作为特殊构件或结构参考，不进入普通单体推荐层,evidence-reviewed-residue,single-amino-acid-or-direct-derivative,官方结构为单一连通分子，含氨基酸主链或直接氨基酸衍生骨架，且未显示多残基母体或多肽结构。
HIA,"""L-HISTIDINE AMIDE""","""L-PEPTIDE LINKING""",HIS,?,"""C6 H10 N4 O""",c1c([nH]cn1)C[C@@H](C(=O)N)N,21,11,,,,1,True,1,154.0855,0,1,2,1,excluded-nonmonomer,rule-based,结构规则或人工审核已给出明确非单体/排除结论,evidence-reviewed-residue,modified-single-residue,CCD只列出一个标准氨基酸母体HIS；修饰或用途状态单独记录，不否定其非标准残基身份。
HIP,ND1-PHOSPHONOHISTIDINE,"""L-PEPTIDE LINKING""",HIS,?,"""C6 H11 N3 O5 P""",c1c(n(c[nH+]1)P(=O)(O)O)C[C@@H](C(=O)O)N,26,15,9,4,3,3,True,1,236.0431,1,1,2,0,special-reference,rule-based,当前仅适合作为特殊构件或结构参考，不进入普通单体推荐层,evidence-reviewed-residue,modified-single-residue,CCD只列出一个标准氨基酸母体HIS；修饰或用途状态单独记录，不否定其非标准残基身份。
HJY,4-iodo-N-methyl-D-phenylalanine,"""D-peptide linking""",?,?,"""C10 H12 I N O2""",CN[C@H](Cc1ccc(cc1)I)C(=O)O,26,14,8,4,2,2,True,1,304.9913,1,1,2,0,special-reference,rule-based,当前仅适合作为特殊构件或结构参考，不进入普通单体推荐层,evidence-reviewed-residue,single-amino-acid-or-direct-derivative,官方结构为单一连通分子，含氨基酸主链或直接氨基酸衍生骨架，且未显示多残基母体或多肽结构。
HM8,"""2-[(1S,2R)-1-amino-2-(sulfooxy)propyl]-5-hydroxy-1,3-oxazole-4-carbothioic O-acid""","""L-PEPTIDE LINKING""",?,?,"""C7 H10 N2 O7 S2""",C[C@H]([C@@H](c1nc(c(o1)O)C(=S)O)N)OS(=O)(=O)O,28,18,12,4,3,3,True,1,297.9929,0,0,,0,excluded-nonmonomer,rule-based,结构规则或人工审核已给出明确非单体/排除结论,special-reference,amino-acid-derived-special-structure,结构来源于氨基酸，但属于多单元加合物、反应状态、还原端／醛、完整肽模拟构件或羧酸生物电子等排体；不作为普通非天然氨基酸残基。
HM9,"""6-(3-CARBAMIMIDAMIDOPROPYL)-3,5-DIHYDROXYPYRAZINE-2-CARBOTHIOIC S-ACID""","""L-PEPTIDE LINKING""",?,?,"""C9 H13 N5 O3 S""",C(Cc1c(nc(c(n1)C(=O)S)O)O)CNC(=N)N,31,18,4,4,,1,True,1,271.0739,0,1,,0,excluded-nonmonomer,rule-based,结构规则或人工审核已给出明确非单体/排除结论,special-reference,amino-acid-derived-special-structure,结构来源于氨基酸，但属于多单元加合物、反应状态、还原端／醛、完整肽模拟构件或羧酸生物电子等排体；不作为普通非天然氨基酸残基。
HP9,"""(2S)-2-azanyl-3-(7-fluoranyl-9-oxidanylidene-xanthen-2-yl)propanoic acid""","""L-peptide linking""",PHE,?,"""C16 H12 F N O4""",c1cc2c(cc1C[C@@H](C(=O)O)N)C(=O)c3cc(ccc3O2)F,34,22,9,4,3,3,True,1,301.075,1,1,2,0,special-reference,rule-based,当前仅适合作为特殊构件或结构参考，不进入普通单体推荐层,evidence-reviewed-residue,modified-single-residue,CCD只列出一个标准氨基酸母体PHE；修饰或用途状态单独记录，不否定其非标准残基身份。
HPQ,HOMOPHENYLALANINYLMETHANE,"""L-PEPTIDE LINKING""",PHE,?,"""C11 H15 N O""",CC(=O)[C@H](CCc1ccccc1)N,,,,,,,True,1,177.1154,0,0,,0,excluded-nonmonomer,rule-based,结构规则或人工审核已给出明确非单体/排除结论,evidence-reviewed-residue,modified-single-residue,CCD只列出一个标准氨基酸母体PHE；修饰或用途状态单独记录，不否定其非标准残基身份。
HS9,N-ALPHA-METHYL-L-HISTIDINAMIDE,"""L-PEPTIDE LINKING""",HIS,?,"""C7 H12 N4 O""",CN[C@@H](Cc1c[nH]cn1)C(=O)N,24,12,,,,,True,1,168.1011,0,1,2,1,excluded-nonmonomer,rule-based,结构规则或人工审核已给出明确非单体/排除结论,evidence-reviewed-residue,modified-single-residue,CCD只列出一个标准氨基酸母体HIS；修饰或用途状态单独记录，不否定其非标准残基身份。
HSL,"""HOMOSERINE LACTONE""","""L-PEPTIDE LINKING""",SER,?,"""C4 H7 N O2""",C1COC(=O)[C@H]1N,14,7,7,2,3,1,True,1,101.0477,0,1,2,0,excluded-nonmonomer,rule-based,结构规则或人工审核已给出明确非单体/排除结论,evidence-reviewed-residue,modified-single-residue,CCD只列出一个标准氨基酸母体SER；修饰或用途状态单独记录，不否定其非标准残基身份。
HSO,L-histidinol,"""L-PEPTIDE LINKING""",HIS,?,"""C6 H12 N3 O""",c1c([nH+]c[nH]1)C[C@@H](CO)N,22,10,10,5,3,2,True,1,142.0975,0,0,,0,excluded-nonmonomer,rule-based,结构规则或人工审核已给出明确非单体/排除结论,evidence-reviewed-residue,modified-single-residue,CCD只列出一个标准氨基酸母体HIS；修饰或用途状态单独记录，不否定其非标准残基身份。
HSV,L-histidinal,"""L-PEPTIDE LINKING""",HIS,?,"""C6 H10 N3 O""",c1c([nH+]c[nH]1)C[C@@H](C=O)N,20,10,8,3,3,2,True,1,140.0818,0,0,,0,excluded-nonmonomer,rule-based,结构规则或人工审核已给出明确非单体/排除结论,evidence-reviewed-residue,modified-single-residue,CCD只列出一个标准氨基酸母体HIS；修饰或用途状态单独记录，不否定其非标准残基身份。
I1C,"""{(4Z)-2-[(1R,2R)-1-amino-2-hydroxypropyl]-4-[(4-hydroxy-3-iodophenyl)methylidene]-5-oxo-4,5-dihydro-1H-imidazol-1-yl}acetic acid""","""L-peptide linking""","Thr,Tyr,Gly",?,"""C15 H16 I N3 O5""",C[C@H]([C@@H](C1=N/C(=C\c2ccc(c(c2)I)O)/C(=O)N1CC(=O)O)N)O,40,24,18,4,3,3,True,1,445.0135,1,2,2,1,special-reference,rule-based,当前仅适合作为特殊构件或结构参考，不进入普通单体推荐层,special-reference,multi-residue-derived,CCD列出多个母体残基（THR / TYR / GLY），属于多残基融合、成熟或发色团结构，不作为一个独立非天然氨基酸。
I2F,"""(2~{S},4~{R},5~{E})-5-[(5~{S})-5-azanyl-6-oxidanyl-hexyl]iminohexane-1,2,4-triol""","""L-peptide linking""",LYS,?,"""C12 H26 N2 O5""",C/C(=N\CCCC[C@@H](C(O)O)N)/[C@@H](C[C@@H](CO)O)O,45,19,11,6,3,3,True,1,278.1842,0,0,,0,excluded-nonmonomer,rule-based,结构规则或人工审核已给出明确非单体/排除结论,evidence-reviewed-residue,modified-single-residue,CCD只列出一个标准氨基酸母体LYS；修饰或用途状态单独记录，不否定其非标准残基身份。
I4O,"""Histidine oxo-vanadium complex""","""L-peptide linking""",HIS,?,"""C6 H8 N3 O6 V""",c1c(ncn1[V](=O)([O-])([O-])[O-])C[C@@H](C(=O)O)N,24,16,9,4,3,3,True,1,268.9869,1,1,2,0,excluded-nonmonomer,rule-based,结构规则或人工审核已给出明确非单体/排除结论,evidence-reviewed-residue,modified-single-residue,CCD只列出一个标准氨基酸母体HIS；修饰或用途状态单独记录，不否定其非标准残基身份。
IC0,"""Fmoc-(S)-2-(4-pentenyl)-glycine""","""L-peptide linking""",GLY,?,"""C7 H13 N O2""",C=CCCC[C@@H](C(=O)O)N,23,10,9,4,3,8,True,1,143.0946,1,1,2,0,excluded-nonmonomer,rule-based,结构规则或人工审核已给出明确非单体/排除结论,evidence-reviewed-residue,modified-single-residue,CCD只列出一个标准氨基酸母体GLY；修饰或用途状态单独记录，不否定其非标准残基身份。
ICY,"""S-(2-iodobenzyl)-L-cysteine""","""L-peptide linking""",CYS,?,"""C10 H12 I N O2 S""",c1ccc(c(c1)CSC[C@@H](C(=O)O)N)I,27,15,,,,3,True,1,336.9633,1,1,2,0,special-reference,rule-based,当前仅适合作为特殊构件或结构参考，不进入普通单体推荐层,evidence-reviewed-residue,modified-single-residue,CCD只列出一个标准氨基酸母体CYS；修饰或用途状态单独记录，不否定其非标准残基身份。
IPG,"""N-ISOPROPYL GLYCINE""","""L-PEPTIDE LINKING""",GLY,?,"""C5 H11 N O2""",CC(C)NCC(=O)O,19,8,9,4,2,3,True,1,117.079,1,1,2,0,special-reference,manual-review,已确认实际用于肽体系，但人工复核判定为连接、交联、战头、peptoid或非典型肽模拟构件（OCPR000410）,evidence-reviewed-residue,modified-single-residue,CCD只列出一个标准氨基酸母体GLY；修饰或用途状态单独记录，不否定其非标准残基身份。
IYR,3-IODO-TYROSINE,"""L-PEPTIDE LINKING""",TYR,?,"""C9 H10 I N O3""",c1cc(c(cc1C[C@@H](C(=O)O)N)I)O,24,14,9,4,3,3,True,1,306.9705,1,1,2,0,special-reference,rule-based,当前仅适合作为特殊构件或结构参考，不进入普通单体推荐层,evidence-reviewed-residue,modified-single-residue,CCD只列出一个标准氨基酸母体TYR；修饰或用途状态单独记录，不否定其非标准残基身份。
IYT,"""N-ALPHA-ACETYL-3,5-DIIODOTYROSYL-D-THREONINE""","""D-PEPTIDE LINKING""",?,?,"""C15 H18 I2 N2 O6""",C[C@H]([C@H](C(=O)O)NC(=O)[C@H](Cc1cc(c(c(c1)I)O)I)NC(=O)C)O,,,,,,,True,1,575.9254,1,3,2,2,excluded-nonmonomer,rule-based,结构规则或人工审核已给出明确非单体/排除结论,special-reference,amino-acid-derived-special-structure,结构来源于氨基酸，但属于多单元加合物、反应状态、还原端／醛、完整肽模拟构件或羧酸生物电子等排体；不作为普通非天然氨基酸残基。
J2F,"""(2~{S})-2-azanyl-3-[4-[(2-nitrophenyl)methoxy]phenyl]propanoic acid""","""L-peptide linking""",TYR,?,"""C16 H16 N2 O5""",c1ccc(c(c1)COc2ccc(cc2)C[C@@H](C(=O)O)N)[N+](=O)[O-],39,23,9,4,3,3,True,1,316.1059,1,1,2,0,special-reference,rule-based,当前仅适合作为特殊构件或结构参考，不进入普通单体推荐层,evidence-reviewed-residue,modified-single-residue,CCD只列出一个标准氨基酸母体TYR；修饰或用途状态单独记录，不否定其非标准残基身份。
JMX,"""(2S)-3-[1-[(4-bromophenyl)methyl]indol-3-yl]-2-(methylamino)propanoic acid""","""L-peptide linking""",?,?,"""C19 H19 Br N2 O2""",CN[C@@H](Cc1cn(c2c1cccc2)Cc3ccc(cc3)Br)C(=O)O,43,24,8,4,2,3,True,1,386.063,1,1,2,0,special-reference,rule-based,当前仅适合作为特殊构件或结构参考，不进入普通单体推荐层,evidence-reviewed-residue,single-amino-acid-or-direct-derivative,官方结构为单一连通分子，含氨基酸主链或直接氨基酸衍生骨架，且未显示多残基母体或多肽结构。
K7K,"""2-azanyl-3-[hexyl-[2-(3-oxidanylpyridin-2-yl)pyridin-3-yl]oxy-phosphoryl]oxy-propanal""","""L-peptide linking""",SER,?,"""C19 H26 N3 O6 P""",CCCCCC[P@](=O)(OC[C@@H](C(=O)O)N)Oc1cccnc1c2c(cccn2)O,55,29,,,,2,True,1,423.1559,1,1,2,0,special-reference,rule-based,当前仅适合作为特殊构件或结构参考，不进入普通单体推荐层,evidence-reviewed-residue,modified-single-residue,CCD只列出一个标准氨基酸母体SER；修饰或用途状态单独记录，不否定其非标准残基身份。
KBS,"""2-[(4-methoxyphenyl)sulfanyl]-5-[methyl(propan-2-yl)sulfamoyl]benzoic acid""","""PEPTIDE LINKING""",?,?,"""C18 H21 N O5 S2""",CC(C)N(C)S(=O)(=O)c1ccc(c(c1)C(=O)O)Sc2ccc(cc2)OC,,,,,,,True,1,395.0861,1,1,,0,special-reference,rule-based,当前仅适合作为特殊构件或结构参考，不进入普通单体推荐层,excluded-nonmonomer,no-amino-acid-backbone,官方结构虽被赋予肽链连接类型，但缺少可作为单一氨基酸理解的氨基酸骨架，保留作CCD追溯而不进入非天然氨基酸库。
KFP,"""N~6~-[(2-amino-4-oxo-3,4-dihydropteridin-6-yl)methyl]-D-lysine""","""D-PEPTIDE LINKING""",LYS,?,"""C13 H19 N7 O3""",c1c(nc2c(n1)N=C(NC2=O)N)CNCCCC[C@H](C(=O)O)N,42,23,,,,3,True,1,321.1549,1,1,2,0,special-reference,rule-based,当前仅适合作为特殊构件或结构参考，不进入普通单体推荐层,evidence-reviewed-residue,modified-single-residue,CCD只列出一个标准氨基酸母体LYS；修饰或用途状态单独记录，不否定其非标准残基身份。
KKD,"""N-acetyl-L-aspartic acid""","""L-peptide linking""",ASP,?,"""C6 H9 N O5""",CC(=O)N[C@@H](CC(=O)O)C(=O)O,21,12,,,,1,True,1,175.0481,2,3,2,1,excluded-nonmonomer,rule-based,结构规则或人工审核已给出明确非单体/排除结论,evidence-reviewed-residue,modified-single-residue,CCD只列出一个标准氨基酸母体ASP；修饰或用途状态单独记录，不否定其非标准残基身份。
KLF,"""(2~{S},4~{R})-4-oxidanylpyrrolidine-2-carboxamide""","""L-peptide linking""",PRO,?,"""C5 H10 N2 O2""",C1[C@H](CN[C@@H]1C(=O)N)O,19,9,,,,,True,1,130.0742,0,1,2,1,excluded-nonmonomer,rule-based,结构规则或人工审核已给出明确非单体/排除结论,evidence-reviewed-residue,modified-single-residue,CCD只列出一个标准氨基酸母体PRO；修饰或用途状态单独记录，不否定其非标准残基身份。
KWS,"""{2-[(1R,2R)-1-amino-2-hydroxypropyl]-4-methylidene-5-oxo-4,5-dihydro-1H-imidazol-1-yl}acetic acid""","""L-peptide linking""","""THR, SER, GLY""",?,"""C9 H13 N3 O4""",C[C@H]([C@@H](C1=NC(=C)C(=O)N1CC(=O)O)N)O,29,16,18,4,3,3,True,1,227.0906,1,2,2,1,excluded-nonmonomer,rule-based,结构规则或人工审核已给出明确非单体/排除结论,special-reference,multi-residue-derived,CCD列出多个母体残基（THR / SER / GLY），属于多残基融合、成熟或发色团结构，不作为一个独立非天然氨基酸。
KXV,";{(4Z)-2-[(1R)-1-amino-2-sulfanylethyl]-4-[(4-hydroxy-3-methoxyphenyl)methylidene]-5-oxo-4,5-dihydro-1H-imidazol-1-yl}ac
etic acid
;","""L-peptide linking""",?,?,"""C15 H17 N3 O5 S""",COc1cc(ccc1O)/C=C\2/C(=O)N(C(=N2)[C@H](CS)N)CC(=O)O,41,24,18,4,3,3,True,1,351.0889,1,2,2,1,special-reference,rule-based,当前仅适合作为特殊构件或结构参考，不进入普通单体推荐层,special-reference,amino-acid-derived-special-structure,结构来源于氨基酸，但属于多单元加合物、反应状态、还原端／醛、完整肽模拟构件或羧酸生物电子等排体；不作为普通非天然氨基酸残基。
KY4,"""{(4Z)-2-[(1R)-1-amino-2-sulfanylethyl]-4-[(2,3-difluoro-4-hydroxyphenyl)methylidene]-5-oxo-4,5-dihydro-1H-imidazol-1-yl}acetic acid""","""L-peptide linking""",?,?,"""C14 H13 F2 N3 O4 S""",c1cc(c(c(c1/C=C\2/C(=O)N(C(=N2)[C@H](CS)N)CC(=O)O)F)F)O,37,24,18,4,3,3,True,1,357.0595,1,2,2,1,special-reference,rule-based,当前仅适合作为特殊构件或结构参考，不进入普通单体推荐层,special-reference,amino-acid-derived-special-structure,结构来源于氨基酸，但属于多单元加合物、反应状态、还原端／醛、完整肽模拟构件或羧酸生物电子等排体；不作为普通非天然氨基酸残基。
KY7,"""{(4Z)-2-[(1S)-1-amino-2-sulfanylethyl]-4-[(4-hydroxy-3-nitrophenyl)methylidene]-5-oxo-4,5-dihydro-1H-imidazol-1-yl}acetic acid""","""L-peptide linking""",?,?,"""C14 H14 N4 O6 S""",c1cc(c(cc1/C=C\2/C(=O)N(C(=N2)[C@@H](CS)N)CC(=O)O)[N+](=O)[O-])O,39,25,18,4,3,3,True,1,366.0634,1,2,2,1,special-reference,rule-based,当前仅适合作为特殊构件或结构参考，不进入普通单体推荐层,special-reference,amino-acid-derived-special-structure,结构来源于氨基酸，但属于多单元加合物、反应状态、还原端／醛、完整肽模拟构件或羧酸生物电子等排体；不作为普通非天然氨基酸残基。
KZ1,"""{(4Z)-2-[(1R)-1-amino-2-sulfanylethyl]-5-oxo-4-[(2,3,5-trifluoro-4-hydroxyphenyl)methylidene]-4,5-dihydro-1H-imidazol-1-yl}acetic acid""","""L-peptide linking""","""CYS, TYR, GLY""",?,"""C14 H12 F3 N3 O4 S""",c1c(c(c(c(c1F)O)F)F)/C=C\2/C(=O)N(C(=N2)[C@H](CS)N)CC(=O)O,37,25,18,4,3,3,True,1,375.0501,1,2,2,1,special-reference,rule-based,当前仅适合作为特殊构件或结构参考，不进入普通单体推荐层,special-reference,multi-residue-derived,CCD列出多个母体残基（CYS / TYR / GLY），属于多残基融合、成熟或发色团结构，不作为一个独立非天然氨基酸。
KZ4,"""{(4Z)-2-[(1R)-1-amino-2-sulfanylethyl]-4-[(3-bromo-4-hydroxyphenyl)methylidene]-5-oxo-4,5-dihydro-1H-imidazol-1-yl}acetic acid""","""L-peptide linking""","""CYS, TYR, GLY""",?,"""C14 H14 Br N3 O4 S""",c1cc(c(cc1/C=C\2/C(=O)N(C(=N2)[C@H](CS)N)CC(=O)O)Br)O,37,23,18,4,3,3,True,1,398.9888,1,2,2,1,special-reference,rule-based,当前仅适合作为特殊构件或结构参考，不进入普通单体推荐层,special-reference,multi-residue-derived,CCD列出多个母体残基（CYS / TYR / GLY），属于多残基融合、成熟或发色团结构，不作为一个独立非天然氨基酸。
KZ7,"""{(4Z)-2-[(1R)-1-amino-2-sulfanylethyl]-4-[(3-chloro-4-hydroxyphenyl)methylidene]-5-oxo-4,5-dihydro-1H-imidazol-1-yl}acetic acid""","""L-peptide linking""","""CYS, TYR, GLY""",?,"""C14 H14 Cl N3 O4 S""",c1cc(c(cc1/C=C\2/C(=O)N(C(=N2)[C@H](CS)N)CC(=O)O)Cl)O,37,23,18,4,3,3,True,1,355.0394,1,2,2,1,special-reference,rule-based,当前仅适合作为特殊构件或结构参考，不进入普通单体推荐层,special-reference,multi-residue-derived,CCD列出多个母体残基（CYS / TYR / GLY），属于多残基融合、成熟或发色团结构，不作为一个独立非天然氨基酸。
KZG,";{(4Z)-2-[(1R)-1-amino-2-sulfanylethyl]-4-[(4-hydroxy-3-iodophenyl)methylidene]-5-oxo-4,5-dihydro-1H-imidazol-1-yl}aceti
c acid
;","""L-peptide linking""","""CYS, TYR, GLY""",?,"""C14 H14 I N3 O4 S""",c1cc(c(cc1/C=C\2/C(=O)N(C(=N2)[C@H](CS)N)CC(=O)O)I)O,37,23,18,4,3,3,True,1,446.975,1,2,2,1,special-reference,rule-based,当前仅适合作为特殊构件或结构参考，不进入普通单体推荐层,special-reference,multi-residue-derived,CCD列出多个母体残基（CYS / TYR / GLY），属于多残基融合、成熟或发色团结构，不作为一个独立非天然氨基酸。
KZV,";{(4Z)-2-[(1R)-1-amino-2-sulfanylethyl]-4-[(3-fluoro-4-hydroxyphenyl)methylidene]-5-oxo-4,5-dihydro-1H-imidazol-1-yl}ace
tic acid
;","""L-peptide linking""","""CYS, TYR, GLY""",?,"""C14 H14 F N3 O4 S""",c1cc(c(cc1/C=C\2/C(=O)N(C(=N2)[C@H](CS)N)CC(=O)O)F)O,37,23,18,4,3,3,True,1,339.0689,1,2,2,1,special-reference,rule-based,当前仅适合作为特殊构件或结构参考，不进入普通单体推荐层,special-reference,multi-residue-derived,CCD列出多个母体残基（CYS / TYR / GLY），属于多残基融合、成熟或发色团结构，不作为一个独立非天然氨基酸。
KZY,"""{(4Z)-2-[(1R)-1-amino-2-sulfanylethyl]-4-[(4-hydroxy-3-methylphenyl)methylidene]-5-oxo-4,5-dihydro-1H-imidazol-1-yl}acetic acid""","""L-peptide linking""","""CYS, TYR, GLY""",?,"""C15 H17 N3 O4 S""",Cc1cc(ccc1O)/C=C\2/C(=O)N(C(=N2)[C@H](CS)N)CC(=O)O,40,23,18,4,3,3,True,1,335.094,1,2,2,1,special-reference,rule-based,当前仅适合作为特殊构件或结构参考，不进入普通单体推荐层,special-reference,multi-residue-derived,CCD列出多个母体残基（CYS / TYR / GLY），属于多残基融合、成熟或发色团结构，不作为一个独立非天然氨基酸。
L2A,"""(2S,5S,8S,11S,15E,20S)-20-amino-2-(carboxymethyl)-11,20-dimethyl-5,8-bis(2-methylpropyl)-3,6,9,21-tetraoxo-1,4,7,10-tetraazacyclohenicos-15-ene-11-carboxylic acid""","""L-PEPTIDE LINKING""",?,?,"""C30 H51 N5 O8""",CC(C)C[C@H]1C(=O)N[C@](CCC\C=C\CCC[C@](C(=O)N[C@H](C(=O)N[C@H](C(=O)N1)CC(C)C)CC(=O)O)(C)N)(C)C(=O)O,,,,,,,True,1,609.3738,2,6,2,4,excluded-nonmonomer,rule-based,结构规则或人工审核已给出明确非单体/排除结论,special-reference,amino-acid-derived-special-structure,结构来源于氨基酸，但属于多单元加合物、反应状态、还原端／醛、完整肽模拟构件或羧酸生物电子等排体；不作为普通非天然氨基酸残基。
L4R,"""Fmoc-(R)-2-(7-octenyl)alanine""","""L-peptide linking""",?,?,"""C11 H21 N O2""",C[C@@](CCCCCCC=C)(C(=O)O)N,35,14,8,4,3,3,True,1,199.1572,1,1,2,0,excluded-nonmonomer,rule-based,结构规则或人工审核已给出明确非单体/排除结论,evidence-reviewed-residue,single-amino-acid-or-direct-derivative,官方结构为单一连通分子，含氨基酸主链或直接氨基酸衍生骨架，且未显示多残基母体或多肽结构。
L5P,"""(2S)-2-azanyl-6-[[(3R,4R)-3,4-bis(oxidanyl)-2-oxidanylidene-5-phosphonooxy-pentyl]amino]hexanoic acid""","""L-peptide linking""",LYS,?,"""C11 H23 N2 O9 P""",C(CCNCC(=O)[C@@H]([C@@H](COP(=O)(O)O)O)O)C[C@@H](C(=O)O)N,46,23,,,,2,True,1,358.1141,1,1,2,0,special-reference,rule-based,当前仅适合作为特殊构件或结构参考，不进入普通单体推荐层,evidence-reviewed-residue,modified-single-residue,CCD只列出一个标准氨基酸母体LYS；修饰或用途状态单独记录，不否定其非标准残基身份。
LA2,"""N~6~-[(6R)-6,8-disulfanyloctanoyl]-L-lysine""","""L-peptide linking""",LYS,?,"""C14 H28 N2 O3 S2""",C(CCC(=O)NCCCC[C@@H](C(=O)O)N)C[C@H](CCS)S,49,21,,,,3,True,1,336.1541,1,2,2,1,special-reference,rule-based,当前仅适合作为特殊构件或结构参考，不进入普通单体推荐层,evidence-reviewed-residue,modified-single-residue,CCD只列出一个标准氨基酸母体LYS；修饰或用途状态单独记录，不否定其非标准残基身份。
LAY,N-acetyl-L-leucine,"""L-PEPTIDE LINKING""",LEU,?,"""C8 H15 N O3""",CC(C)C[C@@H](C(=O)O)NC(=O)C,27,12,,,,2,True,1,173.1052,1,2,2,1,excluded-nonmonomer,rule-based,结构规则或人工审核已给出明确非单体/排除结论,evidence-reviewed-residue,modified-single-residue,CCD只列出一个标准氨基酸母体LEU；修饰或用途状态单独记录，不否定其非标准残基身份。
LBY,"""N~6~-(tert-butoxycarbonyl)-L-lysine""","""L-PEPTIDE LINKING""",LYS,?,"""C11 H22 N2 O4""",CC(C)(C)OC(=O)NCCCC[C@@H](C(=O)O)N,39,17,9,4,3,3,True,1,246.158,1,3,2,1,excluded-nonmonomer,rule-based,结构规则或人工审核已给出明确非单体/排除结论,evidence-reviewed-residue,modified-single-residue,CCD只列出一个标准氨基酸母体LYS；修饰或用途状态单独记录，不否定其非标准残基身份。
LEH,"""N-[12-(1H-imidazol-1-yl)dodecanoyl]-L-leucine""","""L-peptide linking""",LEU,?,"""C21 H37 N3 O3""",CC(C)C[C@@H](C(=O)O)NC(=O)CCCCCCCCCCCn1ccnc1,,,,,,,True,1,379.2835,1,2,2,1,special-reference,rule-based,当前仅适合作为特殊构件或结构参考，不进入普通单体推荐层,evidence-reviewed-residue,modified-single-residue,CCD只列出一个标准氨基酸母体LEU；修饰或用途状态单独记录，不否定其非标准残基身份。
LET,"""(Z)-N^6-{3-CARBOXY-1-[(4-CARBOXY-2-OXOBUTOXY)METHYL]PROPYLIDENE}-L-LYSINE""","""L-PEPTIDE LINKING""",LYS,?,"""C16 H26 N2 O8""",C(CC/N=C(\CCC(=O)O)/COCC(=O)CCC(=O)O)C[C@@H](C(=O)O)N,52,26,9,4,3,3,True,1,374.1689,3,3,2,0,special-reference,rule-based,当前仅适合作为特殊构件或结构参考，不进入普通单体推荐层,evidence-reviewed-residue,modified-single-residue,CCD只列出一个标准氨基酸母体LYS；修饰或用途状态单独记录，不否定其非标准残基身份。
LKE,"""2-[(4~{Z})-2-(aminomethyl)-4-[(4-azidophenyl)methylidene]-5-oxidanylidene-imidazol-1-yl]ethanoic acid""","""L-peptide linking""",?,?,"""C13 H12 N6 O3""",c1cc(ccc1/C=C\2/C(=O)N(C(=N2)CN)CC(=O)O)N=[N+]=[N-],34,22,19,4,3,3,True,1,300.0971,1,2,2,1,special-reference,rule-based,当前仅适合作为特殊构件或结构参考，不进入普通单体推荐层,special-reference,amino-acid-derived-special-structure,结构来源于氨基酸，但属于多单元加合物、反应状态、还原端／醛、完整肽模拟构件或羧酸生物电子等排体；不作为普通非天然氨基酸残基。
LLP,"""(2S)-2-amino-6-[[3-hydroxy-2-methyl-5-(phosphonooxymethyl)pyridin-4-yl]methylideneamino]hexanoic acid""","""L-PEPTIDE LINKING""",LYS,?,"""C14 H22 N3 O7 P""",Cc1c(c(c(cn1)COP(=O)(O)O)/C=N/CCCCC(C(=O)O)N)O,47,25,9,4,3,3,True,1,375.1195,1,1,2,0,special-reference,rule-based,当前仅适合作为特殊构件或结构参考，不进入普通单体推荐层,evidence-reviewed-residue,modified-single-residue,CCD只列出一个标准氨基酸母体LYS；修饰或用途状态单独记录，不否定其非标准残基身份。
LLZ,"""N~6~-[(1S)-3-(6-methoxynaphthalen-2-yl)-1-methyl-3-oxopropyl]-L-lysine""","""L-peptide linking""",LYS,?,"""C21 H28 N2 O4""",C[C@@H](CC(=O)c1ccc2cc(ccc2c1)OC)NCCCC[C@@H](C(=O)O)N,,,,,,,True,1,372.2049,1,1,2,0,special-reference,rule-based,当前仅适合作为特殊构件或结构参考，不进入普通单体推荐层,evidence-reviewed-residue,modified-single-residue,CCD只列出一个标准氨基酸母体LYS；修饰或用途状态单独记录，不否定其非标准残基身份。
LNE,N-ethyl-L-leucinamide,"""L-PEPTIDE LINKING""",LEU,?,"""C8 H18 N2 O""",CCNC(=O)[C@H](CC(C)C)N,,,,,,,True,1,158.1419,0,1,2,1,excluded-nonmonomer,rule-based,结构规则或人工审核已给出明确非单体/排除结论,evidence-reviewed-residue,modified-single-residue,CCD只列出一个标准氨基酸母体LEU；修饰或用途状态单独记录，不否定其非标准残基身份。
LNM,N-methyl-L-leucinamide,"""L-PEPTIDE LINKING""",LEU,?,"""C7 H16 N2 O""",CC(C)C[C@@H](C(=O)NC)N,,,,,,,True,1,144.1263,0,1,2,1,excluded-nonmonomer,rule-based,结构规则或人工审核已给出明确非单体/排除结论,evidence-reviewed-residue,modified-single-residue,CCD只列出一个标准氨基酸母体LEU；修饰或用途状态单独记录，不否定其非标准残基身份。
LOU,"""3-[(3aR,4S,7S,7aS)-2-(carboxymethyl)-1,3-dioxooctahydro-4H-4,7-epoxyisoindol-4-yl]-L-alanine""","""L-PEPTIDE LINKING""",?,?,"""C13 H16 N2 O7""",C1C[C@@]2([C@H]3[C@@H]([C@H]1O2)C(=O)N(C3=O)CC(=O)O)C[C@@H](C(=O)O)N,38,22,9,4,3,3,True,1,312.0958,2,4,2,2,special-reference,rule-based,当前仅适合作为特殊构件或结构参考，不进入普通单体推荐层,special-reference,amino-acid-derived-special-structure,结构来源于氨基酸，但属于多单元加合物、反应状态、还原端／醛、完整肽模拟构件或羧酸生物电子等排体；不作为普通非天然氨基酸残基。
LPD,L-PROLINAMIDE,"""L-PEPTIDE LINKING""",PRO,?,"""C5 H10 N2 O""",C1C[C@H](NC1)C(=O)N,18,8,,,,,True,1,114.0793,0,1,2,1,excluded-nonmonomer,rule-based,结构规则或人工审核已给出明确非单体/排除结论,evidence-reviewed-residue,modified-single-residue,CCD只列出一个标准氨基酸母体PRO；修饰或用途状态单独记录，不否定其非标准残基身份。
LPS,"""O-{HYDROXY[((2R)-2-HYDROXY-3-{[(1S)-1-HYDROXYPENTADECYL]OXY}PROPYL)OXY]PHOSPHORYL}-L-SERINE""","""L-PEPTIDE LINKING""",SER,?,"""C21 H44 N O9 P""",CCCCCCCCCCCCCCC(O)OC[C@H](CO[P@](=O)(O)OC[C@@H](C(=O)O)N)O,,,,,,,True,1,485.2754,1,1,2,0,excluded-nonmonomer,rule-based,结构规则或人工审核已给出明确非单体/排除结论,evidence-reviewed-residue,modified-single-residue,CCD只列出一个标准氨基酸母体SER；修饰或用途状态单独记录，不否定其非标准残基身份。
LRK,"""(2S)-2-azanyl-6-[[(2R,4R)-1,4-bis(oxidanyl)-3-oxidanylidene-5-phosphonooxy-pentan-2-yl]amino]hexanoic acid""","""L-peptide linking""",LYS,?,"""C11 H23 N2 O9 P""",C(CCN[C@H](CO)C(=O)[C@@H](COP(=O)(O)O)O)C[C@@H](C(=O)O)N,46,23,,,,,True,1,358.1141,1,1,2,0,special-reference,rule-based,当前仅适合作为特殊构件或结构参考，不进入普通单体推荐层,evidence-reviewed-residue,modified-single-residue,CCD只列出一个标准氨基酸母体LYS；修饰或用途状态单独记录，不否定其非标准残基身份。
LSO,"""(Z)-N~6~-(3-CARBOXY-1-{[(4-CARBOXY-2-OXOBUTYL)SULFONYL]METHYL}PROPYLIDENE)-L-LYSINE""","""L-PEPTIDE LINKING""",LYS,?,"""C16 H26 N2 O9 S""",C(CC/N=C(\CCC(=O)O)/CS(=O)(=O)CC(=O)CCC(=O)O)C[C@@H](C(=O)O)N,54,28,9,4,3,3,True,1,422.1359,3,3,2,0,special-reference,rule-based,当前仅适合作为特殊构件或结构参考，不进入普通单体推荐层,evidence-reviewed-residue,modified-single-residue,CCD只列出一个标准氨基酸母体LYS；修饰或用途状态单独记录，不否定其非标准残基身份。
LTA,"""4,8-DIAMINO-3-HYDROXY-OCTANOIC ACID ETHYL ESTER""","""L-PEPTIDE LINKING""",?,?,"""C10 H22 N2 O3""",CCOC(=O)C[C@@H]([C@H](CCCCN)N)O,37,15,3,,3,1,True,1,218.163,0,1,4,0,excluded-nonmonomer,rule-based,结构规则或人工审核已给出明确非单体/排除结论,evidence-reviewed-residue,single-amino-acid-or-direct-derivative,官方结构为单一连通分子，含氨基酸主链或直接氨基酸衍生骨架，且未显示多残基母体或多肽结构。
LTU,"""2-Amino-3-hydroxy-3-[1-[2-(oxiran-2-yl)propan-2-yl]indol-3-yl]propanoic acid""","""L-peptide linking""",TRP,?,"""C16 H20 N2 O4""",CC(C)([C@H]1CO1)n2cc(c3c2cccc3)[C@H]([C@@H](C(=O)O)N)O,42,22,9,4,3,3,True,1,304.1423,1,1,2,0,special-reference,rule-based,当前仅适合作为特殊构件或结构参考，不进入普通单体推荐层,evidence-reviewed-residue,modified-single-residue,CCD只列出一个标准氨基酸母体TRP；修饰或用途状态单独记录，不否定其非标准残基身份。
LYF,"""(2E,4S)-2-{[(5S)-5-amino-5-carboxypentyl]imino}-4-hydroxyheptanedioic acid""","""L-PEPTIDE LINKING""",LYS,?,"""C13 H22 N2 O7""",C(CC/N=C(\C[C@H](CCC(=O)O)O)/C(=O)O)C[C@@H](C(=O)O)N,44,22,9,4,3,3,True,1,318.1427,3,3,2,0,special-reference,rule-based,当前仅适合作为特殊构件或结构参考，不进入普通单体推荐层,evidence-reviewed-residue,modified-single-residue,CCD只列出一个标准氨基酸母体LYS；修饰或用途状态单独记录，不否定其非标准残基身份。
LYN,"""2,6-DIAMINO-HEXANOIC ACID AMIDE""","""L-PEPTIDE LINKING""",LYS,?,"""C6 H16 N3 O""",C(CC[NH3+])C[C@@H](C(=O)N)N,26,10,,,,1,True,1,146.1288,0,1,2,1,excluded-nonmonomer,rule-based,结构规则或人工审核已给出明确非单体/排除结论,evidence-reviewed-residue,modified-single-residue,CCD只列出一个标准氨基酸母体LYS；修饰或用途状态单独记录，不否定其非标准残基身份。
LYR,"""N~6~-[(2Z,4E,6E,8E)-3,7-DIMETHYL-9-(2,6,6-TRIMETHYLCYCLOHEX-1-EN-1-YL)NONA-2,4,6,8-TETRAENYL]LYSINE""","""L-PEPTIDE LINKING""",LYS,?,"""C26 H42 N2 O2""",CC1=C(C(CCC1)(C)C)C=C/C(=C/C=C\C(=C\CNCCCC[C@@H](C(=O)O)N)\C)/C,72,30,,,,3,True,1,414.3246,1,1,2,0,special-reference,rule-based,当前仅适合作为特殊构件或结构参考，不进入普通单体推荐层,evidence-reviewed-residue,modified-single-residue,CCD只列出一个标准氨基酸母体LYS；修饰或用途状态单独记录，不否定其非标准残基身份。
LYV,"""O-phosphono-L-seryl-N-[(3S)-3-amino-3-carboxypropyl]glycinamide""","""L-PEPTIDE LINKING""",?,?,"""C9 H19 N4 O8 P""",C(CNC(=O)CNC(=O)[C@H](COP(=O)(O)O)N)[C@@H](C(=O)O)N,41,22,9,4,3,3,True,1,342.0941,1,3,2,2,special-reference,rule-based,当前仅适合作为特殊构件或结构参考，不进入普通单体推荐层,special-reference,amino-acid-derived-special-structure,结构来源于氨基酸，但属于多单元加合物、反应状态、还原端／醛、完整肽模拟构件或羧酸生物电子等排体；不作为普通非天然氨基酸残基。
LYX,";N''-(2-COENZYME A)-PROPANOYL-LYSINE
;","""L-PEPTIDE LINKING""",LYS,?,"""C30 H52 N9 O19 P3 S""",C[C@@H](C(=O)NCCCC[C@@H](C(=O)O)N)SCCNC(=O)CCNC(=O)[C@@H](C(C)(C)CO[P@@](=O)(O)O[P@@](=O)(O)OC[C@@H]1[C@H]([C@H]([C@@H](O1)n2cnc3c2ncnc3N)O)OP(=O)(O)O)O,114,62,,,,3,True,1,967.2313,1,4,2,3,excluded-nonmonomer,rule-based,结构规则或人工审核已给出明确非单体/排除结论,evidence-reviewed-residue,modified-single-residue,CCD只列出一个标准氨基酸母体LYS；修饰或用途状态单独记录，不否定其非标准残基身份。
M3V,"""{(4Z)-2-[(1R,2R)-1-amino-2-hydroxypropyl]-4-[(4-cyanophenyl)methylidene]-5-oxo-4,5-dihydro-1H-imidazol-1-yl}acetic acid""","""L-peptide linking""","""THR, TYR, GLY""",?,"""C16 H16 N4 O4""",C[C@H]([C@@H](C1=N/C(=C\c2ccc(cc2)C#N)/C(=O)N1CC(=O)O)N)O,40,24,18,4,3,3,True,1,328.1172,1,2,2,1,special-reference,rule-based,当前仅适合作为特殊构件或结构参考，不进入普通单体推荐层,special-reference,multi-residue-derived,CCD列出多个母体残基（THR / TYR / GLY），属于多残基融合、成熟或发色团结构，不作为一个独立非天然氨基酸。
MBQ,"""2-HYDROXY-5-({1-[(4-METHYLPHENOXY)METHYL]-3-OXOPROP-1-ENYL}AMINO)-L-TYROSINE""","""L-PEPTIDE LINKING""",TYR,?,"""C20 H22 N2 O6""",Cc1ccc(cc1)OC/C(=C\C=O)/Nc2cc(c(cc2O)O)C[C@@H](C(=O)O)N,50,28,9,4,3,3,True,1,386.1478,1,1,2,0,special-reference,rule-based,当前仅适合作为特殊构件或结构参考，不进入普通单体推荐层,evidence-reviewed-residue,modified-single-residue,CCD只列出一个标准氨基酸母体TYR；修饰或用途状态单独记录，不否定其非标准残基身份。
MD3,"""N-(carboxycarbonyl)-S-(naphthalen-2-ylmethyl)-L-cysteine""","""L-peptide linking""",CYS,?,"""C16 H15 N O5 S""",c1ccc2cc(ccc2c1)CSC[C@@H](C(=O)O)NC(=O)C(=O)O,,,,,,,True,1,333.0671,2,3,2,1,excluded-nonmonomer,rule-based,结构规则或人工审核已给出明确非单体/排除结论,evidence-reviewed-residue,modified-single-residue,CCD只列出一个标准氨基酸母体CYS；修饰或用途状态单独记录，不否定其非标准残基身份。
MD5,"""N-(carboxycarbonyl)-S-(3-nitrobenzyl)-L-cysteine""","""L-peptide linking""",CYS,?,"""C12 H12 N2 O7 S""",c1cc(cc(c1)[N+](=O)[O-])CSC[C@@H](C(=O)O)NC(=O)C(=O)O,,,,,,,True,1,328.0365,2,3,2,1,excluded-nonmonomer,rule-based,结构规则或人工审核已给出明确非单体/排除结论,evidence-reviewed-residue,modified-single-residue,CCD只列出一个标准氨基酸母体CYS；修饰或用途状态单独记录，不否定其非标准残基身份。
MDF,";META, META'-DI-HYDROXY-PHENYLALANINE
;","""L-PEPTIDE LINKING""",TYR,?,"""C9 H11 N O4""",COC(=O)[C@H](c1cc(cc(c1)O)O)N,25,14,8,3,3,2,True,1,197.0688,0,1,2,0,excluded-nonmonomer,rule-based,结构规则或人工审核已给出明确非单体/排除结论,evidence-reviewed-residue,modified-single-residue,CCD只列出一个标准氨基酸母体TYR；修饰或用途状态单独记录，不否定其非标准残基身份。
MDO,"""{2-[(1S)-1-aminoethyl]-4-methylidene-5-oxo-4,5-dihydro-1H-imidazol-1-yl}acetic acid""","""L-PEPTIDE LINKING""","""ALA, SER, GLY""",?,"""C8 H11 N3 O3""",C[C@@H](C1=NC(=C)C(=O)N1CC(=O)O)N,25,14,18,4,3,3,True,1,197.08,1,2,2,1,excluded-nonmonomer,rule-based,结构规则或人工审核已给出明确非单体/排除结论,special-reference,multi-residue-derived,CCD列出多个母体残基（ALA / SER / GLY），属于多残基融合、成熟或发色团结构，不作为一个独立非天然氨基酸。
MEU,O-METHYL-GLYCINE,"""PEPTIDE LINKING""",GLY,?,"""C3 H7 N O2""",COC(=O)CN,13,6,9,3,3,1,True,1,89.0477,0,1,2,0,excluded-nonmonomer,rule-based,结构规则或人工审核已给出明确非单体/排除结论,evidence-reviewed-residue,modified-single-residue,CCD只列出一个标准氨基酸母体GLY；修饰或用途状态单独记录，不否定其非标准残基身份。
MFC,"""5-[1-(3-FLUORO-4-HYDROXY-PHENYL)-METH-(Z)-YLIDENE]-3,5-DIHYDRO-IMIDAZOL-4-ONE""","""L-PEPTIDE LINKING""","""GLY, TYR, GLY""",?,"""C15 H16 F N3 O5""",C[C@H]([C@@H](C1=N/C(=C\c2ccc(c(c2)F)O)/C(=O)N1CC(=O)O)N)O,40,24,18,4,3,3,True,1,337.1074,1,2,2,1,special-reference,rule-based,当前仅适合作为特殊构件或结构参考，不进入普通单体推荐层,special-reference,multi-residue-derived,CCD列出多个母体残基（GLY / TYR / GLY），属于多残基融合、成熟或发色团结构，不作为一个独立非天然氨基酸。
MFV,"""{(4Z)-2-[(1R,2R)-1-amino-2-hydroxypropyl]-4-[(4-hydroxy-3-methylphenyl)methylidene]-5-oxo-4,5-dihydro-1H-imidazol-1-yl}acetic acid""","""L-peptide linking""","""THR, TYR, GLY """,?,"""C16 H19 N3 O5""",Cc1cc(ccc1O)/C=C\2/C(=O)N(C(=N2)[C@H]([C@@H](C)O)N)CC(=O)O,43,24,18,4,3,3,True,1,333.1325,1,2,2,1,excluded-nonmonomer,rule-based,结构规则或人工审核已给出明确非单体/排除结论,special-reference,multi-residue-derived,CCD列出多个母体残基（THR / TYR / GLY），属于多残基融合、成熟或发色团结构，不作为一个独立非天然氨基酸。
MHY,"""{(4Z)-2-[(1R,2R)-1-amino-2-hydroxypropyl]-4-[(3,5-difluoro-4-hydroxyphenyl)methylidene]-5-oxo-4,5-dihydro-1H-imidazol-1-yl}acetic acid""","""L-peptide linking""","Thr,Tyr,Gly",?,"""C15 H15 F2 N3 O5""",C[C@H]([C@@H](C1=N/C(=C\c2cc(c(c(c2)F)O)F)/C(=O)N1CC(=O)O)N)O,40,25,18,4,3,3,True,1,355.098,1,2,2,1,special-reference,rule-based,当前仅适合作为特殊构件或结构参考，不进入普通单体推荐层,special-reference,multi-residue-derived,CCD列出多个母体残基（THR / TYR / GLY），属于多残基融合、成熟或发色团结构，不作为一个独立非天然氨基酸。
MIR,Monoethylphosphorylserine,"""L-PEPTIDE LINKING""",SER,?,"""C5 H12 N O6 P""",CCO[P@](=O)(O)OC[C@@H](C(=O)O)N,25,13,,,,,True,1,213.0402,1,1,2,0,special-reference,rule-based,当前仅适合作为特殊构件或结构参考，不进入普通单体推荐层,evidence-reviewed-residue,modified-single-residue,CCD只列出一个标准氨基酸母体SER；修饰或用途状态单独记录，不否定其非标准残基身份。
MIS,MONOISOPROPYLPHOSPHORYLSERINE,"""L-PEPTIDE LINKING""",SER,?,"""C6 H14 N O6 P""",CC(C)O[P@](=O)(O)OC[C@@H](C(=O)O)N,28,14,,,,3,True,1,227.0559,1,1,2,0,special-reference,rule-based,当前仅适合作为特殊构件或结构参考，不进入普通单体推荐层,evidence-reviewed-residue,modified-single-residue,CCD只列出一个标准氨基酸母体SER；修饰或用途状态单独记录，不否定其非标准残基身份。
MJ1,"""{(4Z)-2-[(1R,2R)-1-amino-2-hydroxypropyl]-4-[(2,3-difluoro-4-hydroxyphenyl)methylidene]-5-oxo-4,5-dihydro-1H-imidazol-1-yl}acetic acid""","""L-peptide linking""","Thr,Tyr,Gly",?,"""C15 H15 F2 N3 O5""",C[C@H]([C@@H](C1=N/C(=C\c2ccc(c(c2F)F)O)/C(=O)N1CC(=O)O)N)O,40,25,18,4,3,3,True,1,355.098,1,2,2,1,special-reference,rule-based,当前仅适合作为特殊构件或结构参考，不进入普通单体推荐层,special-reference,multi-residue-derived,CCD列出多个母体残基（THR / TYR / GLY），属于多残基融合、成熟或发色团结构，不作为一个独立非天然氨基酸。
MOD,"""L-METHIONYL ADENYLATE""","""L-PEPTIDE LINKING""",?,?,"""C15 H27 N6 O7 P S""",CSCC[C@@H](CO[P@](=O)(O)OC[C@@H]1[C@H]([C@H]([C@@H](O1)N2C=NC3=C(NC=NC32)N)O)O)N,,,,,,,True,1,466.14,0,0,,0,excluded-nonmonomer,rule-based,结构规则或人工审核已给出明确非单体/排除结论,special-reference,amino-acid-derived-special-structure,结构来源于氨基酸，但属于多单元加合物、反应状态、还原端／醛、完整肽模拟构件或羧酸生物电子等排体；不作为普通非天然氨基酸残基。
MPH,"""(1-AMINO-3-METHYLSULFANYL-PROPYL)-PHOSPHONIC ACID""","""L-PEPTIDE LINKING""",?,?,"""C4 H12 N O3 P S""",CSCC[C@H](N)P(=O)(O)O,,,,,,,True,1,185.0276,0,0,,0,excluded-nonmonomer,rule-based,结构规则或人工审核已给出明确非单体/排除结论,special-reference,amino-acid-derived-special-structure,结构来源于氨基酸，但属于多单元加合物、反应状态、还原端／醛、完整肽模拟构件或羧酸生物电子等排体；不作为普通非天然氨基酸残基。
MPJ,"""(1-AMINO-3-METHYLSULFANYL-PROPYL)-PHOSPHINIC ACID""","""L-PEPTIDE LINKING""",?,?,"""C4 H12 N O2 P S""",CSCC[C@H](N)[P@H](=O)O,,,,,,,True,1,169.0326,0,0,,0,excluded-nonmonomer,rule-based,结构规则或人工审核已给出明确非单体/排除结论,special-reference,amino-acid-derived-special-structure,结构来源于氨基酸，但属于多单元加合物、反应状态、还原端／醛、完整肽模拟构件或羧酸生物电子等排体；不作为普通非天然氨基酸残基。
MS6,"""(2S)-2-amino-4-(methylsulfanyl)butane-1-thiol""","""L-peptide linking""",MET,?,"""C5 H11 N O S2""",CSCC[C@@H](C(=S)O)N,20,9,9,4,3,3,True,1,165.0282,0,0,,0,excluded-nonmonomer,rule-based,结构规则或人工审核已给出明确非单体/排除结论,evidence-reviewed-residue,modified-single-residue,CCD只列出一个标准氨基酸母体MET；修饰或用途状态单独记录，不否定其非标准残基身份。
MSP,"""5'-O-[(L-METHIONYL)-SULPHAMOYL]ADENOSINE""","""L-PEPTIDE LINKING""",?,?,"""C15 H25 N7 O7 S2""",CSCC[C@@H](C(=O)NS(=O)(=O)OC[C@@H]1[C@H]([C@H]([C@@H](O1)N2C=NC3=C(NC=NC32)N)O)O)N,,,,,,,True,1,479.1257,0,1,2,1,excluded-nonmonomer,rule-based,结构规则或人工审核已给出明确非单体/排除结论,special-reference,amino-acid-derived-special-structure,结构来源于氨基酸，但属于多单元加合物、反应状态、还原端／醛、完整肽模拟构件或羧酸生物电子等排体；不作为普通非天然氨基酸残基。
MYK,N~6~-tetradecanoyl-L-lysine,"""L-peptide linking""",LYS,?,"""C20 H40 N2 O3""",CCCCCCCCCCCCCC(=O)NCCCC[C@@H](C(=O)O)N,65,25,,,,3,True,1,356.3039,1,2,2,1,special-reference,rule-based,当前仅适合作为特殊构件或结构参考，不进入普通单体推荐层,evidence-reviewed-residue,modified-single-residue,CCD只列出一个标准氨基酸母体LYS；修饰或用途状态单独记录，不否定其非标准残基身份。
N8P,N-ACETYL-D-PROLINE,"""D-PEPTIDE LINKING""",?,"""ACY DPR""","""C7 H11 N O3""",CC(=O)N1CCC[C@@H]1C(=O)O,,,,,,,True,1,157.0739,1,2,2,1,excluded-nonmonomer,rule-based,结构规则或人工审核已给出明确非单体/排除结论,evidence-reviewed-residue,single-amino-acid-or-direct-derivative,官方结构为单一连通分子，含氨基酸主链或直接氨基酸衍生骨架，且未显示多残基母体或多肽结构。
NB8,"""5'-O-[(R)-{[(2S)-2-amino-4-(hydroxyamino)-4-oxobutanoyl]oxy}(hydroxy)phosphoryl]adenosine""","""L-PEPTIDE LINKING""",?,?,"""C14 H20 N7 O10 P""",c1nc(c2c(n1)n(cn2)[C@H]3[C@@H]([C@@H]([C@H](O3)CO[P@@](=O)(O)OC(=O)[C@H](CC(=O)NO)N)O)O)N,,,,,,,True,1,477.1009,0,2,2,1,excluded-nonmonomer,rule-based,结构规则或人工审核已给出明确非单体/排除结论,special-reference,amino-acid-derived-special-structure,结构来源于氨基酸，但属于多单元加合物、反应状态、还原端／醛、完整肽模拟构件或羧酸生物电子等排体；不作为普通非天然氨基酸残基。
NBQ,"""2-HYDROXY-5-({1-[(2-NAPHTHYLOXY)METHYL]-3-OXOPROP-1-ENYL}AMINO)TYROSINE""","""L-PEPTIDE LINKING""",TYR,?,"""C23 H22 N2 O6""",c1ccc2cc(ccc2c1)OC/C(=C\C=O)/Nc3cc(c(cc3O)O)C[C@@H](C(=O)O)N,53,31,9,4,3,3,True,1,422.1478,1,1,2,0,special-reference,rule-based,当前仅适合作为特殊构件或结构参考，不进入普通单体推荐层,evidence-reviewed-residue,modified-single-residue,CCD只列出一个标准氨基酸母体TYR；修饰或用途状态单独记录，不否定其非标准残基身份。
NC1,"""NITROCEFIN ACYL-SERINE""","""L-PEPTIDE LINKING""",SER,?,"""C24 H21 N5 O11 S2""",c1cc(sc1)CC(=O)N[C@@H]([C@@H]2NC(=C(CS2)\C=C\c3ccc(cc3[N+](=O)[O-])[N+](=O)[O-])C(=O)[O-])C(=O)OC[C@@H](C(=O)[O-])N,63,42,,,,2,True,1,619.069,2,4,2,1,excluded-nonmonomer,rule-based,结构规则或人工审核已给出明确非单体/排除结论,evidence-reviewed-residue,modified-single-residue,CCD只列出一个标准氨基酸母体SER；修饰或用途状态单独记录，不否定其非标准残基身份。
NCB,N-CARBAMOYL-ALANINE,"""L-PEPTIDE LINKING""",ALA,?,"""C4 H8 N2 O3""",C[C@H](C(=O)O)NC(=O)N,17,9,8,4,2,2,True,1,132.0535,1,3,2,2,excluded-nonmonomer,rule-based,结构规则或人工审核已给出明确非单体/排除结论,evidence-reviewed-residue,modified-single-residue,CCD只列出一个标准氨基酸母体ALA；修饰或用途状态单独记录，不否定其非标准残基身份。
NDF,"""N-(CARBOXYCARBONYL)-D-PHENYLALANINE""","""D-PEPTIDE LINKING""",?,?,"""C11 H11 N O5""",c1ccc(cc1)C[C@H](C(=O)O)NC(=O)C(=O)O,,,,,,,True,1,237.0637,2,3,2,1,excluded-nonmonomer,rule-based,结构规则或人工审核已给出明确非单体/排除结论,evidence-reviewed-residue,single-amino-acid-or-direct-derivative,官方结构为单一连通分子，含氨基酸主链或直接氨基酸衍生骨架，且未显示多残基母体或多肽结构。
NEP,N1-PHOSPHONOHISTIDINE,"""L-PEPTIDE LINKING""",HIS,?,"""C6 H10 N3 O5 P""",c1c(ncn1P(=O)(O)O)C[C@@H](C(=O)O)N,25,15,9,4,3,3,True,1,235.0358,1,1,2,0,special-reference,rule-based,当前仅适合作为特殊构件或结构参考，不进入普通单体推荐层,evidence-reviewed-residue,modified-single-residue,CCD只列出一个标准氨基酸母体HIS；修饰或用途状态单独记录，不否定其非标准残基身份。
NFA,"""PHENYLALANINE AMIDE""","""L-PEPTIDE LINKING""",PHE,?,"""C9 H12 N2 O""",c1ccc(cc1)C[C@@H](C(=O)N)N,24,12,7,1,3,1,True,1,164.095,0,1,2,1,excluded-nonmonomer,rule-based,结构规则或人工审核已给出明确非单体/排除结论,evidence-reviewed-residue,modified-single-residue,CCD只列出一个标准氨基酸母体PHE；修饰或用途状态单独记录，不否定其非标准残基身份。
NKS,"""N-(3-{[2-(4-chlorophenyl)-5-methyl-1,3-oxazol-4-yl]methoxy}benzyl)-N-[(4-methylphenoxy)carbonyl]glycine""","""L-PEPTIDE LINKING""",?,?,"""C28 H25 Cl N2 O6""",Cc1ccc(cc1)OC(=O)N(Cc2cccc(c2)OCc3c(oc(n3)c4ccc(cc4)Cl)C)CC(=O)O,,,,,,,True,1,520.1401,1,3,2,1,excluded-nonmonomer,rule-based,结构规则或人工审核已给出明确非单体/排除结论,evidence-reviewed-residue,single-amino-acid-or-direct-derivative,官方结构为单一连通分子，含氨基酸主链或直接氨基酸衍生骨架，且未显示多残基母体或多肽结构。
NLN,"""NORLEUCINE AMIDE""","""L-PEPTIDE LINKING""",LEU,?,"""C6 H14 N2 O""",CCCC[C@@H](C(=O)N)N,23,9,,,,1,True,1,130.1106,0,1,2,1,excluded-nonmonomer,rule-based,结构规则或人工审核已给出明确非单体/排除结论,evidence-reviewed-residue,modified-single-residue,CCD只列出一个标准氨基酸母体LEU；修饰或用途状态单独记录，不否定其非标准残基身份。
NLP,"""(1-AMINO-PENTYL)-PHOSPHONIC ACID""","""L-PEPTIDE LINKING""",LEU,?,"""C5 H14 N O3 P""",CCCC[C@H](N)P(=O)(O)O,,,,,,,True,1,167.0711,0,0,,0,excluded-nonmonomer,rule-based,结构规则或人工审核已给出明确非单体/排除结论,evidence-reviewed-residue,modified-single-residue,CCD只列出一个标准氨基酸母体LEU；修饰或用途状态单独记录，不否定其非标准残基身份。
NLW,L-leucinamide,"""L-peptide linking""",LEU,?,"""C6 H14 N2 O""",CC(C)C[C@@H](C(=O)N)N,23,9,,,,1,True,1,130.1106,0,1,2,1,excluded-nonmonomer,rule-based,结构规则或人工审核已给出明确非单体/排除结论,evidence-reviewed-residue,modified-single-residue,CCD只列出一个标准氨基酸母体LEU；修饰或用途状态单独记录，不否定其非标准残基身份。
NPH,"CYSTEINE-METHYLENE-CARBAMOYL-1,10-PHENANTHROLINE","""L-PEPTIDE LINKING""",CYS,?,"""C17 H16 N4 O3 S""",c1cc2cc(c3cccnc3c2nc1)NC(=O)CSC[C@@H](C(=O)O)N,41,25,,,,3,True,1,356.0943,1,2,2,1,special-reference,rule-based,当前仅适合作为特殊构件或结构参考，不进入普通单体推荐层,evidence-reviewed-residue,modified-single-residue,CCD只列出一个标准氨基酸母体CYS；修饰或用途状态单独记录，不否定其非标准残基身份。
NRP,"""{4-[(4-hydroxyphenyl)methylidene]-2-[(1E)-3-methylbutanimidoyl]-5-oxo-4,5-dihydro-1H-imidazol-1-yl}acetic acid""","""L-peptide linking""","LEU,TYR,GLY",?,"""C17 H19 N3 O4""",[H]/N=C(\CC(C)C)/C1=NC(=Cc2ccc(cc2)O)C(=O)N1CC(=O)O,43,24,16,4,2,3,True,1,329.1376,1,2,2,1,special-reference,rule-based,当前仅适合作为特殊构件或结构参考，不进入普通单体推荐层,special-reference,multi-residue-derived,CCD列出多个母体残基（LEU / TYR / GLY），属于多残基融合、成熟或发色团结构，不作为一个独立非天然氨基酸。
NRQ,"""{(4Z)-4-(4-hydroxybenzylidene)-2-[3-(methylthio)propanimidoyl]-5-oxo-4,5-dihydro-1H-imidazol-1-yl}acetic acid""","""L-PEPTIDE LINKING""","MET,TYR,GLY",?,"""C16 H17 N3 O4 S""",[H]/N=C(/CCSC)\C1=N/C(=C\c2ccc(cc2)O)/C(=O)N1CC(=O)O,41,24,16,4,2,3,True,1,347.094,1,2,2,1,special-reference,rule-based,当前仅适合作为特殊构件或结构参考，不进入普通单体推荐层,special-reference,multi-residue-derived,CCD列出多个母体残基（MET / TYR / GLY），属于多残基融合、成熟或发色团结构，不作为一个独立非天然氨基酸。
NSK,"""N-SUCCINYL LYSINE""","""L-PEPTIDE LINKING""",?,?,"""C10 H18 N2 O5""",C(CCN)C[C@@H](C(=O)O)NC(=O)CCC(=O)O,,,,,,,True,1,246.1216,2,3,2,1,excluded-nonmonomer,rule-based,结构规则或人工审核已给出明确非单体/排除结论,evidence-reviewed-residue,single-amino-acid-or-direct-derivative,官方结构为单一连通分子，含氨基酸主链或直接氨基酸衍生骨架，且未显示多残基母体或多肽结构。
NYG,"""[(4Z)-2-[(1S)-1,3-DIAMINO-3-OXOPROPYL]-4-(4-HYDROXYBENZYLIDENE)-5-OXO-4,5-DIHYDRO-1H-IMIDAZOL-1-YL]ACETIC ACID""","""L-PEPTIDE LINKING""","ASN,TYR,GLY",?,"""C15 H16 N4 O5""",c1cc(ccc1\C=C/2\C(=O)N(C(=N2)[C@H](CC(=O)N)N)CC(=O)O)O,40,24,18,4,3,3,True,1,332.1121,1,3,2,2,special-reference,rule-based,当前仅适合作为特殊构件或结构参考，不进入普通单体推荐层,special-reference,multi-residue-derived,CCD列出多个母体残基（ASN / TYR / GLY），属于多残基融合、成熟或发色团结构，不作为一个独立非天然氨基酸。
NZH,"""(2S)-2-AMINO-3-[1-(1H-TETRAAZOL-5-YL)-1H-IMIDAZOL-4-YL]PROPANAL""","""L-PEPTIDE LINKING""",HIS,?,"""C7 H9 N7 O""",c1c(ncn1c2[nH]nnn2)C[C@@H](C=O)N,24,15,,,,1,True,1,207.0869,0,0,,0,excluded-nonmonomer,rule-based,结构规则或人工审核已给出明确非单体/排除结论,evidence-reviewed-residue,modified-single-residue,CCD只列出一个标准氨基酸母体HIS；修饰或用途状态单独记录，不否定其非标准残基身份。
O12,N~5~-dodecanoyl-L-ornithine,"""L-peptide linking""",?,?,"""C17 H34 N2 O3""",CCCCCCCCCCCC(=O)NCCC[C@@H](C(=O)O)N,56,22,,,,3,True,1,314.2569,1,2,2,1,special-reference,rule-based,当前仅适合作为特殊构件或结构参考，不进入普通单体推荐层,evidence-reviewed-residue,single-amino-acid-or-direct-derivative,官方结构为单一连通分子，含氨基酸主链或直接氨基酸衍生骨架，且未显示多残基母体或多肽结构。
O2E,"""(2~{S},3~{R})-2-[(2~{S},3~{R})-1-[(2~{R})-2-azanyl-3-oxidanylidene-propoxy]-3-oxidanyl-1-oxidanylidene-butan-2-yl]-4-[(3~{S},5~{S})-5-[(3-carboxyphenyl)carbamoyl]pyrrolidin-3-yl]sulfanyl-3-methyl-3,4-dihydro-2~{H}-pyrrole-5-carboxylic acid""","""L-peptide linking""",SER,?,"""C25 H32 N4 O9 S""",C[C@@H]1[C@@H](N=C(C1S[C@H]2C[C@H](NC2)C(=O)Nc3cccc(c3)C(=O)O)C(=O)O)[C@@H]([C@@H](C)O)C(=O)OC[C@H](C=O)N,71,39,,,,,True,1,564.189,2,4,2,1,excluded-nonmonomer,rule-based,结构规则或人工审核已给出明确非单体/排除结论,evidence-reviewed-residue,modified-single-residue,CCD只列出一个标准氨基酸母体SER；修饰或用途状态单独记录，不否定其非标准残基身份。
O6H,"2,4,6-trimethyl-L-phenylalanine","""L-peptide linking""",TRP,?,"""C12 H17 N O2""",Cc1cc(c(c(c1)C)C[C@@H](C(=O)O)N)C,32,15,9,4,3,3,True,1,207.1259,1,1,2,0,special-reference,rule-based,当前仅适合作为特殊构件或结构参考，不进入普通单体推荐层,evidence-reviewed-residue,modified-single-residue,CCD只列出一个标准氨基酸母体TRP；修饰或用途状态单独记录，不否定其非标准残基身份。
OBS,"""(Z)-N^6-[(4S,5R)-5-(2-CARBOXYETHYL)-4-(CARBOXYMETHYL)-1-HYDROXYDIHYDRO-2H-THIOPYRANIUM-3(4H)-YLIDENE]-L-LYSINE""","""L-PEPTIDE LINKING""",LYS,?,"""C16 H26 N2 O7 S""",C1[C@H]([C@H](/C(=N\CCCC[C@@H](C(=O)O)N)/C[S@]1=O)CC(=O)O)CCC(=O)O,52,26,9,4,3,3,True,1,390.1461,3,3,2,0,special-reference,rule-based,当前仅适合作为特殊构件或结构参考，不进入普通单体推荐层,evidence-reviewed-residue,modified-single-residue,CCD只列出一个标准氨基酸母体LYS；修饰或用途状态单独记录，不否定其非标准残基身份。
OFM,";[(4Z)-2-{(2R,5R)-2-[(1S)-1-amino-2-phenylethyl]-2-hydroxy-5-methyl-2,5-dihydro-1,3-oxazol-4-yl}-4-(4-hydroxybenzylidene
)-5-oxo-4,5-dihydro-1H-imidazol-1-yl]acetic acid
;","""L-PEPTIDE LINKING""","""PHE, GLY, TYR, GLY""",?,"""C24 H24 N4 O6""",C[C@@H]1C(=N[C@](O1)([C@H](Cc2ccccc2)N)O)C3=N/C(=C\c4ccc(cc4)O)/C(=O)N3CC(=O)O,58,34,23,4,3,3,True,1,464.1696,1,2,2,1,excluded-nonmonomer,rule-based,结构规则或人工审核已给出明确非单体/排除结论,special-reference,multi-residue-derived,CCD列出多个母体残基（PHE / GLY / TYR / GLY），属于多残基融合、成熟或发色团结构，不作为一个独立非天然氨基酸。
OGZ,"""[3-(trifluoromethyl)phenyl]methanamine""","""L-peptide linking""",?,?,"""C8 H8 F3 N""",c1cc(cc(c1)C(F)(F)F)CN,20,12,3,,3,1,True,1,175.0609,0,0,,0,excluded-nonmonomer,rule-based,结构规则或人工审核已给出明确非单体/排除结论,excluded-nonmonomer,no-amino-acid-backbone,官方结构虽被赋予肽链连接类型，但缺少可作为单一氨基酸理解的氨基酸骨架，保留作CCD追溯而不进入非天然氨基酸库。
OHD,"""{(4Z)-2-[(1S)-1-aminoethyl]-4-[(3-chloro-4-hydroxyphenyl)methylidene]-5-oxo-4,5-dihydro-1H-imidazol-1-yl}acetic acid""","""L-peptide linking""","ALA,TYR,GLY",?,"""C14 H14 Cl N3 O4""",C[C@@H](C1=N/C(=C\c2ccc(c(c2)Cl)O)/C(=O)N1CC(=O)O)N,36,22,18,4,3,3,True,1,323.0673,1,2,2,1,excluded-nonmonomer,rule-based,结构规则或人工审核已给出明确非单体/排除结论,special-reference,multi-residue-derived,CCD列出多个母体残基（ALA / TYR / GLY），属于多残基融合、成熟或发色团结构，不作为一个独立非天然氨基酸。
OIM,"""[(4Z)-2-{(2R,5R)-2-[(1S,2S)-1-amino-2-methylbutyl]-2-hydroxy-5-methyl-2,5-dihydro-1,3-oxazol-4-yl}-4-(4-hydroxybenzylidene)-5-oxo-4,5-dihydro-1H-imidazol-1-yl]acetic acid""","""L-PEPTIDE LINKING""","""ILE, GLY, TYR, GLY""",?,"""C21 H26 N4 O6""",CC[C@H](C)[C@@H]([C@@]1(N=C([C@H](O1)C)C2=N/C(=C\c3ccc(cc3)O)/C(=O)N2CC(=O)O)O)N,57,31,23,4,3,3,True,1,430.1852,1,2,2,1,excluded-nonmonomer,rule-based,结构规则或人工审核已给出明确非单体/排除结论,special-reference,multi-residue-derived,CCD列出多个母体残基（ILE / GLY / TYR / GLY），属于多残基融合、成熟或发色团结构，不作为一个独立非天然氨基酸。
OLD,"""3-[2-(4-bromophenyl)-2-oxoethyl]-L-histidine""","""L-PEPTIDE LINKING""",HIS,?,"""C14 H14 Br N3 O3""",c1cc(ccc1C(=O)Cn2cncc2C[C@@H](C(=O)O)N)Br,35,21,,,,3,True,1,351.0219,1,1,2,0,special-reference,rule-based,当前仅适合作为特殊构件或结构参考，不进入普通单体推荐层,evidence-reviewed-residue,modified-single-residue,CCD只列出一个标准氨基酸母体HIS；修饰或用途状态单独记录，不否定其非标准残基身份。
OMH,"""O-[(S)-hydroxy(methoxy)phosphoryl]-L-serine""","""L-peptide linking""",SER,?,"""C4 H10 N O6 P""",CO[P@](=O)(O)OC[C@@H](C(=O)O)N,22,12,,,,3,True,1,199.0246,1,1,2,0,special-reference,rule-based,当前仅适合作为特殊构件或结构参考，不进入普通单体推荐层,evidence-reviewed-residue,modified-single-residue,CCD只列出一个标准氨基酸母体SER；修饰或用途状态单独记录，不否定其非标准残基身份。
OXX,"""OXALYL-ASPARTYL ANHYDRIDE""","""L-PEPTIDE LINKING""",ASP,?,"""C6 H6 N O7""",C([C@@H](C(=O)O)N)C(=O)OC(=O)C(=O)[O-],20,14,,,,2,True,1,204.015,2,4,2,0,special-reference,rule-based,当前仅适合作为特殊构件或结构参考，不进入普通单体推荐层,evidence-reviewed-residue,modified-single-residue,CCD只列出一个标准氨基酸母体ASP；修饰或用途状态单独记录，不否定其非标准残基身份。
P1L,S-PALMITOYL-L-CYSTEINE,"""L-PEPTIDE LINKING""",CYS,?,"""C19 H37 N O3 S""",CCCCCCCCCCCCCCCC(=O)SC[C@@H](C(=O)O)N,61,24,,,,3,True,1,359.2494,1,2,2,0,special-reference,rule-based,当前仅适合作为特殊构件或结构参考，不进入普通单体推荐层,evidence-reviewed-residue,modified-single-residue,CCD只列出一个标准氨基酸母体CYS；修饰或用途状态单独记录，不否定其非标准残基身份。
P2Q,"""2-hydroxy-5-{[(1S,2E)-1-formyl-4-phenoxybut-2-en-1yl]amino}-L-tyrosine""","""L-peptide linking""",TYR,?,"""C20 H22 N2 O6""",c1ccc(cc1)OC/C=C/[C@@H](C=O)Nc2cc(c(cc2O)O)C[C@@H](C(=O)O)N,50,28,9,4,3,3,True,1,386.1478,1,1,2,0,special-reference,rule-based,当前仅适合作为特殊构件或结构参考，不进入普通单体推荐层,evidence-reviewed-residue,modified-single-residue,CCD只列出一个标准氨基酸母体TYR；修饰或用途状态单独记录，不否定其非标准残基身份。
P2Y,"""(2S)-PYRROLIDIN-2-YLMETHYLAMINE""","""L-PEPTIDE LINKING""",PRO,?,"""C5 H12 N2""",C1C[C@H](NC1)CN,19,7,,,,1,True,1,100.1,0,0,,0,excluded-nonmonomer,rule-based,结构规则或人工审核已给出明确非单体/排除结论,evidence-reviewed-residue,modified-single-residue,CCD只列出一个标准氨基酸母体PRO；修饰或用途状态单独记录，不否定其非标准残基身份。
P3Q,"""2-hydroxy-5-{[(1E)-1-(2-oxoethylidene)-4-phenylbutyl]amino}-L-tyrosine""","""L-peptide linking""",TYR,?,"""C21 H24 N2 O5""",c1ccc(cc1)CCC/C(=C\C=O)/Nc2cc(c(cc2O)O)C[C@@H](C(=O)O)N,52,28,9,4,3,3,True,1,384.1685,1,1,2,0,special-reference,rule-based,当前仅适合作为特殊构件或结构参考，不进入普通单体推荐层,evidence-reviewed-residue,modified-single-residue,CCD只列出一个标准氨基酸母体TYR；修饰或用途状态单独记录，不否定其非标准残基身份。
P4F,"5,5-difluoro-4-oxo-5-phosphono-D-norvaline","""D-PEPTIDE LINKING""",?,?,"""C5 H8 F2 N O6 P""",C([C@H](C(=O)O)N)C(=O)C(F)(F)P(=O)(O)O,,,,,,,True,1,247.0057,1,1,2,0,special-reference,rule-based,当前仅适合作为特殊构件或结构参考，不进入普通单体推荐层,evidence-reviewed-residue,single-amino-acid-or-direct-derivative,官方结构为单一连通分子，含氨基酸主链或直接氨基酸衍生骨架，且未显示多残基母体或多肽结构。
PAQ,"""2-OXY-4-HYDROXY-5-(2-HYDRAZINOPYRIDINE)PHENYLALANINE""","""L-PEPTIDE LINKING""",TYR,?,"""C14 H16 N4 O4""",c1ccnc(c1)NNC2=CC(C(=O)C=C2O)C[C@@H](C(=O)O)N,38,22,9,4,3,3,True,1,304.1172,1,1,2,0,special-reference,rule-based,当前仅适合作为特殊构件或结构参考，不进入普通单体推荐层,evidence-reviewed-residue,modified-single-residue,CCD只列出一个标准氨基酸母体TYR；修饰或用途状态单独记录，不否定其非标准残基身份。
PAT,ALPHA-PHOSPHONO-TRYPTOPHAN,"""L-PEPTIDE LINKING""",TRP,?,"""C11 H13 N2 O5 P""",c1ccc2c(c1)c(c[nH]2)C[C@@](C(=O)O)(N)P(=O)(O)O,32,19,8,4,3,3,True,1,284.0562,1,1,2,0,special-reference,rule-based,当前仅适合作为特殊构件或结构参考，不进入普通单体推荐层,evidence-reviewed-residue,modified-single-residue,CCD只列出一个标准氨基酸母体TRP；修饰或用途状态单独记录，不否定其非标准残基身份。
PCS,PHENYLALANYLMETHYLCHLORIDE,"""L-PEPTIDE LINKING""",PHE,?,"""C10 H12 Cl N O""",c1ccc(cc1)C[C@@H](C(=O)CCl)N,25,13,,,,2,True,1,197.0607,0,0,,0,excluded-nonmonomer,rule-based,结构规则或人工审核已给出明确非单体/排除结论,evidence-reviewed-residue,modified-single-residue,CCD只列出一个标准氨基酸母体PHE；修饰或用途状态单独记录，不否定其非标准残基身份。
PDD,"""N-(5'-PHOSPHOPYRIDOXYL)-D-ALANINE""","""D-PEPTIDE LINKING""",?,?,"""C11 H17 N2 O7 P""",Cc1c(c(c(cn1)COP(=O)(O)O)CN[C@H](C)C(=O)O)O,38,21,,,,2,True,1,320.0773,1,1,2,0,special-reference,rule-based,当前仅适合作为特殊构件或结构参考，不进入普通单体推荐层,special-reference,amino-acid-derived-special-structure,结构来源于氨基酸，但属于多单元加合物、反应状态、还原端／醛、完整肽模拟构件或羧酸生物电子等排体；不作为普通非天然氨基酸残基。
PDW,"""methyl D-prolinate""","""D-PEPTIDE LINKING""",?,?,"""C6 H11 N O2""",COC(=O)[C@H]1CCCN1,20,9,7,3,2,1,True,1,129.079,0,1,2,0,excluded-nonmonomer,rule-based,结构规则或人工审核已给出明确非单体/排除结论,evidence-reviewed-residue,single-amino-acid-or-direct-derivative,官方结构为单一连通分子，含氨基酸主链或直接氨基酸衍生骨架，且未显示多残基母体或多肽结构。
PE1,"""N~2~-({3-HYDROXY-2-METHYL-5-[(PHOSPHONOOXY)METHYL]PYRIDIN-4-YL}METHYL)-L-LYSINE""","""L-PEPTIDE LINKING""",LYS,?,"""C14 H24 N3 O7 P""",Cc1c(c(c(cn1)COP(=O)(O)O)CN[C@@H](CCCCN)C(=O)O)O,,,,,,,True,1,377.1352,1,1,2,0,special-reference,rule-based,当前仅适合作为特殊构件或结构参考，不进入普通单体推荐层,evidence-reviewed-residue,modified-single-residue,CCD只列出一个标准氨基酸母体LYS；修饰或用途状态单独记录，不否定其非标准残基身份。
PHA,PHENYLALANINAL,"""L-PEPTIDE LINKING""",PHE,?,"""C9 H11 N O""",c1ccc(cc1)C[C@@H](C=O)N,22,11,8,3,3,3,True,1,149.0841,0,0,,0,excluded-nonmonomer,rule-based,结构规则或人工审核已给出明确非单体/排除结论,evidence-reviewed-residue,modified-single-residue,CCD只列出一个标准氨基酸母体PHE；修饰或用途状态单独记录，不否定其非标准残基身份。
PHD,"""ASPARTYL PHOSPHATE""","""L-PEPTIDE LINKING""",ASP,?,"""C4 H8 N O7 P""",C([C@@H](C(=O)O)N)C(=O)OP(=O)(O)O,21,13,9,4,3,3,True,1,213.0038,1,2,2,0,special-reference,rule-based,当前仅适合作为特殊构件或结构参考，不进入普通单体推荐层,evidence-reviewed-residue,modified-single-residue,CCD只列出一个标准氨基酸母体ASP；修饰或用途状态单独记录，不否定其非标准残基身份。
PHL,L-PHENYLALANINOL,"""L-PEPTIDE LINKING""",PHE,?,"""C9 H13 N O""",c1ccc(cc1)C[C@@H](CO)N,24,11,10,5,3,3,True,1,151.0997,0,0,,0,excluded-nonmonomer,rule-based,结构规则或人工审核已给出明确非单体/排除结论,evidence-reviewed-residue,modified-single-residue,CCD只列出一个标准氨基酸母体PHE；修饰或用途状态单独记录，不否定其非标准残基身份。
PJ3,"""(2~{S})-2-azanyl-3-[1-[[(2~{R},3~{S},4~{R},5~{R})-5-(2-azanyl-7-methyl-6-oxidanylidene-1,8-dihydropurin-9-yl)-3,4-bis(oxidanyl)oxolan-2-yl]methoxy-oxidanyl-phosphoryl]imidazol-4-yl]propanoic acid""","""L-peptide linking""",HIS,?,"""C17 H25 N8 O9 P""",CN1CN(C2=C1C(=O)NC(=N2)N)[C@H]3[C@@H]([C@@H]([C@H](O3)COP(=O)(n4cc(nc4)C[C@@H](C(=O)O)N)O)O)O,60,35,,,,3,True,1,516.1482,1,1,2,0,excluded-nonmonomer,rule-based,结构规则或人工审核已给出明确非单体/排除结论,evidence-reviewed-residue,modified-single-residue,CCD只列出一个标准氨基酸母体HIS；修饰或用途状态单独记录，不否定其非标准残基身份。
PLJ,"""methyl L-prolinate""","""L-PEPTIDE LINKING""",PRO,?,"""C6 H11 N O2""",COC(=O)[C@@H]1CCCN1,20,9,7,3,2,1,True,1,129.079,0,1,2,0,excluded-nonmonomer,rule-based,结构规则或人工审核已给出明确非单体/排除结论,evidence-reviewed-residue,modified-single-residue,CCD只列出一个标准氨基酸母体PRO；修饰或用途状态单独记录，不否定其非标准残基身份。
PM3,"""2-AMINO-3-(4-PHOSPHONOMETHYL-PHENYL)-PROPIONIC ACID""","""L-PEPTIDE LINKING""",PHE,?,"""C10 H14 N O5 P""",c1cc(ccc1C[C@@H](C(=O)O)N)CP(=O)(O)O,31,17,9,4,3,3,True,1,259.061,1,1,2,0,special-reference,rule-based,当前仅适合作为特殊构件或结构参考，不进入普通单体推荐层,evidence-reviewed-residue,modified-single-residue,CCD只列出一个标准氨基酸母体PHE；修饰或用途状态单独记录，不否定其非标准残基身份。
PR3,"S,S-PROPYLTHIOCYSTEINE","""L-PEPTIDE LINKING""",CYS,?,"""C6 H13 N O S2""",CCCSSC[C@@H](C=O)N,23,10,,,,1,True,1,179.0439,0,0,,0,excluded-nonmonomer,rule-based,结构规则或人工审核已给出明确非单体/排除结论,evidence-reviewed-residue,modified-single-residue,CCD只列出一个标准氨基酸母体CYS；修饰或用途状态单独记录，不否定其非标准残基身份。
PR9,D-PROLINAMIDE,"""D-PEPTIDE LINKING""",PRO,?,"""C5 H10 N2 O""",C1C[C@@H](NC1)C(=O)N,18,8,,,,,True,1,114.0793,0,1,2,1,excluded-nonmonomer,rule-based,结构规则或人工审核已给出明确非单体/排除结论,evidence-reviewed-residue,modified-single-residue,CCD只列出一个标准氨基酸母体PRO；修饰或用途状态单独记录，不否定其非标准残基身份。
PSH,1-thiophosphono-L-histidine,"""L-peptide linking""",HIS,?,"""C6 H10 N3 O4 P S""",c1c(ncn1[P@@](=O)(O)S)C[C@@H](C(=O)O)N,25,15,9,4,3,3,True,1,251.013,1,1,2,0,special-reference,rule-based,当前仅适合作为特殊构件或结构参考，不进入普通单体推荐层,evidence-reviewed-residue,modified-single-residue,CCD只列出一个标准氨基酸母体HIS；修饰或用途状态单独记录，不否定其非标准残基身份。
PTH,CE1-METHYLENE-HYDROXY-PHOSPHOTYROSINE,"""L-PEPTIDE LINKING""",TYR,?,"""C10 H14 N O7 P""",c1cc(c(cc1C[C@@H](C(=O)O)N)CO)OP(=O)(O)O,33,19,9,4,3,3,True,1,291.0508,1,1,2,0,special-reference,rule-based,当前仅适合作为特殊构件或结构参考，不进入普通单体推荐层,evidence-reviewed-residue,modified-single-residue,CCD只列出一个标准氨基酸母体TYR；修饰或用途状态单独记录，不否定其非标准残基身份。
PTM,ALPHA-METHYL-O-PHOSPHOTYROSINE,"""L-PEPTIDE LINKING""",TYR,?,"""C10 H14 N O6 P""",C[C@](Cc1ccc(cc1)OP(=O)(O)O)(C(=O)O)N,32,18,8,4,3,3,True,1,275.0559,1,1,2,0,special-reference,rule-based,当前仅适合作为特殊构件或结构参考，不进入普通单体推荐层,evidence-reviewed-residue,modified-single-residue,CCD只列出一个标准氨基酸母体TYR；修饰或用途状态单独记录，不否定其非标准残基身份。
PTR,O-PHOSPHOTYROSINE,"""L-PEPTIDE LINKING""",TYR,?,"""C9 H12 N O6 P""",c1cc(ccc1C[C@@H](C(=O)O)N)OP(=O)(O)O,29,17,9,4,3,3,True,1,261.0402,1,1,2,0,special-reference,rule-based,当前仅适合作为特殊构件或结构参考，不进入普通单体推荐层,evidence-reviewed-residue,modified-single-residue,CCD只列出一个标准氨基酸母体TYR；修饰或用途状态单独记录，不否定其非标准残基身份。
PVH,HISTIDINE-METHYL-ESTER,"""L-PEPTIDE LINKING""",HIS,?,"""C7 H12 N3 O2""",COC(=O)[C@H](Cc1c[nH]c[nH+]1)N,24,12,8,3,3,1,True,1,170.0924,0,1,2,0,excluded-nonmonomer,rule-based,结构规则或人工审核已给出明确非单体/排除结论,evidence-reviewed-residue,modified-single-residue,CCD只列出一个标准氨基酸母体HIS；修饰或用途状态单独记录，不否定其非标准残基身份。
PYX,"""S-[S-THIOPYRIDOXAMINYL]CYSTEINE""","""L-PEPTIDE LINKING""",CYS,?,"""C11 H17 N3 O3 S2""",Cc1c(c(c(cn1)CSSC[C@@H](C(=O)O)N)CN)O,36,19,,,,3,True,1,303.0711,1,1,2,0,special-reference,rule-based,当前仅适合作为特殊构件或结构参考，不进入普通单体推荐层,evidence-reviewed-residue,modified-single-residue,CCD只列出一个标准氨基酸母体CYS；修饰或用途状态单独记录，不否定其非标准残基身份。
Q2E,"""(2~{S})-2-azanyl-3-(2-methylsulfanyl-1~{H}-indol-3-yl)propanal""","""L-peptide linking""",TRP,?,"""C12 H14 N2 O2 S""",CSc1c(c2ccccc2[nH]1)C[C@@H](C(=O)O)N,31,17,9,4,3,4,True,1,250.0776,1,1,2,0,special-reference,rule-based,当前仅适合作为特殊构件或结构参考，不进入普通单体推荐层,evidence-reviewed-residue,modified-single-residue,CCD只列出一个标准氨基酸母体TRP；修饰或用途状态单独记录，不否定其非标准残基身份。
Q8X,"""(2~{R})-2-azanyl-3-[(6-pyridin-2-ylpyridin-3-yl)methylsulfanyl]propanal""","""L-peptide linking""",CYS,?,"""C14 H15 N3 O2 S""",c1ccnc(c1)c2ccc(cn2)CSC[C@@H](C(=O)O)N,35,20,9,4,3,3,True,1,289.0885,1,1,2,0,special-reference,rule-based,当前仅适合作为特殊构件或结构参考，不进入普通单体推荐层,evidence-reviewed-residue,modified-single-residue,CCD只列出一个标准氨基酸母体CYS；修饰或用途状态单独记录，不否定其非标准残基身份。
QC4,"""{(4Z)-2-[(1R,2R)-1-amino-2-hydroxypropyl]-5-oxo-4-[(2,3,5-trifluoro-4-hydroxyphenyl)methylidene]-4,5-dihydro-1H-imidazol-1-yl}acetic acid""","""L-peptide linking""","""THR, TYR, GLY""",?,"""C15 H14 F3 N3 O5""",C[C@H]([C@@H](C1=N/C(=C\c2cc(c(c(c2F)F)O)F)/C(=O)N1CC(=O)O)N)O,40,26,18,4,3,3,True,1,373.0886,1,2,2,1,excluded-nonmonomer,rule-based,结构规则或人工审核已给出明确非单体/排除结论,special-reference,multi-residue-derived,CCD列出多个母体残基（THR / TYR / GLY），属于多残基融合、成熟或发色团结构，不作为一个独立非天然氨基酸。
QCA,"""{(4Z)-2-[(1R,2R)-1-amino-2-hydroxypropyl]-4-[(4-hydroxy-3-nitrophenyl)methylidene]-5-oxo-4,5-dihydro-1H-imidazol-1-yl}acetic acid""","""L-peptide linking""","""THR, TYR, GLY""",?,"""C15 H16 N4 O7""",C[C@H]([C@@H](C1=N/C(=C\c2ccc(c(c2)N(=O)=O)O)/C(=O)N1CC(=O)O)N)O,42,26,18,4,3,3,True,1,364.1019,1,2,2,1,excluded-nonmonomer,rule-based,结构规则或人工审核已给出明确非单体/排除结论,special-reference,multi-residue-derived,CCD列出多个母体残基（THR / TYR / GLY），属于多残基融合、成熟或发色团结构，不作为一个独立非天然氨基酸。
QCD,";{(4Z)-2-[(1R,2R)-1-amino-2-hydroxypropyl]-4-[(4-hydroxy-3-methoxyphenyl)methylidene]-5-oxo-4,5-dihydro-1H-imidazol-1-yl
}acetic acid
;","""L-peptide linking""","""THR, TYR, GLY""",?,"""C16 H19 N3 O6""",C[C@H]([C@@H](C1=N/C(=C\c2ccc(c(c2)OC)O)/C(=O)N1CC(=O)O)N)O,44,25,18,4,3,3,True,1,349.1274,1,2,2,1,excluded-nonmonomer,rule-based,结构规则或人工审核已给出明确非单体/排除结论,special-reference,multi-residue-derived,CCD列出多个母体残基（THR / TYR / GLY），属于多残基融合、成熟或发色团结构，不作为一个独立非天然氨基酸。
QCI,L-2-Aminoglutarimide,"""L-peptide linking""",GLN,?,"""C5 H8 N2 O2""",C1CC(=O)NC(=O)[C@H]1N,17,9,7,2,3,1,True,1,128.0586,0,2,2,2,excluded-nonmonomer,rule-based,结构规则或人工审核已给出明确非单体/排除结论,evidence-reviewed-residue,modified-single-residue,CCD只列出一个标准氨基酸母体GLN；修饰或用途状态单独记录，不否定其非标准残基身份。
QFG,"""{(4E)-2-[(1E)-4-amino-4-oxobutanimidoyl]-4-benzylidene-5-oxo-4,5-dihydro-1H-imidazol-1-yl}acetic acid""","""L-PEPTIDE LINKING""","""GLN, PHE, GLY""","""GLN PHE GLY""","""C16 H16 N4 O4""",[H]/N=C(\CCC(=O)N)/C1=N/C(=C/c2ccccc2)/C(=O)N1CC(=O)O,40,24,16,4,2,3,True,1,328.1172,1,3,2,2,special-reference,rule-based,当前仅适合作为特殊构件或结构参考，不进入普通单体推荐层,special-reference,multi-residue-derived,CCD列出多个母体残基（GLN / PHE / GLY），属于多残基融合、成熟或发色团结构，不作为一个独立非天然氨基酸。
QIL,N-formyl-L-isoleucine,"""L-peptide linking""",ILE,?,"""C7 H13 N O3""",CC[C@H](C)[C@@H](C(=O)O)NC=O,24,11,8,4,2,2,True,1,159.0895,1,2,2,1,excluded-nonmonomer,rule-based,结构规则或人工审核已给出明确非单体/排除结论,evidence-reviewed-residue,modified-single-residue,CCD只列出一个标准氨基酸母体ILE；修饰或用途状态单独记录，不否定其非标准残基身份。
QIP,"""2-[(2~{S})-2-(3-methylsulfanylpropanimidoyl)-2-oxidanyl-4-oxidanylidene-imidazolidin-1-yl]-2-oxidanylidene-ethanamide""","""L-peptide linking""","""MET, TYR, GLY""",?,"""C9 H14 N4 O4 S""",[H]/N=C(/CCSC)\[C@@]1(NC(=O)CN1C(=O)C(=O)N)O,32,18,16,2,2,3,True,1,274.0736,0,3,2,3,excluded-nonmonomer,rule-based,结构规则或人工审核已给出明确非单体/排除结论,special-reference,multi-residue-derived,CCD列出多个母体残基（MET / TYR / GLY），属于多残基融合、成熟或发色团结构，不作为一个独立非天然氨基酸。
QNY,"""O-[(3S)-3-amino-3-carboxy-1,1-dihydroxypropyl]-L-threonine""","""L-peptide linking""",Thr,?,"""C8 H16 N2 O7""",C[C@H]([C@@H](C(=O)O)N)OC(C[C@@H](C(=O)O)N)(O)O,33,17,,,,3,True,1,252.0958,2,2,2,0,special-reference,rule-based,当前仅适合作为特殊构件或结构参考，不进入普通单体推荐层,evidence-reviewed-residue,modified-single-residue,CCD只列出一个标准氨基酸母体THR；修饰或用途状态单独记录，不否定其非标准残基身份。
QO8,"""3,4-dimethylcatechol cysteine""","""L-peptide linking""",CYS,?,"""C11 H17 N O4 S""",Cc1cc(c(c(c1C)O)O)SC[C@@H](C(O)O)N,34,17,,,,1,True,1,259.0878,0,0,,0,excluded-nonmonomer,rule-based,结构规则或人工审核已给出明确非单体/排除结论,evidence-reviewed-residue,modified-single-residue,CCD只列出一个标准氨基酸母体CYS；修饰或用途状态单独记录，不否定其非标准残基身份。
QPA,"""S-[(1S)-1-carboxy-1-(phosphonooxy)ethyl]-L-cysteine""","""L-PEPTIDE LINKING""",CYS,?,"""C6 H12 N O8 P S""",C[C@](C(=O)O)(OP(=O)(O)O)SC[C@@H](C(=O)O)N,29,17,9,4,3,3,True,1,289.0021,2,2,2,0,special-reference,rule-based,当前仅适合作为特殊构件或结构参考，不进入普通单体推荐层,evidence-reviewed-residue,modified-single-residue,CCD只列出一个标准氨基酸母体CYS；修饰或用途状态单独记录，不否定其非标准残基身份。
QPH,N-formyl-L-phenylalanine,"""L-PEPTIDE LINKING""",PHE,?,"""C10 H11 N O3""",c1ccc(cc1)C[C@@H](C(=O)O)NC=O,25,14,8,4,2,2,True,1,193.0739,1,2,2,1,excluded-nonmonomer,rule-based,结构规则或人工审核已给出明确非单体/排除结论,evidence-reviewed-residue,modified-single-residue,CCD只列出一个标准氨基酸母体PHE；修饰或用途状态单独记录，不否定其非标准残基身份。
QVA,"""(2S,3R)-2-{[(2R)-2-amino-2-carboxyethyl]sulfanyl}-3-hydroxybutanedioic acid""","""L-peptide linking""",CYS,?,"""C7 H11 N O7 S""",C([C@@H](C(=O)O)N)S[C@@H]([C@@H](C(=O)O)O)C(=O)O,27,16,,,,3,True,1,253.0256,3,3,2,0,special-reference,rule-based,当前仅适合作为特殊构件或结构参考，不进入普通单体推荐层,evidence-reviewed-residue,modified-single-residue,CCD只列出一个标准氨基酸母体CYS；修饰或用途状态单独记录，不否定其非标准残基身份。
QX7,"""N-acetyl-3-{[5-(fluorosulfonyl)-2-methylbenzene-1-carbonyl]amino}-L-alanine""","""L-peptide linking""",ALA,?,"""C13 H15 F N2 O6 S""",Cc1ccc(cc1C(=O)NC[C@@H](C(=O)O)NC(=O)C)S(=O)(=O)F,38,23,,,,3,True,1,346.0635,1,3,2,2,excluded-nonmonomer,rule-based,结构规则或人工审核已给出明确非单体/排除结论,evidence-reviewed-residue,modified-single-residue,CCD只列出一个标准氨基酸母体ALA；修饰或用途状态单独记录，不否定其非标准残基身份。
QXV,D-methioninamide,"""D-peptide linking""",?,?,"""C5 H12 N2 O S""",CSCC[C@H](C(=O)N)N,21,9,,,,1,True,1,148.067,0,1,2,1,excluded-nonmonomer,rule-based,结构规则或人工审核已给出明确非单体/排除结论,evidence-reviewed-residue,single-amino-acid-or-direct-derivative,官方结构为单一连通分子，含氨基酸主链或直接氨基酸衍生骨架，且未显示多残基母体或多肽结构。
QYG,"""{(4E)-2-[(1S)-1,4-diamino-4-oxobutyl]-4-[(4-hydroxyphenyl)methylidene]-5-oxo-4,5-dihydro-1H-imidazol-1-yl}acetic acid""","""L-peptide linking""","""GLN, TYR, GLY""",?,"""C16 H18 N4 O5""",c1cc(ccc1/C=C/2\C(=O)N(C(=N2)[C@H](CCC(=O)N)N)CC(=O)O)O,43,25,18,4,3,3,True,1,346.1277,1,3,2,2,special-reference,rule-based,当前仅适合作为特殊构件或结构参考，不进入普通单体推荐层,special-reference,multi-residue-derived,CCD列出多个母体残基（GLN / TYR / GLY），属于多残基融合、成熟或发色团结构，不作为一个独立非天然氨基酸。
QYX,"""2-[4-[(4-hydroxyphenyl)methyl]-2-(3-methylsulfanylpropanimidoyl)-5-oxidanylidene-imidazol-1-ium-1-yl]ethanoic acid""","""L-peptide linking""","""MET, TYR, GLY""",?,"""C16 H18 N3 O4 S""",[H]/N=C(/CCSC)\C1=[N+](C(=O)C(=N1)Cc2ccc(cc2)O)CC(=O)O,42,24,16,4,2,3,True,1,348.1013,1,2,2,1,special-reference,rule-based,当前仅适合作为特殊构件或结构参考，不进入普通单体推荐层,special-reference,multi-residue-derived,CCD列出多个母体残基（MET / TYR / GLY），属于多残基融合、成熟或发色团结构，不作为一个独立非天然氨基酸。
R0K,"""(2~{S})-2-[[(4~{S})-4-azanyl-5-oxidanyl-5-oxidanylidene-pentanoyl]amino]hexanedioic acid""","""L-peptide linking""",GLU,?,"""C11 H18 N2 O7""",C(C[C@@H](C(=O)O)NC(=O)CC[C@@H](C(=O)O)N)CC(=O)O,38,20,9,4,3,3,True,1,290.1114,3,4,2,1,special-reference,rule-based,当前仅适合作为特殊构件或结构参考，不进入普通单体推荐层,evidence-reviewed-residue,modified-single-residue,CCD只列出一个标准氨基酸母体GLU；修饰或用途状态单独记录，不否定其非标准残基身份。
R1A,"""3-{[(2,2,5,5-TETRAMETHYL-1-OXO-2,5-DIHYDRO-1H-PYRROLIUM-3-YL)METHYL]DISULFANYL}-D-ALANINE""","""L-PEPTIDE LINKING""",CYS,?,"""C12 H21 N2 O3 S2""",CC1(C=C(C([N+]1=O)(C)C)CSSC[C@@H](C(=O)O)N)C,40,19,,,,3,True,1,305.0988,1,1,2,0,special-reference,rule-based,当前仅适合作为特殊构件或结构参考，不进入普通单体推荐层,evidence-reviewed-residue,modified-single-residue,CCD只列出一个标准氨基酸母体CYS；修饰或用途状态单独记录，不否定其非标准残基身份。
RGL,ARGINAL,"""L-PEPTIDE LINKING""",ARG,?,"""C6 H15 N4 O""",C(C[C@@H](C=O)N)CNC(=[NH2+])N,26,11,8,3,3,2,True,1,159.124,0,0,,0,excluded-nonmonomer,rule-based,结构规则或人工审核已给出明确非单体/排除结论,evidence-reviewed-residue,modified-single-residue,CCD只列出一个标准氨基酸母体ARG；修饰或用途状态单独记录，不否定其非标准残基身份。
RGP,"""GAMMA-GLUTAMYL PHOSPHATE""","""L-peptide linking""",GLU,?,"""C5 H10 N O7 P""",C(CC(=O)OP(=O)(O)O)[C@H](C(=O)O)N,24,14,9,4,3,1,True,1,227.0195,1,2,2,0,special-reference,rule-based,当前仅适合作为特殊构件或结构参考，不进入普通单体推荐层,evidence-reviewed-residue,modified-single-residue,CCD只列出一个标准氨基酸母体GLU；修饰或用途状态单独记录，不否定其非标准残基身份。
RPI,phospho-arginine,"""L-peptide linking""",ARG,?,"""C6 H15 N4 O5 P""",[H]/N=C(/NCCC[C@@H](C(=O)O)N)\NP(=O)(O)O,31,16,9,4,3,3,True,1,254.078,1,1,2,0,special-reference,rule-based,当前仅适合作为特殊构件或结构参考，不进入普通单体推荐层,evidence-reviewed-residue,modified-single-residue,CCD只列出一个标准氨基酸母体ARG；修饰或用途状态单独记录，不否定其非标准残基身份。
RVX,"""O-[methyl(2-methylpropoxy)phosphoryl]-L-serine""","""L-PEPTIDE LINKING""",SER,?,"""C8 H18 N O5 P""",CC(C)CO[P@](=O)(C)OC[C@@H](C(=O)O)N,33,15,,,,2,True,1,239.0923,1,1,2,0,special-reference,rule-based,当前仅适合作为特殊构件或结构参考，不进入普通单体推荐层,evidence-reviewed-residue,modified-single-residue,CCD只列出一个标准氨基酸母体SER；修饰或用途状态单独记录，不否定其非标准残基身份。
S12,"""O-[(S)-hydroxy{[(2S)-2-hydroxy-3-(octadec-9-enoyloxy)propyl]oxy}phosphoryl]-L-serine""","""L-PEPTIDE LINKING""",SER,?,"""C24 H46 N O9 P""",CCCCCCCCC=CCCCCCCCC(=O)OC[C@@H](CO[P@@](=O)(O)OC[C@@H](C(=O)O)N)O,,,,,,,True,1,523.291,1,2,2,0,excluded-nonmonomer,rule-based,结构规则或人工审核已给出明确非单体/排除结论,evidence-reviewed-residue,modified-single-residue,CCD只列出一个标准氨基酸母体SER；修饰或用途状态单独记录，不否定其非标准残基身份。
S1H,1-HEXADECANOSULFONYL-O-L-SERINE,"""L-PEPTIDE LINKING""",SER,?,"""C19 H39 N O5 S""",CCCCCCCCCCCCCCCCS(=O)(=O)OC[C@@H](C(=O)O)N,65,26,,,,3,True,1,393.2549,1,1,2,0,special-reference,rule-based,当前仅适合作为特殊构件或结构参考，不进入普通单体推荐层,evidence-reviewed-residue,modified-single-residue,CCD只列出一个标准氨基酸母体SER；修饰或用途状态单独记录，不否定其非标准残基身份。
SAC,N-ACETYL-SERINE,"""L-PEPTIDE LINKING""",SER,?,"""C5 H9 N O4""",CC(=O)N[C@@H](CO)C(=O)O,19,10,,,,2,True,1,147.0532,1,2,2,1,excluded-nonmonomer,rule-based,结构规则或人工审核已给出明确非单体/排除结论,evidence-reviewed-residue,modified-single-residue,CCD只列出一个标准氨基酸母体SER；修饰或用途状态单独记录，不否定其非标准残基身份。
SBD,"""D-NAPHTHYL-1-ACETAMIDO BORONIC ACID ALANINE""","""D-PEPTIDE LINKING""",?,?,"""C17 H22 B N2 O6""",[B-]([C@@H](Cc1cccc2c1cccc2)NC(=O)C)(O)(O)OC[C@@H](C(=O)O)N,48,26,,,,3,True,1,361.1576,1,2,2,1,special-reference,rule-based,当前仅适合作为特殊构件或结构参考，不进入普通单体推荐层,special-reference,amino-acid-derived-special-structure,结构来源于氨基酸，但属于多单元加合物、反应状态、还原端／醛、完整肽模拟构件或羧酸生物电子等排体；不作为普通非天然氨基酸残基。
SBL,"""L-NAPHTHYL-1-ACETAMIDO BORONIC ACID ALANINE""","""L-PEPTIDE LINKING""",SER,?,"""C17 H22 B N2 O6""",[B-]([C@H](Cc1cccc2c1cccc2)NC(=O)C)(O)(O)OC[C@@H](C(=O)O)N,48,26,,,,3,True,1,361.1576,1,2,2,1,special-reference,rule-based,当前仅适合作为特殊构件或结构参考，不进入普通单体推荐层,evidence-reviewed-residue,modified-single-residue,CCD只列出一个标准氨基酸母体SER；修饰或用途状态单独记录，不否定其非标准残基身份。
SD2,"""N-(SULFANYLACETYL)TYROSYLPROLYLMETHIONINAMIDE""","""L-PEPTIDE LINKING""",?,?,"""C21 H30 N4 O5 S2""",CSCC[C@@H](C(=O)N)NC(=O)[C@@H]1CCCN1C(=O)[C@H](Cc2ccc(cc2)O)NC(=O)CS,,,,,,,True,1,482.1658,0,4,2,4,excluded-nonmonomer,rule-based,结构规则或人工审核已给出明确非单体/排除结论,special-reference,amino-acid-derived-special-structure,结构来源于氨基酸，但属于多单元加合物、反应状态、还原端／醛、完整肽模拟构件或羧酸生物电子等排体；不作为普通非天然氨基酸残基。
SDP,"""2-AMINO-3-(DIETHOXY-PHOSPHORYLOXY)-PROPIONIC ACID""","""L-PEPTIDE LINKING""",SER,?,"""C7 H16 N O6 P""",CCOP(=O)(OCC)OC[C@@H](C(=O)O)N,31,15,,,,3,True,1,241.0715,1,1,2,0,special-reference,rule-based,当前仅适合作为特殊构件或结构参考，不进入普通单体推荐层,evidence-reviewed-residue,modified-single-residue,CCD只列出一个标准氨基酸母体SER；修饰或用途状态单独记录，不否定其非标准残基身份。
SEL,"2-AMINO-1,3-PROPANEDIOL","""L-PEPTIDE LINKING""",SER,?,"""C3 H9 N O2""",C(C(CO)N)O,15,6,10,5,3,3,True,1,91.0633,0,0,,0,excluded-nonmonomer,rule-based,结构规则或人工审核已给出明确非单体/排除结论,evidence-reviewed-residue,modified-single-residue,CCD只列出一个标准氨基酸母体SER；修饰或用途状态单独记录，不否定其非标准残基身份。
SEN,"""O-[N,N-dimethylphosphoramidate]-L-serine""","""L-peptide linking""",SER,?,"""C5 H13 N2 O5 P""",CN(C)[P@](=O)(O)OC[C@@H](C(=O)O)N,26,13,,,,3,True,1,212.0562,1,1,2,0,special-reference,rule-based,当前仅适合作为特殊构件或结构参考，不进入普通单体推荐层,evidence-reviewed-residue,modified-single-residue,CCD只列出一个标准氨基酸母体SER；修饰或用途状态单独记录，不否定其非标准残基身份。
SEP,PHOSPHOSERINE,"""L-PEPTIDE LINKING""",SER,?,"""C3 H8 N O6 P""",C([C@@H](C(=O)O)N)OP(=O)(O)O,19,11,9,4,3,3,True,1,185.0089,1,1,2,0,special-reference,rule-based,当前仅适合作为特殊构件或结构参考，不进入普通单体推荐层,evidence-reviewed-residue,modified-single-residue,CCD只列出一个标准氨基酸母体SER；修饰或用途状态单独记录，不否定其非标准残基身份。
SET,AMINOSERINE,"""L-PEPTIDE LINKING""",SER,?,"""C3 H8 N2 O2""",C([C@@H](C(=O)N)N)O,15,7,,,,1,True,1,104.0586,0,1,2,1,excluded-nonmonomer,rule-based,结构规则或人工审核已给出明确非单体/排除结论,evidence-reviewed-residue,modified-single-residue,CCD只列出一个标准氨基酸母体SER；修饰或用途状态单独记录，不否定其非标准残基身份。
SGB,"""O-[(S)-METHYL(1-METHYLETHOXY)PHOSPHORYL]-L-SERINE""","""L-PEPTIDE LINKING""",SER,?,"""C7 H16 N O5 P""",CC(C)O[P@](=O)(C)OC[C@@H](C(=O)O)N,30,14,,,,3,True,1,225.0766,1,1,2,0,special-reference,rule-based,当前仅适合作为特殊构件或结构参考，不进入普通单体推荐层,evidence-reviewed-residue,modified-single-residue,CCD只列出一个标准氨基酸母体SER；修饰或用途状态单独记录，不否定其非标准残基身份。
SHP,"""(4-HYDROXYMALTOSEPHENYL)GLYCINE""","""L-PEPTIDE LINKING""",GLY,?,"""C20 H29 N O13""",c1cc(ccc1[C@@H](C(=O)O)N)O[C@@H]2[C@H]([C@H]([C@@H]([C@H](O2)CO)O)O)O[C@@H]3[C@H]([C@H]([C@@H]([C@H](O3)CO)O)O)O,,,,,,,True,1,491.1639,1,1,2,0,excluded-nonmonomer,rule-based,结构规则或人工审核已给出明确非单体/排除结论,evidence-reviewed-residue,modified-single-residue,CCD只列出一个标准氨基酸母体GLY；修饰或用途状态单独记录，不否定其非标准残基身份。
SIB,"""(2S)-2-AMINO-4-({[(2S,3S,4R,5R)-3,4-DIHYDROXY-5-(6-OXO-1,6-DIHYDRO-9H-PURIN-9-YL)TETRAHYDROFURAN-2-YL]METHYL}THIO)BUTANOIC ACID""","""L-PEPTIDE LINKING""",CYS,?,"""C14 H19 N5 O6 S""",c1nc2c(n1[C@H]3[C@@H]([C@@H]([C@H](O3)CSCC[C@@H](C(=O)O)N)O)O)N=CNC2=O,,,,,,,True,1,385.1056,1,1,2,0,special-reference,rule-based,当前仅适合作为特殊构件或结构参考，不进入普通单体推荐层,evidence-reviewed-residue,modified-single-residue,CCD只列出一个标准氨基酸母体CYS；修饰或用途状态单独记录，不否定其非标准残基身份。
SNN,L-3-AMINOSUCCINIMIDE,"""L-PEPTIDE LINKING""",ASN,?,"""C4 H6 N2 O2""",C1[C@@H](C(=O)NC1=O)N,14,8,7,2,3,1,True,1,114.0429,0,2,2,2,excluded-nonmonomer,rule-based,结构规则或人工审核已给出明确非单体/排除结论,evidence-reviewed-residue,modified-single-residue,CCD只列出一个标准氨基酸母体ASN；修饰或用途状态单独记录，不否定其非标准残基身份。
SUB,"""3-PHENYL-2-{[4-(TOLUENE-4-SULFONYL)-THIOMORPHOLINE-3-CARBONYL]-AMINO}-PROPIONIC ACID ETHYL ESTER""","""L-PEPTIDE LINKING""",?,?,"""C23 H28 N2 O5 S2""",CCOC(=O)C(Cc1ccccc1)NC(=O)[C@@H]2CSCC[N@]2S(=O)(=O)c3ccc(cc3)C,,,,,,,True,1,476.144,0,2,2,1,excluded-nonmonomer,rule-based,结构规则或人工审核已给出明确非单体/排除结论,special-reference,amino-acid-derived-special-structure,结构来源于氨基酸，但属于多单元加合物、反应状态、还原端／醛、完整肽模拟构件或羧酸生物电子等排体；不作为普通非天然氨基酸残基。
SUN,"""O-[(R)-(DIMETHYLAMINO)(ETHOXY)PHOSPHORYL]-L-SERINE""","""L-PEPTIDE LINKING""",SER,?,"""C7 H17 N2 O5 P""",CCO[P@](=O)(N(C)C)OC[C@@H](C(=O)O)N,32,15,,,,3,True,1,240.0875,1,1,2,0,special-reference,rule-based,当前仅适合作为特殊构件或结构参考，不进入普通单体推荐层,evidence-reviewed-residue,modified-single-residue,CCD只列出一个标准氨基酸母体SER；修饰或用途状态单独记录，不否定其非标准残基身份。
SVA,"""SERINE VANADATE""","""L-PEPTIDE LINKING""",SER,?,"""C3 H6 N O7 V""",C([C@@H](C(=O)O)N)O[V]([O-])([O-])([O-])[O-],18,12,9,4,3,3,True,1,218.9606,1,1,2,0,excluded-nonmonomer,rule-based,结构规则或人工审核已给出明确非单体/排除结论,evidence-reviewed-residue,modified-single-residue,CCD只列出一个标准氨基酸母体SER；修饰或用途状态单独记录，不否定其非标准残基身份。
SVV,"""O-[(S)-AMINO(HYDROXY)PHOSPHORYL]-L-SERINE""","""L-PEPTIDE LINKING""",SER,?,"""C3 H9 N2 O5 P""",C([C@@H](C(=O)O)N)O[P@](=O)(N)O,20,11,,,,1,True,1,184.0249,1,1,2,0,special-reference,rule-based,当前仅适合作为特殊构件或结构参考，不进入普通单体推荐层,evidence-reviewed-residue,modified-single-residue,CCD只列出一个标准氨基酸母体SER；修饰或用途状态单独记录，不否定其非标准残基身份。
SVW,"""O-[(R)-AMINO(HYDROXY)PHOSPHORYL]-L-SERINE""","""L-PEPTIDE LINKING""",SER,?,"""C3 H9 N2 O5 P""",C([C@@H](C(=O)O)N)O[P@@](=O)(N)O,20,11,,,,1,True,1,184.0249,1,1,2,0,special-reference,rule-based,当前仅适合作为特殊构件或结构参考，不进入普通单体推荐层,evidence-reviewed-residue,modified-single-residue,CCD只列出一个标准氨基酸母体SER；修饰或用途状态单独记录，不否定其非标准残基身份。
SVX,"""O-[(R)-ETHOXY(METHYL)PHOSPHORYL]-L-SERINE""","""L-PEPTIDE LINKING""",SER,?,"""C6 H14 N O5 P""",CCO[P@](=O)(C)OC[C@@H](C(=O)O)N,27,13,,,,3,True,1,211.061,1,1,2,0,special-reference,rule-based,当前仅适合作为特殊构件或结构参考，不进入普通单体推荐层,evidence-reviewed-residue,modified-single-residue,CCD只列出一个标准氨基酸母体SER；修饰或用途状态单独记录，不否定其非标准残基身份。
SVY,"""O-[BIS(1-METHYLETHOXY)PHOSPHORYL]-L-SERINE""","""L-PEPTIDE LINKING""",SER,?,"""C9 H20 N O6 P""",CC(C)OP(=O)(OC[C@@H](C(=O)O)N)OC(C)C,37,17,,,,3,True,1,269.1028,1,1,2,0,special-reference,rule-based,当前仅适合作为特殊构件或结构参考，不进入普通单体推荐层,evidence-reviewed-residue,modified-single-residue,CCD只列出一个标准氨基酸母体SER；修饰或用途状态单独记录，不否定其非标准残基身份。
SVZ,"""O-[(S)-HYDROXY(ISOPROPYLAMINO)PHOSPHORYL]-L-SERINE""","""L-PEPTIDE LINKING""",SER,?,"""C6 H15 N2 O5 P""",CC(C)N[P@@](=O)(O)OC[C@@H](C(=O)O)N,29,14,,,,1,True,1,226.0719,1,1,2,0,special-reference,rule-based,当前仅适合作为特殊构件或结构参考，不进入普通单体推荐层,evidence-reviewed-residue,modified-single-residue,CCD只列出一个标准氨基酸母体SER；修饰或用途状态单独记录，不否定其非标准残基身份。
SWG,"""2-[(4Z)-2-[(1R)-1-amino-2-hydroxy-ethyl]-4-(1H-indol-3-ylmethylidene)-5-oxo-imidazol-1-yl]ethanoic acid""","""L-PEPTIDE LINKING""","""SER, TRP, GLY""","""SER TRY GLY""","""C16 H16 N4 O4""",c1ccc2c(c1)c(c[nH]2)\\C=C/3\\C(=O)N(C(=N3)[C@H](CO)N)CC(=O)O,40,24,18,4,3,3,True,1,328.1172,1,2,2,1,special-reference,rule-based,当前仅适合作为特殊构件或结构参考，不进入普通单体推荐层,special-reference,multi-residue-derived,CCD列出多个母体残基（SER / TRP / GLY），属于多残基融合、成熟或发色团结构，不作为一个独立非天然氨基酸。
SXE,"""O-{(S)-ETHOXY[(1-METHYLETHYL)AMINO]PHOSPHORYL}-L-SERINE""","""L-PEPTIDE LINKING""",SER,?,"""C8 H19 N2 O5 P""",CCO[P@@](=O)(NC(C)C)OC[C@@H](C(=O)O)N,35,16,,,,1,True,1,254.1032,1,1,2,0,special-reference,rule-based,当前仅适合作为特殊构件或结构参考，不进入普通单体推荐层,evidence-reviewed-residue,modified-single-residue,CCD只列出一个标准氨基酸母体SER；修饰或用途状态单独记录，不否定其非标准残基身份。
T66,2-AMINOETHYLLYSINE-CARBONYLMETHYLENE-THYMINE,"""L-PEPTIDE LINKING""",?,?,"""C15 H25 N5 O5""",CC1=CN(C(=O)NC1=O)CC(=O)N(CCN)[C@H](CCCCN)C(=O)O,50,25,,,,2,True,1,355.1856,1,2,2,1,special-reference,rule-based,当前仅适合作为特殊构件或结构参考，不进入普通单体推荐层,special-reference,amino-acid-derived-special-structure,结构来源于氨基酸，但属于多单元加合物、反应状态、还原端／醛、完整肽模拟构件或羧酸生物电子等排体；不作为普通非天然氨基酸残基。
T79,"""(2S)-2-azanylhex-4-ynoic acid""","""L-peptide linking""",?,?,"""C6 H9 N O2""",CC#CC[C@@H](C(=O)O)N,18,9,9,4,3,3,True,1,127.0633,1,1,2,0,excluded-nonmonomer,rule-based,结构规则或人工审核已给出明确非单体/排除结论,evidence-reviewed-residue,single-amino-acid-or-direct-derivative,官方结构为单一连通分子，含氨基酸主链或直接氨基酸衍生骨架，且未显示多残基母体或多肽结构。
T8L,Thio-phosohothreonine,"""L-peptide linking""",THR,?,"""C4 H10 N O5 P S""",C[C@H]([C@@H](C(=O)O)N)OP(=O)(O)S,22,12,9,4,3,3,True,1,215.0017,1,1,2,0,special-reference,rule-based,当前仅适合作为特殊构件或结构参考，不进入普通单体推荐层,evidence-reviewed-residue,modified-single-residue,CCD只列出一个标准氨基酸母体THR；修饰或用途状态单独记录，不否定其非标准残基身份。
TAV,"""N-METHYL-N-{2-[(2-NAPHTHYLSULFONYL)AMINO]-5-[(2-NAPHTHYLSULFONYL)OXY]BENZOYL}-L-ASPARTIC ACID""","""L-PEPTIDE LINKING""",ASP,?,"""C32 H26 N2 O10 S2""",CN([C@@H](CC(=O)O)C(=O)O)C(=O)c1cc(ccc1NS(=O)(=O)c2ccc3ccccc3c2)OS(=O)(=O)c4ccc5ccccc5c4,,,,,,,True,1,662.1029,2,3,2,1,excluded-nonmonomer,rule-based,结构规则或人工审核已给出明确非单体/排除结论,evidence-reviewed-residue,modified-single-residue,CCD只列出一个标准氨基酸母体ASP；修饰或用途状态单独记录，不否定其非标准残基身份。
TCQ,"""(1S,2R)-N-{(1E)-5-[(2S)-2-amino-2-carboxyethyl]-2-hydroxy-4-oxocyclohexa-2,5-dien-1-ylidene}-2-phenylcyclopropanaminium""","""L-PEPTIDE LINKING""",TYR,?,"""C18 H19 N2 O4""",c1ccc(cc1)[C@H]2C[C@@H]2/[NH+]=C/3\C=C(C(=O)C=C3O)C[C@@H](C(=O)O)N,43,24,9,4,3,3,True,1,327.1339,1,1,2,0,special-reference,rule-based,当前仅适合作为特殊构件或结构参考，不进入普通单体推荐层,evidence-reviewed-residue,modified-single-residue,CCD只列出一个标准氨基酸母体TYR；修饰或用途状态单独记录，不否定其非标准残基身份。
TFR,"""(2R)-2-amino-7-oxo-7-{[(2R,3S)-4,4,4-trifluoro-3-hydroxybutan-2-yl]amino}heptanoic acid""","""D-PEPTIDE LINKING""",?,?,"""C11 H19 F3 N2 O4""",C[C@H]([C@@H](C(F)(F)F)O)NC(=O)CCCC[C@H](C(=O)O)N,39,20,,,,,True,1,300.1297,1,2,2,1,special-reference,rule-based,当前仅适合作为特殊构件或结构参考，不进入普通单体推荐层,evidence-reviewed-residue,single-amino-acid-or-direct-derivative,官方结构为单一连通分子，含氨基酸主链或直接氨基酸衍生骨架，且未显示多残基母体或多肽结构。
TGH,"""6-{[(S)-carboxy(hydroxy)methyl]amino}-7-hydroxy-L-tryptophan""","""L-peptide linking""",TRP,?,"""C13 H15 N3 O6""",c1cc(c(c2c1c(c[nH]2)C[C@@H](C(=O)O)N)O)N[C@H](C(=O)O)O,37,22,,,,,True,1,309.0961,2,2,2,0,special-reference,rule-based,当前仅适合作为特殊构件或结构参考，不进入普通单体推荐层,evidence-reviewed-residue,modified-single-residue,CCD只列出一个标准氨基酸母体TRP；修饰或用途状态单独记录，不否定其非标准残基身份。
THO,"""REDUCED THREONINE""","""L-PEPTIDE LINKING""",?,?,"""C4 H11 N O2""",C[C@H]([C@@H](CO)N)O,18,7,10,5,3,1,True,1,105.079,0,0,,0,excluded-nonmonomer,rule-based,结构规则或人工审核已给出明确非单体/排除结论,special-reference,amino-acid-derived-special-structure,结构来源于氨基酸，但属于多单元加合物、反应状态、还原端／醛、完整肽模拟构件或羧酸生物电子等排体；不作为普通非天然氨基酸残基。
THZ,"""1-[(4S)-4-amino-5-(1,3-benzothiazol-2-yl)-5-oxopentyl]guanidine""","""L-PEPTIDE LINKING""",ARG,?,"""C13 H17 N5 O S""",[H]/N=C(/N)\NCCC[C@@H](C(=O)c1nc2ccccc2s1)N,37,20,7,2,3,1,True,1,291.1154,0,0,,0,excluded-nonmonomer,rule-based,结构规则或人工审核已给出明确非单体/排除结论,evidence-reviewed-residue,modified-single-residue,CCD只列出一个标准氨基酸母体ARG；修饰或用途状态单独记录，不否定其非标准残基身份。
TJI,"""ethyl 3-bromanyl-2-methyl-propanoate""","""peptide linking""",?,?,"""C6 H11 Br O2""",CCOC(=O)C(C)CBr,20,9,,,,1,True,1,193.9942,0,1,,0,excluded-nonmonomer,rule-based,结构规则或人工审核已给出明确非单体/排除结论,excluded-nonmonomer,no-amino-acid-backbone,官方结构虽被赋予肽链连接类型，但缺少可作为单一氨基酸理解的氨基酸骨架，保留作CCD追溯而不进入非天然氨基酸库。
TNB,"""S-(2,3,6-TRINITROPHENYL)CYSTEINE""","""L-PEPTIDE LINKING""",CYS,?,"""C9 H8 N4 O8 S""",c1c(cc(c(c1[N+](=O)[O-])SC[C@@H](C(=O)O)N)[N+](=O)[O-])[N+](=O)[O-],,,,,,,True,1,332.0063,1,1,2,0,special-reference,rule-based,当前仅适合作为特殊构件或结构参考，不进入普通单体推荐层,evidence-reviewed-residue,modified-single-residue,CCD只列出一个标准氨基酸母体CYS；修饰或用途状态单独记录，不否定其非标准残基身份。
TPK,"""(1R)-1-[(2S)-pyrrolidin-2-yl]ethane-1,2-diol""","""L-PEPTIDE LINKING""",PRO,?,"""C6 H13 N O2""",C1C[C@H](NC1)[C@H](CO)O,,,,,,,True,1,131.0946,0,0,,0,excluded-nonmonomer,rule-based,结构规则或人工审核已给出明确非单体/排除结论,evidence-reviewed-residue,modified-single-residue,CCD只列出一个标准氨基酸母体PRO；修饰或用途状态单独记录，不否定其非标准残基身份。
TPL,TRYPTOPHANOL,"""L-PEPTIDE LINKING""",TRP,?,"""C11 H14 N2 O""",c1ccc2c(c1)c(c[nH]2)C[C@@H](CO)N,28,14,10,5,3,1,True,1,190.1106,0,0,,0,excluded-nonmonomer,rule-based,结构规则或人工审核已给出明确非单体/排除结论,evidence-reviewed-residue,modified-single-residue,CCD只列出一个标准氨基酸母体TRP；修饰或用途状态单独记录，不否定其非标准残基身份。
TPO,PHOSPHOTHREONINE,"""L-PEPTIDE LINKING""",THR,?,"""C4 H10 N O6 P""",C[C@H]([C@@H](C(=O)O)N)OP(=O)(O)O,22,12,9,4,3,3,True,1,199.0246,1,1,2,0,special-reference,rule-based,当前仅适合作为特殊构件或结构参考，不进入普通单体推荐层,evidence-reviewed-residue,modified-single-residue,CCD只列出一个标准氨基酸母体THR；修饰或用途状态单独记录，不否定其非标准残基身份。
TQI,"""N-{[4-CHLORO-3-(TRIFLUOROMETHYL)PHENYL]SULFONYL}-L-TRYPTOPHAN""","""L-PEPTIDE LINKING""",TRP,?,"""C18 H14 Cl F3 N2 O4 S""",c1ccc2c(c1)c(c[nH]2)C[C@@H](C(=O)O)NS(=O)(=O)c3ccc(c(c3)C(F)(F)F)Cl,,,,,,,True,1,446.0315,1,1,2,0,special-reference,rule-based,当前仅适合作为特殊构件或结构参考，不进入普通单体推荐层,evidence-reviewed-residue,modified-single-residue,CCD只列出一个标准氨基酸母体TRP；修饰或用途状态单独记录，不否定其非标准残基身份。
TRW,"""TRW3-(2-AMINO-3-HYDROXY-PROPYL)-6-(N'-CYCLOHEXYL-HYDRAZINO)OCTAHYDRO-INDOL-7-OL""","""L-PEPTIDE LINKING""",TRP,?,"""C17 H18 N4 O2""",c1ccc(cc1)NNc2ccc3c(c[nH]c3c2O)C[C@@H](C=O)N,41,23,,,,1,True,1,310.143,0,0,,0,excluded-nonmonomer,rule-based,结构规则或人工审核已给出明确非单体/排除结论,evidence-reviewed-residue,modified-single-residue,CCD只列出一个标准氨基酸母体TRP；修饰或用途状态单独记录，不否定其非标准残基身份。
TSQ,"""4-(trimethylsilyl)-L-phenylalanine""","""L-peptide linking""",PHE,?,"""C12 H19 N O2 Si""",C[Si](C)(C)c1ccc(cc1)C[C@@H](C(=O)O)N,35,16,9,4,3,3,True,1,237.1185,1,1,2,0,special-reference,rule-based,当前仅适合作为特殊构件或结构参考，不进入普通单体推荐层,evidence-reviewed-residue,modified-single-residue,CCD只列出一个标准氨基酸母体PHE；修饰或用途状态单独记录，不否定其非标准残基身份。
TST,"""4-METHYL-2-{[4-(TOLUENE-4-SULFONYL)-THIOMORPHOLINE-3-CARBONYL]-AMINO}-PENTANOIC ACID""","""L-PEPTIDE LINKING""",?,?,"""C18 H26 N2 O5 S2""",Cc1ccc(cc1)S(=O)(=O)N2CCSC[C@H]2C(=O)N[C@@H](CC(C)C)C(=O)O,,,,,,,True,1,414.1283,1,2,2,1,special-reference,rule-based,当前仅适合作为特殊构件或结构参考，不进入普通单体推荐层,evidence-reviewed-residue,single-amino-acid-or-direct-derivative,官方结构为单一连通分子，含氨基酸主链或直接氨基酸衍生骨架，且未显示多残基母体或多肽结构。
TTS,"""3-((3E)-4-HYDROXY-3-{[2-(4-HYDROXYPHENYL)ETHYL]IMINO}-6-OXOCYCLOHEXA-1,4-DIEN-1-YL)ALANINE""","""L-PEPTIDE LINKING""",TYR,?,"""C17 H18 N2 O5""",c1cc(ccc1CC/N=C/2\C=C(C(=O)C=C2O)C[C@@H](C(=O)O)N)O,42,24,9,4,3,3,True,1,330.1216,1,1,2,0,special-reference,rule-based,当前仅适合作为特殊构件或结构参考，不进入普通单体推荐层,evidence-reviewed-residue,modified-single-residue,CCD只列出一个标准氨基酸母体TYR；修饰或用途状态单独记录，不否定其非标准残基身份。
TY8,"""2,4-bis(hydroperoxy)-5-hydroxy-L-phenylalanine""","""L-peptide linking""",TYR,?,"""C9 H11 N O7""",c1c(c(cc(c1O)OO)OO)C[C@@H](C(=O)O)N,28,17,9,4,3,3,True,1,245.0536,1,1,2,0,special-reference,rule-based,当前仅适合作为特殊构件或结构参考，不进入普通单体推荐层,evidence-reviewed-residue,modified-single-residue,CCD只列出一个标准氨基酸母体TYR；修饰或用途状态单独记录，不否定其非标准残基身份。
TY9,"""3,4-bis(hydroperoxy)-5-hydroxy-L-phenylalanine""","""L-peptide linking""",TYR,?,"""C9 H11 N O7""",c1c(cc(c(c1O)OO)OO)C[C@@H](C(=O)O)N,28,17,,,,2,True,1,245.0536,1,1,2,0,special-reference,rule-based,当前仅适合作为特殊构件或结构参考，不进入普通单体推荐层,evidence-reviewed-residue,modified-single-residue,CCD只列出一个标准氨基酸母体TYR；修饰或用途状态单独记录，不否定其非标准残基身份。
TYB,TYROSINAL,"""L-PEPTIDE LINKING""",TYR,?,"""C9 H11 N O2""",c1cc(ccc1C[C@@H](C=O)N)O,23,12,8,3,3,1,True,1,165.079,0,0,,0,excluded-nonmonomer,rule-based,结构规则或人工审核已给出明确非单体/排除结论,evidence-reviewed-residue,modified-single-residue,CCD只列出一个标准氨基酸母体TYR；修饰或用途状态单独记录，不否定其非标准残基身份。
TYE,"""4-[(2S)-2-amino-3-hydroxypropyl]phenol""","""L-PEPTIDE LINKING""",TYR,?,"""C9 H13 N O2""",c1cc(ccc1C[C@@H](CO)N)O,25,12,10,5,3,3,True,1,167.0946,0,0,,0,excluded-nonmonomer,rule-based,结构规则或人工审核已给出明确非单体/排除结论,evidence-reviewed-residue,modified-single-residue,CCD只列出一个标准氨基酸母体TYR；修饰或用途状态单独记录，不否定其非标准残基身份。
TYI,"3,5-DIIODOTYROSINE","""L-PEPTIDE LINKING""",TYR,?,"""C9 H9 I2 N O3""",c1c(cc(c(c1I)O)I)C[C@@H](C(=O)O)N,24,15,9,4,3,3,True,1,432.8672,1,1,2,0,special-reference,rule-based,当前仅适合作为特殊构件或结构参考，不进入普通单体推荐层,evidence-reviewed-residue,modified-single-residue,CCD只列出一个标准氨基酸母体TYR；修饰或用途状态单独记录，不否定其非标准残基身份。
TYN,AMINOBENZOFURAZAN-O-TYROSINE,"""L-PEPTIDE LINKING""",TYR,?,"""C15 H16 N4 O4""",c1cc(ccc1C[C@@H](C(=O)O)N)Oc2ccc(c3c2NON3)N,39,23,,,,3,True,1,316.1172,1,1,2,0,special-reference,rule-based,当前仅适合作为特殊构件或结构参考，不进入普通单体推荐层,evidence-reviewed-residue,modified-single-residue,CCD只列出一个标准氨基酸母体TYR；修饰或用途状态单独记录，不否定其非标准残基身份。
TYT,"""TYROSINE DERIVATIVE""","""L-PEPTIDE LINKING""",TYR,?,"""C18 H20 N2 O4""",c1ccc(cc1)C2CC2/N=C/3\CC(C(=O)C=C3O)C[C@@H](C(=O)O)N,44,24,9,4,3,3,True,1,328.1423,1,1,2,0,special-reference,rule-based,当前仅适合作为特殊构件或结构参考，不进入普通单体推荐层,evidence-reviewed-residue,modified-single-residue,CCD只列出一个标准氨基酸母体TYR；修饰或用途状态单独记录，不否定其非标准残基身份。
UF0,"""O-[(R)-hydroxy{[(3R)-3-hydroxy-4-{[3-({2-[(hydroxyacetyl)amino]ethyl}amino)-3-oxopropyl]amino}-2,2-dimethyl-4-oxobutyl]oxy}phosphoryl]-L-serine""","""L-PEPTIDE LINKING""",SER,?,"""C16 H31 N4 O11 P""",CC(C)(CO[P@@](=O)(O)OC[C@@H](C(=O)O)N)[C@H](C(=O)NCCC(=O)NCCNC(=O)CO)O,63,32,,,,3,True,1,486.1727,1,4,2,3,excluded-nonmonomer,rule-based,结构规则或人工审核已给出明确非单体/排除结论,evidence-reviewed-residue,modified-single-residue,CCD只列出一个标准氨基酸母体SER；修饰或用途状态单独记录，不否定其非标准残基身份。
UJR,"""(2~{R})-2-azanyl-3-(5-iodanylpyrimidin-2-yl)sulfanyl-propanal""","""L-peptide linking""",CYS,?,"""C7 H8 I N3 O S""",c1c(cnc(n1)SC[C@@H](C=O)N)I,21,13,8,3,3,1,True,1,308.9433,0,0,,0,excluded-nonmonomer,rule-based,结构规则或人工审核已给出明确非单体/排除结论,evidence-reviewed-residue,modified-single-residue,CCD只列出一个标准氨基酸母体CYS；修饰或用途状态单独记录，不否定其非标准残基身份。
UKD,"""3-(4-phosphono-1H-1,2,3-triazol-1-yl)-L-alanine""","""L-peptide linking""",?,?,"""C5 H9 N4 O5 P""",c1c(nnn1C[C@@H](C(=O)O)N)P(=O)(O)O,24,15,9,4,3,3,True,1,236.0311,1,1,2,0,special-reference,rule-based,当前仅适合作为特殊构件或结构参考，不进入普通单体推荐层,evidence-reviewed-residue,single-amino-acid-or-direct-derivative,官方结构为单一连通分子，含氨基酸主链或直接氨基酸衍生骨架，且未显示多残基母体或多肽结构。
UKY,"""3-(5-phosphono-1H-1,2,3-triazol-1-yl)-L-alanine""","""L-peptide linking""",?,?,"""C5 H9 N4 O5 P""",c1c(n(nn1)C[C@@H](C(=O)O)N)P(=O)(O)O,24,15,9,4,3,3,True,1,236.0311,1,1,2,0,special-reference,rule-based,当前仅适合作为特殊构件或结构参考，不进入普通单体推荐层,evidence-reviewed-residue,single-amino-acid-or-direct-derivative,官方结构为单一连通分子，含氨基酸主链或直接氨基酸衍生骨架，且未显示多残基母体或多肽结构。
UM2,"""(2S)-2-amino-N-butyl-propanamide""","""L-peptide linking""",ALA,?,"""C7 H16 N2 O""",CCCCNC(=O)[C@H](C)N,26,10,,,,,True,1,144.1263,0,1,2,1,excluded-nonmonomer,rule-based,结构规则或人工审核已给出明确非单体/排除结论,evidence-reviewed-residue,modified-single-residue,CCD只列出一个标准氨基酸母体ALA；修饰或用途状态单独记录，不否定其非标准残基身份。
UMA,"""URIDINE-5'-DIPHOSPHATE-N-ACETYLMURAMOYL-L-ALANINE""","""L-PEPTIDE LINKING""",ALA,?,"""C23 H36 N4 O20 P2""",C[C@@H](C(=O)O)NC(=O)[C@@H](C)O[C@@H]1[C@H]([C@H](O[C@@H]([C@H]1O)CO)O[P@@](=O)(O)O[P@](=O)(O)OC[C@@H]2[C@H]([C@H]([C@@H](O2)N3C=CC(=O)NC3=O)O)O)NC(=O)C,85,49,,,,,True,1,750.1398,1,3,2,2,excluded-nonmonomer,rule-based,结构规则或人工审核已给出明确非单体/排除结论,evidence-reviewed-residue,modified-single-residue,CCD只列出一个标准氨基酸母体ALA；修饰或用途状态单独记录，不否定其非标准残基身份。
V3E,"""(2~{S})-2-azanyl-3-(2-hydroxyphenyl)propanoic acid""","""L-peptide linking""",PHE,?,"""C10 H13 N O3""",COC(=O)[C@H](Cc1ccccc1O)N,27,14,,,,,True,1,195.0895,0,1,2,0,excluded-nonmonomer,rule-based,结构规则或人工审核已给出明确非单体/排除结论,evidence-reviewed-residue,modified-single-residue,CCD只列出一个标准氨基酸母体PHE；修饰或用途状态单独记录，不否定其非标准残基身份。
V44,"""S-[2,2-bis(1-methyl-1H-imidazol-2-yl)ethyl]-L-cysteine""","""L-peptide linking""",CYS,?,"""C13 H19 N5 O2 S""",Cn1ccnc1C(CSC[C@@H](C(=O)O)N)c2nccn2C,40,21,9,4,3,3,True,1,309.1259,1,1,2,0,special-reference,rule-based,当前仅适合作为特殊构件或结构参考，不进入普通单体推荐层,evidence-reviewed-residue,modified-single-residue,CCD只列出一个标准氨基酸母体CYS；修饰或用途状态单独记录，不否定其非标准残基身份。
V4F,"""8-(aminomethyl)-4-(phosphonomethoxy)quinoline-2-carboxylic acid""","""peptide linking""",V4F,?,"""C12 H13 N2 O6 P""",c1cc(c2c(c1)c(cc(n2)C(=O)O)OCP(=O)(O)O)CN,34,21,14,4,3,3,True,1,312.0511,1,1,,0,special-reference,rule-based,当前仅适合作为特殊构件或结构参考，不进入普通单体推荐层,special-reference,amino-acid-derived-special-structure,结构来源于氨基酸，但属于多单元加合物、反应状态、还原端／醛、完整肽模拟构件或羧酸生物电子等排体；不作为普通非天然氨基酸残基。
V53,"""8-azanyl-4-(phosphonomethoxy)quinoline-2-carboxylic acid""","""peptide linking""",ES1,?,"""C11 H11 N2 O6 P""",c1cc2c(cc(nc2c(c1)N)C(=O)O)OCP(=O)(O)O,31,20,11,4,3,3,True,1,298.0355,1,1,,0,special-reference,rule-based,当前仅适合作为特殊构件或结构参考，不进入普通单体推荐层,special-reference,amino-acid-derived-special-structure,结构来源于氨基酸，但属于多单元加合物、反应状态、还原端／醛、完整肽模拟构件或羧酸生物电子等排体；不作为普通非天然氨基酸残基。
V61,"2,3,5,6-tetrafluoro-4-iodo-L-phenylalanine","""L-peptide linking""",PHE,?,"""C9 H6 F4 I N O2""",C(c1c(c(c(c(c1F)F)I)F)F)[C@@H](C(=O)O)N,23,17,9,4,3,3,True,1,362.9379,1,1,2,0,special-reference,rule-based,当前仅适合作为特殊构件或结构参考，不进入普通单体推荐层,evidence-reviewed-residue,modified-single-residue,CCD只列出一个标准氨基酸母体PHE；修饰或用途状态单独记录，不否定其非标准残基身份。
VB1,"""N^6^-[(1R)-2-{[(1S)-1-carboxypropyl]amino}-2-oxo-1-(sulfanylmethyl)ethyl]-6-oxo-L-lysine""","""L-PEPTIDE LINKING""",LYS,?,"""C13 H23 N3 O6 S""",CC[C@@H](C(=O)O)NC(=O)[C@H](CS)NC(=O)CCC[C@@H](C(=O)O)N,,,,,,,True,1,349.1308,2,4,2,2,special-reference,rule-based,当前仅适合作为特殊构件或结构参考，不进入普通单体推荐层,evidence-reviewed-residue,modified-single-residue,CCD只列出一个标准氨基酸母体LYS；修饰或用途状态单独记录，不否定其非标准残基身份。
VDE,"""(2S)-2-azanyl-6-[4-[(2S)-2,3-bis(azanyl)-3-oxidanylidene-propyl]-1,2,3-triazol-1-yl]hexanoic acid""","""peptide linking""",?,?,"""C11 H20 N6 O3""",c1c(nnn1CCCC[C@@H](C(=O)O)N)C[C@@H](C(=O)N)N,40,20,9,4,3,3,True,1,284.1597,1,2,2,1,special-reference,rule-based,当前仅适合作为特殊构件或结构参考，不进入普通单体推荐层,evidence-reviewed-residue,single-amino-acid-or-direct-derivative,官方结构为单一连通分子，含氨基酸主链或直接氨基酸衍生骨架，且未显示多残基母体或多肽结构。
VHF,"""(2~{S})-2-azanyl-5-oxidanylidene-5-phosphonooxy-pentanoic acid""","""L-peptide linking""",GLU,?,"""C5 H10 N O7 P""",C(CC(=O)OP(=O)(O)O)[C@@H](C(=O)O)N,24,14,9,4,3,3,True,1,227.0195,1,2,2,0,special-reference,rule-based,当前仅适合作为特殊构件或结构参考，不进入普通单体推荐层,evidence-reviewed-residue,modified-single-residue,CCD只列出一个标准氨基酸母体GLU；修饰或用途状态单独记录，不否定其非标准残基身份。
VLM,VALINYLAMINE,"""L-PEPTIDE LINKING""",?,?,"""C5 H12 N2 O""",CC(C)[C@@H](C(=O)N)N,20,8,,,,1,True,1,116.095,0,1,2,1,excluded-nonmonomer,rule-based,结构规则或人工审核已给出明确非单体/排除结论,special-reference,amino-acid-derived-special-structure,结构来源于氨基酸，但属于多单元加合物、反应状态、还原端／醛、完整肽模拟构件或羧酸生物电子等排体；不作为普通非天然氨基酸残基。
VMS,"""5'O-[N-(L-VALYL)SULPHAMOYL]ADENOSINE""","""L-PEPTIDE LINKING""",?,?,"""C15 H23 N7 O7 S""",CC(C)[C@@H](C(=O)NS(=O)(=O)OC[C@@H]1[C@H]([C@H]([C@@H](O1)n2cnc3c2ncnc3N)O)O)N,,,,,,,True,1,445.138,0,1,2,1,excluded-nonmonomer,rule-based,结构规则或人工审核已给出明确非单体/排除结论,special-reference,amino-acid-derived-special-structure,结构来源于氨基酸，但属于多单元加合物、反应状态、还原端／醛、完整肽模拟构件或羧酸生物电子等排体；不作为普通非天然氨基酸残基。
VOL,L-VALINOL,"""L-PEPTIDE LINKING""",?,?,"""C5 H13 N O""",CC(C)[C@@H](CO)N,20,7,10,5,3,3,True,1,103.0997,0,0,,0,excluded-nonmonomer,rule-based,结构规则或人工审核已给出明确非单体/排除结论,special-reference,amino-acid-derived-special-structure,结构来源于氨基酸，但属于多单元加合物、反应状态、还原端／醛、完整肽模拟构件或羧酸生物电子等排体；不作为普通非天然氨基酸残基。
VPV,"""(2E,4R)-2-{[(5S)-5-amino-5-carboxypentyl]imino}-4-hydroxyheptanedioic acid""","""L-peptide linking""",LYS,?,"""C13 H22 N2 O7""",C(CC/N=C(\C[C@@H](CCC(=O)O)O)/C(=O)O)C[C@@H](C(=O)O)N,44,22,9,4,3,3,True,1,318.1427,3,3,2,0,special-reference,rule-based,当前仅适合作为特殊构件或结构参考，不进入普通单体推荐层,evidence-reviewed-residue,modified-single-residue,CCD只列出一个标准氨基酸母体LYS；修饰或用途状态单独记录，不否定其非标准残基身份。
VUB,"""2-[4-[(4-hydroxyphenyl)methyl]-2-(3-methylbutanimidoyl)-5-oxidanyl-imidazol-1-yl]ethanoic acid""","""L-peptide linking""","LEU,TYR,GLY",?,"""C17 H21 N3 O4""",[H]/N=C(/CC(C)C)\c1nc(c(n1CC(=O)O)O)Cc2ccc(cc2)O,45,24,17,4,2,3,True,1,331.1532,1,1,2,0,special-reference,rule-based,当前仅适合作为特殊构件或结构参考，不进入普通单体推荐层,special-reference,multi-residue-derived,CCD列出多个母体残基（LEU / TYR / GLY），属于多残基融合、成熟或发色团结构，不作为一个独立非天然氨基酸。
VYA,"""2-[(4~{Z})-2-[(1~{S})-1-azanyl-3-methyl-butyl]-4-[(4-hydroxyphenyl)methylidene]-5-oxidanylidene-imidazol-1-yl]ethanoic acid""","""L-PEPTIDE LINKING""","""LEU, TYR, GLY""",?,"""C17 H21 N3 O4""",CC(C)C[C@@H](C1=N/C(=C\c2ccc(cc2)O)/C(=O)N1CC(=O)O)N,45,24,18,4,3,3,True,1,331.1532,1,2,2,1,excluded-nonmonomer,rule-based,结构规则或人工审核已给出明确非单体/排除结论,special-reference,multi-residue-derived,CCD列出多个母体残基（LEU / TYR / GLY），属于多残基融合、成熟或发色团结构，不作为一个独立非天然氨基酸。
WCM,"""(2S)-2-amino-3-(biphenyl-4-yl)-N-methyl-N-[(2S)-1-oxopropan-2-yl]propanamide (non-preferred name)""","""peptide linking""",?,?,"""C19 H22 N2 O3""",C[C@@H](C(=O)O)N(C)C(=O)[C@H](Cc1ccc(cc1)c2ccccc2)N,46,24,,,,2,True,1,326.163,1,2,2,1,special-reference,rule-based,当前仅适合作为特殊构件或结构参考，不进入普通单体推荐层,special-reference,amino-acid-derived-special-structure,结构来源于氨基酸，但属于多单元加合物、反应状态、还原端／醛、完整肽模拟构件或羧酸生物电子等排体；不作为普通非天然氨基酸残基。
WRP,"""(betaR)-beta-hydroxy-1-[(3R)-3-hydroxy-2-methylbutan-2-yl]-L-tryptophan""","""L-PEPTIDE LINKING""",TRP,?,"""C16 H22 N2 O4""",C[C@H](C(C)(C)n1cc(c2c1cccc2)[C@H]([C@@H](C(=O)O)N)O)O,44,22,9,4,3,3,True,1,306.158,1,1,2,0,special-reference,rule-based,当前仅适合作为特殊构件或结构参考，不进入普通单体推荐层,evidence-reviewed-residue,modified-single-residue,CCD只列出一个标准氨基酸母体TRP；修饰或用途状态单独记录，不否定其非标准残基身份。
X1B,"""{(4Z)-2-[(1S)-1-amino-2-(1-methyl-1H-imidazol-5-yl)ethyl]-4-[(4-hydroxyphenyl)methylidene]-5-oxo-4,5-dihydro-1H-imidazol-1-yl}acetaldehyde""","""L-peptide linking""","""HIS, TYR, GLY""",?,"""C18 H19 N5 O4""",Cn1cncc1C[C@@H](C2=N/C(=C\c3ccc(cc3)O)/C(=O)N2CC(=O)O)N,46,27,18,4,3,3,True,1,369.1437,1,2,2,1,special-reference,rule-based,当前仅适合作为特殊构件或结构参考，不进入普通单体推荐层,special-reference,multi-residue-derived,CCD列出多个母体残基（HIS / TYR / GLY），属于多残基融合、成熟或发色团结构，不作为一个独立非天然氨基酸。
X2W,"""N-ACETYL-L-GLUTAMYL 5-PHOSPHATE""","""L-PEPTIDE LINKING""",GLU,?,"""C7 H12 N O8 P""",CC(=O)N[C@@H](CCC(=O)OP(=O)(O)O)C(=O)O,,,,,,,True,1,269.0301,1,3,2,1,excluded-nonmonomer,rule-based,结构规则或人工审核已给出明确非单体/排除结论,evidence-reviewed-residue,modified-single-residue,CCD只列出一个标准氨基酸母体GLU；修饰或用途状态单独记录，不否定其非标准残基身份。
X5U,"""(S)-alpha-methyl-4-Iodophenylalanine""","""L-peptide linking""",PHE,?,"""C10 H12 I N O2""",C[C@](Cc1ccc(cc1)I)(C(=O)O)N,26,14,8,4,3,3,True,1,304.9913,1,1,2,0,special-reference,rule-based,当前仅适合作为特殊构件或结构参考，不进入普通单体推荐层,evidence-reviewed-residue,modified-single-residue,CCD只列出一个标准氨基酸母体PHE；修饰或用途状态单独记录，不否定其非标准残基身份。
XOK,"""(2~{S})-2-azanyl-6-[[(6~{S})-6-sulfanyloctanoyl]amino]hexanoic acid""","""L-peptide linking""",lys,?,"""C14 H28 N2 O3 S""",CC[C@@H](CCCCC(=O)NCCCC[C@@H](C(=O)O)N)S,48,20,,,,3,True,1,304.1821,1,2,2,1,special-reference,rule-based,当前仅适合作为特殊构件或结构参考，不进入普通单体推荐层,evidence-reviewed-residue,modified-single-residue,CCD只列出一个标准氨基酸母体LYS；修饰或用途状态单独记录，不否定其非标准残基身份。
XX1,N~6~-7H-PURIN-6-YL-L-LYSINE,"""L-PEPTIDE LINKING""",LYS,?,"""C11 H16 N6 O2""",c1[nH]c2c(n1)ncnc2NCCCC[C@@H](C(=O)O)N,35,19,9,4,3,3,True,1,264.1335,1,1,2,0,special-reference,rule-based,当前仅适合作为特殊构件或结构参考，不进入普通单体推荐层,evidence-reviewed-residue,modified-single-residue,CCD只列出一个标准氨基酸母体LYS；修饰或用途状态单独记录，不否定其非标准残基身份。
Y28,"""O-benzyl-N-(carboxycarbonyl)-D-tyrosine""","""D-PEPTIDE LINKING""",?,?,"""C18 H17 N O6""",c1ccc(cc1)COc2ccc(cc2)C[C@H](C(=O)O)NC(=O)C(=O)O,,,,,,,True,1,343.1056,2,3,2,1,special-reference,rule-based,当前仅适合作为特殊构件或结构参考，不进入普通单体推荐层,evidence-reviewed-residue,single-amino-acid-or-direct-derivative,官方结构为单一连通分子，含氨基酸主链或直接氨基酸衍生骨架，且未显示多残基母体或多肽结构。
YPR,"""(4R)-4-[(7-methoxy-2-phenylquinolin-4-yl)oxy]-L-proline""","""L-PEPTIDE LINKING""",PRO,?,"""C21 H20 N2 O4""",COc1ccc2c(c1)nc(cc2O[C@@H]3C[C@H](NC3)C(=O)O)c4ccccc4,,,,,,,True,1,364.1423,1,1,2,0,special-reference,rule-based,当前仅适合作为特殊构件或结构参考，不进入普通单体推荐层,evidence-reviewed-residue,modified-single-residue,CCD只列出一个标准氨基酸母体PRO；修饰或用途状态单独记录，不否定其非标准残基身份。
YPZ,"""3-[(3Z)-4-hydroxy-6-oxo-3-(2-phenylhydrazinylidene)cyclohexa-1,4-dien-1-yl]-L-alanine""","""L-PEPTIDE LINKING""",TYR,?,"""C15 H15 N3 O4""",c1ccc(cc1)N/N=C\2/C=C(C(=O)C=C2O)C[C@@H](C(=O)O)N,37,22,9,4,3,3,True,1,301.1063,1,1,2,0,special-reference,rule-based,当前仅适合作为特殊构件或结构参考，不进入普通单体推荐层,evidence-reviewed-residue,modified-single-residue,CCD只列出一个标准氨基酸母体TYR；修饰或用途状态单独记录，不否定其非标准残基身份。
YTH,O-phosphono-L-allothreonine,"""L-peptide linking""",THR,?,"""C4 H10 N O6 P""",C[C@@H]([C@@H](C(=O)O)N)OP(=O)(O)O,22,12,9,4,3,3,True,1,199.0246,1,1,2,0,special-reference,rule-based,当前仅适合作为特殊构件或结构参考，不进入普通单体推荐层,evidence-reviewed-residue,modified-single-residue,CCD只列出一个标准氨基酸母体THR；修饰或用途状态单独记录，不否定其非标准残基身份。
Z50,"""3-{[(3-{[(2-aminoethyl)sulfanyl]methyl}-5-(4-methyl-1H-1,2,3-triazol-1-yl)phenyl)methyl]sulfanyl}propanoic acid""","""PEPTIDE LINKING""",?,?,"""C16 H22 N4 O2 S2""",Cc1cn(nn1)c2cc(cc(c2)CSCCN)CSCCC(=O)O,46,24,31,4,3,4,True,1,366.1184,1,1,,0,special-reference,rule-based,当前仅适合作为特殊构件或结构参考，不进入普通单体推荐层,evidence-reviewed-residue,extended-or-aromatic-amino-acid,官方结构含同一分子内可参与连接的氨基与羧酸体系；主链距离较长或位于芳香骨架，但仍属于单一非标准氨基酸。
ZAI,"""(2~{S})-2-azanyl-6-[[(~{R})-[2-methyl-3-oxidanyl-5-(phosphonooxymethyl)pyridin-4-yl]-[[(2~{S})-1-oxidanyl-1-oxidanylidene-3-sulfanyl-propan-2-yl]amino]methyl]amino]hexanoic acid""","""peptide linking""",LYS,?,"""C17 H29 N4 O9 P S""",Cc1c(c(c(cn1)COP(=O)(O)O)[C@H](NCCCC[C@@H](C(=O)O)N)N[C@H](CS)C(=O)O)O,61,32,,,,2,True,1,496.1393,2,2,2,0,excluded-nonmonomer,rule-based,结构规则或人工审核已给出明确非单体/排除结论,evidence-reviewed-residue,modified-single-residue,CCD只列出一个标准氨基酸母体LYS；修饰或用途状态单独记录，不否定其非标准残基身份。
ZFB,"""(3R)-3-{[(BENZYLOXY)CARBONYL]AMINO}-2-OXO-4-PHENYLBUTANE-1-DIAZONIUM""","""L-PEPTIDE LINKING""",?,?,"""C18 H18 N3 O3""",c1ccc(cc1)C[C@H](C(=O)C[N+]#N)NC(=O)OCc2ccccc2,42,24,,,,,True,1,324.1343,0,2,,1,special-reference,rule-based,当前仅适合作为特殊构件或结构参考，不进入普通单体推荐层,special-reference,amino-acid-derived-special-structure,结构来源于氨基酸，但属于多单元加合物、反应状态、还原端／醛、完整肽模拟构件或羧酸生物电子等排体；不作为普通非天然氨基酸残基。
ZI0,N-MALONYL-PROLINE,"""L-PEPTIDE LINKING""",PRO,?,"""C8 H11 N O5""",C1CC(N(C1)C(=O)CC(=O)O)C(=O)O,25,14,7,4,1,2,True,1,201.0637,2,3,2,1,excluded-nonmonomer,rule-based,结构规则或人工审核已给出明确非单体/排除结论,evidence-reviewed-residue,modified-single-residue,CCD只列出一个标准氨基酸母体PRO；修饰或用途状态单独记录，不否定其非标准残基身份。
ZJU,"""N-SUCCINYL-ASPARTIC ACID""","""L-PEPTIDE LINKING""",ASP,?,"""C8 H11 N O7""",C(CC(=O)O)C(=O)NC(CC(=O)O)C(=O)O,27,16,8,4,2,2,True,1,233.0536,3,4,2,1,excluded-nonmonomer,rule-based,结构规则或人工审核已给出明确非单体/排除结论,evidence-reviewed-residue,modified-single-residue,CCD只列出一个标准氨基酸母体ASP；修饰或用途状态单独记录，不否定其非标准残基身份。
ZKO,N-SUCCINYL-GLUTAMINE,"""L-PEPTIDE LINKING""",GLN,?,"""C9 H14 N2 O6""",C(CC(=O)N)C(C(=O)O)NC(=O)CCC(=O)O,31,17,8,4,2,2,True,1,246.0852,2,4,2,2,excluded-nonmonomer,rule-based,结构规则或人工审核已给出明确非单体/排除结论,evidence-reviewed-residue,modified-single-residue,CCD只列出一个标准氨基酸母体GLN；修饰或用途状态单独记录，不否定其非标准残基身份。
ZQN,"""N-(TERT-BUTYLOXYCARBONYL)-VALINE""","""L-PEPTIDE LINKING""",VAL,?,"""C10 H19 N O4""",CC(C)C(C(=O)O)NC(=O)OC(C)(C)C,34,15,8,4,2,2,True,1,217.1314,1,3,2,1,excluded-nonmonomer,rule-based,结构规则或人工审核已给出明确非单体/排除结论,evidence-reviewed-residue,modified-single-residue,CCD只列出一个标准氨基酸母体VAL；修饰或用途状态单独记录，不否定其非标准残基身份。
ZRJ,"""tert-butyl (2S)-2-amino-2-(3,5-dimethoxyphenyl)acetate""","""L-PEPTIDE LINKING""",?,?,"""C14 H21 N O4""",CC(C)(C)OC(=O)C(c1cc(cc(c1)OC)OC)N,40,19,8,3,3,2,True,1,267.1471,0,1,2,0,excluded-nonmonomer,rule-based,结构规则或人工审核已给出明确非单体/排除结论,evidence-reviewed-residue,single-amino-acid-or-direct-derivative,官方结构为单一连通分子，含氨基酸主链或直接氨基酸衍生骨架，且未显示多残基母体或多肽结构。
ZT6,"""(betaR)-3-chloro-beta-{[tri(propan-2-yl)silyl]oxy}-L-tyrosine""","""L-peptide linking""",TYR,?,"""C18 H30 Cl N O4 Si""",CC(C)[Si](C(C)C)(C(C)C)O[C@H](c1ccc(c(c1)Cl)O)[C@@H](C(=O)O)N,55,25,9,4,3,4,True,1,387.1633,1,1,2,0,special-reference,rule-based,当前仅适合作为特殊构件或结构参考，不进入普通单体推荐层,evidence-reviewed-residue,modified-single-residue,CCD只列出一个标准氨基酸母体TYR；修饰或用途状态单独记录，不否定其非标准残基身份。
ZT9,"""(2R)-amino(4-methoxyphenyl)ethanethioic O-acid""","""D-peptide linking""",?,?,"""C9 H11 N O2 S""",COc1ccc(cc1)[C@H](C(=S)O)N,24,13,9,4,3,5,True,1,197.051,0,0,,0,excluded-nonmonomer,rule-based,结构规则或人工审核已给出明确非单体/排除结论,special-reference,amino-acid-derived-special-structure,结构来源于氨基酸，但属于多单元加合物、反应状态、还原端／醛、完整肽模拟构件或羧酸生物电子等排体；不作为普通非天然氨基酸残基。
ZTG,"""(betaR)-3-chloro-beta-{[tri(propan-2-yl)silyl]oxy}-D-tyrosine""","""D-peptide linking""",?,?,"""C18 H30 Cl N O4 Si""",CC(C)[Si](C(C)C)(C(C)C)O[C@H](c1ccc(c(c1)Cl)O)[C@H](C(=O)O)N,55,25,9,4,3,4,True,1,387.1633,1,1,2,0,special-reference,rule-based,当前仅适合作为特殊构件或结构参考，不进入普通单体推荐层,evidence-reviewed-residue,single-amino-acid-or-direct-derivative,官方结构为单一连通分子，含氨基酸主链或直接氨基酸衍生骨架，且未显示多残基母体或多肽结构。
ZV4,"""(2S)-2-azanyl-3-(4-phosphonophenyl)propanoic acid""","""L-peptide linking""",PHE,?,"""C9 H12 N O5 P""",c1cc(ccc1C[C@@H](C(=O)O)N)P(=O)(O)O,28,16,9,4,3,3,True,1,245.0453,1,1,2,0,special-reference,rule-based,当前仅适合作为特殊构件或结构参考，不进入普通单体推荐层,evidence-reviewed-residue,modified-single-residue,CCD只列出一个标准氨基酸母体PHE；修饰或用途状态单独记录，不否定其非标准残基身份。
ZYK,"""(4R)-4-({[(3,4-dimethoxyphenyl)carbonyl]amino}oxy)-L-proline""","""L-peptide linking""",PRO,?,"""C14 H18 N2 O6""",COc1ccc(cc1OC)C(=O)NO[C@@H]2C[C@H](NC2)C(=O)O,40,22,8,4,2,3,True,1,310.1165,1,2,2,1,special-reference,rule-based,当前仅适合作为特殊构件或结构参考，不进入普通单体推荐层,evidence-reviewed-residue,modified-single-residue,CCD只列出一个标准氨基酸母体PRO；修饰或用途状态单独记录，不否定其非标准残基身份。
ZZD,S-TRITYL-L-CYSTEINE,"""L-PEPTIDE LINKING""",CYS,?,"""C22 H21 N O2 S""",c1ccc(cc1)C(c2ccccc2)(c3ccccc3)SC[C@@H](C(=O)O)N,,,,,,,True,1,363.1293,1,1,2,0,excluded-nonmonomer,rule-based,结构规则或人工审核已给出明确非单体/排除结论,evidence-reviewed-residue,modified-single-residue,CCD只列出一个标准氨基酸母体CYS；修饰或用途状态单独记录，不否定其非标准残基身份。
ZZJ,N^2^-methyl-L-alaninamide,"""L-PEPTIDE LINKING""",ALA,?,"""C4 H10 N2 O""",C[C@@H](C(=O)N)NC,17,7,,,,,True,1,102.0793,0,1,2,1,excluded-nonmonomer,rule-based,结构规则或人工审核已给出明确非单体/排除结论,evidence-reviewed-residue,modified-single-residue,CCD只列出一个标准氨基酸母体ALA；修饰或用途状态单独记录，不否定其非标准残基身份。
