ccd_id,primary_parent,status,reason,change_summary,semantic_resolution,parent_coverage,derivative_coverage,interpretation_count,boundary
04V,PRO,semantic-resolved,已结合官方CCD化学名称与结构叠合完成化学区域消歧；不再强行选择对称或等价原子的序号,新增1个H、1个N；母体中少了1个O；新增部分连接到母体原子6（C）；检测到1处键级变化,脯氨酸末端羧基的C=O被改为C=NH，形成羧亚胺酸；羟基氧仍保留，原程序歧义来自羧基等价氧的映射,0.875,0.7778,2,二次核验用于解释结构差异；semantic-resolved表示化学改造区域已确定但不强行指定等价原子序号；complex-transformation-resolved表示该构件属于成环或骨架重构，不适合写成一个天然残基的单点替换。以上都不是性质实验结果。
0A2,LYS,second-pass-resolved,最大公共子结构覆盖母体70%、衍生物47%；得到唯一差异解释,新增1个B、4个C、3个O；母体中少了1个C、2个O；新增部分连接到母体原子3（C）,,0.7,0.4667,1,二次核验用于解释结构差异；semantic-resolved表示化学改造区域已确定但不强行指定等价原子序号；complex-transformation-resolved表示该构件属于成环或骨架重构，不适合写成一个天然残基的单点替换。以上都不是性质实验结果。
0AR,ARG,second-pass-resolved,最大公共子结构覆盖母体100%、衍生物75%；得到唯一差异解释,新增2个C、1个H、1个O；新增部分连接到母体原子11（N）、母体原子12（N）,,1.0,0.75,1,二次核验用于解释结构差异；semantic-resolved表示化学改造区域已确定但不强行指定等价原子序号；complex-transformation-resolved表示该构件属于成环或骨架重构，不适合写成一个天然残基的单点替换。以上都不是性质实验结果。
0E5,THR,semantic-resolved,已结合官方CCD化学名称与结构叠合完成化学区域消歧；不再强行选择对称或等价原子的序号,新增2个C；新增部分连接到母体原子1（C）、母体原子2（C）,"官方CCD化学名称“(2S,3R)-2-azanyl-3-methyl-3-oxidanyl-pentanoic acid”确定了改造区域；结构叠合覆盖天然母体100%。新增2个C；新增部分连接到母体原子1（C）、母体原子2（C）",1.0,0.8,2,二次核验用于解释结构差异；semantic-resolved表示化学改造区域已确定但不强行指定等价原子序号；complex-transformation-resolved表示该构件属于成环或骨架重构，不适合写成一个天然残基的单点替换。以上都不是性质实验结果。
0X9,ARG,second-pass-resolved,最大公共子结构覆盖母体100%、衍生物71%；得到唯一差异解释,新增1个H、1个N、2个O、1个S；新增部分连接到母体原子11（N）、母体原子7（N）,,1.0,0.7059,1,二次核验用于解释结构差异；semantic-resolved表示化学改造区域已确定但不强行指定等价原子序号；complex-transformation-resolved表示该构件属于成环或骨架重构，不适合写成一个天然残基的单点替换。以上都不是性质实验结果。
1PI,ALA,second-pass-resolved,最大公共子结构覆盖母体83%、衍生物33%；得到唯一差异解释,新增6个C、1个H、3个N；母体中少了1个O；新增部分连接到母体原子1（C）,,0.8333,0.3333,1,二次核验用于解释结构差异；semantic-resolved表示化学改造区域已确定但不强行指定等价原子序号；complex-transformation-resolved表示该构件属于成环或骨架重构，不适合写成一个天然残基的单点替换。以上都不是性质实验结果。
1TY,TYR,second-pass-resolved,最大公共子结构覆盖母体100%、衍生物57%；得到唯一差异解释,新增8个C、1个N、1个O；新增部分连接到母体原子2（C）、母体原子5（C）；检测到6处键级变化,,1.0,0.5652,1,二次核验用于解释结构差异；semantic-resolved表示化学改造区域已确定但不强行指定等价原子序号；complex-transformation-resolved表示该构件属于成环或骨架重构，不适合写成一个天然残基的单点替换。以上都不是性质实验结果。
23F,PHE,second-pass-resolved,最大公共子结构覆盖母体100%、衍生物100%；得到唯一差异解释,检测到1处键级变化,,1.0,1.0,1,二次核验用于解释结构差异；semantic-resolved表示化学改造区域已确定但不强行指定等价原子序号；complex-transformation-resolved表示该构件属于成环或骨架重构，不适合写成一个天然残基的单点替换。以上都不是性质实验结果。
2JG,SER,second-pass-resolved,最大公共子结构覆盖母体86%、衍生物46%；得到唯一差异解释,新增6个C、1个O；母体中少了1个O；新增部分连接到母体原子7（O）,,0.8571,0.4615,1,二次核验用于解释结构差异；semantic-resolved表示化学改造区域已确定但不强行指定等价原子序号；complex-transformation-resolved表示该构件属于成环或骨架重构，不适合写成一个天然残基的单点替换。以上都不是性质实验结果。
2KK,LYS,second-pass-resolved,最大公共子结构覆盖母体100%、衍生物53%；得到唯一差异解释,新增7个C、1个F、1个O；新增部分连接到母体原子4（N）,,1.0,0.5263,1,二次核验用于解释结构差异；semantic-resolved表示化学改造区域已确定但不强行指定等价原子序号；complex-transformation-resolved表示该构件属于成环或骨架重构，不适合写成一个天然残基的单点替换。以上都不是性质实验结果。
2KP,LYS,second-pass-resolved,最大公共子结构覆盖母体100%、衍生物53%；得到唯一差异解释,新增1个Br、7个C、1个O；新增部分连接到母体原子4（N）,,1.0,0.5263,1,二次核验用于解释结构差异；semantic-resolved表示化学改造区域已确定但不强行指定等价原子序号；complex-transformation-resolved表示该构件属于成环或骨架重构，不适合写成一个天然残基的单点替换。以上都不是性质实验结果。
2MR,ARG,second-pass-resolved,最大公共子结构覆盖母体100%、衍生物86%；得到唯一差异解释,新增2个C；新增部分连接到母体原子11（N）、母体原子12（N）；检测到2处键级变化,,1.0,0.8571,1,二次核验用于解释结构差异；semantic-resolved表示化学改造区域已确定但不强行指定等价原子序号；complex-transformation-resolved表示该构件属于成环或骨架重构，不适合写成一个天然残基的单点替换。以上都不是性质实验结果。
2MT,PRO,second-pass-resolved,最大公共子结构覆盖母体88%、衍生物70%；得到唯一差异解释,新增2个C、1个S；母体中少了1个C；新增部分连接到母体原子2（C）、母体原子5（C）；检测到1个立体中心方向变化,,0.875,0.7,1,二次核验用于解释结构差异；semantic-resolved表示化学改造区域已确定但不强行指定等价原子序号；complex-transformation-resolved表示该构件属于成环或骨架重构，不适合写成一个天然残基的单点替换。以上都不是性质实验结果。
2SO,HIS,second-pass-resolved,最大公共子结构覆盖母体100%、衍生物35%；得到唯一差异解释,新增18个C、2个O；新增部分连接到母体原子3（N）、母体原子5（N）,,1.0,0.3548,1,二次核验用于解释结构差异；semantic-resolved表示化学改造区域已确定但不强行指定等价原子序号；complex-transformation-resolved表示该构件属于成环或骨架重构，不适合写成一个天然残基的单点替换。以上都不是性质实验结果。
2VA,VAL,second-pass-resolved,最大公共子结构覆盖母体88%、衍生物27%；得到唯一差异解释,新增10个C、6个N、3个O；母体中少了1个O；新增部分连接到母体原子5（C）,,0.875,0.2692,1,二次核验用于解释结构差异；semantic-resolved表示化学改造区域已确定但不强行指定等价原子序号；complex-transformation-resolved表示该构件属于成环或骨架重构，不适合写成一个天然残基的单点替换。以上都不是性质实验结果。
30F,SEC,second-pass-resolved,最大公共子结构覆盖母体100%、衍生物100%；得到唯一差异解释,检测到1处键级变化,,1.0,1.0,1,二次核验用于解释结构差异；semantic-resolved表示化学改造区域已确定但不强行指定等价原子序号；complex-transformation-resolved表示该构件属于成环或骨架重构，不适合写成一个天然残基的单点替换。以上都不是性质实验结果。
32S,TRP,second-pass-resolved,最大公共子结构覆盖母体87%、衍生物93%；得到唯一差异解释,新增1个Se；母体中少了2个C；新增部分连接到母体原子2（C）、母体原子5（C）,,0.8667,0.9286,1,二次核验用于解释结构差异；semantic-resolved表示化学改造区域已确定但不强行指定等价原子序号；complex-transformation-resolved表示该构件属于成环或骨架重构，不适合写成一个天然残基的单点替换。以上都不是性质实验结果。
32T,TRP,second-pass-resolved,最大公共子结构覆盖母体87%、衍生物93%；得到唯一差异解释,新增1个S；母体中少了2个C；新增部分连接到母体原子2（C）、母体原子5（C）,,0.8667,0.9286,1,二次核验用于解释结构差异；semantic-resolved表示化学改造区域已确定但不强行指定等价原子序号；complex-transformation-resolved表示该构件属于成环或骨架重构，不适合写成一个天然残基的单点替换。以上都不是性质实验结果。
3AH,HIS,second-pass-resolved,最大公共子结构覆盖母体100%、衍生物65%；得到唯一差异解释,新增2个C、4个N；新增部分连接到母体原子5（N）,,1.0,0.6471,1,二次核验用于解释结构差异；semantic-resolved表示化学改造区域已确定但不强行指定等价原子序号；complex-transformation-resolved表示该构件属于成环或骨架重构，不适合写成一个天然残基的单点替换。以上都不是性质实验结果。
3GA,ALA,second-pass-resolved,最大公共子结构覆盖母体83%、衍生物33%；得到唯一差异解释,新增6个C、1个H、3个N；母体中少了1个O；新增部分连接到母体原子1（C）,,0.8333,0.3333,1,二次核验用于解释结构差异；semantic-resolved表示化学改造区域已确定但不强行指定等价原子序号；complex-transformation-resolved表示该构件属于成环或骨架重构，不适合写成一个天然残基的单点替换。以上都不是性质实验结果。
3QN,LYS,second-pass-resolved,最大公共子结构覆盖母体100%、衍生物40%；得到唯一差异解释,新增9个C、5个O、1个P；新增部分连接到母体原子4（N）,,1.0,0.4,1,二次核验用于解释结构差异；semantic-resolved表示化学改造区域已确定但不强行指定等价原子序号；complex-transformation-resolved表示该构件属于成环或骨架重构，不适合写成一个天然残基的单点替换。以上都不是性质实验结果。
3TY,TYR,second-pass-resolved,最大公共子结构覆盖母体100%、衍生物57%；得到唯一差异解释,新增7个C、2个N、1个O；新增部分连接到母体原子2（C）、母体原子5（C）；检测到6处键级变化,,1.0,0.5652,1,二次核验用于解释结构差异；semantic-resolved表示化学改造区域已确定但不强行指定等价原子序号；complex-transformation-resolved表示该构件属于成环或骨架重构，不适合写成一个天然残基的单点替换。以上都不是性质实验结果。
3ZH,HIS,second-pass-resolved,最大公共子结构覆盖母体100%、衍生物29%；得到唯一差异解释,新增25个C、2个O；新增部分连接到母体原子3（N）、母体原子5（N）；检测到5处键级变化,,1.0,0.2895,1,二次核验用于解释结构差异；semantic-resolved表示化学改造区域已确定但不强行指定等价原子序号；complex-transformation-resolved表示该构件属于成环或骨架重构，不适合写成一个天然残基的单点替换。以上都不是性质实验结果。
41Q,ASN,second-pass-resolved,最大公共子结构覆盖母体100%、衍生物90%；得到唯一差异解释,新增1个H；新增部分连接到母体原子9（N）；检测到2处键级变化,,1.0,0.9,1,二次核验用于解释结构差异；semantic-resolved表示化学改造区域已确定但不强行指定等价原子序号；complex-transformation-resolved表示该构件属于成环或骨架重构，不适合写成一个天然残基的单点替换。以上都不是性质实验结果。
4AK,LYS,second-pass-resolved,最大公共子结构覆盖母体100%、衍生物71%；得到唯一差异解释,新增3个O、1个S；新增部分连接到母体原子4（N）,,1.0,0.7143,1,二次核验用于解释结构差异；semantic-resolved表示化学改造区域已确定但不强行指定等价原子序号；complex-transformation-resolved表示该构件属于成环或骨架重构，不适合写成一个天然残基的单点替换。以上都不是性质实验结果。
4AR,ARG,semantic-resolved,已结合官方CCD化学名称与结构叠合完成化学区域消歧；不再强行选择对称或等价原子的序号,新增10个C、2个O；母体中少了1个O；新增部分连接到母体原子4（C）；检测到1个立体中心方向变化,"官方CCD化学名称“amino({(4S)-4-amino-6-[(2,6-dimethylbenzoyl)oxy]-5-oxohexyl}amino)methaniminium”确定了改造区域；结构叠合覆盖天然母体92%。新增10个C、2个O；母体中少了1个O；新增部分连接到母体原子4（C）；检测到1个立体中心方向变化",0.9167,0.4783,2,二次核验用于解释结构差异；semantic-resolved表示化学改造区域已确定但不强行指定等价原子序号；complex-transformation-resolved表示该构件属于成环或骨架重构，不适合写成一个天然残基的单点替换。以上都不是性质实验结果。
4AW,TRP,second-pass-resolved,最大公共子结构覆盖母体93%、衍生物93%；得到唯一差异解释,新增1个N；母体中少了1个C；新增部分连接到母体原子1（C）、母体原子5（C）,,0.9333,0.9333,1,二次核验用于解释结构差异；semantic-resolved表示化学改造区域已确定但不强行指定等价原子序号；complex-transformation-resolved表示该构件属于成环或骨架重构，不适合写成一个天然残基的单点替换。以上都不是性质实验结果。
4D4,ARG,second-pass-resolved,最大公共子结构覆盖母体100%、衍生物86%；得到唯一差异解释,新增1个H、1个O；新增部分连接到母体原子11（N）、母体原子2（C）,,1.0,0.8571,1,二次核验用于解释结构差异；semantic-resolved表示化学改造区域已确定但不强行指定等价原子序号；complex-transformation-resolved表示该构件属于成环或骨架重构，不适合写成一个天然残基的单点替换。以上都不是性质实验结果。
4DP,TRP,second-pass-resolved,最大公共子结构覆盖母体60%、衍生物45%；得到唯一差异解释,新增5个C、2个N、4个O；母体中少了3个C、1个N、2个O；新增部分连接到母体原子1（C）、母体原子4（C）、母体原子8（C）、母体原子9（N）；检测到4处键级变化,,0.6,0.45,1,二次核验用于解释结构差异；semantic-resolved表示化学改造区域已确定但不强行指定等价原子序号；complex-transformation-resolved表示该构件属于成环或骨架重构，不适合写成一个天然残基的单点替换。以上都不是性质实验结果。
4HL,TYR,second-pass-resolved,最大公共子结构覆盖母体100%、衍生物54%；得到唯一差异解释,新增7个C、2个N、2个O；新增部分连接到母体原子2（C）、母体原子5（C）；检测到6处键级变化,,1.0,0.5417,1,二次核验用于解释结构差异；semantic-resolved表示化学改造区域已确定但不强行指定等价原子序号；complex-transformation-resolved表示该构件属于成环或骨架重构，不适合写成一个天然残基的单点替换。以上都不是性质实验结果。
4J5,ARG,second-pass-resolved,最大公共子结构覆盖母体67%、衍生物73%；得到唯一差异解释,新增1个N、2个O；母体中少了1个C、1个N、2个O；新增部分连接到母体原子2（C）、母体原子3（C）,,0.6667,0.7273,1,二次核验用于解释结构差异；semantic-resolved表示化学改造区域已确定但不强行指定等价原子序号；complex-transformation-resolved表示该构件属于成环或骨架重构，不适合写成一个天然残基的单点替换。以上都不是性质实验结果。
4OG,TRP,second-pass-resolved,最大公共子结构覆盖母体93%、衍生物93%；得到唯一差异解释,新增1个S；母体中少了1个N；新增部分连接到母体原子4（C）、母体原子8（C）,,0.9333,0.9333,1,二次核验用于解释结构差异；semantic-resolved表示化学改造区域已确定但不强行指定等价原子序号；complex-transformation-resolved表示该构件属于成环或骨架重构，不适合写成一个天然残基的单点替换。以上都不是性质实验结果。
4U7,ALA,semantic-resolved,已结合官方CCD化学名称与结构叠合完成化学区域消歧；不再强行选择对称或等价原子的序号,新增1个B、4个C、2个F、3个O；新增部分连接到母体原子1（C）、母体原子2（C）,"官方CCD化学名称“[(5S)-5-amino-5-carboxy-6,6-difluorohexyl](trihydroxy)borate(1-)”确定了改造区域；结构叠合覆盖天然母体100%。新增1个B、4个C、2个F、3个O；新增部分连接到母体原子1（C）、母体原子2（C）",1.0,0.375,2,二次核验用于解释结构差异；semantic-resolved表示化学改造区域已确定但不强行指定等价原子序号；complex-transformation-resolved表示该构件属于成环或骨架重构，不适合写成一个天然残基的单点替换。以上都不是性质实验结果。
54C,TRP,second-pass-resolved,最大公共子结构覆盖母体100%、衍生物68%；得到唯一差异解释,新增5个C、2个O；新增部分连接到母体原子10（C）、母体原子9（N）,,1.0,0.6818,1,二次核验用于解释结构差异；semantic-resolved表示化学改造区域已确定但不强行指定等价原子序号；complex-transformation-resolved表示该构件属于成环或骨架重构，不适合写成一个天然残基的单点替换。以上都不是性质实验结果。
56A,HIS,second-pass-resolved,最大公共子结构覆盖母体100%、衍生物44%；得到唯一差异解释,新增14个C；新增部分连接到母体原子3（N）,,1.0,0.44,1,二次核验用于解释结构差异；semantic-resolved表示化学改造区域已确定但不强行指定等价原子序号；complex-transformation-resolved表示该构件属于成环或骨架重构，不适合写成一个天然残基的单点替换。以上都不是性质实验结果。
5AB,ALA,semantic-resolved,已结合官方CCD化学名称与结构叠合完成化学区域消歧；不再强行选择对称或等价原子的序号,新增1个B、4个C、3个O；新增部分连接到母体原子1（C）、母体原子2（C）,官方CCD化学名称“[(5S)-5-amino-5-carboxyhexyl](trihydroxy)borate”确定了改造区域；结构叠合覆盖天然母体100%。新增1个B、4个C、3个O；新增部分连接到母体原子1（C）、母体原子2（C）,1.0,0.4286,2,二次核验用于解释结构差异；semantic-resolved表示化学改造区域已确定但不强行指定等价原子序号；complex-transformation-resolved表示该构件属于成环或骨架重构，不适合写成一个天然残基的单点替换。以上都不是性质实验结果。
5CT,LYS,second-pass-resolved,最大公共子结构覆盖母体100%、衍生物62%；得到唯一差异解释,新增4个C、1个N、1个O；新增部分连接到母体原子4（N）,,1.0,0.625,1,二次核验用于解释结构差异；semantic-resolved表示化学改造区域已确定但不强行指定等价原子序号；complex-transformation-resolved表示该构件属于成环或骨架重构，不适合写成一个天然残基的单点替换。以上都不是性质实验结果。
5FQ,ALA,second-pass-resolved,最大公共子结构覆盖母体83%、衍生物45%；得到唯一差异解释,新增5个C、1个N；母体中少了1个O；新增部分连接到母体原子3（C）；检测到1个立体中心方向变化,,0.8333,0.4545,1,二次核验用于解释结构差异；semantic-resolved表示化学改造区域已确定但不强行指定等价原子序号；complex-transformation-resolved表示该构件属于成环或骨架重构，不适合写成一个天然残基的单点替换。以上都不是性质实验结果。
5GG,LYS,second-pass-resolved,最大公共子结构覆盖母体100%、衍生物67%；得到唯一差异解释,新增4个C、1个N；新增部分连接到母体原子4（N）,,1.0,0.6667,1,二次核验用于解释结构差异；semantic-resolved表示化学改造区域已确定但不强行指定等价原子序号；complex-transformation-resolved表示该构件属于成环或骨架重构，不适合写成一个天然残基的单点替换。以上都不是性质实验结果。
5GM,ILE,semantic-resolved,已结合官方CCD化学名称与结构叠合完成化学区域消歧；不再强行选择对称或等价原子的序号,新增3个C；母体中少了1个C；新增部分连接到母体原子1（C）、母体原子2（C）、母体原子5（C）,亮氨酸支链由支化异丁基改为直链正丁基；名称中的其他取代基另行保留,0.8889,0.7273,2,二次核验用于解释结构差异；semantic-resolved表示化学改造区域已确定但不强行指定等价原子序号；complex-transformation-resolved表示该构件属于成环或骨架重构，不适合写成一个天然残基的单点替换。以上都不是性质实验结果。
5MW,LYS,second-pass-resolved,最大公共子结构覆盖母体80%、衍生物53%；得到唯一差异解释,新增3个C、4个N；母体中少了1个C、1个N；新增部分连接到母体原子2（C）,,0.8,0.5333,1,二次核验用于解释结构差异；semantic-resolved表示化学改造区域已确定但不强行指定等价原子序号；complex-transformation-resolved表示该构件属于成环或骨架重构，不适合写成一个天然残基的单点替换。以上都不是性质实验结果。
5OW,LYS,second-pass-resolved,最大公共子结构覆盖母体100%、衍生物31%；得到唯一差异解释,新增11个C、2个N、7个O、1个P、1个S；新增部分连接到母体原子4（N）,,1.0,0.3125,1,二次核验用于解释结构差异；semantic-resolved表示化学改造区域已确定但不强行指定等价原子序号；complex-transformation-resolved表示该构件属于成环或骨架重构，不适合写成一个天然残基的单点替换。以上都不是性质实验结果。
5T3,LYS,second-pass-resolved,最大公共子结构覆盖母体100%、衍生物67%；得到唯一差异解释,新增5个C；新增部分连接到母体原子4（N）,,1.0,0.6667,1,二次核验用于解释结构差异；semantic-resolved表示化学改造区域已确定但不强行指定等价原子序号；complex-transformation-resolved表示该构件属于成环或骨架重构，不适合写成一个天然残基的单点替换。以上都不是性质实验结果。
5XU,ALA,second-pass-resolved,最大公共子结构覆盖母体83%、衍生物100%；得到唯一差异解释,母体中少了1个O,,0.8333,1.0,1,二次核验用于解释结构差异；semantic-resolved表示化学改造区域已确定但不强行指定等价原子序号；complex-transformation-resolved表示该构件属于成环或骨架重构，不适合写成一个天然残基的单点替换。以上都不是性质实验结果。
66D,ILE,semantic-resolved,已结合官方CCD化学名称与结构叠合完成化学区域消歧；不再强行选择对称或等价原子的序号,新增3个C；母体中少了1个C；新增部分连接到母体原子1（C）、母体原子2（C）、母体原子5（C）,亮氨酸支链由支化异丁基改为直链正丁基；名称中的其他取代基另行保留,0.8889,0.7273,2,二次核验用于解释结构差异；semantic-resolved表示化学改造区域已确定但不强行指定等价原子序号；complex-transformation-resolved表示该构件属于成环或骨架重构，不适合写成一个天然残基的单点替换。以上都不是性质实验结果。
6G4,LYS,second-pass-resolved,最大公共子结构覆盖母体100%、衍生物48%；得到唯一差异解释,新增9个C、2个O；新增部分连接到母体原子4（N）,,1.0,0.4762,1,二次核验用于解释结构差异；semantic-resolved表示化学改造区域已确定但不强行指定等价原子序号；complex-transformation-resolved表示该构件属于成环或骨架重构，不适合写成一个天然残基的单点替换。以上都不是性质实验结果。
6HN,LYS,second-pass-resolved,最大公共子结构覆盖母体100%、衍生物83%；得到唯一差异解释,新增2个O；新增部分连接到母体原子4（N）,,1.0,0.8333,1,二次核验用于解释结构差异；semantic-resolved表示化学改造区域已确定但不强行指定等价原子序号；complex-transformation-resolved表示该构件属于成环或骨架重构，不适合写成一个天然残基的单点替换。以上都不是性质实验结果。
73N,ARG,second-pass-resolved,最大公共子结构覆盖母体100%、衍生物75%；得到唯一差异解释,新增1个C、1个H、2个O；新增部分连接到母体原子11（N）、母体原子7（N）,,1.0,0.75,1,二次核验用于解释结构差异；semantic-resolved表示化学改造区域已确定但不强行指定等价原子序号；complex-transformation-resolved表示该构件属于成环或骨架重构，不适合写成一个天然残基的单点替换。以上都不是性质实验结果。
73O,TYR,second-pass-resolved,最大公共子结构覆盖母体77%、衍生物71%；得到唯一差异解释,新增1个C、1个N、2个O；母体中少了1个N、2个O；新增部分连接到母体原子9（C）,,0.7692,0.7143,1,二次核验用于解释结构差异；semantic-resolved表示化学改造区域已确定但不强行指定等价原子序号；complex-transformation-resolved表示该构件属于成环或骨架重构，不适合写成一个天然残基的单点替换。以上都不是性质实验结果。
73P,LYS,second-pass-resolved,最大公共子结构覆盖母体100%、衍生物77%；得到唯一差异解释,新增1个C、2个O；新增部分连接到母体原子10（N）,,1.0,0.7692,1,二次核验用于解释结构差异；semantic-resolved表示化学改造区域已确定但不强行指定等价原子序号；complex-transformation-resolved表示该构件属于成环或骨架重构，不适合写成一个天然残基的单点替换。以上都不是性质实验结果。
74P,LYS,second-pass-resolved,最大公共子结构覆盖母体100%、衍生物56%；得到唯一差异解释,新增5个C、3个O；新增部分连接到母体原子4（N）,,1.0,0.5556,1,二次核验用于解释结构差异；semantic-resolved表示化学改造区域已确定但不强行指定等价原子序号；complex-transformation-resolved表示该构件属于成环或骨架重构，不适合写成一个天然残基的单点替换。以上都不是性质实验结果。
7ID,ASP,semantic-resolved,已结合官方CCD化学名称与结构叠合完成化学区域消歧；不再强行选择对称或等价原子的序号,新增6个C、1个H、4个N、2个O；母体中少了1个O；新增部分连接到母体原子7（C）,官方CCD化学名称“(2~{S})-4-[[(2~{S})-5-[[azanyl($l^{4}-azanylidene)methyl]amino]-1-$l^{1}-oxidanyl-1-oxidanylidene-pentan-2-yl]amino]-2-$l^{2}-azanyl-4-oxidanylidene-butanoic acid”确定了改造区域；结构叠合覆盖天然母体89%。新增6个C、1个H、4个N、2个O；母体中少了1个O；新增部分连接到母体原子7（C）,0.8889,0.381,2,二次核验用于解释结构差异；semantic-resolved表示化学改造区域已确定但不强行指定等价原子序号；complex-transformation-resolved表示该构件属于成环或骨架重构，不适合写成一个天然残基的单点替换。以上都不是性质实验结果。
7QK,LYS,second-pass-resolved,最大公共子结构覆盖母体100%、衍生物71%；得到唯一差异解释,新增3个C、1个O；新增部分连接到母体原子4（N）,,1.0,0.7143,1,二次核验用于解释结构差异；semantic-resolved表示化学改造区域已确定但不强行指定等价原子序号；complex-transformation-resolved表示该构件属于成环或骨架重构，不适合写成一个天然残基的单点替换。以上都不是性质实验结果。
7TK,ASP,semantic-resolved,已结合官方CCD化学名称与结构叠合完成化学区域消歧；不再强行选择对称或等价原子的序号,新增4个C、1个N；母体中少了1个O；新增部分连接到母体原子3（C）；检测到1个立体中心方向变化,官方CCD化学名称“(3S)-3-azanyl-4-oxidanylidene-4-pyrrolidin-1-yl-butanoic acid”确定了改造区域；结构叠合覆盖天然母体89%。新增4个C、1个N；母体中少了1个O；新增部分连接到母体原子3（C）；检测到1个立体中心方向变化,0.8889,0.6154,2,二次核验用于解释结构差异；semantic-resolved表示化学改造区域已确定但不强行指定等价原子序号；complex-transformation-resolved表示该构件属于成环或骨架重构，不适合写成一个天然残基的单点替换。以上都不是性质实验结果。
7W2,PHE,second-pass-resolved,最大公共子结构覆盖母体75%、衍生物47%；得到唯一差异解释,新增2个C、5个F、1个N、2个O；母体中少了1个N、2个O；新增部分连接到母体原子1（C）、母体原子2（C）、母体原子6（C）、母体原子9（C）,,0.75,0.4737,1,二次核验用于解释结构差异；semantic-resolved表示化学改造区域已确定但不强行指定等价原子序号；complex-transformation-resolved表示该构件属于成环或骨架重构，不适合写成一个天然残基的单点替换。以上都不是性质实验结果。
8LJ,PRO,second-pass-resolved,最大公共子结构覆盖母体100%、衍生物100%；得到唯一差异解释,检测到1处键级变化,,1.0,1.0,1,二次核验用于解释结构差异；semantic-resolved表示化学改造区域已确定但不强行指定等价原子序号；complex-transformation-resolved表示该构件属于成环或骨架重构，不适合写成一个天然残基的单点替换。以上都不是性质实验结果。
8RE,LYS,second-pass-resolved,最大公共子结构覆盖母体100%、衍生物83%；得到唯一差异解释,新增2个O；新增部分连接到母体原子1（C）、母体原子5（C）,,1.0,0.8333,1,二次核验用于解释结构差异；semantic-resolved表示化学改造区域已确定但不强行指定等价原子序号；complex-transformation-resolved表示该构件属于成环或骨架重构，不适合写成一个天然残基的单点替换。以上都不是性质实验结果。
8WY,LEU,semantic-resolved,已结合官方CCD化学名称与结构叠合完成化学区域消歧；不再强行选择对称或等价原子的序号,新增1个C、2个O；母体中少了1个C；新增部分连接到母体原子1（C）,亮氨酸支链由支化异丁基改为直链正丁基；名称中的其他取代基另行保留,0.8889,0.7273,2,二次核验用于解释结构差异；semantic-resolved表示化学改造区域已确定但不强行指定等价原子序号；complex-transformation-resolved表示该构件属于成环或骨架重构，不适合写成一个天然残基的单点替换。以上都不是性质实验结果。
9E7,LYS,second-pass-resolved,最大公共子结构覆盖母体100%、衍生物83%；得到唯一差异解释,新增1个C、1个S；新增部分连接到母体原子4（N）,,1.0,0.8333,1,二次核验用于解释结构差异；semantic-resolved表示化学改造区域已确定但不强行指定等价原子序号；complex-transformation-resolved表示该构件属于成环或骨架重构，不适合写成一个天然残基的单点替换。以上都不是性质实验结果。
9KP,LYS,second-pass-resolved,最大公共子结构覆盖母体100%、衍生物40%；得到唯一差异解释,新增11个C、4个O；新增部分连接到母体原子4（N）,,1.0,0.4,1,二次核验用于解释结构差异；semantic-resolved表示化学改造区域已确定但不强行指定等价原子序号；complex-transformation-resolved表示该构件属于成环或骨架重构，不适合写成一个天然残基的单点替换。以上都不是性质实验结果。
9NR,ARG,second-pass-resolved,最大公共子结构覆盖母体100%、衍生物43%；得到唯一差异解释,新增12个C、1个N、2个O、1个S；新增部分连接到母体原子7（N）,,1.0,0.4286,1,二次核验用于解释结构差异；semantic-resolved表示化学改造区域已确定但不强行指定等价原子序号；complex-transformation-resolved表示该构件属于成环或骨架重构，不适合写成一个天然残基的单点替换。以上都不是性质实验结果。
9NV,VAL,semantic-resolved,已结合官方CCD化学名称与结构叠合完成化学区域消歧；不再强行选择对称或等价原子的序号,新增13个C、1个N、2个O、1个S；母体中少了1个C；新增部分连接到母体原子1（C）、母体原子8（N）,缬氨酸侧链由异丙基改为直链正丙基；名称中的其他取代基另行保留,0.875,0.2917,2,二次核验用于解释结构差异；semantic-resolved表示化学改造区域已确定但不强行指定等价原子序号；complex-transformation-resolved表示该构件属于成环或骨架重构，不适合写成一个天然残基的单点替换。以上都不是性质实验结果。
9TR,LYS,second-pass-resolved,最大公共子结构覆盖母体100%、衍生物43%；得到唯一差异解释,新增8个C、3个N、2个O；新增部分连接到母体原子4（N）,,1.0,0.4348,1,二次核验用于解释结构差异；semantic-resolved表示化学改造区域已确定但不强行指定等价原子序号；complex-transformation-resolved表示该构件属于成环或骨架重构，不适合写成一个天然残基的单点替换。以上都不是性质实验结果。
9TU,LYS,second-pass-resolved,最大公共子结构覆盖母体100%、衍生物37%；得到唯一差异解释,新增10个C、3个F、2个N、2个O；新增部分连接到母体原子4（N）,,1.0,0.3704,1,二次核验用于解释结构差异；semantic-resolved表示化学改造区域已确定但不强行指定等价原子序号；complex-transformation-resolved表示该构件属于成环或骨架重构，不适合写成一个天然残基的单点替换。以上都不是性质实验结果。
9TX,LYS,second-pass-resolved,最大公共子结构覆盖母体100%、衍生物45%；得到唯一差异解释,新增10个C、2个O；新增部分连接到母体原子4（N）,,1.0,0.4545,1,二次核验用于解释结构差异；semantic-resolved表示化学改造区域已确定但不强行指定等价原子序号；complex-transformation-resolved表示该构件属于成环或骨架重构，不适合写成一个天然残基的单点替换。以上都不是性质实验结果。
9U0,LYS,second-pass-resolved,最大公共子结构覆盖母体100%、衍生物48%；得到唯一差异解释,新增9个C、2个O；新增部分连接到母体原子4（N）,,1.0,0.4762,1,二次核验用于解释结构差异；semantic-resolved表示化学改造区域已确定但不强行指定等价原子序号；complex-transformation-resolved表示该构件属于成环或骨架重构，不适合写成一个天然残基的单点替换。以上都不是性质实验结果。
A1A3M,PRO,second-pass-resolved,最大公共子结构覆盖母体88%、衍生物88%；得到唯一差异解释,新增1个N；母体中少了1个C；新增部分连接到母体原子1（C）、母体原子4（N）,,0.875,0.875,1,二次核验用于解释结构差异；semantic-resolved表示化学改造区域已确定但不强行指定等价原子序号；complex-transformation-resolved表示该构件属于成环或骨架重构，不适合写成一个天然残基的单点替换。以上都不是性质实验结果。
A1A5S,TRP,second-pass-resolved,最大公共子结构覆盖母体100%、衍生物68%；得到唯一差异解释,新增5个C、1个Cl、1个O；新增部分连接到母体原子9（N）,,1.0,0.6818,1,二次核验用于解释结构差异；semantic-resolved表示化学改造区域已确定但不强行指定等价原子序号；complex-transformation-resolved表示该构件属于成环或骨架重构，不适合写成一个天然残基的单点替换。以上都不是性质实验结果。
A1A7R,HIS,second-pass-resolved,最大公共子结构覆盖母体100%、衍生物25%；得到唯一差异解释,新增28个C、2个N、3个O；新增部分连接到母体原子4（C）；检测到5处键级变化,,1.0,0.25,1,二次核验用于解释结构差异；semantic-resolved表示化学改造区域已确定但不强行指定等价原子序号；complex-transformation-resolved表示该构件属于成环或骨架重构，不适合写成一个天然残基的单点替换。以上都不是性质实验结果。
A1AL8,TRP,second-pass-resolved,最大公共子结构覆盖母体100%、衍生物75%；得到唯一差异解释,新增5个C；新增部分连接到母体原子9（N）,,1.0,0.75,1,二次核验用于解释结构差异；semantic-resolved表示化学改造区域已确定但不强行指定等价原子序号；complex-transformation-resolved表示该构件属于成环或骨架重构，不适合写成一个天然残基的单点替换。以上都不是性质实验结果。
A1AS0,HIS,second-pass-resolved,最大公共子结构覆盖母体100%、衍生物92%；得到唯一差异解释,新增1个Se；新增部分连接到母体原子1（C）,,1.0,0.9167,1,二次核验用于解释结构差异；semantic-resolved表示化学改造区域已确定但不强行指定等价原子序号；complex-transformation-resolved表示该构件属于成环或骨架重构，不适合写成一个天然残基的单点替换。以上都不是性质实验结果。
A1ASZ,HIS,second-pass-resolved,最大公共子结构覆盖母体100%、衍生物92%；得到唯一差异解释,新增1个S；新增部分连接到母体原子1（C）,,1.0,0.9167,1,二次核验用于解释结构差异；semantic-resolved表示化学改造区域已确定但不强行指定等价原子序号；complex-transformation-resolved表示该构件属于成环或骨架重构，不适合写成一个天然残基的单点替换。以上都不是性质实验结果。
A1AT7,ALA,complex-transformation-resolved,已结合官方CCD化学名称与结构叠合完成化学区域消歧；不再强行选择对称或等价原子的序号,新增10个C、1个N；母体中少了2个C、1个N；新增部分连接到母体原子3（C）,丙氨酸侧链被扩展并形成二氢异喹啉构象限制环；属于骨架重构，不应写成单一原子取代,0.5,0.2143,1,二次核验用于解释结构差异；semantic-resolved表示化学改造区域已确定但不强行指定等价原子序号；complex-transformation-resolved表示该构件属于成环或骨架重构，不适合写成一个天然残基的单点替换。以上都不是性质实验结果。
A1AZ2,HIS,second-pass-resolved,最大公共子结构覆盖母体100%、衍生物92%；得到唯一差异解释,新增1个C；新增部分连接到母体原子3（N）；检测到1个立体中心方向变化,,1.0,0.9167,1,二次核验用于解释结构差异；semantic-resolved表示化学改造区域已确定但不强行指定等价原子序号；complex-transformation-resolved表示该构件属于成环或骨架重构，不适合写成一个天然残基的单点替换。以上都不是性质实验结果。
A1B9V,TRP,second-pass-resolved,最大公共子结构覆盖母体93%、衍生物88%；得到唯一差异解释,新增1个O、1个S；母体中少了1个N；新增部分连接到母体原子4（C）、母体原子8（C）；检测到2处键级变化,,0.9333,0.875,1,二次核验用于解释结构差异；semantic-resolved表示化学改造区域已确定但不强行指定等价原子序号；complex-transformation-resolved表示该构件属于成环或骨架重构，不适合写成一个天然残基的单点替换。以上都不是性质实验结果。
A1BC0,CYS,second-pass-resolved,最大公共子结构覆盖母体86%、衍生物67%；得到唯一差异解释,新增2个C、1个N；母体中少了1个O；新增部分连接到母体原子3（C）；检测到1个立体中心方向变化,,0.8571,0.6667,1,二次核验用于解释结构差异；semantic-resolved表示化学改造区域已确定但不强行指定等价原子序号；complex-transformation-resolved表示该构件属于成环或骨架重构，不适合写成一个天然残基的单点替换。以上都不是性质实验结果。
A1BC5,SER,semantic-resolved,已结合官方CCD化学名称与结构叠合完成化学区域消歧；不再强行选择对称或等价原子的序号,新增5个C、3个N、3个O；母体中少了1个O；新增部分连接到母体原子1（C）；检测到2处键级变化；检测到1个立体中心方向变化,天然氨基酸末端羧基改为酰胺；其他附加变化按官方CCD名称和结构图记录,0.8571,0.3529,2,二次核验用于解释结构差异；semantic-resolved表示化学改造区域已确定但不强行指定等价原子序号；complex-transformation-resolved表示该构件属于成环或骨架重构，不适合写成一个天然残基的单点替换。以上都不是性质实验结果。
A1BDE,LYS,second-pass-resolved,最大公共子结构覆盖母体100%、衍生物62%；得到唯一差异解释,新增3个C、1个N、2个O；新增部分连接到母体原子4（N）,,1.0,0.625,1,二次核验用于解释结构差异；semantic-resolved表示化学改造区域已确定但不强行指定等价原子序号；complex-transformation-resolved表示该构件属于成环或骨架重构，不适合写成一个天然残基的单点替换。以上都不是性质实验结果。
A1BEB,LYS,second-pass-resolved,最大公共子结构覆盖母体100%、衍生物91%；得到唯一差异解释,新增1个C；新增部分连接到母体原子6（C）；检测到1个立体中心方向变化,,1.0,0.9091,1,二次核验用于解释结构差异；semantic-resolved表示化学改造区域已确定但不强行指定等价原子序号；complex-transformation-resolved表示该构件属于成环或骨架重构，不适合写成一个天然残基的单点替换。以上都不是性质实验结果。
A1BX4,LYS,second-pass-resolved,最大公共子结构覆盖母体100%、衍生物91%；得到唯一差异解释,新增1个O；新增部分连接到母体原子4（N）,,1.0,0.9091,1,二次核验用于解释结构差异；semantic-resolved表示化学改造区域已确定但不强行指定等价原子序号；complex-transformation-resolved表示该构件属于成环或骨架重构，不适合写成一个天然残基的单点替换。以上都不是性质实验结果。
A1CAB,PRO,second-pass-resolved,最大公共子结构覆盖母体100%、衍生物100%；得到唯一差异解释,检测到1处键级变化,,1.0,1.0,1,二次核验用于解释结构差异；semantic-resolved表示化学改造区域已确定但不强行指定等价原子序号；complex-transformation-resolved表示该构件属于成环或骨架重构，不适合写成一个天然残基的单点替换。以上都不是性质实验结果。
A1CCS,ARG,second-pass-resolved,最大公共子结构覆盖母体100%、衍生物86%；得到唯一差异解释,新增1个H、1个N；新增部分连接到母体原子11（N）、母体原子7（N）,,1.0,0.8571,1,二次核验用于解释结构差异；semantic-resolved表示化学改造区域已确定但不强行指定等价原子序号；complex-transformation-resolved表示该构件属于成环或骨架重构，不适合写成一个天然残基的单点替换。以上都不是性质实验结果。
A1CH8,ARG,second-pass-resolved,最大公共子结构覆盖母体100%、衍生物67%；得到唯一差异解释,新增2个C、3个F、1个H；新增部分连接到母体原子11（N）、母体原子12（N）,,1.0,0.6667,1,二次核验用于解释结构差异；semantic-resolved表示化学改造区域已确定但不强行指定等价原子序号；complex-transformation-resolved表示该构件属于成环或骨架重构，不适合写成一个天然残基的单点替换。以上都不是性质实验结果。
A1CLH,TRP,second-pass-resolved,最大公共子结构覆盖母体100%、衍生物68%；得到唯一差异解释,新增7个C；新增部分连接到母体原子9（N）；检测到1个立体中心方向变化,,1.0,0.6818,1,二次核验用于解释结构差异；semantic-resolved表示化学改造区域已确定但不强行指定等价原子序号；complex-transformation-resolved表示该构件属于成环或骨架重构，不适合写成一个天然残基的单点替换。以上都不是性质实验结果。
A1D5B,LYS,second-pass-resolved,最大公共子结构覆盖母体100%、衍生物91%；得到唯一差异解释,新增1个C；新增部分连接到母体原子8（O）；检测到2处键级变化；检测到1个立体中心方向变化,,1.0,0.9091,1,二次核验用于解释结构差异；semantic-resolved表示化学改造区域已确定但不强行指定等价原子序号；complex-transformation-resolved表示该构件属于成环或骨架重构，不适合写成一个天然残基的单点替换。以上都不是性质实验结果。
A1EFT,ARG,second-pass-resolved,最大公共子结构覆盖母体75%、衍生物18%；得到唯一差异解释,新增29个C、1个Cl、1个F、6个N、3个O；母体中少了1个C、2个N；新增部分连接到母体原子9（N）,,0.75,0.1837,1,二次核验用于解释结构差异；semantic-resolved表示化学改造区域已确定但不强行指定等价原子序号；complex-transformation-resolved表示该构件属于成环或骨架重构，不适合写成一个天然残基的单点替换。以上都不是性质实验结果。
A1EG1,LYS,second-pass-resolved,最大公共子结构覆盖母体90%、衍生物18%；得到唯一差异解释,新增27个C、1个H、10个N、2个O；母体中少了1个N；新增部分连接到母体原子3（C）,,0.9,0.1837,1,二次核验用于解释结构差异；semantic-resolved表示化学改造区域已确定但不强行指定等价原子序号；complex-transformation-resolved表示该构件属于成环或骨架重构，不适合写成一个天然残基的单点替换。以上都不是性质实验结果。
A1EIU,LYS,second-pass-resolved,最大公共子结构覆盖母体100%、衍生物45%；得到唯一差异解释,新增9个C、3个O；新增部分连接到母体原子4（N）,,1.0,0.4545,1,二次核验用于解释结构差异；semantic-resolved表示化学改造区域已确定但不强行指定等价原子序号；complex-transformation-resolved表示该构件属于成环或骨架重构，不适合写成一个天然残基的单点替换。以上都不是性质实验结果。
A1EJ1,LYS,second-pass-resolved,最大公共子结构覆盖母体100%、衍生物42%；得到唯一差异解释,新增8个C、1个N、5个O；新增部分连接到母体原子4（N）,,1.0,0.4167,1,二次核验用于解释结构差异；semantic-resolved表示化学改造区域已确定但不强行指定等价原子序号；complex-transformation-resolved表示该构件属于成环或骨架重构，不适合写成一个天然残基的单点替换。以上都不是性质实验结果。
A1EJ4,LYS,second-pass-resolved,最大公共子结构覆盖母体100%、衍生物62%；得到唯一差异解释,新增4个C、1个N、1个O；新增部分连接到母体原子4（N）,,1.0,0.625,1,二次核验用于解释结构差异；semantic-resolved表示化学改造区域已确定但不强行指定等价原子序号；complex-transformation-resolved表示该构件属于成环或骨架重构，不适合写成一个天然残基的单点替换。以上都不是性质实验结果。
A1EJR,LYS,second-pass-resolved,最大公共子结构覆盖母体90%、衍生物18%；得到唯一差异解释,新增1个Br、30个C、4个N、6个O；母体中少了1个N；新增部分连接到母体原子3（C）,,0.9,0.18,1,二次核验用于解释结构差异；semantic-resolved表示化学改造区域已确定但不强行指定等价原子序号；complex-transformation-resolved表示该构件属于成环或骨架重构，不适合写成一个天然残基的单点替换。以上都不是性质实验结果。
A1EJS,LYS,second-pass-resolved,最大公共子结构覆盖母体100%、衍生物20%；得到唯一差异解释,新增27个C、1个F、7个N、4个O；新增部分连接到母体原子4（N）,,1.0,0.2041,1,二次核验用于解释结构差异；semantic-resolved表示化学改造区域已确定但不强行指定等价原子序号；complex-transformation-resolved表示该构件属于成环或骨架重构，不适合写成一个天然残基的单点替换。以上都不是性质实验结果。
A1EJT,LYS,second-pass-resolved,最大公共子结构覆盖母体100%、衍生物22%；得到唯一差异解释,新增15个C、5个N、13个O、2个P；新增部分连接到母体原子4（N）,,1.0,0.2222,1,二次核验用于解释结构差异；semantic-resolved表示化学改造区域已确定但不强行指定等价原子序号；complex-transformation-resolved表示该构件属于成环或骨架重构，不适合写成一个天然残基的单点替换。以上都不是性质实验结果。
A1EJZ,LYS,second-pass-resolved,最大公共子结构覆盖母体100%、衍生物42%；得到唯一差异解释,新增8个C、1个N、5个O；新增部分连接到母体原子4（N）,,1.0,0.4167,1,二次核验用于解释结构差异；semantic-resolved表示化学改造区域已确定但不强行指定等价原子序号；complex-transformation-resolved表示该构件属于成环或骨架重构，不适合写成一个天然残基的单点替换。以上都不是性质实验结果。
A1EMP,LYS,second-pass-resolved,最大公共子结构覆盖母体90%、衍生物20%；得到唯一差异解释,新增28个C、5个N、2个O；母体中少了1个N；新增部分连接到母体原子3（C）,,0.9,0.2045,1,二次核验用于解释结构差异；semantic-resolved表示化学改造区域已确定但不强行指定等价原子序号；complex-transformation-resolved表示该构件属于成环或骨架重构，不适合写成一个天然残基的单点替换。以上都不是性质实验结果。
A1EYP,LYS,second-pass-resolved,最大公共子结构覆盖母体100%、衍生物37%；得到唯一差异解释,新增14个C、1个N、2个O；新增部分连接到母体原子4（N）,,1.0,0.3704,1,二次核验用于解释结构差异；semantic-resolved表示化学改造区域已确定但不强行指定等价原子序号；complex-transformation-resolved表示该构件属于成环或骨架重构，不适合写成一个天然残基的单点替换。以上都不是性质实验结果。
A1H2I,TRP,second-pass-resolved,最大公共子结构覆盖母体100%、衍生物88%；得到唯一差异解释,新增2个O；新增部分连接到母体原子1（C）、母体原子8（C）；检测到4处键级变化,,1.0,0.8824,1,二次核验用于解释结构差异；semantic-resolved表示化学改造区域已确定但不强行指定等价原子序号；complex-transformation-resolved表示该构件属于成环或骨架重构，不适合写成一个天然残基的单点替换。以上都不是性质实验结果。
A1H45,TRP,second-pass-resolved,最大公共子结构覆盖母体100%、衍生物88%；得到唯一差异解释,新增2个O；新增部分连接到母体原子1（C）、母体原子8（C）；检测到4处键级变化,,1.0,0.8824,1,二次核验用于解释结构差异；semantic-resolved表示化学改造区域已确定但不强行指定等价原子序号；complex-transformation-resolved表示该构件属于成环或骨架重构，不适合写成一个天然残基的单点替换。以上都不是性质实验结果。
A1H5N,LYS,second-pass-resolved,最大公共子结构覆盖母体100%、衍生物53%；得到唯一差异解释,新增8个C、1个O；新增部分连接到母体原子4（N）,,1.0,0.5263,1,二次核验用于解释结构差异；semantic-resolved表示化学改造区域已确定但不强行指定等价原子序号；complex-transformation-resolved表示该构件属于成环或骨架重构，不适合写成一个天然残基的单点替换。以上都不是性质实验结果。
A1H96,LYS,second-pass-resolved,最大公共子结构覆盖母体100%、衍生物62%；得到唯一差异解释,新增4个C、1个N、1个S；新增部分连接到母体原子4（N）,,1.0,0.625,1,二次核验用于解释结构差异；semantic-resolved表示化学改造区域已确定但不强行指定等价原子序号；complex-transformation-resolved表示该构件属于成环或骨架重构，不适合写成一个天然残基的单点替换。以上都不是性质实验结果。
A1I9G,HIS,second-pass-resolved,最大公共子结构覆盖母体100%、衍生物92%；得到唯一差异解释,新增1个C；新增部分连接到母体原子6（C）,,1.0,0.9167,1,二次核验用于解释结构差异；semantic-resolved表示化学改造区域已确定但不强行指定等价原子序号；complex-transformation-resolved表示该构件属于成环或骨架重构，不适合写成一个天然残基的单点替换。以上都不是性质实验结果。
A1IPL,PHE,semantic-resolved,RDKit无法读取该CCD的特殊价态表达；已用官方CCD名称和二维结构完成人工化学区域确认,苯丙氨酸芳环对位的氢被硼酸基替换；RDKit因该CCD的硼价态表达无法读取，但官方名称和结构可明确定位,苯丙氨酸芳环对位的氢被硼酸基替换；RDKit因该CCD的硼价态表达无法读取，但官方名称和结构可明确定位,,,,人工名称消歧用于确认化学改造区域，不是性质实验结果。
A1IQX,HIS,second-pass-resolved,最大公共子结构覆盖母体100%、衍生物73%；得到唯一差异解释,新增2个C、1个N、1个O；新增部分连接到母体原子5（N）,,1.0,0.7333,1,二次核验用于解释结构差异；semantic-resolved表示化学改造区域已确定但不强行指定等价原子序号；complex-transformation-resolved表示该构件属于成环或骨架重构，不适合写成一个天然残基的单点替换。以上都不是性质实验结果。
A1JCN,HIS,second-pass-resolved,最大公共子结构覆盖母体100%、衍生物55%；得到唯一差异解释,新增8个C、1个O；新增部分连接到母体原子3（N）、母体原子5（N）,,1.0,0.55,1,二次核验用于解释结构差异；semantic-resolved表示化学改造区域已确定但不强行指定等价原子序号；complex-transformation-resolved表示该构件属于成环或骨架重构，不适合写成一个天然残基的单点替换。以上都不是性质实验结果。
A1LTQ,ARG,second-pass-resolved,最大公共子结构覆盖母体67%、衍生物17%；得到唯一差异解释,新增16个C、1个H、7个N、13个O、2个P；母体中少了1个C、3个N；新增部分连接到母体原子8（C）,,0.6667,0.1702,1,二次核验用于解释结构差异；semantic-resolved表示化学改造区域已确定但不强行指定等价原子序号；complex-transformation-resolved表示该构件属于成环或骨架重构，不适合写成一个天然残基的单点替换。以上都不是性质实验结果。
A1LWV,LYS,second-pass-resolved,最大公共子结构覆盖母体100%、衍生物59%；得到唯一差异解释,新增5个C、2个O；新增部分连接到母体原子4（N）,,1.0,0.5882,1,二次核验用于解释结构差异；semantic-resolved表示化学改造区域已确定但不强行指定等价原子序号；complex-transformation-resolved表示该构件属于成环或骨架重构，不适合写成一个天然残基的单点替换。以上都不是性质实验结果。
A1MF6,LEU,second-pass-resolved,最大公共子结构覆盖母体89%、衍生物80%；得到唯一差异解释,新增1个C、1个N；母体中少了1个N；新增部分连接到母体原子5（C）,,0.8889,0.8,1,二次核验用于解释结构差异；semantic-resolved表示化学改造区域已确定但不强行指定等价原子序号；complex-transformation-resolved表示该构件属于成环或骨架重构，不适合写成一个天然残基的单点替换。以上都不是性质实验结果。
A5N,ASN,second-pass-resolved,最大公共子结构覆盖母体100%、衍生物69%；得到唯一差异解释,新增1个C、1个H、2个O；新增部分连接到母体原子8（O）、母体原子9（N）；检测到2处键级变化,,1.0,0.6923,1,二次核验用于解释结构差异；semantic-resolved表示化学改造区域已确定但不强行指定等价原子序号；complex-transformation-resolved表示该构件属于成环或骨架重构，不适合写成一个天然残基的单点替换。以上都不是性质实验结果。
A66,LYS,second-pass-resolved,最大公共子结构覆盖母体100%、衍生物38%；得到唯一差异解释,新增9个C、6个N、1个O；新增部分连接到母体原子10（N）；检测到1个立体中心方向变化,,1.0,0.3846,1,二次核验用于解释结构差异；semantic-resolved表示化学改造区域已确定但不强行指定等价原子序号；complex-transformation-resolved表示该构件属于成环或骨架重构，不适合写成一个天然残基的单点替换。以上都不是性质实验结果。
A8E,VAL,semantic-resolved,已结合官方CCD化学名称与结构叠合完成化学区域消歧；不再强行选择对称或等价原子的序号,新增1个Br、1个C；母体中少了1个C；新增部分连接到母体原子1（C）,官方CCD化学名称“(2S)-2-amino-4-bromopent-4-enoic acid”确定了改造区域；结构叠合覆盖天然母体88%。新增1个Br、1个C；母体中少了1个C；新增部分连接到母体原子1（C）,0.875,0.7778,2,二次核验用于解释结构差异；semantic-resolved表示化学改造区域已确定但不强行指定等价原子序号；complex-transformation-resolved表示该构件属于成环或骨架重构，不适合写成一个天然残基的单点替换。以上都不是性质实验结果。
AAR,ARG,semantic-resolved,已结合官方CCD化学名称与结构叠合完成化学区域消歧；不再强行选择对称或等价原子的序号,新增1个N；母体中少了1个O；新增部分连接到母体原子4（C）,天然氨基酸末端羧基改为酰胺；其他附加变化按官方CCD名称和结构图记录,0.9167,0.9167,2,二次核验用于解释结构差异；semantic-resolved表示化学改造区域已确定但不强行指定等价原子序号；complex-transformation-resolved表示该构件属于成环或骨架重构，不适合写成一个天然残基的单点替换。以上都不是性质实验结果。
AEA,CYS,second-pass-resolved,最大公共子结构覆盖母体86%、衍生物55%；得到唯一差异解释,新增2个C、1个N、2个O；母体中少了1个O；新增部分连接到母体原子3（C）、母体原子7（S）；检测到1个立体中心方向变化,,0.8571,0.5455,1,二次核验用于解释结构差异；semantic-resolved表示化学改造区域已确定但不强行指定等价原子序号；complex-transformation-resolved表示该构件属于成环或骨架重构，不适合写成一个天然残基的单点替换。以上都不是性质实验结果。
AGQ,TYR,second-pass-resolved,最大公共子结构覆盖母体100%、衍生物65%；得到唯一差异解释,新增1个C、1个H、4个N、1个O；新增部分连接到母体原子2（C）、母体原子5（C）；检测到6处键级变化,,1.0,0.65,1,二次核验用于解释结构差异；semantic-resolved表示化学改造区域已确定但不强行指定等价原子序号；complex-transformation-resolved表示该构件属于成环或骨架重构，不适合写成一个天然残基的单点替换。以上都不是性质实验结果。
ALS,SER,semantic-resolved,已结合官方CCD化学名称与结构叠合完成化学区域消歧；不再强行选择对称或等价原子的序号,新增4个O、1个S；新增部分连接到母体原子1（C）,官方CCD化学名称“(3S)-3-(sulfooxy)-L-serine”确定了改造区域；结构叠合覆盖天然母体100%。新增4个O、1个S；新增部分连接到母体原子1（C）,1.0,0.5833,2,二次核验用于解释结构差异；semantic-resolved表示化学改造区域已确定但不强行指定等价原子序号；complex-transformation-resolved表示该构件属于成环或骨架重构，不适合写成一个天然残基的单点替换。以上都不是性质实验结果。
ALT,ALA,semantic-resolved,已结合官方CCD化学名称与结构叠合完成化学区域消歧；不再强行选择对称或等价原子的序号,新增1个S；母体中少了1个O；新增部分连接到母体原子3（C）；检测到1处键级变化,丙氨酸羧基的羰基氧替换为硫，形成硫代羧基,0.8333,0.8333,2,二次核验用于解释结构差异；semantic-resolved表示化学改造区域已确定但不强行指定等价原子序号；complex-transformation-resolved表示该构件属于成环或骨架重构，不适合写成一个天然残基的单点替换。以上都不是性质实验结果。
ALY,LYS,second-pass-resolved,最大公共子结构覆盖母体100%、衍生物77%；得到唯一差异解释,新增2个C、1个O；新增部分连接到母体原子4（N）,,1.0,0.7692,1,二次核验用于解释结构差异；semantic-resolved表示化学改造区域已确定但不强行指定等价原子序号；complex-transformation-resolved表示该构件属于成环或骨架重构，不适合写成一个天然残基的单点替换。以上都不是性质实验结果。
AN6,LEU,second-pass-resolved,最大公共子结构覆盖母体78%、衍生物25%；得到唯一差异解释,新增12个C、6个N、3个O；母体中少了2个C；新增部分连接到母体原子2（C）,,0.7778,0.25,1,二次核验用于解释结构差异；semantic-resolved表示化学改造区域已确定但不强行指定等价原子序号；complex-transformation-resolved表示该构件属于成环或骨架重构，不适合写成一个天然残基的单点替换。以上都不是性质实验结果。
API,LYS,semantic-resolved,已结合官方CCD化学名称与结构叠合完成化学区域消歧；不再强行选择对称或等价原子的序号,新增1个C、2个O；新增部分连接到母体原子3（C）,"官方CCD化学名称“2,6-DIAMINOPIMELIC ACID”确定了改造区域；结构叠合覆盖天然母体100%。新增1个C、2个O；新增部分连接到母体原子3（C）",1.0,0.7692,2,二次核验用于解释结构差异；semantic-resolved表示化学改造区域已确定但不强行指定等价原子序号；complex-transformation-resolved表示该构件属于成环或骨架重构，不适合写成一个天然残基的单点替换。以上都不是性质实验结果。
APK,LYS,second-pass-resolved,最大公共子结构覆盖母体90%、衍生物29%；得到唯一差异解释,新增10个C、5个N、6个O、1个P；母体中少了1个O；新增部分连接到母体原子4（N）,,0.9,0.2903,1,二次核验用于解释结构差异；semantic-resolved表示化学改造区域已确定但不强行指定等价原子序号；complex-transformation-resolved表示该构件属于成环或骨架重构，不适合写成一个天然残基的单点替换。以上都不是性质实验结果。
AR2,ARG,semantic-resolved,已结合官方CCD化学名称与结构叠合完成化学区域消歧；不再强行选择对称或等价原子的序号,新增8个C、1个H、1个N、2个O、1个S；母体中少了1个O；新增部分连接到母体原子11（N）、母体原子4（C）,官方CCD化学名称“ARGINYL-BENZOTHIAZOLE-6-CARBOXYLIC ACID”确定了改造区域；结构叠合覆盖天然母体92%。新增8个C、1个H、1个N、2个O、1个S；母体中少了1个O；新增部分连接到母体原子11（N）、母体原子4（C）,0.9167,0.4583,2,二次核验用于解释结构差异；semantic-resolved表示化学改造区域已确定但不强行指定等价原子序号；complex-transformation-resolved表示该构件属于成环或骨架重构，不适合写成一个天然残基的单点替换。以上都不是性质实验结果。
ARM,ARG,semantic-resolved,已结合官方CCD化学名称与结构叠合完成化学区域消歧；不再强行选择对称或等价原子的序号,新增1个C；母体中少了1个O；新增部分连接到母体原子4（C）；检测到1个立体中心方向变化,官方CCD化学名称“DEOXY-METHYL-ARGININE”确定了改造区域；结构叠合覆盖天然母体92%。新增1个C；母体中少了1个O；新增部分连接到母体原子4（C）；检测到1个立体中心方向变化,0.9167,0.9167,2,二次核验用于解释结构差异；semantic-resolved表示化学改造区域已确定但不强行指定等价原子序号；complex-transformation-resolved表示该构件属于成环或骨架重构，不适合写成一个天然残基的单点替换。以上都不是性质实验结果。
ASA,ASP,second-pass-resolved,最大公共子结构覆盖母体89%、衍生物100%；得到唯一差异解释,母体中少了1个O,,0.8889,1.0,1,二次核验用于解释结构差异；semantic-resolved表示化学改造区域已确定但不强行指定等价原子序号；complex-transformation-resolved表示该构件属于成环或骨架重构，不适合写成一个天然残基的单点替换。以上都不是性质实验结果。
AZK,LYS,semantic-resolved,已结合官方CCD化学名称与结构叠合完成化学区域消歧；不再强行选择对称或等价原子的序号,新增2个N；母体中少了1个O；新增部分连接到母体原子4（N）；检测到1处键级变化,赖氨酸侧链末端ε-氨基替换为叠氮基,0.9,0.8182,2,二次核验用于解释结构差异；semantic-resolved表示化学改造区域已确定但不强行指定等价原子序号；complex-transformation-resolved表示该构件属于成环或骨架重构，不适合写成一个天然残基的单点替换。以上都不是性质实验结果。
B3A,ALA,second-pass-resolved,最大公共子结构覆盖母体83%、衍生物71%；得到唯一差异解释,新增1个C、1个N；母体中少了1个N；新增部分连接到母体原子1（C）,,0.8333,0.7143,1,二次核验用于解释结构差异；semantic-resolved表示化学改造区域已确定但不强行指定等价原子序号；complex-transformation-resolved表示该构件属于成环或骨架重构，不适合写成一个天然残基的单点替换。以上都不是性质实验结果。
B3D,ASP,second-pass-resolved,最大公共子结构覆盖母体78%、衍生物70%；得到唯一差异解释,新增1个C、2个O；母体中少了2个O；新增部分连接到母体原子3（C）,,0.7778,0.7,1,二次核验用于解释结构差异；semantic-resolved表示化学改造区域已确定但不强行指定等价原子序号；complex-transformation-resolved表示该构件属于成环或骨架重构，不适合写成一个天然残基的单点替换。以上都不是性质实验结果。
B3E,GLU,second-pass-resolved,最大公共子结构覆盖母体80%、衍生物73%；得到唯一差异解释,新增1个C、2个O；母体中少了2个O；新增部分连接到母体原子7（C）,,0.8,0.7273,1,二次核验用于解释结构差异；semantic-resolved表示化学改造区域已确定但不强行指定等价原子序号；complex-transformation-resolved表示该构件属于成环或骨架重构，不适合写成一个天然残基的单点替换。以上都不是性质实验结果。
B3K,LYS,second-pass-resolved,最大公共子结构覆盖母体80%、衍生物73%；得到唯一差异解释,新增1个C、2个O；母体中少了2个O；新增部分连接到母体原子7（C）,,0.8,0.7273,1,二次核验用于解释结构差异；semantic-resolved表示化学改造区域已确定但不强行指定等价原子序号；complex-transformation-resolved表示该构件属于成环或骨架重构，不适合写成一个天然残基的单点替换。以上都不是性质实验结果。
B3U,HIS,second-pass-resolved,最大公共子结构覆盖母体100%、衍生物92%；得到唯一差异解释,新增1个N；新增部分连接到母体原子4（C）,,1.0,0.9167,1,二次核验用于解释结构差异；semantic-resolved表示化学改造区域已确定但不强行指定等价原子序号；complex-transformation-resolved表示该构件属于成环或骨架重构，不适合写成一个天然残基的单点替换。以上都不是性质实验结果。
B3X,ASN,second-pass-resolved,最大公共子结构覆盖母体78%、衍生物70%；得到唯一差异解释,新增1个C、2个O；母体中少了2个O；新增部分连接到母体原子3（C）,,0.7778,0.7,1,二次核验用于解释结构差异；semantic-resolved表示化学改造区域已确定但不强行指定等价原子序号；complex-transformation-resolved表示该构件属于成环或骨架重构，不适合写成一个天然残基的单点替换。以上都不是性质实验结果。
B3Y,TYR,second-pass-resolved,最大公共子结构覆盖母体85%、衍生物79%；得到唯一差异解释,新增1个C、2个O；母体中少了2个O；新增部分连接到母体原子9（C）,,0.8462,0.7857,1,二次核验用于解释结构差异；semantic-resolved表示化学改造区域已确定但不强行指定等价原子序号；complex-transformation-resolved表示该构件属于成环或骨架重构，不适合写成一个天然残基的单点替换。以上都不是性质实验结果。
BB6,CYS,second-pass-resolved,最大公共子结构覆盖母体100%、衍生物88%；得到唯一差异解释,新增1个C；新增部分连接到母体原子1（C）；检测到1处键级变化,,1.0,0.875,1,二次核验用于解释结构差异；semantic-resolved表示化学改造区域已确定但不强行指定等价原子序号；complex-transformation-resolved表示该构件属于成环或骨架重构，不适合写成一个天然残基的单点替换。以上都不是性质实验结果。
BB7,CYS,second-pass-resolved,最大公共子结构覆盖母体100%、衍生物70%；得到唯一差异解释,新增2个C、1个O；新增部分连接到母体原子1（C）；检测到1处键级变化,,1.0,0.7,1,二次核验用于解释结构差异；semantic-resolved表示化学改造区域已确定但不强行指定等价原子序号；complex-transformation-resolved表示该构件属于成环或骨架重构，不适合写成一个天然残基的单点替换。以上都不是性质实验结果。
BB9,CYS,second-pass-resolved,最大公共子结构覆盖母体100%、衍生物100%；得到唯一差异解释,检测到1处键级变化,,1.0,1.0,1,二次核验用于解释结构差异；semantic-resolved表示化学改造区域已确定但不强行指定等价原子序号；complex-transformation-resolved表示该构件属于成环或骨架重构，不适合写成一个天然残基的单点替换。以上都不是性质实验结果。
BBC,CYS,semantic-resolved,已结合官方CCD化学名称与结构叠合完成化学区域消歧；不再强行选择对称或等价原子的序号,新增4个C、1个H、1个N、1个O；母体中少了1个O；新增部分连接到母体原子6（N）、母体原子7（S）；检测到2处键级变化,天然氨基酸末端羧基被还原为羟甲基（氨基醇）,0.8571,0.4615,2,二次核验用于解释结构差异；semantic-resolved表示化学改造区域已确定但不强行指定等价原子序号；complex-transformation-resolved表示该构件属于成环或骨架重构，不适合写成一个天然残基的单点替换。以上都不是性质实验结果。
BCX,CYS,second-pass-resolved,最大公共子结构覆盖母体71%、衍生物62%；得到唯一差异解释,新增1个C、2个O；母体中少了2个O；新增部分连接到母体原子3（C）；检测到1个立体中心方向变化,,0.7143,0.625,1,二次核验用于解释结构差异；semantic-resolved表示化学改造区域已确定但不强行指定等价原子序号；complex-transformation-resolved表示该构件属于成环或骨架重构，不适合写成一个天然残基的单点替换。以上都不是性质实验结果。
BPE,CYS,semantic-resolved,已结合官方CCD化学名称与结构叠合完成化学区域消歧；不再强行选择对称或等价原子的序号,新增3个C、1个N；母体中少了1个O；新增部分连接到母体原子7（S）；检测到1处键级变化,天然氨基酸末端羧基被还原为羟甲基（氨基醇）,0.8571,0.6,2,二次核验用于解释结构差异；semantic-resolved表示化学改造区域已确定但不强行指定等价原子序号；complex-transformation-resolved表示该构件属于成环或骨架重构，不适合写成一个天然残基的单点替换。以上都不是性质实验结果。
BSE,SER,second-pass-resolved,最大公共子结构覆盖母体86%、衍生物75%；得到唯一差异解释,新增1个C、1个N；母体中少了1个N；新增部分连接到母体原子2（C）,,0.8571,0.75,1,二次核验用于解释结构差异；semantic-resolved表示化学改造区域已确定但不强行指定等价原子序号；complex-transformation-resolved表示该构件属于成环或骨架重构，不适合写成一个天然残基的单点替换。以上都不是性质实验结果。
BTK,LYS,second-pass-resolved,最大公共子结构覆盖母体100%、衍生物67%；得到唯一差异解释,新增4个C、1个O；新增部分连接到母体原子4（N）,,1.0,0.6667,1,二次核验用于解释结构差异；semantic-resolved表示化学改造区域已确定但不强行指定等价原子序号；complex-transformation-resolved表示该构件属于成环或骨架重构，不适合写成一个天然残基的单点替换。以上都不是性质实验结果。
BWV,ARG,second-pass-resolved,最大公共子结构覆盖母体100%、衍生物71%；得到唯一差异解释,新增4个C、1个H；新增部分连接到母体原子11（N）、母体原子12（N）,,1.0,0.7059,1,二次核验用于解释结构差异；semantic-resolved表示化学改造区域已确定但不强行指定等价原子序号；complex-transformation-resolved表示该构件属于成环或骨架重构，不适合写成一个天然残基的单点替换。以上都不是性质实验结果。
C1X,LYS,second-pass-resolved,最大公共子结构覆盖母体100%、衍生物40%；得到唯一差异解释,新增10个C、4个O、1个S；新增部分连接到母体原子4（N）,,1.0,0.4,1,二次核验用于解释结构差异；semantic-resolved表示化学改造区域已确定但不强行指定等价原子序号；complex-transformation-resolved表示该构件属于成环或骨架重构，不适合写成一个天然残基的单点替换。以上都不是性质实验结果。
CE7,ASN,second-pass-resolved,最大公共子结构覆盖母体100%、衍生物90%；得到唯一差异解释,新增1个O；新增部分连接到母体原子3（C）；检测到1处键级变化,,1.0,0.9,1,二次核验用于解释结构差异；semantic-resolved表示化学改造区域已确定但不强行指定等价原子序号；complex-transformation-resolved表示该构件属于成环或骨架重构，不适合写成一个天然残基的单点替换。以上都不是性质实验结果。
CIR,ARG,semantic-resolved,已结合官方CCD化学名称与结构叠合完成化学区域消歧；不再强行选择对称或等价原子的序号,新增1个O；母体中少了1个N；新增部分连接到母体原子10（C）；检测到1处键级变化,精氨酸侧链末端胍基发生脱亚胺，末端亚胺氮替换为羰基氧，形成瓜氨酸,0.9167,0.9167,2,二次核验用于解释结构差异；semantic-resolved表示化学改造区域已确定但不强行指定等价原子序号；complex-transformation-resolved表示该构件属于成环或骨架重构，不适合写成一个天然残基的单点替换。以上都不是性质实验结果。
CLG,LYS,second-pass-resolved,最大公共子结构覆盖母体100%、衍生物53%；得到唯一差异解释,新增4个C、2个N、3个O；新增部分连接到母体原子4（N）,,1.0,0.5263,1,二次核验用于解释结构差异；semantic-resolved表示化学改造区域已确定但不强行指定等价原子序号；complex-transformation-resolved表示该构件属于成环或骨架重构，不适合写成一个天然残基的单点替换。以上都不是性质实验结果。
CLH,LYS,second-pass-resolved,最大公共子结构覆盖母体100%、衍生物56%；得到唯一差异解释,新增4个C、1个N、3个O；新增部分连接到母体原子4（N）,,1.0,0.5556,1,二次核验用于解释结构差异；semantic-resolved表示化学改造区域已确定但不强行指定等价原子序号；complex-transformation-resolved表示该构件属于成环或骨架重构，不适合写成一个天然残基的单点替换。以上都不是性质实验结果。
CLV,ALA,second-pass-resolved,最大公共子结构覆盖母体67%、衍生物31%；得到唯一差异解释,新增5个C、3个N、1个O；母体中少了1个C、1个N；新增部分连接到母体原子2（C）,,0.6667,0.3077,1,二次核验用于解释结构差异；semantic-resolved表示化学改造区域已确定但不强行指定等价原子序号；complex-transformation-resolved表示该构件属于成环或骨架重构，不适合写成一个天然残基的单点替换。以上都不是性质实验结果。
CR0,GLY,second-pass-resolved,最大公共子结构覆盖母体80%、衍生物20%；得到唯一差异解释,新增10个C、3个N、3个O；母体中少了1个N；新增部分连接到母体原子1（C）,,0.8,0.2,1,二次核验用于解释结构差异；semantic-resolved表示化学改造区域已确定但不强行指定等价原子序号；complex-transformation-resolved表示该构件属于成环或骨架重构，不适合写成一个天然残基的单点替换。以上都不是性质实验结果。
CR2,GLY,second-pass-resolved,最大公共子结构覆盖母体80%、衍生物20%；得到唯一差异解释,新增11个C、3个N、2个O；母体中少了1个N；新增部分连接到母体原子1（C）,,0.8,0.2,1,二次核验用于解释结构差异；semantic-resolved表示化学改造区域已确定但不强行指定等价原子序号；complex-transformation-resolved表示该构件属于成环或骨架重构，不适合写成一个天然残基的单点替换。以上都不是性质实验结果。
CRG,GLY,second-pass-resolved,最大公共子结构覆盖母体80%、衍生物19%；得到唯一差异解释,新增10个C、5个N、2个O；母体中少了1个N；新增部分连接到母体原子1（C）,,0.8,0.1905,1,二次核验用于解释结构差异；semantic-resolved表示化学改造区域已确定但不强行指定等价原子序号；complex-transformation-resolved表示该构件属于成环或骨架重构，不适合写成一个天然残基的单点替换。以上都不是性质实验结果。
CRX,ALA,second-pass-resolved,最大公共子结构覆盖母体67%、衍生物27%；得到唯一差异解释,新增6个C、3个N、2个O；母体中少了1个C、1个N；新增部分连接到母体原子2（C）,,0.6667,0.2667,1,二次核验用于解释结构差异；semantic-resolved表示化学改造区域已确定但不强行指定等价原子序号；complex-transformation-resolved表示该构件属于成环或骨架重构，不适合写成一个天然残基的单点替换。以上都不是性质实验结果。
CSH,GLY,second-pass-resolved,最大公共子结构覆盖母体80%、衍生物20%；得到唯一差异解释,新增9个C、5个N、2个O；母体中少了1个N；新增部分连接到母体原子1（C）,,0.8,0.2,1,二次核验用于解释结构差异；semantic-resolved表示化学改造区域已确定但不强行指定等价原子序号；complex-transformation-resolved表示该构件属于成环或骨架重构，不适合写成一个天然残基的单点替换。以上都不是性质实验结果。
CWR,SER,complex-transformation-resolved,已结合官方CCD化学名称与结构叠合完成化学区域消歧；不再强行选择对称或等价原子的序号,新增4个C、2个N、1个O；母体中少了1个C、1个N、1个O；新增部分连接到母体原子2（C）,丝氨酸相关碳骨架并入取代咪唑酮环；属于成环和官能团重排，不能用单点替换描述,0.5714,0.3636,1,二次核验用于解释结构差异；semantic-resolved表示化学改造区域已确定但不强行指定等价原子序号；complex-transformation-resolved表示该构件属于成环或骨架重构，不适合写成一个天然残基的单点替换。以上都不是性质实验结果。
CY3,CYS,second-pass-resolved,最大公共子结构覆盖母体86%、衍生物86%；得到唯一差异解释,新增1个N；母体中少了1个O；新增部分连接到母体原子3（C）,,0.8571,0.8571,1,二次核验用于解释结构差异；semantic-resolved表示化学改造区域已确定但不强行指定等价原子序号；complex-transformation-resolved表示该构件属于成环或骨架重构，不适合写成一个天然残基的单点替换。以上都不是性质实验结果。
CYF,CYS,second-pass-resolved,最大公共子结构覆盖母体86%、衍生物17%；得到唯一差异解释,新增22个C、2个N、6个O；母体中少了1个O；新增部分连接到母体原子3（C）、母体原子7（S）,,0.8571,0.1667,1,二次核验用于解释结构差异；semantic-resolved表示化学改造区域已确定但不强行指定等价原子序号；complex-transformation-resolved表示该构件属于成环或骨架重构，不适合写成一个天然残基的单点替换。以上都不是性质实验结果。
CYJ,LYS,second-pass-resolved,最大公共子结构覆盖母体100%、衍生物40%；得到唯一差异解释,新增10个C、1个N、4个O；新增部分连接到母体原子4（N）,,1.0,0.4,1,二次核验用于解释结构差异；semantic-resolved表示化学改造区域已确定但不强行指定等价原子序号；complex-transformation-resolved表示该构件属于成环或骨架重构，不适合写成一个天然残基的单点替换。以上都不是性质实验结果。
D8R,LYS,second-pass-resolved,最大公共子结构覆盖母体100%、衍生物67%；得到唯一差异解释,新增3个C、2个O；新增部分连接到母体原子4（N）,,1.0,0.6667,1,二次核验用于解释结构差异；semantic-resolved表示化学改造区域已确定但不强行指定等价原子序号；complex-transformation-resolved表示该构件属于成环或骨架重构，不适合写成一个天然残基的单点替换。以上都不是性质实验结果。
DA2,ARG,second-pass-resolved,最大公共子结构覆盖母体100%、衍生物80%；得到唯一差异解释,新增2个C、1个H；新增部分连接到母体原子11（N）、母体原子12（N）,,1.0,0.8,1,二次核验用于解释结构差异；semantic-resolved表示化学改造区域已确定但不强行指定等价原子序号；complex-transformation-resolved表示该构件属于成环或骨架重构，不适合写成一个天然残基的单点替换。以上都不是性质实验结果。
DBU,THR,second-pass-resolved,最大公共子结构覆盖母体88%、衍生物100%；得到唯一差异解释,母体中少了1个O；检测到1处键级变化,,0.875,1.0,1,二次核验用于解释结构差异；semantic-resolved表示化学改造区域已确定但不强行指定等价原子序号；complex-transformation-resolved表示该构件属于成环或骨架重构，不适合写成一个天然残基的单点替换。以上都不是性质实验结果。
DDE,HIS,second-pass-resolved,最大公共子结构覆盖母体100%、衍生物52%；得到唯一差异解释,新增7个C、2个N、1个O；新增部分连接到母体原子4（C）,,1.0,0.5238,1,二次核验用于解释结构差异；semantic-resolved表示化学改造区域已确定但不强行指定等价原子序号；complex-transformation-resolved表示该构件属于成环或骨架重构，不适合写成一个天然残基的单点替换。以上都不是性质实验结果。
DHA,SER,second-pass-resolved,最大公共子结构覆盖母体86%、衍生物100%；得到唯一差异解释,母体中少了1个O；检测到1处键级变化,,0.8571,1.0,1,二次核验用于解释结构差异；semantic-resolved表示化学改造区域已确定但不强行指定等价原子序号；complex-transformation-resolved表示该构件属于成环或骨架重构，不适合写成一个天然残基的单点替换。以上都不是性质实验结果。
DIR,ARG,complex-transformation-resolved,已结合官方CCD化学名称与结构叠合完成化学区域消歧；不再强行选择对称或等价原子的序号,新增1个N、3个O；母体中少了2个C、1个N、2个O；新增部分连接到母体原子11（N）、母体原子1（C）、母体原子2（C）,精氨酸侧链缩短并重排为羟基胍基丙氨酸结构；属于侧链重构,0.5833,0.6364,1,二次核验用于解释结构差异；semantic-resolved表示化学改造区域已确定但不强行指定等价原子序号；complex-transformation-resolved表示该构件属于成环或骨架重构，不适合写成一个天然残基的单点替换。以上都不是性质实验结果。
DLS,LYS,second-pass-resolved,最大公共子结构覆盖母体100%、衍生物62%；得到唯一差异解释,新增4个C、2个O；新增部分连接到母体原子10（N）、母体原子4（N）,,1.0,0.625,1,二次核验用于解释结构差异；semantic-resolved表示化学改造区域已确定但不强行指定等价原子序号；complex-transformation-resolved表示该构件属于成环或骨架重构，不适合写成一个天然残基的单点替换。以上都不是性质实验结果。
DM0,LYS,second-pass-resolved,最大公共子结构覆盖母体100%、衍生物71%；得到唯一差异解释,新增4个C；新增部分连接到母体原子10（N）、母体原子4（N）,,1.0,0.7143,1,二次核验用于解释结构差异；semantic-resolved表示化学改造区域已确定但不强行指定等价原子序号；complex-transformation-resolved表示该构件属于成环或骨架重构，不适合写成一个天然残基的单点替换。以上都不是性质实验结果。
DNL,LYS,second-pass-resolved,最大公共子结构覆盖母体80%、衍生物100%；得到唯一差异解释,母体中少了1个N、1个O,,0.8,1.0,1,二次核验用于解释结构差异；semantic-resolved表示化学改造区域已确定但不强行指定等价原子序号；complex-transformation-resolved表示该构件属于成环或骨架重构，不适合写成一个天然残基的单点替换。以上都不是性质实验结果。
DNS,LYS,second-pass-resolved,最大公共子结构覆盖母体100%、衍生物38%；得到唯一差异解释,新增12个C、1个N、2个O、1个S；新增部分连接到母体原子4（N）,,1.0,0.3846,1,二次核验用于解释结构差异；semantic-resolved表示化学改造区域已确定但不强行指定等价原子序号；complex-transformation-resolved表示该构件属于成环或骨架重构，不适合写成一个天然残基的单点替换。以上都不是性质实验结果。
DON,LEU,semantic-resolved,已结合官方CCD化学名称与结构叠合完成化学区域消歧；不再强行选择对称或等价原子的序号,新增1个C、2个N、1个O；母体中少了1个C；新增部分连接到母体原子1（C）,亮氨酸支链由支化异丁基改为直链正丁基；名称中的其他取代基另行保留,0.8889,0.6667,2,二次核验用于解释结构差异；semantic-resolved表示化学改造区域已确定但不强行指定等价原子序号；complex-transformation-resolved表示该构件属于成环或骨架重构，不适合写成一个天然残基的单点替换。以上都不是性质实验结果。
DPQ,TYR,second-pass-resolved,最大公共子结构覆盖母体100%、衍生物93%；得到唯一差异解释,新增1个O；新增部分连接到母体原子4（C）；检测到6处键级变化,,1.0,0.9286,1,二次核验用于解释结构差异；semantic-resolved表示化学改造区域已确定但不强行指定等价原子序号；complex-transformation-resolved表示该构件属于成环或骨架重构，不适合写成一个天然残基的单点替换。以上都不是性质实验结果。
DV9,GLU,semantic-resolved,已结合官方CCD化学名称与结构叠合完成化学区域消歧；不再强行选择对称或等价原子的序号,新增1个C、2个F、3个O、1个P；母体中少了1个O；新增部分连接到母体原子3（C）,"官方CCD化学名称“(2S)-2-azanyl-6,6-bis(fluoranyl)-5-oxidanylidene-6-phosphono-hexanoic acid”确定了改造区域；结构叠合覆盖天然母体90%。新增1个C、2个F、3个O、1个P；母体中少了1个O；新增部分连接到母体原子3（C）",0.9,0.5625,2,二次核验用于解释结构差异；semantic-resolved表示化学改造区域已确定但不强行指定等价原子序号；complex-transformation-resolved表示该构件属于成环或骨架重构，不适合写成一个天然残基的单点替换。以上都不是性质实验结果。
DYA,ASP,second-pass-resolved,最大公共子结构覆盖母体100%、衍生物100%；得到唯一差异解释,检测到1处键级变化,,1.0,1.0,1,二次核验用于解释结构差异；semantic-resolved表示化学改造区域已确定但不强行指定等价原子序号；complex-transformation-resolved表示该构件属于成环或骨架重构，不适合写成一个天然残基的单点替换。以上都不是性质实验结果。
E9C,TYR,second-pass-resolved,最大公共子结构覆盖母体100%、衍生物87%；得到唯一差异解释,新增2个O；新增部分连接到母体原子1（C）、母体原子4（C）；检测到7处键级变化,,1.0,0.8667,1,二次核验用于解释结构差异；semantic-resolved表示化学改造区域已确定但不强行指定等价原子序号；complex-transformation-resolved表示该构件属于成环或骨架重构，不适合写成一个天然残基的单点替换。以上都不是性质实验结果。
E9V,HIS,second-pass-resolved,最大公共子结构覆盖母体100%、衍生物92%；得到唯一差异解释,新增1个C；新增部分连接到母体原子11（N）,,1.0,0.9167,1,二次核验用于解释结构差异；semantic-resolved表示化学改造区域已确定但不强行指定等价原子序号；complex-transformation-resolved表示该构件属于成环或骨架重构，不适合写成一个天然残基的单点替换。以上都不是性质实验结果。
ECC,GLN,semantic-resolved,已结合官方CCD化学名称与结构叠合完成化学区域消歧；不再强行选择对称或等价原子的序号,母体中少了1个O；检测到1处键级变化,天然氨基酸末端羧基改为酰胺；其他附加变化按官方CCD名称和结构图记录,0.9,1.0,2,二次核验用于解释结构差异；semantic-resolved表示化学改造区域已确定但不强行指定等价原子序号；complex-transformation-resolved表示该构件属于成环或骨架重构，不适合写成一个天然残基的单点替换。以上都不是性质实验结果。
EI4,ARG,complex-transformation-resolved,已结合官方CCD化学名称与结构叠合完成化学区域消歧；不再强行选择对称或等价原子的序号,新增3个C、1个H、3个N；母体中少了3个C、3个N；新增部分连接到母体原子2（C）,精氨酸型胍基侧链发生分子内成环，形成enduracididine的环状胍结构,0.5,0.4615,1,二次核验用于解释结构差异；semantic-resolved表示化学改造区域已确定但不强行指定等价原子序号；complex-transformation-resolved表示该构件属于成环或骨架重构，不适合写成一个天然残基的单点替换。以上都不是性质实验结果。
ELY,LYS,second-pass-resolved,最大公共子结构覆盖母体100%、衍生物71%；得到唯一差异解释,新增4个C；新增部分连接到母体原子4（N）,,1.0,0.7143,1,二次核验用于解释结构差异；semantic-resolved表示化学改造区域已确定但不强行指定等价原子序号；complex-transformation-resolved表示该构件属于成环或骨架重构，不适合写成一个天然残基的单点替换。以上都不是性质实验结果。
ESB,TYR,second-pass-resolved,最大公共子结构覆盖母体100%、衍生物76%；得到唯一差异解释,新增2个C、1个N、1个O；新增部分连接到母体原子2（C）、母体原子5（C）；检测到6处键级变化,,1.0,0.7647,1,二次核验用于解释结构差异；semantic-resolved表示化学改造区域已确定但不强行指定等价原子序号；complex-transformation-resolved表示该构件属于成环或骨架重构，不适合写成一个天然残基的单点替换。以上都不是性质实验结果。
EXA,LYS,second-pass-resolved,最大公共子结构覆盖母体100%、衍生物32%；得到唯一差异解释,新增11个C、2个N、7个O、1个P；新增部分连接到母体原子4（N）,,1.0,0.3226,1,二次核验用于解释结构差异；semantic-resolved表示化学改造区域已确定但不强行指定等价原子序号；complex-transformation-resolved表示该构件属于成环或骨架重构，不适合写成一个天然残基的单点替换。以上都不是性质实验结果。
EXL,TRP,second-pass-resolved,最大公共子结构覆盖母体100%、衍生物94%；得到唯一差异解释,新增1个C；新增部分连接到母体原子9（N）,,1.0,0.9375,1,二次核验用于解释结构差异；semantic-resolved表示化学改造区域已确定但不强行指定等价原子序号；complex-transformation-resolved表示该构件属于成环或骨架重构，不适合写成一个天然残基的单点替换。以上都不是性质实验结果。
EXY,LEU,semantic-resolved,已结合官方CCD化学名称与结构叠合完成化学区域消歧；不再强行选择对称或等价原子的序号,新增3个C、1个O；母体中少了1个C；新增部分连接到母体原子1（C）,亮氨酸支链由支化异丁基改为直链正丁基；名称中的其他取代基另行保留,0.8889,0.6667,2,二次核验用于解释结构差异；semantic-resolved表示化学改造区域已确定但不强行指定等价原子序号；complex-transformation-resolved表示该构件属于成环或骨架重构，不适合写成一个天然残基的单点替换。以上都不是性质实验结果。
F6N,GLY,complex-transformation-resolved,已结合官方CCD化学名称与结构叠合完成化学区域消歧；不再强行选择对称或等价原子的序号,新增4个C、2个N、1个O；母体中少了1个C、1个N；新增部分连接到母体原子2（C）,"甘氨酸骨架扩展并氧化成1,3-噁唑环；属于杂环形成",0.6,0.3,1,二次核验用于解释结构差异；semantic-resolved表示化学改造区域已确定但不强行指定等价原子序号；complex-transformation-resolved表示该构件属于成环或骨架重构，不适合写成一个天然残基的单点替换。以上都不是性质实验结果。
F75,CYS,complex-transformation-resolved,已结合官方CCD化学名称与结构叠合完成化学区域消歧；不再强行选择对称或等价原子的序号,新增4个C、2个N、1个S；母体中少了2个C、1个N、1个S；新增部分连接到母体原子3（C）,"半胱氨酸相关骨架经成环和氧化形成1,3-噻唑环；属于杂环形成",0.4286,0.3,1,二次核验用于解释结构差异；semantic-resolved表示化学改造区域已确定但不强行指定等价原子序号；complex-transformation-resolved表示该构件属于成环或骨架重构，不适合写成一个天然残基的单点替换。以上都不是性质实验结果。
F7Q,TYR,second-pass-resolved,最大公共子结构覆盖母体100%、衍生物87%；得到唯一差异解释,新增2个O；新增部分连接到母体原子6（C）；检测到7处键级变化,,1.0,0.8667,1,二次核验用于解释结构差异；semantic-resolved表示化学改造区域已确定但不强行指定等价原子序号；complex-transformation-resolved表示该构件属于成环或骨架重构，不适合写成一个天然残基的单点替换。以上都不是性质实验结果。
FAK,LYS,second-pass-resolved,最大公共子结构覆盖母体100%、衍生物62%；得到唯一差异解释,新增2个C、3个F、1个O；新增部分连接到母体原子4（N）,,1.0,0.625,1,二次核验用于解释结构差异；semantic-resolved表示化学改造区域已确定但不强行指定等价原子序号；complex-transformation-resolved表示该构件属于成环或骨架重构，不适合写成一个天然残基的单点替换。以上都不是性质实验结果。
FB5,ALA,semantic-resolved,已结合官方CCD化学名称与结构叠合完成化学区域消歧；不再强行选择对称或等价原子的序号,新增1个B、4个C、2个F、2个O；新增部分连接到母体原子1（C）、母体原子2（C）,亮氨酸支链由支化异丁基改为直链正丁基；名称中的其他取代基另行保留,1.0,0.4,2,二次核验用于解释结构差异；semantic-resolved表示化学改造区域已确定但不强行指定等价原子序号；complex-transformation-resolved表示该构件属于成环或骨架重构，不适合写成一个天然残基的单点替换。以上都不是性质实验结果。
FB6,ALA,semantic-resolved,已结合官方CCD化学名称与结构叠合完成化学区域消歧；不再强行选择对称或等价原子的序号,新增1个B、4个C、2个O；新增部分连接到母体原子1（C）、母体原子2（C）,亮氨酸支链由支化异丁基改为直链正丁基；名称中的其他取代基另行保留,1.0,0.4615,2,二次核验用于解释结构差异；semantic-resolved表示化学改造区域已确定但不强行指定等价原子序号；complex-transformation-resolved表示该构件属于成环或骨架重构，不适合写成一个天然残基的单点替换。以上都不是性质实验结果。
FDL,LYS,second-pass-resolved,最大公共子结构覆盖母体90%、衍生物36%；得到唯一差异解释,新增12个C、1个N、3个O；母体中少了1个O；新增部分连接到母体原子4（N）、母体原子7（C）；检测到1个立体中心方向变化,,0.9,0.36,1,二次核验用于解释结构差异；semantic-resolved表示化学改造区域已确定但不强行指定等价原子序号；complex-transformation-resolved表示该构件属于成环或骨架重构，不适合写成一个天然残基的单点替换。以上都不是性质实验结果。
FF9,LYS,second-pass-resolved,最大公共子结构覆盖母体100%、衍生物62%；得到唯一差异解释,新增4个C、2个O；新增部分连接到母体原子4（N）,,1.0,0.625,1,二次核验用于解释结构差异；semantic-resolved表示化学改造区域已确定但不强行指定等价原子序号；complex-transformation-resolved表示该构件属于成环或骨架重构，不适合写成一个天然残基的单点替换。以上都不是性质实验结果。
FGP,SER,semantic-resolved,已结合官方CCD化学名称与结构叠合完成化学区域消歧；不再强行选择对称或等价原子的序号,新增4个O、1个P；新增部分连接到母体原子1（C）,官方CCD化学名称“2-AMINO-3-HYDROXY-3-PHOSPHONOOXY-PROPIONIC ACID”确定了改造区域；结构叠合覆盖天然母体100%。新增4个O、1个P；新增部分连接到母体原子1（C）,1.0,0.5833,2,二次核验用于解释结构差异；semantic-resolved表示化学改造区域已确定但不强行指定等价原子序号；complex-transformation-resolved表示该构件属于成环或骨架重构，不适合写成一个天然残基的单点替换。以上都不是性质实验结果。
FH7,LYS,second-pass-resolved,最大公共子结构覆盖母体80%、衍生物67%；得到唯一差异解释,新增1个C、1个N、2个O；母体中少了1个C、1个N；新增部分连接到母体原子2（C）；检测到1个立体中心方向变化,,0.8,0.6667,1,二次核验用于解释结构差异；semantic-resolved表示化学改造区域已确定但不强行指定等价原子序号；complex-transformation-resolved表示该构件属于成环或骨架重构，不适合写成一个天然残基的单点替换。以上都不是性质实验结果。
FHL,LYS,second-pass-resolved,最大公共子结构覆盖母体100%、衍生物56%；得到唯一差异解释,新增5个C、3个O；新增部分连接到母体原子4（N）,,1.0,0.5556,1,二次核验用于解释结构差异；semantic-resolved表示化学改造区域已确定但不强行指定等价原子序号；complex-transformation-resolved表示该构件属于成环或骨架重构，不适合写成一个天然残基的单点替换。以上都不是性质实验结果。
FHO,LYS,second-pass-resolved,最大公共子结构覆盖母体80%、衍生物67%；得到唯一差异解释,新增1个C、1个N、2个O；母体中少了1个C、1个N；新增部分连接到母体原子2（C）,,0.8,0.6667,1,二次核验用于解释结构差异；semantic-resolved表示化学改造区域已确定但不强行指定等价原子序号；complex-transformation-resolved表示该构件属于成环或骨架重构，不适合写成一个天然残基的单点替换。以上都不是性质实验结果。
FIO,ARG,second-pass-resolved,最大公共子结构覆盖母体92%、衍生物79%；得到唯一差异解释,新增1个C、1个F、1个H；母体中少了1个N；新增部分连接到母体原子10（C）、母体原子11（N）,,0.9167,0.7857,1,二次核验用于解释结构差异；semantic-resolved表示化学改造区域已确定但不强行指定等价原子序号；complex-transformation-resolved表示该构件属于成环或骨架重构，不适合写成一个天然残基的单点替换。以上都不是性质实验结果。
FQA,LYS,second-pass-resolved,最大公共子结构覆盖母体100%、衍生物59%；得到唯一差异解释,新增7个C；新增部分连接到母体原子4（N）,,1.0,0.5882,1,二次核验用于解释结构差异；semantic-resolved表示化学改造区域已确定但不强行指定等价原子序号；complex-transformation-resolved表示该构件属于成环或骨架重构，不适合写成一个天然残基的单点替换。以上都不是性质实验结果。
FTY,TYR,second-pass-resolved,最大公共子结构覆盖母体92%、衍生物63%；得到唯一差异解释,新增1个C、2个F、3个O、1个P；母体中少了1个O；新增部分连接到母体原子3（C）,,0.9231,0.6316,1,二次核验用于解释结构差异；semantic-resolved表示化学改造区域已确定但不强行指定等价原子序号；complex-transformation-resolved表示该构件属于成环或骨架重构，不适合写成一个天然残基的单点替换。以上都不是性质实验结果。
FZN,LYS,second-pass-resolved,最大公共子结构覆盖母体100%、衍生物21%；得到唯一差异解释,新增17个C、5个N、13个O、2个P、1个S；新增部分连接到母体原子4（N）,,1.0,0.2083,1,二次核验用于解释结构差异；semantic-resolved表示化学改造区域已确定但不强行指定等价原子序号；complex-transformation-resolved表示该构件属于成环或骨架重构，不适合写成一个天然残基的单点替换。以上都不是性质实验结果。
G1X,TYR,second-pass-resolved,最大公共子结构覆盖母体100%、衍生物93%；得到唯一差异解释,新增1个O；新增部分连接到母体原子4（C）；检测到7处键级变化,,1.0,0.9286,1,二次核验用于解释结构差异；semantic-resolved表示化学改造区域已确定但不强行指定等价原子序号；complex-transformation-resolved表示该构件属于成环或骨架重构，不适合写成一个天然残基的单点替换。以上都不是性质实验结果。
G3M,ARG,second-pass-resolved,最大公共子结构覆盖母体75%、衍生物60%；得到唯一差异解释,新增1个C、1个H、1个N、3个O；母体中少了1个N、2个O；新增部分连接到母体原子11（N）、母体原子3（C）、母体原子4（C）,,0.75,0.6,1,二次核验用于解释结构差异；semantic-resolved表示化学改造区域已确定但不强行指定等价原子序号；complex-transformation-resolved表示该构件属于成环或骨架重构，不适合写成一个天然残基的单点替换。以上都不是性质实验结果。
GAU,GLU,semantic-resolved,已结合官方CCD化学名称与结构叠合完成化学区域消歧；不再强行选择对称或等价原子的序号,母体中少了1个O；检测到1处键级变化,官方CCD化学名称“(4S)-4-AMINO-5-HYDROXYPENTANOIC ACID”确定了改造区域；结构叠合覆盖天然母体90%。母体中少了1个O；检测到1处键级变化,0.9,1.0,2,二次核验用于解释结构差异；semantic-resolved表示化学改造区域已确定但不强行指定等价原子序号；complex-transformation-resolved表示该构件属于成环或骨架重构，不适合写成一个天然残基的单点替换。以上都不是性质实验结果。
GL3,GLY,semantic-resolved,已结合官方CCD化学名称与结构叠合完成化学区域消歧；不再强行选择对称或等价原子的序号,新增1个S；母体中少了1个O；新增部分连接到母体原子2（C）,甘氨酸羧基的羰基氧替换为硫，形成硫代甘氨酸,0.8,0.8,2,二次核验用于解释结构差异；semantic-resolved表示化学改造区域已确定但不强行指定等价原子序号；complex-transformation-resolved表示该构件属于成环或骨架重构，不适合写成一个天然残基的单点替换。以上都不是性质实验结果。
GLJ,GLU,second-pass-resolved,最大公共子结构覆盖母体100%、衍生物100%；得到唯一差异解释,检测到1处键级变化,,1.0,1.0,1,二次核验用于解释结构差异；semantic-resolved表示化学改造区域已确定但不强行指定等价原子序号；complex-transformation-resolved表示该构件属于成环或骨架重构，不适合写成一个天然残基的单点替换。以上都不是性质实验结果。
GLZ,GLY,second-pass-resolved,最大公共子结构覆盖母体80%、衍生物100%；得到唯一差异解释,母体中少了1个O,,0.8,1.0,1,二次核验用于解释结构差异；semantic-resolved表示化学改造区域已确定但不强行指定等价原子序号；complex-transformation-resolved表示该构件属于成环或骨架重构，不适合写成一个天然残基的单点替换。以上都不是性质实验结果。
GMA,GLU,second-pass-resolved,最大公共子结构覆盖母体90%、衍生物90%；得到唯一差异解释,新增1个N；母体中少了1个O；新增部分连接到母体原子7（C）,,0.9,0.9,1,二次核验用于解释结构差异；semantic-resolved表示化学改造区域已确定但不强行指定等价原子序号；complex-transformation-resolved表示该构件属于成环或骨架重构，不适合写成一个天然残基的单点替换。以上都不是性质实验结果。
GND,LYS,second-pass-resolved,最大公共子结构覆盖母体80%、衍生物62%；得到唯一差异解释,新增1个C、1个H、3个N；母体中少了1个C、1个N；新增部分连接到母体原子2（C）,,0.8,0.6154,1,二次核验用于解释结构差异；semantic-resolved表示化学改造区域已确定但不强行指定等价原子序号；complex-transformation-resolved表示该构件属于成环或骨架重构，不适合写成一个天然残基的单点替换。以上都不是性质实验结果。
GPL,LYS,second-pass-resolved,最大公共子结构覆盖母体100%、衍生物30%；得到唯一差异解释,新增10个C、5个N、7个O、1个P；新增部分连接到母体原子4（N）,,1.0,0.303,1,二次核验用于解释结构差异；semantic-resolved表示化学改造区域已确定但不强行指定等价原子序号；complex-transformation-resolved表示该构件属于成环或骨架重构，不适合写成一个天然残基的单点替换。以上都不是性质实验结果。
GSU,GLU,second-pass-resolved,最大公共子结构覆盖母体90%、衍生物28%；得到唯一差异解释,新增10个C、6个N、6个O、1个S；母体中少了1个O；新增部分连接到母体原子7（C）；检测到1个立体中心方向变化,,0.9,0.2812,1,二次核验用于解释结构差异；semantic-resolved表示化学改造区域已确定但不强行指定等价原子序号；complex-transformation-resolved表示该构件属于成环或骨架重构，不适合写成一个天然残基的单点替换。以上都不是性质实验结果。
HAR,ARG,second-pass-resolved,最大公共子结构覆盖母体100%、衍生物92%；得到唯一差异解释,新增1个O；新增部分连接到母体原子12（N）,,1.0,0.9231,1,二次核验用于解释结构差异；semantic-resolved表示化学改造区域已确定但不强行指定等价原子序号；complex-transformation-resolved表示该构件属于成环或骨架重构，不适合写成一个天然残基的单点替换。以上都不是性质实验结果。
HBN,HIS,second-pass-resolved,最大公共子结构覆盖母体91%、衍生物48%；得到唯一差异解释,新增10个C、1个N；母体中少了1个O；新增部分连接到母体原子8（C）,,0.9091,0.4762,1,二次核验用于解释结构差异；semantic-resolved表示化学改造区域已确定但不强行指定等价原子序号；complex-transformation-resolved表示该构件属于成环或骨架重构，不适合写成一个天然残基的单点替换。以上都不是性质实验结果。
HCM,CYS,second-pass-resolved,最大公共子结构覆盖母体86%、衍生物60%；得到唯一差异解释,新增2个C、2个S；母体中少了1个S；新增部分连接到母体原子1（C）,,0.8571,0.6,1,二次核验用于解释结构差异；semantic-resolved表示化学改造区域已确定但不强行指定等价原子序号；complex-transformation-resolved表示该构件属于成环或骨架重构，不适合写成一个天然残基的单点替换。以上都不是性质实验结果。
HHI,HIS,second-pass-resolved,最大公共子结构覆盖母体100%、衍生物92%；得到唯一差异解释,新增1个H；新增部分连接到母体原子11（N）；检测到1处键级变化,,1.0,0.9167,1,二次核验用于解释结构差异；semantic-resolved表示化学改造区域已确定但不强行指定等价原子序号；complex-transformation-resolved表示该构件属于成环或骨架重构，不适合写成一个天然残基的单点替换。以上都不是性质实验结果。
HHK,ALA,second-pass-resolved,最大公共子结构覆盖母体100%、衍生物50%；得到唯一差异解释,新增5个C、1个N；新增部分连接到母体原子1（C）,,1.0,0.5,1,二次核验用于解释结构差异；semantic-resolved表示化学改造区域已确定但不强行指定等价原子序号；complex-transformation-resolved表示该构件属于成环或骨架重构，不适合写成一个天然残基的单点替换。以上都不是性质实验结果。
HIA,HIS,second-pass-resolved,最大公共子结构覆盖母体91%、衍生物91%；得到唯一差异解释,新增1个N；母体中少了1个O；新增部分连接到母体原子8（C）,,0.9091,0.9091,1,二次核验用于解释结构差异；semantic-resolved表示化学改造区域已确定但不强行指定等价原子序号；complex-transformation-resolved表示该构件属于成环或骨架重构，不适合写成一个天然残基的单点替换。以上都不是性质实验结果。
HIC,HIS,second-pass-resolved,最大公共子结构覆盖母体100%、衍生物92%；得到唯一差异解释,新增1个C；新增部分连接到母体原子5（N）,,1.0,0.9167,1,二次核验用于解释结构差异；semantic-resolved表示化学改造区域已确定但不强行指定等价原子序号；complex-transformation-resolved表示该构件属于成环或骨架重构，不适合写成一个天然残基的单点替换。以上都不是性质实验结果。
HIP,HIS,second-pass-resolved,最大公共子结构覆盖母体100%、衍生物73%；得到唯一差异解释,新增3个O、1个P；新增部分连接到母体原子3（N）,,1.0,0.7333,1,二次核验用于解释结构差异；semantic-resolved表示化学改造区域已确定但不强行指定等价原子序号；complex-transformation-resolved表示该构件属于成环或骨架重构，不适合写成一个天然残基的单点替换。以上都不是性质实验结果。
HIQ,HIS,second-pass-resolved,最大公共子结构覆盖母体100%、衍生物65%；得到唯一差异解释,新增3个C、3个O；新增部分连接到母体原子5（N）,,1.0,0.6471,1,二次核验用于解释结构差异；semantic-resolved表示化学改造区域已确定但不强行指定等价原子序号；complex-transformation-resolved表示该构件属于成环或骨架重构，不适合写成一个天然残基的单点替换。以上都不是性质实验结果。
HLY,LYS,second-pass-resolved,最大公共子结构覆盖母体100%、衍生物50%；得到唯一差异解释,新增6个C、4个O；新增部分连接到母体原子4（N）,,1.0,0.5,1,二次核验用于解释结构差异；semantic-resolved表示化学改造区域已确定但不强行指定等价原子序号；complex-transformation-resolved表示该构件属于成环或骨架重构，不适合写成一个天然残基的单点替换。以上都不是性质实验结果。
HMR,ARG,second-pass-resolved,最大公共子结构覆盖母体83%、衍生物77%；得到唯一差异解释,新增1个C、2个O；母体中少了2个O；新增部分连接到母体原子4（C）,,0.8333,0.7692,1,二次核验用于解释结构差异；semantic-resolved表示化学改造区域已确定但不强行指定等价原子序号；complex-transformation-resolved表示该构件属于成环或骨架重构，不适合写成一个天然残基的单点替换。以上都不是性质实验结果。
HOO,HIS,second-pass-resolved,最大公共子结构覆盖母体100%、衍生物85%；得到唯一差异解释,新增2个O；新增部分连接到母体原子1（C）、母体原子4（C）；检测到5处键级变化,,1.0,0.8462,1,二次核验用于解释结构差异；semantic-resolved表示化学改造区域已确定但不强行指定等价原子序号；complex-transformation-resolved表示该构件属于成环或骨架重构，不适合写成一个天然残基的单点替换。以上都不是性质实验结果。
HPE,PHE,second-pass-resolved,最大公共子结构覆盖母体75%、衍生物69%；得到唯一差异解释,新增1个C、1个N、2个O；母体中少了1个N、2个O；新增部分连接到母体原子9（C）,,0.75,0.6923,1,二次核验用于解释结构差异；semantic-resolved表示化学改造区域已确定但不强行指定等价原子序号；complex-transformation-resolved表示该构件属于成环或骨架重构，不适合写成一个天然残基的单点替换。以上都不是性质实验结果。
HPQ,PHE,second-pass-resolved,最大公共子结构覆盖母体75%、衍生物69%；得到唯一差异解释,新增2个C、1个N、1个O；母体中少了1个N、2个O；新增部分连接到母体原子9（C）,,0.75,0.6923,1,二次核验用于解释结构差异；semantic-resolved表示化学改造区域已确定但不强行指定等价原子序号；complex-transformation-resolved表示该构件属于成环或骨架重构，不适合写成一个天然残基的单点替换。以上都不是性质实验结果。
HR7,ARG,second-pass-resolved,最大公共子结构覆盖母体83%、衍生物77%；得到唯一差异解释,新增1个C、2个O；母体中少了2个O；新增部分连接到母体原子4（C）；检测到2处键级变化,,0.8333,0.7692,1,二次核验用于解释结构差异；semantic-resolved表示化学改造区域已确定但不强行指定等价原子序号；complex-transformation-resolved表示该构件属于成环或骨架重构，不适合写成一个天然残基的单点替换。以上都不是性质实验结果。
HRG,ARG,second-pass-resolved,最大公共子结构覆盖母体75%、衍生物69%；得到唯一差异解释,新增1个C、1个N、2个O；母体中少了1个N、2个O；新增部分连接到母体原子4（C）,,0.75,0.6923,1,二次核验用于解释结构差异；semantic-resolved表示化学改造区域已确定但不强行指定等价原子序号；complex-transformation-resolved表示该构件属于成环或骨架重构，不适合写成一个天然残基的单点替换。以上都不是性质实验结果。
HS8,HIS,second-pass-resolved,最大公共子结构覆盖母体100%、衍生物73%；得到唯一差异解释,新增3个O、1个S；新增部分连接到母体原子5（N）,,1.0,0.7333,1,二次核验用于解释结构差异；semantic-resolved表示化学改造区域已确定但不强行指定等价原子序号；complex-transformation-resolved表示该构件属于成环或骨架重构，不适合写成一个天然残基的单点替换。以上都不是性质实验结果。
HS9,HIS,second-pass-resolved,最大公共子结构覆盖母体91%、衍生物83%；得到唯一差异解释,新增1个C、1个N；母体中少了1个O；新增部分连接到母体原子11（N）、母体原子8（C）,,0.9091,0.8333,1,二次核验用于解释结构差异；semantic-resolved表示化学改造区域已确定但不强行指定等价原子序号；complex-transformation-resolved表示该构件属于成环或骨架重构，不适合写成一个天然残基的单点替换。以上都不是性质实验结果。
HSE,SER,second-pass-resolved,最大公共子结构覆盖母体86%、衍生物75%；得到唯一差异解释,新增1个C、1个O；母体中少了1个O；新增部分连接到母体原子1（C）,,0.8571,0.75,1,二次核验用于解释结构差异；semantic-resolved表示化学改造区域已确定但不强行指定等价原子序号；complex-transformation-resolved表示该构件属于成环或骨架重构，不适合写成一个天然残基的单点替换。以上都不是性质实验结果。
HSK,HIS,second-pass-resolved,最大公共子结构覆盖母体100%、衍生物92%；得到唯一差异解释,新增1个O；新增部分连接到母体原子3（N）,,1.0,0.9167,1,二次核验用于解释结构差异；semantic-resolved表示化学改造区域已确定但不强行指定等价原子序号；complex-transformation-resolved表示该构件属于成环或骨架重构，不适合写成一个天然残基的单点替换。以上都不是性质实验结果。
HSL,SER,complex-transformation-resolved,已结合官方CCD化学名称与结构叠合完成化学区域消歧；不再强行选择对称或等价原子的序号,新增4个C、1个N、1个O；母体中少了3个C、1个N、2个O；新增部分连接到母体原子4（O）,丝氨酸型侧链先延长为高丝氨酸骨架，再由羟基与羧基内酯化成环,0.1429,0.1429,3,二次核验用于解释结构差异；semantic-resolved表示化学改造区域已确定但不强行指定等价原子序号；complex-transformation-resolved表示该构件属于成环或骨架重构，不适合写成一个天然残基的单点替换。以上都不是性质实验结果。
HSO,HIS,semantic-resolved,已结合官方CCD化学名称与结构叠合完成化学区域消歧；不再强行选择对称或等价原子的序号,母体中少了1个O；检测到1处键级变化,天然氨基酸末端羧基被还原为羟甲基（氨基醇）,0.9091,1.0,2,二次核验用于解释结构差异；semantic-resolved表示化学改造区域已确定但不强行指定等价原子序号；complex-transformation-resolved表示该构件属于成环或骨架重构，不适合写成一个天然残基的单点替换。以上都不是性质实验结果。
HSV,HIS,second-pass-resolved,最大公共子结构覆盖母体91%、衍生物100%；得到唯一差异解释,母体中少了1个O,,0.9091,1.0,1,二次核验用于解释结构差异；semantic-resolved表示化学改造区域已确定但不强行指定等价原子序号；complex-transformation-resolved表示该构件属于成环或骨架重构，不适合写成一个天然残基的单点替换。以上都不是性质实验结果。
HT7,TRP,second-pass-resolved,最大公共子结构覆盖母体87%、衍生物81%；得到唯一差异解释,新增1个C、2个O；母体中少了2个O；新增部分连接到母体原子12（C）,,0.8667,0.8125,1,二次核验用于解释结构差异；semantic-resolved表示化学改造区域已确定但不强行指定等价原子序号；complex-transformation-resolved表示该构件属于成环或骨架重构，不适合写成一个天然残基的单点替换。以上都不是性质实验结果。
I2F,LYS,second-pass-resolved,最大公共子结构覆盖母体100%、衍生物53%；得到唯一差异解释,新增6个C、3个O；新增部分连接到母体原子4（N）；检测到1处键级变化,,1.0,0.5263,1,二次核验用于解释结构差异；semantic-resolved表示化学改造区域已确定但不强行指定等价原子序号；complex-transformation-resolved表示该构件属于成环或骨架重构，不适合写成一个天然残基的单点替换。以上都不是性质实验结果。
I4O,HIS,second-pass-resolved,最大公共子结构覆盖母体100%、衍生物69%；得到唯一差异解释,新增4个O、1个V；新增部分连接到母体原子5（N）,,1.0,0.6875,1,二次核验用于解释结构差异；semantic-resolved表示化学改造区域已确定但不强行指定等价原子序号；complex-transformation-resolved表示该构件属于成环或骨架重构，不适合写成一个天然残基的单点替换。以上都不是性质实验结果。
I58,LYS,second-pass-resolved,最大公共子结构覆盖母体100%、衍生物67%；得到唯一差异解释,新增2个C、1个F、1个H、1个N；新增部分连接到母体原子1（C）、母体原子4（N）,,1.0,0.6667,1,二次核验用于解释结构差异；semantic-resolved表示化学改造区域已确定但不强行指定等价原子序号；complex-transformation-resolved表示该构件属于成环或骨架重构，不适合写成一个天然残基的单点替换。以上都不是性质实验结果。
IAE,PHE,second-pass-resolved,最大公共子结构覆盖母体75%、衍生物53%；得到唯一差异解释,新增2个C、3个F、1个N、2个O；母体中少了1个N、2个O；新增部分连接到母体原子1（C）、母体原子9（C）,,0.75,0.5294,1,二次核验用于解释结构差异；semantic-resolved表示化学改造区域已确定但不强行指定等价原子序号；complex-transformation-resolved表示该构件属于成环或骨架重构，不适合写成一个天然残基的单点替换。以上都不是性质实验结果。
IAR,ARG,second-pass-resolved,最大公共子结构覆盖母体100%、衍生物86%；得到唯一差异解释,新增2个H；新增部分连接到母体原子11（N）、母体原子7（N）；检测到1处键级变化,,1.0,0.8571,1,二次核验用于解释结构差异；semantic-resolved表示化学改造区域已确定但不强行指定等价原子序号；complex-transformation-resolved表示该构件属于成环或骨架重构，不适合写成一个天然残基的单点替换。以上都不是性质实验结果。
IB9,TYR,second-pass-resolved,最大公共子结构覆盖母体92%、衍生物92%；得到唯一差异解释,新增1个N；母体中少了1个N；新增部分连接到母体原子7（C）,,0.9231,0.9231,1,二次核验用于解释结构差异；semantic-resolved表示化学改造区域已确定但不强行指定等价原子序号；complex-transformation-resolved表示该构件属于成环或骨架重构，不适合写成一个天然残基的单点替换。以上都不是性质实验结果。
IEL,LYS,second-pass-resolved,最大公共子结构覆盖母体100%、衍生物71%；得到唯一差异解释,新增2个C、1个H、1个N；新增部分连接到母体原子4（N）,,1.0,0.7143,1,二次核验用于解释结构差异；semantic-resolved表示化学改造区域已确定但不强行指定等价原子序号；complex-transformation-resolved表示该构件属于成环或骨架重构，不适合写成一个天然残基的单点替换。以上都不是性质实验结果。
IIC,GLY,second-pass-resolved,最大公共子结构覆盖母体80%、衍生物20%；得到唯一差异解释,新增9个C、5个N、2个O；母体中少了1个N；新增部分连接到母体原子1（C）,,0.8,0.2,1,二次核验用于解释结构差异；semantic-resolved表示化学改造区域已确定但不强行指定等价原子序号；complex-transformation-resolved表示该构件属于成环或骨架重构，不适合写成一个天然残基的单点替换。以上都不是性质实验结果。
IO8,GLY,second-pass-resolved,最大公共子结构覆盖母体80%、衍生物18%；得到唯一差异解释,新增13个C、4个N、1个O；母体中少了1个N；新增部分连接到母体原子1（C）,,0.8,0.1818,1,二次核验用于解释结构差异；semantic-resolved表示化学改造区域已确定但不强行指定等价原子序号；complex-transformation-resolved表示该构件属于成环或骨架重构，不适合写成一个天然残基的单点替换。以上都不是性质实验结果。
IOR,ARG,second-pass-resolved,最大公共子结构覆盖母体75%、衍生物56%；得到唯一差异解释,新增4个C、2个N、1个O；母体中少了1个C、2个N；新增部分连接到母体原子9（N）,,0.75,0.5625,1,二次核验用于解释结构差异；semantic-resolved表示化学改造区域已确定但不强行指定等价原子序号；complex-transformation-resolved表示该构件属于成环或骨架重构，不适合写成一个天然残基的单点替换。以上都不是性质实验结果。
IZO,MET,second-pass-resolved,最大公共子结构覆盖母体78%、衍生物78%；得到唯一差异解释,新增2个C；母体中少了1个C、1个S；新增部分连接到母体原子3（C）,,0.7778,0.7778,1,二次核验用于解释结构差异；semantic-resolved表示化学改造区域已确定但不强行指定等价原子序号；complex-transformation-resolved表示该构件属于成环或骨架重构，不适合写成一个天然残基的单点替换。以上都不是性质实验结果。
J9Y,ARG,second-pass-resolved,最大公共子结构覆盖母体100%、衍生物86%；得到唯一差异解释,新增1个C、1个O；新增部分连接到母体原子11（N）、母体原子9（N）；检测到2处键级变化,,1.0,0.8571,1,二次核验用于解释结构差异；semantic-resolved表示化学改造区域已确定但不强行指定等价原子序号；complex-transformation-resolved表示该构件属于成环或骨架重构，不适合写成一个天然残基的单点替换。以上都不是性质实验结果。
JGO,LYS,second-pass-resolved,最大公共子结构覆盖母体100%、衍生物77%；得到唯一差异解释,新增1个C、1个N、1个O；新增部分连接到母体原子3（C）,,1.0,0.7692,1,二次核验用于解释结构差异；semantic-resolved表示化学改造区域已确定但不强行指定等价原子序号；complex-transformation-resolved表示该构件属于成环或骨架重构，不适合写成一个天然残基的单点替换。以上都不是性质实验结果。
JLP,LYS,second-pass-resolved,最大公共子结构覆盖母体100%、衍生物48%；得到唯一差异解释,新增8个C、1个N、2个O；新增部分连接到母体原子4（N）,,1.0,0.4762,1,二次核验用于解释结构差异；semantic-resolved表示化学改造区域已确定但不强行指定等价原子序号；complex-transformation-resolved表示该构件属于成环或骨架重构，不适合写成一个天然残基的单点替换。以上都不是性质实验结果。
KBE,LYS,second-pass-resolved,最大公共子结构覆盖母体90%、衍生物90%；得到唯一差异解释,新增1个N；母体中少了1个N；新增部分连接到母体原子5（C）,,0.9,0.9,1,二次核验用于解释结构差异；semantic-resolved表示化学改造区域已确定但不强行指定等价原子序号；complex-transformation-resolved表示该构件属于成环或骨架重构，不适合写成一个天然残基的单点替换。以上都不是性质实验结果。
KCR,LYS,second-pass-resolved,最大公共子结构覆盖母体100%、衍生物67%；得到唯一差异解释,新增4个C、1个O；新增部分连接到母体原子4（N）,,1.0,0.6667,1,二次核验用于解释结构差异；semantic-resolved表示化学改造区域已确定但不强行指定等价原子序号；complex-transformation-resolved表示该构件属于成环或骨架重构，不适合写成一个天然残基的单点替换。以上都不是性质实验结果。
KCX,LYS,second-pass-resolved,最大公共子结构覆盖母体100%、衍生物77%；得到唯一差异解释,新增1个C、2个O；新增部分连接到母体原子4（N）,,1.0,0.7692,1,二次核验用于解释结构差异；semantic-resolved表示化学改造区域已确定但不强行指定等价原子序号；complex-transformation-resolved表示该构件属于成环或骨架重构，不适合写成一个天然残基的单点替换。以上都不是性质实验结果。
KEO,LYS,second-pass-resolved,最大公共子结构覆盖母体100%、衍生物50%；得到唯一差异解释,新增6个C、2个N、2个O；新增部分连接到母体原子1（C）、母体原子4（N）,,1.0,0.5,1,二次核验用于解释结构差异；semantic-resolved表示化学改造区域已确定但不强行指定等价原子序号；complex-transformation-resolved表示该构件属于成环或骨架重构，不适合写成一个天然残基的单点替换。以上都不是性质实验结果。
KFP,LYS,second-pass-resolved,最大公共子结构覆盖母体100%、衍生物43%；得到唯一差异解释,新增7个C、5个N、1个O；新增部分连接到母体原子4（N）；检测到1个立体中心方向变化,,1.0,0.4348,1,二次核验用于解释结构差异；semantic-resolved表示化学改造区域已确定但不强行指定等价原子序号；complex-transformation-resolved表示该构件属于成环或骨架重构，不适合写成一个天然残基的单点替换。以上都不是性质实验结果。
KGC,LYS,second-pass-resolved,最大公共子结构覆盖母体100%、衍生物53%；得到唯一差异解释,新增5个C、4个O；新增部分连接到母体原子4（N）,,1.0,0.5263,1,二次核验用于解释结构差异；semantic-resolved表示化学改造区域已确定但不强行指定等价原子序号；complex-transformation-resolved表示该构件属于成环或骨架重构，不适合写成一个天然残基的单点替换。以上都不是性质实验结果。
KHB,LYS,second-pass-resolved,最大公共子结构覆盖母体100%、衍生物62%；得到唯一差异解释,新增4个C、2个O；新增部分连接到母体原子4（N）,,1.0,0.625,1,二次核验用于解释结构差异；semantic-resolved表示化学改造区域已确定但不强行指定等价原子序号；complex-transformation-resolved表示该构件属于成环或骨架重构，不适合写成一个天然残基的单点替换。以上都不是性质实验结果。
KLF,PRO,second-pass-resolved,最大公共子结构覆盖母体88%、衍生物78%；得到唯一差异解释,新增1个N、1个O；母体中少了1个O；新增部分连接到母体原子1（C）、母体原子6（C）,,0.875,0.7778,1,二次核验用于解释结构差异；semantic-resolved表示化学改造区域已确定但不强行指定等价原子序号；complex-transformation-resolved表示该构件属于成环或骨架重构，不适合写成一个天然残基的单点替换。以上都不是性质实验结果。
KOR,MET,second-pass-resolved,最大公共子结构覆盖母体89%、衍生物47%；得到唯一差异解释,新增3个C、2个N、3个O、1个S；母体中少了1个C；新增部分连接到母体原子2（S）,,0.8889,0.4706,1,二次核验用于解释结构差异；semantic-resolved表示化学改造区域已确定但不强行指定等价原子序号；complex-transformation-resolved表示该构件属于成环或骨架重构，不适合写成一个天然残基的单点替换。以上都不是性质实验结果。
KPF,LYS,second-pass-resolved,最大公共子结构覆盖母体100%、衍生物62%；得到唯一差异解释,新增3个C、1个F、2个O；新增部分连接到母体原子4（N）,,1.0,0.625,1,二次核验用于解释结构差异；semantic-resolved表示化学改造区域已确定但不强行指定等价原子序号；complex-transformation-resolved表示该构件属于成环或骨架重构，不适合写成一个天然残基的单点替换。以上都不是性质实验结果。
KPI,LYS,second-pass-resolved,最大公共子结构覆盖母体100%、衍生物67%；得到唯一差异解释,新增3个C、2个O；新增部分连接到母体原子4（N）,,1.0,0.6667,1,二次核验用于解释结构差异；semantic-resolved表示化学改造区域已确定但不强行指定等价原子序号；complex-transformation-resolved表示该构件属于成环或骨架重构，不适合写成一个天然残基的单点替换。以上都不是性质实验结果。
KPY,LYS,complex-transformation-resolved,已结合官方CCD化学名称与结构叠合完成化学区域消歧；不再强行选择对称或等价原子的序号,新增5个C、1个N、2个O、1个S；母体中少了3个C、1个N；新增部分连接到母体原子10（N）；检测到1处键级变化,赖氨酸母体发生含硫侧链连接和亚胺/羧酸官能团重构；不是简单的赖氨酸单点取代,0.6,0.4,2,二次核验用于解释结构差异；semantic-resolved表示化学改造区域已确定但不强行指定等价原子序号；complex-transformation-resolved表示该构件属于成环或骨架重构，不适合写成一个天然残基的单点替换。以上都不是性质实验结果。
KR3,LYS,second-pass-resolved,最大公共子结构覆盖母体100%、衍生物67%；得到唯一差异解释,新增3个C、2个O；新增部分连接到母体原子4（N）,,1.0,0.6667,1,二次核验用于解释结构差异；semantic-resolved表示化学改造区域已确定但不强行指定等价原子序号；complex-transformation-resolved表示该构件属于成环或骨架重构，不适合写成一个天然残基的单点替换。以上都不是性质实验结果。
KST,LYS,second-pass-resolved,最大公共子结构覆盖母体100%、衍生物56%；得到唯一差异解释,新增5个C、2个O、1个S；新增部分连接到母体原子4（N）,,1.0,0.5556,1,二次核验用于解释结构差异；semantic-resolved表示化学改造区域已确定但不强行指定等价原子序号；complex-transformation-resolved表示该构件属于成环或骨架重构，不适合写成一个天然残基的单点替换。以上都不是性质实验结果。
KYN,TRP,complex-transformation-resolved,已结合官方CCD化学名称与结构叠合完成化学区域消歧；不再强行选择对称或等价原子的序号,新增1个C、2个N、3个O；母体中少了2个C、2个N、2个O；新增部分连接到母体原子10（C）、母体原子12（C）、母体原子1（C）,色氨酸吲哚环发生氧化开环，形成犬尿氨酸型邻氨基芳酮侧链,0.6,0.6,2,二次核验用于解释结构差异；semantic-resolved表示化学改造区域已确定但不强行指定等价原子序号；complex-transformation-resolved表示该构件属于成环或骨架重构，不适合写成一个天然残基的单点替换。以上都不是性质实验结果。
KYQ,LYS,second-pass-resolved,最大公共子结构覆盖母体100%、衍生物62%；得到唯一差异解释,新增3个C、3个O；新增部分连接到母体原子4（N）,,1.0,0.625,1,二次核验用于解释结构差异；semantic-resolved表示化学改造区域已确定但不强行指定等价原子序号；complex-transformation-resolved表示该构件属于成环或骨架重构，不适合写成一个天然残基的单点替换。以上都不是性质实验结果。
L3O,LEU,semantic-resolved,已结合官方CCD化学名称与结构叠合完成化学区域消歧；不再强行选择对称或等价原子的序号,新增1个C、2个O；母体中少了1个O；新增部分连接到母体原子6（C）；检测到1处键级变化,"官方CCD化学名称“(2S,3S)-3-amino-2-hydroxy-5-methylhexanoic acid”确定了改造区域；结构叠合覆盖天然母体89%。新增1个C、2个O；母体中少了1个O；新增部分连接到母体原子6（C）；检测到1处键级变化",0.8889,0.7273,2,二次核验用于解释结构差异；semantic-resolved表示化学改造区域已确定但不强行指定等价原子序号；complex-transformation-resolved表示该构件属于成环或骨架重构，不适合写成一个天然残基的单点替换。以上都不是性质实验结果。
L5P,LYS,second-pass-resolved,最大公共子结构覆盖母体100%、衍生物43%；得到唯一差异解释,新增5个C、7个O、1个P；新增部分连接到母体原子4（N）,,1.0,0.4348,1,二次核验用于解释结构差异；semantic-resolved表示化学改造区域已确定但不强行指定等价原子序号；complex-transformation-resolved表示该构件属于成环或骨架重构，不适合写成一个天然残基的单点替换。以上都不是性质实验结果。
LA2,LYS,second-pass-resolved,最大公共子结构覆盖母体100%、衍生物48%；得到唯一差异解释,新增8个C、1个O、2个S；新增部分连接到母体原子4（N）,,1.0,0.4762,1,二次核验用于解释结构差异；semantic-resolved表示化学改造区域已确定但不强行指定等价原子序号；complex-transformation-resolved表示该构件属于成环或骨架重构，不适合写成一个天然残基的单点替换。以上都不是性质实验结果。
LBY,LYS,second-pass-resolved,最大公共子结构覆盖母体100%、衍生物59%；得到唯一差异解释,新增5个C、2个O；新增部分连接到母体原子4（N）,,1.0,0.5882,1,二次核验用于解释结构差异；semantic-resolved表示化学改造区域已确定但不强行指定等价原子序号；complex-transformation-resolved表示该构件属于成环或骨架重构，不适合写成一个天然残基的单点替换。以上都不是性质实验结果。
LBZ,LYS,second-pass-resolved,最大公共子结构覆盖母体100%、衍生物56%；得到唯一差异解释,新增7个C、1个O；新增部分连接到母体原子4（N）,,1.0,0.5556,1,二次核验用于解释结构差异；semantic-resolved表示化学改造区域已确定但不强行指定等价原子序号；complex-transformation-resolved表示该构件属于成环或骨架重构，不适合写成一个天然残基的单点替换。以上都不是性质实验结果。
LCK,LYS,second-pass-resolved,最大公共子结构覆盖母体100%、衍生物62%；得到唯一差异解释,新增4个C、2个O；新增部分连接到母体原子4（N）,,1.0,0.625,1,二次核验用于解释结构差异；semantic-resolved表示化学改造区域已确定但不强行指定等价原子序号；complex-transformation-resolved表示该构件属于成环或骨架重构，不适合写成一个天然残基的单点替换。以上都不是性质实验结果。
LDH,LYS,second-pass-resolved,最大公共子结构覆盖母体100%、衍生物83%；得到唯一差异解释,新增2个C；新增部分连接到母体原子4（N）,,1.0,0.8333,1,二次核验用于解释结构差异；semantic-resolved表示化学改造区域已确定但不强行指定等价原子序号；complex-transformation-resolved表示该构件属于成环或骨架重构，不适合写成一个天然残基的单点替换。以上都不是性质实验结果。
LET,LYS,second-pass-resolved,最大公共子结构覆盖母体100%、衍生物38%；得到唯一差异解释,新增10个C、6个O；新增部分连接到母体原子4（N）,,1.0,0.3846,1,二次核验用于解释结构差异；semantic-resolved表示化学改造区域已确定但不强行指定等价原子序号；complex-transformation-resolved表示该构件属于成环或骨架重构，不适合写成一个天然残基的单点替换。以上都不是性质实验结果。
LGY,LYS,second-pass-resolved,最大公共子结构覆盖母体100%、衍生物67%；得到唯一差异解释,新增4个C、1个O；新增部分连接到母体原子4（N）,,1.0,0.6667,1,二次核验用于解释结构差异；semantic-resolved表示化学改造区域已确定但不强行指定等价原子序号；complex-transformation-resolved表示该构件属于成环或骨架重构，不适合写成一个天然残基的单点替换。以上都不是性质实验结果。
LLO,LYS,second-pass-resolved,最大公共子结构覆盖母体100%、衍生物59%；得到唯一差异解释,新增6个C、1个O；新增部分连接到母体原子4（N）,,1.0,0.5882,1,二次核验用于解释结构差异；semantic-resolved表示化学改造区域已确定但不强行指定等价原子序号；complex-transformation-resolved表示该构件属于成环或骨架重构，不适合写成一个天然残基的单点替换。以上都不是性质实验结果。
LLP,LYS,second-pass-resolved,最大公共子结构覆盖母体100%、衍生物40%；得到唯一差异解释,新增8个C、1个N、5个O、1个P；新增部分连接到母体原子4（N）,,1.0,0.4,1,二次核验用于解释结构差异；semantic-resolved表示化学改造区域已确定但不强行指定等价原子序号；complex-transformation-resolved表示该构件属于成环或骨架重构，不适合写成一个天然残基的单点替换。以上都不是性质实验结果。
LLY,LYS,second-pass-resolved,最大公共子结构覆盖母体100%、衍生物59%；得到唯一差异解释,新增3个C、4个O；新增部分连接到母体原子4（N）,,1.0,0.5882,1,二次核验用于解释结构差异；semantic-resolved表示化学改造区域已确定但不强行指定等价原子序号；complex-transformation-resolved表示该构件属于成环或骨架重构，不适合写成一个天然残基的单点替换。以上都不是性质实验结果。
LLZ,LYS,second-pass-resolved,最大公共子结构覆盖母体100%、衍生物37%；得到唯一差异解释,新增15个C、2个O；新增部分连接到母体原子4（N）,,1.0,0.3704,1,二次核验用于解释结构差异；semantic-resolved表示化学改造区域已确定但不强行指定等价原子序号；complex-transformation-resolved表示该构件属于成环或骨架重构，不适合写成一个天然残基的单点替换。以上都不是性质实验结果。
LMF,LYS,second-pass-resolved,最大公共子结构覆盖母体100%、衍生物71%；得到唯一差异解释,新增2个C、1个N、1个S；新增部分连接到母体原子4（N）,,1.0,0.7143,1,二次核验用于解释结构差异；semantic-resolved表示化学改造区域已确定但不强行指定等价原子序号；complex-transformation-resolved表示该构件属于成环或骨架重构，不适合写成一个天然残基的单点替换。以上都不是性质实验结果。
LNE,LEU,second-pass-resolved,最大公共子结构覆盖母体89%、衍生物73%；得到唯一差异解释,新增2个C、1个N；母体中少了1个O；新增部分连接到母体原子6（C）；检测到1个立体中心方向变化,,0.8889,0.7273,1,二次核验用于解释结构差异；semantic-resolved表示化学改造区域已确定但不强行指定等价原子序号；complex-transformation-resolved表示该构件属于成环或骨架重构，不适合写成一个天然残基的单点替换。以上都不是性质实验结果。
LNM,LEU,second-pass-resolved,最大公共子结构覆盖母体89%、衍生物80%；得到唯一差异解释,新增1个C、1个N；母体中少了1个O；新增部分连接到母体原子6（C）,,0.8889,0.8,1,二次核验用于解释结构差异；semantic-resolved表示化学改造区域已确定但不强行指定等价原子序号；complex-transformation-resolved表示该构件属于成环或骨架重构，不适合写成一个天然残基的单点替换。以上都不是性质实验结果。
LOH,LYS,second-pass-resolved,最大公共子结构覆盖母体100%、衍生物83%；得到唯一差异解释,新增2个O；新增部分连接到母体原子1（C）、母体原子5（C）,,1.0,0.8333,1,二次核验用于解释结构差异；semantic-resolved表示化学改造区域已确定但不强行指定等价原子序号；complex-transformation-resolved表示该构件属于成环或骨架重构，不适合写成一个天然残基的单点替换。以上都不是性质实验结果。
LP6,LYS,second-pass-resolved,最大公共子结构覆盖母体90%、衍生物60%；得到唯一差异解释,新增5个C、1个N；母体中少了1个N；新增部分连接到母体原子3（C）,,0.9,0.6,1,二次核验用于解释结构差异；semantic-resolved表示化学改造区域已确定但不强行指定等价原子序号；complex-transformation-resolved表示该构件属于成环或骨架重构，不适合写成一个天然残基的单点替换。以上都不是性质实验结果。
LPD,PRO,second-pass-resolved,最大公共子结构覆盖母体88%、衍生物88%；得到唯一差异解释,新增1个N；母体中少了1个O；新增部分连接到母体原子6（C）,,0.875,0.875,1,二次核验用于解释结构差异；semantic-resolved表示化学改造区域已确定但不强行指定等价原子序号；complex-transformation-resolved表示该构件属于成环或骨架重构，不适合写成一个天然残基的单点替换。以上都不是性质实验结果。
LRK,LYS,second-pass-resolved,最大公共子结构覆盖母体100%、衍生物43%；得到唯一差异解释,新增5个C、7个O、1个P；新增部分连接到母体原子4（N）,,1.0,0.4348,1,二次核验用于解释结构差异；semantic-resolved表示化学改造区域已确定但不强行指定等价原子序号；complex-transformation-resolved表示该构件属于成环或骨架重构，不适合写成一个天然残基的单点替换。以上都不是性质实验结果。
LSO,LYS,second-pass-resolved,最大公共子结构覆盖母体100%、衍生物36%；得到唯一差异解释,新增10个C、7个O、1个S；新增部分连接到母体原子4（N）,,1.0,0.3571,1,二次核验用于解释结构差异；semantic-resolved表示化学改造区域已确定但不强行指定等价原子序号；complex-transformation-resolved表示该构件属于成环或骨架重构，不适合写成一个天然残基的单点替换。以上都不是性质实验结果。
LT0,SER,second-pass-resolved,最大公共子结构覆盖母体100%、衍生物33%；得到唯一差异解释,新增11个C、2个N、1个O；新增部分连接到母体原子6（N）,,1.0,0.3333,1,二次核验用于解释结构差异；semantic-resolved表示化学改造区域已确定但不强行指定等价原子序号；complex-transformation-resolved表示该构件属于成环或骨架重构，不适合写成一个天然残基的单点替换。以上都不是性质实验结果。
LTU,TRP,second-pass-resolved,最大公共子结构覆盖母体100%、衍生物68%；得到唯一差异解释,新增5个C、2个O；新增部分连接到母体原子10（C）、母体原子9（N）,,1.0,0.6818,1,二次核验用于解释结构差异；semantic-resolved表示化学改造区域已确定但不强行指定等价原子序号；complex-transformation-resolved表示该构件属于成环或骨架重构，不适合写成一个天然残基的单点替换。以上都不是性质实验结果。
LYF,LYS,second-pass-resolved,最大公共子结构覆盖母体100%、衍生物45%；得到唯一差异解释,新增7个C、5个O；新增部分连接到母体原子4（N）,,1.0,0.4545,1,二次核验用于解释结构差异；semantic-resolved表示化学改造区域已确定但不强行指定等价原子序号；complex-transformation-resolved表示该构件属于成环或骨架重构，不适合写成一个天然残基的单点替换。以上都不是性质实验结果。
LYN,LYS,second-pass-resolved,最大公共子结构覆盖母体90%、衍生物90%；得到唯一差异解释,新增1个N；母体中少了1个O；新增部分连接到母体原子7（C）,,0.9,0.9,1,二次核验用于解释结构差异；semantic-resolved表示化学改造区域已确定但不强行指定等价原子序号；complex-transformation-resolved表示该构件属于成环或骨架重构，不适合写成一个天然残基的单点替换。以上都不是性质实验结果。
LYO,LYS,second-pass-resolved,最大公共子结构覆盖母体100%、衍生物91%；得到唯一差异解释,新增1个O；新增部分连接到母体原子1（C）,,1.0,0.9091,1,二次核验用于解释结构差异；semantic-resolved表示化学改造区域已确定但不强行指定等价原子序号；complex-transformation-resolved表示该构件属于成环或骨架重构，不适合写成一个天然残基的单点替换。以上都不是性质实验结果。
LYR,LYS,second-pass-resolved,最大公共子结构覆盖母体100%、衍生物33%；得到唯一差异解释,新增20个C；新增部分连接到母体原子4（N）,,1.0,0.3333,1,二次核验用于解释结构差异；semantic-resolved表示化学改造区域已确定但不强行指定等价原子序号；complex-transformation-resolved表示该构件属于成环或骨架重构，不适合写成一个天然残基的单点替换。以上都不是性质实验结果。
LYU,LYS,second-pass-resolved,最大公共子结构覆盖母体100%、衍生物62%；得到唯一差异解释,新增6个C；新增部分连接到母体原子4（N）,,1.0,0.625,1,二次核验用于解释结构差异；semantic-resolved表示化学改造区域已确定但不强行指定等价原子序号；complex-transformation-resolved表示该构件属于成环或骨架重构，不适合写成一个天然残基的单点替换。以上都不是性质实验结果。
LYX,LYS,second-pass-resolved,最大公共子结构覆盖母体100%、衍生物16%；得到唯一差异解释,新增24个C、7个N、17个O、3个P、1个S；新增部分连接到母体原子4（N）,,1.0,0.1613,1,二次核验用于解释结构差异；semantic-resolved表示化学改造区域已确定但不强行指定等价原子序号；complex-transformation-resolved表示该构件属于成环或骨架重构，不适合写成一个天然残基的单点替换。以上都不是性质实验结果。
LYZ,LYS,second-pass-resolved,最大公共子结构覆盖母体100%、衍生物91%；得到唯一差异解释,新增1个O；新增部分连接到母体原子2（C）,,1.0,0.9091,1,二次核验用于解释结构差异；semantic-resolved表示化学改造区域已确定但不强行指定等价原子序号；complex-transformation-resolved表示该构件属于成环或骨架重构，不适合写成一个天然残基的单点替换。以上都不是性质实验结果。
M2L,LYS,second-pass-resolved,最大公共子结构覆盖母体60%、衍生物50%；得到唯一差异解释,新增4个C、1个N、1个S；母体中少了3个C、1个N；新增部分连接到母体原子5（C）,,0.6,0.5,1,二次核验用于解释结构差异；semantic-resolved表示化学改造区域已确定但不强行指定等价原子序号；complex-transformation-resolved表示该构件属于成环或骨架重构，不适合写成一个天然残基的单点替换。以上都不是性质实验结果。
M3L,LYS,second-pass-resolved,最大公共子结构覆盖母体100%、衍生物77%；得到唯一差异解释,新增3个C；新增部分连接到母体原子4（N）,,1.0,0.7692,1,二次核验用于解释结构差异；semantic-resolved表示化学改造区域已确定但不强行指定等价原子序号；complex-transformation-resolved表示该构件属于成环或骨架重构，不适合写成一个天然残基的单点替换。以上都不是性质实验结果。
MDF,TYR,second-pass-resolved,最大公共子结构覆盖母体62%、衍生物57%；得到唯一差异解释,新增1个C、1个N、4个O；母体中少了1个C、1个N、3个O；新增部分连接到母体原子2（C）、母体原子4（C）、母体原子7（C）、母体原子8（C）,,0.6154,0.5714,1,二次核验用于解释结构差异；semantic-resolved表示化学改造区域已确定但不强行指定等价原子序号；complex-transformation-resolved表示该构件属于成环或骨架重构，不适合写成一个天然残基的单点替换。以上都不是性质实验结果。
MH6,SER,second-pass-resolved,最大公共子结构覆盖母体100%、衍生物88%；得到唯一差异解释,新增1个H；新增部分连接到母体原子6（N）；检测到1处键级变化,,1.0,0.875,1,二次核验用于解释结构差异；semantic-resolved表示化学改造区域已确定但不强行指定等价原子序号；complex-transformation-resolved表示该构件属于成环或骨架重构，不适合写成一个天然残基的单点替换。以上都不是性质实验结果。
MHS,HIS,second-pass-resolved,最大公共子结构覆盖母体100%、衍生物92%；得到唯一差异解释,新增1个C；新增部分连接到母体原子3（N）,,1.0,0.9167,1,二次核验用于解释结构差异；semantic-resolved表示化学改造区域已确定但不强行指定等价原子序号；complex-transformation-resolved表示该构件属于成环或骨架重构，不适合写成一个天然残基的单点替换。以上都不是性质实验结果。
MK8,LEU,semantic-resolved,已结合官方CCD化学名称与结构叠合完成化学区域消歧；不再强行选择对称或等价原子的序号,新增2个C；母体中少了1个C；新增部分连接到母体原子1（C）、母体原子5（C）,亮氨酸支链由支化异丁基改为直链正丁基；名称中的其他取代基另行保留,0.8889,0.8,2,二次核验用于解释结构差异；semantic-resolved表示化学改造区域已确定但不强行指定等价原子序号；complex-transformation-resolved表示该构件属于成环或骨架重构，不适合写成一个天然残基的单点替换。以上都不是性质实验结果。
ML3,LYS,second-pass-resolved,最大公共子结构覆盖母体60%、衍生物46%；得到唯一差异解释,新增5个C、1个N、1个S；母体中少了3个C、1个N；新增部分连接到母体原子5（C）,,0.6,0.4615,1,二次核验用于解释结构差异；semantic-resolved表示化学改造区域已确定但不强行指定等价原子序号；complex-transformation-resolved表示该构件属于成环或骨架重构，不适合写成一个天然残基的单点替换。以上都不是性质实验结果。
MLY,LYS,second-pass-resolved,最大公共子结构覆盖母体100%、衍生物83%；得到唯一差异解释,新增2个C；新增部分连接到母体原子4（N）,,1.0,0.8333,1,二次核验用于解释结构差异；semantic-resolved表示化学改造区域已确定但不强行指定等价原子序号；complex-transformation-resolved表示该构件属于成环或骨架重构，不适合写成一个天然残基的单点替换。以上都不是性质实验结果。
MLZ,LYS,second-pass-resolved,最大公共子结构覆盖母体100%、衍生物91%；得到唯一差异解释,新增1个C；新增部分连接到母体原子4（N）,,1.0,0.9091,1,二次核验用于解释结构差异；semantic-resolved表示化学改造区域已确定但不强行指定等价原子序号；complex-transformation-resolved表示该构件属于成环或骨架重构，不适合写成一个天然残基的单点替换。以上都不是性质实验结果。
MMO,ARG,second-pass-resolved,最大公共子结构覆盖母体100%、衍生物86%；得到唯一差异解释,新增1个C、1个H；新增部分连接到母体原子11（N）、母体原子7（N）,,1.0,0.8571,1,二次核验用于解释结构差异；semantic-resolved表示化学改造区域已确定但不强行指定等价原子序号；complex-transformation-resolved表示该构件属于成环或骨架重构，不适合写成一个天然残基的单点替换。以上都不是性质实验结果。
MS6,MET,semantic-resolved,已结合官方CCD化学名称与结构叠合完成化学区域消歧；不再强行选择对称或等价原子的序号,新增1个S；母体中少了1个O；新增部分连接到母体原子6（C）；检测到1处键级变化,天然氨基酸末端羧基被还原为羟甲基（氨基醇）,0.8889,0.8889,2,二次核验用于解释结构差异；semantic-resolved表示化学改造区域已确定但不强行指定等价原子序号；complex-transformation-resolved表示该构件属于成环或骨架重构，不适合写成一个天然残基的单点替换。以上都不是性质实验结果。
MSE,MET,second-pass-resolved,最大公共子结构覆盖母体78%、衍生物78%；得到唯一差异解释,新增1个C、1个Se；母体中少了1个C、1个S；新增部分连接到母体原子3（C）,,0.7778,0.7778,1,二次核验用于解释结构差异；semantic-resolved表示化学改造区域已确定但不强行指定等价原子序号；complex-transformation-resolved表示该构件属于成环或骨架重构，不适合写成一个天然残基的单点替换。以上都不是性质实验结果。
MSO,MET,second-pass-resolved,最大公共子结构覆盖母体78%、衍生物70%；得到唯一差异解释,新增1个C、1个O、1个Se；母体中少了1个C、1个S；新增部分连接到母体原子3（C）,,0.7778,0.7,1,二次核验用于解释结构差异；semantic-resolved表示化学改造区域已确定但不强行指定等价原子序号；complex-transformation-resolved表示该构件属于成环或骨架重构，不适合写成一个天然残基的单点替换。以上都不是性质实验结果。
MT2,MET,semantic-resolved,已结合官方CCD化学名称与结构叠合完成化学区域消歧；不再强行选择对称或等价原子的序号,新增2个C；新增部分连接到母体原子1（C）、母体原子2（S）,官方CCD化学名称“[(3S)-3-amino-3-carboxypropyl](ethyl)methylsulfonium”确定了改造区域；结构叠合覆盖天然母体100%。新增2个C；新增部分连接到母体原子1（C）、母体原子2（S）,1.0,0.8182,2,二次核验用于解释结构差异；semantic-resolved表示化学改造区域已确定但不强行指定等价原子序号；complex-transformation-resolved表示该构件属于成环或骨架重构，不适合写成一个天然残基的单点替换。以上都不是性质实验结果。
MTY,TYR,second-pass-resolved,最大公共子结构覆盖母体92%、衍生物92%；得到唯一差异解释,新增1个O；母体中少了1个O；新增部分连接到母体原子4（C）,,0.9231,0.9231,1,二次核验用于解释结构差异；semantic-resolved表示化学改造区域已确定但不强行指定等价原子序号；complex-transformation-resolved表示该构件属于成环或骨架重构，不适合写成一个天然残基的单点替换。以上都不是性质实验结果。
MYK,LYS,second-pass-resolved,最大公共子结构覆盖母体100%、衍生物40%；得到唯一差异解释,新增14个C、1个O；新增部分连接到母体原子4（N）,,1.0,0.4,1,二次核验用于解释结构差异；semantic-resolved表示化学改造区域已确定但不强行指定等价原子序号；complex-transformation-resolved表示该构件属于成环或骨架重构，不适合写成一个天然残基的单点替换。以上都不是性质实验结果。
MYN,ARG,complex-transformation-resolved,已结合官方CCD化学名称与结构叠合完成化学区域消歧；不再强行选择对称或等价原子的序号,新增4个C、3个N；母体中少了4个C、3个N；新增部分连接到母体原子3（C）,精氨酸型胍基侧链发生分子内成环，形成四氢嘧啶侧链,0.4167,0.4167,1,二次核验用于解释结构差异；semantic-resolved表示化学改造区域已确定但不强行指定等价原子序号；complex-transformation-resolved表示该构件属于成环或骨架重构，不适合写成一个天然残基的单点替换。以上都不是性质实验结果。
N65,LYS,second-pass-resolved,最大公共子结构覆盖母体100%、衍生物67%；得到唯一差异解释,新增5个C；新增部分连接到母体原子4（N）,,1.0,0.6667,1,二次核验用于解释结构差异；semantic-resolved表示化学改造区域已确定但不强行指定等价原子序号；complex-transformation-resolved表示该构件属于成环或骨架重构，不适合写成一个天然残基的单点替换。以上都不是性质实验结果。
NEP,HIS,second-pass-resolved,最大公共子结构覆盖母体100%、衍生物73%；得到唯一差异解释,新增3个O、1个P；新增部分连接到母体原子5（N）,,1.0,0.7333,1,二次核验用于解释结构差异；semantic-resolved表示化学改造区域已确定但不强行指定等价原子序号；complex-transformation-resolved表示该构件属于成环或骨架重构，不适合写成一个天然残基的单点替换。以上都不是性质实验结果。
NFA,PHE,second-pass-resolved,最大公共子结构覆盖母体92%、衍生物92%；得到唯一差异解释,新增1个N；母体中少了1个O；新增部分连接到母体原子9（C）,,0.9167,0.9167,1,二次核验用于解释结构差异；semantic-resolved表示化学改造区域已确定但不强行指定等价原子序号；complex-transformation-resolved表示该构件属于成环或骨架重构，不适合写成一个天然残基的单点替换。以上都不是性质实验结果。
NLB,LEU,semantic-resolved,已结合官方CCD化学名称与结构叠合完成化学区域消歧；不再强行选择对称或等价原子的序号,新增8个C、1个O；母体中少了1个C；新增部分连接到母体原子1（C）,亮氨酸支链由支化异丁基改为直链正丁基；名称中的其他取代基另行保留,0.8889,0.4706,2,二次核验用于解释结构差异；semantic-resolved表示化学改造区域已确定但不强行指定等价原子序号；complex-transformation-resolved表示该构件属于成环或骨架重构，不适合写成一个天然残基的单点替换。以上都不是性质实验结果。
NLE,LEU,semantic-resolved,已结合官方CCD化学名称与结构叠合完成化学区域消歧；不再强行选择对称或等价原子的序号,新增1个C；母体中少了1个C；新增部分连接到母体原子1（C）,亮氨酸支链由支化异丁基改为直链正丁基；名称中的其他取代基另行保留,0.8889,0.8889,2,二次核验用于解释结构差异；semantic-resolved表示化学改造区域已确定但不强行指定等价原子序号；complex-transformation-resolved表示该构件属于成环或骨架重构，不适合写成一个天然残基的单点替换。以上都不是性质实验结果。
NLN,LEU,semantic-resolved,已结合官方CCD化学名称与结构叠合完成化学区域消歧；不再强行选择对称或等价原子的序号,新增1个C、1个N；母体中少了1个C、1个O；新增部分连接到母体原子1（C）、母体原子6（C）,亮氨酸支链先改为正亮氨酸直链，同时末端羧基改为酰胺；包含两处明确改变,0.7778,0.7778,2,二次核验用于解释结构差异；semantic-resolved表示化学改造区域已确定但不强行指定等价原子序号；complex-transformation-resolved表示该构件属于成环或骨架重构，不适合写成一个天然残基的单点替换。以上都不是性质实验结果。
NLO,LEU,semantic-resolved,已结合官方CCD化学名称与结构叠合完成化学区域消歧；不再强行选择对称或等价原子的序号,新增2个C；母体中少了1个C；新增部分连接到母体原子1（C）、母体原子8（O）,亮氨酸支链由支化异丁基改为直链正丁基；名称中的其他取代基另行保留,0.8889,0.8,2,二次核验用于解释结构差异；semantic-resolved表示化学改造区域已确定但不强行指定等价原子序号；complex-transformation-resolved表示该构件属于成环或骨架重构，不适合写成一个天然残基的单点替换。以上都不是性质实验结果。
NLP,LEU,semantic-resolved,已结合官方CCD化学名称与结构叠合完成化学区域消歧；不再强行选择对称或等价原子的序号,新增1个N、3个O、1个P；母体中少了1个C、1个N、2个O；新增部分连接到母体原子6（C）,亮氨酸型α-羧酸被膦酸基替代，形成氨基膦酸等排体,0.5556,0.5,1,二次核验用于解释结构差异；semantic-resolved表示化学改造区域已确定但不强行指定等价原子序号；complex-transformation-resolved表示该构件属于成环或骨架重构，不适合写成一个天然残基的单点替换。以上都不是性质实验结果。
NLW,LEU,second-pass-resolved,最大公共子结构覆盖母体89%、衍生物89%；得到唯一差异解释,新增1个N；母体中少了1个O；新增部分连接到母体原子6（C）,,0.8889,0.8889,1,二次核验用于解释结构差异；semantic-resolved表示化学改造区域已确定但不强行指定等价原子序号；complex-transformation-resolved表示该构件属于成环或骨架重构，不适合写成一个天然残基的单点替换。以上都不是性质实验结果。
NMM,ARG,second-pass-resolved,最大公共子结构覆盖母体100%、衍生物86%；得到唯一差异解释,新增1个C、1个H；新增部分连接到母体原子11（N）、母体原子12（N）,,1.0,0.8571,1,二次核验用于解释结构差异；semantic-resolved表示化学改造区域已确定但不强行指定等价原子序号；complex-transformation-resolved表示该构件属于成环或骨架重构，不适合写成一个天然残基的单点替换。以上都不是性质实验结果。
NNH,ARG,second-pass-resolved,最大公共子结构覆盖母体67%、衍生物62%；得到唯一差异解释,新增1个H、1个N、3个O；母体中少了1个C、1个N、2个O；新增部分连接到母体原子11（N）、母体原子12（N）、母体原子2（C）、母体原子3（C）,,0.6667,0.6154,1,二次核验用于解释结构差异；semantic-resolved表示化学改造区域已确定但不强行指定等价原子序号；complex-transformation-resolved表示该构件属于成环或骨架重构，不适合写成一个天然残基的单点替换。以上都不是性质实验结果。
NOT,LYS,second-pass-resolved,最大公共子结构覆盖母体100%、衍生物83%；得到唯一差异解释,新增2个N；新增部分连接到母体原子4（N）,,1.0,0.8333,1,二次核验用于解释结构差异；semantic-resolved表示化学改造区域已确定但不强行指定等价原子序号；complex-transformation-resolved表示该构件属于成环或骨架重构，不适合写成一个天然残基的单点替换。以上都不是性质实验结果。
NTR,TYR,second-pass-resolved,最大公共子结构覆盖母体69%、衍生物69%；得到唯一差异解释,新增1个N、3个O；母体中少了1个C、1个N、2个O；新增部分连接到母体原子4（C）、母体原子7（C）、母体原子8（C）,,0.6923,0.6923,1,二次核验用于解释结构差异；semantic-resolved表示化学改造区域已确定但不强行指定等价原子序号；complex-transformation-resolved表示该构件属于成环或骨架重构，不适合写成一个天然残基的单点替换。以上都不是性质实验结果。
NVA,VAL,semantic-resolved,已结合官方CCD化学名称与结构叠合完成化学区域消歧；不再强行选择对称或等价原子的序号,新增1个C；母体中少了1个C；新增部分连接到母体原子1（C）,缬氨酸侧链由异丙基改为直链正丙基；名称中的其他取代基另行保留,0.875,0.875,2,二次核验用于解释结构差异；semantic-resolved表示化学改造区域已确定但不强行指定等价原子序号；complex-transformation-resolved表示该构件属于成环或骨架重构，不适合写成一个天然残基的单点替换。以上都不是性质实验结果。
NZH,HIS,second-pass-resolved,最大公共子结构覆盖母体91%、衍生物67%；得到唯一差异解释,新增1个C、4个N；母体中少了1个O；新增部分连接到母体原子5（N）,,0.9091,0.6667,1,二次核验用于解释结构差异；semantic-resolved表示化学改造区域已确定但不强行指定等价原子序号；complex-transformation-resolved表示该构件属于成环或骨架重构，不适合写成一个天然残基的单点替换。以上都不是性质实验结果。
O2E,SER,second-pass-resolved,最大公共子结构覆盖母体86%、衍生物15%；得到唯一差异解释,新增22个C、3个N、7个O、1个S；母体中少了1个O；新增部分连接到母体原子7（O）；检测到1个立体中心方向变化,,0.8571,0.1538,1,二次核验用于解释结构差异；semantic-resolved表示化学改造区域已确定但不强行指定等价原子序号；complex-transformation-resolved表示该构件属于成环或骨架重构，不适合写成一个天然残基的单点替换。以上都不是性质实验结果。
OBS,LYS,second-pass-resolved,最大公共子结构覆盖母体100%、衍生物38%；得到唯一差异解释,新增10个C、5个O、1个S；新增部分连接到母体原子4（N）,,1.0,0.3846,1,二次核验用于解释结构差异；semantic-resolved表示化学改造区域已确定但不强行指定等价原子序号；complex-transformation-resolved表示该构件属于成环或骨架重构，不适合写成一个天然残基的单点替换。以上都不是性质实验结果。
OGC,HIS,second-pass-resolved,最大公共子结构覆盖母体100%、衍生物85%；得到唯一差异解释,新增1个C、1个O；新增部分连接到母体原子3（N）、母体原子6（C）；检测到1个立体中心方向变化,,1.0,0.8462,1,二次核验用于解释结构差异；semantic-resolved表示化学改造区域已确定但不强行指定等价原子序号；complex-transformation-resolved表示该构件属于成环或骨架重构，不适合写成一个天然残基的单点替换。以上都不是性质实验结果。
OHI,HIS,second-pass-resolved,最大公共子结构覆盖母体100%、衍生物92%；得到唯一差异解释,新增1个O；新增部分连接到母体原子4（C）；检测到5处键级变化,,1.0,0.9167,1,二次核验用于解释结构差异；semantic-resolved表示化学改造区域已确定但不强行指定等价原子序号；complex-transformation-resolved表示该构件属于成环或骨架重构，不适合写成一个天然残基的单点替换。以上都不是性质实验结果。
OLD,HIS,second-pass-resolved,最大公共子结构覆盖母体100%、衍生物52%；得到唯一差异解释,新增1个Br、8个C、1个O；新增部分连接到母体原子3（N）,,1.0,0.5238,1,二次核验用于解释结构差异；semantic-resolved表示化学改造区域已确定但不强行指定等价原子序号；complex-transformation-resolved表示该构件属于成环或骨架重构，不适合写成一个天然残基的单点替换。以上都不是性质实验结果。
ORQ,ARG,second-pass-resolved,最大公共子结构覆盖母体83%、衍生物83%；得到唯一差异解释,新增1个C、1个O；母体中少了2个N；新增部分连接到母体原子10（C）,,0.8333,0.8333,1,二次核验用于解释结构差异；semantic-resolved表示化学改造区域已确定但不强行指定等价原子序号；complex-transformation-resolved表示该构件属于成环或骨架重构，不适合写成一个天然残基的单点替换。以上都不是性质实验结果。
OTZ,CYS,complex-transformation-resolved,已结合官方CCD化学名称与结构叠合完成化学区域消歧；不再强行选择对称或等价原子的序号,新增7个C、3个N、1个O、1个S；母体中少了2个C、1个N、1个S；新增部分连接到母体原子3（C）,半胱氨酸相关骨架经连续成环和氧化形成噁唑-噻唑双杂环,0.4286,0.2,1,二次核验用于解释结构差异；semantic-resolved表示化学改造区域已确定但不强行指定等价原子序号；complex-transformation-resolved表示该构件属于成环或骨架重构，不适合写成一个天然残基的单点替换。以上都不是性质实验结果。
OYL,HIS,second-pass-resolved,最大公共子结构覆盖母体100%、衍生物85%；得到唯一差异解释,新增2个C；新增部分连接到母体原子5（N）,,1.0,0.8462,1,二次核验用于解释结构差异；semantic-resolved表示化学改造区域已确定但不强行指定等价原子序号；complex-transformation-resolved表示该构件属于成环或骨架重构，不适合写成一个天然残基的单点替换。以上都不是性质实验结果。
P2Y,PRO,second-pass-resolved,最大公共子结构覆盖母体75%、衍生物86%；得到唯一差异解释,新增1个N；母体中少了2个O；新增部分连接到母体原子6（C）,,0.75,0.8571,1,二次核验用于解释结构差异；semantic-resolved表示化学改造区域已确定但不强行指定等价原子序号；complex-transformation-resolved表示该构件属于成环或骨架重构，不适合写成一个天然残基的单点替换。以上都不是性质实验结果。
PAQ,TYR,second-pass-resolved,最大公共子结构覆盖母体100%、衍生物59%；得到唯一差异解释,新增5个C、3个N、1个O；新增部分连接到母体原子2（C）、母体原子5（C）；检测到6处键级变化,,1.0,0.5909,1,二次核验用于解释结构差异；semantic-resolved表示化学改造区域已确定但不强行指定等价原子序号；complex-transformation-resolved表示该构件属于成环或骨架重构，不适合写成一个天然残基的单点替换。以上都不是性质实验结果。
PCA,GLN,semantic-resolved,已结合官方CCD化学名称与结构叠合完成化学区域消歧；不再强行选择对称或等价原子的序号,新增4个C、1个N、1个O；母体中少了4个C、2个N、1个O；新增部分连接到母体原子7（C）,谷氨酰胺侧链酰胺与α-氨基发生分子内缩合，形成五元焦谷氨酸内酰胺环,0.3,0.3333,1,二次核验用于解释结构差异；semantic-resolved表示化学改造区域已确定但不强行指定等价原子序号；complex-transformation-resolved表示该构件属于成环或骨架重构，不适合写成一个天然残基的单点替换。以上都不是性质实验结果。
PCS,PHE,second-pass-resolved,最大公共子结构覆盖母体92%、衍生物85%；得到唯一差异解释,新增1个C、1个Cl；母体中少了1个O；新增部分连接到母体原子9（C）,,0.9167,0.8462,1,二次核验用于解释结构差异；semantic-resolved表示化学改造区域已确定但不强行指定等价原子序号；complex-transformation-resolved表示该构件属于成环或骨架重构，不适合写成一个天然残基的单点替换。以上都不是性质实验结果。
PE1,LYS,second-pass-resolved,最大公共子结构覆盖母体100%、衍生物40%；得到唯一差异解释,新增8个C、1个N、5个O、1个P；新增部分连接到母体原子10（N）,,1.0,0.4,1,二次核验用于解释结构差异；semantic-resolved表示化学改造区域已确定但不强行指定等价原子序号；complex-transformation-resolved表示该构件属于成环或骨架重构，不适合写成一个天然残基的单点替换。以上都不是性质实验结果。
PHA,PHE,second-pass-resolved,最大公共子结构覆盖母体92%、衍生物100%；得到唯一差异解释,母体中少了1个O,,0.9167,1.0,1,二次核验用于解释结构差异；semantic-resolved表示化学改造区域已确定但不强行指定等价原子序号；complex-transformation-resolved表示该构件属于成环或骨架重构，不适合写成一个天然残基的单点替换。以上都不是性质实验结果。
PHL,PHE,semantic-resolved,已结合官方CCD化学名称与结构叠合完成化学区域消歧；不再强行选择对称或等价原子的序号,母体中少了1个O；检测到1处键级变化,天然氨基酸末端羧基被还原为羟甲基（氨基醇）,0.9167,1.0,2,二次核验用于解释结构差异；semantic-resolved表示化学改造区域已确定但不强行指定等价原子序号；complex-transformation-resolved表示该构件属于成环或骨架重构，不适合写成一个天然残基的单点替换。以上都不是性质实验结果。
PIA,ALA,second-pass-resolved,最大公共子结构覆盖母体67%、衍生物19%；得到唯一差异解释,新增12个C、3个N、2个O；母体中少了1个C、1个N；新增部分连接到母体原子2（C）,,0.6667,0.1905,1,二次核验用于解释结构差异；semantic-resolved表示化学改造区域已确定但不强行指定等价原子序号；complex-transformation-resolved表示该构件属于成环或骨架重构，不适合写成一个天然残基的单点替换。以上都不是性质实验结果。
PJ3,HIS,second-pass-resolved,最大公共子结构覆盖母体100%、衍生物31%；得到唯一差异解释,新增11个C、5个N、7个O、1个P；新增部分连接到母体原子5（N）,,1.0,0.3143,1,二次核验用于解释结构差异；semantic-resolved表示化学改造区域已确定但不强行指定等价原子序号；complex-transformation-resolved表示该构件属于成环或骨架重构，不适合写成一个天然残基的单点替换。以上都不是性质实验结果。
POK,ARG,second-pass-resolved,最大公共子结构覆盖母体100%、衍生物71%；得到唯一差异解释,新增2个C、1个H、2个O；新增部分连接到母体原子11（N）、母体原子12（N）,,1.0,0.7059,1,二次核验用于解释结构差异；semantic-resolved表示化学改造区域已确定但不强行指定等价原子序号；complex-transformation-resolved表示该构件属于成环或骨架重构，不适合写成一个天然残基的单点替换。以上都不是性质实验结果。
PR3,CYS,second-pass-resolved,最大公共子结构覆盖母体86%、衍生物60%；得到唯一差异解释,新增3个C、1个S；母体中少了1个O；新增部分连接到母体原子7（S）,,0.8571,0.6,1,二次核验用于解释结构差异；semantic-resolved表示化学改造区域已确定但不强行指定等价原子序号；complex-transformation-resolved表示该构件属于成环或骨架重构，不适合写成一个天然残基的单点替换。以上都不是性质实验结果。
PR9,PRO,second-pass-resolved,最大公共子结构覆盖母体88%、衍生物88%；得到唯一差异解释,新增1个N；母体中少了1个O；新增部分连接到母体原子6（C）；检测到1个立体中心方向变化,,0.875,0.875,1,二次核验用于解释结构差异；semantic-resolved表示化学改造区域已确定但不强行指定等价原子序号；complex-transformation-resolved表示该构件属于成环或骨架重构，不适合写成一个天然残基的单点替换。以上都不是性质实验结果。
PRK,LYS,second-pass-resolved,最大公共子结构覆盖母体100%、衍生物71%；得到唯一差异解释,新增3个C、1个O；新增部分连接到母体原子4（N）,,1.0,0.7143,1,二次核验用于解释结构差异；semantic-resolved表示化学改造区域已确定但不强行指定等价原子序号；complex-transformation-resolved表示该构件属于成环或骨架重构，不适合写成一个天然残基的单点替换。以上都不是性质实验结果。
PRS,PRO,second-pass-resolved,最大公共子结构覆盖母体88%、衍生物88%；得到唯一差异解释,新增1个S；母体中少了1个C；新增部分连接到母体原子2（C）、母体原子5（C）,,0.875,0.875,1,二次核验用于解释结构差异；semantic-resolved表示化学改造区域已确定但不强行指定等价原子序号；complex-transformation-resolved表示该构件属于成环或骨架重构，不适合写成一个天然残基的单点替换。以上都不是性质实验结果。
PSH,HIS,second-pass-resolved,最大公共子结构覆盖母体100%、衍生物73%；得到唯一差异解释,新增2个O、1个P、1个S；新增部分连接到母体原子5（N）,,1.0,0.7333,1,二次核验用于解释结构差异；semantic-resolved表示化学改造区域已确定但不强行指定等价原子序号；complex-transformation-resolved表示该构件属于成环或骨架重构，不适合写成一个天然残基的单点替换。以上都不是性质实验结果。
PSW,SEC,second-pass-resolved,最大公共子结构覆盖母体100%、衍生物88%；得到唯一差异解释,新增1个S；新增部分连接到母体原子7（Se）,,1.0,0.875,1,二次核验用于解释结构差异；semantic-resolved表示化学改造区域已确定但不强行指定等价原子序号；complex-transformation-resolved表示该构件属于成环或骨架重构，不适合写成一个天然残基的单点替换。以上都不是性质实验结果。
Q2K,GLY,second-pass-resolved,最大公共子结构覆盖母体80%、衍生物22%；得到唯一差异解释,新增7个C、1个H、3个N、2个O、1个S；母体中少了1个N；新增部分连接到母体原子1（C）,,0.8,0.2222,1,二次核验用于解释结构差异；semantic-resolved表示化学改造区域已确定但不强行指定等价原子序号；complex-transformation-resolved表示该构件属于成环或骨架重构，不适合写成一个天然残基的单点替换。以上都不是性质实验结果。
Q3P,LYS,second-pass-resolved,最大公共子结构覆盖母体100%、衍生物71%；得到唯一差异解释,新增2个C、1个N、1个O；新增部分连接到母体原子4（N）,,1.0,0.7143,1,二次核验用于解释结构差异；semantic-resolved表示化学改造区域已确定但不强行指定等价原子序号；complex-transformation-resolved表示该构件属于成环或骨架重构，不适合写成一个天然残基的单点替换。以上都不是性质实验结果。
Q75,HIS,second-pass-resolved,最大公共子结构覆盖母体91%、衍生物91%；得到唯一差异解释,新增1个S；母体中少了1个N；新增部分连接到母体原子2（C）、母体原子4（C）,,0.9091,0.9091,1,二次核验用于解释结构差异；semantic-resolved表示化学改造区域已确定但不强行指定等价原子序号；complex-transformation-resolved表示该构件属于成环或骨架重构，不适合写成一个天然残基的单点替换。以上都不是性质实验结果。
QCI,GLN,semantic-resolved,已结合官方CCD化学名称与结构叠合完成化学区域消歧；不再强行选择对称或等价原子的序号,新增5个C、2个N、1个O；母体中少了5个C、2个N、2个O；新增部分连接到母体原子4（O）,谷氨酰胺骨架发生分子内缩合，形成六元戊二酰亚胺环,0.1,0.1111,3,二次核验用于解释结构差异；semantic-resolved表示化学改造区域已确定但不强行指定等价原子序号；complex-transformation-resolved表示该构件属于成环或骨架重构，不适合写成一个天然残基的单点替换。以上都不是性质实验结果。
QLG,GLN,second-pass-resolved,最大公共子结构覆盖母体70%、衍生物32%；得到唯一差异解释,新增9个C、1个H、2个N、3个O；母体中少了1个C、2个O；新增部分连接到母体原子10（N）、母体原子6（C）；检测到1处键级变化,,0.7,0.3182,1,二次核验用于解释结构差异；semantic-resolved表示化学改造区域已确定但不强行指定等价原子序号；complex-transformation-resolved表示该构件属于成环或骨架重构，不适合写成一个天然残基的单点替换。以上都不是性质实验结果。
QO8,CYS,second-pass-resolved,最大公共子结构覆盖母体100%、衍生物41%；得到唯一差异解释,新增8个C、2个O；新增部分连接到母体原子7（S）；检测到1处键级变化,,1.0,0.4118,1,二次核验用于解释结构差异；semantic-resolved表示化学改造区域已确定但不强行指定等价原子序号；complex-transformation-resolved表示该构件属于成环或骨架重构，不适合写成一个天然残基的单点替换。以上都不是性质实验结果。
QQ8,GLN,second-pass-resolved,最大公共子结构覆盖母体80%、衍生物67%；得到唯一差异解释,新增1个C、1个N、2个O；母体中少了2个O；新增部分连接到母体原子7（C）,,0.8,0.6667,1,二次核验用于解释结构差异；semantic-resolved表示化学改造区域已确定但不强行指定等价原子序号；complex-transformation-resolved表示该构件属于成环或骨架重构，不适合写成一个天然残基的单点替换。以上都不是性质实验结果。
R0K,GLU,semantic-resolved,已结合官方CCD化学名称与结构叠合完成化学区域消歧；不再强行选择对称或等价原子的序号,新增6个C、1个N、4个O；母体中少了1个O；新增部分连接到母体原子3（C）,官方CCD化学名称“(2~{S})-2-[[(4~{S})-4-azanyl-5-oxidanyl-5-oxidanylidene-pentanoyl]amino]hexanedioic acid”确定了改造区域；结构叠合覆盖天然母体90%。新增6个C、1个N、4个O；母体中少了1个O；新增部分连接到母体原子3（C）,0.9,0.45,2,二次核验用于解释结构差异；semantic-resolved表示化学改造区域已确定但不强行指定等价原子序号；complex-transformation-resolved表示该构件属于成环或骨架重构，不适合写成一个天然残基的单点替换。以上都不是性质实验结果。
R4K,TRP,second-pass-resolved,最大公共子结构覆盖母体100%、衍生物83%；得到唯一差异解释,新增3个O；新增部分连接到母体原子10（C）、母体原子7（C）、母体原子8（C）；检测到4处键级变化,,1.0,0.8333,1,二次核验用于解释结构差异；semantic-resolved表示化学改造区域已确定但不强行指定等价原子序号；complex-transformation-resolved表示该构件属于成环或骨架重构，不适合写成一个天然残基的单点替换。以上都不是性质实验结果。
RE0,TRP,second-pass-resolved,最大公共子结构覆盖母体100%、衍生物88%；得到唯一差异解释,新增2个O；新增部分连接到母体原子7（C）、母体原子8（C）；检测到4处键级变化,,1.0,0.8824,1,二次核验用于解释结构差异；semantic-resolved表示化学改造区域已确定但不强行指定等价原子序号；complex-transformation-resolved表示该构件属于成环或骨架重构，不适合写成一个天然残基的单点替换。以上都不是性质实验结果。
RE3,TRP,second-pass-resolved,最大公共子结构覆盖母体100%、衍生物88%；得到唯一差异解释,新增2个O；新增部分连接到母体原子7（C）、母体原子8（C）；检测到4处键级变化,,1.0,0.8824,1,二次核验用于解释结构差异；semantic-resolved表示化学改造区域已确定但不强行指定等价原子序号；complex-transformation-resolved表示该构件属于成环或骨架重构，不适合写成一个天然残基的单点替换。以上都不是性质实验结果。
RGL,ARG,second-pass-resolved,最大公共子结构覆盖母体92%、衍生物100%；得到唯一差异解释,母体中少了1个O,,0.9167,1.0,1,二次核验用于解释结构差异；semantic-resolved表示化学改造区域已确定但不强行指定等价原子序号；complex-transformation-resolved表示该构件属于成环或骨架重构，不适合写成一个天然残基的单点替换。以上都不是性质实验结果。
RPI,ARG,second-pass-resolved,最大公共子结构覆盖母体100%、衍生物71%；得到唯一差异解释,新增1个H、3个O、1个P；新增部分连接到母体原子11（N）、母体原子12（N）,,1.0,0.7059,1,二次核验用于解释结构差异；semantic-resolved表示化学改造区域已确定但不强行指定等价原子序号；complex-transformation-resolved表示该构件属于成环或骨架重构，不适合写成一个天然残基的单点替换。以上都不是性质实验结果。
RX9,ILE,second-pass-resolved,最大公共子结构覆盖母体100%、衍生物100%；得到唯一差异解释,检测到1处键级变化,,1.0,1.0,1,二次核验用于解释结构差异；semantic-resolved表示化学改造区域已确定但不强行指定等价原子序号；complex-transformation-resolved表示该构件属于成环或骨架重构，不适合写成一个天然残基的单点替换。以上都不是性质实验结果。
RXL,VAL,second-pass-resolved,最大公共子结构覆盖母体100%、衍生物100%；得到唯一差异解释,检测到1处键级变化,,1.0,1.0,1,二次核验用于解释结构差异；semantic-resolved表示化学改造区域已确定但不强行指定等价原子序号；complex-transformation-resolved表示该构件属于成环或骨架重构，不适合写成一个天然残基的单点替换。以上都不是性质实验结果。
SE7,SEC,second-pass-resolved,最大公共子结构覆盖母体100%、衍生物78%；得到唯一差异解释,新增2个O；新增部分连接到母体原子7（Se）,,1.0,0.7778,1,二次核验用于解释结构差异；semantic-resolved表示化学改造区域已确定但不强行指定等价原子序号；complex-transformation-resolved表示该构件属于成环或骨架重构，不适合写成一个天然残基的单点替换。以上都不是性质实验结果。
SEL,SER,semantic-resolved,已结合官方CCD化学名称与结构叠合完成化学区域消歧；不再强行选择对称或等价原子的序号,母体中少了1个O；检测到1处键级变化,天然氨基酸末端羧基被还原为羟甲基（氨基醇）,0.8571,1.0,2,二次核验用于解释结构差异；semantic-resolved表示化学改造区域已确定但不强行指定等价原子序号；complex-transformation-resolved表示该构件属于成环或骨架重构，不适合写成一个天然残基的单点替换。以上都不是性质实验结果。
SET,SER,second-pass-resolved,最大公共子结构覆盖母体86%、衍生物86%；得到唯一差异解释,新增1个N；母体中少了1个O；新增部分连接到母体原子3（C）,,0.8571,0.8571,1,二次核验用于解释结构差异；semantic-resolved表示化学改造区域已确定但不强行指定等价原子序号；complex-transformation-resolved表示该构件属于成环或骨架重构，不适合写成一个天然残基的单点替换。以上都不是性质实验结果。
SHR,LYS,second-pass-resolved,最大公共子结构覆盖母体100%、衍生物53%；得到唯一差异解释,新增5个C、4个O；新增部分连接到母体原子4（N）,,1.0,0.5263,1,二次核验用于解释结构差异；semantic-resolved表示化学改造区域已确定但不强行指定等价原子序号；complex-transformation-resolved表示该构件属于成环或骨架重构，不适合写成一个天然残基的单点替换。以上都不是性质实验结果。
SIB,CYS,second-pass-resolved,最大公共子结构覆盖母体86%、衍生物23%；得到唯一差异解释,新增11个C、4个N、4个O、1个S；母体中少了1个S；新增部分连接到母体原子1（C）,,0.8571,0.2308,1,二次核验用于解释结构差异；semantic-resolved表示化学改造区域已确定但不强行指定等价原子序号；complex-transformation-resolved表示该构件属于成环或骨架重构，不适合写成一个天然残基的单点替换。以上都不是性质实验结果。
SIC,ASP,complex-transformation-resolved,已结合官方CCD化学名称与结构叠合完成化学区域消歧；不再强行选择对称或等价原子的序号,新增4个C、2个N、2个O、1个S；母体中少了1个C、1个N、2个O；新增部分连接到母体原子1（C）、母体原子2（C）,天冬氨酸相关骨架形成琥珀酰亚胺环并连接含巯基侧链；属于成环加偶联,0.5556,0.3571,2,二次核验用于解释结构差异；semantic-resolved表示化学改造区域已确定但不强行指定等价原子序号；complex-transformation-resolved表示该构件属于成环或骨架重构，不适合写成一个天然残基的单点替换。以上都不是性质实验结果。
SKH,LYS,second-pass-resolved,最大公共子结构覆盖母体100%、衍生物50%；得到唯一差异解释,新增6个C、4个O；新增部分连接到母体原子4（N）,,1.0,0.5,1,二次核验用于解释结构差异；semantic-resolved表示化学改造区域已确定但不强行指定等价原子序号；complex-transformation-resolved表示该构件属于成环或骨架重构，不适合写成一个天然残基的单点替换。以上都不是性质实验结果。
SLL,LYS,second-pass-resolved,最大公共子结构覆盖母体100%、衍生物59%；得到唯一差异解释,新增4个C、3个O；新增部分连接到母体原子4（N）,,1.0,0.5882,1,二次核验用于解释结构差异；semantic-resolved表示化学改造区域已确定但不强行指定等价原子序号；complex-transformation-resolved表示该构件属于成环或骨架重构，不适合写成一个天然残基的单点替换。以上都不是性质实验结果。
SLZ,LYS,second-pass-resolved,最大公共子结构覆盖母体60%、衍生物60%；得到唯一差异解释,新增2个C、1个N、1个S；母体中少了3个C、1个N；新增部分连接到母体原子5（C）,,0.6,0.6,1,二次核验用于解释结构差异；semantic-resolved表示化学改造区域已确定但不强行指定等价原子序号；complex-transformation-resolved表示该构件属于成环或骨架重构，不适合写成一个天然残基的单点替换。以上都不是性质实验结果。
SNK,HIS,second-pass-resolved,最大公共子结构覆盖母体100%、衍生物73%；得到唯一差异解释,新增2个C、1个O、1个S；新增部分连接到母体原子1（C）；检测到1个立体中心方向变化,,1.0,0.7333,1,二次核验用于解释结构差异；semantic-resolved表示化学改造区域已确定但不强行指定等价原子序号；complex-transformation-resolved表示该构件属于成环或骨架重构，不适合写成一个天然残基的单点替换。以上都不是性质实验结果。
SNN,ASN,semantic-resolved,已结合官方CCD化学名称与结构叠合完成化学区域消歧；不再强行选择对称或等价原子的序号,新增4个C、2个N、1个O；母体中少了4个C、2个N、2个O；新增部分连接到母体原子4（O）,天冬酰胺骨架发生分子内缩合，形成氨基琥珀酰亚胺环,0.1111,0.125,3,二次核验用于解释结构差异；semantic-resolved表示化学改造区域已确定但不强行指定等价原子序号；complex-transformation-resolved表示该构件属于成环或骨架重构，不适合写成一个天然残基的单点替换。以上都不是性质实验结果。
SUI,ASP,semantic-resolved,已结合官方CCD化学名称与结构叠合完成化学区域消歧；不再强行选择对称或等价原子的序号,新增4个C、2个N、2个O；母体中少了2个C、1个N、2个O；新增部分连接到母体原子1（C）,天冬氨酸相关骨架发生分子内缩合，形成琥珀酰亚胺环并保留乙酸侧链,0.4444,0.3333,2,二次核验用于解释结构差异；semantic-resolved表示化学改造区域已确定但不强行指定等价原子序号；complex-transformation-resolved表示该构件属于成环或骨架重构，不适合写成一个天然残基的单点替换。以上都不是性质实验结果。
SWW,SER,second-pass-resolved,最大公共子结构覆盖母体86%、衍生物60%；得到唯一差异解释,新增2个C、1个O、1个S；母体中少了1个O；新增部分连接到母体原子1（C）；检测到1个立体中心方向变化,,0.8571,0.6,1,二次核验用于解释结构差异；semantic-resolved表示化学改造区域已确定但不强行指定等价原子序号；complex-transformation-resolved表示该构件属于成环或骨架重构，不适合写成一个天然残基的单点替换。以上都不是性质实验结果。
SYS,SEC,second-pass-resolved,最大公共子结构覆盖母体100%、衍生物64%；得到唯一差异解释,新增2个C、1个N、1个O；新增部分连接到母体原子7（Se）,,1.0,0.6364,1,二次核验用于解释结构差异；semantic-resolved表示化学改造区域已确定但不强行指定等价原子序号；complex-transformation-resolved表示该构件属于成环或骨架重构，不适合写成一个天然残基的单点替换。以上都不是性质实验结果。
T3R,LEU,semantic-resolved,已结合官方CCD化学名称与结构叠合完成化学区域消歧；不再强行选择对称或等价原子的序号,新增3个C；母体中少了1个C；新增部分连接到母体原子1（C）、母体原子9（N）,亮氨酸支链由支化异丁基改为直链正丁基；名称中的其他取代基另行保留,0.8889,0.7273,2,二次核验用于解释结构差异；semantic-resolved表示化学改造区域已确定但不强行指定等价原子序号；complex-transformation-resolved表示该构件属于成环或骨架重构，不适合写成一个天然残基的单点替换。以上都不是性质实验结果。
T9E,THR,second-pass-resolved,最大公共子结构覆盖母体88%、衍生物88%；得到唯一差异解释,新增1个Se；母体中少了1个O；新增部分连接到母体原子2（C）,,0.875,0.875,1,二次核验用于解释结构差异；semantic-resolved表示化学改造区域已确定但不强行指定等价原子序号；complex-transformation-resolved表示该构件属于成环或骨架重构，不适合写成一个天然残基的单点替换。以上都不是性质实验结果。
TCQ,TYR,second-pass-resolved,最大公共子结构覆盖母体100%、衍生物54%；得到唯一差异解释,新增9个C、1个N、1个O；新增部分连接到母体原子2（C）、母体原子5（C）；检测到6处键级变化,,1.0,0.5417,1,二次核验用于解释结构差异；semantic-resolved表示化学改造区域已确定但不强行指定等价原子序号；complex-transformation-resolved表示该构件属于成环或骨架重构，不适合写成一个天然残基的单点替换。以上都不是性质实验结果。
THZ,ARG,semantic-resolved,已结合官方CCD化学名称与结构叠合完成化学区域消歧；不再强行选择对称或等价原子的序号,新增7个C、1个H、1个N、1个S；母体中少了1个O；新增部分连接到母体原子11（N）、母体原子4（C）,"官方CCD化学名称“1-[(4S)-4-amino-5-(1,3-benzothiazol-2-yl)-5-oxopentyl]guanidine”确定了改造区域；结构叠合覆盖天然母体92%。新增7个C、1个H、1个N、1个S；母体中少了1个O；新增部分连接到母体原子11（N）、母体原子4（C）",0.9167,0.5238,2,二次核验用于解释结构差异；semantic-resolved表示化学改造区域已确定但不强行指定等价原子序号；complex-transformation-resolved表示该构件属于成环或骨架重构，不适合写成一个天然残基的单点替换。以上都不是性质实验结果。
TLY,LYS,second-pass-resolved,最大公共子结构覆盖母体100%、衍生物77%；得到唯一差异解释,新增2个C、1个S；新增部分连接到母体原子4（N）,,1.0,0.7692,1,二次核验用于解释结构差异；semantic-resolved表示化学改造区域已确定但不强行指定等价原子序号；complex-transformation-resolved表示该构件属于成环或骨架重构，不适合写成一个天然残基的单点替换。以上都不是性质实验结果。
TOX,TRP,second-pass-resolved,最大公共子结构覆盖母体100%、衍生物88%；得到唯一差异解释,新增2个O；新增部分连接到母体原子9（N）,,1.0,0.8824,1,二次核验用于解释结构差异；semantic-resolved表示化学改造区域已确定但不强行指定等价原子序号；complex-transformation-resolved表示该构件属于成环或骨架重构，不适合写成一个天然残基的单点替换。以上都不是性质实验结果。
TOZ,CYS,complex-transformation-resolved,已结合官方CCD化学名称与结构叠合完成化学区域消歧；不再强行选择对称或等价原子的序号,新增7个C、3个N、1个O、1个S；母体中少了2个C、1个N、1个S；新增部分连接到母体原子3（C）,半胱氨酸相关骨架经连续成环和氧化形成噻唑-噁唑双杂环,0.4286,0.2,1,二次核验用于解释结构差异；semantic-resolved表示化学改造区域已确定但不强行指定等价原子序号；complex-transformation-resolved表示该构件属于成环或骨架重构，不适合写成一个天然残基的单点替换。以上都不是性质实验结果。
TPK,PRO,semantic-resolved,已结合官方CCD化学名称与结构叠合完成化学区域消歧；不再强行选择对称或等价原子的序号,新增1个C、1个O；母体中少了1个O；新增部分连接到母体原子6（C）；检测到1处键级变化,天然氨基酸末端羧基被还原为羟甲基（氨基醇）,0.875,0.7778,2,二次核验用于解释结构差异；semantic-resolved表示化学改造区域已确定但不强行指定等价原子序号；complex-transformation-resolved表示该构件属于成环或骨架重构，不适合写成一个天然残基的单点替换。以上都不是性质实验结果。
TPL,TRP,semantic-resolved,已结合官方CCD化学名称与结构叠合完成化学区域消歧；不再强行选择对称或等价原子的序号,母体中少了1个O；检测到1处键级变化,天然氨基酸末端羧基被还原为羟甲基（氨基醇）,0.9333,1.0,2,二次核验用于解释结构差异；semantic-resolved表示化学改造区域已确定但不强行指定等价原子序号；complex-transformation-resolved表示该构件属于成环或骨架重构，不适合写成一个天然残基的单点替换。以上都不是性质实验结果。
TPQ,TYR,second-pass-resolved,最大公共子结构覆盖母体100%、衍生物87%；得到唯一差异解释,新增2个O；新增部分连接到母体原子2（C）、母体原子5（C）；检测到6处键级变化,,1.0,0.8667,1,二次核验用于解释结构差异；semantic-resolved表示化学改造区域已确定但不强行指定等价原子序号；complex-transformation-resolved表示该构件属于成环或骨架重构，不适合写成一个天然残基的单点替换。以上都不是性质实验结果。
TQQ,TRP,second-pass-resolved,最大公共子结构覆盖母体100%、衍生物83%；得到唯一差异解释,新增1个H、1个N、1个O；新增部分连接到母体原子2（C）、母体原子3（C）；检测到5处键级变化,,1.0,0.8333,1,二次核验用于解释结构差异；semantic-resolved表示化学改造区域已确定但不强行指定等价原子序号；complex-transformation-resolved表示该构件属于成环或骨架重构，不适合写成一个天然残基的单点替换。以上都不是性质实验结果。
TRF,TRP,second-pass-resolved,最大公共子结构覆盖母体100%、衍生物88%；得到唯一差异解释,新增1个C、1个O；新增部分连接到母体原子9（N）,,1.0,0.8824,1,二次核验用于解释结构差异；semantic-resolved表示化学改造区域已确定但不强行指定等价原子序号；complex-transformation-resolved表示该构件属于成环或骨架重构，不适合写成一个天然残基的单点替换。以上都不是性质实验结果。
TRN,TRP,second-pass-resolved,最大公共子结构覆盖母体93%、衍生物93%；得到唯一差异解释,新增1个N；母体中少了1个C；新增部分连接到母体原子2（C）、母体原子4（C）,,0.9333,0.9333,1,二次核验用于解释结构差异；semantic-resolved表示化学改造区域已确定但不强行指定等价原子序号；complex-transformation-resolved表示该构件属于成环或骨架重构，不适合写成一个天然残基的单点替换。以上都不是性质实验结果。
TRQ,TRP,second-pass-resolved,最大公共子结构覆盖母体100%、衍生物88%；得到唯一差异解释,新增2个O；新增部分连接到母体原子2（C）、母体原子3（C）；检测到5处键级变化,,1.0,0.8824,1,二次核验用于解释结构差异；semantic-resolved表示化学改造区域已确定但不强行指定等价原子序号；complex-transformation-resolved表示该构件属于成环或骨架重构，不适合写成一个天然残基的单点替换。以上都不是性质实验结果。
TRW,TRP,second-pass-resolved,最大公共子结构覆盖母体93%、衍生物61%；得到唯一差异解释,新增6个C、2个N、1个O；母体中少了1个O；新增部分连接到母体原子2（C）、母体原子3（C）,,0.9333,0.6087,1,二次核验用于解释结构差异；semantic-resolved表示化学改造区域已确定但不强行指定等价原子序号；complex-transformation-resolved表示该构件属于成环或骨架重构，不适合写成一个天然残基的单点替换。以上都不是性质实验结果。
TRY,TRP,second-pass-resolved,最大公共子结构覆盖母体100%、衍生物100%；得到唯一差异解释,检测到1处键级变化,,1.0,1.0,1,二次核验用于解释结构差异；semantic-resolved表示化学改造区域已确定但不强行指定等价原子序号；complex-transformation-resolved表示该构件属于成环或骨架重构，不适合写成一个天然残基的单点替换。以上都不是性质实验结果。
TTS,TYR,second-pass-resolved,最大公共子结构覆盖母体100%、衍生物54%；得到唯一差异解释,新增8个C、1个N、2个O；新增部分连接到母体原子2（C）、母体原子5（C）；检测到6处键级变化,,1.0,0.5417,1,二次核验用于解释结构差异；semantic-resolved表示化学改造区域已确定但不强行指定等价原子序号；complex-transformation-resolved表示该构件属于成环或骨架重构，不适合写成一个天然残基的单点替换。以上都不是性质实验结果。
TXY,TYR,second-pass-resolved,最大公共子结构覆盖母体100%、衍生物93%；得到唯一差异解释,新增1个O；新增部分连接到母体原子2（C）；检测到6处键级变化,,1.0,0.9286,1,二次核验用于解释结构差异；semantic-resolved表示化学改造区域已确定但不强行指定等价原子序号；complex-transformation-resolved表示该构件属于成环或骨架重构，不适合写成一个天然残基的单点替换。以上都不是性质实验结果。
TYB,TYR,second-pass-resolved,最大公共子结构覆盖母体92%、衍生物100%；得到唯一差异解释,母体中少了1个O,,0.9231,1.0,1,二次核验用于解释结构差异；semantic-resolved表示化学改造区域已确定但不强行指定等价原子序号；complex-transformation-resolved表示该构件属于成环或骨架重构，不适合写成一个天然残基的单点替换。以上都不是性质实验结果。
TYE,TYR,semantic-resolved,已结合官方CCD化学名称与结构叠合完成化学区域消歧；不再强行选择对称或等价原子的序号,母体中少了1个O；检测到1处键级变化,天然氨基酸末端羧基被还原为羟甲基（氨基醇）,0.9231,1.0,2,二次核验用于解释结构差异；semantic-resolved表示化学改造区域已确定但不强行指定等价原子序号；complex-transformation-resolved表示该构件属于成环或骨架重构，不适合写成一个天然残基的单点替换。以上都不是性质实验结果。
TYO,TYR,complex-transformation-resolved,已结合官方CCD化学名称与结构叠合完成化学区域消歧；不再强行选择对称或等价原子的序号,新增6个C、3个O；母体中少了6个C、1个O；新增部分连接到母体原子7（C）,酪氨酸芳环发生氧化开环并形成共轭二烯和氢过氧基；属于氧化性骨架重排,0.4615,0.4,1,二次核验用于解释结构差异；semantic-resolved表示化学改造区域已确定但不强行指定等价原子序号；complex-transformation-resolved表示该构件属于成环或骨架重构，不适合写成一个天然残基的单点替换。以上都不是性质实验结果。
TYT,TYR,second-pass-resolved,最大公共子结构覆盖母体100%、衍生物54%；得到唯一差异解释,新增9个C、1个N、1个O；新增部分连接到母体原子2（C）、母体原子5（C）；检测到6处键级变化,,1.0,0.5417,1,二次核验用于解释结构差异；semantic-resolved表示化学改造区域已确定但不强行指定等价原子序号；complex-transformation-resolved表示该构件属于成环或骨架重构，不适合写成一个天然残基的单点替换。以上都不是性质实验结果。
TYY,TYR,second-pass-resolved,最大公共子结构覆盖母体100%、衍生物87%；得到唯一差异解释,新增1个N、1个O；新增部分连接到母体原子2（C）、母体原子5（C）；检测到6处键级变化,,1.0,0.8667,1,二次核验用于解释结构差异；semantic-resolved表示化学改造区域已确定但不强行指定等价原子序号；complex-transformation-resolved表示该构件属于成环或骨架重构，不适合写成一个天然残基的单点替换。以上都不是性质实验结果。
UGY,GLY,semantic-resolved,已结合官方CCD化学名称与结构叠合完成化学区域消歧；不再强行选择对称或等价原子的序号,新增1个C、2个N、1个O；新增部分连接到母体原子1（C）,官方CCD化学名称“(2S)-amino(carbamoylamino)ethanoic acid”确定了改造区域；结构叠合覆盖天然母体100%。新增1个C、2个N、1个O；新增部分连接到母体原子1（C）,1.0,0.5556,2,二次核验用于解释结构差异；semantic-resolved表示化学改造区域已确定但不强行指定等价原子序号；complex-transformation-resolved表示该构件属于成环或骨架重构，不适合写成一个天然残基的单点替换。以上都不是性质实验结果。
UJR,CYS,second-pass-resolved,最大公共子结构覆盖母体86%、衍生物46%；得到唯一差异解释,新增4个C、1个I、2个N；母体中少了1个O；新增部分连接到母体原子7（S）,,0.8571,0.4615,1,二次核验用于解释结构差异；semantic-resolved表示化学改造区域已确定但不强行指定等价原子序号；complex-transformation-resolved表示该构件属于成环或骨架重构，不适合写成一个天然残基的单点替换。以上都不是性质实验结果。
UM2,ALA,second-pass-resolved,最大公共子结构覆盖母体83%、衍生物50%；得到唯一差异解释,新增4个C、1个N；母体中少了1个O；新增部分连接到母体原子3（C）；检测到1个立体中心方向变化,,0.8333,0.5,1,二次核验用于解释结构差异；semantic-resolved表示化学改造区域已确定但不强行指定等价原子序号；complex-transformation-resolved表示该构件属于成环或骨架重构，不适合写成一个天然残基的单点替换。以上都不是性质实验结果。
UOX,SEC,second-pass-resolved,最大公共子结构覆盖母体100%、衍生物88%；得到唯一差异解释,新增1个O；新增部分连接到母体原子7（Se）,,1.0,0.875,1,二次核验用于解释结构差异；semantic-resolved表示化学改造区域已确定但不强行指定等价原子序号；complex-transformation-resolved表示该构件属于成环或骨架重构，不适合写成一个天然残基的单点替换。以上都不是性质实验结果。
V5N,HIS,second-pass-resolved,最大公共子结构覆盖母体100%、衍生物92%；得到唯一差异解释,新增1个O；新增部分连接到母体原子6（C）,,1.0,0.9167,1,二次核验用于解释结构差异；semantic-resolved表示化学改造区域已确定但不强行指定等价原子序号；complex-transformation-resolved表示该构件属于成环或骨架重构，不适合写成一个天然残基的单点替换。以上都不是性质实验结果。
V6W,TRP,second-pass-resolved,最大公共子结构覆盖母体100%、衍生物79%；得到唯一差异解释,新增2个C、2个O；新增部分连接到母体原子9（N）,,1.0,0.7895,1,二次核验用于解释结构差异；semantic-resolved表示化学改造区域已确定但不强行指定等价原子序号；complex-transformation-resolved表示该构件属于成环或骨架重构，不适合写成一个天然残基的单点替换。以上都不是性质实验结果。
VAD,VAL,second-pass-resolved,最大公共子结构覆盖母体88%、衍生物88%；得到唯一差异解释,新增1个O；母体中少了1个N；新增部分连接到母体原子4（C）；检测到1个立体中心方向变化,,0.875,0.875,1,二次核验用于解释结构差异；semantic-resolved表示化学改造区域已确定但不强行指定等价原子序号；complex-transformation-resolved表示该构件属于成环或骨架重构，不适合写成一个天然残基的单点替换。以上都不是性质实验结果。
VAH,VAL,semantic-resolved,已结合官方CCD化学名称与结构叠合完成化学区域消歧；不再强行选择对称或等价原子的序号,新增1个C、1个O；母体中少了1个C；新增部分连接到母体原子1（C）、母体原子2（C）,缬氨酸侧链由异丙基改为直链正丙基；名称中的其他取代基另行保留,0.875,0.7778,2,二次核验用于解释结构差异；semantic-resolved表示化学改造区域已确定但不强行指定等价原子序号；complex-transformation-resolved表示该构件属于成环或骨架重构，不适合写成一个天然残基的单点替换。以上都不是性质实验结果。
VB1,LYS,second-pass-resolved,最大公共子结构覆盖母体100%、衍生物43%；得到唯一差异解释,新增7个C、1个N、4个O、1个S；新增部分连接到母体原子3（C）、母体原子4（N）,,1.0,0.4348,1,二次核验用于解释结构差异；semantic-resolved表示化学改造区域已确定但不强行指定等价原子序号；complex-transformation-resolved表示该构件属于成环或骨架重构，不适合写成一个天然残基的单点替换。以上都不是性质实验结果。
VPV,LYS,second-pass-resolved,最大公共子结构覆盖母体100%、衍生物45%；得到唯一差异解释,新增7个C、5个O；新增部分连接到母体原子4（N）,,1.0,0.4545,1,二次核验用于解释结构差异；semantic-resolved表示化学改造区域已确定但不强行指定等价原子序号；complex-transformation-resolved表示该构件属于成环或骨架重构，不适合写成一个天然残基的单点替换。以上都不是性质实验结果。
VR0,ARG,second-pass-resolved,最大公共子结构覆盖母体100%、衍生物71%；得到唯一差异解释,新增2个C、1个H、1个N、1个O；新增部分连接到母体原子11（N）、母体原子12（N）,,1.0,0.7059,1,二次核验用于解释结构差异；semantic-resolved表示化学改造区域已确定但不强行指定等价原子序号；complex-transformation-resolved表示该构件属于成环或骨架重构，不适合写成一个天然残基的单点替换。以上都不是性质实验结果。
WCR,GLY,second-pass-resolved,最大公共子结构覆盖母体80%、衍生物19%；得到唯一差异解释,新增11个C、3个N、3个O；母体中少了1个N；新增部分连接到母体原子1（C）,,0.8,0.1905,1,二次核验用于解释结构差异；semantic-resolved表示化学改造区域已确定但不强行指定等价原子序号；complex-transformation-resolved表示该构件属于成环或骨架重构，不适合写成一个天然残基的单点替换。以上都不是性质实验结果。
WRP,TRP,second-pass-resolved,最大公共子结构覆盖母体100%、衍生物68%；得到唯一差异解释,新增5个C、2个O；新增部分连接到母体原子10（C）、母体原子9（N）,,1.0,0.6818,1,二次核验用于解释结构差异；semantic-resolved表示化学改造区域已确定但不强行指定等价原子序号；complex-transformation-resolved表示该构件属于成环或骨架重构，不适合写成一个天然残基的单点替换。以上都不是性质实验结果。
WYK,ARG,second-pass-resolved,最大公共子结构覆盖母体100%、衍生物86%；得到唯一差异解释,新增1个H、1个O；新增部分连接到母体原子11（N）、母体原子1（C）,,1.0,0.8571,1,二次核验用于解释结构差异；semantic-resolved表示化学改造区域已确定但不强行指定等价原子序号；complex-transformation-resolved表示该构件属于成环或骨架重构，不适合写成一个天然残基的单点替换。以上都不是性质实验结果。
X60,VAL,semantic-resolved,已结合官方CCD化学名称与结构叠合完成化学区域消歧；不再强行选择对称或等价原子的序号,新增3个C；母体中少了1个C；新增部分连接到母体原子1（C）、母体原子4（C）,缬氨酸侧链由异丙基改为直链正丙基；名称中的其他取代基另行保留,0.875,0.7,3,二次核验用于解释结构差异；semantic-resolved表示化学改造区域已确定但不强行指定等价原子序号；complex-transformation-resolved表示该构件属于成环或骨架重构，不适合写成一个天然残基的单点替换。以上都不是性质实验结果。
X9Q,ALA,second-pass-resolved,最大公共子结构覆盖母体67%、衍生物20%；得到唯一差异解释,新增12个C、3个N、1个O；母体中少了1个C、1个N；新增部分连接到母体原子2（C）,,0.6667,0.2,1,二次核验用于解释结构差异；semantic-resolved表示化学改造区域已确定但不强行指定等价原子序号；complex-transformation-resolved表示该构件属于成环或骨架重构，不适合写成一个天然残基的单点替换。以上都不是性质实验结果。
XOK,LYS,second-pass-resolved,最大公共子结构覆盖母体100%、衍生物50%；得到唯一差异解释,新增8个C、1个O、1个S；新增部分连接到母体原子4（N）,,1.0,0.5,1,二次核验用于解释结构差异；semantic-resolved表示化学改造区域已确定但不强行指定等价原子序号；complex-transformation-resolved表示该构件属于成环或骨架重构，不适合写成一个天然残基的单点替换。以上都不是性质实验结果。
XPL,PYL,second-pass-resolved,最大公共子结构覆盖母体100%、衍生物95%；得到唯一差异解释,新增1个N；新增部分连接到母体原子4（C）；检测到1处键级变化,,1.0,0.9474,1,二次核验用于解释结构差异；semantic-resolved表示化学改造区域已确定但不强行指定等价原子序号；complex-transformation-resolved表示该构件属于成环或骨架重构，不适合写成一个天然残基的单点替换。以上都不是性质实验结果。
XRW,LYS,second-pass-resolved,最大公共子结构覆盖母体100%、衍生物67%；得到唯一差异解释,新增3个C、2个O；新增部分连接到母体原子4（N）,,1.0,0.6667,1,二次核验用于解释结构差异；semantic-resolved表示化学改造区域已确定但不强行指定等价原子序号；complex-transformation-resolved表示该构件属于成环或骨架重构，不适合写成一个天然残基的单点替换。以上都不是性质实验结果。
XSN,ASN,second-pass-resolved,最大公共子结构覆盖母体89%、衍生物89%；得到唯一差异解释,新增1个N；母体中少了1个N；新增部分连接到母体原子1（C）,,0.8889,0.8889,1,二次核验用于解释结构差异；semantic-resolved表示化学改造区域已确定但不强行指定等价原子序号；complex-transformation-resolved表示该构件属于成环或骨架重构，不适合写成一个天然残基的单点替换。以上都不是性质实验结果。
XX1,LYS,second-pass-resolved,最大公共子结构覆盖母体100%、衍生物53%；得到唯一差异解释,新增5个C、4个N；新增部分连接到母体原子4（N）,,1.0,0.5263,1,二次核验用于解释结构差异；semantic-resolved表示化学改造区域已确定但不强行指定等价原子序号；complex-transformation-resolved表示该构件属于成环或骨架重构，不适合写成一个天然残基的单点替换。以上都不是性质实验结果。
XXY,GLY,second-pass-resolved,最大公共子结构覆盖母体80%、衍生物19%；得到唯一差异解释,新增10个C、5个N、2个O；母体中少了1个N；新增部分连接到母体原子1（C）,,0.8,0.1905,1,二次核验用于解释结构差异；semantic-resolved表示化学改造区域已确定但不强行指定等价原子序号；complex-transformation-resolved表示该构件属于成环或骨架重构，不适合写成一个天然残基的单点替换。以上都不是性质实验结果。
XYG,ASP,complex-transformation-resolved,已结合官方CCD化学名称与结构叠合完成化学区域消歧；不再强行选择对称或等价原子的序号,新增12个C、1个H、3个N、2个O；母体中少了2个C、1个N、2个O；新增部分连接到母体原子1（C）,天冬氨酸相关骨架并入取代咪唑酮发色团；属于成环、缩合和共轭重构,0.4444,0.1818,2,二次核验用于解释结构差异；semantic-resolved表示化学改造区域已确定但不强行指定等价原子序号；complex-transformation-resolved表示该构件属于成环或骨架重构，不适合写成一个天然残基的单点替换。以上都不是性质实验结果。
Y57,LYS,second-pass-resolved,最大公共子结构覆盖母体100%、衍生物48%；得到唯一差异解释,新增11个C；新增部分连接到母体原子4（N）,,1.0,0.4762,1,二次核验用于解释结构差异；semantic-resolved表示化学改造区域已确定但不强行指定等价原子序号；complex-transformation-resolved表示该构件属于成环或骨架重构，不适合写成一个天然残基的单点替换。以上都不是性质实验结果。
YHA,LYS,second-pass-resolved,最大公共子结构覆盖母体100%、衍生物77%；得到唯一差异解释,新增1个C、1个N、1个O；新增部分连接到母体原子4（N）,,1.0,0.7692,1,二次核验用于解释结构差异；semantic-resolved表示化学改造区域已确定但不强行指定等价原子序号；complex-transformation-resolved表示该构件属于成环或骨架重构，不适合写成一个天然残基的单点替换。以上都不是性质实验结果。
YPZ,TYR,second-pass-resolved,最大公共子结构覆盖母体100%、衍生物59%；得到唯一差异解释,新增6个C、2个N、1个O；新增部分连接到母体原子2（C）、母体原子5（C）；检测到6处键级变化,,1.0,0.5909,1,二次核验用于解释结构差异；semantic-resolved表示化学改造区域已确定但不强行指定等价原子序号；complex-transformation-resolved表示该构件属于成环或骨架重构，不适合写成一个天然残基的单点替换。以上都不是性质实验结果。
YTL,TYR,second-pass-resolved,最大公共子结构覆盖母体92%、衍生物71%；得到唯一差异解释,新增2个C、1个N、2个O；母体中少了1个N；新增部分连接到母体原子8（C）,,0.9231,0.7059,1,二次核验用于解释结构差异；semantic-resolved表示化学改造区域已确定但不强行指定等价原子序号；complex-transformation-resolved表示该构件属于成环或骨架重构，不适合写成一个天然残基的单点替换。以上都不是性质实验结果。
Z70,HIS,second-pass-resolved,最大公共子结构覆盖母体73%、衍生物62%；得到唯一差异解释,新增1个C、2个N、2个O；母体中少了1个N、2个O；新增部分连接到母体原子4（C）、母体原子8（C）,,0.7273,0.6154,1,二次核验用于解释结构差异；semantic-resolved表示化学改造区域已确定但不强行指定等价原子序号；complex-transformation-resolved表示该构件属于成环或骨架重构，不适合写成一个天然残基的单点替换。以上都不是性质实验结果。
ZAI,LYS,second-pass-resolved,最大公共子结构覆盖母体100%、衍生物31%；得到唯一差异解释,新增11个C、2个N、7个O、1个P、1个S；新增部分连接到母体原子4（N）,,1.0,0.3125,1,二次核验用于解释结构差异；semantic-resolved表示化学改造区域已确定但不强行指定等价原子序号；complex-transformation-resolved表示该构件属于成环或骨架重构，不适合写成一个天然残基的单点替换。以上都不是性质实验结果。
ZRF,ALA,second-pass-resolved,最大公共子结构覆盖母体67%、衍生物27%；得到唯一差异解释,新增6个C、3个N、2个O；母体中少了1个C、1个N；新增部分连接到母体原子2（C）,,0.6667,0.2667,1,二次核验用于解释结构差异；semantic-resolved表示化学改造区域已确定但不强行指定等价原子序号；complex-transformation-resolved表示该构件属于成环或骨架重构，不适合写成一个天然残基的单点替换。以上都不是性质实验结果。
ZZJ,ALA,second-pass-resolved,最大公共子结构覆盖母体83%、衍生物71%；得到唯一差异解释,新增1个C、1个N；母体中少了1个O；新增部分连接到母体原子3（C）、母体原子6（N）,,0.8333,0.7143,1,二次核验用于解释结构差异；semantic-resolved表示化学改造区域已确定但不强行指定等价原子序号；complex-transformation-resolved表示该构件属于成环或骨架重构，不适合写成一个天然残基的单点替换。以上都不是性质实验结果。
PSA,PHE,semantic-resolved,已结合官方CCD化学名称与结构叠合完成化学区域消歧；不再强行选择对称或等价原子的序号,新增2个C、2个O；母体中少了1个O；新增部分连接到母体原子9（C）；检测到1处键级变化,官方CCD化学名称“3-HYDROXY-4-AMINO-5-PHENYLPENTANOIC ACID”确定了改造区域；结构叠合覆盖天然母体92%。新增2个C、2个O；母体中少了1个O；新增部分连接到母体原子9（C）；检测到1处键级变化,0.9167,0.7333,2,二次核验用于解释结构差异；semantic-resolved表示化学改造区域已确定但不强行指定等价原子序号；complex-transformation-resolved表示该构件属于成环或骨架重构，不适合写成一个天然残基的单点替换。以上都不是性质实验结果。
V7T,LYS,second-pass-resolved,最大公共子结构覆盖母体100%、衍生物71%；得到唯一差异解释,新增1个C、1个H、2个N；新增部分连接到母体原子10（N）；检测到1个立体中心方向变化,,1.0,0.7143,1,二次核验用于解释结构差异；semantic-resolved表示化学改造区域已确定但不强行指定等价原子序号；complex-transformation-resolved表示该构件属于成环或骨架重构，不适合写成一个天然残基的单点替换。以上都不是性质实验结果。
C67,ARG,second-pass-resolved,最大公共子结构覆盖母体100%、衍生物67%；得到唯一差异解释,新增3个C、1个H、2个O；新增部分连接到母体原子11（N）、母体原子12（N）,,1.0,0.6667,1,二次核验用于解释结构差异；semantic-resolved表示化学改造区域已确定但不强行指定等价原子序号；complex-transformation-resolved表示该构件属于成环或骨架重构，不适合写成一个天然残基的单点替换。以上都不是性质实验结果。
C6D,ARG,second-pass-resolved,最大公共子结构覆盖母体100%、衍生物71%；得到唯一差异解释,新增3个C、1个H、1个O；新增部分连接到母体原子11（N）、母体原子12（N）,,1.0,0.7059,1,二次核验用于解释结构差异；semantic-resolved表示化学改造区域已确定但不强行指定等价原子序号；complex-transformation-resolved表示该构件属于成环或骨架重构，不适合写成一个天然残基的单点替换。以上都不是性质实验结果。
LYP,LYS,second-pass-resolved,最大公共子结构覆盖母体100%、衍生物71%；得到唯一差异解释,新增4个C；新增部分连接到母体原子4（N）,,1.0,0.7143,1,二次核验用于解释结构差异；semantic-resolved表示化学改造区域已确定但不强行指定等价原子序号；complex-transformation-resolved表示该构件属于成环或骨架重构，不适合写成一个天然残基的单点替换。以上都不是性质实验结果。
9RI,LYS,second-pass-resolved,最大公共子结构覆盖母体100%、衍生物56%；得到唯一差异解释,新增8个C；新增部分连接到母体原子4（N）,,1.0,0.5556,1,二次核验用于解释结构差异；semantic-resolved表示化学改造区域已确定但不强行指定等价原子序号；complex-transformation-resolved表示该构件属于成环或骨架重构，不适合写成一个天然残基的单点替换。以上都不是性质实验结果。
A1BIE,LYS,second-pass-resolved,最大公共子结构覆盖母体100%、衍生物67%；得到唯一差异解释,新增4个C、1个O；新增部分连接到母体原子4（N）,,1.0,0.6667,1,二次核验用于解释结构差异；semantic-resolved表示化学改造区域已确定但不强行指定等价原子序号；complex-transformation-resolved表示该构件属于成环或骨架重构，不适合写成一个天然残基的单点替换。以上都不是性质实验结果。
C1J,ARG,second-pass-resolved,最大公共子结构覆盖母体100%、衍生物57%；得到唯一差异解释,新增8个C、1个H；新增部分连接到母体原子11（N）、母体原子12（N）,,1.0,0.5714,1,二次核验用于解释结构差异；semantic-resolved表示化学改造区域已确定但不强行指定等价原子序号；complex-transformation-resolved表示该构件属于成环或骨架重构，不适合写成一个天然残基的单点替换。以上都不是性质实验结果。
C4G,ARG,second-pass-resolved,最大公共子结构覆盖母体100%、衍生物71%；得到唯一差异解释,新增3个C、1个H、1个N；新增部分连接到母体原子11（N）、母体原子12（N）,,1.0,0.7059,1,二次核验用于解释结构差异；semantic-resolved表示化学改造区域已确定但不强行指定等价原子序号；complex-transformation-resolved表示该构件属于成环或骨架重构，不适合写成一个天然残基的单点替换。以上都不是性质实验结果。
ZT1,LYS,second-pass-resolved,最大公共子结构覆盖母体100%、衍生物50%；得到唯一差异解释,新增8个C、2个N；新增部分连接到母体原子4（N）,,1.0,0.5,1,二次核验用于解释结构差异；semantic-resolved表示化学改造区域已确定但不强行指定等价原子序号；complex-transformation-resolved表示该构件属于成环或骨架重构，不适合写成一个天然残基的单点替换。以上都不是性质实验结果。
AVJ,HIS,second-pass-resolved,最大公共子结构覆盖母体100%、衍生物79%；得到唯一差异解释,新增3个C；新增部分连接到母体原子11（N）,,1.0,0.7857,1,二次核验用于解释结构差异；semantic-resolved表示化学改造区域已确定但不强行指定等价原子序号；complex-transformation-resolved表示该构件属于成环或骨架重构，不适合写成一个天然残基的单点替换。以上都不是性质实验结果。
SDB,SER,complex-transformation-resolved,已结合官方CCD化学名称与结构叠合完成化学区域消歧；不再强行选择对称或等价原子的序号,新增5个C、2个N、2个O；母体中少了1个C、2个O；新增部分连接到母体原子2（C）,丝氨酸型骨架扩展并与胍基片段分子内成环，形成四氢嘧啶羧酸,0.5714,0.3077,1,二次核验用于解释结构差异；semantic-resolved表示化学改造区域已确定但不强行指定等价原子序号；complex-transformation-resolved表示该构件属于成环或骨架重构，不适合写成一个天然残基的单点替换。以上都不是性质实验结果。
