"ccd_id","name","natural_parents","primary_parent","status","reason","match_count","added_elements","delta_exact_mw","delta_hbd","delta_hba","delta_tpsa","delta_clogp","delta_rotatable_bonds","delta_rings","evidence_boundary"
"02K","1-aminocyclohexanecarboxylic acid","ALA","ALA","auto-structure-difference","天然母体完整保留；检测到新增4个C（C连接到C）","2","{""C"":4}","54.047","0","0","0","1.314","0","1","结构差异和分子描述符由RDKit计算，不是溶解度、渗透性、稳定性或口服吸收的实验结果。"
"02L","N-(2,2-dimethylpropyl)-L-asparagine","ASN","ASN","auto-structure-difference","天然母体完整保留；检测到新增5个C（C连接到N）","1","{""C"":5}","70.078","0","0","-13.99","1.677","1","0","结构差异和分子描述符由RDKit计算，不是溶解度、渗透性、稳定性或口服吸收的实验结果。"
"02O","3-(3-tert-butyl-1,2,4-oxadiazol-5-yl)-L-alanine","ALA","ALA","auto-structure-difference","天然母体完整保留；检测到新增6个C、2个N、1个O（C连接到C）","1","{""C"":6,""N"":2,""O"":1}","124.064","0","3","38.92","0.903","2","1","结构差异和分子描述符由RDKit计算，不是溶解度、渗透性、稳定性或口服吸收的实验结果。"
"02Y","6-diazonio-5-oxo-L-norleucine","ALA","ALA","auto-structure-difference","天然母体完整保留；检测到新增3个C、2个N、1个O（C连接到C）","1","{""C"":3,""N"":2,""O"":1}","83.024","0","2","45.22","0.182","4","0","结构差异和分子描述符由RDKit计算，不是溶解度、渗透性、稳定性或口服吸收的实验结果。"
"037","(1S,3aR,6aS)-octahydrocyclopenta[c]pyrrole-1-carboxylic acid","PRO","PRO","auto-structure-difference","天然母体完整保留；检测到新增3个C（C连接到C）","1","{""C"":3}","40.031","0","0","0","0.636","0","1","结构差异和分子描述符由RDKit计算，不是溶解度、渗透性、稳定性或口服吸收的实验结果。"
"03Y","2-methyl-L-cysteine","CYS","CYS","auto-structure-difference","天然母体完整保留；检测到新增1个C（C连接到C）","1","{""C"":1}","14.016","0","0","0","0.39","0","0","结构差异和分子描述符由RDKit计算，不是溶解度、渗透性、稳定性或口服吸收的实验结果。"
"04U","azanylidene-[(3S,5S)-5-carboxypyrrolidin-3-yl]imino-azanium","PRO","PRO","auto-structure-difference","天然母体完整保留；检测到新增3个N（N连接到C）","1","{""N"":3}","42.009","1","2","50.31","-0.471","1","0","结构差异和分子描述符由RDKit计算，不是溶解度、渗透性、稳定性或口服吸收的实验结果。"
"04V","(2S)-pyrrolidine-2-carboximidic acid","PRO","PRO","manual-review","完整天然母体不是衍生物的直接子结构，可能涉及原子替换、断键、成环或立体化学边界","","","-0.984","1","0","6.78","0.451","0","0",""
"05N","(3R,4R)-4-hydroxy-3-methyl-L-proline","PRO","PRO","auto-structure-difference","天然母体完整保留；检测到新增1个C、1个O（C连接到C；O连接到C）","1","{""C"":1,""O"":1}","30.011","1","1","20.23","-0.783","0","0","结构差异和分子描述符由RDKit计算，不是溶解度、渗透性、稳定性或口服吸收的实验结果。"
"07O","S-[(2S)-2-phenylpropanoyl]-L-cysteine","CYS","CYS","auto-structure-difference","天然母体完整保留；检测到新增9个C、1个O（C连接到S）","1","{""C"":9,""O"":1}","132.058","-1","1","17.07","2.134","3","1","结构差异和分子描述符由RDKit计算，不是溶解度、渗透性、稳定性或口服吸收的实验结果。"
"0A0","2-methyl-L-aspartic acid","ASP","ASP","auto-structure-difference","天然母体完整保留；检测到新增1个C（C连接到C）","1","{""C"":1}","14.016","0","0","0","0.39","0","0","结构差异和分子描述符由RDKit计算，不是溶解度、渗透性、稳定性或口服吸收的实验结果。"
"0A1","O-methyl-L-tyrosine","TYR","TYR","auto-structure-difference","天然母体完整保留；检测到新增1个C（C连接到O）","1","{""C"":1}","14.016","-1","0","-11","0.303","1","0","结构差异和分子描述符由RDKit计算，不是溶解度、渗透性、稳定性或口服吸收的实验结果。"
"0A2","[(1R)-1,5-diaminopentyl][bis(ethanolato)]hydroxyborate(1-)","LYS","LYS","manual-review","完整天然母体不是衍生物的直接子结构，可能涉及原子替换、断键、成环或立体化学边界","","","72.076","0","3","-0.23","1.176","4","0",""
"0A8","S-[(2-chloroethyl)carbamoyl]-L-cysteine","CYS","CYS","auto-structure-difference","天然母体完整保留；检测到新增3个C、1个Cl、1个N、1个O（C连接到S）","1","{""C"":3,""Cl"":1,""N"":1,""O"":1}","104.998","0","1","29.1","0.752","3","0","结构差异和分子描述符由RDKit计算，不是溶解度、渗透性、稳定性或口服吸收的实验结果。"
"0A9","methyl L-phenylalaninate","PHE","PHE","auto-structure-difference","天然母体完整保留；检测到新增1个C（C连接到O）","1","{""C"":1}","14.016","-1","1","-11","0.088","0","0","结构差异和分子描述符由RDKit计算，不是溶解度、渗透性、稳定性或口服吸收的实验结果。"
"0AB","(3S,4S)-3-amino-4-methyl-3,4-dihydro-2H-pyran-2-one","VAL","VAL","auto-structure-difference","天然母体完整保留；检测到新增1个C（C连接到C；C连接到O）","1","{""C"":1}","9.984","-1","1","-11","-0.034","-2","1","结构差异和分子描述符由RDKit计算，不是溶解度、渗透性、稳定性或口服吸收的实验结果。"
"0AF","7-hydroxy-L-tryptophan","TRP","TRP","auto-structure-difference","天然母体完整保留；检测到新增1个O（O连接到C）","1","{""O"":1}","15.995","1","1","20.23","-0.294","0","0","结构差异和分子描述符由RDKit计算，不是溶解度、渗透性、稳定性或口服吸收的实验结果。"
"0AH","O-(bromoacetyl)-L-serine","SER","SER","auto-structure-difference","天然母体完整保留；检测到新增1个Br、2个C、1个O（C连接到O）","1","{""Br"":1,""C"":2,""O"":1}","119.921","-1","1","6.07","0.946","2","0","结构差异和分子描述符由RDKit计算，不是溶解度、渗透性、稳定性或口服吸收的实验结果。"
"0AK","(2S)-2-amino-4-(2-chloroethoxy)-4-oxobutanoic acid","ASP","ASP","auto-structure-difference","天然母体完整保留；检测到新增2个C、1个Cl（C连接到O）","1","{""C"":2,""Cl"":1}","61.992","-1","1","-11","0.697","2","0","结构差异和分子描述符由RDKit计算，不是溶解度、渗透性、稳定性或口服吸收的实验结果。"
"0AR","N-[N-[(4S)-4-azanyl-5-hydroxy-5-oxo-pentyl]carbamimidoyl]ethanamide","ARG","ARG","manual-review","完整天然母体不是衍生物的直接子结构，可能涉及原子替换、断键、成环或立体化学边界","","","41.003","0","2","1.34","1.997","0","0",""
"0BN","4-carbamimidoyl-L-phenylalanine","PHE","PHE","auto-structure-difference","天然母体完整保留；检测到新增1个C、1个H、2个N（C连接到C）","1","{""C"":1,""H"":1,""N"":2}","42.022","2","1","49.87","-0.716","1","0","结构差异和分子描述符由RDKit计算，不是溶解度、渗透性、稳定性或口服吸收的实验结果。"
"0CS","3-[(S)-HYDROPEROXYSULFINYL]-L-ALANINE","ALA","ALA","auto-structure-difference","天然母体完整保留；检测到新增3个O、1个S（S连接到C）","1","{""O"":3,""S"":1}","79.957","1","3","46.53","-0.867","3","0","结构差异和分子描述符由RDKit计算，不是溶解度、渗透性、稳定性或口服吸收的实验结果。"
"0E5","(2S,3R)-2-azanyl-3-methyl-3-oxidanyl-pentanoic acid","THR","THR","manual-review","母体在衍生物中存在多个不一致映射，需要人工确认修饰位置","2","{""C"":2}","28.031","0","0","0","0.78","1","0","结构差异和分子描述符由RDKit计算，不是溶解度、渗透性、稳定性或口服吸收的实验结果。"
"0EA","(betaR)-beta,3-dihydroxy-N-methyl-L-tyrosine","TYR","TYR","auto-structure-difference","天然母体完整保留；检测到新增1个C、2个O（C连接到N；O连接到C）","1","{""C"":1,""O"":2}","46.005","2","2","26.47","-0.543","1","0","结构差异和分子描述符由RDKit计算，不是溶解度、渗透性、稳定性或口服吸收的实验结果。"
"0FL","3-amino-N-formyl-L-alanine","ALA","ALA","auto-structure-difference","天然母体完整保留；检测到新增1个C、1个N、1个O（C连接到N；N连接到C）","1","{""C"":1,""N"":1,""O"":1}","43.006","1","1","29.1","-1.274","3","0","结构差异和分子描述符由RDKit计算，不是溶解度、渗透性、稳定性或口服吸收的实验结果。"
"0LF","(4R)-4-(4-phenylbutoxy)-L-proline","PRO","PRO","auto-structure-difference","天然母体完整保留；检测到新增10个C、1个O（O连接到C）","1","{""C"":10,""O"":1}","148.089","0","1","9.23","2.018","6","1","结构差异和分子描述符由RDKit计算，不是溶解度、渗透性、稳定性或口服吸收的实验结果。"
"0PR","N-({3-hydroxy-2-methyl-5-[(phosphonooxy)methyl]pyridin-4-yl}methyl)-L-tyrosine","TYR","TYR","auto-structure-difference","天然母体完整保留；检测到新增8个C、1个N、5个O、1个P（C连接到N）","1","{""C"":8,""N"":1,""O"":5,""P"":1}","231.03","3","4","85.89","0.849","6","1","结构差异和分子描述符由RDKit计算，不是溶解度、渗透性、稳定性或口服吸收的实验结果。"
"0QL","3-[(2-aminoethyl)disulfanyl]-L-alanine","CYS","CYS","auto-structure-difference","天然母体完整保留；检测到新增2个C、1个N、1个S（S连接到S）","1","{""C"":2,""N"":1,""S"":1}","75.014","0","2","26.02","0.41","4","0","结构差异和分子描述符由RDKit计算，不是溶解度、渗透性、稳定性或口服吸收的实验结果。"
"0TD","(3S)-3-(methylsulfanyl)-L-aspartic acid","ASP","ASP","auto-structure-difference","天然母体完整保留；检测到新增1个C、1个S（S连接到C）","1","{""C"":1,""S"":1}","45.988","0","1","0","0.341","1","0","结构差异和分子描述符由RDKit计算，不是溶解度、渗透性、稳定性或口服吸收的实验结果。"
"0WZ","3-(1H-pyrazol-1-yl)-L-tyrosine","TYR","TYR","auto-structure-difference","天然母体完整保留；检测到新增3个C、2个N（N连接到C）","1","{""C"":3,""N"":2}","66.022","0","1","17.82","0.186","1","1","结构差异和分子描述符由RDKit计算，不是溶解度、渗透性、稳定性或口服吸收的实验结果。"
"0X9","N~2~-sulfamoyl-L-arginine","ARG","ARG","manual-review","完整天然母体不是衍生物的直接子结构，可能涉及原子替换、断键、成环或立体化学边界","","","77.966","1","2","44.43","0.654","2","0",""
"0Y8","(4R)-4-[(7-bromoisoquinolin-1-yl)oxy]-L-proline","PRO","PRO","auto-structure-difference","天然母体完整保留；检测到新增1个Br、9个C、1个N、1个O（O连接到C）","1","{""Br"":1,""C"":9,""N"":1,""O"":1}","220.948","0","2","22.12","2.368","2","2","结构差异和分子描述符由RDKit计算，不是溶解度、渗透性、稳定性或口服吸收的实验结果。"
"11Q","1-(cyclohexylmethyl)-L-proline","PRO","PRO","auto-structure-difference","天然母体完整保留；检测到新增7个C（C连接到N）","1","{""C"":7}","96.094","-1","0","-8.79","2.293","2","1","结构差异和分子描述符由RDKit计算，不是溶解度、渗透性、稳定性或口服吸收的实验结果。"
"11W","(4R)-4-[(2E)-3-{4-[(E)-phenyldiazenyl]phenyl}prop-2-en-1-yl]-L-glutamic acid","GLU","GLU","auto-structure-difference","天然母体完整保留；检测到新增15个C、2个N（C连接到C）","1","{""C"":15,""N"":2}","220.1","0","2","24.72","4.745","5","2","结构差异和分子描述符由RDKit计算，不是溶解度、渗透性、稳定性或口服吸收的实验结果。"
"12L","(1R,2S,5S)-6,6-dimethyl-3-azabicyclo[3.1.0]hexane-2-carboxylic acid","PRO","PRO","auto-structure-difference","天然母体完整保留；检测到新增3个C（C连接到C）","1","{""C"":3}","40.031","0","0","0","0.492","0","1","结构差异和分子描述符由RDKit计算，不是溶解度、渗透性、稳定性或口服吸收的实验结果。"
"12X","(4R)-4-[(8-bromo-7-methoxy-2-{2-[(2-methylpropanoyl)amino]-1,3-thiazol-4-yl}quinolin-4-yl)oxy]-L-proline","PRO","PRO","auto-structure-difference","天然母体完整保留；检测到新增1个Br、17个C、3个N、3个O、1个S（O连接到C）","1","{""Br"":1,""C"":17,""N"":3,""O"":3,""S"":1}","418.994","1","6","73.34","4.095","6","3","结构差异和分子描述符由RDKit计算，不是溶解度、渗透性、稳定性或口服吸收的实验结果。"
"12Y","(4R)-4-[(7-methoxy-2-{2-[(2-methylpropanoyl)amino]-1,3-thiazol-4-yl}quinolin-4-yl)oxy]-L-proline","PRO","PRO","auto-structure-difference","天然母体完整保留；检测到新增17个C、3个N、3个O、1个S（O连接到C）","1","{""C"":17,""N"":3,""O"":3,""S"":1}","341.083","1","6","73.34","3.332","6","3","结构差异和分子描述符由RDKit计算，不是溶解度、渗透性、稳定性或口服吸收的实验结果。"
"143","S-2,3-DIHYDRO-5-GLYCIN-2-YL-ISOXAZOL-3-YL-CYSTEINE","CYS","CYS","auto-structure-difference","天然母体完整保留；检测到新增5个C、2个N、3个O（C连接到S）","1","{""C"":5,""N"":2,""O"":3}","142.038","2","4","84.58","-1.04","4","1","结构差异和分子描述符由RDKit计算，不是溶解度、渗透性、稳定性或口服吸收的实验结果。"
"1AC","1-AMINOCYCLOPROPANECARBOXYLIC ACID","ALA","ALA","auto-structure-difference","天然母体完整保留；检测到新增1个C（C连接到C）","2","{""C"":1}","12","0","0","0","0.144","0","1","结构差异和分子描述符由RDKit计算，不是溶解度、渗透性、稳定性或口服吸收的实验结果。"
"1L1","3-cyclohexyl-N-sulfamoyl-D-alanine","ALA","ALA","auto-structure-difference","天然母体完整保留；检测到新增6个C、1个N、2个O、1个S（C连接到C；S连接到N）","1","{""C"":6,""N"":1,""O"":2,""S"":1}","161.051","1","1","46.17","0.785","4","1","结构差异和分子描述符由RDKit计算，不是溶解度、渗透性、稳定性或口服吸收的实验结果。"
"1OP","O-(5-hydroxypentyl)-L-tyrosine","TYR","TYR","auto-structure-difference","天然母体完整保留；检测到新增5个C、1个O（C连接到O）","1","{""C"":5,""O"":1}","86.073","0","1","9.23","0.836","6","0","结构差异和分子描述符由RDKit计算，不是溶解度、渗透性、稳定性或口服吸收的实验结果。"
"1PA","4-(carboxymethyl)-L-phenylalanine","PHE","PHE","auto-structure-difference","天然母体完整保留；检测到新增2个C、2个O（C连接到C）","1","{""C"":2,""O"":2}","58.005","1","1","37.3","-0.373","2","0","结构差异和分子描述符由RDKit计算，不是溶解度、渗透性、稳定性或口服吸收的实验结果。"
"1PI","(3R)-3-[(2S)-2-amino-3-oxopropyl]piperidine-1-carboximidamide","ALA","ALA","manual-review","完整天然母体不是衍生物的直接子结构，可能涉及原子替换、断键、成环或立体化学边界","","","109.1","1","1","32.88","0.09","2","1",""
"1TQ","6-(FORMYLAMINO)-7-HYDROXY-L-TRYPTOPHAN","TRP","TRP","auto-structure-difference","天然母体完整保留；检测到新增1个C、1个N、2个O（O连接到C；N连接到C）","1","{""C"":1,""N"":1,""O"":2}","59.001","2","2","49.33","-0.726","2","0","结构差异和分子描述符由RDKit计算，不是溶解度、渗透性、稳定性或口服吸收的实验结果。"
"1TY","3-{(3E)-4-HYDROXY-6-OXO-3-[(2-PHENYLETHYL)IMINO]CYCLOHEXA-1,4-DIEN-1-YL}ALANINE","TYR","TYR","manual-review","完整天然母体不是衍生物的直接子结构，可能涉及原子替换、断键、成环或立体化学边界","","","133.053","0","2","29.43","1.077","3","1",""
"1X6","O-[(2E)-3-AMINOPROP-2-ENOYL]-L-SERINE","SER","SER","auto-structure-difference","天然母体完整保留；检测到新增3个C、1个N、1个O（C连接到O）","1","{""C"":3,""N"":1,""O"":1}","69.021","0","2","32.09","0.023","2","0","结构差异和分子描述符由RDKit计算，不是溶解度、渗透性、稳定性或口服吸收的实验结果。"
"200","4-CHLORO-L-PHENYLALANINE","PHE","PHE","auto-structure-difference","天然母体完整保留；检测到新增1个Cl（Cl连接到C）","1","{""Cl"":1}","33.961","0","0","0","0.653","0","0","结构差异和分子描述符由RDKit计算，不是溶解度、渗透性、稳定性或口服吸收的实验结果。"
"23F","(2Z)-2-AMINO-3-PHENYLACRYLIC ACID","PHE","PHE","manual-review","完整天然母体不是衍生物的直接子结构，可能涉及原子替换、断键、成环或立体化学边界","","","-2.016","0","0","0","0.43","-1","0",""
"23P","3-(propanoylamino)-L-alanine","ALA","ALA","auto-structure-difference","天然母体完整保留；检测到新增3个C、1个N、1个O（N连接到C）","1","{""C"":3,""N"":1,""O"":1}","71.037","1","1","29.1","-0.494","3","0","结构差异和分子描述符由RDKit计算，不是溶解度、渗透性、稳定性或口服吸收的实验结果。"
"28X","O-[(R)-{[(3R)-3,4-dihydroxybutyl]oxy}(hydroxy)phosphoryl]-L-threonine","THR","THR","auto-structure-difference","天然母体完整保留；检测到新增4个C、5个O、1个P（P连接到O）","1","{""C"":4,""O"":5,""P"":1}","168.019","2","4","75.99","-0.115","7","0","结构差异和分子描述符由RDKit计算，不是溶解度、渗透性、稳定性或口服吸收的实验结果。"
"2AG","(2S)-2-aminopent-4-enoic acid","ALA","ALA","auto-structure-difference","天然母体完整保留；检测到新增2个C（C连接到C）","1","{""C"":2}","26.016","0","0","0","0.556","2","0","结构差异和分子描述符由RDKit计算，不是溶解度、渗透性、稳定性或口服吸收的实验结果。"
"2CO","S-HYDROPEROXYCYSTEINE","CYS","CYS","auto-structure-difference","天然母体完整保留；检测到新增2个O（O连接到S）","1","{""O"":2}","31.99","0","2","29.46","0.208","2","0","结构差异和分子描述符由RDKit计算，不是溶解度、渗透性、稳定性或口服吸收的实验结果。"
"2FM","S-(DIFLUOROMETHYL)HOMOCYSTEINE","MET","MET","auto-structure-difference","天然母体完整保留；检测到新增2个F（F连接到C）","1","{""F"":2}","35.981","0","0","0","0.593","1","0","结构差异和分子描述符由RDKit计算，不是溶解度、渗透性、稳定性或口服吸收的实验结果。"
"2GX","beta-phenyl-L-phenylalanine","PHE","PHE","auto-structure-difference","天然母体完整保留；检测到新增6个C（C连接到C）","2","{""C"":6}","76.031","0","0","0","1.589","1","1","结构差异和分子描述符由RDKit计算，不是溶解度、渗透性、稳定性或口服吸收的实验结果。"
"2HF","2-fluoro-L-histidine","HIS","HIS","auto-structure-difference","天然母体完整保留；检测到新增1个F（F连接到C）","1","{""F"":1}","17.991","0","0","0","0.139","0","0","结构差异和分子描述符由RDKit计算，不是溶解度、渗透性、稳定性或口服吸收的实验结果。"
"2JG","(2S)-2-amino-3-oxopropyl hexanoate","SER","SER","manual-review","完整天然母体不是衍生物的直接子结构，可能涉及原子替换、断键、成环或立体化学边界","","","82.078","-2","1","-14.16","2.245","5","0",""
"2KK","N~6~-(4-fluorobenzoyl)-L-lysine","LYS","LYS","manual-review","完整天然母体不是衍生物的直接子结构，可能涉及原子替换、断键、成环或立体化学边界","","","121.01","0","1","1.46","2.327","2","1",""
"2KP","N~6~-(4-bromobenzoyl)-L-lysine","LYS","LYS","manual-review","完整天然母体不是衍生物的直接子结构，可能涉及原子替换、断键、成环或立体化学边界","","","180.929","0","1","1.46","2.951","2","1",""
"2LT","3,5-dichloro-L-tyrosine","TYR","TYR","auto-structure-difference","天然母体完整保留；检测到新增2个Cl（Cl连接到C）","1","{""Cl"":2}","67.922","0","0","0","1.307","0","0","结构差异和分子描述符由RDKit计算，不是溶解度、渗透性、稳定性或口服吸收的实验结果。"
"2ML","2-METHYLLEUCINE","LEU","LEU","auto-structure-difference","天然母体完整保留；检测到新增1个C（C连接到C）","1","{""C"":1}","14.016","0","0","0","0.39","0","0","结构差异和分子描述符由RDKit计算，不是溶解度、渗透性、稳定性或口服吸收的实验结果。"
"2MR","N3, N4-DIMETHYLARGININE","ARG","ARG","manual-review","完整天然母体不是衍生物的直接子结构，可能涉及原子替换、断键、成环或立体化学边界","","","27.024","-1","1","-27.22","2.131","0","0",""
"2MT","(4R)-2,2-DIMETHYL-1,3-THIAZOLIDINE-4-CARBOXYLIC ACID","PRO","PRO","manual-review","完整天然母体不是衍生物的直接子结构，可能涉及原子替换、断键、成环或立体化学边界","","","45.988","0","1","0","0.689","0","0",""
"2OR","amino{[(2R,3R,4S)-4-amino-2,3,5-trihydroxy-5-oxopentyl]amino}methaniminium","ARG","ARG","auto-structure-difference","天然母体完整保留；检测到新增2个O（O连接到C）","1","{""O"":2}","31.99","2","2","40.46","-2.058","0","0","结构差异和分子描述符由RDKit计算，不是溶解度、渗透性、稳定性或口服吸收的实验结果。"
"2P0","1-({[(S)-hydroxy(phosphonooxy)phosphoryl]oxy}acetyl)-L-proline","PRO","PRO","auto-structure-difference","天然母体完整保留；检测到新增2个C、8个O、2个P（C连接到N）","1","{""C"":2,""O"":8,""P"":2}","217.938","2","4","121.57","-0.535","5","0","结构差异和分子描述符由RDKit计算，不是溶解度、渗透性、稳定性或口服吸收的实验结果。"
"2QZ","N,N-dimethyl-L-threonine","THR","THR","auto-structure-difference","天然母体完整保留；检测到新增2个C（C连接到N）","1","{""C"":2}","28.031","-1","0","-22.78","0.603","1","0","结构差异和分子描述符由RDKit计算，不是溶解度、渗透性、稳定性或口服吸收的实验结果。"
"2R3","(betaR)-beta-hydroxy-O-methyl-L-tyrosine","TYR","TYR","auto-structure-difference","天然母体完整保留；检测到新增1个C、1个O（C连接到O；O连接到C）","1","{""C"":1,""O"":1}","30.011","0","1","9.23","-0.206","1","0","结构差异和分子描述符由RDKit计算，不是溶解度、渗透性、稳定性或口服吸收的实验结果。"
"2RA","3-amino-D-alanine","ALA","ALA","auto-structure-difference","天然母体完整保留；检测到新增1个N（N连接到C）","1","{""N"":1}","15.011","1","1","26.02","-1.061","1","0","结构差异和分子描述符由RDKit计算，不是溶解度、渗透性、稳定性或口服吸收的实验结果。"
"2RX","O-thiophosphono-L-serine","SER","SER","auto-structure-difference","天然母体完整保留；检测到新增2个O、1个P、1个S（P连接到O）","1","{""O"":2,""P"":1,""S"":1}","95.943","1","1","26.3","1.054","2","0","结构差异和分子描述符由RDKit计算，不是溶解度、渗透性、稳定性或口服吸收的实验结果。"
"2SO","3-{3-[(3R)-3,4-dihydroxybutyl]-1-(8-phenyloctyl)-1H-imidazol-3-ium-5-yl}-L-alanine","HIS","HIS","manual-review","完整天然母体不是衍生物的直接子结构，可能涉及原子替换、断键、成环或立体化学边界","","","276.209","1","2","19.34","3.273","13","1",""
"2TY","2-HYDROXY-5-{[(1E)-2-PHENYLETHYLIDENE]AMINO}-L-TYROSINE","TYR","TYR","auto-structure-difference","天然母体完整保留；检测到新增8个C、1个N、1个O（N连接到C；O连接到C）","1","{""C"":8,""N"":1,""O"":1}","133.053","1","2","32.59","1.651","3","1","结构差异和分子描述符由RDKit计算，不是溶解度、渗透性、稳定性或口服吸收的实验结果。"
"2VA","2'-(L-VALYL)AMINO-2'-DEOXYADENOSINE","VAL","VAL","manual-review","完整天然母体不是衍生物的直接子结构，可能涉及原子替换、断键、成环或立体化学边界","","","248.102","3","7","111.11","-1.927","3","3",""
"2XA","(2R)-2-AMINO-3-[(4-CHLOROPHENYL)-DIPHENYL-METHYL]SULFANYL-PROPANOIC ACID","CYS","CYS","auto-structure-difference","天然母体完整保留；检测到新增19个C、1个Cl（C连接到S）","1","{""C"":19,""Cl"":1}","276.071","-1","0","0","5.449","5","3","结构差异和分子描述符由RDKit计算，不是溶解度、渗透性、稳定性或口服吸收的实验结果。"
"2ZC","O-{[4-(2-aminoethyl)phenyl]sulfonyl}-L-serine","SER","SER","auto-structure-difference","天然母体完整保留；检测到新增8个C、1个N、2个O、1个S（S连接到O）","1","{""C"":8,""N"":1,""O"":2,""S"":1}","183.035","0","3","49.16","0.914","5","1","结构差异和分子描述符由RDKit计算，不是溶解度、渗透性、稳定性或口服吸收的实验结果。"
"30F","(2Z)-2-amino-3-selanylprop-2-enoic acid","SEC","SEC","manual-review","完整天然母体不是衍生物的直接子结构，可能涉及原子替换、断键、成环或立体化学边界","","","-2.016","0","0","0","0.054","-1","0",""
"30V","S-[(2-carbamoylphenyl)selanyl]-L-cysteine","CYS","CYS","auto-structure-difference","天然母体完整保留；检测到新增7个C、1个N、1个O、1个Se（Se连接到S）","1","{""C"":7,""N"":1,""O"":1,""Se"":1}","198.954","0","1","43.09","-0.153","4","1","结构差异和分子描述符由RDKit计算，不是溶解度、渗透性、稳定性或口服吸收的实验结果。"
"31Q","(4-carboxyphenyl)(L-cysteinato-kappaS~3~)mercury","CYS","CYS","auto-structure-difference","天然母体完整保留；检测到新增7个C、2个O、1个Z80（Z80连接到S）","1","{""C"":7,""O"":2,""Z80"":1}","321.992","0","1","37.3","0.825","4","1","结构差异和分子描述符由RDKit计算，不是溶解度、渗透性、稳定性或口服吸收的实验结果。"
"32S","6-Seleno-tryptophan","TRP","TRP","manual-review","完整天然母体不是衍生物的直接子结构，可能涉及原子替换、断键、成环或立体化学边界","","","53.901","0","0","0","-0.943","0","0",""
"32T","(S)-2-AMINO-3-(4H-THIENO[3,2-B]-PYRROL-6-YL)-PROPIONIC ACID","TRP","TRP","manual-review","完整天然母体不是衍生物的直接子结构，可能涉及原子替换、断键、成环或立体化学边界","","","5.956","0","1","0","0.061","0","0",""
"33S","3-iodo-L-phenylalanine","PHE","PHE","auto-structure-difference","天然母体完整保留；检测到新增1个I（I连接到C）","1","{""I"":1}","125.897","0","0","0","0.605","0","0","结构差异和分子描述符由RDKit计算，不是溶解度、渗透性、稳定性或口服吸收的实验结果。"
"33W","3-(5-bromothiophen-2-yl)-L-alanine","ALA","ALA","auto-structure-difference","天然母体完整保留；检测到新增1个Br、4个C、1个S（C连接到C）","1","{""Br"":1,""C"":4,""S"":1}","159.898","0","1","0","2.047","2","1","结构差异和分子描述符由RDKit计算，不是溶解度、渗透性、稳定性或口服吸收的实验结果。"
"34E","(3R)-4-[4-(2-methoxyethyl)piperazin-1-yl]-N-methyl-L-valine","VAL","VAL","auto-structure-difference","天然母体完整保留；检测到新增8个C、2个N、1个O（N连接到C；C连接到N）","1","{""C"":8,""N"":2,""O"":1}","156.126","0","3","1.72","-0.495","6","1","结构差异和分子描述符由RDKit计算，不是溶解度、渗透性、稳定性或口服吸收的实验结果。"
"3AH","[HISTIDIN-1-YL-4H-[1,2,4]TRIAZOL-5-YL]-AMINE","HIS","HIS","manual-review","完整天然母体不是衍生物的直接子结构，可能涉及原子替换、断键、成环或立体化学边界","","","81.021","1","4","55.48","-0.256","1","1",""
"3BY","1-methyl-L-proline","PRO","PRO","auto-structure-difference","天然母体完整保留；检测到新增1个C（C连接到N）","1","{""C"":1}","14.016","-1","0","-8.79","0.342","0","0","结构差异和分子描述符由RDKit计算，不是溶解度、渗透性、稳定性或口服吸收的实验结果。"
"3CF","3-cyano-L-phenylalanine","PHE","PHE","auto-structure-difference","天然母体完整保留；检测到新增1个C、1个N（C连接到C）","1","{""C"":1,""N"":1}","24.995","0","1","23.79","-0.128","0","0","结构差异和分子描述符由RDKit计算，不是溶解度、渗透性、稳定性或口服吸收的实验结果。"
"3CT","3-chloro-L-tyrosine","TYR","TYR","auto-structure-difference","天然母体完整保留；检测到新增1个Cl（Cl连接到C）","1","{""Cl"":1}","33.961","0","0","0","0.653","0","0","结构差异和分子描述符由RDKit计算，不是溶解度、渗透性、稳定性或口服吸收的实验结果。"
"3GA","(3S)-3-[(2S)-2-amino-3-oxopropyl]piperidine-1-carboximidamide","ALA","ALA","manual-review","完整天然母体不是衍生物的直接子结构，可能涉及原子替换、断键、成环或立体化学边界","","","109.1","1","1","32.88","0.09","2","1",""
"3GL","(2S,4S)-2-amino-4-hydroxy-pentanedioic acid","GLU","GLU","auto-structure-difference","天然母体完整保留；检测到新增1个O（O连接到C）","1","{""O"":1}","15.995","1","1","20.23","-1.029","0","0","结构差异和分子描述符由RDKit计算，不是溶解度、渗透性、稳定性或口服吸收的实验结果。"
"3MY","3-chloro-D-tyrosine","TYR","TYR","auto-structure-difference","天然母体完整保留；检测到新增1个Cl（Cl连接到C）","1","{""Cl"":1}","33.961","0","0","0","0.653","0","0","结构差异和分子描述符由RDKit计算，不是溶解度、渗透性、稳定性或口服吸收的实验结果。"
"3NF","N-acetyl-L-tyrosine","TYR","TYR","auto-structure-difference","天然母体完整保留；检测到新增2个C、1个O（C连接到N）","1","{""C"":2,""O"":1}","42.011","0","0","3.08","0.177","1","0","结构差异和分子描述符由RDKit计算，不是溶解度、渗透性、稳定性或口服吸收的实验结果。"
"3O3","N-[(3S)-3-amino-3-carboxypropyl]-L-glutamic acid","GLU","GLU","auto-structure-difference","天然母体完整保留；检测到新增4个C、1个N、2个O（C连接到N）","1","{""C"":4,""N"":1,""O"":2}","101.048","2","2","49.33","-0.567","5","0","结构差异和分子描述符由RDKit计算，不是溶解度、渗透性、稳定性或口服吸收的实验结果。"
"3PX","(3S)-3-(propan-2-yloxy)-L-proline","PRO","PRO","auto-structure-difference","天然母体完整保留；检测到新增3个C、1个O（O连接到C）","1","{""C"":3,""O"":1}","58.042","0","1","9.23","0.403","2","0","结构差异和分子描述符由RDKit计算，不是溶解度、渗透性、稳定性或口服吸收的实验结果。"
"3QN","(E)-N~6~-{2-hydroxy-3-methyl-6-[(phosphonooxy)methyl]benzylidene}-L-lysine","LYS","LYS","manual-review","完整天然母体不是衍生物的直接子结构，可能涉及原子替换、断键、成环或立体化学边界","","","227.011","2","4","71.71","2.5","5","1",""
"3TY","3-(Phenylhydrazono)-L-tyrosine","TYR","TYR","manual-review","完整天然母体不是衍生物的直接子结构，可能涉及原子替换、断键、成环或立体化学边界","","","134.048","1","3","41.46","0.539","3","1",""
"3WS","N,2-dimethyl-L-alanine","ALA","ALA","auto-structure-difference","天然母体完整保留；检测到新增2个C（C连接到C；C连接到N）","2","{""C"":2}","28.031","0","0","-13.99","0.651","1","0","结构差异和分子描述符由RDKit计算，不是溶解度、渗透性、稳定性或口服吸收的实验结果。"
"3X9","3-{[(1-hydroxy-2,2,5,5-tetramethyl-2,5-dihydro-1H-pyrrol-3-yl)methyl]disulfanyl}-L-alanine","CYS","CYS","auto-structure-difference","天然母体完整保留；检测到新增9个C、1个N、1个O、1个S（S连接到S）","1","{""C"":9,""N"":1,""O"":1,""S"":1}","185.087","0","3","23.47","2.64","4","1","结构差异和分子描述符由RDKit计算，不是溶解度、渗透性、稳定性或口服吸收的实验结果。"
"3XH","3-Hydroxyhippuric acid","GLY","GLY","auto-structure-difference","天然母体完整保留；检测到新增7个C、2个O（C连接到N）","1","{""C"":7,""O"":2}","120.021","1","1","23.31","1.177","2","1","结构差异和分子描述符由RDKit计算，不是溶解度、渗透性、稳定性或口服吸收的实验结果。"
"3YM","3-methoxy-L-tyrosine","TYR","TYR","auto-structure-difference","天然母体完整保留；检测到新增1个C、1个O（O连接到C）","1","{""C"":1,""O"":1}","30.011","0","1","9.23","0.009","1","0","结构差异和分子描述符由RDKit计算，不是溶解度、渗透性、稳定性或口服吸收的实验结果。"
"3ZH","11-{4-[(2S)-2-amino-2-carboxyethyl]-3-(8-phenyloctyl)-2,3-dihydro-1H-imidazol-1-yl}undecanoic acid","HIS","HIS","manual-review","完整天然母体不是衍生物的直接子结构，可能涉及原子替换、断键、成环或立体化学边界","","","373.311","0","3","13.85","7.6","20","1",""
"41H","(betaS)-beta-methyl-L-phenylalanine","PHE","PHE","auto-structure-difference","天然母体完整保留；检测到新增1个C（C连接到C）","1","{""C"":1}","14.016","0","0","0","0.561","0","0","结构差异和分子描述符由RDKit计算，不是溶解度、渗透性、稳定性或口服吸收的实验结果。"
"41Q","4-imino-L-homoserine","ASN","ASN","manual-review","完整天然母体不是衍生物的直接子结构，可能涉及原子替换、断键、成环或立体化学边界","","","0","1","0","0.99","1.05","0","0",""
"432","O-butanoyl-L-serine","SER","SER","auto-structure-difference","天然母体完整保留；检测到新增4个C、1个O（C连接到O）","1","{""C"":4,""O"":1}","70.042","-1","1","6.07","1.351","3","0","结构差异和分子描述符由RDKit计算，不是溶解度、渗透性、稳定性或口服吸收的实验结果。"
"4AF","4-ACETYL-L-PHENYLALANINE","PHE","PHE","auto-structure-difference","天然母体完整保留；检测到新增2个C、1个O（C连接到C）","1","{""C"":2,""O"":1}","42.011","0","1","17.07","0.203","1","0","结构差异和分子描述符由RDKit计算，不是溶解度、渗透性、稳定性或口服吸收的实验结果。"
"4AK","N~6~-sulfo-L-lysine","LYS","LYS","manual-review","完整天然母体不是衍生物的直接子结构，可能涉及原子替换、断键、成环或立体化学边界","","","78.95","1","2","38.76","0.15","2","0",""
"4AR","amino({(4S)-4-amino-6-[(2,6-dimethylbenzoyl)oxy]-5-oxohexyl}amino)methaniminium","ARG","ARG","manual-review","完整天然母体不是衍生物的直接子结构，可能涉及原子替换、断键、成环或立体化学边界","","","146.073","-1","2","6.07","1.958","3","1",""
"4AW","4-AZATRYPTOPHAN","TRP","TRP","manual-review","完整天然母体不是衍生物的直接子结构，可能涉及原子替换、断键、成环或立体化学边界","","","0.995","0","1","12.89","-0.605","0","0",""
"4BF","4-BROMO-L-PHENYLALANINE","PHE","PHE","auto-structure-difference","天然母体完整保留；检测到新增1个Br（Br连接到C）","1","{""Br"":1}","77.911","0","0","0","0.762","0","0","结构差异和分子描述符由RDKit计算，不是溶解度、渗透性、稳定性或口服吸收的实验结果。"
"4CF","4-cyano-L-phenylalanine","PHE","PHE","auto-structure-difference","天然母体完整保留；检测到新增1个C、1个N（C连接到C）","1","{""C"":1,""N"":1}","24.995","0","1","23.79","-0.128","0","0","结构差异和分子描述符由RDKit计算，不是溶解度、渗透性、稳定性或口服吸收的实验结果。"
"4CY","nitrilo-L-methionine","MET","MET","auto-structure-difference","天然母体完整保留；检测到新增1个N（N连接到C）","1","{""N"":1}","10.98","0","1","23.79","-0.149","0","0","结构差异和分子描述符由RDKit计算，不是溶解度、渗透性、稳定性或口服吸收的实验结果。"
"4D4","(2S,3R)-2-azanyl-5-carbamimidamido-3-oxidanyl-pentanoic acid","ARG","ARG","manual-review","完整天然母体不是衍生物的直接子结构，可能涉及原子替换、断键、成环或立体化学边界","","","14.988","1","2","18.49","0.79","0","0",""
"4DP","3-[5-(DIMETHYLAMINO)-1,3-DIOXO-1,3-DIHYDRO-2H-ISOINDOL-2-YL]-L-ALANINE","TRP","TRP","manual-review","完整天然母体不是衍生物的直接子结构，可能涉及原子替换、断键、成环或立体化学边界","","","73.016","-1","3","24.83","-1.362","1","0",""
"4FB","(4S)-4-FLUORO-L-PROLINE","PRO","PRO","auto-structure-difference","天然母体完整保留；检测到新增1个F（F连接到C）","1","{""F"":1}","17.991","0","0","0","-0.052","0","0","结构差异和分子描述符由RDKit计算，不是溶解度、渗透性、稳定性或口服吸收的实验结果。"
"4FW","4-FLUOROTRYPTOPHANE","TRP","TRP","auto-structure-difference","天然母体完整保留；检测到新增1个F（F连接到C）","1","{""F"":1}","17.991","0","0","0","0.139","0","0","结构差异和分子描述符由RDKit计算，不是溶解度、渗透性、稳定性或口服吸收的实验结果。"
"4GJ","3-(pyridin-4-yldisulfanyl)-L-alanine","CYS","CYS","auto-structure-difference","天然母体完整保留；检测到新增5个C、1个N、1个S（S连接到S）","1","{""C"":5,""N"":1,""S"":1}","108.999","-1","2","12.89","1.906","3","1","结构差异和分子描述符由RDKit计算，不是溶解度、渗透性、稳定性或口服吸收的实验结果。"
"4HH","4'-phosphopanthetheine-serine","SER","SER","auto-structure-difference","天然母体完整保留；检测到新增11个C、2个N、6个O、1个P、1个S（P连接到O）","1","{""C"":11,""N"":2,""O"":6,""P"":1,""S"":1}","340.086","4","6","113.96","0.081","12","0","结构差异和分子描述符由RDKit计算，不是溶解度、渗透性、稳定性或口服吸收的实验结果。"
"4HJ","O-[(R)-hydroxy{[(3R)-3-hydroxy-4-{[3-({2-[(2-hydroxybenzoyl)sulfanyl]ethyl}amino)-3-oxopropyl]amino}-2,2-dimethyl-4-oxobutyl]oxy}phosphoryl]-L-serine","SER","SER","auto-structure-difference","天然母体完整保留；检测到新增18个C、2个N、8个O、1个P、1个S（P连接到O）","1","{""C"":18,""N"":2,""O"":8,""P"":1,""S"":1}","460.107","4","8","151.26","1.43","14","1","结构差异和分子描述符由RDKit计算，不是溶解度、渗透性、稳定性或口服吸收的实验结果。"
"4HL","(6E)-4-[(2S)-2-amino-2-carboxyethyl]-6-[2-(4-hydroxybenzyl)hydraziniumylidene]-3-oxocyclohexa-1,4-dien-1-olate","TYR","TYR","manual-review","完整天然母体不是衍生物的直接子结构，可能涉及原子替换、断键、成环或立体化学边界","","","150.043","2","3","66.13","-2.873","3","1",""
"4HT","4-HYDROXYTRYPTOPHAN","TRP","TRP","auto-structure-difference","天然母体完整保留；检测到新增1个O（O连接到C）","1","{""O"":1}","15.995","1","1","20.23","-0.294","0","0","结构差异和分子描述符由RDKit计算，不是溶解度、渗透性、稳定性或口服吸收的实验结果。"
"4II","(2~{S})-2-azanyl-3-(4-azidophenyl)propanoic acid","PHE","PHE","auto-structure-difference","天然母体完整保留；检测到新增3个N（N连接到C）","1","{""N"":3}","41.001","0","1","48.76","0.942","1","0","结构差异和分子描述符由RDKit计算，不是溶解度、渗透性、稳定性或口服吸收的实验结果。"
"4IN","4-AMINO-L-TRYPTOPHAN","TRP","TRP","auto-structure-difference","天然母体完整保留；检测到新增1个N（N连接到C）","1","{""N"":1}","15.011","1","1","26.02","-0.418","0","0","结构差异和分子描述符由RDKit计算，不是溶解度、渗透性、稳定性或口服吸收的实验结果。"
"4J4","S-(2-{[(2',4'-difluorobiphenyl-4-yl)methyl]amino}-2-oxoethyl)-L-cysteine","CYS","CYS","auto-structure-difference","天然母体完整保留；检测到新增15个C、2个F、1个N、1个O（C连接到S）","1","{""C"":15,""F"":2,""N"":1,""O"":1}","259.081","0","1","29.1","3.065","6","2","结构差异和分子描述符由RDKit计算，不是溶解度、渗透性、稳定性或口服吸收的实验结果。"
"4J5","amino{[(3S)-3-amino-3-carboxypropyl]amino}methaniminium","ARG","ARG","manual-review","完整天然母体不是衍生物的直接子结构，可能涉及原子替换、断键、成环或立体化学边界","","","-14.016","0","0","0","-0.39","-1","0",""
"4KY","(4R)-1-acetyl-4-(oct-7-en-1-yloxy)-L-proline","PRO","PRO","auto-structure-difference","天然母体完整保留；检测到新增10个C、2个O（C连接到N；O连接到C）","1","{""C"":10,""O"":2}","168.115","-1","1","17.51","2.39","8","0","结构差异和分子描述符由RDKit计算，不是溶解度、渗透性、稳定性或口服吸收的实验结果。"
"4L0","(4R)-1-acetyl-4-(hexyloxy)-L-proline","PRO","PRO","auto-structure-difference","天然母体完整保留；检测到新增8个C、2个O（O连接到C；C连接到N）","1","{""C"":8,""O"":2}","142.099","-1","1","17.51","1.834","6","0","结构差异和分子描述符由RDKit计算，不是溶解度、渗透性、稳定性或口服吸收的实验结果。"
"4LZ","O-[2-(triaza-1,2-dien-2-ium-1-yl)ethyl]-L-tyrosine","TYR","TYR","auto-structure-difference","天然母体完整保留；检测到新增2个C、3个N（C连接到O）","1","{""C"":2,""N"":3}","70.04","0","2","39.31","0.224","4","0","结构差异和分子描述符由RDKit计算，不是溶解度、渗透性、稳定性或口服吸收的实验结果。"
"4OG","3-(1-benzothiophen-3-yl)-L-alanine","TRP","TRP","manual-review","完整天然母体不是衍生物的直接子结构，可能涉及原子替换、断键、成环或立体化学边界","","","16.961","-1","1","-15.79","0.733","0","0",""
"4OU","4-(acryloylamino)-L-phenylalanine","PHE","PHE","auto-structure-difference","天然母体完整保留；检测到新增3个C、1个N、1个O（N连接到C）","1","{""C"":3,""N"":1,""O"":1}","69.021","1","1","29.1","0.124","2","0","结构差异和分子描述符由RDKit计算，不是溶解度、渗透性、稳定性或口服吸收的实验结果。"
"4OV","(2R)-2-[(1R)-2-[(2S)-2-amino-2-carboxyethoxy]-1-{[(2R)-2-amino-2-phenylacetyl]amino}-2-oxoethyl]-5-methyl-3,6-dihydro-2H-1,3-thiazine-4-carboxylic acid","SER","SER","auto-structure-difference","天然母体完整保留；检测到新增16个C、3个N、4个O、1个S（C连接到O）","1","{""C"":16,""N"":3,""O"":4,""S"":1}","347.094","3","6","110.52","0.757","7","2","结构差异和分子描述符由RDKit计算，不是溶解度、渗透性、稳定性或口服吸收的实验结果。"
"4PH","4-methyl-L-phenylalanine","PHE","PHE","auto-structure-difference","天然母体完整保留；检测到新增1个C（C连接到C）","1","{""C"":1}","14.016","0","0","0","0.308","0","0","结构差异和分子描述符由RDKit计算，不是溶解度、渗透性、稳定性或口服吸收的实验结果。"
"4PQ","5-hydroxy-L-tryptophan","TRP","TRP","auto-structure-difference","天然母体完整保留；检测到新增1个O（O连接到C）","1","{""O"":1}","15.995","1","1","20.23","-0.294","0","0","结构差异和分子描述符由RDKit计算，不是溶解度、渗透性、稳定性或口服吸收的实验结果。"
"4SJ","N,beta,beta-trimethyl-L-phenylalanine","PHE","PHE","auto-structure-difference","天然母体完整保留；检测到新增3个C（C连接到C；C连接到N）","1","{""C"":3}","42.047","0","0","-13.99","0.996","1","0","结构差异和分子描述符由RDKit计算，不是溶解度、渗透性、稳定性或口服吸收的实验结果。"
"4U7","[(5S)-5-amino-5-carboxy-6,6-difluorohexyl](trihydroxy)borate(1-)","ALA","ALA","manual-review","母体在衍生物中存在多个不一致映射，需要人工确认修饰位置","2","{""B"":1,""C"":4,""F"":2,""O"":3}","153.054","3","3","60.69","-0.298","6","0","结构差异和分子描述符由RDKit计算，不是溶解度、渗透性、稳定性或口服吸收的实验结果。"
"4WQ","(2S)-2-amino-7,7-dimethyloctanoic acid","ALA","ALA","auto-structure-difference","天然母体完整保留；检测到新增7个C（C连接到C）","1","{""C"":7}","98.11","0","0","0","2.587","4","0","结构差异和分子描述符由RDKit计算，不是溶解度、渗透性、稳定性或口服吸收的实验结果。"
"51T","2,3,6-trifluoro-L-tyrosine","TYR","TYR","auto-structure-difference","天然母体完整保留；检测到新增3个F（F连接到C）","1","{""F"":3}","53.972","0","0","0","0.417","0","0","结构差异和分子描述符由RDKit计算，不是溶解度、渗透性、稳定性或口服吸收的实验结果。"
"54C","(betaR)-beta-hydroxy-1-{2-[(2R)-oxiran-2-yl]propan-2-yl}-L-tryptophan","TRP","TRP","manual-review","完整天然母体不是衍生物的直接子结构，可能涉及原子替换、断键、成环或立体化学边界","","","100.052","0","2","21.9","0.098","2","1",""
"55I","4-(trifluoromethyl)-L-phenylalanine","PHE","PHE","auto-structure-difference","天然母体完整保留；检测到新增1个C、3个F（C连接到C）","1","{""C"":1,""F"":3}","67.987","0","0","0","1.019","0","0","结构差异和分子描述符由RDKit计算，不是溶解度、渗透性、稳定性或口服吸收的实验结果。"
"56A","3-(8-phenyloctyl)-L-histidine","HIS","HIS","manual-review","完整天然母体不是衍生物的直接子结构，可能涉及原子替换、断键、成环或立体化学边界","","","187.149","-1","1","-12.11","4.638","9","1",""
"5AB","[(5S)-5-amino-5-carboxyhexyl](trihydroxy)borate","ALA","ALA","manual-review","母体在衍生物中存在多个不一致映射，需要人工确认修饰位置","2","{""B"":1,""C"":4,""O"":3}","117.073","3","3","60.69","-0.544","5","0","结构差异和分子描述符由RDKit计算，不是溶解度、渗透性、稳定性或口服吸收的实验结果。"
"5CR","N-acetyl-L-phenylalanine","PHE","PHE","auto-structure-difference","天然母体完整保留；检测到新增2个C、1个O（C连接到N）","1","{""C"":2,""O"":1}","42.011","0","0","3.08","0.177","1","0","结构差异和分子描述符由RDKit计算，不是溶解度、渗透性、稳定性或口服吸收的实验结果。"
"5CS","2-AMINO-3-(CYSTEIN-S-YL)-ISOXAZOLIDIN-5-YL-ACETIC ACID","CYS","CYS","auto-structure-difference","天然母体完整保留；检测到新增5个C、2个N、3个O（C连接到S）","1","{""C"":5,""N"":2,""O"":3}","144.053","2","4","84.58","-1.165","4","1","结构差异和分子描述符由RDKit计算，不是溶解度、渗透性、稳定性或口服吸收的实验结果。"
"5CT","Hypusine","LYS","LYS","manual-review","完整天然母体不是衍生物的直接子结构，可能涉及原子替换、断键、成环或立体化学边界","","","86.061","2","3","30.64","0.057","5","0",""
"5CW","5-chloro-L-tryptophan","TRP","TRP","auto-structure-difference","天然母体完整保留；检测到新增1个Cl（Cl连接到C）","1","{""Cl"":1}","33.961","0","0","0","0.653","0","0","结构差异和分子描述符由RDKit计算，不是溶解度、渗透性、稳定性或口服吸收的实验结果。"
"5FQ","N-pentyl-L-alaninamide","ALA","ALA","manual-review","完整天然母体不是衍生物的直接子结构，可能涉及原子替换、断键、成环或立体化学边界","","","69.094","0","0","-8.2","1.222","4","0",""
"5GG","Deoxyhypusine","LYS","LYS","manual-review","完整天然母体不是衍生物的直接子结构，可能涉及原子替换、断键、成环或立体化学边界","","","70.066","1","2","10.41","1.087","5","0",""
"5GM","(4S)-2,4-dimethyl-L-norleucine","ILE","ILE","manual-review","完整天然母体不是衍生物的直接子结构，可能涉及原子替换、断键、成环或立体化学边界","","","28.031","0","0","0","0.78","1","0",""
"5MW","(2~{S})-5-[4-(aminomethyl)-1,2,3-triazol-1-yl]-2-azanyl-pentanoic acid","LYS","LYS","manual-review","完整天然母体不是衍生物的直接子结构，可能涉及原子替换、断键、成环或立体化学边界","","","66.01","0","3","29.09","0.118","1","1",""
"5OH","(2S)-amino[(4R,6S)-2-amino-6-hydroxy-3,4,5,6-tetrahydropyrimidin-4-yl]ethanoic acid","ALA","ALA","auto-structure-difference","天然母体完整保留；检测到新增3个C、3个N、1个O（C连接到C；N连接到C）","1","{""C"":3,""N"":3,""O"":1}","99.043","3","4","70.64","-2.025","1","1","结构差异和分子描述符由RDKit计算，不是溶解度、渗透性、稳定性或口服吸收的实验结果。"
"5OW","(2~{S})-2-azanyl-6-[[(~{Z})-~{C}-[2-methyl-3-oxidanyl-5-(phosphonooxymethyl)pyridin-4-yl]-~{N}-[(2~{R})-1-oxidanyl-1-oxidanylidene-3-sulfanyl-propan-2-yl]carbonimidoyl]amino]hexanoic acid","LYS","LYS","manual-review","完整天然母体不是衍生物的直接子结构，可能涉及原子替换、断键、成环或立体化学边界","","","347.011","5","7","133.93","1.196","8","1",""
"5PG","(2S)-(4-hydroxyphenyl)(methylamino)ethanoic acid","GLY","GLY","auto-structure-difference","天然母体完整保留；检测到新增7个C、1个O（C连接到N；C连接到C）","1","{""C"":7,""O"":1}","106.042","1","1","6.24","1.708","2","1","结构差异和分子描述符由RDKit计算，不是溶解度、渗透性、稳定性或口服吸收的实验结果。"
"5R5","methyl L-serinate","SER","SER","auto-structure-difference","天然母体完整保留；检测到新增1个C（C连接到O）","1","{""C"":1}","14.016","-1","1","-11","0.088","0","0","结构差异和分子描述符由RDKit计算，不是溶解度、渗透性、稳定性或口服吸收的实验结果。"
"5T3","N~6~-ethyl-N~6~-propan-2-yl-L-lysine","LYS","LYS","manual-review","完整天然母体不是衍生物的直接子结构，可能涉及原子替换、断键、成环或立体化学边界","","","69.071","-1","1","-24.4","2.488","3","0",""
"5VV","N-carbamoyl-L-Asparagine","ASN","ASN","auto-structure-difference","天然母体完整保留；检测到新增1个C、2个O（C连接到N）","1","{""C"":1,""O"":2}","43.99","1","0","23.31","0.309","1","0","结构差异和分子描述符由RDKit计算，不是溶解度、渗透性、稳定性或口服吸收的实验结果。"
"5XU","(2~{S})-2-azanylpropanal","ALA","ALA","manual-review","完整天然母体不是衍生物的直接子结构，可能涉及原子替换、断键、成环或立体化学边界","","","-15.995","-1","0","-20.23","0.114","0","0",""
"60F","(2~{R})-2-azanyl-3-[(~{E})-3-(4-hydroxyphenyl)prop-2-enoyl]sulfanyl-propanoic acid","CYS","CYS","auto-structure-difference","天然母体完整保留；检测到新增9个C、2个O（C连接到S）","1","{""C"":9,""O"":2}","146.037","0","2","37.3","1.749","3","1","结构差异和分子描述符由RDKit计算，不是溶解度、渗透性、稳定性或口服吸收的实验结果。"
"66D","(4R)-2,4-dimethyl-L-norleucine","ILE","ILE","manual-review","完整天然母体不是衍生物的直接子结构，可能涉及原子替换、断键、成环或立体化学边界","","","28.031","0","0","0","0.78","1","0",""
"6BR","threoninevanadate","THR","THR","auto-structure-difference","天然母体完整保留；检测到新增4个O、1个Z23（Z23连接到O）","1","{""O"":4,""Z23"":1}","113.917","-1","4","75.25","-3.2","2","0","结构差异和分子描述符由RDKit计算，不是溶解度、渗透性、稳定性或口服吸收的实验结果。"
"6CL","6-CARBOXYLYSINE","LYS","LYS","auto-structure-difference","天然母体完整保留；检测到新增1个C、2个O（C连接到C）","1","{""C"":1,""O"":2}","43.99","1","1","37.3","-0.547","1","0","结构差异和分子描述符由RDKit计算，不是溶解度、渗透性、稳定性或口服吸收的实验结果。"
"6CV","3-bromo-L-phenylalanine","PHE","PHE","auto-structure-difference","天然母体完整保留；检测到新增1个Br（Br连接到C）","1","{""Br"":1}","77.911","0","0","0","0.762","0","0","结构差异和分子描述符由RDKit计算，不是溶解度、渗透性、稳定性或口服吸收的实验结果。"
"6CW","6-CHLORO-L-TRYPTOPHAN","TRP","TRP","auto-structure-difference","天然母体完整保留；检测到新增1个Cl（Cl连接到C）","1","{""Cl"":1}","33.961","0","0","0","0.653","0","0","结构差异和分子描述符由RDKit计算，不是溶解度、渗透性、稳定性或口服吸收的实验结果。"
"6G4","4-oxononanoyl lysine","LYS","LYS","manual-review","完整天然母体不是衍生物的直接子结构，可能涉及原子替换、断键、成环或立体化学边界","","","153.092","0","2","18.53","2.804","8","0",""
"6GL","5-(phosphonooxy)-L-norvaline","ALA","ALA","auto-structure-difference","天然母体完整保留；检测到新增2个C、4个O、1个P（C连接到C）","1","{""C"":2,""O"":4,""P"":1}","123.993","2","2","66.76","-0.13","5","0","结构差异和分子描述符由RDKit计算，不是溶解度、渗透性、稳定性或口服吸收的实验结果。"
"6HN","6-nitro-L-norleucine","LYS","LYS","manual-review","完整天然母体不是衍生物的直接子结构，可能涉及原子替换、断键、成环或立体化学边界","","","28.967","-1","2","15.5","1.035","1","0",""
"6M6","S-[(2-phenylethyl)carbamothioyl]-L-cysteine","CYS","CYS","auto-structure-difference","天然母体完整保留；检测到新增9个C、1个N、1个S（C连接到S）","1","{""C"":9,""N"":1,""S"":1}","163.046","0","1","12.03","1.921","4","1","结构差异和分子描述符由RDKit计算，不是溶解度、渗透性、稳定性或口服吸收的实验结果。"
"6V1","(2~{R})-2-azanyl-3-[(3~{R})-1-ethyl-2,5-bis(oxidanylidene)pyrrolidin-3-yl]sulfanyl-propanoic acid","CYS","CYS","auto-structure-difference","天然母体完整保留；检测到新增6个C、1个N、2个O（C连接到S）","1","{""C"":6,""N"":1,""O"":2}","125.048","-1","2","37.38","-0.049","3","1","结构差异和分子描述符由RDKit计算，不是溶解度、渗透性、稳定性或口服吸收的实验结果。"
"6WK","(2~{R})-2-azanyl-3-[[(2~{S},3~{S})-2,3-bis(oxidanyl)-4-sulfanyl-butyl]disulfanyl]propanoic acid","CYS","CYS","auto-structure-difference","天然母体完整保留；检测到新增4个C、2个O、2个S（S连接到S）","1","{""C"":4,""O"":2,""S"":2}","151.997","2","4","40.46","0.103","6","0","结构差异和分子描述符由RDKit计算，不是溶解度、渗透性、稳定性或口服吸收的实验结果。"
"6Y9","(2~{R})-1,2-dimethylpyrrolidine-2-carboxylic acid","PRO","PRO","auto-structure-difference","天然母体完整保留；检测到新增2个C（C连接到C；C连接到N）","1","{""C"":2}","28.031","-1","0","-8.79","0.732","0","0","结构差异和分子描述符由RDKit计算，不是溶解度、渗透性、稳定性或口服吸收的实验结果。"
"73C","(2~{S})-2-azanyl-3-butoxy-propanoic acid","SER","SER","auto-structure-difference","天然母体完整保留；检测到新增4个C（C连接到O）","1","{""C"":4}","56.063","-1","0","-11","1.824","4","0","结构差异和分子描述符由RDKit计算，不是溶解度、渗透性、稳定性或口服吸收的实验结果。"
"73N","(2~{S})-5-carbamimidamido-2-(carboxyamino)pentanoic acid","ARG","ARG","manual-review","完整天然母体不是衍生物的直接子结构，可能涉及原子替换、断键、成环或立体化学边界","","","42.983","1","1","21.57","2.129","1","0",""
"73O","(2~{S})-2-azanyl-4-(4-hydroxyphenyl)butanoic acid","TYR","TYR","manual-review","完整天然母体不是衍生物的直接子结构，可能涉及原子替换、断键、成环或立体化学边界","","","14.016","0","0","0","0.39","1","0",""
"73P","(2~{S})-6-azanyl-2-(carboxyamino)hexanoic acid","LYS","LYS","manual-review","完整天然母体不是衍生物的直接子结构，可能涉及原子替换、断键、成环或立体化学边界","","","42.983","1","1","21.69","1.026","1","0",""
"74P","(E)-N~6~-(1-carboxy-3-oxobutylidene)-L-lysine","LYS","LYS","manual-review","完整天然母体不是衍生物的直接子结构，可能涉及原子替换、断键、成环或立体化学边界","","","111.009","0","3","39.09","1.263","4","0",""
"7ID","(2~{S})-4-[[(2~{S})-5-[[azanyl($l^{4}-azanylidene)methyl]amino]-1-$l^{1}-oxidanyl-1-oxidanylidene-pentan-2-yl]amino]-2-$l^{2}-azanyl-4-oxidanylidene-butanoic acid","ASP","ASP","manual-review","完整天然母体不是衍生物的直接子结构，可能涉及原子替换、断键、成环或立体化学边界","","","156.101","4","2","91","-1.252","6","0",""
"7JA","N-({(1R,2S)-3-oxo-2-[(2Z)-pent-2-en-1-yl]cyclopentyl}acetyl)-L-isoleucine","ILE","ILE","auto-structure-difference","天然母体完整保留；检测到新增12个C、2个O（C连接到N）","1","{""C"":12,""O"":2}","192.115","0","1","20.15","2.499","6","1","结构差异和分子描述符由RDKit计算，不是溶解度、渗透性、稳定性或口服吸收的实验结果。"
"7N8","4-Borono-L-phenylalanine","PHE","PHE","auto-structure-difference","天然母体完整保留；检测到新增1个B、2个O（B连接到C）","1","{""B"":1,""O"":2}","44.007","2","2","40.46","-2.32","1","0","结构差异和分子描述符由RDKit计算，不是溶解度、渗透性、稳定性或口服吸收的实验结果。"
"7O5","(2~{S})-2-azanyl-3-(2-sulfanylethanoylamino)propanoic acid","ALA","ALA","auto-structure-difference","天然母体完整保留；检测到新增2个C、1个N、1个O、1个S（N连接到C）","1","{""C"":2,""N"":1,""O"":1,""S"":1}","88.994","2","2","29.1","-0.974","3","0","结构差异和分子描述符由RDKit计算，不是溶解度、渗透性、稳定性或口服吸收的实验结果。"
"7OZ","(S)-2-amino-4-fluorobutanoic acid","ALA","ALA","auto-structure-difference","天然母体完整保留；检测到新增1个C、1个F（C连接到C）","1","{""C"":1,""F"":1}","32.006","0","0","0","0.34","2","0","结构差异和分子描述符由RDKit计算，不是溶解度、渗透性、稳定性或口服吸收的实验结果。"
"7QK","N~6~-acetyl-N~6~-methyl-L-lysine","LYS","LYS","manual-review","完整天然母体不是衍生物的直接子结构，可能涉及原子替换、断键、成环或立体化学边界","","","55.019","-1","1","-7.33","1.236","1","0",""
"7T2","(2S)-3-(4-chlorophenyl)-2-(methylamino)propanoic acid","PHE","PHE","auto-structure-difference","天然母体完整保留；检测到新增1个C、1个Cl（C连接到N；Cl连接到C）","1","{""C"":1,""Cl"":1}","47.977","0","0","-13.99","0.914","1","0","结构差异和分子描述符由RDKit计算，不是溶解度、渗透性、稳定性或口服吸收的实验结果。"
"7TK","(3S)-3-azanyl-4-oxidanylidene-4-pyrrolidin-1-yl-butanoic acid","ASP","ASP","manual-review","完整天然母体不是衍生物的直接子结构，可能涉及原子替换、断键、成环或立体化学边界","","","53.063","-1","0","-16.99","0.538","0","1",""
"7VN","(2S)-2-cyclopentyl-2-(methylamino)ethanoic acid","ALA","ALA","auto-structure-difference","天然母体完整保留；检测到新增5个C（C连接到N；C连接到C）","1","{""C"":5}","68.063","0","0","-13.99","1.431","2","1","结构差异和分子描述符由RDKit计算，不是溶解度、渗透性、稳定性或口服吸收的实验结果。"
"7VU","(2S)-2-(ethylamino)-3-(4-methylphenyl)propanoic acid","PHE","PHE","auto-structure-difference","天然母体完整保留；检测到新增3个C（C连接到N；C连接到C）","1","{""C"":3}","42.047","0","0","-13.99","0.959","2","0","结构差异和分子描述符由RDKit计算，不是溶解度、渗透性、稳定性或口服吸收的实验结果。"
"7W2","(2S)-2-azanyl-4-[3,5-bis(fluoranyl)-4-(trifluoromethyl)phenyl]butanoic acid","PHE","PHE","manual-review","完整天然母体不是衍生物的直接子结构，可能涉及原子替换、断键、成环或立体化学边界","","","117.984","0","0","0","1.687","1","0",""
"7XC","(2R)-2-azanyl-3-(4-carbamimidamidophenyl)propanoic acid","PHE","PHE","auto-structure-difference","天然母体完整保留；检测到新增1个C、1个H、3个N（N连接到C）","1","{""C"":1,""H"":1,""N"":3}","57.033","3","1","61.9","-0.695","1","0","结构差异和分子描述符由RDKit计算，不是溶解度、渗透性、稳定性或口服吸收的实验结果。"
"7YO","(2R)-5-oxidanylidenepyrrolidine-2-carboxylic acid","PRO","PRO","auto-structure-difference","天然母体完整保留；检测到新增1个O（O连接到C）","1","{""O"":1}","13.979","0","0","17.07","-0.473","0","0","结构差异和分子描述符由RDKit计算，不是溶解度、渗透性、稳定性或口服吸收的实验结果。"
"823","N,N-bis(3-sulfanylpropyl)-L-asparagine","ASN","ASN","auto-structure-difference","天然母体完整保留；检测到新增6个C、2个S（C连接到N）","1","{""C"":6,""S"":2}","148.038","1","2","-22.78","1.983","6","0","结构差异和分子描述符由RDKit计算，不是溶解度、渗透性、稳定性或口服吸收的实验结果。"
"85F","(2R)-2-azanyl-3-[(2R)-2-azanyl-3-oxidanyl-3-oxidanylidene-propyl]sulfanyl-propanoic acid","CYS","CYS","auto-structure-difference","天然母体完整保留；检测到新增3个C、1个N、2个O（C连接到S）","2","{""C"":3,""N"":1,""O"":2}","87.032","1","2","63.32","-0.785","4","0","结构差异和分子描述符由RDKit计算，不是溶解度、渗透性、稳定性或口服吸收的实验结果。"
"85L","[[(2~{R})-2-azanyl-3-oxidanylidene-propyl]-(chloranylaurio)sulfanuidyl]-chloranyl-gold","CYS","CYS","auto-structure-difference","天然母体完整保留；检测到新增2个Cl、2个Z79（Z79连接到S）","1","{""Cl"":2,""Z79"":2}","462.864","-1","0","0","0.991","2","0","结构差异和分子描述符由RDKit计算，不是溶解度、渗透性、稳定性或口服吸收的实验结果。"
"86N","(2S)-5-[[5-(6-aminopurin-9-yl)-3,4-bis(oxidanyl)furan-2-yl]methoxy-oxidanyl-phosphoryl]oxy-2-azanyl-5-oxidanylidene-pentanoic acid","GLU","GLU","auto-structure-difference","天然母体完整保留；检测到新增10个C、5个N、6个O、1个P（P连接到O）","1","{""C"":10,""N"":5,""O"":6,""P"":1}","325.021","3","10","158.75","0.491","5","3","结构差异和分子描述符由RDKit计算，不是溶解度、渗透性、稳定性或口服吸收的实验结果。"
"8JB","(2~{R})-2-azanyl-3-[[(5~{S})-5-[(1~{S})-1-azanyl-2-oxidanyl-2-oxidanylidene-ethyl]-4,5-dihydro-1,2-oxazol-3-yl]sulfanyl]propanoic acid","CYS","CYS","auto-structure-difference","天然母体完整保留；检测到新增5个C、2个N、3个O（C连接到S）","1","{""C"":5,""N"":2,""O"":3}","142.038","1","4","84.91","-0.682","3","1","结构差异和分子描述符由RDKit计算，不是溶解度、渗透性、稳定性或口服吸收的实验结果。"
"8LJ","(2S)-2,3-dihydro-1H-pyrrole-2-carboxylic acid","PRO","PRO","manual-review","完整天然母体不是衍生物的直接子结构，可能涉及原子替换、断键、成环或立体化学边界","","","-2.016","0","0","0","0.124","0","0",""
"8RE","3,4-dihydroxylysine","LYS","LYS","manual-review","完整天然母体不是衍生物的直接子结构，可能涉及原子替换、断键、成环或立体化学边界","","","30.983","2","3","38.84","-1.342","0","0",""
"8SP","O-[(R)-{[(2R)-2,3-bis(octanoyloxy)propyl]oxy}(hydroxy)phosphoryl]-L-serine","SER","SER","auto-structure-difference","天然母体完整保留；检测到新增19个C、7个O、1个P（P连接到O）","1","{""C"":19,""O"":7,""P"":1}","406.212","0","6","88.13","5.317","20","0","结构差异和分子描述符由RDKit计算，不是溶解度、渗透性、稳定性或口服吸收的实验结果。"
"8WY","5,5-dihydroxy-L-norleucine","LEU","LEU","manual-review","完整天然母体不是衍生物的直接子结构，可能涉及原子替换、断键、成环或立体化学边界","","","31.99","2","2","40.46","-1.565","1","0",""
"999","(3S)-3-hydroxy-D-aspartic acid","ASP","ASP","auto-structure-difference","天然母体完整保留；检测到新增1个O（O连接到C）","1","{""O"":1}","15.995","1","1","20.23","-1.029","0","0","结构差异和分子描述符由RDKit计算，不是溶解度、渗透性、稳定性或口服吸收的实验结果。"
"9DN","DANSYL-L-ASPARAGINE","ASN","ASN","auto-structure-difference","天然母体完整保留；检测到新增12个C、1个N、2个O、1个S（S连接到N）","1","{""C"":12,""N"":1,""O"":2,""S"":1}","233.051","0","2","23.39","2.239","4","2","结构差异和分子描述符由RDKit计算，不是溶解度、渗透性、稳定性或口服吸收的实验结果。"
"9DS","DANSYL-L-SARCOSINE","GLY","GLY","auto-structure-difference","天然母体完整保留；检测到新增13个C、1个N、2个O、1个S（S连接到N；C连接到N）","1","{""C"":13,""N"":1,""O"":2,""S"":1}","247.067","-1","2","14.6","2.581","4","2","结构差异和分子描述符由RDKit计算，不是溶解度、渗透性、稳定性或口服吸收的实验结果。"
"9DT","(2~{S})-2-azanyl-3-(2-fluorophenyl)-2-methyl-propanoic acid","PHE","PHE","auto-structure-difference","天然母体完整保留；检测到新增1个C、1个F（C连接到C；F连接到C）","1","{""C"":1,""F"":1}","32.006","0","0","0","0.529","0","0","结构差异和分子描述符由RDKit计算，不是溶解度、渗透性、稳定性或口服吸收的实验结果。"
"9E7","N~6~-(sulfanylmethyl)-L-lysine","LYS","LYS","manual-review","完整天然母体不是衍生物的直接子结构，可能涉及原子替换、断键、成环或立体化学边界","","","44.98","1","2","-15.61","1.235","2","0",""
"9KP","(E)-N~6~-[(2E)-1-carboxy-3-(2-carboxyphenyl)prop-2-en-1-ylidene]-L-lysine","LYS","LYS","manual-review","完整天然母体不是衍生物的直接子结构，可能涉及原子替换、断键、成环或立体化学边界","","","201.019","1","3","59.32","2.695","5","1",""
"9NE","DANSYL-L-GLUTAMATE","GLU","GLU","auto-structure-difference","天然母体完整保留；检测到新增12个C、1个N、2个O、1个S（S连接到N）","1","{""C"":12,""N"":1,""O"":2,""S"":1}","233.051","0","2","23.39","2.239","4","2","结构差异和分子描述符由RDKit计算，不是溶解度、渗透性、稳定性或口服吸收的实验结果。"
"9NF","DANSYL-L-PHENYLALANINE","PHE","PHE","auto-structure-difference","天然母体完整保留；检测到新增12个C、1个N、2个O、1个S（S连接到N）","1","{""C"":12,""N"":1,""O"":2,""S"":1}","233.051","0","2","23.39","2.239","4","2","结构差异和分子描述符由RDKit计算，不是溶解度、渗透性、稳定性或口服吸收的实验结果。"
"9NR","DANSYL-L-ARGININE","ARG","ARG","manual-review","完整天然母体不是衍生物的直接子结构，可能涉及原子替换、断键、成环或立体化学边界","","","232.044","0","3","21.65","4.059","4","2",""
"9NV","DANSYL-L-NORVALINE","VAL","VAL","manual-review","完整天然母体不是衍生物的直接子结构，可能涉及原子替换、断键、成环或立体化学边界","","","233.051","0","2","23.39","2.383","5","2",""
"9TR","N6-{[(3-azidophenyl)methoxy]carbonyl}-L-lysine","LYS","LYS","manual-review","完整天然母体不是衍生物的直接子结构，可能涉及原子替换、断键、成环或立体化学边界","","","174.031","0","3","59.45","3.626","4","1",""
"9TU","N6-[({3-[3-(trifluoromethyl)-3H-diaziren-3-yl]phenyl}methoxy)carbonyl]-L-lysine","LYS","LYS","manual-review","完整天然母体不是衍生物的直接子结构，可能涉及原子替换、断键、成环或立体化学边界","","","241.023","0","4","35.41","3.865","4","2",""
"9TX","N6-{[(3-ethynylphenyl)methoxy]carbonyl}-L-lysine","LYS","LYS","manual-review","完整天然母体不是衍生物的直接子结构，可能涉及原子替换、断键、成环或立体化学边界","","","157.029","0","2","10.69","2.666","3","1",""
"9U0","N6-({[(1S,2E)-cyclooct-2-en-1-yl]oxy}carbonyl)-L-lysine","LYS","LYS","manual-review","完整天然母体不是衍生物的直接子结构，可能涉及原子替换、断键、成环或立体化学边界","","","151.076","0","2","10.69","3.373","2","1",""
"9WV","beta-alanyl-3-amino-L-alanine","ALA","ALA","auto-structure-difference","天然母体完整保留；检测到新增3个C、2个N、1个O（C连接到N；N连接到C）","1","{""C"":3,""N"":2,""O"":1}","86.048","2","2","55.12","-1.555","4","0","结构差异和分子描述符由RDKit计算，不是溶解度、渗透性、稳定性或口服吸收的实验结果。"
"A1A3M","(5S)-4,5-dihydro-1H-pyrazole-5-carboxylic acid","PRO","PRO","manual-review","完整天然母体不是衍生物的直接子结构，可能涉及原子替换、断键、成环或立体化学边界","","","-1.02","0","1","12.36","-0.404","0","0",""
"A1A5S","1-[(3S)-4-chloro-3-hydroxy-2-methylbutan-2-yl]-L-tryptophan","TRP","TRP","manual-review","完整天然母体不是衍生物的直接子结构，可能涉及原子替换、断键、成环或立体化学边界","","","120.034","0","1","9.37","0.808","3","0",""
"A1A5T","(4S)-5-butoxy-N-methyl-L-leucine","LEU","LEU","auto-structure-difference","天然母体完整保留；检测到新增5个C、1个O（O连接到C；C连接到N）","1","{""C"":5,""O"":1}","86.073","0","1","-4.76","1.058","6","0","结构差异和分子描述符由RDKit计算，不是溶解度、渗透性、稳定性或口服吸收的实验结果。"
"A1A7R","3-[(2S)-2-{[(2R,3S,3aR,5aS,6R,11bR,11cS)-10-hydroxy-3a-methoxy-3,14-dimethyl-2-phenyl-2,3,3a,4,5,6,7,11c-octahydro-1H-6,11b-(epiminoethano)-3,5a-methanonaphtho[2,1-g]indol-1-yl]oxy}-2,3-dihydro-1H-imidazol-4-yl]-L-alanine","HIS","HIS","manual-review","完整天然母体不是衍生物的直接子结构，可能涉及原子替换、断键、成环或立体化学边界","","","445.25","2","7","39.3","4.159","4","8",""
"A1A7V","S-lactoyl-L-cysteine","CYS","CYS","auto-structure-difference","天然母体完整保留；检测到新增3个C、2个O（C连接到S）","1","{""C"":3,""O"":2}","72.021","0","2","37.3","-0.289","2","0","结构差异和分子描述符由RDKit计算，不是溶解度、渗透性、稳定性或口服吸收的实验结果。"
"A1A8T","3-methyl-L-isovaline","VAL","VAL","auto-structure-difference","天然母体完整保留；检测到新增1个C（C连接到C）","1","{""C"":1}","14.016","0","0","0","0.39","0","0","结构差异和分子描述符由RDKit计算，不是溶解度、渗透性、稳定性或口服吸收的实验结果。"
"A1ADO","(4R)-5-fluoro-L-leucine","LEU","LEU","auto-structure-difference","天然母体完整保留；检测到新增1个F（F连接到C）","1","{""F"":1}","17.991","0","0","0","-0.05","1","0","结构差异和分子描述符由RDKit计算，不是溶解度、渗透性、稳定性或口服吸收的实验结果。"
"A1AL8","1-(2-methylbut-3-en-2-yl)-L-tryptophan","TRP","TRP","manual-review","完整天然母体不是衍生物的直接子结构，可能涉及原子替换、断键、成环或立体化学边界","","","68.063","-1","0","-10.86","1.394","2","0",""
"A1ALE","(2S)-2-amino-7-(dimethylamino)-7-oxoheptanoic acid","ALA","ALA","auto-structure-difference","天然母体完整保留；检测到新增6个C、1个N、1个O（C连接到C）","1","{""C"":6,""N"":1,""O"":1}","113.084","0","1","20.31","0.629","5","0","结构差异和分子描述符由RDKit计算，不是溶解度、渗透性、稳定性或口服吸收的实验结果。"
"A1AMB","3-(1H-1,2,3-triazol-1-yl)-L-alanine","ALA","ALA","auto-structure-difference","天然母体完整保留；检测到新增2个C、3个N（N连接到C）","1","{""C"":2,""N"":3}","67.017","0","2","30.71","-0.728","2","1","结构差异和分子描述符由RDKit计算，不是溶解度、渗透性、稳定性或口服吸收的实验结果。"
"A1AMC","(2S)-2-(methylamino)pentane-1,1,5-triol","ALA","ALA","auto-structure-difference","天然母体完整保留；检测到新增3个C、1个O（C连接到N；C连接到C）","1","{""C"":3,""O"":1}","58.042","1","1","6.24","0.013","4","0","结构差异和分子描述符由RDKit计算，不是溶解度、渗透性、稳定性或口服吸收的实验结果。"
"A1AS0","5-selanyl-L-histidine","HIS","HIS","manual-review","完整天然母体不是衍生物的直接子结构，可能涉及原子替换、断键、成环或立体化学边界","","","78.909","0","1","-1.25","-0.893","0","0",""
"A1ASZ","5-sulfanyl-L-histidine","HIS","HIS","manual-review","完整天然母体不是衍生物的直接子结构，可能涉及原子替换、断键、成环或立体化学边界","","","30.965","1","2","-1.25","0.87","0","0",""
"A1AT6","(2S)-2,3-dihydro-1H-indole-2-carboxylic acid","PHE","PHE","auto-structure-difference","天然母体完整保留；检测到新增没有新增重原子","1","{}","-2.016","0","0","-13.99","0.467","-2","1","结构差异和分子描述符由RDKit计算，不是溶解度、渗透性、稳定性或口服吸收的实验结果。"
"A1AT7","(1S)-6-methyl-1,2-dihydroisoquinoline-1-carboxylic acid","ALA","ALA","manual-review","完整天然母体不是衍生物的直接子结构，可能涉及原子替换、断键、成环或立体化学边界","","","100.031","0","0","-13.99","2.276","0","2",""
"A1AVU","(3S)-4-fluoro-L-valine","VAL","VAL","auto-structure-difference","天然母体完整保留；检测到新增1个F（F连接到C）","1","{""F"":1}","17.991","0","0","0","-0.05","1","0","结构差异和分子描述符由RDKit计算，不是溶解度、渗透性、稳定性或口服吸收的实验结果。"
"A1AWS","4-cyano-L-tryptophan","TRP","TRP","auto-structure-difference","天然母体完整保留；检测到新增1个C、1个N（C连接到C）","1","{""C"":1,""N"":1}","24.995","0","1","23.79","-0.128","0","0","结构差异和分子描述符由RDKit计算，不是溶解度、渗透性、稳定性或口服吸收的实验结果。"
"A1AZ2","3-methyl-D-histidine","HIS","HIS","manual-review","完整天然母体不是衍生物的直接子结构，可能涉及原子替换、断键、成环或立体化学边界","","","13.008","-1","1","-12.11","0.591","0","0",""
"A1AZQ","N-(2-phenylethyl)glycine","GLY","GLY","auto-structure-difference","天然母体完整保留；检测到新增8个C（C连接到N）","1","{""C"":8}","104.063","0","0","-13.99","1.874","4","1","结构差异和分子描述符由RDKit计算，不是溶解度、渗透性、稳定性或口服吸收的实验结果。"
"A1B9V","3-[(1S,3S)-1-oxo-2,3-dihydro-1H-1lambda~4~-benzothiophen-3-yl]-L-alanine","TRP","TRP","manual-review","完整天然母体不是衍生物的直接子结构，可能涉及原子替换、断键、成环或立体化学边界","","","34.972","-1","1","1.28","-0.429","0","0",""
"A1BC0","N,N-dimethyl-L-cysteinamide","CYS","CYS","manual-review","完整天然母体不是衍生物的直接子结构，可能涉及原子替换、断键、成环或立体化学边界","","","27.047","-1","0","-16.99","0.004","0","0",""
"A1BC5","L-seryl-N-[(2S)-2-amino-2-carboxyethyl]glycinamide","SER","SER","manual-review","完整天然母体不是衍生物的直接子结构，可能涉及原子替换、断键、成环或立体化学边界","","","143.069","3","3","84.22","-2.44","5","0",""
"A1BDE","N~6~-L-seryl-L-lysine","LYS","LYS","manual-review","完整天然母体不是衍生物的直接子结构，可能涉及原子替换、断键、成环或立体化学边界","","","86.025","2","3","47.71","-0.806","3","0",""
"A1BEB","2-Methyllysine","LYS","LYS","manual-review","完整天然母体不是衍生物的直接子结构，可能涉及原子替换、断键、成环或立体化学边界","","","13.008","0","1","-1.62","1.107","0","0",""
"A1BX4","N~6~-hydroxy-L-lysine","LYS","LYS","manual-review","完整天然母体不是衍生物的直接子结构，可能涉及原子替换、断键、成环或立体化学边界","","","14.988","1","2","4.62","0.737","1","0",""
"A1BZO","O-octanoyl-L-serine","SER","SER","auto-structure-difference","天然母体完整保留；检测到新增8个C、1个O（C连接到O）","1","{""C"":8,""O"":1}","126.104","-1","1","6.07","2.911","7","0","结构差异和分子描述符由RDKit计算，不是溶解度、渗透性、稳定性或口服吸收的实验结果。"
"A1C0O","3-(acetamidomethyl)-L-phenylalanine","PHE","PHE","auto-structure-difference","天然母体完整保留；检测到新增3个C、1个N、1个O（C连接到C）","1","{""C"":3,""N"":1,""O"":1}","71.037","1","1","29.1","-0.364","2","0","结构差异和分子描述符由RDKit计算，不是溶解度、渗透性、稳定性或口服吸收的实验结果。"
"A1C3V","N-(tert-butoxycarbonyl)-L-phenylalanine","PHE","PHE","auto-structure-difference","天然母体完整保留；检测到新增5个C、2个O（C连接到N）","1","{""C"":5,""O"":2}","100.052","0","1","12.31","1.566","1","0","结构差异和分子描述符由RDKit计算，不是溶解度、渗透性、稳定性或口服吸收的实验结果。"
"A1CAB","(2S)-3,4-dihydro-2H-pyrrole-2-carboxylic acid","PRO","PRO","manual-review","完整天然母体不是衍生物的直接子结构，可能涉及原子替换、断键、成环或立体化学边界","","","-2.016","-1","0","0.33","0.481","0","0",""
"A1CCQ","(2S)-2-hydrazinyl-3-(4-hydroxyphenyl)propanoic acid","TYR","TYR","auto-structure-difference","天然母体完整保留；检测到新增1个N（N连接到N）","1","{""N"":1}","15.011","1","1","12.03","-0.495","1","0","结构差异和分子描述符由RDKit计算，不是溶解度、渗透性、稳定性或口服吸收的实验结果。"
"A1CCR","(2S)-2-hydrazinyl-3-phenylpropanoic acid","PHE","PHE","auto-structure-difference","天然母体完整保留；检测到新增1个N（N连接到N）","1","{""N"":1}","15.011","1","1","12.03","-0.495","1","0","结构差异和分子描述符由RDKit计算，不是溶解度、渗透性、稳定性或口服吸收的实验结果。"
"A1CCS","(2S)-5-carbamimidamido-2-hydrazinylpentanoic acid","ARG","ARG","manual-review","完整天然母体不是衍生物的直接子结构，可能涉及原子替换、断键、成环或立体化学边界","","","14.004","1","2","10.29","1.324","1","0",""
"A1CH8","N~5~-[N-(2,2,2-trifluoroethyl)carbamimidoyl]-L-ornithine","ARG","ARG","manual-review","完整天然母体不是衍生物的直接子结构，可能涉及原子替换、断键、成环或立体化学边界","","","80.996","0","1","-15.73","3.013","1","0",""
"A1CHT","(4S)-4-hydroxy-4-(4-hydroxyphenyl)-L-threonine","THR","THR","auto-structure-difference","天然母体完整保留；检测到新增6个C、2个O（C连接到C；O连接到C）","1","{""C"":6,""O"":2}","108.021","2","2","40.46","0.419","2","1","结构差异和分子描述符由RDKit计算，不是溶解度、渗透性、稳定性或口服吸收的实验结果。"
"A1CLH","1-benzyl-D-tryptophan","TRP","TRP","manual-review","完整天然母体不是衍生物的直接子结构，可能涉及原子替换、断键、成环或立体化学边界","","","90.047","-1","0","-10.86","1.522","2","1",""
"A1CM8","(2~{S})-2-azanyl-3-[(~{E})-[4-[oxidanyl(oxidanylidene)-$l^{4}-azanyl]-6~{H}-2,1,3-benzoxadiazol-7-ylidene]amino]propanal","ALA","ALA","auto-structure-difference","天然母体完整保留；检测到新增6个C、4个N、3个O（N连接到C）","1","{""C"":6,""N"":4,""O"":3}","178.013","1","6","94.09","0.537","4","2","结构差异和分子描述符由RDKit计算，不是溶解度、渗透性、稳定性或口服吸收的实验结果。"
"A1CM9","3-[(7-nitro-2,1,3-benzoselenadiazol-4-yl)amino]-L-alanine","ALA","ALA","auto-structure-difference","天然母体完整保留；检测到新增6个C、4个N、2个O、1个Se（N连接到C）","1","{""C"":6,""N"":4,""O"":2,""Se"":1}","241.934","1","5","80.95","0.001","4","2","结构差异和分子描述符由RDKit计算，不是溶解度、渗透性、稳定性或口服吸收的实验结果。"
"A1CRT","(4S)-4-{[(1R)-1-carboxy-2-sulfanylethyl]amino}-4-hydroxybutanoic acid","CYS","CYS","auto-structure-difference","天然母体完整保留；检测到新增4个C、3个O（C连接到N）","1","{""C"":4,""O"":3}","102.032","2","2","43.54","-0.186","5","0","结构差异和分子描述符由RDKit计算，不是溶解度、渗透性、稳定性或口服吸收的实验结果。"
"A1CTT","2-phenyl-D-alanine","ALA","ALA","auto-structure-difference","天然母体完整保留；检测到新增6个C（C连接到C）","1","{""C"":6}","76.031","0","0","0","1.527","1","1","结构差异和分子描述符由RDKit计算，不是溶解度、渗透性、稳定性或口服吸收的实验结果。"
"A1D5B","methyl (2~{S})-2,6-bis(azanyl)hexanoate","LYS","LYS","manual-review","完整天然母体不是衍生物的直接子结构，可能涉及原子替换、断键、成环或立体化学边界","","","13.008","-1","2","-12.62","0.805","0","0",""
"A1D5E","(2~{S},4~{R})-4-(2-azanylethylcarbamoyloxy)pyrrolidine-2-carboxylic acid","PRO","PRO","auto-structure-difference","天然母体完整保留；检测到新增3个C、2个N、2个O（O连接到C）","1","{""C"":3,""N"":2,""O"":2}","102.043","2","3","64.35","-1.337","3","0","结构差异和分子描述符由RDKit计算，不是溶解度、渗透性、稳定性或口服吸收的实验结果。"
"A1D5P","(2~{R},3~{S})-2-azanyl-3-(4-hydroxyphenyl)-3-oxidanyl-propanoic acid","TYR","TYR","auto-structure-difference","天然母体完整保留；检测到新增1个O（O连接到C）","1","{""O"":1}","15.995","1","1","20.23","-0.509","0","0","结构差异和分子描述符由RDKit计算，不是溶解度、渗透性、稳定性或口服吸收的实验结果。"
"A1D64","(2~{R})-3-(4-aminophenyl)sulfanyl-2-azanyl-propanoic acid","CYS","CYS","auto-structure-difference","天然母体完整保留；检测到新增6个C、1个N（C连接到S）","1","{""C"":6,""N"":1}","91.042","0","1","26.02","1.445","2","1","结构差异和分子描述符由RDKit计算，不是溶解度、渗透性、稳定性或口服吸收的实验结果。"
"A1D7R","(2~{S})-2-azanyl-3-[6-(3-methylbut-2-enyl)-1~{H}-indol-3-yl]propanoic acid","TRP","TRP","auto-structure-difference","天然母体完整保留；检测到新增5个C（C连接到C）","1","{""C"":5}","68.063","0","0","0","1.509","2","0","结构差异和分子描述符由RDKit计算，不是溶解度、渗透性、稳定性或口服吸收的实验结果。"
"A1D9O","(2~{S},3~{S},4~{S})-3,4-bis(oxidanyl)pyrrolidine-2-carboxylic acid","PRO","PRO","auto-structure-difference","天然母体完整保留；检测到新增2个O（O连接到C）","1","{""O"":2}","31.99","2","2","40.46","-2.058","0","0","结构差异和分子描述符由RDKit计算，不是溶解度、渗透性、稳定性或口服吸收的实验结果。"
"A1ECI","5-[(2R)-2-azanyl-3-oxidanyl-3-oxidanylidene-propyl]sulfanyl-5-oxidanylidene-pentanoic acid","CYS","CYS","auto-structure-difference","天然母体完整保留；检测到新增5个C、3个O（C连接到S）","1","{""C"":5,""O"":3}","114.032","0","2","54.37","0.585","5","0","结构差异和分子描述符由RDKit计算，不是溶解度、渗透性、稳定性或口服吸收的实验结果。"
"A1ECK","(2S)-3-(4-fluorophenyl)-2-(methylsulfonylamino)propanoic acid","PHE","PHE","auto-structure-difference","天然母体完整保留；检测到新增1个C、1个F、2个O、1个S（S连接到N；F连接到C）","1","{""C"":1,""F"":1,""O"":2,""S"":1}","95.968","0","1","20.15","-0.27","2","0","结构差异和分子描述符由RDKit计算，不是溶解度、渗透性、稳定性或口服吸收的实验结果。"
"A1ECL","(2S)-3-[3,5-bis(fluoranyl)phenyl]-2-(methylsulfonylamino)propanoic acid","PHE","PHE","auto-structure-difference","天然母体完整保留；检测到新增1个C、2个F、2个O、1个S（S连接到N；F连接到C）","1","{""C"":1,""F"":2,""O"":2,""S"":1}","113.959","0","1","20.15","-0.131","2","0","结构差异和分子描述符由RDKit计算，不是溶解度、渗透性、稳定性或口服吸收的实验结果。"
"A1ECM","(2S)-3,3-dimethyl-2-(methylsulfonylamino)butanoic acid","VAL","VAL","auto-structure-difference","天然母体完整保留；检测到新增2个C、2个O、1个S（C连接到C；S连接到N）","3","{""C"":2,""O"":2,""S"":1}","91.993","0","1","20.15","-0.019","1","0","结构差异和分子描述符由RDKit计算，不是溶解度、渗透性、稳定性或口服吸收的实验结果。"
"A1EFT","(2~{S})-2-azanyl-5-[[(5~{R})-5-[4-[[9-chloranyl-7-(2-fluoranyl-6-methoxy-phenyl)-5~{H}-pyrimido[5,4-d][2]benzazepin-2-yl]amino]-2-methoxy-phenyl]-4-oxidanylidene-1,5-dihydroimidazol-2-yl]amino]pentanoic acid","ARG","ARG","manual-review","完整天然母体不是衍生物的直接子结构，可能涉及原子替换、断键、成环或立体化学边界","","","511.098","0","9","58.48","7.515","6","6",""
"A1EG1","(2~{S})-2-azanyl-6-[(1~{S})-3-azanylidene-6-[[4-[4-[(3-cyclopropyl-1~{H}-pyrazol-5-yl)amino]-6-(prop-2-ynylcarbamoyl)pyrimidin-2-yl]piperazin-1-yl]methyl]-1-oxidanyl-1~{H}-isoindol-2-yl]hexanoic acid","LYS","LYS","manual-review","完整天然母体不是衍生物的直接子结构，可能涉及原子替换、断键、成环或立体化学边界","","","508.221","4","9","121.75","2.909","9","6",""
"A1EIC","O-Methylcarbamoyl-L-Serine","SER","SER","auto-structure-difference","天然母体完整保留；检测到新增2个C、1个N、1个O（C连接到O）","1","{""C"":2,""N"":1,""O"":1}","57.021","0","1","18.1","0.364","1","0","结构差异和分子描述符由RDKit计算，不是溶解度、渗透性、稳定性或口服吸收的实验结果。"
"A1EIU","(2~{S})-2-azanyl-6-[(~{E})-[7-methyl-2,4-bis(oxidanyl)-5-oxidanylidene-cyclohepta-1,3,6-trien-1-yl]methylideneamino]hexanoic acid","LYS","LYS","manual-review","完整天然母体不是衍生物的直接子结构，可能涉及原子替换、断键、成环或立体化学边界","","","161.024","1","4","42.25","1.957","2","1",""
"A1EJ1","(2~{S})-6-[(~{E})-[(2~{S},3~{R},4~{S},5~{R})-2-acetamido-3,4,5,6-tetrakis(oxidanyl)hexylidene]amino]-2-azanyl-hexanoic acid","LYS","LYS","manual-review","完整天然母体不是衍生物的直接子结构，可能涉及原子替换、断键、成环或立体化学边界","","","202.072","4","6","94.74","-1.591","7","0",""
"A1EJ4","(2~{S})-6-[(~{E})-2-acetamidoethylideneamino]-2-azanyl-hexanoic acid","LYS","LYS","manual-review","完整天然母体不是衍生物的直接子结构，可能涉及原子替换、断键、成环或立体化学边界","","","82.03","0","2","13.82","0.965","3","0",""
"A1EJR","(2S)-2-azanyl-6-[6-[[(2R)-1-[4-[2-[3-bromanyl-2-(2-hydroxy-2-oxoethyloxy)-5-methyl-phenyl]ethynyl]phenyl]-4-(methylamino)-4-oxidanylidene-butan-2-yl]carbamoyl]-3-oxidanylidene-1H-indazol-2-yl]hexanoic acid","LYS","LYS","manual-review","完整天然母体不是衍生物的直接子结构，可能涉及原子替换、断键、成环或立体化学边界","","","600.078","3","5","114.88","4.513","10","4",""
"A1EJS","(2S)-2-azanyl-6-[[2-[[4-[(5-fluoranyl-2-methoxycarbonyl-phenyl)amino]-2-[[3-(1-methylimidazol-2-yl)phenyl]methylamino]pyrimidin-5-yl]amino]-3,4-bis(oxidanylidene)cyclobuten-1-yl]amino]hexanoic acid","LYS","LYS","manual-review","完整天然母体不是衍生物的直接子结构，可能涉及原子替换、断键、成环或立体化学边界","","","524.149","3","11","124.52","4.682","11","5",""
"A1EJT","(2~{S})-6-[(~{E})-[(2~{S},3~{S},4~{R})-5-[[[(2~{R},3~{S},4~{R},5~{R})-5-(6-aminopurin-9-yl)-3,4-bis(oxidanyl)oxolan-2-yl]methoxy-oxidanyl-phosphoryl]oxy-oxidanyl-phosphoryl]oxy-2,3,4-tris(oxidanyl)pentylidene]amino]-2-azanyl-hexanoic acid","LYS","LYS","manual-review","完整天然母体不是衍生物的直接子结构，可能涉及原子替换、断键、成环或立体化学边界","","","540.054","7","16","267.01","-1.797","13","3",""
"A1EJZ","(2~{S})-6-[(~{E})-[(2~{S},3~{R},4~{R},5~{R})-2-acetamido-3,4,5,6-tetrakis(oxidanyl)hexylidene]amino]-2-azanyl-hexanoic acid","LYS","LYS","manual-review","完整天然母体不是衍生物的直接子结构，可能涉及原子替换、断键、成环或立体化学边界","","","202.072","4","6","94.74","-1.591","7","0",""
"A1EMP","(2~{S})-2-azanyl-6-[(1~{S})-7-[6-(3,5-dimethyl-1,2-oxazol-4-yl)-1-[(1~{S})-1-pyridin-2-ylethyl]pyrrolo[3,2-b]pyridin-3-yl]-3-methylidene-1-oxidanyl-1~{H}-isoindol-2-yl]hexanoic acid","LYS","LYS","manual-review","完整天然母体不是衍生物的直接子结构，可能涉及原子替换、断键、成环或立体化学边界","","","445.167","0","6","52.57","7.028","5","6",""
"A1ER5","(2~{S})-2-azanyl-4-oxidanylidene-4-[(2~{R})-1-oxidanyl-1-oxidanylidene-3-phenyl-propan-2-yl]oxy-butanoic acid","ASP","ASP","auto-structure-difference","天然母体完整保留；检测到新增9个C、2个O（C连接到O）","1","{""C"":9,""O"":2}","148.052","0","2","26.3","1.154","4","1","结构差异和分子描述符由RDKit计算，不是溶解度、渗透性、稳定性或口服吸收的实验结果。"
"A1EUR","(2~{S})-2-azanyl-4-methoxy-butanoic acid","ALA","ALA","auto-structure-difference","天然母体完整保留；检测到新增2个C、1个O（C连接到C）","1","{""C"":2,""O"":1}","44.026","0","1","9.23","0.017","3","0","结构差异和分子描述符由RDKit计算，不是溶解度、渗透性、稳定性或口服吸收的实验结果。"
"A1EYP","(2S)-2-azanyl-6-[[(1S,4R,5S)-4-methyl-5-(nitromethyl)-4-phenyl-cyclohex-2-en-1-yl]amino]hexanoic acid","LYS","LYS","manual-review","完整天然母体不是衍生物的直接子结构，可能涉及原子替换、断键、成环或立体化学边界","","","228.103","0","3","27.53","3.527","5","2",""
"A1H2H","(2~{S})-2-azanyl-3-(3-fluoranyl-4-nitro-phenyl)propanoic acid","PHE","PHE","auto-structure-difference","天然母体完整保留；检测到新增1个F、1个N、2个O（F连接到C；N连接到C）","1","{""F"":1,""N"":1,""O"":2}","62.976","0","2","43.14","0.047","1","0","结构差异和分子描述符由RDKit计算，不是溶解度、渗透性、稳定性或口服吸收的实验结果。"
"A1H2I","(2~{S})-2-azanyl-3-[(3~{S})-5-oxidanyl-2-oxidanylidene-1,3-dihydroindol-3-yl]propanoic acid","TRP","TRP","manual-review","完整天然母体不是衍生物的直接子结构，可能涉及原子替换、断键、成环或立体化学边界","","","31.99","1","2","33.54","-0.892","0","0",""
"A1H45","(2~{S})-2-azanyl-3-[(3~{R})-5-oxidanyl-2-oxidanylidene-1,3-dihydroindol-3-yl]propanoic acid","TRP","TRP","manual-review","完整天然母体不是衍生物的直接子结构，可能涉及原子替换、断键、成环或立体化学边界","","","31.99","1","2","33.54","-0.892","0","0",""
"A1H5N","2-Imino-2-phenylethanol-lysine","LYS","LYS","manual-review","完整天然母体不是衍生物的直接子结构，可能涉及原子替换、断键、成环或立体化学边界","","","117.035","0","2","4.95","2.24","3","1",""
"A1H5W","3-azido-L-alanine","ALA","ALA","auto-structure-difference","天然母体完整保留；检测到新增3个N（N连接到C）","1","{""N"":3}","42.009","1","2","50.31","-0.47","2","0","结构差异和分子描述符由RDKit计算，不是溶解度、渗透性、稳定性或口服吸收的实验结果。"
"A1H96","(2~{S})-2-azanyl-6-(propan-2-ylcarbamothioylamino)hexanoic acid","LYS","LYS","manual-review","完整天然母体不是衍生物的直接子结构，可能涉及原子替换、断键、成环或立体化学边界","","","100.023","1","1","-3.58","1.631","2","0",""
"A1I9G","3(S)-methyl-histidine","HIS","HIS","manual-review","完整天然母体不是衍生物的直接子结构，可能涉及原子替换、断键、成环或立体化学边界","","","13.008","0","1","-1.25","1.142","0","0",""
"A1ICB","(2S,4S)-4-[(2-chloranyl-5-methyl-phenyl)carbonylamino]pyrrolidine-2-carboxylic acid","PRO","PRO","auto-structure-difference","天然母体完整保留；检测到新增8个C、1个Cl、1个N、1个O（N连接到C）","1","{""C"":8,""Cl"":1,""N"":1,""O"":1}","167.014","1","1","29.1","1.37","2","1","结构差异和分子描述符由RDKit计算，不是溶解度、渗透性、稳定性或口服吸收的实验结果。"
"A1ICC","(2S,4S)-4-(isoquinolin-1-ylcarbonylamino)pyrrolidine-2-carboxylic acid","PRO","PRO","auto-structure-difference","天然母体完整保留；检测到新增10个C、2个N、1个O（N连接到C）","1","{""C"":10,""N"":2,""O"":1}","170.048","1","2","41.99","0.957","2","2","结构差异和分子描述符由RDKit计算，不是溶解度、渗透性、稳定性或口服吸收的实验结果。"
"A1IHG","(S)-2-amino-3-(9-oxo-9H-thioxanthen-2-yl)propanoic acid","PHE","PHE","auto-structure-difference","天然母体完整保留；检测到新增7个C、1个O、1个S（C连接到C；S连接到C）","1","{""C"":7,""O"":1,""S"":1}","133.983","0","2","17.07","1.728","0","2","结构差异和分子描述符由RDKit计算，不是溶解度、渗透性、稳定性或口服吸收的实验结果。"
"A1IID","4-mercaptophenyl-alanine","PHE","PHE","auto-structure-difference","天然母体完整保留；检测到新增1个S（S连接到C）","1","{""S"":1}","31.972","1","1","0","0.289","0","0","结构差异和分子描述符由RDKit计算，不是溶解度、渗透性、稳定性或口服吸收的实验结果。"
"A1IKP","TRIPHOSPHOSERINE","SER","SER","auto-structure-difference","天然母体完整保留；检测到新增9个O、3个P（P连接到O）","1","{""O"":9,""P"":3}","239.899","3","5","139.59","0.351","6","0","结构差异和分子描述符由RDKit计算，不是溶解度、渗透性、稳定性或口服吸收的实验结果。"
"A1IPL","para-boronophenylalanine","PHE","PHE","manual-review","RCSB CCD A1IPL采用四配位中性硼的特殊SMILES表达，RDKit标准价态检查无法可靠计算；为避免虚构数值，本条不生成描述符差值","","","","","","","","","","结构无法通过RDKit标准价态检查，因此不报告HBD、HBA、TPSA、cLogP等计算差值。"
"A1IQX","NE2-acetamide-histidine","HIS","HIS","manual-review","完整天然母体不是衍生物的直接子结构，可能涉及原子替换、断键、成环或立体化学边界","","","56.014","0","2","30.98","-0.46","2","0",""
"A1JCN","(2~{S})-2-azanyl-3-[3-methyl-1-[(1~{S})-2-methylidene-3-oxidanylidene-cyclohexyl]imidazol-4-yl]propanoic acid","HIS","HIS","manual-review","完整天然母体不是衍生物的直接子结构，可能涉及原子替换、断键、成环或立体化学边界","","","122.073","-1","1","-4.05","1.334","1","1",""
"A1JNL","(2~{S})-2-[3-(1~{H}-1,2,3-triazol-4-yl)propylamino]butanoic acid","ALA","ALA","auto-structure-difference","天然母体完整保留；检测到新增6个C、3个N（C连接到C；C连接到N）","1","{""C"":6,""N"":3}","123.08","1","2","27.58","0.772","6","1","结构差异和分子描述符由RDKit计算，不是溶解度、渗透性、稳定性或口服吸收的实验结果。"
"A1L2U","1-(6-azanylhexanoyl)pyrrolidine-2-carboxylic acid","PRO","PRO","auto-structure-difference","天然母体完整保留；检测到新增6个C、1个N、1个O（C连接到N）","1","{""C"":6,""N"":1,""O"":1}","113.084","0","1","34.3","0.758","5","0","结构差异和分子描述符由RDKit计算，不是溶解度、渗透性、稳定性或口服吸收的实验结果。"
"A1L4B","(2S)-2-azanyl-5-nitroso-5-oxidanylidene-pentanoic acid","GLN","GLN","auto-structure-difference","天然母体完整保留；检测到新增1个O（O连接到N）","1","{""O"":1}","13.979","-1","1","3.41","0.808","0","0","结构差异和分子描述符由RDKit计算，不是溶解度、渗透性、稳定性或口服吸收的实验结果。"
"A1L4D","(2~{S})-2-benzamido-3-phenyl-propanoic acid","PHE","PHE","auto-structure-difference","天然母体完整保留；检测到新增7个C、1个O（C连接到N）","1","{""C"":7,""O"":1}","104.026","0","0","3.08","1.471","2","1","结构差异和分子描述符由RDKit计算，不是溶解度、渗透性、稳定性或口服吸收的实验结果。"
"A1L7E","(2~{S})-2-azanyl-3-(7-iodanyl-1~{H}-indol-3-yl)propanoic acid","TRP","TRP","auto-structure-difference","天然母体完整保留；检测到新增1个I（I连接到C）","1","{""I"":1}","125.897","0","0","0","0.605","0","0","结构差异和分子描述符由RDKit计算，不是溶解度、渗透性、稳定性或口服吸收的实验结果。"
"A1LTQ","ADP-RIBOXANATED ARGININE","ARG","ARG","manual-review","完整天然母体不是衍生物的直接子结构，可能涉及原子替换、断键、成环或立体化学边界","","","523.027","4","16","223.74","0.35","9","5",""
"A1LUD","S-METHYL-METHIONINE","MET","MET","auto-structure-difference","天然母体完整保留；检测到新增1个C（C连接到S）","2","{""C"":1}","15.023","0","-1","0","-0.485","0","0","结构差异和分子描述符由RDKit计算，不是溶解度、渗透性、稳定性或口服吸收的实验结果。"
"A1LUT","(3R)-3-HYDROXY-ASPARAGINE","ASN","ASN","auto-structure-difference","天然母体完整保留；检测到新增1个O（O连接到C）","1","{""O"":1}","15.995","1","1","20.23","-1.029","0","0","结构差异和分子描述符由RDKit计算，不是溶解度、渗透性、稳定性或口服吸收的实验结果。"
"A1LUV","(5S)-5-HYDROXY-LYSINE","LYS","LYS","auto-structure-difference","天然母体完整保留；检测到新增1个O（O连接到C）","1","{""O"":1}","15.995","1","1","20.23","-1.029","0","0","结构差异和分子描述符由RDKit计算，不是溶解度、渗透性、稳定性或口服吸收的实验结果。"
"A1LWV","(2~{S})-2-azanyl-6-(5-oxidanylidenepentanoylamino)hexanoic acid","LYS","LYS","manual-review","完整天然母体不是衍生物的直接子结构，可能涉及原子替换、断键、成环或立体化学边界","","","97.03","0","2","18.53","1.243","5","0",""
"A1MCG","(2~{S})-2-azanyl-3-[4-(pyrimidin-2-ylamino)phenyl]propanoic acid","PHE","PHE","auto-structure-difference","天然母体完整保留；检测到新增4个C、3个N（N连接到C）","1","{""C"":4,""N"":3}","93.033","1","3","37.81","0.534","2","1","结构差异和分子描述符由RDKit计算，不是溶解度、渗透性、稳定性或口服吸收的实验结果。"
"A1MF6","(2~{S})-2-(aminomethyl)-4-methyl-pentanoic acid","LEU","LEU","manual-review","完整天然母体不是衍生物的直接子结构，可能涉及原子替换、断键、成环或立体化学边界","","","14.016","0","0","0","0.248","1","0",""
"A30","O-ethyl-L-tyrosine","TYR","TYR","auto-structure-difference","天然母体完整保留；检测到新增2个C（C连接到O）","1","{""C"":2}","28.031","-1","0","-11","0.693","2","0","结构差异和分子描述符由RDKit计算，不是溶解度、渗透性、稳定性或口服吸收的实验结果。"
"A3U","4-acetamido-L-phenylalanine","PHE","PHE","auto-structure-difference","天然母体完整保留；检测到新增2个C、1个N、1个O（N连接到C）","1","{""C"":2,""N"":1,""O"":1}","57.021","1","1","29.1","-0.042","1","0","结构差异和分子描述符由RDKit计算，不是溶解度、渗透性、稳定性或口服吸收的实验结果。"
"A5N","O-carboxy-4-imino-L-homoserine","ASN","ASN","manual-review","完整天然母体不是衍生物的直接子结构，可能涉及原子替换、断键、成环或立体化学边界","","","43.99","1","2","27.29","1.187","0","0",""
"A66","N-(3,7-Diaminopurin-6-ylacetyl)-L-lysine","LYS","LYS","manual-review","完整天然母体不是衍生物的直接子结构，可能涉及原子替换、断键、成环或立体化学边界","","","217.084","1","6","88.31","-0.032","5","2",""
"A8E","(2S)-2-amino-4-bromopent-4-enoic acid","VAL","VAL","manual-review","完整天然母体不是衍生物的直接子结构，可能涉及原子替换、断键、成环或立体化学边界","","","75.895","0","0","0","0.643","1","0",""
"AA4","2-AMINO-5-HYDROXYPENTANOIC ACID","ALA","ALA","auto-structure-difference","天然母体完整保留；检测到新增2个C、1个O（C连接到C）","1","{""C"":2,""O"":1}","44.026","1","1","20.23","-0.247","3","0","结构差异和分子描述符由RDKit计算，不是溶解度、渗透性、稳定性或口服吸收的实验结果。"
"AAR","ARGININEAMIDE","ARG","ARG","manual-review","完整天然母体不是衍生物的直接子结构，可能涉及原子替换、断键、成环或立体化学边界","","","-0.984","0","0","5.79","-0.599","0","0",""
"ABA","ALPHA-AMINOBUTYRIC ACID","ALA","ALA","auto-structure-difference","天然母体完整保留；检测到新增1个C（C连接到C）","1","{""C"":1}","14.016","0","0","0","0.39","1","0","结构差异和分子描述符由RDKit计算，不是溶解度、渗透性、稳定性或口服吸收的实验结果。"
"AEA","(2-AMINO-2-CARBAMOYL-ETHYLSULFANYL)-ACETIC ACID","CYS","CYS","manual-review","完整天然母体不是衍生物的直接子结构，可能涉及原子替换、断键、成环或立体化学边界","","","57.021","0","1","43.09","-0.711","3","0",""
"AEI","THREONINE-ASPARTIC ESTER","THR","THR","auto-structure-difference","天然母体完整保留；检测到新增4个C、1个N、3个O（C连接到O）","1","{""C"":4,""N"":1,""O"":3}","115.027","1","3","69.39","-0.647","4","0","结构差异和分子描述符由RDKit计算，不是溶解度、渗透性、稳定性或口服吸收的实验结果。"
"AFA","N-[7-METHYL-OCT-2,4-DIENOYL]ASPARAGINE","ASN","ASN","auto-structure-difference","天然母体完整保留；检测到新增9个C、1个O（C连接到N）","1","{""C"":9,""O"":1}","136.089","0","0","3.08","2.316","5","0","结构差异和分子描述符由RDKit计算，不是溶解度、渗透性、稳定性或口服吸收的实验结果。"
"AGM","5-METHYL-ARGININE","ARG","ARG","auto-structure-difference","天然母体完整保留；检测到新增1个C（C连接到C）","1","{""C"":1}","14.016","0","0","0","0.389","0","0","结构差异和分子描述符由RDKit计算，不是溶解度、渗透性、稳定性或口服吸收的实验结果。"
"AGQ","3-[(3E)-3-(carbamimidoylhydrazono)-4-hydroxy-6-oxocyclohexa-1,4-dien-1-yl]-L-alanine","TYR","TYR","manual-review","完整天然母体不是衍生物的直接子结构，可能涉及原子替换、断键、成环或立体化学边界","","","86.023","3","3","91.33","-1.768","1","0",""
"AGT","S-{(S)-AMINO[(4-AMINOBUTYL)AMINO]METHYL}-L-CYSTEINE","CYS","CYS","auto-structure-difference","天然母体完整保留；检测到新增5个C、3个N（C连接到S）","1","{""C"":5,""N"":3}","115.111","2","3","64.07","-0.626","7","0","结构差异和分子描述符由RDKit计算，不是溶解度、渗透性、稳定性或口服吸收的实验结果。"
"AHB","BETA-HYDROXYASPARAGINE","ASN","ASN","auto-structure-difference","天然母体完整保留；检测到新增1个O（O连接到C）","1","{""O"":1}","15.995","1","1","20.23","-1.029","0","0","结构差异和分子描述符由RDKit计算，不是溶解度、渗透性、稳定性或口服吸收的实验结果。"
"AHO","N-ACETYL-N-HYDROXY-L-ORNITHINE","ALA","ALA","auto-structure-difference","天然母体完整保留；检测到新增4个C、1个N、2个O（C连接到C）","1","{""C"":4,""N"":1,""O"":2}","101.048","1","2","40.54","-0.002","4","0","结构差异和分子描述符由RDKit计算，不是溶解度、渗透性、稳定性或口服吸收的实验结果。"
"AHP","2-AMINO-HEPTANOIC ACID","ALA","ALA","auto-structure-difference","天然母体完整保留；检测到新增4个C（C连接到C）","1","{""C"":4}","56.063","0","0","0","1.56","4","0","结构差异和分子描述符由RDKit计算，不是溶解度、渗透性、稳定性或口服吸收的实验结果。"
"AIB","ALPHA-AMINOISOBUTYRIC ACID","ALA","ALA","auto-structure-difference","天然母体完整保留；检测到新增1个C（C连接到C）","2","{""C"":1}","14.016","0","0","0","0.39","0","0","结构差异和分子描述符由RDKit计算，不是溶解度、渗透性、稳定性或口服吸收的实验结果。"
"ALC","2-AMINO-3-CYCLOHEXYL-PROPIONIC ACID","ALA","ALA","auto-structure-difference","天然母体完整保留；检测到新增6个C（C连接到C）","1","{""C"":6}","82.078","0","0","0","1.95","2","1","结构差异和分子描述符由RDKit计算，不是溶解度、渗透性、稳定性或口服吸收的实验结果。"
"ALN","NAPHTHALEN-2-YL-3-ALANINE","ALA","ALA","auto-structure-difference","天然母体完整保留；检测到新增10个C（C连接到C）","1","{""C"":10}","126.047","0","0","0","2.376","2","2","结构差异和分子描述符由RDKit计算，不是溶解度、渗透性、稳定性或口服吸收的实验结果。"
"ALO","ALLO-THREONINE","THR","THR","auto-structure-difference","天然母体完整保留；检测到新增没有新增重原子","1","{}","0","0","0","0","0","0","0","结构差异和分子描述符由RDKit计算，不是溶解度、渗透性、稳定性或口服吸收的实验结果。"
"ALS","(3S)-3-(sulfooxy)-L-serine","SER","SER","manual-review","母体在衍生物中存在多个不一致映射，需要人工确认修饰位置","2","{""O"":4,""S"":1}","95.952","1","3","63.6","-0.855","2","0","结构差异和分子描述符由RDKit计算，不是溶解度、渗透性、稳定性或口服吸收的实验结果。"
"ALT","THIOALANINE","ALA","ALA","manual-review","完整天然母体不是衍生物的直接子结构，可能涉及原子替换、断键、成环或立体化学边界","","","15.977","0","0","-17.07","0.801","0","0",""
"ALY","N(6)-ACETYLLYSINE","LYS","LYS","manual-review","完整天然母体不是衍生物的直接子结构，可能涉及原子替换、断键、成环或立体化学边界","","","41.003","0","1","1.46","0.894","1","0",""
"AN6","5'-{[(3S)-3-amino-3-carboxypropyl](ethyl)amino}-5'-deoxyadenosine","LEU","LEU","manual-review","完整天然母体不是衍生物的直接子结构，可能涉及原子替换、断键、成环或立体化学边界","","","264.097","3","8","122.55","-2.293","5","3",""
"AN8","(2S)-2-aminononanoic acid","ALA","ALA","auto-structure-difference","天然母体完整保留；检测到新增6个C（C连接到C）","1","{""C"":6}","84.094","0","0","0","2.341","6","0","结构差异和分子描述符由RDKit计算，不是溶解度、渗透性、稳定性或口服吸收的实验结果。"
"API","2,6-DIAMINOPIMELIC ACID","LYS","LYS","manual-review","完整天然母体不是衍生物的直接子结构，可能涉及原子替换、断键、成环或立体化学边界","","","42.983","1","2","35.68","0.17","1","0",""
"APK","5'-O-[(S)-{[(5S)-5-AMINO-6-OXOHEXYL]AMINO}(HYDROXY)PHOSPHORYL]ADENOSINE","LYS","LYS","manual-review","完整天然母体不是衍生物的直接子结构，可能涉及原子替换、断键、成环或立体化学边界","","","312.05","3","9","130","-0.38","6","3",""
"AR2","ARGINYL-BENZOTHIAZOLE-6-CARBOXYLIC ACID","ARG","ARG","manual-review","完整天然母体不是衍生物的直接子结构，可能涉及原子替换、断键、成环或立体化学边界","","","159.986","0","4","28.22","3.926","2","2",""
"ARM","DEOXY-METHYL-ARGININE","ARG","ARG","manual-review","完整天然母体不是衍生物的直接子结构，可能涉及原子替换、断键、成环或立体化学边界","","","-2.987","-1","1","-21.97","2.324","0","0",""
"ARO","C-GAMMA-HYDROXY ARGININE","ARG","ARG","auto-structure-difference","天然母体完整保留；检测到新增1个O（O连接到C）","1","{""O"":1}","15.995","1","1","20.23","-1.029","0","0","结构差异和分子描述符由RDKit计算，不是溶解度、渗透性、稳定性或口服吸收的实验结果。"
"AS7","N4-(4-cyanobenzyl)-L-asparagine","ASN","ASN","auto-structure-difference","天然母体完整保留；检测到新增8个C、1个N（C连接到N）","1","{""C"":8,""N"":1}","115.042","0","1","9.8","1.703","2","1","结构差异和分子描述符由RDKit计算，不是溶解度、渗透性、稳定性或口服吸收的实验结果。"
"ASA","ASPARTIC ALDEHYDE","ASP","ASP","manual-review","完整天然母体不是衍生物的直接子结构，可能涉及原子替换、断键、成环或立体化学边界","","","-15.995","-1","0","-20.23","0.114","0","0",""
"ASB","ASPARTIC ACID-4-CARBOXYMETHYL ESTER","ASP","ASP","auto-structure-difference","天然母体完整保留；检测到新增2个C、2个O（C连接到O）","1","{""C"":2,""O"":2}","58.005","0","2","26.3","-0.457","2","0","结构差异和分子描述符由RDKit计算，不是溶解度、渗透性、稳定性或口服吸收的实验结果。"
"ASL","ASPARTIC ACID-4-CARBOXYETHYL ESTER","ASP","ASP","auto-structure-difference","天然母体完整保留；检测到新增3个C、2个O（C连接到O）","1","{""C"":3,""O"":2}","72.021","0","2","26.3","-0.068","2","0","结构差异和分子描述符由RDKit计算，不是溶解度、渗透性、稳定性或口服吸收的实验结果。"
"AYA","N-ACETYLALANINE","ALA","ALA","auto-structure-difference","天然母体完整保留；检测到新增2个C、1个O（C连接到N）","1","{""C"":2,""O"":1}","42.011","0","0","3.08","0.177","1","0","结构差异和分子描述符由RDKit计算，不是溶解度、渗透性、稳定性或口服吸收的实验结果。"
"AZH","AZIDOHOMOALANINE","ALA","ALA","auto-structure-difference","天然母体完整保留；检测到新增1个C、3个N（C连接到C）","1","{""C"":1,""N"":3}","56.024","1","2","50.31","-0.079","3","0","结构差异和分子描述符由RDKit计算，不是溶解度、渗透性、稳定性或口服吸收的实验结果。"
"AZK","(S)-2-AMINO-6-AZIDOHEXANOIC ACID","LYS","LYS","manual-review","完整天然母体不是衍生物的直接子结构，可能涉及原子替换、断键、成环或立体化学边界","","","11.004","-1","1","4.05","1.976","1","0",""
"AZS","O-DIAZOACETYL-L-SERINE","SER","SER","auto-structure-difference","天然母体完整保留；检测到新增2个C、2个N、1个O（C连接到O）","1","{""C"":2,""N"":2,""O"":1}","68.001","-1","1","42.47","-0.149","2","0","结构差异和分子描述符由RDKit计算，不是溶解度、渗透性、稳定性或口服吸收的实验结果。"
"AZY","3-AZIDO-L-TYROSINE","TYR","TYR","auto-structure-difference","天然母体完整保留；检测到新增3个N（N连接到C）","1","{""N"":3}","41.001","0","1","48.76","0.942","1","0","结构差异和分子描述符由RDKit计算，不是溶解度、渗透性、稳定性或口服吸收的实验结果。"
"B3A","(3S)-3-AMINOBUTANOIC ACID","ALA","ALA","manual-review","完整天然母体不是衍生物的直接子结构，可能涉及原子替换、断键、成环或立体化学边界","","","14.016","0","0","0","0.39","1","0",""
"B3D","3-AMINOPENTANEDIOIC ACID","ASP","ASP","manual-review","完整天然母体不是衍生物的直接子结构，可能涉及原子替换、断键、成环或立体化学边界","","","14.016","0","0","0","0.39","1","0",""
"B3E","(3S)-3-AMINOHEXANEDIOIC ACID","GLU","GLU","manual-review","完整天然母体不是衍生物的直接子结构，可能涉及原子替换、断键、成环或立体化学边界","","","14.016","0","0","0","0.39","1","0",""
"B3K","(3S)-3,7-DIAMINOHEPTANOIC ACID","LYS","LYS","manual-review","完整天然母体不是衍生物的直接子结构，可能涉及原子替换、断键、成环或立体化学边界","","","13.008","0","1","-1.62","1.107","1","0",""
"B3U","2-amino-L-histidine","HIS","HIS","manual-review","完整天然母体不是衍生物的直接子结构，可能涉及原子替换、断键、成环或立体化学边界","","","14.004","1","2","24.77","0.163","0","0",""
"B3X","(3S)-3,5-DIAMINO-5-OXOPENTANOIC ACID","ASN","ASN","manual-review","完整天然母体不是衍生物的直接子结构，可能涉及原子替换、断键、成环或立体化学边界","","","14.016","0","0","0","0.39","1","0",""
"B3Y","(3S)-3-AMINO-4-(4-HYDROXYPHENYL)BUTANOIC ACID","TYR","TYR","manual-review","完整天然母体不是衍生物的直接子结构，可能涉及原子替换、断键、成环或立体化学边界","","","14.016","0","0","0","0.39","1","0",""
"BB6","(2Z)-2-amino-3-sulfanylbut-2-enoic acid","CYS","CYS","manual-review","完整天然母体不是衍生物的直接子结构，可能涉及原子替换、断键、成环或立体化学边界","","","12","0","0","0","0.863","-1","0",""
"BB7","(2Z)-2-amino-4-methoxy-3-sulfanylbut-2-enoic acid","CYS","CYS","manual-review","完整天然母体不是衍生物的直接子结构，可能涉及原子替换、断键、成环或立体化学边界","","","42.011","0","1","9.23","0.489","1","0",""
"BB8","(2S,3S)-BETA-HYDROXY-PHENYLALANINE","PHE","PHE","auto-structure-difference","天然母体完整保留；检测到新增1个O（O连接到C）","1","{""O"":1}","15.995","1","1","20.23","-0.509","0","0","结构差异和分子描述符由RDKit计算，不是溶解度、渗透性、稳定性或口服吸收的实验结果。"
"BB9","(2Z)-2-amino-3-sulfanylprop-2-enoic acid","CYS","CYS","manual-review","完整天然母体不是衍生物的直接子结构，可能涉及原子替换、断键、成环或立体化学边界","","","-2.016","0","0","0","0.473","-1","0",""
"BBC","3-[(4-AMINOBUTYL)SULFINYL]-2-IMINOPROPAN-1-OL","CYS","CYS","manual-review","完整天然母体不是衍生物的直接子结构，可能涉及原子替换、断键、成环或立体化学边界","","","71.074","0","1","23.85","0.158","5","0",""
"BCS","BENZYLCYSTEINE","CYS","CYS","auto-structure-difference","天然母体完整保留；检测到新增7个C（C连接到S）","1","{""C"":7}","90.047","-1","0","0","2.004","3","1","结构差异和分子描述符由RDKit计算，不是溶解度、渗透性、稳定性或口服吸收的实验结果。"
"BCX","(3R)-3-amino-4-sulfanylbutanoic acid","CYS","CYS","manual-review","完整天然母体不是衍生物的直接子结构，可能涉及原子替换、断键、成环或立体化学边界","","","14.016","0","0","0","0.39","1","0",""
"BFD","ASPARTATE BERYLLIUM TRIFLUORIDE","ASP","ASP","auto-structure-difference","天然母体完整保留；检测到新增3个F、1个Z4（Z4连接到O）","1","{""F"":3,""Z4"":1}","65.001","-1","1","-11","0.803","1","0","结构差异和分子描述符由RDKit计算，不是溶解度、渗透性、稳定性或口服吸收的实验结果。"
"BG1","O-[(2S)-2-{methyl[(methylamino)sulfonyl]amino}pentanoyl]-L-serine","SER","SER","auto-structure-difference","天然母体完整保留；检测到新增7个C、2个N、3个O、1个S（C连接到O）","1","{""C"":7,""N"":2,""O"":3,""S"":1}","206.073","0","3","55.48","0.116","7","0","结构差异和分子描述符由RDKit计算，不是溶解度、渗透性、稳定性或口服吸收的实验结果。"
"BG4","5-(HYDROXY-METHYL-AMINO)-3-METHYL-PYRROLIDINE-2-CARBOXYLIC ACID","PRO","PRO","auto-structure-difference","天然母体完整保留；检测到新增2个C、1个N、1个O（C连接到C；N连接到C）","1","{""C"":2,""N"":1,""O"":1}","59.037","1","2","23.47","-0.107","1","0","结构差异和分子描述符由RDKit计算，不是溶解度、渗透性、稳定性或口服吸收的实验结果。"
"BG5","5-HYDROXYAMINO-3-METHYL-PYRROLIDINE-2-CARBOXYLIC ACID","PRO","PRO","auto-structure-difference","天然母体完整保留；检测到新增1个C、1个N、1个O（C连接到C；N连接到C）","1","{""C"":1,""N"":1,""O"":1}","45.021","2","2","32.26","-0.449","1","0","结构差异和分子描述符由RDKit计算，不是溶解度、渗透性、稳定性或口服吸收的实验结果。"
"BH2","(3R)-3-hydroxy-L-aspartic acid","ASP","ASP","auto-structure-difference","天然母体完整保留；检测到新增1个O（O连接到C）","1","{""O"":1}","15.995","1","1","20.23","-1.029","0","0","结构差异和分子描述符由RDKit计算，不是溶解度、渗透性、稳定性或口服吸收的实验结果。"
"BHD","(3S)-3-hydroxy-L-aspartic acid","ASP","ASP","auto-structure-difference","天然母体完整保留；检测到新增1个O（O连接到C）","1","{""O"":1}","15.995","1","1","20.23","-1.029","0","0","结构差异和分子描述符由RDKit计算，不是溶解度、渗透性、稳定性或口服吸收的实验结果。"
"BIF","(R)-2-AMINO-3-(4-PHENYLCYCLOHEXYL)PROPANOIC ACID","PHE","PHE","auto-structure-difference","天然母体完整保留；检测到新增6个C（C连接到C）","1","{""C"":6}","76.031","0","0","0","1.667","1","1","结构差异和分子描述符由RDKit计算，不是溶解度、渗透性、稳定性或口服吸收的实验结果。"
"BIU","5-bromo-L-isoleucine","ILE","ILE","auto-structure-difference","天然母体完整保留；检测到新增1个Br（Br连接到C）","1","{""Br"":1}","77.911","0","0","0","0.375","1","0","结构差异和分子描述符由RDKit计算，不是溶解度、渗透性、稳定性或口服吸收的实验结果。"
"BL2","N-(tert-butoxycarbonyl)-L-leucine","LEU","LEU","auto-structure-difference","天然母体完整保留；检测到新增5个C、2个O（C连接到N）","1","{""C"":5,""O"":2}","100.052","0","1","12.31","1.566","1","0","结构差异和分子描述符由RDKit计算，不是溶解度、渗透性、稳定性或口服吸收的实验结果。"
"BMT","4-METHYL-4-[(E)-2-BUTENYL]-4,N-METHYL-THREONINE","THR","THR","auto-structure-difference","天然母体完整保留；检测到新增6个C（C连接到C；C连接到N）","1","{""C"":6}","82.078","0","0","-13.99","1.843","4","0","结构差异和分子描述符由RDKit计算，不是溶解度、渗透性、稳定性或口服吸收的实验结果。"
"BNN","ACETYL-P-AMIDINOPHENYLALANINE","PHE","PHE","auto-structure-difference","天然母体完整保留；检测到新增3个C、1个H、2个N、1个O（C连接到C；C连接到N）","1","{""C"":3,""H"":1,""N"":2,""O"":1}","84.032","2","1","52.95","-0.539","2","0","结构差异和分子描述符由RDKit计算，不是溶解度、渗透性、稳定性或口服吸收的实验结果。"
"BP5","3-(2,2'-BIPYRIDIN-5-YL)-L-ALANINE","ALA","ALA","auto-structure-difference","天然母体完整保留；检测到新增10个C、2个N（C连接到C）","1","{""C"":10,""N"":2}","154.053","0","2","25.78","1.68","3","2","结构差异和分子描述符由RDKit计算，不是溶解度、渗透性、稳定性或口服吸收的实验结果。"
"BPE","(2S)-2-AMINO-3-[(3-AMINOPROPYL)SULFANYL]PROPAN-1-OL","CYS","CYS","manual-review","完整天然母体不是衍生物的直接子结构，可能涉及原子替换、断键、成环或立体化学边界","","","43.079","0","1","8.95","0.06","4","0",""
"BSE","BETA-3-SERINE","SER","SER","manual-review","完整天然母体不是衍生物的直接子结构，可能涉及原子替换、断键、成环或立体化学边界","","","14.016","0","0","0","0.248","1","0",""
"BTK","N~6~-butanoyl-L-lysine","LYS","LYS","manual-review","完整天然母体不是衍生物的直接子结构，可能涉及原子替换、断键、成环或立体化学边界","","","69.035","0","1","1.46","1.674","3","0",""
"BTR","6-BROMO-TRYPTOPHAN","TRP","TRP","auto-structure-difference","天然母体完整保留；检测到新增1个Br（Br连接到C）","1","{""Br"":1}","77.911","0","0","0","0.762","0","0","结构差异和分子描述符由RDKit计算，不是溶解度、渗透性、稳定性或口服吸收的实验结果。"
"BUC","S,S-BUTYLTHIOCYSTEINE","CYS","CYS","auto-structure-difference","天然母体完整保留；检测到新增4个C、1个S（S连接到S）","1","{""C"":4,""S"":1}","88.035","-1","1","0","2.252","5","0","结构差异和分子描述符由RDKit计算，不是溶解度、渗透性、稳定性或口服吸收的实验结果。"
"BWV","N~5~-(N-butylcarbamimidoyl)-L-ornithine","ARG","ARG","manual-review","完整天然母体不是衍生物的直接子结构，可能涉及原子替换、断键、成环或立体化学边界","","","55.055","0","1","-15.73","3.251","3","0",""
"BXT","(2~{S})-2-azanyl-3-[ethyl(methyl)carbamoyl]oxy-propanoic acid","SER","SER","auto-structure-difference","天然母体完整保留；检测到新增4个C、1个N、1个O（C连接到O）","1","{""C"":4,""N"":1,""O"":1}","85.053","-1","1","9.31","1.096","2","0","结构差异和分子描述符由RDKit计算，不是溶解度、渗透性、稳定性或口服吸收的实验结果。"
"BYR","3-bromo-L-tyrosine","TYR","TYR","auto-structure-difference","天然母体完整保留；检测到新增1个Br（Br连接到C）","1","{""Br"":1}","77.911","0","0","0","0.762","0","0","结构差异和分子描述符由RDKit计算，不是溶解度、渗透性、稳定性或口服吸收的实验结果。"
"C1T","S-[(1S,6R)-3,6-dihydroxy-4-methyl-2,5-dioxocyclohex-3-en-1-yl]-L-cysteine","CYS","CYS","auto-structure-difference","天然母体完整保留；检测到新增7个C、4个O（C连接到S）","1","{""C"":7,""O"":4}","154.027","1","4","74.6","-0.483","2","1","结构差异和分子描述符由RDKit计算，不是溶解度、渗透性、稳定性或口服吸收的实验结果。"
"C1X","(Z)-N~6~-[(4R,5S)-5-(2-CARBOXYETHYL)-4-(CARBOXYMETHYL)DIHYDRO-2H-THIOPYRAN-3(4H)-YLIDENE]-L-LYSINE","LYS","LYS","manual-review","完整天然母体不是衍生物的直接子结构，可能涉及原子替换、断键、成环或立体化学边界","","","227.038","1","4","59.32","2.518","6","1",""
"C22","3-chloro-L-alanine","ALA","ALA","auto-structure-difference","天然母体完整保留；检测到新增1个Cl（Cl连接到C）","1","{""Cl"":1}","33.961","0","0","0","0.219","1","0","结构差异和分子描述符由RDKit计算，不是溶解度、渗透性、稳定性或口服吸收的实验结果。"
"C3Y","S-[(1S)-1-HYDROXY-1-(HYDROXYAMINO)ETHYL]-L-CYSTEINE","CYS","CYS","auto-structure-difference","天然母体完整保留；检测到新增2个C、1个N、2个O（C连接到S）","1","{""C"":2,""N"":1,""O"":2}","75.032","2","3","52.49","-0.552","3","0","结构差异和分子描述符由RDKit计算，不是溶解度、渗透性、稳定性或口服吸收的实验结果。"
"C4R","(R)-2-amino-3-(bicyclo[2.2.1]hepta-2,5-dien-7-ylthio)propanoic acid rhodium","CYS","CYS","auto-structure-difference","天然母体完整保留；检测到新增7个C、1个Z45（Z45连接到S；C连接到S）","1","{""C"":7,""Z45"":1}","193.96","0","-1","0","1.252","1","5","结构差异和分子描述符由RDKit计算，不是溶解度、渗透性、稳定性或口服吸收的实验结果。"
"C5C","S-CYCLOPENTYL THIOCYSTEINE","CYS","CYS","auto-structure-difference","天然母体完整保留；检测到新增5个C、1个S（S连接到S）","1","{""C"":5,""S"":1}","100.035","-1","1","0","2.394","3","1","结构差异和分子描述符由RDKit计算，不是溶解度、渗透性、稳定性或口服吸收的实验结果。"
"C6C","S-CYCLOHEXYL THIOCYSTEINE","CYS","CYS","auto-structure-difference","天然母体完整保留；检测到新增6个C、1个S（S连接到S）","1","{""C"":6,""S"":1}","114.05","-1","1","0","2.784","3","1","结构差异和分子描述符由RDKit计算，不是溶解度、渗透性、稳定性或口服吸收的实验结果。"
"CAF","S-DIMETHYLARSINOYL-CYSTEINE","CYS","CYS","auto-structure-difference","天然母体完整保留；检测到新增2个C、1个O、1个Z33（Z33连接到S）","1","{""C"":2,""O"":1,""Z33"":1}","119.956","-1","1","17.07","0.936","2","0","结构差异和分子描述符由RDKit计算，不是溶解度、渗透性、稳定性或口服吸收的实验结果。"
"CAS","S-(DIMETHYLARSENIC)CYSTEINE","CYS","CYS","auto-structure-difference","天然母体完整保留；检测到新增2个C、1个Z33（Z33连接到S）","1","{""C"":2,""Z33"":1}","103.961","-1","0","0","1.054","2","0","结构差异和分子描述符由RDKit计算，不是溶解度、渗透性、稳定性或口服吸收的实验结果。"
"CCS","CARBOXYMETHYLATED CYSTEINE","CYS","CYS","auto-structure-difference","天然母体完整保留；检测到新增2个C、2个O（C连接到S）","1","{""C"":2,""O"":2}","58.005","0","1","37.3","-0.112","3","0","结构差异和分子描述符由RDKit计算，不是溶解度、渗透性、稳定性或口服吸收的实验结果。"
"CE7","(3S)-3-amino-4,4,4-trihydroxybutanamide","ASN","ASN","manual-review","完整天然母体不是衍生物的直接子结构，可能涉及原子替换、断键、成环或立体化学边界","","","18.011","2","2","23.39","-1.454","0","0",""
"CG6","beta-Methyl-Cysteine","CYS","CYS","auto-structure-difference","天然母体完整保留；检测到新增1个C（C连接到C）","1","{""C"":1}","14.016","0","0","0","0.389","0","0","结构差异和分子描述符由RDKit计算，不是溶解度、渗透性、稳定性或口服吸收的实验结果。"
"CGA","CARBOXYMETHYLATED GLUTAMIC ACID","GLU","GLU","auto-structure-difference","天然母体完整保留；检测到新增2个C、2个O（C连接到O）","1","{""C"":2,""O"":2}","58.005","0","2","26.3","-0.457","2","0","结构差异和分子描述符由RDKit计算，不是溶解度、渗透性、稳定性或口服吸收的实验结果。"
"CGU","GAMMA-CARBOXY-GLUTAMIC ACID","GLU","GLU","auto-structure-difference","天然母体完整保留；检测到新增1个C、2个O（C连接到C）","2","{""C"":1,""O"":2}","43.99","1","1","37.3","-0.689","1","0","结构差异和分子描述符由RDKit计算，不是溶解度、渗透性、稳定性或口服吸收的实验结果。"
"CGV","S-[(R)-carboxy(hydroxy)methyl]-L-cysteine","CYS","CYS","auto-structure-difference","天然母体完整保留；检测到新增2个C、3个O（C连接到S）","1","{""C"":2,""O"":3}","74","1","2","57.53","-0.794","3","0","结构差异和分子描述符由RDKit计算，不是溶解度、渗透性、稳定性或口服吸收的实验结果。"
"CHP","3-CHLORO-4-HYDROXYPHENYLGLYCINE","GLY","GLY","auto-structure-difference","天然母体完整保留；检测到新增6个C、1个Cl、1个O（C连接到C）","1","{""C"":6,""Cl"":1,""O"":1}","125.987","1","1","20.23","2.1","1","1","结构差异和分子描述符由RDKit计算，不是溶解度、渗透性、稳定性或口服吸收的实验结果。"
"CIR","CITRULLINE","ARG","ARG","manual-review","完整天然母体不是衍生物的直接子结构，可能涉及原子替换、断键、成环或立体化学边界","","","-0.023","-1","1","-8.52","2.005","0","0",""
"CLG","2-AMINO-6-[2-(2-AMINOOXY-ACETYLAMINO)-ACETYLAMINO]-HEXANOIC ACID","LYS","LYS","manual-review","完整天然母体不是衍生物的直接子结构，可能涉及原子替换、断键、成环或立体化学边界","","","129.031","2","4","65.81","-1.119","5","0",""
"CLH","2-AMINO-6-[2-(2-OXO-ACETYLAMINO)-ACETYLAMINO]-HEXANOIC ACID","LYS","LYS","manual-review","完整天然母体不是衍生物的直接子结构，可能涉及原子替换、断键、成环或立体化学边界","","","112.004","1","3","47.63","-0.811","4","0",""
"CLV","{(2S)-2-[(1S)-1-AMINOETHYL]-5-OXO-2,5-DIHYDRO-1H-IMIDAZOL-1-YL}ACETIC ACID","ALA;GLY;PHE","ALA","manual-review","CCD列出多个天然母体，需要人工确定主要母体","","","96.032","0","2","32.67","-0.761","2","1",""
"CME","S,S-(2-HYDROXYETHYL)THIOCYSTEINE","CYS","CYS","auto-structure-difference","天然母体完整保留；检测到新增2个C、1个O、1个S（S连接到S）","1","{""C"":2,""O"":1,""S"":1}","75.998","0","2","20.23","0.444","4","0","结构差异和分子描述符由RDKit计算，不是溶解度、渗透性、稳定性或口服吸收的实验结果。"
"CMH","S-(METHYLMERCURY)-L-CYSTEINE","CYS","CYS","auto-structure-difference","天然母体完整保留；检测到新增1个C、1个Z80（Z80连接到S）","1","{""C"":1,""Z80"":1}","215.986","-1","0","0","0.849","2","0","结构差异和分子描述符由RDKit计算，不是溶解度、渗透性、稳定性或口服吸收的实验结果。"
"CML","(2S)-2-{[(2R)-2-amino-2-carboxyethyl]sulfanyl}butanedioic acid","CYS","CYS","auto-structure-difference","天然母体完整保留；检测到新增4个C、4个O（C连接到S）","1","{""C"":4,""O"":4}","116.011","1","2","74.6","-0.269","5","0","结构差异和分子描述符由RDKit计算，不是溶解度、渗透性、稳定性或口服吸收的实验结果。"
"CMT","O-METHYLCYSTEINE","CYS","CYS","auto-structure-difference","天然母体完整保留；检测到新增1个C（C连接到O）","1","{""C"":1}","14.016","-1","1","-11","0.088","0","0","结构差异和分子描述符由RDKit计算，不是溶解度、渗透性、稳定性或口服吸收的实验结果。"
"CR0","[2-(1-AMINO-2-HYDROXYPROPYL)-2-HYDROXY-4-ISOBUTYL-5-OXO-2,5-DIHYDRO-1H-IMIDAZOL-1-YL]ACETALDEHYDE","GLY;LEU;THR","GLY","manual-review","CCD列出多个天然母体，需要人工确定主要母体","","","212.116","2","4","73.13","-0.275","5","1",""
"CR2","{(4Z)-2-(aminomethyl)-4-[(4-hydroxyphenyl)methylidene]-5-oxo-4,5-dihydro-1H-imidazol-1-yl}acetic acid","GLY;TYR","GLY","manual-review","CCD列出多个天然母体，需要人工确定主要母体","","","200.059","1","3","52.9","0.987","3","2",""
"CR5","(2R)-2-(AMINOMETHYL)-2,4-DIHYDROXY-5-OXO-3-(2-OXOETHYL)-2,5-DIHYDRO-1H-IMIDAZOL-3-IUM","GLY","GLY","auto-structure-difference","天然母体完整保留；检测到新增4个C、2个N、3个O（C连接到N）","1","{""C"":4,""N"":2,""O"":3}","129.029","3","2","72.57","-2.255","2","1","结构差异和分子描述符由RDKit计算，不是溶解度、渗透性、稳定性或口服吸收的实验结果。"
"CRG","[2-(1-AMINO-2-HYDROXY-PROPYL)-4-(3H-IMIDAZOL-4-YLMETHYLENE)-5-OXO-4,5-DIHYDRO-IMIDAZOL-1-YL]-ACETIC ACID","GLY;HIS;THR","GLY","manual-review","CCD列出多个天然母体，需要人工确定主要母体","","","218.08","2","4","81.58","-0.246","4","2",""
"CRX","[2-(1-AMINOETHYL)-2-HYDROXY-4-METHYLENE-5-OXOIMIDAZOLIDIN-1-YL]ACETIC ACID","ALA;GLY;SER","ALA","manual-review","CCD列出多个天然母体，需要人工确定主要母体","","","126.043","2","3","52.57","-1.408","2","1",""
"CS1","S-(2-ANILINYL-SULFANYL)-CYSTEINE","CYS","CYS","auto-structure-difference","天然母体完整保留；检测到新增6个C、1个N、1个S（S连接到S）","1","{""C"":6,""N"":1,""S"":1}","123.014","0","2","26.02","2.093","3","1","结构差异和分子描述符由RDKit计算，不是溶解度、渗透性、稳定性或口服吸收的实验结果。"
"CS3","S-[3-OXO-3-(2-THIENYL)PROPYL]-L-CYSTEINE","CYS","CYS","auto-structure-difference","天然母体完整保留；检测到新增7个C、1个O、1个S（C连接到S）","1","{""C"":7,""O"":1,""S"":1}","138.014","-1","2","17.07","2.138","5","1","结构差异和分子描述符由RDKit计算，不是溶解度、渗透性、稳定性或口服吸收的实验结果。"
"CS4","S-[3-(3,4-DICHLOROPHENYL)-3-OXOPROPYL]-L-CYSTEINE","CYS","CYS","auto-structure-difference","天然母体完整保留；检测到新增9个C、2个Cl、1个O（C连接到S）","1","{""C"":9,""Cl"":2,""O"":1}","199.98","-1","1","17.07","3.383","5","1","结构差异和分子描述符由RDKit计算，不是溶解度、渗透性、稳定性或口服吸收的实验结果。"
"CSA","S-ACETONYLCYSTEINE","CYS","CYS","auto-structure-difference","天然母体完整保留；检测到新增3个C、1个O（C连接到S）","1","{""C"":3,""O"":1}","56.026","-1","1","17.07","0.392","3","0","结构差异和分子描述符由RDKit计算，不是溶解度、渗透性、稳定性或口服吸收的实验结果。"
"CSB","CYS BOUND TO LEAD ION","CYS","CYS","auto-structure-difference","天然母体完整保留；检测到新增1个Z82（Z82连接到S）","1","{""Z82"":1}","206.968","-1","0","0","-0.113","1","0","结构差异和分子描述符由RDKit计算，不是溶解度、渗透性、稳定性或口服吸收的实验结果。"
"CSD","3-SULFINOALANINE","CYS","CYS","auto-structure-difference","天然母体完整保留；检测到新增2个O（O连接到S）","1","{""O"":2}","31.99","0","0","37.3","-0.708","1","0","结构差异和分子描述符由RDKit计算，不是溶解度、渗透性、稳定性或口服吸收的实验结果。"
"CSH","[2-(2-HYDROXY-1-METHYL-ETHYL)-4-(1H-IMIDAZOL-4-YLMETHYL)-5-OXO-IMIDAZOLIDIN-1-YL]-ACETIC ACID","GLY;HIS;SER","GLY","manual-review","CCD列出多个天然母体，需要人工确定主要母体","","","208.096","3","4","81.25","-1.547","5","2",""
"CSJ","S-[(2-aminophenyl)carbonyl]-L-cysteine","CYS","CYS","auto-structure-difference","天然母体完整保留；检测到新增7个C、1个N、1个O（C连接到S）","1","{""C"":7,""N"":1,""O"":1}","119.037","0","2","43.09","1.226","2","1","结构差异和分子描述符由RDKit计算，不是溶解度、渗透性、稳定性或口服吸收的实验结果。"
"CSO","S-HYDROXYCYSTEINE","CYS","CYS","auto-structure-difference","天然母体完整保留；检测到新增1个O（O连接到S）","1","{""O"":1}","15.995","0","1","20.23","0.276","1","0","结构差异和分子描述符由RDKit计算，不是溶解度、渗透性、稳定性或口服吸收的实验结果。"
"CSP","S-PHOSPHOCYSTEINE","CYS","CYS","auto-structure-difference","天然母体完整保留；检测到新增3个O、1个P（P连接到S）","1","{""O"":3,""P"":1}","79.966","1","1","57.53","-0.104","2","0","结构差异和分子描述符由RDKit计算，不是溶解度、渗透性、稳定性或口服吸收的实验结果。"
"CSR","S-ARSONOCYSTEINE","CYS","CYS","auto-structure-difference","天然母体完整保留；检测到新增3个O、1个Z33（Z33连接到S）","1","{""O"":3,""Z33"":1}","123.914","1","1","57.53","-1.346","2","0","结构差异和分子描述符由RDKit计算，不是溶解度、渗透性、稳定性或口服吸收的实验结果。"
"CSS","S-MERCAPTOCYSTEINE","CYS","CYS","auto-structure-difference","天然母体完整保留；检测到新增1个S（S连接到S）","1","{""S"":1}","31.972","0","1","0","0.648","1","0","结构差异和分子描述符由RDKit计算，不是溶解度、渗透性、稳定性或口服吸收的实验结果。"
"CSU","CYSTEINE-S-SULFONIC ACID","CYS","CYS","auto-structure-difference","天然母体完整保留；检测到新增3个O、1个S（S连接到S）","1","{""O"":3,""S"":1}","79.957","0","2","54.37","-0.394","2","0","结构差异和分子描述符由RDKit计算，不是溶解度、渗透性、稳定性或口服吸收的实验结果。"
"CSX","S-OXY CYSTEINE","CYS","CYS","auto-structure-difference","天然母体完整保留；检测到新增1个O（O连接到S）","1","{""O"":1}","15.995","0","0","17.07","-0.985","1","0","结构差异和分子描述符由RDKit计算，不是溶解度、渗透性、稳定性或口服吸收的实验结果。"
"CSZ","S-SELANYL CYSTEINE","CYS","CYS","auto-structure-difference","天然母体完整保留；检测到新增1个Se（Se连接到S）","1","{""Se"":1}","79.917","-1","0","0","-0.381","1","0","结构差异和分子描述符由RDKit计算，不是溶解度、渗透性、稳定性或口服吸收的实验结果。"
"CTE","7-CHLOROTRYPTOPHAN","TRP","TRP","auto-structure-difference","天然母体完整保留；检测到新增1个Cl（Cl连接到C）","1","{""Cl"":1}","33.961","0","0","0","0.653","0","0","结构差异和分子描述符由RDKit计算，不是溶解度、渗透性、稳定性或口服吸收的实验结果。"
"CTH","4-CHLOROTHREONINE","THR","THR","auto-structure-difference","天然母体完整保留；检测到新增1个Cl（Cl连接到C）","1","{""Cl"":1}","33.961","0","0","0","0.219","1","0","结构差异和分子描述符由RDKit计算，不是溶解度、渗透性、稳定性或口服吸收的实验结果。"
"CWD","3-(5-chloro-2,4-dioxo-3,4-dihydropyrimidin-1(2H)-yl)-L-alanine","ALA","ALA","auto-structure-difference","天然母体完整保留；检测到新增4个C、1个Cl、2个N、2个O（N连接到C）","1","{""C"":4,""Cl"":1,""N"":2,""O"":2}","143.973","1","2","54.86","-0.816","2","1","结构差异和分子描述符由RDKit计算，不是溶解度、渗透性、稳定性或口服吸收的实验结果。"
"CWR","(4-methyl-5-oxo-2,5-dihydro-1H-imidazol-1-yl)acetic acid","SER","SER","manual-review","完整天然母体不是衍生物的直接子结构，可能涉及原子替换、断键、成环或立体化学边界","","","51.011","-2","0","-13.58","0.941","0","1",""
"CXM","N-CARBOXYMETHIONINE","MET","MET","auto-structure-difference","天然母体完整保留；检测到新增1个C、2个O（C连接到N）","1","{""C"":1,""O"":2}","43.99","1","0","23.31","0.309","1","0","结构差异和分子描述符由RDKit计算，不是溶解度、渗透性、稳定性或口服吸收的实验结果。"
"CY0","S-{3-[(4-ANILINOQUINAZOLIN-6-YL)AMINO]-3-OXOPROPYL}-L-CYSTEINE","CYS","CYS","auto-structure-difference","天然母体完整保留；检测到新增17个C、4个N、1个O（C连接到S）","1","{""C"":17,""N"":4,""O"":1}","290.117","1","4","66.91","3.519","7","3","结构差异和分子描述符由RDKit计算，不是溶解度、渗透性、稳定性或口服吸收的实验结果。"
"CY1","ACETAMIDOMETHYLCYSTEINE","CYS","CYS","auto-structure-difference","天然母体完整保留；检测到新增3个C、1个N、1个O（C连接到S）","1","{""C"":3,""N"":1,""O"":1}","71.037","0","1","29.1","-0.103","3","0","结构差异和分子描述符由RDKit计算，不是溶解度、渗透性、稳定性或口服吸收的实验结果。"
"CY3","2-AMINO-3-MERCAPTO-PROPIONAMIDE","CYS","CYS","manual-review","完整天然母体不是衍生物的直接子结构，可能涉及原子替换、断键、成环或立体化学边界","","","-0.984","0","0","5.79","-0.599","0","0",""
"CY4","S-BUTYRYL-CYSTEIN","CYS","CYS","auto-structure-difference","天然母体完整保留；检测到新增4个C、1个O（C连接到S）","1","{""C"":4,""O"":1}","70.042","-1","1","17.07","1.13","3","0","结构差异和分子描述符由RDKit计算，不是溶解度、渗透性、稳定性或口服吸收的实验结果。"
"CYF","5-[2-(2-AMINO-2-CARBAMOYL-ETHYLSULFANYL)-ACETYLAMINO]-2-(3,6-DIHYDROXY-9,9A-DIHYDRO-3H-XANTHEN-9-YL)-BENZOIC ACID","CYS","CYS","manual-review","完整天然母体不是衍生物的直接子结构，可能涉及原子替换、断键、成环或立体化学边界","","","388.106","3","5","121.88","3.238","6","4",""
"CYG","2-AMINO-4-(AMINO-3-OXO-PROPYLSULFANYLCARBONYL)-BUTYRIC ACID","CYS","CYS","auto-structure-difference","天然母体完整保留；检测到新增5个C、1个N、3个O（C连接到S）","1","{""C"":5,""N"":1,""O"":3}","129.043","1","3","80.39","-0.478","5","0","结构差异和分子描述符由RDKit计算，不是溶解度、渗透性、稳定性或口服吸收的实验结果。"
"CYJ","(Z)-N~6~-[(4R,5S)-5-(2-CARBOXYETHYL)-4-(CARBOXYMETHYL)PIPERIDIN-3-YLIDENE]-L-LYSINE","LYS","LYS","manual-review","完整天然母体不是衍生物的直接子结构，可能涉及原子替换、断键、成环或立体化学边界","","","210.077","2","4","71.35","1.374","6","1",""
"CYQ","2-AMINO-3-PHOSPHONOMETHYLSULFANYL-PROPIONIC ACID","CYS","CYS","auto-structure-difference","天然母体完整保留；检测到新增1个C、3个O、1个P（C连接到S）","1","{""C"":1,""O"":3,""P"":1}","93.982","1","1","57.53","-0.061","3","0","结构差异和分子描述符由RDKit计算，不是溶解度、渗透性、稳定性或口服吸收的实验结果。"
"CYR","N~5~-[{[(2R)-2-AMINO-2-CARBOXYETHYL]SULFANYL}(IMINIO)METHYL]-L-ORNITHINATE","CYS","CYS","auto-structure-difference","天然母体完整保留；检测到新增6个C、3个N、2个O（C连接到S）","1","{""C"":6,""N"":3,""O"":2}","158.092","3","2","100.94","-2.3","6","0","结构差异和分子描述符由RDKit计算，不是溶解度、渗透性、稳定性或口服吸收的实验结果。"
"CYW","S-[(2R)-2-hydroxypropanoyl]-L-cysteine","CYS","CYS","auto-structure-difference","天然母体完整保留；检测到新增3个C、2个O（C连接到S）","1","{""C"":3,""O"":2}","72.021","0","2","37.3","-0.289","2","0","结构差异和分子描述符由RDKit计算，不是溶解度、渗透性、稳定性或口服吸收的实验结果。"
"CZ2","S-(DIHYDROXYARSINO)CYSTEINE","CYS","CYS","auto-structure-difference","天然母体完整保留；检测到新增2个O、1个Z33（Z33连接到S）","1","{""O"":2,""Z33"":1}","107.919","1","2","40.46","-1.227","2","0","结构差异和分子描述符由RDKit计算，不是溶解度、渗透性、稳定性或口服吸收的实验结果。"
"CZS","3-(6-chloro-1,3-benzothiazol-2-yl)-L-alanine","ALA","ALA","auto-structure-difference","天然母体完整保留；检测到新增7个C、1个Cl、1个N、1个S（C连接到C）","1","{""C"":7,""Cl"":1,""N"":1,""S"":1}","166.96","0","2","12.89","2.486","2","2","结构差异和分子描述符由RDKit计算，不是溶解度、渗透性、稳定性或口服吸收的实验结果。"
"CZZ","THIARSAHYDROXY-CYSTEINE","CYS","CYS","auto-structure-difference","天然母体完整保留；检测到新增1个O、1个Z33（Z33连接到S）","1","{""O"":1,""Z33"":1}","90.917","0","1","20.23","-0.67","2","0","结构差异和分子描述符由RDKit计算，不是溶解度、渗透性、稳定性或口服吸收的实验结果。"
"D2T","(3R)-3-(methylsulfanyl)-L-aspartic acid","ASP","ASP","auto-structure-difference","天然母体完整保留；检测到新增1个C、1个S（S连接到C）","1","{""C"":1,""S"":1}","45.988","0","1","0","0.341","1","0","结构差异和分子描述符由RDKit计算，不是溶解度、渗透性、稳定性或口服吸收的实验结果。"
"D8R","N~6~-[(2R)-2-hydroxypropanoyl]-L-lysine","LYS","LYS","manual-review","完整天然母体不是衍生物的直接子结构，可能涉及原子替换、断键、成环或立体化学边界","","","71.014","1","2","21.69","0.255","2","0",""
"DA2","NG,NG-DIMETHYL-L-ARGININE","ARG","ARG","manual-review","完整天然母体不是衍生物的直接子结构，可能涉及原子替换、断键、成环或立体化学边界","","","27.024","-1","1","-24.52","2.423","0","0",""
"DAB","2,4-DIAMINOBUTYRIC ACID","ALA","ALA","auto-structure-difference","天然母体完整保留；检测到新增1个C、1个N（C连接到C）","1","{""C"":1,""N"":1}","29.027","1","1","26.02","-0.671","2","0","结构差异和分子描述符由RDKit计算，不是溶解度、渗透性、稳定性或口服吸收的实验结果。"
"DAH","3,4-DIHYDROXYPHENYLALANINE","TYR","TYR","auto-structure-difference","天然母体完整保留；检测到新增1个O（O连接到C）","1","{""O"":1}","15.995","1","1","20.23","-0.294","0","0","结构差异和分子描述符由RDKit计算，不是溶解度、渗透性、稳定性或口服吸收的实验结果。"
"DBS","2-(2,3-DIHYDROXY-BENZOYLAMINO)-3-HYDROXY-PROPIONIC ACID","SER","SER","auto-structure-difference","天然母体完整保留；检测到新增7个C、3个O（C连接到N）","1","{""C"":7,""O"":3}","136.016","2","2","43.54","0.882","2","1","结构差异和分子描述符由RDKit计算，不是溶解度、渗透性、稳定性或口服吸收的实验结果。"
"DBU","(2Z)-2-AMINOBUT-2-ENOIC ACID","THR","THR","manual-review","完整天然母体不是衍生物的直接子结构，可能涉及原子替换、断键、成环或立体化学边界","","","-18.011","-1","-1","-20.23","1.154","-1","0",""
"DBY","3,5 DIBROMOTYROSINE","TYR","TYR","auto-structure-difference","天然母体完整保留；检测到新增2个Br（Br连接到C）","1","{""Br"":2}","155.821","0","0","0","1.525","0","0","结构差异和分子描述符由RDKit计算，不是溶解度、渗透性、稳定性或口服吸收的实验结果。"
"DBZ","3-(BENZOYLAMINO)-L-ALANINE","ALA","ALA","auto-structure-difference","天然母体完整保留；检测到新增7个C、1个N、1个O（N连接到C）","1","{""C"":7,""N"":1,""O"":1}","119.037","1","1","29.1","0.41","3","1","结构差异和分子描述符由RDKit计算，不是溶解度、渗透性、稳定性或口服吸收的实验结果。"
"DC2","N-acetyl-S-[(1S)-1,2-dichloroethyl]-L-cysteine","CYS","CYS","auto-structure-difference","天然母体完整保留；检测到新增4个C、2个Cl、1个O（C连接到N；C连接到S）","1","{""C"":4,""Cl"":2,""O"":1}","137.964","-1","0","3.08","1.784","4","0","结构差异和分子描述符由RDKit计算，不是溶解度、渗透性、稳定性或口服吸收的实验结果。"
"DDE","{3-[4-(2-AMINO-2-CARBOXY-ETHYL)-1H-IMIDAZOL-2-YL]-1-CARBAMOYL-PROPYL}-TRIMETHYL-AMMONIUM","HIS","HIS","manual-review","完整天然母体不是衍生物的直接子结构，可能涉及原子替换、断键、成环或立体化学边界","","","142.111","1","2","41.84","0.074","5","0",""
"DDZ","3,3-DIHYDROXY L-ALANINE","ALA","ALA","auto-structure-difference","天然母体完整保留；检测到新增2个O（O连接到C）","1","{""O"":2}","31.99","2","2","40.46","-1.709","1","0","结构差异和分子描述符由RDKit计算，不是溶解度、渗透性、稳定性或口服吸收的实验结果。"
"DHA","2-AMINO-ACRYLIC ACID","SER","SER","manual-review","完整天然母体不是衍生物的直接子结构，可能涉及原子替换、断键、成环或立体化学边界","","","-18.011","-1","-1","-20.23","1.153","-1","0",""
"DI7","2,6-dimethyl-L-tyrosine","TYR","TYR","auto-structure-difference","天然母体完整保留；检测到新增2个C（C连接到C）","1","{""C"":2}","28.031","0","0","0","0.617","0","0","结构差异和分子描述符由RDKit计算，不是溶解度、渗透性、稳定性或口服吸收的实验结果。"
"DIR","3-{[(E)-AMINO(HYDROXYIMINO)METHYL]AMINO}ALANINE","ARG","ARG","manual-review","完整天然母体不是衍生物的直接子结构，可能涉及原子替换、断键、成环或立体化学边界","","","-13.044","0","2","7","0.85","-2","0",""
"DISEP","DIPHOSPHOSERINE","SER","SER","auto-structure-difference","天然母体完整保留；检测到新增6个O、2个P（P连接到O）","1","{""O"":6,""P"":2}","159.933","2","3","93.06","0.234","4","0","结构差异和分子描述符由RDKit计算，不是溶解度、渗透性、稳定性或口服吸收的实验结果。"
"DJD","4-(6-methyl-1,2,4,5-tetrazin-3-yl)-L-phenylalanine","PHE","PHE","auto-structure-difference","天然母体完整保留；检测到新增3个C、4个N（C连接到C）","1","{""C"":3,""N"":4}","94.028","0","4","51.56","-0.445","1","1","结构差异和分子描述符由RDKit计算，不是溶解度、渗透性、稳定性或口服吸收的实验结果。"
"DLS","DI-ACETYL-LYSINE","LYS","LYS","manual-review","完整天然母体不是衍生物的直接子结构，可能涉及原子替换、断键、成环或立体化学边界","","","83.014","0","1","4.54","1.072","2","0",""
"DM0","N~2~,N~2~,N~6~,N~6~-tetramethyl-L-lysine","LYS","LYS","manual-review","完整天然母体不是衍生物的直接子结构，可能涉及原子替换、断键、成环或立体化学边界","","","55.055","-2","1","-47.18","1.923","2","0",""
"DMH","N4,N4-DIMETHYL-ASPARAGINE","ASN","ASN","auto-structure-difference","天然母体完整保留；检测到新增2个C（C连接到N）","1","{""C"":2}","28.031","-1","0","-22.78","0.603","0","0","结构差异和分子描述符由RDKit计算，不是溶解度、渗透性、稳定性或口服吸收的实验结果。"
"DMK","3,3-DIMETHYL ASPARTIC ACID","ASP","ASP","auto-structure-difference","天然母体完整保留；检测到新增2个C（C连接到C）","1","{""C"":2}","28.031","0","0","0","0.636","0","0","结构差异和分子描述符由RDKit计算，不是溶解度、渗透性、稳定性或口服吸收的实验结果。"
"DNL","6-AMINO-HEXANAL","LYS","LYS","manual-review","完整天然母体不是衍生物的直接子结构，可能涉及原子替换、断键、成环或立体化学边界","","","-32.013","-2","0","-47.87","1.894","0","0",""
"DNP","3-AMINO-ALANINE","ALA","ALA","auto-structure-difference","天然母体完整保留；检测到新增1个N（N连接到C）","1","{""N"":1}","16.018","1","0","27.64","-1.778","1","0","结构差异和分子描述符由RDKit计算，不是溶解度、渗透性、稳定性或口服吸收的实验结果。"
"DNS","N~6~-{[5-(DIMETHYLAMINO)-1-NAPHTHYL]SULFONYL}-L-LYSINE","LYS","LYS","manual-review","完整天然母体不是衍生物的直接子结构，可能涉及原子替换、断键、成环或立体化学边界","","","232.044","0","3","21.77","2.956","4","2",""
"DNW","3-[(2,4-dinitrophenyl)amino]-L-alanine","ALA","ALA","auto-structure-difference","天然母体完整保留；检测到新增6个C、3个N、4个O（N连接到C）","1","{""C"":6,""N"":3,""O"":4}","181.012","1","5","98.31","0.909","5","1","结构差异和分子描述符由RDKit计算，不是溶解度、渗透性、稳定性或口服吸收的实验结果。"
"DON","6-DIAZENYL-5-OXO-L-NORLEUCINE","LEU","LEU","manual-review","完整天然母体不是衍生物的直接子结构，可能涉及原子替换、断键、成环或立体化学边界","","","41.985","1","3","53.28","-0.666","3","0",""
"DPL","4-OXOPROLINE","PRO","PRO","auto-structure-difference","天然母体完整保留；检测到新增1个O（O连接到C）","1","{""O"":1}","13.979","0","1","17.07","-0.821","0","0","结构差异和分子描述符由RDKit计算，不是溶解度、渗透性、稳定性或口服吸收的实验结果。"
"DPP","DIAMINOPROPANOIC ACID","ALA","ALA","auto-structure-difference","天然母体完整保留；检测到新增1个N（N连接到C）","1","{""N"":1}","15.011","1","1","26.02","-1.061","1","0","结构差异和分子描述符由RDKit计算，不是溶解度、渗透性、稳定性或口服吸收的实验结果。"
"DPQ","(S)-2-AMINO-3-(4-HYDROXY-3-OXOCYCLOHEXA-1,4-DIENYL)PROPANOIC ACID","TYR","TYR","manual-review","完整天然母体不是衍生物的直接子结构，可能涉及原子替换、断键、成环或立体化学边界","","","15.995","0","1","17.07","-0.217","0","0",""
"DV9","(2S)-2-azanyl-6,6-bis(fluoranyl)-5-oxidanylidene-6-phosphono-hexanoic acid","GLU","GLU","manual-review","完整天然母体不是衍生物的直接子结构，可能涉及原子替换、断键、成环或立体化学边界","","","113.968","1","1","37.3","0.255","2","0",""
"DYA","DIDEHYDROASPARTATE","ASP","ASP","manual-review","完整天然母体不是衍生物的直接子结构，可能涉及原子替换、断键、成环或立体化学边界","","","-2.016","0","0","0","0.125","-1","0",""
"DYJ","1-[(2E)-4-carboxy-4-oxobut-2-en-2-yl]-L-proline","PRO","PRO","auto-structure-difference","天然母体完整保留；检测到新增5个C、3个O（C连接到N）","1","{""C"":5,""O"":3}","112.016","0","2","45.58","0.27","3","0","结构差异和分子描述符由RDKit计算，不是溶解度、渗透性、稳定性或口服吸收的实验结果。"
"DYS","S-[5-(2-aminoethyl)-2,3-dihydroxyphenyl]-L-cysteine","CYS","CYS","auto-structure-difference","天然母体完整保留；检测到新增8个C、1个N、2个O（C连接到S）","1","{""C"":8,""N"":1,""O"":2}","151.063","2","3","66.48","0.775","4","1","结构差异和分子描述符由RDKit计算，不是溶解度、渗透性、稳定性或口服吸收的实验结果。"
"E0Y","(3S,5R)-5-[(2R,3R)-1,3-dihydroxybutan-2-yl]-3-({(3R)-1-[(1E)-ethanimidoyl]pyrrolidin-3-yl}sulfanyl)-L-proline","PRO","PRO","auto-structure-difference","天然母体完整保留；检测到新增10个C、1个H、2个N、2个O、1个S（S连接到C；C连接到C）","1","{""C"":10,""H"":1,""N"":2,""O"":2,""S"":1}","230.109","3","4","67.55","0.141","5","1","结构差异和分子描述符由RDKit计算，不是溶解度、渗透性、稳定性或口服吸收的实验结果。"
"E9C","(2S)-2-azanyl-3-[3,4,6-tris(oxidanylidene)cyclohexen-1-yl]propanoic acid","TYR","TYR","manual-review","完整天然母体不是衍生物的直接子结构，可能涉及原子替换、断键、成环或立体化学边界","","","29.974","-1","2","30.98","-1.521","0","0",""
"E9M","N-methyl-L-tryptophan","TRP","TRP","auto-structure-difference","天然母体完整保留；检测到新增1个C（C连接到N）","1","{""C"":1}","14.016","0","0","-13.99","0.261","1","0","结构差异和分子描述符由RDKit计算，不是溶解度、渗透性、稳定性或口服吸收的实验结果。"
"E9V","N-methyl-L-histidine","HIS","HIS","manual-review","完整天然母体不是衍生物的直接子结构，可能涉及原子替换、断键、成环或立体化学边界","","","13.008","0","1","-15.24","0.842","1","0",""
"ECC","(4S)-4-amino-5-hydroxypentanamide","GLN","GLN","manual-review","完整天然母体不是衍生物的直接子结构，可能涉及原子替换、断键、成环或立体化学边界","","","-13.979","0","0","-17.07","-0.092","0","0",""
"ECX","S-ethyl-L-cysteine","CYS","CYS","auto-structure-difference","天然母体完整保留；检测到新增2个C（C连接到S）","1","{""C"":2}","28.031","-1","0","0","0.823","2","0","结构差异和分子描述符由RDKit计算，不是溶解度、渗透性、稳定性或口服吸收的实验结果。"
"EFC","S,S-(2-FLUOROETHYL)THIOCYSTEINE","CYS","CYS","auto-structure-difference","天然母体完整保留；检测到新增2个C、1个F、1个S（S连接到S）","1","{""C"":2,""F"":1,""S"":1}","77.994","-1","1","0","1.421","4","0","结构差异和分子描述符由RDKit计算，不是溶解度、渗透性、稳定性或口服吸收的实验结果。"
"EI4","Enduracididine","ARG","ARG","manual-review","完整天然母体不是衍生物的直接子结构，可能涉及原子替换、断键、成环或立体化学边界","","","-3.023","0","1","-15.73","1.443","-2","1",""
"EJA","S-[(1Z)-2-carboxy-N-hydroxyethanimidoyl]-L-cysteine","CYS","CYS","auto-structure-difference","天然母体完整保留；检测到新增3个C、1个N、3个O（C连接到S）","1","{""C"":3,""N"":1,""O"":3}","101.011","1","3","69.89","0.066","3","0","结构差异和分子描述符由RDKit计算，不是溶解度、渗透性、稳定性或口服吸收的实验结果。"
"EJJ","N-CARBAMOYL-GLYCINE","GLY","GLY","auto-structure-difference","天然母体完整保留；检测到新增1个C、1个N、1个O（C连接到N）","1","{""C"":1,""N"":1,""O"":1}","43.006","1","0","29.1","-0.29","1","0","结构差异和分子描述符由RDKit计算，不是溶解度、渗透性、稳定性或口服吸收的实验结果。"
"ELY","N~6~,N~6~-diethyl-L-lysine","LYS","LYS","manual-review","完整天然母体不是衍生物的直接子结构，可能涉及原子替换、断键、成环或立体化学边界","","","55.055","-1","1","-24.4","2.1","3","0",""
"EME","N-methyl-L-glutamic acid","GLU","GLU","auto-structure-difference","天然母体完整保留；检测到新增1个C（C连接到N）","1","{""C"":1}","14.016","0","0","-13.99","0.261","1","0","结构差异和分子描述符由RDKit计算，不是溶解度、渗透性、稳定性或口服吸收的实验结果。"
"ESB","3-[(3E)-3-(ETHYLIMINO)-4-HYDROXY-6-OXOCYCLOHEXA-1,4-DIEN-1-YL]-L-ALANINE","TYR","TYR","manual-review","完整天然母体不是衍生物的直接子结构，可能涉及原子替换、断键、成环或立体化学边界","","","57.021","0","2","29.43","-0.146","1","0",""
"ESC","2-AMINO-4-ETHYL SULFANYL BUTYRIC ACID","MET","MET","auto-structure-difference","天然母体完整保留；检测到新增1个C（C连接到C）","1","{""C"":1}","14.016","0","0","0","0.39","1","0","结构差异和分子描述符由RDKit计算，不是溶解度、渗透性、稳定性或口服吸收的实验结果。"
"EU0","1-[(2~{S})-3-methyl-1-oxidanylidene-butan-2-yl]guanidine","VAL","VAL","auto-structure-difference","天然母体完整保留；检测到新增1个C、2个N（C连接到N）","1","{""C"":1,""N"":2}","43.029","2","-1","37.62","-2.295","1","0","结构差异和分子描述符由RDKit计算，不是溶解度、渗透性、稳定性或口服吸收的实验结果。"
"EUP","4-amino-L-allothreonine","THR","THR","auto-structure-difference","天然母体完整保留；检测到新增1个N（N连接到C）","1","{""N"":1}","15.011","1","1","26.02","-1.061","1","0","结构差异和分子描述符由RDKit计算，不是溶解度、渗透性、稳定性或口服吸收的实验结果。"
"EW6","alpha-methyl-L-serine","SER","SER","auto-structure-difference","天然母体完整保留；检测到新增1个C（C连接到C）","1","{""C"":1}","14.016","0","0","0","0.39","0","0","结构差异和分子描述符由RDKit计算，不是溶解度、渗透性、稳定性或口服吸收的实验结果。"
"EXA","N~6~-[(R)-[(E)-(1-carboxyethylidene)amino]{3-hydroxy-2-methyl-5-[(phosphonooxy)methyl]pyridin-4-yl}methyl]-L-lysine","LYS","LYS","manual-review","完整天然母体不是衍生物的直接子结构，可能涉及原子替换、断键、成环或立体化学边界","","","315.039","4","7","133.93","1.61","8","1",""
"EXL","1-Methyl-L-tryptophan","TRP","TRP","manual-review","完整天然母体不是衍生物的直接子结构，可能涉及原子替换、断键、成环或立体化学边界","","","14.016","-1","0","-10.86","0.01","0","0",""
"EXY","6-[(2R)-oxiran-2-yl]-L-norleucine","LEU","LEU","manual-review","完整天然母体不是衍生物的直接子结构，可能涉及原子替换、断键、成环或立体化学边界","","","42.011","0","1","12.53","-0.087","3","1",""
"F2F","3,4-difluoro-L-phenylalanine","PHE","PHE","auto-structure-difference","天然母体完整保留；检测到新增2个F（F连接到C）","1","{""F"":2}","35.981","0","0","0","0.278","0","0","结构差异和分子描述符由RDKit计算，不是溶解度、渗透性、稳定性或口服吸收的实验结果。"
"F2Y","3,5-difluoro-L-tyrosine","TYR","TYR","auto-structure-difference","天然母体完整保留；检测到新增2个F（F连接到C）","1","{""F"":2}","35.981","0","0","0","0.278","0","0","结构差异和分子描述符由RDKit计算，不是溶解度、渗透性、稳定性或口服吸收的实验结果。"
"F6N","2-(aminomethyl)-1,3-oxazole-4-carboxylic acid","GLY;SER","GLY","manual-review","CCD列出多个天然母体，需要人工确定主要母体","","","67.006","0","2","26.03","0.802","1","1",""
"F75","2-(aminomethyl)-1,3-thiazole-4-carboxylic acid","CYS;GLY","CYS","manual-review","CCD列出多个天然母体，需要人工确定主要母体","","","36.995","-1","1","12.89","0.972","0","1",""
"F7Q","(2~{S})-2-azanyl-3-[1-(dioxidanyl)-4-oxidanylidene-cyclohexa-2,5-dien-1-yl]propanoic acid","TYR","TYR","manual-review","完整天然母体不是衍生物的直接子结构，可能涉及原子替换、断键、成环或立体化学边界","","","31.99","0","2","26.3","-0.635","1","0",""
"F7W","7-Fluorotryptophan","TRP","TRP","auto-structure-difference","天然母体完整保留；检测到新增1个F（F连接到C）","1","{""F"":1}","17.991","0","0","0","0.139","0","0","结构差异和分子描述符由RDKit计算，不是溶解度、渗透性、稳定性或口服吸收的实验结果。"
"FAK","N~6~-(trifluoroacetyl)-L-lysine","LYS","LYS","manual-review","完整天然母体不是衍生物的直接子结构，可能涉及原子替换、断键、成环或立体化学边界","","","94.975","0","1","1.46","1.437","1","0",""
"FB5","2-(difluoromethyl)-6-(dihydroxyboranyl)-L-norleucine","ALA","ALA","manual-review","母体在衍生物中存在多个不一致映射，需要人工确认修饰位置","2","{""B"":1,""C"":4,""F"":2,""O"":2}","136.051","2","2","40.46","0.259","6","0","结构差异和分子描述符由RDKit计算，不是溶解度、渗透性、稳定性或口服吸收的实验结果。"
"FB6","6-(dihydroxyboranyl)-2-methyl-L-norleucine","ALA","ALA","manual-review","母体在衍生物中存在多个不一致映射，需要人工确认修饰位置","2","{""B"":1,""C"":4,""O"":2}","100.07","2","2","40.46","0.013","5","0","结构差异和分子描述符由RDKit计算，不是溶解度、渗透性、稳定性或口服吸收的实验结果。"
"FCL","3-CHLORO-L-PHENYLALANINE","PHE","PHE","auto-structure-difference","天然母体完整保留；检测到新增1个Cl（Cl连接到C）","1","{""Cl"":1}","33.961","0","0","0","0.653","0","0","结构差异和分子描述符由RDKit计算，不是溶解度、渗透性、稳定性或口服吸收的实验结果。"
"FDL","N~6~-acetyl-N-(4-methyl-2-oxo-2H-chromen-7-yl)-L-lysinamide","LYS","LYS","manual-review","完整天然母体不是衍生物的直接子结构，可能涉及原子替换、断键、成环或立体化学边界","","","198.056","0","3","23.47","2.863","2","2",""
"FF9","(2S)-2-azanyl-6-[(E)-(1-oxidanyl-1-oxidanylidene-butan-2-ylidene)amino]hexanoic acid","LYS","LYS","manual-review","完整天然母体不是衍生物的直接子结构，可能涉及原子替换、断键、成环或立体化学边界","","","83.014","0","2","22.02","1.694","3","0",""
"FFM","S-[(1R,2R)-2-hydroxy-1-methyl-2-phosphonoethyl]-L-cysteine","CYS","CYS","auto-structure-difference","天然母体完整保留；检测到新增3个C、4个O、1个P（C连接到S）","1","{""C"":3,""O"":4,""P"":1}","138.008","2","2","77.76","-0.312","4","0","结构差异和分子描述符由RDKit计算，不是溶解度、渗透性、稳定性或口服吸收的实验结果。"
"FGL","2-AMINOPROPANEDIOIC ACID","GLY","GLY","auto-structure-difference","天然母体完整保留；检测到新增1个C、2个O（C连接到C）","2","{""C"":1,""O"":2}","43.99","1","1","37.3","-0.547","1","0","结构差异和分子描述符由RDKit计算，不是溶解度、渗透性、稳定性或口服吸收的实验结果。"
"FGP","2-AMINO-3-HYDROXY-3-PHOSPHONOOXY-PROPIONIC ACID","SER","SER","manual-review","母体在衍生物中存在多个不一致映射，需要人工确认修饰位置","2","{""O"":4,""P"":1}","95.961","2","2","66.76","-0.565","2","0","结构差异和分子描述符由RDKit计算，不是溶解度、渗透性、稳定性或口服吸收的实验结果。"
"FH7","N^5^-formyl-N^5^-hydroxy-D-ornithine","LYS","LYS","manual-review","完整天然母体不是衍生物的直接子结构，可能涉及原子替换、断键、成环或立体化学边界","","","28.967","0","2","12.9","0.216","1","0",""
"FHL","(E)-N~6~-[3-CARBOXY-1-(HYDROXYMETHYL)PROPYLIDENE]-L-LYSINE","LYS","LYS","manual-review","完整天然母体不是衍生物的直接子结构，可能涉及原子替换、断键、成环或立体化学边界","","","113.024","1","3","42.25","1.056","5","0",""
"FHO","N^5^-FORMYL-N^5^-HYDROXY-L-ORNITHINE","LYS","LYS","manual-review","完整天然母体不是衍生物的直接子结构，可能涉及原子替换、断键、成环或立体化学边界","","","28.967","0","2","12.9","0.216","1","0",""
"FIO","N~5~-[(1E)-2-fluoroethanimidoyl]-L-ornithine","ARG","ARG","manual-review","完整天然母体不是衍生物的直接子结构，可能涉及原子替换、断键、成环或立体化学边界","","","15.988","-1","1","-27.76","2.873","1","0",""
"FL6","(2S)-2-azanyl-4-methoxy-4-oxidanylidene-butanoic acid","ASP","ASP","auto-structure-difference","天然母体完整保留；检测到新增1个C（C连接到O）","1","{""C"":1}","14.016","-1","1","-11","0.088","0","0","结构差异和分子描述符由RDKit计算，不是溶解度、渗透性、稳定性或口服吸收的实验结果。"
"FLA","TRIFLUOROALANINE","ALA","ALA","auto-structure-difference","天然母体完整保留；检测到新增3个F（F连接到C）","1","{""F"":3}","53.972","0","0","0","0.542","0","0","结构差异和分子描述符由RDKit计算，不是溶解度、渗透性、稳定性或口服吸收的实验结果。"
"FLE","FUROYL-LEUCINE","LEU","LEU","auto-structure-difference","天然母体完整保留；检测到新增5个C、2个O（C连接到N）","1","{""C"":5,""O"":2}","94.005","0","1","16.22","1.064","2","1","结构差异和分子描述符由RDKit计算，不是溶解度、渗透性、稳定性或口服吸收的实验结果。"
"FLT","FLUOROMALONYL TYROSINE","TYR","TYR","auto-structure-difference","天然母体完整保留；检测到新增3个C、1个F、4个O（C连接到O）","1","{""C"":3,""F"":1,""O"":4}","119.986","1","2","63.6","-0.492","4","0","结构差异和分子描述符由RDKit计算，不是溶解度、渗透性、稳定性或口服吸收的实验结果。"
"FME","N-FORMYLMETHIONINE","MET","MET","auto-structure-difference","天然母体完整保留；检测到新增1个C、1个O（C连接到N）","1","{""C"":1,""O"":1}","27.995","0","0","3.08","-0.213","2","0","结构差异和分子描述符由RDKit计算，不是溶解度、渗透性、稳定性或口服吸收的实验结果。"
"FOE","2-(2-AMINO-3-OXO-PROPYLSULFANYL)-N-(4-FLUORO-PHENYL)-N-ISOPROPYL-ACETAMIDE","CYS","CYS","auto-structure-difference","天然母体完整保留；检测到新增11个C、1个F、1个N、1个O（C连接到S）","1","{""C"":11,""F"":1,""N"":1,""O"":1}","193.09","-1","1","20.31","2.384","5","1","结构差异和分子描述符由RDKit计算，不是溶解度、渗透性、稳定性或口服吸收的实验结果。"
"FP9","(4R)-4-fluoro-L-proline","PRO","PRO","auto-structure-difference","天然母体完整保留；检测到新增1个F（F连接到C）","1","{""F"":1}","17.991","0","0","0","-0.052","0","0","结构差异和分子描述符由RDKit计算，不是溶解度、渗透性、稳定性或口服吸收的实验结果。"
"FPK","1-formyl-L-proline","PRO","PRO","auto-structure-difference","天然母体完整保留；检测到新增1个C、1个O（C连接到N）","1","{""C"":1,""O"":1}","27.995","-1","0","8.28","-0.131","1","0","结构差异和分子描述符由RDKit计算，不是溶解度、渗透性、稳定性或口服吸收的实验结果。"
"FQA","N~6~-benzyl-L-lysine","LYS","LYS","manual-review","完整天然母体不是衍生物的直接子结构，可能涉及原子替换、断键、成环或立体化学边界","","","89.04","0","1","-15.61","2.548","3","1",""
"FT6","6-FLUORO-L-TRYPTOPHAN","TRP","TRP","auto-structure-difference","天然母体完整保留；检测到新增1个F（F连接到C）","1","{""F"":1}","17.991","0","0","0","0.139","0","0","结构差异和分子描述符由RDKit计算，不是溶解度、渗透性、稳定性或口服吸收的实验结果。"
"FTR","FLUOROTRYPTOPHANE","TRP","TRP","auto-structure-difference","天然母体完整保留；检测到新增1个F（F连接到C）","1","{""F"":1}","17.991","0","0","0","0.139","0","0","结构差异和分子描述符由RDKit计算，不是溶解度、渗透性、稳定性或口服吸收的实验结果。"
"FTY","DEOXY-DIFLUOROMETHELENE-PHOSPHOTYROSINE","TYR","TYR","manual-review","完整天然母体不是衍生物的直接子结构，可能涉及原子替换、断键、成环或立体化学边界","","","113.968","1","0","37.3","0.521","2","0",""
"FVA","N-formyl-L-valine","VAL","VAL","auto-structure-difference","天然母体完整保留；检测到新增1个C、1个O（C连接到N）","1","{""C"":1,""O"":1}","27.995","0","0","3.08","-0.213","2","0","结构差异和分子描述符由RDKit计算，不是溶解度、渗透性、稳定性或口服吸收的实验结果。"
"FX9","(2S)-2-azanyl-3-[3-(trifluoromethyl)phenyl]propanoic acid","PHE","PHE","auto-structure-difference","天然母体完整保留；检测到新增1个C、3个F（C连接到C）","1","{""C"":1,""F"":3}","67.987","0","0","0","1.019","0","0","结构差异和分子描述符由RDKit计算，不是溶解度、渗透性、稳定性或口服吸收的实验结果。"
"FY2","2,3-difluoro-L-tyrosine","TYR","TYR","auto-structure-difference","天然母体完整保留；检测到新增2个F（F连接到C）","1","{""F"":2}","35.981","0","0","0","0.278","0","0","结构差异和分子描述符由RDKit计算，不是溶解度、渗透性、稳定性或口服吸收的实验结果。"
"FY3","2,3,5-trifluoro-L-tyrosine","TYR","TYR","auto-structure-difference","天然母体完整保留；检测到新增3个F（F连接到C）","1","{""F"":3}","53.972","0","0","0","0.417","0","0","结构差异和分子描述符由RDKit计算，不是溶解度、渗透性、稳定性或口服吸收的实验结果。"
"FZN","(2S)-2-amino-6-{[(1Z)-1-{[(2R,3R,4S,5R)-5-({[(R)-{[(R)-{[(2R,3S,4R,5R)-5-(6-amino-9H-purin-9-yl)-3,4-dihydroxytetrahydrofuran-2-yl]methoxy}(hydroxy)phosphoryl]oxy}(hydroxy)phosphoryl]oxy}methyl)-3,4-dihydroxytetrahydrofuran-2-yl]sulfanyl}ethylidene]amino}hexanoic acid","LYS","LYS","manual-review","完整天然母体不是衍生物的直接子结构，可能涉及原子替换、断键、成环或立体化学边界","","","598.042","6","17","256.01","-0.352","11","4",""
"G1X","(2S)-2-azanyl-3-[3,4-bis(oxidanylidene)cyclohexa-1,5-dien-1-yl]propanoic acid","TYR","TYR","manual-review","完整天然母体不是衍生物的直接子结构，可能涉及原子替换、断键、成环或立体化学边界","","","13.979","-1","1","13.91","-0.924","0","0",""
"G3M","(3S)-N~6~-carbamimidoyl-3-hydroxy-L-lysine","ARG","ARG","manual-review","完整天然母体不是衍生物的直接子结构，可能涉及原子替换、断键、成环或立体化学边界","","","29.003","1","2","18.49","1.181","1","0",""
"G5G","(2S,4S)-2-amino-4,5-dihydroxy-4-methylpentanoic acid","LEU","LEU","auto-structure-difference","天然母体完整保留；检测到新增2个O（O连接到C）","1","{""O"":2}","31.99","2","2","40.46","-1.913","1","0","结构差异和分子描述符由RDKit计算，不是溶解度、渗透性、稳定性或口服吸收的实验结果。"
"G8M","(1S,2R)-2-[(S)-amino(carboxy)methyl]cyclobutanecarboxylic acid","GLU","GLU","auto-structure-difference","天然母体完整保留；检测到新增2个C（C连接到C）","1","{""C"":2}","26.016","0","0","0","0.246","-1","1","结构差异和分子描述符由RDKit计算，不是溶解度、渗透性、稳定性或口服吸收的实验结果。"
"G8X","(2~{S},3~{R})-3-oxidanylpyrrolidine-2-carboxylic acid","PRO","PRO","auto-structure-difference","天然母体完整保留；检测到新增1个O（O连接到C）","1","{""O"":1}","15.995","1","1","20.23","-1.029","0","0","结构差异和分子描述符由RDKit计算，不是溶解度、渗透性、稳定性或口服吸收的实验结果。"
"GAM","ALPHA-METHYL-L-GLUTAMIC ACID","GLU","GLU","auto-structure-difference","天然母体完整保留；检测到新增1个C（C连接到C）","1","{""C"":1}","14.016","0","0","0","0.39","0","0","结构差异和分子描述符由RDKit计算，不是溶解度、渗透性、稳定性或口服吸收的实验结果。"
"GAU","(4S)-4-AMINO-5-HYDROXYPENTANOIC ACID","GLU","GLU","manual-review","完整天然母体不是衍生物的直接子结构，可能涉及原子替换、断键、成环或立体化学边界","","","-13.979","0","0","-17.07","-0.092","0","0",""
"GEE","ethyl glycinate","GLY","GLY","auto-structure-difference","天然母体完整保留；检测到新增2个C（C连接到O）","1","{""C"":2}","28.031","-1","1","-11","0.478","1","0","结构差异和分子描述符由RDKit计算，不是溶解度、渗透性、稳定性或口服吸收的实验结果。"
"GFT","(2S)-2-azanyl-3-[cyclohexyloxy(methyl)phosphoryl]oxy-propanoic acid","SER","SER","auto-structure-difference","天然母体完整保留；检测到新增7个C、2个O、1个P（P连接到O）","1","{""C"":7,""O"":2,""P"":1}","160.065","-1","2","15.3","3.196","4","1","结构差异和分子描述符由RDKit计算，不是溶解度、渗透性、稳定性或口服吸收的实验结果。"
"GHC","N-({4-[(2-amino-6-ethyl-4-oxo-3,4-dihydrothieno[2,3-d]pyrimidin-5-yl)sulfanyl]phenyl}carbonyl)-L-glutamic acid","GLU","GLU","auto-structure-difference","天然母体完整保留；检测到新增15个C、3个N、2个O、2个S（C连接到N）","1","{""C"":15,""N"":3,""O"":2,""S"":2}","329.029","2","5","74.85","3.065","5","3","结构差异和分子描述符由RDKit计算，不是溶解度、渗透性、稳定性或口服吸收的实验结果。"
"GHG","(2S,4S)-2,5-diamino-4-hydroxy-5-oxopentanoic acid (non-preferred name)","GLN","GLN","auto-structure-difference","天然母体完整保留；检测到新增1个O（O连接到C）","1","{""O"":1}","15.995","1","1","20.23","-1.029","0","0","结构差异和分子描述符由RDKit计算，不是溶解度、渗透性、稳定性或口服吸收的实验结果。"
"GHW","N-({4-[(2-amino-6-methyl-4-oxo-3,4-dihydrothieno[2,3-d]pyrimidin-5-yl)sulfanyl]phenyl}carbonyl)-L-glutamic acid","GLU","GLU","auto-structure-difference","天然母体完整保留；检测到新增14个C、3个N、2个O、2个S（C连接到N）","1","{""C"":14,""N"":3,""O"":2,""S"":2}","315.014","2","5","74.85","2.811","4","3","结构差异和分子描述符由RDKit计算，不是溶解度、渗透性、稳定性或口服吸收的实验结果。"
"GL3","THIOGLYCIN","GLY","GLY","manual-review","完整天然母体不是衍生物的直接子结构，可能涉及原子替换、断键、成环或立体化学边界","","","15.977","0","0","-20.23","0.372","0","0",""
"GLJ","5,5-dihydroxy-L-norvaline","GLU","GLU","manual-review","完整天然母体不是衍生物的直接子结构，可能涉及原子替换、断键、成环或立体化学边界","","","2.016","1","1","3.16","-0.774","0","0",""
"GLZ","AMINO-ACETALDEHYDE","GLY","GLY","manual-review","完整天然母体不是衍生物的直接子结构，可能涉及原子替换、断键、成环或立体化学边界","","","-15.995","-1","0","-20.23","0.114","0","0",""
"GMA","4-AMIDO-4-CARBAMOYL-BUTYRIC ACID","GLU","GLU","manual-review","完整天然母体不是衍生物的直接子结构，可能涉及原子替换、断键、成环或立体化学边界","","","-0.984","0","0","5.79","-0.599","0","0",""
"GME","5-O-methyl-glutamic acid","GLU","GLU","auto-structure-difference","天然母体完整保留；检测到新增1个C（C连接到O）","1","{""C"":1}","14.016","-1","1","-11","0.088","0","0","结构差异和分子描述符由RDKit计算，不是溶解度、渗透性、稳定性或口服吸收的实验结果。"
"GNC","N~2~-methyl-L-glutamine","GLN","GLN","auto-structure-difference","天然母体完整保留；检测到新增1个C（C连接到N）","1","{""C"":1}","14.016","0","0","-13.99","0.261","1","0","结构差异和分子描述符由RDKit计算，不是溶解度、渗透性、稳定性或口服吸收的实验结果。"
"GND","2-AMINO-5-GUANIDINO-PENTANOIC ACID","LYS","LYS","manual-review","完整天然母体不是衍生物的直接子结构，可能涉及原子替换、断键、成环或立体化学边界","","","28.006","2","0","35.88","-0.866","0","0",""
"GPL","LYSINE GUANOSINE-5'-MONOPHOSPHATE","LYS","LYS","manual-review","完整天然母体不是衍生物的直接子结构，可能涉及原子替换、断键、成环或立体化学边界","","","344.04","5","9","170.2","-1.201","6","3",""
"GQI","(2R)-2-azanyl-3-[(E)-(2-oxidanyl-2-oxidanylidene-ethylidene)amino]oxysulfanyl-propanoic acid","CYS","CYS","auto-structure-difference","天然母体完整保留；检测到新增2个C、1个N、3个O（O连接到S）","1","{""C"":2,""N"":1,""O"":3}","86.996","0","3","58.89","-0.195","4","0","结构差异和分子描述符由RDKit计算，不是溶解度、渗透性、稳定性或口服吸收的实验结果。"
"GSC","2-ETHYLTHIO GLYCINE","GLY","GLY","auto-structure-difference","天然母体完整保留；检测到新增2个C、1个S（S连接到C）","1","{""C"":2,""S"":1}","60.003","0","1","0","1.079","2","0","结构差异和分子描述符由RDKit计算，不是溶解度、渗透性、稳定性或口服吸收的实验结果。"
"GSU","O5'-(L-GLUTAMYL-SULFAMOYL)-ADENOSINE","GLU","GLU","manual-review","完整天然母体不是衍生物的直接子结构，可能涉及原子替换、断键、成环或立体化学边界","","","328.059","3","10","154.48","-2.666","5","3",""
"GT9","S-NONYL-CYSTEINE","CYS","CYS","auto-structure-difference","天然母体完整保留；检测到新增9个C（C连接到S）","1","{""C"":9}","126.141","-1","0","0","3.554","9","0","结构差异和分子描述符由RDKit计算，不是溶解度、渗透性、稳定性或口服吸收的实验结果。"
"GVL","O-[(R)-{[(3R)-4-AMINO-3-HYDROXY-2,2-DIMETHYL-4-OXOBUTYL]OXY}(HYDROXY)PHOSPHORYL]-L-SERINE","SER","SER","auto-structure-difference","天然母体完整保留；检测到新增6个C、1个N、5个O、1个P（P连接到O）","1","{""C"":6,""N"":1,""O"":5,""P"":1}","209.045","2","4","98.85","0.014","7","0","结构差异和分子描述符由RDKit计算，不是溶解度、渗透性、稳定性或口服吸收的实验结果。"
"H14","(2S,3R)-BETA-HYDROXY-PHENYLALANINE","PHE","PHE","auto-structure-difference","天然母体完整保留；检测到新增1个O（O连接到C）","1","{""O"":1}","15.995","1","1","20.23","-0.509","0","0","结构差异和分子描述符由RDKit计算，不是溶解度、渗透性、稳定性或口服吸收的实验结果。"
"H5M","TRANS-3-HYDROXY-5-METHYLPROLINE","PRO","PRO","auto-structure-difference","天然母体完整保留；检测到新增1个C、1个O（C连接到C；O连接到C）","1","{""C"":1,""O"":1}","30.011","1","1","20.23","-0.641","0","0","结构差异和分子描述符由RDKit计算，不是溶解度、渗透性、稳定性或口服吸收的实验结果。"
"H7V","3-cyclohexyl-N-methyl-L-alanine","ALA","ALA","auto-structure-difference","天然母体完整保留；检测到新增7个C（C连接到N；C连接到C）","1","{""C"":7}","96.094","0","0","-13.99","2.211","3","1","结构差异和分子描述符由RDKit计算，不是溶解度、渗透性、稳定性或口服吸收的实验结果。"
"HAR","N-OMEGA-HYDROXY-L-ARGININE","ARG","ARG","manual-review","完整天然母体不是衍生物的直接子结构，可能涉及原子替换、断键、成环或立体化学边界","","","14.988","1","2","4.5","1.84","0","0",""
"HBN","N-(2-NAPHTHYL)HISTIDINAMIDE","HIS","HIS","manual-review","完整天然母体不是衍生物的直接子结构，可能涉及原子替换、断键、成环或立体化学边界","","","124.056","0","1","-9.45","3.288","1","2",""
"HCM","(2S)-2-amino-4-(methyldisulfanyl)butanoic acid","CYS","CYS","manual-review","完整天然母体不是衍生物的直接子结构，可能涉及原子替换、断键、成环或立体化学边界","","","60.003","-1","1","0","1.472","3","0",""
"HGY","(2S)-amino(hydroxy)ethanoic acid","GLY","GLY","auto-structure-difference","天然母体完整保留；检测到新增1个O（O连接到C）","1","{""O"":1}","15.995","1","1","20.23","-0.682","0","0","结构差异和分子描述符由RDKit计算，不是溶解度、渗透性、稳定性或口服吸收的实验结果。"
"HHI","(2Z)-3-(1H-imidazol-5-yl)-2-iminopropanoic acid","HIS","HIS","manual-review","完整天然母体不是衍生物的直接子结构，可能涉及原子替换、断键、成环或立体化学边界","","","-3.023","0","1","-3.42","1.273","0","0",""
"HHK","(2S)-2,8-DIAMINOOCTANOIC ACID","ALA;LYS","ALA","manual-review","CCD列出多个天然母体，需要人工确定主要母体","","","85.089","1","1","26.02","0.889","6","0",""
"HIA","L-HISTIDINE AMIDE","HIS","HIS","manual-review","完整天然母体不是衍生物的直接子结构，可能涉及原子替换、断键、成环或立体化学边界","","","-1.991","0","1","4.54","-0.018","0","0",""
"HIC","4-METHYL-HISTIDINE","HIS","HIS","manual-review","完整天然母体不是衍生物的直接子结构，可能涉及原子替换、断键、成环或立体化学边界","","","13.008","-1","1","-12.11","0.591","0","0",""
"HIP","ND1-PHOSPHONOHISTIDINE","HIS","HIS","manual-review","完整天然母体不是衍生物的直接子结构，可能涉及原子替换、断键、成环或立体化学边界","","","79.966","1","1","46.67","-0.586","1","0",""
"HIQ","1-[1,2-DIHYDROXY-1-(HYDROXYMETHYL)ETHYL]-L-HISTIDINE","HIS","HIS","manual-review","完整天然母体不是衍生物的直接子结构，可能涉及原子替换、断键、成环或立体化学边界","","","89.024","2","4","48.58","-1.316","3","0",""
"HIX","3-(1H-1,2,3-triazol-5-yl)-L-alanine","ALA","ALA","auto-structure-difference","天然母体完整保留；检测到新增2个C、3个N（C连接到C）","1","{""C"":2,""N"":3}","67.017","1","2","41.57","-0.659","2","1","结构差异和分子描述符由RDKit计算，不是溶解度、渗透性、稳定性或口服吸收的实验结果。"
"HL2","(2S,3R)-2-amino-3-hydroxy-4-methylpentanoic acid","LEU","LEU","auto-structure-difference","天然母体完整保留；检测到新增1个O（O连接到C）","1","{""O"":1}","15.995","1","1","20.23","-1.029","0","0","结构差异和分子描述符由RDKit计算，不是溶解度、渗透性、稳定性或口服吸收的实验结果。"
"HL5","(2S,4R)-5-hydroxyleucine","LEU","LEU","auto-structure-difference","天然母体完整保留；检测到新增1个O（O连接到C）","1","{""O"":1}","15.995","1","1","20.23","-1.028","1","0","结构差异和分子描述符由RDKit计算，不是溶解度、渗透性、稳定性或口服吸收的实验结果。"
"HLU","BETA-HYDROXYLEUCINE","LEU","LEU","auto-structure-difference","天然母体完整保留；检测到新增1个O（O连接到C）","1","{""O"":1}","15.995","1","1","20.23","-1.029","0","0","结构差异和分子描述符由RDKit计算，不是溶解度、渗透性、稳定性或口服吸收的实验结果。"
"HLY","(3~{R})-5-[[(5~{S})-5-azanyl-6-oxidanyl-6-oxidanylidene-hexyl]amino]-3-methyl-3-oxidanyl-5-oxidanylidene-pentanoic acid","LYS","LYS","manual-review","完整天然母体不是衍生物的直接子结构，可能涉及原子替换、断键、成环或立体化学边界","","","143.035","2","3","58.99","0.49","5","0",""
"HMR","BETA-HOMOARGININE","ARG","ARG","manual-review","完整天然母体不是衍生物的直接子结构，可能涉及原子替换、断键、成环或立体化学边界","","","13.008","0","1","-1.74","2.21","1","0",""
"HNC","S-[(1S,2R)-2-hydroxy-1-(2-oxoethyl)heptyl]-L-cysteine","CYS","CYS","auto-structure-difference","天然母体完整保留；检测到新增9个C、2个O（C连接到S）","1","{""C"":9,""O"":2}","156.115","0","2","37.3","1.702","9","0","结构差异和分子描述符由RDKit计算，不是溶解度、渗透性、稳定性或口服吸收的实验结果。"
"HOO","(2~{S})-2-azanyl-3-[2,5-bis(oxidanylidene)imidazol-4-yl]propanoic acid","HIS","HIS","manual-review","完整天然母体不是衍生物的直接子结构，可能涉及原子替换、断键、成环或立体化学边界","","","28.967","0","2","28.6","-0.304","0","0",""
"HOX","4-amino-L-phenylalanine","PHE","PHE","auto-structure-difference","天然母体完整保留；检测到新增1个N（N连接到C）","1","{""N"":1}","15.011","1","1","26.02","-0.418","0","0","结构差异和分子描述符由RDKit计算，不是溶解度、渗透性、稳定性或口服吸收的实验结果。"
"HP9","(2S)-2-azanyl-3-(7-fluoranyl-9-oxidanylidene-xanthen-2-yl)propanoic acid","PHE","PHE","auto-structure-difference","天然母体完整保留；检测到新增7个C、1个F、2个O（C连接到C；O连接到C）","1","{""C"":7,""F"":1,""O"":2}","135.996","0","2","30.21","1.399","0","2","结构差异和分子描述符由RDKit计算，不是溶解度、渗透性、稳定性或口服吸收的实验结果。"
"HPE","HOMOPHENYLALANINE","PHE","PHE","manual-review","完整天然母体不是衍生物的直接子结构，可能涉及原子替换、断键、成环或立体化学边界","","","14.016","0","0","0","0.39","1","0",""
"HPQ","HOMOPHENYLALANINYLMETHANE","PHE","PHE","manual-review","完整天然母体不是衍生物的直接子结构，可能涉及原子替换、断键、成环或立体化学边界","","","12.036","-1","0","-20.23","0.894","1","0",""
"HQA","3-(8-hydroxyquinolin-3-yl)-L-alanine","ALA","ALA","auto-structure-difference","天然母体完整保留；检测到新增9个C、1个N、1个O（C连接到C）","1","{""C"":9,""N"":1,""O"":1}","143.037","1","2","33.12","1.477","2","2","结构差异和分子描述符由RDKit计算，不是溶解度、渗透性、稳定性或口服吸收的实验结果。"
"HR7","(3S)-3-amino-6-[(diaminomethylidene)amino]hexanoic acid","ARG","ARG","manual-review","完整天然母体不是衍生物的直接子结构，可能涉及原子替换、断键、成环或立体化学边界","","","13.008","-1","1","0.76","2","1","0",""
"HRG","L-HOMOARGININE","ARG","ARG","manual-review","完整天然母体不是衍生物的直接子结构，可能涉及原子替换、断键、成环或立体化学边界","","","13.008","0","1","-1.74","2.21","1","0",""
"HRP","5-HYDROXY-L-TRYPTOPHAN","TRP","TRP","auto-structure-difference","天然母体完整保留；检测到新增1个O（O连接到C）","1","{""O"":1}","15.995","1","1","20.23","-0.294","0","0","结构差异和分子描述符由RDKit计算，不是溶解度、渗透性、稳定性或口服吸收的实验结果。"
"HS8","3-(1-sulfo-1H-imidazol-3-ium-4-yl)-L-alanine","HIS","HIS","manual-review","完整天然母体不是衍生物的直接子结构，可能涉及原子替换、断键、成环或立体化学边界","","","79.957","0","2","43.51","-0.876","1","0",""
"HS9","N-ALPHA-METHYL-L-HISTIDINAMIDE","HIS","HIS","manual-review","完整天然母体不是衍生物的直接子结构，可能涉及原子替换、断键、成环或立体化学边界","","","12.024","0","1","-9.45","0.242","1","0",""
"HSE","L-HOMOSERINE","SER","SER","manual-review","完整天然母体不是衍生物的直接子结构，可能涉及原子替换、断键、成环或立体化学边界","","","14.016","0","0","0","0.39","1","0",""
"HSK","3-hydroxy-L-histidine","HIS","HIS","manual-review","完整天然母体不是衍生物的直接子结构，可能涉及原子替换、断键、成环或立体化学边界","","","14.988","0","2","8.12","0.292","0","0",""
"HSL","HOMOSERINE LACTONE","SER","SER","manual-review","完整天然母体不是衍生物的直接子结构，可能涉及原子替换、断键、成环或立体化学边界","","","-3.995","-2","0","-31.23","0.87","-2","1",""
"HSO","L-histidinol","HIS","HIS","manual-review","完整天然母体不是衍生物的直接子结构，可能涉及原子替换、断键、成环或立体化学边界","","","-13.979","0","0","-17.07","-0.092","0","0",""
"HSV","L-histidinal","HIS","HIS","manual-review","完整天然母体不是衍生物的直接子结构，可能涉及原子替换、断键、成环或立体化学边界","","","-15.995","-1","0","-20.23","0.114","0","0",""
"HT7","(3S)-3-AMINO-4-(1H-INDOL-3-YL)BUTANOIC ACID","TRP","TRP","manual-review","完整天然母体不是衍生物的直接子结构，可能涉及原子替换、断键、成环或立体化学边界","","","14.016","0","0","0","0.39","1","0",""
"HTI","(4S)-4-{[(2S)-2-AMINO-3-OXOPROPYL]SULFANYL}-L-HOMOSERINE","CYS","CYS","auto-structure-difference","天然母体完整保留；检测到新增4个C、1个N、3个O（C连接到S）","1","{""C"":4,""N"":1,""O"":3}","117.043","2","3","83.55","-1.076","5","0","结构差异和分子描述符由RDKit计算，不是溶解度、渗透性、稳定性或口服吸收的实验结果。"
"HTR","BETA-HYDROXYTRYPTOPHANE","TRP","TRP","auto-structure-difference","天然母体完整保留；检测到新增1个O（O连接到C）","1","{""O"":1}","15.995","1","1","20.23","-0.509","0","0","结构差异和分子描述符由RDKit计算，不是溶解度、渗透性、稳定性或口服吸收的实验结果。"
"HVA","3-hydroxy-L-valine","VAL","VAL","auto-structure-difference","天然母体完整保留；检测到新增1个O（O连接到C）","1","{""O"":1}","15.995","1","1","20.23","-0.885","0","0","结构差异和分子描述符由RDKit计算，不是溶解度、渗透性、稳定性或口服吸收的实验结果。"
"HY3","3-HYDROXYPROLINE","PRO","PRO","auto-structure-difference","天然母体完整保留；检测到新增1个O（O连接到C）","1","{""O"":1}","15.995","1","1","20.23","-1.029","0","0","结构差异和分子描述符由RDKit计算，不是溶解度、渗透性、稳定性或口服吸收的实验结果。"
"HYP","4-HYDROXYPROLINE","PRO","PRO","auto-structure-difference","天然母体完整保留；检测到新增1个O（O连接到C）","1","{""O"":1}","15.995","1","1","20.23","-1.029","0","0","结构差异和分子描述符由RDKit计算，不是溶解度、渗透性、稳定性或口服吸收的实验结果。"
"HZP","(4S)-4-hydroxy-L-proline","PRO","PRO","auto-structure-difference","天然母体完整保留；检测到新增1个O（O连接到C）","1","{""O"":1}","15.995","1","1","20.23","-1.029","0","0","结构差异和分子描述符由RDKit计算，不是溶解度、渗透性、稳定性或口服吸收的实验结果。"
"I2F","(2~{S},4~{R},5~{E})-5-[(5~{S})-5-azanyl-6-oxidanyl-hexyl]iminohexane-1,2,4-triol","LYS","LYS","manual-review","完整天然母体不是衍生物的直接子结构，可能涉及原子替换、断键、成环或立体化学边界","","","131.071","3","5","48.57","-0.451","5","0",""
"I2M","3-methyl-L-alloisoleucine","ILE","ILE","auto-structure-difference","天然母体完整保留；检测到新增1个C（C连接到C）","2","{""C"":1}","14.016","0","0","0","0.39","0","0","结构差异和分子描述符由RDKit计算，不是溶解度、渗透性、稳定性或口服吸收的实验结果。"
"I3L","allyl-cysteine","CYS","CYS","auto-structure-difference","天然母体完整保留；检测到新增3个C（C连接到S）","1","{""C"":3}","40.031","-1","0","0","0.989","3","0","结构差异和分子描述符由RDKit计算，不是溶解度、渗透性、稳定性或口服吸收的实验结果。"
"I4G","N-(2-methylpropyl)glycine","GLY","GLY","auto-structure-difference","天然母体完整保留；检测到新增4个C（C连接到N）","1","{""C"":4}","56.063","0","0","-13.99","1.287","3","0","结构差异和分子描述符由RDKit计算，不是溶解度、渗透性、稳定性或口服吸收的实验结果。"
"I4O","Histidine oxo-vanadium complex","HIS","HIS","manual-review","完整天然母体不是衍生物的直接子结构，可能涉及原子替换、断键、成环或立体化学边界","","","112.91","-1","5","74.14","-3.322","1","0",""
"I58","4R-FLUORO-N6-ETHANIMIDOYL-L-LYSINE","LYS","LYS","manual-review","完整天然母体不是衍生物的直接子结构，可能涉及原子替换、断键、成环或立体化学边界","","","58.01","1","1","8.24","1.293","1","0",""
"I7F","O-hydroxy-L-serine","SER","SER","auto-structure-difference","天然母体完整保留；检测到新增1个O（O连接到O）","1","{""O"":1}","15.995","0","1","9.23","0.497","1","0","结构差异和分子描述符由RDKit计算，不是溶解度、渗透性、稳定性或口服吸收的实验结果。"
"IAE","(2S)-2-azanyl-4-[4-(trifluoromethyl)phenyl]butanoic acid","PHE","PHE","manual-review","完整天然母体不是衍生物的直接子结构，可能涉及原子替换、断键、成环或立体化学边界","","","82.003","0","0","0","1.409","1","0",""
"IAM","4-[(ISOPROPYLAMINO)METHYL]PHENYLALANINE","PHE","PHE","auto-structure-difference","天然母体完整保留；检测到新增4个C、1个N（C连接到C）","1","{""C"":4,""N"":1}","71.073","1","1","12.03","0.498","3","0","结构差异和分子描述符由RDKit计算，不是溶解度、渗透性、稳定性或口服吸收的实验结果。"
"IAR","(2E)-5-[(diaminomethylidene)amino]-2-iminopentanoic acid","ARG","ARG","manual-review","完整天然母体不是衍生物的直接子结构，可能涉及原子替换、断键、成环或立体化学边界","","","-3.023","0","1","-3.91","2.512","0","0",""
"IB9","Beta-tyrosine","TYR","TYR","manual-review","完整天然母体不是衍生物的直接子结构，可能涉及原子替换、断键、成环或立体化学边界","","","0","0","0","0","0.52","0","0",""
"IC0","Fmoc-(S)-2-(4-pentenyl)-glycine","GLY","GLY","auto-structure-difference","天然母体完整保留；检测到新增5个C（C连接到C）","1","{""C"":5}","68.063","0","0","0","1.725","4","0","结构差异和分子描述符由RDKit计算，不是溶解度、渗透性、稳定性或口服吸收的实验结果。"
"ICY","S-(2-iodobenzyl)-L-cysteine","CYS","CYS","auto-structure-difference","天然母体完整保留；检测到新增7个C、1个I（C连接到S）","1","{""C"":7,""I"":1}","215.944","-1","0","0","2.608","3","1","结构差异和分子描述符由RDKit计算，不是溶解度、渗透性、稳定性或口服吸收的实验结果。"
"IEL","N~6~-[(1Z)-ethanimidoyl]-L-lysine","LYS","LYS","manual-review","完整天然母体不是衍生物的直接子结构，可能涉及原子替换、断键、成环或立体化学边界","","","40.019","1","1","8.24","1.345","1","0",""
"IGL","ALPHA-AMINO-2-INDANACETIC ACID","GLY","GLY","auto-structure-difference","天然母体完整保留；检测到新增9个C（C连接到C）","1","{""C"":9}","116.063","0","0","0","1.784","1","2","结构差异和分子描述符由RDKit计算，不是溶解度、渗透性、稳定性或口服吸收的实验结果。"
"IIC","4-IMIDAZOLMETHYLENE-5-IMIDAZOLONE CHROMOPHORE","GLY;HIS;SER","GLY","manual-review","CCD列出多个天然母体，需要人工确定主要母体","","","206.08","2","4","81.58","-1.064","5","2",""
"IIL","ISO-ISOLEUCINE","ILE","ILE","auto-structure-difference","天然母体完整保留；检测到新增没有新增重原子","1","{}","0","0","0","0","0","0","0","结构差异和分子描述符由RDKit计算，不是溶解度、渗透性、稳定性或口服吸收的实验结果。"
"ILX","4,5-DIHYDROXYISOLEUCINE","ILE","ILE","auto-structure-difference","天然母体完整保留；检测到新增2个O（O连接到C）","1","{""O"":2}","31.99","2","2","40.46","-2.057","1","0","结构差异和分子描述符由RDKit计算，不是溶解度、渗透性、稳定性或口服吸收的实验结果。"
"IML","N-METHYL-ISOLEUCINE","ILE","ILE","auto-structure-difference","天然母体完整保留；检测到新增1个C（C连接到N）","1","{""C"":1}","14.016","0","0","-13.99","0.261","1","0","结构差异和分子描述符由RDKit计算，不是溶解度、渗透性、稳定性或口服吸收的实验结果。"
"IO8","2-[2-(aminomethyl)-4-(1H-indol-3-ylmethyl)-5-oxidanylidene-4H-imidazol-1-yl]ethanoic acid","GLY;TRP","GLY","manual-review","CCD列出多个天然母体，需要人工确定主要母体","","","223.075","1","2","48.46","1.763","3","3",""
"IOR","N~5~-[(5R)-5-methyl-4-oxo-4,5-dihydro-1H-imidazol-2-yl]-L-ornithine","ARG","ARG","manual-review","完整天然母体不是衍生物的直接子结构，可能涉及原子替换、断键、成环或立体化学边界","","","53.003","-1","3","-10.15","1.8","0","1",""
"IPG","N-ISOPROPYL GLYCINE","GLY","GLY","auto-structure-difference","天然母体完整保留；检测到新增3个C（C连接到N）","1","{""C"":3}","42.047","0","0","-13.99","1.039","2","0","结构差异和分子描述符由RDKit计算，不是溶解度、渗透性、稳定性或口服吸收的实验结果。"
"IYR","3-IODO-TYROSINE","TYR","TYR","auto-structure-difference","天然母体完整保留；检测到新增1个I（I连接到C）","1","{""I"":1}","125.897","0","0","0","0.605","0","0","结构差异和分子描述符由RDKit计算，不是溶解度、渗透性、稳定性或口服吸收的实验结果。"
"IZO","(2S)-2-AMINOHEX-5-YNOIC ACID","MET","MET","manual-review","完整天然母体不是衍生物的直接子结构，可能涉及原子替换、断键、成环或立体化学边界","","","-21.988","0","-1","0","-0.34","-1","0",""
"J2F","(2~{S})-2-azanyl-3-[4-[(2-nitrophenyl)methoxy]phenyl]propanoic acid","TYR","TYR","auto-structure-difference","天然母体完整保留；检测到新增7个C、1个N、2个O（C连接到O）","1","{""C"":7,""N"":1,""O"":2}","135.032","-1","2","32.14","1.782","4","1","结构差异和分子描述符由RDKit计算，不是溶解度、渗透性、稳定性或口服吸收的实验结果。"
"J3D","N-carboxy-L-cysteine","CYS","CYS","auto-structure-difference","天然母体完整保留；检测到新增1个C、2个O（C连接到N）","1","{""C"":1,""O"":2}","43.99","1","0","23.31","0.309","1","0","结构差异和分子描述符由RDKit计算，不是溶解度、渗透性、稳定性或口服吸收的实验结果。"
"J8W","(2~{S})-2-azanyl-3-(3-oxidanyl-3-oxidanylidene-propanoyl)oxy-propanoic acid","SER","SER","auto-structure-difference","天然母体完整保留；检测到新增3个C、3个O（C连接到O）","1","{""C"":3,""O"":3}","86","0","2","43.37","0.026","3","0","结构差异和分子描述符由RDKit计算，不是溶解度、渗透性、稳定性或口服吸收的实验结果。"
"J9Y","(2S)-2-amino-5-{[(E)-amino(methylamino)methylidene](hydroxy)azaniumyl}pentanoate","ARG","ARG","manual-review","完整天然母体不是衍生物的直接子结构，可能涉及原子替换、断键、成环或立体化学边界","","","29.003","-1","2","0.48","-0.062","0","0",""
"JGO","meso-2,6-diaminopimelic acid NH2","LYS","LYS","manual-review","完整天然母体不是衍生物的直接子结构，可能涉及原子替换、断键、成环或立体化学边界","","","41.999","1","2","41.47","-0.429","1","0",""
"JJJ","S-(pyridin-3-ylcarbonyl)-L-cysteine","CYS","CYS","auto-structure-difference","天然母体完整保留；检测到新增6个C、1个N、1个O（C连接到S）","1","{""C"":6,""N"":1,""O"":1}","105.021","-1","2","29.96","1.039","2","1","结构差异和分子描述符由RDKit计算，不是溶解度、渗透性、稳定性或口服吸收的实验结果。"
"JJK","S-[(S)-hydroxy(pyridin-3-yl)methyl]-L-cysteine","CYS","CYS","auto-structure-difference","天然母体完整保留；检测到新增6个C、1个N、1个O（C连接到S）","1","{""C"":6,""N"":1,""O"":1}","107.037","0","2","33.12","0.889","3","1","结构差异和分子描述符由RDKit计算，不是溶解度、渗透性、稳定性或口服吸收的实验结果。"
"JJL","S-[(S)-hydroxy(5-methoxypyridin-3-yl)methyl]-L-cysteine","CYS","CYS","auto-structure-difference","天然母体完整保留；检测到新增7个C、1个N、2个O（C连接到S）","1","{""C"":7,""N"":1,""O"":2}","137.048","0","3","42.35","0.898","4","1","结构差异和分子描述符由RDKit计算，不是溶解度、渗透性、稳定性或口服吸收的实验结果。"
"JKH","4-amino-Proline","PRO","PRO","auto-structure-difference","天然母体完整保留；检测到新增1个N（N连接到C）","1","{""N"":1}","16.018","1","0","27.64","-1.78","0","0","结构差异和分子描述符由RDKit计算，不是溶解度、渗透性、稳定性或口服吸收的实验结果。"
"JLP","(2S)-2-azanyl-6-[E-[5-(hydroxymethyl)-2-methyl-3-oxidanyl-pyridin-4-yl]methylideneamino]hexanoic acid","LYS","LYS","manual-review","完整天然母体不是衍生物的直接子结构，可能涉及原子替换、断键、成环或立体化学边界","","","148.04","1","4","38.07","1.778","3","1",""
"K1R","(2S)-2-AMINO-4-[({[(2R)-2-AMINO-2-CARBOXYETHYL]THIO}AMINO)SULFINYL]BUTANOIC ACID","CYS","CYS","auto-structure-difference","天然母体完整保留；检测到新增4个C、2个N、3个O、1个S（N连接到S）","1","{""C"":4,""N"":2,""O"":3,""S"":1}","164.026","2","3","92.42","-1.226","7","0","结构差异和分子描述符由RDKit计算，不是溶解度、渗透性、稳定性或口服吸收的实验结果。"
"K5H","(2~{R})-2-azanyl-3-[3,3,3-tris(fluoranyl)-2,2-bis(oxidanyl)propyl]sulfanyl-propanoic acid","CYS","CYS","auto-structure-difference","天然母体完整保留；检测到新增3个C、3个F、2个O（C连接到S）","1","{""C"":3,""F"":3,""O"":2}","128.009","1","2","40.46","0.047","3","0","结构差异和分子描述符由RDKit计算，不是溶解度、渗透性、稳定性或口服吸收的实验结果。"
"K5L","(2~{R})-2-azanyl-3-(3-oxidanyl-3-oxidanylidene-propanoyl)oxy-propanoic acid","SER","SER","auto-structure-difference","天然母体完整保留；检测到新增3个C、3个O（C连接到O）","1","{""C"":3,""O"":3}","86","0","2","43.37","0.026","3","0","结构差异和分子描述符由RDKit计算，不是溶解度、渗透性、稳定性或口服吸收的实验结果。"
"K7K","2-azanyl-3-[hexyl-[2-(3-oxidanylpyridin-2-yl)pyridin-3-yl]oxy-phosphoryl]oxy-propanal","SER","SER","auto-structure-difference","天然母体完整保留；检测到新增16个C、2个N、3个O、1个P（P连接到O）","1","{""C"":16,""N"":2,""O"":3,""P"":1}","318.113","0","5","61.31","5.039","10","2","结构差异和分子描述符由RDKit计算，不是溶解度、渗透性、稳定性或口服吸收的实验结果。"
"KBE","beta-lysine","LYS","LYS","manual-review","完整天然母体不是衍生物的直接子结构，可能涉及原子替换、断键、成环或立体化学边界","","","-1.007","0","1","-1.62","0.717","0","0",""
"KCR","N-6-crotonyl-L-lysine","LYS","LYS","manual-review","完整天然母体不是衍生物的直接子结构，可能涉及原子替换、断键、成环或立体化学边界","","","67.019","0","1","1.46","1.45","2","0",""
"KCX","LYSINE NZ-CARBOXYLIC ACID","LYS","LYS","manual-review","完整天然母体不是衍生物的直接子结构，可能涉及原子替换、断键、成环或立体化学边界","","","42.983","1","1","21.69","1.026","1","0",""
"KEO","e(R)-beta-lysyl-hydroxylysine","LYS","LYS","manual-review","完整天然母体不是衍生物的直接子结构，可能涉及原子替换、断键、成环或立体化学边界","","","143.083","3","4","73.73","-0.699","6","0",""
"KFP","N~6~-[(2-amino-4-oxo-3,4-dihydropteridin-6-yl)methyl]-D-lysine","LYS","LYS","manual-review","完整天然母体不是衍生物的直接子结构，可能涉及原子替换、断键、成环或立体化学边界","","","174.042","2","6","81.94","0.157","3","2",""
"KGC","N~6~-[(2R)-2-CARBOXY-5-OXOTETRAHYDROFURAN-2-YL]-L-LYSINE","LYS","LYS","manual-review","完整天然母体不是衍生物的直接子结构，可能涉及原子替换、断键、成环或立体化学边界","","","127.004","1","4","47.99","0.466","3","1",""
"KHB","N~6~-[(3S)-3-hydroxybutanoyl]-L-lysine","LYS","LYS","manual-review","完整天然母体不是衍生物的直接子结构，可能涉及原子替换、断键、成环或立体化学边界","","","85.03","1","2","21.69","0.645","3","0",""
"KKD","N-acetyl-L-aspartic acid","ASP","ASP","auto-structure-difference","天然母体完整保留；检测到新增2个C、1个O（C连接到N）","1","{""C"":2,""O"":1}","42.011","0","0","3.08","0.177","1","0","结构差异和分子描述符由RDKit计算，不是溶解度、渗透性、稳定性或口服吸收的实验结果。"
"KLF","(2~{S},4~{R})-4-oxidanylpyrrolidine-2-carboxamide","PRO","PRO","manual-review","完整天然母体不是衍生物的直接子结构，可能涉及原子替换、断键、成环或立体化学边界","","","15.011","1","1","26.02","-1.628","0","0",""
"KNB","3-(methylsulfonyl)-L-alanine","ALA","ALA","auto-structure-difference","天然母体完整保留；检测到新增1个C、2个O、1个S（S连接到C）","1","{""C"":1,""O"":2,""S"":1}","77.978","0","2","34.14","-0.975","2","0","结构差异和分子描述符由RDKit计算，不是溶解度、渗透性、稳定性或口服吸收的实验结果。"
"KOR","L-HOMOCYSTEINE-S-N-S-L-CYSTEINE","MET","MET","manual-review","完整天然母体不是衍生物的直接子结构，可能涉及原子替换、断键、成环或立体化学边界","","","135.994","3","3","92.42","-2.05","5","0",""
"KPF","N-(1-carboxy-2-fluoro-ethenyl) lysine","LYS","LYS","manual-review","完整天然母体不是衍生物的直接子结构，可能涉及原子替换、断键、成环或立体化学边界","","","86.989","0","2","22.02","1.253","3","0",""
"KPI","(2S)-2-amino-6-[(1-hydroxy-1-oxo-propan-2-ylidene)amino]hexanoic acid","LYS","LYS","manual-review","完整天然母体不是衍生物的直接子结构，可能涉及原子替换、断键、成环或立体化学边界","","","68.998","0","2","22.02","1.304","2","0",""
"KPY","(2R)-2-AZANYL-3-[2-[(E)-(1-OXIDANYL-1-OXIDANYLIDENE-PROPAN-2-YLIDENE)AMINO]ETHYLSULFANYL]PROPANOIC ACID","LYS","LYS","manual-review","完整天然母体不是衍生物的直接子结构，可能涉及原子替换、断键、成环或立体化学边界","","","86.955","0","3","22.02","0.866","2","0",""
"KR3","N~6~-(ethoxycarbonyl)-L-lysine","LYS","LYS","manual-review","完整天然母体不是衍生物的直接子结构，可能涉及原子替换、断键、成环或立体化学边界","","","71.014","0","2","10.69","1.504","2","0",""
"KST","N~6~-(5-CARBOXY-3-THIENYL)-L-LYSINE","LYS","LYS","manual-review","完整天然母体不是衍生物的直接子结构，可能涉及原子替换、断键、成环或立体化学边界","","","124.97","1","3","21.69","2.63","3","1",""
"KYN","(2S)-2-amino-4-(2-aminophenyl)-4-oxobutanoic acid","TRP","TRP","manual-review","完整天然母体不是衍生物的直接子结构，可能涉及原子替换、断键、成环或立体化学边界","","","3.995","0","2","27.3","-0.869","1","-1",""
"KYQ","(E)-N~6~-(1-carboxy-2-hydroxyethylidene)-L-lysine","LYS","LYS","manual-review","完整天然母体不是衍生物的直接子结构，可能涉及原子替换、断键、成环或立体化学边界","","","84.993","1","3","42.25","0.276","3","0",""
"L3O","(2S,3S)-3-amino-2-hydroxy-5-methylhexanoic acid","LEU","LEU","manual-review","完整天然母体不是衍生物的直接子结构，可能涉及原子替换、断键、成环或立体化学边界","","","30.011","1","1","20.23","-0.639","1","0",""
"L5P","(2S)-2-azanyl-6-[[(3R,4R)-3,4-bis(oxidanyl)-2-oxidanylidene-5-phosphonooxy-pentyl]amino]hexanoic acid","LYS","LYS","manual-review","完整天然母体不是衍生物的直接子结构，可能涉及原子替换、断键、成环或立体化学边界","","","211.001","4","6","108.68","-1.252","8","0",""
"LA2","N~6~-[(6R)-6,8-disulfanyloctanoyl]-L-lysine","LYS","LYS","manual-review","完整天然母体不是衍生物的直接子结构，可能涉及原子替换、断键、成环或立体化学边界","","","189.041","2","3","1.46","3.053","8","0",""
"LAL","N,N-DIMETHYL-L-ALANINE","ALA","ALA","auto-structure-difference","天然母体完整保留；检测到新增2个C（C连接到N）","1","{""C"":2}","28.031","-1","0","-22.78","0.603","1","0","结构差异和分子描述符由RDKit计算，不是溶解度、渗透性、稳定性或口服吸收的实验结果。"
"LAY","N-acetyl-L-leucine","LEU","LEU","auto-structure-difference","天然母体完整保留；检测到新增2个C、1个O（C连接到N）","1","{""C"":2,""O"":1}","42.011","0","0","3.08","0.177","1","0","结构差异和分子描述符由RDKit计算，不是溶解度、渗透性、稳定性或口服吸收的实验结果。"
"LBY","N~6~-(tert-butoxycarbonyl)-L-lysine","LYS","LYS","manual-review","完整天然母体不是衍生物的直接子结构，可能涉及原子替换、断键、成环或立体化学边界","","","99.045","0","2","10.69","2.283","1","0",""
"LBZ","(2~{S})-2-azanyl-6-benzamido-hexanoic acid","LYS","LYS","manual-review","完整天然母体不是衍生物的直接子结构，可能涉及原子替换、断键、成环或立体化学边界","","","103.019","0","1","1.46","2.188","2","1",""
"LCK","(Z)-N~6~-(2-carboxy-1-methylethylidene)-L-lysine","LYS","LYS","manual-review","完整天然母体不是衍生物的直接子结构，可能涉及原子替换、断键、成环或立体化学边界","","","83.014","0","2","22.02","1.694","3","0",""
"LDH","N~6~-ETHYL-L-LYSINE","LYS","LYS","manual-review","完整天然母体不是衍生物的直接子结构，可能涉及原子替换、断键、成环或立体化学边界","","","27.024","0","1","-15.61","1.368","2","0",""
"LE1","3-sulfanyl-L-valine","VAL","VAL","auto-structure-difference","天然母体完整保留；检测到新增1个S（S连接到C）","1","{""S"":1}","31.972","1","1","0","0.052","0","0","结构差异和分子描述符由RDKit计算，不是溶解度、渗透性、稳定性或口服吸收的实验结果。"
"LED","(4R)-5-OXO-L-LEUCINE","LEU","LEU","auto-structure-difference","天然母体完整保留；检测到新增1个O（O连接到C）","1","{""O"":1}","13.979","0","1","17.07","-0.821","1","0","结构差异和分子描述符由RDKit计算，不是溶解度、渗透性、稳定性或口服吸收的实验结果。"
"LEF","(4S)-5-FLUORO-L-LEUCINE","LEU","LEU","auto-structure-difference","天然母体完整保留；检测到新增1个F（F连接到C）","1","{""F"":1}","17.991","0","0","0","-0.05","1","0","结构差异和分子描述符由RDKit计算，不是溶解度、渗透性、稳定性或口服吸收的实验结果。"
"LEH","N-[12-(1H-imidazol-1-yl)dodecanoyl]-L-leucine","LEU","LEU","auto-structure-difference","天然母体完整保留；检测到新增15个C、2个N、1个O（C连接到N）","1","{""C"":15,""N"":2,""O"":1}","248.189","0","1","20.9","3.955","13","1","结构差异和分子描述符由RDKit计算，不是溶解度、渗透性、稳定性或口服吸收的实验结果。"
"LET","(Z)-N^6-{3-CARBOXY-1-[(4-CARBOXY-2-OXOBUTOXY)METHYL]PROPYLIDENE}-L-LYSINE","LYS","LYS","manual-review","完整天然母体不是衍生物的直接子结构，可能涉及原子替换、断键、成环或立体化学边界","","","227.056","1","5","85.62","1.514","11","0",""
"LGY","(E)-N~6~-(4-oxobutylidene)-L-lysine","LYS","LYS","manual-review","完整天然母体不是衍生物的直接子结构，可能涉及原子替换、断键、成环或立体化学边界","","","67.019","-1","2","1.79","1.808","4","0",""
"LLO","N~6~-[(1S)-3-hydroxy-1,3-dimethylbutyl]-L-lysine","LYS","LYS","manual-review","完整天然母体不是衍生物的直接子结构，可能涉及原子替换、断键、成环或立体化学边界","","","99.082","1","2","4.62","1.897","4","0",""
"LLP","(2S)-2-amino-6-[[3-hydroxy-2-methyl-5-(phosphonooxymethyl)pyridin-4-yl]methylideneamino]hexanoic acid","LYS","LYS","manual-review","完整天然母体不是衍生物的直接子结构，可能涉及原子替换、断键、成环或立体化学边界","","","228.007","2","5","84.6","1.895","5","1",""
"LLY","NZ-(DICARBOXYMETHYL)LYSINE","LYS","LYS","manual-review","完整天然母体不是衍生物的直接子结构，可能涉及原子替换、断键、成环或立体化学边界","","","100.988","2","3","58.99","-0.115","4","0",""
"LLZ","N~6~-[(1S)-3-(6-methoxynaphthalen-2-yl)-1-methyl-3-oxopropyl]-L-lysine","LYS","LYS","manual-review","完整天然母体不是衍生物的直接子结构，可能涉及原子替换、断键、成环或立体化学边界","","","225.092","0","3","10.69","4.171","6","2",""
"LME","(2S,3R)-2-azanyl-3-methyl-pentanedioic acid","GLU","GLU","auto-structure-difference","天然母体完整保留；检测到新增1个C（C连接到C）","1","{""C"":1}","14.016","0","0","0","0.246","0","0","结构差异和分子描述符由RDKit计算，不是溶解度、渗透性、稳定性或口服吸收的实验结果。"
"LMF","NZ(N-METHYL THIOFORMAMIDE) LYSINE","LYS","LYS","manual-review","完整天然母体不是衍生物的直接子结构，可能涉及原子替换、断键、成环或立体化学边界","","","71.991","1","1","-3.58","0.852","1","0",""
"LMQ","(3S)-3-methyl-L-glutamine","GLN","GLN","auto-structure-difference","天然母体完整保留；检测到新增1个C（C连接到C）","1","{""C"":1}","14.016","0","0","0","0.246","0","0","结构差异和分子描述符由RDKit计算，不是溶解度、渗透性、稳定性或口服吸收的实验结果。"
"LNE","N-ethyl-L-leucinamide","LEU","LEU","manual-review","完整天然母体不是衍生物的直接子结构，可能涉及原子替换、断键、成环或立体化学边界","","","27.047","0","0","-8.2","0.052","1","0",""
"LNM","N-methyl-L-leucinamide","LEU","LEU","manual-review","完整天然母体不是衍生物的直接子结构，可能涉及原子替换、断键、成环或立体化学边界","","","13.032","0","0","-8.2","-0.339","0","0",""
"LOH","3,4-dihydroxylysine","LYS","LYS","manual-review","完整天然母体不是衍生物的直接子结构，可能涉及原子替换、断键、成环或立体化学边界","","","30.983","2","3","38.84","-1.342","0","0",""
"LP6","6-piperidin-1-yl-L-norleucine","LYS","LYS","manual-review","完整天然母体不是衍生物的直接子结构，可能涉及原子替换、断键、成环或立体化学边界","","","67.055","-1","1","-24.4","2.244","1","1",""
"LPD","L-PROLINAMIDE","PRO","PRO","manual-review","完整天然母体不是衍生物的直接子结构，可能涉及原子替换、断键、成环或立体化学边界","","","-0.984","0","0","5.79","-0.599","0","0",""
"LPG","(2S)-2-aminobut-3-ynoic acid","GLY","GLY","auto-structure-difference","天然母体完整保留；检测到新增2个C（C连接到C）","1","{""C"":2}","24","0","0","0","0.002","0","0","结构差异和分子描述符由RDKit计算，不是溶解度、渗透性、稳定性或口服吸收的实验结果。"
"LPS","O-{HYDROXY[((2R)-2-HYDROXY-3-{[(1S)-1-HYDROXYPENTADECYL]OXY}PROPYL)OXY]PHOSPHORYL}-L-SERINE","SER","SER","auto-structure-difference","天然母体完整保留；检测到新增18个C、6个O、1个P（P连接到O）","1","{""C"":18,""O"":6,""P"":1}","380.233","2","5","85.22","4.928","21","0","结构差异和分子描述符由RDKit计算，不是溶解度、渗透性、稳定性或口服吸收的实验结果。"
"LRK","(2S)-2-azanyl-6-[[(2R,4R)-1,4-bis(oxidanyl)-3-oxidanylidene-5-phosphonooxy-pentan-2-yl]amino]hexanoic acid","LYS","LYS","manual-review","完整天然母体不是衍生物的直接子结构，可能涉及原子替换、断键、成环或立体化学边界","","","211.001","4","6","108.68","-1.252","8","0",""
"LSO","(Z)-N~6~-(3-CARBOXY-1-{[(4-CARBOXY-2-OXOBUTYL)SULFONYL]METHYL}PROPYLIDENE)-L-LYSINE","LYS","LYS","manual-review","完整天然母体不是衍生物的直接子结构，可能涉及原子替换、断键、成环或立体化学边界","","","275.023","1","6","110.53","0.913","11","0",""
"LT0","D-tryptophyl-L-serine","SER;TRP","SER","manual-review","CCD列出多个天然母体，需要人工确定主要母体","","","186.079","2","1","44.89","1.209","4","2",""
"LTU","2-Amino-3-hydroxy-3-[1-[2-(oxiran-2-yl)propan-2-yl]indol-3-yl]propanoic acid","TRP","TRP","manual-review","完整天然母体不是衍生物的直接子结构，可能涉及原子替换、断键、成环或立体化学边界","","","100.052","0","2","21.9","0.098","2","1",""
"LVG","L-VINYLGLYCINE","GLY","GLY","auto-structure-difference","天然母体完整保留；检测到新增2个C（C连接到C）","1","{""C"":2}","26.016","0","0","0","0.555","1","0","结构差异和分子描述符由RDKit计算，不是溶解度、渗透性、稳定性或口服吸收的实验结果。"
"LVN","(3S)-4-oxo-L-valine","VAL","VAL","auto-structure-difference","天然母体完整保留；检测到新增1个O（O连接到C）","1","{""O"":1}","13.979","0","1","17.07","-0.821","1","0","结构差异和分子描述符由RDKit计算，不是溶解度、渗透性、稳定性或口服吸收的实验结果。"
"LWI","2-(aminomethyl)-L-phenylalanine","PHE","PHE","auto-structure-difference","天然母体完整保留；检测到新增1个C、1个N（C连接到C）","1","{""C"":1,""N"":1}","29.027","1","1","26.02","-0.541","1","0","结构差异和分子描述符由RDKit计算，不是溶解度、渗透性、稳定性或口服吸收的实验结果。"
"LYF","(2E,4S)-2-{[(5S)-5-amino-5-carboxypentyl]imino}-4-hydroxyheptanedioic acid","LYS","LYS","manual-review","完整天然母体不是衍生物的直接子结构，可能涉及原子替换、断键、成环或立体化学边界","","","171.03","2","4","79.55","0.899","7","0",""
"LYN","2,6-DIAMINO-HEXANOIC ACID AMIDE","LYS","LYS","manual-review","完整天然母体不是衍生物的直接子结构，可能涉及原子替换、断键、成环或立体化学边界","","","-0.984","0","0","5.79","-0.599","0","0",""
"LYO","4-HYDROXY-LYSINE","LYS","LYS","manual-review","完整天然母体不是衍生物的直接子结构，可能涉及原子替换、断键、成环或立体化学边界","","","14.988","1","2","18.61","-0.312","0","0",""
"LYR","N~6~-[(2Z,4E,6E,8E)-3,7-DIMETHYL-9-(2,6,6-TRIMETHYLCYCLOHEX-1-EN-1-YL)NONA-2,4,6,8-TETRAENYL]LYSINE","LYS","LYS","manual-review","完整天然母体不是衍生物的直接子结构，可能涉及原子替换、断键、成环或立体化学边界","","","267.212","0","1","-15.61","6.879","7","1",""
"LYU","N~6~-(4-methylpentyl)-L-lysine","LYS","LYS","manual-review","完整天然母体不是衍生物的直接子结构，可能涉及原子替换、断键、成环或立体化学边界","","","83.087","0","1","-15.61","2.784","5","0",""
"LYX","N''-(2-COENZYME A)-PROPANOYL-LYSINE","LYS","LYS","manual-review","完整天然母体不是衍生物的直接子结构，可能涉及原子替换、断键、成环或立体化学边界","","","820.119","9","18","348.02","-0.586","22","3",""
"LYZ","5-HYDROXYLYSINE","LYS","LYS","manual-review","完整天然母体不是衍生物的直接子结构，可能涉及原子替换、断键、成环或立体化学边界","","","14.988","1","2","18.61","-0.312","0","0",""
"M0H","S-(HYDROXYMETHYL)-L-CYSTEINE","CYS","CYS","auto-structure-difference","天然母体完整保留；检测到新增1个C、1个O（C连接到S）","1","{""C"":1,""O"":1}","30.011","0","1","20.23","-0.247","2","0","结构差异和分子描述符由RDKit计算，不是溶解度、渗透性、稳定性或口服吸收的实验结果。"
"M2L","(2R)-2-amino-3-(2-dimethylaminoethylsulfanyl)propanoic acid","LYS","LYS","manual-review","完整天然母体不是衍生物的直接子结构，可能涉及原子替换、断键、成环或立体化学边界","","","44.98","-1","2","-24.4","0.883","1","0",""
"M2S","3-{[(R)-methylsulfinyl]methyl}-L-valine","MET","MET","auto-structure-difference","天然母体完整保留；检测到新增2个C、1个O（C连接到C；O连接到S）","1","{""C"":2,""O"":1}","44.026","0","0","17.07","-0.348","0","0","结构差异和分子描述符由RDKit计算，不是溶解度、渗透性、稳定性或口服吸收的实验结果。"
"M30","N-cyclohexylglycine","GLY","GLY","auto-structure-difference","天然母体完整保留；检测到新增6个C（C连接到N）","1","{""C"":6}","82.078","0","0","-13.99","1.964","2","1","结构差异和分子描述符由RDKit计算，不是溶解度、渗透性、稳定性或口服吸收的实验结果。"
"M3L","N-TRIMETHYLLYSINE","LYS","LYS","manual-review","完整天然母体不是衍生物的直接子结构，可能涉及原子替换、断键、成环或立体化学边界","","","42.047","-1","0","-27.64","1.464","1","0",""
"MAA","N-methyl-L-alanine","ALA","ALA","auto-structure-difference","天然母体完整保留；检测到新增1个C（C连接到N）","1","{""C"":1}","14.016","0","0","-13.99","0.261","1","0","结构差异和分子描述符由RDKit计算，不是溶解度、渗透性、稳定性或口服吸收的实验结果。"
"MBQ","2-HYDROXY-5-({1-[(4-METHYLPHENOXY)METHYL]-3-OXOPROP-1-ENYL}AMINO)-L-TYROSINE","TYR","TYR","auto-structure-difference","天然母体完整保留；检测到新增11个C、1个N、3个O（N连接到C；O连接到C）","1","{""C"":11,""N"":1,""O"":3}","205.074","2","4","58.56","1.588","6","1","结构差异和分子描述符由RDKit计算，不是溶解度、渗透性、稳定性或口服吸收的实验结果。"
"MCS","MALONYL CYSTEINE","CYS","CYS","auto-structure-difference","天然母体完整保留；检测到新增3个C、3个O（C连接到S）","1","{""C"":3,""O"":3}","86","0","2","54.37","-0.195","3","0","结构差异和分子描述符由RDKit计算，不是溶解度、渗透性、稳定性或口服吸收的实验结果。"
"MD3","N-(carboxycarbonyl)-S-(naphthalen-2-ylmethyl)-L-cysteine","CYS","CYS","auto-structure-difference","天然母体完整保留；检测到新增13个C、3个O（C连接到S；C连接到N）","1","{""C"":13,""O"":3}","212.047","0","1","40.38","2.399","4","2","结构差异和分子描述符由RDKit计算，不是溶解度、渗透性、稳定性或口服吸收的实验结果。"
"MD5","N-(carboxycarbonyl)-S-(3-nitrobenzyl)-L-cysteine","CYS","CYS","auto-structure-difference","天然母体完整保留；检测到新增9个C、1个N、5个O（C连接到S；C连接到N）","1","{""C"":9,""N"":1,""O"":5}","207.017","0","3","83.52","1.154","5","1","结构差异和分子描述符由RDKit计算，不是溶解度、渗透性、稳定性或口服吸收的实验结果。"
"MD6","N-[(3-hydroxypyridin-2-yl)carbonyl]glycine","GLY","GLY","auto-structure-difference","天然母体完整保留；检测到新增6个C、1个N、2个O（C连接到N）","1","{""C"":6,""N"":1,""O"":2}","121.016","1","2","36.2","0.572","2","1","结构差异和分子描述符由RDKit计算，不是溶解度、渗透性、稳定性或口服吸收的实验结果。"
"MDF","META, META'-DI-HYDROXY-PHENYLALANINE","TYR","TYR","manual-review","完整天然母体不是衍生物的直接子结构，可能涉及原子替换、断键、成环或立体化学边界","","","15.995","0","2","9.23","-0.076","-1","0",""
"ME0","hydroxy-L-methionine","MET","MET","auto-structure-difference","天然母体完整保留；检测到新增1个O（O连接到C）","1","{""O"":1}","15.995","1","1","20.23","-0.68","1","0","结构差异和分子描述符由RDKit计算，不是溶解度、渗透性、稳定性或口服吸收的实验结果。"
"MEA","N-METHYLPHENYLALANINE","PHE","PHE","auto-structure-difference","天然母体完整保留；检测到新增1个C（C连接到N）","1","{""C"":1}","14.016","0","0","-13.99","0.261","1","0","结构差异和分子描述符由RDKit计算，不是溶解度、渗透性、稳定性或口服吸收的实验结果。"
"MEG","(2S,3S)-2-azanyl-3-methyl-pentanedioic acid","GLU","GLU","auto-structure-difference","天然母体完整保留；检测到新增1个C（C连接到C）","1","{""C"":1}","14.016","0","0","0","0.246","0","0","结构差异和分子描述符由RDKit计算，不是溶解度、渗透性、稳定性或口服吸收的实验结果。"
"MEN","N-METHYL ASPARAGINE","ASN","ASN","auto-structure-difference","天然母体完整保留；检测到新增1个C（C连接到N）","1","{""C"":1}","14.016","0","0","-13.99","0.261","0","0","结构差异和分子描述符由RDKit计算，不是溶解度、渗透性、稳定性或口服吸收的实验结果。"
"MEQ","N5-METHYLGLUTAMINE","GLN","GLN","auto-structure-difference","天然母体完整保留；检测到新增1个C（C连接到N）","1","{""C"":1}","14.016","0","0","-13.99","0.261","0","0","结构差异和分子描述符由RDKit计算，不是溶解度、渗透性、稳定性或口服吸收的实验结果。"
"MEU","O-METHYL-GLYCINE","GLY","GLY","auto-structure-difference","天然母体完整保留；检测到新增1个C（C连接到O）","1","{""C"":1}","14.016","-1","1","-11","0.088","0","0","结构差异和分子描述符由RDKit计算，不是溶解度、渗透性、稳定性或口服吸收的实验结果。"
"MGG","2-(2-CARBOXY-ACETYLAMINO)-5-GUANIDINO-PENTANOIC ACID","ARG","ARG","auto-structure-difference","天然母体完整保留；检测到新增3个C、3个O（C连接到N）","1","{""C"":3,""O"":3}","86","1","1","40.38","-0.368","3","0","结构差异和分子描述符由RDKit计算，不是溶解度、渗透性、稳定性或口服吸收的实验结果。"
"MGN","2-METHYL-GLUTAMINE","GLN","GLN","auto-structure-difference","天然母体完整保留；检测到新增1个C（C连接到C）","1","{""C"":1}","14.016","0","0","0","0.39","0","0","结构差异和分子描述符由RDKit计算，不是溶解度、渗透性、稳定性或口服吸收的实验结果。"
"MH6","3-hydroxy-2-iminopropanoic acid","SER","SER","manual-review","完整天然母体不是衍生物的直接子结构，可能涉及原子替换、断键、成环或立体化学边界","","","-2.016","0","0","-2.17","0.692","0","0",""
"MHL","N-METHYL-4-HYDROXY-LEUCINE","LEU","LEU","auto-structure-difference","天然母体完整保留；检测到新增1个C、1个O（C连接到N；O连接到C）","1","{""C"":1,""O"":1}","30.011","1","1","6.24","-0.624","1","0","结构差异和分子描述符由RDKit计算，不是溶解度、渗透性、稳定性或口服吸收的实验结果。"
"MHO","S-OXYMETHIONINE","MET","MET","auto-structure-difference","天然母体完整保留；检测到新增1个O（O连接到S）","1","{""O"":1}","15.995","0","0","17.07","-0.984","0","0","结构差异和分子描述符由RDKit计算，不是溶解度、渗透性、稳定性或口服吸收的实验结果。"
"MHS","N1-METHYLATED HISTIDINE","HIS","HIS","manual-review","完整天然母体不是衍生物的直接子结构，可能涉及原子替换、断键、成环或立体化学边界","","","13.008","-1","1","-12.11","0.591","0","0",""
"MHU","4-N,N-(DIMETHYLAMINO)-L-PHENYLALANINE","PHE","PHE","auto-structure-difference","天然母体完整保留；检测到新增3个C、1个N（C连接到N；N连接到C）","1","{""C"":3,""N"":1}","57.058","0","1","-10.75","0.327","2","0","结构差异和分子描述符由RDKit计算，不是溶解度、渗透性、稳定性或口服吸收的实验结果。"
"MIR","Monoethylphosphorylserine","SER","SER","auto-structure-difference","天然母体完整保留；检测到新增2个C、3个O、1个P（P连接到O）","1","{""C"":2,""O"":3,""P"":1}","107.998","0","2","35.53","1.161","4","0","结构差异和分子描述符由RDKit计算，不是溶解度、渗透性、稳定性或口服吸收的实验结果。"
"MIS","MONOISOPROPYLPHOSPHORYLSERINE","SER","SER","auto-structure-difference","天然母体完整保留；检测到新增3个C、3个O、1个P（P连接到O）","1","{""C"":3,""O"":3,""P"":1}","122.013","0","2","35.53","1.55","4","0","结构差异和分子描述符由RDKit计算，不是溶解度、渗透性、稳定性或口服吸收的实验结果。"
"MK8","2-methyl-L-norleucine","LEU","LEU","manual-review","完整天然母体不是衍生物的直接子结构，可能涉及原子替换、断键、成环或立体化学边界","","","14.016","0","0","0","0.534","1","0",""
"MKF","(2~{S})-2-azanyl-3-(dimethylcarbamoyloxy)propanoic acid","SER","SER","auto-structure-difference","天然母体完整保留；检测到新增3个C、1个N、1个O（C连接到O）","1","{""C"":3,""N"":1,""O"":1}","71.037","-1","1","9.31","0.706","1","0","结构差异和分子描述符由RDKit计算，不是溶解度、渗透性、稳定性或口服吸收的实验结果。"
"ML3","2-{[(2R)-2-amino-2-carboxyethyl]sulfanyl}-N,N,N-trimethylethanaminium","LYS","LYS","manual-review","完整天然母体不是衍生物的直接子结构，可能涉及原子替换、断键、成环或立体化学边界","","","60.003","-1","1","-27.64","1.027","1","0",""
"MLE","N-METHYLLEUCINE","LEU","LEU","auto-structure-difference","天然母体完整保留；检测到新增1个C（C连接到N）","1","{""C"":1}","14.016","0","0","-13.99","0.261","1","0","结构差异和分子描述符由RDKit计算，不是溶解度、渗透性、稳定性或口服吸收的实验结果。"
"MLL","METHYL L-LEUCINATE","LEU","LEU","auto-structure-difference","天然母体完整保留；检测到新增1个C（C连接到O）","1","{""C"":1}","14.016","-1","1","-11","0.088","0","0","结构差异和分子描述符由RDKit计算，不是溶解度、渗透性、稳定性或口服吸收的实验结果。"
"MLY","N-DIMETHYL-LYSINE","LYS","LYS","manual-review","完整天然母体不是衍生物的直接子结构，可能涉及原子替换、断键、成环或立体化学边界","","","27.024","-1","1","-24.4","1.32","1","0",""
"MLZ","N-METHYL-LYSINE","LYS","LYS","manual-review","完整天然母体不是衍生物的直接子结构，可能涉及原子替换、断键、成环或立体化学边界","","","13.008","0","1","-15.61","0.977","1","0",""
"MME","N-METHYL METHIONINE","MET","MET","auto-structure-difference","天然母体完整保留；检测到新增1个C（C连接到N）","1","{""C"":1}","14.016","0","0","-13.99","0.261","1","0","结构差异和分子描述符由RDKit计算，不是溶解度、渗透性、稳定性或口服吸收的实验结果。"
"MMO","N~2~-methyl-L-arginine","ARG","ARG","manual-review","完整天然母体不是衍生物的直接子结构，可能涉及原子替换、断键、成环或立体化学边界","","","13.008","0","1","-15.73","2.08","1","0",""
"MNL","4,N-DIMETHYLNORLEUCINE","LEU","LEU","auto-structure-difference","天然母体完整保留；检测到新增2个C（C连接到C；C连接到N）","1","{""C"":2}","28.031","0","0","-13.99","0.651","2","0","结构差异和分子描述符由RDKit计算，不是溶解度、渗透性、稳定性或口服吸收的实验结果。"
"MP8","(4R)-4-methyl-L-proline","PRO","PRO","auto-structure-difference","天然母体完整保留；检测到新增1个C（C连接到C）","1","{""C"":1}","14.016","0","0","0","0.246","0","0","结构差异和分子描述符由RDKit计算，不是溶解度、渗透性、稳定性或口服吸收的实验结果。"
"MPQ","N-METHYL-ALPHA-PHENYL-GLYCINE","GLY","GLY","auto-structure-difference","天然母体完整保留；检测到新增7个C（C连接到N；C连接到C）","1","{""C"":7}","90.047","0","0","-13.99","2.002","2","1","结构差异和分子描述符由RDKit计算，不是溶解度、渗透性、稳定性或口服吸收的实验结果。"
"MS6","(2S)-2-amino-4-(methylsulfanyl)butane-1-thiol","MET","MET","manual-review","完整天然母体不是衍生物的直接子结构，可能涉及原子替换、断键、成环或立体化学边界","","","15.977","0","0","-17.07","0.801","0","0",""
"MSA","(2-S-METHYL) SARCOSINE","GLY","GLY","auto-structure-difference","天然母体完整保留；检测到新增2个C、1个S（C连接到N；S连接到C）","1","{""C"":2,""S"":1}","60.003","0","1","-13.99","0.95","2","0","结构差异和分子描述符由RDKit计算，不是溶解度、渗透性、稳定性或口服吸收的实验结果。"
"MSE","SELENOMETHIONINE","MET","MET","manual-review","完整天然母体不是衍生物的直接子结构，可能涉及原子替换、断键、成环或立体化学边界","","","47.944","0","-1","0","-0.192","0","0",""
"MSL","(2S)-2-AMINO-4-(METHYLSULFONIMIDOYL)BUTANOIC ACID","MET","MET","auto-structure-difference","天然母体完整保留；检测到新增1个N、1个O（N连接到S；O连接到S）","1","{""N"":1,""O"":1}","31.006","1","1","40.92","-0.686","0","0","结构差异和分子描述符由RDKit计算，不是溶解度、渗透性、稳定性或口服吸收的实验结果。"
"MSO","SELENOMETHIONINE SELENOXIDE","MET","MET","manual-review","完整天然母体不是衍生物的直接子结构，可能涉及原子替换、断键、成环或立体化学边界","","","63.939","0","0","17.07","-0.311","0","0",""
"MT2","[(3S)-3-amino-3-carboxypropyl](ethyl)methylsulfonium","MET","MET","manual-review","母体在衍生物中存在多个不一致映射，需要人工确认修饰位置","2","{""C"":2}","29.039","0","-1","0","-0.095","1","0","结构差异和分子描述符由RDKit计算，不是溶解度、渗透性、稳定性或口服吸收的实验结果。"
"MTY","META-TYROSINE","TYR","TYR","manual-review","完整天然母体不是衍生物的直接子结构，可能涉及原子替换、断键、成环或立体化学边界","","","0","0","0","0","0","0","0",""
"MVA","N-METHYLVALINE","VAL","VAL","auto-structure-difference","天然母体完整保留；检测到新增1个C（C连接到N）","1","{""C"":1}","14.016","0","0","-13.99","0.261","1","0","结构差异和分子描述符由RDKit计算，不是溶解度、渗透性、稳定性或口服吸收的实验结果。"
"MYK","N~6~-tetradecanoyl-L-lysine","LYS","LYS","manual-review","完整天然母体不是衍生物的直接子结构，可能涉及原子替换、断键、成环或立体化学边界","","","209.191","0","1","1.46","5.575","13","0",""
"MYN","(2S)-amino[(4R)-2-amino-1,4,5,6-tetrahydropyrimidin-4-yl]ethanoic acid","ARG","ARG","manual-review","完整天然母体不是衍生物的直接子结构，可能涉及原子替换、断键、成环或立体化学边界","","","-3.023","-1","3","-13.23","1.233","-3","1",""
"N0A","3-fluoro-L-phenylalanine","PHE","PHE","auto-structure-difference","天然母体完整保留；检测到新增1个F（F连接到C）","1","{""F"":1}","17.991","0","0","0","0.139","0","0","结构差异和分子描述符由RDKit计算，不是溶解度、渗透性、稳定性或口服吸收的实验结果。"
"N10","O-[(HEXYLAMINO)CARBONYL]-L-SERINE","SER","SER","auto-structure-difference","天然母体完整保留；检测到新增7个C、1个N、1个O（C连接到O）","1","{""C"":7,""N"":1,""O"":1}","127.1","0","1","18.1","2.314","6","0","结构差异和分子描述符由RDKit计算，不是溶解度、渗透性、稳定性或口服吸收的实验结果。"
"N65","(2~{S})-2-azanyl-6-[(~{E})-pentan-2-ylideneamino]hexanal","LYS","LYS","manual-review","完整天然母体不是衍生物的直接子结构，可能涉及原子替换、断键、成环或立体化学边界","","","67.055","-1","1","-15.28","3.019","3","0",""
"N7P","1-ACETYL-L-PROLINE","PRO","PRO","auto-structure-difference","天然母体完整保留；检测到新增2个C、1个O（C连接到N）","1","{""C"":2,""O"":1}","42.011","-1","0","8.28","0.259","0","0","结构差异和分子描述符由RDKit计算，不是溶解度、渗透性、稳定性或口服吸收的实验结果。"
"N80","1-ethenyl-L-proline","PRO","PRO","auto-structure-difference","天然母体完整保留；检测到新增2个C（C连接到N）","1","{""C"":2}","26.016","-1","0","-8.79","0.856","1","0","结构差异和分子描述符由RDKit计算，不是溶解度、渗透性、稳定性或口服吸收的实验结果。"
"N9P","3-pyridin-4-yl-L-alanine","ALA","ALA","auto-structure-difference","天然母体完整保留；检测到新增5个C、1个N（C连接到C）","1","{""C"":5,""N"":1}","77.027","0","1","12.89","0.618","2","1","结构差异和分子描述符由RDKit计算，不是溶解度、渗透性、稳定性或口服吸收的实验结果。"
"NA8","(1S)-1-CARBOXY-2-NAPHTHALEN-2-YLETHANAMINIUM","ALA","ALA","auto-structure-difference","天然母体完整保留；检测到新增10个C（C连接到C）","1","{""C"":10}","127.054","0","-1","1.62","1.659","2","2","结构差异和分子描述符由RDKit计算，不是溶解度、渗透性、稳定性或口服吸收的实验结果。"
"NAL","BETA-(2-NAPHTHYL)-ALANINE","ALA","ALA","auto-structure-difference","天然母体完整保留；检测到新增10个C（C连接到C）","1","{""C"":10}","126.047","0","0","0","2.376","2","2","结构差异和分子描述符由RDKit计算，不是溶解度、渗透性、稳定性或口服吸收的实验结果。"
"NBQ","2-HYDROXY-5-({1-[(2-NAPHTHYLOXY)METHYL]-3-OXOPROP-1-ENYL}AMINO)TYROSINE","TYR","TYR","auto-structure-difference","天然母体完整保留；检测到新增14个C、1个N、3个O（N连接到C；O连接到C）","1","{""C"":14,""N"":1,""O"":3}","241.074","2","4","58.56","2.433","6","2","结构差异和分子描述符由RDKit计算，不是溶解度、渗透性、稳定性或口服吸收的实验结果。"
"NC1","NITROCEFIN ACYL-SERINE","SER","SER","auto-structure-difference","天然母体完整保留；检测到新增21个C、4个N、8个O、2个S（C连接到O）","1","{""C"":21,""N"":4,""O"":8,""S"":2}","514.026","0","12","176.44","0.202","11","3","结构差异和分子描述符由RDKit计算，不是溶解度、渗透性、稳定性或口服吸收的实验结果。"
"NCB","N-CARBAMOYL-ALANINE","ALA","ALA","auto-structure-difference","天然母体完整保留；检测到新增1个C、1个N、1个O（C连接到N）","1","{""C"":1,""N"":1,""O"":1}","43.006","1","0","29.1","-0.29","1","0","结构差异和分子描述符由RDKit计算，不是溶解度、渗透性、稳定性或口服吸收的实验结果。"
"NEP","N1-PHOSPHONOHISTIDINE","HIS","HIS","manual-review","完整天然母体不是衍生物的直接子结构，可能涉及原子替换、断键、成环或立体化学边界","","","78.959","1","2","45.42","-0.005","1","0",""
"NFA","PHENYLALANINE AMIDE","PHE","PHE","manual-review","完整天然母体不是衍生物的直接子结构，可能涉及原子替换、断键、成环或立体化学边界","","","-0.984","0","0","5.79","-0.599","0","0",""
"NIY","META-NITRO-TYROSINE","TYR","TYR","auto-structure-difference","天然母体完整保留；检测到新增1个N、2个O（N连接到C）","1","{""N"":1,""O"":2}","44.985","0","2","43.14","-0.092","1","0","结构差异和分子描述符由RDKit计算，不是溶解度、渗透性、稳定性或口服吸收的实验结果。"
"NLB","6-(benzyloxy)-L-norleucine","LEU","LEU","manual-review","完整天然母体不是衍生物的直接子结构，可能涉及原子替换、断键、成环或立体化学边界","","","106.042","0","1","9.23","1.341","5","1",""
"NLE","NORLEUCINE","LEU","LEU","manual-review","完整天然母体不是衍生物的直接子结构，可能涉及原子替换、断键、成环或立体化学边界","","","0","0","0","0","0.144","1","0",""
"NLN","NORLEUCINE AMIDE","LEU","LEU","manual-review","完整天然母体不是衍生物的直接子结构，可能涉及原子替换、断键、成环或立体化学边界","","","-0.984","0","0","5.79","-0.455","1","0",""
"NLO","O-METHYL-L-NORLEUCINE","LEU","LEU","manual-review","完整天然母体不是衍生物的直接子结构，可能涉及原子替换、断键、成环或立体化学边界","","","14.016","-1","1","-11","0.233","1","0",""
"NLP","(1-AMINO-PENTYL)-PHOSPHONIC ACID","LEU","LEU","manual-review","完整天然母体不是衍生物的直接子结构，可能涉及原子替换、断键、成环或立体化学边界","","","35.977","1","0","20.23","0.195","1","0",""
"NLQ","N~2~-ACETYL-L-GLUTAMINE","GLN","GLN","auto-structure-difference","天然母体完整保留；检测到新增2个C、1个O（C连接到N）","1","{""C"":2,""O"":1}","42.011","0","0","3.08","0.177","1","0","结构差异和分子描述符由RDKit计算，不是溶解度、渗透性、稳定性或口服吸收的实验结果。"
"NLW","L-leucinamide","LEU","LEU","manual-review","完整天然母体不是衍生物的直接子结构，可能涉及原子替换、断键、成环或立体化学边界","","","-0.984","0","0","5.79","-0.599","0","0",""
"NLY","N-(4-aminobutyl)glycine","GLY","GLY","auto-structure-difference","天然母体完整保留；检测到新增4个C、1个N（C连接到N）","1","{""C"":4,""N"":1}","71.074","1","1","12.03","0.37","5","0","结构差异和分子描述符由RDKit计算，不是溶解度、渗透性、稳定性或口服吸收的实验结果。"
"NMC","N-CYCLOPROPYLMETHYL GLYCINE","GLY","GLY","auto-structure-difference","天然母体完整保留；检测到新增4个C（C连接到N）","1","{""C"":4}","54.047","0","0","-13.99","1.041","3","1","结构差异和分子描述符由RDKit计算，不是溶解度、渗透性、稳定性或口服吸收的实验结果。"
"NMM","(2S)-2-amino-5-[(N-methylcarbamimidoyl)amino]pentanoic acid","ARG","ARG","manual-review","完整天然母体不是衍生物的直接子结构，可能涉及原子替换、断键、成环或立体化学边界","","","13.008","0","1","-15.73","2.08","0","0",""
"NNH","NOR-N-OMEGA-HYDROXY-L-ARGININE","ARG","ARG","manual-review","完整天然母体不是衍生物的直接子结构，可能涉及原子替换、断键、成环或立体化学边界","","","0.972","1","2","4.5","1.45","-1","0",""
"NOT","6-Azido-L-lysine","LYS","LYS","manual-review","完整天然母体不是衍生物的直接子结构，可能涉及原子替换、断键、成环或立体化学边界","","","24.983","-1","1","21.12","2.068","1","0",""
"NPH","CYSTEINE-METHYLENE-CARBAMOYL-1,10-PHENANTHROLINE","CYS","CYS","auto-structure-difference","天然母体完整保留；检测到新增14个C、3个N、1个O（C连接到S）","1","{""C"":14,""N"":3,""O"":1}","235.075","0","3","54.88","2.538","4","3","结构差异和分子描述符由RDKit计算，不是溶解度、渗透性、稳定性或口服吸收的实验结果。"
"NPI","(2S)-2-aminoheptanedioic acid","ALA","ALA","auto-structure-difference","天然母体完整保留；检测到新增4个C、2个O（C连接到C）","1","{""C"":4,""O"":2}","86.037","1","1","37.3","0.625","5","0","结构差异和分子描述符由RDKit计算，不是溶解度、渗透性、稳定性或口服吸收的实验结果。"
"NTR","META-HYDROXY BETA NOR-TYROSINE","TYR","TYR","manual-review","完整天然母体不是衍生物的直接子结构，可能涉及原子替换、断键、成环或立体化学边界","","","1.979","1","1","20.23","-0.164","-1","0",""
"NVA","NORVALINE","VAL","VAL","manual-review","完整天然母体不是衍生物的直接子结构，可能涉及原子替换、断键、成环或立体化学边界","","","0","0","0","0","0.144","1","0",""
"NWD","3-(5-nitro-2,4-dioxo-3,4-dihydropyrimidin-1(2H)-yl)-L-alanine","ALA","ALA","auto-structure-difference","天然母体完整保留；检测到新增4个C、3个N、4个O（N连接到C）","1","{""C"":4,""N"":3,""O"":4}","154.997","1","4","98","-1.561","3","1","结构差异和分子描述符由RDKit计算，不是溶解度、渗透性、稳定性或口服吸收的实验结果。"
"NYB","N-METHYL-S-[(1R)-1-METHYLPROPYL]-L-CYSTEINE","CYS","CYS","auto-structure-difference","天然母体完整保留；检测到新增5个C（C连接到S；C连接到N）","1","{""C"":5}","70.078","-1","0","-13.99","1.863","4","0","结构差异和分子描述符由RDKit计算，不是溶解度、渗透性、稳定性或口服吸收的实验结果。"
"NYS","S-{5-[(1R)-2-amino-1-hydroxyethyl]-2,3-dihydroxyphenyl}-L-cysteine","CYS","CYS","auto-structure-difference","天然母体完整保留；检测到新增8个C、1个N、3个O（C连接到S）","1","{""C"":8,""N"":1,""O"":3}","167.058","3","4","86.71","0.266","4","1","结构差异和分子描述符由RDKit计算，不是溶解度、渗透性、稳定性或口服吸收的实验结果。"
"NZC","N-methylidene-L-threonine","THR","THR","auto-structure-difference","天然母体完整保留；检测到新增1个C（C连接到N）","1","{""C"":1}","14.016","0","0","-13.99","0.261","1","0","结构差异和分子描述符由RDKit计算，不是溶解度、渗透性、稳定性或口服吸收的实验结果。"
"NZH","(2S)-2-AMINO-3-[1-(1H-TETRAAZOL-5-YL)-1H-IMIDAZOL-4-YL]PROPANAL","HIS","HIS","manual-review","完整天然母体不是衍生物的直接子结构，可能涉及原子替换、断键、成环或立体化学边界","","","51.01","-1","4","22.12","-0.329","1","1",""
"O2E","(2~{S},3~{R})-2-[(2~{S},3~{R})-1-[(2~{R})-2-azanyl-3-oxidanylidene-propoxy]-3-oxidanyl-1-oxidanylidene-butan-2-yl]-4-[(3~{S},5~{S})-5-[(3-carboxyphenyl)carbamoyl]pyrrolidin-3-yl]sulfanyl-3-methyl-3,4-dihydro-2~{H}-pyrrole-5-carboxylic acid","SER","SER","manual-review","完整天然母体不是衍生物的直接子结构，可能涉及原子替换、断键、成环或立体化学边界","","","459.146","3","8","134.16","1.375","10","3",""
"O6H","2,4,6-trimethyl-L-phenylalanine","PHE","PHE","auto-structure-difference","天然母体完整保留；检测到新增3个C（C连接到C）","1","{""C"":3}","42.047","0","0","0","0.925","0","0","结构差异和分子描述符由RDKit计算，不是溶解度、渗透性、稳定性或口服吸收的实验结果。"
"O7A","N-methyl-L-allothreonine","THR","THR","auto-structure-difference","天然母体完整保留；检测到新增1个C（C连接到N）","1","{""C"":1}","14.016","0","0","-13.99","0.261","1","0","结构差异和分子描述符由RDKit计算，不是溶解度、渗透性、稳定性或口服吸收的实验结果。"
"O7D","4-methoxy-N-methyl-L-tryptophan","TRP","TRP","auto-structure-difference","天然母体完整保留；检测到新增2个C、1个O（C连接到N；O连接到C）","1","{""C"":2,""O"":1}","44.026","0","1","-4.76","0.269","2","0","结构差异和分子描述符由RDKit计算，不是溶解度、渗透性、稳定性或口服吸收的实验结果。"
"OAS","O-ACETYLSERINE","SER","SER","auto-structure-difference","天然母体完整保留；检测到新增2个C、1个O（C连接到O）","1","{""C"":2,""O"":1}","42.011","-1","1","6.07","0.571","1","0","结构差异和分子描述符由RDKit计算，不是溶解度、渗透性、稳定性或口服吸收的实验结果。"
"OBS","(Z)-N^6-[(4S,5R)-5-(2-CARBOXYETHYL)-4-(CARBOXYMETHYL)-1-HYDROXYDIHYDRO-2H-THIOPYRANIUM-3(4H)-YLIDENE]-L-LYSINE","LYS","LYS","manual-review","完整天然母体不是衍生物的直接子结构，可能涉及原子替换、断键、成环或立体化学边界","","","243.033","1","4","76.39","1.533","6","1",""
"OCS","CYSTEINESULFONIC ACID","CYS","CYS","auto-structure-difference","天然母体完整保留；检测到新增3个O（O连接到S）","1","{""O"":3}","47.985","0","1","54.37","-1.042","1","0","结构差异和分子描述符由RDKit计算，不是溶解度、渗透性、稳定性或口服吸收的实验结果。"
"OCY","HYDROXYETHYLCYSTEINE","CYS","CYS","auto-structure-difference","天然母体完整保留；检测到新增2个C、1个O（C连接到S）","1","{""C"":2,""O"":1}","44.026","0","1","20.23","-0.204","3","0","结构差异和分子描述符由RDKit计算，不是溶解度、渗透性、稳定性或口服吸收的实验结果。"
"OGC","gamma-N-methyl-beta-OH-histidine","HIS","HIS","manual-review","完整天然母体不是衍生物的直接子结构，可能涉及原子替换、断键、成环或立体化学边界","","","29.003","0","2","8.12","0.082","0","0",""
"OHI","3-(2-OXO-2H-IMIDAZOL-4-YL)-L-ALANINE","HIS","HIS","manual-review","完整天然母体不是衍生物的直接子结构，可能涉及原子替换、断键、成环或立体化学边界","","","12.972","-1","1","11.86","0.651","0","0",""
"OHS","O-(CARBOXYSULFANYL)-4-OXO-L-HOMOSERINE","ASP","ASP","auto-structure-difference","天然母体完整保留；检测到新增1个C、2个O、1个S（S连接到O）","1","{""C"":1,""O"":2,""S"":1}","75.962","0","3","26.3","0.785","0","0","结构差异和分子描述符由RDKit计算，不是溶解度、渗透性、稳定性或口服吸收的实验结果。"
"OLD","3-[2-(4-bromophenyl)-2-oxoethyl]-L-histidine","HIS","HIS","manual-review","完整天然母体不是衍生物的直接子结构，可能涉及原子替换、断键、成环或立体化学边界","","","194.945","-1","2","4.96","2.7","3","1",""
"OLT","O-METHYL-L-THREONINE","THR","THR","auto-structure-difference","天然母体完整保留；检测到新增1个C（C连接到O）","1","{""C"":1}","14.016","-1","0","-11","0.654","1","0","结构差异和分子描述符由RDKit计算，不是溶解度、渗透性、稳定性或口服吸收的实验结果。"
"OLZ","O-(2-aminoethyl)-L-serine","SER","SER","auto-structure-difference","天然母体完整保留；检测到新增2个C、1个N（C连接到O）","1","{""C"":2,""N"":1}","43.042","0","1","15.02","-0.017","3","0","结构差异和分子描述符由RDKit计算，不是溶解度、渗透性、稳定性或口服吸收的实验结果。"
"OMH","O-[(S)-hydroxy(methoxy)phosphoryl]-L-serine","SER","SER","auto-structure-difference","天然母体完整保留；检测到新增1个C、3个O、1个P（P连接到O）","1","{""C"":1,""O"":3,""P"":1}","93.982","0","2","35.53","0.771","3","0","结构差异和分子描述符由RDKit计算，不是溶解度、渗透性、稳定性或口服吸收的实验结果。"
"OMT","S-DIOXYMETHIONINE","MET","MET","auto-structure-difference","天然母体完整保留；检测到新增2个O（O连接到S）","1","{""O"":2}","31.99","0","1","34.14","-1.318","0","0","结构差异和分子描述符由RDKit计算，不是溶解度、渗透性、稳定性或口服吸收的实验结果。"
"OMX","(betaR)-beta-hydroxy-L-Tyrosine","TYR","TYR","auto-structure-difference","天然母体完整保留；检测到新增1个O（O连接到C）","1","{""O"":1}","15.995","1","1","20.23","-0.509","0","0","结构差异和分子描述符由RDKit计算，不是溶解度、渗透性、稳定性或口服吸收的实验结果。"
"OMY","(betaR)-3-chloro-beta-hydroxy-L-tyrosine","TYR","TYR","auto-structure-difference","天然母体完整保留；检测到新增1个Cl、1个O（O连接到C；Cl连接到C）","1","{""Cl"":1,""O"":1}","49.956","1","1","20.23","0.144","0","0","结构差异和分子描述符由RDKit计算，不是溶解度、渗透性、稳定性或口服吸收的实验结果。"
"ONH","N~5~-hydroxy-L-ornithine","ALA","ALA","auto-structure-difference","天然母体完整保留；检测到新增2个C、1个N、1个O（C连接到C）","1","{""C"":2,""N"":1,""O"":1}","59.037","2","2","32.26","-0.261","4","0","结构差异和分子描述符由RDKit计算，不是溶解度、渗透性、稳定性或口服吸收的实验结果。"
"ORN","L-ornithine","ALA","ALA","auto-structure-difference","天然母体完整保留；检测到新增2个C、1个N（C连接到C）","1","{""C"":2,""N"":1}","43.042","1","1","26.02","-0.281","3","0","结构差异和分子描述符由RDKit计算，不是溶解度、渗透性、稳定性或口服吸收的实验结果。"
"ORQ","N~5~-ACETYL-L-ORNITHINE","ARG","ARG","manual-review","完整天然母体不是衍生物的直接子结构，可能涉及原子替换、断键、成环或立体化学边界","","","-1.019","-2","1","-34.54","2.473","0","0",""
"OSE","O-SULFO-L-SERINE","SER","SER","auto-structure-difference","天然母体完整保留；检测到新增3个O、1个S（S连接到O）","1","{""O"":3,""S"":1}","79.957","0","2","43.37","-0.173","2","0","结构差异和分子描述符由RDKit计算，不是溶解度、渗透性、稳定性或口服吸收的实验结果。"
"OTH","N,O-dimethyl-L-threonine","THR","THR","auto-structure-difference","天然母体完整保留；检测到新增2个C（C连接到N；C连接到O）","1","{""C"":2}","28.031","-1","0","-24.99","0.915","2","0","结构差异和分子描述符由RDKit计算，不是溶解度、渗透性、稳定性或口服吸收的实验结果。"
"OTZ","2-[2-(aminomethyl)-1,3-oxazol-4-yl]-1,3-thiazole-4-carboxylic acid","CYS;GLY;SER","CYS","manual-review","CCD列出多个天然母体，需要人工确定主要母体","","","104.001","-1","3","38.92","1.627","1","2",""
"OXX","OXALYL-ASPARTYL ANHYDRIDE","ASP","ASP","auto-structure-difference","天然母体完整保留；检测到新增2个C、3个O（C连接到O）","1","{""C"":2,""O"":3}","70.977","-1","4","46.2","-2.265","0","0","结构差异和分子描述符由RDKit计算，不是溶解度、渗透性、稳定性或口服吸收的实验结果。"
"OYL","1-ethyl-L-histidine","HIS","HIS","manual-review","完整天然母体不是衍生物的直接子结构，可能涉及原子替换、断键、成环或立体化学边界","","","27.024","-1","1","-12.11","1.074","1","0",""
"OZW","phenylhydrazinyl phenylalanine","PHE","PHE","auto-structure-difference","天然母体完整保留；检测到新增6个C、2个N（N连接到C）","1","{""C"":6,""N"":2}","106.053","2","2","24.06","1.439","3","1","结构差异和分子描述符由RDKit计算，不是溶解度、渗透性、稳定性或口服吸收的实验结果。"
"P1L","S-PALMITOYL-L-CYSTEINE","CYS","CYS","auto-structure-difference","天然母体完整保留；检测到新增16个C、1个O（C连接到S）","1","{""C"":16,""O"":1}","238.23","-1","1","17.07","5.811","15","0","结构差异和分子描述符由RDKit计算，不是溶解度、渗透性、稳定性或口服吸收的实验结果。"
"P2Q","2-hydroxy-5-{[(1S,2E)-1-formyl-4-phenoxybut-2-en-1yl]amino}-L-tyrosine","TYR","TYR","auto-structure-difference","天然母体完整保留；检测到新增11个C、1个N、3个O（N连接到C；O连接到C）","1","{""C"":11,""N"":1,""O"":3}","205.074","2","4","58.56","1.32","7","1","结构差异和分子描述符由RDKit计算，不是溶解度、渗透性、稳定性或口服吸收的实验结果。"
"P2Y","(2S)-PYRROLIDIN-2-YLMETHYLAMINE","PRO","PRO","manual-review","完整天然母体不是衍生物的直接子结构，可能涉及原子替换、断键、成环或立体化学边界","","","-14.963","0","0","-11.28","-0.126","0","0",""
"P3Q","2-hydroxy-5-{[(1E)-1-(2-oxoethylidene)-4-phenylbutyl]amino}-L-tyrosine","TYR","TYR","auto-structure-difference","天然母体完整保留；检测到新增12个C、1个N、2个O（N连接到C；O连接到C）","1","{""C"":12,""N"":1,""O"":2}","203.095","2","3","49.33","2.223","7","1","结构差异和分子描述符由RDKit计算，不是溶解度、渗透性、稳定性或口服吸收的实验结果。"
"P9S","dihydroxypropylcysteine","CYS","CYS","auto-structure-difference","天然母体完整保留；检测到新增3个C、2个O（C连接到S）","1","{""C"":3,""O"":2}","74.037","1","2","40.46","-0.843","4","0","结构差异和分子描述符由RDKit计算，不是溶解度、渗透性、稳定性或口服吸收的实验结果。"
"PAQ","2-OXY-4-HYDROXY-5-(2-HYDRAZINOPYRIDINE)PHENYLALANINE","TYR","TYR","manual-review","完整天然母体不是衍生物的直接子结构，可能涉及原子替换、断键、成环或立体化学边界","","","123.043","2","4","54.02","-0.022","3","1",""
"PAT","ALPHA-PHOSPHONO-TRYPTOPHAN","TRP","TRP","auto-structure-difference","天然母体完整保留；检测到新增3个O、1个P（P连接到C）","1","{""O"":3,""P"":1}","79.966","2","1","57.53","-0.495","1","0","结构差异和分子描述符由RDKit计算，不是溶解度、渗透性、稳定性或口服吸收的实验结果。"
"PBB","S-(4-BROMOBENZYL)CYSTEINE","CYS","CYS","auto-structure-difference","天然母体完整保留；检测到新增1个Br、7个C（C连接到S）","1","{""Br"":1,""C"":7}","167.957","-1","0","0","2.766","3","1","结构差异和分子描述符由RDKit计算，不是溶解度、渗透性、稳定性或口服吸收的实验结果。"
"PBF","PARA-(BENZOYL)-PHENYLALANINE","PHE","PHE","auto-structure-difference","天然母体完整保留；检测到新增7个C、1个O（C连接到C）","1","{""C"":7,""O"":1}","104.026","0","1","17.07","1.231","2","1","结构差异和分子描述符由RDKit计算，不是溶解度、渗透性、稳定性或口服吸收的实验结果。"
"PCA","PYROGLUTAMIC ACID","GLN","GLN","manual-review","完整天然母体不是衍生物的直接子结构，可能涉及原子替换、断键、成环或立体化学边界","","","-17.027","-1","-1","-40.01","0.686","-3","1",""
"PCS","PHENYLALANYLMETHYLCHLORIDE","PHE","PHE","manual-review","完整天然母体不是衍生物的直接子结构，可能涉及原子替换、断键、成环或立体化学边界","","","31.982","-1","0","-20.23","0.723","1","0",""
"PE1","N~2~-({3-HYDROXY-2-METHYL-5-[(PHOSPHONOOXY)METHYL]PYRIDIN-4-YL}METHYL)-L-LYSINE","LYS","LYS","manual-review","完整天然母体不是衍生物的直接子结构，可能涉及原子替换、断键、成环或立体化学边界","","","230.022","3","5","84.27","1.566","6","1",""
"PEC","S,S-PENTYLTHIOCYSTEINE","CYS","CYS","auto-structure-difference","天然母体完整保留；检测到新增5个C、1个S（S连接到S）","1","{""C"":5,""S"":1}","102.05","-1","1","0","2.642","6","0","结构差异和分子描述符由RDKit计算，不是溶解度、渗透性、稳定性或口服吸收的实验结果。"
"PF5","2,3,4,5,6-PENTAFLUORO-L-PHENYLALANINE","PHE","PHE","auto-structure-difference","天然母体完整保留；检测到新增5个F（F连接到C）","1","{""F"":5}","89.953","0","0","0","0.696","0","0","结构差异和分子描述符由RDKit计算，不是溶解度、渗透性、稳定性或口服吸收的实验结果。"
"PFF","4-FLUORO-L-PHENYLALANINE","PHE","PHE","auto-structure-difference","天然母体完整保留；检测到新增1个F（F连接到C）","1","{""F"":1}","17.991","0","0","0","0.139","0","0","结构差异和分子描述符由RDKit计算，不是溶解度、渗透性、稳定性或口服吸收的实验结果。"
"PH6","(4S)-4-cyclohexyl-L-proline","PRO","PRO","auto-structure-difference","天然母体完整保留；检测到新增6个C（C连接到C）","1","{""C"":6}","82.078","0","0","0","1.806","1","1","结构差异和分子描述符由RDKit计算，不是溶解度、渗透性、稳定性或口服吸收的实验结果。"
"PHA","PHENYLALANINAL","PHE","PHE","manual-review","完整天然母体不是衍生物的直接子结构，可能涉及原子替换、断键、成环或立体化学边界","","","-15.995","-1","0","-20.23","0.114","0","0",""
"PHD","ASPARTYL PHOSPHATE","ASP","ASP","auto-structure-difference","天然母体完整保留；检测到新增3个O、1个P（P连接到O）","1","{""O"":3,""P"":1}","79.966","1","2","46.53","-0.449","1","0","结构差异和分子描述符由RDKit计算，不是溶解度、渗透性、稳定性或口服吸收的实验结果。"
"PHI","IODO-PHENYLALANINE","PHE","PHE","auto-structure-difference","天然母体完整保留；检测到新增1个I（I连接到C）","1","{""I"":1}","125.897","0","0","0","0.605","0","0","结构差异和分子描述符由RDKit计算，不是溶解度、渗透性、稳定性或口服吸收的实验结果。"
"PHL","L-PHENYLALANINOL","PHE","PHE","manual-review","完整天然母体不是衍生物的直接子结构，可能涉及原子替换、断键、成环或立体化学边界","","","-13.979","0","0","-17.07","-0.092","0","0",""
"PIA","[(4Z)-2-[(1S)-1-aminoethyl]-4-(4-hydroxybenzylidene)-5-oxo-4,5-dihydro-1H-imidazol-1-yl]acetic acid","ALA;GLY;TYR","ALA","manual-review","CCD列出多个天然母体，需要人工确定主要母体","","","200.059","1","3","52.9","0.987","3","2",""
"PJ3","(2~{S})-2-azanyl-3-[1-[[(2~{R},3~{S},4~{R},5~{R})-5-(2-azanyl-7-methyl-6-oxidanylidene-1,8-dihydropurin-9-yl)-3,4-bis(oxidanyl)oxolan-2-yl]methoxy-oxidanyl-phosphoryl]imidazol-4-yl]propanoic acid","HIS","HIS","manual-review","完整天然母体不是衍生物的直接子结构，可能涉及原子替换、断键、成环或立体化学边界","","","360.071","4","11","162.36","-1.954","5","3",""
"PLJ","methyl L-prolinate","PRO","PRO","auto-structure-difference","天然母体完整保留；检测到新增1个C（C连接到O）","1","{""C"":1}","14.016","-1","1","-11","0.088","0","0","结构差异和分子描述符由RDKit计算，不是溶解度、渗透性、稳定性或口服吸收的实验结果。"
"PM3","2-AMINO-3-(4-PHOSPHONOMETHYL-PHENYL)-PROPIONIC ACID","PHE","PHE","auto-structure-difference","天然母体完整保留；检测到新增1个C、3个O、1个P（C连接到C）","1","{""C"":1,""O"":3,""P"":1}","93.982","2","1","57.53","-0.322","2","0","结构差异和分子描述符由RDKit计算，不是溶解度、渗透性、稳定性或口服吸收的实验结果。"
"POK","2-[[~{N}-[(4~{S})-4-azanyl-5-oxidanylidene-pentyl]carbamimidoyl]amino]ethanoic acid","ARG","ARG","manual-review","完整天然母体不是衍生物的直接子结构，可能涉及原子替换、断键、成环或立体化学边界","","","56.998","1","2","21.57","1.535","2","0",""
"POM","CIS-5-METHYL-4-OXOPROLINE","PRO","PRO","auto-structure-difference","天然母体完整保留；检测到新增1个C、1个O（C连接到C；O连接到C）","1","{""C"":1,""O"":1}","27.995","0","1","17.07","-0.432","0","0","结构差异和分子描述符由RDKit计算，不是溶解度、渗透性、稳定性或口服吸收的实验结果。"
"PPN","PARA-NITROPHENYLALANINE","PHE","PHE","auto-structure-difference","天然母体完整保留；检测到新增1个N、2个O（N连接到C）","1","{""N"":1,""O"":2}","44.985","0","2","43.14","-0.092","1","0","结构差异和分子描述符由RDKit计算，不是溶解度、渗透性、稳定性或口服吸收的实验结果。"
"PR3","S,S-PROPYLTHIOCYSTEINE","CYS","CYS","manual-review","完整天然母体不是衍生物的直接子结构，可能涉及原子替换、断键、成环或立体化学边界","","","58.024","-2","1","-20.23","1.976","4","0",""
"PR4","1-[(2R)-2-carboxy-2-hydroxyethyl]-L-proline","PRO","PRO","auto-structure-difference","天然母体完整保留；检测到新增3个C、3个O（C连接到N）","1","{""C"":3,""O"":3}","88.016","1","2","48.74","-0.842","3","0","结构差异和分子描述符由RDKit计算，不是溶解度、渗透性、稳定性或口服吸收的实验结果。"
"PR7","1-[(2S)-2-carboxy-2-hydroxyethyl]-L-proline","PRO","PRO","auto-structure-difference","天然母体完整保留；检测到新增3个C、3个O（C连接到N）","1","{""C"":3,""O"":3}","88.016","1","2","48.74","-0.842","3","0","结构差异和分子描述符由RDKit计算，不是溶解度、渗透性、稳定性或口服吸收的实验结果。"
"PR9","D-PROLINAMIDE","PRO","PRO","manual-review","完整天然母体不是衍生物的直接子结构，可能涉及原子替换、断键、成环或立体化学边界","","","-0.984","0","0","5.79","-0.599","0","0",""
"PRJ","(2S,3aS,6R,7aS)-6-hydroxyoctahydro-1H-indole-2-carboxylic acid","PRO","PRO","auto-structure-difference","天然母体完整保留；检测到新增4个C、1个O（C连接到C）","1","{""C"":4,""O"":1}","70.042","1","1","20.23","0.139","0","1","结构差异和分子描述符由RDKit计算，不是溶解度、渗透性、稳定性或口服吸收的实验结果。"
"PRK","N~6~-propanoyl-L-lysine","LYS","LYS","manual-review","完整天然母体不是衍生物的直接子结构，可能涉及原子替换、断键、成环或立体化学边界","","","55.019","0","1","1.46","1.284","2","0",""
"PRS","THIOPROLINE","PRO","PRO","manual-review","完整天然母体不是衍生物的直接子结构，可能涉及原子替换、断键、成环或立体化学边界","","","17.956","0","1","0","-0.09","0","0",""
"PRV","(2R)-amino(2-nitrophenyl)ethanoic acid","GLY","GLY","auto-structure-difference","天然母体完整保留；检测到新增6个C、1个N、2个O（C连接到C）","1","{""C"":6,""N"":1,""O"":2}","121.016","0","2","43.14","1.649","2","1","结构差异和分子描述符由RDKit计算，不是溶解度、渗透性、稳定性或口服吸收的实验结果。"
"PSH","1-thiophosphono-L-histidine","HIS","HIS","manual-review","完整天然母体不是衍生物的直接子结构，可能涉及原子替换、断键、成环或立体化学边界","","","94.936","1","2","25.19","0.933","1","0",""
"PSW","3-(SULFANYLSELANYL)-L-ALANINE","SEC","SEC","manual-review","完整天然母体不是衍生物的直接子结构，可能涉及原子替换、断键、成环或立体化学边界","","","31.972","1","1","0","0.648","1","0",""
"PTH","CE1-METHYLENE-HYDROXY-PHOSPHOTYROSINE","TYR","TYR","auto-structure-difference","天然母体完整保留；检测到新增1个C、4个O、1个P（C连接到C；P连接到O）","1","{""C"":1,""O"":4,""P"":1}","109.977","2","2","66.76","-0.742","3","0","结构差异和分子描述符由RDKit计算，不是溶解度、渗透性、稳定性或口服吸收的实验结果。"
"PTM","ALPHA-METHYL-O-PHOSPHOTYROSINE","TYR","TYR","auto-structure-difference","天然母体完整保留；检测到新增1个C、3个O、1个P（C连接到C；P连接到O）","1","{""C"":1,""O"":3,""P"":1}","93.982","1","1","46.53","0.156","2","0","结构差异和分子描述符由RDKit计算，不是溶解度、渗透性、稳定性或口服吸收的实验结果。"
"PTR","O-PHOSPHOTYROSINE","TYR","TYR","auto-structure-difference","天然母体完整保留；检测到新增3个O、1个P（P连接到O）","1","{""O"":3,""P"":1}","79.966","1","1","46.53","-0.234","2","0","结构差异和分子描述符由RDKit计算，不是溶解度、渗透性、稳定性或口服吸收的实验结果。"
"PVH","HISTIDINE-METHYL-ESTER","HIS","HIS","auto-structure-difference","天然母体完整保留；检测到新增1个C（C连接到O）","1","{""C"":1}","14.016","-1","1","-11","0.088","0","0","结构差异和分子描述符由RDKit计算，不是溶解度、渗透性、稳定性或口服吸收的实验结果。"
"PXU","2-hydroxy-L-proline","PRO","PRO","auto-structure-difference","天然母体完整保留；检测到新增1个O（O连接到C）","1","{""O"":1}","15.995","1","1","20.23","-0.68","0","0","结构差异和分子描述符由RDKit计算，不是溶解度、渗透性、稳定性或口服吸收的实验结果。"
"PYA","3-(1,10-PHENANTHROL-2-YL)-L-ALANINE","ALA","ALA","auto-structure-difference","天然母体完整保留；检测到新增12个C、2个N（C连接到C）","1","{""C"":12,""N"":2}","178.053","0","2","25.78","2.319","2","3","结构差异和分子描述符由RDKit计算，不是溶解度、渗透性、稳定性或口服吸收的实验结果。"
"PYX","S-[S-THIOPYRIDOXAMINYL]CYSTEINE","CYS","CYS","auto-structure-difference","天然母体完整保留；检测到新增8个C、2个N、1个O、1个S（S连接到S）","1","{""C"":8,""N"":2,""O"":1,""S"":1}","182.051","1","4","59.14","1.52","5","1","结构差异和分子描述符由RDKit计算，不是溶解度、渗透性、稳定性或口服吸收的实验结果。"
"Q2E","(2~{S})-2-azanyl-3-(2-methylsulfanyl-1~{H}-indol-3-yl)propanal","TRP","TRP","auto-structure-difference","天然母体完整保留；检测到新增1个C、1个S（S连接到C）","1","{""C"":1,""S"":1}","45.988","0","1","0","0.722","1","0","结构差异和分子描述符由RDKit计算，不是溶解度、渗透性、稳定性或口服吸收的实验结果。"
"Q2K","2-[2-(3-methylsulfanylpropanimidoyl)-4,5-bis(oxidanylidene)imidazol-1-yl]ethanoic acid","GLY;MET;TYR","GLY","manual-review","CCD列出多个天然母体，需要人工确定主要母体","","","182.015","0","3","47.57","0.581","5","1",""
"Q3P","N~6~-glycyl-L-lysine","LYS","LYS","manual-review","完整天然母体不是衍生物的直接子结构，可能涉及原子替换、断键、成环或立体化学边界","","","56.014","1","2","27.48","-0.167","2","0",""
"Q75","Thiazole-histidine","HIS","HIS","manual-review","完整天然母体不是衍生物的直接子结构，可能涉及原子替换、断键、成环或立体化学边界","","","15.954","-1","2","-17.04","1.314","0","0",""
"Q8X","(2~{R})-2-azanyl-3-[(6-pyridin-2-ylpyridin-3-yl)methylsulfanyl]propanal","CYS","CYS","auto-structure-difference","天然母体完整保留；检测到新增11个C、2个N（C连接到S）","1","{""C"":11,""N"":2}","168.069","-1","2","25.78","2.461","4","2","结构差异和分子描述符由RDKit计算，不是溶解度、渗透性、稳定性或口服吸收的实验结果。"
"QCI","L-2-Aminoglutarimide","GLN","GLN","manual-review","完整天然母体不是衍生物的直接子结构，可能涉及原子替换、断键、成环或立体化学边界","","","-18.011","-1","0","-34.22","0.087","-4","1",""
"QCS","S-carbamoyl-L-cysteine","CYS","CYS","auto-structure-difference","天然母体完整保留；检测到新增1个C、1个N、1个O（C连接到S）","1","{""C"":1,""N"":1,""O"":1}","43.006","0","1","43.09","-0.118","1","0","结构差异和分子描述符由RDKit计算，不是溶解度、渗透性、稳定性或口服吸收的实验结果。"
"QIL","N-formyl-L-isoleucine","ILE","ILE","auto-structure-difference","天然母体完整保留；检测到新增1个C、1个O（C连接到N）","1","{""C"":1,""O"":1}","27.995","0","0","3.08","-0.213","2","0","结构差异和分子描述符由RDKit计算，不是溶解度、渗透性、稳定性或口服吸收的实验结果。"
"QLG","[(4Z)-2-[(1Z)-4-AMINO-4-OXOBUTANIMIDOYL]-4-(2-METHYLPROPYLIDENE)-5-OXO-4,5-DIHYDRO-1H-IMIDAZOL-1-YL]ACETIC ACID","GLN;GLY;LEU","GLN","manual-review","CCD列出多个天然母体，需要人工确定主要母体","","","148.064","0","2","30.5","1.473","3","1",""
"QM8","6-Sulfanyl-L-norleucine","ALA","ALA","auto-structure-difference","天然母体完整保留；检测到新增3个C、1个S（C连接到C）","1","{""C"":3,""S"":1}","74.019","1","1","0","1.08","4","0","结构差异和分子描述符由RDKit计算，不是溶解度、渗透性、稳定性或口服吸收的实验结果。"
"QMB","5-Mercapto-norvaline","ALA","ALA","auto-structure-difference","天然母体完整保留；检测到新增2个C、1个S（C连接到C）","1","{""C"":2,""S"":1}","60.003","1","1","0","0.69","3","0","结构差异和分子描述符由RDKit计算，不是溶解度、渗透性、稳定性或口服吸收的实验结果。"
"QMM","N,N-dimethyl-L-glutamine","GLN","GLN","auto-structure-difference","天然母体完整保留；检测到新增2个C（C连接到N）","1","{""C"":2}","28.031","-1","0","-22.78","0.603","0","0","结构差异和分子描述符由RDKit计算，不是溶解度、渗透性、稳定性或口服吸收的实验结果。"
"QNQ","4-methylcatechol cysteine","CYS","CYS","auto-structure-difference","天然母体完整保留；检测到新增7个C、2个O（C连接到S）","1","{""C"":7,""O"":2}","122.037","1","2","40.46","1.582","2","1","结构差异和分子描述符由RDKit计算，不是溶解度、渗透性、稳定性或口服吸收的实验结果。"
"QNT","3,6-dimethylcatechol cysteine","CYS","CYS","auto-structure-difference","天然母体完整保留；检测到新增8个C、2个O（C连接到S）","1","{""C"":8,""O"":2}","136.052","1","2","40.46","1.891","2","1","结构差异和分子描述符由RDKit计算，不是溶解度、渗透性、稳定性或口服吸收的实验结果。"
"QNW","3-methylcatechol cysteine","CYS","CYS","auto-structure-difference","天然母体完整保留；检测到新增7个C、2个O（C连接到S）","1","{""C"":7,""O"":2}","122.037","1","2","40.46","1.582","2","1","结构差异和分子描述符由RDKit计算，不是溶解度、渗透性、稳定性或口服吸收的实验结果。"
"QNY","O-[(3S)-3-amino-3-carboxy-1,1-dihydroxypropyl]-L-threonine","THR","THR","auto-structure-difference","天然母体完整保留；检测到新增4个C、1个N、4个O（C连接到O）","1","{""C"":4,""N"":1,""O"":4}","133.038","3","4","92.78","-1.535","5","0","结构差异和分子描述符由RDKit计算，不是溶解度、渗透性、稳定性或口服吸收的实验结果。"
"QO2","4,5-dimethylcatechol cysteine","CYS","CYS","auto-structure-difference","天然母体完整保留；检测到新增8个C、2个O（C连接到S）","1","{""C"":8,""O"":2}","136.052","1","2","40.46","1.891","2","1","结构差异和分子描述符由RDKit计算，不是溶解度、渗透性、稳定性或口服吸收的实验结果。"
"QO5","3,5-dimethylcatechol cysteine","CYS","CYS","auto-structure-difference","天然母体完整保留；检测到新增8个C、2个O（C连接到S）","1","{""C"":8,""O"":2}","136.052","1","2","40.46","1.891","2","1","结构差异和分子描述符由RDKit计算，不是溶解度、渗透性、稳定性或口服吸收的实验结果。"
"QO8","3,4-dimethylcatechol cysteine","CYS","CYS","manual-review","完整天然母体不是衍生物的直接子结构，可能涉及原子替换、断键、成环或立体化学边界","","","138.068","2","3","43.62","1.117","2","1",""
"QPA","S-[(1S)-1-carboxy-1-(phosphonooxy)ethyl]-L-cysteine","CYS","CYS","auto-structure-difference","天然母体完整保留；检测到新增3个C、6个O、1个P（C连接到S）","1","{""C"":3,""O"":6,""P"":1}","167.982","2","3","104.06","-0.286","5","0","结构差异和分子描述符由RDKit计算，不是溶解度、渗透性、稳定性或口服吸收的实验结果。"
"QPH","N-formyl-L-phenylalanine","PHE","PHE","auto-structure-difference","天然母体完整保留；检测到新增1个C、1个O（C连接到N）","1","{""C"":1,""O"":1}","27.995","0","0","3.08","-0.213","2","0","结构差异和分子描述符由RDKit计算，不是溶解度、渗透性、稳定性或口服吸收的实验结果。"
"QQ8","(4~{S})-4-azanyl-5-formamido-pentanamide","GLN","GLN","manual-review","完整天然母体不是衍生物的直接子结构，可能涉及原子替换、断键、成环或立体化学边界","","","29.027","1","0","12.03","0.183","1","0",""
"QVA","(2S,3R)-2-{[(2R)-2-amino-2-carboxyethyl]sulfanyl}-3-hydroxybutanedioic acid","CYS","CYS","auto-structure-difference","天然母体完整保留；检测到新增4个C、5个O（C连接到S）","1","{""C"":4,""O"":5}","132.006","2","3","94.83","-1.298","5","0","结构差异和分子描述符由RDKit计算，不是溶解度、渗透性、稳定性或口服吸收的实验结果。"
"QX7","N-acetyl-3-{[5-(fluorosulfonyl)-2-methylbenzene-1-carbonyl]amino}-L-alanine","ALA","ALA","auto-structure-difference","天然母体完整保留；检测到新增10个C、1个F、1个N、4个O、1个S（N连接到C；C连接到N）","1","{""C"":10,""F"":1,""N"":1,""O"":4,""S"":1}","257.016","1","3","66.32","0.554","5","1","结构差异和分子描述符由RDKit计算，不是溶解度、渗透性、稳定性或口服吸收的实验结果。"
"R0K","(2~{S})-2-[[(4~{S})-4-azanyl-5-oxidanyl-5-oxidanylidene-pentanoyl]amino]hexanedioic acid","GLU","GLU","manual-review","完整天然母体不是衍生物的直接子结构，可能涉及原子替换、断键、成环或立体化学边界","","","143.058","2","2","66.4","-0.26","6","0",""
"R1A","3-{[(2,2,5,5-TETRAMETHYL-1-OXO-2,5-DIHYDRO-1H-PYRROLIUM-3-YL)METHYL]DISULFANYL}-D-ALANINE","CYS","CYS","auto-structure-difference","天然母体完整保留；检测到新增9个C、1个N、1个O、1个S（S连接到S）","1","{""C"":9,""N"":1,""O"":1,""S"":1}","184.079","-1","2","20.08","2.728","4","1","结构差异和分子描述符由RDKit计算，不是溶解度、渗透性、稳定性或口服吸收的实验结果。"
"R4K","(2S,3R)-2-azanyl-3-hydroxy-3-[(3S)-3-hydroxy-2-oxo-1H-indol-3-yl]propanoic acid","TRP","TRP","manual-review","完整天然母体不是衍生物的直接子结构，可能涉及原子替换、断键、成环或立体化学边界","","","47.985","2","3","53.77","-2.523","0","0",""
"RE0","3-[(3R)-3-hydroxy-2-oxo-2,3-dihydro-1H-indol-3-yl]-L-alanine","TRP","TRP","manual-review","完整天然母体不是衍生物的直接子结构，可能涉及原子替换、断键、成环或立体化学边界","","","31.99","1","2","33.54","-1.494","0","0",""
"RE3","3-[(3S)-3-hydroxy-2-oxo-2,3-dihydro-1H-indol-3-yl]-L-alanine","TRP","TRP","manual-review","完整天然母体不是衍生物的直接子结构，可能涉及原子替换、断键、成环或立体化学边界","","","31.99","1","2","33.54","-1.494","0","0",""
"RGL","ARGINAL","ARG","ARG","manual-review","完整天然母体不是衍生物的直接子结构，可能涉及原子替换、断键、成环或立体化学边界","","","-15.995","-1","0","-20.23","0.114","0","0",""
"RGP","GAMMA-GLUTAMYL PHOSPHATE","GLU","GLU","auto-structure-difference","天然母体完整保留；检测到新增3个O、1个P（P连接到O）","1","{""O"":3,""P"":1}","79.966","1","2","46.53","-0.449","1","0","结构差异和分子描述符由RDKit计算，不是溶解度、渗透性、稳定性或口服吸收的实验结果。"
"RPI","phospho-arginine","ARG","ARG","manual-review","完整天然母体不是衍生物的直接子结构，可能涉及原子替换、断键、成环或立体化学边界","","","78.959","2","2","41.8","1.543","1","0",""
"RT0","(2S,4S)-4-[4-(4-fluorophenyl)-1,2,3-triazol-1-yl]pyrrolidine-2-carboxylic acid","PRO","PRO","auto-structure-difference","天然母体完整保留；检测到新增8个C、1个F、3个N（N连接到C）","1","{""C"":8,""F"":1,""N"":3}","161.039","0","2","30.71","1.249","2","2","结构差异和分子描述符由RDKit计算，不是溶解度、渗透性、稳定性或口服吸收的实验结果。"
"RVJ","3-triazan-1-yl-L-alanine","ALA","ALA","auto-structure-difference","天然母体完整保留；检测到新增3个N（N连接到C）","1","{""N"":3}","45.033","3","3","50.08","-2.052","3","0","结构差异和分子描述符由RDKit计算，不是溶解度、渗透性、稳定性或口服吸收的实验结果。"
"RVX","O-[methyl(2-methylpropoxy)phosphoryl]-L-serine","SER","SER","auto-structure-difference","天然母体完整保留；检测到新增5个C、2个O、1个P（P连接到O）","1","{""C"":5,""O"":2,""P"":1}","134.05","-1","2","15.3","2.52","5","0","结构差异和分子描述符由RDKit计算，不是溶解度、渗透性、稳定性或口服吸收的实验结果。"
"RX9","Dehydroisoleucine","ILE","ILE","manual-review","完整天然母体不是衍生物的直接子结构，可能涉及原子替换、断键、成环或立体化学边界","","","-2.016","0","0","0","0.269","-1","0",""
"RXL","Dehydrovaline","VAL","VAL","manual-review","完整天然母体不是衍生物的直接子结构，可能涉及原子替换、断键、成环或立体化学边界","","","-2.016","0","0","0","0.269","-1","0",""
"RZ4","O-tert-butyl-L-serine","SER","SER","auto-structure-difference","天然母体完整保留；检测到新增4个C（C连接到O）","1","{""C"":4}","56.063","-1","0","-11","1.823","1","0","结构差异和分子描述符由RDKit计算，不是溶解度、渗透性、稳定性或口服吸收的实验结果。"
"S0R","(2S)-2-benzamido-4-methyl-pentanoic acid","LEU","LEU","auto-structure-difference","天然母体完整保留；检测到新增7个C、1个O（C连接到N）","1","{""C"":7,""O"":1}","104.026","0","0","3.08","1.471","2","1","结构差异和分子描述符由RDKit计算，不是溶解度、渗透性、稳定性或口服吸收的实验结果。"
"S12","O-[(S)-hydroxy{[(2S)-2-hydroxy-3-(octadec-9-enoyloxy)propyl]oxy}phosphoryl]-L-serine","SER","SER","auto-structure-difference","天然母体完整保留；检测到新增21个C、6个O、1个P（P连接到O）","1","{""C"":21,""O"":6,""P"":1}","418.248","1","5","82.06","6.083","22","0","结构差异和分子描述符由RDKit计算，不是溶解度、渗透性、稳定性或口服吸收的实验结果。"
"S1H","1-HEXADECANOSULFONYL-O-L-SERINE","SER","SER","auto-structure-difference","天然母体完整保留；检测到新增16个C、2个O、1个S（S连接到O）","1","{""C"":16,""O"":2,""S"":1}","288.212","-1","2","23.14","5.835","17","0","结构差异和分子描述符由RDKit计算，不是溶解度、渗透性、稳定性或口服吸收的实验结果。"
"S2C","S-2-(BORONOETHYL)-L-CYSTEINE","CYS","CYS","auto-structure-difference","天然母体完整保留；检测到新增1个B、2个C、3个O（C连接到S）","1","{""B"":1,""C"":2,""O"":3}","89.042","2","3","60.69","-1.281","4","0","结构差异和分子描述符由RDKit计算，不是溶解度、渗透性、稳定性或口服吸收的实验结果。"
"S2P","(2S)-2-amino-3-(4-hydroxy-1,2,5-thiadiazol-3-yl)propanoic acid","ALA","ALA","auto-structure-difference","天然母体完整保留；检测到新增2个C、2个N、1个O、1个S（C连接到C）","1","{""C"":2,""N"":2,""O"":1,""S"":1}","99.973","1","4","46.01","-0.22","2","1","结构差异和分子描述符由RDKit计算，不是溶解度、渗透性、稳定性或口服吸收的实验结果。"
"SAC","N-ACETYL-SERINE","SER","SER","auto-structure-difference","天然母体完整保留；检测到新增2个C、1个O（C连接到N）","1","{""C"":2,""O"":1}","42.011","0","0","3.08","0.177","1","0","结构差异和分子描述符由RDKit计算，不是溶解度、渗透性、稳定性或口服吸收的实验结果。"
"SAR","SARCOSINE","GLY","GLY","auto-structure-difference","天然母体完整保留；检测到新增1个C（C连接到N）","1","{""C"":1}","14.016","0","0","-13.99","0.261","1","0","结构差异和分子描述符由RDKit计算，不是溶解度、渗透性、稳定性或口服吸收的实验结果。"
"SBL","L-NAPHTHYL-1-ACETAMIDO BORONIC ACID ALANINE","SER","SER","auto-structure-difference","天然母体完整保留；检测到新增1个B、14个C、1个N、3个O（B连接到O）","1","{""B"":1,""C"":14,""N"":1,""O"":3}","256.115","2","3","58.56","1.388","6","2","结构差异和分子描述符由RDKit计算，不是溶解度、渗透性、稳定性或口服吸收的实验结果。"
"SCH","S-METHYL-THIO-CYSTEINE","CYS","CYS","auto-structure-difference","天然母体完整保留；检测到新增1个C、1个S（S连接到S）","1","{""C"":1,""S"":1}","45.988","-1","1","0","1.081","2","0","结构差异和分子描述符由RDKit计算，不是溶解度、渗透性、稳定性或口服吸收的实验结果。"
"SCS","3-(ethyldisulfanyl)-L-alanine","CYS","CYS","auto-structure-difference","天然母体完整保留；检测到新增2个C、1个S（S连接到S）","1","{""C"":2,""S"":1}","60.003","-1","1","0","1.472","3","0","结构差异和分子描述符由RDKit计算，不是溶解度、渗透性、稳定性或口服吸收的实验结果。"
"SCY","S-ACETYL-CYSTEINE","CYS","CYS","auto-structure-difference","天然母体完整保留；检测到新增2个C、1个O（C连接到S）","1","{""C"":2,""O"":1}","42.011","-1","1","17.07","0.35","1","0","结构差异和分子描述符由RDKit计算，不是溶解度、渗透性、稳定性或口服吸收的实验结果。"
"SD4","N-hydroxy-L-asparagine","ASN","ASN","auto-structure-difference","天然母体完整保留；检测到新增1个O（O连接到N）","1","{""O"":1}","15.995","1","1","6.24","0.02","0","0","结构差异和分子描述符由RDKit计算，不是溶解度、渗透性、稳定性或口服吸收的实验结果。"
"SDP","2-AMINO-3-(DIETHOXY-PHOSPHORYLOXY)-PROPIONIC ACID","SER","SER","auto-structure-difference","天然母体完整保留；检测到新增4个C、3个O、1个P（P连接到O）","1","{""C"":4,""O"":3,""P"":1}","136.029","-1","3","24.53","2.205","6","0","结构差异和分子描述符由RDKit计算，不是溶解度、渗透性、稳定性或口服吸收的实验结果。"
"SE7","2-AMINO-3-SELENINO-PROPIONIC ACID","SEC","SEC","manual-review","完整天然母体不是衍生物的直接子结构，可能涉及原子替换、断键、成环或立体化学边界","","","31.99","1","1","37.3","-0.408","1","0",""
"SEB","O-BENZYLSULFONYL-SERINE","SER","SER","auto-structure-difference","天然母体完整保留；检测到新增7个C、2个O、1个S（S连接到O）","1","{""C"":7,""O"":2,""S"":1}","154.009","-1","2","23.14","1.554","4","1","结构差异和分子描述符由RDKit计算，不是溶解度、渗透性、稳定性或口服吸收的实验结果。"
"SEE","trihydroxy(L-serinato-kappaO~3~)borate(1-)","SER","SER","auto-structure-difference","天然母体完整保留；检测到新增1个B、3个O（B连接到O）","1","{""B"":1,""O"":3}","61.01","2","3","49.69","-1.563","2","0","结构差异和分子描述符由RDKit计算，不是溶解度、渗透性、稳定性或口服吸收的实验结果。"
"SEL","2-AMINO-1,3-PROPANEDIOL","SER","SER","manual-review","完整天然母体不是衍生物的直接子结构，可能涉及原子替换、断键、成环或立体化学边界","","","-13.979","0","0","-17.07","-0.092","0","0",""
"SEM","O-benzyl-L-serine","SER","SER","auto-structure-difference","天然母体完整保留；检测到新增7个C（C连接到O）","1","{""C"":7}","90.047","-1","0","-11","2.224","3","1","结构差异和分子描述符由RDKit计算，不是溶解度、渗透性、稳定性或口服吸收的实验结果。"
"SEN","O-[N,N-dimethylphosphoramidate]-L-serine","SER","SER","auto-structure-difference","天然母体完整保留；检测到新增2个C、1个N、2个O、1个P（P连接到O）","1","{""C"":2,""N"":1,""O"":2,""P"":1}","107.014","0","1","29.54","0.686","3","0","结构差异和分子描述符由RDKit计算，不是溶解度、渗透性、稳定性或口服吸收的实验结果。"
"SEP","PHOSPHOSERINE","SER","SER","auto-structure-difference","天然母体完整保留；检测到新增3个O、1个P（P连接到O）","1","{""O"":3,""P"":1}","79.966","1","1","46.53","0.117","2","0","结构差异和分子描述符由RDKit计算，不是溶解度、渗透性、稳定性或口服吸收的实验结果。"
"SET","AMINOSERINE","SER","SER","manual-review","完整天然母体不是衍生物的直接子结构，可能涉及原子替换、断键、成环或立体化学边界","","","-0.984","0","0","5.79","-0.599","0","0",""
"SGB","O-[(S)-METHYL(1-METHYLETHOXY)PHOSPHORYL]-L-SERINE","SER","SER","auto-structure-difference","天然母体完整保留；检测到新增4个C、2个O、1个P（P连接到O）","1","{""C"":4,""O"":2,""P"":1}","120.034","-1","2","15.3","2.272","4","0","结构差异和分子描述符由RDKit计算，不是溶解度、渗透性、稳定性或口服吸收的实验结果。"
"SHC","S-HEXYLCYSTEINE","CYS","CYS","auto-structure-difference","天然母体完整保留；检测到新增6个C（C连接到S）","1","{""C"":6}","84.094","-1","0","0","2.384","6","0","结构差异和分子描述符由RDKit计算，不是溶解度、渗透性、稳定性或口服吸收的实验结果。"
"SHP","(4-HYDROXYMALTOSEPHENYL)GLYCINE","GLY","GLY","auto-structure-difference","天然母体完整保留；检测到新增18个C、11个O（C连接到C）","1","{""C"":18,""O"":11}","416.132","7","11","178.53","-3.256","7","3","结构差异和分子描述符由RDKit计算，不是溶解度、渗透性、稳定性或口服吸收的实验结果。"
"SHR","N-(5-AMINO-5-CARBOXYPENTYL)GLUTAMIC ACID","LYS","LYS","manual-review","完整天然母体不是衍生物的直接子结构，可能涉及原子替换、断键、成环或立体化学边界","","","129.019","2","3","58.99","0.666","6","0",""
"SIB","(2S)-2-AMINO-4-({[(2S,3S,4R,5R)-3,4-DIHYDROXY-5-(6-OXO-1,6-DIHYDRO-9H-PURIN-9-YL)TETRAHYDROFURAN-2-YL]METHYL}THIO)BUTANOIC ACID","CYS","CYS","manual-review","完整天然母体不是衍生物的直接子结构，可能涉及原子替换、断键、成环或立体化学边界","","","264.086","2","6","113.26","-1.054","5","3",""
"SIC","(2R)-2-[(3S)-3-amino-2,5-dioxopyrrolidin-1-yl]-3-sulfanylpropanoic acid","ASP;CYS","ASP","manual-review","CCD列出多个天然母体，需要人工确定主要母体","","","84.999","0","2","0.08","-0.417","0","1",""
"SKH","(3~{S})-5-[[(5~{S})-5-azanyl-6-oxidanyl-6-oxidanylidene-hexyl]amino]-3-methyl-3-oxidanyl-5-oxidanylidene-pentanoic acid","LYS","LYS","manual-review","完整天然母体不是衍生物的直接子结构，可能涉及原子替换、断键、成环或立体化学边界","","","143.035","2","3","58.99","0.49","5","0",""
"SLL","(2S)-2-azanyl-6-[(4-hydroxy-4-oxo-butanoyl)amino]hexanoic acid","LYS","LYS","manual-review","完整天然母体不是衍生物的直接子结构，可能涉及原子替换、断键、成环或立体化学边界","","","99.009","1","2","38.76","0.739","4","0",""
"SLZ","L-THIALYSINE","LYS","LYS","manual-review","完整天然母体不是衍生物的直接子结构，可能涉及原子替换、断键、成环或立体化学边界","","","16.949","0","2","-1.62","0.28","0","0",""
"SMC","S-METHYLCYSTEINE","CYS","CYS","auto-structure-difference","天然母体完整保留；检测到新增1个C（C连接到S）","1","{""C"":1}","14.016","-1","0","0","0.433","1","0","结构差异和分子描述符由RDKit计算，不是溶解度、渗透性、稳定性或口服吸收的实验结果。"
"SME","METHIONINE SULFOXIDE","MET","MET","auto-structure-difference","天然母体完整保留；检测到新增1个O（O连接到S）","1","{""O"":1}","15.995","0","0","17.07","-0.984","0","0","结构差异和分子描述符由RDKit计算，不是溶解度、渗透性、稳定性或口服吸收的实验结果。"
"SMF","4-SULFOMETHYL-L-PHENYLALANINE","PHE","PHE","auto-structure-difference","天然母体完整保留；检测到新增1个C、3个O、1个S（C连接到C）","1","{""C"":1,""O"":3,""S"":1}","93.972","1","2","54.37","-0.612","2","0","结构差异和分子描述符由RDKit计算，不是溶解度、渗透性、稳定性或口服吸收的实验结果。"
"SNC","S-NITROSO-CYSTEINE","CYS","CYS","auto-structure-difference","天然母体完整保留；检测到新增1个N、1个O（N连接到S）","1","{""N"":1,""O"":1}","28.99","-1","2","29.43","0.485","2","0","结构差异和分子描述符由RDKit计算，不是溶解度、渗透性、稳定性或口服吸收的实验结果。"
"SNK","(2~{R})-2-azanyl-3-(4-ethanoylsulfanyl-1~{H}-imidazol-5-yl)propanoic acid","HIS","HIS","manual-review","完整天然母体不是衍生物的直接子结构，可能涉及原子替换、断键、成环或立体化学边界","","","72.975","0","3","15.82","1.219","1","0",""
"SNN","L-3-AMINOSUCCINIMIDE","ASN","ASN","manual-review","完整天然母体不是衍生物的直接子结构，可能涉及原子替换、断键、成环或立体化学边界","","","-18.011","-1","0","-34.22","0.087","-3","1",""
"SRZ","PROPOXY-L-SERINE","SER","SER","auto-structure-difference","天然母体完整保留；检测到新增3个C、1个O（C连接到O）","1","{""C"":3,""O"":1}","58.042","0","1","9.23","0.407","4","0","结构差异和分子描述符由RDKit计算，不是溶解度、渗透性、稳定性或口服吸收的实验结果。"
"SUI","(3-AMINO-2,5-DIOXO-1-PYRROLIDINYL)ACETIC ACID","ASP;GLY","ASP","manual-review","CCD列出多个天然母体，需要人工确定主要母体","","","39.011","-1","1","0.08","-0.716","-1","1",""
"SUN","O-[(R)-(DIMETHYLAMINO)(ETHOXY)PHOSPHORYL]-L-SERINE","SER","SER","auto-structure-difference","天然母体完整保留；检测到新增4个C、1个N、2个O、1个P（P连接到O）","1","{""C"":4,""N"":1,""O"":2,""P"":1}","135.045","-1","2","18.54","1.73","5","0","结构差异和分子描述符由RDKit计算，不是溶解度、渗透性、稳定性或口服吸收的实验结果。"
"SVA","SERINE VANADATE","SER","SER","auto-structure-difference","天然母体完整保留；检测到新增4个O、1个Z23（Z23连接到O）","1","{""O"":4,""Z23"":1}","113.918","-1","4","81.24","-4.27","2","0","结构差异和分子描述符由RDKit计算，不是溶解度、渗透性、稳定性或口服吸收的实验结果。"
"SVV","O-[(S)-AMINO(HYDROXY)PHOSPHORYL]-L-SERINE","SER","SER","auto-structure-difference","天然母体完整保留；检测到新增1个N、2个O、1个P（P连接到O）","1","{""N"":1,""O"":2,""P"":1}","78.982","1","1","52.32","0.083","2","0","结构差异和分子描述符由RDKit计算，不是溶解度、渗透性、稳定性或口服吸收的实验结果。"
"SVW","O-[(R)-AMINO(HYDROXY)PHOSPHORYL]-L-SERINE","SER","SER","auto-structure-difference","天然母体完整保留；检测到新增1个N、2个O、1个P（P连接到O）","1","{""N"":1,""O"":2,""P"":1}","78.982","1","1","52.32","0.083","2","0","结构差异和分子描述符由RDKit计算，不是溶解度、渗透性、稳定性或口服吸收的实验结果。"
"SVX","O-[(R)-ETHOXY(METHYL)PHOSPHORYL]-L-SERINE","SER","SER","auto-structure-difference","天然母体完整保留；检测到新增3个C、2个O、1个P（P连接到O）","1","{""C"":3,""O"":2,""P"":1}","106.018","-1","2","15.3","1.884","4","0","结构差异和分子描述符由RDKit计算，不是溶解度、渗透性、稳定性或口服吸收的实验结果。"
"SVY","O-[BIS(1-METHYLETHOXY)PHOSPHORYL]-L-SERINE","SER","SER","auto-structure-difference","天然母体完整保留；检测到新增6个C、3个O、1个P（P连接到O）","1","{""C"":6,""O"":3,""P"":1}","164.06","-1","3","24.53","2.982","6","0","结构差异和分子描述符由RDKit计算，不是溶解度、渗透性、稳定性或口服吸收的实验结果。"
"SVZ","O-[(S)-HYDROXY(ISOPROPYLAMINO)PHOSPHORYL]-L-SERINE","SER","SER","auto-structure-difference","天然母体完整保留；检测到新增3个C、1个N、2个O、1个P（P连接到O）","1","{""C"":3,""N"":1,""O"":2,""P"":1}","121.029","1","1","38.33","1.123","4","0","结构差异和分子描述符由RDKit计算，不是溶解度、渗透性、稳定性或口服吸收的实验结果。"
"SWW","(2~{S})-2-azanyl-3-(2-hydroxyethylsulfanyl)propanoic acid","SER","SER","manual-review","完整天然母体不是衍生物的直接子结构，可能涉及原子替换、断键、成环或立体化学边界","","","60.003","0","1","0","0.733","3","0",""
"SXE","O-{(S)-ETHOXY[(1-METHYLETHYL)AMINO]PHOSPHORYL}-L-SERINE","SER","SER","auto-structure-difference","天然母体完整保留；检测到新增5个C、1个N、2个O、1个P（P连接到O）","1","{""C"":5,""N"":1,""O"":2,""P"":1}","149.061","0","2","27.33","2.167","6","0","结构差异和分子描述符由RDKit计算，不是溶解度、渗透性、稳定性或口服吸收的实验结果。"
"SYS","3-[(2-amino-2-oxoethyl)selanyl]-L-alanine","SEC","SEC","manual-review","完整天然母体不是衍生物的直接子结构，可能涉及原子替换、断键、成环或立体化学边界","","","57.021","1","1","43.09","-0.293","3","0",""
"T0I","(2S)-2-amino-3-(2,4-dihydroxy-5-imidazol-1-yl-phenyl)propanoic acid","TYR","TYR","auto-structure-difference","天然母体完整保留；检测到新增3个C、2个N、1个O（N连接到C；O连接到C）","1","{""C"":3,""N"":2,""O"":1}","82.017","1","2","38.05","-0.109","1","1","结构差异和分子描述符由RDKit计算，不是溶解度、渗透性、稳定性或口服吸收的实验结果。"
"T11","4-[3-(TRIFLUOROMETHYL)DIAZIRIDIN-3-YL]-L-PHENYLALANINE","PHE","PHE","auto-structure-difference","天然母体完整保留；检测到新增2个C、3个F、2个N（C连接到C）","1","{""C"":2,""F"":3,""N"":2}","110.009","2","2","43.88","-0.177","1","1","结构差异和分子描述符由RDKit计算，不是溶解度、渗透性、稳定性或口服吸收的实验结果。"
"T3R","N,5-dimethyl-L-norleucine","LEU","LEU","manual-review","完整天然母体不是衍生物的直接子结构，可能涉及原子替换、断键、成环或立体化学边界","","","28.031","0","0","-13.99","0.651","2","0",""
"T8L","Thio-phosohothreonine","THR","THR","auto-structure-difference","天然母体完整保留；检测到新增2个O、1个P、1个S（P连接到O）","1","{""O"":2,""P"":1,""S"":1}","95.943","1","1","26.3","1.054","2","0","结构差异和分子描述符由RDKit计算，不是溶解度、渗透性、稳定性或口服吸收的实验结果。"
"T9E","Selenothreonine","THR","THR","manual-review","完整天然母体不是衍生物的直接子结构，可能涉及原子替换、断键、成环或立体化学边界","","","63.922","-1","-1","-20.23","0.328","0","0",""
"TAV","N-METHYL-N-{2-[(2-NAPHTHYLSULFONYL)AMINO]-5-[(2-NAPHTHYLSULFONYL)OXY]BENZOYL}-L-ASPARTIC ACID","ASP","ASP","auto-structure-difference","天然母体完整保留；检测到新增28个C、1个N、6个O、2个S（C连接到N）","1","{""C"":28,""N"":1,""O"":6,""S"":2}","529.065","0","5","83.83","5.688","8","5","结构差异和分子描述符由RDKit计算，不是溶解度、渗透性、稳定性或口服吸收的实验结果。"
"TBG","3-methyl-L-valine","VAL","VAL","auto-structure-difference","天然母体完整保留；检测到新增1个C（C连接到C）","3","{""C"":1}","14.016","0","0","0","0.39","-1","0","结构差异和分子描述符由RDKit计算，不是溶解度、渗透性、稳定性或口服吸收的实验结果。"
"TCQ","(1S,2R)-N-{(1E)-5-[(2S)-2-amino-2-carboxyethyl]-2-hydroxy-4-oxocyclohexa-2,5-dien-1-ylidene}-2-phenylcyclopropanaminium","TYR","TYR","manual-review","完整天然母体不是衍生物的直接子结构，可能涉及原子替换、断键、成环或立体化学边界","","","146.06","1","1","31.04","-0.529","2","2",""
"TCR","CYCLOMETHYLTRYPTOPHAN","TRP","TRP","auto-structure-difference","天然母体完整保留；检测到新增1个C（C连接到C；C连接到N）","1","{""C"":1}","12","0","0","-13.99","0.145","-2","1","结构差异和分子描述符由RDKit计算，不是溶解度、渗透性、稳定性或口服吸收的实验结果。"
"TEF","4-(2H-tetrazol-2-yl)-L-phenylalanine","PHE","PHE","auto-structure-difference","天然母体完整保留；检测到新增1个C、4个N（N连接到C）","1","{""C"":1,""N"":4}","68.012","0","3","43.6","-1.024","1","1","结构差异和分子描述符由RDKit计算，不是溶解度、渗透性、稳定性或口服吸收的实验结果。"
"TFQ","4-(2,2,2-TRIFLUOROETHYL)-L-PHENYLALANINE","PHE","PHE","auto-structure-difference","天然母体完整保留；检测到新增2个C、3个F（C连接到C）","1","{""C"":2,""F"":3}","82.003","0","0","0","1.105","1","0","结构差异和分子描述符由RDKit计算，不是溶解度、渗透性、稳定性或口服吸收的实验结果。"
"TGH","6-{[(S)-carboxy(hydroxy)methyl]amino}-7-hydroxy-L-tryptophan","TRP","TRP","auto-structure-difference","天然母体完整保留；检测到新增2个C、1个N、4个O（O连接到C；N连接到C）","1","{""C"":2,""N"":1,""O"":4}","105.006","4","4","89.79","-1.479","3","0","结构差异和分子描述符由RDKit计算，不是溶解度、渗透性、稳定性或口服吸收的实验结果。"
"TH5","O-acetyl-L-threonine","THR","THR","auto-structure-difference","天然母体完整保留；检测到新增2个C、1个O（C连接到O）","1","{""C"":2,""O"":1}","42.011","-1","1","6.07","0.571","1","0","结构差异和分子描述符由RDKit计算，不是溶解度、渗透性、稳定性或口服吸收的实验结果。"
"TH6","4-HYDROXY-L-THREONINE","THR","THR","auto-structure-difference","天然母体完整保留；检测到新增1个O（O连接到C）","1","{""O"":1}","15.995","1","1","20.23","-1.028","1","0","结构差异和分子描述符由RDKit计算，不是溶解度、渗透性、稳定性或口服吸收的实验结果。"
"THC","N-METHYLCARBONYLTHREONINE","THR","THR","auto-structure-difference","天然母体完整保留；检测到新增2个C、1个O（C连接到N）","1","{""C"":2,""O"":1}","42.011","0","0","3.08","0.177","1","0","结构差异和分子描述符由RDKit计算，不是溶解度、渗透性、稳定性或口服吸收的实验结果。"
"THZ","1-[(4S)-4-amino-5-(1,3-benzothiazol-2-yl)-5-oxopentyl]guanidine","ARG","ARG","manual-review","完整天然母体不是衍生物的直接子结构，可能涉及原子替换、断键、成环或立体化学边界","","","115.996","-1","3","-9.08","4.228","1","2",""
"TIH","BETA(2-THIENYL)ALANINE","ALA","ALA","auto-structure-difference","天然母体完整保留；检测到新增4个C、1个S（C连接到C）","1","{""C"":4,""S"":1}","81.988","0","1","0","1.284","2","1","结构差异和分子描述符由RDKit计算，不是溶解度、渗透性、稳定性或口服吸收的实验结果。"
"TIS","O-(1,1-dihydroxyethyl)-L-serine","SER","SER","auto-structure-difference","天然母体完整保留；检测到新增2个C、2个O（C连接到O）","1","{""C"":2,""O"":2}","60.021","1","2","29.46","-0.317","2","0","结构差异和分子描述符由RDKit计算，不是溶解度、渗透性、稳定性或口服吸收的实验结果。"
"TLY","(2S)-2-azanyl-6-(ethanethioylamino)hexanoic acid","LYS","LYS","manual-review","完整天然母体不是衍生物的直接子结构，可能涉及原子替换、断键、成环或立体化学边界","","","56.98","0","1","-15.61","1.695","1","0",""
"TMD","(6,7-DIHYDRO)4-[(E)-BUTENYL]-4,N-DIMETHYL-THREONINE","THR","THR","auto-structure-difference","天然母体完整保留；检测到新增6个C（C连接到C；C连接到N）","1","{""C"":6}","84.094","0","0","-13.99","2.067","5","0","结构差异和分子描述符由RDKit计算，不是溶解度、渗透性、稳定性或口服吸收的实验结果。"
"TNB","S-(2,3,6-TRINITROPHENYL)CYSTEINE","CYS","CYS","auto-structure-difference","天然母体完整保留；检测到新增6个C、3个N、6个O（C连接到S）","1","{""C"":6,""N"":3,""O"":6}","210.987","-1","6","129.42","1.587","5","1","结构差异和分子描述符由RDKit计算，不是溶解度、渗透性、稳定性或口服吸收的实验结果。"
"TNQ","6-[(carboxymethyl)amino]-7-hydroxy-L-tryptophan","TRP","TRP","auto-structure-difference","天然母体完整保留；检测到新增2个C、1个N、3个O（O连接到C；N连接到C）","1","{""C"":2,""N"":1,""O"":3}","89.011","3","3","69.56","-0.798","3","0","结构差异和分子描述符由RDKit计算，不是溶解度、渗透性、稳定性或口服吸收的实验结果。"
"TOQ","6,7-dihydroxy-L-tryptophan","TRP","TRP","auto-structure-difference","天然母体完整保留；检测到新增2个O（O连接到C）","1","{""O"":2}","31.99","2","2","40.46","-0.589","0","0","结构差异和分子描述符由RDKit计算，不是溶解度、渗透性、稳定性或口服吸收的实验结果。"
"TOX","1-hydroperoxy-L-tryptophan","TRP","TRP","manual-review","完整天然母体不是衍生物的直接子结构，可能涉及原子替换、断键、成环或立体化学边界","","","31.99","0","2","18.6","-0.625","1","0",""
"TOZ","2-[2-(aminomethyl)-1,3-thiazol-4-yl]-1,3-oxazole-4-carboxylic acid","CYS;GLY;SER","CYS","manual-review","CCD列出多个天然母体，需要人工确定主要母体","","","104.001","-1","3","38.92","1.627","1","2",""
"TPJ","(5R)-5-tert-butyl-L-proline","PRO","PRO","auto-structure-difference","天然母体完整保留；检测到新增4个C（C连接到C）","1","{""C"":4}","56.063","0","0","0","1.415","0","0","结构差异和分子描述符由RDKit计算，不是溶解度、渗透性、稳定性或口服吸收的实验结果。"
"TPK","(1R)-1-[(2S)-pyrrolidin-2-yl]ethane-1,2-diol","PRO","PRO","manual-review","完整天然母体不是衍生物的直接子结构，可能涉及原子替换、断键、成环或立体化学边界","","","16.031","1","1","3.16","-0.731","1","0",""
"TPL","TRYPTOPHANOL","TRP","TRP","manual-review","完整天然母体不是衍生物的直接子结构，可能涉及原子替换、断键、成环或立体化学边界","","","-13.979","0","0","-17.07","-0.092","0","0",""
"TPO","PHOSPHOTHREONINE","THR","THR","auto-structure-difference","天然母体完整保留；检测到新增3个O、1个P（P连接到O）","1","{""O"":3,""P"":1}","79.966","1","1","46.53","0.117","2","0","结构差异和分子描述符由RDKit计算，不是溶解度、渗透性、稳定性或口服吸收的实验结果。"
"TPQ","5-(2-CARBOXY-2-AMINOETHYL)-2-HYDROXY-1,4-BENZOQUINONE","TYR","TYR","manual-review","完整天然母体不是衍生物的直接子结构，可能涉及原子替换、断键、成环或立体化学边界","","","29.974","0","2","34.14","-1.038","0","0",""
"TQI","N-{[4-CHLORO-3-(TRIFLUOROMETHYL)PHENYL]SULFONYL}-L-TRYPTOPHAN","TRP","TRP","auto-structure-difference","天然母体完整保留；检测到新增7个C、1个Cl、3个F、2个O、1个S（S连接到N）","1","{""C"":7,""Cl"":1,""F"":3,""O"":2,""S"":1}","241.942","0","1","20.15","2.692","3","1","结构差异和分子描述符由RDKit计算，不是溶解度、渗透性、稳定性或口服吸收的实验结果。"
"TQQ","(S)-2-AMINO-3-(6,7-DIHYDRO-6-IMINO-7-OXO-1H-INDOL-3-YL)PROPANOIC ACID","TRP","TRP","manual-review","完整天然母体不是衍生物的直接子结构，可能涉及原子替换、断键、成环或立体化学边界","","","28.99","1","2","40.92","-0.924","0","0",""
"TQZ","2-AMINO-3-PENTASULFANYLPROPAN-1-OL","CYS","CYS","auto-structure-difference","天然母体完整保留；检测到新增4个S（S连接到S）","1","{""S"":4}","127.888","0","4","0","2.593","4","0","结构差异和分子描述符由RDKit计算，不是溶解度、渗透性、稳定性或口服吸收的实验结果。"
"TRF","N1-FORMYL-TRYPTOPHAN","TRP","TRP","manual-review","完整天然母体不是衍生物的直接子结构，可能涉及原子替换、断键、成环或立体化学边界","","","27.995","-1","1","6.21","-0.488","1","0",""
"TRN","NZ2-TRYPTOPHAN","TRP","TRP","manual-review","完整天然母体不是衍生物的直接子结构，可能涉及原子替换、断键、成环或立体化学边界","","","0.995","0","1","12.89","-0.605","0","0",""
"TRO","2-HYDROXY-TRYPTOPHAN","TRP","TRP","auto-structure-difference","天然母体完整保留；检测到新增1个O（O连接到C）","1","{""O"":1}","15.995","1","1","20.23","-0.294","0","0","结构差异和分子描述符由RDKit计算，不是溶解度、渗透性、稳定性或口服吸收的实验结果。"
"TRQ","2-AMINO-3-(6,7-DIOXO-6,7-DIHYDRO-1H-INDOL-3-YL)-PROPIONIC ACID","TRP","TRP","manual-review","完整天然母体不是衍生物的直接子结构，可能涉及原子替换、断键、成环或立体化学边界","","","29.974","0","2","34.14","-1.375","0","0",""
"TRW","TRW3-(2-AMINO-3-HYDROXY-PROPYL)-6-(N'-CYCLOHEXYL-HYDRAZINO)OCTAHYDRO-INDOL-7-OL","TRP","TRP","manual-review","完整天然母体不是衍生物的直接子结构，可能涉及原子替换、断键、成环或立体化学边界","","","106.053","2","3","24.06","1.259","3","1",""
"TRX","6-HYDROXYTRYPTOPHAN","TRP","TRP","auto-structure-difference","天然母体完整保留；检测到新增1个O（O连接到C）","1","{""O"":1}","15.995","1","1","20.23","-0.294","0","0","结构差异和分子描述符由RDKit计算，不是溶解度、渗透性、稳定性或口服吸收的实验结果。"
"TRY","(2Z)-2-amino-3-(1H-indol-3-yl)prop-2-enoic acid","TRP","TRP","manual-review","完整天然母体不是衍生物的直接子结构，可能涉及原子替换、断键、成环或立体化学边界","","","-2.016","0","0","0","0.43","-1","0",""
"TS9","(2S,3S,4R)-2-amino-3,4-dihydroxy-3-methylpentanoic acid","ILE","ILE","auto-structure-difference","天然母体完整保留；检测到新增2个O（O连接到C）","1","{""O"":2}","31.99","2","2","40.46","-1.914","0","0","结构差异和分子描述符由RDKit计算，不是溶解度、渗透性、稳定性或口服吸收的实验结果。"
"TSQ","4-(trimethylsilyl)-L-phenylalanine","PHE","PHE","auto-structure-difference","天然母体完整保留；检测到新增3个C、1个Si（Si连接到C）","1","{""C"":3,""Si"":1}","72.04","0","0","0","0.545","1","0","结构差异和分子描述符由RDKit计算，不是溶解度、渗透性、稳定性或口服吸收的实验结果。"
"TSY","(2S)-2-amino-3-trisulfanylpropanoic acid","CYS","CYS","auto-structure-difference","天然母体完整保留；检测到新增2个S（S连接到S）","1","{""S"":2}","63.944","0","2","0","1.296","2","0","结构差异和分子描述符由RDKit计算，不是溶解度、渗透性、稳定性或口服吸收的实验结果。"
"TTQ","6-AMINO-7-HYDROXY-L-TRYPTOPHAN","TRP","TRP","auto-structure-difference","天然母体完整保留；检测到新增1个N、1个O（O连接到C；N连接到C）","1","{""N"":1,""O"":1}","31.006","2","2","46.25","-0.712","0","0","结构差异和分子描述符由RDKit计算，不是溶解度、渗透性、稳定性或口服吸收的实验结果。"
"TTS","3-((3E)-4-HYDROXY-3-{[2-(4-HYDROXYPHENYL)ETHYL]IMINO}-6-OXOCYCLOHEXA-1,4-DIEN-1-YL)ALANINE","TYR","TYR","manual-review","完整天然母体不是衍生物的直接子结构，可能涉及原子替换、断键、成环或立体化学边界","","","149.048","1","3","49.66","0.782","3","1",""
"TXY","3-[(5S)-4,5-dihydroxycyclohexa-1,3-dien-1-yl]-L-alanine","TYR","TYR","manual-review","完整天然母体不是衍生物的直接子结构，可能涉及原子替换、断键、成环或立体化学边界","","","18.011","1","1","20.23","-0.425","0","0",""
"TY1","O-tert-butyl-L-tyrosine","TYR","TYR","auto-structure-difference","天然母体完整保留；检测到新增4个C（C连接到O）","1","{""C"":4}","56.063","-1","0","-11","1.472","1","0","结构差异和分子描述符由RDKit计算，不是溶解度、渗透性、稳定性或口服吸收的实验结果。"
"TY2","3-AMINO-L-TYROSINE","TYR","TYR","auto-structure-difference","天然母体完整保留；检测到新增1个N（N连接到C）","1","{""N"":1}","15.011","1","1","26.02","-0.418","0","0","结构差异和分子描述符由RDKit计算，不是溶解度、渗透性、稳定性或口服吸收的实验结果。"
"TY5","O-benzyl-L-tyrosine","TYR","TYR","auto-structure-difference","天然母体完整保留；检测到新增7个C（C连接到O）","1","{""C"":7}","90.047","-1","0","-11","1.873","3","1","结构差异和分子描述符由RDKit计算，不是溶解度、渗透性、稳定性或口服吸收的实验结果。"
"TY8","2,4-bis(hydroperoxy)-5-hydroxy-L-phenylalanine","TYR","TYR","auto-structure-difference","天然母体完整保留；检测到新增4个O（O连接到C；O连接到O）","1","{""O"":4}","63.98","2","4","58.92","-0.296","2","0","结构差异和分子描述符由RDKit计算，不是溶解度、渗透性、稳定性或口服吸收的实验结果。"
"TY9","3,4-bis(hydroperoxy)-5-hydroxy-L-phenylalanine","TYR","TYR","auto-structure-difference","天然母体完整保留；检测到新增4个O（O连接到C；O连接到O）","1","{""O"":4}","63.98","2","4","58.92","-0.296","2","0","结构差异和分子描述符由RDKit计算，不是溶解度、渗透性、稳定性或口服吸收的实验结果。"
"TYB","TYROSINAL","TYR","TYR","manual-review","完整天然母体不是衍生物的直接子结构，可能涉及原子替换、断键、成环或立体化学边界","","","-15.995","-1","0","-20.23","0.114","0","0",""
"TYE","4-[(2S)-2-amino-3-hydroxypropyl]phenol","TYR","TYR","manual-review","完整天然母体不是衍生物的直接子结构，可能涉及原子替换、断键、成环或立体化学边界","","","-13.979","0","0","-17.07","-0.092","0","0",""
"TYI","3,5-DIIODOTYROSINE","TYR","TYR","auto-structure-difference","天然母体完整保留；检测到新增2个I（I连接到C）","1","{""I"":2}","251.793","0","0","0","1.209","0","0","结构差异和分子描述符由RDKit计算，不是溶解度、渗透性、稳定性或口服吸收的实验结果。"
"TYJ","2,5-dihydroxy-N-methyl-L-tyrosine","TYR","TYR","auto-structure-difference","天然母体完整保留；检测到新增1个C、2个O（C连接到N；O连接到C）","1","{""C"":1,""O"":2}","46.005","2","2","26.47","-0.328","1","0","结构差异和分子描述符由RDKit计算，不是溶解度、渗透性、稳定性或口服吸收的实验结果。"
"TYN","AMINOBENZOFURAZAN-O-TYROSINE","TYR","TYR","auto-structure-difference","天然母体完整保留；检测到新增6个C、3个N、1个O（C连接到O）","1","{""C"":6,""N"":3,""O"":1}","135.043","2","4","48.31","1.353","2","2","结构差异和分子描述符由RDKit计算，不是溶解度、渗透性、稳定性或口服吸收的实验结果。"
"TYO","(4Z,6E)-2-AMINO-7-HYDROPEROXY-4-[(E)-2-HYDROXYVINYL]HEPTA-4,6-DIENOIC ACID","TYR","TYR","manual-review","完整天然母体不是衍生物的直接子结构，可能涉及原子替换、断键、成环或立体化学边界","","","34.005","1","2","29.46","0.443","3","-1",""
"TYQ","3-AMINO-6-HYDROXY-TYROSINE","TYR","TYR","auto-structure-difference","天然母体完整保留；检测到新增1个N、1个O（N连接到C；O连接到C）","1","{""N"":1,""O"":1}","31.006","2","2","46.25","-0.712","0","0","结构差异和分子描述符由RDKit计算，不是溶解度、渗透性、稳定性或口服吸收的实验结果。"
"TYS","O-SULFO-L-TYROSINE","TYR","TYR","auto-structure-difference","天然母体完整保留；检测到新增3个O、1个S（S连接到O）","1","{""O"":3,""S"":1}","79.957","0","2","43.37","-0.524","2","0","结构差异和分子描述符由RDKit计算，不是溶解度、渗透性、稳定性或口服吸收的实验结果。"
"TYT","TYROSINE DERIVATIVE","TYR","TYR","manual-review","完整天然母体不是衍生物的直接子结构，可能涉及原子替换、断键、成环或立体化学边界","","","147.068","0","2","29.43","1.47","2","2",""
"TYY","3-(4-HYDROXY-3-IMINO-6-OXO-CYCLOHEXA-1,4-DIENYL)-ALANINE","TYR","TYR","manual-review","完整天然母体不是衍生物的直接子结构，可能涉及原子替换、断键、成环或立体化学边界","","","28.99","1","2","40.92","-0.587","0","0",""
"U2X","O-(cyclohexylmethyl)-L-tyrosine","TYR","TYR","auto-structure-difference","天然母体完整保留；检测到新增7个C（C连接到O）","1","{""C"":7}","96.094","-1","0","-11","2.254","3","1","结构差异和分子描述符由RDKit计算，不是溶解度、渗透性、稳定性或口服吸收的实验结果。"
"U3X","4-[(cyclohexylmethyl)amino]-L-phenylalanine","PHE","PHE","auto-structure-difference","天然母体完整保留；检测到新增7个C、1个N（N连接到C）","1","{""C"":7,""N"":1}","111.105","1","1","12.03","1.992","3","1","结构差异和分子描述符由RDKit计算，不是溶解度、渗透性、稳定性或口服吸收的实验结果。"
"UF0","O-[(R)-hydroxy{[(3R)-3-hydroxy-4-{[3-({2-[(hydroxyacetyl)amino]ethyl}amino)-3-oxopropyl]amino}-2,2-dimethyl-4-oxobutyl]oxy}phosphoryl]-L-serine","SER","SER","auto-structure-difference","天然母体完整保留；检测到新增13个C、3个N、8个O、1个P（P连接到O）","1","{""C"":13,""N"":3,""O"":8,""P"":1}","381.13","5","7","163.29","-1.741","14","0","结构差异和分子描述符由RDKit计算，不是溶解度、渗透性、稳定性或口服吸收的实验结果。"
"UGY","(2S)-amino(carbamoylamino)ethanoic acid","GLY","GLY","manual-review","母体在衍生物中存在多个不一致映射，需要人工确认修饰位置","2","{""C"":1,""N"":2,""O"":1}","58.017","2","1","55.12","-1.006","1","0","结构差异和分子描述符由RDKit计算，不是溶解度、渗透性、稳定性或口服吸收的实验结果。"
"UJR","(2~{R})-2-azanyl-3-(5-iodanylpyrimidin-2-yl)sulfanyl-propanal","CYS","CYS","manual-review","完整天然母体不是衍生物的直接子结构，可能涉及原子替换、断键、成环或立体化学边界","","","187.924","-2","2","5.55","1.371","2","1",""
"UM1","(2R)-2-[[(2R)-2-(2-aminoethanoylamino)propanoyl]amino]propanoic acid","ALA","ALA","auto-structure-difference","天然母体完整保留；检测到新增5个C、2个N、2个O（C连接到N）","1","{""C"":5,""N"":2,""O"":2}","128.059","2","2","58.2","-1.379","4","0","结构差异和分子描述符由RDKit计算，不是溶解度、渗透性、稳定性或口服吸收的实验结果。"
"UM2","(2S)-2-amino-N-butyl-propanamide","ALA","ALA","manual-review","完整天然母体不是衍生物的直接子结构，可能涉及原子替换、断键、成环或立体化学边界","","","55.079","0","0","-8.2","0.832","3","0",""
"UMA","URIDINE-5'-DIPHOSPHATE-N-ACETYLMURAMOYL-L-ALANINE","ALA","ALA","auto-structure-difference","天然母体完整保留；检测到新增20个C、3个N、18个O、2个P（C连接到N）","1","{""C"":20,""N"":3,""O"":18,""P"":2}","661.092","8","15","297.94","-4.066","14","3","结构差异和分子描述符由RDKit计算，不是溶解度、渗透性、稳定性或口服吸收的实验结果。"
"UOX","3-(oxido-lambda~4~-selanyl)-L-alanine","SEC","SEC","manual-review","完整天然母体不是衍生物的直接子结构，可能涉及原子替换、断键、成环或立体化学边界","","","14.988","0","1","17.07","0.149","1","0",""
"UX8","(2~{S},3~{R})-2-azanyl-3-(1~{H}-indol-3-yl)-3-oxidanyl-propanoic acid","TRP","TRP","auto-structure-difference","天然母体完整保留；检测到新增1个O（O连接到C）","1","{""O"":1}","15.995","1","1","20.23","-0.509","0","0","结构差异和分子描述符由RDKit计算，不是溶解度、渗透性、稳定性或口服吸收的实验结果。"
"UXQ","(2S)-2-azanyl-3-[4-[(2-chloranylethanoylamino)methyl]phenyl]propanoic acid","PHE","PHE","auto-structure-difference","天然母体完整保留；检测到新增3个C、1个Cl、1个N、1个O（C连接到C）","1","{""C"":3,""Cl"":1,""N"":1,""O"":1}","104.998","1","1","29.1","-0.145","3","0","结构差异和分子描述符由RDKit计算，不是溶解度、渗透性、稳定性或口服吸收的实验结果。"
"V1C","(2S)-2-azanyl-3-[4-[1-(2-methylpropyl)pyrazol-4-yl]phenyl]propanoic acid","PHE","PHE","auto-structure-difference","天然母体完整保留；检测到新增7个C、2个N（C连接到C）","1","{""C"":7,""N"":2}","122.084","0","1","17.82","1.519","3","1","结构差异和分子描述符由RDKit计算，不是溶解度、渗透性、稳定性或口服吸收的实验结果。"
"V3C","Trans-4-athyl-L-proline","PRO","PRO","auto-structure-difference","天然母体完整保留；检测到新增2个C（C连接到C）","1","{""C"":2}","28.031","0","0","0","0.636","1","0","结构差异和分子描述符由RDKit计算，不是溶解度、渗透性、稳定性或口服吸收的实验结果。"
"V3E","(2~{S})-2-azanyl-3-(2-hydroxyphenyl)propanoic acid","PHE","PHE","auto-structure-difference","天然母体完整保留；检测到新增1个C、1个O（C连接到O；O连接到C）","1","{""C"":1,""O"":1}","30.011","0","2","9.23","-0.206","0","0","结构差异和分子描述符由RDKit计算，不是溶解度、渗透性、稳定性或口服吸收的实验结果。"
"V44","S-[2,2-bis(1-methyl-1H-imidazol-2-yl)ethyl]-L-cysteine","CYS","CYS","auto-structure-difference","天然母体完整保留；检测到新增10个C、4个N（C连接到S）","1","{""C"":10,""N"":4}","188.106","-1","2","35.64","1.102","5","2","结构差异和分子描述符由RDKit计算，不是溶解度、渗透性、稳定性或口服吸收的实验结果。"
"V5N","(2S,3S)-2-azanyl-3-(1H-imidazol-5-yl)-3-oxidanyl-propanoic acid","HIS","HIS","manual-review","完整天然母体不是衍生物的直接子结构，可能涉及原子替换、断键、成环或立体化学边界","","","14.988","1","2","18.98","0.072","0","0",""
"V61","2,3,5,6-tetrafluoro-4-iodo-L-phenylalanine","PHE","PHE","auto-structure-difference","天然母体完整保留；检测到新增4个F、1个I（F连接到C；I连接到C）","1","{""F"":4,""I"":1}","197.859","0","0","0","1.161","0","0","结构差异和分子描述符由RDKit计算，不是溶解度、渗透性、稳定性或口服吸收的实验结果。"
"V6W","NE-Acetyl-L-tryptophan","TRP","TRP","manual-review","完整天然母体不是衍生物的直接子结构，可能涉及原子替换、断键、成环或立体化学边界","","","58.005","0","1","26.44","-0.442","2","0",""
"VAD","DEAMINOHYDROXYVALINE","VAL","VAL","manual-review","完整天然母体不是衍生物的直接子结构，可能涉及原子替换、断键、成环或立体化学边界","","","0.984","0","0","-5.79","0.034","0","0",""
"VAH","(3R)-3-hydroxy-L-norvaline","VAL","VAL","manual-review","完整天然母体不是衍生物的直接子结构，可能涉及原子替换、断键、成环或立体化学边界","","","15.995","1","1","20.23","-0.885","1","0",""
"VB1","N^6^-[(1R)-2-{[(1S)-1-carboxypropyl]amino}-2-oxo-1-(sulfanylmethyl)ethyl]-6-oxo-L-lysine","LYS","LYS","manual-review","完整天然母体不是衍生物的直接子结构，可能涉及原子替换、断键、成环或立体化学边界","","","202.018","3","4","67.86","0.152","6","0",""
"VH0","(2S,4S)-4-[4-(aminomethyl)-1,2,3-triazol-1-yl]pyrrolidine-2-carboxylic acid","PRO","PRO","auto-structure-difference","天然母体完整保留；检测到新增3个C、4个N（N连接到C）","1","{""C"":3,""N"":4}","96.044","1","3","56.73","-1.099","2","1","结构差异和分子描述符由RDKit计算，不是溶解度、渗透性、稳定性或口服吸收的实验结果。"
"VHF","(2~{S})-2-azanyl-5-oxidanylidene-5-phosphonooxy-pentanoic acid","GLU","GLU","auto-structure-difference","天然母体完整保留；检测到新增3个O、1个P（P连接到O）","1","{""O"":3,""P"":1}","79.966","1","2","46.53","-0.449","1","0","结构差异和分子描述符由RDKit计算，不是溶解度、渗透性、稳定性或口服吸收的实验结果。"
"VI3","(2~{R})-2-azanyl-3-[bis(oxidanylidene)-$l^{5}-sulfanyl]propanoic acid","CYS","CYS","auto-structure-difference","天然母体完整保留；检测到新增2个O（O连接到S）","1","{""O"":2}","30.983","-1","2","34.14","-0.62","1","0","结构差异和分子描述符由RDKit计算，不是溶解度、渗透性、稳定性或口服吸收的实验结果。"
"VPV","(2E,4R)-2-{[(5S)-5-amino-5-carboxypentyl]imino}-4-hydroxyheptanedioic acid","LYS","LYS","manual-review","完整天然母体不是衍生物的直接子结构，可能涉及原子替换、断键、成环或立体化学边界","","","171.03","2","4","79.55","0.899","7","0",""
"VR0","N~5~-[N-(methylcarbamoyl)carbamimidoyl]-L-ornithine","ARG","ARG","manual-review","完整天然母体不是衍生物的直接子结构，可能涉及原子替换、断键、成环或立体化学边界","","","56.014","1","2","13.37","1.79","0","0",""
"VVK","N-(2-methoxyphenyl)-2-methyl-L-alanine","ALA","ALA","auto-structure-difference","天然母体完整保留；检测到新增8个C、1个O（C连接到C；C连接到N）","2","{""C"":8,""O"":1}","120.058","0","1","-4.76","2.552","3","1","结构差异和分子描述符由RDKit计算，不是溶解度、渗透性、稳定性或口服吸收的实验结果。"
"WCR","[(2R,4Z)-2-(aminomethyl)-2-hydroxy-4-(4-hydroxybenzylidene)-5-oxoimidazolidin-1-yl]acetic acid","GLY;TYR","GLY","manual-review","CCD列出多个天然母体，需要人工确定主要母体","","","218.069","3","4","72.8","-0.175","3","2",""
"WFP","3,5-difluoro-L-phenylalanine","PHE","PHE","auto-structure-difference","天然母体完整保留；检测到新增2个F（F连接到C）","1","{""F"":2}","35.981","0","0","0","0.278","0","0","结构差异和分子描述符由RDKit计算，不是溶解度、渗透性、稳定性或口服吸收的实验结果。"
"WLU","(4R)-5-hydroxy-N-methyl-L-leucine","LEU","LEU","auto-structure-difference","天然母体完整保留；检测到新增1个C、1个O（C连接到N；O连接到C）","1","{""C"":1,""O"":1}","30.011","1","1","6.24","-0.767","2","0","结构差异和分子描述符由RDKit计算，不是溶解度、渗透性、稳定性或口服吸收的实验结果。"
"WPA","(betaR)-beta-methoxy-L-phenylalanine","PHE","PHE","auto-structure-difference","天然母体完整保留；检测到新增1个C、1个O（O连接到C）","1","{""C"":1,""O"":1}","30.011","0","1","9.23","0.145","1","0","结构差异和分子描述符由RDKit计算，不是溶解度、渗透性、稳定性或口服吸收的实验结果。"
"WRP","(betaR)-beta-hydroxy-1-[(3R)-3-hydroxy-2-methylbutan-2-yl]-L-tryptophan","TRP","TRP","manual-review","完整天然母体不是衍生物的直接子结构，可能涉及原子替换、断键、成环或立体化学边界","","","102.068","1","2","29.6","0.08","2","0",""
"WVL","(2S,3R)-2-amino-3,5-dimethylhex-4-enoic acid","VAL","VAL","auto-structure-difference","天然母体完整保留；检测到新增3个C（C连接到C）","1","{""C"":3}","40.031","0","0","0","0.946","1","0","结构差异和分子描述符由RDKit计算，不是溶解度、渗透性、稳定性或口服吸收的实验结果。"
"WWB","5-(3-methylbut-2-en-1-yl)-L-tryptophan","TRP","TRP","auto-structure-difference","天然母体完整保留；检测到新增5个C（C连接到C）","1","{""C"":5}","68.063","0","0","0","1.509","2","0","结构差异和分子描述符由RDKit计算，不是溶解度、渗透性、稳定性或口服吸收的实验结果。"
"WYK","(2S,4S)-4-hydroxy-L-arginine","ARG","ARG","manual-review","完整天然母体不是衍生物的直接子结构，可能涉及原子替换、断键、成环或立体化学边界","","","14.988","1","2","18.49","0.79","0","0",""
"X2W","N-ACETYL-L-GLUTAMYL 5-PHOSPHATE","GLU","GLU","auto-structure-difference","天然母体完整保留；检测到新增2个C、4个O、1个P（C连接到N；P连接到O）","1","{""C"":2,""O"":4,""P"":1}","121.977","1","2","49.61","-0.271","2","0","结构差异和分子描述符由RDKit计算，不是溶解度、渗透性、稳定性或口服吸收的实验结果。"
"X5U","(S)-alpha-methyl-4-Iodophenylalanine","PHE","PHE","auto-structure-difference","天然母体完整保留；检测到新增1个C、1个I（C连接到C；I连接到C）","1","{""C"":1,""I"":1}","139.912","0","0","0","0.995","0","0","结构差异和分子描述符由RDKit计算，不是溶解度、渗透性、稳定性或口服吸收的实验结果。"
"X60","2-ethyl-L-norvaline","VAL","VAL","manual-review","完整天然母体不是衍生物的直接子结构，可能涉及原子替换、断键、成环或立体化学边界","","","28.031","0","0","0","0.924","2","0",""
"X9Q","{(2S)-2-[(1S)-1-AMINOETHYL]-4-BENZYL-5-OXO-2,5-DIHYDRO-1H-IMIDAZOL-1-YL}ACETIC ACID","ALA;GLY;PHE","ALA","manual-review","CCD列出多个天然母体，需要人工确定主要母体","","","186.079","0","2","32.67","0.852","4","2",""
"XA6","(2S)-3-(4-aminocarbonylphenyl)-2-azanyl-propanoic acid","PHE","PHE","auto-structure-difference","天然母体完整保留；检测到新增1个C、1个N、1个O（C连接到C）","1","{""C"":1,""N"":1,""O"":1}","43.006","1","1","43.09","-0.901","1","0","结构差异和分子描述符由RDKit计算，不是溶解度、渗透性、稳定性或口服吸收的实验结果。"
"XCN","S-cyano-L-cysteine","CYS","CYS","auto-structure-difference","天然母体完整保留；检测到新增1个C、1个N（C连接到S）","1","{""C"":1,""N"":1}","24.995","-1","1","23.79","0.284","1","0","结构差异和分子描述符由RDKit计算，不是溶解度、渗透性、稳定性或口服吸收的实验结果。"
"XOK","(2~{S})-2-azanyl-6-[[(6~{S})-6-sulfanyloctanoyl]amino]hexanoic acid","LYS","LYS","manual-review","完整天然母体不是衍生物的直接子结构，可能涉及原子替换、断键、成环或立体化学边界","","","157.069","1","2","1.46","3.143","7","0",""
"XPL","N~6~-[(3R,5R)-5-amino-3-methyl-D-prolyl]-L-lysine","PYL","PYL","manual-review","完整天然母体不是衍生物的直接子结构，可能涉及原子替换、断键、成环或立体化学边界","","","17.027","2","1","25.69","-1.196","0","0",""
"XPR","(2S,3aS,6R,7aS)-6-(sulfooxy)octahydro-1H-indole-2-carboxylic acid","PRO","PRO","auto-structure-difference","天然母体完整保留；检测到新增4个C、4个O、1个S（C连接到C）","1","{""C"":4,""O"":4,""S"":1}","149.999","1","3","63.6","-0.033","2","1","结构差异和分子描述符由RDKit计算，不是溶解度、渗透性、稳定性或口服吸收的实验结果。"
"XRE","5-hydroxyproline","PRO","PRO","auto-structure-difference","天然母体完整保留；检测到新增1个O（O连接到C）","1","{""O"":1}","15.995","1","1","20.23","-0.682","0","0","结构差异和分子描述符由RDKit计算，不是溶解度、渗透性、稳定性或口服吸收的实验结果。"
"XRW","N~6~-[(2S)-2-hydroxypropanoyl]-L-lysine","LYS","LYS","manual-review","完整天然母体不是衍生物的直接子结构，可能涉及原子替换、断键、成环或立体化学边界","","","71.014","1","2","21.69","0.255","2","0",""
"XSN","L-alpha-asparagine","ASN","ASN","manual-review","完整天然母体不是衍生物的直接子结构，可能涉及原子替换、断键、成环或立体化学边界","","","0","0","0","0","0","0","0",""
"XW1","(2S)-2-amino-7-ethoxy-7-oxoheptanoic acid","ALA","ALA","auto-structure-difference","天然母体完整保留；检测到新增6个C、2个O（C连接到C）","1","{""C"":6,""O"":2}","114.068","0","2","26.3","1.104","6","0","结构差异和分子描述符由RDKit计算，不是溶解度、渗透性、稳定性或口服吸收的实验结果。"
"XX1","N~6~-7H-PURIN-6-YL-L-LYSINE","LYS","LYS","manual-review","完整天然母体不是衍生物的直接子结构，可能涉及原子替换、断键、成环或立体化学边界","","","117.021","1","4","38.85","1.536","2","2",""
"XXY","2-[(1R,2R)-1-amino-2-hydroxypropyl]-1-(carboxymethyl)-4-(1H-imidazol-5-ylmethyl)-1H-imidazol-5-olate","GLY;HIS;THR","GLY","manual-review","CCD列出多个天然母体，需要人工确定主要母体","","","219.089","2","4","89.79","-0.294","5","2",""
"XYC","(2~{S})-2-azanyl-3-cyclopentyl-propanoic acid","ALA","ALA","auto-structure-difference","天然母体完整保留；检测到新增5个C（C连接到C）","1","{""C"":5}","68.063","0","0","0","1.56","2","1","结构差异和分子描述符由RDKit计算，不是溶解度、渗透性、稳定性或口服吸收的实验结果。"
"XYG","[(4Z)-2-[(1Z)-ETHANIMIDOYL]-4-(4-HYDROXYBENZYLIDENE)-5-OXO-4,5-DIHYDRO-1H-IMIDAZOL-1-YL]ACETIC ACID","ASP;GLY;TYR","ASP","manual-review","CCD列出多个天然母体，需要人工确定主要母体","","","154.053","0","2","13.43","2.225","1","2",""
"Y1V","(4R)-5-amino-L-leucine","LEU","LEU","auto-structure-difference","天然母体完整保留；检测到新增1个N（N连接到C）","1","{""N"":1}","15.011","1","1","26.02","-1.061","1","0","结构差异和分子描述符由RDKit计算，不是溶解度、渗透性、稳定性或口服吸收的实验结果。"
"Y57","N~6~-(2-phenylethyl)-N~6~-propan-2-yl-L-lysine","LYS","LYS","manual-review","完整天然母体不是衍生物的直接子结构，可能涉及原子替换、断键、成环或立体化学边界","","","145.102","-1","1","-24.4","3.711","5","1",""
"YC3","3-[2-(sulfanylmethyl)phenyl]-L-phenylalanine","PHE","PHE","auto-structure-difference","天然母体完整保留；检测到新增7个C、1个S（C连接到C）","1","{""C"":7,""S"":1}","122.019","1","1","0","2.097","2","1","结构差异和分子描述符由RDKit计算，不是溶解度、渗透性、稳定性或口服吸收的实验结果。"
"YCM","S-(2-AMINO-2-OXOETHYL)-L-CYSTEINE","CYS","CYS","auto-structure-difference","天然母体完整保留；检测到新增2个C、1个N、1个O（C连接到S）","1","{""C"":2,""N"":1,""O"":1}","57.021","0","1","43.09","-0.711","3","0","结构差异和分子描述符由RDKit计算，不是溶解度、渗透性、稳定性或口服吸收的实验结果。"
"YFQ","beta-N-methylamino-L-alanine","ALA","ALA","auto-structure-difference","天然母体完整保留；检测到新增1个C、1个N（N连接到C）","1","{""C"":1,""N"":1}","29.027","1","1","12.03","-0.8","2","0","结构差异和分子描述符由RDKit计算，不是溶解度、渗透性、稳定性或口服吸收的实验结果。"
"YHA","Homocitrulline","LYS","LYS","manual-review","完整天然母体不是衍生物的直接子结构，可能涉及原子替换、断键、成环或立体化学边界","","","41.999","1","1","27.48","0.426","1","0",""
"YNM","N-METHYL-L-TYROSINE","TYR","TYR","auto-structure-difference","天然母体完整保留；检测到新增1个C（C连接到N）","1","{""C"":1}","14.016","0","0","-13.99","0.261","1","0","结构差异和分子描述符由RDKit计算，不是溶解度、渗透性、稳定性或口服吸收的实验结果。"
"YOF","3-FLUOROTYROSINE","TYR","TYR","auto-structure-difference","天然母体完整保留；检测到新增1个F（F连接到C）","1","{""F"":1}","17.991","0","0","0","0.139","0","0","结构差异和分子描述符由RDKit计算，不是溶解度、渗透性、稳定性或口服吸收的实验结果。"
"YPR","(4R)-4-[(7-methoxy-2-phenylquinolin-4-yl)oxy]-L-proline","PRO","PRO","auto-structure-difference","天然母体完整保留；检测到新增16个C、1个N、2个O（O连接到C）","1","{""C"":16,""N"":1,""O"":2}","249.079","0","3","31.35","3.281","4","3","结构差异和分子描述符由RDKit计算，不是溶解度、渗透性、稳定性或口服吸收的实验结果。"
"YPZ","3-[(3Z)-4-hydroxy-6-oxo-3-(2-phenylhydrazinylidene)cyclohexa-1,4-dien-1-yl]-L-alanine","TYR","TYR","manual-review","完整天然母体不是衍生物的直接子结构，可能涉及原子替换、断键、成环或立体化学边界","","","120.032","1","3","41.46","0.861","2","1",""
"YRV","S-[(3-methylphenyl)methyl]-L-cysteine","CYS","CYS","auto-structure-difference","天然母体完整保留；检测到新增8个C（C连接到S）","1","{""C"":8}","104.063","-1","0","0","2.312","3","1","结构差异和分子描述符由RDKit计算，不是溶解度、渗透性、稳定性或口服吸收的实验结果。"
"YTH","O-phosphono-L-allothreonine","THR","THR","auto-structure-difference","天然母体完整保留；检测到新增3个O、1个P（P连接到O）","1","{""O"":3,""P"":1}","79.966","1","1","46.53","0.117","2","0","结构差异和分子描述符由RDKit计算，不是溶解度、渗透性、稳定性或口服吸收的实验结果。"
"YTL","(2~{S})-2-(2-azanylethanoyloxy)-3-(4-hydroxyphenyl)propanoic acid","TYR","TYR","manual-review","完整天然母体不是衍生物的直接子结构，可能涉及原子替换、断键、成环或立体化学边界","","","58.005","0","2","26.3","-0.457","2","0",""
"Z01","3-[(2,2-dimethylpropanoyl)amino]-L-alanine","ALA","ALA","auto-structure-difference","天然母体完整保留；检测到新增5个C、1个N、1个O（N连接到C）","1","{""C"":5,""N"":1,""O"":1}","99.068","1","1","29.1","0.142","2","0","结构差异和分子描述符由RDKit计算，不是溶解度、渗透性、稳定性或口服吸收的实验结果。"
"Z3E","O-benzyl-L-threonine","THR","THR","auto-structure-difference","天然母体完整保留；检测到新增7个C（C连接到O）","1","{""C"":7}","90.047","-1","0","-11","2.224","3","1","结构差异和分子描述符由RDKit计算，不是溶解度、渗透性、稳定性或口服吸收的实验结果。"
"Z70","(2S)-2-amino-4-(2-amino-1H-imidazol-5-yl)butanoic acid","HIS","HIS","manual-review","完整天然母体不是衍生物的直接子结构，可能涉及原子替换、断键、成环或立体化学边界","","","28.019","1","2","24.77","0.553","1","0",""
"ZAI","(2~{S})-2-azanyl-6-[[(~{R})-[2-methyl-3-oxidanyl-5-(phosphonooxymethyl)pyridin-4-yl]-[[(2~{S})-1-oxidanyl-1-oxidanylidene-3-sulfanyl-propan-2-yl]amino]methyl]amino]hexanoic acid","LYS","LYS","manual-review","完整天然母体不是衍生物的直接子结构，可能涉及原子替换、断键、成环或立体化学边界","","","349.026","6","8","133.6","1.037","10","1",""
"ZBZ","S-(phenylcarbonyl)-L-cysteine","CYS","CYS","auto-structure-difference","天然母体完整保留；检测到新增7个C、1个O（C连接到S）","1","{""C"":7,""O"":1}","104.026","-1","1","17.07","1.644","2","1","结构差异和分子描述符由RDKit计算，不是溶解度、渗透性、稳定性或口服吸收的实验结果。"
"ZCL","3,4-dichloro-L-phenylalanine","PHE","PHE","auto-structure-difference","天然母体完整保留；检测到新增2个Cl（Cl连接到C）","1","{""Cl"":2}","67.922","0","0","0","1.307","0","0","结构差异和分子描述符由RDKit计算，不是溶解度、渗透性、稳定性或口服吸收的实验结果。"
"ZDJ","3-methyl-L-tyrosine","TYR","TYR","auto-structure-difference","天然母体完整保留；检测到新增1个C（C连接到C）","1","{""C"":1}","14.016","0","0","0","0.308","0","0","结构差异和分子描述符由RDKit计算，不是溶解度、渗透性、稳定性或口服吸收的实验结果。"
"ZI0","N-MALONYL-PROLINE","PRO","PRO","auto-structure-difference","天然母体完整保留；检测到新增3个C、3个O（C连接到N）","1","{""C"":3,""O"":3}","86","0","1","45.58","-0.286","2","0","结构差异和分子描述符由RDKit计算，不是溶解度、渗透性、稳定性或口服吸收的实验结果。"
"ZIQ","alpha-methyl-L-tryptophan","TRP","TRP","auto-structure-difference","天然母体完整保留；检测到新增1个C（C连接到C）","1","{""C"":1}","14.016","0","0","0","0.39","0","0","结构差异和分子描述符由RDKit计算，不是溶解度、渗透性、稳定性或口服吸收的实验结果。"
"ZJU","N-SUCCINYL-ASPARTIC ACID","ASP","ASP","auto-structure-difference","天然母体完整保留；检测到新增4个C、3个O（C连接到N）","1","{""C"":4,""O"":3}","100.016","1","1","40.38","0.022","4","0","结构差异和分子描述符由RDKit计算，不是溶解度、渗透性、稳定性或口服吸收的实验结果。"
"ZKO","N-SUCCINYL-GLUTAMINE","GLN","GLN","auto-structure-difference","天然母体完整保留；检测到新增4个C、3个O（C连接到N）","1","{""C"":4,""O"":3}","100.016","1","1","40.38","0.022","4","0","结构差异和分子描述符由RDKit计算，不是溶解度、渗透性、稳定性或口服吸收的实验结果。"
"ZLF","S-(1-FLUORO-3,5-DIMETHYLBENZENE)-CYSTEINE","CYS","CYS","auto-structure-difference","天然母体完整保留；检测到新增8个C、1个F（C连接到S）","1","{""C"":8,""F"":1}","122.053","-1","0","0","2.451","3","1","结构差异和分子描述符由RDKit计算，不是溶解度、渗透性、稳定性或口服吸收的实验结果。"
"ZQN","N-(TERT-BUTYLOXYCARBONYL)-VALINE","VAL","VAL","auto-structure-difference","天然母体完整保留；检测到新增5个C、2个O（C连接到N）","1","{""C"":5,""O"":2}","100.052","0","1","12.31","1.566","1","0","结构差异和分子描述符由RDKit计算，不是溶解度、渗透性、稳定性或口服吸收的实验结果。"
"ZRF","2-[(4E)-2-[(1S)-1-aminoethyl]-4-(hydroxymethylidene)-5-oxo-4,5-dihydro-1H-imidazol-1-yl]acetic acid","ALA;GLY;SER","ALA","manual-review","CCD列出多个天然母体，需要人工确定主要母体","","","124.027","1","3","52.9","-0.36","2","1",""
"ZSX","(2R)-amino(4-methoxyphenyl)acetic acid","GLY","GLY","auto-structure-difference","天然母体完整保留；检测到新增7个C、1个O（C连接到C）","1","{""C"":7,""O"":1}","106.042","0","1","9.23","1.75","2","1","结构差异和分子描述符由RDKit计算，不是溶解度、渗透性、稳定性或口服吸收的实验结果。"
"ZT6","(betaR)-3-chloro-beta-{[tri(propan-2-yl)silyl]oxy}-L-tyrosine","TYR","TYR","auto-structure-difference","天然母体完整保留；检测到新增9个C、1个Cl、1个O、1个Si（O连接到C；Cl连接到C）","1","{""C"":9,""Cl"":1,""O"":1,""Si"":1}","206.089","0","1","9.23","4.344","5","0","结构差异和分子描述符由RDKit计算，不是溶解度、渗透性、稳定性或口服吸收的实验结果。"
"ZTK","(2S)-2-amino-3-cyanopropanoic acid","ALA","ALA","auto-structure-difference","天然母体完整保留；检测到新增1个C、1个N（C连接到C）","1","{""C"":1,""N"":1}","24.995","0","1","23.79","-0.106","1","0","结构差异和分子描述符由RDKit计算，不是溶解度、渗透性、稳定性或口服吸收的实验结果。"
"ZU0","O-tert-butyl-L-threonine","THR","THR","auto-structure-difference","天然母体完整保留；检测到新增4个C（C连接到O）","1","{""C"":4}","56.063","-1","0","-11","1.823","1","0","结构差异和分子描述符由RDKit计算，不是溶解度、渗透性、稳定性或口服吸收的实验结果。"
"ZV4","(2S)-2-azanyl-3-(4-phosphonophenyl)propanoic acid","PHE","PHE","auto-structure-difference","天然母体完整保留；检测到新增3个O、1个P（P连接到C）","1","{""O"":3,""P"":1}","79.966","2","1","57.53","-1.197","1","0","结构差异和分子描述符由RDKit计算，不是溶解度、渗透性、稳定性或口服吸收的实验结果。"
"ZYJ","(4R)-4-({[(1E)-(3,4-dimethoxyphenyl)methylidene]amino}oxy)-L-proline","PRO","PRO","auto-structure-difference","天然母体完整保留；检测到新增9个C、1个N、3个O（O连接到C）","1","{""C"":9,""N"":1,""O"":3}","179.058","0","4","40.05","1.046","5","1","结构差异和分子描述符由RDKit计算，不是溶解度、渗透性、稳定性或口服吸收的实验结果。"
"ZYK","(4R)-4-({[(3,4-dimethoxyphenyl)carbonyl]amino}oxy)-L-proline","PRO","PRO","auto-structure-difference","天然母体完整保留；检测到新增9个C、1个N、4个O（O连接到C）","1","{""C"":9,""N"":1,""O"":4}","195.053","1","4","56.79","0.357","5","1","结构差异和分子描述符由RDKit计算，不是溶解度、渗透性、稳定性或口服吸收的实验结果。"
"ZZD","S-TRITYL-L-CYSTEINE","CYS","CYS","auto-structure-difference","天然母体完整保留；检测到新增19个C（C连接到S）","1","{""C"":19}","242.11","-1","0","0","4.795","5","3","结构差异和分子描述符由RDKit计算，不是溶解度、渗透性、稳定性或口服吸收的实验结果。"
"ZZJ","N^2^-methyl-L-alaninamide","ALA","ALA","manual-review","完整天然母体不是衍生物的直接子结构，可能涉及原子替换、断键、成环或立体化学边界","","","13.032","0","0","-8.2","-0.339","1","0",""
"3WX","2-methyl-L-proline","PRO","PRO","auto-structure-difference","天然母体完整保留；检测到新增1个C（C连接到C）","1","{""C"":1}","14.016","0","0","0","0.39","0","0","结构差异和分子描述符由RDKit计算，不是溶解度、渗透性、稳定性或口服吸收的实验结果。"
"5JP","N-methyl-L-serine","SER","SER","auto-structure-difference","天然母体完整保留；检测到新增1个C（C连接到N）","1","{""C"":1}","14.016","0","0","-13.99","0.261","1","0","结构差异和分子描述符由RDKit计算，不是溶解度、渗透性、稳定性或口服吸收的实验结果。"
"A1CHA","3-(aminomethyl)-L-phenylalanine","PHE","PHE","auto-structure-difference","天然母体完整保留；检测到新增1个C、1个N（C连接到C）","1","{""C"":1,""N"":1}","29.027","1","1","26.02","-0.541","1","0","结构差异和分子描述符由RDKit计算，不是溶解度、渗透性、稳定性或口服吸收的实验结果。"
"PSA","3-HYDROXY-4-AMINO-5-PHENYLPENTANOIC ACID","PHE","PHE","manual-review","完整天然母体不是衍生物的直接子结构，可能涉及原子替换、断键、成环或立体化学边界","","","44.026","1","1","20.23","-0.249","2","0",""
"V7T","(2R)-6-azanyl-2-carbamimidamido-hexanoic acid","LYS","LYS","manual-review","完整天然母体不是衍生物的直接子结构，可能涉及原子替换、断键、成环或立体化学边界","","","41.015","2","1","34.26","0.241","1","0",""
"A1APM","alpha-methyl-L-phenylalanine","PHE","PHE","auto-structure-difference","天然母体完整保留；检测到新增1个C（C连接到C）","1","{""C"":1}","14.016","0","0","0","0.39","0","0","结构差异和分子描述符由RDKit计算，不是溶解度、渗透性、稳定性或口服吸收的实验结果。"
"0UO","4-methoxy-L-tryptophan","TRP","TRP","auto-structure-difference","天然母体完整保留；检测到新增1个C、1个O（O连接到C）","1","{""C"":1,""O"":1}","30.011","0","1","9.23","0.009","1","0","结构差异和分子描述符由RDKit计算，不是溶解度、渗透性、稳定性或口服吸收的实验结果。"
"A1A2Y","5-methoxy-L-tryptophan","TRP","TRP","auto-structure-difference","天然母体完整保留；检测到新增1个C、1个O（O连接到C）","1","{""C"":1,""O"":1}","30.011","0","1","9.23","0.009","1","0","结构差异和分子描述符由RDKit计算，不是溶解度、渗透性、稳定性或口服吸收的实验结果。"
"45F","(4S)-4-(prop-2-yn-1-yloxy)-L-proline","PRO","PRO","auto-structure-difference","天然母体完整保留；检测到新增3个C、1个O（O连接到C）","1","{""C"":3,""O"":1}","54.011","0","1","9.23","-0.372","2","0","结构差异和分子描述符由RDKit计算，不是溶解度、渗透性、稳定性或口服吸收的实验结果。"
"A1CZ7","N,O-dimethyl-L-serine","SER","SER","auto-structure-difference","天然母体完整保留；检测到新增2个C（C连接到N；C连接到O）","1","{""C"":2}","28.031","-1","0","-24.99","0.915","2","0","结构差异和分子描述符由RDKit计算，不是溶解度、渗透性、稳定性或口服吸收的实验结果。"
"A1J0G","dimethyl-glutamic acid","GLU","GLU","auto-structure-difference","天然母体完整保留；检测到新增2个C（C连接到C）","1","{""C"":2}","28.031","0","0","0","0.636","0","0","结构差异和分子描述符由RDKit计算，不是溶解度、渗透性、稳定性或口服吸收的实验结果。"
"C67","N~5~-[N-(2-carboxyethyl)carbamimidoyl]-L-ornithine","ARG","ARG","manual-review","完整天然母体不是衍生物的直接子结构，可能涉及原子替换、断键、成环或立体化学边界","","","71.014","1","2","21.57","1.925","3","0",""
"C6D","N~5~-[N-(3-hydroxypropyl)carbamimidoyl]-L-ornithine","ARG","ARG","manual-review","完整天然母体不是衍生物的直接子结构，可能涉及原子替换、断键、成环或立体化学边界","","","57.035","1","2","4.5","1.833","3","0",""
"LYP","N~6~-METHYL-N~6~-PROPYL-L-LYSINE","LYS","LYS","manual-review","完整天然母体不是衍生物的直接子结构，可能涉及原子替换、断键、成环或立体化学边界","","","55.055","-1","1","-24.4","2.1","3","0",""
"9RI","N~6~-[(1R,2S,4S)-bicyclo[2.2.1]heptan-2-yl]-N~6~-methyl-L-lysine","LYS","LYS","manual-review","完整天然母体不是衍生物的直接子结构，可能涉及原子替换、断键、成环或立体化学边界","","","107.087","-1","1","-24.4","2.878","2","2",""
"A1BIE","N~6~-(2-methylprop-2-enoyl)-L-lysine","LYS","LYS","manual-review","完整天然母体不是衍生物的直接子结构，可能涉及原子替换、断键、成环或立体化学边界","","","67.019","0","1","1.46","1.45","2","0",""
"A1IL6","(2~{S},4~{S})-4-hexylsulfanylpyrrolidine-2-carboxylic acid","PRO","PRO","auto-structure-difference","天然母体完整保留；检测到新增6个C、1个S（S连接到C）","1","{""C"":6,""S"":1}","116.066","0","1","0","2.292","6","0","结构差异和分子描述符由RDKit计算，不是溶解度、渗透性、稳定性或口服吸收的实验结果。"
"C1J","N~5~-(N-octylcarbamimidoyl)-L-ornithine","ARG","ARG","manual-review","完整天然母体不是衍生物的直接子结构，可能涉及原子替换、断键、成环或立体化学边界","","","111.118","0","1","-15.73","4.811","7","0",""
"C4G","N~5~-[N-(3-aminopropyl)carbamimidoyl]-L-ornithine","ARG","ARG","manual-review","完整天然母体不是衍生物的直接子结构，可能涉及原子替换、断键、成环或立体化学边界","","","56.051","1","2","10.29","1.799","3","0",""
"ZT1","N~6~-[(1-methyl-1H-imidazol-5-yl)methyl]-N~6~-propan-2-yl-L-lysine","LYS","LYS","manual-review","完整天然母体不是衍生物的直接子结构，可能涉及原子替换、断键、成环或立体化学边界","","","135.093","-1","2","-6.58","2.402","4","1",""
"8AY","3-[6-(propan-2-yl)-1,3-benzothiazol-2-yl]-L-alanine","ALA","ALA","auto-structure-difference","天然母体完整保留；检测到新增10个C、1个N、1个S（C连接到C）","1","{""C"":10,""N"":1,""S"":1}","175.046","0","2","12.89","2.956","3","2","结构差异和分子描述符由RDKit计算，不是溶解度、渗透性、稳定性或口服吸收的实验结果。"
"A1AV8","N-(prop-2-en-1-yl)glycine","GLY","GLY","auto-structure-difference","天然母体完整保留；检测到新增3个C（C连接到N）","1","{""C"":3}","40.031","0","0","-13.99","0.817","3","0","结构差异和分子描述符由RDKit计算，不是溶解度、渗透性、稳定性或口服吸收的实验结果。"
"A1JJC","N-Phenylglycine","GLY","GLY","auto-structure-difference","天然母体完整保留；检测到新增6个C（C连接到N）","1","{""C"":6}","76.031","0","0","-13.99","2.153","2","1","结构差异和分子描述符由RDKit计算，不是溶解度、渗透性、稳定性或口服吸收的实验结果。"
"AVJ","N,N,N-trimethyl-histidine","HIS","HIS","manual-review","完整天然母体不是衍生物的直接子结构，可能涉及原子替换、断键、成环或立体化学边界","","","42.047","-1","0","-27.27","1.328","1","0",""
"FFL","5,5'-difluoroleucines","LEU","LEU","auto-structure-difference","天然母体完整保留；检测到新增2个F（F连接到C）","1","{""F"":2}","35.981","0","0","0","-0.101","2","0","结构差异和分子描述符由RDKit计算，不是溶解度、渗透性、稳定性或口服吸收的实验结果。"
"H1D","(2S)-2-AMINO-4-[(2R,3S)-2,3-DIHYDROXY-3-N-HYDROXYCARBAMOYL-PROPYLMERCAPTO]BUTYRIC ACID","MET","MET","auto-structure-difference","天然母体完整保留；检测到新增3个C、1个N、4个O（C连接到C）","1","{""C"":3,""N"":1,""O"":4}","119.022","4","4","89.79","-2.403","4","0","结构差异和分子描述符由RDKit计算，不是溶解度、渗透性、稳定性或口服吸收的实验结果。"
"HYI","(2S)-2-AMINO-4-[(2R,3R)-2,3-DIHYDROXY-3-N-HYDROXYCARBAMOYL-PROPYLMERCAPTO]BUTYRIC ACID","MET","MET","auto-structure-difference","天然母体完整保留；检测到新增3个C、1个N、4个O（C连接到C）","1","{""C"":3,""N"":1,""O"":4}","119.022","4","4","89.79","-2.403","4","0","结构差异和分子描述符由RDKit计算，不是溶解度、渗透性、稳定性或口服吸收的实验结果。"
"I3D","5,6-difluoro-tryptophan","TRP","TRP","auto-structure-difference","天然母体完整保留；检测到新增2个F（F连接到C）","1","{""F"":2}","35.981","0","0","0","0.278","0","0","结构差异和分子描述符由RDKit计算，不是溶解度、渗透性、稳定性或口服吸收的实验结果。"
"OO0","ALLIIN","CYS","CYS","auto-structure-difference","天然母体完整保留；检测到新增3个C、1个O（C连接到S；O连接到S）","1","{""C"":3,""O"":1}","56.026","-1","0","17.07","0.005","3","0","结构差异和分子描述符由RDKit计算，不是溶解度、渗透性、稳定性或口服吸收的实验结果。"
"SDB","(4S)-2-[(1S)-1-amino-2-hydroxyethyl]-3,4,5,6-tetrahydropyrimidine-4-carboxylic acid","SER","SER","manual-review","完整天然母体不是衍生物的直接子结构，可能涉及原子替换、断键、成环或立体化学边界","","","82.053","1","2","24.39","-0.24","1","1",""
"TFW","5,6,7-trifluoro-tryptophan","TRP","TRP","auto-structure-difference","天然母体完整保留；检测到新增3个F（F连接到C）","1","{""F"":3}","53.972","0","0","0","0.417","0","0","结构差异和分子描述符由RDKit计算，不是溶解度、渗透性、稳定性或口服吸收的实验结果。"